t,Hx,Hz,fin_deg,ry_deg
0.0000000,0.0000000,0.0000000,-23.1460260,0.0000000
0.0018750,0.0000000,0.0000000,-23.1460260,0.0000000
0.0037500,0.0000000,0.0000001,-23.1460258,0.0000002
0.0056250,0.0000000,0.0000003,-23.1460248,0.0000012
0.0075000,0.0000000,0.0000007,-23.1460226,0.0000034
0.0093750,0.0000000,0.0000014,-23.1460174,0.0000086
0.0112500,0.0000000,0.0000024,-23.1460088,0.0000172
0.0131250,0.0000000,0.0000037,-23.1459936,0.0000324
0.0150000,0.0000000,0.0000056,-23.1459719,0.0000541
0.0168750,0.0000000,0.0000079,-23.1459385,0.0000875
0.0187500,0.0000000,0.0000108,-23.1458944,0.0001316
0.0206250,0.0000000,0.0000144,-23.1458322,0.0001938
0.0225000,0.0000000,0.0000187,-23.1457542,0.0002718
0.0243750,0.0000000,0.0000237,-23.1456501,0.0003759
0.0262500,0.0000000,0.0000295,-23.1455243,0.0005017
0.0281250,0.0000000,0.0000363,-23.1453632,0.0006628
0.0300000,0.0000000,0.0000439,-23.1451733,0.0008527
0.0318750,0.0000000,0.0000526,-23.1449376,0.0010884
0.0337500,0.0000000,0.0000623,-23.1446653,0.0013607
0.0356250,0.0000000,0.0000731,-23.1443354,0.0016906
0.0375000,0.0000000,0.0000851,-23.1439600,0.0020660
0.0393750,0.0000000,0.0000983,-23.1435140,0.0025120
0.0412500,0.0000000,0.0001127,-23.1430129,0.0030131
0.0431250,0.0000000,0.0001285,-23.1424269,0.0035991
0.0450000,0.0000000,0.0001457,-23.1417753,0.0042507
0.0468750,0.0000000,0.0001643,-23.1410234,0.0050026
0.0487500,0.0000000,0.0001844,-23.1401946,0.0058314
0.0506250,0.0000000,0.0002061,-23.1392489,0.0067771
0.0525000,0.0000000,0.0002293,-23.1382142,0.0078118
0.0543750,0.0000000,0.0002541,-23.1370449,0.0089811
0.0562500,0.0000000,0.0002807,-23.1357736,0.0102524
0.0581250,0.0000000,0.0003089,-23.1343491,0.0116769
0.0600000,0.0000000,0.0003390,-23.1328089,0.0132171
0.0618750,0.0000000,0.0003709,-23.1310956,0.0149304
0.0637500,0.0000000,0.0004047,-23.1292524,0.0167736
0.0656250,0.0000000,0.0004403,-23.1272154,0.0188106
0.0675000,0.0000000,0.0004780,-23.1250332,0.0209928
0.0693750,0.0000000,0.0005176,-23.1226355,0.0233905
0.0712500,0.0000000,0.0005593,-23.1200770,0.0259490
0.0731250,0.0000000,0.0006030,-23.1172803,0.0287457
0.0750000,0.0000000,0.0006489,-23.1143063,0.0317197
0.0768750,0.0000000,0.0006970,-23.1110706,0.0349554
0.0787500,0.0000000,0.0007473,-23.1076406,0.0383854
0.0806250,0.0000000,0.0007998,-23.1039245,0.0421015
0.0825000,0.0000000,0.0008546,-23.0999966,0.0460294
0.0843750,0.0000000,0.0009117,-23.0957574,0.0502686
0.0862500,0.0000000,0.0009712,-23.0912881,0.0547379
0.0881250,0.0000000,0.0010330,-23.0864816,0.0595444
0.0900000,0.0000000,0.0010973,-23.0814263,0.0645997
0.0918750,0.0000000,0.0011640,-23.0760071,0.0700189
0.0937500,0.0000000,0.0012333,-23.0703199,0.0757061
0.0956250,0.0000000,0.0013050,-23.0642416,0.0817844
0.0975000,0.0000000,0.0013793,-23.0578754,0.0881506
0.0993750,0.0000000,0.0014561,-23.0510901,0.0949359
0.1012500,0.0000000,0.0015356,-23.0439968,0.1020292
0.1031250,0.0000000,0.0016176,-23.0364559,0.1095701
0.1050000,0.0000000,0.0017024,-23.0285863,0.1174397
0.1068750,0.0000000,0.0017898,-23.0202399,0.1257861
0.1087500,0.0000000,0.0018800,-23.0115439,0.1344821
0.1106250,0.0000000,0.0019728,-23.0023415,0.1436845
0.1125000,0.0000000,0.0020685,-22.9927680,0.1532580
0.1143750,0.0000000,0.0021668,-22.9826580,0.1633680
0.1162500,0.0000000,0.0022681,-22.9721552,0.1738708
0.1181250,0.0000000,0.0023720,-22.9610854,0.1849406
0.1200000,0.0000000,0.0024789,-22.9496007,0.1964253
0.1218750,0.0000000,0.0025885,-22.9375182,0.2085078
0.1237500,0.0000000,0.0027011,-22.9249983,0.2210277
0.1256250,0.0000000,0.0028165,-22.9118494,0.2341766
0.1275000,0.0000000,0.0029349,-22.8982404,0.2477856
0.1293750,0.0000000,0.0030560,-22.8839711,0.2620549
0.1312500,0.0000000,0.0031803,-22.8692187,0.2768073
0.1331250,0.0000000,0.0033073,-22.8537742,0.2922518
0.1350000,0.0000000,0.0034374,-22.8378235,0.3082025
0.1368750,0.0000000,0.0035703,-22.8211489,0.3248771
0.1387500,0.0000000,0.0037064,-22.8039447,0.3420813
0.1406250,0.0000000,0.0038452,-22.7859845,0.3600415
0.1425000,0.0000000,0.0039872,-22.7674712,0.3785548
0.1443750,0.0000000,0.0041320,-22.7481698,0.3978562
0.1462500,0.0000000,0.0042800,-22.7282917,0.4177343
0.1481250,0.0000000,0.0044307,-22.7075932,0.4384328
0.1500000,0.0000000,0.0045847,-22.6862942,0.4597318
0.1518750,0.0000000,0.0047414,-22.6641427,0.4818833
0.1537500,0.0000000,0.0049014,-22.6413669,0.5046591
0.1556250,0.0000000,0.0050641,-22.6177063,0.5283197
0.1575000,0.0000000,0.0052301,-22.5933974,0.5526286
0.1593750,0.0000000,0.0053988,-22.5681717,0.5778543
0.1612500,0.0000000,0.0055708,-22.5422739,0.6037521
0.1631250,0.0000000,0.0057455,-22.5154271,0.6305989
0.1650000,0.0000000,0.0059235,-22.4878843,0.6581417
0.1668750,0.0000000,0.0061040,-22.4593608,0.6866652
0.1687500,0.0000000,0.0062880,-22.4301173,0.7159087
0.1706250,0.0000000,0.0064745,-22.3998614,0.7461646
0.1725000,0.0000000,0.0066643,-22.3688617,0.7771643
0.1743750,0.0000000,0.0068567,-22.3368183,0.8092077
0.1762500,0.0000000,0.0070525,-22.3040072,0.8420188
0.1781250,0.0000000,0.0072507,-22.2701214,0.8759046
0.1800000,0.0000000,0.0074522,-22.2354441,0.9105819
0.1818750,0.0000000,0.0076563,-22.1996614,0.9463646
0.1837500,0.0000000,0.0078636,-22.1630636,0.9829624
0.1856250,0.0000000,0.0080733,-22.1253302,1.0206958
0.1875000,0.0000000,0.0082864,-22.0867582,1.0592678
0.1893750,0.0000000,0.0085018,-22.0470206,1.0990054
0.1912500,0.0000000,0.0087205,-22.0064212,1.1396048
0.1931250,0.0000000,0.0089415,-21.9646267,1.1813993
0.1950000,0.0000000,0.0091658,-21.9219473,1.2240787
0.1968750,0.0000000,0.0093922,-21.8780440,1.2679820
0.1987500,0.0000000,0.0096220,-21.8332329,1.3127931
0.2006250,0.0000000,0.0098539,-21.7871695,1.3588565
0.2025000,0.0000000,0.0100890,-21.7401758,1.4058502
0.2043750,0.0000000,0.0103262,-21.6919019,1.4541241
0.2062500,0.0000000,0.0105667,-21.6426753,1.5033507
0.2081250,0.0000000,0.0108091,-21.5921415,1.5538845
0.2100000,0.0000000,0.0110547,-21.5406329,1.6053931
0.2118750,0.0000000,0.0113022,-21.4877906,1.6582354
0.2137500,0.0000000,0.0115529,-21.4339518,1.7120742
0.2156250,0.0000000,0.0118054,-21.3787535,1.7672725
0.2175000,0.0000000,0.0120610,-21.3225374,1.8234886
0.2193750,0.0000000,0.0123184,-21.2649367,1.8810893
0.2212500,0.0000000,0.0125788,-21.2062972,1.9397288
0.2231250,0.0000000,0.0128409,-21.1462489,1.9997771
0.2250000,0.0000000,0.0131061,-21.0851412,2.0608848
0.2268750,0.0000000,0.0133727,-21.0226013,2.1234247
0.2287500,0.0000000,0.0136424,-20.9589817,2.1870443
0.2306250,0.0000000,0.0139135,-20.8939074,2.2521186
0.2325000,0.0000000,0.0141876,-20.8277336,2.3182924
0.2343750,0.0000000,0.0144630,-20.7600835,2.3859425
0.2362500,0.0000000,0.0147413,-20.6913145,2.4547115
0.2381250,0.0000000,0.0150208,-20.6210485,2.5249775
0.2400000,0.0000000,0.0153033,-20.5496448,2.5963812
0.2418750,0.0000000,0.0155867,-20.4767243,2.6693017
0.2437500,0.0000000,0.0158731,-20.4026477,2.7433783
0.2456250,0.0000000,0.0161604,-20.3270356,2.8189904
0.2475000,0.0000000,0.0164505,-20.2502495,2.8957765
0.2493750,0.0000000,0.0167414,-20.1719103,2.9741157
0.2512500,0.0000000,0.0170350,-20.0923798,3.0536462
0.2531250,0.0000000,0.0173293,-20.0112795,3.1347465
0.2550000,0.0000000,0.0176264,-19.9289710,3.2170550
0.2568750,0.0000000,0.0179240,-19.8450773,3.3009487
0.2587500,0.0000000,0.0182242,-19.7599591,3.3860669
0.2606250,0.0000000,0.0185248,-19.6732414,3.4727846
0.2625000,0.0000000,0.0188281,-19.5852836,3.5607424
0.2643750,0.0000000,0.0191316,-19.4957129,3.6503131
0.2662500,0.0000000,0.0194376,-19.4048872,3.7411388
0.2681250,0.0000000,0.0197438,-19.3124365,3.8335895
0.2700000,0.0000000,0.0200524,-19.2187164,3.9273096
0.2718750,0.0000000,0.0203610,-19.1233606,4.0226654
0.2737500,0.0000000,0.0206720,-19.0267215,4.1193045
0.2756250,0.0000000,0.0209829,-18.9284372,4.2175888
0.2775000,0.0000000,0.0212961,-18.8288564,4.3171696
0.2793750,0.0000000,0.0216090,-18.7276221,4.4184039
0.2812500,0.0000000,0.0219241,-18.6250789,4.5209471
0.2831250,0.0000000,0.0222388,-18.5208752,4.6251508
0.2850000,0.0000000,0.0225556,-18.4153508,4.7306752
0.2868750,0.0000000,0.0228719,-18.3081602,4.8378658
0.2887500,0.0000000,0.0231902,-18.1996379,4.9463881
0.2906250,0.0000000,0.0235078,-18.0894450,5.0565810
0.2925000,0.0000000,0.0238275,-17.9779101,5.1681159
0.2943750,0.0000000,0.0241462,-17.8647016,5.2813244
0.2962500,0.0000000,0.0244668,-17.7501415,5.3958845
0.2981250,0.0000000,0.0247864,-17.6339062,5.5121198
0.3000000,0.0000000,0.0251079,-17.5163103,5.6297157
0.3018750,0.0000000,0.0254281,-17.3970391,5.7489869
0.3037500,0.0000000,0.0257501,-17.2763992,5.8696268
0.3056250,0.0000000,0.0260707,-17.1540852,5.9919408
0.3075000,0.0000000,0.0263930,-17.0303951,6.1156309
0.3093750,0.0000000,0.0267138,-16.9050337,6.2409923
0.3112500,0.0000000,0.0270362,-16.7782895,6.3677365
0.3131250,0.0000000,0.0273568,-16.6498782,6.4961478
0.3150000,0.0000000,0.0276790,-16.5200783,6.6259477
0.3168750,0.0000000,0.0279993,-16.3886168,6.7574092
0.3187500,0.0000000,0.0283210,-16.2557619,6.8902641
0.3206250,0.0000000,0.0286407,-16.1212524,7.0247736
0.3225000,0.0000000,0.0289618,-15.9853452,7.1606808
0.3243750,0.0000000,0.0292806,-15.8477921,7.2982339
0.3262500,0.0000000,0.0296006,-15.7088379,7.4371881
0.3281250,0.0000000,0.0299183,-15.5682479,7.5777781
0.3300000,0.0000000,0.0302371,-15.4262543,7.7197717
0.3318750,0.0000000,0.0305534,-15.2826366,7.8633894
0.3337500,0.0000000,0.0308708,-15.1376135,8.0084125
0.3356250,0.0000000,0.0311854,-14.9909794,8.1550466
0.3375000,0.0000000,0.0315011,-14.8429390,8.3030870
0.3393750,0.0000000,0.0318138,-14.6933024,8.4527236
0.3412500,0.0000000,0.0321274,-14.5422596,8.6037664
0.3431250,0.0000000,0.0324380,-14.3896367,8.7563893
0.3450000,0.0000000,0.0327493,-14.2356084,8.9104176
0.3468750,0.0000000,0.0330574,-14.0800178,9.0660082
0.3487500,0.0000000,0.0333662,-13.9230235,9.2230025
0.3506250,0.0000000,0.0336716,-13.7644865,9.3815395
0.3525000,0.0000000,0.0339776,-13.6045482,9.5414778
0.3543750,0.0000000,0.0342800,-13.4430880,9.7029380
0.3562500,0.0000000,0.0345829,-13.2802300,9.8657960
0.3581250,0.0000000,0.0348821,-13.1158726,10.0301534
0.3600000,0.0000000,0.0351816,-12.9501217,10.1959043
0.3618750,0.0000000,0.0354773,-12.7828955,10.3631305
0.3637500,0.0000000,0.0357732,-12.6142809,10.5317451
0.3656250,0.0000000,0.0360651,-12.4442167,10.7018093
0.3675000,0.0000000,0.0363572,-12.2727701,10.8732559
0.3693750,0.0000000,0.0366450,-12.0999012,11.0461248
0.3712500,0.0000000,0.0369329,-11.9256568,11.2203692
0.3731250,0.0000000,0.0372164,-11.7500187,11.3960073
0.3750000,0.0000000,0.0375000,-11.5730130,11.5730130
0.3768750,0.0000000,0.0377789,-11.3946440,11.7513820
0.3787500,0.0000000,0.0380578,-11.2149160,11.9311100
0.3806250,0.0000000,0.0383319,-11.0338565,12.1121695
0.3825000,0.0000000,0.0386058,-10.8514477,12.2945783
0.3843750,0.0000000,0.0388748,-10.6677409,12.4782851
0.3862500,0.0000000,0.0391435,-10.4826951,12.6633309
0.3881250,0.0000000,0.0394071,-10.2963862,12.8496398
0.3900000,0.0000000,0.0396704,-10.1087498,13.0372762
0.3918750,0.0000000,0.0399283,-9.9198868,13.2261392
0.3937500,0.0000000,0.0401859,-9.7297083,13.4163177
0.3956250,0.0000000,0.0404380,-9.5383414,13.6076846
0.3975000,0.0000000,0.0406895,-9.3456721,13.8003539
0.3993750,0.0000000,0.0409355,-9.1518538,13.9941722
0.4012500,0.0000000,0.0411809,-8.9567472,14.1892788
0.4031250,0.0000000,0.0414204,-8.7605325,14.3854935
0.4050000,0.0000000,0.0416593,-8.5630443,14.5829817
0.4068750,0.0000000,0.0418922,-8.3644907,14.7815353
0.4087500,0.0000000,0.0421244,-8.1646792,14.9813468
0.4106250,0.0000000,0.0423504,-7.9638462,15.1821798
0.4125000,0.0000000,0.0425755,-7.7617720,15.3842540
0.4143750,0.0000000,0.0427945,-7.5587217,15.5873043
0.4162500,0.0000000,0.0430124,-7.3544474,15.7915786
0.4181250,0.0000000,0.0432239,-7.1492441,15.9967819
0.4200000,0.0000000,0.0434344,-6.9428350,16.2031910
0.4218750,0.0000000,0.0436383,-6.7355452,16.4104808
0.4237500,0.0000000,0.0438411,-6.5270687,16.6189573
0.4256250,0.0000000,0.0440372,-6.3177612,16.8282648
0.4275000,0.0000000,0.0442320,-6.1072870,17.0387390
0.4293750,0.0000000,0.0444200,-5.8960327,17.2499933
0.4312500,0.0000000,0.0446067,-5.6836324,17.4623936
0.4331250,0.0000000,0.0447864,-5.4705047,17.6755213
0.4350000,0.0000000,0.0449647,-5.2562525,17.8897735
0.4368750,0.0000000,0.0451359,-5.0413266,18.1046994
0.4387500,0.0000000,0.0453056,-4.8252986,18.3207274
0.4406250,0.0000000,0.0454681,-4.6086520,18.5373740
0.4425000,0.0000000,0.0456290,-4.3909265,18.7550995
0.4443750,0.0000000,0.0457825,-4.1726387,18.9733873
0.4462500,0.0000000,0.0459344,-3.9532960,19.1927300
0.4481250,0.0000000,0.0460787,-3.7334487,19.4125773
0.4500000,0.0000000,0.0462213,-3.5125712,19.6334548
0.4518750,0.0000000,0.0463564,-3.2912479,19.8547781
0.4537500,0.0000000,0.0464896,-3.0689199,20.0771061
0.4556250,0.0000000,0.0466151,-2.8462063,20.2998197
0.4575000,0.0000000,0.0467386,-2.6225143,20.5235117
0.4593750,0.0000000,0.0468544,-2.3984978,20.7475282
0.4612500,0.0000000,0.0469681,-2.1735299,20.9724961
0.4631250,0.0000000,0.0470739,-1.9483000,21.1977260
0.4650000,0.0000000,0.0471776,-1.7221463,21.4238797
0.4668750,0.0000000,0.0472733,-1.4957942,21.6502318
0.4687500,0.0000000,0.0473669,-1.2685468,21.8774792
0.4706250,0.0000000,0.0474523,-1.0411656,22.1048604
0.4725000,0.0000000,0.0475355,-0.8129182,22.3331078
0.4743750,0.0000000,0.0476105,-0.5846026,22.5614234
0.4762500,0.0000000,0.0476832,-0.3554506,22.7905754
0.4781250,0.0000000,0.0477476,-0.1262971,23.0197289
0.4800000,0.0000000,0.0478096,0.1036622,23.2496882
0.4818750,0.0000000,0.0478633,0.3335554,23.4795814
0.4837500,0.0000000,0.0479145,0.5642234,23.7102494
0.4856250,0.0000000,0.0479572,0.7947566,23.9407826
0.4875000,0.0000000,0.0479974,1.0260327,24.1720587
0.4893750,0.0000000,0.0480291,1.2571045,24.4031305
0.4912500,0.0000000,0.0480582,1.4888869,24.6349129
0.4931250,0.0000000,0.0480787,1.7203947,24.8664207
0.4950000,0.0000000,0.0480966,1.9525801,25.0986061
0.4968750,0.0000000,0.0481059,2.1844195,25.3304455
0.4987500,0.0000000,0.0481124,2.4169029,25.5629289
0.5006250,0.0000000,0.0481102,2.6489685,25.7949945
0.5025000,0.0000000,0.0481052,2.8816438,26.0276698
0.5043750,0.0000000,0.0480915,3.1138286,26.2598546
0.5062500,0.0000000,0.0480749,3.3465884,26.4926144
0.5081250,0.0000000,0.0480496,3.5787841,26.7248101
0.5100000,0.0000000,0.0480213,3.8115197,26.9575457
0.5118750,0.0000000,0.0479843,4.0436170,27.1896430
0.5137500,0.0000000,0.0479443,4.2762185,27.4222445
0.5156250,0.0000000,0.0478953,4.5081070,27.6541330
0.5175000,0.0000000,0.0478434,4.7404633,27.8864893
0.5193750,0.0000000,0.0477826,4.9720313,28.1180573
0.5212500,0.0000000,0.0477188,5.2040305,28.3500565
0.5231250,0.0000000,0.0476460,5.4351654,28.5811914
0.5250000,0.0000000,0.0475702,5.6666943,28.8127203
0.5268750,0.0000000,0.0474854,5.8972825,29.0433085
0.5287500,0.0000000,0.0473975,6.1282272,29.2742532
0.5306250,0.0000000,0.0473006,6.3581545,29.5041805
0.5325000,0.0000000,0.0472006,6.5884002,29.7344262
0.5343750,0.0000000,0.0470916,6.8175512,29.9635772
0.5362500,0.0000000,0.0469794,7.0469822,30.1930082
0.5381250,0.0000000,0.0468582,7.2752409,30.4212669
0.5400000,0.0000000,0.0467338,7.5037409,30.6497669
0.5418750,0.0000000,0.0466004,7.7309908,30.8770168
0.5437500,0.0000000,0.0464637,7.9584428,31.1044688
0.5456250,0.0000000,0.0463181,8.1845665,31.3305925
0.5475000,0.0000000,0.0461693,8.4108530,31.5568790
0.5493750,0.0000000,0.0460114,8.6357327,31.7817587
0.5512500,0.0000000,0.0458503,8.8607356,32.0067616
0.5531250,0.0000000,0.0456802,9.0842531,32.2302791
0.5550000,0.0000000,0.0455068,9.3078538,32.4538798
0.5568750,0.0000000,0.0453246,9.5298906,32.6759166
0.5587500,0.0000000,0.0451390,9.7519703,32.8979963
0.5606250,0.0000000,0.0449445,9.9724072,33.1184332
0.5625000,0.0000000,0.0447466,10.1928466,33.3388726
0.5643750,0.0000000,0.0445399,10.4115646,33.5575906
0.5662500,0.0000000,0.0443299,10.6302445,33.7762705
0.5681250,0.0000000,0.0441110,10.8471241,33.9931501
0.5700000,0.0000000,0.0438888,11.0639248,34.2099508
0.5718750,0.0000000,0.0436578,11.2788466,34.4248726
0.5737500,0.0000000,0.0434234,11.4936485,34.6396745
0.5756250,0.0000000,0.0431804,11.7064931,34.8525191
0.5775000,0.0000000,0.0429341,11.9191767,35.0652027
0.5793750,0.0000000,0.0426790,12.1298246,35.2758506
0.5812500,0.0000000,0.0424206,12.3402703,35.4862963
0.5831250,0.0000000,0.0421537,12.5486023,35.6946283
0.5850000,0.0000000,0.0418833,12.7566908,35.9027168
0.5868750,0.0000000,0.0416045,12.9625877,36.1086137
0.5887500,0.0000000,0.0413224,13.1681999,36.3142259
0.5906250,0.0000000,0.0410318,13.3715429,36.5175689
0.5925000,0.0000000,0.0407379,13.5745600,36.7205860
0.5943750,0.0000000,0.0404356,13.7752308,36.9212568
0.5962500,0.0000000,0.0401301,13.9755342,37.1215602
0.5981250,0.0000000,0.0398163,14.1734148,37.3194408
0.6000000,0.0000000,0.0394992,14.3708867,37.5169127
0.6018750,0.0000000,0.0391739,14.5658596,37.7118856
0.6037500,0.0000000,0.0388454,14.7603826,37.9064086
0.6056250,0.0000000,0.0385089,14.9523310,38.0983570
0.6075000,0.0000000,0.0381691,15.1437884,38.2898144
0.6093750,0.0000000,0.0378213,15.3325960,38.4786220
0.6112500,0.0000000,0.0374703,15.5208716,38.6668976
0.6131250,0.0000000,0.0371115,15.7064230,38.8524490
0.6150000,0.0000000,0.0367496,15.8914016,39.0374276
0.6168750,0.0000000,0.0363799,16.0735822,39.2196082
0.6187500,0.0000000,0.0360071,16.2551494,39.4011754
0.6206250,0.0000000,0.0356267,16.4338455,39.5798715
0.6225000,0.0000000,0.0352432,16.6118877,39.7579137
0.6243750,0.0000000,0.0348523,16.7869867,39.9330127
0.6262500,0.0000000,0.0344583,16.9613914,40.1074174
0.6281250,0.0000000,0.0340569,17.1327816,40.2788076
0.6300000,0.0000000,0.0336526,17.3034374,40.4494634
0.6318750,0.0000000,0.0332411,17.4710083,40.6170343
0.6337500,0.0000000,0.0328266,17.6378050,40.7838310
0.6356250,0.0000000,0.0324052,17.8014474,40.9474734
0.6375000,0.0000000,0.0319808,17.9642761,41.1103021
0.6393750,0.0000000,0.0315495,18.1238818,41.2699078
0.6412500,0.0000000,0.0311154,18.2826347,41.4286607
0.6431250,0.0000000,0.0306746,18.4380973,41.5841233
0.6450000,0.0000000,0.0302310,18.5926683,41.7386943
0.6468750,0.0000000,0.0297809,18.7438825,41.8899085
0.6487500,0.0000000,0.0293280,18.8941667,42.0401927
0.6506250,0.0000000,0.0288688,19.0410290,42.1870550
0.6525000,0.0000000,0.0284068,19.1869232,42.3329492
0.6543750,0.0000000,0.0279387,19.3293314,42.4753574
0.6562500,0.0000000,0.0274680,19.4707341,42.6167601
0.6581250,0.0000000,0.0269913,19.6085879,42.7546139
0.6600000,0.0000000,0.0265120,19.7453991,42.8914251
0.6618750,0.0000000,0.0260270,19.8785999,43.0246259
0.6637500,0.0000000,0.0255394,20.0107214,43.1567474
0.6656250,0.0000000,0.0250463,20.1391724,43.2851984
0.6675000,0.0000000,0.0245507,20.2665081,43.4125341
0.6693750,0.0000000,0.0240498,20.3901143,43.5361403
0.6712500,0.0000000,0.0235465,20.5125697,43.6585957
0.6731250,0.0000000,0.0230381,20.6312383,43.7772643
0.6750000,0.0000000,0.0225274,20.7487211,43.8947471
0.6768750,0.0000000,0.0220116,20.8623611,44.0083871
0.6787500,0.0000000,0.0214937,20.9747810,44.1208070
0.6806250,0.0000000,0.0209711,21.0833036,44.2293296
0.6825000,0.0000000,0.0204463,21.1905723,44.3365983
0.6843750,0.0000000,0.0199171,21.2938910,44.4399170
0.6862500,0.0000000,0.0193858,21.3959227,44.5419487
0.6881250,0.0000000,0.0188502,21.4939530,44.6399790
0.6900000,0.0000000,0.0183127,21.5906638,44.7366898
0.6918750,0.0000000,0.0177711,21.6833237,44.8293497
0.6937500,0.0000000,0.0172277,21.7746324,44.9206584
0.6956250,0.0000000,0.0166804,21.8618422,45.0078682
0.6975000,0.0000000,0.0161314,21.9476697,45.0936957
0.6993750,0.0000000,0.0155788,22.0293522,45.1753782
0.7012500,0.0000000,0.0150246,22.1096221,45.2556481
0.7031250,0.0000000,0.0144670,22.1857025,45.3317285
0.7050000,0.0000000,0.0139079,22.2603409,45.4063669
0.7068750,0.0000000,0.0133456,22.3307470,45.4767730
0.7087500,0.0000000,0.0127820,22.3996825,45.5457085
0.7106250,0.0000000,0.0122154,22.4643449,45.6103709
0.7125000,0.0000000,0.0116475,22.5275086,45.6735346
0.7143750,0.0000000,0.0110770,22.5863604,45.7323864
0.7162500,0.0000000,0.0105053,22.6436865,45.7897125
0.7181250,0.0000000,0.0099312,22.6966636,45.8426896
0.7200000,0.0000000,0.0093561,22.7480889,45.8941149
0.7218750,0.0000000,0.0087788,22.7951300,45.9411560
0.7237500,0.0000000,0.0082006,22.8405941,45.9866201
0.7256250,0.0000000,0.0076204,22.8816408,46.0276668
0.7275000,0.0000000,0.0070394,22.9210861,46.0671121
0.7293750,0.0000000,0.0064568,22.9560830,46.1021090
0.7312500,0.0000000,0.0058736,22.9894551,46.1354811
0.7331250,0.0000000,0.0052889,23.0183496,46.1643756
0.7350000,0.0000000,0.0047037,23.0455969,46.1916229
0.7368750,0.0000000,0.0041174,23.0683396,46.2143656
0.7387500,0.0000000,0.0035306,23.0894135,46.2354395
0.7406250,0.0000000,0.0029430,23.1059580,46.2519840
0.7425000,0.0000000,0.0023551,23.1208132,46.2668392
0.7443750,0.0000000,0.0017666,23.1311161,46.2771421
0.7462500,0.0000000,0.0011779,23.1397104,46.2857364
0.7481250,0.0000000,0.0005890,23.1437317,46.2897577
0.7500000,0.0000000,0.0000000,23.1460260,46.2920520
0.7518750,0.0000000,-0.0005890,23.1445983,46.2906243
0.7537500,0.0000000,-0.0011780,23.1431705,46.2891965
0.7556250,0.0000000,-0.0017669,23.1388877,46.2849137
0.7575000,0.0000000,-0.0023558,23.1346048,46.2806308
0.7593750,0.0000000,-0.0029444,23.1274679,46.2734939
0.7612500,0.0000000,-0.0035330,23.1203310,46.2663570
0.7631250,0.0000000,-0.0041211,23.1103418,46.2563678
0.7650000,0.0000000,-0.0047093,23.1003526,46.2463786
0.7668750,0.0000000,-0.0052968,23.0875136,46.2335396
0.7687500,0.0000000,-0.0058844,23.0746745,46.2207005
0.7706250,0.0000000,-0.0064712,23.0589888,46.2050148
0.7725000,0.0000000,-0.0070581,23.0433031,46.1893291
0.7743750,0.0000000,-0.0076441,23.0247746,46.1708006
0.7762500,0.0000000,-0.0082301,23.0062461,46.1522721
0.7781250,0.0000000,-0.0088150,22.9848794,46.1309054
0.7800000,0.0000000,-0.0094000,22.9635127,46.1095387
0.7818750,0.0000000,-0.0099838,22.9393130,46.0853390
0.7837500,0.0000000,-0.0105676,22.9151133,46.0611393
0.7856250,0.0000000,-0.0111501,22.8880866,46.0341126
0.7875000,0.0000000,-0.0117326,22.8610600,46.0070860
0.7893750,0.0000000,-0.0123136,22.8312130,45.9772390
0.7912500,0.0000000,-0.0128947,22.8013661,45.9473921
0.7931250,0.0000000,-0.0134741,22.7687061,45.9147321
0.7950000,0.0000000,-0.0140536,22.7360462,45.8820722
0.7968750,0.0000000,-0.0146313,22.7005814,45.8466074
0.7987500,0.0000000,-0.0152090,22.6651166,45.8111426
0.8006250,0.0000000,-0.0157848,22.6268557,45.7728817
0.8025000,0.0000000,-0.0163607,22.5885947,45.7346207
0.8043750,0.0000000,-0.0169345,22.5475470,45.6935730
0.8062500,0.0000000,-0.0175084,22.5064994,45.6525254
0.8081250,0.0000000,-0.0180800,22.4626752,45.6087012
0.8100000,0.0000000,-0.0186517,22.4188510,45.5648770
0.8118750,0.0000000,-0.0192211,22.3722610,45.5182870
0.8137500,0.0000000,-0.0197905,22.3256711,45.4716971
0.8156250,0.0000000,-0.0203574,22.2763269,45.4223529
0.8175000,0.0000000,-0.0209243,22.2269826,45.3730086
0.8193750,0.0000000,-0.0214886,22.1748963,45.3209223
0.8212500,0.0000000,-0.0220530,22.1228100,45.2688360
0.8231250,0.0000000,-0.0226147,22.0679944,45.2140204
0.8250000,0.0000000,-0.0231763,22.0131788,45.1592048
0.8268750,0.0000000,-0.0237350,21.9556476,45.1016736
0.8287500,0.0000000,-0.0242938,21.8981163,45.0441423
0.8306250,0.0000000,-0.0248495,21.8378835,44.9839095
0.8325000,0.0000000,-0.0254053,21.7776507,44.9236767
0.8343750,0.0000000,-0.0259579,21.7147313,44.8607573
0.8362500,0.0000000,-0.0265106,21.6518118,44.7978378
0.8381250,0.0000000,-0.0270599,21.5862213,44.7322473
0.8400000,0.0000000,-0.0276093,21.5206307,44.6666567
0.8418750,0.0000000,-0.0281553,21.4523852,44.5984112
0.8437500,0.0000000,-0.0287013,21.3841397,44.5301657
0.8456250,0.0000000,-0.0292437,21.3132560,44.4592820
0.8475000,0.0000000,-0.0297861,21.2423724,44.3883984
0.8493750,0.0000000,-0.0303249,21.1688682,44.3148942
0.8512500,0.0000000,-0.0308636,21.0953639,44.2413899
0.8531250,0.0000000,-0.0313985,21.0192572,44.1652832
0.8550000,0.0000000,-0.0319334,20.9431505,44.0891765
0.8568750,0.0000000,-0.0324644,20.8644600,44.0104860
0.8587500,0.0000000,-0.0329954,20.7857696,43.9317956
0.8606250,0.0000000,-0.0335223,20.7045149,43.8505409
0.8625000,0.0000000,-0.0340493,20.6232602,43.7692862
0.8643750,0.0000000,-0.0345720,20.5394612,43.6854872
0.8662500,0.0000000,-0.0350947,20.4556622,43.6016882
0.8681250,0.0000000,-0.0356131,20.3693397,43.5153657
0.8700000,0.0000000,-0.0361315,20.2830172,43.4290432
0.8718750,0.0000000,-0.0366454,20.1941924,43.3402184
0.8737500,0.0000000,-0.0371594,20.1053676,43.2513936
0.8756250,0.0000000,-0.0376688,20.0140625,43.1600885
0.8775000,0.0000000,-0.0381781,19.9227573,43.0687833
0.8793750,0.0000000,-0.0386828,19.8289943,42.9750203
0.8812500,0.0000000,-0.0391874,19.7352314,42.8812574
0.8831250,0.0000000,-0.0396872,19.6390338,42.7850598
0.8850000,0.0000000,-0.0401870,19.5428361,42.6888621
0.8868750,0.0000000,-0.0406818,19.4442275,42.5902535
0.8887500,0.0000000,-0.0411767,19.3456189,42.4916449
0.8906250,0.0000000,-0.0416665,19.2446237,42.3906497
0.8925000,0.0000000,-0.0421563,19.1436285,42.2896545
0.8943750,0.0000000,-0.0426408,19.0402716,42.1862976
0.8962500,0.0000000,-0.0431254,18.9369146,42.0829406
0.8981250,0.0000000,-0.0436046,18.8312215,41.9772475
0.9000000,0.0000000,-0.0440839,18.7255284,41.8715544
0.9018750,0.0000000,-0.0445577,18.6175251,41.7635511
0.9037500,0.0000000,-0.0450315,18.5095219,41.6555479
0.9056250,0.0000000,-0.0454998,18.3992352,41.5452612
0.9075000,0.0000000,-0.0459680,18.2889485,41.4349745
0.9093750,0.0000000,-0.0464306,18.1764055,41.3224315
0.9112500,0.0000000,-0.0468932,18.0638625,41.2098885
0.9131250,0.0000000,-0.0473500,17.9490910,41.0951170
0.9150000,0.0000000,-0.0478068,17.8343195,40.9803455
0.9168750,0.0000000,-0.0482577,17.7173479,40.8633739
0.9187500,0.0000000,-0.0487086,17.6003762,40.7464022
0.9206250,0.0000000,-0.0491535,17.4812333,40.6272593
0.9225000,0.0000000,-0.0495984,17.3620903,40.5081163
0.9243750,0.0000000,-0.0500371,17.2408054,40.3868314
0.9262500,0.0000000,-0.0504759,17.1195205,40.2655465
0.9281250,0.0000000,-0.0509084,16.9961237,40.1421497
0.9300000,0.0000000,-0.0513410,16.8727268,40.0187528
0.9318750,0.0000000,-0.0517673,16.7472484,39.8932744
0.9337500,0.0000000,-0.0521935,16.6217700,39.7677960
0.9356250,0.0000000,-0.0526132,16.4942410,39.6402670
0.9375000,0.0000000,-0.0530330,16.3667119,39.5127379
0.9393750,0.0000000,-0.0534462,16.2371638,39.3831898
0.9412500,0.0000000,-0.0538595,16.1076157,39.2536417
0.9431250,0.0000000,-0.0542660,15.9760804,39.1221064
0.9450000,0.0000000,-0.0546726,15.8445451,38.9905711
0.9468750,0.0000000,-0.0550724,15.7110551,38.8570811
0.9487500,0.0000000,-0.0554723,15.5775651,38.7235911
0.9506250,0.0000000,-0.0558653,15.4421534,38.5881794
0.9525000,0.0000000,-0.0562583,15.3067416,38.4527676
0.9543750,0.0000000,-0.0566443,15.1694415,38.3154675
0.9562500,0.0000000,-0.0570304,15.0321414,38.1781674
0.9581250,0.0000000,-0.0574095,14.8929868,38.0390128
0.9600000,0.0000000,-0.0577885,14.7538322,37.8998582
0.9618750,0.0000000,-0.0581604,14.6128575,37.7588835
0.9637500,0.0000000,-0.0585323,14.4718828,37.6179088
0.9656250,0.0000000,-0.0588969,14.3291227,37.4751487
0.9675000,0.0000000,-0.0592616,14.1863626,37.3323886
0.9693750,0.0000000,-0.0596190,14.0418523,37.1878783
0.9712500,0.0000000,-0.0599763,13.8973421,37.0433681
0.9731250,0.0000000,-0.0603263,13.7511174,36.8971434
0.9750000,0.0000000,-0.0606763,13.6048927,36.7509187
0.9768750,0.0000000,-0.0610187,13.4569896,36.6030156
0.9787500,0.0000000,-0.0613612,13.3090865,36.4551125
0.9806250,0.0000000,-0.0616961,13.1595415,36.3055675
0.9825000,0.0000000,-0.0620310,13.0099965,36.1560225
0.9843750,0.0000000,-0.0623583,12.8588465,36.0048725
0.9862500,0.0000000,-0.0626856,12.7076964,35.8537224
0.9881250,0.0000000,-0.0630051,12.5549787,35.7010047
0.9900000,0.0000000,-0.0633246,12.4022609,35.5482869
0.9918750,0.0000000,-0.0636363,12.2480132,35.3940392
0.9937500,0.0000000,-0.0639480,12.0937654,35.2397914
0.9956250,0.0000000,-0.0642518,11.9380256,35.0840516
0.9975000,0.0000000,-0.0645557,11.7822858,34.9283118
0.9993750,0.0000000,-0.0648515,11.6250925,34.7711185
1.0012500,0.0000000,-0.0651474,11.4678992,34.6139252
1.0031250,0.0000000,-0.0654352,11.3092911,34.4553171
1.0050000,0.0000000,-0.0657230,11.1506831,34.2967091
1.0068750,0.0000000,-0.0660027,10.9906993,34.1367253
1.0087500,0.0000000,-0.0662824,10.8307156,33.9767416
1.0106250,0.0000000,-0.0665539,10.6693958,33.8154218
1.0125000,0.0000000,-0.0668255,10.5080759,33.6541019
1.0143750,0.0000000,-0.0670888,10.3454597,33.4914857
1.0162500,0.0000000,-0.0673521,10.1828435,33.3288695
1.0181250,0.0000000,-0.0676070,10.0189710,33.1649970
1.0200000,0.0000000,-0.0678620,9.8550985,33.0011245
1.0218750,0.0000000,-0.0681086,9.6900103,32.8360363
1.0237500,0.0000000,-0.0683552,9.5249220,32.6709480
1.0256250,0.0000000,-0.0685934,9.3586587,32.5046847
1.0275000,0.0000000,-0.0688316,9.1923954,32.3384214
1.0293750,0.0000000,-0.0690613,9.0249981,32.1710241
1.0312500,0.0000000,-0.0692910,8.8576007,32.0036267
1.0331250,0.0000000,-0.0695121,8.6891106,31.8351366
1.0350000,0.0000000,-0.0697332,8.5206205,31.6666465
1.0368750,0.0000000,-0.0699458,8.3510792,31.4971052
1.0387500,0.0000000,-0.0701583,8.1815379,31.3275639
1.0406250,0.0000000,-0.0703622,8.0109873,31.1570133
1.0425000,0.0000000,-0.0705661,7.8404367,30.9864627
1.0443750,0.0000000,-0.0707613,7.6689188,30.8149448
1.0462500,0.0000000,-0.0709564,7.4974010,30.6434270
1.0481250,0.0000000,-0.0711428,7.3249582,30.4709842
1.0500000,0.0000000,-0.0713292,7.1525154,30.2985414
1.0518750,0.0000000,-0.0715068,6.9791902,30.1252162
1.0537500,0.0000000,-0.0716845,6.8058650,29.9518910
1.0556250,0.0000000,-0.0718533,6.6317002,29.7777262
1.0575000,0.0000000,-0.0720220,6.4575354,29.6035614
1.0593750,0.0000000,-0.0721819,6.2825740,29.4286000
1.0612500,0.0000000,-0.0723418,6.1076125,29.2536385
1.0631250,0.0000000,-0.0724927,5.9318976,29.0779236
1.0650000,0.0000000,-0.0726437,5.7561826,28.9022086
1.0668750,0.0000000,-0.0727857,5.5797576,28.7257835
1.0687500,0.0000000,-0.0729277,5.4033325,28.5493585
1.0706250,0.0000000,-0.0730607,5.2262408,28.3722668
1.0725000,0.0000000,-0.0731938,5.0491491,28.1951751
1.0743750,0.0000000,-0.0733177,4.8714346,28.0174606
1.0762500,0.0000000,-0.0734417,4.6937200,27.8397460
1.0781250,0.0000000,-0.0735566,4.5154264,27.6614524
1.0800000,0.0000000,-0.0736715,4.3371328,27.4831588
1.0818750,0.0000000,-0.0737773,4.1583041,27.3043301
1.0837500,0.0000000,-0.0738832,3.9794754,27.1255014
1.0856250,0.0000000,-0.0739799,3.8001558,26.9461818
1.0875000,0.0000000,-0.0740766,3.6208362,26.7668622
1.0893750,0.0000000,-0.0741642,3.4410699,26.5870959
1.0912500,0.0000000,-0.0742518,3.2613036,26.4073296
1.0931250,0.0000000,-0.0743302,3.0811350,26.2271610
1.0950000,0.0000000,-0.0744086,2.9009663,26.0469923
1.0968750,0.0000000,-0.0744779,2.7204397,25.8664657
1.0987500,0.0000000,-0.0745471,2.5399132,25.6859392
1.1006250,0.0000000,-0.0746071,2.3590733,25.5050993
1.1025000,0.0000000,-0.0746671,2.1782335,25.3242595
1.1043750,0.0000000,-0.0747179,1.9971249,25.1431509
1.1062500,0.0000000,-0.0747688,1.8160163,24.9620423
1.1081250,0.0000000,-0.0748104,1.6346836,24.7807096
1.1100000,0.0000000,-0.0748520,1.4533510,24.5993770
1.1118750,0.0000000,-0.0748844,1.2718391,24.4178651
1.1137500,0.0000000,-0.0749167,1.0903271,24.2363531
1.1156250,0.0000000,-0.0749399,0.9086807,24.0547067
1.1175000,0.0000000,-0.0749630,0.7270342,23.8730602
1.1193750,0.0000000,-0.0749768,0.5452981,23.6913241
1.1212500,0.0000000,-0.0749907,0.3635620,23.5095880
1.1231250,0.0000000,-0.0749953,0.1817810,23.3278070
1.1250000,0.0000000,-0.0750000,0.0000000,23.1460260
1.1268750,0.0000000,-0.0749954,-0.1817810,22.9642450
1.1287500,0.0000000,-0.0749907,-0.3635620,22.7824640
1.1306250,0.0000000,-0.0749768,-0.5452981,22.6007279
1.1325000,0.0000000,-0.0749630,-0.7270342,22.4189918
1.1343750,0.0000000,-0.0749399,-0.9086806,22.2373454
1.1362500,0.0000000,-0.0749167,-1.0903271,22.0556989
1.1381250,0.0000000,-0.0748844,-1.2718391,21.8741869
1.1400000,0.0000000,-0.0748520,-1.4533510,21.6926750
1.1418750,0.0000000,-0.0748104,-1.6346836,21.5113423
1.1437500,0.0000000,-0.0747688,-1.8160163,21.3300097
1.1456250,0.0000000,-0.0747180,-1.9971249,21.1489011
1.1475000,0.0000000,-0.0746671,-2.1782335,20.9677925
1.1493750,0.0000000,-0.0746071,-2.3590733,20.7869526
1.1512500,0.0000000,-0.0745471,-2.5399132,20.6061128
1.1531250,0.0000000,-0.0744779,-2.7204397,20.4255863
1.1550000,0.0000000,-0.0744086,-2.9009663,20.2450597
1.1568750,0.0000000,-0.0743302,-3.0811349,20.0648911
1.1587500,0.0000000,-0.0742518,-3.2613036,19.8847224
1.1606250,0.0000000,-0.0741642,-3.4410699,19.7049561
1.1625000,0.0000000,-0.0740766,-3.6208362,19.5251898
1.1643750,0.0000000,-0.0739799,-3.8001558,19.3458702
1.1662500,0.0000000,-0.0738832,-3.9794754,19.1665506
1.1681250,0.0000000,-0.0737774,-4.1583041,18.9877219
1.1700000,0.0000000,-0.0736715,-4.3371328,18.8088932
1.1718750,0.0000000,-0.0735566,-4.5154264,18.6305996
1.1737500,0.0000000,-0.0734417,-4.6937200,18.4523060
1.1756250,0.0000000,-0.0733178,-4.8714345,18.2745915
1.1775000,0.0000000,-0.0731938,-5.0491491,18.0968769
1.1793750,0.0000000,-0.0730607,-5.2262408,17.9197852
1.1812500,0.0000000,-0.0729277,-5.4033325,17.7426935
1.1831250,0.0000000,-0.0727857,-5.5797576,17.5662684
1.1850000,0.0000000,-0.0726437,-5.7561826,17.3898434
1.1868750,0.0000000,-0.0724928,-5.9318975,17.2141285
1.1887500,0.0000000,-0.0723418,-6.1076125,17.0384135
1.1906250,0.0000000,-0.0721819,-6.2825740,16.8634520
1.1925000,0.0000000,-0.0720220,-6.4575354,16.6884906
1.1943750,0.0000000,-0.0718533,-6.6317002,16.5143258
1.1962500,0.0000000,-0.0716845,-6.8058650,16.3401610
1.1981250,0.0000000,-0.0715069,-6.9791902,16.1668358
1.2000000,0.0000000,-0.0713292,-7.1525154,15.9935106
1.2018750,0.0000000,-0.0711428,-7.3249582,15.8210678
1.2037500,0.0000000,-0.0709564,-7.4974010,15.6486250
1.2056250,0.0000000,-0.0707613,-7.6689188,15.4771072
1.2075000,0.0000000,-0.0705661,-7.8404367,15.3055893
1.2093750,0.0000000,-0.0703622,-8.0109873,15.1350387
1.2112500,0.0000000,-0.0701583,-8.1815379,14.9644881
1.2131250,0.0000000,-0.0699458,-8.3510792,14.7949468
1.2150000,0.0000000,-0.0697332,-8.5206205,14.6254055
1.2168750,0.0000000,-0.0695121,-8.6891106,14.4569154
1.2187500,0.0000000,-0.0692910,-8.8576007,14.2884253
1.2206250,0.0000000,-0.0690613,-9.0249980,14.1210280
1.2225000,0.0000000,-0.0688316,-9.1923954,13.9536306
1.2243750,0.0000000,-0.0685934,-9.3586587,13.7873673
1.2262500,0.0000000,-0.0683552,-9.5249220,13.6211040
1.2281250,0.0000000,-0.0681086,-9.6900102,13.4560158
1.2300000,0.0000000,-0.0678620,-9.8550985,13.2909275
1.2318750,0.0000000,-0.0676070,-10.0189710,13.1270550
1.2337500,0.0000000,-0.0673521,-10.1828435,12.9631825
1.2356250,0.0000000,-0.0670888,-10.3454597,12.8005663
1.2375000,0.0000000,-0.0668255,-10.5080759,12.6379501
1.2393750,0.0000000,-0.0665540,-10.6693957,12.4766303
1.2412500,0.0000000,-0.0662824,-10.8307156,12.3153104
1.2431250,0.0000000,-0.0660027,-10.9906993,12.1553266
1.2450000,0.0000000,-0.0657230,-11.1506831,11.9953429
1.2468750,0.0000000,-0.0654352,-11.3092911,11.8367349
1.2487500,0.0000000,-0.0651474,-11.4678992,11.6781268
1.2506250,0.0000000,-0.0648516,-11.6250925,11.5209335
1.2525000,0.0000000,-0.0645557,-11.7822858,11.3637402
1.2543750,0.0000000,-0.0642518,-11.9380256,11.2080004
1.2562500,0.0000000,-0.0639480,-12.0937654,11.0522606
1.2581250,0.0000000,-0.0636363,-12.2480131,10.8980129
1.2600000,0.0000000,-0.0633246,-12.4022609,10.7437651
1.2618750,0.0000000,-0.0630051,-12.5549786,10.5910474
1.2637500,0.0000000,-0.0626856,-12.7076964,10.4383296
1.2656250,0.0000000,-0.0623583,-12.8588465,10.2871795
1.2675000,0.0000000,-0.0620310,-13.0099965,10.1360295
1.2693750,0.0000000,-0.0616961,-13.1595415,9.9864845
1.2712500,0.0000000,-0.0613612,-13.3090865,9.8369395
1.2731250,0.0000000,-0.0610187,-13.4569896,9.6890364
1.2750000,0.0000000,-0.0606763,-13.6048927,9.5411333
1.2768750,0.0000000,-0.0603263,-13.7511174,9.3949086
1.2787500,0.0000000,-0.0599763,-13.8973421,9.2486839
1.2806250,0.0000000,-0.0596190,-14.0418523,9.1041737
1.2825000,0.0000000,-0.0592616,-14.1863626,8.9596634
1.2843750,0.0000000,-0.0588969,-14.3291227,8.8169033
1.2862500,0.0000000,-0.0585323,-14.4718828,8.6741432
1.2881250,0.0000000,-0.0581604,-14.6128575,8.5331685
1.2900000,0.0000000,-0.0577885,-14.7538322,8.3921938
1.2918750,0.0000000,-0.0574095,-14.8929868,8.2530392
1.2937500,0.0000000,-0.0570304,-15.0321414,8.1138846
1.2956250,0.0000000,-0.0566443,-15.1694415,7.9765845
1.2975000,0.0000000,-0.0562583,-15.3067416,7.8392844
1.2993750,0.0000000,-0.0558653,-15.4421533,7.7038727
1.3012500,0.0000000,-0.0554723,-15.5775651,7.5684609
1.3031250,0.0000000,-0.0550725,-15.7110551,7.4349709
1.3050000,0.0000000,-0.0546726,-15.8445451,7.3014809
1.3068750,0.0000000,-0.0542660,-15.9760804,7.1699456
1.3087500,0.0000000,-0.0538595,-16.1076157,7.0384103
1.3106250,0.0000000,-0.0534463,-16.2371638,6.9088622
1.3125000,0.0000000,-0.0530330,-16.3667119,6.7793141
1.3143750,0.0000000,-0.0526133,-16.4942409,6.6517851
1.3162500,0.0000000,-0.0521935,-16.6217700,6.5242560
1.3181250,0.0000000,-0.0517673,-16.7472484,6.3987776
1.3200000,0.0000000,-0.0513410,-16.8727268,6.2732992
1.3218750,0.0000000,-0.0509085,-16.9961236,6.1499024
1.3237500,0.0000000,-0.0504759,-17.1195205,6.0265055
1.3256250,0.0000000,-0.0500371,-17.2408054,5.9052206
1.3275000,0.0000000,-0.0495984,-17.3620903,5.7839357
1.3293750,0.0000000,-0.0491535,-17.4812332,5.6647928
1.3312500,0.0000000,-0.0487086,-17.6003762,5.5456498
1.3331250,0.0000000,-0.0482577,-17.7173478,5.4286782
1.3350000,0.0000000,-0.0478068,-17.8343195,5.3117065
1.3368750,0.0000000,-0.0473500,-17.9490910,5.1969350
1.3387500,0.0000000,-0.0468932,-18.0638625,5.0821635
1.3406250,0.0000000,-0.0464306,-18.1764055,4.9696205
1.3425000,0.0000000,-0.0459680,-18.2889485,4.8570775
1.3443750,0.0000000,-0.0454998,-18.3992352,4.7467908
1.3462500,0.0000000,-0.0450315,-18.5095219,4.6365041
1.3481250,0.0000000,-0.0445577,-18.6175251,4.5285009
1.3500000,0.0000000,-0.0440839,-18.7255284,4.4204976
1.3518750,0.0000000,-0.0436047,-18.8312215,4.3148045
1.3537500,0.0000000,-0.0431254,-18.9369146,4.2091114
1.3556250,0.0000000,-0.0426409,-19.0402715,4.1057545
1.3575000,0.0000000,-0.0421563,-19.1436285,4.0023975
1.3593750,0.0000000,-0.0416665,-19.2446237,3.9014023
1.3612500,0.0000000,-0.0411767,-19.3456189,3.8004071
1.3631250,0.0000000,-0.0406819,-19.4442275,3.7017985
1.3650000,0.0000000,-0.0401870,-19.5428361,3.6031899
1.3668750,0.0000000,-0.0396872,-19.6390337,3.5069923
1.3687500,0.0000000,-0.0391874,-19.7352314,3.4107946
1.3706250,0.0000000,-0.0386828,-19.8289944,3.3170316
1.3725000,0.0000000,-0.0381781,-19.9227573,3.2232687
1.3743750,0.0000000,-0.0376688,-20.0140624,3.1319636
1.3762500,0.0000000,-0.0371594,-20.1053676,3.0406584
1.3781250,0.0000000,-0.0366454,-20.1941924,2.9518336
1.3800000,0.0000000,-0.0361315,-20.2830172,2.8630088
1.3818750,0.0000000,-0.0356131,-20.3693397,2.7766863
1.3837500,0.0000000,-0.0350947,-20.4556622,2.6903638
1.3856250,0.0000000,-0.0345720,-20.5394612,2.6065648
1.3875000,0.0000000,-0.0340493,-20.6232602,2.5227658
1.3893750,0.0000000,-0.0335223,-20.7045149,2.4415111
1.3912500,0.0000000,-0.0329954,-20.7857696,2.3602564
1.3931250,0.0000000,-0.0324644,-20.8644600,2.2815660
1.3950000,0.0000000,-0.0319334,-20.9431505,2.2028755
1.3968750,0.0000000,-0.0313985,-21.0192572,2.1267688
1.3987500,0.0000000,-0.0308636,-21.0953639,2.0506621
1.4006250,0.0000000,-0.0303249,-21.1688682,1.9771578
1.4025000,0.0000000,-0.0297861,-21.2423724,1.9036536
1.4043750,0.0000000,-0.0292437,-21.3132560,1.8327700
1.4062500,0.0000000,-0.0287013,-21.3841397,1.7618863
1.4081250,0.0000000,-0.0281553,-21.4523852,1.6936408
1.4100000,0.0000000,-0.0276093,-21.5206307,1.6253953
1.4118750,0.0000000,-0.0270599,-21.5862213,1.5598047
1.4137500,0.0000000,-0.0265106,-21.6518118,1.4942142
1.4156250,0.0000000,-0.0259580,-21.7147312,1.4312948
1.4175000,0.0000000,-0.0254053,-21.7776507,1.3683753
1.4193750,0.0000000,-0.0248495,-21.8378835,1.3081425
1.4212500,0.0000000,-0.0242938,-21.8981163,1.2479097
1.4231250,0.0000000,-0.0237351,-21.9556476,1.1903784
1.4250000,0.0000000,-0.0231763,-22.0131788,1.1328472
1.4268750,0.0000000,-0.0226147,-22.0679944,1.0780316
1.4287500,0.0000000,-0.0220530,-22.1228100,1.0232160
1.4306250,0.0000000,-0.0214886,-22.1748963,0.9711297
1.4325000,0.0000000,-0.0209243,-22.2269826,0.9190434
1.4343750,0.0000000,-0.0203574,-22.2763269,0.8696991
1.4362500,0.0000000,-0.0197905,-22.3256711,0.8203549
1.4381250,0.0000000,-0.0192211,-22.3722610,0.7737650
1.4400000,0.0000000,-0.0186517,-22.4188510,0.7271750
1.4418750,0.0000000,-0.0180801,-22.4626752,0.6833508
1.4437500,0.0000000,-0.0175084,-22.5064994,0.6395266
1.4456250,0.0000000,-0.0169346,-22.5475470,0.5984790
1.4475000,0.0000000,-0.0163607,-22.5885947,0.5574313
1.4493750,0.0000000,-0.0157849,-22.6268556,0.5191703
1.4512500,0.0000000,-0.0152090,-22.6651166,0.4809094
1.4531250,0.0000000,-0.0146313,-22.7005814,0.4454446
1.4550000,0.0000000,-0.0140536,-22.7360462,0.4099798
1.4568750,0.0000000,-0.0134742,-22.7687061,0.3773199
1.4587500,0.0000000,-0.0128947,-22.8013661,0.3446599
1.4606250,0.0000000,-0.0123137,-22.8312130,0.3148130
1.4625000,0.0000000,-0.0117326,-22.8610600,0.2849660
1.4643750,0.0000000,-0.0111501,-22.8880866,0.2579394
1.4662500,0.0000000,-0.0105676,-22.9151133,0.2309127
1.4681250,0.0000000,-0.0099838,-22.9393130,0.2067130
1.4700000,0.0000000,-0.0094000,-22.9635127,0.1825133
1.4718750,0.0000000,-0.0088150,-22.9848794,0.1611466
1.4737500,0.0000000,-0.0082301,-23.0062461,0.1397799
1.4756250,0.0000000,-0.0076441,-23.0247746,0.1212514
1.4775000,0.0000000,-0.0070581,-23.0433031,0.1027229
1.4793750,0.0000000,-0.0064713,-23.0589888,0.0870372
1.4812500,0.0000000,-0.0058844,-23.0746745,0.0713515
1.4831250,0.0000000,-0.0052968,-23.0875136,0.0585124
1.4850000,0.0000000,-0.0047093,-23.1003526,0.0456734
1.4868750,0.0000000,-0.0041212,-23.1103418,0.0356842
1.4887500,0.0000000,-0.0035330,-23.1203310,0.0256950
1.4906250,0.0000000,-0.0029444,-23.1274679,0.0185581
1.4925000,0.0000000,-0.0023558,-23.1346048,0.0114212
1.4943750,0.0000000,-0.0017669,-23.1388877,0.0071383
1.4962500,0.0000000,-0.0011780,-23.1431705,0.0028555
1.4981250,0.0000000,-0.0005890,-23.1445982,0.0014278
1.5000000,0.0000000,0.0000000,-23.1460260,0.0000000
1.5018750,0.0000000,0.0005890,-23.1445983,0.0014277
1.5037500,0.0000000,0.0011780,-23.1431705,0.0028555
1.5056250,0.0000000,0.0017669,-23.1388877,0.0071383
1.5075000,0.0000000,0.0023558,-23.1346048,0.0114212
1.5093750,0.0000000,0.0029444,-23.1274679,0.0185581
1.5112500,0.0000000,0.0035330,-23.1203310,0.0256950
1.5131250,0.0000000,0.0041212,-23.1103418,0.0356842
1.5150000,0.0000000,0.0047093,-23.1003526,0.0456734
1.5168750,0.0000000,0.0052968,-23.0875136,0.0585124
1.5187500,0.0000000,0.0058844,-23.0746745,0.0713515
1.5206250,0.0000000,0.0064712,-23.0589888,0.0870372
1.5225000,0.0000000,0.0070581,-23.0433031,0.1027229
1.5243750,0.0000000,0.0076441,-23.0247746,0.1212514
1.5262500,0.0000000,0.0082301,-23.0062461,0.1397799
1.5281250,0.0000000,0.0088150,-22.9848794,0.1611466
1.5300000,0.0000000,0.0094000,-22.9635127,0.1825133
1.5318750,0.0000000,0.0099838,-22.9393130,0.2067130
1.5337500,0.0000000,0.0105676,-22.9151133,0.2309127
1.5356250,0.0000000,0.0111501,-22.8880866,0.2579394
1.5375000,0.0000000,0.0117326,-22.8610600,0.2849660
1.5393750,0.0000000,0.0123136,-22.8312130,0.3148130
1.5412500,0.0000000,0.0128947,-22.8013661,0.3446599
1.5431250,0.0000000,0.0134741,-22.7687062,0.3773198
1.5450000,0.0000000,0.0140536,-22.7360462,0.4099798
1.5468750,0.0000000,0.0146313,-22.7005814,0.4454446
1.5487500,0.0000000,0.0152090,-22.6651166,0.4809094
1.5506250,0.0000000,0.0157848,-22.6268557,0.5191703
1.5525000,0.0000000,0.0163607,-22.5885947,0.5574313
1.5543750,0.0000000,0.0169345,-22.5475471,0.5984789
1.5562500,0.0000000,0.0175084,-22.5064994,0.6395266
1.5581250,0.0000000,0.0180800,-22.4626752,0.6833508
1.5600000,0.0000000,0.0186517,-22.4188510,0.7271750
1.5618750,0.0000000,0.0192211,-22.3722611,0.7737649
1.5637500,0.0000000,0.0197905,-22.3256711,0.8203549
1.5656250,0.0000000,0.0203574,-22.2763269,0.8696991
1.5675000,0.0000000,0.0209243,-22.2269826,0.9190434
1.5693750,0.0000000,0.0214886,-22.1748963,0.9711297
1.5712500,0.0000000,0.0220530,-22.1228100,1.0232160
1.5731250,0.0000000,0.0226146,-22.0679944,1.0780316
1.5750000,0.0000000,0.0231763,-22.0131788,1.1328472
1.5768750,0.0000000,0.0237351,-21.9556475,1.1903785
1.5787500,0.0000000,0.0242938,-21.8981163,1.2479097
1.5806250,0.0000000,0.0248495,-21.8378835,1.3081425
1.5825000,0.0000000,0.0254053,-21.7776507,1.3683753
1.5843750,0.0000000,0.0259579,-21.7147313,1.4312947
1.5862500,0.0000000,0.0265106,-21.6518118,1.4942142
1.5881250,0.0000000,0.0270600,-21.5862213,1.5598047
1.5900000,0.0000000,0.0276093,-21.5206307,1.6253953
1.5918750,0.0000000,0.0281553,-21.4523852,1.6936408
1.5937500,0.0000000,0.0287013,-21.3841397,1.7618863
1.5956250,0.0000000,0.0292437,-21.3132561,1.8327699
1.5975000,0.0000000,0.0297861,-21.2423724,1.9036536
1.5993750,0.0000000,0.0303248,-21.1688682,1.9771578
1.6012500,0.0000000,0.0308636,-21.0953639,2.0506621
1.6031250,0.0000000,0.0313985,-21.0192572,2.1267688
1.6050000,0.0000000,0.0319334,-20.9431505,2.2028755
1.6068750,0.0000000,0.0324644,-20.8644601,2.2815659
1.6087500,0.0000000,0.0329954,-20.7857696,2.3602564
1.6106250,0.0000000,0.0335223,-20.7045149,2.4415111
1.6125000,0.0000000,0.0340493,-20.6232602,2.5227658
1.6143750,0.0000000,0.0345720,-20.5394612,2.6065648
1.6162500,0.0000000,0.0350947,-20.4556622,2.6903638
1.6181250,0.0000000,0.0356131,-20.3693397,2.7766863
1.6200000,0.0000000,0.0361315,-20.2830172,2.8630088
1.6218750,0.0000000,0.0366454,-20.1941924,2.9518336
1.6237500,0.0000000,0.0371594,-20.1053676,3.0406584
1.6256250,0.0000000,0.0376687,-20.0140625,3.1319635
1.6275000,0.0000000,0.0381781,-19.9227573,3.2232687
1.6293750,0.0000000,0.0386828,-19.8289943,3.3170317
1.6312500,0.0000000,0.0391874,-19.7352314,3.4107946
1.6331250,0.0000000,0.0396872,-19.6390338,3.5069922
1.6350000,0.0000000,0.0401870,-19.5428361,3.6031899
1.6368750,0.0000000,0.0406818,-19.4442275,3.7017985
1.6387500,0.0000000,0.0411767,-19.3456189,3.8004071
1.6406250,0.0000000,0.0416665,-19.2446237,3.9014023
1.6425000,0.0000000,0.0421563,-19.1436285,4.0023975
1.6443750,0.0000000,0.0426408,-19.0402716,4.1057544
1.6462500,0.0000000,0.0431254,-18.9369146,4.2091114
1.6481250,0.0000000,0.0436046,-18.8312215,4.3148045
1.6500000,0.0000000,0.0440839,-18.7255284,4.4204976
1.6518750,0.0000000,0.0445577,-18.6175252,4.5285008
1.6537500,0.0000000,0.0450315,-18.5095219,4.6365041
1.6556250,0.0000000,0.0454997,-18.3992352,4.7467908
1.6575000,0.0000000,0.0459680,-18.2889485,4.8570775
1.6593750,0.0000000,0.0464306,-18.1764055,4.9696205
1.6612500,0.0000000,0.0468932,-18.0638625,5.0821635
1.6631250,0.0000000,0.0473500,-17.9490910,5.1969350
1.6650000,0.0000000,0.0478068,-17.8343195,5.3117065
1.6668750,0.0000000,0.0482577,-17.7173479,5.4286781
1.6687500,0.0000000,0.0487086,-17.6003762,5.5456498
1.6706250,0.0000000,0.0491535,-17.4812332,5.6647928
1.6725000,0.0000000,0.0495984,-17.3620903,5.7839357
1.6743750,0.0000000,0.0500371,-17.2408054,5.9052206
1.6762500,0.0000000,0.0504759,-17.1195205,6.0265055
1.6781250,0.0000000,0.0509084,-16.9961237,6.1499023
1.6800000,0.0000000,0.0513410,-16.8727268,6.2732992
1.6818750,0.0000000,0.0517673,-16.7472484,6.3987776
1.6837500,0.0000000,0.0521935,-16.6217700,6.5242560
1.6856250,0.0000000,0.0526132,-16.4942410,6.6517850
1.6875000,0.0000000,0.0530330,-16.3667119,6.7793141
1.6893750,0.0000000,0.0534462,-16.2371638,6.9088622
1.6912500,0.0000000,0.0538595,-16.1076157,7.0384103
1.6931250,0.0000000,0.0542660,-15.9760804,7.1699456
1.6950000,0.0000000,0.0546726,-15.8445451,7.3014809
1.6968750,0.0000000,0.0550724,-15.7110551,7.4349709
1.6987500,0.0000000,0.0554723,-15.5775651,7.5684609
1.7006250,0.0000000,0.0558653,-15.4421534,7.7038726
1.7025000,0.0000000,0.0562583,-15.3067416,7.8392844
1.7043750,0.0000000,0.0566443,-15.1694415,7.9765845
1.7062500,0.0000000,0.0570304,-15.0321414,8.1138846
1.7081250,0.0000000,0.0574094,-14.8929868,8.2530392
1.7100000,0.0000000,0.0577885,-14.7538322,8.3921938
1.7118750,0.0000000,0.0581604,-14.6128575,8.5331685
1.7137500,0.0000000,0.0585323,-14.4718828,8.6741432
1.7156250,0.0000000,0.0588969,-14.3291227,8.8169033
1.7175000,0.0000000,0.0592616,-14.1863626,8.9596634
1.7193750,0.0000000,0.0596189,-14.0418524,9.1041736
1.7212500,0.0000000,0.0599763,-13.8973421,9.2486839
1.7231250,0.0000000,0.0603263,-13.7511174,9.3949086
1.7250000,0.0000000,0.0606763,-13.6048927,9.5411333
1.7268750,0.0000000,0.0610187,-13.4569896,9.6890364
1.7287500,0.0000000,0.0613612,-13.3090865,9.8369395
1.7306250,0.0000000,0.0616961,-13.1595415,9.9864845
1.7325000,0.0000000,0.0620310,-13.0099965,10.1360295
1.7343750,0.0000000,0.0623583,-12.8588465,10.2871795
1.7362500,0.0000000,0.0626856,-12.7076964,10.4383296
1.7381250,0.0000000,0.0630051,-12.5549787,10.5910473
1.7400000,0.0000000,0.0633246,-12.4022609,10.7437651
1.7418750,0.0000000,0.0636363,-12.2480132,10.8980128
1.7437500,0.0000000,0.0639480,-12.0937654,11.0522606
1.7456250,0.0000000,0.0642518,-11.9380256,11.2080004
1.7475000,0.0000000,0.0645557,-11.7822858,11.3637402
1.7493750,0.0000000,0.0648515,-11.6250925,11.5209335
1.7512500,0.0000000,0.0651474,-11.4678992,11.6781268
1.7531250,0.0000000,0.0654352,-11.3092911,11.8367349
1.7550000,0.0000000,0.0657230,-11.1506831,11.9953429
1.7568750,0.0000000,0.0660027,-10.9906994,12.1553266
1.7587500,0.0000000,0.0662824,-10.8307156,12.3153104
1.7606250,0.0000000,0.0665539,-10.6693958,12.4766302
1.7625000,0.0000000,0.0668255,-10.5080759,12.6379501
1.7643750,0.0000000,0.0670888,-10.3454597,12.8005663
1.7662500,0.0000000,0.0673521,-10.1828435,12.9631825
1.7681250,0.0000000,0.0676070,-10.0189710,13.1270550
1.7700000,0.0000000,0.0678620,-9.8550985,13.2909275
1.7718750,0.0000000,0.0681086,-9.6900103,13.4560157
1.7737500,0.0000000,0.0683552,-9.5249220,13.6211040
1.7756250,0.0000000,0.0685934,-9.3586587,13.7873673
1.7775000,0.0000000,0.0688316,-9.1923954,13.9536306
1.7793750,0.0000000,0.0690613,-9.0249981,14.1210279
1.7812500,0.0000000,0.0692910,-8.8576007,14.2884253
1.7831250,0.0000000,0.0695121,-8.6891106,14.4569154
1.7850000,0.0000000,0.0697332,-8.5206205,14.6254055
1.7868750,0.0000000,0.0699458,-8.3510792,14.7949468
1.7887500,0.0000000,0.0701583,-8.1815379,14.9644881
1.7906250,0.0000000,0.0703622,-8.0109873,15.1350387
1.7925000,0.0000000,0.0705661,-7.8404367,15.3055893
1.7943750,0.0000000,0.0707612,-7.6689189,15.4771071
1.7962500,0.0000000,0.0709564,-7.4974010,15.6486250
1.7981250,0.0000000,0.0711428,-7.3249582,15.8210678
1.8000000,0.0000000,0.0713292,-7.1525154,15.9935106
1.8018750,0.0000000,0.0715068,-6.9791902,16.1668358
1.8037500,0.0000000,0.0716845,-6.8058650,16.3401610
1.8056250,0.0000000,0.0718533,-6.6317002,16.5143258
1.8075000,0.0000000,0.0720220,-6.4575354,16.6884906
1.8093750,0.0000000,0.0721819,-6.2825740,16.8634520
1.8112500,0.0000000,0.0723418,-6.1076125,17.0384135
1.8131250,0.0000000,0.0724927,-5.9318976,17.2141284
1.8150000,0.0000000,0.0726437,-5.7561826,17.3898434
1.8168750,0.0000000,0.0727857,-5.5797575,17.5662685
1.8187500,0.0000000,0.0729277,-5.4033325,17.7426935
1.8206250,0.0000000,0.0730607,-5.2262408,17.9197852
1.8225000,0.0000000,0.0731938,-5.0491491,18.0968769
1.8243750,0.0000000,0.0733177,-4.8714346,18.2745914
1.8262500,0.0000000,0.0734417,-4.6937200,18.4523060
1.8281250,0.0000000,0.0735566,-4.5154264,18.6305996
1.8300000,0.0000000,0.0736715,-4.3371328,18.8088932
1.8318750,0.0000000,0.0737773,-4.1583041,18.9877219
1.8337500,0.0000000,0.0738832,-3.9794754,19.1665506
1.8356250,0.0000000,0.0739799,-3.8001558,19.3458702
1.8375000,0.0000000,0.0740766,-3.6208362,19.5251898
1.8393750,0.0000000,0.0741642,-3.4410699,19.7049561
1.8412500,0.0000000,0.0742518,-3.2613036,19.8847224
1.8431250,0.0000000,0.0743302,-3.0811350,20.0648910
1.8450000,0.0000000,0.0744086,-2.9009663,20.2450597
1.8468750,0.0000000,0.0744778,-2.7204398,20.4255862
1.8487500,0.0000000,0.0745471,-2.5399132,20.6061128
1.8506250,0.0000000,0.0746071,-2.3590734,20.7869526
1.8525000,0.0000000,0.0746671,-2.1782335,20.9677925
1.8543750,0.0000000,0.0747179,-1.9971249,21.1489011
1.8562500,0.0000000,0.0747688,-1.8160163,21.3300097
1.8581250,0.0000000,0.0748104,-1.6346836,21.5113424
1.8600000,0.0000000,0.0748520,-1.4533510,21.6926750
1.8618750,0.0000000,0.0748844,-1.2718391,21.8741869
1.8637500,0.0000000,0.0749167,-1.0903271,22.0556989
1.8656250,0.0000000,0.0749399,-0.9086807,22.2373453
1.8675000,0.0000000,0.0749630,-0.7270342,22.4189918
1.8693750,0.0000000,0.0749768,-0.5452981,22.6007279
1.8712500,0.0000000,0.0749907,-0.3635620,22.7824640
1.8731250,0.0000000,0.0749953,-0.1817810,22.9642450
1.8750000,0.0000000,0.0750000,0.0000000,23.1460260
1.8768750,0.0000000,0.0749954,0.1817810,23.3278070
1.8787500,0.0000000,0.0749907,0.3635620,23.5095880
1.8806250,0.0000000,0.0749768,0.5452981,23.6913241
1.8825000,0.0000000,0.0749630,0.7270342,23.8730602
1.8843750,0.0000000,0.0749399,0.9086806,24.0547066
1.8862500,0.0000000,0.0749167,1.0903271,24.2363531
1.8881250,0.0000000,0.0748844,1.2718390,24.4178650
1.8900000,0.0000000,0.0748520,1.4533510,24.5993770
1.8918750,0.0000000,0.0748104,1.6346836,24.7807096
1.8937500,0.0000000,0.0747688,1.8160163,24.9620423
1.8956250,0.0000000,0.0747180,1.9971249,25.1431509
1.8975000,0.0000000,0.0746671,2.1782335,25.3242595
1.8993750,0.0000000,0.0746071,2.3590734,25.5050994
1.9012500,0.0000000,0.0745471,2.5399132,25.6859392
1.9031250,0.0000000,0.0744779,2.7204397,25.8664657
1.9050000,0.0000000,0.0744086,2.9009663,26.0469923
1.9068750,0.0000000,0.0743302,3.0811349,26.2271609
1.9087500,0.0000000,0.0742518,3.2613036,26.4073296
1.9106250,0.0000000,0.0741642,3.4410699,26.5870959
1.9125000,0.0000000,0.0740766,3.6208362,26.7668622
1.9143750,0.0000000,0.0739799,3.8001558,26.9461818
1.9162500,0.0000000,0.0738832,3.9794754,27.1255014
1.9181250,0.0000000,0.0737774,4.1583041,27.3043301
1.9200000,0.0000000,0.0736715,4.3371328,27.4831588
1.9218750,0.0000000,0.0735566,4.5154264,27.6614524
1.9237500,0.0000000,0.0734417,4.6937200,27.8397460
1.9256250,0.0000000,0.0733178,4.8714345,28.0174605
1.9275000,0.0000000,0.0731938,5.0491491,28.1951751
1.9293750,0.0000000,0.0730608,5.2262408,28.3722668
1.9312500,0.0000000,0.0729277,5.4033325,28.5493585
1.9331250,0.0000000,0.0727857,5.5797575,28.7257835
1.9350000,0.0000000,0.0726437,5.7561826,28.9022086
1.9368750,0.0000000,0.0724928,5.9318975,29.0779235
1.9387500,0.0000000,0.0723418,6.1076125,29.2536385
1.9406250,0.0000000,0.0721819,6.2825739,29.4285999
1.9425000,0.0000000,0.0720220,6.4575354,29.6035614
1.9443750,0.0000000,0.0718533,6.6317002,29.7777262
1.9462500,0.0000000,0.0716845,6.8058650,29.9518910
1.9481250,0.0000000,0.0715069,6.9791902,30.1252162
1.9500000,0.0000000,0.0713292,7.1525154,30.2985414
1.9518750,0.0000000,0.0711428,7.3249582,30.4709842
1.9537500,0.0000000,0.0709564,7.4974010,30.6434270
1.9556250,0.0000000,0.0707613,7.6689188,30.8149448
1.9575000,0.0000000,0.0705661,7.8404367,30.9864627
1.9593750,0.0000000,0.0703622,8.0109873,31.1570133
1.9612500,0.0000000,0.0701583,8.1815379,31.3275639
1.9631250,0.0000000,0.0699458,8.3510792,31.4971052
1.9650000,0.0000000,0.0697332,8.5206205,31.6666465
1.9668750,0.0000000,0.0695121,8.6891106,31.8351366
1.9687500,0.0000000,0.0692910,8.8576007,32.0036267
1.9706250,0.0000000,0.0690613,9.0249980,32.1710240
1.9725000,0.0000000,0.0688316,9.1923954,32.3384214
1.9743750,0.0000000,0.0685934,9.3586587,32.5046847
1.9762500,0.0000000,0.0683552,9.5249220,32.6709480
1.9781250,0.0000000,0.0681086,9.6900102,32.8360362
1.9800000,0.0000000,0.0678620,9.8550985,33.0011245
1.9818750,0.0000000,0.0676071,10.0189710,33.1649970
1.9837500,0.0000000,0.0673521,10.1828435,33.3288695
1.9856250,0.0000000,0.0670888,10.3454597,33.4914857
1.9875000,0.0000000,0.0668255,10.5080759,33.6541019
1.9893750,0.0000000,0.0665540,10.6693957,33.8154217
1.9912500,0.0000000,0.0662824,10.8307156,33.9767416
1.9931250,0.0000000,0.0660027,10.9906994,34.1367254
1.9950000,0.0000000,0.0657230,11.1506831,34.2967091
1.9968750,0.0000000,0.0654352,11.3092911,34.4553171
1.9987500,0.0000000,0.0651474,11.4678992,34.6139252
2.0006250,0.0000000,0.0648516,11.6250925,34.7711185
2.0025000,0.0000000,0.0645557,11.7822858,34.9283118
2.0043750,0.0000000,0.0642518,11.9380256,35.0840516
2.0062500,0.0000000,0.0639480,12.0937654,35.2397914
2.0081250,0.0000000,0.0636363,12.2480131,35.3940391
2.0100000,0.0000000,0.0633246,12.4022609,35.5482869
2.0118750,0.0000000,0.0630051,12.5549786,35.7010046
2.0137500,0.0000000,0.0626856,12.7076964,35.8537224
2.0156250,0.0000000,0.0623583,12.8588465,36.0048725
2.0175000,0.0000000,0.0620310,13.0099965,36.1560225
2.0193750,0.0000000,0.0616961,13.1595415,36.3055675
2.0212500,0.0000000,0.0613612,13.3090865,36.4551125
2.0231250,0.0000000,0.0610188,13.4569896,36.6030156
2.0250000,0.0000000,0.0606763,13.6048927,36.7509187
2.0268750,0.0000000,0.0603263,13.7511174,36.8971434
2.0287500,0.0000000,0.0599763,13.8973421,37.0433681
2.0306250,0.0000000,0.0596189,14.0418524,37.1878784
2.0325000,0.0000000,0.0592616,14.1863626,37.3323886
2.0343750,0.0000000,0.0588970,14.3291227,37.4751487
2.0362500,0.0000000,0.0585323,14.4718828,37.6179088
2.0381250,0.0000000,0.0581604,14.6128575,37.7588835
2.0400000,0.0000000,0.0577885,14.7538322,37.8998582
2.0418750,0.0000000,0.0574094,14.8929868,38.0390128
2.0437500,0.0000000,0.0570304,15.0321414,38.1781674
2.0456250,0.0000000,0.0566444,15.1694415,38.3154675
2.0475000,0.0000000,0.0562583,15.3067416,38.4527676
2.0493750,0.0000000,0.0558653,15.4421533,38.5881793
2.0512500,0.0000000,0.0554723,15.5775651,38.7235911
2.0531250,0.0000000,0.0550724,15.7110551,38.8570811
2.0550000,0.0000000,0.0546726,15.8445451,38.9905711
2.0568750,0.0000000,0.0542661,15.9760804,39.1221064
2.0587500,0.0000000,0.0538595,16.1076157,39.2536417
2.0606250,0.0000000,0.0534463,16.2371638,39.3831898
2.0625000,0.0000000,0.0530330,16.3667119,39.5127379
2.0643750,0.0000000,0.0526132,16.4942410,39.6402670
2.0662500,0.0000000,0.0521935,16.6217700,39.7677960
2.0681250,0.0000000,0.0517673,16.7472484,39.8932744
2.0700000,0.0000000,0.0513410,16.8727268,40.0187528
2.0718750,0.0000000,0.0509085,16.9961236,40.1421496
2.0737500,0.0000000,0.0504759,17.1195205,40.2655465
2.0756250,0.0000000,0.0500371,17.2408054,40.3868314
2.0775000,0.0000000,0.0495984,17.3620903,40.5081163
2.0793750,0.0000000,0.0491535,17.4812332,40.6272592
2.0812500,0.0000000,0.0487086,17.6003762,40.7464022
2.0831250,0.0000000,0.0482577,17.7173478,40.8633738
2.0850000,0.0000000,0.0478068,17.8343195,40.9803455
2.0868750,0.0000000,0.0473500,17.9490910,41.0951170
2.0887500,0.0000000,0.0468932,18.0638625,41.2098885
2.0906250,0.0000000,0.0464306,18.1764055,41.3224315
2.0925000,0.0000000,0.0459680,18.2889485,41.4349745
2.0943750,0.0000000,0.0454998,18.3992352,41.5452612
2.0962500,0.0000000,0.0450315,18.5095219,41.6555479
2.0981250,0.0000000,0.0445577,18.6175251,41.7635511
2.1000000,0.0000000,0.0440839,18.7255284,41.8715544
2.1018750,0.0000000,0.0436047,18.8312215,41.9772475
2.1037500,0.0000000,0.0431254,18.9369146,42.0829406
2.1056250,0.0000000,0.0426409,19.0402715,42.1862975
2.1075000,0.0000000,0.0421563,19.1436285,42.2896545
2.1093750,0.0000000,0.0416665,19.2446237,42.3906497
2.1112500,0.0000000,0.0411767,19.3456189,42.4916449
2.1131250,0.0000000,0.0406818,19.4442275,42.5902535
2.1150000,0.0000000,0.0401870,19.5428361,42.6888621
2.1168750,0.0000000,0.0396872,19.6390337,42.7850597
2.1187500,0.0000000,0.0391874,19.7352314,42.8812574
2.1206250,0.0000000,0.0386828,19.8289943,42.9750203
2.1225000,0.0000000,0.0381781,19.9227573,43.0687833
2.1243750,0.0000000,0.0376687,20.0140625,43.1600885
2.1262500,0.0000000,0.0371594,20.1053676,43.2513936
2.1281250,0.0000000,0.0366455,20.1941924,43.3402184
2.1300000,0.0000000,0.0361315,20.2830172,43.4290432
2.1318750,0.0000000,0.0356131,20.3693397,43.5153657
2.1337500,0.0000000,0.0350947,20.4556622,43.6016882
2.1356250,0.0000000,0.0345720,20.5394612,43.6854872
2.1375000,0.0000000,0.0340493,20.6232602,43.7692862
2.1393750,0.0000000,0.0335224,20.7045149,43.8505409
2.1412500,0.0000000,0.0329954,20.7857696,43.9317956
2.1431250,0.0000000,0.0324644,20.8644600,44.0104860
2.1450000,0.0000000,0.0319334,20.9431505,44.0891765
2.1468750,0.0000000,0.0313985,21.0192572,44.1652832
2.1487500,0.0000000,0.0308636,21.0953639,44.2413899
2.1506250,0.0000000,0.0303249,21.1688681,44.3148941
2.1525000,0.0000000,0.0297861,21.2423724,44.3883984
2.1543750,0.0000000,0.0292437,21.3132560,44.4592820
2.1562500,0.0000000,0.0287013,21.3841397,44.5301657
2.1581250,0.0000000,0.0281553,21.4523852,44.5984112
2.1600000,0.0000000,0.0276093,21.5206307,44.6666567
2.1618750,0.0000000,0.0270600,21.5862212,44.7322472
2.1637500,0.0000000,0.0265106,21.6518118,44.7978378
2.1656250,0.0000000,0.0259580,21.7147312,44.8607572
2.1675000,0.0000000,0.0254053,21.7776507,44.9236767
2.1693750,0.0000000,0.0248495,21.8378835,44.9839095
2.1712500,0.0000000,0.0242938,21.8981163,45.0441423
2.1731250,0.0000000,0.0237351,21.9556475,45.1016735
2.1750000,0.0000000,0.0231763,22.0131788,45.1592048
2.1768750,0.0000000,0.0226147,22.0679944,45.2140204
2.1787500,0.0000000,0.0220530,22.1228100,45.2688360
2.1806250,0.0000000,0.0214886,22.1748963,45.3209223
2.1825000,0.0000000,0.0209243,22.2269826,45.3730086
2.1843750,0.0000000,0.0203574,22.2763268,45.4223528
2.1862500,0.0000000,0.0197905,22.3256711,45.4716971
2.1881250,0.0000000,0.0192211,22.3722610,45.5182870
2.1900000,0.0000000,0.0186517,22.4188510,45.5648770
2.1918750,0.0000000,0.0180800,22.4626752,45.6087012
2.1937500,0.0000000,0.0175084,22.5064994,45.6525254
2.1956250,0.0000000,0.0169346,22.5475470,45.6935730
2.1975000,0.0000000,0.0163607,22.5885947,45.7346207
2.1993750,0.0000000,0.0157849,22.6268557,45.7728817
2.2012500,0.0000000,0.0152090,22.6651166,45.8111426
2.2031250,0.0000000,0.0146313,22.7005814,45.8466074
2.2050000,0.0000000,0.0140536,22.7360462,45.8820722
2.2068750,0.0000000,0.0134742,22.7687061,45.9147321
2.2087500,0.0000000,0.0128947,22.8013661,45.9473921
2.2106250,0.0000000,0.0123137,22.8312130,45.9772390
2.2125000,0.0000000,0.0117326,22.8610600,46.0070860
2.2143750,0.0000000,0.0111501,22.8880866,46.0341126
2.2162500,0.0000000,0.0105676,22.9151133,46.0611393
2.2181250,0.0000000,0.0099838,22.9393130,46.0853390
2.2200000,0.0000000,0.0094000,22.9635127,46.1095387
2.2218750,0.0000000,0.0088151,22.9848794,46.1309054
2.2237500,0.0000000,0.0082301,23.0062461,46.1522721
2.2256250,0.0000000,0.0076441,23.0247746,46.1708006
2.2275000,0.0000000,0.0070581,23.0433031,46.1893291
2.2293750,0.0000000,0.0064712,23.0589888,46.2050148
2.2312500,0.0000000,0.0058844,23.0746745,46.2207005
2.2331250,0.0000000,0.0052969,23.0875136,46.2335396
2.2350000,0.0000000,0.0047093,23.1003526,46.2463786
2.2368750,0.0000000,0.0041212,23.1103418,46.2563678
2.2387500,0.0000000,0.0035330,23.1203310,46.2663570
2.2406250,0.0000000,0.0029444,23.1274679,46.2734939
2.2425000,0.0000000,0.0023558,23.1346048,46.2806308
2.2443750,0.0000000,0.0017669,23.1388877,46.2849137
2.2462500,0.0000000,0.0011780,23.1431705,46.2891965
2.2481250,0.0000000,0.0005890,23.1445982,46.2906242
2.2500000,0.0000000,0.0000000,23.1460260,46.2920520
2.2518750,0.0000000,-0.0005890,23.1445982,46.2906242
2.2537500,0.0000000,-0.0011780,23.1431705,46.2891965
2.2556250,0.0000000,-0.0017669,23.1388877,46.2849137
2.2575000,0.0000000,-0.0023558,23.1346048,46.2806308
2.2593750,0.0000000,-0.0029444,23.1274679,46.2734939
2.2612500,0.0000000,-0.0035330,23.1203310,46.2663570
2.2631250,0.0000000,-0.0041212,23.1103418,46.2563678
2.2650000,0.0000000,-0.0047093,23.1003526,46.2463786
2.2668750,0.0000000,-0.0052968,23.0875136,46.2335396
2.2687500,0.0000000,-0.0058844,23.0746745,46.2207005
2.2706250,0.0000000,-0.0064712,23.0589888,46.2050148
2.2725000,0.0000000,-0.0070581,23.0433031,46.1893291
2.2743750,0.0000000,-0.0076441,23.0247746,46.1708006
2.2762500,0.0000000,-0.0082301,23.0062461,46.1522721
2.2781250,0.0000000,-0.0088150,22.9848794,46.1309054
2.2800000,0.0000000,-0.0094000,22.9635127,46.1095387
2.2818750,0.0000000,-0.0099838,22.9393130,46.0853390
2.2837500,0.0000000,-0.0105676,22.9151133,46.0611393
2.2856250,0.0000000,-0.0111501,22.8880866,46.0341126
2.2875000,0.0000000,-0.0117326,22.8610600,46.0070860
2.2893750,0.0000000,-0.0123136,22.8312131,45.9772391
2.2912500,0.0000000,-0.0128947,22.8013661,45.9473921
2.2931250,0.0000000,-0.0134741,22.7687062,45.9147322
2.2950000,0.0000000,-0.0140536,22.7360462,45.8820722
2.2968750,0.0000000,-0.0146313,22.7005814,45.8466074
2.2987500,0.0000000,-0.0152090,22.6651166,45.8111426
2.3006250,0.0000000,-0.0157848,22.6268557,45.7728817
2.3025000,0.0000000,-0.0163607,22.5885947,45.7346207
2.3043750,0.0000000,-0.0169345,22.5475471,45.6935731
2.3062500,0.0000000,-0.0175084,22.5064994,45.6525254
2.3081250,0.0000000,-0.0180800,22.4626752,45.6087012
2.3100000,0.0000000,-0.0186517,22.4188510,45.5648770
2.3118750,0.0000000,-0.0192211,22.3722610,45.5182870
2.3137500,0.0000000,-0.0197905,22.3256711,45.4716971
2.3156250,0.0000000,-0.0203574,22.2763269,45.4223529
2.3175000,0.0000000,-0.0209243,22.2269826,45.3730086
2.3193750,0.0000000,-0.0214886,22.1748963,45.3209223
2.3212500,0.0000000,-0.0220530,22.1228100,45.2688360
2.3231250,0.0000000,-0.0226147,22.0679944,45.2140204
2.3250000,0.0000000,-0.0231763,22.0131788,45.1592048
2.3268750,0.0000000,-0.0237350,21.9556476,45.1016736
2.3287500,0.0000000,-0.0242938,21.8981163,45.0441423
2.3306250,0.0000000,-0.0248495,21.8378835,44.9839095
2.3325000,0.0000000,-0.0254053,21.7776507,44.9236767
2.3343750,0.0000000,-0.0259580,21.7147312,44.8607572
2.3362500,0.0000000,-0.0265106,21.6518118,44.7978378
2.3381250,0.0000000,-0.0270599,21.5862213,44.7322473
2.3400000,0.0000000,-0.0276093,21.5206307,44.6666567
2.3418750,0.0000000,-0.0281553,21.4523852,44.5984112
2.3437500,0.0000000,-0.0287013,21.3841397,44.5301657
2.3456250,0.0000000,-0.0292437,21.3132560,44.4592820
2.3475000,0.0000000,-0.0297861,21.2423724,44.3883984
2.3493750,0.0000000,-0.0303248,21.1688682,44.3148942
2.3512500,0.0000000,-0.0308636,21.0953639,44.2413899
2.3531250,0.0000000,-0.0313985,21.0192572,44.1652832
2.3550000,0.0000000,-0.0319334,20.9431505,44.0891765
2.3568750,0.0000000,-0.0324644,20.8644600,44.0104860
2.3587500,0.0000000,-0.0329954,20.7857696,43.9317956
2.3606250,0.0000000,-0.0335223,20.7045149,43.8505409
2.3625000,0.0000000,-0.0340493,20.6232602,43.7692862
2.3643750,0.0000000,-0.0345720,20.5394612,43.6854872
2.3662500,0.0000000,-0.0350947,20.4556622,43.6016882
2.3681250,0.0000000,-0.0356131,20.3693397,43.5153657
2.3700000,0.0000000,-0.0361315,20.2830172,43.4290432
2.3718750,0.0000000,-0.0366454,20.1941924,43.3402184
2.3737500,0.0000000,-0.0371594,20.1053676,43.2513936
2.3756250,0.0000000,-0.0376687,20.0140625,43.1600885
2.3775000,0.0000000,-0.0381781,19.9227573,43.0687833
2.3793750,0.0000000,-0.0386828,19.8289943,42.9750203
2.3812500,0.0000000,-0.0391874,19.7352314,42.8812574
2.3831250,0.0000000,-0.0396872,19.6390338,42.7850598
2.3850000,0.0000000,-0.0401870,19.5428361,42.6888621
2.3868750,0.0000000,-0.0406818,19.4442275,42.5902535
2.3887500,0.0000000,-0.0411767,19.3456189,42.4916449
2.3906250,0.0000000,-0.0416665,19.2446237,42.3906497
2.3925000,0.0000000,-0.0421563,19.1436285,42.2896545
2.3943750,0.0000000,-0.0426408,19.0402716,42.1862976
2.3962500,0.0000000,-0.0431254,18.9369146,42.0829406
2.3981250,0.0000000,-0.0436046,18.8312215,41.9772475
2.4000000,0.0000000,-0.0440839,18.7255284,41.8715544
2.4018750,0.0000000,-0.0445577,18.6175251,41.7635511
2.4037500,0.0000000,-0.0450315,18.5095219,41.6555479
2.4056250,0.0000000,-0.0454998,18.3992352,41.5452612
2.4075000,0.0000000,-0.0459680,18.2889485,41.4349745
2.4093750,0.0000000,-0.0464306,18.1764055,41.3224315
2.4112500,0.0000000,-0.0468932,18.0638625,41.2098885
2.4131250,0.0000000,-0.0473500,17.9490910,41.0951170
2.4150000,0.0000000,-0.0478068,17.8343195,40.9803455
2.4168750,0.0000000,-0.0482577,17.7173478,40.8633738
2.4187500,0.0000000,-0.0487086,17.6003762,40.7464022
2.4206250,0.0000000,-0.0491535,17.4812333,40.6272593
2.4225000,0.0000000,-0.0495984,17.3620903,40.5081163
2.4243750,0.0000000,-0.0500371,17.2408054,40.3868314
2.4262500,0.0000000,-0.0504759,17.1195205,40.2655465
2.4281250,0.0000000,-0.0509085,16.9961236,40.1421496
2.4300000,0.0000000,-0.0513410,16.8727268,40.0187528
2.4318750,0.0000000,-0.0517672,16.7472484,39.8932744
2.4337500,0.0000000,-0.0521935,16.6217700,39.7677960
2.4356250,0.0000000,-0.0526132,16.4942410,39.6402670
2.4375000,0.0000000,-0.0530330,16.3667119,39.5127379
2.4393750,0.0000000,-0.0534463,16.2371638,39.3831898
2.4412500,0.0000000,-0.0538595,16.1076157,39.2536417
2.4431250,0.0000000,-0.0542660,15.9760804,39.1221064
2.4450000,0.0000000,-0.0546726,15.8445451,38.9905711
2.4468750,0.0000000,-0.0550724,15.7110551,38.8570811
2.4487500,0.0000000,-0.0554723,15.5775651,38.7235911
2.4506250,0.0000000,-0.0558653,15.4421533,38.5881793
2.4525000,0.0000000,-0.0562583,15.3067416,38.4527676
2.4543750,0.0000000,-0.0566443,15.1694415,38.3154675
2.4562500,0.0000000,-0.0570304,15.0321414,38.1781674
2.4581250,0.0000000,-0.0574094,14.8929868,38.0390128
2.4600000,0.0000000,-0.0577885,14.7538322,37.8998582
2.4618750,0.0000000,-0.0581604,14.6128575,37.7588835
2.4637500,0.0000000,-0.0585323,14.4718828,37.6179088
2.4656250,0.0000000,-0.0588969,14.3291227,37.4751487
2.4675000,0.0000000,-0.0592616,14.1863626,37.3323886
2.4693750,0.0000000,-0.0596189,14.0418524,37.1878784
2.4712500,0.0000000,-0.0599763,13.8973421,37.0433681
2.4731250,0.0000000,-0.0603263,13.7511174,36.8971434
2.4750000,0.0000000,-0.0606763,13.6048927,36.7509187
2.4768750,0.0000000,-0.0610187,13.4569896,36.6030156
2.4787500,0.0000000,-0.0613612,13.3090865,36.4551125
2.4806250,0.0000000,-0.0616961,13.1595415,36.3055675
2.4825000,0.0000000,-0.0620310,13.0099965,36.1560225
2.4843750,0.0000000,-0.0623583,12.8588465,36.0048725
2.4862500,0.0000000,-0.0626856,12.7076964,35.8537224
2.4881250,0.0000000,-0.0630051,12.5549787,35.7010047
2.4900000,0.0000000,-0.0633246,12.4022609,35.5482869
2.4918750,0.0000000,-0.0636363,12.2480132,35.3940392
2.4937500,0.0000000,-0.0639480,12.0937654,35.2397914
2.4956250,0.0000000,-0.0642518,11.9380256,35.0840516
2.4975000,0.0000000,-0.0645557,11.7822858,34.9283118
2.4993750,0.0000000,-0.0648516,11.6250925,34.7711185
2.5012500,0.0000000,-0.0651474,11.4678992,34.6139252
2.5031250,0.0000000,-0.0654352,11.3092912,34.4553172
2.5050000,0.0000000,-0.0657230,11.1506831,34.2967091
2.5068750,0.0000000,-0.0660027,10.9906993,34.1367253
2.5087500,0.0000000,-0.0662824,10.8307156,33.9767416
2.5106250,0.0000000,-0.0665540,10.6693957,33.8154217
2.5125000,0.0000000,-0.0668255,10.5080759,33.6541019
2.5143750,0.0000000,-0.0670888,10.3454597,33.4914857
2.5162500,0.0000000,-0.0673521,10.1828435,33.3288695
2.5181250,0.0000000,-0.0676070,10.0189710,33.1649970
2.5200000,0.0000000,-0.0678620,9.8550985,33.0011245
2.5218750,0.0000000,-0.0681086,9.6900102,32.8360362
2.5237500,0.0000000,-0.0683552,9.5249220,32.6709480
2.5256250,0.0000000,-0.0685934,9.3586587,32.5046847
2.5275000,0.0000000,-0.0688316,9.1923954,32.3384214
2.5293750,0.0000000,-0.0690613,9.0249981,32.1710241
2.5312500,0.0000000,-0.0692910,8.8576007,32.0036267
2.5331250,0.0000000,-0.0695121,8.6891106,31.8351366
2.5350000,0.0000000,-0.0697332,8.5206205,31.6666465
2.5368750,0.0000000,-0.0699457,8.3510792,31.4971052
2.5387500,0.0000000,-0.0701583,8.1815379,31.3275639
2.5406250,0.0000000,-0.0703622,8.0109873,31.1570133
2.5425000,0.0000000,-0.0705661,7.8404367,30.9864627
2.5443750,0.0000000,-0.0707613,7.6689188,30.8149448
2.5462500,0.0000000,-0.0709564,7.4974010,30.6434270
2.5481250,0.0000000,-0.0711428,7.3249582,30.4709842
2.5500000,0.0000000,-0.0713292,7.1525154,30.2985414
2.5518750,0.0000000,-0.0715068,6.9791902,30.1252162
2.5537500,0.0000000,-0.0716845,6.8058650,29.9518910
2.5556250,0.0000000,-0.0718533,6.6317002,29.7777262
2.5575000,0.0000000,-0.0720220,6.4575354,29.6035614
2.5593750,0.0000000,-0.0721819,6.2825740,29.4286000
2.5612500,0.0000000,-0.0723418,6.1076125,29.2536385
2.5631250,0.0000000,-0.0724927,5.9318976,29.0779236
2.5650000,0.0000000,-0.0726437,5.7561826,28.9022086
2.5668750,0.0000000,-0.0727857,5.5797576,28.7257835
2.5687500,0.0000000,-0.0729277,5.4033325,28.5493585
2.5706250,0.0000000,-0.0730607,5.2262408,28.3722668
2.5725000,0.0000000,-0.0731938,5.0491491,28.1951751
2.5743750,0.0000000,-0.0733177,4.8714346,28.0174606
2.5762500,0.0000000,-0.0734417,4.6937200,27.8397460
2.5781250,0.0000000,-0.0735566,4.5154264,27.6614524
2.5800000,0.0000000,-0.0736715,4.3371328,27.4831588
2.5818750,0.0000000,-0.0737773,4.1583041,27.3043301
2.5837500,0.0000000,-0.0738832,3.9794754,27.1255014
2.5856250,0.0000000,-0.0739799,3.8001558,26.9461818
2.5875000,0.0000000,-0.0740766,3.6208362,26.7668622
2.5893750,0.0000000,-0.0741642,3.4410699,26.5870959
2.5912500,0.0000000,-0.0742518,3.2613036,26.4073296
2.5931250,0.0000000,-0.0743302,3.0811349,26.2271609
2.5950000,0.0000000,-0.0744086,2.9009663,26.0469923
2.5968750,0.0000000,-0.0744778,2.7204398,25.8664658
2.5987500,0.0000000,-0.0745471,2.5399132,25.6859392
2.6006250,0.0000000,-0.0746071,2.3590733,25.5050993
2.6025000,0.0000000,-0.0746671,2.1782335,25.3242595
2.6043750,0.0000000,-0.0747180,1.9971249,25.1431509
2.6062500,0.0000000,-0.0747688,1.8160163,24.9620423
2.6081250,0.0000000,-0.0748104,1.6346837,24.7807097
2.6100000,0.0000000,-0.0748520,1.4533510,24.5993770
2.6118750,0.0000000,-0.0748844,1.2718391,24.4178651
2.6137500,0.0000000,-0.0749167,1.0903271,24.2363531
2.6156250,0.0000000,-0.0749399,0.9086806,24.0547066
2.6175000,0.0000000,-0.0749630,0.7270342,23.8730602
2.6193750,0.0000000,-0.0749768,0.5452981,23.6913241
2.6212500,0.0000000,-0.0749907,0.3635620,23.5095880
2.6231250,0.0000000,-0.0749953,0.1817810,23.3278070
2.6250000,0.0000000,-0.0750000,0.0000000,23.1460260
2.6268750,0.0000000,-0.0749953,-0.1817810,22.9642450
2.6287500,0.0000000,-0.0749907,-0.3635620,22.7824640
2.6306250,0.0000000,-0.0749768,-0.5452981,22.6007279
2.6325000,0.0000000,-0.0749630,-0.7270342,22.4189918
2.6343750,0.0000000,-0.0749399,-0.9086806,22.2373454
2.6362500,0.0000000,-0.0749167,-1.0903271,22.0556989
2.6381250,0.0000000,-0.0748844,-1.2718391,21.8741869
2.6400000,0.0000000,-0.0748520,-1.4533510,21.6926750
2.6418750,0.0000000,-0.0748104,-1.6346836,21.5113424
2.6437500,0.0000000,-0.0747688,-1.8160163,21.3300097
2.6456250,0.0000000,-0.0747180,-1.9971249,21.1489011
2.6475000,0.0000000,-0.0746671,-2.1782335,20.9677925
2.6493750,0.0000000,-0.0746071,-2.3590733,20.7869526
2.6512500,0.0000000,-0.0745471,-2.5399132,20.6061128
2.6531250,0.0000000,-0.0744779,-2.7204397,20.4255863
2.6550000,0.0000000,-0.0744086,-2.9009663,20.2450597
2.6568750,0.0000000,-0.0743302,-3.0811349,20.0648911
2.6587500,0.0000000,-0.0742518,-3.2613036,19.8847224
2.6606250,0.0000000,-0.0741642,-3.4410699,19.7049561
2.6625000,0.0000000,-0.0740766,-3.6208362,19.5251898
2.6643750,0.0000000,-0.0739799,-3.8001558,19.3458702
2.6662500,0.0000000,-0.0738832,-3.9794754,19.1665506
2.6681250,0.0000000,-0.0737774,-4.1583041,18.9877219
2.6700000,0.0000000,-0.0736715,-4.3371328,18.8088932
2.6718750,0.0000000,-0.0735566,-4.5154264,18.6305996
2.6737500,0.0000000,-0.0734417,-4.6937200,18.4523060
2.6756250,0.0000000,-0.0733178,-4.8714345,18.2745915
2.6775000,0.0000000,-0.0731938,-5.0491491,18.0968769
2.6793750,0.0000000,-0.0730608,-5.2262408,17.9197852
2.6812500,0.0000000,-0.0729277,-5.4033325,17.7426935
2.6831250,0.0000000,-0.0727857,-5.5797576,17.5662684
2.6850000,0.0000000,-0.0726437,-5.7561826,17.3898434
2.6868750,0.0000000,-0.0724928,-5.9318975,17.2141285
2.6887500,0.0000000,-0.0723418,-6.1076125,17.0384135
2.6906250,0.0000000,-0.0721819,-6.2825739,16.8634521
2.6925000,0.0000000,-0.0720220,-6.4575354,16.6884906
2.6943750,0.0000000,-0.0718533,-6.6317002,16.5143258
2.6962500,0.0000000,-0.0716845,-6.8058650,16.3401610
2.6981250,0.0000000,-0.0715068,-6.9791902,16.1668358
2.7000000,0.0000000,-0.0713292,-7.1525154,15.9935106
2.7018750,0.0000000,-0.0711428,-7.3249582,15.8210678
2.7037500,0.0000000,-0.0709564,-7.4974010,15.6486250
2.7056250,0.0000000,-0.0707613,-7.6689188,15.4771072
2.7075000,0.0000000,-0.0705661,-7.8404367,15.3055893
2.7093750,0.0000000,-0.0703622,-8.0109873,15.1350387
2.7112500,0.0000000,-0.0701583,-8.1815379,14.9644881
2.7131250,0.0000000,-0.0699458,-8.3510792,14.7949468
2.7150000,0.0000000,-0.0697332,-8.5206205,14.6254055
2.7168750,0.0000000,-0.0695121,-8.6891106,14.4569154
2.7187500,0.0000000,-0.0692910,-8.8576007,14.2884253
2.7206250,0.0000000,-0.0690613,-9.0249981,14.1210279
2.7225000,0.0000000,-0.0688316,-9.1923954,13.9536306
2.7243750,0.0000000,-0.0685934,-9.3586587,13.7873673
2.7262500,0.0000000,-0.0683552,-9.5249220,13.6211040
2.7281250,0.0000000,-0.0681086,-9.6900102,13.4560158
2.7300000,0.0000000,-0.0678620,-9.8550985,13.2909275
2.7318750,0.0000000,-0.0676070,-10.0189710,13.1270550
2.7337500,0.0000000,-0.0673521,-10.1828435,12.9631825
2.7356250,0.0000000,-0.0670888,-10.3454597,12.8005663
2.7375000,0.0000000,-0.0668255,-10.5080759,12.6379501
2.7393750,0.0000000,-0.0665540,-10.6693957,12.4766303
2.7412500,0.0000000,-0.0662824,-10.8307156,12.3153104
2.7431250,0.0000000,-0.0660027,-10.9906993,12.1553266
2.7450000,0.0000000,-0.0657230,-11.1506831,11.9953429
2.7468750,0.0000000,-0.0654352,-11.3092911,11.8367349
2.7487500,0.0000000,-0.0651474,-11.4678992,11.6781268
2.7506250,0.0000000,-0.0648516,-11.6250925,11.5209335
2.7525000,0.0000000,-0.0645557,-11.7822858,11.3637402
2.7543750,0.0000000,-0.0642518,-11.9380256,11.2080004
2.7562500,0.0000000,-0.0639480,-12.0937654,11.0522606
2.7581250,0.0000000,-0.0636363,-12.2480131,10.8980129
2.7600000,0.0000000,-0.0633246,-12.4022609,10.7437651
2.7618750,0.0000000,-0.0630051,-12.5549786,10.5910474
2.7637500,0.0000000,-0.0626856,-12.7076964,10.4383296
2.7656250,0.0000000,-0.0623583,-12.8588465,10.2871795
2.7675000,0.0000000,-0.0620310,-13.0099965,10.1360295
2.7693750,0.0000000,-0.0616961,-13.1595415,9.9864845
2.7712500,0.0000000,-0.0613612,-13.3090865,9.8369395
2.7731250,0.0000000,-0.0610188,-13.4569896,9.6890364
2.7750000,0.0000000,-0.0606763,-13.6048927,9.5411333
2.7768750,0.0000000,-0.0603263,-13.7511174,9.3949086
2.7787500,0.0000000,-0.0599763,-13.8973421,9.2486839
2.7806250,0.0000000,-0.0596190,-14.0418523,9.1041737
2.7825000,0.0000000,-0.0592616,-14.1863626,8.9596634
2.7843750,0.0000000,-0.0588970,-14.3291227,8.8169033
2.7862500,0.0000000,-0.0585323,-14.4718828,8.6741432
2.7881250,0.0000000,-0.0581604,-14.6128575,8.5331685
2.7900000,0.0000000,-0.0577885,-14.7538322,8.3921938
2.7918750,0.0000000,-0.0574094,-14.8929868,8.2530392
2.7937500,0.0000000,-0.0570304,-15.0321414,8.1138846
2.7956250,0.0000000,-0.0566444,-15.1694415,7.9765845
2.7975000,0.0000000,-0.0562583,-15.3067416,7.8392844
2.7993750,0.0000000,-0.0558653,-15.4421533,7.7038727
2.8012500,0.0000000,-0.0554723,-15.5775651,7.5684609
2.8031250,0.0000000,-0.0550724,-15.7110551,7.4349709
2.8050000,0.0000000,-0.0546726,-15.8445451,7.3014809
2.8068750,0.0000000,-0.0542661,-15.9760804,7.1699456
2.8087500,0.0000000,-0.0538595,-16.1076157,7.0384103
2.8106250,0.0000000,-0.0534463,-16.2371638,6.9088622
2.8125000,0.0000000,-0.0530330,-16.3667119,6.7793141
2.8143750,0.0000000,-0.0526132,-16.4942410,6.6517850
2.8162500,0.0000000,-0.0521935,-16.6217700,6.5242560
2.8181250,0.0000000,-0.0517673,-16.7472484,6.3987776
2.8200000,0.0000000,-0.0513410,-16.8727268,6.2732992
2.8218750,0.0000000,-0.0509085,-16.9961236,6.1499024
2.8237500,0.0000000,-0.0504759,-17.1195205,6.0265055
2.8256250,0.0000000,-0.0500371,-17.2408054,5.9052206
2.8275000,0.0000000,-0.0495984,-17.3620903,5.7839357
2.8293750,0.0000000,-0.0491535,-17.4812332,5.6647928
2.8312500,0.0000000,-0.0487086,-17.6003762,5.5456498
2.8331250,0.0000000,-0.0482577,-17.7173478,5.4286782
2.8350000,0.0000000,-0.0478068,-17.8343195,5.3117065
2.8368750,0.0000000,-0.0473500,-17.9490910,5.1969350
2.8387500,0.0000000,-0.0468932,-18.0638625,5.0821635
2.8406250,0.0000000,-0.0464306,-18.1764055,4.9696205
2.8425000,0.0000000,-0.0459680,-18.2889485,4.8570775
2.8443750,0.0000000,-0.0454998,-18.3992352,4.7467908
2.8462500,0.0000000,-0.0450315,-18.5095219,4.6365041
2.8481250,0.0000000,-0.0445577,-18.6175251,4.5285009
2.8500000,0.0000000,-0.0440839,-18.7255284,4.4204976
2.8518750,0.0000000,-0.0436047,-18.8312215,4.3148045
2.8537500,0.0000000,-0.0431254,-18.9369146,4.2091114
2.8556250,0.0000000,-0.0426409,-19.0402715,4.1057545
2.8575000,0.0000000,-0.0421563,-19.1436285,4.0023975
2.8593750,0.0000000,-0.0416665,-19.2446237,3.9014023
2.8612500,0.0000000,-0.0411767,-19.3456189,3.8004071
2.8631250,0.0000000,-0.0406819,-19.4442275,3.7017985
2.8650000,0.0000000,-0.0401870,-19.5428361,3.6031899
2.8668750,0.0000000,-0.0396872,-19.6390337,3.5069923
2.8687500,0.0000000,-0.0391874,-19.7352314,3.4107946
2.8706250,0.0000000,-0.0386828,-19.8289944,3.3170316
2.8725000,0.0000000,-0.0381781,-19.9227573,3.2232687
2.8743750,0.0000000,-0.0376688,-20.0140624,3.1319636
2.8762500,0.0000000,-0.0371594,-20.1053676,3.0406584
2.8781250,0.0000000,-0.0366455,-20.1941924,2.9518336
2.8800000,0.0000000,-0.0361315,-20.2830172,2.8630088
2.8818750,0.0000000,-0.0356131,-20.3693397,2.7766863
2.8837500,0.0000000,-0.0350947,-20.4556622,2.6903638
2.8856250,0.0000000,-0.0345720,-20.5394612,2.6065648
2.8875000,0.0000000,-0.0340493,-20.6232602,2.5227658
2.8893750,0.0000000,-0.0335224,-20.7045149,2.4415111
2.8912500,0.0000000,-0.0329954,-20.7857696,2.3602564
2.8931250,0.0000000,-0.0324644,-20.8644600,2.2815660
2.8950000,0.0000000,-0.0319334,-20.9431505,2.2028755
2.8968750,0.0000000,-0.0313985,-21.0192572,2.1267688
2.8987500,0.0000000,-0.0308636,-21.0953639,2.0506621
2.9006250,0.0000000,-0.0303249,-21.1688681,1.9771579
2.9025000,0.0000000,-0.0297861,-21.2423724,1.9036536
2.9043750,0.0000000,-0.0292437,-21.3132560,1.8327700
2.9062500,0.0000000,-0.0287013,-21.3841397,1.7618863
2.9081250,0.0000000,-0.0281553,-21.4523852,1.6936408
2.9100000,0.0000000,-0.0276093,-21.5206307,1.6253953
2.9118750,0.0000000,-0.0270600,-21.5862212,1.5598048
2.9137500,0.0000000,-0.0265106,-21.6518118,1.4942142
2.9156250,0.0000000,-0.0259580,-21.7147312,1.4312948
2.9175000,0.0000000,-0.0254053,-21.7776507,1.3683753
2.9193750,0.0000000,-0.0248495,-21.8378835,1.3081425
2.9212500,0.0000000,-0.0242938,-21.8981163,1.2479097
2.9231250,0.0000000,-0.0237351,-21.9556475,1.1903785
2.9250000,0.0000000,-0.0231763,-22.0131788,1.1328472
2.9268750,0.0000000,-0.0226147,-22.0679944,1.0780316
2.9287500,0.0000000,-0.0220530,-22.1228100,1.0232160
2.9306250,0.0000000,-0.0214886,-22.1748963,0.9711297
2.9325000,0.0000000,-0.0209243,-22.2269826,0.9190434
2.9343750,0.0000000,-0.0203574,-22.2763268,0.8696992
2.9362500,0.0000000,-0.0197905,-22.3256711,0.8203549
2.9381250,0.0000000,-0.0192211,-22.3722610,0.7737650
2.9400000,0.0000000,-0.0186517,-22.4188510,0.7271750
2.9418750,0.0000000,-0.0180801,-22.4626752,0.6833508
2.9437500,0.0000000,-0.0175084,-22.5064994,0.6395266
2.9456250,0.0000000,-0.0169346,-22.5475470,0.5984790
2.9475000,0.0000000,-0.0163607,-22.5885947,0.5574313
2.9493750,0.0000000,-0.0157849,-22.6268556,0.5191703
2.9512500,0.0000000,-0.0152090,-22.6651166,0.4809094
2.9531250,0.0000000,-0.0146313,-22.7005814,0.4454446
2.9550000,0.0000000,-0.0140536,-22.7360462,0.4099798
2.9568750,0.0000000,-0.0134742,-22.7687061,0.3773199
2.9587500,0.0000000,-0.0128947,-22.8013661,0.3446599
2.9606250,0.0000000,-0.0123137,-22.8312130,0.3148130
2.9625000,0.0000000,-0.0117326,-22.8610600,0.2849660
2.9643750,0.0000000,-0.0111501,-22.8880866,0.2579394
2.9662500,0.0000000,-0.0105676,-22.9151133,0.2309127
2.9681250,0.0000000,-0.0099838,-22.9393130,0.2067130
2.9700000,0.0000000,-0.0094000,-22.9635127,0.1825133
2.9718750,0.0000000,-0.0088151,-22.9848794,0.1611466
2.9737500,0.0000000,-0.0082301,-23.0062461,0.1397799
2.9756250,0.0000000,-0.0076441,-23.0247746,0.1212514
2.9775000,0.0000000,-0.0070581,-23.0433031,0.1027229
2.9793750,0.0000000,-0.0064712,-23.0589888,0.0870372
2.9812500,0.0000000,-0.0058844,-23.0746745,0.0713515
2.9831250,0.0000000,-0.0052969,-23.0875136,0.0585124
2.9850000,0.0000000,-0.0047093,-23.1003526,0.0456734
2.9868750,0.0000000,-0.0041212,-23.1103418,0.0356842
2.9887500,0.0000000,-0.0035330,-23.1203310,0.0256950
2.9906250,0.0000000,-0.0029444,-23.1274679,0.0185581
2.9925000,0.0000000,-0.0023558,-23.1346048,0.0114212
2.9943750,0.0000000,-0.0017669,-23.1388877,0.0071383
2.9962500,0.0000000,-0.0011780,-23.1431705,0.0028555
2.9981250,0.0000000,-0.0005890,-23.1445982,0.0014278
3.0000000,0.0000000,0.0000000,-23.1460260,0.0000000
3.0018750,0.0000000,0.0005890,-23.1445982,0.0014278
3.0037500,0.0000000,0.0011780,-23.1431705,0.0028555
3.0056250,0.0000000,0.0017669,-23.1388877,0.0071383
3.0075000,0.0000000,0.0023558,-23.1346048,0.0114212
3.0093750,0.0000000,0.0029444,-23.1274679,0.0185581
3.0112500,0.0000000,0.0035330,-23.1203310,0.0256950
3.0131250,0.0000000,0.0041212,-23.1103418,0.0356842
3.0150000,0.0000000,0.0047093,-23.1003526,0.0456734
3.0168750,0.0000000,0.0052968,-23.0875136,0.0585124
3.0187500,0.0000000,0.0058844,-23.0746745,0.0713515
3.0206250,0.0000000,0.0064712,-23.0589888,0.0870372
3.0225000,0.0000000,0.0070581,-23.0433031,0.1027229
3.0243750,0.0000000,0.0076441,-23.0247746,0.1212514
3.0262500,0.0000000,0.0082301,-23.0062461,0.1397799
3.0281250,0.0000000,0.0088150,-22.9848794,0.1611466
3.0300000,0.0000000,0.0094000,-22.9635127,0.1825133
3.0318750,0.0000000,0.0099838,-22.9393130,0.2067130
3.0337500,0.0000000,0.0105676,-22.9151133,0.2309127
3.0356250,0.0000000,0.0111501,-22.8880866,0.2579394
3.0375000,0.0000000,0.0117326,-22.8610600,0.2849660
3.0393750,0.0000000,0.0123136,-22.8312131,0.3148129
3.0412500,0.0000000,0.0128947,-22.8013661,0.3446599
3.0431250,0.0000000,0.0134741,-22.7687062,0.3773198
3.0450000,0.0000000,0.0140536,-22.7360462,0.4099798
3.0468750,0.0000000,0.0146313,-22.7005814,0.4454446
3.0487500,0.0000000,0.0152090,-22.6651166,0.4809094
3.0506250,0.0000000,0.0157848,-22.6268557,0.5191703
3.0525000,0.0000000,0.0163607,-22.5885947,0.5574313
3.0543750,0.0000000,0.0169345,-22.5475471,0.5984789
3.0562500,0.0000000,0.0175084,-22.5064994,0.6395266
3.0581250,0.0000000,0.0180800,-22.4626752,0.6833508
3.0600000,0.0000000,0.0186517,-22.4188510,0.7271750
3.0618750,0.0000000,0.0192211,-22.3722611,0.7737649
3.0637500,0.0000000,0.0197905,-22.3256711,0.8203549
3.0656250,0.0000000,0.0203574,-22.2763269,0.8696991
3.0675000,0.0000000,0.0209243,-22.2269826,0.9190434
3.0693750,0.0000000,0.0214886,-22.1748963,0.9711297
3.0712500,0.0000000,0.0220530,-22.1228100,1.0232160
3.0731250,0.0000000,0.0226147,-22.0679944,1.0780316
3.0750000,0.0000000,0.0231763,-22.0131788,1.1328472
3.0768750,0.0000000,0.0237350,-21.9556476,1.1903784
3.0787500,0.0000000,0.0242938,-21.8981163,1.2479097
3.0806250,0.0000000,0.0248495,-21.8378835,1.3081425
3.0825000,0.0000000,0.0254053,-21.7776507,1.3683753
3.0843750,0.0000000,0.0259580,-21.7147312,1.4312948
3.0862500,0.0000000,0.0265106,-21.6518118,1.4942142
3.0881250,0.0000000,0.0270599,-21.5862213,1.5598047
3.0900000,0.0000000,0.0276093,-21.5206307,1.6253953
3.0918750,0.0000000,0.0281553,-21.4523852,1.6936408
3.0937500,0.0000000,0.0287013,-21.3841397,1.7618863
3.0956250,0.0000000,0.0292437,-21.3132560,1.8327700
3.0975000,0.0000000,0.0297861,-21.2423724,1.9036536
3.0993750,0.0000000,0.0303248,-21.1688682,1.9771578
3.1012500,0.0000000,0.0308636,-21.0953639,2.0506621
3.1031250,0.0000000,0.0313985,-21.0192572,2.1267688
3.1050000,0.0000000,0.0319334,-20.9431505,2.2028755
3.1068750,0.0000000,0.0324644,-20.8644600,2.2815660
3.1087500,0.0000000,0.0329954,-20.7857696,2.3602564
3.1106250,0.0000000,0.0335223,-20.7045149,2.4415111
3.1125000,0.0000000,0.0340493,-20.6232602,2.5227658
3.1143750,0.0000000,0.0345720,-20.5394612,2.6065648
3.1162500,0.0000000,0.0350947,-20.4556622,2.6903638
3.1181250,0.0000000,0.0356131,-20.3693397,2.7766863
3.1200000,0.0000000,0.0361315,-20.2830172,2.8630088
3.1218750,0.0000000,0.0366454,-20.1941924,2.9518336
3.1237500,0.0000000,0.0371594,-20.1053676,3.0406584
3.1256250,0.0000000,0.0376687,-20.0140625,3.1319635
3.1275000,0.0000000,0.0381781,-19.9227573,3.2232687
3.1293750,0.0000000,0.0386828,-19.8289943,3.3170317
3.1312500,0.0000000,0.0391874,-19.7352314,3.4107946
3.1331250,0.0000000,0.0396872,-19.6390338,3.5069922
3.1350000,0.0000000,0.0401870,-19.5428361,3.6031899
3.1368750,0.0000000,0.0406818,-19.4442275,3.7017985
3.1387500,0.0000000,0.0411767,-19.3456189,3.8004071
3.1406250,0.0000000,0.0416665,-19.2446237,3.9014023
3.1425000,0.0000000,0.0421563,-19.1436285,4.0023975
3.1443750,0.0000000,0.0426408,-19.0402716,4.1057544
3.1462500,0.0000000,0.0431254,-18.9369146,4.2091114
3.1481250,0.0000000,0.0436046,-18.8312215,4.3148045
3.1500000,0.0000000,0.0440839,-18.7255284,4.4204976
3.1518750,0.0000000,0.0445577,-18.6175252,4.5285008
3.1537500,0.0000000,0.0450315,-18.5095219,4.6365041
3.1556250,0.0000000,0.0454997,-18.3992352,4.7467908
3.1575000,0.0000000,0.0459680,-18.2889485,4.8570775
3.1593750,0.0000000,0.0464306,-18.1764055,4.9696205
3.1612500,0.0000000,0.0468932,-18.0638625,5.0821635
3.1631250,0.0000000,0.0473500,-17.9490910,5.1969350
3.1650000,0.0000000,0.0478068,-17.8343195,5.3117065
3.1668750,0.0000000,0.0482577,-17.7173479,5.4286781
3.1687500,0.0000000,0.0487086,-17.6003762,5.5456498
3.1706250,0.0000000,0.0491535,-17.4812333,5.6647927
3.1725000,0.0000000,0.0495984,-17.3620903,5.7839357
3.1743750,0.0000000,0.0500371,-17.2408054,5.9052206
3.1762500,0.0000000,0.0504759,-17.1195205,6.0265055
3.1781250,0.0000000,0.0509085,-16.9961236,6.1499024
3.1800000,0.0000000,0.0513410,-16.8727268,6.2732992
3.1818750,0.0000000,0.0517672,-16.7472484,6.3987776
3.1837500,0.0000000,0.0521935,-16.6217700,6.5242560
3.1856250,0.0000000,0.0526132,-16.4942410,6.6517850
3.1875000,0.0000000,0.0530330,-16.3667119,6.7793141
3.1893750,0.0000000,0.0534463,-16.2371638,6.9088622
3.1912500,0.0000000,0.0538595,-16.1076157,7.0384103
3.1931250,0.0000000,0.0542660,-15.9760804,7.1699456
3.1950000,0.0000000,0.0546726,-15.8445451,7.3014809
3.1968750,0.0000000,0.0550724,-15.7110551,7.4349709
3.1987500,0.0000000,0.0554723,-15.5775651,7.5684609
3.2006250,0.0000000,0.0558653,-15.4421533,7.7038727
3.2025000,0.0000000,0.0562583,-15.3067416,7.8392844
3.2043750,0.0000000,0.0566443,-15.1694415,7.9765845
3.2062500,0.0000000,0.0570304,-15.0321414,8.1138846
3.2081250,0.0000000,0.0574094,-14.8929868,8.2530392
3.2100000,0.0000000,0.0577885,-14.7538322,8.3921938
3.2118750,0.0000000,0.0581604,-14.6128575,8.5331685
3.2137500,0.0000000,0.0585323,-14.4718828,8.6741432
3.2156250,0.0000000,0.0588969,-14.3291227,8.8169033
3.2175000,0.0000000,0.0592616,-14.1863626,8.9596634
3.2193750,0.0000000,0.0596189,-14.0418524,9.1041736
3.2212500,0.0000000,0.0599763,-13.8973421,9.2486839
3.2231250,0.0000000,0.0603263,-13.7511174,9.3949086
3.2250000,0.0000000,0.0606763,-13.6048927,9.5411333
3.2268750,0.0000000,0.0610187,-13.4569896,9.6890364
3.2287500,0.0000000,0.0613612,-13.3090865,9.8369395
3.2306250,0.0000000,0.0616961,-13.1595415,9.9864845
3.2325000,0.0000000,0.0620310,-13.0099965,10.1360295
3.2343750,0.0000000,0.0623583,-12.8588465,10.2871795
3.2362500,0.0000000,0.0626856,-12.7076964,10.4383296
3.2381250,0.0000000,0.0630051,-12.5549787,10.5910473
3.2400000,0.0000000,0.0633246,-12.4022609,10.7437651
3.2418750,0.0000000,0.0636363,-12.2480132,10.8980128
3.2437500,0.0000000,0.0639480,-12.0937654,11.0522606
3.2456250,0.0000000,0.0642518,-11.9380256,11.2080004
3.2475000,0.0000000,0.0645557,-11.7822858,11.3637402
3.2493750,0.0000000,0.0648515,-11.6250925,11.5209335
3.2512500,0.0000000,0.0651474,-11.4678992,11.6781268
3.2531250,0.0000000,0.0654352,-11.3092912,11.8367348
3.2550000,0.0000000,0.0657230,-11.1506831,11.9953429
3.2568750,0.0000000,0.0660027,-10.9906994,12.1553266
3.2587500,0.0000000,0.0662824,-10.8307156,12.3153104
3.2606250,0.0000000,0.0665539,-10.6693958,12.4766302
3.2625000,0.0000000,0.0668255,-10.5080759,12.6379501
3.2643750,0.0000000,0.0670888,-10.3454597,12.8005663
3.2662500,0.0000000,0.0673521,-10.1828435,12.9631825
3.2681250,0.0000000,0.0676070,-10.0189710,13.1270550
3.2700000,0.0000000,0.0678620,-9.8550985,13.2909275
3.2718750,0.0000000,0.0681086,-9.6900102,13.4560158
3.2737500,0.0000000,0.0683552,-9.5249220,13.6211040
3.2756250,0.0000000,0.0685934,-9.3586587,13.7873673
3.2775000,0.0000000,0.0688316,-9.1923954,13.9536306
3.2793750,0.0000000,0.0690613,-9.0249981,14.1210279
3.2812500,0.0000000,0.0692910,-8.8576007,14.2884253
3.2831250,0.0000000,0.0695121,-8.6891106,14.4569154
3.2850000,0.0000000,0.0697332,-8.5206205,14.6254055
3.2868750,0.0000000,0.0699457,-8.3510792,14.7949468
3.2887500,0.0000000,0.0701583,-8.1815379,14.9644881
3.2906250,0.0000000,0.0703622,-8.0109873,15.1350387
3.2925000,0.0000000,0.0705661,-7.8404367,15.3055893
3.2943750,0.0000000,0.0707613,-7.6689188,15.4771072
3.2962500,0.0000000,0.0709564,-7.4974010,15.6486250
3.2981250,0.0000000,0.0711428,-7.3249582,15.8210678
3.3000000,0.0000000,0.0713292,-7.1525154,15.9935106
3.3018750,0.0000000,0.0715068,-6.9791902,16.1668358
3.3037500,0.0000000,0.0716845,-6.8058650,16.3401610
3.3056250,0.0000000,0.0718533,-6.6317002,16.5143258
3.3075000,0.0000000,0.0720220,-6.4575354,16.6884906
3.3093750,0.0000000,0.0721819,-6.2825740,16.8634520
3.3112500,0.0000000,0.0723418,-6.1076125,17.0384135
3.3131250,0.0000000,0.0724927,-5.9318976,17.2141284
3.3150000,0.0000000,0.0726437,-5.7561826,17.3898434
3.3168750,0.0000000,0.0727857,-5.5797575,17.5662685
3.3187500,0.0000000,0.0729277,-5.4033325,17.7426935
3.3206250,0.0000000,0.0730607,-5.2262408,17.9197852
3.3225000,0.0000000,0.0731938,-5.0491491,18.0968769
3.3243750,0.0000000,0.0733177,-4.8714346,18.2745914
3.3262500,0.0000000,0.0734417,-4.6937200,18.4523060
3.3281250,0.0000000,0.0735566,-4.5154264,18.6305996
3.3300000,0.0000000,0.0736715,-4.3371328,18.8088932
3.3318750,0.0000000,0.0737773,-4.1583041,18.9877219
3.3337500,0.0000000,0.0738832,-3.9794754,19.1665506
3.3356250,0.0000000,0.0739799,-3.8001558,19.3458702
3.3375000,0.0000000,0.0740766,-3.6208362,19.5251898
3.3393750,0.0000000,0.0741642,-3.4410699,19.7049561
3.3412500,0.0000000,0.0742518,-3.2613036,19.8847224
3.3431250,0.0000000,0.0743302,-3.0811350,20.0648910
3.3450000,0.0000000,0.0744086,-2.9009663,20.2450597
3.3468750,0.0000000,0.0744778,-2.7204398,20.4255862
3.3487500,0.0000000,0.0745471,-2.5399132,20.6061128
3.3506250,0.0000000,0.0746071,-2.3590734,20.7869526
3.3525000,0.0000000,0.0746671,-2.1782335,20.9677925
3.3543750,0.0000000,0.0747179,-1.9971249,21.1489011
3.3562500,0.0000000,0.0747688,-1.8160163,21.3300097
3.3581250,0.0000000,0.0748104,-1.6346837,21.5113423
3.3600000,0.0000000,0.0748520,-1.4533510,21.6926750
3.3618750,0.0000000,0.0748844,-1.2718391,21.8741869
3.3637500,0.0000000,0.0749167,-1.0903271,22.0556989
3.3656250,0.0000000,0.0749399,-0.9086806,22.2373454
3.3675000,0.0000000,0.0749630,-0.7270342,22.4189918
3.3693750,0.0000000,0.0749768,-0.5452981,22.6007279
3.3712500,0.0000000,0.0749907,-0.3635620,22.7824640
3.3731250,0.0000000,0.0749953,-0.1817810,22.9642450
3.3750000,0.0000000,0.0750000,0.0000000,23.1460260
3.3768750,0.0000000,0.0749953,0.1817810,23.3278070
3.3787500,0.0000000,0.0749907,0.3635620,23.5095880
3.3806250,0.0000000,0.0749768,0.5452981,23.6913241
3.3825000,0.0000000,0.0749630,0.7270342,23.8730602
3.3843750,0.0000000,0.0749399,0.9086806,24.0547066
3.3862500,0.0000000,0.0749167,1.0903271,24.2363531
3.3881250,0.0000000,0.0748844,1.2718391,24.4178651
3.3900000,0.0000000,0.0748520,1.4533510,24.5993770
3.3918750,0.0000000,0.0748104,1.6346836,24.7807096
3.3937500,0.0000000,0.0747688,1.8160163,24.9620423
3.3956250,0.0000000,0.0747180,1.9971249,25.1431509
3.3975000,0.0000000,0.0746671,2.1782335,25.3242595
3.3993750,0.0000000,0.0746071,2.3590734,25.5050994
3.4012500,0.0000000,0.0745471,2.5399132,25.6859392
3.4031250,0.0000000,0.0744779,2.7204397,25.8664657
3.4050000,0.0000000,0.0744086,2.9009663,26.0469923
3.4068750,0.0000000,0.0743302,3.0811349,26.2271609
3.4087500,0.0000000,0.0742518,3.2613036,26.4073296
3.4106250,0.0000000,0.0741642,3.4410699,26.5870959
3.4125000,0.0000000,0.0740766,3.6208362,26.7668622
3.4143750,0.0000000,0.0739799,3.8001558,26.9461818
3.4162500,0.0000000,0.0738832,3.9794754,27.1255014
3.4181250,0.0000000,0.0737774,4.1583041,27.3043301
3.4200000,0.0000000,0.0736715,4.3371328,27.4831588
3.4218750,0.0000000,0.0735566,4.5154264,27.6614524
3.4237500,0.0000000,0.0734417,4.6937200,27.8397460
3.4256250,0.0000000,0.0733178,4.8714345,28.0174605
3.4275000,0.0000000,0.0731938,5.0491491,28.1951751
3.4293750,0.0000000,0.0730608,5.2262408,28.3722668
3.4312500,0.0000000,0.0729277,5.4033325,28.5493585
3.4331250,0.0000000,0.0727857,5.5797575,28.7257835
3.4350000,0.0000000,0.0726437,5.7561826,28.9022086
3.4368750,0.0000000,0.0724928,5.9318975,29.0779235
3.4387500,0.0000000,0.0723418,6.1076125,29.2536385
3.4406250,0.0000000,0.0721819,6.2825739,29.4285999
3.4425000,0.0000000,0.0720220,6.4575354,29.6035614
3.4443750,0.0000000,0.0718533,6.6317002,29.7777262
3.4462500,0.0000000,0.0716845,6.8058650,29.9518910
3.4481250,0.0000000,0.0715069,6.9791902,30.1252162
3.4500000,0.0000000,0.0713292,7.1525154,30.2985414
3.4518750,0.0000000,0.0711428,7.3249582,30.4709842
3.4537500,0.0000000,0.0709564,7.4974010,30.6434270
3.4556250,0.0000000,0.0707613,7.6689188,30.8149448
3.4575000,0.0000000,0.0705661,7.8404367,30.9864627
3.4593750,0.0000000,0.0703622,8.0109873,31.1570133
3.4612500,0.0000000,0.0701583,8.1815379,31.3275639
3.4631250,0.0000000,0.0699458,8.3510792,31.4971052
3.4650000,0.0000000,0.0697332,8.5206205,31.6666465
3.4668750,0.0000000,0.0695121,8.6891106,31.8351366
3.4687500,0.0000000,0.0692910,8.8576007,32.0036267
3.4706250,0.0000000,0.0690613,9.0249981,32.1710241
3.4725000,0.0000000,0.0688316,9.1923954,32.3384214
3.4743750,0.0000000,0.0685934,9.3586587,32.5046847
3.4762500,0.0000000,0.0683552,9.5249220,32.6709480
3.4781250,0.0000000,0.0681086,9.6900102,32.8360362
3.4800000,0.0000000,0.0678620,9.8550985,33.0011245
3.4818750,0.0000000,0.0676070,10.0189710,33.1649970
3.4837500,0.0000000,0.0673521,10.1828435,33.3288695
3.4856250,0.0000000,0.0670888,10.3454597,33.4914857
3.4875000,0.0000000,0.0668255,10.5080759,33.6541019
3.4893750,0.0000000,0.0665540,10.6693957,33.8154217
3.4912500,0.0000000,0.0662824,10.8307156,33.9767416
3.4931250,0.0000000,0.0660027,10.9906994,34.1367254
3.4950000,0.0000000,0.0657230,11.1506831,34.2967091
3.4968750,0.0000000,0.0654352,11.3092911,34.4553171
3.4987500,0.0000000,0.0651474,11.4678992,34.6139252
3.5006250,0.0000000,0.0648516,11.6250925,34.7711185
3.5025000,0.0000000,0.0645557,11.7822858,34.9283118
3.5043750,0.0000000,0.0642518,11.9380256,35.0840516
3.5062500,0.0000000,0.0639480,12.0937654,35.2397914
3.5081250,0.0000000,0.0636363,12.2480131,35.3940391
3.5100000,0.0000000,0.0633246,12.4022609,35.5482869
3.5118750,0.0000000,0.0630051,12.5549786,35.7010046
3.5137500,0.0000000,0.0626856,12.7076964,35.8537224
3.5156250,0.0000000,0.0623583,12.8588465,36.0048725
3.5175000,0.0000000,0.0620310,13.0099965,36.1560225
3.5193750,0.0000000,0.0616961,13.1595415,36.3055675
3.5212500,0.0000000,0.0613612,13.3090865,36.4551125
3.5231250,0.0000000,0.0610188,13.4569896,36.6030156
3.5250000,0.0000000,0.0606763,13.6048927,36.7509187
3.5268750,0.0000000,0.0603263,13.7511174,36.8971434
3.5287500,0.0000000,0.0599763,13.8973421,37.0433681
3.5306250,0.0000000,0.0596190,14.0418523,37.1878783
3.5325000,0.0000000,0.0592616,14.1863626,37.3323886
3.5343750,0.0000000,0.0588970,14.3291227,37.4751487
3.5362500,0.0000000,0.0585323,14.4718828,37.6179088
3.5381250,0.0000000,0.0581604,14.6128575,37.7588835
3.5400000,0.0000000,0.0577885,14.7538322,37.8998582
3.5418750,0.0000000,0.0574095,14.8929868,38.0390128
3.5437500,0.0000000,0.0570304,15.0321414,38.1781674
3.5456250,0.0000000,0.0566444,15.1694415,38.3154675
3.5475000,0.0000000,0.0562583,15.3067416,38.4527676
3.5493750,0.0000000,0.0558653,15.4421533,38.5881793
3.5512500,0.0000000,0.0554723,15.5775651,38.7235911
3.5531250,0.0000000,0.0550724,15.7110551,38.8570811
3.5550000,0.0000000,0.0546726,15.8445451,38.9905711
3.5568750,0.0000000,0.0542661,15.9760804,39.1221064
3.5587500,0.0000000,0.0538595,16.1076157,39.2536417
3.5606250,0.0000000,0.0534463,16.2371638,39.3831898
3.5625000,0.0000000,0.0530330,16.3667119,39.5127379
3.5643750,0.0000000,0.0526132,16.4942410,39.6402670
3.5662500,0.0000000,0.0521935,16.6217700,39.7677960
3.5681250,0.0000000,0.0517673,16.7472484,39.8932744
3.5700000,0.0000000,0.0513410,16.8727268,40.0187528
3.5718750,0.0000000,0.0509085,16.9961236,40.1421496
3.5737500,0.0000000,0.0504759,17.1195205,40.2655465
3.5756250,0.0000000,0.0500371,17.2408054,40.3868314
3.5775000,0.0000000,0.0495984,17.3620903,40.5081163
3.5793750,0.0000000,0.0491535,17.4812332,40.6272592
3.5812500,0.0000000,0.0487086,17.6003762,40.7464022
3.5831250,0.0000000,0.0482577,17.7173478,40.8633738
3.5850000,0.0000000,0.0478068,17.8343195,40.9803455
3.5868750,0.0000000,0.0473500,17.9490910,41.0951170
3.5887500,0.0000000,0.0468932,18.0638625,41.2098885
3.5906250,0.0000000,0.0464306,18.1764055,41.3224315
3.5925000,0.0000000,0.0459680,18.2889485,41.4349745
3.5943750,0.0000000,0.0454998,18.3992352,41.5452612
3.5962500,0.0000000,0.0450315,18.5095219,41.6555479
3.5981250,0.0000000,0.0445577,18.6175251,41.7635511
3.6000000,0.0000000,0.0440839,18.7255284,41.8715544
3.6018750,0.0000000,0.0436047,18.8312215,41.9772475
3.6037500,0.0000000,0.0431254,18.9369146,42.0829406
3.6056250,0.0000000,0.0426409,19.0402715,42.1862975
3.6075000,0.0000000,0.0421563,19.1436285,42.2896545
3.6093750,0.0000000,0.0416665,19.2446237,42.3906497
3.6112500,0.0000000,0.0411767,19.3456189,42.4916449
3.6131250,0.0000000,0.0406819,19.4442275,42.5902535
3.6150000,0.0000000,0.0401870,19.5428361,42.6888621
3.6168750,0.0000000,0.0396872,19.6390337,42.7850597
3.6187500,0.0000000,0.0391874,19.7352314,42.8812574
3.6206250,0.0000000,0.0386828,19.8289943,42.9750203
3.6225000,0.0000000,0.0381781,19.9227573,43.0687833
3.6243750,0.0000000,0.0376688,20.0140624,43.1600884
3.6262500,0.0000000,0.0371594,20.1053676,43.2513936
3.6281250,0.0000000,0.0366455,20.1941924,43.3402184
3.6300000,0.0000000,0.0361315,20.2830172,43.4290432
3.6318750,0.0000000,0.0356131,20.3693397,43.5153657
3.6337500,0.0000000,0.0350947,20.4556622,43.6016882
3.6356250,0.0000000,0.0345720,20.5394612,43.6854872
3.6375000,0.0000000,0.0340493,20.6232602,43.7692862
3.6393750,0.0000000,0.0335224,20.7045149,43.8505409
3.6412500,0.0000000,0.0329954,20.7857696,43.9317956
3.6431250,0.0000000,0.0324644,20.8644600,44.0104860
3.6450000,0.0000000,0.0319334,20.9431505,44.0891765
3.6468750,0.0000000,0.0313985,21.0192572,44.1652832
3.6487500,0.0000000,0.0308636,21.0953639,44.2413899
3.6506250,0.0000000,0.0303249,21.1688681,44.3148941
3.6525000,0.0000000,0.0297861,21.2423724,44.3883984
3.6543750,0.0000000,0.0292437,21.3132560,44.4592820
3.6562500,0.0000000,0.0287013,21.3841397,44.5301657
3.6581250,0.0000000,0.0281553,21.4523852,44.5984112
3.6600000,0.0000000,0.0276093,21.5206307,44.6666567
3.6618750,0.0000000,0.0270600,21.5862212,44.7322472
3.6637500,0.0000000,0.0265106,21.6518118,44.7978378
3.6656250,0.0000000,0.0259580,21.7147312,44.8607572
3.6675000,0.0000000,0.0254053,21.7776507,44.9236767
3.6693750,0.0000000,0.0248495,21.8378835,44.9839095
3.6712500,0.0000000,0.0242938,21.8981163,45.0441423
3.6731250,0.0000000,0.0237351,21.9556475,45.1016735
3.6750000,0.0000000,0.0231763,22.0131788,45.1592048
3.6768750,0.0000000,0.0226147,22.0679944,45.2140204
3.6787500,0.0000000,0.0220530,22.1228100,45.2688360
3.6806250,0.0000000,0.0214886,22.1748963,45.3209223
3.6825000,0.0000000,0.0209243,22.2269826,45.3730086
3.6843750,0.0000000,0.0203574,22.2763268,45.4223528
3.6862500,0.0000000,0.0197905,22.3256711,45.4716971
3.6881250,0.0000000,0.0192211,22.3722610,45.5182870
3.6900000,0.0000000,0.0186517,22.4188510,45.5648770
3.6918750,0.0000000,0.0180800,22.4626752,45.6087012
3.6937500,0.0000000,0.0175084,22.5064994,45.6525254
3.6956250,0.0000000,0.0169346,22.5475470,45.6935730
3.6975000,0.0000000,0.0163607,22.5885947,45.7346207
3.6993750,0.0000000,0.0157849,22.6268557,45.7728817
3.7012500,0.0000000,0.0152090,22.6651166,45.8111426
3.7031250,0.0000000,0.0146313,22.7005814,45.8466074
3.7050000,0.0000000,0.0140536,22.7360462,45.8820722
3.7068750,0.0000000,0.0134742,22.7687061,45.9147321
3.7087500,0.0000000,0.0128947,22.8013661,45.9473921
3.7106250,0.0000000,0.0123137,22.8312130,45.9772390
3.7125000,0.0000000,0.0117326,22.8610600,46.0070860
3.7143750,0.0000000,0.0111501,22.8880866,46.0341126
3.7162500,0.0000000,0.0105676,22.9151133,46.0611393
3.7181250,0.0000000,0.0099838,22.9393130,46.0853390
3.7200000,0.0000000,0.0094000,22.9635127,46.1095387
3.7218750,0.0000000,0.0088151,22.9848794,46.1309054
3.7237500,0.0000000,0.0082301,23.0062461,46.1522721
3.7256250,0.0000000,0.0076441,23.0247746,46.1708006
3.7275000,0.0000000,0.0070581,23.0433031,46.1893291
3.7293750,0.0000000,0.0064713,23.0589888,46.2050148
3.7312500,0.0000000,0.0058844,23.0746745,46.2207005
3.7331250,0.0000000,0.0052969,23.0875136,46.2335396
3.7350000,0.0000000,0.0047093,23.1003526,46.2463786
3.7368750,0.0000000,0.0041212,23.1103418,46.2563678
3.7387500,0.0000000,0.0035330,23.1203310,46.2663570
3.7406250,0.0000000,0.0029444,23.1274679,46.2734939
3.7425000,0.0000000,0.0023558,23.1346048,46.2806308
3.7443750,0.0000000,0.0017669,23.1388877,46.2849137
3.7462500,0.0000000,0.0011780,23.1431705,46.2891965
3.7481250,0.0000000,0.0005890,23.1445982,46.2906242
3.7500000,0.0000000,0.0000000,23.1460260,46.2920520
3.7518750,0.0000000,-0.0005890,23.1445982,46.2906242
3.7537500,0.0000000,-0.0011780,23.1431705,46.2891965
3.7556250,0.0000000,-0.0017669,23.1388877,46.2849137
3.7575000,0.0000000,-0.0023558,23.1346048,46.2806308
3.7593750,0.0000000,-0.0029444,23.1274679,46.2734939
3.7612500,0.0000000,-0.0035330,23.1203310,46.2663570
3.7631250,0.0000000,-0.0041212,23.1103418,46.2563678
3.7650000,0.0000000,-0.0047093,23.1003526,46.2463786
3.7668750,0.0000000,-0.0052968,23.0875136,46.2335396
3.7687500,0.0000000,-0.0058844,23.0746745,46.2207005
3.7706250,0.0000000,-0.0064712,23.0589888,46.2050148
3.7725000,0.0000000,-0.0070581,23.0433031,46.1893291
3.7743750,0.0000000,-0.0076441,23.0247746,46.1708006
3.7762500,0.0000000,-0.0082301,23.0062461,46.1522721
3.7781250,0.0000000,-0.0088150,22.9848794,46.1309054
3.7800000,0.0000000,-0.0094000,22.9635127,46.1095387
3.7818750,0.0000000,-0.0099838,22.9393130,46.0853390
3.7837500,0.0000000,-0.0105676,22.9151133,46.0611393
3.7856250,0.0000000,-0.0111501,22.8880866,46.0341126
3.7875000,0.0000000,-0.0117326,22.8610600,46.0070860
3.7893750,0.0000000,-0.0123136,22.8312131,45.9772391
3.7912500,0.0000000,-0.0128947,22.8013661,45.9473921
3.7931250,0.0000000,-0.0134741,22.7687062,45.9147322
3.7950000,0.0000000,-0.0140536,22.7360462,45.8820722
3.7968750,0.0000000,-0.0146313,22.7005814,45.8466074
3.7987500,0.0000000,-0.0152090,22.6651166,45.8111426
3.8006250,0.0000000,-0.0157848,22.6268557,45.7728817
3.8025000,0.0000000,-0.0163607,22.5885947,45.7346207
3.8043750,0.0000000,-0.0169345,22.5475471,45.6935731
3.8062500,0.0000000,-0.0175084,22.5064994,45.6525254
3.8081250,0.0000000,-0.0180800,22.4626752,45.6087012
3.8100000,0.0000000,-0.0186517,22.4188510,45.5648770
3.8118750,0.0000000,-0.0192211,22.3722611,45.5182871
3.8137500,0.0000000,-0.0197905,22.3256711,45.4716971
3.8156250,0.0000000,-0.0203574,22.2763269,45.4223529
3.8175000,0.0000000,-0.0209243,22.2269826,45.3730086
3.8193750,0.0000000,-0.0214886,22.1748963,45.3209223
3.8212500,0.0000000,-0.0220530,22.1228100,45.2688360
3.8231250,0.0000000,-0.0226146,22.0679944,45.2140204
3.8250000,0.0000000,-0.0231763,22.0131788,45.1592048
3.8268750,0.0000000,-0.0237350,21.9556476,45.1016736
3.8287500,0.0000000,-0.0242938,21.8981163,45.0441423
3.8306250,0.0000000,-0.0248495,21.8378835,44.9839095
3.8325000,0.0000000,-0.0254053,21.7776507,44.9236767
3.8343750,0.0000000,-0.0259579,21.7147313,44.8607573
3.8362500,0.0000000,-0.0265106,21.6518118,44.7978378
3.8381250,0.0000000,-0.0270599,21.5862213,44.7322473
3.8400000,0.0000000,-0.0276093,21.5206307,44.6666567
3.8418750,0.0000000,-0.0281553,21.4523852,44.5984112
3.8437500,0.0000000,-0.0287013,21.3841397,44.5301657
3.8456250,0.0000000,-0.0292437,21.3132560,44.4592820
3.8475000,0.0000000,-0.0297861,21.2423724,44.3883984
3.8493750,0.0000000,-0.0303248,21.1688682,44.3148942
3.8512500,0.0000000,-0.0308636,21.0953639,44.2413899
3.8531250,0.0000000,-0.0313985,21.0192572,44.1652832
3.8550000,0.0000000,-0.0319334,20.9431505,44.0891765
3.8568750,0.0000000,-0.0324644,20.8644600,44.0104860
3.8587500,0.0000000,-0.0329954,20.7857696,43.9317956
3.8606250,0.0000000,-0.0335223,20.7045149,43.8505409
3.8625000,0.0000000,-0.0340493,20.6232602,43.7692862
3.8643750,0.0000000,-0.0345720,20.5394612,43.6854872
3.8662500,0.0000000,-0.0350947,20.4556622,43.6016882
3.8681250,0.0000000,-0.0356131,20.3693397,43.5153657
3.8700000,0.0000000,-0.0361315,20.2830172,43.4290432
3.8718750,0.0000000,-0.0366454,20.1941924,43.3402184
3.8737500,0.0000000,-0.0371594,20.1053676,43.2513936
3.8756250,0.0000000,-0.0376687,20.0140625,43.1600885
3.8775000,0.0000000,-0.0381781,19.9227573,43.0687833
3.8793750,0.0000000,-0.0386828,19.8289943,42.9750203
3.8812500,0.0000000,-0.0391874,19.7352314,42.8812574
3.8831250,0.0000000,-0.0396872,19.6390338,42.7850598
3.8850000,0.0000000,-0.0401870,19.5428361,42.6888621
3.8868750,0.0000000,-0.0406818,19.4442275,42.5902535
3.8887500,0.0000000,-0.0411767,19.3456189,42.4916449
3.8906250,0.0000000,-0.0416665,19.2446237,42.3906497
3.8925000,0.0000000,-0.0421563,19.1436285,42.2896545
3.8943750,0.0000000,-0.0426408,19.0402716,42.1862976
3.8962500,0.0000000,-0.0431254,18.9369146,42.0829406
3.8981250,0.0000000,-0.0436046,18.8312215,41.9772475
3.9000000,0.0000000,-0.0440839,18.7255284,41.8715544
3.9018750,0.0000000,-0.0445577,18.6175251,41.7635511
3.9037500,0.0000000,-0.0450315,18.5095219,41.6555479
3.9056250,0.0000000,-0.0454997,18.3992352,41.5452612
3.9075000,0.0000000,-0.0459680,18.2889485,41.4349745
3.9093750,0.0000000,-0.0464306,18.1764055,41.3224315
3.9112500,0.0000000,-0.0468932,18.0638625,41.2098885
3.9131250,0.0000000,-0.0473500,17.9490910,41.0951170
3.9150000,0.0000000,-0.0478068,17.8343195,40.9803455
3.9168750,0.0000000,-0.0482577,17.7173479,40.8633739
3.9187500,0.0000000,-0.0487086,17.6003762,40.7464022
3.9206250,0.0000000,-0.0491535,17.4812333,40.6272593
3.9225000,0.0000000,-0.0495984,17.3620903,40.5081163
3.9243750,0.0000000,-0.0500371,17.2408054,40.3868314
3.9262500,0.0000000,-0.0504759,17.1195205,40.2655465
3.9281250,0.0000000,-0.0509084,16.9961237,40.1421497
3.9300000,0.0000000,-0.0513410,16.8727268,40.0187528
3.9318750,0.0000000,-0.0517672,16.7472484,39.8932744
3.9337500,0.0000000,-0.0521935,16.6217700,39.7677960
3.9356250,0.0000000,-0.0526132,16.4942410,39.6402670
3.9375000,0.0000000,-0.0530330,16.3667119,39.5127379
3.9393750,0.0000000,-0.0534463,16.2371638,39.3831898
3.9412500,0.0000000,-0.0538595,16.1076157,39.2536417
3.9431250,0.0000000,-0.0542660,15.9760804,39.1221064
3.9450000,0.0000000,-0.0546726,15.8445451,38.9905711
3.9468750,0.0000000,-0.0550724,15.7110551,38.8570811
3.9487500,0.0000000,-0.0554723,15.5775651,38.7235911
3.9506250,0.0000000,-0.0558653,15.4421533,38.5881793
3.9525000,0.0000000,-0.0562583,15.3067416,38.4527676
3.9543750,0.0000000,-0.0566443,15.1694415,38.3154675
3.9562500,0.0000000,-0.0570304,15.0321414,38.1781674
3.9581250,0.0000000,-0.0574094,14.8929868,38.0390128
3.9600000,0.0000000,-0.0577885,14.7538322,37.8998582
3.9618750,0.0000000,-0.0581604,14.6128575,37.7588835
3.9637500,0.0000000,-0.0585323,14.4718828,37.6179088
3.9656250,0.0000000,-0.0588969,14.3291227,37.4751487
3.9675000,0.0000000,-0.0592616,14.1863626,37.3323886
3.9693750,0.0000000,-0.0596189,14.0418524,37.1878784
3.9712500,0.0000000,-0.0599763,13.8973421,37.0433681
3.9731250,0.0000000,-0.0603263,13.7511174,36.8971434
3.9750000,0.0000000,-0.0606763,13.6048927,36.7509187
3.9768750,0.0000000,-0.0610187,13.4569896,36.6030156
3.9787500,0.0000000,-0.0613612,13.3090865,36.4551125
3.9806250,0.0000000,-0.0616961,13.1595415,36.3055675
3.9825000,0.0000000,-0.0620310,13.0099965,36.1560225
3.9843750,0.0000000,-0.0623583,12.8588465,36.0048725
3.9862500,0.0000000,-0.0626856,12.7076964,35.8537224
3.9881250,0.0000000,-0.0630051,12.5549787,35.7010047
3.9900000,0.0000000,-0.0633246,12.4022609,35.5482869
3.9918750,0.0000000,-0.0636363,12.2480132,35.3940392
3.9937500,0.0000000,-0.0639480,12.0937654,35.2397914
3.9956250,0.0000000,-0.0642518,11.9380256,35.0840516
3.9975000,0.0000000,-0.0645557,11.7822858,34.9283118
3.9993750,0.0000000,-0.0648515,11.6250925,34.7711185
4.0012500,0.0000000,-0.0651474,11.4678992,34.6139252
4.0031250,0.0000000,-0.0654352,11.3092912,34.4553172
4.0050000,0.0000000,-0.0657230,11.1506831,34.2967091
4.0068750,0.0000000,-0.0660027,10.9906993,34.1367253
4.0087500,0.0000000,-0.0662824,10.8307156,33.9767416
4.0106250,0.0000000,-0.0665540,10.6693957,33.8154217
4.0125000,0.0000000,-0.0668255,10.5080759,33.6541019
4.0143750,0.0000000,-0.0670888,10.3454597,33.4914857
4.0162500,0.0000000,-0.0673521,10.1828435,33.3288695
4.0181250,0.0000000,-0.0676070,10.0189710,33.1649970
4.0200000,0.0000000,-0.0678620,9.8550985,33.0011245
4.0218750,0.0000000,-0.0681086,9.6900103,32.8360363
4.0237500,0.0000000,-0.0683552,9.5249220,32.6709480
4.0256250,0.0000000,-0.0685934,9.3586587,32.5046847
4.0275000,0.0000000,-0.0688316,9.1923954,32.3384214
4.0293750,0.0000000,-0.0690613,9.0249981,32.1710241
4.0312500,0.0000000,-0.0692910,8.8576007,32.0036267
4.0331250,0.0000000,-0.0695121,8.6891106,31.8351366
4.0350000,0.0000000,-0.0697332,8.5206205,31.6666465
4.0368750,0.0000000,-0.0699458,8.3510792,31.4971052
4.0387500,0.0000000,-0.0701583,8.1815379,31.3275639
4.0406250,0.0000000,-0.0703622,8.0109873,31.1570133
4.0425000,0.0000000,-0.0705661,7.8404367,30.9864627
4.0443750,0.0000000,-0.0707612,7.6689189,30.8149449
4.0462500,0.0000000,-0.0709564,7.4974010,30.6434270
4.0481250,0.0000000,-0.0711428,7.3249582,30.4709842
4.0500000,0.0000000,-0.0713292,7.1525154,30.2985414
4.0518750,0.0000000,-0.0715068,6.9791902,30.1252162
4.0537500,0.0000000,-0.0716845,6.8058650,29.9518910
4.0556250,0.0000000,-0.0718533,6.6317002,29.7777262
4.0575000,0.0000000,-0.0720220,6.4575354,29.6035614
4.0593750,0.0000000,-0.0721819,6.2825739,29.4285999
4.0612500,0.0000000,-0.0723418,6.1076125,29.2536385
4.0631250,0.0000000,-0.0724927,5.9318976,29.0779236
4.0650000,0.0000000,-0.0726437,5.7561826,28.9022086
4.0668750,0.0000000,-0.0727857,5.5797576,28.7257836
4.0687500,0.0000000,-0.0729277,5.4033325,28.5493585
4.0706250,0.0000000,-0.0730607,5.2262408,28.3722668
4.0725000,0.0000000,-0.0731938,5.0491491,28.1951751
4.0743750,0.0000000,-0.0733177,4.8714346,28.0174606
4.0762500,0.0000000,-0.0734417,4.6937200,27.8397460
4.0781250,0.0000000,-0.0735566,4.5154264,27.6614524
4.0800000,0.0000000,-0.0736715,4.3371328,27.4831588
4.0818750,0.0000000,-0.0737774,4.1583041,27.3043301
4.0837500,0.0000000,-0.0738832,3.9794754,27.1255014
4.0856250,0.0000000,-0.0739799,3.8001558,26.9461818
4.0875000,0.0000000,-0.0740766,3.6208362,26.7668622
4.0893750,0.0000000,-0.0741642,3.4410699,26.5870959
4.0912500,0.0000000,-0.0742518,3.2613036,26.4073296
4.0931250,0.0000000,-0.0743302,3.0811350,26.2271610
4.0950000,0.0000000,-0.0744086,2.9009663,26.0469923
4.0968750,0.0000000,-0.0744778,2.7204398,25.8664658
4.0987500,0.0000000,-0.0745471,2.5399132,25.6859392
4.1006250,0.0000000,-0.0746071,2.3590733,25.5050993
4.1025000,0.0000000,-0.0746671,2.1782335,25.3242595
4.1043750,0.0000000,-0.0747180,1.9971249,25.1431509
4.1062500,0.0000000,-0.0747688,1.8160163,24.9620423
4.1081250,0.0000000,-0.0748104,1.6346836,24.7807096
4.1100000,0.0000000,-0.0748520,1.4533510,24.5993770
4.1118750,0.0000000,-0.0748843,1.2718391,24.4178651
4.1137500,0.0000000,-0.0749167,1.0903271,24.2363531
4.1156250,0.0000000,-0.0749399,0.9086807,24.0547067
4.1175000,0.0000000,-0.0749630,0.7270342,23.8730602
4.1193750,0.0000000,-0.0749768,0.5452981,23.6913241
4.1212500,0.0000000,-0.0749907,0.3635620,23.5095880
4.1231250,0.0000000,-0.0749953,0.1817810,23.3278070
4.1250000,0.0000000,-0.0750000,0.0000000,23.1460260
4.1268750,0.0000000,-0.0749953,-0.1817810,22.9642450
4.1287500,0.0000000,-0.0749907,-0.3635620,22.7824640
4.1306250,0.0000000,-0.0749768,-0.5452981,22.6007279
4.1325000,0.0000000,-0.0749630,-0.7270342,22.4189918
4.1343750,0.0000000,-0.0749399,-0.9086806,22.2373454
4.1362500,0.0000000,-0.0749167,-1.0903271,22.0556989
4.1381250,0.0000000,-0.0748844,-1.2718390,21.8741870
4.1400000,0.0000000,-0.0748520,-1.4533510,21.6926750
4.1418750,0.0000000,-0.0748104,-1.6346836,21.5113424
4.1437500,0.0000000,-0.0747688,-1.8160163,21.3300097
4.1456250,0.0000000,-0.0747180,-1.9971249,21.1489011
4.1475000,0.0000000,-0.0746671,-2.1782335,20.9677925
4.1493750,0.0000000,-0.0746071,-2.3590733,20.7869526
4.1512500,0.0000000,-0.0745471,-2.5399132,20.6061128
4.1531250,0.0000000,-0.0744778,-2.7204398,20.4255862
4.1550000,0.0000000,-0.0744086,-2.9009663,20.2450597
4.1568750,0.0000000,-0.0743302,-3.0811349,20.0648911
4.1587500,0.0000000,-0.0742518,-3.2613036,19.8847224
4.1606250,0.0000000,-0.0741642,-3.4410699,19.7049561
4.1625000,0.0000000,-0.0740766,-3.6208362,19.5251898
4.1643750,0.0000000,-0.0739799,-3.8001558,19.3458702
4.1662500,0.0000000,-0.0738832,-3.9794754,19.1665506
4.1681250,0.0000000,-0.0737774,-4.1583041,18.9877219
4.1700000,0.0000000,-0.0736715,-4.3371328,18.8088932
4.1718750,0.0000000,-0.0735566,-4.5154264,18.6305996
4.1737500,0.0000000,-0.0734417,-4.6937200,18.4523060
4.1756250,0.0000000,-0.0733177,-4.8714346,18.2745914
4.1775000,0.0000000,-0.0731938,-5.0491491,18.0968769
4.1793750,0.0000000,-0.0730607,-5.2262408,17.9197852
4.1812500,0.0000000,-0.0729277,-5.4033325,17.7426935
4.1831250,0.0000000,-0.0727857,-5.5797575,17.5662685
4.1850000,0.0000000,-0.0726437,-5.7561826,17.3898434
4.1868750,0.0000000,-0.0724928,-5.9318975,17.2141285
4.1887500,0.0000000,-0.0723418,-6.1076125,17.0384135
4.1906250,0.0000000,-0.0721819,-6.2825739,16.8634521
4.1925000,0.0000000,-0.0720220,-6.4575354,16.6884906
4.1943750,0.0000000,-0.0718533,-6.6317002,16.5143258
4.1962500,0.0000000,-0.0716845,-6.8058650,16.3401610
4.1981250,0.0000000,-0.0715068,-6.9791902,16.1668358
4.2000000,0.0000000,-0.0713292,-7.1525154,15.9935106
4.2018750,0.0000000,-0.0711428,-7.3249582,15.8210678
4.2037500,0.0000000,-0.0709564,-7.4974010,15.6486250
4.2056250,0.0000000,-0.0707613,-7.6689188,15.4771072
4.2075000,0.0000000,-0.0705661,-7.8404367,15.3055893
4.2093750,0.0000000,-0.0703622,-8.0109873,15.1350387
4.2112500,0.0000000,-0.0701583,-8.1815379,14.9644881
4.2131250,0.0000000,-0.0699458,-8.3510792,14.7949468
4.2150000,0.0000000,-0.0697332,-8.5206205,14.6254055
4.2168750,0.0000000,-0.0695121,-8.6891106,14.4569154
4.2187500,0.0000000,-0.0692910,-8.8576007,14.2884253
4.2206250,0.0000000,-0.0690613,-9.0249981,14.1210279
4.2225000,0.0000000,-0.0688316,-9.1923954,13.9536306
4.2243750,0.0000000,-0.0685934,-9.3586587,13.7873673
4.2262500,0.0000000,-0.0683552,-9.5249220,13.6211040
4.2281250,0.0000000,-0.0681086,-9.6900102,13.4560158
4.2300000,0.0000000,-0.0678620,-9.8550985,13.2909275
4.2318750,0.0000000,-0.0676071,-10.0189710,13.1270550
4.2337500,0.0000000,-0.0673521,-10.1828435,12.9631825
4.2356250,0.0000000,-0.0670888,-10.3454597,12.8005663
4.2375000,0.0000000,-0.0668255,-10.5080759,12.6379501
4.2393750,0.0000000,-0.0665540,-10.6693957,12.4766303
4.2412500,0.0000000,-0.0662824,-10.8307156,12.3153104
4.2431250,0.0000000,-0.0660027,-10.9906993,12.1553266
4.2450000,0.0000000,-0.0657230,-11.1506831,11.9953429
4.2468750,0.0000000,-0.0654352,-11.3092912,11.8367348
4.2487500,0.0000000,-0.0651474,-11.4678992,11.6781268
4.2506250,0.0000000,-0.0648516,-11.6250925,11.5209335
4.2525000,0.0000000,-0.0645557,-11.7822858,11.3637402
4.2543750,0.0000000,-0.0642519,-11.9380256,11.2080004
4.2562500,0.0000000,-0.0639480,-12.0937654,11.0522606
4.2581250,0.0000000,-0.0636363,-12.2480131,10.8980129
4.2600000,0.0000000,-0.0633246,-12.4022609,10.7437651
4.2618750,0.0000000,-0.0630051,-12.5549786,10.5910474
4.2637500,0.0000000,-0.0626856,-12.7076964,10.4383296
4.2656250,0.0000000,-0.0623583,-12.8588465,10.2871795
4.2675000,0.0000000,-0.0620310,-13.0099965,10.1360295
4.2693750,0.0000000,-0.0616961,-13.1595415,9.9864845
4.2712500,0.0000000,-0.0613612,-13.3090865,9.8369395
4.2731250,0.0000000,-0.0610187,-13.4569896,9.6890364
4.2750000,0.0000000,-0.0606763,-13.6048927,9.5411333
4.2768750,0.0000000,-0.0603263,-13.7511174,9.3949086
4.2787500,0.0000000,-0.0599763,-13.8973421,9.2486839
4.2806250,0.0000000,-0.0596190,-14.0418523,9.1041737
4.2825000,0.0000000,-0.0592616,-14.1863626,8.9596634
4.2843750,0.0000000,-0.0588970,-14.3291227,8.8169033
4.2862500,0.0000000,-0.0585323,-14.4718828,8.6741432
4.2881250,0.0000000,-0.0581604,-14.6128575,8.5331685
4.2900000,0.0000000,-0.0577885,-14.7538322,8.3921938
4.2918750,0.0000000,-0.0574094,-14.8929868,8.2530392
4.2937500,0.0000000,-0.0570304,-15.0321414,8.1138846
4.2956250,0.0000000,-0.0566443,-15.1694415,7.9765845
4.2975000,0.0000000,-0.0562583,-15.3067416,7.8392844
4.2993750,0.0000000,-0.0558653,-15.4421533,7.7038727
4.3012500,0.0000000,-0.0554723,-15.5775651,7.5684609
4.3031250,0.0000000,-0.0550725,-15.7110551,7.4349709
4.3050000,0.0000000,-0.0546726,-15.8445451,7.3014809
4.3068750,0.0000000,-0.0542661,-15.9760804,7.1699456
4.3087500,0.0000000,-0.0538595,-16.1076157,7.0384103
4.3106250,0.0000000,-0.0534463,-16.2371638,6.9088622
4.3125000,0.0000000,-0.0530330,-16.3667119,6.7793141
4.3143750,0.0000000,-0.0526132,-16.4942410,6.6517850
4.3162500,0.0000000,-0.0521935,-16.6217700,6.5242560
4.3181250,0.0000000,-0.0517672,-16.7472484,6.3987776
4.3200000,0.0000000,-0.0513410,-16.8727268,6.2732992
4.3218750,0.0000000,-0.0509085,-16.9961236,6.1499024
4.3237500,0.0000000,-0.0504759,-17.1195205,6.0265055
4.3256250,0.0000000,-0.0500372,-17.2408054,5.9052206
4.3275000,0.0000000,-0.0495984,-17.3620903,5.7839357
4.3293750,0.0000000,-0.0491535,-17.4812332,5.6647928
4.3312500,0.0000000,-0.0487086,-17.6003762,5.5456498
4.3331250,0.0000000,-0.0482577,-17.7173478,5.4286782
4.3350000,0.0000000,-0.0478068,-17.8343195,5.3117065
4.3368750,0.0000000,-0.0473500,-17.9490910,5.1969350
4.3387500,0.0000000,-0.0468932,-18.0638625,5.0821635
4.3406250,0.0000000,-0.0464306,-18.1764055,4.9696205
4.3425000,0.0000000,-0.0459680,-18.2889485,4.8570775
4.3443750,0.0000000,-0.0454998,-18.3992352,4.7467908
4.3462500,0.0000000,-0.0450315,-18.5095219,4.6365041
4.3481250,0.0000000,-0.0445577,-18.6175251,4.5285009
4.3500000,0.0000000,-0.0440839,-18.7255284,4.4204976
4.3518750,0.0000000,-0.0436047,-18.8312215,4.3148045
4.3537500,0.0000000,-0.0431254,-18.9369146,4.2091114
4.3556250,0.0000000,-0.0426409,-19.0402715,4.1057545
4.3575000,0.0000000,-0.0421563,-19.1436285,4.0023975
4.3593750,0.0000000,-0.0416665,-19.2446237,3.9014023
4.3612500,0.0000000,-0.0411767,-19.3456189,3.8004071
4.3631250,0.0000000,-0.0406818,-19.4442275,3.7017985
4.3650000,0.0000000,-0.0401870,-19.5428361,3.6031899
4.3668750,0.0000000,-0.0396872,-19.6390337,3.5069923
4.3687500,0.0000000,-0.0391874,-19.7352314,3.4107946
4.3706250,0.0000000,-0.0386828,-19.8289943,3.3170317
4.3725000,0.0000000,-0.0381781,-19.9227573,3.2232687
4.3743750,0.0000000,-0.0376688,-20.0140624,3.1319636
4.3762500,0.0000000,-0.0371594,-20.1053676,3.0406584
4.3781250,0.0000000,-0.0366455,-20.1941924,2.9518336
4.3800000,0.0000000,-0.0361315,-20.2830172,2.8630088
4.3818750,0.0000000,-0.0356131,-20.3693397,2.7766863
4.3837500,0.0000000,-0.0350947,-20.4556622,2.6903638
4.3856250,0.0000000,-0.0345720,-20.5394612,2.6065648
4.3875000,0.0000000,-0.0340493,-20.6232602,2.5227658
4.3893750,0.0000000,-0.0335223,-20.7045149,2.4415111
4.3912500,0.0000000,-0.0329954,-20.7857696,2.3602564
4.3931250,0.0000000,-0.0324644,-20.8644600,2.2815660
4.3950000,0.0000000,-0.0319334,-20.9431505,2.2028755
4.3968750,0.0000000,-0.0313985,-21.0192572,2.1267688
4.3987500,0.0000000,-0.0308636,-21.0953639,2.0506621
4.4006250,0.0000000,-0.0303249,-21.1688681,1.9771579
4.4025000,0.0000000,-0.0297861,-21.2423724,1.9036536
4.4043750,0.0000000,-0.0292437,-21.3132560,1.8327700
4.4062500,0.0000000,-0.0287013,-21.3841397,1.7618863
4.4081250,0.0000000,-0.0281553,-21.4523852,1.6936408
4.4100000,0.0000000,-0.0276093,-21.5206307,1.6253953
4.4118750,0.0000000,-0.0270599,-21.5862213,1.5598047
4.4137500,0.0000000,-0.0265106,-21.6518118,1.4942142
4.4156250,0.0000000,-0.0259580,-21.7147312,1.4312948
4.4175000,0.0000000,-0.0254053,-21.7776507,1.3683753
4.4193750,0.0000000,-0.0248496,-21.8378835,1.3081425
4.4212500,0.0000000,-0.0242938,-21.8981163,1.2479097
4.4231250,0.0000000,-0.0237351,-21.9556475,1.1903785
4.4250000,0.0000000,-0.0231763,-22.0131788,1.1328472
4.4268750,0.0000000,-0.0226147,-22.0679944,1.0780316
4.4287500,0.0000000,-0.0220530,-22.1228100,1.0232160
4.4306250,0.0000000,-0.0214886,-22.1748963,0.9711297
4.4325000,0.0000000,-0.0209243,-22.2269826,0.9190434
4.4343750,0.0000000,-0.0203574,-22.2763269,0.8696991
4.4362500,0.0000000,-0.0197905,-22.3256711,0.8203549
4.4381250,0.0000000,-0.0192211,-22.3722610,0.7737650
4.4400000,0.0000000,-0.0186517,-22.4188510,0.7271750
4.4418750,0.0000000,-0.0180801,-22.4626752,0.6833508
4.4437500,0.0000000,-0.0175084,-22.5064994,0.6395266
4.4456250,0.0000000,-0.0169346,-22.5475470,0.5984790
4.4475000,0.0000000,-0.0163607,-22.5885947,0.5574313
4.4493750,0.0000000,-0.0157849,-22.6268556,0.5191703
4.4512500,0.0000000,-0.0152090,-22.6651166,0.4809094
4.4531250,0.0000000,-0.0146313,-22.7005814,0.4454446
4.4550000,0.0000000,-0.0140536,-22.7360462,0.4099798
4.4568750,0.0000000,-0.0134741,-22.7687062,0.3773198
4.4587500,0.0000000,-0.0128947,-22.8013661,0.3446599
4.4606250,0.0000000,-0.0123137,-22.8312130,0.3148130
4.4625000,0.0000000,-0.0117326,-22.8610600,0.2849660
4.4643750,0.0000000,-0.0111501,-22.8880866,0.2579394
4.4662500,0.0000000,-0.0105676,-22.9151133,0.2309127
4.4681250,0.0000000,-0.0099838,-22.9393130,0.2067130
4.4700000,0.0000000,-0.0094000,-22.9635127,0.1825133
4.4718750,0.0000000,-0.0088151,-22.9848794,0.1611466
4.4737500,0.0000000,-0.0082301,-23.0062461,0.1397799
4.4756250,0.0000000,-0.0076441,-23.0247746,0.1212514
4.4775000,0.0000000,-0.0070581,-23.0433031,0.1027229
4.4793750,0.0000000,-0.0064712,-23.0589888,0.0870372
4.4812500,0.0000000,-0.0058844,-23.0746745,0.0713515
4.4831250,0.0000000,-0.0052968,-23.0875136,0.0585124
4.4850000,0.0000000,-0.0047093,-23.1003526,0.0456734
4.4868750,0.0000000,-0.0041212,-23.1103418,0.0356842
4.4887500,0.0000000,-0.0035330,-23.1203310,0.0256950
4.4906250,0.0000000,-0.0029444,-23.1274679,0.0185581
4.4925000,0.0000000,-0.0023558,-23.1346048,0.0114212
4.4943750,0.0000000,-0.0017669,-23.1388877,0.0071383
4.4962500,0.0000000,-0.0011780,-23.1431705,0.0028555
4.4981250,0.0000000,-0.0005890,-23.1445982,0.0014278
4.5000000,0.0000000,0.0000000,-23.1460260,0.0000000
4.5018750,0.0000000,0.0005890,-23.1445982,0.0014278
4.5037500,0.0000000,0.0011780,-23.1431705,0.0028555
4.5056250,0.0000000,0.0017669,-23.1388877,0.0071383
4.5075000,0.0000000,0.0023558,-23.1346048,0.0114212
4.5093750,0.0000000,0.0029444,-23.1274679,0.0185581
4.5112500,0.0000000,0.0035330,-23.1203310,0.0256950
4.5131250,0.0000000,0.0041211,-23.1103418,0.0356842
4.5150000,0.0000000,0.0047093,-23.1003526,0.0456734
4.5168750,0.0000000,0.0052968,-23.0875136,0.0585124
4.5187500,0.0000000,0.0058844,-23.0746745,0.0713515
4.5206250,0.0000000,0.0064712,-23.0589888,0.0870372
4.5225000,0.0000000,0.0070581,-23.0433031,0.1027229
4.5243750,0.0000000,0.0076441,-23.0247746,0.1212514
4.5262500,0.0000000,0.0082301,-23.0062461,0.1397799
4.5281250,0.0000000,0.0088151,-22.9848794,0.1611466
4.5300000,0.0000000,0.0094000,-22.9635127,0.1825133
4.5318750,0.0000000,0.0099838,-22.9393130,0.2067130
4.5337500,0.0000000,0.0105676,-22.9151133,0.2309127
4.5356250,0.0000000,0.0111501,-22.8880867,0.2579393
4.5375000,0.0000000,0.0117326,-22.8610600,0.2849660
4.5393750,0.0000000,0.0123136,-22.8312131,0.3148129
4.5412500,0.0000000,0.0128947,-22.8013661,0.3446599
4.5431250,0.0000000,0.0134741,-22.7687062,0.3773198
4.5450000,0.0000000,0.0140536,-22.7360462,0.4099798
4.5468750,0.0000000,0.0146313,-22.7005814,0.4454446
4.5487500,0.0000000,0.0152090,-22.6651166,0.4809094
4.5506250,0.0000000,0.0157849,-22.6268556,0.5191703
4.5525000,0.0000000,0.0163607,-22.5885947,0.5574313
4.5543750,0.0000000,0.0169345,-22.5475471,0.5984789
4.5562500,0.0000000,0.0175084,-22.5064994,0.6395266
4.5581250,0.0000000,0.0180800,-22.4626752,0.6833508
4.5600000,0.0000000,0.0186517,-22.4188510,0.7271750
4.5618750,0.0000000,0.0192211,-22.3722611,0.7737649
4.5637500,0.0000000,0.0197905,-22.3256711,0.8203549
4.5656250,0.0000000,0.0203574,-22.2763269,0.8696991
4.5675000,0.0000000,0.0209243,-22.2269826,0.9190434
4.5693750,0.0000000,0.0214886,-22.1748963,0.9711297
4.5712500,0.0000000,0.0220530,-22.1228100,1.0232160
4.5731250,0.0000000,0.0226147,-22.0679944,1.0780316
4.5750000,0.0000000,0.0231763,-22.0131788,1.1328472
4.5768750,0.0000000,0.0237351,-21.9556475,1.1903785
4.5787500,0.0000000,0.0242938,-21.8981163,1.2479097
4.5806250,0.0000000,0.0248495,-21.8378835,1.3081425
4.5825000,0.0000000,0.0254053,-21.7776507,1.3683753
4.5843750,0.0000000,0.0259579,-21.7147313,1.4312947
4.5862500,0.0000000,0.0265106,-21.6518118,1.4942142
4.5881250,0.0000000,0.0270599,-21.5862213,1.5598047
4.5900000,0.0000000,0.0276093,-21.5206307,1.6253953
