t,Ex,Ez,tipx,tipz,psi_deg,phi_deg,power,beta_deg,rx,ry,rz
0.000000,0.028473,-0.010847,0.074473,-0.090521,120.000000,105.000000,1.000000,0.000000,0.000000,-0.000000,0.000000
0.000900,0.028472,-0.010845,0.074469,-0.090521,119.997900,105.000000,1.000000,0.000000,0.000000,0.002100,0.000000
0.001800,0.028471,-0.010841,0.074459,-0.090523,119.991602,105.000000,1.000000,0.000000,0.000000,0.008398,0.000000
0.002700,0.028468,-0.010835,0.074442,-0.090525,119.981104,105.000000,1.000000,0.000000,0.000000,0.018896,0.000000
0.003600,0.028464,-0.010826,0.074417,-0.090527,119.966407,105.000000,1.000000,0.000000,0.000000,0.033593,0.000000
0.004500,0.028459,-0.010815,0.074386,-0.090531,119.947512,105.000000,1.000000,0.000000,0.000000,0.052488,0.000000
0.005400,0.028453,-0.010801,0.074348,-0.090535,119.924417,105.000000,1.000000,0.000000,0.000000,0.075583,0.000000
0.006300,0.028446,-0.010784,0.074303,-0.090541,119.897123,105.000000,1.000000,0.000000,0.000000,0.102877,0.000000
0.007200,0.028438,-0.010765,0.074251,-0.090547,119.865630,105.000000,1.000000,0.000000,0.000000,0.134370,0.000000
0.008100,0.028429,-0.010743,0.074192,-0.090553,119.829938,105.000000,1.000000,0.000000,0.000000,0.170062,0.000000
0.009000,0.028419,-0.010719,0.074126,-0.090561,119.790046,105.000000,1.000000,0.000000,0.000000,0.209954,0.000000
0.009900,0.028407,-0.010692,0.074054,-0.090569,119.745956,105.000000,1.000000,0.000000,0.000000,0.254044,0.000000
0.010800,0.028395,-0.010662,0.073974,-0.090578,119.697667,105.000000,1.000000,0.000000,0.000000,0.302333,0.000000
0.011700,0.028382,-0.010630,0.073887,-0.090588,119.645179,105.000000,1.000000,0.000000,0.000000,0.354821,0.000000
0.012600,0.028367,-0.010595,0.073794,-0.090598,119.588491,105.000000,1.000000,0.000000,0.000000,0.411509,0.000000
0.013500,0.028352,-0.010558,0.073693,-0.090609,119.527605,105.000000,1.000000,0.000000,0.000000,0.472395,0.000000
0.014400,0.028335,-0.010518,0.073586,-0.090621,119.462519,105.000000,1.000000,0.000000,0.000000,0.537481,0.000000
0.015300,0.028318,-0.010476,0.073471,-0.090633,119.393234,105.000000,1.000000,0.000000,0.000000,0.606766,0.000000
0.016200,0.028299,-0.010431,0.073350,-0.090646,119.319751,105.000000,1.000000,0.000000,0.000000,0.680249,0.000000
0.017100,0.028280,-0.010383,0.073222,-0.090659,119.242068,105.000000,1.000000,0.000000,0.000000,0.757932,0.000000
0.018000,0.028259,-0.010333,0.073086,-0.090673,119.160186,105.000000,1.000000,0.000000,0.000000,0.839814,0.000000
0.018900,0.028237,-0.010280,0.072944,-0.090688,119.074105,105.000000,1.000000,0.000000,0.000000,0.925895,0.000000
0.019800,0.028215,-0.010225,0.072795,-0.090702,118.983825,105.000000,1.000000,0.000000,0.000000,1.016175,0.000000
0.020700,0.028192,-0.010167,0.072639,-0.090718,118.889346,105.000000,1.000000,0.000000,0.000000,1.110654,0.000000
0.021600,0.028167,-0.010106,0.072475,-0.090734,118.790668,105.000000,1.000000,0.000000,0.000000,1.209332,0.000000
0.022500,0.028142,-0.010043,0.072305,-0.090750,118.687791,105.000000,1.000000,0.000000,0.000000,1.312209,0.000000
0.023400,0.028116,-0.009977,0.072128,-0.090766,118.580714,105.000000,1.000000,0.000000,0.000000,1.419286,0.000000
0.024300,0.028089,-0.009908,0.071944,-0.090783,118.469439,105.000000,1.000000,0.000000,0.000000,1.530561,0.000000
0.025200,0.028061,-0.009837,0.071753,-0.090800,118.353965,105.000000,1.000000,0.000000,0.000000,1.646035,0.000000
0.026100,0.028032,-0.009763,0.071555,-0.090817,118.234291,105.000000,1.000000,0.000000,0.000000,1.765709,0.000000
0.027000,0.028002,-0.009687,0.071350,-0.090835,118.110418,105.000000,1.000000,0.000000,0.000000,1.889582,0.000000
0.027900,0.027972,-0.009608,0.071138,-0.090852,117.982347,105.000000,1.000000,0.000000,0.000000,2.017653,0.000000
0.028800,0.027940,-0.009526,0.070919,-0.090870,117.850076,105.000000,1.000000,0.000000,0.000000,2.149924,0.000000
0.029700,0.027908,-0.009441,0.070693,-0.090887,117.713606,105.000000,1.000000,0.000000,0.000000,2.286394,0.000000
0.030600,0.027875,-0.009354,0.070460,-0.090905,117.572938,105.000000,1.000000,0.000000,0.000000,2.427062,0.000000
0.031500,0.027842,-0.009264,0.070220,-0.090923,117.428070,105.000000,1.000000,0.000000,0.000000,2.571930,0.000000
0.032400,0.027807,-0.009172,0.069973,-0.090940,117.279003,105.000000,1.000000,0.000000,0.000000,2.720997,0.000000
0.033300,0.027772,-0.009077,0.069719,-0.090957,117.125737,105.000000,1.000000,0.000000,0.000000,2.874263,0.000000
0.034200,0.027736,-0.008979,0.069458,-0.090974,116.968271,105.000000,1.000000,0.000000,0.000000,3.031729,0.000000
0.035100,0.027700,-0.008878,0.069190,-0.090991,116.806607,105.000000,1.000000,0.000000,0.000000,3.193393,0.000000
0.036000,0.027663,-0.008774,0.068915,-0.091007,116.640744,105.000000,1.000000,0.000000,0.000000,3.359256,0.000000
0.036900,0.027625,-0.008668,0.068633,-0.091023,116.470682,105.000000,1.000000,0.000000,0.000000,3.529318,0.000000
0.037800,0.027587,-0.008559,0.068344,-0.091039,116.296420,105.000000,1.000000,0.000000,0.000000,3.703580,0.000000
0.038700,0.027548,-0.008448,0.068048,-0.091054,116.117960,105.000000,1.000000,0.000000,0.000000,3.882040,0.000000
0.039600,0.027508,-0.008334,0.067745,-0.091068,115.935300,105.000000,1.000000,0.000000,0.000000,4.064700,0.000000
0.040500,0.027468,-0.008216,0.067435,-0.091082,115.748442,105.000000,1.000000,0.000000,0.000000,4.251558,0.000000
0.041400,0.027428,-0.008097,0.067118,-0.091095,115.557438,105.000000,1.000000,0.000000,0.000000,4.442562,0.000000
0.042300,0.027387,-0.007976,0.066799,-0.091107,115.364952,105.000000,1.000000,0.000000,0.000000,4.635048,0.000000
0.043200,0.027347,-0.007855,0.066479,-0.091117,115.172467,105.000000,1.000000,0.000000,0.000000,4.827533,0.000000
0.044100,0.027308,-0.007733,0.066159,-0.091127,114.979982,105.000000,1.000000,0.000000,0.000000,5.020018,0.000000
0.045000,0.027268,-0.007612,0.065840,-0.091136,114.787496,105.000000,1.000000,0.000000,0.000000,5.212504,0.000000
0.045900,0.027230,-0.007491,0.065520,-0.091144,114.595011,105.000000,1.000000,0.000000,0.000000,5.404989,0.000000
0.046800,0.027191,-0.007369,0.065201,-0.091150,114.402525,105.000000,1.000000,0.000000,0.000000,5.597475,0.000000
0.047700,0.027153,-0.007247,0.064881,-0.091156,114.210040,105.000000,1.000000,0.000000,0.000000,5.789960,0.000000
0.048600,0.027116,-0.007125,0.064561,-0.091160,114.017555,105.000000,1.000000,0.000000,0.000000,5.982445,0.000000
0.049500,0.027079,-0.007004,0.064242,-0.091164,113.825069,105.000000,1.000000,0.000000,0.000000,6.174931,0.000000
0.050400,0.027042,-0.006881,0.063922,-0.091166,113.632584,105.000000,1.000000,0.000000,0.000000,6.367416,0.000000
0.051300,0.027005,-0.006759,0.063602,-0.091167,113.440099,105.000000,1.000000,0.000000,0.000000,6.559901,0.000000
0.052200,0.026969,-0.006637,0.063282,-0.091167,113.247613,105.000000,1.000000,0.000000,0.000000,6.752387,0.000000
0.053100,0.026934,-0.006514,0.062963,-0.091166,113.055128,105.000000,1.000000,0.000000,0.000000,6.944872,0.000000
0.054000,0.026899,-0.006392,0.062643,-0.091164,112.862642,105.000000,1.000000,0.000000,0.000000,7.137358,0.000000
0.054900,0.026864,-0.006269,0.062323,-0.091161,112.670157,105.000000,1.000000,0.000000,0.000000,7.329843,0.000000
0.055800,0.026830,-0.006146,0.062004,-0.091157,112.477672,105.000000,1.000000,0.000000,0.000000,7.522328,0.000000
0.056700,0.026796,-0.006024,0.061684,-0.091152,112.285186,105.000000,1.000000,0.000000,0.000000,7.714814,0.000000
0.057600,0.026762,-0.005900,0.061364,-0.091146,112.092701,105.000000,1.000000,0.000000,0.000000,7.907299,0.000000
0.058500,0.026729,-0.005777,0.061045,-0.091138,111.900216,105.000000,1.000000,0.000000,0.000000,8.099784,0.000000
0.059400,0.026697,-0.005654,0.060725,-0.091130,111.707730,105.000000,1.000000,0.000000,0.000000,8.292270,0.000000
0.060300,0.026665,-0.005531,0.060405,-0.091120,111.515245,105.000000,1.000000,0.000000,0.000000,8.484755,0.000000
0.061200,0.026633,-0.005407,0.060086,-0.091110,111.322759,105.000000,1.000000,0.000000,0.000000,8.677241,0.000000
0.062100,0.026601,-0.005284,0.059766,-0.091098,111.130274,105.000000,1.000000,0.000000,0.000000,8.869726,0.000000
0.063000,0.026570,-0.005160,0.059447,-0.091085,110.937789,105.000000,1.000000,0.000000,0.000000,9.062211,0.000000
0.063900,0.026540,-0.005036,0.059128,-0.091071,110.745303,105.000000,1.000000,0.000000,0.000000,9.254697,0.000000
0.064800,0.026510,-0.004912,0.058808,-0.091056,110.552818,105.000000,1.000000,0.000000,0.000000,9.447182,0.000000
0.065700,0.026480,-0.004788,0.058489,-0.091040,110.360333,105.000000,1.000000,0.000000,0.000000,9.639667,0.000000
0.066600,0.026451,-0.004664,0.058170,-0.091023,110.167847,105.000000,1.000000,0.000000,0.000000,9.832153,0.000000
0.067500,0.026422,-0.004540,0.057850,-0.091005,109.975362,105.000000,1.000000,0.000000,0.000000,10.024638,0.000000
0.068400,0.026393,-0.004416,0.057531,-0.090986,109.782877,105.000000,1.000000,0.000000,0.000000,10.217123,0.000000
0.069300,0.026365,-0.004291,0.057212,-0.090966,109.590391,105.000000,1.000000,0.000000,0.000000,10.409609,0.000000
0.070200,0.026338,-0.004167,0.056893,-0.090945,109.397906,105.000000,1.000000,0.000000,0.000000,10.602094,0.000000
0.071100,0.026310,-0.004042,0.056574,-0.090922,109.205420,105.000000,1.000000,0.000000,0.000000,10.794580,0.000000
0.072000,0.026283,-0.003918,0.056255,-0.090899,109.012935,105.000000,1.000000,0.000000,0.000000,10.987065,0.000000
0.072900,0.026257,-0.003793,0.055937,-0.090874,108.820450,105.000000,1.000000,0.000000,0.000000,11.179550,0.000000
0.073800,0.026231,-0.003668,0.055618,-0.090849,108.627964,105.000000,1.000000,0.000000,0.000000,11.372036,0.000000
0.074700,0.026206,-0.003543,0.055299,-0.090822,108.435479,105.000000,1.000000,0.000000,0.000000,11.564521,0.000000
0.075600,0.026180,-0.003418,0.054981,-0.090794,108.242994,105.000000,1.000000,0.000000,0.000000,11.757006,0.000000
0.076500,0.026156,-0.003293,0.054662,-0.090765,108.050508,105.000000,1.000000,0.000000,0.000000,11.949492,0.000000
0.077400,0.026131,-0.003168,0.054344,-0.090735,107.858023,105.000000,1.000000,0.000000,0.000000,12.141977,0.000000
0.078300,0.026108,-0.003043,0.054026,-0.090704,107.665537,105.000000,1.000000,0.000000,0.000000,12.334463,0.000000
0.079200,0.026084,-0.002917,0.053708,-0.090672,107.473052,105.000000,1.000000,0.000000,0.000000,12.526948,0.000000
0.080100,0.026061,-0.002792,0.053390,-0.090639,107.280567,105.000000,1.000000,0.000000,0.000000,12.719433,0.000000
0.081000,0.026038,-0.002667,0.053072,-0.090605,107.088081,105.000000,1.000000,0.000000,0.000000,12.911919,0.000000
0.081900,0.026016,-0.002541,0.052754,-0.090570,106.895596,105.000000,1.000000,0.000000,0.000000,13.104404,0.000000
0.082800,0.025995,-0.002415,0.052436,-0.090534,106.703111,105.000000,1.000000,0.000000,0.000000,13.296889,0.000000
0.083700,0.025973,-0.002290,0.052119,-0.090496,106.510625,105.000000,1.000000,0.000000,0.000000,13.489375,0.000000
0.084600,0.025952,-0.002164,0.051802,-0.090458,106.318140,105.000000,1.000000,0.000000,0.000000,13.681860,0.000000
0.085500,0.025932,-0.002038,0.051484,-0.090418,106.125654,105.000000,1.000000,0.000000,0.000000,13.874346,0.000000
0.086400,0.025912,-0.001912,0.051167,-0.090378,105.933169,105.000000,1.000000,0.000000,0.000000,14.066831,0.000000
0.087300,0.025892,-0.001786,0.050850,-0.090336,105.740684,105.000000,1.000000,0.000000,0.000000,14.259316,0.000000
0.088200,0.025873,-0.001660,0.050533,-0.090293,105.548198,105.000000,1.000000,0.000000,0.000000,14.451802,0.000000
0.089100,0.025854,-0.001534,0.050217,-0.090250,105.355713,105.000000,1.000000,0.000000,0.000000,14.644287,0.000000
0.090000,0.025836,-0.001408,0.049900,-0.090205,105.163228,105.000000,1.000000,0.000000,0.000000,14.836772,0.000000
0.090900,0.025818,-0.001282,0.049584,-0.090159,104.970742,105.000000,1.000000,0.000000,0.000000,15.029258,0.000000
0.091800,0.025800,-0.001155,0.049267,-0.090112,104.778257,105.000000,1.000000,0.000000,0.000000,15.221743,0.000000
0.092700,0.025783,-0.001029,0.048951,-0.090064,104.585771,105.000000,1.000000,0.000000,0.000000,15.414229,0.000000
0.093600,0.025766,-0.000903,0.048635,-0.090015,104.393286,105.000000,1.000000,0.000000,0.000000,15.606714,0.000000
0.094500,0.025750,-0.000776,0.048320,-0.089965,104.200801,105.000000,1.000000,0.000000,0.000000,15.799199,0.000000
0.095400,0.025734,-0.000650,0.048004,-0.089914,104.008315,105.000000,1.000000,0.000000,0.000000,15.991685,0.000000
0.096300,0.025719,-0.000523,0.047689,-0.089861,103.815830,105.000000,1.000000,0.000000,0.000000,16.184170,0.000000
0.097200,0.025704,-0.000397,0.047373,-0.089808,103.623345,105.000000,1.000000,0.000000,0.000000,16.376655,0.000000
0.098100,0.025689,-0.000270,0.047058,-0.089754,103.430859,105.000000,1.000000,0.000000,0.000000,16.569141,0.000000
0.099000,0.025675,-0.000143,0.046743,-0.089698,103.238374,105.000000,1.000000,0.000000,0.000000,16.761626,0.000000
0.099900,0.025661,-0.000016,0.046429,-0.089642,103.045889,105.000000,1.000000,0.000000,0.000000,16.954111,0.000000
0.100800,0.025648,0.000110,0.046114,-0.089584,102.853403,105.000000,1.000000,0.000000,0.000000,17.146597,0.000000
0.101700,0.025635,0.000237,0.045800,-0.089526,102.660918,105.000000,1.000000,0.000000,0.000000,17.339082,0.000000
0.102600,0.025623,0.000364,0.045486,-0.089466,102.468432,105.000000,1.000000,0.000000,0.000000,17.531568,0.000000
0.103500,0.025611,0.000491,0.045172,-0.089405,102.275947,105.000000,1.000000,0.000000,0.000000,17.724053,0.000000
0.104400,0.025599,0.000618,0.044858,-0.089344,102.083462,105.000000,1.000000,0.000000,0.000000,17.916538,0.000000
0.105300,0.025588,0.000745,0.044545,-0.089281,101.890976,105.000000,1.000000,0.000000,0.000000,18.109024,0.000000
0.106200,0.025577,0.000872,0.044232,-0.089217,101.698491,105.000000,1.000000,0.000000,0.000000,18.301509,0.000000
0.107100,0.025567,0.000999,0.043918,-0.089152,101.506006,105.000000,1.000000,0.000000,0.000000,18.493994,0.000000
0.108000,0.025557,0.001126,0.043606,-0.089086,101.313520,105.000000,1.000000,0.000000,0.000000,18.686480,0.000000
0.108900,0.025548,0.001253,0.043293,-0.089019,101.121035,105.000000,1.000000,0.000000,0.000000,18.878965,0.000000
0.109800,0.025539,0.001381,0.042981,-0.088951,100.928549,105.000000,1.000000,0.000000,0.000000,19.071451,0.000000
0.110700,0.025530,0.001508,0.042668,-0.088882,100.736064,105.000000,1.000000,0.000000,0.000000,19.263936,0.000000
0.111600,0.025522,0.001635,0.042357,-0.088812,100.543579,105.000000,1.000000,0.000000,0.000000,19.456421,0.000000
0.112500,0.025514,0.001762,0.042045,-0.088740,100.351093,105.000000,1.000000,0.000000,0.000000,19.648907,0.000000
0.113400,0.025507,0.001890,0.041733,-0.088668,100.158608,105.000000,1.000000,0.000000,0.000000,19.841392,0.000000
0.114300,0.025500,0.002017,0.041422,-0.088595,99.966123,105.000000,1.000000,0.000000,0.000000,20.033877,0.000000
0.115200,0.025494,0.002144,0.041111,-0.088520,99.773637,105.000000,1.000000,0.000000,0.000000,20.226363,0.000000
0.116100,0.025488,0.002272,0.040801,-0.088445,99.581152,105.000000,1.000000,0.000000,0.000000,20.418848,0.000000
0.117000,0.025482,0.002399,0.040490,-0.088369,99.388666,105.000000,1.000000,0.000000,0.000000,20.611334,0.000000
0.117900,0.025477,0.002526,0.040180,-0.088291,99.196181,105.000000,1.000000,0.000000,0.000000,20.803819,0.000000
0.118800,0.025472,0.002654,0.039870,-0.088213,99.003696,105.000000,1.000000,0.000000,0.000000,20.996304,0.000000
0.119700,0.025468,0.002781,0.039560,-0.088133,98.811210,105.000000,1.000000,0.000000,0.000000,21.188790,0.000000
0.120600,0.025464,0.002909,0.039251,-0.088052,98.618725,105.000000,1.000000,0.000000,0.000000,21.381275,0.000000
0.121500,0.025461,0.003036,0.038942,-0.087971,98.426240,105.000000,1.000000,0.000000,0.000000,21.573760,0.000000
0.122400,0.025458,0.003164,0.038633,-0.087888,98.233754,105.000000,1.000000,0.000000,0.000000,21.766246,0.000000
0.123300,0.025455,0.003291,0.038325,-0.087804,98.041269,105.000000,1.000000,0.000000,0.000000,21.958731,0.000000
0.124200,0.025453,0.003419,0.038016,-0.087720,97.848783,105.000000,1.000000,0.000000,0.000000,22.151217,0.000000
0.125100,0.025451,0.003546,0.037708,-0.087634,97.656298,105.000000,1.000000,0.000000,0.000000,22.343702,0.000000
0.126000,0.025450,0.003674,0.037401,-0.087547,97.463813,105.000000,1.000000,0.000000,0.000000,22.536187,0.000000
0.126900,0.025449,0.003801,0.037093,-0.087459,97.271327,105.000000,1.000000,0.000000,0.000000,22.728673,0.000000
0.127800,0.025448,0.003929,0.036786,-0.087370,97.078842,105.000000,1.000000,0.000000,0.000000,22.921158,0.000000
0.128700,0.025448,0.004056,0.036479,-0.087280,96.886357,105.000000,1.000000,0.000000,0.000000,23.113643,0.000000
0.129600,0.025449,0.004184,0.036173,-0.087189,96.693871,105.000000,1.000000,0.000000,0.000000,23.306129,0.000000
0.130500,0.025450,0.004311,0.035867,-0.087097,96.501386,105.000000,1.000000,0.000000,0.000000,23.498614,0.000000
0.131400,0.025451,0.004439,0.035561,-0.087004,96.308901,105.000000,1.000000,0.000000,0.000000,23.691099,0.000000
0.132300,0.025453,0.004566,0.035255,-0.086910,96.116415,105.000000,1.000000,0.000000,0.000000,23.883585,0.000000
0.133200,0.025455,0.004694,0.034950,-0.086815,95.923930,105.000000,1.000000,0.000000,0.000000,24.076070,0.000000
0.134100,0.025457,0.004821,0.034645,-0.086719,95.731444,105.000000,1.000000,0.000000,0.000000,24.268556,0.000000
0.135000,0.025460,0.004948,0.034340,-0.086622,95.538959,105.000000,1.000000,0.000000,0.000000,24.461041,0.000000
0.135900,0.025464,0.005076,0.034036,-0.086524,95.346474,105.000000,1.000000,0.000000,0.000000,24.653526,0.000000
0.136800,0.025467,0.005203,0.033732,-0.086425,95.153988,105.000000,1.000000,0.000000,0.000000,24.846012,0.000000
0.137700,0.025472,0.005331,0.033428,-0.086325,94.961503,105.000000,1.000000,0.000000,0.000000,25.038497,0.000000
0.138600,0.025476,0.005458,0.033125,-0.086223,94.769018,105.000000,1.000000,0.000000,0.000000,25.230982,0.000000
0.139500,0.025481,0.005586,0.032822,-0.086121,94.576532,105.000000,1.000000,0.000000,0.000000,25.423468,0.000000
0.140400,0.025487,0.005713,0.032520,-0.086018,94.384047,105.000000,1.000000,0.000000,0.000000,25.615953,0.000000
0.141300,0.025493,0.005840,0.032217,-0.085914,94.191561,105.000000,1.000000,0.000000,0.000000,25.808439,0.000000
0.142200,0.025499,0.005968,0.031916,-0.085808,93.999076,105.000000,1.000000,0.000000,0.000000,26.000924,0.000000
0.143100,0.025506,0.006095,0.031614,-0.085702,93.806591,105.000000,1.000000,0.000000,0.000000,26.193409,0.000000
0.144000,0.025513,0.006222,0.031313,-0.085595,93.614105,105.000000,1.000000,0.000000,0.000000,26.385895,0.000000
0.144900,0.025521,0.006350,0.031012,-0.085486,93.421620,105.000000,1.000000,0.000000,0.000000,26.578380,0.000000
0.145800,0.025529,0.006477,0.030712,-0.085377,93.229135,105.000000,1.000000,0.000000,0.000000,26.770865,0.000000
0.146700,0.025538,0.006604,0.030411,-0.085267,93.036649,105.000000,1.000000,0.000000,0.000000,26.963351,0.000000
0.147600,0.025547,0.006731,0.030112,-0.085156,92.844164,105.000000,1.000000,0.000000,0.000000,27.155836,0.000000
0.148500,0.025556,0.006858,0.029812,-0.085043,92.651678,105.000000,1.000000,0.000000,0.000000,27.348322,0.000000
0.149400,0.025566,0.006985,0.029513,-0.084930,92.459193,105.000000,1.000000,0.000000,0.000000,27.540807,0.000000
0.150300,0.025576,0.007113,0.029215,-0.084815,92.266708,105.000000,1.000000,0.000000,0.000000,27.733292,0.000000
0.151200,0.025587,0.007240,0.028917,-0.084700,92.074222,105.000000,1.000000,0.000000,0.000000,27.925778,0.000000
0.152100,0.025598,0.007367,0.028619,-0.084584,91.881737,105.000000,1.000000,0.000000,0.000000,28.118263,0.000000
0.153000,0.025609,0.007494,0.028322,-0.084466,91.689252,105.000000,1.000000,0.000000,0.000000,28.310748,0.000000
0.153900,0.025621,0.007620,0.028025,-0.084348,91.496766,105.000000,1.000000,0.000000,0.000000,28.503234,0.000000
0.154800,0.025634,0.007747,0.027728,-0.084229,91.304281,105.000000,1.000000,0.000000,0.000000,28.695719,0.000000
0.155700,0.025647,0.007874,0.027432,-0.084108,91.111796,105.000000,1.000000,0.000000,0.000000,28.888204,0.000000
0.156600,0.025660,0.008001,0.027136,-0.083987,90.919310,105.000000,1.000000,0.000000,0.000000,29.080690,0.000000
0.157500,0.025673,0.008128,0.026841,-0.083865,90.726825,105.000000,1.000000,0.000000,0.000000,29.273175,0.000000
0.158400,0.025688,0.008255,0.026546,-0.083741,90.534339,105.000000,1.000000,0.000000,0.000000,29.465661,0.000000
0.159300,0.025702,0.008381,0.026251,-0.083617,90.341854,105.000000,1.000000,0.000000,0.000000,29.658146,0.000000
0.160200,0.025717,0.008508,0.025957,-0.083492,90.149369,105.000000,1.000000,0.000000,0.000000,29.850631,0.000000
0.161100,0.025732,0.008634,0.025663,-0.083366,89.956883,105.000000,1.000000,0.000000,0.000000,30.043117,0.000000
0.162000,0.025748,0.008761,0.025370,-0.083238,89.764398,105.000000,1.000000,0.000000,0.000000,30.235602,0.000000
0.162900,0.025764,0.008887,0.025077,-0.083110,89.571913,105.000000,1.000000,0.000000,0.000000,30.428087,0.000000
0.163800,0.025781,0.009014,0.024785,-0.082981,89.379427,105.000000,1.000000,0.000000,0.000000,30.620573,0.000000
0.164700,0.025798,0.009140,0.024493,-0.082851,89.186942,105.000000,1.000000,0.000000,0.000000,30.813058,0.000000
0.165600,0.025816,0.009266,0.024201,-0.082719,88.994456,105.000000,1.000000,0.000000,0.000000,31.005544,0.000000
0.166500,0.025833,0.009393,0.023910,-0.082587,88.801971,105.000000,1.000000,0.000000,0.000000,31.198029,0.000000
0.167400,0.025852,0.009519,0.023619,-0.082454,88.609486,105.000000,1.000000,0.000000,0.000000,31.390514,0.000000
0.168300,0.025871,0.009645,0.023329,-0.082320,88.417000,105.000000,1.000000,0.000000,0.000000,31.583000,0.000000
0.169200,0.025890,0.009771,0.023039,-0.082185,88.224515,105.000000,1.000000,0.000000,0.000000,31.775485,0.000000
0.170100,0.025909,0.009897,0.022750,-0.082049,88.032030,105.000000,1.000000,0.000000,0.000000,31.967970,0.000000
0.171000,0.025929,0.010023,0.022461,-0.081912,87.839544,105.000000,1.000000,0.000000,0.000000,32.160456,0.000000
0.171900,0.025950,0.010149,0.022173,-0.081774,87.647059,105.000000,1.000000,0.000000,0.000000,32.352941,0.000000
0.172800,0.025971,0.010275,0.021885,-0.081635,87.454573,105.000000,1.000000,0.000000,0.000000,32.545427,0.000000
0.173700,0.025992,0.010400,0.021597,-0.081495,87.262088,105.000000,1.000000,0.000000,0.000000,32.737912,0.000000
0.174600,0.026014,0.010526,0.021310,-0.081354,87.069603,105.000000,1.000000,0.000000,0.000000,32.930397,0.000000
0.175500,0.026036,0.010651,0.021024,-0.081212,86.877117,105.000000,1.000000,0.000000,0.000000,33.122883,0.000000
0.176400,0.026058,0.010777,0.020738,-0.081069,86.684632,105.000000,1.000000,0.000000,0.000000,33.315368,0.000000
0.177300,0.026081,0.010902,0.020452,-0.080925,86.492147,105.000000,1.000000,0.000000,0.000000,33.507853,0.000000
0.178200,0.026105,0.011028,0.020167,-0.080781,86.299661,105.000000,1.000000,0.000000,0.000000,33.700339,0.000000
0.179100,0.026129,0.011153,0.019883,-0.080635,86.107176,105.000000,1.000000,0.000000,0.000000,33.892824,0.000000
0.180000,0.026153,0.011278,0.019599,-0.080488,85.914690,105.000000,1.000000,0.000000,0.000000,34.085310,0.000000
0.180900,0.026177,0.011403,0.019315,-0.080341,85.722205,105.000000,1.000000,0.000000,0.000000,34.277795,0.000000
0.181800,0.026202,0.011528,0.019032,-0.080192,85.529720,105.000000,1.000000,0.000000,0.000000,34.470280,0.000000
0.182700,0.026228,0.011653,0.018749,-0.080042,85.337234,105.000000,1.000000,0.000000,0.000000,34.662766,0.000000
0.183600,0.026254,0.011778,0.018467,-0.079892,85.144749,105.000000,1.000000,0.000000,0.000000,34.855251,0.000000
0.184500,0.026280,0.011903,0.018186,-0.079740,84.952264,105.000000,1.000000,0.000000,0.000000,35.047736,0.000000
0.185400,0.026307,0.012027,0.017905,-0.079588,84.759778,105.000000,1.000000,0.000000,0.000000,35.240222,0.000000
0.186300,0.026334,0.012152,0.017624,-0.079435,84.567293,105.000000,1.000000,0.000000,0.000000,35.432707,0.000000
0.187200,0.026362,0.012276,0.017344,-0.079281,84.374808,105.000000,1.000000,0.000000,0.000000,35.625192,0.000000
0.188100,0.026390,0.012401,0.017064,-0.079125,84.182322,105.000000,1.000000,0.000000,0.000000,35.817678,0.000000
0.189000,0.026418,0.012525,0.016785,-0.078969,83.989837,105.000000,1.000000,0.000000,0.000000,36.010163,0.000000
0.189900,0.026447,0.012649,0.016507,-0.078812,83.797351,105.000000,1.000000,0.000000,0.000000,36.202649,0.000000
0.190800,0.026476,0.012773,0.016229,-0.078654,83.604866,105.000000,1.000000,0.000000,0.000000,36.395134,0.000000
0.191700,0.026506,0.012897,0.015952,-0.078495,83.412381,105.000000,1.000000,0.000000,0.000000,36.587619,0.000000
0.192600,0.026536,0.013021,0.015675,-0.078335,83.219895,105.000000,1.000000,0.000000,0.000000,36.780105,0.000000
0.193500,0.026567,0.013145,0.015398,-0.078175,83.027410,105.000000,1.000000,0.000000,0.000000,36.972590,0.000000
0.194400,0.026598,0.013269,0.015123,-0.078013,82.834925,105.000000,1.000000,0.000000,0.000000,37.165075,0.000000
0.195300,0.026629,0.013392,0.014847,-0.077850,82.642439,105.000000,1.000000,0.000000,0.000000,37.357561,0.000000
0.196200,0.026661,0.013516,0.014573,-0.077687,82.449954,105.000000,1.000000,0.000000,0.000000,37.550046,0.000000
0.197100,0.026693,0.013639,0.014298,-0.077522,82.257468,105.000000,1.000000,0.000000,0.000000,37.742532,0.000000
0.198000,0.026725,0.013762,0.014025,-0.077357,82.064983,105.000000,1.000000,0.000000,0.000000,37.935017,0.000000
0.198900,0.026758,0.013886,0.013752,-0.077190,81.872498,105.000000,1.000000,0.000000,0.000000,38.127502,0.000000
0.199800,0.026792,0.014009,0.013479,-0.077023,81.680012,105.000000,1.000000,0.000000,0.000000,38.319988,0.000000
0.200700,0.026826,0.014132,0.013207,-0.076855,81.487527,105.000000,1.000000,0.000000,0.000000,38.512473,0.000000
0.201600,0.026860,0.014254,0.012936,-0.076686,81.295042,105.000000,1.000000,0.000000,0.000000,38.704958,0.000000
0.202500,0.026895,0.014377,0.012665,-0.076516,81.102556,105.000000,1.000000,0.000000,0.000000,38.897444,0.000000
0.203400,0.026930,0.014500,0.012395,-0.076345,80.910071,105.000000,1.000000,0.000000,0.000000,39.089929,0.000000
0.204300,0.026965,0.014622,0.012125,-0.076173,80.717585,105.000000,1.000000,0.000000,0.000000,39.282415,0.000000
0.205200,0.027001,0.014744,0.011856,-0.076000,80.525100,105.000000,1.000000,0.000000,0.000000,39.474900,0.000000
0.206100,0.027037,0.014867,0.011588,-0.075827,80.332615,105.000000,1.000000,0.000000,0.000000,39.667385,0.000000
0.207000,0.027074,0.014989,0.011320,-0.075652,80.140129,105.000000,1.000000,0.000000,0.000000,39.859871,0.000000
0.207900,0.027111,0.015111,0.011053,-0.075477,79.947644,105.000000,1.000000,0.000000,0.000000,40.052356,0.000000
0.208800,0.027149,0.015233,0.010786,-0.075301,79.755159,105.000000,1.000000,0.000000,0.000000,40.244841,0.000000
0.209700,0.027187,0.015354,0.010520,-0.075123,79.562673,105.000000,1.000000,0.000000,0.000000,40.437327,0.000000
0.210600,0.027225,0.015476,0.010254,-0.074945,79.370188,105.000000,1.000000,0.000000,0.000000,40.629812,0.000000
0.211500,0.027264,0.015597,0.009990,-0.074766,79.177702,105.000000,1.000000,0.000000,0.000000,40.822298,0.000000
0.212400,0.027303,0.015719,0.009725,-0.074586,78.985217,105.000000,1.000000,0.000000,0.000000,41.014783,0.000000
0.213300,0.027342,0.015840,0.009461,-0.074406,78.792732,105.000000,1.000000,0.000000,0.000000,41.207268,0.000000
0.214200,0.027382,0.015961,0.009198,-0.074224,78.600246,105.000000,1.000000,0.000000,0.000000,41.399754,0.000000
0.215100,0.027423,0.016082,0.008936,-0.074041,78.407761,105.000000,1.000000,0.000000,0.000000,41.592239,0.000000
0.216000,0.027464,0.016203,0.008674,-0.073858,78.215276,105.000000,1.000000,0.000000,0.000000,41.784724,0.000000
0.216900,0.027505,0.016323,0.008413,-0.073674,78.022790,105.000000,1.000000,0.000000,0.000000,41.977210,0.000000
0.217800,0.027546,0.016444,0.008152,-0.073489,77.830305,105.000000,1.000000,0.000000,0.000000,42.169695,0.000000
0.218700,0.027588,0.016564,0.007892,-0.073303,77.637820,105.000000,1.000000,0.000000,0.000000,42.362180,0.000000
0.219600,0.027631,0.016685,0.007633,-0.073116,77.445334,105.000000,1.000000,0.000000,0.000000,42.554666,0.000000
0.220500,0.027674,0.016805,0.007374,-0.072928,77.252849,105.000000,1.000000,0.000000,0.000000,42.747151,0.000000
0.221400,0.027717,0.016925,0.007116,-0.072739,77.060363,105.000000,1.000000,0.000000,0.000000,42.939637,0.000000
0.222300,0.027761,0.017044,0.006858,-0.072550,76.867878,105.000000,1.000000,0.000000,0.000000,43.132122,0.000000
0.223200,0.027805,0.017164,0.006602,-0.072359,76.675393,105.000000,1.000000,0.000000,0.000000,43.324607,0.000000
0.224100,0.027849,0.017284,0.006345,-0.072168,76.482907,105.000000,1.000000,0.000000,0.000000,43.517093,0.000000
0.225000,0.027894,0.017403,0.006090,-0.071976,76.290422,105.000000,1.000000,0.000000,0.000000,43.709578,0.000000
0.225900,0.027939,0.017522,0.005835,-0.071783,76.097937,105.000000,1.000000,0.000000,0.000000,43.902063,0.000000
0.226800,0.027985,0.017641,0.005581,-0.071589,75.905451,105.000000,1.000000,0.000000,0.000000,44.094549,0.000000
0.227700,0.028031,0.017760,0.005327,-0.071395,75.712966,105.000000,1.000000,0.000000,0.000000,44.287034,0.000000
0.228600,0.028077,0.017879,0.005074,-0.071199,75.520480,105.000000,1.000000,0.000000,0.000000,44.479520,0.000000
0.229500,0.028124,0.017997,0.004822,-0.071003,75.327995,105.000000,1.000000,0.000000,0.000000,44.672005,0.000000
0.230400,0.028171,0.018116,0.004570,-0.070805,75.135510,105.000000,1.000000,0.000000,0.000000,44.864490,0.000000
0.231300,0.028219,0.018234,0.004319,-0.070607,74.943024,105.000000,1.000000,0.000000,0.000000,45.056976,0.000000
0.232200,0.028267,0.018352,0.004069,-0.070408,74.750539,105.000000,1.000000,0.000000,0.000000,45.249461,0.000000
0.233100,0.028315,0.018470,0.003819,-0.070209,74.558054,105.000000,1.000000,0.000000,0.000000,45.441946,0.000000
0.234000,0.028364,0.018588,0.003570,-0.070008,74.365689,105.000000,1.000000,0.000000,0.000000,45.634311,0.000000
0.234900,0.028412,0.018704,0.003326,-0.069810,74.176311,105.000000,1.000000,0.000000,0.000000,45.823689,0.000000
0.235800,0.028460,0.018817,0.003088,-0.069616,73.991132,105.000000,1.000000,0.000000,0.000000,46.008868,0.000000
0.236700,0.028507,0.018927,0.002856,-0.069425,73.810152,105.000000,1.000000,0.000000,0.000000,46.189848,0.000000
0.237600,0.028553,0.019034,0.002629,-0.069238,73.633371,105.000000,1.000000,0.000000,0.000000,46.366629,0.000000
0.238500,0.028599,0.019139,0.002409,-0.069054,73.460790,105.000000,1.000000,0.000000,0.000000,46.539210,0.000000
0.239400,0.028643,0.019242,0.002195,-0.068875,73.292407,105.000000,1.000000,0.000000,0.000000,46.707593,0.000000
0.240300,0.028687,0.019341,0.001986,-0.068699,73.128223,105.000000,1.000000,0.000000,0.000000,46.871777,0.000000
0.241200,0.028730,0.019438,0.001783,-0.068527,72.968239,105.000000,1.000000,0.000000,0.000000,47.031761,0.000000
0.242100,0.028772,0.019532,0.001586,-0.068359,72.812453,105.000000,1.000000,0.000000,0.000000,47.187547,0.000000
0.243000,0.028813,0.019624,0.001395,-0.068196,72.660867,105.000000,1.000000,0.000000,0.000000,47.339133,0.000000
0.243900,0.028854,0.019713,0.001210,-0.068036,72.513479,105.000000,1.000000,0.000000,0.000000,47.486521,0.000000
0.244800,0.028893,0.019799,0.001030,-0.067880,72.370291,105.000000,1.000000,0.000000,0.000000,47.629709,0.000000
0.245700,0.028932,0.019883,0.000855,-0.067729,72.231302,105.000000,1.000000,0.000000,0.000000,47.768698,0.000000
0.246600,0.028969,0.019964,0.000687,-0.067581,72.096512,105.000000,1.000000,0.000000,0.000000,47.903488,0.000000
0.247500,0.029006,0.020042,0.000524,-0.067438,71.965921,105.000000,1.000000,0.000000,0.000000,48.034079,0.000000
0.248400,0.029041,0.020118,0.000366,-0.067299,71.839529,105.000000,1.000000,0.000000,0.000000,48.160471,0.000000
0.249300,0.029075,0.020191,0.000215,-0.067165,71.717336,105.000000,1.000000,0.000000,0.000000,48.282664,0.000000
0.250200,0.029109,0.020262,0.000068,-0.067034,71.599342,105.000000,1.000000,0.000000,0.000000,48.400658,0.000000
0.251100,0.029141,0.020330,-0.000073,-0.066909,71.485547,105.000000,1.000000,0.000000,0.000000,48.514453,0.000000
0.252000,0.029173,0.020395,-0.000208,-0.066787,71.375951,105.000000,1.000000,0.000000,0.000000,48.624049,0.000000
0.252900,0.029203,0.020458,-0.000338,-0.066670,71.270555,105.000000,1.000000,0.000000,0.000000,48.729445,0.000000
0.253800,0.029232,0.020519,-0.000463,-0.066557,71.169357,105.000000,1.000000,0.000000,0.000000,48.830643,0.000000
0.254700,0.029260,0.020577,-0.000582,-0.066449,71.072359,105.000000,1.000000,0.000000,0.000000,48.927641,0.000000
0.255600,0.029287,0.020632,-0.000697,-0.066345,70.979559,105.000000,1.000000,0.000000,0.000000,49.020441,0.000000
0.256500,0.029313,0.020685,-0.000805,-0.066246,70.890959,105.000000,1.000000,0.000000,0.000000,49.109041,0.000000
0.257400,0.029337,0.020735,-0.000909,-0.066151,70.806557,105.000000,1.000000,0.000000,0.000000,49.193443,0.000000
0.258300,0.029361,0.020782,-0.001007,-0.066061,70.726355,105.000000,1.000000,0.000000,0.000000,49.273645,0.000000
0.259200,0.029383,0.020828,-0.001100,-0.065976,70.650352,105.000000,1.000000,0.000000,0.000000,49.349648,0.000000
0.260100,0.029404,0.020870,-0.001187,-0.065895,70.578548,105.000000,1.000000,0.000000,0.000000,49.421452,0.000000
0.261000,0.029424,0.020910,-0.001270,-0.065819,70.510943,105.000000,1.000000,0.000000,0.000000,49.489057,0.000000
0.261900,0.029443,0.020948,-0.001347,-0.065747,70.447537,105.000000,1.000000,0.000000,0.000000,49.552463,0.000000
0.262800,0.029460,0.020983,-0.001419,-0.065680,70.388330,105.000000,1.000000,0.000000,0.000000,49.611670,0.000000
0.263700,0.029477,0.021015,-0.001486,-0.065618,70.333322,105.000000,1.000000,0.000000,0.000000,49.666678,0.000000
0.264600,0.029492,0.021046,-0.001548,-0.065560,70.282513,105.000000,1.000000,0.000000,0.000000,49.717487,0.000000
0.265500,0.029506,0.021073,-0.001604,-0.065507,70.235904,105.000000,1.000000,0.000000,0.000000,49.764096,0.000000
0.266400,0.029518,0.021098,-0.001656,-0.065459,70.193493,105.000000,1.000000,0.000000,0.000000,49.806507,0.000000
0.267300,0.029530,0.021121,-0.001702,-0.065416,70.155282,105.000000,1.000000,0.000000,0.000000,49.844718,0.000000
0.268200,0.029540,0.021141,-0.001743,-0.065377,70.121269,105.000000,1.000000,0.000000,0.000000,49.878731,0.000000
0.269100,0.029549,0.021159,-0.001779,-0.065343,70.091456,105.000000,1.000000,0.000000,0.000000,49.908544,0.000000
0.270000,0.029556,0.021174,-0.001810,-0.065314,70.065841,105.000000,1.000000,0.000000,0.000000,49.934159,0.000000
0.270900,0.029563,0.021186,-0.001836,-0.065290,70.044426,105.000000,1.000000,0.000000,0.000000,49.955574,0.000000
0.271800,0.029568,0.021196,-0.001857,-0.065270,70.027210,105.000000,1.000000,0.000000,0.000000,49.972790,0.000000
0.272700,0.029572,0.021204,-0.001873,-0.065255,70.014193,105.000000,1.000000,0.000000,0.000000,49.985807,0.000000
0.273600,0.029574,0.021209,-0.001883,-0.065245,70.005375,105.000000,1.000000,0.000000,0.000000,49.994625,0.000000
0.274500,0.029576,0.021212,-0.001889,-0.065240,70.000756,105.000000,1.000000,0.000000,0.000000,49.999244,0.000000
0.275400,0.029576,0.021213,-0.001890,-0.065239,70.000128,104.999580,0.000000,0.000000,0.000000,49.999872,0.000000
0.276300,0.029576,0.021215,-0.001888,-0.065237,70.001572,104.994856,0.000000,0.000000,0.000000,49.998428,0.000000
0.277200,0.029576,0.021220,-0.001883,-0.065234,70.004621,104.984884,0.000000,0.000000,0.000000,49.995379,0.000000
0.278100,0.029575,0.021228,-0.001877,-0.065229,70.009273,104.969665,0.000000,0.000000,0.000000,49.990727,0.000000
0.279000,0.029574,0.021238,-0.001868,-0.065222,70.015530,104.949202,0.000000,0.000000,0.000000,49.984470,0.000000
0.279900,0.029574,0.021251,-0.001857,-0.065214,70.023392,104.923498,0.000000,0.000000,0.000000,49.976608,0.000000
0.280800,0.029573,0.021266,-0.001844,-0.065204,70.032857,104.892557,0.000000,0.000000,0.000000,49.967143,0.000000
0.281700,0.029571,0.021284,-0.001828,-0.065192,70.043927,104.856385,0.000000,0.000000,0.000000,49.956073,0.000000
0.282600,0.029570,0.021305,-0.001810,-0.065178,70.056602,104.814987,0.000000,0.000000,0.000000,49.943398,0.000000
0.283500,0.029569,0.021328,-0.001790,-0.065163,70.070881,104.768370,0.000000,0.000000,0.000000,49.929119,0.000000
0.284400,0.029567,0.021354,-0.001768,-0.065146,70.086764,104.716541,0.000000,0.000000,0.000000,49.913236,0.000000
0.285300,0.029565,0.021382,-0.001743,-0.065127,70.104252,104.659509,0.000000,0.000000,0.000000,49.895748,0.000000
0.286200,0.029563,0.021413,-0.001716,-0.065107,70.123344,104.597282,0.000000,0.000000,0.000000,49.876656,0.000000
0.287100,0.029561,0.021446,-0.001687,-0.065084,70.144040,104.529872,0.000000,0.000000,0.000000,49.855960,0.000000
0.288000,0.029559,0.021482,-0.001656,-0.065060,70.166340,104.457289,0.000000,0.000000,0.000000,49.833660,0.000000
0.288900,0.029557,0.021521,-0.001622,-0.065035,70.190245,104.379544,0.000000,0.000000,0.000000,49.809755,0.000000
0.289800,0.029554,0.021562,-0.001586,-0.065008,70.215755,104.296651,0.000000,0.000000,0.000000,49.784245,0.000000
0.290700,0.029552,0.021606,-0.001547,-0.064979,70.242869,104.208622,0.000000,0.000000,0.000000,49.757131,0.000000
0.291600,0.029549,0.021652,-0.001507,-0.064948,70.271587,104.115471,0.000000,0.000000,0.000000,49.728413,0.000000
0.292500,0.029546,0.021700,-0.001463,-0.064916,70.301909,104.017215,0.000000,0.000000,0.000000,49.698091,0.000000
0.293400,0.029544,0.021751,-0.001418,-0.064882,70.333836,103.913868,0.000000,0.000000,0.000000,49.666164,0.000000
0.294300,0.029541,0.021805,-0.001370,-0.064847,70.367367,103.805448,0.000000,0.000000,0.000000,49.632633,0.000000
0.295200,0.029538,0.021861,-0.001320,-0.064810,70.402503,103.691971,0.000000,0.000000,0.000000,49.597497,0.000000
0.296100,0.029534,0.021920,-0.001268,-0.064771,70.439243,103.573457,0.000000,0.000000,0.000000,49.560757,0.000000
0.297000,0.029531,0.021981,-0.001213,-0.064730,70.477587,103.449924,0.000000,0.000000,0.000000,49.522413,0.000000
0.297900,0.029528,0.022044,-0.001156,-0.064688,70.517536,103.321392,0.000000,0.000000,0.000000,49.482464,0.000000
0.298800,0.029525,0.022110,-0.001096,-0.064645,70.559089,103.187883,0.000000,0.000000,0.000000,49.440911,0.000000
0.299700,0.029521,0.022178,-0.001034,-0.064600,70.602246,103.049417,0.000000,0.000000,0.000000,49.397754,0.000000
0.300600,0.029518,0.022248,-0.000970,-0.064553,70.647008,102.906017,0.000000,0.000000,0.000000,49.352992,0.000000
0.301500,0.029515,0.022321,-0.000903,-0.064505,70.693374,102.757706,0.000000,0.000000,0.000000,49.306626,0.000000
0.302400,0.029511,0.022397,-0.000833,-0.064455,70.741344,102.604509,0.000000,0.000000,0.000000,49.258656,0.000000
0.303300,0.029508,0.022474,-0.000762,-0.064404,70.790919,102.446449,0.000000,0.000000,0.000000,49.209081,0.000000
0.304200,0.029505,0.022554,-0.000687,-0.064351,70.842099,102.283552,0.000000,0.000000,0.000000,49.157901,0.000000
0.305100,0.029501,0.022636,-0.000611,-0.064297,70.894882,102.115845,0.000000,0.000000,0.000000,49.105118,0.000000
0.306000,0.029498,0.022720,-0.000531,-0.064241,70.949270,101.943355,0.000000,0.000000,0.000000,49.050730,0.000000
0.306900,0.029495,0.022807,-0.000450,-0.064184,71.005262,101.766110,0.000000,0.000000,0.000000,48.994738,0.000000
0.307800,0.029491,0.022896,-0.000366,-0.064125,71.062859,101.584138,0.000000,0.000000,0.000000,48.937141,0.000000
0.308700,0.029488,0.022987,-0.000279,-0.064065,71.122060,101.397469,0.000000,0.000000,0.000000,48.877940,0.000000
0.309600,0.029485,0.023080,-0.000189,-0.064003,71.182865,101.206132,0.000000,0.000000,0.000000,48.817135,0.000000
0.310500,0.029482,0.023175,-0.000098,-0.063940,71.245275,101.010159,0.000000,0.000000,0.000000,48.754725,0.000000
0.311400,0.029479,0.023272,-0.000003,-0.063876,71.309289,100.809581,0.000000,0.000000,0.000000,48.690711,0.000000
0.312300,0.029476,0.023372,0.000094,-0.063810,71.374908,100.604431,0.000000,0.000000,0.000000,48.625092,0.000000
0.313200,0.029474,0.023473,0.000193,-0.063743,71.442131,100.394742,0.000000,0.000000,0.000000,48.557869,0.000000
0.314100,0.029471,0.023577,0.000296,-0.063674,71.510958,100.180548,0.000000,0.000000,0.000000,48.489042,0.000000
0.315000,0.029469,0.023682,0.000401,-0.063605,71.581389,99.961883,0.000000,0.000000,0.000000,48.418611,0.000000
0.315900,0.029466,0.023790,0.000508,-0.063534,71.653425,99.738783,0.000000,0.000000,0.000000,48.346575,0.000000
0.316800,0.029464,0.023899,0.000618,-0.063461,71.727066,99.511284,0.000000,0.000000,0.000000,48.272934,0.000000
0.317700,0.029462,0.024011,0.000731,-0.063388,71.802310,99.279421,0.000000,0.000000,0.000000,48.197690,0.000000
0.318600,0.029460,0.024124,0.000846,-0.063313,71.879159,99.043234,0.000000,0.000000,0.000000,48.120841,0.000000
0.319500,0.029459,0.024239,0.000965,-0.063237,71.957613,98.802760,0.000000,0.000000,0.000000,48.042387,0.000000
0.320400,0.029458,0.024356,0.001085,-0.063160,72.037671,98.558038,0.000000,0.000000,0.000000,47.962329,0.000000
0.321300,0.029456,0.024475,0.001209,-0.063081,72.119333,98.309107,0.000000,0.000000,0.000000,47.880667,0.000000
0.322200,0.029455,0.024595,0.001335,-0.063002,72.202599,98.056007,0.000000,0.000000,0.000000,47.797401,0.000000
0.323100,0.029455,0.024718,0.001464,-0.062921,72.287470,97.798780,0.000000,0.000000,0.000000,47.712530,0.000000
0.324000,0.029454,0.024842,0.001596,-0.062839,72.373945,97.537467,0.000000,0.000000,0.000000,47.626055,0.000000
0.324900,0.029454,0.024967,0.001731,-0.062756,72.462025,97.272111,0.000000,0.000000,0.000000,47.537975,0.000000
0.325800,0.029454,0.025094,0.001868,-0.062673,72.551709,97.002753,0.000000,0.000000,0.000000,47.448291,0.000000
0.326700,0.029454,0.025223,0.002008,-0.062588,72.642997,96.729438,0.000000,0.000000,0.000000,47.357003,0.000000
0.327600,0.029455,0.025354,0.002151,-0.062502,72.735890,96.452210,0.000000,0.000000,0.000000,47.264110,0.000000
0.328500,0.029456,0.025485,0.002297,-0.062415,72.830387,96.171113,0.000000,0.000000,0.000000,47.169613,0.000000
0.329400,0.029457,0.025619,0.002446,-0.062327,72.926488,95.886193,0.000000,0.000000,0.000000,47.073512,0.000000
0.330300,0.029458,0.025754,0.002597,-0.062238,73.024194,95.597496,0.000000,0.000000,0.000000,46.975806,0.000000
0.331200,0.029460,0.025890,0.002752,-0.062148,73.123504,95.305069,0.000000,0.000000,0.000000,46.876496,0.000000
0.332100,0.029462,0.026028,0.002909,-0.062057,73.224419,95.008958,0.000000,0.000000,0.000000,46.775581,0.000000
0.333000,0.029465,0.026166,0.003069,-0.061966,73.326937,94.709212,0.000000,0.000000,0.000000,46.673063,0.000000
0.333900,0.029467,0.026307,0.003232,-0.061873,73.431061,94.405879,0.000000,0.000000,0.000000,46.568939,0.000000
0.334800,0.029471,0.026448,0.003398,-0.061780,73.536788,94.099008,0.000000,0.000000,0.000000,46.463212,0.000000
0.335700,0.029474,0.026591,0.003567,-0.061686,73.644120,93.788649,0.000000,0.000000,0.000000,46.355880,0.000000
0.336600,0.029478,0.026735,0.003738,-0.061591,73.753057,93.474851,0.000000,0.000000,0.000000,46.246943,0.000000
0.337500,0.029482,0.026880,0.003913,-0.061496,73.863597,93.157666,0.000000,0.000000,0.000000,46.136403,0.000000
0.338400,0.029486,0.027026,0.004090,-0.061399,73.975742,92.837144,0.000000,0.000000,0.000000,46.024258,0.000000
0.339300,0.029491,0.027173,0.004271,-0.061302,74.089492,92.513337,0.000000,0.000000,0.000000,45.910508,0.000000
0.340200,0.029496,0.027321,0.004454,-0.061205,74.204845,92.186299,0.000000,0.000000,0.000000,45.795155,0.000000
0.341100,0.029502,0.027471,0.004640,-0.061107,74.321804,91.856080,0.000000,0.000000,0.000000,45.678196,0.000000
0.342000,0.029508,0.027621,0.004829,-0.061008,74.440320,91.522736,0.000000,0.000000,0.000000,45.559680,0.000000
0.342900,0.029514,0.027772,0.005020,-0.060907,74.559299,91.186319,0.000000,0.000000,0.000000,45.440701,0.000000
0.343800,0.029522,0.027926,0.005212,-0.060804,74.678279,90.846884,0.000000,0.000000,0.000000,45.321721,0.000000
0.344700,0.029531,0.028081,0.005405,-0.060699,74.797259,90.504486,0.000000,0.000000,0.000000,45.202741,0.000000
0.345600,0.029541,0.028238,0.005600,-0.060592,74.916238,90.159180,0.000000,0.000000,0.000000,45.083762,0.000000
0.346500,0.029552,0.028396,0.005795,-0.060483,75.035218,89.811022,0.000000,0.000000,0.000000,44.964782,0.000000
0.347400,0.029564,0.028557,0.005992,-0.060372,75.154198,89.460068,0.000000,0.000000,0.000000,44.845802,0.000000
0.348300,0.029577,0.028718,0.006190,-0.060259,75.273177,89.106375,0.000000,0.000000,0.000000,44.726823,0.000000
0.349200,0.029592,0.028882,0.006389,-0.060144,75.392157,88.750000,0.000000,0.000000,0.000000,44.607843,0.000000
0.350100,0.029607,0.029046,0.006589,-0.060028,75.511136,88.391000,0.000000,0.000000,0.000000,44.488864,0.000000
0.351000,0.029624,0.029213,0.006791,-0.059909,75.630116,88.029434,0.000000,0.000000,0.000000,44.369884,0.000000
0.351900,0.029641,0.029380,0.006994,-0.059789,75.749096,87.665360,0.000000,0.000000,0.000000,44.250904,0.000000
0.352800,0.029660,0.029549,0.007198,-0.059667,75.868075,87.298836,0.000000,0.000000,0.000000,44.131925,0.000000
0.353700,0.029680,0.029719,0.007403,-0.059543,75.987055,86.929922,0.000000,0.000000,0.000000,44.012945,0.000000
0.354600,0.029701,0.029890,0.007610,-0.059418,76.106035,86.558678,0.000000,0.000000,0.000000,43.893965,0.000000
0.355500,0.029724,0.030063,0.007818,-0.059291,76.225014,86.185162,0.000000,0.000000,0.000000,43.774986,0.000000
0.356400,0.029747,0.030237,0.008027,-0.059162,76.343994,85.809437,0.000000,0.000000,0.000000,43.656006,0.000000
0.357300,0.029772,0.030412,0.008237,-0.059033,76.462974,85.431562,0.000000,0.000000,0.000000,43.537026,0.000000
0.358200,0.029798,0.030587,0.008449,-0.058901,76.581953,85.051599,0.000000,0.000000,0.000000,43.418047,0.000000
0.359100,0.029825,0.030764,0.008662,-0.058769,76.700933,84.669608,0.000000,0.000000,0.000000,43.299067,0.000000
0.360000,0.029853,0.030942,0.008876,-0.058635,76.819912,84.285652,0.000000,0.000000,0.000000,43.180088,0.000000
0.360900,0.029883,0.031121,0.009092,-0.058499,76.938892,83.899792,0.000000,0.000000,0.000000,43.061108,0.000000
0.361800,0.029913,0.031300,0.009308,-0.058363,77.057872,83.512091,0.000000,0.000000,0.000000,42.942128,0.000000
0.362700,0.029945,0.031480,0.009527,-0.058225,77.176851,83.122612,0.000000,0.000000,0.000000,42.823149,0.000000
0.363600,0.029978,0.031661,0.009746,-0.058086,77.295831,82.731417,0.000000,0.000000,0.000000,42.704169,0.000000
0.364500,0.030013,0.031843,0.009967,-0.057946,77.414811,82.338569,0.000000,0.000000,0.000000,42.585189,0.000000
0.365400,0.030048,0.032026,0.010189,-0.057805,77.533790,81.944133,0.000000,0.000000,0.000000,42.466210,0.000000
0.366300,0.030085,0.032209,0.010412,-0.057663,77.652770,81.548171,0.000000,0.000000,0.000000,42.347230,0.000000
0.367200,0.030123,0.032392,0.010637,-0.057521,77.771749,81.150748,0.000000,0.000000,0.000000,42.228251,0.000000
0.368100,0.030162,0.032576,0.010862,-0.057377,77.890729,80.751927,0.000000,0.000000,0.000000,42.109271,0.000000
0.369000,0.030202,0.032761,0.011090,-0.057232,78.009709,80.351774,0.000000,0.000000,0.000000,41.990291,0.000000
0.369900,0.030244,0.032945,0.011318,-0.057087,78.128688,79.950353,0.000000,0.000000,0.000000,41.871312,0.000000
0.370800,0.030286,0.033131,0.011548,-0.056941,78.247668,79.547728,0.000000,0.000000,0.000000,41.752332,0.000000
0.371700,0.030330,0.033316,0.011779,-0.056794,78.366648,79.143965,0.000000,0.000000,0.000000,41.633352,0.000000
0.372600,0.030375,0.033502,0.012011,-0.056647,78.485627,78.739129,0.000000,0.000000,0.000000,41.514373,0.000000
0.373500,0.030421,0.033688,0.012244,-0.056499,78.604607,78.333286,0.000000,0.000000,0.000000,41.395393,0.000000
0.374400,0.030469,0.033874,0.012479,-0.056350,78.723587,77.926500,0.000000,0.000000,0.000000,41.276413,0.000000
0.375300,0.030517,0.034060,0.012714,-0.056201,78.842566,77.518838,0.000000,0.000000,0.000000,41.157434,0.000000
0.376200,0.030566,0.034246,0.012951,-0.056052,78.961546,77.110365,0.000000,0.000000,0.000000,41.038454,0.000000
0.377100,0.030617,0.034432,0.013190,-0.055902,79.080525,76.701148,0.000000,0.000000,0.000000,40.919475,0.000000
0.378000,0.030669,0.034618,0.013429,-0.055752,79.199505,76.291252,0.000000,0.000000,0.000000,40.800495,0.000000
0.378900,0.030722,0.034804,0.013669,-0.055601,79.318485,75.880744,0.000000,0.000000,0.000000,40.681515,0.000000
0.379800,0.030775,0.034990,0.013911,-0.055451,79.437464,75.469690,0.000000,0.000000,0.000000,40.562536,0.000000
0.380700,0.030830,0.035176,0.014154,-0.055300,79.556444,75.058156,0.000000,0.000000,0.000000,40.443556,0.000000
0.381600,0.030886,0.035361,0.014398,-0.055149,79.675424,74.646209,0.000000,0.000000,0.000000,40.324576,0.000000
0.382500,0.030943,0.035547,0.014643,-0.054998,79.794403,74.233915,0.000000,0.000000,0.000000,40.205597,0.000000
0.383400,0.031001,0.035731,0.014888,-0.054847,79.913383,73.821341,0.000000,0.000000,0.000000,40.086617,0.000000
0.384300,0.031060,0.035916,0.015136,-0.054696,80.032362,73.408554,0.000000,0.000000,0.000000,39.967638,0.000000
0.385200,0.031120,0.036100,0.015384,-0.054544,80.151342,72.995620,0.000000,0.000000,0.000000,39.848658,0.000000
0.386100,0.031181,0.036283,0.015633,-0.054393,80.270322,72.582607,0.000000,0.000000,0.000000,39.729678,0.000000
0.387000,0.031242,0.036466,0.015883,-0.054242,80.389301,72.169579,0.000000,0.000000,0.000000,39.610699,0.000000
0.387900,0.031305,0.036649,0.016134,-0.054092,80.508281,71.756605,0.000000,0.000000,0.000000,39.491719,0.000000
0.388800,0.031368,0.036831,0.016386,-0.053941,80.627261,71.343752,0.000000,0.000000,0.000000,39.372739,0.000000
0.389700,0.031433,0.037012,0.016638,-0.053791,80.746240,70.931085,0.000000,0.000000,0.000000,39.253760,0.000000
0.390600,0.031498,0.037192,0.016892,-0.053641,80.865220,70.518671,0.000000,0.000000,0.000000,39.134780,0.000000
0.391500,0.031564,0.037372,0.017146,-0.053491,80.984200,70.106577,0.000000,0.000000,0.000000,39.015800,0.000000
0.392400,0.031630,0.037551,0.017402,-0.053342,81.103179,69.694870,0.000000,0.000000,0.000000,38.896821,0.000000
0.393300,0.031697,0.037729,0.017658,-0.053194,81.222159,69.283616,0.000000,0.000000,0.000000,38.777841,0.000000
0.394200,0.031766,0.037906,0.017915,-0.053045,81.341138,68.872882,0.000000,0.000000,0.000000,38.658862,0.000000
0.395100,0.031834,0.038082,0.018172,-0.052897,81.460118,68.462733,0.000000,0.000000,0.000000,38.539882,0.000000
0.396000,0.031904,0.038258,0.018431,-0.052750,81.579098,68.053236,0.000000,0.000000,0.000000,38.420902,0.000000
0.396900,0.031974,0.038432,0.018690,-0.052604,81.698077,67.644458,0.000000,0.000000,0.000000,38.301923,0.000000
0.397800,0.032044,0.038606,0.018949,-0.052458,81.817057,67.236463,0.000000,0.000000,0.000000,38.182943,0.000000
0.398700,0.032115,0.038778,0.019209,-0.052312,81.936037,66.829319,0.000000,0.000000,0.000000,38.063963,0.000000
0.399600,0.032187,0.038949,0.019470,-0.052168,82.055016,66.423091,0.000000,0.000000,0.000000,37.944984,0.000000
0.400500,0.032259,0.039119,0.019732,-0.052024,82.173996,66.017844,0.000000,0.000000,0.000000,37.826004,0.000000
0.401400,0.032331,0.039288,0.019993,-0.051881,82.292975,65.613644,0.000000,0.000000,0.000000,37.707025,0.000000
0.402300,0.032404,0.039456,0.020256,-0.051739,82.411955,65.210556,0.000000,0.000000,0.000000,37.588045,0.000000
0.403200,0.032477,0.039622,0.020518,-0.051597,82.530935,64.808646,0.000000,0.000000,0.000000,37.469065,0.000000
0.404100,0.032551,0.039787,0.020781,-0.051457,82.649914,64.407978,0.000000,0.000000,0.000000,37.350086,0.000000
0.405000,0.032625,0.039951,0.021045,-0.051317,82.768894,64.008616,0.000000,0.000000,0.000000,37.231106,0.000000
0.405900,0.032699,0.040113,0.021308,-0.051179,82.887874,63.610627,0.000000,0.000000,0.000000,37.112126,0.000000
0.406800,0.032773,0.040274,0.021572,-0.051041,83.006853,63.214073,0.000000,0.000000,0.000000,36.993147,0.000000
0.407700,0.032848,0.040434,0.021837,-0.050905,83.125833,62.819018,0.000000,0.000000,0.000000,36.874167,0.000000
0.408600,0.032923,0.040592,0.022101,-0.050769,83.244812,62.425527,0.000000,0.000000,0.000000,36.755188,0.000000
0.409500,0.032997,0.040749,0.022365,-0.050635,83.363792,62.033664,0.000000,0.000000,0.000000,36.636208,0.000000
0.410400,0.033072,0.040904,0.022630,-0.050501,83.482772,61.643491,0.000000,0.000000,0.000000,36.517228,0.000000
0.411300,0.033147,0.041058,0.022895,-0.050369,83.601751,61.255071,0.000000,0.000000,0.000000,36.398249,0.000000
0.412200,0.033222,0.041210,0.023160,-0.050238,83.720731,60.868467,0.000000,0.000000,0.000000,36.279269,0.000000
0.413100,0.033297,0.041360,0.023424,-0.050108,83.839711,60.483742,0.000000,0.000000,0.000000,36.160289,0.000000
0.414000,0.033372,0.041509,0.023689,-0.049980,83.958690,60.100958,0.000000,0.000000,0.000000,36.041310,0.000000
0.414900,0.033446,0.041656,0.023954,-0.049853,84.077670,59.720176,0.000000,0.000000,0.000000,35.922330,0.000000
0.415800,0.033521,0.041802,0.024218,-0.049727,84.196650,59.341458,0.000000,0.000000,0.000000,35.803350,0.000000
0.416700,0.033595,0.041946,0.024482,-0.049602,84.315629,58.964866,0.000000,0.000000,0.000000,35.684371,0.000000
0.417600,0.033669,0.042088,0.024746,-0.049478,84.434609,58.590459,0.000000,0.000000,0.000000,35.565391,0.000000
0.418500,0.033742,0.042228,0.025010,-0.049356,84.553588,58.218299,0.000000,0.000000,0.000000,35.446412,0.000000
0.419400,0.033815,0.042367,0.025273,-0.049236,84.672568,57.848446,0.000000,0.000000,0.000000,35.327432,0.000000
0.420300,0.033888,0.042504,0.025536,-0.049116,84.791548,57.480959,0.000000,0.000000,0.000000,35.208452,0.000000
0.421200,0.033961,0.042639,0.025799,-0.048999,84.910527,57.115898,0.000000,0.000000,0.000000,35.089473,0.000000
0.422100,0.034032,0.042772,0.026061,-0.048882,85.029507,56.753321,0.000000,0.000000,0.000000,34.970493,0.000000
0.423000,0.034104,0.042903,0.026323,-0.048767,85.148487,56.393288,0.000000,0.000000,0.000000,34.851513,0.000000
0.423900,0.034175,0.043033,0.026584,-0.048654,85.267466,56.035856,0.000000,0.000000,0.000000,34.732534,0.000000
0.424800,0.034245,0.043160,0.026845,-0.048542,85.386446,55.681083,0.000000,0.000000,0.000000,34.613554,0.000000
0.425700,0.034314,0.043286,0.027105,-0.048431,85.505425,55.329027,0.000000,0.000000,0.000000,34.494575,0.000000
0.426600,0.034383,0.043409,0.027364,-0.048322,85.624405,54.979744,0.000000,0.000000,0.000000,34.375595,0.000000
0.427500,0.034451,0.043531,0.027623,-0.048215,85.743385,54.633290,0.000000,0.000000,0.000000,34.256615,0.000000
0.428400,0.034518,0.043651,0.027880,-0.048109,85.862364,54.289723,0.000000,0.000000,0.000000,34.137636,0.000000
0.429300,0.034585,0.043769,0.028137,-0.048005,85.981344,53.949096,0.000000,0.000000,0.000000,34.018656,0.000000
0.430200,0.034650,0.043885,0.028394,-0.047902,86.100324,53.611465,0.000000,0.000000,0.000000,33.899676,0.000000
0.431100,0.034715,0.043998,0.028649,-0.047801,86.219303,53.276885,0.000000,0.000000,0.000000,33.780697,0.000000
0.432000,0.034779,0.044110,0.028903,-0.047702,86.338283,52.945410,0.000000,0.000000,0.000000,33.661717,0.000000
0.432900,0.034842,0.044220,0.029157,-0.047604,86.457263,52.617093,0.000000,0.000000,0.000000,33.542737,0.000000
0.433800,0.034903,0.044328,0.029409,-0.047508,86.576242,52.291988,0.000000,0.000000,0.000000,33.423758,0.000000
0.434700,0.034964,0.044433,0.029660,-0.047414,86.695222,51.970146,0.000000,0.000000,0.000000,33.304778,0.000000
0.435600,0.035023,0.044537,0.029910,-0.047321,86.814201,51.651620,0.000000,0.000000,0.000000,33.185799,0.000000
0.436500,0.035081,0.044638,0.030159,-0.047230,86.933181,51.336461,0.000000,0.000000,0.000000,33.066819,0.000000
0.437400,0.035138,0.044738,0.030407,-0.047141,87.052161,51.024720,0.000000,0.000000,0.000000,32.947839,0.000000
0.438300,0.035194,0.044835,0.030654,-0.047053,87.171140,50.716447,0.000000,0.000000,0.000000,32.828860,0.000000
0.439200,0.035249,0.044930,0.030899,-0.046967,87.290120,50.411693,0.000000,0.000000,0.000000,32.709880,0.000000
0.440100,0.035302,0.045023,0.031143,-0.046883,87.409100,50.110507,0.000000,0.000000,0.000000,32.590900,0.000000
0.441000,0.035353,0.045114,0.031385,-0.046800,87.528079,49.812936,0.000000,0.000000,0.000000,32.471921,0.000000
0.441900,0.035404,0.045203,0.031627,-0.046720,87.647059,49.519030,0.000000,0.000000,0.000000,32.352941,0.000000
0.442800,0.035453,0.045289,0.031866,-0.046641,87.766038,49.228835,0.000000,0.000000,0.000000,32.233962,0.000000
0.443700,0.035500,0.045374,0.032105,-0.046564,87.885018,48.942399,0.000000,0.000000,0.000000,32.114982,0.000000
0.444600,0.035546,0.045456,0.032341,-0.046488,88.003998,48.659767,0.000000,0.000000,0.000000,31.996002,0.000000
0.445500,0.035590,0.045536,0.032577,-0.046415,88.122977,48.380986,0.000000,0.000000,0.000000,31.877023,0.000000
0.446400,0.035633,0.045614,0.032810,-0.046343,88.241957,48.106100,0.000000,0.000000,0.000000,31.758043,0.000000
0.447300,0.035674,0.045689,0.033042,-0.046273,88.360937,47.835155,0.000000,0.000000,0.000000,31.639063,0.000000
0.448200,0.035713,0.045763,0.033272,-0.046205,88.479916,47.568192,0.000000,0.000000,0.000000,31.520084,0.000000
0.449100,0.035751,0.045834,0.033501,-0.046138,88.598896,47.305257,0.000000,0.000000,0.000000,31.401104,0.000000
0.450000,0.035786,0.045903,0.033728,-0.046074,88.717875,47.046391,0.000000,0.000000,0.000000,31.282125,0.000000
0.450900,0.035820,0.045970,0.033953,-0.046011,88.836855,46.791635,0.000000,0.000000,0.000000,31.163145,0.000000
0.451800,0.035853,0.046035,0.034176,-0.045950,88.955835,46.541032,0.000000,0.000000,0.000000,31.044165,0.000000
0.452700,0.035883,0.046097,0.034397,-0.045891,89.074814,46.294621,0.000000,0.000000,0.000000,30.925186,0.000000
0.453600,0.035911,0.046157,0.034617,-0.045834,89.193794,46.052443,0.000000,0.000000,0.000000,30.806206,0.000000
0.454500,0.035938,0.046215,0.034834,-0.045779,89.312774,45.814537,0.000000,0.000000,0.000000,30.687226,0.000000
0.455400,0.035963,0.046270,0.035050,-0.045725,89.431753,45.580940,0.000000,0.000000,0.000000,30.568247,0.000000
0.456300,0.035985,0.046324,0.035264,-0.045674,89.550733,45.351691,0.000000,0.000000,0.000000,30.449267,0.000000
0.457200,0.036006,0.046375,0.035475,-0.045624,89.669713,45.126827,0.000000,0.000000,0.000000,30.330287,0.000000
0.458100,0.036024,0.046423,0.035685,-0.045576,89.788692,44.906383,0.000000,0.000000,0.000000,30.211308,0.000000
0.459000,0.036041,0.046470,0.035892,-0.045530,89.907672,44.690397,0.000000,0.000000,0.000000,30.092328,0.000000
0.459900,0.036055,0.046514,0.036098,-0.045486,90.026651,44.478901,0.000000,0.000000,0.000000,29.973349,0.000000
0.460800,0.036067,0.046556,0.036301,-0.045444,90.145631,44.271932,0.000000,0.000000,0.000000,29.854369,0.000000
0.461700,0.036077,0.046596,0.036502,-0.045403,90.264611,44.069521,0.000000,0.000000,0.000000,29.735389,0.000000
0.462600,0.036085,0.046633,0.036701,-0.045365,90.383590,43.871703,0.000000,0.000000,0.000000,29.616410,0.000000
0.463500,0.036091,0.046668,0.036898,-0.045329,90.502570,43.678508,0.000000,0.000000,0.000000,29.497430,0.000000
0.464400,0.036094,0.046701,0.037092,-0.045294,90.621550,43.489968,0.000000,0.000000,0.000000,29.378450,0.000000
0.465300,0.036096,0.046731,0.037285,-0.045261,90.740529,43.306113,0.000000,0.000000,0.000000,29.259471,0.000000
0.466200,0.036094,0.046759,0.037474,-0.045231,90.859509,43.126974,0.000000,0.000000,0.000000,29.140491,0.000000
0.467100,0.036091,0.046785,0.037662,-0.045202,90.978488,42.952578,0.000000,0.000000,0.000000,29.021512,0.000000
0.468000,0.036085,0.046808,0.037847,-0.045175,91.097468,42.782955,0.000000,0.000000,0.000000,28.902532,0.000000
0.468900,0.036077,0.046829,0.038030,-0.045150,91.216448,42.618131,0.000000,0.000000,0.000000,28.783552,0.000000
0.469800,0.036067,0.046848,0.038211,-0.045127,91.335427,42.458133,0.000000,0.000000,0.000000,28.664573,0.000000
0.470700,0.036054,0.046864,0.038389,-0.045106,91.454407,42.302988,0.000000,0.000000,0.000000,28.545593,0.000000
0.471600,0.036039,0.046878,0.038565,-0.045087,91.573387,42.152719,0.000000,0.000000,0.000000,28.426613,0.000000
0.472500,0.036022,0.046889,0.038739,-0.045070,91.692366,42.007352,0.000000,0.000000,0.000000,28.307634,0.000000
0.473400,0.036002,0.046899,0.038910,-0.045055,91.811346,41.866910,0.000000,0.000000,0.000000,28.188654,0.000000
0.474300,0.035979,0.046905,0.039078,-0.045042,91.930326,41.731415,0.000000,0.000000,0.000000,28.069674,0.000000
0.475200,0.035954,0.046910,0.039244,-0.045031,92.049305,41.600890,0.000000,0.000000,0.000000,27.950695,0.000000
0.476100,0.035927,0.046912,0.039408,-0.045022,92.168285,41.475355,0.000000,0.000000,0.000000,27.831715,0.000000
0.477000,0.035897,0.046911,0.039569,-0.045015,92.287264,41.354831,0.000000,0.000000,0.000000,27.712736,0.000000
0.477900,0.035865,0.046908,0.039728,-0.045011,92.406244,41.239337,0.000000,0.000000,0.000000,27.593756,0.000000
0.478800,0.035831,0.046903,0.039884,-0.045008,92.525224,41.128892,0.000000,0.000000,0.000000,27.474776,0.000000
0.479700,0.035793,0.046895,0.040038,-0.045007,92.644203,41.023514,0.000000,0.000000,0.000000,27.355797,0.000000
0.480600,0.035754,0.046885,0.040189,-0.045008,92.763183,40.923219,0.000000,0.000000,0.000000,27.236817,0.000000
0.481500,0.035711,0.046872,0.040337,-0.045011,92.882163,40.828025,0.000000,0.000000,0.000000,27.117837,0.000000
0.482400,0.035667,0.046857,0.040483,-0.045017,93.001142,40.737946,0.000000,0.000000,0.000000,26.998858,0.000000
0.483300,0.035620,0.046840,0.040627,-0.045024,93.120122,40.652996,0.000000,0.000000,0.000000,26.879878,0.000000
0.484200,0.035570,0.046819,0.040768,-0.045034,93.239101,40.573190,0.000000,0.000000,0.000000,26.760899,0.000000
0.485100,0.035518,0.046797,0.040907,-0.045045,93.358081,40.498541,0.000000,0.000000,0.000000,26.641919,0.000000
0.486000,0.035463,0.046772,0.041042,-0.045059,93.477061,40.429060,0.000000,0.000000,0.000000,26.522939,0.000000
0.486900,0.035406,0.046744,0.041176,-0.045075,93.596040,40.364759,0.000000,0.000000,0.000000,26.403960,0.000000
0.487800,0.035346,0.046714,0.041307,-0.045093,93.715020,40.305648,0.000000,0.000000,0.000000,26.284980,0.000000
0.488700,0.035283,0.046681,0.041435,-0.045113,93.834000,40.251737,0.000000,0.000000,0.000000,26.166000,0.000000
0.489600,0.035219,0.046645,0.041561,-0.045136,93.952979,40.203034,0.000000,0.000000,0.000000,26.047021,0.000000
0.490500,0.035151,0.046607,0.041684,-0.045160,94.071959,40.159547,0.000000,0.000000,0.000000,25.928041,0.000000
0.491400,0.035082,0.046567,0.041805,-0.045187,94.190939,40.121284,0.000000,0.000000,0.000000,25.809061,0.000000
0.492300,0.035009,0.046524,0.041923,-0.045216,94.309918,40.088250,0.000000,0.000000,0.000000,25.690082,0.000000
0.493200,0.034935,0.046478,0.042039,-0.045247,94.428898,40.060451,0.000000,0.000000,0.000000,25.571102,0.000000
0.494100,0.034857,0.046430,0.042152,-0.045281,94.547877,40.037891,0.000000,0.000000,0.000000,25.452123,0.000000
0.495000,0.034778,0.046378,0.042263,-0.045317,94.666857,40.020574,0.000000,0.000000,0.000000,25.333143,0.000000
0.495900,0.034696,0.046325,0.042371,-0.045355,94.785837,40.008503,0.000000,0.000000,0.000000,25.214163,0.000000
0.496800,0.034611,0.046268,0.042477,-0.045395,94.904816,40.001680,0.000000,0.000000,0.000000,25.095184,0.000000
0.497700,0.034524,0.046209,0.042580,-0.045437,95.023796,40.000105,0.000000,0.000000,0.000000,24.976204,0.000000
0.498600,0.034435,0.046147,0.042681,-0.045482,95.142776,40.003779,0.000000,0.000000,0.000000,24.857224,0.000000
0.499500,0.034343,0.046083,0.042780,-0.045530,95.261755,40.012702,0.000000,0.000000,0.000000,24.738245,0.000000
0.500400,0.034249,0.046016,0.042876,-0.045579,95.380735,40.026872,0.000000,0.000000,0.000000,24.619265,0.000000
0.501300,0.034152,0.045945,0.042970,-0.045631,95.499714,40.046286,0.000000,0.000000,0.000000,24.500286,0.000000
0.502200,0.034054,0.045873,0.043061,-0.045685,95.618694,40.070942,0.000000,0.000000,0.000000,24.381306,0.000000
0.503100,0.033953,0.045797,0.043150,-0.045742,95.737674,40.100836,0.000000,0.000000,0.000000,24.262326,0.000000
0.504000,0.033849,0.045719,0.043237,-0.045801,95.856653,40.135962,0.000000,0.000000,0.000000,24.143347,0.000000
0.504900,0.033744,0.045637,0.043321,-0.045863,95.975633,40.176316,0.000000,0.000000,0.000000,24.024367,0.000000
0.505800,0.033636,0.045553,0.043404,-0.045927,96.094613,40.221890,0.000000,0.000000,0.000000,23.905387,0.000000
0.506700,0.033526,0.045466,0.043483,-0.045993,96.213592,40.272677,0.000000,0.000000,0.000000,23.786408,0.000000
0.507600,0.033414,0.045376,0.043561,-0.046062,96.332572,40.328669,0.000000,0.000000,0.000000,23.667428,0.000000
0.508500,0.033299,0.045284,0.043637,-0.046134,96.451551,40.389857,0.000000,0.000000,0.000000,23.548449,0.000000
0.509400,0.033183,0.045188,0.043710,-0.046208,96.570531,40.456232,0.000000,0.000000,0.000000,23.429469,0.000000
0.510300,0.033064,0.045089,0.043781,-0.046284,96.689511,40.527781,0.000000,0.000000,0.000000,23.310489,0.000000
0.511200,0.032944,0.044988,0.043850,-0.046363,96.808490,40.604495,0.000000,0.000000,0.000000,23.191510,0.000000
0.512100,0.032821,0.044884,0.043917,-0.046445,96.927470,40.686359,0.000000,0.000000,0.000000,23.072530,0.000000
0.513000,0.032696,0.044776,0.043982,-0.046529,97.046450,40.773363,0.000000,0.000000,0.000000,22.953550,0.000000
0.513900,0.032570,0.044666,0.044045,-0.046616,97.165429,40.865490,0.000000,0.000000,0.000000,22.834571,0.000000
0.514800,0.032441,0.044552,0.044106,-0.046705,97.284409,40.962726,0.000000,0.000000,0.000000,22.715591,0.000000
0.515700,0.032311,0.044436,0.044165,-0.046797,97.403389,41.065056,0.000000,0.000000,0.000000,22.596611,0.000000
0.516600,0.032179,0.044316,0.044223,-0.046892,97.522368,41.172463,0.000000,0.000000,0.000000,22.477632,0.000000
0.517500,0.032045,0.044194,0.044278,-0.046989,97.641348,41.284930,0.000000,0.000000,0.000000,22.358652,0.000000
0.518400,0.031909,0.044068,0.044332,-0.047089,97.760327,41.402438,0.000000,0.000000,0.000000,22.239673,0.000000
0.519300,0.031771,0.043939,0.044383,-0.047192,97.879307,41.524969,0.000000,0.000000,0.000000,22.120693,0.000000
0.520200,0.031632,0.043807,0.044433,-0.047298,97.998287,41.652502,0.000000,0.000000,0.000000,22.001713,0.000000
0.521100,0.031491,0.043672,0.044482,-0.047406,98.117266,41.785018,0.000000,0.000000,0.000000,21.882734,0.000000
0.522000,0.031349,0.043534,0.044529,-0.047517,98.236246,41.922494,0.000000,0.000000,0.000000,21.763754,0.000000
0.522900,0.031205,0.043393,0.044574,-0.047631,98.355226,42.064909,0.000000,0.000000,0.000000,21.644774,0.000000
0.523800,0.031060,0.043249,0.044617,-0.047747,98.474205,42.212240,0.000000,0.000000,0.000000,21.525795,0.000000
0.524700,0.030913,0.043101,0.044659,-0.047866,98.593185,42.364462,0.000000,0.000000,0.000000,21.406815,0.000000
0.525600,0.030765,0.042950,0.044700,-0.047988,98.712164,42.521552,0.000000,0.000000,0.000000,21.287836,0.000000
0.526500,0.030615,0.042796,0.044739,-0.048113,98.831144,42.683483,0.000000,0.000000,0.000000,21.168856,0.000000
0.527400,0.030464,0.042639,0.044777,-0.048241,98.950124,42.850230,0.000000,0.000000,0.000000,21.049876,0.000000
0.528300,0.030312,0.042478,0.044814,-0.048372,99.069103,43.021765,0.000000,0.000000,0.000000,20.930897,0.000000
0.529200,0.030159,0.042315,0.044849,-0.048505,99.188083,43.198062,0.000000,0.000000,0.000000,20.811917,0.000000
0.530100,0.030005,0.042148,0.044884,-0.048641,99.307063,43.379091,0.000000,0.000000,0.000000,20.692937,0.000000
0.531000,0.029849,0.041977,0.044917,-0.048781,99.426042,43.564823,0.000000,0.000000,0.000000,20.573958,0.000000
0.531900,0.029693,0.041804,0.044949,-0.048923,99.545022,43.755229,0.000000,0.000000,0.000000,20.454978,0.000000
0.532800,0.029536,0.041627,0.044980,-0.049068,99.664002,43.950277,0.000000,0.000000,0.000000,20.335998,0.000000
0.533700,0.029377,0.041447,0.045010,-0.049215,99.782981,44.149936,0.000000,0.000000,0.000000,20.217019,0.000000
0.534600,0.029218,0.041263,0.045039,-0.049366,99.901961,44.354174,0.000000,0.000000,0.000000,20.098039,0.000000
0.535500,0.029058,0.041077,0.045067,-0.049520,100.020940,44.562958,0.000000,0.000000,0.000000,19.979060,0.000000
0.536400,0.028898,0.040887,0.045095,-0.049676,100.139920,44.776254,0.000000,0.000000,0.000000,19.860080,0.000000
0.537300,0.028737,0.040693,0.045121,-0.049836,100.258900,44.994028,0.000000,0.000000,0.000000,19.741100,0.000000
0.538200,0.028575,0.040497,0.045148,-0.049998,100.377879,45.216244,0.000000,0.000000,0.000000,19.622121,0.000000
0.539100,0.028412,0.040297,0.045173,-0.050164,100.496859,45.442866,0.000000,0.000000,0.000000,19.503141,0.000000
0.540000,0.028250,0.040093,0.045198,-0.050332,100.615839,45.673859,0.000000,0.000000,0.000000,19.384161,0.000000
0.540900,0.028086,0.039886,0.045223,-0.050503,100.734818,45.909184,0.000000,0.000000,0.000000,19.265182,0.000000
0.541800,0.027923,0.039676,0.045247,-0.050678,100.853798,46.148804,0.000000,0.000000,0.000000,19.146202,0.000000
0.542700,0.027759,0.039463,0.045271,-0.050855,100.972777,46.392680,0.000000,0.000000,0.000000,19.027223,0.000000
0.543600,0.027595,0.039246,0.045294,-0.051035,101.091757,46.640772,0.000000,0.000000,0.000000,18.908243,0.000000
0.544500,0.027431,0.039026,0.045317,-0.051218,101.210737,46.893041,0.000000,0.000000,0.000000,18.789263,0.000000
0.545400,0.027267,0.038803,0.045340,-0.051404,101.329716,47.149446,0.000000,0.000000,0.000000,18.670284,0.000000
0.546300,0.027102,0.038576,0.045363,-0.051593,101.448696,47.409945,0.000000,0.000000,0.000000,18.551304,0.000000
0.547200,0.026938,0.038346,0.045386,-0.051785,101.567676,47.674496,0.000000,0.000000,0.000000,18.432324,0.000000
0.548100,0.026774,0.038113,0.045410,-0.051980,101.686655,47.943057,0.000000,0.000000,0.000000,18.313345,0.000000
0.549000,0.026610,0.037877,0.045433,-0.052177,101.805635,48.215584,0.000000,0.000000,0.000000,18.194365,0.000000
0.549900,0.026447,0.037637,0.045456,-0.052378,101.924615,48.492033,0.000000,0.000000,0.000000,18.075385,0.000000
0.550800,0.026284,0.037393,0.045480,-0.052582,102.043594,48.772360,0.000000,0.000000,0.000000,17.956406,0.000000
0.551700,0.026121,0.037147,0.045504,-0.052788,102.162574,49.056519,0.000000,0.000000,0.000000,17.837426,0.000000
0.552600,0.025958,0.036897,0.045528,-0.052997,102.281553,49.344464,0.000000,0.000000,0.000000,17.718447,0.000000
0.553500,0.025797,0.036644,0.045553,-0.053209,102.400533,49.636149,0.000000,0.000000,0.000000,17.599467,0.000000
0.554400,0.025635,0.036388,0.045578,-0.053424,102.519513,49.931527,0.000000,0.000000,0.000000,17.480487,0.000000
0.555300,0.025475,0.036129,0.045604,-0.053642,102.638492,50.230550,0.000000,0.000000,0.000000,17.361508,0.000000
0.556200,0.025315,0.035866,0.045631,-0.053863,102.757472,50.533170,0.000000,0.000000,0.000000,17.242528,0.000000
0.557100,0.025156,0.035600,0.045659,-0.054086,102.876452,50.839337,0.000000,0.000000,0.000000,17.123548,0.000000
0.558000,0.024998,0.035332,0.045687,-0.054312,102.995431,51.149003,0.000000,0.000000,0.000000,17.004569,0.000000
0.558900,0.024841,0.035060,0.045716,-0.054541,103.114411,51.462117,0.000000,0.000000,0.000000,16.885589,0.000000
0.559800,0.024685,0.034784,0.045746,-0.054773,103.233390,51.778629,0.000000,0.000000,0.000000,16.766610,0.000000
0.560700,0.024531,0.034506,0.045777,-0.055007,103.352370,52.098487,0.000000,0.000000,0.000000,16.647630,0.000000
0.561600,0.024377,0.034225,0.045809,-0.055244,103.471350,52.421641,0.000000,0.000000,0.000000,16.528650,0.000000
0.562500,0.024224,0.033940,0.045842,-0.055484,103.590329,52.748038,0.000000,0.000000,0.000000,16.409671,0.000000
0.563400,0.024073,0.033653,0.045877,-0.055726,103.709309,53.077624,0.000000,0.000000,0.000000,16.290691,0.000000
0.564300,0.023924,0.033363,0.045913,-0.055971,103.828289,53.410348,0.000000,0.000000,0.000000,16.171711,0.000000
0.565200,0.023775,0.033070,0.045950,-0.056218,103.947268,53.746154,0.000000,0.000000,0.000000,16.052732,0.000000
0.566100,0.023629,0.032773,0.045989,-0.056468,104.066248,54.084990,0.000000,0.000000,0.000000,15.933752,0.000000
0.567000,0.023483,0.032474,0.046029,-0.056720,104.185227,54.426800,0.000000,0.000000,0.000000,15.814773,0.000000
0.567900,0.023340,0.032172,0.046070,-0.056975,104.304207,54.771529,0.000000,0.000000,0.000000,15.695793,0.000000
0.568800,0.023198,0.031868,0.046114,-0.057233,104.423187,55.119121,0.000000,0.000000,0.000000,15.576813,0.000000
0.569700,0.023058,0.031560,0.046159,-0.057492,104.542166,55.469520,0.000000,0.000000,0.000000,15.457834,0.000000
0.570600,0.022920,0.031250,0.046205,-0.057754,104.661146,55.822670,0.000000,0.000000,0.000000,15.338854,0.000000
0.571500,0.022784,0.030937,0.046254,-0.058019,104.780126,56.178513,0.000000,0.000000,0.000000,15.219874,0.000000
0.572400,0.022650,0.030622,0.046304,-0.058285,104.899105,56.536993,0.000000,0.000000,0.000000,15.100895,0.000000
0.573300,0.022517,0.030304,0.046357,-0.058554,105.018085,56.898050,0.000000,0.000000,0.000000,14.981915,0.000000
0.574200,0.022387,0.029983,0.046411,-0.058825,105.137065,57.261628,0.000000,0.000000,0.000000,14.862935,0.000000
0.575100,0.022259,0.029660,0.046468,-0.059098,105.256044,57.627666,0.000000,0.000000,0.000000,14.743956,0.000000
0.576000,0.022134,0.029335,0.046526,-0.059373,105.375024,57.996107,0.000000,0.000000,0.000000,14.624976,0.000000
0.576900,0.022010,0.029007,0.046587,-0.059650,105.494003,58.366890,0.000000,0.000000,0.000000,14.505997,0.000000
0.577800,0.021889,0.028676,0.046650,-0.059929,105.612983,58.739956,0.000000,0.000000,0.000000,14.387017,0.000000
0.578700,0.021770,0.028344,0.046715,-0.060210,105.731963,59.115244,0.000000,0.000000,0.000000,14.268037,0.000000
0.579600,0.021654,0.028009,0.046782,-0.060493,105.850942,59.492694,0.000000,0.000000,0.000000,14.149058,0.000000
0.580500,0.021540,0.027672,0.046852,-0.060778,105.969922,59.872244,0.000000,0.000000,0.000000,14.030078,0.000000
0.581400,0.021429,0.027333,0.046925,-0.061064,106.088902,60.253835,0.000000,0.000000,0.000000,13.911098,0.000000
0.582300,0.021320,0.026991,0.047000,-0.061352,106.207881,60.637403,0.000000,0.000000,0.000000,13.792119,0.000000
0.583200,0.021214,0.026648,0.047077,-0.061642,106.326861,61.022887,0.000000,0.000000,0.000000,13.673139,0.000000
0.584100,0.021111,0.026303,0.047157,-0.061933,106.445840,61.410224,0.000000,0.000000,0.000000,13.554160,0.000000
0.585000,0.021011,0.025956,0.047240,-0.062226,106.564820,61.799353,0.000000,0.000000,0.000000,13.435180,0.000000
0.585900,0.020913,0.025607,0.047325,-0.062520,106.683800,62.190210,0.000000,0.000000,0.000000,13.316200,0.000000
0.586800,0.020818,0.025256,0.047413,-0.062816,106.802779,62.582732,0.000000,0.000000,0.000000,13.197221,0.000000
0.587700,0.020726,0.024904,0.047504,-0.063113,106.921759,62.976856,0.000000,0.000000,0.000000,13.078241,0.000000
0.588600,0.020637,0.024550,0.047598,-0.063411,107.040739,63.372518,0.000000,0.000000,0.000000,12.959261,0.000000
0.589500,0.020551,0.024194,0.047694,-0.063711,107.159718,63.769654,0.000000,0.000000,0.000000,12.840282,0.000000
0.590400,0.020468,0.023837,0.047793,-0.064011,107.278698,64.168200,0.000000,0.000000,0.000000,12.721302,0.000000
0.591300,0.020387,0.023478,0.047896,-0.064313,107.397678,64.568092,0.000000,0.000000,0.000000,12.602322,0.000000
0.592200,0.020310,0.023118,0.048001,-0.064616,107.516657,64.969265,0.000000,0.000000,0.000000,12.483343,0.000000
0.593100,0.020237,0.022757,0.048109,-0.064919,107.635637,65.371654,0.000000,0.000000,0.000000,12.364363,0.000000
0.594000,0.020166,0.022395,0.048220,-0.065224,107.754616,65.775194,0.000000,0.000000,0.000000,12.245384,0.000000
0.594900,0.020098,0.022031,0.048335,-0.065529,107.873596,66.179821,0.000000,0.000000,0.000000,12.126404,0.000000
0.595800,0.020034,0.021666,0.048452,-0.065835,107.992576,66.585468,0.000000,0.000000,0.000000,12.007424,0.000000
0.596700,0.019973,0.021300,0.048572,-0.066141,108.111555,66.992070,0.000000,0.000000,0.000000,11.888445,0.000000
0.597600,0.019915,0.020934,0.048696,-0.066448,108.230535,67.399563,0.000000,0.000000,0.000000,11.769465,0.000000
0.598500,0.019860,0.020566,0.048823,-0.066756,108.349515,67.807879,0.000000,0.000000,0.000000,11.650485,0.000000
0.599400,0.019809,0.020198,0.048953,-0.067064,108.468494,68.216952,0.000000,0.000000,0.000000,11.531506,0.000000
0.600300,0.019760,0.019829,0.049086,-0.067372,108.587474,68.626718,0.000000,0.000000,0.000000,11.412526,0.000000
0.601200,0.019716,0.019459,0.049222,-0.067681,108.706453,69.037109,0.000000,0.000000,0.000000,11.293547,0.000000
0.602100,0.019674,0.019089,0.049361,-0.067990,108.825433,69.448059,0.000000,0.000000,0.000000,11.174567,0.000000
0.603000,0.019636,0.018718,0.049504,-0.068299,108.944413,69.859502,0.000000,0.000000,0.000000,11.055587,0.000000
0.603900,0.019601,0.018347,0.049650,-0.068608,109.063392,70.271372,0.000000,0.000000,0.000000,10.936608,0.000000
0.604800,0.019570,0.017975,0.049799,-0.068917,109.182372,70.683602,0.000000,0.000000,0.000000,10.817628,0.000000
0.605700,0.019542,0.017603,0.049951,-0.069226,109.301352,71.096125,0.000000,0.000000,0.000000,10.698648,0.000000
0.606600,0.019517,0.017231,0.050107,-0.069534,109.420331,71.508874,0.000000,0.000000,0.000000,10.579669,0.000000
0.607500,0.019496,0.016859,0.050266,-0.069843,109.539311,71.921784,0.000000,0.000000,0.000000,10.460689,0.000000
0.608400,0.019478,0.016487,0.050428,-0.070151,109.658291,72.334788,0.000000,0.000000,0.000000,10.341709,0.000000
0.609300,0.019464,0.016115,0.050593,-0.070459,109.777270,72.747817,0.000000,0.000000,0.000000,10.222730,0.000000
0.610200,0.019453,0.015743,0.050762,-0.070766,109.896250,73.160807,0.000000,0.000000,0.000000,10.103750,0.000000
0.611100,0.019445,0.015371,0.050934,-0.071073,110.015229,73.573690,0.000000,0.000000,0.000000,9.984771,0.000000
0.612000,0.019441,0.014999,0.051109,-0.071379,110.134209,73.986400,0.000000,0.000000,0.000000,9.865791,0.000000
0.612900,0.019440,0.014628,0.051287,-0.071684,110.253189,74.398870,0.000000,0.000000,0.000000,9.746811,0.000000
0.613800,0.019442,0.014257,0.051469,-0.071988,110.372168,74.811033,0.000000,0.000000,0.000000,9.627832,0.000000
0.614700,0.019448,0.013887,0.051654,-0.072292,110.491148,75.222823,0.000000,0.000000,0.000000,9.508852,0.000000
0.615600,0.019457,0.013517,0.051842,-0.072595,110.610128,75.634173,0.000000,0.000000,0.000000,9.389872,0.000000
0.616500,0.019469,0.013148,0.052033,-0.072896,110.729107,76.045016,0.000000,0.000000,0.000000,9.270893,0.000000
0.617400,0.019485,0.012780,0.052227,-0.073197,110.848087,76.455288,0.000000,0.000000,0.000000,9.151913,0.000000
0.618300,0.019504,0.012412,0.052424,-0.073496,110.967066,76.864920,0.000000,0.000000,0.000000,9.032934,0.000000
0.619200,0.019526,0.012045,0.052625,-0.073794,111.086046,77.273847,0.000000,0.000000,0.000000,8.913954,0.000000
0.620100,0.019551,0.011680,0.052828,-0.074091,111.205026,77.682004,0.000000,0.000000,0.000000,8.794974,0.000000
0.621000,0.019580,0.011315,0.053035,-0.074387,111.324005,78.089323,0.000000,0.000000,0.000000,8.675995,0.000000
0.621900,0.019611,0.010951,0.053244,-0.074681,111.442985,78.495740,0.000000,0.000000,0.000000,8.557015,0.000000
0.622800,0.019646,0.010589,0.053457,-0.074973,111.561965,78.901188,0.000000,0.000000,0.000000,8.438035,0.000000
0.623700,0.019684,0.010227,0.053672,-0.075264,111.680944,79.305603,0.000000,0.000000,0.000000,8.319056,0.000000
0.624600,0.019725,0.009868,0.053891,-0.075553,111.799924,79.708918,0.000000,0.000000,0.000000,8.200076,0.000000
0.625500,0.019769,0.009509,0.054112,-0.075841,111.918903,80.111069,0.000000,0.000000,0.000000,8.081097,0.000000
0.626400,0.019816,0.009152,0.054336,-0.076126,112.037883,80.511991,0.000000,0.000000,0.000000,7.962117,0.000000
0.627300,0.019866,0.008796,0.054563,-0.076410,112.156863,80.911619,0.000000,0.000000,0.000000,7.843137,0.000000
0.628200,0.019919,0.008442,0.054793,-0.076692,112.275842,81.309888,0.000000,0.000000,0.000000,7.724158,0.000000
0.629100,0.019975,0.008089,0.055026,-0.076972,112.394822,81.706735,0.000000,0.000000,0.000000,7.605178,0.000000
0.630000,0.020033,0.007738,0.055261,-0.077250,112.513802,82.102094,0.000000,0.000000,0.000000,7.486198,0.000000
0.630900,0.020095,0.007389,0.055499,-0.077526,112.632781,82.495903,0.000000,0.000000,0.000000,7.367219,0.000000
0.631800,0.020159,0.007042,0.055739,-0.077799,112.751761,82.888097,0.000000,0.000000,0.000000,7.248239,0.000000
0.632700,0.020226,0.006697,0.055982,-0.078071,112.870741,83.278613,0.000000,0.000000,0.000000,7.129259,0.000000
0.633600,0.020295,0.006353,0.056227,-0.078340,112.989720,83.667389,0.000000,0.000000,0.000000,7.010280,0.000000
0.634500,0.020367,0.006012,0.056475,-0.078606,113.108700,84.054360,0.000000,0.000000,0.000000,6.891300,0.000000
0.635400,0.020442,0.005673,0.056725,-0.078870,113.227679,84.439466,0.000000,0.000000,0.000000,6.772321,0.000000
0.636300,0.020519,0.005335,0.056978,-0.079132,113.346659,84.822644,0.000000,0.000000,0.000000,6.653341,0.000000
0.637200,0.020599,0.005000,0.057233,-0.079391,113.465639,85.203831,0.000000,0.000000,0.000000,6.534361,0.000000
0.638100,0.020681,0.004667,0.057490,-0.079648,113.584618,85.582966,0.000000,0.000000,0.000000,6.415382,0.000000
0.639000,0.020765,0.004336,0.057749,-0.079902,113.703598,85.959989,0.000000,0.000000,0.000000,6.296402,0.000000
0.639900,0.020851,0.004008,0.058011,-0.080154,113.822578,86.334837,0.000000,0.000000,0.000000,6.177422,0.000000
0.640800,0.020940,0.003682,0.058274,-0.080402,113.941557,86.707451,0.000000,0.000000,0.000000,6.058443,0.000000
0.641700,0.021031,0.003359,0.058540,-0.080648,114.060537,87.077771,0.000000,0.000000,0.000000,5.939463,0.000000
0.642600,0.021124,0.003037,0.058807,-0.080891,114.179516,87.445736,0.000000,0.000000,0.000000,5.820484,0.000000
0.643500,0.021219,0.002719,0.059076,-0.081131,114.298496,87.811287,0.000000,0.000000,0.000000,5.701504,0.000000
0.644400,0.021316,0.002403,0.059347,-0.081368,114.417476,88.174365,0.000000,0.000000,0.000000,5.582524,0.000000
0.645300,0.021415,0.002089,0.059620,-0.081603,114.536455,88.534911,0.000000,0.000000,0.000000,5.463545,0.000000
0.646200,0.021516,0.001778,0.059894,-0.081834,114.655435,88.892868,0.000000,0.000000,0.000000,5.344565,0.000000
0.647100,0.021618,0.001470,0.060170,-0.082062,114.774415,89.248177,0.000000,0.000000,0.000000,5.225585,0.000000
0.648000,0.021722,0.001165,0.060448,-0.082288,114.893394,89.600782,0.000000,0.000000,0.000000,5.106606,0.000000
0.648900,0.021828,0.000862,0.060727,-0.082510,115.012374,89.950624,0.000000,0.000000,0.000000,4.987626,0.000000
0.649800,0.021935,0.000562,0.061007,-0.082729,115.131354,90.297648,0.000000,0.000000,0.000000,4.868646,0.000000
0.650700,0.022044,0.000265,0.061289,-0.082945,115.250333,90.641797,0.000000,0.000000,0.000000,4.749667,0.000000
0.651600,0.022155,-0.000029,0.061572,-0.083157,115.369313,90.983017,0.000000,0.000000,0.000000,4.630687,0.000000
0.652500,0.022266,-0.000321,0.061856,-0.083367,115.488292,91.321251,0.000000,0.000000,0.000000,4.511708,0.000000
0.653400,0.022379,-0.000609,0.062142,-0.083573,115.607251,91.656445,0.000000,0.000000,0.000000,4.392749,0.000000
0.654300,0.022493,-0.000894,0.062426,-0.083776,115.725172,91.988546,0.000000,0.000000,0.000000,4.274828,0.000000
0.655200,0.022609,-0.001175,0.062710,-0.083975,115.841489,92.317499,0.000000,0.000000,0.000000,4.158511,0.000000
0.656100,0.022725,-0.001451,0.062991,-0.084171,115.956201,92.643251,0.000000,0.000000,0.000000,4.043799,0.000000
0.657000,0.022841,-0.001724,0.063272,-0.084364,116.069308,92.965750,0.000000,0.000000,0.000000,3.930692,0.000000
0.657900,0.022959,-0.001992,0.063550,-0.084554,116.180812,93.284943,0.000000,0.000000,0.000000,3.819188,0.000000
0.658800,0.023077,-0.002257,0.063826,-0.084740,116.290711,93.600779,0.000000,0.000000,0.000000,3.709289,0.000000
0.659700,0.023196,-0.002517,0.064101,-0.084923,116.399005,93.913208,0.000000,0.000000,0.000000,3.600995,0.000000
0.660600,0.023315,-0.002773,0.064373,-0.085102,116.505695,94.222178,0.000000,0.000000,0.000000,3.494305,0.000000
0.661500,0.023435,-0.003024,0.064644,-0.085279,116.610781,94.527640,0.000000,0.000000,0.000000,3.389219,0.000000
0.662400,0.023554,-0.003272,0.064912,-0.085452,116.714263,94.829544,0.000000,0.000000,0.000000,3.285737,0.000000
0.663300,0.023674,-0.003515,0.065178,-0.085622,116.816140,95.127841,0.000000,0.000000,0.000000,3.183860,0.000000
0.664200,0.023794,-0.003755,0.065442,-0.085788,116.916412,95.422485,0.000000,0.000000,0.000000,3.083588,0.000000
0.665100,0.023914,-0.003990,0.065703,-0.085951,117.015081,95.713425,0.000000,0.000000,0.000000,2.984919,0.000000
0.666000,0.024034,-0.004221,0.065962,-0.086111,117.112145,96.000617,0.000000,0.000000,0.000000,2.887855,0.000000
0.666900,0.024154,-0.004447,0.066218,-0.086268,117.207605,96.284013,0.000000,0.000000,0.000000,2.792395,0.000000
0.667800,0.024274,-0.004670,0.066472,-0.086422,117.301460,96.563568,0.000000,0.000000,0.000000,2.698540,0.000000
0.668700,0.024393,-0.004888,0.066722,-0.086572,117.393711,96.839236,0.000000,0.000000,0.000000,2.606289,0.000000
0.669600,0.024512,-0.005102,0.066970,-0.086719,117.484357,97.110974,0.000000,0.000000,0.000000,2.515643,0.000000
0.670500,0.024630,-0.005312,0.067215,-0.086863,117.573400,97.378736,0.000000,0.000000,0.000000,2.426600,0.000000
0.671400,0.024748,-0.005518,0.067457,-0.087004,117.660837,97.642480,0.000000,0.000000,0.000000,2.339163,0.000000
0.672300,0.024865,-0.005720,0.067696,-0.087141,117.746671,97.902164,0.000000,0.000000,0.000000,2.253329,0.000000
0.673200,0.024981,-0.005918,0.067932,-0.087276,117.830900,98.157745,0.000000,0.000000,0.000000,2.169100,0.000000
0.674100,0.025096,-0.006111,0.068165,-0.087408,117.913525,98.409181,0.000000,0.000000,0.000000,2.086475,0.000000
0.675000,0.025211,-0.006301,0.068394,-0.087536,117.994545,98.656434,0.000000,0.000000,0.000000,2.005455,0.000000
0.675900,0.025324,-0.006486,0.068621,-0.087661,118.073961,98.899462,0.000000,0.000000,0.000000,1.926039,0.000000
0.676800,0.025437,-0.006667,0.068843,-0.087784,118.151773,99.138226,0.000000,0.000000,0.000000,1.848227,0.000000
0.677700,0.025548,-0.006844,0.069062,-0.087903,118.227980,99.372687,0.000000,0.000000,0.000000,1.772020,0.000000
0.678600,0.025658,-0.007017,0.069278,-0.088019,118.302583,99.602809,0.000000,0.000000,0.000000,1.697417,0.000000
0.679500,0.025767,-0.007186,0.069490,-0.088133,118.375581,99.828553,0.000000,0.000000,0.000000,1.624419,0.000000
0.680400,0.025875,-0.007351,0.069698,-0.088243,118.446976,100.049884,0.000000,0.000000,0.000000,1.553024,0.000000
0.681300,0.025981,-0.007512,0.069903,-0.088351,118.516766,100.266764,0.000000,0.000000,0.000000,1.483234,0.000000
0.682200,0.026085,-0.007669,0.070104,-0.088455,118.584951,100.479161,0.000000,0.000000,0.000000,1.415049,0.000000
0.683100,0.026188,-0.007822,0.070301,-0.088557,118.651532,100.687038,0.000000,0.000000,0.000000,1.348468,0.000000
0.684000,0.026290,-0.007971,0.070494,-0.088656,118.716509,100.890363,0.000000,0.000000,0.000000,1.283491,0.000000
0.684900,0.026390,-0.008116,0.070683,-0.088752,118.779881,101.089102,0.000000,0.000000,0.000000,1.220119,0.000000
0.685800,0.026488,-0.008257,0.070868,-0.088845,118.841649,101.283225,0.000000,0.000000,0.000000,1.158351,0.000000
0.686700,0.026584,-0.008394,0.071049,-0.088936,118.901813,101.472698,0.000000,0.000000,0.000000,1.098187,0.000000
0.687600,0.026679,-0.008528,0.071225,-0.089023,118.960372,101.657492,0.000000,0.000000,0.000000,1.039628,0.000000
0.688500,0.026771,-0.008657,0.071398,-0.089108,119.017327,101.837577,0.000000,0.000000,0.000000,0.982673,0.000000
0.689400,0.026862,-0.008782,0.071566,-0.089191,119.072678,102.012924,0.000000,0.000000,0.000000,0.927322,0.000000
0.690300,0.026950,-0.008904,0.071730,-0.089270,119.126424,102.183504,0.000000,0.000000,0.000000,0.873576,0.000000
0.691200,0.027037,-0.009022,0.071890,-0.089347,119.178566,102.349290,0.000000,0.000000,0.000000,0.821434,0.000000
0.692100,0.027121,-0.009136,0.072045,-0.089422,119.229103,102.510254,0.000000,0.000000,0.000000,0.770897,0.000000
0.693000,0.027203,-0.009246,0.072195,-0.089493,119.278036,102.666372,0.000000,0.000000,0.000000,0.721964,0.000000
0.693900,0.027283,-0.009352,0.072342,-0.089563,119.325365,102.817618,0.000000,0.000000,0.000000,0.674635,0.000000
0.694800,0.027361,-0.009455,0.072483,-0.089629,119.371089,102.963968,0.000000,0.000000,0.000000,0.628911,0.000000
0.695700,0.027436,-0.009553,0.072620,-0.089693,119.415209,103.105397,0.000000,0.000000,0.000000,0.584791,0.000000
0.696600,0.027509,-0.009648,0.072753,-0.089755,119.457725,103.241883,0.000000,0.000000,0.000000,0.542275,0.000000
0.697500,0.027580,-0.009740,0.072881,-0.089814,119.498636,103.373404,0.000000,0.000000,0.000000,0.501364,0.000000
0.698400,0.027648,-0.009827,0.073004,-0.089870,119.537943,103.499938,0.000000,0.000000,0.000000,0.462057,0.000000
0.699300,0.027713,-0.009911,0.073122,-0.089924,119.575646,103.621466,0.000000,0.000000,0.000000,0.424354,0.000000
0.700200,0.027777,-0.009991,0.073236,-0.089976,119.611744,103.737967,0.000000,0.000000,0.000000,0.388256,0.000000
0.701100,0.027837,-0.010068,0.073344,-0.090025,119.646238,103.849424,0.000000,0.000000,0.000000,0.353762,0.000000
0.702000,0.027895,-0.010141,0.073448,-0.090072,119.679127,103.955817,0.000000,0.000000,0.000000,0.320873,0.000000
0.702900,0.027951,-0.010210,0.073547,-0.090116,119.710412,104.057129,0.000000,0.000000,0.000000,0.289588,0.000000
0.703800,0.028003,-0.010276,0.073641,-0.090158,119.740093,104.153345,0.000000,0.000000,0.000000,0.259907,0.000000
0.704700,0.028053,-0.010338,0.073731,-0.090197,119.768169,104.244448,0.000000,0.000000,0.000000,0.231831,0.000000
0.705600,0.028101,-0.010396,0.073815,-0.090235,119.794641,104.330425,0.000000,0.000000,0.000000,0.205359,0.000000
0.706500,0.028145,-0.010451,0.073894,-0.090270,119.819509,104.411261,0.000000,0.000000,0.000000,0.180491,0.000000
0.707400,0.028187,-0.010502,0.073968,-0.090302,119.842772,104.486942,0.000000,0.000000,0.000000,0.157228,0.000000
0.708300,0.028226,-0.010550,0.074037,-0.090333,119.864431,104.557458,0.000000,0.000000,0.000000,0.135569,0.000000
0.709200,0.028262,-0.010594,0.074102,-0.090361,119.884486,104.622796,0.000000,0.000000,0.000000,0.115514,0.000000
0.710100,0.028296,-0.010634,0.074161,-0.090386,119.902936,104.682945,0.000000,0.000000,0.000000,0.097064,0.000000
0.711000,0.028326,-0.010671,0.074215,-0.090410,119.919782,104.737897,0.000000,0.000000,0.000000,0.080218,0.000000
0.711900,0.028354,-0.010704,0.074264,-0.090431,119.935023,104.787642,0.000000,0.000000,0.000000,0.064977,0.000000
0.712800,0.028379,-0.010734,0.074308,-0.090450,119.948660,104.832173,0.000000,0.000000,0.000000,0.051340,0.000000
0.713700,0.028401,-0.010761,0.074346,-0.090467,119.960693,104.871481,0.000000,0.000000,0.000000,0.039307,0.000000
0.714600,0.028420,-0.010783,0.074380,-0.090481,119.971121,104.905562,0.000000,0.000000,0.000000,0.028879,0.000000
0.715500,0.028436,-0.010803,0.074408,-0.090493,119.979945,104.934408,0.000000,0.000000,0.000000,0.020055,0.000000
0.716400,0.028449,-0.010819,0.074431,-0.090503,119.987165,104.958016,0.000000,0.000000,0.000000,0.012835,0.000000
0.717300,0.028460,-0.010831,0.074450,-0.090511,119.992780,104.976382,0.000000,0.000000,0.000000,0.007220,0.000000
0.718200,0.028467,-0.010840,0.074462,-0.090516,119.996791,104.989502,0.000000,0.000000,0.000000,0.003209,0.000000
0.719100,0.028471,-0.010845,0.074470,-0.090520,119.999198,104.997375,0.000000,0.000000,0.000000,0.000802,0.000000
0.720000,0.028473,-0.010847,0.074473,-0.090521,120.000000,105.000000,1.000000,0.000000,0.000000,-0.000000,0.000000
0.720900,0.028472,-0.010845,0.074469,-0.090521,119.997900,105.000000,1.000000,0.000000,0.000000,0.002100,0.000000
0.721800,0.028471,-0.010841,0.074459,-0.090523,119.991602,105.000000,1.000000,0.000000,0.000000,0.008398,0.000000
0.722700,0.028468,-0.010835,0.074442,-0.090525,119.981104,105.000000,1.000000,0.000000,0.000000,0.018896,0.000000
0.723600,0.028464,-0.010826,0.074417,-0.090527,119.966407,105.000000,1.000000,0.000000,0.000000,0.033593,0.000000
0.724500,0.028459,-0.010815,0.074386,-0.090531,119.947512,105.000000,1.000000,0.000000,0.000000,0.052488,0.000000
0.725400,0.028453,-0.010801,0.074348,-0.090535,119.924417,105.000000,1.000000,0.000000,0.000000,0.075583,0.000000
0.726300,0.028446,-0.010784,0.074303,-0.090541,119.897123,105.000000,1.000000,0.000000,0.000000,0.102877,0.000000
0.727200,0.028438,-0.010765,0.074251,-0.090547,119.865630,105.000000,1.000000,0.000000,0.000000,0.134370,0.000000
0.728100,0.028429,-0.010743,0.074192,-0.090553,119.829938,105.000000,1.000000,0.000000,0.000000,0.170062,0.000000
0.729000,0.028419,-0.010719,0.074126,-0.090561,119.790046,105.000000,1.000000,0.000000,0.000000,0.209954,0.000000
0.729900,0.028407,-0.010692,0.074054,-0.090569,119.745956,105.000000,1.000000,0.000000,0.000000,0.254044,0.000000
0.730800,0.028395,-0.010662,0.073974,-0.090578,119.697667,105.000000,1.000000,0.000000,0.000000,0.302333,0.000000
0.731700,0.028382,-0.010630,0.073887,-0.090588,119.645179,105.000000,1.000000,0.000000,0.000000,0.354821,0.000000
0.732600,0.028367,-0.010595,0.073794,-0.090598,119.588491,105.000000,1.000000,0.000000,0.000000,0.411509,0.000000
0.733500,0.028352,-0.010558,0.073693,-0.090609,119.527605,105.000000,1.000000,0.000000,0.000000,0.472395,0.000000
0.734400,0.028335,-0.010518,0.073586,-0.090621,119.462519,105.000000,1.000000,0.000000,0.000000,0.537481,0.000000
0.735300,0.028318,-0.010476,0.073471,-0.090633,119.393234,105.000000,1.000000,0.000000,0.000000,0.606766,0.000000
0.736200,0.028299,-0.010431,0.073350,-0.090646,119.319751,105.000000,1.000000,0.000000,0.000000,0.680249,0.000000
0.737100,0.028280,-0.010383,0.073222,-0.090659,119.242068,105.000000,1.000000,0.000000,0.000000,0.757932,0.000000
0.738000,0.028259,-0.010333,0.073086,-0.090673,119.160186,105.000000,1.000000,0.000000,0.000000,0.839814,0.000000
0.738900,0.028237,-0.010280,0.072944,-0.090688,119.074105,105.000000,1.000000,0.000000,0.000000,0.925895,0.000000
0.739800,0.028215,-0.010225,0.072795,-0.090702,118.983825,105.000000,1.000000,0.000000,0.000000,1.016175,0.000000
0.740700,0.028192,-0.010167,0.072639,-0.090718,118.889346,105.000000,1.000000,0.000000,0.000000,1.110654,0.000000
0.741600,0.028167,-0.010106,0.072475,-0.090734,118.790668,105.000000,1.000000,0.000000,0.000000,1.209332,0.000000
0.742500,0.028142,-0.010043,0.072305,-0.090750,118.687791,105.000000,1.000000,0.000000,0.000000,1.312209,0.000000
0.743400,0.028116,-0.009977,0.072128,-0.090766,118.580714,105.000000,1.000000,0.000000,0.000000,1.419286,0.000000
0.744300,0.028089,-0.009908,0.071944,-0.090783,118.469439,105.000000,1.000000,0.000000,0.000000,1.530561,0.000000
0.745200,0.028061,-0.009837,0.071753,-0.090800,118.353965,105.000000,1.000000,0.000000,0.000000,1.646035,0.000000
0.746100,0.028032,-0.009763,0.071555,-0.090817,118.234291,105.000000,1.000000,0.000000,0.000000,1.765709,0.000000
0.747000,0.028002,-0.009687,0.071350,-0.090835,118.110418,105.000000,1.000000,0.000000,0.000000,1.889582,0.000000
0.747900,0.027972,-0.009608,0.071138,-0.090852,117.982347,105.000000,1.000000,0.000000,0.000000,2.017653,0.000000
0.748800,0.027940,-0.009526,0.070919,-0.090870,117.850076,105.000000,1.000000,0.000000,0.000000,2.149924,0.000000
0.749700,0.027908,-0.009441,0.070693,-0.090887,117.713606,105.000000,1.000000,0.000000,0.000000,2.286394,0.000000
0.750600,0.027875,-0.009354,0.070460,-0.090905,117.572938,105.000000,1.000000,0.000000,0.000000,2.427062,0.000000
0.751500,0.027842,-0.009264,0.070220,-0.090923,117.428070,105.000000,1.000000,0.000000,0.000000,2.571930,0.000000
0.752400,0.027807,-0.009172,0.069973,-0.090940,117.279003,105.000000,1.000000,0.000000,0.000000,2.720997,0.000000
0.753300,0.027772,-0.009077,0.069719,-0.090957,117.125737,105.000000,1.000000,0.000000,0.000000,2.874263,0.000000
0.754200,0.027736,-0.008979,0.069458,-0.090974,116.968271,105.000000,1.000000,0.000000,0.000000,3.031729,0.000000
0.755100,0.027700,-0.008878,0.069190,-0.090991,116.806607,105.000000,1.000000,0.000000,0.000000,3.193393,0.000000
0.756000,0.027663,-0.008774,0.068915,-0.091007,116.640744,105.000000,1.000000,0.000000,0.000000,3.359256,0.000000
0.756900,0.027625,-0.008668,0.068633,-0.091023,116.470682,105.000000,1.000000,0.000000,0.000000,3.529318,0.000000
0.757800,0.027587,-0.008559,0.068344,-0.091039,116.296420,105.000000,1.000000,0.000000,0.000000,3.703580,0.000000
0.758700,0.027548,-0.008448,0.068048,-0.091054,116.117960,105.000000,1.000000,0.000000,0.000000,3.882040,0.000000
0.759600,0.027508,-0.008334,0.067745,-0.091068,115.935300,105.000000,1.000000,0.000000,0.000000,4.064700,0.000000
0.760500,0.027468,-0.008216,0.067435,-0.091082,115.748442,105.000000,1.000000,0.000000,0.000000,4.251558,0.000000
0.761400,0.027428,-0.008097,0.067118,-0.091095,115.557438,105.000000,1.000000,0.000000,0.000000,4.442562,0.000000
0.762300,0.027387,-0.007976,0.066799,-0.091107,115.364952,105.000000,1.000000,0.000000,0.000000,4.635048,0.000000
0.763200,0.027347,-0.007855,0.066479,-0.091117,115.172467,105.000000,1.000000,0.000000,0.000000,4.827533,0.000000
0.764100,0.027308,-0.007733,0.066159,-0.091127,114.979982,105.000000,1.000000,0.000000,0.000000,5.020018,0.000000
0.765000,0.027268,-0.007612,0.065840,-0.091136,114.787496,105.000000,1.000000,0.000000,0.000000,5.212504,0.000000
0.765900,0.027230,-0.007491,0.065520,-0.091144,114.595011,105.000000,1.000000,0.000000,0.000000,5.404989,0.000000
0.766800,0.027191,-0.007369,0.065201,-0.091150,114.402525,105.000000,1.000000,0.000000,0.000000,5.597475,0.000000
0.767700,0.027153,-0.007247,0.064881,-0.091156,114.210040,105.000000,1.000000,0.000000,0.000000,5.789960,0.000000
0.768600,0.027116,-0.007125,0.064561,-0.091160,114.017555,105.000000,1.000000,0.000000,0.000000,5.982445,0.000000
0.769500,0.027079,-0.007004,0.064242,-0.091164,113.825069,105.000000,1.000000,0.000000,0.000000,6.174931,0.000000
0.770400,0.027042,-0.006881,0.063922,-0.091166,113.632584,105.000000,1.000000,0.000000,0.000000,6.367416,0.000000
0.771300,0.027005,-0.006759,0.063602,-0.091167,113.440099,105.000000,1.000000,0.000000,0.000000,6.559901,0.000000
0.772200,0.026969,-0.006637,0.063282,-0.091167,113.247613,105.000000,1.000000,0.000000,0.000000,6.752387,0.000000
0.773100,0.026934,-0.006514,0.062963,-0.091166,113.055128,105.000000,1.000000,0.000000,0.000000,6.944872,0.000000
0.774000,0.026899,-0.006392,0.062643,-0.091164,112.862642,105.000000,1.000000,0.000000,0.000000,7.137358,0.000000
0.774900,0.026864,-0.006269,0.062323,-0.091161,112.670157,105.000000,1.000000,0.000000,0.000000,7.329843,0.000000
0.775800,0.026830,-0.006146,0.062004,-0.091157,112.477672,105.000000,1.000000,0.000000,0.000000,7.522328,0.000000
0.776700,0.026796,-0.006024,0.061684,-0.091152,112.285186,105.000000,1.000000,0.000000,0.000000,7.714814,0.000000
0.777600,0.026762,-0.005900,0.061364,-0.091146,112.092701,105.000000,1.000000,0.000000,0.000000,7.907299,0.000000
0.778500,0.026729,-0.005777,0.061045,-0.091138,111.900216,105.000000,1.000000,0.000000,0.000000,8.099784,0.000000
0.779400,0.026697,-0.005654,0.060725,-0.091130,111.707730,105.000000,1.000000,0.000000,0.000000,8.292270,0.000000
0.780300,0.026665,-0.005531,0.060405,-0.091120,111.515245,105.000000,1.000000,0.000000,0.000000,8.484755,0.000000
0.781200,0.026633,-0.005407,0.060086,-0.091110,111.322759,105.000000,1.000000,0.000000,0.000000,8.677241,0.000000
0.782100,0.026601,-0.005284,0.059766,-0.091098,111.130274,105.000000,1.000000,0.000000,0.000000,8.869726,0.000000
0.783000,0.026570,-0.005160,0.059447,-0.091085,110.937789,105.000000,1.000000,0.000000,0.000000,9.062211,0.000000
0.783900,0.026540,-0.005036,0.059128,-0.091071,110.745303,105.000000,1.000000,0.000000,0.000000,9.254697,0.000000
0.784800,0.026510,-0.004912,0.058808,-0.091056,110.552818,105.000000,1.000000,0.000000,0.000000,9.447182,0.000000
0.785700,0.026480,-0.004788,0.058489,-0.091040,110.360333,105.000000,1.000000,0.000000,0.000000,9.639667,0.000000
0.786600,0.026451,-0.004664,0.058170,-0.091023,110.167847,105.000000,1.000000,0.000000,0.000000,9.832153,0.000000
0.787500,0.026422,-0.004540,0.057850,-0.091005,109.975362,105.000000,1.000000,0.000000,0.000000,10.024638,0.000000
0.788400,0.026393,-0.004416,0.057531,-0.090986,109.782877,105.000000,1.000000,0.000000,0.000000,10.217123,0.000000
0.789300,0.026365,-0.004291,0.057212,-0.090966,109.590391,105.000000,1.000000,0.000000,0.000000,10.409609,0.000000
0.790200,0.026338,-0.004167,0.056893,-0.090945,109.397906,105.000000,1.000000,0.000000,0.000000,10.602094,0.000000
0.791100,0.026310,-0.004042,0.056574,-0.090922,109.205420,105.000000,1.000000,0.000000,0.000000,10.794580,0.000000
0.792000,0.026283,-0.003918,0.056255,-0.090899,109.012935,105.000000,1.000000,0.000000,0.000000,10.987065,0.000000
0.792900,0.026257,-0.003793,0.055937,-0.090874,108.820450,105.000000,1.000000,0.000000,0.000000,11.179550,0.000000
0.793800,0.026231,-0.003668,0.055618,-0.090849,108.627964,105.000000,1.000000,0.000000,0.000000,11.372036,0.000000
0.794700,0.026206,-0.003543,0.055299,-0.090822,108.435479,105.000000,1.000000,0.000000,0.000000,11.564521,0.000000
0.795600,0.026180,-0.003418,0.054981,-0.090794,108.242994,105.000000,1.000000,0.000000,0.000000,11.757006,0.000000
0.796500,0.026156,-0.003293,0.054662,-0.090765,108.050508,105.000000,1.000000,0.000000,0.000000,11.949492,0.000000
0.797400,0.026131,-0.003168,0.054344,-0.090735,107.858023,105.000000,1.000000,0.000000,0.000000,12.141977,0.000000
0.798300,0.026108,-0.003043,0.054026,-0.090704,107.665537,105.000000,1.000000,0.000000,0.000000,12.334463,0.000000
0.799200,0.026084,-0.002917,0.053708,-0.090672,107.473052,105.000000,1.000000,0.000000,0.000000,12.526948,0.000000
0.800100,0.026061,-0.002792,0.053390,-0.090639,107.280567,105.000000,1.000000,0.000000,0.000000,12.719433,0.000000
0.801000,0.026038,-0.002667,0.053072,-0.090605,107.088081,105.000000,1.000000,0.000000,0.000000,12.911919,0.000000
0.801900,0.026016,-0.002541,0.052754,-0.090570,106.895596,105.000000,1.000000,0.000000,0.000000,13.104404,0.000000
0.802800,0.025995,-0.002415,0.052436,-0.090534,106.703111,105.000000,1.000000,0.000000,0.000000,13.296889,0.000000
0.803700,0.025973,-0.002290,0.052119,-0.090496,106.510625,105.000000,1.000000,0.000000,0.000000,13.489375,0.000000
0.804600,0.025952,-0.002164,0.051802,-0.090458,106.318140,105.000000,1.000000,0.000000,0.000000,13.681860,0.000000
0.805500,0.025932,-0.002038,0.051484,-0.090418,106.125654,105.000000,1.000000,0.000000,0.000000,13.874346,0.000000
0.806400,0.025912,-0.001912,0.051167,-0.090378,105.933169,105.000000,1.000000,0.000000,0.000000,14.066831,0.000000
0.807300,0.025892,-0.001786,0.050850,-0.090336,105.740684,105.000000,1.000000,0.000000,0.000000,14.259316,0.000000
0.808200,0.025873,-0.001660,0.050533,-0.090293,105.548198,105.000000,1.000000,0.000000,0.000000,14.451802,0.000000
0.809100,0.025854,-0.001534,0.050217,-0.090250,105.355713,105.000000,1.000000,0.000000,0.000000,14.644287,0.000000
0.810000,0.025836,-0.001408,0.049900,-0.090205,105.163228,105.000000,1.000000,0.000000,0.000000,14.836772,0.000000
0.810900,0.025818,-0.001282,0.049584,-0.090159,104.970742,105.000000,1.000000,0.000000,0.000000,15.029258,0.000000
0.811800,0.025800,-0.001155,0.049267,-0.090112,104.778257,105.000000,1.000000,0.000000,0.000000,15.221743,0.000000
0.812700,0.025783,-0.001029,0.048951,-0.090064,104.585771,105.000000,1.000000,0.000000,0.000000,15.414229,0.000000
0.813600,0.025766,-0.000903,0.048635,-0.090015,104.393286,105.000000,1.000000,0.000000,0.000000,15.606714,0.000000
0.814500,0.025750,-0.000776,0.048320,-0.089965,104.200801,105.000000,1.000000,0.000000,0.000000,15.799199,0.000000
0.815400,0.025734,-0.000650,0.048004,-0.089914,104.008315,105.000000,1.000000,0.000000,0.000000,15.991685,0.000000
0.816300,0.025719,-0.000523,0.047689,-0.089861,103.815830,105.000000,1.000000,0.000000,0.000000,16.184170,0.000000
0.817200,0.025704,-0.000397,0.047373,-0.089808,103.623345,105.000000,1.000000,0.000000,0.000000,16.376655,0.000000
0.818100,0.025689,-0.000270,0.047058,-0.089754,103.430859,105.000000,1.000000,0.000000,0.000000,16.569141,0.000000
0.819000,0.025675,-0.000143,0.046743,-0.089698,103.238374,105.000000,1.000000,0.000000,0.000000,16.761626,0.000000
0.819900,0.025661,-0.000016,0.046429,-0.089642,103.045889,105.000000,1.000000,0.000000,0.000000,16.954111,0.000000
0.820800,0.025648,0.000110,0.046114,-0.089584,102.853403,105.000000,1.000000,0.000000,0.000000,17.146597,0.000000
0.821700,0.025635,0.000237,0.045800,-0.089526,102.660918,105.000000,1.000000,0.000000,0.000000,17.339082,0.000000
0.822600,0.025623,0.000364,0.045486,-0.089466,102.468432,105.000000,1.000000,0.000000,0.000000,17.531568,0.000000
0.823500,0.025611,0.000491,0.045172,-0.089405,102.275947,105.000000,1.000000,0.000000,0.000000,17.724053,0.000000
0.824400,0.025599,0.000618,0.044858,-0.089344,102.083462,105.000000,1.000000,0.000000,0.000000,17.916538,0.000000
0.825300,0.025588,0.000745,0.044545,-0.089281,101.890976,105.000000,1.000000,0.000000,0.000000,18.109024,0.000000
0.826200,0.025577,0.000872,0.044232,-0.089217,101.698491,105.000000,1.000000,0.000000,0.000000,18.301509,0.000000
0.827100,0.025567,0.000999,0.043918,-0.089152,101.506006,105.000000,1.000000,0.000000,0.000000,18.493994,0.000000
0.828000,0.025557,0.001126,0.043606,-0.089086,101.313520,105.000000,1.000000,0.000000,0.000000,18.686480,0.000000
0.828900,0.025548,0.001253,0.043293,-0.089019,101.121035,105.000000,1.000000,0.000000,0.000000,18.878965,0.000000
0.829800,0.025539,0.001381,0.042981,-0.088951,100.928549,105.000000,1.000000,0.000000,0.000000,19.071451,0.000000
0.830700,0.025530,0.001508,0.042668,-0.088882,100.736064,105.000000,1.000000,0.000000,0.000000,19.263936,0.000000
0.831600,0.025522,0.001635,0.042357,-0.088812,100.543579,105.000000,1.000000,0.000000,0.000000,19.456421,0.000000
0.832500,0.025514,0.001762,0.042045,-0.088740,100.351093,105.000000,1.000000,0.000000,0.000000,19.648907,0.000000
0.833400,0.025507,0.001890,0.041733,-0.088668,100.158608,105.000000,1.000000,0.000000,0.000000,19.841392,0.000000
0.834300,0.025500,0.002017,0.041422,-0.088595,99.966123,105.000000,1.000000,0.000000,0.000000,20.033877,0.000000
0.835200,0.025494,0.002144,0.041111,-0.088520,99.773637,105.000000,1.000000,0.000000,0.000000,20.226363,0.000000
0.836100,0.025488,0.002272,0.040801,-0.088445,99.581152,105.000000,1.000000,0.000000,0.000000,20.418848,0.000000
0.837000,0.025482,0.002399,0.040490,-0.088369,99.388666,105.000000,1.000000,0.000000,0.000000,20.611334,0.000000
0.837900,0.025477,0.002526,0.040180,-0.088291,99.196181,105.000000,1.000000,0.000000,0.000000,20.803819,0.000000
0.838800,0.025472,0.002654,0.039870,-0.088213,99.003696,105.000000,1.000000,0.000000,0.000000,20.996304,0.000000
0.839700,0.025468,0.002781,0.039560,-0.088133,98.811210,105.000000,1.000000,0.000000,0.000000,21.188790,0.000000
0.840600,0.025464,0.002909,0.039251,-0.088052,98.618725,105.000000,1.000000,0.000000,0.000000,21.381275,0.000000
0.841500,0.025461,0.003036,0.038942,-0.087971,98.426240,105.000000,1.000000,0.000000,0.000000,21.573760,0.000000
0.842400,0.025458,0.003164,0.038633,-0.087888,98.233754,105.000000,1.000000,0.000000,0.000000,21.766246,0.000000
0.843300,0.025455,0.003291,0.038325,-0.087804,98.041269,105.000000,1.000000,0.000000,0.000000,21.958731,0.000000
0.844200,0.025453,0.003419,0.038016,-0.087720,97.848783,105.000000,1.000000,0.000000,0.000000,22.151217,0.000000
0.845100,0.025451,0.003546,0.037708,-0.087634,97.656298,105.000000,1.000000,0.000000,0.000000,22.343702,0.000000
0.846000,0.025450,0.003674,0.037401,-0.087547,97.463813,105.000000,1.000000,0.000000,0.000000,22.536187,0.000000
0.846900,0.025449,0.003801,0.037093,-0.087459,97.271327,105.000000,1.000000,0.000000,0.000000,22.728673,0.000000
0.847800,0.025448,0.003929,0.036786,-0.087370,97.078842,105.000000,1.000000,0.000000,0.000000,22.921158,0.000000
0.848700,0.025448,0.004056,0.036479,-0.087280,96.886357,105.000000,1.000000,0.000000,0.000000,23.113643,0.000000
0.849600,0.025449,0.004184,0.036173,-0.087189,96.693871,105.000000,1.000000,0.000000,0.000000,23.306129,0.000000
0.850500,0.025450,0.004311,0.035867,-0.087097,96.501386,105.000000,1.000000,0.000000,0.000000,23.498614,0.000000
0.851400,0.025451,0.004439,0.035561,-0.087004,96.308901,105.000000,1.000000,0.000000,0.000000,23.691099,0.000000
0.852300,0.025453,0.004566,0.035255,-0.086910,96.116415,105.000000,1.000000,0.000000,0.000000,23.883585,0.000000
0.853200,0.025455,0.004694,0.034950,-0.086815,95.923930,105.000000,1.000000,0.000000,0.000000,24.076070,0.000000
0.854100,0.025457,0.004821,0.034645,-0.086719,95.731444,105.000000,1.000000,0.000000,0.000000,24.268556,0.000000
0.855000,0.025460,0.004948,0.034340,-0.086622,95.538959,105.000000,1.000000,0.000000,0.000000,24.461041,0.000000
0.855900,0.025464,0.005076,0.034036,-0.086524,95.346474,105.000000,1.000000,0.000000,0.000000,24.653526,0.000000
0.856800,0.025467,0.005203,0.033732,-0.086425,95.153988,105.000000,1.000000,0.000000,0.000000,24.846012,0.000000
0.857700,0.025472,0.005331,0.033428,-0.086325,94.961503,105.000000,1.000000,0.000000,0.000000,25.038497,0.000000
0.858600,0.025476,0.005458,0.033125,-0.086223,94.769018,105.000000,1.000000,0.000000,0.000000,25.230982,0.000000
0.859500,0.025481,0.005586,0.032822,-0.086121,94.576532,105.000000,1.000000,0.000000,0.000000,25.423468,0.000000
0.860400,0.025487,0.005713,0.032520,-0.086018,94.384047,105.000000,1.000000,0.000000,0.000000,25.615953,0.000000
0.861300,0.025493,0.005840,0.032217,-0.085914,94.191561,105.000000,1.000000,0.000000,0.000000,25.808439,0.000000
0.862200,0.025499,0.005968,0.031916,-0.085808,93.999076,105.000000,1.000000,0.000000,0.000000,26.000924,0.000000
0.863100,0.025506,0.006095,0.031614,-0.085702,93.806591,105.000000,1.000000,0.000000,0.000000,26.193409,0.000000
0.864000,0.025513,0.006222,0.031313,-0.085595,93.614105,105.000000,1.000000,0.000000,0.000000,26.385895,0.000000
0.864900,0.025521,0.006350,0.031012,-0.085486,93.421620,105.000000,1.000000,0.000000,0.000000,26.578380,0.000000
0.865800,0.025529,0.006477,0.030712,-0.085377,93.229135,105.000000,1.000000,0.000000,0.000000,26.770865,0.000000
0.866700,0.025538,0.006604,0.030411,-0.085267,93.036649,105.000000,1.000000,0.000000,0.000000,26.963351,0.000000
0.867600,0.025547,0.006731,0.030112,-0.085156,92.844164,105.000000,1.000000,0.000000,0.000000,27.155836,0.000000
0.868500,0.025556,0.006858,0.029812,-0.085043,92.651678,105.000000,1.000000,0.000000,0.000000,27.348322,0.000000
0.869400,0.025566,0.006985,0.029513,-0.084930,92.459193,105.000000,1.000000,0.000000,0.000000,27.540807,0.000000
0.870300,0.025576,0.007113,0.029215,-0.084815,92.266708,105.000000,1.000000,0.000000,0.000000,27.733292,0.000000
0.871200,0.025587,0.007240,0.028917,-0.084700,92.074222,105.000000,1.000000,0.000000,0.000000,27.925778,0.000000
0.872100,0.025598,0.007367,0.028619,-0.084584,91.881737,105.000000,1.000000,0.000000,0.000000,28.118263,0.000000
0.873000,0.025609,0.007494,0.028322,-0.084466,91.689252,105.000000,1.000000,0.000000,0.000000,28.310748,0.000000
0.873900,0.025621,0.007620,0.028025,-0.084348,91.496766,105.000000,1.000000,0.000000,0.000000,28.503234,0.000000
0.874800,0.025634,0.007747,0.027728,-0.084229,91.304281,105.000000,1.000000,0.000000,0.000000,28.695719,0.000000
0.875700,0.025647,0.007874,0.027432,-0.084108,91.111796,105.000000,1.000000,0.000000,0.000000,28.888204,0.000000
0.876600,0.025660,0.008001,0.027136,-0.083987,90.919310,105.000000,1.000000,0.000000,0.000000,29.080690,0.000000
0.877500,0.025673,0.008128,0.026841,-0.083865,90.726825,105.000000,1.000000,0.000000,0.000000,29.273175,0.000000
0.878400,0.025688,0.008255,0.026546,-0.083741,90.534339,105.000000,1.000000,0.000000,0.000000,29.465661,0.000000
0.879300,0.025702,0.008381,0.026251,-0.083617,90.341854,105.000000,1.000000,0.000000,0.000000,29.658146,0.000000
0.880200,0.025717,0.008508,0.025957,-0.083492,90.149369,105.000000,1.000000,0.000000,0.000000,29.850631,0.000000
0.881100,0.025732,0.008634,0.025663,-0.083366,89.956883,105.000000,1.000000,0.000000,0.000000,30.043117,0.000000
0.882000,0.025748,0.008761,0.025370,-0.083238,89.764398,105.000000,1.000000,0.000000,0.000000,30.235602,0.000000
0.882900,0.025764,0.008887,0.025077,-0.083110,89.571913,105.000000,1.000000,0.000000,0.000000,30.428087,0.000000
0.883800,0.025781,0.009014,0.024785,-0.082981,89.379427,105.000000,1.000000,0.000000,0.000000,30.620573,0.000000
0.884700,0.025798,0.009140,0.024493,-0.082851,89.186942,105.000000,1.000000,0.000000,0.000000,30.813058,0.000000
0.885600,0.025816,0.009266,0.024201,-0.082719,88.994456,105.000000,1.000000,0.000000,0.000000,31.005544,0.000000
0.886500,0.025833,0.009393,0.023910,-0.082587,88.801971,105.000000,1.000000,0.000000,0.000000,31.198029,0.000000
0.887400,0.025852,0.009519,0.023619,-0.082454,88.609486,105.000000,1.000000,0.000000,0.000000,31.390514,0.000000
0.888300,0.025871,0.009645,0.023329,-0.082320,88.417000,105.000000,1.000000,0.000000,0.000000,31.583000,0.000000
0.889200,0.025890,0.009771,0.023039,-0.082185,88.224515,105.000000,1.000000,0.000000,0.000000,31.775485,0.000000
0.890100,0.025909,0.009897,0.022750,-0.082049,88.032030,105.000000,1.000000,0.000000,0.000000,31.967970,0.000000
0.891000,0.025929,0.010023,0.022461,-0.081912,87.839544,105.000000,1.000000,0.000000,0.000000,32.160456,0.000000
0.891900,0.025950,0.010149,0.022173,-0.081774,87.647059,105.000000,1.000000,0.000000,0.000000,32.352941,0.000000
0.892800,0.025971,0.010275,0.021885,-0.081635,87.454573,105.000000,1.000000,0.000000,0.000000,32.545427,0.000000
0.893700,0.025992,0.010400,0.021597,-0.081495,87.262088,105.000000,1.000000,0.000000,0.000000,32.737912,0.000000
0.894600,0.026014,0.010526,0.021310,-0.081354,87.069603,105.000000,1.000000,0.000000,0.000000,32.930397,0.000000
0.895500,0.026036,0.010651,0.021024,-0.081212,86.877117,105.000000,1.000000,0.000000,0.000000,33.122883,0.000000
0.896400,0.026058,0.010777,0.020738,-0.081069,86.684632,105.000000,1.000000,0.000000,0.000000,33.315368,0.000000
0.897300,0.026081,0.010902,0.020452,-0.080925,86.492147,105.000000,1.000000,0.000000,0.000000,33.507853,0.000000
0.898200,0.026105,0.011028,0.020167,-0.080781,86.299661,105.000000,1.000000,0.000000,0.000000,33.700339,0.000000
0.899100,0.026129,0.011153,0.019883,-0.080635,86.107176,105.000000,1.000000,0.000000,0.000000,33.892824,0.000000
0.900000,0.026153,0.011278,0.019599,-0.080488,85.914690,105.000000,1.000000,0.000000,0.000000,34.085310,0.000000
0.900900,0.026177,0.011403,0.019315,-0.080341,85.722205,105.000000,1.000000,0.000000,0.000000,34.277795,0.000000
0.901800,0.026202,0.011528,0.019032,-0.080192,85.529720,105.000000,1.000000,0.000000,0.000000,34.470280,0.000000
0.902700,0.026228,0.011653,0.018749,-0.080042,85.337234,105.000000,1.000000,0.000000,0.000000,34.662766,0.000000
0.903600,0.026254,0.011778,0.018467,-0.079892,85.144749,105.000000,1.000000,0.000000,0.000000,34.855251,0.000000
0.904500,0.026280,0.011903,0.018186,-0.079740,84.952264,105.000000,1.000000,0.000000,0.000000,35.047736,0.000000
0.905400,0.026307,0.012027,0.017905,-0.079588,84.759778,105.000000,1.000000,0.000000,0.000000,35.240222,0.000000
0.906300,0.026334,0.012152,0.017624,-0.079435,84.567293,105.000000,1.000000,0.000000,0.000000,35.432707,0.000000
0.907200,0.026362,0.012276,0.017344,-0.079281,84.374808,105.000000,1.000000,0.000000,0.000000,35.625192,0.000000
0.908100,0.026390,0.012401,0.017064,-0.079125,84.182322,105.000000,1.000000,0.000000,0.000000,35.817678,0.000000
0.909000,0.026418,0.012525,0.016785,-0.078969,83.989837,105.000000,1.000000,0.000000,0.000000,36.010163,0.000000
0.909900,0.026447,0.012649,0.016507,-0.078812,83.797351,105.000000,1.000000,0.000000,0.000000,36.202649,0.000000
0.910800,0.026476,0.012773,0.016229,-0.078654,83.604866,105.000000,1.000000,0.000000,0.000000,36.395134,0.000000
0.911700,0.026506,0.012897,0.015952,-0.078495,83.412381,105.000000,1.000000,0.000000,0.000000,36.587619,0.000000
0.912600,0.026536,0.013021,0.015675,-0.078335,83.219895,105.000000,1.000000,0.000000,0.000000,36.780105,0.000000
0.913500,0.026567,0.013145,0.015398,-0.078175,83.027410,105.000000,1.000000,0.000000,0.000000,36.972590,0.000000
0.914400,0.026598,0.013269,0.015123,-0.078013,82.834925,105.000000,1.000000,0.000000,0.000000,37.165075,0.000000
0.915300,0.026629,0.013392,0.014847,-0.077850,82.642439,105.000000,1.000000,0.000000,0.000000,37.357561,0.000000
0.916200,0.026661,0.013516,0.014573,-0.077687,82.449954,105.000000,1.000000,0.000000,0.000000,37.550046,0.000000
0.917100,0.026693,0.013639,0.014298,-0.077522,82.257468,105.000000,1.000000,0.000000,0.000000,37.742532,0.000000
0.918000,0.026725,0.013762,0.014025,-0.077357,82.064983,105.000000,1.000000,0.000000,0.000000,37.935017,0.000000
0.918900,0.026758,0.013886,0.013752,-0.077190,81.872498,105.000000,1.000000,0.000000,0.000000,38.127502,0.000000
0.919800,0.026792,0.014009,0.013479,-0.077023,81.680012,105.000000,1.000000,0.000000,0.000000,38.319988,0.000000
0.920700,0.026826,0.014132,0.013207,-0.076855,81.487527,105.000000,1.000000,0.000000,0.000000,38.512473,0.000000
0.921600,0.026860,0.014254,0.012936,-0.076686,81.295042,105.000000,1.000000,0.000000,0.000000,38.704958,0.000000
0.922500,0.026895,0.014377,0.012665,-0.076516,81.102556,105.000000,1.000000,0.000000,0.000000,38.897444,0.000000
0.923400,0.026930,0.014500,0.012395,-0.076345,80.910071,105.000000,1.000000,0.000000,0.000000,39.089929,0.000000
0.924300,0.026965,0.014622,0.012125,-0.076173,80.717585,105.000000,1.000000,0.000000,0.000000,39.282415,0.000000
0.925200,0.027001,0.014744,0.011856,-0.076000,80.525100,105.000000,1.000000,0.000000,0.000000,39.474900,0.000000
0.926100,0.027037,0.014867,0.011588,-0.075827,80.332615,105.000000,1.000000,0.000000,0.000000,39.667385,0.000000
0.927000,0.027074,0.014989,0.011320,-0.075652,80.140129,105.000000,1.000000,0.000000,0.000000,39.859871,0.000000
0.927900,0.027111,0.015111,0.011053,-0.075477,79.947644,105.000000,1.000000,0.000000,0.000000,40.052356,0.000000
0.928800,0.027149,0.015233,0.010786,-0.075301,79.755159,105.000000,1.000000,0.000000,0.000000,40.244841,0.000000
0.929700,0.027187,0.015354,0.010520,-0.075123,79.562673,105.000000,1.000000,0.000000,0.000000,40.437327,0.000000
0.930600,0.027225,0.015476,0.010254,-0.074945,79.370188,105.000000,1.000000,0.000000,0.000000,40.629812,0.000000
0.931500,0.027264,0.015597,0.009990,-0.074766,79.177702,105.000000,1.000000,0.000000,0.000000,40.822298,0.000000
0.932400,0.027303,0.015719,0.009725,-0.074586,78.985217,105.000000,1.000000,0.000000,0.000000,41.014783,0.000000
0.933300,0.027342,0.015840,0.009461,-0.074406,78.792732,105.000000,1.000000,0.000000,0.000000,41.207268,0.000000
0.934200,0.027382,0.015961,0.009198,-0.074224,78.600246,105.000000,1.000000,0.000000,0.000000,41.399754,0.000000
0.935100,0.027423,0.016082,0.008936,-0.074041,78.407761,105.000000,1.000000,0.000000,0.000000,41.592239,0.000000
0.936000,0.027464,0.016203,0.008674,-0.073858,78.215276,105.000000,1.000000,0.000000,0.000000,41.784724,0.000000
0.936900,0.027505,0.016323,0.008413,-0.073674,78.022790,105.000000,1.000000,0.000000,0.000000,41.977210,0.000000
0.937800,0.027546,0.016444,0.008152,-0.073489,77.830305,105.000000,1.000000,0.000000,0.000000,42.169695,0.000000
0.938700,0.027588,0.016564,0.007892,-0.073303,77.637820,105.000000,1.000000,0.000000,0.000000,42.362180,0.000000
0.939600,0.027631,0.016685,0.007633,-0.073116,77.445334,105.000000,1.000000,0.000000,0.000000,42.554666,0.000000
0.940500,0.027674,0.016805,0.007374,-0.072928,77.252849,105.000000,1.000000,0.000000,0.000000,42.747151,0.000000
0.941400,0.027717,0.016925,0.007116,-0.072739,77.060363,105.000000,1.000000,0.000000,0.000000,42.939637,0.000000
0.942300,0.027761,0.017044,0.006858,-0.072550,76.867878,105.000000,1.000000,0.000000,0.000000,43.132122,0.000000
0.943200,0.027805,0.017164,0.006602,-0.072359,76.675393,105.000000,1.000000,0.000000,0.000000,43.324607,0.000000
0.944100,0.027849,0.017284,0.006345,-0.072168,76.482907,105.000000,1.000000,0.000000,0.000000,43.517093,0.000000
0.945000,0.027894,0.017403,0.006090,-0.071976,76.290422,105.000000,1.000000,0.000000,0.000000,43.709578,0.000000
0.945900,0.027939,0.017522,0.005835,-0.071783,76.097937,105.000000,1.000000,0.000000,0.000000,43.902063,0.000000
0.946800,0.027985,0.017641,0.005581,-0.071589,75.905451,105.000000,1.000000,0.000000,0.000000,44.094549,0.000000
0.947700,0.028031,0.017760,0.005327,-0.071395,75.712966,105.000000,1.000000,0.000000,0.000000,44.287034,0.000000
0.948600,0.028077,0.017879,0.005074,-0.071199,75.520480,105.000000,1.000000,0.000000,0.000000,44.479520,0.000000
0.949500,0.028124,0.017997,0.004822,-0.071003,75.327995,105.000000,1.000000,0.000000,0.000000,44.672005,0.000000
0.950400,0.028171,0.018116,0.004570,-0.070805,75.135510,105.000000,1.000000,0.000000,0.000000,44.864490,0.000000
0.951300,0.028219,0.018234,0.004319,-0.070607,74.943024,105.000000,1.000000,0.000000,0.000000,45.056976,0.000000
0.952200,0.028267,0.018352,0.004069,-0.070408,74.750539,105.000000,1.000000,0.000000,0.000000,45.249461,0.000000
0.953100,0.028315,0.018470,0.003819,-0.070209,74.558054,105.000000,1.000000,0.000000,0.000000,45.441946,0.000000
0.954000,0.028364,0.018588,0.003570,-0.070008,74.365689,105.000000,1.000000,0.000000,0.000000,45.634311,0.000000
0.954900,0.028412,0.018704,0.003326,-0.069810,74.176311,105.000000,1.000000,0.000000,0.000000,45.823689,0.000000
0.955800,0.028460,0.018817,0.003088,-0.069616,73.991132,105.000000,1.000000,0.000000,0.000000,46.008868,0.000000
0.956700,0.028507,0.018927,0.002856,-0.069425,73.810152,105.000000,1.000000,0.000000,0.000000,46.189848,0.000000
0.957600,0.028553,0.019034,0.002629,-0.069238,73.633371,105.000000,1.000000,0.000000,0.000000,46.366629,0.000000
0.958500,0.028599,0.019139,0.002409,-0.069054,73.460790,105.000000,1.000000,0.000000,0.000000,46.539210,0.000000
0.959400,0.028643,0.019242,0.002195,-0.068875,73.292407,105.000000,1.000000,0.000000,0.000000,46.707593,0.000000
0.960300,0.028687,0.019341,0.001986,-0.068699,73.128223,105.000000,1.000000,0.000000,0.000000,46.871777,0.000000
0.961200,0.028730,0.019438,0.001783,-0.068527,72.968239,105.000000,1.000000,0.000000,0.000000,47.031761,0.000000
0.962100,0.028772,0.019532,0.001586,-0.068359,72.812453,105.000000,1.000000,0.000000,0.000000,47.187547,0.000000
0.963000,0.028813,0.019624,0.001395,-0.068196,72.660867,105.000000,1.000000,0.000000,0.000000,47.339133,0.000000
0.963900,0.028854,0.019713,0.001210,-0.068036,72.513479,105.000000,1.000000,0.000000,0.000000,47.486521,0.000000
0.964800,0.028893,0.019799,0.001030,-0.067880,72.370291,105.000000,1.000000,0.000000,0.000000,47.629709,0.000000
0.965700,0.028932,0.019883,0.000855,-0.067729,72.231302,105.000000,1.000000,0.000000,0.000000,47.768698,0.000000
0.966600,0.028969,0.019964,0.000687,-0.067581,72.096512,105.000000,1.000000,0.000000,0.000000,47.903488,0.000000
0.967500,0.029006,0.020042,0.000524,-0.067438,71.965921,105.000000,1.000000,0.000000,0.000000,48.034079,0.000000
0.968400,0.029041,0.020118,0.000366,-0.067299,71.839529,105.000000,1.000000,0.000000,0.000000,48.160471,0.000000
0.969300,0.029075,0.020191,0.000215,-0.067165,71.717336,105.000000,1.000000,0.000000,0.000000,48.282664,0.000000
0.970200,0.029109,0.020262,0.000068,-0.067034,71.599342,105.000000,1.000000,0.000000,0.000000,48.400658,0.000000
0.971100,0.029141,0.020330,-0.000073,-0.066909,71.485547,105.000000,1.000000,0.000000,0.000000,48.514453,0.000000
0.972000,0.029173,0.020395,-0.000208,-0.066787,71.375951,105.000000,1.000000,0.000000,0.000000,48.624049,0.000000
0.972900,0.029203,0.020458,-0.000338,-0.066670,71.270555,105.000000,1.000000,0.000000,0.000000,48.729445,0.000000
0.973800,0.029232,0.020519,-0.000463,-0.066557,71.169357,105.000000,1.000000,0.000000,0.000000,48.830643,0.000000
0.974700,0.029260,0.020577,-0.000582,-0.066449,71.072359,105.000000,1.000000,0.000000,0.000000,48.927641,0.000000
0.975600,0.029287,0.020632,-0.000697,-0.066345,70.979559,105.000000,1.000000,0.000000,0.000000,49.020441,0.000000
0.976500,0.029313,0.020685,-0.000805,-0.066246,70.890959,105.000000,1.000000,0.000000,0.000000,49.109041,0.000000
0.977400,0.029337,0.020735,-0.000909,-0.066151,70.806557,105.000000,1.000000,0.000000,0.000000,49.193443,0.000000
0.978300,0.029361,0.020782,-0.001007,-0.066061,70.726355,105.000000,1.000000,0.000000,0.000000,49.273645,0.000000
0.979200,0.029383,0.020828,-0.001100,-0.065976,70.650352,105.000000,1.000000,0.000000,0.000000,49.349648,0.000000
0.980100,0.029404,0.020870,-0.001187,-0.065895,70.578548,105.000000,1.000000,0.000000,0.000000,49.421452,0.000000
0.981000,0.029424,0.020910,-0.001270,-0.065819,70.510943,105.000000,1.000000,0.000000,0.000000,49.489057,0.000000
0.981900,0.029443,0.020948,-0.001347,-0.065747,70.447537,105.000000,1.000000,0.000000,0.000000,49.552463,0.000000
0.982800,0.029460,0.020983,-0.001419,-0.065680,70.388330,105.000000,1.000000,0.000000,0.000000,49.611670,0.000000
0.983700,0.029477,0.021015,-0.001486,-0.065618,70.333322,105.000000,1.000000,0.000000,0.000000,49.666678,0.000000
0.984600,0.029492,0.021046,-0.001548,-0.065560,70.282513,105.000000,1.000000,0.000000,0.000000,49.717487,0.000000
0.985500,0.029506,0.021073,-0.001604,-0.065507,70.235904,105.000000,1.000000,0.000000,0.000000,49.764096,0.000000
0.986400,0.029518,0.021098,-0.001656,-0.065459,70.193493,105.000000,1.000000,0.000000,0.000000,49.806507,0.000000
0.987300,0.029530,0.021121,-0.001702,-0.065416,70.155282,105.000000,1.000000,0.000000,0.000000,49.844718,0.000000
0.988200,0.029540,0.021141,-0.001743,-0.065377,70.121269,105.000000,1.000000,0.000000,0.000000,49.878731,0.000000
0.989100,0.029549,0.021159,-0.001779,-0.065343,70.091456,105.000000,1.000000,0.000000,0.000000,49.908544,0.000000
0.990000,0.029556,0.021174,-0.001810,-0.065314,70.065841,105.000000,1.000000,0.000000,0.000000,49.934159,0.000000
0.990900,0.029563,0.021186,-0.001836,-0.065290,70.044426,105.000000,1.000000,0.000000,0.000000,49.955574,0.000000
0.991800,0.029568,0.021196,-0.001857,-0.065270,70.027210,105.000000,1.000000,0.000000,0.000000,49.972790,0.000000
0.992700,0.029572,0.021204,-0.001873,-0.065255,70.014193,105.000000,1.000000,0.000000,0.000000,49.985807,0.000000
0.993600,0.029574,0.021209,-0.001883,-0.065245,70.005375,105.000000,1.000000,0.000000,0.000000,49.994625,0.000000
0.994500,0.029576,0.021212,-0.001889,-0.065240,70.000756,105.000000,1.000000,0.000000,0.000000,49.999244,0.000000
0.995400,0.029576,0.021213,-0.001890,-0.065239,70.000128,104.999580,0.000000,0.000000,0.000000,49.999872,0.000000
0.996300,0.029576,0.021215,-0.001888,-0.065237,70.001572,104.994856,0.000000,0.000000,0.000000,49.998428,0.000000
0.997200,0.029576,0.021220,-0.001883,-0.065234,70.004621,104.984884,0.000000,0.000000,0.000000,49.995379,0.000000
0.998100,0.029575,0.021228,-0.001877,-0.065229,70.009273,104.969665,0.000000,0.000000,0.000000,49.990727,0.000000
0.999000,0.029574,0.021238,-0.001868,-0.065222,70.015530,104.949202,0.000000,0.000000,0.000000,49.984470,0.000000
0.999900,0.029574,0.021251,-0.001857,-0.065214,70.023392,104.923498,0.000000,0.000000,0.000000,49.976608,0.000000
1.000800,0.029573,0.021266,-0.001844,-0.065204,70.032857,104.892557,0.000000,0.000000,0.000000,49.967143,0.000000
1.001700,0.029571,0.021284,-0.001828,-0.065192,70.043927,104.856385,0.000000,0.000000,0.000000,49.956073,0.000000
1.002600,0.029570,0.021305,-0.001810,-0.065178,70.056602,104.814987,0.000000,0.000000,0.000000,49.943398,0.000000
1.003500,0.029569,0.021328,-0.001790,-0.065163,70.070881,104.768370,0.000000,0.000000,0.000000,49.929119,0.000000
1.004400,0.029567,0.021354,-0.001768,-0.065146,70.086764,104.716541,0.000000,0.000000,0.000000,49.913236,0.000000
1.005300,0.029565,0.021382,-0.001743,-0.065127,70.104252,104.659509,0.000000,0.000000,0.000000,49.895748,0.000000
1.006200,0.029563,0.021413,-0.001716,-0.065107,70.123344,104.597282,0.000000,0.000000,0.000000,49.876656,0.000000
1.007100,0.029561,0.021446,-0.001687,-0.065084,70.144040,104.529872,0.000000,0.000000,0.000000,49.855960,0.000000
1.008000,0.029559,0.021482,-0.001656,-0.065060,70.166340,104.457289,0.000000,0.000000,0.000000,49.833660,0.000000
1.008900,0.029557,0.021521,-0.001622,-0.065035,70.190245,104.379544,0.000000,0.000000,0.000000,49.809755,0.000000
1.009800,0.029554,0.021562,-0.001586,-0.065008,70.215755,104.296651,0.000000,0.000000,0.000000,49.784245,0.000000
1.010700,0.029552,0.021606,-0.001547,-0.064979,70.242869,104.208622,0.000000,0.000000,0.000000,49.757131,0.000000
1.011600,0.029549,0.021652,-0.001507,-0.064948,70.271587,104.115471,0.000000,0.000000,0.000000,49.728413,0.000000
1.012500,0.029546,0.021700,-0.001463,-0.064916,70.301909,104.017215,0.000000,0.000000,0.000000,49.698091,0.000000
1.013400,0.029544,0.021751,-0.001418,-0.064882,70.333836,103.913868,0.000000,0.000000,0.000000,49.666164,0.000000
1.014300,0.029541,0.021805,-0.001370,-0.064847,70.367367,103.805448,0.000000,0.000000,0.000000,49.632633,0.000000
1.015200,0.029538,0.021861,-0.001320,-0.064810,70.402503,103.691971,0.000000,0.000000,0.000000,49.597497,0.000000
1.016100,0.029534,0.021920,-0.001268,-0.064771,70.439243,103.573457,0.000000,0.000000,0.000000,49.560757,0.000000
1.017000,0.029531,0.021981,-0.001213,-0.064730,70.477587,103.449924,0.000000,0.000000,0.000000,49.522413,0.000000
1.017900,0.029528,0.022044,-0.001156,-0.064688,70.517536,103.321392,0.000000,0.000000,0.000000,49.482464,0.000000
1.018800,0.029525,0.022110,-0.001096,-0.064645,70.559089,103.187883,0.000000,0.000000,0.000000,49.440911,0.000000
1.019700,0.029521,0.022178,-0.001034,-0.064600,70.602246,103.049417,0.000000,0.000000,0.000000,49.397754,0.000000
1.020600,0.029518,0.022248,-0.000970,-0.064553,70.647008,102.906017,0.000000,0.000000,0.000000,49.352992,0.000000
1.021500,0.029515,0.022321,-0.000903,-0.064505,70.693374,102.757706,0.000000,0.000000,0.000000,49.306626,0.000000
1.022400,0.029511,0.022397,-0.000833,-0.064455,70.741344,102.604509,0.000000,0.000000,0.000000,49.258656,0.000000
1.023300,0.029508,0.022474,-0.000762,-0.064404,70.790919,102.446449,0.000000,0.000000,0.000000,49.209081,0.000000
1.024200,0.029505,0.022554,-0.000687,-0.064351,70.842099,102.283552,0.000000,0.000000,0.000000,49.157901,0.000000
1.025100,0.029501,0.022636,-0.000611,-0.064297,70.894882,102.115845,0.000000,0.000000,0.000000,49.105118,0.000000
1.026000,0.029498,0.022720,-0.000531,-0.064241,70.949270,101.943355,0.000000,0.000000,0.000000,49.050730,0.000000
1.026900,0.029495,0.022807,-0.000450,-0.064184,71.005262,101.766110,0.000000,0.000000,0.000000,48.994738,0.000000
1.027800,0.029491,0.022896,-0.000366,-0.064125,71.062859,101.584138,0.000000,0.000000,0.000000,48.937141,0.000000
1.028700,0.029488,0.022987,-0.000279,-0.064065,71.122060,101.397469,0.000000,0.000000,0.000000,48.877940,0.000000
1.029600,0.029485,0.023080,-0.000189,-0.064003,71.182865,101.206132,0.000000,0.000000,0.000000,48.817135,0.000000
1.030500,0.029482,0.023175,-0.000098,-0.063940,71.245275,101.010159,0.000000,0.000000,0.000000,48.754725,0.000000
1.031400,0.029479,0.023272,-0.000003,-0.063876,71.309289,100.809581,0.000000,0.000000,0.000000,48.690711,0.000000
1.032300,0.029476,0.023372,0.000094,-0.063810,71.374908,100.604431,0.000000,0.000000,0.000000,48.625092,0.000000
1.033200,0.029474,0.023473,0.000193,-0.063743,71.442131,100.394742,0.000000,0.000000,0.000000,48.557869,0.000000
1.034100,0.029471,0.023577,0.000296,-0.063674,71.510958,100.180548,0.000000,0.000000,0.000000,48.489042,0.000000
1.035000,0.029469,0.023682,0.000401,-0.063605,71.581389,99.961883,0.000000,0.000000,0.000000,48.418611,0.000000
1.035900,0.029466,0.023790,0.000508,-0.063534,71.653425,99.738783,0.000000,0.000000,0.000000,48.346575,0.000000
1.036800,0.029464,0.023899,0.000618,-0.063461,71.727066,99.511284,0.000000,0.000000,0.000000,48.272934,0.000000
1.037700,0.029462,0.024011,0.000731,-0.063388,71.802310,99.279421,0.000000,0.000000,0.000000,48.197690,0.000000
1.038600,0.029460,0.024124,0.000846,-0.063313,71.879159,99.043234,0.000000,0.000000,0.000000,48.120841,0.000000
1.039500,0.029459,0.024239,0.000965,-0.063237,71.957613,98.802760,0.000000,0.000000,0.000000,48.042387,0.000000
1.040400,0.029458,0.024356,0.001085,-0.063160,72.037671,98.558038,0.000000,0.000000,0.000000,47.962329,0.000000
1.041300,0.029456,0.024475,0.001209,-0.063081,72.119333,98.309107,0.000000,0.000000,0.000000,47.880667,0.000000
1.042200,0.029455,0.024595,0.001335,-0.063002,72.202599,98.056007,0.000000,0.000000,0.000000,47.797401,0.000000
1.043100,0.029455,0.024718,0.001464,-0.062921,72.287470,97.798780,0.000000,0.000000,0.000000,47.712530,0.000000
1.044000,0.029454,0.024842,0.001596,-0.062839,72.373945,97.537467,0.000000,0.000000,0.000000,47.626055,0.000000
1.044900,0.029454,0.024967,0.001731,-0.062756,72.462025,97.272111,0.000000,0.000000,0.000000,47.537975,0.000000
1.045800,0.029454,0.025094,0.001868,-0.062673,72.551709,97.002753,0.000000,0.000000,0.000000,47.448291,0.000000
1.046700,0.029454,0.025223,0.002008,-0.062588,72.642997,96.729438,0.000000,0.000000,0.000000,47.357003,0.000000
1.047600,0.029455,0.025354,0.002151,-0.062502,72.735890,96.452210,0.000000,0.000000,0.000000,47.264110,0.000000
1.048500,0.029456,0.025485,0.002297,-0.062415,72.830387,96.171113,0.000000,0.000000,0.000000,47.169613,0.000000
1.049400,0.029457,0.025619,0.002446,-0.062327,72.926488,95.886193,0.000000,0.000000,0.000000,47.073512,0.000000
1.050300,0.029458,0.025754,0.002597,-0.062238,73.024194,95.597496,0.000000,0.000000,0.000000,46.975806,0.000000
1.051200,0.029460,0.025890,0.002752,-0.062148,73.123504,95.305069,0.000000,0.000000,0.000000,46.876496,0.000000
1.052100,0.029462,0.026028,0.002909,-0.062057,73.224419,95.008958,0.000000,0.000000,0.000000,46.775581,0.000000
1.053000,0.029465,0.026166,0.003069,-0.061966,73.326937,94.709212,0.000000,0.000000,0.000000,46.673063,0.000000
1.053900,0.029467,0.026307,0.003232,-0.061873,73.431061,94.405879,0.000000,0.000000,0.000000,46.568939,0.000000
1.054800,0.029471,0.026448,0.003398,-0.061780,73.536788,94.099008,0.000000,0.000000,0.000000,46.463212,0.000000
1.055700,0.029474,0.026591,0.003567,-0.061686,73.644120,93.788649,0.000000,0.000000,0.000000,46.355880,0.000000
1.056600,0.029478,0.026735,0.003738,-0.061591,73.753057,93.474851,0.000000,0.000000,0.000000,46.246943,0.000000
1.057500,0.029482,0.026880,0.003913,-0.061496,73.863597,93.157666,0.000000,0.000000,0.000000,46.136403,0.000000
1.058400,0.029486,0.027026,0.004090,-0.061399,73.975742,92.837144,0.000000,0.000000,0.000000,46.024258,0.000000
1.059300,0.029491,0.027173,0.004271,-0.061302,74.089492,92.513337,0.000000,0.000000,0.000000,45.910508,0.000000
1.060200,0.029496,0.027321,0.004454,-0.061205,74.204845,92.186299,0.000000,0.000000,0.000000,45.795155,0.000000
1.061100,0.029502,0.027471,0.004640,-0.061107,74.321804,91.856080,0.000000,0.000000,0.000000,45.678196,0.000000
1.062000,0.029508,0.027621,0.004829,-0.061008,74.440320,91.522736,0.000000,0.000000,0.000000,45.559680,0.000000
1.062900,0.029514,0.027772,0.005020,-0.060907,74.559299,91.186319,0.000000,0.000000,0.000000,45.440701,0.000000
1.063800,0.029522,0.027926,0.005212,-0.060804,74.678279,90.846884,0.000000,0.000000,0.000000,45.321721,0.000000
1.064700,0.029531,0.028081,0.005405,-0.060699,74.797259,90.504486,0.000000,0.000000,0.000000,45.202741,0.000000
1.065600,0.029541,0.028238,0.005600,-0.060592,74.916238,90.159180,0.000000,0.000000,0.000000,45.083762,0.000000
1.066500,0.029552,0.028396,0.005795,-0.060483,75.035218,89.811022,0.000000,0.000000,0.000000,44.964782,0.000000
1.067400,0.029564,0.028557,0.005992,-0.060372,75.154198,89.460068,0.000000,0.000000,0.000000,44.845802,0.000000
1.068300,0.029577,0.028718,0.006190,-0.060259,75.273177,89.106375,0.000000,0.000000,0.000000,44.726823,0.000000
1.069200,0.029592,0.028882,0.006389,-0.060144,75.392157,88.750000,0.000000,0.000000,0.000000,44.607843,0.000000
1.070100,0.029607,0.029046,0.006589,-0.060028,75.511136,88.391000,0.000000,0.000000,0.000000,44.488864,0.000000
1.071000,0.029624,0.029213,0.006791,-0.059909,75.630116,88.029434,0.000000,0.000000,0.000000,44.369884,0.000000
1.071900,0.029641,0.029380,0.006994,-0.059789,75.749096,87.665360,0.000000,0.000000,0.000000,44.250904,0.000000
1.072800,0.029660,0.029549,0.007198,-0.059667,75.868075,87.298836,0.000000,0.000000,0.000000,44.131925,0.000000
1.073700,0.029680,0.029719,0.007403,-0.059543,75.987055,86.929922,0.000000,0.000000,0.000000,44.012945,0.000000
1.074600,0.029701,0.029890,0.007610,-0.059418,76.106035,86.558678,0.000000,0.000000,0.000000,43.893965,0.000000
1.075500,0.029724,0.030063,0.007818,-0.059291,76.225014,86.185162,0.000000,0.000000,0.000000,43.774986,0.000000
1.076400,0.029747,0.030237,0.008027,-0.059162,76.343994,85.809437,0.000000,0.000000,0.000000,43.656006,0.000000
1.077300,0.029772,0.030412,0.008237,-0.059033,76.462974,85.431562,0.000000,0.000000,0.000000,43.537026,0.000000
1.078200,0.029798,0.030587,0.008449,-0.058901,76.581953,85.051599,0.000000,0.000000,0.000000,43.418047,0.000000
1.079100,0.029825,0.030764,0.008662,-0.058769,76.700933,84.669608,0.000000,0.000000,0.000000,43.299067,0.000000
1.080000,0.029853,0.030942,0.008876,-0.058635,76.819912,84.285652,0.000000,0.000000,0.000000,43.180088,0.000000
1.080900,0.029883,0.031121,0.009092,-0.058499,76.938892,83.899792,0.000000,0.000000,0.000000,43.061108,0.000000
1.081800,0.029913,0.031300,0.009308,-0.058363,77.057872,83.512091,0.000000,0.000000,0.000000,42.942128,0.000000
1.082700,0.029945,0.031480,0.009527,-0.058225,77.176851,83.122612,0.000000,0.000000,0.000000,42.823149,0.000000
1.083600,0.029978,0.031661,0.009746,-0.058086,77.295831,82.731417,0.000000,0.000000,0.000000,42.704169,0.000000
1.084500,0.030013,0.031843,0.009967,-0.057946,77.414811,82.338569,0.000000,0.000000,0.000000,42.585189,0.000000
1.085400,0.030048,0.032026,0.010189,-0.057805,77.533790,81.944133,0.000000,0.000000,0.000000,42.466210,0.000000
1.086300,0.030085,0.032209,0.010412,-0.057663,77.652770,81.548171,0.000000,0.000000,0.000000,42.347230,0.000000
1.087200,0.030123,0.032392,0.010637,-0.057521,77.771749,81.150748,0.000000,0.000000,0.000000,42.228251,0.000000
1.088100,0.030162,0.032576,0.010862,-0.057377,77.890729,80.751927,0.000000,0.000000,0.000000,42.109271,0.000000
1.089000,0.030202,0.032761,0.011090,-0.057232,78.009709,80.351774,0.000000,0.000000,0.000000,41.990291,0.000000
1.089900,0.030244,0.032945,0.011318,-0.057087,78.128688,79.950353,0.000000,0.000000,0.000000,41.871312,0.000000
1.090800,0.030286,0.033131,0.011548,-0.056941,78.247668,79.547728,0.000000,0.000000,0.000000,41.752332,0.000000
1.091700,0.030330,0.033316,0.011779,-0.056794,78.366648,79.143965,0.000000,0.000000,0.000000,41.633352,0.000000
1.092600,0.030375,0.033502,0.012011,-0.056647,78.485627,78.739129,0.000000,0.000000,0.000000,41.514373,0.000000
1.093500,0.030421,0.033688,0.012244,-0.056499,78.604607,78.333286,0.000000,0.000000,0.000000,41.395393,0.000000
1.094400,0.030469,0.033874,0.012479,-0.056350,78.723587,77.926500,0.000000,0.000000,0.000000,41.276413,0.000000
1.095300,0.030517,0.034060,0.012714,-0.056201,78.842566,77.518838,0.000000,0.000000,0.000000,41.157434,0.000000
1.096200,0.030566,0.034246,0.012951,-0.056052,78.961546,77.110365,0.000000,0.000000,0.000000,41.038454,0.000000
1.097100,0.030617,0.034432,0.013190,-0.055902,79.080525,76.701148,0.000000,0.000000,0.000000,40.919475,0.000000
1.098000,0.030669,0.034618,0.013429,-0.055752,79.199505,76.291252,0.000000,0.000000,0.000000,40.800495,0.000000
1.098900,0.030722,0.034804,0.013669,-0.055601,79.318485,75.880744,0.000000,0.000000,0.000000,40.681515,0.000000
1.099800,0.030775,0.034990,0.013911,-0.055451,79.437464,75.469690,0.000000,0.000000,0.000000,40.562536,0.000000
1.100700,0.030830,0.035176,0.014154,-0.055300,79.556444,75.058156,0.000000,0.000000,0.000000,40.443556,0.000000
1.101600,0.030886,0.035361,0.014398,-0.055149,79.675424,74.646209,0.000000,0.000000,0.000000,40.324576,0.000000
1.102500,0.030943,0.035547,0.014643,-0.054998,79.794403,74.233915,0.000000,0.000000,0.000000,40.205597,0.000000
1.103400,0.031001,0.035731,0.014888,-0.054847,79.913383,73.821341,0.000000,0.000000,0.000000,40.086617,0.000000
1.104300,0.031060,0.035916,0.015136,-0.054696,80.032362,73.408554,0.000000,0.000000,0.000000,39.967638,0.000000
1.105200,0.031120,0.036100,0.015384,-0.054544,80.151342,72.995620,0.000000,0.000000,0.000000,39.848658,0.000000
1.106100,0.031181,0.036283,0.015633,-0.054393,80.270322,72.582607,0.000000,0.000000,0.000000,39.729678,0.000000
1.107000,0.031242,0.036466,0.015883,-0.054242,80.389301,72.169579,0.000000,0.000000,0.000000,39.610699,0.000000
1.107900,0.031305,0.036649,0.016134,-0.054092,80.508281,71.756605,0.000000,0.000000,0.000000,39.491719,0.000000
1.108800,0.031368,0.036831,0.016386,-0.053941,80.627261,71.343752,0.000000,0.000000,0.000000,39.372739,0.000000
1.109700,0.031433,0.037012,0.016638,-0.053791,80.746240,70.931085,0.000000,0.000000,0.000000,39.253760,0.000000
1.110600,0.031498,0.037192,0.016892,-0.053641,80.865220,70.518671,0.000000,0.000000,0.000000,39.134780,0.000000
1.111500,0.031564,0.037372,0.017146,-0.053491,80.984200,70.106577,0.000000,0.000000,0.000000,39.015800,0.000000
1.112400,0.031630,0.037551,0.017402,-0.053342,81.103179,69.694870,0.000000,0.000000,0.000000,38.896821,0.000000
1.113300,0.031697,0.037729,0.017658,-0.053194,81.222159,69.283616,0.000000,0.000000,0.000000,38.777841,0.000000
1.114200,0.031766,0.037906,0.017915,-0.053045,81.341138,68.872882,0.000000,0.000000,0.000000,38.658862,0.000000
1.115100,0.031834,0.038082,0.018172,-0.052897,81.460118,68.462733,0.000000,0.000000,0.000000,38.539882,0.000000
1.116000,0.031904,0.038258,0.018431,-0.052750,81.579098,68.053236,0.000000,0.000000,0.000000,38.420902,0.000000
1.116900,0.031974,0.038432,0.018690,-0.052604,81.698077,67.644458,0.000000,0.000000,0.000000,38.301923,0.000000
1.117800,0.032044,0.038606,0.018949,-0.052458,81.817057,67.236463,0.000000,0.000000,0.000000,38.182943,0.000000
1.118700,0.032115,0.038778,0.019209,-0.052312,81.936037,66.829319,0.000000,0.000000,0.000000,38.063963,0.000000
1.119600,0.032187,0.038949,0.019470,-0.052168,82.055016,66.423091,0.000000,0.000000,0.000000,37.944984,0.000000
1.120500,0.032259,0.039119,0.019732,-0.052024,82.173996,66.017844,0.000000,0.000000,0.000000,37.826004,0.000000
1.121400,0.032331,0.039288,0.019993,-0.051881,82.292975,65.613644,0.000000,0.000000,0.000000,37.707025,0.000000
1.122300,0.032404,0.039456,0.020256,-0.051739,82.411955,65.210556,0.000000,0.000000,0.000000,37.588045,0.000000
1.123200,0.032477,0.039622,0.020518,-0.051597,82.530935,64.808646,0.000000,0.000000,0.000000,37.469065,0.000000
1.124100,0.032551,0.039787,0.020781,-0.051457,82.649914,64.407978,0.000000,0.000000,0.000000,37.350086,0.000000
1.125000,0.032625,0.039951,0.021045,-0.051317,82.768894,64.008616,0.000000,0.000000,0.000000,37.231106,0.000000
1.125900,0.032699,0.040113,0.021308,-0.051179,82.887874,63.610627,0.000000,0.000000,0.000000,37.112126,0.000000
1.126800,0.032773,0.040274,0.021572,-0.051041,83.006853,63.214073,0.000000,0.000000,0.000000,36.993147,0.000000
1.127700,0.032848,0.040434,0.021837,-0.050905,83.125833,62.819018,0.000000,0.000000,0.000000,36.874167,0.000000
1.128600,0.032923,0.040592,0.022101,-0.050769,83.244812,62.425527,0.000000,0.000000,0.000000,36.755188,0.000000
1.129500,0.032997,0.040749,0.022365,-0.050635,83.363792,62.033664,0.000000,0.000000,0.000000,36.636208,0.000000
1.130400,0.033072,0.040904,0.022630,-0.050501,83.482772,61.643491,0.000000,0.000000,0.000000,36.517228,0.000000
1.131300,0.033147,0.041058,0.022895,-0.050369,83.601751,61.255071,0.000000,0.000000,0.000000,36.398249,0.000000
1.132200,0.033222,0.041210,0.023160,-0.050238,83.720731,60.868467,0.000000,0.000000,0.000000,36.279269,0.000000
1.133100,0.033297,0.041360,0.023424,-0.050108,83.839711,60.483742,0.000000,0.000000,0.000000,36.160289,0.000000
1.134000,0.033372,0.041509,0.023689,-0.049980,83.958690,60.100958,0.000000,0.000000,0.000000,36.041310,0.000000
1.134900,0.033446,0.041656,0.023954,-0.049853,84.077670,59.720176,0.000000,0.000000,0.000000,35.922330,0.000000
1.135800,0.033521,0.041802,0.024218,-0.049727,84.196650,59.341458,0.000000,0.000000,0.000000,35.803350,0.000000
1.136700,0.033595,0.041946,0.024482,-0.049602,84.315629,58.964866,0.000000,0.000000,0.000000,35.684371,0.000000
1.137600,0.033669,0.042088,0.024746,-0.049478,84.434609,58.590459,0.000000,0.000000,0.000000,35.565391,0.000000
1.138500,0.033742,0.042228,0.025010,-0.049356,84.553588,58.218299,0.000000,0.000000,0.000000,35.446412,0.000000
1.139400,0.033815,0.042367,0.025273,-0.049236,84.672568,57.848446,0.000000,0.000000,0.000000,35.327432,0.000000
1.140300,0.033888,0.042504,0.025536,-0.049116,84.791548,57.480959,0.000000,0.000000,0.000000,35.208452,0.000000
1.141200,0.033961,0.042639,0.025799,-0.048999,84.910527,57.115898,0.000000,0.000000,0.000000,35.089473,0.000000
1.142100,0.034032,0.042772,0.026061,-0.048882,85.029507,56.753321,0.000000,0.000000,0.000000,34.970493,0.000000
1.143000,0.034104,0.042903,0.026323,-0.048767,85.148487,56.393288,0.000000,0.000000,0.000000,34.851513,0.000000
1.143900,0.034175,0.043033,0.026584,-0.048654,85.267466,56.035856,0.000000,0.000000,0.000000,34.732534,0.000000
1.144800,0.034245,0.043160,0.026845,-0.048542,85.386446,55.681083,0.000000,0.000000,0.000000,34.613554,0.000000
1.145700,0.034314,0.043286,0.027105,-0.048431,85.505425,55.329027,0.000000,0.000000,0.000000,34.494575,0.000000
1.146600,0.034383,0.043409,0.027364,-0.048322,85.624405,54.979744,0.000000,0.000000,0.000000,34.375595,0.000000
1.147500,0.034451,0.043531,0.027623,-0.048215,85.743385,54.633290,0.000000,0.000000,0.000000,34.256615,0.000000
1.148400,0.034518,0.043651,0.027880,-0.048109,85.862364,54.289723,0.000000,0.000000,0.000000,34.137636,0.000000
1.149300,0.034585,0.043769,0.028137,-0.048005,85.981344,53.949096,0.000000,0.000000,0.000000,34.018656,0.000000
1.150200,0.034650,0.043885,0.028394,-0.047902,86.100324,53.611465,0.000000,0.000000,0.000000,33.899676,0.000000
1.151100,0.034715,0.043998,0.028649,-0.047801,86.219303,53.276885,0.000000,0.000000,0.000000,33.780697,0.000000
1.152000,0.034779,0.044110,0.028903,-0.047702,86.338283,52.945410,0.000000,0.000000,0.000000,33.661717,0.000000
1.152900,0.034842,0.044220,0.029157,-0.047604,86.457263,52.617093,0.000000,0.000000,0.000000,33.542737,0.000000
1.153800,0.034903,0.044328,0.029409,-0.047508,86.576242,52.291988,0.000000,0.000000,0.000000,33.423758,0.000000
1.154700,0.034964,0.044433,0.029660,-0.047414,86.695222,51.970146,0.000000,0.000000,0.000000,33.304778,0.000000
1.155600,0.035023,0.044537,0.029910,-0.047321,86.814201,51.651620,0.000000,0.000000,0.000000,33.185799,0.000000
1.156500,0.035081,0.044638,0.030159,-0.047230,86.933181,51.336461,0.000000,0.000000,0.000000,33.066819,0.000000
1.157400,0.035138,0.044738,0.030407,-0.047141,87.052161,51.024720,0.000000,0.000000,0.000000,32.947839,0.000000
1.158300,0.035194,0.044835,0.030654,-0.047053,87.171140,50.716447,0.000000,0.000000,0.000000,32.828860,0.000000
1.159200,0.035249,0.044930,0.030899,-0.046967,87.290120,50.411693,0.000000,0.000000,0.000000,32.709880,0.000000
1.160100,0.035302,0.045023,0.031143,-0.046883,87.409100,50.110507,0.000000,0.000000,0.000000,32.590900,0.000000
1.161000,0.035353,0.045114,0.031385,-0.046800,87.528079,49.812936,0.000000,0.000000,0.000000,32.471921,0.000000
1.161900,0.035404,0.045203,0.031627,-0.046720,87.647059,49.519030,0.000000,0.000000,0.000000,32.352941,0.000000
1.162800,0.035453,0.045289,0.031866,-0.046641,87.766038,49.228835,0.000000,0.000000,0.000000,32.233962,0.000000
1.163700,0.035500,0.045374,0.032105,-0.046564,87.885018,48.942399,0.000000,0.000000,0.000000,32.114982,0.000000
1.164600,0.035546,0.045456,0.032341,-0.046488,88.003998,48.659767,0.000000,0.000000,0.000000,31.996002,0.000000
1.165500,0.035590,0.045536,0.032577,-0.046415,88.122977,48.380986,0.000000,0.000000,0.000000,31.877023,0.000000
1.166400,0.035633,0.045614,0.032810,-0.046343,88.241957,48.106100,0.000000,0.000000,0.000000,31.758043,0.000000
1.167300,0.035674,0.045689,0.033042,-0.046273,88.360937,47.835155,0.000000,0.000000,0.000000,31.639063,0.000000
1.168200,0.035713,0.045763,0.033272,-0.046205,88.479916,47.568192,0.000000,0.000000,0.000000,31.520084,0.000000
1.169100,0.035751,0.045834,0.033501,-0.046138,88.598896,47.305257,0.000000,0.000000,0.000000,31.401104,0.000000
1.170000,0.035786,0.045903,0.033728,-0.046074,88.717875,47.046391,0.000000,0.000000,0.000000,31.282125,0.000000
1.170900,0.035820,0.045970,0.033953,-0.046011,88.836855,46.791635,0.000000,0.000000,0.000000,31.163145,0.000000
1.171800,0.035853,0.046035,0.034176,-0.045950,88.955835,46.541032,0.000000,0.000000,0.000000,31.044165,0.000000
1.172700,0.035883,0.046097,0.034397,-0.045891,89.074814,46.294621,0.000000,0.000000,0.000000,30.925186,0.000000
1.173600,0.035911,0.046157,0.034617,-0.045834,89.193794,46.052443,0.000000,0.000000,0.000000,30.806206,0.000000
1.174500,0.035938,0.046215,0.034834,-0.045779,89.312774,45.814537,0.000000,0.000000,0.000000,30.687226,0.000000
1.175400,0.035963,0.046270,0.035050,-0.045725,89.431753,45.580940,0.000000,0.000000,0.000000,30.568247,0.000000
1.176300,0.035985,0.046324,0.035264,-0.045674,89.550733,45.351691,0.000000,0.000000,0.000000,30.449267,0.000000
1.177200,0.036006,0.046375,0.035475,-0.045624,89.669713,45.126827,0.000000,0.000000,0.000000,30.330287,0.000000
1.178100,0.036024,0.046423,0.035685,-0.045576,89.788692,44.906383,0.000000,0.000000,0.000000,30.211308,0.000000
1.179000,0.036041,0.046470,0.035892,-0.045530,89.907672,44.690397,0.000000,0.000000,0.000000,30.092328,0.000000
1.179900,0.036055,0.046514,0.036098,-0.045486,90.026651,44.478901,0.000000,0.000000,0.000000,29.973349,0.000000
1.180800,0.036067,0.046556,0.036301,-0.045444,90.145631,44.271932,0.000000,0.000000,0.000000,29.854369,0.000000
1.181700,0.036077,0.046596,0.036502,-0.045403,90.264611,44.069521,0.000000,0.000000,0.000000,29.735389,0.000000
1.182600,0.036085,0.046633,0.036701,-0.045365,90.383590,43.871703,0.000000,0.000000,0.000000,29.616410,0.000000
1.183500,0.036091,0.046668,0.036898,-0.045329,90.502570,43.678508,0.000000,0.000000,0.000000,29.497430,0.000000
1.184400,0.036094,0.046701,0.037092,-0.045294,90.621550,43.489968,0.000000,0.000000,0.000000,29.378450,0.000000
1.185300,0.036096,0.046731,0.037285,-0.045261,90.740529,43.306113,0.000000,0.000000,0.000000,29.259471,0.000000
1.186200,0.036094,0.046759,0.037474,-0.045231,90.859509,43.126974,0.000000,0.000000,0.000000,29.140491,0.000000
1.187100,0.036091,0.046785,0.037662,-0.045202,90.978488,42.952578,0.000000,0.000000,0.000000,29.021512,0.000000
1.188000,0.036085,0.046808,0.037847,-0.045175,91.097468,42.782955,0.000000,0.000000,0.000000,28.902532,0.000000
1.188900,0.036077,0.046829,0.038030,-0.045150,91.216448,42.618131,0.000000,0.000000,0.000000,28.783552,0.000000
1.189800,0.036067,0.046848,0.038211,-0.045127,91.335427,42.458133,0.000000,0.000000,0.000000,28.664573,0.000000
1.190700,0.036054,0.046864,0.038389,-0.045106,91.454407,42.302988,0.000000,0.000000,0.000000,28.545593,0.000000
1.191600,0.036039,0.046878,0.038565,-0.045087,91.573387,42.152719,0.000000,0.000000,0.000000,28.426613,0.000000
1.192500,0.036022,0.046889,0.038739,-0.045070,91.692366,42.007352,0.000000,0.000000,0.000000,28.307634,0.000000
1.193400,0.036002,0.046899,0.038910,-0.045055,91.811346,41.866910,0.000000,0.000000,0.000000,28.188654,0.000000
1.194300,0.035979,0.046905,0.039078,-0.045042,91.930326,41.731415,0.000000,0.000000,0.000000,28.069674,0.000000
1.195200,0.035954,0.046910,0.039244,-0.045031,92.049305,41.600890,0.000000,0.000000,0.000000,27.950695,0.000000
1.196100,0.035927,0.046912,0.039408,-0.045022,92.168285,41.475355,0.000000,0.000000,0.000000,27.831715,0.000000
1.197000,0.035897,0.046911,0.039569,-0.045015,92.287264,41.354831,0.000000,0.000000,0.000000,27.712736,0.000000
1.197900,0.035865,0.046908,0.039728,-0.045011,92.406244,41.239337,0.000000,0.000000,0.000000,27.593756,0.000000
1.198800,0.035831,0.046903,0.039884,-0.045008,92.525224,41.128892,0.000000,0.000000,0.000000,27.474776,0.000000
1.199700,0.035793,0.046895,0.040038,-0.045007,92.644203,41.023514,0.000000,0.000000,0.000000,27.355797,0.000000
1.200600,0.035754,0.046885,0.040189,-0.045008,92.763183,40.923219,0.000000,0.000000,0.000000,27.236817,0.000000
1.201500,0.035711,0.046872,0.040337,-0.045011,92.882163,40.828025,0.000000,0.000000,0.000000,27.117837,0.000000
1.202400,0.035667,0.046857,0.040483,-0.045017,93.001142,40.737946,0.000000,0.000000,0.000000,26.998858,0.000000
1.203300,0.035620,0.046840,0.040627,-0.045024,93.120122,40.652996,0.000000,0.000000,0.000000,26.879878,0.000000
1.204200,0.035570,0.046819,0.040768,-0.045034,93.239101,40.573190,0.000000,0.000000,0.000000,26.760899,0.000000
1.205100,0.035518,0.046797,0.040907,-0.045045,93.358081,40.498541,0.000000,0.000000,0.000000,26.641919,0.000000
1.206000,0.035463,0.046772,0.041042,-0.045059,93.477061,40.429060,0.000000,0.000000,0.000000,26.522939,0.000000
1.206900,0.035406,0.046744,0.041176,-0.045075,93.596040,40.364759,0.000000,0.000000,0.000000,26.403960,0.000000
1.207800,0.035346,0.046714,0.041307,-0.045093,93.715020,40.305648,0.000000,0.000000,0.000000,26.284980,0.000000
1.208700,0.035283,0.046681,0.041435,-0.045113,93.834000,40.251737,0.000000,0.000000,0.000000,26.166000,0.000000
1.209600,0.035219,0.046645,0.041561,-0.045136,93.952979,40.203034,0.000000,0.000000,0.000000,26.047021,0.000000
1.210500,0.035151,0.046607,0.041684,-0.045160,94.071959,40.159547,0.000000,0.000000,0.000000,25.928041,0.000000
1.211400,0.035082,0.046567,0.041805,-0.045187,94.190939,40.121284,0.000000,0.000000,0.000000,25.809061,0.000000
1.212300,0.035009,0.046524,0.041923,-0.045216,94.309918,40.088250,0.000000,0.000000,0.000000,25.690082,0.000000
1.213200,0.034935,0.046478,0.042039,-0.045247,94.428898,40.060451,0.000000,0.000000,0.000000,25.571102,0.000000
1.214100,0.034857,0.046430,0.042152,-0.045281,94.547877,40.037891,0.000000,0.000000,0.000000,25.452123,0.000000
1.215000,0.034778,0.046378,0.042263,-0.045317,94.666857,40.020574,0.000000,0.000000,0.000000,25.333143,0.000000
1.215900,0.034696,0.046325,0.042371,-0.045355,94.785837,40.008503,0.000000,0.000000,0.000000,25.214163,0.000000
1.216800,0.034611,0.046268,0.042477,-0.045395,94.904816,40.001680,0.000000,0.000000,0.000000,25.095184,0.000000
1.217700,0.034524,0.046209,0.042580,-0.045437,95.023796,40.000105,0.000000,0.000000,0.000000,24.976204,0.000000
1.218600,0.034435,0.046147,0.042681,-0.045482,95.142776,40.003779,0.000000,0.000000,0.000000,24.857224,0.000000
1.219500,0.034343,0.046083,0.042780,-0.045530,95.261755,40.012702,0.000000,0.000000,0.000000,24.738245,0.000000
1.220400,0.034249,0.046016,0.042876,-0.045579,95.380735,40.026872,0.000000,0.000000,0.000000,24.619265,0.000000
1.221300,0.034152,0.045945,0.042970,-0.045631,95.499714,40.046286,0.000000,0.000000,0.000000,24.500286,0.000000
1.222200,0.034054,0.045873,0.043061,-0.045685,95.618694,40.070942,0.000000,0.000000,0.000000,24.381306,0.000000
1.223100,0.033953,0.045797,0.043150,-0.045742,95.737674,40.100836,0.000000,0.000000,0.000000,24.262326,0.000000
1.224000,0.033849,0.045719,0.043237,-0.045801,95.856653,40.135962,0.000000,0.000000,0.000000,24.143347,0.000000
1.224900,0.033744,0.045637,0.043321,-0.045863,95.975633,40.176316,0.000000,0.000000,0.000000,24.024367,0.000000
1.225800,0.033636,0.045553,0.043404,-0.045927,96.094613,40.221890,0.000000,0.000000,0.000000,23.905387,0.000000
1.226700,0.033526,0.045466,0.043483,-0.045993,96.213592,40.272677,0.000000,0.000000,0.000000,23.786408,0.000000
1.227600,0.033414,0.045376,0.043561,-0.046062,96.332572,40.328669,0.000000,0.000000,0.000000,23.667428,0.000000
1.228500,0.033299,0.045284,0.043637,-0.046134,96.451551,40.389857,0.000000,0.000000,0.000000,23.548449,0.000000
1.229400,0.033183,0.045188,0.043710,-0.046208,96.570531,40.456232,0.000000,0.000000,0.000000,23.429469,0.000000
1.230300,0.033064,0.045089,0.043781,-0.046284,96.689511,40.527781,0.000000,0.000000,0.000000,23.310489,0.000000
1.231200,0.032944,0.044988,0.043850,-0.046363,96.808490,40.604495,0.000000,0.000000,0.000000,23.191510,0.000000
1.232100,0.032821,0.044884,0.043917,-0.046445,96.927470,40.686359,0.000000,0.000000,0.000000,23.072530,0.000000
1.233000,0.032696,0.044776,0.043982,-0.046529,97.046450,40.773363,0.000000,0.000000,0.000000,22.953550,0.000000
1.233900,0.032570,0.044666,0.044045,-0.046616,97.165429,40.865490,0.000000,0.000000,0.000000,22.834571,0.000000
1.234800,0.032441,0.044552,0.044106,-0.046705,97.284409,40.962726,0.000000,0.000000,0.000000,22.715591,0.000000
1.235700,0.032311,0.044436,0.044165,-0.046797,97.403389,41.065056,0.000000,0.000000,0.000000,22.596611,0.000000
1.236600,0.032179,0.044316,0.044223,-0.046892,97.522368,41.172463,0.000000,0.000000,0.000000,22.477632,0.000000
1.237500,0.032045,0.044194,0.044278,-0.046989,97.641348,41.284930,0.000000,0.000000,0.000000,22.358652,0.000000
1.238400,0.031909,0.044068,0.044332,-0.047089,97.760327,41.402438,0.000000,0.000000,0.000000,22.239673,0.000000
1.239300,0.031771,0.043939,0.044383,-0.047192,97.879307,41.524969,0.000000,0.000000,0.000000,22.120693,0.000000
1.240200,0.031632,0.043807,0.044433,-0.047298,97.998287,41.652502,0.000000,0.000000,0.000000,22.001713,0.000000
1.241100,0.031491,0.043672,0.044482,-0.047406,98.117266,41.785018,0.000000,0.000000,0.000000,21.882734,0.000000
1.242000,0.031349,0.043534,0.044529,-0.047517,98.236246,41.922494,0.000000,0.000000,0.000000,21.763754,0.000000
1.242900,0.031205,0.043393,0.044574,-0.047631,98.355226,42.064909,0.000000,0.000000,0.000000,21.644774,0.000000
1.243800,0.031060,0.043249,0.044617,-0.047747,98.474205,42.212240,0.000000,0.000000,0.000000,21.525795,0.000000
1.244700,0.030913,0.043101,0.044659,-0.047866,98.593185,42.364462,0.000000,0.000000,0.000000,21.406815,0.000000
1.245600,0.030765,0.042950,0.044700,-0.047988,98.712164,42.521552,0.000000,0.000000,0.000000,21.287836,0.000000
1.246500,0.030615,0.042796,0.044739,-0.048113,98.831144,42.683483,0.000000,0.000000,0.000000,21.168856,0.000000
1.247400,0.030464,0.042639,0.044777,-0.048241,98.950124,42.850230,0.000000,0.000000,0.000000,21.049876,0.000000
1.248300,0.030312,0.042478,0.044814,-0.048372,99.069103,43.021765,0.000000,0.000000,0.000000,20.930897,0.000000
1.249200,0.030159,0.042315,0.044849,-0.048505,99.188083,43.198062,0.000000,0.000000,0.000000,20.811917,0.000000
1.250100,0.030005,0.042148,0.044884,-0.048641,99.307063,43.379091,0.000000,0.000000,0.000000,20.692937,0.000000
1.251000,0.029849,0.041977,0.044917,-0.048781,99.426042,43.564823,0.000000,0.000000,0.000000,20.573958,0.000000
1.251900,0.029693,0.041804,0.044949,-0.048923,99.545022,43.755229,0.000000,0.000000,0.000000,20.454978,0.000000
1.252800,0.029536,0.041627,0.044980,-0.049068,99.664002,43.950277,0.000000,0.000000,0.000000,20.335998,0.000000
1.253700,0.029377,0.041447,0.045010,-0.049215,99.782981,44.149936,0.000000,0.000000,0.000000,20.217019,0.000000
1.254600,0.029218,0.041263,0.045039,-0.049366,99.901961,44.354174,0.000000,0.000000,0.000000,20.098039,0.000000
1.255500,0.029058,0.041077,0.045067,-0.049520,100.020940,44.562958,0.000000,0.000000,0.000000,19.979060,0.000000
1.256400,0.028898,0.040887,0.045095,-0.049676,100.139920,44.776254,0.000000,0.000000,0.000000,19.860080,0.000000
1.257300,0.028737,0.040693,0.045121,-0.049836,100.258900,44.994028,0.000000,0.000000,0.000000,19.741100,0.000000
1.258200,0.028575,0.040497,0.045148,-0.049998,100.377879,45.216244,0.000000,0.000000,0.000000,19.622121,0.000000
1.259100,0.028412,0.040297,0.045173,-0.050164,100.496859,45.442866,0.000000,0.000000,0.000000,19.503141,0.000000
1.260000,0.028250,0.040093,0.045198,-0.050332,100.615839,45.673859,0.000000,0.000000,0.000000,19.384161,0.000000
1.260900,0.028086,0.039886,0.045223,-0.050503,100.734818,45.909184,0.000000,0.000000,0.000000,19.265182,0.000000
1.261800,0.027923,0.039676,0.045247,-0.050678,100.853798,46.148804,0.000000,0.000000,0.000000,19.146202,0.000000
1.262700,0.027759,0.039463,0.045271,-0.050855,100.972777,46.392680,0.000000,0.000000,0.000000,19.027223,0.000000
1.263600,0.027595,0.039246,0.045294,-0.051035,101.091757,46.640772,0.000000,0.000000,0.000000,18.908243,0.000000
1.264500,0.027431,0.039026,0.045317,-0.051218,101.210737,46.893041,0.000000,0.000000,0.000000,18.789263,0.000000
1.265400,0.027267,0.038803,0.045340,-0.051404,101.329716,47.149446,0.000000,0.000000,0.000000,18.670284,0.000000
1.266300,0.027102,0.038576,0.045363,-0.051593,101.448696,47.409945,0.000000,0.000000,0.000000,18.551304,0.000000
1.267200,0.026938,0.038346,0.045386,-0.051785,101.567676,47.674496,0.000000,0.000000,0.000000,18.432324,0.000000
1.268100,0.026774,0.038113,0.045410,-0.051980,101.686655,47.943057,0.000000,0.000000,0.000000,18.313345,0.000000
1.269000,0.026610,0.037877,0.045433,-0.052177,101.805635,48.215584,0.000000,0.000000,0.000000,18.194365,0.000000
1.269900,0.026447,0.037637,0.045456,-0.052378,101.924615,48.492033,0.000000,0.000000,0.000000,18.075385,0.000000
1.270800,0.026284,0.037393,0.045480,-0.052582,102.043594,48.772360,0.000000,0.000000,0.000000,17.956406,0.000000
1.271700,0.026121,0.037147,0.045504,-0.052788,102.162574,49.056519,0.000000,0.000000,0.000000,17.837426,0.000000
1.272600,0.025958,0.036897,0.045528,-0.052997,102.281553,49.344464,0.000000,0.000000,0.000000,17.718447,0.000000
1.273500,0.025797,0.036644,0.045553,-0.053209,102.400533,49.636149,0.000000,0.000000,0.000000,17.599467,0.000000
1.274400,0.025635,0.036388,0.045578,-0.053424,102.519513,49.931527,0.000000,0.000000,0.000000,17.480487,0.000000
1.275300,0.025475,0.036129,0.045604,-0.053642,102.638492,50.230550,0.000000,0.000000,0.000000,17.361508,0.000000
1.276200,0.025315,0.035866,0.045631,-0.053863,102.757472,50.533170,0.000000,0.000000,0.000000,17.242528,0.000000
1.277100,0.025156,0.035600,0.045659,-0.054086,102.876452,50.839337,0.000000,0.000000,0.000000,17.123548,0.000000
1.278000,0.024998,0.035332,0.045687,-0.054312,102.995431,51.149003,0.000000,0.000000,0.000000,17.004569,0.000000
1.278900,0.024841,0.035060,0.045716,-0.054541,103.114411,51.462117,0.000000,0.000000,0.000000,16.885589,0.000000
1.279800,0.024685,0.034784,0.045746,-0.054773,103.233390,51.778629,0.000000,0.000000,0.000000,16.766610,0.000000
1.280700,0.024531,0.034506,0.045777,-0.055007,103.352370,52.098487,0.000000,0.000000,0.000000,16.647630,0.000000
1.281600,0.024377,0.034225,0.045809,-0.055244,103.471350,52.421641,0.000000,0.000000,0.000000,16.528650,0.000000
1.282500,0.024224,0.033940,0.045842,-0.055484,103.590329,52.748038,0.000000,0.000000,0.000000,16.409671,0.000000
1.283400,0.024073,0.033653,0.045877,-0.055726,103.709309,53.077624,0.000000,0.000000,0.000000,16.290691,0.000000
1.284300,0.023924,0.033363,0.045913,-0.055971,103.828289,53.410348,0.000000,0.000000,0.000000,16.171711,0.000000
1.285200,0.023775,0.033070,0.045950,-0.056218,103.947268,53.746154,0.000000,0.000000,0.000000,16.052732,0.000000
1.286100,0.023629,0.032773,0.045989,-0.056468,104.066248,54.084990,0.000000,0.000000,0.000000,15.933752,0.000000
1.287000,0.023483,0.032474,0.046029,-0.056720,104.185227,54.426800,0.000000,0.000000,0.000000,15.814773,0.000000
1.287900,0.023340,0.032172,0.046070,-0.056975,104.304207,54.771529,0.000000,0.000000,0.000000,15.695793,0.000000
1.288800,0.023198,0.031868,0.046114,-0.057233,104.423187,55.119121,0.000000,0.000000,0.000000,15.576813,0.000000
1.289700,0.023058,0.031560,0.046159,-0.057492,104.542166,55.469520,0.000000,0.000000,0.000000,15.457834,0.000000
1.290600,0.022920,0.031250,0.046205,-0.057754,104.661146,55.822670,0.000000,0.000000,0.000000,15.338854,0.000000
1.291500,0.022784,0.030937,0.046254,-0.058019,104.780126,56.178513,0.000000,0.000000,0.000000,15.219874,0.000000
1.292400,0.022650,0.030622,0.046304,-0.058285,104.899105,56.536993,0.000000,0.000000,0.000000,15.100895,0.000000
1.293300,0.022517,0.030304,0.046357,-0.058554,105.018085,56.898050,0.000000,0.000000,0.000000,14.981915,0.000000
1.294200,0.022387,0.029983,0.046411,-0.058825,105.137065,57.261628,0.000000,0.000000,0.000000,14.862935,0.000000
1.295100,0.022259,0.029660,0.046468,-0.059098,105.256044,57.627666,0.000000,0.000000,0.000000,14.743956,0.000000
1.296000,0.022134,0.029335,0.046526,-0.059373,105.375024,57.996107,0.000000,0.000000,0.000000,14.624976,0.000000
1.296900,0.022010,0.029007,0.046587,-0.059650,105.494003,58.366890,0.000000,0.000000,0.000000,14.505997,0.000000
1.297800,0.021889,0.028676,0.046650,-0.059929,105.612983,58.739956,0.000000,0.000000,0.000000,14.387017,0.000000
1.298700,0.021770,0.028344,0.046715,-0.060210,105.731963,59.115244,0.000000,0.000000,0.000000,14.268037,0.000000
1.299600,0.021654,0.028009,0.046782,-0.060493,105.850942,59.492694,0.000000,0.000000,0.000000,14.149058,0.000000
1.300500,0.021540,0.027672,0.046852,-0.060778,105.969922,59.872244,0.000000,0.000000,0.000000,14.030078,0.000000
1.301400,0.021429,0.027333,0.046925,-0.061064,106.088902,60.253835,0.000000,0.000000,0.000000,13.911098,0.000000
1.302300,0.021320,0.026991,0.047000,-0.061352,106.207881,60.637403,0.000000,0.000000,0.000000,13.792119,0.000000
1.303200,0.021214,0.026648,0.047077,-0.061642,106.326861,61.022887,0.000000,0.000000,0.000000,13.673139,0.000000
1.304100,0.021111,0.026303,0.047157,-0.061933,106.445840,61.410224,0.000000,0.000000,0.000000,13.554160,0.000000
1.305000,0.021011,0.025956,0.047240,-0.062226,106.564820,61.799353,0.000000,0.000000,0.000000,13.435180,0.000000
1.305900,0.020913,0.025607,0.047325,-0.062520,106.683800,62.190210,0.000000,0.000000,0.000000,13.316200,0.000000
1.306800,0.020818,0.025256,0.047413,-0.062816,106.802779,62.582732,0.000000,0.000000,0.000000,13.197221,0.000000
1.307700,0.020726,0.024904,0.047504,-0.063113,106.921759,62.976856,0.000000,0.000000,0.000000,13.078241,0.000000
1.308600,0.020637,0.024550,0.047598,-0.063411,107.040739,63.372518,0.000000,0.000000,0.000000,12.959261,0.000000
1.309500,0.020551,0.024194,0.047694,-0.063711,107.159718,63.769654,0.000000,0.000000,0.000000,12.840282,0.000000
1.310400,0.020468,0.023837,0.047793,-0.064011,107.278698,64.168200,0.000000,0.000000,0.000000,12.721302,0.000000
1.311300,0.020387,0.023478,0.047896,-0.064313,107.397678,64.568092,0.000000,0.000000,0.000000,12.602322,0.000000
1.312200,0.020310,0.023118,0.048001,-0.064616,107.516657,64.969265,0.000000,0.000000,0.000000,12.483343,0.000000
1.313100,0.020237,0.022757,0.048109,-0.064919,107.635637,65.371654,0.000000,0.000000,0.000000,12.364363,0.000000
1.314000,0.020166,0.022395,0.048220,-0.065224,107.754616,65.775194,0.000000,0.000000,0.000000,12.245384,0.000000
1.314900,0.020098,0.022031,0.048335,-0.065529,107.873596,66.179821,0.000000,0.000000,0.000000,12.126404,0.000000
1.315800,0.020034,0.021666,0.048452,-0.065835,107.992576,66.585468,0.000000,0.000000,0.000000,12.007424,0.000000
1.316700,0.019973,0.021300,0.048572,-0.066141,108.111555,66.992070,0.000000,0.000000,0.000000,11.888445,0.000000
1.317600,0.019915,0.020934,0.048696,-0.066448,108.230535,67.399563,0.000000,0.000000,0.000000,11.769465,0.000000
1.318500,0.019860,0.020566,0.048823,-0.066756,108.349515,67.807879,0.000000,0.000000,0.000000,11.650485,0.000000
1.319400,0.019809,0.020198,0.048953,-0.067064,108.468494,68.216952,0.000000,0.000000,0.000000,11.531506,0.000000
1.320300,0.019760,0.019829,0.049086,-0.067372,108.587474,68.626718,0.000000,0.000000,0.000000,11.412526,0.000000
1.321200,0.019716,0.019459,0.049222,-0.067681,108.706453,69.037109,0.000000,0.000000,0.000000,11.293547,0.000000
1.322100,0.019674,0.019089,0.049361,-0.067990,108.825433,69.448059,0.000000,0.000000,0.000000,11.174567,0.000000
1.323000,0.019636,0.018718,0.049504,-0.068299,108.944413,69.859502,0.000000,0.000000,0.000000,11.055587,0.000000
1.323900,0.019601,0.018347,0.049650,-0.068608,109.063392,70.271372,0.000000,0.000000,0.000000,10.936608,0.000000
1.324800,0.019570,0.017975,0.049799,-0.068917,109.182372,70.683602,0.000000,0.000000,0.000000,10.817628,0.000000
1.325700,0.019542,0.017603,0.049951,-0.069226,109.301352,71.096125,0.000000,0.000000,0.000000,10.698648,0.000000
1.326600,0.019517,0.017231,0.050107,-0.069534,109.420331,71.508874,0.000000,0.000000,0.000000,10.579669,0.000000
1.327500,0.019496,0.016859,0.050266,-0.069843,109.539311,71.921784,0.000000,0.000000,0.000000,10.460689,0.000000
1.328400,0.019478,0.016487,0.050428,-0.070151,109.658291,72.334788,0.000000,0.000000,0.000000,10.341709,0.000000
1.329300,0.019464,0.016115,0.050593,-0.070459,109.777270,72.747817,0.000000,0.000000,0.000000,10.222730,0.000000
1.330200,0.019453,0.015743,0.050762,-0.070766,109.896250,73.160807,0.000000,0.000000,0.000000,10.103750,0.000000
1.331100,0.019445,0.015371,0.050934,-0.071073,110.015229,73.573690,0.000000,0.000000,0.000000,9.984771,0.000000
1.332000,0.019441,0.014999,0.051109,-0.071379,110.134209,73.986400,0.000000,0.000000,0.000000,9.865791,0.000000
1.332900,0.019440,0.014628,0.051287,-0.071684,110.253189,74.398870,0.000000,0.000000,0.000000,9.746811,0.000000
1.333800,0.019442,0.014257,0.051469,-0.071988,110.372168,74.811033,0.000000,0.000000,0.000000,9.627832,0.000000
1.334700,0.019448,0.013887,0.051654,-0.072292,110.491148,75.222823,0.000000,0.000000,0.000000,9.508852,0.000000
1.335600,0.019457,0.013517,0.051842,-0.072595,110.610128,75.634173,0.000000,0.000000,0.000000,9.389872,0.000000
1.336500,0.019469,0.013148,0.052033,-0.072896,110.729107,76.045016,0.000000,0.000000,0.000000,9.270893,0.000000
1.337400,0.019485,0.012780,0.052227,-0.073197,110.848087,76.455288,0.000000,0.000000,0.000000,9.151913,0.000000
1.338300,0.019504,0.012412,0.052424,-0.073496,110.967066,76.864920,0.000000,0.000000,0.000000,9.032934,0.000000
1.339200,0.019526,0.012045,0.052625,-0.073794,111.086046,77.273847,0.000000,0.000000,0.000000,8.913954,0.000000
1.340100,0.019551,0.011680,0.052828,-0.074091,111.205026,77.682004,0.000000,0.000000,0.000000,8.794974,0.000000
1.341000,0.019580,0.011315,0.053035,-0.074387,111.324005,78.089323,0.000000,0.000000,0.000000,8.675995,0.000000
1.341900,0.019611,0.010951,0.053244,-0.074681,111.442985,78.495740,0.000000,0.000000,0.000000,8.557015,0.000000
1.342800,0.019646,0.010589,0.053457,-0.074973,111.561965,78.901188,0.000000,0.000000,0.000000,8.438035,0.000000
1.343700,0.019684,0.010227,0.053672,-0.075264,111.680944,79.305603,0.000000,0.000000,0.000000,8.319056,0.000000
1.344600,0.019725,0.009868,0.053891,-0.075553,111.799924,79.708918,0.000000,0.000000,0.000000,8.200076,0.000000
1.345500,0.019769,0.009509,0.054112,-0.075841,111.918903,80.111069,0.000000,0.000000,0.000000,8.081097,0.000000
1.346400,0.019816,0.009152,0.054336,-0.076126,112.037883,80.511991,0.000000,0.000000,0.000000,7.962117,0.000000
1.347300,0.019866,0.008796,0.054563,-0.076410,112.156863,80.911619,0.000000,0.000000,0.000000,7.843137,0.000000
1.348200,0.019919,0.008442,0.054793,-0.076692,112.275842,81.309888,0.000000,0.000000,0.000000,7.724158,0.000000
1.349100,0.019975,0.008089,0.055026,-0.076972,112.394822,81.706735,0.000000,0.000000,0.000000,7.605178,0.000000
1.350000,0.020033,0.007738,0.055261,-0.077250,112.513802,82.102094,0.000000,0.000000,0.000000,7.486198,0.000000
1.350900,0.020095,0.007389,0.055499,-0.077526,112.632781,82.495903,0.000000,0.000000,0.000000,7.367219,0.000000
1.351800,0.020159,0.007042,0.055739,-0.077799,112.751761,82.888097,0.000000,0.000000,0.000000,7.248239,0.000000
1.352700,0.020226,0.006697,0.055982,-0.078071,112.870741,83.278613,0.000000,0.000000,0.000000,7.129259,0.000000
1.353600,0.020295,0.006353,0.056227,-0.078340,112.989720,83.667389,0.000000,0.000000,0.000000,7.010280,0.000000
1.354500,0.020367,0.006012,0.056475,-0.078606,113.108700,84.054360,0.000000,0.000000,0.000000,6.891300,0.000000
1.355400,0.020442,0.005673,0.056725,-0.078870,113.227679,84.439466,0.000000,0.000000,0.000000,6.772321,0.000000
1.356300,0.020519,0.005335,0.056978,-0.079132,113.346659,84.822644,0.000000,0.000000,0.000000,6.653341,0.000000
1.357200,0.020599,0.005000,0.057233,-0.079391,113.465639,85.203831,0.000000,0.000000,0.000000,6.534361,0.000000
1.358100,0.020681,0.004667,0.057490,-0.079648,113.584618,85.582966,0.000000,0.000000,0.000000,6.415382,0.000000
1.359000,0.020765,0.004336,0.057749,-0.079902,113.703598,85.959989,0.000000,0.000000,0.000000,6.296402,0.000000
1.359900,0.020851,0.004008,0.058011,-0.080154,113.822578,86.334837,0.000000,0.000000,0.000000,6.177422,0.000000
1.360800,0.020940,0.003682,0.058274,-0.080402,113.941557,86.707451,0.000000,0.000000,0.000000,6.058443,0.000000
1.361700,0.021031,0.003359,0.058540,-0.080648,114.060537,87.077771,0.000000,0.000000,0.000000,5.939463,0.000000
1.362600,0.021124,0.003037,0.058807,-0.080891,114.179516,87.445736,0.000000,0.000000,0.000000,5.820484,0.000000
1.363500,0.021219,0.002719,0.059076,-0.081131,114.298496,87.811287,0.000000,0.000000,0.000000,5.701504,0.000000
1.364400,0.021316,0.002403,0.059347,-0.081368,114.417476,88.174365,0.000000,0.000000,0.000000,5.582524,0.000000
1.365300,0.021415,0.002089,0.059620,-0.081603,114.536455,88.534911,0.000000,0.000000,0.000000,5.463545,0.000000
1.366200,0.021516,0.001778,0.059894,-0.081834,114.655435,88.892868,0.000000,0.000000,0.000000,5.344565,0.000000
1.367100,0.021618,0.001470,0.060170,-0.082062,114.774415,89.248177,0.000000,0.000000,0.000000,5.225585,0.000000
1.368000,0.021722,0.001165,0.060448,-0.082288,114.893394,89.600782,0.000000,0.000000,0.000000,5.106606,0.000000
1.368900,0.021828,0.000862,0.060727,-0.082510,115.012374,89.950624,0.000000,0.000000,0.000000,4.987626,0.000000
1.369800,0.021935,0.000562,0.061007,-0.082729,115.131354,90.297648,0.000000,0.000000,0.000000,4.868646,0.000000
1.370700,0.022044,0.000265,0.061289,-0.082945,115.250333,90.641797,0.000000,0.000000,0.000000,4.749667,0.000000
1.371600,0.022155,-0.000029,0.061572,-0.083157,115.369313,90.983017,0.000000,0.000000,0.000000,4.630687,0.000000
1.372500,0.022266,-0.000321,0.061856,-0.083367,115.488292,91.321251,0.000000,0.000000,0.000000,4.511708,0.000000
1.373400,0.022379,-0.000609,0.062142,-0.083573,115.607251,91.656445,0.000000,0.000000,0.000000,4.392749,0.000000
1.374300,0.022493,-0.000894,0.062426,-0.083776,115.725172,91.988546,0.000000,0.000000,0.000000,4.274828,0.000000
1.375200,0.022609,-0.001175,0.062710,-0.083975,115.841489,92.317499,0.000000,0.000000,0.000000,4.158511,0.000000
1.376100,0.022725,-0.001451,0.062991,-0.084171,115.956201,92.643251,0.000000,0.000000,0.000000,4.043799,0.000000
1.377000,0.022841,-0.001724,0.063272,-0.084364,116.069308,92.965750,0.000000,0.000000,0.000000,3.930692,0.000000
1.377900,0.022959,-0.001992,0.063550,-0.084554,116.180812,93.284943,0.000000,0.000000,0.000000,3.819188,0.000000
1.378800,0.023077,-0.002257,0.063826,-0.084740,116.290711,93.600779,0.000000,0.000000,0.000000,3.709289,0.000000
1.379700,0.023196,-0.002517,0.064101,-0.084923,116.399005,93.913208,0.000000,0.000000,0.000000,3.600995,0.000000
1.380600,0.023315,-0.002773,0.064373,-0.085102,116.505695,94.222178,0.000000,0.000000,0.000000,3.494305,0.000000
1.381500,0.023435,-0.003024,0.064644,-0.085279,116.610781,94.527640,0.000000,0.000000,0.000000,3.389219,0.000000
1.382400,0.023554,-0.003272,0.064912,-0.085452,116.714263,94.829544,0.000000,0.000000,0.000000,3.285737,0.000000
1.383300,0.023674,-0.003515,0.065178,-0.085622,116.816140,95.127841,0.000000,0.000000,0.000000,3.183860,0.000000
1.384200,0.023794,-0.003755,0.065442,-0.085788,116.916412,95.422485,0.000000,0.000000,0.000000,3.083588,0.000000
1.385100,0.023914,-0.003990,0.065703,-0.085951,117.015081,95.713425,0.000000,0.000000,0.000000,2.984919,0.000000
1.386000,0.024034,-0.004221,0.065962,-0.086111,117.112145,96.000617,0.000000,0.000000,0.000000,2.887855,0.000000
1.386900,0.024154,-0.004447,0.066218,-0.086268,117.207605,96.284013,0.000000,0.000000,0.000000,2.792395,0.000000
1.387800,0.024274,-0.004670,0.066472,-0.086422,117.301460,96.563568,0.000000,0.000000,0.000000,2.698540,0.000000
1.388700,0.024393,-0.004888,0.066722,-0.086572,117.393711,96.839236,0.000000,0.000000,0.000000,2.606289,0.000000
1.389600,0.024512,-0.005102,0.066970,-0.086719,117.484357,97.110974,0.000000,0.000000,0.000000,2.515643,0.000000
1.390500,0.024630,-0.005312,0.067215,-0.086863,117.573400,97.378736,0.000000,0.000000,0.000000,2.426600,0.000000
1.391400,0.024748,-0.005518,0.067457,-0.087004,117.660837,97.642480,0.000000,0.000000,0.000000,2.339163,0.000000
1.392300,0.024865,-0.005720,0.067696,-0.087141,117.746671,97.902164,0.000000,0.000000,0.000000,2.253329,0.000000
1.393200,0.024981,-0.005918,0.067932,-0.087276,117.830900,98.157745,0.000000,0.000000,0.000000,2.169100,0.000000
1.394100,0.025096,-0.006111,0.068165,-0.087408,117.913525,98.409181,0.000000,0.000000,0.000000,2.086475,0.000000
1.395000,0.025211,-0.006301,0.068394,-0.087536,117.994545,98.656434,0.000000,0.000000,0.000000,2.005455,0.000000
1.395900,0.025324,-0.006486,0.068621,-0.087661,118.073961,98.899462,0.000000,0.000000,0.000000,1.926039,0.000000
1.396800,0.025437,-0.006667,0.068843,-0.087784,118.151773,99.138226,0.000000,0.000000,0.000000,1.848227,0.000000
1.397700,0.025548,-0.006844,0.069062,-0.087903,118.227980,99.372687,0.000000,0.000000,0.000000,1.772020,0.000000
1.398600,0.025658,-0.007017,0.069278,-0.088019,118.302583,99.602809,0.000000,0.000000,0.000000,1.697417,0.000000
1.399500,0.025767,-0.007186,0.069490,-0.088133,118.375581,99.828553,0.000000,0.000000,0.000000,1.624419,0.000000
1.400400,0.025875,-0.007351,0.069698,-0.088243,118.446976,100.049884,0.000000,0.000000,0.000000,1.553024,0.000000
1.401300,0.025981,-0.007512,0.069903,-0.088351,118.516766,100.266764,0.000000,0.000000,0.000000,1.483234,0.000000
1.402200,0.026085,-0.007669,0.070104,-0.088455,118.584951,100.479161,0.000000,0.000000,0.000000,1.415049,0.000000
1.403100,0.026188,-0.007822,0.070301,-0.088557,118.651532,100.687038,0.000000,0.000000,0.000000,1.348468,0.000000
1.404000,0.026290,-0.007971,0.070494,-0.088656,118.716509,100.890363,0.000000,0.000000,0.000000,1.283491,0.000000
1.404900,0.026390,-0.008116,0.070683,-0.088752,118.779881,101.089102,0.000000,0.000000,0.000000,1.220119,0.000000
1.405800,0.026488,-0.008257,0.070868,-0.088845,118.841649,101.283225,0.000000,0.000000,0.000000,1.158351,0.000000
1.406700,0.026584,-0.008394,0.071049,-0.088936,118.901813,101.472698,0.000000,0.000000,0.000000,1.098187,0.000000
1.407600,0.026679,-0.008528,0.071225,-0.089023,118.960372,101.657492,0.000000,0.000000,0.000000,1.039628,0.000000
1.408500,0.026771,-0.008657,0.071398,-0.089108,119.017327,101.837577,0.000000,0.000000,0.000000,0.982673,0.000000
1.409400,0.026862,-0.008782,0.071566,-0.089191,119.072678,102.012924,0.000000,0.000000,0.000000,0.927322,0.000000
1.410300,0.026950,-0.008904,0.071730,-0.089270,119.126424,102.183504,0.000000,0.000000,0.000000,0.873576,0.000000
1.411200,0.027037,-0.009022,0.071890,-0.089347,119.178566,102.349290,0.000000,0.000000,0.000000,0.821434,0.000000
1.412100,0.027121,-0.009136,0.072045,-0.089422,119.229103,102.510254,0.000000,0.000000,0.000000,0.770897,0.000000
1.413000,0.027203,-0.009246,0.072195,-0.089493,119.278036,102.666372,0.000000,0.000000,0.000000,0.721964,0.000000
1.413900,0.027283,-0.009352,0.072342,-0.089563,119.325365,102.817618,0.000000,0.000000,0.000000,0.674635,0.000000
1.414800,0.027361,-0.009455,0.072483,-0.089629,119.371089,102.963968,0.000000,0.000000,0.000000,0.628911,0.000000
1.415700,0.027436,-0.009553,0.072620,-0.089693,119.415209,103.105397,0.000000,0.000000,0.000000,0.584791,0.000000
1.416600,0.027509,-0.009648,0.072753,-0.089755,119.457725,103.241883,0.000000,0.000000,0.000000,0.542275,0.000000
1.417500,0.027580,-0.009740,0.072881,-0.089814,119.498636,103.373404,0.000000,0.000000,0.000000,0.501364,0.000000
1.418400,0.027648,-0.009827,0.073004,-0.089870,119.537943,103.499938,0.000000,0.000000,0.000000,0.462057,0.000000
1.419300,0.027713,-0.009911,0.073122,-0.089924,119.575646,103.621466,0.000000,0.000000,0.000000,0.424354,0.000000
1.420200,0.027777,-0.009991,0.073236,-0.089976,119.611744,103.737967,0.000000,0.000000,0.000000,0.388256,0.000000
1.421100,0.027837,-0.010068,0.073344,-0.090025,119.646238,103.849424,0.000000,0.000000,0.000000,0.353762,0.000000
1.422000,0.027895,-0.010141,0.073448,-0.090072,119.679127,103.955817,0.000000,0.000000,0.000000,0.320873,0.000000
1.422900,0.027951,-0.010210,0.073547,-0.090116,119.710412,104.057129,0.000000,0.000000,0.000000,0.289588,0.000000
1.423800,0.028003,-0.010276,0.073641,-0.090158,119.740093,104.153345,0.000000,0.000000,0.000000,0.259907,0.000000
1.424700,0.028053,-0.010338,0.073731,-0.090197,119.768169,104.244448,0.000000,0.000000,0.000000,0.231831,0.000000
1.425600,0.028101,-0.010396,0.073815,-0.090235,119.794641,104.330425,0.000000,0.000000,0.000000,0.205359,0.000000
1.426500,0.028145,-0.010451,0.073894,-0.090270,119.819509,104.411261,0.000000,0.000000,0.000000,0.180491,0.000000
1.427400,0.028187,-0.010502,0.073968,-0.090302,119.842772,104.486942,0.000000,0.000000,0.000000,0.157228,0.000000
1.428300,0.028226,-0.010550,0.074037,-0.090333,119.864431,104.557458,0.000000,0.000000,0.000000,0.135569,0.000000
1.429200,0.028262,-0.010594,0.074102,-0.090361,119.884486,104.622796,0.000000,0.000000,0.000000,0.115514,0.000000
1.430100,0.028296,-0.010634,0.074161,-0.090386,119.902936,104.682945,0.000000,0.000000,0.000000,0.097064,0.000000
1.431000,0.028326,-0.010671,0.074215,-0.090410,119.919782,104.737897,0.000000,0.000000,0.000000,0.080218,0.000000
1.431900,0.028354,-0.010704,0.074264,-0.090431,119.935023,104.787642,0.000000,0.000000,0.000000,0.064977,0.000000
1.432800,0.028379,-0.010734,0.074308,-0.090450,119.948660,104.832173,0.000000,0.000000,0.000000,0.051340,0.000000
1.433700,0.028401,-0.010761,0.074346,-0.090467,119.960693,104.871481,0.000000,0.000000,0.000000,0.039307,0.000000
1.434600,0.028420,-0.010783,0.074380,-0.090481,119.971121,104.905562,0.000000,0.000000,0.000000,0.028879,0.000000
1.435500,0.028436,-0.010803,0.074408,-0.090493,119.979945,104.934408,0.000000,0.000000,0.000000,0.020055,0.000000
1.436400,0.028449,-0.010819,0.074431,-0.090503,119.987165,104.958016,0.000000,0.000000,0.000000,0.012835,0.000000
1.437300,0.028460,-0.010831,0.074450,-0.090511,119.992780,104.976382,0.000000,0.000000,0.000000,0.007220,0.000000
1.438200,0.028467,-0.010840,0.074462,-0.090516,119.996791,104.989502,0.000000,0.000000,0.000000,0.003209,0.000000
1.439100,0.028471,-0.010845,0.074470,-0.090520,119.999198,104.997375,0.000000,0.000000,0.000000,0.000802,0.000000
1.440000,0.028473,-0.010847,0.074473,-0.090521,120.000000,105.000000,1.000000,0.000000,0.000000,-0.000000,0.000000
1.440900,0.028472,-0.010845,0.074469,-0.090521,119.997900,105.000000,1.000000,0.000000,0.000000,0.002100,0.000000
1.441800,0.028471,-0.010841,0.074459,-0.090523,119.991602,105.000000,1.000000,0.000000,0.000000,0.008398,0.000000
1.442700,0.028468,-0.010835,0.074442,-0.090525,119.981104,105.000000,1.000000,0.000000,0.000000,0.018896,0.000000
1.443600,0.028464,-0.010826,0.074417,-0.090527,119.966407,105.000000,1.000000,0.000000,0.000000,0.033593,0.000000
1.444500,0.028459,-0.010815,0.074386,-0.090531,119.947512,105.000000,1.000000,0.000000,0.000000,0.052488,0.000000
1.445400,0.028453,-0.010801,0.074348,-0.090535,119.924417,105.000000,1.000000,0.000000,0.000000,0.075583,0.000000
1.446300,0.028446,-0.010784,0.074303,-0.090541,119.897123,105.000000,1.000000,0.000000,0.000000,0.102877,0.000000
1.447200,0.028438,-0.010765,0.074251,-0.090547,119.865630,105.000000,1.000000,0.000000,0.000000,0.134370,0.000000
1.448100,0.028429,-0.010743,0.074192,-0.090553,119.829938,105.000000,1.000000,0.000000,0.000000,0.170062,0.000000
1.449000,0.028419,-0.010719,0.074126,-0.090561,119.790046,105.000000,1.000000,0.000000,0.000000,0.209954,0.000000
1.449900,0.028407,-0.010692,0.074054,-0.090569,119.745956,105.000000,1.000000,0.000000,0.000000,0.254044,0.000000
1.450800,0.028395,-0.010662,0.073974,-0.090578,119.697667,105.000000,1.000000,0.000000,0.000000,0.302333,0.000000
1.451700,0.028382,-0.010630,0.073887,-0.090588,119.645179,105.000000,1.000000,0.000000,0.000000,0.354821,0.000000
1.452600,0.028367,-0.010595,0.073794,-0.090598,119.588491,105.000000,1.000000,0.000000,0.000000,0.411509,0.000000
1.453500,0.028352,-0.010558,0.073693,-0.090609,119.527605,105.000000,1.000000,0.000000,0.000000,0.472395,0.000000
1.454400,0.028335,-0.010518,0.073586,-0.090621,119.462519,105.000000,1.000000,0.000000,0.000000,0.537481,0.000000
1.455300,0.028318,-0.010476,0.073471,-0.090633,119.393234,105.000000,1.000000,0.000000,0.000000,0.606766,0.000000
1.456200,0.028299,-0.010431,0.073350,-0.090646,119.319751,105.000000,1.000000,0.000000,0.000000,0.680249,0.000000
1.457100,0.028280,-0.010383,0.073222,-0.090659,119.242068,105.000000,1.000000,0.000000,0.000000,0.757932,0.000000
1.458000,0.028259,-0.010333,0.073086,-0.090673,119.160186,105.000000,1.000000,0.000000,0.000000,0.839814,0.000000
1.458900,0.028237,-0.010280,0.072944,-0.090688,119.074105,105.000000,1.000000,0.000000,0.000000,0.925895,0.000000
1.459800,0.028215,-0.010225,0.072795,-0.090702,118.983825,105.000000,1.000000,0.000000,0.000000,1.016175,0.000000
1.460700,0.028192,-0.010167,0.072639,-0.090718,118.889346,105.000000,1.000000,0.000000,0.000000,1.110654,0.000000
1.461600,0.028167,-0.010106,0.072475,-0.090734,118.790668,105.000000,1.000000,0.000000,0.000000,1.209332,0.000000
1.462500,0.028142,-0.010043,0.072305,-0.090750,118.687791,105.000000,1.000000,0.000000,0.000000,1.312209,0.000000
1.463400,0.028116,-0.009977,0.072128,-0.090766,118.580714,105.000000,1.000000,0.000000,0.000000,1.419286,0.000000
1.464300,0.028089,-0.009908,0.071944,-0.090783,118.469439,105.000000,1.000000,0.000000,0.000000,1.530561,0.000000
1.465200,0.028061,-0.009837,0.071753,-0.090800,118.353965,105.000000,1.000000,0.000000,0.000000,1.646035,0.000000
1.466100,0.028032,-0.009763,0.071555,-0.090817,118.234291,105.000000,1.000000,0.000000,0.000000,1.765709,0.000000
1.467000,0.028002,-0.009687,0.071350,-0.090835,118.110418,105.000000,1.000000,0.000000,0.000000,1.889582,0.000000
1.467900,0.027972,-0.009608,0.071138,-0.090852,117.982347,105.000000,1.000000,0.000000,0.000000,2.017653,0.000000
1.468800,0.027940,-0.009526,0.070919,-0.090870,117.850076,105.000000,1.000000,0.000000,0.000000,2.149924,0.000000
1.469700,0.027908,-0.009441,0.070693,-0.090887,117.713606,105.000000,1.000000,0.000000,0.000000,2.286394,0.000000
1.470600,0.027875,-0.009354,0.070460,-0.090905,117.572938,105.000000,1.000000,0.000000,0.000000,2.427062,0.000000
1.471500,0.027842,-0.009264,0.070220,-0.090923,117.428070,105.000000,1.000000,0.000000,0.000000,2.571930,0.000000
1.472400,0.027807,-0.009172,0.069973,-0.090940,117.279003,105.000000,1.000000,0.000000,0.000000,2.720997,0.000000
1.473300,0.027772,-0.009077,0.069719,-0.090957,117.125737,105.000000,1.000000,0.000000,0.000000,2.874263,0.000000
1.474200,0.027736,-0.008979,0.069458,-0.090974,116.968271,105.000000,1.000000,0.000000,0.000000,3.031729,0.000000
1.475100,0.027700,-0.008878,0.069190,-0.090991,116.806607,105.000000,1.000000,0.000000,0.000000,3.193393,0.000000
1.476000,0.027663,-0.008774,0.068915,-0.091007,116.640744,105.000000,1.000000,0.000000,0.000000,3.359256,0.000000
1.476900,0.027625,-0.008668,0.068633,-0.091023,116.470682,105.000000,1.000000,0.000000,0.000000,3.529318,0.000000
1.477800,0.027587,-0.008559,0.068344,-0.091039,116.296420,105.000000,1.000000,0.000000,0.000000,3.703580,0.000000
1.478700,0.027548,-0.008448,0.068048,-0.091054,116.117960,105.000000,1.000000,0.000000,0.000000,3.882040,0.000000
1.479600,0.027508,-0.008334,0.067745,-0.091068,115.935300,105.000000,1.000000,0.000000,0.000000,4.064700,0.000000
1.480500,0.027468,-0.008216,0.067435,-0.091082,115.748442,105.000000,1.000000,0.000000,0.000000,4.251558,0.000000
1.481400,0.027428,-0.008097,0.067118,-0.091095,115.557438,105.000000,1.000000,0.000000,0.000000,4.442562,0.000000
1.482300,0.027387,-0.007976,0.066799,-0.091107,115.364952,105.000000,1.000000,0.000000,0.000000,4.635048,0.000000
1.483200,0.027347,-0.007855,0.066479,-0.091117,115.172467,105.000000,1.000000,0.000000,0.000000,4.827533,0.000000
1.484100,0.027308,-0.007733,0.066159,-0.091127,114.979982,105.000000,1.000000,0.000000,0.000000,5.020018,0.000000
1.485000,0.027268,-0.007612,0.065840,-0.091136,114.787496,105.000000,1.000000,0.000000,0.000000,5.212504,0.000000
1.485900,0.027230,-0.007491,0.065520,-0.091144,114.595011,105.000000,1.000000,0.000000,0.000000,5.404989,0.000000
1.486800,0.027191,-0.007369,0.065201,-0.091150,114.402525,105.000000,1.000000,0.000000,0.000000,5.597475,0.000000
1.487700,0.027153,-0.007247,0.064881,-0.091156,114.210040,105.000000,1.000000,0.000000,0.000000,5.789960,0.000000
1.488600,0.027116,-0.007125,0.064561,-0.091160,114.017555,105.000000,1.000000,0.000000,0.000000,5.982445,0.000000
1.489500,0.027079,-0.007004,0.064242,-0.091164,113.825069,105.000000,1.000000,0.000000,0.000000,6.174931,0.000000
1.490400,0.027042,-0.006881,0.063922,-0.091166,113.632584,105.000000,1.000000,0.000000,0.000000,6.367416,0.000000
1.491300,0.027005,-0.006759,0.063602,-0.091167,113.440099,105.000000,1.000000,0.000000,0.000000,6.559901,0.000000
1.492200,0.026969,-0.006637,0.063282,-0.091167,113.247613,105.000000,1.000000,0.000000,0.000000,6.752387,0.000000
1.493100,0.026934,-0.006514,0.062963,-0.091166,113.055128,105.000000,1.000000,0.000000,0.000000,6.944872,0.000000
1.494000,0.026899,-0.006392,0.062643,-0.091164,112.862642,105.000000,1.000000,0.000000,0.000000,7.137358,0.000000
1.494900,0.026864,-0.006269,0.062323,-0.091161,112.670157,105.000000,1.000000,0.000000,0.000000,7.329843,0.000000
1.495800,0.026830,-0.006146,0.062004,-0.091157,112.477672,105.000000,1.000000,0.000000,0.000000,7.522328,0.000000
1.496700,0.026796,-0.006024,0.061684,-0.091152,112.285186,105.000000,1.000000,0.000000,0.000000,7.714814,0.000000
1.497600,0.026762,-0.005900,0.061364,-0.091146,112.092701,105.000000,1.000000,0.000000,0.000000,7.907299,0.000000
1.498500,0.026729,-0.005777,0.061045,-0.091138,111.900216,105.000000,1.000000,0.000000,0.000000,8.099784,0.000000
1.499400,0.026697,-0.005654,0.060725,-0.091130,111.707730,105.000000,1.000000,0.000000,0.000000,8.292270,0.000000
1.500300,0.026665,-0.005531,0.060405,-0.091120,111.515245,105.000000,1.000000,0.000000,0.000000,8.484755,0.000000
1.501200,0.026633,-0.005407,0.060086,-0.091110,111.322759,105.000000,1.000000,0.000000,0.000000,8.677241,0.000000
1.502100,0.026601,-0.005284,0.059766,-0.091098,111.130274,105.000000,1.000000,0.000000,0.000000,8.869726,0.000000
1.503000,0.026570,-0.005160,0.059447,-0.091085,110.937789,105.000000,1.000000,0.000000,0.000000,9.062211,0.000000
1.503900,0.026540,-0.005036,0.059128,-0.091071,110.745303,105.000000,1.000000,0.000000,0.000000,9.254697,0.000000
1.504800,0.026510,-0.004912,0.058808,-0.091056,110.552818,105.000000,1.000000,0.000000,0.000000,9.447182,0.000000
1.505700,0.026480,-0.004788,0.058489,-0.091040,110.360333,105.000000,1.000000,0.000000,0.000000,9.639667,0.000000
1.506600,0.026451,-0.004664,0.058170,-0.091023,110.167847,105.000000,1.000000,0.000000,0.000000,9.832153,0.000000
1.507500,0.026422,-0.004540,0.057850,-0.091005,109.975362,105.000000,1.000000,0.000000,0.000000,10.024638,0.000000
1.508400,0.026393,-0.004416,0.057531,-0.090986,109.782877,105.000000,1.000000,0.000000,0.000000,10.217123,0.000000
1.509300,0.026365,-0.004291,0.057212,-0.090966,109.590391,105.000000,1.000000,0.000000,0.000000,10.409609,0.000000
1.510200,0.026338,-0.004167,0.056893,-0.090945,109.397906,105.000000,1.000000,0.000000,0.000000,10.602094,0.000000
1.511100,0.026310,-0.004042,0.056574,-0.090922,109.205420,105.000000,1.000000,0.000000,0.000000,10.794580,0.000000
1.512000,0.026283,-0.003918,0.056255,-0.090899,109.012935,105.000000,1.000000,0.000000,0.000000,10.987065,0.000000
1.512900,0.026257,-0.003793,0.055937,-0.090874,108.820450,105.000000,1.000000,0.000000,0.000000,11.179550,0.000000
1.513800,0.026231,-0.003668,0.055618,-0.090849,108.627964,105.000000,1.000000,0.000000,0.000000,11.372036,0.000000
1.514700,0.026206,-0.003543,0.055299,-0.090822,108.435479,105.000000,1.000000,0.000000,0.000000,11.564521,0.000000
1.515600,0.026180,-0.003418,0.054981,-0.090794,108.242994,105.000000,1.000000,0.000000,0.000000,11.757006,0.000000
1.516500,0.026156,-0.003293,0.054662,-0.090765,108.050508,105.000000,1.000000,0.000000,0.000000,11.949492,0.000000
1.517400,0.026131,-0.003168,0.054344,-0.090735,107.858023,105.000000,1.000000,0.000000,0.000000,12.141977,0.000000
1.518300,0.026108,-0.003043,0.054026,-0.090704,107.665537,105.000000,1.000000,0.000000,0.000000,12.334463,0.000000
1.519200,0.026084,-0.002917,0.053708,-0.090672,107.473052,105.000000,1.000000,0.000000,0.000000,12.526948,0.000000
1.520100,0.026061,-0.002792,0.053390,-0.090639,107.280567,105.000000,1.000000,0.000000,0.000000,12.719433,0.000000
1.521000,0.026038,-0.002667,0.053072,-0.090605,107.088081,105.000000,1.000000,0.000000,0.000000,12.911919,0.000000
1.521900,0.026016,-0.002541,0.052754,-0.090570,106.895596,105.000000,1.000000,0.000000,0.000000,13.104404,0.000000
1.522800,0.025995,-0.002415,0.052436,-0.090534,106.703111,105.000000,1.000000,0.000000,0.000000,13.296889,0.000000
1.523700,0.025973,-0.002290,0.052119,-0.090496,106.510625,105.000000,1.000000,0.000000,0.000000,13.489375,0.000000
1.524600,0.025952,-0.002164,0.051802,-0.090458,106.318140,105.000000,1.000000,0.000000,0.000000,13.681860,0.000000
1.525500,0.025932,-0.002038,0.051484,-0.090418,106.125654,105.000000,1.000000,0.000000,0.000000,13.874346,0.000000
1.526400,0.025912,-0.001912,0.051167,-0.090378,105.933169,105.000000,1.000000,0.000000,0.000000,14.066831,0.000000
1.527300,0.025892,-0.001786,0.050850,-0.090336,105.740684,105.000000,1.000000,0.000000,0.000000,14.259316,0.000000
1.528200,0.025873,-0.001660,0.050533,-0.090293,105.548198,105.000000,1.000000,0.000000,0.000000,14.451802,0.000000
1.529100,0.025854,-0.001534,0.050217,-0.090250,105.355713,105.000000,1.000000,0.000000,0.000000,14.644287,0.000000
1.530000,0.025836,-0.001408,0.049900,-0.090205,105.163228,105.000000,1.000000,0.000000,0.000000,14.836772,0.000000
1.530900,0.025818,-0.001282,0.049584,-0.090159,104.970742,105.000000,1.000000,0.000000,0.000000,15.029258,0.000000
1.531800,0.025800,-0.001155,0.049267,-0.090112,104.778257,105.000000,1.000000,0.000000,0.000000,15.221743,0.000000
1.532700,0.025783,-0.001029,0.048951,-0.090064,104.585771,105.000000,1.000000,0.000000,0.000000,15.414229,0.000000
1.533600,0.025766,-0.000903,0.048635,-0.090015,104.393286,105.000000,1.000000,0.000000,0.000000,15.606714,0.000000
1.534500,0.025750,-0.000776,0.048320,-0.089965,104.200801,105.000000,1.000000,0.000000,0.000000,15.799199,0.000000
1.535400,0.025734,-0.000650,0.048004,-0.089914,104.008315,105.000000,1.000000,0.000000,0.000000,15.991685,0.000000
1.536300,0.025719,-0.000523,0.047689,-0.089861,103.815830,105.000000,1.000000,0.000000,0.000000,16.184170,0.000000
1.537200,0.025704,-0.000397,0.047373,-0.089808,103.623345,105.000000,1.000000,0.000000,0.000000,16.376655,0.000000
1.538100,0.025689,-0.000270,0.047058,-0.089754,103.430859,105.000000,1.000000,0.000000,0.000000,16.569141,0.000000
1.539000,0.025675,-0.000143,0.046743,-0.089698,103.238374,105.000000,1.000000,0.000000,0.000000,16.761626,0.000000
1.539900,0.025661,-0.000016,0.046429,-0.089642,103.045889,105.000000,1.000000,0.000000,0.000000,16.954111,0.000000
1.540800,0.025648,0.000110,0.046114,-0.089584,102.853403,105.000000,1.000000,0.000000,0.000000,17.146597,0.000000
1.541700,0.025635,0.000237,0.045800,-0.089526,102.660918,105.000000,1.000000,0.000000,0.000000,17.339082,0.000000
1.542600,0.025623,0.000364,0.045486,-0.089466,102.468432,105.000000,1.000000,0.000000,0.000000,17.531568,0.000000
1.543500,0.025611,0.000491,0.045172,-0.089405,102.275947,105.000000,1.000000,0.000000,0.000000,17.724053,0.000000
1.544400,0.025599,0.000618,0.044858,-0.089344,102.083462,105.000000,1.000000,0.000000,0.000000,17.916538,0.000000
1.545300,0.025588,0.000745,0.044545,-0.089281,101.890976,105.000000,1.000000,0.000000,0.000000,18.109024,0.000000
1.546200,0.025577,0.000872,0.044232,-0.089217,101.698491,105.000000,1.000000,0.000000,0.000000,18.301509,0.000000
1.547100,0.025567,0.000999,0.043918,-0.089152,101.506006,105.000000,1.000000,0.000000,0.000000,18.493994,0.000000
1.548000,0.025557,0.001126,0.043606,-0.089086,101.313520,105.000000,1.000000,0.000000,0.000000,18.686480,0.000000
1.548900,0.025548,0.001253,0.043293,-0.089019,101.121035,105.000000,1.000000,0.000000,0.000000,18.878965,0.000000
1.549800,0.025539,0.001381,0.042981,-0.088951,100.928549,105.000000,1.000000,0.000000,0.000000,19.071451,0.000000
1.550700,0.025530,0.001508,0.042668,-0.088882,100.736064,105.000000,1.000000,0.000000,0.000000,19.263936,0.000000
1.551600,0.025522,0.001635,0.042357,-0.088812,100.543579,105.000000,1.000000,0.000000,0.000000,19.456421,0.000000
1.552500,0.025514,0.001762,0.042045,-0.088740,100.351093,105.000000,1.000000,0.000000,0.000000,19.648907,0.000000
1.553400,0.025507,0.001890,0.041733,-0.088668,100.158608,105.000000,1.000000,0.000000,0.000000,19.841392,0.000000
1.554300,0.025500,0.002017,0.041422,-0.088595,99.966123,105.000000,1.000000,0.000000,0.000000,20.033877,0.000000
1.555200,0.025494,0.002144,0.041111,-0.088520,99.773637,105.000000,1.000000,0.000000,0.000000,20.226363,0.000000
1.556100,0.025488,0.002272,0.040801,-0.088445,99.581152,105.000000,1.000000,0.000000,0.000000,20.418848,0.000000
1.557000,0.025482,0.002399,0.040490,-0.088369,99.388666,105.000000,1.000000,0.000000,0.000000,20.611334,0.000000
1.557900,0.025477,0.002526,0.040180,-0.088291,99.196181,105.000000,1.000000,0.000000,0.000000,20.803819,0.000000
1.558800,0.025472,0.002654,0.039870,-0.088213,99.003696,105.000000,1.000000,0.000000,0.000000,20.996304,0.000000
1.559700,0.025468,0.002781,0.039560,-0.088133,98.811210,105.000000,1.000000,0.000000,0.000000,21.188790,0.000000
1.560600,0.025464,0.002909,0.039251,-0.088052,98.618725,105.000000,1.000000,0.000000,0.000000,21.381275,0.000000
1.561500,0.025461,0.003036,0.038942,-0.087971,98.426240,105.000000,1.000000,0.000000,0.000000,21.573760,0.000000
1.562400,0.025458,0.003164,0.038633,-0.087888,98.233754,105.000000,1.000000,0.000000,0.000000,21.766246,0.000000
1.563300,0.025455,0.003291,0.038325,-0.087804,98.041269,105.000000,1.000000,0.000000,0.000000,21.958731,0.000000
1.564200,0.025453,0.003419,0.038016,-0.087720,97.848783,105.000000,1.000000,0.000000,0.000000,22.151217,0.000000
1.565100,0.025451,0.003546,0.037708,-0.087634,97.656298,105.000000,1.000000,0.000000,0.000000,22.343702,0.000000
1.566000,0.025450,0.003674,0.037401,-0.087547,97.463813,105.000000,1.000000,0.000000,0.000000,22.536187,0.000000
1.566900,0.025449,0.003801,0.037093,-0.087459,97.271327,105.000000,1.000000,0.000000,0.000000,22.728673,0.000000
1.567800,0.025448,0.003929,0.036786,-0.087370,97.078842,105.000000,1.000000,0.000000,0.000000,22.921158,0.000000
1.568700,0.025448,0.004056,0.036479,-0.087280,96.886357,105.000000,1.000000,0.000000,0.000000,23.113643,0.000000
1.569600,0.025449,0.004184,0.036173,-0.087189,96.693871,105.000000,1.000000,0.000000,0.000000,23.306129,0.000000
1.570500,0.025450,0.004311,0.035867,-0.087097,96.501386,105.000000,1.000000,0.000000,0.000000,23.498614,0.000000
1.571400,0.025451,0.004439,0.035561,-0.087004,96.308901,105.000000,1.000000,0.000000,0.000000,23.691099,0.000000
1.572300,0.025453,0.004566,0.035255,-0.086910,96.116415,105.000000,1.000000,0.000000,0.000000,23.883585,0.000000
1.573200,0.025455,0.004694,0.034950,-0.086815,95.923930,105.000000,1.000000,0.000000,0.000000,24.076070,0.000000
1.574100,0.025457,0.004821,0.034645,-0.086719,95.731444,105.000000,1.000000,0.000000,0.000000,24.268556,0.000000
1.575000,0.025460,0.004948,0.034340,-0.086622,95.538959,105.000000,1.000000,0.000000,0.000000,24.461041,0.000000
1.575900,0.025464,0.005076,0.034036,-0.086524,95.346474,105.000000,1.000000,0.000000,0.000000,24.653526,0.000000
1.576800,0.025467,0.005203,0.033732,-0.086425,95.153988,105.000000,1.000000,0.000000,0.000000,24.846012,0.000000
1.577700,0.025472,0.005331,0.033428,-0.086325,94.961503,105.000000,1.000000,0.000000,0.000000,25.038497,0.000000
1.578600,0.025476,0.005458,0.033125,-0.086223,94.769018,105.000000,1.000000,0.000000,0.000000,25.230982,0.000000
1.579500,0.025481,0.005586,0.032822,-0.086121,94.576532,105.000000,1.000000,0.000000,0.000000,25.423468,0.000000
1.580400,0.025487,0.005713,0.032520,-0.086018,94.384047,105.000000,1.000000,0.000000,0.000000,25.615953,0.000000
1.581300,0.025493,0.005840,0.032217,-0.085914,94.191561,105.000000,1.000000,0.000000,0.000000,25.808439,0.000000
1.582200,0.025499,0.005968,0.031916,-0.085808,93.999076,105.000000,1.000000,0.000000,0.000000,26.000924,0.000000
1.583100,0.025506,0.006095,0.031614,-0.085702,93.806591,105.000000,1.000000,0.000000,0.000000,26.193409,0.000000
1.584000,0.025513,0.006222,0.031313,-0.085595,93.614105,105.000000,1.000000,0.000000,0.000000,26.385895,0.000000
1.584900,0.025521,0.006350,0.031012,-0.085486,93.421620,105.000000,1.000000,0.000000,0.000000,26.578380,0.000000
1.585800,0.025529,0.006477,0.030712,-0.085377,93.229135,105.000000,1.000000,0.000000,0.000000,26.770865,0.000000
1.586700,0.025538,0.006604,0.030411,-0.085267,93.036649,105.000000,1.000000,0.000000,0.000000,26.963351,0.000000
1.587600,0.025547,0.006731,0.030112,-0.085156,92.844164,105.000000,1.000000,0.000000,0.000000,27.155836,0.000000
1.588500,0.025556,0.006858,0.029812,-0.085043,92.651678,105.000000,1.000000,0.000000,0.000000,27.348322,0.000000
1.589400,0.025566,0.006985,0.029513,-0.084930,92.459193,105.000000,1.000000,0.000000,0.000000,27.540807,0.000000
1.590300,0.025576,0.007113,0.029215,-0.084815,92.266708,105.000000,1.000000,0.000000,0.000000,27.733292,0.000000
1.591200,0.025587,0.007240,0.028917,-0.084700,92.074222,105.000000,1.000000,0.000000,0.000000,27.925778,0.000000
1.592100,0.025598,0.007367,0.028619,-0.084584,91.881737,105.000000,1.000000,0.000000,0.000000,28.118263,0.000000
1.593000,0.025609,0.007494,0.028322,-0.084466,91.689252,105.000000,1.000000,0.000000,0.000000,28.310748,0.000000
1.593900,0.025621,0.007620,0.028025,-0.084348,91.496766,105.000000,1.000000,0.000000,0.000000,28.503234,0.000000
1.594800,0.025634,0.007747,0.027728,-0.084229,91.304281,105.000000,1.000000,0.000000,0.000000,28.695719,0.000000
1.595700,0.025647,0.007874,0.027432,-0.084108,91.111796,105.000000,1.000000,0.000000,0.000000,28.888204,0.000000
1.596600,0.025660,0.008001,0.027136,-0.083987,90.919310,105.000000,1.000000,0.000000,0.000000,29.080690,0.000000
1.597500,0.025673,0.008128,0.026841,-0.083865,90.726825,105.000000,1.000000,0.000000,0.000000,29.273175,0.000000
1.598400,0.025688,0.008255,0.026546,-0.083741,90.534339,105.000000,1.000000,0.000000,0.000000,29.465661,0.000000
1.599300,0.025702,0.008381,0.026251,-0.083617,90.341854,105.000000,1.000000,0.000000,0.000000,29.658146,0.000000
1.600200,0.025717,0.008508,0.025957,-0.083492,90.149369,105.000000,1.000000,0.000000,0.000000,29.850631,0.000000
1.601100,0.025732,0.008634,0.025663,-0.083366,89.956883,105.000000,1.000000,0.000000,0.000000,30.043117,0.000000
1.602000,0.025748,0.008761,0.025370,-0.083238,89.764398,105.000000,1.000000,0.000000,0.000000,30.235602,0.000000
1.602900,0.025764,0.008887,0.025077,-0.083110,89.571913,105.000000,1.000000,0.000000,0.000000,30.428087,0.000000
1.603800,0.025781,0.009014,0.024785,-0.082981,89.379427,105.000000,1.000000,0.000000,0.000000,30.620573,0.000000
1.604700,0.025798,0.009140,0.024493,-0.082851,89.186942,105.000000,1.000000,0.000000,0.000000,30.813058,0.000000
1.605600,0.025816,0.009266,0.024201,-0.082719,88.994456,105.000000,1.000000,0.000000,0.000000,31.005544,0.000000
1.606500,0.025833,0.009393,0.023910,-0.082587,88.801971,105.000000,1.000000,0.000000,0.000000,31.198029,0.000000
1.607400,0.025852,0.009519,0.023619,-0.082454,88.609486,105.000000,1.000000,0.000000,0.000000,31.390514,0.000000
1.608300,0.025871,0.009645,0.023329,-0.082320,88.417000,105.000000,1.000000,0.000000,0.000000,31.583000,0.000000
1.609200,0.025890,0.009771,0.023039,-0.082185,88.224515,105.000000,1.000000,0.000000,0.000000,31.775485,0.000000
1.610100,0.025909,0.009897,0.022750,-0.082049,88.032030,105.000000,1.000000,0.000000,0.000000,31.967970,0.000000
1.611000,0.025929,0.010023,0.022461,-0.081912,87.839544,105.000000,1.000000,0.000000,0.000000,32.160456,0.000000
1.611900,0.025950,0.010149,0.022173,-0.081774,87.647059,105.000000,1.000000,0.000000,0.000000,32.352941,0.000000
1.612800,0.025971,0.010275,0.021885,-0.081635,87.454573,105.000000,1.000000,0.000000,0.000000,32.545427,0.000000
1.613700,0.025992,0.010400,0.021597,-0.081495,87.262088,105.000000,1.000000,0.000000,0.000000,32.737912,0.000000
1.614600,0.026014,0.010526,0.021310,-0.081354,87.069603,105.000000,1.000000,0.000000,0.000000,32.930397,0.000000
1.615500,0.026036,0.010651,0.021024,-0.081212,86.877117,105.000000,1.000000,0.000000,0.000000,33.122883,0.000000
1.616400,0.026058,0.010777,0.020738,-0.081069,86.684632,105.000000,1.000000,0.000000,0.000000,33.315368,0.000000
1.617300,0.026081,0.010902,0.020452,-0.080925,86.492147,105.000000,1.000000,0.000000,0.000000,33.507853,0.000000
1.618200,0.026105,0.011028,0.020167,-0.080781,86.299661,105.000000,1.000000,0.000000,0.000000,33.700339,0.000000
1.619100,0.026129,0.011153,0.019883,-0.080635,86.107176,105.000000,1.000000,0.000000,0.000000,33.892824,0.000000
1.620000,0.026153,0.011278,0.019599,-0.080488,85.914690,105.000000,1.000000,0.000000,0.000000,34.085310,0.000000
1.620900,0.026177,0.011403,0.019315,-0.080341,85.722205,105.000000,1.000000,0.000000,0.000000,34.277795,0.000000
1.621800,0.026202,0.011528,0.019032,-0.080192,85.529720,105.000000,1.000000,0.000000,0.000000,34.470280,0.000000
1.622700,0.026228,0.011653,0.018749,-0.080042,85.337234,105.000000,1.000000,0.000000,0.000000,34.662766,0.000000
1.623600,0.026254,0.011778,0.018467,-0.079892,85.144749,105.000000,1.000000,0.000000,0.000000,34.855251,0.000000
1.624500,0.026280,0.011903,0.018186,-0.079740,84.952264,105.000000,1.000000,0.000000,0.000000,35.047736,0.000000
1.625400,0.026307,0.012027,0.017905,-0.079588,84.759778,105.000000,1.000000,0.000000,0.000000,35.240222,0.000000
1.626300,0.026334,0.012152,0.017624,-0.079435,84.567293,105.000000,1.000000,0.000000,0.000000,35.432707,0.000000
1.627200,0.026362,0.012276,0.017344,-0.079281,84.374808,105.000000,1.000000,0.000000,0.000000,35.625192,0.000000
1.628100,0.026390,0.012401,0.017064,-0.079125,84.182322,105.000000,1.000000,0.000000,0.000000,35.817678,0.000000
1.629000,0.026418,0.012525,0.016785,-0.078969,83.989837,105.000000,1.000000,0.000000,0.000000,36.010163,0.000000
1.629900,0.026447,0.012649,0.016507,-0.078812,83.797351,105.000000,1.000000,0.000000,0.000000,36.202649,0.000000
1.630800,0.026476,0.012773,0.016229,-0.078654,83.604866,105.000000,1.000000,0.000000,0.000000,36.395134,0.000000
1.631700,0.026506,0.012897,0.015952,-0.078495,83.412381,105.000000,1.000000,0.000000,0.000000,36.587619,0.000000
1.632600,0.026536,0.013021,0.015675,-0.078335,83.219895,105.000000,1.000000,0.000000,0.000000,36.780105,0.000000
1.633500,0.026567,0.013145,0.015398,-0.078175,83.027410,105.000000,1.000000,0.000000,0.000000,36.972590,0.000000
1.634400,0.026598,0.013269,0.015123,-0.078013,82.834925,105.000000,1.000000,0.000000,0.000000,37.165075,0.000000
1.635300,0.026629,0.013392,0.014847,-0.077850,82.642439,105.000000,1.000000,0.000000,0.000000,37.357561,0.000000
1.636200,0.026661,0.013516,0.014573,-0.077687,82.449954,105.000000,1.000000,0.000000,0.000000,37.550046,0.000000
1.637100,0.026693,0.013639,0.014298,-0.077522,82.257468,105.000000,1.000000,0.000000,0.000000,37.742532,0.000000
1.638000,0.026725,0.013762,0.014025,-0.077357,82.064983,105.000000,1.000000,0.000000,0.000000,37.935017,0.000000
1.638900,0.026758,0.013886,0.013752,-0.077190,81.872498,105.000000,1.000000,0.000000,0.000000,38.127502,0.000000
1.639800,0.026792,0.014009,0.013479,-0.077023,81.680012,105.000000,1.000000,0.000000,0.000000,38.319988,0.000000
1.640700,0.026826,0.014132,0.013207,-0.076855,81.487527,105.000000,1.000000,0.000000,0.000000,38.512473,0.000000
1.641600,0.026860,0.014254,0.012936,-0.076686,81.295042,105.000000,1.000000,0.000000,0.000000,38.704958,0.000000
1.642500,0.026895,0.014377,0.012665,-0.076516,81.102556,105.000000,1.000000,0.000000,0.000000,38.897444,0.000000
1.643400,0.026930,0.014500,0.012395,-0.076345,80.910071,105.000000,1.000000,0.000000,0.000000,39.089929,0.000000
1.644300,0.026965,0.014622,0.012125,-0.076173,80.717585,105.000000,1.000000,0.000000,0.000000,39.282415,0.000000
1.645200,0.027001,0.014744,0.011856,-0.076000,80.525100,105.000000,1.000000,0.000000,0.000000,39.474900,0.000000
1.646100,0.027037,0.014867,0.011588,-0.075827,80.332615,105.000000,1.000000,0.000000,0.000000,39.667385,0.000000
1.647000,0.027074,0.014989,0.011320,-0.075652,80.140129,105.000000,1.000000,0.000000,0.000000,39.859871,0.000000
1.647900,0.027111,0.015111,0.011053,-0.075477,79.947644,105.000000,1.000000,0.000000,0.000000,40.052356,0.000000
1.648800,0.027149,0.015233,0.010786,-0.075301,79.755159,105.000000,1.000000,0.000000,0.000000,40.244841,0.000000
1.649700,0.027187,0.015354,0.010520,-0.075123,79.562673,105.000000,1.000000,0.000000,0.000000,40.437327,0.000000
1.650600,0.027225,0.015476,0.010254,-0.074945,79.370188,105.000000,1.000000,0.000000,0.000000,40.629812,0.000000
1.651500,0.027264,0.015597,0.009990,-0.074766,79.177702,105.000000,1.000000,0.000000,0.000000,40.822298,0.000000
1.652400,0.027303,0.015719,0.009725,-0.074586,78.985217,105.000000,1.000000,0.000000,0.000000,41.014783,0.000000
1.653300,0.027342,0.015840,0.009461,-0.074406,78.792732,105.000000,1.000000,0.000000,0.000000,41.207268,0.000000
1.654200,0.027382,0.015961,0.009198,-0.074224,78.600246,105.000000,1.000000,0.000000,0.000000,41.399754,0.000000
1.655100,0.027423,0.016082,0.008936,-0.074041,78.407761,105.000000,1.000000,0.000000,0.000000,41.592239,0.000000
1.656000,0.027464,0.016203,0.008674,-0.073858,78.215276,105.000000,1.000000,0.000000,0.000000,41.784724,0.000000
1.656900,0.027505,0.016323,0.008413,-0.073674,78.022790,105.000000,1.000000,0.000000,0.000000,41.977210,0.000000
1.657800,0.027546,0.016444,0.008152,-0.073489,77.830305,105.000000,1.000000,0.000000,0.000000,42.169695,0.000000
1.658700,0.027588,0.016564,0.007892,-0.073303,77.637820,105.000000,1.000000,0.000000,0.000000,42.362180,0.000000
1.659600,0.027631,0.016685,0.007633,-0.073116,77.445334,105.000000,1.000000,0.000000,0.000000,42.554666,0.000000
1.660500,0.027674,0.016805,0.007374,-0.072928,77.252849,105.000000,1.000000,0.000000,0.000000,42.747151,0.000000
1.661400,0.027717,0.016925,0.007116,-0.072739,77.060363,105.000000,1.000000,0.000000,0.000000,42.939637,0.000000
1.662300,0.027761,0.017044,0.006858,-0.072550,76.867878,105.000000,1.000000,0.000000,0.000000,43.132122,0.000000
1.663200,0.027805,0.017164,0.006602,-0.072359,76.675393,105.000000,1.000000,0.000000,0.000000,43.324607,0.000000
1.664100,0.027849,0.017284,0.006345,-0.072168,76.482907,105.000000,1.000000,0.000000,0.000000,43.517093,0.000000
1.665000,0.027894,0.017403,0.006090,-0.071976,76.290422,105.000000,1.000000,0.000000,0.000000,43.709578,0.000000
1.665900,0.027939,0.017522,0.005835,-0.071783,76.097937,105.000000,1.000000,0.000000,0.000000,43.902063,0.000000
1.666800,0.027985,0.017641,0.005581,-0.071589,75.905451,105.000000,1.000000,0.000000,0.000000,44.094549,0.000000
1.667700,0.028031,0.017760,0.005327,-0.071395,75.712966,105.000000,1.000000,0.000000,0.000000,44.287034,0.000000
1.668600,0.028077,0.017879,0.005074,-0.071199,75.520480,105.000000,1.000000,0.000000,0.000000,44.479520,0.000000
1.669500,0.028124,0.017997,0.004822,-0.071003,75.327995,105.000000,1.000000,0.000000,0.000000,44.672005,0.000000
1.670400,0.028171,0.018116,0.004570,-0.070805,75.135510,105.000000,1.000000,0.000000,0.000000,44.864490,0.000000
1.671300,0.028219,0.018234,0.004319,-0.070607,74.943024,105.000000,1.000000,0.000000,0.000000,45.056976,0.000000
1.672200,0.028267,0.018352,0.004069,-0.070408,74.750539,105.000000,1.000000,0.000000,0.000000,45.249461,0.000000
1.673100,0.028315,0.018470,0.003819,-0.070209,74.558054,105.000000,1.000000,0.000000,0.000000,45.441946,0.000000
1.674000,0.028364,0.018588,0.003570,-0.070008,74.365689,105.000000,1.000000,0.000000,0.000000,45.634311,0.000000
1.674900,0.028412,0.018704,0.003326,-0.069810,74.176311,105.000000,1.000000,0.000000,0.000000,45.823689,0.000000
1.675800,0.028460,0.018817,0.003088,-0.069616,73.991132,105.000000,1.000000,0.000000,0.000000,46.008868,0.000000
1.676700,0.028507,0.018927,0.002856,-0.069425,73.810152,105.000000,1.000000,0.000000,0.000000,46.189848,0.000000
1.677600,0.028553,0.019034,0.002629,-0.069238,73.633371,105.000000,1.000000,0.000000,0.000000,46.366629,0.000000
1.678500,0.028599,0.019139,0.002409,-0.069054,73.460790,105.000000,1.000000,0.000000,0.000000,46.539210,0.000000
1.679400,0.028643,0.019242,0.002195,-0.068875,73.292407,105.000000,1.000000,0.000000,0.000000,46.707593,0.000000
1.680300,0.028687,0.019341,0.001986,-0.068699,73.128223,105.000000,1.000000,0.000000,0.000000,46.871777,0.000000
1.681200,0.028730,0.019438,0.001783,-0.068527,72.968239,105.000000,1.000000,0.000000,0.000000,47.031761,0.000000
1.682100,0.028772,0.019532,0.001586,-0.068359,72.812453,105.000000,1.000000,0.000000,0.000000,47.187547,0.000000
1.683000,0.028813,0.019624,0.001395,-0.068196,72.660867,105.000000,1.000000,0.000000,0.000000,47.339133,0.000000
1.683900,0.028854,0.019713,0.001210,-0.068036,72.513479,105.000000,1.000000,0.000000,0.000000,47.486521,0.000000
1.684800,0.028893,0.019799,0.001030,-0.067880,72.370291,105.000000,1.000000,0.000000,0.000000,47.629709,0.000000
1.685700,0.028932,0.019883,0.000855,-0.067729,72.231302,105.000000,1.000000,0.000000,0.000000,47.768698,0.000000
1.686600,0.028969,0.019964,0.000687,-0.067581,72.096512,105.000000,1.000000,0.000000,0.000000,47.903488,0.000000
1.687500,0.029006,0.020042,0.000524,-0.067438,71.965921,105.000000,1.000000,0.000000,0.000000,48.034079,0.000000
1.688400,0.029041,0.020118,0.000366,-0.067299,71.839529,105.000000,1.000000,0.000000,0.000000,48.160471,0.000000
1.689300,0.029075,0.020191,0.000215,-0.067165,71.717336,105.000000,1.000000,0.000000,0.000000,48.282664,0.000000
1.690200,0.029109,0.020262,0.000068,-0.067034,71.599342,105.000000,1.000000,0.000000,0.000000,48.400658,0.000000
1.691100,0.029141,0.020330,-0.000073,-0.066909,71.485547,105.000000,1.000000,0.000000,0.000000,48.514453,0.000000
1.692000,0.029173,0.020395,-0.000208,-0.066787,71.375951,105.000000,1.000000,0.000000,0.000000,48.624049,0.000000
1.692900,0.029203,0.020458,-0.000338,-0.066670,71.270555,105.000000,1.000000,0.000000,0.000000,48.729445,0.000000
1.693800,0.029232,0.020519,-0.000463,-0.066557,71.169357,105.000000,1.000000,0.000000,0.000000,48.830643,0.000000
1.694700,0.029260,0.020577,-0.000582,-0.066449,71.072359,105.000000,1.000000,0.000000,0.000000,48.927641,0.000000
1.695600,0.029287,0.020632,-0.000697,-0.066345,70.979559,105.000000,1.000000,0.000000,0.000000,49.020441,0.000000
1.696500,0.029313,0.020685,-0.000805,-0.066246,70.890959,105.000000,1.000000,0.000000,0.000000,49.109041,0.000000
1.697400,0.029337,0.020735,-0.000909,-0.066151,70.806557,105.000000,1.000000,0.000000,0.000000,49.193443,0.000000
1.698300,0.029361,0.020782,-0.001007,-0.066061,70.726355,105.000000,1.000000,0.000000,0.000000,49.273645,0.000000
1.699200,0.029383,0.020828,-0.001100,-0.065976,70.650352,105.000000,1.000000,0.000000,0.000000,49.349648,0.000000
1.700100,0.029404,0.020870,-0.001187,-0.065895,70.578548,105.000000,1.000000,0.000000,0.000000,49.421452,0.000000
1.701000,0.029424,0.020910,-0.001270,-0.065819,70.510943,105.000000,1.000000,0.000000,0.000000,49.489057,0.000000
1.701900,0.029443,0.020948,-0.001347,-0.065747,70.447537,105.000000,1.000000,0.000000,0.000000,49.552463,0.000000
1.702800,0.029460,0.020983,-0.001419,-0.065680,70.388330,105.000000,1.000000,0.000000,0.000000,49.611670,0.000000
1.703700,0.029477,0.021015,-0.001486,-0.065618,70.333322,105.000000,1.000000,0.000000,0.000000,49.666678,0.000000
1.704600,0.029492,0.021046,-0.001548,-0.065560,70.282513,105.000000,1.000000,0.000000,0.000000,49.717487,0.000000
1.705500,0.029506,0.021073,-0.001604,-0.065507,70.235904,105.000000,1.000000,0.000000,0.000000,49.764096,0.000000
1.706400,0.029518,0.021098,-0.001656,-0.065459,70.193493,105.000000,1.000000,0.000000,0.000000,49.806507,0.000000
1.707300,0.029530,0.021121,-0.001702,-0.065416,70.155282,105.000000,1.000000,0.000000,0.000000,49.844718,0.000000
1.708200,0.029540,0.021141,-0.001743,-0.065377,70.121269,105.000000,1.000000,0.000000,0.000000,49.878731,0.000000
1.709100,0.029549,0.021159,-0.001779,-0.065343,70.091456,105.000000,1.000000,0.000000,0.000000,49.908544,0.000000
1.710000,0.029556,0.021174,-0.001810,-0.065314,70.065841,105.000000,1.000000,0.000000,0.000000,49.934159,0.000000
1.710900,0.029563,0.021186,-0.001836,-0.065290,70.044426,105.000000,1.000000,0.000000,0.000000,49.955574,0.000000
1.711800,0.029568,0.021196,-0.001857,-0.065270,70.027210,105.000000,1.000000,0.000000,0.000000,49.972790,0.000000
1.712700,0.029572,0.021204,-0.001873,-0.065255,70.014193,105.000000,1.000000,0.000000,0.000000,49.985807,0.000000
1.713600,0.029574,0.021209,-0.001883,-0.065245,70.005375,105.000000,1.000000,0.000000,0.000000,49.994625,0.000000
1.714500,0.029576,0.021212,-0.001889,-0.065240,70.000756,105.000000,1.000000,0.000000,0.000000,49.999244,0.000000
1.715400,0.029576,0.021213,-0.001890,-0.065239,70.000128,104.999580,0.000000,0.000000,0.000000,49.999872,0.000000
1.716300,0.029576,0.021215,-0.001888,-0.065237,70.001572,104.994856,0.000000,0.000000,0.000000,49.998428,0.000000
1.717200,0.029576,0.021220,-0.001883,-0.065234,70.004621,104.984884,0.000000,0.000000,0.000000,49.995379,0.000000
1.718100,0.029575,0.021228,-0.001877,-0.065229,70.009273,104.969665,0.000000,0.000000,0.000000,49.990727,0.000000
1.719000,0.029574,0.021238,-0.001868,-0.065222,70.015530,104.949202,0.000000,0.000000,0.000000,49.984470,0.000000
1.719900,0.029574,0.021251,-0.001857,-0.065214,70.023392,104.923498,0.000000,0.000000,0.000000,49.976608,0.000000
1.720800,0.029573,0.021266,-0.001844,-0.065204,70.032857,104.892557,0.000000,0.000000,0.000000,49.967143,0.000000
1.721700,0.029571,0.021284,-0.001828,-0.065192,70.043927,104.856385,0.000000,0.000000,0.000000,49.956073,0.000000
1.722600,0.029570,0.021305,-0.001810,-0.065178,70.056602,104.814987,0.000000,0.000000,0.000000,49.943398,0.000000
1.723500,0.029569,0.021328,-0.001790,-0.065163,70.070881,104.768370,0.000000,0.000000,0.000000,49.929119,0.000000
1.724400,0.029567,0.021354,-0.001768,-0.065146,70.086764,104.716541,0.000000,0.000000,0.000000,49.913236,0.000000
1.725300,0.029565,0.021382,-0.001743,-0.065127,70.104252,104.659509,0.000000,0.000000,0.000000,49.895748,0.000000
1.726200,0.029563,0.021413,-0.001716,-0.065107,70.123344,104.597282,0.000000,0.000000,0.000000,49.876656,0.000000
1.727100,0.029561,0.021446,-0.001687,-0.065084,70.144040,104.529872,0.000000,0.000000,0.000000,49.855960,0.000000
1.728000,0.029559,0.021482,-0.001656,-0.065060,70.166340,104.457289,0.000000,0.000000,0.000000,49.833660,0.000000
1.728900,0.029557,0.021521,-0.001622,-0.065035,70.190245,104.379544,0.000000,0.000000,0.000000,49.809755,0.000000
1.729800,0.029554,0.021562,-0.001586,-0.065008,70.215755,104.296651,0.000000,0.000000,0.000000,49.784245,0.000000
1.730700,0.029552,0.021606,-0.001547,-0.064979,70.242869,104.208622,0.000000,0.000000,0.000000,49.757131,0.000000
1.731600,0.029549,0.021652,-0.001507,-0.064948,70.271587,104.115471,0.000000,0.000000,0.000000,49.728413,0.000000
1.732500,0.029546,0.021700,-0.001463,-0.064916,70.301909,104.017215,0.000000,0.000000,0.000000,49.698091,0.000000
1.733400,0.029544,0.021751,-0.001418,-0.064882,70.333836,103.913868,0.000000,0.000000,0.000000,49.666164,0.000000
1.734300,0.029541,0.021805,-0.001370,-0.064847,70.367367,103.805448,0.000000,0.000000,0.000000,49.632633,0.000000
1.735200,0.029538,0.021861,-0.001320,-0.064810,70.402503,103.691971,0.000000,0.000000,0.000000,49.597497,0.000000
1.736100,0.029534,0.021920,-0.001268,-0.064771,70.439243,103.573457,0.000000,0.000000,0.000000,49.560757,0.000000
1.737000,0.029531,0.021981,-0.001213,-0.064730,70.477587,103.449924,0.000000,0.000000,0.000000,49.522413,0.000000
1.737900,0.029528,0.022044,-0.001156,-0.064688,70.517536,103.321392,0.000000,0.000000,0.000000,49.482464,0.000000
1.738800,0.029525,0.022110,-0.001096,-0.064645,70.559089,103.187883,0.000000,0.000000,0.000000,49.440911,0.000000
1.739700,0.029521,0.022178,-0.001034,-0.064600,70.602246,103.049417,0.000000,0.000000,0.000000,49.397754,0.000000
1.740600,0.029518,0.022248,-0.000970,-0.064553,70.647008,102.906017,0.000000,0.000000,0.000000,49.352992,0.000000
1.741500,0.029515,0.022321,-0.000903,-0.064505,70.693374,102.757706,0.000000,0.000000,0.000000,49.306626,0.000000
1.742400,0.029511,0.022397,-0.000833,-0.064455,70.741344,102.604509,0.000000,0.000000,0.000000,49.258656,0.000000
1.743300,0.029508,0.022474,-0.000762,-0.064404,70.790919,102.446449,0.000000,0.000000,0.000000,49.209081,0.000000
1.744200,0.029505,0.022554,-0.000687,-0.064351,70.842099,102.283552,0.000000,0.000000,0.000000,49.157901,0.000000
1.745100,0.029501,0.022636,-0.000611,-0.064297,70.894882,102.115845,0.000000,0.000000,0.000000,49.105118,0.000000
1.746000,0.029498,0.022720,-0.000531,-0.064241,70.949270,101.943355,0.000000,0.000000,0.000000,49.050730,0.000000
1.746900,0.029495,0.022807,-0.000450,-0.064184,71.005262,101.766110,0.000000,0.000000,0.000000,48.994738,0.000000
1.747800,0.029491,0.022896,-0.000366,-0.064125,71.062859,101.584138,0.000000,0.000000,0.000000,48.937141,0.000000
1.748700,0.029488,0.022987,-0.000279,-0.064065,71.122060,101.397469,0.000000,0.000000,0.000000,48.877940,0.000000
1.749600,0.029485,0.023080,-0.000189,-0.064003,71.182865,101.206132,0.000000,0.000000,0.000000,48.817135,0.000000
1.750500,0.029482,0.023175,-0.000098,-0.063940,71.245275,101.010159,0.000000,0.000000,0.000000,48.754725,0.000000
1.751400,0.029479,0.023272,-0.000003,-0.063876,71.309289,100.809581,0.000000,0.000000,0.000000,48.690711,0.000000
1.752300,0.029476,0.023372,0.000094,-0.063810,71.374908,100.604431,0.000000,0.000000,0.000000,48.625092,0.000000
1.753200,0.029474,0.023473,0.000193,-0.063743,71.442131,100.394742,0.000000,0.000000,0.000000,48.557869,0.000000
1.754100,0.029471,0.023577,0.000296,-0.063674,71.510958,100.180548,0.000000,0.000000,0.000000,48.489042,0.000000
1.755000,0.029469,0.023682,0.000401,-0.063605,71.581389,99.961883,0.000000,0.000000,0.000000,48.418611,0.000000
1.755900,0.029466,0.023790,0.000508,-0.063534,71.653425,99.738783,0.000000,0.000000,0.000000,48.346575,0.000000
1.756800,0.029464,0.023899,0.000618,-0.063461,71.727066,99.511284,0.000000,0.000000,0.000000,48.272934,0.000000
1.757700,0.029462,0.024011,0.000731,-0.063388,71.802310,99.279421,0.000000,0.000000,0.000000,48.197690,0.000000
1.758600,0.029460,0.024124,0.000846,-0.063313,71.879159,99.043234,0.000000,0.000000,0.000000,48.120841,0.000000
1.759500,0.029459,0.024239,0.000965,-0.063237,71.957613,98.802760,0.000000,0.000000,0.000000,48.042387,0.000000
1.760400,0.029458,0.024356,0.001085,-0.063160,72.037671,98.558038,0.000000,0.000000,0.000000,47.962329,0.000000
1.761300,0.029456,0.024475,0.001209,-0.063081,72.119333,98.309107,0.000000,0.000000,0.000000,47.880667,0.000000
1.762200,0.029455,0.024595,0.001335,-0.063002,72.202599,98.056007,0.000000,0.000000,0.000000,47.797401,0.000000
1.763100,0.029455,0.024718,0.001464,-0.062921,72.287470,97.798780,0.000000,0.000000,0.000000,47.712530,0.000000
1.764000,0.029454,0.024842,0.001596,-0.062839,72.373945,97.537467,0.000000,0.000000,0.000000,47.626055,0.000000
1.764900,0.029454,0.024967,0.001731,-0.062756,72.462025,97.272111,0.000000,0.000000,0.000000,47.537975,0.000000
1.765800,0.029454,0.025094,0.001868,-0.062673,72.551709,97.002753,0.000000,0.000000,0.000000,47.448291,0.000000
1.766700,0.029454,0.025223,0.002008,-0.062588,72.642997,96.729438,0.000000,0.000000,0.000000,47.357003,0.000000
1.767600,0.029455,0.025354,0.002151,-0.062502,72.735890,96.452210,0.000000,0.000000,0.000000,47.264110,0.000000
1.768500,0.029456,0.025485,0.002297,-0.062415,72.830387,96.171113,0.000000,0.000000,0.000000,47.169613,0.000000
1.769400,0.029457,0.025619,0.002446,-0.062327,72.926488,95.886193,0.000000,0.000000,0.000000,47.073512,0.000000
1.770300,0.029458,0.025754,0.002597,-0.062238,73.024194,95.597496,0.000000,0.000000,0.000000,46.975806,0.000000
1.771200,0.029460,0.025890,0.002752,-0.062148,73.123504,95.305069,0.000000,0.000000,0.000000,46.876496,0.000000
1.772100,0.029462,0.026028,0.002909,-0.062057,73.224419,95.008958,0.000000,0.000000,0.000000,46.775581,0.000000
1.773000,0.029465,0.026166,0.003069,-0.061966,73.326937,94.709212,0.000000,0.000000,0.000000,46.673063,0.000000
1.773900,0.029467,0.026307,0.003232,-0.061873,73.431061,94.405879,0.000000,0.000000,0.000000,46.568939,0.000000
1.774800,0.029471,0.026448,0.003398,-0.061780,73.536788,94.099008,0.000000,0.000000,0.000000,46.463212,0.000000
1.775700,0.029474,0.026591,0.003567,-0.061686,73.644120,93.788649,0.000000,0.000000,0.000000,46.355880,0.000000
1.776600,0.029478,0.026735,0.003738,-0.061591,73.753057,93.474851,0.000000,0.000000,0.000000,46.246943,0.000000
1.777500,0.029482,0.026880,0.003913,-0.061496,73.863597,93.157666,0.000000,0.000000,0.000000,46.136403,0.000000
1.778400,0.029486,0.027026,0.004090,-0.061399,73.975742,92.837144,0.000000,0.000000,0.000000,46.024258,0.000000
1.779300,0.029491,0.027173,0.004271,-0.061302,74.089492,92.513337,0.000000,0.000000,0.000000,45.910508,0.000000
1.780200,0.029496,0.027321,0.004454,-0.061205,74.204845,92.186299,0.000000,0.000000,0.000000,45.795155,0.000000
1.781100,0.029502,0.027471,0.004640,-0.061107,74.321804,91.856080,0.000000,0.000000,0.000000,45.678196,0.000000
1.782000,0.029508,0.027621,0.004829,-0.061008,74.440320,91.522736,0.000000,0.000000,0.000000,45.559680,0.000000
1.782900,0.029514,0.027772,0.005020,-0.060907,74.559299,91.186319,0.000000,0.000000,0.000000,45.440701,0.000000
1.783800,0.029522,0.027926,0.005212,-0.060804,74.678279,90.846884,0.000000,0.000000,0.000000,45.321721,0.000000
1.784700,0.029531,0.028081,0.005405,-0.060699,74.797259,90.504486,0.000000,0.000000,0.000000,45.202741,0.000000
1.785600,0.029541,0.028238,0.005600,-0.060592,74.916238,90.159180,0.000000,0.000000,0.000000,45.083762,0.000000
1.786500,0.029552,0.028396,0.005795,-0.060483,75.035218,89.811022,0.000000,0.000000,0.000000,44.964782,0.000000
1.787400,0.029564,0.028557,0.005992,-0.060372,75.154198,89.460068,0.000000,0.000000,0.000000,44.845802,0.000000
1.788300,0.029577,0.028718,0.006190,-0.060259,75.273177,89.106375,0.000000,0.000000,0.000000,44.726823,0.000000
1.789200,0.029592,0.028882,0.006389,-0.060144,75.392157,88.750000,0.000000,0.000000,0.000000,44.607843,0.000000
1.790100,0.029607,0.029046,0.006589,-0.060028,75.511136,88.391000,0.000000,0.000000,0.000000,44.488864,0.000000
1.791000,0.029624,0.029213,0.006791,-0.059909,75.630116,88.029434,0.000000,0.000000,0.000000,44.369884,0.000000
1.791900,0.029641,0.029380,0.006994,-0.059789,75.749096,87.665360,0.000000,0.000000,0.000000,44.250904,0.000000
1.792800,0.029660,0.029549,0.007198,-0.059667,75.868075,87.298836,0.000000,0.000000,0.000000,44.131925,0.000000
1.793700,0.029680,0.029719,0.007403,-0.059543,75.987055,86.929922,0.000000,0.000000,0.000000,44.012945,0.000000
1.794600,0.029701,0.029890,0.007610,-0.059418,76.106035,86.558678,0.000000,0.000000,0.000000,43.893965,0.000000
1.795500,0.029724,0.030063,0.007818,-0.059291,76.225014,86.185162,0.000000,0.000000,0.000000,43.774986,0.000000
1.796400,0.029747,0.030237,0.008027,-0.059162,76.343994,85.809437,0.000000,0.000000,0.000000,43.656006,0.000000
1.797300,0.029772,0.030412,0.008237,-0.059033,76.462974,85.431562,0.000000,0.000000,0.000000,43.537026,0.000000
1.798200,0.029798,0.030587,0.008449,-0.058901,76.581953,85.051599,0.000000,0.000000,0.000000,43.418047,0.000000
1.799100,0.029825,0.030764,0.008662,-0.058769,76.700933,84.669608,0.000000,0.000000,0.000000,43.299067,0.000000
1.800000,0.029853,0.030942,0.008876,-0.058635,76.819912,84.285652,0.000000,0.000000,0.000000,43.180088,0.000000
1.800900,0.029883,0.031121,0.009092,-0.058499,76.938892,83.899792,0.000000,0.000000,0.000000,43.061108,0.000000
1.801800,0.029913,0.031300,0.009308,-0.058363,77.057872,83.512091,0.000000,0.000000,0.000000,42.942128,0.000000
1.802700,0.029945,0.031480,0.009527,-0.058225,77.176851,83.122612,0.000000,0.000000,0.000000,42.823149,0.000000
1.803600,0.029978,0.031661,0.009746,-0.058086,77.295831,82.731417,0.000000,0.000000,0.000000,42.704169,0.000000
1.804500,0.030013,0.031843,0.009967,-0.057946,77.414811,82.338569,0.000000,0.000000,0.000000,42.585189,0.000000
1.805400,0.030048,0.032026,0.010189,-0.057805,77.533790,81.944133,0.000000,0.000000,0.000000,42.466210,0.000000
1.806300,0.030085,0.032209,0.010412,-0.057663,77.652770,81.548171,0.000000,0.000000,0.000000,42.347230,0.000000
1.807200,0.030123,0.032392,0.010637,-0.057521,77.771749,81.150748,0.000000,0.000000,0.000000,42.228251,0.000000
1.808100,0.030162,0.032576,0.010862,-0.057377,77.890729,80.751927,0.000000,0.000000,0.000000,42.109271,0.000000
1.809000,0.030202,0.032761,0.011090,-0.057232,78.009709,80.351774,0.000000,0.000000,0.000000,41.990291,0.000000
1.809900,0.030244,0.032945,0.011318,-0.057087,78.128688,79.950353,0.000000,0.000000,0.000000,41.871312,0.000000
1.810800,0.030286,0.033131,0.011548,-0.056941,78.247668,79.547728,0.000000,0.000000,0.000000,41.752332,0.000000
1.811700,0.030330,0.033316,0.011779,-0.056794,78.366648,79.143965,0.000000,0.000000,0.000000,41.633352,0.000000
1.812600,0.030375,0.033502,0.012011,-0.056647,78.485627,78.739129,0.000000,0.000000,0.000000,41.514373,0.000000
1.813500,0.030421,0.033688,0.012244,-0.056499,78.604607,78.333286,0.000000,0.000000,0.000000,41.395393,0.000000
1.814400,0.030469,0.033874,0.012479,-0.056350,78.723587,77.926500,0.000000,0.000000,0.000000,41.276413,0.000000
1.815300,0.030517,0.034060,0.012714,-0.056201,78.842566,77.518838,0.000000,0.000000,0.000000,41.157434,0.000000
1.816200,0.030566,0.034246,0.012951,-0.056052,78.961546,77.110365,0.000000,0.000000,0.000000,41.038454,0.000000
1.817100,0.030617,0.034432,0.013190,-0.055902,79.080525,76.701148,0.000000,0.000000,0.000000,40.919475,0.000000
1.818000,0.030669,0.034618,0.013429,-0.055752,79.199505,76.291252,0.000000,0.000000,0.000000,40.800495,0.000000
1.818900,0.030722,0.034804,0.013669,-0.055601,79.318485,75.880744,0.000000,0.000000,0.000000,40.681515,0.000000
1.819800,0.030775,0.034990,0.013911,-0.055451,79.437464,75.469690,0.000000,0.000000,0.000000,40.562536,0.000000
1.820700,0.030830,0.035176,0.014154,-0.055300,79.556444,75.058156,0.000000,0.000000,0.000000,40.443556,0.000000
1.821600,0.030886,0.035361,0.014398,-0.055149,79.675424,74.646209,0.000000,0.000000,0.000000,40.324576,0.000000
1.822500,0.030943,0.035547,0.014643,-0.054998,79.794403,74.233915,0.000000,0.000000,0.000000,40.205597,0.000000
1.823400,0.031001,0.035731,0.014888,-0.054847,79.913383,73.821341,0.000000,0.000000,0.000000,40.086617,0.000000
1.824300,0.031060,0.035916,0.015136,-0.054696,80.032362,73.408554,0.000000,0.000000,0.000000,39.967638,0.000000
1.825200,0.031120,0.036100,0.015384,-0.054544,80.151342,72.995620,0.000000,0.000000,0.000000,39.848658,0.000000
1.826100,0.031181,0.036283,0.015633,-0.054393,80.270322,72.582607,0.000000,0.000000,0.000000,39.729678,0.000000
1.827000,0.031242,0.036466,0.015883,-0.054242,80.389301,72.169579,0.000000,0.000000,0.000000,39.610699,0.000000
1.827900,0.031305,0.036649,0.016134,-0.054092,80.508281,71.756605,0.000000,0.000000,0.000000,39.491719,0.000000
1.828800,0.031368,0.036831,0.016386,-0.053941,80.627261,71.343752,0.000000,0.000000,0.000000,39.372739,0.000000
1.829700,0.031433,0.037012,0.016638,-0.053791,80.746240,70.931085,0.000000,0.000000,0.000000,39.253760,0.000000
1.830600,0.031498,0.037192,0.016892,-0.053641,80.865220,70.518671,0.000000,0.000000,0.000000,39.134780,0.000000
1.831500,0.031564,0.037372,0.017146,-0.053491,80.984200,70.106577,0.000000,0.000000,0.000000,39.015800,0.000000
1.832400,0.031630,0.037551,0.017402,-0.053342,81.103179,69.694870,0.000000,0.000000,0.000000,38.896821,0.000000
1.833300,0.031697,0.037729,0.017658,-0.053194,81.222159,69.283616,0.000000,0.000000,0.000000,38.777841,0.000000
1.834200,0.031766,0.037906,0.017915,-0.053045,81.341138,68.872882,0.000000,0.000000,0.000000,38.658862,0.000000
1.835100,0.031834,0.038082,0.018172,-0.052897,81.460118,68.462733,0.000000,0.000000,0.000000,38.539882,0.000000
1.836000,0.031904,0.038258,0.018431,-0.052750,81.579098,68.053236,0.000000,0.000000,0.000000,38.420902,0.000000
1.836900,0.031974,0.038432,0.018690,-0.052604,81.698077,67.644458,0.000000,0.000000,0.000000,38.301923,0.000000
1.837800,0.032044,0.038606,0.018949,-0.052458,81.817057,67.236463,0.000000,0.000000,0.000000,38.182943,0.000000
1.838700,0.032115,0.038778,0.019209,-0.052312,81.936037,66.829319,0.000000,0.000000,0.000000,38.063963,0.000000
1.839600,0.032187,0.038949,0.019470,-0.052168,82.055016,66.423091,0.000000,0.000000,0.000000,37.944984,0.000000
1.840500,0.032259,0.039119,0.019732,-0.052024,82.173996,66.017844,0.000000,0.000000,0.000000,37.826004,0.000000
1.841400,0.032331,0.039288,0.019993,-0.051881,82.292975,65.613644,0.000000,0.000000,0.000000,37.707025,0.000000
1.842300,0.032404,0.039456,0.020256,-0.051739,82.411955,65.210556,0.000000,0.000000,0.000000,37.588045,0.000000
1.843200,0.032477,0.039622,0.020518,-0.051597,82.530935,64.808646,0.000000,0.000000,0.000000,37.469065,0.000000
1.844100,0.032551,0.039787,0.020781,-0.051457,82.649914,64.407978,0.000000,0.000000,0.000000,37.350086,0.000000
1.845000,0.032625,0.039951,0.021045,-0.051317,82.768894,64.008616,0.000000,0.000000,0.000000,37.231106,0.000000
1.845900,0.032699,0.040113,0.021308,-0.051179,82.887874,63.610627,0.000000,0.000000,0.000000,37.112126,0.000000
1.846800,0.032773,0.040274,0.021572,-0.051041,83.006853,63.214073,0.000000,0.000000,0.000000,36.993147,0.000000
1.847700,0.032848,0.040434,0.021837,-0.050905,83.125833,62.819018,0.000000,0.000000,0.000000,36.874167,0.000000
1.848600,0.032923,0.040592,0.022101,-0.050769,83.244812,62.425527,0.000000,0.000000,0.000000,36.755188,0.000000
1.849500,0.032997,0.040749,0.022365,-0.050635,83.363792,62.033664,0.000000,0.000000,0.000000,36.636208,0.000000
1.850400,0.033072,0.040904,0.022630,-0.050501,83.482772,61.643491,0.000000,0.000000,0.000000,36.517228,0.000000
1.851300,0.033147,0.041058,0.022895,-0.050369,83.601751,61.255071,0.000000,0.000000,0.000000,36.398249,0.000000
1.852200,0.033222,0.041210,0.023160,-0.050238,83.720731,60.868467,0.000000,0.000000,0.000000,36.279269,0.000000
1.853100,0.033297,0.041360,0.023424,-0.050108,83.839711,60.483742,0.000000,0.000000,0.000000,36.160289,0.000000
1.854000,0.033372,0.041509,0.023689,-0.049980,83.958690,60.100958,0.000000,0.000000,0.000000,36.041310,0.000000
1.854900,0.033446,0.041656,0.023954,-0.049853,84.077670,59.720176,0.000000,0.000000,0.000000,35.922330,0.000000
1.855800,0.033521,0.041802,0.024218,-0.049727,84.196650,59.341458,0.000000,0.000000,0.000000,35.803350,0.000000
1.856700,0.033595,0.041946,0.024482,-0.049602,84.315629,58.964866,0.000000,0.000000,0.000000,35.684371,0.000000
1.857600,0.033669,0.042088,0.024746,-0.049478,84.434609,58.590459,0.000000,0.000000,0.000000,35.565391,0.000000
1.858500,0.033742,0.042228,0.025010,-0.049356,84.553588,58.218299,0.000000,0.000000,0.000000,35.446412,0.000000
1.859400,0.033815,0.042367,0.025273,-0.049236,84.672568,57.848446,0.000000,0.000000,0.000000,35.327432,0.000000
1.860300,0.033888,0.042504,0.025536,-0.049116,84.791548,57.480959,0.000000,0.000000,0.000000,35.208452,0.000000
1.861200,0.033961,0.042639,0.025799,-0.048999,84.910527,57.115898,0.000000,0.000000,0.000000,35.089473,0.000000
1.862100,0.034032,0.042772,0.026061,-0.048882,85.029507,56.753321,0.000000,0.000000,0.000000,34.970493,0.000000
1.863000,0.034104,0.042903,0.026323,-0.048767,85.148487,56.393288,0.000000,0.000000,0.000000,34.851513,0.000000
1.863900,0.034175,0.043033,0.026584,-0.048654,85.267466,56.035856,0.000000,0.000000,0.000000,34.732534,0.000000
1.864800,0.034245,0.043160,0.026845,-0.048542,85.386446,55.681083,0.000000,0.000000,0.000000,34.613554,0.000000
1.865700,0.034314,0.043286,0.027105,-0.048431,85.505425,55.329027,0.000000,0.000000,0.000000,34.494575,0.000000
1.866600,0.034383,0.043409,0.027364,-0.048322,85.624405,54.979744,0.000000,0.000000,0.000000,34.375595,0.000000
1.867500,0.034451,0.043531,0.027623,-0.048215,85.743385,54.633290,0.000000,0.000000,0.000000,34.256615,0.000000
1.868400,0.034518,0.043651,0.027880,-0.048109,85.862364,54.289723,0.000000,0.000000,0.000000,34.137636,0.000000
1.869300,0.034585,0.043769,0.028137,-0.048005,85.981344,53.949096,0.000000,0.000000,0.000000,34.018656,0.000000
1.870200,0.034650,0.043885,0.028394,-0.047902,86.100324,53.611465,0.000000,0.000000,0.000000,33.899676,0.000000
1.871100,0.034715,0.043998,0.028649,-0.047801,86.219303,53.276885,0.000000,0.000000,0.000000,33.780697,0.000000
1.872000,0.034779,0.044110,0.028903,-0.047702,86.338283,52.945410,0.000000,0.000000,0.000000,33.661717,0.000000
1.872900,0.034842,0.044220,0.029157,-0.047604,86.457263,52.617093,0.000000,0.000000,0.000000,33.542737,0.000000
1.873800,0.034903,0.044328,0.029409,-0.047508,86.576242,52.291988,0.000000,0.000000,0.000000,33.423758,0.000000
1.874700,0.034964,0.044433,0.029660,-0.047414,86.695222,51.970146,0.000000,0.000000,0.000000,33.304778,0.000000
1.875600,0.035023,0.044537,0.029910,-0.047321,86.814201,51.651620,0.000000,0.000000,0.000000,33.185799,0.000000
1.876500,0.035081,0.044638,0.030159,-0.047230,86.933181,51.336461,0.000000,0.000000,0.000000,33.066819,0.000000
1.877400,0.035138,0.044738,0.030407,-0.047141,87.052161,51.024720,0.000000,0.000000,0.000000,32.947839,0.000000
1.878300,0.035194,0.044835,0.030654,-0.047053,87.171140,50.716447,0.000000,0.000000,0.000000,32.828860,0.000000
1.879200,0.035249,0.044930,0.030899,-0.046967,87.290120,50.411693,0.000000,0.000000,0.000000,32.709880,0.000000
1.880100,0.035302,0.045023,0.031143,-0.046883,87.409100,50.110507,0.000000,0.000000,0.000000,32.590900,0.000000
1.881000,0.035353,0.045114,0.031385,-0.046800,87.528079,49.812936,0.000000,0.000000,0.000000,32.471921,0.000000
1.881900,0.035404,0.045203,0.031627,-0.046720,87.647059,49.519030,0.000000,0.000000,0.000000,32.352941,0.000000
1.882800,0.035453,0.045289,0.031866,-0.046641,87.766038,49.228835,0.000000,0.000000,0.000000,32.233962,0.000000
1.883700,0.035500,0.045374,0.032105,-0.046564,87.885018,48.942399,0.000000,0.000000,0.000000,32.114982,0.000000
1.884600,0.035546,0.045456,0.032341,-0.046488,88.003998,48.659767,0.000000,0.000000,0.000000,31.996002,0.000000
1.885500,0.035590,0.045536,0.032577,-0.046415,88.122977,48.380986,0.000000,0.000000,0.000000,31.877023,0.000000
1.886400,0.035633,0.045614,0.032810,-0.046343,88.241957,48.106100,0.000000,0.000000,0.000000,31.758043,0.000000
1.887300,0.035674,0.045689,0.033042,-0.046273,88.360937,47.835155,0.000000,0.000000,0.000000,31.639063,0.000000
1.888200,0.035713,0.045763,0.033272,-0.046205,88.479916,47.568192,0.000000,0.000000,0.000000,31.520084,0.000000
1.889100,0.035751,0.045834,0.033501,-0.046138,88.598896,47.305257,0.000000,0.000000,0.000000,31.401104,0.000000
1.890000,0.035786,0.045903,0.033728,-0.046074,88.717875,47.046391,0.000000,0.000000,0.000000,31.282125,0.000000
1.890900,0.035820,0.045970,0.033953,-0.046011,88.836855,46.791635,0.000000,0.000000,0.000000,31.163145,0.000000
1.891800,0.035853,0.046035,0.034176,-0.045950,88.955835,46.541032,0.000000,0.000000,0.000000,31.044165,0.000000
1.892700,0.035883,0.046097,0.034397,-0.045891,89.074814,46.294621,0.000000,0.000000,0.000000,30.925186,0.000000
1.893600,0.035911,0.046157,0.034617,-0.045834,89.193794,46.052443,0.000000,0.000000,0.000000,30.806206,0.000000
1.894500,0.035938,0.046215,0.034834,-0.045779,89.312774,45.814537,0.000000,0.000000,0.000000,30.687226,0.000000
1.895400,0.035963,0.046270,0.035050,-0.045725,89.431753,45.580940,0.000000,0.000000,0.000000,30.568247,0.000000
1.896300,0.035985,0.046324,0.035264,-0.045674,89.550733,45.351691,0.000000,0.000000,0.000000,30.449267,0.000000
1.897200,0.036006,0.046375,0.035475,-0.045624,89.669713,45.126827,0.000000,0.000000,0.000000,30.330287,0.000000
1.898100,0.036024,0.046423,0.035685,-0.045576,89.788692,44.906383,0.000000,0.000000,0.000000,30.211308,0.000000
1.899000,0.036041,0.046470,0.035892,-0.045530,89.907672,44.690397,0.000000,0.000000,0.000000,30.092328,0.000000
1.899900,0.036055,0.046514,0.036098,-0.045486,90.026651,44.478901,0.000000,0.000000,0.000000,29.973349,0.000000
1.900800,0.036067,0.046556,0.036301,-0.045444,90.145631,44.271932,0.000000,0.000000,0.000000,29.854369,0.000000
1.901700,0.036077,0.046596,0.036502,-0.045403,90.264611,44.069521,0.000000,0.000000,0.000000,29.735389,0.000000
1.902600,0.036085,0.046633,0.036701,-0.045365,90.383590,43.871703,0.000000,0.000000,0.000000,29.616410,0.000000
1.903500,0.036091,0.046668,0.036898,-0.045329,90.502570,43.678508,0.000000,0.000000,0.000000,29.497430,0.000000
1.904400,0.036094,0.046701,0.037092,-0.045294,90.621550,43.489968,0.000000,0.000000,0.000000,29.378450,0.000000
1.905300,0.036096,0.046731,0.037285,-0.045261,90.740529,43.306113,0.000000,0.000000,0.000000,29.259471,0.000000
1.906200,0.036094,0.046759,0.037474,-0.045231,90.859509,43.126974,0.000000,0.000000,0.000000,29.140491,0.000000
1.907100,0.036091,0.046785,0.037662,-0.045202,90.978488,42.952578,0.000000,0.000000,0.000000,29.021512,0.000000
1.908000,0.036085,0.046808,0.037847,-0.045175,91.097468,42.782955,0.000000,0.000000,0.000000,28.902532,0.000000
1.908900,0.036077,0.046829,0.038030,-0.045150,91.216448,42.618131,0.000000,0.000000,0.000000,28.783552,0.000000
1.909800,0.036067,0.046848,0.038211,-0.045127,91.335427,42.458133,0.000000,0.000000,0.000000,28.664573,0.000000
1.910700,0.036054,0.046864,0.038389,-0.045106,91.454407,42.302988,0.000000,0.000000,0.000000,28.545593,0.000000
1.911600,0.036039,0.046878,0.038565,-0.045087,91.573387,42.152719,0.000000,0.000000,0.000000,28.426613,0.000000
1.912500,0.036022,0.046889,0.038739,-0.045070,91.692366,42.007352,0.000000,0.000000,0.000000,28.307634,0.000000
1.913400,0.036002,0.046899,0.038910,-0.045055,91.811346,41.866910,0.000000,0.000000,0.000000,28.188654,0.000000
1.914300,0.035979,0.046905,0.039078,-0.045042,91.930326,41.731415,0.000000,0.000000,0.000000,28.069674,0.000000
1.915200,0.035954,0.046910,0.039244,-0.045031,92.049305,41.600890,0.000000,0.000000,0.000000,27.950695,0.000000
1.916100,0.035927,0.046912,0.039408,-0.045022,92.168285,41.475355,0.000000,0.000000,0.000000,27.831715,0.000000
1.917000,0.035897,0.046911,0.039569,-0.045015,92.287264,41.354831,0.000000,0.000000,0.000000,27.712736,0.000000
1.917900,0.035865,0.046908,0.039728,-0.045011,92.406244,41.239337,0.000000,0.000000,0.000000,27.593756,0.000000
1.918800,0.035831,0.046903,0.039884,-0.045008,92.525224,41.128892,0.000000,0.000000,0.000000,27.474776,0.000000
1.919700,0.035793,0.046895,0.040038,-0.045007,92.644203,41.023514,0.000000,0.000000,0.000000,27.355797,0.000000
1.920600,0.035754,0.046885,0.040189,-0.045008,92.763183,40.923219,0.000000,0.000000,0.000000,27.236817,0.000000
1.921500,0.035711,0.046872,0.040337,-0.045011,92.882163,40.828025,0.000000,0.000000,0.000000,27.117837,0.000000
1.922400,0.035667,0.046857,0.040483,-0.045017,93.001142,40.737946,0.000000,0.000000,0.000000,26.998858,0.000000
1.923300,0.035620,0.046840,0.040627,-0.045024,93.120122,40.652996,0.000000,0.000000,0.000000,26.879878,0.000000
1.924200,0.035570,0.046819,0.040768,-0.045034,93.239101,40.573190,0.000000,0.000000,0.000000,26.760899,0.000000
1.925100,0.035518,0.046797,0.040907,-0.045045,93.358081,40.498541,0.000000,0.000000,0.000000,26.641919,0.000000
1.926000,0.035463,0.046772,0.041042,-0.045059,93.477061,40.429060,0.000000,0.000000,0.000000,26.522939,0.000000
1.926900,0.035406,0.046744,0.041176,-0.045075,93.596040,40.364759,0.000000,0.000000,0.000000,26.403960,0.000000
1.927800,0.035346,0.046714,0.041307,-0.045093,93.715020,40.305648,0.000000,0.000000,0.000000,26.284980,0.000000
1.928700,0.035283,0.046681,0.041435,-0.045113,93.834000,40.251737,0.000000,0.000000,0.000000,26.166000,0.000000
1.929600,0.035219,0.046645,0.041561,-0.045136,93.952979,40.203034,0.000000,0.000000,0.000000,26.047021,0.000000
1.930500,0.035151,0.046607,0.041684,-0.045160,94.071959,40.159547,0.000000,0.000000,0.000000,25.928041,0.000000
1.931400,0.035082,0.046567,0.041805,-0.045187,94.190939,40.121284,0.000000,0.000000,0.000000,25.809061,0.000000
1.932300,0.035009,0.046524,0.041923,-0.045216,94.309918,40.088250,0.000000,0.000000,0.000000,25.690082,0.000000
1.933200,0.034935,0.046478,0.042039,-0.045247,94.428898,40.060451,0.000000,0.000000,0.000000,25.571102,0.000000
1.934100,0.034857,0.046430,0.042152,-0.045281,94.547877,40.037891,0.000000,0.000000,0.000000,25.452123,0.000000
1.935000,0.034778,0.046378,0.042263,-0.045317,94.666857,40.020574,0.000000,0.000000,0.000000,25.333143,0.000000
1.935900,0.034696,0.046325,0.042371,-0.045355,94.785837,40.008503,0.000000,0.000000,0.000000,25.214163,0.000000
1.936800,0.034611,0.046268,0.042477,-0.045395,94.904816,40.001680,0.000000,0.000000,0.000000,25.095184,0.000000
1.937700,0.034524,0.046209,0.042580,-0.045437,95.023796,40.000105,0.000000,0.000000,0.000000,24.976204,0.000000
1.938600,0.034435,0.046147,0.042681,-0.045482,95.142776,40.003779,0.000000,0.000000,0.000000,24.857224,0.000000
1.939500,0.034343,0.046083,0.042780,-0.045530,95.261755,40.012702,0.000000,0.000000,0.000000,24.738245,0.000000
1.940400,0.034249,0.046016,0.042876,-0.045579,95.380735,40.026872,0.000000,0.000000,0.000000,24.619265,0.000000
1.941300,0.034152,0.045945,0.042970,-0.045631,95.499714,40.046286,0.000000,0.000000,0.000000,24.500286,0.000000
1.942200,0.034054,0.045873,0.043061,-0.045685,95.618694,40.070942,0.000000,0.000000,0.000000,24.381306,0.000000
1.943100,0.033953,0.045797,0.043150,-0.045742,95.737674,40.100836,0.000000,0.000000,0.000000,24.262326,0.000000
1.944000,0.033849,0.045719,0.043237,-0.045801,95.856653,40.135962,0.000000,0.000000,0.000000,24.143347,0.000000
1.944900,0.033744,0.045637,0.043321,-0.045863,95.975633,40.176316,0.000000,0.000000,0.000000,24.024367,0.000000
1.945800,0.033636,0.045553,0.043404,-0.045927,96.094613,40.221890,0.000000,0.000000,0.000000,23.905387,0.000000
1.946700,0.033526,0.045466,0.043483,-0.045993,96.213592,40.272677,0.000000,0.000000,0.000000,23.786408,0.000000
1.947600,0.033414,0.045376,0.043561,-0.046062,96.332572,40.328669,0.000000,0.000000,0.000000,23.667428,0.000000
1.948500,0.033299,0.045284,0.043637,-0.046134,96.451551,40.389857,0.000000,0.000000,0.000000,23.548449,0.000000
1.949400,0.033183,0.045188,0.043710,-0.046208,96.570531,40.456232,0.000000,0.000000,0.000000,23.429469,0.000000
1.950300,0.033064,0.045089,0.043781,-0.046284,96.689511,40.527781,0.000000,0.000000,0.000000,23.310489,0.000000
1.951200,0.032944,0.044988,0.043850,-0.046363,96.808490,40.604495,0.000000,0.000000,0.000000,23.191510,0.000000
1.952100,0.032821,0.044884,0.043917,-0.046445,96.927470,40.686359,0.000000,0.000000,0.000000,23.072530,0.000000
1.953000,0.032696,0.044776,0.043982,-0.046529,97.046450,40.773363,0.000000,0.000000,0.000000,22.953550,0.000000
1.953900,0.032570,0.044666,0.044045,-0.046616,97.165429,40.865490,0.000000,0.000000,0.000000,22.834571,0.000000
1.954800,0.032441,0.044552,0.044106,-0.046705,97.284409,40.962726,0.000000,0.000000,0.000000,22.715591,0.000000
1.955700,0.032311,0.044436,0.044165,-0.046797,97.403389,41.065056,0.000000,0.000000,0.000000,22.596611,0.000000
1.956600,0.032179,0.044316,0.044223,-0.046892,97.522368,41.172463,0.000000,0.000000,0.000000,22.477632,0.000000
1.957500,0.032045,0.044194,0.044278,-0.046989,97.641348,41.284930,0.000000,0.000000,0.000000,22.358652,0.000000
1.958400,0.031909,0.044068,0.044332,-0.047089,97.760327,41.402438,0.000000,0.000000,0.000000,22.239673,0.000000
1.959300,0.031771,0.043939,0.044383,-0.047192,97.879307,41.524969,0.000000,0.000000,0.000000,22.120693,0.000000
1.960200,0.031632,0.043807,0.044433,-0.047298,97.998287,41.652502,0.000000,0.000000,0.000000,22.001713,0.000000
1.961100,0.031491,0.043672,0.044482,-0.047406,98.117266,41.785018,0.000000,0.000000,0.000000,21.882734,0.000000
1.962000,0.031349,0.043534,0.044529,-0.047517,98.236246,41.922494,0.000000,0.000000,0.000000,21.763754,0.000000
1.962900,0.031205,0.043393,0.044574,-0.047631,98.355226,42.064909,0.000000,0.000000,0.000000,21.644774,0.000000
1.963800,0.031060,0.043249,0.044617,-0.047747,98.474205,42.212240,0.000000,0.000000,0.000000,21.525795,0.000000
1.964700,0.030913,0.043101,0.044659,-0.047866,98.593185,42.364462,0.000000,0.000000,0.000000,21.406815,0.000000
1.965600,0.030765,0.042950,0.044700,-0.047988,98.712164,42.521552,0.000000,0.000000,0.000000,21.287836,0.000000
1.966500,0.030615,0.042796,0.044739,-0.048113,98.831144,42.683483,0.000000,0.000000,0.000000,21.168856,0.000000
1.967400,0.030464,0.042639,0.044777,-0.048241,98.950124,42.850230,0.000000,0.000000,0.000000,21.049876,0.000000
1.968300,0.030312,0.042478,0.044814,-0.048372,99.069103,43.021765,0.000000,0.000000,0.000000,20.930897,0.000000
1.969200,0.030159,0.042315,0.044849,-0.048505,99.188083,43.198062,0.000000,0.000000,0.000000,20.811917,0.000000
1.970100,0.030005,0.042148,0.044884,-0.048641,99.307063,43.379091,0.000000,0.000000,0.000000,20.692937,0.000000
1.971000,0.029849,0.041977,0.044917,-0.048781,99.426042,43.564823,0.000000,0.000000,0.000000,20.573958,0.000000
1.971900,0.029693,0.041804,0.044949,-0.048923,99.545022,43.755229,0.000000,0.000000,0.000000,20.454978,0.000000
1.972800,0.029536,0.041627,0.044980,-0.049068,99.664002,43.950277,0.000000,0.000000,0.000000,20.335998,0.000000
1.973700,0.029377,0.041447,0.045010,-0.049215,99.782981,44.149936,0.000000,0.000000,0.000000,20.217019,0.000000
1.974600,0.029218,0.041263,0.045039,-0.049366,99.901961,44.354174,0.000000,0.000000,0.000000,20.098039,0.000000
1.975500,0.029058,0.041077,0.045067,-0.049520,100.020940,44.562958,0.000000,0.000000,0.000000,19.979060,0.000000
1.976400,0.028898,0.040887,0.045095,-0.049676,100.139920,44.776254,0.000000,0.000000,0.000000,19.860080,0.000000
1.977300,0.028737,0.040693,0.045121,-0.049836,100.258900,44.994028,0.000000,0.000000,0.000000,19.741100,0.000000
1.978200,0.028575,0.040497,0.045148,-0.049998,100.377879,45.216244,0.000000,0.000000,0.000000,19.622121,0.000000
1.979100,0.028412,0.040297,0.045173,-0.050164,100.496859,45.442866,0.000000,0.000000,0.000000,19.503141,0.000000
1.980000,0.028250,0.040093,0.045198,-0.050332,100.615839,45.673859,0.000000,0.000000,0.000000,19.384161,0.000000
1.980900,0.028086,0.039886,0.045223,-0.050503,100.734818,45.909184,0.000000,0.000000,0.000000,19.265182,0.000000
1.981800,0.027923,0.039676,0.045247,-0.050678,100.853798,46.148804,0.000000,0.000000,0.000000,19.146202,0.000000
1.982700,0.027759,0.039463,0.045271,-0.050855,100.972777,46.392680,0.000000,0.000000,0.000000,19.027223,0.000000
1.983600,0.027595,0.039246,0.045294,-0.051035,101.091757,46.640772,0.000000,0.000000,0.000000,18.908243,0.000000
1.984500,0.027431,0.039026,0.045317,-0.051218,101.210737,46.893041,0.000000,0.000000,0.000000,18.789263,0.000000
1.985400,0.027267,0.038803,0.045340,-0.051404,101.329716,47.149446,0.000000,0.000000,0.000000,18.670284,0.000000
1.986300,0.027102,0.038576,0.045363,-0.051593,101.448696,47.409945,0.000000,0.000000,0.000000,18.551304,0.000000
1.987200,0.026938,0.038346,0.045386,-0.051785,101.567676,47.674496,0.000000,0.000000,0.000000,18.432324,0.000000
1.988100,0.026774,0.038113,0.045410,-0.051980,101.686655,47.943057,0.000000,0.000000,0.000000,18.313345,0.000000
1.989000,0.026610,0.037877,0.045433,-0.052177,101.805635,48.215584,0.000000,0.000000,0.000000,18.194365,0.000000
1.989900,0.026447,0.037637,0.045456,-0.052378,101.924615,48.492033,0.000000,0.000000,0.000000,18.075385,0.000000
1.990800,0.026284,0.037393,0.045480,-0.052582,102.043594,48.772360,0.000000,0.000000,0.000000,17.956406,0.000000
1.991700,0.026121,0.037147,0.045504,-0.052788,102.162574,49.056519,0.000000,0.000000,0.000000,17.837426,0.000000
1.992600,0.025958,0.036897,0.045528,-0.052997,102.281553,49.344464,0.000000,0.000000,0.000000,17.718447,0.000000
1.993500,0.025797,0.036644,0.045553,-0.053209,102.400533,49.636149,0.000000,0.000000,0.000000,17.599467,0.000000
1.994400,0.025635,0.036388,0.045578,-0.053424,102.519513,49.931527,0.000000,0.000000,0.000000,17.480487,0.000000
1.995300,0.025475,0.036129,0.045604,-0.053642,102.638492,50.230550,0.000000,0.000000,0.000000,17.361508,0.000000
1.996200,0.025315,0.035866,0.045631,-0.053863,102.757472,50.533170,0.000000,0.000000,0.000000,17.242528,0.000000
1.997100,0.025156,0.035600,0.045659,-0.054086,102.876452,50.839337,0.000000,0.000000,0.000000,17.123548,0.000000
1.998000,0.024998,0.035332,0.045687,-0.054312,102.995431,51.149003,0.000000,0.000000,0.000000,17.004569,0.000000
1.998900,0.024841,0.035060,0.045716,-0.054541,103.114411,51.462117,0.000000,0.000000,0.000000,16.885589,0.000000
1.999800,0.024685,0.034784,0.045746,-0.054773,103.233390,51.778629,0.000000,0.000000,0.000000,16.766610,0.000000
2.000700,0.024531,0.034506,0.045777,-0.055007,103.352370,52.098487,0.000000,0.000000,0.000000,16.647630,0.000000
2.001600,0.024377,0.034225,0.045809,-0.055244,103.471350,52.421641,0.000000,0.000000,0.000000,16.528650,0.000000
2.002500,0.024224,0.033940,0.045842,-0.055484,103.590329,52.748038,0.000000,0.000000,0.000000,16.409671,0.000000
2.003400,0.024073,0.033653,0.045877,-0.055726,103.709309,53.077624,0.000000,0.000000,0.000000,16.290691,0.000000
2.004300,0.023924,0.033363,0.045913,-0.055971,103.828289,53.410348,0.000000,0.000000,0.000000,16.171711,0.000000
2.005200,0.023775,0.033070,0.045950,-0.056218,103.947268,53.746154,0.000000,0.000000,0.000000,16.052732,0.000000
2.006100,0.023629,0.032773,0.045989,-0.056468,104.066248,54.084990,0.000000,0.000000,0.000000,15.933752,0.000000
2.007000,0.023483,0.032474,0.046029,-0.056720,104.185227,54.426800,0.000000,0.000000,0.000000,15.814773,0.000000
2.007900,0.023340,0.032172,0.046070,-0.056975,104.304207,54.771529,0.000000,0.000000,0.000000,15.695793,0.000000
2.008800,0.023198,0.031868,0.046114,-0.057233,104.423187,55.119121,0.000000,0.000000,0.000000,15.576813,0.000000
2.009700,0.023058,0.031560,0.046159,-0.057492,104.542166,55.469520,0.000000,0.000000,0.000000,15.457834,0.000000
2.010600,0.022920,0.031250,0.046205,-0.057754,104.661146,55.822670,0.000000,0.000000,0.000000,15.338854,0.000000
2.011500,0.022784,0.030937,0.046254,-0.058019,104.780126,56.178513,0.000000,0.000000,0.000000,15.219874,0.000000
2.012400,0.022650,0.030622,0.046304,-0.058285,104.899105,56.536993,0.000000,0.000000,0.000000,15.100895,0.000000
2.013300,0.022517,0.030304,0.046357,-0.058554,105.018085,56.898050,0.000000,0.000000,0.000000,14.981915,0.000000
2.014200,0.022387,0.029983,0.046411,-0.058825,105.137065,57.261628,0.000000,0.000000,0.000000,14.862935,0.000000
2.015100,0.022259,0.029660,0.046468,-0.059098,105.256044,57.627666,0.000000,0.000000,0.000000,14.743956,0.000000
2.016000,0.022134,0.029335,0.046526,-0.059373,105.375024,57.996107,0.000000,0.000000,0.000000,14.624976,0.000000
2.016900,0.022010,0.029007,0.046587,-0.059650,105.494003,58.366890,0.000000,0.000000,0.000000,14.505997,0.000000
2.017800,0.021889,0.028676,0.046650,-0.059929,105.612983,58.739956,0.000000,0.000000,0.000000,14.387017,0.000000
2.018700,0.021770,0.028344,0.046715,-0.060210,105.731963,59.115244,0.000000,0.000000,0.000000,14.268037,0.000000
2.019600,0.021654,0.028009,0.046782,-0.060493,105.850942,59.492694,0.000000,0.000000,0.000000,14.149058,0.000000
2.020500,0.021540,0.027672,0.046852,-0.060778,105.969922,59.872244,0.000000,0.000000,0.000000,14.030078,0.000000
2.021400,0.021429,0.027333,0.046925,-0.061064,106.088902,60.253835,0.000000,0.000000,0.000000,13.911098,0.000000
2.022300,0.021320,0.026991,0.047000,-0.061352,106.207881,60.637403,0.000000,0.000000,0.000000,13.792119,0.000000
2.023200,0.021214,0.026648,0.047077,-0.061642,106.326861,61.022887,0.000000,0.000000,0.000000,13.673139,0.000000
2.024100,0.021111,0.026303,0.047157,-0.061933,106.445840,61.410224,0.000000,0.000000,0.000000,13.554160,0.000000
2.025000,0.021011,0.025956,0.047240,-0.062226,106.564820,61.799353,0.000000,0.000000,0.000000,13.435180,0.000000
2.025900,0.020913,0.025607,0.047325,-0.062520,106.683800,62.190210,0.000000,0.000000,0.000000,13.316200,0.000000
2.026800,0.020818,0.025256,0.047413,-0.062816,106.802779,62.582732,0.000000,0.000000,0.000000,13.197221,0.000000
2.027700,0.020726,0.024904,0.047504,-0.063113,106.921759,62.976856,0.000000,0.000000,0.000000,13.078241,0.000000
2.028600,0.020637,0.024550,0.047598,-0.063411,107.040739,63.372518,0.000000,0.000000,0.000000,12.959261,0.000000
2.029500,0.020551,0.024194,0.047694,-0.063711,107.159718,63.769654,0.000000,0.000000,0.000000,12.840282,0.000000
2.030400,0.020468,0.023837,0.047793,-0.064011,107.278698,64.168200,0.000000,0.000000,0.000000,12.721302,0.000000
2.031300,0.020387,0.023478,0.047896,-0.064313,107.397678,64.568092,0.000000,0.000000,0.000000,12.602322,0.000000
2.032200,0.020310,0.023118,0.048001,-0.064616,107.516657,64.969265,0.000000,0.000000,0.000000,12.483343,0.000000
2.033100,0.020237,0.022757,0.048109,-0.064919,107.635637,65.371654,0.000000,0.000000,0.000000,12.364363,0.000000
2.034000,0.020166,0.022395,0.048220,-0.065224,107.754616,65.775194,0.000000,0.000000,0.000000,12.245384,0.000000
2.034900,0.020098,0.022031,0.048335,-0.065529,107.873596,66.179821,0.000000,0.000000,0.000000,12.126404,0.000000
2.035800,0.020034,0.021666,0.048452,-0.065835,107.992576,66.585468,0.000000,0.000000,0.000000,12.007424,0.000000
2.036700,0.019973,0.021300,0.048572,-0.066141,108.111555,66.992070,0.000000,0.000000,0.000000,11.888445,0.000000
2.037600,0.019915,0.020934,0.048696,-0.066448,108.230535,67.399563,0.000000,0.000000,0.000000,11.769465,0.000000
2.038500,0.019860,0.020566,0.048823,-0.066756,108.349515,67.807879,0.000000,0.000000,0.000000,11.650485,0.000000
2.039400,0.019809,0.020198,0.048953,-0.067064,108.468494,68.216952,0.000000,0.000000,0.000000,11.531506,0.000000
2.040300,0.019760,0.019829,0.049086,-0.067372,108.587474,68.626718,0.000000,0.000000,0.000000,11.412526,0.000000
2.041200,0.019716,0.019459,0.049222,-0.067681,108.706453,69.037109,0.000000,0.000000,0.000000,11.293547,0.000000
2.042100,0.019674,0.019089,0.049361,-0.067990,108.825433,69.448059,0.000000,0.000000,0.000000,11.174567,0.000000
2.043000,0.019636,0.018718,0.049504,-0.068299,108.944413,69.859502,0.000000,0.000000,0.000000,11.055587,0.000000
2.043900,0.019601,0.018347,0.049650,-0.068608,109.063392,70.271372,0.000000,0.000000,0.000000,10.936608,0.000000
2.044800,0.019570,0.017975,0.049799,-0.068917,109.182372,70.683602,0.000000,0.000000,0.000000,10.817628,0.000000
2.045700,0.019542,0.017603,0.049951,-0.069226,109.301352,71.096125,0.000000,0.000000,0.000000,10.698648,0.000000
2.046600,0.019517,0.017231,0.050107,-0.069534,109.420331,71.508874,0.000000,0.000000,0.000000,10.579669,0.000000
2.047500,0.019496,0.016859,0.050266,-0.069843,109.539311,71.921784,0.000000,0.000000,0.000000,10.460689,0.000000
2.048400,0.019478,0.016487,0.050428,-0.070151,109.658291,72.334788,0.000000,0.000000,0.000000,10.341709,0.000000
2.049300,0.019464,0.016115,0.050593,-0.070459,109.777270,72.747817,0.000000,0.000000,0.000000,10.222730,0.000000
2.050200,0.019453,0.015743,0.050762,-0.070766,109.896250,73.160807,0.000000,0.000000,0.000000,10.103750,0.000000
2.051100,0.019445,0.015371,0.050934,-0.071073,110.015229,73.573690,0.000000,0.000000,0.000000,9.984771,0.000000
2.052000,0.019441,0.014999,0.051109,-0.071379,110.134209,73.986400,0.000000,0.000000,0.000000,9.865791,0.000000
2.052900,0.019440,0.014628,0.051287,-0.071684,110.253189,74.398870,0.000000,0.000000,0.000000,9.746811,0.000000
2.053800,0.019442,0.014257,0.051469,-0.071988,110.372168,74.811033,0.000000,0.000000,0.000000,9.627832,0.000000
2.054700,0.019448,0.013887,0.051654,-0.072292,110.491148,75.222823,0.000000,0.000000,0.000000,9.508852,0.000000
2.055600,0.019457,0.013517,0.051842,-0.072595,110.610128,75.634173,0.000000,0.000000,0.000000,9.389872,0.000000
2.056500,0.019469,0.013148,0.052033,-0.072896,110.729107,76.045016,0.000000,0.000000,0.000000,9.270893,0.000000
2.057400,0.019485,0.012780,0.052227,-0.073197,110.848087,76.455288,0.000000,0.000000,0.000000,9.151913,0.000000
2.058300,0.019504,0.012412,0.052424,-0.073496,110.967066,76.864920,0.000000,0.000000,0.000000,9.032934,0.000000
2.059200,0.019526,0.012045,0.052625,-0.073794,111.086046,77.273847,0.000000,0.000000,0.000000,8.913954,0.000000
2.060100,0.019551,0.011680,0.052828,-0.074091,111.205026,77.682004,0.000000,0.000000,0.000000,8.794974,0.000000
2.061000,0.019580,0.011315,0.053035,-0.074387,111.324005,78.089323,0.000000,0.000000,0.000000,8.675995,0.000000
2.061900,0.019611,0.010951,0.053244,-0.074681,111.442985,78.495740,0.000000,0.000000,0.000000,8.557015,0.000000
2.062800,0.019646,0.010589,0.053457,-0.074973,111.561965,78.901188,0.000000,0.000000,0.000000,8.438035,0.000000
2.063700,0.019684,0.010227,0.053672,-0.075264,111.680944,79.305603,0.000000,0.000000,0.000000,8.319056,0.000000
2.064600,0.019725,0.009868,0.053891,-0.075553,111.799924,79.708918,0.000000,0.000000,0.000000,8.200076,0.000000
2.065500,0.019769,0.009509,0.054112,-0.075841,111.918903,80.111069,0.000000,0.000000,0.000000,8.081097,0.000000
2.066400,0.019816,0.009152,0.054336,-0.076126,112.037883,80.511991,0.000000,0.000000,0.000000,7.962117,0.000000
2.067300,0.019866,0.008796,0.054563,-0.076410,112.156863,80.911619,0.000000,0.000000,0.000000,7.843137,0.000000
2.068200,0.019919,0.008442,0.054793,-0.076692,112.275842,81.309888,0.000000,0.000000,0.000000,7.724158,0.000000
2.069100,0.019975,0.008089,0.055026,-0.076972,112.394822,81.706735,0.000000,0.000000,0.000000,7.605178,0.000000
2.070000,0.020033,0.007738,0.055261,-0.077250,112.513802,82.102094,0.000000,0.000000,0.000000,7.486198,0.000000
2.070900,0.020095,0.007389,0.055499,-0.077526,112.632781,82.495903,0.000000,0.000000,0.000000,7.367219,0.000000
2.071800,0.020159,0.007042,0.055739,-0.077799,112.751761,82.888097,0.000000,0.000000,0.000000,7.248239,0.000000
2.072700,0.020226,0.006697,0.055982,-0.078071,112.870741,83.278613,0.000000,0.000000,0.000000,7.129259,0.000000
2.073600,0.020295,0.006353,0.056227,-0.078340,112.989720,83.667389,0.000000,0.000000,0.000000,7.010280,0.000000
2.074500,0.020367,0.006012,0.056475,-0.078606,113.108700,84.054360,0.000000,0.000000,0.000000,6.891300,0.000000
2.075400,0.020442,0.005673,0.056725,-0.078870,113.227679,84.439466,0.000000,0.000000,0.000000,6.772321,0.000000
2.076300,0.020519,0.005335,0.056978,-0.079132,113.346659,84.822644,0.000000,0.000000,0.000000,6.653341,0.000000
2.077200,0.020599,0.005000,0.057233,-0.079391,113.465639,85.203831,0.000000,0.000000,0.000000,6.534361,0.000000
2.078100,0.020681,0.004667,0.057490,-0.079648,113.584618,85.582966,0.000000,0.000000,0.000000,6.415382,0.000000
2.079000,0.020765,0.004336,0.057749,-0.079902,113.703598,85.959989,0.000000,0.000000,0.000000,6.296402,0.000000
2.079900,0.020851,0.004008,0.058011,-0.080154,113.822578,86.334837,0.000000,0.000000,0.000000,6.177422,0.000000
2.080800,0.020940,0.003682,0.058274,-0.080402,113.941557,86.707451,0.000000,0.000000,0.000000,6.058443,0.000000
2.081700,0.021031,0.003359,0.058540,-0.080648,114.060537,87.077771,0.000000,0.000000,0.000000,5.939463,0.000000
2.082600,0.021124,0.003037,0.058807,-0.080891,114.179516,87.445736,0.000000,0.000000,0.000000,5.820484,0.000000
2.083500,0.021219,0.002719,0.059076,-0.081131,114.298496,87.811287,0.000000,0.000000,0.000000,5.701504,0.000000
2.084400,0.021316,0.002403,0.059347,-0.081368,114.417476,88.174365,0.000000,0.000000,0.000000,5.582524,0.000000
2.085300,0.021415,0.002089,0.059620,-0.081603,114.536455,88.534911,0.000000,0.000000,0.000000,5.463545,0.000000
2.086200,0.021516,0.001778,0.059894,-0.081834,114.655435,88.892868,0.000000,0.000000,0.000000,5.344565,0.000000
2.087100,0.021618,0.001470,0.060170,-0.082062,114.774415,89.248177,0.000000,0.000000,0.000000,5.225585,0.000000
2.088000,0.021722,0.001165,0.060448,-0.082288,114.893394,89.600782,0.000000,0.000000,0.000000,5.106606,0.000000
2.088900,0.021828,0.000862,0.060727,-0.082510,115.012374,89.950624,0.000000,0.000000,0.000000,4.987626,0.000000
2.089800,0.021935,0.000562,0.061007,-0.082729,115.131354,90.297648,0.000000,0.000000,0.000000,4.868646,0.000000
2.090700,0.022044,0.000265,0.061289,-0.082945,115.250333,90.641797,0.000000,0.000000,0.000000,4.749667,0.000000
2.091600,0.022155,-0.000029,0.061572,-0.083157,115.369313,90.983017,0.000000,0.000000,0.000000,4.630687,0.000000
2.092500,0.022266,-0.000321,0.061856,-0.083367,115.488292,91.321251,0.000000,0.000000,0.000000,4.511708,0.000000
2.093400,0.022379,-0.000609,0.062142,-0.083573,115.607251,91.656445,0.000000,0.000000,0.000000,4.392749,0.000000
2.094300,0.022493,-0.000894,0.062426,-0.083776,115.725172,91.988546,0.000000,0.000000,0.000000,4.274828,0.000000
2.095200,0.022609,-0.001175,0.062710,-0.083975,115.841489,92.317499,0.000000,0.000000,0.000000,4.158511,0.000000
2.096100,0.022725,-0.001451,0.062991,-0.084171,115.956201,92.643251,0.000000,0.000000,0.000000,4.043799,0.000000
2.097000,0.022841,-0.001724,0.063272,-0.084364,116.069308,92.965750,0.000000,0.000000,0.000000,3.930692,0.000000
2.097900,0.022959,-0.001992,0.063550,-0.084554,116.180812,93.284943,0.000000,0.000000,0.000000,3.819188,0.000000
2.098800,0.023077,-0.002257,0.063826,-0.084740,116.290711,93.600779,0.000000,0.000000,0.000000,3.709289,0.000000
2.099700,0.023196,-0.002517,0.064101,-0.084923,116.399005,93.913208,0.000000,0.000000,0.000000,3.600995,0.000000
2.100600,0.023315,-0.002773,0.064373,-0.085102,116.505695,94.222178,0.000000,0.000000,0.000000,3.494305,0.000000
2.101500,0.023435,-0.003024,0.064644,-0.085279,116.610781,94.527640,0.000000,0.000000,0.000000,3.389219,0.000000
2.102400,0.023554,-0.003272,0.064912,-0.085452,116.714263,94.829544,0.000000,0.000000,0.000000,3.285737,0.000000
2.103300,0.023674,-0.003515,0.065178,-0.085622,116.816140,95.127841,0.000000,0.000000,0.000000,3.183860,0.000000
2.104200,0.023794,-0.003755,0.065442,-0.085788,116.916412,95.422485,0.000000,0.000000,0.000000,3.083588,0.000000
2.105100,0.023914,-0.003990,0.065703,-0.085951,117.015081,95.713425,0.000000,0.000000,0.000000,2.984919,0.000000
2.106000,0.024034,-0.004221,0.065962,-0.086111,117.112145,96.000617,0.000000,0.000000,0.000000,2.887855,0.000000
2.106900,0.024154,-0.004447,0.066218,-0.086268,117.207605,96.284013,0.000000,0.000000,0.000000,2.792395,0.000000
2.107800,0.024274,-0.004670,0.066472,-0.086422,117.301460,96.563568,0.000000,0.000000,0.000000,2.698540,0.000000
2.108700,0.024393,-0.004888,0.066722,-0.086572,117.393711,96.839236,0.000000,0.000000,0.000000,2.606289,0.000000
2.109600,0.024512,-0.005102,0.066970,-0.086719,117.484357,97.110974,0.000000,0.000000,0.000000,2.515643,0.000000
2.110500,0.024630,-0.005312,0.067215,-0.086863,117.573400,97.378736,0.000000,0.000000,0.000000,2.426600,0.000000
2.111400,0.024748,-0.005518,0.067457,-0.087004,117.660837,97.642480,0.000000,0.000000,0.000000,2.339163,0.000000
2.112300,0.024865,-0.005720,0.067696,-0.087141,117.746671,97.902164,0.000000,0.000000,0.000000,2.253329,0.000000
2.113200,0.024981,-0.005918,0.067932,-0.087276,117.830900,98.157745,0.000000,0.000000,0.000000,2.169100,0.000000
2.114100,0.025096,-0.006111,0.068165,-0.087408,117.913525,98.409181,0.000000,0.000000,0.000000,2.086475,0.000000
2.115000,0.025211,-0.006301,0.068394,-0.087536,117.994545,98.656434,0.000000,0.000000,0.000000,2.005455,0.000000
2.115900,0.025324,-0.006486,0.068621,-0.087661,118.073961,98.899462,0.000000,0.000000,0.000000,1.926039,0.000000
2.116800,0.025437,-0.006667,0.068843,-0.087784,118.151773,99.138226,0.000000,0.000000,0.000000,1.848227,0.000000
2.117700,0.025548,-0.006844,0.069062,-0.087903,118.227980,99.372687,0.000000,0.000000,0.000000,1.772020,0.000000
2.118600,0.025658,-0.007017,0.069278,-0.088019,118.302583,99.602809,0.000000,0.000000,0.000000,1.697417,0.000000
2.119500,0.025767,-0.007186,0.069490,-0.088133,118.375581,99.828553,0.000000,0.000000,0.000000,1.624419,0.000000
2.120400,0.025875,-0.007351,0.069698,-0.088243,118.446976,100.049884,0.000000,0.000000,0.000000,1.553024,0.000000
2.121300,0.025981,-0.007512,0.069903,-0.088351,118.516766,100.266764,0.000000,0.000000,0.000000,1.483234,0.000000
2.122200,0.026085,-0.007669,0.070104,-0.088455,118.584951,100.479161,0.000000,0.000000,0.000000,1.415049,0.000000
2.123100,0.026188,-0.007822,0.070301,-0.088557,118.651532,100.687038,0.000000,0.000000,0.000000,1.348468,0.000000
2.124000,0.026290,-0.007971,0.070494,-0.088656,118.716509,100.890363,0.000000,0.000000,0.000000,1.283491,0.000000
2.124900,0.026390,-0.008116,0.070683,-0.088752,118.779881,101.089102,0.000000,0.000000,0.000000,1.220119,0.000000
2.125800,0.026488,-0.008257,0.070868,-0.088845,118.841649,101.283225,0.000000,0.000000,0.000000,1.158351,0.000000
2.126700,0.026584,-0.008394,0.071049,-0.088936,118.901813,101.472698,0.000000,0.000000,0.000000,1.098187,0.000000
2.127600,0.026679,-0.008528,0.071225,-0.089023,118.960372,101.657492,0.000000,0.000000,0.000000,1.039628,0.000000
2.128500,0.026771,-0.008657,0.071398,-0.089108,119.017327,101.837577,0.000000,0.000000,0.000000,0.982673,0.000000
2.129400,0.026862,-0.008782,0.071566,-0.089191,119.072678,102.012924,0.000000,0.000000,0.000000,0.927322,0.000000
2.130300,0.026950,-0.008904,0.071730,-0.089270,119.126424,102.183504,0.000000,0.000000,0.000000,0.873576,0.000000
2.131200,0.027037,-0.009022,0.071890,-0.089347,119.178566,102.349290,0.000000,0.000000,0.000000,0.821434,0.000000
2.132100,0.027121,-0.009136,0.072045,-0.089422,119.229103,102.510254,0.000000,0.000000,0.000000,0.770897,0.000000
2.133000,0.027203,-0.009246,0.072195,-0.089493,119.278036,102.666372,0.000000,0.000000,0.000000,0.721964,0.000000
2.133900,0.027283,-0.009352,0.072342,-0.089563,119.325365,102.817618,0.000000,0.000000,0.000000,0.674635,0.000000
2.134800,0.027361,-0.009455,0.072483,-0.089629,119.371089,102.963968,0.000000,0.000000,0.000000,0.628911,0.000000
2.135700,0.027436,-0.009553,0.072620,-0.089693,119.415209,103.105397,0.000000,0.000000,0.000000,0.584791,0.000000
2.136600,0.027509,-0.009648,0.072753,-0.089755,119.457725,103.241883,0.000000,0.000000,0.000000,0.542275,0.000000
2.137500,0.027580,-0.009740,0.072881,-0.089814,119.498636,103.373404,0.000000,0.000000,0.000000,0.501364,0.000000
2.138400,0.027648,-0.009827,0.073004,-0.089870,119.537943,103.499938,0.000000,0.000000,0.000000,0.462057,0.000000
2.139300,0.027713,-0.009911,0.073122,-0.089924,119.575646,103.621466,0.000000,0.000000,0.000000,0.424354,0.000000
2.140200,0.027777,-0.009991,0.073236,-0.089976,119.611744,103.737967,0.000000,0.000000,0.000000,0.388256,0.000000
2.141100,0.027837,-0.010068,0.073344,-0.090025,119.646238,103.849424,0.000000,0.000000,0.000000,0.353762,0.000000
2.142000,0.027895,-0.010141,0.073448,-0.090072,119.679127,103.955817,0.000000,0.000000,0.000000,0.320873,0.000000
2.142900,0.027951,-0.010210,0.073547,-0.090116,119.710412,104.057129,0.000000,0.000000,0.000000,0.289588,0.000000
2.143800,0.028003,-0.010276,0.073641,-0.090158,119.740093,104.153345,0.000000,0.000000,0.000000,0.259907,0.000000
2.144700,0.028053,-0.010338,0.073731,-0.090197,119.768169,104.244448,0.000000,0.000000,0.000000,0.231831,0.000000
2.145600,0.028101,-0.010396,0.073815,-0.090235,119.794641,104.330425,0.000000,0.000000,0.000000,0.205359,0.000000
2.146500,0.028145,-0.010451,0.073894,-0.090270,119.819509,104.411261,0.000000,0.000000,0.000000,0.180491,0.000000
2.147400,0.028187,-0.010502,0.073968,-0.090302,119.842772,104.486942,0.000000,0.000000,0.000000,0.157228,0.000000
2.148300,0.028226,-0.010550,0.074037,-0.090333,119.864431,104.557458,0.000000,0.000000,0.000000,0.135569,0.000000
2.149200,0.028262,-0.010594,0.074102,-0.090361,119.884486,104.622796,0.000000,0.000000,0.000000,0.115514,0.000000
2.150100,0.028296,-0.010634,0.074161,-0.090386,119.902936,104.682945,0.000000,0.000000,0.000000,0.097064,0.000000
2.151000,0.028326,-0.010671,0.074215,-0.090410,119.919782,104.737897,0.000000,0.000000,0.000000,0.080218,0.000000
2.151900,0.028354,-0.010704,0.074264,-0.090431,119.935023,104.787642,0.000000,0.000000,0.000000,0.064977,0.000000
2.152800,0.028379,-0.010734,0.074308,-0.090450,119.948660,104.832173,0.000000,0.000000,0.000000,0.051340,0.000000
2.153700,0.028401,-0.010761,0.074346,-0.090467,119.960693,104.871481,0.000000,0.000000,0.000000,0.039307,0.000000
2.154600,0.028420,-0.010783,0.074380,-0.090481,119.971121,104.905562,0.000000,0.000000,0.000000,0.028879,0.000000
2.155500,0.028436,-0.010803,0.074408,-0.090493,119.979945,104.934408,0.000000,0.000000,0.000000,0.020055,0.000000
2.156400,0.028449,-0.010819,0.074431,-0.090503,119.987165,104.958016,0.000000,0.000000,0.000000,0.012835,0.000000
2.157300,0.028460,-0.010831,0.074450,-0.090511,119.992780,104.976382,0.000000,0.000000,0.000000,0.007220,0.000000
2.158200,0.028467,-0.010840,0.074462,-0.090516,119.996791,104.989502,0.000000,0.000000,0.000000,0.003209,0.000000
2.159100,0.028471,-0.010845,0.074470,-0.090520,119.999198,104.997375,0.000000,0.000000,0.000000,0.000802,0.000000
2.160000,0.028473,-0.010847,0.074473,-0.090521,120.000000,105.000000,1.000000,0.000000,0.000000,-0.000000,0.000000
