t,Ex,Ez,tipx,tipz,psi_deg,phi_deg,power
0.000000,0.033918,-0.019899,0.100097,-0.083807,136.000000,105.000000,1.000000
0.001563,0.033917,-0.019898,0.100094,-0.083808,135.998112,105.000000,1.000000
0.003125,0.033915,-0.019895,0.100086,-0.083812,135.992447,105.000000,1.000000
0.004688,0.033911,-0.019890,0.100071,-0.083818,135.983007,105.000000,1.000000
0.006250,0.033906,-0.019883,0.100051,-0.083827,135.969792,105.000000,1.000000
0.007812,0.033898,-0.019874,0.100025,-0.083837,135.952804,105.000000,1.000000
0.009375,0.033890,-0.019864,0.099993,-0.083851,135.932046,105.000000,1.000000
0.010938,0.033880,-0.019851,0.099956,-0.083866,135.907520,105.000000,1.000000
0.012500,0.033868,-0.019836,0.099912,-0.083884,135.879229,105.000000,1.000000
0.014063,0.033854,-0.019820,0.099863,-0.083905,135.847176,105.000000,1.000000
0.015625,0.033840,-0.019801,0.099808,-0.083928,135.811366,105.000000,1.000000
0.017188,0.033823,-0.019781,0.099747,-0.083953,135.771804,105.000000,1.000000
0.018750,0.033805,-0.019759,0.099681,-0.083980,135.728493,105.000000,1.000000
0.020313,0.033786,-0.019734,0.099609,-0.084010,135.681440,105.000000,1.000000
0.021875,0.033765,-0.019708,0.099531,-0.084042,135.630650,105.000000,1.000000
0.023438,0.033742,-0.019680,0.099447,-0.084076,135.576131,105.000000,1.000000
0.025000,0.033718,-0.019650,0.099357,-0.084113,135.517888,105.000000,1.000000
0.026563,0.033693,-0.019618,0.099262,-0.084152,135.455929,105.000000,1.000000
0.028125,0.033665,-0.019584,0.099161,-0.084193,135.390262,105.000000,1.000000
0.029688,0.033637,-0.019548,0.099054,-0.084236,135.320895,105.000000,1.000000
0.031250,0.033607,-0.019510,0.098942,-0.084281,135.247837,105.000000,1.000000
0.032813,0.033575,-0.019470,0.098823,-0.084329,135.171098,105.000000,1.000000
0.034375,0.033543,-0.019428,0.098699,-0.084379,135.090686,105.000000,1.000000
0.035938,0.033508,-0.019384,0.098570,-0.084430,135.006611,105.000000,1.000000
0.037500,0.033472,-0.019338,0.098434,-0.084484,134.918886,105.000000,1.000000
0.039062,0.033435,-0.019290,0.098293,-0.084540,134.827520,105.000000,1.000000
0.040625,0.033397,-0.019241,0.098146,-0.084598,134.732525,105.000000,1.000000
0.042188,0.033357,-0.019189,0.097994,-0.084657,134.633912,105.000000,1.000000
0.043750,0.033315,-0.019135,0.097835,-0.084719,134.531695,105.000000,1.000000
0.045313,0.033273,-0.019080,0.097671,-0.084782,134.425887,105.000000,1.000000
0.046875,0.033229,-0.019022,0.097502,-0.084847,134.316500,105.000000,1.000000
0.048438,0.033183,-0.018963,0.097327,-0.084915,134.203548,105.000000,1.000000
0.050000,0.033137,-0.018901,0.097146,-0.084983,134.087046,105.000000,1.000000
0.051563,0.033089,-0.018838,0.096959,-0.085054,133.967008,105.000000,1.000000
0.053125,0.033040,-0.018772,0.096767,-0.085126,133.843450,105.000000,1.000000
0.054688,0.032989,-0.018705,0.096569,-0.085200,133.716386,105.000000,1.000000
0.056250,0.032938,-0.018636,0.096366,-0.085275,133.585833,105.000000,1.000000
0.057813,0.032885,-0.018564,0.096157,-0.085352,133.451808,105.000000,1.000000
0.059375,0.032831,-0.018491,0.095943,-0.085430,133.314326,105.000000,1.000000
0.060938,0.032775,-0.018416,0.095723,-0.085510,133.173407,105.000000,1.000000
0.062500,0.032719,-0.018339,0.095497,-0.085591,133.029066,105.000000,1.000000
0.064063,0.032662,-0.018259,0.095266,-0.085674,132.881323,105.000000,1.000000
0.065625,0.032603,-0.018178,0.095029,-0.085757,132.730196,105.000000,1.000000
0.067187,0.032543,-0.018095,0.094787,-0.085842,132.575704,105.000000,1.000000
0.068750,0.032483,-0.018010,0.094540,-0.085929,132.417866,105.000000,1.000000
0.070312,0.032421,-0.017923,0.094286,-0.086016,132.256703,105.000000,1.000000
0.071875,0.032358,-0.017834,0.094028,-0.086104,132.092234,105.000000,1.000000
0.073438,0.032294,-0.017743,0.093764,-0.086193,131.924481,105.000000,1.000000
0.075000,0.032229,-0.017650,0.093495,-0.086284,131.753464,105.000000,1.000000
0.076563,0.032164,-0.017555,0.093220,-0.086375,131.579205,105.000000,1.000000
0.078125,0.032097,-0.017458,0.092940,-0.086467,131.401726,105.000000,1.000000
0.079688,0.032030,-0.017359,0.092654,-0.086559,131.221049,105.000000,1.000000
0.081250,0.031961,-0.017259,0.092364,-0.086653,131.037198,105.000000,1.000000
0.082813,0.031892,-0.017156,0.092068,-0.086747,130.850194,105.000000,1.000000
0.084375,0.031822,-0.017051,0.091766,-0.086841,130.660062,105.000000,1.000000
0.085938,0.031751,-0.016945,0.091460,-0.086937,130.466826,105.000000,1.000000
0.087500,0.031680,-0.016836,0.091148,-0.087032,130.270510,105.000000,1.000000
0.089063,0.031607,-0.016726,0.090831,-0.087128,130.071138,105.000000,1.000000
0.090625,0.031534,-0.016613,0.090509,-0.087225,129.868736,105.000000,1.000000
0.092188,0.031461,-0.016499,0.090182,-0.087321,129.663330,105.000000,1.000000
0.093750,0.031386,-0.016382,0.089850,-0.087418,129.454944,105.000000,1.000000
0.095313,0.031311,-0.016264,0.089512,-0.087515,129.243606,105.000000,1.000000
0.096875,0.031236,-0.016144,0.089170,-0.087612,129.029342,105.000000,1.000000
0.098438,0.031160,-0.016022,0.088822,-0.087709,128.812179,105.000000,1.000000
0.100000,0.031083,-0.015898,0.088470,-0.087806,128.592144,105.000000,1.000000
0.101562,0.031006,-0.015772,0.088113,-0.087903,128.369265,105.000000,1.000000
0.103125,0.030928,-0.015644,0.087750,-0.087999,128.143570,105.000000,1.000000
0.104688,0.030850,-0.015515,0.087383,-0.088096,127.915087,105.000000,1.000000
0.106250,0.030772,-0.015383,0.087012,-0.088192,127.683846,105.000000,1.000000
0.107813,0.030693,-0.015250,0.086635,-0.088287,127.449875,105.000000,1.000000
0.109375,0.030613,-0.015115,0.086253,-0.088383,127.213203,105.000000,1.000000
0.110938,0.030534,-0.014977,0.085867,-0.088477,126.973862,105.000000,1.000000
0.112500,0.030454,-0.014839,0.085477,-0.088571,126.731879,105.000000,1.000000
0.114063,0.030374,-0.014698,0.085081,-0.088665,126.487287,105.000000,1.000000
0.115625,0.030294,-0.014555,0.084681,-0.088757,126.240116,105.000000,1.000000
0.117188,0.030213,-0.014411,0.084277,-0.088849,125.990397,105.000000,1.000000
0.118750,0.030132,-0.014264,0.083868,-0.088940,125.738162,105.000000,1.000000
0.120313,0.030051,-0.014116,0.083454,-0.089030,125.483441,105.000000,1.000000
0.121875,0.029970,-0.013966,0.083037,-0.089119,125.226268,105.000000,1.000000
0.123438,0.029889,-0.013815,0.082615,-0.089207,124.966675,105.000000,1.000000
0.125000,0.029808,-0.013661,0.082188,-0.089294,124.704694,105.000000,1.000000
0.126562,0.029727,-0.013506,0.081758,-0.089380,124.440358,105.000000,1.000000
0.128125,0.029646,-0.013349,0.081323,-0.089464,124.173701,105.000000,1.000000
0.129688,0.029565,-0.013191,0.080884,-0.089547,123.904756,105.000000,1.000000
0.131250,0.029484,-0.013030,0.080441,-0.089629,123.633558,105.000000,1.000000
0.132812,0.029403,-0.012868,0.079994,-0.089709,123.360139,105.000000,1.000000
0.134375,0.029322,-0.012704,0.079543,-0.089788,123.084535,105.000000,1.000000
0.135938,0.029242,-0.012539,0.079088,-0.089865,122.806780,105.000000,1.000000
0.137500,0.029161,-0.012372,0.078629,-0.089941,122.526909,105.000000,1.000000
0.139063,0.029081,-0.012203,0.078167,-0.090015,122.244958,105.000000,1.000000
0.140625,0.029001,-0.012033,0.077701,-0.090087,121.960962,105.000000,1.000000
0.142187,0.028922,-0.011861,0.077231,-0.090157,121.674957,105.000000,1.000000
0.143750,0.028842,-0.011688,0.076757,-0.090225,121.386978,105.000000,1.000000
0.145313,0.028763,-0.011513,0.076281,-0.090292,121.097063,105.000000,1.000000
0.146875,0.028685,-0.011336,0.075800,-0.090356,120.805247,105.000000,1.000000
0.148438,0.028607,-0.011158,0.075316,-0.090418,120.511567,105.000000,1.000000
0.150000,0.028529,-0.010978,0.074829,-0.090479,120.216060,105.000000,1.000000
0.151563,0.028452,-0.010797,0.074339,-0.090537,119.918764,105.000000,1.000000
0.153125,0.028375,-0.010614,0.073845,-0.090592,119.619715,105.000000,1.000000
0.154688,0.028299,-0.010430,0.073349,-0.090646,119.318952,105.000000,1.000000
0.156250,0.028223,-0.010245,0.072849,-0.090697,119.016512,105.000000,1.000000
0.157813,0.028148,-0.010058,0.072346,-0.090746,118.712434,105.000000,1.000000
0.159375,0.028074,-0.009870,0.071841,-0.090792,118.406755,105.000000,1.000000
0.160938,0.028000,-0.009680,0.071332,-0.090836,118.099515,105.000000,1.000000
0.162500,0.027926,-0.009489,0.070821,-0.090878,117.790751,105.000000,1.000000
0.164062,0.027854,-0.009297,0.070307,-0.090916,117.480503,105.000000,1.000000
0.165625,0.027782,-0.009103,0.069791,-0.090952,117.168810,105.000000,1.000000
0.167188,0.027711,-0.008908,0.069272,-0.090986,116.855711,105.000000,1.000000
0.168750,0.027641,-0.008712,0.068750,-0.091017,116.541245,105.000000,1.000000
0.170313,0.027571,-0.008515,0.068226,-0.091045,116.225452,105.000000,1.000000
0.171875,0.027503,-0.008317,0.067700,-0.091070,115.908372,105.000000,1.000000
0.173438,0.027435,-0.008117,0.067172,-0.091093,115.590044,105.000000,1.000000
0.175000,0.027368,-0.007916,0.066642,-0.091112,115.270510,105.000000,1.000000
0.176563,0.027302,-0.007714,0.066109,-0.091129,114.949808,105.000000,1.000000
0.178125,0.027236,-0.007511,0.065575,-0.091142,114.627980,105.000000,1.000000
0.179688,0.027172,-0.007307,0.065039,-0.091153,114.305065,105.000000,1.000000
0.181250,0.027109,-0.007102,0.064501,-0.091161,113.981105,105.000000,1.000000
0.182813,0.027046,-0.006896,0.063961,-0.091166,113.656141,105.000000,1.000000
0.184375,0.026985,-0.006689,0.063420,-0.091167,113.330212,105.000000,1.000000
0.185938,0.026924,-0.006482,0.062877,-0.091166,113.003361,105.000000,1.000000
0.187500,0.026865,-0.006273,0.062332,-0.091161,112.675628,105.000000,1.000000
0.189063,0.026807,-0.006063,0.061787,-0.091154,112.347055,105.000000,1.000000
0.190625,0.026750,-0.005852,0.061240,-0.091143,112.017682,105.000000,1.000000
0.192188,0.026693,-0.005641,0.060692,-0.091129,111.687553,105.000000,1.000000
0.193750,0.026638,-0.005429,0.060142,-0.091112,111.356707,105.000000,1.000000
0.195312,0.026584,-0.005216,0.059592,-0.091091,111.025187,105.000000,1.000000
0.196875,0.026532,-0.005003,0.059041,-0.091067,110.693034,105.000000,1.000000
0.198438,0.026480,-0.004788,0.058489,-0.091040,110.360290,105.000000,1.000000
0.200000,0.026429,-0.004573,0.057936,-0.091010,110.026998,105.000000,1.000000
0.201563,0.026380,-0.004358,0.057383,-0.090977,109.693199,105.000000,1.000000
0.203125,0.026332,-0.004142,0.056829,-0.090940,109.358934,105.000000,1.000000
0.204688,0.026285,-0.003925,0.056274,-0.090900,109.024247,105.000000,1.000000
0.206250,0.026239,-0.003708,0.055719,-0.090857,108.689179,105.000000,1.000000
0.207813,0.026195,-0.003490,0.055164,-0.090810,108.353773,105.000000,1.000000
0.209375,0.026152,-0.003272,0.054609,-0.090760,108.018070,105.000000,1.000000
0.210938,0.026110,-0.003054,0.054053,-0.090707,107.682113,105.000000,1.000000
0.212500,0.026069,-0.002835,0.053498,-0.090651,107.345945,105.000000,1.000000
0.214063,0.026029,-0.002615,0.052942,-0.090591,107.009607,105.000000,1.000000
0.215625,0.025991,-0.002396,0.052387,-0.090528,106.673142,105.000000,1.000000
0.217188,0.025954,-0.002176,0.051832,-0.090462,106.336592,105.000000,1.000000
0.218750,0.025919,-0.001956,0.051277,-0.090392,106.000000,105.000000,1.000000
0.220313,0.025884,-0.001736,0.050723,-0.090319,105.663408,105.000000,1.000000
0.221875,0.025851,-0.001515,0.050169,-0.090243,105.326858,105.000000,1.000000
0.223438,0.025819,-0.001295,0.049616,-0.090164,104.990393,105.000000,1.000000
0.225000,0.025789,-0.001074,0.049063,-0.090081,104.654055,105.000000,1.000000
0.226562,0.025760,-0.000853,0.048512,-0.089995,104.317887,105.000000,1.000000
0.228125,0.025732,-0.000632,0.047961,-0.089907,103.981930,105.000000,1.000000
0.229688,0.025706,-0.000412,0.047411,-0.089814,103.646227,105.000000,1.000000
0.231250,0.025680,-0.000191,0.046862,-0.089719,103.310821,105.000000,1.000000
0.232813,0.025657,0.000030,0.046314,-0.089621,102.975753,105.000000,1.000000
0.234375,0.025634,0.000250,0.045768,-0.089520,102.641066,105.000000,1.000000
0.235938,0.025613,0.000471,0.045222,-0.089415,102.306801,105.000000,1.000000
0.237500,0.025593,0.000691,0.044678,-0.089308,101.973002,105.000000,1.000000
0.239063,0.025574,0.000911,0.044136,-0.089197,101.639710,105.000000,1.000000
0.240625,0.025557,0.001131,0.043595,-0.089084,101.306966,105.000000,1.000000
0.242188,0.025541,0.001350,0.043056,-0.088967,100.974813,105.000000,1.000000
0.243750,0.025526,0.001569,0.042518,-0.088848,100.643293,105.000000,1.000000
0.245313,0.025513,0.001788,0.041982,-0.088726,100.312447,105.000000,1.000000
0.246875,0.025501,0.002006,0.041448,-0.088601,99.982318,105.000000,1.000000
0.248438,0.025490,0.002224,0.040916,-0.088473,99.652945,105.000000,1.000000
0.250000,0.025480,0.002442,0.040387,-0.088343,99.324372,105.000000,1.000000
0.251563,0.025472,0.002659,0.039859,-0.088210,98.996639,105.000000,1.000000
0.253125,0.025465,0.002875,0.039333,-0.088074,98.669788,105.000000,1.000000
0.254688,0.025459,0.003091,0.038810,-0.087935,98.343859,105.000000,1.000000
0.256250,0.025455,0.003306,0.038289,-0.087795,98.018895,105.000000,1.000000
0.257812,0.025451,0.003520,0.037770,-0.087651,97.694935,105.000000,1.000000
0.259375,0.025449,0.003734,0.037254,-0.087505,97.372020,105.000000,1.000000
0.260937,0.025448,0.003948,0.036740,-0.087357,97.050192,105.000000,1.000000
0.262500,0.025449,0.004160,0.036229,-0.087206,96.729490,105.000000,1.000000
0.264063,0.025450,0.004372,0.035721,-0.087053,96.409956,105.000000,1.000000
0.265625,0.025453,0.004582,0.035216,-0.086898,96.091628,105.000000,1.000000
0.267188,0.025457,0.004792,0.034713,-0.086741,95.774548,105.000000,1.000000
0.268750,0.025462,0.005002,0.034213,-0.086581,95.458755,105.000000,1.000000
0.270313,0.025468,0.005210,0.033717,-0.086420,95.144289,105.000000,1.000000
0.271875,0.025475,0.005417,0.033223,-0.086256,94.831190,105.000000,1.000000
0.273438,0.025483,0.005623,0.032733,-0.086091,94.519497,105.000000,1.000000
0.275000,0.025492,0.005829,0.032245,-0.085923,94.209249,105.000000,1.000000
0.276562,0.025503,0.006033,0.031761,-0.085754,93.900485,105.000000,1.000000
0.278125,0.025514,0.006236,0.031280,-0.085583,93.593245,105.000000,1.000000
0.279688,0.025527,0.006438,0.030803,-0.085410,93.287566,105.000000,1.000000
0.281250,0.025540,0.006639,0.030329,-0.085236,92.983488,105.000000,1.000000
0.282813,0.025555,0.006839,0.029858,-0.085060,92.681048,105.000000,1.000000
0.284375,0.025570,0.007038,0.029391,-0.084883,92.380285,105.000000,1.000000
0.285938,0.025586,0.007235,0.028928,-0.084704,92.081236,105.000000,1.000000
0.287500,0.025604,0.007431,0.028468,-0.084524,91.783940,105.000000,1.000000
0.289062,0.025622,0.007626,0.028012,-0.084343,91.488433,105.000000,1.000000
0.290625,0.025641,0.007820,0.027559,-0.084160,91.194753,105.000000,1.000000
0.292187,0.025661,0.008012,0.027111,-0.083977,90.902937,105.000000,1.000000
0.293750,0.025682,0.008203,0.026666,-0.083792,90.613022,105.000000,1.000000
0.295313,0.025703,0.008392,0.026225,-0.083606,90.325043,105.000000,1.000000
0.296875,0.025726,0.008580,0.025788,-0.083420,90.039038,105.000000,1.000000
0.298438,0.025749,0.008767,0.025356,-0.083232,89.755042,105.000000,1.000000
0.300000,0.025773,0.008952,0.024927,-0.083044,89.473091,105.000000,1.000000
0.301563,0.025797,0.009136,0.024502,-0.082855,89.193220,105.000000,1.000000
0.303125,0.025823,0.009318,0.024081,-0.082665,88.915465,105.000000,1.000000
0.304688,0.025849,0.009499,0.023665,-0.082475,88.639861,105.000000,1.000000
0.306250,0.025876,0.009678,0.023253,-0.082285,88.366442,105.000000,1.000000
0.307813,0.025903,0.009856,0.022845,-0.082094,88.095244,105.000000,1.000000
0.309375,0.025931,0.010032,0.022441,-0.081902,87.826299,105.000000,1.000000
0.310938,0.025959,0.010206,0.022042,-0.081711,87.559642,105.000000,1.000000
0.312500,0.025988,0.010379,0.021647,-0.081519,87.295306,105.000000,1.000000
0.314063,0.026018,0.010550,0.021256,-0.081327,87.033325,105.000000,1.000000
0.315625,0.026048,0.010719,0.020870,-0.081135,86.773732,105.000000,1.000000
0.317188,0.026078,0.010886,0.020488,-0.080944,86.516559,105.000000,1.000000
0.318750,0.026109,0.011052,0.020111,-0.080752,86.261838,105.000000,1.000000
0.320312,0.026141,0.011216,0.019739,-0.080561,86.009603,105.000000,1.000000
0.321875,0.026173,0.011379,0.019370,-0.080369,85.759884,105.000000,1.000000
0.323438,0.026205,0.011539,0.019007,-0.080179,85.512713,105.000000,1.000000
0.325000,0.026237,0.011698,0.018648,-0.079988,85.268121,105.000000,1.000000
0.326563,0.026270,0.011855,0.018294,-0.079799,85.026138,105.000000,1.000000
0.328125,0.026303,0.012010,0.017944,-0.079610,84.786797,105.000000,1.000000
0.329688,0.026337,0.012163,0.017599,-0.079421,84.550125,105.000000,1.000000
0.331250,0.026370,0.012314,0.017259,-0.079233,84.316154,105.000000,1.000000
0.332813,0.026404,0.012464,0.016923,-0.079046,84.084913,105.000000,1.000000
0.334375,0.026438,0.012611,0.016592,-0.078860,83.856430,105.000000,1.000000
0.335938,0.026472,0.012757,0.016266,-0.078675,83.630735,105.000000,1.000000
0.337500,0.026507,0.012900,0.015945,-0.078491,83.407856,105.000000,1.000000
0.339063,0.026541,0.013042,0.015629,-0.078309,83.187821,105.000000,1.000000
0.340625,0.026576,0.013182,0.015317,-0.078127,82.970658,105.000000,1.000000
0.342188,0.026610,0.013319,0.015010,-0.077947,82.756394,105.000000,1.000000
0.343750,0.026645,0.013455,0.014708,-0.077768,82.545056,105.000000,1.000000
0.345313,0.026680,0.013588,0.014411,-0.077590,82.336670,105.000000,1.000000
0.346875,0.026714,0.013720,0.014119,-0.077414,82.131264,105.000000,1.000000
0.348438,0.026749,0.013850,0.013832,-0.077239,81.928862,105.000000,1.000000
0.350000,0.026783,0.013977,0.013549,-0.077066,81.729490,105.000000,1.000000
0.351562,0.026818,0.014102,0.013272,-0.076895,81.533174,105.000000,1.000000
0.353125,0.026852,0.014226,0.012999,-0.076725,81.339938,105.000000,1.000000
0.354688,0.026886,0.014347,0.012732,-0.076558,81.149806,105.000000,1.000000
0.356250,0.026920,0.014466,0.012469,-0.076392,80.962802,105.000000,1.000000
0.357813,0.026954,0.014583,0.012211,-0.076228,80.778951,105.000000,1.000000
0.359375,0.026987,0.014698,0.011959,-0.076066,80.598274,105.000000,1.000000
0.360938,0.027021,0.014811,0.011711,-0.075906,80.420795,105.000000,1.000000
0.362500,0.027054,0.014921,0.011468,-0.075749,80.246536,105.000000,1.000000
0.364063,0.027086,0.015030,0.011230,-0.075594,80.075519,105.000000,1.000000
0.365625,0.027119,0.015136,0.010997,-0.075440,79.907766,105.000000,1.000000
0.367188,0.027151,0.015240,0.010770,-0.075290,79.743297,105.000000,1.000000
0.368750,0.027183,0.015342,0.010547,-0.075141,79.582134,105.000000,1.000000
0.370313,0.027214,0.015442,0.010329,-0.074995,79.424296,105.000000,1.000000
0.371875,0.027245,0.015539,0.010116,-0.074852,79.269804,105.000000,1.000000
0.373438,0.027276,0.015635,0.009908,-0.074711,79.118677,105.000000,1.000000
0.375000,0.027306,0.015728,0.009706,-0.074573,78.970934,105.000000,1.000000
0.376563,0.027335,0.015819,0.009508,-0.074438,78.826593,105.000000,1.000000
0.378125,0.027365,0.015907,0.009315,-0.074305,78.685674,105.000000,1.000000
0.379688,0.027393,0.015994,0.009127,-0.074175,78.548192,105.000000,1.000000
0.381250,0.027422,0.016078,0.008945,-0.074048,78.414167,105.000000,1.000000
0.382812,0.027449,0.016160,0.008767,-0.073923,78.283614,105.000000,1.000000
0.384375,0.027476,0.016240,0.008594,-0.073802,78.156550,105.000000,1.000000
0.385938,0.027503,0.016317,0.008427,-0.073684,78.032992,105.000000,1.000000
0.387500,0.027529,0.016392,0.008264,-0.073568,77.912954,105.000000,1.000000
0.389063,0.027554,0.016465,0.008106,-0.073456,77.796452,105.000000,1.000000
0.390625,0.027578,0.016536,0.007954,-0.073347,77.683500,105.000000,1.000000
0.392188,0.027602,0.016604,0.007806,-0.073241,77.574113,105.000000,1.000000
0.393750,0.027626,0.016670,0.007664,-0.073138,77.468305,105.000000,1.000000
0.395313,0.027648,0.016734,0.007526,-0.073038,77.366088,105.000000,1.000000
0.396875,0.027670,0.016796,0.007394,-0.072942,77.267475,105.000000,1.000000
0.398438,0.027692,0.016855,0.007266,-0.072849,77.172480,105.000000,1.000000
0.400000,0.027712,0.016912,0.007144,-0.072760,77.081114,105.000000,1.000000
0.401563,0.027732,0.016966,0.007026,-0.072673,76.993389,105.000000,1.000000
0.403125,0.027751,0.017019,0.006914,-0.072591,76.909314,105.000000,1.000000
0.404688,0.027769,0.017069,0.006806,-0.072511,76.828902,105.000000,1.000000
0.406250,0.027787,0.017116,0.006704,-0.072435,76.752163,105.000000,1.000000
0.407813,0.027804,0.017162,0.006606,-0.072363,76.679105,105.000000,1.000000
0.409375,0.027820,0.017205,0.006514,-0.072294,76.609738,105.000000,1.000000
0.410938,0.027835,0.017246,0.006427,-0.072229,76.544071,105.000000,1.000000
0.412500,0.027849,0.017284,0.006344,-0.072167,76.482112,105.000000,1.000000
0.414062,0.027863,0.017320,0.006267,-0.072109,76.423869,105.000000,1.000000
0.415625,0.027875,0.017354,0.006194,-0.072055,76.369350,105.000000,1.000000
0.417188,0.027887,0.017385,0.006127,-0.072004,76.318560,105.000000,1.000000
0.418750,0.027898,0.017415,0.006065,-0.071957,76.271507,105.000000,1.000000
0.420313,0.027908,0.017441,0.006007,-0.071914,76.228196,105.000000,1.000000
0.421875,0.027918,0.017466,0.005955,-0.071874,76.188634,105.000000,1.000000
0.423438,0.027926,0.017488,0.005907,-0.071838,76.152824,105.000000,1.000000
0.425000,0.027934,0.017508,0.005865,-0.071806,76.120771,105.000000,1.000000
0.426563,0.027940,0.017525,0.005828,-0.071778,76.092480,105.000000,1.000000
0.428125,0.027946,0.017541,0.005795,-0.071753,76.067954,105.000000,1.000000
0.429688,0.027951,0.017554,0.005768,-0.071732,76.047196,105.000000,1.000000
0.431250,0.027955,0.017564,0.005745,-0.071715,76.030208,105.000000,1.000000
0.432813,0.027958,0.017572,0.005728,-0.071702,76.016993,105.000000,1.000000
0.434375,0.027960,0.017578,0.005715,-0.071692,76.007553,105.000000,1.000000
0.435938,0.027962,0.017582,0.005708,-0.071686,76.001888,105.000000,1.000000
0.437500,0.027962,0.017583,0.005705,-0.071685,76.000000,105.000000,0.000000
0.439063,0.027962,0.017584,0.005706,-0.071683,76.000547,104.997628,0.000000
0.440625,0.027962,0.017588,0.005708,-0.071680,76.002190,104.990510,0.000000
0.442188,0.027961,0.017594,0.005712,-0.071675,76.004927,104.978650,0.000000
0.443750,0.027960,0.017603,0.005717,-0.071667,76.008760,104.962047,0.000000
0.445312,0.027958,0.017615,0.005723,-0.071658,76.013686,104.940706,0.000000
0.446875,0.027957,0.017629,0.005730,-0.071646,76.019708,104.914627,0.000000
0.448438,0.027954,0.017645,0.005739,-0.071632,76.026824,104.883817,0.000000
0.450000,0.027952,0.017664,0.005750,-0.071617,76.035033,104.848278,0.000000
0.451563,0.027950,0.017686,0.005762,-0.071598,76.044337,104.808017,0.000000
0.453125,0.027947,0.017710,0.005775,-0.071578,76.054733,104.763038,0.000000
0.454688,0.027943,0.017737,0.005790,-0.071556,76.066223,104.713350,0.000000
0.456250,0.027940,0.017766,0.005806,-0.071532,76.078806,104.658958,0.000000
0.457813,0.027936,0.017798,0.005823,-0.071505,76.092480,104.599871,0.000000
0.459375,0.027932,0.017832,0.005842,-0.071477,76.107246,104.536098,0.000000
0.460938,0.027928,0.017869,0.005863,-0.071446,76.123103,104.467647,0.000000
0.462500,0.027923,0.017908,0.005885,-0.071413,76.140051,104.394529,0.000000
0.464063,0.027918,0.017950,0.005908,-0.071378,76.158089,104.316755,0.000000
0.465625,0.027913,0.017994,0.005933,-0.071341,76.177215,104.234335,0.000000
0.467188,0.027908,0.018041,0.005959,-0.071302,76.197431,104.147282,0.000000
0.468750,0.027902,0.018090,0.005986,-0.071261,76.218734,104.055609,0.000000
0.470313,0.027896,0.018142,0.006015,-0.071218,76.241124,103.959329,0.000000
0.471875,0.027890,0.018196,0.006046,-0.071173,76.264600,103.858455,0.000000
0.473438,0.027884,0.018252,0.006078,-0.071126,76.289162,103.753004,0.000000
0.475000,0.027878,0.018311,0.006112,-0.071077,76.314808,103.642989,0.000000
0.476562,0.027871,0.018373,0.006147,-0.071025,76.341538,103.528428,0.000000
0.478125,0.027865,0.018437,0.006184,-0.070972,76.369350,103.409337,0.000000
0.479688,0.027858,0.018503,0.006222,-0.070917,76.398243,103.285733,0.000000
0.481250,0.027851,0.018571,0.006262,-0.070860,76.428218,103.157634,0.000000
0.482813,0.027843,0.018642,0.006303,-0.070800,76.459271,103.025059,0.000000
0.484375,0.027836,0.018716,0.006346,-0.070739,76.491403,102.888028,0.000000
0.485938,0.027829,0.018791,0.006390,-0.070676,76.524612,102.746560,0.000000
0.487500,0.027821,0.018869,0.006436,-0.070611,76.558896,102.600676,0.000000
0.489063,0.027814,0.018950,0.006484,-0.070544,76.594255,102.450398,0.000000
0.490625,0.027806,0.019032,0.006533,-0.070474,76.630688,102.295746,0.000000
0.492188,0.027798,0.019117,0.006584,-0.070403,76.668193,102.136745,0.000000
0.493750,0.027790,0.019204,0.006636,-0.070331,76.706768,101.973417,0.000000
0.495313,0.027783,0.019294,0.006691,-0.070256,76.746412,101.805785,0.000000
0.496875,0.027775,0.019386,0.006746,-0.070179,76.787124,101.633875,0.000000
0.498438,0.027767,0.019479,0.006804,-0.070100,76.828902,101.457712,0.000000
0.500000,0.027759,0.019575,0.006863,-0.070020,76.871745,101.277321,0.000000
0.501563,0.027751,0.019674,0.006924,-0.069938,76.915652,101.092728,0.000000
0.503125,0.027744,0.019774,0.006987,-0.069854,76.960620,100.903961,0.000000
0.504688,0.027736,0.019877,0.007051,-0.069768,77.006647,100.711047,0.000000
0.506250,0.027728,0.019981,0.007117,-0.069680,77.053733,100.514014,0.000000
0.507812,0.027721,0.020088,0.007185,-0.069590,77.101876,100.312891,0.000000
0.509375,0.027714,0.020197,0.007255,-0.069499,77.151073,100.107708,0.000000
0.510938,0.027706,0.020308,0.007326,-0.069406,77.201324,99.898494,0.000000
0.512500,0.027699,0.020421,0.007399,-0.069311,77.252625,99.685279,0.000000
0.514062,0.027692,0.020536,0.007474,-0.069215,77.304976,99.468096,0.000000
0.515625,0.027686,0.020653,0.007551,-0.069117,77.358374,99.246976,0.000000
0.517188,0.027679,0.020772,0.007630,-0.069017,77.412818,99.021950,0.000000
0.518750,0.027673,0.020893,0.007710,-0.068915,77.468305,98.793052,0.000000
0.520313,0.027666,0.021016,0.007793,-0.068812,77.524833,98.560316,0.000000
0.521875,0.027661,0.021140,0.007877,-0.068707,77.582401,98.323775,0.000000
0.523438,0.027655,0.021267,0.007964,-0.068601,77.641006,98.083463,0.000000
0.525000,0.027649,0.021395,0.008052,-0.068493,77.700646,97.839417,0.000000
0.526563,0.027644,0.021526,0.008142,-0.068384,77.761319,97.591670,0.000000
0.528125,0.027640,0.021658,0.008234,-0.068272,77.823022,97.340261,0.000000
0.529687,0.027635,0.021791,0.008328,-0.068160,77.885754,97.085225,0.000000
0.531250,0.027631,0.021927,0.008424,-0.068046,77.949513,96.826599,0.000000
0.532813,0.027627,0.022064,0.008522,-0.067930,78.014295,96.564422,0.000000
0.534375,0.027624,0.022203,0.008622,-0.067813,78.080098,96.298732,0.000000
0.535938,0.027621,0.022344,0.008724,-0.067695,78.146921,96.029567,0.000000
0.537500,0.027618,0.022486,0.008828,-0.067575,78.214761,95.756966,0.000000
0.539062,0.027616,0.022630,0.008934,-0.067453,78.283614,95.480970,0.000000
0.540625,0.027614,0.022775,0.009042,-0.067331,78.353479,95.201619,0.000000
0.542188,0.027613,0.022922,0.009152,-0.067207,78.424353,94.918954,0.000000
0.543750,0.027612,0.023070,0.009264,-0.067082,78.496234,94.633015,0.000000
0.545312,0.027611,0.023220,0.009378,-0.066955,78.569119,94.343845,0.000000
0.546875,0.027611,0.023371,0.009495,-0.066827,78.643005,94.051486,0.000000
0.548438,0.027612,0.023524,0.009613,-0.066698,78.717889,93.755981,0.000000
0.550000,0.027613,0.023678,0.009734,-0.066568,78.793769,93.457372,0.000000
0.551563,0.027615,0.023834,0.009856,-0.066436,78.870642,93.155703,0.000000
0.553125,0.027617,0.023990,0.009981,-0.066304,78.948506,92.851019,0.000000
0.554688,0.027619,0.024148,0.010108,-0.066170,79.027357,92.543363,0.000000
0.556250,0.027623,0.024307,0.010237,-0.066035,79.107192,92.232782,0.000000
0.557813,0.027626,0.024468,0.010368,-0.065899,79.188009,91.919319,0.000000
0.559375,0.027631,0.024629,0.010502,-0.065762,79.269804,91.603021,0.000000
0.560937,0.027636,0.024792,0.010637,-0.065624,79.352575,91.283934,0.000000
0.562500,0.027641,0.024956,0.010775,-0.065485,79.436319,90.962104,0.000000
0.564063,0.027647,0.025121,0.010915,-0.065345,79.521033,90.637579,0.000000
0.565625,0.027654,0.025287,0.011057,-0.065204,79.606712,90.310406,0.000000
0.567188,0.027662,0.025454,0.011201,-0.065062,79.693356,89.980633,0.000000
0.568750,0.027670,0.025621,0.011348,-0.064919,79.780959,89.648308,0.000000
0.570312,0.027679,0.025790,0.011497,-0.064776,79.869519,89.313479,0.000000
0.571875,0.027688,0.025960,0.011648,-0.064631,79.959034,88.976195,0.000000
0.573438,0.027698,0.026130,0.011801,-0.064486,80.049498,88.636506,0.000000
0.575000,0.027709,0.026301,0.011956,-0.064340,80.140910,88.294461,0.000000
0.576562,0.027720,0.026473,0.012114,-0.064193,80.233266,87.950110,0.000000
0.578125,0.027732,0.026646,0.012273,-0.064046,80.326562,87.603503,0.000000
0.579688,0.027745,0.026820,0.012435,-0.063898,80.420795,87.254691,0.000000
0.581250,0.027758,0.026994,0.012599,-0.063749,80.515962,86.903725,0.000000
0.582813,0.027773,0.027168,0.012766,-0.063600,80.612059,86.550656,0.000000
0.584375,0.027788,0.027343,0.012934,-0.063450,80.709083,86.195536,0.000000
0.585938,0.027803,0.027519,0.013105,-0.063299,80.807030,85.838416,0.000000
0.587500,0.027819,0.027696,0.013278,-0.063148,80.905896,85.479349,0.000000
0.589063,0.027836,0.027872,0.013453,-0.062997,81.005678,85.118387,0.000000
0.590625,0.027854,0.028049,0.013631,-0.062845,81.106373,84.755582,0.000000
0.592187,0.027872,0.028227,0.013810,-0.062692,81.207976,84.390989,0.000000
0.593750,0.027891,0.028405,0.013992,-0.062539,81.310484,84.024659,0.000000
0.595313,0.027911,0.028583,0.014176,-0.062386,81.413893,83.656646,0.000000
0.596875,0.027932,0.028761,0.014362,-0.062233,81.518200,83.287005,0.000000
0.598438,0.027953,0.028940,0.014550,-0.062079,81.623400,82.915789,0.000000
0.600000,0.027975,0.029119,0.014741,-0.061925,81.729490,82.543052,0.000000
0.601562,0.027997,0.029297,0.014933,-0.061770,81.836466,82.168849,0.000000
0.603125,0.028020,0.029476,0.015128,-0.061616,81.944324,81.793235,0.000000
0.604688,0.028044,0.029655,0.015325,-0.061461,82.053060,81.416263,0.000000
0.606250,0.028069,0.029835,0.015524,-0.061306,82.162670,81.037990,0.000000
0.607813,0.028094,0.030014,0.015725,-0.061151,82.273150,80.658470,0.000000
0.609375,0.028120,0.030192,0.015928,-0.060996,82.384496,80.277759,0.000000
0.610938,0.028147,0.030371,0.016133,-0.060841,82.496704,79.895913,0.000000
0.612500,0.028174,0.030550,0.016340,-0.060686,82.609769,79.512986,0.000000
0.614063,0.028202,0.030729,0.016550,-0.060531,82.723689,79.129036,0.000000
0.615625,0.028230,0.030907,0.016761,-0.060375,82.838458,78.744118,0.000000
0.617188,0.028259,0.031085,0.016974,-0.060220,82.954073,78.358289,0.000000
0.618750,0.028289,0.031263,0.017189,-0.060065,83.070528,77.971604,0.000000
0.620313,0.028319,0.031440,0.017407,-0.059910,83.187821,77.584120,0.000000
0.621875,0.028350,0.031617,0.017626,-0.059756,83.305946,77.195894,0.000000
0.623438,0.028382,0.031794,0.017847,-0.059601,83.424900,76.806983,0.000000
0.625000,0.028414,0.031970,0.018070,-0.059447,83.544678,76.417442,0.000000
0.626563,0.028446,0.032145,0.018295,-0.059293,83.665275,76.027330,0.000000
0.628125,0.028479,0.032321,0.018522,-0.059139,83.786687,75.636702,0.000000
0.629688,0.028513,0.032495,0.018751,-0.058985,83.908910,75.245617,0.000000
0.631250,0.028547,0.032669,0.018981,-0.058832,84.031940,74.854131,0.000000
0.632812,0.028581,0.032842,0.019213,-0.058679,84.155771,74.462301,0.000000
0.634375,0.028616,0.033015,0.019447,-0.058527,84.280400,74.070185,0.000000
0.635938,0.028652,0.033187,0.019683,-0.058375,84.405822,73.677839,0.000000
0.637500,0.028687,0.033358,0.019921,-0.058223,84.532031,73.285322,0.000000
0.639063,0.028724,0.033528,0.020160,-0.058072,84.659024,72.892690,0.000000
0.640625,0.028760,0.033698,0.020401,-0.057922,84.786797,72.500000,0.000000
0.642188,0.028797,0.033866,0.020643,-0.057771,84.915343,72.107310,0.000000
0.643750,0.028834,0.034034,0.020888,-0.057622,85.044659,71.714678,0.000000
0.645313,0.028872,0.034201,0.021133,-0.057473,85.174740,71.322161,0.000000
0.646875,0.028910,0.034367,0.021381,-0.057324,85.305581,70.929815,0.000000
0.648438,0.028948,0.034532,0.021629,-0.057177,85.437177,70.537699,0.000000
0.650000,0.028987,0.034696,0.021880,-0.057030,85.569524,70.145869,0.000000
0.651563,0.029025,0.034858,0.022131,-0.056883,85.702617,69.754383,0.000000
0.653125,0.029064,0.035020,0.022384,-0.056737,85.836450,69.363298,0.000000
0.654688,0.029103,0.035181,0.022639,-0.056592,85.971020,68.972670,0.000000
0.656250,0.029142,0.035340,0.022895,-0.056448,86.106320,68.582558,0.000000
0.657813,0.029182,0.035498,0.023152,-0.056304,86.242347,68.193017,0.000000
0.659375,0.029221,0.035655,0.023411,-0.056161,86.379095,67.804106,0.000000
0.660938,0.029260,0.035811,0.023670,-0.056019,86.516559,67.415880,0.000000
0.662500,0.029300,0.035965,0.023931,-0.055878,86.654734,67.028396,0.000000
0.664062,0.029339,0.036118,0.024194,-0.055738,86.793615,66.641711,0.000000
0.665625,0.029379,0.036270,0.024457,-0.055598,86.933197,66.255882,0.000000
0.667188,0.029418,0.036420,0.024721,-0.055460,87.073475,65.870964,0.000000
0.668750,0.029458,0.036569,0.024987,-0.055322,87.214444,65.487014,0.000000
0.670313,0.029497,0.036717,0.025253,-0.055185,87.356099,65.104087,0.000000
0.671875,0.029536,0.036863,0.025521,-0.055050,87.498434,64.722241,0.000000
0.673438,0.029575,0.037007,0.025789,-0.054915,87.641444,64.341530,0.000000
0.675000,0.029614,0.037150,0.026059,-0.054781,87.785125,63.962010,0.000000
0.676563,0.029653,0.037292,0.026329,-0.054648,87.929470,63.583737,0.000000
0.678125,0.029691,0.037432,0.026600,-0.054516,88.074475,63.206765,0.000000
0.679688,0.029729,0.037570,0.026872,-0.054386,88.220134,62.831151,0.000000
0.681250,0.029767,0.037707,0.027145,-0.054256,88.366442,62.456948,0.000000
0.682813,0.029805,0.037842,0.027418,-0.054127,88.513394,62.084211,0.000000
0.684375,0.029842,0.037975,0.027692,-0.054000,88.660984,61.712995,0.000000
0.685938,0.029879,0.038107,0.027967,-0.053873,88.809207,61.343354,0.000000
0.687500,0.029915,0.038237,0.028242,-0.053748,88.958058,60.975341,0.000000
0.689063,0.029951,0.038365,0.028518,-0.053624,89.107530,60.609011,0.000000
0.690625,0.029986,0.038492,0.028794,-0.053501,89.257619,60.244418,0.000000
0.692188,0.030021,0.038616,0.029071,-0.053379,89.408319,59.881613,0.000000
0.693750,0.030055,0.038739,0.029348,-0.053258,89.559625,59.520651,0.000000
0.695312,0.030089,0.038860,0.029626,-0.053139,89.711531,59.161584,0.000000
0.696875,0.030122,0.038980,0.029904,-0.053020,89.864031,58.804464,0.000000
0.698438,0.030155,0.039097,0.030182,-0.052903,90.017120,58.449344,0.000000
0.700000,0.030186,0.039212,0.030461,-0.052787,90.170793,58.096275,0.000000
0.701563,0.030217,0.039326,0.030739,-0.052673,90.325043,57.745309,0.000000
0.703125,0.030248,0.039438,0.031018,-0.052559,90.479866,57.396497,0.000000
0.704688,0.030277,0.039547,0.031297,-0.052447,90.635255,57.049890,0.000000
0.706250,0.030306,0.039655,0.031576,-0.052336,90.791204,56.705539,0.000000
0.707813,0.030334,0.039761,0.031855,-0.052226,90.947709,56.363494,0.000000
0.709375,0.030361,0.039865,0.032135,-0.052118,91.104764,56.023805,0.000000
0.710938,0.030387,0.039967,0.032414,-0.052011,91.262362,55.686521,0.000000
0.712500,0.030412,0.040066,0.032693,-0.051905,91.420498,55.351692,0.000000
0.714063,0.030436,0.040164,0.032972,-0.051801,91.579166,55.019367,0.000000
0.715625,0.030460,0.040260,0.033250,-0.051698,91.738360,54.689594,0.000000
0.717188,0.030482,0.040353,0.033529,-0.051596,91.898075,54.362421,0.000000
0.718750,0.030503,0.040445,0.033807,-0.051496,92.058305,54.037896,0.000000
0.720313,0.030523,0.040534,0.034085,-0.051397,92.219043,53.716066,0.000000
0.721875,0.030542,0.040621,0.034363,-0.051299,92.380285,53.396979,0.000000
0.723438,0.030560,0.040706,0.034640,-0.051203,92.542024,53.080681,0.000000
0.725000,0.030577,0.040789,0.034917,-0.051108,92.704254,52.767218,0.000000
0.726562,0.030592,0.040870,0.035194,-0.051015,92.866969,52.456637,0.000000
0.728125,0.030606,0.040949,0.035469,-0.050922,93.030163,52.148981,0.000000
0.729688,0.030619,0.041025,0.035745,-0.050832,93.193831,51.844297,0.000000
0.731250,0.030631,0.041100,0.036020,-0.050742,93.357967,51.542628,0.000000
0.732813,0.030641,0.041172,0.036294,-0.050655,93.522564,51.244019,0.000000
0.734375,0.030650,0.041241,0.036567,-0.050568,93.687616,50.948514,0.000000
0.735938,0.030658,0.041309,0.036840,-0.050483,93.853117,50.656155,0.000000
0.737500,0.030664,0.041374,0.037112,-0.050399,94.019062,50.366985,0.000000
0.739063,0.030669,0.041437,0.037384,-0.050317,94.185445,50.081046,0.000000
0.740625,0.030673,0.041498,0.037654,-0.050237,94.352258,49.798381,0.000000
0.742188,0.030675,0.041557,0.037924,-0.050157,94.519497,49.519030,0.000000
0.743750,0.030675,0.041613,0.038193,-0.050079,94.687155,49.243034,0.000000
0.745313,0.030674,0.041667,0.038461,-0.050003,94.855225,48.970433,0.000000
0.746875,0.030671,0.041718,0.038728,-0.049928,95.023703,48.701268,0.000000
0.748438,0.030667,0.041768,0.038994,-0.049855,95.192581,48.435578,0.000000
0.750000,0.030662,0.041814,0.039259,-0.049783,95.361853,48.173401,0.000000
0.751563,0.030654,0.041859,0.039523,-0.049713,95.531514,47.914775,0.000000
0.753125,0.030645,0.041901,0.039785,-0.049644,95.701557,47.659739,0.000000
0.754688,0.030635,0.041941,0.040047,-0.049576,95.871976,47.408330,0.000000
0.756250,0.030623,0.041978,0.040308,-0.049510,96.042764,47.160583,0.000000
0.757812,0.030609,0.042013,0.040567,-0.049446,96.213916,46.916537,0.000000
0.759375,0.030593,0.042046,0.040825,-0.049383,96.385425,46.676225,0.000000
0.760938,0.030576,0.042076,0.041082,-0.049322,96.557285,46.439684,0.000000
0.762500,0.030557,0.042104,0.041337,-0.049262,96.729490,46.206948,0.000000
0.764063,0.030536,0.042129,0.041592,-0.049204,96.902033,45.978050,0.000000
0.765625,0.030513,0.042152,0.041845,-0.049147,97.074908,45.753024,0.000000
0.767188,0.030489,0.042173,0.042096,-0.049092,97.248109,45.531904,0.000000
0.768750,0.030463,0.042191,0.042346,-0.049039,97.421630,45.314721,0.000000
0.770313,0.030435,0.042206,0.042595,-0.048987,97.595463,45.101506,0.000000
0.771875,0.030405,0.042219,0.042842,-0.048936,97.769603,44.892292,0.000000
0.773438,0.030373,0.042230,0.043088,-0.048887,97.944044,44.687109,0.000000
0.775000,0.030340,0.042238,0.043333,-0.048840,98.118779,44.485986,0.000000
0.776563,0.030304,0.042243,0.043575,-0.048795,98.293801,44.288953,0.000000
0.778125,0.030267,0.042246,0.043817,-0.048751,98.469105,44.096039,0.000000
0.779688,0.030228,0.042247,0.044056,-0.048708,98.644683,43.907272,0.000000
0.781250,0.030187,0.042245,0.044295,-0.048667,98.820530,43.722679,0.000000
0.782813,0.030144,0.042240,0.044531,-0.048628,98.996639,43.542288,0.000000
0.784375,0.030100,0.042233,0.044766,-0.048591,99.173004,43.366125,0.000000
0.785938,0.030053,0.042223,0.044999,-0.048555,99.349618,43.194215,0.000000
0.787500,0.030004,0.042210,0.045231,-0.048521,99.526474,43.026583,0.000000
0.789062,0.029954,0.042195,0.045461,-0.048488,99.703567,42.863255,0.000000
0.790625,0.029901,0.042178,0.045689,-0.048458,99.880890,42.704254,0.000000
0.792188,0.029847,0.042157,0.045915,-0.048429,100.058436,42.549602,0.000000
0.793750,0.029791,0.042134,0.046140,-0.048401,100.236198,42.399324,0.000000
0.795313,0.029733,0.042109,0.046363,-0.048376,100.414172,42.253440,0.000000
0.796875,0.029673,0.042081,0.046584,-0.048352,100.592349,42.111972,0.000000
0.798438,0.029611,0.042050,0.046803,-0.048329,100.770723,41.974941,0.000000
0.800000,0.029547,0.042016,0.047021,-0.048309,100.949289,41.842366,0.000000
0.801563,0.029481,0.041980,0.047237,-0.048290,101.128038,41.714267,0.000000
0.803125,0.029413,0.041941,0.047451,-0.048273,101.306966,41.590663,0.000000
0.804688,0.029343,0.041899,0.047663,-0.048258,101.486065,41.471572,0.000000
0.806250,0.029272,0.041855,0.047874,-0.048245,101.665329,41.357011,0.000000
0.807813,0.029198,0.041808,0.048082,-0.048233,101.844750,41.246996,0.000000
0.809375,0.029123,0.041758,0.048289,-0.048223,102.024324,41.141545,0.000000
0.810938,0.029046,0.041705,0.048494,-0.048216,102.204042,41.040671,0.000000
0.812500,0.028967,0.041650,0.048697,-0.048209,102.383900,40.944391,0.000000
0.814063,0.028886,0.041592,0.048898,-0.048205,102.563889,40.852718,0.000000
0.815625,0.028803,0.041531,0.049098,-0.048203,102.744003,40.765665,0.000000
0.817188,0.028718,0.041467,0.049295,-0.048202,102.924237,40.683245,0.000000
0.818750,0.028632,0.041400,0.049491,-0.048204,103.104582,40.605471,0.000000
0.820312,0.028544,0.041331,0.049685,-0.048207,103.285034,40.532353,0.000000
0.821875,0.028454,0.041258,0.049877,-0.048213,103.465584,40.463902,0.000000
0.823438,0.028362,0.041183,0.050067,-0.048220,103.646227,40.400129,0.000000
0.825000,0.028268,0.041105,0.050255,-0.048229,103.826956,40.341042,0.000000
0.826563,0.028173,0.041024,0.050442,-0.048240,104.007764,40.286650,0.000000
0.828125,0.028076,0.040940,0.050626,-0.048253,104.188645,40.236962,0.000000
0.829688,0.027977,0.040853,0.050809,-0.048268,104.369592,40.191983,0.000000
0.831250,0.027877,0.040764,0.050990,-0.048286,104.550599,40.151722,0.000000
0.832813,0.027774,0.040671,0.051169,-0.048305,104.731658,40.116183,0.000000
0.834375,0.027671,0.040575,0.051347,-0.048326,104.912764,40.085373,0.000000
0.835938,0.027565,0.040477,0.051522,-0.048349,105.093909,40.059294,0.000000
0.837500,0.027459,0.040375,0.051696,-0.048375,105.275088,40.037953,0.000000
0.839063,0.027350,0.040271,0.051868,-0.048402,105.456293,40.021350,0.000000
0.840625,0.027240,0.040163,0.052039,-0.048432,105.637517,40.009490,0.000000
0.842188,0.027129,0.040053,0.052207,-0.048463,105.818755,40.002372,0.000000
0.843750,0.027016,0.039939,0.052374,-0.048497,106.000000,40.000000,0.000000
0.845313,0.026901,0.039822,0.052540,-0.048533,106.181245,40.002372,0.000000
0.846875,0.026785,0.039703,0.052703,-0.048571,106.362483,40.009490,0.000000
0.848438,0.026668,0.039580,0.052865,-0.048611,106.543707,40.021350,0.000000
0.850000,0.026550,0.039454,0.053025,-0.048654,106.724912,40.037953,0.000000
0.851562,0.026430,0.039325,0.053184,-0.048699,106.906091,40.059294,0.000000
0.853125,0.026309,0.039193,0.053341,-0.048746,107.087236,40.085373,0.000000
0.854688,0.026186,0.039058,0.053496,-0.048795,107.268342,40.116183,0.000000
0.856250,0.026063,0.038920,0.053650,-0.048846,107.449401,40.151722,0.000000
0.857813,0.025938,0.038779,0.053803,-0.048900,107.630408,40.191983,0.000000
0.859375,0.025812,0.038634,0.053954,-0.048956,107.811355,40.236962,0.000000
0.860938,0.025685,0.038487,0.054103,-0.049014,107.992236,40.286650,0.000000
0.862500,0.025557,0.038336,0.054251,-0.049075,108.173044,40.341042,0.000000
0.864063,0.025428,0.038182,0.054398,-0.049138,108.353773,40.400129,0.000000
0.865625,0.025298,0.038025,0.054543,-0.049203,108.534416,40.463902,0.000000
0.867188,0.025167,0.037865,0.054687,-0.049271,108.714966,40.532353,0.000000
0.868750,0.025036,0.037701,0.054829,-0.049341,108.895418,40.605471,0.000000
0.870313,0.024903,0.037535,0.054970,-0.049413,109.075763,40.683245,0.000000
0.871875,0.024770,0.037365,0.055110,-0.049488,109.255997,40.765665,0.000000
0.873438,0.024636,0.037192,0.055249,-0.049565,109.436111,40.852718,0.000000
0.875000,0.024501,0.037016,0.055387,-0.049645,109.616100,40.944391,0.000000
0.876563,0.024365,0.036836,0.055523,-0.049727,109.795958,41.040671,0.000000
0.878125,0.024229,0.036653,0.055659,-0.049812,109.975676,41.141545,0.000000
0.879688,0.024093,0.036467,0.055793,-0.049899,110.155250,41.246996,0.000000
0.881250,0.023956,0.036278,0.055926,-0.049988,110.334671,41.357011,0.000000
0.882812,0.023818,0.036086,0.056058,-0.050080,110.513935,41.471572,0.000000
0.884375,0.023680,0.035890,0.056190,-0.050174,110.693034,41.590663,0.000000
0.885938,0.023542,0.035691,0.056320,-0.050271,110.871962,41.714267,0.000000
0.887500,0.023404,0.035489,0.056450,-0.050371,111.050711,41.842366,0.000000
0.889063,0.023265,0.035284,0.056578,-0.050473,111.229277,41.974941,0.000000
0.890625,0.023126,0.035076,0.056706,-0.050577,111.407651,42.111972,0.000000
0.892188,0.022987,0.034864,0.056833,-0.050684,111.585828,42.253440,0.000000
0.893750,0.022848,0.034649,0.056960,-0.050793,111.763802,42.399324,0.000000
0.895313,0.022709,0.034431,0.057086,-0.050905,111.941564,42.549602,0.000000
0.896875,0.022570,0.034209,0.057211,-0.051020,112.119110,42.704254,0.000000
0.898438,0.022431,0.033984,0.057336,-0.051137,112.296433,42.863255,0.000000
0.900000,0.022292,0.033757,0.057460,-0.051257,112.473526,43.026583,0.000000
0.901563,0.022154,0.033526,0.057584,-0.051379,112.650382,43.194215,0.000000
0.903125,0.022016,0.033291,0.057707,-0.051503,112.826996,43.366125,0.000000
0.904688,0.021878,0.033054,0.057830,-0.051631,113.003361,43.542288,0.000000
0.906250,0.021740,0.032813,0.057953,-0.051760,113.179470,43.722679,0.000000
0.907813,0.021603,0.032569,0.058075,-0.051893,113.355317,43.907272,0.000000
0.909375,0.021467,0.032322,0.058197,-0.052027,113.530895,44.096039,0.000000
0.910938,0.021331,0.032072,0.058319,-0.052165,113.706199,44.288953,0.000000
0.912500,0.021196,0.031819,0.058441,-0.052304,113.881221,44.485986,0.000000
0.914062,0.021061,0.031563,0.058563,-0.052447,114.055956,44.687109,0.000000
0.915625,0.020928,0.031303,0.058685,-0.052592,114.230397,44.892292,0.000000
0.917188,0.020795,0.031041,0.058807,-0.052739,114.404537,45.101506,0.000000
0.918750,0.020663,0.030775,0.058929,-0.052889,114.578370,45.314721,0.000000
0.920313,0.020532,0.030507,0.059051,-0.053041,114.751891,45.531904,0.000000
0.921875,0.020402,0.030235,0.059173,-0.053196,114.925092,45.753024,0.000000
0.923438,0.020273,0.029960,0.059296,-0.053353,115.097967,45.978050,0.000000
0.925000,0.020145,0.029683,0.059419,-0.053513,115.270510,46.206948,0.000000
0.926563,0.020018,0.029402,0.059542,-0.053675,115.442715,46.439684,0.000000
0.928125,0.019893,0.029119,0.059666,-0.053840,115.614575,46.676225,0.000000
0.929688,0.019769,0.028832,0.059790,-0.054007,115.786084,46.916537,0.000000
0.931250,0.019647,0.028543,0.059915,-0.054176,115.957236,47.160583,0.000000
0.932813,0.019525,0.028251,0.060040,-0.054348,116.128024,47.408330,0.000000
0.934375,0.019406,0.027956,0.060166,-0.054522,116.298443,47.659739,0.000000
0.935938,0.019288,0.027658,0.060293,-0.054699,116.468486,47.914775,0.000000
0.937500,0.019171,0.027357,0.060420,-0.054877,116.638147,48.173401,0.000000
0.939063,0.019057,0.027054,0.060548,-0.055058,116.807419,48.435578,0.000000
0.940625,0.018944,0.026748,0.060677,-0.055242,116.976297,48.701268,0.000000
0.942188,0.018833,0.026440,0.060807,-0.055427,117.144775,48.970433,0.000000
0.943750,0.018724,0.026129,0.060938,-0.055615,117.312845,49.243034,0.000000
0.945312,0.018616,0.025815,0.061069,-0.055805,117.480503,49.519030,0.000000
0.946875,0.018511,0.025498,0.061202,-0.055997,117.647742,49.798381,0.000000
0.948438,0.018408,0.025180,0.061336,-0.056191,117.814555,50.081046,0.000000
0.950000,0.018307,0.024858,0.061471,-0.056387,117.980938,50.366985,0.000000
0.951563,0.018208,0.024535,0.061607,-0.056585,118.146883,50.656155,0.000000
0.953125,0.018111,0.024209,0.061745,-0.056786,118.312384,50.948514,0.000000
0.954688,0.018017,0.023880,0.061883,-0.056988,118.477436,51.244019,0.000000
0.956250,0.017925,0.023550,0.062024,-0.057192,118.642033,51.542628,0.000000
0.957813,0.017835,0.023217,0.062165,-0.057399,118.806169,51.844297,0.000000
0.959375,0.017748,0.022882,0.062308,-0.057607,118.969837,52.148981,0.000000
0.960938,0.017663,0.022545,0.062452,-0.057817,119.133031,52.456637,0.000000
0.962500,0.017581,0.022205,0.062598,-0.058028,119.295746,52.767218,0.000000
0.964063,0.017501,0.021864,0.062745,-0.058242,119.457976,53.080681,0.000000
0.965625,0.017424,0.021521,0.062894,-0.058457,119.619715,53.396979,0.000000
0.967188,0.017350,0.021176,0.063045,-0.058674,119.780957,53.716066,0.000000
0.968750,0.017278,0.020828,0.063197,-0.058893,119.941695,54.037896,0.000000
0.970313,0.017209,0.020480,0.063351,-0.059113,120.101925,54.362421,0.000000
0.971875,0.017143,0.020129,0.063507,-0.059334,120.261640,54.689594,0.000000
0.973438,0.017080,0.019777,0.063664,-0.059558,120.420834,55.019367,0.000000
0.975000,0.017020,0.019423,0.063823,-0.059782,120.579502,55.351692,0.000000
0.976562,0.016963,0.019067,0.063985,-0.060008,120.737638,55.686521,0.000000
0.978125,0.016908,0.018710,0.064148,-0.060236,120.895236,56.023805,0.000000
0.979688,0.016857,0.018352,0.064313,-0.060464,121.052291,56.363494,0.000000
0.981250,0.016809,0.017992,0.064479,-0.060694,121.208796,56.705539,0.000000
0.982813,0.016764,0.017631,0.064648,-0.060925,121.364745,57.049890,0.000000
0.984375,0.016722,0.017268,0.064819,-0.061158,121.520134,57.396497,0.000000
0.985938,0.016683,0.016905,0.064992,-0.061391,121.674957,57.745309,0.000000
0.987500,0.016647,0.016540,0.065167,-0.061625,121.829207,58.096275,0.000000
0.989063,0.016615,0.016174,0.065344,-0.061861,121.982880,58.449344,0.000000
0.990625,0.016586,0.015808,0.065523,-0.062097,122.135969,58.804464,0.000000
0.992188,0.016560,0.015440,0.065705,-0.062334,122.288469,59.161584,0.000000
0.993750,0.016537,0.015071,0.065888,-0.062572,122.440375,59.520651,0.000000
0.995313,0.016518,0.014702,0.066074,-0.062811,122.591681,59.881613,0.000000
0.996875,0.016502,0.014332,0.066262,-0.063050,122.742381,60.244418,0.000000
0.998438,0.016490,0.013962,0.066452,-0.063290,122.892470,60.609011,0.000000
1.000000,0.016481,0.013590,0.066644,-0.063531,123.041942,60.975341,0.000000
1.001563,0.016475,0.013219,0.066838,-0.063772,123.190793,61.343354,0.000000
1.003125,0.016473,0.012847,0.067035,-0.064013,123.339016,61.712995,0.000000
1.004687,0.016474,0.012474,0.067234,-0.064255,123.486606,62.084211,0.000000
1.006250,0.016478,0.012101,0.067435,-0.064498,123.633558,62.456948,0.000000
1.007812,0.016486,0.011728,0.067638,-0.064740,123.779866,62.831151,0.000000
1.009375,0.016497,0.011355,0.067844,-0.064983,123.925525,63.206765,0.000000
1.010938,0.016512,0.010982,0.068052,-0.065226,124.070530,63.583737,0.000000
1.012500,0.016531,0.010609,0.068262,-0.065469,124.214875,63.962010,0.000000
1.014063,0.016553,0.010236,0.068475,-0.065712,124.358556,64.341530,0.000000
1.015625,0.016578,0.009863,0.068689,-0.065955,124.501566,64.722241,0.000000
1.017188,0.016607,0.009490,0.068906,-0.066198,124.643901,65.104087,0.000000
1.018750,0.016639,0.009118,0.069125,-0.066441,124.785556,65.487014,0.000000
1.020312,0.016674,0.008746,0.069347,-0.066683,124.926525,65.870964,0.000000
1.021875,0.016713,0.008375,0.069570,-0.066926,125.066803,66.255882,0.000000
1.023438,0.016756,0.008004,0.069796,-0.067168,125.206385,66.641711,0.000000
1.025000,0.016802,0.007633,0.070024,-0.067409,125.345266,67.028396,0.000000
1.026563,0.016851,0.007264,0.070254,-0.067650,125.483441,67.415880,0.000000
1.028125,0.016904,0.006895,0.070487,-0.067891,125.620905,67.804106,0.000000
1.029688,0.016960,0.006527,0.070721,-0.068131,125.757653,68.193017,0.000000
1.031250,0.017020,0.006159,0.070958,-0.068370,125.893680,68.582558,0.000000
1.032813,0.017083,0.005793,0.071197,-0.068609,126.028980,68.972670,0.000000
1.034375,0.017149,0.005428,0.071437,-0.068847,126.163550,69.363298,0.000000
1.035937,0.017218,0.005064,0.071680,-0.069084,126.297383,69.754383,0.000000
1.037500,0.017291,0.004701,0.071925,-0.069320,126.430476,70.145869,0.000000
1.039062,0.017367,0.004339,0.072172,-0.069556,126.562823,70.537699,0.000000
1.040625,0.017447,0.003979,0.072421,-0.069790,126.694419,70.929815,0.000000
1.042188,0.017529,0.003620,0.072672,-0.070023,126.825260,71.322161,0.000000
1.043750,0.017615,0.003262,0.072924,-0.070255,126.955341,71.714678,0.000000
1.045313,0.017704,0.002906,0.073179,-0.070486,127.084657,72.107310,0.000000
1.046875,0.017795,0.002552,0.073435,-0.070716,127.213203,72.500000,0.000000
1.048438,0.017890,0.002199,0.073694,-0.070945,127.340976,72.892690,0.000000
1.050000,0.017988,0.001848,0.073953,-0.071172,127.467969,73.285322,0.000000
1.051562,0.018089,0.001499,0.074215,-0.071398,127.594178,73.677839,0.000000
1.053125,0.018193,0.001151,0.074478,-0.071622,127.719600,74.070185,0.000000
1.054688,0.018300,0.000805,0.074743,-0.071845,127.844229,74.462301,0.000000
1.056250,0.018409,0.000462,0.075010,-0.072067,127.968060,74.854131,0.000000
1.057813,0.018522,0.000120,0.075278,-0.072287,128.091090,75.245617,0.000000
1.059375,0.018637,-0.000219,0.075547,-0.072505,128.213313,75.636702,0.000000
1.060938,0.018755,-0.000557,0.075818,-0.072722,128.334725,76.027330,0.000000
1.062500,0.018875,-0.000892,0.076091,-0.072937,128.455322,76.417442,0.000000
1.064063,0.018999,-0.001225,0.076364,-0.073150,128.575100,76.806983,0.000000
1.065625,0.019124,-0.001556,0.076639,-0.073361,128.694054,77.195894,0.000000
1.067187,0.019253,-0.001884,0.076915,-0.073571,128.812179,77.584120,0.000000
1.068750,0.019383,-0.002210,0.077193,-0.073779,128.929472,77.971604,0.000000
1.070312,0.019516,-0.002534,0.077471,-0.073985,129.045927,78.358289,0.000000
1.071875,0.019652,-0.002855,0.077751,-0.074189,129.161542,78.744118,0.000000
1.073438,0.019789,-0.003173,0.078031,-0.074391,129.276311,79.129036,0.000000
1.075000,0.019929,-0.003489,0.078312,-0.074591,129.390231,79.512986,0.000000
1.076563,0.020071,-0.003802,0.078595,-0.074789,129.503296,79.895913,0.000000
1.078125,0.020216,-0.004113,0.078878,-0.074984,129.615504,80.277759,0.000000
1.079688,0.020362,-0.004421,0.079162,-0.075178,129.726850,80.658470,0.000000
1.081250,0.020510,-0.004726,0.079446,-0.075370,129.837330,81.037990,0.000000
1.082812,0.020660,-0.005028,0.079731,-0.075559,129.946940,81.416263,0.000000
1.084375,0.020812,-0.005328,0.080017,-0.075746,130.055676,81.793235,0.000000
1.085938,0.020965,-0.005625,0.080303,-0.075932,130.163534,82.168849,0.000000
1.087500,0.021121,-0.005918,0.080589,-0.076114,130.270510,82.543052,0.000000
1.089063,0.021278,-0.006209,0.080876,-0.076295,130.376600,82.915789,0.000000
1.090625,0.021436,-0.006497,0.081163,-0.076473,130.481800,83.287005,0.000000
1.092188,0.021597,-0.006782,0.081451,-0.076649,130.586107,83.656646,0.000000
1.093750,0.021758,-0.007064,0.081738,-0.076823,130.689516,84.024659,0.000000
1.095313,0.021921,-0.007342,0.082026,-0.076994,130.792024,84.390989,0.000000
1.096875,0.022085,-0.007618,0.082314,-0.077163,130.893627,84.755582,0.000000
1.098437,0.022251,-0.007890,0.082601,-0.077330,130.994322,85.118387,0.000000
1.100000,0.022417,-0.008160,0.082888,-0.077494,131.094104,85.479349,0.000000
1.101562,0.022585,-0.008426,0.083176,-0.077656,131.192970,85.838416,0.000000
1.103125,0.022753,-0.008689,0.083463,-0.077815,131.290917,86.195536,0.000000
1.104688,0.022923,-0.008949,0.083749,-0.077972,131.387941,86.550656,0.000000
1.106250,0.023093,-0.009206,0.084035,-0.078127,131.484038,86.903725,0.000000
1.107813,0.023265,-0.009459,0.084321,-0.078279,131.579205,87.254691,0.000000
1.109375,0.023436,-0.009710,0.084606,-0.078429,131.673438,87.603503,0.000000
1.110938,0.023609,-0.009957,0.084890,-0.078576,131.766734,87.950110,0.000000
1.112500,0.023782,-0.010200,0.085174,-0.078721,131.859090,88.294461,0.000000
1.114062,0.023956,-0.010441,0.085457,-0.078863,131.950502,88.636506,0.000000
1.115625,0.024130,-0.010678,0.085739,-0.079003,132.040966,88.976195,0.000000
1.117188,0.024304,-0.010912,0.086020,-0.079141,132.130481,89.313479,0.000000
1.118750,0.024479,-0.011142,0.086300,-0.079276,132.219041,89.648308,0.000000
1.120313,0.024654,-0.011370,0.086579,-0.079409,132.306644,89.980633,0.000000
1.121875,0.024829,-0.011594,0.086857,-0.079539,132.393288,90.310406,0.000000
1.123438,0.025004,-0.011814,0.087134,-0.079667,132.478967,90.637579,0.000000
1.125000,0.025179,-0.012032,0.087409,-0.079792,132.563681,90.962104,0.000000
1.126563,0.025354,-0.012246,0.087683,-0.079915,132.647425,91.283934,0.000000
1.128125,0.025529,-0.012456,0.087955,-0.080036,132.730196,91.603021,0.000000
1.129687,0.025704,-0.012664,0.088226,-0.080154,132.811991,91.919319,0.000000
1.131250,0.025878,-0.012868,0.088496,-0.080270,132.892808,92.232782,0.000000
1.132812,0.026052,-0.013069,0.088764,-0.080383,132.972643,92.543363,0.000000
1.134375,0.026226,-0.013266,0.089030,-0.080494,133.051494,92.851019,0.000000
1.135938,0.026399,-0.013460,0.089294,-0.080603,133.129358,93.155703,0.000000
1.137500,0.026571,-0.013651,0.089557,-0.080710,133.206231,93.457372,0.000000
1.139063,0.026743,-0.013839,0.089817,-0.080814,133.282111,93.755981,0.000000
1.140625,0.026914,-0.014023,0.090076,-0.080916,133.356995,94.051486,0.000000
1.142188,0.027084,-0.014205,0.090332,-0.081015,133.430881,94.343845,0.000000
1.143750,0.027254,-0.014383,0.090587,-0.081113,133.503766,94.633015,0.000000
1.145312,0.027422,-0.014557,0.090839,-0.081208,133.575647,94.918954,0.000000
1.146875,0.027590,-0.014729,0.091089,-0.081301,133.646521,95.201619,0.000000
1.148438,0.027756,-0.014897,0.091336,-0.081392,133.716386,95.480970,0.000000
1.150000,0.027922,-0.015062,0.091582,-0.081480,133.785239,95.756966,0.000000
1.151563,0.028086,-0.015224,0.091824,-0.081567,133.853079,96.029567,0.000000
1.153125,0.028249,-0.015383,0.092065,-0.081651,133.919902,96.298732,0.000000
1.154688,0.028410,-0.015538,0.092303,-0.081733,133.985705,96.564422,0.000000
1.156250,0.028571,-0.015691,0.092538,-0.081814,134.050487,96.826599,0.000000
1.157813,0.028730,-0.015840,0.092770,-0.081892,134.114246,97.085225,0.000000
1.159375,0.028887,-0.015986,0.093000,-0.081968,134.176978,97.340261,0.000000
1.160937,0.029043,-0.016130,0.093227,-0.082042,134.238681,97.591670,0.000000
1.162500,0.029197,-0.016270,0.093451,-0.082114,134.299354,97.839417,0.000000
1.164062,0.029350,-0.016407,0.093672,-0.082184,134.358994,98.083463,0.000000
1.165625,0.029501,-0.016541,0.093890,-0.082253,134.417599,98.323775,0.000000
1.167188,0.029650,-0.016672,0.094105,-0.082319,134.475167,98.560316,0.000000
1.168750,0.029797,-0.016800,0.094317,-0.082384,134.531695,98.793052,0.000000
1.170313,0.029942,-0.016925,0.094526,-0.082446,134.587182,99.021950,0.000000
1.171875,0.030086,-0.017048,0.094731,-0.082507,134.641626,99.246976,0.000000
1.173438,0.030227,-0.017167,0.094934,-0.082566,134.695024,99.468096,0.000000
1.175000,0.030367,-0.017284,0.095133,-0.082624,134.747375,99.685279,0.000000
1.176562,0.030504,-0.017397,0.095329,-0.082679,134.798676,99.898494,0.000000
1.178125,0.030639,-0.017508,0.095521,-0.082733,134.848927,100.107708,0.000000
1.179688,0.030772,-0.017616,0.095710,-0.082786,134.898124,100.312891,0.000000
1.181250,0.030903,-0.017721,0.095896,-0.082836,134.946267,100.514014,0.000000
1.182813,0.031032,-0.017824,0.096078,-0.082885,134.993353,100.711047,0.000000
1.184375,0.031158,-0.017924,0.096256,-0.082933,135.039380,100.903961,0.000000
1.185938,0.031282,-0.018021,0.096431,-0.082979,135.084348,101.092728,0.000000
1.187500,0.031403,-0.018115,0.096602,-0.083023,135.128255,101.277321,0.000000
1.189063,0.031522,-0.018206,0.096770,-0.083066,135.171098,101.457712,0.000000
1.190625,0.031639,-0.018295,0.096934,-0.083107,135.212876,101.633875,0.000000
1.192187,0.031753,-0.018382,0.097094,-0.083147,135.253588,101.805785,0.000000
1.193750,0.031864,-0.018466,0.097250,-0.083186,135.293232,101.973417,0.000000
1.195312,0.031973,-0.018547,0.097402,-0.083223,135.331807,102.136745,0.000000
1.196875,0.032079,-0.018625,0.097551,-0.083258,135.369312,102.295746,0.000000
1.198438,0.032182,-0.018701,0.097695,-0.083293,135.405745,102.450398,0.000000
1.200000,0.032283,-0.018775,0.097836,-0.083326,135.441104,102.600676,0.000000
1.201563,0.032381,-0.018846,0.097972,-0.083358,135.475388,102.746560,0.000000
1.203125,0.032476,-0.018914,0.098105,-0.083388,135.508597,102.888028,0.000000
1.204688,0.032569,-0.018980,0.098234,-0.083417,135.540729,103.025059,0.000000
1.206250,0.032658,-0.019044,0.098358,-0.083445,135.571782,103.157634,0.000000
1.207813,0.032745,-0.019105,0.098478,-0.083472,135.601757,103.285733,0.000000
1.209375,0.032829,-0.019164,0.098595,-0.083498,135.630650,103.409337,0.000000
1.210938,0.032909,-0.019221,0.098707,-0.083522,135.658462,103.528428,0.000000
1.212500,0.032987,-0.019275,0.098814,-0.083546,135.685192,103.642989,0.000000
1.214063,0.033062,-0.019326,0.098918,-0.083568,135.710838,103.753004,0.000000
1.215625,0.033134,-0.019376,0.099017,-0.083589,135.735400,103.858455,0.000000
1.217188,0.033203,-0.019423,0.099113,-0.083609,135.758876,103.959329,0.000000
1.218750,0.033269,-0.019468,0.099203,-0.083628,135.781266,104.055609,0.000000
1.220313,0.033331,-0.019510,0.099290,-0.083646,135.802569,104.147282,0.000000
1.221875,0.033391,-0.019550,0.099372,-0.083663,135.822785,104.234335,0.000000
1.223438,0.033448,-0.019588,0.099450,-0.083679,135.841911,104.316755,0.000000
1.225000,0.033501,-0.019624,0.099524,-0.083694,135.859949,104.394529,0.000000
1.226562,0.033551,-0.019657,0.099593,-0.083708,135.876897,104.467647,0.000000
1.228125,0.033598,-0.019689,0.099658,-0.083721,135.892754,104.536098,0.000000
1.229688,0.033642,-0.019718,0.099718,-0.083733,135.907520,104.599871,0.000000
1.231250,0.033683,-0.019745,0.099774,-0.083744,135.921194,104.658958,0.000000
1.232813,0.033720,-0.019769,0.099826,-0.083754,135.933777,104.713350,0.000000
1.234375,0.033754,-0.019792,0.099873,-0.083764,135.945267,104.763038,0.000000
1.235938,0.033786,-0.019812,0.099915,-0.083772,135.955663,104.808017,0.000000
1.237500,0.033813,-0.019830,0.099953,-0.083779,135.964967,104.848278,0.000000
1.239063,0.033838,-0.019846,0.099987,-0.083786,135.973176,104.883817,0.000000
1.240625,0.033859,-0.019860,0.100016,-0.083792,135.980292,104.914627,0.000000
1.242188,0.033877,-0.019872,0.100041,-0.083796,135.986314,104.940706,0.000000
1.243750,0.033892,-0.019882,0.100061,-0.083800,135.991240,104.962047,0.000000
1.245313,0.033903,-0.019889,0.100077,-0.083803,135.995073,104.978650,0.000000
1.246875,0.033912,-0.019894,0.100088,-0.083806,135.997810,104.990510,0.000000
1.248438,0.033916,-0.019898,0.100095,-0.083807,135.999453,104.997628,0.000000
1.250000,0.033918,-0.019899,0.100097,-0.083807,136.000000,105.000000,1.000000
1.251563,0.033917,-0.019898,0.100094,-0.083808,135.998112,105.000000,1.000000
1.253125,0.033915,-0.019895,0.100086,-0.083812,135.992447,105.000000,1.000000
1.254688,0.033911,-0.019890,0.100071,-0.083818,135.983007,105.000000,1.000000
1.256250,0.033906,-0.019883,0.100051,-0.083827,135.969792,105.000000,1.000000
1.257812,0.033898,-0.019874,0.100025,-0.083837,135.952804,105.000000,1.000000
1.259375,0.033890,-0.019864,0.099993,-0.083851,135.932046,105.000000,1.000000
1.260938,0.033880,-0.019851,0.099956,-0.083866,135.907520,105.000000,1.000000
1.262500,0.033868,-0.019836,0.099912,-0.083884,135.879229,105.000000,1.000000
1.264063,0.033854,-0.019820,0.099863,-0.083905,135.847176,105.000000,1.000000
1.265625,0.033840,-0.019801,0.099808,-0.083928,135.811366,105.000000,1.000000
1.267188,0.033823,-0.019781,0.099747,-0.083953,135.771804,105.000000,1.000000
1.268750,0.033805,-0.019759,0.099681,-0.083980,135.728493,105.000000,1.000000
1.270313,0.033786,-0.019734,0.099609,-0.084010,135.681440,105.000000,1.000000
1.271875,0.033765,-0.019708,0.099531,-0.084042,135.630650,105.000000,1.000000
1.273438,0.033742,-0.019680,0.099447,-0.084076,135.576131,105.000000,1.000000
1.275000,0.033718,-0.019650,0.099357,-0.084113,135.517888,105.000000,1.000000
1.276563,0.033693,-0.019618,0.099262,-0.084152,135.455929,105.000000,1.000000
1.278125,0.033665,-0.019584,0.099161,-0.084193,135.390262,105.000000,1.000000
1.279688,0.033637,-0.019548,0.099054,-0.084236,135.320895,105.000000,1.000000
1.281250,0.033607,-0.019510,0.098942,-0.084281,135.247837,105.000000,1.000000
1.282813,0.033575,-0.019470,0.098823,-0.084329,135.171098,105.000000,1.000000
1.284375,0.033543,-0.019428,0.098699,-0.084379,135.090686,105.000000,1.000000
1.285938,0.033508,-0.019384,0.098570,-0.084430,135.006611,105.000000,1.000000
1.287500,0.033472,-0.019338,0.098434,-0.084484,134.918886,105.000000,1.000000
1.289062,0.033435,-0.019290,0.098293,-0.084540,134.827520,105.000000,1.000000
1.290625,0.033397,-0.019241,0.098146,-0.084598,134.732525,105.000000,1.000000
1.292188,0.033357,-0.019189,0.097994,-0.084657,134.633912,105.000000,1.000000
1.293750,0.033315,-0.019135,0.097835,-0.084719,134.531695,105.000000,1.000000
1.295313,0.033273,-0.019080,0.097671,-0.084782,134.425887,105.000000,1.000000
1.296875,0.033229,-0.019022,0.097502,-0.084847,134.316500,105.000000,1.000000
1.298438,0.033183,-0.018963,0.097327,-0.084915,134.203548,105.000000,1.000000
1.300000,0.033137,-0.018901,0.097146,-0.084983,134.087046,105.000000,1.000000
1.301563,0.033089,-0.018838,0.096959,-0.085054,133.967008,105.000000,1.000000
1.303125,0.033040,-0.018772,0.096767,-0.085126,133.843450,105.000000,1.000000
1.304688,0.032989,-0.018705,0.096569,-0.085200,133.716386,105.000000,1.000000
1.306250,0.032938,-0.018636,0.096366,-0.085275,133.585833,105.000000,1.000000
1.307813,0.032885,-0.018564,0.096157,-0.085352,133.451808,105.000000,1.000000
1.309375,0.032831,-0.018491,0.095943,-0.085430,133.314326,105.000000,1.000000
1.310938,0.032775,-0.018416,0.095723,-0.085510,133.173407,105.000000,1.000000
1.312500,0.032719,-0.018339,0.095497,-0.085591,133.029066,105.000000,1.000000
1.314063,0.032662,-0.018259,0.095266,-0.085674,132.881323,105.000000,1.000000
1.315625,0.032603,-0.018178,0.095029,-0.085757,132.730196,105.000000,1.000000
1.317188,0.032543,-0.018095,0.094787,-0.085842,132.575704,105.000000,1.000000
1.318750,0.032483,-0.018010,0.094540,-0.085929,132.417866,105.000000,1.000000
1.320312,0.032421,-0.017923,0.094286,-0.086016,132.256703,105.000000,1.000000
1.321875,0.032358,-0.017834,0.094028,-0.086104,132.092234,105.000000,1.000000
1.323438,0.032294,-0.017743,0.093764,-0.086193,131.924481,105.000000,1.000000
1.325000,0.032229,-0.017650,0.093495,-0.086284,131.753464,105.000000,1.000000
1.326563,0.032164,-0.017555,0.093220,-0.086375,131.579205,105.000000,1.000000
1.328125,0.032097,-0.017458,0.092940,-0.086467,131.401726,105.000000,1.000000
1.329688,0.032030,-0.017359,0.092654,-0.086559,131.221049,105.000000,1.000000
1.331250,0.031961,-0.017259,0.092364,-0.086653,131.037198,105.000000,1.000000
1.332813,0.031892,-0.017156,0.092068,-0.086747,130.850194,105.000000,1.000000
1.334375,0.031822,-0.017051,0.091766,-0.086841,130.660062,105.000000,1.000000
1.335938,0.031751,-0.016945,0.091460,-0.086937,130.466826,105.000000,1.000000
1.337500,0.031680,-0.016836,0.091148,-0.087032,130.270510,105.000000,1.000000
1.339063,0.031607,-0.016726,0.090831,-0.087128,130.071138,105.000000,1.000000
1.340625,0.031534,-0.016613,0.090509,-0.087225,129.868736,105.000000,1.000000
1.342188,0.031461,-0.016499,0.090182,-0.087321,129.663330,105.000000,1.000000
1.343750,0.031386,-0.016382,0.089850,-0.087418,129.454944,105.000000,1.000000
1.345313,0.031311,-0.016264,0.089512,-0.087515,129.243606,105.000000,1.000000
1.346875,0.031236,-0.016144,0.089170,-0.087612,129.029342,105.000000,1.000000
1.348438,0.031160,-0.016022,0.088822,-0.087709,128.812179,105.000000,1.000000
1.350000,0.031083,-0.015898,0.088470,-0.087806,128.592144,105.000000,1.000000
1.351562,0.031006,-0.015772,0.088113,-0.087903,128.369265,105.000000,1.000000
1.353125,0.030928,-0.015644,0.087750,-0.087999,128.143570,105.000000,1.000000
1.354688,0.030850,-0.015515,0.087383,-0.088096,127.915087,105.000000,1.000000
1.356250,0.030772,-0.015383,0.087012,-0.088192,127.683846,105.000000,1.000000
1.357813,0.030693,-0.015250,0.086635,-0.088287,127.449875,105.000000,1.000000
1.359375,0.030613,-0.015115,0.086253,-0.088383,127.213203,105.000000,1.000000
1.360938,0.030534,-0.014977,0.085867,-0.088477,126.973862,105.000000,1.000000
1.362500,0.030454,-0.014839,0.085477,-0.088571,126.731879,105.000000,1.000000
1.364063,0.030374,-0.014698,0.085081,-0.088665,126.487287,105.000000,1.000000
1.365625,0.030294,-0.014555,0.084681,-0.088757,126.240116,105.000000,1.000000
1.367188,0.030213,-0.014411,0.084277,-0.088849,125.990397,105.000000,1.000000
1.368750,0.030132,-0.014264,0.083868,-0.088940,125.738162,105.000000,1.000000
1.370313,0.030051,-0.014116,0.083454,-0.089030,125.483441,105.000000,1.000000
1.371875,0.029970,-0.013966,0.083037,-0.089119,125.226268,105.000000,1.000000
1.373438,0.029889,-0.013815,0.082615,-0.089207,124.966675,105.000000,1.000000
1.375000,0.029808,-0.013661,0.082188,-0.089294,124.704694,105.000000,1.000000
1.376563,0.029727,-0.013506,0.081758,-0.089380,124.440358,105.000000,1.000000
1.378125,0.029646,-0.013349,0.081323,-0.089464,124.173701,105.000000,1.000000
1.379688,0.029565,-0.013191,0.080884,-0.089547,123.904756,105.000000,1.000000
1.381250,0.029484,-0.013030,0.080441,-0.089629,123.633558,105.000000,1.000000
1.382812,0.029403,-0.012868,0.079994,-0.089709,123.360139,105.000000,1.000000
1.384375,0.029322,-0.012704,0.079543,-0.089788,123.084535,105.000000,1.000000
1.385938,0.029242,-0.012539,0.079088,-0.089865,122.806780,105.000000,1.000000
1.387500,0.029161,-0.012372,0.078629,-0.089941,122.526909,105.000000,1.000000
1.389063,0.029081,-0.012203,0.078167,-0.090015,122.244958,105.000000,1.000000
1.390625,0.029001,-0.012033,0.077701,-0.090087,121.960962,105.000000,1.000000
1.392188,0.028922,-0.011861,0.077231,-0.090157,121.674957,105.000000,1.000000
1.393750,0.028842,-0.011688,0.076757,-0.090225,121.386978,105.000000,1.000000
1.395313,0.028763,-0.011513,0.076281,-0.090292,121.097063,105.000000,1.000000
1.396875,0.028685,-0.011336,0.075800,-0.090356,120.805247,105.000000,1.000000
1.398438,0.028607,-0.011158,0.075316,-0.090418,120.511567,105.000000,1.000000
1.400000,0.028529,-0.010978,0.074829,-0.090479,120.216060,105.000000,1.000000
1.401563,0.028452,-0.010797,0.074339,-0.090537,119.918764,105.000000,1.000000
1.403125,0.028375,-0.010614,0.073845,-0.090592,119.619715,105.000000,1.000000
1.404688,0.028299,-0.010430,0.073349,-0.090646,119.318952,105.000000,1.000000
1.406250,0.028223,-0.010245,0.072849,-0.090697,119.016512,105.000000,1.000000
1.407813,0.028148,-0.010058,0.072346,-0.090746,118.712434,105.000000,1.000000
1.409375,0.028074,-0.009870,0.071841,-0.090792,118.406755,105.000000,1.000000
1.410938,0.028000,-0.009680,0.071332,-0.090836,118.099515,105.000000,1.000000
1.412500,0.027926,-0.009489,0.070821,-0.090878,117.790751,105.000000,1.000000
1.414062,0.027854,-0.009297,0.070307,-0.090916,117.480503,105.000000,1.000000
1.415625,0.027782,-0.009103,0.069791,-0.090952,117.168810,105.000000,1.000000
1.417188,0.027711,-0.008908,0.069272,-0.090986,116.855711,105.000000,1.000000
1.418750,0.027641,-0.008712,0.068750,-0.091017,116.541245,105.000000,1.000000
1.420313,0.027571,-0.008515,0.068226,-0.091045,116.225452,105.000000,1.000000
1.421875,0.027503,-0.008317,0.067700,-0.091070,115.908372,105.000000,1.000000
1.423438,0.027435,-0.008117,0.067172,-0.091093,115.590044,105.000000,1.000000
1.425000,0.027368,-0.007916,0.066642,-0.091112,115.270510,105.000000,1.000000
1.426563,0.027302,-0.007714,0.066109,-0.091129,114.949808,105.000000,1.000000
1.428125,0.027236,-0.007511,0.065575,-0.091142,114.627980,105.000000,1.000000
1.429688,0.027172,-0.007307,0.065039,-0.091153,114.305065,105.000000,1.000000
1.431250,0.027109,-0.007102,0.064501,-0.091161,113.981105,105.000000,1.000000
1.432813,0.027046,-0.006896,0.063961,-0.091166,113.656141,105.000000,1.000000
1.434375,0.026985,-0.006689,0.063420,-0.091167,113.330212,105.000000,1.000000
1.435938,0.026924,-0.006482,0.062877,-0.091166,113.003361,105.000000,1.000000
1.437500,0.026865,-0.006273,0.062332,-0.091161,112.675628,105.000000,1.000000
1.439063,0.026807,-0.006063,0.061787,-0.091154,112.347055,105.000000,1.000000
1.440625,0.026750,-0.005852,0.061240,-0.091143,112.017682,105.000000,1.000000
1.442188,0.026693,-0.005641,0.060692,-0.091129,111.687553,105.000000,1.000000
1.443750,0.026638,-0.005429,0.060142,-0.091112,111.356707,105.000000,1.000000
1.445312,0.026584,-0.005216,0.059592,-0.091091,111.025187,105.000000,1.000000
1.446875,0.026532,-0.005003,0.059041,-0.091067,110.693034,105.000000,1.000000
1.448438,0.026480,-0.004788,0.058489,-0.091040,110.360290,105.000000,1.000000
1.450000,0.026429,-0.004573,0.057936,-0.091010,110.026998,105.000000,1.000000
1.451563,0.026380,-0.004358,0.057383,-0.090977,109.693199,105.000000,1.000000
1.453125,0.026332,-0.004142,0.056829,-0.090940,109.358934,105.000000,1.000000
1.454688,0.026285,-0.003925,0.056274,-0.090900,109.024247,105.000000,1.000000
1.456250,0.026239,-0.003708,0.055719,-0.090857,108.689179,105.000000,1.000000
1.457813,0.026195,-0.003490,0.055164,-0.090810,108.353773,105.000000,1.000000
1.459375,0.026152,-0.003272,0.054609,-0.090760,108.018070,105.000000,1.000000
1.460938,0.026110,-0.003054,0.054053,-0.090707,107.682113,105.000000,1.000000
1.462500,0.026069,-0.002835,0.053498,-0.090651,107.345945,105.000000,1.000000
1.464063,0.026029,-0.002615,0.052942,-0.090591,107.009607,105.000000,1.000000
1.465625,0.025991,-0.002396,0.052387,-0.090528,106.673142,105.000000,1.000000
1.467188,0.025954,-0.002176,0.051832,-0.090462,106.336592,105.000000,1.000000
1.468750,0.025919,-0.001956,0.051277,-0.090392,106.000000,105.000000,1.000000
1.470313,0.025884,-0.001736,0.050723,-0.090319,105.663408,105.000000,1.000000
1.471875,0.025851,-0.001515,0.050169,-0.090243,105.326858,105.000000,1.000000
1.473438,0.025819,-0.001295,0.049616,-0.090164,104.990393,105.000000,1.000000
1.475000,0.025789,-0.001074,0.049063,-0.090081,104.654055,105.000000,1.000000
1.476562,0.025760,-0.000853,0.048512,-0.089995,104.317887,105.000000,1.000000
1.478125,0.025732,-0.000632,0.047961,-0.089907,103.981930,105.000000,1.000000
1.479688,0.025706,-0.000412,0.047411,-0.089814,103.646227,105.000000,1.000000
1.481250,0.025680,-0.000191,0.046862,-0.089719,103.310821,105.000000,1.000000
1.482813,0.025657,0.000030,0.046314,-0.089621,102.975753,105.000000,1.000000
1.484375,0.025634,0.000250,0.045768,-0.089520,102.641066,105.000000,1.000000
1.485938,0.025613,0.000471,0.045222,-0.089415,102.306801,105.000000,1.000000
1.487500,0.025593,0.000691,0.044678,-0.089308,101.973002,105.000000,1.000000
1.489063,0.025574,0.000911,0.044136,-0.089197,101.639710,105.000000,1.000000
1.490625,0.025557,0.001131,0.043595,-0.089084,101.306966,105.000000,1.000000
1.492188,0.025541,0.001350,0.043056,-0.088967,100.974813,105.000000,1.000000
1.493750,0.025526,0.001569,0.042518,-0.088848,100.643293,105.000000,1.000000
1.495313,0.025513,0.001788,0.041982,-0.088726,100.312447,105.000000,1.000000
1.496875,0.025501,0.002006,0.041448,-0.088601,99.982318,105.000000,1.000000
1.498438,0.025490,0.002224,0.040916,-0.088473,99.652945,105.000000,1.000000
1.500000,0.025480,0.002442,0.040387,-0.088343,99.324372,105.000000,1.000000
1.501563,0.025472,0.002659,0.039859,-0.088210,98.996639,105.000000,1.000000
1.503125,0.025465,0.002875,0.039333,-0.088074,98.669788,105.000000,1.000000
1.504688,0.025459,0.003091,0.038810,-0.087935,98.343859,105.000000,1.000000
1.506250,0.025455,0.003306,0.038289,-0.087795,98.018895,105.000000,1.000000
1.507812,0.025451,0.003520,0.037770,-0.087651,97.694935,105.000000,1.000000
1.509375,0.025449,0.003734,0.037254,-0.087505,97.372020,105.000000,1.000000
1.510938,0.025448,0.003948,0.036740,-0.087357,97.050192,105.000000,1.000000
1.512500,0.025449,0.004160,0.036229,-0.087206,96.729490,105.000000,1.000000
1.514063,0.025450,0.004372,0.035721,-0.087053,96.409956,105.000000,1.000000
1.515625,0.025453,0.004582,0.035216,-0.086898,96.091628,105.000000,1.000000
1.517188,0.025457,0.004792,0.034713,-0.086741,95.774548,105.000000,1.000000
1.518750,0.025462,0.005002,0.034213,-0.086581,95.458755,105.000000,1.000000
1.520313,0.025468,0.005210,0.033717,-0.086420,95.144289,105.000000,1.000000
1.521875,0.025475,0.005417,0.033223,-0.086256,94.831190,105.000000,1.000000
1.523438,0.025483,0.005623,0.032733,-0.086091,94.519497,105.000000,1.000000
1.525000,0.025492,0.005829,0.032245,-0.085923,94.209249,105.000000,1.000000
1.526563,0.025503,0.006033,0.031761,-0.085754,93.900485,105.000000,1.000000
1.528125,0.025514,0.006236,0.031280,-0.085583,93.593245,105.000000,1.000000
1.529688,0.025527,0.006438,0.030803,-0.085410,93.287566,105.000000,1.000000
1.531250,0.025540,0.006639,0.030329,-0.085236,92.983488,105.000000,1.000000
1.532813,0.025555,0.006839,0.029858,-0.085060,92.681048,105.000000,1.000000
1.534375,0.025570,0.007038,0.029391,-0.084883,92.380285,105.000000,1.000000
1.535938,0.025586,0.007235,0.028928,-0.084704,92.081236,105.000000,1.000000
1.537500,0.025604,0.007431,0.028468,-0.084524,91.783940,105.000000,1.000000
1.539062,0.025622,0.007626,0.028012,-0.084343,91.488433,105.000000,1.000000
1.540625,0.025641,0.007820,0.027559,-0.084160,91.194753,105.000000,1.000000
1.542188,0.025661,0.008012,0.027111,-0.083977,90.902937,105.000000,1.000000
1.543750,0.025682,0.008203,0.026666,-0.083792,90.613022,105.000000,1.000000
1.545313,0.025703,0.008392,0.026225,-0.083606,90.325043,105.000000,1.000000
1.546875,0.025726,0.008580,0.025788,-0.083420,90.039038,105.000000,1.000000
1.548438,0.025749,0.008767,0.025356,-0.083232,89.755042,105.000000,1.000000
1.550000,0.025773,0.008952,0.024927,-0.083044,89.473091,105.000000,1.000000
1.551563,0.025797,0.009136,0.024502,-0.082855,89.193220,105.000000,1.000000
1.553125,0.025823,0.009318,0.024081,-0.082665,88.915465,105.000000,1.000000
1.554688,0.025849,0.009499,0.023665,-0.082475,88.639861,105.000000,1.000000
1.556250,0.025876,0.009678,0.023253,-0.082285,88.366442,105.000000,1.000000
1.557813,0.025903,0.009856,0.022845,-0.082094,88.095244,105.000000,1.000000
1.559375,0.025931,0.010032,0.022441,-0.081902,87.826299,105.000000,1.000000
1.560938,0.025959,0.010206,0.022042,-0.081711,87.559642,105.000000,1.000000
1.562500,0.025988,0.010379,0.021647,-0.081519,87.295306,105.000000,1.000000
1.564063,0.026018,0.010550,0.021256,-0.081327,87.033325,105.000000,1.000000
1.565625,0.026048,0.010719,0.020870,-0.081135,86.773732,105.000000,1.000000
1.567188,0.026078,0.010886,0.020488,-0.080944,86.516559,105.000000,1.000000
1.568750,0.026109,0.011052,0.020111,-0.080752,86.261838,105.000000,1.000000
1.570312,0.026141,0.011216,0.019739,-0.080561,86.009603,105.000000,1.000000
1.571875,0.026173,0.011379,0.019370,-0.080369,85.759884,105.000000,1.000000
1.573438,0.026205,0.011539,0.019007,-0.080179,85.512713,105.000000,1.000000
1.575000,0.026237,0.011698,0.018648,-0.079988,85.268121,105.000000,1.000000
1.576563,0.026270,0.011855,0.018294,-0.079799,85.026138,105.000000,1.000000
1.578125,0.026303,0.012010,0.017944,-0.079610,84.786797,105.000000,1.000000
1.579688,0.026337,0.012163,0.017599,-0.079421,84.550125,105.000000,1.000000
1.581250,0.026370,0.012314,0.017259,-0.079233,84.316154,105.000000,1.000000
1.582813,0.026404,0.012464,0.016923,-0.079046,84.084913,105.000000,1.000000
1.584375,0.026438,0.012611,0.016592,-0.078860,83.856430,105.000000,1.000000
1.585938,0.026472,0.012757,0.016266,-0.078675,83.630735,105.000000,1.000000
1.587500,0.026507,0.012900,0.015945,-0.078491,83.407856,105.000000,1.000000
1.589063,0.026541,0.013042,0.015629,-0.078309,83.187821,105.000000,1.000000
1.590625,0.026576,0.013182,0.015317,-0.078127,82.970658,105.000000,1.000000
1.592188,0.026610,0.013319,0.015010,-0.077947,82.756394,105.000000,1.000000
1.593750,0.026645,0.013455,0.014708,-0.077768,82.545056,105.000000,1.000000
1.595313,0.026680,0.013588,0.014411,-0.077590,82.336670,105.000000,1.000000
1.596875,0.026714,0.013720,0.014119,-0.077414,82.131264,105.000000,1.000000
1.598438,0.026749,0.013850,0.013832,-0.077239,81.928862,105.000000,1.000000
1.600000,0.026783,0.013977,0.013549,-0.077066,81.729490,105.000000,1.000000
1.601562,0.026818,0.014102,0.013272,-0.076895,81.533174,105.000000,1.000000
1.603125,0.026852,0.014226,0.012999,-0.076725,81.339938,105.000000,1.000000
1.604688,0.026886,0.014347,0.012732,-0.076558,81.149806,105.000000,1.000000
1.606250,0.026920,0.014466,0.012469,-0.076392,80.962802,105.000000,1.000000
1.607813,0.026954,0.014583,0.012211,-0.076228,80.778951,105.000000,1.000000
1.609375,0.026987,0.014698,0.011959,-0.076066,80.598274,105.000000,1.000000
1.610938,0.027021,0.014811,0.011711,-0.075906,80.420795,105.000000,1.000000
1.612500,0.027054,0.014921,0.011468,-0.075749,80.246536,105.000000,1.000000
1.614063,0.027086,0.015030,0.011230,-0.075594,80.075519,105.000000,1.000000
1.615625,0.027119,0.015136,0.010997,-0.075440,79.907766,105.000000,1.000000
1.617188,0.027151,0.015240,0.010770,-0.075290,79.743297,105.000000,1.000000
1.618750,0.027183,0.015342,0.010547,-0.075141,79.582134,105.000000,1.000000
1.620313,0.027214,0.015442,0.010329,-0.074995,79.424296,105.000000,1.000000
1.621875,0.027245,0.015539,0.010116,-0.074852,79.269804,105.000000,1.000000
1.623438,0.027276,0.015635,0.009908,-0.074711,79.118677,105.000000,1.000000
1.625000,0.027306,0.015728,0.009706,-0.074573,78.970934,105.000000,1.000000
1.626563,0.027335,0.015819,0.009508,-0.074438,78.826593,105.000000,1.000000
1.628125,0.027365,0.015907,0.009315,-0.074305,78.685674,105.000000,1.000000
1.629688,0.027393,0.015994,0.009127,-0.074175,78.548192,105.000000,1.000000
1.631250,0.027422,0.016078,0.008945,-0.074048,78.414167,105.000000,1.000000
1.632812,0.027449,0.016160,0.008767,-0.073923,78.283614,105.000000,1.000000
1.634375,0.027476,0.016240,0.008594,-0.073802,78.156550,105.000000,1.000000
1.635938,0.027503,0.016317,0.008427,-0.073684,78.032992,105.000000,1.000000
1.637500,0.027529,0.016392,0.008264,-0.073568,77.912954,105.000000,1.000000
1.639063,0.027554,0.016465,0.008106,-0.073456,77.796452,105.000000,1.000000
1.640625,0.027578,0.016536,0.007954,-0.073347,77.683500,105.000000,1.000000
1.642188,0.027602,0.016604,0.007806,-0.073241,77.574113,105.000000,1.000000
1.643750,0.027626,0.016670,0.007664,-0.073138,77.468305,105.000000,1.000000
1.645313,0.027648,0.016734,0.007526,-0.073038,77.366088,105.000000,1.000000
1.646875,0.027670,0.016796,0.007394,-0.072942,77.267475,105.000000,1.000000
1.648438,0.027692,0.016855,0.007266,-0.072849,77.172480,105.000000,1.000000
1.650000,0.027712,0.016912,0.007144,-0.072760,77.081114,105.000000,1.000000
1.651563,0.027732,0.016966,0.007026,-0.072673,76.993389,105.000000,1.000000
1.653125,0.027751,0.017019,0.006914,-0.072591,76.909314,105.000000,1.000000
1.654688,0.027769,0.017069,0.006806,-0.072511,76.828902,105.000000,1.000000
1.656250,0.027787,0.017116,0.006704,-0.072435,76.752163,105.000000,1.000000
1.657813,0.027804,0.017162,0.006606,-0.072363,76.679105,105.000000,1.000000
1.659375,0.027820,0.017205,0.006514,-0.072294,76.609738,105.000000,1.000000
1.660938,0.027835,0.017246,0.006427,-0.072229,76.544071,105.000000,1.000000
1.662500,0.027849,0.017284,0.006344,-0.072167,76.482112,105.000000,1.000000
1.664062,0.027863,0.017320,0.006267,-0.072109,76.423869,105.000000,1.000000
1.665625,0.027875,0.017354,0.006194,-0.072055,76.369350,105.000000,1.000000
1.667188,0.027887,0.017385,0.006127,-0.072004,76.318560,105.000000,1.000000
1.668750,0.027898,0.017415,0.006065,-0.071957,76.271507,105.000000,1.000000
1.670313,0.027908,0.017441,0.006007,-0.071914,76.228196,105.000000,1.000000
1.671875,0.027918,0.017466,0.005955,-0.071874,76.188634,105.000000,1.000000
1.673438,0.027926,0.017488,0.005907,-0.071838,76.152824,105.000000,1.000000
1.675000,0.027934,0.017508,0.005865,-0.071806,76.120771,105.000000,1.000000
1.676563,0.027940,0.017525,0.005828,-0.071778,76.092480,105.000000,1.000000
1.678125,0.027946,0.017541,0.005795,-0.071753,76.067954,105.000000,1.000000
1.679688,0.027951,0.017554,0.005768,-0.071732,76.047196,105.000000,1.000000
1.681250,0.027955,0.017564,0.005745,-0.071715,76.030208,105.000000,1.000000
1.682813,0.027958,0.017572,0.005728,-0.071702,76.016993,105.000000,1.000000
1.684375,0.027960,0.017578,0.005715,-0.071692,76.007553,105.000000,1.000000
1.685938,0.027962,0.017582,0.005708,-0.071686,76.001888,105.000000,1.000000
1.687500,0.027962,0.017583,0.005705,-0.071685,76.000000,105.000000,0.000000
1.689063,0.027962,0.017584,0.005706,-0.071683,76.000547,104.997628,0.000000
1.690625,0.027962,0.017588,0.005708,-0.071680,76.002190,104.990510,0.000000
1.692188,0.027961,0.017594,0.005712,-0.071675,76.004927,104.978650,0.000000
1.693750,0.027960,0.017603,0.005717,-0.071667,76.008760,104.962047,0.000000
1.695312,0.027958,0.017615,0.005723,-0.071658,76.013686,104.940706,0.000000
1.696875,0.027957,0.017629,0.005730,-0.071646,76.019708,104.914627,0.000000
1.698438,0.027954,0.017645,0.005739,-0.071632,76.026824,104.883817,0.000000
1.700000,0.027952,0.017664,0.005750,-0.071617,76.035033,104.848278,0.000000
1.701563,0.027950,0.017686,0.005762,-0.071598,76.044337,104.808017,0.000000
1.703125,0.027947,0.017710,0.005775,-0.071578,76.054733,104.763038,0.000000
1.704688,0.027943,0.017737,0.005790,-0.071556,76.066223,104.713350,0.000000
1.706250,0.027940,0.017766,0.005806,-0.071532,76.078806,104.658958,0.000000
1.707813,0.027936,0.017798,0.005823,-0.071505,76.092480,104.599871,0.000000
1.709375,0.027932,0.017832,0.005842,-0.071477,76.107246,104.536098,0.000000
1.710938,0.027928,0.017869,0.005863,-0.071446,76.123103,104.467647,0.000000
1.712500,0.027923,0.017908,0.005885,-0.071413,76.140051,104.394529,0.000000
1.714063,0.027918,0.017950,0.005908,-0.071378,76.158089,104.316755,0.000000
1.715625,0.027913,0.017994,0.005933,-0.071341,76.177215,104.234335,0.000000
1.717188,0.027908,0.018041,0.005959,-0.071302,76.197431,104.147282,0.000000
1.718750,0.027902,0.018090,0.005986,-0.071261,76.218734,104.055609,0.000000
1.720313,0.027896,0.018142,0.006015,-0.071218,76.241124,103.959329,0.000000
1.721875,0.027890,0.018196,0.006046,-0.071173,76.264600,103.858455,0.000000
1.723438,0.027884,0.018252,0.006078,-0.071126,76.289162,103.753004,0.000000
1.725000,0.027878,0.018311,0.006112,-0.071077,76.314808,103.642989,0.000000
1.726562,0.027871,0.018373,0.006147,-0.071025,76.341538,103.528428,0.000000
1.728125,0.027865,0.018437,0.006184,-0.070972,76.369350,103.409337,0.000000
1.729688,0.027858,0.018503,0.006222,-0.070917,76.398243,103.285733,0.000000
1.731250,0.027851,0.018571,0.006262,-0.070860,76.428218,103.157634,0.000000
1.732813,0.027843,0.018642,0.006303,-0.070800,76.459271,103.025059,0.000000
1.734375,0.027836,0.018716,0.006346,-0.070739,76.491403,102.888028,0.000000
1.735938,0.027829,0.018791,0.006390,-0.070676,76.524612,102.746560,0.000000
1.737500,0.027821,0.018869,0.006436,-0.070611,76.558896,102.600676,0.000000
1.739063,0.027814,0.018950,0.006484,-0.070544,76.594255,102.450398,0.000000
1.740625,0.027806,0.019032,0.006533,-0.070474,76.630688,102.295746,0.000000
1.742188,0.027798,0.019117,0.006584,-0.070403,76.668193,102.136745,0.000000
1.743750,0.027790,0.019204,0.006636,-0.070331,76.706768,101.973417,0.000000
1.745313,0.027783,0.019294,0.006691,-0.070256,76.746412,101.805785,0.000000
1.746875,0.027775,0.019386,0.006746,-0.070179,76.787124,101.633875,0.000000
1.748438,0.027767,0.019479,0.006804,-0.070100,76.828902,101.457712,0.000000
1.750000,0.027759,0.019575,0.006863,-0.070020,76.871745,101.277321,0.000000
1.751563,0.027751,0.019674,0.006924,-0.069938,76.915652,101.092728,0.000000
1.753125,0.027744,0.019774,0.006987,-0.069854,76.960620,100.903961,0.000000
1.754688,0.027736,0.019877,0.007051,-0.069768,77.006647,100.711047,0.000000
1.756250,0.027728,0.019981,0.007117,-0.069680,77.053733,100.514014,0.000000
1.757812,0.027721,0.020088,0.007185,-0.069590,77.101876,100.312891,0.000000
1.759375,0.027714,0.020197,0.007255,-0.069499,77.151073,100.107708,0.000000
1.760938,0.027706,0.020308,0.007326,-0.069406,77.201324,99.898494,0.000000
1.762500,0.027699,0.020421,0.007399,-0.069311,77.252625,99.685279,0.000000
1.764063,0.027692,0.020536,0.007474,-0.069215,77.304976,99.468096,0.000000
1.765625,0.027686,0.020653,0.007551,-0.069117,77.358374,99.246976,0.000000
1.767188,0.027679,0.020772,0.007630,-0.069017,77.412818,99.021950,0.000000
1.768750,0.027673,0.020893,0.007710,-0.068915,77.468305,98.793052,0.000000
1.770313,0.027666,0.021016,0.007793,-0.068812,77.524833,98.560316,0.000000
1.771875,0.027661,0.021140,0.007877,-0.068707,77.582401,98.323775,0.000000
1.773438,0.027655,0.021267,0.007964,-0.068601,77.641006,98.083463,0.000000
1.775000,0.027649,0.021395,0.008052,-0.068493,77.700646,97.839417,0.000000
1.776563,0.027644,0.021526,0.008142,-0.068384,77.761319,97.591670,0.000000
1.778125,0.027640,0.021658,0.008234,-0.068272,77.823022,97.340261,0.000000
1.779688,0.027635,0.021791,0.008328,-0.068160,77.885754,97.085225,0.000000
1.781250,0.027631,0.021927,0.008424,-0.068046,77.949513,96.826599,0.000000
1.782813,0.027627,0.022064,0.008522,-0.067930,78.014295,96.564422,0.000000
1.784375,0.027624,0.022203,0.008622,-0.067813,78.080098,96.298732,0.000000
1.785938,0.027621,0.022344,0.008724,-0.067695,78.146921,96.029567,0.000000
1.787500,0.027618,0.022486,0.008828,-0.067575,78.214761,95.756966,0.000000
1.789062,0.027616,0.022630,0.008934,-0.067453,78.283614,95.480970,0.000000
1.790625,0.027614,0.022775,0.009042,-0.067331,78.353479,95.201619,0.000000
1.792188,0.027613,0.022922,0.009152,-0.067207,78.424353,94.918954,0.000000
1.793750,0.027612,0.023070,0.009264,-0.067082,78.496234,94.633015,0.000000
1.795313,0.027611,0.023220,0.009378,-0.066955,78.569119,94.343845,0.000000
1.796875,0.027611,0.023371,0.009495,-0.066827,78.643005,94.051486,0.000000
1.798438,0.027612,0.023524,0.009613,-0.066698,78.717889,93.755981,0.000000
1.800000,0.027613,0.023678,0.009734,-0.066568,78.793769,93.457372,0.000000
1.801563,0.027615,0.023834,0.009856,-0.066436,78.870642,93.155703,0.000000
1.803125,0.027617,0.023990,0.009981,-0.066304,78.948506,92.851019,0.000000
1.804688,0.027619,0.024148,0.010108,-0.066170,79.027357,92.543363,0.000000
1.806250,0.027623,0.024307,0.010237,-0.066035,79.107192,92.232782,0.000000
1.807813,0.027626,0.024468,0.010368,-0.065899,79.188009,91.919319,0.000000
1.809375,0.027631,0.024629,0.010502,-0.065762,79.269804,91.603021,0.000000
1.810938,0.027636,0.024792,0.010637,-0.065624,79.352575,91.283934,0.000000
1.812500,0.027641,0.024956,0.010775,-0.065485,79.436319,90.962104,0.000000
1.814063,0.027647,0.025121,0.010915,-0.065345,79.521033,90.637579,0.000000
1.815625,0.027654,0.025287,0.011057,-0.065204,79.606712,90.310406,0.000000
1.817188,0.027662,0.025454,0.011201,-0.065062,79.693356,89.980633,0.000000
1.818750,0.027670,0.025621,0.011348,-0.064919,79.780959,89.648308,0.000000
1.820312,0.027679,0.025790,0.011497,-0.064776,79.869519,89.313479,0.000000
1.821875,0.027688,0.025960,0.011648,-0.064631,79.959034,88.976195,0.000000
1.823438,0.027698,0.026130,0.011801,-0.064486,80.049498,88.636506,0.000000
1.825000,0.027709,0.026301,0.011956,-0.064340,80.140910,88.294461,0.000000
1.826563,0.027720,0.026473,0.012114,-0.064193,80.233266,87.950110,0.000000
1.828125,0.027732,0.026646,0.012273,-0.064046,80.326562,87.603503,0.000000
1.829688,0.027745,0.026820,0.012435,-0.063898,80.420795,87.254691,0.000000
1.831250,0.027758,0.026994,0.012599,-0.063749,80.515962,86.903725,0.000000
1.832813,0.027773,0.027168,0.012766,-0.063600,80.612059,86.550656,0.000000
1.834375,0.027788,0.027343,0.012934,-0.063450,80.709083,86.195536,0.000000
1.835938,0.027803,0.027519,0.013105,-0.063299,80.807030,85.838416,0.000000
1.837500,0.027819,0.027696,0.013278,-0.063148,80.905896,85.479349,0.000000
1.839063,0.027836,0.027872,0.013453,-0.062997,81.005678,85.118387,0.000000
1.840625,0.027854,0.028049,0.013631,-0.062845,81.106373,84.755582,0.000000
1.842188,0.027872,0.028227,0.013810,-0.062692,81.207976,84.390989,0.000000
1.843750,0.027891,0.028405,0.013992,-0.062539,81.310484,84.024659,0.000000
1.845313,0.027911,0.028583,0.014176,-0.062386,81.413893,83.656646,0.000000
1.846875,0.027932,0.028761,0.014362,-0.062233,81.518200,83.287005,0.000000
1.848438,0.027953,0.028940,0.014550,-0.062079,81.623400,82.915789,0.000000
1.850000,0.027975,0.029119,0.014741,-0.061925,81.729490,82.543052,0.000000
1.851562,0.027997,0.029297,0.014933,-0.061770,81.836466,82.168849,0.000000
1.853125,0.028020,0.029476,0.015128,-0.061616,81.944324,81.793235,0.000000
1.854688,0.028044,0.029655,0.015325,-0.061461,82.053060,81.416263,0.000000
1.856250,0.028069,0.029835,0.015524,-0.061306,82.162670,81.037990,0.000000
1.857813,0.028094,0.030014,0.015725,-0.061151,82.273150,80.658470,0.000000
1.859375,0.028120,0.030192,0.015928,-0.060996,82.384496,80.277759,0.000000
1.860938,0.028147,0.030371,0.016133,-0.060841,82.496704,79.895913,0.000000
1.862500,0.028174,0.030550,0.016340,-0.060686,82.609769,79.512986,0.000000
1.864063,0.028202,0.030729,0.016550,-0.060531,82.723689,79.129036,0.000000
1.865625,0.028230,0.030907,0.016761,-0.060375,82.838458,78.744118,0.000000
1.867188,0.028259,0.031085,0.016974,-0.060220,82.954073,78.358289,0.000000
1.868750,0.028289,0.031263,0.017189,-0.060065,83.070528,77.971604,0.000000
1.870313,0.028319,0.031440,0.017407,-0.059910,83.187821,77.584120,0.000000
1.871875,0.028350,0.031617,0.017626,-0.059756,83.305946,77.195894,0.000000
1.873438,0.028382,0.031794,0.017847,-0.059601,83.424900,76.806983,0.000000
1.875000,0.028414,0.031970,0.018070,-0.059447,83.544678,76.417442,0.000000
1.876563,0.028446,0.032145,0.018295,-0.059293,83.665275,76.027330,0.000000
1.878125,0.028479,0.032321,0.018522,-0.059139,83.786687,75.636702,0.000000
1.879688,0.028513,0.032495,0.018751,-0.058985,83.908910,75.245617,0.000000
1.881250,0.028547,0.032669,0.018981,-0.058832,84.031940,74.854131,0.000000
1.882812,0.028581,0.032842,0.019213,-0.058679,84.155771,74.462301,0.000000
1.884375,0.028616,0.033015,0.019447,-0.058527,84.280400,74.070185,0.000000
1.885938,0.028652,0.033187,0.019683,-0.058375,84.405822,73.677839,0.000000
1.887500,0.028687,0.033358,0.019921,-0.058223,84.532031,73.285322,0.000000
1.889063,0.028724,0.033528,0.020160,-0.058072,84.659024,72.892690,0.000000
1.890625,0.028760,0.033698,0.020401,-0.057922,84.786797,72.500000,0.000000
1.892188,0.028797,0.033866,0.020643,-0.057771,84.915343,72.107310,0.000000
1.893750,0.028834,0.034034,0.020888,-0.057622,85.044659,71.714678,0.000000
1.895313,0.028872,0.034201,0.021133,-0.057473,85.174740,71.322161,0.000000
1.896875,0.028910,0.034367,0.021381,-0.057324,85.305581,70.929815,0.000000
1.898438,0.028948,0.034532,0.021629,-0.057177,85.437177,70.537699,0.000000
1.900000,0.028987,0.034696,0.021880,-0.057030,85.569524,70.145869,0.000000
1.901563,0.029025,0.034858,0.022131,-0.056883,85.702617,69.754383,0.000000
1.903125,0.029064,0.035020,0.022384,-0.056737,85.836450,69.363298,0.000000
1.904688,0.029103,0.035181,0.022639,-0.056592,85.971020,68.972670,0.000000
1.906250,0.029142,0.035340,0.022895,-0.056448,86.106320,68.582558,0.000000
1.907813,0.029182,0.035498,0.023152,-0.056304,86.242347,68.193017,0.000000
1.909375,0.029221,0.035655,0.023411,-0.056161,86.379095,67.804106,0.000000
1.910938,0.029260,0.035811,0.023670,-0.056019,86.516559,67.415880,0.000000
1.912500,0.029300,0.035965,0.023931,-0.055878,86.654734,67.028396,0.000000
1.914062,0.029339,0.036118,0.024194,-0.055738,86.793615,66.641711,0.000000
1.915625,0.029379,0.036270,0.024457,-0.055598,86.933197,66.255882,0.000000
1.917188,0.029418,0.036420,0.024721,-0.055460,87.073475,65.870964,0.000000
1.918750,0.029458,0.036569,0.024987,-0.055322,87.214444,65.487014,0.000000
1.920313,0.029497,0.036717,0.025253,-0.055185,87.356099,65.104087,0.000000
1.921875,0.029536,0.036863,0.025521,-0.055050,87.498434,64.722241,0.000000
1.923438,0.029575,0.037007,0.025789,-0.054915,87.641444,64.341530,0.000000
1.925000,0.029614,0.037150,0.026059,-0.054781,87.785125,63.962010,0.000000
1.926563,0.029653,0.037292,0.026329,-0.054648,87.929470,63.583737,0.000000
1.928125,0.029691,0.037432,0.026600,-0.054516,88.074475,63.206765,0.000000
1.929688,0.029729,0.037570,0.026872,-0.054386,88.220134,62.831151,0.000000
1.931250,0.029767,0.037707,0.027145,-0.054256,88.366442,62.456948,0.000000
1.932813,0.029805,0.037842,0.027418,-0.054127,88.513394,62.084211,0.000000
1.934375,0.029842,0.037975,0.027692,-0.054000,88.660984,61.712995,0.000000
1.935938,0.029879,0.038107,0.027967,-0.053873,88.809207,61.343354,0.000000
1.937500,0.029915,0.038237,0.028242,-0.053748,88.958058,60.975341,0.000000
1.939063,0.029951,0.038365,0.028518,-0.053624,89.107530,60.609011,0.000000
1.940625,0.029986,0.038492,0.028794,-0.053501,89.257619,60.244418,0.000000
1.942188,0.030021,0.038616,0.029071,-0.053379,89.408319,59.881613,0.000000
1.943750,0.030055,0.038739,0.029348,-0.053258,89.559625,59.520651,0.000000
1.945312,0.030089,0.038860,0.029626,-0.053139,89.711531,59.161584,0.000000
1.946875,0.030122,0.038980,0.029904,-0.053020,89.864031,58.804464,0.000000
1.948438,0.030155,0.039097,0.030182,-0.052903,90.017120,58.449344,0.000000
1.950000,0.030186,0.039212,0.030461,-0.052787,90.170793,58.096275,0.000000
1.951563,0.030217,0.039326,0.030739,-0.052673,90.325043,57.745309,0.000000
1.953125,0.030248,0.039438,0.031018,-0.052559,90.479866,57.396497,0.000000
1.954688,0.030277,0.039547,0.031297,-0.052447,90.635255,57.049890,0.000000
1.956250,0.030306,0.039655,0.031576,-0.052336,90.791204,56.705539,0.000000
1.957813,0.030334,0.039761,0.031855,-0.052226,90.947709,56.363494,0.000000
1.959375,0.030361,0.039865,0.032135,-0.052118,91.104764,56.023805,0.000000
1.960938,0.030387,0.039967,0.032414,-0.052011,91.262362,55.686521,0.000000
1.962500,0.030412,0.040066,0.032693,-0.051905,91.420498,55.351692,0.000000
1.964063,0.030436,0.040164,0.032972,-0.051801,91.579166,55.019367,0.000000
1.965625,0.030460,0.040260,0.033250,-0.051698,91.738360,54.689594,0.000000
1.967188,0.030482,0.040353,0.033529,-0.051596,91.898075,54.362421,0.000000
1.968750,0.030503,0.040445,0.033807,-0.051496,92.058305,54.037896,0.000000
1.970313,0.030523,0.040534,0.034085,-0.051397,92.219043,53.716066,0.000000
1.971875,0.030542,0.040621,0.034363,-0.051299,92.380285,53.396979,0.000000
1.973438,0.030560,0.040706,0.034640,-0.051203,92.542024,53.080681,0.000000
1.975000,0.030577,0.040789,0.034917,-0.051108,92.704254,52.767218,0.000000
1.976562,0.030592,0.040870,0.035194,-0.051015,92.866969,52.456637,0.000000
1.978125,0.030606,0.040949,0.035469,-0.050922,93.030163,52.148981,0.000000
1.979688,0.030619,0.041025,0.035745,-0.050832,93.193831,51.844297,0.000000
1.981250,0.030631,0.041100,0.036020,-0.050742,93.357967,51.542628,0.000000
1.982813,0.030641,0.041172,0.036294,-0.050655,93.522564,51.244019,0.000000
1.984375,0.030650,0.041241,0.036567,-0.050568,93.687616,50.948514,0.000000
1.985938,0.030658,0.041309,0.036840,-0.050483,93.853117,50.656155,0.000000
1.987500,0.030664,0.041374,0.037112,-0.050399,94.019062,50.366985,0.000000
1.989063,0.030669,0.041437,0.037384,-0.050317,94.185445,50.081046,0.000000
1.990625,0.030673,0.041498,0.037654,-0.050237,94.352258,49.798381,0.000000
1.992188,0.030675,0.041557,0.037924,-0.050157,94.519497,49.519030,0.000000
1.993750,0.030675,0.041613,0.038193,-0.050079,94.687155,49.243034,0.000000
1.995313,0.030674,0.041667,0.038461,-0.050003,94.855225,48.970433,0.000000
1.996875,0.030671,0.041718,0.038728,-0.049928,95.023703,48.701268,0.000000
1.998438,0.030667,0.041768,0.038994,-0.049855,95.192581,48.435578,0.000000
2.000000,0.030662,0.041814,0.039259,-0.049783,95.361853,48.173401,0.000000
2.001562,0.030654,0.041859,0.039523,-0.049713,95.531514,47.914775,0.000000
2.003125,0.030645,0.041901,0.039785,-0.049644,95.701557,47.659739,0.000000
2.004688,0.030635,0.041941,0.040047,-0.049576,95.871976,47.408330,0.000000
2.006250,0.030623,0.041978,0.040308,-0.049510,96.042764,47.160583,0.000000
2.007812,0.030609,0.042013,0.040567,-0.049446,96.213916,46.916537,0.000000
2.009375,0.030593,0.042046,0.040825,-0.049383,96.385425,46.676225,0.000000
2.010938,0.030576,0.042076,0.041082,-0.049322,96.557285,46.439684,0.000000
2.012500,0.030557,0.042104,0.041337,-0.049262,96.729490,46.206948,0.000000
2.014063,0.030536,0.042129,0.041592,-0.049204,96.902033,45.978050,0.000000
2.015625,0.030513,0.042152,0.041845,-0.049147,97.074908,45.753024,0.000000
2.017187,0.030489,0.042173,0.042096,-0.049092,97.248109,45.531904,0.000000
2.018750,0.030463,0.042191,0.042346,-0.049039,97.421630,45.314721,0.000000
2.020313,0.030435,0.042206,0.042595,-0.048987,97.595463,45.101506,0.000000
2.021875,0.030405,0.042219,0.042842,-0.048936,97.769603,44.892292,0.000000
2.023438,0.030373,0.042230,0.043088,-0.048887,97.944044,44.687109,0.000000
2.025000,0.030340,0.042238,0.043333,-0.048840,98.118779,44.485986,0.000000
2.026563,0.030304,0.042243,0.043575,-0.048795,98.293801,44.288953,0.000000
2.028125,0.030267,0.042246,0.043817,-0.048751,98.469105,44.096039,0.000000
2.029688,0.030228,0.042247,0.044056,-0.048708,98.644683,43.907272,0.000000
2.031250,0.030187,0.042245,0.044295,-0.048667,98.820530,43.722679,0.000000
2.032812,0.030144,0.042240,0.044531,-0.048628,98.996639,43.542288,0.000000
2.034375,0.030100,0.042233,0.044766,-0.048591,99.173004,43.366125,0.000000
2.035938,0.030053,0.042223,0.044999,-0.048555,99.349618,43.194215,0.000000
2.037500,0.030004,0.042210,0.045231,-0.048521,99.526474,43.026583,0.000000
2.039062,0.029954,0.042195,0.045461,-0.048488,99.703567,42.863255,0.000000
2.040625,0.029901,0.042178,0.045689,-0.048458,99.880890,42.704254,0.000000
2.042188,0.029847,0.042157,0.045915,-0.048429,100.058436,42.549602,0.000000
2.043750,0.029791,0.042134,0.046140,-0.048401,100.236198,42.399324,0.000000
2.045313,0.029733,0.042109,0.046363,-0.048376,100.414172,42.253440,0.000000
2.046875,0.029673,0.042081,0.046584,-0.048352,100.592349,42.111972,0.000000
2.048437,0.029611,0.042050,0.046803,-0.048329,100.770723,41.974941,0.000000
2.050000,0.029547,0.042016,0.047021,-0.048309,100.949289,41.842366,0.000000
2.051563,0.029481,0.041980,0.047237,-0.048290,101.128038,41.714267,0.000000
2.053125,0.029413,0.041941,0.047451,-0.048273,101.306966,41.590663,0.000000
2.054688,0.029343,0.041899,0.047663,-0.048258,101.486065,41.471572,0.000000
2.056250,0.029272,0.041855,0.047874,-0.048245,101.665329,41.357011,0.000000
2.057813,0.029198,0.041808,0.048082,-0.048233,101.844750,41.246996,0.000000
2.059375,0.029123,0.041758,0.048289,-0.048223,102.024324,41.141545,0.000000
2.060938,0.029046,0.041705,0.048494,-0.048216,102.204042,41.040671,0.000000
2.062500,0.028967,0.041650,0.048697,-0.048209,102.383900,40.944391,0.000000
2.064062,0.028886,0.041592,0.048898,-0.048205,102.563889,40.852718,0.000000
2.065625,0.028803,0.041531,0.049098,-0.048203,102.744003,40.765665,0.000000
2.067188,0.028718,0.041467,0.049295,-0.048202,102.924237,40.683245,0.000000
2.068750,0.028632,0.041400,0.049491,-0.048204,103.104582,40.605471,0.000000
2.070312,0.028544,0.041331,0.049685,-0.048207,103.285034,40.532353,0.000000
2.071875,0.028454,0.041258,0.049877,-0.048213,103.465584,40.463902,0.000000
2.073438,0.028362,0.041183,0.050067,-0.048220,103.646227,40.400129,0.000000
2.075000,0.028268,0.041105,0.050255,-0.048229,103.826956,40.341042,0.000000
2.076563,0.028173,0.041024,0.050442,-0.048240,104.007764,40.286650,0.000000
2.078125,0.028076,0.040940,0.050626,-0.048253,104.188645,40.236962,0.000000
2.079687,0.027977,0.040853,0.050809,-0.048268,104.369592,40.191983,0.000000
2.081250,0.027877,0.040764,0.050990,-0.048286,104.550599,40.151722,0.000000
2.082813,0.027774,0.040671,0.051169,-0.048305,104.731658,40.116183,0.000000
2.084375,0.027671,0.040575,0.051347,-0.048326,104.912764,40.085373,0.000000
2.085938,0.027565,0.040477,0.051522,-0.048349,105.093909,40.059294,0.000000
2.087500,0.027459,0.040375,0.051696,-0.048375,105.275088,40.037953,0.000000
2.089063,0.027350,0.040271,0.051868,-0.048402,105.456293,40.021350,0.000000
2.090625,0.027240,0.040163,0.052039,-0.048432,105.637517,40.009490,0.000000
2.092188,0.027129,0.040053,0.052207,-0.048463,105.818755,40.002372,0.000000
2.093750,0.027016,0.039939,0.052374,-0.048497,106.000000,40.000000,0.000000
2.095312,0.026901,0.039822,0.052540,-0.048533,106.181245,40.002372,0.000000
2.096875,0.026785,0.039703,0.052703,-0.048571,106.362483,40.009490,0.000000
2.098438,0.026668,0.039580,0.052865,-0.048611,106.543707,40.021350,0.000000
2.100000,0.026550,0.039454,0.053025,-0.048654,106.724912,40.037953,0.000000
2.101562,0.026430,0.039325,0.053184,-0.048699,106.906091,40.059294,0.000000
2.103125,0.026309,0.039193,0.053341,-0.048746,107.087236,40.085373,0.000000
2.104688,0.026186,0.039058,0.053496,-0.048795,107.268342,40.116183,0.000000
2.106250,0.026063,0.038920,0.053650,-0.048846,107.449401,40.151722,0.000000
2.107813,0.025938,0.038779,0.053803,-0.048900,107.630408,40.191983,0.000000
2.109375,0.025812,0.038634,0.053954,-0.048956,107.811355,40.236962,0.000000
2.110937,0.025685,0.038487,0.054103,-0.049014,107.992236,40.286650,0.000000
2.112500,0.025557,0.038336,0.054251,-0.049075,108.173044,40.341042,0.000000
2.114063,0.025428,0.038182,0.054398,-0.049138,108.353773,40.400129,0.000000
2.115625,0.025298,0.038025,0.054543,-0.049203,108.534416,40.463902,0.000000
2.117188,0.025167,0.037865,0.054687,-0.049271,108.714966,40.532353,0.000000
2.118750,0.025036,0.037701,0.054829,-0.049341,108.895418,40.605471,0.000000
2.120313,0.024903,0.037535,0.054970,-0.049413,109.075763,40.683245,0.000000
2.121875,0.024770,0.037365,0.055110,-0.049488,109.255997,40.765665,0.000000
2.123438,0.024636,0.037192,0.055249,-0.049565,109.436111,40.852718,0.000000
2.125000,0.024501,0.037016,0.055387,-0.049645,109.616100,40.944391,0.000000
2.126562,0.024365,0.036836,0.055523,-0.049727,109.795958,41.040671,0.000000
2.128125,0.024229,0.036653,0.055659,-0.049812,109.975676,41.141545,0.000000
2.129688,0.024093,0.036467,0.055793,-0.049899,110.155250,41.246996,0.000000
2.131250,0.023956,0.036278,0.055926,-0.049988,110.334671,41.357011,0.000000
2.132812,0.023818,0.036086,0.056058,-0.050080,110.513935,41.471572,0.000000
2.134375,0.023680,0.035890,0.056190,-0.050174,110.693034,41.590663,0.000000
2.135938,0.023542,0.035691,0.056320,-0.050271,110.871962,41.714267,0.000000
2.137500,0.023404,0.035489,0.056450,-0.050371,111.050711,41.842366,0.000000
2.139063,0.023265,0.035284,0.056578,-0.050473,111.229277,41.974941,0.000000
2.140625,0.023126,0.035076,0.056706,-0.050577,111.407651,42.111972,0.000000
2.142187,0.022987,0.034864,0.056833,-0.050684,111.585828,42.253440,0.000000
2.143750,0.022848,0.034649,0.056960,-0.050793,111.763802,42.399324,0.000000
2.145313,0.022709,0.034431,0.057086,-0.050905,111.941564,42.549602,0.000000
2.146875,0.022570,0.034209,0.057211,-0.051020,112.119110,42.704254,0.000000
2.148438,0.022431,0.033984,0.057336,-0.051137,112.296433,42.863255,0.000000
2.150000,0.022292,0.033757,0.057460,-0.051257,112.473526,43.026583,0.000000
2.151563,0.022154,0.033526,0.057584,-0.051379,112.650382,43.194215,0.000000
2.153125,0.022016,0.033291,0.057707,-0.051503,112.826996,43.366125,0.000000
2.154688,0.021878,0.033054,0.057830,-0.051631,113.003361,43.542288,0.000000
2.156250,0.021740,0.032813,0.057953,-0.051760,113.179470,43.722679,0.000000
2.157812,0.021603,0.032569,0.058075,-0.051893,113.355317,43.907272,0.000000
2.159375,0.021467,0.032322,0.058197,-0.052027,113.530895,44.096039,0.000000
2.160938,0.021331,0.032072,0.058319,-0.052165,113.706199,44.288953,0.000000
2.162500,0.021196,0.031819,0.058441,-0.052304,113.881221,44.485986,0.000000
2.164062,0.021061,0.031563,0.058563,-0.052447,114.055956,44.687109,0.000000
2.165625,0.020928,0.031303,0.058685,-0.052592,114.230397,44.892292,0.000000
2.167188,0.020795,0.031041,0.058807,-0.052739,114.404537,45.101506,0.000000
2.168750,0.020663,0.030775,0.058929,-0.052889,114.578370,45.314721,0.000000
2.170313,0.020532,0.030507,0.059051,-0.053041,114.751891,45.531904,0.000000
2.171875,0.020402,0.030235,0.059173,-0.053196,114.925092,45.753024,0.000000
2.173437,0.020273,0.029960,0.059296,-0.053353,115.097967,45.978050,0.000000
2.175000,0.020145,0.029683,0.059419,-0.053513,115.270510,46.206948,0.000000
2.176563,0.020018,0.029402,0.059542,-0.053675,115.442715,46.439684,0.000000
2.178125,0.019893,0.029119,0.059666,-0.053840,115.614575,46.676225,0.000000
2.179688,0.019769,0.028832,0.059790,-0.054007,115.786084,46.916537,0.000000
2.181250,0.019647,0.028543,0.059915,-0.054176,115.957236,47.160583,0.000000
2.182813,0.019525,0.028251,0.060040,-0.054348,116.128024,47.408330,0.000000
2.184375,0.019406,0.027956,0.060166,-0.054522,116.298443,47.659739,0.000000
2.185938,0.019288,0.027658,0.060293,-0.054699,116.468486,47.914775,0.000000
2.187500,0.019171,0.027357,0.060420,-0.054877,116.638147,48.173401,0.000000
2.189062,0.019057,0.027054,0.060548,-0.055058,116.807419,48.435578,0.000000
2.190625,0.018944,0.026748,0.060677,-0.055242,116.976297,48.701268,0.000000
2.192188,0.018833,0.026440,0.060807,-0.055427,117.144775,48.970433,0.000000
2.193750,0.018724,0.026129,0.060938,-0.055615,117.312845,49.243034,0.000000
2.195312,0.018616,0.025815,0.061069,-0.055805,117.480503,49.519030,0.000000
2.196875,0.018511,0.025498,0.061202,-0.055997,117.647742,49.798381,0.000000
2.198438,0.018408,0.025180,0.061336,-0.056191,117.814555,50.081046,0.000000
2.200000,0.018307,0.024858,0.061471,-0.056387,117.980938,50.366985,0.000000
2.201563,0.018208,0.024535,0.061607,-0.056585,118.146883,50.656155,0.000000
2.203125,0.018111,0.024209,0.061745,-0.056786,118.312384,50.948514,0.000000
2.204687,0.018017,0.023880,0.061883,-0.056988,118.477436,51.244019,0.000000
2.206250,0.017925,0.023550,0.062024,-0.057192,118.642033,51.542628,0.000000
2.207813,0.017835,0.023217,0.062165,-0.057399,118.806169,51.844297,0.000000
2.209375,0.017748,0.022882,0.062308,-0.057607,118.969837,52.148981,0.000000
2.210938,0.017663,0.022545,0.062452,-0.057817,119.133031,52.456637,0.000000
2.212500,0.017581,0.022205,0.062598,-0.058028,119.295746,52.767218,0.000000
2.214063,0.017501,0.021864,0.062745,-0.058242,119.457976,53.080681,0.000000
2.215625,0.017424,0.021521,0.062894,-0.058457,119.619715,53.396979,0.000000
2.217188,0.017350,0.021176,0.063045,-0.058674,119.780957,53.716066,0.000000
2.218750,0.017278,0.020828,0.063197,-0.058893,119.941695,54.037896,0.000000
2.220312,0.017209,0.020480,0.063351,-0.059113,120.101925,54.362421,0.000000
2.221875,0.017143,0.020129,0.063507,-0.059334,120.261640,54.689594,0.000000
2.223438,0.017080,0.019777,0.063664,-0.059558,120.420834,55.019367,0.000000
2.225000,0.017020,0.019423,0.063823,-0.059782,120.579502,55.351692,0.000000
2.226562,0.016963,0.019067,0.063985,-0.060008,120.737638,55.686521,0.000000
2.228125,0.016908,0.018710,0.064148,-0.060236,120.895236,56.023805,0.000000
2.229688,0.016857,0.018352,0.064313,-0.060464,121.052291,56.363494,0.000000
2.231250,0.016809,0.017992,0.064479,-0.060694,121.208796,56.705539,0.000000
2.232813,0.016764,0.017631,0.064648,-0.060925,121.364745,57.049890,0.000000
2.234375,0.016722,0.017268,0.064819,-0.061158,121.520134,57.396497,0.000000
2.235937,0.016683,0.016905,0.064992,-0.061391,121.674957,57.745309,0.000000
2.237500,0.016647,0.016540,0.065167,-0.061625,121.829207,58.096275,0.000000
2.239063,0.016615,0.016174,0.065344,-0.061861,121.982880,58.449344,0.000000
2.240625,0.016586,0.015808,0.065523,-0.062097,122.135969,58.804464,0.000000
2.242188,0.016560,0.015440,0.065705,-0.062334,122.288469,59.161584,0.000000
2.243750,0.016537,0.015071,0.065888,-0.062572,122.440375,59.520651,0.000000
2.245313,0.016518,0.014702,0.066074,-0.062811,122.591681,59.881613,0.000000
2.246875,0.016502,0.014332,0.066262,-0.063050,122.742381,60.244418,0.000000
2.248438,0.016490,0.013962,0.066452,-0.063290,122.892470,60.609011,0.000000
2.250000,0.016481,0.013590,0.066644,-0.063531,123.041942,60.975341,0.000000
2.251562,0.016475,0.013219,0.066838,-0.063772,123.190793,61.343354,0.000000
2.253125,0.016473,0.012847,0.067035,-0.064013,123.339016,61.712995,0.000000
2.254688,0.016474,0.012474,0.067234,-0.064255,123.486606,62.084211,0.000000
2.256250,0.016478,0.012101,0.067435,-0.064498,123.633558,62.456948,0.000000
2.257812,0.016486,0.011728,0.067638,-0.064740,123.779866,62.831151,0.000000
2.259375,0.016497,0.011355,0.067844,-0.064983,123.925525,63.206765,0.000000
2.260938,0.016512,0.010982,0.068052,-0.065226,124.070530,63.583737,0.000000
2.262500,0.016531,0.010609,0.068262,-0.065469,124.214875,63.962010,0.000000
2.264063,0.016553,0.010236,0.068475,-0.065712,124.358556,64.341530,0.000000
2.265625,0.016578,0.009863,0.068689,-0.065955,124.501566,64.722241,0.000000
2.267187,0.016607,0.009490,0.068906,-0.066198,124.643901,65.104087,0.000000
2.268750,0.016639,0.009118,0.069125,-0.066441,124.785556,65.487014,0.000000
2.270313,0.016674,0.008746,0.069347,-0.066683,124.926525,65.870964,0.000000
2.271875,0.016713,0.008375,0.069570,-0.066926,125.066803,66.255882,0.000000
2.273438,0.016756,0.008004,0.069796,-0.067168,125.206385,66.641711,0.000000
2.275000,0.016802,0.007633,0.070024,-0.067409,125.345266,67.028396,0.000000
2.276563,0.016851,0.007264,0.070254,-0.067650,125.483441,67.415880,0.000000
2.278125,0.016904,0.006895,0.070487,-0.067891,125.620905,67.804106,0.000000
2.279688,0.016960,0.006527,0.070721,-0.068131,125.757653,68.193017,0.000000
2.281250,0.017020,0.006159,0.070958,-0.068370,125.893680,68.582558,0.000000
2.282812,0.017083,0.005793,0.071197,-0.068609,126.028980,68.972670,0.000000
2.284375,0.017149,0.005428,0.071437,-0.068847,126.163550,69.363298,0.000000
2.285938,0.017218,0.005064,0.071680,-0.069084,126.297383,69.754383,0.000000
2.287500,0.017291,0.004701,0.071925,-0.069320,126.430476,70.145869,0.000000
2.289062,0.017367,0.004339,0.072172,-0.069556,126.562823,70.537699,0.000000
2.290625,0.017447,0.003979,0.072421,-0.069790,126.694419,70.929815,0.000000
2.292188,0.017529,0.003620,0.072672,-0.070023,126.825260,71.322161,0.000000
2.293750,0.017615,0.003262,0.072924,-0.070255,126.955341,71.714678,0.000000
2.295313,0.017704,0.002906,0.073179,-0.070486,127.084657,72.107310,0.000000
2.296875,0.017795,0.002552,0.073435,-0.070716,127.213203,72.500000,0.000000
2.298437,0.017890,0.002199,0.073694,-0.070945,127.340976,72.892690,0.000000
2.300000,0.017988,0.001848,0.073953,-0.071172,127.467969,73.285322,0.000000
2.301563,0.018089,0.001499,0.074215,-0.071398,127.594178,73.677839,0.000000
2.303125,0.018193,0.001151,0.074478,-0.071622,127.719600,74.070185,0.000000
2.304688,0.018300,0.000805,0.074743,-0.071845,127.844229,74.462301,0.000000
2.306250,0.018409,0.000462,0.075010,-0.072067,127.968060,74.854131,0.000000
2.307813,0.018522,0.000120,0.075278,-0.072287,128.091090,75.245617,0.000000
2.309375,0.018637,-0.000219,0.075547,-0.072505,128.213313,75.636702,0.000000
2.310938,0.018755,-0.000557,0.075818,-0.072722,128.334725,76.027330,0.000000
2.312500,0.018875,-0.000892,0.076091,-0.072937,128.455322,76.417442,0.000000
2.314062,0.018999,-0.001225,0.076364,-0.073150,128.575100,76.806983,0.000000
2.315625,0.019124,-0.001556,0.076639,-0.073361,128.694054,77.195894,0.000000
2.317188,0.019253,-0.001884,0.076915,-0.073571,128.812179,77.584120,0.000000
2.318750,0.019383,-0.002210,0.077193,-0.073779,128.929472,77.971604,0.000000
2.320312,0.019516,-0.002534,0.077471,-0.073985,129.045927,78.358289,0.000000
2.321875,0.019652,-0.002855,0.077751,-0.074189,129.161542,78.744118,0.000000
2.323438,0.019789,-0.003173,0.078031,-0.074391,129.276311,79.129036,0.000000
2.325000,0.019929,-0.003489,0.078312,-0.074591,129.390231,79.512986,0.000000
2.326563,0.020071,-0.003802,0.078595,-0.074789,129.503296,79.895913,0.000000
2.328125,0.020216,-0.004113,0.078878,-0.074984,129.615504,80.277759,0.000000
2.329687,0.020362,-0.004421,0.079162,-0.075178,129.726850,80.658470,0.000000
2.331250,0.020510,-0.004726,0.079446,-0.075370,129.837330,81.037990,0.000000
2.332813,0.020660,-0.005028,0.079731,-0.075559,129.946940,81.416263,0.000000
2.334375,0.020812,-0.005328,0.080017,-0.075746,130.055676,81.793235,0.000000
2.335938,0.020965,-0.005625,0.080303,-0.075932,130.163534,82.168849,0.000000
2.337500,0.021121,-0.005918,0.080589,-0.076114,130.270510,82.543052,0.000000
2.339063,0.021278,-0.006209,0.080876,-0.076295,130.376600,82.915789,0.000000
2.340625,0.021436,-0.006497,0.081163,-0.076473,130.481800,83.287005,0.000000
2.342188,0.021597,-0.006782,0.081451,-0.076649,130.586107,83.656646,0.000000
2.343750,0.021758,-0.007064,0.081738,-0.076823,130.689516,84.024659,0.000000
2.345312,0.021921,-0.007342,0.082026,-0.076994,130.792024,84.390989,0.000000
2.346875,0.022085,-0.007618,0.082314,-0.077163,130.893627,84.755582,0.000000
2.348438,0.022251,-0.007890,0.082601,-0.077330,130.994322,85.118387,0.000000
2.350000,0.022417,-0.008160,0.082888,-0.077494,131.094104,85.479349,0.000000
2.351562,0.022585,-0.008426,0.083176,-0.077656,131.192970,85.838416,0.000000
2.353125,0.022753,-0.008689,0.083463,-0.077815,131.290917,86.195536,0.000000
2.354688,0.022923,-0.008949,0.083749,-0.077972,131.387941,86.550656,0.000000
2.356250,0.023093,-0.009206,0.084035,-0.078127,131.484038,86.903725,0.000000
2.357813,0.023265,-0.009459,0.084321,-0.078279,131.579205,87.254691,0.000000
2.359375,0.023436,-0.009710,0.084606,-0.078429,131.673438,87.603503,0.000000
2.360937,0.023609,-0.009957,0.084890,-0.078576,131.766734,87.950110,0.000000
2.362500,0.023782,-0.010200,0.085174,-0.078721,131.859090,88.294461,0.000000
2.364063,0.023956,-0.010441,0.085457,-0.078863,131.950502,88.636506,0.000000
2.365625,0.024130,-0.010678,0.085739,-0.079003,132.040966,88.976195,0.000000
2.367188,0.024304,-0.010912,0.086020,-0.079141,132.130481,89.313479,0.000000
2.368750,0.024479,-0.011142,0.086300,-0.079276,132.219041,89.648308,0.000000
2.370313,0.024654,-0.011370,0.086579,-0.079409,132.306644,89.980633,0.000000
2.371875,0.024829,-0.011594,0.086857,-0.079539,132.393288,90.310406,0.000000
2.373438,0.025004,-0.011814,0.087134,-0.079667,132.478967,90.637579,0.000000
2.375000,0.025179,-0.012032,0.087409,-0.079792,132.563681,90.962104,0.000000
2.376562,0.025354,-0.012246,0.087683,-0.079915,132.647425,91.283934,0.000000
2.378125,0.025529,-0.012456,0.087955,-0.080036,132.730196,91.603021,0.000000
2.379688,0.025704,-0.012664,0.088226,-0.080154,132.811991,91.919319,0.000000
2.381250,0.025878,-0.012868,0.088496,-0.080270,132.892808,92.232782,0.000000
2.382812,0.026052,-0.013069,0.088764,-0.080383,132.972643,92.543363,0.000000
2.384375,0.026226,-0.013266,0.089030,-0.080494,133.051494,92.851019,0.000000
2.385938,0.026399,-0.013460,0.089294,-0.080603,133.129358,93.155703,0.000000
2.387500,0.026571,-0.013651,0.089557,-0.080710,133.206231,93.457372,0.000000
2.389063,0.026743,-0.013839,0.089817,-0.080814,133.282111,93.755981,0.000000
2.390625,0.026914,-0.014023,0.090076,-0.080916,133.356995,94.051486,0.000000
2.392187,0.027084,-0.014205,0.090332,-0.081015,133.430881,94.343845,0.000000
2.393750,0.027254,-0.014383,0.090587,-0.081113,133.503766,94.633015,0.000000
2.395313,0.027422,-0.014557,0.090839,-0.081208,133.575647,94.918954,0.000000
2.396875,0.027590,-0.014729,0.091089,-0.081301,133.646521,95.201619,0.000000
2.398438,0.027756,-0.014897,0.091336,-0.081392,133.716386,95.480970,0.000000
2.400000,0.027922,-0.015062,0.091582,-0.081480,133.785239,95.756966,0.000000
2.401563,0.028086,-0.015224,0.091824,-0.081567,133.853079,96.029567,0.000000
2.403125,0.028249,-0.015383,0.092065,-0.081651,133.919902,96.298732,0.000000
2.404688,0.028410,-0.015538,0.092303,-0.081733,133.985705,96.564422,0.000000
2.406250,0.028571,-0.015691,0.092538,-0.081814,134.050487,96.826599,0.000000
2.407813,0.028730,-0.015840,0.092770,-0.081892,134.114246,97.085225,0.000000
2.409375,0.028887,-0.015986,0.093000,-0.081968,134.176978,97.340261,0.000000
2.410938,0.029043,-0.016130,0.093227,-0.082042,134.238681,97.591670,0.000000
2.412500,0.029197,-0.016270,0.093451,-0.082114,134.299354,97.839417,0.000000
2.414062,0.029350,-0.016407,0.093672,-0.082184,134.358994,98.083463,0.000000
2.415625,0.029501,-0.016541,0.093890,-0.082253,134.417599,98.323775,0.000000
2.417188,0.029650,-0.016672,0.094105,-0.082319,134.475167,98.560316,0.000000
2.418750,0.029797,-0.016800,0.094317,-0.082384,134.531695,98.793052,0.000000
2.420313,0.029942,-0.016925,0.094526,-0.082446,134.587182,99.021950,0.000000
2.421875,0.030086,-0.017048,0.094731,-0.082507,134.641626,99.246976,0.000000
2.423438,0.030227,-0.017167,0.094934,-0.082566,134.695024,99.468096,0.000000
2.425000,0.030367,-0.017284,0.095133,-0.082624,134.747375,99.685279,0.000000
2.426563,0.030504,-0.017397,0.095329,-0.082679,134.798676,99.898494,0.000000
2.428125,0.030639,-0.017508,0.095521,-0.082733,134.848927,100.107708,0.000000
2.429688,0.030772,-0.017616,0.095710,-0.082786,134.898124,100.312891,0.000000
2.431250,0.030903,-0.017721,0.095896,-0.082836,134.946267,100.514014,0.000000
2.432813,0.031032,-0.017824,0.096078,-0.082885,134.993353,100.711047,0.000000
2.434375,0.031158,-0.017924,0.096256,-0.082933,135.039380,100.903961,0.000000
2.435938,0.031282,-0.018021,0.096431,-0.082979,135.084348,101.092728,0.000000
2.437500,0.031403,-0.018115,0.096602,-0.083023,135.128255,101.277321,0.000000
2.439063,0.031522,-0.018206,0.096770,-0.083066,135.171098,101.457712,0.000000
2.440625,0.031639,-0.018295,0.096934,-0.083107,135.212876,101.633875,0.000000
2.442188,0.031753,-0.018382,0.097094,-0.083147,135.253588,101.805785,0.000000
2.443750,0.031864,-0.018466,0.097250,-0.083186,135.293232,101.973417,0.000000
2.445312,0.031973,-0.018547,0.097402,-0.083223,135.331807,102.136745,0.000000
2.446875,0.032079,-0.018625,0.097551,-0.083258,135.369312,102.295746,0.000000
2.448438,0.032182,-0.018701,0.097695,-0.083293,135.405745,102.450398,0.000000
2.450000,0.032283,-0.018775,0.097836,-0.083326,135.441104,102.600676,0.000000
2.451563,0.032381,-0.018846,0.097972,-0.083358,135.475388,102.746560,0.000000
2.453125,0.032476,-0.018914,0.098105,-0.083388,135.508597,102.888028,0.000000
2.454688,0.032569,-0.018980,0.098234,-0.083417,135.540729,103.025059,0.000000
2.456250,0.032658,-0.019044,0.098358,-0.083445,135.571782,103.157634,0.000000
2.457813,0.032745,-0.019105,0.098478,-0.083472,135.601757,103.285733,0.000000
2.459375,0.032829,-0.019164,0.098595,-0.083498,135.630650,103.409337,0.000000
2.460938,0.032909,-0.019221,0.098707,-0.083522,135.658462,103.528428,0.000000
2.462500,0.032987,-0.019275,0.098814,-0.083546,135.685192,103.642989,0.000000
2.464063,0.033062,-0.019326,0.098918,-0.083568,135.710838,103.753004,0.000000
2.465625,0.033134,-0.019376,0.099017,-0.083589,135.735400,103.858455,0.000000
2.467188,0.033203,-0.019423,0.099113,-0.083609,135.758876,103.959329,0.000000
2.468750,0.033269,-0.019468,0.099203,-0.083628,135.781266,104.055609,0.000000
2.470313,0.033331,-0.019510,0.099290,-0.083646,135.802569,104.147282,0.000000
2.471875,0.033391,-0.019550,0.099372,-0.083663,135.822785,104.234335,0.000000
2.473438,0.033448,-0.019588,0.099450,-0.083679,135.841911,104.316755,0.000000
2.475000,0.033501,-0.019624,0.099524,-0.083694,135.859949,104.394529,0.000000
2.476562,0.033551,-0.019657,0.099593,-0.083708,135.876897,104.467647,0.000000
2.478125,0.033598,-0.019689,0.099658,-0.083721,135.892754,104.536098,0.000000
2.479688,0.033642,-0.019718,0.099718,-0.083733,135.907520,104.599871,0.000000
2.481250,0.033683,-0.019745,0.099774,-0.083744,135.921194,104.658958,0.000000
2.482813,0.033720,-0.019769,0.099826,-0.083754,135.933777,104.713350,0.000000
2.484375,0.033754,-0.019792,0.099873,-0.083764,135.945267,104.763038,0.000000
2.485938,0.033786,-0.019812,0.099915,-0.083772,135.955663,104.808017,0.000000
2.487500,0.033813,-0.019830,0.099953,-0.083779,135.964967,104.848278,0.000000
2.489063,0.033838,-0.019846,0.099987,-0.083786,135.973176,104.883817,0.000000
2.490625,0.033859,-0.019860,0.100016,-0.083792,135.980292,104.914627,0.000000
2.492188,0.033877,-0.019872,0.100041,-0.083796,135.986314,104.940706,0.000000
2.493750,0.033892,-0.019882,0.100061,-0.083800,135.991240,104.962047,0.000000
2.495313,0.033903,-0.019889,0.100077,-0.083803,135.995073,104.978650,0.000000
2.496875,0.033912,-0.019894,0.100088,-0.083806,135.997810,104.990510,0.000000
2.498438,0.033916,-0.019898,0.100095,-0.083807,135.999453,104.997628,0.000000
2.500000,0.033918,-0.019899,0.100097,-0.083807,136.000000,105.000000,1.000000
2.501563,0.033917,-0.019898,0.100094,-0.083808,135.998112,105.000000,1.000000
2.503125,0.033915,-0.019895,0.100086,-0.083812,135.992447,105.000000,1.000000
2.504688,0.033911,-0.019890,0.100071,-0.083818,135.983007,105.000000,1.000000
2.506250,0.033906,-0.019883,0.100051,-0.083827,135.969792,105.000000,1.000000
2.507812,0.033898,-0.019874,0.100025,-0.083837,135.952804,105.000000,1.000000
2.509375,0.033890,-0.019864,0.099993,-0.083851,135.932046,105.000000,1.000000
2.510938,0.033880,-0.019851,0.099956,-0.083866,135.907520,105.000000,1.000000
2.512500,0.033868,-0.019836,0.099912,-0.083884,135.879229,105.000000,1.000000
2.514063,0.033854,-0.019820,0.099863,-0.083905,135.847176,105.000000,1.000000
2.515625,0.033840,-0.019801,0.099808,-0.083928,135.811366,105.000000,1.000000
2.517188,0.033823,-0.019781,0.099747,-0.083953,135.771804,105.000000,1.000000
2.518750,0.033805,-0.019759,0.099681,-0.083980,135.728493,105.000000,1.000000
2.520313,0.033786,-0.019734,0.099609,-0.084010,135.681440,105.000000,1.000000
2.521875,0.033765,-0.019708,0.099531,-0.084042,135.630650,105.000000,1.000000
2.523438,0.033742,-0.019680,0.099447,-0.084076,135.576131,105.000000,1.000000
2.525000,0.033718,-0.019650,0.099357,-0.084113,135.517888,105.000000,1.000000
2.526563,0.033693,-0.019618,0.099262,-0.084152,135.455929,105.000000,1.000000
2.528125,0.033665,-0.019584,0.099161,-0.084193,135.390262,105.000000,1.000000
2.529688,0.033637,-0.019548,0.099054,-0.084236,135.320895,105.000000,1.000000
2.531250,0.033607,-0.019510,0.098942,-0.084281,135.247837,105.000000,1.000000
2.532813,0.033575,-0.019470,0.098823,-0.084329,135.171098,105.000000,1.000000
2.534375,0.033543,-0.019428,0.098699,-0.084379,135.090686,105.000000,1.000000
2.535938,0.033508,-0.019384,0.098570,-0.084430,135.006611,105.000000,1.000000
2.537500,0.033472,-0.019338,0.098434,-0.084484,134.918886,105.000000,1.000000
2.539062,0.033435,-0.019290,0.098293,-0.084540,134.827520,105.000000,1.000000
2.540625,0.033397,-0.019241,0.098146,-0.084598,134.732525,105.000000,1.000000
2.542188,0.033357,-0.019189,0.097994,-0.084657,134.633912,105.000000,1.000000
2.543750,0.033315,-0.019135,0.097835,-0.084719,134.531695,105.000000,1.000000
2.545313,0.033273,-0.019080,0.097671,-0.084782,134.425887,105.000000,1.000000
2.546875,0.033229,-0.019022,0.097502,-0.084847,134.316500,105.000000,1.000000
2.548438,0.033183,-0.018963,0.097327,-0.084915,134.203548,105.000000,1.000000
2.550000,0.033137,-0.018901,0.097146,-0.084983,134.087046,105.000000,1.000000
2.551563,0.033089,-0.018838,0.096959,-0.085054,133.967008,105.000000,1.000000
2.553125,0.033040,-0.018772,0.096767,-0.085126,133.843450,105.000000,1.000000
2.554688,0.032989,-0.018705,0.096569,-0.085200,133.716386,105.000000,1.000000
2.556250,0.032938,-0.018636,0.096366,-0.085275,133.585833,105.000000,1.000000
2.557813,0.032885,-0.018564,0.096157,-0.085352,133.451808,105.000000,1.000000
2.559375,0.032831,-0.018491,0.095943,-0.085430,133.314326,105.000000,1.000000
2.560938,0.032775,-0.018416,0.095723,-0.085510,133.173407,105.000000,1.000000
2.562500,0.032719,-0.018339,0.095497,-0.085591,133.029066,105.000000,1.000000
2.564063,0.032662,-0.018259,0.095266,-0.085674,132.881323,105.000000,1.000000
2.565625,0.032603,-0.018178,0.095029,-0.085757,132.730196,105.000000,1.000000
2.567188,0.032543,-0.018095,0.094787,-0.085842,132.575704,105.000000,1.000000
2.568750,0.032483,-0.018010,0.094540,-0.085929,132.417866,105.000000,1.000000
2.570312,0.032421,-0.017923,0.094286,-0.086016,132.256703,105.000000,1.000000
2.571875,0.032358,-0.017834,0.094028,-0.086104,132.092234,105.000000,1.000000
2.573438,0.032294,-0.017743,0.093764,-0.086193,131.924481,105.000000,1.000000
2.575000,0.032229,-0.017650,0.093495,-0.086284,131.753464,105.000000,1.000000
2.576563,0.032164,-0.017555,0.093220,-0.086375,131.579205,105.000000,1.000000
2.578125,0.032097,-0.017458,0.092940,-0.086467,131.401726,105.000000,1.000000
2.579688,0.032030,-0.017359,0.092654,-0.086559,131.221049,105.000000,1.000000
2.581250,0.031961,-0.017259,0.092364,-0.086653,131.037198,105.000000,1.000000
2.582813,0.031892,-0.017156,0.092068,-0.086747,130.850194,105.000000,1.000000
2.584375,0.031822,-0.017051,0.091766,-0.086841,130.660062,105.000000,1.000000
2.585938,0.031751,-0.016945,0.091460,-0.086937,130.466826,105.000000,1.000000
2.587500,0.031680,-0.016836,0.091148,-0.087032,130.270510,105.000000,1.000000
2.589063,0.031607,-0.016726,0.090831,-0.087128,130.071138,105.000000,1.000000
2.590625,0.031534,-0.016613,0.090509,-0.087225,129.868736,105.000000,1.000000
2.592188,0.031461,-0.016499,0.090182,-0.087321,129.663330,105.000000,1.000000
2.593750,0.031386,-0.016382,0.089850,-0.087418,129.454944,105.000000,1.000000
2.595313,0.031311,-0.016264,0.089512,-0.087515,129.243606,105.000000,1.000000
2.596875,0.031236,-0.016144,0.089170,-0.087612,129.029342,105.000000,1.000000
2.598438,0.031160,-0.016022,0.088822,-0.087709,128.812179,105.000000,1.000000
2.600000,0.031083,-0.015898,0.088470,-0.087806,128.592144,105.000000,1.000000
2.601562,0.031006,-0.015772,0.088113,-0.087903,128.369265,105.000000,1.000000
2.603125,0.030928,-0.015644,0.087750,-0.087999,128.143570,105.000000,1.000000
2.604688,0.030850,-0.015515,0.087383,-0.088096,127.915087,105.000000,1.000000
2.606250,0.030772,-0.015383,0.087012,-0.088192,127.683846,105.000000,1.000000
2.607813,0.030693,-0.015250,0.086635,-0.088287,127.449875,105.000000,1.000000
2.609375,0.030613,-0.015115,0.086253,-0.088383,127.213203,105.000000,1.000000
2.610938,0.030534,-0.014977,0.085867,-0.088477,126.973862,105.000000,1.000000
2.612500,0.030454,-0.014839,0.085477,-0.088571,126.731879,105.000000,1.000000
2.614063,0.030374,-0.014698,0.085081,-0.088665,126.487287,105.000000,1.000000
2.615625,0.030294,-0.014555,0.084681,-0.088757,126.240116,105.000000,1.000000
2.617188,0.030213,-0.014411,0.084277,-0.088849,125.990397,105.000000,1.000000
2.618750,0.030132,-0.014264,0.083868,-0.088940,125.738162,105.000000,1.000000
2.620313,0.030051,-0.014116,0.083454,-0.089030,125.483441,105.000000,1.000000
2.621875,0.029970,-0.013966,0.083037,-0.089119,125.226268,105.000000,1.000000
2.623438,0.029889,-0.013815,0.082615,-0.089207,124.966675,105.000000,1.000000
2.625000,0.029808,-0.013661,0.082188,-0.089294,124.704694,105.000000,1.000000
2.626563,0.029727,-0.013506,0.081758,-0.089380,124.440358,105.000000,1.000000
2.628125,0.029646,-0.013349,0.081323,-0.089464,124.173701,105.000000,1.000000
2.629688,0.029565,-0.013191,0.080884,-0.089547,123.904756,105.000000,1.000000
2.631250,0.029484,-0.013030,0.080441,-0.089629,123.633558,105.000000,1.000000
2.632812,0.029403,-0.012868,0.079994,-0.089709,123.360139,105.000000,1.000000
2.634375,0.029322,-0.012704,0.079543,-0.089788,123.084535,105.000000,1.000000
2.635938,0.029242,-0.012539,0.079088,-0.089865,122.806780,105.000000,1.000000
2.637500,0.029161,-0.012372,0.078629,-0.089941,122.526909,105.000000,1.000000
2.639063,0.029081,-0.012203,0.078167,-0.090015,122.244958,105.000000,1.000000
2.640625,0.029001,-0.012033,0.077701,-0.090087,121.960962,105.000000,1.000000
2.642188,0.028922,-0.011861,0.077231,-0.090157,121.674957,105.000000,1.000000
2.643750,0.028842,-0.011688,0.076757,-0.090225,121.386978,105.000000,1.000000
2.645313,0.028763,-0.011513,0.076281,-0.090292,121.097063,105.000000,1.000000
2.646875,0.028685,-0.011336,0.075800,-0.090356,120.805247,105.000000,1.000000
2.648438,0.028607,-0.011158,0.075316,-0.090418,120.511567,105.000000,1.000000
2.650000,0.028529,-0.010978,0.074829,-0.090479,120.216060,105.000000,1.000000
2.651563,0.028452,-0.010797,0.074339,-0.090537,119.918764,105.000000,1.000000
2.653125,0.028375,-0.010614,0.073845,-0.090592,119.619715,105.000000,1.000000
2.654688,0.028299,-0.010430,0.073349,-0.090646,119.318952,105.000000,1.000000
2.656250,0.028223,-0.010245,0.072849,-0.090697,119.016512,105.000000,1.000000
2.657813,0.028148,-0.010058,0.072346,-0.090746,118.712434,105.000000,1.000000
2.659375,0.028074,-0.009870,0.071841,-0.090792,118.406755,105.000000,1.000000
2.660938,0.028000,-0.009680,0.071332,-0.090836,118.099515,105.000000,1.000000
2.662500,0.027926,-0.009489,0.070821,-0.090878,117.790751,105.000000,1.000000
2.664062,0.027854,-0.009297,0.070307,-0.090916,117.480503,105.000000,1.000000
2.665625,0.027782,-0.009103,0.069791,-0.090952,117.168810,105.000000,1.000000
2.667188,0.027711,-0.008908,0.069272,-0.090986,116.855711,105.000000,1.000000
2.668750,0.027641,-0.008712,0.068750,-0.091017,116.541245,105.000000,1.000000
2.670313,0.027571,-0.008515,0.068226,-0.091045,116.225452,105.000000,1.000000
2.671875,0.027503,-0.008317,0.067700,-0.091070,115.908372,105.000000,1.000000
2.673438,0.027435,-0.008117,0.067172,-0.091093,115.590044,105.000000,1.000000
2.675000,0.027368,-0.007916,0.066642,-0.091112,115.270510,105.000000,1.000000
2.676563,0.027302,-0.007714,0.066109,-0.091129,114.949808,105.000000,1.000000
2.678125,0.027236,-0.007511,0.065575,-0.091142,114.627980,105.000000,1.000000
2.679688,0.027172,-0.007307,0.065039,-0.091153,114.305065,105.000000,1.000000
2.681250,0.027109,-0.007102,0.064501,-0.091161,113.981105,105.000000,1.000000
2.682813,0.027046,-0.006896,0.063961,-0.091166,113.656141,105.000000,1.000000
2.684375,0.026985,-0.006689,0.063420,-0.091167,113.330212,105.000000,1.000000
2.685938,0.026924,-0.006482,0.062877,-0.091166,113.003361,105.000000,1.000000
2.687500,0.026865,-0.006273,0.062332,-0.091161,112.675628,105.000000,1.000000
2.689063,0.026807,-0.006063,0.061787,-0.091154,112.347055,105.000000,1.000000
2.690625,0.026750,-0.005852,0.061240,-0.091143,112.017682,105.000000,1.000000
2.692188,0.026693,-0.005641,0.060692,-0.091129,111.687553,105.000000,1.000000
2.693750,0.026638,-0.005429,0.060142,-0.091112,111.356707,105.000000,1.000000
2.695312,0.026584,-0.005216,0.059592,-0.091091,111.025187,105.000000,1.000000
2.696875,0.026532,-0.005003,0.059041,-0.091067,110.693034,105.000000,1.000000
2.698438,0.026480,-0.004788,0.058489,-0.091040,110.360290,105.000000,1.000000
2.700000,0.026429,-0.004573,0.057936,-0.091010,110.026998,105.000000,1.000000
2.701563,0.026380,-0.004358,0.057383,-0.090977,109.693199,105.000000,1.000000
2.703125,0.026332,-0.004142,0.056829,-0.090940,109.358934,105.000000,1.000000
2.704688,0.026285,-0.003925,0.056274,-0.090900,109.024247,105.000000,1.000000
2.706250,0.026239,-0.003708,0.055719,-0.090857,108.689179,105.000000,1.000000
2.707813,0.026195,-0.003490,0.055164,-0.090810,108.353773,105.000000,1.000000
2.709375,0.026152,-0.003272,0.054609,-0.090760,108.018070,105.000000,1.000000
2.710938,0.026110,-0.003054,0.054053,-0.090707,107.682113,105.000000,1.000000
2.712500,0.026069,-0.002835,0.053498,-0.090651,107.345945,105.000000,1.000000
2.714063,0.026029,-0.002615,0.052942,-0.090591,107.009607,105.000000,1.000000
2.715625,0.025991,-0.002396,0.052387,-0.090528,106.673142,105.000000,1.000000
2.717188,0.025954,-0.002176,0.051832,-0.090462,106.336592,105.000000,1.000000
2.718750,0.025919,-0.001956,0.051277,-0.090392,106.000000,105.000000,1.000000
2.720313,0.025884,-0.001736,0.050723,-0.090319,105.663408,105.000000,1.000000
2.721875,0.025851,-0.001515,0.050169,-0.090243,105.326858,105.000000,1.000000
2.723438,0.025819,-0.001295,0.049616,-0.090164,104.990393,105.000000,1.000000
2.725000,0.025789,-0.001074,0.049063,-0.090081,104.654055,105.000000,1.000000
2.726562,0.025760,-0.000853,0.048512,-0.089995,104.317887,105.000000,1.000000
2.728125,0.025732,-0.000632,0.047961,-0.089907,103.981930,105.000000,1.000000
2.729688,0.025706,-0.000412,0.047411,-0.089814,103.646227,105.000000,1.000000
2.731250,0.025680,-0.000191,0.046862,-0.089719,103.310821,105.000000,1.000000
2.732813,0.025657,0.000030,0.046314,-0.089621,102.975753,105.000000,1.000000
2.734375,0.025634,0.000250,0.045768,-0.089520,102.641066,105.000000,1.000000
2.735938,0.025613,0.000471,0.045222,-0.089415,102.306801,105.000000,1.000000
2.737500,0.025593,0.000691,0.044678,-0.089308,101.973002,105.000000,1.000000
2.739063,0.025574,0.000911,0.044136,-0.089197,101.639710,105.000000,1.000000
2.740625,0.025557,0.001131,0.043595,-0.089084,101.306966,105.000000,1.000000
2.742188,0.025541,0.001350,0.043056,-0.088967,100.974813,105.000000,1.000000
2.743750,0.025526,0.001569,0.042518,-0.088848,100.643293,105.000000,1.000000
2.745313,0.025513,0.001788,0.041982,-0.088726,100.312447,105.000000,1.000000
2.746875,0.025501,0.002006,0.041448,-0.088601,99.982318,105.000000,1.000000
2.748438,0.025490,0.002224,0.040916,-0.088473,99.652945,105.000000,1.000000
2.750000,0.025480,0.002442,0.040387,-0.088343,99.324372,105.000000,1.000000
2.751563,0.025472,0.002659,0.039859,-0.088210,98.996639,105.000000,1.000000
2.753125,0.025465,0.002875,0.039333,-0.088074,98.669788,105.000000,1.000000
2.754688,0.025459,0.003091,0.038810,-0.087935,98.343859,105.000000,1.000000
2.756250,0.025455,0.003306,0.038289,-0.087795,98.018895,105.000000,1.000000
2.757812,0.025451,0.003520,0.037770,-0.087651,97.694935,105.000000,1.000000
2.759375,0.025449,0.003734,0.037254,-0.087505,97.372020,105.000000,1.000000
2.760938,0.025448,0.003948,0.036740,-0.087357,97.050192,105.000000,1.000000
2.762500,0.025449,0.004160,0.036229,-0.087206,96.729490,105.000000,1.000000
2.764063,0.025450,0.004372,0.035721,-0.087053,96.409956,105.000000,1.000000
2.765625,0.025453,0.004582,0.035216,-0.086898,96.091628,105.000000,1.000000
2.767188,0.025457,0.004792,0.034713,-0.086741,95.774548,105.000000,1.000000
2.768750,0.025462,0.005002,0.034213,-0.086581,95.458755,105.000000,1.000000
2.770313,0.025468,0.005210,0.033717,-0.086420,95.144289,105.000000,1.000000
2.771875,0.025475,0.005417,0.033223,-0.086256,94.831190,105.000000,1.000000
2.773438,0.025483,0.005623,0.032733,-0.086091,94.519497,105.000000,1.000000
2.775000,0.025492,0.005829,0.032245,-0.085923,94.209249,105.000000,1.000000
2.776563,0.025503,0.006033,0.031761,-0.085754,93.900485,105.000000,1.000000
2.778125,0.025514,0.006236,0.031280,-0.085583,93.593245,105.000000,1.000000
2.779688,0.025527,0.006438,0.030803,-0.085410,93.287566,105.000000,1.000000
2.781250,0.025540,0.006639,0.030329,-0.085236,92.983488,105.000000,1.000000
2.782813,0.025555,0.006839,0.029858,-0.085060,92.681048,105.000000,1.000000
2.784375,0.025570,0.007038,0.029391,-0.084883,92.380285,105.000000,1.000000
2.785938,0.025586,0.007235,0.028928,-0.084704,92.081236,105.000000,1.000000
2.787500,0.025604,0.007431,0.028468,-0.084524,91.783940,105.000000,1.000000
2.789062,0.025622,0.007626,0.028012,-0.084343,91.488433,105.000000,1.000000
2.790625,0.025641,0.007820,0.027559,-0.084160,91.194753,105.000000,1.000000
2.792188,0.025661,0.008012,0.027111,-0.083977,90.902937,105.000000,1.000000
2.793750,0.025682,0.008203,0.026666,-0.083792,90.613022,105.000000,1.000000
2.795313,0.025703,0.008392,0.026225,-0.083606,90.325043,105.000000,1.000000
2.796875,0.025726,0.008580,0.025788,-0.083420,90.039038,105.000000,1.000000
2.798438,0.025749,0.008767,0.025356,-0.083232,89.755042,105.000000,1.000000
2.800000,0.025773,0.008952,0.024927,-0.083044,89.473091,105.000000,1.000000
2.801563,0.025797,0.009136,0.024502,-0.082855,89.193220,105.000000,1.000000
2.803125,0.025823,0.009318,0.024081,-0.082665,88.915465,105.000000,1.000000
2.804688,0.025849,0.009499,0.023665,-0.082475,88.639861,105.000000,1.000000
2.806250,0.025876,0.009678,0.023253,-0.082285,88.366442,105.000000,1.000000
2.807813,0.025903,0.009856,0.022845,-0.082094,88.095244,105.000000,1.000000
2.809375,0.025931,0.010032,0.022441,-0.081902,87.826299,105.000000,1.000000
2.810938,0.025959,0.010206,0.022042,-0.081711,87.559642,105.000000,1.000000
2.812500,0.025988,0.010379,0.021647,-0.081519,87.295306,105.000000,1.000000
2.814063,0.026018,0.010550,0.021256,-0.081327,87.033325,105.000000,1.000000
2.815625,0.026048,0.010719,0.020870,-0.081135,86.773732,105.000000,1.000000
2.817188,0.026078,0.010886,0.020488,-0.080944,86.516559,105.000000,1.000000
2.818750,0.026109,0.011052,0.020111,-0.080752,86.261838,105.000000,1.000000
2.820312,0.026141,0.011216,0.019739,-0.080561,86.009603,105.000000,1.000000
2.821875,0.026173,0.011379,0.019370,-0.080369,85.759884,105.000000,1.000000
2.823438,0.026205,0.011539,0.019007,-0.080179,85.512713,105.000000,1.000000
2.825000,0.026237,0.011698,0.018648,-0.079988,85.268121,105.000000,1.000000
2.826563,0.026270,0.011855,0.018294,-0.079799,85.026138,105.000000,1.000000
2.828125,0.026303,0.012010,0.017944,-0.079610,84.786797,105.000000,1.000000
2.829688,0.026337,0.012163,0.017599,-0.079421,84.550125,105.000000,1.000000
2.831250,0.026370,0.012314,0.017259,-0.079233,84.316154,105.000000,1.000000
2.832813,0.026404,0.012464,0.016923,-0.079046,84.084913,105.000000,1.000000
2.834375,0.026438,0.012611,0.016592,-0.078860,83.856430,105.000000,1.000000
2.835938,0.026472,0.012757,0.016266,-0.078675,83.630735,105.000000,1.000000
2.837500,0.026507,0.012900,0.015945,-0.078491,83.407856,105.000000,1.000000
2.839063,0.026541,0.013042,0.015629,-0.078309,83.187821,105.000000,1.000000
2.840625,0.026576,0.013182,0.015317,-0.078127,82.970658,105.000000,1.000000
2.842188,0.026610,0.013319,0.015010,-0.077947,82.756394,105.000000,1.000000
2.843750,0.026645,0.013455,0.014708,-0.077768,82.545056,105.000000,1.000000
2.845313,0.026680,0.013588,0.014411,-0.077590,82.336670,105.000000,1.000000
2.846875,0.026714,0.013720,0.014119,-0.077414,82.131264,105.000000,1.000000
2.848438,0.026749,0.013850,0.013832,-0.077239,81.928862,105.000000,1.000000
2.850000,0.026783,0.013977,0.013549,-0.077066,81.729490,105.000000,1.000000
2.851562,0.026818,0.014102,0.013272,-0.076895,81.533174,105.000000,1.000000
2.853125,0.026852,0.014226,0.012999,-0.076725,81.339938,105.000000,1.000000
2.854688,0.026886,0.014347,0.012732,-0.076558,81.149806,105.000000,1.000000
2.856250,0.026920,0.014466,0.012469,-0.076392,80.962802,105.000000,1.000000
2.857813,0.026954,0.014583,0.012211,-0.076228,80.778951,105.000000,1.000000
2.859375,0.026987,0.014698,0.011959,-0.076066,80.598274,105.000000,1.000000
2.860938,0.027021,0.014811,0.011711,-0.075906,80.420795,105.000000,1.000000
2.862500,0.027054,0.014921,0.011468,-0.075749,80.246536,105.000000,1.000000
2.864063,0.027086,0.015030,0.011230,-0.075594,80.075519,105.000000,1.000000
2.865625,0.027119,0.015136,0.010997,-0.075440,79.907766,105.000000,1.000000
2.867188,0.027151,0.015240,0.010770,-0.075290,79.743297,105.000000,1.000000
2.868750,0.027183,0.015342,0.010547,-0.075141,79.582134,105.000000,1.000000
2.870313,0.027214,0.015442,0.010329,-0.074995,79.424296,105.000000,1.000000
2.871875,0.027245,0.015539,0.010116,-0.074852,79.269804,105.000000,1.000000
2.873438,0.027276,0.015635,0.009908,-0.074711,79.118677,105.000000,1.000000
2.875000,0.027306,0.015728,0.009706,-0.074573,78.970934,105.000000,1.000000
2.876563,0.027335,0.015819,0.009508,-0.074438,78.826593,105.000000,1.000000
2.878125,0.027365,0.015907,0.009315,-0.074305,78.685674,105.000000,1.000000
2.879688,0.027393,0.015994,0.009127,-0.074175,78.548192,105.000000,1.000000
2.881250,0.027422,0.016078,0.008945,-0.074048,78.414167,105.000000,1.000000
2.882812,0.027449,0.016160,0.008767,-0.073923,78.283614,105.000000,1.000000
2.884375,0.027476,0.016240,0.008594,-0.073802,78.156550,105.000000,1.000000
2.885938,0.027503,0.016317,0.008427,-0.073684,78.032992,105.000000,1.000000
2.887500,0.027529,0.016392,0.008264,-0.073568,77.912954,105.000000,1.000000
2.889063,0.027554,0.016465,0.008106,-0.073456,77.796452,105.000000,1.000000
2.890625,0.027578,0.016536,0.007954,-0.073347,77.683500,105.000000,1.000000
2.892188,0.027602,0.016604,0.007806,-0.073241,77.574113,105.000000,1.000000
2.893750,0.027626,0.016670,0.007664,-0.073138,77.468305,105.000000,1.000000
2.895313,0.027648,0.016734,0.007526,-0.073038,77.366088,105.000000,1.000000
2.896875,0.027670,0.016796,0.007394,-0.072942,77.267475,105.000000,1.000000
2.898438,0.027692,0.016855,0.007266,-0.072849,77.172480,105.000000,1.000000
2.900000,0.027712,0.016912,0.007144,-0.072760,77.081114,105.000000,1.000000
2.901563,0.027732,0.016966,0.007026,-0.072673,76.993389,105.000000,1.000000
2.903125,0.027751,0.017019,0.006914,-0.072591,76.909314,105.000000,1.000000
2.904688,0.027769,0.017069,0.006806,-0.072511,76.828902,105.000000,1.000000
2.906250,0.027787,0.017116,0.006704,-0.072435,76.752163,105.000000,1.000000
2.907813,0.027804,0.017162,0.006606,-0.072363,76.679105,105.000000,1.000000
2.909375,0.027820,0.017205,0.006514,-0.072294,76.609738,105.000000,1.000000
2.910938,0.027835,0.017246,0.006427,-0.072229,76.544071,105.000000,1.000000
2.912500,0.027849,0.017284,0.006344,-0.072167,76.482112,105.000000,1.000000
2.914062,0.027863,0.017320,0.006267,-0.072109,76.423869,105.000000,1.000000
2.915625,0.027875,0.017354,0.006194,-0.072055,76.369350,105.000000,1.000000
2.917188,0.027887,0.017385,0.006127,-0.072004,76.318560,105.000000,1.000000
2.918750,0.027898,0.017415,0.006065,-0.071957,76.271507,105.000000,1.000000
2.920313,0.027908,0.017441,0.006007,-0.071914,76.228196,105.000000,1.000000
2.921875,0.027918,0.017466,0.005955,-0.071874,76.188634,105.000000,1.000000
2.923438,0.027926,0.017488,0.005907,-0.071838,76.152824,105.000000,1.000000
2.925000,0.027934,0.017508,0.005865,-0.071806,76.120771,105.000000,1.000000
2.926563,0.027940,0.017525,0.005828,-0.071778,76.092480,105.000000,1.000000
2.928125,0.027946,0.017541,0.005795,-0.071753,76.067954,105.000000,1.000000
2.929688,0.027951,0.017554,0.005768,-0.071732,76.047196,105.000000,1.000000
2.931250,0.027955,0.017564,0.005745,-0.071715,76.030208,105.000000,1.000000
2.932813,0.027958,0.017572,0.005728,-0.071702,76.016993,105.000000,1.000000
2.934375,0.027960,0.017578,0.005715,-0.071692,76.007553,105.000000,1.000000
2.935938,0.027962,0.017582,0.005708,-0.071686,76.001888,105.000000,1.000000
2.937500,0.027962,0.017583,0.005705,-0.071685,76.000000,105.000000,0.000000
2.939063,0.027962,0.017584,0.005706,-0.071683,76.000547,104.997628,0.000000
2.940625,0.027962,0.017588,0.005708,-0.071680,76.002190,104.990510,0.000000
2.942188,0.027961,0.017594,0.005712,-0.071675,76.004927,104.978650,0.000000
2.943750,0.027960,0.017603,0.005717,-0.071667,76.008760,104.962047,0.000000
2.945312,0.027958,0.017615,0.005723,-0.071658,76.013686,104.940706,0.000000
2.946875,0.027957,0.017629,0.005730,-0.071646,76.019708,104.914627,0.000000
2.948438,0.027954,0.017645,0.005739,-0.071632,76.026824,104.883817,0.000000
2.950000,0.027952,0.017664,0.005750,-0.071617,76.035033,104.848278,0.000000
2.951563,0.027950,0.017686,0.005762,-0.071598,76.044337,104.808017,0.000000
2.953125,0.027947,0.017710,0.005775,-0.071578,76.054733,104.763038,0.000000
2.954688,0.027943,0.017737,0.005790,-0.071556,76.066223,104.713350,0.000000
2.956250,0.027940,0.017766,0.005806,-0.071532,76.078806,104.658958,0.000000
2.957813,0.027936,0.017798,0.005823,-0.071505,76.092480,104.599871,0.000000
2.959375,0.027932,0.017832,0.005842,-0.071477,76.107246,104.536098,0.000000
2.960938,0.027928,0.017869,0.005863,-0.071446,76.123103,104.467647,0.000000
2.962500,0.027923,0.017908,0.005885,-0.071413,76.140051,104.394529,0.000000
2.964063,0.027918,0.017950,0.005908,-0.071378,76.158089,104.316755,0.000000
2.965625,0.027913,0.017994,0.005933,-0.071341,76.177215,104.234335,0.000000
2.967188,0.027908,0.018041,0.005959,-0.071302,76.197431,104.147282,0.000000
2.968750,0.027902,0.018090,0.005986,-0.071261,76.218734,104.055609,0.000000
2.970313,0.027896,0.018142,0.006015,-0.071218,76.241124,103.959329,0.000000
2.971875,0.027890,0.018196,0.006046,-0.071173,76.264600,103.858455,0.000000
2.973438,0.027884,0.018252,0.006078,-0.071126,76.289162,103.753004,0.000000
2.975000,0.027878,0.018311,0.006112,-0.071077,76.314808,103.642989,0.000000
2.976562,0.027871,0.018373,0.006147,-0.071025,76.341538,103.528428,0.000000
2.978125,0.027865,0.018437,0.006184,-0.070972,76.369350,103.409337,0.000000
2.979688,0.027858,0.018503,0.006222,-0.070917,76.398243,103.285733,0.000000
2.981250,0.027851,0.018571,0.006262,-0.070860,76.428218,103.157634,0.000000
2.982813,0.027843,0.018642,0.006303,-0.070800,76.459271,103.025059,0.000000
2.984375,0.027836,0.018716,0.006346,-0.070739,76.491403,102.888028,0.000000
2.985938,0.027829,0.018791,0.006390,-0.070676,76.524612,102.746560,0.000000
2.987500,0.027821,0.018869,0.006436,-0.070611,76.558896,102.600676,0.000000
2.989063,0.027814,0.018950,0.006484,-0.070544,76.594255,102.450398,0.000000
2.990625,0.027806,0.019032,0.006533,-0.070474,76.630688,102.295746,0.000000
2.992188,0.027798,0.019117,0.006584,-0.070403,76.668193,102.136745,0.000000
2.993750,0.027790,0.019204,0.006636,-0.070331,76.706768,101.973417,0.000000
2.995313,0.027783,0.019294,0.006691,-0.070256,76.746412,101.805785,0.000000
2.996875,0.027775,0.019386,0.006746,-0.070179,76.787124,101.633875,0.000000
2.998438,0.027767,0.019479,0.006804,-0.070100,76.828902,101.457712,0.000000
3.000000,0.027759,0.019575,0.006863,-0.070020,76.871745,101.277321,0.000000
3.001563,0.027751,0.019674,0.006924,-0.069938,76.915652,101.092728,0.000000
3.003125,0.027744,0.019774,0.006987,-0.069854,76.960620,100.903961,0.000000
3.004688,0.027736,0.019877,0.007051,-0.069768,77.006647,100.711047,0.000000
3.006250,0.027728,0.019981,0.007117,-0.069680,77.053733,100.514014,0.000000
3.007812,0.027721,0.020088,0.007185,-0.069590,77.101876,100.312891,0.000000
3.009375,0.027714,0.020197,0.007255,-0.069499,77.151073,100.107708,0.000000
3.010938,0.027706,0.020308,0.007326,-0.069406,77.201324,99.898494,0.000000
3.012500,0.027699,0.020421,0.007399,-0.069311,77.252625,99.685279,0.000000
3.014063,0.027692,0.020536,0.007474,-0.069215,77.304976,99.468096,0.000000
3.015625,0.027686,0.020653,0.007551,-0.069117,77.358374,99.246976,0.000000
3.017188,0.027679,0.020772,0.007630,-0.069017,77.412818,99.021950,0.000000
3.018750,0.027673,0.020893,0.007710,-0.068915,77.468305,98.793052,0.000000
3.020313,0.027666,0.021016,0.007793,-0.068812,77.524833,98.560316,0.000000
3.021875,0.027661,0.021140,0.007877,-0.068707,77.582401,98.323775,0.000000
3.023438,0.027655,0.021267,0.007964,-0.068601,77.641006,98.083463,0.000000
3.025000,0.027649,0.021395,0.008052,-0.068493,77.700646,97.839417,0.000000
3.026563,0.027644,0.021526,0.008142,-0.068384,77.761319,97.591670,0.000000
3.028125,0.027640,0.021658,0.008234,-0.068272,77.823022,97.340261,0.000000
3.029688,0.027635,0.021791,0.008328,-0.068160,77.885754,97.085225,0.000000
3.031250,0.027631,0.021927,0.008424,-0.068046,77.949513,96.826599,0.000000
3.032813,0.027627,0.022064,0.008522,-0.067930,78.014295,96.564422,0.000000
3.034375,0.027624,0.022203,0.008622,-0.067813,78.080098,96.298732,0.000000
3.035938,0.027621,0.022344,0.008724,-0.067695,78.146921,96.029567,0.000000
3.037500,0.027618,0.022486,0.008828,-0.067575,78.214761,95.756966,0.000000
3.039062,0.027616,0.022630,0.008934,-0.067453,78.283614,95.480970,0.000000
3.040625,0.027614,0.022775,0.009042,-0.067331,78.353479,95.201619,0.000000
3.042188,0.027613,0.022922,0.009152,-0.067207,78.424353,94.918954,0.000000
3.043750,0.027612,0.023070,0.009264,-0.067082,78.496234,94.633015,0.000000
3.045313,0.027611,0.023220,0.009378,-0.066955,78.569119,94.343845,0.000000
3.046875,0.027611,0.023371,0.009495,-0.066827,78.643005,94.051486,0.000000
3.048438,0.027612,0.023524,0.009613,-0.066698,78.717889,93.755981,0.000000
3.050000,0.027613,0.023678,0.009734,-0.066568,78.793769,93.457372,0.000000
3.051563,0.027615,0.023834,0.009856,-0.066436,78.870642,93.155703,0.000000
3.053125,0.027617,0.023990,0.009981,-0.066304,78.948506,92.851019,0.000000
3.054688,0.027619,0.024148,0.010108,-0.066170,79.027357,92.543363,0.000000
3.056250,0.027623,0.024307,0.010237,-0.066035,79.107192,92.232782,0.000000
3.057813,0.027626,0.024468,0.010368,-0.065899,79.188009,91.919319,0.000000
3.059375,0.027631,0.024629,0.010502,-0.065762,79.269804,91.603021,0.000000
3.060938,0.027636,0.024792,0.010637,-0.065624,79.352575,91.283934,0.000000
3.062500,0.027641,0.024956,0.010775,-0.065485,79.436319,90.962104,0.000000
3.064063,0.027647,0.025121,0.010915,-0.065345,79.521033,90.637579,0.000000
3.065625,0.027654,0.025287,0.011057,-0.065204,79.606712,90.310406,0.000000
3.067188,0.027662,0.025454,0.011201,-0.065062,79.693356,89.980633,0.000000
3.068750,0.027670,0.025621,0.011348,-0.064919,79.780959,89.648308,0.000000
3.070312,0.027679,0.025790,0.011497,-0.064776,79.869519,89.313479,0.000000
3.071875,0.027688,0.025960,0.011648,-0.064631,79.959034,88.976195,0.000000
3.073438,0.027698,0.026130,0.011801,-0.064486,80.049498,88.636506,0.000000
3.075000,0.027709,0.026301,0.011956,-0.064340,80.140910,88.294461,0.000000
3.076563,0.027720,0.026473,0.012114,-0.064193,80.233266,87.950110,0.000000
3.078125,0.027732,0.026646,0.012273,-0.064046,80.326562,87.603503,0.000000
3.079688,0.027745,0.026820,0.012435,-0.063898,80.420795,87.254691,0.000000
3.081250,0.027758,0.026994,0.012599,-0.063749,80.515962,86.903725,0.000000
3.082813,0.027773,0.027168,0.012766,-0.063600,80.612059,86.550656,0.000000
3.084375,0.027788,0.027343,0.012934,-0.063450,80.709083,86.195536,0.000000
3.085938,0.027803,0.027519,0.013105,-0.063299,80.807030,85.838416,0.000000
3.087500,0.027819,0.027696,0.013278,-0.063148,80.905896,85.479349,0.000000
3.089063,0.027836,0.027872,0.013453,-0.062997,81.005678,85.118387,0.000000
3.090625,0.027854,0.028049,0.013631,-0.062845,81.106373,84.755582,0.000000
3.092188,0.027872,0.028227,0.013810,-0.062692,81.207976,84.390989,0.000000
3.093750,0.027891,0.028405,0.013992,-0.062539,81.310484,84.024659,0.000000
3.095313,0.027911,0.028583,0.014176,-0.062386,81.413893,83.656646,0.000000
3.096875,0.027932,0.028761,0.014362,-0.062233,81.518200,83.287005,0.000000
3.098438,0.027953,0.028940,0.014550,-0.062079,81.623400,82.915789,0.000000
3.100000,0.027975,0.029119,0.014741,-0.061925,81.729490,82.543052,0.000000
3.101562,0.027997,0.029297,0.014933,-0.061770,81.836466,82.168849,0.000000
3.103125,0.028020,0.029476,0.015128,-0.061616,81.944324,81.793235,0.000000
3.104688,0.028044,0.029655,0.015325,-0.061461,82.053060,81.416263,0.000000
3.106250,0.028069,0.029835,0.015524,-0.061306,82.162670,81.037990,0.000000
3.107813,0.028094,0.030014,0.015725,-0.061151,82.273150,80.658470,0.000000
3.109375,0.028120,0.030192,0.015928,-0.060996,82.384496,80.277759,0.000000
3.110938,0.028147,0.030371,0.016133,-0.060841,82.496704,79.895913,0.000000
3.112500,0.028174,0.030550,0.016340,-0.060686,82.609769,79.512986,0.000000
3.114063,0.028202,0.030729,0.016550,-0.060531,82.723689,79.129036,0.000000
3.115625,0.028230,0.030907,0.016761,-0.060375,82.838458,78.744118,0.000000
3.117188,0.028259,0.031085,0.016974,-0.060220,82.954073,78.358289,0.000000
3.118750,0.028289,0.031263,0.017189,-0.060065,83.070528,77.971604,0.000000
3.120313,0.028319,0.031440,0.017407,-0.059910,83.187821,77.584120,0.000000
3.121875,0.028350,0.031617,0.017626,-0.059756,83.305946,77.195894,0.000000
3.123438,0.028382,0.031794,0.017847,-0.059601,83.424900,76.806983,0.000000
3.125000,0.028414,0.031970,0.018070,-0.059447,83.544678,76.417442,0.000000
3.126563,0.028446,0.032145,0.018295,-0.059293,83.665275,76.027330,0.000000
3.128125,0.028479,0.032321,0.018522,-0.059139,83.786687,75.636702,0.000000
3.129688,0.028513,0.032495,0.018751,-0.058985,83.908910,75.245617,0.000000
3.131250,0.028547,0.032669,0.018981,-0.058832,84.031940,74.854131,0.000000
3.132812,0.028581,0.032842,0.019213,-0.058679,84.155771,74.462301,0.000000
3.134375,0.028616,0.033015,0.019447,-0.058527,84.280400,74.070185,0.000000
3.135938,0.028652,0.033187,0.019683,-0.058375,84.405822,73.677839,0.000000
3.137500,0.028687,0.033358,0.019921,-0.058223,84.532031,73.285322,0.000000
3.139063,0.028724,0.033528,0.020160,-0.058072,84.659024,72.892690,0.000000
3.140625,0.028760,0.033698,0.020401,-0.057922,84.786797,72.500000,0.000000
3.142188,0.028797,0.033866,0.020643,-0.057771,84.915343,72.107310,0.000000
3.143750,0.028834,0.034034,0.020888,-0.057622,85.044659,71.714678,0.000000
3.145313,0.028872,0.034201,0.021133,-0.057473,85.174740,71.322161,0.000000
3.146875,0.028910,0.034367,0.021381,-0.057324,85.305581,70.929815,0.000000
3.148438,0.028948,0.034532,0.021629,-0.057177,85.437177,70.537699,0.000000
3.150000,0.028987,0.034696,0.021880,-0.057030,85.569524,70.145869,0.000000
3.151563,0.029025,0.034858,0.022131,-0.056883,85.702617,69.754383,0.000000
3.153125,0.029064,0.035020,0.022384,-0.056737,85.836450,69.363298,0.000000
3.154688,0.029103,0.035181,0.022639,-0.056592,85.971020,68.972670,0.000000
3.156250,0.029142,0.035340,0.022895,-0.056448,86.106320,68.582558,0.000000
3.157813,0.029182,0.035498,0.023152,-0.056304,86.242347,68.193017,0.000000
3.159375,0.029221,0.035655,0.023411,-0.056161,86.379095,67.804106,0.000000
3.160938,0.029260,0.035811,0.023670,-0.056019,86.516559,67.415880,0.000000
3.162500,0.029300,0.035965,0.023931,-0.055878,86.654734,67.028396,0.000000
3.164062,0.029339,0.036118,0.024194,-0.055738,86.793615,66.641711,0.000000
3.165625,0.029379,0.036270,0.024457,-0.055598,86.933197,66.255882,0.000000
3.167188,0.029418,0.036420,0.024721,-0.055460,87.073475,65.870964,0.000000
3.168750,0.029458,0.036569,0.024987,-0.055322,87.214444,65.487014,0.000000
3.170313,0.029497,0.036717,0.025253,-0.055185,87.356099,65.104087,0.000000
3.171875,0.029536,0.036863,0.025521,-0.055050,87.498434,64.722241,0.000000
3.173438,0.029575,0.037007,0.025789,-0.054915,87.641444,64.341530,0.000000
3.175000,0.029614,0.037150,0.026059,-0.054781,87.785125,63.962010,0.000000
3.176563,0.029653,0.037292,0.026329,-0.054648,87.929470,63.583737,0.000000
3.178125,0.029691,0.037432,0.026600,-0.054516,88.074475,63.206765,0.000000
3.179688,0.029729,0.037570,0.026872,-0.054386,88.220134,62.831151,0.000000
3.181250,0.029767,0.037707,0.027145,-0.054256,88.366442,62.456948,0.000000
3.182813,0.029805,0.037842,0.027418,-0.054127,88.513394,62.084211,0.000000
3.184375,0.029842,0.037975,0.027692,-0.054000,88.660984,61.712995,0.000000
3.185938,0.029879,0.038107,0.027967,-0.053873,88.809207,61.343354,0.000000
3.187500,0.029915,0.038237,0.028242,-0.053748,88.958058,60.975341,0.000000
3.189063,0.029951,0.038365,0.028518,-0.053624,89.107530,60.609011,0.000000
3.190625,0.029986,0.038492,0.028794,-0.053501,89.257619,60.244418,0.000000
3.192188,0.030021,0.038616,0.029071,-0.053379,89.408319,59.881613,0.000000
3.193750,0.030055,0.038739,0.029348,-0.053258,89.559625,59.520651,0.000000
3.195312,0.030089,0.038860,0.029626,-0.053139,89.711531,59.161584,0.000000
3.196875,0.030122,0.038980,0.029904,-0.053020,89.864031,58.804464,0.000000
3.198438,0.030155,0.039097,0.030182,-0.052903,90.017120,58.449344,0.000000
3.200000,0.030186,0.039212,0.030461,-0.052787,90.170793,58.096275,0.000000
3.201563,0.030217,0.039326,0.030739,-0.052673,90.325043,57.745309,0.000000
3.203125,0.030248,0.039438,0.031018,-0.052559,90.479866,57.396497,0.000000
3.204688,0.030277,0.039547,0.031297,-0.052447,90.635255,57.049890,0.000000
3.206250,0.030306,0.039655,0.031576,-0.052336,90.791204,56.705539,0.000000
3.207813,0.030334,0.039761,0.031855,-0.052226,90.947709,56.363494,0.000000
3.209375,0.030361,0.039865,0.032135,-0.052118,91.104764,56.023805,0.000000
3.210938,0.030387,0.039967,0.032414,-0.052011,91.262362,55.686521,0.000000
3.212500,0.030412,0.040066,0.032693,-0.051905,91.420498,55.351692,0.000000
3.214063,0.030436,0.040164,0.032972,-0.051801,91.579166,55.019367,0.000000
3.215625,0.030460,0.040260,0.033250,-0.051698,91.738360,54.689594,0.000000
3.217188,0.030482,0.040353,0.033529,-0.051596,91.898075,54.362421,0.000000
3.218750,0.030503,0.040445,0.033807,-0.051496,92.058305,54.037896,0.000000
3.220313,0.030523,0.040534,0.034085,-0.051397,92.219043,53.716066,0.000000
3.221875,0.030542,0.040621,0.034363,-0.051299,92.380285,53.396979,0.000000
3.223438,0.030560,0.040706,0.034640,-0.051203,92.542024,53.080681,0.000000
3.225000,0.030577,0.040789,0.034917,-0.051108,92.704254,52.767218,0.000000
3.226562,0.030592,0.040870,0.035194,-0.051015,92.866969,52.456637,0.000000
3.228125,0.030606,0.040949,0.035469,-0.050922,93.030163,52.148981,0.000000
3.229688,0.030619,0.041025,0.035745,-0.050832,93.193831,51.844297,0.000000
3.231250,0.030631,0.041100,0.036020,-0.050742,93.357967,51.542628,0.000000
3.232813,0.030641,0.041172,0.036294,-0.050655,93.522564,51.244019,0.000000
3.234375,0.030650,0.041241,0.036567,-0.050568,93.687616,50.948514,0.000000
3.235938,0.030658,0.041309,0.036840,-0.050483,93.853117,50.656155,0.000000
3.237500,0.030664,0.041374,0.037112,-0.050399,94.019062,50.366985,0.000000
3.239063,0.030669,0.041437,0.037384,-0.050317,94.185445,50.081046,0.000000
3.240625,0.030673,0.041498,0.037654,-0.050237,94.352258,49.798381,0.000000
3.242188,0.030675,0.041557,0.037924,-0.050157,94.519497,49.519030,0.000000
3.243750,0.030675,0.041613,0.038193,-0.050079,94.687155,49.243034,0.000000
3.245313,0.030674,0.041667,0.038461,-0.050003,94.855225,48.970433,0.000000
3.246875,0.030671,0.041718,0.038728,-0.049928,95.023703,48.701268,0.000000
3.248438,0.030667,0.041768,0.038994,-0.049855,95.192581,48.435578,0.000000
3.250000,0.030662,0.041814,0.039259,-0.049783,95.361853,48.173401,0.000000
3.251563,0.030654,0.041859,0.039523,-0.049713,95.531514,47.914775,0.000000
3.253125,0.030645,0.041901,0.039785,-0.049644,95.701557,47.659739,0.000000
3.254688,0.030635,0.041941,0.040047,-0.049576,95.871976,47.408330,0.000000
3.256250,0.030623,0.041978,0.040308,-0.049510,96.042764,47.160583,0.000000
3.257812,0.030609,0.042013,0.040567,-0.049446,96.213916,46.916537,0.000000
3.259375,0.030593,0.042046,0.040825,-0.049383,96.385425,46.676225,0.000000
3.260938,0.030576,0.042076,0.041082,-0.049322,96.557285,46.439684,0.000000
3.262500,0.030557,0.042104,0.041337,-0.049262,96.729490,46.206948,0.000000
3.264063,0.030536,0.042129,0.041592,-0.049204,96.902033,45.978050,0.000000
3.265625,0.030513,0.042152,0.041845,-0.049147,97.074908,45.753024,0.000000
3.267188,0.030489,0.042173,0.042096,-0.049092,97.248109,45.531904,0.000000
3.268750,0.030463,0.042191,0.042346,-0.049039,97.421630,45.314721,0.000000
3.270313,0.030435,0.042206,0.042595,-0.048987,97.595463,45.101506,0.000000
3.271875,0.030405,0.042219,0.042842,-0.048936,97.769603,44.892292,0.000000
3.273438,0.030373,0.042230,0.043088,-0.048887,97.944044,44.687109,0.000000
3.275000,0.030340,0.042238,0.043333,-0.048840,98.118779,44.485986,0.000000
3.276563,0.030304,0.042243,0.043575,-0.048795,98.293801,44.288953,0.000000
3.278125,0.030267,0.042246,0.043817,-0.048751,98.469105,44.096039,0.000000
3.279688,0.030228,0.042247,0.044056,-0.048708,98.644683,43.907272,0.000000
3.281250,0.030187,0.042245,0.044295,-0.048667,98.820530,43.722679,0.000000
3.282813,0.030144,0.042240,0.044531,-0.048628,98.996639,43.542288,0.000000
3.284375,0.030100,0.042233,0.044766,-0.048591,99.173004,43.366125,0.000000
3.285938,0.030053,0.042223,0.044999,-0.048555,99.349618,43.194215,0.000000
3.287500,0.030004,0.042210,0.045231,-0.048521,99.526474,43.026583,0.000000
3.289062,0.029954,0.042195,0.045461,-0.048488,99.703567,42.863255,0.000000
3.290625,0.029901,0.042178,0.045689,-0.048458,99.880890,42.704254,0.000000
3.292188,0.029847,0.042157,0.045915,-0.048429,100.058436,42.549602,0.000000
3.293750,0.029791,0.042134,0.046140,-0.048401,100.236198,42.399324,0.000000
3.295313,0.029733,0.042109,0.046363,-0.048376,100.414172,42.253440,0.000000
3.296875,0.029673,0.042081,0.046584,-0.048352,100.592349,42.111972,0.000000
3.298438,0.029611,0.042050,0.046803,-0.048329,100.770723,41.974941,0.000000
3.300000,0.029547,0.042016,0.047021,-0.048309,100.949289,41.842366,0.000000
3.301563,0.029481,0.041980,0.047237,-0.048290,101.128038,41.714267,0.000000
3.303125,0.029413,0.041941,0.047451,-0.048273,101.306966,41.590663,0.000000
3.304688,0.029343,0.041899,0.047663,-0.048258,101.486065,41.471572,0.000000
3.306250,0.029272,0.041855,0.047874,-0.048245,101.665329,41.357011,0.000000
3.307813,0.029198,0.041808,0.048082,-0.048233,101.844750,41.246996,0.000000
3.309375,0.029123,0.041758,0.048289,-0.048223,102.024324,41.141545,0.000000
3.310938,0.029046,0.041705,0.048494,-0.048216,102.204042,41.040671,0.000000
3.312500,0.028967,0.041650,0.048697,-0.048209,102.383900,40.944391,0.000000
3.314063,0.028886,0.041592,0.048898,-0.048205,102.563889,40.852718,0.000000
3.315625,0.028803,0.041531,0.049098,-0.048203,102.744003,40.765665,0.000000
3.317188,0.028718,0.041467,0.049295,-0.048202,102.924237,40.683245,0.000000
3.318750,0.028632,0.041400,0.049491,-0.048204,103.104582,40.605471,0.000000
3.320312,0.028544,0.041331,0.049685,-0.048207,103.285034,40.532353,0.000000
3.321875,0.028454,0.041258,0.049877,-0.048213,103.465584,40.463902,0.000000
3.323438,0.028362,0.041183,0.050067,-0.048220,103.646227,40.400129,0.000000
3.325000,0.028268,0.041105,0.050255,-0.048229,103.826956,40.341042,0.000000
3.326563,0.028173,0.041024,0.050442,-0.048240,104.007764,40.286650,0.000000
3.328125,0.028076,0.040940,0.050626,-0.048253,104.188645,40.236962,0.000000
3.329688,0.027977,0.040853,0.050809,-0.048268,104.369592,40.191983,0.000000
3.331250,0.027877,0.040764,0.050990,-0.048286,104.550599,40.151722,0.000000
3.332813,0.027774,0.040671,0.051169,-0.048305,104.731658,40.116183,0.000000
3.334375,0.027671,0.040575,0.051347,-0.048326,104.912764,40.085373,0.000000
3.335938,0.027565,0.040477,0.051522,-0.048349,105.093909,40.059294,0.000000
3.337500,0.027459,0.040375,0.051696,-0.048375,105.275088,40.037953,0.000000
3.339063,0.027350,0.040271,0.051868,-0.048402,105.456293,40.021350,0.000000
3.340625,0.027240,0.040163,0.052039,-0.048432,105.637517,40.009490,0.000000
3.342188,0.027129,0.040053,0.052207,-0.048463,105.818755,40.002372,0.000000
3.343750,0.027016,0.039939,0.052374,-0.048497,106.000000,40.000000,0.000000
3.345313,0.026901,0.039822,0.052540,-0.048533,106.181245,40.002372,0.000000
3.346875,0.026785,0.039703,0.052703,-0.048571,106.362483,40.009490,0.000000
3.348438,0.026668,0.039580,0.052865,-0.048611,106.543707,40.021350,0.000000
3.350000,0.026550,0.039454,0.053025,-0.048654,106.724912,40.037953,0.000000
3.351562,0.026430,0.039325,0.053184,-0.048699,106.906091,40.059294,0.000000
3.353125,0.026309,0.039193,0.053341,-0.048746,107.087236,40.085373,0.000000
3.354688,0.026186,0.039058,0.053496,-0.048795,107.268342,40.116183,0.000000
3.356250,0.026063,0.038920,0.053650,-0.048846,107.449401,40.151722,0.000000
3.357813,0.025938,0.038779,0.053803,-0.048900,107.630408,40.191983,0.000000
3.359375,0.025812,0.038634,0.053954,-0.048956,107.811355,40.236962,0.000000
3.360938,0.025685,0.038487,0.054103,-0.049014,107.992236,40.286650,0.000000
3.362500,0.025557,0.038336,0.054251,-0.049075,108.173044,40.341042,0.000000
3.364063,0.025428,0.038182,0.054398,-0.049138,108.353773,40.400129,0.000000
3.365625,0.025298,0.038025,0.054543,-0.049203,108.534416,40.463902,0.000000
3.367188,0.025167,0.037865,0.054687,-0.049271,108.714966,40.532353,0.000000
3.368750,0.025036,0.037701,0.054829,-0.049341,108.895418,40.605471,0.000000
3.370313,0.024903,0.037535,0.054970,-0.049413,109.075763,40.683245,0.000000
3.371875,0.024770,0.037365,0.055110,-0.049488,109.255997,40.765665,0.000000
3.373438,0.024636,0.037192,0.055249,-0.049565,109.436111,40.852718,0.000000
3.375000,0.024501,0.037016,0.055387,-0.049645,109.616100,40.944391,0.000000
3.376563,0.024365,0.036836,0.055523,-0.049727,109.795958,41.040671,0.000000
3.378125,0.024229,0.036653,0.055659,-0.049812,109.975676,41.141545,0.000000
3.379688,0.024093,0.036467,0.055793,-0.049899,110.155250,41.246996,0.000000
3.381250,0.023956,0.036278,0.055926,-0.049988,110.334671,41.357011,0.000000
3.382812,0.023818,0.036086,0.056058,-0.050080,110.513935,41.471572,0.000000
3.384375,0.023680,0.035890,0.056190,-0.050174,110.693034,41.590663,0.000000
3.385938,0.023542,0.035691,0.056320,-0.050271,110.871962,41.714267,0.000000
3.387500,0.023404,0.035489,0.056450,-0.050371,111.050711,41.842366,0.000000
3.389063,0.023265,0.035284,0.056578,-0.050473,111.229277,41.974941,0.000000
3.390625,0.023126,0.035076,0.056706,-0.050577,111.407651,42.111972,0.000000
3.392188,0.022987,0.034864,0.056833,-0.050684,111.585828,42.253440,0.000000
3.393750,0.022848,0.034649,0.056960,-0.050793,111.763802,42.399324,0.000000
3.395313,0.022709,0.034431,0.057086,-0.050905,111.941564,42.549602,0.000000
3.396875,0.022570,0.034209,0.057211,-0.051020,112.119110,42.704254,0.000000
3.398438,0.022431,0.033984,0.057336,-0.051137,112.296433,42.863255,0.000000
3.400000,0.022292,0.033757,0.057460,-0.051257,112.473526,43.026583,0.000000
3.401563,0.022154,0.033526,0.057584,-0.051379,112.650382,43.194215,0.000000
3.403125,0.022016,0.033291,0.057707,-0.051503,112.826996,43.366125,0.000000
3.404688,0.021878,0.033054,0.057830,-0.051631,113.003361,43.542288,0.000000
3.406250,0.021740,0.032813,0.057953,-0.051760,113.179470,43.722679,0.000000
3.407813,0.021603,0.032569,0.058075,-0.051893,113.355317,43.907272,0.000000
3.409375,0.021467,0.032322,0.058197,-0.052027,113.530895,44.096039,0.000000
3.410938,0.021331,0.032072,0.058319,-0.052165,113.706199,44.288953,0.000000
3.412500,0.021196,0.031819,0.058441,-0.052304,113.881221,44.485986,0.000000
3.414062,0.021061,0.031563,0.058563,-0.052447,114.055956,44.687109,0.000000
3.415625,0.020928,0.031303,0.058685,-0.052592,114.230397,44.892292,0.000000
3.417188,0.020795,0.031041,0.058807,-0.052739,114.404537,45.101506,0.000000
3.418750,0.020663,0.030775,0.058929,-0.052889,114.578370,45.314721,0.000000
3.420313,0.020532,0.030507,0.059051,-0.053041,114.751891,45.531904,0.000000
3.421875,0.020402,0.030235,0.059173,-0.053196,114.925092,45.753024,0.000000
3.423438,0.020273,0.029960,0.059296,-0.053353,115.097967,45.978050,0.000000
3.425000,0.020145,0.029683,0.059419,-0.053513,115.270510,46.206948,0.000000
3.426563,0.020018,0.029402,0.059542,-0.053675,115.442715,46.439684,0.000000
3.428125,0.019893,0.029119,0.059666,-0.053840,115.614575,46.676225,0.000000
3.429688,0.019769,0.028832,0.059790,-0.054007,115.786084,46.916537,0.000000
3.431250,0.019647,0.028543,0.059915,-0.054176,115.957236,47.160583,0.000000
3.432813,0.019525,0.028251,0.060040,-0.054348,116.128024,47.408330,0.000000
3.434375,0.019406,0.027956,0.060166,-0.054522,116.298443,47.659739,0.000000
3.435938,0.019288,0.027658,0.060293,-0.054699,116.468486,47.914775,0.000000
3.437500,0.019171,0.027357,0.060420,-0.054877,116.638147,48.173401,0.000000
3.439063,0.019057,0.027054,0.060548,-0.055058,116.807419,48.435578,0.000000
3.440625,0.018944,0.026748,0.060677,-0.055242,116.976297,48.701268,0.000000
3.442188,0.018833,0.026440,0.060807,-0.055427,117.144775,48.970433,0.000000
3.443750,0.018724,0.026129,0.060938,-0.055615,117.312845,49.243034,0.000000
3.445312,0.018616,0.025815,0.061069,-0.055805,117.480503,49.519030,0.000000
3.446875,0.018511,0.025498,0.061202,-0.055997,117.647742,49.798381,0.000000
3.448438,0.018408,0.025180,0.061336,-0.056191,117.814555,50.081046,0.000000
3.450000,0.018307,0.024858,0.061471,-0.056387,117.980938,50.366985,0.000000
3.451563,0.018208,0.024535,0.061607,-0.056585,118.146883,50.656155,0.000000
3.453125,0.018111,0.024209,0.061745,-0.056786,118.312384,50.948514,0.000000
3.454688,0.018017,0.023880,0.061883,-0.056988,118.477436,51.244019,0.000000
3.456250,0.017925,0.023550,0.062024,-0.057192,118.642033,51.542628,0.000000
3.457813,0.017835,0.023217,0.062165,-0.057399,118.806169,51.844297,0.000000
3.459375,0.017748,0.022882,0.062308,-0.057607,118.969837,52.148981,0.000000
3.460938,0.017663,0.022545,0.062452,-0.057817,119.133031,52.456637,0.000000
3.462500,0.017581,0.022205,0.062598,-0.058028,119.295746,52.767218,0.000000
3.464063,0.017501,0.021864,0.062745,-0.058242,119.457976,53.080681,0.000000
3.465625,0.017424,0.021521,0.062894,-0.058457,119.619715,53.396979,0.000000
3.467188,0.017350,0.021176,0.063045,-0.058674,119.780957,53.716066,0.000000
3.468750,0.017278,0.020828,0.063197,-0.058893,119.941695,54.037896,0.000000
3.470313,0.017209,0.020480,0.063351,-0.059113,120.101925,54.362421,0.000000
3.471875,0.017143,0.020129,0.063507,-0.059334,120.261640,54.689594,0.000000
3.473438,0.017080,0.019777,0.063664,-0.059558,120.420834,55.019367,0.000000
3.475000,0.017020,0.019423,0.063823,-0.059782,120.579502,55.351692,0.000000
3.476562,0.016963,0.019067,0.063985,-0.060008,120.737638,55.686521,0.000000
3.478125,0.016908,0.018710,0.064148,-0.060236,120.895236,56.023805,0.000000
3.479688,0.016857,0.018352,0.064313,-0.060464,121.052291,56.363494,0.000000
3.481250,0.016809,0.017992,0.064479,-0.060694,121.208796,56.705539,0.000000
3.482813,0.016764,0.017631,0.064648,-0.060925,121.364745,57.049890,0.000000
3.484375,0.016722,0.017268,0.064819,-0.061158,121.520134,57.396497,0.000000
3.485938,0.016683,0.016905,0.064992,-0.061391,121.674957,57.745309,0.000000
3.487500,0.016647,0.016540,0.065167,-0.061625,121.829207,58.096275,0.000000
3.489063,0.016615,0.016174,0.065344,-0.061861,121.982880,58.449344,0.000000
3.490625,0.016586,0.015808,0.065523,-0.062097,122.135969,58.804464,0.000000
3.492188,0.016560,0.015440,0.065705,-0.062334,122.288469,59.161584,0.000000
3.493750,0.016537,0.015071,0.065888,-0.062572,122.440375,59.520651,0.000000
3.495313,0.016518,0.014702,0.066074,-0.062811,122.591681,59.881613,0.000000
3.496875,0.016502,0.014332,0.066262,-0.063050,122.742381,60.244418,0.000000
3.498438,0.016490,0.013962,0.066452,-0.063290,122.892470,60.609011,0.000000
3.500000,0.016481,0.013590,0.066644,-0.063531,123.041942,60.975341,0.000000
3.501563,0.016475,0.013219,0.066838,-0.063772,123.190793,61.343354,0.000000
3.503125,0.016473,0.012847,0.067035,-0.064013,123.339016,61.712995,0.000000
3.504688,0.016474,0.012474,0.067234,-0.064255,123.486606,62.084211,0.000000
3.506250,0.016478,0.012101,0.067435,-0.064498,123.633558,62.456948,0.000000
3.507812,0.016486,0.011728,0.067638,-0.064740,123.779866,62.831151,0.000000
3.509375,0.016497,0.011355,0.067844,-0.064983,123.925525,63.206765,0.000000
3.510938,0.016512,0.010982,0.068052,-0.065226,124.070530,63.583737,0.000000
3.512500,0.016531,0.010609,0.068262,-0.065469,124.214875,63.962010,0.000000
3.514063,0.016553,0.010236,0.068475,-0.065712,124.358556,64.341530,0.000000
3.515625,0.016578,0.009863,0.068689,-0.065955,124.501566,64.722241,0.000000
3.517188,0.016607,0.009490,0.068906,-0.066198,124.643901,65.104087,0.000000
3.518750,0.016639,0.009118,0.069125,-0.066441,124.785556,65.487014,0.000000
3.520313,0.016674,0.008746,0.069347,-0.066683,124.926525,65.870964,0.000000
3.521875,0.016713,0.008375,0.069570,-0.066926,125.066803,66.255882,0.000000
3.523438,0.016756,0.008004,0.069796,-0.067168,125.206385,66.641711,0.000000
3.525000,0.016802,0.007633,0.070024,-0.067409,125.345266,67.028396,0.000000
3.526563,0.016851,0.007264,0.070254,-0.067650,125.483441,67.415880,0.000000
3.528125,0.016904,0.006895,0.070487,-0.067891,125.620905,67.804106,0.000000
3.529688,0.016960,0.006527,0.070721,-0.068131,125.757653,68.193017,0.000000
3.531250,0.017020,0.006159,0.070958,-0.068370,125.893680,68.582558,0.000000
3.532813,0.017083,0.005793,0.071197,-0.068609,126.028980,68.972670,0.000000
3.534375,0.017149,0.005428,0.071437,-0.068847,126.163550,69.363298,0.000000
3.535938,0.017218,0.005064,0.071680,-0.069084,126.297383,69.754383,0.000000
3.537500,0.017291,0.004701,0.071925,-0.069320,126.430476,70.145869,0.000000
3.539062,0.017367,0.004339,0.072172,-0.069556,126.562823,70.537699,0.000000
3.540625,0.017447,0.003979,0.072421,-0.069790,126.694419,70.929815,0.000000
3.542188,0.017529,0.003620,0.072672,-0.070023,126.825260,71.322161,0.000000
3.543750,0.017615,0.003262,0.072924,-0.070255,126.955341,71.714678,0.000000
3.545313,0.017704,0.002906,0.073179,-0.070486,127.084657,72.107310,0.000000
3.546875,0.017795,0.002552,0.073435,-0.070716,127.213203,72.500000,0.000000
3.548438,0.017890,0.002199,0.073694,-0.070945,127.340976,72.892690,0.000000
3.550000,0.017988,0.001848,0.073953,-0.071172,127.467969,73.285322,0.000000
3.551563,0.018089,0.001499,0.074215,-0.071398,127.594178,73.677839,0.000000
3.553125,0.018193,0.001151,0.074478,-0.071622,127.719600,74.070185,0.000000
3.554688,0.018300,0.000805,0.074743,-0.071845,127.844229,74.462301,0.000000
3.556250,0.018409,0.000462,0.075010,-0.072067,127.968060,74.854131,0.000000
3.557813,0.018522,0.000120,0.075278,-0.072287,128.091090,75.245617,0.000000
3.559375,0.018637,-0.000219,0.075547,-0.072505,128.213313,75.636702,0.000000
3.560938,0.018755,-0.000557,0.075818,-0.072722,128.334725,76.027330,0.000000
3.562500,0.018875,-0.000892,0.076091,-0.072937,128.455322,76.417442,0.000000
3.564063,0.018999,-0.001225,0.076364,-0.073150,128.575100,76.806983,0.000000
3.565625,0.019124,-0.001556,0.076639,-0.073361,128.694054,77.195894,0.000000
3.567188,0.019253,-0.001884,0.076915,-0.073571,128.812179,77.584120,0.000000
3.568750,0.019383,-0.002210,0.077193,-0.073779,128.929472,77.971604,0.000000
3.570312,0.019516,-0.002534,0.077471,-0.073985,129.045927,78.358289,0.000000
3.571875,0.019652,-0.002855,0.077751,-0.074189,129.161542,78.744118,0.000000
3.573438,0.019789,-0.003173,0.078031,-0.074391,129.276311,79.129036,0.000000
3.575000,0.019929,-0.003489,0.078312,-0.074591,129.390231,79.512986,0.000000
3.576563,0.020071,-0.003802,0.078595,-0.074789,129.503296,79.895913,0.000000
3.578125,0.020216,-0.004113,0.078878,-0.074984,129.615504,80.277759,0.000000
3.579688,0.020362,-0.004421,0.079162,-0.075178,129.726850,80.658470,0.000000
3.581250,0.020510,-0.004726,0.079446,-0.075370,129.837330,81.037990,0.000000
3.582813,0.020660,-0.005028,0.079731,-0.075559,129.946940,81.416263,0.000000
3.584375,0.020812,-0.005328,0.080017,-0.075746,130.055676,81.793235,0.000000
3.585938,0.020965,-0.005625,0.080303,-0.075932,130.163534,82.168849,0.000000
3.587500,0.021121,-0.005918,0.080589,-0.076114,130.270510,82.543052,0.000000
3.589063,0.021278,-0.006209,0.080876,-0.076295,130.376600,82.915789,0.000000
3.590625,0.021436,-0.006497,0.081163,-0.076473,130.481800,83.287005,0.000000
3.592188,0.021597,-0.006782,0.081451,-0.076649,130.586107,83.656646,0.000000
3.593750,0.021758,-0.007064,0.081738,-0.076823,130.689516,84.024659,0.000000
3.595313,0.021921,-0.007342,0.082026,-0.076994,130.792024,84.390989,0.000000
3.596875,0.022085,-0.007618,0.082314,-0.077163,130.893627,84.755582,0.000000
3.598438,0.022251,-0.007890,0.082601,-0.077330,130.994322,85.118387,0.000000
3.600000,0.022417,-0.008160,0.082888,-0.077494,131.094104,85.479349,0.000000
3.601562,0.022585,-0.008426,0.083176,-0.077656,131.192970,85.838416,0.000000
3.603125,0.022753,-0.008689,0.083463,-0.077815,131.290917,86.195536,0.000000
3.604688,0.022923,-0.008949,0.083749,-0.077972,131.387941,86.550656,0.000000
3.606250,0.023093,-0.009206,0.084035,-0.078127,131.484038,86.903725,0.000000
3.607813,0.023265,-0.009459,0.084321,-0.078279,131.579205,87.254691,0.000000
3.609375,0.023436,-0.009710,0.084606,-0.078429,131.673438,87.603503,0.000000
3.610938,0.023609,-0.009957,0.084890,-0.078576,131.766734,87.950110,0.000000
3.612500,0.023782,-0.010200,0.085174,-0.078721,131.859090,88.294461,0.000000
3.614063,0.023956,-0.010441,0.085457,-0.078863,131.950502,88.636506,0.000000
3.615625,0.024130,-0.010678,0.085739,-0.079003,132.040966,88.976195,0.000000
3.617188,0.024304,-0.010912,0.086020,-0.079141,132.130481,89.313479,0.000000
3.618750,0.024479,-0.011142,0.086300,-0.079276,132.219041,89.648308,0.000000
3.620313,0.024654,-0.011370,0.086579,-0.079409,132.306644,89.980633,0.000000
3.621875,0.024829,-0.011594,0.086857,-0.079539,132.393288,90.310406,0.000000
3.623438,0.025004,-0.011814,0.087134,-0.079667,132.478967,90.637579,0.000000
3.625000,0.025179,-0.012032,0.087409,-0.079792,132.563681,90.962104,0.000000
3.626563,0.025354,-0.012246,0.087683,-0.079915,132.647425,91.283934,0.000000
3.628125,0.025529,-0.012456,0.087955,-0.080036,132.730196,91.603021,0.000000
3.629688,0.025704,-0.012664,0.088226,-0.080154,132.811991,91.919319,0.000000
3.631250,0.025878,-0.012868,0.088496,-0.080270,132.892808,92.232782,0.000000
3.632812,0.026052,-0.013069,0.088764,-0.080383,132.972643,92.543363,0.000000
3.634375,0.026226,-0.013266,0.089030,-0.080494,133.051494,92.851019,0.000000
3.635938,0.026399,-0.013460,0.089294,-0.080603,133.129358,93.155703,0.000000
3.637500,0.026571,-0.013651,0.089557,-0.080710,133.206231,93.457372,0.000000
3.639063,0.026743,-0.013839,0.089817,-0.080814,133.282111,93.755981,0.000000
3.640625,0.026914,-0.014023,0.090076,-0.080916,133.356995,94.051486,0.000000
3.642188,0.027084,-0.014205,0.090332,-0.081015,133.430881,94.343845,0.000000
3.643750,0.027254,-0.014383,0.090587,-0.081113,133.503766,94.633015,0.000000
3.645313,0.027422,-0.014557,0.090839,-0.081208,133.575647,94.918954,0.000000
3.646875,0.027590,-0.014729,0.091089,-0.081301,133.646521,95.201619,0.000000
3.648438,0.027756,-0.014897,0.091336,-0.081392,133.716386,95.480970,0.000000
3.650000,0.027922,-0.015062,0.091582,-0.081480,133.785239,95.756966,0.000000
3.651563,0.028086,-0.015224,0.091824,-0.081567,133.853079,96.029567,0.000000
3.653125,0.028249,-0.015383,0.092065,-0.081651,133.919902,96.298732,0.000000
3.654688,0.028410,-0.015538,0.092303,-0.081733,133.985705,96.564422,0.000000
3.656250,0.028571,-0.015691,0.092538,-0.081814,134.050487,96.826599,0.000000
3.657813,0.028730,-0.015840,0.092770,-0.081892,134.114246,97.085225,0.000000
3.659375,0.028887,-0.015986,0.093000,-0.081968,134.176978,97.340261,0.000000
3.660938,0.029043,-0.016130,0.093227,-0.082042,134.238681,97.591670,0.000000
3.662500,0.029197,-0.016270,0.093451,-0.082114,134.299354,97.839417,0.000000
3.664062,0.029350,-0.016407,0.093672,-0.082184,134.358994,98.083463,0.000000
3.665625,0.029501,-0.016541,0.093890,-0.082253,134.417599,98.323775,0.000000
3.667188,0.029650,-0.016672,0.094105,-0.082319,134.475167,98.560316,0.000000
3.668750,0.029797,-0.016800,0.094317,-0.082384,134.531695,98.793052,0.000000
3.670313,0.029942,-0.016925,0.094526,-0.082446,134.587182,99.021950,0.000000
3.671875,0.030086,-0.017048,0.094731,-0.082507,134.641626,99.246976,0.000000
3.673438,0.030227,-0.017167,0.094934,-0.082566,134.695024,99.468096,0.000000
3.675000,0.030367,-0.017284,0.095133,-0.082624,134.747375,99.685279,0.000000
3.676563,0.030504,-0.017397,0.095329,-0.082679,134.798676,99.898494,0.000000
3.678125,0.030639,-0.017508,0.095521,-0.082733,134.848927,100.107708,0.000000
3.679688,0.030772,-0.017616,0.095710,-0.082786,134.898124,100.312891,0.000000
3.681250,0.030903,-0.017721,0.095896,-0.082836,134.946267,100.514014,0.000000
3.682813,0.031032,-0.017824,0.096078,-0.082885,134.993353,100.711047,0.000000
3.684375,0.031158,-0.017924,0.096256,-0.082933,135.039380,100.903961,0.000000
3.685938,0.031282,-0.018021,0.096431,-0.082979,135.084348,101.092728,0.000000
3.687500,0.031403,-0.018115,0.096602,-0.083023,135.128255,101.277321,0.000000
3.689063,0.031522,-0.018206,0.096770,-0.083066,135.171098,101.457712,0.000000
3.690625,0.031639,-0.018295,0.096934,-0.083107,135.212876,101.633875,0.000000
3.692188,0.031753,-0.018382,0.097094,-0.083147,135.253588,101.805785,0.000000
3.693750,0.031864,-0.018466,0.097250,-0.083186,135.293232,101.973417,0.000000
3.695312,0.031973,-0.018547,0.097402,-0.083223,135.331807,102.136745,0.000000
3.696875,0.032079,-0.018625,0.097551,-0.083258,135.369312,102.295746,0.000000
3.698438,0.032182,-0.018701,0.097695,-0.083293,135.405745,102.450398,0.000000
3.700000,0.032283,-0.018775,0.097836,-0.083326,135.441104,102.600676,0.000000
3.701563,0.032381,-0.018846,0.097972,-0.083358,135.475388,102.746560,0.000000
3.703125,0.032476,-0.018914,0.098105,-0.083388,135.508597,102.888028,0.000000
3.704688,0.032569,-0.018980,0.098234,-0.083417,135.540729,103.025059,0.000000
3.706250,0.032658,-0.019044,0.098358,-0.083445,135.571782,103.157634,0.000000
3.707813,0.032745,-0.019105,0.098478,-0.083472,135.601757,103.285733,0.000000
3.709375,0.032829,-0.019164,0.098595,-0.083498,135.630650,103.409337,0.000000
3.710938,0.032909,-0.019221,0.098707,-0.083522,135.658462,103.528428,0.000000
3.712500,0.032987,-0.019275,0.098814,-0.083546,135.685192,103.642989,0.000000
3.714063,0.033062,-0.019326,0.098918,-0.083568,135.710838,103.753004,0.000000
3.715625,0.033134,-0.019376,0.099017,-0.083589,135.735400,103.858455,0.000000
3.717188,0.033203,-0.019423,0.099113,-0.083609,135.758876,103.959329,0.000000
3.718750,0.033269,-0.019468,0.099203,-0.083628,135.781266,104.055609,0.000000
3.720313,0.033331,-0.019510,0.099290,-0.083646,135.802569,104.147282,0.000000
3.721875,0.033391,-0.019550,0.099372,-0.083663,135.822785,104.234335,0.000000
3.723438,0.033448,-0.019588,0.099450,-0.083679,135.841911,104.316755,0.000000
3.725000,0.033501,-0.019624,0.099524,-0.083694,135.859949,104.394529,0.000000
3.726562,0.033551,-0.019657,0.099593,-0.083708,135.876897,104.467647,0.000000
3.728125,0.033598,-0.019689,0.099658,-0.083721,135.892754,104.536098,0.000000
3.729688,0.033642,-0.019718,0.099718,-0.083733,135.907520,104.599871,0.000000
3.731250,0.033683,-0.019745,0.099774,-0.083744,135.921194,104.658958,0.000000
3.732813,0.033720,-0.019769,0.099826,-0.083754,135.933777,104.713350,0.000000
3.734375,0.033754,-0.019792,0.099873,-0.083764,135.945267,104.763038,0.000000
3.735938,0.033786,-0.019812,0.099915,-0.083772,135.955663,104.808017,0.000000
3.737500,0.033813,-0.019830,0.099953,-0.083779,135.964967,104.848278,0.000000
3.739063,0.033838,-0.019846,0.099987,-0.083786,135.973176,104.883817,0.000000
3.740625,0.033859,-0.019860,0.100016,-0.083792,135.980292,104.914627,0.000000
3.742188,0.033877,-0.019872,0.100041,-0.083796,135.986314,104.940706,0.000000
3.743750,0.033892,-0.019882,0.100061,-0.083800,135.991240,104.962047,0.000000
3.745313,0.033903,-0.019889,0.100077,-0.083803,135.995073,104.978650,0.000000
3.746875,0.033912,-0.019894,0.100088,-0.083806,135.997810,104.990510,0.000000
3.748438,0.033916,-0.019898,0.100095,-0.083807,135.999453,104.997628,0.000000
3.750000,0.033918,-0.019899,0.100097,-0.083807,136.000000,105.000000,1.000000
