# Force         
# CofR          : (6.34000000e-02 0.00000000e+00 4.00000000e-03)
#
# Time          	total_x total_y total_z	pressure_x pressure_y pressure_z	viscous_x viscous_y viscous_z
0.001370614      -1.11233315e+00 6.23415751e-05 -1.05126991e+00 -1.11120292e+00 6.23422364e-05 -1.05123496e+00 -1.13022516e-03 -6.61312805e-10 -3.49514110e-05
0.002077726      -7.45636942e-02 -1.11708432e-04 -5.90119743e-02 -7.35076594e-02 -1.11663522e-04 -5.90262231e-02 -1.05603484e-03 -4.49099260e-08 1.42488079e-05
0.002799639      -2.24298136e-02 -2.52895212e-05 -1.41433989e-02 -2.14170497e-02 -2.52335644e-05 -1.41852553e-02 -1.01276386e-03 -5.59567608e-08 4.18564096e-05
0.003531791      -1.90917226e-02 -1.18213974e-05 -1.05225921e-02 -1.81026091e-02 -1.17560486e-05 -1.05878167e-02 -9.89113504e-04 -6.53487740e-08 6.52245716e-05
0.004269185      -1.49486274e-02 -5.69257903e-06 -7.06649786e-03 -1.39784982e-02 -5.61932765e-06 -7.14963627e-03 -9.70129149e-04 -7.32513838e-08 8.31384115e-05
0.005013704      -7.35080413e-03 -2.97965587e-06 -1.97399874e-03 -6.40500954e-03 -2.90047279e-06 -2.06629104e-03 -9.45794593e-04 -7.91830756e-08 9.22922942e-05
0.005769198      -5.97515280e-03 -7.13788646e-07 -1.26542415e-03 -5.05198581e-03 -6.30199470e-07 -1.36435473e-03 -9.23166992e-04 -8.35891769e-08 9.89305770e-05
0.006536025      -3.28026355e-04 -7.79579169e-06 5.68807766e-03 5.77040825e-04 -7.70351650e-06 5.57777364e-03 -9.05067179e-04 -9.22751957e-08 1.10304027e-04
0.00731456       2.61993756e-03 9.59223009e-06 8.82628212e-03 3.50802068e-03 9.68291626e-06 8.70480816e-03 -8.88083119e-04 -9.06861728e-08 1.21473959e-04
0.008105196      -6.92259759e-03 4.42974288e-06 -1.24861599e-03 -6.04774625e-03 4.52121867e-06 -1.37669983e-03 -8.74851335e-04 -9.14757896e-08 1.28083844e-04
0.008904132      -8.78715190e-03 3.59799832e-06 -3.26676259e-03 -7.92429996e-03 3.69030937e-06 -3.40052286e-03 -8.62851933e-04 -9.23110490e-08 1.33760272e-04
0.009709426      -2.11858015e-03 2.73649737e-06 3.02512146e-03 -1.27060088e-03 2.82988596e-06 2.88563395e-03 -8.47979269e-04 -9.33885860e-08 1.39487512e-04
0.01052557       -8.11257551e-04 2.27065167e-06 4.22829037e-03 2.21463169e-05 2.36484524e-06 4.08363926e-03 -8.33403868e-04 -9.41935743e-08 1.44651110e-04
0.0113529        -4.98705514e-04 2.71098446e-06 4.33662091e-03 3.20685438e-04 2.80412459e-06 4.18720107e-03 -8.19390952e-04 -9.31401353e-08 1.49419838e-04
0.01219175       -3.29104692e-04 2.19537321e-06 4.51368339e-03 4.76819259e-04 2.28641469e-06 4.35997743e-03 -8.05923951e-04 -9.10414837e-08 1.53705966e-04
0.01304248       -1.17860298e-02 3.13298025e-06 -7.36161537e-03 -1.09892901e-02 3.22157867e-06 -7.51539515e-03 -7.96739660e-04 -8.85984230e-08 1.53779782e-04
0.01390053       -6.98106962e-03 1.04934117e-06 -2.48989740e-03 -6.19520341e-03 1.13630809e-06 -2.64547833e-03 -7.85866216e-04 -8.69669161e-08 1.55580930e-04
0.01476603       1.38865429e-02 -2.05939852e-06 1.88193134e-02 1.46545976e-02 -1.97359600e-06 1.86554988e-02 -7.68054648e-04 -8.58025123e-08 1.63814570e-04
0.01564952       4.73930302e-03 3.07840589e-06 9.47546323e-03 5.49456722e-03 3.16041693e-06 9.30695544e-03 -7.55264202e-04 -8.20110356e-08 1.68507790e-04
0.01654634       -5.43972451e-03 2.03250907e-06 -6.63904588e-04 -4.69225182e-03 2.11142348e-06 -8.34462168e-04 -7.47472690e-04 -7.89144138e-08 1.70557579e-04
0.0174514        -3.44644313e-03 1.02236395e-06 1.23331720e-03 -2.70790072e-03 1.09883770e-06 1.06010155e-03 -7.38542408e-04 -7.64737592e-08 1.73215643e-04
0.01836487       -4.43711441e-03 6.15324553e-07 1.22982947e-04 -3.70682719e-03 6.90306811e-07 -5.24770451e-05 -7.30287220e-04 -7.49822577e-08 1.75459992e-04
0.01928404       1.20496230e-02 -4.54829885e-07 1.65839677e-02 1.27643883e-02 -3.80630850e-07 1.64021038e-02 -7.14765372e-04 -7.41990344e-08 1.81863902e-04
0.02022083       9.25538933e-03 -1.99758594e-05 1.33083380e-02 9.95647964e-03 -1.98903720e-05 1.31221824e-02 -7.01090311e-04 -8.54873730e-08 1.86155617e-04
0.02117599       -1.07836047e-02 -7.03869471e-08 -7.10071582e-03 -1.00880905e-02 1.36164463e-08 -7.28382543e-03 -6.95514225e-04 -8.40033935e-08 1.83109611e-04
0.02213429       2.20199874e-03 -2.64212081e-06 5.85811324e-03 2.88523813e-03 -2.55830189e-06 5.67380026e-03 -6.83239392e-04 -8.38189218e-08 1.84312975e-04
0.02310867       1.01968368e-02 -1.04272351e-06 1.37007801e-02 1.08641709e-02 -9.60927665e-07 1.35137837e-02 -6.67334166e-04 -8.17958408e-08 1.86996440e-04
0.02409974       -7.26572696e-03 4.06669696e-07 -2.90930523e-03 -6.60128597e-03 4.86608732e-07 -3.09761349e-03 -6.64440992e-04 -7.99390360e-08 1.88308268e-04
0.02509767       -1.65066489e-03 -2.33397681e-07 2.39024477e-03 -9.93891249e-04 -1.54522962e-07 2.20015878e-03 -6.56773639e-04 -7.88747195e-08 1.90085992e-04
0.02610257       1.03906646e-02 -8.85751690e-07 1.33689450e-02 1.10307565e-02 -8.06210941e-07 1.31773998e-02 -6.40091958e-04 -7.95407493e-08 1.91545235e-04
0.02712908       4.09192487e-03 -1.86457375e-07 8.27800583e-03 4.72456745e-03 -1.07620355e-07 8.08173090e-03 -6.32642583e-04 -7.88370203e-08 1.96274934e-04
0.02817058       3.68320944e-03 -7.26015242e-07 7.62800384e-03 4.30736460e-03 -6.47463005e-07 7.42856742e-03 -6.24155158e-04 -7.85522376e-08 1.99436417e-04
0.02922365       5.86262954e-03 -1.46370097e-06 8.17915678e-03 6.47067286e-03 -1.38578526e-06 7.98311813e-03 -6.08043314e-04 -7.79157115e-08 1.96038650e-04
0.03030075       -4.81059978e-03 -2.22868333e-06 -1.05874779e-03 -4.20633165e-03 -2.15160283e-06 -1.25503986e-03 -6.04268125e-04 -7.70804985e-08 1.96292061e-04
0.03138197       2.35086981e-04 -2.93100315e-06 4.03723604e-03 8.32921385e-04 -2.85470631e-06 3.83846913e-03 -5.97834404e-04 -7.62968460e-08 1.98766904e-04
0.03247582       1.73058646e-02 -3.19277138e-06 2.07015566e-02 1.78871736e-02 -3.11779024e-06 2.04966007e-02 -5.81309019e-04 -7.49811347e-08 2.04955896e-04
0.03360041       -4.16017808e-03 -2.91868292e-06 -1.14784743e-03 -3.58458030e-03 -2.84509277e-06 -1.34905325e-03 -5.75597781e-04 -7.35901569e-08 2.01205816e-04
0.03473415       5.22287528e-03 -3.54664374e-06 8.22340239e-03 5.78764458e-03 -3.47347561e-06 8.02116135e-03 -5.64769308e-04 -7.31681287e-08 2.02241039e-04
0.03588671       1.45614952e-02 -4.13913882e-06 1.77129865e-02 1.51119124e-02 -4.06821138e-06 1.75056111e-02 -5.50417133e-04 -7.09274469e-08 2.07375405e-04
0.03706882       -5.10658359e-03 -1.51632491e-05 -1.31809912e-03 -4.55634868e-03 -1.50871448e-05 -1.52553629e-03 -5.50234914e-04 -7.61043517e-08 2.07437167e-04
0.03825602       5.09406285e-03 4.24496776e-06 7.28521112e-03 5.63066989e-03 4.31259729e-06 7.08075711e-03 -5.36607037e-04 -6.76295343e-08 2.04454007e-04
0.03946949       6.27502150e-03 -4.15419265e-06 8.95052091e-03 6.80067361e-03 -4.08841629e-06 8.74547646e-03 -5.25652114e-04 -6.57763578e-08 2.05044453e-04
0.04070492       5.74059601e-03 -4.10452101e-06 9.07793525e-03 6.25983812e-03 -4.04022299e-06 8.86845635e-03 -5.19242102e-04 -6.42980238e-08 2.09478901e-04
0.04195743       6.23190933e-03 -4.75822388e-06 8.82467512e-03 6.74036410e-03 -4.69452807e-06 8.61502727e-03 -5.08454766e-04 -6.36958083e-08 2.09647848e-04
0.04323358       2.40310239e-03 -3.75475065e-06 4.31272275e-03 2.90068516e-03 -3.69202447e-06 4.10752117e-03 -4.97582768e-04 -6.27261793e-08 2.05201575e-04
0.04453438       4.58815587e-03 -4.71495987e-06 7.46502478e-03 5.07890937e-03 -4.65284814e-06 7.25712480e-03 -4.90753497e-04 -6.21117286e-08 2.07899977e-04
0.04585441       8.98671269e-03 -4.87965313e-06 1.15399167e-02 9.46645361e-03 -4.81946753e-06 1.13293239e-02 -4.79740918e-04 -6.01855928e-08 2.10592847e-04
0.0472011        8.93272065e-03 -4.44605869e-06 1.09812047e-02 9.39944503e-03 -4.38914773e-06 1.07708437e-02 -4.66724378e-04 -5.69109606e-08 2.10361044e-04
0.04857571       1.75784510e-03 -7.75295878e-06 4.30563535e-03 2.21935612e-03 -7.69732761e-06 4.09557798e-03 -4.61511023e-04 -5.56311736e-08 2.10057374e-04
0.04997213       2.81696469e-03 2.82867221e-06 5.21009497e-03 3.27179368e-03 2.87266348e-06 5.00007563e-03 -4.54828992e-04 -4.39912727e-08 2.10019342e-04
0.05138357       7.18727578e-03 -6.63197903e-06 9.20305999e-03 7.63115162e-03 -6.59126961e-06 8.99289299e-03 -4.43875841e-04 -4.07094267e-08 2.10167003e-04
0.05282621       7.73360554e-03 -3.76790613e-06 9.57344233e-03 8.16639751e-03 -3.73417098e-06 9.36324753e-03 -4.32791971e-04 -3.37351460e-08 2.10194803e-04
0.05430162       7.39378201e-03 -4.20059451e-06 9.28049299e-03 7.81561705e-03 -4.17501231e-06 9.07046300e-03 -4.21835035e-04 -2.55821992e-08 2.10029995e-04
0.05581156       3.56834277e-03 -5.97181337e-06 5.58913097e-03 3.98364359e-03 -5.95254069e-06 5.37955527e-03 -4.15300825e-04 -1.92726807e-08 2.09575700e-04
0.05734861       1.01834314e-02 -5.29075672e-06 1.17442461e-02 1.05842001e-02 -5.27811214e-06 1.15347391e-02 -4.00768716e-04 -1.26445822e-08 2.09506997e-04
0.0589334        1.63189553e-03 -5.05388513e-07 3.80926508e-03 2.02851559e-03 -5.01252715e-07 3.60051181e-03 -3.96620063e-04 -4.13579844e-09 2.08753268e-04
0.06053826       8.65703928e-03 -5.01960970e-05 9.99562192e-03 9.04063637e-03 -5.01498889e-05 9.78749169e-03 -3.83597092e-04 -4.62081526e-08 2.08130222e-04
0.06218506       9.37989471e-03 2.69228142e-05 1.12554404e-02 9.75428305e-03 2.69312766e-05 1.10434405e-02 -3.74388348e-04 -8.46242924e-09 2.11999827e-04
0.06387638       4.89690659e-04 -2.44878058e-06 2.17846272e-03 8.58789669e-04 -2.44852555e-06 1.97101710e-03 -3.69099010e-04 -2.55027034e-10 2.07445626e-04
0.06559103       1.10010909e-02 -6.17849643e-06 1.18625662e-02 1.13537579e-02 -6.18441168e-06 1.16561005e-02 -3.52667029e-04 5.91525067e-09 2.06465736e-04
0.06736735       7.91300541e-03 -6.03524303e-06 9.71017099e-03 8.25826710e-03 -6.04788227e-06 9.50021682e-03 -3.45261686e-04 1.26392453e-08 2.09954164e-04
0.0691967        5.08351008e-03 -3.22408680e-06 6.17666858e-03 5.41805803e-03 -3.24550590e-06 5.97137063e-03 -3.34547952e-04 2.14190949e-08 2.05297947e-04
0.07106826       7.06186640e-03 -1.12513892e-05 8.46669231e-03 7.38777746e-03 -1.12704010e-05 8.26016614e-03 -3.25911062e-04 1.90117786e-08 2.06526163e-04
0.07298439       5.89406009e-03 1.82401394e-06 7.12112204e-03 6.21078484e-03 1.79205618e-06 6.91594695e-03 -3.16724755e-04 3.19577571e-08 2.05175091e-04
0.07496386       9.36484226e-03 -4.90205039e-06 1.00420509e-02 9.66621186e-03 -4.93424018e-06 9.83968122e-03 -3.01369605e-04 3.21897863e-08 2.02369635e-04
0.07702939       4.82720700e-03 -3.74876434e-06 6.25831466e-03 5.12351574e-03 -3.78468497e-06 6.05478345e-03 -2.96308741e-04 3.59206341e-08 2.03531214e-04
0.0791318        8.62911679e-03 -5.33948383e-06 9.07781377e-03 8.91012999e-03 -5.37737929e-06 8.87740883e-03 -2.81013196e-04 3.78954577e-08 2.00404941e-04
0.08131282       8.18071122e-03 -5.60874906e-06 9.03550710e-03 8.45128324e-03 -5.64848844e-06 8.83408023e-03 -2.70572022e-04 3.97393753e-08 2.01426865e-04
0.08349383       3.68919829e-03 -5.26883550e-06 4.41008352e-03 3.95118093e-03 -5.30717683e-06 4.21445968e-03 -2.61982647e-04 3.83413309e-08 1.95623838e-04
0.08567484       9.30353288e-03 -5.95013466e-06 9.92892875e-03 9.55485564e-03 -5.98759641e-06 9.73130581e-03 -2.51322762e-04 3.74617572e-08 1.97622941e-04
0.08785585       7.77332600e-03 -8.75214898e-06 8.18128891e-03 8.01367442e-03 -8.78763280e-06 7.98605138e-03 -2.40348422e-04 3.54838273e-08 1.95237526e-04
0.09003686       6.35780103e-03 -8.39730398e-06 6.84042782e-03 6.58960931e-03 -8.43141024e-06 6.64767125e-03 -2.31808280e-04 3.41062665e-08 1.92756570e-04
0.09221787       9.76883317e-03 -4.71356369e-06 9.71162993e-03 9.98726467e-03 -4.74974182e-06 9.52112597e-03 -2.18431496e-04 3.61781325e-08 1.90503952e-04
0.09439888       6.76865881e-03 -4.80519135e-06 7.14905727e-03 6.97879842e-03 -4.84641330e-06 6.96118351e-03 -2.10139613e-04 4.12219507e-08 1.87873763e-04
0.09657989       7.89431831e-03 -7.71431078e-06 8.03493590e-03 8.09466408e-03 -7.76025103e-06 7.84964280e-03 -2.00345768e-04 4.59402482e-08 1.85293096e-04
0.0987609        8.08874743e-03 -9.21425262e-06 8.11726522e-03 8.27891383e-03 -9.25927411e-06 7.93471885e-03 -1.90166393e-04 4.50214910e-08 1.82546369e-04
0.1009419        7.65361960e-03 -9.37671198e-06 7.69179925e-03 7.83503304e-03 -9.41838708e-06 7.51205678e-03 -1.81413438e-04 4.16750958e-08 1.79742473e-04
0.1031229        7.43328957e-03 -3.04237794e-06 7.42219927e-03 7.60604373e-03 -3.09139946e-06 7.24547575e-03 -1.72754158e-04 4.90215154e-08 1.76723527e-04
0.1053039        9.66153388e-03 -5.66740759e-06 9.22835209e-03 9.82353082e-03 -5.71650207e-06 9.05342483e-03 -1.61996931e-04 4.90944839e-08 1.74927260e-04
0.1075082        6.01152757e-03 -5.65907306e-06 6.03779170e-03 6.16792092e-03 -5.70749558e-06 5.86559888e-03 -1.56393348e-04 4.84225249e-08 1.72192823e-04
0.1097608        8.32418863e-03 -7.48737215e-06 7.67854256e-03 8.46917150e-03 -7.52968143e-06 7.51124555e-03 -1.44982864e-04 4.23092827e-08 1.67297009e-04
0.1120135        1.01349310e-02 -5.33246995e-06 9.19894965e-03 1.02688986e-02 -5.37339846e-06 9.03348189e-03 -1.33967569e-04 4.09285170e-08 1.65467758e-04
0.1142661        6.34561558e-03 -4.96937150e-06 6.03610676e-03 6.47381564e-03 -5.01040744e-06 5.87373002e-03 -1.28200065e-04 4.10359356e-08 1.62376740e-04
0.1165188        8.19413851e-03 -6.38126602e-06 7.26369383e-03 8.31174275e-03 -6.41993262e-06 7.10688338e-03 -1.17604237e-04 3.86666079e-08 1.56810456e-04
0.1187714        8.30534002e-03 -5.58007482e-06 7.40273792e-03 8.41338233e-03 -5.61569599e-06 7.25029907e-03 -1.08042304e-04 3.56211647e-08 1.52438852e-04
0.1210241        9.84286450e-03 -1.06158406e-05 8.95525445e-03 9.94255620e-03 -1.06395713e-05 8.80344877e-03 -9.96916948e-05 2.37306860e-08 1.51805677e-04
0.1232768        6.37917862e-03 3.77332228e-06 5.86377367e-03 6.47324944e-03 3.73902354e-06 5.71627085e-03 -9.40708238e-05 3.42987395e-08 1.47502812e-04
0.1255566        9.14683754e-03 3.47015055e-07 7.62242367e-03 9.22836542e-03 3.08898325e-07 7.48273945e-03 -8.15278817e-05 3.81167309e-08 1.39684213e-04
0.1278364        7.73766911e-03 5.08731464e-07 6.97419315e-03 7.81449012e-03 4.68580048e-07 6.83528824e-03 -7.68210112e-05 4.01514163e-08 1.38904907e-04
0.1301161        8.10589421e-03 -1.88012150e-06 6.88778985e-03 8.17423643e-03 -1.91681135e-06 6.75380093e-03 -6.83422265e-05 3.66898514e-08 1.33988927e-04
0.1324248        9.84818931e-03 -3.70105156e-06 8.05835475e-03 9.90604874e-03 -3.73211902e-06 7.92912191e-03 -5.78594326e-05 3.10674587e-08 1.29232844e-04
0.1347335        5.97449922e-03 -2.44735791e-06 4.96634819e-03 6.02762514e-03 -2.47455569e-06 4.84247933e-03 -5.31259148e-05 2.71977750e-08 1.23868852e-04
0.1370125        9.53003109e-03 -4.37924844e-06 7.78129390e-03 9.57498612e-03 -4.39996779e-06 7.66001724e-03 -4.49550270e-05 2.07193519e-08 1.21276667e-04
0.1393216        7.82017665e-03 -4.41859695e-06 6.04773741e-03 7.85683810e-03 -4.43361614e-06 5.93346336e-03 -3.66614500e-05 1.50191881e-08 1.14274051e-04
0.1416306        9.53898047e-03 -4.83559742e-06 7.46258463e-03 9.56751317e-03 -4.84439525e-06 7.35228589e-03 -2.85326974e-05 8.79782891e-09 1.10298745e-04
0.1439397        6.84904819e-03 -7.08578088e-06 5.18182916e-03 6.87182961e-03 -7.08650225e-06 5.07816349e-03 -2.27814221e-05 7.21363374e-10 1.03665673e-04
0.1462487        8.40450971e-03 -2.99327201e-06 6.33159234e-03 8.42094929e-03 -2.99190333e-06 6.23207974e-03 -1.64395790e-05 -1.36867629e-09 9.95125994e-05
0.1485577        1.03899477e-02 -2.36466182e-06 7.66849017e-03 1.03971977e-02 -2.36294068e-06 7.57401607e-03 -7.25003789e-06 -1.72113744e-09 9.44740972e-05
0.1508668        9.23373910e-03 -2.09590274e-06 6.69057610e-03 9.23456074e-03 -2.09287070e-06 6.60087825e-03 -8.21639165e-07 -3.03204440e-09 8.96978496e-05
0.1531758        7.34050082e-03 -2.01981879e-06 5.06328337e-03 7.33634744e-03 -2.01422387e-06 4.97989555e-03 4.15337637e-06 -5.59491927e-09 8.33878260e-05
0.1554849        8.53404458e-03 -5.18441015e-06 5.78999493e-03 8.52331432e-03 -5.17214928e-06 5.71281762e-03 1.07302645e-05 -1.22608651e-08 7.71773178e-05
0.1577939        7.51132392e-03 6.22553734e-06 5.02789325e-03 7.49574836e-03 6.22901489e-06 4.95697241e-03 1.55755583e-05 -3.47755423e-09 7.09208391e-05
0.160103         1.08351966e-02 -1.09557818e-06 7.38697356e-03 1.08112223e-02 -1.09090429e-06 7.32070302e-03 2.39742634e-05 -4.67388742e-09 6.62705413e-05
0.162412         7.99318684e-03 -1.48345456e-06 5.20335031e-03 7.96461148e-03 -1.47659184e-06 5.14336864e-03 2.85753569e-05 -6.86272907e-09 5.99816649e-05
0.1647571        1.00778989e-02 -1.46203561e-06 6.65517046e-03 1.00432077e-02 -1.45384021e-06 6.59869744e-03 3.46912425e-05 -8.19539635e-09 5.64730120e-05
0.1671023        6.13993111e-03 -2.98644518e-06 3.28365692e-03 6.10077719e-03 -2.97447105e-06 3.23751790e-03 3.91539169e-05 -1.19741261e-08 4.61390268e-05
0.1694474        1.09499086e-02 -2.36174904e-06 7.04041815e-03 1.09039502e-02 -2.34785888e-06 6.99784468e-03 4.59583841e-05 -1.38901637e-08 4.25734684e-05
0.1717925        9.80544117e-03 -2.41803444e-06 5.99735944e-03 9.75512260e-03 -2.40153032e-06 5.95842596e-03 5.03185688e-05 -1.65041146e-08 3.89334760e-05
0.1740992        4.53353032e-03 -1.26178402e-06 2.08015000e-03 4.48123228e-03 -1.24353620e-06 2.05170358e-03 5.22980452e-05 -1.82478245e-08 2.84464263e-05
0.1763681        1.31281069e-02 -5.39300971e-07 8.03065163e-03 1.30671528e-02 -5.21347767e-07 8.00546139e-03 6.09541081e-05 -1.79532039e-08 2.51902424e-05
0.1785637        6.57787559e-03 -1.04331363e-07 3.13866395e-03 6.51394253e-03 -8.63120027e-08 3.12280231e-03 6.39330562e-05 -1.80193604e-08 1.58616377e-05
0.180724         8.58953045e-03 -1.57485722e-06 4.84467285e-03 8.52365985e-03 -1.55494762e-06 4.83159034e-03 6.58706053e-05 -1.99095942e-08 1.30825101e-05
0.1828494        1.08159700e-02 -5.01254581e-08 5.82389010e-03 1.07433706e-02 -3.00823990e-08 5.81770048e-03 7.25993673e-05 -2.00430591e-08 6.18962031e-06
0.1849406        9.69036925e-03 6.76494974e-06 5.33082212e-03 9.61516306e-03 6.77699107e-06 5.32789250e-03 7.52061867e-05 -1.20413314e-08 2.92961786e-06
0.186998         6.73032279e-03 4.16369459e-06 3.06776349e-03 6.65319874e-03 4.17221784e-06 3.07272952e-03 7.71240487e-05 -8.52324579e-09 -4.96602641e-06
0.1890222        1.03545673e-02 3.20732564e-06 5.04850662e-03 1.02711343e-02 3.21404826e-06 5.06144056e-03 8.34329804e-05 -6.72262299e-09 -1.29339409e-05
0.1910138        7.49917307e-03 -1.63149418e-06 3.67624379e-03 7.41607545e-03 -1.62014245e-06 3.69223445e-03 8.30976163e-05 -1.13517295e-08 -1.59906643e-05
0.1930054        1.16999774e-02 7.68297477e-07 6.07026311e-03 1.16114348e-02 7.81393238e-07 6.09051550e-03 8.85425911e-05 -1.30957613e-08 -2.02523933e-05
0.1949643        8.97449569e-03 -1.30344431e-06 4.17319029e-03 8.88231817e-03 -1.28603861e-06 4.20052053e-03 9.21775180e-05 -1.74056948e-08 -2.73302389e-05
0.1969232        7.14791833e-03 -5.61135008e-06 3.05812449e-03 7.05562922e-03 -5.58412658e-06 3.08979534e-03 9.22891082e-05 -2.72234995e-08 -3.16708513e-05
0.1988821        8.49237994e-03 9.28859321e-06 3.65189455e-03 8.39737150e-03 9.30657300e-06 3.68967073e-03 9.50084355e-05 -1.79797898e-08 -3.77761854e-05
0.2008411        9.37952064e-03 -1.35715430e-06 4.02906752e-03 9.28060782e-03 -1.33398071e-06 4.07355675e-03 9.89128172e-05 -2.31735892e-08 -4.44892326e-05
0.2027662        4.59658570e-03 -1.63173404e-06 1.12526030e-03 4.49829026e-03 -1.60314013e-06 1.17700283e-03 9.82954490e-05 -2.85939146e-08 -5.17425306e-05
0.2046914        1.36900141e-02 -1.22368380e-07 6.93040869e-03 1.35857640e-02 -9.07084909e-08 6.98399489e-03 1.04250078e-04 -3.16598888e-08 -5.35861998e-05
0.2066165        6.29113179e-03 2.54601410e-06 2.26618897e-03 6.18697306e-03 2.57800315e-06 2.32615987e-03 1.04158731e-04 -3.19890509e-08 -5.99709048e-05
0.2085417        1.22645584e-02 4.03940880e-06 5.53878390e-03 1.21545241e-02 4.06968639e-06 5.60357610e-03 1.10034279e-04 -3.02775965e-08 -6.47921969e-05
0.2104668        1.68988427e-03 -2.00800259e-06 -5.47463361e-04 1.58410942e-03 -1.97196897e-06 -4.75496844e-04 1.05774848e-04 -3.60336198e-08 -7.19665179e-05
0.212392         1.22597236e-02 2.86659559e-06 5.45655403e-03 1.21476648e-02 2.90166701e-06 5.53337889e-03 1.12058747e-04 -3.50714139e-08 -7.68248635e-05
0.2143171        7.62275193e-03 -1.61540447e-06 2.99316597e-03 7.51172559e-03 -1.57554890e-06 3.07194833e-03 1.11026333e-04 -3.98555636e-08 -7.87823577e-05
0.2162808        6.98021685e-03 2.72261746e-06 1.91216470e-03 6.86584881e-03 2.76128023e-06 2.00126195e-03 1.14368036e-04 -3.86627675e-08 -8.90972492e-05
0.2182445        1.12664885e-02 7.64881750e-07 4.47684732e-03 1.11482796e-02 8.04503004e-07 4.56948757e-03 1.18208906e-04 -3.96212539e-08 -9.26402461e-05
0.220168         4.01086405e-03 1.04436224e-05 3.56764078e-04 3.89408238e-03 1.04725597e-05 4.57432594e-04 1.16781670e-04 -2.89372400e-08 -1.00668516e-04
0.2221326        1.50706290e-02 -6.76675284e-06 6.79231845e-03 1.49465236e-02 -6.72861510e-06 6.89517318e-03 1.24105407e-04 -3.81377416e-08 -1.02854732e-04
0.2240971        2.50273674e-03 -1.77941095e-06 -3.18503099e-04 2.38211582e-03 -1.73801852e-06 -2.08007533e-04 1.20620918e-04 -4.13924293e-08 -1.10495566e-04
0.2260616        5.52537462e-03 2.10207634e-06 1.17492384e-03 5.40426577e-03 2.14210599e-06 1.29318902e-03 1.21108852e-04 -4.00296508e-08 -1.18265176e-04
0.2280261        1.03718005e-02 -3.28900206e-06 3.90780007e-03 1.02473820e-02 -3.24473260e-06 4.02934084e-03 1.24418487e-04 -4.42694619e-08 -1.21540767e-04
0.2299906        8.31423081e-03 1.14694468e-06 2.62081484e-03 8.18731063e-03 1.19146096e-06 2.74859288e-03 1.26920178e-04 -4.45162772e-08 -1.27778047e-04
0.2319551        6.75979347e-03 2.51575541e-05 2.06313778e-03 6.63390234e-03 2.51716660e-05 2.19425042e-03 1.25891136e-04 -1.41119642e-08 -1.31112642e-04
0.2339687        8.77283717e-03 -1.81204483e-05 2.35973103e-03 8.64325363e-03 -1.80823628e-05 2.49939959e-03 1.29583537e-04 -3.80854841e-08 -1.39668553e-04
0.2359823        1.03741108e-02 -4.74523000e-06 3.51714239e-03 1.02415531e-02 -4.70153446e-06 3.66064661e-03 1.32557754e-04 -4.36955437e-08 -1.43504219e-04
0.237996         3.56236775e-03 9.82567506e-07 -5.06599534e-05 3.43208636e-03 1.02393709e-06 1.00758804e-04 1.30281384e-04 -4.13695849e-08 -1.51418757e-04
0.2400096        4.75609438e-03 -3.94642311e-06 8.30637410e-04 4.62689935e-03 -3.90101378e-06 9.87682710e-04 1.29195031e-04 -4.54093236e-08 -1.57045300e-04
0.2420232        9.98651720e-03 -1.55989481e-06 3.09165616e-03 9.85351174e-03 -1.51455074e-06 3.25416523e-03 1.33005463e-04 -4.53440696e-08 -1.62509070e-04
0.2440368        1.07954969e-02 1.04724149e-05 3.56901569e-03 1.06593256e-02 1.05033775e-05 3.73534103e-03 1.36171327e-04 -3.09626804e-08 -1.66325341e-04
0.2460505        9.04313005e-04 -9.59705941e-07 -1.25744383e-03 7.72338851e-04 -9.27074750e-07 -1.08258927e-03 1.31974154e-04 -3.26311906e-08 -1.74854556e-04
0.2480641        1.00635777e-02 -2.59831385e-06 2.92869814e-03 9.92762082e-03 -2.56251626e-06 3.10890241e-03 1.35956836e-04 -3.57975943e-08 -1.80204270e-04
0.2500777        4.74533127e-03 -3.74378371e-06 6.51091291e-04 4.61264909e-03 -3.70234602e-06 8.33985040e-04 1.32682183e-04 -4.14376942e-08 -1.82893748e-04
0.2521584        9.43132616e-03 1.40639330e-06 1.98695841e-03 9.29316689e-03 1.44715013e-06 2.18050181e-03 1.38159267e-04 -4.07568289e-08 -1.93543407e-04
0.2541698        3.57200509e-03 -9.14280441e-06 2.48268478e-05 3.43752234e-03 -9.08857923e-06 2.22652974e-04 1.34482749e-04 -5.42251816e-08 -1.97826126e-04
0.2562531        8.85373510e-03 8.47847257e-06 2.31931215e-03 8.71780125e-03 8.52378474e-06 2.52065860e-03 1.35933849e-04 -4.53121748e-08 -2.01346455e-04
0.2583363        6.54759286e-03 2.46693094e-06 9.99859440e-04 6.40966025e-03 2.51182593e-06 1.21087878e-03 1.37932610e-04 -4.48949908e-08 -2.11019343e-04
0.2604195        6.47339769e-03 -2.66882658e-06 1.19902565e-03 6.33649345e-03 -2.61642821e-06 1.41399160e-03 1.36904241e-04 -5.23983707e-08 -2.14965960e-04
0.2625027        6.30709114e-03 -2.95150221e-06 1.04171271e-03 6.17124333e-03 -2.89084807e-06 1.26076520e-03 1.35847812e-04 -6.06541366e-08 -2.19052495e-04
0.2645859        5.95687561e-03 4.04961161e-07 5.06889103e-04 5.81976477e-03 4.69602095e-07 7.35994203e-04 1.37110844e-04 -6.46409338e-08 -2.29105100e-04
0.2666692        4.55047413e-03 1.09655929e-05 2.82825940e-04 4.41689420e-03 1.10202315e-05 5.13417121e-04 1.33579928e-04 -5.46386717e-08 -2.30591181e-04
0.2687524        5.41991097e-03 -3.21169988e-06 1.37094710e-04 5.28541296e-03 -3.14849066e-06 3.77667924e-04 1.34498008e-04 -6.32092163e-08 -2.40573214e-04
0.2708356        9.14707862e-03 -1.27389936e-06 1.96539759e-03 9.01074391e-03 -1.20439785e-06 2.20951869e-03 1.36334710e-04 -6.95015109e-08 -2.44121105e-04
0.2729188        5.53049219e-03 7.53603017e-08 4.15271387e-04 5.39533530e-03 1.49712041e-07 6.65227515e-04 1.35156883e-04 -7.43517396e-08 -2.49956128e-04
0.275002         5.52035744e-03 2.38433289e-06 5.06323985e-04 5.38629549e-03 2.46084995e-06 7.61868862e-04 1.34061958e-04 -7.65170589e-08 -2.55544878e-04
0.2770853        4.02668401e-03 2.18908879e-06 -1.67808481e-04 3.89570806e-03 2.26875188e-06 9.18627693e-05 1.30975956e-04 -7.96630908e-08 -2.59671250e-04
0.2791685        7.19778735e-03 3.23534536e-07 7.04464857e-04 7.06443804e-03 4.08793522e-07 9.73909943e-04 1.33349303e-04 -8.52589859e-08 -2.69445086e-04
0.2812517        6.92851932e-03 -4.52325323e-07 8.24864624e-04 6.79613184e-03 -3.60398191e-07 1.09621717e-03 1.32387477e-04 -9.19271323e-08 -2.71352547e-04
0.2833349        2.31309471e-03 8.19553733e-07 -9.61917643e-04 2.18449316e-03 9.16760295e-07 -6.83529175e-04 1.28601550e-04 -9.72065621e-08 -2.78388468e-04
0.2854181        6.53106501e-03 -2.31933503e-07 5.45305913e-04 6.40198266e-03 -1.27699848e-07 8.29563802e-04 1.29082351e-04 -1.04233655e-07 -2.84257889e-04
0.2875014        2.20212220e-03 3.43709931e-07 -1.00965194e-03 2.07716674e-03 4.53784883e-07 -7.19287625e-04 1.24955463e-04 -1.10074952e-07 -2.90364311e-04
0.2895846        9.87730459e-03 3.64995863e-06 1.70852915e-03 9.75004345e-03 3.76185197e-06 2.00199503e-03 1.27261136e-04 -1.11893334e-07 -2.93465872e-04
0.2916678        2.08720870e-03 3.63287212e-06 -1.00909025e-03 1.96374023e-03 3.74693317e-06 -7.09490405e-04 1.23468474e-04 -1.14061042e-07 -2.99599844e-04
0.293751         7.25076984e-03 -1.41989857e-06 5.50115178e-04 7.12620052e-03 -1.29750328e-06 8.55762376e-04 1.24569323e-04 -1.22395287e-07 -3.05647198e-04
0.2958342        2.44663981e-04 2.13868024e-06 -1.55949720e-03 1.26696021e-04 2.26513801e-06 -1.25018006e-03 1.17967960e-04 -1.26457778e-07 -3.09317140e-04
0.2979175        9.76021912e-03 1.76264398e-06 1.11001998e-03 9.63888422e-03 1.89210622e-06 1.42560350e-03 1.21334901e-04 -1.29462242e-07 -3.15583526e-04
0.3000007        -4.02546794e-04 4.12777214e-06 -1.96160015e-03 -5.17448804e-04 4.25836621e-06 -1.63946585e-03 1.14902010e-04 -1.30594070e-07 -3.22134296e-04
0.3020839        1.02677326e-02 2.23558867e-07 1.47279407e-03 1.01497199e-02 3.60117415e-07 1.79807632e-03 1.18012674e-04 -1.36558548e-07 -3.25282257e-04
0.3041671        -1.34275068e-03 1.75991111e-06 -2.27020212e-03 -1.45393276e-03 1.90159959e-06 -1.93794388e-03 1.11182081e-04 -1.41688474e-07 -3.32258235e-04
0.3062503        1.05913063e-02 -2.07734955e-06 1.56234010e-03 1.04771779e-02 -1.92623571e-06 1.89664553e-03 1.14128438e-04 -1.51113839e-07 -3.34305432e-04
0.3083336        -3.86626657e-03 3.51606468e-06 -2.90699948e-03 -3.97138035e-03 3.67046379e-06 -2.56503746e-03 1.05113777e-04 -1.54399111e-07 -3.41962024e-04
0.3104168        9.37135801e-03 5.12372832e-06 9.33903959e-04 9.26345623e-03 5.27832410e-06 1.27958686e-03 1.07901780e-04 -1.54595783e-07 -3.45682904e-04
0.3125           4.89970496e-03 1.87414495e-06 -4.77309563e-04 4.79419118e-03 2.03394253e-06 -1.27366478e-04 1.05513781e-04 -1.59797578e-07 -3.49943085e-04
0.3145161        -2.72858323e-04 1.84405627e-06 -1.70460487e-03 -3.72477302e-04 2.00963438e-06 -1.35083863e-03 9.96189793e-05 -1.65578117e-07 -3.53766236e-04
0.3165193        2.87959290e-03 1.51158882e-06 -1.04194875e-03 2.78226572e-03 1.68220156e-06 -6.81904104e-04 9.73271738e-05 -1.70612741e-07 -3.60044650e-04
0.3185094        4.52174492e-03 -1.00297789e-06 -5.19804452e-04 4.42627954e-03 -8.24969461e-07 -1.56582543e-04 9.54653873e-05 -1.78008432e-07 -3.63221908e-04
0.3204996        7.24475596e-03 1.37081283e-06 1.90907766e-04 7.14938016e-03 1.55213357e-06 5.56760559e-04 9.53757937e-05 -1.81320739e-07 -3.65852793e-04
0.3224642        -1.65801506e-03 5.78038437e-06 -2.34133501e-03 -1.74745052e-03 5.95887772e-06 -1.96829548e-03 8.94354534e-05 -1.78493359e-07 -3.73039536e-04
0.3244287        5.19053063e-03 -5.05320821e-06 -4.42130930e-04 5.10266187e-03 -4.86493891e-06 -6.65222972e-05 8.78687668e-05 -1.88269300e-07 -3.75608633e-04
0.3263932        1.40500566e-03 5.86540768e-06 -1.53969458e-03 1.32022933e-03 6.04945486e-06 -1.15730407e-03 8.47763356e-05 -1.84047175e-07 -3.82390514e-04
0.3283449        7.45096737e-03 -3.48607327e-06 3.05422368e-04 7.36646953e-03 -3.29523711e-06 6.87328693e-04 8.44978380e-05 -1.90836169e-07 -3.81906325e-04
0.3302966        -6.08740959e-03 -1.87276059e-06 -3.25158959e-03 -6.16234542e-03 -1.67703669e-06 -2.86272602e-03 7.49358324e-05 -1.95723904e-07 -3.88863569e-04
0.3322354        7.35424405e-03 -6.00437218e-06 -2.47821661e-06 7.27731168e-03 -5.79941128e-06 3.89019959e-04 7.69323736e-05 -2.04960895e-07 -3.91498176e-04
0.3341742        3.84867152e-03 -4.41240185e-06 -1.05682540e-03 3.77456279e-03 -4.19878103e-06 -6.62097067e-04 7.41087204e-05 -2.13620811e-07 -3.94728335e-04
0.3361131        -6.45026325e-04 1.27634398e-06 -1.89133307e-03 -7.13106711e-04 1.49048952e-06 -1.49388699e-03 6.80803860e-05 -2.14145544e-07 -3.97446076e-04
0.338039         1.20810058e-03 1.01027449e-06 -1.55863715e-03 1.14371146e-03 1.22540858e-06 -1.15586699e-03 6.43891164e-05 -2.15134096e-07 -4.02770159e-04
0.3399649        6.73055056e-03 4.64525137e-06 -4.19294272e-04 6.66488966e-03 4.85663159e-06 -1.13058250e-05 6.56608972e-05 -2.11380217e-07 -4.07988447e-04
0.3418779        -2.11058121e-03 -3.79400999e-06 -1.93963807e-03 -2.16891607e-03 -3.57622617e-06 -1.53050809e-03 5.83348568e-05 -2.17783821e-07 -4.09129986e-04
0.3437909        3.01002787e-03 4.30799991e-07 -8.80440176e-04 2.95399393e-03 6.48738300e-07 -4.71474957e-04 5.60339451e-05 -2.17938310e-07 -4.08965220e-04
0.3457039        -1.06874182e-03 1.65342567e-06 -2.28107056e-03 -1.11991352e-03 1.86970349e-06 -1.86470608e-03 5.11716949e-05 -2.16277820e-07 -4.16364479e-04
0.3476038        4.45868993e-03 2.10301030e-06 -7.01560661e-04 4.40857514e-03 2.31616594e-06 -2.83783005e-04 5.01147916e-05 -2.13155641e-07 -4.17777656e-04
0.3495038        1.97920145e-03 -2.91205372e-06 -1.42541957e-03 1.93195537e-03 -2.69601172e-06 -1.00318558e-03 4.72460756e-05 -2.16042003e-07 -4.22233987e-04
0.3513908        -3.92963250e-03 -5.47945340e-06 -2.60649144e-03 -3.96899745e-03 -5.25798158e-06 -2.18210187e-03 3.93649506e-05 -2.21471827e-07 -4.24389568e-04
0.3532777        7.57112602e-03 -2.55402999e-06 -4.69662649e-04 7.52972293e-03 -2.33195423e-06 -4.20508026e-05 4.14030930e-05 -2.22075752e-07 -4.27611846e-04
0.3551647        -5.64716972e-03 -2.88794636e-06 -2.31517858e-03 -5.67898153e-03 -2.66394348e-06 -1.88824660e-03 3.18118144e-05 -2.24002880e-07 -4.26931979e-04
0.3570385        2.90174678e-03 3.34839956e-06 -1.46375135e-03 2.87113155e-03 3.56635074e-06 -1.03262164e-03 3.06152293e-05 -2.17951178e-07 -4.31129711e-04
0.3589124        5.18655489e-04 -1.19989061e-05 -1.72296740e-03 4.91316396e-04 -1.17675137e-05 -1.28804689e-03 2.73390927e-05 -2.31392474e-07 -4.34920507e-04
0.3607863        -9.98950379e-04 7.98430081e-07 -1.97061252e-03 -1.02170237e-03 1.02724385e-06 -1.53185258e-03 2.27519904e-05 -2.28813770e-07 -4.38759942e-04
0.3626469        4.31214368e-03 -4.36358351e-06 -9.05426356e-04 4.29051115e-03 -4.13066988e-06 -4.67439581e-04 2.16325365e-05 -2.32913626e-07 -4.37986776e-04
0.3645076        -8.45622946e-03 -4.59679850e-06 -2.80672685e-03 -8.46790329e-03 -4.36008283e-06 -2.36531049e-03 1.16738322e-05 -2.36715668e-07 -4.41416362e-04
0.3663682        6.17849501e-03 -3.73389522e-06 -9.19413372e-04 6.16558563e-03 -3.49377460e-06 -4.76129438e-04 1.29093719e-05 -2.40120622e-07 -4.43283934e-04
0.3682289        -5.09104348e-03 -2.31584381e-06 -2.45641714e-03 -5.09608665e-03 -2.07382230e-06 -2.01228136e-03 5.04317601e-06 -2.42021502e-07 -4.44135785e-04
0.3700896        4.77197560e-03 1.58561867e-06 -1.32476779e-03 4.76653239e-03 1.82368836e-06 -8.76570941e-04 5.44321050e-06 -2.38069694e-07 -4.48196847e-04
0.3719367        -1.50401249e-03 -1.34330711e-07 -1.74096639e-03 -1.50412010e-03 1.02673369e-07 -1.29340657e-03 1.07614857e-07 -2.37004081e-07 -4.47559817e-04
0.3737839        -6.12571971e-03 -2.35809258e-06 -2.65316713e-03 -6.11840105e-03 -2.12084246e-06 -2.20220367e-03 -7.31866067e-06 -2.37250122e-07 -4.50963462e-04
0.3756176        -1.87062479e-04 -2.35715599e-06 -1.77260718e-03 -1.76986720e-04 -2.11936554e-06 -1.31938259e-03 -1.00757595e-05 -2.37790448e-07 -4.53224586e-04
0.3774379        1.66237392e-03 -2.98030158e-06 -1.46560483e-03 1.67437443e-03 -2.74145598e-06 -1.01224599e-03 -1.20005033e-05 -2.38845601e-07 -4.53358841e-04
0.3792717        -4.83060920e-03 -2.17947959e-06 -1.96669272e-03 -4.81175218e-03 -1.94159552e-06 -1.51305634e-03 -1.88570238e-05 -2.37884076e-07 -4.53636377e-04
0.3811055        -2.51237948e-03 -2.41951071e-06 -1.95313828e-03 -2.48901520e-03 -2.18266496e-06 -1.49751103e-03 -2.33642778e-05 -2.36845749e-07 -4.55627255e-04
0.3829393        6.90516257e-04 1.15679235e-06 -1.59063109e-03 7.15781412e-04 1.38898947e-06 -1.13181176e-03 -2.52651548e-05 -2.32197124e-07 -4.58819339e-04
0.3847731        -5.38369782e-03 -1.50863271e-06 -2.03221631e-03 -5.35168750e-03 -1.28012319e-06 -1.57471730e-03 -3.20103198e-05 -2.28509525e-07 -4.57499007e-04
0.3866069        -6.52061028e-04 -3.32526153e-06 -1.47064749e-03 -6.17554383e-04 -3.09910070e-06 -1.01146904e-03 -3.45066451e-05 -2.26160837e-07 -4.59178453e-04
0.3884407        -2.14944744e-03 -2.93298755e-06 -1.89123291e-03 -2.11051107e-03 -2.71005932e-06 -1.43159420e-03 -3.89363711e-05 -2.22928237e-07 -4.59638716e-04
0.3902604        -3.28712307e-03 -4.91978450e-06 -1.86770478e-03 -3.24345251e-03 -4.69837819e-06 -1.40788000e-03 -4.36705611e-05 -2.21406312e-07 -4.59824780e-04
0.3920801        -1.67398484e-03 -3.86127876e-06 -1.92632665e-03 -1.62721437e-03 -3.64248809e-06 -1.46459089e-03 -4.67704622e-05 -2.18790666e-07 -4.61735760e-04
0.3938997        -5.48654489e-03 -2.80351778e-06 -1.98444693e-03 -5.43363408e-03 -2.58849552e-06 -1.52356015e-03 -5.29108095e-05 -2.15022263e-07 -4.60886776e-04
0.3957052        -7.67385684e-03 -5.31463842e-07 -2.28271468e-03 -7.61390519e-03 -3.24004513e-07 -1.81958066e-03 -5.99516549e-05 -2.07459329e-07 -4.63134028e-04
0.3975107        8.02462960e-04 -1.26137726e-06 -1.39567420e-03 8.63023665e-04 -1.06063437e-06 -9.33415249e-04 -6.05607049e-05 -2.00742885e-07 -4.62258952e-04
0.3993306        -3.90585520e-03 -2.37037652e-06 -1.88264272e-03 -3.84091027e-03 -2.17480981e-06 -1.41942049e-03 -6.49449221e-05 -1.95566705e-07 -4.63222234e-04
0.4011505        -9.78917458e-03 -1.16225617e-05 -2.35700442e-03 -9.71580571e-03 -1.14216570e-05 -1.89264128e-03 -7.33688631e-05 -2.00904717e-07 -4.64363141e-04
0.4029557        -2.68436330e-03 2.73895476e-07 -1.78608286e-03 -2.60830455e-03 4.66075668e-07 -1.32214077e-03 -7.60587521e-05 -1.92180192e-07 -4.63942094e-04
0.404761         -1.37110967e-03 -1.48047197e-07 -1.59418934e-03 -1.29281823e-03 3.68680308e-08 -1.13269528e-03 -7.82914399e-05 -1.84915228e-07 -4.61494053e-04
0.4065811        -6.76594555e-03 1.96858373e-06 -2.22244561e-03 -6.68122307e-03 2.14433319e-06 -1.75742064e-03 -8.47224818e-05 -1.75749459e-07 -4.65024966e-04
0.4083863        -3.28336293e-03 -5.16727196e-06 -1.97269668e-03 -3.19527653e-03 -4.99158668e-06 -1.50723758e-03 -8.80864010e-05 -1.75685281e-07 -4.65459102e-04
0.4101914        -6.33480407e-03 -8.73802366e-07 -1.51259778e-03 -6.24116226e-03 -7.03957232e-07 -1.05150583e-03 -9.36418099e-05 -1.69845135e-07 -4.61091947e-04
0.4119965        -6.97838429e-03 -5.13188234e-06 -2.11271647e-03 -6.87960491e-03 -4.96301726e-06 -1.64761611e-03 -9.87793793e-05 -1.68865079e-07 -4.65100358e-04
0.4137568        -4.70913089e-03 2.15617080e-06 -1.80777192e-03 -4.60679218e-03 2.31583919e-06 -1.34314564e-03 -1.02338707e-04 -1.59668394e-07 -4.64626277e-04
0.415532         -9.98444925e-03 -6.16304177e-07 -1.55284856e-03 -9.87479641e-03 -4.61943505e-07 -1.09122555e-03 -1.09652846e-04 -1.54360672e-07 -4.61623012e-04
0.4173223        -3.89303330e-03 -4.44303989e-07 -1.55053639e-03 -3.78080259e-03 -2.95446420e-07 -1.09123057e-03 -1.12230708e-04 -1.48857569e-07 -4.59305823e-04
0.4191126        -4.11197720e-03 -2.79242490e-06 -1.89500963e-03 -3.99694480e-03 -2.64603261e-06 -1.43335379e-03 -1.15032403e-04 -1.46392281e-07 -4.61655845e-04
0.420903         -1.11740526e-02 -2.07948841e-06 -1.44568262e-03 -1.10514872e-02 -1.93597953e-06 -9.85755930e-04 -1.22565316e-04 -1.43508877e-07 -4.59926693e-04
0.4227091        -6.42074482e-03 9.53665345e-08 -1.84001641e-03 -6.29380792e-03 2.33786341e-07 -1.37887203e-03 -1.26936894e-04 -1.38419806e-07 -4.61144375e-04
0.4244993        -8.35355013e-03 2.04746911e-06 -1.63755029e-03 -8.22110037e-03 2.17971144e-06 -1.17913359e-03 -1.32449764e-04 -1.32242329e-07 -4.58416695e-04
0.4262895        -4.17853650e-03 -9.86316210e-08 -1.58605113e-03 -4.04389771e-03 3.08687919e-08 -1.13049932e-03 -1.34638787e-04 -1.29500413e-07 -4.55551814e-04
0.428096         -9.94360898e-03 -9.44698484e-07 -2.06494952e-03 -9.80178327e-03 -8.16843001e-07 -1.60689339e-03 -1.41825709e-04 -1.27855483e-07 -4.58056129e-04
0.429886         -6.44566667e-03 -3.71711138e-06 -1.54782799e-03 -6.30039523e-03 -3.58756610e-06 -1.09227148e-03 -1.45271441e-04 -1.29545277e-07 -4.55556512e-04
0.431676         -6.60478295e-03 -2.87648312e-06 -1.48710585e-03 -6.45594842e-03 -2.74555344e-06 -1.03321148e-03 -1.48834529e-04 -1.30929680e-07 -4.53894372e-04
0.4334177        -1.34075855e-02 6.30118457e-08 -1.54776183e-03 -1.32511130e-02 1.92894004e-07 -1.09262935e-03 -1.56472510e-04 -1.29882159e-07 -4.55132480e-04
0.4351594        -9.83850957e-03 -6.44192266e-07 -1.35019283e-03 -9.67707664e-03 -5.13054045e-07 -8.98012302e-04 -1.61432928e-04 -1.31138221e-07 -4.52180530e-04
0.4369171        -5.84358666e-03 -1.50957166e-06 -1.24016764e-03 -5.67978495e-03 -1.37478587e-06 -7.90996800e-04 -1.63801707e-04 -1.34785792e-07 -4.49170845e-04
0.4386749        -8.55125929e-03 -3.78100330e-07 -9.41922100e-04 -8.38315320e-03 -2.39744792e-07 -4.96382000e-04 -1.68106092e-04 -1.38355538e-07 -4.45540100e-04
0.4404494        -1.61530065e-02 7.17737584e-07 -1.07595267e-03 -1.59754162e-02 8.59165643e-07 -6.29158776e-04 -1.77590321e-04 -1.41428059e-07 -4.46793899e-04
0.4422412        -2.94689073e-03 -1.57661021e-06 -1.39456381e-03 -2.77007513e-03 -1.42949833e-06 -9.50449126e-04 -1.76815602e-04 -1.47111881e-07 -4.44114685e-04
0.444033         -1.34424815e-02 -8.44970259e-07 -1.21363679e-03 -1.32579230e-02 -6.92770441e-07 -7.72066367e-04 -1.84558540e-04 -1.52199818e-07 -4.41570425e-04
0.4458247        -1.03375431e-02 -1.41593645e-06 -1.14682196e-03 -1.01483477e-02 -1.25795702e-06 -7.07189784e-04 -1.89195400e-04 -1.57979434e-07 -4.39632176e-04
0.4476165        -1.49840175e-02 3.38718937e-06 -1.06319784e-03 -1.47868561e-02 3.54471635e-06 -6.25094328e-04 -1.97161408e-04 -1.57526979e-07 -4.38103511e-04
0.4494082        -7.77324500e-03 1.19526574e-06 -1.08365389e-03 -7.57366901e-03 1.35595175e-06 -6.49191885e-04 -1.99575986e-04 -1.60686011e-07 -4.34462010e-04
0.4512184        -9.03506548e-03 3.93999536e-06 -1.32810455e-03 -8.83185553e-03 4.10149601e-06 -8.94284907e-04 -2.03209943e-04 -1.61500658e-07 -4.33819640e-04
0.4530287        -8.76017303e-03 2.63323175e-06 -1.03831749e-03 -8.55360097e-03 2.79766840e-06 -6.07862714e-04 -2.06572060e-04 -1.64436645e-07 -4.30454779e-04
0.4547484        -1.82180173e-02 2.06890147e-06 -4.77214590e-04 -1.80023379e-02 2.23756351e-06 -5.00850156e-05 -2.15679361e-04 -1.68662039e-07 -4.27129574e-04
0.4564681        -9.93059118e-03 -1.28481683e-06 -1.22679261e-03 -9.71189460e-03 -1.10765019e-06 -7.98345599e-04 -2.18696580e-04 -1.77166645e-07 -4.28447009e-04
0.4582055        -1.18289275e-02 1.72313018e-06 -5.74823253e-04 -1.16062740e-02 1.90700755e-06 -1.53640915e-04 -2.22653450e-04 -1.83877366e-07 -4.21182338e-04
0.459943         -9.73512944e-03 3.04366538e-07 -1.23966002e-03 -9.50928101e-03 4.96086682e-07 -8.17154907e-04 -2.25848432e-04 -1.91720144e-07 -4.22505114e-04
0.4616989        -1.47542521e-02 7.37585832e-07 -6.16458288e-04 -1.45220556e-02 9.37637042e-07 -1.97600565e-04 -2.32196475e-04 -2.00051211e-07 -4.18857724e-04
0.4634548        -1.66066364e-02 -1.81932866e-06 -1.42499310e-04 -1.63674882e-02 -1.60691343e-06 2.72734788e-04 -2.39148137e-04 -2.12415227e-07 -4.15234098e-04
0.46523          -1.14690118e-02 5.27266857e-06 -5.03383074e-04 -1.12266243e-02 5.48764720e-06 -9.17808013e-05 -2.42387532e-04 -2.14978625e-07 -4.11602273e-04
0.4670053        -1.27118606e-02 -1.66770050e-07 -5.14654450e-04 -1.24653083e-02 5.77749575e-08 -1.06962224e-04 -2.46552256e-04 -2.24545007e-07 -4.07692226e-04
0.4688007        -1.10199680e-02 2.27385898e-06 -1.02290449e-03 -1.07697668e-02 2.50420597e-06 -6.14015280e-04 -2.50201217e-04 -2.30346998e-07 -4.08889210e-04
0.4706169        -1.48880851e-02 1.86317457e-06 -3.66500964e-05 -1.46326989e-02 2.09970556e-06 3.63847527e-04 -2.55386199e-04 -2.36530987e-07 -4.00497624e-04
0.4723713        -1.97768393e-02 6.22597636e-06 2.63521272e-04 -1.95127584e-02 6.46287878e-06 6.61673408e-04 -2.64080920e-04 -2.36902413e-07 -3.98152136e-04
0.4741057        -1.04696299e-02 2.09604122e-06 -9.12882094e-04 -1.02041908e-02 2.33821923e-06 -5.14321989e-04 -2.65439043e-04 -2.42178014e-07 -3.98560105e-04
0.4758204        -1.20887345e-02 -9.71889927e-08 -2.60632204e-04 -1.18206425e-02 1.51535292e-07 1.31442564e-04 -2.68091968e-04 -2.48724284e-07 -3.92074768e-04
0.4775156        -2.00817201e-02 7.67934090e-06 4.89579158e-04 -1.98059042e-02 7.92793578e-06 8.78036354e-04 -2.75815863e-04 -2.48594878e-07 -3.88457196e-04
0.4791916        -1.50046638e-02 2.69503245e-06 -3.39162437e-05 -1.47251979e-02 2.94767439e-06 3.52983900e-04 -2.79465848e-04 -2.52641942e-07 -3.86900144e-04
0.4808676        -1.43476755e-02 5.13004973e-06 1.32684065e-04 -1.40648173e-02 5.38406969e-06 5.15690176e-04 -2.82858188e-04 -2.54019957e-07 -3.83006111e-04
0.4825435        -1.59986966e-02 6.87502075e-06 2.33782012e-04 -1.57116572e-02 7.12795697e-06 6.12813894e-04 -2.87039401e-04 -2.52936220e-07 -3.79031883e-04
0.4842           -1.51473494e-02 2.37006484e-06 1.62784152e-04 -1.48568059e-02 2.62721880e-06 5.38228410e-04 -2.90543532e-04 -2.57153963e-07 -3.75444258e-04
0.4858565        -1.66390533e-02 2.91178674e-07 4.10846634e-04 -1.63442966e-02 5.53728971e-07 7.82228692e-04 -2.94756668e-04 -2.62550297e-07 -3.71382059e-04
0.4875129        -1.57823567e-02 9.98090863e-07 7.35646578e-04 -1.54840872e-02 1.26458964e-06 1.10301736e-03 -2.98269547e-04 -2.66498775e-07 -3.67370782e-04
0.4891694        -2.49939773e-02 1.06468029e-06 1.58846604e-03 -2.46865576e-02 1.33523898e-06 1.95163932e-03 -3.07419690e-04 -2.70558686e-07 -3.63173278e-04
0.4908059        -9.28218586e-03 3.99530362e-07 -5.87640958e-04 -8.97678010e-03 6.73459366e-07 -2.27801077e-04 -3.05405762e-04 -2.73929004e-07 -3.59839881e-04
0.4924424        -1.79725667e-02 2.11166001e-06 8.70449195e-04 -1.76627214e-02 2.38717253e-06 1.22602468e-03 -3.09845271e-04 -2.75512516e-07 -3.55575488e-04
0.494059         -1.92924372e-02 -5.39344376e-07 8.69949981e-04 -1.89780493e-02 -2.59743367e-07 1.22197427e-03 -3.14387913e-04 -2.79601009e-07 -3.52024294e-04
0.4956755        -2.36662819e-02 1.31271481e-06 1.54435264e-03 -2.33444500e-02 1.59461896e-06 1.89245735e-03 -3.21831894e-04 -2.81904142e-07 -3.48104704e-04
0.4972921        -1.12528948e-02 -1.83252319e-06 -1.15550913e-04 -1.09326732e-02 -1.54580503e-06 2.28965615e-04 -3.20221537e-04 -2.86718164e-07 -3.44516529e-04
0.4989086        -1.96975410e-02 5.44620949e-06 1.14680179e-03 -1.93728109e-02 5.73014933e-06 1.48728731e-03 -3.24730091e-04 -2.83939841e-07 -3.40485520e-04
0.5005252        -1.84152562e-02 8.86639703e-07 1.26609103e-03 -1.80870205e-02 1.17272288e-06 1.60251371e-03 -3.28235673e-04 -2.86083179e-07 -3.36422681e-04
0.5021418        -1.97120561e-02 1.68890410e-06 1.73564156e-03 -1.93800492e-02 1.97608114e-06 2.06749601e-03 -3.32006850e-04 -2.87177039e-07 -3.31854455e-04
0.5037583        -1.93094056e-02 2.54156767e-06 1.61554767e-03 -1.89740152e-02 2.82850629e-06 1.94314277e-03 -3.35390394e-04 -2.86938620e-07 -3.27595103e-04
0.5053749        -2.02814785e-02 1.57476807e-06 1.62811295e-03 -1.99424216e-02 1.86210195e-06 1.95171724e-03 -3.39056919e-04 -2.87333877e-07 -3.23604290e-04
0.5069914        -1.98049100e-02 4.09391264e-06 1.66893301e-03 -1.94626696e-02 4.37827320e-06 1.98608930e-03 -3.42240403e-04 -2.84360561e-07 -3.17156287e-04
0.508608         -2.15495503e-02 5.41230194e-06 1.91194338e-03 -2.12033332e-02 5.69062596e-06 2.22453133e-03 -3.46217075e-04 -2.78324019e-07 -3.12587952e-04
0.5102245        -1.60975285e-02 2.86670794e-06 7.12134987e-04 -1.57509378e-02 3.14161400e-06 1.02355073e-03 -3.46590721e-04 -2.74906054e-07 -3.11415740e-04
0.5118411        -2.29280258e-02 2.82476149e-06 2.19020103e-03 -2.25768737e-02 3.09661412e-06 2.49726105e-03 -3.51152075e-04 -2.71852635e-07 -3.07060024e-04
0.5134349        -1.92887673e-02 -1.62020240e-06 1.66711054e-03 -1.89355224e-02 -1.34645074e-06 1.97040155e-03 -3.53244870e-04 -2.73751659e-07 -3.03291005e-04
0.5150287        -2.50277240e-02 4.29127750e-06 2.86659072e-03 -2.46694814e-02 4.56028591e-06 3.16197844e-03 -3.58242635e-04 -2.69008413e-07 -2.95387716e-04
0.5166225        -2.01471779e-02 3.82569832e-06 1.74477541e-03 -1.97871126e-02 4.09034217e-06 2.03750384e-03 -3.60065281e-04 -2.64643842e-07 -2.92728429e-04
0.5182162        -1.80708269e-02 2.70810607e-06 1.40015019e-03 -1.77098410e-02 2.97049289e-06 1.69121256e-03 -3.60985909e-04 -2.62386817e-07 -2.91062371e-04
0.5197866        -2.55295642e-02 3.46830671e-06 3.30440241e-03 -2.51643997e-02 3.72784198e-06 3.58688383e-03 -3.65164574e-04 -2.59535266e-07 -2.82481424e-04
0.5213569        -1.62031137e-02 2.68407739e-06 1.72617625e-03 -1.58392581e-02 2.94134940e-06 2.00640211e-03 -3.63855617e-04 -2.57272013e-07 -2.80225859e-04
0.5228811        -2.85458172e-02 -3.54025100e-06 3.73734534e-03 -2.81758345e-02 -3.27914984e-06 4.01135906e-03 -3.69982689e-04 -2.61101165e-07 -2.74013725e-04
0.5244053        -2.19226258e-02 6.08219593e-06 2.65602317e-03 -2.15519033e-02 6.33747850e-06 2.92386268e-03 -3.70722487e-04 -2.55282566e-07 -2.67839513e-04
0.5259067        -2.60504808e-02 1.73600220e-06 2.80163771e-03 -2.56749794e-02 1.99091313e-06 3.06931766e-03 -3.75501434e-04 -2.54910932e-07 -2.67679952e-04
0.5274081        -2.35117710e-02 3.45277518e-06 2.84377971e-03 -2.31342426e-02 3.70570879e-06 3.10644187e-03 -3.77528352e-04 -2.52933605e-07 -2.62662163e-04
0.5289095        -1.65626175e-02 3.04146907e-06 1.93793353e-03 -1.61882616e-02 3.29232130e-06 2.19396717e-03 -3.74355921e-04 -2.50852230e-07 -2.56033640e-04
0.5303878        -2.60238696e-02 4.42573349e-06 3.41582128e-03 -2.56455684e-02 4.67296065e-06 3.66785266e-03 -3.78301228e-04 -2.47227164e-07 -2.52031383e-04
0.5318661        -2.68141655e-02 8.00967850e-06 4.29706872e-03 -2.64322261e-02 8.25014645e-06 4.54421474e-03 -3.81939381e-04 -2.40467946e-07 -2.47146028e-04
0.5333445        -2.29401912e-02 3.24631788e-06 3.13588413e-03 -2.25573412e-02 3.48432180e-06 3.37884227e-03 -3.82850031e-04 -2.38003926e-07 -2.42958139e-04
0.5348228        -3.01344635e-02 4.14875963e-06 4.42911675e-03 -2.97461688e-02 4.38339210e-06 4.66804489e-03 -3.88294694e-04 -2.34632465e-07 -2.38928142e-04
0.5363011        -1.72789406e-02 4.59688185e-06 2.17697175e-03 -1.68938752e-02 4.82731698e-06 2.41038078e-03 -3.85065354e-04 -2.30435135e-07 -2.33409030e-04
0.5377552        -2.08612477e-02 4.57104565e-06 3.43789139e-03 -2.04768299e-02 4.79860831e-06 3.66363409e-03 -3.84417751e-04 -2.27562660e-07 -2.25742703e-04
0.5392092        -3.20190682e-02 3.62289473e-06 4.67249947e-03 -3.16273071e-02 3.84740675e-06 4.89827494e-03 -3.91761123e-04 -2.24512019e-07 -2.25775468e-04
0.5406633        -2.11757656e-02 -6.55263187e-07 3.45024590e-03 -2.07865071e-02 -4.30586953e-07 3.66678320e-03 -3.89258486e-04 -2.24676234e-07 -2.16537296e-04
0.5421174        -2.68470673e-02 7.45044051e-06 3.73456366e-03 -2.64547070e-02 7.66794618e-06 3.95178400e-03 -3.92360346e-04 -2.17505666e-07 -2.17220340e-04
0.5435715        -2.85903593e-02 4.37296001e-06 5.00683032e-03 -2.81956753e-02 4.58530475e-06 5.21515965e-03 -3.94683994e-04 -2.12344736e-07 -2.08329331e-04
0.5450256        -2.87985903e-02 5.28707618e-06 4.72285058e-03 -2.84010794e-02 5.49368080e-06 4.92642983e-03 -3.97510893e-04 -2.06604622e-07 -2.03579249e-04
0.5464796        -1.89938966e-02 5.72902274e-07 2.32009624e-03 -1.85985163e-02 7.77286479e-07 2.52393697e-03 -3.95380319e-04 -2.04384205e-07 -2.03840732e-04
0.5479337        -2.70061234e-02 3.51572905e-06 4.58573183e-03 -2.66088565e-02 3.71503797e-06 4.78244370e-03 -3.97266886e-04 -1.99308919e-07 -1.96711875e-04
0.5493878        -3.16799104e-02 5.81277528e-06 5.71703575e-03 -3.12795201e-02 6.00485380e-06 5.90438878e-03 -4.00390313e-04 -1.92078517e-07 -1.87353032e-04
0.5508419        -2.23627977e-02 2.90255170e-06 3.37470603e-03 -2.19635329e-02 3.09006461e-06 3.55950923e-03 -3.99264835e-04 -1.87512913e-07 -1.84803205e-04
0.552296         -2.38170435e-02 -2.98017181e-06 3.94246485e-03 -2.34176214e-02 -2.79076929e-06 4.12512486e-03 -3.99422096e-04 -1.89402515e-07 -1.82660017e-04
0.5537501        -3.04429598e-02 8.18696380e-06 5.33047866e-03 -3.00404188e-02 8.36904180e-06 5.50866238e-03 -4.02541017e-04 -1.82077995e-07 -1.78183720e-04
0.5552041        -3.06846557e-02 5.91518848e-06 5.79601311e-03 -3.02794549e-02 6.08988127e-06 5.96779762e-03 -4.05200870e-04 -1.74692796e-07 -1.71784511e-04
0.5566582        -2.88721598e-02 5.85828090e-06 5.42345519e-03 -2.84661418e-02 6.02490811e-06 5.58734874e-03 -4.06018054e-04 -1.66627214e-07 -1.63893554e-04
0.5581123        -2.30018027e-02 4.39534321e-06 3.91618461e-03 -2.25974892e-02 4.55611649e-06 4.07696923e-03 -4.04313528e-04 -1.60773275e-07 -1.60784627e-04
0.5595664        -2.88093504e-02 2.86624746e-06 4.84461092e-03 -2.84026341e-02 3.02309304e-06 5.00483446e-03 -4.06716312e-04 -1.56845582e-07 -1.60223543e-04
0.5610205        -2.36233168e-02 5.57116653e-06 4.49343692e-03 -2.32187550e-02 5.72146056e-06 4.64451548e-03 -4.04561824e-04 -1.50294025e-07 -1.51078551e-04
0.5624745        -3.95599756e-02 4.58615776e-06 7.63176421e-03 -3.91473400e-02 4.73009930e-06 7.77848417e-03 -4.12635673e-04 -1.43941537e-07 -1.46719960e-04
0.5639286        -2.33996815e-02 2.55102860e-06 4.16587646e-03 -2.29900580e-02 2.68948448e-06 4.30834869e-03 -4.09623429e-04 -1.38455883e-07 -1.42472226e-04
0.5653827        -2.19347650e-02 4.41699923e-06 3.81491860e-03 -2.15278756e-02 4.54904357e-06 3.95352410e-03 -4.06889438e-04 -1.32044339e-07 -1.38605500e-04
0.5668368        -3.28445856e-02 5.55169598e-06 6.70322443e-03 -3.24351607e-02 5.67714430e-06 6.83259950e-03 -4.09424858e-04 -1.25448324e-07 -1.29375073e-04
0.5682909        -3.13720700e-02 5.51250468e-06 5.76619510e-03 -3.09601368e-02 5.63094461e-06 5.89503698e-03 -4.11933149e-04 -1.18439930e-07 -1.28841884e-04
0.5697449        -3.39527846e-02 5.12644130e-06 6.84907590e-03 -3.35381606e-02 5.23943927e-06 6.97104933e-03 -4.14623992e-04 -1.12997970e-07 -1.21973440e-04
0.571199         -2.71374639e-02 7.59802214e-06 5.73837919e-03 -2.67243725e-02 7.70398703e-06 5.85359396e-03 -4.13091392e-04 -1.05964885e-07 -1.15214768e-04
0.5726148        -2.81226715e-02 9.56318939e-06 5.26285391e-03 -2.77091927e-02 9.65770452e-06 5.37701239e-03 -4.13478858e-04 -9.45151287e-08 -1.14158473e-04
0.5740306        -2.85135127e-02 2.92364678e-06 5.46507160e-03 -2.81001886e-02 3.01370325e-06 5.57547048e-03 -4.13324073e-04 -9.00564749e-08 -1.10398875e-04
0.5754465        -3.21215268e-02 1.17069683e-06 6.66307384e-03 -3.17073093e-02 1.25958648e-06 6.76599795e-03 -4.14217459e-04 -8.88896484e-08 -1.02924113e-04
0.576823         -3.80663467e-02 6.76814637e-06 7.86845950e-03 -3.76476097e-02 6.85095694e-06 7.96668520e-03 -4.18736962e-04 -8.28105642e-08 -9.82257026e-05
0.5781994        -1.91747932e-02 4.16802576e-06 4.01268793e-03 -1.87636568e-02 4.24487103e-06 4.10286981e-03 -4.11136402e-04 -7.68452741e-08 -9.01818802e-05
0.5795366        -4.21420690e-02 5.56039778e-06 8.39274453e-03 -4.17227507e-02 5.63070352e-06 8.48392420e-03 -4.19318307e-04 -7.03057410e-08 -9.11796757e-05
0.5808738        -2.83811180e-02 1.23099985e-05 6.20387681e-03 -2.79648713e-02 1.23690486e-05 6.28638036e-03 -4.16246786e-04 -5.90501347e-08 -8.25035563e-05
0.5821716        -2.45573521e-02 6.19019549e-06 4.61325789e-03 -2.41439470e-02 6.24344365e-06 4.69548225e-03 -4.13405079e-04 -5.32481575e-08 -8.22243569e-05
0.5834694        -3.15626367e-02 7.04601500e-06 6.52012252e-03 -3.11486715e-02 7.09340818e-06 6.59747667e-03 -4.13965269e-04 -4.73931836e-08 -7.73541534e-05
0.5847672        -3.66561765e-02 4.61279201e-06 7.78706413e-03 -3.62399217e-02 4.65727891e-06 7.85784457e-03 -4.16254800e-04 -4.44868915e-08 -7.07804409e-05
0.5860651        -3.54544114e-02 1.57207052e-05 7.47188332e-03 -3.50364231e-02 1.57517929e-05 7.53926529e-03 -4.17988281e-04 -3.10877332e-08 -6.73819678e-05
0.587321         -3.63224720e-02 9.06665872e-06 7.74061818e-03 -3.59027822e-02 9.08774938e-06 7.80442628e-03 -4.19689765e-04 -2.10906581e-08 -6.38081013e-05
0.588577         -2.77531955e-02 1.55722823e-07 5.77946250e-03 -2.73362427e-02 1.73818722e-07 5.83964437e-03 -4.16952759e-04 -1.80958984e-08 -6.01818747e-05
0.589833         -2.64479575e-02 1.30688495e-05 5.48274669e-03 -2.60338476e-02 1.30734476e-05 5.53972060e-03 -4.14109917e-04 -4.59819565e-09 -5.69739142e-05
0.5910456        -3.25053436e-02 8.40827513e-06 7.17657748e-03 -3.20914969e-02 8.40385999e-06 7.22790002e-03 -4.13846771e-04 4.41513335e-09 -5.13225474e-05
0.5922583        -3.85400009e-02 2.07029117e-06 8.66851516e-03 -3.81240406e-02 2.06157667e-06 8.71332018e-03 -4.15960303e-04 8.71450773e-09 -4.48050216e-05
0.5934709        -3.48183470e-02 8.29681977e-06 7.66428528e-03 -3.44009513e-02 8.27908487e-06 7.71027744e-03 -4.17395611e-04 1.77348987e-08 -4.59921579e-05
0.5946836        -4.03332270e-02 8.47575741e-06 9.34843480e-03 -3.99138331e-02 8.45032108e-06 9.38685511e-03 -4.19393938e-04 2.54363354e-08 -3.84203048e-05
0.5958496        -3.29087300e-02 7.24928449e-06 7.41395627e-03 -3.24908040e-02 7.21698658e-06 7.44772874e-03 -4.17926000e-04 3.22979063e-08 -3.37724730e-05
0.5970156        -2.88863977e-02 7.62787042e-06 6.24101456e-03 -2.84713536e-02 7.58845511e-06 6.27192246e-03 -4.15044154e-04 3.94153110e-08 -3.09078983e-05
0.5981816        -2.95232186e-02 8.09017194e-06 6.38609538e-03 -2.91105178e-02 8.04344289e-06 6.41368424e-03 -4.12700799e-04 4.67290539e-08 -2.75888539e-05
0.5993477        -3.77010873e-02 6.59993015e-06 8.33837412e-03 -3.72866236e-02 6.54785295e-06 8.36271915e-03 -4.14463680e-04 5.20772003e-08 -2.43450293e-05
0.6005137        -3.84047285e-02 8.21193103e-06 8.49099520e-03 -3.79885170e-02 8.15191991e-06 8.51233868e-03 -4.16211471e-04 6.00111279e-08 -2.13434851e-05
0.6016267        -3.74331704e-02 6.02865800e-06 8.31172993e-03 -3.70164545e-02 5.96181145e-06 8.32940259e-03 -4.16715898e-04 6.68465522e-08 -1.76726644e-05
0.6027397        -3.11190663e-02 6.45976239e-06 7.35541438e-03 -3.07058429e-02 6.38461040e-06 7.36539121e-03 -4.13223359e-04 7.51519911e-08 -9.97683615e-06
0.6038527        -3.58273889e-02 8.18867700e-06 7.56535141e-03 -3.54130435e-02 8.10401520e-06 7.57609336e-03 -4.14345432e-04 8.46617949e-08 -1.07419440e-05
0.6049657        -3.88725276e-02 7.28323800e-06 8.61140510e-03 -3.84566998e-02 7.18964244e-06 8.61976293e-03 -4.15827818e-04 9.35955582e-08 -8.35782812e-06
0.6060787        -4.19827495e-02 8.22221157e-06 9.92230485e-03 -4.15656961e-02 8.12069896e-06 9.92340847e-03 -4.17053400e-04 1.01512610e-07 -1.10361524e-06
0.6071918        -3.10675597e-02 7.22381354e-06 6.86718375e-03 -3.06534249e-02 7.11545827e-06 6.86571457e-03 -4.14134806e-04 1.08355268e-07 1.46918431e-06
0.6083048        -3.06695444e-02 7.54964160e-06 6.77408361e-03 -3.02580404e-02 7.43414990e-06 6.76976124e-03 -4.11504034e-04 1.15491708e-07 4.32236401e-06
0.6093482        -3.29902957e-02 8.30771719e-06 7.36251014e-03 -3.25805205e-02 8.18628096e-06 7.35537285e-03 -4.09775215e-04 1.21436233e-07 7.13729223e-06
0.6103917        -4.05341761e-02 9.47739260e-06 9.10420998e-03 -4.01225907e-02 9.35083738e-06 9.09433421e-03 -4.11585449e-04 1.26555223e-07 9.87577708e-06
0.6114351        -3.99012815e-02 -7.20456918e-07 8.88972915e-03 -3.94885485e-02 -8.44234070e-07 8.87751709e-03 -4.12732923e-04 1.23777152e-07 1.22120650e-05
0.6124786        -3.94052954e-02 7.44730756e-06 8.88878755e-03 -3.89921827e-02 7.32102011e-06 8.87355232e-03 -4.13112704e-04 1.26287450e-07 1.52352318e-05
0.613522         -3.33434119e-02 8.39320438e-06 8.00606566e-03 -3.29337839e-02 8.26342929e-06 7.98353979e-03 -4.09628028e-04 1.29775097e-07 2.25258715e-05
0.6145655        -3.61154786e-02 1.05673725e-05 7.80165486e-03 -3.57055915e-02 1.04331465e-05 7.77906149e-03 -4.09887150e-04 1.34226039e-07 2.25933689e-05
0.6156089        -3.93551027e-02 1.00527099e-05 8.46896781e-03 -3.89439630e-02 9.91504243e-06 8.44658880e-03 -4.11139673e-04 1.37667499e-07 2.23790070e-05
0.6166524        -4.53587732e-02 -9.84260770e-06 1.08023631e-02 -4.49460032e-02 -9.97081086e-06 1.07726940e-02 -4.12770027e-04 1.28203157e-07 2.96690734e-05
0.6176958        -3.49953152e-02 6.29623121e-06 7.88548342e-03 -3.45847007e-02 6.16614756e-06 7.85287793e-03 -4.10614465e-04 1.30083643e-07 3.26054871e-05
0.6187393        -3.28509042e-02 7.74150815e-06 7.32142461e-03 -3.24430551e-02 7.60819474e-06 7.28661912e-03 -4.07849161e-04 1.33313405e-07 3.48054878e-05
0.6197827        -3.28104026e-02 8.72292561e-06 7.34447961e-03 -3.24052254e-02 8.58524124e-06 7.30710569e-03 -4.05177155e-04 1.37684372e-07 3.73739233e-05
0.6208262        -4.02660040e-02 9.61921616e-06 9.11184820e-03 -3.98601564e-02 9.47701272e-06 9.07192063e-03 -4.05847559e-04 1.42203443e-07 3.99275743e-05
0.6218696        -4.27958291e-02 3.20702718e-05 9.69514678e-03 -4.23886297e-02 3.19091311e-05 9.65272512e-03 -4.07199381e-04 1.61140699e-07 4.24216622e-05
0.6229131        -4.38835990e-02 1.37839384e-05 9.89906770e-03 -4.34748549e-02 1.36161351e-05 9.85467464e-03 -4.08744105e-04 1.67803299e-07 4.43930601e-05
0.6239565        -3.87926284e-02 1.29391830e-05 9.32725819e-03 -3.83861521e-02 1.27651430e-05 9.27558522e-03 -4.06476274e-04 1.74039973e-07 5.16729749e-05
0.625            -3.51386787e-02 1.28327816e-05 7.78034717e-03 -3.47344150e-02 1.26528633e-05 7.72758074e-03 -4.04263691e-04 1.79918314e-07 5.27664311e-05
0.6259766        -3.12595287e-02 1.26393988e-05 3.76029190e-03 -3.08532191e-02 1.24551295e-05 3.73005132e-03 -4.06309594e-04 1.84269294e-07 3.02405790e-05
0.6269593        -1.23876746e-02 1.19616680e-05 -2.92221200e-03 -1.19829446e-02 1.17738357e-05 -2.91585611e-03 -4.04730035e-04 1.87832322e-07 -6.35588595e-06
0.627961         -4.75456815e-03 5.79595657e-06 -5.93911727e-03 -4.35156114e-03 5.60829715e-06 -5.88936518e-03 -4.03007011e-04 1.87659426e-07 -4.97520827e-05
0.628986         -5.59794654e-03 1.96991976e-05 -5.73384532e-03 -5.19574982e-03 1.95047216e-05 -5.64283496e-03 -4.02196726e-04 1.94475961e-07 -9.10103583e-05
0.6300354        -1.11448713e-02 5.59880671e-06 -4.58625857e-03 -1.07401984e-02 5.40788422e-06 -4.45340725e-03 -4.04672908e-04 1.90922487e-07 -1.32851315e-04
0.6311104        -1.50273629e-02 2.31315604e-05 -3.89175017e-03 -1.46181726e-02 2.29308599e-05 -3.71631361e-03 -4.09190320e-04 2.00700514e-07 -1.75436554e-04
0.6322086        -8.57995770e-03 1.23878370e-05 -5.54517862e-03 -8.16975106e-03 1.21852648e-05 -5.32672667e-03 -4.10206648e-04 2.02572196e-07 -2.18451949e-04
0.6333351        -5.93203299e-03 1.23615301e-05 -6.35362078e-03 -5.52043633e-03 1.21583314e-05 -6.09155400e-03 -4.11596660e-04 2.03198669e-07 -2.62066773e-04
0.6344829        -8.48344915e-03 9.03631174e-06 -5.96704539e-03 -8.06877884e-03 8.83417922e-06 -5.66085983e-03 -4.14670304e-04 2.02132511e-07 -3.06185559e-04
0.6356221        -1.55079224e-02 1.15747110e-05 -4.69266271e-03 -1.50863062e-02 1.13733345e-05 -4.34201151e-03 -4.21616170e-04 2.01376425e-07 -3.50651200e-04
0.6367443        -1.64824502e-02 9.71069304e-06 -4.33029025e-03 -1.60545466e-02 9.51165172e-06 -3.93986379e-03 -4.27903675e-04 1.99041317e-07 -3.90426461e-04
0.6378541        -1.64010563e-02 -1.96896886e-05 -4.68734498e-03 -1.59667197e-02 -1.98610317e-05 -4.25611017e-03 -4.34336603e-04 1.71343107e-07 -4.31234813e-04
0.6389477        -1.54719756e-02 3.02892027e-05 -5.36619865e-03 -1.50312940e-02 3.01092179e-05 -4.89316061e-03 -4.40681682e-04 1.79984810e-07 -4.73038039e-04
0.6400255        -3.87131814e-03 1.16574486e-05 -8.49571536e-03 -3.42913634e-03 1.14845518e-05 -7.98107064e-03 -4.42181793e-04 1.72896819e-07 -5.14644713e-04
0.6410956        -2.12867881e-02 3.85946598e-05 -4.12830269e-03 -2.08354771e-02 3.84099229e-05 -3.57644543e-03 -4.51310925e-04 1.84736868e-07 -5.51857253e-04
0.6421541        -2.59689564e-02 1.49660491e-05 -3.17474304e-03 -2.55075740e-02 1.47895132e-05 -2.58683768e-03 -4.61382401e-04 1.76535978e-07 -5.87905357e-04
0.6431978        -2.79572929e-03 1.40003661e-06 -9.52985965e-03 -2.33359752e-03 1.23910250e-06 -8.90157613e-03 -4.62131772e-04 1.60934113e-07 -6.28283515e-04
0.644234         -2.39626213e-02 6.89796812e-06 -3.95996600e-03 -2.34912010e-02 6.74629305e-06 -3.29656084e-03 -4.71420268e-04 1.51675064e-07 -6.63405163e-04
0.6452594        -2.89577287e-02 9.80109204e-06 -2.86989471e-03 -2.84756510e-02 9.65387447e-06 -2.17272281e-03 -4.82077676e-04 1.47217567e-07 -6.97171900e-04
0.6462707        -2.92631257e-02 1.18599715e-05 -2.76692281e-03 -2.87709209e-02 1.17240527e-05 -2.03519314e-03 -4.92204865e-04 1.35918790e-07 -7.31729672e-04
0.647268         -2.54614808e-02 1.30160450e-05 -3.57588781e-03 -2.49624246e-02 1.28789447e-05 -2.81383957e-03 -4.99056232e-04 1.37100389e-07 -7.62048240e-04
0.6482452        -2.21423111e-02 -7.40267696e-05 -4.59215042e-03 -2.16376088e-02 -7.41106520e-05 -3.80123177e-03 -5.04702378e-04 8.38824332e-08 -7.90918655e-04
0.649203         -2.92574698e-02 6.39339291e-05 -4.01264780e-03 -2.87429161e-02 6.38166979e-05 -3.18551101e-03 -5.14553734e-04 1.17231121e-07 -8.27136793e-04
0.650136         -2.64792956e-02 1.52285798e-05 -3.73409782e-03 -2.59563240e-02 1.51163824e-05 -2.87514939e-03 -5.22971552e-04 1.12197416e-07 -8.58948429e-04
0.6510512        -3.07562643e-02 1.44810568e-05 -3.32588123e-03 -3.02248642e-02 1.43668401e-05 -2.43769062e-03 -5.31400126e-04 1.14216674e-07 -8.88190609e-04
0.6519464        -3.19590044e-02 9.21991953e-06 -3.07912500e-03 -3.14196635e-02 9.10812207e-06 -2.16396347e-03 -5.39340934e-04 1.11797455e-07 -9.15161531e-04
0.652825         -3.25973144e-02 1.74078375e-05 -3.52064083e-03 -3.20502731e-02 1.72950040e-05 -2.57924586e-03 -5.47041294e-04 1.12833470e-07 -9.41394970e-04
0.6536876        -4.33933789e-02 4.39784057e-07 -7.81591189e-04 -4.28355545e-02 3.37851749e-07 1.84695488e-04 -5.57824431e-04 1.01932309e-07 -9.66286676e-04
0.6545348        -4.29297969e-02 2.24080417e-05 -1.13435411e-03 -4.23620762e-02 2.23042695e-05 -1.43415137e-04 -5.67720722e-04 1.03772169e-07 -9.90938970e-04
0.6553646        -4.48133342e-02 4.60831483e-05 -7.05090877e-04 -4.42360344e-02 4.59709569e-05 3.10203159e-04 -5.77299846e-04 1.12191403e-07 -1.01529404e-03
0.6561801        -4.45039058e-02 1.79111720e-05 -9.70172121e-04 -4.39174257e-02 1.77905355e-05 6.96237506e-05 -5.86480101e-04 1.20636503e-07 -1.03979587e-03
0.6569793        -4.65586139e-02 2.57953435e-05 -5.16183559e-04 -4.59626844e-02 2.56781851e-05 5.49703632e-04 -5.95929479e-04 1.17158356e-07 -1.06588719e-03
0.6577628        -4.66667478e-02 7.24064927e-06 -5.84978053e-04 -4.60628686e-02 7.13344612e-06 5.03621686e-04 -6.03879178e-04 1.07203152e-07 -1.08859974e-03
0.6585314        -3.47187597e-02 3.19848032e-05 -3.59116434e-03 -3.41111092e-02 3.18722601e-05 -2.48314070e-03 -6.07650507e-04 1.12543042e-07 -1.10802365e-03
0.6592915        -5.01060931e-02 -1.08918409e-04 -1.88675232e-04 -4.94894998e-02 -1.08969489e-04 9.38899484e-04 -6.16593298e-04 5.10797162e-08 -1.12757472e-03
0.6600394        -7.83487132e-02 1.23066151e-04 6.26311223e-03 -7.77156298e-02 1.22961268e-04 7.40915417e-03 -6.33083457e-04 1.04882634e-07 -1.14604193e-03
0.6607714        -6.23721664e-02 -9.63236327e-06 2.46425737e-03 -6.17292435e-02 -9.72871622e-06 3.62915345e-03 -6.42922913e-04 9.63529572e-08 -1.16489608e-03
0.6614902        -3.75596623e-02 1.56950562e-05 -2.96375039e-03 -3.69152329e-02 1.55929053e-05 -1.78025863e-03 -6.44429399e-04 1.02150826e-07 -1.18349176e-03
0.6622016        -4.74047017e-02 2.37271808e-05 -1.00132792e-03 -4.67546605e-02 2.36150481e-05 2.00518147e-04 -6.50041235e-04 1.12132625e-07 -1.20184607e-03
0.6629039        -7.30694339e-02 4.88317396e-05 4.09773800e-03 -7.24058069e-02 4.86978748e-05 5.32043093e-03 -6.63626982e-04 1.33864776e-07 -1.22269293e-03
0.6635921        -7.52320556e-02 -7.94949515e-05 4.34497946e-03 -7.45564404e-02 -7.95898351e-05 5.58793040e-03 -6.75615214e-04 9.48836860e-08 -1.24295094e-03
0.6642667        -6.86797108e-02 6.30420269e-05 3.88942872e-03 -6.79958566e-02 6.29188720e-05 5.14693033e-03 -6.83854185e-04 1.23154849e-07 -1.25750162e-03
0.6649315        -6.68169561e-02 2.54951286e-05 3.37142460e-03 -6.61255864e-02 2.53631401e-05 4.64244681e-03 -6.91369673e-04 1.31988522e-07 -1.27102221e-03
0.6655883        -6.87036221e-02 2.89228241e-05 3.39725301e-03 -6.80043998e-02 2.87829339e-05 4.68299507e-03 -6.99222275e-04 1.39890201e-07 -1.28574206e-03
0.6662357        -6.71562898e-02 2.11715989e-05 2.44701588e-03 -6.64499762e-02 2.10256575e-05 3.74748976e-03 -7.06313607e-04 1.45941362e-07 -1.30047388e-03
0.6668755        -6.88485670e-02 1.94323250e-05 3.61775765e-03 -6.81346765e-02 1.92799416e-05 4.93235604e-03 -7.13890524e-04 1.52383469e-07 -1.31459839e-03
0.6675078        -7.89263237e-02 1.98049884e-05 5.54009693e-03 -7.82026117e-02 1.96549399e-05 6.86918804e-03 -7.23712043e-04 1.50048432e-07 -1.32909111e-03
0.6681314        -8.02149883e-02 3.32474287e-05 5.45990698e-03 -7.94821307e-02 3.30785745e-05 6.80344573e-03 -7.32857605e-04 1.68854292e-07 -1.34353875e-03
0.6687463        -7.99073089e-02 2.05792394e-05 7.90582040e-03 -7.91662179e-02 2.04004417e-05 9.26206582e-03 -7.41090996e-04 1.78797696e-07 -1.35624542e-03
0.669353         -8.32357468e-02 2.13583437e-06 7.00588332e-03 -8.24865905e-02 1.95549734e-06 8.37430681e-03 -7.49156258e-04 1.80337034e-07 -1.36842349e-03
0.6699529        -8.79132329e-02 1.53447158e-05 7.57549383e-03 -8.71557217e-02 1.51587295e-05 8.95697790e-03 -7.57511221e-04 1.85986272e-07 -1.38148407e-03
0.6705448        -8.51372474e-02 2.92032364e-05 6.41125497e-03 -8.43717606e-02 2.90066021e-05 7.80643772e-03 -7.65486869e-04 1.96634382e-07 -1.39518275e-03
0.6711302        -8.14167623e-02 2.95358003e-05 5.37097751e-03 -8.06436899e-02 2.93286639e-05 6.78080917e-03 -7.73072381e-04 2.07136367e-07 -1.40983166e-03
0.6717081        -8.77180502e-02 1.99311645e-05 7.15398915e-03 -8.69375320e-02 1.97184080e-05 8.57460815e-03 -7.80518115e-04 2.12756563e-07 -1.42061900e-03
0.6722796        -9.06813555e-02 2.04192476e-05 8.50473875e-03 -8.98941124e-02 2.02002383e-05 9.93226029e-03 -7.87243152e-04 2.19009287e-07 -1.42752154e-03
0.6728464        -9.23574354e-02 2.46285598e-05 8.34835940e-03 -9.15633895e-02 2.44026542e-05 9.78439016e-03 -7.94045944e-04 2.25905670e-07 -1.43603076e-03
0.6734083        -9.91119480e-02 1.51156489e-05 9.49444026e-03 -9.83094062e-02 1.48870530e-05 1.09410547e-02 -8.02541805e-04 2.28595979e-07 -1.44661446e-03
0.6739631        -1.01922665e-01 6.48343976e-06 1.06483737e-02 -1.01110977e-01 6.25565659e-06 1.21069284e-02 -8.11687719e-04 2.27783170e-07 -1.45855479e-03
0.6745121        -1.04544638e-01 2.11843245e-05 1.04565244e-02 -1.03724676e-01 2.09495997e-05 1.19256643e-02 -8.19962721e-04 2.34724806e-07 -1.46913989e-03
0.6750555        -1.01195127e-01 2.34593792e-05 9.91368080e-03 -1.00367479e-01 2.32172934e-05 1.13930771e-02 -8.27647422e-04 2.42085895e-07 -1.47939635e-03
0.6755933        -1.04670361e-01 1.53888681e-05 1.07025511e-02 -1.03834758e-01 1.51414601e-05 1.21922774e-02 -8.35603098e-04 2.47408024e-07 -1.48972630e-03
0.6761245        -1.01794123e-01 2.69368095e-05 8.30755770e-03 -1.00951300e-01 2.66790845e-05 9.80755982e-03 -8.42822637e-04 2.57725038e-07 -1.50000212e-03
0.6766515        -1.01084738e-01 2.79656723e-05 9.31719479e-03 -1.00236461e-01 2.76982336e-05 1.08241743e-02 -8.48277040e-04 2.67438681e-07 -1.50697954e-03
0.6771742        -9.59103008e-02 1.90601825e-05 8.36819870e-03 -9.50578575e-02 1.87894651e-05 9.88190142e-03 -8.52443286e-04 2.70717406e-07 -1.51370272e-03
0.6776928        -1.04025048e-01 3.48582439e-05 9.71866639e-03 -1.03166454e-01 3.45788358e-05 1.12398456e-02 -8.58594056e-04 2.79408112e-07 -1.52117920e-03
0.6782073        -1.19699748e-01 -9.12629679e-05 1.27552521e-02 -1.18831951e-01 -9.15067727e-05 1.42851796e-02 -8.67796521e-04 2.43804791e-07 -1.52992747e-03
0.6787177        -1.25103182e-01 1.16298432e-04 1.44970743e-02 -1.24225953e-01 1.16015746e-04 1.60354071e-02 -8.77229189e-04 2.82685737e-07 -1.53833273e-03
0.6792221        -1.19489445e-01 2.42933660e-05 1.28495406e-02 -1.18604583e-01 2.40062785e-05 1.43961213e-02 -8.84861987e-04 2.87087453e-07 -1.54658065e-03
0.6797227        -1.17168439e-01 5.53234386e-05 1.27616414e-02 -1.16277459e-01 5.50249646e-05 1.43149373e-02 -8.90980394e-04 2.98474063e-07 -1.55329592e-03
0.6802194        -1.16298595e-01 5.98210294e-05 1.22592533e-02 -1.15402016e-01 5.95090386e-05 1.38199502e-02 -8.96578917e-04 3.11990878e-07 -1.56069688e-03
0.6807122        -1.18407307e-01 4.02419114e-05 1.26412499e-02 -1.17504592e-01 3.99236029e-05 1.42086729e-02 -9.02715077e-04 3.18308551e-07 -1.56742302e-03
0.6812014        -1.24392343e-01 3.05349332e-05 1.40693384e-02 -1.23482261e-01 3.02135037e-05 1.56434205e-02 -9.10081763e-04 3.21429501e-07 -1.57408205e-03
0.6816868        -1.28493967e-01 2.93824853e-05 1.49672281e-02 -1.27576520e-01 2.90571155e-05 1.65472978e-02 -9.17447072e-04 3.25369826e-07 -1.58006973e-03
0.6821676        -1.28051482e-01 -5.16018429e-05 1.37423957e-02 -1.27127128e-01 -5.19081748e-05 1.53294653e-02 -9.24353740e-04 3.06331942e-07 -1.58706960e-03
0.6826449        -1.33659386e-01 1.37152633e-04 1.59973103e-02 -1.32728066e-01 1.36806985e-04 1.75898050e-02 -9.31320418e-04 3.45648045e-07 -1.59249472e-03
0.6831186        -1.35779501e-01 -8.10997436e-05 1.64319014e-02 -1.34840989e-01 -8.14174788e-05 1.80296823e-02 -9.38512094e-04 3.17735273e-07 -1.59778084e-03
0.6835897        -1.41651189e-01 1.28907801e-04 1.75362013e-02 -1.40705292e-01 1.28553509e-04 1.91394239e-02 -9.45896944e-04 3.54292779e-07 -1.60322256e-03
0.6840564        -1.34295229e-01 3.16150886e-05 1.59465900e-02 -1.33343712e-01 3.12549044e-05 1.75549230e-02 -9.51516954e-04 3.60184210e-07 -1.60833298e-03
0.6845206        -1.21196704e-01 3.27096462e-05 1.65165425e-02 -1.20241656e-01 3.23459994e-05 1.81286081e-02 -9.55047480e-04 3.63646823e-07 -1.61206558e-03
0.6849822        -1.19712535e-01 -8.90150139e-06 1.37295579e-02 -1.18754180e-01 -9.24724126e-06 1.53461001e-02 -9.58354396e-04 3.45739869e-07 -1.61654222e-03
0.6854414        -1.26549027e-01 2.36722894e-05 1.49621141e-02 -1.25585898e-01 2.33345380e-05 1.65832099e-02 -9.63129404e-04 3.37751311e-07 -1.62109578e-03
0.685898         -1.36799794e-01 2.70638561e-05 1.64439480e-02 -1.35830602e-01 2.67303107e-05 1.80686962e-02 -9.69192357e-04 3.33545490e-07 -1.62474819e-03
0.6863521        -1.42220693e-01 3.61422478e-05 1.80795287e-02 -1.41245091e-01 3.58064751e-05 1.97079995e-02 -9.75601850e-04 3.35772708e-07 -1.62847082e-03
0.6868038        -1.42983818e-01 8.12168328e-07 1.78985721e-02 -1.42002694e-01 4.75659253e-07 1.95305475e-02 -9.81124046e-04 3.36509075e-07 -1.63197538e-03
0.6872523        -1.47329049e-01 1.53899630e-05 2.15509791e-02 -1.46341474e-01 1.50430550e-05 2.31865875e-02 -9.87575499e-04 3.46908022e-07 -1.63560835e-03
0.6876984        -1.50779507e-01 -2.43787767e-05 2.15733926e-02 -1.49784921e-01 -2.47235036e-05 2.32134210e-02 -9.94585917e-04 3.44726912e-07 -1.64002843e-03
0.6881413        -1.55861385e-01 5.95048125e-05 2.01601708e-02 -1.54859645e-01 5.91381528e-05 2.18056993e-02 -1.00173964e-03 3.66659611e-07 -1.64552852e-03
0.6885811        -1.56675069e-01 3.48919251e-05 2.03960291e-02 -1.55667058e-01 3.45144954e-05 2.20458127e-02 -1.00801141e-03 3.77429670e-07 -1.64978364e-03
0.6890186        -1.51802160e-01 1.67496818e-05 1.91914932e-02 -1.50789256e-01 1.63698572e-05 2.08435264e-02 -1.01290470e-03 3.79824554e-07 -1.65203317e-03
0.6894537        -1.50247952e-01 1.03565307e-05 2.01090267e-02 -1.49230313e-01 9.97800844e-06 2.17632199e-02 -1.01763872e-03 3.78522305e-07 -1.65419326e-03
0.6898866        -1.49166564e-01 2.15461944e-05 1.84474968e-02 -1.48144255e-01 2.11675343e-05 2.01043834e-02 -1.02230873e-03 3.78660119e-07 -1.65688656e-03
0.6903172        -1.50996179e-01 2.23261129e-05 1.85361900e-02 -1.49969184e-01 2.19469167e-05 2.01956805e-02 -1.02699474e-03 3.79196210e-07 -1.65949054e-03
0.6907456        -1.52411984e-01 2.03080086e-05 1.70134733e-02 -1.51380446e-01 1.99287341e-05 1.86757641e-02 -1.03153828e-03 3.79274446e-07 -1.66229073e-03
0.6911725        -1.53231515e-01 1.31439639e-05 1.87465506e-02 -1.52195816e-01 1.27660457e-05 2.04106676e-02 -1.03569842e-03 3.77918110e-07 -1.66411704e-03
0.6915973        -1.52177133e-01 8.87915557e-05 1.90811153e-02 -1.51137096e-01 8.83929577e-05 2.07477746e-02 -1.04003672e-03 3.98597935e-07 -1.66665931e-03
0.6920205        -1.57253989e-01 2.52830259e-05 2.01845006e-02 -1.56209479e-01 2.48811308e-05 2.18535961e-02 -1.04451060e-03 4.01895027e-07 -1.66909543e-03
0.6924416        -1.58040342e-01 4.81853654e-05 2.19682656e-02 -1.56991566e-01 4.77747947e-05 2.36402200e-02 -1.04877585e-03 4.10570676e-07 -1.67195438e-03
0.6928605        -1.57864600e-01 3.80215447e-05 2.03706555e-02 -1.56812215e-01 3.76050319e-05 2.20459299e-02 -1.05238530e-03 4.16512767e-07 -1.67527441e-03
0.6932772        -1.68113047e-01 1.71114992e-05 2.27256827e-02 -1.67055442e-01 1.66950275e-05 2.44028681e-02 -1.05760553e-03 4.16471767e-07 -1.67718533e-03
0.6936926        -1.85224095e-01 9.48153087e-05 2.74145026e-02 -1.84159180e-01 9.43779230e-05 2.90923667e-02 -1.06491488e-03 4.37385748e-07 -1.67786402e-03
0.6941051        -1.94773056e-01 6.74270430e-05 2.85059134e-02 -1.93699367e-01 6.69783610e-05 3.01843940e-02 -1.07368813e-03 4.48682026e-07 -1.67848054e-03
0.6945149        -1.83548592e-01 -1.09632052e-05 2.86848512e-02 -1.82468189e-01 -1.14011695e-05 3.03638032e-02 -1.08040224e-03 4.37964325e-07 -1.67895199e-03
0.6949225        -1.71997465e-01 -2.58788285e-05 2.31772876e-02 -1.70913135e-01 -2.63024224e-05 2.48576274e-02 -1.08433015e-03 4.23593820e-07 -1.68033980e-03
0.6953289        -1.59710560e-01 4.34784934e-05 2.01721564e-02 -1.58625021e-01 4.30472778e-05 2.18538456e-02 -1.08553857e-03 4.31215602e-07 -1.68168920e-03
0.6957338        -1.43533569e-01 2.11359399e-05 1.77278949e-02 -1.42449136e-01 2.07027162e-05 1.94100143e-02 -1.08443299e-03 4.33223756e-07 -1.68211934e-03
0.6961381        -1.59747897e-01 3.69524864e-05 2.05147963e-02 -1.58661298e-01 3.65132420e-05 2.21983835e-02 -1.08659860e-03 4.39244409e-07 -1.68358711e-03
0.6965411        -1.81554034e-01 -1.07341461e-05 2.51433231e-02 -1.80462294e-01 -1.11671763e-05 2.68274400e-02 -1.09173992e-03 4.33030228e-07 -1.68411687e-03
0.6969427        -1.96476438e-01 -4.58138853e-05 2.79113666e-02 -1.95377090e-01 -4.62316534e-05 2.95954087e-02 -1.09934759e-03 4.17768112e-07 -1.68404204e-03
0.6973423        -2.17025238e-01 -1.38510162e-05 2.97606905e-02 -2.15916759e-01 -1.42633458e-05 3.14458556e-02 -1.10847880e-03 4.12329628e-07 -1.68516508e-03
0.6977392        -1.90802748e-01 1.09974431e-04 2.61044508e-02 -1.89688637e-01 1.09536931e-04 2.77903584e-02 -1.11411060e-03 4.37499540e-07 -1.68590754e-03
0.6981342        -1.76385465e-01 2.04702241e-05 2.33470453e-02 -1.75268761e-01 2.00294220e-05 2.50328391e-02 -1.11670411e-03 4.40802166e-07 -1.68579373e-03
0.6985279        -1.68581721e-01 3.69270745e-05 2.29805993e-02 -1.67464622e-01 3.64786453e-05 2.46652635e-02 -1.11709858e-03 4.48429203e-07 -1.68466423e-03
0.698921         -1.65701214e-01 -1.04936546e-04 2.21523626e-02 -1.64584110e-01 -1.05353726e-04 2.38358684e-02 -1.11710412e-03 4.17180179e-07 -1.68350573e-03
0.6993134        -1.73869887e-01 1.56270043e-04 2.35057300e-02 -1.72750836e-01 1.55812612e-04 2.51883104e-02 -1.11905059e-03 4.57431208e-07 -1.68258037e-03
0.6997045        -1.90907472e-01 -3.65141263e-05 2.63723000e-02 -1.89783692e-01 -3.69569582e-05 2.80557405e-02 -1.12377948e-03 4.42831870e-07 -1.68344049e-03
0.7000943        -2.03180101e-01 3.03841189e-05 2.87049283e-02 -2.02049424e-01 2.99400357e-05 3.03906113e-02 -1.13067676e-03 4.44083227e-07 -1.68568295e-03
0.7004822        -2.07695443e-01 3.35639491e-06 3.41641036e-02 -2.06558199e-01 2.91874786e-06 3.58512428e-02 -1.13724387e-03 4.37647050e-07 -1.68713919e-03
0.7008676        -1.98531294e-01 1.14575364e-04 2.96452500e-02 -1.97389147e-01 1.14111568e-04 3.13337179e-02 -1.14214774e-03 4.63795492e-07 -1.68846794e-03
0.7012511        -1.91854271e-01 -6.71775077e-05 2.72754256e-02 -1.90709000e-01 -6.76162106e-05 2.89631764e-02 -1.14527118e-03 4.38702908e-07 -1.68775085e-03
0.701634         -1.89713061e-01 9.91635592e-06 2.77923531e-02 -1.88566103e-01 9.47875030e-06 2.94771305e-02 -1.14695857e-03 4.37605628e-07 -1.68477746e-03
0.7020157        -1.97596696e-01 1.13197518e-05 2.93938407e-02 -1.96446991e-01 1.08824717e-05 3.10768217e-02 -1.14970550e-03 4.37280086e-07 -1.68298104e-03
0.7023961        -2.00780818e-01 -6.38174394e-06 3.25661102e-02 -1.99628370e-01 -6.81840823e-06 3.42464645e-02 -1.15244816e-03 4.36664285e-07 -1.68035431e-03
0.7027759        -1.95571710e-01 4.89189682e-05 2.92198075e-02 -1.94416706e-01 4.84691455e-05 3.08982479e-02 -1.15500350e-03 4.49822661e-07 -1.67844041e-03
0.7031545        -1.96353000e-01 5.97251248e-05 2.82746247e-02 -1.95195476e-01 5.92607558e-05 2.99513805e-02 -1.15752385e-03 4.64369045e-07 -1.67675582e-03
0.7035319        -1.92489075e-01 -1.04654965e-05 2.85108249e-02 -1.91330191e-01 -1.09240823e-05 3.01846262e-02 -1.15888412e-03 4.58585812e-07 -1.67380134e-03
0.7039086        -1.97638660e-01 -8.24875108e-06 2.77191570e-02 -1.96477293e-01 -8.70002272e-06 2.93916391e-02 -1.16136688e-03 4.51271634e-07 -1.67248206e-03
0.7042848        -1.93546226e-01 -1.09453662e-05 2.81146916e-02 -1.92382129e-01 -1.13867539e-05 2.97856024e-02 -1.16409661e-03 4.41387623e-07 -1.67091077e-03
0.7046597        -2.08651539e-01 -9.58627995e-06 3.10851437e-02 -2.07483630e-01 -1.00178420e-05 3.27545508e-02 -1.16790881e-03 4.31562076e-07 -1.66940707e-03
0.7050335        -2.25298013e-01 3.80868048e-06 3.35622678e-02 -2.24124673e-01 3.38301385e-06 3.52314619e-02 -1.17334027e-03 4.25666628e-07 -1.66919406e-03
0.7054054        -2.15361280e-01 4.33691714e-05 3.21693538e-02 -2.14184218e-01 4.29376751e-05 3.38372212e-02 -1.17706219e-03 4.31496294e-07 -1.66786733e-03
0.7057762        -2.09356282e-01 1.49768753e-05 3.14027536e-02 -2.08176471e-01 1.45459454e-05 3.30691366e-02 -1.17981039e-03 4.30929877e-07 -1.66638302e-03
0.7061458        -1.96075447e-01 1.49876785e-05 2.83666354e-02 -1.94894030e-01 1.45567708e-05 3.00317171e-02 -1.18141670e-03 4.30907690e-07 -1.66508178e-03
0.7065148        -1.86337762e-01 -1.48580080e-04 2.61209224e-02 -1.85156127e-01 -1.48971443e-04 2.77842126e-02 -1.18163449e-03 3.91363452e-07 -1.66329022e-03
0.7068831        -1.94696075e-01 7.53962352e-05 2.83042827e-02 -1.93513264e-01 7.49884716e-05 2.99663203e-02 -1.18281082e-03 4.07763680e-07 -1.66203755e-03
0.707251         -2.01598528e-01 5.45561806e-05 3.03591144e-02 -2.00413572e-01 5.41398045e-05 3.20194138e-02 -1.18495662e-03 4.16376105e-07 -1.66029941e-03
0.7076182        -2.17260371e-01 -4.43986509e-06 3.34135110e-02 -2.16072178e-01 -4.85004552e-06 3.50713310e-02 -1.18819286e-03 4.10180429e-07 -1.65782002e-03
0.7079842        -2.28094199e-01 3.25986024e-05 3.48751049e-02 -2.26901581e-01 3.21860386e-05 3.65307973e-02 -1.19261774e-03 4.12563822e-07 -1.65569232e-03
0.7083491        -2.37087591e-01 -1.21488716e-04 3.67324405e-02 -2.35889964e-01 -1.21865056e-04 3.83868874e-02 -1.19762737e-03 3.76339947e-07 -1.65444691e-03
0.7087129        -2.32648364e-01 1.53730525e-04 3.61590860e-02 -2.31447628e-01 1.53325258e-04 3.78111950e-02 -1.20073554e-03 4.05267769e-07 -1.65210894e-03
0.7090754        -2.15224707e-01 2.98534877e-05 3.38901889e-02 -2.14022801e-01 2.94483313e-05 3.55390569e-02 -1.20190609e-03 4.05156418e-07 -1.64886803e-03
0.7094374        -1.97911288e-01 4.07698215e-05 3.02550680e-02 -1.96710067e-01 4.03608427e-05 3.18999461e-02 -1.20122105e-03 4.08978795e-07 -1.64487810e-03
0.7097989        -1.91126441e-01 6.41604091e-06 2.86499829e-02 -1.89927010e-01 6.01194098e-06 3.02903135e-02 -1.19943129e-03 4.04099931e-07 -1.64033060e-03
0.7101603        -2.05084369e-01 -4.22646639e-05 2.83336865e-02 -2.03884271e-01 -4.26515858e-05 2.99715376e-02 -1.20009759e-03 3.86921839e-07 -1.63785110e-03
0.7105212        -2.17951895e-01 -2.38408635e-05 3.73302884e-02 -2.16749757e-01 -2.42145604e-05 3.89639906e-02 -1.20213753e-03 3.73696957e-07 -1.63370221e-03
0.7108814        -2.33350577e-01 -1.53723704e-05 3.64586311e-02 -2.32144728e-01 -1.57378081e-05 3.80891967e-02 -1.20584927e-03 3.65437651e-07 -1.63056556e-03
0.7112406        -2.45976877e-01 8.22111325e-06 3.82948405e-02 -2.44765506e-01 7.86064070e-06 3.99235226e-02 -1.21137003e-03 3.60472547e-07 -1.62868214e-03
0.7115986        -2.36989445e-01 -1.51073141e-06 3.68057585e-02 -2.35774465e-01 -1.86424332e-06 3.84317619e-02 -1.21498001e-03 3.53511913e-07 -1.62600344e-03
0.7119555        -2.24185934e-01 -7.81096978e-05 3.44252093e-02 -2.22969209e-01 -7.84357707e-05 3.60484232e-02 -1.21672529e-03 3.26072863e-07 -1.62321390e-03
0.7123118        -1.99364489e-01 1.26826700e-04 3.14885546e-02 -1.98148212e-01 1.26475719e-04 3.31085615e-02 -1.21627683e-03 3.50980375e-07 -1.62000688e-03
0.7126681        -2.05486896e-01 2.17804326e-05 3.09839303e-02 -2.04271954e-01 2.14313668e-05 3.26006669e-02 -1.21494235e-03 3.49065776e-07 -1.61673660e-03
0.7130244        -2.05864998e-01 1.74785441e-05 3.37344031e-02 -2.04650954e-01 1.71318877e-05 3.53475245e-02 -1.21404444e-03 3.46656479e-07 -1.61312133e-03
0.7133801        -2.17211740e-01 4.11491989e-05 3.32200981e-02 -2.15996927e-01 4.07993941e-05 3.48304192e-02 -1.21481259e-03 3.49804810e-07 -1.61032110e-03
0.7137359        -2.31256583e-01 -3.82718273e-05 4.02155465e-02 -2.30040227e-01 -3.86057086e-05 4.18212272e-02 -1.21635616e-03 3.33881331e-07 -1.60568071e-03
0.7140905        -2.52111321e-01 -8.14984594e-05 4.13923837e-02 -2.50891891e-01 -8.18038306e-05 4.29936448e-02 -1.21942926e-03 3.05371233e-07 -1.60126102e-03
0.7144446        -2.51186319e-01 1.92282132e-05 3.85937002e-02 -2.49962998e-01 1.89242642e-05 4.01922864e-02 -1.22332133e-03 3.03949000e-07 -1.59858618e-03
0.7147975        -2.33468476e-01 1.26502608e-05 3.43299898e-02 -2.32243398e-01 1.23479097e-05 3.59255403e-02 -1.22507751e-03 3.02351099e-07 -1.59555045e-03
0.7151499        -2.32152605e-01 1.51289303e-05 3.58472713e-02 -2.30926459e-01 1.48283659e-05 3.74393668e-02 -1.22614605e-03 3.00564310e-07 -1.59209555e-03
0.7155017        -2.21512699e-01 1.15591641e-05 4.22166979e-02 -2.20286786e-01 1.12637966e-05 4.38033765e-02 -1.22591297e-03 2.95367425e-07 -1.58667852e-03
0.7158535        -2.19485354e-01 -1.31917737e-05 3.49523244e-02 -2.18260209e-01 -1.34775696e-05 3.65346780e-02 -1.22514505e-03 2.85795957e-07 -1.58235353e-03
0.7162053        -2.22395391e-01 1.26058500e-05 3.44764936e-02 -2.21170193e-01 1.23235591e-05 3.60554776e-02 -1.22519787e-03 2.82290877e-07 -1.57898394e-03
0.7165566        -2.27534812e-01 -4.85584277e-04 3.59728540e-02 -2.26308985e-01 -4.85743932e-04 3.75481197e-02 -1.22582720e-03 1.59654898e-07 -1.57526568e-03
0.7169073        -2.30323792e-01 3.48723175e-04 3.64475271e-02 -2.29097407e-01 3.48487141e-04 3.80185182e-02 -1.22638507e-03 2.36034385e-07 -1.57099112e-03
0.7172574        -2.32868945e-01 -2.62790662e-04 3.78982549e-02 -2.31641894e-01 -2.62957384e-04 3.94643503e-02 -1.22705119e-03 1.66721988e-07 -1.56609540e-03
0.7176076        -2.44629059e-01 3.60890238e-04 3.21403290e-02 -2.43400143e-01 3.60647382e-04 3.37043883e-02 -1.22891608e-03 2.42855363e-07 -1.56405931e-03
0.7179572        -2.38695566e-01 -2.21856556e-05 3.85879848e-02 -2.37466086e-01 -2.24148615e-05 4.01474457e-02 -1.22948019e-03 2.29205928e-07 -1.55946096e-03
0.7183062        -2.25525115e-01 1.23378040e-04 3.66179707e-02 -2.24295633e-01 1.23132956e-04 3.81729317e-02 -1.22948187e-03 2.45083959e-07 -1.55496092e-03
0.7186553        -2.31142519e-01 4.18073990e-05 3.68664081e-02 -2.29912789e-01 4.15694048e-05 3.84170812e-02 -1.22972933e-03 2.37994204e-07 -1.55067308e-03
0.7190037        -2.51505148e-01 1.38080845e-04 4.23900671e-02 -2.50274704e-01 1.37834518e-04 4.39349803e-02 -1.23044383e-03 2.46326382e-07 -1.54491320e-03
0.7193517        -2.46605765e-01 -4.31372059e-04 3.93073946e-02 -2.45374270e-01 -4.31499847e-04 4.08478119e-02 -1.23149477e-03 1.27788547e-07 -1.54041734e-03
0.7196996        -2.46043978e-01 3.53125134e-04 3.55448534e-02 -2.44811630e-01 3.52922510e-04 3.70819968e-02 -1.23234784e-03 2.02624146e-07 -1.53714338e-03
0.7200469        -2.35084370e-01 -3.28337129e-04 3.79117848e-02 -2.33852449e-01 -3.28464077e-04 3.94446782e-02 -1.23192002e-03 1.26948582e-07 -1.53289347e-03
0.7203938        -2.23189465e-01 4.29224270e-04 3.54959030e-02 -2.21958832e-01 4.29010573e-04 3.70249743e-02 -1.23063318e-03 2.13697062e-07 -1.52907131e-03
0.7207406        -2.37849167e-01 5.04406282e-05 3.82430709e-02 -2.36618855e-01 5.02269537e-05 3.97692920e-02 -1.23031207e-03 2.13674455e-07 -1.52622112e-03
0.7210868        -2.33397745e-01 6.48243604e-05 3.81644058e-02 -2.32168186e-01 6.46087528e-05 3.96864255e-02 -1.22955939e-03 2.15607514e-07 -1.52201964e-03
0.7214331        -2.37202630e-01 6.18570460e-05 4.23921001e-02 -2.35973144e-01 6.16417262e-05 4.39084260e-02 -1.22948660e-03 2.15319752e-07 -1.51632594e-03
0.7217788        -2.42977701e-01 9.84972917e-05 3.98445571e-02 -2.41747525e-01 9.82750093e-05 4.13555438e-02 -1.23017543e-03 2.22282431e-07 -1.51098675e-03
0.7221245        -2.46398679e-01 5.51950018e-05 4.22900961e-02 -2.45168112e-01 5.49768969e-05 4.37944186e-02 -1.23056619e-03 2.18104862e-07 -1.50432249e-03
0.7224702        -2.52428106e-01 9.18608328e-05 4.23014493e-02 -2.51196713e-01 9.16388588e-05 4.38006098e-02 -1.23139207e-03 2.21973935e-07 -1.49916050e-03
0.7228154        -2.42156577e-01 5.50516699e-05 3.94167369e-02 -2.40925148e-01 5.48344574e-05 4.09108558e-02 -1.23142956e-03 2.17212467e-07 -1.49411883e-03
0.7231605        -2.45180937e-01 7.40012476e-05 4.17981457e-02 -2.43950104e-01 7.37860648e-05 4.32861810e-02 -1.23083285e-03 2.15182755e-07 -1.48803535e-03
0.7235057        -2.47414400e-01 6.88736732e-05 4.26459515e-02 -2.46184433e-01 6.86632886e-05 4.41273829e-02 -1.22996782e-03 2.10384556e-07 -1.48143147e-03
0.7238503        -2.56339015e-01 1.84604165e-04 4.41120334e-02 -2.55108393e-01 1.84373658e-04 4.55873570e-02 -1.23062176e-03 2.30506857e-07 -1.47532363e-03
0.7241949        -2.46084059e-01 9.16054476e-05 4.18391297e-02 -2.44854001e-01 9.13775172e-05 4.33082077e-02 -1.23005735e-03 2.27930408e-07 -1.46907802e-03
0.7245395        -2.47779110e-01 7.83159559e-05 4.27805479e-02 -2.46550109e-01 7.80942502e-05 4.42437996e-02 -1.22900100e-03 2.21705773e-07 -1.46325168e-03
0.7248835        -2.41417783e-01 -2.58859599e-04 4.07045896e-02 -2.40190429e-01 -2.58997506e-04 4.21629623e-02 -1.22735330e-03 1.37907932e-07 -1.45837266e-03
0.7252275        -2.24676260e-01 2.19504821e-04 3.69946756e-02 -2.23451561e-01 2.19337886e-04 3.84489704e-02 -1.22469912e-03 1.66934527e-07 -1.45429479e-03
0.7255716        -2.25856619e-01 8.24181587e-05 3.88169785e-02 -2.24634306e-01 8.22567690e-05 4.02666401e-02 -1.22231271e-03 1.61389630e-07 -1.44966160e-03
0.7259162        -2.39213414e-01 7.13983842e-05 3.98536293e-02 -2.37992423e-01 7.12453350e-05 4.12983738e-02 -1.22099091e-03 1.53049204e-07 -1.44474454e-03
0.7262602        -2.52963761e-01 -1.10767400e-04 4.43624360e-02 -2.51743025e-01 -1.10871161e-04 4.58010410e-02 -1.22073590e-03 1.03761020e-07 -1.43860505e-03
0.7266043        -2.48143216e-01 1.71355620e-04 4.11559836e-02 -2.46922677e-01 1.71233678e-04 4.25884652e-02 -1.22053894e-03 1.21942289e-07 -1.43248164e-03
0.7269483        -2.40044260e-01 1.09248556e-04 4.20464691e-02 -2.38824533e-01 1.09122309e-04 4.34716211e-02 -1.21972719e-03 1.26247432e-07 -1.42515200e-03
0.7272923        -2.62548478e-01 8.12671348e-05 4.47336270e-02 -2.61328589e-01 8.11425183e-05 4.61530068e-02 -1.21988896e-03 1.24616522e-07 -1.41937978e-03
0.7276364        -2.39404469e-01 8.93446077e-05 4.01071482e-02 -2.38186259e-01 8.92187705e-05 4.15210134e-02 -1.21821082e-03 1.25837172e-07 -1.41386521e-03
0.7279804        -2.34959362e-01 8.74113960e-05 3.98467622e-02 -2.33744061e-01 8.72852185e-05 4.12549971e-02 -1.21530092e-03 1.26177574e-07 -1.40823494e-03
0.7283245        -2.31442517e-01 9.63412630e-05 3.92495323e-02 -2.30230946e-01 9.62125889e-05 4.06521627e-02 -1.21157089e-03 1.28674130e-07 -1.40263038e-03
0.7286691        -2.25129673e-01 8.32736053e-05 3.97956144e-02 -2.23921496e-01 8.31443035e-05 4.11922381e-02 -1.20817698e-03 1.29301844e-07 -1.39662370e-03
0.7290137        -2.37311934e-01 1.05704404e-04 4.00314637e-02 -2.36105942e-01 1.05567894e-04 4.14225674e-02 -1.20599195e-03 1.36510743e-07 -1.39110364e-03
0.7293583        -2.44749625e-01 1.01235426e-04 3.98595554e-02 -2.43544898e-01 1.01092483e-04 4.12454981e-02 -1.20472675e-03 1.42943594e-07 -1.38594267e-03
0.7297029        -2.46584460e-01 1.17010445e-04 3.98843606e-02 -2.45380526e-01 1.16855640e-04 4.12653203e-02 -1.20393459e-03 1.54805160e-07 -1.38095965e-03
0.7300475        -2.70261474e-01 -1.04720353e-05 4.62346606e-02 -2.69056649e-01 -1.06111509e-05 4.76117487e-02 -1.20482554e-03 1.39115620e-07 -1.37708808e-03
0.7303915        -2.36178132e-01 2.32947350e-05 4.00217429e-02 -2.34975086e-01 2.31654606e-05 4.13939212e-02 -1.20304577e-03 1.29274393e-07 -1.37217837e-03
0.7307356        -2.51766568e-01 1.17679911e-04 4.28202993e-02 -2.50564853e-01 1.17526718e-04 4.41862961e-02 -1.20171457e-03 1.53192902e-07 -1.36599677e-03
0.7310802        -2.36838704e-01 1.00933799e-04 4.91563447e-02 -2.35639170e-01 1.00756169e-04 5.05129356e-02 -1.19953448e-03 1.77630855e-07 -1.35659090e-03
0.7314248        -2.48799400e-01 5.23867296e-05 4.56663468e-02 -2.47601733e-01 5.22043243e-05 4.70132870e-02 -1.19766689e-03 1.82405301e-07 -1.34694023e-03
0.73177          -2.65998911e-01 1.44580788e-04 4.76385546e-02 -2.64801712e-01 1.44385483e-04 4.89765656e-02 -1.19719924e-03 1.95305549e-07 -1.33801102e-03
0.7321151        -2.52146936e-01 -3.47505254e-06 4.36416165e-02 -2.50951305e-01 -3.64706955e-06 4.49724104e-02 -1.19563172e-03 1.72017007e-07 -1.33079387e-03
0.7324603        -2.40950839e-01 -6.20806079e-05 3.15410256e-02 -2.39757823e-01 -6.22192503e-05 3.28677473e-02 -1.19301607e-03 1.38642358e-07 -1.32672173e-03
0.7328061        -2.38035345e-01 3.21915701e-04 4.17873718e-02 -2.36846267e-01 3.21717871e-04 4.31079742e-02 -1.18907808e-03 1.97830270e-07 -1.32060243e-03
0.7331519        -2.47496778e-01 1.05516185e-04 4.22008372e-02 -2.46310543e-01 1.05308044e-04 4.35166332e-02 -1.18623474e-03 2.08141036e-07 -1.31579595e-03
0.7334982        -2.28069532e-01 -6.44834545e-05 3.85861626e-02 -2.26887035e-01 -6.46639193e-05 3.98959066e-02 -1.18249702e-03 1.80464800e-07 -1.30974408e-03
0.7338451        -2.36935364e-01 3.83652794e-04 4.24890349e-02 -2.35755704e-01 3.83391944e-04 4.37920760e-02 -1.17965982e-03 2.60850737e-07 -1.30304105e-03
0.7341921        -2.31977263e-01 3.74761021e-05 4.18388513e-02 -2.30800130e-01 3.72199658e-05 4.31352562e-02 -1.17713368e-03 2.56136236e-07 -1.29640485e-03
0.734539         -2.49076465e-01 9.12037429e-05 4.10126839e-02 -2.47900961e-01 9.09407287e-05 4.23029902e-02 -1.17550412e-03 2.63014215e-07 -1.29030627e-03
0.7348866        -2.53659139e-01 1.62666539e-04 4.41280843e-02 -2.52484951e-01 1.62378116e-04 4.54122157e-02 -1.17418772e-03 2.88422411e-07 -1.28413134e-03
0.7352341        -2.44717106e-01 1.26896499e-04 4.28457263e-02 -2.43544943e-01 1.26588016e-04 4.41236295e-02 -1.17216218e-03 3.08482691e-07 -1.27790323e-03
0.7355816        -2.29087916e-01 9.48108740e-05 4.27119448e-02 -2.27919740e-01 9.44873636e-05 4.39824451e-02 -1.16817591e-03 3.23510314e-07 -1.27050026e-03
0.7359298        -2.31463411e-01 1.09819868e-04 3.98305561e-02 -2.30299852e-01 1.09476522e-04 4.10937597e-02 -1.16355952e-03 3.43346717e-07 -1.26320360e-03
0.7362785        -2.27384655e-01 1.09522271e-04 4.10944678e-02 -2.26225255e-01 1.09159113e-04 4.23507504e-02 -1.15940040e-03 3.63158136e-07 -1.25628259e-03
0.7366279        -2.13733342e-01 1.44235665e-04 3.79852843e-02 -2.12578760e-01 1.43844344e-04 3.92343692e-02 -1.15458174e-03 3.91321807e-07 -1.24908490e-03
0.7369784        -2.29957472e-01 -2.01908489e-04 4.36661313e-02 -2.28806393e-01 -2.02249496e-04 4.49072250e-02 -1.15107905e-03 3.41007023e-07 -1.24109365e-03
0.737329         -2.38410034e-01 9.54132994e-05 4.29312722e-02 -2.37261556e-01 9.50602661e-05 4.41649313e-02 -1.14847833e-03 3.53033318e-07 -1.23365915e-03
0.7376802        -2.51860657e-01 5.09379741e-04 4.44869997e-02 -2.50714343e-01 5.08911653e-04 4.57128810e-02 -1.14631337e-03 4.68088195e-07 -1.22588129e-03
0.7380313        -2.49051010e-01 -2.49955067e-05 4.53030595e-02 -2.47907311e-01 -2.54557496e-05 4.65209874e-02 -1.14369939e-03 4.60242932e-07 -1.21792790e-03
0.7383831        -2.39851087e-01 4.30442739e-04 4.45755474e-02 -2.38709907e-01 4.29892406e-04 4.57858138e-02 -1.14117995e-03 5.50332616e-07 -1.21026636e-03
0.7387349        -2.45205170e-01 2.04640652e-04 4.59588958e-02 -2.44066426e-01 2.04052329e-04 4.71613707e-02 -1.13874404e-03 5.88323594e-07 -1.20247493e-03
0.7390873        -2.49697726e-01 1.72155379e-04 4.53475930e-02 -2.48561117e-01 1.71536133e-04 4.65426496e-02 -1.13660902e-03 6.19245603e-07 -1.19505663e-03
0.7394404        -2.68703353e-01 1.21306224e-04 4.77925461e-02 -2.67566639e-01 1.20667588e-04 4.89810717e-02 -1.13671423e-03 6.38635471e-07 -1.18852557e-03
0.7397934        -2.24802222e-01 1.20311278e-04 4.12466974e-02 -2.23668479e-01 1.19651687e-04 4.24279220e-02 -1.13374272e-03 6.59590716e-07 -1.18122468e-03
0.7401471        -2.27987135e-01 1.57842005e-04 4.16436019e-02 -2.26857192e-01 1.57154276e-04 4.28176091e-02 -1.12994321e-03 6.87729609e-07 -1.17400728e-03
0.7405014        -2.27904609e-01 9.34950740e-05 4.18717471e-02 -2.26779413e-01 9.27970214e-05 4.30384541e-02 -1.12519596e-03 6.98052548e-07 -1.16670703e-03
0.7408564        -2.14393550e-01 1.58295895e-04 3.98348636e-02 -2.13274801e-01 1.57572270e-04 4.09938926e-02 -1.11874852e-03 7.23625312e-07 -1.15902895e-03
0.7412126        -2.16801493e-01 1.55547445e-04 4.04131650e-02 -2.15687692e-01 1.54800680e-04 4.15650007e-02 -1.11380111e-03 7.46764771e-07 -1.15183568e-03
0.7415695        -2.21768893e-01 2.18580010e-04 3.96071916e-02 -2.20659275e-01 2.17796148e-04 4.07519788e-02 -1.10961861e-03 7.83862150e-07 -1.14478716e-03
0.741927         -2.10254991e-01 2.42195141e-04 4.45035038e-02 -2.09150350e-01 2.41368283e-04 4.56388210e-02 -1.10464100e-03 8.26857896e-07 -1.13531723e-03
0.7422859        -2.41320272e-01 1.51925547e-04 4.50030180e-02 -2.40218864e-01 1.51084118e-04 4.61294888e-02 -1.10140823e-03 8.41428189e-07 -1.12647074e-03
0.7426454        -2.29112635e-01 3.61182319e-05 4.00010678e-02 -2.28014388e-01 3.52928131e-05 4.11202107e-02 -1.09824663e-03 8.25418831e-07 -1.11914284e-03
0.7430056        -2.33527935e-01 1.01193774e-04 4.18760420e-02 -2.32433234e-01 1.00367088e-04 4.29871309e-02 -1.09470037e-03 8.26685392e-07 -1.11108884e-03
0.7433664        -2.30222557e-01 7.09679000e-05 4.16313115e-02 -2.29131534e-01 7.01464229e-05 4.27343653e-02 -1.09102276e-03 8.21477068e-07 -1.10305378e-03
0.7437279        -2.29466638e-01 1.32705882e-04 4.17858907e-02 -2.28379402e-01 1.31873795e-04 4.28808326e-02 -1.08723668e-03 8.32087237e-07 -1.09494196e-03
0.7440908        -2.30506293e-01 1.40773207e-04 4.27881945e-02 -2.29423419e-01 1.39929918e-04 4.38735950e-02 -1.08287376e-03 8.43289329e-07 -1.08540055e-03
0.7444544        -2.24982544e-01 1.09610071e-04 4.21453286e-02 -2.23903432e-01 1.08761988e-04 4.32219604e-02 -1.07911291e-03 8.48083304e-07 -1.07663178e-03
0.7448186        -2.29607688e-01 1.34228358e-04 4.14929258e-02 -2.28532194e-01 1.33370146e-04 4.25618405e-02 -1.07549383e-03 8.58212120e-07 -1.06891468e-03
0.7451842        -2.17643161e-01 1.31121264e-04 3.93296898e-02 -2.16571631e-01 1.30254723e-04 4.03917943e-02 -1.07152950e-03 8.66540858e-07 -1.06210446e-03
0.7455505        -2.36531297e-01 6.78734718e-05 3.30922835e-02 -2.35461517e-01 6.70123988e-05 3.41511668e-02 -1.06978034e-03 8.61073048e-07 -1.05888331e-03
0.7459176        -2.41912954e-01 1.99761490e-04 4.10475306e-02 -2.40844835e-01 1.98879494e-04 4.21012749e-02 -1.06811965e-03 8.81995985e-07 -1.05374427e-03
0.7462853        -2.34176755e-01 1.56846419e-04 4.11896680e-02 -2.33112168e-01 1.55954418e-04 4.22362469e-02 -1.06458741e-03 8.92001573e-07 -1.04657894e-03
0.7466537        -2.22241295e-01 1.64373450e-04 4.09493115e-02 -2.21182081e-01 1.63469690e-04 4.19869497e-02 -1.05921345e-03 9.03760564e-07 -1.03763823e-03
0.7470236        -1.96804155e-01 1.83093318e-04 3.95465437e-02 -1.95752621e-01 1.82172677e-04 4.05729077e-02 -1.05153445e-03 9.20641181e-07 -1.02636405e-03
0.7473956        -1.96413857e-01 -1.32750163e-04 3.63828705e-02 -1.95369548e-01 -1.33605347e-04 3.73989836e-02 -1.04430899e-03 8.55183828e-07 -1.01611304e-03
0.7477698        -2.07411577e-01 2.24259114e-04 4.10915058e-02 -2.06372659e-01 2.23374169e-04 4.20977440e-02 -1.03891748e-03 8.84945499e-07 -1.00623821e-03
0.7481455        -2.16251808e-01 1.43419375e-04 3.91414651e-02 -2.15217114e-01 1.42528376e-04 4.01394787e-02 -1.03469428e-03 8.90999501e-07 -9.98013629e-04
0.7485235        -2.23799438e-01 1.41314889e-04 4.07460027e-02 -2.22767814e-01 1.40417670e-04 4.17364741e-02 -1.03162365e-03 8.97219379e-07 -9.90471340e-04
0.7489029        -2.53529967e-01 4.70612983e-05 4.77459058e-02 -2.52499543e-01 4.61809300e-05 4.87281257e-02 -1.03042392e-03 8.80368287e-07 -9.82219834e-04
0.7492832        -2.08466604e-01 1.42139480e-04 4.53320187e-02 -2.07440989e-01 1.41250657e-04 4.63042063e-02 -1.02561477e-03 8.88823155e-07 -9.72187605e-04
0.7496657        -2.02093761e-01 1.36726131e-04 4.43890371e-02 -2.01073766e-01 1.35830019e-04 4.53512099e-02 -1.01999533e-03 8.96111337e-07 -9.62172804e-04
0.7500514        -2.00426771e-01 1.39267205e-04 3.95517597e-02 -1.99412987e-01 1.38363727e-04 4.05050724e-02 -1.01378457e-03 9.03477586e-07 -9.53312665e-04
0.7504387        -2.00353279e-01 -2.58975008e-04 3.10851254e-02 -1.99345461e-01 -2.59780886e-04 3.20311629e-02 -1.00781741e-03 8.05877895e-07 -9.46037522e-04
0.7508268        -2.09228402e-01 4.83097336e-04 3.94040801e-02 -2.08225329e-01 4.82193327e-04 4.03416042e-02 -1.00307232e-03 9.04008795e-07 -9.37524090e-04
0.7512157        -2.07761065e-01 1.03846540e-04 3.96635450e-02 -2.06763347e-01 1.02942205e-04 4.05924179e-02 -9.97717244e-04 9.04335378e-07 -9.28872951e-04
0.7516054        -2.00629712e-01 1.94861147e-04 3.92734609e-02 -1.99638313e-01 1.93934815e-04 4.01935745e-02 -9.91398686e-04 9.26332699e-07 -9.20113542e-04
0.7519951        -1.98356873e-01 1.41468376e-04 4.27433672e-02 -1.97371433e-01 1.40531103e-04 4.36547947e-02 -9.85440695e-04 9.37272514e-07 -9.11427500e-04
0.7523857        -2.05094243e-01 1.21753637e-04 4.20867319e-02 -2.04114589e-01 1.20808942e-04 4.29888525e-02 -9.79653654e-04 9.44695657e-07 -9.02120531e-04
0.752777         -1.74602722e-01 1.15311815e-04 3.36093638e-02 -1.73629389e-01 1.14361893e-04 3.45028187e-02 -9.73332915e-04 9.49922595e-07 -8.93454889e-04
0.7531692        -2.09821258e-01 2.18982641e-04 4.07882648e-02 -2.08852032e-01 2.18002140e-04 4.16713340e-02 -9.69226396e-04 9.80500710e-07 -8.83069133e-04
0.7535623        -2.15613601e-01 1.26580727e-04 4.14129614e-02 -2.14648410e-01 1.25592839e-04 4.22847350e-02 -9.65191488e-04 9.87887490e-07 -8.71773605e-04
0.7539553        -2.17116461e-01 1.34085359e-04 4.25352435e-02 -2.16155171e-01 1.33085969e-04 4.33966917e-02 -9.61290321e-04 9.99390939e-07 -8.61448178e-04
0.7543492        -1.98017595e-01 7.38224600e-05 3.82861872e-02 -1.97062405e-01 7.28225875e-05 3.91387421e-02 -9.55190387e-04 9.99872499e-07 -8.52554875e-04
0.7547439        -1.77019068e-01 3.03547388e-04 3.40345683e-02 -1.76071817e-01 3.02484421e-04 3.48795247e-02 -9.47251283e-04 1.06296701e-06 -8.44956428e-04
0.7551395        -1.75620760e-01 1.72712081e-04 3.42764866e-02 -1.74680605e-01 1.71616478e-04 3.51145772e-02 -9.40155844e-04 1.09560347e-06 -8.38090561e-04
0.7555368        -1.84083702e-01 1.54354798e-04 3.14701245e-02 -1.83150049e-01 1.53232396e-04 3.23011362e-02 -9.33653043e-04 1.12240193e-06 -8.31011684e-04
0.7559349        -1.97781214e-01 1.46113445e-04 3.76131028e-02 -1.96852898e-01 1.44965389e-04 3.84349516e-02 -9.28315702e-04 1.14805537e-06 -8.21848776e-04
0.756334         -2.16194266e-01 7.57051705e-05 4.17474143e-02 -2.15269804e-01 7.45497358e-05 4.25586595e-02 -9.24461932e-04 1.15543467e-06 -8.11245240e-04
0.756733         -2.04087739e-01 9.89829900e-05 3.96871701e-02 -2.03166992e-01 9.78113902e-05 4.04877221e-02 -9.20747112e-04 1.17159977e-06 -8.00552066e-04
0.7571329        -1.99282335e-01 3.17326697e-04 3.84253190e-02 -1.98366732e-01 3.16083968e-04 3.92161844e-02 -9.15603372e-04 1.24272968e-06 -7.90865381e-04
0.7575338        -1.72228147e-01 -4.43444543e-05 3.16150266e-02 -1.71320113e-01 -4.55673467e-05 3.23979972e-02 -9.08034732e-04 1.22289239e-06 -7.82970560e-04
0.7579355        -1.64379260e-01 2.91389109e-04 3.30826542e-02 -1.63480361e-01 2.90105637e-04 3.38576587e-02 -8.98898818e-04 1.28347220e-06 -7.75004497e-04
0.758339         -1.80318009e-01 1.31379481e-04 3.42526720e-02 -1.79427031e-01 1.30078427e-04 3.50202504e-02 -8.90978951e-04 1.30105327e-06 -7.67578413e-04
0.7587434        -1.83218368e-01 1.96301758e-04 3.54412486e-02 -1.82334046e-01 1.94969367e-04 3.62003738e-02 -8.84322644e-04 1.33239071e-06 -7.59125185e-04
0.7591488        -1.79572322e-01 4.44384702e-05 3.64829050e-02 -1.78694780e-01 4.31104784e-05 3.72313932e-02 -8.77542104e-04 1.32799181e-06 -7.48488209e-04
0.7595559        -1.95957540e-01 8.77727524e-05 3.93633220e-02 -1.95086076e-01 8.64333444e-05 4.00992136e-02 -8.71464651e-04 1.33940797e-06 -7.35891677e-04
0.7599641        -1.71987281e-01 -3.24869226e-04 3.76126433e-02 -1.71123507e-01 -3.26109020e-04 3.83355413e-02 -8.63774227e-04 1.23979395e-06 -7.22898005e-04
0.7603731        -1.76920746e-01 -1.78955428e-04 3.93348903e-02 -1.76063731e-01 -1.80138698e-04 4.00460167e-02 -8.57014429e-04 1.18327005e-06 -7.11126367e-04
0.7607822        -1.77362522e-01 2.56106154e-04 3.63420519e-02 -1.76511340e-01 2.54863660e-04 3.70441537e-02 -8.51181740e-04 1.24249424e-06 -7.02101766e-04
0.7611913        -1.84251548e-01 -5.45020064e-05 3.68311747e-02 -1.83404546e-01 -5.57164588e-05 3.75260332e-02 -8.47002080e-04 1.21445243e-06 -6.94858485e-04
0.7616013        -1.83766474e-01 -9.52326666e-05 3.73021996e-02 -1.82923886e-01 -9.64114158e-05 3.79884864e-02 -8.42587950e-04 1.17874916e-06 -6.86286810e-04
0.7620113        -1.82625926e-01 2.20151705e-04 3.83226074e-02 -1.81789554e-01 2.18928259e-04 3.89995359e-02 -8.36371647e-04 1.22344535e-06 -6.76928567e-04
0.7624213        -1.68494613e-01 5.61608228e-06 3.46377453e-02 -1.67666358e-01 4.40600746e-06 3.53059782e-02 -8.28254702e-04 1.21007482e-06 -6.68232900e-04
0.7628323        -1.40583507e-01 2.38156356e-04 2.77703036e-02 -1.39765503e-01 2.36897753e-04 2.84310531e-02 -8.18003222e-04 1.25860281e-06 -6.60749534e-04
0.7632453        -1.55772849e-01 -1.00135137e-04 3.21156467e-02 -1.54962594e-01 -1.01352244e-04 3.27686135e-02 -8.10255358e-04 1.21710689e-06 -6.52966791e-04
0.7636592        -1.56742443e-01 3.23712816e-04 3.26027858e-02 -1.55939717e-01 3.22421622e-04 3.32462026e-02 -8.02726195e-04 1.29119346e-06 -6.43416797e-04
0.764075         -1.62876543e-01 1.33236826e-04 3.45743361e-02 -1.62081013e-01 1.31926843e-04 3.52059953e-02 -7.95529821e-04 1.30998358e-06 -6.31659229e-04
0.7644919        -1.70770880e-01 1.19458071e-04 3.52522169e-02 -1.69981400e-01 1.18137085e-04 3.58715295e-02 -7.89480099e-04 1.32098541e-06 -6.19312583e-04
0.7649098        -1.60302516e-01 6.50956253e-05 3.52611579e-02 -1.59520550e-01 6.37808011e-05 3.58685163e-02 -7.81965582e-04 1.31482421e-06 -6.07358480e-04
0.7653277        -1.51070139e-01 2.55563096e-05 3.27091074e-02 -1.50295817e-01 2.42602383e-05 3.33067649e-02 -7.74321843e-04 1.29607129e-06 -5.97657471e-04
0.7657466        -1.55798838e-01 -1.74138086e-04 3.25131502e-02 -1.55031768e-01 -1.75361038e-04 3.31029252e-02 -7.67069715e-04 1.22295201e-06 -5.89774969e-04
0.7661666        -1.70418637e-01 3.75504049e-04 3.47298333e-02 -1.69657428e-01 3.74203449e-04 3.53113166e-02 -7.61209898e-04 1.30059982e-06 -5.81483273e-04
0.7665865        -1.56746703e-01 2.92245466e-04 3.09015013e-02 -1.55992339e-01 2.90887564e-04 3.14746764e-02 -7.54363922e-04 1.35790174e-06 -5.73175023e-04
0.7670075        -1.36322687e-01 1.91634897e-04 3.01944810e-02 -1.35577757e-01 1.90252197e-04 3.07579716e-02 -7.44929854e-04 1.38270028e-06 -5.63490581e-04
0.7674295        -1.28625403e-01 1.28906060e-04 2.88208659e-02 -1.27890968e-01 1.27516881e-04 2.93743023e-02 -7.34435256e-04 1.38917952e-06 -5.53436334e-04
0.7678525        -1.28514802e-01 1.26248019e-04 2.85171490e-02 -1.27790261e-01 1.24855246e-04 2.90605440e-02 -7.24541039e-04 1.39277334e-06 -5.43395032e-04
0.7682777        -1.38560222e-01 1.46714315e-04 3.08176997e-02 -1.37843749e-01 1.45312691e-04 3.13513122e-02 -7.16472693e-04 1.40162474e-06 -5.33612423e-04
0.768704         -1.50948799e-01 5.87792272e-05 3.05644614e-02 -1.50238033e-01 5.73950523e-05 3.10896513e-02 -7.10766789e-04 1.38417492e-06 -5.25189856e-04
0.7691302        -1.55072021e-01 1.69116490e-04 3.16680235e-02 -1.54366657e-01 1.67715749e-04 3.21848522e-02 -7.05364171e-04 1.40074036e-06 -5.16828650e-04
0.7695576        -1.34708533e-01 1.33801359e-04 2.81986585e-02 -1.34009950e-01 1.32392091e-04 2.87074514e-02 -6.98582629e-04 1.40926804e-06 -5.08792890e-04
0.769986         -1.37168583e-01 9.84265334e-05 2.96554395e-02 -1.36477409e-01 9.70137567e-05 3.01548853e-02 -6.91174062e-04 1.41277670e-06 -4.99445848e-04
0.7704155        -1.29484769e-01 1.17465557e-04 2.91289595e-02 -1.28801749e-01 1.16041265e-04 2.96181288e-02 -6.83019218e-04 1.42429189e-06 -4.89169307e-04
0.7708461        -1.55810208e-01 1.27192803e-04 3.30452360e-02 -1.55132435e-01 1.25754632e-04 3.35240236e-02 -6.77772750e-04 1.43817084e-06 -4.78787605e-04
0.7712768        -1.39178065e-01 1.81956136e-04 3.09411255e-02 -1.38507976e-01 1.80492362e-04 3.14096004e-02 -6.70089888e-04 1.46377432e-06 -4.68474877e-04
0.7717074        -1.04896586e-01 7.90378444e-05 2.62492924e-02 -1.04237166e-01 7.75774728e-05 2.67078706e-02 -6.59420077e-04 1.46037160e-06 -4.58578147e-04
0.7721403        -9.74579747e-02 2.37454167e-04 2.38803992e-02 -9.68111776e-02 2.35959079e-04 2.43292638e-02 -6.46797101e-04 1.49508828e-06 -4.48864615e-04
0.7725754        -1.00535436e-01 9.75007935e-05 2.73484108e-02 -9.99001506e-02 9.60115442e-05 2.77864925e-02 -6.35285673e-04 1.48924928e-06 -4.38081614e-04
0.7730117        -1.21939093e-01 1.35276897e-04 2.28488766e-02 -1.21311851e-01 1.33781050e-04 2.32783708e-02 -6.27241473e-04 1.49584723e-06 -4.29494248e-04
0.7734504        -1.38727575e-01 1.13490270e-04 2.89887070e-02 -1.38106051e-01 1.11993823e-04 2.94082358e-02 -6.21523525e-04 1.49644645e-06 -4.19528727e-04
0.773889         -1.37963300e-01 1.46318880e-04 2.90328535e-02 -1.37345541e-01 1.44810231e-04 2.94422811e-02 -6.17758821e-04 1.50864955e-06 -4.09427552e-04
0.7743288        -1.35809961e-01 1.25045966e-04 3.01317568e-02 -1.35198604e-01 1.23528741e-04 3.05305315e-02 -6.11357562e-04 1.51722460e-06 -3.98774714e-04
0.7747686        -1.25497784e-01 1.46009906e-04 2.93753967e-02 -1.24895840e-01 1.44476153e-04 2.97644231e-02 -6.01943924e-04 1.53375254e-06 -3.89026323e-04
0.7752097        -9.07170095e-02 1.43063539e-04 2.46719679e-02 -9.01283576e-02 1.41511490e-04 2.50524738e-02 -5.88651922e-04 1.55204853e-06 -3.80505842e-04
0.7756531        -8.61857598e-02 1.29853782e-04 2.36206098e-02 -8.56097365e-02 1.28285571e-04 2.39927722e-02 -5.76023267e-04 1.56821086e-06 -3.72162427e-04
0.7760989        -9.86905871e-02 1.30659364e-04 2.50352708e-02 -9.81239561e-02 1.29072664e-04 2.53980589e-02 -5.66631026e-04 1.58669992e-06 -3.62788099e-04
0.7765473        -1.15768386e-01 6.90440138e-05 2.74520783e-02 -1.15208774e-01 6.74558462e-05 2.78041444e-02 -5.59612177e-04 1.58816758e-06 -3.52066091e-04
0.7769969        -1.29780267e-01 -2.08003060e-05 2.84143693e-02 -1.29225720e-01 -2.23628158e-05 2.87558133e-02 -5.54547111e-04 1.56250979e-06 -3.41444038e-04
0.7774464        -1.08527551e-01 8.43632055e-05 2.60447214e-02 -1.07981009e-01 8.27921331e-05 2.63758190e-02 -5.46541602e-04 1.57107241e-06 -3.31097609e-04
0.7778986        -1.13800763e-01 1.12698026e-04 2.76358766e-02 -1.13262879e-01 1.11109377e-04 2.79562078e-02 -5.37884767e-04 1.58864835e-06 -3.20331206e-04
0.778352         -8.19658405e-02 -4.17856676e-05 1.94522471e-02 -8.14389584e-02 -4.33512573e-05 1.97632036e-02 -5.26882088e-04 1.56558978e-06 -3.10956438e-04
0.778808         -9.10276973e-02 2.34904675e-04 2.36367291e-02 -9.05108187e-02 2.33284818e-04 2.39368815e-02 -5.16878560e-04 1.61985692e-06 -3.00152404e-04
0.7792653        -9.51170328e-02 1.30838973e-04 2.49369361e-02 -9.46093881e-02 1.29194641e-04 2.52269322e-02 -5.07644668e-04 1.64433137e-06 -2.89996094e-04
0.7797253        -9.77087880e-02 1.21309687e-04 2.44806899e-02 -9.72100818e-02 1.19644742e-04 2.47618948e-02 -4.98706203e-04 1.66494498e-06 -2.81204975e-04
0.7801866        -9.48266057e-02 2.51881027e-04 2.40419205e-02 -9.43355839e-02 2.50155778e-04 2.43151421e-02 -4.91021861e-04 1.72524887e-06 -2.73221571e-04
0.7806507        -9.32202308e-02 1.55591080e-04 2.41462542e-02 -9.27383596e-02 1.53835719e-04 2.44102588e-02 -4.81871183e-04 1.75536053e-06 -2.64004594e-04
0.7811161        -8.55112496e-02 1.78376435e-04 2.37888599e-02 -8.50405260e-02 1.76584689e-04 2.40423330e-02 -4.70723593e-04 1.79174628e-06 -2.53473095e-04
0.7815829        -6.48490481e-02 -9.01094234e-05 2.20186625e-02 -6.43924423e-02 -9.18480201e-05 2.22604976e-02 -4.56605820e-04 1.73859674e-06 -2.41835146e-04
0.7820526        -6.57141405e-02 3.50200059e-04 2.23837007e-02 -6.52700567e-02 3.48372096e-04 2.26141772e-02 -4.44083769e-04 1.82796266e-06 -2.30476495e-04
0.782525         -6.68990678e-02 1.97152552e-04 2.20689360e-02 -6.64650488e-02 1.95287742e-04 2.22893191e-02 -4.34019058e-04 1.86481000e-06 -2.20383154e-04
0.782999         -9.51887190e-02 1.77745366e-04 2.37266684e-02 -9.47610470e-02 1.75850376e-04 2.39383148e-02 -4.27671994e-04 1.89498919e-06 -2.11646406e-04
0.7834744        -1.06179871e-01 1.64251407e-04 2.01067710e-02 -1.05757705e-01 1.62331065e-04 2.03114684e-02 -4.22165953e-04 1.92034122e-06 -2.04697379e-04
0.7839512        -7.57331734e-02 1.58692292e-04 2.30143918e-02 -7.53206961e-02 1.56750046e-04 2.32089806e-02 -4.12477256e-04 1.94224584e-06 -1.94588867e-04
0.7844296        -6.08148748e-02 -1.89328304e-05 2.15008331e-02 -6.04147196e-02 -2.08452289e-05 2.16842024e-02 -4.00155228e-04 1.91239850e-06 -1.83369357e-04
0.7849109        -5.08466926e-02 4.73962146e-05 2.08716012e-02 -5.04600005e-02 4.55001297e-05 2.10428424e-02 -3.86692047e-04 1.89608490e-06 -1.71241171e-04
0.7853953        -6.47796866e-02 1.47795879e-04 2.10636513e-02 -6.44035009e-02 1.45880974e-04 2.12242064e-02 -3.76185618e-04 1.91490526e-06 -1.60555150e-04
0.7858813        -7.19339887e-02 3.63871199e-05 2.17196745e-02 -7.15667567e-02 3.44919400e-05 2.18705660e-02 -3.67232065e-04 1.89517990e-06 -1.50891476e-04
0.7863688        -6.87610181e-02 2.02059882e-04 2.14803292e-02 -6.84019522e-02 2.00130816e-04 2.16226662e-02 -3.59065926e-04 1.92906655e-06 -1.42336963e-04
0.7868579        -5.72019810e-02 1.41932265e-04 2.45201971e-02 -5.68528139e-02 1.39989072e-04 2.46517509e-02 -3.49167140e-04 1.94319251e-06 -1.31553746e-04
0.7873502        -6.25718054e-02 1.23668844e-04 2.13643390e-02 -6.22319605e-02 1.21719103e-04 2.14850075e-02 -3.39844843e-04 1.94974092e-06 -1.20668493e-04
0.7878441        -6.53767244e-02 -4.57385487e-05 2.10577798e-02 -6.50454764e-02 -4.76379020e-05 2.11666113e-02 -3.31247972e-04 1.89935323e-06 -1.08831484e-04
0.7883397        -6.26912827e-02 2.79416800e-04 2.10561097e-02 -6.23684255e-02 2.77463149e-04 2.11534073e-02 -3.22857155e-04 1.95365056e-06 -9.72976064e-05
0.7888369        -3.90239450e-02 1.99966530e-04 2.17589359e-02 -3.87127881e-02 1.97986160e-04 2.18450873e-02 -3.11156929e-04 1.98037006e-06 -8.61514008e-05
0.7893374        -2.67202122e-02 9.75694862e-05 1.66151705e-02 -2.64232082e-02 9.55975762e-05 1.66928691e-02 -2.97003988e-04 1.97191008e-06 -7.76986292e-05
0.7898431        -3.46195340e-02 1.33341267e-04 1.28933019e-02 -3.43351121e-02 1.31368787e-04 1.29638710e-02 -2.84421889e-04 1.97247969e-06 -7.05690980e-05
0.7903523        -4.01631508e-02 1.30756686e-04 1.74359351e-02 -3.98882310e-02 1.28787843e-04 1.74965409e-02 -2.74919781e-04 1.96884220e-06 -6.06058175e-05
0.790865         -6.09402212e-02 1.39043865e-04 2.00071924e-02 -6.06714140e-02 1.37080081e-04 2.00560280e-02 -2.68807131e-04 1.96378399e-06 -4.88356736e-05
0.7913795        -6.12621541e-02 1.17325839e-04 2.05871356e-02 -6.09994765e-02 1.15375982e-04 2.06239043e-02 -2.62677617e-04 1.94985700e-06 -3.67687438e-05
0.791894         -4.73123708e-02 1.19185808e-04 1.90241830e-02 -4.70589780e-02 1.17251684e-04 1.90504585e-02 -2.53392854e-04 1.93412366e-06 -2.62754545e-05
0.7924122        -2.82630884e-02 1.02247256e-04 1.67047404e-02 -2.80216500e-02 1.00334923e-04 1.67223396e-02 -2.41438424e-04 1.91233277e-06 -1.75991676e-05
0.792934         -1.87491964e-02 1.24934814e-04 1.56985795e-02 -1.85194944e-02 1.23036669e-04 1.57076783e-02 -2.29701970e-04 1.89814508e-06 -9.09882140e-06
0.7934617        -2.94448464e-02 8.72757058e-05 1.64575591e-02 -2.92249899e-02 8.54027971e-05 1.64566088e-02 -2.19856439e-04 1.87290868e-06 9.50289099e-07
0.7939932        -3.08984605e-02 8.25943680e-05 1.69033502e-02 -3.06870440e-02 8.07521676e-05 1.68906629e-02 -2.11416447e-04 1.84220031e-06 1.26872741e-05
0.7945267        -3.29320509e-02 1.28487269e-04 1.70744574e-02 -3.27288891e-02 1.26656108e-04 1.70499143e-02 -2.03161748e-04 1.83116133e-06 2.45430622e-05
0.7950641        -2.34117558e-02 7.24625305e-05 1.51136416e-02 -2.32182907e-02 7.06604547e-05 1.50791850e-02 -1.93465144e-04 1.80207579e-06 3.44566655e-05
0.7956057        -1.24792163e-02 1.53592198e-04 1.40007310e-02 -1.22968008e-02 1.51788232e-04 1.39579650e-02 -1.82415485e-04 1.80396647e-06 4.27660411e-05
0.7961515        -9.58052333e-03 1.15201030e-04 1.49360712e-02 -9.40891461e-03 1.13408906e-04 1.48842387e-02 -1.71608720e-04 1.79212436e-06 5.18325033e-05
0.7967015        -1.99393667e-02 1.04907399e-04 1.52600614e-02 -1.97766173e-02 1.03127864e-04 1.51976747e-02 -1.62749351e-04 1.77953505e-06 6.23867342e-05
0.7972558        -1.11850632e-02 1.05664394e-04 1.38010901e-02 -1.10308994e-02 1.03897037e-04 1.37272174e-02 -1.54163797e-04 1.76735705e-06 7.38726659e-05
0.7978145        -1.18621409e-02 9.88843864e-05 1.48598180e-02 -1.17168687e-02 9.71257722e-05 1.47745626e-02 -1.45272237e-04 1.75861416e-06 8.52553834e-05
0.7983778        -1.55706211e-02 8.96887255e-05 1.53331410e-02 -1.54337378e-02 8.79333257e-05 1.52363954e-02 -1.36883282e-04 1.75539984e-06 9.67456052e-05
0.7989456        -2.07281681e-02 1.02529013e-04 1.56864069e-02 -2.05982921e-02 1.00769207e-04 1.55775643e-02 -1.29876041e-04 1.75980569e-06 1.08842650e-04
0.7995182        -1.17351843e-02 8.51263093e-05 1.47846349e-02 -1.16139099e-02 8.33654163e-05 1.46642143e-02 -1.21274365e-04 1.76089304e-06 1.20420600e-04
0.8000955        7.87537286e-03 8.63194781e-05 1.36731826e-02 7.98392079e-03 8.45552739e-05 1.35428352e-02 -1.08547925e-04 1.76420414e-06 1.30347399e-04
0.8006802        2.10743239e-02 8.70443272e-05 1.27268011e-02 2.11683081e-02 8.52767397e-05 1.25874062e-02 -9.39841513e-05 1.76758743e-06 1.39394966e-04
0.8012725        -1.76777792e-03 8.25454263e-05 1.40789545e-02 -1.68357062e-03 8.07738120e-05 1.39286977e-02 -8.42073018e-05 1.77161424e-06 1.50256844e-04
0.8018726        -1.53687671e-02 7.97759880e-05 1.44752375e-02 -1.52904650e-02 7.80063949e-05 1.43124209e-02 -7.83021585e-05 1.76959305e-06 1.62816677e-04
0.8024781        -1.28199864e-02 8.47396834e-05 1.43859938e-02 -1.27484831e-02 8.29667100e-05 1.42107797e-02 -7.15032926e-05 1.77297339e-06 1.75214084e-04
0.803089         1.86076159e-04 9.58404763e-05 1.27411681e-02 2.47887643e-04 9.40611528e-05 1.25541197e-02 -6.18114835e-05 1.77932350e-06 1.87048407e-04
