t,Ex,Ez,tipx,tipz,psi_deg,phi_deg,power
0.000000,0.033506,-0.019381,0.098559,-0.084434,135.000000,105.000000,1.000000
0.001112,0.033505,-0.019380,0.098558,-0.084435,134.999037,105.000000,1.000000
0.002225,0.033504,-0.019379,0.098553,-0.084437,134.996146,105.000000,1.000000
0.003338,0.033502,-0.019376,0.098546,-0.084440,134.991330,105.000000,1.000000
0.004450,0.033499,-0.019372,0.098536,-0.084444,134.984586,105.000000,1.000000
0.005562,0.033496,-0.019368,0.098522,-0.084449,134.975918,105.000000,1.000000
0.006675,0.033491,-0.019362,0.098506,-0.084456,134.965323,105.000000,1.000000
0.007788,0.033486,-0.019356,0.098486,-0.084463,134.952804,105.000000,1.000000
0.008900,0.033480,-0.019348,0.098464,-0.084472,134.938362,105.000000,1.000000
0.010013,0.033474,-0.019340,0.098439,-0.084482,134.921996,105.000000,1.000000
0.011125,0.033466,-0.019330,0.098411,-0.084493,134.903709,105.000000,1.000000
0.012238,0.033458,-0.019320,0.098379,-0.084506,134.883501,105.000000,1.000000
0.013350,0.033449,-0.019308,0.098345,-0.084519,134.861373,105.000000,1.000000
0.014462,0.033439,-0.019296,0.098308,-0.084534,134.837328,105.000000,1.000000
0.015575,0.033429,-0.019282,0.098268,-0.084550,134.811366,105.000000,1.000000
0.016688,0.033417,-0.019267,0.098225,-0.084567,134.783490,105.000000,1.000000
0.017800,0.033405,-0.019252,0.098179,-0.084585,134.753700,105.000000,1.000000
0.018912,0.033392,-0.019235,0.098130,-0.084604,134.722000,105.000000,1.000000
0.020025,0.033379,-0.019218,0.098078,-0.084624,134.688391,105.000000,1.000000
0.021138,0.033364,-0.019199,0.098023,-0.084646,134.652874,105.000000,1.000000
0.022250,0.033349,-0.019179,0.097965,-0.084668,134.615454,105.000000,1.000000
0.023363,0.033333,-0.019159,0.097904,-0.084692,134.576131,105.000000,1.000000
0.024475,0.033317,-0.019137,0.097840,-0.084717,134.534908,105.000000,1.000000
0.025587,0.033299,-0.019114,0.097774,-0.084743,134.491788,105.000000,1.000000
0.026700,0.033281,-0.019091,0.097704,-0.084770,134.446775,105.000000,1.000000
0.027813,0.033262,-0.019066,0.097631,-0.084798,134.399870,105.000000,1.000000
0.028925,0.033243,-0.019040,0.097556,-0.084827,134.351076,105.000000,1.000000
0.030037,0.033222,-0.019014,0.097477,-0.084857,134.300398,105.000000,1.000000
0.031150,0.033201,-0.018986,0.097395,-0.084888,134.247837,105.000000,1.000000
0.032262,0.033179,-0.018957,0.097311,-0.084921,134.193398,105.000000,1.000000
0.033375,0.033157,-0.018928,0.097224,-0.084954,134.137084,105.000000,1.000000
0.034487,0.033134,-0.018897,0.097133,-0.084988,134.078899,105.000000,1.000000
0.035600,0.033110,-0.018865,0.097040,-0.085023,134.018846,105.000000,1.000000
0.036713,0.033085,-0.018832,0.096944,-0.085060,133.956929,105.000000,1.000000
0.037825,0.033059,-0.018799,0.096845,-0.085097,133.893152,105.000000,1.000000
0.038937,0.033033,-0.018764,0.096742,-0.085135,133.827520,105.000000,1.000000
0.040050,0.033007,-0.018728,0.096637,-0.085174,133.760036,105.000000,1.000000
0.041162,0.032979,-0.018691,0.096529,-0.085215,133.690704,105.000000,1.000000
0.042275,0.032951,-0.018654,0.096419,-0.085256,133.619530,105.000000,1.000000
0.043388,0.032922,-0.018615,0.096305,-0.085298,133.546518,105.000000,1.000000
0.044500,0.032893,-0.018575,0.096188,-0.085341,133.471672,105.000000,1.000000
0.045613,0.032862,-0.018534,0.096069,-0.085384,133.394998,105.000000,1.000000
0.046725,0.032832,-0.018492,0.095946,-0.085429,133.316500,105.000000,1.000000
0.047837,0.032800,-0.018449,0.095821,-0.085475,133.236183,105.000000,1.000000
0.048950,0.032768,-0.018405,0.095692,-0.085521,133.154053,105.000000,1.000000
0.050063,0.032735,-0.018361,0.095561,-0.085568,133.070114,105.000000,1.000000
0.051175,0.032702,-0.018315,0.095427,-0.085616,132.984372,105.000000,1.000000
0.052288,0.032668,-0.018268,0.095290,-0.085665,132.896833,105.000000,1.000000
0.053400,0.032633,-0.018220,0.095150,-0.085715,132.807503,105.000000,1.000000
0.054512,0.032598,-0.018171,0.095008,-0.085765,132.716386,105.000000,1.000000
0.055625,0.032562,-0.018121,0.094862,-0.085816,132.623489,105.000000,1.000000
0.056737,0.032525,-0.018070,0.094714,-0.085868,132.528818,105.000000,1.000000
0.057850,0.032488,-0.018018,0.094562,-0.085921,132.432379,105.000000,1.000000
0.058963,0.032450,-0.017965,0.094408,-0.085974,132.334178,105.000000,1.000000
0.060075,0.032412,-0.017911,0.094251,-0.086028,132.234221,105.000000,1.000000
0.061187,0.032373,-0.017856,0.094091,-0.086083,132.132515,105.000000,1.000000
0.062300,0.032334,-0.017800,0.093929,-0.086138,132.029066,105.000000,1.000000
0.063412,0.032294,-0.017743,0.093763,-0.086194,131.923881,105.000000,1.000000
0.064525,0.032253,-0.017685,0.093595,-0.086250,131.816967,105.000000,1.000000
0.065638,0.032212,-0.017625,0.093424,-0.086307,131.708331,105.000000,1.000000
0.066750,0.032171,-0.017565,0.093250,-0.086365,131.597979,105.000000,1.000000
0.067863,0.032129,-0.017504,0.093073,-0.086423,131.485919,105.000000,1.000000
0.068975,0.032086,-0.017442,0.092893,-0.086482,131.372158,105.000000,1.000000
0.070087,0.032043,-0.017379,0.092711,-0.086541,131.256703,105.000000,1.000000
0.071200,0.031999,-0.017315,0.092526,-0.086601,131.139561,105.000000,1.000000
0.072313,0.031955,-0.017250,0.092338,-0.086661,131.020741,105.000000,1.000000
0.073425,0.031910,-0.017183,0.092147,-0.086722,130.900249,105.000000,1.000000
0.074537,0.031865,-0.017116,0.091953,-0.086783,130.778094,105.000000,1.000000
0.075650,0.031820,-0.017048,0.091757,-0.086844,130.654283,105.000000,1.000000
0.076762,0.031774,-0.016979,0.091558,-0.086906,130.528824,105.000000,1.000000
0.077875,0.031727,-0.016909,0.091357,-0.086968,130.401726,105.000000,1.000000
0.078988,0.031680,-0.016837,0.091152,-0.087031,130.272996,105.000000,1.000000
0.080100,0.031633,-0.016765,0.090945,-0.087094,130.142643,105.000000,1.000000
0.081212,0.031585,-0.016692,0.090735,-0.087157,130.010675,105.000000,1.000000
0.082325,0.031537,-0.016618,0.090522,-0.087221,129.877101,105.000000,1.000000
0.083437,0.031489,-0.016543,0.090307,-0.087284,129.741929,105.000000,1.000000
0.084550,0.031440,-0.016466,0.090089,-0.087348,129.605168,105.000000,1.000000
0.085663,0.031390,-0.016389,0.089869,-0.087412,129.466826,105.000000,1.000000
0.086775,0.031341,-0.016311,0.089645,-0.087477,129.326913,105.000000,1.000000
0.087887,0.031291,-0.016232,0.089419,-0.087541,129.185438,105.000000,1.000000
0.089000,0.031240,-0.016151,0.089191,-0.087606,129.042409,105.000000,1.000000
0.090112,0.031190,-0.016070,0.088959,-0.087671,128.897836,105.000000,1.000000
0.091225,0.031138,-0.015988,0.088726,-0.087736,128.751728,105.000000,1.000000
0.092338,0.031087,-0.015905,0.088489,-0.087801,128.604094,105.000000,1.000000
0.093450,0.031035,-0.015821,0.088250,-0.087866,128.454944,105.000000,1.000000
0.094562,0.030983,-0.015735,0.088008,-0.087931,128.304288,105.000000,1.000000
0.095675,0.030931,-0.015649,0.087764,-0.087996,128.152136,105.000000,1.000000
0.096787,0.030878,-0.015562,0.087517,-0.088061,127.998496,105.000000,1.000000
0.097900,0.030826,-0.015474,0.087268,-0.088126,127.843379,105.000000,1.000000
0.099013,0.030773,-0.015385,0.087016,-0.088190,127.686795,105.000000,1.000000
0.100125,0.030719,-0.015295,0.086762,-0.088255,127.528753,105.000000,1.000000
0.101237,0.030666,-0.015204,0.086505,-0.088320,127.369265,105.000000,1.000000
0.102350,0.030612,-0.015112,0.086246,-0.088384,127.208340,105.000000,1.000000
0.103462,0.030558,-0.015019,0.085984,-0.088449,127.045988,105.000000,1.000000
0.104575,0.030504,-0.014925,0.085719,-0.088513,126.882221,105.000000,1.000000
0.105688,0.030449,-0.014830,0.085453,-0.088577,126.717048,105.000000,1.000000
0.106800,0.030395,-0.014734,0.085183,-0.088641,126.550481,105.000000,1.000000
0.107912,0.030340,-0.014637,0.084912,-0.088704,126.382529,105.000000,1.000000
0.109025,0.030285,-0.014539,0.084638,-0.088767,126.213203,105.000000,1.000000
0.110137,0.030230,-0.014441,0.084361,-0.088830,126.042516,105.000000,1.000000
0.111250,0.030175,-0.014341,0.084082,-0.088893,125.870477,105.000000,1.000000
0.112363,0.030119,-0.014240,0.083801,-0.088955,125.697097,105.000000,1.000000
0.113475,0.030064,-0.014139,0.083518,-0.089017,125.522388,105.000000,1.000000
0.114587,0.030008,-0.014036,0.083232,-0.089078,125.346361,105.000000,1.000000
0.115700,0.029952,-0.013933,0.082944,-0.089139,125.169027,105.000000,1.000000
0.116812,0.029897,-0.013829,0.082653,-0.089199,124.990397,105.000000,1.000000
0.117925,0.029841,-0.013723,0.082360,-0.089259,124.810484,105.000000,1.000000
0.119038,0.029785,-0.013617,0.082065,-0.089319,124.629298,105.000000,1.000000
0.120150,0.029729,-0.013510,0.081768,-0.089378,124.446852,105.000000,1.000000
0.121262,0.029673,-0.013402,0.081469,-0.089436,124.263156,105.000000,1.000000
0.122375,0.029617,-0.013293,0.081167,-0.089494,124.078224,105.000000,1.000000
0.123488,0.029561,-0.013183,0.080863,-0.089551,123.892066,105.000000,1.000000
0.124600,0.029505,-0.013072,0.080557,-0.089608,123.704694,105.000000,1.000000
0.125713,0.029449,-0.012961,0.080249,-0.089664,123.516121,105.000000,1.000000
0.126825,0.029393,-0.012848,0.079939,-0.089719,123.326359,105.000000,1.000000
0.127938,0.029337,-0.012735,0.079626,-0.089774,123.135420,105.000000,1.000000
0.129050,0.029281,-0.012620,0.079312,-0.089828,122.943316,105.000000,1.000000
0.130162,0.029225,-0.012505,0.078995,-0.089881,122.750059,105.000000,1.000000
0.131275,0.029170,-0.012389,0.078677,-0.089933,122.555663,105.000000,1.000000
0.132387,0.029114,-0.012272,0.078356,-0.089985,122.360139,105.000000,1.000000
0.133500,0.029058,-0.012155,0.078033,-0.090036,122.163500,105.000000,1.000000
0.134612,0.029003,-0.012036,0.077709,-0.090085,121.965758,105.000000,1.000000
0.135725,0.028947,-0.011916,0.077382,-0.090135,121.766927,105.000000,1.000000
0.136838,0.028892,-0.011796,0.077053,-0.090183,121.567019,105.000000,1.000000
0.137950,0.028837,-0.011675,0.076723,-0.090230,121.366047,105.000000,1.000000
0.139063,0.028782,-0.011553,0.076391,-0.090276,121.164024,105.000000,1.000000
0.140175,0.028727,-0.011430,0.076057,-0.090322,120.960962,105.000000,1.000000
0.141288,0.028672,-0.011307,0.075720,-0.090366,120.756876,105.000000,1.000000
0.142400,0.028617,-0.011182,0.075383,-0.090410,120.551777,105.000000,1.000000
0.143512,0.028563,-0.011057,0.075043,-0.090452,120.345680,105.000000,1.000000
0.144625,0.028509,-0.010931,0.074701,-0.090494,120.138596,105.000000,1.000000
0.145737,0.028455,-0.010804,0.074358,-0.090534,119.930541,105.000000,1.000000
0.146850,0.028401,-0.010677,0.074013,-0.090574,119.721527,105.000000,1.000000
0.147962,0.028348,-0.010548,0.073667,-0.090612,119.511567,105.000000,1.000000
0.149075,0.028294,-0.010419,0.073318,-0.090649,119.300675,105.000000,1.000000
0.150188,0.028241,-0.010289,0.072968,-0.090685,119.088864,105.000000,1.000000
0.151300,0.028188,-0.010159,0.072617,-0.090720,118.876149,105.000000,1.000000
0.152413,0.028136,-0.010027,0.072264,-0.090754,118.662542,105.000000,1.000000
0.153525,0.028084,-0.009895,0.071909,-0.090786,118.448058,105.000000,1.000000
0.154638,0.028032,-0.009762,0.071553,-0.090817,118.232710,105.000000,1.000000
0.155750,0.027980,-0.009629,0.071195,-0.090848,118.016512,105.000000,1.000000
0.156862,0.027929,-0.009495,0.070835,-0.090876,117.799478,105.000000,1.000000
0.157975,0.027877,-0.009360,0.070475,-0.090904,117.581622,105.000000,1.000000
0.159087,0.027827,-0.009224,0.070112,-0.090930,117.362958,105.000000,1.000000
0.160200,0.027776,-0.009088,0.069749,-0.090955,117.143500,105.000000,1.000000
0.161312,0.027726,-0.008951,0.069384,-0.090979,116.923262,105.000000,1.000000
0.162425,0.027677,-0.008813,0.069017,-0.091001,116.702258,105.000000,1.000000
0.163538,0.027627,-0.008674,0.068649,-0.091022,116.480503,105.000000,1.000000
0.164650,0.027578,-0.008535,0.068280,-0.091042,116.258010,105.000000,1.000000
0.165763,0.027530,-0.008396,0.067910,-0.091060,116.034794,105.000000,1.000000
0.166875,0.027482,-0.008256,0.067539,-0.091077,115.810870,105.000000,1.000000
0.167988,0.027434,-0.008115,0.067166,-0.091093,115.586251,105.000000,1.000000
0.169100,0.027386,-0.007973,0.066792,-0.091107,115.360952,105.000000,1.000000
0.170212,0.027340,-0.007831,0.066417,-0.091119,115.134987,105.000000,1.000000
0.171325,0.027293,-0.007688,0.066041,-0.091131,114.908372,105.000000,1.000000
0.172437,0.027247,-0.007545,0.065663,-0.091140,114.681120,105.000000,1.000000
0.173550,0.027201,-0.007401,0.065285,-0.091149,114.453247,105.000000,1.000000
0.174662,0.027156,-0.007257,0.064905,-0.091155,114.224766,105.000000,1.000000
0.175775,0.027111,-0.007112,0.064525,-0.091161,113.995693,105.000000,1.000000
0.176888,0.027067,-0.006966,0.064143,-0.091164,113.766042,105.000000,1.000000
0.178000,0.027023,-0.006820,0.063761,-0.091167,113.535828,105.000000,1.000000
0.179113,0.026980,-0.006673,0.063378,-0.091167,113.305065,105.000000,1.000000
0.180225,0.026937,-0.006526,0.062994,-0.091166,113.073770,105.000000,1.000000
0.181337,0.026895,-0.006379,0.062609,-0.091164,112.841955,105.000000,1.000000
0.182450,0.026853,-0.006231,0.062223,-0.091160,112.609638,105.000000,1.000000
0.183562,0.026812,-0.006082,0.061836,-0.091154,112.376831,105.000000,1.000000
0.184675,0.026771,-0.005933,0.061449,-0.091147,112.143550,105.000000,1.000000
0.185787,0.026731,-0.005783,0.061061,-0.091139,111.909811,105.000000,1.000000
0.186900,0.026691,-0.005634,0.060672,-0.091128,111.675628,105.000000,1.000000
0.188012,0.026652,-0.005483,0.060282,-0.091116,111.441016,105.000000,1.000000
0.189125,0.026614,-0.005332,0.059892,-0.091103,111.205991,105.000000,1.000000
0.190238,0.026576,-0.005181,0.059501,-0.091087,110.970566,105.000000,1.000000
0.191350,0.026538,-0.005029,0.059110,-0.091071,110.734759,105.000000,1.000000
0.192463,0.026501,-0.004877,0.058718,-0.091052,110.498583,105.000000,1.000000
0.193575,0.026465,-0.004725,0.058326,-0.091032,110.262054,105.000000,1.000000
0.194687,0.026429,-0.004572,0.057933,-0.091010,110.025187,105.000000,1.000000
0.195800,0.026394,-0.004419,0.057540,-0.090987,109.787997,105.000000,1.000000
0.196912,0.026359,-0.004266,0.057146,-0.090962,109.550499,105.000000,1.000000
0.198025,0.026325,-0.004112,0.056752,-0.090935,109.312710,105.000000,1.000000
0.199137,0.026292,-0.003958,0.056358,-0.090906,109.074643,105.000000,1.000000
0.200250,0.026259,-0.003803,0.055963,-0.090876,108.836315,105.000000,1.000000
0.201362,0.026227,-0.003649,0.055568,-0.090844,108.597740,105.000000,1.000000
0.202475,0.026196,-0.003494,0.055173,-0.090811,108.358934,105.000000,1.000000
0.203588,0.026165,-0.003338,0.054777,-0.090776,108.119913,105.000000,1.000000
0.204700,0.026134,-0.003183,0.054382,-0.090739,107.880691,105.000000,1.000000
0.205813,0.026105,-0.003027,0.053986,-0.090701,107.641284,105.000000,1.000000
0.206925,0.026076,-0.002871,0.053590,-0.090660,107.401707,105.000000,1.000000
0.208037,0.026047,-0.002715,0.053194,-0.090618,107.161976,105.000000,1.000000
0.209150,0.026019,-0.002558,0.052798,-0.090575,106.922107,105.000000,1.000000
0.210262,0.025992,-0.002402,0.052402,-0.090530,106.682113,105.000000,1.000000
0.211375,0.025966,-0.002245,0.052006,-0.090483,106.442012,105.000000,1.000000
0.212487,0.025940,-0.002088,0.051610,-0.090434,106.201818,105.000000,1.000000
0.213600,0.025915,-0.001931,0.051214,-0.090384,105.961547,105.000000,1.000000
0.214713,0.025890,-0.001773,0.050818,-0.090332,105.721215,105.000000,1.000000
0.215825,0.025866,-0.001616,0.050422,-0.090278,105.480835,105.000000,1.000000
0.216938,0.025843,-0.001459,0.050027,-0.090223,105.240425,105.000000,1.000000
0.218050,0.025820,-0.001301,0.049632,-0.090166,105.000000,105.000000,1.000000
0.219163,0.025798,-0.001143,0.049237,-0.090107,104.759575,105.000000,1.000000
0.220275,0.025777,-0.000985,0.048842,-0.090047,104.519165,105.000000,1.000000
0.221387,0.025757,-0.000827,0.048448,-0.089985,104.278785,105.000000,1.000000
0.222500,0.025737,-0.000670,0.048053,-0.089922,104.038453,105.000000,1.000000
0.223612,0.025717,-0.000512,0.047660,-0.089857,103.798182,105.000000,1.000000
0.224725,0.025699,-0.000354,0.047266,-0.089790,103.557988,105.000000,1.000000
0.225837,0.025681,-0.000195,0.046873,-0.089721,103.317887,105.000000,1.000000
0.226950,0.025664,-0.000037,0.046481,-0.089651,103.077893,105.000000,1.000000
0.228063,0.025647,0.000121,0.046089,-0.089580,102.838024,105.000000,1.000000
0.229175,0.025631,0.000279,0.045698,-0.089506,102.598293,105.000000,1.000000
0.230288,0.025616,0.000437,0.045307,-0.089432,102.358716,105.000000,1.000000
0.231400,0.025601,0.000594,0.044917,-0.089355,102.119309,105.000000,1.000000
0.232513,0.025588,0.000752,0.044527,-0.089277,101.880087,105.000000,1.000000
0.233625,0.025574,0.000910,0.044138,-0.089198,101.641066,105.000000,1.000000
0.234737,0.025562,0.001068,0.043750,-0.089117,101.402260,105.000000,1.000000
0.235850,0.025550,0.001225,0.043362,-0.089034,101.163685,105.000000,1.000000
0.236962,0.025539,0.001383,0.042975,-0.088950,100.925357,105.000000,1.000000
0.238075,0.025528,0.001540,0.042589,-0.088864,100.687290,105.000000,1.000000
0.239187,0.025518,0.001697,0.042204,-0.088777,100.449501,105.000000,1.000000
0.240300,0.025509,0.001854,0.041820,-0.088688,100.212003,105.000000,1.000000
0.241413,0.025500,0.002011,0.041436,-0.088598,99.974813,105.000000,1.000000
0.242525,0.025493,0.002168,0.041054,-0.088507,99.737946,105.000000,1.000000
0.243638,0.025485,0.002324,0.040672,-0.088413,99.501417,105.000000,1.000000
0.244750,0.025479,0.002481,0.040291,-0.088319,99.265241,105.000000,1.000000
0.245863,0.025473,0.002637,0.039911,-0.088223,99.029434,105.000000,1.000000
0.246975,0.025468,0.002793,0.039533,-0.088126,98.794009,105.000000,1.000000
0.248087,0.025463,0.002948,0.039155,-0.088027,98.558984,105.000000,1.000000
0.249200,0.025459,0.003104,0.038778,-0.087927,98.324372,105.000000,1.000000
0.250312,0.025456,0.003259,0.038403,-0.087826,98.090189,105.000000,1.000000
0.251425,0.025453,0.003413,0.038029,-0.087723,97.856450,105.000000,1.000000
0.252537,0.025451,0.003568,0.037655,-0.087619,97.623169,105.000000,1.000000
0.253650,0.025449,0.003722,0.037283,-0.087514,97.390362,105.000000,1.000000
0.254763,0.025449,0.003876,0.036912,-0.087407,97.158045,105.000000,1.000000
0.255875,0.025448,0.004030,0.036543,-0.087299,96.926230,105.000000,1.000000
0.256987,0.025449,0.004183,0.036174,-0.087190,96.694935,105.000000,1.000000
0.258100,0.025450,0.004336,0.035807,-0.087079,96.464172,105.000000,1.000000
0.259213,0.025451,0.004488,0.035442,-0.086968,96.233958,105.000000,1.000000
0.260325,0.025454,0.004640,0.035077,-0.086855,96.004307,105.000000,1.000000
0.261437,0.025457,0.004792,0.034714,-0.086741,95.775234,105.000000,1.000000
0.262550,0.025460,0.004943,0.034353,-0.086626,95.546753,105.000000,1.000000
0.263663,0.025464,0.005094,0.033992,-0.086510,95.318880,105.000000,1.000000
0.264775,0.025469,0.005245,0.033634,-0.086392,95.091628,105.000000,1.000000
0.265887,0.025474,0.005395,0.033276,-0.086274,94.865013,105.000000,1.000000
0.267000,0.025480,0.005544,0.032921,-0.086154,94.639048,105.000000,1.000000
0.268112,0.025486,0.005693,0.032566,-0.086034,94.413749,105.000000,1.000000
0.269225,0.025493,0.005842,0.032214,-0.085912,94.189130,105.000000,1.000000
0.270338,0.025501,0.005990,0.031862,-0.085790,93.965206,105.000000,1.000000
0.271450,0.025509,0.006138,0.031513,-0.085666,93.741990,105.000000,1.000000
0.272562,0.025517,0.006285,0.031165,-0.085542,93.519497,105.000000,1.000000
0.273675,0.025526,0.006431,0.030819,-0.085416,93.297742,105.000000,1.000000
0.274788,0.025536,0.006577,0.030474,-0.085290,93.076738,105.000000,1.000000
0.275900,0.025546,0.006723,0.030131,-0.085163,92.856500,105.000000,1.000000
0.277012,0.025557,0.006868,0.029790,-0.085035,92.637042,105.000000,1.000000
0.278125,0.025568,0.007012,0.029450,-0.084906,92.418378,105.000000,1.000000
0.279237,0.025580,0.007156,0.029112,-0.084776,92.200522,105.000000,1.000000
0.280350,0.025592,0.007299,0.028776,-0.084645,91.983488,105.000000,1.000000
0.281463,0.025605,0.007442,0.028442,-0.084514,91.767290,105.000000,1.000000
0.282575,0.025618,0.007584,0.028110,-0.084382,91.551942,105.000000,1.000000
0.283687,0.025632,0.007726,0.027779,-0.084249,91.337458,105.000000,1.000000
0.284800,0.025646,0.007866,0.027450,-0.084116,91.123851,105.000000,1.000000
0.285913,0.025660,0.008006,0.027123,-0.083982,90.911136,105.000000,1.000000
0.287025,0.025675,0.008146,0.026798,-0.083847,90.699325,105.000000,1.000000
0.288137,0.025691,0.008285,0.026475,-0.083712,90.488433,105.000000,1.000000
0.289250,0.025707,0.008423,0.026154,-0.083576,90.278473,105.000000,1.000000
0.290363,0.025723,0.008560,0.025835,-0.083440,90.069459,105.000000,1.000000
0.291475,0.025740,0.008697,0.025518,-0.083303,89.861404,105.000000,1.000000
0.292588,0.025757,0.008833,0.025202,-0.083165,89.654320,105.000000,1.000000
0.293700,0.025775,0.008969,0.024889,-0.083027,89.448223,105.000000,1.000000
0.294812,0.025793,0.009103,0.024578,-0.082889,89.243124,105.000000,1.000000
0.295925,0.025811,0.009237,0.024268,-0.082750,89.039038,105.000000,1.000000
0.297038,0.025830,0.009370,0.023961,-0.082611,88.835976,105.000000,1.000000
0.298150,0.025849,0.009503,0.023656,-0.082471,88.633953,105.000000,1.000000
0.299262,0.025869,0.009634,0.023353,-0.082331,88.432981,105.000000,1.000000
0.300375,0.025889,0.009765,0.023052,-0.082191,88.233073,105.000000,1.000000
0.301488,0.025909,0.009896,0.022753,-0.082050,88.034242,105.000000,1.000000
0.302600,0.025930,0.010025,0.022457,-0.081910,87.836500,105.000000,1.000000
0.303712,0.025951,0.010153,0.022162,-0.081768,87.639861,105.000000,1.000000
0.304825,0.025972,0.010281,0.021869,-0.081627,87.444337,105.000000,1.000000
0.305937,0.025993,0.010408,0.021579,-0.081486,87.249941,105.000000,1.000000
0.307050,0.026015,0.010534,0.021291,-0.081344,87.056684,105.000000,1.000000
0.308163,0.026037,0.010660,0.021005,-0.081203,86.864580,105.000000,1.000000
0.309275,0.026060,0.010784,0.020721,-0.081061,86.673641,105.000000,1.000000
0.310387,0.026082,0.010908,0.020440,-0.080919,86.483879,105.000000,1.000000
0.311500,0.026105,0.011031,0.020161,-0.080777,86.295306,105.000000,1.000000
0.312613,0.026128,0.011152,0.019884,-0.080635,86.107934,105.000000,1.000000
0.313725,0.026152,0.011274,0.019609,-0.080494,85.921776,105.000000,1.000000
0.314837,0.026176,0.011394,0.019336,-0.080352,85.736844,105.000000,1.000000
0.315950,0.026199,0.011513,0.019066,-0.080210,85.553148,105.000000,1.000000
0.317063,0.026224,0.011631,0.018798,-0.080068,85.370702,105.000000,1.000000
0.318175,0.026248,0.011749,0.018533,-0.079927,85.189516,105.000000,1.000000
0.319288,0.026272,0.011866,0.018269,-0.079786,85.009603,105.000000,1.000000
0.320400,0.026297,0.011981,0.018008,-0.079645,84.830973,105.000000,1.000000
0.321512,0.026322,0.012096,0.017750,-0.079504,84.653639,105.000000,1.000000
0.322625,0.026347,0.012210,0.017493,-0.079363,84.477612,105.000000,1.000000
0.323738,0.026372,0.012323,0.017239,-0.079223,84.302903,105.000000,1.000000
0.324850,0.026398,0.012435,0.016988,-0.079083,84.129523,105.000000,1.000000
0.325962,0.026423,0.012546,0.016739,-0.078943,83.957484,105.000000,1.000000
0.327075,0.026449,0.012656,0.016492,-0.078804,83.786797,105.000000,1.000000
0.328188,0.026474,0.012765,0.016247,-0.078665,83.617471,105.000000,1.000000
0.329300,0.026500,0.012873,0.016005,-0.078526,83.449519,105.000000,1.000000
0.330412,0.026526,0.012981,0.015765,-0.078388,83.282952,105.000000,1.000000
0.331525,0.026552,0.013087,0.015528,-0.078250,83.117779,105.000000,1.000000
0.332637,0.026578,0.013192,0.015293,-0.078113,82.954012,105.000000,1.000000
0.333750,0.026605,0.013297,0.015061,-0.077976,82.791660,105.000000,1.000000
0.334863,0.026631,0.013400,0.014831,-0.077840,82.630735,105.000000,1.000000
0.335975,0.026657,0.013502,0.014603,-0.077705,82.471247,105.000000,1.000000
0.337087,0.026683,0.013603,0.014378,-0.077570,82.313205,105.000000,1.000000
0.338200,0.026710,0.013704,0.014155,-0.077436,82.156621,105.000000,1.000000
0.339313,0.026736,0.013803,0.013935,-0.077302,82.001504,105.000000,1.000000
0.340425,0.026763,0.013901,0.013717,-0.077169,81.847864,105.000000,1.000000
0.341537,0.026789,0.013999,0.013502,-0.077037,81.695712,105.000000,1.000000
0.342650,0.026816,0.014095,0.013289,-0.076905,81.545056,105.000000,1.000000
0.343762,0.026842,0.014190,0.013078,-0.076775,81.395906,105.000000,1.000000
0.344875,0.026868,0.014284,0.012870,-0.076645,81.248272,105.000000,1.000000
0.345988,0.026895,0.014377,0.012665,-0.076516,81.102164,105.000000,1.000000
0.347100,0.026921,0.014469,0.012462,-0.076387,80.957591,105.000000,1.000000
0.348212,0.026947,0.014560,0.012261,-0.076260,80.814562,105.000000,1.000000
0.349325,0.026973,0.014650,0.012063,-0.076133,80.673087,105.000000,1.000000
0.350438,0.027000,0.014739,0.011868,-0.076008,80.533174,105.000000,1.000000
0.351550,0.027026,0.014827,0.011675,-0.075883,80.394832,105.000000,1.000000
0.352662,0.027052,0.014914,0.011484,-0.075759,80.258071,105.000000,1.000000
0.353775,0.027077,0.015000,0.011296,-0.075637,80.122899,105.000000,1.000000
0.354888,0.027103,0.015084,0.011111,-0.075515,79.989325,105.000000,1.000000
0.356000,0.027129,0.015168,0.010928,-0.075394,79.857357,105.000000,1.000000
0.357112,0.027154,0.015250,0.010747,-0.075275,79.727004,105.000000,1.000000
0.358225,0.027180,0.015332,0.010569,-0.075156,79.598274,105.000000,1.000000
0.359337,0.027205,0.015412,0.010394,-0.075039,79.471176,105.000000,1.000000
0.360450,0.027230,0.015491,0.010221,-0.074923,79.345717,105.000000,1.000000
0.361563,0.027255,0.015570,0.010050,-0.074807,79.221906,105.000000,1.000000
0.362675,0.027280,0.015647,0.009882,-0.074694,79.099751,105.000000,1.000000
0.363787,0.027304,0.015722,0.009717,-0.074581,78.979259,105.000000,1.000000
0.364900,0.027329,0.015797,0.009554,-0.074469,78.860439,105.000000,1.000000
0.366013,0.027353,0.015871,0.009394,-0.074359,78.743297,105.000000,1.000000
0.367125,0.027377,0.015944,0.009236,-0.074250,78.627842,105.000000,1.000000
0.368237,0.027400,0.016015,0.009081,-0.074142,78.514081,105.000000,1.000000
0.369350,0.027424,0.016086,0.008928,-0.074036,78.402021,105.000000,1.000000
0.370462,0.027447,0.016155,0.008778,-0.073931,78.291669,105.000000,1.000000
0.371575,0.027471,0.016223,0.008630,-0.073827,78.183033,105.000000,1.000000
0.372688,0.027493,0.016290,0.008485,-0.073725,78.076119,105.000000,1.000000
0.373800,0.027516,0.016356,0.008342,-0.073624,77.970934,105.000000,1.000000
0.374912,0.027538,0.016421,0.008202,-0.073524,77.867485,105.000000,1.000000
0.376025,0.027560,0.016484,0.008065,-0.073426,77.765779,105.000000,1.000000
0.377138,0.027582,0.016547,0.007930,-0.073330,77.665822,105.000000,1.000000
0.378250,0.027604,0.016608,0.007797,-0.073235,77.567621,105.000000,1.000000
0.379362,0.027625,0.016668,0.007668,-0.073141,77.471182,105.000000,1.000000
0.380475,0.027646,0.016727,0.007540,-0.073049,77.376511,105.000000,1.000000
0.381588,0.027667,0.016785,0.007415,-0.072958,77.283614,105.000000,1.000000
0.382700,0.027687,0.016842,0.007293,-0.072869,77.192497,105.000000,1.000000
0.383813,0.027707,0.016898,0.007173,-0.072781,77.103167,105.000000,1.000000
0.384925,0.027727,0.016952,0.007056,-0.072695,77.015628,105.000000,1.000000
0.386037,0.027746,0.017006,0.006941,-0.072611,76.929886,105.000000,1.000000
0.387150,0.027766,0.017058,0.006829,-0.072528,76.845947,105.000000,1.000000
0.388263,0.027784,0.017109,0.006719,-0.072447,76.763817,105.000000,1.000000
0.389375,0.027803,0.017159,0.006612,-0.072367,76.683500,105.000000,1.000000
0.390487,0.027821,0.017208,0.006508,-0.072289,76.605002,105.000000,1.000000
0.391600,0.027838,0.017255,0.006406,-0.072213,76.528328,105.000000,1.000000
0.392713,0.027856,0.017302,0.006306,-0.072139,76.453482,105.000000,1.000000
0.393825,0.027873,0.017347,0.006209,-0.072066,76.380470,105.000000,1.000000
0.394937,0.027889,0.017391,0.006115,-0.071995,76.309296,105.000000,1.000000
0.396050,0.027906,0.017434,0.006023,-0.071925,76.239964,105.000000,1.000000
0.397162,0.027921,0.017476,0.005933,-0.071858,76.172480,105.000000,1.000000
0.398275,0.027937,0.017517,0.005847,-0.071792,76.106848,105.000000,1.000000
0.399388,0.027952,0.017556,0.005762,-0.071728,76.043071,105.000000,1.000000
0.400500,0.027967,0.017594,0.005680,-0.071666,75.981154,105.000000,1.000000
0.401612,0.027981,0.017631,0.005601,-0.071605,75.921101,105.000000,1.000000
0.402725,0.027995,0.017667,0.005524,-0.071546,75.862916,105.000000,1.000000
0.403838,0.028008,0.017702,0.005450,-0.071489,75.806602,105.000000,1.000000
0.404950,0.028021,0.017736,0.005379,-0.071434,75.752163,105.000000,1.000000
0.406062,0.028034,0.017768,0.005309,-0.071381,75.699602,105.000000,1.000000
0.407175,0.028046,0.017800,0.005243,-0.071330,75.648924,105.000000,1.000000
0.408287,0.028058,0.017830,0.005179,-0.071280,75.600130,105.000000,1.000000
0.409400,0.028069,0.017859,0.005117,-0.071232,75.553225,105.000000,1.000000
0.410513,0.028080,0.017886,0.005058,-0.071187,75.508212,105.000000,1.000000
0.411625,0.028091,0.017913,0.005001,-0.071143,75.465092,105.000000,1.000000
0.412737,0.028101,0.017938,0.004947,-0.071101,75.423869,105.000000,1.000000
0.413850,0.028110,0.017963,0.004896,-0.071060,75.384546,105.000000,1.000000
0.414963,0.028119,0.017986,0.004847,-0.071022,75.347126,105.000000,1.000000
0.416075,0.028128,0.018007,0.004800,-0.070986,75.311609,105.000000,1.000000
0.417187,0.028136,0.018028,0.004756,-0.070951,75.278000,105.000000,1.000000
0.418300,0.028144,0.018048,0.004715,-0.070919,75.246300,105.000000,1.000000
0.419413,0.028151,0.018066,0.004676,-0.070889,75.216510,105.000000,1.000000
0.420525,0.028158,0.018083,0.004639,-0.070860,75.188634,105.000000,1.000000
0.421637,0.028164,0.018099,0.004606,-0.070833,75.162672,105.000000,1.000000
0.422750,0.028170,0.018114,0.004574,-0.070809,75.138627,105.000000,1.000000
0.423862,0.028176,0.018128,0.004545,-0.070786,75.116499,105.000000,1.000000
0.424975,0.028181,0.018140,0.004519,-0.070765,75.096291,105.000000,1.000000
0.426088,0.028185,0.018151,0.004495,-0.070746,75.078004,105.000000,1.000000
0.427200,0.028189,0.018161,0.004474,-0.070730,75.061638,105.000000,1.000000
0.428312,0.028193,0.018170,0.004455,-0.070715,75.047196,105.000000,1.000000
0.429425,0.028196,0.018178,0.004438,-0.070702,75.034677,105.000000,1.000000
0.430538,0.028199,0.018184,0.004425,-0.070691,75.024082,105.000000,1.000000
0.431650,0.028201,0.018190,0.004413,-0.070682,75.015414,105.000000,1.000000
0.432762,0.028202,0.018194,0.004405,-0.070675,75.008670,105.000000,1.000000
0.433875,0.028204,0.018197,0.004398,-0.070670,75.003854,105.000000,1.000000
0.434987,0.028204,0.018199,0.004395,-0.070667,75.000963,105.000000,1.000000
0.436100,0.028205,0.018199,0.004393,-0.070666,75.000000,105.000000,0.000000
0.437213,0.028204,0.018201,0.004394,-0.070664,75.000889,104.996146,0.000000
0.438325,0.028204,0.018207,0.004398,-0.070659,75.003557,104.984586,0.000000
0.439437,0.028203,0.018218,0.004404,-0.070651,75.008004,104.965322,0.000000
0.440550,0.028201,0.018232,0.004412,-0.070639,75.014228,104.938358,0.000000
0.441663,0.028199,0.018251,0.004422,-0.070623,75.022231,104.903702,0.000000
0.442775,0.028197,0.018274,0.004435,-0.070605,75.032011,104.861361,0.000000
0.443887,0.028194,0.018301,0.004450,-0.070582,75.043567,104.811345,0.000000
0.445000,0.028191,0.018332,0.004468,-0.070557,75.056900,104.753667,0.000000
0.446113,0.028187,0.018367,0.004487,-0.070528,75.072008,104.688339,0.000000
0.447225,0.028183,0.018406,0.004510,-0.070496,75.088891,104.615378,0.000000
0.448337,0.028179,0.018450,0.004534,-0.070460,75.107547,104.534800,0.000000
0.449450,0.028174,0.018497,0.004561,-0.070421,75.127975,104.446626,0.000000
0.450562,0.028169,0.018549,0.004591,-0.070379,75.150174,104.350875,0.000000
0.451675,0.028163,0.018604,0.004622,-0.070333,75.174143,104.247570,0.000000
0.452788,0.028158,0.018664,0.004657,-0.070284,75.199880,104.136737,0.000000
0.453900,0.028152,0.018727,0.004693,-0.070232,75.227385,104.018400,0.000000
0.455012,0.028145,0.018795,0.004732,-0.070176,75.256654,103.892589,0.000000
0.456125,0.028139,0.018867,0.004774,-0.070117,75.287687,103.759333,0.000000
0.457238,0.028132,0.018942,0.004818,-0.070055,75.320482,103.618664,0.000000
0.458350,0.028125,0.019022,0.004865,-0.069989,75.355036,103.470615,0.000000
0.459462,0.028118,0.019105,0.004914,-0.069921,75.391348,103.315221,0.000000
0.460575,0.028110,0.019192,0.004965,-0.069849,75.429415,103.152519,0.000000
0.461687,0.028102,0.019284,0.005020,-0.069774,75.469236,102.982548,0.000000
0.462800,0.028095,0.019378,0.005077,-0.069695,75.510807,102.805347,0.000000
0.463913,0.028087,0.019477,0.005136,-0.069614,75.554127,102.620960,0.000000
0.465025,0.028079,0.019580,0.005198,-0.069530,75.599192,102.429429,0.000000
0.466137,0.028071,0.019686,0.005263,-0.069442,75.646001,102.230801,0.000000
0.467250,0.028063,0.019796,0.005331,-0.069351,75.694550,102.025121,0.000000
0.468363,0.028055,0.019910,0.005401,-0.069258,75.744837,101.812440,0.000000
0.469475,0.028047,0.020027,0.005474,-0.069161,75.796858,101.592807,0.000000
0.470587,0.028039,0.020148,0.005550,-0.069061,75.850611,101.366275,0.000000
0.471700,0.028032,0.020272,0.005629,-0.068959,75.906092,101.132896,0.000000
0.472812,0.028024,0.020400,0.005710,-0.068853,75.963298,100.892728,0.000000
0.473925,0.028017,0.020531,0.005794,-0.068744,76.022225,100.645826,0.000000
0.475038,0.028009,0.020666,0.005882,-0.068633,76.082871,100.392249,0.000000
0.476150,0.028002,0.020805,0.005972,-0.068519,76.145231,100.132057,0.000000
0.477262,0.027996,0.020946,0.006065,-0.068402,76.209301,99.865312,0.000000
0.478375,0.027989,0.021091,0.006161,-0.068282,76.275079,99.592078,0.000000
0.479488,0.027983,0.021239,0.006260,-0.068160,76.342560,99.312418,0.000000
0.480600,0.027977,0.021390,0.006362,-0.068034,76.411740,99.026400,0.000000
0.481712,0.027972,0.021545,0.006468,-0.067907,76.482615,98.734091,0.000000
0.482825,0.027967,0.021702,0.006576,-0.067776,76.555181,98.435560,0.000000
0.483938,0.027962,0.021863,0.006687,-0.067643,76.629433,98.130879,0.000000
0.485050,0.027958,0.022027,0.006802,-0.067508,76.705367,97.820119,0.000000
0.486162,0.027955,0.022193,0.006920,-0.067370,76.782979,97.503354,0.000000
0.487275,0.027952,0.022363,0.007041,-0.067229,76.862264,97.180660,0.000000
0.488387,0.027949,0.022535,0.007165,-0.067086,76.943217,96.852112,0.000000
0.489500,0.027948,0.022710,0.007293,-0.066941,77.025833,96.517790,0.000000
0.490613,0.027947,0.022888,0.007423,-0.066794,77.110108,96.177771,0.000000
0.491725,0.027946,0.023068,0.007557,-0.066644,77.196037,95.832137,0.000000
0.492837,0.027946,0.023251,0.007695,-0.066492,77.283614,95.480970,0.000000
0.493950,0.027947,0.023437,0.007836,-0.066338,77.372834,95.124353,0.000000
0.495063,0.027949,0.023625,0.007980,-0.066182,77.463693,94.762371,0.000000
0.496175,0.027952,0.023815,0.008127,-0.066023,77.556184,94.395108,0.000000
0.497287,0.027955,0.024008,0.008278,-0.065863,77.650302,94.022654,0.000000
0.498400,0.027959,0.024203,0.008433,-0.065701,77.746042,93.645095,0.000000
0.499512,0.027965,0.024400,0.008591,-0.065537,77.843397,93.262521,0.000000
0.500625,0.027971,0.024599,0.008752,-0.065371,77.942363,92.875024,0.000000
0.501737,0.027978,0.024801,0.008917,-0.065203,78.042933,92.482694,0.000000
0.502850,0.027985,0.025004,0.009085,-0.065034,78.145101,92.085626,0.000000
0.503962,0.027994,0.025209,0.009257,-0.064863,78.248862,91.683912,0.000000
0.505075,0.028004,0.025416,0.009433,-0.064690,78.354208,91.277650,0.000000
0.506188,0.028015,0.025625,0.009612,-0.064515,78.461134,90.866933,0.000000
0.507300,0.028027,0.025836,0.009795,-0.064340,78.569634,90.451862,0.000000
0.508413,0.028040,0.026048,0.009981,-0.064162,78.679701,90.032532,0.000000
0.509525,0.028054,0.026261,0.010171,-0.063984,78.791328,89.609045,0.000000
0.510637,0.028069,0.026477,0.010364,-0.063804,78.904509,89.181501,0.000000
0.511750,0.028085,0.026693,0.010561,-0.063623,79.019238,88.750000,0.000000
0.512862,0.028103,0.026911,0.010762,-0.063440,79.135507,88.314646,0.000000
0.513975,0.028121,0.027130,0.010966,-0.063257,79.253309,87.875541,0.000000
0.515088,0.028141,0.027350,0.011174,-0.063072,79.372638,87.432789,0.000000
0.516200,0.028161,0.027571,0.011385,-0.062886,79.493486,86.986497,0.000000
0.517312,0.028183,0.027793,0.011600,-0.062700,79.615846,86.536768,0.000000
0.518425,0.028206,0.028016,0.011819,-0.062512,79.739712,86.083711,0.000000
0.519537,0.028230,0.028240,0.012041,-0.062324,79.865075,85.627433,0.000000
0.520650,0.028256,0.028465,0.012267,-0.062135,79.991928,85.168041,0.000000
0.521763,0.028282,0.028690,0.012497,-0.061945,80.120265,84.705645,0.000000
0.522875,0.028310,0.028916,0.012730,-0.061755,80.250076,84.240354,0.000000
0.523988,0.028338,0.029143,0.012966,-0.061564,80.381354,83.772279,0.000000
0.525100,0.028368,0.029369,0.013206,-0.061373,80.514093,83.301531,0.000000
0.526212,0.028399,0.029597,0.013450,-0.061181,80.648283,82.828221,0.000000
0.527325,0.028431,0.029824,0.013697,-0.060988,80.783916,82.352462,0.000000
0.528438,0.028465,0.030051,0.013947,-0.060796,80.920986,81.874366,0.000000
0.529550,0.028499,0.030279,0.014201,-0.060603,81.059483,81.394047,0.000000
0.530663,0.028535,0.030507,0.014459,-0.060410,81.199400,80.911619,0.000000
0.531775,0.028571,0.030734,0.014720,-0.060217,81.340728,80.427196,0.000000
0.532887,0.028609,0.030962,0.014984,-0.060024,81.483458,79.940893,0.000000
0.534000,0.028647,0.031189,0.015252,-0.059831,81.627583,79.452825,0.000000
0.535112,0.028687,0.031416,0.015522,-0.059638,81.773093,78.963109,0.000000
0.536225,0.028728,0.031642,0.015797,-0.059445,81.919981,78.471859,0.000000
0.537338,0.028769,0.031868,0.016074,-0.059252,82.068237,77.979194,0.000000
0.538450,0.028812,0.032093,0.016355,-0.059060,82.217853,77.485229,0.000000
0.539562,0.028856,0.032318,0.016638,-0.058867,82.368819,76.990082,0.000000
0.540675,0.028900,0.032542,0.016925,-0.058676,82.521127,76.493869,0.000000
0.541787,0.028945,0.032765,0.017215,-0.058484,82.674768,75.996710,0.000000
0.542900,0.028992,0.032987,0.017508,-0.058293,82.829732,75.498722,0.000000
0.544013,0.029038,0.033208,0.017804,-0.058103,82.986012,75.000022,0.000000
0.545125,0.029086,0.033429,0.018103,-0.057913,83.143596,74.500729,0.000000
0.546238,0.029135,0.033648,0.018405,-0.057724,83.302476,74.000962,0.000000
0.547350,0.029184,0.033866,0.018709,-0.057536,83.462642,73.500839,0.000000
0.548462,0.029233,0.034082,0.019017,-0.057348,83.624086,73.000479,0.000000
0.549575,0.029284,0.034298,0.019327,-0.057162,83.786797,72.500000,0.000000
0.550687,0.029335,0.034512,0.019639,-0.056976,83.950765,71.999521,0.000000
0.551800,0.029386,0.034724,0.019955,-0.056791,84.115982,71.499161,0.000000
0.552913,0.029438,0.034935,0.020272,-0.056607,84.282436,70.999038,0.000000
0.554025,0.029490,0.035144,0.020593,-0.056424,84.450119,70.499271,0.000000
0.555137,0.029543,0.035352,0.020915,-0.056243,84.619021,69.999978,0.000000
0.556250,0.029596,0.035558,0.021240,-0.056062,84.789131,69.501278,0.000000
0.557362,0.029649,0.035762,0.021568,-0.055883,84.960439,69.003290,0.000000
0.558475,0.029703,0.035964,0.021897,-0.055704,85.132935,68.506131,0.000000
0.559588,0.029756,0.036164,0.022229,-0.055527,85.306609,68.009918,0.000000
0.560700,0.029810,0.036362,0.022562,-0.055352,85.481451,67.514771,0.000000
0.561813,0.029864,0.036558,0.022898,-0.055178,85.657450,67.020806,0.000000
0.562925,0.029918,0.036752,0.023235,-0.055005,85.834596,66.528141,0.000000
0.564037,0.029971,0.036944,0.023574,-0.054833,86.012878,66.036891,0.000000
0.565150,0.030025,0.037133,0.023915,-0.054664,86.192286,65.547175,0.000000
0.566263,0.030078,0.037320,0.024258,-0.054495,86.372809,65.059107,0.000000
0.567375,0.030131,0.037505,0.024602,-0.054328,86.554436,64.572804,0.000000
0.568488,0.030184,0.037688,0.024948,-0.054163,86.737157,64.088381,0.000000
0.569600,0.030237,0.037867,0.025295,-0.054000,86.920961,63.605953,0.000000
0.570712,0.030289,0.038045,0.025644,-0.053838,87.105837,63.125634,0.000000
0.571825,0.030340,0.038219,0.025993,-0.053678,87.291773,62.647538,0.000000
0.572937,0.030391,0.038391,0.026344,-0.053520,87.478760,62.171779,0.000000
0.574050,0.030442,0.038561,0.026696,-0.053363,87.666785,61.698469,0.000000
0.575163,0.030491,0.038727,0.027049,-0.053208,87.855838,61.227721,0.000000
0.576275,0.030540,0.038891,0.027403,-0.053055,88.045908,60.759646,0.000000
0.577387,0.030588,0.039052,0.027758,-0.052904,88.236982,60.294355,0.000000
0.578500,0.030635,0.039210,0.028113,-0.052755,88.429051,59.831959,0.000000
0.579612,0.030682,0.039366,0.028469,-0.052608,88.622102,59.372567,0.000000
0.580725,0.030727,0.039518,0.028826,-0.052462,88.816124,58.916289,0.000000
0.581838,0.030771,0.039667,0.029183,-0.052319,89.011106,58.463232,0.000000
0.582950,0.030814,0.039813,0.029541,-0.052178,89.207035,58.013503,0.000000
0.584063,0.030855,0.039957,0.029898,-0.052038,89.403901,57.567211,0.000000
0.585175,0.030896,0.040097,0.030256,-0.051901,89.601692,57.124459,0.000000
0.586287,0.030935,0.040234,0.030615,-0.051766,89.800395,56.685354,0.000000
0.587400,0.030973,0.040367,0.030973,-0.051633,90.000000,56.250000,0.000000
0.588512,0.031009,0.040498,0.031331,-0.051502,90.200494,55.818499,0.000000
0.589625,0.031044,0.040625,0.031689,-0.051373,90.401866,55.390955,0.000000
0.590738,0.031077,0.040749,0.032047,-0.051246,90.604103,54.967468,0.000000
0.591850,0.031108,0.040869,0.032404,-0.051121,90.807193,54.548138,0.000000
0.592962,0.031137,0.040987,0.032761,-0.050999,91.011125,54.133067,0.000000
0.594075,0.031165,0.041101,0.033117,-0.050879,91.215887,53.722350,0.000000
0.595187,0.031191,0.041211,0.033473,-0.050761,91.421466,53.316088,0.000000
0.596300,0.031215,0.041318,0.033829,-0.050645,91.627849,52.914374,0.000000
0.597413,0.031237,0.041422,0.034183,-0.050531,91.835026,52.517306,0.000000
0.598525,0.031257,0.041522,0.034537,-0.050420,92.042983,52.124976,0.000000
0.599638,0.031275,0.041618,0.034890,-0.050311,92.251708,51.737479,0.000000
0.600750,0.031291,0.041711,0.035242,-0.050204,92.461190,51.354905,0.000000
0.601862,0.031304,0.041801,0.035592,-0.050099,92.671414,50.977346,0.000000
0.602975,0.031316,0.041886,0.035942,-0.049997,92.882370,50.604892,0.000000
0.604087,0.031324,0.041969,0.036290,-0.049897,93.094044,50.237629,0.000000
0.605200,0.031331,0.042047,0.036637,-0.049800,93.306424,49.875647,0.000000
0.606313,0.031335,0.042122,0.036983,-0.049704,93.519497,49.519030,0.000000
0.607425,0.031337,0.042193,0.037327,-0.049611,93.733251,49.167863,0.000000
0.608537,0.031336,0.042261,0.037669,-0.049521,93.947673,48.822229,0.000000
0.609650,0.031332,0.042325,0.038010,-0.049433,94.162750,48.482210,0.000000
0.610762,0.031326,0.042385,0.038350,-0.049347,94.378470,48.147888,0.000000
0.611875,0.031317,0.042441,0.038687,-0.049264,94.594819,47.819340,0.000000
0.612988,0.031306,0.042493,0.039023,-0.049183,94.811786,47.496646,0.000000
0.614100,0.031291,0.042542,0.039357,-0.049104,95.029356,47.179881,0.000000
0.615212,0.031274,0.042587,0.039689,-0.049028,95.247518,46.869121,0.000000
0.616325,0.031254,0.042627,0.040018,-0.048954,95.466257,46.564440,0.000000
0.617437,0.031232,0.042665,0.040346,-0.048883,95.685562,46.265909,0.000000
0.618550,0.031206,0.042698,0.040671,-0.048814,95.905420,45.973600,0.000000
0.619663,0.031177,0.042727,0.040995,-0.048748,96.125816,45.687582,0.000000
0.620775,0.031146,0.042752,0.041316,-0.048684,96.346739,45.407922,0.000000
0.621888,0.031111,0.042773,0.041635,-0.048623,96.568175,45.134688,0.000000
0.623000,0.031073,0.042791,0.041951,-0.048564,96.790110,44.867943,0.000000
0.624112,0.031033,0.042804,0.042265,-0.048508,97.012533,44.607751,0.000000
0.625225,0.030989,0.042813,0.042576,-0.048454,97.235429,44.354174,0.000000
0.626337,0.030942,0.042818,0.042885,-0.048403,97.458785,44.107272,0.000000
0.627450,0.030892,0.042820,0.043191,-0.048355,97.682588,43.867104,0.000000
0.628563,0.030839,0.042817,0.043495,-0.048309,97.906826,43.633725,0.000000
0.629675,0.030783,0.042810,0.043796,-0.048265,98.131484,43.407193,0.000000
0.630787,0.030723,0.042798,0.044094,-0.048225,98.356549,43.187560,0.000000
0.631900,0.030661,0.042783,0.044389,-0.048187,98.582008,42.974879,0.000000
0.633012,0.030595,0.042764,0.044682,-0.048151,98.807847,42.769199,0.000000
0.634125,0.030526,0.042740,0.044972,-0.048119,99.034054,42.570571,0.000000
0.635238,0.030454,0.042712,0.045259,-0.048089,99.260614,42.379040,0.000000
0.636350,0.030378,0.042680,0.045543,-0.048062,99.487514,42.194653,0.000000
0.637463,0.030300,0.042643,0.045824,-0.048037,99.714742,42.017452,0.000000
0.638575,0.030218,0.042603,0.046102,-0.048016,99.942283,41.847481,0.000000
0.639687,0.030133,0.042558,0.046377,-0.047997,100.170123,41.684779,0.000000
0.640800,0.030045,0.042508,0.046650,-0.047981,100.398250,41.529385,0.000000
0.641912,0.029953,0.042454,0.046919,-0.047968,100.626650,41.381336,0.000000
0.643025,0.029859,0.042396,0.047185,-0.047958,100.855309,41.240667,0.000000
0.644138,0.029761,0.042334,0.047448,-0.047950,101.084214,41.107411,0.000000
0.645250,0.029661,0.042267,0.047709,-0.047946,101.313351,40.981600,0.000000
0.646362,0.029557,0.042195,0.047966,-0.047944,101.542707,40.863263,0.000000
0.647475,0.029450,0.042119,0.048220,-0.047946,101.772268,40.752430,0.000000
0.648587,0.029340,0.042039,0.048471,-0.047950,102.002019,40.649125,0.000000
0.649700,0.029227,0.041954,0.048719,-0.047958,102.231949,40.553374,0.000000
0.650813,0.029111,0.041864,0.048964,-0.047968,102.462043,40.465200,0.000000
0.651925,0.028992,0.041770,0.049206,-0.047982,102.692287,40.384622,0.000000
0.653038,0.028870,0.041671,0.049445,-0.047999,102.922669,40.311661,0.000000
0.654150,0.028745,0.041567,0.049680,-0.048019,103.153173,40.246333,0.000000
0.655262,0.028618,0.041459,0.049913,-0.048042,103.383787,40.188655,0.000000
0.656375,0.028487,0.041346,0.050143,-0.048069,103.614496,40.138639,0.000000
0.657488,0.028354,0.041229,0.050370,-0.048098,103.845288,40.096298,0.000000
0.658600,0.028218,0.041106,0.050594,-0.048131,104.076148,40.061642,0.000000
0.659713,0.028080,0.040979,0.050814,-0.048168,104.307063,40.034678,0.000000
0.660825,0.027938,0.040847,0.051032,-0.048207,104.538019,40.015414,0.000000
0.661937,0.027795,0.040710,0.051248,-0.048250,104.769003,40.003854,0.000000
0.663050,0.027648,0.040569,0.051460,-0.048297,105.000000,40.000000,0.000000
0.664162,0.027500,0.040422,0.051669,-0.048346,105.230997,40.003854,0.000000
0.665275,0.027349,0.040270,0.051876,-0.048400,105.461981,40.015414,0.000000
0.666388,0.027195,0.040114,0.052080,-0.048457,105.692937,40.034678,0.000000
0.667500,0.027040,0.039953,0.052281,-0.048517,105.923852,40.061642,0.000000
0.668612,0.026882,0.039786,0.052480,-0.048581,106.154712,40.096298,0.000000
0.669725,0.026723,0.039615,0.052676,-0.048649,106.385504,40.138639,0.000000
0.670837,0.026561,0.039438,0.052869,-0.048720,106.616213,40.188655,0.000000
0.671950,0.026397,0.039257,0.053060,-0.048795,106.846827,40.246333,0.000000
0.673063,0.026232,0.039070,0.053248,-0.048873,107.077331,40.311661,0.000000
0.674175,0.026064,0.038879,0.053435,-0.048956,107.307713,40.384622,0.000000
0.675288,0.025895,0.038682,0.053618,-0.049042,107.537957,40.465200,0.000000
0.676400,0.025725,0.038480,0.053800,-0.049132,107.768051,40.553374,0.000000
0.677512,0.025553,0.038273,0.053979,-0.049226,107.997981,40.649125,0.000000
0.678625,0.025379,0.038060,0.054156,-0.049323,108.227732,40.752430,0.000000
0.679737,0.025205,0.037843,0.054332,-0.049425,108.457293,40.863263,0.000000
0.680850,0.025029,0.037620,0.054505,-0.049530,108.686649,40.981600,0.000000
0.681963,0.024852,0.037392,0.054676,-0.049639,108.915786,41.107411,0.000000
0.683075,0.024674,0.037159,0.054846,-0.049752,109.144691,41.240667,0.000000
0.684187,0.024495,0.036921,0.055013,-0.049870,109.373350,41.381336,0.000000
0.685300,0.024315,0.036678,0.055179,-0.049991,109.601750,41.529385,0.000000
0.686412,0.024135,0.036429,0.055344,-0.050116,109.829877,41.684779,0.000000
0.687525,0.023954,0.036175,0.055507,-0.050245,110.057717,41.847481,0.000000
0.688638,0.023772,0.035915,0.055668,-0.050379,110.285258,42.017452,0.000000
0.689750,0.023591,0.035651,0.055829,-0.050516,110.512486,42.194653,0.000000
0.690863,0.023409,0.035381,0.055988,-0.050657,110.739386,42.379040,0.000000
0.691975,0.023227,0.035106,0.056145,-0.050803,110.965946,42.570571,0.000000
0.693087,0.023045,0.034826,0.056302,-0.050952,111.192153,42.769199,0.000000
0.694200,0.022863,0.034541,0.056458,-0.051106,111.417992,42.974879,0.000000
0.695312,0.022681,0.034250,0.056613,-0.051264,111.643451,43.187560,0.000000
0.696425,0.022500,0.033954,0.056768,-0.051426,111.868516,43.407193,0.000000
0.697538,0.022319,0.033653,0.056921,-0.051592,112.093174,43.633725,0.000000
0.698650,0.022139,0.033347,0.057075,-0.051762,112.317412,43.867104,0.000000
0.699762,0.021959,0.033035,0.057227,-0.051936,112.541215,44.107272,0.000000
0.700875,0.021781,0.032719,0.057380,-0.052114,112.764571,44.354174,0.000000
0.701987,0.021603,0.032397,0.057532,-0.052297,112.987467,44.607751,0.000000
0.703100,0.021427,0.032071,0.057684,-0.052483,113.209890,44.867943,0.000000
0.704213,0.021252,0.031739,0.057836,-0.052674,113.431825,45.134688,0.000000
0.705325,0.021078,0.031403,0.057988,-0.052869,113.653261,45.407922,0.000000
0.706437,0.020906,0.031061,0.058141,-0.053067,113.874184,45.687582,0.000000
0.707550,0.020735,0.030714,0.058293,-0.053270,114.094580,45.973600,0.000000
0.708662,0.020566,0.030363,0.058447,-0.053477,114.314438,46.265909,0.000000
0.709775,0.020399,0.030007,0.058600,-0.053687,114.533743,46.564440,0.000000
0.710888,0.020234,0.029646,0.058755,-0.053902,114.752482,46.869121,0.000000
0.712000,0.020072,0.029280,0.058910,-0.054120,114.970644,47.179881,0.000000
0.713113,0.019911,0.028910,0.059066,-0.054342,115.188214,47.496646,0.000000
0.714225,0.019753,0.028535,0.059223,-0.054569,115.405181,47.819340,0.000000
0.715337,0.019598,0.028155,0.059381,-0.054798,115.621530,48.147888,0.000000
0.716450,0.019445,0.027771,0.059540,-0.055032,115.837250,48.482210,0.000000
0.717562,0.019295,0.027383,0.059701,-0.055269,116.052327,48.822229,0.000000
0.718675,0.019148,0.026990,0.059863,-0.055510,116.266749,49.167863,0.000000
0.719788,0.019004,0.026593,0.060026,-0.055755,116.480503,49.519030,0.000000
0.720900,0.018863,0.026192,0.060191,-0.056003,116.693576,49.875647,0.000000
0.722012,0.018726,0.025787,0.060358,-0.056254,116.905956,50.237629,0.000000
0.723125,0.018591,0.025377,0.060527,-0.056509,117.117630,50.604892,0.000000
0.724237,0.018461,0.024964,0.060697,-0.056768,117.328586,50.977346,0.000000
0.725350,0.018334,0.024547,0.060870,-0.057029,117.538810,51.354905,0.000000
0.726463,0.018211,0.024126,0.061045,-0.057294,117.748292,51.737479,0.000000
0.727575,0.018091,0.023702,0.061222,-0.057562,117.957017,52.124976,0.000000
0.728688,0.017976,0.023274,0.061401,-0.057833,118.164974,52.517306,0.000000
0.729800,0.017865,0.022842,0.061583,-0.058106,118.372151,52.914374,0.000000
0.730912,0.017758,0.022408,0.061767,-0.058383,118.578534,53.316088,0.000000
0.732025,0.017655,0.021970,0.061954,-0.058663,118.784113,53.722350,0.000000
0.733137,0.017556,0.021529,0.062143,-0.058945,118.988875,54.133067,0.000000
0.734250,0.017463,0.021085,0.062336,-0.059230,119.192807,54.548138,0.000000
0.735363,0.017373,0.020638,0.062531,-0.059517,119.395897,54.967468,0.000000
0.736475,0.017289,0.020188,0.062729,-0.059807,119.598134,55.390955,0.000000
0.737587,0.017209,0.019736,0.062930,-0.060099,119.799506,55.818499,0.000000
0.738700,0.017134,0.019281,0.063134,-0.060393,120.000000,56.250000,0.000000
0.739812,0.017063,0.018824,0.063341,-0.060689,120.199605,56.685354,0.000000
0.740925,0.016998,0.018365,0.063551,-0.060988,120.398308,57.124459,0.000000
0.742038,0.016938,0.017903,0.063764,-0.061288,120.596099,57.567211,0.000000
0.743150,0.016883,0.017440,0.063981,-0.061590,120.792965,58.013503,0.000000
0.744263,0.016833,0.016975,0.064201,-0.061894,120.988894,58.463232,0.000000
0.745375,0.016789,0.016508,0.064425,-0.062199,121.183876,58.916289,0.000000
0.746487,0.016749,0.016039,0.064652,-0.062506,121.377898,59.372567,0.000000
0.747600,0.016715,0.015569,0.064882,-0.062814,121.570949,59.831959,0.000000
0.748713,0.016687,0.015098,0.065116,-0.063123,121.763018,60.294355,0.000000
0.749825,0.016664,0.014626,0.065354,-0.063433,121.954092,60.759646,0.000000
0.750938,0.016646,0.014153,0.065595,-0.063745,122.144162,61.227721,0.000000
0.752050,0.016634,0.013679,0.065840,-0.064057,122.333215,61.698469,0.000000
0.753162,0.016628,0.013204,0.066088,-0.064370,122.521240,62.171779,0.000000
0.754275,0.016627,0.012729,0.066340,-0.064683,122.708227,62.647538,0.000000
0.755387,0.016632,0.012253,0.066596,-0.064997,122.894163,63.125634,0.000000
0.756500,0.016642,0.011777,0.066855,-0.065311,123.079039,63.605953,0.000000
0.757613,0.016658,0.011301,0.067118,-0.065626,123.262843,64.088381,0.000000
0.758725,0.016679,0.010826,0.067385,-0.065940,123.445564,64.572804,0.000000
0.759837,0.016707,0.010350,0.067655,-0.066254,123.627191,65.059107,0.000000
0.760950,0.016739,0.009875,0.067929,-0.066569,123.807714,65.547175,0.000000
0.762062,0.016778,0.009400,0.068207,-0.066883,123.987122,66.036891,0.000000
0.763175,0.016822,0.008926,0.068488,-0.067196,124.165404,66.528141,0.000000
0.764288,0.016872,0.008453,0.068772,-0.067509,124.342550,67.020806,0.000000
0.765400,0.016927,0.007981,0.069061,-0.067822,124.518549,67.514771,0.000000
0.766513,0.016988,0.007510,0.069353,-0.068133,124.693391,68.009918,0.000000
0.767625,0.017054,0.007041,0.069648,-0.068444,124.867065,68.506131,0.000000
0.768737,0.017126,0.006572,0.069947,-0.068753,125.039561,69.003290,0.000000
0.769850,0.017203,0.006106,0.070249,-0.069061,125.210869,69.501278,0.000000
0.770962,0.017285,0.005641,0.070554,-0.069368,125.380979,69.999978,0.000000
0.772075,0.017373,0.005178,0.070863,-0.069674,125.549881,70.499271,0.000000
0.773188,0.017466,0.004717,0.071175,-0.069978,125.717564,70.999038,0.000000
0.774300,0.017565,0.004258,0.071490,-0.070281,125.884018,71.499161,0.000000
0.775412,0.017668,0.003802,0.071809,-0.070581,126.049235,71.999521,0.000000
0.776525,0.017777,0.003348,0.072130,-0.070880,126.213203,72.500000,0.000000
0.777637,0.017891,0.002896,0.072454,-0.071177,126.375914,73.000479,0.000000
0.778750,0.018009,0.002448,0.072781,-0.071471,126.537358,73.500839,0.000000
0.779863,0.018133,0.002002,0.073111,-0.071764,126.697524,74.000962,0.000000
0.780975,0.018261,0.001559,0.073444,-0.072054,126.856404,74.500729,0.000000
0.782088,0.018394,0.001119,0.073779,-0.072342,127.013988,75.000022,0.000000
0.783200,0.018531,0.000683,0.074116,-0.072627,127.170268,75.498722,0.000000
0.784312,0.018673,0.000250,0.074456,-0.072909,127.325232,75.996710,0.000000
0.785425,0.018820,-0.000180,0.074799,-0.073189,127.478873,76.493869,0.000000
0.786538,0.018970,-0.000606,0.075143,-0.073466,127.631181,76.990082,0.000000
0.787650,0.019125,-0.001029,0.075490,-0.073741,127.782147,77.485229,0.000000
0.788763,0.019284,-0.001447,0.075839,-0.074012,127.931763,77.979194,0.000000
0.789875,0.019447,-0.001862,0.076189,-0.074280,128.080019,78.471859,0.000000
0.790987,0.019614,-0.002273,0.076541,-0.074545,128.226907,78.963109,0.000000
0.792100,0.019784,-0.002680,0.076895,-0.074807,128.372417,79.452825,0.000000
0.793212,0.019958,-0.003082,0.077250,-0.075065,128.516542,79.940893,0.000000
0.794325,0.020135,-0.003480,0.077607,-0.075321,128.659272,80.427196,0.000000
0.795438,0.020316,-0.003874,0.077965,-0.075572,128.800600,80.911619,0.000000
0.796550,0.020500,-0.004263,0.078324,-0.075821,128.940517,81.394047,0.000000
0.797662,0.020687,-0.004648,0.078683,-0.076066,129.079014,81.874366,0.000000
0.798775,0.020877,-0.005028,0.079044,-0.076307,129.216084,82.352462,0.000000
0.799887,0.021070,-0.005404,0.079406,-0.076544,129.351717,82.828221,0.000000
0.801000,0.021266,-0.005774,0.079767,-0.076778,129.485907,83.301531,0.000000
0.802113,0.021464,-0.006140,0.080130,-0.077008,129.618646,83.772279,0.000000
0.803225,0.021664,-0.006501,0.080492,-0.077235,129.749924,84.240354,0.000000
0.804338,0.021867,-0.006857,0.080855,-0.077457,129.879735,84.705645,0.000000
0.805450,0.022071,-0.007208,0.081218,-0.077676,130.008072,85.168041,0.000000
0.806562,0.022278,-0.007554,0.081580,-0.077891,130.134925,85.627433,0.000000
0.807675,0.022486,-0.007895,0.081943,-0.078102,130.260288,86.083711,0.000000
0.808787,0.022697,-0.008231,0.082304,-0.078309,130.384154,86.536768,0.000000
0.809900,0.022908,-0.008561,0.082665,-0.078512,130.506514,86.986497,0.000000
0.811013,0.023121,-0.008886,0.083026,-0.078711,130.627362,87.432789,0.000000
0.812125,0.023335,-0.009206,0.083385,-0.078906,130.746691,87.875541,0.000000
0.813237,0.023550,-0.009521,0.083743,-0.079097,130.864493,88.314646,0.000000
0.814350,0.023766,-0.009831,0.084101,-0.079284,130.980762,88.750000,0.000000
0.815462,0.023983,-0.010135,0.084456,-0.079467,131.095491,89.181501,0.000000
0.816575,0.024201,-0.010433,0.084811,-0.079646,131.208672,89.609045,0.000000
0.817688,0.024419,-0.010727,0.085163,-0.079822,131.320299,90.032532,0.000000
0.818800,0.024637,-0.011015,0.085514,-0.079993,131.430366,90.451862,0.000000
0.819913,0.024855,-0.011298,0.085863,-0.080160,131.538866,90.866933,0.000000
0.821025,0.025073,-0.011575,0.086209,-0.080324,131.645792,91.277650,0.000000
0.822137,0.025291,-0.011847,0.086554,-0.080483,131.751138,91.683912,0.000000
0.823250,0.025509,-0.012113,0.086896,-0.080638,131.854899,92.085626,0.000000
0.824362,0.025726,-0.012375,0.087235,-0.080790,131.957067,92.482694,0.000000
0.825475,0.025943,-0.012630,0.087572,-0.080938,132.057637,92.875024,0.000000
0.826588,0.026159,-0.012881,0.087906,-0.081082,132.156603,93.262521,0.000000
0.827700,0.026374,-0.013126,0.088237,-0.081222,132.253958,93.645095,0.000000
0.828812,0.026589,-0.013366,0.088565,-0.081358,132.349698,94.022654,0.000000
0.829925,0.026801,-0.013600,0.088889,-0.081491,132.443816,94.395108,0.000000
0.831037,0.027013,-0.013829,0.089210,-0.081619,132.536307,94.762371,0.000000
0.832150,0.027223,-0.014053,0.089528,-0.081745,132.627166,95.124353,0.000000
0.833263,0.027432,-0.014272,0.089842,-0.081866,132.716386,95.480970,0.000000
0.834375,0.027639,-0.014485,0.090152,-0.081984,132.803963,95.832137,0.000000
0.835487,0.027844,-0.014694,0.090458,-0.082099,132.889892,96.177771,0.000000
0.836600,0.028047,-0.014897,0.090760,-0.082210,132.974167,96.517790,0.000000
0.837712,0.028248,-0.015095,0.091058,-0.082317,133.056783,96.852112,0.000000
0.838825,0.028446,-0.015288,0.091352,-0.082421,133.137736,97.180660,0.000000
0.839938,0.028643,-0.015476,0.091641,-0.082522,133.217021,97.503354,0.000000
0.841050,0.028837,-0.015659,0.091926,-0.082620,133.294633,97.820119,0.000000
0.842163,0.029028,-0.015836,0.092206,-0.082714,133.370567,98.130879,0.000000
0.843275,0.029217,-0.016009,0.092481,-0.082805,133.444819,98.435560,0.000000
0.844387,0.029402,-0.016178,0.092751,-0.082893,133.517385,98.734091,0.000000
0.845500,0.029585,-0.016341,0.093016,-0.082978,133.588260,99.026400,0.000000
0.846612,0.029765,-0.016499,0.093277,-0.083059,133.657440,99.312418,0.000000
0.847725,0.029941,-0.016653,0.093531,-0.083138,133.724921,99.592078,0.000000
0.848838,0.030115,-0.016802,0.093781,-0.083214,133.790699,99.865312,0.000000
0.849950,0.030284,-0.016946,0.094025,-0.083287,133.854769,100.132057,0.000000
0.851062,0.030451,-0.017086,0.094264,-0.083358,133.917129,100.392249,0.000000
0.852175,0.030614,-0.017221,0.094497,-0.083425,133.977775,100.645826,0.000000
0.853287,0.030773,-0.017352,0.094724,-0.083490,134.036702,100.892728,0.000000
0.854400,0.030928,-0.017478,0.094945,-0.083552,134.093908,101.132896,0.000000
0.855513,0.031080,-0.017599,0.095161,-0.083612,134.149389,101.366275,0.000000
0.856625,0.031228,-0.017717,0.095370,-0.083669,134.203142,101.592807,0.000000
0.857738,0.031371,-0.017829,0.095574,-0.083723,134.255163,101.812440,0.000000
0.858850,0.031511,-0.017938,0.095771,-0.083776,134.305450,102.025121,0.000000
0.859962,0.031646,-0.018042,0.095962,-0.083826,134.353999,102.230801,0.000000
0.861075,0.031777,-0.018142,0.096147,-0.083873,134.400808,102.429429,0.000000
0.862187,0.031904,-0.018238,0.096325,-0.083918,134.445873,102.620960,0.000000
0.863300,0.032026,-0.018330,0.096497,-0.083961,134.489193,102.805347,0.000000
0.864413,0.032144,-0.018418,0.096663,-0.084002,134.530764,102.982548,0.000000
0.865525,0.032257,-0.018502,0.096822,-0.084041,134.570585,103.152519,0.000000
0.866637,0.032366,-0.018581,0.096974,-0.084078,134.608652,103.315221,0.000000
0.867750,0.032470,-0.018657,0.097120,-0.084113,134.644964,103.470615,0.000000
0.868862,0.032569,-0.018729,0.097258,-0.084145,134.679518,103.618664,0.000000
0.869975,0.032664,-0.018796,0.097390,-0.084176,134.712313,103.759333,0.000000
0.871088,0.032754,-0.018860,0.097515,-0.084205,134.743346,103.892589,0.000000
0.872200,0.032839,-0.018920,0.097634,-0.084232,134.772615,104.018400,0.000000
0.873313,0.032919,-0.018977,0.097745,-0.084257,134.800120,104.136737,0.000000
0.874425,0.032994,-0.019029,0.097849,-0.084280,134.825857,104.247570,0.000000
0.875537,0.033064,-0.019078,0.097947,-0.084302,134.849826,104.350875,0.000000
0.876650,0.033129,-0.019123,0.098037,-0.084322,134.872025,104.446626,0.000000
0.877763,0.033188,-0.019164,0.098120,-0.084340,134.892453,104.534800,0.000000
0.878875,0.033243,-0.019202,0.098196,-0.084357,134.911109,104.615378,0.000000
0.879988,0.033293,-0.019236,0.098265,-0.084372,134.927992,104.688339,0.000000
0.881100,0.033337,-0.019267,0.098327,-0.084385,134.943100,104.753667,0.000000
0.882212,0.033377,-0.019293,0.098381,-0.084397,134.956433,104.811345,0.000000
0.883325,0.033411,-0.019316,0.098428,-0.084407,134.967989,104.861361,0.000000
0.884437,0.033440,-0.019336,0.098468,-0.084415,134.977769,104.903702,0.000000
0.885550,0.033463,-0.019352,0.098501,-0.084422,134.985772,104.938358,0.000000
0.886663,0.033482,-0.019365,0.098527,-0.084427,134.991996,104.965322,0.000000
0.887775,0.033495,-0.019373,0.098545,-0.084431,134.996443,104.984586,0.000000
0.888887,0.033503,-0.019379,0.098556,-0.084434,134.999111,104.996146,0.000000
0.890000,0.033506,-0.019381,0.098559,-0.084434,135.000000,105.000000,1.000000
0.891112,0.033505,-0.019380,0.098558,-0.084435,134.999037,105.000000,1.000000
0.892225,0.033504,-0.019379,0.098553,-0.084437,134.996146,105.000000,1.000000
0.893338,0.033502,-0.019376,0.098546,-0.084440,134.991330,105.000000,1.000000
0.894450,0.033499,-0.019372,0.098536,-0.084444,134.984586,105.000000,1.000000
0.895563,0.033496,-0.019368,0.098522,-0.084449,134.975918,105.000000,1.000000
0.896675,0.033491,-0.019362,0.098506,-0.084456,134.965323,105.000000,1.000000
0.897787,0.033486,-0.019356,0.098486,-0.084463,134.952804,105.000000,1.000000
0.898900,0.033480,-0.019348,0.098464,-0.084472,134.938362,105.000000,1.000000
0.900012,0.033474,-0.019340,0.098439,-0.084482,134.921996,105.000000,1.000000
0.901125,0.033466,-0.019330,0.098411,-0.084493,134.903709,105.000000,1.000000
0.902238,0.033458,-0.019320,0.098379,-0.084506,134.883501,105.000000,1.000000
0.903350,0.033449,-0.019308,0.098345,-0.084519,134.861373,105.000000,1.000000
0.904462,0.033439,-0.019296,0.098308,-0.084534,134.837328,105.000000,1.000000
0.905575,0.033429,-0.019282,0.098268,-0.084550,134.811366,105.000000,1.000000
0.906687,0.033417,-0.019267,0.098225,-0.084567,134.783490,105.000000,1.000000
0.907800,0.033405,-0.019252,0.098179,-0.084585,134.753700,105.000000,1.000000
0.908913,0.033392,-0.019235,0.098130,-0.084604,134.722000,105.000000,1.000000
0.910025,0.033379,-0.019218,0.098078,-0.084624,134.688391,105.000000,1.000000
0.911138,0.033364,-0.019199,0.098023,-0.084646,134.652874,105.000000,1.000000
0.912250,0.033349,-0.019179,0.097965,-0.084668,134.615454,105.000000,1.000000
0.913362,0.033333,-0.019159,0.097904,-0.084692,134.576131,105.000000,1.000000
0.914475,0.033317,-0.019137,0.097840,-0.084717,134.534908,105.000000,1.000000
0.915587,0.033299,-0.019114,0.097774,-0.084743,134.491788,105.000000,1.000000
0.916700,0.033281,-0.019091,0.097704,-0.084770,134.446775,105.000000,1.000000
0.917813,0.033262,-0.019066,0.097631,-0.084798,134.399870,105.000000,1.000000
0.918925,0.033243,-0.019040,0.097556,-0.084827,134.351076,105.000000,1.000000
0.920037,0.033222,-0.019014,0.097477,-0.084857,134.300398,105.000000,1.000000
0.921150,0.033201,-0.018986,0.097395,-0.084888,134.247837,105.000000,1.000000
0.922262,0.033179,-0.018957,0.097311,-0.084921,134.193398,105.000000,1.000000
0.923375,0.033157,-0.018928,0.097224,-0.084954,134.137084,105.000000,1.000000
0.924488,0.033134,-0.018897,0.097133,-0.084988,134.078899,105.000000,1.000000
0.925600,0.033110,-0.018865,0.097040,-0.085023,134.018846,105.000000,1.000000
0.926712,0.033085,-0.018832,0.096944,-0.085060,133.956929,105.000000,1.000000
0.927825,0.033059,-0.018799,0.096845,-0.085097,133.893152,105.000000,1.000000
0.928937,0.033033,-0.018764,0.096742,-0.085135,133.827520,105.000000,1.000000
0.930050,0.033007,-0.018728,0.096637,-0.085174,133.760036,105.000000,1.000000
0.931163,0.032979,-0.018691,0.096529,-0.085215,133.690704,105.000000,1.000000
0.932275,0.032951,-0.018654,0.096419,-0.085256,133.619530,105.000000,1.000000
0.933388,0.032922,-0.018615,0.096305,-0.085298,133.546518,105.000000,1.000000
0.934500,0.032893,-0.018575,0.096188,-0.085341,133.471672,105.000000,1.000000
0.935612,0.032862,-0.018534,0.096069,-0.085384,133.394998,105.000000,1.000000
0.936725,0.032832,-0.018492,0.095946,-0.085429,133.316500,105.000000,1.000000
0.937837,0.032800,-0.018449,0.095821,-0.085475,133.236183,105.000000,1.000000
0.938950,0.032768,-0.018405,0.095692,-0.085521,133.154053,105.000000,1.000000
0.940063,0.032735,-0.018361,0.095561,-0.085568,133.070114,105.000000,1.000000
0.941175,0.032702,-0.018315,0.095427,-0.085616,132.984372,105.000000,1.000000
0.942287,0.032668,-0.018268,0.095290,-0.085665,132.896833,105.000000,1.000000
0.943400,0.032633,-0.018220,0.095150,-0.085715,132.807503,105.000000,1.000000
0.944512,0.032598,-0.018171,0.095008,-0.085765,132.716386,105.000000,1.000000
0.945625,0.032562,-0.018121,0.094862,-0.085816,132.623489,105.000000,1.000000
0.946738,0.032525,-0.018070,0.094714,-0.085868,132.528818,105.000000,1.000000
0.947850,0.032488,-0.018018,0.094562,-0.085921,132.432379,105.000000,1.000000
0.948963,0.032450,-0.017965,0.094408,-0.085974,132.334178,105.000000,1.000000
0.950075,0.032412,-0.017911,0.094251,-0.086028,132.234221,105.000000,1.000000
0.951187,0.032373,-0.017856,0.094091,-0.086083,132.132515,105.000000,1.000000
0.952300,0.032334,-0.017800,0.093929,-0.086138,132.029066,105.000000,1.000000
0.953412,0.032294,-0.017743,0.093763,-0.086194,131.923881,105.000000,1.000000
0.954525,0.032253,-0.017685,0.093595,-0.086250,131.816967,105.000000,1.000000
0.955638,0.032212,-0.017625,0.093424,-0.086307,131.708331,105.000000,1.000000
0.956750,0.032171,-0.017565,0.093250,-0.086365,131.597979,105.000000,1.000000
0.957862,0.032129,-0.017504,0.093073,-0.086423,131.485919,105.000000,1.000000
0.958975,0.032086,-0.017442,0.092893,-0.086482,131.372158,105.000000,1.000000
0.960087,0.032043,-0.017379,0.092711,-0.086541,131.256703,105.000000,1.000000
0.961200,0.031999,-0.017315,0.092526,-0.086601,131.139561,105.000000,1.000000
0.962313,0.031955,-0.017250,0.092338,-0.086661,131.020741,105.000000,1.000000
0.963425,0.031910,-0.017183,0.092147,-0.086722,130.900249,105.000000,1.000000
0.964537,0.031865,-0.017116,0.091953,-0.086783,130.778094,105.000000,1.000000
0.965650,0.031820,-0.017048,0.091757,-0.086844,130.654283,105.000000,1.000000
0.966762,0.031774,-0.016979,0.091558,-0.086906,130.528824,105.000000,1.000000
0.967875,0.031727,-0.016909,0.091357,-0.086968,130.401726,105.000000,1.000000
0.968988,0.031680,-0.016837,0.091152,-0.087031,130.272996,105.000000,1.000000
0.970100,0.031633,-0.016765,0.090945,-0.087094,130.142643,105.000000,1.000000
0.971213,0.031585,-0.016692,0.090735,-0.087157,130.010675,105.000000,1.000000
0.972325,0.031537,-0.016618,0.090522,-0.087221,129.877101,105.000000,1.000000
0.973437,0.031489,-0.016543,0.090307,-0.087284,129.741929,105.000000,1.000000
0.974550,0.031440,-0.016466,0.090089,-0.087348,129.605168,105.000000,1.000000
0.975662,0.031390,-0.016389,0.089869,-0.087412,129.466826,105.000000,1.000000
0.976775,0.031341,-0.016311,0.089645,-0.087477,129.326913,105.000000,1.000000
0.977888,0.031291,-0.016232,0.089419,-0.087541,129.185438,105.000000,1.000000
0.979000,0.031240,-0.016151,0.089191,-0.087606,129.042409,105.000000,1.000000
0.980112,0.031190,-0.016070,0.088959,-0.087671,128.897836,105.000000,1.000000
0.981225,0.031138,-0.015988,0.088726,-0.087736,128.751728,105.000000,1.000000
0.982337,0.031087,-0.015905,0.088489,-0.087801,128.604094,105.000000,1.000000
0.983450,0.031035,-0.015821,0.088250,-0.087866,128.454944,105.000000,1.000000
0.984563,0.030983,-0.015735,0.088008,-0.087931,128.304288,105.000000,1.000000
0.985675,0.030931,-0.015649,0.087764,-0.087996,128.152136,105.000000,1.000000
0.986788,0.030878,-0.015562,0.087517,-0.088061,127.998496,105.000000,1.000000
0.987900,0.030826,-0.015474,0.087268,-0.088126,127.843379,105.000000,1.000000
0.989012,0.030773,-0.015385,0.087016,-0.088190,127.686795,105.000000,1.000000
0.990125,0.030719,-0.015295,0.086762,-0.088255,127.528753,105.000000,1.000000
0.991237,0.030666,-0.015204,0.086505,-0.088320,127.369265,105.000000,1.000000
0.992350,0.030612,-0.015112,0.086246,-0.088384,127.208340,105.000000,1.000000
0.993463,0.030558,-0.015019,0.085984,-0.088449,127.045988,105.000000,1.000000
0.994575,0.030504,-0.014925,0.085719,-0.088513,126.882221,105.000000,1.000000
0.995687,0.030449,-0.014830,0.085453,-0.088577,126.717048,105.000000,1.000000
0.996800,0.030395,-0.014734,0.085183,-0.088641,126.550481,105.000000,1.000000
0.997912,0.030340,-0.014637,0.084912,-0.088704,126.382529,105.000000,1.000000
0.999025,0.030285,-0.014539,0.084638,-0.088767,126.213203,105.000000,1.000000
1.000137,0.030230,-0.014441,0.084361,-0.088830,126.042516,105.000000,1.000000
1.001250,0.030175,-0.014341,0.084082,-0.088893,125.870477,105.000000,1.000000
1.002363,0.030119,-0.014240,0.083801,-0.088955,125.697097,105.000000,1.000000
1.003475,0.030064,-0.014139,0.083518,-0.089017,125.522388,105.000000,1.000000
1.004587,0.030008,-0.014036,0.083232,-0.089078,125.346361,105.000000,1.000000
1.005700,0.029952,-0.013933,0.082944,-0.089139,125.169027,105.000000,1.000000
1.006812,0.029897,-0.013829,0.082653,-0.089199,124.990397,105.000000,1.000000
1.007925,0.029841,-0.013723,0.082360,-0.089259,124.810484,105.000000,1.000000
1.009038,0.029785,-0.013617,0.082065,-0.089319,124.629298,105.000000,1.000000
1.010150,0.029729,-0.013510,0.081768,-0.089378,124.446852,105.000000,1.000000
1.011262,0.029673,-0.013402,0.081469,-0.089436,124.263156,105.000000,1.000000
1.012375,0.029617,-0.013293,0.081167,-0.089494,124.078224,105.000000,1.000000
1.013488,0.029561,-0.013183,0.080863,-0.089551,123.892066,105.000000,1.000000
1.014600,0.029505,-0.013072,0.080557,-0.089608,123.704694,105.000000,1.000000
1.015713,0.029449,-0.012961,0.080249,-0.089664,123.516121,105.000000,1.000000
1.016825,0.029393,-0.012848,0.079939,-0.089719,123.326359,105.000000,1.000000
1.017937,0.029337,-0.012735,0.079626,-0.089774,123.135420,105.000000,1.000000
1.019050,0.029281,-0.012620,0.079312,-0.089828,122.943316,105.000000,1.000000
1.020163,0.029225,-0.012505,0.078995,-0.089881,122.750059,105.000000,1.000000
1.021275,0.029170,-0.012389,0.078677,-0.089933,122.555663,105.000000,1.000000
1.022388,0.029114,-0.012272,0.078356,-0.089985,122.360139,105.000000,1.000000
1.023500,0.029058,-0.012155,0.078033,-0.090036,122.163500,105.000000,1.000000
1.024612,0.029003,-0.012036,0.077709,-0.090085,121.965758,105.000000,1.000000
1.025725,0.028947,-0.011916,0.077382,-0.090135,121.766927,105.000000,1.000000
1.026838,0.028892,-0.011796,0.077053,-0.090183,121.567019,105.000000,1.000000
1.027950,0.028837,-0.011675,0.076723,-0.090230,121.366047,105.000000,1.000000
1.029062,0.028782,-0.011553,0.076391,-0.090276,121.164024,105.000000,1.000000
1.030175,0.028727,-0.011430,0.076057,-0.090322,120.960962,105.000000,1.000000
1.031287,0.028672,-0.011307,0.075720,-0.090366,120.756876,105.000000,1.000000
1.032400,0.028617,-0.011182,0.075383,-0.090410,120.551777,105.000000,1.000000
1.033513,0.028563,-0.011057,0.075043,-0.090452,120.345680,105.000000,1.000000
1.034625,0.028509,-0.010931,0.074701,-0.090494,120.138596,105.000000,1.000000
1.035737,0.028455,-0.010804,0.074358,-0.090534,119.930541,105.000000,1.000000
1.036850,0.028401,-0.010677,0.074013,-0.090574,119.721527,105.000000,1.000000
1.037962,0.028348,-0.010548,0.073667,-0.090612,119.511567,105.000000,1.000000
1.039075,0.028294,-0.010419,0.073318,-0.090649,119.300675,105.000000,1.000000
1.040188,0.028241,-0.010289,0.072968,-0.090685,119.088864,105.000000,1.000000
1.041300,0.028188,-0.010159,0.072617,-0.090720,118.876149,105.000000,1.000000
1.042412,0.028136,-0.010027,0.072264,-0.090754,118.662542,105.000000,1.000000
1.043525,0.028084,-0.009895,0.071909,-0.090786,118.448058,105.000000,1.000000
1.044637,0.028032,-0.009762,0.071553,-0.090817,118.232710,105.000000,1.000000
1.045750,0.027980,-0.009629,0.071195,-0.090848,118.016512,105.000000,1.000000
1.046863,0.027929,-0.009495,0.070835,-0.090876,117.799478,105.000000,1.000000
1.047975,0.027877,-0.009360,0.070475,-0.090904,117.581622,105.000000,1.000000
1.049087,0.027827,-0.009224,0.070112,-0.090930,117.362958,105.000000,1.000000
1.050200,0.027776,-0.009088,0.069749,-0.090955,117.143500,105.000000,1.000000
1.051313,0.027726,-0.008951,0.069384,-0.090979,116.923262,105.000000,1.000000
1.052425,0.027677,-0.008813,0.069017,-0.091001,116.702258,105.000000,1.000000
1.053538,0.027627,-0.008674,0.068649,-0.091022,116.480503,105.000000,1.000000
1.054650,0.027578,-0.008535,0.068280,-0.091042,116.258010,105.000000,1.000000
1.055762,0.027530,-0.008396,0.067910,-0.091060,116.034794,105.000000,1.000000
1.056875,0.027482,-0.008256,0.067539,-0.091077,115.810870,105.000000,1.000000
1.057988,0.027434,-0.008115,0.067166,-0.091093,115.586251,105.000000,1.000000
1.059100,0.027386,-0.007973,0.066792,-0.091107,115.360952,105.000000,1.000000
1.060213,0.027340,-0.007831,0.066417,-0.091119,115.134987,105.000000,1.000000
1.061325,0.027293,-0.007688,0.066041,-0.091131,114.908372,105.000000,1.000000
1.062437,0.027247,-0.007545,0.065663,-0.091140,114.681120,105.000000,1.000000
1.063550,0.027201,-0.007401,0.065285,-0.091149,114.453247,105.000000,1.000000
1.064663,0.027156,-0.007257,0.064905,-0.091155,114.224766,105.000000,1.000000
1.065775,0.027111,-0.007112,0.064525,-0.091161,113.995693,105.000000,1.000000
1.066887,0.027067,-0.006966,0.064143,-0.091164,113.766042,105.000000,1.000000
1.068000,0.027023,-0.006820,0.063761,-0.091167,113.535828,105.000000,1.000000
1.069112,0.026980,-0.006673,0.063378,-0.091167,113.305065,105.000000,1.000000
1.070225,0.026937,-0.006526,0.062994,-0.091166,113.073770,105.000000,1.000000
1.071338,0.026895,-0.006379,0.062609,-0.091164,112.841955,105.000000,1.000000
1.072450,0.026853,-0.006231,0.062223,-0.091160,112.609638,105.000000,1.000000
1.073562,0.026812,-0.006082,0.061836,-0.091154,112.376831,105.000000,1.000000
1.074675,0.026771,-0.005933,0.061449,-0.091147,112.143550,105.000000,1.000000
1.075787,0.026731,-0.005783,0.061061,-0.091139,111.909811,105.000000,1.000000
1.076900,0.026691,-0.005634,0.060672,-0.091128,111.675628,105.000000,1.000000
1.078013,0.026652,-0.005483,0.060282,-0.091116,111.441016,105.000000,1.000000
1.079125,0.026614,-0.005332,0.059892,-0.091103,111.205991,105.000000,1.000000
1.080237,0.026576,-0.005181,0.059501,-0.091087,110.970566,105.000000,1.000000
1.081350,0.026538,-0.005029,0.059110,-0.091071,110.734759,105.000000,1.000000
1.082462,0.026501,-0.004877,0.058718,-0.091052,110.498583,105.000000,1.000000
1.083575,0.026465,-0.004725,0.058326,-0.091032,110.262054,105.000000,1.000000
1.084688,0.026429,-0.004572,0.057933,-0.091010,110.025187,105.000000,1.000000
1.085800,0.026394,-0.004419,0.057540,-0.090987,109.787997,105.000000,1.000000
1.086912,0.026359,-0.004266,0.057146,-0.090962,109.550499,105.000000,1.000000
1.088025,0.026325,-0.004112,0.056752,-0.090935,109.312710,105.000000,1.000000
1.089138,0.026292,-0.003958,0.056358,-0.090906,109.074643,105.000000,1.000000
1.090250,0.026259,-0.003803,0.055963,-0.090876,108.836315,105.000000,1.000000
1.091363,0.026227,-0.003649,0.055568,-0.090844,108.597740,105.000000,1.000000
1.092475,0.026196,-0.003494,0.055173,-0.090811,108.358934,105.000000,1.000000
1.093587,0.026165,-0.003338,0.054777,-0.090776,108.119913,105.000000,1.000000
1.094700,0.026134,-0.003183,0.054382,-0.090739,107.880691,105.000000,1.000000
1.095813,0.026105,-0.003027,0.053986,-0.090701,107.641284,105.000000,1.000000
1.096925,0.026076,-0.002871,0.053590,-0.090660,107.401707,105.000000,1.000000
1.098037,0.026047,-0.002715,0.053194,-0.090618,107.161976,105.000000,1.000000
1.099150,0.026019,-0.002558,0.052798,-0.090575,106.922107,105.000000,1.000000
1.100262,0.025992,-0.002402,0.052402,-0.090530,106.682113,105.000000,1.000000
1.101375,0.025966,-0.002245,0.052006,-0.090483,106.442012,105.000000,1.000000
1.102488,0.025940,-0.002088,0.051610,-0.090434,106.201818,105.000000,1.000000
1.103600,0.025915,-0.001931,0.051214,-0.090384,105.961547,105.000000,1.000000
1.104712,0.025890,-0.001773,0.050818,-0.090332,105.721215,105.000000,1.000000
1.105825,0.025866,-0.001616,0.050422,-0.090278,105.480835,105.000000,1.000000
1.106937,0.025843,-0.001459,0.050027,-0.090223,105.240425,105.000000,1.000000
1.108050,0.025820,-0.001301,0.049632,-0.090166,105.000000,105.000000,1.000000
1.109163,0.025798,-0.001143,0.049237,-0.090107,104.759575,105.000000,1.000000
1.110275,0.025777,-0.000985,0.048842,-0.090047,104.519165,105.000000,1.000000
1.111387,0.025757,-0.000827,0.048448,-0.089985,104.278785,105.000000,1.000000
1.112500,0.025737,-0.000670,0.048053,-0.089922,104.038453,105.000000,1.000000
1.113612,0.025717,-0.000512,0.047660,-0.089857,103.798182,105.000000,1.000000
1.114725,0.025699,-0.000354,0.047266,-0.089790,103.557988,105.000000,1.000000
1.115838,0.025681,-0.000195,0.046873,-0.089721,103.317887,105.000000,1.000000
1.116950,0.025664,-0.000037,0.046481,-0.089651,103.077893,105.000000,1.000000
1.118062,0.025647,0.000121,0.046089,-0.089580,102.838024,105.000000,1.000000
1.119175,0.025631,0.000279,0.045698,-0.089506,102.598293,105.000000,1.000000
1.120287,0.025616,0.000437,0.045307,-0.089432,102.358716,105.000000,1.000000
1.121400,0.025601,0.000594,0.044917,-0.089355,102.119309,105.000000,1.000000
1.122513,0.025588,0.000752,0.044527,-0.089277,101.880087,105.000000,1.000000
1.123625,0.025574,0.000910,0.044138,-0.089198,101.641066,105.000000,1.000000
1.124737,0.025562,0.001068,0.043750,-0.089117,101.402260,105.000000,1.000000
1.125850,0.025550,0.001225,0.043362,-0.089034,101.163685,105.000000,1.000000
1.126963,0.025539,0.001383,0.042975,-0.088950,100.925357,105.000000,1.000000
1.128075,0.025528,0.001540,0.042589,-0.088864,100.687290,105.000000,1.000000
1.129188,0.025518,0.001697,0.042204,-0.088777,100.449501,105.000000,1.000000
1.130300,0.025509,0.001854,0.041820,-0.088688,100.212003,105.000000,1.000000
1.131412,0.025500,0.002011,0.041436,-0.088598,99.974813,105.000000,1.000000
1.132525,0.025493,0.002168,0.041054,-0.088507,99.737946,105.000000,1.000000
1.133638,0.025485,0.002324,0.040672,-0.088413,99.501417,105.000000,1.000000
1.134750,0.025479,0.002481,0.040291,-0.088319,99.265241,105.000000,1.000000
1.135862,0.025473,0.002637,0.039911,-0.088223,99.029434,105.000000,1.000000
1.136975,0.025468,0.002793,0.039533,-0.088126,98.794009,105.000000,1.000000
1.138087,0.025463,0.002948,0.039155,-0.088027,98.558984,105.000000,1.000000
1.139200,0.025459,0.003104,0.038778,-0.087927,98.324372,105.000000,1.000000
1.140313,0.025456,0.003259,0.038403,-0.087826,98.090189,105.000000,1.000000
1.141425,0.025453,0.003413,0.038029,-0.087723,97.856450,105.000000,1.000000
1.142537,0.025451,0.003568,0.037655,-0.087619,97.623169,105.000000,1.000000
1.143650,0.025449,0.003722,0.037283,-0.087514,97.390362,105.000000,1.000000
1.144762,0.025449,0.003876,0.036912,-0.087407,97.158045,105.000000,1.000000
1.145875,0.025448,0.004030,0.036543,-0.087299,96.926230,105.000000,1.000000
1.146988,0.025449,0.004183,0.036174,-0.087190,96.694935,105.000000,1.000000
1.148100,0.025450,0.004336,0.035807,-0.087079,96.464172,105.000000,1.000000
1.149212,0.025451,0.004488,0.035442,-0.086968,96.233958,105.000000,1.000000
1.150325,0.025454,0.004640,0.035077,-0.086855,96.004307,105.000000,1.000000
1.151437,0.025457,0.004792,0.034714,-0.086741,95.775234,105.000000,1.000000
1.152550,0.025460,0.004943,0.034353,-0.086626,95.546753,105.000000,1.000000
1.153663,0.025464,0.005094,0.033992,-0.086510,95.318880,105.000000,1.000000
1.154775,0.025469,0.005245,0.033634,-0.086392,95.091628,105.000000,1.000000
1.155887,0.025474,0.005395,0.033276,-0.086274,94.865013,105.000000,1.000000
1.157000,0.025480,0.005544,0.032921,-0.086154,94.639048,105.000000,1.000000
1.158113,0.025486,0.005693,0.032566,-0.086034,94.413749,105.000000,1.000000
1.159225,0.025493,0.005842,0.032214,-0.085912,94.189130,105.000000,1.000000
1.160338,0.025501,0.005990,0.031862,-0.085790,93.965206,105.000000,1.000000
1.161450,0.025509,0.006138,0.031513,-0.085666,93.741990,105.000000,1.000000
1.162562,0.025517,0.006285,0.031165,-0.085542,93.519497,105.000000,1.000000
1.163675,0.025526,0.006431,0.030819,-0.085416,93.297742,105.000000,1.000000
1.164788,0.025536,0.006577,0.030474,-0.085290,93.076738,105.000000,1.000000
1.165900,0.025546,0.006723,0.030131,-0.085163,92.856500,105.000000,1.000000
1.167013,0.025557,0.006868,0.029790,-0.085035,92.637042,105.000000,1.000000
1.168125,0.025568,0.007012,0.029450,-0.084906,92.418378,105.000000,1.000000
1.169237,0.025580,0.007156,0.029112,-0.084776,92.200522,105.000000,1.000000
1.170350,0.025592,0.007299,0.028776,-0.084645,91.983488,105.000000,1.000000
1.171463,0.025605,0.007442,0.028442,-0.084514,91.767290,105.000000,1.000000
1.172575,0.025618,0.007584,0.028110,-0.084382,91.551942,105.000000,1.000000
1.173687,0.025632,0.007726,0.027779,-0.084249,91.337458,105.000000,1.000000
1.174800,0.025646,0.007866,0.027450,-0.084116,91.123851,105.000000,1.000000
1.175912,0.025660,0.008006,0.027123,-0.083982,90.911136,105.000000,1.000000
1.177025,0.025675,0.008146,0.026798,-0.083847,90.699325,105.000000,1.000000
1.178138,0.025691,0.008285,0.026475,-0.083712,90.488433,105.000000,1.000000
1.179250,0.025707,0.008423,0.026154,-0.083576,90.278473,105.000000,1.000000
1.180362,0.025723,0.008560,0.025835,-0.083440,90.069459,105.000000,1.000000
1.181475,0.025740,0.008697,0.025518,-0.083303,89.861404,105.000000,1.000000
1.182587,0.025757,0.008833,0.025202,-0.083165,89.654320,105.000000,1.000000
1.183700,0.025775,0.008969,0.024889,-0.083027,89.448223,105.000000,1.000000
1.184813,0.025793,0.009103,0.024578,-0.082889,89.243124,105.000000,1.000000
1.185925,0.025811,0.009237,0.024268,-0.082750,89.039038,105.000000,1.000000
1.187037,0.025830,0.009370,0.023961,-0.082611,88.835976,105.000000,1.000000
1.188150,0.025849,0.009503,0.023656,-0.082471,88.633953,105.000000,1.000000
1.189262,0.025869,0.009634,0.023353,-0.082331,88.432981,105.000000,1.000000
1.190375,0.025889,0.009765,0.023052,-0.082191,88.233073,105.000000,1.000000
1.191488,0.025909,0.009896,0.022753,-0.082050,88.034242,105.000000,1.000000
1.192600,0.025930,0.010025,0.022457,-0.081910,87.836500,105.000000,1.000000
1.193712,0.025951,0.010153,0.022162,-0.081768,87.639861,105.000000,1.000000
1.194825,0.025972,0.010281,0.021869,-0.081627,87.444337,105.000000,1.000000
1.195938,0.025993,0.010408,0.021579,-0.081486,87.249941,105.000000,1.000000
1.197050,0.026015,0.010534,0.021291,-0.081344,87.056684,105.000000,1.000000
1.198163,0.026037,0.010660,0.021005,-0.081203,86.864580,105.000000,1.000000
1.199275,0.026060,0.010784,0.020721,-0.081061,86.673641,105.000000,1.000000
1.200387,0.026082,0.010908,0.020440,-0.080919,86.483879,105.000000,1.000000
1.201500,0.026105,0.011031,0.020161,-0.080777,86.295306,105.000000,1.000000
1.202613,0.026128,0.011152,0.019884,-0.080635,86.107934,105.000000,1.000000
1.203725,0.026152,0.011274,0.019609,-0.080494,85.921776,105.000000,1.000000
1.204838,0.026176,0.011394,0.019336,-0.080352,85.736844,105.000000,1.000000
1.205950,0.026199,0.011513,0.019066,-0.080210,85.553148,105.000000,1.000000
1.207062,0.026224,0.011631,0.018798,-0.080068,85.370702,105.000000,1.000000
1.208175,0.026248,0.011749,0.018533,-0.079927,85.189516,105.000000,1.000000
1.209288,0.026272,0.011866,0.018269,-0.079786,85.009603,105.000000,1.000000
1.210400,0.026297,0.011981,0.018008,-0.079645,84.830973,105.000000,1.000000
1.211512,0.026322,0.012096,0.017750,-0.079504,84.653639,105.000000,1.000000
1.212625,0.026347,0.012210,0.017493,-0.079363,84.477612,105.000000,1.000000
1.213737,0.026372,0.012323,0.017239,-0.079223,84.302903,105.000000,1.000000
1.214850,0.026398,0.012435,0.016988,-0.079083,84.129523,105.000000,1.000000
1.215963,0.026423,0.012546,0.016739,-0.078943,83.957484,105.000000,1.000000
1.217075,0.026449,0.012656,0.016492,-0.078804,83.786797,105.000000,1.000000
1.218187,0.026474,0.012765,0.016247,-0.078665,83.617471,105.000000,1.000000
1.219300,0.026500,0.012873,0.016005,-0.078526,83.449519,105.000000,1.000000
1.220412,0.026526,0.012981,0.015765,-0.078388,83.282952,105.000000,1.000000
1.221525,0.026552,0.013087,0.015528,-0.078250,83.117779,105.000000,1.000000
1.222638,0.026578,0.013192,0.015293,-0.078113,82.954012,105.000000,1.000000
1.223750,0.026605,0.013297,0.015061,-0.077976,82.791660,105.000000,1.000000
1.224862,0.026631,0.013400,0.014831,-0.077840,82.630735,105.000000,1.000000
1.225975,0.026657,0.013502,0.014603,-0.077705,82.471247,105.000000,1.000000
1.227087,0.026683,0.013603,0.014378,-0.077570,82.313205,105.000000,1.000000
1.228200,0.026710,0.013704,0.014155,-0.077436,82.156621,105.000000,1.000000
1.229313,0.026736,0.013803,0.013935,-0.077302,82.001504,105.000000,1.000000
1.230425,0.026763,0.013901,0.013717,-0.077169,81.847864,105.000000,1.000000
1.231537,0.026789,0.013999,0.013502,-0.077037,81.695712,105.000000,1.000000
1.232650,0.026816,0.014095,0.013289,-0.076905,81.545056,105.000000,1.000000
1.233763,0.026842,0.014190,0.013078,-0.076775,81.395906,105.000000,1.000000
1.234875,0.026868,0.014284,0.012870,-0.076645,81.248272,105.000000,1.000000
1.235988,0.026895,0.014377,0.012665,-0.076516,81.102164,105.000000,1.000000
1.237100,0.026921,0.014469,0.012462,-0.076387,80.957591,105.000000,1.000000
1.238212,0.026947,0.014560,0.012261,-0.076260,80.814562,105.000000,1.000000
1.239325,0.026973,0.014650,0.012063,-0.076133,80.673087,105.000000,1.000000
1.240438,0.027000,0.014739,0.011868,-0.076008,80.533174,105.000000,1.000000
1.241550,0.027026,0.014827,0.011675,-0.075883,80.394832,105.000000,1.000000
1.242663,0.027052,0.014914,0.011484,-0.075759,80.258071,105.000000,1.000000
1.243775,0.027077,0.015000,0.011296,-0.075637,80.122899,105.000000,1.000000
1.244887,0.027103,0.015084,0.011111,-0.075515,79.989325,105.000000,1.000000
1.246000,0.027129,0.015168,0.010928,-0.075394,79.857357,105.000000,1.000000
1.247113,0.027154,0.015250,0.010747,-0.075275,79.727004,105.000000,1.000000
1.248225,0.027180,0.015332,0.010569,-0.075156,79.598274,105.000000,1.000000
1.249337,0.027205,0.015412,0.010394,-0.075039,79.471176,105.000000,1.000000
1.250450,0.027230,0.015491,0.010221,-0.074923,79.345717,105.000000,1.000000
1.251562,0.027255,0.015570,0.010050,-0.074807,79.221906,105.000000,1.000000
1.252675,0.027280,0.015647,0.009882,-0.074694,79.099751,105.000000,1.000000
1.253788,0.027304,0.015722,0.009717,-0.074581,78.979259,105.000000,1.000000
1.254900,0.027329,0.015797,0.009554,-0.074469,78.860439,105.000000,1.000000
1.256012,0.027353,0.015871,0.009394,-0.074359,78.743297,105.000000,1.000000
1.257125,0.027377,0.015944,0.009236,-0.074250,78.627842,105.000000,1.000000
1.258237,0.027400,0.016015,0.009081,-0.074142,78.514081,105.000000,1.000000
1.259350,0.027424,0.016086,0.008928,-0.074036,78.402021,105.000000,1.000000
1.260463,0.027447,0.016155,0.008778,-0.073931,78.291669,105.000000,1.000000
1.261575,0.027471,0.016223,0.008630,-0.073827,78.183033,105.000000,1.000000
1.262687,0.027493,0.016290,0.008485,-0.073725,78.076119,105.000000,1.000000
1.263800,0.027516,0.016356,0.008342,-0.073624,77.970934,105.000000,1.000000
1.264912,0.027538,0.016421,0.008202,-0.073524,77.867485,105.000000,1.000000
1.266025,0.027560,0.016484,0.008065,-0.073426,77.765779,105.000000,1.000000
1.267138,0.027582,0.016547,0.007930,-0.073330,77.665822,105.000000,1.000000
1.268250,0.027604,0.016608,0.007797,-0.073235,77.567621,105.000000,1.000000
1.269362,0.027625,0.016668,0.007668,-0.073141,77.471182,105.000000,1.000000
1.270475,0.027646,0.016727,0.007540,-0.073049,77.376511,105.000000,1.000000
1.271588,0.027667,0.016785,0.007415,-0.072958,77.283614,105.000000,1.000000
1.272700,0.027687,0.016842,0.007293,-0.072869,77.192497,105.000000,1.000000
1.273813,0.027707,0.016898,0.007173,-0.072781,77.103167,105.000000,1.000000
1.274925,0.027727,0.016952,0.007056,-0.072695,77.015628,105.000000,1.000000
1.276037,0.027746,0.017006,0.006941,-0.072611,76.929886,105.000000,1.000000
1.277150,0.027766,0.017058,0.006829,-0.072528,76.845947,105.000000,1.000000
1.278263,0.027784,0.017109,0.006719,-0.072447,76.763817,105.000000,1.000000
1.279375,0.027803,0.017159,0.006612,-0.072367,76.683500,105.000000,1.000000
1.280488,0.027821,0.017208,0.006508,-0.072289,76.605002,105.000000,1.000000
1.281600,0.027838,0.017255,0.006406,-0.072213,76.528328,105.000000,1.000000
1.282712,0.027856,0.017302,0.006306,-0.072139,76.453482,105.000000,1.000000
1.283825,0.027873,0.017347,0.006209,-0.072066,76.380470,105.000000,1.000000
1.284938,0.027889,0.017391,0.006115,-0.071995,76.309296,105.000000,1.000000
1.286050,0.027906,0.017434,0.006023,-0.071925,76.239964,105.000000,1.000000
1.287162,0.027921,0.017476,0.005933,-0.071858,76.172480,105.000000,1.000000
1.288275,0.027937,0.017517,0.005847,-0.071792,76.106848,105.000000,1.000000
1.289387,0.027952,0.017556,0.005762,-0.071728,76.043071,105.000000,1.000000
1.290500,0.027967,0.017594,0.005680,-0.071666,75.981154,105.000000,1.000000
1.291613,0.027981,0.017631,0.005601,-0.071605,75.921101,105.000000,1.000000
1.292725,0.027995,0.017667,0.005524,-0.071546,75.862916,105.000000,1.000000
1.293837,0.028008,0.017702,0.005450,-0.071489,75.806602,105.000000,1.000000
1.294950,0.028021,0.017736,0.005379,-0.071434,75.752163,105.000000,1.000000
1.296062,0.028034,0.017768,0.005309,-0.071381,75.699602,105.000000,1.000000
1.297175,0.028046,0.017800,0.005243,-0.071330,75.648924,105.000000,1.000000
1.298288,0.028058,0.017830,0.005179,-0.071280,75.600130,105.000000,1.000000
1.299400,0.028069,0.017859,0.005117,-0.071232,75.553225,105.000000,1.000000
1.300512,0.028080,0.017886,0.005058,-0.071187,75.508212,105.000000,1.000000
1.301625,0.028091,0.017913,0.005001,-0.071143,75.465092,105.000000,1.000000
1.302737,0.028101,0.017938,0.004947,-0.071101,75.423869,105.000000,1.000000
1.303850,0.028110,0.017963,0.004896,-0.071060,75.384546,105.000000,1.000000
1.304963,0.028119,0.017986,0.004847,-0.071022,75.347126,105.000000,1.000000
1.306075,0.028128,0.018007,0.004800,-0.070986,75.311609,105.000000,1.000000
1.307187,0.028136,0.018028,0.004756,-0.070951,75.278000,105.000000,1.000000
1.308300,0.028144,0.018048,0.004715,-0.070919,75.246300,105.000000,1.000000
1.309413,0.028151,0.018066,0.004676,-0.070889,75.216510,105.000000,1.000000
1.310525,0.028158,0.018083,0.004639,-0.070860,75.188634,105.000000,1.000000
1.311638,0.028164,0.018099,0.004606,-0.070833,75.162672,105.000000,1.000000
1.312750,0.028170,0.018114,0.004574,-0.070809,75.138627,105.000000,1.000000
1.313862,0.028176,0.018128,0.004545,-0.070786,75.116499,105.000000,1.000000
1.314975,0.028181,0.018140,0.004519,-0.070765,75.096291,105.000000,1.000000
1.316088,0.028185,0.018151,0.004495,-0.070746,75.078004,105.000000,1.000000
1.317200,0.028189,0.018161,0.004474,-0.070730,75.061638,105.000000,1.000000
1.318312,0.028193,0.018170,0.004455,-0.070715,75.047196,105.000000,1.000000
1.319425,0.028196,0.018178,0.004438,-0.070702,75.034677,105.000000,1.000000
1.320537,0.028199,0.018184,0.004425,-0.070691,75.024082,105.000000,1.000000
1.321650,0.028201,0.018190,0.004413,-0.070682,75.015414,105.000000,1.000000
1.322763,0.028202,0.018194,0.004405,-0.070675,75.008670,105.000000,1.000000
1.323875,0.028204,0.018197,0.004398,-0.070670,75.003854,105.000000,1.000000
1.324987,0.028204,0.018199,0.004395,-0.070667,75.000963,105.000000,1.000000
1.326100,0.028205,0.018199,0.004393,-0.070666,75.000000,105.000000,0.000000
1.327212,0.028204,0.018201,0.004394,-0.070664,75.000889,104.996146,0.000000
1.328325,0.028204,0.018207,0.004398,-0.070659,75.003557,104.984586,0.000000
1.329438,0.028203,0.018218,0.004404,-0.070651,75.008004,104.965322,0.000000
1.330550,0.028201,0.018232,0.004412,-0.070639,75.014228,104.938358,0.000000
1.331662,0.028199,0.018251,0.004422,-0.070623,75.022231,104.903702,0.000000
1.332775,0.028197,0.018274,0.004435,-0.070605,75.032011,104.861361,0.000000
1.333887,0.028194,0.018301,0.004450,-0.070582,75.043567,104.811345,0.000000
1.335000,0.028191,0.018332,0.004468,-0.070557,75.056900,104.753667,0.000000
1.336113,0.028187,0.018367,0.004487,-0.070528,75.072008,104.688339,0.000000
1.337225,0.028183,0.018406,0.004510,-0.070496,75.088891,104.615378,0.000000
1.338337,0.028179,0.018450,0.004534,-0.070460,75.107547,104.534800,0.000000
1.339450,0.028174,0.018497,0.004561,-0.070421,75.127975,104.446626,0.000000
1.340562,0.028169,0.018549,0.004591,-0.070379,75.150174,104.350875,0.000000
1.341675,0.028163,0.018604,0.004622,-0.070333,75.174143,104.247570,0.000000
1.342788,0.028158,0.018664,0.004657,-0.070284,75.199880,104.136737,0.000000
1.343900,0.028152,0.018727,0.004693,-0.070232,75.227385,104.018400,0.000000
1.345012,0.028145,0.018795,0.004732,-0.070176,75.256654,103.892589,0.000000
1.346125,0.028139,0.018867,0.004774,-0.070117,75.287687,103.759333,0.000000
1.347238,0.028132,0.018942,0.004818,-0.070055,75.320482,103.618664,0.000000
1.348350,0.028125,0.019022,0.004865,-0.069989,75.355036,103.470615,0.000000
1.349463,0.028118,0.019105,0.004914,-0.069921,75.391348,103.315221,0.000000
1.350575,0.028110,0.019192,0.004965,-0.069849,75.429415,103.152519,0.000000
1.351687,0.028102,0.019284,0.005020,-0.069774,75.469236,102.982548,0.000000
1.352800,0.028095,0.019378,0.005077,-0.069695,75.510807,102.805347,0.000000
1.353913,0.028087,0.019477,0.005136,-0.069614,75.554127,102.620960,0.000000
1.355025,0.028079,0.019580,0.005198,-0.069530,75.599192,102.429429,0.000000
1.356137,0.028071,0.019686,0.005263,-0.069442,75.646001,102.230801,0.000000
1.357250,0.028063,0.019796,0.005331,-0.069351,75.694550,102.025121,0.000000
1.358362,0.028055,0.019910,0.005401,-0.069258,75.744837,101.812440,0.000000
1.359475,0.028047,0.020027,0.005474,-0.069161,75.796858,101.592807,0.000000
1.360588,0.028039,0.020148,0.005550,-0.069061,75.850611,101.366275,0.000000
1.361700,0.028032,0.020272,0.005629,-0.068959,75.906092,101.132896,0.000000
1.362812,0.028024,0.020400,0.005710,-0.068853,75.963298,100.892728,0.000000
1.363925,0.028017,0.020531,0.005794,-0.068744,76.022225,100.645826,0.000000
1.365037,0.028009,0.020666,0.005882,-0.068633,76.082871,100.392249,0.000000
1.366150,0.028002,0.020805,0.005972,-0.068519,76.145231,100.132057,0.000000
1.367263,0.027996,0.020946,0.006065,-0.068402,76.209301,99.865312,0.000000
1.368375,0.027989,0.021091,0.006161,-0.068282,76.275079,99.592078,0.000000
1.369487,0.027983,0.021239,0.006260,-0.068160,76.342560,99.312418,0.000000
1.370600,0.027977,0.021390,0.006362,-0.068034,76.411740,99.026400,0.000000
1.371712,0.027972,0.021545,0.006468,-0.067907,76.482615,98.734091,0.000000
1.372825,0.027967,0.021702,0.006576,-0.067776,76.555181,98.435560,0.000000
1.373938,0.027962,0.021863,0.006687,-0.067643,76.629433,98.130879,0.000000
1.375050,0.027958,0.022027,0.006802,-0.067508,76.705367,97.820119,0.000000
1.376162,0.027955,0.022193,0.006920,-0.067370,76.782979,97.503354,0.000000
1.377275,0.027952,0.022363,0.007041,-0.067229,76.862264,97.180660,0.000000
1.378388,0.027949,0.022535,0.007165,-0.067086,76.943217,96.852112,0.000000
1.379500,0.027948,0.022710,0.007293,-0.066941,77.025833,96.517790,0.000000
1.380613,0.027947,0.022888,0.007423,-0.066794,77.110108,96.177771,0.000000
1.381725,0.027946,0.023068,0.007557,-0.066644,77.196037,95.832137,0.000000
1.382837,0.027946,0.023251,0.007695,-0.066492,77.283614,95.480970,0.000000
1.383950,0.027947,0.023437,0.007836,-0.066338,77.372834,95.124353,0.000000
1.385063,0.027949,0.023625,0.007980,-0.066182,77.463693,94.762371,0.000000
1.386175,0.027952,0.023815,0.008127,-0.066023,77.556184,94.395108,0.000000
1.387288,0.027955,0.024008,0.008278,-0.065863,77.650302,94.022654,0.000000
1.388400,0.027959,0.024203,0.008433,-0.065701,77.746042,93.645095,0.000000
1.389512,0.027965,0.024400,0.008591,-0.065537,77.843397,93.262521,0.000000
1.390625,0.027971,0.024599,0.008752,-0.065371,77.942363,92.875024,0.000000
1.391738,0.027978,0.024801,0.008917,-0.065203,78.042933,92.482694,0.000000
1.392850,0.027985,0.025004,0.009085,-0.065034,78.145101,92.085626,0.000000
1.393962,0.027994,0.025209,0.009257,-0.064863,78.248862,91.683912,0.000000
1.395075,0.028004,0.025416,0.009433,-0.064690,78.354208,91.277650,0.000000
1.396187,0.028015,0.025625,0.009612,-0.064515,78.461134,90.866933,0.000000
1.397300,0.028027,0.025836,0.009795,-0.064340,78.569634,90.451862,0.000000
1.398413,0.028040,0.026048,0.009981,-0.064162,78.679701,90.032532,0.000000
1.399525,0.028054,0.026261,0.010171,-0.063984,78.791328,89.609045,0.000000
1.400637,0.028069,0.026477,0.010364,-0.063804,78.904509,89.181501,0.000000
1.401750,0.028085,0.026693,0.010561,-0.063623,79.019238,88.750000,0.000000
1.402862,0.028103,0.026911,0.010762,-0.063440,79.135507,88.314646,0.000000
1.403975,0.028121,0.027130,0.010966,-0.063257,79.253309,87.875541,0.000000
1.405088,0.028141,0.027350,0.011174,-0.063072,79.372638,87.432789,0.000000
1.406200,0.028161,0.027571,0.011385,-0.062886,79.493486,86.986497,0.000000
1.407312,0.028183,0.027793,0.011600,-0.062700,79.615846,86.536768,0.000000
1.408425,0.028206,0.028016,0.011819,-0.062512,79.739712,86.083711,0.000000
1.409537,0.028230,0.028240,0.012041,-0.062324,79.865075,85.627433,0.000000
1.410650,0.028256,0.028465,0.012267,-0.062135,79.991928,85.168041,0.000000
1.411763,0.028282,0.028690,0.012497,-0.061945,80.120265,84.705645,0.000000
1.412875,0.028310,0.028916,0.012730,-0.061755,80.250076,84.240354,0.000000
1.413987,0.028338,0.029143,0.012966,-0.061564,80.381354,83.772279,0.000000
1.415100,0.028368,0.029369,0.013206,-0.061373,80.514093,83.301531,0.000000
1.416213,0.028399,0.029597,0.013450,-0.061181,80.648283,82.828221,0.000000
1.417325,0.028431,0.029824,0.013697,-0.060988,80.783916,82.352462,0.000000
1.418438,0.028465,0.030051,0.013947,-0.060796,80.920986,81.874366,0.000000
1.419550,0.028499,0.030279,0.014201,-0.060603,81.059483,81.394047,0.000000
1.420662,0.028535,0.030507,0.014459,-0.060410,81.199400,80.911619,0.000000
1.421775,0.028571,0.030734,0.014720,-0.060217,81.340728,80.427196,0.000000
1.422888,0.028609,0.030962,0.014984,-0.060024,81.483458,79.940893,0.000000
1.424000,0.028647,0.031189,0.015252,-0.059831,81.627583,79.452825,0.000000
1.425113,0.028687,0.031416,0.015522,-0.059638,81.773093,78.963109,0.000000
1.426225,0.028728,0.031642,0.015797,-0.059445,81.919981,78.471859,0.000000
1.427337,0.028769,0.031868,0.016074,-0.059252,82.068237,77.979194,0.000000
1.428450,0.028812,0.032093,0.016355,-0.059060,82.217853,77.485229,0.000000
1.429563,0.028856,0.032318,0.016638,-0.058867,82.368819,76.990082,0.000000
1.430675,0.028900,0.032542,0.016925,-0.058676,82.521127,76.493869,0.000000
1.431787,0.028945,0.032765,0.017215,-0.058484,82.674768,75.996710,0.000000
1.432900,0.028992,0.032987,0.017508,-0.058293,82.829732,75.498722,0.000000
1.434012,0.029038,0.033208,0.017804,-0.058103,82.986012,75.000022,0.000000
1.435125,0.029086,0.033429,0.018103,-0.057913,83.143596,74.500729,0.000000
1.436238,0.029135,0.033648,0.018405,-0.057724,83.302476,74.000962,0.000000
1.437350,0.029184,0.033866,0.018709,-0.057536,83.462642,73.500839,0.000000
1.438462,0.029233,0.034082,0.019017,-0.057348,83.624086,73.000479,0.000000
1.439575,0.029284,0.034298,0.019327,-0.057162,83.786797,72.500000,0.000000
1.440687,0.029335,0.034512,0.019639,-0.056976,83.950765,71.999521,0.000000
1.441800,0.029386,0.034724,0.019955,-0.056791,84.115982,71.499161,0.000000
1.442913,0.029438,0.034935,0.020272,-0.056607,84.282436,70.999038,0.000000
1.444025,0.029490,0.035144,0.020593,-0.056424,84.450119,70.499271,0.000000
1.445137,0.029543,0.035352,0.020915,-0.056243,84.619021,69.999978,0.000000
1.446250,0.029596,0.035558,0.021240,-0.056062,84.789131,69.501278,0.000000
1.447362,0.029649,0.035762,0.021568,-0.055883,84.960439,69.003290,0.000000
1.448475,0.029703,0.035964,0.021897,-0.055704,85.132935,68.506131,0.000000
1.449588,0.029756,0.036164,0.022229,-0.055527,85.306609,68.009918,0.000000
1.450700,0.029810,0.036362,0.022562,-0.055352,85.481451,67.514771,0.000000
1.451812,0.029864,0.036558,0.022898,-0.055178,85.657450,67.020806,0.000000
1.452925,0.029918,0.036752,0.023235,-0.055005,85.834596,66.528141,0.000000
1.454038,0.029971,0.036944,0.023574,-0.054833,86.012878,66.036891,0.000000
1.455150,0.030025,0.037133,0.023915,-0.054664,86.192286,65.547175,0.000000
1.456263,0.030078,0.037320,0.024258,-0.054495,86.372809,65.059107,0.000000
1.457375,0.030131,0.037505,0.024602,-0.054328,86.554436,64.572804,0.000000
1.458487,0.030184,0.037688,0.024948,-0.054163,86.737157,64.088381,0.000000
1.459600,0.030237,0.037867,0.025295,-0.054000,86.920961,63.605953,0.000000
1.460713,0.030289,0.038045,0.025644,-0.053838,87.105837,63.125634,0.000000
1.461825,0.030340,0.038219,0.025993,-0.053678,87.291773,62.647538,0.000000
1.462938,0.030391,0.038391,0.026344,-0.053520,87.478760,62.171779,0.000000
1.464050,0.030442,0.038561,0.026696,-0.053363,87.666785,61.698469,0.000000
1.465162,0.030491,0.038727,0.027049,-0.053208,87.855838,61.227721,0.000000
1.466275,0.030540,0.038891,0.027403,-0.053055,88.045908,60.759646,0.000000
1.467388,0.030588,0.039052,0.027758,-0.052904,88.236982,60.294355,0.000000
1.468500,0.030635,0.039210,0.028113,-0.052755,88.429051,59.831959,0.000000
1.469612,0.030682,0.039366,0.028469,-0.052608,88.622102,59.372567,0.000000
1.470725,0.030727,0.039518,0.028826,-0.052462,88.816124,58.916289,0.000000
1.471837,0.030771,0.039667,0.029183,-0.052319,89.011106,58.463232,0.000000
1.472950,0.030814,0.039813,0.029541,-0.052178,89.207035,58.013503,0.000000
1.474063,0.030855,0.039957,0.029898,-0.052038,89.403901,57.567211,0.000000
1.475175,0.030896,0.040097,0.030256,-0.051901,89.601692,57.124459,0.000000
1.476287,0.030935,0.040234,0.030615,-0.051766,89.800395,56.685354,0.000000
1.477400,0.030973,0.040367,0.030973,-0.051633,90.000000,56.250000,0.000000
1.478512,0.031009,0.040498,0.031331,-0.051502,90.200494,55.818499,0.000000
1.479625,0.031044,0.040625,0.031689,-0.051373,90.401866,55.390955,0.000000
1.480738,0.031077,0.040749,0.032047,-0.051246,90.604103,54.967468,0.000000
1.481850,0.031108,0.040869,0.032404,-0.051121,90.807193,54.548138,0.000000
1.482962,0.031137,0.040987,0.032761,-0.050999,91.011125,54.133067,0.000000
1.484075,0.031165,0.041101,0.033117,-0.050879,91.215887,53.722350,0.000000
1.485187,0.031191,0.041211,0.033473,-0.050761,91.421466,53.316088,0.000000
1.486300,0.031215,0.041318,0.033829,-0.050645,91.627849,52.914374,0.000000
1.487413,0.031237,0.041422,0.034183,-0.050531,91.835026,52.517306,0.000000
1.488525,0.031257,0.041522,0.034537,-0.050420,92.042983,52.124976,0.000000
1.489637,0.031275,0.041618,0.034890,-0.050311,92.251708,51.737479,0.000000
1.490750,0.031291,0.041711,0.035242,-0.050204,92.461190,51.354905,0.000000
1.491863,0.031304,0.041801,0.035592,-0.050099,92.671414,50.977346,0.000000
1.492975,0.031316,0.041886,0.035942,-0.049997,92.882370,50.604892,0.000000
1.494088,0.031324,0.041969,0.036290,-0.049897,93.094044,50.237629,0.000000
1.495200,0.031331,0.042047,0.036637,-0.049800,93.306424,49.875647,0.000000
1.496312,0.031335,0.042122,0.036983,-0.049704,93.519497,49.519030,0.000000
1.497425,0.031337,0.042193,0.037327,-0.049611,93.733251,49.167863,0.000000
1.498538,0.031336,0.042261,0.037669,-0.049521,93.947673,48.822229,0.000000
1.499650,0.031332,0.042325,0.038010,-0.049433,94.162750,48.482210,0.000000
1.500762,0.031326,0.042385,0.038350,-0.049347,94.378470,48.147888,0.000000
1.501875,0.031317,0.042441,0.038687,-0.049264,94.594819,47.819340,0.000000
1.502987,0.031306,0.042493,0.039023,-0.049183,94.811786,47.496646,0.000000
1.504100,0.031291,0.042542,0.039357,-0.049104,95.029356,47.179881,0.000000
1.505213,0.031274,0.042587,0.039689,-0.049028,95.247518,46.869121,0.000000
1.506325,0.031254,0.042627,0.040018,-0.048954,95.466257,46.564440,0.000000
1.507437,0.031232,0.042665,0.040346,-0.048883,95.685562,46.265909,0.000000
1.508550,0.031206,0.042698,0.040671,-0.048814,95.905420,45.973600,0.000000
1.509662,0.031177,0.042727,0.040995,-0.048748,96.125816,45.687582,0.000000
1.510775,0.031146,0.042752,0.041316,-0.048684,96.346739,45.407922,0.000000
1.511888,0.031111,0.042773,0.041635,-0.048623,96.568175,45.134688,0.000000
1.513000,0.031073,0.042791,0.041951,-0.048564,96.790110,44.867943,0.000000
1.514112,0.031033,0.042804,0.042265,-0.048508,97.012533,44.607751,0.000000
1.515225,0.030989,0.042813,0.042576,-0.048454,97.235429,44.354174,0.000000
1.516337,0.030942,0.042818,0.042885,-0.048403,97.458785,44.107272,0.000000
1.517450,0.030892,0.042820,0.043191,-0.048355,97.682588,43.867104,0.000000
1.518563,0.030839,0.042817,0.043495,-0.048309,97.906826,43.633725,0.000000
1.519675,0.030783,0.042810,0.043796,-0.048265,98.131484,43.407193,0.000000
1.520787,0.030723,0.042798,0.044094,-0.048225,98.356549,43.187560,0.000000
1.521900,0.030661,0.042783,0.044389,-0.048187,98.582008,42.974879,0.000000
1.523012,0.030595,0.042764,0.044682,-0.048151,98.807847,42.769199,0.000000
1.524125,0.030526,0.042740,0.044972,-0.048119,99.034054,42.570571,0.000000
1.525238,0.030454,0.042712,0.045259,-0.048089,99.260614,42.379040,0.000000
1.526350,0.030378,0.042680,0.045543,-0.048062,99.487514,42.194653,0.000000
1.527462,0.030300,0.042643,0.045824,-0.048037,99.714742,42.017452,0.000000
1.528575,0.030218,0.042603,0.046102,-0.048016,99.942283,41.847481,0.000000
1.529688,0.030133,0.042558,0.046377,-0.047997,100.170123,41.684779,0.000000
1.530800,0.030045,0.042508,0.046650,-0.047981,100.398250,41.529385,0.000000
1.531913,0.029953,0.042454,0.046919,-0.047968,100.626650,41.381336,0.000000
1.533025,0.029859,0.042396,0.047185,-0.047958,100.855309,41.240667,0.000000
1.534137,0.029761,0.042334,0.047448,-0.047950,101.084214,41.107411,0.000000
1.535250,0.029661,0.042267,0.047709,-0.047946,101.313351,40.981600,0.000000
1.536363,0.029557,0.042195,0.047966,-0.047944,101.542707,40.863263,0.000000
1.537475,0.029450,0.042119,0.048220,-0.047946,101.772268,40.752430,0.000000
1.538587,0.029340,0.042039,0.048471,-0.047950,102.002019,40.649125,0.000000
1.539700,0.029227,0.041954,0.048719,-0.047958,102.231949,40.553374,0.000000
1.540812,0.029111,0.041864,0.048964,-0.047968,102.462043,40.465200,0.000000
1.541925,0.028992,0.041770,0.049206,-0.047982,102.692287,40.384622,0.000000
1.543038,0.028870,0.041671,0.049445,-0.047999,102.922669,40.311661,0.000000
1.544150,0.028745,0.041567,0.049680,-0.048019,103.153173,40.246333,0.000000
1.545262,0.028618,0.041459,0.049913,-0.048042,103.383787,40.188655,0.000000
1.546375,0.028487,0.041346,0.050143,-0.048069,103.614496,40.138639,0.000000
1.547487,0.028354,0.041229,0.050370,-0.048098,103.845288,40.096298,0.000000
1.548600,0.028218,0.041106,0.050594,-0.048131,104.076148,40.061642,0.000000
1.549713,0.028080,0.040979,0.050814,-0.048168,104.307063,40.034678,0.000000
1.550825,0.027938,0.040847,0.051032,-0.048207,104.538019,40.015414,0.000000
1.551937,0.027795,0.040710,0.051248,-0.048250,104.769003,40.003854,0.000000
1.553050,0.027648,0.040569,0.051460,-0.048297,105.000000,40.000000,0.000000
1.554162,0.027500,0.040422,0.051669,-0.048346,105.230997,40.003854,0.000000
1.555275,0.027349,0.040270,0.051876,-0.048400,105.461981,40.015414,0.000000
1.556388,0.027195,0.040114,0.052080,-0.048457,105.692937,40.034678,0.000000
1.557500,0.027040,0.039953,0.052281,-0.048517,105.923852,40.061642,0.000000
1.558612,0.026882,0.039786,0.052480,-0.048581,106.154712,40.096298,0.000000
1.559725,0.026723,0.039615,0.052676,-0.048649,106.385504,40.138639,0.000000
1.560837,0.026561,0.039438,0.052869,-0.048720,106.616213,40.188655,0.000000
1.561950,0.026397,0.039257,0.053060,-0.048795,106.846827,40.246333,0.000000
1.563063,0.026232,0.039070,0.053248,-0.048873,107.077331,40.311661,0.000000
1.564175,0.026064,0.038879,0.053435,-0.048956,107.307713,40.384622,0.000000
1.565287,0.025895,0.038682,0.053618,-0.049042,107.537957,40.465200,0.000000
1.566400,0.025725,0.038480,0.053800,-0.049132,107.768051,40.553374,0.000000
1.567513,0.025553,0.038273,0.053979,-0.049226,107.997981,40.649125,0.000000
1.568625,0.025379,0.038060,0.054156,-0.049323,108.227732,40.752430,0.000000
1.569738,0.025205,0.037843,0.054332,-0.049425,108.457293,40.863263,0.000000
1.570850,0.025029,0.037620,0.054505,-0.049530,108.686649,40.981600,0.000000
1.571962,0.024852,0.037392,0.054676,-0.049639,108.915786,41.107411,0.000000
1.573075,0.024674,0.037159,0.054846,-0.049752,109.144691,41.240667,0.000000
1.574188,0.024495,0.036921,0.055013,-0.049870,109.373350,41.381336,0.000000
1.575300,0.024315,0.036678,0.055179,-0.049991,109.601750,41.529385,0.000000
1.576412,0.024135,0.036429,0.055344,-0.050116,109.829877,41.684779,0.000000
1.577525,0.023954,0.036175,0.055507,-0.050245,110.057717,41.847481,0.000000
1.578637,0.023772,0.035915,0.055668,-0.050379,110.285258,42.017452,0.000000
1.579750,0.023591,0.035651,0.055829,-0.050516,110.512486,42.194653,0.000000
1.580863,0.023409,0.035381,0.055988,-0.050657,110.739386,42.379040,0.000000
1.581975,0.023227,0.035106,0.056145,-0.050803,110.965946,42.570571,0.000000
1.583087,0.023045,0.034826,0.056302,-0.050952,111.192153,42.769199,0.000000
1.584200,0.022863,0.034541,0.056458,-0.051106,111.417992,42.974879,0.000000
1.585312,0.022681,0.034250,0.056613,-0.051264,111.643451,43.187560,0.000000
1.586425,0.022500,0.033954,0.056768,-0.051426,111.868516,43.407193,0.000000
1.587538,0.022319,0.033653,0.056921,-0.051592,112.093174,43.633725,0.000000
1.588650,0.022139,0.033347,0.057075,-0.051762,112.317412,43.867104,0.000000
1.589762,0.021959,0.033035,0.057227,-0.051936,112.541215,44.107272,0.000000
1.590875,0.021781,0.032719,0.057380,-0.052114,112.764571,44.354174,0.000000
1.591987,0.021603,0.032397,0.057532,-0.052297,112.987467,44.607751,0.000000
1.593100,0.021427,0.032071,0.057684,-0.052483,113.209890,44.867943,0.000000
1.594213,0.021252,0.031739,0.057836,-0.052674,113.431825,45.134688,0.000000
1.595325,0.021078,0.031403,0.057988,-0.052869,113.653261,45.407922,0.000000
1.596437,0.020906,0.031061,0.058141,-0.053067,113.874184,45.687582,0.000000
1.597550,0.020735,0.030714,0.058293,-0.053270,114.094580,45.973600,0.000000
1.598663,0.020566,0.030363,0.058447,-0.053477,114.314438,46.265909,0.000000
1.599775,0.020399,0.030007,0.058600,-0.053687,114.533743,46.564440,0.000000
1.600888,0.020234,0.029646,0.058755,-0.053902,114.752482,46.869121,0.000000
1.602000,0.020072,0.029280,0.058910,-0.054120,114.970644,47.179881,0.000000
1.603112,0.019911,0.028910,0.059066,-0.054342,115.188214,47.496646,0.000000
1.604225,0.019753,0.028535,0.059223,-0.054569,115.405181,47.819340,0.000000
1.605338,0.019598,0.028155,0.059381,-0.054798,115.621530,48.147888,0.000000
1.606450,0.019445,0.027771,0.059540,-0.055032,115.837250,48.482210,0.000000
1.607563,0.019295,0.027383,0.059701,-0.055269,116.052327,48.822229,0.000000
1.608675,0.019148,0.026990,0.059863,-0.055510,116.266749,49.167863,0.000000
1.609787,0.019004,0.026593,0.060026,-0.055755,116.480503,49.519030,0.000000
1.610900,0.018863,0.026192,0.060191,-0.056003,116.693576,49.875647,0.000000
1.612013,0.018726,0.025787,0.060358,-0.056254,116.905956,50.237629,0.000000
1.613125,0.018591,0.025377,0.060527,-0.056509,117.117630,50.604892,0.000000
1.614237,0.018461,0.024964,0.060697,-0.056768,117.328586,50.977346,0.000000
1.615350,0.018334,0.024547,0.060870,-0.057029,117.538810,51.354905,0.000000
1.616462,0.018211,0.024126,0.061045,-0.057294,117.748292,51.737479,0.000000
1.617575,0.018091,0.023702,0.061222,-0.057562,117.957017,52.124976,0.000000
1.618688,0.017976,0.023274,0.061401,-0.057833,118.164974,52.517306,0.000000
1.619800,0.017865,0.022842,0.061583,-0.058106,118.372151,52.914374,0.000000
1.620912,0.017758,0.022408,0.061767,-0.058383,118.578534,53.316088,0.000000
1.622025,0.017655,0.021970,0.061954,-0.058663,118.784113,53.722350,0.000000
1.623137,0.017556,0.021529,0.062143,-0.058945,118.988875,54.133067,0.000000
1.624250,0.017463,0.021085,0.062336,-0.059230,119.192807,54.548138,0.000000
1.625363,0.017373,0.020638,0.062531,-0.059517,119.395897,54.967468,0.000000
1.626475,0.017289,0.020188,0.062729,-0.059807,119.598134,55.390955,0.000000
1.627587,0.017209,0.019736,0.062930,-0.060099,119.799506,55.818499,0.000000
1.628700,0.017134,0.019281,0.063134,-0.060393,120.000000,56.250000,0.000000
1.629812,0.017063,0.018824,0.063341,-0.060689,120.199605,56.685354,0.000000
1.630925,0.016998,0.018365,0.063551,-0.060988,120.398308,57.124459,0.000000
1.632038,0.016938,0.017903,0.063764,-0.061288,120.596099,57.567211,0.000000
1.633150,0.016883,0.017440,0.063981,-0.061590,120.792965,58.013503,0.000000
1.634262,0.016833,0.016975,0.064201,-0.061894,120.988894,58.463232,0.000000
1.635375,0.016789,0.016508,0.064425,-0.062199,121.183876,58.916289,0.000000
1.636488,0.016749,0.016039,0.064652,-0.062506,121.377898,59.372567,0.000000
1.637600,0.016715,0.015569,0.064882,-0.062814,121.570949,59.831959,0.000000
1.638713,0.016687,0.015098,0.065116,-0.063123,121.763018,60.294355,0.000000
1.639825,0.016664,0.014626,0.065354,-0.063433,121.954092,60.759646,0.000000
1.640937,0.016646,0.014153,0.065595,-0.063745,122.144162,61.227721,0.000000
1.642050,0.016634,0.013679,0.065840,-0.064057,122.333215,61.698469,0.000000
1.643163,0.016628,0.013204,0.066088,-0.064370,122.521240,62.171779,0.000000
1.644275,0.016627,0.012729,0.066340,-0.064683,122.708227,62.647538,0.000000
1.645388,0.016632,0.012253,0.066596,-0.064997,122.894163,63.125634,0.000000
1.646500,0.016642,0.011777,0.066855,-0.065311,123.079039,63.605953,0.000000
1.647612,0.016658,0.011301,0.067118,-0.065626,123.262843,64.088381,0.000000
1.648725,0.016679,0.010826,0.067385,-0.065940,123.445564,64.572804,0.000000
1.649838,0.016707,0.010350,0.067655,-0.066254,123.627191,65.059107,0.000000
1.650950,0.016739,0.009875,0.067929,-0.066569,123.807714,65.547175,0.000000
1.652062,0.016778,0.009400,0.068207,-0.066883,123.987122,66.036891,0.000000
1.653175,0.016822,0.008926,0.068488,-0.067196,124.165404,66.528141,0.000000
1.654287,0.016872,0.008453,0.068772,-0.067509,124.342550,67.020806,0.000000
1.655400,0.016927,0.007981,0.069061,-0.067822,124.518549,67.514771,0.000000
1.656513,0.016988,0.007510,0.069353,-0.068133,124.693391,68.009918,0.000000
1.657625,0.017054,0.007041,0.069648,-0.068444,124.867065,68.506131,0.000000
1.658737,0.017126,0.006572,0.069947,-0.068753,125.039561,69.003290,0.000000
1.659850,0.017203,0.006106,0.070249,-0.069061,125.210869,69.501278,0.000000
1.660962,0.017285,0.005641,0.070554,-0.069368,125.380979,69.999978,0.000000
1.662075,0.017373,0.005178,0.070863,-0.069674,125.549881,70.499271,0.000000
1.663188,0.017466,0.004717,0.071175,-0.069978,125.717564,70.999038,0.000000
1.664300,0.017565,0.004258,0.071490,-0.070281,125.884018,71.499161,0.000000
1.665412,0.017668,0.003802,0.071809,-0.070581,126.049235,71.999521,0.000000
1.666525,0.017777,0.003348,0.072130,-0.070880,126.213203,72.500000,0.000000
1.667637,0.017891,0.002896,0.072454,-0.071177,126.375914,73.000479,0.000000
1.668750,0.018009,0.002448,0.072781,-0.071471,126.537358,73.500839,0.000000
1.669863,0.018133,0.002002,0.073111,-0.071764,126.697524,74.000962,0.000000
1.670975,0.018261,0.001559,0.073444,-0.072054,126.856404,74.500729,0.000000
1.672087,0.018394,0.001119,0.073779,-0.072342,127.013988,75.000022,0.000000
1.673200,0.018531,0.000683,0.074116,-0.072627,127.170268,75.498722,0.000000
1.674313,0.018673,0.000250,0.074456,-0.072909,127.325232,75.996710,0.000000
1.675425,0.018820,-0.000180,0.074799,-0.073189,127.478873,76.493869,0.000000
1.676538,0.018970,-0.000606,0.075143,-0.073466,127.631181,76.990082,0.000000
1.677650,0.019125,-0.001029,0.075490,-0.073741,127.782147,77.485229,0.000000
1.678762,0.019284,-0.001447,0.075839,-0.074012,127.931763,77.979194,0.000000
1.679875,0.019447,-0.001862,0.076189,-0.074280,128.080019,78.471859,0.000000
1.680988,0.019614,-0.002273,0.076541,-0.074545,128.226907,78.963109,0.000000
1.682100,0.019784,-0.002680,0.076895,-0.074807,128.372417,79.452825,0.000000
1.683213,0.019958,-0.003082,0.077250,-0.075065,128.516542,79.940893,0.000000
1.684325,0.020135,-0.003480,0.077607,-0.075321,128.659272,80.427196,0.000000
1.685437,0.020316,-0.003874,0.077965,-0.075572,128.800600,80.911619,0.000000
1.686550,0.020500,-0.004263,0.078324,-0.075821,128.940517,81.394047,0.000000
1.687663,0.020687,-0.004648,0.078683,-0.076066,129.079014,81.874366,0.000000
1.688775,0.020877,-0.005028,0.079044,-0.076307,129.216084,82.352462,0.000000
1.689887,0.021070,-0.005404,0.079406,-0.076544,129.351717,82.828221,0.000000
1.691000,0.021266,-0.005774,0.079767,-0.076778,129.485907,83.301531,0.000000
1.692112,0.021464,-0.006140,0.080130,-0.077008,129.618646,83.772279,0.000000
1.693225,0.021664,-0.006501,0.080492,-0.077235,129.749924,84.240354,0.000000
1.694338,0.021867,-0.006857,0.080855,-0.077457,129.879735,84.705645,0.000000
1.695450,0.022071,-0.007208,0.081218,-0.077676,130.008072,85.168041,0.000000
1.696562,0.022278,-0.007554,0.081580,-0.077891,130.134925,85.627433,0.000000
1.697675,0.022486,-0.007895,0.081943,-0.078102,130.260288,86.083711,0.000000
1.698787,0.022697,-0.008231,0.082304,-0.078309,130.384154,86.536768,0.000000
1.699900,0.022908,-0.008561,0.082665,-0.078512,130.506514,86.986497,0.000000
1.701013,0.023121,-0.008886,0.083026,-0.078711,130.627362,87.432789,0.000000
1.702125,0.023335,-0.009206,0.083385,-0.078906,130.746691,87.875541,0.000000
1.703237,0.023550,-0.009521,0.083743,-0.079097,130.864493,88.314646,0.000000
1.704350,0.023766,-0.009831,0.084101,-0.079284,130.980762,88.750000,0.000000
1.705462,0.023983,-0.010135,0.084456,-0.079467,131.095491,89.181501,0.000000
1.706575,0.024201,-0.010433,0.084811,-0.079646,131.208672,89.609045,0.000000
1.707688,0.024419,-0.010727,0.085163,-0.079822,131.320299,90.032532,0.000000
1.708800,0.024637,-0.011015,0.085514,-0.079993,131.430366,90.451862,0.000000
1.709912,0.024855,-0.011298,0.085863,-0.080160,131.538866,90.866933,0.000000
1.711025,0.025073,-0.011575,0.086209,-0.080324,131.645792,91.277650,0.000000
1.712138,0.025291,-0.011847,0.086554,-0.080483,131.751138,91.683912,0.000000
1.713250,0.025509,-0.012113,0.086896,-0.080638,131.854899,92.085626,0.000000
1.714363,0.025726,-0.012375,0.087235,-0.080790,131.957067,92.482694,0.000000
1.715475,0.025943,-0.012630,0.087572,-0.080938,132.057637,92.875024,0.000000
1.716587,0.026159,-0.012881,0.087906,-0.081082,132.156603,93.262521,0.000000
1.717700,0.026374,-0.013126,0.088237,-0.081222,132.253958,93.645095,0.000000
1.718813,0.026589,-0.013366,0.088565,-0.081358,132.349698,94.022654,0.000000
1.719925,0.026801,-0.013600,0.088889,-0.081491,132.443816,94.395108,0.000000
1.721037,0.027013,-0.013829,0.089210,-0.081619,132.536307,94.762371,0.000000
1.722150,0.027223,-0.014053,0.089528,-0.081745,132.627166,95.124353,0.000000
1.723262,0.027432,-0.014272,0.089842,-0.081866,132.716386,95.480970,0.000000
1.724375,0.027639,-0.014485,0.090152,-0.081984,132.803963,95.832137,0.000000
1.725488,0.027844,-0.014694,0.090458,-0.082099,132.889892,96.177771,0.000000
1.726600,0.028047,-0.014897,0.090760,-0.082210,132.974167,96.517790,0.000000
1.727712,0.028248,-0.015095,0.091058,-0.082317,133.056783,96.852112,0.000000
1.728825,0.028446,-0.015288,0.091352,-0.082421,133.137736,97.180660,0.000000
1.729937,0.028643,-0.015476,0.091641,-0.082522,133.217021,97.503354,0.000000
1.731050,0.028837,-0.015659,0.091926,-0.082620,133.294633,97.820119,0.000000
1.732163,0.029028,-0.015836,0.092206,-0.082714,133.370567,98.130879,0.000000
1.733275,0.029217,-0.016009,0.092481,-0.082805,133.444819,98.435560,0.000000
1.734387,0.029402,-0.016178,0.092751,-0.082893,133.517385,98.734091,0.000000
1.735500,0.029585,-0.016341,0.093016,-0.082978,133.588260,99.026400,0.000000
1.736612,0.029765,-0.016499,0.093277,-0.083059,133.657440,99.312418,0.000000
1.737725,0.029941,-0.016653,0.093531,-0.083138,133.724921,99.592078,0.000000
1.738838,0.030115,-0.016802,0.093781,-0.083214,133.790699,99.865312,0.000000
1.739950,0.030284,-0.016946,0.094025,-0.083287,133.854769,100.132057,0.000000
1.741062,0.030451,-0.017086,0.094264,-0.083358,133.917129,100.392249,0.000000
1.742175,0.030614,-0.017221,0.094497,-0.083425,133.977775,100.645826,0.000000
1.743287,0.030773,-0.017352,0.094724,-0.083490,134.036702,100.892728,0.000000
1.744400,0.030928,-0.017478,0.094945,-0.083552,134.093908,101.132896,0.000000
1.745513,0.031080,-0.017599,0.095161,-0.083612,134.149389,101.366275,0.000000
1.746625,0.031228,-0.017717,0.095370,-0.083669,134.203142,101.592807,0.000000
1.747737,0.031371,-0.017829,0.095574,-0.083723,134.255163,101.812440,0.000000
1.748850,0.031511,-0.017938,0.095771,-0.083776,134.305450,102.025121,0.000000
1.749963,0.031646,-0.018042,0.095962,-0.083826,134.353999,102.230801,0.000000
1.751075,0.031777,-0.018142,0.096147,-0.083873,134.400808,102.429429,0.000000
1.752188,0.031904,-0.018238,0.096325,-0.083918,134.445873,102.620960,0.000000
1.753300,0.032026,-0.018330,0.096497,-0.083961,134.489193,102.805347,0.000000
1.754412,0.032144,-0.018418,0.096663,-0.084002,134.530764,102.982548,0.000000
1.755525,0.032257,-0.018502,0.096822,-0.084041,134.570585,103.152519,0.000000
1.756638,0.032366,-0.018581,0.096974,-0.084078,134.608652,103.315221,0.000000
1.757750,0.032470,-0.018657,0.097120,-0.084113,134.644964,103.470615,0.000000
1.758862,0.032569,-0.018729,0.097258,-0.084145,134.679518,103.618664,0.000000
1.759975,0.032664,-0.018796,0.097390,-0.084176,134.712313,103.759333,0.000000
1.761087,0.032754,-0.018860,0.097515,-0.084205,134.743346,103.892589,0.000000
1.762200,0.032839,-0.018920,0.097634,-0.084232,134.772615,104.018400,0.000000
1.763313,0.032919,-0.018977,0.097745,-0.084257,134.800120,104.136737,0.000000
1.764425,0.032994,-0.019029,0.097849,-0.084280,134.825857,104.247570,0.000000
1.765537,0.033064,-0.019078,0.097947,-0.084302,134.849826,104.350875,0.000000
1.766650,0.033129,-0.019123,0.098037,-0.084322,134.872025,104.446626,0.000000
1.767762,0.033188,-0.019164,0.098120,-0.084340,134.892453,104.534800,0.000000
1.768875,0.033243,-0.019202,0.098196,-0.084357,134.911109,104.615378,0.000000
1.769988,0.033293,-0.019236,0.098265,-0.084372,134.927992,104.688339,0.000000
1.771100,0.033337,-0.019267,0.098327,-0.084385,134.943100,104.753667,0.000000
1.772212,0.033377,-0.019293,0.098381,-0.084397,134.956433,104.811345,0.000000
1.773325,0.033411,-0.019316,0.098428,-0.084407,134.967989,104.861361,0.000000
1.774437,0.033440,-0.019336,0.098468,-0.084415,134.977769,104.903702,0.000000
1.775550,0.033463,-0.019352,0.098501,-0.084422,134.985772,104.938358,0.000000
1.776663,0.033482,-0.019365,0.098527,-0.084427,134.991996,104.965322,0.000000
1.777775,0.033495,-0.019373,0.098545,-0.084431,134.996443,104.984586,0.000000
1.778887,0.033503,-0.019379,0.098556,-0.084434,134.999111,104.996146,0.000000
1.780000,0.033506,-0.019381,0.098559,-0.084434,135.000000,105.000000,1.000000
1.781112,0.033505,-0.019380,0.098558,-0.084435,134.999037,105.000000,1.000000
1.782225,0.033504,-0.019379,0.098553,-0.084437,134.996146,105.000000,1.000000
1.783338,0.033502,-0.019376,0.098546,-0.084440,134.991330,105.000000,1.000000
1.784450,0.033499,-0.019372,0.098536,-0.084444,134.984586,105.000000,1.000000
1.785562,0.033496,-0.019368,0.098522,-0.084449,134.975918,105.000000,1.000000
1.786675,0.033491,-0.019362,0.098506,-0.084456,134.965323,105.000000,1.000000
1.787788,0.033486,-0.019356,0.098486,-0.084463,134.952804,105.000000,1.000000
1.788900,0.033480,-0.019348,0.098464,-0.084472,134.938362,105.000000,1.000000
1.790013,0.033474,-0.019340,0.098439,-0.084482,134.921996,105.000000,1.000000
1.791125,0.033466,-0.019330,0.098411,-0.084493,134.903709,105.000000,1.000000
1.792237,0.033458,-0.019320,0.098379,-0.084506,134.883501,105.000000,1.000000
1.793350,0.033449,-0.019308,0.098345,-0.084519,134.861373,105.000000,1.000000
1.794463,0.033439,-0.019296,0.098308,-0.084534,134.837328,105.000000,1.000000
1.795575,0.033429,-0.019282,0.098268,-0.084550,134.811366,105.000000,1.000000
1.796687,0.033417,-0.019267,0.098225,-0.084567,134.783490,105.000000,1.000000
1.797800,0.033405,-0.019252,0.098179,-0.084585,134.753700,105.000000,1.000000
1.798912,0.033392,-0.019235,0.098130,-0.084604,134.722000,105.000000,1.000000
1.800025,0.033379,-0.019218,0.098078,-0.084624,134.688391,105.000000,1.000000
1.801138,0.033364,-0.019199,0.098023,-0.084646,134.652874,105.000000,1.000000
1.802250,0.033349,-0.019179,0.097965,-0.084668,134.615454,105.000000,1.000000
1.803362,0.033333,-0.019159,0.097904,-0.084692,134.576131,105.000000,1.000000
1.804475,0.033317,-0.019137,0.097840,-0.084717,134.534908,105.000000,1.000000
1.805587,0.033299,-0.019114,0.097774,-0.084743,134.491788,105.000000,1.000000
1.806700,0.033281,-0.019091,0.097704,-0.084770,134.446775,105.000000,1.000000
1.807813,0.033262,-0.019066,0.097631,-0.084798,134.399870,105.000000,1.000000
1.808925,0.033243,-0.019040,0.097556,-0.084827,134.351076,105.000000,1.000000
1.810037,0.033222,-0.019014,0.097477,-0.084857,134.300398,105.000000,1.000000
1.811150,0.033201,-0.018986,0.097395,-0.084888,134.247837,105.000000,1.000000
1.812262,0.033179,-0.018957,0.097311,-0.084921,134.193398,105.000000,1.000000
1.813375,0.033157,-0.018928,0.097224,-0.084954,134.137084,105.000000,1.000000
1.814488,0.033134,-0.018897,0.097133,-0.084988,134.078899,105.000000,1.000000
1.815600,0.033110,-0.018865,0.097040,-0.085023,134.018846,105.000000,1.000000
1.816712,0.033085,-0.018832,0.096944,-0.085060,133.956929,105.000000,1.000000
1.817825,0.033059,-0.018799,0.096845,-0.085097,133.893152,105.000000,1.000000
1.818937,0.033033,-0.018764,0.096742,-0.085135,133.827520,105.000000,1.000000
1.820050,0.033007,-0.018728,0.096637,-0.085174,133.760036,105.000000,1.000000
1.821163,0.032979,-0.018691,0.096529,-0.085215,133.690704,105.000000,1.000000
1.822275,0.032951,-0.018654,0.096419,-0.085256,133.619530,105.000000,1.000000
1.823387,0.032922,-0.018615,0.096305,-0.085298,133.546518,105.000000,1.000000
1.824500,0.032893,-0.018575,0.096188,-0.085341,133.471672,105.000000,1.000000
1.825613,0.032862,-0.018534,0.096069,-0.085384,133.394998,105.000000,1.000000
1.826725,0.032832,-0.018492,0.095946,-0.085429,133.316500,105.000000,1.000000
1.827838,0.032800,-0.018449,0.095821,-0.085475,133.236183,105.000000,1.000000
1.828950,0.032768,-0.018405,0.095692,-0.085521,133.154053,105.000000,1.000000
1.830062,0.032735,-0.018361,0.095561,-0.085568,133.070114,105.000000,1.000000
1.831175,0.032702,-0.018315,0.095427,-0.085616,132.984372,105.000000,1.000000
1.832288,0.032668,-0.018268,0.095290,-0.085665,132.896833,105.000000,1.000000
1.833400,0.032633,-0.018220,0.095150,-0.085715,132.807503,105.000000,1.000000
1.834512,0.032598,-0.018171,0.095008,-0.085765,132.716386,105.000000,1.000000
1.835625,0.032562,-0.018121,0.094862,-0.085816,132.623489,105.000000,1.000000
1.836737,0.032525,-0.018070,0.094714,-0.085868,132.528818,105.000000,1.000000
1.837850,0.032488,-0.018018,0.094562,-0.085921,132.432379,105.000000,1.000000
1.838963,0.032450,-0.017965,0.094408,-0.085974,132.334178,105.000000,1.000000
1.840075,0.032412,-0.017911,0.094251,-0.086028,132.234221,105.000000,1.000000
1.841187,0.032373,-0.017856,0.094091,-0.086083,132.132515,105.000000,1.000000
1.842300,0.032334,-0.017800,0.093929,-0.086138,132.029066,105.000000,1.000000
1.843412,0.032294,-0.017743,0.093763,-0.086194,131.923881,105.000000,1.000000
1.844525,0.032253,-0.017685,0.093595,-0.086250,131.816967,105.000000,1.000000
1.845638,0.032212,-0.017625,0.093424,-0.086307,131.708331,105.000000,1.000000
1.846750,0.032171,-0.017565,0.093250,-0.086365,131.597979,105.000000,1.000000
1.847862,0.032129,-0.017504,0.093073,-0.086423,131.485919,105.000000,1.000000
1.848975,0.032086,-0.017442,0.092893,-0.086482,131.372158,105.000000,1.000000
1.850087,0.032043,-0.017379,0.092711,-0.086541,131.256703,105.000000,1.000000
1.851200,0.031999,-0.017315,0.092526,-0.086601,131.139561,105.000000,1.000000
1.852313,0.031955,-0.017250,0.092338,-0.086661,131.020741,105.000000,1.000000
1.853425,0.031910,-0.017183,0.092147,-0.086722,130.900249,105.000000,1.000000
1.854537,0.031865,-0.017116,0.091953,-0.086783,130.778094,105.000000,1.000000
1.855650,0.031820,-0.017048,0.091757,-0.086844,130.654283,105.000000,1.000000
1.856763,0.031774,-0.016979,0.091558,-0.086906,130.528824,105.000000,1.000000
1.857875,0.031727,-0.016909,0.091357,-0.086968,130.401726,105.000000,1.000000
1.858988,0.031680,-0.016837,0.091152,-0.087031,130.272996,105.000000,1.000000
1.860100,0.031633,-0.016765,0.090945,-0.087094,130.142643,105.000000,1.000000
1.861212,0.031585,-0.016692,0.090735,-0.087157,130.010675,105.000000,1.000000
1.862325,0.031537,-0.016618,0.090522,-0.087221,129.877101,105.000000,1.000000
1.863438,0.031489,-0.016543,0.090307,-0.087284,129.741929,105.000000,1.000000
1.864550,0.031440,-0.016466,0.090089,-0.087348,129.605168,105.000000,1.000000
1.865663,0.031390,-0.016389,0.089869,-0.087412,129.466826,105.000000,1.000000
1.866775,0.031341,-0.016311,0.089645,-0.087477,129.326913,105.000000,1.000000
1.867887,0.031291,-0.016232,0.089419,-0.087541,129.185438,105.000000,1.000000
1.869000,0.031240,-0.016151,0.089191,-0.087606,129.042409,105.000000,1.000000
1.870113,0.031190,-0.016070,0.088959,-0.087671,128.897836,105.000000,1.000000
1.871225,0.031138,-0.015988,0.088726,-0.087736,128.751728,105.000000,1.000000
1.872337,0.031087,-0.015905,0.088489,-0.087801,128.604094,105.000000,1.000000
1.873450,0.031035,-0.015821,0.088250,-0.087866,128.454944,105.000000,1.000000
1.874562,0.030983,-0.015735,0.088008,-0.087931,128.304288,105.000000,1.000000
1.875675,0.030931,-0.015649,0.087764,-0.087996,128.152136,105.000000,1.000000
1.876788,0.030878,-0.015562,0.087517,-0.088061,127.998496,105.000000,1.000000
1.877900,0.030826,-0.015474,0.087268,-0.088126,127.843379,105.000000,1.000000
1.879012,0.030773,-0.015385,0.087016,-0.088190,127.686795,105.000000,1.000000
1.880125,0.030719,-0.015295,0.086762,-0.088255,127.528753,105.000000,1.000000
1.881237,0.030666,-0.015204,0.086505,-0.088320,127.369265,105.000000,1.000000
1.882350,0.030612,-0.015112,0.086246,-0.088384,127.208340,105.000000,1.000000
1.883463,0.030558,-0.015019,0.085984,-0.088449,127.045988,105.000000,1.000000
1.884575,0.030504,-0.014925,0.085719,-0.088513,126.882221,105.000000,1.000000
1.885687,0.030449,-0.014830,0.085453,-0.088577,126.717048,105.000000,1.000000
1.886800,0.030395,-0.014734,0.085183,-0.088641,126.550481,105.000000,1.000000
1.887912,0.030340,-0.014637,0.084912,-0.088704,126.382529,105.000000,1.000000
1.889025,0.030285,-0.014539,0.084638,-0.088767,126.213203,105.000000,1.000000
1.890138,0.030230,-0.014441,0.084361,-0.088830,126.042516,105.000000,1.000000
1.891250,0.030175,-0.014341,0.084082,-0.088893,125.870477,105.000000,1.000000
1.892362,0.030119,-0.014240,0.083801,-0.088955,125.697097,105.000000,1.000000
1.893475,0.030064,-0.014139,0.083518,-0.089017,125.522388,105.000000,1.000000
1.894588,0.030008,-0.014036,0.083232,-0.089078,125.346361,105.000000,1.000000
1.895700,0.029952,-0.013933,0.082944,-0.089139,125.169027,105.000000,1.000000
1.896813,0.029897,-0.013829,0.082653,-0.089199,124.990397,105.000000,1.000000
1.897925,0.029841,-0.013723,0.082360,-0.089259,124.810484,105.000000,1.000000
1.899037,0.029785,-0.013617,0.082065,-0.089319,124.629298,105.000000,1.000000
1.900150,0.029729,-0.013510,0.081768,-0.089378,124.446852,105.000000,1.000000
1.901263,0.029673,-0.013402,0.081469,-0.089436,124.263156,105.000000,1.000000
1.902375,0.029617,-0.013293,0.081167,-0.089494,124.078224,105.000000,1.000000
1.903487,0.029561,-0.013183,0.080863,-0.089551,123.892066,105.000000,1.000000
1.904600,0.029505,-0.013072,0.080557,-0.089608,123.704694,105.000000,1.000000
1.905712,0.029449,-0.012961,0.080249,-0.089664,123.516121,105.000000,1.000000
1.906825,0.029393,-0.012848,0.079939,-0.089719,123.326359,105.000000,1.000000
1.907938,0.029337,-0.012735,0.079626,-0.089774,123.135420,105.000000,1.000000
1.909050,0.029281,-0.012620,0.079312,-0.089828,122.943316,105.000000,1.000000
1.910162,0.029225,-0.012505,0.078995,-0.089881,122.750059,105.000000,1.000000
1.911275,0.029170,-0.012389,0.078677,-0.089933,122.555663,105.000000,1.000000
1.912387,0.029114,-0.012272,0.078356,-0.089985,122.360139,105.000000,1.000000
1.913500,0.029058,-0.012155,0.078033,-0.090036,122.163500,105.000000,1.000000
1.914613,0.029003,-0.012036,0.077709,-0.090085,121.965758,105.000000,1.000000
1.915725,0.028947,-0.011916,0.077382,-0.090135,121.766927,105.000000,1.000000
1.916837,0.028892,-0.011796,0.077053,-0.090183,121.567019,105.000000,1.000000
1.917950,0.028837,-0.011675,0.076723,-0.090230,121.366047,105.000000,1.000000
1.919062,0.028782,-0.011553,0.076391,-0.090276,121.164024,105.000000,1.000000
1.920175,0.028727,-0.011430,0.076057,-0.090322,120.960962,105.000000,1.000000
1.921288,0.028672,-0.011307,0.075720,-0.090366,120.756876,105.000000,1.000000
1.922400,0.028617,-0.011182,0.075383,-0.090410,120.551777,105.000000,1.000000
1.923512,0.028563,-0.011057,0.075043,-0.090452,120.345680,105.000000,1.000000
1.924625,0.028509,-0.010931,0.074701,-0.090494,120.138596,105.000000,1.000000
1.925737,0.028455,-0.010804,0.074358,-0.090534,119.930541,105.000000,1.000000
1.926850,0.028401,-0.010677,0.074013,-0.090574,119.721527,105.000000,1.000000
1.927963,0.028348,-0.010548,0.073667,-0.090612,119.511567,105.000000,1.000000
1.929075,0.028294,-0.010419,0.073318,-0.090649,119.300675,105.000000,1.000000
1.930187,0.028241,-0.010289,0.072968,-0.090685,119.088864,105.000000,1.000000
1.931300,0.028188,-0.010159,0.072617,-0.090720,118.876149,105.000000,1.000000
1.932413,0.028136,-0.010027,0.072264,-0.090754,118.662542,105.000000,1.000000
1.933525,0.028084,-0.009895,0.071909,-0.090786,118.448058,105.000000,1.000000
1.934638,0.028032,-0.009762,0.071553,-0.090817,118.232710,105.000000,1.000000
1.935750,0.027980,-0.009629,0.071195,-0.090848,118.016512,105.000000,1.000000
1.936862,0.027929,-0.009495,0.070835,-0.090876,117.799478,105.000000,1.000000
1.937975,0.027877,-0.009360,0.070475,-0.090904,117.581622,105.000000,1.000000
1.939088,0.027827,-0.009224,0.070112,-0.090930,117.362958,105.000000,1.000000
1.940200,0.027776,-0.009088,0.069749,-0.090955,117.143500,105.000000,1.000000
1.941312,0.027726,-0.008951,0.069384,-0.090979,116.923262,105.000000,1.000000
1.942425,0.027677,-0.008813,0.069017,-0.091001,116.702258,105.000000,1.000000
1.943537,0.027627,-0.008674,0.068649,-0.091022,116.480503,105.000000,1.000000
1.944650,0.027578,-0.008535,0.068280,-0.091042,116.258010,105.000000,1.000000
1.945763,0.027530,-0.008396,0.067910,-0.091060,116.034794,105.000000,1.000000
1.946875,0.027482,-0.008256,0.067539,-0.091077,115.810870,105.000000,1.000000
1.947987,0.027434,-0.008115,0.067166,-0.091093,115.586251,105.000000,1.000000
1.949100,0.027386,-0.007973,0.066792,-0.091107,115.360952,105.000000,1.000000
1.950212,0.027340,-0.007831,0.066417,-0.091119,115.134987,105.000000,1.000000
1.951325,0.027293,-0.007688,0.066041,-0.091131,114.908372,105.000000,1.000000
1.952438,0.027247,-0.007545,0.065663,-0.091140,114.681120,105.000000,1.000000
1.953550,0.027201,-0.007401,0.065285,-0.091149,114.453247,105.000000,1.000000
1.954662,0.027156,-0.007257,0.064905,-0.091155,114.224766,105.000000,1.000000
1.955775,0.027111,-0.007112,0.064525,-0.091161,113.995693,105.000000,1.000000
1.956887,0.027067,-0.006966,0.064143,-0.091164,113.766042,105.000000,1.000000
1.958000,0.027023,-0.006820,0.063761,-0.091167,113.535828,105.000000,1.000000
1.959113,0.026980,-0.006673,0.063378,-0.091167,113.305065,105.000000,1.000000
1.960225,0.026937,-0.006526,0.062994,-0.091166,113.073770,105.000000,1.000000
1.961337,0.026895,-0.006379,0.062609,-0.091164,112.841955,105.000000,1.000000
1.962450,0.026853,-0.006231,0.062223,-0.091160,112.609638,105.000000,1.000000
1.963562,0.026812,-0.006082,0.061836,-0.091154,112.376831,105.000000,1.000000
1.964675,0.026771,-0.005933,0.061449,-0.091147,112.143550,105.000000,1.000000
1.965788,0.026731,-0.005783,0.061061,-0.091139,111.909811,105.000000,1.000000
1.966900,0.026691,-0.005634,0.060672,-0.091128,111.675628,105.000000,1.000000
1.968012,0.026652,-0.005483,0.060282,-0.091116,111.441016,105.000000,1.000000
1.969125,0.026614,-0.005332,0.059892,-0.091103,111.205991,105.000000,1.000000
1.970238,0.026576,-0.005181,0.059501,-0.091087,110.970566,105.000000,1.000000
1.971350,0.026538,-0.005029,0.059110,-0.091071,110.734759,105.000000,1.000000
1.972463,0.026501,-0.004877,0.058718,-0.091052,110.498583,105.000000,1.000000
1.973575,0.026465,-0.004725,0.058326,-0.091032,110.262054,105.000000,1.000000
1.974687,0.026429,-0.004572,0.057933,-0.091010,110.025187,105.000000,1.000000
1.975800,0.026394,-0.004419,0.057540,-0.090987,109.787997,105.000000,1.000000
1.976913,0.026359,-0.004266,0.057146,-0.090962,109.550499,105.000000,1.000000
1.978025,0.026325,-0.004112,0.056752,-0.090935,109.312710,105.000000,1.000000
1.979137,0.026292,-0.003958,0.056358,-0.090906,109.074643,105.000000,1.000000
1.980250,0.026259,-0.003803,0.055963,-0.090876,108.836315,105.000000,1.000000
1.981362,0.026227,-0.003649,0.055568,-0.090844,108.597740,105.000000,1.000000
1.982475,0.026196,-0.003494,0.055173,-0.090811,108.358934,105.000000,1.000000
1.983588,0.026165,-0.003338,0.054777,-0.090776,108.119913,105.000000,1.000000
1.984700,0.026134,-0.003183,0.054382,-0.090739,107.880691,105.000000,1.000000
1.985812,0.026105,-0.003027,0.053986,-0.090701,107.641284,105.000000,1.000000
1.986925,0.026076,-0.002871,0.053590,-0.090660,107.401707,105.000000,1.000000
1.988037,0.026047,-0.002715,0.053194,-0.090618,107.161976,105.000000,1.000000
1.989150,0.026019,-0.002558,0.052798,-0.090575,106.922107,105.000000,1.000000
1.990263,0.025992,-0.002402,0.052402,-0.090530,106.682113,105.000000,1.000000
1.991375,0.025966,-0.002245,0.052006,-0.090483,106.442012,105.000000,1.000000
1.992487,0.025940,-0.002088,0.051610,-0.090434,106.201818,105.000000,1.000000
1.993600,0.025915,-0.001931,0.051214,-0.090384,105.961547,105.000000,1.000000
1.994712,0.025890,-0.001773,0.050818,-0.090332,105.721215,105.000000,1.000000
1.995825,0.025866,-0.001616,0.050422,-0.090278,105.480835,105.000000,1.000000
1.996938,0.025843,-0.001459,0.050027,-0.090223,105.240425,105.000000,1.000000
1.998050,0.025820,-0.001301,0.049632,-0.090166,105.000000,105.000000,1.000000
1.999162,0.025798,-0.001143,0.049237,-0.090107,104.759575,105.000000,1.000000
2.000275,0.025777,-0.000985,0.048842,-0.090047,104.519165,105.000000,1.000000
2.001387,0.025757,-0.000827,0.048448,-0.089985,104.278785,105.000000,1.000000
2.002500,0.025737,-0.000670,0.048053,-0.089922,104.038453,105.000000,1.000000
2.003613,0.025717,-0.000512,0.047660,-0.089857,103.798182,105.000000,1.000000
2.004725,0.025699,-0.000354,0.047266,-0.089790,103.557988,105.000000,1.000000
2.005838,0.025681,-0.000195,0.046873,-0.089721,103.317887,105.000000,1.000000
2.006950,0.025664,-0.000037,0.046481,-0.089651,103.077893,105.000000,1.000000
2.008062,0.025647,0.000121,0.046089,-0.089580,102.838024,105.000000,1.000000
2.009175,0.025631,0.000279,0.045698,-0.089506,102.598293,105.000000,1.000000
2.010288,0.025616,0.000437,0.045307,-0.089432,102.358716,105.000000,1.000000
2.011400,0.025601,0.000594,0.044917,-0.089355,102.119309,105.000000,1.000000
2.012513,0.025588,0.000752,0.044527,-0.089277,101.880087,105.000000,1.000000
2.013625,0.025574,0.000910,0.044138,-0.089198,101.641066,105.000000,1.000000
2.014737,0.025562,0.001068,0.043750,-0.089117,101.402260,105.000000,1.000000
2.015850,0.025550,0.001225,0.043362,-0.089034,101.163685,105.000000,1.000000
2.016962,0.025539,0.001383,0.042975,-0.088950,100.925357,105.000000,1.000000
2.018075,0.025528,0.001540,0.042589,-0.088864,100.687290,105.000000,1.000000
2.019188,0.025518,0.001697,0.042204,-0.088777,100.449501,105.000000,1.000000
2.020300,0.025509,0.001854,0.041820,-0.088688,100.212003,105.000000,1.000000
2.021412,0.025500,0.002011,0.041436,-0.088598,99.974813,105.000000,1.000000
2.022525,0.025493,0.002168,0.041054,-0.088507,99.737946,105.000000,1.000000
2.023637,0.025485,0.002324,0.040672,-0.088413,99.501417,105.000000,1.000000
2.024750,0.025479,0.002481,0.040291,-0.088319,99.265241,105.000000,1.000000
2.025863,0.025473,0.002637,0.039911,-0.088223,99.029434,105.000000,1.000000
2.026975,0.025468,0.002793,0.039533,-0.088126,98.794009,105.000000,1.000000
2.028087,0.025463,0.002948,0.039155,-0.088027,98.558984,105.000000,1.000000
2.029200,0.025459,0.003104,0.038778,-0.087927,98.324372,105.000000,1.000000
2.030312,0.025456,0.003259,0.038403,-0.087826,98.090189,105.000000,1.000000
2.031425,0.025453,0.003413,0.038029,-0.087723,97.856450,105.000000,1.000000
2.032538,0.025451,0.003568,0.037655,-0.087619,97.623169,105.000000,1.000000
2.033650,0.025449,0.003722,0.037283,-0.087514,97.390362,105.000000,1.000000
2.034762,0.025449,0.003876,0.036912,-0.087407,97.158045,105.000000,1.000000
2.035875,0.025448,0.004030,0.036543,-0.087299,96.926230,105.000000,1.000000
2.036987,0.025449,0.004183,0.036174,-0.087190,96.694935,105.000000,1.000000
2.038100,0.025450,0.004336,0.035807,-0.087079,96.464172,105.000000,1.000000
2.039213,0.025451,0.004488,0.035442,-0.086968,96.233958,105.000000,1.000000
2.040325,0.025454,0.004640,0.035077,-0.086855,96.004307,105.000000,1.000000
2.041437,0.025457,0.004792,0.034714,-0.086741,95.775234,105.000000,1.000000
2.042550,0.025460,0.004943,0.034353,-0.086626,95.546753,105.000000,1.000000
2.043662,0.025464,0.005094,0.033992,-0.086510,95.318880,105.000000,1.000000
2.044775,0.025469,0.005245,0.033634,-0.086392,95.091628,105.000000,1.000000
2.045888,0.025474,0.005395,0.033276,-0.086274,94.865013,105.000000,1.000000
2.047000,0.025480,0.005544,0.032921,-0.086154,94.639048,105.000000,1.000000
2.048112,0.025486,0.005693,0.032566,-0.086034,94.413749,105.000000,1.000000
2.049225,0.025493,0.005842,0.032214,-0.085912,94.189130,105.000000,1.000000
2.050337,0.025501,0.005990,0.031862,-0.085790,93.965206,105.000000,1.000000
2.051450,0.025509,0.006138,0.031513,-0.085666,93.741990,105.000000,1.000000
2.052563,0.025517,0.006285,0.031165,-0.085542,93.519497,105.000000,1.000000
2.053675,0.025526,0.006431,0.030819,-0.085416,93.297742,105.000000,1.000000
2.054787,0.025536,0.006577,0.030474,-0.085290,93.076738,105.000000,1.000000
2.055900,0.025546,0.006723,0.030131,-0.085163,92.856500,105.000000,1.000000
2.057012,0.025557,0.006868,0.029790,-0.085035,92.637042,105.000000,1.000000
2.058125,0.025568,0.007012,0.029450,-0.084906,92.418378,105.000000,1.000000
2.059238,0.025580,0.007156,0.029112,-0.084776,92.200522,105.000000,1.000000
2.060350,0.025592,0.007299,0.028776,-0.084645,91.983488,105.000000,1.000000
2.061463,0.025605,0.007442,0.028442,-0.084514,91.767290,105.000000,1.000000
2.062575,0.025618,0.007584,0.028110,-0.084382,91.551942,105.000000,1.000000
2.063687,0.025632,0.007726,0.027779,-0.084249,91.337458,105.000000,1.000000
2.064800,0.025646,0.007866,0.027450,-0.084116,91.123851,105.000000,1.000000
2.065913,0.025660,0.008006,0.027123,-0.083982,90.911136,105.000000,1.000000
2.067025,0.025675,0.008146,0.026798,-0.083847,90.699325,105.000000,1.000000
2.068138,0.025691,0.008285,0.026475,-0.083712,90.488433,105.000000,1.000000
2.069250,0.025707,0.008423,0.026154,-0.083576,90.278473,105.000000,1.000000
2.070362,0.025723,0.008560,0.025835,-0.083440,90.069459,105.000000,1.000000
2.071475,0.025740,0.008697,0.025518,-0.083303,89.861404,105.000000,1.000000
2.072588,0.025757,0.008833,0.025202,-0.083165,89.654320,105.000000,1.000000
2.073700,0.025775,0.008969,0.024889,-0.083027,89.448223,105.000000,1.000000
2.074813,0.025793,0.009103,0.024578,-0.082889,89.243124,105.000000,1.000000
2.075925,0.025811,0.009237,0.024268,-0.082750,89.039038,105.000000,1.000000
2.077037,0.025830,0.009370,0.023961,-0.082611,88.835976,105.000000,1.000000
2.078150,0.025849,0.009503,0.023656,-0.082471,88.633953,105.000000,1.000000
2.079263,0.025869,0.009634,0.023353,-0.082331,88.432981,105.000000,1.000000
2.080375,0.025889,0.009765,0.023052,-0.082191,88.233073,105.000000,1.000000
2.081488,0.025909,0.009896,0.022753,-0.082050,88.034242,105.000000,1.000000
2.082600,0.025930,0.010025,0.022457,-0.081910,87.836500,105.000000,1.000000
2.083712,0.025951,0.010153,0.022162,-0.081768,87.639861,105.000000,1.000000
2.084825,0.025972,0.010281,0.021869,-0.081627,87.444337,105.000000,1.000000
2.085938,0.025993,0.010408,0.021579,-0.081486,87.249941,105.000000,1.000000
2.087050,0.026015,0.010534,0.021291,-0.081344,87.056684,105.000000,1.000000
2.088163,0.026037,0.010660,0.021005,-0.081203,86.864580,105.000000,1.000000
2.089275,0.026060,0.010784,0.020721,-0.081061,86.673641,105.000000,1.000000
2.090387,0.026082,0.010908,0.020440,-0.080919,86.483879,105.000000,1.000000
2.091500,0.026105,0.011031,0.020161,-0.080777,86.295306,105.000000,1.000000
2.092612,0.026128,0.011152,0.019884,-0.080635,86.107934,105.000000,1.000000
2.093725,0.026152,0.011274,0.019609,-0.080494,85.921776,105.000000,1.000000
2.094838,0.026176,0.011394,0.019336,-0.080352,85.736844,105.000000,1.000000
2.095950,0.026199,0.011513,0.019066,-0.080210,85.553148,105.000000,1.000000
2.097062,0.026224,0.011631,0.018798,-0.080068,85.370702,105.000000,1.000000
2.098175,0.026248,0.011749,0.018533,-0.079927,85.189516,105.000000,1.000000
2.099287,0.026272,0.011866,0.018269,-0.079786,85.009603,105.000000,1.000000
2.100400,0.026297,0.011981,0.018008,-0.079645,84.830973,105.000000,1.000000
2.101513,0.026322,0.012096,0.017750,-0.079504,84.653639,105.000000,1.000000
2.102625,0.026347,0.012210,0.017493,-0.079363,84.477612,105.000000,1.000000
2.103737,0.026372,0.012323,0.017239,-0.079223,84.302903,105.000000,1.000000
2.104850,0.026398,0.012435,0.016988,-0.079083,84.129523,105.000000,1.000000
2.105962,0.026423,0.012546,0.016739,-0.078943,83.957484,105.000000,1.000000
2.107075,0.026449,0.012656,0.016492,-0.078804,83.786797,105.000000,1.000000
2.108188,0.026474,0.012765,0.016247,-0.078665,83.617471,105.000000,1.000000
2.109300,0.026500,0.012873,0.016005,-0.078526,83.449519,105.000000,1.000000
2.110412,0.026526,0.012981,0.015765,-0.078388,83.282952,105.000000,1.000000
2.111525,0.026552,0.013087,0.015528,-0.078250,83.117779,105.000000,1.000000
2.112637,0.026578,0.013192,0.015293,-0.078113,82.954012,105.000000,1.000000
2.113750,0.026605,0.013297,0.015061,-0.077976,82.791660,105.000000,1.000000
2.114863,0.026631,0.013400,0.014831,-0.077840,82.630735,105.000000,1.000000
2.115975,0.026657,0.013502,0.014603,-0.077705,82.471247,105.000000,1.000000
2.117087,0.026683,0.013603,0.014378,-0.077570,82.313205,105.000000,1.000000
2.118200,0.026710,0.013704,0.014155,-0.077436,82.156621,105.000000,1.000000
2.119312,0.026736,0.013803,0.013935,-0.077302,82.001504,105.000000,1.000000
2.120425,0.026763,0.013901,0.013717,-0.077169,81.847864,105.000000,1.000000
2.121538,0.026789,0.013999,0.013502,-0.077037,81.695712,105.000000,1.000000
2.122650,0.026816,0.014095,0.013289,-0.076905,81.545056,105.000000,1.000000
2.123762,0.026842,0.014190,0.013078,-0.076775,81.395906,105.000000,1.000000
2.124875,0.026868,0.014284,0.012870,-0.076645,81.248272,105.000000,1.000000
2.125987,0.026895,0.014377,0.012665,-0.076516,81.102164,105.000000,1.000000
2.127100,0.026921,0.014469,0.012462,-0.076387,80.957591,105.000000,1.000000
2.128213,0.026947,0.014560,0.012261,-0.076260,80.814562,105.000000,1.000000
2.129325,0.026973,0.014650,0.012063,-0.076133,80.673087,105.000000,1.000000
2.130437,0.027000,0.014739,0.011868,-0.076008,80.533174,105.000000,1.000000
2.131550,0.027026,0.014827,0.011675,-0.075883,80.394832,105.000000,1.000000
2.132662,0.027052,0.014914,0.011484,-0.075759,80.258071,105.000000,1.000000
2.133775,0.027077,0.015000,0.011296,-0.075637,80.122899,105.000000,1.000000
2.134888,0.027103,0.015084,0.011111,-0.075515,79.989325,105.000000,1.000000
2.136000,0.027129,0.015168,0.010928,-0.075394,79.857357,105.000000,1.000000
2.137113,0.027154,0.015250,0.010747,-0.075275,79.727004,105.000000,1.000000
2.138225,0.027180,0.015332,0.010569,-0.075156,79.598274,105.000000,1.000000
2.139337,0.027205,0.015412,0.010394,-0.075039,79.471176,105.000000,1.000000
2.140450,0.027230,0.015491,0.010221,-0.074923,79.345717,105.000000,1.000000
2.141563,0.027255,0.015570,0.010050,-0.074807,79.221906,105.000000,1.000000
2.142675,0.027280,0.015647,0.009882,-0.074694,79.099751,105.000000,1.000000
2.143788,0.027304,0.015722,0.009717,-0.074581,78.979259,105.000000,1.000000
2.144900,0.027329,0.015797,0.009554,-0.074469,78.860439,105.000000,1.000000
2.146012,0.027353,0.015871,0.009394,-0.074359,78.743297,105.000000,1.000000
2.147125,0.027377,0.015944,0.009236,-0.074250,78.627842,105.000000,1.000000
2.148238,0.027400,0.016015,0.009081,-0.074142,78.514081,105.000000,1.000000
2.149350,0.027424,0.016086,0.008928,-0.074036,78.402021,105.000000,1.000000
2.150463,0.027447,0.016155,0.008778,-0.073931,78.291669,105.000000,1.000000
2.151575,0.027471,0.016223,0.008630,-0.073827,78.183033,105.000000,1.000000
2.152687,0.027493,0.016290,0.008485,-0.073725,78.076119,105.000000,1.000000
2.153800,0.027516,0.016356,0.008342,-0.073624,77.970934,105.000000,1.000000
2.154913,0.027538,0.016421,0.008202,-0.073524,77.867485,105.000000,1.000000
2.156025,0.027560,0.016484,0.008065,-0.073426,77.765779,105.000000,1.000000
2.157138,0.027582,0.016547,0.007930,-0.073330,77.665822,105.000000,1.000000
2.158250,0.027604,0.016608,0.007797,-0.073235,77.567621,105.000000,1.000000
2.159362,0.027625,0.016668,0.007668,-0.073141,77.471182,105.000000,1.000000
2.160475,0.027646,0.016727,0.007540,-0.073049,77.376511,105.000000,1.000000
2.161587,0.027667,0.016785,0.007415,-0.072958,77.283614,105.000000,1.000000
2.162700,0.027687,0.016842,0.007293,-0.072869,77.192497,105.000000,1.000000
2.163813,0.027707,0.016898,0.007173,-0.072781,77.103167,105.000000,1.000000
2.164925,0.027727,0.016952,0.007056,-0.072695,77.015628,105.000000,1.000000
2.166037,0.027746,0.017006,0.006941,-0.072611,76.929886,105.000000,1.000000
2.167150,0.027766,0.017058,0.006829,-0.072528,76.845947,105.000000,1.000000
2.168262,0.027784,0.017109,0.006719,-0.072447,76.763817,105.000000,1.000000
2.169375,0.027803,0.017159,0.006612,-0.072367,76.683500,105.000000,1.000000
2.170488,0.027821,0.017208,0.006508,-0.072289,76.605002,105.000000,1.000000
2.171600,0.027838,0.017255,0.006406,-0.072213,76.528328,105.000000,1.000000
2.172712,0.027856,0.017302,0.006306,-0.072139,76.453482,105.000000,1.000000
2.173825,0.027873,0.017347,0.006209,-0.072066,76.380470,105.000000,1.000000
2.174937,0.027889,0.017391,0.006115,-0.071995,76.309296,105.000000,1.000000
2.176050,0.027906,0.017434,0.006023,-0.071925,76.239964,105.000000,1.000000
2.177163,0.027921,0.017476,0.005933,-0.071858,76.172480,105.000000,1.000000
2.178275,0.027937,0.017517,0.005847,-0.071792,76.106848,105.000000,1.000000
2.179387,0.027952,0.017556,0.005762,-0.071728,76.043071,105.000000,1.000000
2.180500,0.027967,0.017594,0.005680,-0.071666,75.981154,105.000000,1.000000
2.181612,0.027981,0.017631,0.005601,-0.071605,75.921101,105.000000,1.000000
2.182725,0.027995,0.017667,0.005524,-0.071546,75.862916,105.000000,1.000000
2.183838,0.028008,0.017702,0.005450,-0.071489,75.806602,105.000000,1.000000
2.184950,0.028021,0.017736,0.005379,-0.071434,75.752163,105.000000,1.000000
2.186062,0.028034,0.017768,0.005309,-0.071381,75.699602,105.000000,1.000000
2.187175,0.028046,0.017800,0.005243,-0.071330,75.648924,105.000000,1.000000
2.188287,0.028058,0.017830,0.005179,-0.071280,75.600130,105.000000,1.000000
2.189400,0.028069,0.017859,0.005117,-0.071232,75.553225,105.000000,1.000000
2.190513,0.028080,0.017886,0.005058,-0.071187,75.508212,105.000000,1.000000
2.191625,0.028091,0.017913,0.005001,-0.071143,75.465092,105.000000,1.000000
2.192737,0.028101,0.017938,0.004947,-0.071101,75.423869,105.000000,1.000000
2.193850,0.028110,0.017963,0.004896,-0.071060,75.384546,105.000000,1.000000
2.194962,0.028119,0.017986,0.004847,-0.071022,75.347126,105.000000,1.000000
2.196075,0.028128,0.018007,0.004800,-0.070986,75.311609,105.000000,1.000000
2.197188,0.028136,0.018028,0.004756,-0.070951,75.278000,105.000000,1.000000
2.198300,0.028144,0.018048,0.004715,-0.070919,75.246300,105.000000,1.000000
2.199412,0.028151,0.018066,0.004676,-0.070889,75.216510,105.000000,1.000000
2.200525,0.028158,0.018083,0.004639,-0.070860,75.188634,105.000000,1.000000
2.201637,0.028164,0.018099,0.004606,-0.070833,75.162672,105.000000,1.000000
2.202750,0.028170,0.018114,0.004574,-0.070809,75.138627,105.000000,1.000000
2.203863,0.028176,0.018128,0.004545,-0.070786,75.116499,105.000000,1.000000
2.204975,0.028181,0.018140,0.004519,-0.070765,75.096291,105.000000,1.000000
2.206088,0.028185,0.018151,0.004495,-0.070746,75.078004,105.000000,1.000000
2.207200,0.028189,0.018161,0.004474,-0.070730,75.061638,105.000000,1.000000
2.208312,0.028193,0.018170,0.004455,-0.070715,75.047196,105.000000,1.000000
2.209425,0.028196,0.018178,0.004438,-0.070702,75.034677,105.000000,1.000000
2.210538,0.028199,0.018184,0.004425,-0.070691,75.024082,105.000000,1.000000
2.211650,0.028201,0.018190,0.004413,-0.070682,75.015414,105.000000,1.000000
2.212763,0.028202,0.018194,0.004405,-0.070675,75.008670,105.000000,1.000000
2.213875,0.028204,0.018197,0.004398,-0.070670,75.003854,105.000000,1.000000
2.214987,0.028204,0.018199,0.004395,-0.070667,75.000963,105.000000,1.000000
2.216100,0.028205,0.018199,0.004393,-0.070666,75.000000,105.000000,1.000000
2.217213,0.028204,0.018201,0.004394,-0.070664,75.000889,104.996146,0.000000
2.218325,0.028204,0.018207,0.004398,-0.070659,75.003557,104.984586,0.000000
2.219438,0.028203,0.018218,0.004404,-0.070651,75.008004,104.965322,0.000000
2.220550,0.028201,0.018232,0.004412,-0.070639,75.014228,104.938358,0.000000
2.221662,0.028199,0.018251,0.004422,-0.070623,75.022231,104.903702,0.000000
2.222775,0.028197,0.018274,0.004435,-0.070605,75.032011,104.861361,0.000000
2.223888,0.028194,0.018301,0.004450,-0.070582,75.043567,104.811345,0.000000
2.225000,0.028191,0.018332,0.004468,-0.070557,75.056900,104.753667,0.000000
2.226113,0.028187,0.018367,0.004487,-0.070528,75.072008,104.688339,0.000000
2.227225,0.028183,0.018406,0.004510,-0.070496,75.088891,104.615378,0.000000
2.228337,0.028179,0.018450,0.004534,-0.070460,75.107547,104.534800,0.000000
2.229450,0.028174,0.018497,0.004561,-0.070421,75.127975,104.446626,0.000000
2.230563,0.028169,0.018549,0.004591,-0.070379,75.150174,104.350875,0.000000
2.231675,0.028163,0.018604,0.004622,-0.070333,75.174143,104.247570,0.000000
2.232788,0.028158,0.018664,0.004657,-0.070284,75.199880,104.136737,0.000000
2.233900,0.028152,0.018727,0.004693,-0.070232,75.227385,104.018400,0.000000
2.235012,0.028145,0.018795,0.004732,-0.070176,75.256654,103.892589,0.000000
2.236125,0.028139,0.018867,0.004774,-0.070117,75.287687,103.759333,0.000000
2.237237,0.028132,0.018942,0.004818,-0.070055,75.320482,103.618664,0.000000
2.238350,0.028125,0.019022,0.004865,-0.069989,75.355036,103.470615,0.000000
2.239463,0.028118,0.019105,0.004914,-0.069921,75.391348,103.315221,0.000000
2.240575,0.028110,0.019192,0.004965,-0.069849,75.429415,103.152519,0.000000
2.241687,0.028102,0.019284,0.005020,-0.069774,75.469236,102.982548,0.000000
2.242800,0.028095,0.019378,0.005077,-0.069695,75.510807,102.805347,0.000000
2.243912,0.028087,0.019477,0.005136,-0.069614,75.554127,102.620960,0.000000
2.245025,0.028079,0.019580,0.005198,-0.069530,75.599192,102.429429,0.000000
2.246138,0.028071,0.019686,0.005263,-0.069442,75.646001,102.230801,0.000000
2.247250,0.028063,0.019796,0.005331,-0.069351,75.694550,102.025121,0.000000
2.248362,0.028055,0.019910,0.005401,-0.069258,75.744837,101.812440,0.000000
2.249475,0.028047,0.020027,0.005474,-0.069161,75.796858,101.592807,0.000000
2.250587,0.028039,0.020148,0.005550,-0.069061,75.850611,101.366275,0.000000
2.251700,0.028032,0.020272,0.005629,-0.068959,75.906092,101.132896,0.000000
2.252813,0.028024,0.020400,0.005710,-0.068853,75.963298,100.892728,0.000000
2.253925,0.028017,0.020531,0.005794,-0.068744,76.022225,100.645826,0.000000
2.255037,0.028009,0.020666,0.005882,-0.068633,76.082871,100.392249,0.000000
2.256150,0.028002,0.020805,0.005972,-0.068519,76.145231,100.132057,0.000000
2.257262,0.027996,0.020946,0.006065,-0.068402,76.209301,99.865312,0.000000
2.258375,0.027989,0.021091,0.006161,-0.068282,76.275079,99.592078,0.000000
2.259488,0.027983,0.021239,0.006260,-0.068160,76.342560,99.312418,0.000000
2.260600,0.027977,0.021390,0.006362,-0.068034,76.411740,99.026400,0.000000
2.261712,0.027972,0.021545,0.006468,-0.067907,76.482615,98.734091,0.000000
2.262825,0.027967,0.021702,0.006576,-0.067776,76.555181,98.435560,0.000000
2.263937,0.027962,0.021863,0.006687,-0.067643,76.629433,98.130879,0.000000
2.265050,0.027958,0.022027,0.006802,-0.067508,76.705367,97.820119,0.000000
2.266163,0.027955,0.022193,0.006920,-0.067370,76.782979,97.503354,0.000000
2.267275,0.027952,0.022363,0.007041,-0.067229,76.862264,97.180660,0.000000
2.268387,0.027949,0.022535,0.007165,-0.067086,76.943217,96.852112,0.000000
2.269500,0.027948,0.022710,0.007293,-0.066941,77.025833,96.517790,0.000000
2.270612,0.027947,0.022888,0.007423,-0.066794,77.110108,96.177771,0.000000
2.271725,0.027946,0.023068,0.007557,-0.066644,77.196037,95.832137,0.000000
2.272838,0.027946,0.023251,0.007695,-0.066492,77.283614,95.480970,0.000000
2.273950,0.027947,0.023437,0.007836,-0.066338,77.372834,95.124353,0.000000
2.275062,0.027949,0.023625,0.007980,-0.066182,77.463693,94.762371,0.000000
2.276175,0.027952,0.023815,0.008127,-0.066023,77.556184,94.395108,0.000000
2.277287,0.027955,0.024008,0.008278,-0.065863,77.650302,94.022654,0.000000
2.278400,0.027959,0.024203,0.008433,-0.065701,77.746042,93.645095,0.000000
2.279513,0.027965,0.024400,0.008591,-0.065537,77.843397,93.262521,0.000000
2.280625,0.027971,0.024599,0.008752,-0.065371,77.942363,92.875024,0.000000
2.281738,0.027978,0.024801,0.008917,-0.065203,78.042933,92.482694,0.000000
2.282850,0.027985,0.025004,0.009085,-0.065034,78.145101,92.085626,0.000000
2.283962,0.027994,0.025209,0.009257,-0.064863,78.248862,91.683912,0.000000
2.285075,0.028004,0.025416,0.009433,-0.064690,78.354208,91.277650,0.000000
2.286188,0.028015,0.025625,0.009612,-0.064515,78.461134,90.866933,0.000000
2.287300,0.028027,0.025836,0.009795,-0.064340,78.569634,90.451862,0.000000
2.288413,0.028040,0.026048,0.009981,-0.064162,78.679701,90.032532,0.000000
2.289525,0.028054,0.026261,0.010171,-0.063984,78.791328,89.609045,0.000000
2.290637,0.028069,0.026477,0.010364,-0.063804,78.904509,89.181501,0.000000
2.291750,0.028085,0.026693,0.010561,-0.063623,79.019238,88.750000,0.000000
2.292863,0.028103,0.026911,0.010762,-0.063440,79.135507,88.314646,0.000000
2.293975,0.028121,0.027130,0.010966,-0.063257,79.253309,87.875541,0.000000
2.295088,0.028141,0.027350,0.011174,-0.063072,79.372638,87.432789,0.000000
2.296200,0.028161,0.027571,0.011385,-0.062886,79.493486,86.986497,0.000000
2.297312,0.028183,0.027793,0.011600,-0.062700,79.615846,86.536768,0.000000
2.298425,0.028206,0.028016,0.011819,-0.062512,79.739712,86.083711,0.000000
2.299538,0.028230,0.028240,0.012041,-0.062324,79.865075,85.627433,0.000000
2.300650,0.028256,0.028465,0.012267,-0.062135,79.991928,85.168041,0.000000
2.301763,0.028282,0.028690,0.012497,-0.061945,80.120265,84.705645,0.000000
2.302875,0.028310,0.028916,0.012730,-0.061755,80.250076,84.240354,0.000000
2.303987,0.028338,0.029143,0.012966,-0.061564,80.381354,83.772279,0.000000
2.305100,0.028368,0.029369,0.013206,-0.061373,80.514093,83.301531,0.000000
2.306212,0.028399,0.029597,0.013450,-0.061181,80.648283,82.828221,0.000000
2.307325,0.028431,0.029824,0.013697,-0.060988,80.783916,82.352462,0.000000
2.308438,0.028465,0.030051,0.013947,-0.060796,80.920986,81.874366,0.000000
2.309550,0.028499,0.030279,0.014201,-0.060603,81.059483,81.394047,0.000000
2.310662,0.028535,0.030507,0.014459,-0.060410,81.199400,80.911619,0.000000
2.311775,0.028571,0.030734,0.014720,-0.060217,81.340728,80.427196,0.000000
2.312887,0.028609,0.030962,0.014984,-0.060024,81.483458,79.940893,0.000000
2.314000,0.028647,0.031189,0.015252,-0.059831,81.627583,79.452825,0.000000
2.315113,0.028687,0.031416,0.015522,-0.059638,81.773093,78.963109,0.000000
2.316225,0.028728,0.031642,0.015797,-0.059445,81.919981,78.471859,0.000000
2.317337,0.028769,0.031868,0.016074,-0.059252,82.068237,77.979194,0.000000
2.318450,0.028812,0.032093,0.016355,-0.059060,82.217853,77.485229,0.000000
2.319562,0.028856,0.032318,0.016638,-0.058867,82.368819,76.990082,0.000000
2.320675,0.028900,0.032542,0.016925,-0.058676,82.521127,76.493869,0.000000
2.321788,0.028945,0.032765,0.017215,-0.058484,82.674768,75.996710,0.000000
2.322900,0.028992,0.032987,0.017508,-0.058293,82.829732,75.498722,0.000000
2.324012,0.029038,0.033208,0.017804,-0.058103,82.986012,75.000022,0.000000
2.325125,0.029086,0.033429,0.018103,-0.057913,83.143596,74.500729,0.000000
2.326237,0.029135,0.033648,0.018405,-0.057724,83.302476,74.000962,0.000000
2.327350,0.029184,0.033866,0.018709,-0.057536,83.462642,73.500839,0.000000
2.328463,0.029233,0.034082,0.019017,-0.057348,83.624086,73.000479,0.000000
2.329575,0.029284,0.034298,0.019327,-0.057162,83.786797,72.500000,0.000000
2.330687,0.029335,0.034512,0.019639,-0.056976,83.950765,71.999521,0.000000
2.331800,0.029386,0.034724,0.019955,-0.056791,84.115982,71.499161,0.000000
2.332912,0.029438,0.034935,0.020272,-0.056607,84.282436,70.999038,0.000000
2.334025,0.029490,0.035144,0.020593,-0.056424,84.450119,70.499271,0.000000
2.335138,0.029543,0.035352,0.020915,-0.056243,84.619021,69.999978,0.000000
2.336250,0.029596,0.035558,0.021240,-0.056062,84.789131,69.501278,0.000000
2.337362,0.029649,0.035762,0.021568,-0.055883,84.960439,69.003290,0.000000
2.338475,0.029703,0.035964,0.021897,-0.055704,85.132935,68.506131,0.000000
2.339587,0.029756,0.036164,0.022229,-0.055527,85.306609,68.009918,0.000000
2.340700,0.029810,0.036362,0.022562,-0.055352,85.481451,67.514771,0.000000
2.341813,0.029864,0.036558,0.022898,-0.055178,85.657450,67.020806,0.000000
2.342925,0.029918,0.036752,0.023235,-0.055005,85.834596,66.528141,0.000000
2.344037,0.029971,0.036944,0.023574,-0.054833,86.012878,66.036891,0.000000
2.345150,0.030025,0.037133,0.023915,-0.054664,86.192286,65.547175,0.000000
2.346262,0.030078,0.037320,0.024258,-0.054495,86.372809,65.059107,0.000000
2.347375,0.030131,0.037505,0.024602,-0.054328,86.554436,64.572804,0.000000
2.348488,0.030184,0.037688,0.024948,-0.054163,86.737157,64.088381,0.000000
2.349600,0.030237,0.037867,0.025295,-0.054000,86.920961,63.605953,0.000000
2.350712,0.030289,0.038045,0.025644,-0.053838,87.105837,63.125634,0.000000
2.351825,0.030340,0.038219,0.025993,-0.053678,87.291773,62.647538,0.000000
2.352937,0.030391,0.038391,0.026344,-0.053520,87.478760,62.171779,0.000000
2.354050,0.030442,0.038561,0.026696,-0.053363,87.666785,61.698469,0.000000
2.355163,0.030491,0.038727,0.027049,-0.053208,87.855838,61.227721,0.000000
2.356275,0.030540,0.038891,0.027403,-0.053055,88.045908,60.759646,0.000000
2.357388,0.030588,0.039052,0.027758,-0.052904,88.236982,60.294355,0.000000
2.358500,0.030635,0.039210,0.028113,-0.052755,88.429051,59.831959,0.000000
2.359612,0.030682,0.039366,0.028469,-0.052608,88.622102,59.372567,0.000000
2.360725,0.030727,0.039518,0.028826,-0.052462,88.816124,58.916289,0.000000
2.361838,0.030771,0.039667,0.029183,-0.052319,89.011106,58.463232,0.000000
2.362950,0.030814,0.039813,0.029541,-0.052178,89.207035,58.013503,0.000000
2.364063,0.030855,0.039957,0.029898,-0.052038,89.403901,57.567211,0.000000
2.365175,0.030896,0.040097,0.030256,-0.051901,89.601692,57.124459,0.000000
2.366287,0.030935,0.040234,0.030615,-0.051766,89.800395,56.685354,0.000000
2.367400,0.030973,0.040367,0.030973,-0.051633,90.000000,56.250000,0.000000
2.368513,0.031009,0.040498,0.031331,-0.051502,90.200494,55.818499,0.000000
2.369625,0.031044,0.040625,0.031689,-0.051373,90.401866,55.390955,0.000000
2.370738,0.031077,0.040749,0.032047,-0.051246,90.604103,54.967468,0.000000
2.371850,0.031108,0.040869,0.032404,-0.051121,90.807193,54.548138,0.000000
2.372962,0.031137,0.040987,0.032761,-0.050999,91.011125,54.133067,0.000000
2.374075,0.031165,0.041101,0.033117,-0.050879,91.215887,53.722350,0.000000
2.375188,0.031191,0.041211,0.033473,-0.050761,91.421466,53.316088,0.000000
2.376300,0.031215,0.041318,0.033829,-0.050645,91.627849,52.914374,0.000000
2.377413,0.031237,0.041422,0.034183,-0.050531,91.835026,52.517306,0.000000
2.378525,0.031257,0.041522,0.034537,-0.050420,92.042983,52.124976,0.000000
2.379637,0.031275,0.041618,0.034890,-0.050311,92.251708,51.737479,0.000000
2.380750,0.031291,0.041711,0.035242,-0.050204,92.461190,51.354905,0.000000
2.381862,0.031304,0.041801,0.035592,-0.050099,92.671414,50.977346,0.000000
2.382975,0.031316,0.041886,0.035942,-0.049997,92.882370,50.604892,0.000000
2.384088,0.031324,0.041969,0.036290,-0.049897,93.094044,50.237629,0.000000
2.385200,0.031331,0.042047,0.036637,-0.049800,93.306424,49.875647,0.000000
2.386312,0.031335,0.042122,0.036983,-0.049704,93.519497,49.519030,0.000000
2.387425,0.031337,0.042193,0.037327,-0.049611,93.733251,49.167863,0.000000
2.388537,0.031336,0.042261,0.037669,-0.049521,93.947673,48.822229,0.000000
2.389650,0.031332,0.042325,0.038010,-0.049433,94.162750,48.482210,0.000000
2.390763,0.031326,0.042385,0.038350,-0.049347,94.378470,48.147888,0.000000
2.391875,0.031317,0.042441,0.038687,-0.049264,94.594819,47.819340,0.000000
2.392987,0.031306,0.042493,0.039023,-0.049183,94.811786,47.496646,0.000000
2.394100,0.031291,0.042542,0.039357,-0.049104,95.029356,47.179881,0.000000
2.395212,0.031274,0.042587,0.039689,-0.049028,95.247518,46.869121,0.000000
2.396325,0.031254,0.042627,0.040018,-0.048954,95.466257,46.564440,0.000000
2.397438,0.031232,0.042665,0.040346,-0.048883,95.685562,46.265909,0.000000
2.398550,0.031206,0.042698,0.040671,-0.048814,95.905420,45.973600,0.000000
2.399662,0.031177,0.042727,0.040995,-0.048748,96.125816,45.687582,0.000000
2.400775,0.031146,0.042752,0.041316,-0.048684,96.346739,45.407922,0.000000
2.401887,0.031111,0.042773,0.041635,-0.048623,96.568175,45.134688,0.000000
2.403000,0.031073,0.042791,0.041951,-0.048564,96.790110,44.867943,0.000000
2.404113,0.031033,0.042804,0.042265,-0.048508,97.012533,44.607751,0.000000
2.405225,0.030989,0.042813,0.042576,-0.048454,97.235429,44.354174,0.000000
2.406337,0.030942,0.042818,0.042885,-0.048403,97.458785,44.107272,0.000000
2.407450,0.030892,0.042820,0.043191,-0.048355,97.682588,43.867104,0.000000
2.408562,0.030839,0.042817,0.043495,-0.048309,97.906826,43.633725,0.000000
2.409675,0.030783,0.042810,0.043796,-0.048265,98.131484,43.407193,0.000000
2.410788,0.030723,0.042798,0.044094,-0.048225,98.356549,43.187560,0.000000
2.411900,0.030661,0.042783,0.044389,-0.048187,98.582008,42.974879,0.000000
2.413012,0.030595,0.042764,0.044682,-0.048151,98.807847,42.769199,0.000000
2.414125,0.030526,0.042740,0.044972,-0.048119,99.034054,42.570571,0.000000
2.415237,0.030454,0.042712,0.045259,-0.048089,99.260614,42.379040,0.000000
2.416350,0.030378,0.042680,0.045543,-0.048062,99.487514,42.194653,0.000000
2.417463,0.030300,0.042643,0.045824,-0.048037,99.714742,42.017452,0.000000
2.418575,0.030218,0.042603,0.046102,-0.048016,99.942283,41.847481,0.000000
2.419687,0.030133,0.042558,0.046377,-0.047997,100.170123,41.684779,0.000000
2.420800,0.030045,0.042508,0.046650,-0.047981,100.398250,41.529385,0.000000
2.421912,0.029953,0.042454,0.046919,-0.047968,100.626650,41.381336,0.000000
2.423025,0.029859,0.042396,0.047185,-0.047958,100.855309,41.240667,0.000000
2.424138,0.029761,0.042334,0.047448,-0.047950,101.084214,41.107411,0.000000
2.425250,0.029661,0.042267,0.047709,-0.047946,101.313351,40.981600,0.000000
2.426363,0.029557,0.042195,0.047966,-0.047944,101.542707,40.863263,0.000000
2.427475,0.029450,0.042119,0.048220,-0.047946,101.772268,40.752430,0.000000
2.428587,0.029340,0.042039,0.048471,-0.047950,102.002019,40.649125,0.000000
2.429700,0.029227,0.041954,0.048719,-0.047958,102.231949,40.553374,0.000000
2.430813,0.029111,0.041864,0.048964,-0.047968,102.462043,40.465200,0.000000
2.431925,0.028992,0.041770,0.049206,-0.047982,102.692287,40.384622,0.000000
2.433038,0.028870,0.041671,0.049445,-0.047999,102.922669,40.311661,0.000000
2.434150,0.028745,0.041567,0.049680,-0.048019,103.153173,40.246333,0.000000
2.435262,0.028618,0.041459,0.049913,-0.048042,103.383787,40.188655,0.000000
2.436375,0.028487,0.041346,0.050143,-0.048069,103.614496,40.138639,0.000000
2.437488,0.028354,0.041229,0.050370,-0.048098,103.845288,40.096298,0.000000
2.438600,0.028218,0.041106,0.050594,-0.048131,104.076148,40.061642,0.000000
2.439713,0.028080,0.040979,0.050814,-0.048168,104.307063,40.034678,0.000000
2.440825,0.027938,0.040847,0.051032,-0.048207,104.538019,40.015414,0.000000
2.441937,0.027795,0.040710,0.051248,-0.048250,104.769003,40.003854,0.000000
2.443050,0.027648,0.040569,0.051460,-0.048297,105.000000,40.000000,0.000000
2.444163,0.027500,0.040422,0.051669,-0.048346,105.230997,40.003854,0.000000
2.445275,0.027349,0.040270,0.051876,-0.048400,105.461981,40.015414,0.000000
2.446388,0.027195,0.040114,0.052080,-0.048457,105.692937,40.034678,0.000000
2.447500,0.027040,0.039953,0.052281,-0.048517,105.923852,40.061642,0.000000
2.448612,0.026882,0.039786,0.052480,-0.048581,106.154712,40.096298,0.000000
2.449725,0.026723,0.039615,0.052676,-0.048649,106.385504,40.138639,0.000000
2.450838,0.026561,0.039438,0.052869,-0.048720,106.616213,40.188655,0.000000
2.451950,0.026397,0.039257,0.053060,-0.048795,106.846827,40.246333,0.000000
2.453063,0.026232,0.039070,0.053248,-0.048873,107.077331,40.311661,0.000000
2.454175,0.026064,0.038879,0.053435,-0.048956,107.307713,40.384622,0.000000
2.455287,0.025895,0.038682,0.053618,-0.049042,107.537957,40.465200,0.000000
2.456400,0.025725,0.038480,0.053800,-0.049132,107.768051,40.553374,0.000000
2.457512,0.025553,0.038273,0.053979,-0.049226,107.997981,40.649125,0.000000
2.458625,0.025379,0.038060,0.054156,-0.049323,108.227732,40.752430,0.000000
2.459738,0.025205,0.037843,0.054332,-0.049425,108.457293,40.863263,0.000000
2.460850,0.025029,0.037620,0.054505,-0.049530,108.686649,40.981600,0.000000
2.461962,0.024852,0.037392,0.054676,-0.049639,108.915786,41.107411,0.000000
2.463075,0.024674,0.037159,0.054846,-0.049752,109.144691,41.240667,0.000000
2.464187,0.024495,0.036921,0.055013,-0.049870,109.373350,41.381336,0.000000
2.465300,0.024315,0.036678,0.055179,-0.049991,109.601750,41.529385,0.000000
2.466413,0.024135,0.036429,0.055344,-0.050116,109.829877,41.684779,0.000000
2.467525,0.023954,0.036175,0.055507,-0.050245,110.057717,41.847481,0.000000
2.468637,0.023772,0.035915,0.055668,-0.050379,110.285258,42.017452,0.000000
2.469750,0.023591,0.035651,0.055829,-0.050516,110.512486,42.194653,0.000000
2.470862,0.023409,0.035381,0.055988,-0.050657,110.739386,42.379040,0.000000
2.471975,0.023227,0.035106,0.056145,-0.050803,110.965946,42.570571,0.000000
2.473088,0.023045,0.034826,0.056302,-0.050952,111.192153,42.769199,0.000000
2.474200,0.022863,0.034541,0.056458,-0.051106,111.417992,42.974879,0.000000
2.475312,0.022681,0.034250,0.056613,-0.051264,111.643451,43.187560,0.000000
2.476425,0.022500,0.033954,0.056768,-0.051426,111.868516,43.407193,0.000000
2.477537,0.022319,0.033653,0.056921,-0.051592,112.093174,43.633725,0.000000
2.478650,0.022139,0.033347,0.057075,-0.051762,112.317412,43.867104,0.000000
2.479763,0.021959,0.033035,0.057227,-0.051936,112.541215,44.107272,0.000000
2.480875,0.021781,0.032719,0.057380,-0.052114,112.764571,44.354174,0.000000
2.481987,0.021603,0.032397,0.057532,-0.052297,112.987467,44.607751,0.000000
2.483100,0.021427,0.032071,0.057684,-0.052483,113.209890,44.867943,0.000000
2.484212,0.021252,0.031739,0.057836,-0.052674,113.431825,45.134688,0.000000
2.485325,0.021078,0.031403,0.057988,-0.052869,113.653261,45.407922,0.000000
2.486438,0.020906,0.031061,0.058141,-0.053067,113.874184,45.687582,0.000000
2.487550,0.020735,0.030714,0.058293,-0.053270,114.094580,45.973600,0.000000
2.488662,0.020566,0.030363,0.058447,-0.053477,114.314438,46.265909,0.000000
2.489775,0.020399,0.030007,0.058600,-0.053687,114.533743,46.564440,0.000000
2.490887,0.020234,0.029646,0.058755,-0.053902,114.752482,46.869121,0.000000
2.492000,0.020072,0.029280,0.058910,-0.054120,114.970644,47.179881,0.000000
2.493113,0.019911,0.028910,0.059066,-0.054342,115.188214,47.496646,0.000000
2.494225,0.019753,0.028535,0.059223,-0.054569,115.405181,47.819340,0.000000
2.495337,0.019598,0.028155,0.059381,-0.054798,115.621530,48.147888,0.000000
2.496450,0.019445,0.027771,0.059540,-0.055032,115.837250,48.482210,0.000000
2.497562,0.019295,0.027383,0.059701,-0.055269,116.052327,48.822229,0.000000
2.498675,0.019148,0.026990,0.059863,-0.055510,116.266749,49.167863,0.000000
2.499788,0.019004,0.026593,0.060026,-0.055755,116.480503,49.519030,0.000000
2.500900,0.018863,0.026192,0.060191,-0.056003,116.693576,49.875647,0.000000
2.502013,0.018726,0.025787,0.060358,-0.056254,116.905956,50.237629,0.000000
2.503125,0.018591,0.025377,0.060527,-0.056509,117.117630,50.604892,0.000000
2.504237,0.018461,0.024964,0.060697,-0.056768,117.328586,50.977346,0.000000
2.505350,0.018334,0.024547,0.060870,-0.057029,117.538810,51.354905,0.000000
2.506463,0.018211,0.024126,0.061045,-0.057294,117.748292,51.737479,0.000000
2.507575,0.018091,0.023702,0.061222,-0.057562,117.957017,52.124976,0.000000
2.508688,0.017976,0.023274,0.061401,-0.057833,118.164974,52.517306,0.000000
2.509800,0.017865,0.022842,0.061583,-0.058106,118.372151,52.914374,0.000000
2.510912,0.017758,0.022408,0.061767,-0.058383,118.578534,53.316088,0.000000
2.512025,0.017655,0.021970,0.061954,-0.058663,118.784113,53.722350,0.000000
2.513138,0.017556,0.021529,0.062143,-0.058945,118.988875,54.133067,0.000000
2.514250,0.017463,0.021085,0.062336,-0.059230,119.192807,54.548138,0.000000
2.515363,0.017373,0.020638,0.062531,-0.059517,119.395897,54.967468,0.000000
2.516475,0.017289,0.020188,0.062729,-0.059807,119.598134,55.390955,0.000000
2.517587,0.017209,0.019736,0.062930,-0.060099,119.799506,55.818499,0.000000
2.518700,0.017134,0.019281,0.063134,-0.060393,120.000000,56.250000,0.000000
2.519813,0.017063,0.018824,0.063341,-0.060689,120.199605,56.685354,0.000000
2.520925,0.016998,0.018365,0.063551,-0.060988,120.398308,57.124459,0.000000
2.522038,0.016938,0.017903,0.063764,-0.061288,120.596099,57.567211,0.000000
2.523150,0.016883,0.017440,0.063981,-0.061590,120.792965,58.013503,0.000000
2.524262,0.016833,0.016975,0.064201,-0.061894,120.988894,58.463232,0.000000
2.525375,0.016789,0.016508,0.064425,-0.062199,121.183876,58.916289,0.000000
2.526487,0.016749,0.016039,0.064652,-0.062506,121.377898,59.372567,0.000000
2.527600,0.016715,0.015569,0.064882,-0.062814,121.570949,59.831959,0.000000
2.528713,0.016687,0.015098,0.065116,-0.063123,121.763018,60.294355,0.000000
2.529825,0.016664,0.014626,0.065354,-0.063433,121.954092,60.759646,0.000000
2.530937,0.016646,0.014153,0.065595,-0.063745,122.144162,61.227721,0.000000
2.532050,0.016634,0.013679,0.065840,-0.064057,122.333215,61.698469,0.000000
2.533162,0.016628,0.013204,0.066088,-0.064370,122.521240,62.171779,0.000000
2.534275,0.016627,0.012729,0.066340,-0.064683,122.708227,62.647538,0.000000
2.535388,0.016632,0.012253,0.066596,-0.064997,122.894163,63.125634,0.000000
2.536500,0.016642,0.011777,0.066855,-0.065311,123.079039,63.605953,0.000000
2.537612,0.016658,0.011301,0.067118,-0.065626,123.262843,64.088381,0.000000
2.538725,0.016679,0.010826,0.067385,-0.065940,123.445564,64.572804,0.000000
2.539837,0.016707,0.010350,0.067655,-0.066254,123.627191,65.059107,0.000000
2.540950,0.016739,0.009875,0.067929,-0.066569,123.807714,65.547175,0.000000
2.542063,0.016778,0.009400,0.068207,-0.066883,123.987122,66.036891,0.000000
2.543175,0.016822,0.008926,0.068488,-0.067196,124.165404,66.528141,0.000000
2.544287,0.016872,0.008453,0.068772,-0.067509,124.342550,67.020806,0.000000
2.545400,0.016927,0.007981,0.069061,-0.067822,124.518549,67.514771,0.000000
2.546512,0.016988,0.007510,0.069353,-0.068133,124.693391,68.009918,0.000000
2.547625,0.017054,0.007041,0.069648,-0.068444,124.867065,68.506131,0.000000
2.548738,0.017126,0.006572,0.069947,-0.068753,125.039561,69.003290,0.000000
2.549850,0.017203,0.006106,0.070249,-0.069061,125.210869,69.501278,0.000000
2.550962,0.017285,0.005641,0.070554,-0.069368,125.380979,69.999978,0.000000
2.552075,0.017373,0.005178,0.070863,-0.069674,125.549881,70.499271,0.000000
2.553187,0.017466,0.004717,0.071175,-0.069978,125.717564,70.999038,0.000000
2.554300,0.017565,0.004258,0.071490,-0.070281,125.884018,71.499161,0.000000
2.555413,0.017668,0.003802,0.071809,-0.070581,126.049235,71.999521,0.000000
2.556525,0.017777,0.003348,0.072130,-0.070880,126.213203,72.500000,0.000000
2.557637,0.017891,0.002896,0.072454,-0.071177,126.375914,73.000479,0.000000
2.558750,0.018009,0.002448,0.072781,-0.071471,126.537358,73.500839,0.000000
2.559862,0.018133,0.002002,0.073111,-0.071764,126.697524,74.000962,0.000000
2.560975,0.018261,0.001559,0.073444,-0.072054,126.856404,74.500729,0.000000
2.562088,0.018394,0.001119,0.073779,-0.072342,127.013988,75.000022,0.000000
2.563200,0.018531,0.000683,0.074116,-0.072627,127.170268,75.498722,0.000000
2.564312,0.018673,0.000250,0.074456,-0.072909,127.325232,75.996710,0.000000
2.565425,0.018820,-0.000180,0.074799,-0.073189,127.478873,76.493869,0.000000
2.566537,0.018970,-0.000606,0.075143,-0.073466,127.631181,76.990082,0.000000
2.567650,0.019125,-0.001029,0.075490,-0.073741,127.782147,77.485229,0.000000
2.568763,0.019284,-0.001447,0.075839,-0.074012,127.931763,77.979194,0.000000
2.569875,0.019447,-0.001862,0.076189,-0.074280,128.080019,78.471859,0.000000
2.570987,0.019614,-0.002273,0.076541,-0.074545,128.226907,78.963109,0.000000
2.572100,0.019784,-0.002680,0.076895,-0.074807,128.372417,79.452825,0.000000
2.573212,0.019958,-0.003082,0.077250,-0.075065,128.516542,79.940893,0.000000
2.574325,0.020135,-0.003480,0.077607,-0.075321,128.659272,80.427196,0.000000
2.575438,0.020316,-0.003874,0.077965,-0.075572,128.800600,80.911619,0.000000
2.576550,0.020500,-0.004263,0.078324,-0.075821,128.940517,81.394047,0.000000
2.577663,0.020687,-0.004648,0.078683,-0.076066,129.079014,81.874366,0.000000
2.578775,0.020877,-0.005028,0.079044,-0.076307,129.216084,82.352462,0.000000
2.579887,0.021070,-0.005404,0.079406,-0.076544,129.351717,82.828221,0.000000
2.581000,0.021266,-0.005774,0.079767,-0.076778,129.485907,83.301531,0.000000
2.582113,0.021464,-0.006140,0.080130,-0.077008,129.618646,83.772279,0.000000
2.583225,0.021664,-0.006501,0.080492,-0.077235,129.749924,84.240354,0.000000
2.584338,0.021867,-0.006857,0.080855,-0.077457,129.879735,84.705645,0.000000
2.585450,0.022071,-0.007208,0.081218,-0.077676,130.008072,85.168041,0.000000
2.586562,0.022278,-0.007554,0.081580,-0.077891,130.134925,85.627433,0.000000
2.587675,0.022486,-0.007895,0.081943,-0.078102,130.260288,86.083711,0.000000
2.588788,0.022697,-0.008231,0.082304,-0.078309,130.384154,86.536768,0.000000
2.589900,0.022908,-0.008561,0.082665,-0.078512,130.506514,86.986497,0.000000
2.591013,0.023121,-0.008886,0.083026,-0.078711,130.627362,87.432789,0.000000
2.592125,0.023335,-0.009206,0.083385,-0.078906,130.746691,87.875541,0.000000
2.593237,0.023550,-0.009521,0.083743,-0.079097,130.864493,88.314646,0.000000
2.594350,0.023766,-0.009831,0.084101,-0.079284,130.980762,88.750000,0.000000
2.595463,0.023983,-0.010135,0.084456,-0.079467,131.095491,89.181501,0.000000
2.596575,0.024201,-0.010433,0.084811,-0.079646,131.208672,89.609045,0.000000
2.597688,0.024419,-0.010727,0.085163,-0.079822,131.320299,90.032532,0.000000
2.598800,0.024637,-0.011015,0.085514,-0.079993,131.430366,90.451862,0.000000
2.599912,0.024855,-0.011298,0.085863,-0.080160,131.538866,90.866933,0.000000
2.601025,0.025073,-0.011575,0.086209,-0.080324,131.645792,91.277650,0.000000
2.602137,0.025291,-0.011847,0.086554,-0.080483,131.751138,91.683912,0.000000
2.603250,0.025509,-0.012113,0.086896,-0.080638,131.854899,92.085626,0.000000
2.604363,0.025726,-0.012375,0.087235,-0.080790,131.957067,92.482694,0.000000
2.605475,0.025943,-0.012630,0.087572,-0.080938,132.057637,92.875024,0.000000
2.606587,0.026159,-0.012881,0.087906,-0.081082,132.156603,93.262521,0.000000
2.607700,0.026374,-0.013126,0.088237,-0.081222,132.253958,93.645095,0.000000
2.608812,0.026589,-0.013366,0.088565,-0.081358,132.349698,94.022654,0.000000
2.609925,0.026801,-0.013600,0.088889,-0.081491,132.443816,94.395108,0.000000
2.611038,0.027013,-0.013829,0.089210,-0.081619,132.536307,94.762371,0.000000
2.612150,0.027223,-0.014053,0.089528,-0.081745,132.627166,95.124353,0.000000
2.613262,0.027432,-0.014272,0.089842,-0.081866,132.716386,95.480970,0.000000
2.614375,0.027639,-0.014485,0.090152,-0.081984,132.803963,95.832137,0.000000
2.615487,0.027844,-0.014694,0.090458,-0.082099,132.889892,96.177771,0.000000
2.616600,0.028047,-0.014897,0.090760,-0.082210,132.974167,96.517790,0.000000
2.617713,0.028248,-0.015095,0.091058,-0.082317,133.056783,96.852112,0.000000
2.618825,0.028446,-0.015288,0.091352,-0.082421,133.137736,97.180660,0.000000
2.619937,0.028643,-0.015476,0.091641,-0.082522,133.217021,97.503354,0.000000
2.621050,0.028837,-0.015659,0.091926,-0.082620,133.294633,97.820119,0.000000
2.622162,0.029028,-0.015836,0.092206,-0.082714,133.370567,98.130879,0.000000
2.623275,0.029217,-0.016009,0.092481,-0.082805,133.444819,98.435560,0.000000
2.624388,0.029402,-0.016178,0.092751,-0.082893,133.517385,98.734091,0.000000
2.625500,0.029585,-0.016341,0.093016,-0.082978,133.588260,99.026400,0.000000
2.626612,0.029765,-0.016499,0.093277,-0.083059,133.657440,99.312418,0.000000
2.627725,0.029941,-0.016653,0.093531,-0.083138,133.724921,99.592078,0.000000
2.628837,0.030115,-0.016802,0.093781,-0.083214,133.790699,99.865312,0.000000
2.629950,0.030284,-0.016946,0.094025,-0.083287,133.854769,100.132057,0.000000
2.631063,0.030451,-0.017086,0.094264,-0.083358,133.917129,100.392249,0.000000
2.632175,0.030614,-0.017221,0.094497,-0.083425,133.977775,100.645826,0.000000
2.633287,0.030773,-0.017352,0.094724,-0.083490,134.036702,100.892728,0.000000
2.634400,0.030928,-0.017478,0.094945,-0.083552,134.093908,101.132896,0.000000
2.635512,0.031080,-0.017599,0.095161,-0.083612,134.149389,101.366275,0.000000
2.636625,0.031228,-0.017717,0.095370,-0.083669,134.203142,101.592807,0.000000
2.637738,0.031371,-0.017829,0.095574,-0.083723,134.255163,101.812440,0.000000
2.638850,0.031511,-0.017938,0.095771,-0.083776,134.305450,102.025121,0.000000
2.639962,0.031646,-0.018042,0.095962,-0.083826,134.353999,102.230801,0.000000
2.641075,0.031777,-0.018142,0.096147,-0.083873,134.400808,102.429429,0.000000
2.642187,0.031904,-0.018238,0.096325,-0.083918,134.445873,102.620960,0.000000
2.643300,0.032026,-0.018330,0.096497,-0.083961,134.489193,102.805347,0.000000
2.644413,0.032144,-0.018418,0.096663,-0.084002,134.530764,102.982548,0.000000
2.645525,0.032257,-0.018502,0.096822,-0.084041,134.570585,103.152519,0.000000
2.646638,0.032366,-0.018581,0.096974,-0.084078,134.608652,103.315221,0.000000
2.647750,0.032470,-0.018657,0.097120,-0.084113,134.644964,103.470615,0.000000
2.648862,0.032569,-0.018729,0.097258,-0.084145,134.679518,103.618664,0.000000
2.649975,0.032664,-0.018796,0.097390,-0.084176,134.712313,103.759333,0.000000
2.651088,0.032754,-0.018860,0.097515,-0.084205,134.743346,103.892589,0.000000
2.652200,0.032839,-0.018920,0.097634,-0.084232,134.772615,104.018400,0.000000
2.653313,0.032919,-0.018977,0.097745,-0.084257,134.800120,104.136737,0.000000
2.654425,0.032994,-0.019029,0.097849,-0.084280,134.825857,104.247570,0.000000
2.655537,0.033064,-0.019078,0.097947,-0.084302,134.849826,104.350875,0.000000
2.656650,0.033129,-0.019123,0.098037,-0.084322,134.872025,104.446626,0.000000
2.657763,0.033188,-0.019164,0.098120,-0.084340,134.892453,104.534800,0.000000
2.658875,0.033243,-0.019202,0.098196,-0.084357,134.911109,104.615378,0.000000
2.659988,0.033293,-0.019236,0.098265,-0.084372,134.927992,104.688339,0.000000
2.661100,0.033337,-0.019267,0.098327,-0.084385,134.943100,104.753667,0.000000
2.662212,0.033377,-0.019293,0.098381,-0.084397,134.956433,104.811345,0.000000
2.663325,0.033411,-0.019316,0.098428,-0.084407,134.967989,104.861361,0.000000
2.664438,0.033440,-0.019336,0.098468,-0.084415,134.977769,104.903702,0.000000
2.665550,0.033463,-0.019352,0.098501,-0.084422,134.985772,104.938358,0.000000
2.666663,0.033482,-0.019365,0.098527,-0.084427,134.991996,104.965322,0.000000
2.667775,0.033495,-0.019373,0.098545,-0.084431,134.996443,104.984586,0.000000
2.668887,0.033503,-0.019379,0.098556,-0.084434,134.999111,104.996146,0.000000
2.670000,0.033506,-0.019381,0.098559,-0.084434,135.000000,105.000000,1.000000
