# Moment      
# CofR        : (0.000000e+00 0.000000e+00 -1.470000e-02)
#
# Time        	total_x total_y total_z	pressure_x pressure_y pressure_z	viscous_x viscous_y viscous_z
1              8.510014e-04 -4.846235e-01 8.678548e-04 8.511732e-04 -4.847443e-01 8.674307e-04 -1.718334e-07 1.207504e-04 4.240671e-07
2              1.573900e-05 -3.057990e-03 -5.527462e-05 1.590640e-05 -3.197715e-03 -5.571465e-05 -1.673992e-07 1.397250e-04 4.400369e-07
3              -7.098356e-06 2.436633e-03 6.278330e-05 -6.970030e-06 2.286370e-03 6.263098e-05 -1.283258e-07 1.502637e-04 1.523244e-07
4              -7.168694e-06 8.428188e-03 2.065381e-05 -7.062822e-06 8.274951e-03 2.052574e-05 -1.058712e-07 1.532369e-04 1.280640e-07
5              7.371899e-05 5.806821e-03 7.876519e-05 7.383076e-05 5.647937e-03 7.869861e-05 -1.117671e-07 1.588838e-04 6.657934e-08
6              -7.166276e-05 7.459147e-03 -1.061528e-04 -7.154523e-05 7.297729e-03 -1.064445e-04 -1.175334e-07 1.614180e-04 2.917146e-07
7              -9.767612e-06 1.016997e-02 -5.777164e-05 -9.661193e-06 1.000739e-02 -5.831934e-05 -1.064190e-07 1.625833e-04 5.477045e-07
8              -5.156988e-06 9.094615e-03 -1.521793e-05 -5.049601e-06 8.931128e-03 -1.575487e-05 -1.073870e-07 1.634865e-04 5.369337e-07
9              1.434646e-05 1.168170e-02 -3.127338e-05 1.443959e-05 1.151853e-02 -3.193187e-05 -9.312962e-08 1.631700e-04 6.584875e-07
10             -2.207930e-06 1.111820e-02 -1.919221e-05 -2.125151e-06 1.095510e-02 -1.984521e-05 -8.277879e-08 1.630962e-04 6.529990e-07
11             -3.975534e-06 1.245577e-02 -3.363568e-05 -3.917641e-06 1.229321e-02 -3.445530e-05 -5.789275e-08 1.625630e-04 8.196167e-07
12             -1.193029e-05 1.313358e-02 -4.898696e-06 -1.186928e-05 1.297197e-02 -5.687884e-06 -6.101120e-08 1.616100e-04 7.891881e-07
13             2.635027e-05 1.256461e-02 1.991953e-05 2.641767e-05 1.240328e-02 1.926479e-05 -6.739861e-08 1.613261e-04 6.547377e-07
14             -2.240688e-05 1.338677e-02 -1.405941e-05 -2.236151e-05 1.322623e-02 -1.487203e-05 -4.536983e-08 1.605386e-04 8.126223e-07
15             1.649309e-05 1.349127e-02 1.812928e-05 1.652826e-05 1.333132e-02 1.741775e-05 -3.517259e-08 1.599546e-04 7.115305e-07
16             -2.091249e-05 1.374058e-02 -4.592635e-06 -2.090550e-05 1.358139e-02 -5.487661e-06 -6.989829e-09 1.591862e-04 8.950268e-07
17             9.098927e-06 1.381445e-02 2.656099e-05 9.096115e-06 1.365590e-02 2.579260e-05 2.812837e-09 1.585513e-04 7.683923e-07
18             -1.078467e-05 1.419616e-02 1.564143e-05 -1.082298e-05 1.403860e-02 1.475174e-05 3.830679e-08 1.575657e-04 8.896854e-07
19             8.703109e-07 1.408040e-02 3.121753e-05 8.226736e-07 1.392345e-02 3.042209e-05 4.763727e-08 1.569464e-04 7.954463e-07
20             -8.660721e-06 1.426383e-02 2.177270e-05 -8.748619e-06 1.410760e-02 2.094505e-05 8.789855e-08 1.562306e-04 8.276477e-07
21             -1.076338e-05 1.416077e-02 1.886208e-05 -1.087143e-05 1.400502e-02 1.799971e-05 1.080459e-07 1.557488e-04 8.623727e-07
22             -2.176923e-06 1.434686e-02 3.459199e-05 -2.294211e-06 1.419168e-02 3.383770e-05 1.172884e-07 1.551747e-04 7.542884e-07
23             -2.057558e-05 1.427785e-02 1.322160e-05 -2.071148e-05 1.412311e-02 1.230684e-05 1.359078e-07 1.547434e-04 9.147531e-07
24             -1.238293e-05 1.449482e-02 3.453676e-05 -1.255637e-05 1.434076e-02 3.358803e-05 1.734390e-07 1.540636e-04 9.487349e-07
25             -1.185550e-05 1.452953e-02 3.377660e-05 -1.203940e-05 1.437619e-02 3.285646e-05 1.839022e-07 1.533413e-04 9.201390e-07
26             -7.289477e-06 1.459400e-02 2.737994e-05 -7.473598e-06 1.444144e-02 2.652493e-05 1.841207e-07 1.525624e-04 8.550096e-07
27             -2.425985e-06 1.460573e-02 2.070210e-05 -2.583710e-06 1.445382e-02 2.000640e-05 1.577249e-07 1.519074e-04 6.957021e-07
28             -1.365464e-05 1.450490e-02 2.970736e-05 -1.383376e-05 1.435330e-02 2.905580e-05 1.791237e-07 1.516057e-04 6.515589e-07
29             -1.497460e-05 1.460571e-02 3.178922e-05 -1.515359e-05 1.445464e-02 3.116038e-05 1.789897e-07 1.510741e-04 6.288340e-07
30             -1.295692e-05 1.458144e-02 2.336234e-05 -1.316788e-05 1.443094e-02 2.272384e-05 2.109522e-07 1.505062e-04 6.384989e-07
31             -1.171066e-05 1.463135e-02 2.167236e-05 -1.192029e-05 1.448149e-02 2.106340e-05 2.096234e-07 1.498645e-04 6.089622e-07
32             -2.047786e-05 1.450530e-02 3.440920e-05 -2.074783e-05 1.435579e-02 3.372125e-05 2.699726e-07 1.495062e-04 6.879407e-07
33             -1.121881e-05 1.463882e-02 1.356965e-05 -1.148364e-05 1.448996e-02 1.290977e-05 2.648272e-07 1.488586e-04 6.598799e-07
34             -1.194507e-05 1.461047e-02 2.169863e-05 -1.223691e-05 1.446224e-02 2.110057e-05 2.918419e-07 1.482238e-04 5.980540e-07
35             -6.060465e-06 1.463026e-02 1.481522e-05 -6.325558e-06 1.448274e-02 1.423973e-05 2.650931e-07 1.475129e-04 5.754875e-07
36             -1.611144e-05 1.454288e-02 1.763159e-05 -1.641325e-05 1.439585e-02 1.703529e-05 3.018081e-07 1.470300e-04 5.963018e-07
37             -6.939005e-06 1.462499e-02 1.028436e-05 -7.221344e-06 1.447876e-02 9.825886e-06 2.823389e-07 1.462340e-04 4.584752e-07
38             -1.532713e-05 1.447275e-02 3.736595e-05 -1.564323e-05 1.432692e-02 3.685188e-05 3.160992e-07 1.458290e-04 5.140716e-07
39             -9.910769e-06 1.454108e-02 6.263442e-06 -1.018394e-05 1.439579e-02 5.864415e-06 2.731724e-07 1.452872e-04 3.990277e-07
40             -7.370542e-06 1.452067e-02 1.514957e-05 -7.660637e-06 1.437585e-02 1.470276e-05 2.900942e-07 1.448153e-04 4.468112e-07
41             -6.719938e-06 1.449088e-02 9.163690e-06 -6.979723e-06 1.434656e-02 8.692019e-06 2.597855e-07 1.443189e-04 4.716707e-07
42             -9.635396e-06 1.441081e-02 2.366675e-05 -9.915723e-06 1.426686e-02 2.314260e-05 2.803270e-07 1.439524e-04 5.241457e-07
43             -1.403239e-05 1.447397e-02 2.653780e-05 -1.433323e-05 1.433051e-02 2.590501e-05 3.008417e-07 1.434613e-04 6.327916e-07
44             -7.925401e-06 1.445266e-02 1.228119e-05 -8.219627e-06 1.430947e-02 1.164695e-05 2.942266e-07 1.431990e-04 6.342433e-07
45             -6.991463e-06 1.437095e-02 8.433587e-06 -7.275045e-06 1.422792e-02 7.791467e-06 2.835820e-07 1.430252e-04 6.421198e-07
46             -3.769746e-06 1.431173e-02 3.066274e-06 -4.044246e-06 1.416892e-02 2.456649e-06 2.745003e-07 1.428097e-04 6.096252e-07
47             -5.687106e-06 1.430659e-02 2.910294e-06 -5.967439e-06 1.416392e-02 2.283075e-06 2.803329e-07 1.426788e-04 6.272193e-07
48             -4.504611e-06 1.428978e-02 -5.637343e-06 -4.757429e-06 1.414711e-02 -6.203092e-06 2.528173e-07 1.426713e-04 5.657490e-07
49             -2.206319e-06 1.429992e-02 -2.660761e-06 -2.447372e-06 1.415736e-02 -3.144363e-06 2.410538e-07 1.425598e-04 4.836022e-07
50             -2.979587e-06 1.416637e-02 -6.230278e-06 -3.192481e-06 1.402374e-02 -6.626750e-06 2.128940e-07 1.426266e-04 3.964717e-07
51             -2.641478e-07 1.422147e-02 8.078887e-06 -4.686181e-07 1.407884e-02 7.608033e-06 2.044703e-07 1.426295e-04 4.708541e-07
52             -1.408068e-06 1.418019e-02 7.280430e-06 -1.597469e-06 1.403757e-02 6.760281e-06 1.894018e-07 1.426177e-04 5.201489e-07
53             -6.852679e-06 1.419523e-02 9.042230e-07 -7.036713e-06 1.405246e-02 3.978156e-07 1.840340e-07 1.427668e-04 5.064074e-07
54             8.012920e-07 1.410835e-02 1.286333e-05 6.289369e-07 1.396553e-02 1.229135e-05 1.723551e-07 1.428228e-04 5.719833e-07
55             -6.454845e-06 1.411017e-02 4.735650e-06 -6.628473e-06 1.396746e-02 4.085860e-06 1.736279e-07 1.427136e-04 6.497899e-07
56             1.662897e-06 1.401824e-02 1.356031e-05 1.508566e-06 1.387558e-02 1.285466e-05 1.543310e-07 1.426614e-04 7.056469e-07
57             3.267779e-06 1.399009e-02 -2.549054e-05 3.134253e-06 1.384777e-02 -2.616996e-05 1.335255e-07 1.423207e-04 6.794232e-07
58             6.618968e-06 1.420409e-02 -1.250385e-05 6.512015e-06 1.406190e-02 -1.314187e-05 1.069527e-07 1.421952e-04 6.380202e-07
59             -5.248529e-06 1.404532e-02 2.393435e-05 -5.370188e-06 1.390351e-02 2.319615e-05 1.216583e-07 1.418030e-04 7.382009e-07
60             1.069972e-05 1.428274e-02 2.879236e-06 1.058290e-05 1.414116e-02 2.092228e-06 1.168221e-07 1.415746e-04 7.870074e-07
61             5.040573e-06 1.427086e-02 -1.570542e-06 4.922490e-06 1.412961e-02 -2.404353e-06 1.180829e-07 1.412554e-04 8.338110e-07
62             8.937047e-06 1.425206e-02 -3.666308e-06 8.837754e-06 1.411093e-02 -4.425559e-06 9.929285e-08 1.411275e-04 7.592517e-07
63             7.432318e-06 1.428535e-02 -3.620841e-06 7.339677e-06 1.414446e-02 -4.368224e-06 9.264052e-08 1.408903e-04 7.473836e-07
64             5.091174e-06 1.432368e-02 9.281949e-08 4.978940e-06 1.418301e-02 -7.459332e-07 1.122348e-07 1.406655e-04 8.387527e-07
65             9.732306e-06 1.430288e-02 -5.009436e-06 9.628266e-06 1.416248e-02 -5.783717e-06 1.040397e-07 1.404002e-04 7.742807e-07
66             1.385636e-05 1.433671e-02 -1.224157e-05 1.377078e-05 1.419663e-02 -1.292325e-05 8.558131e-08 1.400810e-04 6.816772e-07
67             1.255775e-06 1.437917e-02 5.926022e-06 1.153211e-06 1.423944e-02 5.170744e-06 1.025642e-07 1.397249e-04 7.552777e-07
68             6.906035e-06 1.440346e-02 -4.377827e-06 6.796677e-06 1.426406e-02 -5.142886e-06 1.093578e-07 1.394056e-04 7.650587e-07
69             2.553452e-06 1.438170e-02 -1.575623e-05 2.437460e-06 1.424264e-02 -1.653349e-05 1.159920e-07 1.390649e-04 7.772583e-07
70             3.709953e-06 1.438375e-02 -1.892520e-05 3.593491e-06 1.424503e-02 -1.967701e-05 1.164619e-07 1.387231e-04 7.518117e-07
71             2.390779e-06 1.442058e-02 -1.950590e-05 2.269191e-06 1.428229e-02 -2.023155e-05 1.215875e-07 1.382922e-04 7.256424e-07
72             -3.116317e-06 1.446826e-02 -1.975610e-05 -3.250126e-06 1.433045e-02 -2.049142e-05 1.338082e-07 1.378108e-04 7.353271e-07
73             -1.536897e-06 1.451763e-02 -2.909733e-05 -1.668520e-06 1.438033e-02 -2.978366e-05 1.316231e-07 1.373062e-04 6.863328e-07
74             -7.243481e-06 1.454881e-02 -2.341801e-05 -7.381117e-06 1.441215e-02 -2.409310e-05 1.376355e-07 1.366641e-04 6.750897e-07
75             -7.623426e-06 1.457893e-02 -2.134407e-05 -7.771709e-06 1.444288e-02 -2.200991e-05 1.482833e-07 1.360494e-04 6.658317e-07
76             -5.875780e-06 1.469166e-02 -2.647779e-05 -6.028011e-06 1.455627e-02 -2.711772e-05 1.522306e-07 1.353974e-04 6.399235e-07
77             -2.651509e-06 1.470137e-02 -2.744598e-05 -2.808592e-06 1.456661e-02 -2.807111e-05 1.570834e-07 1.347669e-04 6.251263e-07
78             -3.464055e-06 1.480210e-02 -2.606450e-05 -3.626666e-06 1.466792e-02 -2.666102e-05 1.626104e-07 1.341760e-04 5.965209e-07
79             -3.254238e-06 1.462168e-02 -4.231976e-05 -3.400848e-06 1.448789e-02 -4.286980e-05 1.466098e-07 1.337842e-04 5.500427e-07
80             -7.766793e-06 1.476065e-02 -2.778585e-05 -7.915666e-06 1.462752e-02 -2.827721e-05 1.488729e-07 1.331398e-04 4.913624e-07
81             -3.684556e-06 1.493474e-02 -3.208249e-05 -3.822250e-06 1.480232e-02 -3.248682e-05 1.376937e-07 1.324267e-04 4.043364e-07
82             -7.401875e-06 1.491048e-02 -2.367079e-05 -7.549893e-06 1.477853e-02 -2.409392e-05 1.480187e-07 1.319460e-04 4.231258e-07
83             -5.412649e-06 1.503856e-02 -3.050001e-05 -5.555681e-06 1.490733e-02 -3.090877e-05 1.430322e-07 1.312271e-04 4.087629e-07
84             -3.871221e-06 1.503736e-02 -2.694245e-05 -4.004644e-06 1.490684e-02 -2.737682e-05 1.334234e-07 1.305168e-04 4.343760e-07
85             -5.948476e-07 1.516664e-02 -3.694925e-05 -7.260891e-07 1.503674e-02 -3.732014e-05 1.312415e-07 1.299044e-04 3.708815e-07
86             -4.753701e-06 1.523141e-02 -2.650714e-05 -4.878661e-06 1.510220e-02 -2.688773e-05 1.249594e-07 1.292089e-04 3.805921e-07
87             -5.510934e-06 1.514360e-02 -2.437072e-05 -5.634578e-06 1.501493e-02 -2.477425e-05 1.236440e-07 1.286728e-04 4.035245e-07
88             -5.400790e-06 1.531084e-02 -3.100057e-05 -5.514274e-06 1.518295e-02 -3.140052e-05 1.134837e-07 1.278930e-04 3.999507e-07
89             1.350043e-06 1.536181e-02 -2.984987e-05 1.247434e-06 1.523463e-02 -3.015993e-05 1.026087e-07 1.271842e-04 3.100607e-07
90             2.527122e-06 1.544431e-02 -3.437076e-05 2.449091e-06 1.531793e-02 -3.461110e-05 7.803167e-08 1.263854e-04 2.403428e-07
91             3.016685e-06 1.548026e-02 -2.789399e-05 2.946346e-06 1.535457e-02 -2.814815e-05 7.033852e-08 1.256844e-04 2.541529e-07
92             7.241068e-07 1.552632e-02 -2.985243e-05 6.647138e-07 1.540128e-02 -3.011116e-05 5.939299e-08 1.250474e-04 2.587241e-07
93             1.720696e-06 1.559350e-02 -3.052008e-05 1.671214e-06 1.546924e-02 -3.073522e-05 4.948206e-08 1.242650e-04 2.151427e-07
94             5.548533e-06 1.561384e-02 -2.168013e-05 5.515251e-06 1.549027e-02 -2.197915e-05 3.328212e-08 1.235710e-04 2.990218e-07
95             7.220588e-06 1.568225e-02 -3.100758e-05 7.200957e-06 1.555937e-02 -3.130891e-05 1.963064e-08 1.228774e-04 3.013282e-07
96             5.025372e-06 1.568251e-02 -3.555310e-05 5.012813e-06 1.556027e-02 -3.580154e-05 1.255912e-08 1.222456e-04 2.484398e-07
97             5.430233e-06 1.576832e-02 -2.364442e-05 5.422890e-06 1.564679e-02 -2.391258e-05 7.343196e-09 1.215247e-04 2.681534e-07
98             3.463579e-06 1.582622e-02 -2.670423e-05 3.467932e-06 1.570538e-02 -2.703759e-05 -4.353158e-09 1.208373e-04 3.333673e-07
99             1.004447e-05 1.582668e-02 -3.624256e-05 1.005121e-05 1.570657e-02 -3.654928e-05 -6.739976e-09 1.201133e-04 3.067190e-07
100            4.222030e-06 1.590334e-02 -2.029744e-05 4.242409e-06 1.578400e-02 -2.059046e-05 -2.037891e-08 1.193352e-04 2.930197e-07
101            1.229857e-05 1.589982e-02 -3.419404e-05 1.230788e-05 1.578109e-02 -3.444588e-05 -9.318117e-09 1.187274e-04 2.518402e-07
102            9.664406e-06 1.596739e-02 -2.454055e-05 9.679526e-06 1.584937e-02 -2.474499e-05 -1.512003e-08 1.180190e-04 2.044422e-07
103            6.566764e-06 1.596349e-02 -2.464042e-05 6.573787e-06 1.584613e-02 -2.483491e-05 -7.023913e-09 1.173547e-04 1.944826e-07
104            8.880713e-06 1.604291e-02 -1.927363e-05 8.886171e-06 1.592625e-02 -1.941743e-05 -5.457647e-09 1.166567e-04 1.437959e-07
105            2.635397e-06 1.606022e-02 -1.368366e-05 2.637696e-06 1.594422e-02 -1.379784e-05 -2.298715e-09 1.160008e-04 1.141759e-07
106            6.028739e-06 1.612574e-02 -1.327138e-05 6.031459e-06 1.601042e-02 -1.340974e-05 -2.719624e-09 1.153196e-04 1.383541e-07
107            8.820526e-07 1.609279e-02 -1.083789e-05 8.910121e-07 1.597795e-02 -1.101041e-05 -8.959473e-09 1.148410e-04 1.725127e-07
108            3.458134e-06 1.613205e-02 -1.377265e-05 3.486676e-06 1.601784e-02 -1.392642e-05 -2.854269e-08 1.142143e-04 1.537659e-07
109            5.636608e-06 1.617050e-02 -1.791398e-05 5.675867e-06 1.605692e-02 -1.809558e-05 -3.925861e-08 1.135765e-04 1.816041e-07
110            1.327096e-05 1.615565e-02 -3.348375e-05 1.331028e-05 1.604243e-02 -3.362637e-05 -3.931790e-08 1.132202e-04 1.426195e-07
111            6.721987e-06 1.622337e-02 -1.579754e-05 6.775558e-06 1.611072e-02 -1.593439e-05 -5.357090e-08 1.126449e-04 1.368507e-07
112            5.922613e-06 1.625440e-02 -1.259145e-05 5.994985e-06 1.614236e-02 -1.273838e-05 -7.237172e-08 1.120405e-04 1.469215e-07
113            6.707004e-06 1.627556e-02 -1.518412e-05 6.794715e-06 1.616418e-02 -1.530763e-05 -8.771051e-08 1.113819e-04 1.235103e-07
114            6.828252e-06 1.629404e-02 -1.639217e-05 6.936607e-06 1.618330e-02 -1.651650e-05 -1.083553e-07 1.107458e-04 1.243264e-07
115            9.692363e-06 1.631345e-02 -1.877863e-05 9.813342e-06 1.620335e-02 -1.890396e-05 -1.209789e-07 1.101025e-04 1.253265e-07
116            1.215332e-05 1.630574e-02 -1.627610e-05 1.229315e-05 1.619626e-02 -1.642910e-05 -1.398263e-07 1.094791e-04 1.530084e-07
117            1.049690e-05 1.631594e-02 -1.928952e-05 1.064608e-05 1.620711e-02 -1.942422e-05 -1.491786e-07 1.088291e-04 1.347006e-07
118            9.238310e-06 1.632797e-02 -1.704087e-05 9.412848e-06 1.621977e-02 -1.720159e-05 -1.745383e-07 1.082034e-04 1.607228e-07
119            1.171444e-05 1.634077e-02 -2.340568e-05 1.190763e-05 1.623317e-02 -2.354798e-05 -1.931978e-07 1.075956e-04 1.423022e-07
120            1.344757e-05 1.637273e-02 -2.607660e-05 1.366132e-05 1.626575e-02 -2.622015e-05 -2.137471e-07 1.069771e-04 1.435496e-07
121            1.634825e-05 1.636765e-02 -2.861806e-05 1.658448e-05 1.626130e-02 -2.876297e-05 -2.362284e-07 1.063522e-04 1.449111e-07
122            1.589666e-05 1.639899e-02 -2.999538e-05 1.616309e-05 1.629321e-02 -3.012658e-05 -2.664277e-07 1.057743e-04 1.312055e-07
123            1.110226e-05 1.641605e-02 -2.198566e-05 1.138229e-05 1.631086e-02 -2.211695e-05 -2.800321e-07 1.051812e-04 1.312900e-07
124            1.101074e-05 1.646942e-02 -3.289240e-05 1.131032e-05 1.636486e-02 -3.301109e-05 -2.995796e-07 1.045596e-04 1.186901e-07
125            9.794377e-06 1.648574e-02 -2.739252e-05 1.006721e-05 1.638177e-02 -2.750964e-05 -2.728321e-07 1.039733e-04 1.171215e-07
126            1.309537e-05 1.652264e-02 -3.406563e-05 1.333870e-05 1.641926e-02 -3.416055e-05 -2.433342e-07 1.033808e-04 9.491783e-08
127            9.465946e-06 1.655989e-02 -2.133133e-05 9.689225e-06 1.645726e-02 -2.152991e-05 -2.232786e-07 1.026344e-04 1.985868e-07
128            3.410949e-06 1.658174e-02 -2.568682e-05 3.620230e-06 1.647976e-02 -2.588135e-05 -2.092818e-07 1.019764e-04 1.945321e-07
129            -2.700861e-07 1.659995e-02 -2.303992e-05 -1.069894e-07 1.649858e-02 -2.324303e-05 -1.630967e-07 1.013697e-04 2.031039e-07
130            2.408178e-06 1.660484e-02 -3.052839e-05 2.569407e-06 1.650407e-02 -3.074586e-05 -1.612297e-07 1.007623e-04 2.174671e-07
131            4.509084e-06 1.661960e-02 -2.868608e-05 4.660347e-06 1.651947e-02 -2.892319e-05 -1.512631e-07 1.001318e-04 2.371145e-07
132            3.421198e-06 1.665192e-02 -2.934034e-05 3.560386e-06 1.655242e-02 -2.959055e-05 -1.391876e-07 9.950627e-05 2.502033e-07
133            3.701306e-06 1.666679e-02 -3.210993e-05 3.833569e-06 1.656792e-02 -3.238419e-05 -1.322632e-07 9.887030e-05 2.742608e-07
134            4.632618e-06 1.669218e-02 -3.251264e-05 4.753801e-06 1.659387e-02 -3.279747e-05 -1.211832e-07 9.830752e-05 2.848285e-07
135            4.295034e-06 1.670256e-02 -3.404078e-05 4.412763e-06 1.660483e-02 -3.435827e-05 -1.177293e-07 9.773167e-05 3.174863e-07
136            3.580650e-06 1.672317e-02 -3.138939e-05 3.679507e-06 1.662608e-02 -3.172607e-05 -9.885698e-08 9.709437e-05 3.366767e-07
137            2.513349e-06 1.674411e-02 -2.879350e-05 2.597192e-06 1.664771e-02 -2.918058e-05 -8.384345e-08 9.640281e-05 3.870739e-07
138            3.215469e-06 1.675752e-02 -2.721923e-05 3.293254e-06 1.666183e-02 -2.758817e-05 -7.778513e-08 9.568596e-05 3.689381e-07
139            5.553079e-06 1.677449e-02 -2.469226e-05 5.619697e-06 1.667953e-02 -2.512657e-05 -6.661791e-08 9.496777e-05 4.343145e-07
140            6.670777e-06 1.679531e-02 -2.137724e-05 6.731133e-06 1.670119e-02 -2.180186e-05 -6.035537e-08 9.412424e-05 4.246259e-07
141            7.065800e-06 1.683441e-02 -2.001554e-05 7.139331e-06 1.674120e-02 -2.042615e-05 -7.353063e-08 9.320817e-05 4.106087e-07
142            9.747794e-06 1.685093e-02 -1.099258e-05 9.820467e-06 1.675844e-02 -1.141429e-05 -7.267278e-08 9.249062e-05 4.217136e-07
143            6.853946e-06 1.685928e-02 -1.430190e-05 6.938805e-06 1.676764e-02 -1.469488e-05 -8.485922e-08 9.163797e-05 3.929803e-07
144            9.431249e-06 1.686406e-02 -8.147540e-06 9.536154e-06 1.677327e-02 -8.509412e-06 -1.049042e-07 9.079772e-05 3.618717e-07
145            5.716679e-06 1.692074e-02 -1.289021e-05 5.831126e-06 1.683074e-02 -1.322248e-05 -1.144470e-07 9.000413e-05 3.322649e-07
146            7.812937e-06 1.689513e-02 -1.100307e-05 7.945099e-06 1.680597e-02 -1.130551e-05 -1.321626e-07 8.916197e-05 3.024483e-07
147            6.253296e-06 1.692922e-02 -1.021604e-05 6.399445e-06 1.684089e-02 -1.050295e-05 -1.461495e-07 8.832569e-05 2.869066e-07
148            5.186383e-06 1.692654e-02 -9.988951e-06 5.335991e-06 1.683910e-02 -1.024404e-05 -1.496083e-07 8.743917e-05 2.550899e-07
149            6.069720e-06 1.697776e-02 -6.310629e-06 6.245339e-06 1.689112e-02 -6.556110e-06 -1.756191e-07 8.664365e-05 2.454814e-07
150            6.607847e-06 1.698982e-02 -7.057654e-06 6.805987e-06 1.690400e-02 -7.273925e-06 -1.981395e-07 8.581607e-05 2.162714e-07
151            4.748428e-06 1.699507e-02 -7.593314e-06 4.960119e-06 1.691004e-02 -7.807353e-06 -2.116915e-07 8.503292e-05 2.140387e-07
152            9.290496e-06 1.703088e-02 -6.270650e-06 9.532381e-06 1.694664e-02 -6.456036e-06 -2.418852e-07 8.423445e-05 1.853868e-07
153            7.368085e-06 1.704857e-02 -9.834252e-06 7.641277e-06 1.696514e-02 -1.001344e-05 -2.731917e-07 8.342672e-05 1.791841e-07
154            9.476095e-06 1.708609e-02 -8.592033e-06 9.769802e-06 1.700344e-02 -8.717595e-06 -2.937068e-07 8.264939e-05 1.255623e-07
155            8.951574e-06 1.709591e-02 -8.340979e-06 9.275005e-06 1.701414e-02 -8.435863e-06 -3.234310e-07 8.176934e-05 9.488354e-08
156            7.304823e-06 1.710454e-02 -4.695649e-06 7.635753e-06 1.702348e-02 -4.761818e-06 -3.309293e-07 8.105503e-05 6.616906e-08
157            1.297056e-05 1.714002e-02 -1.263204e-05 1.335073e-05 1.705980e-02 -1.267557e-05 -3.801669e-07 8.021886e-05 4.353152e-08
158            4.110964e-06 1.712165e-02 4.060144e-07 4.468807e-06 1.704210e-02 3.662579e-07 -3.578433e-07 7.954495e-05 3.975641e-08
159            7.567291e-06 1.713896e-02 2.597272e-06 7.930146e-06 1.706014e-02 2.574676e-06 -3.628552e-07 7.882714e-05 2.259608e-08
160            7.816451e-06 1.715570e-02 4.526374e-06 8.174407e-06 1.707766e-02 4.523231e-06 -3.579556e-07 7.803649e-05 3.143597e-09
161            5.911281e-06 1.716695e-02 3.980019e-06 6.274059e-06 1.708970e-02 4.008826e-06 -3.627775e-07 7.724467e-05 -2.880682e-08
162            7.342635e-06 1.718822e-02 4.890778e-06 7.702371e-06 1.711171e-02 4.933091e-06 -3.597354e-07 7.651361e-05 -4.231318e-08
163            9.232577e-06 1.718997e-02 2.017305e-06 9.614362e-06 1.711424e-02 2.107500e-06 -3.817853e-07 7.572479e-05 -9.019535e-08
164            7.729845e-06 1.718608e-02 9.953991e-06 8.107134e-06 1.711116e-02 1.002139e-05 -3.772898e-07 7.492001e-05 -6.739449e-08
165            6.756274e-06 1.721394e-02 1.121416e-05 7.137155e-06 1.713983e-02 1.130066e-05 -3.808810e-07 7.411381e-05 -8.650013e-08
166            1.174428e-05 1.720538e-02 5.582166e-06 1.214631e-05 1.713183e-02 5.647988e-06 -4.020265e-07 7.355462e-05 -6.582173e-08
167            1.001425e-06 1.721520e-02 1.538276e-05 1.387924e-06 1.714217e-02 1.548825e-05 -3.864990e-07 7.303262e-05 -1.054871e-07
168            4.677327e-06 1.725782e-02 1.179239e-05 5.060339e-06 1.718512e-02 1.190259e-05 -3.830122e-07 7.269953e-05 -1.102030e-07
169            2.609213e-06 1.727522e-02 1.476283e-05 2.988517e-06 1.720309e-02 1.490308e-05 -3.793042e-07 7.213607e-05 -1.402552e-07
170            5.279402e-07 1.725789e-02 1.032611e-05 8.974309e-07 1.718614e-02 1.046588e-05 -3.694907e-07 7.174703e-05 -1.397667e-07
171            1.552295e-06 1.727674e-02 1.389968e-05 1.921819e-06 1.720543e-02 1.408640e-05 -3.695244e-07 7.130303e-05 -1.867199e-07
172            1.395956e-06 1.727609e-02 1.490337e-05 1.758148e-06 1.720520e-02 1.511701e-05 -3.621925e-07 7.089071e-05 -2.136376e-07
173            1.244950e-06 1.727421e-02 1.370776e-05 1.613796e-06 1.720376e-02 1.395770e-05 -3.688460e-07 7.044693e-05 -2.499452e-07
174            5.730818e-07 1.727783e-02 1.417770e-05 9.364200e-07 1.720770e-02 1.442662e-05 -3.633382e-07 7.013830e-05 -2.489246e-07
175            1.143902e-06 1.726401e-02 1.058423e-05 1.508185e-06 1.719429e-02 1.084659e-05 -3.642832e-07 6.971687e-05 -2.623579e-07
176            1.326869e-06 1.726502e-02 1.050989e-05 1.696821e-06 1.719562e-02 1.081389e-05 -3.699524e-07 6.940030e-05 -3.039972e-07
177            -2.375568e-06 1.724240e-02 4.566077e-06 -2.005678e-06 1.717342e-02 4.897179e-06 -3.698906e-07 6.898524e-05 -3.311020e-07
178            -2.499807e-07 1.721903e-02 5.175280e-07 1.138943e-07 1.715038e-02 8.415753e-07 -3.638750e-07 6.865151e-05 -3.240473e-07
179            3.228382e-07 1.720288e-02 -8.519255e-07 6.896216e-07 1.713455e-02 -5.369079e-07 -3.667834e-07 6.833007e-05 -3.150175e-07
180            4.973971e-07 1.719058e-02 -1.390635e-06 8.614017e-07 1.712258e-02 -1.059012e-06 -3.640045e-07 6.799965e-05 -3.316234e-07
181            6.387698e-07 1.717722e-02 -2.128383e-06 1.007319e-06 1.710956e-02 -1.805265e-06 -3.685494e-07 6.766518e-05 -3.231180e-07
182            8.045012e-07 1.716177e-02 -3.062470e-06 1.171020e-06 1.709449e-02 -2.756329e-06 -3.665191e-07 6.728483e-05 -3.061412e-07
183            8.694999e-07 1.714758e-02 -3.879721e-06 1.234681e-06 1.708058e-02 -3.556922e-06 -3.651810e-07 6.699267e-05 -3.227991e-07
184            3.857289e-07 1.712620e-02 -4.040426e-06 7.482490e-07 1.705951e-02 -3.702549e-06 -3.625200e-07 6.669340e-05 -3.378766e-07
185            1.256914e-06 1.711218e-02 -6.541680e-06 1.628402e-06 1.704581e-02 -6.186008e-06 -3.714877e-07 6.636841e-05 -3.556721e-07
186            1.389817e-06 1.709548e-02 -8.655375e-06 1.771997e-06 1.702938e-02 -8.273215e-06 -3.821800e-07 6.609629e-05 -3.821602e-07
187            1.911812e-06 1.707659e-02 -1.105023e-05 2.295630e-06 1.701073e-02 -1.066467e-05 -3.838179e-07 6.585783e-05 -3.855559e-07
188            2.322890e-06 1.705506e-02 -1.338565e-05 2.712933e-06 1.698944e-02 -1.296869e-05 -3.900424e-07 6.562305e-05 -4.169626e-07
189            2.870801e-06 1.703310e-02 -1.617629e-05 3.273149e-06 1.696782e-02 -1.571501e-05 -4.023485e-07 6.528240e-05 -4.612766e-07
190            3.200428e-06 1.701521e-02 -1.839430e-05 3.607224e-06 1.695019e-02 -1.792638e-05 -4.067953e-07 6.502426e-05 -4.679176e-07
191            3.802219e-06 1.699407e-02 -2.188892e-05 4.234735e-06 1.692931e-02 -2.135730e-05 -4.325161e-07 6.475956e-05 -5.316226e-07
192            3.209359e-06 1.697098e-02 -2.215225e-05 3.652085e-06 1.690635e-02 -2.157128e-05 -4.427253e-07 6.462987e-05 -5.809739e-07
193            3.043818e-06 1.694783e-02 -2.530087e-05 3.488785e-06 1.688348e-02 -2.468775e-05 -4.449665e-07 6.434315e-05 -6.131144e-07
194            3.471514e-06 1.691886e-02 -2.645080e-05 3.910857e-06 1.685471e-02 -2.579524e-05 -4.393433e-07 6.414253e-05 -6.555628e-07
195            3.736747e-06 1.688978e-02 -2.849897e-05 4.175094e-06 1.682586e-02 -2.783796e-05 -4.383472e-07 6.391651e-05 -6.610139e-07
196            4.036678e-06 1.686088e-02 -3.032058e-05 4.474492e-06 1.679719e-02 -2.960195e-05 -4.378140e-07 6.368587e-05 -7.186304e-07
197            3.532331e-06 1.683988e-02 -3.100787e-05 3.969905e-06 1.677645e-02 -3.024928e-05 -4.375745e-07 6.343422e-05 -7.585830e-07
198            1.900424e-06 1.681389e-02 -3.180723e-05 2.322796e-06 1.675060e-02 -3.097732e-05 -4.223725e-07 6.329180e-05 -8.299062e-07
199            7.513933e-09 1.679599e-02 -3.177709e-05 4.131619e-07 1.673285e-02 -3.094123e-05 -4.056480e-07 6.313590e-05 -8.358664e-07
200            -2.152502e-06 1.678084e-02 -3.245577e-05 -1.765516e-06 1.671796e-02 -3.156683e-05 -3.869862e-07 6.288542e-05 -8.889470e-07
201            -2.124151e-06 1.677045e-02 -3.064316e-05 -1.753060e-06 1.670770e-02 -2.975902e-05 -3.710916e-07 6.274868e-05 -8.841330e-07
202            -2.902466e-06 1.674941e-02 -2.992532e-05 -2.540324e-06 1.668691e-02 -2.901915e-05 -3.621411e-07 6.249665e-05 -9.061718e-07
203            -3.656983e-06 1.672323e-02 -3.164038e-05 -3.294946e-06 1.666090e-02 -3.071664e-05 -3.620368e-07 6.233064e-05 -9.237411e-07
204            -2.766370e-06 1.669568e-02 -3.157960e-05 -2.405652e-06 1.663342e-02 -3.066183e-05 -3.607182e-07 6.226047e-05 -9.177717e-07
205            -1.877001e-06 1.666729e-02 -3.004854e-05 -1.511104e-06 1.660524e-02 -2.914445e-05 -3.658974e-07 6.204530e-05 -9.040889e-07
206            -9.518649e-07 1.664261e-02 -2.833191e-05 -5.790888e-07 1.658077e-02 -2.740580e-05 -3.727761e-07 6.184216e-05 -9.261082e-07
207            -2.718592e-07 1.661752e-02 -2.516282e-05 1.071256e-07 1.655576e-02 -2.428953e-05 -3.789848e-07 6.175787e-05 -8.732959e-07
208            -6.687771e-07 1.660597e-02 -2.400537e-05 -2.964759e-07 1.654427e-02 -2.310384e-05 -3.723012e-07 6.170190e-05 -9.015280e-07
209            -1.365686e-06 1.659615e-02 -2.247277e-05 -9.883904e-07 1.653466e-02 -2.156187e-05 -3.772955e-07 6.149388e-05 -9.108981e-07
210            -1.434755e-06 1.658050e-02 -2.380189e-05 -1.063017e-06 1.651913e-02 -2.287836e-05 -3.717388e-07 6.136695e-05 -9.235335e-07
211            -1.161459e-06 1.656769e-02 -2.432448e-05 -7.947471e-07 1.650636e-02 -2.342367e-05 -3.667123e-07 6.133495e-05 -9.008124e-07
212            -2.801109e-06 1.656011e-02 -2.553416e-05 -2.454427e-06 1.649893e-02 -2.460012e-05 -3.466823e-07 6.117760e-05 -9.340419e-07
213            -3.243606e-06 1.653547e-02 -2.496444e-05 -2.910373e-06 1.647446e-02 -2.402412e-05 -3.332328e-07 6.101840e-05 -9.403187e-07
214            -4.135342e-06 1.651975e-02 -2.225906e-05 -3.812495e-06 1.645884e-02 -2.128644e-05 -3.228473e-07 6.090768e-05 -9.726171e-07
215            -5.086580e-06 1.650034e-02 -2.210542e-05 -4.781234e-06 1.643941e-02 -2.111719e-05 -3.053463e-07 6.092411e-05 -9.882315e-07
216            -5.096424e-06 1.648551e-02 -2.084341e-05 -4.802224e-06 1.642472e-02 -1.985274e-05 -2.941993e-07 6.078873e-05 -9.906696e-07
217            -4.156956e-06 1.647347e-02 -1.963551e-05 -3.877366e-06 1.641285e-02 -1.864220e-05 -2.795907e-07 6.061824e-05 -9.933134e-07
218            -4.305574e-06 1.644612e-02 -1.888605e-05 -4.046703e-06 1.638562e-02 -1.786743e-05 -2.588704e-07 6.049580e-05 -1.018613e-06
219            -4.210646e-06 1.641822e-02 -1.712046e-05 -3.958329e-06 1.635777e-02 -1.610535e-05 -2.523173e-07 6.045468e-05 -1.015111e-06
220            -6.374986e-06 1.640073e-02 -9.379879e-06 -6.148620e-06 1.634039e-02 -8.414961e-06 -2.263658e-07 6.034368e-05 -9.649176e-07
221            -4.559987e-06 1.639273e-02 -1.017933e-05 -4.341793e-06 1.633242e-02 -9.177920e-06 -2.181944e-07 6.031158e-05 -1.001411e-06
222            -4.077568e-06 1.638422e-02 -7.782594e-06 -3.871310e-06 1.632409e-02 -6.812234e-06 -2.062577e-07 6.012834e-05 -9.703597e-07
223            -3.409418e-06 1.637351e-02 -6.049749e-06 -3.200842e-06 1.631342e-02 -5.084635e-06 -2.085759e-07 6.008832e-05 -9.651142e-07
224            -2.874830e-06 1.636732e-02 -4.006354e-06 -2.672279e-06 1.630737e-02 -3.090366e-06 -2.025515e-07 5.995666e-05 -9.159881e-07
225            -3.273759e-06 1.636801e-02 -3.823037e-06 -3.074952e-06 1.630819e-02 -2.872912e-06 -1.988070e-07 5.982138e-05 -9.501253e-07
226            -2.226352e-06 1.636281e-02 -1.369197e-06 -2.027568e-06 1.630312e-02 -4.289712e-07 -1.987843e-07 5.968361e-05 -9.402262e-07
227            -1.192206e-06 1.635790e-02 -1.587789e-07 -9.921998e-07 1.629814e-02 7.697420e-07 -2.000061e-07 5.976434e-05 -9.285209e-07
228            -3.317982e-07 1.635916e-02 5.538681e-07 -1.283173e-07 1.629952e-02 1.473277e-06 -2.034809e-07 5.963907e-05 -9.194090e-07
229            5.201819e-07 1.635654e-02 1.265181e-06 7.348786e-07 1.629706e-02 2.190295e-06 -2.146968e-07 5.948597e-05 -9.251136e-07
230            2.598817e-06 1.636047e-02 -9.703205e-07 2.822940e-06 1.630121e-02 -5.049378e-08 -2.241228e-07 5.926746e-05 -9.198267e-07
231            2.434410e-06 1.636767e-02 8.594002e-07 2.668686e-06 1.630841e-02 1.794864e-06 -2.342754e-07 5.926082e-05 -9.354641e-07
232            2.934060e-06 1.636560e-02 1.705786e-06 3.177141e-06 1.630637e-02 2.631877e-06 -2.430805e-07 5.923531e-05 -9.260918e-07
233            3.827223e-06 1.636680e-02 3.928941e-06 4.069617e-06 1.630770e-02 4.822236e-06 -2.423944e-07 5.910348e-05 -8.932946e-07
234            3.668527e-06 1.636740e-02 3.446050e-06 3.903581e-06 1.630848e-02 4.299131e-06 -2.350541e-07 5.892477e-05 -8.530810e-07
235            2.969737e-06 1.637382e-02 3.884513e-06 3.209331e-06 1.631499e-02 4.715914e-06 -2.395935e-07 5.882990e-05 -8.314017e-07
236            2.194489e-06 1.638396e-02 3.720085e-06 2.433196e-06 1.632527e-02 4.517817e-06 -2.387068e-07 5.868726e-05 -7.977317e-07
237            1.804902e-06 1.639071e-02 3.327210e-06 2.039348e-06 1.633214e-02 4.124329e-06 -2.344455e-07 5.856806e-05 -7.971190e-07
238            1.587214e-06 1.639759e-02 2.944722e-06 1.812145e-06 1.633915e-02 3.724444e-06 -2.249309e-07 5.843699e-05 -7.797221e-07
239            1.266661e-06 1.640328e-02 3.040847e-06 1.484681e-06 1.634491e-02 3.801674e-06 -2.180197e-07 5.836813e-05 -7.608267e-07
240            1.197990e-06 1.640873e-02 2.550839e-06 1.415913e-06 1.635045e-02 3.270857e-06 -2.179227e-07 5.827718e-05 -7.200181e-07
241            9.579822e-07 1.641729e-02 2.628678e-06 1.170080e-06 1.635919e-02 3.353317e-06 -2.120980e-07 5.809737e-05 -7.246397e-07
242            6.404804e-07 1.642587e-02 2.262153e-06 8.380344e-07 1.636794e-02 2.974958e-06 -1.975540e-07 5.793337e-05 -7.128045e-07
243            2.618904e-07 1.643287e-02 2.443414e-06 4.654377e-07 1.637498e-02 3.149977e-06 -2.035472e-07 5.788486e-05 -7.065626e-07
244            -1.729071e-07 1.644025e-02 2.589636e-06 2.329771e-08 1.638249e-02 3.277202e-06 -1.962049e-07 5.776422e-05 -6.875660e-07
245            -5.978839e-07 1.644798e-02 2.837942e-06 -4.093861e-07 1.639029e-02 3.528636e-06 -1.884978e-07 5.768642e-05 -6.906935e-07
246            -1.138935e-06 1.645596e-02 2.958612e-06 -9.615880e-07 1.639852e-02 3.636798e-06 -1.773470e-07 5.743776e-05 -6.781858e-07
247            -2.123532e-06 1.646304e-02 3.722440e-06 -1.941849e-06 1.640568e-02 4.396766e-06 -1.816833e-07 5.735670e-05 -6.743260e-07
248            -2.235325e-06 1.647209e-02 3.135955e-06 -2.065029e-06 1.641492e-02 3.783367e-06 -1.702965e-07 5.717443e-05 -6.474123e-07
249            -2.398591e-06 1.648111e-02 2.576553e-06 -2.236160e-06 1.642404e-02 3.241876e-06 -1.624317e-07 5.707343e-05 -6.653227e-07
250            -2.684769e-06 1.648831e-02 3.146672e-06 -2.532289e-06 1.643139e-02 3.786806e-06 -1.524805e-07 5.691159e-05 -6.401335e-07
251            -2.929885e-06 1.649546e-02 3.286761e-06 -2.783786e-06 1.643857e-02 3.912419e-06 -1.460989e-07 5.688311e-05 -6.256580e-07
252            -3.097700e-06 1.650229e-02 3.548473e-06 -2.963747e-06 1.644569e-02 4.143455e-06 -1.339521e-07 5.660874e-05 -5.949813e-07
253            -3.101005e-06 1.650994e-02 3.556788e-06 -2.971502e-06 1.645343e-02 4.200187e-06 -1.295030e-07 5.651242e-05 -6.433983e-07
254            -2.810741e-06 1.652193e-02 4.002046e-06 -2.689896e-06 1.646565e-02 4.649126e-06 -1.208454e-07 5.628180e-05 -6.470796e-07
255            -1.238844e-06 1.653195e-02 4.197540e-06 -1.120884e-06 1.647580e-02 4.879562e-06 -1.179597e-07 5.614751e-05 -6.820223e-07
256            -5.950806e-07 1.654416e-02 4.406798e-06 -4.840217e-07 1.648814e-02 5.086718e-06 -1.110589e-07 5.601983e-05 -6.799197e-07
257            -1.402469e-08 1.655449e-02 4.073259e-06 9.970382e-08 1.649871e-02 4.759191e-06 -1.137285e-07 5.578053e-05 -6.859320e-07
258            -1.093790e-06 1.656493e-02 5.492002e-06 -9.832731e-07 1.650938e-02 6.204376e-06 -1.105168e-07 5.554849e-05 -7.123734e-07
259            2.656372e-08 1.657466e-02 5.966962e-06 1.457124e-07 1.651917e-02 6.719385e-06 -1.191487e-07 5.548767e-05 -7.524230e-07
260            8.202552e-07 1.658317e-02 6.237411e-06 9.416843e-07 1.652791e-02 6.979433e-06 -1.214291e-07 5.525637e-05 -7.420216e-07
261            1.544836e-06 1.659338e-02 6.890288e-06 1.675669e-06 1.653840e-02 7.632161e-06 -1.308336e-07 5.498940e-05 -7.418728e-07
262            2.003416e-06 1.660014e-02 8.164121e-06 2.147209e-06 1.654523e-02 8.935290e-06 -1.437928e-07 5.490114e-05 -7.711691e-07
263            2.211543e-06 1.661099e-02 8.626445e-06 2.357821e-06 1.655629e-02 9.392211e-06 -1.462782e-07 5.469410e-05 -7.657658e-07
264            1.654359e-06 1.661648e-02 8.105233e-06 1.806323e-06 1.656210e-02 8.823710e-06 -1.519635e-07 5.438197e-05 -7.184777e-07
265            2.438854e-06 1.661250e-02 6.142976e-06 2.617516e-06 1.655824e-02 6.896997e-06 -1.786617e-07 5.426431e-05 -7.540216e-07
266            2.857822e-06 1.661350e-02 5.395815e-06 3.046699e-06 1.655961e-02 6.160648e-06 -1.888768e-07 5.388633e-05 -7.648330e-07
267            3.066293e-06 1.662368e-02 4.704327e-06 3.274968e-06 1.657013e-02 5.424933e-06 -2.086749e-07 5.355487e-05 -7.206058e-07
268            1.680852e-06 1.663892e-02 3.348482e-06 1.896793e-06 1.658572e-02 4.071373e-06 -2.159409e-07 5.319721e-05 -7.228909e-07
269            2.408442e-06 1.664431e-02 1.043517e-06 2.634525e-06 1.659128e-02 1.780319e-06 -2.260831e-07 5.303386e-05 -7.368024e-07
270            1.841484e-06 1.665681e-02 -7.726744e-07 2.080320e-06 1.660416e-02 3.684167e-09 -2.388359e-07 5.264329e-05 -7.763586e-07
271            7.221878e-07 1.665289e-02 1.298511e-06 9.703710e-07 1.660057e-02 2.086510e-06 -2.481832e-07 5.231415e-05 -7.879987e-07
272            3.472350e-08 1.664969e-02 -1.315875e-06 2.724214e-07 1.659764e-02 -5.567531e-07 -2.376979e-07 5.205186e-05 -7.591219e-07
273            2.156472e-06 1.665381e-02 2.067389e-06 2.390963e-06 1.660195e-02 2.849495e-06 -2.344912e-07 5.185182e-05 -7.821057e-07
274            -1.418005e-06 1.665332e-02 -2.799003e-06 -1.192456e-06 1.660174e-02 -2.016030e-06 -2.255491e-07 5.157987e-05 -7.829732e-07
275            9.202534e-07 1.665021e-02 -1.776610e-07 1.157075e-06 1.659889e-02 5.838364e-07 -2.368215e-07 5.131069e-05 -7.614974e-07
276            2.615633e-07 1.665822e-02 -1.369083e-06 4.898481e-07 1.660716e-02 -6.107979e-07 -2.282848e-07 5.106126e-05 -7.582849e-07
277            1.032357e-06 1.666033e-02 -1.005814e-06 1.254405e-06 1.660951e-02 -2.506886e-07 -2.220487e-07 5.082257e-05 -7.551255e-07
278            1.375073e-06 1.666343e-02 -1.051677e-06 1.600127e-06 1.661291e-02 -3.315519e-07 -2.250539e-07 5.052078e-05 -7.201251e-07
279            5.199725e-08 1.668047e-02 -9.747471e-07 2.902222e-07 1.663015e-02 -2.809063e-07 -2.382249e-07 5.031861e-05 -6.938409e-07
280            2.388531e-06 1.667178e-02 8.983479e-07 2.630375e-06 1.662167e-02 1.534989e-06 -2.418446e-07 5.010852e-05 -6.366409e-07
281            1.296712e-06 1.667603e-02 -1.220012e-06 1.530153e-06 1.662605e-02 -5.788608e-07 -2.334403e-07 4.997168e-05 -6.411512e-07
282            9.021911e-07 1.667160e-02 3.156645e-07 1.127458e-06 1.662176e-02 9.688978e-07 -2.252673e-07 4.983872e-05 -6.532333e-07
283            5.853393e-07 1.667221e-02 2.914250e-09 8.221973e-07 1.662257e-02 6.327430e-07 -2.368579e-07 4.963855e-05 -6.298288e-07
284            -1.540813e-07 1.667349e-02 -5.263671e-07 8.304197e-08 1.662404e-02 6.247254e-08 -2.371232e-07 4.945144e-05 -5.888396e-07
285            1.943324e-07 1.667321e-02 1.551919e-07 4.368843e-07 1.662390e-02 7.602026e-07 -2.425519e-07 4.931244e-05 -6.050107e-07
286            4.832521e-07 1.667056e-02 3.600213e-07 7.194988e-07 1.662138e-02 9.243151e-07 -2.362467e-07 4.917592e-05 -5.642938e-07
287            6.839631e-07 1.666730e-02 4.609943e-07 9.265322e-07 1.661828e-02 1.006886e-06 -2.425691e-07 4.901238e-05 -5.458916e-07
288            8.317339e-07 1.666354e-02 4.574994e-07 1.079323e-06 1.661472e-02 9.788867e-07 -2.475891e-07 4.882045e-05 -5.213873e-07
289            5.355738e-07 1.666085e-02 3.065262e-07 7.836800e-07 1.661218e-02 8.563783e-07 -2.481062e-07 4.867380e-05 -5.498521e-07
290            3.515981e-07 1.666011e-02 5.951607e-07 5.920709e-07 1.661161e-02 1.177118e-06 -2.404728e-07 4.850287e-05 -5.819574e-07
291            2.016357e-07 1.665983e-02 1.117473e-06 4.427726e-07 1.661150e-02 1.674048e-06 -2.411370e-07 4.833481e-05 -5.565745e-07
292            -2.940935e-07 1.665879e-02 1.094728e-06 -4.630075e-08 1.661062e-02 1.636064e-06 -2.477928e-07 4.817017e-05 -5.413368e-07
293            -2.651763e-07 1.665701e-02 1.548555e-06 -2.426181e-08 1.660898e-02 2.080293e-06 -2.409145e-07 4.802545e-05 -5.317377e-07
294            1.894873e-07 1.665907e-02 2.005128e-06 4.233068e-07 1.661113e-02 2.612804e-06 -2.338195e-07 4.794907e-05 -6.076758e-07
295            -4.908539e-07 1.665798e-02 1.549741e-06 -2.536009e-07 1.661019e-02 2.158404e-06 -2.372531e-07 4.778556e-05 -6.086631e-07
296            -1.309616e-06 1.665703e-02 8.314429e-07 -1.062420e-06 1.660942e-02 1.472985e-06 -2.471962e-07 4.760819e-05 -6.415422e-07
297            -2.394373e-06 1.665535e-02 -2.672615e-07 -2.153568e-06 1.660790e-02 3.743662e-07 -2.408049e-07 4.745149e-05 -6.416278e-07
298            -3.510115e-06 1.665273e-02 -1.614314e-06 -3.292389e-06 1.660539e-02 -9.326827e-07 -2.177267e-07 4.733454e-05 -6.816315e-07
299            -4.812915e-06 1.664919e-02 -3.227507e-06 -4.603760e-06 1.660192e-02 -2.581113e-06 -2.091550e-07 4.726786e-05 -6.463934e-07
300            -6.253985e-06 1.664444e-02 -5.173820e-06 -6.052412e-06 1.659741e-02 -4.451951e-06 -2.015725e-07 4.703851e-05 -7.218691e-07
301            -7.427239e-06 1.664230e-02 -7.391431e-06 -7.244681e-06 1.659530e-02 -6.608325e-06 -1.825584e-07 4.699766e-05 -7.831059e-07
302            -7.785387e-06 1.663914e-02 -8.674013e-06 -7.614604e-06 1.659222e-02 -7.833048e-06 -1.707833e-07 4.692190e-05 -8.409647e-07
303            -5.109232e-06 1.663598e-02 -6.784260e-06 -4.935929e-06 1.658926e-02 -6.006810e-06 -1.733028e-07 4.671976e-05 -7.774505e-07
304            -3.658942e-06 1.662433e-02 -3.729524e-06 -3.481728e-06 1.657780e-02 -2.959752e-06 -1.772144e-07 4.652287e-05 -7.697719e-07
305            -5.036764e-06 1.661166e-02 -7.586781e-07 -4.861654e-06 1.656525e-02 3.522543e-08 -1.751106e-07 4.640423e-05 -7.939035e-07
306            -5.313736e-06 1.660440e-02 -6.594729e-07 -5.151621e-06 1.655822e-02 1.623668e-07 -1.621147e-07 4.617817e-05 -8.218397e-07
307            -4.706371e-06 1.661017e-02 2.421109e-06 -4.550837e-06 1.656400e-02 3.115835e-06 -1.555341e-07 4.616585e-05 -6.947260e-07
308            -4.675963e-06 1.660925e-02 2.788092e-06 -4.525175e-06 1.656322e-02 3.442265e-06 -1.507871e-07 4.603210e-05 -6.541729e-07
309            -3.889759e-06 1.660440e-02 1.682815e-06 -3.745802e-06 1.655851e-02 2.290846e-06 -1.439576e-07 4.588995e-05 -6.080313e-07
310            -2.404335e-06 1.660969e-02 2.390519e-06 -2.264053e-06 1.656386e-02 2.984527e-06 -1.402820e-07 4.582090e-05 -5.940076e-07
311            -3.017902e-06 1.660426e-02 2.885090e-06 -2.876203e-06 1.655850e-02 3.401126e-06 -1.416989e-07 4.575314e-05 -5.160359e-07
312            -2.911850e-06 1.660075e-02 2.411621e-06 -2.772587e-06 1.655523e-02 2.858622e-06 -1.392639e-07 4.551929e-05 -4.470004e-07
313            -5.073492e-06 1.660215e-02 1.263218e-06 -4.964595e-06 1.655667e-02 1.684716e-06 -1.088964e-07 4.548304e-05 -4.214976e-07
314            -4.727414e-06 1.659760e-02 3.409907e-07 -4.624932e-06 1.655218e-02 7.569441e-07 -1.024822e-07 4.542283e-05 -4.159534e-07
315            -4.834120e-06 1.659090e-02 1.582122e-06 -4.729730e-06 1.654549e-02 1.930803e-06 -1.043895e-07 4.541101e-05 -3.486815e-07
316            -3.899871e-06 1.658475e-02 8.259805e-07 -3.802944e-06 1.653957e-02 1.172629e-06 -9.692684e-08 4.517717e-05 -3.466487e-07
317            -3.454892e-06 1.657437e-02 2.866956e-06 -3.368760e-06 1.652924e-02 3.140703e-06 -8.613124e-08 4.512191e-05 -2.737472e-07
318            -3.965351e-06 1.657601e-02 9.704597e-07 -3.884733e-06 1.653107e-02 1.221575e-06 -8.061785e-08 4.494154e-05 -2.511156e-07
319            -4.488933e-06 1.656762e-02 7.929847e-07 -4.419302e-06 1.652259e-02 1.075129e-06 -6.963066e-08 4.502670e-05 -2.821445e-07
320            -4.323194e-06 1.656166e-02 -6.271473e-07 -4.264020e-06 1.651674e-02 -3.347486e-07 -5.917437e-08 4.492645e-05 -2.923986e-07
321            -4.515267e-06 1.655317e-02 -1.201424e-06 -4.459806e-06 1.650825e-02 -9.414075e-07 -5.546123e-08 4.491856e-05 -2.600163e-07
322            -4.563481e-06 1.654837e-02 -1.984862e-06 -4.510160e-06 1.650359e-02 -1.692267e-06 -5.332055e-08 4.478308e-05 -2.925951e-07
323            -4.517529e-06 1.653784e-02 -1.886339e-06 -4.469952e-06 1.649310e-02 -1.626605e-06 -4.757657e-08 4.473855e-05 -2.597338e-07
324            -4.814013e-06 1.653583e-02 -3.104949e-06 -4.770845e-06 1.649114e-02 -2.842247e-06 -4.316802e-08 4.468808e-05 -2.627016e-07
325            -4.927065e-06 1.652704e-02 -3.172511e-06 -4.896351e-06 1.648231e-02 -2.933063e-06 -3.071410e-08 4.472900e-05 -2.394481e-07
326            -4.982217e-06 1.652282e-02 -3.205557e-06 -4.949014e-06 1.647820e-02 -2.969000e-06 -3.320319e-08 4.461481e-05 -2.365571e-07
327            -5.444122e-06 1.651589e-02 -2.322954e-06 -5.414637e-06 1.647131e-02 -2.094922e-06 -2.948491e-08 4.457515e-05 -2.280321e-07
328            -5.375429e-06 1.651119e-02 -2.956724e-06 -5.342365e-06 1.646665e-02 -2.690378e-06 -3.306310e-08 4.454398e-05 -2.663459e-07
329            -5.324017e-06 1.650842e-02 -2.547875e-06 -5.314320e-06 1.646396e-02 -2.306568e-06 -9.696638e-09 4.446206e-05 -2.413067e-07
330            -5.036914e-06 1.650490e-02 -3.134108e-06 -5.030540e-06 1.646051e-02 -2.906217e-06 -6.374093e-09 4.439871e-05 -2.278902e-07
331            -4.674982e-06 1.650137e-02 -2.137057e-06 -4.665518e-06 1.645690e-02 -1.931838e-06 -9.464114e-09 4.446818e-05 -2.052189e-07
332            -4.398895e-06 1.650360e-02 -1.988649e-06 -4.395130e-06 1.645921e-02 -1.785227e-06 -3.764741e-09 4.438086e-05 -2.034222e-07
333            -3.829430e-06 1.649851e-02 -2.388085e-06 -3.832489e-06 1.645429e-02 -2.168250e-06 3.058442e-09 4.422030e-05 -2.198348e-07
334            -4.100263e-06 1.649227e-02 -8.066179e-07 -4.112129e-06 1.644810e-02 -5.935318e-07 1.186508e-08 4.417241e-05 -2.130861e-07
335            -2.567608e-06 1.649272e-02 -8.920726e-07 -2.585443e-06 1.644850e-02 -8.001634e-07 1.783498e-08 4.421678e-05 -9.190920e-08
336            -1.116589e-06 1.649382e-02 -1.116235e-06 -1.131242e-06 1.644966e-02 -1.015903e-06 1.465353e-08 4.415574e-05 -1.003316e-07
337            7.070149e-07 1.649033e-02 -1.382902e-06 6.946306e-07 1.644627e-02 -1.337879e-06 1.238437e-08 4.406194e-05 -4.502243e-08
338            -7.375424e-08 1.649122e-02 -4.906915e-06 -8.263993e-08 1.644723e-02 -4.832956e-06 8.885690e-09 4.399269e-05 -7.395888e-08
339            1.396783e-06 1.648991e-02 -5.361501e-06 1.401692e-06 1.644601e-02 -5.315594e-06 -4.909141e-09 4.390187e-05 -4.590682e-08
340            1.368149e-06 1.649881e-02 -8.001931e-06 1.382472e-06 1.645507e-02 -8.044482e-06 -1.432312e-08 4.374557e-05 4.255117e-08
341            2.932808e-06 1.650178e-02 -8.707438e-06 2.954185e-06 1.645807e-02 -8.709597e-06 -2.137762e-08 4.370517e-05 2.159336e-09
342            2.731833e-06 1.651175e-02 -1.101204e-05 2.764388e-06 1.646816e-02 -1.098989e-05 -3.255511e-08 4.359541e-05 -2.214605e-08
343            4.271169e-06 1.651713e-02 -1.160851e-05 4.334507e-06 1.647357e-02 -1.154714e-05 -6.333822e-08 4.355522e-05 -6.137372e-08
344            4.797288e-06 1.652736e-02 -1.238243e-05 4.895818e-06 1.648399e-02 -1.238610e-05 -9.853008e-08 4.336988e-05 3.667089e-09
345            6.290473e-06 1.652064e-02 -1.333335e-05 6.396515e-06 1.647738e-02 -1.329744e-05 -1.060419e-07 4.325416e-05 -3.590560e-08
346            5.829610e-06 1.651896e-02 -1.240176e-05 5.957127e-06 1.647584e-02 -1.236034e-05 -1.275171e-07 4.311474e-05 -4.142624e-08
347            6.213033e-06 1.652980e-02 -1.259632e-05 6.362526e-06 1.648667e-02 -1.262378e-05 -1.494934e-07 4.312549e-05 2.745992e-08
348            5.955071e-06 1.652815e-02 -1.372315e-05 6.135506e-06 1.648519e-02 -1.374871e-05 -1.804353e-07 4.295782e-05 2.555442e-08
349            6.422081e-06 1.652919e-02 -1.224916e-05 6.597549e-06 1.648632e-02 -1.227044e-05 -1.754678e-07 4.287212e-05 2.128289e-08
350            6.392338e-06 1.653777e-02 -1.206379e-05 6.595409e-06 1.649502e-02 -1.201679e-05 -2.030711e-07 4.275920e-05 -4.699824e-08
351            6.363945e-06 1.653875e-02 -1.153781e-05 6.584028e-06 1.649602e-02 -1.149460e-05 -2.200832e-07 4.273080e-05 -4.320238e-08
352            6.814145e-06 1.654007e-02 -1.250153e-05 7.058630e-06 1.649736e-02 -1.244246e-05 -2.444853e-07 4.270988e-05 -5.906892e-08
353            6.627589e-06 1.654376e-02 -1.229835e-05 6.889301e-06 1.650126e-02 -1.225380e-05 -2.617121e-07 4.250376e-05 -4.455733e-08
354            6.506446e-06 1.654730e-02 -1.213949e-05 6.773788e-06 1.650480e-02 -1.205375e-05 -2.673422e-07 4.250175e-05 -8.574669e-08
355            6.429302e-06 1.654801e-02 -1.223282e-05 6.706684e-06 1.650553e-02 -1.216911e-05 -2.773827e-07 4.248068e-05 -6.370532e-08
356            6.195066e-06 1.655116e-02 -1.184608e-05 6.489375e-06 1.650869e-02 -1.175362e-05 -2.943091e-07 4.247485e-05 -9.245494e-08
357            6.101578e-06 1.655287e-02 -1.182491e-05 6.402063e-06 1.651064e-02 -1.171746e-05 -3.004852e-07 4.223056e-05 -1.074501e-07
358            6.014361e-06 1.655575e-02 -1.169183e-05 6.322588e-06 1.651353e-02 -1.157037e-05 -3.082269e-07 4.221477e-05 -1.214590e-07
359            5.955026e-06 1.655728e-02 -1.326184e-05 6.278541e-06 1.651515e-02 -1.305899e-05 -3.235150e-07 4.213150e-05 -2.028479e-07
360            5.297418e-06 1.655955e-02 -1.256829e-05 5.617196e-06 1.651740e-02 -1.245638e-05 -3.197779e-07 4.214610e-05 -1.119149e-07
361            4.712584e-06 1.656154e-02 -1.217432e-05 5.034302e-06 1.651951e-02 -1.204258e-05 -3.217177e-07 4.202777e-05 -1.317360e-07
362            4.260693e-06 1.656321e-02 -1.197616e-05 4.592738e-06 1.652119e-02 -1.176760e-05 -3.320445e-07 4.202346e-05 -2.085632e-07
363            3.802661e-06 1.656439e-02 -1.174898e-05 4.135764e-06 1.652246e-02 -1.153195e-05 -3.331034e-07 4.192323e-05 -2.170244e-07
364            3.355693e-06 1.656571e-02 -1.148256e-05 3.693807e-06 1.652377e-02 -1.129585e-05 -3.381146e-07 4.194005e-05 -1.867075e-07
365            3.163694e-06 1.656789e-02 -1.066906e-05 3.500388e-06 1.652605e-02 -1.043673e-05 -3.366944e-07 4.184349e-05 -2.323362e-07
366            2.936546e-06 1.656767e-02 -1.030173e-05 3.270027e-06 1.652584e-02 -1.006509e-05 -3.334808e-07 4.182519e-05 -2.366386e-07
367            2.383108e-06 1.656498e-02 -9.787352e-06 2.720211e-06 1.652324e-02 -9.518873e-06 -3.371034e-07 4.174392e-05 -2.684783e-07
368            1.829021e-06 1.655878e-02 -9.564279e-06 2.165080e-06 1.651705e-02 -9.314900e-06 -3.360596e-07 4.172404e-05 -2.493790e-07
369            1.814975e-06 1.655876e-02 -8.538684e-06 2.138246e-06 1.651719e-02 -8.313021e-06 -3.232708e-07 4.157535e-05 -2.256624e-07
370            1.219994e-06 1.656237e-02 -8.054152e-06 1.538050e-06 1.652090e-02 -7.829179e-06 -3.180563e-07 4.147076e-05 -2.249729e-07
371            8.067764e-07 1.656552e-02 -7.841470e-06 1.124113e-06 1.652414e-02 -7.550987e-06 -3.173364e-07 4.137910e-05 -2.904837e-07
372            1.597620e-07 1.656958e-02 -7.964591e-06 4.827687e-07 1.652821e-02 -7.729484e-06 -3.230066e-07 4.136838e-05 -2.351065e-07
373            6.688581e-07 1.657082e-02 -6.306247e-06 9.809536e-07 1.652955e-02 -6.067237e-06 -3.120955e-07 4.126264e-05 -2.390099e-07
374            -4.331176e-07 1.657858e-02 -7.401736e-06 -1.345597e-07 1.653748e-02 -7.126125e-06 -2.985580e-07 4.110425e-05 -2.756117e-07
375            1.126457e-06 1.658074e-02 -4.372667e-06 1.414627e-06 1.653971e-02 -4.152232e-06 -2.881705e-07 4.102174e-05 -2.204348e-07
376            -1.927385e-07 1.658653e-02 -5.777062e-06 9.129764e-08 1.654552e-02 -5.539719e-06 -2.840361e-07 4.101932e-05 -2.373437e-07
377            1.168972e-06 1.658898e-02 -3.202506e-06 1.458294e-06 1.654811e-02 -3.018204e-06 -2.893219e-07 4.087496e-05 -1.843024e-07
378            1.415736e-07 1.659575e-02 -4.380062e-06 4.267392e-07 1.655503e-02 -4.102396e-06 -2.851657e-07 4.071395e-05 -2.776669e-07
379            1.168367e-06 1.659634e-02 -2.235471e-06 1.452016e-06 1.655578e-02 -2.026753e-06 -2.836483e-07 4.055428e-05 -2.087173e-07
380            1.240147e-07 1.660116e-02 -3.322200e-06 4.090223e-07 1.656055e-02 -3.083578e-06 -2.850075e-07 4.061604e-05 -2.386221e-07
381            1.136777e-06 1.660257e-02 -1.179950e-06 1.422717e-06 1.656203e-02 -9.862785e-07 -2.859397e-07 4.054011e-05 -1.936711e-07
382            -8.709856e-08 1.660577e-02 -2.515130e-06 1.938266e-07 1.656538e-02 -2.253946e-06 -2.809251e-07 4.039362e-05 -2.611834e-07
383            1.927878e-07 1.660845e-02 -1.488445e-06 4.727225e-07 1.656818e-02 -1.298134e-06 -2.799347e-07 4.027437e-05 -1.903111e-07
384            -6.315145e-07 1.661226e-02 -2.071148e-06 -3.559163e-07 1.657212e-02 -1.861058e-06 -2.755982e-07 4.013865e-05 -2.100905e-07
385            -7.074212e-07 1.661500e-02 -2.089668e-06 -4.315707e-07 1.657497e-02 -1.911883e-06 -2.758505e-07 4.002155e-05 -1.777847e-07
386            -1.034315e-06 1.661716e-02 -1.793280e-06 -7.690271e-07 1.657721e-02 -1.575946e-06 -2.652883e-07 3.994441e-05 -2.173345e-07
387            -1.720170e-06 1.662115e-02 -1.787063e-06 -1.457197e-06 1.658120e-02 -1.651749e-06 -2.629733e-07 3.995053e-05 -1.353140e-07
388            -2.083044e-06 1.662475e-02 -1.466097e-06 -1.807267e-06 1.658487e-02 -1.273342e-06 -2.757774e-07 3.988098e-05 -1.927555e-07
389            -2.519593e-06 1.662865e-02 -1.250901e-06 -2.264158e-06 1.658884e-02 -1.027540e-06 -2.554343e-07 3.980704e-05 -2.233607e-07
390            -3.083084e-06 1.663227e-02 -5.394608e-07 -2.840418e-06 1.659258e-02 -3.665883e-07 -2.426663e-07 3.968310e-05 -1.728725e-07
391            -3.596114e-06 1.663531e-02 1.094309e-07 -3.363451e-06 1.659575e-02 2.500193e-07 -2.326632e-07 3.956087e-05 -1.405884e-07
392            -3.879715e-06 1.663773e-02 7.666948e-07 -3.644790e-06 1.659829e-02 9.639963e-07 -2.349253e-07 3.944479e-05 -1.973015e-07
393            -4.037780e-06 1.663989e-02 1.785040e-06 -3.818342e-06 1.660057e-02 1.948722e-06 -2.194384e-07 3.932082e-05 -1.636824e-07
394            -3.889566e-06 1.664065e-02 2.778451e-06 -3.685504e-06 1.660136e-02 2.883336e-06 -2.040621e-07 3.928588e-05 -1.048848e-07
395            -3.793636e-06 1.664148e-02 4.079025e-06 -3.585994e-06 1.660232e-02 4.239307e-06 -2.076427e-07 3.915494e-05 -1.602816e-07
396            -4.264832e-06 1.664115e-02 3.935242e-06 -4.078215e-06 1.660215e-02 4.081053e-06 -1.866178e-07 3.899691e-05 -1.458110e-07
397            -3.849543e-06 1.664324e-02 6.138175e-06 -3.657730e-06 1.660425e-02 6.221725e-06 -1.918130e-07 3.899114e-05 -8.354907e-08
398            -3.434072e-06 1.664250e-02 6.564407e-06 -3.263752e-06 1.660365e-02 6.633010e-06 -1.703199e-07 3.885207e-05 -6.860277e-08
399            -3.261009e-06 1.664273e-02 7.164814e-06 -3.092873e-06 1.660386e-02 7.244865e-06 -1.681363e-07 3.886553e-05 -8.005143e-08
400            -2.723799e-06 1.664584e-02 8.656781e-06 -2.560872e-06 1.660728e-02 8.715495e-06 -1.629270e-07 3.855176e-05 -5.871352e-08
401            -3.122203e-06 1.664475e-02 8.926812e-06 -2.969396e-06 1.660613e-02 8.970642e-06 -1.528065e-07 3.861711e-05 -4.383070e-08
402            -3.436974e-06 1.664564e-02 9.353939e-06 -3.288545e-06 1.660722e-02 9.401046e-06 -1.484287e-07 3.842159e-05 -4.710618e-08
403            -3.822936e-06 1.664651e-02 9.676363e-06 -3.665371e-06 1.660807e-02 9.735991e-06 -1.575652e-07 3.844099e-05 -5.962817e-08
404            -4.462836e-06 1.664804e-02 1.052686e-05 -4.320217e-06 1.660981e-02 1.057828e-05 -1.426195e-07 3.822412e-05 -5.142461e-08
405            -4.572538e-06 1.664515e-02 1.145811e-05 -4.459795e-06 1.660696e-02 1.145000e-05 -1.127433e-07 3.818961e-05 8.113200e-09
406            -4.895367e-06 1.664452e-02 1.177448e-05 -4.793370e-06 1.660641e-02 1.173456e-05 -1.019974e-07 3.810334e-05 3.991878e-08
407            -5.574311e-06 1.665064e-02 1.261518e-05 -5.467148e-06 1.661254e-02 1.250868e-05 -1.071636e-07 3.809279e-05 1.065023e-07
408            -5.923085e-06 1.664850e-02 1.252421e-05 -5.833959e-06 1.661054e-02 1.243317e-05 -8.912673e-08 3.796203e-05 9.103866e-08
409            -6.663556e-06 1.664496e-02 1.302977e-05 -6.597269e-06 1.660714e-02 1.283188e-05 -6.628778e-08 3.781923e-05 1.978884e-07
410            -6.706590e-06 1.665208e-02 1.218672e-05 -6.668386e-06 1.661445e-02 1.203234e-05 -3.820408e-08 3.762613e-05 1.543818e-07
411            -6.811587e-06 1.664676e-02 1.142844e-05 -6.780631e-06 1.660892e-02 1.123593e-05 -3.095603e-08 3.784067e-05 1.925093e-07
412            -6.354733e-06 1.664464e-02 1.087523e-05 -6.345820e-06 1.660699e-02 1.072660e-05 -8.913033e-09 3.764212e-05 1.486258e-07
413            -5.764660e-06 1.663945e-02 1.088700e-05 -5.784231e-06 1.660187e-02 1.067932e-05 1.957090e-08 3.757657e-05 2.076865e-07
414            -5.026952e-06 1.663898e-02 1.040152e-05 -5.072202e-06 1.660137e-02 1.028334e-05 4.525080e-08 3.760749e-05 1.181798e-07
415            -4.321350e-06 1.663378e-02 1.027569e-05 -4.373691e-06 1.659637e-02 1.008478e-05 5.234073e-08 3.740233e-05 1.909038e-07
416            -3.658383e-06 1.663200e-02 9.893375e-06 -3.715798e-06 1.659469e-02 9.731835e-06 5.741484e-08 3.730460e-05 1.615404e-07
417            -2.702486e-06 1.662709e-02 9.397880e-06 -2.779389e-06 1.658976e-02 9.233957e-06 7.690274e-08 3.732852e-05 1.639232e-07
418            -2.268956e-06 1.662349e-02 8.810760e-06 -2.336551e-06 1.658617e-02 8.676964e-06 6.759432e-08 3.732318e-05 1.337958e-07
419            -1.757191e-06 1.661364e-02 8.194665e-06 -1.832050e-06 1.657637e-02 8.035782e-06 7.485914e-08 3.727559e-05 1.588830e-07
420            -1.388453e-06 1.660499e-02 7.264019e-06 -1.453320e-06 1.656786e-02 7.145233e-06 6.486720e-08 3.713302e-05 1.187867e-07
421            -1.509478e-06 1.659493e-02 6.949414e-06 -1.598360e-06 1.655776e-02 6.777872e-06 8.888158e-08 3.717184e-05 1.715416e-07
422            -7.620278e-07 1.658706e-02 5.839888e-06 -8.340718e-07 1.654982e-02 5.722041e-06 7.204393e-08 3.724032e-05 1.178465e-07
423            6.471866e-08 1.657880e-02 5.406921e-06 2.761103e-09 1.654162e-02 5.243085e-06 6.195756e-08 3.718000e-05 1.638356e-07
424            1.993480e-08 1.657027e-02 4.909637e-06 -4.521269e-08 1.653313e-02 4.770922e-06 6.514749e-08 3.714657e-05 1.387154e-07
425            9.602772e-07 1.656115e-02 3.355809e-06 9.007965e-07 1.652411e-02 3.174225e-06 5.948074e-08 3.704100e-05 1.815836e-07
426            2.725404e-07 1.655256e-02 3.164010e-06 2.175170e-07 1.651544e-02 3.005464e-06 5.502344e-08 3.711621e-05 1.585456e-07
427            1.068206e-06 1.654559e-02 1.916798e-06 1.029187e-06 1.650836e-02 1.776872e-06 3.901890e-08 3.723220e-05 1.399262e-07
428            1.672797e-06 1.653985e-02 1.560671e-06 1.653072e-06 1.650261e-02 1.398859e-06 1.972468e-08 3.723714e-05 1.618121e-07
429            2.620504e-06 1.653185e-02 -5.946094e-07 2.608271e-06 1.649468e-02 -7.909956e-07 1.223367e-08 3.716435e-05 1.963862e-07
430            2.215289e-06 1.652119e-02 -1.235664e-06 2.214372e-06 1.648393e-02 -1.365336e-06 9.172799e-10 3.726050e-05 1.296715e-07
431            2.928555e-06 1.651560e-02 -2.922488e-06 2.948735e-06 1.647832e-02 -3.017420e-06 -2.018093e-08 3.727762e-05 9.493165e-08
432            3.220822e-06 1.651015e-02 -3.695378e-06 3.255125e-06 1.647285e-02 -3.765978e-06 -3.430346e-08 3.729573e-05 7.060012e-08
433            3.964435e-06 1.650880e-02 -5.168106e-06 4.026174e-06 1.647147e-02 -5.303824e-06 -6.173867e-08 3.733079e-05 1.357186e-07
434            3.678518e-06 1.650306e-02 -5.671780e-06 3.762527e-06 1.646574e-02 -5.748856e-06 -8.400840e-08 3.732019e-05 7.707620e-08
435            4.686047e-06 1.650171e-02 -6.735196e-06 4.805264e-06 1.646427e-02 -6.830350e-06 -1.192173e-07 3.744056e-05 9.515424e-08
436            4.770872e-06 1.649760e-02 -6.765385e-06 4.929614e-06 1.646012e-02 -6.926189e-06 -1.587417e-07 3.748136e-05 1.608042e-07
437            5.560050e-06 1.649498e-02 -8.072731e-06 5.759500e-06 1.645752e-02 -8.188509e-06 -1.994506e-07 3.746390e-05 1.157784e-07
438            4.757770e-06 1.649644e-02 -8.687675e-06 4.976631e-06 1.645899e-02 -8.752726e-06 -2.188607e-07 3.745537e-05 6.505162e-08
439            4.927228e-06 1.649732e-02 -1.031336e-05 5.169233e-06 1.645985e-02 -1.036700e-05 -2.420042e-07 3.746970e-05 5.363808e-08
440            3.949848e-06 1.649816e-02 -1.080859e-05 4.204885e-06 1.646068e-02 -1.088057e-05 -2.550375e-07 3.748028e-05 7.197598e-08
441            3.906918e-06 1.650025e-02 -1.228988e-05 4.185501e-06 1.646275e-02 -1.238307e-05 -2.785825e-07 3.750128e-05 9.318558e-08
442            2.940163e-06 1.650133e-02 -1.297939e-05 3.232548e-06 1.646386e-02 -1.304038e-05 -2.923849e-07 3.747045e-05 6.098789e-08
443            2.293821e-06 1.650608e-02 -1.443186e-05 2.601862e-06 1.646859e-02 -1.452605e-05 -3.080406e-07 3.749095e-05 9.418550e-08
444            1.195989e-06 1.651009e-02 -1.524687e-05 1.531825e-06 1.647255e-02 -1.528869e-05 -3.358361e-07 3.753795e-05 4.182047e-08
445            4.137334e-07 1.651344e-02 -1.638472e-05 7.608926e-07 1.647600e-02 -1.642485e-05 -3.471592e-07 3.743512e-05 4.013121e-08
446            -7.023412e-07 1.651627e-02 -1.702086e-05 -3.456123e-07 1.647898e-02 -1.702697e-05 -3.567288e-07 3.728515e-05 6.111928e-09
447            -1.880795e-06 1.651914e-02 -1.728509e-05 -1.525435e-06 1.648179e-02 -1.733180e-05 -3.553597e-07 3.734655e-05 4.671608e-08
448            -1.300683e-06 1.652349e-02 -1.780057e-05 -9.193678e-07 1.648605e-02 -1.784697e-05 -3.813154e-07 3.744221e-05 4.640412e-08
449            -2.272149e-06 1.652768e-02 -1.843527e-05 -1.897179e-06 1.649030e-02 -1.844000e-05 -3.749703e-07 3.738558e-05 4.729491e-09
450            -3.185147e-06 1.653108e-02 -1.891307e-05 -2.806386e-06 1.649378e-02 -1.894040e-05 -3.787604e-07 3.730766e-05 2.732876e-08
451            -4.030674e-06 1.653045e-02 -1.907437e-05 -3.664214e-06 1.649321e-02 -1.912748e-05 -3.664604e-07 3.723525e-05 5.311368e-08
452            -5.405042e-06 1.653609e-02 -1.871258e-05 -5.031343e-06 1.649889e-02 -1.876559e-05 -3.736989e-07 3.719306e-05 5.301227e-08
453            -6.365359e-06 1.654156e-02 -1.897507e-05 -6.010053e-06 1.650439e-02 -1.899266e-05 -3.553057e-07 3.716824e-05 1.758893e-08
454            -7.249583e-06 1.654562e-02 -1.879440e-05 -6.898103e-06 1.650844e-02 -1.883199e-05 -3.514803e-07 3.717715e-05 3.758846e-08
455            -8.010138e-06 1.654951e-02 -1.855368e-05 -7.687607e-06 1.651237e-02 -1.856253e-05 -3.225313e-07 3.713597e-05 8.853978e-09
456            -8.653678e-06 1.655281e-02 -1.823684e-05 -8.349054e-06 1.651573e-02 -1.822763e-05 -3.046242e-07 3.707223e-05 -9.214011e-09
457            -9.062243e-06 1.655611e-02 -1.774359e-05 -8.792188e-06 1.651909e-02 -1.776908e-05 -2.700550e-07 3.701955e-05 2.548822e-08
458            -9.391945e-06 1.655928e-02 -1.736290e-05 -9.134828e-06 1.652229e-02 -1.735352e-05 -2.571171e-07 3.698567e-05 -9.375425e-09
459            -8.918990e-06 1.656190e-02 -1.696966e-05 -8.685037e-06 1.652491e-02 -1.704365e-05 -2.339525e-07 3.698236e-05 7.399231e-08
460            -9.329209e-06 1.656164e-02 -1.659652e-05 -9.113450e-06 1.652463e-02 -1.662127e-05 -2.157591e-07 3.700960e-05 2.474500e-08
461            -9.745522e-06 1.656703e-02 -1.591558e-05 -9.554022e-06 1.653012e-02 -1.591185e-05 -1.914999e-07 3.690890e-05 -3.738519e-09
462            -1.006072e-05 1.656976e-02 -1.531050e-05 -9.877297e-06 1.653289e-02 -1.527666e-05 -1.834238e-07 3.687553e-05 -3.383874e-08
463            -1.034887e-05 1.657204e-02 -1.460227e-05 -1.020301e-05 1.653531e-02 -1.463430e-05 -1.458661e-07 3.672313e-05 3.203038e-08
464            -1.045169e-05 1.657472e-02 -1.416176e-05 -1.033035e-05 1.653785e-02 -1.415739e-05 -1.213371e-07 3.686175e-05 -4.370250e-09
465            -1.088445e-05 1.657689e-02 -1.306680e-05 -1.079272e-05 1.654000e-02 -1.309109e-05 -9.173682e-08 3.688446e-05 2.428897e-08
466            -1.110177e-05 1.657861e-02 -1.205927e-05 -1.102938e-05 1.654183e-02 -1.202424e-05 -7.239026e-08 3.677605e-05 -3.502736e-08
467            -1.110579e-05 1.657991e-02 -1.097790e-05 -1.105821e-05 1.654321e-02 -1.094612e-05 -4.758043e-08 3.670636e-05 -3.178269e-08
468            -1.083497e-05 1.658126e-02 -9.781812e-06 -1.083890e-05 1.654462e-02 -9.804296e-06 3.927813e-09 3.664471e-05 2.248347e-08
469            -1.013860e-05 1.658173e-02 -8.798083e-06 -1.016747e-05 1.654510e-02 -8.777767e-06 2.887820e-08 3.662500e-05 -2.031651e-08
470            -9.902670e-06 1.658423e-02 -6.957390e-06 -9.964082e-06 1.654748e-02 -6.824064e-06 6.141205e-08 3.674839e-05 -1.333260e-07
471            -1.036651e-05 1.658026e-02 -5.375217e-06 -1.049729e-05 1.654369e-02 -5.283878e-06 1.307840e-07 3.656532e-05 -9.133927e-08
472            -8.288666e-06 1.657784e-02 -3.001947e-06 -8.468634e-06 1.654128e-02 -2.929943e-06 1.799680e-07 3.656154e-05 -7.200428e-08
473            -6.386567e-06 1.658221e-02 -5.786991e-07 -6.610694e-06 1.654578e-02 -5.168262e-07 2.241263e-07 3.643363e-05 -6.187291e-08
474            -5.335363e-06 1.658771e-02 8.908914e-07 -5.586325e-06 1.655124e-02 9.504757e-07 2.509611e-07 3.646706e-05 -5.958429e-08
475            -4.564521e-06 1.658354e-02 1.785750e-06 -4.842144e-06 1.654715e-02 1.874520e-06 2.776233e-07 3.638643e-05 -8.876992e-08
476            -3.854282e-06 1.659196e-02 2.317602e-06 -4.160155e-06 1.655554e-02 2.370702e-06 3.058726e-07 3.642485e-05 -5.309925e-08
477            -2.891645e-06 1.658772e-02 3.208902e-06 -3.227900e-06 1.655159e-02 3.187247e-06 3.362549e-07 3.612808e-05 2.165480e-08
478            -2.333437e-06 1.658839e-02 2.753965e-06 -2.683928e-06 1.655220e-02 2.782992e-06 3.504908e-07 3.618242e-05 -2.902696e-08
479            -1.565665e-06 1.659084e-02 3.586792e-06 -1.927053e-06 1.655470e-02 3.612127e-06 3.613877e-07 3.613543e-05 -2.533512e-08
480            8.581387e-09 1.659322e-02 5.086336e-06 -3.627130e-07 1.655703e-02 5.135346e-06 3.712944e-07 3.619266e-05 -4.901018e-08
481            2.378545e-06 1.659490e-02 7.583525e-06 2.011567e-06 1.655888e-02 7.570364e-06 3.669780e-07 3.601708e-05 1.316066e-08
482            4.033856e-06 1.659703e-02 9.698766e-06 3.670756e-06 1.656098e-02 9.733459e-06 3.631002e-07 3.604145e-05 -3.469249e-08
483            5.794366e-06 1.659995e-02 1.115168e-05 5.437959e-06 1.656402e-02 1.115181e-05 3.564077e-07 3.592986e-05 -1.354184e-10
484            7.264990e-06 1.660188e-02 1.298619e-05 6.940566e-06 1.656588e-02 1.299003e-05 3.244239e-07 3.600627e-05 -3.834695e-09
485            8.954976e-06 1.660371e-02 1.464479e-05 8.656606e-06 1.656778e-02 1.464153e-05 2.983693e-07 3.592360e-05 3.257534e-09
486            1.024346e-05 1.660588e-02 1.622359e-05 9.959845e-06 1.656998e-02 1.620222e-05 2.836113e-07 3.589631e-05 2.136988e-08
487            1.180443e-05 1.660769e-02 1.798619e-05 1.155098e-05 1.657186e-02 1.790748e-05 2.534532e-07 3.583519e-05 7.871418e-08
488            1.291784e-05 1.660987e-02 1.960164e-05 1.272469e-05 1.657404e-02 1.956652e-05 1.931486e-07 3.583051e-05 3.511845e-08
489            1.381351e-05 1.661220e-02 2.088082e-05 1.363593e-05 1.657644e-02 2.080332e-05 1.775819e-07 3.576145e-05 7.749618e-08
490            1.467756e-05 1.661424e-02 2.238677e-05 1.454177e-05 1.657845e-02 2.233186e-05 1.357896e-07 3.579700e-05 5.490314e-08
491            1.576608e-05 1.661621e-02 2.338775e-05 1.567322e-05 1.658048e-02 2.327154e-05 9.285693e-08 3.572466e-05 1.162109e-07
492            1.654479e-05 1.661852e-02 2.436948e-05 1.649671e-05 1.658280e-02 2.429309e-05 4.807392e-08 3.572104e-05 7.639376e-08
493            1.746283e-05 1.662022e-02 2.473744e-05 1.745142e-05 1.658451e-02 2.463056e-05 1.141247e-08 3.571448e-05 1.068824e-07
494            1.680272e-05 1.662431e-02 2.519660e-05 1.683139e-05 1.658870e-02 2.506914e-05 -2.866827e-08 3.561275e-05 1.274600e-07
495            1.742601e-05 1.662417e-02 2.485517e-05 1.748103e-05 1.658868e-02 2.464377e-05 -5.502126e-08 3.549151e-05 2.114078e-07
496            1.696110e-05 1.662788e-02 2.575803e-05 1.706800e-05 1.659233e-02 2.557000e-05 -1.068966e-07 3.554486e-05 1.880344e-07
497            1.745302e-05 1.662744e-02 2.418074e-05 1.758998e-05 1.659198e-02 2.398300e-05 -1.369573e-07 3.545921e-05 1.977351e-07
498            1.671492e-05 1.663157e-02 2.518932e-05 1.689154e-05 1.659597e-02 2.498617e-05 -1.766240e-07 3.560122e-05 2.031527e-07
499            1.693815e-05 1.663096e-02 2.345688e-05 1.714081e-05 1.659548e-02 2.321273e-05 -2.026538e-07 3.548225e-05 2.441586e-07
500            1.593453e-05 1.663545e-02 2.429057e-05 1.618038e-05 1.659996e-02 2.401996e-05 -2.458456e-07 3.548762e-05 2.706082e-07
501            1.613826e-05 1.663402e-02 2.188482e-05 1.639710e-05 1.659870e-02 2.155120e-05 -2.588443e-07 3.531797e-05 3.336155e-07
502            1.477965e-05 1.663859e-02 2.226975e-05 1.509081e-05 1.660323e-02 2.198010e-05 -3.111646e-07 3.536096e-05 2.896456e-07
503            1.515776e-05 1.663690e-02 1.923004e-05 1.550951e-05 1.660165e-02 1.891847e-05 -3.517485e-07 3.524857e-05 3.115638e-07
504            1.467280e-05 1.663881e-02 1.777228e-05 1.505155e-05 1.660346e-02 1.748799e-05 -3.787559e-07 3.534477e-05 2.842842e-07
505            1.403682e-05 1.663966e-02 1.636338e-05 1.443785e-05 1.660439e-02 1.598891e-05 -4.010336e-07 3.526668e-05 3.744756e-07
506            1.318655e-05 1.664041e-02 1.487006e-05 1.361942e-05 1.660526e-02 1.449638e-05 -4.328619e-07 3.514767e-05 3.736844e-07
507            1.227435e-05 1.664101e-02 1.327609e-05 1.271610e-05 1.660599e-02 1.288232e-05 -4.417574e-07 3.502587e-05 3.937692e-07
508            1.120531e-05 1.664183e-02 1.145100e-05 1.169176e-05 1.660667e-02 1.110476e-05 -4.864464e-07 3.516159e-05 3.462387e-07
509            1.011230e-05 1.664254e-02 9.560759e-06 1.061082e-05 1.660747e-02 9.162997e-06 -4.985203e-07 3.507437e-05 3.977628e-07
510            8.896047e-06 1.664318e-02 7.581134e-06 9.420277e-06 1.660814e-02 7.193720e-06 -5.242300e-07 3.503914e-05 3.874142e-07
511            7.650228e-06 1.664390e-02 5.366025e-06 8.174691e-06 1.660903e-02 4.975362e-06 -5.244635e-07 3.487591e-05 3.906621e-07
512            6.285916e-06 1.664462e-02 3.343555e-06 6.824624e-06 1.660966e-02 2.922111e-06 -5.387080e-07 3.495590e-05 4.214439e-07
513            6.412912e-06 1.664877e-02 2.801296e-06 6.941454e-06 1.661396e-02 2.367619e-06 -5.285425e-07 3.480986e-05 4.336773e-07
514            4.373112e-06 1.664544e-02 -1.026043e-07 4.953341e-06 1.661070e-02 -4.896113e-07 -5.802288e-07 3.474254e-05 3.870071e-07
515            3.179612e-06 1.664565e-02 -1.715141e-06 3.755347e-06 1.661093e-02 -2.129117e-06 -5.757347e-07 3.471874e-05 4.139752e-07
516            1.007373e-06 1.664657e-02 -1.819249e-06 1.579994e-06 1.661177e-02 -2.228810e-06 -5.726201e-07 3.479726e-05 4.095611e-07
517            -4.013676e-07 1.664411e-02 -3.614031e-06 1.322850e-07 1.660943e-02 -4.044254e-06 -5.336525e-07 3.467736e-05 4.302232e-07
518            -2.049349e-06 1.664303e-02 -5.086124e-06 -1.513407e-06 1.660843e-02 -5.488978e-06 -5.359413e-07 3.459593e-05 4.028541e-07
519            -3.569873e-06 1.664224e-02 -6.633013e-06 -3.054424e-06 1.660775e-02 -7.086403e-06 -5.154488e-07 3.448653e-05 4.533900e-07
520            -5.362551e-06 1.664003e-02 -7.588700e-06 -4.846534e-06 1.660551e-02 -8.011569e-06 -5.160163e-07 3.451499e-05 4.228693e-07
521            -7.011775e-06 1.663841e-02 -8.544395e-06 -6.551263e-06 1.660401e-02 -8.958636e-06 -4.605119e-07 3.439809e-05 4.142412e-07
522            -8.681930e-06 1.663658e-02 -9.351109e-06 -8.235720e-06 1.660218e-02 -9.748874e-06 -4.462103e-07 3.440113e-05 3.977650e-07
523            -1.016700e-05 1.663443e-02 -9.850075e-06 -9.759803e-06 1.660011e-02 -1.024205e-05 -4.071951e-07 3.431824e-05 3.919732e-07
524            -1.126830e-05 1.663183e-02 -1.037510e-05 -1.089410e-05 1.659745e-02 -1.075189e-05 -3.741959e-07 3.437772e-05 3.767884e-07
525            -1.255135e-05 1.662967e-02 -1.029071e-05 -1.223576e-05 1.659541e-02 -1.066143e-05 -3.155948e-07 3.426777e-05 3.707257e-07
526            -1.316121e-05 1.662607e-02 -1.082566e-05 -1.285909e-05 1.659185e-02 -1.115482e-05 -3.021198e-07 3.421284e-05 3.291586e-07
527            -1.372614e-05 1.662270e-02 -1.106964e-05 -1.346737e-05 1.658860e-02 -1.136578e-05 -2.587720e-07 3.409428e-05 2.961455e-07
528            -1.414294e-05 1.661765e-02 -1.019614e-05 -1.392255e-05 1.658348e-02 -1.050207e-05 -2.203911e-07 3.416408e-05 3.059268e-07
529            -1.419537e-05 1.661452e-02 -9.523390e-06 -1.402824e-05 1.658041e-02 -9.838757e-06 -1.671276e-07 3.410835e-05 3.153665e-07
530            -1.355567e-05 1.660597e-02 -8.704610e-06 -1.340373e-05 1.657189e-02 -8.959140e-06 -1.519337e-07 3.408294e-05 2.545299e-07
531            -1.318435e-05 1.660294e-02 -8.001289e-06 -1.306786e-05 1.656900e-02 -8.215511e-06 -1.164948e-07 3.394571e-05 2.142228e-07
532            -1.230997e-05 1.659178e-02 -6.450856e-06 -1.221012e-05 1.655774e-02 -6.664588e-06 -9.985368e-08 3.404662e-05 2.137323e-07
533            -1.273974e-05 1.659542e-02 -7.246400e-06 -1.268250e-05 1.656137e-02 -7.476391e-06 -5.723857e-08 3.404623e-05 2.299908e-07
534            -1.306744e-05 1.658563e-02 -6.769170e-06 -1.302409e-05 1.655161e-02 -6.899477e-06 -4.334328e-08 3.401905e-05 1.303066e-07
535            -1.241599e-05 1.658794e-02 -7.113533e-06 -1.239724e-05 1.655404e-02 -7.214414e-06 -1.874548e-08 3.389697e-05 1.008808e-07
536            -1.244725e-05 1.658109e-02 -5.641560e-06 -1.244838e-05 1.654711e-02 -5.700913e-06 1.124659e-09 3.397995e-05 5.935305e-08
537            -1.193137e-05 1.657631e-02 -6.218256e-06 -1.198617e-05 1.654231e-02 -6.337820e-06 5.479922e-08 3.400063e-05 1.195638e-07
538            -1.257883e-05 1.657224e-02 -5.329434e-06 -1.263588e-05 1.653827e-02 -5.381063e-06 5.704897e-08 3.396688e-05 5.162842e-08
539            -1.216801e-05 1.656742e-02 -6.570439e-06 -1.225171e-05 1.653352e-02 -6.593375e-06 8.369595e-08 3.389434e-05 2.293634e-08
540            -1.286493e-05 1.656357e-02 -6.186014e-06 -1.298686e-05 1.652956e-02 -6.141894e-06 1.219354e-07 3.401120e-05 -4.412051e-08
541            -1.259823e-05 1.655821e-02 -7.933083e-06 -1.275715e-05 1.652415e-02 -7.918168e-06 1.589142e-07 3.406002e-05 -1.491473e-08
542            -1.338226e-05 1.655485e-02 -7.560273e-06 -1.353581e-05 1.652092e-02 -7.468365e-06 1.535463e-07 3.393297e-05 -9.190767e-08
543            -1.329346e-05 1.654811e-02 -9.847008e-06 -1.348193e-05 1.651413e-02 -9.732546e-06 1.884679e-07 3.397612e-05 -1.144617e-07
544            -1.340914e-05 1.654729e-02 -8.765746e-06 -1.362408e-05 1.651320e-02 -8.661952e-06 2.149443e-07 3.409112e-05 -1.037934e-07
545            -1.156877e-05 1.654695e-02 -9.384949e-06 -1.181244e-05 1.651285e-02 -9.229895e-06 2.436729e-07 3.410171e-05 -1.550546e-07
546            -1.145859e-05 1.654850e-02 -7.813956e-06 -1.170190e-05 1.651448e-02 -7.654687e-06 2.433051e-07 3.401271e-05 -1.592688e-07
547            -1.061958e-05 1.654425e-02 -9.294796e-06 -1.090255e-05 1.651021e-02 -9.142209e-06 2.829752e-07 3.404596e-05 -1.525866e-07
548            -1.107332e-05 1.654184e-02 -8.797599e-06 -1.136957e-05 1.650775e-02 -8.597375e-06 2.962414e-07 3.409014e-05 -2.002237e-07
549            -1.113327e-05 1.653356e-02 -1.165393e-05 -1.146033e-05 1.649948e-02 -1.143991e-05 3.270607e-07 3.408588e-05 -2.140210e-07
550            -9.318836e-06 1.654026e-02 -8.621619e-06 -9.637315e-06 1.650612e-02 -8.396961e-06 3.184797e-07 3.413665e-05 -2.246577e-07
551            -7.239389e-06 1.653668e-02 -9.813810e-06 -7.555070e-06 1.650262e-02 -9.540226e-06 3.156811e-07 3.405857e-05 -2.735833e-07
552            -6.624841e-06 1.653914e-02 -8.583388e-06 -6.946354e-06 1.650504e-02 -8.324707e-06 3.215130e-07 3.409646e-05 -2.586804e-07
553            -5.206309e-06 1.653695e-02 -9.619451e-06 -5.535971e-06 1.650281e-02 -9.374333e-06 3.296618e-07 3.413970e-05 -2.451187e-07
554            -4.506085e-06 1.653781e-02 -8.476837e-06 -4.819021e-06 1.650370e-02 -8.240099e-06 3.129364e-07 3.410671e-05 -2.367385e-07
555            -3.466246e-06 1.653369e-02 -9.916831e-06 -3.778389e-06 1.649948e-02 -9.572916e-06 3.121429e-07 3.420476e-05 -3.439155e-07
556            -2.699306e-06 1.653348e-02 -8.949396e-06 -3.018161e-06 1.649925e-02 -8.630295e-06 3.188555e-07 3.423156e-05 -3.191011e-07
557            -1.642361e-06 1.653234e-02 -9.710663e-06 -1.965820e-06 1.649814e-02 -9.423914e-06 3.234586e-07 3.419793e-05 -2.867486e-07
558            -1.125499e-06 1.653130e-02 -9.146854e-06 -1.433097e-06 1.649715e-02 -8.868988e-06 3.075978e-07 3.414647e-05 -2.778668e-07
559            -7.246433e-08 1.652928e-02 -9.824583e-06 -3.597488e-07 1.649508e-02 -9.528734e-06 2.872845e-07 3.420167e-05 -2.958492e-07
560            3.583682e-07 1.653036e-02 -9.388183e-06 8.650796e-08 1.649614e-02 -9.089723e-06 2.718602e-07 3.422186e-05 -2.984593e-07
561            1.098477e-06 1.652980e-02 -9.672980e-06 8.403135e-07 1.649550e-02 -9.381393e-06 2.581635e-07 3.430405e-05 -2.915869e-07
562            1.821512e-06 1.652818e-02 -9.846897e-06 1.585588e-06 1.649392e-02 -9.517681e-06 2.359239e-07 3.425732e-05 -3.292165e-07
563            2.604470e-06 1.652807e-02 -1.006400e-05 2.379108e-06 1.649384e-02 -9.729493e-06 2.253611e-07 3.422462e-05 -3.345112e-07
564            3.240712e-06 1.652727e-02 -1.017129e-05 3.040359e-06 1.649304e-02 -9.868924e-06 2.003535e-07 3.422666e-05 -3.023636e-07
565            3.880211e-06 1.652814e-02 -1.013612e-05 3.689415e-06 1.649382e-02 -9.834295e-06 1.907960e-07 3.431987e-05 -3.018232e-07
566            4.420966e-06 1.652730e-02 -1.018936e-05 4.247070e-06 1.649306e-02 -9.891721e-06 1.738967e-07 3.423981e-05 -2.976353e-07
567            4.992476e-06 1.652806e-02 -1.014926e-05 4.830215e-06 1.649375e-02 -9.784651e-06 1.622609e-07 3.431526e-05 -3.646039e-07
568            5.483461e-06 1.652792e-02 -9.983323e-06 5.341960e-06 1.649350e-02 -9.650267e-06 1.415014e-07 3.442581e-05 -3.330565e-07
569            6.083631e-06 1.652800e-02 -9.801636e-06 5.969322e-06 1.649360e-02 -9.472908e-06 1.143091e-07 3.439656e-05 -3.287273e-07
570            6.538906e-06 1.652757e-02 -9.474531e-06 6.455333e-06 1.649330e-02 -9.195661e-06 8.357300e-08 3.426887e-05 -2.788697e-07
571            6.920105e-06 1.652790e-02 -9.135430e-06 6.848168e-06 1.649352e-02 -8.831581e-06 7.193758e-08 3.437665e-05 -3.038489e-07
572            7.307468e-06 1.652777e-02 -8.710257e-06 7.248843e-06 1.649340e-02 -8.399200e-06 5.862505e-08 3.436417e-05 -3.110574e-07
573            6.924439e-06 1.652949e-02 -7.434795e-06 6.872216e-06 1.649504e-02 -7.122969e-06 5.222292e-08 3.445439e-05 -3.118254e-07
574            7.943507e-06 1.652797e-02 -7.514443e-06 7.922776e-06 1.649357e-02 -7.171554e-06 2.073157e-08 3.440037e-05 -3.428888e-07
575            7.784446e-06 1.652935e-02 -6.376534e-06 7.771125e-06 1.649492e-02 -6.021434e-06 1.332071e-08 3.442865e-05 -3.551003e-07
576            8.022424e-06 1.652943e-02 -5.511678e-06 8.018813e-06 1.649501e-02 -5.223330e-06 3.610521e-09 3.442292e-05 -2.883482e-07
577            8.349705e-06 1.652957e-02 -4.780227e-06 8.362479e-06 1.649506e-02 -4.499826e-06 -1.277391e-08 3.450147e-05 -2.804006e-07
578            8.666057e-06 1.652960e-02 -3.959753e-06 8.696898e-06 1.649522e-02 -3.715451e-06 -3.084127e-08 3.437791e-05 -2.443023e-07
579            9.009052e-06 1.653009e-02 -3.251439e-06 9.044306e-06 1.649564e-02 -2.928405e-06 -3.525356e-08 3.445351e-05 -3.230340e-07
580            9.258837e-06 1.653081e-02 -2.313800e-06 9.321991e-06 1.649634e-02 -2.014264e-06 -6.315466e-08 3.447309e-05 -2.995355e-07
581            9.546884e-06 1.653153e-02 -1.457329e-06 9.623610e-06 1.649707e-02 -1.163978e-06 -7.672610e-08 3.445626e-05 -2.933518e-07
582            9.637144e-06 1.653311e-02 -5.874159e-07 9.730479e-06 1.649875e-02 -3.504973e-07 -9.333577e-08 3.435860e-05 -2.369186e-07
583            9.252529e-06 1.653644e-02 8.654367e-08 9.351056e-06 1.650202e-02 3.396320e-07 -9.852760e-08 3.441705e-05 -2.530883e-07
584            8.843181e-06 1.653859e-02 7.817025e-07 8.964388e-06 1.650414e-02 1.045539e-06 -1.212077e-07 3.445193e-05 -2.638361e-07
585            8.425875e-06 1.654101e-02 1.340076e-06 8.554050e-06 1.650653e-02 1.624268e-06 -1.281753e-07 3.447785e-05 -2.841911e-07
586            7.835584e-06 1.653492e-02 1.681917e-06 7.972336e-06 1.650052e-02 1.981820e-06 -1.367514e-07 3.439944e-05 -2.999035e-07
587            7.468222e-06 1.654234e-02 2.087209e-06 7.611884e-06 1.650792e-02 2.331107e-06 -1.436626e-07 3.442011e-05 -2.438973e-07
588            6.875985e-06 1.653533e-02 1.935169e-06 7.035973e-06 1.650101e-02 2.221919e-06 -1.599878e-07 3.432755e-05 -2.867500e-07
589            7.289581e-06 1.654716e-02 3.321214e-06 7.454833e-06 1.651279e-02 3.619116e-06 -1.652524e-07 3.436725e-05 -2.979014e-07
590            7.291428e-06 1.654559e-02 4.137652e-06 7.459939e-06 1.651129e-02 4.425007e-06 -1.685112e-07 3.429899e-05 -2.873553e-07
591            7.067593e-06 1.655188e-02 4.763631e-06 7.259797e-06 1.651757e-02 5.055258e-06 -1.922047e-07 3.430312e-05 -2.916264e-07
592            7.306049e-06 1.654925e-02 5.775437e-06 7.504027e-06 1.651492e-02 6.155352e-06 -1.979777e-07 3.433392e-05 -3.799155e-07
593            9.442106e-06 1.656411e-02 8.486225e-06 9.649366e-06 1.652984e-02 8.767517e-06 -2.072595e-07 3.426657e-05 -2.812920e-07
594            8.634301e-06 1.656278e-02 9.432547e-06 8.837851e-06 1.652858e-02 9.673449e-06 -2.035494e-07 3.420539e-05 -2.409026e-07
595            7.944772e-06 1.656754e-02 1.029320e-05 8.151917e-06 1.653330e-02 1.050646e-05 -2.071447e-07 3.424128e-05 -2.132654e-07
596            7.404735e-06 1.656690e-02 1.076584e-05 7.636805e-06 1.653265e-02 1.105948e-05 -2.320699e-07 3.425135e-05 -2.936396e-07
597            6.556884e-06 1.657224e-02 1.176109e-05 6.798075e-06 1.653803e-02 1.201869e-05 -2.411907e-07 3.420626e-05 -2.576049e-07
598            7.019860e-06 1.657201e-02 1.159285e-05 7.243684e-06 1.653790e-02 1.184578e-05 -2.238236e-07 3.411690e-05 -2.529325e-07
599            6.384051e-06 1.657625e-02 1.292378e-05 6.597623e-06 1.654219e-02 1.315291e-05 -2.135722e-07 3.405528e-05 -2.291318e-07
600            6.548674e-06 1.657523e-02 1.240017e-05 6.760532e-06 1.654111e-02 1.258662e-05 -2.118578e-07 3.412408e-05 -1.864550e-07
601            5.978285e-06 1.657852e-02 1.315835e-05 6.191948e-06 1.654447e-02 1.337980e-05 -2.136635e-07 3.404734e-05 -2.214530e-07
602            5.807889e-06 1.657830e-02 1.289056e-05 6.021833e-06 1.654427e-02 1.314080e-05 -2.139440e-07 3.402673e-05 -2.502435e-07
603            4.994573e-06 1.658105e-02 1.363419e-05 5.211834e-06 1.654707e-02 1.381673e-05 -2.172613e-07 3.398042e-05 -1.825396e-07
604            4.642242e-06 1.657961e-02 1.304477e-05 4.846668e-06 1.654557e-02 1.324918e-05 -2.044254e-07 3.404259e-05 -2.044167e-07
605            3.863022e-06 1.658111e-02 1.308874e-05 4.061903e-06 1.654721e-02 1.337327e-05 -1.988810e-07 3.389311e-05 -2.845283e-07
606            3.186671e-06 1.657983e-02 1.270029e-05 3.381981e-06 1.654592e-02 1.296705e-05 -1.953103e-07 3.390664e-05 -2.667597e-07
607            2.517073e-06 1.658054e-02 1.245968e-05 2.707712e-06 1.654662e-02 1.272825e-05 -1.906389e-07 3.391890e-05 -2.685614e-07
608            1.968952e-06 1.657801e-02 1.147326e-05 2.150882e-06 1.654414e-02 1.175685e-05 -1.819303e-07 3.387080e-05 -2.835951e-07
609            1.127651e-06 1.657858e-02 1.130692e-05 1.301612e-06 1.654475e-02 1.156098e-05 -1.739611e-07 3.383465e-05 -2.540599e-07
610            5.089201e-07 1.657641e-02 1.053233e-05 6.632838e-07 1.654260e-02 1.080491e-05 -1.543636e-07 3.381564e-05 -2.725759e-07
611            -6.832428e-08 1.657790e-02 1.063486e-05 8.176368e-08 1.654414e-02 1.093782e-05 -1.500880e-07 3.375812e-05 -3.029589e-07
612            -3.701163e-07 1.657666e-02 9.894210e-06 -2.344534e-07 1.654284e-02 1.025667e-05 -1.356629e-07 3.381174e-05 -3.624575e-07
613            -1.160346e-06 1.657700e-02 1.008464e-05 -1.037520e-06 1.654324e-02 1.044324e-05 -1.228260e-07 3.376062e-05 -3.586003e-07
614            -1.099079e-06 1.657634e-02 1.072294e-05 -9.974904e-07 1.654258e-02 1.112507e-05 -1.015888e-07 3.375699e-05 -4.021272e-07
615            -2.999489e-07 1.657931e-02 1.143629e-05 -1.943402e-07 1.654567e-02 1.180785e-05 -1.056087e-07 3.364379e-05 -3.715527e-07
616            3.916370e-07 1.657971e-02 1.266699e-05 4.883674e-07 1.654603e-02 1.302920e-05 -9.673044e-08 3.368297e-05 -3.622138e-07
617            1.676440e-06 1.658153e-02 1.282284e-05 1.772832e-06 1.654799e-02 1.320243e-05 -9.639207e-08 3.353920e-05 -3.795930e-07
618            1.422941e-06 1.656959e-02 1.434506e-05 1.509440e-06 1.653601e-02 1.468609e-05 -8.649917e-08 3.357770e-05 -3.410281e-07
619            2.172711e-06 1.657987e-02 1.392814e-05 2.286980e-06 1.654633e-02 1.428134e-05 -1.142686e-07 3.353910e-05 -3.531991e-07
620            8.432079e-07 1.656834e-02 1.434221e-05 9.567854e-07 1.653472e-02 1.470929e-05 -1.135775e-07 3.361771e-05 -3.670779e-07
621            1.772354e-06 1.657983e-02 1.405699e-05 1.877340e-06 1.654641e-02 1.443833e-05 -1.049862e-07 3.341817e-05 -3.813320e-07
622            6.108796e-07 1.656889e-02 1.395534e-05 7.061719e-07 1.653540e-02 1.424325e-05 -9.529230e-08 3.348879e-05 -2.879107e-07
623            1.458932e-06 1.657661e-02 1.324456e-05 1.557210e-06 1.654318e-02 1.362215e-05 -9.827833e-08 3.343400e-05 -3.775923e-07
624            -2.609335e-07 1.656544e-02 1.250928e-05 -1.690025e-07 1.653202e-02 1.283972e-05 -9.193098e-08 3.342461e-05 -3.304430e-07
625            1.306668e-06 1.657421e-02 1.231245e-05 1.397346e-06 1.654093e-02 1.268279e-05 -9.067714e-08 3.327735e-05 -3.703441e-07
626            -6.155734e-08 1.656847e-02 1.128244e-05 3.298642e-08 1.653507e-02 1.161726e-05 -9.454376e-08 3.339835e-05 -3.348204e-07
627            7.005757e-07 1.657315e-02 1.002083e-05 8.008296e-07 1.653984e-02 1.029751e-05 -1.002539e-07 3.330745e-05 -2.766810e-07
628            3.862315e-07 1.656808e-02 1.025984e-05 4.757579e-07 1.653479e-02 1.051964e-05 -8.952645e-08 3.329695e-05 -2.598010e-07
629            1.363458e-06 1.657075e-02 8.326080e-06 1.452441e-06 1.653749e-02 8.720817e-06 -8.898201e-08 3.325471e-05 -3.947366e-07
630            6.999346e-07 1.656342e-02 7.451218e-06 7.876152e-07 1.653005e-02 7.795803e-06 -8.768060e-08 3.336350e-05 -3.445849e-07
631            1.209977e-06 1.656797e-02 5.785045e-06 1.311022e-06 1.653471e-02 6.078166e-06 -1.010443e-07 3.325470e-05 -2.931215e-07
632            2.385845e-07 1.656034e-02 4.352212e-06 3.288948e-07 1.652706e-02 4.683728e-06 -9.031034e-08 3.327689e-05 -3.315165e-07
633            8.624895e-07 1.656478e-02 2.773446e-06 9.472872e-07 1.653159e-02 3.122587e-06 -8.479770e-08 3.319550e-05 -3.491413e-07
634            6.340348e-07 1.655784e-02 1.435197e-06 7.289185e-07 1.652452e-02 1.741237e-06 -9.488372e-08 3.332572e-05 -3.060406e-07
635            4.331005e-07 1.656096e-02 1.118057e-07 5.238633e-07 1.652773e-02 4.324130e-07 -9.076283e-08 3.322991e-05 -3.206073e-07
636            -1.667466e-07 1.655513e-02 -1.243022e-06 -7.968949e-08 1.652193e-02 -9.210309e-07 -8.705708e-08 3.319653e-05 -3.219911e-07
637            -1.937653e-06 1.655547e-02 -4.075616e-06 -1.847241e-06 1.652229e-02 -3.725143e-06 -9.041248e-08 3.318130e-05 -3.504732e-07
638            -2.524358e-06 1.655131e-02 -4.730992e-06 -2.451132e-06 1.651796e-02 -4.414006e-06 -7.322634e-08 3.334921e-05 -3.169862e-07
639            -3.284953e-06 1.655471e-02 -6.427367e-06 -3.218037e-06 1.652143e-02 -6.088275e-06 -6.691614e-08 3.328454e-05 -3.390928e-07
640            -4.180269e-06 1.655099e-02 -7.345180e-06 -4.143570e-06 1.651773e-02 -7.046291e-06 -3.669902e-08 3.326297e-05 -2.988888e-07
641            -4.832229e-06 1.655367e-02 -8.971016e-06 -4.826276e-06 1.652047e-02 -8.677811e-06 -5.952412e-09 3.319936e-05 -2.932054e-07
642            -5.384692e-06 1.654917e-02 -9.542154e-06 -5.384959e-06 1.651592e-02 -9.279509e-06 2.670056e-10 3.325074e-05 -2.626459e-07
643            -5.504362e-06 1.655329e-02 -1.154208e-05 -5.510666e-06 1.652002e-02 -1.112732e-05 6.304281e-09 3.327021e-05 -4.147544e-07
644            -7.143559e-06 1.655228e-02 -1.301156e-05 -7.173105e-06 1.651899e-02 -1.269180e-05 2.954561e-08 3.329433e-05 -3.197631e-07
645            -7.346095e-06 1.655467e-02 -1.381606e-05 -7.397309e-06 1.652142e-02 -1.352806e-05 5.121354e-08 3.324989e-05 -2.880033e-07
646            -6.901888e-06 1.655492e-02 -1.386673e-05 -6.953314e-06 1.652158e-02 -1.358960e-05 5.142581e-08 3.333800e-05 -2.771215e-07
647            -7.042039e-06 1.655789e-02 -1.464250e-05 -7.122681e-06 1.652470e-02 -1.437399e-05 8.064193e-08 3.319413e-05 -2.685111e-07
648            -6.534701e-06 1.655858e-02 -1.454398e-05 -6.617304e-06 1.652532e-02 -1.422384e-05 8.260302e-08 3.326437e-05 -3.201425e-07
649            -6.326077e-06 1.656235e-02 -1.509815e-05 -6.411713e-06 1.652907e-02 -1.474896e-05 8.563579e-08 3.327972e-05 -3.491882e-07
650            -5.795126e-06 1.656316e-02 -1.459643e-05 -5.881777e-06 1.652981e-02 -1.426101e-05 8.665140e-08 3.335040e-05 -3.354251e-07
651            -5.099886e-06 1.656743e-02 -1.469715e-05 -5.192707e-06 1.653421e-02 -1.441558e-05 9.282124e-08 3.321981e-05 -2.815610e-07
652            -4.392921e-06 1.656812e-02 -1.375622e-05 -4.496256e-06 1.653482e-02 -1.352693e-05 1.033357e-07 3.329856e-05 -2.292873e-07
653            -3.295338e-06 1.657285e-02 -1.361077e-05 -3.404616e-06 1.653962e-02 -1.330688e-05 1.092780e-07 3.322604e-05 -3.038850e-07
654            -1.405867e-06 1.656917e-02 -1.106912e-05 -1.504480e-06 1.653588e-02 -1.082176e-05 9.861293e-08 3.329158e-05 -2.473618e-07
655            -7.985208e-07 1.657631e-02 -1.133033e-05 -8.735287e-07 1.654312e-02 -1.103456e-05 7.500789e-08 3.319062e-05 -2.957689e-07
656            1.372338e-07 1.657661e-02 -1.032070e-05 7.516559e-08 1.654332e-02 -1.003145e-05 6.206825e-08 3.328934e-05 -2.892551e-07
657            9.960928e-07 1.658193e-02 -9.894327e-06 9.349926e-07 1.654872e-02 -9.576446e-06 6.110013e-08 3.320841e-05 -3.178812e-07
658            1.836325e-06 1.658239e-02 -8.795158e-06 1.791402e-06 1.654913e-02 -8.556528e-06 4.492381e-08 3.325409e-05 -2.386306e-07
659            2.654606e-06 1.658769e-02 -8.222292e-06 2.643282e-06 1.655460e-02 -8.021906e-06 1.132411e-08 3.308964e-05 -2.003859e-07
660            3.626376e-06 1.658712e-02 -7.080502e-06 3.619254e-06 1.655398e-02 -6.910907e-06 7.121878e-09 3.314091e-05 -1.695946e-07
661            4.285799e-06 1.659289e-02 -6.478409e-06 4.311134e-06 1.655978e-02 -6.156958e-06 -2.533503e-08 3.310891e-05 -3.214505e-07
662            5.141621e-06 1.659160e-02 -5.238924e-06 5.181089e-06 1.655839e-02 -5.010664e-06 -3.946864e-08 3.321621e-05 -2.282599e-07
663            5.360230e-06 1.659959e-02 -4.591658e-06 5.411263e-06 1.656655e-02 -4.405849e-06 -5.103296e-08 3.304397e-05 -1.858088e-07
664            6.015844e-06 1.659733e-02 -3.576345e-06 6.096006e-06 1.656427e-02 -3.450200e-06 -8.016191e-08 3.306404e-05 -1.261450e-07
665            6.404131e-06 1.660513e-02 -2.594174e-06 6.507840e-06 1.657209e-02 -2.445109e-06 -1.037097e-07 3.303273e-05 -1.490650e-07
666            7.173628e-06 1.660128e-02 -1.521607e-06 7.289874e-06 1.656825e-02 -1.376682e-06 -1.162458e-07 3.302787e-05 -1.449247e-07
667            7.479369e-06 1.660886e-02 -7.730620e-07 7.614346e-06 1.657589e-02 -5.970608e-07 -1.349772e-07 3.296510e-05 -1.760012e-07
668            8.158221e-06 1.660440e-02 4.353702e-07 8.316713e-06 1.657143e-02 4.996793e-07 -1.584919e-07 3.296789e-05 -6.430904e-08
669            7.966755e-06 1.661238e-02 8.186552e-07 8.139313e-06 1.657944e-02 9.113252e-07 -1.725575e-07 3.293418e-05 -9.267000e-08
670            8.746633e-06 1.660729e-02 1.871588e-06 8.934221e-06 1.657437e-02 1.942094e-06 -1.875876e-07 3.292262e-05 -7.050668e-08
671            7.847658e-06 1.661807e-02 1.209233e-06 8.056341e-06 1.658520e-02 1.361470e-06 -2.086834e-07 3.287231e-05 -1.522368e-07
672            7.720837e-06 1.661789e-02 1.117330e-06 7.926187e-06 1.658508e-02 1.237800e-06 -2.053506e-07 3.280615e-05 -1.204699e-07
673            7.574861e-06 1.662140e-02 1.222453e-06 7.773603e-06 1.658857e-02 1.361985e-06 -1.987411e-07 3.283289e-05 -1.395324e-07
674            7.398965e-06 1.662095e-02 1.020149e-06 7.614412e-06 1.658808e-02 1.171430e-06 -2.154475e-07 3.286945e-05 -1.512802e-07
675            7.186917e-06 1.662432e-02 1.235095e-06 7.398541e-06 1.659156e-02 1.397630e-06 -2.116235e-07 3.275870e-05 -1.625348e-07
676            6.974989e-06 1.662282e-02 1.238591e-06 7.199897e-06 1.658999e-02 1.337604e-06 -2.249079e-07 3.283013e-05 -9.901271e-08
677            6.828891e-06 1.662609e-02 1.345815e-06 7.050199e-06 1.659340e-02 1.508873e-06 -2.213081e-07 3.269017e-05 -1.630583e-07
678            6.585498e-06 1.662473e-02 1.537271e-06 6.833608e-06 1.659202e-02 1.694152e-06 -2.481098e-07 3.270455e-05 -1.568811e-07
679            6.394292e-06 1.662707e-02 1.745354e-06 6.630577e-06 1.659444e-02 1.894633e-06 -2.362848e-07 3.262521e-05 -1.492784e-07
680            6.230359e-06 1.662605e-02 1.950621e-06 6.458384e-06 1.659334e-02 2.039050e-06 -2.280249e-07 3.270535e-05 -8.842957e-08
681            6.036591e-06 1.662729e-02 2.024157e-06 6.263998e-06 1.659457e-02 2.247389e-06 -2.274077e-07 3.272345e-05 -2.232318e-07
682            5.928172e-06 1.662659e-02 2.197577e-06 6.173349e-06 1.659387e-02 2.339732e-06 -2.451768e-07 3.272249e-05 -1.421547e-07
683            5.799976e-06 1.662636e-02 2.451530e-06 6.040525e-06 1.659373e-02 2.568771e-06 -2.405490e-07 3.262149e-05 -1.172411e-07
684            5.732398e-06 1.662577e-02 2.515258e-06 5.972462e-06 1.659317e-02 2.626414e-06 -2.400645e-07 3.259715e-05 -1.111565e-07
685            5.610420e-06 1.662476e-02 2.642656e-06 5.862929e-06 1.659212e-02 2.855584e-06 -2.525085e-07 3.264220e-05 -2.129289e-07
686            5.652157e-06 1.662394e-02 2.680712e-06 5.898876e-06 1.659134e-02 2.837561e-06 -2.467187e-07 3.260399e-05 -1.568490e-07
687            5.518280e-06 1.662252e-02 3.018074e-06 5.758437e-06 1.658999e-02 3.107186e-06 -2.401570e-07 3.252793e-05 -8.911156e-08
688            5.530600e-06 1.662168e-02 2.738689e-06 5.784761e-06 1.658906e-02 2.839373e-06 -2.541612e-07 3.261834e-05 -1.006842e-07
689            5.112158e-06 1.661946e-02 3.049915e-06 5.364340e-06 1.658682e-02 3.269246e-06 -2.521822e-07 3.263789e-05 -2.193311e-07
690            5.048434e-06 1.661691e-02 2.741668e-06 5.295831e-06 1.658437e-02 2.825295e-06 -2.473969e-07 3.254474e-05 -8.362759e-08
691            4.282420e-06 1.661366e-02 3.065294e-06 4.531525e-06 1.658111e-02 3.266629e-06 -2.491046e-07 3.255484e-05 -2.013356e-07
692            3.214597e-06 1.660488e-02 1.757406e-06 3.443943e-06 1.657232e-02 1.941448e-06 -2.293458e-07 3.255979e-05 -1.840428e-07
693            2.366035e-06 1.660201e-02 1.742035e-06 2.586102e-06 1.656949e-02 1.987963e-06 -2.200677e-07 3.252665e-05 -2.459273e-07
694            2.343563e-06 1.659647e-02 9.742816e-07 2.553967e-06 1.656391e-02 1.171091e-06 -2.104040e-07 3.256507e-05 -1.968099e-07
695            3.190448e-06 1.659537e-02 1.994268e-06 3.416445e-06 1.656284e-02 2.220328e-06 -2.259969e-07 3.253189e-05 -2.260603e-07
696            2.733006e-06 1.658939e-02 1.272874e-06 2.950891e-06 1.655686e-02 1.502955e-06 -2.178853e-07 3.253694e-05 -2.300801e-07
697            2.784315e-06 1.658480e-02 1.395439e-06 3.005389e-06 1.655225e-02 1.747009e-06 -2.210744e-07 3.254371e-05 -3.515707e-07
698            2.504216e-06 1.657960e-02 1.173379e-06 2.713936e-06 1.654706e-02 1.479859e-06 -2.097199e-07 3.253818e-05 -3.064804e-07
699            2.493660e-06 1.657436e-02 1.124246e-06 2.716556e-06 1.654178e-02 1.440315e-06 -2.228956e-07 3.258025e-05 -3.160692e-07
700            1.950568e-06 1.656861e-02 6.986694e-07 2.177037e-06 1.653603e-02 1.017893e-06 -2.264688e-07 3.258217e-05 -3.192240e-07
701            1.726340e-06 1.656294e-02 6.592678e-07 1.945020e-06 1.653034e-02 1.030465e-06 -2.186800e-07 3.260558e-05 -3.711975e-07
702            1.518705e-06 1.655647e-02 5.389015e-08 1.725394e-06 1.652390e-02 3.492948e-07 -2.066896e-07 3.257619e-05 -2.954047e-07
703            1.204632e-06 1.655097e-02 -4.138981e-07 1.414394e-06 1.651837e-02 7.114745e-08 -2.097620e-07 3.259444e-05 -4.850456e-07
704            1.605195e-06 1.654729e-02 1.259536e-07 1.817477e-06 1.651466e-02 5.002655e-07 -2.122818e-07 3.263247e-05 -3.743120e-07
705            1.571976e-06 1.654279e-02 1.176142e-07 1.786822e-06 1.651011e-02 5.178307e-07 -2.148459e-07 3.268238e-05 -4.002165e-07
706            1.381877e-06 1.653747e-02 2.379536e-07 1.599152e-06 1.650478e-02 6.612314e-07 -2.172752e-07 3.268415e-05 -4.232778e-07
707            1.331536e-06 1.653303e-02 -1.315532e-08 1.553072e-06 1.650032e-02 4.100551e-07 -2.215363e-07 3.271419e-05 -4.232104e-07
708            1.338978e-06 1.653051e-02 8.977490e-07 1.555611e-06 1.649773e-02 1.212805e-06 -2.166332e-07 3.278536e-05 -3.150559e-07
709            1.345566e-06 1.652733e-02 6.835727e-07 1.561592e-06 1.649457e-02 1.102588e-06 -2.160257e-07 3.275204e-05 -4.190154e-07
710            1.195662e-06 1.652469e-02 1.338787e-06 1.405018e-06 1.649196e-02 1.758904e-06 -2.093560e-07 3.272874e-05 -4.201166e-07
711            1.291790e-06 1.652170e-02 1.612348e-06 1.502914e-06 1.648892e-02 2.019562e-06 -2.111236e-07 3.277874e-05 -4.072135e-07
712            8.009255e-07 1.651815e-02 1.903309e-06 1.018016e-06 1.648536e-02 2.275502e-06 -2.170904e-07 3.278806e-05 -3.721929e-07
713            4.561100e-07 1.651426e-02 1.451454e-06 6.707697e-07 1.648144e-02 1.846034e-06 -2.146597e-07 3.281614e-05 -3.945793e-07
714            -1.167065e-07 1.651163e-02 1.681225e-06 8.631565e-08 1.647878e-02 2.015336e-06 -2.030221e-07 3.285027e-05 -3.341117e-07
715            -1.297436e-07 1.650978e-02 1.435926e-06 7.081585e-08 1.647697e-02 1.863536e-06 -2.005594e-07 3.280326e-05 -4.276099e-07
716            -3.471052e-07 1.650915e-02 2.107067e-06 -1.600132e-07 1.647634e-02 2.542250e-06 -1.870920e-07 3.281226e-05 -4.351828e-07
717            -3.027426e-07 1.650846e-02 2.302243e-06 -1.266383e-07 1.647561e-02 2.739851e-06 -1.761043e-07 3.285023e-05 -4.376079e-07
718            -4.070286e-07 1.650797e-02 2.778691e-06 -2.208208e-07 1.647513e-02 3.147294e-06 -1.862078e-07 3.283504e-05 -3.686028e-07
719            -2.904194e-07 1.650757e-02 2.663200e-06 -1.148475e-07 1.647478e-02 3.094988e-06 -1.755719e-07 3.278740e-05 -4.317883e-07
720            -4.425083e-07 1.650808e-02 3.178397e-06 -2.719605e-07 1.647525e-02 3.581046e-06 -1.705478e-07 3.283614e-05 -4.026496e-07
721            1.240447e-07 1.650965e-02 3.521431e-06 2.907253e-07 1.647684e-02 3.882953e-06 -1.666806e-07 3.280763e-05 -3.615222e-07
722            -3.559145e-07 1.650922e-02 3.410229e-06 -1.969209e-07 1.647634e-02 3.879291e-06 -1.589936e-07 3.287698e-05 -4.690614e-07
723            1.428053e-07 1.651043e-02 3.426913e-06 2.995805e-07 1.647756e-02 3.904481e-06 -1.567752e-07 3.287409e-05 -4.775683e-07
724            -2.718815e-07 1.651078e-02 3.496541e-06 -1.101198e-07 1.647794e-02 3.968665e-06 -1.617617e-07 3.284165e-05 -4.721247e-07
725            1.601554e-07 1.651151e-02 3.396684e-06 3.142075e-07 1.647868e-02 3.786710e-06 -1.540521e-07 3.283450e-05 -3.900259e-07
726            -2.648053e-07 1.651097e-02 3.510097e-06 -1.084978e-07 1.647816e-02 4.018312e-06 -1.563074e-07 3.281010e-05 -5.082150e-07
727            4.767817e-07 1.651402e-02 3.483131e-06 6.358212e-07 1.648124e-02 3.975412e-06 -1.590395e-07 3.278191e-05 -4.922817e-07
728            2.637214e-07 1.651258e-02 4.343258e-06 4.049427e-07 1.647972e-02 4.864020e-06 -1.412214e-07 3.285892e-05 -5.207622e-07
729            1.021832e-06 1.651864e-02 4.716254e-06 1.163186e-06 1.648584e-02 5.120304e-06 -1.413542e-07 3.280150e-05 -4.040491e-07
730            1.277386e-06 1.651674e-02 5.240765e-06 1.429173e-06 1.648403e-02 5.745138e-06 -1.517863e-07 3.270530e-05 -5.043729e-07
731            1.618844e-06 1.651812e-02 5.132049e-06 1.776077e-06 1.648537e-02 5.585969e-06 -1.572323e-07 3.275091e-05 -4.539203e-07
732            1.657275e-06 1.651887e-02 5.794347e-06 1.817003e-06 1.648609e-02 6.130913e-06 -1.597281e-07 3.277862e-05 -3.365666e-07
733            2.078734e-06 1.651884e-02 5.722454e-06 2.247089e-06 1.648612e-02 6.054222e-06 -1.683551e-07 3.272509e-05 -3.317688e-07
734            2.357034e-06 1.651871e-02 6.329760e-06 2.523246e-06 1.648597e-02 6.739247e-06 -1.662114e-07 3.273847e-05 -4.094874e-07
735            1.920203e-06 1.652309e-02 5.153526e-06 2.098862e-06 1.649036e-02 5.565837e-06 -1.786594e-07 3.273288e-05 -4.123115e-07
736            1.951149e-06 1.652365e-02 5.551405e-06 2.137380e-06 1.649092e-02 5.856028e-06 -1.862304e-07 3.273247e-05 -3.046230e-07
737            1.948114e-06 1.652577e-02 4.907199e-06 2.136735e-06 1.649310e-02 5.204578e-06 -1.886211e-07 3.266827e-05 -2.973792e-07
738            1.835830e-06 1.652660e-02 4.867286e-06 2.021442e-06 1.649390e-02 5.146113e-06 -1.856117e-07 3.269287e-05 -2.788276e-07
739            1.613006e-06 1.653014e-02 3.802377e-06 1.800901e-06 1.649745e-02 4.147877e-06 -1.878952e-07 3.268437e-05 -3.455001e-07
740            1.243570e-06 1.653131e-02 3.323729e-06 1.428012e-06 1.649859e-02 3.551763e-06 -1.844423e-07 3.272100e-05 -2.280344e-07
741            8.426460e-07 1.653586e-02 2.158051e-06 1.036608e-06 1.650318e-02 2.338660e-06 -1.939621e-07 3.267414e-05 -1.806092e-07
742            4.524747e-07 1.653617e-02 1.159189e-06 6.376742e-07 1.650356e-02 1.466734e-06 -1.851994e-07 3.260908e-05 -3.075452e-07
743            -3.105392e-07 1.654162e-02 -1.963595e-07 -1.419110e-07 1.650906e-02 8.926336e-08 -1.686282e-07 3.256286e-05 -2.856228e-07
744            -1.266424e-06 1.654124e-02 -9.792125e-07 -1.099534e-06 1.650862e-02 -8.226082e-07 -1.668901e-07 3.261704e-05 -1.566044e-07
745            -2.405841e-06 1.654810e-02 -2.549973e-06 -2.254965e-06 1.651555e-02 -2.379079e-06 -1.508769e-07 3.255021e-05 -1.708942e-07
746            -3.270854e-06 1.654747e-02 -3.591808e-06 -3.128778e-06 1.651492e-02 -3.373546e-06 -1.420758e-07 3.255028e-05 -2.182622e-07
747            -4.239254e-06 1.655456e-02 -4.921838e-06 -4.115971e-06 1.652202e-02 -4.661335e-06 -1.232834e-07 3.253733e-05 -2.605029e-07
748            -4.654886e-06 1.655333e-02 -5.666564e-06 -4.538950e-06 1.652089e-02 -5.438075e-06 -1.159359e-07 3.243959e-05 -2.284884e-07
749            -5.516882e-06 1.656033e-02 -6.424434e-06 -5.433989e-06 1.652791e-02 -6.290933e-06 -8.289308e-08 3.242576e-05 -1.335008e-07
750            -5.523939e-06 1.655862e-02 -7.027769e-06 -5.455841e-06 1.652624e-02 -6.790803e-06 -6.809808e-08 3.238935e-05 -2.369654e-07
751            -6.227876e-06 1.656549e-02 -7.490136e-06 -6.175274e-06 1.653308e-02 -7.184033e-06 -5.260244e-08 3.241127e-05 -3.061025e-07
752            -5.884192e-06 1.656297e-02 -7.649596e-06 -5.847839e-06 1.653055e-02 -7.396193e-06 -3.635353e-08 3.242089e-05 -2.534035e-07
753            -6.198802e-06 1.656907e-02 -7.291756e-06 -6.182784e-06 1.653675e-02 -7.049709e-06 -1.601839e-08 3.232433e-05 -2.420468e-07
754            -5.675124e-06 1.656596e-02 -7.234606e-06 -5.661753e-06 1.653374e-02 -6.952494e-06 -1.337096e-08 3.222505e-05 -2.821112e-07
755            -5.599808e-06 1.657170e-02 -6.260584e-06 -5.600163e-06 1.653942e-02 -5.960630e-06 3.550464e-10 3.228015e-05 -2.999542e-07
756            -4.604134e-06 1.656727e-02 -5.938927e-06 -4.617867e-06 1.653495e-02 -5.650662e-06 1.373317e-08 3.231521e-05 -2.882658e-07
757            -4.630542e-06 1.657397e-02 -4.880381e-06 -4.656697e-06 1.654177e-02 -4.598809e-06 2.615527e-08 3.220279e-05 -2.815729e-07
758            -3.577642e-06 1.656893e-02 -4.369473e-06 -3.598054e-06 1.653678e-02 -4.065295e-06 2.041239e-08 3.214864e-05 -3.041789e-07
759            -3.246782e-06 1.657514e-02 -2.884994e-06 -3.265521e-06 1.654295e-02 -2.570067e-06 1.873934e-08 3.219303e-05 -3.149266e-07
760            -1.789431e-06 1.657019e-02 -2.551221e-06 -1.816186e-06 1.653801e-02 -2.140873e-06 2.675516e-08 3.217654e-05 -4.103477e-07
761            -1.364689e-06 1.657402e-02 -1.714585e-06 -1.391524e-06 1.654189e-02 -1.396418e-06 2.683552e-08 3.212932e-05 -3.181675e-07
762            -5.597168e-07 1.657336e-02 -1.435007e-06 -5.662976e-07 1.654127e-02 -1.061949e-06 6.580810e-09 3.209305e-05 -3.730581e-07
763            -2.012154e-07 1.657535e-02 -7.479606e-07 -2.134318e-07 1.654329e-02 -3.390772e-07 1.221642e-08 3.206295e-05 -4.088834e-07
764            5.281120e-07 1.657477e-02 -3.430297e-07 5.298466e-07 1.654265e-02 -3.423079e-08 -1.734627e-09 3.212379e-05 -3.087989e-07
765            7.842773e-07 1.657688e-02 3.782000e-07 7.930972e-07 1.654480e-02 7.113893e-07 -8.819879e-09 3.208394e-05 -3.331893e-07
766            1.442129e-06 1.657535e-02 5.433133e-07 1.465534e-06 1.654332e-02 9.958669e-07 -2.340572e-08 3.203556e-05 -4.525535e-07
767            1.563788e-06 1.657762e-02 1.371465e-06 1.591324e-06 1.654569e-02 1.767753e-06 -2.753610e-08 3.192624e-05 -3.962875e-07
768            2.072203e-06 1.657561e-02 1.580938e-06 2.118254e-06 1.654348e-02 1.948089e-06 -4.605042e-08 3.213131e-05 -3.671507e-07
769            2.169567e-06 1.657802e-02 2.274647e-06 2.206516e-06 1.654599e-02 2.656322e-06 -3.694872e-08 3.202725e-05 -3.816743e-07
770            2.518676e-06 1.657523e-02 2.342267e-06 2.574383e-06 1.654323e-02 2.764996e-06 -5.570716e-08 3.199436e-05 -4.227284e-07
771            2.462957e-06 1.657789e-02 2.992643e-06 2.526181e-06 1.654595e-02 3.385282e-06 -6.322342e-08 3.194027e-05 -3.926384e-07
772            2.752211e-06 1.657484e-02 2.972575e-06 2.824295e-06 1.654287e-02 3.352731e-06 -7.208402e-08 3.197337e-05 -3.801561e-07
773            2.667373e-06 1.657758e-02 3.556560e-06 2.731577e-06 1.654565e-02 3.874657e-06 -6.420360e-08 3.193556e-05 -3.180976e-07
774            2.902166e-06 1.657406e-02 3.430179e-06 2.980201e-06 1.654208e-02 3.800355e-06 -7.803427e-08 3.197898e-05 -3.701762e-07
775            2.771775e-06 1.657658e-02 3.796313e-06 2.856547e-06 1.654464e-02 4.245215e-06 -8.477157e-08 3.193271e-05 -4.489021e-07
776            2.910687e-06 1.657305e-02 3.917334e-06 3.018793e-06 1.654110e-02 4.217739e-06 -1.081063e-07 3.195718e-05 -3.004048e-07
777            2.756846e-06 1.657583e-02 4.583065e-06 2.858005e-06 1.654382e-02 4.904757e-06 -1.011591e-07 3.201497e-05 -3.216924e-07
778            2.868056e-06 1.657163e-02 4.427519e-06 2.962459e-06 1.653965e-02 4.747375e-06 -9.440317e-08 3.197942e-05 -3.198561e-07
779            2.656483e-06 1.657341e-02 5.082866e-06 2.758095e-06 1.654156e-02 5.432969e-06 -1.016122e-07 3.185336e-05 -3.501034e-07
780            2.738755e-06 1.656998e-02 4.989802e-06 2.861192e-06 1.653799e-02 5.296043e-06 -1.224366e-07 3.199781e-05 -3.062406e-07
781            2.616533e-06 1.657145e-02 5.468231e-06 2.719295e-06 1.653946e-02 5.808090e-06 -1.027625e-07 3.198354e-05 -3.398585e-07
782            2.682132e-06 1.656843e-02 5.516034e-06 2.795626e-06 1.653643e-02 5.718996e-06 -1.134938e-07 3.200902e-05 -2.029620e-07
783            2.505559e-06 1.656865e-02 5.717693e-06 2.619073e-06 1.653675e-02 6.034559e-06 -1.135145e-07 3.190816e-05 -3.168661e-07
784            2.568182e-06 1.656592e-02 5.671820e-06 2.685327e-06 1.653400e-02 5.900771e-06 -1.171454e-07 3.192360e-05 -2.289510e-07
785            2.388667e-06 1.656586e-02 5.803513e-06 2.504582e-06 1.653389e-02 6.067390e-06 -1.159155e-07 3.197054e-05 -2.638762e-07
786            2.360911e-06 1.656402e-02 5.818985e-06 2.485189e-06 1.653198e-02 6.012115e-06 -1.242773e-07 3.204531e-05 -1.931293e-07
787            2.200836e-06 1.656243e-02 5.926285e-06 2.327423e-06 1.653047e-02 6.158805e-06 -1.265868e-07 3.195417e-05 -2.325203e-07
788            2.201917e-06 1.656117e-02 5.748294e-06 2.343688e-06 1.652912e-02 5.954078e-06 -1.417714e-07 3.205764e-05 -2.057845e-07
789            2.064133e-06 1.655906e-02 5.857594e-06 2.202226e-06 1.652705e-02 6.098701e-06 -1.380929e-07 3.201398e-05 -2.411073e-07
790            2.058280e-06 1.655792e-02 5.792515e-06 2.190268e-06 1.652591e-02 5.917087e-06 -1.319880e-07 3.201271e-05 -1.245717e-07
791            1.944741e-06 1.655610e-02 5.549145e-06 2.074945e-06 1.652409e-02 5.744110e-06 -1.302040e-07 3.201157e-05 -1.949645e-07
792            1.860717e-06 1.655554e-02 5.428382e-06 2.000667e-06 1.652346e-02 5.539846e-06 -1.399494e-07 3.207603e-05 -1.114638e-07
793            1.803600e-06 1.655423e-02 4.980276e-06 1.938891e-06 1.652215e-02 5.072011e-06 -1.352909e-07 3.208242e-05 -9.173491e-08
794            1.630087e-06 1.655180e-02 5.034620e-06 1.766412e-06 1.651966e-02 5.173337e-06 -1.363252e-07 3.214632e-05 -1.387169e-07
795            1.593496e-06 1.655187e-02 4.101318e-06 1.727817e-06 1.651987e-02 4.310342e-06 -1.343211e-07 3.199480e-05 -2.090242e-07
796            1.427923e-06 1.654554e-02 4.147555e-06 1.550278e-06 1.651350e-02 4.284251e-06 -1.223546e-07 3.203478e-05 -1.366961e-07
797            1.015601e-06 1.654874e-02 3.141970e-06 1.138904e-06 1.651663e-02 3.186417e-06 -1.233024e-07 3.211679e-05 -4.444679e-08
798            7.875588e-07 1.653941e-02 2.763293e-06 9.171224e-07 1.650723e-02 2.918260e-06 -1.295635e-07 3.218193e-05 -1.549668e-07
799            1.079473e-06 1.654138e-02 2.129556e-06 1.196178e-06 1.650921e-02 2.303898e-06 -1.167043e-07 3.216304e-05 -1.743421e-07
800            1.011129e-06 1.653637e-02 2.274274e-06 1.137770e-06 1.650428e-02 2.356476e-06 -1.266413e-07 3.209020e-05 -8.220159e-08
801            1.292248e-06 1.653518e-02 1.473919e-06 1.424449e-06 1.650301e-02 1.560386e-06 -1.322011e-07 3.216780e-05 -8.646774e-08
802            1.280683e-06 1.653353e-02 1.771849e-06 1.402295e-06 1.650134e-02 1.974056e-06 -1.216116e-07 3.218899e-05 -2.022074e-07
803            1.812790e-06 1.653055e-02 1.120321e-06 1.925094e-06 1.649838e-02 1.174223e-06 -1.123036e-07 3.216463e-05 -5.390192e-08
804            1.655129e-06 1.653078e-02 1.078265e-06 1.789735e-06 1.649860e-02 1.129345e-06 -1.346061e-07 3.218600e-05 -5.107976e-08
805            2.026415e-06 1.652914e-02 1.173946e-07 2.164075e-06 1.649697e-02 1.962349e-07 -1.376594e-07 3.217383e-05 -7.884025e-08
806            1.689387e-06 1.653075e-02 8.680280e-08 1.832464e-06 1.649853e-02 2.652195e-07 -1.430768e-07 3.221832e-05 -1.784167e-07
807            2.172367e-06 1.652919e-02 -8.693440e-07 2.297544e-06 1.649704e-02 -7.338247e-07 -1.251776e-07 3.214750e-05 -1.355193e-07
808            2.108699e-06 1.652987e-02 -9.393650e-07 2.242444e-06 1.649776e-02 -8.504747e-07 -1.337449e-07 3.211776e-05 -8.889034e-08
809            2.345922e-06 1.652944e-02 -1.786143e-06 2.488802e-06 1.649727e-02 -1.779046e-06 -1.428802e-07 3.217658e-05 -7.097053e-09
810            2.187527e-06 1.653070e-02 -1.584966e-06 2.331112e-06 1.649851e-02 -1.485211e-06 -1.435854e-07 3.219157e-05 -9.975477e-08
811            2.570183e-06 1.653086e-02 -2.402604e-06 2.704447e-06 1.649868e-02 -2.288822e-06 -1.342634e-07 3.217753e-05 -1.137820e-07
812            2.459828e-06 1.653192e-02 -2.297880e-06 2.608173e-06 1.649977e-02 -2.183530e-06 -1.483453e-07 3.214599e-05 -1.143500e-07
813            2.826040e-06 1.653214e-02 -2.802113e-06 2.973781e-06 1.650003e-02 -2.786288e-06 -1.477409e-07 3.210839e-05 -1.582485e-08
814            2.671003e-06 1.653334e-02 -2.539895e-06 2.811361e-06 1.650123e-02 -2.329720e-06 -1.403574e-07 3.211811e-05 -2.101752e-07
815            3.076844e-06 1.653441e-02 -2.807275e-06 3.216338e-06 1.650227e-02 -2.786926e-06 -1.394947e-07 3.214013e-05 -2.034873e-08
816            3.004884e-06 1.653530e-02 -2.647932e-06 3.156640e-06 1.650318e-02 -2.554953e-06 -1.517563e-07 3.212247e-05 -9.297957e-08
817            3.340068e-06 1.653540e-02 -3.054873e-06 3.506617e-06 1.650329e-02 -2.952178e-06 -1.665485e-07 3.210526e-05 -1.026948e-07
818            3.191380e-06 1.653713e-02 -2.570780e-06 3.348797e-06 1.650503e-02 -2.396374e-06 -1.574173e-07 3.209630e-05 -1.744063e-07
819            3.547110e-06 1.653725e-02 -2.784547e-06 3.702340e-06 1.650516e-02 -2.748674e-06 -1.552299e-07 3.208664e-05 -3.587336e-08
820            3.491610e-06 1.653920e-02 -2.406886e-06 3.653413e-06 1.650718e-02 -2.283559e-06 -1.618024e-07 3.201968e-05 -1.233268e-07
821            3.733106e-06 1.653981e-02 -2.668871e-06 3.901675e-06 1.650773e-02 -2.630810e-06 -1.685681e-07 3.207696e-05 -3.806127e-08
822            3.568800e-06 1.654226e-02 -2.145761e-06 3.737491e-06 1.651017e-02 -2.004446e-06 -1.686913e-07 3.208870e-05 -1.413152e-07
823            3.877895e-06 1.654228e-02 -2.366396e-06 4.055876e-06 1.651019e-02 -2.283074e-06 -1.779810e-07 3.208407e-05 -8.332163e-08
824            3.781761e-06 1.654404e-02 -1.969714e-06 3.966426e-06 1.651205e-02 -1.845837e-06 -1.846650e-07 3.199369e-05 -1.238772e-07
825            3.991632e-06 1.654388e-02 -2.223444e-06 4.172359e-06 1.651190e-02 -2.103082e-06 -1.807265e-07 3.197768e-05 -1.203623e-07
826            3.836650e-06 1.654619e-02 -1.659984e-06 4.014262e-06 1.651422e-02 -1.534771e-06 -1.776116e-07 3.197251e-05 -1.252125e-07
827            4.032114e-06 1.654616e-02 -1.928488e-06 4.217304e-06 1.651413e-02 -1.872410e-06 -1.851904e-07 3.203009e-05 -5.607800e-08
828            3.962263e-06 1.654707e-02 -1.503481e-06 4.150388e-06 1.651511e-02 -1.356568e-06 -1.881248e-07 3.195665e-05 -1.469125e-07
829            4.041774e-06 1.654877e-02 -1.717340e-06 4.243706e-06 1.651684e-02 -1.629415e-06 -2.019311e-07 3.193552e-05 -8.792575e-08
830            4.070675e-06 1.654589e-02 -1.107604e-06 4.271784e-06 1.651390e-02 -9.984019e-07 -2.011082e-07 3.199080e-05 -1.092018e-07
831            4.141451e-06 1.655080e-02 -1.553996e-06 4.333635e-06 1.651883e-02 -1.427632e-06 -1.921840e-07 3.196963e-05 -1.263639e-07
832            4.055270e-06 1.654777e-02 -1.261016e-06 4.260490e-06 1.651590e-02 -1.081556e-06 -2.052209e-07 3.186988e-05 -1.794599e-07
833            4.096649e-06 1.655127e-02 -1.550678e-06 4.305748e-06 1.651943e-02 -1.424036e-06 -2.090994e-07 3.184475e-05 -1.266412e-07
834            3.960843e-06 1.654649e-02 -1.273051e-06 4.170752e-06 1.651458e-02 -1.199887e-06 -2.099091e-07 3.191002e-05 -7.316424e-08
835            3.834566e-06 1.655088e-02 -1.633923e-06 4.040881e-06 1.651892e-02 -1.533699e-06 -2.063158e-07 3.195455e-05 -1.002245e-07
836            3.453455e-06 1.654754e-02 -1.564460e-06 3.663991e-06 1.651575e-02 -1.366377e-06 -2.105358e-07 3.178441e-05 -1.980828e-07
837            3.164575e-06 1.654919e-02 -1.640371e-06 3.372291e-06 1.651734e-02 -1.470340e-06 -2.077153e-07 3.184414e-05 -1.700309e-07
838            2.684053e-06 1.654584e-02 -1.472707e-06 2.893313e-06 1.651394e-02 -1.380054e-06 -2.092600e-07 3.189698e-05 -9.265307e-08
839            2.386598e-06 1.654733e-02 -1.753439e-06 2.598372e-06 1.651549e-02 -1.629372e-06 -2.117742e-07 3.183838e-05 -1.240664e-07
840            1.724976e-06 1.654371e-02 -1.748017e-06 1.939011e-06 1.651197e-02 -1.558900e-06 -2.140350e-07 3.174281e-05 -1.891172e-07
841            1.427545e-06 1.654539e-02 -1.898792e-06 1.633434e-06 1.651354e-02 -1.770521e-06 -2.058890e-07 3.185010e-05 -1.282715e-07
842            7.487797e-07 1.654211e-02 -1.966701e-06 9.451691e-07 1.651023e-02 -1.750259e-06 -1.963894e-07 3.187498e-05 -2.164419e-07
843            4.278715e-07 1.654316e-02 -2.128159e-06 6.209651e-07 1.651136e-02 -1.979670e-06 -1.930936e-07 3.179917e-05 -1.484889e-07
844            -2.699506e-07 1.653975e-02 -2.130973e-06 -8.661307e-08 1.650798e-02 -1.951480e-06 -1.833376e-07 3.176388e-05 -1.794927e-07
845            -7.006440e-07 1.654120e-02 -2.376515e-06 -5.293996e-07 1.650937e-02 -2.155800e-06 -1.712443e-07 3.182820e-05 -2.207146e-07
846            -1.404174e-06 1.653682e-02 -2.353885e-06 -1.228655e-06 1.650494e-02 -2.139081e-06 -1.755190e-07 3.188121e-05 -2.148041e-07
847            -1.943085e-06 1.654090e-02 -2.243380e-06 -1.772047e-06 1.650906e-02 -2.072411e-06 -1.710379e-07 3.184442e-05 -1.709685e-07
848            -2.204357e-06 1.654086e-02 -1.623554e-06 -2.038406e-06 1.650906e-02 -1.444394e-06 -1.659512e-07 3.180666e-05 -1.791595e-07
849            -2.378398e-06 1.654018e-02 -1.295222e-06 -2.224894e-06 1.650840e-02 -1.097082e-06 -1.535043e-07 3.178527e-05 -1.981401e-07
850            -2.553251e-06 1.654021e-02 -6.978090e-07 -2.404804e-06 1.650842e-02 -5.065259e-07 -1.484462e-07 3.178878e-05 -1.912831e-07
851            -2.592060e-06 1.653961e-02 -4.246461e-07 -2.468723e-06 1.650776e-02 -2.082420e-07 -1.233371e-07 3.184130e-05 -2.164041e-07
852            -2.671792e-06 1.653930e-02 3.191613e-07 -2.539372e-06 1.650745e-02 5.161568e-07 -1.324199e-07 3.184942e-05 -1.969955e-07
853            -2.645597e-06 1.653864e-02 8.323020e-07 -2.514914e-06 1.650684e-02 9.391072e-07 -1.306838e-07 3.180254e-05 -1.068053e-07
854            -2.732850e-06 1.653841e-02 1.332438e-06 -2.603534e-06 1.650661e-02 1.512437e-06 -1.293161e-07 3.180757e-05 -1.799992e-07
855            -2.719501e-06 1.653819e-02 1.554324e-06 -2.617811e-06 1.650636e-02 1.775523e-06 -1.016899e-07 3.183112e-05 -2.211992e-07
856            -2.766431e-06 1.653792e-02 2.087901e-06 -2.657336e-06 1.650609e-02 2.180234e-06 -1.090955e-07 3.182575e-05 -9.233303e-08
857            -2.758388e-06 1.653765e-02 2.380773e-06 -2.666869e-06 1.650584e-02 2.497858e-06 -9.151920e-08 3.181063e-05 -1.170855e-07
858            -2.726904e-06 1.653721e-02 2.664873e-06 -2.634899e-06 1.650538e-02 2.840544e-06 -9.200493e-08 3.182583e-05 -1.756709e-07
859            -2.647911e-06 1.653719e-02 2.981065e-06 -2.570240e-06 1.650533e-02 3.121796e-06 -7.767019e-08 3.185965e-05 -1.407304e-07
860            -2.574533e-06 1.653659e-02 3.174674e-06 -2.505440e-06 1.650479e-02 3.365008e-06 -6.909306e-08 3.179574e-05 -1.903336e-07
861            -2.525093e-06 1.653667e-02 3.427175e-06 -2.463348e-06 1.650486e-02 3.638232e-06 -6.174503e-08 3.180578e-05 -2.110578e-07
862            -2.430782e-06 1.653615e-02 3.736385e-06 -2.356257e-06 1.650429e-02 3.809473e-06 -7.452504e-08 3.185695e-05 -7.308735e-08
863            -2.307172e-06 1.653635e-02 3.913925e-06 -2.253858e-06 1.650451e-02 4.055931e-06 -5.331387e-08 3.184185e-05 -1.420056e-07
864            -2.158551e-06 1.653535e-02 4.062220e-06 -2.098485e-06 1.650355e-02 4.171375e-06 -6.006614e-08 3.179806e-05 -1.091551e-07
865            -2.037296e-06 1.653551e-02 4.295202e-06 -1.989117e-06 1.650369e-02 4.410482e-06 -4.817912e-08 3.181674e-05 -1.152800e-07
866            -1.892479e-06 1.653460e-02 4.455705e-06 -1.843028e-06 1.650276e-02 4.561601e-06 -4.945090e-08 3.184044e-05 -1.058958e-07
867            -1.751289e-06 1.653503e-02 4.562406e-06 -1.713081e-06 1.650318e-02 4.719143e-06 -3.820819e-08 3.185787e-05 -1.567370e-07
868            -1.599743e-06 1.653368e-02 4.699071e-06 -1.542138e-06 1.650188e-02 4.750814e-06 -5.760513e-08 3.180194e-05 -5.174303e-08
869            -1.414447e-06 1.653408e-02 4.763381e-06 -1.375493e-06 1.650224e-02 4.864976e-06 -3.895390e-08 3.183340e-05 -1.015948e-07
870            -1.234273e-06 1.653293e-02 4.774992e-06 -1.201938e-06 1.650106e-02 4.881614e-06 -3.233582e-08 3.186725e-05 -1.066214e-07
871            -1.050826e-06 1.653357e-02 4.785908e-06 -1.027332e-06 1.650170e-02 4.880170e-06 -2.349415e-08 3.186820e-05 -9.426253e-08
872            -9.126383e-07 1.653181e-02 4.736111e-06 -8.786709e-07 1.650000e-02 4.829091e-06 -3.396744e-08 3.181662e-05 -9.297980e-08
873            -7.243303e-07 1.653258e-02 4.643985e-06 -6.904234e-07 1.650073e-02 4.698209e-06 -3.390687e-08 3.185668e-05 -5.422381e-08
874            -6.042305e-07 1.653099e-02 4.674459e-06 -5.626291e-07 1.649910e-02 4.686971e-06 -4.160145e-08 3.189234e-05 -1.251155e-08
875            -4.145609e-07 1.653229e-02 4.451279e-06 -3.890805e-07 1.650041e-02 4.513666e-06 -2.548037e-08 3.187227e-05 -6.238656e-08
876            -2.538396e-07 1.653027e-02 4.357916e-06 -2.281856e-07 1.649845e-02 4.428150e-06 -2.565399e-08 3.181788e-05 -7.023412e-08
877            -4.681834e-08 1.653182e-02 4.169382e-06 -1.906576e-08 1.650002e-02 4.191613e-06 -2.775258e-08 3.180443e-05 -2.223170e-08
878            1.468979e-07 1.653019e-02 4.113706e-06 1.732758e-07 1.649832e-02 4.146967e-06 -2.637794e-08 3.187558e-05 -3.326086e-08
879            3.880428e-07 1.653218e-02 3.926943e-06 4.122638e-07 1.650029e-02 3.921999e-06 -2.422105e-08 3.188151e-05 4.944055e-09
880            9.641662e-07 1.653138e-02 3.218316e-06 1.007175e-06 1.649954e-02 3.209702e-06 -4.300862e-08 3.183603e-05 8.614386e-09
881            8.827774e-07 1.653234e-02 3.531916e-06 9.163382e-07 1.650049e-02 3.557528e-06 -3.356080e-08 3.185746e-05 -2.561215e-08
882            1.554109e-06 1.653183e-02 2.813488e-06 1.578084e-06 1.649993e-02 2.881142e-06 -2.397518e-08 3.189786e-05 -6.765419e-08
883            1.424040e-06 1.653259e-02 3.158401e-06 1.451829e-06 1.650078e-02 3.214572e-06 -2.778882e-08 3.180955e-05 -5.617098e-08
884            2.052283e-06 1.653217e-02 2.625923e-06 2.101946e-06 1.650039e-02 2.607416e-06 -4.966306e-08 3.177059e-05 1.850644e-08
885            1.875703e-06 1.653392e-02 2.378968e-06 1.914461e-06 1.650208e-02 2.346412e-06 -3.875787e-08 3.184353e-05 3.255521e-08
886            2.211065e-06 1.653405e-02 2.146931e-06 2.268217e-06 1.650219e-02 2.136054e-06 -5.715210e-08 3.185914e-05 1.087650e-08
887            2.059242e-06 1.653615e-02 1.908423e-06 2.113302e-06 1.650435e-02 1.894994e-06 -5.405987e-08 3.180244e-05 1.342875e-08
888            2.914174e-06 1.653107e-02 2.412419e-06 2.973270e-06 1.649924e-02 2.371462e-06 -5.909603e-08 3.183449e-05 4.095706e-08
889            2.745198e-06 1.653666e-02 2.040526e-06 2.803773e-06 1.650486e-02 2.081952e-06 -5.857534e-08 3.179563e-05 -4.142593e-08
890            3.651731e-06 1.652912e-02 2.653804e-06 3.717392e-06 1.649733e-02 2.669640e-06 -6.566022e-08 3.178877e-05 -1.583594e-08
891            3.427623e-06 1.653640e-02 2.372633e-06 3.505426e-06 1.650464e-02 2.334457e-06 -7.780382e-08 3.175746e-05 3.817653e-08
892            3.309341e-06 1.653536e-02 2.259660e-06 3.383541e-06 1.650358e-02 2.213815e-06 -7.420002e-08 3.178227e-05 4.584429e-08
893            3.248556e-06 1.653700e-02 1.936008e-06 3.324710e-06 1.650521e-02 1.917259e-06 -7.615372e-08 3.178327e-05 1.874929e-08
894            3.499372e-06 1.653138e-02 2.588096e-06 3.579084e-06 1.649960e-02 2.582233e-06 -7.971197e-08 3.177560e-05 5.862470e-09
895            3.333483e-06 1.653635e-02 2.083218e-06 3.422320e-06 1.650462e-02 2.058974e-06 -8.883783e-08 3.173443e-05 2.424401e-08
896            3.445586e-06 1.653465e-02 2.719096e-06 3.532081e-06 1.650288e-02 2.729470e-06 -8.649504e-08 3.177049e-05 -1.037445e-08
897            3.420085e-06 1.653491e-02 2.279527e-06 3.510908e-06 1.650320e-02 2.239324e-06 -9.082307e-08 3.170448e-05 4.020313e-08
898            3.671523e-06 1.653033e-02 3.153324e-06 3.769125e-06 1.649859e-02 3.123911e-06 -9.760235e-08 3.173534e-05 2.941325e-08
899            3.503001e-06 1.653339e-02 2.419228e-06 3.594479e-06 1.650160e-02 2.424746e-06 -9.147852e-08 3.178835e-05 -5.518450e-09
900            3.947484e-06 1.653183e-02 3.207591e-06 4.047742e-06 1.650006e-02 3.170659e-06 -1.002577e-07 3.176977e-05 3.693174e-08
901            3.976772e-06 1.653088e-02 2.664755e-06 4.083160e-06 1.649919e-02 2.620715e-06 -1.063874e-07 3.169035e-05 4.404002e-08
902            4.698257e-06 1.652571e-02 3.482913e-06 4.816752e-06 1.649398e-02 3.488734e-06 -1.184952e-07 3.173674e-05 -5.821222e-09
903            5.050970e-06 1.652810e-02 3.309378e-06 5.168101e-06 1.649638e-02 3.289171e-06 -1.171305e-07 3.172532e-05 2.020759e-08
904            5.377084e-06 1.652536e-02 3.596299e-06 5.516958e-06 1.649360e-02 3.489888e-06 -1.398742e-07 3.176328e-05 1.064110e-07
905            5.638985e-06 1.652288e-02 3.015879e-06 5.772813e-06 1.649115e-02 2.958401e-06 -1.338282e-07 3.172490e-05 5.747777e-08
906            5.709614e-06 1.652275e-02 2.929317e-06 5.855472e-06 1.649101e-02 2.873143e-06 -1.458586e-07 3.173603e-05 5.617357e-08
907            5.944746e-06 1.652040e-02 2.299672e-06 6.091587e-06 1.648874e-02 2.300490e-06 -1.468408e-07 3.166134e-05 -8.177788e-10
908            5.920500e-06 1.652021e-02 2.354555e-06 6.083070e-06 1.648845e-02 2.294495e-06 -1.625693e-07 3.176369e-05 6.006023e-08
909            6.076581e-06 1.651777e-02 1.757318e-06 6.248449e-06 1.648608e-02 1.630309e-06 -1.718683e-07 3.169802e-05 1.270088e-07
910            6.011670e-06 1.651761e-02 1.645025e-06 6.190269e-06 1.648588e-02 1.605132e-06 -1.785985e-07 3.172948e-05 3.989277e-08
911            6.110674e-06 1.651506e-02 1.049073e-06 6.293979e-06 1.648333e-02 1.006600e-06 -1.833049e-07 3.172407e-05 4.247303e-08
912            5.983277e-06 1.651515e-02 9.457855e-07 6.161666e-06 1.648339e-02 9.148211e-07 -1.783882e-07 3.175601e-05 3.096442e-08
913            6.026700e-06 1.651255e-02 3.274107e-07 6.220228e-06 1.648081e-02 2.391821e-07 -1.935282e-07 3.173119e-05 8.822855e-08
914            5.846721e-06 1.651294e-02 2.477031e-07 6.057731e-06 1.648118e-02 2.083552e-07 -2.110105e-07 3.175736e-05 3.934788e-08
915            5.921300e-06 1.651055e-02 -5.473081e-07 6.139186e-06 1.647877e-02 -6.247036e-07 -2.178851e-07 3.177717e-05 7.739556e-08
916            5.589798e-06 1.651010e-02 -7.603383e-07 5.801083e-06 1.647835e-02 -7.992804e-07 -2.112850e-07 3.175389e-05 3.894213e-08
917            5.509406e-06 1.650635e-02 -1.704090e-06 5.732633e-06 1.647461e-02 -1.818617e-06 -2.232272e-07 3.174148e-05 1.145267e-07
918            5.208474e-06 1.650691e-02 -1.882909e-06 5.433017e-06 1.647513e-02 -1.888649e-06 -2.245423e-07 3.177769e-05 5.740562e-09
919            5.237144e-06 1.650501e-02 -2.891604e-06 5.452842e-06 1.647322e-02 -2.898694e-06 -2.156981e-07 3.179027e-05 7.089988e-09
920            4.835269e-06 1.650557e-02 -2.934960e-06 5.079204e-06 1.647381e-02 -3.001595e-06 -2.439347e-07 3.175832e-05 6.663547e-08
921            4.755216e-06 1.650415e-02 -3.992339e-06 5.000631e-06 1.647240e-02 -4.096799e-06 -2.454157e-07 3.175420e-05 1.044604e-07
922            4.343827e-06 1.650486e-02 -4.262389e-06 4.591800e-06 1.647303e-02 -4.273045e-06 -2.479730e-07 3.182664e-05 1.065643e-08
923            4.204228e-06 1.650364e-02 -5.345556e-06 4.455540e-06 1.647182e-02 -5.373537e-06 -2.513124e-07 3.181170e-05 2.798088e-08
924            3.792486e-06 1.650446e-02 -5.705545e-06 4.038250e-06 1.647268e-02 -5.723744e-06 -2.457643e-07 3.178240e-05 1.819893e-08
925            3.552091e-06 1.650308e-02 -6.661773e-06 3.796123e-06 1.647128e-02 -6.712261e-06 -2.440325e-07 3.179863e-05 5.048798e-08
926            3.076175e-06 1.650414e-02 -7.119599e-06 3.330283e-06 1.647236e-02 -7.121520e-06 -2.541088e-07 3.177456e-05 1.920661e-09
927            2.787500e-06 1.650260e-02 -8.083830e-06 3.034431e-06 1.647082e-02 -8.022718e-06 -2.469309e-07 3.178498e-05 -6.111185e-08
928            2.233479e-06 1.650369e-02 -8.339040e-06 2.480682e-06 1.647190e-02 -8.324584e-06 -2.472035e-07 3.179312e-05 -1.445586e-08
929            1.934203e-06 1.650221e-02 -9.040224e-06 2.183198e-06 1.647038e-02 -9.050789e-06 -2.489952e-07 3.183171e-05 1.056506e-08
930            1.729357e-06 1.650693e-02 -8.688125e-06 1.981138e-06 1.647509e-02 -8.663515e-06 -2.517815e-07 3.184510e-05 -2.460990e-08
931            1.541227e-06 1.650446e-02 -9.154525e-06 1.797415e-06 1.647271e-02 -9.124482e-06 -2.561875e-07 3.175324e-05 -3.004291e-08
932            1.175806e-06 1.650481e-02 -8.848989e-06 1.443391e-06 1.647302e-02 -8.857446e-06 -2.675849e-07 3.179349e-05 8.456713e-09
933            1.058810e-06 1.650385e-02 -9.245882e-06 1.317785e-06 1.647208e-02 -9.235902e-06 -2.589752e-07 3.176623e-05 -9.980451e-09
934            5.846802e-07 1.650563e-02 -8.997991e-06 8.368754e-07 1.647386e-02 -8.874706e-06 -2.521952e-07 3.177286e-05 -1.232851e-07
935            4.205238e-07 1.650532e-02 -9.327453e-06 6.572405e-07 1.647360e-02 -9.211650e-06 -2.367167e-07 3.172220e-05 -1.158029e-07
936            -7.944984e-08 1.650712e-02 -8.814851e-06 1.738351e-07 1.647540e-02 -8.783667e-06 -2.532849e-07 3.172766e-05 -3.118369e-08
937            -2.605882e-07 1.650708e-02 -9.102352e-06 -5.272406e-09 1.647532e-02 -9.059734e-06 -2.553158e-07 3.176670e-05 -4.261805e-08
938            -7.621061e-07 1.650872e-02 -8.678458e-06 -5.085277e-07 1.647698e-02 -8.631972e-06 -2.535783e-07 3.173539e-05 -4.648583e-08
939            -9.907631e-07 1.650881e-02 -8.860771e-06 -7.454187e-07 1.647710e-02 -8.836295e-06 -2.453443e-07 3.171162e-05 -2.447643e-08
940            -1.455966e-06 1.651042e-02 -8.543014e-06 -1.223543e-06 1.647871e-02 -8.433058e-06 -2.324230e-07 3.170843e-05 -1.099566e-07
941            -1.672362e-06 1.651064e-02 -8.694523e-06 -1.452048e-06 1.647887e-02 -8.577824e-06 -2.203138e-07 3.177126e-05 -1.166998e-07
942            -2.126188e-06 1.651195e-02 -8.307890e-06 -1.907581e-06 1.648024e-02 -8.158703e-06 -2.186068e-07 3.171044e-05 -1.491869e-07
943            -2.349983e-06 1.651210e-02 -8.311497e-06 -2.125342e-06 1.648039e-02 -8.213561e-06 -2.246406e-07 3.170504e-05 -9.793574e-08
944            -2.722711e-06 1.651311e-02 -7.834692e-06 -2.505390e-06 1.648141e-02 -7.784473e-06 -2.173212e-07 3.170238e-05 -5.021901e-08
945            -2.912077e-06 1.651353e-02 -7.799841e-06 -2.708263e-06 1.648175e-02 -7.705220e-06 -2.038131e-07 3.177441e-05 -9.462167e-08
946            -3.230864e-06 1.651425e-02 -7.485522e-06 -3.037593e-06 1.648256e-02 -7.290858e-06 -1.932714e-07 3.169352e-05 -1.946638e-07
947            -3.440603e-06 1.651479e-02 -7.200751e-06 -3.253383e-06 1.648309e-02 -7.091412e-06 -1.872199e-07 3.170310e-05 -1.093384e-07
948            -3.689078e-06 1.651540e-02 -6.775202e-06 -3.500816e-06 1.648375e-02 -6.718967e-06 -1.882621e-07 3.164537e-05 -5.623486e-08
949            -3.897449e-06 1.651633e-02 -6.531214e-06 -3.723866e-06 1.648460e-02 -6.363453e-06 -1.735832e-07 3.173371e-05 -1.677613e-07
950            -4.040345e-06 1.651666e-02 -6.285541e-06 -3.889890e-06 1.648496e-02 -6.032078e-06 -1.504556e-07 3.170314e-05 -2.534623e-07
951            -4.262821e-06 1.651778e-02 -5.674027e-06 -4.103460e-06 1.648608e-02 -5.530038e-06 -1.593604e-07 3.169657e-05 -1.439896e-07
952            -4.244949e-06 1.651750e-02 -5.209164e-06 -4.108662e-06 1.648583e-02 -5.077080e-06 -1.362865e-07 3.167052e-05 -1.320839e-07
953            -4.513810e-06 1.651896e-02 -4.534549e-06 -4.379657e-06 1.648725e-02 -4.421513e-06 -1.341528e-07 3.170649e-05 -1.130358e-07
954            -4.634110e-06 1.651903e-02 -4.278735e-06 -4.496331e-06 1.648739e-02 -4.114659e-06 -1.377794e-07 3.163466e-05 -1.640754e-07
955            -4.918655e-06 1.652081e-02 -3.597055e-06 -4.796782e-06 1.648911e-02 -3.409561e-06 -1.218731e-07 3.170387e-05 -1.874934e-07
956            -4.998399e-06 1.652057e-02 -3.313735e-06 -4.884860e-06 1.648892e-02 -3.199005e-06 -1.135386e-07 3.165161e-05 -1.147300e-07
957            -5.278906e-06 1.652297e-02 -2.511919e-06 -5.164234e-06 1.649126e-02 -2.431006e-06 -1.146716e-07 3.170430e-05 -8.091316e-08
958            -5.258618e-06 1.652320e-02 -2.331644e-06 -5.164978e-06 1.649160e-02 -2.220510e-06 -9.364082e-08 3.160017e-05 -1.111342e-07
959            -5.510122e-06 1.652559e-02 -1.614526e-06 -5.444133e-06 1.649391e-02 -1.490416e-06 -6.598849e-08 3.167360e-05 -1.241108e-07
960            -5.494300e-06 1.652584e-02 -1.342286e-06 -5.414990e-06 1.649424e-02 -1.360630e-06 -7.930949e-08 3.160055e-05 1.834407e-08
961            -5.750430e-06 1.652852e-02 -8.110212e-07 -5.686336e-06 1.649684e-02 -6.362810e-07 -6.409401e-08 3.168591e-05 -1.747401e-07
962            -5.659166e-06 1.652869e-02 -7.169542e-07 -5.607793e-06 1.649704e-02 -5.838532e-07 -5.137296e-08 3.164771e-05 -1.331010e-07
963            -5.924909e-06 1.653130e-02 5.457843e-08 -5.886494e-06 1.649967e-02 9.870639e-08 -3.841520e-08 3.163507e-05 -4.412796e-08
964            -5.828324e-06 1.653175e-02 1.346964e-07 -5.779593e-06 1.650020e-02 6.838608e-08 -4.873169e-08 3.154828e-05 6.631030e-08
965            -6.045445e-06 1.653399e-02 5.924773e-07 -6.027547e-06 1.650238e-02 7.173927e-07 -1.789715e-08 3.160696e-05 -1.249155e-07
966            -5.937127e-06 1.653493e-02 5.768663e-07 -5.916826e-06 1.650338e-02 6.018338e-07 -2.030111e-08 3.154468e-05 -2.496755e-08
967            -6.155655e-06 1.653672e-02 1.184226e-06 -6.155679e-06 1.650508e-02 1.203274e-06 2.341683e-11 3.164508e-05 -1.904773e-08
968            -6.040285e-06 1.653805e-02 1.036869e-06 -6.045162e-06 1.650649e-02 1.001482e-06 4.876857e-09 3.156569e-05 3.538705e-08
969            -6.234833e-06 1.653946e-02 1.464161e-06 -6.254715e-06 1.650786e-02 1.559624e-06 1.988221e-08 3.160238e-05 -9.546286e-08
970            -6.089791e-06 1.654111e-02 1.370920e-06 -6.107581e-06 1.650960e-02 1.318248e-06 1.779019e-08 3.151436e-05 5.267145e-08
971            -6.245550e-06 1.654191e-02 1.780491e-06 -6.293493e-06 1.651037e-02 1.794057e-06 4.794300e-08 3.153511e-05 -1.356585e-08
972            -5.991584e-06 1.654327e-02 1.498796e-06 -6.052565e-06 1.651178e-02 1.497500e-06 6.098178e-08 3.148734e-05 1.296474e-09
973            -5.912384e-06 1.654369e-02 1.828212e-06 -5.963137e-06 1.651214e-02 1.869672e-06 5.075325e-08 3.155296e-05 -4.145952e-08
974            -5.952384e-06 1.654319e-02 1.438208e-06 -6.011309e-06 1.651166e-02 1.412925e-06 5.892497e-08 3.153079e-05 2.528350e-08
975            -5.719529e-06 1.654311e-02 1.605114e-06 -5.805517e-06 1.651164e-02 1.603883e-06 8.598770e-08 3.147178e-05 1.231180e-09
976            -5.287460e-06 1.654563e-02 1.917660e-06 -5.369679e-06 1.651416e-02 1.875730e-06 8.221863e-08 3.146852e-05 4.193046e-08
977            -4.829829e-06 1.654569e-02 2.095440e-06 -4.920108e-06 1.651423e-02 2.162417e-06 9.027967e-08 3.145574e-05 -6.697659e-08
978            -4.353367e-06 1.654813e-02 2.616967e-06 -4.465065e-06 1.651667e-02 2.647294e-06 1.116981e-07 3.146744e-05 -3.032770e-08
979            -3.871785e-06 1.654821e-02 2.863959e-06 -3.975994e-06 1.651678e-02 2.899816e-06 1.042092e-07 3.143056e-05 -3.585724e-08
980            -3.340829e-06 1.655003e-02 3.502037e-06 -3.445897e-06 1.651859e-02 3.481944e-06 1.050680e-07 3.144230e-05 2.009348e-08
981            -2.840978e-06 1.655023e-02 3.652662e-06 -2.942393e-06 1.651884e-02 3.733329e-06 1.014145e-07 3.139402e-05 -8.066688e-08
982            -2.265875e-06 1.655143e-02 4.289759e-06 -2.358557e-06 1.652005e-02 4.320343e-06 9.268106e-08 3.137871e-05 -3.058392e-08
983            -1.780511e-06 1.655169e-02 4.478293e-06 -1.884596e-06 1.652036e-02 4.559891e-06 1.040843e-07 3.133458e-05 -8.159775e-08
984            -1.169309e-06 1.655227e-02 5.087104e-06 -1.275197e-06 1.652093e-02 5.109588e-06 1.058882e-07 3.133857e-05 -2.248478e-08
985            -7.676637e-07 1.655225e-02 5.299926e-06 -8.437013e-07 1.652087e-02 5.354267e-06 7.603760e-08 3.138044e-05 -5.434103e-08
986            -2.442296e-07 1.655248e-02 5.922705e-06 -3.193191e-07 1.652112e-02 5.932131e-06 7.508956e-08 3.136366e-05 -9.426091e-09
987            1.765590e-07 1.655125e-02 6.153425e-06 1.043346e-07 1.651993e-02 6.171031e-06 7.222436e-08 3.132164e-05 -1.760659e-08
988            5.097170e-07 1.655150e-02 6.955156e-06 4.410379e-07 1.652020e-02 6.990108e-06 6.867912e-08 3.129865e-05 -3.495212e-08
989            9.055068e-07 1.654980e-02 6.961697e-06 8.573320e-07 1.651850e-02 7.046365e-06 4.817481e-08 3.130110e-05 -8.466806e-08
990            1.117799e-06 1.655042e-02 7.869137e-06 1.065499e-06 1.651913e-02 7.906340e-06 5.230012e-08 3.128867e-05 -3.720280e-08
991            1.412126e-06 1.654869e-02 7.849112e-06 1.368350e-06 1.651736e-02 7.854551e-06 4.377528e-08 3.132554e-05 -5.438915e-09
992            1.591834e-06 1.654905e-02 8.547613e-06 1.564342e-06 1.651776e-02 8.514037e-06 2.749186e-08 3.128622e-05 3.357620e-08
993            1.768966e-06 1.654708e-02 8.347002e-06 1.747461e-06 1.651575e-02 8.407984e-06 2.150565e-08 3.132580e-05 -6.098228e-08
994            1.981612e-06 1.654783e-02 8.675812e-06 1.977588e-06 1.651658e-02 8.697988e-06 4.023831e-09 3.125304e-05 -2.217530e-08
995            1.992986e-06 1.654494e-02 8.781043e-06 1.997375e-06 1.651366e-02 8.761548e-06 -4.388516e-09 3.127905e-05 1.949442e-08
996            2.380809e-06 1.654675e-02 8.453922e-06 2.387360e-06 1.651549e-02 8.452226e-06 -6.551308e-09 3.126248e-05 1.695357e-09
997            2.237261e-06 1.654344e-02 8.292684e-06 2.255782e-06 1.651215e-02 8.325451e-06 -1.852101e-08 3.128857e-05 -3.276729e-08
998            2.204986e-06 1.654349e-02 8.866179e-06 2.236547e-06 1.651217e-02 8.815163e-06 -3.156103e-08 3.132315e-05 5.101615e-08
999            2.318993e-06 1.654173e-02 7.968257e-06 2.336672e-06 1.651043e-02 7.996478e-06 -1.767846e-08 3.129751e-05 -2.822128e-08
1000           2.130309e-06 1.654082e-02 8.560381e-06 2.161314e-06 1.650956e-02 8.538853e-06 -3.100504e-08 3.125857e-05 2.152839e-08
1001           2.299283e-06 1.653968e-02 7.382301e-06 2.338891e-06 1.650842e-02 7.407369e-06 -3.960756e-08 3.126026e-05 -2.506828e-08
1002           2.017128e-06 1.653858e-02 8.012826e-06 2.072781e-06 1.650729e-02 7.927102e-06 -5.565334e-08 3.129269e-05 8.572435e-08
1003           2.273405e-06 1.653772e-02 6.543493e-06 2.322878e-06 1.650639e-02 6.490944e-06 -4.947364e-08 3.133079e-05 5.254843e-08
1004           1.936108e-06 1.653607e-02 7.169902e-06 1.980147e-06 1.650475e-02 7.180899e-06 -4.403884e-08 3.132057e-05 -1.099691e-08
1005           2.250177e-06 1.653577e-02 5.386611e-06 2.300192e-06 1.650449e-02 5.432952e-06 -5.001545e-08 3.128330e-05 -4.634101e-08
1006           1.886825e-06 1.653432e-02 5.938084e-06 1.942360e-06 1.650302e-02 5.895498e-06 -5.553436e-08 3.130080e-05 4.258631e-08
1007           2.179076e-06 1.653374e-02 4.250935e-06 2.239476e-06 1.650241e-02 4.169782e-06 -6.039963e-08 3.133148e-05 8.115376e-08
1008           1.850988e-06 1.653231e-02 4.465680e-06 1.907123e-06 1.650099e-02 4.415540e-06 -5.613470e-08 3.132281e-05 5.013996e-08
1009           2.163038e-06 1.653189e-02 2.666996e-06 2.214927e-06 1.650060e-02 2.737181e-06 -5.188929e-08 3.129200e-05 -7.018461e-08
1010           1.812936e-06 1.653052e-02 2.986136e-06 1.881322e-06 1.649922e-02 2.938040e-06 -6.838594e-08 3.129747e-05 4.809574e-08
1011           2.148756e-06 1.653026e-02 1.364571e-06 2.216776e-06 1.649892e-02 1.278345e-06 -6.801943e-08 3.133955e-05 8.622626e-08
1012           1.761127e-06 1.652881e-02 1.469379e-06 1.824249e-06 1.649746e-02 1.410533e-06 -6.312241e-08 3.134671e-05 5.884600e-08
1013           2.168598e-06 1.652854e-02 -2.998326e-07 2.229792e-06 1.649719e-02 -2.607471e-07 -6.119308e-08 3.135132e-05 -3.908552e-08
1014           1.791839e-06 1.652676e-02 -2.640286e-07 1.861646e-06 1.649542e-02 -2.947631e-07 -6.980651e-08 3.133726e-05 3.073453e-08
1015           2.237177e-06 1.652678e-02 -1.823833e-06 2.298820e-06 1.649542e-02 -1.856342e-06 -6.164308e-08 3.135927e-05 3.250825e-08
1016           1.801553e-06 1.652483e-02 -1.991824e-06 1.860606e-06 1.649348e-02 -1.994101e-06 -5.905290e-08 3.134660e-05 2.276819e-09
1017           2.278665e-06 1.652478e-02 -3.536112e-06 2.343428e-06 1.649343e-02 -3.515909e-06 -6.476288e-08 3.135592e-05 -2.020368e-08
1018           1.766699e-06 1.652235e-02 -3.784996e-06 1.849873e-06 1.649101e-02 -3.826894e-06 -8.317456e-08 3.133256e-05 4.189829e-08
1019           2.337005e-06 1.652261e-02 -5.220541e-06 2.400024e-06 1.649123e-02 -5.248105e-06 -6.301877e-08 3.137516e-05 2.756464e-08
1020           1.795965e-06 1.651953e-02 -5.755244e-06 1.849954e-06 1.648815e-02 -5.736257e-06 -5.398891e-08 3.137120e-05 -1.898755e-08
1021           2.380824e-06 1.651983e-02 -7.119291e-06 2.437232e-06 1.648847e-02 -7.061081e-06 -5.640726e-08 3.136066e-05 -5.821047e-08
1022           1.796020e-06 1.651628e-02 -7.681022e-06 1.867822e-06 1.648490e-02 -7.636584e-06 -7.180187e-08 3.138133e-05 -4.443877e-08
1023           2.414911e-06 1.651676e-02 -8.859382e-06 2.478979e-06 1.648530e-02 -8.826102e-06 -6.406832e-08 3.146053e-05 -3.327961e-08
1024           1.894326e-06 1.651262e-02 -9.522692e-06 1.946457e-06 1.648121e-02 -9.471380e-06 -5.213150e-08 3.140724e-05 -5.131165e-08
1025           2.375927e-06 1.651274e-02 -1.060030e-05 2.421694e-06 1.648135e-02 -1.047076e-05 -4.576647e-08 3.139154e-05 -1.295354e-07
1026           1.987625e-06 1.650859e-02 -1.108861e-05 2.061988e-06 1.647718e-02 -1.107251e-05 -7.436254e-08 3.140602e-05 -1.609864e-08
1027           2.369112e-06 1.650854e-02 -1.218377e-05 2.428600e-06 1.647709e-02 -1.209065e-05 -5.948755e-08 3.144389e-05 -9.311475e-08
1028           2.305343e-06 1.650470e-02 -1.267351e-05 2.354440e-06 1.647322e-02 -1.252622e-05 -4.909611e-08 3.147438e-05 -1.472901e-07
1029           2.573048e-06 1.650452e-02 -1.357817e-05 2.617453e-06 1.647306e-02 -1.335908e-05 -4.440429e-08 3.145540e-05 -2.190891e-07
1030           2.642229e-06 1.650066e-02 -1.380041e-05 2.707668e-06 1.646922e-02 -1.366917e-05 -6.543964e-08 3.144440e-05 -1.312495e-07
1031           2.872433e-06 1.650027e-02 -1.436439e-05 2.934278e-06 1.646873e-02 -1.424059e-05 -6.184505e-08 3.153968e-05 -1.237956e-07
1032           3.133351e-06 1.649666e-02 -1.458682e-05 3.182884e-06 1.646514e-02 -1.437630e-05 -4.953254e-08 3.151827e-05 -2.105158e-07
1033           3.420622e-06 1.649593e-02 -1.483927e-05 3.479350e-06 1.646441e-02 -1.462674e-05 -5.872878e-08 3.152138e-05 -2.125352e-07
1034           3.791332e-06 1.649317e-02 -1.470216e-05 3.873702e-06 1.646167e-02 -1.445638e-05 -8.237069e-08 3.150480e-05 -2.457802e-07
1035           4.134010e-06 1.649199e-02 -1.454431e-05 4.223244e-06 1.646042e-02 -1.444498e-05 -8.923325e-08 3.157565e-05 -9.933084e-08
1036           4.672851e-06 1.649005e-02 -1.416058e-05 4.751271e-06 1.645850e-02 -1.396057e-05 -7.841988e-08 3.155047e-05 -2.000112e-07
1037           4.937218e-06 1.648825e-02 -1.406597e-05 5.018499e-06 1.645668e-02 -1.380192e-05 -8.128179e-08 3.156886e-05 -2.640490e-07
1038           5.487531e-06 1.648648e-02 -1.335605e-05 5.611923e-06 1.645493e-02 -1.312322e-05 -1.243922e-07 3.155911e-05 -2.328363e-07
1039           5.694599e-06 1.648446e-02 -1.286602e-05 5.817575e-06 1.645284e-02 -1.263543e-05 -1.229762e-07 3.161514e-05 -2.305952e-07
1040           6.263505e-06 1.648252e-02 -1.198808e-05 6.384992e-06 1.645093e-02 -1.175317e-05 -1.214869e-07 3.158999e-05 -2.349080e-07
1041           6.519273e-06 1.648086e-02 -1.125229e-05 6.673691e-06 1.644925e-02 -1.105501e-05 -1.544180e-07 3.160421e-05 -1.972806e-07
1042           7.100567e-06 1.647902e-02 -1.009904e-05 7.290625e-06 1.644744e-02 -9.981350e-06 -1.900578e-07 3.157509e-05 -1.176883e-07
1043           7.395389e-06 1.647791e-02 -9.152882e-06 7.572121e-06 1.644631e-02 -8.945063e-06 -1.767328e-07 3.160746e-05 -2.078189e-07
1044           7.910253e-06 1.647592e-02 -7.947089e-06 8.109198e-06 1.644431e-02 -7.817213e-06 -1.989450e-07 3.161391e-05 -1.298759e-07
1045           8.139178e-06 1.647495e-02 -6.700816e-06 8.347574e-06 1.644331e-02 -6.468328e-06 -2.083959e-07 3.163569e-05 -2.324888e-07
1046           8.471104e-06 1.647247e-02 -5.218978e-06 8.726713e-06 1.644084e-02 -5.106385e-06 -2.556094e-07 3.163334e-05 -1.125930e-07
1047           8.014264e-06 1.647079e-02 -4.467092e-06 8.264003e-06 1.643918e-02 -4.378467e-06 -2.497387e-07 3.161603e-05 -8.862585e-08
1048           7.867806e-06 1.646994e-02 -3.219904e-06 8.120412e-06 1.643833e-02 -3.133167e-06 -2.526062e-07 3.160785e-05 -8.673739e-08
1049           7.667168e-06 1.646889e-02 -2.219506e-06 7.920299e-06 1.643726e-02 -2.068880e-06 -2.531310e-07 3.163170e-05 -1.506257e-07
1050           7.340085e-06 1.647000e-02 -9.502765e-07 7.637139e-06 1.643836e-02 -9.292976e-07 -2.970544e-07 3.164463e-05 -2.097882e-08
1051           6.931516e-06 1.646911e-02 -1.498629e-07 7.208058e-06 1.643749e-02 -4.441717e-08 -2.765417e-07 3.162339e-05 -1.054457e-07
1052           6.675011e-06 1.646992e-02 9.211189e-07 6.952452e-06 1.643826e-02 1.006622e-06 -2.774413e-07 3.165218e-05 -8.550326e-08
1053           6.150969e-06 1.646864e-02 1.617466e-06 6.438530e-06 1.643700e-02 1.674547e-06 -2.875607e-07 3.163721e-05 -5.708109e-08
1054           5.930207e-06 1.646977e-02 2.757934e-06 6.233135e-06 1.643814e-02 2.749747e-06 -3.029276e-07 3.163312e-05 8.186516e-09
1055           5.268271e-06 1.646857e-02 3.303222e-06 5.558521e-06 1.643690e-02 3.349301e-06 -2.902503e-07 3.167246e-05 -4.607904e-08
1056           5.142555e-06 1.646957e-02 4.252264e-06 5.434827e-06 1.643792e-02 4.283745e-06 -2.922718e-07 3.164762e-05 -3.148165e-08
1057           4.285171e-06 1.646846e-02 4.806009e-06 4.569617e-06 1.643683e-02 4.839402e-06 -2.844466e-07 3.162828e-05 -3.339328e-08
1058           4.215134e-06 1.646957e-02 5.631174e-06 4.526886e-06 1.643793e-02 5.582492e-06 -3.117528e-07 3.163649e-05 4.868226e-08
1059           3.157895e-06 1.646878e-02 6.065831e-06 3.450113e-06 1.643712e-02 6.087921e-06 -2.922183e-07 3.166024e-05 -2.208970e-08
1060           3.203761e-06 1.646976e-02 6.596329e-06 3.487483e-06 1.643813e-02 6.589489e-06 -2.837223e-07 3.163892e-05 6.840500e-09
1061           1.876508e-06 1.646936e-02 7.013024e-06 2.142563e-06 1.643767e-02 7.068253e-06 -2.660551e-07 3.168886e-05 -5.522824e-08
1062           1.922925e-06 1.646988e-02 7.299305e-06 2.223779e-06 1.643822e-02 7.230362e-06 -3.008536e-07 3.166292e-05 6.894365e-08
1063           4.627384e-07 1.647033e-02 7.798575e-06 7.400804e-07 1.643867e-02 7.758790e-06 -2.773420e-07 3.166649e-05 3.978495e-08
1064           6.041268e-07 1.647047e-02 7.608123e-06 8.590654e-07 1.643885e-02 7.566234e-06 -2.549386e-07 3.162288e-05 4.188851e-08
1065           -7.676944e-07 1.647294e-02 8.237587e-06 -5.287333e-07 1.644128e-02 8.279910e-06 -2.389611e-07 3.166462e-05 -4.232371e-08
1066           -6.385891e-08 1.647214e-02 8.386857e-06 1.933745e-07 1.644050e-02 8.359107e-06 -2.572334e-07 3.163868e-05 2.774986e-08
1067           -8.490228e-07 1.647527e-02 8.852990e-06 -6.047384e-07 1.644363e-02 8.802672e-06 -2.442844e-07 3.164828e-05 5.031739e-08
1068           -9.422043e-07 1.647429e-02 8.336623e-06 -7.104950e-07 1.644266e-02 8.265172e-06 -2.317094e-07 3.162307e-05 7.145174e-08
1069           -1.723758e-06 1.647764e-02 8.670269e-06 -1.511013e-06 1.644598e-02 8.689391e-06 -2.127447e-07 3.166176e-05 -1.912228e-08
1070           -1.853956e-06 1.647657e-02 8.047366e-06 -1.626239e-06 1.644488e-02 8.004418e-06 -2.277172e-07 3.168831e-05 4.294763e-08
1071           -2.693166e-06 1.648031e-02 8.272147e-06 -2.486405e-06 1.644865e-02 8.247012e-06 -2.067612e-07 3.166060e-05 2.513483e-08
1072           -2.763596e-06 1.647915e-02 7.551358e-06 -2.580256e-06 1.644757e-02 7.518064e-06 -1.833396e-07 3.158458e-05 3.329368e-08
1073           -3.676027e-06 1.648359e-02 7.635332e-06 -3.505775e-06 1.645197e-02 7.636089e-06 -1.702523e-07 3.162349e-05 -7.568295e-10
1074           -3.713161e-06 1.648207e-02 6.982852e-06 -3.523515e-06 1.645047e-02 6.880963e-06 -1.896463e-07 3.159611e-05 1.018889e-07
1075           -4.754498e-06 1.648729e-02 6.736699e-06 -4.584165e-06 1.645564e-02 6.709493e-06 -1.703332e-07 3.164860e-05 2.720584e-08
1076           -4.978546e-06 1.648641e-02 5.452415e-06 -4.836661e-06 1.645477e-02 5.472746e-06 -1.418854e-07 3.164087e-05 -2.033151e-08
1077           -5.744537e-06 1.649141e-02 5.543625e-06 -5.630257e-06 1.645979e-02 5.603021e-06 -1.142802e-07 3.161658e-05 -5.939591e-08
1078           -6.060579e-06 1.649132e-02 4.072122e-06 -5.930921e-06 1.645974e-02 4.075442e-06 -1.296583e-07 3.158210e-05 -3.320948e-09
1079           -6.692745e-06 1.649572e-02 4.002012e-06 -6.579982e-06 1.646416e-02 4.006669e-06 -1.127623e-07 3.156116e-05 -4.656825e-09
1080           -6.683450e-06 1.649551e-02 3.125990e-06 -6.589002e-06 1.646397e-02 3.160683e-06 -9.444742e-08 3.153758e-05 -3.469287e-08
1081           -7.219302e-06 1.649938e-02 2.804056e-06 -7.156659e-06 1.646780e-02 2.933356e-06 -6.264280e-08 3.158562e-05 -1.293000e-07
1082           -7.356734e-06 1.650015e-02 1.985465e-06 -7.268884e-06 1.646861e-02 1.994632e-06 -8.784928e-08 3.154592e-05 -9.166380e-09
1083           -7.751962e-06 1.650425e-02 1.598776e-06 -7.692580e-06 1.647268e-02 1.708425e-06 -5.938236e-08 3.157662e-05 -1.096490e-07
1084           -7.818951e-06 1.650515e-02 7.706321e-07 -7.771254e-06 1.647364e-02 8.789130e-07 -4.769696e-08 3.151274e-05 -1.082809e-07
1085           -8.091946e-06 1.650950e-02 2.593927e-07 -8.080561e-06 1.647799e-02 4.226340e-07 -1.138508e-08 3.151156e-05 -1.632413e-07
1086           -8.191027e-06 1.651071e-02 -3.880322e-07 -8.154023e-06 1.647924e-02 -2.988955e-07 -3.700380e-08 3.146898e-05 -8.913670e-08
1087           -8.380781e-06 1.651506e-02 -9.463472e-07 -8.361119e-06 1.648357e-02 -7.981343e-07 -1.966225e-08 3.148553e-05 -1.482129e-07
1088           -8.428468e-06 1.651661e-02 -1.570903e-06 -8.416160e-06 1.648518e-02 -1.467391e-06 -1.230819e-08 3.143487e-05 -1.035126e-07
1089           -8.434136e-06 1.652102e-02 -2.198054e-06 -8.468544e-06 1.648956e-02 -1.997785e-06 3.440725e-08 3.146508e-05 -2.002690e-07
1090           -8.518123e-06 1.652274e-02 -2.815141e-06 -8.541818e-06 1.649134e-02 -2.555489e-06 2.369520e-08 3.140273e-05 -2.596514e-07
1091           -8.456881e-06 1.652667e-02 -3.234524e-06 -8.468072e-06 1.649529e-02 -3.077989e-06 1.119134e-08 3.138663e-05 -1.565348e-07
1092           -8.542570e-06 1.652850e-02 -3.638233e-06 -8.558909e-06 1.649718e-02 -3.488886e-06 1.633911e-08 3.132441e-05 -1.493464e-07
1093           -8.192061e-06 1.653276e-02 -4.265783e-06 -8.260770e-06 1.650138e-02 -3.966972e-06 6.870888e-08 3.137986e-05 -2.988116e-07
1094           -8.313113e-06 1.653473e-02 -4.412347e-06 -8.356627e-06 1.650342e-02 -4.184421e-06 4.351440e-08 3.131657e-05 -2.279260e-07
1095           -7.973881e-06 1.653856e-02 -4.845019e-06 -8.025817e-06 1.650726e-02 -4.678057e-06 5.193581e-08 3.130367e-05 -1.669616e-07
1096           -7.963500e-06 1.654080e-02 -5.047147e-06 -8.030098e-06 1.650954e-02 -4.755473e-06 6.659803e-08 3.126163e-05 -2.916742e-07
1097           -7.581861e-06 1.654468e-02 -5.509997e-06 -7.658431e-06 1.651343e-02 -5.233804e-06 7.657068e-08 3.124123e-05 -2.761928e-07
1098           -7.603120e-06 1.654743e-02 -5.544926e-06 -7.667292e-06 1.651626e-02 -5.314706e-06 6.417183e-08 3.117032e-05 -2.302200e-07
1099           -7.277048e-06 1.655170e-02 -6.052010e-06 -7.347600e-06 1.652049e-02 -5.870816e-06 7.055179e-08 3.120740e-05 -1.811935e-07
1100           -7.296032e-06 1.655487e-02 -6.321631e-06 -7.378474e-06 1.652372e-02 -6.073853e-06 8.244260e-08 3.114909e-05 -2.477780e-07
1101           -7.096441e-06 1.655928e-02 -7.031124e-06 -7.200154e-06 1.652813e-02 -6.725389e-06 1.037137e-07 3.115473e-05 -3.057353e-07
1102           -6.993299e-06 1.656191e-02 -7.159615e-06 -7.083133e-06 1.653084e-02 -6.837815e-06 8.983381e-08 3.107418e-05 -3.218007e-07
1103           -6.846592e-06 1.656536e-02 -7.445150e-06 -6.926899e-06 1.653427e-02 -7.221642e-06 8.030783e-08 3.109390e-05 -2.235075e-07
1104           -6.307160e-06 1.656522e-02 -6.973812e-06 -6.411891e-06 1.653424e-02 -6.667773e-06 1.047310e-07 3.097970e-05 -3.060385e-07
1105           -6.471435e-06 1.656948e-02 -7.824991e-06 -6.587664e-06 1.653843e-02 -7.548159e-06 1.162284e-07 3.104460e-05 -2.768324e-07
1106           -6.073717e-06 1.656983e-02 -7.250662e-06 -6.177951e-06 1.653884e-02 -7.025661e-06 1.042344e-07 3.098322e-05 -2.250014e-07
1107           -6.154794e-06 1.657288e-02 -8.045529e-06 -6.258175e-06 1.654192e-02 -7.824710e-06 1.033806e-07 3.096298e-05 -2.208190e-07
1108           -5.689865e-06 1.657302e-02 -7.565053e-06 -5.819383e-06 1.654212e-02 -7.258298e-06 1.295185e-07 3.090291e-05 -3.067556e-07
1109           -5.294291e-06 1.657320e-02 -7.805171e-06 -5.423519e-06 1.654230e-02 -7.508003e-06 1.292281e-07 3.089715e-05 -2.971673e-07
1110           -5.121931e-06 1.657462e-02 -7.397356e-06 -5.249136e-06 1.654376e-02 -7.120092e-06 1.272047e-07 3.085427e-05 -2.772643e-07
1111           -4.625042e-06 1.657578e-02 -7.509811e-06 -4.751622e-06 1.654490e-02 -7.230174e-06 1.265802e-07 3.088000e-05 -2.796373e-07
1112           -4.149614e-06 1.657852e-02 -6.675133e-06 -4.292926e-06 1.654769e-02 -6.436720e-06 1.433119e-07 3.082546e-05 -2.384128e-07
1113           -3.570051e-06 1.657933e-02 -6.551569e-06 -3.708448e-06 1.654853e-02 -6.343967e-06 1.383975e-07 3.079815e-05 -2.076022e-07
1114           -3.275477e-06 1.658146e-02 -5.798522e-06 -3.403025e-06 1.655064e-02 -5.579952e-06 1.275477e-07 3.082422e-05 -2.185699e-07
1115           -2.810371e-06 1.658093e-02 -5.888082e-06 -2.935193e-06 1.655017e-02 -5.657493e-06 1.248216e-07 3.076092e-05 -2.305888e-07
1116           -2.654326e-06 1.658213e-02 -5.386529e-06 -2.796640e-06 1.655143e-02 -5.097319e-06 1.423137e-07 3.070275e-05 -2.892095e-07
1117           -2.205359e-06 1.658086e-02 -5.568889e-06 -2.358844e-06 1.655014e-02 -5.254864e-06 1.534848e-07 3.071446e-05 -3.140251e-07
1118           -2.366017e-06 1.658102e-02 -5.084670e-06 -2.503555e-06 1.655029e-02 -4.922968e-06 1.375380e-07 3.072230e-05 -1.617015e-07
1119           -1.715579e-06 1.658007e-02 -4.973749e-06 -1.845335e-06 1.654938e-02 -4.825637e-06 1.297554e-07 3.069179e-05 -1.481124e-07
1120           -1.550262e-06 1.658069e-02 -4.480870e-06 -1.699727e-06 1.655003e-02 -4.181313e-06 1.494650e-07 3.066583e-05 -2.995568e-07
1121           -9.664124e-07 1.657880e-02 -4.501120e-06 -1.114320e-06 1.654810e-02 -4.242116e-06 1.479073e-07 3.070432e-05 -2.590043e-07
1122           -9.736543e-07 1.657786e-02 -4.016900e-06 -1.102540e-06 1.654721e-02 -3.828827e-06 1.288862e-07 3.064962e-05 -1.880737e-07
1123           4.216814e-07 1.657723e-02 -3.608160e-06 2.914841e-07 1.654659e-02 -3.382965e-06 1.301972e-07 3.063747e-05 -2.251952e-07
1124           4.140199e-07 1.657566e-02 -3.157444e-06 2.797047e-07 1.654503e-02 -2.922735e-06 1.343152e-07 3.063244e-05 -2.347088e-07
1125           1.698259e-06 1.657422e-02 -2.762944e-06 1.555539e-06 1.654355e-02 -2.509225e-06 1.427201e-07 3.067261e-05 -2.537190e-07
1126           1.494294e-06 1.657222e-02 -2.459781e-06 1.368730e-06 1.654161e-02 -2.149145e-06 1.255633e-07 3.060602e-05 -3.106359e-07
1127           2.772497e-06 1.657017e-02 -1.793770e-06 2.672750e-06 1.653955e-02 -1.593409e-06 9.974637e-08 3.061976e-05 -2.003607e-07
1128           2.632737e-06 1.656764e-02 -1.492484e-06 2.535146e-06 1.653708e-02 -1.276265e-06 9.759079e-08 3.056452e-05 -2.162196e-07
1129           3.199055e-06 1.656284e-02 -1.364710e-06 3.090152e-06 1.653219e-02 -1.065327e-06 1.089029e-07 3.064275e-05 -2.993827e-07
1130           3.606350e-06 1.656343e-02 -5.500209e-07 3.528074e-06 1.653286e-02 -2.820022e-07 7.827601e-08 3.057874e-05 -2.680187e-07
1131           4.088120e-06 1.655888e-02 4.336545e-08 4.023776e-06 1.652830e-02 2.505400e-07 6.434451e-08 3.058047e-05 -2.071746e-07
1132           4.647212e-06 1.655858e-02 8.551112e-07 4.588488e-06 1.652798e-02 1.074136e-06 5.872343e-08 3.059163e-05 -2.190246e-07
1133           5.022563e-06 1.655451e-02 1.401590e-06 4.963709e-06 1.652390e-02 1.654982e-06 5.885396e-08 3.060994e-05 -2.533921e-07
1134           5.530294e-06 1.655340e-02 2.340443e-06 5.511364e-06 1.652284e-02 2.608202e-06 1.892955e-08 3.055232e-05 -2.677586e-07
1135           5.904530e-06 1.654904e-02 3.078104e-06 5.890751e-06 1.651848e-02 3.311327e-06 1.377981e-08 3.056032e-05 -2.332225e-07
1136           6.455460e-06 1.654715e-02 4.056083e-06 6.443549e-06 1.651660e-02 4.305964e-06 1.191069e-08 3.054982e-05 -2.498809e-07
1137           6.737270e-06 1.654258e-02 4.663190e-06 6.740338e-06 1.651198e-02 4.866887e-06 -3.068657e-09 3.060470e-05 -2.036965e-07
1138           7.252846e-06 1.654051e-02 5.657616e-06 7.289296e-06 1.650995e-02 5.852141e-06 -3.645032e-08 3.056036e-05 -1.945249e-07
1139           7.420078e-06 1.653624e-02 6.153636e-06 7.468995e-06 1.650566e-02 6.365026e-06 -4.891753e-08 3.057944e-05 -2.113898e-07
1140           7.936207e-06 1.653267e-02 7.167733e-06 7.991008e-06 1.650213e-02 7.340307e-06 -5.480071e-08 3.054415e-05 -1.725744e-07
1141           8.001560e-06 1.652862e-02 7.545167e-06 8.075405e-06 1.649798e-02 7.696563e-06 -7.384531e-08 3.063318e-05 -1.513957e-07
1142           8.450900e-06 1.652416e-02 8.449160e-06 8.561494e-06 1.649358e-02 8.599397e-06 -1.105942e-07 3.057869e-05 -1.502378e-07
1143           8.447688e-06 1.652031e-02 8.673821e-06 8.564250e-06 1.648971e-02 8.790470e-06 -1.165615e-07 3.059624e-05 -1.166489e-07
1144           8.816954e-06 1.651493e-02 9.479635e-06 8.935349e-06 1.648434e-02 9.583231e-06 -1.183952e-07 3.058957e-05 -1.035962e-07
1145           8.712684e-06 1.651169e-02 9.500738e-06 8.855897e-06 1.648102e-02 9.523360e-06 -1.432127e-07 3.066816e-05 -2.262186e-08
1146           8.731008e-06 1.650703e-02 9.787209e-06 8.894047e-06 1.647644e-02 9.869283e-06 -1.630396e-07 3.059326e-05 -8.207334e-08
1147           8.669481e-06 1.650301e-02 9.486610e-06 8.842670e-06 1.647233e-02 9.571602e-06 -1.731890e-07 3.067753e-05 -8.499284e-08
1148           8.453713e-06 1.649792e-02 9.718594e-06 8.625863e-06 1.646730e-02 9.790312e-06 -1.721498e-07 3.061886e-05 -7.171770e-08
1149           8.344024e-06 1.649408e-02 9.057572e-06 8.530906e-06 1.646336e-02 9.034084e-06 -1.868821e-07 3.071862e-05 2.348758e-08
1150           7.974970e-06 1.648857e-02 9.045566e-06 8.187872e-06 1.645786e-02 9.032695e-06 -2.129018e-07 3.070758e-05 1.287105e-08
1151           7.933289e-06 1.648517e-02 8.339496e-06 8.149435e-06 1.645440e-02 8.332085e-06 -2.161455e-07 3.076706e-05 7.411066e-09
1152           7.369096e-06 1.647956e-02 8.117541e-06 7.579699e-06 1.644878e-02 8.113912e-06 -2.106023e-07 3.077452e-05 3.629363e-09
1153           7.500124e-06 1.647699e-02 7.357200e-06 7.714036e-06 1.644617e-02 7.383760e-06 -2.139124e-07 3.081857e-05 -2.656047e-08
1154           6.788420e-06 1.647103e-02 6.804563e-06 7.031277e-06 1.644024e-02 6.783972e-06 -2.428564e-07 3.078898e-05 2.059124e-08
1155           6.633725e-06 1.646951e-02 6.224409e-06 6.888540e-06 1.643865e-02 6.116447e-06 -2.548150e-07 3.086319e-05 1.079619e-07
1156           6.106948e-06 1.646309e-02 5.209266e-06 6.333024e-06 1.643219e-02 5.154919e-06 -2.260763e-07 3.090269e-05 5.434693e-08
1157           6.266580e-06 1.646217e-02 4.799988e-06 6.500983e-06 1.643124e-02 4.830365e-06 -2.344028e-07 3.092932e-05 -3.037686e-08
1158           5.544377e-06 1.645718e-02 3.811722e-06 5.788135e-06 1.642626e-02 3.793276e-06 -2.437575e-07 3.092188e-05 1.844529e-08
1159           5.155529e-06 1.645830e-02 2.880149e-06 5.403912e-06 1.642730e-02 2.777112e-06 -2.483826e-07 3.100202e-05 1.030366e-07
1160           4.774077e-06 1.645174e-02 1.908893e-06 5.012100e-06 1.642075e-02 1.911924e-06 -2.380235e-07 3.098460e-05 -3.031839e-09
1161           4.849871e-06 1.645309e-02 1.375154e-06 5.097215e-06 1.642209e-02 1.386447e-06 -2.473444e-07 3.100751e-05 -1.129309e-08
1162           4.024589e-06 1.644902e-02 2.784301e-07 4.282440e-06 1.641795e-02 2.313551e-07 -2.578513e-07 3.107137e-05 4.707499e-08
1163           3.594840e-06 1.645270e-02 -7.413211e-07 3.841221e-06 1.642160e-02 -7.283802e-07 -2.463803e-07 3.110249e-05 -1.294089e-08
1164           3.075800e-06 1.644633e-02 -1.764058e-06 3.301213e-06 1.641523e-02 -1.761034e-06 -2.254131e-07 3.110143e-05 -3.023807e-09
1165           3.369285e-06 1.644862e-02 -2.008751e-06 3.602365e-06 1.641748e-02 -2.034933e-06 -2.330793e-07 3.114291e-05 2.618251e-08
1166           2.391558e-06 1.644654e-02 -3.219126e-06 2.645050e-06 1.641541e-02 -3.212812e-06 -2.534921e-07 3.113086e-05 -6.313913e-09
1167           2.055128e-06 1.645184e-02 -3.999342e-06 2.302054e-06 1.642070e-02 -3.959882e-06 -2.469260e-07 3.113783e-05 -3.945927e-08
1168           1.463863e-06 1.644623e-02 -5.007136e-06 1.680936e-06 1.641505e-02 -4.979521e-06 -2.170730e-07 3.117998e-05 -2.761568e-08
1169           1.792667e-06 1.645032e-02 -5.221367e-06 2.006237e-06 1.641908e-02 -5.198533e-06 -2.135698e-07 3.123259e-05 -2.283403e-08
1170           1.598733e-06 1.644618e-02 -6.355447e-06 1.836702e-06 1.641504e-02 -6.327213e-06 -2.379691e-07 3.113900e-05 -2.823402e-08
1171           1.702697e-06 1.644766e-02 -6.957502e-06 1.944386e-06 1.641645e-02 -6.942365e-06 -2.416885e-07 3.120924e-05 -1.513687e-08
1172           1.499852e-06 1.645112e-02 -7.949492e-06 1.720364e-06 1.641993e-02 -7.887982e-06 -2.205127e-07 3.119545e-05 -6.151018e-08
1173           1.593805e-06 1.645159e-02 -8.488090e-06 1.814713e-06 1.642037e-02 -8.397207e-06 -2.209081e-07 3.121471e-05 -9.088283e-08
1174           1.625959e-06 1.645593e-02 -8.923367e-06 1.875807e-06 1.642473e-02 -8.904698e-06 -2.498476e-07 3.119948e-05 -1.866943e-08
1175           1.299632e-06 1.645738e-02 -9.336060e-06 1.533660e-06 1.642611e-02 -9.267359e-06 -2.340283e-07 3.126949e-05 -6.870126e-08
1176           1.615135e-06 1.646089e-02 -1.016691e-05 1.853523e-06 1.642971e-02 -1.009963e-05 -2.383885e-07 3.117514e-05 -6.727606e-08
1177           1.033776e-06 1.646247e-02 -1.068756e-05 1.271614e-06 1.643130e-02 -1.060072e-05 -2.378382e-07 3.117019e-05 -8.684311e-08
1178           1.259239e-06 1.646559e-02 -1.173945e-05 1.515156e-06 1.643444e-02 -1.166354e-05 -2.559166e-07 3.115496e-05 -7.590481e-08
1179           1.721080e-07 1.646720e-02 -1.224164e-05 4.227389e-07 1.643594e-02 -1.217932e-05 -2.506309e-07 3.126116e-05 -6.231816e-08
1180           5.980667e-07 1.647012e-02 -1.340919e-05 8.332855e-07 1.643891e-02 -1.332774e-05 -2.352187e-07 3.121188e-05 -8.144678e-08
1181           -3.143323e-07 1.647227e-02 -1.372247e-05 -7.680632e-08 1.644109e-02 -1.354364e-05 -2.375260e-07 3.117835e-05 -1.788364e-07
1182           -1.735094e-08 1.647540e-02 -1.476303e-05 2.350231e-07 1.644428e-02 -1.461033e-05 -2.523740e-07 3.111695e-05 -1.526994e-07
1183           -8.906838e-07 1.647835e-02 -1.480497e-05 -6.339166e-07 1.644713e-02 -1.468831e-05 -2.567671e-07 3.121601e-05 -1.166605e-07
1184           -7.332329e-07 1.648129e-02 -1.581781e-05 -4.880129e-07 1.645017e-02 -1.569992e-05 -2.452200e-07 3.112188e-05 -1.178890e-07
1185           -1.430730e-06 1.648418e-02 -1.580888e-05 -1.195867e-06 1.645304e-02 -1.563926e-05 -2.348634e-07 3.114206e-05 -1.696264e-07
1186           -1.567797e-06 1.648727e-02 -1.666864e-05 -1.326904e-06 1.645619e-02 -1.642723e-05 -2.408930e-07 3.108318e-05 -2.414098e-07
1187           -2.183017e-06 1.648893e-02 -1.641265e-05 -1.943498e-06 1.645779e-02 -1.620340e-05 -2.395188e-07 3.114512e-05 -2.092578e-07
1188           -2.670996e-06 1.649146e-02 -1.638493e-05 -2.448826e-06 1.646034e-02 -1.616063e-05 -2.221705e-07 3.111449e-05 -2.243006e-07
1189           -2.964070e-06 1.649359e-02 -1.637214e-05 -2.748262e-06 1.646246e-02 -1.613132e-05 -2.158078e-07 3.112556e-05 -2.408206e-07
1190           -3.522040e-06 1.649631e-02 -1.606202e-05 -3.297801e-06 1.646535e-02 -1.583648e-05 -2.242389e-07 3.095807e-05 -2.255400e-07
1191           -3.761987e-06 1.649860e-02 -1.603869e-05 -3.549279e-06 1.646755e-02 -1.573888e-05 -2.127082e-07 3.105398e-05 -2.998133e-07
1192           -4.277038e-06 1.650154e-02 -1.563801e-05 -4.070409e-06 1.647053e-02 -1.536366e-05 -2.066291e-07 3.101686e-05 -2.743543e-07
1193           -4.487760e-06 1.650399e-02 -1.549285e-05 -4.305593e-06 1.647298e-02 -1.518029e-05 -1.821672e-07 3.101047e-05 -3.125603e-07
1194           -4.977369e-06 1.650690e-02 -1.508491e-05 -4.794274e-06 1.647600e-02 -1.475130e-05 -1.830947e-07 3.090842e-05 -3.336101e-07
1195           -5.169921e-06 1.650932e-02 -1.482677e-05 -4.992139e-06 1.647830e-02 -1.453313e-05 -1.777815e-07 3.101670e-05 -2.936345e-07
1196           -5.589079e-06 1.651210e-02 -1.430645e-05 -5.420559e-06 1.648119e-02 -1.403484e-05 -1.685209e-07 3.091033e-05 -2.716097e-07
1197           -5.713032e-06 1.651434e-02 -1.410329e-05 -5.560625e-06 1.648343e-02 -1.376349e-05 -1.524068e-07 3.091148e-05 -3.398051e-07
1198           -6.117231e-06 1.651713e-02 -1.358421e-05 -5.969457e-06 1.648626e-02 -1.317358e-05 -1.477746e-07 3.087362e-05 -4.106289e-07
1199           -6.172186e-06 1.651924e-02 -1.324336e-05 -6.047124e-06 1.648833e-02 -1.289535e-05 -1.250616e-07 3.091035e-05 -3.480092e-07
1200           -6.528175e-06 1.652187e-02 -1.257026e-05 -6.411632e-06 1.649104e-02 -1.222519e-05 -1.165430e-07 3.082482e-05 -3.450701e-07
1201           -6.546037e-06 1.652384e-02 -1.227937e-05 -6.436600e-06 1.649300e-02 -1.191006e-05 -1.094367e-07 3.083416e-05 -3.693176e-07
1202           -6.877980e-06 1.652632e-02 -1.156449e-05 -6.773129e-06 1.649556e-02 -1.116023e-05 -1.048517e-07 3.076180e-05 -4.042675e-07
1203           -6.814763e-06 1.652809e-02 -1.120658e-05 -6.718257e-06 1.649729e-02 -1.082795e-05 -9.650533e-08 3.080775e-05 -3.786346e-07
1204           -7.082871e-06 1.653044e-02 -1.044305e-05 -7.002844e-06 1.649968e-02 -1.002941e-05 -8.002692e-08 3.075816e-05 -4.136341e-07
1205           -6.992770e-06 1.653203e-02 -1.005292e-05 -6.928491e-06 1.650130e-02 -9.667166e-06 -6.427940e-08 3.072644e-05 -3.857528e-07
1206           -7.249686e-06 1.653418e-02 -9.211554e-06 -7.195494e-06 1.650350e-02 -8.800483e-06 -5.419135e-08 3.067807e-05 -4.110705e-07
1207           -7.102488e-06 1.653559e-02 -8.851683e-06 -7.053032e-06 1.650485e-02 -8.422615e-06 -4.945597e-08 3.074437e-05 -4.290673e-07
1208           -7.311842e-06 1.653750e-02 -7.878057e-06 -7.264560e-06 1.650685e-02 -7.532438e-06 -4.728194e-08 3.064922e-05 -3.456187e-07
1209           -7.130289e-06 1.653881e-02 -7.525154e-06 -7.098558e-06 1.650814e-02 -7.139477e-06 -3.173136e-08 3.066932e-05 -3.856775e-07
1210           -7.309060e-06 1.654058e-02 -6.689523e-06 -7.294152e-06 1.650995e-02 -6.215084e-06 -1.490793e-08 3.063010e-05 -4.744387e-07
1211           -7.092957e-06 1.654176e-02 -6.238262e-06 -7.088990e-06 1.651113e-02 -5.834916e-06 -3.966852e-09 3.062566e-05 -4.033463e-07
1212           -7.213219e-06 1.654337e-02 -5.341493e-06 -7.214909e-06 1.651281e-02 -4.906223e-06 1.689233e-09 3.056685e-05 -4.352693e-07
1213           -7.014469e-06 1.654434e-02 -4.906945e-06 -7.010174e-06 1.651375e-02 -4.527655e-06 -4.295093e-09 3.058959e-05 -3.792893e-07
1214           -7.116863e-06 1.654570e-02 -3.963535e-06 -7.132253e-06 1.651515e-02 -3.554431e-06 1.539032e-08 3.055797e-05 -4.091044e-07
1215           -6.861750e-06 1.654642e-02 -3.525386e-06 -6.871122e-06 1.651581e-02 -3.135965e-06 9.371667e-09 3.060699e-05 -3.894219e-07
1216           -6.982926e-06 1.654762e-02 -2.532698e-06 -7.021219e-06 1.651710e-02 -2.091345e-06 3.829317e-08 3.052581e-05 -4.413524e-07
1217           -6.851795e-06 1.654784e-02 -2.014555e-06 -6.901237e-06 1.651734e-02 -1.589542e-06 4.944233e-08 3.049906e-05 -4.250129e-07
1218           -7.061311e-06 1.654892e-02 -9.304927e-07 -7.112009e-06 1.651843e-02 -5.376274e-07 5.069814e-08 3.049356e-05 -3.928653e-07
1219           -6.998570e-06 1.654912e-02 -4.580964e-07 -7.049587e-06 1.651858e-02 -3.381537e-08 5.101697e-08 3.054515e-05 -4.242810e-07
1220           -7.210464e-06 1.654989e-02 5.935683e-07 -7.267749e-06 1.651942e-02 9.009387e-07 5.728583e-08 3.047554e-05 -3.073704e-07
1221           -7.189278e-06 1.654911e-02 7.300894e-07 -7.266683e-06 1.651865e-02 1.081770e-06 7.740495e-08 3.046056e-05 -3.516806e-07
1222           -7.336113e-06 1.654997e-02 1.392506e-06 -7.426792e-06 1.651949e-02 1.821221e-06 9.067909e-08 3.047128e-05 -4.287157e-07
1223           -6.826661e-06 1.654980e-02 1.515131e-06 -6.936945e-06 1.651933e-02 1.935940e-06 1.102835e-07 3.046381e-05 -4.208085e-07
1224           -6.655341e-06 1.655067e-02 2.345360e-06 -6.765124e-06 1.652025e-02 2.727569e-06 1.097829e-07 3.041794e-05 -3.822089e-07
1225           -6.134521e-06 1.655067e-02 2.518313e-06 -6.247405e-06 1.652024e-02 2.881976e-06 1.128847e-07 3.043626e-05 -3.636633e-07
1226           -6.013863e-06 1.655134e-02 3.277047e-06 -6.127343e-06 1.652094e-02 3.623265e-06 1.134796e-07 3.040202e-05 -3.462177e-07
1227           -5.643890e-06 1.655139e-02 3.338412e-06 -5.767534e-06 1.652096e-02 3.756607e-06 1.236437e-07 3.042148e-05 -4.181946e-07
1228           -5.293393e-06 1.655156e-02 3.956289e-06 -5.422113e-06 1.652117e-02 4.348147e-06 1.287192e-07 3.038939e-05 -3.918584e-07
1229           -4.996364e-06 1.655169e-02 4.158166e-06 -5.135019e-06 1.652134e-02 4.550383e-06 1.386551e-07 3.035665e-05 -3.922170e-07
1230           -4.637769e-06 1.655155e-02 4.788366e-06 -4.770164e-06 1.652117e-02 5.162998e-06 1.323950e-07 3.037535e-05 -3.746321e-07
1231           -4.261193e-06 1.655138e-02 4.996986e-06 -4.390062e-06 1.652094e-02 5.338684e-06 1.288682e-07 3.043715e-05 -3.416981e-07
1232           -3.939593e-06 1.655080e-02 5.826063e-06 -4.077461e-06 1.652045e-02 6.148467e-06 1.378686e-07 3.034705e-05 -3.224042e-07
1233           -3.456075e-06 1.655093e-02 5.802968e-06 -3.595808e-06 1.652055e-02 6.134968e-06 1.397331e-07 3.038623e-05 -3.319994e-07
1234           -3.314130e-06 1.654970e-02 6.746112e-06 -3.459867e-06 1.651934e-02 7.167927e-06 1.457369e-07 3.035885e-05 -4.218157e-07
1235           -2.904667e-06 1.654894e-02 7.183835e-06 -3.046575e-06 1.651858e-02 7.530868e-06 1.419077e-07 3.035826e-05 -3.470333e-07
1236           -2.502522e-06 1.654875e-02 7.592961e-06 -2.637950e-06 1.651843e-02 7.931129e-06 1.354282e-07 3.032170e-05 -3.381688e-07
1237           -2.283088e-06 1.654741e-02 8.341959e-06 -2.409613e-06 1.651704e-02 8.610470e-06 1.265245e-07 3.037551e-05 -2.685103e-07
1238           -1.726052e-06 1.654806e-02 8.128498e-06 -1.864998e-06 1.651770e-02 8.473212e-06 1.389462e-07 3.035817e-05 -3.447139e-07
1239           -1.567312e-06 1.654606e-02 8.969360e-06 -1.698186e-06 1.651567e-02 9.288105e-06 1.308738e-07 3.038949e-05 -3.187450e-07
1240           -1.045808e-06 1.654582e-02 9.017396e-06 -1.174558e-06 1.651551e-02 9.346999e-06 1.287504e-07 3.031162e-05 -3.296033e-07
1241           -8.764603e-07 1.654429e-02 9.646765e-06 -1.002223e-06 1.651394e-02 9.922598e-06 1.257624e-07 3.034656e-05 -2.758326e-07
1242           -3.484532e-07 1.654396e-02 9.474440e-06 -4.579034e-07 1.651361e-02 9.780774e-06 1.094501e-07 3.034600e-05 -3.063335e-07
1243           -2.424305e-07 1.654191e-02 1.025629e-05 -3.464790e-07 1.651156e-02 1.049582e-05 1.040485e-07 3.034996e-05 -2.395269e-07
1244           3.512795e-07 1.654135e-02 1.003621e-05 2.330978e-07 1.651100e-02 1.030752e-05 1.181817e-07 3.035307e-05 -2.713113e-07
1245           4.582850e-07 1.653973e-02 1.050531e-05 3.591695e-07 1.650937e-02 1.069389e-05 9.911544e-08 3.035945e-05 -1.885861e-07
1246           1.016107e-06 1.653807e-02 1.033296e-05 9.090851e-07 1.650775e-02 1.065899e-05 1.070216e-07 3.032271e-05 -3.260288e-07
1247           1.123603e-06 1.653699e-02 1.059298e-05 1.036371e-06 1.650663e-02 1.084139e-05 8.723262e-08 3.035947e-05 -2.484060e-07
1248           1.728923e-06 1.653502e-02 1.058423e-05 1.645047e-06 1.650463e-02 1.086239e-05 8.387638e-08 3.038428e-05 -2.781626e-07
1249           1.767294e-06 1.653417e-02 1.062205e-05 1.698247e-06 1.650382e-02 1.078964e-05 6.904649e-08 3.035641e-05 -1.675963e-07
1250           2.230445e-06 1.653090e-02 1.085471e-05 2.151834e-06 1.650058e-02 1.107728e-05 7.861096e-08 3.031953e-05 -2.225666e-07
1251           2.471312e-06 1.653092e-02 1.038309e-05 2.410964e-06 1.650053e-02 1.055701e-05 6.034780e-08 3.038763e-05 -1.739218e-07
1252           2.973639e-06 1.652799e-02 1.044038e-05 2.910390e-06 1.649762e-02 1.065684e-05 6.324829e-08 3.037178e-05 -2.164587e-07
1253           3.185155e-06 1.652749e-02 9.879846e-06 3.125839e-06 1.649712e-02 1.008323e-05 5.931561e-08 3.036841e-05 -2.033811e-07
1254           3.539518e-06 1.652369e-02 1.022189e-05 3.484053e-06 1.649334e-02 1.047576e-05 5.546486e-08 3.035471e-05 -2.538696e-07
1255           3.887455e-06 1.652418e-02 9.437788e-06 3.868844e-06 1.649376e-02 9.585480e-06 1.861108e-08 3.041263e-05 -1.476919e-07
1256           4.213196e-06 1.652080e-02 9.698344e-06 4.190446e-06 1.649039e-02 9.792455e-06 2.274999e-08 3.040987e-05 -9.411009e-08
1257           4.558354e-06 1.652055e-02 8.733626e-06 4.537167e-06 1.649012e-02 8.869595e-06 2.118665e-08 3.043089e-05 -1.359689e-07
1258           4.798306e-06 1.651669e-02 9.091068e-06 4.775503e-06 1.648632e-02 9.283724e-06 2.280322e-08 3.037122e-05 -1.926560e-07
1259           5.162244e-06 1.651760e-02 8.000341e-06 5.166951e-06 1.648719e-02 8.129347e-06 -4.707289e-09 3.041372e-05 -1.290061e-07
1260           5.428129e-06 1.651447e-02 8.057543e-06 5.434790e-06 1.648402e-02 8.228514e-06 -6.660693e-09 3.044989e-05 -1.709710e-07
1261           5.759260e-06 1.651454e-02 6.988159e-06 5.771395e-06 1.648409e-02 7.098525e-06 -1.213421e-08 3.045123e-05 -1.103660e-07
1262           5.981216e-06 1.651104e-02 7.311544e-06 6.002094e-06 1.648066e-02 7.389865e-06 -2.087859e-08 3.038148e-05 -7.832084e-08
1263           6.247964e-06 1.651250e-02 5.906993e-06 6.291723e-06 1.648201e-02 6.020614e-06 -4.375838e-08 3.048808e-05 -1.136208e-07
1264           6.477748e-06 1.650982e-02 5.846330e-06 6.521859e-06 1.647932e-02 5.952129e-06 -4.411126e-08 3.049917e-05 -1.057990e-07
1265           6.693084e-06 1.651036e-02 4.588992e-06 6.741332e-06 1.647988e-02 4.699811e-06 -4.824767e-08 3.047649e-05 -1.108191e-07
1266           6.983298e-06 1.650732e-02 4.666008e-06 7.040257e-06 1.647687e-02 4.758868e-06 -5.695949e-08 3.045599e-05 -9.285988e-08
1267           7.075978e-06 1.650925e-02 3.212529e-06 7.155953e-06 1.647878e-02 3.274708e-06 -7.997496e-08 3.046493e-05 -6.217907e-08
1268           7.318959e-06 1.650712e-02 2.960362e-06 7.402171e-06 1.647661e-02 3.003615e-06 -8.321223e-08 3.050506e-05 -4.325337e-08
1269           7.433208e-06 1.650829e-02 1.518153e-06 7.520053e-06 1.647775e-02 1.588309e-06 -8.684490e-08 3.054447e-05 -7.015608e-08
1270           7.928440e-06 1.650561e-02 1.167628e-06 8.021419e-06 1.647514e-02 1.271191e-06 -9.297938e-08 3.047425e-05 -1.035632e-07
1271           7.827364e-06 1.650749e-02 -1.106329e-07 7.943174e-06 1.647701e-02 -4.733155e-08 -1.158097e-07 3.048708e-05 -6.330137e-08
1272           8.339539e-06 1.650625e-02 -8.712797e-07 8.464320e-06 1.647570e-02 -8.634351e-07 -1.247813e-07 3.054587e-05 -7.844514e-09
1273           8.287846e-06 1.650696e-02 -2.090341e-06 8.414578e-06 1.647646e-02 -2.002341e-06 -1.267317e-07 3.049848e-05 -8.799976e-08
1274           9.041251e-06 1.650559e-02 -2.899796e-06 9.177890e-06 1.647514e-02 -2.835625e-06 -1.366391e-07 3.045302e-05 -6.417046e-08
1275           8.711792e-06 1.650719e-02 -3.985123e-06 8.871923e-06 1.647666e-02 -3.967901e-06 -1.601315e-07 3.053532e-05 -1.722233e-08
1276           9.119972e-06 1.650582e-02 -4.750295e-06 9.282522e-06 1.647530e-02 -4.705864e-06 -1.625502e-07 3.052014e-05 -4.443143e-08
1277           9.119597e-06 1.650442e-02 -5.944146e-06 9.282800e-06 1.647391e-02 -5.856488e-06 -1.632034e-07 3.051057e-05 -8.765818e-08
1278           8.972047e-06 1.650667e-02 -6.598288e-06 9.144807e-06 1.647618e-02 -6.495206e-06 -1.727607e-07 3.049267e-05 -1.030817e-07
1279           9.090317e-06 1.650429e-02 -7.633413e-06 9.293468e-06 1.647379e-02 -7.535612e-06 -2.031511e-07 3.050125e-05 -9.780048e-08
1280           8.893498e-06 1.650640e-02 -8.036131e-06 9.107093e-06 1.647587e-02 -8.041856e-06 -2.135953e-07 3.052941e-05 5.725188e-09
1281           8.897178e-06 1.650303e-02 -9.031081e-06 9.105458e-06 1.647250e-02 -8.971869e-06 -2.082801e-07 3.053160e-05 -5.921254e-08
1282           8.559338e-06 1.650552e-02 -9.199768e-06 8.770173e-06 1.647507e-02 -9.061768e-06 -2.108348e-07 3.044741e-05 -1.379995e-07
1283           8.574560e-06 1.650197e-02 -1.024074e-05 8.802141e-06 1.647145e-02 -1.008227e-05 -2.275806e-07 3.052007e-05 -1.584625e-07
1284           8.146596e-06 1.650419e-02 -1.008681e-05 8.391057e-06 1.647364e-02 -9.982782e-06 -2.444613e-07 3.055789e-05 -1.040298e-07
1285           8.182052e-06 1.650040e-02 -1.135108e-05 8.422425e-06 1.646988e-02 -1.124828e-05 -2.403736e-07 3.052356e-05 -1.028005e-07
1286           7.645502e-06 1.650327e-02 -1.087425e-05 7.888544e-06 1.647278e-02 -1.076437e-05 -2.430418e-07 3.049115e-05 -1.098714e-07
1287           7.537852e-06 1.649961e-02 -1.196442e-05 7.806864e-06 1.646906e-02 -1.183790e-05 -2.690117e-07 3.054838e-05 -1.265122e-07
1288           7.029938e-06 1.650226e-02 -1.165191e-05 7.296893e-06 1.647172e-02 -1.150184e-05 -2.669548e-07 3.053287e-05 -1.500704e-07
1289           6.824329e-06 1.649846e-02 -1.274018e-05 7.080894e-06 1.646792e-02 -1.255282e-05 -2.565659e-07 3.054145e-05 -1.873605e-07
1290           6.334471e-06 1.650138e-02 -1.222996e-05 6.604419e-06 1.647087e-02 -1.206924e-05 -2.699476e-07 3.050408e-05 -1.607219e-07
1291           5.908404e-06 1.649779e-02 -1.316219e-05 6.199747e-06 1.646725e-02 -1.295649e-05 -2.913431e-07 3.053439e-05 -2.057042e-07
1292           5.542027e-06 1.650113e-02 -1.265654e-05 5.830335e-06 1.647058e-02 -1.250320e-05 -2.883082e-07 3.055742e-05 -1.533468e-07
1293           5.045191e-06 1.649725e-02 -1.352612e-05 5.311767e-06 1.646668e-02 -1.333216e-05 -2.665765e-07 3.057167e-05 -1.939635e-07
1294           4.710660e-06 1.650067e-02 -1.305637e-05 4.983950e-06 1.647015e-02 -1.283566e-05 -2.732900e-07 3.051123e-05 -2.207135e-07
1295           4.078845e-06 1.649717e-02 -1.381966e-05 4.357015e-06 1.646658e-02 -1.354769e-05 -2.781702e-07 3.058772e-05 -2.719727e-07
1296           3.835122e-06 1.650148e-02 -1.326490e-05 4.135189e-06 1.647093e-02 -1.298779e-05 -3.000671e-07 3.054747e-05 -2.771153e-07
1297           3.178167e-06 1.649778e-02 -1.375289e-05 3.464742e-06 1.646722e-02 -1.351609e-05 -2.865755e-07 3.055822e-05 -2.367986e-07
1298           2.922392e-06 1.650132e-02 -1.323227e-05 3.199673e-06 1.647081e-02 -1.301833e-05 -2.772816e-07 3.050889e-05 -2.139360e-07
1299           2.207523e-06 1.649872e-02 -1.372456e-05 2.484719e-06 1.646816e-02 -1.340015e-05 -2.771958e-07 3.056328e-05 -3.244107e-07
1300           2.035339e-06 1.650281e-02 -1.322086e-05 2.314317e-06 1.647223e-02 -1.294765e-05 -2.789773e-07 3.057457e-05 -2.732136e-07
1301           1.613901e-06 1.650090e-02 -1.351596e-05 1.864334e-06 1.647031e-02 -1.319267e-05 -2.504328e-07 3.059237e-05 -3.232981e-07
1302           1.182875e-06 1.650390e-02 -1.308397e-05 1.444686e-06 1.647338e-02 -1.270156e-05 -2.618117e-07 3.051425e-05 -3.824139e-07
1303           7.516233e-07 1.650264e-02 -1.322762e-05 1.035219e-06 1.647208e-02 -1.290516e-05 -2.835961e-07 3.056122e-05 -3.224552e-07
1304           3.648686e-07 1.650593e-02 -1.255174e-05 6.365903e-07 1.647538e-02 -1.226375e-05 -2.717217e-07 3.054567e-05 -2.879904e-07
1305           -4.348476e-08 1.650470e-02 -1.279027e-05 1.979176e-07 1.647415e-02 -1.245500e-05 -2.414023e-07 3.054263e-05 -3.352752e-07
1306           -4.236727e-07 1.650823e-02 -1.208332e-05 -1.833145e-07 1.647775e-02 -1.171268e-05 -2.403582e-07 3.047493e-05 -3.706477e-07
1307           -8.455832e-07 1.650738e-02 -1.226734e-05 -6.058866e-07 1.647680e-02 -1.185053e-05 -2.396966e-07 3.058304e-05 -4.168087e-07
1308           -1.063065e-06 1.651115e-02 -1.143259e-05 -8.187983e-07 1.648061e-02 -1.103567e-05 -2.442672e-07 3.054492e-05 -3.969211e-07
1309           -1.237594e-06 1.651103e-02 -1.123400e-05 -1.002775e-06 1.648054e-02 -1.085013e-05 -2.348190e-07 3.049249e-05 -3.838757e-07
1310           -1.590529e-06 1.651382e-02 -1.052380e-05 -1.362352e-06 1.648338e-02 -1.016104e-05 -2.281772e-07 3.043662e-05 -3.627555e-07
1311           -1.859665e-06 1.651452e-02 -1.014315e-05 -1.626635e-06 1.648398e-02 -9.820674e-06 -2.330300e-07 3.053501e-05 -3.224749e-07
1312           -2.176752e-06 1.651711e-02 -9.607120e-06 -1.956420e-06 1.648660e-02 -9.178280e-06 -2.203315e-07 3.050776e-05 -4.288399e-07
1313           -2.480988e-06 1.651802e-02 -9.146275e-06 -2.274473e-06 1.648754e-02 -8.702518e-06 -2.065144e-07 3.047686e-05 -4.437570e-07
1314           -2.790626e-06 1.652030e-02 -8.523713e-06 -2.575971e-06 1.648988e-02 -8.128015e-06 -2.146548e-07 3.041963e-05 -3.956978e-07
1315           -3.135106e-06 1.652146e-02 -7.968821e-06 -2.924152e-06 1.649101e-02 -7.560317e-06 -2.109540e-07 3.044580e-05 -4.085037e-07
1316           -3.382429e-06 1.652346e-02 -7.384174e-06 -3.172575e-06 1.649305e-02 -7.021485e-06 -2.098537e-07 3.041484e-05 -3.626887e-07
1317           -3.735305e-06 1.652476e-02 -6.707162e-06 -3.559716e-06 1.649432e-02 -6.311115e-06 -1.755889e-07 3.043724e-05 -3.960470e-07
1318           -3.981651e-06 1.652653e-02 -6.259644e-06 -3.805171e-06 1.649614e-02 -5.810951e-06 -1.764801e-07 3.039197e-05 -4.486927e-07
1319           -4.404829e-06 1.652795e-02 -5.366884e-06 -4.235042e-06 1.649750e-02 -4.934163e-06 -1.697866e-07 3.045740e-05 -4.327213e-07
1320           -4.600457e-06 1.652916e-02 -4.866573e-06 -4.433256e-06 1.649876e-02 -4.440057e-06 -1.672004e-07 3.039844e-05 -4.265152e-07
1321           -5.028090e-06 1.653059e-02 -3.817117e-06 -4.875037e-06 1.650023e-02 -3.424266e-06 -1.530530e-07 3.035769e-05 -3.928509e-07
1322           -5.199264e-06 1.653140e-02 -3.264992e-06 -5.053855e-06 1.650106e-02 -2.939497e-06 -1.454089e-07 3.034336e-05 -3.254942e-07
1323           -5.687803e-06 1.653319e-02 -2.306332e-06 -5.550370e-06 1.650278e-02 -1.914994e-06 -1.374332e-07 3.040803e-05 -3.913379e-07
1324           -5.857419e-06 1.653350e-02 -1.909238e-06 -5.736782e-06 1.650317e-02 -1.474710e-06 -1.206363e-07 3.033419e-05 -4.345276e-07
1325           -6.396480e-06 1.653528e-02 -9.021476e-07 -6.297374e-06 1.650494e-02 -4.556328e-07 -9.910593e-08 3.034072e-05 -4.465148e-07
1326           -6.658140e-06 1.653516e-02 -4.635057e-07 -6.555162e-06 1.650486e-02 -9.087171e-08 -1.029779e-07 3.029997e-05 -3.726339e-07
1327           -7.206840e-06 1.653726e-02 4.684065e-07 -7.116264e-06 1.650692e-02 8.252389e-07 -9.057572e-08 3.033586e-05 -3.568323e-07
1328           -7.458570e-06 1.653663e-02 9.525472e-07 -7.383571e-06 1.650631e-02 1.305825e-06 -7.499835e-08 3.031203e-05 -3.532777e-07
1329           -7.927311e-06 1.653905e-02 1.757803e-06 -7.878761e-06 1.650873e-02 2.083513e-06 -4.854929e-08 3.032149e-05 -3.257094e-07
1330           -8.206968e-06 1.653778e-02 2.270123e-06 -8.168654e-06 1.650748e-02 2.656153e-06 -3.831386e-08 3.029875e-05 -3.860297e-07
1331           -8.565334e-06 1.654078e-02 2.697159e-06 -8.540873e-06 1.651049e-02 3.111408e-06 -2.446149e-08 3.028699e-05 -4.142498e-07
1332           -8.795681e-06 1.653896e-02 3.387082e-06 -8.767832e-06 1.650867e-02 3.751861e-06 -2.784847e-08 3.028953e-05 -3.647787e-07
1333           -9.069561e-06 1.654193e-02 3.877784e-06 -9.067693e-06 1.651167e-02 4.188275e-06 -1.868393e-09 3.025378e-05 -3.104915e-07
1334           -9.246828e-06 1.653994e-02 4.420241e-06 -9.260971e-06 1.650970e-02 4.744850e-06 1.414294e-08 3.024006e-05 -3.246094e-07
1335           -9.444519e-06 1.654292e-02 4.709580e-06 -9.468963e-06 1.651266e-02 5.006698e-06 2.444413e-08 3.025718e-05 -2.971187e-07
1336           -9.561340e-06 1.654079e-02 5.209006e-06 -9.614626e-06 1.651054e-02 5.585197e-06 5.328661e-08 3.024368e-05 -3.761908e-07
1337           -9.666285e-06 1.654362e-02 5.372866e-06 -9.735413e-06 1.651334e-02 5.748859e-06 6.912830e-08 3.027978e-05 -3.759933e-07
1338           -9.770179e-06 1.654156e-02 5.899087e-06 -9.839010e-06 1.651132e-02 6.260981e-06 6.883163e-08 3.024663e-05 -3.618936e-07
1339           -9.783991e-06 1.654408e-02 6.030228e-06 -9.865936e-06 1.651388e-02 6.307801e-06 8.194497e-08 3.020503e-05 -2.775731e-07
1340           -9.819082e-06 1.654216e-02 6.575088e-06 -9.922805e-06 1.651195e-02 6.849068e-06 1.037231e-07 3.021768e-05 -2.739794e-07
1341           -9.777420e-06 1.654463e-02 6.601995e-06 -9.897899e-06 1.651440e-02 6.879936e-06 1.204784e-07 3.023239e-05 -2.779411e-07
1342           -9.756543e-06 1.654262e-02 6.854469e-06 -9.883951e-06 1.651241e-02 7.208271e-06 1.274079e-07 3.020973e-05 -3.538015e-07
1343           -9.626217e-06 1.654483e-02 6.779159e-06 -9.772691e-06 1.651462e-02 7.093490e-06 1.464745e-07 3.020567e-05 -3.143312e-07
1344           -9.556666e-06 1.654304e-02 7.201844e-06 -9.702320e-06 1.651283e-02 7.505896e-06 1.456540e-07 3.021271e-05 -3.040515e-07
1345           -9.341667e-06 1.654520e-02 7.109009e-06 -9.504104e-06 1.651503e-02 7.389413e-06 1.624375e-07 3.016805e-05 -2.804039e-07
1346           -9.155193e-06 1.654343e-02 7.266784e-06 -9.337693e-06 1.651324e-02 7.585707e-06 1.824995e-07 3.018700e-05 -3.189229e-07
1347           -8.861346e-06 1.654512e-02 7.152294e-06 -9.057865e-06 1.651494e-02 7.412270e-06 1.965185e-07 3.018344e-05 -2.599761e-07
1348           -8.643019e-06 1.654382e-02 7.441731e-06 -8.847173e-06 1.651363e-02 7.718706e-06 2.041549e-07 3.018581e-05 -2.769746e-07
1349           -8.330401e-06 1.654547e-02 7.445013e-06 -8.535294e-06 1.651531e-02 7.728876e-06 2.048933e-07 3.016333e-05 -2.838634e-07
1350           -7.992775e-06 1.654393e-02 7.527289e-06 -8.202972e-06 1.651376e-02 7.831543e-06 2.101964e-07 3.017079e-05 -3.042542e-07
1351           -7.563401e-06 1.654536e-02 7.554453e-06 -7.787407e-06 1.651523e-02 7.816208e-06 2.240055e-07 3.013235e-05 -2.617549e-07
1352           -7.172240e-06 1.654396e-02 7.762714e-06 -7.408551e-06 1.651383e-02 8.024249e-06 2.363106e-07 3.013159e-05 -2.615346e-07
1353           -6.686379e-06 1.654535e-02 7.741921e-06 -6.924668e-06 1.651521e-02 7.990077e-06 2.382894e-07 3.014524e-05 -2.481564e-07
1354           -6.251965e-06 1.654392e-02 7.884716e-06 -6.496870e-06 1.651378e-02 8.180474e-06 2.449058e-07 3.013974e-05 -2.957577e-07
1355           -5.653013e-06 1.654511e-02 7.785174e-06 -5.899371e-06 1.651500e-02 8.084907e-06 2.463577e-07 3.011192e-05 -2.997327e-07
1356           -5.163786e-06 1.654379e-02 8.114672e-06 -5.398588e-06 1.651368e-02 8.350594e-06 2.348015e-07 3.011038e-05 -2.359217e-07
1357           -4.355860e-06 1.654511e-02 7.914529e-06 -4.602491e-06 1.651501e-02 8.166987e-06 2.466314e-07 3.009631e-05 -2.524583e-07
1358           -3.983288e-06 1.654321e-02 8.229757e-06 -4.235701e-06 1.651314e-02 8.497511e-06 2.524127e-07 3.007873e-05 -2.677540e-07
1359           -3.046092e-06 1.654462e-02 7.995492e-06 -3.294565e-06 1.651453e-02 8.206691e-06 2.484728e-07 3.009294e-05 -2.111997e-07
1360           -2.709807e-06 1.654251e-02 8.367763e-06 -2.961649e-06 1.651239e-02 8.623029e-06 2.518421e-07 3.011755e-05 -2.552660e-07
1361           -1.692354e-06 1.654372e-02 7.954360e-06 -1.935479e-06 1.651366e-02 8.233470e-06 2.431253e-07 3.006040e-05 -2.791097e-07
1362           -1.328419e-06 1.654170e-02 8.469604e-06 -1.550292e-06 1.651166e-02 8.687984e-06 2.218732e-07 3.003618e-05 -2.183793e-07
1363           -2.638714e-07 1.654277e-02 7.973639e-06 -4.891210e-07 1.651271e-02 8.238164e-06 2.252496e-07 3.006434e-05 -2.645253e-07
1364           1.951630e-07 1.654071e-02 8.478660e-06 -3.056595e-08 1.651066e-02 8.681118e-06 2.257289e-07 3.005224e-05 -2.024580e-07
1365           1.161822e-06 1.654162e-02 7.897049e-06 9.577864e-07 1.651157e-02 8.137347e-06 2.040359e-07 3.004867e-05 -2.402987e-07
1366           1.661540e-06 1.653950e-02 8.329243e-06 1.470092e-06 1.650949e-02 8.549227e-06 1.914475e-07 3.001436e-05 -2.199834e-07
1367           2.538636e-06 1.654033e-02 7.675748e-06 2.350144e-06 1.651029e-02 7.918987e-06 1.884921e-07 3.004185e-05 -2.432393e-07
1368           3.081653e-06 1.653823e-02 8.107281e-06 2.911070e-06 1.650817e-02 8.257528e-06 1.705835e-07 3.006333e-05 -1.502478e-07
1369           3.822476e-06 1.653878e-02 7.317930e-06 3.663920e-06 1.650876e-02 7.565582e-06 1.585564e-07 3.001529e-05 -2.476523e-07
1370           4.401092e-06 1.653653e-02 7.628317e-06 4.253263e-06 1.650651e-02 7.857615e-06 1.478296e-07 3.001642e-05 -2.292977e-07
1371           4.986800e-06 1.653703e-02 6.948048e-06 4.858891e-06 1.650698e-02 7.126898e-06 1.279097e-07 3.005385e-05 -1.788498e-07
1372           5.608624e-06 1.653471e-02 7.171626e-06 5.487808e-06 1.650472e-02 7.340865e-06 1.208154e-07 2.999276e-05 -1.692393e-07
1373           6.047182e-06 1.653513e-02 6.409665e-06 5.946443e-06 1.650511e-02 6.585472e-06 1.007398e-07 3.002741e-05 -1.758075e-07
1374           6.685605e-06 1.653272e-02 6.573740e-06 6.615242e-06 1.650270e-02 6.759759e-06 7.036267e-08 3.002263e-05 -1.860189e-07
1375           7.000249e-06 1.653309e-02 5.838030e-06 6.935240e-06 1.650305e-02 6.014342e-06 6.500967e-08 3.003939e-05 -1.763115e-07
1376           7.676817e-06 1.653045e-02 6.028316e-06 7.624246e-06 1.650042e-02 6.125517e-06 5.257056e-08 3.003182e-05 -9.720135e-08
1377           7.835073e-06 1.653073e-02 5.216592e-06 7.805160e-06 1.650071e-02 5.360079e-06 2.991380e-08 3.002684e-05 -1.434863e-07
1378           8.545222e-06 1.652800e-02 5.247241e-06 8.531292e-06 1.649800e-02 5.440557e-06 1.393050e-08 2.999277e-05 -1.933164e-07
1379           9.129607e-06 1.652695e-02 4.661496e-06 9.127667e-06 1.649689e-02 4.848481e-06 1.940141e-09 3.005785e-05 -1.869846e-07
1380           8.832776e-06 1.652650e-02 4.637839e-06 8.854918e-06 1.649644e-02 4.743168e-06 -2.214247e-08 3.006486e-05 -1.053289e-07
1381           9.485626e-06 1.652453e-02 3.932897e-06 9.514759e-06 1.649449e-02 4.074991e-06 -2.913328e-08 3.003159e-05 -1.420942e-07
1382           9.241173e-06 1.652408e-02 3.849849e-06 9.271953e-06 1.649405e-02 3.953638e-06 -3.077945e-08 3.002279e-05 -1.037887e-07
1383           9.819830e-06 1.652207e-02 3.153762e-06 9.878909e-06 1.649198e-02 3.270437e-06 -5.907873e-08 3.009066e-05 -1.166750e-07
1384           9.552561e-06 1.652171e-02 2.948660e-06 9.618381e-06 1.649165e-02 3.055816e-06 -6.581996e-08 3.006394e-05 -1.071558e-07
1385           1.011016e-05 1.651943e-02 2.194836e-06 1.019280e-05 1.648936e-02 2.383935e-06 -8.263145e-08 3.006739e-05 -1.890988e-07
1386           9.744953e-06 1.651930e-02 2.063716e-06 9.844586e-06 1.648922e-02 2.120031e-06 -9.963274e-08 3.007396e-05 -5.631535e-08
1387           1.030005e-05 1.651694e-02 1.318498e-06 1.040520e-05 1.648684e-02 1.453977e-06 -1.051484e-07 3.009985e-05 -1.354792e-07
1388           9.861484e-06 1.651687e-02 1.055800e-06 9.976664e-06 1.648679e-02 1.166000e-06 -1.151801e-07 3.008330e-05 -1.102000e-07
1389           1.038496e-05 1.651459e-02 3.057712e-07 1.053135e-05 1.648448e-02 4.253813e-07 -1.463955e-07 3.011404e-05 -1.196100e-07
1390           9.845777e-06 1.651467e-02 5.028582e-08 9.994414e-06 1.648456e-02 1.526631e-07 -1.486370e-07 3.010756e-05 -1.023772e-07
1391           1.037763e-05 1.651244e-02 -7.191069e-07 1.053851e-05 1.648228e-02 -6.287259e-07 -1.608727e-07 3.016231e-05 -9.038104e-08
1392           9.745480e-06 1.651264e-02 -1.000915e-06 9.912177e-06 1.648251e-02 -9.109723e-07 -1.666969e-07 3.013900e-05 -8.994296e-08
1393           1.022506e-05 1.651031e-02 -1.852988e-06 1.040623e-05 1.648018e-02 -1.696495e-06 -1.811685e-07 3.012426e-05 -1.564934e-07
1394           9.579497e-06 1.651075e-02 -2.000196e-06 9.771291e-06 1.648060e-02 -1.918735e-06 -1.917933e-07 3.014663e-05 -8.146119e-08
1395           9.936929e-06 1.650849e-02 -2.810746e-06 1.014621e-05 1.647832e-02 -2.733885e-06 -2.092823e-07 3.017420e-05 -7.686096e-08
1396           9.370706e-06 1.650898e-02 -2.935448e-06 9.580731e-06 1.647882e-02 -2.891473e-06 -2.100245e-07 3.015431e-05 -4.397507e-08
1397           9.569721e-06 1.650684e-02 -3.887644e-06 9.791863e-06 1.647666e-02 -3.737891e-06 -2.221418e-07 3.017857e-05 -1.497533e-07
1398           9.026253e-06 1.650751e-02 -3.974423e-06 9.259224e-06 1.647735e-02 -3.888113e-06 -2.329705e-07 3.015496e-05 -8.630972e-08
1399           9.134839e-06 1.650535e-02 -4.855075e-06 9.366879e-06 1.647514e-02 -4.708359e-06 -2.320409e-07 3.020743e-05 -1.467164e-07
1400           8.611018e-06 1.650623e-02 -4.863083e-06 8.853652e-06 1.647604e-02 -4.795606e-06 -2.426345e-07 3.018813e-05 -6.747685e-08
1401           8.662070e-06 1.650397e-02 -5.720975e-06 8.919099e-06 1.647375e-02 -5.627488e-06 -2.570291e-07 3.021631e-05 -9.348664e-08
1402           8.109945e-06 1.650534e-02 -5.708116e-06 8.376073e-06 1.647514e-02 -5.651832e-06 -2.661278e-07 3.020270e-05 -5.628396e-08
1403           8.010795e-06 1.650380e-02 -6.514314e-06 8.275862e-06 1.647356e-02 -6.390383e-06 -2.650671e-07 3.023394e-05 -1.239312e-07
1404           7.580557e-06 1.650447e-02 -6.574605e-06 7.850560e-06 1.647425e-02 -6.479817e-06 -2.700026e-07 3.021920e-05 -9.478838e-08
1405           7.378410e-06 1.650392e-02 -7.196680e-06 7.649452e-06 1.647368e-02 -7.054407e-06 -2.710424e-07 3.023136e-05 -1.422724e-07
1406           7.086301e-06 1.650395e-02 -7.202815e-06 7.358568e-06 1.647370e-02 -7.103357e-06 -2.722668e-07 3.025424e-05 -9.945867e-08
1407           6.736570e-06 1.650475e-02 -7.675805e-06 7.021648e-06 1.647447e-02 -7.586355e-06 -2.850787e-07 3.028616e-05 -8.945032e-08
1408           6.556937e-06 1.650381e-02 -7.752042e-06 6.839028e-06 1.647358e-02 -7.655644e-06 -2.820906e-07 3.023132e-05 -9.639846e-08
1409           6.030856e-06 1.650587e-02 -8.108570e-06 6.324142e-06 1.647561e-02 -7.939030e-06 -2.932861e-07 3.026509e-05 -1.695394e-07
1410           5.963474e-06 1.650432e-02 -8.157334e-06 6.258636e-06 1.647406e-02 -8.040747e-06 -2.951624e-07 3.025857e-05 -1.165867e-07
1411           5.403094e-06 1.650648e-02 -8.291603e-06 5.688550e-06 1.647620e-02 -8.150649e-06 -2.854556e-07 3.028187e-05 -1.409542e-07
1412           5.254720e-06 1.650530e-02 -8.323548e-06 5.541044e-06 1.647502e-02 -8.216589e-06 -2.863239e-07 3.027651e-05 -1.069592e-07
1413           4.727116e-06 1.650741e-02 -8.343064e-06 5.024597e-06 1.647712e-02 -8.222435e-06 -2.974804e-07 3.028255e-05 -1.206286e-07
1414           4.474772e-06 1.650690e-02 -8.312169e-06 4.771822e-06 1.647664e-02 -8.175641e-06 -2.970499e-07 3.026185e-05 -1.365277e-07
1415           4.017841e-06 1.650876e-02 -8.278125e-06 4.310671e-06 1.647846e-02 -8.110092e-06 -2.928297e-07 3.029843e-05 -1.680333e-07
1416           3.672282e-06 1.650882e-02 -8.084133e-06 3.955531e-06 1.647855e-02 -7.953410e-06 -2.832490e-07 3.027702e-05 -1.307228e-07
1417           3.241161e-06 1.651049e-02 -8.020074e-06 3.516743e-06 1.648024e-02 -7.837320e-06 -2.755815e-07 3.024654e-05 -1.827538e-07
1418           2.845241e-06 1.651106e-02 -7.772893e-06 3.126146e-06 1.648081e-02 -7.566821e-06 -2.809047e-07 3.025232e-05 -2.060714e-07
1419           2.542108e-06 1.651158e-02 -7.728678e-06 2.828912e-06 1.648131e-02 -7.571628e-06 -2.868033e-07 3.026115e-05 -1.570496e-07
1420           2.138158e-06 1.651356e-02 -7.197041e-06 2.423724e-06 1.648328e-02 -7.088481e-06 -2.855661e-07 3.027969e-05 -1.085597e-07
1421           1.919732e-06 1.651361e-02 -7.253107e-06 2.197044e-06 1.648337e-02 -7.059582e-06 -2.773119e-07 3.024400e-05 -1.935249e-07
1422           1.489321e-06 1.651615e-02 -6.722299e-06 1.759107e-06 1.648591e-02 -6.547894e-06 -2.697864e-07 3.023738e-05 -1.744054e-07
1423           1.272299e-06 1.651657e-02 -6.614994e-06 1.533496e-06 1.648635e-02 -6.395768e-06 -2.611975e-07 3.022308e-05 -2.192265e-07
1424           8.607621e-07 1.651874e-02 -6.105774e-06 1.114499e-06 1.648849e-02 -5.925831e-06 -2.537366e-07 3.024365e-05 -1.799428e-07
1425           5.890648e-07 1.651944e-02 -5.806399e-06 8.479290e-07 1.648921e-02 -5.610610e-06 -2.588642e-07 3.022365e-05 -1.957895e-07
1426           2.434035e-07 1.652140e-02 -5.415059e-06 4.980150e-07 1.649118e-02 -5.283476e-06 -2.546115e-07 3.021393e-05 -1.315835e-07
1427           -1.445291e-08 1.652213e-02 -5.164343e-06 2.330523e-07 1.649195e-02 -4.938930e-06 -2.475052e-07 3.018649e-05 -2.254123e-07
1428           -3.246948e-07 1.652403e-02 -4.793268e-06 -8.564782e-08 1.649382e-02 -4.650232e-06 -2.390470e-07 3.020753e-05 -1.430358e-07
1429           -5.858738e-07 1.652485e-02 -4.504007e-06 -3.647837e-07 1.649466e-02 -4.261562e-06 -2.210901e-07 3.019317e-05 -2.424445e-07
1430           -8.841383e-07 1.652650e-02 -4.158243e-06 -6.599265e-07 1.649633e-02 -3.983206e-06 -2.242117e-07 3.017514e-05 -1.750365e-07
1431           -1.164462e-06 1.652750e-02 -3.760351e-06 -9.461839e-07 1.649730e-02 -3.570215e-06 -2.182781e-07 3.019282e-05 -1.901352e-07
1432           -1.441652e-06 1.652898e-02 -3.466195e-06 -1.228105e-06 1.649881e-02 -3.314125e-06 -2.135472e-07 3.016913e-05 -1.520703e-07
1433           -1.708655e-06 1.653008e-02 -3.121169e-06 -1.508909e-06 1.649991e-02 -2.873048e-06 -1.997453e-07 3.016743e-05 -2.481214e-07
1434           -1.995374e-06 1.653132e-02 -2.843151e-06 -1.794597e-06 1.650116e-02 -2.652766e-06 -2.007765e-07 3.016090e-05 -1.903849e-07
1435           -2.241086e-06 1.653249e-02 -2.437894e-06 -2.056807e-06 1.650236e-02 -2.185560e-06 -1.842788e-07 3.012928e-05 -2.523342e-07
1436           -2.514731e-06 1.653349e-02 -2.152560e-06 -2.335338e-06 1.650333e-02 -2.012106e-06 -1.793935e-07 3.015583e-05 -1.404537e-07
1437           -2.745191e-06 1.653472e-02 -1.727988e-06 -2.577523e-06 1.650459e-02 -1.536745e-06 -1.676676e-07 3.013514e-05 -1.912427e-07
1438           -3.026803e-06 1.653546e-02 -1.583945e-06 -2.862597e-06 1.650539e-02 -1.391855e-06 -1.642057e-07 3.006931e-05 -1.920895e-07
1439           -3.263904e-06 1.653680e-02 -1.214421e-06 -3.104428e-06 1.650667e-02 -9.506325e-07 -1.594766e-07 3.012690e-05 -2.637888e-07
1440           -3.464914e-06 1.653751e-02 -9.738616e-07 -3.316523e-06 1.650740e-02 -8.101585e-07 -1.483907e-07 3.011565e-05 -1.637031e-07
1441           -3.717209e-06 1.653890e-02 -6.600273e-07 -3.595476e-06 1.650878e-02 -3.927951e-07 -1.217325e-07 3.011656e-05 -2.672322e-07
1442           -3.895131e-06 1.653941e-02 -4.971845e-07 -3.773359e-06 1.650938e-02 -2.908985e-07 -1.217723e-07 3.003098e-05 -2.062860e-07
1443           -4.153193e-06 1.654095e-02 -7.755768e-08 -4.033916e-06 1.651088e-02 1.188444e-07 -1.192777e-07 3.007303e-05 -1.964021e-07
1444           -4.278442e-06 1.654139e-02 -3.123824e-09 -4.162673e-06 1.651131e-02 2.035021e-07 -1.157688e-07 3.007102e-05 -2.066259e-07
1445           -4.532427e-06 1.654305e-02 3.588987e-07 -4.431432e-06 1.651296e-02 6.306327e-07 -1.009954e-07 3.009463e-05 -2.717341e-07
1446           -4.611603e-06 1.654325e-02 4.662424e-07 -4.517897e-06 1.651318e-02 6.581649e-07 -9.370632e-08 3.007157e-05 -1.919225e-07
1447           -4.849768e-06 1.654493e-02 8.056145e-07 -4.776466e-06 1.651489e-02 1.078619e-06 -7.330163e-08 3.004060e-05 -2.730040e-07
1448           -4.855510e-06 1.654493e-02 8.426876e-07 -4.797110e-06 1.651493e-02 1.056406e-06 -5.839999e-08 3.000109e-05 -2.137183e-07
1449           -5.097669e-06 1.654678e-02 1.199684e-06 -5.046667e-06 1.651673e-02 1.452649e-06 -5.100187e-08 3.004722e-05 -2.529655e-07
1450           -5.104666e-06 1.654666e-02 1.185419e-06 -5.043721e-06 1.651666e-02 1.408742e-06 -6.094454e-08 3.000514e-05 -2.233232e-07
1451           -5.294477e-06 1.654845e-02 1.500877e-06 -5.242359e-06 1.651845e-02 1.756491e-06 -5.211821e-08 2.999832e-05 -2.556141e-07
1452           -5.221515e-06 1.654828e-02 1.494445e-06 -5.186916e-06 1.651828e-02 1.705647e-06 -3.459892e-08 3.000075e-05 -2.112021e-07
1453           -5.385282e-06 1.655011e-02 1.720598e-06 -5.370256e-06 1.652010e-02 2.008547e-06 -1.502562e-08 3.000576e-05 -2.879487e-07
1454           -5.275128e-06 1.654978e-02 1.646372e-06 -5.264324e-06 1.651984e-02 1.924918e-06 -1.080345e-08 2.993934e-05 -2.785463e-07
1455           -5.450110e-06 1.655162e-02 1.970441e-06 -5.443111e-06 1.652163e-02 2.205525e-06 -6.998249e-09 2.998442e-05 -2.350844e-07
1456           -5.280218e-06 1.655130e-02 1.854281e-06 -5.279063e-06 1.652134e-02 2.103991e-06 -1.155641e-09 2.996511e-05 -2.497095e-07
1457           -5.453822e-06 1.655305e-02 2.079607e-06 -5.458284e-06 1.652310e-02 2.353669e-06 4.462198e-09 2.995056e-05 -2.740626e-07
1458           -5.261056e-06 1.655259e-02 2.004459e-06 -5.268000e-06 1.652265e-02 2.240988e-06 6.943743e-09 2.993661e-05 -2.365292e-07
1459           -5.401955e-06 1.655426e-02 2.147495e-06 -5.418034e-06 1.652433e-02 2.443679e-06 1.607909e-08 2.992754e-05 -2.961847e-07
1460           -5.152359e-06 1.655373e-02 2.119868e-06 -5.183740e-06 1.652382e-02 2.345406e-06 3.138144e-08 2.990647e-05 -2.255379e-07
1461           -5.271813e-06 1.655541e-02 2.213230e-06 -5.310578e-06 1.652548e-02 2.510790e-06 3.876506e-08 2.992985e-05 -2.975599e-07
1462           -5.037016e-06 1.655466e-02 2.132633e-06 -5.080009e-06 1.652480e-02 2.410476e-06 4.299350e-08 2.985956e-05 -2.778430e-07
1463           -5.085365e-06 1.655625e-02 2.226959e-06 -5.125454e-06 1.652638e-02 2.503710e-06 4.008926e-08 2.987379e-05 -2.767508e-07
1464           -4.850810e-06 1.655551e-02 2.215564e-06 -4.894317e-06 1.652561e-02 2.443788e-06 4.350662e-08 2.990007e-05 -2.282236e-07
1465           -4.783859e-06 1.655691e-02 2.146056e-06 -4.843436e-06 1.652703e-02 2.462992e-06 5.957784e-08 2.987767e-05 -3.169360e-07
1466           -4.633391e-06 1.655576e-02 2.236496e-06 -4.705264e-06 1.652594e-02 2.483986e-06 7.187228e-08 2.982831e-05 -2.474897e-07
1467           -4.432341e-06 1.655712e-02 2.124171e-06 -4.487609e-06 1.652727e-02 2.388085e-06 5.526819e-08 2.984881e-05 -2.639142e-07
1468           -4.357729e-06 1.655588e-02 2.281104e-06 -4.414631e-06 1.652603e-02 2.522597e-06 5.690204e-08 2.984952e-05 -2.414926e-07
1469           -4.028974e-06 1.655699e-02 2.014009e-06 -4.094446e-06 1.652713e-02 2.282955e-06 6.547184e-08 2.985677e-05 -2.689458e-07
1470           -4.044483e-06 1.655549e-02 2.352203e-06 -4.121630e-06 1.652568e-02 2.601077e-06 7.714649e-08 2.981187e-05 -2.488739e-07
1471           -3.673878e-06 1.655618e-02 1.954060e-06 -3.758097e-06 1.652637e-02 2.292718e-06 8.421820e-08 2.981227e-05 -3.386577e-07
1472           -3.664531e-06 1.655476e-02 2.443780e-06 -3.754259e-06 1.652497e-02 2.694602e-06 8.972783e-08 2.978876e-05 -2.508224e-07
1473           -3.320109e-06 1.655534e-02 2.141368e-06 -3.399548e-06 1.652552e-02 2.404640e-06 7.943859e-08 2.982066e-05 -2.632726e-07
1474           -3.328720e-06 1.655358e-02 2.703184e-06 -3.405869e-06 1.652381e-02 2.898582e-06 7.714855e-08 2.977453e-05 -1.953980e-07
1475           -2.959357e-06 1.655401e-02 2.325765e-06 -3.035798e-06 1.652422e-02 2.625412e-06 7.644049e-08 2.978200e-05 -2.996471e-07
1476           -2.920125e-06 1.655218e-02 2.937595e-06 -3.000438e-06 1.652240e-02 3.120957e-06 8.031390e-08 2.977828e-05 -1.833621e-07
1477           -2.558709e-06 1.655249e-02 2.587854e-06 -2.651750e-06 1.652271e-02 2.885835e-06 9.304113e-08 2.978176e-05 -2.979807e-07
1478           -2.541194e-06 1.655032e-02 3.135615e-06 -2.629630e-06 1.652056e-02 3.377114e-06 8.843583e-08 2.975413e-05 -2.414989e-07
1479           -2.117487e-06 1.655079e-02 2.844807e-06 -2.196677e-06 1.652100e-02 3.125017e-06 7.918990e-08 2.979252e-05 -2.802096e-07
1480           -2.090878e-06 1.654847e-02 3.474366e-06 -2.173718e-06 1.651868e-02 3.672528e-06 8.284040e-08 2.978478e-05 -1.981614e-07
1481           -1.677220e-06 1.654893e-02 3.179244e-06 -1.753340e-06 1.651913e-02 3.426351e-06 7.611962e-08 2.980898e-05 -2.471069e-07
1482           -1.690242e-06 1.654605e-02 3.862738e-06 -1.765313e-06 1.651632e-02 4.054224e-06 7.507098e-08 2.973266e-05 -1.914856e-07
1483           -1.234497e-06 1.654685e-02 3.483300e-06 -1.313343e-06 1.651710e-02 3.742528e-06 7.884602e-08 2.975554e-05 -2.592286e-07
1484           -1.199044e-06 1.654402e-02 4.181281e-06 -1.280839e-06 1.651424e-02 4.378354e-06 8.179503e-08 2.978560e-05 -1.970731e-07
1485           -7.774418e-07 1.654498e-02 3.816755e-06 -8.541575e-07 1.651520e-02 4.068829e-06 7.671569e-08 2.977250e-05 -2.520735e-07
1486           -7.841419e-07 1.654151e-02 4.534205e-06 -8.558015e-07 1.651175e-02 4.727795e-06 7.165955e-08 2.976416e-05 -1.935900e-07
1487           -3.503750e-07 1.654259e-02 4.104540e-06 -4.150231e-07 1.651278e-02 4.378169e-06 6.464809e-08 2.980042e-05 -2.736284e-07
1488           -2.929764e-07 1.653960e-02 4.842137e-06 -3.527467e-07 1.650982e-02 4.968533e-06 5.977030e-08 2.977449e-05 -1.263952e-07
1489           1.048398e-07 1.654035e-02 4.434671e-06 3.516047e-08 1.651055e-02 4.657084e-06 6.967935e-08 2.980179e-05 -2.224129e-07
1490           1.043865e-07 1.653683e-02 5.083562e-06 3.160828e-08 1.650708e-02 5.318190e-06 7.277825e-08 2.975609e-05 -2.346271e-07
1491           5.408425e-07 1.653818e-02 4.658718e-06 4.832290e-07 1.650839e-02 4.889104e-06 5.761348e-08 2.979020e-05 -2.303859e-07
1492           5.505173e-07 1.653502e-02 5.408968e-06 5.010549e-07 1.650519e-02 5.520214e-06 4.946238e-08 2.982878e-05 -1.112453e-07
1493           9.761814e-07 1.653618e-02 4.829248e-06 9.322171e-07 1.650639e-02 5.013847e-06 4.396429e-08 2.979820e-05 -1.845996e-07
1494           9.277300e-07 1.653242e-02 5.519099e-06 8.784078e-07 1.650265e-02 5.709127e-06 4.932220e-08 2.977490e-05 -1.900279e-07
1495           1.384685e-06 1.653422e-02 4.840691e-06 1.344898e-06 1.650436e-02 5.089146e-06 3.978697e-08 2.985684e-05 -2.484550e-07
1496           1.407584e-06 1.653097e-02 5.472388e-06 1.361305e-06 1.650115e-02 5.607401e-06 4.627825e-08 2.981372e-05 -1.350133e-07
1497           1.800513e-06 1.653223e-02 4.879051e-06 1.764527e-06 1.650242e-02 5.024174e-06 3.598684e-08 2.980944e-05 -1.451228e-07
1498           1.785684e-06 1.652872e-02 5.356799e-06 1.749239e-06 1.649894e-02 5.542343e-06 3.644480e-08 2.978220e-05 -1.855435e-07
1499           2.196411e-06 1.653058e-02 4.644651e-06 2.177899e-06 1.650074e-02 4.864662e-06 1.851243e-08 2.984414e-05 -2.200104e-07
1500           2.256950e-06 1.652770e-02 5.063250e-06 2.234561e-06 1.649786e-02 5.175468e-06 2.238895e-08 2.983553e-05 -1.122180e-07
