# Moment        
# CofR          : (6.34000000e-02 0.00000000e+00 4.00000000e-03)
#
# Time          	total_x total_y total_z	pressure_x pressure_y pressure_z	viscous_x viscous_y viscous_z
0.001534483      -5.17338813e-08 -1.07954627e-03 -7.00735001e-09 -5.17248545e-08 -1.07877769e-03 -7.00723851e-09 -9.02681980e-12 -7.68582699e-07 -1.11506414e-13
0.003402549      -9.34647465e-08 -2.62453593e-03 -5.00756963e-09 -9.34711051e-08 -2.62174987e-03 -5.02395345e-09 6.35860451e-12 -2.78606230e-06 1.63838213e-11
0.00568574       -1.95839518e-08 -2.26835001e-03 1.51990179e-08 -1.96861178e-08 -2.26372045e-03 1.51330352e-08 1.02165981e-10 -4.62956001e-06 6.59827333e-11
0.008458188      -7.99457893e-08 -2.44974570e-03 4.57901581e-10 -8.01111072e-08 -2.44269224e-03 3.50380079e-10 1.65317922e-10 -7.05346275e-06 1.07521502e-10
0.01173472       2.06938280e-08 -2.45586537e-03 2.42931754e-08 2.01521567e-08 -2.44598671e-03 2.40680989e-08 5.41671273e-10 -9.87866404e-06 2.25076455e-10
0.01583038       -1.14151960e-07 -2.46586186e-03 1.73593509e-09 -1.15052547e-07 -2.45258559e-03 1.40355228e-09 9.00587057e-10 -1.32762784e-05 3.32382814e-10
0.01992604       -1.47869185e-08 -2.77676702e-03 3.88799067e-08 -1.66637820e-08 -2.76000011e-03 3.82958173e-08 1.87686346e-09 -1.67669170e-05 5.84089334e-10
0.0234366        -7.89793387e-08 -2.98263558e-03 2.41129222e-08 -8.18269937e-08 -2.96292100e-03 2.32920765e-08 2.84765499e-09 -1.97145888e-05 8.20845714e-10
0.02644566       -1.02062358e-07 -3.15286534e-03 2.27864224e-08 -1.05948581e-07 -3.13073016e-03 2.17225878e-08 3.88622229e-09 -2.21351747e-05 1.06383463e-09
0.02902485       -1.30058258e-07 -3.32706353e-03 1.60671724e-08 -1.35043547e-07 -3.30293365e-03 1.47627048e-08 4.98528851e-09 -2.41298814e-05 1.30446752e-09
0.03123559       3.68393326e-08 -3.12161650e-03 6.14770936e-08 3.04765768e-08 -3.09621527e-03 5.98686742e-08 6.36275580e-09 -2.54012275e-05 1.60841944e-09
0.03344632       -5.71282574e-08 -3.06634291e-03 3.11607544e-08 -6.46742545e-08 -3.03946914e-03 2.93146432e-08 7.54599702e-09 -2.68737664e-05 1.84611117e-09
0.0352886        -6.33595188e-08 -3.35082120e-03 3.26213083e-08 -7.19829965e-08 -3.32299558e-03 3.05631393e-08 8.62347773e-09 -2.78256123e-05 2.05816900e-09
0.03713088       -7.37023049e-08 -3.18188648e-03 2.72972139e-08 -8.34109620e-08 -3.15300891e-03 2.50371654e-08 9.70865704e-09 -2.88775759e-05 2.26004844e-09
0.03897316       -1.84145078e-07 -2.99903212e-03 -2.17101065e-09 -1.94904335e-07 -2.96935905e-03 -4.60715067e-09 1.07592576e-08 -2.96730676e-05 2.43614002e-09
0.04081544       -8.82267588e-08 -3.53607003e-03 2.62906619e-08 -1.00269770e-07 -3.50535499e-03 2.36265938e-08 1.20430111e-08 -3.07150341e-05 2.66406810e-09
0.04265772       -1.73122147e-07 -3.18616869e-03 -5.43700545e-09 -1.86350362e-07 -3.15442086e-03 -8.29210153e-09 1.32282146e-08 -3.17478322e-05 2.85509609e-09
0.0445           -3.04836108e-08 -3.14842880e-03 2.13950193e-08 -4.50383246e-08 -3.11595720e-03 1.83167627e-08 1.45547137e-08 -3.24716074e-05 3.07825656e-09
0.04603448       -8.55144415e-08 -4.03830800e-03 2.15696669e-08 -1.01056731e-07 -4.00499503e-03 1.83161809e-08 1.55422890e-08 -3.33129618e-05 3.25348602e-09
0.04751605       5.14724666e-08 -2.92949528e-03 3.23803177e-08 3.49430467e-08 -2.89572735e-03 2.89602082e-08 1.65294199e-08 -3.37679360e-05 3.42010948e-09
0.04894653       -3.58022025e-07 -3.92442495e-03 -5.36078505e-08 -3.75276795e-07 -3.88971130e-03 -5.71284260e-08 1.72547698e-08 -3.47136481e-05 3.52057547e-09
0.05032769       8.51033101e-08 -2.68576843e-03 3.31255846e-08 6.69069691e-08 -2.65110016e-03 2.94517567e-08 1.81963410e-08 -3.46682721e-05 3.67382783e-09
0.05170884       2.00206737e-07 -4.04336743e-03 4.79281284e-08 1.80747357e-07 -4.00768561e-03 4.40489849e-08 1.94593808e-08 -3.56818185e-05 3.87914348e-09
0.05304067       2.32603017e-07 -3.39455229e-03 7.94368792e-08 2.12107271e-07 -3.35849111e-03 7.53635346e-08 2.04957463e-08 -3.60611842e-05 4.07334460e-09
0.05432493       1.70176267e-07 -3.28423783e-03 4.61924868e-08 1.48608838e-07 -3.24785671e-03 4.19296699e-08 2.15674287e-08 -3.63811145e-05 4.26281689e-09
0.05560919       2.24978648e-07 -3.61563913e-03 5.59955203e-08 2.02320926e-07 -3.57874755e-03 5.15471374e-08 2.26577216e-08 -3.68915846e-05 4.44838289e-09
0.05684589       3.48651764e-07 -3.25383970e-03 7.96793563e-08 3.25092193e-07 -3.21673152e-03 7.50858208e-08 2.35595715e-08 -3.71081841e-05 4.59353559e-09
0.05808259       -1.03803451e-07 -3.74391322e-03 -5.76832157e-08 -1.28044605e-07 -3.70622592e-03 -6.23461073e-08 2.42411538e-08 -3.76873062e-05 4.66289164e-09
0.05927172       2.33360404e-07 -3.78567766e-03 4.35781332e-08 2.08169924e-07 -3.74749863e-03 3.87698494e-08 2.51904797e-08 -3.81790353e-05 4.80828380e-09
0.06046085       2.05427043e-07 -3.33583913e-03 3.15744917e-08 1.79541742e-07 -3.29745590e-03 2.66714893e-08 2.58853012e-08 -3.83832304e-05 4.90300240e-09
0.06164998       -6.80082190e-07 -4.06401987e-03 -2.20614931e-07 -7.05828299e-07 -4.02502288e-03 -2.25391477e-07 2.57461090e-08 -3.89969897e-05 4.77654683e-09
0.06278956       1.99750085e-06 -3.73608942e-03 5.36694061e-07 1.96981418e-06 -3.69674282e-03 5.31490825e-07 2.76866703e-08 -3.93465974e-05 5.20323647e-09
0.06392915       8.04962220e-08 -3.05495722e-03 -1.51714402e-08 5.25116338e-08 -3.01561067e-03 -2.03681771e-08 2.79845881e-08 -3.93465561e-05 5.19673686e-09
0.06506873       4.23296416e-07 -3.59917320e-03 7.80802817e-08 3.94719996e-07 -3.55955169e-03 7.28272927e-08 2.85764194e-08 -3.96215052e-05 5.25298904e-09
0.06620832       3.63779215e-07 -4.30104483e-03 8.00542401e-08 3.34695779e-07 -4.26076290e-03 7.47557156e-08 2.90834361e-08 -4.02819329e-05 5.29852451e-09
0.06729363       4.64282809e-07 -3.84849430e-03 9.98914920e-08 4.34626430e-07 -3.80795275e-03 9.45375056e-08 2.96563782e-08 -4.05415582e-05 5.35398634e-09
0.06837895       4.36511020e-07 -3.78944174e-03 9.49458135e-08 4.06333902e-07 -3.74863310e-03 8.95510390e-08 3.01771177e-08 -4.08086416e-05 5.39477449e-09
0.06946427       -6.16289848e-07 -3.48462812e-03 -4.53323217e-07 -6.45820733e-07 -3.44351479e-03 -4.58430338e-07 2.95308851e-08 -4.11133331e-05 5.10712112e-09
0.07054959       1.85995124e-06 -3.21940619e-03 6.77606534e-07 1.82889402e-06 -3.17830612e-03 6.72204065e-07 3.10572152e-08 -4.11000743e-05 5.40246878e-09
0.07157461       6.11531542e-07 -4.06570945e-03 1.47524575e-07 5.80204450e-07 -4.02436624e-03 1.42141116e-07 3.13270915e-08 -4.13432075e-05 5.38345914e-09
0.07259963       -7.64819526e-07 -4.27382203e-03 -4.21331838e-07 -7.95277280e-07 -4.23195182e-03 -4.26401780e-07 3.04577539e-08 -4.18702121e-05 5.06994244e-09
0.07362466       1.79807691e-06 -4.22261911e-03 6.13423260e-07 1.76629292e-06 -4.18033466e-03 6.08110254e-07 3.17839866e-08 -4.22844424e-05 5.31300622e-09
0.07464968       5.40203361e-06 -3.51246005e-03 1.28490682e-06 5.36656284e-06 -3.47014993e-03 1.27881644e-06 3.54707700e-08 -4.23101214e-05 6.09038717e-09
0.0756747        -2.80762695e-06 -4.22833927e-03 -6.81310602e-07 -2.84102138e-06 -4.18558835e-03 -6.86845444e-07 3.33944366e-08 -4.27509187e-05 5.53484174e-09
0.07669973       6.12779569e-08 -2.97527722e-03 -5.83962555e-09 2.80027528e-08 -2.93250587e-03 -1.12753889e-08 3.32752041e-08 -4.27713535e-05 5.43576335e-09
0.07772475       2.68861331e-07 -4.07464950e-03 5.25350548e-08 2.35529364e-07 -4.03181702e-03 4.71612359e-08 3.33319666e-08 -4.28324736e-05 5.37381894e-09
0.07874977       -6.30771484e-07 -4.47018017e-03 -6.31019690e-08 -6.63552377e-07 -4.42684262e-03 -6.83223579e-08 3.27808936e-08 -4.33375464e-05 5.22038892e-09
0.07968161       1.07874123e-06 -3.90423747e-03 1.74567292e-07 1.04556548e-06 -3.86079324e-03 1.69348012e-07 3.31757536e-08 -4.34442290e-05 5.21928018e-09
0.08061345       2.30056166e-07 -3.80684860e-03 7.67172362e-08 1.97039438e-07 -3.76311957e-03 7.15895562e-08 3.30167282e-08 -4.37290261e-05 5.12768002e-09
0.08154529       3.64635705e-07 -4.11296294e-03 6.74250145e-08 3.31578309e-07 -4.06899479e-03 6.23657827e-08 3.30573961e-08 -4.39681514e-05 5.05923173e-09
0.08247713       -1.05468762e-07 -4.40787956e-03 5.25949483e-08 -1.38492801e-07 -4.36380305e-03 4.75882392e-08 3.30240383e-08 -4.40765106e-05 5.00670912e-09
0.08340897       5.29596892e-07 -4.80132227e-03 5.40672729e-08 4.96265376e-07 -4.75673068e-03 4.90956269e-08 3.33315154e-08 -4.45915971e-05 4.97164601e-09
0.08434081       1.01235749e-06 -3.66839874e-03 1.76219832e-07 9.78427658e-07 -3.62388607e-03 1.71213534e-07 3.39298322e-08 -4.45126631e-05 5.00629820e-09
0.08527264       2.16015751e-07 -3.67655176e-03 2.39078464e-08 1.82118235e-07 -3.63204715e-03 1.89927579e-08 3.38975152e-08 -4.45046121e-05 4.91508854e-09
0.08620448       -1.44811810e-07 -4.14546718e-03 -1.47943889e-08 -1.78379635e-07 -4.10055132e-03 -1.95642662e-08 3.35678257e-08 -4.49158596e-05 4.76987731e-09
0.08713632       -4.03086479e-07 -4.27147904e-03 -5.36690611e-08 -4.36125553e-07 -4.22627677e-03 -5.82431324e-08 3.30390743e-08 -4.52022652e-05 4.57407135e-09
0.08806816       7.71453422e-07 -4.48481772e-03 1.79217291e-07 7.38075291e-07 -4.43958440e-03 1.74669857e-07 3.33781308e-08 -4.52333216e-05 4.54743425e-09
0.089            -1.18258431e-06 -3.73062504e-03 -2.86950059e-07 -1.21491976e-06 -3.68541455e-03 -2.91177023e-07 3.23354443e-08 -4.52104863e-05 4.22696385e-09
0.08990816       3.05402450e-08 -5.05521140e-03 -7.61673797e-09 -1.49249014e-09 -5.00942800e-03 -1.16782261e-08 3.20327351e-08 -4.57834016e-05 4.06148817e-09
0.09079779       -1.25053814e-06 -3.05497021e-03 -3.19697987e-07 -1.28146137e-06 -3.00929033e-03 -3.23444691e-07 3.09232280e-08 -4.56798828e-05 3.74670380e-09
0.09168742       -6.44852309e-07 -4.33509973e-03 -1.10831992e-07 -6.75091600e-07 -4.28938271e-03 -1.14345294e-07 3.02392916e-08 -4.57170114e-05 3.51330170e-09
0.09257705       2.23096891e-06 -4.81327892e-03 4.67925480e-07 2.19970294e-06 -4.76732116e-03 4.64354342e-07 3.12659743e-08 -4.59577670e-05 3.57113828e-09
0.09346668       9.83978051e-08 -4.82408945e-03 7.67318263e-08 6.74301184e-08 -4.77768706e-03 7.33203803e-08 3.09676868e-08 -4.64023939e-05 3.41144597e-09
0.09433697       3.00341448e-07 -3.99853057e-03 6.77226842e-08 2.69524748e-07 -3.95217202e-03 6.44498867e-08 3.08166998e-08 -4.63585524e-05 3.27279754e-09
0.09520726       6.86678936e-08 -3.71927764e-03 3.16895115e-08 3.82125558e-08 -3.67301237e-03 2.85802393e-08 3.04553378e-08 -4.62652738e-05 3.10927222e-09
0.09607755       -3.53883003e-07 -4.87533399e-03 -7.05642816e-08 -3.83969874e-07 -4.82873821e-03 -7.34770984e-08 3.00868704e-08 -4.65957852e-05 2.91281679e-09
0.09692806       1.40787363e-06 -5.06453021e-03 2.20175362e-07 1.37706101e-06 -5.01757743e-03 2.17294592e-07 3.08126246e-08 -4.69527874e-05 2.88076923e-09
0.09777857       -1.29353207e-06 -3.88924269e-03 -1.35029447e-07 -1.32353327e-06 -3.84240940e-03 -1.37659201e-07 3.00011998e-08 -4.68332898e-05 2.62975439e-09
0.09862908       2.27828389e-06 -3.42445917e-03 3.27975165e-07 2.24693830e-06 -3.37762911e-03 3.25271170e-07 3.13455934e-08 -4.68300531e-05 2.70399471e-09
0.09947959       8.81622885e-07 -4.60306695e-03 1.88567865e-07 8.49732140e-07 -4.55614226e-03 1.85889428e-07 3.18907453e-08 -4.69246908e-05 2.67843744e-09
0.1003094        7.35697594e-07 -5.40007010e-03 1.35673193e-07 7.03420169e-07 -5.35287644e-03 1.33045330e-07 3.22774249e-08 -4.71936533e-05 2.62786316e-09
0.1011391        -1.74876261e-07 -5.38665808e-03 1.39399231e-08 -2.07069672e-07 -5.33906413e-03 1.14264031e-08 3.21934111e-08 -4.75939556e-05 2.51351999e-09
0.1019689        7.31296358e-07 -3.95062658e-03 1.69090538e-07 6.98435806e-07 -3.90315840e-03 1.66571048e-07 3.28605521e-08 -4.74681812e-05 2.51948977e-09
0.1027987        -8.38113878e-07 -4.30016821e-03 -1.24654296e-07 -8.70556408e-07 -4.25266020e-03 -1.27007783e-07 3.24425299e-08 -4.75080081e-05 2.35348681e-09
0.1036284        -6.34098250e-07 -4.47053280e-03 -7.46603482e-08 -6.66386120e-07 -4.42297067e-03 -7.68992879e-08 3.22878702e-08 -4.75621360e-05 2.23893967e-09
0.1044358        -2.61426835e-06 -4.26069223e-03 -3.62677936e-07 -2.64537350e-06 -4.21317007e-03 -3.64649867e-07 3.11051505e-08 -4.75221558e-05 1.97193097e-09
0.1052431        -7.89084604e-07 -4.55721023e-03 -6.26158438e-08 -8.20104652e-07 -4.50968267e-03 -6.44910091e-08 3.10200475e-08 -4.75275600e-05 1.87516529e-09
0.1060504        -1.62147566e-06 -5.89687267e-03 -4.89722454e-07 -1.65179104e-06 -5.84896238e-03 -4.91362993e-07 3.03153784e-08 -4.79102867e-05 1.64053894e-09
0.1068578        3.73956015e-08 -5.84942047e-03 2.68237470e-07 6.47197711e-09 -5.80113563e-03 2.66554064e-07 3.09236244e-08 -4.82848340e-05 1.68340686e-09
0.1076651        4.60059692e-07 -3.49964490e-03 7.60309147e-09 4.28467777e-07 -3.45147353e-03 5.94038088e-09 3.15919142e-08 -4.81713751e-05 1.66271059e-09
0.108448         -6.79691595e-07 -4.32774366e-03 -6.83530094e-08 -7.11322285e-07 -4.27960331e-03 -6.99274400e-08 3.16306899e-08 -4.81403478e-05 1.57443059e-09
0.1092309        -6.22972824e-07 -4.57487574e-03 -7.03475271e-08 -6.54675756e-07 -4.52670089e-03 -7.18349870e-08 3.17029321e-08 -4.81748500e-05 1.48745986e-09
0.1100137        -3.15196917e-06 -5.04221652e-03 -5.02958904e-07 -3.18238557e-06 -4.99390058e-03 -5.04177404e-07 3.04163972e-08 -4.83159378e-05 1.21850074e-09
0.1107966        -1.91991810e-06 -5.13632810e-03 -2.11455086e-07 -1.94980533e-06 -5.08802604e-03 -2.12523627e-07 2.98872248e-08 -4.83020570e-05 1.06854120e-09
0.1115795        -8.53491348e-07 -4.47041252e-03 -9.40630590e-08 -8.83290049e-07 -4.42210401e-03 -9.50242998e-08 2.97987004e-08 -4.83085135e-05 9.61240771e-10
0.1123624        -4.18921771e-07 -4.27667810e-03 -5.19291369e-08 -4.48846068e-07 -4.22829451e-03 -5.27983028e-08 2.99242970e-08 -4.83835897e-05 8.69165919e-10
0.1131452        -9.30982069e-07 -6.11057561e-03 -1.01366141e-07 -9.60738285e-07 -6.06157625e-03 -1.02123535e-07 2.97562163e-08 -4.89993574e-05 7.57393578e-10
0.1139281        2.43799745e-06 -4.60067291e-03 3.81687463e-07 2.40657309e-06 -4.55196086e-03 3.80818558e-07 3.14243577e-08 -4.87120492e-05 8.68904525e-10
0.114711         -5.89661641e-07 -4.73192149e-03 -1.32218714e-07 -6.21188382e-07 -4.68332939e-03 -1.32985940e-07 3.15267410e-08 -4.85920994e-05 7.67226201e-10
0.1154939        -1.95428161e-07 -4.99005726e-03 3.08993024e-08 -2.27223395e-07 -4.94105603e-03 3.01760686e-08 3.17952340e-08 -4.90012344e-05 7.23233807e-10
0.1162441        -7.40752857e-07 -5.89909104e-03 -3.35337201e-08 -7.72446940e-07 -5.84995105e-03 -3.41622067e-08 3.16940830e-08 -4.91399929e-05 6.28486632e-10
0.1169944        -8.83564094e-07 -5.45014036e-03 -9.42265623e-08 -9.15007450e-07 -5.40097091e-03 -9.47293583e-08 3.14433557e-08 -4.91694457e-05 5.02796004e-10
0.1177446        -9.55268559e-07 -4.61800508e-03 -8.01054976e-08 -9.86452666e-07 -4.56890394e-03 -8.04863947e-08 3.11841062e-08 -4.91011423e-05 3.80897096e-10
0.1184949        -5.33935455e-07 -5.09838397e-03 -1.92987716e-09 -5.65139529e-07 -5.04920803e-03 -2.22163811e-09 3.12040742e-08 -4.91759309e-05 2.91760942e-10
0.1192451        5.02019806e-07 -3.96420458e-03 -1.31651753e-08 4.70383395e-07 -3.91518855e-03 -1.33727886e-08 3.16364109e-08 -4.90160306e-05 2.07613314e-10
0.1199954        -1.12489679e-06 -3.35171664e-03 -2.11797746e-07 -1.15614697e-06 -3.30298536e-03 -2.11847797e-07 3.12501798e-08 -4.87312760e-05 5.00519152e-11
0.1207457        1.12751081e-05 -7.15956912e-03 1.39893339e-06 1.12381189e-05 -7.11026809e-03 1.39832020e-06 3.69892356e-08 -4.93010275e-05 6.13187541e-10
0.1214959        -9.80861046e-06 -6.12350109e-03 -1.13056722e-06 -9.84079520e-06 -6.07401406e-03 -1.13053533e-06 3.21847415e-08 -4.94870388e-05 -3.18842996e-11
0.1222462        -9.21443834e-08 -4.67200832e-03 -1.51682249e-07 -1.24538249e-07 -4.62262810e-03 -1.51524493e-07 3.23938651e-08 -4.93802214e-05 -1.57755624e-10
0.1229964        -1.95238004e-06 -5.93233618e-03 -2.24164037e-07 -1.98404530e-06 -5.88289287e-03 -2.23799199e-07 3.16652627e-08 -4.94433125e-05 -3.64838392e-10
0.1237467        -1.42176410e-06 -5.02555962e-03 -8.80565929e-08 -1.45292974e-06 -4.97605996e-03 -8.75264449e-08 3.11656413e-08 -4.94996617e-05 -5.30148020e-10
0.1244969        -9.06343960e-07 -4.79201368e-03 -8.44280581e-08 -9.37175218e-07 -4.74238532e-03 -8.37319898e-08 3.08312576e-08 -4.96283637e-05 -6.96068273e-10
0.1252472        -1.55676850e-06 -4.86881692e-03 -1.16525016e-07 -1.58697207e-06 -4.81920614e-03 -1.15642513e-07 3.02035721e-08 -4.96107810e-05 -8.82503126e-10
0.1259974        -2.93920276e-06 -5.99457940e-03 -1.66847116e-07 -2.96807746e-06 -5.94482888e-03 -1.65722988e-07 2.88747024e-08 -4.97505151e-05 -1.12412844e-09
0.1267477        -1.26156428e-06 -5.68336528e-03 -2.98655648e-08 -1.29006831e-06 -5.63354780e-03 -2.85871662e-08 2.85040360e-08 -4.98174782e-05 -1.27839869e-09
0.127498         -3.89080587e-06 -4.01305627e-03 -4.02856052e-07 -3.91754701e-06 -3.96331334e-03 -4.01295497e-07 2.67411349e-08 -4.97429324e-05 -1.56055517e-09
0.1282482        -3.69780248e-06 -5.74707525e-03 -1.04747014e-07 -3.72295686e-06 -5.69719544e-03 -1.02987741e-07 2.51543748e-08 -4.98798170e-05 -1.75927342e-09
0.1289985        -1.66778879e-07 -6.23869991e-03 -1.89638369e-08 -1.92081191e-07 -6.18866640e-03 -1.70568950e-08 2.53023117e-08 -5.00335105e-05 -1.90694195e-09
0.1297487        -1.22651766e-06 -5.33812409e-03 -4.62247271e-08 -1.25154629e-06 -5.28803316e-03 -4.41699699e-08 2.50286272e-08 -5.00909311e-05 -2.05475727e-09
0.130499         -2.80586089e-06 -4.98015862e-03 -1.72175314e-07 -2.82989698e-06 -4.93010058e-03 -1.69940997e-07 2.40360809e-08 -5.00580344e-05 -2.23431695e-09
0.1312492        1.29457398e-06 -5.33283549e-03 2.08096106e-07 1.26942410e-06 -5.28277006e-03 2.10366127e-07 2.51498780e-08 -5.00654332e-05 -2.27002137e-09
0.1319995        -6.45253977e-07 -5.90815874e-03 1.30361176e-08 -6.70567052e-07 -5.85785483e-03 1.54135029e-08 2.53130748e-08 -5.03039053e-05 -2.37738521e-09
0.1327497        -8.03174367e-07 -4.48448502e-03 -7.28747743e-08 -8.28646615e-07 -4.43446379e-03 -7.03712035e-08 2.54722477e-08 -5.00212275e-05 -2.50357079e-09
0.1335           -1.88529573e-07 -4.61073979e-03 -7.24072395e-08 -2.14503940e-07 -4.56090749e-03 -6.97888259e-08 2.59743671e-08 -4.98322968e-05 -2.61841364e-09
0.1342177        -1.36141406e-06 -7.66206529e-03 -8.23412929e-08 -1.38722663e-06 -7.61145987e-03 -7.95864523e-08 2.58125728e-08 -5.06054150e-05 -2.75484060e-09
0.1349239        -2.34183055e-06 -5.44945522e-03 -1.10026498e-07 -2.36712681e-06 -5.39906048e-03 -1.07125077e-07 2.52962547e-08 -5.03947434e-05 -2.90142122e-09
0.1356301        2.51757650e-07 -4.72500636e-03 -7.72458197e-08 2.25638929e-07 -4.67496548e-03 -7.42482255e-08 2.61187207e-08 -5.00408729e-05 -2.99759419e-09
0.1363362        -1.17036891e-06 -7.22640532e-03 -4.15500929e-08 -1.19656375e-06 -7.17576212e-03 -3.84253396e-08 2.61948436e-08 -5.06432038e-05 -3.12475325e-09
0.1370424        2.88195395e-07 -5.80013458e-03 2.50209400e-07 2.60924093e-07 -5.74944739e-03 2.53329184e-07 2.72713023e-08 -5.06871901e-05 -3.11978383e-09
0.1377366        -4.27651839e-06 -4.82894386e-03 -3.03118882e-07 -4.30238886e-06 -4.77850482e-03 -2.99780256e-07 2.58704693e-08 -5.04390351e-05 -3.33862676e-09
0.1384308        -3.07368512e-06 -5.81686515e-03 -4.09336520e-08 -3.09881429e-06 -5.76635634e-03 -3.74505715e-08 2.51291728e-08 -5.05088079e-05 -3.48308056e-09
0.139125         -1.85638750e-06 -5.92772148e-03 -5.55536923e-08 -1.88141180e-06 -5.87711401e-03 -5.19475871e-08 2.50242972e-08 -5.06074633e-05 -3.60610523e-09
0.1398192        4.89161514e-07 -6.01357442e-03 2.84986094e-08 4.63186274e-07 -5.96279582e-03 3.21988938e-08 2.59752392e-08 -5.07785958e-05 -3.70028445e-09
0.1405134        -2.58056963e-06 -5.73627422e-03 6.19222950e-09 -2.60622890e-06 -5.68545626e-03 1.00257633e-08 2.56592754e-08 -5.08179629e-05 -3.83353377e-09
0.1412076        2.18943328e-06 -5.51754734e-03 8.15721378e-08 2.16207652e-06 -5.46673451e-03 8.54621708e-08 2.73567583e-08 -5.08128271e-05 -3.89003293e-09
0.1419018        -2.15739369e-06 -5.49095409e-03 -1.50343903e-07 -2.18450695e-06 -5.44033917e-03 -1.46316780e-07 2.71132598e-08 -5.06149215e-05 -4.02712346e-09
0.142596         -1.64299132e-06 -5.73355408e-03 5.18569157e-09 -1.67014745e-06 -5.68295511e-03 9.31412747e-09 2.71561286e-08 -5.05989703e-05 -4.12843589e-09
0.1432902        -1.36527277e-06 -5.90097950e-03 1.46531605e-09 -1.39257780e-06 -5.85025910e-03 5.69240256e-09 2.73050224e-08 -5.07204000e-05 -4.22708650e-09
0.1439844        -5.82307825e-06 -6.87860493e-03 -1.56307117e-07 -5.84852039e-06 -6.82746067e-03 -1.51920461e-07 2.54421350e-08 -5.11442610e-05 -4.38665564e-09
0.1446647        -6.65439773e-07 -6.35159637e-03 -6.19192498e-08 -6.91313220e-07 -6.30029378e-03 -5.74420391e-08 2.58734474e-08 -5.13025913e-05 -4.47721071e-09
0.145345         -2.59895796e-06 -5.42290350e-03 -3.05963815e-08 -2.62452593e-06 -5.37179396e-03 -2.60213783e-08 2.55679708e-08 -5.11095429e-05 -4.57500316e-09
0.1460253        -2.48795196e-07 -4.92979296e-03 8.84003625e-08 -2.75200876e-07 -4.87890452e-03 9.30581094e-08 2.64056795e-08 -5.08884424e-05 -4.65774683e-09
0.1467056        -3.29254753e-06 -4.70773588e-03 5.83904691e-08 -3.31840398e-06 -4.65706207e-03 6.31412668e-08 2.58564455e-08 -5.06738127e-05 -4.75079766e-09
0.1473859        -1.69860773e-06 -8.24947489e-03 2.87392155e-08 -1.72458149e-06 -8.19812806e-03 3.35893802e-08 2.59737621e-08 -5.13468291e-05 -4.85016466e-09
0.1480662        3.13261317e-07 -6.39827620e-03 -1.10375939e-07 2.86236596e-07 -6.34687917e-03 -1.05435271e-07 2.70247209e-08 -5.13970346e-05 -4.94066866e-09
0.1487466        -1.05186498e-06 -4.47392762e-03 1.04759042e-08 -1.07932887e-06 -4.42296215e-03 1.55125994e-08 2.74638946e-08 -5.09654737e-05 -5.03669521e-09
0.1494269        -1.61295035e-06 -5.87621028e-03 2.19692737e-08 -1.64057086e-06 -5.82513118e-03 2.71060615e-08 2.76205046e-08 -5.10790960e-05 -5.13678771e-09
0.1501072        -1.78739373e-06 -6.39560268e-03 1.04787121e-08 -1.81512528e-06 -6.34437292e-03 1.57017143e-08 2.77315492e-08 -5.12297526e-05 -5.22300222e-09
0.1507875        -4.34471463e-06 -6.55543837e-03 1.36448494e-07 -4.37136829e-06 -6.50398564e-03 1.41731662e-07 2.66536627e-08 -5.14527284e-05 -5.28316801e-09
0.1514678        -2.16043325e-06 -6.87456407e-03 5.99366226e-08 -2.18705342e-06 -6.82300184e-03 6.52764518e-08 2.66201645e-08 -5.15622264e-05 -5.33982922e-09
0.1521481        -1.42989209e-06 -6.87359458e-03 8.45167422e-08 -1.45678160e-06 -6.82201841e-03 8.99061511e-08 2.68895115e-08 -5.15761730e-05 -5.38940894e-09
0.152811         -1.85871372e-06 -5.33290737e-03 9.15157010e-08 -1.88563579e-06 -5.28150548e-03 9.69423318e-08 2.69220719e-08 -5.14018916e-05 -5.42663078e-09
0.1534739        -2.09741022e-06 -5.67830240e-03 7.64203768e-08 -2.12421647e-06 -5.62697525e-03 8.18805612e-08 2.68062473e-08 -5.13271535e-05 -5.46018443e-09
0.1541367        -1.74838495e-06 -6.02456469e-03 5.90035751e-08 -1.77514814e-06 -5.97317786e-03 6.45079921e-08 2.67631921e-08 -5.13868316e-05 -5.50441702e-09
0.1547996        -2.03287818e-06 -6.43716472e-03 8.76091388e-08 -2.05940412e-06 -6.38562219e-03 9.31608861e-08 2.65259482e-08 -5.15425211e-05 -5.55174731e-09
0.1554625        -2.43604388e-06 -6.76310093e-03 1.57364182e-07 -2.46211346e-06 -6.71128530e-03 1.62963618e-07 2.60695848e-08 -5.18156378e-05 -5.59943579e-09
0.1561253        -1.25618202e-06 -5.93584648e-03 -2.60131838e-09 -1.28223421e-06 -5.88423921e-03 3.10951224e-09 2.60521976e-08 -5.16072744e-05 -5.71083061e-09
0.1567882        -4.46643045e-06 -5.95643519e-03 -1.05754039e-08 -4.49102327e-06 -5.90496970e-03 -4.78552116e-09 2.45928235e-08 -5.14654927e-05 -5.78988271e-09
0.1574511        -7.89419065e-07 -6.04378629e-03 2.58980160e-07 -8.14379036e-07 -5.99220086e-03 2.64842387e-07 2.49599714e-08 -5.15854350e-05 -5.86222659e-09
0.1581139        -1.82016657e-06 -6.34098731e-03 1.55593996e-07 -1.84495704e-06 -6.28930033e-03 1.61542548e-07 2.47904702e-08 -5.16869742e-05 -5.94855247e-09
0.1587768        6.17675469e-07 -6.72051725e-03 -3.65547065e-08 5.92069494e-07 -6.66859501e-03 -3.04449308e-08 2.56059752e-08 -5.19222357e-05 -6.10977566e-09
0.1594397        -1.59127373e-06 -5.69122276e-03 5.72314383e-08 -1.61678915e-06 -5.63957714e-03 6.34786275e-08 2.55154116e-08 -5.16456161e-05 -6.24718923e-09
0.1601025        -1.27304086e-06 -5.72413280e-03 2.60475003e-08 -1.29864030e-06 -5.67270591e-03 3.24407104e-08 2.55994381e-08 -5.14268898e-05 -6.39321014e-09
0.1607654        8.94960187e-07 -7.24908405e-03 5.61714711e-09 8.68331311e-07 -7.19731855e-03 1.21608799e-08 2.66288766e-08 -5.17654979e-05 -6.54373279e-09
0.1614283        -3.78736418e-06 -6.62331066e-03 2.93165634e-07 -3.81306013e-06 -6.57140884e-03 2.99776903e-07 2.56959519e-08 -5.19018211e-05 -6.61126905e-09
0.1620912        -1.04161723e-06 -6.08263465e-03 3.84970858e-08 -1.06757349e-06 -6.03066522e-03 4.52512404e-08 2.59562578e-08 -5.19694371e-05 -6.75415469e-09
0.162754         -2.98358345e-06 -6.27692930e-03 3.40702698e-07 -3.00902635e-06 -6.22512495e-03 3.47520705e-07 2.54429038e-08 -5.18043534e-05 -6.81800687e-09
0.1634169        -9.94010903e-07 -5.92061469e-03 1.79762895e-07 -1.01986590e-06 -5.86902261e-03 1.86699602e-07 2.58549968e-08 -5.15920810e-05 -6.93670677e-09
0.1640798        -6.15614968e-06 -7.04362270e-03 4.39011707e-07 -6.18008148e-06 -6.99173698e-03 4.45963719e-07 2.39318029e-08 -5.18857204e-05 -6.95201272e-09
0.1647426        -8.78933270e-07 -6.77434119e-03 1.88004800e-07 -9.03285808e-07 -6.72233189e-03 1.95116916e-07 2.43525384e-08 -5.20092984e-05 -7.11211631e-09
0.1654055        -2.89924769e-06 -6.44301287e-03 3.30430314e-07 -2.92311621e-06 -6.39092134e-03 3.37645175e-07 2.38685216e-08 -5.20915322e-05 -7.21486116e-09
0.1660684        -2.26543481e-06 -6.58777561e-03 1.91686033e-07 -2.28917149e-06 -6.53577233e-03 1.99032931e-07 2.37366761e-08 -5.20032860e-05 -7.34689833e-09
0.1667312        -2.13245683e-06 -6.42861854e-03 2.14459368e-07 -2.15616345e-06 -6.37673788e-03 2.21936609e-07 2.37066153e-08 -5.18806576e-05 -7.47724094e-09
0.1673941        -2.68376031e-06 -6.35130795e-03 3.19396077e-07 -2.70708493e-06 -6.29929106e-03 3.26973331e-07 2.33246152e-08 -5.20168922e-05 -7.57725437e-09
0.168057         -3.31588039e-06 -6.65173171e-03 5.25857572e-07 -3.33856597e-06 -6.59969161e-03 5.33486022e-07 2.26855843e-08 -5.20400954e-05 -7.62844988e-09
0.1687198        -8.51049916e-08 -6.68907937e-03 -3.72877801e-09 -1.08582680e-07 -6.63716791e-03 4.11792011e-09 2.34776880e-08 -5.19114603e-05 -7.84669812e-09
0.1693827        -4.28102035e-06 -6.24555849e-03 4.69390538e-07 -4.30338558e-06 -6.19348456e-03 4.77271668e-07 2.23652257e-08 -5.20739367e-05 -7.88112992e-09
0.1700456        -2.73644638e-06 -6.33922159e-03 3.54020202e-07 -2.75835403e-06 -6.28692227e-03 3.61994290e-07 2.19076476e-08 -5.22993198e-05 -7.97408890e-09
0.1707084        -2.41143137e-06 -6.06030841e-03 3.87477691e-07 -2.43315918e-06 -6.00849221e-03 3.95548244e-07 2.17278104e-08 -5.18161958e-05 -8.07055351e-09
0.1713713        5.96305732e-06 -6.90999533e-03 -3.02048060e-07 5.93798007e-06 -6.85815176e-03 -2.93556537e-07 2.50772472e-08 -5.18435637e-05 -8.49152319e-09
0.1720342        -5.06781473e-06 -8.11087516e-03 5.41503021e-07 -5.09128940e-06 -8.05814250e-03 5.49972207e-07 2.34746743e-08 -5.27326573e-05 -8.46918628e-09
0.1726971        -2.45826587e-06 -6.04595759e-03 3.56557846e-07 -2.48147634e-06 -5.99366169e-03 3.65110064e-07 2.32104756e-08 -5.22959008e-05 -8.55221789e-09
0.1733599        -1.47443859e-06 -5.15252158e-03 2.71147480e-07 -1.49791621e-06 -5.10095171e-03 2.79822338e-07 2.34776162e-08 -5.15698698e-05 -8.67485800e-09
0.1740228        -1.52756583e-06 -6.97337131e-03 3.25401446e-07 -1.55107467e-06 -6.92136794e-03 3.34172812e-07 2.35088358e-08 -5.20033661e-05 -8.77136612e-09
0.1746857        5.41656521e-07 -6.74437377e-03 1.62653627e-07 5.17217329e-07 -6.69217264e-03 1.71592581e-07 2.44391917e-08 -5.22011221e-05 -8.93895387e-09
0.1753485        -3.95302264e-06 -7.06906364e-03 4.99655394e-07 -3.97640759e-06 -7.01685133e-03 5.08618251e-07 2.33849548e-08 -5.22123151e-05 -8.96285624e-09
0.1760114        -8.50017356e-07 -6.29966492e-03 2.83732542e-07 -8.73749883e-07 -6.24761230e-03 2.92824210e-07 2.37325268e-08 -5.20526213e-05 -9.09166727e-09
0.1766743        -1.28895974e-06 -5.86422580e-03 2.76595219e-07 -1.31279107e-06 -5.81244486e-03 2.85811949e-07 2.38313280e-08 -5.17809414e-05 -9.21673030e-09
0.1773371        -2.43984256e-07 -7.56895060e-03 3.00457370e-07 -2.68265668e-07 -7.51684465e-03 3.09828680e-07 2.42814123e-08 -5.21059453e-05 -9.37131034e-09
0.178            -1.76263786e-06 -6.72526222e-03 1.98844517e-07 -1.78669859e-06 -6.67304685e-03 2.08315803e-07 2.40607289e-08 -5.22153666e-05 -9.47128564e-09
0.1786268        -3.16289996e-06 -4.86795497e-03 5.77403969e-07 -3.18615247e-06 -4.81611509e-03 5.86888104e-07 2.32525021e-08 -5.18398791e-05 -9.48413484e-09
0.1792535        -2.27156673e-06 -7.09635475e-03 4.76040122e-07 -2.29439411e-06 -7.04440841e-03 4.85561313e-07 2.28273792e-08 -5.19463425e-05 -9.52119124e-09
0.1798803        -2.05375705e-06 -8.35042576e-03 4.29581917e-07 -2.07624964e-06 -8.29814559e-03 4.39154367e-07 2.24925977e-08 -5.22801643e-05 -9.57244990e-09
0.180507         -3.32073449e-06 -5.95565910e-03 6.52872883e-07 -3.34238358e-06 -5.90353282e-03 6.62438971e-07 2.16490925e-08 -5.21262845e-05 -9.56608812e-09
0.1811338        -4.12016532e-06 -6.17285181e-03 8.54007703e-07 -4.14074622e-06 -6.12084762e-03 8.63496961e-07 2.05809008e-08 -5.20041916e-05 -9.48925863e-09
0.1817606        -2.11920474e-06 -7.44386289e-03 3.62503017e-07 -2.13945772e-06 -7.39176950e-03 3.72071704e-07 2.02529756e-08 -5.20933869e-05 -9.56868630e-09
0.1823873        -5.46579274e-06 -7.14874883e-03 9.88724445e-07 -5.48441462e-06 -7.09660813e-03 9.98162042e-07 1.86218849e-08 -5.21407000e-05 -9.43759671e-09
0.1830044        -3.58091309e-06 -8.82219045e-03 7.03690988e-07 -3.59868273e-06 -8.76974067e-03 7.13109037e-07 1.77696377e-08 -5.24497767e-05 -9.41804944e-09
0.1836216        -2.05470432e-06 -5.86949049e-03 5.48328210e-07 -2.07227000e-06 -5.81721115e-03 5.57797454e-07 1.75656775e-08 -5.22793399e-05 -9.46924460e-09
0.1842387        -5.04745073e-06 -2.99486280e-03 9.94997748e-07 -5.06371572e-06 -2.94322118e-03 1.00436515e-06 1.62649882e-08 -5.16416195e-05 -9.36740501e-09
0.1848558        2.47171454e-06 -7.47640077e-03 1.30725105e-09 2.45383728e-06 -7.42462141e-03 1.09388301e-08 1.78772577e-08 -5.17793589e-05 -9.63157909e-09
0.1854729        6.93549035e-07 -8.53290154e-03 1.88920365e-07 6.74830311e-07 -8.48095863e-03 1.98731708e-07 1.87187240e-08 -5.19429071e-05 -9.81134291e-09
0.18609          1.58687737e-06 -6.79378462e-03 1.28770994e-07 1.56700024e-06 -6.74177493e-03 1.38788614e-07 1.98771358e-08 -5.20096884e-05 -1.00176208e-08
0.1867072        -1.30303016e-06 -6.85145345e-03 5.39964368e-07 -1.32286687e-06 -6.79936092e-03 5.50045566e-07 1.98367131e-08 -5.20925369e-05 -1.00811976e-08
0.1873243        3.88435440e-07 -6.35116666e-03 3.20198096e-07 3.67898593e-07 -6.29924633e-03 3.30446828e-07 2.05368468e-08 -5.19203283e-05 -1.02487326e-08
0.1879414        2.53115356e-06 -6.86822946e-03 -1.60589278e-07 2.50917768e-06 -6.81636110e-03 -1.50019736e-07 2.19758794e-08 -5.18683643e-05 -1.05695419e-08
0.1885585        5.12109136e-07 -6.83265903e-03 1.93478065e-07 4.89562340e-07 -6.78062630e-03 2.04224621e-07 2.25467961e-08 -5.20327255e-05 -1.07465560e-08
0.1891646        -5.10690777e-06 -7.23209801e-03 1.03442728e-06 -5.12776109e-06 -7.18006807e-03 1.04500850e-06 2.08533210e-08 -5.20299411e-05 -1.05812179e-08
0.1897707        -3.19965533e-06 -6.34268411e-03 8.25653594e-07 -3.21961193e-06 -6.29087315e-03 8.36189715e-07 1.99565909e-08 -5.18109584e-05 -1.05361208e-08
0.1903768        -4.97868183e-06 -6.11674960e-03 1.25774584e-06 -4.99713012e-06 -6.06500849e-03 1.26812622e-06 1.84482861e-08 -5.17411103e-05 -1.03803721e-08
0.1909829        -7.77648781e-07 -6.63893372e-03 3.48783789e-07 -7.95987152e-07 -6.58712541e-03 3.59235073e-07 1.83383713e-08 -5.18083129e-05 -1.04512835e-08
0.191589         -7.99498166e-07 -7.10259890e-03 4.57818725e-07 -8.17925982e-07 -7.05072656e-03 4.68368515e-07 1.84278166e-08 -5.18723409e-05 -1.05497903e-08
0.1921951        -5.05229812e-06 -7.71543909e-03 1.46631176e-06 -5.06909999e-06 -7.66349572e-03 1.47663772e-06 1.68018641e-08 -5.19433709e-05 -1.03259585e-08
0.1928012        3.02412134e-07 -8.00908908e-03 3.12695812e-07 2.85204775e-07 -7.95681990e-03 3.23172649e-07 1.72073587e-08 -5.22691748e-05 -1.04768361e-08
0.1934073        -4.13690822e-06 -7.41490972e-03 9.48870445e-07 -4.15283177e-06 -7.36244946e-03 9.59244321e-07 1.59235449e-08 -5.24602658e-05 -1.03738767e-08
0.1940134        -2.10682628e-06 -5.09522551e-03 6.72691892e-07 -2.12238827e-06 -5.04349073e-03 6.83097580e-07 1.55619842e-08 -5.17347828e-05 -1.04056886e-08
0.1946195        -1.26127453e-05 -6.38054591e-03 2.27229647e-06 -1.26238206e-05 -6.32904683e-03 2.28204212e-06 1.10752963e-08 -5.14990761e-05 -9.74565616e-09
0.1952256        9.33858455e-06 -8.76501893e-03 -1.04804163e-06 9.32346714e-06 -8.71283981e-03 -1.03753604e-06 1.51174103e-08 -5.21791202e-05 -1.05055899e-08
0.1958317        4.99960506e-07 -7.07410123e-03 3.72903199e-07 4.84324411e-07 -7.02187918e-03 3.83562441e-07 1.56360948e-08 -5.22220508e-05 -1.06592421e-08
0.1964378        1.29966543e-06 -4.14712550e-03 3.90876162e-07 1.28317009e-06 -4.09545655e-03 4.01704849e-07 1.64953372e-08 -5.16689539e-05 -1.08286877e-08
0.1970439        -4.89907008e-06 -6.95810606e-03 1.14157726e-06 -4.91408537e-06 -6.90642954e-03 1.15226486e-06 1.50152902e-08 -5.16765174e-05 -1.06875999e-08
0.19765          4.48661489e-07 -7.44304552e-03 3.39409642e-07 4.33033380e-07 -7.39125005e-03 3.50268953e-07 1.56281087e-08 -5.17954657e-05 -1.08593116e-08
0.1982561        -8.91959770e-07 -7.72646109e-03 5.72214946e-07 -9.07565375e-07 -7.67448184e-03 5.83149281e-07 1.56056052e-08 -5.19792581e-05 -1.09343351e-08
0.1988474        -1.34673320e-06 -8.13410366e-03 6.17545607e-07 -1.36209868e-06 -8.08189594e-03 6.28520455e-07 1.53654853e-08 -5.22077225e-05 -1.09748485e-08
0.1994387        -5.58408259e-07 -5.16821046e-03 5.55104364e-07 -5.73904397e-07 -5.11655963e-03 5.66162664e-07 1.54961381e-08 -5.16508226e-05 -1.10583001e-08
0.20003          -1.92608276e-06 -4.98416010e-03 7.42882135e-07 -1.94119688e-06 -4.93299341e-03 7.53932269e-07 1.51141191e-08 -5.11666898e-05 -1.10501340e-08
0.2006373        1.48278566e-06 -7.89454587e-03 -5.88756705e-07 1.46696264e-06 -7.84296206e-03 -5.77346927e-07 1.58230179e-08 -5.15838004e-05 -1.14097778e-08
0.2012282        -9.99480201e-06 -7.96937785e-03 2.76002541e-06 -1.00071762e-05 -7.91752212e-03 2.77071861e-06 1.23741936e-08 -5.18557348e-05 -1.06932021e-08
0.2018191        -2.83059347e-06 -7.41044349e-03 9.41354985e-07 -2.84222490e-06 -7.35849532e-03 9.51966980e-07 1.16314280e-08 -5.19481773e-05 -1.06119954e-08
0.20241          -1.29390251e-06 -7.56667803e-03 6.72190561e-07 -1.30534901e-06 -7.51469657e-03 6.82824950e-07 1.14464978e-08 -5.19814583e-05 -1.06343891e-08
0.2030009        -5.31125493e-06 -6.40732574e-03 1.54128032e-06 -5.32094832e-06 -6.35554918e-03 1.55163628e-06 9.69338378e-09 -5.17765685e-05 -1.03559598e-08
0.2035917        -1.39135910e-06 -6.35086915e-03 7.71841408e-07 -1.40087861e-06 -6.29919296e-03 7.82210583e-07 9.51951253e-09 -5.16761882e-05 -1.03691748e-08
0.2041826        -3.78065743e-06 -6.44462011e-03 1.26137138e-06 -3.78909731e-06 -6.39285078e-03 1.27156803e-06 8.43987470e-09 -5.17693289e-05 -1.01966528e-08
0.2047735        -7.25196976e-07 -7.49810945e-03 7.47589624e-07 -7.33773180e-07 -7.44627821e-03 7.57835068e-07 8.57620388e-09 -5.18312406e-05 -1.02454444e-08
0.2053644        -2.66082977e-06 -8.83244569e-03 1.11063123e-06 -2.66881219e-06 -8.78055717e-03 1.12077597e-06 7.98242394e-09 -5.18885169e-05 -1.01447442e-08
0.2059553        7.10845861e-07 -6.80701937e-03 2.95504053e-07 7.02218576e-07 -6.75514860e-03 3.05839465e-07 8.62728451e-09 -5.18707746e-05 -1.03354126e-08
0.2065462        -8.84689728e-07 -7.09728670e-03 6.91041835e-07 -8.93397561e-07 -7.04534853e-03 7.01431260e-07 8.70783292e-09 -5.19381721e-05 -1.03894250e-08
0.207137         2.33478801e-06 -5.64719125e-03 -1.97847426e-07 2.32479963e-06 -5.59535937e-03 -1.87110140e-07 9.98837956e-09 -5.18318811e-05 -1.07372861e-08
0.2077279        -2.44415137e-07 -5.91644274e-03 4.71654760e-07 -2.54689318e-07 -5.86467046e-03 4.82502751e-07 1.02741807e-08 -5.17722775e-05 -1.08479912e-08
0.2083188        -1.61677463e-06 -7.77743850e-03 8.25696381e-07 -1.62684380e-06 -7.72562216e-03 8.36539624e-07 1.00691740e-08 -5.18163398e-05 -1.08432423e-08
0.2089097        -2.52888818e-07 -7.81323727e-03 5.55515720e-07 -2.63289260e-07 -7.76142501e-03 5.66456250e-07 1.04004428e-08 -5.18122591e-05 -1.09405300e-08
0.2095006        -1.31301972e-08 -6.69411057e-03 4.89821201e-07 -2.39501479e-08 -6.64229527e-03 5.00881461e-07 1.08199507e-08 -5.18153003e-05 -1.10602602e-08
0.2100915        -1.77626233e-06 -6.25927991e-03 8.02736632e-07 -1.78677513e-06 -6.20745704e-03 8.13779193e-07 1.05128066e-08 -5.18228744e-05 -1.10425612e-08
0.2106823        -9.16093119e-07 -7.80272935e-03 7.84415621e-07 -9.26684591e-07 -7.75077530e-03 7.95496636e-07 1.05914718e-08 -5.19540462e-05 -1.10810145e-08
0.2112732        -1.50505702e-06 -7.57257094e-03 8.40713367e-07 -1.51541264e-06 -7.52053856e-03 8.51774410e-07 1.03556243e-08 -5.20323868e-05 -1.10610428e-08
0.2118641        -2.30174694e-06 -6.57227273e-03 1.15039146e-06 -2.31163586e-06 -6.52031685e-03 1.16136879e-06 9.88891686e-09 -5.19558747e-05 -1.09773253e-08
0.212455         -3.62647756e-06 -6.97946824e-03 1.27329203e-06 -3.63519713e-06 -6.92753875e-03 1.28406674e-06 8.71956795e-09 -5.19294965e-05 -1.07747102e-08
0.2130459        -2.50625274e-06 -6.48577668e-03 1.09427712e-06 -2.51436536e-06 -6.43404387e-03 1.10495272e-06 8.11261648e-09 -5.17328139e-05 -1.06756041e-08
0.2136368        -3.03024039e-06 -6.74424976e-03 1.21872423e-06 -3.03756239e-06 -6.69258539e-03 1.22925772e-06 7.32199824e-09 -5.16643703e-05 -1.05334902e-08
0.2142276        -1.21247719e-06 -6.39077387e-03 7.97392464e-07 -1.21968246e-06 -6.33922782e-03 8.07934866e-07 7.20527233e-09 -5.15460458e-05 -1.05424015e-08
0.2148185        -1.43732545e-06 -7.44857766e-03 8.90137281e-07 -1.44436987e-06 -7.39690651e-03 9.00661237e-07 7.04441194e-09 -5.16711537e-05 -1.05239563e-08
0.2154094        -1.11550026e-06 -8.85197720e-03 7.37418438e-07 -1.12246048e-06 -8.79999666e-03 7.47955283e-07 6.96021352e-09 -5.19805328e-05 -1.05368448e-08
0.2160003        -4.28126033e-06 -7.52707041e-03 1.00832958e-06 -4.28685250e-06 -7.47490802e-03 1.01862581e-06 5.59216496e-09 -5.21623835e-05 -1.02962383e-08
0.2165912        -2.37344316e-06 -7.25317922e-03 1.09593761e-06 -2.37851718e-06 -7.20080935e-03 1.10614286e-06 5.07401063e-09 -5.23698647e-05 -1.02052476e-08
0.2171821        -9.11846529e-07 -5.36729853e-03 5.74586178e-07 -9.16921402e-07 -5.31524997e-03 5.84835883e-07 5.07487329e-09 -5.20485561e-05 -1.02497046e-08
0.2177729        -4.25813162e-07 -5.94646536e-03 6.74568336e-07 -4.31151391e-07 -5.89470748e-03 6.84876546e-07 5.33822852e-09 -5.17578821e-05 -1.03082104e-08
0.2183638        2.63075205e-06 -7.92314926e-03 1.00689650e-07 2.62396160e-06 -7.87130609e-03 1.11351341e-07 6.79045173e-09 -5.18431620e-05 -1.06616913e-08
0.2189547        -9.41178340e-07 -7.97733467e-03 7.45693017e-07 -9.47920084e-07 -7.92544348e-03 7.56364463e-07 6.74174478e-09 -5.18911929e-05 -1.06714463e-08
0.2195456        8.80813092e-06 -6.45684980e-03 -1.66592531e-06 8.79767756e-06 -6.40493368e-03 -1.65422116e-06 1.04533529e-08 -5.19161195e-05 -1.17041574e-08
0.2201365        1.54488082e-06 -6.26858269e-03 2.27067686e-07 1.53354868e-06 -6.21662892e-03 2.39043399e-07 1.13321410e-08 -5.19537684e-05 -1.19757132e-08
0.2207274        -1.44886119e-06 -7.84325878e-03 7.75612588e-07 -1.45986916e-06 -7.79112369e-03 7.87554404e-07 1.10079696e-08 -5.21350886e-05 -1.19418162e-08
0.2213182        6.26341043e-07 -6.47592892e-03 2.62194422e-07 6.14864321e-07 -6.42384900e-03 2.74315238e-07 1.14767220e-08 -5.20799113e-05 -1.21208155e-08
0.2219091        -2.13111674e-06 -6.38342188e-03 1.01676732e-06 -2.14207486e-06 -6.33161166e-03 1.02880229e-06 1.09581148e-08 -5.18102230e-05 -1.20349749e-08
0.2225           -2.10342181e-06 -6.47324127e-03 9.83493359e-07 -2.11379663e-06 -6.42151926e-03 9.95429249e-07 1.03748180e-08 -5.17220062e-05 -1.19358901e-08
0.2230779        1.11043333e-06 -6.71561234e-03 5.14088432e-08 1.09944518e-06 -6.66389263e-03 6.35763218e-08 1.09881535e-08 -5.17197066e-05 -1.21674786e-08
0.2236558        -1.45945150e-06 -7.12375408e-03 7.82522638e-07 -1.47006738e-06 -7.07196507e-03 7.94646317e-07 1.06158713e-08 -5.17890116e-05 -1.21236789e-08
0.2242338        -3.16572239e-07 -7.18951816e-03 5.37102217e-07 -3.27274445e-07 -7.13760441e-03 5.49294245e-07 1.07022053e-08 -5.19137582e-05 -1.21920280e-08
0.2248117        -1.09811792e-06 -7.27503097e-03 1.01260523e-06 -1.10872629e-06 -7.22311405e-03 1.02475361e-06 1.06083719e-08 -5.19169250e-05 -1.21483787e-08
0.2253818        2.43892390e-07 -7.24831162e-03 3.30548128e-07 2.32952298e-07 -7.19639147e-03 3.42835863e-07 1.09400929e-08 -5.19201490e-05 -1.22877357e-08
0.2259519        1.34254014e-06 -6.77229482e-03 -1.25777428e-07 1.33089304e-06 -6.72047241e-03 -1.13202511e-07 1.16471021e-08 -5.18224044e-05 -1.25749172e-08
0.226522         -3.40347058e-06 -6.24364526e-03 1.47797116e-06 -3.41406044e-06 -6.19199421e-03 1.49028747e-06 1.05898622e-08 -5.16510472e-05 -1.23163169e-08
0.2270921        -1.86712249e-06 -6.53105054e-03 1.11674511e-06 -1.87730651e-06 -6.47943549e-03 1.12895733e-06 1.01840129e-08 -5.16150505e-05 -1.22122251e-08
0.2276705        3.16418001e-06 -5.94350710e-03 -6.32826717e-07 3.15255499e-06 -5.89202424e-03 -6.20095420e-07 1.16250198e-08 -5.14828557e-05 -1.27312966e-08
0.2282489        -2.85925256e-06 -6.82776180e-03 5.17192822e-07 -2.87034224e-06 -6.77619189e-03 5.29868718e-07 1.10896870e-08 -5.15699032e-05 -1.26758962e-08
0.2288273        -6.75156341e-06 -8.31716361e-03 3.30551809e-06 -6.76019883e-06 -8.26532165e-03 3.31740987e-06 8.63541676e-09 -5.18419613e-05 -1.18917765e-08
0.229397         -2.14321979e-06 -7.57338334e-03 1.11555308e-06 -2.15135177e-06 -7.52145728e-03 1.12732393e-06 8.13197332e-09 -5.19260571e-05 -1.17708420e-08
0.2299667        -1.02419597e-06 -7.48614370e-03 7.49637922e-07 -1.03227772e-06 -7.43412747e-03 7.61422840e-07 8.08174827e-09 -5.20162218e-05 -1.17849177e-08
0.2305365        1.99997087e-06 -5.27278800e-03 -4.58104684e-07 1.99084879e-06 -5.22111711e-03 -4.45916396e-07 9.12207960e-09 -5.16708887e-05 -1.21882880e-08
0.2311062        -3.78897723e-06 -5.05544984e-03 1.65701780e-06 -3.79713841e-06 -5.00409479e-03 1.66890353e-06 8.16117651e-09 -5.13550580e-05 -1.18857315e-08
0.2316852        1.87410071e-07 -7.51682111e-03 1.41633516e-07 1.78433890e-07 -7.46528497e-03 1.53785493e-07 8.97618158e-09 -5.15361458e-05 -1.21519778e-08
0.2322548        -8.45756501e-07 -7.69603757e-03 6.78899741e-07 -8.55060361e-07 -7.64435223e-03 6.91162185e-07 9.30386061e-09 -5.16853365e-05 -1.22624439e-08
0.2328244        -5.90062889e-06 -6.59852085e-03 1.96995172e-06 -5.90836497e-06 -6.54689777e-03 1.98176432e-06 7.73607210e-09 -5.16230768e-05 -1.18125980e-08
0.2333939        -3.16914786e-06 -6.01037552e-03 1.57090753e-06 -3.17622960e-06 -5.95881581e-03 1.58252570e-06 7.08174153e-09 -5.15597114e-05 -1.16181666e-08
0.2339635        -7.67603716e-06 -7.99502886e-03 3.24683664e-06 -7.68057615e-06 -7.94338668e-03 3.25767135e-06 4.53899156e-09 -5.16421826e-05 -1.08347174e-08
0.2345331        -4.18484668e-06 -8.12621573e-03 1.88258294e-06 -4.18830540e-06 -8.07456499e-03 1.89309532e-06 3.45872428e-09 -5.16507321e-05 -1.05123839e-08
0.2351027        -9.10860991e-07 -5.79419055e-03 7.24080564e-07 -9.14380661e-07 -5.74263569e-03 7.34654032e-07 3.51967045e-09 -5.15548567e-05 -1.05734681e-08
0.2356723        -2.82419874e-06 -5.69410561e-03 1.41163141e-06 -2.82720088e-06 -5.64261683e-03 1.42205083e-06 3.00214477e-09 -5.14887807e-05 -1.04194168e-08
0.2362419        -1.34756739e-06 -7.52380509e-03 1.07107915e-06 -1.35070124e-06 -7.47240990e-03 1.08153453e-06 3.13384933e-09 -5.13951967e-05 -1.04553754e-08
0.2368115        2.71921169e-06 -6.26154853e-03 -5.17445582e-07 2.71440346e-06 -6.21030847e-03 -5.06425806e-07 4.80823008e-09 -5.12400602e-05 -1.10197763e-08
0.2373811        1.34342576e-06 -5.31040241e-03 2.02593977e-07 1.33752481e-06 -5.25923850e-03 2.13964546e-07 5.90094375e-09 -5.11639051e-05 -1.13705686e-08
0.2379507        2.67931766e-06 -6.56525453e-03 -5.71239938e-07 2.67188899e-06 -6.51406189e-03 -5.59283187e-07 7.42866586e-09 -5.11926427e-05 -1.19567513e-08
0.2385203        -1.39532789e-06 -8.74107457e-03 8.56960287e-07 -1.40280651e-06 -8.68963066e-03 8.68971907e-07 7.47861118e-09 -5.14439068e-05 -1.20116197e-08
0.2390899        -7.39775797e-07 -7.41225524e-03 7.09887330e-07 -7.47522248e-07 -7.36078881e-03 7.22019652e-07 7.74645043e-09 -5.14664283e-05 -1.21323215e-08
0.2396595        -4.51719754e-06 -5.12722725e-03 1.80666210e-06 -4.52376042e-06 -5.07610271e-03 1.81842562e-06 6.56287451e-09 -5.11245444e-05 -1.17635187e-08
0.2402291        -1.58984625e-06 -6.08599604e-03 9.50508010e-07 -1.59640076e-06 -6.03492398e-03 9.62301204e-07 6.55451518e-09 -5.10720608e-05 -1.17931944e-08
0.2407987        -1.61936235e-06 -7.92110375e-03 1.02404817e-06 -1.62593064e-06 -7.86975932e-03 1.03586390e-06 6.56829146e-09 -5.13444300e-05 -1.18157272e-08
0.2413683        -2.83905046e-06 -7.33819816e-03 1.49136403e-06 -2.84518952e-06 -7.28683333e-03 1.50303562e-06 6.13906300e-09 -5.13648342e-05 -1.16715913e-08
0.2419379        -4.86985173e-06 -6.38774749e-03 2.15709524e-06 -4.87479945e-06 -6.33658137e-03 2.16834299e-06 4.94771936e-09 -5.11661161e-05 -1.12477528e-08
0.2425075        4.37456505e-06 -6.30142655e-03 -1.27199830e-06 4.36727058e-06 -6.25037588e-03 -1.25989436e-06 7.29446513e-09 -5.10506773e-05 -1.21039388e-08
0.243077         -1.39834288e-06 -5.33578365e-03 8.40561294e-07 -1.40575081e-06 -5.28482122e-03 8.52728412e-07 7.40793294e-09 -5.09624298e-05 -1.21671173e-08
0.2436466        -1.02163548e-06 -6.27299369e-03 8.36331388e-07 -1.02932315e-06 -6.22200439e-03 8.48597814e-07 7.68767192e-09 -5.09893015e-05 -1.22664263e-08
0.2442162        -9.18408528e-06 -8.75833113e-03 3.56795567e-06 -9.18903426e-06 -8.70712116e-03 3.57929587e-06 4.94897712e-09 -5.12099706e-05 -1.13401962e-08
0.2447858        3.61838254e-06 -6.86346728e-03 -1.92234967e-06 3.61139884e-06 -6.81232937e-03 -1.91019640e-06 6.98369946e-09 -5.11379136e-05 -1.21532714e-08
0.2453554        -2.98667165e-06 -5.41211689e-03 2.09973548e-06 -2.99301160e-06 -5.36126115e-03 2.11161855e-06 6.33995216e-09 -5.08557392e-05 -1.18830643e-08
0.245925         -5.08779515e-06 -6.24261600e-03 2.54119305e-06 -5.09279505e-06 -6.19180082e-03 2.55257386e-06 4.99989284e-09 -5.08151810e-05 -1.13808155e-08
0.2464946        -3.22590682e-06 -6.33150596e-03 1.79429168e-06 -3.23037974e-06 -6.28070184e-03 1.80545461e-06 4.47292302e-09 -5.08041122e-05 -1.11629342e-08
0.2470642        -5.71475201e-06 -6.96616152e-03 3.06398140e-06 -5.71777956e-06 -6.91529014e-03 3.07451029e-06 3.02755012e-09 -5.08713865e-05 -1.05288857e-08
0.2476338        -1.43661530e-06 -7.71358499e-03 3.03889174e-07 -1.43983014e-06 -7.66246297e-03 3.14608979e-07 3.21484207e-09 -5.11220124e-05 -1.07198055e-08
0.2482034        -3.51129709e-06 -6.52717443e-03 1.67965129e-06 -3.51391520e-06 -6.47618307e-03 1.69013963e-06 2.61810645e-09 -5.09913566e-05 -1.04883364e-08
0.248773         -2.30835500e-06 -5.67249194e-03 1.20550683e-06 -2.31086827e-06 -5.62191483e-03 1.21596020e-06 2.51326707e-09 -5.05771082e-05 -1.04533661e-08
0.2493426        -4.93587830e-06 -6.24331369e-03 2.47794414e-06 -4.93739644e-06 -6.19280866e-03 2.48796504e-06 1.51813536e-09 -5.05050283e-05 -1.00209014e-08
0.2499122        -4.52192176e-07 -6.21495917e-03 7.53420073e-07 -4.54337768e-07 -6.16445961e-03 7.63658540e-07 2.14559164e-09 -5.04995632e-05 -1.02384671e-08
0.2504818        -7.84079636e-07 -6.76003085e-03 7.07019434e-07 -7.86723665e-07 -6.70946256e-03 7.17444857e-07 2.64402891e-09 -5.05682968e-05 -1.04254234e-08
0.2510514        -5.62183330e-06 -7.31646568e-03 2.65304619e-06 -5.62325725e-06 -7.26578616e-03 2.66300431e-06 1.42395125e-09 -5.06795256e-05 -9.95811334e-09
0.251621         7.49175722e-07 -6.28092825e-03 2.05436806e-08 7.46656232e-07 -6.23031151e-03 3.09068021e-08 2.51948993e-09 -5.06167432e-05 -1.03631215e-08
0.2521906        -3.18979399e-06 -6.09320207e-03 1.65738834e-06 -3.19198711e-06 -6.04261132e-03 1.66759400e-06 2.19311598e-09 -5.05907486e-05 -1.02056591e-08
0.2527601        -3.26913829e-06 -5.33981660e-03 1.65836059e-06 -3.27096340e-06 -5.28950702e-03 1.66840081e-06 1.82511820e-09 -5.03095807e-05 -1.00402213e-08
0.2533297        2.36829236e-06 -6.32247884e-03 -7.39433503e-07 2.36458981e-06 -6.27245155e-03 -7.28645171e-07 3.70254905e-09 -5.00272931e-05 -1.07883318e-08
0.2538993        -1.41863884e-06 -7.11337328e-03 9.30419343e-07 -1.42275032e-06 -7.06316940e-03 9.41359435e-07 4.11147608e-09 -5.02038837e-05 -1.09400918e-08
0.2544689        9.19794265e-06 -6.84081940e-03 -3.22272724e-06 9.18941802e-06 -6.79045914e-03 -3.21000647e-06 8.52463749e-09 -5.03602602e-05 -1.27207754e-08
0.2550385        -5.17380999e-06 -5.69352781e-03 1.95696626e-06 -5.18101446e-06 -5.64343078e-03 1.96924249e-06 7.20446633e-09 -5.00970326e-05 -1.22762285e-08
0.2556081        -3.13920098e-06 -6.15830872e-03 1.91322170e-06 -3.14612787e-06 -6.10841175e-03 1.92531789e-06 6.92689463e-09 -4.98969651e-05 -1.20961923e-08
0.2561777        5.65029645e-07 -7.56833222e-03 -1.79932318e-07 5.57061592e-07 -7.51820999e-03 -1.67345077e-07 7.96805296e-09 -5.01222326e-05 -1.25872409e-08
0.2567473        -3.25774381e-07 -7.41410672e-03 4.05219605e-07 -3.34514295e-07 -7.36382450e-03 4.18126079e-07 8.73991370e-09 -5.02822248e-05 -1.29064740e-08
0.2573169        -1.00859091e-06 -5.17961554e-03 7.02356275e-07 -1.01775332e-06 -5.12958726e-03 7.15445242e-07 9.16240895e-09 -5.00282780e-05 -1.30889677e-08
0.2578865        2.11523950e-06 -5.37727877e-03 -6.91224647e-07 2.10451320e-06 -5.32743653e-03 -6.77451836e-07 1.07262997e-08 -4.98422409e-05 -1.37728108e-08
0.2584561        -4.46592996e-06 -5.98506037e-03 2.43756307e-06 -4.47569444e-06 -5.93531192e-03 2.45091430e-06 9.76447764e-09 -4.97484566e-05 -1.33512279e-08
0.2590257        -3.53410947e-06 -5.66285949e-03 1.87188010e-06 -3.54344504e-06 -5.61319827e-03 1.88501582e-06 9.33556823e-09 -4.96612249e-05 -1.31357254e-08
0.2595953        -8.25434208e-07 -7.83734021e-03 7.82946911e-07 -8.35480172e-07 -7.78751657e-03 7.96337039e-07 1.00459648e-08 -4.98236416e-05 -1.33901281e-08
0.2601649        -1.25431099e-06 -7.27202828e-03 7.07423152e-07 -1.26480583e-06 -7.22216393e-03 7.20997826e-07 1.04948359e-08 -4.98643511e-05 -1.35746737e-08
0.2607345        1.63156198e-06 -5.77793763e-03 -5.92661007e-07 1.61965929e-06 -5.72838938e-03 -5.78464953e-07 1.19026854e-08 -4.95482485e-05 -1.41960539e-08
0.2613041        -2.89310242e-06 -5.82023111e-03 1.56716977e-06 -2.90472703e-06 -5.77086137e-03 1.58121580e-06 1.16246071e-08 -4.93697445e-05 -1.40460205e-08
0.2618737        -3.27659246e-06 -4.83280957e-03 1.63790962e-06 -3.28787979e-06 -4.78349744e-03 1.65178104e-06 1.12873290e-08 -4.93121307e-05 -1.38714253e-08
0.2624432        -4.92311974e-06 -5.65106709e-03 2.32260202e-06 -4.93351222e-06 -5.60174979e-03 2.33606036e-06 1.03924786e-08 -4.93172991e-05 -1.34583426e-08
0.2630128        -3.58942467e-06 -7.33720099e-03 1.82283708e-06 -3.59945115e-06 -7.28784824e-03 1.83609693e-06 1.00264790e-08 -4.93527483e-05 -1.32598542e-08
0.2635824        -1.43231702e-06 -7.02746355e-03 8.64578991e-07 -1.44277678e-06 -6.97810264e-03 8.77988490e-07 1.04597664e-08 -4.93609068e-05 -1.34094989e-08
0.264152         -6.41114104e-06 -7.34474756e-03 3.03766138e-06 -6.42007519e-06 -7.29530394e-03 3.05037403e-06 8.93414376e-09 -4.94436208e-05 -1.27126441e-08
0.2647216        -6.25804367e-07 -6.93892817e-03 7.92547300e-07 -6.35552144e-07 -6.88952078e-03 8.05515208e-07 9.74777767e-09 -4.94073897e-05 -1.29679077e-08
0.2652912        -3.21766155e-06 -5.20395237e-03 1.72814226e-06 -3.22713042e-06 -5.15472308e-03 1.74092415e-06 9.46887553e-09 -4.92292903e-05 -1.27818868e-08
0.2658608        -1.83032894e-06 -5.42014061e-03 9.56181459e-07 -1.84002072e-06 -5.37102895e-03 9.69025802e-07 9.69178670e-09 -4.91116564e-05 -1.28443436e-08
0.2664304        7.01701631e-07 -5.05923514e-03 -3.06921179e-07 6.90915968e-07 -5.01032819e-03 -2.93577856e-07 1.07856633e-08 -4.89069417e-05 -1.33433232e-08
0.267            -1.81875749e-06 -5.19340105e-03 1.27107969e-06 -1.82976634e-06 -5.14465457e-03 1.28441389e-06 1.10088496e-08 -4.87464794e-05 -1.33341985e-08
0.2675855        -1.10453123e-05 -5.87853823e-03 5.20781666e-06 -1.10528670e-05 -5.82993559e-03 5.21954749e-06 7.55467552e-09 -4.86026399e-05 -1.17308265e-08
0.2681711        -2.90210164e-06 -5.90255988e-03 1.63192635e-06 -2.90944745e-06 -5.85405997e-03 1.64350761e-06 7.34580681e-09 -4.84999096e-05 -1.15812601e-08
0.2687566        -2.52876087e-06 -6.54372741e-03 1.36685105e-06 -2.53595103e-06 -6.49533586e-03 1.37834685e-06 7.19015313e-09 -4.83915534e-05 -1.14957967e-08
0.2693421        -2.70438227e-06 -6.86562123e-03 1.49039012e-06 -2.71134473e-06 -6.81704113e-03 1.50173473e-06 6.96246698e-09 -4.85800911e-05 -1.13446143e-08
0.2699276        -1.81289384e-06 -6.73741132e-03 1.25802511e-06 -1.82003965e-06 -6.68844124e-03 1.26936287e-06 7.14581057e-09 -4.89700795e-05 -1.13377566e-08
0.270505         -2.64971021e-06 -6.11749644e-03 1.49814776e-06 -2.65660165e-06 -6.06876135e-03 1.50930905e-06 6.89144531e-09 -4.87350854e-05 -1.11612843e-08
0.2710907        -2.61209508e-06 -5.72316414e-03 1.51563992e-06 -2.61876939e-06 -5.67482546e-03 1.52664764e-06 6.67430728e-09 -4.83386785e-05 -1.10077205e-08
0.2716763        -3.19758498e-06 -5.39947402e-03 1.84596948e-06 -3.20385188e-06 -5.35128379e-03 1.85672893e-06 6.26689871e-09 -4.81902249e-05 -1.07594493e-08
0.272262         -2.83903401e-06 -4.65870462e-03 1.39146877e-06 -2.84491648e-06 -4.61061645e-03 1.40203824e-06 5.88247511e-09 -4.80881673e-05 -1.05694698e-08
0.2728476        -1.29646295e-06 -6.20341319e-03 1.02489299e-06 -1.30263878e-06 -6.15524772e-03 1.03553372e-06 6.17583191e-09 -4.81654726e-05 -1.06407245e-08
0.2734332        -4.90192530e-06 -5.75948818e-03 2.77390277e-06 -4.90701372e-06 -5.71127739e-03 2.78392633e-06 5.08842197e-09 -4.82107955e-05 -1.00235583e-08
0.2740189        -6.60138788e-07 -6.65987241e-03 3.80356304e-07 -6.65680128e-07 -6.61167510e-03 3.90598713e-07 5.54133991e-09 -4.81973143e-05 -1.02424089e-08
0.2746045        -1.88968118e-06 -6.07564332e-03 1.34136725e-06 -1.89527419e-06 -6.02752245e-03 1.35156395e-06 5.59301697e-09 -4.81208750e-05 -1.01966932e-08
0.2751902        -2.94084323e-06 -3.65537672e-03 1.70371939e-06 -2.94599768e-06 -3.60765179e-03 1.71365182e-06 5.15444657e-09 -4.77249362e-05 -9.93243146e-09
0.2757758        -2.07565967e-06 -4.62245975e-03 1.17711582e-06 -2.08070401e-06 -4.57495214e-03 1.18696825e-06 5.04434080e-09 -4.75076081e-05 -9.85242523e-09
0.2763712        -2.87437041e-06 -8.80956419e-03 1.69031872e-06 -2.87913397e-06 -8.76181563e-03 1.69999537e-06 4.76355708e-09 -4.77485633e-05 -9.67665356e-09
0.2769567        -7.56874408e-06 -6.87638319e-03 3.58538204e-06 -7.57132764e-06 -6.82868547e-03 3.59398084e-06 2.58355907e-09 -4.76977182e-05 -8.59880384e-09
0.2775422        -3.18222742e-06 -2.24187474e-03 1.79315264e-06 -3.18430543e-06 -2.19471439e-03 1.80144651e-06 2.07801094e-09 -4.71603495e-05 -8.29386662e-09
0.2781379        -4.12872011e-06 -5.25924328e-03 2.18007119e-06 -4.12989825e-06 -5.21207336e-03 2.18788608e-06 1.17813507e-09 -4.71699204e-05 -7.81488799e-09
0.2787337        -3.49978162e-06 -9.08941860e-03 2.25411916e-06 -3.50039574e-06 -9.04168053e-03 2.26157425e-06 6.14119582e-10 -4.77380724e-05 -7.45508687e-09
0.2793188        -5.15825121e-06 -5.07364908e-03 3.04579760e-06 -5.15766149e-06 -5.02623963e-03 3.05254444e-06 -5.89722772e-10 -4.74094473e-05 -6.74683964e-09
0.2799147        -3.58381140e-06 -1.85560484e-03 2.17150396e-06 -3.58251688e-06 -1.80912011e-03 2.17783162e-06 -1.29452070e-09 -4.64847365e-05 -6.32766591e-09
0.2805107        8.58107371e-07 -6.19477270e-03 -1.54790869e-07 8.58383471e-07 -6.14807433e-03 -1.47952231e-07 -2.76100538e-10 -4.66983789e-05 -6.83863842e-09
0.2811066        -3.00946691e-06 -7.99046757e-03 1.64875397e-06 -3.00868925e-06 -7.94320676e-03 1.65531973e-06 -7.77654144e-10 -4.72608013e-05 -6.56576697e-09
0.2817026        -3.53696781e-06 -5.26594305e-03 1.87156427e-06 -3.53554404e-06 -5.21890317e-03 1.87775846e-06 -1.42377010e-09 -4.70398805e-05 -6.19419187e-09
0.2822985        -3.70498557e-07 -4.71337277e-03 6.60649021e-07 -3.69656598e-07 -4.66661096e-03 6.67037809e-07 -8.41959238e-10 -4.67618058e-05 -6.38878822e-09
0.2828945        -2.35414010e-06 -4.66088762e-03 1.52091852e-06 -2.35305755e-06 -4.61441305e-03 1.52711409e-06 -1.08255451e-09 -4.64745608e-05 -6.19557816e-09
0.2834904        -1.49361538e-06 -5.00264262e-03 1.11441116e-06 -1.49262925e-06 -4.95636390e-03 1.12058635e-06 -9.86130618e-10 -4.62787136e-05 -6.17518876e-09
0.2840864        -2.76953400e-06 -6.23588154e-03 1.94688502e-06 -2.76808292e-06 -6.18943633e-03 1.95273230e-06 -1.45107999e-09 -4.64452016e-05 -5.84727812e-09
0.2846823        -2.00198896e-06 -6.18099624e-03 1.16733241e-06 -2.00034931e-06 -6.13445747e-03 1.17304373e-06 -1.63964839e-09 -4.65387680e-05 -5.71131604e-09
0.2852783        -7.53940473e-07 -4.85717752e-03 8.21140875e-07 -7.52641794e-07 -4.81102374e-03 8.26935772e-07 -1.29867884e-09 -4.61537808e-05 -5.79489730e-09
0.2858742        -1.93696254e-06 -5.10605222e-03 1.41548776e-06 -1.93550067e-06 -5.06006391e-03 1.42111031e-06 -1.46186363e-09 -4.59883065e-05 -5.62254653e-09
0.2864702        -3.87680877e-06 -5.78403281e-03 2.60239258e-06 -3.87438556e-06 -5.73796303e-03 2.60738562e-06 -2.42321531e-09 -4.60697786e-05 -4.99303245e-09
0.2870661        -3.55723620e-06 -5.26869692e-03 2.09485190e-06 -3.55394957e-06 -5.22264648e-03 2.09933527e-06 -3.28662259e-09 -4.60504399e-05 -4.48337763e-09
0.2876621        -2.63761797e-06 -5.87763247e-03 1.78755641e-06 -2.63385270e-06 -5.83140599e-03 1.79170185e-06 -3.76527132e-09 -4.62264786e-05 -4.14543741e-09
0.288258         -4.64376949e-06 -4.60059051e-03 2.81355632e-06 -4.63877324e-06 -4.55458469e-03 2.81694374e-06 -4.99624257e-09 -4.60058199e-05 -3.38741932e-09
0.288854         -4.66286755e-06 -3.61949126e-03 2.88875917e-06 -4.65647562e-06 -3.57394372e-03 2.89132212e-06 -6.39193262e-09 -4.55475400e-05 -2.56294985e-09
0.289466         -2.10582720e-06 -4.07746745e-03 1.46004335e-06 -2.09909289e-06 -4.03207852e-03 1.46235743e-06 -6.73431200e-09 -4.53889328e-05 -2.31407928e-09
0.2900781        -2.17409075e-06 -4.12160278e-03 1.49783111e-06 -2.16690675e-06 -4.07631147e-03 1.49984384e-06 -7.18400394e-09 -4.52913151e-05 -2.01272314e-09
0.2906901        -7.26281209e-07 -7.11118585e-03 8.21249605e-07 -7.19193035e-07 -7.06576928e-03 8.23269890e-07 -7.08817358e-09 -4.54165660e-05 -2.02028432e-09
0.2913022        -3.87790656e-06 -6.44761931e-03 2.50385117e-06 -3.86965782e-06 -6.40214852e-03 2.50514465e-06 -8.24873378e-09 -4.54707895e-05 -1.29347670e-09
0.2919142        -1.30169650e-06 -5.28811096e-03 1.00686225e-06 -1.29341597e-06 -5.24280633e-03 1.00807917e-06 -8.28053281e-09 -4.53046288e-05 -1.21691826e-09
0.2925263        -1.01955005e-06 -4.91453755e-03 7.52884533e-07 -1.01134960e-06 -4.86932742e-03 7.54106508e-07 -8.20044906e-09 -4.52101314e-05 -1.22197476e-09
0.2931383        -1.62656534e-06 -5.91604496e-03 1.23704548e-06 -1.61818608e-06 -5.87078180e-03 1.23809996e-06 -8.37926846e-09 -4.52631667e-05 -1.05448464e-09
0.2937504        -2.85063630e-06 -5.42381417e-03 1.95114517e-06 -2.84155087e-06 -5.37862539e-03 1.95172647e-06 -9.08542821e-09 -4.51887833e-05 -5.81302795e-10
0.2943625        -4.46814915e-06 -3.90776268e-03 2.56721070e-06 -4.45762930e-06 -3.86272416e-03 2.56695170e-06 -1.05198525e-08 -4.50385208e-05 2.58992655e-10
0.2949745        -1.54054850e-06 -3.90398125e-03 1.12822068e-06 -1.52984717e-06 -3.85921838e-03 1.12777973e-06 -1.07013370e-08 -4.47628642e-05 4.40946771e-10
0.2955866        1.31248457e-07 -3.70122041e-03 -2.44760700e-07 1.41522533e-07 -3.65684738e-03 -2.44928469e-07 -1.02740761e-08 -4.43730286e-05 1.67769207e-10
0.2961986        -1.69435556e-06 -5.12840077e-03 1.15536324e-06 -1.68376615e-06 -5.08404300e-03 1.15497407e-06 -1.05894069e-08 -4.43577645e-05 3.89171619e-10
0.2968107        -1.67542892e-06 -5.34815349e-03 1.28823921e-06 -1.66454678e-06 -5.30380125e-03 1.28761458e-06 -1.08821381e-08 -4.43522377e-05 6.24632930e-10
0.2974227        -1.68798276e-06 -5.34601814e-03 1.27491598e-06 -1.67680932e-06 -5.30166955e-03 1.27405636e-06 -1.11734487e-08 -4.43485868e-05 8.59622408e-10
0.2980348        -4.73904001e-06 -5.65596808e-03 2.99709692e-06 -4.72640947e-06 -5.61158423e-03 2.99529049e-06 -1.26305338e-08 -4.43838536e-05 1.80642256e-09
0.2986468        3.55869706e-07 -5.38644713e-03 1.97796904e-07 3.67878154e-07 -5.34190185e-03 1.96270536e-07 -1.20084479e-08 -4.45452813e-05 1.52636800e-09
0.2992589        -1.78346132e-06 -4.69348265e-03 1.26653646e-06 -1.77117360e-06 -4.64900548e-03 1.26476704e-06 -1.22877189e-08 -4.44771773e-05 1.76942184e-09
0.299871         -2.57956635e-06 -3.07467465e-03 1.79030270e-06 -2.56672366e-06 -3.03069049e-03 1.78810195e-06 -1.28426956e-08 -4.39841627e-05 2.20074886e-09
0.300483         2.22469948e-05 -4.06623339e-03 -1.22516117e-05 2.22507201e-05 -4.02248826e-03 -1.22485955e-05 -3.72530070e-09 -4.37451306e-05 -3.01620144e-09
0.3010951        -2.30268276e-05 -3.36557990e-03 1.36222134e-05 -2.30142640e-05 -3.32216936e-03 1.36199482e-05 -1.25635842e-08 -4.34105446e-05 2.26523451e-09
0.3017071        -5.48271048e-06 -5.84530949e-03 3.68716976e-06 -5.46843676e-06 -5.80171086e-03 3.68379223e-06 -1.42737294e-08 -4.35986384e-05 3.37753021e-09
0.3023192        -6.82495467e-06 -6.63046554e-03 4.99022703e-06 -6.80807219e-06 -6.58658039e-03 4.98513406e-06 -1.68824844e-08 -4.38851499e-05 5.09296585e-09
0.3029312        4.54236088e-06 -3.07321850e-03 -2.70663648e-06 4.55642766e-06 -3.02962808e-03 -2.71010538e-06 -1.40667879e-08 -4.35904273e-05 3.46890700e-09
0.3035433        -1.97617126e-06 -3.29609717e-03 1.56770380e-06 -1.96185321e-06 -3.25268998e-03 1.56399330e-06 -1.43180411e-08 -4.34071925e-05 3.71049408e-09
0.3041553        -3.01028152e-06 -4.43355048e-03 2.29917939e-06 -2.99524282e-06 -4.39025162e-03 2.29494063e-06 -1.50386958e-08 -4.32988641e-05 4.23876222e-09
0.3047674        -4.09213063e-06 -4.05177981e-03 2.97102963e-06 -4.07590782e-06 -4.00864896e-03 2.96597033e-06 -1.62228072e-08 -4.31308449e-05 5.05929611e-09
0.3053794        -2.18653382e-06 -3.50325170e-03 1.80993842e-06 -2.16992600e-06 -3.46038633e-03 1.80456110e-06 -1.66078126e-08 -4.28653693e-05 5.37732226e-09
0.3059915        -2.53374794e-06 -4.11036834e-03 2.11000123e-06 -2.51658406e-06 -4.06765843e-03 2.10420337e-06 -1.71638803e-08 -4.27099140e-05 5.79785507e-09
0.3066036        -2.90121332e-06 -4.38428726e-03 2.21554062e-06 -2.88341558e-06 -4.34169087e-03 2.20926955e-06 -1.77977447e-08 -4.25963904e-05 6.27107528e-09
0.3072156        -1.45061915e-06 -4.79909347e-03 1.35640316e-06 -1.43277350e-06 -4.75654351e-03 1.35003188e-06 -1.78456564e-08 -4.25499631e-05 6.37127907e-09
0.3078277        -2.29397002e-06 -5.12535306e-03 1.84959822e-06 -2.27576511e-06 -5.08284963e-03 1.84291024e-06 -1.82049098e-08 -4.25034387e-05 6.68797945e-09
0.3084397        -1.84264662e-06 -5.71839253e-03 1.57130757e-06 -1.82431816e-06 -5.67567540e-03 1.56443909e-06 -1.83284607e-08 -4.27171302e-05 6.86847692e-09
0.3090518        -2.35879805e-06 -5.39953000e-03 1.89792630e-06 -2.34017112e-06 -5.35662742e-03 1.89075750e-06 -1.86269328e-08 -4.29025837e-05 7.16879664e-09
0.3096638        -1.65691189e-06 -3.29101730e-03 1.60462389e-06 -1.63829709e-06 -3.24869907e-03 1.59732643e-06 -1.86147940e-08 -4.23182247e-05 7.29745502e-09
0.3102759        -7.38437206e-06 -3.36208561e-03 4.86737457e-06 -7.36346246e-06 -3.32015859e-03 4.85859718e-06 -2.09096064e-08 -4.19270235e-05 8.77739008e-09
0.3108879        3.77844295e-06 -4.60975539e-03 -1.76095543e-06 3.79718565e-06 -4.56767316e-03 -1.76849920e-06 -1.87427009e-08 -4.20822354e-05 7.54377049e-09
0.3115           -3.04071032e-06 -4.61477596e-03 2.57400029e-06 -3.02142835e-06 -4.57267638e-03 2.56595537e-06 -1.92819739e-08 -4.20995773e-05 8.04492089e-09
0.3121449        -5.80200757e-06 -4.33242156e-03 4.15506134e-06 -5.78097674e-06 -4.29044284e-03 4.14578821e-06 -2.10308356e-08 -4.19787195e-05 9.27312858e-09
0.3127899        -2.04724614e-06 -3.86924306e-03 1.79217128e-06 -2.02612465e-06 -3.82740932e-03 1.78274171e-06 -2.11214857e-08 -4.18337338e-05 9.42956868e-09
0.3134348        -1.27663991e-06 -4.37584094e-03 1.28589078e-06 -1.25577220e-06 -4.33404763e-03 1.27653151e-06 -2.08677117e-08 -4.17933171e-05 9.35926909e-09
0.3140797        5.10965004e-07 -2.64663334e-03 2.04064253e-08 5.30835420e-07 -2.60524455e-03 1.16221895e-08 -1.98704162e-08 -4.13887901e-05 8.78423580e-09
0.3147347        -1.84426280e-06 -2.88446668e-03 1.55288998e-06 -1.82439451e-06 -2.84339621e-03 1.54402416e-06 -1.98682911e-08 -4.10704757e-05 8.86582008e-09
0.3153897        -1.40694948e-06 -4.33044723e-03 1.45102043e-06 -1.38724239e-06 -4.28924219e-03 1.44213572e-06 -1.97070862e-08 -4.12050353e-05 8.88470865e-09
0.3160447        -1.24278756e-06 -3.73918770e-03 1.29995467e-06 -1.22332929e-06 -3.69809805e-03 1.29111535e-06 -1.94582755e-08 -4.10896505e-05 8.83931653e-09
0.3166997        -2.04461882e-06 -3.87677184e-03 1.92104327e-06 -2.02504614e-06 -3.83604021e-03 1.91199745e-06 -1.95726799e-08 -4.07316243e-05 9.04581855e-09
0.3173547        -6.37794367e-06 -4.60691981e-03 4.91435708e-06 -6.35631582e-06 -4.56624823e-03 4.90381521e-06 -2.16278546e-08 -4.06715751e-05 1.05418756e-08
0.3180097        -3.04824918e-06 -3.71406538e-03 2.60143433e-06 -3.02607343e-06 -3.67348488e-03 2.59039730e-06 -2.21757531e-08 -4.05804945e-05 1.10370318e-08
0.3186647        -2.60345445e-06 -2.44201491e-03 2.21904647e-06 -2.58097171e-06 -2.40171539e-03 2.20768573e-06 -2.24827357e-08 -4.02995217e-05 1.13607382e-08
0.3193197        2.62277950e-06 -2.88942805e-03 -1.54039702e-06 2.64320055e-06 -2.84929174e-03 -1.55043041e-06 -2.04210574e-08 -4.01363050e-05 1.00333823e-08
0.3199748        1.19467919e-07 -3.80390072e-03 3.47426750e-07 1.39015998e-07 -3.76382187e-03 3.37934081e-07 -1.95480797e-08 -4.00788449e-05 9.49266850e-09
0.3206298        4.16480241e-06 -4.52203886e-03 -1.99669684e-06 4.18168143e-06 -4.48189622e-03 -2.00442884e-06 -1.68790133e-08 -4.01426430e-05 7.73200327e-09
0.3212848        -4.65814192e-07 -4.84486040e-03 4.22196333e-07 -4.49454596e-07 -4.80458773e-03 4.14811458e-07 -1.63595955e-08 -4.02726624e-05 7.38487493e-09
0.3219398        -9.12600193e-07 -1.95557619e-03 1.09707996e-06 -8.96640851e-07 -1.91605087e-03 1.08991481e-06 -1.59593429e-08 -3.95253196e-05 7.16515233e-09
0.3225948        -1.40508418e-06 -2.01794617e-03 1.27761746e-06 -1.38933737e-06 -1.97892822e-03 1.27058881e-06 -1.57468059e-08 -3.90179537e-05 7.02865192e-09
0.3232498        -1.42176596e-05 -1.85714004e-03 1.17885822e-05 -1.41966764e-05 -1.81827816e-03 1.17775536e-05 -2.09831553e-08 -3.88618849e-05 1.10285821e-08
0.3239048        8.51523074e-06 -4.40399023e-03 -6.82134100e-06 8.53154829e-06 -4.36501558e-03 -6.82887790e-06 -1.63175502e-08 -3.89746500e-05 7.53689542e-09
0.3245598        6.72754105e-07 -5.26376093e-03 -2.87608758e-07 6.87773896e-07 -5.22454683e-03 -2.94233376e-07 -1.50197914e-08 -3.92140976e-05 6.62461775e-09
0.3252148        -2.67369966e-06 -2.15658315e-03 2.24967747e-06 -2.65831676e-06 -2.11784715e-03 2.24277491e-06 -1.53829003e-08 -3.87360027e-05 6.90256247e-09
0.3258698        1.08992620e-06 -2.20201708e-03 -1.05877683e-06 1.10411018e-06 -2.16361518e-03 -1.06469148e-06 -1.41839842e-08 -3.84018965e-05 5.91465165e-09
0.3265248        -7.88993797e-06 -5.19645068e-03 6.47971956e-06 -7.87338592e-06 -5.15760546e-03 6.47188108e-06 -1.65520422e-08 -3.88452224e-05 7.83847542e-09
0.3271798        -2.06027003e-06 -3.37311833e-03 1.99132535e-06 -2.04374928e-06 -3.33447546e-03 1.98339691e-06 -1.65207505e-08 -3.86428689e-05 7.92843842e-09
0.3278348        -1.40050661e-06 -1.42734258e-03 1.54177720e-06 -1.38420656e-06 -1.38947086e-03 1.53389736e-06 -1.63000445e-08 -3.78717238e-05 7.87984249e-09
0.3284898        -2.32498495e-06 -3.36696119e-03 2.22069577e-06 -2.30855390e-06 -3.32918325e-03 2.21262578e-06 -1.64310443e-08 -3.77779374e-05 8.06999349e-09
0.3291448        -7.02734016e-07 -3.65969223e-03 9.58699522e-07 -6.86839115e-07 -3.62192991e-03 9.50939167e-07 -1.58949004e-08 -3.77623183e-05 7.76035548e-09
0.3297998        -5.91196253e-06 -3.13425777e-03 4.96367016e-06 -5.89419483e-06 -3.09665716e-03 4.95446493e-06 -1.77676998e-08 -3.76006136e-05 9.20523492e-09
0.3304548        5.50941250e-07 -3.20554353e-03 2.55959182e-07 5.67473172e-07 -3.16810994e-03 2.47483485e-07 -1.65319216e-08 -3.74335918e-05 8.47569728e-09
0.3311098        -1.93578954e-06 -2.68130022e-03 1.87470227e-06 -1.91927697e-06 -2.64414136e-03 1.86613727e-06 -1.65125737e-08 -3.71588655e-05 8.56499685e-09
0.3317648        -6.53070315e-07 -3.49710592e-03 8.65151497e-07 -6.37123615e-07 -3.45988925e-03 8.56921810e-07 -1.59466995e-08 -3.72166742e-05 8.22968719e-09
0.3324198        2.83137598e-06 -3.71912416e-03 -1.90304101e-06 2.84531817e-06 -3.68177375e-03 -1.90980650e-06 -1.39421915e-08 -3.73504102e-05 6.76548940e-09
0.3330748        -5.76742181e-06 -2.57361858e-03 5.08348438e-06 -5.75188836e-06 -2.53675112e-03 5.07534162e-06 -1.55334518e-08 -3.68674633e-05 8.14276487e-09
0.3337298        -2.24471403e-06 -2.56923743e-03 2.17538613e-06 -2.22909746e-06 -2.53272922e-03 2.16709057e-06 -1.56165666e-08 -3.65082138e-05 8.29556047e-09
0.3343849        9.25521066e-07 -2.77352057e-03 -4.73508996e-07 9.39569523e-07 -2.73719823e-03 -4.80690324e-07 -1.40484567e-08 -3.63223394e-05 7.18132782e-09
0.3350399        -4.32572235e-06 -2.02131094e-03 3.91830129e-06 -4.31040253e-06 -1.98520000e-03 3.91008699e-06 -1.53198221e-08 -3.61109396e-05 8.21429504e-09
0.3356949        -2.08428047e-06 -1.81552860e-03 2.03488203e-06 -2.06893436e-06 -1.77956510e-03 2.02659095e-06 -1.53461098e-08 -3.59634933e-05 8.29108199e-09
0.3363499        2.93179389e-06 -3.54147309e-03 -1.83571054e-06 2.94469669e-06 -3.50564132e-03 -1.84225510e-06 -1.29028010e-08 -3.58317652e-05 6.54455590e-09
0.3370049        -1.64923063e-06 -3.63662713e-03 1.80692138e-06 -1.63666403e-06 -3.60096480e-03 1.80053715e-06 -1.25666017e-08 -3.56623249e-05 6.38423654e-09
0.3376599        -4.01744915e-07 -2.16109283e-03 4.28218371e-07 -3.90015840e-07 -2.12574399e-03 4.22457173e-07 -1.17290750e-08 -3.53488439e-05 5.76119720e-09
0.3383149        -1.21370254e-06 -1.75674747e-03 1.31706552e-06 -1.20244029e-06 -1.72165349e-03 1.31159079e-06 -1.12622525e-08 -3.50939758e-05 5.47472557e-09
0.3389699        -2.43112670e-06 -9.88676925e-04 2.23263107e-06 -2.41977816e-06 -9.53831575e-04 2.22702943e-06 -1.13485429e-08 -3.48453502e-05 5.60163544e-09
0.3396249        -1.33251443e-06 -3.07771553e-03 1.37059136e-06 -1.32164568e-06 -3.04297610e-03 1.36531129e-06 -1.08687493e-08 -3.47394256e-05 5.28007632e-09
0.3402799        -2.34193149e-06 -3.41445418e-03 2.15935165e-06 -2.33110235e-06 -3.37988676e-03 2.15404654e-06 -1.08291419e-08 -3.45674139e-05 5.30510466e-09
0.3409349        -1.50787047e-06 -6.50438619e-04 1.45432859e-06 -1.49740045e-06 -6.16424428e-04 1.44924550e-06 -1.04700131e-08 -3.40141915e-05 5.08309611e-09
0.3415899        -1.69689598e-06 -1.89302841e-03 1.63996110e-06 -1.68675015e-06 -1.85921978e-03 1.63507678e-06 -1.01458277e-08 -3.38086331e-05 4.88432759e-09
0.3422449        -2.10396971e-06 -3.45678551e-03 2.01585895e-06 -2.09403475e-06 -3.42294982e-03 2.01106741e-06 -9.93495971e-09 -3.38356875e-05 4.79153486e-09
0.3428999        -3.57607248e-06 -2.74276408e-03 3.29108422e-06 -3.56573763e-06 -2.70892414e-03 3.28586230e-06 -1.03348443e-08 -3.38399350e-05 5.22191347e-09
0.3435549        -8.80038582e-07 -2.44999297e-03 9.63670174e-07 -8.70495573e-07 -2.41612985e-03 9.58990986e-07 -9.54300918e-09 -3.38631180e-05 4.67918743e-09
0.3442099        -9.20828904e-07 -1.67834056e-04 9.77022910e-07 -9.11992201e-07 -1.34803688e-04 9.72855882e-07 -8.83670298e-09 -3.30303678e-05 4.16702800e-09
0.3448649        2.54229148e-06 -1.32246998e-03 -1.61666634e-06 2.54901719e-06 -1.28987802e-03 -1.61923278e-06 -6.72571135e-09 -3.25919620e-05 2.56644361e-09
0.3455199        -4.97579373e-06 -3.72907490e-03 4.25127429e-06 -4.96818702e-06 -3.69628091e-03 4.24794782e-06 -7.60671171e-09 -3.27939931e-05 3.32647218e-09
0.3461749        -2.24652811e-06 -2.04870114e-03 1.88302248e-06 -2.23914216e-06 -2.01606909e-03 1.87983877e-06 -7.38595095e-09 -3.26320508e-05 3.18371350e-09
0.3468299        -2.68916004e-06 -2.30129618e-03 2.42353277e-06 -2.68180831e-06 -2.26882465e-03 2.42031730e-06 -7.35173291e-09 -3.24715343e-05 3.21546723e-09
0.3474849        -1.62263280e-06 -5.72302096e-04 1.58579830e-06 -1.61582048e-06 -5.40322891e-04 1.58293713e-06 -6.81231836e-09 -3.19792044e-05 2.86116818e-09
0.3481399        -2.24848302e-06 -8.73590801e-04 2.15037642e-06 -2.24197728e-06 -8.41968831e-04 2.14767958e-06 -6.50573973e-09 -3.16219707e-05 2.69684061e-09
0.348795         -1.80472515e-06 -3.16268612e-03 1.78672712e-06 -1.79880417e-06 -3.13097060e-03 1.78441628e-06 -5.92097686e-09 -3.17155200e-05 2.31083890e-09
0.34945          -1.23784128e-06 -2.22203976e-03 1.31118864e-06 -1.23278608e-06 -2.19046111e-03 1.30947221e-06 -5.05520515e-09 -3.15786471e-05 1.71643253e-09
0.350105         -2.24665823e-06 -1.48930570e-03 2.07367946e-06 -2.24200883e-06 -1.45804811e-03 2.07220857e-06 -4.64939472e-09 -3.12575899e-05 1.47088762e-09
0.35076          -4.71915011e-06 -1.77158794e-03 4.06487828e-06 -4.71380678e-06 -1.74053396e-03 4.06281010e-06 -5.34333006e-09 -3.10539888e-05 2.06817507e-09
0.351415         -3.97945249e-06 -1.54348874e-03 3.53896684e-06 -3.97380402e-06 -1.51264532e-03 3.53657363e-06 -5.64846948e-09 -3.08434221e-05 2.39320868e-09
0.35207          -2.29997375e-06 -1.50334235e-03 2.14873687e-06 -2.29480431e-06 -1.47271432e-03 2.14663323e-06 -5.16943191e-09 -3.06280295e-05 2.10364361e-09
0.352725         -3.35563563e-06 -1.31855375e-03 2.95395205e-06 -3.35050247e-06 -1.28824387e-03 2.95179508e-06 -5.13315368e-09 -3.03098849e-05 2.15697719e-09
0.35338          2.08233309e-08 -8.77808003e-04 2.36255282e-07 2.44701179e-08 -8.48094728e-04 2.35235248e-07 -3.64678700e-09 -2.97132755e-05 1.02003405e-09
0.354035         -7.10736279e-07 -1.56976378e-03 8.58279348e-07 -7.08282051e-07 -1.54013554e-03 8.58122286e-07 -2.45422773e-09 -2.96282349e-05 1.57061743e-10
0.35469          -5.22037366e-07 -1.66768896e-03 7.73713803e-07 -5.20883956e-07 -1.63804333e-03 7.74500242e-07 -1.15340989e-09 -2.96456250e-05 -7.86439260e-10
0.355345         -1.51550852e-06 -2.53685897e-03 1.38602040e-06 -1.51525493e-06 -2.50741256e-03 1.38744350e-06 -2.53586779e-10 -2.94464039e-05 -1.42310544e-09
0.356            -2.70634668e-06 -1.72756927e-03 2.20563596e-06 -2.70647940e-06 -1.69837921e-03 2.20729948e-06 1.32721691e-10 -2.91900559e-05 -1.66352158e-09
0.3566642        3.33994034e-07 4.31038758e-04 -1.35139993e-07 3.32060986e-07 4.59886214e-04 -1.32129313e-07 1.93304876e-09 -2.88474562e-05 -3.01068027e-09
0.3573284        -1.26542595e-06 -1.43958269e-03 1.19697546e-06 -1.26844050e-06 -1.41099493e-03 1.20077798e-06 3.01455153e-09 -2.85877597e-05 -3.80251865e-09
0.3579925        -1.68251475e-06 -2.11821930e-03 1.59438360e-06 -1.68644149e-06 -2.08993226e-03 1.59883358e-06 3.92674314e-09 -2.82870338e-05 -4.44998030e-09
0.3586567        -1.73852915e-06 -1.34753833e-03 1.55626202e-06 -1.74330160e-06 -1.31924749e-03 1.56130992e-06 4.77244796e-09 -2.82908433e-05 -5.04790539e-09
0.3593209        -1.97499693e-06 -1.03340330e-03 1.78662728e-06 -1.98054161e-06 -1.00527789e-03 1.79220760e-06 5.54468821e-09 -2.81254075e-05 -5.58031473e-09
0.3599851        4.82964238e-06 -2.04106482e-04 -3.98143298e-06 4.82011585e-06 -1.76646102e-04 -3.97269421e-06 9.52652126e-09 -2.74603801e-05 -8.73876746e-09
0.3606493        -2.54316291e-07 -8.11718719e-04 2.32625053e-07 -2.65334316e-07 -7.84571053e-04 2.42526109e-07 1.10180250e-08 -2.71476666e-05 -9.90105612e-09
0.3613134        -1.18015358e-06 -7.10044681e-04 1.09569500e-06 -1.19225959e-06 -6.83143245e-04 1.10641212e-06 1.21060036e-08 -2.69014358e-05 -1.07171195e-08
0.3619891        -8.78566996e-07 -9.73808163e-04 7.82151103e-07 -8.91904739e-07 -9.47120471e-04 7.93820355e-07 1.33377425e-08 -2.66876920e-05 -1.16692526e-08
0.3626647        -2.01143022e-06 -8.81612879e-04 1.90160960e-06 -2.02546215e-06 -8.55171163e-04 1.91374193e-06 1.40319257e-08 -2.64417156e-05 -1.21323297e-08
0.3633403        -1.33841399e-07 -3.49527341e-04 -4.19144330e-08 -1.49338278e-07 -3.23413852e-04 -2.85777012e-08 1.54968787e-08 -2.61134894e-05 -1.33367318e-08
0.364016         -6.89871771e-07 -1.15619607e-03 5.49898201e-07 -7.06574307e-07 -1.13026419e-03 5.64201309e-07 1.67025362e-08 -2.59318759e-05 -1.43031078e-08
0.3646916        -1.03964365e-06 -1.46803700e-03 8.98002860e-07 -1.05738076e-06 -1.44222107e-03 9.13124840e-07 1.77371081e-08 -2.58159351e-05 -1.51219797e-08
0.3653672        1.00263258e-07 -4.18583956e-04 -5.75514722e-08 8.09826849e-08 -3.93086435e-04 -4.11920077e-08 1.92805728e-08 -2.54975212e-05 -1.63594645e-08
0.3660428        3.65965000e-06 -2.51860377e-04 -2.83781528e-06 3.63734214e-06 -2.26732964e-04 -2.81901376e-06 2.23078542e-08 -2.51274129e-05 -1.88015207e-08
0.3667185        -4.81036033e-06 -2.27452170e-04 4.08515831e-06 -4.83196842e-06 -2.02853470e-04 4.10334438e-06 2.16080815e-08 -2.45987004e-05 -1.81860715e-08
0.3673941        -2.40359447e-06 -9.48802230e-04 2.05955028e-06 -2.42558071e-06 -9.24290627e-04 2.07800827e-06 2.19862422e-08 -2.45116033e-05 -1.84579873e-08
0.3680697        -5.37993874e-06 -8.11456330e-04 4.56062513e-06 -5.40088810e-06 -7.86965625e-04 4.57818573e-06 2.09493632e-08 -2.44907055e-05 -1.75606082e-08
0.3687454        -1.92058100e-06 4.26747134e-04 1.68003077e-06 -1.94210909e-06 4.50584346e-04 1.69802808e-06 2.15280856e-08 -2.38372118e-05 -1.79973145e-08
0.369421         -1.15445354e-06 -4.79664226e-04 1.03534042e-06 -1.17688141e-06 -4.56145640e-04 1.05405224e-06 2.24278768e-08 -2.35185858e-05 -1.87118206e-08
0.3700966        -1.21953108e-06 -1.59260551e-03 1.03251601e-06 -1.24280900e-06 -1.56901514e-03 1.05190793e-06 2.32779214e-08 -2.35903655e-05 -1.93919114e-08
0.3707723        -8.52775863e-07 -9.99799370e-05 6.63658608e-07 -8.77061992e-07 -7.67325669e-05 6.83879903e-07 2.42861280e-08 -2.32473701e-05 -2.02212954e-08
0.3714479        -6.38477243e-07 -7.80484721e-06 5.80712073e-07 -6.63813796e-07 1.51258233e-05 6.01772941e-07 2.53365534e-08 -2.29306705e-05 -2.10608675e-08
0.3721235        -1.21255993e-06 7.52039084e-08 1.09640750e-06 -1.23866052e-06 2.26948617e-05 1.11807303e-06 2.61005890e-08 -2.26196578e-05 -2.16655277e-08
0.3727992        -1.04380800e-06 -4.59124307e-04 9.66452265e-07 -1.07074067e-06 -4.36678925e-04 9.88777569e-07 2.69326691e-08 -2.24453814e-05 -2.23253037e-08
0.3734748        -6.10904993e-06 -1.58063834e-03 5.52082685e-06 -6.13438681e-06 -1.55814369e-03 5.54171008e-06 2.53368751e-08 -2.24946525e-05 -2.08832335e-08
0.3741504        -1.41970801e-06 1.06599610e-03 1.24244595e-06 -1.44567292e-06 1.08792595e-03 1.26381861e-06 2.59649160e-08 -2.19298473e-05 -2.13726642e-08
0.374826         -1.40279860e-06 1.18090643e-03 1.20464504e-06 -1.42936786e-06 1.20234297e-03 1.22649674e-06 2.65692661e-08 -2.14365422e-05 -2.18517045e-08
0.3755017        -1.68850621e-06 -1.29100639e-03 1.15048143e-06 -1.71561014e-06 -1.26952969e-03 1.17278300e-06 2.71039376e-08 -2.14766983e-05 -2.23015650e-08
0.3761773        -1.64387192e-06 -1.13121541e-04 1.57032427e-06 -1.67139890e-06 -9.19975476e-05 1.59291111e-06 2.75269806e-08 -2.11239935e-05 -2.25868363e-08
0.3768529        5.84719597e-06 9.07769100e-04 -5.51547865e-06 5.81569813e-06 9.28236989e-04 -5.48945818e-06 3.14978382e-08 -2.04678884e-05 -2.60204748e-08
0.3775286        1.26807025e-06 -1.33133187e-03 -1.05786443e-06 1.23494598e-06 -1.31061299e-03 -1.03047147e-06 3.31242742e-08 -2.07188826e-05 -2.73929587e-08
0.3782042        -2.01009390e-06 -6.28404813e-04 1.65372800e-06 -2.04328221e-06 -6.07695851e-04 1.68114067e-06 3.31883048e-08 -2.07089618e-05 -2.74126706e-08
0.3788798        1.54993176e-06 2.69920693e-03 -1.51249922e-06 1.51506207e-06 2.71889015e-03 -1.48362415e-06 3.48696866e-08 -1.96832271e-05 -2.88750667e-08
0.3795555        -2.65792481e-07 4.24057150e-04 5.50895078e-08 -3.01425366e-07 4.43450902e-04 8.46468618e-08 3.56328850e-08 -1.93937518e-05 -2.95573540e-08
0.3802311        -3.40829955e-07 -5.66837337e-04 1.64736175e-07 -3.77171549e-07 -5.47495558e-04 1.94920918e-07 3.63415938e-08 -1.93417794e-05 -3.01847430e-08
0.3809067        3.85453150e-07 -7.03032570e-04 -5.16772648e-07 3.48094596e-07 -6.83791022e-04 -4.85688725e-07 3.73585542e-08 -1.92415476e-05 -3.10839233e-08
0.3815823        -7.11232471e-07 2.51760681e-05 5.42468637e-07 -7.49047235e-07 4.41614086e-05 5.73939434e-07 3.78147641e-08 -1.89853406e-05 -3.14707968e-08
0.382258         -5.31313939e-07 2.37094621e-03 3.37280552e-07 -5.69610914e-07 2.38930962e-03 3.69177943e-07 3.82969744e-08 -1.83634076e-05 -3.18973915e-08
0.3829336        -7.20478122e-07 6.77205343e-04 4.93042484e-07 -7.59132126e-07 6.95194857e-04 5.25267679e-07 3.86540034e-08 -1.79895144e-05 -3.22251953e-08
0.3836092        -7.44387712e-07 -1.65562504e-04 4.73505294e-07 -7.83366934e-07 -1.47892461e-04 5.06030655e-07 3.89792217e-08 -1.76700428e-05 -3.25253602e-08
0.3842849        -7.71550552e-07 -1.05989852e-03 5.42042753e-07 -8.10802941e-07 -1.04195638e-03 5.74803448e-07 3.92523896e-08 -1.79421417e-05 -3.27606951e-08
0.3849605        3.46732110e-08 1.83203615e-04 -2.60368852e-07 -5.16047083e-09 2.00958033e-04 -2.27081820e-07 3.98336819e-08 -1.77544178e-05 -3.32870319e-08
0.3856361        -6.81949535e-07 3.17436623e-03 3.88046819e-07 -7.21982976e-07 3.19105603e-03 4.21506059e-07 4.00334409e-08 -1.66898021e-05 -3.34592404e-08
0.3863118        -5.62958897e-07 1.83107654e-04 1.89142656e-07 -6.03213698e-07 1.99800540e-04 2.22830495e-07 4.02548012e-08 -1.66928862e-05 -3.36878399e-08
0.3869874        -2.47563005e-07 -5.76113742e-04 -5.08506095e-08 -2.88125007e-07 -5.59249050e-04 -1.68677834e-08 4.05620012e-08 -1.68646922e-05 -3.39828261e-08
0.387663         -2.91392832e-07 1.60260341e-03 -9.66893414e-10 -3.32182111e-07 1.61877457e-03 3.32362955e-08 4.07892782e-08 -1.61711584e-05 -3.42031889e-08
0.3883387        -4.71739937e-07 6.45736031e-04 2.33487234e-07 -5.12629109e-07 6.61567626e-04 2.67787468e-07 4.08891719e-08 -1.58315942e-05 -3.43002337e-08
0.3890143        3.59647869e-07 -4.58314138e-04 -5.96914477e-07 3.18309125e-07 -4.42416887e-04 -5.62192605e-07 4.13387438e-08 -1.58972508e-05 -3.47218721e-08
0.3896899        1.12497298e-07 1.50375266e-03 -3.82985615e-07 7.08824191e-08 1.51908601e-03 -3.47988985e-07 4.16148786e-08 -1.53333465e-05 -3.49966300e-08
0.3903655        -1.83874011e-07 1.86016773e-03 -1.03885229e-07 -2.25568085e-07 1.87487460e-03 -6.87848665e-08 4.16940746e-08 -1.47068784e-05 -3.51003625e-08
0.3910412        -7.63950124e-07 1.17535930e-03 5.57841603e-07 -8.05465218e-07 1.19001345e-03 5.92792303e-07 4.15150944e-08 -1.46541502e-05 -3.49506997e-08
0.3917168        -1.78537800e-07 7.59182303e-04 -7.74335574e-08 -2.20103408e-07 7.73619362e-04 -4.23911044e-08 4.15656080e-08 -1.44370594e-05 -3.50424530e-08
0.3923924        -8.16069530e-08 3.23505557e-04 -1.33214097e-07 -1.23198673e-07 3.37552782e-04 -9.81016075e-08 4.15917204e-08 -1.40472245e-05 -3.51124900e-08
0.3930681        1.43608626e-07 8.77490139e-04 -3.80008923e-07 1.01967123e-07 8.91451032e-04 -3.44790999e-07 4.16415027e-08 -1.39608928e-05 -3.52179237e-08
0.3937437        -1.35246212e-07 1.11528572e-03 -8.12286186e-08 -1.76751806e-07 1.12910767e-03 -4.60656562e-08 4.15055944e-08 -1.38219488e-05 -3.51629624e-08
0.3944193        2.23273614e-07 2.10488830e-03 -4.58261712e-07 1.81813292e-07 2.11801543e-03 -4.23053275e-07 4.14603219e-08 -1.31271284e-05 -3.52084366e-08
0.395095         -1.66521470e-06 1.12563098e-03 2.04267869e-06 -1.70562695e-06 1.13847622e-03 2.07686740e-06 4.04122459e-08 -1.28452455e-05 -3.41887101e-08
0.3957706        1.42962148e-06 1.35821615e-04 -2.20662466e-06 1.38874050e-06 1.48634325e-04 -2.17175126e-06 4.08809834e-08 -1.28127097e-05 -3.48734020e-08
0.3964462        7.02350267e-07 2.03746573e-03 -8.99455447e-07 6.61493296e-07 2.04965120e-03 -8.64492791e-07 4.08569712e-08 -1.21854751e-05 -3.49626558e-08
0.3971218        -2.14058156e-07 1.73578538e-03 4.40671294e-08 -2.54406662e-07 1.74752769e-03 7.86430373e-08 4.03485053e-08 -1.17423138e-05 -3.45759079e-08
0.3977975        1.08563828e-06 -4.82636944e-05 -1.20788372e-06 1.04531633e-06 -3.62804691e-05 -1.17320998e-06 4.03219514e-08 -1.19832254e-05 -3.46737476e-08
0.3984731        5.33669600e-07 1.15430784e-03 -6.22583811e-07 4.93708252e-07 1.16607734e-03 -5.88138002e-07 3.99613482e-08 -1.17694937e-05 -3.44458092e-08
0.3991487        2.03849050e-06 1.69229678e-03 -2.14288381e-06 1.99821597e-06 1.70369922e-03 -2.10803010e-06 4.02745319e-08 -1.14024439e-05 -3.48537048e-08
0.3998244        7.77545669e-07 2.28017965e-03 -8.28303128e-07 7.37622214e-07 2.29099291e-03 -7.93672075e-07 3.99234553e-08 -1.08132612e-05 -3.46310532e-08
0.4005           6.87945518e-07 1.78612114e-03 -7.33229658e-07 6.48449561e-07 1.79651450e-03 -6.98896036e-07 3.94959571e-08 -1.03933577e-05 -3.43336216e-08
0.4011846        5.32785509e-07 3.58960486e-04 -5.79563686e-07 4.93822384e-07 3.69346616e-04 -5.45621001e-07 3.89631255e-08 -1.03861296e-05 -3.39426849e-08
0.4018692        6.74306364e-07 1.64254737e-03 -6.99848529e-07 6.35867221e-07 1.65260180e-03 -6.66288711e-07 3.84391430e-08 -1.00544315e-05 -3.35598184e-08
0.4025538        8.46785035e-07 1.99093612e-03 -8.92244584e-07 8.08762668e-07 2.00061560e-03 -8.58958994e-07 3.80223664e-08 -9.67947462e-06 -3.32855905e-08
0.4032385        2.54540105e-06 1.93201274e-03 -2.49966359e-06 2.50708460e-06 1.94139564e-03 -2.46600155e-06 3.83164513e-08 -9.38289588e-06 -3.36620324e-08
0.4039231        -1.79921523e-06 1.65769995e-03 1.63492132e-06 -1.83582311e-06 1.66675712e-03 1.66710375e-06 3.66078774e-08 -9.05717157e-06 -3.21824232e-08
0.4046077        6.03104320e-07 1.34581754e-03 -5.95351495e-07 5.67130461e-07 1.35445469e-03 -5.63637777e-07 3.59738593e-08 -8.63714991e-06 -3.17137185e-08
0.4052923        7.25765893e-07 5.72500640e-04 -7.49282165e-07 6.90390836e-07 5.81219773e-04 -7.17995113e-07 3.53750570e-08 -8.71913251e-06 -3.12870527e-08
0.4059769        6.86473710e-07 8.85158629e-04 -6.95460689e-07 6.51699204e-07 8.93863150e-04 -6.64610048e-07 3.47745055e-08 -8.70452124e-06 -3.08506408e-08
0.4066615        7.04748191e-07 4.50329255e-03 -7.41596531e-07 6.70550283e-07 4.51089396e-03 -7.11144601e-07 3.41979079e-08 -7.60140578e-06 -3.04519294e-08
0.4073462        2.07737906e-06 1.51253227e-03 -2.19020691e-06 2.04304908e-06 1.51991697e-03 -2.15945923e-06 3.43299819e-08 -7.38469800e-06 -3.07476819e-08
0.4080308        -7.29705323e-07 -8.06645472e-04 8.66475871e-07 -7.62771938e-07 -7.98984502e-04 8.96155938e-07 3.30666153e-08 -7.66096991e-06 -2.96800664e-08
0.4087154        6.02125139e-07 3.59221507e-03 -5.97532329e-07 5.69710085e-07 3.59917976e-03 -5.68331253e-07 3.24150536e-08 -6.96469205e-06 -2.92010758e-08
0.4094           4.10652152e-07 3.20419041e-03 -4.26161575e-07 3.79044270e-07 3.21064930e-03 -3.97582139e-07 3.16078821e-08 -6.45888913e-06 -2.85794355e-08
0.4100846        5.77560926e-07 8.10832176e-04 -5.26085744e-07 5.46751996e-07 8.17301915e-04 -4.98123690e-07 3.08089297e-08 -6.46973906e-06 -2.79620531e-08
0.4107692        6.31175687e-07 1.35940576e-03 -6.57452027e-07 6.01190983e-07 1.36556170e-03 -6.30121898e-07 2.99847045e-08 -6.15593817e-06 -2.73301289e-08
0.4114538        1.05019880e-06 1.36451947e-03 -9.49773815e-07 1.02087014e-06 1.37029818e-03 -9.22933868e-07 2.93286645e-08 -5.77870422e-06 -2.68399466e-08
0.4121385        2.46530995e-06 1.83931048e-03 -2.62122295e-06 2.43589404e-06 1.84504378e-03 -2.59412073e-06 2.94159168e-08 -5.73330151e-06 -2.71022145e-08
0.4128231        -1.33070678e-05 2.33561629e-03 1.25145350e-05 -1.33290012e-05 2.34102844e-03 1.25348239e-05 2.19333616e-08 -5.41214743e-06 -2.02888916e-08
0.4135226        1.85242563e-05 3.14570851e-03 -1.73553840e-05 1.84943371e-05 3.15038830e-03 -1.73275923e-05 2.99192988e-08 -4.67978653e-06 -2.77917122e-08
0.4142221        4.91134854e-06 1.59342018e-03 -4.63662331e-06 4.88031396e-06 1.59794401e-03 -4.60765728e-06 3.10345797e-08 -4.52383363e-06 -2.89660301e-08
0.4149216        2.31853200e-06 1.44781188e-03 -2.16775113e-06 2.28762001e-06 1.45220493e-03 -2.13875590e-06 3.09119900e-08 -4.39304863e-06 -2.89952354e-08
0.4156211        1.92675083e-06 1.07233351e-03 -1.75681908e-06 1.89614245e-06 1.07664236e-03 -1.72795087e-06 3.06083762e-08 -4.30885201e-06 -2.88682072e-08
0.4163206        1.64217538e-06 3.10187825e-03 -1.50027967e-06 1.61200908e-06 3.10568966e-03 -1.47166105e-06 3.01662990e-08 -3.81140584e-06 -2.86186222e-08
0.4170201        1.57709754e-06 4.24377416e-03 -1.40696481e-06 1.54742811e-06 4.24694672e-03 -1.37864939e-06 2.96694359e-08 -3.17255802e-06 -2.83154253e-08
0.4177196        1.14087270e-06 3.43239675e-04 -9.41442219e-07 1.11184145e-06 3.46327121e-04 -9.13561812e-07 2.90312494e-08 -3.08744604e-06 -2.78804063e-08
0.4184191        1.29502336e-06 1.97353635e-03 -1.11765844e-06 1.26657463e-06 1.97635090e-03 -1.09014893e-06 2.84487362e-08 -2.81455424e-06 -2.75095124e-08
0.4191186        8.48837147e-07 4.07157728e-03 -6.78565150e-07 8.21167489e-07 4.07400887e-03 -6.51605334e-07 2.76696589e-08 -2.43158674e-06 -2.69598164e-08
0.4198181        8.87459960e-07 2.14836563e-03 -7.21698667e-07 8.60448515e-07 2.15044806e-03 -6.95152479e-07 2.70114454e-08 -2.08242643e-06 -2.65461870e-08
0.4205176        1.24269100e-06 1.89007523e-03 -1.06907494e-06 1.21613784e-06 1.89184854e-03 -1.04274831e-06 2.65531532e-08 -1.77330557e-06 -2.63266310e-08
0.4212171        1.00812601e-06 1.46287108e-03 -8.58914649e-07 9.82096250e-07 1.46460143e-03 -8.32878082e-07 2.60297612e-08 -1.73034501e-06 -2.60365664e-08
0.4219166        1.60251857e-06 2.82511032e-03 -1.61097322e-06 1.57665686e-06 2.82631306e-03 -1.58484421e-06 2.58617060e-08 -1.20273795e-06 -2.61290123e-08
0.4226161        -5.09258042e-07 3.32969961e-03 1.06067483e-06 -5.33955778e-07 3.33028702e-03 1.08581001e-06 2.46977365e-08 -5.87404063e-07 -2.51351811e-08
0.4233156        1.75337279e-06 1.18124792e-03 -2.03962688e-06 1.72852950e-06 1.18209572e-03 -2.01402270e-06 2.48432950e-08 -8.47801417e-07 -2.56041837e-08
0.4240151        9.46242283e-07 2.39681673e-03 -8.38451807e-07 9.21607598e-07 2.39737286e-03 -8.12839980e-07 2.46346854e-08 -5.56135519e-07 -2.56118273e-08
0.4247145        9.39123696e-08 3.61497781e-03 -7.89603475e-08 6.97900408e-08 3.61479077e-03 -5.36318960e-08 2.41223288e-08 1.87041499e-07 -2.53284515e-08
0.425414         2.55570623e-06 2.78686694e-03 -2.48066481e-06 2.53097071e-06 2.78660760e-03 -2.45450744e-06 2.47355213e-08 2.59339667e-07 -2.61573671e-08
0.4261135        -8.39283697e-07 2.60588638e-03 1.07370215e-06 -8.63088748e-07 2.60547331e-03 1.09911343e-06 2.38050507e-08 4.13073337e-07 -2.54112763e-08
0.426813         5.87617869e-07 2.30457946e-03 -4.26269848e-07 5.64120478e-07 2.30374179e-03 -4.00943284e-07 2.34973902e-08 8.37666967e-07 -2.53265645e-08
0.4275125        -1.01482735e-06 1.91037968e-03 8.20580173e-07 -1.03725123e-06 1.90941068e-03 8.45150570e-07 2.24238752e-08 9.69005832e-07 -2.45703964e-08
0.428212         2.19021613e-06 2.12981391e-03 -1.71883557e-06 2.16737598e-06 2.12868151e-03 -1.69368871e-06 2.28401494e-08 1.13240444e-06 -2.51468546e-08
0.4289115        6.79936283e-07 5.50081484e-03 -5.46495956e-07 6.57401939e-07 5.49862900e-03 -5.21425894e-07 2.25343439e-08 2.18584673e-06 -2.50700620e-08
0.429611         -5.06608769e-06 2.34811161e-03 5.02054807e-06 -5.08546504e-06 2.34587682e-03 5.04284813e-06 1.93773434e-08 2.23478895e-06 -2.23000598e-08
0.4303105        3.76586381e-06 -7.26895276e-05 -3.48861371e-06 3.74511447e-06 -7.43616078e-05 -3.46481455e-06 2.07493431e-08 1.67208021e-06 -2.37991582e-08
0.43101          6.00891476e-07 3.58427496e-03 -4.57743979e-07 5.80395887e-07 3.58192895e-03 -4.34006508e-07 2.04955898e-08 2.34600206e-06 -2.37374710e-08
0.4317095        4.65066578e-07 3.54403904e-03 -3.84182685e-07 4.44856360e-07 3.54119272e-03 -3.60514536e-07 2.02102179e-08 2.84631877e-06 -2.36681491e-08
0.432409         2.85858917e-07 3.43742436e-03 -1.88217218e-07 2.66056864e-07 3.43427694e-03 -1.64678195e-07 1.98020530e-08 3.14741999e-06 -2.35390222e-08
0.4331085        2.46559671e-07 2.33571868e-03 -1.45751451e-07 2.27147150e-07 2.33247398e-03 -1.22329202e-07 1.94125207e-08 3.24469865e-06 -2.34222499e-08
0.433808         1.90110588e-07 2.28962705e-03 -8.69291921e-08 1.71058600e-07 2.28626598e-03 -6.36499053e-08 1.90519878e-08 3.36107087e-06 -2.32792867e-08
0.4345075        3.56358824e-06 3.71327896e-03 -3.82862297e-06 3.54333011e-06 3.70952232e-03 -3.80388098e-06 2.02581328e-08 3.75664419e-06 -2.47419960e-08
0.435207         -3.05691724e-06 2.73423379e-03 3.40782476e-06 -3.07532771e-06 2.73030287e-03 3.43092861e-06 1.84104720e-08 3.93091701e-06 -2.31038511e-08
0.4359065        8.83633004e-08 2.21840634e-03 -2.53297985e-09 7.02702621e-08 2.21438000e-03 2.04504929e-08 1.80930383e-08 4.02633908e-06 -2.29834728e-08
0.436606         1.27175252e-07 3.01238636e-03 -6.44107102e-08 1.09359150e-07 3.00839384e-03 -4.15230428e-08 1.78161020e-08 3.99251269e-06 -2.28876674e-08
0.4373055        -3.65752541e-09 1.91334088e-03 7.53654240e-08 -2.11740976e-08 1.90984524e-03 9.81082696e-08 1.75165722e-08 3.49563797e-06 -2.27428455e-08
0.438005         -2.64812557e-08 1.34449648e-04 1.25039525e-07 -4.36562134e-08 1.32113050e-04 1.47599379e-07 1.71749577e-08 2.33659771e-06 -2.25598538e-08
0.4387045        3.03588731e-08 1.53513162e-03 6.07623006e-08 1.34943936e-08 1.53350311e-03 8.31588506e-08 1.68644796e-08 1.62850687e-06 -2.23965500e-08
0.439404         -3.14271200e-08 1.65016451e-03 1.16025633e-07 -4.79734956e-08 1.64927169e-03 1.38255036e-07 1.65463756e-08 8.92820236e-07 -2.22294028e-08
0.4401035        -6.55832794e-08 1.44449179e-03 1.48281135e-07 -8.18009840e-08 1.44455960e-03 1.70324636e-07 1.62177046e-08 -6.78053251e-08 -2.20435011e-08
0.440803         -1.11502512e-07 8.01637989e-04 2.08714374e-07 -1.27367496e-07 8.02620026e-04 2.30529763e-07 1.58649847e-08 -9.82037333e-07 -2.18153894e-08
0.4415025        -2.55672086e-07 4.70519615e-04 4.14684900e-07 -2.71127398e-07 4.72382102e-04 4.36180571e-07 1.54553116e-08 -1.86248732e-06 -2.14956709e-08
0.442202         -8.20385047e-08 8.73194095e-04 1.87794563e-07 -9.71585776e-08 8.75627206e-04 2.09055988e-07 1.51200729e-08 -2.43311115e-06 -2.12614256e-08
0.4429015        1.24801827e-08 1.12009513e-03 1.07120348e-07 -2.30699604e-09 1.12325894e-03 1.28140047e-07 1.47871788e-08 -3.16380603e-06 -2.10196991e-08
0.443601         -2.86727446e-08 1.37433860e-03 1.03813810e-07 -4.31388375e-08 1.37842354e-03 1.24598424e-07 1.44660929e-08 -4.08493563e-06 -2.07846137e-08
0.4443005        4.56041583e-07 1.70890606e-03 -4.12704956e-07 4.41592404e-07 1.71360587e-03 -3.91857310e-07 1.44491792e-08 -4.69980997e-06 -2.08476457e-08
0.445            -1.18164254e-07 1.65319587e-03 1.79782993e-07 -1.32354461e-07 1.65857356e-03 2.00442732e-07 1.41902066e-08 -5.37768824e-06 -2.06597387e-08
0.4457063        -5.65242113e-08 1.40855862e-03 5.92060220e-08 -7.05321958e-08 1.41488136e-03 7.97680804e-08 1.40079845e-08 -6.32274021e-06 -2.05620584e-08
0.4464127        -9.82791966e-08 1.14303721e-03 1.44931277e-07 -1.12183073e-07 1.15001738e-03 1.65439131e-07 1.39038760e-08 -6.98016843e-06 -2.05078541e-08
0.447119         -2.73539173e-07 9.71772274e-04 3.24949114e-07 -2.87250321e-07 9.79348181e-04 3.45315307e-07 1.37111480e-08 -7.57590664e-06 -2.03661932e-08
0.4478254        -3.23256460e-07 5.44963613e-04 3.89229769e-07 -3.36772579e-07 5.53381383e-04 4.09444028e-07 1.35161181e-08 -8.41776945e-06 -2.02142590e-08
0.4485317        7.53470989e-07 1.06989050e-03 -5.76908747e-07 7.39576443e-07 1.07912129e-03 -5.56328011e-07 1.38945464e-08 -9.23079012e-06 -2.05807361e-08
0.4492381        8.85269538e-08 1.45997111e-03 -4.34087498e-08 7.45834568e-08 1.47004743e-03 -2.27434228e-08 1.39434970e-08 -1.00763209e-05 -2.06653269e-08
0.4499444        -1.75014724e-07 2.21175412e-03 2.04160478e-07 -1.88895334e-07 2.22211624e-03 2.24784688e-07 1.38806101e-08 -1.03621261e-05 -2.06242104e-08
0.4506508        -2.96824802e-07 1.95964513e-03 3.33664099e-07 -3.10650891e-07 1.97055407e-03 3.54275011e-07 1.38260892e-08 -1.09089357e-05 -2.06109114e-08
0.4513571        -1.37779146e-07 1.41556819e-03 1.40702327e-07 -1.51632228e-07 1.42742279e-03 1.61373520e-07 1.38530822e-08 -1.18545953e-05 -2.06711927e-08
0.4520635        -9.16658314e-08 1.11287860e-03 1.51809048e-07 -1.05614999e-07 1.12530827e-03 1.72610947e-07 1.39491679e-08 -1.24296725e-05 -2.08018991e-08
0.4527698        -3.59442299e-07 1.12653475e-03 3.86028688e-07 -3.73396616e-07 1.13956068e-03 4.06929838e-07 1.39543169e-08 -1.30259351e-05 -2.09011497e-08
0.4534762        -2.14475653e-07 1.47748634e-03 1.98312926e-07 -2.28406132e-07 1.49141016e-03 2.19249815e-07 1.39304794e-08 -1.39238201e-05 -2.09368883e-08
0.4541825        -3.68702145e-07 1.80883324e-03 3.61646550e-07 -3.82581828e-07 1.82339075e-03 3.82598135e-07 1.38796827e-08 -1.45575103e-05 -2.09515852e-08
0.4548889        -6.11399342e-08 1.91210066e-03 6.74521919e-08 -7.51689751e-08 1.92721447e-03 8.86051681e-08 1.40290409e-08 -1.51138167e-05 -2.11529761e-08
0.4555952        1.55610135e-08 9.75918789e-04 -5.10750929e-09 1.29906059e-09 9.91556545e-04 1.63179300e-08 1.42619529e-08 -1.56377559e-05 -2.14254393e-08
0.4563016        -4.83340710e-07 1.30213586e-03 4.33313871e-07 -4.97585855e-07 1.31846398e-03 4.54767924e-07 1.42451452e-08 -1.63281213e-05 -2.14540531e-08
0.4570079        -3.95973739e-07 1.57051019e-03 3.67209712e-07 -4.10236703e-07 1.58769595e-03 3.88781555e-07 1.42629643e-08 -1.71857519e-05 -2.15718430e-08
0.4577143        -1.62473731e-07 2.37212709e-03 1.04735285e-07 -1.76830229e-07 2.38957282e-03 1.26447548e-07 1.43564981e-08 -1.74457342e-05 -2.17122622e-08
0.4584367        2.10003401e-07 2.09970558e-03 -3.85429109e-07 1.95389776e-07 2.11765449e-03 -3.63374790e-07 1.46136251e-08 -1.79489137e-05 -2.20543197e-08
0.4591591        -1.32023737e-06 1.33248096e-03 1.33360340e-06 -1.33463725e-06 1.35141181e-03 1.35545229e-06 1.43998834e-08 -1.89308469e-05 -2.18488948e-08
0.4598815        -6.33197097e-07 2.37306124e-03 5.50188465e-07 -6.47710774e-07 2.39230859e-03 5.72191089e-07 1.45136769e-08 -1.92473557e-05 -2.20026240e-08
0.4606039        -9.55914461e-07 2.02438539e-03 8.29958276e-07 -9.70359996e-07 2.04406609e-03 8.51920298e-07 1.44455347e-08 -1.96806928e-05 -2.19620217e-08
0.4613263        -8.25661295e-07 5.62352980e-04 7.66822822e-07 -8.40182293e-07 5.82953658e-04 7.88865563e-07 1.45209975e-08 -2.06006777e-05 -2.20427412e-08
0.4620487        -6.07745475e-07 1.81909509e-03 5.15206677e-07 -6.22448185e-07 1.84030024e-03 5.37473794e-07 1.47027098e-08 -2.12051446e-05 -2.22671168e-08
0.4627711        -1.28578338e-06 2.04609136e-03 1.16762369e-06 -1.30046313e-06 2.06782734e-03 1.18985364e-06 1.46797518e-08 -2.17359766e-05 -2.22299539e-08
0.4634935        -8.32952875e-07 2.01899409e-03 7.39571632e-07 -8.47907152e-07 2.04131981e-03 7.62026624e-07 1.49542768e-08 -2.23257237e-05 -2.24549926e-08
0.4642159        -8.88275812e-07 2.15638571e-03 8.02151408e-07 -9.03503864e-07 2.17909697e-03 8.24822557e-07 1.52280528e-08 -2.27112526e-05 -2.26711500e-08
0.4649383        -1.08215036e-06 2.42962033e-03 9.16845697e-07 -1.09756525e-06 2.45267008e-03 9.39670867e-07 1.54148930e-08 -2.30497540e-05 -2.28251705e-08
0.4656607        -4.94422904e-07 3.17029074e-03 3.02306941e-07 -5.10254008e-07 3.19399131e-03 3.25532314e-07 1.58311038e-08 -2.37005731e-05 -2.32253732e-08
0.4663831        -7.29629561e-06 2.15305345e-03 7.08404215e-06 -7.30948461e-06 2.17710908e-03 7.10462631e-06 1.31889988e-08 -2.40556347e-05 -2.05841549e-08
0.4671055        3.19770618e-06 1.54170926e-03 -3.19935535e-06 3.18227027e-06 1.56603475e-03 -3.17659790e-06 1.54359017e-08 -2.43254807e-05 -2.27574476e-08
0.4678279        9.30719052e-08 1.83055858e-03 -2.93440713e-07 7.68175384e-08 1.85575672e-03 -2.69902030e-07 1.62543668e-08 -2.51981364e-05 -2.35386835e-08
0.4685503        -7.95509018e-07 2.21122097e-03 6.29491323e-07 -8.12192058e-07 2.23692599e-03 6.53434619e-07 1.66830393e-08 -2.57050222e-05 -2.39432959e-08
0.4692727        -6.52291298e-07 2.53578676e-03 5.54350259e-07 -6.69445406e-07 2.56174019e-03 5.78732676e-07 1.71541079e-08 -2.59534315e-05 -2.43824176e-08
0.4699951        -6.89280498e-07 2.14384651e-03 5.69546872e-07 -7.06897370e-07 2.17035287e-03 5.94358704e-07 1.76168722e-08 -2.65063588e-05 -2.48118324e-08
0.4707175        -7.58764087e-07 2.20852891e-03 7.08468458e-07 -7.76810315e-07 2.23557143e-03 7.33664492e-07 1.80462283e-08 -2.70425239e-05 -2.51960338e-08
0.4714399        -1.02529810e-06 1.98575446e-03 1.04917950e-06 -1.04370175e-06 2.01336795e-03 1.07466934e-06 1.84036590e-08 -2.76134917e-05 -2.54898397e-08
0.4721623        6.45855006e-09 3.85843866e-03 -2.43307812e-07 -1.27147284e-08 3.88610850e-03 -2.17037855e-07 1.91732784e-08 -2.76698376e-05 -2.62699563e-08
0.4728847        -1.62462165e-06 2.93924603e-03 1.53330362e-06 -1.64379617e-06 2.96719262e-03 1.55953961e-06 1.91745130e-08 -2.79465934e-05 -2.62359912e-08
0.4736071        -1.96919662e-07 8.74613570e-04 -1.09119856e-08 -2.16861228e-07 9.03196614e-04 1.60832861e-08 1.99415660e-08 -2.85830436e-05 -2.69952717e-08
0.4743295        1.30707641e-06 3.22843981e-03 -1.49211899e-06 1.28560858e-06 3.25734969e-03 -1.46366263e-06 2.14678269e-08 -2.89098771e-05 -2.84563643e-08
0.4750519        -3.82760605e-07 3.36672469e-03 1.98790788e-07 -4.04893314e-07 3.39595535e-03 2.27865366e-07 2.21327097e-08 -2.92306577e-05 -2.90745779e-08
0.4757744        -3.43264636e-07 2.68745706e-03 2.12742235e-07 -3.66043951e-07 2.71698681e-03 2.42387366e-07 2.27793149e-08 -2.95297443e-05 -2.96451307e-08
0.4764968        -3.70190665e-07 2.36483609e-03 1.91997868e-07 -3.93628368e-07 2.39491917e-03 2.22222137e-07 2.34377026e-08 -3.00830778e-05 -3.02242695e-08
0.4772192        -5.89350121e-07 2.52333270e-03 3.79365375e-07 -6.13441132e-07 2.55389241e-03 4.10183050e-07 2.40910105e-08 -3.05597106e-05 -3.08176753e-08
0.4779416        -7.30151487e-07 4.67954396e-03 4.83993392e-07 -7.54814024e-07 4.70968573e-03 5.15355539e-07 2.46625373e-08 -3.01417651e-05 -3.13621473e-08
0.478664         -3.23320122e-07 1.79037487e-03 1.52678854e-07 -3.48744263e-07 1.82130595e-03 1.84725139e-07 2.54241411e-08 -3.09310831e-05 -3.20462855e-08
0.4793864        -2.17413431e-07 9.33139957e-04 5.07136353e-08 -2.43525966e-07 9.65099234e-04 8.33896549e-08 2.61125352e-08 -3.19592772e-05 -3.26760196e-08
0.4801088        -4.27690392e-07 6.03195081e-03 1.54278060e-07 -4.54176128e-07 6.06326147e-03 1.87322608e-07 2.64857358e-08 -3.13106550e-05 -3.30445481e-08
0.4808312        -4.97436984e-07 3.14254575e-03 2.30493820e-07 -5.24521043e-07 3.17412436e-03 2.64087796e-07 2.70840593e-08 -3.15786020e-05 -3.35939759e-08
0.4815536        -4.36573040e-07 1.08777311e-03 2.32607941e-07 -4.64247116e-07 1.12004539e-03 2.66734663e-07 2.76740753e-08 -3.22722759e-05 -3.41267216e-08
0.482276         -8.38532974e-07 3.56194185e-03 5.41633877e-07 -8.66414981e-07 3.59454104e-03 5.75966950e-07 2.78820076e-08 -3.25991936e-05 -3.43330727e-08
0.4829984        -4.75536410e-07 3.72018136e-03 2.34425032e-07 -5.03797501e-07 3.75303090e-03 2.69132624e-07 2.82610910e-08 -3.28495470e-05 -3.47075917e-08
0.4837208        -1.22775844e-06 3.89352653e-03 9.09105231e-07 -1.25607175e-06 3.92651769e-03 9.43871497e-07 2.83133129e-08 -3.29911678e-05 -3.47662658e-08
0.4844432        -4.09553134e-07 3.24274827e-03 3.97660652e-07 -4.38384003e-07 3.27586803e-03 4.32895350e-07 2.88308688e-08 -3.31197649e-05 -3.52346982e-08
0.4851656        -2.26788570e-06 2.91435642e-03 2.03603406e-06 -2.29629687e-06 2.94782622e-03 2.07081292e-06 2.84111673e-08 -3.34697970e-05 -3.47788562e-08
0.485888         4.20501361e-09 2.41574556e-03 -2.43543263e-07 -2.48146334e-08 2.44993785e-03 -2.08225965e-07 2.90196470e-08 -3.41922860e-05 -3.53172981e-08
0.4866104        -4.73439105e-07 4.19088172e-03 2.20337327e-07 -5.02856069e-07 4.22493527e-03 2.56005825e-07 2.94169638e-08 -3.40535524e-05 -3.56684982e-08
0.4873328        -1.09290514e-06 4.22477659e-03 8.35870643e-07 -1.12239633e-06 4.25886830e-03 8.71567648e-07 2.94911850e-08 -3.40917085e-05 -3.56970055e-08
0.4880552        -6.97054218e-07 3.86837499e-03 4.19486073e-07 -7.26770312e-07 3.90299295e-03 4.55375960e-07 2.97160941e-08 -3.46179623e-05 -3.58898869e-08
0.4887776        -5.31038505e-07 3.20097649e-03 2.21872670e-07 -5.61041144e-07 3.23580220e-03 2.58018504e-07 3.00026389e-08 -3.48257098e-05 -3.61458339e-08
0.4895           -1.26375264e-06 3.34017447e-03 8.88574079e-07 -1.29364363e-06 3.37510484e-03 9.24613666e-07 2.98909885e-08 -3.49303687e-05 -3.60395868e-08
0.4902177        -2.00067399e-06 4.55715700e-03 1.82257467e-06 -2.03013626e-06 4.59193814e-03 1.85806906e-06 2.94622703e-08 -3.47811406e-05 -3.54943939e-08
0.4909355        -1.84649917e-07 3.90460612e-03 -6.14716852e-08 -2.14373432e-07 3.93976920e-03 -2.58686368e-08 2.97235152e-08 -3.51630770e-05 -3.56030484e-08
0.4916532        -3.38709387e-07 3.72188473e-03 7.11850868e-08 -3.68555573e-07 3.75751470e-03 1.06876454e-07 2.98461860e-08 -3.56299703e-05 -3.56913670e-08
0.492359         -1.33153894e-06 3.01281704e-03 1.11560285e-06 -1.36099574e-06 3.04865024e-03 1.15090532e-06 2.94567926e-08 -3.58331998e-05 -3.53024642e-08
0.4930648        -9.36722850e-07 3.90016308e-03 9.75582252e-07 -9.66016179e-07 3.93604156e-03 1.01073196e-06 2.92933291e-08 -3.58784802e-05 -3.51497078e-08
0.4937706        6.67339298e-07 4.51827068e-03 -1.13299002e-06 6.37995600e-07 4.55409511e-03 -1.09772457e-06 2.93436983e-08 -3.58244320e-05 -3.52654593e-08
0.4944763        -8.90375227e-07 4.33345924e-03 6.95504279e-07 -9.19568447e-07 4.36949944e-03 7.30720306e-07 2.91932201e-08 -3.60401970e-05 -3.52160272e-08
0.4951697        -9.43848455e-07 3.82968652e-03 7.12855572e-07 -9.72764597e-07 3.86604511e-03 7.47920563e-07 2.89161429e-08 -3.63585909e-05 -3.50649914e-08
0.4958631        -1.20389798e-06 2.87139842e-03 9.68644246e-07 -1.23244279e-06 2.90832070e-03 1.00344754e-06 2.85448074e-08 -3.69222818e-05 -3.48032903e-08
0.4965565        -6.58747462e-07 5.55042863e-03 5.43560773e-07 -6.87176604e-07 5.58689813e-03 5.78283201e-07 2.84291415e-08 -3.64695002e-05 -3.47224287e-08
0.4972373        -6.25611655e-07 5.45087223e-03 2.55066973e-07 -6.54113564e-07 5.48705873e-03 2.89994089e-07 2.85019091e-08 -3.61865019e-05 -3.49271162e-08
0.4979181        1.33232462e-06 2.58719751e-03 -1.06767262e-06 1.30273311e-06 2.62400720e-03 -1.03166979e-06 2.95915029e-08 -3.68096843e-05 -3.60028240e-08
0.4985989        -2.45172647e-06 3.83351997e-03 1.66572178e-06 -2.48053596e-06 3.87064043e-03 1.70117107e-06 2.88094863e-08 -3.71204568e-05 -3.54492931e-08
0.4992797        -7.98470634e-07 4.49116479e-03 5.98764881e-07 -8.27239802e-07 4.52852731e-03 6.34287293e-07 2.87691684e-08 -3.73625254e-05 -3.55224120e-08
0.4999474        -3.86576343e-06 4.77659073e-03 3.62810442e-06 -3.89306231e-06 4.81373829e-03 3.66232738e-06 2.72988798e-08 -3.71475654e-05 -3.42229605e-08
0.5006151        -8.90423085e-07 4.88225927e-03 6.25124795e-07 -9.17576807e-07 4.91927511e-03 6.59345492e-07 2.71537223e-08 -3.70158432e-05 -3.42206973e-08
0.5012828        -8.09740271e-07 4.75845133e-03 6.14974190e-07 -8.36790898e-07 4.79548583e-03 6.49215739e-07 2.70506269e-08 -3.70344982e-05 -3.42415491e-08
0.5019505        -1.38771532e-06 4.47889687e-03 1.15629002e-06 -1.41414026e-06 4.51615790e-03 1.19001985e-06 2.64249359e-08 -3.72610322e-05 -3.37298319e-08
0.5026182        -8.96658758e-07 4.19273806e-03 7.19595150e-07 -9.22847980e-07 4.23030790e-03 7.53184142e-07 2.61892218e-08 -3.75698469e-05 -3.35889920e-08
0.503272         -9.24175971e-07 5.04322316e-03 7.47249967e-07 -9.50112617e-07 5.08061307e-03 7.80702603e-07 2.59366463e-08 -3.73899154e-05 -3.34526359e-08
0.5039258        -1.07542186e-06 4.86411338e-03 1.10428361e-06 -1.10114565e-06 4.90141766e-03 1.13758135e-06 2.57237923e-08 -3.73042891e-05 -3.32977309e-08
0.5045796        -1.09059040e-06 4.38464125e-03 9.24381594e-07 -1.11610275e-06 4.42205145e-03 9.57608881e-07 2.55123478e-08 -3.74101992e-05 -3.32272871e-08
0.5052333        -8.27143354e-07 4.50421643e-03 5.79451608e-07 -8.52501604e-07 4.54169776e-03 6.12664877e-07 2.53582503e-08 -3.74813362e-05 -3.32132697e-08
0.5058871        -1.28938032e-07 4.78975117e-03 -3.81179867e-08 -1.54343109e-07 4.82730284e-03 -4.77903811e-09 2.54050768e-08 -3.75516763e-05 -3.33389486e-08
0.5065261        -7.11442239e-07 4.19334342e-03 5.58854070e-07 -7.36788934e-07 4.23094053e-03 5.92202925e-07 2.53466945e-08 -3.75971149e-05 -3.33488555e-08
0.507165         -5.48605208e-07 4.25187947e-03 4.30392588e-07 -5.73996394e-07 4.28949706e-03 4.63838050e-07 2.53911861e-08 -3.76175910e-05 -3.34454620e-08
0.5078039        -1.10147174e-06 6.08579678e-03 1.02110224e-06 -1.12683646e-06 6.12322549e-03 1.05457498e-06 2.53647169e-08 -3.74287088e-05 -3.34727403e-08
0.5084428        -6.57529270e-07 5.05648731e-03 4.69815988e-07 -6.83093355e-07 5.09392967e-03 5.03602151e-07 2.55640852e-08 -3.74423636e-05 -3.37861633e-08
0.5090818        -4.67971441e-07 4.57229563e-03 2.61439872e-07 -4.93701572e-07 4.60993415e-03 2.95546235e-07 2.57301315e-08 -3.76385157e-05 -3.41063627e-08
0.5097207        7.69583295e-07 5.72234985e-03 -9.92082364e-07 7.43284742e-07 5.75976889e-03 -9.57291154e-07 2.62985525e-08 -3.74190382e-05 -3.47912105e-08
0.5103432        -2.25870841e-07 6.53694923e-03 3.28918033e-08 -2.52368732e-07 6.57400182e-03 6.81329681e-08 2.64978918e-08 -3.70525868e-05 -3.52411648e-08
0.5109658        -1.55056664e-07 3.71919970e-03 9.53580689e-09 -1.81780623e-07 3.75658575e-03 4.53068183e-08 2.67239586e-08 -3.73860539e-05 -3.57710114e-08
0.5115883        1.31954385e-06 3.67716802e-03 -1.41945761e-06 1.29223829e-06 3.71480492e-03 -1.38290360e-06 2.73055609e-08 -3.76368968e-05 -3.65540155e-08
0.5122109        -3.18971225e-07 5.59524096e-03 1.72507841e-07 -3.46133599e-07 5.63243999e-03 2.09093425e-07 2.71623743e-08 -3.71990304e-05 -3.65855843e-08
0.5128334        -1.10041870e-06 5.08085575e-03 1.17085657e-06 -1.12712617e-06 5.11788723e-03 1.20710907e-06 2.67074711e-08 -3.70314817e-05 -3.62524962e-08
0.513456         7.76432405e-07 4.45891106e-03 -1.15775978e-06 7.49405572e-07 4.49616026e-03 -1.12093146e-06 2.70268328e-08 -3.72492046e-05 -3.68283161e-08
0.5140785        -7.34582785e-06 5.75015684e-03 6.40768467e-06 -7.36958020e-06 5.78726388e-03 6.44157725e-06 2.37523478e-08 -3.71070385e-05 -3.38925783e-08
0.5147011        5.85008111e-06 6.45750846e-03 -5.44481216e-06 5.82367546e-06 6.49423172e-03 -5.40818625e-06 2.64056421e-08 -3.67232648e-05 -3.66259048e-08
0.5153236        3.59428283e-07 5.06330557e-03 -5.47784421e-07 3.32934073e-07 5.10012979e-03 -5.10822279e-07 2.64942102e-08 -3.68242202e-05 -3.69621419e-08
0.5159462        -2.15591655e-07 4.83269489e-03 5.51220711e-08 -2.41889501e-07 4.86970737e-03 9.21424563e-08 2.62978461e-08 -3.70124810e-05 -3.70203852e-08
0.5165687        -1.21365407e-06 5.47598145e-03 1.04181787e-06 -1.23921173e-06 5.51267851e-03 1.07832537e-06 2.55576513e-08 -3.66970599e-05 -3.65074980e-08
0.5171698        -4.06683965e-08 5.38642446e-03 -3.10625952e-07 -6.60378000e-08 5.42289095e-03 -2.74059899e-07 2.53694036e-08 -3.64664951e-05 -3.65660527e-08
0.5177709        -1.49865159e-07 5.01012543e-03 -1.42312272e-07 -1.74939024e-07 5.04656035e-03 -1.05844233e-07 2.50738654e-08 -3.64349223e-05 -3.64680393e-08
0.5183719        6.90600634e-07 5.23108006e-03 -7.89346882e-07 6.65453684e-07 5.26743661e-03 -7.52641707e-07 2.51469505e-08 -3.63565543e-05 -3.67051752e-08
0.518973         1.32509432e-07 5.27829845e-03 -3.48720622e-07 1.07519673e-07 5.31459815e-03 -3.11978372e-07 2.49897592e-08 -3.62996987e-05 -3.67422501e-08
0.5195741        6.88008649e-07 5.23742558e-03 -7.78583455e-07 6.62909257e-07 5.27363521e-03 -7.41559505e-07 2.50993925e-08 -3.62096382e-05 -3.70239499e-08
0.5201752        -9.47509906e-07 5.07718297e-03 6.64111189e-07 -9.72094688e-07 5.11335026e-03 7.00869978e-07 2.45847829e-08 -3.61672925e-05 -3.67587897e-08
0.5207763        2.86011598e-07 5.20584861e-03 -5.99165930e-07 2.61442625e-07 5.24184771e-03 -5.62190066e-07 2.45689732e-08 -3.59990947e-05 -3.69758645e-08
0.5213773        4.05055577e-07 5.38824676e-03 -5.26271591e-07 3.80467577e-07 5.42397988e-03 -4.89094149e-07 2.45880002e-08 -3.57331219e-05 -3.71774414e-08
0.5219784        1.82107413e-06 6.25791982e-03 -1.99592535e-06 1.79592839e-06 6.29344332e-03 -1.95799741e-06 2.51457363e-08 -3.55234992e-05 -3.79279370e-08
0.5225795        1.43054715e-07 6.68364870e-03 -4.36569415e-07 1.18027623e-07 6.71901306e-03 -3.98592238e-07 2.50270919e-08 -3.53643587e-05 -3.79771763e-08
0.5231806        -2.64975697e-07 5.53819128e-03 1.27286685e-07 -2.89768011e-07 5.57334830e-03 1.65153427e-07 2.47923141e-08 -3.51570124e-05 -3.78667419e-08
0.5237817        -1.56645056e-06 5.29667458e-03 1.41707491e-06 -1.59055032e-06 5.33162793e-03 1.45439277e-06 2.40997589e-08 -3.49533487e-05 -3.73178568e-08
0.5243827        -1.35942163e-06 5.45942444e-03 1.18267047e-06 -1.38285832e-06 5.49438132e-03 1.21943077e-06 2.34366916e-08 -3.49568810e-05 -3.67603058e-08
0.5249838        4.34885602e-07 5.25935809e-03 -5.77508920e-07 4.11407586e-07 5.29427889e-03 -5.40620477e-07 2.34780161e-08 -3.49208005e-05 -3.68884424e-08
0.5255849        -1.44813498e-06 5.46783654e-03 9.84092749e-07 -1.47089698e-06 5.50246100e-03 1.02039450e-06 2.27619932e-08 -3.46244592e-05 -3.63017512e-08
0.526186         4.19580295e-07 5.47056147e-03 -6.56192957e-07 3.96785563e-07 5.50496933e-03 -6.19756331e-07 2.27947316e-08 -3.44078623e-05 -3.64366260e-08
0.5267871        5.63632481e-08 5.42173009e-03 -2.59102398e-07 3.36867004e-08 5.45587420e-03 -2.22684717e-07 2.26765477e-08 -3.41441053e-05 -3.64176820e-08
0.5273881        -2.47157089e-07 5.46774553e-03 2.38968388e-07 -2.69530029e-07 5.50175472e-03 2.75129633e-07 2.23729403e-08 -3.40091951e-05 -3.61612459e-08
0.5279892        -1.27388366e-07 5.20636214e-03 -5.02336526e-07 -1.49473854e-07 5.24040941e-03 -4.66253298e-07 2.20854877e-08 -3.40472727e-05 -3.60832280e-08
0.5285903        1.52990950e-06 6.08817014e-03 -1.59833696e-06 1.50740640e-06 6.12196304e-03 -1.56174966e-06 2.25030935e-08 -3.37929075e-05 -3.65873033e-08
0.5291914        3.08362117e-07 6.68328507e-03 -5.86445379e-07 2.85912542e-07 6.71669994e-03 -5.49723771e-07 2.24495747e-08 -3.34148773e-05 -3.67216082e-08
0.5297924        -8.17300365e-07 4.74136335e-03 7.96662869e-07 -8.39157671e-07 4.77458824e-03 8.32894173e-07 2.18573052e-08 -3.32248857e-05 -3.62313039e-08
0.5303935        9.23897447e-07 4.45770286e-03 -1.13536166e-06 9.02057293e-07 4.49069965e-03 -1.09903917e-06 2.18401538e-08 -3.29967933e-05 -3.63224870e-08
0.5309946        1.56321146e-06 6.49510921e-03 -1.80292840e-06 1.54132510e-06 6.52791464e-03 -1.76651531e-06 2.18863638e-08 -3.28054261e-05 -3.64130937e-08
0.5315957        6.63939455e-07 6.45094713e-03 -8.92593554e-07 6.42410607e-07 6.48357952e-03 -8.56525342e-07 2.15288483e-08 -3.26323942e-05 -3.60682121e-08
0.5321968        -1.80054213e-06 4.43852313e-03 2.03679334e-06 -1.82084256e-06 4.47096840e-03 2.07155014e-06 2.03004381e-08 -3.24452696e-05 -3.47567976e-08
0.5327978        1.42728109e-06 5.13031579e-03 -1.68311218e-06 1.40683112e-06 5.16250618e-03 -1.64810493e-06 2.04499701e-08 -3.21903908e-05 -3.50072453e-08
0.5333989        1.13292935e-06 6.44467718e-03 -8.15061886e-07 1.11245902e-06 6.47646807e-03 -7.80118571e-07 2.04703209e-08 -3.17908907e-05 -3.49433148e-08
0.534            3.00874359e-06 6.06708214e-03 -3.12383663e-06 2.98727253e-06 6.09860704e-03 -3.08790359e-06 2.14710601e-08 -3.15248971e-05 -3.59330367e-08
0.5345933        8.66426516e-07 5.78523754e-03 -9.06901528e-07 8.44880943e-07 5.81661286e-03 -8.70938787e-07 2.15455736e-08 -3.13753176e-05 -3.59627411e-08
0.5351788        4.08700473e-06 5.27022305e-03 -3.77616190e-06 4.06401887e-06 5.30139767e-03 -3.73890650e-06 2.29858628e-08 -3.11746156e-05 -3.72554027e-08
0.5357642        -2.10112051e-06 4.49327517e-03 1.98162454e-06 -2.12312297e-06 4.52420641e-03 2.01788215e-06 2.20024599e-08 -3.09312397e-05 -3.62576068e-08
0.5363496        7.77340091e-06 5.93466002e-03 -6.52365756e-06 7.74832708e-06 5.96524222e-03 -6.48462754e-06 2.50738295e-08 -3.05822012e-05 -3.90300236e-08
0.536935         1.43617083e-06 6.64724179e-03 -1.35321712e-06 1.41077925e-06 6.67745980e-03 -1.31388917e-06 2.53915796e-08 -3.02180086e-05 -3.93279520e-08
0.5375123        8.60482365e-07 5.79949026e-03 -7.32840197e-07 8.35053295e-07 5.82955982e-03 -6.93457767e-07 2.54290699e-08 -3.00695593e-05 -3.93824304e-08
0.5380896        7.63540402e-07 6.02617537e-03 -6.20355082e-07 7.38215231e-07 6.05615401e-03 -5.81038202e-07 2.53251710e-08 -2.99786351e-05 -3.93168803e-08
0.5386669        -1.58858311e-06 5.17862190e-03 1.40051109e-06 -1.61280508e-06 5.20826998e-03 1.43880654e-06 2.42219752e-08 -2.96480803e-05 -3.82954487e-08
0.5392442        8.14299315e-07 4.90449892e-03 -5.47669583e-07 7.90300893e-07 4.93376774e-03 -5.09558914e-07 2.39984220e-08 -2.92688158e-05 -3.81106691e-08
0.5398215        1.91854013e-06 6.14194178e-03 -2.03408058e-06 1.89435327e-06 6.17090986e-03 -1.99570069e-06 2.41868658e-08 -2.89680868e-05 -3.83798933e-08
0.5403903        -4.11405420e-06 6.84269912e-03 3.64468922e-06 -4.13590491e-06 6.87137005e-03 3.68090182e-06 2.18507093e-08 -2.86709325e-05 -3.62126019e-08
0.5409591        6.14083225e-07 5.15943196e-03 -3.11234394e-07 5.92612270e-07 5.18793829e-03 -2.75442714e-07 2.14709550e-08 -2.85063300e-05 -3.57916798e-08
0.5415279        -2.56676833e-06 4.91696293e-03 2.80072752e-06 -2.58650007e-06 4.94529004e-03 2.83479917e-06 1.97317394e-08 -2.83271171e-05 -3.40716478e-08
0.5420967        1.54561073e-07 5.46541815e-03 1.20063340e-07 1.35306714e-07 5.49361717e-03 1.53709809e-07 1.92543589e-08 -2.81990217e-05 -3.36464687e-08
0.5426567        6.06955616e-07 5.64183335e-03 -1.37035693e-07 5.87954537e-07 5.66987231e-03 -1.03589657e-07 1.90010788e-08 -2.80389670e-05 -3.34460366e-08
0.5432168        7.22927526e-07 5.73202717e-03 -3.63884474e-07 7.04243913e-07 5.75963652e-03 -3.30697829e-07 1.86836132e-08 -2.76093502e-05 -3.31866451e-08
0.5437768        6.26480591e-07 6.10716339e-03 -3.18692683e-07 6.08271310e-07 6.13432742e-03 -2.85928144e-07 1.82092811e-08 -2.71640254e-05 -3.27645394e-08
0.5443369        1.11439529e-06 6.15272766e-03 -6.53597342e-07 1.09623271e-06 6.17962164e-03 -6.20816194e-07 1.81625860e-08 -2.68939862e-05 -3.27811477e-08
0.5448969        8.61341637e-07 5.57568080e-03 -4.65596027e-07 8.43422531e-07 5.60233193e-03 -4.32995327e-07 1.79191058e-08 -2.66511293e-05 -3.26007001e-08
0.5454478        -2.86562568e-06 4.75383713e-03 2.72591763e-06 -2.88175921e-06 4.78038669e-03 2.75678933e-06 1.61335305e-08 -2.65495617e-05 -3.08717013e-08
0.5459987        9.44126324e-06 4.97558018e-03 -7.50005141e-06 9.42258885e-06 5.00197057e-03 -7.46688859e-06 1.86743936e-08 -2.63903946e-05 -3.31628195e-08
0.5465496        -2.82187957e-06 6.23169083e-03 2.83495917e-06 -2.83844659e-06 6.25776766e-03 2.86610571e-06 1.65670193e-08 -2.60768347e-05 -3.11465357e-08
0.5471004        2.77641111e-06 5.79091827e-03 -2.13003428e-06 2.75978588e-06 5.81673091e-03 -2.09888390e-06 1.66252362e-08 -2.58126442e-05 -3.11503784e-08
0.5476513        4.70019294e-07 6.02298570e-03 1.46179618e-08 4.54075321e-07 6.04854144e-03 4.51109836e-08 1.59439731e-08 -2.55557323e-05 -3.04930218e-08
0.5482022        1.36163644e-06 5.99787124e-03 -8.98563409e-07 1.34583069e-06 6.02314270e-03 -8.68218560e-07 1.58057554e-08 -2.52714587e-05 -3.03448486e-08
0.548753         1.13991949e-06 4.74052837e-03 -5.27052968e-07 1.12432956e-06 4.76555033e-03 -4.96999955e-07 1.55899333e-08 -2.50219601e-05 -3.00530125e-08
0.5493039        1.56648461e-06 4.66511611e-03 -9.05221664e-07 1.55087233e-06 4.68986913e-03 -8.75283501e-07 1.56122719e-08 -2.47530141e-05 -2.99381631e-08
0.5498548        -1.76993061e-06 5.84500106e-03 2.21320617e-06 -1.78426728e-06 5.86952253e-03 2.24188773e-06 1.43366652e-08 -2.45214673e-05 -2.86815608e-08
0.5504056        4.97964242e-06 6.07317954e-03 -3.76581276e-06 4.96392051e-06 6.09741776e-03 -3.73587026e-06 1.57219047e-08 -2.42382273e-05 -2.99425016e-08
0.5509565        2.16528655e-06 5.83666410e-03 -6.71559572e-07 2.14916298e-06 5.86065944e-03 -6.41356165e-07 1.61235776e-08 -2.39953380e-05 -3.02034076e-08
0.5515074        -3.86268695e-07 5.67024563e-03 7.93870200e-07 -4.01745117e-07 5.69403932e-03 8.23439230e-07 1.54764220e-08 -2.37936896e-05 -2.95690306e-08
0.5520472        4.31634329e-06 4.36367456e-03 -3.10655835e-06 4.29971027e-06 4.38738760e-03 -3.07579668e-06 1.66330191e-08 -2.37130386e-05 -3.07616708e-08
0.5525983        1.79763280e-06 4.04014444e-03 -8.43869848e-07 1.78078373e-06 4.06376075e-03 -8.12904992e-07 1.68490675e-08 -2.36163068e-05 -3.09648567e-08
0.5531494        -5.03541186e-06 6.74389916e-03 7.01743683e-06 -5.04994417e-06 6.76698450e-03 7.04578126e-06 1.45323145e-08 -2.30853471e-05 -2.83444363e-08
0.5537005        7.49797528e-06 7.41638408e-03 -7.21120982e-06 7.48135006e-06 7.43891923e-03 -7.18055561e-06 1.66252198e-08 -2.25351505e-05 -3.06542135e-08
0.5542396        1.24612806e-06 4.30592238e-03 -3.73006322e-07 1.22976704e-06 4.32853429e-03 -3.42596449e-07 1.63610257e-08 -2.26119187e-05 -3.04098731e-08
0.5547788        1.62115410e-06 3.76897192e-03 -8.50482475e-07 1.60493021e-06 3.79172187e-03 -8.20242491e-07 1.62238932e-08 -2.27499499e-05 -3.02399842e-08
0.5553304        -1.36035924e-06 5.86797791e-03 2.25305883e-06 -1.37533899e-06 5.89021245e-03 2.28201177e-06 1.49797556e-08 -2.22345453e-05 -2.89529348e-08
0.5558821        9.06409584e-07 6.10718379e-03 -4.66616779e-08 8.91835513e-07 6.12882269e-03 -1.82378726e-08 1.45740706e-08 -2.16388944e-05 -2.84238054e-08
0.5564337        1.45580412e-06 6.25269329e-03 -4.54093640e-07 1.44125204e-06 6.27411085e-03 -4.25782554e-07 1.45520742e-08 -2.14175581e-05 -2.83110867e-08
0.5569719        1.02056570e-06 6.11880879e-03 2.12250810e-08 1.00608970e-06 6.14005108e-03 4.93870133e-08 1.44760083e-08 -2.12422888e-05 -2.81619323e-08
0.5575101        1.33139193e-06 4.60329760e-03 -2.02515727e-07 1.31679498e-06 4.62444451e-03 -1.74296692e-07 1.45969491e-08 -2.11469113e-05 -2.82190348e-08
0.5580483        7.95464207e-07 3.71450274e-03 2.89181116e-07 7.80941771e-07 3.73557499e-03 3.17249167e-07 1.45224356e-08 -2.10722557e-05 -2.80680505e-08
0.5586011        1.20236265e-06 5.09353551e-03 -1.66961366e-08 1.18776353e-06 5.11442489e-03 1.13502659e-08 1.45991191e-08 -2.08893836e-05 -2.80464025e-08
0.5591538        1.02290548e-06 6.31248960e-03 1.87451946e-07 1.00832354e-06 6.33315978e-03 2.15400666e-07 1.45819426e-08 -2.06701759e-05 -2.79487198e-08
0.5597066        1.12915245e-06 4.59685269e-03 1.06810347e-07 1.11447542e-06 4.61730876e-03 1.34854368e-07 1.46770319e-08 -2.04560718e-05 -2.80440208e-08
0.5602593        8.89177738e-07 4.42662442e-03 3.36172680e-07 8.74606139e-07 4.44682129e-03 3.64048724e-07 1.45715998e-08 -2.01968624e-05 -2.78760447e-08
0.5608121        2.00950265e-06 5.20578953e-03 -6.35682407e-07 1.99469637e-06 5.22567544e-03 -6.07611627e-07 1.48062717e-08 -1.98859054e-05 -2.80707795e-08
0.5613648        8.47273818e-07 6.00719669e-03 4.70876897e-07 8.32778897e-07 6.02671959e-03 4.98611948e-07 1.44949208e-08 -1.95229014e-05 -2.77350502e-08
0.5619176        1.60619477e-06 5.47746560e-03 -2.22832205e-07 1.59175027e-06 5.49674930e-03 -1.95280627e-07 1.44444996e-08 -1.92836914e-05 -2.75515783e-08
0.5624703        1.71475761e-06 5.13337353e-03 -5.21757317e-07 1.70036577e-06 5.15250952e-03 -4.94328546e-07 1.43918364e-08 -1.91359875e-05 -2.74287711e-08
0.5630231        3.26084311e-06 5.17279705e-03 -1.72081543e-06 3.24603861e-06 5.19161376e-03 -1.69310779e-06 1.48044999e-08 -1.88167122e-05 -2.77076435e-08
0.5635758        2.12908910e-06 5.49281617e-03 -8.85309572e-07 2.11453153e-06 5.51118205e-03 -8.57966855e-07 1.45575731e-08 -1.83658837e-05 -2.73427166e-08
0.5641286        -1.19624625e-08 4.73752271e-03 1.77018895e-06 -2.57981331e-08 4.75582244e-03 1.79668616e-06 1.38356706e-08 -1.82997255e-05 -2.64972141e-08
0.5646813        -7.05693993e-07 3.55827840e-03 1.10183429e-06 -7.18656883e-07 3.57677755e-03 1.12766451e-06 1.29628901e-08 -1.84991479e-05 -2.58302203e-08
0.5652341        2.51317817e-06 5.47617916e-03 -2.44320056e-07 2.49986919e-06 5.49433669e-03 -2.18343343e-07 1.33089798e-08 -1.81575271e-05 -2.59767130e-08
0.5657868        -1.19413854e-06 6.27275399e-03 3.28720264e-06 -1.20617259e-06 6.29036262e-03 3.31161123e-06 1.20340504e-08 -1.76086312e-05 -2.44085865e-08
0.5663396        1.82111079e-06 5.19296421e-03 -1.30200414e-06 1.80930085e-06 5.21038561e-03 -1.27785459e-06 1.18099394e-08 -1.74214046e-05 -2.41495494e-08
0.5668923        3.27181707e-06 4.30013460e-03 -2.27744752e-06 3.25966794e-06 4.31757653e-03 -2.25303446e-06 1.21491237e-08 -1.74419264e-05 -2.44130579e-08
0.567445         1.98457400e-06 4.95057515e-03 -8.75087554e-07 1.97259813e-06 4.96775389e-03 -8.51002333e-07 1.19758680e-08 -1.71787340e-05 -2.40852211e-08
0.5679978        3.27219810e-07 5.38340798e-03 5.81273719e-07 3.16028661e-07 5.40017680e-03 6.04474633e-07 1.11911498e-08 -1.67688142e-05 -2.32009133e-08
0.5685505        2.15758070e-06 4.55838215e-03 -1.15860172e-06 2.14649830e-06 4.57498257e-03 -1.13570532e-06 1.10823918e-08 -1.66004230e-05 -2.28963980e-08
0.5691033        -2.24074368e-06 4.39901286e-03 2.91270429e-06 -2.25008410e-06 4.41559713e-03 2.93382109e-06 9.34042075e-09 -1.65842623e-05 -2.11167947e-08
0.569656         1.05041640e-06 4.74806772e-03 1.32553161e-09 1.04153452e-06 4.76444149e-03 2.18146558e-08 8.88188254e-09 -1.63737697e-05 -2.04891242e-08
0.5702088        1.98526197e-06 5.28961125e-03 -8.92854910e-07 1.97650610e-06 5.30557838e-03 -8.72710887e-07 8.75587082e-09 -1.59671274e-05 -2.01440231e-08
0.5707615        1.26710615e-06 4.99925349e-03 -1.15519804e-07 1.25872649e-06 5.01499516e-03 -9.59762785e-08 8.37965797e-09 -1.57416710e-05 -1.95435257e-08
0.5713143        1.37235495e-06 4.57032269e-03 -1.51832945e-07 1.36425453e-06 4.58595432e-03 -1.32781079e-07 8.10042140e-09 -1.56316287e-05 -1.90518654e-08
0.571867         1.99340869e-06 4.52688825e-03 -8.50340305e-07 1.98524996e-06 4.54233166e-03 -8.31378791e-07 8.15872321e-09 -1.54434167e-05 -1.89615139e-08
0.5724198        2.17033845e-06 4.55206362e-03 -1.10182718e-06 2.16191494e-06 4.56727976e-03 -1.08265103e-06 8.42350829e-09 -1.52161446e-05 -1.91761551e-08
0.5729725        8.39419492e-07 4.02273312e-03 3.27820343e-07 8.31218327e-07 4.03777314e-03 3.46712975e-07 8.20116511e-09 -1.50400225e-05 -1.88926324e-08
0.5735253        1.74903067e-06 3.71210194e-03 -3.88934871e-07 1.74079641e-06 3.72695972e-03 -3.70140028e-07 8.23426110e-09 -1.48577715e-05 -1.87948428e-08
0.574078         2.53697050e-06 4.65580447e-03 -1.29372961e-06 2.52851817e-06 4.67043375e-03 -1.27489297e-06 8.45233123e-09 -1.46292843e-05 -1.88366494e-08
0.5746308        1.52457334e-06 5.08265516e-03 -9.46098422e-08 1.51636811e-06 5.09709105e-03 -7.62571030e-08 8.20523371e-09 -1.44358916e-05 -1.83527392e-08
0.5751835        2.28327821e-06 4.58150918e-03 -1.02256693e-06 2.27495629e-06 4.59573806e-03 -1.00424507e-06 8.32191639e-09 -1.42288763e-05 -1.83218563e-08
0.5757363        1.95005513e-06 4.39582438e-03 -6.93816450e-07 1.94172979e-06 4.40978776e-03 -6.75633607e-07 8.32534860e-09 -1.39633853e-05 -1.81828427e-08
0.576289         9.50998798e-07 4.09186852e-03 2.48279753e-07 9.43043016e-07 4.10560773e-03 2.65974208e-07 7.95578171e-09 -1.37392079e-05 -1.76944546e-08
0.5768418        2.71975380e-06 4.30994009e-03 -1.20985215e-06 2.71155883e-06 4.32342878e-03 -1.19205694e-06 8.19497041e-09 -1.34886911e-05 -1.77952062e-08
0.5773945        7.72513922e-07 4.19653006e-03 9.33760821e-08 7.64821034e-07 4.20978834e-03 1.10712114e-07 7.69288827e-09 -1.32582852e-05 -1.73360316e-08
0.5779473        2.02129786e-06 3.67711884e-03 -1.35798517e-08 2.01356827e-06 3.69021995e-03 3.61140480e-09 7.72958463e-09 -1.31011130e-05 -1.71912565e-08
0.5785           2.17684150e-07 3.76349616e-03 1.55184853e-07 2.10774101e-07 3.77639518e-03 1.71608339e-07 6.91004848e-09 -1.28990156e-05 -1.64234861e-08
0.5790633        -9.67257538e-06 4.22960282e-03 8.78548964e-06 -9.67504547e-06 4.24223712e-03 8.79781003e-06 2.47008224e-09 -1.26343011e-05 -1.23203862e-08
0.5796266        1.07971709e-05 4.12789084e-03 -7.81853149e-06 1.07913629e-05 4.14030951e-03 -7.80335255e-06 5.80808573e-09 -1.24186785e-05 -1.51789460e-08
0.5801899        3.51665370e-06 3.82611057e-03 -1.77142089e-06 3.51027836e-06 3.83831336e-03 -1.75602725e-06 6.37534727e-09 -1.22027899e-05 -1.53936468e-08
0.5807607        3.64101872e-06 4.23421061e-03 -2.53738065e-06 3.63405309e-06 4.24625804e-03 -2.52175304e-06 6.96562987e-09 -1.20474262e-05 -1.56276101e-08
0.5813315        -1.87781945e-07 4.16075866e-03 9.85290820e-07 -1.93824907e-07 4.17276673e-03 9.99929403e-07 6.04296248e-09 -1.20080661e-05 -1.46385829e-08
0.5819023        1.60819137e-06 4.55643379e-03 -5.84732361e-07 1.60233499e-06 4.56817640e-03 -5.70409845e-07 5.85637344e-09 -1.17426134e-05 -1.43225155e-08
0.5824653        1.90939638e-06 5.20920248e-03 -7.89210069e-07 1.90362432e-06 5.22045027e-03 -7.75047751e-07 5.77206583e-09 -1.12477859e-05 -1.41623182e-08
0.5830282        2.06830516e-06 4.02560070e-03 -6.76003551e-07 2.06254660e-06 4.03660761e-03 -6.61934177e-07 5.75855356e-09 -1.10069065e-05 -1.40693739e-08
0.5835912        2.84310578e-06 3.63830888e-03 -2.17174424e-06 2.83709861e-06 3.64913935e-03 -2.15732774e-06 6.00716815e-09 -1.08304690e-05 -1.44165005e-08
0.5841624        3.11014540e-06 3.25895448e-03 -2.11233402e-06 3.10384408e-06 3.26965032e-03 -2.09758277e-06 6.30132128e-09 -1.06958412e-05 -1.47512594e-08
0.5847335        3.06195945e-06 3.34308297e-03 -2.10553000e-06 3.05543790e-06 3.35368027e-03 -2.09052838e-06 6.52155042e-09 -1.05973081e-05 -1.50016200e-08
0.5853047        2.04211572e-06 3.78907922e-03 -1.17693829e-06 2.03587861e-06 3.79948568e-03 -1.16219878e-06 6.23710425e-09 -1.04064549e-05 -1.47395123e-08
0.5858758        4.75207354e-06 3.78825846e-03 -3.40970361e-06 4.74509545e-06 3.79848070e-03 -3.39440489e-06 6.97809566e-09 -1.02222431e-05 -1.52987217e-08
0.5864469        3.01294452e-06 3.73829819e-03 -1.84107771e-06 3.00598984e-06 3.74834385e-03 -1.82590762e-06 6.95467381e-09 -1.00456620e-05 -1.51700939e-08
0.5870181        1.17807971e-08 4.52250313e-03 6.35952870e-07 6.01632755e-09 4.53233176e-03 6.49999390e-07 5.76446955e-09 -9.82862982e-06 -1.40465199e-08
0.5875892        5.32899120e-06 3.71177505e-03 -3.90853109e-06 5.32256510e-06 3.72137403e-03 -3.89393179e-06 6.42610689e-09 -9.59898151e-06 -1.45993050e-08
0.5881604        2.49517399e-06 3.59559927e-03 -1.56919882e-06 2.48914374e-06 3.60494400e-03 -1.55496762e-06 6.03025137e-09 -9.34473536e-06 -1.42311979e-08
0.5887315        2.88776269e-06 2.22673489e-03 -1.50721391e-06 2.88195530e-06 2.23593509e-03 -1.49326513e-06 5.80738982e-09 -9.20020306e-06 -1.39487848e-08
0.5893026        4.05411545e-06 3.78570667e-03 -2.83541115e-06 4.04811362e-06 3.79470279e-03 -2.82128003e-06 6.00183463e-09 -8.99612681e-06 -1.41311213e-08
0.5898738        3.12149504e-06 3.27092835e-03 -2.06935183e-06 3.11565670e-06 3.27983897e-03 -2.05538033e-06 5.83834220e-09 -8.91062906e-06 -1.39714981e-08
0.5904449        4.31364302e-06 3.06863604e-03 -2.71099266e-06 4.30753558e-06 3.07744391e-03 -2.69687488e-06 6.10743945e-09 -8.80786602e-06 -1.41177797e-08
0.5910161        3.87345352e-06 2.88478384e-03 -3.00318334e-06 3.86731249e-06 2.89348994e-03 -2.98901696e-06 6.14103557e-09 -8.70609212e-06 -1.41663749e-08
0.5915872        2.64004800e-06 3.18249449e-03 -1.94443151e-06 2.63444080e-06 3.19109898e-03 -1.93078655e-06 5.60720744e-09 -8.60449718e-06 -1.36449573e-08
0.5921584        3.39536505e-06 3.76007092e-03 -2.71093102e-06 3.38991721e-06 3.76834441e-03 -2.69743093e-06 5.44784762e-09 -8.27348571e-06 -1.35000919e-08
0.5927295        3.35024738e-06 3.68742923e-03 -2.59206671e-06 3.34494916e-06 3.69539605e-03 -2.57868762e-06 5.29821424e-09 -7.96681929e-06 -1.33790910e-08
0.5933006        1.26855134e-06 2.82324869e-03 -1.10839480e-06 1.26417412e-06 2.83117478e-03 -1.09576230e-06 4.37721412e-09 -7.92609607e-06 -1.26325044e-08
0.5938718        6.24080359e-07 2.76755132e-03 -5.40923367e-07 6.20998394e-07 2.77542759e-03 -5.29466397e-07 3.08196484e-09 -7.87626913e-06 -1.14569704e-08
0.5944543        1.91487909e-06 3.16361876e-03 -1.67567004e-06 1.91256778e-06 3.17138562e-03 -1.66503560e-06 2.31130943e-09 -7.76685998e-06 -1.06344408e-08
0.5950369        -6.82305688e-06 3.31151929e-03 5.29484246e-06 -6.82115009e-06 3.31913128e-03 5.30156308e-06 -1.90678481e-09 -7.61199208e-06 -6.72062038e-09
0.5956195        1.10955105e-05 2.97645630e-03 -8.52748450e-06 1.10945520e-05 2.98383618e-03 -8.51863549e-06 9.58521082e-10 -7.37987974e-06 -8.84900979e-09
0.596202         3.56700312e-06 3.16078260e-03 -2.98408701e-06 3.56611060e-06 3.16791914e-03 -2.97556921e-06 8.92516812e-10 -7.13653935e-06 -8.51780304e-09
0.5967846        7.94477357e-07 3.05340507e-03 -4.50854279e-07 7.94724401e-07 3.06028470e-03 -4.43667426e-07 -2.47043574e-10 -6.87962999e-06 -7.18685244e-09
0.5973672        2.49360586e-06 2.91695166e-03 -2.01229448e-06 2.49433658e-06 2.92364833e-03 -2.00579516e-06 -7.30716893e-10 -6.69666223e-06 -6.49932327e-09
0.5979497        2.78796619e-06 3.03884922e-03 -2.40230598e-06 2.78902532e-06 3.04543786e-03 -2.39630979e-06 -1.05913497e-09 -6.58863344e-06 -5.99619200e-09
0.5985323        5.78662497e-06 2.71481669e-03 -4.74865938e-06 5.78682497e-06 2.72130935e-03 -4.74220606e-06 -2.00006759e-10 -6.49265885e-06 -6.45331556e-09
0.5991149        4.03418013e-06 2.56210831e-03 -3.41826848e-06 4.03422709e-06 2.56854007e-03 -3.41185132e-06 -4.69654352e-11 -6.43176213e-06 -6.41715289e-09
0.5996974        3.49611059e-06 2.41723984e-03 -2.97863916e-06 3.49618437e-06 2.42356314e-03 -2.97240181e-06 -7.37852431e-11 -6.32329191e-06 -6.23734914e-09
0.60028          3.15663358e-06 2.00107568e-03 -2.71957520e-06 3.15681532e-06 2.00729018e-03 -2.71354787e-06 -1.81739065e-10 -6.21449786e-06 -6.02733113e-09
0.6008779        5.16235844e-06 2.99299744e-03 -4.33570409e-06 5.16176905e-06 2.99894100e-03 -4.32910067e-06 5.89394102e-10 -5.94356805e-06 -6.60341513e-09
0.6014758        1.82999873e-06 3.49626576e-03 -4.75149161e-07 1.83003830e-06 3.50182996e-03 -4.69433492e-07 -3.95776842e-11 -5.56420276e-06 -5.71566876e-09
0.6020737        2.66147596e-06 2.15717890e-03 -3.36006219e-06 2.66187974e-06 2.16273378e-03 -3.35445177e-06 -4.03786024e-10 -5.55487143e-06 -5.61042234e-09
0.6026716        5.14205477e-06 1.75045400e-03 -4.04617220e-06 5.14169008e-06 1.75606726e-03 -4.04008006e-06 3.64689700e-10 -5.61325963e-06 -6.09213836e-09
0.6032695        3.32559465e-06 2.73431004e-03 -2.73384691e-06 3.32522991e-06 2.73964500e-03 -2.72784367e-06 3.64745727e-10 -5.33496226e-06 -6.00323261e-09
0.6038674        3.53434701e-06 2.77165344e-03 -2.97326299e-06 3.53389045e-06 2.77672528e-03 -2.96723515e-06 4.56563159e-10 -5.07183978e-06 -6.02783915e-09
0.6044845        3.29461569e-06 1.61374811e-03 -2.83271078e-06 3.29411939e-06 1.61888299e-03 -2.82664836e-06 4.96296536e-10 -5.13488248e-06 -6.06241857e-09
0.6051017        -1.40211301e-06 1.99188107e-03 1.79537153e-07 -1.40061229e-06 1.99695255e-03 1.84031762e-07 -1.50071525e-09 -5.07147656e-06 -4.49460883e-09
0.6057189        5.59477346e-06 3.38138806e-03 -4.35821698e-06 5.59522315e-06 3.38603456e-03 -4.35287622e-06 -4.49686150e-10 -4.64649583e-06 -5.34076223e-09
0.6063361        3.77482246e-06 2.18324901e-03 -3.20225914e-06 3.77497383e-06 2.18771585e-03 -3.19677149e-06 -1.51366943e-10 -4.46683425e-06 -5.48764661e-09
0.6069533        2.63992825e-06 1.09364382e-03 -2.35226803e-06 2.64015936e-06 1.09815386e-03 -2.34696683e-06 -2.31105265e-10 -4.51003522e-06 -5.30119265e-09
0.6075951        2.97414104e-06 1.96871122e-03 -2.90036665e-06 2.97423199e-06 1.97302764e-03 -2.89502346e-06 -9.09500150e-11 -4.31641385e-06 -5.34319118e-09
0.608237         3.16970910e-06 2.63561357e-03 -2.93392031e-06 3.16951733e-06 2.63961482e-03 -2.92850048e-06 1.91773952e-10 -4.00124668e-06 -5.41983630e-09
0.6088789        2.67301616e-06 2.01060202e-03 -2.46524050e-06 2.67271901e-06 2.01451657e-03 -2.45997195e-06 2.97152754e-10 -3.91454284e-06 -5.26855105e-09
0.6095207        2.91149997e-06 2.18091631e-03 -2.70165891e-06 2.91095134e-06 2.18472943e-03 -2.69643155e-06 5.48628078e-10 -3.81311515e-06 -5.22736602e-09
0.6101626        2.69266340e-06 1.79599068e-03 -2.46234784e-06 2.69189135e-06 1.79963666e-03 -2.45720672e-06 7.72042552e-10 -3.64597970e-06 -5.14112573e-09
0.6108045        3.26397962e-06 1.65217504e-03 -3.01131664e-06 3.26269346e-06 1.65567249e-03 -3.00599838e-06 1.28616374e-09 -3.49744808e-06 -5.31826798e-09
0.6114464        2.71764107e-06 1.47175436e-03 -2.39964979e-06 2.71607888e-06 1.47511279e-03 -2.39443596e-06 1.56219069e-09 -3.35842765e-06 -5.21382432e-09
0.6120882        9.24250536e-07 1.49489975e-03 -1.09193975e-06 9.23163585e-07 1.49820314e-03 -1.08743605e-06 1.08695091e-09 -3.30338815e-06 -4.50370706e-09
0.6127702        3.22075842e-06 1.50092693e-03 -3.00724922e-06 3.21916763e-06 1.50423467e-03 -3.00264177e-06 1.59078607e-09 -3.30773733e-06 -4.60744966e-09
0.6134522        2.39566283e-06 2.08601556e-03 -2.24329046e-06 2.39398144e-06 2.08889749e-03 -2.23892245e-06 1.68139704e-09 -2.88193429e-06 -4.36801374e-09
0.6141342        2.56981920e-06 1.93536964e-03 -2.33832877e-06 2.56799934e-06 1.93797562e-03 -2.33413915e-06 1.81985752e-09 -2.60598372e-06 -4.18961637e-09
0.6148162        2.61222120e-06 1.28787510e-03 -2.33385217e-06 2.61028066e-06 1.29054420e-03 -2.32981564e-06 1.94053625e-09 -2.66910288e-06 -4.03652995e-09
0.6154982        2.43844820e-06 1.22261822e-03 -2.22326617e-06 2.43647004e-06 1.22517883e-03 -2.21938594e-06 1.97816124e-09 -2.56060729e-06 -3.88022795e-09
0.6161801        2.36899099e-06 1.28879134e-03 -1.84639133e-06 2.36704948e-06 1.29120065e-03 -1.84278071e-06 1.94150859e-09 -2.40931642e-06 -3.61062470e-09
0.6168621        2.46826937e-06 1.44936885e-03 -2.12623668e-06 2.46631320e-06 1.45159634e-03 -2.12278715e-06 1.95617355e-09 -2.22749467e-06 -3.44953403e-09
0.6175441        2.49076249e-06 1.29920187e-03 -2.05153899e-06 2.48876764e-06 1.30127685e-03 -2.04821906e-06 1.99484591e-09 -2.07498078e-06 -3.31992925e-09
0.6182261        2.02931307e-06 9.92413340e-04 -1.90161388e-06 2.02750960e-06 9.94384119e-04 -1.89853263e-06 1.80347139e-09 -1.97077950e-06 -3.08125085e-09
0.6189081        1.60715471e-06 1.78237128e-03 -9.12619220e-07 1.60565731e-06 1.78405936e-03 -9.09971806e-07 1.49739918e-09 -1.68808339e-06 -2.64741455e-09
0.6195901        1.76636755e-06 1.73168210e-03 -2.27961345e-06 1.76504322e-06 1.73315391e-03 -2.27689645e-06 1.32433223e-09 -1.47181515e-06 -2.71699622e-09
0.6202721        3.62737907e-06 6.26966188e-04 -2.59162813e-06 3.62540086e-06 6.28600371e-04 -2.58849145e-06 1.97820593e-09 -1.63418373e-06 -3.13668394e-09
0.620954         2.48222661e-06 9.70636867e-04 -2.00338504e-06 2.48007874e-06 9.72080768e-04 -2.00009750e-06 2.14787404e-09 -1.44390148e-06 -3.28754518e-09
0.621636         2.31849964e-06 1.77355000e-03 -1.92033489e-06 2.31622145e-06 1.77456842e-03 -1.91689050e-06 2.27818499e-09 -1.01841619e-06 -3.44438909e-09
0.622318         3.27396865e-06 5.09375967e-04 -2.44835429e-06 3.27108774e-06 5.10366551e-04 -2.44438245e-06 2.88091249e-09 -9.90584597e-07 -3.97183251e-09
0.623            1.91953428e-06 6.20731770e-04 -1.44351324e-06 1.91663281e-06 6.21645746e-04 -1.43939862e-06 2.90146603e-09 -9.13976734e-07 -4.11462079e-09
0.6237542        2.11228341e-06 1.19293454e-03 -1.66620367e-06 2.10919453e-06 1.19362970e-03 -1.66177636e-06 3.08887815e-09 -6.95163925e-07 -4.42730989e-09
0.6245217        2.08872056e-06 7.78891917e-04 -1.73902735e-06 2.08547242e-06 7.79571891e-04 -1.73424074e-06 3.24813765e-09 -6.79974142e-07 -4.78660968e-09
0.6252892        2.14218305e-06 9.46270058e-04 -1.76865838e-06 2.13877797e-06 9.46833598e-04 -1.76351127e-06 3.40507831e-09 -5.63539749e-07 -5.14710930e-09
0.6260709        4.40505424e-06 1.50831852e-03 -3.06633429e-06 4.40025961e-06 1.50838760e-03 -3.06004704e-06 4.79462358e-09 -6.90809137e-08 -6.28724550e-09
0.6268525        2.67062860e-06 3.19986718e-04 -1.94064875e-06 2.66547159e-06 3.20039300e-04 -1.93389469e-06 5.15700630e-09 -5.25824353e-08 -6.75406215e-09
0.6276495        2.11512075e-06 1.80767513e-04 -1.59329248e-06 2.10993980e-06 1.80799996e-04 -1.58628164e-06 5.18094824e-09 -3.24830198e-08 -7.01084391e-09
0.6284628        2.20719018e-06 1.15492259e-04 -1.54773790e-06 2.20192873e-06 1.15479094e-04 -1.54041902e-06 5.26145150e-09 1.31654301e-08 -7.31887717e-09
0.6292934        2.14641961e-06 1.35939753e-03 -1.52409940e-06 2.14111097e-06 1.35901747e-03 -1.51644315e-06 5.30864105e-09 3.80065320e-07 -7.65624374e-09
0.630124         2.24061968e-06 8.97352716e-04 -1.50250557e-06 2.23527028e-06 8.96771963e-04 -1.49446154e-06 5.34939935e-09 5.80752753e-07 -8.04402413e-09
0.6309734        1.93303823e-07 4.39655511e-04 -3.50773526e-07 1.89173947e-07 4.38986603e-04 -3.43131452e-07 4.12987622e-09 6.68908472e-07 -7.64207429e-09
0.6318431        1.45615336e-06 -1.88036546e-04 -9.21192545e-07 1.45247375e-06 -1.88687826e-04 -9.13471503e-07 3.67961084e-09 6.51280739e-07 -7.72104207e-09
0.6327345        1.31682615e-06 6.53188912e-04 -4.12846319e-07 1.31368980e-06 6.52143108e-04 -4.05258847e-07 3.13634593e-09 1.04580366e-06 -7.58747209e-09
0.633626         1.09804997e-06 3.16136379e-04 -8.77350235e-07 1.09554511e-06 3.14917057e-04 -8.69703025e-07 2.50486016e-09 1.21932201e-06 -7.64721001e-09
0.6345174        1.54310091e-06 3.72112495e-04 -9.89562099e-07 1.54100824e-06 3.70827954e-04 -9.81752409e-07 2.09267164e-09 1.28454084e-06 -7.80969064e-09
0.6354336        -5.90608062e-07 3.15602973e-04 3.73948112e-07 -5.91021486e-07 3.14174908e-04 3.81182564e-07 4.13423807e-10 1.42806505e-06 -7.23445151e-09
0.6363767        6.27267921e-07 3.22073670e-04 -3.16966347e-07 6.27714609e-07 3.20180231e-04 -3.09769576e-07 -4.46688098e-10 1.89343877e-06 -7.19677128e-09
0.6373198        1.03423070e-06 -3.59323603e-04 -7.50512898e-07 1.03528073e-06 -3.61031760e-04 -7.43113674e-07 -1.05002791e-09 1.70815702e-06 -7.39922412e-09
0.6382934        8.86640594e-07 1.73024428e-04 -3.10055895e-07 8.88365298e-07 1.70955159e-04 -3.02566642e-07 -1.72470369e-09 2.06926918e-06 -7.48925293e-09
0.6392669        7.87577402e-07 1.90035038e-04 -3.49818095e-07 7.89981537e-07 1.87736102e-04 -3.42152705e-07 -2.40413434e-09 2.29893653e-06 -7.66539079e-09
0.6402753        8.96597546e-07 -4.34264121e-05 -4.21595774e-07 8.99659589e-07 -4.58628969e-05 -4.13723269e-07 -3.06204270e-09 2.43648480e-06 -7.87250496e-09
0.6412836        -2.06755674e-06 -5.19573465e-07 1.33009638e-06 -2.06198652e-06 -3.23022259e-06 1.33697337e-06 -5.57021401e-09 2.71064912e-06 -6.87698365e-09
0.6422546        4.45571158e-06 -3.07790627e-04 -2.45206294e-06 4.45970092e-06 -3.10704989e-04 -2.44374649e-06 -3.98933904e-09 2.91436156e-06 -8.31645074e-09
0.6431896        2.03415037e-06 -4.81560224e-04 -1.06239764e-06 2.03810397e-06 -4.84537726e-04 -1.05359152e-06 -3.95359807e-09 2.97750159e-06 -8.80611865e-09
0.6441246        1.34343146e-06 2.94613721e-04 -7.10837868e-07 1.34768856e-06 2.91162781e-04 -7.01819845e-07 -4.25710212e-09 3.45094009e-06 -9.01802321e-09
0.6450236        8.46401721e-07 -7.68191121e-04 -2.92241861e-07 8.51221383e-07 -7.71648734e-04 -2.83141158e-07 -4.81966222e-09 3.45761281e-06 -9.10070296e-09
0.6459227        1.17785321e-06 -1.64911780e-04 -4.59333281e-07 1.18301052e-06 -1.68546954e-04 -4.50048809e-07 -5.15730494e-09 3.63517438e-06 -9.28447238e-09
0.6467858        3.46495912e-07 -4.86461422e-04 2.14752108e-07 3.52424372e-07 -4.90317204e-04 2.23836873e-07 -5.92846023e-09 3.85578196e-06 -9.08476484e-09
0.6476489        9.85309739e-07 -5.10474359e-04 -4.87764875e-07 9.91669468e-07 -5.14604483e-04 -4.78607842e-07 -6.35972834e-09 4.13012457e-06 -9.15703255e-09
0.648476         7.23038056e-07 -4.40377484e-04 -2.71235509e-07 7.30086699e-07 -4.44800470e-04 -2.62256170e-07 -7.04864326e-09 4.42298608e-06 -8.97933842e-09
0.6493031        4.45525840e-07 -4.95279212e-04 -4.17919772e-09 4.53435872e-07 -4.99802943e-04 4.48485509e-09 -7.91003167e-09 4.52373159e-06 -8.66405281e-09
0.6500943        -1.26176412e-06 -8.30104494e-04 9.34410211e-07 -1.25222258e-06 -8.34827774e-04 9.42311142e-07 -9.54153131e-09 4.72327998e-06 -7.90093036e-09
0.6508855        1.77362288e-07 -6.56452469e-04 1.46469337e-07 1.87746904e-07 -6.61407372e-04 1.54117996e-07 -1.03846156e-08 4.95490335e-06 -7.64865836e-09
0.6516766        -1.41023428e-06 -5.50196536e-04 7.41518772e-07 -1.39812787e-06 -5.55292186e-04 7.48484424e-07 -1.21064040e-08 5.09564919e-06 -6.96565187e-09
0.6524301        -4.01874107e-07 -3.17486737e-04 7.12306750e-07 -3.88491977e-07 -3.22935787e-04 7.18572471e-07 -1.33821303e-08 5.44905038e-06 -6.26572139e-09
0.6531836        2.75465694e-08 -7.22626557e-04 2.74336185e-07 4.18121754e-08 -7.28273515e-04 2.80215723e-07 -1.42656060e-08 5.64695813e-06 -5.87953784e-09
0.6539371        -2.01969647e-08 -1.12927700e-03 2.88757454e-07 -5.11100789e-09 -1.13491873e-03 2.94240855e-07 -1.50859568e-08 5.64173816e-06 -5.48340145e-09
0.654651         -9.70963707e-07 -8.93959465e-04 1.21317005e-06 -9.54607132e-07 -8.99805459e-04 1.21789589e-06 -1.63565745e-08 5.84599359e-06 -4.72584456e-09
0.6553648        3.36165125e-07 -7.58268653e-04 1.03780118e-07 3.53018749e-07 -7.64371996e-04 1.08257417e-07 -1.68536241e-08 6.10334287e-06 -4.47729963e-09
0.6560786        2.34217692e-06 -6.01721801e-04 -7.98142948e-07 2.35850067e-06 -6.08137073e-04 -7.93411538e-07 -1.63237418e-08 6.41527239e-06 -4.73141009e-09
0.6567505        -6.72525964e-09 -1.63040560e-03 4.29490885e-07 1.00701401e-08 -1.63688772e-03 4.33931961e-07 -1.67953997e-08 6.48212604e-06 -4.44107626e-09
0.6574223        -3.13260226e-07 -1.25188534e-03 5.85886424e-07 -2.95898153e-07 -1.25849969e-03 5.89993481e-07 -1.73620729e-08 6.61434288e-06 -4.10705746e-09
0.6580942        -4.16959709e-07 4.86884161e-04 6.31509358e-07 -3.99087215e-07 4.79834526e-04 6.35308605e-07 -1.78724942e-08 7.04963517e-06 -3.79924719e-09
0.658766         9.11712000e-07 -1.06806771e-03 -7.33112540e-08 9.29404865e-07 -1.07524694e-03 -6.94797599e-08 -1.76928649e-08 7.17922723e-06 -3.83149409e-09
0.6594379        -3.75560087e-07 -1.95213366e-03 7.29460898e-07 -3.57595317e-07 -1.95928544e-03 7.33105816e-07 -1.79647697e-08 7.15177951e-06 -3.64491801e-09
0.6601097        -5.94118400e-07 -5.06410677e-04 8.21604026e-07 -5.75760007e-07 -5.13892353e-04 8.25007010e-07 -1.83583928e-08 7.48167616e-06 -3.40298445e-09
0.6607256        -4.43295590e-07 -8.31891022e-04 7.38805413e-07 -4.24641424e-07 -8.39645803e-04 7.42063437e-07 -1.86541658e-08 7.75478178e-06 -3.25802427e-09
0.6613414        -8.44626285e-07 -1.45379711e-03 1.01377637e-06 -8.25552367e-07 -1.46166257e-03 1.01686955e-06 -1.90739174e-08 7.86546180e-06 -3.09318215e-09
0.6619573        -1.32952203e-06 -1.18844738e-03 1.33654473e-06 -1.30989812e-06 -1.19649359e-03 1.33934429e-06 -1.96239048e-08 8.04621519e-06 -2.79955867e-09
0.6625731        4.47811925e-07 -8.81627836e-04 3.14230054e-07 4.67090313e-07 -8.89925048e-04 3.17290994e-07 -1.92783874e-08 8.29721111e-06 -3.06093961e-09
0.663189         -1.34531510e-07 -1.10091997e-03 3.17190690e-07 -1.15453087e-07 -1.10934079e-03 3.20435757e-07 -1.90784234e-08 8.42081640e-06 -3.24506736e-09
0.6638049        -1.73197405e-06 -1.30759914e-03 1.81045234e-06 -1.71242765e-06 -1.31604475e-03 1.81351729e-06 -1.95463999e-08 8.44561109e-06 -3.06494489e-09
0.6644207        -1.17777282e-06 -1.25866233e-03 1.10273362e-06 -1.15784138e-06 -1.26737361e-03 1.10569280e-06 -1.99314336e-08 8.71127847e-06 -2.95918366e-09
0.6650366        -1.27250157e-06 -1.21379230e-03 1.25967922e-06 -1.25245007e-06 -1.22279907e-03 1.26265235e-06 -2.00514994e-08 9.00677693e-06 -2.97313019e-09
0.6656524        -1.22807147e-06 -1.05730928e-03 1.22511942e-06 -1.20804298e-06 -1.06643658e-03 1.22816916e-06 -2.00284827e-08 9.12729103e-06 -3.04973794e-09
0.6662683        -3.15594947e-07 -1.01234689e-03 7.04544149e-07 -2.96133751e-07 -1.02160578e-03 7.07988383e-07 -1.94611963e-08 9.25889121e-06 -3.44423312e-09
0.6668841        -1.19830188e-06 -1.96272279e-03 1.52581290e-06 -1.17909767e-06 -1.97218483e-03 1.52939725e-06 -1.92042037e-08 9.46204358e-06 -3.58435006e-09
0.6675           -2.28765614e-06 -1.40132433e-03 1.72766178e-06 -2.26822693e-06 -1.41099621e-03 1.73121707e-06 -1.94292027e-08 9.67188063e-06 -3.55528946e-09
0.6680705        -8.02805664e-07 -2.17850366e-04 9.20768163e-07 -7.83756233e-07 -2.27766786e-04 9.24565120e-07 -1.90494302e-08 9.91641958e-06 -3.79695749e-09
0.668641         -2.51354479e-06 -1.30051188e-03 1.74345075e-06 -2.49431947e-06 -1.31058838e-03 1.74727868e-06 -1.92253260e-08 1.00765004e-05 -3.82793262e-09
0.6692041        -1.21985650e-06 -2.40032184e-03 1.32732958e-06 -1.20106949e-06 -2.41050786e-03 1.33143765e-06 -1.87870062e-08 1.01860118e-05 -4.10806312e-09
0.6697599        -1.69668344e-06 -1.55292141e-03 1.45921133e-06 -1.67809472e-06 -1.56324646e-03 1.46348768e-06 -1.85887149e-08 1.03250515e-05 -4.27634964e-09
0.6703157        -1.50513342e-06 -1.16968581e-03 1.34348711e-06 -1.48677535e-06 -1.18009623e-03 1.34797321e-06 -1.83580705e-08 1.04104192e-05 -4.48609090e-09
0.6708642        -1.54092947e-06 -1.17787345e-03 1.36319434e-06 -1.52274608e-06 -1.18850430e-03 1.36787991e-06 -1.81833845e-08 1.06308510e-05 -4.68556612e-09
0.6714127        -1.23114982e-06 -9.99203571e-04 1.22669671e-06 -1.21322885e-06 -1.01021799e-03 1.23166801e-06 -1.79209650e-08 1.10144233e-05 -4.97129670e-09
0.6719611        -2.05472719e-06 -1.56363455e-03 1.69443808e-06 -2.03672596e-06 -1.57476768e-03 1.69949044e-06 -1.80012311e-08 1.11331274e-05 -5.05235465e-09
0.6725022        -1.83719772e-06 -2.32130587e-03 1.55153967e-06 -1.81920910e-06 -2.33228108e-03 1.55674129e-06 -1.79886274e-08 1.09752108e-05 -5.20161990e-09
0.6730433        -1.12070804e-06 -1.57752276e-03 1.18543573e-06 -1.10288005e-06 -1.58865704e-03 1.19082832e-06 -1.78279889e-08 1.11342794e-05 -5.39259396e-09
0.6735769        -3.43561832e-06 -9.92282233e-04 2.17824594e-06 -3.41703503e-06 -1.00384826e-03 2.18342915e-06 -1.85832903e-08 1.15660266e-05 -5.18321196e-09
0.6741106        -1.83463547e-06 -1.40412798e-03 1.46120801e-06 -1.81587937e-06 -1.41590150e-03 1.46641307e-06 -1.87561007e-08 1.17735216e-05 -5.20505189e-09
0.6746442        -1.98211698e-06 -1.61557761e-03 1.45246563e-06 -1.96305072e-06 -1.62742742e-03 1.45763287e-06 -1.90662586e-08 1.18498155e-05 -5.16723936e-09
0.6751704        -1.15767732e-06 -1.67547120e-03 1.06444679e-06 -1.13848618e-06 -1.68745150e-03 1.06963164e-06 -1.91911450e-08 1.19803063e-05 -5.18484113e-09
0.6756965        -1.39203301e-06 -1.75757384e-03 1.21485565e-06 -1.37261633e-06 -1.76968521e-03 1.21996056e-06 -1.94166815e-08 1.21113718e-05 -5.10490892e-09
0.6762226        -9.78738482e-07 -1.67560323e-03 1.02349815e-06 -9.59245266e-07 -1.68785307e-03 1.02857582e-06 -1.94932153e-08 1.22498382e-05 -5.07766533e-09
0.6767412        -1.16140130e-06 -1.31393485e-03 1.04225941e-06 -1.14173240e-06 -1.32639811e-03 1.04726522e-06 -1.96688981e-08 1.24632663e-05 -5.00580846e-09
0.6772597        -1.13876533e-06 -1.36609281e-03 1.01923371e-06 -1.11893834e-06 -1.37874198e-03 1.02417624e-06 -1.98269840e-08 1.26491782e-05 -4.94252843e-09
0.6777782        -8.47207100e-07 -1.39603927e-03 9.20755909e-07 -8.27329944e-07 -1.40884569e-03 9.25721231e-07 -1.98771557e-08 1.28064201e-05 -4.96532190e-09
0.6782967        -1.15790887e-06 -1.35833097e-03 9.72219120e-07 -1.13784695e-06 -1.37129573e-03 9.77173544e-07 -2.00619193e-08 1.29647619e-05 -4.95442417e-09
0.6788152        -7.92124335e-07 -2.05613457e-03 6.68647181e-07 -7.71973150e-07 -2.06925782e-03 6.73648081e-07 -2.01511842e-08 1.31232449e-05 -5.00089944e-09
0.6793337        -9.23629856e-07 -2.12045040e-03 9.84393681e-07 -9.03297038e-07 -2.13375399e-03 9.89315320e-07 -2.03328179e-08 1.33035908e-05 -4.92163930e-09
0.6798441        -6.76468018e-07 -1.54286090e-03 7.14594209e-07 -6.55986345e-07 -1.55627948e-03 7.19449192e-07 -2.04816730e-08 1.34185794e-05 -4.85498226e-09
0.6803545        9.92170085e-08 -1.31261931e-03 1.78617958e-07 1.19608064e-07 -1.32608240e-03 1.83552996e-07 -2.03910555e-08 1.34630963e-05 -4.93503816e-09
0.680865         8.52028915e-08 -1.63478340e-03 2.43384185e-07 1.05549200e-07 -1.64842051e-03 2.48367189e-07 -2.03463090e-08 1.36371108e-05 -4.98300438e-09
0.6813754        -5.74790885e-07 -1.83141639e-03 5.76148559e-07 -5.54263401e-07 -1.84530898e-03 5.81076203e-07 -2.05274839e-08 1.38925900e-05 -4.92764421e-09
0.6818774        -8.19109254e-07 -1.97846364e-03 6.59746960e-07 -7.98290906e-07 -1.99253232e-03 6.64575238e-07 -2.08183483e-08 1.40686772e-05 -4.82827716e-09
0.6823795        -4.67003666e-07 -1.76047567e-03 5.05434426e-07 -4.45988974e-07 -1.77470817e-03 5.10185636e-07 -2.10146928e-08 1.42325030e-05 -4.75120957e-09
0.6828815        -5.99608587e-07 -1.56000530e-03 5.61424447e-07 -5.78356535e-07 -1.57438707e-03 5.66093442e-07 -2.12520518e-08 1.43817733e-05 -4.66899509e-09
0.6833835        -4.95887727e-07 -1.77713111e-03 5.15256168e-07 -4.74395168e-07 -1.79163838e-03 5.19834212e-07 -2.14925582e-08 1.45072724e-05 -4.57804468e-09
0.6838856        4.48231823e-07 -1.61751064e-03 1.53913631e-08 4.69679713e-07 -1.63217572e-03 1.99979508e-08 -2.14478894e-08 1.46650767e-05 -4.60658775e-09
0.6843876        -3.47201311e-07 -1.37978418e-03 4.16533549e-07 -3.25516920e-07 -1.39474114e-03 4.21019641e-07 -2.16843908e-08 1.49569696e-05 -4.48609170e-09
0.6848897        -1.30428562e-07 -1.26297551e-03 2.88867532e-07 -1.08538218e-07 -1.27825087e-03 2.93224281e-07 -2.18903433e-08 1.52753571e-05 -4.35674955e-09
0.6853917        -5.05390802e-07 -2.14362019e-03 7.97149606e-07 -4.83172081e-07 -2.15897262e-03 8.01280727e-07 -2.22187213e-08 1.53524211e-05 -4.13112110e-09
0.6858845        3.22709124e-07 -2.60551481e-03 -1.31374952e-07 3.44874720e-07 -2.62086715e-03 -1.27183083e-07 -2.21655958e-08 1.53523421e-05 -4.19186835e-09
0.6863772        -1.09201048e-07 -1.81987953e-03 2.42996152e-07 -8.69941208e-08 -1.83539362e-03 2.47176397e-07 -2.22069274e-08 1.55140920e-05 -4.18024495e-09
0.6868699        1.84124677e-07 -1.42742991e-03 1.24231653e-07 2.06325385e-07 -1.44316678e-03 1.28392661e-07 -2.22007086e-08 1.57368733e-05 -4.16100801e-09
0.6873627        -8.06106505e-07 -1.66424820e-03 6.39581714e-07 -7.83615543e-07 -1.68017726e-03 6.43630641e-07 -2.24909625e-08 1.59290622e-05 -4.04892737e-09
0.6878554        8.56200863e-07 -1.61342159e-03 -5.43491548e-08 8.78450541e-07 -1.62954306e-03 -5.01883528e-08 -2.22496779e-08 1.61214736e-05 -4.16080192e-09
0.6883482        7.83917512e-06 -1.46245474e-03 -4.12955162e-06 7.85897566e-06 -1.47876556e-03 -4.12415734e-06 -1.98005457e-08 1.63108228e-05 -5.39428014e-09
0.6888409        1.37889574e-06 -2.26557648e-03 -5.28101031e-07 1.39829370e-06 -2.28205958e-03 -5.22553578e-07 -1.93979544e-08 1.64831004e-05 -5.54745261e-09
0.6893337        4.24610612e-07 -2.45201491e-03 -5.35413516e-08 4.43847312e-07 -2.46868451e-03 -4.79341504e-08 -1.92367001e-08 1.66696029e-05 -5.60720116e-09
0.6898264        -5.63208456e-07 -1.75839723e-03 5.17144204e-07 -5.43909971e-07 -1.77520520e-03 5.22712492e-07 -1.92984848e-08 1.68079733e-05 -5.56828822e-09
0.6903192        -6.69830388e-07 -1.30673480e-03 4.88536085e-07 -6.50470475e-07 -1.32361500e-03 4.94119484e-07 -1.93599134e-08 1.68802001e-05 -5.58339902e-09
0.6908119        -4.16128068e-07 -1.72222617e-03 4.69366550e-07 -3.96797306e-07 -1.73928625e-03 4.74956934e-07 -1.93307615e-08 1.70600823e-05 -5.59038489e-09
0.6913047        -6.44132240e-07 -2.00672635e-03 5.63764082e-07 -6.24686300e-07 -2.02409136e-03 5.69260209e-07 -1.94459401e-08 1.73650164e-05 -5.49612707e-09
0.6917974        1.94558561e-06 -1.92301470e-03 -5.17529193e-07 1.96415896e-06 -1.94060262e-03 -5.11707442e-07 -1.85733490e-08 1.75879209e-05 -5.82175048e-09
0.6922902        -2.23031493e-07 -1.78339132e-03 4.61888959e-07 -2.04684027e-07 -1.80113288e-03 4.67819856e-07 -1.83474654e-08 1.77415611e-05 -5.93089669e-09
0.6927829        -8.92291390e-07 -1.91387513e-03 7.80856380e-07 -8.73956474e-07 -1.93177706e-03 7.86819644e-07 -1.83349162e-08 1.79019280e-05 -5.96326399e-09
0.6932756        -6.72392565e-07 -2.08410197e-03 6.27809414e-07 -6.54115257e-07 -2.10220526e-03 6.33873953e-07 -1.82773080e-08 1.81032917e-05 -6.06453861e-09
0.6937684        -1.18797370e-06 -2.22743509e-03 1.12845963e-06 -1.16958067e-06 -2.24574921e-03 1.13449671e-06 -1.83930302e-08 1.83141235e-05 -6.03708067e-09
0.6942611        2.46614584e-07 -2.05497822e-03 -1.59029742e-07 2.64734860e-07 -2.07347346e-03 -1.52814473e-07 -1.81202766e-08 1.84952389e-05 -6.21526898e-09
0.6947539        -2.30953888e-06 -2.15651082e-03 4.96277016e-07 -2.29073605e-06 -2.17518663e-03 5.02297168e-07 -1.88028293e-08 1.86758071e-05 -6.02015232e-09
0.6952466        -6.14806574e-06 -1.78620619e-03 4.62290796e-06 -6.12749274e-06 -1.80506630e-03 4.62766397e-06 -2.05730037e-08 1.88601048e-05 -4.75601106e-09
0.6957394        -3.05290659e-06 -9.91215787e-04 1.15617211e-06 -3.03139498e-06 -1.01025234e-03 1.16046872e-06 -2.15116046e-08 1.90365546e-05 -4.29661280e-09
0.6962321        6.72957751e-07 -1.47560416e-03 -8.15680482e-09 6.94318960e-07 -1.49482177e-03 -4.02620241e-09 -2.13612095e-08 1.92176149e-05 -4.13060241e-09
0.6967249        -1.92568463e-06 -2.42633206e-03 1.16104787e-06 -1.90345051e-06 -2.44573776e-03 1.16447256e-06 -2.22341248e-08 1.94057023e-05 -3.42468277e-09
0.6972176        -1.36329025e-07 -2.31555961e-03 2.91129995e-07 -1.13780610e-07 -2.33517184e-03 2.94082735e-07 -2.25484144e-08 1.96122286e-05 -2.95274025e-09
0.6977104        1.59541503e-07 -1.74171987e-03 1.08464644e-08 1.82360941e-07 -1.76166709e-03 1.33525409e-08 -2.28194380e-08 1.99472181e-05 -2.50607655e-09
0.6982031        -4.14456781e-07 -1.84252565e-03 5.64536203e-07 -3.91124384e-07 -1.86282854e-03 5.66404476e-07 -2.33323966e-08 2.03028896e-05 -1.86827268e-09
0.6986959        2.80342358e-07 -1.66937530e-03 2.29805971e-07 3.04038247e-07 -1.68987950e-03 2.31064005e-07 -2.36958898e-08 2.05041978e-05 -1.25803443e-09
0.6991886        2.47477051e-06 -1.44981165e-03 -1.21683587e-06 2.49828815e-06 -1.47047886e-03 -1.21589932e-06 -2.35176378e-08 2.06672008e-05 -9.36551866e-10
0.6996813        -1.19498061e-06 -2.00476357e-03 8.03853079e-07 -1.17023156e-06 -2.02558033e-03 8.03870861e-07 -2.47490561e-08 2.08167580e-05 -1.77820580e-11
0.7001741        1.78568707e-06 -2.60102707e-03 -6.40571563e-07 1.81063478e-06 -2.62188114e-03 -6.41127388e-07 -2.49477142e-08 2.08540758e-05 5.55824066e-10
0.7006668        -3.69915514e-06 -2.33929373e-03 2.03367176e-06 -3.67224948e-06 -2.36030809e-03 2.03190667e-06 -2.69056609e-08 2.10143527e-05 1.76509190e-09
0.7011596        1.87301065e-06 -1.34856792e-03 -1.00946576e-06 1.89996772e-06 -1.37004807e-03 -1.01149534e-06 -2.69570702e-08 2.14801497e-05 2.02957902e-09
0.7016523        4.46765668e-06 -1.58727020e-03 -2.05065840e-06 4.49372398e-06 -1.60915048e-03 -2.05249070e-06 -2.60672990e-08 2.18802868e-05 1.83230060e-09
0.7021451        3.39643713e-07 -2.53807453e-03 -1.01801773e-07 3.66098311e-07 -2.56003950e-03 -1.03915206e-07 -2.64545979e-08 2.19649691e-05 2.11343318e-09
0.7026378        -1.72843538e-07 -2.91329976e-03 2.15619047e-07 -1.45923994e-07 -2.93528683e-03 2.13167657e-07 -2.69195438e-08 2.19870721e-05 2.45138924e-09
0.7031306        1.57736566e-06 -1.72951173e-03 -6.07088862e-07 1.60417994e-06 -1.75173582e-03 -6.09669659e-07 -2.68142763e-08 2.22240912e-05 2.58079697e-09
0.7036233        -5.09061771e-07 -1.10692005e-03 2.75175728e-07 -4.81705235e-07 -1.12942837e-03 2.72173008e-07 -2.73565358e-08 2.25083269e-05 3.00271973e-09
0.7041161        -1.81357576e-07 -1.72885538e-03 2.22139506e-07 -1.53576967e-07 -1.75159829e-03 2.18724979e-07 -2.77806089e-08 2.27429082e-05 3.41452785e-09
0.7046088        -6.77930877e-07 -2.64477661e-03 2.66247218e-07 -6.49476533e-07 -2.66779064e-03 2.62333099e-07 -2.84543443e-08 2.30140289e-05 3.91411846e-09
0.7051016        -2.02578041e-06 -2.28645887e-03 1.08482496e-06 -1.99609125e-06 -2.30974081e-03 1.08008740e-06 -2.96891604e-08 2.32819387e-05 4.73756222e-09
0.7055943        -9.73510250e-07 -1.60691160e-03 4.71624362e-07 -9.42877922e-07 -1.63051447e-03 4.66203033e-07 -3.06323280e-08 2.36028737e-05 5.42132886e-09
0.706087         -2.00927485e-06 -1.63448669e-03 9.59782498e-07 -1.97733482e-06 -1.65840162e-03 9.53546555e-07 -3.19400312e-08 2.39149231e-05 6.23594223e-09
0.7065798        -1.68690349e-06 -1.98790576e-03 7.10496519e-07 -1.65374496e-06 -2.01194001e-03 7.03549784e-07 -3.31585333e-08 2.40342546e-05 6.94673461e-09
0.7070725        3.91724500e-07 -2.30674405e-03 -1.77288507e-07 4.25345724e-07 -2.33080472e-03 -1.84575676e-07 -3.36212234e-08 2.40606747e-05 7.28716912e-09
0.7075653        -3.93493207e-07 -1.66826181e-03 2.53039084e-07 -3.59283352e-07 -1.69263586e-03 2.45384324e-07 -3.42098544e-08 2.43740493e-05 7.65475956e-09
0.708058         -7.04719023e-07 -6.75375378e-04 3.46001691e-07 -6.69939301e-07 -7.00271381e-04 3.38057990e-07 -3.47797219e-08 2.48960025e-05 7.94370147e-09
0.7085508        -2.35131133e-07 -1.65549292e-03 1.73200308e-07 -2.00090851e-07 -1.68069966e-03 1.65129895e-07 -3.50402827e-08 2.52067329e-05 8.07041208e-09
0.7090435        -1.45688956e-06 -2.97905632e-03 6.88282147e-07 -1.42129321e-06 -3.00440835e-03 6.80018268e-07 -3.55963506e-08 2.53520339e-05 8.26387843e-09
0.7095363        -6.34919831e-08 -2.58078951e-03 1.04234899e-07 -2.78915023e-08 -2.60637440e-03 9.59892103e-08 -3.56004808e-08 2.55848948e-05 8.24568896e-09
0.710029         4.73134683e-06 -1.62693991e-03 -1.01168616e-06 4.76533931e-06 -1.65276823e-03 -1.01951406e-06 -3.39924787e-08 2.58283260e-05 7.82789202e-09
0.7105218        -5.58917279e-06 -1.71686508e-03 1.63960157e-06 -5.55331329e-06 -1.74292295e-03 1.63126909e-06 -3.58595003e-08 2.60578670e-05 8.33248718e-09
0.7110145        -2.06291605e-06 -1.67835704e-03 7.26587603e-07 -2.02629460e-06 -1.70464517e-03 7.18010305e-07 -3.66214499e-08 2.62881264e-05 8.57729760e-09
0.7115073        -1.22920462e-06 -1.63107558e-03 5.40277254e-07 -1.19200371e-06 -1.65759103e-03 5.31476422e-07 -3.72009053e-08 2.65154454e-05 8.80083231e-09
0.712            -9.11946509e-06 -1.73669314e-03 3.58687033e-06 -9.07910244e-06 -1.76355805e-03 3.57686674e-06 -4.03626537e-08 2.68649046e-05 1.00035936e-08
0.7125115        4.37236963e-06 -1.72361671e-03 -1.43787474e-06 4.41149442e-06 -1.75094610e-03 -1.44744212e-06 -3.91247937e-08 2.73293829e-05 9.56737677e-09
0.713023         -3.34073509e-07 -1.57377637e-03 2.21487185e-07 -2.94596511e-07 -1.60145317e-03 2.11774888e-07 -3.94769981e-08 2.76768055e-05 9.71229653e-09
0.7135345        -1.69275196e-07 -1.88833329e-03 2.54477886e-07 -1.29545873e-07 -1.91621195e-03 2.44631942e-07 -3.97293236e-08 2.78786558e-05 9.84594466e-09
0.7140521        -7.49349443e-07 -1.93906979e-03 4.83887557e-07 -7.09183868e-07 -1.96717112e-03 4.73842052e-07 -4.01655759e-08 2.81013269e-05 1.00455049e-08
0.7145698        1.75588583e-06 -1.98939047e-03 -7.41257109e-07 1.79565215e-06 -2.01769202e-03 -7.51149882e-07 -3.97663237e-08 2.83015496e-05 9.89277321e-09
0.7150875        9.65561868e-07 -2.05023895e-03 1.06059503e-07 1.00512545e-06 -2.07876175e-03 9.62085550e-08 -3.95635849e-08 2.85227999e-05 9.85094778e-09
0.7156051        9.36565075e-07 -1.76511411e-03 -2.19769066e-07 9.75986863e-07 -1.79399741e-03 -2.29567588e-07 -3.94217880e-08 2.88832923e-05 9.79852144e-09
0.7161294        6.31724374e-08 -1.72152606e-03 1.47774270e-07 1.02762843e-07 -1.75076559e-03 1.37919550e-07 -3.95904058e-08 2.92395304e-05 9.85472029e-09
0.7166537        5.02085481e-07 -1.80039500e-03 2.59124335e-07 5.41539716e-07 -1.83003131e-03 2.49335362e-07 -3.94542350e-08 2.96363020e-05 9.78897315e-09
0.717178         1.09359802e-06 -1.79877256e-03 -3.34329429e-07 1.13262095e-06 -1.82883229e-03 -3.43826875e-07 -3.90229319e-08 3.00597298e-05 9.49744514e-09
0.7177023        9.26672507e-07 -1.37884635e-03 -2.14883543e-07 9.65190752e-07 -1.40916658e-03 -2.24065858e-07 -3.85182446e-08 3.03202268e-05 9.18231521e-09
0.7182266        2.06974955e-07 -1.18034556e-03 1.63181087e-07 2.45191210e-07 -1.21085139e-03 1.54222316e-07 -3.82162552e-08 3.05058355e-05 8.95877049e-09
0.7187582        -1.79609025e-06 -1.89211266e-03 8.93591634e-07 -1.75745238e-06 -1.92294497e-03 8.84563005e-07 -3.86378720e-08 3.08323033e-05 9.02862950e-09
0.7192897        -8.91055013e-07 -2.05982263e-03 6.35793071e-07 -8.52247149e-07 -2.09101169e-03 6.26752304e-07 -3.88078632e-08 3.11890677e-05 9.04076630e-09
0.7198213        -1.25744037e-05 -1.35206317e-03 5.81334809e-06 -1.25313710e-05 -1.38369488e-03 5.80271964e-06 -4.30327009e-08 3.16317114e-05 1.06284527e-08
0.7203529        1.01118012e-05 -1.15527431e-03 -3.94140928e-06 1.01513961e-05 -1.18752741e-03 -3.95075603e-06 -3.95948615e-08 3.22531013e-05 9.34674852e-09
0.7208924        -3.07432960e-07 -1.64316180e-03 4.01760397e-07 -2.67568496e-07 -1.67570924e-03 3.92286654e-07 -3.98644637e-08 3.25474394e-05 9.47374265e-09
0.7214319        8.88710760e-08 -2.07050859e-03 1.92942903e-07 1.28679488e-07 -2.10306310e-03 1.83505712e-07 -3.98084125e-08 3.25545052e-05 9.43719146e-09
0.7219714        -1.41663289e-07 -1.65407180e-03 5.46019032e-07 -1.01998314e-07 -1.68690715e-03 5.36622693e-07 -3.96649750e-08 3.28353496e-05 9.39633912e-09
0.7225109        1.32378050e-05 -8.77735968e-04 -2.29413786e-06 1.32724222e-05 -9.11054129e-04 -2.30239856e-06 -3.46172456e-08 3.33181604e-05 8.26069913e-09
0.7230591        -1.08729124e-05 -1.47958731e-03 2.63595833e-06 -1.08345479e-05 -1.51326690e-03 2.62692536e-06 -3.83644857e-08 3.36795923e-05 9.03297634e-09
0.7236073        -3.15997486e-06 -1.92283003e-03 1.10972743e-06 -3.12075139e-06 -1.95682677e-03 1.10053163e-06 -3.92234694e-08 3.39967471e-05 9.19579963e-09
0.7241555        -6.98319002e-07 -1.67754677e-03 7.50079916e-07 -6.59185119e-07 -1.71191035e-03 7.40912080e-07 -3.91338825e-08 3.43635863e-05 9.16783625e-09
0.7247038        9.33967552e-07 -1.28635911e-03 3.78724320e-08 9.72431077e-07 -1.32113436e-03 2.89615585e-08 -3.84635246e-08 3.47752440e-05 8.91087356e-09
0.7252616        5.69111450e-07 -1.30179666e-03 5.78709293e-07 6.06959248e-07 -1.33700378e-03 5.69931782e-07 -3.78477985e-08 3.52071219e-05 8.77751112e-09
0.7258194        -1.50901293e-07 -1.30244469e-03 6.06832674e-07 -1.13542322e-07 -1.33807421e-03 5.98243614e-07 -3.73589706e-08 3.56295235e-05 8.58905923e-09
0.7263772        1.52009457e-07 -1.40460429e-03 4.39949079e-07 1.88667282e-07 -1.44065169e-03 4.31672875e-07 -3.66578245e-08 3.60474002e-05 8.27620396e-09
0.7269351        3.26014585e-07 -1.31174475e-03 1.95531741e-07 3.62296519e-07 -1.34829546e-03 1.87504255e-07 -3.62819347e-08 3.65507041e-05 8.02748621e-09
0.7274929        6.21643216e-06 -1.21620648e-03 -1.71593227e-06 6.25027568e-06 -1.25314495e-03 -1.72303134e-06 -3.38435256e-08 3.69384659e-05 7.09907478e-09
0.7280617        -5.90168823e-06 -1.97226899e-03 2.65299518e-06 -5.86645145e-06 -2.00930278e-03 2.64551290e-06 -3.52367735e-08 3.70337818e-05 7.48228791e-09
0.7286304        -8.30638162e-07 -1.35333743e-03 8.95491640e-07 -7.95716572e-07 -1.39069269e-03 8.88186430e-07 -3.49215896e-08 3.73552622e-05 7.30520908e-09
0.7291992        -1.24183635e-07 -2.62627240e-04 8.25149389e-07 -8.97057635e-08 -3.00620830e-04 8.17985534e-07 -3.44778713e-08 3.79935896e-05 7.16385513e-09
0.729768         -5.44944354e-07 -4.05835873e-04 6.35397156e-07 -5.10597746e-07 -4.44298398e-04 6.28310502e-07 -3.43466077e-08 3.84625242e-05 7.08665415e-09
0.7303491        7.78798906e-07 -1.70687947e-03 5.23664216e-07 8.12527186e-07 -1.74572695e-03 5.16725814e-07 -3.37282799e-08 3.88474806e-05 6.93840213e-09
0.7309302        9.14637515e-08 -1.38095511e-03 4.31694374e-07 1.24950831e-07 -1.42019924e-03 4.24863049e-07 -3.34870796e-08 3.92441265e-05 6.83132472e-09
0.7315114        5.16648974e-07 -1.25181207e-03 5.26934751e-07 5.49739551e-07 -1.29133816e-03 5.20233956e-07 -3.30905768e-08 3.95260930e-05 6.70079572e-09
0.7320925        -1.61636999e-07 -9.56335707e-04 6.84490530e-07 -1.28702190e-07 -9.96333473e-04 6.77867103e-07 -3.29348092e-08 3.99977661e-05 6.62342701e-09
0.7326736        -2.80768914e-07 -5.32638559e-04 7.09040861e-07 -2.48056813e-07 -5.73251580e-04 7.02546645e-07 -3.27121008e-08 4.06130211e-05 6.49421610e-09
0.7332693        -2.21170206e-06 -9.60296896e-04 1.26220131e-06 -2.17850779e-06 -1.00129043e-03 1.25565022e-06 -3.31942702e-08 4.09935366e-05 6.55108730e-09
0.7338649        -3.90606982e-06 -1.41459487e-03 1.11643578e-06 -3.87167420e-06 -1.45586455e-03 1.10981935e-06 -3.43956192e-08 4.12696809e-05 6.61643101e-09
0.7344606        5.00141168e-07 -5.30273607e-04 1.11622142e-06 5.33922528e-07 -5.72065572e-04 1.10964778e-06 -3.37813607e-08 4.17919655e-05 6.57363896e-09
0.7350563        -6.43645319e-07 -6.26300436e-04 1.01705102e-06 -6.10109674e-07 -6.68637924e-04 1.01053549e-06 -3.35356451e-08 4.23374879e-05 6.51553566e-09
0.7356519        -2.23625981e-07 -1.00615795e-03 8.55992009e-07 -1.90496115e-07 -1.04881774e-03 8.49579041e-07 -3.31298652e-08 4.26597916e-05 6.41296773e-09
0.7362476        7.87966130e-08 -1.00036330e-03 6.38630646e-07 1.11449100e-07 -1.04334358e-03 6.32351492e-07 -3.26524868e-08 4.29802743e-05 6.27915381e-09
0.7368432        6.07501458e-08 -4.50269915e-04 7.52212352e-07 9.30022313e-08 -4.93796455e-04 7.45996418e-07 -3.22520855e-08 4.35265400e-05 6.21593397e-09
0.7374389        1.05774618e-06 -8.05520121e-04 5.48237042e-07 1.08926531e-06 -8.49564737e-04 5.42140070e-07 -3.15191327e-08 4.40446156e-05 6.09697261e-09
0.7380346        3.75616028e-07 -7.29785967e-04 7.91070824e-07 4.06713492e-07 -7.74292294e-04 7.84983446e-07 -3.10974632e-08 4.45063270e-05 6.08737753e-09
0.7386302        -1.45422902e-06 -7.46179198e-04 1.37467116e-06 -1.42284443e-06 -7.91157164e-04 1.36840244e-06 -3.13845935e-08 4.49779667e-05 6.26871534e-09
0.7392259        1.95834595e-06 -5.91075702e-04 1.44619276e-06 1.98843311e-06 -6.36533997e-04 1.43992517e-06 -3.00871594e-08 4.54582955e-05 6.26759646e-09
0.7398215        -2.49941876e-06 -4.84612931e-04 3.11027085e-07 -2.46806523e-06 -5.30554282e-04 3.04581563e-07 -3.13535320e-08 4.59413513e-05 6.44552193e-09
0.7404172        5.30169223e-07 -9.19009814e-04 8.17366824e-07 5.61075475e-07 -9.65433728e-04 8.10917318e-07 -3.09062513e-08 4.64239144e-05 6.44950640e-09
0.7410129        -1.13225256e-06 -5.10826683e-04 1.35311497e-06 -1.10118924e-06 -5.57597395e-04 1.34652698e-06 -3.10633239e-08 4.67707123e-05 6.58799039e-09
0.7416085        5.11720499e-07 -1.02294360e-03 1.10093701e-06 5.42210463e-07 -1.06984432e-03 1.09436924e-06 -3.04899644e-08 4.69007229e-05 6.56777041e-09
0.7422042        -3.39677145e-06 -1.06169135e-04 1.91184497e-06 -3.36537261e-06 -1.53627794e-04 1.90498387e-06 -3.13988401e-08 4.74586586e-05 6.86110239e-09
0.7427998        -4.55334002e-07 2.54430312e-04 1.14804883e-06 -4.24194955e-07 2.06258591e-04 1.14120895e-06 -3.11390469e-08 4.81717218e-05 6.83987169e-09
0.7433955        2.39409285e-06 -1.97345284e-04 4.44419664e-07 2.42379370e-06 -2.46136251e-04 4.37874098e-07 -2.97008525e-08 4.87909673e-05 6.54556630e-09
0.7439912        3.37419611e-07 3.08159841e-05 8.67946210e-07 3.66639849e-07 -1.86212826e-05 8.61485194e-07 -2.92202381e-08 4.94372666e-05 6.46101655e-09
0.7445868        -2.48948251e-06 -9.06976666e-04 1.39241361e-06 -2.45963325e-06 -9.56629389e-04 1.38587364e-06 -2.98492613e-08 4.96527224e-05 6.53997139e-09
0.7451825        -2.17844377e-06 -6.55531395e-04 1.38626527e-06 -2.14805775e-06 -7.05447250e-04 1.37960661e-06 -3.03860204e-08 4.99158556e-05 6.65866286e-09
0.7457781        9.19407353e-08 6.24055277e-04 1.14061752e-06 1.22054319e-07 5.73512870e-04 1.13390677e-06 -3.01135841e-08 5.05424065e-05 6.71075526e-09
0.7463738        -1.17394601e-06 5.57839651e-04 1.09727428e-06 -1.14338446e-06 5.06761542e-04 1.09032579e-06 -3.05615504e-08 5.10781084e-05 6.94848361e-09
0.7470067        -3.66562242e-07 -5.74301784e-04 1.12411171e-06 -3.35921377e-07 -6.25741416e-04 1.11691710e-06 -3.06408649e-08 5.14396319e-05 7.19460945e-09
0.7476396        -1.29968470e-07 -4.08371770e-05 9.89713735e-07 -9.92250107e-08 -9.27220993e-05 9.82254547e-07 -3.07434596e-08 5.18849224e-05 7.45918795e-09
0.7482725        1.61329646e-07 -1.96103476e-04 1.01390043e-06 1.91952466e-07 -2.48348094e-04 1.00621338e-06 -3.06228198e-08 5.22446182e-05 7.68705653e-09
0.7489053        -4.54365047e-08 1.13643763e-04 8.72565950e-07 -1.48226536e-08 6.08330269e-05 8.64712038e-07 -3.06138511e-08 5.28107357e-05 7.85391266e-09
0.7495382        7.50324062e-07 5.02794217e-04 8.55363372e-07 7.80534407e-07 4.49343348e-04 8.47415685e-07 -3.02103451e-08 5.34508690e-05 7.94768707e-09
0.7501711        -1.03977404e-06 2.10662245e-04 1.07749634e-06 -1.00929478e-06 1.56622615e-04 1.06939294e-06 -3.04792670e-08 5.40396302e-05 8.10339288e-09
0.750804         -7.23944199e-07 4.92923492e-04 1.15452731e-06 -6.93257785e-07 4.38324980e-04 1.14624723e-06 -3.06864143e-08 5.45985112e-05 8.28008248e-09
0.7514369        -5.27952240e-08 4.45267537e-04 1.03895741e-06 -2.21687123e-08 3.90295332e-04 1.03056688e-06 -3.06265117e-08 5.49722050e-05 8.39052803e-09
0.7520698        -5.80631920e-06 4.23183615e-04 1.99367407e-06 -5.77321994e-06 3.67861407e-04 1.98470257e-06 -3.30992577e-08 5.53222082e-05 8.97149617e-09
0.7527027        1.20821468e-06 6.49034772e-04 8.61027585e-07 1.24081540e-06 5.93407475e-04 8.52037051e-07 -3.26007209e-08 5.56272972e-05 8.99053317e-09
0.7533356        2.57531696e-06 5.02292993e-04 4.56754180e-07 2.60682559e-06 4.46143104e-04 4.47843957e-07 -3.15086323e-08 5.61498887e-05 8.91022245e-09
0.7539684        6.38548029e-07 3.17239850e-04 7.61368611e-07 6.69776881e-07 2.60487575e-04 7.52370992e-07 -3.12288525e-08 5.67522747e-05 8.99761922e-09
0.7546013        1.65633030e-06 1.52009848e-03 4.03795996e-07 1.68682312e-06 1.46282487e-03 3.94881936e-07 -3.04928214e-08 5.72736098e-05 8.91405970e-09
0.7552342        -2.93570749e-06 1.50225423e-03 1.21821293e-06 -2.90402973e-06 1.44451653e-03 1.20903916e-06 -3.16777627e-08 5.77377027e-05 9.17376581e-09
0.7558671        -9.51762182e-07 -1.77521273e-04 8.67159471e-07 -9.19678247e-07 -2.35488163e-04 8.57903031e-07 -3.20839346e-08 5.79668896e-05 9.25644069e-09
0.7565           -5.56922021e-07 4.24519764e-04 8.17883379e-07 -5.24752187e-07 3.66173953e-04 8.08581427e-07 -3.21698340e-08 5.83458107e-05 9.30195154e-09
0.7571642        3.30714411e-07 1.56545926e-03 8.68663118e-07 3.62546429e-07 1.50657076e-03 8.59327392e-07 -3.18320173e-08 5.88885088e-05 9.33572595e-09
0.7578284        -1.07251460e-06 1.16475822e-03 1.06967796e-06 -1.04037699e-06 1.10533661e-03 1.06022491e-06 -3.21376131e-08 5.94216125e-05 9.45304495e-09
0.7585029        -2.09602313e-07 1.54177468e-03 6.91104978e-07 -1.77502007e-07 1.48175080e-03 6.81665338e-07 -3.21003054e-08 6.00238859e-05 9.43963929e-09
0.7591775        4.27458630e-06 1.16056911e-03 -2.93501101e-07 4.30458784e-06 1.10033541e-03 -3.02520115e-07 -3.00015383e-08 6.02336997e-05 9.01901463e-09
0.7598631        -3.84514580e-06 1.13426942e-03 1.70164425e-06 -3.81390285e-06 1.07370275e-03 1.69231885e-06 -3.12429441e-08 6.05666746e-05 9.32540600e-09
0.7605603        -6.94240382e-07 8.32681512e-04 7.65449517e-07 -6.62939081e-07 7.71548184e-04 7.56136052e-07 -3.13013006e-08 6.11333276e-05 9.31346485e-09
0.7612457        3.97756595e-07 1.44022421e-03 8.51944831e-07 4.28613721e-07 1.37879425e-03 8.42671006e-07 -3.08571260e-08 6.14299610e-05 9.27382436e-09
0.7619312        -7.78195753e-07 1.63516524e-03 7.41337894e-07 -7.47324460e-07 1.57349830e-03 7.32096811e-07 -3.08712936e-08 6.16669413e-05 9.24108269e-09
0.7626166        -4.58821413e-07 1.32175830e-03 5.89076637e-07 -4.28102007e-07 1.25963837e-03 5.79887559e-07 -3.07194057e-08 6.21199285e-05 9.18907850e-09
0.76329          5.50569000e-07 1.88964430e-03 9.25489012e-07 5.80495458e-07 1.82707539e-03 9.16318258e-07 -2.99264583e-08 6.25689108e-05 9.17075315e-09
0.7639634        -9.54468415e-07 2.03502189e-03 7.74171604e-07 -9.24629636e-07 1.97200995e-03 7.65013085e-07 -2.98387788e-08 6.30119432e-05 9.15851925e-09
0.7646247        1.59085804e-08 1.40618893e-03 7.84988098e-07 4.50653624e-08 1.34292362e-03 7.75918043e-07 -2.91567819e-08 6.32653072e-05 9.07005495e-09
0.7652861        -1.76126651e-06 1.89176246e-03 9.22617890e-07 -1.73189721e-06 1.82822005e-03 9.13562692e-07 -2.93693013e-08 6.35424114e-05 9.05519833e-09
0.7659475        2.54375498e-09 2.21356964e-03 3.25539454e-07 3.15738127e-08 2.14963447e-03 3.16640284e-07 -2.90300578e-08 6.39351705e-05 8.89916973e-09
0.7665966        1.26337512e-06 1.88039368e-03 2.34665652e-07 1.29142260e-06 1.81615822e-03 2.25968749e-07 -2.80474793e-08 6.42354613e-05 8.69690310e-09
0.7672457        -2.36862380e-06 1.18667147e-03 9.78834086e-07 -2.34003336e-06 1.12222675e-03 9.70089813e-07 -2.85904421e-08 6.44447132e-05 8.74427239e-09
0.7678948        -8.36858314e-07 2.33829960e-03 8.56196550e-07 -8.08350390e-07 2.27349712e-03 8.47417319e-07 -2.85079241e-08 6.48024817e-05 8.77923174e-09
0.768544         2.41586129e-06 2.69100077e-03 3.31080074e-07 2.44289895e-06 2.62582857e-03 3.22410829e-07 -2.70376584e-08 6.51721979e-05 8.66924493e-09
0.7691803        -4.71297888e-06 1.23788004e-03 7.32997228e-07 -4.68438005e-06 1.17265270e-03 7.24239622e-07 -2.85988367e-08 6.52273343e-05 8.75760666e-09
0.7698167        -1.45739495e-06 2.25480314e-03 4.99026136e-07 -1.42868628e-06 2.18936805e-03 4.90273165e-07 -2.87086681e-08 6.54350922e-05 8.75297119e-09
0.7704531        -8.18111538e-07 3.66978610e-03 5.82164977e-07 -7.89526063e-07 3.60388343e-03 5.73402425e-07 -2.85854747e-08 6.59026668e-05 8.76255183e-09
0.7710895        -9.30398372e-07 2.76919731e-03 4.47321321e-07 -9.01743734e-07 2.70308208e-03 4.38551260e-07 -2.86546381e-08 6.61152285e-05 8.77006050e-09
0.7717127        1.06528212e-05 1.34716848e-03 -1.19306959e-06 1.06769733e-05 1.28100524e-03 -1.20122877e-06 -2.41521203e-08 6.61632416e-05 8.15918235e-09
0.7723358        -8.72619553e-07 2.20558452e-03 7.01937264e-08 -8.48357692e-07 2.13927280e-03 6.21659986e-08 -2.42618603e-08 6.63117207e-05 8.02772778e-09
0.7729589        -1.17445687e-05 2.30129420e-03 1.92077773e-06 -1.17160398e-05 2.23481753e-03 1.91231276e-06 -2.85289462e-08 6.64766673e-05 8.46497016e-09
0.7735821        -2.55652085e-06 2.07030472e-03 6.94042898e-07 -2.52745207e-06 2.00364726e-03 6.85624761e-07 -2.90687818e-08 6.66574663e-05 8.41813766e-09
0.7742052        -1.74204206e-06 2.36898234e-03 3.64371178e-07 -1.71273920e-06 2.30211839e-03 3.56102040e-07 -2.93028562e-08 6.68639467e-05 8.26913868e-09
0.7748283        -1.10134827e-06 3.10963890e-03 5.93015252e-07 -1.07213374e-06 3.04236176e-03 5.84836267e-07 -2.92145302e-08 6.72771453e-05 8.17898436e-09
0.7754515        6.94234575e-07 3.08237124e-03 3.96490995e-07 7.22542744e-07 3.01485479e-03 3.88507102e-07 -2.83081691e-08 6.75164514e-05 7.98389247e-09
0.7760598        -1.09997302e-06 2.97397390e-03 3.88820259e-07 -1.07175296e-06 2.90644783e-03 3.80996978e-07 -2.82200596e-08 6.75260682e-05 7.82328135e-09
0.7766681        -1.45149423e-07 2.70392893e-03 3.53252756e-07 -1.17406648e-07 2.63640592e-03 3.45595506e-07 -2.77427757e-08 6.75230056e-05 7.65725000e-09
0.7772764        6.86541548e-07 2.13669291e-03 -1.43410091e-08 7.13537701e-07 2.06927571e-03 -2.17675704e-08 -2.69961528e-08 6.74172029e-05 7.42656136e-09
0.7778847        4.84152338e-07 3.13068765e-03 5.27118494e-07 5.10465301e-07 3.06296847e-03 5.19759289e-07 -2.63129637e-08 6.77191762e-05 7.35920510e-09
0.778493         -1.03065967e-06 3.30029023e-03 4.73262342e-07 -1.00426780e-06 3.23221305e-03 4.66003535e-07 -2.63918755e-08 6.80771777e-05 7.25880782e-09
0.7791013        -7.97757169e-07 2.24967771e-03 6.17637546e-07 -7.71307813e-07 2.18172879e-03 6.10480070e-07 -2.64493562e-08 6.79489200e-05 7.15747548e-09
0.7797096        2.95452172e-07 2.55632056e-03 2.34689997e-07 3.21446818e-07 2.48845093e-03 2.27713175e-07 -2.59946460e-08 6.78696346e-05 6.97682166e-09
0.7803179        -3.96928805e-07 3.75967962e-03 3.37928887e-07 -3.71205349e-07 3.69158816e-03 3.31080275e-07 -2.57234556e-08 6.80914521e-05 6.84861223e-09
0.7809262        -1.66202921e-06 3.26313377e-03 3.98035543e-07 -1.63627267e-06 3.19490257e-03 3.91253656e-07 -2.57565430e-08 6.82312081e-05 6.78188697e-09
0.7815345        -3.15793474e-06 2.69368784e-03 6.89174234e-07 -3.13130727e-06 2.62536587e-03 6.82359673e-07 -2.66274659e-08 6.83219757e-05 6.81456179e-09
0.7821428        -7.99827317e-07 2.90072038e-03 5.12663618e-08 -7.73264797e-07 2.83225061e-03 4.46068273e-08 -2.65625201e-08 6.84697699e-05 6.65953450e-09
0.7827511        6.84290417e-07 3.92718712e-03 2.82181984e-07 7.10561413e-07 3.85840744e-03 2.75601866e-07 -2.62709958e-08 6.87796817e-05 6.58011803e-09
0.7833593        -6.87135527e-07 3.30394461e-03 4.53481907e-07 -6.61047317e-07 3.23518367e-03 4.46965349e-07 -2.60882104e-08 6.87609484e-05 6.51655759e-09
0.7839474        -1.24933348e-07 3.30529982e-03 2.41331172e-07 -9.92128012e-08 3.23664052e-03 2.34955586e-07 -2.57205465e-08 6.86593017e-05 6.37558675e-09
0.7845354        -7.08387970e-07 2.82137644e-03 4.48301020e-07 -6.82904351e-07 2.75281306e-03 4.42047983e-07 -2.54836186e-08 6.85633800e-05 6.25303682e-09
0.7851234        -1.64743798e-06 2.56445541e-03 2.79891747e-07 -1.62173542e-06 2.49600811e-03 2.73788539e-07 -2.57025686e-08 6.84473051e-05 6.10320749e-09
0.7857114        1.01728775e-06 3.96659079e-03 2.41041290e-07 1.04227281e-06 3.89795686e-03 2.35082680e-07 -2.49850590e-08 6.86339273e-05 5.95860986e-09
0.7862995        -1.11951609e-06 4.35120088e-03 2.48712415e-07 -1.09448674e-06 4.28237781e-03 2.42914348e-07 -2.50293512e-08 6.88230694e-05 5.79806713e-09
0.7868875        -1.09931769e-06 3.60830537e-03 4.83573035e-07 -1.07431757e-06 3.53949832e-03 4.77901894e-07 -2.50001114e-08 6.88070472e-05 5.67114073e-09
0.7874755        -1.95969407e-07 3.33997073e-03 1.37857634e-07 -1.71302346e-07 3.27116130e-03 1.32407163e-07 -2.46670612e-08 6.88094254e-05 5.45047107e-09
0.7880635        1.33017886e-06 2.71223742e-03 3.39240828e-07 1.35393434e-06 2.64351216e-03 3.33946464e-07 -2.37554868e-08 6.87252525e-05 5.29436423e-09
0.7886515        7.98330491e-07 2.86229851e-03 2.50615971e-07 8.21283682e-07 2.79365617e-03 2.45519936e-07 -2.29531906e-08 6.86423403e-05 5.09603503e-09
0.7892396        4.14779533e-06 3.24993706e-03 -1.10315544e-08 4.16863859e-06 3.18149730e-03 -1.58531012e-08 -2.08432649e-08 6.84397627e-05 4.82154684e-09
0.7898276        -1.02603492e-06 3.20017644e-03 3.49136991e-07 -1.00546198e-06 3.13180560e-03 3.44482063e-07 -2.05729384e-08 6.83708323e-05 4.65492820e-09
0.7904156        -2.54387473e-06 5.43847191e-03 7.64520942e-08 -2.52260007e-06 5.36977213e-03 7.20292133e-08 -2.12746602e-08 6.86997826e-05 4.42288088e-09
0.7910036        -2.78656667e-07 3.97765970e-03 5.20546186e-08 -2.57305120e-07 3.90890182e-03 4.77908655e-08 -2.13515469e-08 6.87578728e-05 4.26375302e-09
0.7915917        -1.35517678e-06 2.69036586e-03 3.33326105e-07 -1.33361631e-06 2.62174996e-03 3.29262534e-07 -2.15604695e-08 6.86158979e-05 4.06357116e-09
0.7921797        -1.53654368e-06 3.08031183e-03 2.18299578e-07 -1.51500509e-06 3.01180469e-03 2.14447157e-07 -2.15385951e-08 6.85071420e-05 3.85242173e-09
0.7927677        -2.26241347e-06 3.23422899e-03 4.78288793e-08 -2.24054375e-06 3.16583761e-03 4.42307942e-08 -2.18697147e-08 6.83913770e-05 3.59808509e-09
0.7933557        3.35716149e-07 3.59909615e-03 3.41130938e-07 3.56961429e-07 3.53089277e-03 3.37752444e-07 -2.12452795e-08 6.82033745e-05 3.37849364e-09
0.7939437        -1.57383869e-06 3.53755553e-03 2.59742782e-07 -1.55265624e-06 3.46965878e-03 2.56644599e-07 -2.11824494e-08 6.78967512e-05 3.09818270e-09
0.7945318        -1.47579009e-06 4.53305347e-03 1.40857725e-07 -1.45447704e-06 4.46512336e-03 1.38040340e-07 -2.13130489e-08 6.79301079e-05 2.81738528e-09
0.7951198        -4.48778334e-07 4.77589942e-03 4.66150015e-07 -4.27833328e-07 4.70789121e-03 4.63530811e-07 -2.09450061e-08 6.80082138e-05 2.61920381e-09
0.7957078        -5.07992568e-06 3.31262852e-03 4.99764898e-07 -5.05796414e-06 3.24470878e-03 4.97346116e-07 -2.19615421e-08 6.79197351e-05 2.41878183e-09
0.7962958        -7.47942034e-07 2.83787511e-03 4.16000850e-07 -7.26684473e-07 2.77004179e-03 4.13800187e-07 -2.12575606e-08 6.78333169e-05 2.20066378e-09
0.7968838        1.71484362e-06 4.65707346e-03 5.81901534e-07 1.73445462e-06 4.58938315e-03 5.79902751e-07 -1.96110049e-08 6.76903098e-05 1.99878328e-09
0.7974719        1.49499435e-06 4.37540413e-03 4.64020088e-07 1.51327423e-06 4.30787659e-03 4.62213249e-07 -1.82798790e-08 6.75275348e-05 1.80683878e-09
0.7980599        7.78431635e-07 2.30750636e-03 4.02944447e-07 7.95768826e-07 2.24020841e-03 4.01347375e-07 -1.73371912e-08 6.72979529e-05 1.59707257e-09
0.7986479        1.81861779e-06 3.04690524e-03 1.78420094e-07 1.83422996e-06 2.97974158e-03 1.77005802e-07 -1.56121763e-08 6.71636605e-05 1.41429252e-09
0.7992359        1.41995580e-06 5.19329320e-03 5.81835318e-07 1.43422656e-06 5.12610397e-03 5.80531030e-07 -1.42707515e-08 6.71892325e-05 1.30428800e-09
0.799824         2.97277748e-06 4.11613790e-03 2.61877120e-07 2.98525799e-06 4.04912826e-03 2.60697428e-07 -1.24805087e-08 6.70096436e-05 1.17969115e-09
0.800412         -2.06545922e-06 2.49103377e-03 4.62294972e-07 -2.05288909e-06 2.42454520e-03 4.61226271e-07 -1.25701263e-08 6.64885777e-05 1.06870088e-09
0.801            -2.92983345e-07 3.19684945e-03 4.29316503e-07 -2.80950086e-07 3.13059322e-03 4.28326969e-07 -1.20332588e-08 6.62562215e-05 9.89534656e-10
0.8016014        -3.92974025e-06 4.46657313e-03 -2.32730883e-08 -3.91647706e-06 4.40032478e-03 -2.40998232e-08 -1.32631925e-08 6.62483529e-05 8.26734857e-10
0.8022027        -1.90099264e-06 4.64379343e-03 2.71600884e-07 -1.88755441e-06 4.57757697e-03 2.70873559e-07 -1.34382286e-08 6.62164561e-05 7.27324802e-10
0.8028041        4.17869337e-06 4.98323524e-03 1.01240308e-06 4.18958580e-06 4.91690069e-03 1.01160504e-06 -1.08924330e-08 6.63345529e-05 7.98033116e-10
0.8034054        7.50311768e-07 3.02599437e-03 3.45103916e-07 7.60430895e-07 2.96017034e-03 3.44394114e-07 -1.01191270e-08 6.58240295e-05 7.09802296e-10
0.8040068        8.66450536e-06 2.49724225e-03 6.17203486e-07 8.67104065e-06 2.43214504e-03 6.16467575e-07 -6.53529065e-09 6.50972090e-05 7.35910222e-10
0.804617         1.45102053e-06 4.27189206e-03 3.50354351e-07 1.45673728e-06 4.20677734e-03 3.49706243e-07 -5.71675056e-09 6.51147195e-05 6.48107632e-10
0.8052271        -5.33392391e-07 4.46303006e-03 6.94851938e-08 -5.27714047e-07 4.39786388e-03 6.89541636e-08 -5.67834408e-09 6.51661786e-05 5.31030178e-10
0.8058373        -4.01551314e-06 4.51305369e-03 2.55002862e-08 -4.00862182e-06 4.44817341e-03 2.51900896e-08 -6.89132616e-09 6.48802736e-05 3.10196597e-10
0.8064475        4.45798173e-07 4.03708138e-03 1.44580303e-07 4.52248558e-07 3.97252199e-03 1.44424178e-07 -6.45038582e-09 6.45593956e-05 1.56124996e-10
0.8070577        -8.30467736e-07 1.97556076e-03 5.18598486e-07 -8.23531942e-07 1.91169768e-03 5.18478585e-07 -6.93579357e-09 6.38630798e-05 1.19900638e-10
0.8076679        -1.09192770e-06 2.80520884e-03 3.32648429e-07 -1.08392947e-06 2.74175728e-03 3.32531059e-07 -7.99822665e-09 6.34515578e-05 1.17370013e-10
0.8082881        -3.63590476e-06 4.24949118e-03 2.33898457e-07 -3.62599474e-06 4.18610997e-03 2.33830178e-07 -9.91001860e-09 6.33812128e-05 6.82787683e-11
0.8089083        -6.81710576e-06 3.84638059e-03 3.46695568e-08 -6.80423578e-06 3.78325116e-03 3.47284172e-08 -1.28699794e-08 6.31294356e-05 -5.88603253e-11
0.8095285        1.47062204e-06 4.05218529e-03 5.95546222e-07 1.48296889e-06 3.98929539e-03 5.95484909e-07 -1.23468432e-08 6.28898959e-05 6.13132659e-11
0.8101487        -1.41161245e-06 3.78971738e-03 4.15513338e-07 -1.39895988e-06 3.72724952e-03 4.15394954e-07 -1.26525656e-08 6.24678636e-05 1.18383966e-10
0.8107689        -1.31638964e-05 3.87871884e-03 8.79941654e-07 -1.31465091e-05 3.81669632e-03 8.79812396e-07 -1.73872569e-08 6.20225170e-05 1.29258189e-10
0.8113891        3.02888524e-06 3.40898364e-03 1.27079099e-07 3.04506022e-06 3.34732417e-03 1.26966744e-07 -1.61749802e-08 6.16594718e-05 1.12355113e-10
0.8120208        8.86963677e-07 3.44494748e-03 4.78162949e-07 9.02721330e-07 3.38365327e-03 4.78006480e-07 -1.57576536e-08 6.12942089e-05 1.56469288e-10
0.8126525        3.90866163e-06 3.22284808e-03 5.88252614e-07 3.92307590e-06 3.16198040e-03 5.87991563e-07 -1.44142611e-08 6.08676841e-05 2.61050396e-10
0.8132842        -2.28462686e-06 3.37770136e-03 2.99251015e-07 -2.26936257e-06 3.31725106e-03 2.99064920e-07 -1.52642886e-08 6.04502967e-05 1.86095705e-10
0.8139158        -9.72512358e-09 4.28350669e-03 3.86457600e-07 5.31615078e-09 4.22353156e-03 3.86343534e-07 -1.50412744e-08 5.99751297e-05 1.14066285e-10
0.8145475        -2.08650325e-07 3.69756343e-03 5.02799149e-07 -1.94070480e-07 3.63794187e-03 5.02743482e-07 -1.45798442e-08 5.96215662e-05 5.56665516e-11
0.8151924        3.42145406e-06 3.53519447e-03 1.37158855e-06 3.43398170e-06 3.47585678e-03 1.37131762e-06 -1.25276398e-08 5.93376826e-05 2.70931615e-10
0.8158372        -8.89815042e-07 2.59331662e-03 7.11540272e-08 -8.77045622e-07 2.53472570e-03 7.10433955e-08 -1.27694207e-08 5.85909270e-05 1.10631684e-10
0.8164821        5.87834319e-07 2.74700481e-03 4.64461248e-07 5.99965814e-07 2.68905018e-03 4.64447181e-07 -1.21314950e-08 5.79546306e-05 1.40662647e-11
0.8171416        -1.17650736e-06 4.48885579e-03 3.02946551e-07 -1.16421190e-06 4.43110230e-03 3.03085280e-07 -1.22954682e-08 5.77534967e-05 -1.38728709e-10
0.8178011        -2.27149592e-07 3.37894350e-03 4.17901910e-07 -2.14924163e-07 3.32164381e-03 4.18126994e-07 -1.22254294e-08 5.72996850e-05 -2.25084474e-10
0.8184606        3.51888789e-07 2.66273079e-03 6.34449413e-07 3.63788250e-07 2.60599830e-03 6.34711749e-07 -1.18994609e-08 5.67324910e-05 -2.62335399e-10
0.8191201        -2.66750651e-06 2.70608184e-03 8.79572606e-08 -2.65447072e-06 2.64999371e-03 8.85339987e-08 -1.30357920e-08 5.60881313e-05 -5.76738061e-10
0.8197796        2.22391874e-06 2.59050155e-03 6.70499885e-07 2.23599045e-06 2.53502912e-03 6.71106451e-07 -1.20717124e-08 5.54724305e-05 -6.06565999e-10
0.8204564        2.83319801e-07 4.80012010e-03 3.36262201e-07 2.95315076e-07 4.74468267e-03 3.36999483e-07 -1.19952754e-08 5.54374314e-05 -7.37282237e-10
0.8211333        1.62447553e-07 3.33249391e-03 4.03466929e-07 1.74210953e-07 3.27758809e-03 4.04306308e-07 -1.17634005e-08 5.49058181e-05 -8.39379596e-10
0.8218101        -7.16285941e-07 1.64776554e-03 3.03277163e-07 -7.04426238e-07 1.59383971e-03 3.04265821e-07 -1.18597032e-08 5.39258277e-05 -9.88657975e-10
0.822487         3.24616059e-07 2.53143416e-03 2.74316591e-07 3.35899458e-07 2.47809551e-03 2.75442355e-07 -1.12833992e-08 5.33386417e-05 -1.12576334e-09
0.8231843        2.37993713e-07 2.88976739e-03 3.89928822e-07 2.49065258e-07 2.83700987e-03 3.91154346e-07 -1.10715455e-08 5.27575220e-05 -1.22552350e-09
0.8238817        -1.80045602e-07 2.70924052e-03 2.68723596e-07 -1.69072564e-07 2.65722827e-03 2.70058575e-07 -1.09730383e-08 5.20122485e-05 -1.33497863e-09
0.8245791        -1.48911331e-07 2.72630837e-03 4.51999231e-07 -1.38309370e-07 2.67491036e-03 4.53402281e-07 -1.06019616e-08 5.13980072e-05 -1.40304962e-09
0.8252764        -5.30117597e-07 2.56823381e-03 3.79285883e-07 -5.19582532e-07 2.51737539e-03 3.80797551e-07 -1.05350648e-08 5.08584238e-05 -1.51166791e-09
0.8259738        9.26788385e-06 2.66203827e-03 1.96031943e-06 9.27397009e-06 2.61191558e-03 1.96127586e-06 -6.08623765e-09 5.01226952e-05 -9.56428282e-10
0.826697         -6.67457793e-06 2.34150465e-03 -1.00888442e-06 -6.66541360e-06 2.29210946e-03 -1.00730310e-06 -9.16433199e-09 4.93951898e-05 -1.58131690e-09
0.8274202        -8.26853056e-06 1.94892666e-03 -4.03246498e-07 -8.25575016e-06 1.90021714e-03 -4.01194762e-07 -1.27803946e-08 4.87095166e-05 -2.05173576e-09
0.8281434        6.99150898e-06 1.96957481e-03 1.01260417e-06 7.00096959e-06 1.92162287e-03 1.01433431e-06 -9.46061379e-09 4.79519360e-05 -1.73013573e-09
0.8288666        2.46315297e-06 1.70438573e-03 6.18136644e-07 2.47133871e-06 1.65719652e-03 6.19737256e-07 -8.18574482e-09 4.71892163e-05 -1.60061217e-09
0.8296226        3.01798930e-06 1.63821055e-03 6.56499690e-07 3.02469540e-06 1.59187564e-03 6.57893695e-07 -6.70610096e-09 4.63349049e-05 -1.39400533e-09
0.8303787        2.37738944e-06 2.78388811e-03 4.80821966e-07 2.38302793e-06 2.73815334e-03 4.82060657e-07 -5.63848949e-09 4.57347758e-05 -1.23869155e-09
0.8311348        -6.30026305e-06 2.08422855e-03 -3.31277011e-08 -6.29167137e-06 2.03929157e-03 -3.16359214e-08 -8.59167977e-09 4.49369782e-05 -1.49177971e-09
0.8318908        6.96379111e-06 9.97244046e-04 1.19935571e-06 6.96906231e-06 9.53495564e-04 1.20033022e-06 -5.27119924e-09 4.37484820e-05 -9.74515515e-10
0.8326914        -2.07170938e-06 1.95896475e-03 -1.11717952e-07 -2.06506503e-06 1.91620050e-03 -1.10548582e-07 -6.64434124e-09 4.27642523e-05 -1.16937065e-09
0.8334919        2.91079334e-06 1.73738887e-03 1.41329941e-06 2.91568723e-06 1.69548754e-03 1.41394265e-06 -4.89388300e-09 4.19013349e-05 -6.43239671e-10
0.8342924        -3.87273389e-06 1.41744613e-03 -9.40587110e-07 -3.86519262e-06 1.37620296e-03 -9.39380270e-07 -7.54127097e-09 4.12431662e-05 -1.20684019e-09
0.835093         -8.19289596e-07 1.96742733e-03 1.54051538e-07 -8.11023997e-07 1.92718683e-03 1.55326619e-07 -8.26559863e-09 4.02404976e-05 -1.27508066e-09
0.8358935        -1.45618539e-06 1.09863229e-03 -1.62995535e-07 -1.44694875e-06 1.05946518e-03 -1.61543644e-07 -9.23664073e-09 3.91671047e-05 -1.45189136e-09
0.8366941        2.02721448e-06 9.38983797e-04 8.48461637e-07 2.03566261e-06 9.00866580e-04 8.49645450e-07 -8.44812800e-09 3.81172171e-05 -1.18381248e-09
0.8374946        1.40676928e-06 1.29249205e-03 7.98973988e-07 1.41459998e-06 1.25527619e-03 7.99909943e-07 -7.83069761e-09 3.72158590e-05 -9.35955064e-10
0.8382951        -2.72679422e-06 1.05421199e-03 -2.40801223e-07 -2.71717494e-06 1.01802567e-03 -2.39652184e-07 -9.61927770e-09 3.61863138e-05 -1.14903900e-09
0.8390957        -8.53381136e-07 6.11246382e-04 1.14354996e-07 -8.42989784e-07 5.76259237e-04 1.15567102e-07 -1.03913521e-08 3.49871454e-05 -1.21210598e-09
0.8400106        -6.24160728e-07 4.27397778e-04 2.28836187e-07 -6.13024823e-07 3.93745293e-04 2.30083694e-07 -1.11359048e-08 3.36524851e-05 -1.24750718e-09
0.8409255        6.98020981e-07 1.46087607e-03 5.71529280e-07 7.09252262e-07 1.42810661e-03 5.72700115e-07 -1.12312803e-08 3.27694621e-05 -1.17083545e-09
0.8418404        -3.46504033e-07 4.42587703e-04 2.33834285e-07 -3.35122408e-07 4.11373730e-04 2.35114926e-07 -1.13816246e-08 3.12139725e-05 -1.28064058e-09
0.8427553        7.44774709e-07 1.14136486e-03 5.79024046e-07 7.55351049e-07 1.11116723e-03 5.80207972e-07 -1.05763403e-08 3.01976266e-05 -1.18392607e-09
0.8436702        -1.45009528e-07 8.73803608e-04 3.99425642e-07 -1.34401646e-07 8.44787552e-04 4.00678268e-07 -1.06078815e-08 2.90160557e-05 -1.25262597e-09
0.8445851        -9.58335970e-07 4.34753486e-04 2.02522812e-07 -9.47047082e-07 4.07156155e-04 2.04008435e-07 -1.12888883e-08 2.75973315e-05 -1.48562297e-09
0.8455           1.05390108e-06 1.90722908e-04 7.06848823e-07 1.06478856e-06 1.64586022e-04 7.08314296e-07 -1.08874825e-08 2.61368861e-05 -1.46547307e-09
0.8464468        1.54487133e-07 -1.36406998e-03 5.58189262e-07 1.65534830e-07 -1.38837882e-03 5.59765984e-07 -1.10476970e-08 2.43088311e-05 -1.57672190e-09
0.8474147        5.77421059e-07 1.71502887e-03 5.87108660e-07 5.88463555e-07 1.69159995e-03 5.88759570e-07 -1.10424964e-08 2.34289184e-05 -1.65090964e-09
0.848405         2.10683598e-07 -6.60498329e-04 6.00781872e-07 2.21678403e-07 -6.82164596e-04 6.02501880e-07 -1.09948052e-08 2.16662672e-05 -1.72000797e-09
0.8494195        -1.88597891e-06 -8.55946187e-04 2.75427521e-07 -1.87339559e-06 -8.76011241e-04 2.77510110e-07 -1.25833287e-08 2.00650543e-05 -2.08258850e-09
0.850434         1.69359189e-06 -1.40519178e-04 8.75043626e-07 1.70534685e-06 -1.59008858e-04 8.77075682e-07 -1.17549623e-08 1.84896805e-05 -2.03205612e-09
0.8514752        2.95922714e-06 -5.38740494e-04 1.42474521e-06 2.96893216e-06 -5.55497702e-04 1.42640342e-06 -9.70502165e-09 1.67572074e-05 -1.65820917e-09
0.8525165        4.37242237e-06 -9.16582581e-04 1.90584833e-06 4.37883937e-06 -9.31692452e-04 1.90684224e-06 -6.41699744e-09 1.51098708e-05 -9.93909206e-10
0.8535874        -1.52486058e-06 -3.52553529e-05 3.73886825e-09 -1.51731264e-06 -4.87291461e-05 5.16974309e-09 -7.54794566e-09 1.34737932e-05 -1.43087484e-09
0.8546584        -4.67434353e-07 -1.32395740e-03 5.62072932e-07 -4.59623400e-07 -1.33565423e-03 5.63671693e-07 -7.81095347e-09 1.16968210e-05 -1.59876094e-09
0.8557293        2.94246923e-06 -2.04525032e-03 1.81830507e-06 2.94789611e-06 -2.05469747e-03 1.81938493e-06 -5.42687247e-09 9.44715123e-06 -1.07985704e-09
0.8568348        -1.66992072e-06 1.75298844e-04 -2.49683592e-07 -1.66257998e-06 1.67119160e-04 -2.47889844e-07 -7.34073688e-09 8.17968416e-06 -1.79374728e-09
0.8579047        -2.76849518e-06 -1.96719802e-03 -1.10657434e-08 -2.75941239e-06 -1.97329269e-03 -8.67421586e-09 -9.08278928e-09 6.09467082e-06 -2.39152750e-09
0.8589745        -2.37628115e-06 -2.43599741e-03 1.19636801e-07 -2.36603934e-06 -2.43985490e-03 1.22534013e-07 -1.02418072e-08 3.85749278e-06 -2.89721195e-09
0.8600444        2.46215349e-06 -8.61477122e-04 1.40837210e-06 2.47000494e-06 -8.63689908e-04 1.41086522e-06 -7.85144664e-09 2.21278551e-06 -2.49311921e-09
0.8611142        -3.24927807e-06 -9.35375893e-04 -2.53581523e-07 -3.23988405e-06 -9.36147038e-04 -2.50450904e-07 -9.39401495e-09 7.71145887e-07 -3.13061944e-09
0.8621841        -1.47662591e-06 -3.30475904e-03 3.45150479e-07 -1.46753320e-06 -3.30282012e-03 3.48501585e-07 -9.09271269e-09 -1.93892269e-06 -3.35110571e-09
0.8632143        1.04150642e-06 -9.29000187e-04 8.06603681e-07 1.04862332e-06 -9.25829744e-04 8.09828903e-07 -7.11690644e-09 -3.17044247e-06 -3.22522135e-09
0.8642445        -7.42402145e-06 -2.54919874e-03 -7.88806645e-07 -7.41378944e-06 -2.54351166e-03 -7.84590857e-07 -1.02320040e-08 -5.68708334e-06 -4.21578789e-09
0.8652747        3.62229181e-06 -1.69800398e-03 1.52933289e-06 3.62823836e-06 -1.69106649e-03 1.53291517e-06 -5.94655554e-09 -6.93749679e-06 -3.58228205e-09
0.8663049        -5.65971269e-07 -3.32407394e-03 6.24166477e-07 -5.61416664e-07 -3.31469004e-03 6.27787129e-07 -4.55460478e-09 -9.38390189e-06 -3.62065155e-09
0.8673352        -1.02139746e-06 -8.34138463e-04 4.88934885e-07 -1.01896824e-06 -8.23433831e-04 4.92485237e-07 -2.42921203e-09 -1.07046318e-05 -3.55035248e-09
0.8683654        -9.98050966e-07 -2.83507268e-03 4.65992782e-07 -9.98178839e-07 -2.82226024e-03 4.69408144e-07 1.27873066e-10 -1.28124418e-05 -3.41536173e-09
0.8693956        -1.09304543e-06 -3.60949003e-03 5.02447823e-07 -1.09604718e-06 -3.59429741e-03 5.05682520e-07 3.00175199e-09 -1.51926195e-05 -3.23469705e-09
0.8704258        -9.32637852e-07 -2.21579134e-03 4.98779334e-07 -9.38707592e-07 -2.19887435e-03 5.01794819e-07 6.06973970e-09 -1.69169885e-05 -3.01548515e-09
0.871456         6.28949594e-07 -2.12959148e-03 1.00204628e-06 6.18528929e-07 -2.11101275e-03 1.00447790e-06 1.04206649e-08 -1.85787262e-05 -2.43162170e-09
0.8724863        -7.70094234e-07 -2.69152446e-03 5.68784850e-07 -7.84089679e-07 -2.67094594e-03 5.70901724e-07 1.39954450e-08 -2.05785202e-05 -2.11687372e-09
0.8735165        -1.15517758e-06 -2.97525518e-03 4.58182838e-07 -1.17289376e-06 -2.95267428e-03 4.60019333e-07 1.77161848e-08 -2.25809005e-05 -1.83649473e-09
0.8745467        -1.72690322e-06 -3.36325750e-03 2.56105429e-07 -1.74836092e-06 -3.33869684e-03 2.57738555e-07 2.14576959e-08 -2.45606624e-05 -1.63312601e-09
0.8755125        -1.22808026e-06 -2.14086624e-03 4.92867970e-07 -1.25349224e-06 -2.11459298e-03 4.94129434e-07 2.54119813e-08 -2.62732641e-05 -1.26146364e-09
0.8764784        1.12075914e-06 -4.66581974e-03 1.19705246e-06 1.08961511e-06 -4.63749999e-03 1.19746397e-06 3.11440235e-08 -2.83197545e-05 -4.11507521e-10
0.8774442        -5.06319630e-07 -2.18865889e-03 5.69363802e-07 -5.41862125e-07 -2.15875720e-03 5.69266020e-07 3.55424953e-08 -2.99016937e-05 9.77818250e-11
0.87841          1.76590117e-07 -2.96136767e-03 8.38273999e-07 1.36061511e-07 -2.92976593e-03 8.37488009e-07 4.05286061e-08 -3.16017398e-05 7.85990200e-10
0.8793759        -1.24841177e-06 -3.90238132e-03 3.31268627e-07 -1.29305330e-06 -3.86872374e-03 3.30065571e-07 4.46415367e-08 -3.36575739e-05 1.20305616e-09
0.8803417        -1.04064050e-06 -3.09326438e-03 3.26800407e-07 -1.08953570e-06 -3.05792672e-03 3.25152707e-07 4.88951999e-08 -3.53376676e-05 1.64770019e-09
0.8813075        -5.26388237e-07 -2.66877579e-03 4.28735203e-07 -5.80143470e-07 -2.63207129e-03 4.26517102e-07 5.37552329e-08 -3.67045059e-05 2.21810067e-09
0.8822733        -9.25225153e-07 -4.70980079e-03 3.33787820e-07 -9.83415910e-07 -4.67089371e-03 3.31054301e-07 5.81907569e-08 -3.89070844e-05 2.73351862e-09
0.8832392        -7.10542306e-07 -3.07388649e-03 3.79932453e-07 -7.73063377e-07 -3.03345345e-03 3.76630603e-07 6.25210712e-08 -4.04330393e-05 3.30185048e-09
0.884205         -6.78319613e-07 -4.02374797e-03 3.79721496e-07 -7.45184817e-07 -3.98164841e-03 3.75836163e-07 6.68652038e-08 -4.20995639e-05 3.88533285e-09
0.8851708        -2.93198084e-07 -3.22802758e-03 4.95949425e-07 -3.64494888e-07 -3.18442588e-03 4.91413985e-07 7.12968045e-08 -4.36016973e-05 4.53543954e-09
0.8861367        -5.41381247e-07 -3.89983508e-03 4.16766992e-07 -6.16761004e-07 -3.85439647e-03 4.11636812e-07 7.53797568e-08 -4.54386081e-05 5.13018009e-09
0.8871025        -1.45435210e-07 -4.27719110e-03 5.33756051e-07 -2.24855789e-07 -4.23001056e-03 5.27977898e-07 7.94205787e-08 -4.71805329e-05 5.77815238e-09
0.8880683        -2.69101841e-07 -3.98502701e-03 5.02741360e-07 -3.52131377e-07 -3.93637026e-03 4.96358648e-07 8.30295361e-08 -4.86567537e-05 6.38271201e-09
0.8890342        -1.56537538e-07 -3.64280193e-03 5.28082489e-07 -2.42898631e-07 -3.59271343e-03 5.21159077e-07 8.63610931e-08 -5.00884955e-05 6.92341216e-09
0.89             -1.33843442e-07 -4.43215036e-03 5.25690359e-07 -2.23683133e-07 -4.38055419e-03 5.18193316e-07 8.98396905e-08 -5.15961648e-05 7.49704248e-09
0.8908396        5.93453295e-08 -2.96614926e-03 5.71099896e-07 -3.35515051e-08 -2.91394875e-03 5.63077898e-07 9.28968345e-08 -5.22005101e-05 8.02199778e-09
0.8916481        7.65897318e-10 -4.92421545e-03 5.62574459e-07 -9.48109989e-08 -4.87139530e-03 5.54076227e-07 9.55768962e-08 -5.28201490e-05 8.49823136e-09
0.8924417        2.32642238e-07 -3.38635938e-03 6.11682280e-07 1.34496522e-07 -3.33347084e-03 6.02696550e-07 9.81457163e-08 -5.28885324e-05 8.98573013e-09
0.8932353        3.48759742e-07 -1.25805515e-03 6.16107023e-07 2.48211464e-07 -1.20562053e-03 6.06636603e-07 1.00548278e-07 -5.24346194e-05 9.47041981e-09
0.8940138        2.99349481e-07 -3.27899913e-03 6.03061124e-07 1.96450100e-07 -3.22672071e-03 5.93136705e-07 1.02899381e-07 -5.22784238e-05 9.92441898e-09
0.8947924        1.63245311e-07 -3.26049312e-03 6.83700937e-07 5.78128500e-08 -3.20795253e-03 6.73188727e-07 1.05432461e-07 -5.25405845e-05 1.05122098e-08
0.895556         5.79343309e-07 -3.34231585e-03 5.55197952e-07 4.71544629e-07 -3.28942685e-03 5.44218636e-07 1.07798679e-07 -5.28890054e-05 1.09793160e-08
0.8963196        5.13817658e-07 -3.41410327e-03 6.14703373e-07 4.03836609e-07 -3.36143432e-03 6.03247479e-07 1.09981050e-07 -5.26689489e-05 1.14558942e-08
0.8970832        5.58034679e-07 -2.58913929e-03 6.21559569e-07 4.46003739e-07 -2.53646659e-03 6.09641249e-07 1.12030941e-07 -5.26726944e-05 1.19183204e-08
0.8978468        -1.33780766e-06 -2.93838154e-03 2.01676076e-07 -1.45094027e-06 -2.88558792e-03 1.89529838e-07 1.13132606e-07 -5.27936204e-05 1.21462380e-08
0.8986105        2.39938644e-06 -4.57473392e-03 1.09259810e-06 2.28328476e-06 -4.52166796e-03 1.07973030e-06 1.16101681e-07 -5.30659548e-05 1.28678007e-08
0.8993582        5.29841443e-07 -2.83616090e-03 4.75121930e-07 4.12066113e-07 -2.78302022e-03 4.61878955e-07 1.17775330e-07 -5.31406843e-05 1.32429747e-08
0.9001058        9.87282031e-07 -2.92546922e-03 6.61175547e-07 8.67720206e-07 -2.87231687e-03 6.47492496e-07 1.19561825e-07 -5.31523428e-05 1.36830514e-08
0.9008535        1.64365745e-06 -3.70047019e-03 8.25455003e-07 1.52212107e-06 -3.64744312e-03 8.11265718e-07 1.21536380e-07 -5.30270699e-05 1.41892850e-08
0.901585         4.86059268e-08 -2.74120336e-03 3.59685257e-07 -7.38462072e-08 -2.68811443e-03 3.45276914e-07 1.22452134e-07 -5.30889234e-05 1.44083426e-08
0.9023164        1.11686815e-06 -3.27989523e-03 6.24017142e-07 9.93050606e-07 -3.22665261e-03 6.09249778e-07 1.23817542e-07 -5.32426238e-05 1.47673637e-08
0.9030479        2.02659325e-06 -4.87407258e-03 8.78499397e-07 1.90093308e-06 -4.82052447e-03 8.63210122e-07 1.25660163e-07 -5.35481106e-05 1.52892750e-08
0.9037793        2.43591245e-06 -2.98476630e-03 8.46993511e-07 2.30844461e-06 -2.93115461e-03 8.31228884e-07 1.27467840e-07 -5.36116890e-05 1.57646262e-08
0.9045108        2.43422315e-07 -3.06673620e-03 3.83722787e-07 1.15341503e-07 -3.01301492e-03 3.67740283e-07 1.28080812e-07 -5.37212816e-05 1.59825039e-08
0.9052422        1.66394400e-06 -3.81842174e-03 6.92706922e-07 1.53478756e-06 -3.76447080e-03 6.76395430e-07 1.29156444e-07 -5.39509351e-05 1.63114927e-08
0.9059737        1.77483259e-06 -3.85736668e-03 6.66164801e-07 1.64476924e-06 -3.80344387e-03 6.49546571e-07 1.30063353e-07 -5.39228148e-05 1.66182302e-08
0.9067051        2.12025866e-06 -3.68978564e-03 6.86628949e-07 1.98932423e-06 -3.63588337e-03 6.69699855e-07 1.30934425e-07 -5.39022655e-05 1.69290942e-08
0.9074365        2.28903500e-06 -2.67169496e-03 7.02814381e-07 2.15736015e-06 -2.61768814e-03 6.85588735e-07 1.31674852e-07 -5.40068131e-05 1.72256462e-08
0.908168         2.16054770e-06 -4.49773261e-03 6.93128807e-07 2.02818459e-06 -4.44344021e-03 6.75607389e-07 1.32363110e-07 -5.42924005e-05 1.75214184e-08
0.9088994        2.37218769e-06 -4.59114963e-03 6.96938992e-07 2.23929810e-06 -4.53659962e-03 6.79153152e-07 1.32889585e-07 -5.45500081e-05 1.77858393e-08
0.9096309        2.24082560e-06 -3.21684069e-03 5.51890895e-07 2.10781710e-06 -3.16212472e-03 5.33948448e-07 1.33008500e-07 -5.47159687e-05 1.79424467e-08
0.9103623        2.38862032e-06 -3.30515558e-03 6.67876368e-07 2.25547568e-06 -3.25050186e-03 6.49760582e-07 1.33144642e-07 -5.46537208e-05 1.81157860e-08
0.9110723        2.67007357e-06 -3.40533501e-03 5.77403871e-07 2.53688946e-06 -3.35074888e-03 5.59172869e-07 1.33184112e-07 -5.45861258e-05 1.82310012e-08
0.9117822        1.43404250e-06 -5.34678161e-03 5.29909311e-07 1.30136006e-06 -5.29179887e-03 5.11638711e-07 1.32682440e-07 -5.49827456e-05 1.82705999e-08
0.9124921        2.57061865e-06 -3.83065160e-03 6.71165539e-07 2.43817920e-06 -3.77552575e-03 6.52827191e-07 1.32439446e-07 -5.51258535e-05 1.83383481e-08
0.9132021        2.26916351e-06 -3.10981296e-03 4.42103371e-07 2.13734349e-06 -3.05459705e-03 4.23831443e-07 1.31820028e-07 -5.52159110e-05 1.82719272e-08
0.913912         2.81710681e-06 -5.33617932e-03 6.81340835e-07 2.68571732e-06 -5.28061931e-03 6.63078709e-07 1.31389486e-07 -5.55600124e-05 1.82621260e-08
0.9146219        2.82963536e-06 -3.79524394e-03 6.56658124e-07 2.69897139e-06 -3.73967321e-03 6.38472325e-07 1.30663967e-07 -5.55707309e-05 1.81857982e-08
0.9153318        3.58878896e-06 -2.10320248e-03 8.24634169e-07 3.45876463e-06 -2.04792204e-03 8.06492237e-07 1.30024323e-07 -5.52804441e-05 1.81419316e-08
0.9160164        3.40576631e-06 -4.07294524e-03 7.68108453e-07 3.27655342e-06 -4.01745024e-03 7.50056879e-07 1.29212893e-07 -5.54950039e-05 1.80515738e-08
0.916701         3.55989844e-06 -4.42115698e-03 7.97088936e-07 3.43153551e-06 -4.36544078e-03 7.79117591e-07 1.28362932e-07 -5.57161969e-05 1.79713450e-08
0.9173856        3.61455781e-06 -5.40585477e-03 7.78665016e-07 3.48718460e-06 -5.34985769e-03 7.60821919e-07 1.27373215e-07 -5.59970883e-05 1.78430975e-08
0.9180702        1.36705011e-06 -4.00665541e-03 3.02931179e-07 1.24183801e-06 -3.95051668e-03 2.85471245e-07 1.25212096e-07 -5.61387339e-05 1.74599344e-08
0.9187547        6.36448542e-06 -3.52078771e-03 1.29048852e-06 6.23941578e-06 -3.46452813e-03 1.27297001e-06 1.25069643e-07 -5.62595840e-05 1.75185043e-08
0.9194393        4.31616208e-06 -3.46519759e-03 8.50167238e-07 4.19226457e-06 -3.40911340e-03 8.32817269e-07 1.23897505e-07 -5.60841911e-05 1.73499689e-08
0.9201239        4.23798712e-06 -4.19815764e-03 8.44540253e-07 4.11538106e-06 -4.14200901e-03 8.27375311e-07 1.22606060e-07 -5.61486327e-05 1.71649419e-08
0.9208085        3.47496152e-06 -5.57084964e-03 5.81013217e-07 3.35408107e-06 -5.51437349e-03 5.64148227e-07 1.20880456e-07 -5.64761474e-05 1.68649897e-08
0.921493         4.52141051e-06 -3.97358161e-03 7.95605083e-07 4.40187940e-06 -3.91697934e-03 7.78944376e-07 1.19531113e-07 -5.66022630e-05 1.66607064e-08
0.9221776        4.47936627e-06 -3.73112024e-03 8.40377292e-07 4.36114387e-06 -3.67437983e-03 8.23892507e-07 1.18222391e-07 -5.67404181e-05 1.64847851e-08
0.9228622        3.81692875e-06 -4.73858799e-03 6.01045452e-07 3.70043224e-06 -4.68158972e-03 5.84845859e-07 1.16496508e-07 -5.69982718e-05 1.61995930e-08
0.9235468        4.70273994e-06 -4.00582027e-03 8.13984147e-07 4.58760146e-06 -3.94881030e-03 7.97975180e-07 1.15138485e-07 -5.70099716e-05 1.60089665e-08
0.9242313        4.75258926e-06 -3.42951724e-03 6.98697697e-07 4.63875164e-06 -3.37267632e-03 6.82884032e-07 1.13837620e-07 -5.68409205e-05 1.58136647e-08
0.9249159        4.28631396e-06 -5.46330945e-03 6.07700506e-07 4.17380761e-06 -5.40612822e-03 5.92084455e-07 1.12506351e-07 -5.71812338e-05 1.56160512e-08
0.9256005        4.00978187e-06 -5.10697474e-03 4.55032031e-07 3.89867033e-06 -5.04953570e-03 4.39635427e-07 1.11111533e-07 -5.74390346e-05 1.53966036e-08
0.9262851        4.41966860e-06 -3.63217670e-03 5.83290270e-07 4.30978237e-06 -3.57459489e-03 5.68038809e-07 1.09886229e-07 -5.75818102e-05 1.52514613e-08
0.9269697        4.85112667e-06 -3.68417303e-03 6.82098605e-07 4.74229366e-06 -3.62664533e-03 6.66931186e-07 1.08833012e-07 -5.75276992e-05 1.51674187e-08
0.9276542        4.58904878e-06 -3.68967068e-03 6.02474077e-07 4.48136971e-06 -3.63226070e-03 5.87403282e-07 1.07679076e-07 -5.74099824e-05 1.50707959e-08
0.9283388        4.01092413e-06 -4.63944433e-03 4.38926118e-07 3.90450342e-06 -4.58174172e-03 4.23978874e-07 1.06420716e-07 -5.77026025e-05 1.49472435e-08
0.9290234        3.72050139e-06 -5.00182515e-03 3.32415402e-07 3.61557144e-06 -4.94386023e-03 3.17638162e-07 1.04929945e-07 -5.79649206e-05 1.47772399e-08
0.929708         9.20703886e-06 -5.79895090e-03 2.57630788e-06 9.10076238e-06 -5.74066862e-03 2.56085184e-06 1.06276486e-07 -5.82822840e-05 1.54560445e-08
0.9303925        -2.70023348e-07 -3.07306983e-03 -1.45102015e-06 -3.72376704e-07 -3.01498715e-03 -1.46558714e-06 1.02353356e-07 -5.80826810e-05 1.45669898e-08
0.9310771        3.50731449e-06 -3.04772589e-03 1.94451725e-07 3.40679893e-06 -2.98974542e-03 1.80116807e-07 1.00515563e-07 -5.79804721e-05 1.43349173e-08
0.9317617        2.96678395e-06 -6.37417955e-03 7.50468961e-08 2.86819577e-06 -6.31535209e-03 6.09784360e-08 9.85881810e-08 -5.88274608e-05 1.40684601e-08
0.9324463        3.29333205e-06 -4.16524473e-03 2.34746129e-07 3.19657342e-06 -4.10646603e-03 2.20913392e-07 9.67586325e-08 -5.87786988e-05 1.38327379e-08
0.9331308        2.16395574e-06 -2.57322860e-03 4.69390077e-08 2.06941654e-06 -2.51506079e-03 3.34210011e-08 9.45391990e-08 -5.81678130e-05 1.35180066e-08
0.9338154        4.39259106e-06 -5.88511506e-03 4.84384503e-07 4.29912764e-06 -5.82624719e-03 4.70948216e-07 9.34634170e-08 -5.88678709e-05 1.34362870e-08
0.9345           3.07556637e-06 -5.74166682e-03 2.65071659e-07 2.98362099e-06 -5.68233449e-03 2.51789773e-07 9.19453808e-08 -5.93323330e-05 1.32818853e-08
0.9352177        4.29695594e-06 -4.99363951e-03 4.32691624e-07 4.20590576e-06 -4.93442533e-03 4.19444362e-07 9.10501827e-08 -5.92141784e-05 1.32472613e-08
0.9359355        4.17676868e-06 -4.18804990e-03 -1.24887335e-07 4.08694249e-06 -4.12869558e-03 -1.37943199e-07 8.98261867e-08 -5.93543190e-05 1.30558644e-08
0.9366532        3.63810774e-06 -4.05427386e-03 7.80843701e-07 3.54887904e-06 -3.99474458e-03 7.67643862e-07 8.92286987e-08 -5.95292809e-05 1.31998392e-08
0.937371         2.95081767e-06 -3.99949265e-03 1.20525226e-07 2.86263803e-06 -3.94008258e-03 1.07379981e-07 8.81796462e-08 -5.94100753e-05 1.31452452e-08
0.9381013        3.00443632e-06 -5.24589557e-03 8.89431279e-08 2.91725245e-06 -5.18605163e-03 7.58434782e-08 8.71838729e-08 -5.98439454e-05 1.30996497e-08
0.9388316        8.42401673e-07 -5.76596863e-03 -3.70005171e-07 7.57180276e-07 -5.70551513e-03 -3.82842693e-07 8.52213973e-08 -6.04535033e-05 1.28375222e-08
0.939562         1.96995438e-06 -2.78367865e-03 -1.93010842e-07 1.88599577e-06 -2.72383751e-03 -2.05731548e-07 8.39586096e-08 -5.98411421e-05 1.27207055e-08
0.9402923        4.73449702e-06 -4.79775961e-03 5.04920062e-07 4.65041662e-06 -4.73763131e-03 4.91970162e-07 8.40803944e-08 -6.01282959e-05 1.29499004e-08
0.9410367        2.91430240e-07 -6.12252558e-03 -5.52854159e-07 2.09370231e-07 -6.06162419e-03 -5.65559763e-07 8.20600091e-08 -6.09013895e-05 1.27056040e-08
0.9417811        2.66505232e-06 -3.82830837e-03 -6.35841090e-08 2.58371524e-06 -3.76758960e-03 -7.63419558e-08 8.13370747e-08 -6.07187758e-05 1.27578468e-08
0.9425254        1.72048861e-06 -4.71967840e-03 -2.22777078e-07 1.64016742e-06 -4.65875756e-03 -2.35543071e-07 8.03211960e-08 -6.09208358e-05 1.27659937e-08
0.9432698        2.38794977e-06 -5.12376478e-03 -4.60586984e-08 2.30831551e-06 -5.06251431e-03 -5.89173838e-08 7.96342588e-08 -6.12504651e-05 1.28586854e-08
0.9440142        1.95541747e-06 -4.13224451e-03 -2.61438474e-07 1.87666887e-06 -4.07105832e-03 -2.74317890e-07 7.87486029e-08 -6.11861881e-05 1.28794160e-08
0.9447748        2.08679424e-06 -4.63852526e-03 -1.78517068e-07 2.00850936e-06 -4.57714932e-03 -1.91523093e-07 7.82848850e-08 -6.13759369e-05 1.30060248e-08
0.9455353        1.89626467e-06 -5.08812760e-03 -2.34261315e-07 1.81857289e-06 -5.02642850e-03 -2.47362946e-07 7.76917757e-08 -6.16990920e-05 1.31016311e-08
0.9462959        5.57480915e-06 -4.06814904e-03 6.41998406e-07 5.49579910e-06 -4.00654503e-03 6.28379326e-07 7.90100463e-08 -6.16040060e-05 1.36190796e-08
0.9470564        -1.58710239e-06 -4.69820647e-03 -1.18930855e-06 -1.66384572e-06 -4.63634792e-03 -1.20263144e-06 7.67433326e-08 -6.18585448e-05 1.33228871e-08
0.9477993        1.22170843e-06 -5.23689904e-03 -3.22020739e-07 1.14578946e-06 -5.17466256e-03 -3.35391970e-07 7.59189630e-08 -6.22364789e-05 1.33712306e-08
0.9485422        1.56767877e-06 -5.08478452e-03 -3.27905711e-07 1.49256970e-06 -5.02225002e-03 -3.41317874e-07 7.51090676e-08 -6.25344936e-05 1.34121634e-08
0.9492851        9.95867789e-07 -4.24792786e-03 -4.45811072e-07 9.21968537e-07 -4.18536630e-03 -4.59161708e-07 7.38992513e-08 -6.25615646e-05 1.33506357e-08
0.9500279        1.58006816e-06 -4.17165756e-03 -3.34757034e-07 1.50724000e-06 -4.10908361e-03 -3.48059980e-07 7.28281597e-08 -6.25739467e-05 1.33029451e-08
0.9507708        1.17492690e-06 -5.24157701e-03 -3.87702592e-07 1.10333179e-06 -5.17862925e-03 -4.00914441e-07 7.15951093e-08 -6.29477616e-05 1.32118489e-08
0.9515137        1.46388287e-06 -5.35638929e-03 -2.79930934e-07 1.39337364e-06 -5.29314466e-03 -2.93081469e-07 7.05092307e-08 -6.32446304e-05 1.31505349e-08
0.952237         1.75683366e-06 -4.95460103e-03 -1.48062287e-07 1.68738157e-06 -4.89114118e-03 -1.61184668e-07 6.94520938e-08 -6.34598527e-05 1.31223813e-08
0.9529603        -2.21303075e-07 -4.64875431e-03 -7.53091295e-07 -2.88438146e-07 -4.58525234e-03 -7.65858227e-07 6.71350709e-08 -6.35019686e-05 1.27669321e-08
0.9536837        -2.99598772e-06 -4.11180586e-03 -1.88388424e-06 -3.05918961e-06 -4.04835631e-03 -1.89583593e-06 6.32018838e-08 -6.34495416e-05 1.19516920e-08
0.954407         -3.24370925e-07 -4.02986364e-03 -1.76572479e-07 -3.85691618e-07 -3.96645321e-03 -1.88413732e-07 6.13206934e-08 -6.34104296e-05 1.18412528e-08
0.9551303        2.21852469e-06 -5.26670710e-03 -5.04683119e-07 2.15771924e-06 -5.20292077e-03 -5.16499420e-07 6.08054504e-08 -6.37863302e-05 1.18163003e-08
0.9558536        2.51553681e-07 -5.37164285e-03 -6.43928563e-07 1.91655708e-07 -5.30750439e-03 -6.55696479e-07 5.98979725e-08 -6.41384516e-05 1.17679161e-08
0.956577         1.26678585e-08 -5.32271643e-03 -7.32039992e-07 -4.61339228e-08 -5.25822969e-03 -7.43731213e-07 5.88017813e-08 -6.44867316e-05 1.16912217e-08
0.9573003        5.21041235e-07 -4.30729459e-03 -6.39802826e-07 4.63094269e-07 -4.24289436e-03 -6.51446559e-07 5.79469663e-08 -6.44002318e-05 1.16437334e-08
0.9580236        -1.82949821e-07 -4.87165804e-03 -7.81012370e-07 -2.39669645e-07 -4.80710402e-03 -7.92514301e-07 5.67198242e-08 -6.45540233e-05 1.15019315e-08
0.9587228        -6.50104639e-07 -5.28278166e-03 -8.69474806e-07 -7.05487789e-07 -5.21789917e-03 -8.80800398e-07 5.53831501e-08 -6.48824874e-05 1.13255925e-08
0.959422         -1.22817838e-06 -3.69825792e-03 -1.02665968e-06 -1.28208784e-06 -3.63341815e-03 -1.03775549e-06 5.39094601e-08 -6.48397730e-05 1.10958095e-08
0.9601212        -1.16790141e-06 -4.41706424e-03 -8.25506572e-07 -1.22047207e-06 -4.35220043e-03 -8.36420780e-07 5.25706635e-08 -6.48638094e-05 1.09142084e-08
0.9608205        2.34992664e-05 -5.03888779e-03 4.04352344e-06 2.34372144e-05 -4.97403395e-03 4.03064945e-06 6.20520005e-08 -6.48538379e-05 1.28739868e-08
0.9615197        -2.02488380e-05 -5.16169498e-03 -4.76386800e-06 -2.03003535e-05 -5.09657987e-03 -4.77478211e-06 5.15154984e-08 -6.51151047e-05 1.09141027e-08
0.9622189        -2.51640875e-06 -5.44689544e-03 -1.20042029e-06 -2.56648143e-06 -5.38142370e-03 -1.21114681e-06 5.00726780e-08 -6.54717426e-05 1.07265114e-08
0.9629181        -3.15433726e-07 -5.99538092e-03 -8.09563601e-07 -3.65244951e-07 -5.92947519e-03 -8.20404839e-07 4.98112245e-08 -6.59057272e-05 1.08412385e-08
0.9636173        -4.05816132e-07 -4.89325599e-03 -8.02462054e-07 -4.55082566e-07 -4.82724527e-03 -8.13387712e-07 4.92664337e-08 -6.60107172e-05 1.09256585e-08
0.9643165        -2.16632095e-06 -4.41278009e-03 -1.16841387e-06 -2.21383238e-06 -4.34683480e-03 -1.17918228e-06 4.75114226e-08 -6.59452873e-05 1.07684013e-08
0.9650157        -1.27598675e-06 -5.51915205e-03 -1.01044122e-06 -1.32192547e-06 -5.45287137e-03 -1.02106818e-06 4.59387161e-08 -6.62806798e-05 1.06269573e-08
0.9657149        -1.11864245e-06 -5.05886553e-03 -9.05178664e-07 -1.16338274e-06 -4.99239740e-03 -9.15722236e-07 4.47402883e-08 -6.64681353e-05 1.05435715e-08
0.9664142        -1.18195102e-06 -3.81415555e-03 -9.40775482e-07 -1.22554047e-06 -3.74772844e-03 -9.51213610e-07 4.35894467e-08 -6.64271124e-05 1.04381276e-08
0.9671134        -1.57082565e-06 -5.32637249e-03 -1.00170158e-06 -1.61305134e-06 -5.25990448e-03 -1.01197764e-06 4.22256971e-08 -6.64680088e-05 1.02760603e-08
0.9678126        4.47867518e-07 -5.47834629e-03 -4.24939126e-07 4.05707124e-07 -5.41179000e-03 -4.35341634e-07 4.21603943e-08 -6.65562899e-05 1.04025078e-08
0.9685118        -3.29420814e-06 -5.93846295e-03 -1.42807088e-06 -3.33456282e-06 -5.87147309e-03 -1.43820814e-06 4.03546820e-08 -6.69898617e-05 1.01372533e-08
0.9691673        -2.15528407e-06 -5.33772157e-03 -1.01409500e-06 -2.19497479e-06 -5.27061205e-03 -1.02421163e-06 3.96907276e-08 -6.71095167e-05 1.01166323e-08
0.9698228        -2.65435535e-06 -5.02689169e-03 -1.13922072e-06 -2.69353215e-06 -4.95979293e-03 -1.14931008e-06 3.91768033e-08 -6.70987603e-05 1.00893596e-08
0.9704783        -2.36267697e-06 -4.81935518e-03 -1.10886559e-06 -2.40064160e-06 -4.75201618e-03 -1.11884176e-06 3.79646325e-08 -6.73389947e-05 9.97617192e-09
0.9711338        -2.85280970e-06 -5.26774859e-03 -1.07255217e-06 -2.88901077e-06 -5.20017282e-03 -1.08235511e-06 3.62010707e-08 -6.75757772e-05 9.80293843e-09
0.9717894        -2.26611103e-06 -6.06848271e-03 -1.07887287e-06 -2.30115798e-06 -6.00084446e-03 -1.08855826e-06 3.50469547e-08 -6.76382520e-05 9.68539342e-09
0.9724449        -1.87162654e-06 -5.93917545e-03 -9.03212276e-07 -1.90568035e-06 -5.87133771e-03 -9.12824989e-07 3.40538075e-08 -6.78377402e-05 9.61271316e-09
0.9731004        -3.04021455e-06 -6.03793107e-03 -1.12282568e-06 -3.07251418e-06 -5.96972366e-03 -1.13223036e-06 3.22996280e-08 -6.82074026e-05 9.40468192e-09
0.9737559        -8.87498517e-07 -4.73158484e-03 -9.03839093e-07 -9.18555238e-07 -4.66343575e-03 -9.13108566e-07 3.10567206e-08 -6.81490950e-05 9.26947341e-09
0.9744114        -2.10334525e-06 -4.59518627e-03 -1.05200811e-06 -2.13230450e-06 -4.52710246e-03 -1.06099220e-06 2.89592517e-08 -6.80838142e-05 8.98408099e-09
0.9750669        -1.61345341e-06 -5.17114287e-03 -9.34943628e-07 -1.64065970e-06 -5.10301575e-03 -9.43672317e-07 2.72062901e-08 -6.81271141e-05 8.72868845e-09
0.9757224        -4.69945989e-06 -5.19842245e-03 -1.54872132e-06 -4.72328998e-06 -5.13014416e-03 -1.55690586e-06 2.38300932e-08 -6.82782893e-05 8.18454854e-09
0.9763779        -2.01935989e-06 -5.07680130e-03 -8.59924186e-07 -2.04114705e-06 -5.00818993e-03 -8.67841778e-07 2.17871502e-08 -6.86113683e-05 7.91759199e-09
0.9770335        -3.17597143e-06 -5.60563498e-03 -1.17733100e-06 -3.19581178e-06 -5.53692457e-03 -1.18494292e-06 1.98403570e-08 -6.87104165e-05 7.61191831e-09
0.977689         -6.31626780e-06 -5.89599989e-03 -1.72783118e-06 -6.33303835e-06 -5.82725884e-03 -1.73492966e-06 1.67705523e-08 -6.87410520e-05 7.09847502e-09
0.9783445        -2.99038432e-06 -5.16207909e-03 -1.03399421e-06 -3.00559479e-06 -5.09331859e-03 -1.04088493e-06 1.52104683e-08 -6.87604996e-05 6.89071851e-09
0.979            -4.47654609e-06 -5.37092282e-03 -1.38825692e-06 -4.48935272e-06 -5.30203694e-03 -1.39477676e-06 1.28066278e-08 -6.88858755e-05 6.51984016e-09
0.9796449        -3.08669743e-06 -6.07799865e-03 -1.07045542e-06 -3.09755117e-06 -6.00872424e-03 -1.07672674e-06 1.08537347e-08 -6.92744098e-05 6.27132174e-09
0.9802805        -2.46842472e-06 -4.95187047e-03 -6.94293730e-07 -2.47770369e-06 -4.88257066e-03 -7.00402745e-07 9.27896723e-09 -6.92998122e-05 6.10901571e-09
0.9809161        -6.50609891e-06 -3.65132863e-03 -1.91771416e-06 -6.51194954e-06 -3.58218630e-03 -1.92330507e-06 5.85062369e-09 -6.91423315e-05 5.59090818e-09
0.9815517        1.10618890e-07 -6.27216614e-03 -6.02464534e-07 1.05163132e-07 -6.20290272e-03 -6.08030127e-07 5.45575771e-09 -6.92634208e-05 5.56559261e-09
0.9821873        1.48185972e-05 -5.87090302e-03 2.57478187e-06 1.48073130e-05 -5.80156876e-03 2.56792719e-06 1.12841548e-08 -6.93342547e-05 6.85467274e-09
0.9828228        -1.76821194e-05 -6.17015287e-03 -3.66686231e-06 -1.76855775e-05 -6.10051377e-03 -3.67240290e-06 3.45805264e-09 -6.96390951e-05 5.54059616e-09
0.9834584        -5.72185518e-06 -5.50331385e-03 -1.46737341e-06 -5.72271540e-06 -5.43353366e-03 -1.47256383e-06 8.60217505e-10 -6.97801874e-05 5.19041883e-09
0.9840841        -2.10430886e-06 -5.13837020e-03 -7.66050974e-07 -2.10440974e-06 -5.06866160e-03 -7.71196713e-07 1.00871966e-10 -6.97085933e-05 5.14573867e-09
0.9847097        -3.30133225e-06 -5.34730544e-03 -1.23520845e-06 -3.30055838e-06 -5.27757105e-03 -1.24019696e-06 -7.73871628e-10 -6.97343882e-05 4.98850727e-09
0.9853354        -3.04851844e-06 -5.45703435e-03 -9.00935463e-07 -3.04712227e-06 -5.38726254e-03 -9.05871047e-07 -1.39617415e-09 -6.97718120e-05 4.93558480e-09
0.985961         -4.94925608e-06 -6.31837092e-03 -1.39850454e-06 -4.94635731e-06 -6.24833413e-03 -1.40322459e-06 -2.89876443e-09 -7.00367946e-05 4.72004683e-09
0.9865867        -2.63043611e-06 -6.21130012e-03 -9.41605522e-07 -2.62662108e-06 -6.14100773e-03 -9.46213939e-07 -3.81503638e-09 -7.02923836e-05 4.60841639e-09
0.9872123        -3.50578090e-06 -5.96241165e-03 -9.64054203e-07 -3.50049146e-06 -5.89208721e-03 -9.68482993e-07 -5.28944755e-09 -7.03244435e-05 4.42878931e-09
0.987838         -3.12183057e-06 -5.76848265e-03 -8.68994439e-07 -3.11534869e-06 -5.69810683e-03 -8.73264084e-07 -6.48188521e-09 -7.03758251e-05 4.26964497e-09
0.9884636        -2.17255256e-06 -4.76007259e-03 -6.51155497e-07 -2.16613612e-06 -4.68969200e-03 -6.55459950e-07 -6.41644741e-09 -7.03805895e-05 4.30445321e-09
0.9890893        -1.35038676e-06 -5.31173845e-03 -7.13363211e-07 -1.34439283e-06 -5.24134524e-03 -7.17698354e-07 -5.99393044e-09 -7.03932132e-05 4.33514296e-09
0.9897149        -2.79524588e-06 -6.31244049e-03 -7.11717961e-07 -2.78756222e-06 -6.24208599e-03 -7.15851736e-07 -7.68366186e-09 -7.03544990e-05 4.13377468e-09
0.9903292        -2.31720451e-06 -7.14497837e-03 -6.77996968e-07 -2.30742616e-06 -7.07429549e-03 -6.81901136e-07 -9.77834849e-09 -7.06828812e-05 3.90416850e-09
0.9909435        1.26975604e-06 -7.08753604e-03 -2.93660150e-07 1.28017078e-06 -7.01646972e-03 -2.97484905e-07 -1.04147397e-08 -7.10663187e-05 3.82475467e-09
0.9915577        -8.11269754e-06 -5.90156435e-03 -1.41089198e-06 -8.09844710e-06 -5.83055855e-03 -1.41424637e-06 -1.42504396e-08 -7.10057995e-05 3.35439204e-09
0.992172         -5.00373592e-06 -5.54650855e-03 -9.74906142e-07 -4.98730530e-06 -5.47556292e-03 -9.77981217e-07 -1.64306287e-08 -7.09456358e-05 3.07507444e-09
0.9927863        -3.61304298e-06 -5.63687594e-03 -7.73162312e-07 -3.59525965e-06 -5.56592778e-03 -7.76056048e-07 -1.77833381e-08 -7.09481604e-05 2.89373598e-09
0.9934006        -4.57349068e-06 -5.90405670e-03 -8.96524657e-07 -4.55396328e-06 -5.83308058e-03 -8.99151523e-07 -1.95274009e-08 -7.09761167e-05 2.62686603e-09
0.9940148        -6.49045374e-06 -6.06377875e-03 -1.08350406e-06 -6.46880746e-06 -5.99271517e-03 -1.08579758e-06 -2.16462836e-08 -7.10635773e-05 2.29351477e-09
0.9946291        -8.34348962e-06 -5.96609727e-03 -1.65018932e-06 -8.31875221e-06 -5.89500489e-03 -1.65195708e-06 -2.47374078e-08 -7.10923729e-05 1.76776920e-09
0.9952434        -1.20034553e-06 -5.92594851e-03 -1.78606403e-08 -1.17599860e-06 -5.85489192e-03 -1.97125725e-08 -2.43469273e-08 -7.10565921e-05 1.85193224e-09
0.9958577        -4.44543670e-06 -7.56836882e-03 -7.20963818e-07 -4.41991050e-06 -7.49704399e-03 -7.22634339e-07 -2.55262026e-08 -7.13248315e-05 1.67052130e-09
0.9964719        -8.66922380e-06 -7.82032480e-03 -5.73075763e-07 -8.64095690e-06 -7.74869308e-03 -5.74417959e-07 -2.82668983e-08 -7.16317239e-05 1.34219565e-09
0.9970726        -5.57931851e-07 -5.47868749e-03 -6.03635793e-07 -5.30459765e-07 -5.40707539e-03 -6.04974970e-07 -2.74720858e-08 -7.16120960e-05 1.33917634e-09
0.9976732        -5.09851663e-06 -5.41828401e-03 -7.50030749e-07 -5.06992707e-06 -5.34667776e-03 -7.51137540e-07 -2.85895591e-08 -7.16062471e-05 1.10679050e-09
0.9982601        -5.25665207e-06 -6.23644050e-03 -7.33681104e-07 -5.22690991e-06 -6.16485470e-03 -7.34570370e-07 -2.97421642e-08 -7.15858009e-05 8.89266330e-10
0.9988471        -5.65497127e-06 -6.20693623e-03 -6.95676487e-07 -5.62393001e-06 -6.13536247e-03 -6.96347876e-07 -3.10412581e-08 -7.15737548e-05 6.71389171e-10
0.9994341        -1.05148780e-05 -6.17378140e-03 -1.17520891e-06 -1.04808359e-05 -6.10211389e-03 -1.17549856e-06 -3.40420685e-08 -7.16675086e-05 2.89650996e-10
1.000021         -8.43426333e-06 -6.88050981e-03 -1.47479633e-06 -8.39810743e-06 -6.80875515e-03 -1.47468620e-06 -3.61558991e-08 -7.17546588e-05 -1.10135963e-10
1.000594         -5.58351752e-06 -6.90507963e-03 -5.62373083e-07 -5.54671045e-06 -6.83335434e-03 -5.62112544e-07 -3.68070694e-08 -7.17252832e-05 -2.60539633e-10
1.001166         -5.48182064e-06 -6.75005948e-03 -5.44255233e-07 -5.44455107e-06 -6.67833181e-03 -5.43834042e-07 -3.72695660e-08 -7.17276616e-05 -4.21190911e-10
1.001739         -8.49588058e-06 -5.24679346e-03 -8.16281765e-07 -8.45749293e-06 -5.17513117e-03 -8.15641192e-07 -3.83876429e-08 -7.16622953e-05 -6.40572952e-10
1.002312         -8.84090068e-06 -6.54216625e-03 -9.07576488e-07 -8.80132319e-06 -6.47038047e-03 -9.06694596e-07 -3.95774905e-08 -7.17857797e-05 -8.81892028e-10
1.002869         -6.66774882e-06 -8.75406632e-03 -4.60655313e-07 -6.62798001e-06 -8.68172387e-03 -4.59670076e-07 -3.97688100e-08 -7.23424500e-05 -9.85237392e-10
1.003427         -7.38268355e-06 -6.55844072e-03 -6.10165395e-07 -7.34240435e-06 -6.48609588e-03 -6.09019865e-07 -4.02791999e-08 -7.23448346e-05 -1.14553026e-09
1.003984         -2.39855949e-06 -6.06618248e-03 2.22452219e-07 -2.35967114e-06 -5.99429006e-03 2.23522874e-07 -3.88883548e-08 -7.18924230e-05 -1.07065552e-09
1.004542         -4.44395800e-06 -6.32882129e-03 -2.90741541e-07 -4.40580999e-06 -6.25698973e-03 -2.89632208e-07 -3.81480047e-08 -7.18315572e-05 -1.10933270e-09
1.0051           -8.16466342e-06 -7.09371610e-03 -3.61688599e-07 -8.12604896e-06 -7.02155380e-03 -3.60451070e-07 -3.86144637e-08 -7.21623037e-05 -1.23752893e-09
1.005641         -5.45026868e-06 -6.96141121e-03 -2.01613526e-07 -5.41230347e-06 -6.88910347e-03 -2.00327822e-07 -3.79652051e-08 -7.23077408e-05 -1.28570427e-09
1.006182         -1.06461268e-05 -8.13572316e-03 -3.92394942e-07 -1.06071207e-05 -8.06334786e-03 -3.90951996e-07 -3.90061194e-08 -7.23753039e-05 -1.44294558e-09
1.006723         -5.09730682e-06 -7.54165643e-03 -3.20995113e-07 -5.05911463e-06 -7.46927068e-03 -3.19451473e-07 -3.81921913e-08 -7.23857454e-05 -1.54363925e-09
1.007264         -6.03960973e-06 -6.09935820e-03 -2.61812988e-07 -6.00204513e-06 -6.02709410e-03 -2.60174525e-07 -3.75646021e-08 -7.22640921e-05 -1.63846307e-09
1.007806         -7.33092448e-06 -6.45889906e-03 -2.41692799e-07 -7.29370979e-06 -6.38667182e-03 -2.39943661e-07 -3.72146923e-08 -7.22272430e-05 -1.74913810e-09
1.008347         -6.88267631e-06 -6.98081214e-03 -1.17854744e-07 -6.84604615e-06 -6.90856069e-03 -1.16013798e-07 -3.66301643e-08 -7.22514573e-05 -1.84094611e-09
1.008869         -7.24151839e-06 -6.67406182e-03 -1.69567166e-07 -7.20548391e-06 -6.60186240e-03 -1.67615341e-07 -3.60344771e-08 -7.21994201e-05 -1.95182499e-09
1.009392         -8.32942534e-06 -4.61983037e-03 -1.64626762e-07 -8.29339835e-06 -4.54794416e-03 -1.62482129e-07 -3.60269932e-08 -7.18862078e-05 -2.14463297e-09
1.009914         -4.15903702e-06 -5.25786329e-03 -2.39231549e-07 -4.12492642e-06 -5.18617941e-03 -2.37052934e-07 -3.41106068e-08 -7.16838761e-05 -2.17861493e-09
1.010437         -6.15846497e-06 -9.03433135e-03 -2.84503277e-08 -6.12548880e-06 -8.96227274e-03 -2.62112581e-08 -3.29761675e-08 -7.20586072e-05 -2.23906957e-09
1.010959         -7.61518860e-06 -9.38775432e-03 -2.62397046e-07 -7.58256462e-06 -9.31538617e-03 -2.60000916e-07 -3.26239802e-08 -7.23681492e-05 -2.39613036e-09
1.011482         -6.84934902e-06 -7.19074658e-03 -8.71223112e-08 -6.81740530e-06 -7.11846418e-03 -8.46086705e-08 -3.19437207e-08 -7.22823969e-05 -2.51364074e-09
1.012004         -2.79648015e-06 -6.49153909e-03 2.02162411e-07 -2.76677654e-06 -6.41939299e-03 2.04676439e-07 -2.97036071e-08 -7.21461012e-05 -2.51402809e-09
1.012527         -6.23799361e-06 -7.70986528e-03 4.40812150e-08 -6.20938271e-06 -7.63772039e-03 4.66828430e-08 -2.86108932e-08 -7.21448820e-05 -2.60162801e-09
1.013049         -6.23251130e-06 -7.96981735e-03 2.04694526e-08 -6.20509225e-06 -7.89769044e-03 2.31522791e-08 -2.74190474e-08 -7.21269133e-05 -2.68282651e-09
1.013572         -7.52454706e-06 -6.80672703e-03 -9.20330431e-09 -7.49786836e-06 -6.73462647e-03 -6.41530010e-09 -2.66786988e-08 -7.21005616e-05 -2.78800422e-09
1.014095         -7.68041444e-06 -6.29704875e-03 -1.58290013e-08 -7.65440793e-06 -6.22489848e-03 -1.29308325e-08 -2.60065131e-08 -7.21502656e-05 -2.89816882e-09
1.014617         -7.75366623e-06 -6.89787565e-03 2.18929320e-08 -7.72834434e-06 -6.82574203e-03 2.48778406e-08 -2.53218895e-08 -7.21336242e-05 -2.98490861e-09
1.01514          -4.21391503e-06 -6.61217752e-03 4.63311604e-07 -4.19062596e-06 -6.54011851e-03 4.66233186e-07 -2.32890717e-08 -7.20590177e-05 -2.92158119e-09
1.015662         -1.18683184e-05 -7.68062777e-03 -3.69127115e-07 -1.18441338e-05 -7.60853367e-03 -3.65971121e-07 -2.41846114e-08 -7.20941014e-05 -3.15599387e-09
1.016185         -7.68403673e-06 -8.64528753e-03 -8.63638166e-09 -7.66054676e-06 -8.57309374e-03 -5.38382020e-09 -2.34899768e-08 -7.21937837e-05 -3.25256146e-09
1.016707         -8.57238099e-06 -7.07307349e-03 1.42034022e-07 -8.54922551e-06 -7.00096468e-03 1.45381809e-07 -2.31554837e-08 -7.21088062e-05 -3.34778660e-09
1.01723          -8.15565973e-06 -6.42865312e-03 -5.78073210e-08 -8.13286233e-06 -6.35657471e-03 -5.43238735e-08 -2.27974012e-08 -7.20784103e-05 -3.48344745e-09
1.017752         -1.26069993e-05 -6.65422107e-03 -4.77351775e-07 -1.25829405e-05 -6.58215679e-03 -4.73625654e-07 -2.40587900e-08 -7.20642736e-05 -3.72612051e-09
1.018275         -9.21987052e-06 -8.24192150e-03 1.46791123e-08 -9.19575907e-06 -8.16990478e-03 1.85284096e-08 -2.41114553e-08 -7.20167244e-05 -3.84929725e-09
1.018797         -8.33273105e-06 -7.69252166e-03 -1.12134508e-08 -8.30883571e-06 -7.62055069e-03 -7.23557657e-09 -2.38953394e-08 -7.19709703e-05 -3.97787420e-09
1.01932          -6.38941317e-06 -7.63185949e-03 2.05986296e-07 -6.36646623e-06 -7.55989600e-03 2.10033092e-07 -2.29469378e-08 -7.19634885e-05 -4.04679580e-09
1.019842         -8.04873406e-06 -7.22124590e-03 7.20974489e-09 -8.02614732e-06 -7.14930729e-03 1.13959336e-08 -2.25867381e-08 -7.19386177e-05 -4.18618873e-09
1.020365         -1.06190314e-05 -7.22663251e-03 -3.18260407e-08 -1.05959055e-05 -7.15471307e-03 -2.74587231e-08 -2.31259204e-08 -7.19194458e-05 -4.36731765e-09
1.020887         5.10578453e-07 -7.99684368e-03 7.81092548e-07 5.30484730e-07 -7.92489969e-03 7.85429746e-07 -1.99062768e-08 -7.19439939e-05 -4.33719834e-09
1.02141          -4.12758368e-06 -7.00757146e-03 2.46676297e-07 -4.10918158e-06 -6.93571622e-03 2.51124162e-07 -1.84020994e-08 -7.18552410e-05 -4.44786449e-09
1.021932         -5.39899020e-06 -7.27833244e-03 1.12120070e-07 -5.38158349e-06 -7.20653434e-03 1.16725641e-07 -1.74067106e-08 -7.17981069e-05 -4.60557084e-09
1.022455         -6.49995874e-06 -6.89106796e-03 5.18562569e-08 -6.48331889e-06 -6.81944110e-03 5.66279268e-08 -1.66398472e-08 -7.16268590e-05 -4.77166989e-09
1.022977         -5.43198235e-06 -6.06494766e-03 4.32788452e-08 -5.41657520e-06 -5.99363366e-03 4.81930466e-08 -1.54071406e-08 -7.13139939e-05 -4.91420137e-09
1.0235           -4.46915728e-06 -7.61901817e-03 5.19695713e-08 -4.45539772e-06 -7.54764684e-03 5.70185859e-08 -1.37595532e-08 -7.13713291e-05 -5.04901459e-09
1.024006         -6.05513351e-06 -9.83784156e-03 1.10324179e-07 -6.04221000e-06 -9.76599289e-03 1.15521742e-07 -1.29235080e-08 -7.18486705e-05 -5.19756219e-09
1.024511         -1.05818214e-05 -8.53713380e-03 1.78403636e-07 -1.05680200e-05 -8.46522168e-03 1.83782740e-07 -1.38013758e-08 -7.19121231e-05 -5.37910427e-09
1.025017         -1.67490287e-06 -6.01932179e-03 -7.71667413e-08 -1.66281049e-06 -5.94799964e-03 -7.15810743e-08 -1.20923875e-08 -7.13221545e-05 -5.58566698e-09
1.025523         -4.08885508e-06 -6.72205350e-03 -1.39877326e-07 -4.07763740e-06 -6.65098327e-03 -1.34083213e-07 -1.12176831e-08 -7.10702243e-05 -5.79411271e-09
1.026028         -6.16813891e-06 -9.23143879e-03 2.78899034e-07 -6.15723193e-06 -9.15998849e-03 2.84857838e-07 -1.09069771e-08 -7.14503037e-05 -5.95880398e-09
1.026534         1.15360481e-06 -9.10696125e-03 7.33813489e-08 1.16218978e-06 -9.03525901e-03 7.94840399e-08 -8.58497005e-09 -7.17022406e-05 -6.10269104e-09
1.02704          -7.39929861e-06 -7.19125015e-03 3.72819224e-07 -7.39002186e-06 -7.11975350e-03 3.79063172e-07 -9.27674968e-09 -7.14966436e-05 -6.24394822e-09
1.027545         -6.48964278e-06 -6.74405408e-03 -2.47407776e-07 -6.47967403e-06 -6.67280846e-03 -2.40877948e-07 -9.96875430e-09 -7.12456173e-05 -6.52982853e-09
1.028051         -1.08469415e-05 -7.79809996e-03 6.29877725e-09 -1.08349629e-05 -7.72685023e-03 1.30981551e-08 -1.19785185e-08 -7.12497384e-05 -6.79937781e-09
1.028557         -4.95574011e-07 -8.11360782e-03 3.70558138e-08 -4.85199718e-07 -8.04230280e-03 4.39916522e-08 -1.03742937e-08 -7.13050144e-05 -6.93583842e-09
1.029063         -2.41284158e-06 -7.58968449e-03 9.62972827e-08 -2.40333060e-06 -7.51839159e-03 1.03383056e-07 -9.51097738e-09 -7.12929086e-05 -7.08577352e-09
1.029575         3.71743090e-07 -6.97084664e-03 7.58299106e-09 3.79562181e-07 -6.89971288e-03 1.48241644e-08 -7.81909069e-09 -7.11337566e-05 -7.24117337e-09
1.030087         -3.77863900e-06 -8.38693473e-03 9.14340361e-08 -3.77107349e-06 -8.31576905e-03 9.88277701e-08 -7.56551603e-09 -7.11656840e-05 -7.39373402e-09
1.0306           -3.25974565e-06 -8.28946784e-03 5.07490251e-10 -3.25246959e-06 -8.21816054e-03 8.07307483e-09 -7.27605863e-09 -7.13073019e-05 -7.56558458e-09
1.031112         -3.08968777e-06 -7.87918655e-03 -3.41241311e-08 -3.08262464e-06 -7.80789438e-03 -2.63681449e-08 -7.06312432e-09 -7.12921732e-05 -7.75598624e-09
1.031624         -2.75954312e-06 -6.49684110e-03 1.96757034e-08 -2.75270424e-06 -6.42594718e-03 2.76125497e-08 -6.83888398e-09 -7.08939134e-05 -7.93684635e-09
1.032137         -3.45971381e-06 -7.01986337e-03 -4.86945627e-08 -3.45269717e-06 -6.94922318e-03 -4.05584478e-08 -7.01663592e-09 -7.06401831e-05 -8.13611498e-09
1.032649         -4.50220141e-06 -8.10466374e-03 -7.66924830e-09 -4.49451868e-06 -8.03397462e-03 6.81828871e-10 -7.68272911e-09 -7.06891201e-05 -8.35107717e-09
1.033161         -3.00980080e-06 -7.51666626e-03 4.90740070e-08 -3.00192730e-06 -7.44597925e-03 5.76269030e-08 -7.87350356e-09 -7.06870157e-05 -8.55289593e-09
1.033674         -3.56438214e-06 -9.15441643e-03 -1.27910518e-07 -3.55609083e-06 -9.08342584e-03 -1.19121669e-07 -8.29130046e-09 -7.09905942e-05 -8.78884903e-09
1.034186         -8.11413343e-06 -9.88882764e-03 -4.95937541e-07 -8.10382430e-06 -9.81736924e-03 -4.86851197e-07 -1.03091331e-08 -7.14584073e-05 -9.08634416e-09
1.034698         -8.87484141e-06 -7.45648038e-03 -6.86802075e-08 -8.86211997e-06 -7.38519463e-03 -5.93259425e-08 -1.27214362e-08 -7.12857514e-05 -9.35426498e-09
1.035211         1.40150791e-06 -6.95096903e-03 -3.70617741e-07 1.41289622e-06 -6.87997886e-03 -3.61030996e-07 -1.13883077e-08 -7.09901733e-05 -9.58674504e-09
1.035723         -1.47510674e-06 -7.07595631e-03 -2.87046977e-07 -1.46386542e-06 -7.00514513e-03 -2.77202465e-07 -1.12413219e-08 -7.08111834e-05 -9.84451167e-09
1.036235         8.07876062e-08 -6.08509468e-03 4.43127577e-09 9.13837734e-08 -6.01462840e-03 1.44838041e-08 -1.05961672e-08 -7.04662855e-05 -1.00525283e-08
1.036748         -2.20304908e-06 -7.00030060e-03 -1.54923224e-07 -2.19227968e-06 -6.92987929e-03 -1.44630519e-07 -1.07693951e-08 -7.04213158e-05 -1.02927049e-08
1.03726          -1.73993763e-06 -1.10146363e-02 -1.88970167e-07 -1.72900181e-06 -1.09436261e-02 -1.78411150e-07 -1.09358137e-08 -7.10102021e-05 -1.05590174e-08
1.037772         -3.88811706e-08 -9.26556274e-03 -2.19238311e-07 -2.83519371e-08 -9.19442150e-03 -2.08420679e-07 -1.05292335e-08 -7.11412319e-05 -1.08176316e-08
1.038285         -8.07524531e-07 -5.83464442e-03 -4.17673267e-07 -7.97040916e-07 -5.76397618e-03 -4.06567895e-07 -1.04836146e-08 -7.06682325e-05 -1.11053715e-08
1.038797         5.62888114e-07 -6.51472989e-03 -1.98936114e-07 5.72865715e-07 -6.44428996e-03 -1.87571354e-07 -9.97760070e-09 -7.04399310e-05 -1.13647603e-08
1.039309         -2.09924741e-06 -7.92641789e-03 -2.57517269e-07 -2.08874451e-06 -7.85589809e-03 -2.45895723e-07 -1.05028973e-08 -7.05198085e-05 -1.16215454e-08
1.039822         -1.35281068e-06 -8.17227634e-03 -2.65683649e-07 -1.34204167e-06 -8.10168394e-03 -2.53795806e-07 -1.07690095e-08 -7.05924043e-05 -1.18878432e-08
1.040334         -2.83275532e-06 -8.81118361e-03 -2.17216322e-07 -2.82120114e-06 -8.74048848e-03 -2.05065035e-07 -1.15541805e-08 -7.06951367e-05 -1.21512869e-08
1.040846         -1.60129290e-07 -8.76919797e-03 -3.99112184e-07 -1.48680845e-07 -8.69836258e-03 -3.86673982e-07 -1.14484442e-08 -7.08353861e-05 -1.24382020e-08
1.041359         5.27453536e-07 -8.74018122e-03 -3.00925387e-07 5.38532321e-07 -8.66931473e-03 -2.88224982e-07 -1.10787845e-08 -7.08664846e-05 -1.27004051e-08
1.041871         2.78020097e-06 -9.59108579e-03 -1.59369403e-07 2.79025784e-06 -9.52013099e-03 -1.46436531e-07 -1.00568764e-08 -7.09547964e-05 -1.29328723e-08
1.042383         -3.05046384e-06 -7.33893115e-03 -4.01689246e-07 -3.03939605e-06 -7.26814948e-03 -3.88475366e-07 -1.10677856e-08 -7.07816763e-05 -1.32138799e-08
1.042896         -1.77031785e-07 -6.03568746e-03 -1.89025539e-07 -1.66013955e-07 -5.96533479e-03 -1.75578889e-07 -1.10178300e-08 -7.03526645e-05 -1.34466498e-08
1.043408         -3.51293886e-07 -7.47103011e-03 -3.65865381e-07 -3.40052938e-07 -7.40075758e-03 -3.52174032e-07 -1.12409478e-08 -7.02725329e-05 -1.36913498e-08
1.043931         4.81058831e-07 -8.67575014e-03 -3.89738564e-07 4.92310447e-07 -8.60526408e-03 -3.75796753e-07 -1.12516154e-08 -7.04860653e-05 -1.39418113e-08
1.044443         4.36267986e-07 -8.51416801e-03 -4.16182428e-07 4.47549481e-07 -8.44360362e-03 -4.01999857e-07 -1.12814954e-08 -7.05643826e-05 -1.41825707e-08
1.044955         1.06250327e-06 -7.70188888e-03 -3.32625429e-07 1.07362338e-06 -7.63134488e-03 -3.18231081e-07 -1.11201047e-08 -7.05439977e-05 -1.43943478e-08
1.045467         9.36043608e-08 -8.02062999e-03 -2.66155831e-07 1.05018044e-07 -7.95006237e-03 -2.51566438e-07 -1.14136837e-08 -7.05676141e-05 -1.45893937e-08
1.04598          8.43419927e-08 -7.79265395e-03 -4.62242316e-07 9.62105363e-08 -7.72229324e-03 -4.47440415e-07 -1.18685436e-08 -7.03607113e-05 -1.48019015e-08
1.046504         4.06506070e-07 -7.47345771e-03 -4.55339383e-07 4.18780228e-07 -7.40334311e-03 -4.40330979e-07 -1.22741581e-08 -7.01146009e-05 -1.50084046e-08
1.047028         2.00484783e-06 -8.35461362e-03 -5.98835649e-07 2.01701970e-06 -8.28439110e-03 -5.83604122e-07 -1.21718767e-08 -7.02225194e-05 -1.52315269e-08
1.047552         1.16939056e-06 -8.48216976e-03 -4.90236194e-07 1.18181874e-06 -8.41175400e-03 -4.74814346e-07 -1.24281829e-08 -7.04157509e-05 -1.54218477e-08
1.048077         6.54452192e-07 -8.14526740e-03 -3.88273738e-07 6.67359479e-07 -8.07484302e-03 -3.72689448e-07 -1.29072866e-08 -7.04243819e-05 -1.55842903e-08
1.048601         6.19723897e-06 -8.69742548e-03 -8.58430527e-07 6.20884494e-06 -8.62689239e-03 -8.42568882e-07 -1.16059674e-08 -7.05330958e-05 -1.58616443e-08
1.049125         1.70262409e-06 -7.65056864e-03 -6.99661974e-07 1.71446424e-06 -7.58019730e-03 -6.83604976e-07 -1.18401525e-08 -7.03713391e-05 -1.60569974e-08
1.04965          1.51839274e-06 -6.83022057e-03 -5.01414102e-07 1.53060529e-06 -6.76029757e-03 -4.85198296e-07 -1.22125439e-08 -6.99230023e-05 -1.62158060e-08
1.050174         2.90916758e-06 -8.00522583e-03 -6.95366676e-07 2.92139138e-06 -7.93533293e-03 -6.78988437e-07 -1.22238017e-08 -6.98928967e-05 -1.63782390e-08
1.050698         2.13556114e-06 -8.71328640e-03 -5.94169869e-07 2.14806171e-06 -8.64324364e-03 -5.77670774e-07 -1.25005702e-08 -7.00427646e-05 -1.64990952e-08
1.051223         3.27717999e-06 -8.21820654e-03 -7.34086127e-07 3.28953617e-06 -8.14811833e-03 -7.17442292e-07 -1.23561746e-08 -7.00882104e-05 -1.66438358e-08
1.051747         2.18556695e-06 -8.82088363e-03 -6.80807606e-07 2.19816994e-06 -8.75059110e-03 -6.64045391e-07 -1.26029869e-08 -7.02925305e-05 -1.67622140e-08
1.052271         -1.20327998e-05 -8.03346178e-03 1.08208514e-06 -1.20151038e-05 -7.96317194e-03 1.09862111e-06 -1.76959733e-08 -7.02898402e-05 -1.65359717e-08
1.052795         1.52344538e-05 -7.35484327e-03 -2.35770083e-06 1.52478385e-05 -7.28494260e-03 -2.34069900e-06 -1.33846682e-08 -6.99006719e-05 -1.70018271e-08
1.05332          4.80214263e-06 -7.38148610e-03 -8.32488025e-07 4.81485744e-06 -7.31184295e-03 -8.15334947e-07 -1.27148112e-08 -6.96431424e-05 -1.71530778e-08
1.053844         -2.70148583e-06 -8.57529007e-03 -3.53499124e-07 -2.68684602e-06 -8.50547959e-03 -3.36350759e-07 -1.46398065e-08 -6.98104768e-05 -1.71483645e-08
1.054368         2.33576423e-06 -8.80674103e-03 -5.67140722e-07 2.35059446e-06 -8.73680128e-03 -5.49894950e-07 -1.48302305e-08 -6.99397446e-05 -1.72457720e-08
1.054893         3.99607676e-06 -8.53571818e-03 -6.51637406e-07 4.01059322e-06 -8.46573474e-03 -6.34266777e-07 -1.45164571e-08 -6.99834330e-05 -1.73706292e-08
1.055417         1.53713642e-06 -8.43071835e-03 -6.93357225e-07 1.55227928e-06 -8.36065123e-03 -6.75886547e-07 -1.51428640e-08 -7.00671143e-05 -1.74706784e-08
1.055941         4.16519678e-06 -8.04328009e-03 -9.25678702e-07 4.18017387e-06 -7.97344576e-03 -9.08034063e-07 -1.49770946e-08 -6.98343353e-05 -1.76446396e-08
1.056465         6.41827021e-08 -7.48785397e-03 -9.23548212e-07 8.06082057e-08 -7.41837723e-03 -9.05787217e-07 -1.64255036e-08 -6.94767366e-05 -1.77609950e-08
1.05699          6.98081991e-06 -8.21517345e-03 -6.73290314e-07 6.99590315e-06 -8.14564129e-03 -6.55389121e-07 -1.50832329e-08 -6.95321565e-05 -1.79011930e-08
1.057514         4.98155403e-06 -8.82602206e-03 -9.36011122e-07 4.99605882e-06 -8.75629614e-03 -9.17948272e-07 -1.45047875e-08 -6.97259109e-05 -1.80628495e-08
1.058038         4.82068636e-06 -8.28203808e-03 -9.40251746e-07 4.83468386e-06 -8.21241152e-03 -9.22032044e-07 -1.39974937e-08 -6.96265581e-05 -1.82197021e-08
1.058563         4.18596022e-06 -8.54200968e-03 -8.12468243e-07 4.19972166e-06 -8.47254062e-03 -7.94127924e-07 -1.37614345e-08 -6.94690578e-05 -1.83403198e-08
1.059087         1.55920449e-06 -8.09605581e-03 -7.24684878e-07 1.57365523e-06 -8.02660357e-03 -7.06304041e-07 -1.44507392e-08 -6.94522368e-05 -1.83808372e-08
1.059611         3.78839924e-06 -7.37181779e-03 -9.23827246e-07 3.80269697e-06 -7.30225345e-03 -9.05356515e-07 -1.42977311e-08 -6.95643388e-05 -1.84707310e-08
1.060136         3.34000779e-06 -7.82386135e-03 -8.79659296e-07 3.35423745e-06 -7.75432765e-03 -8.61126548e-07 -1.42296554e-08 -6.95337006e-05 -1.85327476e-08
1.06066          3.85432833e-06 -8.78224887e-03 -8.96123793e-07 3.86850686e-06 -8.71301173e-03 -8.77511561e-07 -1.41785240e-08 -6.92371397e-05 -1.86122320e-08
1.061184         1.57311420e-05 -8.63158462e-03 -1.90363937e-06 1.57413443e-05 -8.56242269e-03 -1.88455116e-06 -1.02022753e-08 -6.91619253e-05 -1.90882144e-08
1.061708         -1.00767108e-07 -9.90124529e-03 -6.91914181e-07 -8.91108383e-08 -9.83149050e-03 -6.72840171e-07 -1.16562697e-08 -6.97547913e-05 -1.90740099e-08
1.062233         4.12479836e-06 -8.86733942e-03 -9.60518031e-07 4.13624222e-06 -8.79734512e-03 -9.41333605e-07 -1.14438575e-08 -6.99943026e-05 -1.91844264e-08
1.062757         4.53494537e-06 -6.94494769e-03 -1.03298064e-06 4.54602011e-06 -6.87570937e-03 -1.01369900e-06 -1.10747397e-08 -6.92383255e-05 -1.92816412e-08
1.063281         6.07851824e-06 -7.16380997e-03 -1.25186561e-06 6.08892876e-06 -7.09511506e-03 -1.23248486e-06 -1.04105117e-08 -6.86949129e-05 -1.93807554e-08
1.063806         4.93953600e-06 -8.12092777e-03 -1.06595501e-06 4.94979175e-06 -8.05202263e-03 -1.04657198e-06 -1.02557490e-08 -6.89051415e-05 -1.93830238e-08
1.06433          2.31777586e-05 -8.13874859e-03 -2.24407354e-06 2.31811975e-05 -8.06967123e-03 -2.22427210e-06 -3.43893694e-09 -6.90773540e-05 -1.98014457e-08
1.064854         -7.75770749e-06 -8.44166389e-03 -3.04890514e-07 -7.74985511e-06 -8.37256291e-03 -2.85364625e-07 -7.85238194e-09 -6.91009809e-05 -1.95258898e-08
1.065379         3.28727539e-06 -9.67003264e-03 -9.53803782e-07 3.29555434e-06 -9.60077786e-03 -9.34304289e-07 -8.27895249e-09 -6.92547780e-05 -1.94994936e-08
1.065903         5.74241718e-06 -7.97527919e-03 -1.40320382e-06 5.75023469e-06 -7.90622917e-03 -1.38363043e-06 -7.81751011e-09 -6.90500221e-05 -1.95733929e-08
1.066427         4.00649893e-06 -7.43660978e-03 -9.73442837e-07 4.01452662e-06 -7.36788683e-03 -9.53913460e-07 -8.02769228e-09 -6.87229480e-05 -1.95293773e-08
1.066951         -2.71624745e-06 -8.76250332e-03 1.07759901e-06 -2.70520823e-06 -8.69377465e-03 1.09670361e-06 -1.10392202e-08 -6.87286678e-05 -1.91045984e-08
1.067476         8.86608752e-06 -8.76293561e-03 -3.62873842e-06 8.87559868e-06 -8.69410849e-03 -3.60929656e-06 -9.51116403e-09 -6.88271231e-05 -1.94418583e-08
1.068            7.42471716e-06 -8.03657711e-03 -1.10545154e-06 7.43280305e-06 -7.96781587e-03 -1.08601644e-06 -8.08589549e-09 -6.87612433e-05 -1.94351002e-08
1.068517         4.70700744e-06 -7.57618155e-03 -1.06847592e-06 4.71503801e-06 -7.50752736e-03 -1.04910697e-06 -8.03057225e-09 -6.86541852e-05 -1.93689494e-08
1.069035         6.06307958e-06 -8.34409488e-03 -1.25726781e-06 6.07069758e-06 -8.27548374e-03 -1.23792626e-06 -7.61800533e-09 -6.86111412e-05 -1.93415488e-08
1.069552         5.97085539e-06 -9.55659153e-03 -1.28176509e-06 5.97817711e-06 -9.48790354e-03 -1.26244250e-06 -7.32171982e-09 -6.86879883e-05 -1.93225905e-08
1.07007          5.35934949e-06 -8.88277317e-03 -1.11869466e-06 5.36657814e-06 -8.81409359e-03 -1.09941270e-06 -7.22864967e-09 -6.86795792e-05 -1.92819565e-08
1.070581         5.63211029e-06 -7.41337106e-03 -1.12998618e-06 5.63901136e-06 -7.34490673e-03 -1.11074431e-06 -6.90107669e-09 -6.84643294e-05 -1.92418652e-08
1.071098         4.80256698e-06 -7.91749326e-03 -1.07271285e-06 4.80940282e-06 -7.84914092e-03 -1.05357094e-06 -6.83583840e-09 -6.83523381e-05 -1.91419068e-08
1.071616         3.22507215e-06 -9.88534434e-03 -9.15053987e-07 3.23243376e-06 -9.81679655e-03 -8.96071896e-07 -7.36161368e-09 -6.85477987e-05 -1.89820906e-08
1.072127         2.16973338e-06 -9.72397120e-03 -7.77747598e-07 2.17790085e-06 -9.65531551e-03 -7.58943018e-07 -8.16746643e-09 -6.86556875e-05 -1.88045796e-08
1.072638         5.59523363e-06 -9.15553705e-03 -1.16218349e-06 5.60301697e-06 -9.08684795e-03 -1.14340303e-06 -7.78334030e-09 -6.86891003e-05 -1.87804657e-08
1.073149         5.31628011e-06 -1.03397398e-02 -1.24188182e-06 5.32373971e-06 -1.02709432e-02 -1.22312701e-06 -7.45959969e-09 -6.87966108e-05 -1.87548167e-08
1.07366          4.86625078e-06 -6.43105754e-03 -1.13994917e-06 4.87348775e-06 -6.36260950e-03 -1.12125543e-06 -7.23696664e-09 -6.84480407e-05 -1.86937398e-08
1.074171         -7.54859967e-07 -4.53662844e-03 -3.25131348e-07 -7.45993098e-07 -4.46876109e-03 -3.06808858e-07 -8.86686908e-09 -6.78673466e-05 -1.83224893e-08
1.074689         1.34511066e-05 -8.49379532e-03 -2.39339794e-06 1.34573028e-05 -8.42592243e-03 -2.37487707e-06 -6.19620287e-09 -6.78728877e-05 -1.85208715e-08
1.075207         8.91628270e-06 -1.13826936e-02 -1.67779752e-06 8.92146993e-06 -1.13145635e-02 -1.65926438e-06 -5.18722756e-09 -6.81301724e-05 -1.85331377e-08
1.075718         6.35795560e-06 -9.08231353e-03 -1.29413110e-06 6.36293226e-06 -9.01421977e-03 -1.27569883e-06 -4.97665772e-09 -6.80937622e-05 -1.84322618e-08
1.076229         1.60753276e-05 -8.21730609e-03 -3.35048556e-06 1.60769215e-05 -8.14920779e-03 -3.33159381e-06 -1.59387518e-09 -6.80983020e-05 -1.88917495e-08
1.07674          2.57464695e-06 -8.25289668e-03 -5.03444724e-07 2.57718795e-06 -8.18482142e-03 -4.84895413e-07 -2.54100334e-09 -6.80752640e-05 -1.85493106e-08
1.077251         6.03073755e-06 -7.96925701e-03 -1.32306843e-06 6.03312504e-06 -7.90145414e-03 -1.30465196e-06 -2.38749822e-09 -6.78028633e-05 -1.84164622e-08
1.077761         1.18616526e-05 -8.17777357e-03 -2.34745789e-06 1.18621000e-05 -8.11013814e-03 -2.32888373e-06 -4.47420698e-10 -6.76354260e-05 -1.85741589e-08
1.078272         7.63656597e-06 -9.64579034e-03 -1.67335412e-06 7.63655782e-06 -9.57790996e-03 -1.65486757e-06 8.14288004e-12 -6.78803803e-05 -1.84865519e-08
1.078776         3.76514996e-06 -9.17466175e-03 -1.18567716e-06 3.76595904e-06 -9.10659558e-03 -1.16747166e-06 -8.09080734e-10 -6.80661750e-05 -1.82054947e-08
1.079279         4.74014628e-06 -8.73492475e-03 -1.18748227e-06 4.74130698e-06 -8.66704640e-03 -1.16951037e-06 -1.16069937e-09 -6.78783473e-05 -1.79718966e-08
1.079782         6.86186228e-06 -8.23653337e-03 -1.60647272e-06 6.86271959e-06 -8.16887303e-03 -1.58861281e-06 -8.57312054e-10 -6.76603396e-05 -1.78599080e-08
1.080286         4.07223042e-06 -7.77830817e-03 -1.03612925e-06 4.07379148e-06 -7.71079231e-03 -1.01857412e-06 -1.56105742e-09 -6.75158648e-05 -1.75551299e-08
1.080789         5.13753857e-06 -6.98179770e-03 -1.27508906e-06 5.13944975e-06 -6.91450286e-03 -1.25777918e-06 -1.91117724e-09 -6.72948437e-05 -1.73098787e-08
1.081292         6.15381277e-06 -8.56050454e-03 -1.52033403e-06 6.15573936e-06 -8.49319128e-03 -1.50321361e-06 -1.92658726e-09 -6.73132604e-05 -1.71204254e-08
1.081796         6.12923703e-06 -1.03138200e-02 -1.27020929e-06 6.13099258e-06 -1.02462660e-02 -1.25326959e-06 -1.75555452e-09 -6.75540428e-05 -1.69396997e-08
1.082299         6.25990088e-06 -9.32530712e-03 -1.62573450e-06 6.26160325e-06 -9.25770628e-03 -1.60896388e-06 -1.70236949e-09 -6.76008440e-05 -1.67706276e-08
1.082802         9.42950814e-06 -9.39935323e-03 -1.91382785e-06 9.42998270e-06 -9.33163881e-03 -1.89706555e-06 -4.74552186e-10 -6.77144236e-05 -1.67623000e-08
1.083306         2.54717986e-06 -8.74244819e-03 -1.08566279e-06 2.54860802e-06 -8.67468269e-03 -1.06922352e-06 -1.42816389e-09 -6.77655052e-05 -1.64392733e-08
1.083801         6.12684216e-06 -7.20327965e-03 -1.57393696e-06 6.12813432e-06 -7.13604253e-03 -1.55765897e-06 -1.29215776e-09 -6.72371150e-05 -1.62779861e-08
1.084304         6.34576163e-06 -6.98040280e-03 -1.59453623e-06 6.34679912e-06 -6.91375492e-03 -1.57840875e-06 -1.03748127e-09 -6.66478804e-05 -1.61274753e-08
1.084808         6.67435960e-06 -1.01118766e-02 -1.71783146e-06 6.67495593e-06 -1.00448673e-02 -1.70181398e-06 -5.96324521e-10 -6.70093295e-05 -1.60174790e-08
1.085311         6.88258123e-06 -1.19145726e-02 -1.78005076e-06 6.88252690e-06 -1.18468315e-02 -1.76410723e-06 5.43323895e-11 -6.77410826e-05 -1.59435328e-08
1.085805         6.22604828e-06 -8.10695110e-03 -1.56658782e-06 6.22554856e-06 -8.03939465e-03 -1.55076780e-06 4.99714055e-10 -6.75564484e-05 -1.58200129e-08
1.0863           -8.54543587e-06 -5.05596762e-03 2.33831018e-06 -8.54182867e-06 -4.98908048e-03 2.35301988e-06 -3.60720613e-09 -6.68871431e-05 -1.47097010e-08
1.086794         2.01468996e-05 -8.23516340e-03 -5.26674009e-06 2.01454154e-05 -8.16839332e-03 -5.25115573e-06 1.48422383e-09 -6.67700857e-05 -1.55843638e-08
1.087288         7.24757746e-06 -9.61524427e-03 -1.85719240e-06 7.24502513e-06 -9.54836773e-03 -1.84161184e-06 2.55233739e-09 -6.68765454e-05 -1.55805606e-08
1.087783         8.47602151e-06 -9.05912134e-03 -1.83213544e-06 8.47201457e-06 -8.99220872e-03 -1.81652046e-06 4.00693978e-09 -6.69126235e-05 -1.56149788e-08
1.088277         6.03155301e-06 -9.20253709e-03 -1.51337549e-06 6.02694287e-06 -9.13555811e-03 -1.49783456e-06 4.61013895e-09 -6.69789769e-05 -1.55409281e-08
1.088772         6.46899899e-06 -9.74714368e-03 -1.57740176e-06 6.46359069e-06 -9.68005940e-03 -1.56189802e-06 5.40829423e-09 -6.70842834e-05 -1.55037414e-08
1.089266         6.34431538e-06 -7.57651515e-03 -1.53027359e-06 6.33805205e-06 -7.50977411e-03 -1.51480720e-06 6.26333052e-09 -6.67410438e-05 -1.54663917e-08
1.08976          4.95113580e-06 -6.90784183e-03 -1.42556031e-06 4.94446046e-06 -6.84155647e-03 -1.41019531e-06 6.67534143e-09 -6.62853654e-05 -1.53650021e-08
1.090255         -1.08743840e-05 -8.29111298e-03 1.00871535e-06 -1.08762731e-05 -8.22483718e-03 1.02304753e-06 1.88910073e-09 -6.62758008e-05 -1.43321754e-08
1.090749         7.72759657e-06 -8.74753983e-03 -1.71611203e-06 7.72412583e-06 -8.68113672e-03 -1.70166677e-06 3.47073283e-09 -6.64031058e-05 -1.44452574e-08
1.091243         7.00147689e-06 -9.37912961e-03 -1.50703079e-06 6.99661555e-06 -9.31260873e-03 -1.49255506e-06 4.86133886e-09 -6.65208807e-05 -1.44757308e-08
1.091738         1.17559924e-05 -1.00565841e-02 -3.48094628e-06 1.17483812e-05 -9.98982550e-03 -3.46596558e-06 7.61122882e-09 -6.67586372e-05 -1.49806946e-08
1.092232         8.38895316e-08 -9.83031328e-03 1.06389182e-07 7.71159413e-08 -9.76347420e-03 1.20942425e-07 6.77359032e-09 -6.68390803e-05 -1.45532424e-08
1.092726         1.88447386e-06 -8.35946562e-03 -6.50519306e-07 1.87808414e-06 -8.29283332e-03 -6.36203547e-07 6.38972376e-09 -6.66322974e-05 -1.43157593e-08
1.093221         4.26846292e-06 -8.28993260e-03 -1.23319661e-06 4.26161857e-06 -8.22347365e-03 -1.21894366e-06 6.84435855e-09 -6.64589455e-05 -1.42529496e-08
1.093715         5.34810101e-06 -7.72820158e-03 -1.36112528e-06 5.34038612e-06 -7.66187206e-03 -1.34685982e-06 7.71488549e-09 -6.63295245e-05 -1.42654535e-08
1.094209         2.39494082e-06 -7.15978853e-03 -7.85569281e-07 2.38726698e-06 -7.09363109e-03 -7.71476835e-07 7.67384012e-09 -6.61574414e-05 -1.40924459e-08
1.094704         5.99355642e-06 -9.35471836e-03 -1.49655672e-06 5.98460007e-06 -9.28848905e-03 -1.48238715e-06 8.95635109e-09 -6.62293113e-05 -1.41695784e-08
1.095198         7.81863463e-06 -1.14294364e-02 -1.78208548e-06 7.80788228e-06 -1.13630604e-02 -1.76770868e-06 1.07523432e-08 -6.63759553e-05 -1.43767981e-08
1.095692         2.97922110e-06 -9.44186522e-03 -8.67495684e-07 2.96811167e-06 -9.37552390e-03 -8.53217652e-07 1.11094218e-08 -6.63413197e-05 -1.42780323e-08
1.096187         1.01200637e-05 -7.94499219e-03 -2.15885234e-06 1.01061641e-05 -7.87868186e-03 -2.14414807e-06 1.38995611e-08 -6.63103297e-05 -1.47042624e-08
1.096681         6.75035909e-06 -8.22336452e-03 -1.94138737e-06 6.73491317e-06 -8.15712527e-03 -1.92646791e-06 1.54459213e-08 -6.62392521e-05 -1.49194626e-08
1.097175         8.62851381e-06 -7.21658819e-03 -2.62481462e-06 8.61090003e-06 -7.15046111e-03 -2.60946541e-06 1.76137867e-08 -6.61270775e-05 -1.53492054e-08
1.09767          4.81230730e-06 -7.50673393e-03 -1.45360983e-06 4.79369560e-06 -7.44069762e-03 -1.43813491e-06 1.86117044e-08 -6.60363098e-05 -1.54749251e-08
1.098164         4.70311583e-06 -9.31760586e-03 -1.43879659e-06 4.68350590e-06 -9.25156368e-03 -1.42318283e-06 1.96099314e-08 -6.60421785e-05 -1.56137587e-08
1.098658         3.50200358e-06 -9.73685874e-03 -8.69464123e-07 3.48173182e-06 -9.67087259e-03 -8.53816336e-07 2.02717661e-08 -6.59861492e-05 -1.56477870e-08
1.099153         7.94883760e-06 -8.75265330e-03 -2.53440215e-06 7.92635357e-06 -8.68671802e-03 -2.51825595e-06 2.24840348e-08 -6.59352763e-05 -1.61461990e-08
1.099647         4.59641902e-06 -7.98087300e-03 -1.44825227e-06 4.57282134e-06 -7.91494361e-03 -1.43190329e-06 2.35976833e-08 -6.59293950e-05 -1.63489807e-08
1.100141         3.75092466e-06 -8.43216633e-03 -1.17114979e-06 3.72649662e-06 -8.36624767e-03 -1.15466187e-06 2.44280460e-08 -6.59186623e-05 -1.64879144e-08
1.100636         5.25175739e-06 -9.77090104e-03 -1.46076259e-06 5.22593443e-06 -9.70489811e-03 -1.44401673e-06 2.58229603e-08 -6.60029298e-05 -1.67458610e-08
1.10113          3.68422197e-07 -9.43920363e-03 -2.58746637e-07 3.42759068e-07 -9.37314169e-03 -2.42081412e-07 2.56631281e-08 -6.60619420e-05 -1.66652252e-08
1.101624         6.16656318e-06 -8.24336732e-03 -1.78119169e-06 6.13918503e-06 -8.17746687e-03 -1.76417638e-06 2.73781500e-08 -6.59004567e-05 -1.70153063e-08
1.102119         4.23843192e-07 -7.57651824e-03 -5.67272726e-07 3.96625602e-07 -7.51080602e-03 -5.50297478e-07 2.72175896e-08 -6.57122198e-05 -1.69752483e-08
1.102613         5.28020933e-06 -8.54433227e-03 -1.50433618e-06 5.25143678e-06 -8.47865425e-03 -1.48705605e-06 2.87725526e-08 -6.56780187e-05 -1.72801274e-08
1.103107         2.96883168e-06 -9.36051263e-03 -9.65628108e-07 2.93920116e-06 -9.29480664e-03 -9.48198310e-07 2.96305268e-08 -6.57059814e-05 -1.74297978e-08
1.103602         3.53996080e-06 -8.57822062e-03 -1.19203220e-06 3.50935920e-06 -8.51260710e-03 -1.17439538e-06 3.06015994e-08 -6.56135179e-05 -1.76368152e-08
1.104096         4.05313064e-06 -7.98130459e-03 -1.24729514e-06 4.02142840e-06 -7.91584574e-03 -1.22943053e-06 3.17022388e-08 -6.54588480e-05 -1.78646168e-08
1.104591         4.67578750e-06 -8.72396323e-03 -1.58285184e-06 4.64278579e-06 -8.65852058e-03 -1.56468004e-06 3.30017144e-08 -6.54426533e-05 -1.81717999e-08
1.105085         4.03404526e-06 -9.14653801e-03 -1.31746047e-06 3.99995308e-06 -9.08106829e-03 -1.29904431e-06 3.40921860e-08 -6.54697219e-05 -1.84161627e-08
1.105579         3.83153638e-06 -9.52356165e-03 -1.34034546e-06 3.79643175e-06 -9.45802275e-03 -1.32169195e-06 3.51046337e-08 -6.55388973e-05 -1.86535144e-08
1.106074         -2.59233800e-06 -9.85150959e-03 -2.25388007e-07 -2.62632643e-06 -9.78566719e-03 -2.06979697e-07 3.39884313e-08 -6.58423959e-05 -1.84083099e-08
1.106568         2.71925447e-06 -9.49328764e-03 -1.13094575e-06 2.68452937e-06 -9.42717627e-03 -1.11234844e-06 3.47250978e-08 -6.61113710e-05 -1.85973063e-08
1.107062         5.17967552e-06 -6.59627547e-03 -1.85923500e-06 5.14364341e-06 -6.53055905e-03 -1.84030628e-06 3.60321100e-08 -6.57164220e-05 -1.89287138e-08
1.107557         4.69006328e-06 -6.09716664e-03 -1.43561801e-06 4.65292756e-06 -6.03202473e-03 -1.41643821e-06 3.71357195e-08 -6.51419051e-05 -1.91797968e-08
1.108051         8.27476233e-06 -8.80244102e-03 -2.08825459e-06 8.23530471e-06 -8.73729921e-03 -2.06851866e-06 3.94576141e-08 -6.51418139e-05 -1.97359320e-08
1.108545         4.82288205e-06 -1.06477673e-02 -1.53466695e-06 4.78224513e-06 -1.05824543e-02 -1.51463628e-06 4.06369223e-08 -6.53130155e-05 -2.00306636e-08
1.10904          1.64689810e-06 -8.89996186e-03 -2.10913632e-07 1.60590866e-06 -8.83467128e-03 -1.90861975e-07 4.09894476e-08 -6.52905747e-05 -2.00516574e-08
1.109534         1.47372742e-05 -8.10773070e-03 -4.70990874e-06 1.46920474e-05 -8.04243719e-03 -4.68860394e-06 4.52268961e-08 -6.52935115e-05 -2.13048009e-08
1.110028         -1.47863593e-06 -7.49724899e-03 2.34914981e-07 -1.52301884e-06 -7.43198614e-03 2.55951774e-07 4.43829082e-08 -6.52628530e-05 -2.10367925e-08
1.110523         1.48458143e-05 -9.17911113e-03 -4.20718627e-06 1.47970420e-05 -9.11375209e-03 -4.18494634e-06 4.87722796e-08 -6.53590394e-05 -2.22399369e-08
1.111017         6.16363662e-06 -8.83450025e-03 -2.04873093e-06 6.11330606e-06 -8.76910383e-03 -2.02603194e-06 5.03305537e-08 -6.53964251e-05 -2.26989957e-08
1.111511         3.71242454e-06 -8.21686193e-03 -1.32006765e-06 3.66133235e-06 -8.15161654e-03 -1.29712402e-06 5.10921888e-08 -6.52453804e-05 -2.29436266e-08
1.112006         3.52123968e-06 -7.80382385e-03 -1.26492266e-06 3.46940533e-06 -7.73881757e-03 -1.24172830e-06 5.18343479e-08 -6.50062782e-05 -2.31943690e-08
1.1125           2.16253877e-06 -8.21936247e-03 -9.70987303e-07 2.11047782e-06 -8.15443314e-03 -9.47667967e-07 5.20609568e-08 -6.49293332e-05 -2.33193360e-08
1.112989         4.56694587e-06 -8.40433830e-03 -1.56554949e-06 4.51385194e-06 -8.33941452e-03 -1.54189986e-06 5.30939351e-08 -6.49237775e-05 -2.36496307e-08
1.113478         1.30909735e-06 -8.78300259e-03 -8.96986405e-07 1.25603345e-06 -8.71807836e-03 -8.73254384e-07 5.30639007e-08 -6.49242356e-05 -2.37320202e-08
1.113967         5.66538201e-06 -8.77892224e-03 -1.83518347e-06 5.61082489e-06 -8.71390801e-03 -1.81101024e-06 5.45571201e-08 -6.50142321e-05 -2.41732279e-08
1.114451         3.89306916e-06 -8.99912061e-03 -1.36567027e-06 3.83764188e-06 -8.93404426e-03 -1.34121950e-06 5.54272843e-08 -6.50763566e-05 -2.44507717e-08
1.114934         -6.34305827e-07 -8.38985915e-03 2.64125596e-07 -6.89269595e-07 -8.32492331e-03 2.88417038e-07 5.49637677e-08 -6.49358394e-05 -2.42914419e-08
1.115418         1.43812189e-06 -8.50528829e-03 -5.73790539e-07 1.38297305e-06 -8.44044280e-03 -5.49433784e-07 5.51488382e-08 -6.48454923e-05 -2.43567550e-08
1.115901         6.59783931e-06 -8.34578585e-03 -2.62090584e-06 6.54090630e-06 -8.28100143e-03 -2.59590056e-06 5.69330155e-08 -6.47844164e-05 -2.50052766e-08
1.116385         8.59845478e-08 -8.68979759e-03 -3.88389304e-07 2.93078845e-08 -8.62497702e-03 -3.63379901e-07 5.66766633e-08 -6.48205763e-05 -2.50094033e-08
1.116868         1.32719161e-06 -8.33055427e-03 -7.94008852e-07 1.27034674e-06 -8.26580601e-03 -7.68870407e-07 5.68448738e-08 -6.47482626e-05 -2.51384456e-08
1.117352         8.11393718e-07 -7.46192440e-03 -4.91633578e-07 7.54560152e-07 -7.39730408e-03 -4.66433732e-07 5.68335661e-08 -6.46203181e-05 -2.51998467e-08
1.117841         1.22908756e-05 -7.72095315e-03 -4.63918385e-06 1.22304722e-05 -7.65644084e-03 -4.61270178e-06 6.04034116e-08 -6.45123057e-05 -2.64820694e-08
1.118331         -9.79588849e-06 -8.50475575e-03 3.39954553e-06 -9.85292820e-06 -8.44021530e-03 3.42496189e-06 5.70397120e-08 -6.45404480e-05 -2.54163602e-08
1.11882          -1.23722323e-06 -9.20080377e-03 1.77165766e-07 -1.29366997e-06 -9.13620602e-03 2.02482256e-07 5.64467466e-08 -6.45977463e-05 -2.53164897e-08
1.11931          4.52508149e-07 -9.31064422e-03 -4.04484796e-07 3.96099382e-07 -9.24591547e-03 -3.79084667e-07 5.64087667e-08 -6.47287516e-05 -2.54001293e-08
1.119793         8.41544451e-07 -1.02720245e-02 -4.92804433e-07 7.85029525e-07 -1.02070106e-02 -4.67282933e-07 5.65149262e-08 -6.50139223e-05 -2.55215008e-08
1.120276         6.83344502e-06 -7.42222576e-03 -3.29246052e-06 6.77501411e-06 -7.35744467e-03 -3.26608276e-06 5.84309159e-08 -6.47810954e-05 -2.63777601e-08
1.120759         -1.90300267e-06 -4.85194244e-03 9.64767301e-07 -1.96083952e-06 -4.78783407e-03 9.90938281e-07 5.78368463e-08 -6.41083627e-05 -2.61709804e-08
1.121249         8.38251167e-07 -7.50462101e-03 -4.44723121e-07 7.80134535e-07 -7.44061312e-03 -4.18366834e-07 5.81166320e-08 -6.40078902e-05 -2.63562873e-08
1.121739         2.26056169e-06 -1.00241783e-02 -1.11576722e-06 2.20158976e-06 -9.95986864e-03 -1.08904765e-06 5.89719310e-08 -6.43096583e-05 -2.67195664e-08
1.122228         2.21066414e-06 -9.20429658e-03 -8.54533740e-07 2.15096452e-06 -9.13986801e-03 -8.27467922e-07 5.96996174e-08 -6.44285722e-05 -2.70658185e-08
1.122718         -6.49171168e-06 -8.13707252e-03 1.54461739e-06 -6.54931463e-06 -8.07272689e-03 1.57117795e-06 5.76029501e-08 -6.43456305e-05 -2.65605666e-08
1.123208         5.57917408e-07 -7.85232438e-03 -4.40654844e-07 5.00040665e-07 -7.78804025e-03 -4.13870301e-07 5.78767434e-08 -6.42841258e-05 -2.67845429e-08
1.123698         9.84497578e-06 -8.41443458e-03 -4.48687035e-06 9.78354140e-06 -8.35015793e-03 -4.45871349e-06 6.14343839e-08 -6.42766486e-05 -2.81568550e-08
1.124187         -1.46800644e-05 -9.64275442e-03 5.89389465e-06 -1.47364388e-05 -9.57847822e-03 5.92046947e-06 5.63744425e-08 -6.42761999e-05 -2.65748216e-08
1.124677         -2.00299997e-06 -9.66084048e-03 6.37105229e-07 -2.05892328e-06 -9.59653110e-03 6.63639600e-07 5.59233126e-08 -6.43093842e-05 -2.65343709e-08
1.125167         5.48739031e-07 -6.61053178e-03 -2.40119875e-07 4.92458890e-07 -6.54638399e-03 -2.13352825e-07 5.62801414e-08 -6.41477955e-05 -2.67670499e-08
1.125657         -1.14438990e-06 -7.32970447e-03 2.77183792e-07 -1.20051765e-06 -7.26560907e-03 3.04011943e-07 5.61277535e-08 -6.40954029e-05 -2.68281518e-08
1.126146         8.58683242e-07 -8.70358546e-03 -8.37670613e-08 8.02024924e-07 -8.63967118e-03 -5.66919144e-08 5.66583182e-08 -6.39142765e-05 -2.70751470e-08
1.126636         3.74781934e-06 -8.05704599e-03 -1.35701739e-06 3.68968629e-06 -7.99332690e-03 -1.32936397e-06 5.81330466e-08 -6.37190915e-05 -2.76534162e-08
1.127126         3.29382333e-06 -7.19171195e-03 -1.30293369e-06 3.23448853e-06 -7.12798683e-03 -1.27474732e-06 5.93348062e-08 -6.37251273e-05 -2.81863684e-08
1.127616         1.14158864e-05 -7.87884469e-03 -3.86072471e-06 1.13526018e-05 -7.81499967e-03 -3.83118405e-06 6.32845624e-08 -6.38450182e-05 -2.95406583e-08
1.128105         -1.85712431e-06 -8.72376626e-03 6.38779343e-07 -1.91981634e-06 -8.65988565e-03 6.68312172e-07 6.26920292e-08 -6.38806071e-05 -2.95328291e-08
1.128595         -2.68383420e-07 -9.39634767e-03 -6.46285420e-08 -3.31115871e-07 -9.33247977e-03 -3.49481664e-08 6.27324504e-08 -6.38678929e-05 -2.96803755e-08
1.129085         7.13463037e-07 -8.28026355e-03 -3.14297150e-07 6.50380838e-07 -8.21644198e-03 -2.84375506e-07 6.30821996e-08 -6.38215699e-05 -2.99216436e-08
1.129575         -4.95358104e-06 -7.37910087e-03 1.45302333e-06 -5.01526672e-06 -7.31537924e-03 1.48257642e-06 6.16856868e-08 -6.37216354e-05 -2.95530951e-08
1.130064         1.75794627e-09 -7.66443777e-03 -2.25202037e-07 -6.01493122e-08 -7.60077884e-03 -1.95444861e-07 6.19072585e-08 -6.36589303e-05 -2.97571759e-08
1.130554         -3.76141759e-07 -9.16923062e-03 5.94545518e-08 -4.38181037e-07 -9.10539864e-03 8.93511639e-08 6.20392782e-08 -6.38319736e-05 -2.98966121e-08
1.131044         -7.78648829e-07 -9.12878215e-03 1.77489313e-07 -8.40690949e-07 -9.06479865e-03 2.07494001e-07 6.20421205e-08 -6.39835020e-05 -3.00046879e-08
1.131534         6.32885513e-07 -7.71378646e-03 -1.85051662e-07 5.70277384e-07 -7.65003326e-03 -1.54739169e-07 6.26081288e-08 -6.37531964e-05 -3.03124931e-08
1.132023         -1.19892392e-06 -7.13520712e-03 1.45074180e-07 -1.26147025e-06 -7.07181939e-03 1.75468798e-07 6.25463291e-08 -6.33877263e-05 -3.03946179e-08
1.132513         3.48588496e-06 -7.57288766e-03 -1.57592101e-06 3.42176936e-06 -7.50955857e-03 -1.54485580e-06 6.41156020e-08 -6.33290956e-05 -3.10652056e-08
1.133003         8.03434826e-08 -7.35232731e-03 -2.32250861e-07 1.58862235e-08 -7.28895029e-03 -2.00942638e-07 6.44572591e-08 -6.33770248e-05 -3.13082238e-08
1.133492         3.21353442e-07 -7.77957414e-03 -3.46136716e-07 2.56474815e-07 -7.71617333e-03 -3.14546623e-07 6.48786261e-08 -6.34008047e-05 -3.15900936e-08
1.133982         3.17937753e-06 -9.79219027e-03 -1.00625664e-06 3.11303356e-06 -9.72864055e-03 -9.74052820e-07 6.63439642e-08 -6.35497148e-05 -3.22038213e-08
1.134472         -8.12389965e-06 -9.20822808e-03 2.06383270e-06 -8.18777996e-06 -9.14463231e-03 2.09535181e-06 6.38803050e-08 -6.35957709e-05 -3.15191045e-08
1.134962         -1.10059251e-06 -7.48268921e-03 3.40584326e-07 -1.16451339e-06 -7.41923858e-03 3.72244768e-07 6.39208885e-08 -6.34506384e-05 -3.16604424e-08
1.135451         -2.36540904e-06 -7.48720668e-03 7.87573932e-07 -2.42903569e-06 -7.42386704e-03 8.19239956e-07 6.36266550e-08 -6.33396447e-05 -3.16660233e-08
1.135941         -3.19755042e-06 -8.21966455e-03 1.30184786e-06 -3.26057631e-06 -8.15636247e-03 1.33342074e-06 6.30258847e-08 -6.33020722e-05 -3.15728799e-08
1.136431         -3.40981333e-06 -6.57380788e-03 1.19366297e-06 -3.47225418e-06 -6.51075071e-03 1.22512630e-06 6.24408471e-08 -6.30571748e-05 -3.14633360e-08
1.136921         -2.76119894e-06 -8.14445215e-03 1.00405991e-06 -2.82331611e-06 -8.08135707e-03 1.03550429e-06 6.21171714e-08 -6.30950847e-05 -3.14443809e-08
1.13741          -3.00270743e-06 -9.69138252e-03 1.02304664e-06 -3.06442718e-06 -9.62793003e-03 1.05445548e-06 6.17197483e-08 -6.34524911e-05 -3.14088390e-08
1.1379           -4.53629654e-06 -8.56719098e-03 1.70117467e-06 -4.59719362e-06 -8.50369762e-03 1.73236725e-06 6.08970873e-08 -6.34933637e-05 -3.11925831e-08
1.13839          -3.84088244e-07 -7.08097565e-03 -5.11986339e-08 -4.45634134e-07 -7.01783046e-03 -1.96399488e-08 6.15458907e-08 -6.31451907e-05 -3.15586851e-08
1.13888          7.30914324e-07 -7.44451940e-03 -6.28617983e-07 6.68419480e-07 -7.38160985e-03 -5.96538011e-07 6.24948440e-08 -6.29095479e-05 -3.20799721e-08
1.139369         -5.68432602e-06 -7.58495568e-03 2.33871281e-06 -5.74575335e-06 -7.52211325e-03 2.37045434e-06 6.14273291e-08 -6.28424297e-05 -3.17415265e-08
1.139859         3.77272820e-06 -7.25452231e-03 -1.19266105e-06 3.70926103e-06 -7.19176598e-03 -1.16007060e-06 6.34671787e-08 -6.27563362e-05 -3.25904520e-08
1.140349         -1.68722802e-06 -8.30480515e-03 4.86137712e-07 -1.75089539e-06 -8.24194829e-03 5.18941956e-07 6.36673717e-08 -6.28568578e-05 -3.28042437e-08
1.140839         -2.75546286e-06 -9.64364638e-03 1.15356239e-06 -2.81895887e-06 -9.58045649e-03 1.18642045e-06 6.34960110e-08 -6.31898926e-05 -3.28580660e-08
1.141328         -2.37737266e-06 -8.21900531e-03 9.67124830e-07 -2.44088281e-06 -8.15581654e-03 1.00010213e-06 6.35101497e-08 -6.31887623e-05 -3.29772966e-08
1.141818         -1.85603980e-06 -7.25807923e-03 2.98951608e-07 -1.91967668e-06 -7.19501992e-03 3.32172493e-07 6.36368804e-08 -6.30593125e-05 -3.32208851e-08
1.142308         -3.68590352e-06 -7.02987721e-03 1.38232605e-06 -3.74913696e-06 -6.96692655e-03 1.41551746e-06 6.32334381e-08 -6.29506642e-05 -3.31914102e-08
1.142798         -1.37733366e-06 -6.60343580e-03 3.23648666e-07 -1.44089821e-06 -6.54077358e-03 3.57134637e-07 6.35645483e-08 -6.26622217e-05 -3.34859712e-08
1.143287         6.96211563e-07 -7.99435944e-03 -5.32236270e-07 6.31576046e-07 -7.93189440e-03 -4.98170125e-07 6.46355171e-08 -6.24650323e-05 -3.40661456e-08
1.143777         -1.27457364e-06 -8.61304905e-03 3.83734002e-07 -1.33950058e-06 -8.55040439e-03 4.18072988e-07 6.49269379e-08 -6.26446570e-05 -3.43389856e-08
1.144267         1.20709225e-05 -9.18491911e-03 -4.59819068e-06 1.20012473e-05 -9.12193116e-03 -4.56186755e-06 6.96752099e-08 -6.29879465e-05 -3.63231233e-08
1.144756         -4.68732563e-06 -7.27980721e-03 8.90965779e-07 -4.75575796e-06 -7.21698763e-03 9.27174583e-07 6.84323343e-08 -6.28195842e-05 -3.62088041e-08
1.145246         3.23258183e-06 -5.85894181e-03 -2.26295306e-06 3.16254566e-06 -5.79663460e-03 -2.22576500e-06 7.00361661e-08 -6.23072049e-05 -3.71880661e-08
1.145736         -3.77065457e-06 -7.66955377e-03 1.81587124e-06 -3.84014167e-06 -7.60730102e-03 1.85292710e-06 6.94871040e-08 -6.22527521e-05 -3.70558581e-08
1.146226         6.64122346e-07 -9.21172839e-03 -4.37318910e-07 5.93898650e-07 -9.14919035e-03 -3.99780846e-07 7.02236960e-08 -6.25380424e-05 -3.75380646e-08
1.146715         -4.13406173e-07 -8.48769858e-03 -9.42588189e-08 -4.84066341e-07 -8.42504422e-03 -5.63331214e-08 7.06601688e-08 -6.26543657e-05 -3.79256975e-08
1.147205         -1.01852979e-06 -7.05625706e-03 2.39090979e-07 -1.08942647e-06 -6.99369185e-03 2.77320290e-07 7.08966794e-08 -6.25652105e-05 -3.82293111e-08
1.147695         5.26900516e-06 -7.14337285e-03 -2.57912017e-06 5.19586384e-06 -7.08086845e-03 -2.53973021e-06 7.31413228e-08 -6.25043957e-05 -3.93899598e-08
1.148185         8.85688816e-06 -7.10943739e-03 -4.68152575e-06 8.78005566e-06 -7.04702040e-03 -4.64034246e-06 7.68325088e-08 -6.24169924e-05 -4.11832925e-08
1.148674         -1.49336010e-05 -7.13670665e-03 7.53093090e-06 -1.50057958e-05 -7.07438990e-03 7.57022580e-06 7.21948021e-08 -6.23167560e-05 -3.92948999e-08
1.149164         -2.42922811e-06 -7.36347017e-03 1.04415170e-06 -2.50122630e-06 -7.30118487e-03 1.08352786e-06 7.19981912e-08 -6.22853043e-05 -3.93761573e-08
1.149654         1.44903468e-08 -8.62924775e-03 -4.44484100e-08 -5.81075777e-08 -8.56698675e-03 -4.64232503e-09 7.25979245e-08 -6.22610014e-05 -3.98060850e-08
1.150144         -1.09214719e-06 -8.29975094e-03 2.86361424e-07 -1.16491756e-06 -8.23749735e-03 3.26439529e-07 7.27703745e-08 -6.22535950e-05 -4.00781053e-08
1.150633         -2.59695100e-06 -7.50644705e-03 8.72900495e-07 -2.66945140e-06 -7.44436084e-03 9.13065908e-07 7.25004004e-08 -6.20862089e-05 -4.01654133e-08
1.151123         2.24336030e-06 -7.15999193e-03 -9.61850139e-07 2.16960334e-06 -7.09806084e-03 -9.20947758e-07 7.37569548e-08 -6.19310841e-05 -4.09023806e-08
1.151613         -1.61215183e-06 -7.10697849e-03 5.52408024e-07 -1.68596047e-06 -7.04504209e-03 5.93519328e-07 7.38086325e-08 -6.19364064e-05 -4.11113039e-08
1.152103         -2.62345748e-06 -6.58443651e-03 1.10400679e-06 -2.69702902e-06 -6.52250660e-03 1.14520246e-06 7.35715396e-08 -6.19299129e-05 -4.11956738e-08
1.152592         -2.25140617e-06 -7.79301170e-03 1.13793938e-06 -2.32496946e-06 -7.73103559e-03 1.17931417e-06 7.35632925e-08 -6.19761197e-05 -4.13747904e-08
1.153082         -5.77267837e-06 -8.78811738e-03 2.19395205e-06 -5.84492446e-06 -8.72610248e-03 2.23495636e-06 7.22460897e-08 -6.20149019e-05 -4.10043142e-08
1.153572         -2.65375500e-06 -8.61400331e-03 1.16597284e-06 -2.72576727e-06 -8.55195135e-03 1.20705457e-06 7.20122747e-08 -6.20519566e-05 -4.10817297e-08
1.154062         -1.01020092e-05 -8.62800962e-03 3.99776394e-06 -1.01714257e-05 -8.56588886e-03 4.03791602e-06 6.94165420e-08 -6.21207609e-05 -4.01520774e-08
1.154551         2.58072695e-06 -8.80072419e-03 -8.76591401e-07 2.50971006e-06 -8.73859010e-03 -8.35559925e-07 7.10168877e-08 -6.21340919e-05 -4.10314756e-08
1.155041         -3.21105351e-06 -6.87581290e-03 1.46091170e-06 -3.28172709e-06 -6.81380896e-03 1.50198469e-06 7.06735766e-08 -6.20039311e-05 -4.10729848e-08
1.155531         -6.32865473e-06 -6.90464567e-03 2.89576734e-06 -6.39810160e-06 -6.84273950e-03 2.93644746e-06 6.94468740e-08 -6.19061748e-05 -4.06801137e-08
1.156021         8.00503429e-07 -6.58112644e-03 -5.95304762e-07 7.30009308e-07 -6.51934727e-03 -5.53999218e-07 7.04941212e-08 -6.17791625e-05 -4.13055441e-08
1.15651          -1.31169317e-06 -6.22728376e-03 4.77636182e-07 -1.38250978e-06 -6.16565878e-03 5.19233090e-07 7.08166090e-08 -6.16249802e-05 -4.15969082e-08
1.157            -7.70922092e-08 -6.49394485e-03 4.76098122e-08 -1.48633032e-07 -6.43246845e-03 8.96573649e-08 7.15408226e-08 -6.14764007e-05 -4.20475527e-08
1.157506         -1.35654914e-05 -6.64272682e-03 5.34231202e-06 -1.36330881e-05 -6.58148553e-03 5.38288859e-06 6.75967374e-08 -6.12412907e-05 -4.05765703e-08
1.158011         3.03304775e-06 -7.20617202e-03 -8.06664787e-07 2.96327909e-06 -7.14502025e-03 -7.65064571e-07 6.97686527e-08 -6.11517781e-05 -4.16002164e-08
1.158523         -6.08966293e-06 -8.61574385e-03 2.87226126e-06 -6.15772548e-06 -8.55445210e-03 2.91329659e-06 6.80625542e-08 -6.12917432e-05 -4.10353261e-08
1.159029         -5.53394126e-06 -8.10688300e-03 2.21340284e-06 -5.60073447e-06 -8.04555293e-03 2.25411811e-06 6.67932172e-08 -6.13300620e-05 -4.07152629e-08
1.159534         9.97018886e-07 -7.84977964e-03 -3.80743983e-07 9.29268445e-07 -7.78821995e-03 -3.39379493e-07 6.77504403e-08 -6.15596873e-05 -4.13644905e-08
1.16004          -4.36960578e-06 -7.84161814e-03 2.46078455e-06 -4.43666148e-06 -7.77986968e-03 2.50194150e-06 6.70556996e-08 -6.17484648e-05 -4.11569555e-08
1.160545         -2.66999375e-06 -7.04169709e-03 1.19433463e-06 -2.73685371e-06 -6.98027134e-03 1.23559708e-06 6.68599651e-08 -6.14257565e-05 -4.12624537e-08
1.161051         -2.12017018e-06 -6.82260142e-03 9.61775327e-07 -2.18700093e-06 -6.76152339e-03 1.00320446e-06 6.68307451e-08 -6.10780263e-05 -4.14291295e-08
1.161563         -1.67824694e-06 -6.51629249e-03 7.63859957e-07 -1.74522932e-06 -6.45534639e-03 8.05528797e-07 6.69823862e-08 -6.09460976e-05 -4.16688395e-08
1.162075         -3.90986036e-06 -6.18101175e-03 1.84784461e-06 -3.97625708e-06 -6.12015117e-03 1.88938276e-06 6.63967143e-08 -6.08605808e-05 -4.15381487e-08
1.162587         -1.25218527e-05 -6.97134111e-03 8.21770932e-06 -1.25845791e-05 -6.91045192e-03 8.25729704e-06 6.27264784e-08 -6.08891867e-05 -3.95877203e-08
1.163099         9.03125610e-06 -7.12587676e-03 -6.49767683e-06 8.96455545e-06 -7.06494468e-03 -6.45567156e-06 6.67006456e-08 -6.09320886e-05 -4.20052684e-08
1.163611         -2.85720506e-06 -7.05116782e-03 1.24609307e-06 -2.92355422e-06 -6.99022767e-03 1.28811679e-06 6.63491579e-08 -6.09401445e-05 -4.20237142e-08
1.164123         -6.14154299e-07 -8.38771777e-03 2.70649118e-07 -6.80905206e-07 -8.32676982e-03 3.13055318e-07 6.67509065e-08 -6.09479466e-05 -4.24062002e-08
1.164635         -1.09981125e-06 -6.52446711e-03 7.13693861e-07 -1.16678227e-06 -6.46365937e-03 7.56368532e-07 6.69710172e-08 -6.08077411e-05 -4.26746717e-08
1.165147         -3.59853362e-06 -4.52492403e-03 1.96162960e-06 -3.66486868e-06 -4.46448112e-03 2.00412674e-06 6.63350578e-08 -6.04429062e-05 -4.24971461e-08
1.165659         -2.42049943e-06 -5.42511210e-03 1.23879087e-06 -2.48660257e-06 -5.36490003e-03 1.28132591e-06 6.61031451e-08 -6.02120723e-05 -4.25350399e-08
1.166171         -2.39415459e-06 -9.22723689e-03 1.23900218e-06 -2.46003000e-06 -9.16693119e-03 1.28156838e-06 6.58754136e-08 -6.03056960e-05 -4.25661987e-08
1.166683         -1.04657028e-05 -9.23977419e-03 5.49604062e-06 -1.05286285e-05 -9.17943754e-03 5.53725589e-06 6.29256687e-08 -6.03366505e-05 -4.12152752e-08
1.167195         -2.45336219e-06 -5.34751674e-03 8.36135073e-07 -2.51574210e-06 -5.28741215e-03 8.77265370e-07 6.23799059e-08 -6.01045988e-05 -4.11302971e-08
1.167707         -4.44926030e-06 -4.69086811e-03 2.30638836e-06 -4.51062267e-06 -4.63096765e-03 2.34714503e-06 6.13623640e-08 -5.99004564e-05 -4.07566721e-08
1.168227         -1.29686786e-06 -8.28848007e-03 6.54408824e-07 -1.35834957e-06 -8.22839209e-03 6.95374780e-07 6.14817103e-08 -6.00879802e-05 -4.09659552e-08
1.168747         -3.59809015e-06 -1.00101594e-02 2.13194711e-06 -3.65885323e-06 -9.94970532e-03 2.17266070e-06 6.07630839e-08 -6.04540365e-05 -4.07135935e-08
1.169259         -4.24790315e-06 -6.20827935e-03 2.25449370e-06 -4.30770270e-06 -6.14813831e-03 2.29484705e-06 5.97995454e-08 -6.01410425e-05 -4.03533566e-08
1.169779         -2.37198821e-06 -2.65503094e-03 1.28015692e-06 -2.43136828e-06 -2.59579611e-03 1.32044069e-06 5.93800627e-08 -5.92348237e-05 -4.02837696e-08
1.170299         4.71745084e-06 -6.12962241e-03 -1.71256562e-06 4.65585542e-06 -6.07045325e-03 -1.67108615e-06 6.15954182e-08 -5.91691599e-05 -4.14794690e-08
1.170819         -7.97336525e-06 -9.61878250e-03 3.63174949e-06 -8.03237823e-06 -9.55901930e-03 3.67214486e-06 5.90129806e-08 -5.97632065e-05 -4.03953665e-08
1.171339         -5.59124855e-06 -7.93053016e-03 2.90510259e-06 -5.64872920e-06 -7.87066946e-03 2.94485044e-06 5.74806505e-08 -5.98607027e-05 -3.97478485e-08
1.171859         -3.34168477e-06 -6.04190409e-03 2.00024835e-06 -3.39843647e-06 -5.98235355e-03 2.03973119e-06 5.67517047e-08 -5.95505334e-05 -3.94828439e-08
1.172379         -1.72743325e-06 -6.10452307e-03 1.07556412e-06 -1.78401358e-06 -6.04519907e-03 1.11507839e-06 5.65803258e-08 -5.93240013e-05 -3.95142689e-08
1.172899         -2.89444984e-06 -5.77804384e-03 1.70780196e-06 -2.95045600e-06 -5.71899791e-03 1.74711208e-06 5.60061556e-08 -5.90459316e-05 -3.93101230e-08
1.173419         -3.00154849e-06 -6.13642925e-03 1.73676651e-06 -3.05693056e-06 -6.07758259e-03 1.77584517e-06 5.53820710e-08 -5.88466556e-05 -3.90786596e-08
1.173939         -5.79758900e-07 -7.28752512e-03 5.62790452e-07 -6.35350411e-07 -7.22857295e-03 6.02072288e-07 5.55915110e-08 -5.89521700e-05 -3.92818358e-08
1.174459         -2.97655394e-06 -7.65512973e-03 1.40900469e-06 -3.03138619e-06 -7.59602711e-03 1.44804045e-06 5.48322564e-08 -5.91026209e-05 -3.90357555e-08
1.174979         -1.13463564e-07 -6.23647599e-03 1.71137592e-07 -1.68585969e-07 -6.17762180e-03 2.10444224e-07 5.51224051e-08 -5.88541985e-05 -3.93066327e-08
1.175509         -1.78757298e-06 -6.57786433e-03 1.38059473e-06 -1.84243424e-06 -6.51924040e-03 1.41980400e-06 5.48612657e-08 -5.86239338e-05 -3.92092712e-08
1.17604          -1.78988120e-06 -6.36566143e-03 9.40021536e-07 -1.84434833e-06 -6.30715357e-03 9.79149200e-07 5.44671277e-08 -5.85078557e-05 -3.91276638e-08
1.17657          -3.86864623e-06 -6.05433870e-03 2.34706708e-06 -3.92203112e-06 -5.99600801e-03 2.38567542e-06 5.33848891e-08 -5.83306889e-05 -3.86083394e-08
1.177101         -3.95985608e-06 -5.90918463e-03 2.18551991e-06 -4.01210870e-06 -5.85090350e-03 2.22360987e-06 5.22526187e-08 -5.82811317e-05 -3.80899620e-08
1.177631         -2.74636301e-06 -7.08215327e-03 1.62522870e-06 -2.79783786e-06 -7.02372817e-03 1.66300210e-06 5.14748532e-08 -5.84250948e-05 -3.77733996e-08
1.178161         -5.73650578e-06 -5.88164891e-03 3.46289554e-06 -5.78617843e-06 -5.82340918e-03 3.49973411e-06 4.96726496e-08 -5.82397227e-05 -3.68385660e-08
1.178692         -3.20758036e-06 -5.49538047e-03 1.83267568e-06 -3.25624435e-06 -5.43743960e-03 1.86906397e-06 4.86639908e-08 -5.79408684e-05 -3.63882919e-08
1.179222         -1.54340487e-06 -5.16924534e-03 9.31718472e-07 -1.59165137e-06 -5.11154509e-03 9.67958415e-07 4.82465035e-08 -5.77002453e-05 -3.62399430e-08
1.179753         -2.08711126e-06 -5.00721388e-03 1.23361202e-06 -2.13468178e-06 -4.94965144e-03 1.26954745e-06 4.75705224e-08 -5.75624408e-05 -3.59354320e-08
1.180283         -2.04821015e-06 -6.25876578e-03 1.18114763e-06 -2.09513233e-06 -6.20128870e-03 1.21677671e-06 4.69221790e-08 -5.74770780e-05 -3.56290783e-08
1.180814         -1.05692487e-06 -7.57349249e-03 7.38276575e-07 -1.10350742e-06 -7.51610248e-03 7.73753445e-07 4.65825575e-08 -5.73900154e-05 -3.54768703e-08
1.181344         -2.76692604e-06 -6.70253856e-03 1.75100583e-06 -2.81253707e-06 -6.64524189e-03 1.78597208e-06 4.56110345e-08 -5.72966737e-05 -3.49662471e-08
1.181874         -1.20239299e-06 -6.90790049e-03 7.31141737e-07 -1.24756835e-06 -6.85062312e-03 7.65934302e-07 4.51753646e-08 -5.72773705e-05 -3.47925653e-08
1.182405         7.98273648e-07 -6.54099618e-03 -6.19868055e-07 7.52879461e-07 -6.48376859e-03 -5.84846666e-07 4.53941869e-08 -5.72275976e-05 -3.50213894e-08
1.182935         -8.16836871e-07 -5.90873235e-03 3.86845134e-07 -8.61839650e-07 -5.85169897e-03 4.21725634e-07 4.50027795e-08 -5.70333823e-05 -3.48805003e-08
1.183481         -3.80728586e-06 -6.51051520e-03 2.32741746e-06 -3.85073565e-06 -6.45363089e-03 2.36147673e-06 4.34497960e-08 -5.68843103e-05 -3.40592735e-08
1.184027         -2.83786463e-06 -5.03454248e-03 9.60002124e-07 -2.88009519e-06 -4.97785531e-03 9.93524831e-07 4.22305606e-08 -5.66871766e-05 -3.35227071e-08
1.184573         -1.09117190e-06 -5.20379517e-03 6.77053409e-07 -1.13284536e-06 -5.14727465e-03 7.10298772e-07 4.16734623e-08 -5.65205154e-05 -3.32453631e-08
1.185119         -6.08490698e-06 -5.03089193e-03 3.10001910e-06 -6.12414148e-06 -4.97464772e-03 3.13194499e-06 3.92345066e-08 -5.62442162e-05 -3.19258950e-08
1.185665         4.18070606e-06 -5.32439184e-03 -2.44153205e-06 4.14021343e-06 -5.26839594e-03 -2.40880356e-06 4.04926317e-08 -5.59959006e-05 -3.27284891e-08
1.186211         -9.96339034e-07 -6.24095061e-03 4.02277603e-07 -1.03616270e-06 -6.18501410e-03 4.34695636e-07 3.98236657e-08 -5.59365168e-05 -3.24180335e-08
1.186757         -1.41238330e-06 -6.29725271e-03 8.48319906e-07 -1.45138026e-06 -6.24139756e-03 8.80302090e-07 3.89969647e-08 -5.58551531e-05 -3.19821846e-08
1.187303         -1.17320745e-06 -5.78054898e-03 6.61314655e-07 -1.21143382e-06 -5.72488207e-03 6.92905725e-07 3.82263699e-08 -5.56669124e-05 -3.15910699e-08
1.187849         -3.35934582e-06 -6.25206589e-03 1.77596914e-06 -3.39609485e-06 -6.19654026e-03 1.80673090e-06 3.67490365e-08 -5.55256306e-05 -3.07617606e-08
1.188395         -2.46344605e-06 -6.62110804e-03 1.41549908e-06 -2.49896489e-06 -6.56547630e-03 1.44558778e-06 3.55188366e-08 -5.56317450e-05 -3.00887034e-08
1.188942         1.02431358e-06 -6.46552974e-03 -5.02999068e-07 9.88722961e-07 -6.40978451e-03 -4.72819694e-07 3.55906144e-08 -5.57452322e-05 -3.01793736e-08
1.189488         -1.92356728e-06 -4.67989851e-03 9.90234206e-07 -1.95812281e-06 -4.62454790e-03 1.01985562e-06 3.45555277e-08 -5.53506108e-05 -2.96214125e-08
1.190034         -1.44943075e-06 -4.46105558e-03 9.46953200e-07 -1.48319598e-06 -4.40611254e-03 9.76102579e-07 3.37652269e-08 -5.49430431e-05 -2.91493794e-08
1.19058          -4.97278621e-06 -4.84011575e-03 2.98823640e-06 -5.00443796e-06 -4.78546348e-03 3.01611122e-06 3.16517522e-08 -5.46522677e-05 -2.78748160e-08
1.191126         -1.99838446e-06 -4.33973215e-03 1.30159546e-06 -2.02904386e-06 -4.28543084e-03 1.32886641e-06 3.06594051e-08 -5.43013085e-05 -2.72709472e-08
1.191672         -2.70872842e-06 -7.12721648e-03 1.89197111e-06 -2.73816502e-06 -7.07277658e-03 1.91847496e-06 2.94365986e-08 -5.44398987e-05 -2.65038440e-08
1.192218         -7.57996470e-07 -7.76990664e-03 7.23304583e-07 -7.86922340e-07 -7.71525221e-03 7.49460635e-07 2.89258701e-08 -5.46544351e-05 -2.61560526e-08
1.192764         1.12368878e-06 -4.31793958e-03 -4.45992604e-07 1.09455420e-06 -4.26361432e-03 -4.19745697e-07 2.91345815e-08 -5.43252609e-05 -2.62469062e-08
1.19331          3.24803562e-07 -3.66000481e-03 -3.21295606e-07 2.95956393e-07 -3.60597386e-03 -2.95206253e-07 2.88471688e-08 -5.40309526e-05 -2.60893529e-08
1.193856         -2.79481201e-06 -4.92895333e-03 1.93439825e-06 -2.82229877e-06 -4.87509633e-03 1.95963288e-06 2.74867557e-08 -5.38569986e-05 -2.52346334e-08
1.194402         -2.58049081e-06 -5.47004006e-03 1.81065136e-06 -2.60672620e-06 -5.41634912e-03 1.83508396e-06 2.62353892e-08 -5.36909384e-05 -2.44326040e-08
1.194948         -2.69252868e-06 -4.38874221e-03 1.69042627e-06 -2.71746773e-06 -4.33535969e-03 1.71403870e-06 2.49390569e-08 -5.33825249e-05 -2.36124212e-08
1.195494         -2.21449536e-06 -3.93685391e-03 1.73080890e-06 -2.23828713e-06 -3.88386450e-03 1.75365680e-06 2.37917664e-08 -5.29894099e-05 -2.28479049e-08
1.19604          -1.47940183e-06 -5.57279386e-03 9.66982995e-07 -1.50240096e-06 -5.51990696e-03 9.89321427e-07 2.29991288e-08 -5.28869031e-05 -2.23384322e-08
1.196586         -3.16165042e-06 -6.00911348e-03 2.08646174e-06 -3.18332826e-06 -5.95622272e-03 2.10791037e-06 2.16778380e-08 -5.28907607e-05 -2.14486237e-08
1.197132         1.96345886e-06 -5.66563313e-03 -1.17126751e-06 1.94112029e-06 -5.61287651e-03 -1.14944998e-06 2.23385712e-08 -5.27566155e-05 -2.18175272e-08
1.197678         -3.61352815e-06 -5.56885315e-03 2.42872166e-06 -3.63412028e-06 -5.51634376e-03 2.44940662e-06 2.05921285e-08 -5.25093884e-05 -2.06849528e-08
1.198224         -1.37589368e-06 -5.67456970e-03 9.80650021e-07 -1.39571252e-06 -5.62208008e-03 1.00080320e-06 1.98188410e-08 -5.24896245e-05 -2.01531773e-08
1.19877          -2.65057228e-06 -6.69175927e-03 1.81793750e-06 -2.66914534e-06 -6.63901127e-03 1.83725774e-06 1.85730570e-08 -5.27480035e-05 -1.93202361e-08
1.199316         -8.14730068e-06 -5.00676918e-03 4.81606948e-06 -8.16256440e-06 -4.95433423e-03 4.83336622e-06 1.52637207e-08 -5.24349499e-05 -1.72967322e-08
1.199862         4.55704241e-06 -3.64019903e-03 -2.31042502e-06 4.54036127e-06 -3.58846280e-03 -2.29241257e-06 1.66811404e-08 -5.17362266e-05 -1.80124517e-08
1.200408         -1.02960293e-06 -4.57064468e-03 8.07644094e-07 -1.04564524e-06 -4.51910019e-03 8.25181162e-07 1.60423143e-08 -5.15444910e-05 -1.75370675e-08
1.200954         -2.00826615e-06 -5.38788645e-03 1.36162485e-06 -2.02329362e-06 -5.33627860e-03 1.37847623e-06 1.50274675e-08 -5.16078547e-05 -1.68513777e-08
1.2015           -1.46519100e-06 -5.23314324e-03 1.04128857e-06 -1.47942865e-06 -5.18161865e-03 1.05757503e-06 1.42376573e-08 -5.15245912e-05 -1.62864654e-08
1.202078         -5.58338351e-06 -5.08467861e-03 3.47730028e-06 -5.59517656e-06 -5.03334378e-03 3.49199835e-06 1.17930489e-08 -5.13348335e-05 -1.46980732e-08
1.202656         -1.63496450e-06 -4.47696784e-03 1.15308862e-06 -1.64583883e-06 -4.42585464e-03 1.16715796e-06 1.08743330e-08 -5.11131987e-05 -1.40693397e-08
1.203242         -5.11307658e-07 -5.25843772e-03 3.90363079e-07 -5.21680289e-07 -5.20739592e-03 4.04081786e-07 1.03726303e-08 -5.10417993e-05 -1.37187066e-08
1.203827         1.36175890e-06 -4.01692387e-03 -8.25939397e-07 1.35125126e-06 -3.96623186e-03 -8.12141356e-07 1.05076460e-08 -5.06920067e-05 -1.37980413e-08
1.204413         -1.17950519e-06 -2.79140222e-03 8.37834621e-07 -1.18912911e-06 -2.74129902e-03 8.51039167e-07 9.62392248e-09 -5.01032039e-05 -1.32045457e-08
1.204999         -1.00384798e-07 -4.63184968e-03 1.22378511e-07 -1.09646185e-07 -4.58178808e-03 1.35325821e-07 9.26138650e-09 -5.00615944e-05 -1.29473102e-08
1.205585         -7.20980047e-07 -5.68824556e-03 7.55084231e-07 -7.29633745e-07 -5.63799382e-03 7.67583208e-07 8.65369825e-09 -5.02517360e-05 -1.24989765e-08
1.20617          -1.21585000e-06 -4.47377990e-03 9.42113188e-07 -1.22371160e-06 -4.42385066e-03 9.54057160e-07 7.86160785e-09 -4.99292457e-05 -1.19439716e-08
1.206756         -4.68656642e-06 -4.83415288e-03 3.43672638e-06 -4.69225399e-06 -4.78460276e-03 3.44718083e-06 5.68756798e-09 -4.95501204e-05 -1.04544529e-08
1.207325         -1.91574068e-06 -4.84776672e-03 1.41346613e-06 -1.92047735e-06 -4.79842934e-03 1.42324007e-06 4.73666502e-09 -4.93373831e-05 -9.77393819e-09
1.207893         -1.72315715e-06 -4.03234942e-03 1.28492529e-06 -1.72704520e-06 -3.98325624e-03 1.29408003e-06 3.88804566e-09 -4.90931813e-05 -9.15473657e-09
1.208462         -6.89318479e-07 -3.42632274e-03 7.26469517e-07 -6.92789077e-07 -3.37748163e-03 7.35264548e-07 3.47059841e-09 -4.88411158e-05 -8.79503033e-09
1.209031         2.11368000e-06 -3.05985000e-03 -1.55928093e-06 2.10947536e-06 -3.01123653e-03 -1.55001761e-06 4.20463835e-09 -4.86134757e-05 -9.26331523e-09
1.2096           -2.45283280e-07 -4.44487397e-03 1.42895401e-07 -2.49221407e-07 -4.39637598e-03 1.51985756e-07 3.93812751e-09 -4.84979834e-05 -9.09035572e-09
1.210168         1.96484002e-07 -4.53755886e-03 -3.67863909e-08 1.92688409e-07 -4.48920221e-03 -2.78017828e-08 3.79559348e-09 -4.83566497e-05 -8.98460815e-09
1.210737         6.32643659e-06 -5.61769698e-03 -3.68609139e-06 6.32043371e-06 -5.56924987e-03 -3.67562662e-06 6.00288274e-09 -4.84471130e-05 -1.04647795e-08
1.211306         -1.92206673e-08 -5.16336531e-03 -3.57694339e-07 -2.49161128e-08 -5.11495898e-03 -3.47373621e-07 5.69544547e-09 -4.84063247e-05 -1.03207180e-08
1.211875         3.49508775e-08 -2.36842704e-03 6.65544848e-08 2.94959749e-08 -2.32079196e-03 7.67141499e-08 5.45490257e-09 -4.76350819e-05 -1.01596651e-08
1.212444         -7.04651966e-09 -2.54032458e-03 1.89333618e-08 -1.22770782e-08 -2.49325411e-03 2.89570963e-08 5.23055851e-09 -4.70704725e-05 -1.00237346e-08
1.213012         -2.53276246e-07 -2.97677422e-03 1.53397719e-07 -2.58170139e-07 -2.92981622e-03 1.63218743e-07 4.89389335e-09 -4.69579938e-05 -9.82102393e-09
1.213581         -2.00501858e-06 -3.07697739e-03 1.45163933e-06 -2.00893798e-06 -3.03017225e-03 1.46080488e-06 3.91940334e-09 -4.68051376e-05 -9.16554526e-09
1.21415          -8.63430722e-07 -6.32778151e-03 8.89006478e-07 -8.66859748e-07 -6.28085107e-03 8.97819124e-07 3.42902624e-09 -4.69304471e-05 -8.81264587e-09
1.214719         1.80984228e-06 -4.68964463e-03 -1.41495925e-06 1.80592376e-06 -4.64282233e-03 -1.40572177e-06 3.91851793e-09 -4.68222937e-05 -9.23747951e-09
1.215287         -1.75713988e-06 -2.16119780e-03 1.33502379e-06 -1.76019448e-06 -2.11494998e-03 1.34369088e-06 3.05460118e-09 -4.62478162e-05 -8.66709088e-09
1.215856         1.23749140e-06 -3.07435219e-03 -1.95493851e-06 1.23426391e-06 -3.02836263e-03 -1.94588523e-06 3.22748862e-09 -4.59895669e-05 -9.05327781e-09
1.216425         -4.09491223e-06 -6.61043130e-03 3.85873822e-06 -4.09665659e-06 -6.56392208e-03 3.86659008e-06 1.74436102e-09 -4.65092251e-05 -7.85185516e-09
1.216994         -2.50414263e-06 -4.75576457e-03 1.95883330e-06 -2.50491398e-06 -4.70929987e-03 1.96599366e-06 7.71353707e-10 -4.64646959e-05 -7.16035672e-09
1.217562         -1.09819583e-06 -1.78389817e-03 9.67007638e-07 -1.09854057e-06 -1.73824444e-03 9.73860699e-07 3.44740208e-10 -4.56537327e-05 -6.85306126e-09
1.218131         -1.08128620e-06 -2.87423565e-03 8.71355921e-07 -1.08123252e-06 -2.82898925e-03 8.77930482e-07 -5.36734469e-11 -4.52463947e-05 -6.57456069e-09
1.218712         -1.64016648e-06 -4.25880025e-03 1.40506919e-06 -1.63949775e-06 -4.21365121e-03 1.41120577e-06 -6.68728319e-10 -4.51490404e-05 -6.13657550e-09
1.219292         -4.02142625e-06 -3.44263286e-03 3.21601738e-06 -4.01909182e-06 -3.39769032e-03 3.22097656e-06 -2.33442429e-09 -4.49425389e-05 -4.95918176e-09
1.219873         -5.60561026e-06 -4.12868238e-03 3.89334900e-06 -5.60111418e-06 -4.08383328e-03 3.89682357e-06 -4.49607785e-09 -4.48490967e-05 -3.47456899e-09
1.220453         5.73334309e-06 -3.79487073e-03 -3.65247629e-06 5.73538835e-06 -3.75022942e-03 -3.64735002e-06 -2.04525812e-09 -4.46413135e-05 -5.12626067e-09
1.221034         -1.69477541e-06 -3.01852159e-03 1.38268967e-06 -1.69204202e-06 -2.97420322e-03 1.38731595e-06 -2.73339411e-09 -4.43183708e-05 -4.62628370e-09
1.221615         3.95176517e-07 -4.01520338e-03 -2.18770398e-07 3.97765473e-07 -3.97094455e-03 -2.14019001e-07 -2.58895594e-09 -4.42588281e-05 -4.75139670e-09
1.222195         -1.19391591e-06 -3.81534726e-03 1.10096333e-06 -1.19092764e-06 -3.77102701e-03 1.10540454e-06 -2.98827317e-09 -4.43202515e-05 -4.44121063e-09
1.222776         -1.33223990e-06 -3.53925815e-03 1.20013634e-06 -1.32881538e-06 -3.49521631e-03 1.20423663e-06 -3.42452319e-09 -4.40418394e-05 -4.10029005e-09
1.223356         -9.37664900e-07 -3.45830000e-03 8.26110807e-07 -9.33966631e-07 -3.41464617e-03 8.29993001e-07 -3.69826934e-09 -4.36538322e-05 -3.88219385e-09
1.223923         -1.05196496e-06 -3.22799090e-03 9.49793726e-07 -1.04800125e-06 -3.18458146e-03 9.53455910e-07 -3.96371021e-09 -4.34094459e-05 -3.66218373e-09
1.224489         -3.03233818e-07 -3.11125482e-03 3.73887456e-07 -2.99337216e-07 -3.06809933e-03 3.77573294e-07 -3.89660130e-09 -4.31554906e-05 -3.68583812e-09
1.225055         -7.45024036e-07 -1.98450207e-03 6.57259514e-07 -7.41020514e-07 -1.94164583e-03 6.60845642e-07 -4.00352149e-09 -4.28562434e-05 -3.58612851e-09
1.225621         -7.11796629e-07 -1.82629786e-03 7.94942001e-07 -7.07740661e-07 -1.78371950e-03 7.98445070e-07 -4.05596765e-09 -4.25783669e-05 -3.50306950e-09
1.226187         3.50481622e-06 -3.93535425e-03 -2.61895970e-06 3.50718344e-06 -3.89288924e-03 -2.61423786e-06 -2.36722262e-09 -4.24650130e-05 -4.72184373e-09
1.226753         -3.31643896e-08 -4.54828399e-03 1.43707118e-07 -3.10187252e-08 -4.50593544e-03 1.48567157e-07 -2.14566445e-09 -4.23485451e-05 -4.86003955e-09
1.227319         -1.43340722e-06 -3.01844302e-03 1.14124440e-06 -1.43092204e-06 -2.97637472e-03 1.14582465e-06 -2.48517412e-09 -4.20682994e-05 -4.58024738e-09
1.227885         -1.14746190e-06 -2.49361048e-03 8.44543383e-07 -1.14476244e-06 -2.45184476e-03 8.48946188e-07 -2.69945994e-09 -4.17657275e-05 -4.40280469e-09
1.228451         -1.29580361e-06 -1.76545037e-03 1.05595458e-06 -1.29285384e-06 -1.72394417e-03 1.06012048e-06 -2.94977022e-09 -4.15062006e-05 -4.16589739e-09
1.229017         -2.07053769e-06 -1.59902290e-03 1.69639420e-06 -2.06708680e-06 -1.55774739e-03 1.70011033e-06 -3.45089259e-09 -4.12755101e-05 -3.71612338e-09
1.229583         -7.56877955e-07 -3.88673791e-03 5.23926724e-07 -7.53497932e-07 -3.84556066e-03 5.27653102e-07 -3.38002275e-09 -4.11772564e-05 -3.72637796e-09
1.23015          -1.98650467e-06 -3.90752392e-03 1.60568244e-06 -1.98275195e-06 -3.86653267e-03 1.60905612e-06 -3.75271892e-09 -4.09912507e-05 -3.37368174e-09
1.230716         -1.41138621e-06 -1.19569857e-03 1.05992868e-06 -1.40741274e-06 -1.15520385e-03 1.06307672e-06 -3.97346903e-09 -4.04947213e-05 -3.14804554e-09
1.231282         -1.78840703e-06 -1.19657105e-03 1.43460162e-06 -1.78410496e-06 -1.15649886e-03 1.43741668e-06 -4.30207667e-09 -4.00721907e-05 -2.81505698e-09
1.231848         -2.27039801e-06 -3.78799023e-03 1.93476323e-06 -2.26560612e-06 -3.74788759e-03 1.93711372e-06 -4.79189245e-09 -4.01026350e-05 -2.35048376e-09
1.232414         -2.00914375e-06 -3.70694562e-03 1.61898216e-06 -2.00400485e-06 -3.66689144e-03 1.62097978e-06 -5.13889981e-09 -4.00541785e-05 -1.99761719e-09
1.23298          -4.29069715e-06 -2.74263972e-03 3.63104057e-06 -4.28439875e-06 -2.70263089e-03 3.63198874e-06 -6.29839684e-09 -4.00088337e-05 -9.48169281e-10
1.233546         -1.13360757e-06 -2.47814700e-03 9.24495124e-07 -1.12736111e-06 -2.43822777e-03 9.25381275e-07 -6.24645415e-09 -3.99192281e-05 -8.86151662e-10
1.234112         -1.96336592e-06 -8.52281929e-04 1.61950470e-06 -1.95685863e-06 -8.13028934e-04 1.62008012e-06 -6.50729524e-09 -3.92529958e-05 -5.75421290e-10
1.234678         -7.73434727e-07 -1.29012896e-03 6.71606622e-07 -7.67125511e-07 -1.25137427e-03 6.72243486e-07 -6.30921602e-09 -3.87546876e-05 -6.36864298e-10
1.235244         -4.06694014e-06 -3.69991076e-03 3.12300775e-06 -4.05973347e-06 -3.66108750e-03 3.12288252e-06 -7.20666866e-09 -3.88232613e-05 1.25226227e-10
1.23581          -1.70353731e-07 -3.21058011e-03 3.04394397e-07 -1.63616668e-07 -3.17181039e-03 3.04492595e-07 -6.73706315e-09 -3.87697179e-05 -9.81988623e-11
1.236377         -2.99189269e-06 -2.28316301e-03 2.15210766e-06 -2.98456703e-06 -2.24459256e-03 2.15167419e-06 -7.32565362e-09 -3.85704536e-05 4.33467910e-10
1.236943         -2.97051316e-06 -2.39450941e-03 2.24484698e-06 -2.96268211e-06 -2.35614738e-03 2.24393907e-06 -7.83104756e-09 -3.83620286e-05 9.07910580e-10
1.237509         -1.92962148e-06 -5.78725065e-04 1.52170519e-06 -1.92165572e-06 -5.40864661e-04 1.52059560e-06 -7.96576014e-09 -3.78604038e-05 1.10959534e-09
1.238075         -2.10509744e-06 -1.20122015e-03 1.80682026e-06 -2.09691281e-06 -1.16368211e-03 1.80542462e-06 -8.18462786e-09 -3.75380447e-05 1.39563820e-09
1.238641         -3.68200813e-06 -3.59957472e-03 2.96180609e-06 -3.67299209e-06 -3.56197952e-03 2.95967078e-06 -9.01603990e-09 -3.75952043e-05 2.13530538e-09
1.239207         -8.62805673e-07 -2.88645281e-03 8.88225424e-07 -8.54086260e-07 -2.84892536e-03 8.86190417e-07 -8.71941252e-09 -3.75274466e-05 2.03500673e-09
1.239773         -2.84920584e-06 -1.83264368e-03 2.74520567e-06 -2.83999983e-06 -1.79540040e-03 2.74258847e-06 -9.20600894e-09 -3.72432797e-05 2.61720578e-09
1.240339         -6.77695110e-07 -1.67936569e-03 1.79261523e-07 -6.68862957e-07 -1.64243550e-03 1.76911831e-07 -8.83215318e-09 -3.69301969e-05 2.34969208e-09
1.240905         -6.32546797e-06 -2.08101314e-03 5.10825590e-06 -6.31480334e-06 -2.04427276e-03 5.10436509e-06 -1.06646266e-08 -3.67403839e-05 3.89081378e-09
1.241471         -1.56267581e-06 -1.66896908e-03 1.35840788e-06 -1.55206375e-06 -1.63247402e-03 1.35442507e-06 -1.06120608e-08 -3.64950565e-05 3.98281041e-09
1.242037         -2.08661262e-06 -1.54353371e-03 1.76000365e-06 -2.07588394e-06 -1.50731118e-03 1.75578909e-06 -1.07286765e-08 -3.62225331e-05 4.21456401e-09
1.242603         -3.22654177e-06 -1.53649092e-03 2.61126083e-06 -3.21530015e-06 -1.50055235e-03 2.60650887e-06 -1.12416201e-08 -3.59385734e-05 4.75195911e-09
1.24317          -1.82196446e-06 -1.74033992e-03 1.48684901e-06 -1.81072433e-06 -1.70481933e-03 1.48196679e-06 -1.12401331e-08 -3.55205902e-05 4.88222200e-09
1.243736         -5.26554268e-07 -1.66161554e-03 4.63887366e-07 -5.15777928e-07 -1.62636012e-03 4.59235982e-07 -1.07763407e-08 -3.52554140e-05 4.65138403e-09
1.244302         1.39000434e-06 -1.93101502e-03 -9.64271806e-07 1.39967624e-06 -1.89569925e-03 -9.68146400e-07 -9.67190402e-09 -3.53157724e-05 3.87459308e-09
1.244868         -2.12353968e-06 -1.95576605e-03 1.52279301e-06 -2.11365294e-06 -1.92058836e-03 1.51864109e-06 -9.88674584e-09 -3.51776907e-05 4.15192840e-09
1.245434         -1.79069640e-06 -2.46595794e-03 1.27132798e-06 -1.78075849e-06 -2.43112646e-03 1.26704038e-06 -9.93790320e-09 -3.48314810e-05 4.28760318e-09
1.246            -3.20456342e-07 -1.46476103e-03 8.62926956e-08 -3.10984640e-07 -1.43019710e-03 8.22865532e-08 -9.47170249e-09 -3.45639243e-05 4.00614237e-09
1.246593         1.94133254e-06 1.44680260e-04 -1.65470197e-06 1.94938044e-06 1.78949018e-04 -1.65768880e-06 -8.04789917e-09 -3.42687585e-05 2.98683476e-09
1.247187         9.10751607e-08 -1.35012820e-03 -2.30105446e-07 9.85687761e-08 -1.31610399e-03 -2.32714610e-07 -7.49361539e-09 -3.40242087e-05 2.60916368e-09
1.24778          1.51766196e-07 -2.94275199e-03 1.22884125e-07 1.58625848e-07 -2.90892697e-03 1.20650777e-07 -6.85965222e-09 -3.38250188e-05 2.23334774e-09
1.248373         -1.32634628e-06 -1.59368140e-03 6.99095799e-07 -1.31937313e-06 -1.56001753e-03 6.96713475e-07 -6.97315904e-09 -3.36638750e-05 2.38232338e-09
1.248967         1.05295740e-07 -1.17973925e-03 3.87549723e-08 1.11793488e-07 -1.14611026e-03 3.66138440e-08 -6.49774800e-09 -3.36289915e-05 2.14112821e-09
1.24956          7.12425334e-06 -6.34474677e-04 -6.56661341e-06 7.12749414e-06 -6.01319210e-04 -6.56611104e-06 -3.24080318e-09 -3.31554664e-05 -5.02365082e-10
1.250153         2.84345247e-06 -5.53672612e-04 -2.79638757e-06 2.84533912e-06 -5.21065063e-04 -2.79478628e-06 -1.88664456e-09 -3.26075489e-05 -1.60129288e-09
1.250747         -2.89914869e-06 -1.32168894e-03 2.70738079e-06 -2.89643698e-06 -1.28927863e-03 2.70807486e-06 -2.71171213e-09 -3.24103132e-05 -6.94072510e-10
1.25134          5.35760996e-07 -1.01662023e-03 -5.55835770e-07 5.38011120e-07 -9.84430038e-04 -5.54863930e-07 -2.25012387e-09 -3.21901939e-05 -9.71840585e-10
1.251933         -4.91135232e-07 -7.61444159e-04 5.86287557e-07 -4.88820925e-07 -7.29563812e-04 5.87089030e-07 -2.31430724e-09 -3.18803471e-05 -8.01472904e-10
1.252527         -7.15569451e-07 -7.99305051e-04 5.57432398e-07 -7.13071533e-07 -7.67706687e-04 5.57998589e-07 -2.49791821e-09 -3.15983645e-05 -5.66191373e-10
1.25312          -3.58490414e-07 -6.14635474e-04 3.57441326e-07 -3.55918919e-07 -5.83329609e-04 3.57851585e-07 -2.57149536e-09 -3.13058651e-05 -4.10259452e-10
1.253713         -5.67951472e-07 -8.13731408e-04 4.23048917e-07 -5.65213028e-07 -7.82684546e-04 4.23260378e-07 -2.73844412e-09 -3.10468620e-05 -2.11460268e-10
1.254307         1.23192092e-06 -2.43518719e-03 -9.74840429e-07 1.23421422e-06 -2.40409344e-03 -9.74332449e-07 -2.29330131e-09 -3.10937480e-05 -5.07979701e-10
1.2549           8.16492331e-07 -1.14306087e-03 -7.53959887e-07 8.18558203e-07 -1.11218060e-03 -7.53287356e-07 -2.06587236e-09 -3.08802668e-05 -6.72531369e-10
1.255493         5.23740897e-07 -3.71037279e-04 -4.42790314e-07 5.25681992e-07 -3.40472565e-04 -4.42065900e-07 -1.94109437e-09 -3.05647143e-05 -7.24414506e-10
1.256087         3.34027747e-07 -3.56131314e-04 -3.25147590e-07 3.35903968e-07 -3.25962644e-04 -3.24418782e-07 -1.87622131e-09 -3.01686696e-05 -7.28807977e-10
1.25668          -3.20252325e-07 1.65092176e-04 3.83536669e-07 -3.18146880e-07 1.94641169e-04 3.83995327e-07 -2.10544524e-09 -2.95489931e-05 -4.58657781e-10
1.257273         -1.42850044e-06 -9.07677567e-04 1.35152329e-06 -1.42567543e-06 -8.78232747e-04 1.35130210e-06 -2.82501454e-09 -2.94448203e-05 2.21188031e-10
1.257867         -4.03210312e-06 -1.28047488e-03 3.36992138e-06 -4.02747387e-06 -1.25094198e-03 3.36816402e-06 -4.62924608e-09 -2.95328983e-05 1.75735607e-09
1.25846          -9.78851159e-07 5.68986904e-05 9.00147994e-07 -9.73649612e-07 8.59512125e-05 8.97865357e-07 -5.20154649e-09 -2.90525221e-05 2.28263633e-09
1.259053         -3.14171267e-07 3.44855448e-04 3.36708118e-07 -3.08657562e-07 3.73334205e-04 3.34115113e-07 -5.51370543e-09 -2.84787568e-05 2.59300456e-09
1.259647         1.19385807e-07 -1.49121910e-03 -3.60505812e-08 1.25068321e-07 -1.46277962e-03 -3.88267211e-08 -5.68251447e-09 -2.84394790e-05 2.77613985e-09
1.26024          3.73586550e-07 -1.24514798e-03 -1.89252503e-07 3.79377467e-07 -1.21679238e-03 -1.92164011e-07 -5.79091725e-09 -2.83556067e-05 2.91150789e-09
1.260845         9.66152161e-07 -2.28853613e-04 -7.22264145e-07 9.71822367e-07 -2.00810077e-04 -7.25097841e-07 -5.67020547e-09 -2.80435359e-05 2.83369563e-09
1.26145          4.94657666e-07 -4.02960310e-04 -2.86857143e-07 5.00423998e-07 -3.75147623e-04 -2.89811657e-07 -5.76633241e-09 -2.78126866e-05 2.95451404e-09
1.262056         8.73437944e-08 -7.62726559e-05 4.38105869e-08 9.34233190e-08 -4.87721001e-05 4.05593968e-08 -6.07952460e-09 -2.75005558e-05 3.25119009e-09
1.262661         3.93948353e-07 -2.68043241e-04 -2.03421746e-07 4.00229837e-07 -2.40771385e-04 -2.06880385e-07 -6.28148343e-09 -2.72718556e-05 3.45863970e-09
1.263266         5.98896061e-07 -1.42294515e-03 -3.91467264e-07 6.05306233e-07 -1.39571975e-03 -3.95065256e-07 -6.41017183e-09 -2.72253994e-05 3.59799219e-09
1.263871         -2.54007860e-06 6.83706529e-05 2.34403253e-06 -2.53217156e-06 9.52450174e-05 2.33912332e-06 -7.90704915e-09 -2.68743644e-05 4.90921127e-09
1.264476         -4.24712579e-08 1.74133131e-03 2.55324870e-07 -3.40788957e-08 1.76760856e-03 2.49959794e-07 -8.39236223e-09 -2.62772475e-05 5.36507631e-09
1.265082         1.54891650e-06 -4.60338602e-04 -1.05970178e-06 1.55716418e-06 -4.34216953e-04 -1.06496439e-06 -8.24768076e-09 -2.61216490e-05 5.26261150e-09
1.265687         -9.29609033e-07 -1.38084917e-03 9.19752551e-07 -9.20455771e-07 -1.35473345e-03 9.13707270e-07 -9.15326235e-09 -2.61157161e-05 6.04528083e-09
1.266292         -3.54881949e-06 3.57034992e-04 3.30794829e-06 -3.53777473e-06 3.82637990e-04 3.30027658e-06 -1.10447591e-08 -2.56029980e-05 7.67170591e-09
1.266897         9.65991346e-06 6.75242276e-04 -8.57455830e-06 9.66760983e-06 7.00301186e-04 -8.57929176e-06 -7.69637144e-09 -2.50589102e-05 4.73345412e-09
1.267502         3.87246377e-06 -1.63554067e-03 -2.94748909e-06 3.87930206e-06 -1.61020454e-03 -2.95147541e-06 -6.83828506e-09 -2.53361344e-05 3.98631277e-09
1.268108         1.69689604e-06 -9.23654854e-04 -1.34065374e-06 1.70375277e-06 -8.98291534e-04 -1.34460772e-06 -6.85672412e-09 -2.53633196e-05 3.95397713e-09
1.268713         2.07275700e-06 2.42833206e-03 -1.68629165e-06 2.07952867e-06 2.45276457e-03 -1.69010548e-06 -6.77166851e-09 -2.44325048e-05 3.81382693e-09
1.269318         1.39632049e-06 1.30067504e-03 -1.09456942e-06 1.40332822e-06 1.32461130e-03 -1.09851631e-06 -7.00773298e-09 -2.39362642e-05 3.94688804e-09
1.269923         1.08477268e-06 -8.15052438e-04 -6.85278923e-07 1.09217274e-06 -7.91128763e-04 -6.89513798e-07 -7.40005994e-09 -2.39236751e-05 4.23487439e-09
1.270528         1.70451555e-06 -4.11987723e-04 -1.38017332e-06 1.71207552e-06 -3.88221132e-04 -1.38446434e-06 -7.55996458e-09 -2.37665910e-05 4.29102062e-09
1.271134         4.30138775e-07 -1.10804687e-03 1.13145601e-07 4.38391355e-07 -1.08433728e-03 1.08258019e-07 -8.25258052e-09 -2.37095814e-05 4.88758213e-09
1.271739         -1.54293336e-06 1.06911323e-03 1.69398738e-06 -1.53323760e-06 1.09238228e-03 1.68788796e-06 -9.69576558e-09 -2.32690509e-05 6.09941704e-09
1.272344         2.67437444e-06 2.39824569e-03 -2.17604199e-06 2.68386435e-06 2.42095633e-03 -2.18190110e-06 -9.48991664e-09 -2.27106360e-05 5.85910718e-09
1.272949         6.04804829e-07 2.83159146e-04 -2.20408216e-07 6.14968816e-07 3.05549516e-04 -2.26795173e-07 -1.01639865e-08 -2.23903701e-05 6.38695746e-09
1.273554         6.95719333e-07 -1.60016689e-04 -3.12935281e-07 7.06571959e-07 -1.37951184e-04 -3.19859901e-07 -1.08526262e-08 -2.20655049e-05 6.92462078e-09
1.27416          -4.91287522e-07 -9.54376977e-04 9.31551165e-07 -4.79286677e-07 -9.32117607e-04 9.23644758e-07 -1.20008455e-08 -2.22593701e-05 7.90640747e-09
1.274765         2.47858601e-06 -6.83454833e-04 -1.89148586e-06 2.49062825e-06 -6.61158728e-04 -1.89933757e-06 -1.20422411e-08 -2.22961055e-05 7.85170665e-09
1.27537          8.10366361e-07 2.95913942e-03 -3.28858515e-07 8.23166814e-07 2.98047116e-03 -3.37334376e-07 -1.28004529e-08 -2.13317417e-05 8.47586101e-09
1.275975         7.72634407e-07 1.65235846e-03 -2.70382521e-07 7.86389529e-07 1.67321310e-03 -2.79672867e-07 -1.37551213e-08 -2.08546388e-05 9.29034587e-09
1.27658          2.32636519e-06 -1.07074246e-03 -1.75081416e-06 2.34045653e-06 -1.04955931e-03 -1.76033399e-06 -1.40913439e-08 -2.11831514e-05 9.51982532e-09
1.277186         1.46078731e-06 2.90822678e-04 -9.12737061e-07 1.47558233e-06 3.11790236e-04 -9.22831920e-07 -1.47950240e-08 -2.09675581e-05 1.00948593e-08
1.277791         1.54383515e-06 1.83759921e-03 -9.18361975e-07 1.55933633e-06 1.85786384e-03 -9.29045776e-07 -1.55011792e-08 -2.02646326e-05 1.06838009e-08
1.278396         1.19188568e-06 2.74445307e-04 -5.26762189e-07 1.20824951e-06 2.94510811e-04 -5.38180251e-07 -1.63638317e-08 -2.00655040e-05 1.14180618e-08
1.279001         1.84176864e-06 -5.09051189e-04 -1.15339582e-06 1.85871071e-06 -4.88951611e-04 -1.16528856e-06 -1.69420730e-08 -2.00995779e-05 1.18927396e-08
1.279606         1.43061853e-06 1.64936427e-03 -8.12911876e-07 1.44832519e-06 1.66891164e-03 -8.25434399e-07 -1.77066628e-08 -1.95473708e-05 1.25225232e-08
1.280212         1.46665358e-06 1.92407783e-03 -7.83426377e-07 1.48511770e-06 1.94299046e-03 -7.96578470e-07 -1.84641273e-08 -1.89126289e-05 1.31520928e-08
1.280817         2.64674063e-06 1.21551434e-03 -1.78269758e-06 2.66550184e-06 1.23430870e-03 -1.79602776e-06 -1.87612068e-08 -1.87943629e-05 1.33301857e-08
1.281422         -1.26859702e-06 9.10849770e-04 1.56173378e-06 -1.24799211e-06 9.29560526e-04 1.54681833e-06 -2.06049047e-08 -1.87107564e-05 1.49154431e-08
1.282027         1.96704768e-06 2.81983284e-04 -1.03634289e-06 1.98814733e-06 3.00325950e-04 -1.05163264e-06 -2.10996517e-08 -1.83426659e-05 1.52897490e-08
1.282632         1.74564075e-06 6.03162957e-04 -9.60839765e-07 1.76736947e-06 6.21214821e-04 -9.76616386e-07 -2.17287147e-08 -1.80518638e-05 1.57766215e-08
1.283238         1.71147039e-06 1.18458571e-03 -9.34095063e-07 1.73384916e-06 1.20257434e-03 -9.50357997e-07 -2.23787735e-08 -1.79886292e-05 1.62629349e-08
1.283843         1.77848459e-06 1.38286648e-03 -9.85996137e-07 1.80147997e-06 1.40056398e-03 -1.00269696e-06 -2.29953774e-08 -1.76974995e-05 1.67008213e-08
1.284448         1.43828457e-06 2.21235925e-03 -6.50439512e-07 1.46205416e-06 2.22939168e-03 -6.67726021e-07 -2.37695867e-08 -1.70324247e-05 1.72865091e-08
1.285053         1.49162851e-06 9.51206667e-04 -6.73634098e-07 1.51614895e-06 9.68023054e-04 -6.91480981e-07 -2.45204362e-08 -1.68163873e-05 1.78468826e-08
1.285658         -3.29906585e-06 -2.07183360e-04 3.57597763e-06 -3.27184384e-06 -1.90315661e-04 3.55584006e-06 -2.72220079e-08 -1.68676989e-05 2.01375655e-08
1.286264         5.12167959e-06 1.84428195e-03 -3.78092305e-06 5.14818537e-06 1.86061648e-03 -3.80034878e-06 -2.65057810e-08 -1.63345311e-05 1.94257368e-08
1.286869         2.19033612e-06 2.41462799e-03 -1.19989599e-06 2.21743974e-06 2.43032290e-03 -1.21976290e-06 -2.71036241e-08 -1.56949126e-05 1.98669103e-08
1.287474         1.34568337e-06 3.79630182e-04 -4.08498139e-07 1.37372517e-06 3.95421086e-04 -4.29108174e-07 -2.80417963e-08 -1.57909039e-05 2.06100349e-08
1.288079         1.19355216e-06 2.90301362e-04 -2.52617442e-07 1.22264863e-06 3.06159127e-04 -2.74084096e-07 -2.90964720e-08 -1.58577648e-05 2.14666549e-08
1.288684         5.93136627e-06 1.60483921e-03 -4.94438417e-06 5.95969695e-06 1.62036187e-03 -4.96493453e-06 -2.83306834e-08 -1.55226609e-05 2.05503595e-08
1.28929          -2.71497585e-07 1.89293153e-03 1.31412094e-06 -2.41623621e-07 1.90808276e-03 1.29216848e-06 -2.98739637e-08 -1.51512317e-05 2.19524619e-08
1.289895         1.89676899e-06 2.66206974e-03 -8.53772590e-07 1.92738251e-06 2.67657162e-03 -8.76309620e-07 -3.06135130e-08 -1.45018808e-05 2.25370309e-08
1.2905           1.07239864e-06 1.65147689e-03 -8.67313398e-08 1.10408984e-06 1.66563863e-03 -1.10162249e-07 -3.16912005e-08 -1.41617405e-05 2.34309088e-08
1.291127         1.47260891e-06 2.60411383e-04 -5.39815155e-07 1.50517887e-06 2.74569363e-04 -5.63941225e-07 -3.25699653e-08 -1.41579802e-05 2.41260703e-08
1.291763         1.60067421e-06 1.47170749e-03 -6.65470202e-07 1.63404722e-06 1.48557750e-03 -6.90233304e-07 -3.33730127e-08 -1.38700057e-05 2.47631019e-08
1.292398         1.31406025e-06 1.99093333e-03 -3.89238070e-07 1.34838418e-06 2.00445111e-03 -4.14788469e-07 -3.43239377e-08 -1.35177811e-05 2.55503993e-08
1.293034         1.23659559e-06 1.76133844e-03 -2.99697440e-07 1.27186869e-06 1.77457850e-03 -3.26043077e-07 -3.52731019e-08 -1.32400638e-05 2.63456370e-08
1.29367          6.24927565e-07 1.98406355e-03 2.04609415e-07 6.61366560e-07 1.99698419e-03 1.77268140e-07 -3.64389946e-08 -1.29206448e-05 2.73412750e-08
1.294306         1.57593942e-06 1.64659604e-03 -6.19379038e-07 1.61300665e-06 1.65905814e-03 -6.47223286e-07 -3.70672287e-08 -1.24620996e-05 2.78442484e-08
1.294942         1.48132897e-06 1.28526700e-03 -5.57558376e-07 1.51905360e-06 1.29747637e-03 -5.85935373e-07 -3.77246263e-08 -1.22093762e-05 2.83769976e-08
1.295578         1.42425238e-06 3.81245033e-05 -4.94053214e-07 1.46261837e-06 5.06223060e-05 -5.22943767e-07 -3.83659906e-08 -1.24978027e-05 2.88905529e-08
1.296224         1.72129196e-06 2.49767374e-03 -8.49250058e-07 1.76014099e-06 2.50962642e-03 -8.78495508e-07 -3.88490255e-08 -1.19526831e-05 2.92454500e-08
1.29687          1.86226303e-06 4.52502106e-03 -9.72740683e-07 1.90153864e-06 4.53597201e-03 -1.00229604e-06 -3.92756070e-08 -1.09509451e-05 2.95553610e-08
1.297516         1.29530598e-06 -1.84368579e-05 -3.88245133e-07 1.33515253e-06 -7.34571021e-06 -4.18240115e-07 -3.98465490e-08 -1.10911477e-05 2.99949826e-08
1.298163         1.68740079e-06 9.04259658e-05 -6.50365473e-07 1.72763345e-06 1.01546561e-04 -6.80640517e-07 -4.02326577e-08 -1.11205947e-05 3.02750448e-08
1.298809         1.50070775e-06 4.13688969e-03 -6.03712060e-07 1.54141625e-06 4.14727249e-03 -6.34330663e-07 -4.07084968e-08 -1.03828018e-05 3.06186038e-08
1.299455         2.53336191e-06 2.75835993e-03 -1.49416019e-06 2.57407961e-06 2.76836090e-03 -1.52470145e-06 -4.07177053e-08 -1.00009671e-05 3.05412601e-08
1.300102         1.25234731e-06 8.48597083e-04 -2.35213792e-07 1.29364208e-06 8.58588354e-04 -2.66210559e-07 -4.12947716e-08 -9.99127109e-06 3.09967669e-08
1.300748         7.50347338e-07 1.57108046e-03 1.01382985e-08 7.92416180e-07 1.58071667e-03 -2.14712752e-08 -4.20688415e-08 -9.63621469e-06 3.16095737e-08
1.301394         1.70471519e-06 1.62550078e-03 -6.39404544e-07 1.74703500e-06 1.63470775e-03 -6.71182662e-07 -4.23198147e-08 -9.20697253e-06 3.17781184e-08
1.30204          3.30329533e-06 1.93358869e-03 -2.61242161e-06 3.34519411e-06 1.94273409e-03 -2.64362547e-06 -4.18987840e-08 -9.14539940e-06 3.12038641e-08
1.302687         -6.33647937e-07 2.22281405e-03 1.72137520e-06 -5.90608378e-07 2.23174566e-03 1.68909447e-06 -4.30395586e-08 -8.93161387e-06 3.22807382e-08
1.303333         4.40671911e-06 3.37583117e-03 -3.35675084e-06 4.44862944e-06 3.38401931e-03 -3.38790229e-06 -4.19103331e-08 -8.18813797e-06 3.11514485e-08
1.303979         5.30057976e-06 2.13530405e-03 -4.28852036e-06 5.34097138e-06 2.14320081e-03 -4.31816526e-06 -4.03916174e-08 -7.89675571e-06 2.96448969e-08
1.304625         1.99762231e-06 1.31282032e-03 -1.06791984e-06 2.03797820e-06 1.32063646e-03 -1.09745143e-06 -4.03558932e-08 -7.81614245e-06 2.95315861e-08
1.305272         1.99851604e-06 1.48992783e-03 -1.11526598e-06 2.03884960e-06 1.49760275e-03 -1.14468517e-06 -4.03335527e-08 -7.67491987e-06 2.94191944e-08
1.305918         1.83519794e-06 1.61512286e-03 -8.89591153e-07 1.87559661e-06 1.62261450e-03 -9.18984622e-07 -4.03986677e-08 -7.49163759e-06 2.93934690e-08
1.306564         1.62836883e-06 4.50358012e-03 -7.26147507e-07 1.66898005e-06 4.51038537e-03 -7.55660715e-07 -4.06112257e-08 -6.80525492e-06 2.95132076e-08
1.30721          1.78345364e-06 3.10496035e-03 -8.49893016e-07 1.82414421e-06 3.11135900e-03 -8.79408891e-07 -4.06905727e-08 -6.39865481e-06 2.95158751e-08
1.307857         1.27603979e-06 6.71546239e-05 -3.07669225e-07 1.31694561e-06 7.34985822e-05 -3.37327445e-07 -4.09058205e-08 -6.34395833e-06 2.96582200e-08
1.308503         7.93085818e-07 2.91219517e-03 1.01571566e-07 8.34447368e-07 2.91820406e-03 7.15321501e-08 -4.13615496e-08 -6.00888283e-06 3.00394160e-08
1.309149         7.70902225e-07 4.08112180e-03 1.72205963e-07 8.12717547e-07 4.08678256e-03 1.41781060e-07 -4.18153227e-08 -5.66076184e-06 3.04249027e-08
1.309796         1.07656364e-06 2.14671774e-03 -1.44943124e-07 1.11863168e-06 2.15204523e-03 -1.75544977e-07 -4.20680453e-08 -5.32748674e-06 3.06018523e-08
1.310442         1.63150587e-06 2.00446339e-03 -7.21057666e-07 1.67360034e-06 2.00948113e-03 -7.51611058e-07 -4.20944715e-08 -5.01773710e-06 3.05533926e-08
1.311088         -7.81679525e-07 1.61440481e-03 2.32162822e-06 -7.38512265e-07 1.61936357e-03 2.28994936e-06 -4.31672599e-08 -4.95876151e-06 3.16788598e-08
1.311734         3.30263001e-06 2.45070526e-03 -3.05384458e-06 3.34497876e-06 2.45530319e-03 -3.08451193e-06 -4.23487499e-08 -4.59792388e-06 3.06673491e-08
1.312381         1.33945826e-06 3.76166269e-03 -5.07850868e-07 1.38188958e-06 3.76554315e-03 -5.38534716e-07 -4.24313189e-08 -3.88046039e-06 3.06838476e-08
1.313027         1.27561408e-06 1.89696400e-03 -4.30668124e-07 1.31805447e-06 1.90086251e-03 -4.61308816e-07 -4.24403890e-08 -3.89851092e-06 3.06406923e-08
1.313673         7.97449013e-07 1.43356147e-03 4.07632076e-08 8.40052183e-07 1.43758326e-03 1.00167471e-08 -4.26031701e-08 -4.02178874e-06 3.07464605e-08
1.314319         5.97870788e-07 3.67361841e-03 2.50463367e-07 6.40662737e-07 3.67692443e-03 2.19571979e-07 -4.27919488e-08 -3.30601069e-06 3.08913875e-08
1.314966         9.68228710e-07 3.33210667e-03 -1.22418625e-07 1.01103664e-06 3.33498113e-03 -1.53276983e-07 -4.28079311e-08 -2.87446104e-06 3.08583577e-08
1.315612         7.54958226e-07 2.82763818e-03 6.28663870e-08 7.97805325e-07 2.83053162e-03 3.20028936e-08 -4.28470986e-08 -2.89343097e-06 3.08634934e-08
1.316258         6.65389486e-07 2.59607623e-03 1.36148556e-07 7.08300282e-07 2.59870598e-03 1.05276432e-07 -4.29107961e-08 -2.62975062e-06 3.08721232e-08
1.316905         5.70931898e-07 2.43479234e-03 2.07656716e-07 6.14002053e-07 2.43702993e-03 1.76695336e-07 -4.30701553e-08 -2.23758181e-06 3.09613799e-08
1.317551         6.72773939e-07 1.94128503e-03 1.06516989e-07 7.15948695e-07 1.94344371e-03 7.55114687e-08 -4.31747566e-08 -2.15867311e-06 3.10055208e-08
1.318197         7.52293375e-07 2.33981110e-03 -1.14731843e-08 7.95487117e-07 2.34178597e-03 -4.24567728e-08 -4.31937418e-08 -1.97486931e-06 3.09835884e-08
1.318843         4.98526767e-07 5.72378290e-03 2.14127992e-07 5.41868795e-07 5.72475185e-03 1.83063658e-07 -4.33420278e-08 -9.68941345e-07 3.10643348e-08
1.31949          3.87653681e-07 3.12571104e-03 3.07776940e-07 4.31112370e-07 3.12646386e-03 2.76685008e-07 -4.34586885e-08 -7.52827912e-07 3.10919315e-08
1.320136         -2.78795107e-07 -3.65453286e-04 1.01213711e-06 -2.34994270e-07 -3.64036687e-04 9.80794178e-07 -4.38008373e-08 -1.41659820e-06 3.13429314e-08
1.320782         4.77722624e-08 3.13180572e-03 6.31655909e-07 9.17935173e-08 3.13277206e-03 6.00208245e-07 -4.40212549e-08 -9.66336473e-07 3.14476644e-08
1.321428         1.41791510e-08 3.97436448e-03 6.25985222e-07 5.83732660e-08 3.97469443e-03 5.94462607e-07 -4.41941151e-08 -3.29951419e-07 3.15226149e-08
1.322075         -5.88597462e-08 3.54151626e-03 6.66109536e-07 -1.44786457e-08 3.54155553e-03 6.34518782e-07 -4.43811005e-08 -3.92667583e-08 3.15907538e-08
1.322721         -2.14371440e-07 3.23116255e-03 7.91667958e-07 -1.69826403e-07 3.23096959e-03 7.60020498e-07 -4.45450366e-08 1.92958049e-07 3.16474601e-08
1.323367         -4.17588282e-07 2.01642912e-03 9.98413384e-07 -3.72889419e-07 2.01621921e-03 9.66711594e-07 -4.46988624e-08 2.09905520e-07 3.17017895e-08
1.324013         -2.26455659e-07 3.08171008e-03 7.82211519e-07 -1.81641826e-07 3.08125384e-03 7.50505090e-07 -4.48138332e-08 4.56236912e-07 3.17064295e-08
1.32466          -3.40628279e-07 3.90025027e-03 8.70780497e-07 -2.95706699e-07 3.89942363e-03 8.39075560e-07 -4.49215804e-08 8.26647010e-07 3.17049373e-08
1.325306         -4.36428093e-07 2.58423187e-03 9.53669783e-07 -3.91436950e-07 2.58328110e-03 9.22001471e-07 -4.49911432e-08 9.50771832e-07 3.16683116e-08
1.325952         -4.46626898e-07 2.46253764e-03 9.34813696e-07 -4.01592595e-07 2.46149418e-03 9.03202732e-07 -4.50343032e-08 1.04346176e-06 3.16109634e-08
1.326599         -5.12129782e-07 3.26517124e-03 9.56252893e-07 -4.67069405e-07 3.26414339e-03 9.24706583e-07 -4.50603770e-08 1.02785406e-06 3.15463100e-08
1.327245         -6.45669480e-07 2.16289310e-03 1.07648161e-06 -6.00590940e-07 2.16228794e-03 1.04500694e-06 -4.50785400e-08 6.05161544e-07 3.14746659e-08
1.327891         -6.89221191e-07 2.13502887e-04 1.11372493e-06 -6.44206116e-07 2.13992927e-04 1.08238575e-06 -4.50150753e-08 -4.90040854e-07 3.13391787e-08
1.328537         -7.03323322e-07 1.53645037e-03 1.08853890e-06 -6.58402249e-07 1.53762366e-03 1.05735057e-06 -4.49210728e-08 -1.17328333e-06 3.11883228e-08
1.329184         -7.81109179e-07 1.98298071e-03 1.11657980e-06 -7.36268246e-07 1.98475336e-03 1.08554242e-06 -4.48409329e-08 -1.77264339e-06 3.10373783e-08
1.32983          -1.02617639e-06 1.64260697e-03 1.38489906e-06 -9.81338192e-07 1.64523773e-03 1.35393275e-06 -4.48381954e-08 -2.63076201e-06 3.09663129e-08
1.330476         -8.32163399e-07 1.43073622e-03 1.08711201e-06 -7.87485967e-07 1.43421173e-03 1.05637270e-06 -4.46774324e-08 -3.47551072e-06 3.07393114e-08
1.331122         -1.00996225e-06 5.70626807e-04 1.30619986e-06 -9.65397011e-07 5.74953006e-04 1.27561192e-06 -4.45652401e-08 -4.32619881e-06 3.05879426e-08
1.331769         -1.17747329e-06 9.35999057e-04 1.51475209e-06 -1.13296928e-06 9.40996596e-04 1.48424805e-06 -4.45040091e-08 -4.99753900e-06 3.05040366e-08
1.332415         -1.07273688e-06 1.08045893e-03 1.32289877e-06 -1.02839885e-06 1.08594710e-03 1.29259791e-06 -4.43380377e-08 -5.48817621e-06 3.03008568e-08
1.333061         -1.09415168e-06 1.48945197e-03 1.31269716e-06 -1.05002761e-06 1.49571262e-03 1.28264079e-06 -4.41240737e-08 -6.26065004e-06 3.00563731e-08
1.333707         -4.58300365e-07 1.61755431e-03 7.15434653e-07 -4.14665009e-07 1.62462188e-03 6.85882945e-07 -4.36353562e-08 -7.06756613e-06 2.95517073e-08
1.334354         -8.48379777e-07 1.96835691e-03 1.02806737e-06 -8.05144382e-07 1.97594499e-03 9.98952166e-07 -4.32353955e-08 -7.58808137e-06 2.91152027e-08
1.335            -1.29779306e-06 1.83092786e-03 1.48050551e-06 -1.25496289e-06 1.83915792e-03 1.45182535e-06 -4.28301694e-08 -8.23006784e-06 2.86801555e-08
1.335664         -1.00164284e-06 1.58885490e-03 1.10253222e-06 -9.59093178e-07 1.59796811e-03 1.07419404e-06 -4.25496612e-08 -9.11321235e-06 2.83381852e-08
1.336328         -1.39000803e-06 1.30682055e-03 1.53242481e-06 -1.34743576e-06 1.31656476e-03 1.50410826e-06 -4.25722675e-08 -9.74420249e-06 2.83165467e-08
1.336993         -1.21929491e-06 1.17561745e-03 1.33716841e-06 -1.17674802e-06 1.18588458e-03 1.30889580e-06 -4.25468960e-08 -1.02671303e-05 2.82726189e-08
1.337657         -1.62448805e-06 7.90459950e-04 1.68371425e-06 -1.58213000e-06 8.01499344e-04 1.65560703e-06 -4.23580517e-08 -1.10393939e-05 2.81072163e-08
1.338332         -3.34399371e-06 1.02213717e-03 3.20199942e-06 -3.30135647e-06 1.03393611e-03 3.17363834e-06 -4.26372427e-08 -1.17989395e-05 2.83610823e-08
1.339006         -1.92227780e-06 1.60932808e-03 1.84710365e-06 -1.87997411e-06 1.62196671e-03 1.81906042e-06 -4.23036881e-08 -1.26386280e-05 2.80432351e-08
1.339681         -1.81396061e-06 2.09977848e-03 1.79876786e-06 -1.77200990e-06 2.11285802e-03 1.77103761e-06 -4.19507075e-08 -1.30795338e-05 2.77302515e-08
1.340356         -2.09535180e-06 2.48466295e-03 2.12540694e-06 -2.05352719e-06 2.49801809e-03 2.09770902e-06 -4.18246145e-08 -1.33551468e-05 2.76979186e-08
1.341031         -2.07277224e-06 1.65688898e-03 1.97143097e-06 -2.03129658e-06 1.67111007e-03 1.94398403e-06 -4.14756628e-08 -1.42210933e-05 2.74469417e-08
1.341706         -1.81596625e-06 1.55053136e-03 1.79953115e-06 -1.77488651e-06 1.56547122e-03 1.77238947e-06 -4.10797329e-08 -1.49398633e-05 2.71416866e-08
1.342381         -1.20236426e-06 1.15827391e-03 1.23099489e-06 -1.16188001e-06 1.17366825e-03 1.20436455e-06 -4.04842496e-08 -1.53943440e-05 2.66303380e-08
1.343068         -1.39647987e-06 1.50586364e-03 1.39413834e-06 -1.35637054e-06 1.52200390e-03 1.36778675e-06 -4.01093363e-08 -1.61402661e-05 2.63515893e-08
1.343756         -1.59905965e-06 1.76058732e-03 1.59121482e-06 -1.55946780e-06 1.77752287e-03 1.56525555e-06 -3.95918562e-08 -1.69355507e-05 2.59592728e-08
1.344443         -1.60233343e-06 2.22400350e-03 1.59036971e-06 -1.56344165e-06 2.24145505e-03 1.56501326e-06 -3.88917805e-08 -1.74515506e-05 2.53564513e-08
1.345131         -8.27753131e-07 1.74385612e-03 9.33156336e-07 -7.89777012e-07 1.76184754e-03 9.08615692e-07 -3.79761187e-08 -1.79914160e-05 2.45406437e-08
1.345818         -2.06713640e-06 1.12912218e-03 1.98021638e-06 -2.02942999e-06 1.14760032e-03 1.95588964e-06 -3.77064091e-08 -1.84781363e-05 2.43267333e-08
1.346505         -1.69439865e-06 1.57333935e-03 1.65605996e-06 -1.65713742e-06 1.59260250e-03 1.63211123e-06 -3.72612301e-08 -1.92631500e-05 2.39487316e-08
1.347193         -1.92154021e-06 1.88897448e-03 1.92591711e-06 -1.88485679e-06 1.90892778e-03 1.90243444e-06 -3.66834137e-08 -1.99532958e-05 2.34826721e-08
1.34788          -5.75384758e-07 2.68828741e-03 5.81141959e-07 -5.39836750e-07 2.70840258e-03 5.58700076e-07 -3.55480083e-08 -2.01151654e-05 2.24418831e-08
1.348567         -6.17060199e-07 2.02210466e-03 6.25826637e-07 -5.82504454e-07 2.04286394e-03 6.04348448e-07 -3.45557454e-08 -2.07592766e-05 2.14781893e-08
1.349255         -2.89250278e-06 1.63230620e-03 2.96087535e-06 -2.85762451e-06 1.65391419e-03 2.93905570e-06 -3.48782734e-08 -2.16079929e-05 2.18196469e-08
1.349942         -1.52036418e-06 2.69422853e-03 1.50818073e-06 -1.48577193e-06 2.71606271e-03 1.48663120e-06 -3.45922422e-08 -2.18341720e-05 2.15495303e-08
1.35063          -1.32173218e-06 2.01189417e-03 1.38427317e-06 -1.28749828e-06 2.03419639e-03 1.36307363e-06 -3.42338974e-08 -2.23022242e-05 2.11995348e-08
1.351317         -9.40049040e-07 6.31406603e-04 1.11674926e-06 -9.06340668e-07 6.54571904e-04 1.09606286e-06 -3.37083721e-08 -2.31653012e-05 2.06863913e-08
1.352022         -1.04447296e-06 1.94278918e-03 1.12360580e-06 -1.01122171e-06 1.96652153e-03 1.10336089e-06 -3.32512555e-08 -2.37323542e-05 2.02449053e-08
1.352726         -1.26371598e-06 2.16758978e-03 1.45831422e-06 -1.23084803e-06 2.19182569e-03 1.43838738e-06 -3.28679500e-08 -2.42359044e-05 1.99268368e-08
1.353431         -1.19951370e-06 2.16026255e-03 1.32100478e-06 -1.16717596e-06 2.18505901e-03 1.30151022e-06 -3.23377422e-08 -2.47964617e-05 1.94945599e-08
1.354135         -1.24657023e-06 2.27661421e-03 1.32044372e-06 -1.21485183e-06 2.30179863e-03 1.30146222e-06 -3.17183955e-08 -2.51844143e-05 1.89814999e-08
1.35484          -2.79502661e-06 2.50001385e-03 2.75122593e-06 -2.76321220e-06 2.52548922e-03 2.73210354e-06 -3.18144062e-08 -2.54753695e-05 1.91223942e-08
1.355544         -1.95370740e-06 3.24561804e-03 1.93861347e-06 -1.92220749e-06 3.27169560e-03 1.91974165e-06 -3.14999102e-08 -2.60775620e-05 1.88718288e-08
1.356249         -7.59714231e-07 2.56075546e-03 8.75496829e-07 -7.29096683e-07 2.58724019e-03 8.57424066e-07 -3.06175483e-08 -2.64847316e-05 1.80727629e-08
1.356954         -1.68542358e-06 1.60116441e-03 1.82907327e-06 -1.65524002e-06 1.62783614e-03 1.81135213e-06 -3.01835608e-08 -2.66717310e-05 1.77211381e-08
1.357658         -1.13040523e-06 1.96391908e-03 1.22739787e-06 -1.10071485e-06 1.99135643e-03 1.21014641e-06 -2.96903868e-08 -2.74373459e-05 1.72514508e-08
1.358363         -1.33619076e-06 2.15137558e-03 1.41618632e-06 -1.30698458e-06 2.17947105e-03 1.39942180e-06 -2.92061792e-08 -2.80954701e-05 1.67645257e-08
1.359067         -3.31144235e-06 2.61257535e-03 3.35530372e-06 -3.28166230e-06 2.64083912e-03 3.33804999e-06 -2.97800471e-08 -2.82637714e-05 1.72537227e-08
1.359772         -1.48972093e-06 2.28915548e-03 1.54991135e-06 -1.46027284e-06 2.31789367e-03 1.53303880e-06 -2.94480916e-08 -2.87381882e-05 1.68725454e-08
1.360476         -1.22800219e-06 2.28181125e-03 1.22528400e-06 -1.19907410e-06 2.31107675e-03 1.20897192e-06 -2.89280911e-08 -2.92654947e-05 1.63120839e-08
1.361181         -9.77706543e-07 2.17478989e-03 1.05819840e-06 -9.49398473e-07 2.20463935e-03 1.04252996e-06 -2.83080695e-08 -2.98494598e-05 1.56684413e-08
1.361886         -1.05711764e-06 3.13085649e-03 1.13057457e-06 -1.02931527e-06 3.16096586e-03 1.11542559e-06 -2.78023663e-08 -3.01093657e-05 1.51489807e-08
1.36259          -5.38738867e-07 3.91475592e-03 7.80238736e-07 -5.11544337e-07 3.94490290e-03 7.65688640e-07 -2.71945300e-08 -3.01469766e-05 1.45500960e-08
1.363295         -1.06383063e-06 1.35416872e-03 1.24556785e-06 -1.03689925e-06 1.38489769e-03 1.23133790e-06 -2.69313747e-08 -3.07289741e-05 1.42299531e-08
1.363999         7.27871285e-07 2.14198388e-03 -5.69870942e-07 7.53715068e-07 2.17315467e-03 -5.82976542e-07 -2.58437824e-08 -3.11707878e-05 1.31055991e-08
1.364704         -8.42003439e-07 3.92188121e-03 1.00037928e-06 -8.16412708e-07 3.95334107e-03 9.87586446e-07 -2.55907318e-08 -3.14598553e-05 1.27928336e-08
1.365409         -6.36450255e-07 2.83069177e-03 8.11392178e-07 -6.11212184e-07 2.86245317e-03 7.99014381e-07 -2.52380709e-08 -3.17613974e-05 1.23777971e-08
1.366113         4.24930018e-07 2.64132340e-03 -2.06208090e-07 4.49352196e-07 2.67341719e-03 -2.17721445e-07 -2.44221783e-08 -3.20937850e-05 1.15133556e-08
1.366818         -2.04223679e-07 2.21325872e-03 4.11827889e-07 -1.80276303e-07 2.24601620e-03 4.00860049e-07 -2.39473759e-08 -3.27574761e-05 1.09678402e-08
1.367522         3.55953303e-07 3.69953231e-03 -1.15694455e-07 3.79271257e-07 3.73230527e-03 -1.25951468e-07 -2.33179538e-08 -3.27729660e-05 1.02570126e-08
1.368227         -1.88480537e-07 4.37123382e-03 2.92691844e-07 -1.65497717e-07 4.40383456e-03 2.82877598e-07 -2.29828205e-08 -3.26007444e-05 9.81424642e-09
1.368931         -8.48434532e-07 4.03075411e-04 1.06677893e-06 -8.25342229e-07 4.36975842e-04 1.05700501e-06 -2.30923032e-08 -3.39004315e-05 9.77392502e-09
1.369636         -4.45636878e-07 3.04076676e-03 4.37652243e-07 -4.22606709e-07 3.07493627e-03 4.28103382e-07 -2.30301693e-08 -3.41695052e-05 9.54886089e-09
1.370341         -1.64000669e-07 6.04797347e-03 6.43143171e-07 -1.41157531e-07 6.08152876e-03 6.33775436e-07 -2.28431377e-08 -3.35552913e-05 9.36773574e-09
1.371045         -1.27658383e-06 1.82835010e-03 1.47695929e-06 -1.25348202e-06 1.86252053e-03 1.46739109e-06 -2.31018081e-08 -3.41704333e-05 9.56819751e-09
1.37175          -9.33255626e-08 1.97008126e-03 4.57592194e-07 -7.05146790e-08 2.00477770e-03 4.48319230e-07 -2.28108836e-08 -3.46964347e-05 9.27296391e-09
1.372454         -2.40552708e-07 3.78935931e-03 5.47295701e-07 -2.17902238e-07 3.82436701e-03 5.38185803e-07 -2.26504703e-08 -3.50077011e-05 9.10989767e-09
1.373159         -8.27042313e-08 3.89263973e-03 3.53743833e-07 -6.02822512e-08 3.92782899e-03 3.44860886e-07 -2.24219801e-08 -3.51892571e-05 8.88294701e-09
1.373863         4.02632869e-07 3.85946249e-03 -5.28575274e-08 4.24610110e-07 3.89479468e-03 -6.13126748e-08 -2.19772406e-08 -3.53321907e-05 8.45514733e-09
1.374568         -2.99762290e-07 3.30574788e-03 8.03950257e-07 -2.77852773e-07 3.34116593e-03 7.95504283e-07 -2.19095170e-08 -3.54180553e-05 8.44597356e-09
1.375273         1.47471399e-07 2.90602249e-03 2.17487183e-07 1.69135313e-07 2.94187221e-03 2.09248893e-07 -2.16639141e-08 -3.58497213e-05 8.23828932e-09
1.375977         9.79520142e-07 2.63212340e-03 -5.76237781e-07 1.00050442e-06 2.66859999e-03 -5.83845028e-07 -2.09842827e-08 -3.64765945e-05 7.60724727e-09
1.376682         9.77529479e-07 4.44741037e-03 -6.39766876e-07 9.97830662e-07 4.48365850e-03 -6.46735746e-07 -2.03011828e-08 -3.62481280e-05 6.96886975e-09
1.377386         2.94744379e-07 4.18849523e-03 1.89122338e-08 3.14648780e-07 4.22484774e-03 1.23408805e-08 -1.99044004e-08 -3.63525079e-05 6.57135331e-09
1.378091         -8.25664183e-06 3.84441912e-03 7.86397367e-06 -8.23332593e-06 3.88126160e-03 7.85426865e-06 -2.33158983e-08 -3.68424768e-05 9.70502828e-09
1.378795         9.96474485e-06 3.32866654e-03 -9.07001073e-06 9.98358972e-06 3.36570681e-03 -9.07550445e-06 -1.88448694e-08 -3.70402654e-05 5.49371440e-09
1.3795           -2.19096678e-06 3.46308551e-03 2.17514154e-06 -2.17119582e-06 3.50023306e-03 2.16883860e-06 -1.97709519e-08 -3.71475478e-05 6.30294157e-09
1.380164         1.48829392e-06 4.62036701e-03 -7.76803645e-07 1.50713718e-06 4.65734355e-03 -7.82318191e-07 -1.88432661e-08 -3.69765375e-05 5.51454622e-09
1.380828         5.01325837e-07 3.97724257e-03 -1.33768968e-07 5.19837495e-07 4.01453639e-03 -1.38948112e-07 -1.85116578e-08 -3.72938187e-05 5.17914395e-09
1.381482         1.69607765e-06 3.84084500e-03 -1.13975931e-06 1.71377641e-06 3.87862298e-03 -1.14416730e-06 -1.76987624e-08 -3.77779783e-05 4.40799277e-09
1.382137         -2.81981015e-06 3.11442810e-03 3.07102761e-06 -2.80074396e-06 3.15240527e-03 3.06528904e-06 -1.90661964e-08 -3.79771668e-05 5.73856317e-09
1.382791         2.81413971e-08 3.58799028e-03 2.51399650e-07 4.71724242e-08 3.62607933e-03 2.45681246e-07 -1.90310271e-08 -3.80890473e-05 5.71840380e-09
1.383445         -2.34005042e-05 4.61104202e-03 2.18617025e-05 -2.33710818e-05 4.64901966e-03 2.18461643e-05 -2.94224420e-08 -3.79776341e-05 1.55381982e-08
1.384089         2.16187715e-05 4.40455618e-03 -2.01137667e-05 2.16385150e-05 4.44265024e-03 -2.01201351e-05 -1.97435119e-08 -3.80940672e-05 6.36847475e-09
1.384732         3.48144614e-06 4.37771433e-03 -3.12054395e-06 3.49969948e-06 4.41600934e-03 -3.12550042e-06 -1.82533357e-08 -3.82950080e-05 4.95646894e-09
1.385376         1.44224302e-06 3.25309887e-03 -1.11057096e-06 1.45984008e-06 3.29182733e-03 -1.11487307e-06 -1.75970559e-08 -3.87284654e-05 4.30211273e-09
1.386009         -8.58236077e-08 3.27835491e-03 3.58756476e-07 -6.81309347e-08 3.31743575e-03 3.54370786e-07 -1.76926730e-08 -3.90808340e-05 4.38568968e-09
1.386642         9.41502945e-08 6.13537872e-03 1.90497318e-07 1.11829054e-07 6.17385345e-03 1.86133056e-07 -1.76787593e-08 -3.84747305e-05 4.36426220e-09
1.387276         1.17389298e-07 4.91921098e-03 1.20127599e-07 1.35001046e-07 4.95756848e-03 1.15868707e-07 -1.76117476e-08 -3.83575090e-05 4.25889132e-09
1.387909         3.40688912e-06 2.74445506e-03 -2.49475772e-06 3.42320148e-06 2.78343511e-03 -2.49782779e-06 -1.63123601e-08 -3.89800531e-05 3.07007870e-09
1.388531         -3.37295798e-06 3.83807337e-03 3.02316603e-06 -3.35514465e-06 3.87733726e-03 3.01874520e-06 -1.78133284e-08 -3.92638906e-05 4.42083051e-09
1.389153         -3.56432520e-07 4.36562944e-03 5.72724579e-07 -3.38510386e-07 4.40513419e-03 5.68215439e-07 -1.79221344e-08 -3.95047493e-05 4.50913997e-09
1.389776         -3.71904004e-06 4.72481834e-03 3.81546008e-06 -3.69963020e-06 4.76418566e-03 3.80952805e-06 -1.94098349e-08 -3.93673278e-05 5.93203511e-09
1.390398         -9.11356029e-07 4.92556315e-03 1.07768991e-06 -8.91721745e-07 4.96472200e-03 1.07157275e-06 -1.96342837e-08 -3.91588534e-05 6.11716147e-09
1.39102          -8.46336055e-07 4.70133855e-03 9.79712464e-07 -8.26444793e-07 4.74050238e-03 9.73359744e-07 -1.98912618e-08 -3.91638255e-05 6.35272048e-09
1.391631         -1.31749786e-06 4.67580142e-03 1.59846366e-06 -1.29715106e-06 4.71505413e-03 1.59166324e-06 -2.03467991e-08 -3.92527144e-05 6.80042270e-09
1.392242         -2.28695453e-06 4.44382998e-03 2.52024596e-06 -2.26573302e-06 4.48342457e-03 2.51257911e-06 -2.12215146e-08 -3.95945861e-05 7.66684966e-09
1.392852         2.02254223e-06 4.53630199e-03 -1.68332184e-06 2.04272405e-06 4.57599478e-03 -1.68998907e-06 -2.01818179e-08 -3.96927871e-05 6.66722929e-09
1.393463         -9.22019229e-08 5.02636720e-03 3.22160357e-07 -7.21091496e-08 5.06581906e-03 3.15587138e-07 -2.00927733e-08 -3.94518576e-05 6.57321904e-09
1.394074         3.04318564e-07 4.74735559e-03 1.67909173e-07 3.24115524e-07 4.78680833e-03 1.61565789e-07 -1.97969605e-08 -3.94527341e-05 6.34338368e-09
1.394684         -1.25075616e-06 4.33481858e-03 1.44212752e-06 -1.23070919e-06 4.37436578e-03 1.43555527e-06 -2.00469686e-08 -3.95472058e-05 6.57225477e-09
1.395295         3.29912503e-07 4.61120982e-03 -1.89348653e-07 3.49507182e-07 4.65082155e-03 -1.95458336e-07 -1.95946784e-08 -3.96117281e-05 6.10968226e-09
1.395893         -1.95282015e-07 4.91572420e-03 3.81815495e-07 -1.75913678e-07 4.95540998e-03 3.75916152e-07 -1.93683370e-08 -3.96857744e-05 5.89934260e-09
1.396491         4.81307968e-08 3.92771582e-03 1.85673077e-07 6.70900669e-08 3.96743042e-03 1.80163686e-07 -1.89592702e-08 -3.97145997e-05 5.50939114e-09
1.397089         -3.30213933e-05 3.89900973e-03 3.17074839e-05 -3.29900353e-05 3.93873284e-03 3.16899403e-05 -3.13580021e-08 -3.97231159e-05 1.75436042e-08
1.397687         2.47779190e-05 6.16598451e-03 -2.32753613e-05 2.47990682e-05 6.20553743e-03 -2.32831194e-05 -2.11491848e-08 -3.95529173e-05 7.75809819e-09
1.398285         3.21273355e-06 5.58551979e-03 -2.41891119e-06 3.23230125e-06 5.62502486e-03 -2.42526193e-06 -1.95676959e-08 -3.95050678e-05 6.35073635e-09
1.398883         2.33426041e-06 4.62285355e-03 -2.27413069e-06 2.35234257e-06 4.66253114e-03 -2.27892892e-06 -1.80821601e-08 -3.96775892e-05 4.79822527e-09
1.399481         2.51879173e-05 5.04702499e-03 -2.42519809e-05 2.51953565e-05 5.08667723e-03 -2.42463454e-05 -7.43920843e-09 -3.96522389e-05 -5.63550154e-09
1.400079         -1.90373560e-05 6.71996122e-03 1.85640837e-05 -1.90226607e-05 6.75917397e-03 1.85628356e-05 -1.46952546e-08 -3.92127530e-05 1.24809303e-09
1.400677         -3.40110205e-06 5.04463205e-03 3.37085613e-06 -3.38553611e-06 5.08385603e-03 3.36880918e-06 -1.55659391e-08 -3.92239832e-05 2.04694871e-09
1.401275         2.21085342e-06 3.00868653e-03 -2.04825798e-06 2.22506038e-06 3.04835620e-03 -2.04894232e-06 -1.42069565e-08 -3.96696730e-05 6.84343282e-10
1.401873         -2.06908328e-07 4.76313818e-03 3.54818359e-07 -1.93264739e-07 4.80265560e-03 3.54743834e-07 -1.36435882e-08 -3.95174214e-05 7.45250907e-11
1.402471         -2.78450639e-07 5.60544867e-03 4.36067528e-07 -2.65316370e-07 5.64453333e-03 4.36525881e-07 -1.31342689e-08 -3.90846562e-05 -4.58353568e-10
1.403069         -4.19085766e-07 4.80863632e-03 4.29394038e-07 -4.06322398e-07 4.84776610e-03 4.30272944e-07 -1.27633680e-08 -3.91297758e-05 -8.78905470e-10
1.403667         -7.05116770e-07 4.53135810e-03 6.64429484e-07 -6.92489425e-07 4.57064154e-03 6.65470897e-07 -1.26273444e-08 -3.92834430e-05 -1.04141370e-09
1.404265         6.68484782e-07 6.40949124e-03 -8.13336372e-07 6.80340415e-07 6.44845418e-03 -8.11532409e-07 -1.18556328e-08 -3.89629368e-05 -1.80396269e-09
1.404846         -1.01168759e-06 6.26753197e-03 9.30978011e-07 -1.00006140e-06 6.30621173e-03 9.33072134e-07 -1.16261922e-08 -3.86797610e-05 -2.09412249e-09
1.405426         -7.20944673e-07 4.73356309e-03 5.95594513e-07 -7.09635214e-07 4.77244202e-03 5.98082863e-07 -1.13094591e-08 -3.88789316e-05 -2.48835062e-09
1.406007         -8.83406225e-07 4.96956712e-03 7.31992301e-07 -8.72330030e-07 5.00854141e-03 7.34786987e-07 -1.10761944e-08 -3.89742952e-05 -2.79468557e-09
1.406587         -8.19261882e-07 5.58327871e-03 8.35232551e-07 -8.08427548e-07 5.62190397e-03 8.38330207e-07 -1.08343349e-08 -3.86252572e-05 -3.09765598e-09
1.407168         -4.90175542e-07 5.25105856e-03 1.84218235e-07 -4.79691942e-07 5.28946723e-03 1.87836072e-07 -1.04835998e-08 -3.84086708e-05 -3.61783718e-09
1.407748         -5.51472763e-07 4.98549707e-03 4.95180353e-07 -5.41334090e-07 5.02386002e-03 4.99241732e-07 -1.01386732e-08 -3.83629495e-05 -4.06137922e-09
1.408328         3.64518164e-07 5.22197489e-03 -5.76293829e-07 3.74014130e-07 5.26024136e-03 -5.71485488e-07 -9.49596634e-09 -3.82664692e-05 -4.80834095e-09
1.408909         -6.67490337e-07 5.30093369e-03 4.33970498e-07 -6.58230971e-07 5.33912503e-03 4.39123558e-07 -9.25936644e-09 -3.81913401e-05 -5.15306036e-09
1.409489         -5.23926304e-08 5.23540147e-03 -9.00576091e-08 -4.37606103e-08 5.27348424e-03 -8.41777637e-08 -8.63202003e-09 -3.80827696e-05 -5.87984540e-09
1.41007          -3.81129761e-07 4.97015243e-03 2.15400183e-07 -3.72985820e-07 5.00818169e-03 2.21902914e-07 -8.14394102e-09 -3.80292557e-05 -6.50273081e-09
1.41065          -4.16444784e-07 5.11119459e-03 8.99624569e-10 -4.08826236e-07 5.14908658e-03 8.11068658e-09 -7.61854817e-09 -3.78919851e-05 -7.21106201e-09
1.411231         -3.56933347e-07 5.34188707e-03 2.09680245e-07 -3.49773223e-07 5.37949077e-03 2.17482825e-07 -7.16012432e-09 -3.76036954e-05 -7.80257979e-09
1.411811         -2.76967128e-06 5.82385472e-03 2.36773784e-06 -2.76189201e-06 5.86123508e-03 2.37509716e-06 -7.77926952e-09 -3.73803626e-05 -7.35932493e-09
1.412391         2.08257112e-06 6.85933255e-03 -2.15227246e-06 2.08893122e-06 6.89654870e-03 -2.14346008e-06 -6.36009802e-09 -3.72161498e-05 -8.81238221e-09
1.412972         -2.13052658e-07 5.82221520e-03 -2.09001593e-09 -2.06989816e-07 5.85924101e-03 7.05390322e-09 -6.06284216e-09 -3.70258147e-05 -9.14391915e-09
1.413552         -2.75296541e-06 5.41499068e-03 2.53714762e-06 -2.74618632e-06 5.45177810e-03 2.54561783e-06 -6.77909295e-09 -3.67874167e-05 -8.47021698e-09
1.414133         -6.91540773e-07 5.29107062e-03 4.54145617e-07 -6.84699349e-07 5.32777707e-03 4.62583862e-07 -6.84142447e-09 -3.67064546e-05 -8.43824470e-09
1.414713         -2.22049584e-07 4.89990191e-03 5.22777643e-08 -2.15377675e-07 4.93662871e-03 6.09156416e-08 -6.67190854e-09 -3.67267997e-05 -8.63787725e-09
1.415294         -2.66389967e-06 5.24588841e-03 2.85464091e-06 -2.65665669e-06 5.28240215e-03 2.86265012e-06 -7.24298405e-09 -3.65137374e-05 -8.00921162e-09
1.415874         1.03100948e-06 5.51879702e-03 -1.43473839e-06 1.03740783e-06 5.55502685e-03 -1.42580176e-06 -6.39834602e-09 -3.62298288e-05 -8.93662823e-09
1.416454         3.01294959e-07 5.53937623e-03 -5.05781119e-07 3.07033575e-07 5.57537939e-03 -4.96168164e-07 -5.73861582e-09 -3.60031619e-05 -9.61295432e-09
1.417035         2.37059008e-07 5.70163886e-03 -4.38294457e-07 2.42142745e-07 5.73739547e-03 -4.28026955e-07 -5.08373717e-09 -3.57566098e-05 -1.02675017e-08
1.417615         7.44669245e-07 5.10981443e-03 -7.54624556e-07 7.48988036e-07 5.14553079e-03 -7.43637576e-07 -4.31879086e-09 -3.57163611e-05 -1.09869797e-08
1.418196         4.51265080e-07 5.27346348e-03 -7.27613481e-07 4.54946397e-07 5.30912693e-03 -7.15994546e-07 -3.68131743e-09 -3.56634552e-05 -1.16189351e-08
1.418776         3.11281403e-07 6.54038434e-03 -4.86310985e-07 3.14472249e-07 6.57567283e-03 -4.74239377e-07 -3.19084533e-09 -3.52884891e-05 -1.20716080e-08
1.419357         -4.60597154e-07 6.37386794e-03 3.43362366e-07 -4.57478736e-07 6.40882935e-03 3.55452348e-07 -3.11841741e-09 -3.49614157e-05 -1.20899813e-08
1.419937         3.41649928e-08 4.26363309e-03 6.72299760e-08 3.70427593e-08 4.29842016e-03 7.94977363e-08 -2.87776648e-09 -3.47870665e-05 -1.22677603e-08
1.420517         2.64855471e-10 4.87253889e-03 -5.79648930e-08 2.80094758e-09 4.90708887e-03 -4.53763934e-08 -2.53609211e-09 -3.45499809e-05 -1.25884996e-08
1.421098         -3.88643041e-06 6.38849122e-03 4.57457507e-06 -3.88277263e-06 6.42284948e-03 4.58582235e-06 -3.65778732e-09 -3.43582547e-05 -1.12472893e-08
1.421678         4.65890280e-06 5.98084142e-03 -5.17349972e-06 4.66059052e-06 6.01500557e-03 -5.16006196e-06 -1.68772465e-09 -3.41641551e-05 -1.34377572e-08
1.422259         -7.31325611e-07 4.19727958e-03 9.20620640e-07 -7.29313338e-07 4.23123644e-03 9.33782488e-07 -2.01227369e-09 -3.39568611e-05 -1.31618479e-08
1.422839         -2.93857068e-08 5.25138541e-03 8.47311100e-08 -2.73259283e-08 5.28506763e-03 9.79093769e-08 -2.05977850e-09 -3.36822155e-05 -1.31782669e-08
1.42342          1.60942893e-06 6.93333825e-03 -1.10769570e-06 1.61092919e-06 6.96662050e-03 -1.09395814e-06 -1.50025408e-09 -3.32822456e-05 -1.37375574e-08
1.424            1.77991269e-06 6.07454568e-03 -1.24145158e-06 1.78074791e-06 6.10757389e-03 -1.22703392e-06 -8.35218247e-10 -3.30282103e-05 -1.44176560e-08
1.424593         7.29421757e-07 5.18327941e-03 -4.69927737e-07 7.30174565e-07 5.21614836e-03 -4.55403776e-07 -7.52808777e-10 -3.28689472e-05 -1.45239601e-08
1.425187         3.00110551e-06 5.29022733e-03 -2.52737697e-06 3.00095842e-06 5.32286493e-03 -2.51205179e-06 1.47094997e-10 -3.26376060e-05 -1.53251817e-08
1.425772         4.53954427e-06 4.66919698e-03 -3.18888302e-06 4.53786459e-06 4.70156433e-03 -3.17230595e-06 1.67967849e-09 -3.23673501e-05 -1.65770674e-08
1.426357         2.08055721e-06 6.06190706e-03 -1.77819407e-06 2.07828254e-06 6.09393125e-03 -1.76115626e-06 2.27466802e-09 -3.20241849e-05 -1.70378125e-08
1.426943         1.44543362e-06 6.62115774e-03 -1.08454441e-06 1.44252893e-06 6.65281351e-03 -1.06696855e-06 2.90468631e-09 -3.16557681e-05 -1.75758669e-08
1.42752          5.55112153e-07 5.57003703e-03 -1.09687809e-07 5.51801859e-07 5.60154115e-03 -9.17268879e-08 3.31029346e-09 -3.15041223e-05 -1.79609215e-08
1.428097         1.20548979e-06 5.61170542e-03 -7.50403868e-07 1.20162079e-06 5.64311082e-03 -7.31896000e-07 3.86899999e-09 -3.14053997e-05 -1.85078678e-08
1.428674         -4.94736677e-07 5.10341139e-03 8.39987324e-07 -4.98247061e-07 5.13447119e-03 8.58165463e-07 3.51038373e-09 -3.10598006e-05 -1.81781385e-08
1.429251         9.14694388e-07 4.86708850e-03 -3.88693457e-07 9.11170526e-07 4.89776468e-03 -3.70448140e-07 3.52386172e-09 -3.06761765e-05 -1.82453178e-08
1.429829         8.25534360e-07 6.38400776e-03 -3.84159508e-07 8.22185063e-07 6.41437929e-03 -3.66019986e-07 3.34929676e-09 -3.03715312e-05 -1.81395221e-08
1.430397         -6.25994453e-08 7.12097671e-03 8.79351569e-08 -6.53500308e-08 7.15104836e-03 1.05647602e-07 2.75058554e-09 -3.00716512e-05 -1.77124450e-08
1.430966         7.84869367e-07 4.98269550e-03 1.26434083e-07 7.82279558e-07 5.01261016e-03 1.43934337e-07 2.58980914e-09 -2.99146620e-05 -1.75002536e-08
1.431535         -9.04506824e-07 4.74588342e-03 1.32433217e-06 -9.06296915e-07 4.77562057e-03 1.34111866e-06 1.79009081e-09 -2.97371469e-05 -1.67864882e-08
1.432103         7.75511927e-07 5.41789023e-03 -1.34263357e-07 7.73846637e-07 5.44750364e-03 -1.17642151e-07 1.66529063e-09 -2.96134117e-05 -1.66212066e-08
1.432663         1.43973032e-07 5.55341340e-03 6.28802146e-07 1.42787890e-07 5.58286419e-03 6.44877952e-07 1.18514231e-09 -2.94507910e-05 -1.60758056e-08
1.433223         3.11365459e-06 5.86362328e-03 -2.34665641e-06 3.11193008e-06 5.89263863e-03 -2.33016713e-06 1.72450984e-09 -2.90153514e-05 -1.64892870e-08
1.433783         1.47055766e-06 6.16122043e-03 -8.18206281e-07 1.46867758e-06 6.18979917e-03 -8.01631828e-07 1.88008724e-09 -2.85787411e-05 -1.65744529e-08
1.434343         8.07291401e-07 5.74803913e-03 -1.15760479e-07 8.05386192e-07 5.77636430e-03 -9.92104940e-08 1.90520926e-09 -2.83251701e-05 -1.65499852e-08
1.434903         1.15084496e-06 5.22214973e-03 -4.42286769e-07 1.14886064e-06 5.25024155e-03 -4.25745915e-07 1.98432306e-09 -2.80918273e-05 -1.65408539e-08
1.435454         -2.71048055e-06 4.84394251e-03 2.84032498e-06 -2.71106814e-06 4.87192901e-03 2.85536274e-06 5.87597023e-10 -2.79864973e-05 -1.50377616e-08
1.436005         9.20739546e-06 5.03686757e-03 -7.12561419e-06 9.20350469e-06 5.06469680e-03 -7.10760537e-06 3.89077053e-09 -2.78292302e-05 -1.80088267e-08
1.436555         -3.58084978e-06 6.17013552e-03 3.64921452e-06 -3.58331709e-06 6.19765909e-03 3.66583759e-06 2.46731142e-09 -2.75235753e-05 -1.66230696e-08
1.437106         2.19221604e-06 5.71498077e-03 -1.42285876e-06 2.18914758e-06 5.74225002e-03 -1.40580286e-06 3.06846468e-09 -2.72692504e-05 -1.70558939e-08
1.437657         4.47474783e-07 5.96534382e-03 1.71838817e-07 4.44688831e-07 5.99236282e-03 1.88452007e-07 2.78595187e-09 -2.70189993e-05 -1.66131897e-08
1.438208         8.22476971e-07 5.91088043e-03 -2.80594162e-07 8.20001730e-07 5.93761834e-03 -2.64498613e-07 2.47524076e-09 -2.67379094e-05 -1.60955492e-08
1.438749         1.01424486e-06 4.69594953e-03 -3.21134542e-07 1.01194852e-06 4.72244568e-03 -3.05456717e-07 2.29633846e-09 -2.64961526e-05 -1.56778248e-08
1.4393           1.59775376e-06 4.61173630e-03 -7.92636759e-07 1.59523852e-06 4.63797160e-03 -7.76961227e-07 2.51524337e-09 -2.62353079e-05 -1.56755325e-08
1.439851         -5.80856314e-06 5.75775097e-03 6.04647254e-06 -5.80888226e-06 5.78375855e-03 6.05989383e-06 3.19121828e-10 -2.60075856e-05 -1.34212926e-08
1.440391         9.19405151e-06 6.06891736e-03 -7.24704166e-06 9.19047451e-06 6.09464903e-03 -7.23090385e-06 3.57700035e-09 -2.57316754e-05 -1.61378143e-08
1.440932         -7.76071452e-07 5.77849872e-03 1.68190339e-06 -7.78990030e-07 5.80399771e-03 1.69712487e-06 2.91857831e-09 -2.54989883e-05 -1.52214810e-08
1.441472         1.37430660e-06 5.61607161e-03 -5.15482091e-07 1.37114877e-06 5.64137939e-03 -5.00187820e-07 3.15783104e-09 -2.53077851e-05 -1.52942717e-08
1.442013         2.28908842e-06 4.52635888e-03 -1.43375505e-06 2.28531554e-06 4.55156498e-03 -1.41797141e-06 3.77287655e-09 -2.52061013e-05 -1.57836395e-08
1.442553         1.23304416e-06 3.80565396e-03 -3.20431788e-07 1.22900729e-06 3.83078825e-03 -3.04485100e-07 4.03687558e-09 -2.51342882e-05 -1.59466887e-08
1.443094         -5.30680989e-06 6.44890753e-03 7.29639241e-06 -5.30882251e-06 6.47355770e-03 7.30994087e-06 2.01262174e-09 -2.46501698e-05 -1.35484517e-08
1.443634         5.43992521e-06 7.53320775e-03 -5.08554942e-06 5.43619993e-06 7.55727881e-03 -5.07019968e-06 3.72528263e-09 -2.40710648e-05 -1.53497393e-08
1.444175         2.17540368e-06 4.52975862e-03 -1.14962157e-06 2.17103230e-06 4.55384351e-03 -1.13363783e-06 4.37138378e-09 -2.40848884e-05 -1.59837341e-08
1.444716         2.60221169e-06 3.54484914e-03 -1.41253905e-06 2.59703966e-06 3.56912633e-03 -1.39584083e-06 5.17202895e-09 -2.42771931e-05 -1.66982230e-08
1.445256         -2.17426480e-06 5.61690389e-03 3.23010382e-06 -2.17835677e-06 5.64073906e-03 3.24570117e-06 4.09197104e-09 -2.38351661e-05 -1.55973444e-08
1.445797         4.74149914e-07 6.10200760e-03 8.74286376e-07 4.70216725e-07 6.12521683e-03 8.89579501e-07 3.93318893e-09 -2.32092331e-05 -1.52931252e-08
1.446337         7.11166612e-07 6.01832809e-03 3.79058027e-07 7.07255832e-07 6.04128579e-03 3.94221315e-07 3.91077997e-09 -2.29577021e-05 -1.51632880e-08
1.446878         1.20983130e-06 6.10056817e-03 -5.94110122e-08 1.20576753e-06 6.12335685e-03 -4.42587149e-08 4.06377093e-09 -2.27886856e-05 -1.51522973e-08
1.447418         1.08165045e-06 4.93721436e-03 1.88930656e-07 1.07733249e-06 4.95987598e-03 2.04201969e-07 4.31795777e-09 -2.26616243e-05 -1.52713134e-08
1.447959         8.70598507e-07 3.52264158e-03 4.29199206e-07 8.66053347e-07 3.54524254e-03 4.44574725e-07 4.54516006e-09 -2.26009548e-05 -1.53755196e-08
1.448499         1.78299130e-06 4.64377241e-03 -2.53844556e-07 1.77779211e-06 4.66621273e-03 -2.37954493e-07 5.19918472e-09 -2.24403210e-05 -1.58900627e-08
1.44904          -6.43618923e-11 6.25764331e-03 1.19805478e-06 -5.47107568e-09 6.27986294e-03 1.21415262e-06 5.40671378e-09 -2.22196247e-05 -1.60978342e-08
1.449581         7.06169241e-07 4.86318096e-03 4.58105639e-07 7.00261757e-07 4.88520343e-03 4.74753896e-07 5.90748433e-09 -2.20224664e-05 -1.66482563e-08
1.450121         -1.94024243e-06 4.19950576e-03 3.09838233e-06 -1.94564412e-06 4.22127934e-03 3.11453500e-06 5.40168850e-09 -2.17735893e-05 -1.61526682e-08
1.450662         3.73273690e-06 4.94757023e-03 -2.10670661e-06 3.72588351e-06 4.96905896e-03 -2.08916853e-06 6.85338646e-09 -2.14887307e-05 -1.75380761e-08
1.451202         5.33587673e-07 5.94935142e-03 1.03236337e-06 5.26542889e-07 5.97046887e-03 1.05009415e-06 7.04478350e-09 -2.11174501e-05 -1.77307824e-08
1.451743         1.04210106e-06 5.58972045e-03 4.18928943e-07 1.03486998e-06 5.61056667e-03 4.36813068e-07 7.23107848e-09 -2.08462236e-05 -1.78841247e-08
1.452283         1.48304503e-06 4.26797519e-03 4.46846755e-08 1.47548810e-06 4.28872027e-03 6.28180832e-08 7.55692408e-09 -2.07450877e-05 -1.81334077e-08
1.452824         2.05201111e-06 4.91706052e-03 -3.59680340e-07 2.04402369e-06 4.93755488e-03 -3.41254436e-07 7.98742515e-09 -2.04943652e-05 -1.84259041e-08
1.453364         2.61327977e-06 5.31922343e-03 -9.10100002e-07 2.60478138e-06 5.33928334e-03 -8.91308639e-07 8.49838902e-09 -2.00599054e-05 -1.87913632e-08
1.453905         3.89525098e-06 5.13761460e-03 -3.33413370e-06 3.88588838e-06 5.15741421e-03 -3.31446987e-06 9.36259344e-09 -1.97996115e-05 -1.96638257e-08
1.454446         -5.05760130e-07 4.16907131e-03 2.77185796e-06 -5.14406421e-07 4.18904030e-03 2.79047779e-06 8.64629057e-09 -1.99689930e-05 -1.86198383e-08
1.454986         4.55313961e-07 4.58337832e-03 1.31332651e-06 4.47060391e-07 4.60328390e-03 1.33150236e-06 8.25356980e-09 -1.99055800e-05 -1.81758558e-08
1.455527         5.25529998e-07 5.85574195e-03 1.15425193e-06 5.18023127e-07 5.87512747e-03 1.17156993e-06 7.50687168e-09 -1.93855113e-05 -1.73180027e-08
1.456067         9.83510774e-07 5.76905769e-03 5.95657314e-07 9.76657037e-07 5.78805669e-03 6.12262644e-07 6.85373608e-09 -1.89990034e-05 -1.66053301e-08
1.456608         3.85114694e-07 4.41143297e-03 1.41785488e-06 3.78818660e-07 4.43041961e-03 1.43388219e-06 6.29603407e-09 -1.89866439e-05 -1.60273023e-08
1.457148         1.41688570e-06 4.55422265e-03 -4.82798503e-08 1.41066515e-06 4.57310712e-03 -3.22878582e-08 6.22055040e-09 -1.88844709e-05 -1.59919921e-08
1.457689         -3.32209389e-07 5.04447249e-03 1.47552585e-06 -3.37664484e-07 5.06298668e-03 1.49084619e-06 5.45509494e-09 -1.85141885e-05 -1.53203378e-08
1.458229         -2.88684487e-07 5.42530875e-03 1.20302447e-06 -2.93329882e-07 5.44348537e-03 1.21761068e-06 4.64539501e-09 -1.81766173e-05 -1.45862058e-08
1.45877          2.88138004e-06 4.04604542e-03 -1.26751674e-06 2.87637857e-06 4.06417007e-03 -1.25270278e-06 5.00147027e-09 -1.81246522e-05 -1.48139616e-08
1.459311         -6.50543518e-07 3.96805996e-03 1.04431004e-06 -6.54713401e-07 3.98613053e-03 1.05838058e-06 4.16988361e-09 -1.80705752e-05 -1.40705346e-08
1.459885         -4.58401959e-07 5.11041048e-03 2.34336257e-06 -4.61530642e-07 5.12812464e-03 2.35624860e-06 3.12868253e-09 -1.77141588e-05 -1.28860296e-08
1.460459         -1.81052469e-06 4.88104198e-03 2.78192586e-06 -1.81217393e-06 4.89840589e-03 2.79319605e-06 1.64923549e-09 -1.73639044e-05 -1.12701897e-08
1.461034         4.35055918e-06 4.80156700e-03 -2.35617169e-06 4.34779005e-06 4.81876411e-03 -2.34398038e-06 2.76912726e-09 -1.71971162e-05 -1.21913133e-08
1.461608         1.85647728e-06 4.98196642e-03 -4.02824061e-07 1.85361224e-06 4.99897729e-03 -3.90698241e-07 2.86504544e-09 -1.70108695e-05 -1.21258205e-08
1.462182         8.34883907e-07 3.80890129e-03 -1.01223302e-07 8.32211892e-07 3.82572632e-03 -8.93743702e-08 2.67201538e-09 -1.68250223e-05 -1.18489320e-08
1.462757         3.53181673e-06 3.62973525e-03 -1.48982886e-06 3.52833202e-06 3.64638692e-03 -1.47738627e-06 3.48470447e-09 -1.66516766e-05 -1.24425892e-08
1.463331         1.20815916e-06 4.13442721e-03 3.20280249e-07 1.20474272e-06 4.15084879e-03 3.32506950e-07 3.41643874e-09 -1.64215780e-05 -1.22267011e-08
1.463905         2.41195908e-06 4.48140484e-03 -1.02385645e-06 2.40809969e-06 4.49758063e-03 -1.01131099e-06 3.85939673e-09 -1.61757881e-05 -1.25454614e-08
1.46448          1.51708728e-06 4.86670277e-03 5.58996427e-08 1.51304451e-06 4.88268079e-03 6.85342273e-08 4.04276508e-09 -1.59780188e-05 -1.26345846e-08
1.465054         2.39160136e-06 4.67266833e-03 -1.01567522e-06 2.38696182e-06 4.68843982e-03 -1.00245007e-06 4.63953798e-09 -1.57714878e-05 -1.32251509e-08
1.465628         1.75455793e-06 3.78825210e-03 -2.32606272e-07 1.74965836e-06 3.80381749e-03 -2.19231556e-07 4.89956413e-09 -1.55653915e-05 -1.33747160e-08
1.466203         1.92070666e-06 3.76793772e-03 -5.79521302e-07 1.91559969e-06 3.78324384e-03 -5.66069618e-07 5.10697263e-09 -1.53061268e-05 -1.34516841e-08
1.466777         -9.78357308e-06 4.15957628e-03 9.44070191e-06 -9.78431630e-06 4.17461419e-03 9.45021793e-06 7.43223910e-10 -1.50379095e-05 -9.51602009e-09
1.467351         1.06185976e-05 4.05788874e-03 -7.64949597e-06 1.06143488e-05 4.07268106e-03 -7.63719397e-06 4.24876854e-09 -1.47923176e-05 -1.23020016e-08
1.467926         -6.14963164e-07 4.21016121e-03 1.98791433e-06 -6.18291320e-07 4.22472895e-03 1.99910984e-06 3.32815619e-09 -1.45677427e-05 -1.11955041e-08
1.4685           3.26862477e-06 3.67911965e-03 -1.67289439e-06 3.26464467e-06 3.69348020e-03 -1.66115076e-06 3.98010508e-09 -1.43605481e-05 -1.17436311e-08
1.469078         4.70271956e-07 3.85970803e-03 7.72278428e-07 4.66652956e-07 3.87381494e-03 7.83576244e-07 3.61900001e-09 -1.41069045e-05 -1.12978156e-08
1.469656         3.25585848e-06 3.99669448e-03 -1.65999885e-06 3.25143560e-06 4.01056995e-03 -1.64812275e-06 4.42287720e-09 -1.38754667e-05 -1.18760944e-08
1.470234         2.14415095e-06 3.75291735e-03 -6.90558400e-07 2.13931587e-06 3.76655689e-03 -6.78453428e-07 4.83508571e-09 -1.36395455e-05 -1.21049723e-08
1.470812         4.19147976e-06 4.16352081e-03 -2.78833358e-06 4.18550001e-06 4.17700010e-03 -2.77536294e-06 5.97975408e-09 -1.34792895e-05 -1.29706468e-08
1.47139          -6.95983876e-07 4.34889219e-03 1.70739046e-06 -7.01130434e-07 4.36229168e-03 1.71944630e-06 5.14655747e-09 -1.33994941e-05 -1.20558395e-08
1.471968         1.65797482e-06 4.33789910e-03 -4.15634217e-07 1.65274731e-06 4.35100333e-03 -4.03715558e-07 5.22750903e-09 -1.31042267e-05 -1.19186595e-08
1.472545         1.97880628e-06 4.44861432e-03 -6.71391461e-07 1.97334702e-06 4.46126729e-03 -6.59411009e-07 5.45926244e-09 -1.26529649e-05 -1.19804523e-08
1.473123         2.25129358e-06 3.91656177e-03 -9.34075722e-07 2.24545472e-06 3.92896591e-03 -9.21880282e-07 5.83886481e-09 -1.24041347e-05 -1.21954402e-08
1.473701         2.55780246e-06 3.65164999e-03 -1.54960285e-06 2.55143665e-06 3.66384379e-03 -1.53698760e-06 6.36580919e-09 -1.21938029e-05 -1.26152512e-08
1.474279         3.85111861e-06 3.17450356e-03 -2.67899402e-06 3.84371766e-06 3.18656625e-03 -2.66552473e-06 7.40094663e-09 -1.20626909e-05 -1.34692942e-08
1.474857         1.95685057e-06 3.27821498e-03 -8.30172278e-07 1.94918295e-06 3.29015884e-03 -8.16615107e-07 7.66761343e-09 -1.19438639e-05 -1.35571712e-08
1.475435         2.36705171e-06 3.77201317e-03 -1.24806471e-06 2.35901717e-06 3.78373387e-03 -1.23428581e-06 8.03454134e-09 -1.17206936e-05 -1.37788973e-08
1.476013         4.57836788e-06 3.67858419e-03 -3.01668880e-06 4.56921034e-06 3.69011213e-03 -3.00207516e-06 9.15754438e-09 -1.15279399e-05 -1.46136424e-08
1.476591         2.86043968e-06 3.65913571e-03 -1.32974018e-06 2.85091254e-06 3.67048480e-03 -1.31500382e-06 9.52713715e-09 -1.13490863e-05 -1.47363629e-08
1.477178         2.74740938e-06 4.10375962e-03 -1.36976612e-06 2.73761900e-06 4.11488973e-03 -1.35497784e-06 9.79037815e-09 -1.11301089e-05 -1.47882753e-08
1.477756         2.65932904e-06 3.36237154e-03 -1.31720305e-06 2.64937538e-06 3.37324845e-03 -1.30238899e-06 9.95366830e-09 -1.08769160e-05 -1.48140673e-08
1.478343         -3.86353340e-07 2.72183924e-03 6.17117306e-07 -3.95195014e-07 2.73249265e-03 6.31061434e-07 8.84167345e-09 -1.06534058e-05 -1.39441280e-08
1.478931         3.60047198e-06 2.83935656e-03 -1.36415794e-06 3.59101944e-06 2.84983536e-03 -1.34994967e-06 9.45254875e-09 -1.04787967e-05 -1.42082734e-08
1.479518         6.30407387e-06 3.55226561e-03 -3.81576676e-06 6.29286602e-06 3.56254912e-03 -3.80005340e-06 1.12078532e-08 -1.02835074e-05 -1.57133555e-08
1.480106         3.26932992e-06 2.97517351e-03 -2.05710203e-06 3.25783874e-06 2.98537903e-03 -2.04105349e-06 1.14911803e-08 -1.02055175e-05 -1.60485472e-08
1.480693         5.24003428e-06 2.73676480e-03 -3.61103874e-06 5.22749786e-06 2.74684419e-03 -3.59403610e-06 1.25364189e-08 -1.00793928e-05 -1.70026401e-08
1.48128          2.66601018e-06 2.92833669e-03 -1.55588680e-06 2.65354108e-06 2.93832078e-03 -1.53890953e-06 1.24691010e-08 -9.98409747e-06 -1.69772613e-08
1.481879         2.76941205e-06 3.24142738e-03 -1.63496678e-06 2.75700162e-06 3.25119938e-03 -1.61804575e-06 1.24104342e-08 -9.77199434e-06 -1.69210340e-08
1.482477         3.02278888e-06 3.70621469e-03 -1.97623867e-06 3.01035165e-06 3.71558150e-03 -1.95927892e-06 1.24372225e-08 -9.36680571e-06 -1.69597537e-08
1.483076         3.22051958e-06 3.06400319e-03 -2.01768851e-06 3.20801240e-06 3.07320897e-03 -2.00072584e-06 1.25071868e-08 -9.20578696e-06 -1.69626748e-08
1.483674         1.81427433e-06 2.53763999e-03 -1.34117569e-06 1.80238356e-06 2.54682152e-03 -1.32475377e-06 1.18907696e-08 -9.18153085e-06 -1.64219193e-08
1.484273         -1.65978035e-07 2.93830390e-03 4.48313170e-07 -1.76499534e-07 2.94736109e-03 4.63570816e-07 1.05214986e-08 -9.05719671e-06 -1.52576460e-08
1.484871         2.37320574e-06 3.17996111e-03 -1.52480825e-06 2.36300119e-06 3.18887359e-03 -1.50992899e-06 1.02045472e-08 -8.91247751e-06 -1.48792553e-08
1.48547          -9.17522250e-07 2.95440800e-03 1.02504209e-06 -9.25999010e-07 2.96309018e-03 1.03822071e-06 8.47676035e-09 -8.68217722e-06 -1.31786144e-08
1.486068         5.70074106e-06 2.92890325e-03 -3.95877739e-06 5.69113908e-06 2.93733406e-03 -3.94480196e-06 9.60197754e-09 -8.43080605e-06 -1.39754343e-08
1.486667         8.35749529e-07 2.94344115e-03 -8.00188522e-08 8.27129166e-07 2.95160223e-03 -6.71644872e-08 8.62036288e-09 -8.16108651e-06 -1.28543650e-08
1.487265         2.84792976e-06 2.76635538e-03 -1.83419922e-06 2.83952381e-06 2.77429191e-03 -1.82176615e-06 8.40594863e-09 -7.93653279e-06 -1.24330734e-08
1.487864         -5.39476553e-06 2.84118662e-03 3.99639962e-06 -5.39960578e-06 2.84900480e-03 4.00586742e-06 4.84025078e-09 -7.81818018e-06 -9.46780228e-09
1.488462         1.20227693e-05 2.66574047e-03 -8.57461373e-06 1.20144602e-05 2.67344789e-03 -8.56277658e-06 8.30902162e-09 -7.70741167e-06 -1.18371553e-08
1.489061         4.51554893e-06 2.65325360e-03 -3.61668042e-06 4.50681220e-06 2.66086096e-03 -3.60463821e-06 8.73672664e-09 -7.60735477e-06 -1.20422097e-08
1.489659         4.37372489e-06 2.39052384e-03 -3.11389993e-06 4.36461384e-06 2.39802101e-03 -3.10183432e-06 9.11104744e-09 -7.49716600e-06 -1.20656084e-08
1.490273         2.29449306e-07 1.37699310e-03 -4.32935288e-07 2.21510296e-07 1.38443737e-03 -4.21924580e-07 7.93900955e-09 -7.44427151e-06 -1.10107084e-08
1.490888         8.25142357e-06 2.72594355e-03 -6.01212774e-06 8.24140680e-06 2.73310391e-03 -5.99968910e-06 1.00167702e-08 -7.16036445e-06 -1.24386439e-08
1.491502         2.75900422e-06 3.26842709e-03 -9.35215836e-07 2.74917771e-06 3.27519917e-03 -9.23355672e-07 9.82650598e-09 -6.77208163e-06 -1.18601633e-08
1.492116         2.60394965e-06 2.09467859e-03 -2.69434739e-06 2.59435125e-06 2.10142622e-03 -2.68251326e-06 9.59839638e-09 -6.74763560e-06 -1.18341280e-08
1.49273          4.41223088e-06 1.90264057e-03 -3.08490449e-06 4.40201755e-06 1.90939105e-03 -3.07266931e-06 1.02133235e-08 -6.75048226e-06 -1.22351811e-08
1.493345         3.19260873e-06 2.31572316e-03 -2.13039699e-06 3.18229779e-06 2.32221255e-03 -2.11813370e-06 1.03109407e-08 -6.48938738e-06 -1.22632846e-08
1.493959         3.95506773e-06 2.21904985e-03 -2.87903647e-06 3.94435010e-06 2.22533138e-03 -2.86645987e-06 1.07176318e-08 -6.28152869e-06 -1.25766028e-08
1.494593         2.95448061e-06 1.74821430e-03 -2.12228376e-06 2.94373175e-06 1.75452458e-03 -2.10966238e-06 1.07488565e-08 -6.31027944e-06 -1.26213836e-08
1.495228         3.40130521e-06 2.22531725e-03 -2.40780638e-06 3.39037356e-06 2.23146560e-03 -2.39504340e-06 1.09316572e-08 -6.14835353e-06 -1.27629829e-08
1.495863         2.34803814e-06 3.15777711e-03 -2.10754491e-06 2.33749104e-06 3.16349746e-03 -2.09498874e-06 1.05471002e-08 -5.72035036e-06 -1.25561683e-08
1.496498         2.79486109e-06 1.57325391e-03 -2.05213534e-06 2.78443822e-06 1.57889836e-03 -2.03967692e-06 1.04228744e-08 -5.64445000e-06 -1.24584170e-08
1.497132         2.30541488e-06 6.25552210e-04 -2.10264596e-06 2.29527895e-06 6.31259338e-04 -2.09026430e-06 1.01359300e-08 -5.70712857e-06 -1.23816651e-08
1.497793         4.50196531e-06 2.22719820e-03 -3.37960072e-06 4.49110635e-06 2.23261242e-03 -3.36672401e-06 1.08589573e-08 -5.41421841e-06 -1.28767071e-08
1.498455         3.02589374e-06 2.10169242e-03 -2.32995505e-06 3.01499794e-06 2.10685870e-03 -2.31712567e-06 1.08958052e-08 -5.16628013e-06 -1.28293812e-08
1.499116         3.27139992e-06 2.49775384e-03 -2.55207657e-06 3.26035495e-06 2.50276672e-03 -2.53923008e-06 1.10449729e-08 -5.01288910e-06 -1.28464938e-08
1.499777         2.63083417e-06 1.83715333e-03 -1.96930024e-06 2.61987116e-06 1.84203530e-03 -1.95668829e-06 1.09630156e-08 -4.88196834e-06 -1.26119504e-08
1.500438         2.62103871e-06 1.48765625e-03 -1.86169510e-06 2.61010680e-06 1.49239302e-03 -1.84936433e-06 1.09319141e-08 -4.73676986e-06 -1.23307735e-08
1.501099         4.26359295e-06 1.28912302e-03 -3.54549107e-06 4.25178036e-06 1.29372750e-03 -3.53258803e-06 1.18125893e-08 -4.60448048e-06 -1.29030426e-08
1.50176          -4.99843601e-06 1.31772857e-03 3.30945436e-06 -5.00695396e-06 1.32220161e-03 3.31957758e-06 8.51794818e-09 -4.47303563e-06 -1.01232291e-08
1.502463         9.07363162e-06 1.42738321e-03 -6.58399356e-06 9.06203792e-06 1.43187011e-03 -6.57173974e-06 1.15936944e-08 -4.48690055e-06 -1.22538187e-08
1.503165         3.17528201e-06 1.66970611e-03 -2.48165666e-06 3.16351105e-06 1.67395141e-03 -2.46952891e-06 1.17709585e-08 -4.24530040e-06 -1.21277472e-08
1.503868         2.79840824e-06 1.71433928e-03 -2.24066423e-06 2.78669355e-06 1.71818779e-03 -2.22886584e-06 1.17146955e-08 -3.84850829e-06 -1.17983855e-08
1.50457          2.66508256e-06 1.24675935e-03 -2.22408200e-06 2.65355538e-06 1.25062159e-03 -2.21271344e-06 1.15271798e-08 -3.86223769e-06 -1.13685645e-08
1.505273         3.03425043e-06 1.17477173e-03 -2.37624452e-06 3.02274280e-06 1.17857152e-03 -2.36521367e-06 1.15076336e-08 -3.79978228e-06 -1.10308474e-08
1.505975         2.65395656e-06 1.32445780e-03 -1.98850899e-06 2.64267207e-06 1.32804945e-03 -1.97796572e-06 1.12844945e-08 -3.59164574e-06 -1.05432740e-08
1.506678         2.55407223e-06 1.23789735e-03 -1.83474630e-06 2.54307344e-06 1.24133174e-03 -1.82469045e-06 1.09987889e-08 -3.43439403e-06 -1.00558496e-08
1.50738          2.76247283e-06 1.05276356e-03 -2.06423518e-06 2.75165316e-06 1.05604548e-03 -2.05454673e-06 1.08196655e-08 -3.28191532e-06 -9.68844868e-09
1.508083         2.83723936e-06 9.05104084e-04 -2.11079225e-06 2.82654516e-06 9.08280842e-04 -2.10138155e-06 1.06941939e-08 -3.17675818e-06 -9.41069624e-09
1.508785         2.70958216e-06 1.34304247e-03 -2.02923064e-06 2.69905910e-06 1.34597452e-03 -2.02009794e-06 1.05230538e-08 -2.93204763e-06 -9.13270807e-09
1.509488         2.61790100e-06 1.87124989e-03 -1.99934547e-06 2.60758528e-06 1.87387115e-03 -1.99048028e-06 1.03157164e-08 -2.62125959e-06 -8.86519632e-09
1.51019          2.63125608e-06 2.53846791e-04 -1.88809188e-06 2.62114027e-06 2.56667894e-04 -1.87946784e-06 1.01158097e-08 -2.82110284e-06 -8.62403679e-09
1.510893         2.94449896e-06 6.06166773e-04 -2.21286434e-06 2.93439644e-06 6.08869932e-04 -2.20430061e-06 1.01025135e-08 -2.70315851e-06 -8.56372980e-09
1.511595         2.59172678e-06 1.76879066e-03 -1.85681761e-06 2.58178310e-06 1.77100728e-03 -1.84840707e-06 9.94368821e-09 -2.21661570e-06 -8.41053957e-09
1.512298         3.17496357e-06 4.16784878e-04 -2.22043903e-06 3.16488399e-06 4.18954186e-04 -2.21195888e-06 1.00795848e-08 -2.16930744e-06 -8.48015135e-09
1.513            1.97558108e-06 4.39073317e-04 -1.27144332e-06 1.96589363e-06 4.41170264e-04 -1.26324326e-06 9.68745415e-09 -2.09694775e-06 -8.20005785e-09
1.513781         2.34004210e-06 1.01139936e-03 -1.63388823e-06 2.33049999e-06 1.01327401e-03 -1.62574483e-06 9.54210595e-09 -1.87464926e-06 -8.14340247e-09
1.514561         2.42887588e-06 6.14885308e-04 -1.80897499e-06 2.41939774e-06 6.16748170e-04 -1.80078802e-06 9.47813970e-09 -1.86286229e-06 -8.18697625e-09
1.515357         4.18243638e-06 8.07031990e-04 -2.80450106e-06 4.17196773e-06 8.08747447e-04 -2.79557125e-06 1.04686586e-08 -1.71545677e-06 -8.92981288e-09
1.516167         3.05290341e-06 1.29344088e-03 -2.15270726e-06 3.04200781e-06 1.29467089e-03 -2.14332486e-06 1.08955957e-08 -1.23001140e-06 -9.38240066e-09
1.516977         2.41505595e-06 4.32544968e-05 -1.76443149e-06 2.40407791e-06 4.44988761e-05 -1.75478857e-06 1.09780371e-08 -1.24437934e-06 -9.64292251e-09
1.517804         2.55651498e-06 2.02530153e-07 -1.75318190e-06 2.54534262e-06 1.43076766e-06 -1.74317008e-06 1.11723606e-08 -1.22823751e-06 -1.00118145e-08
1.518649         2.75398812e-06 2.22681296e-04 -1.90816486e-06 2.74249926e-06 2.23802362e-04 -1.89768890e-06 1.14888650e-08 -1.12106598e-06 -1.04759601e-08
1.519512         2.43417337e-06 1.23931761e-03 -1.63670186e-06 2.42259041e-06 1.24006327e-03 -1.62593275e-06 1.15829592e-08 -7.45655534e-07 -1.07691128e-08
1.520376         -2.60979230e-06 5.47231357e-04 1.60828872e-06 -2.61858936e-06 5.47821480e-04 1.61741266e-06 8.79706448e-09 -5.90122361e-07 -9.12394159e-09
1.52126          5.64380704e-06 2.82908796e-05 -3.67794620e-06 5.63310248e-06 2.88613266e-05 -3.66726579e-06 1.07045571e-08 -5.70447045e-07 -1.06804112e-08
1.522166         2.42447116e-06 -1.38267926e-04 -1.46607143e-06 2.41369045e-06 -1.37819670e-04 -1.45507200e-06 1.07807150e-08 -4.48256385e-07 -1.09994298e-08
1.523072         2.14812423e-06 4.52709804e-04 -1.32997684e-06 2.13745965e-06 4.52810439e-04 -1.31874504e-06 1.06645865e-08 -1.00634990e-07 -1.12318039e-08
1.524002         1.46712234e-06 7.47703748e-05 -8.35596221e-07 1.45702747e-06 7.47560747e-05 -8.24423908e-07 1.00948624e-08 1.43000955e-08 -1.11723128e-08
1.524933         1.49810711e-06 2.26673397e-04 -8.96178501e-07 1.48855433e-06 2.26668345e-04 -8.85009290e-07 9.55278755e-09 5.05186707e-09 -1.11692103e-08
1.525891         -1.21197390e-07 1.90439450e-04 2.02362470e-07 -1.29199693e-07 1.89997129e-04 2.12946854e-07 8.00230312e-09 4.42320627e-07 -1.05843845e-08
1.526848         9.57673543e-07 -2.58174158e-04 -4.32987632e-07 9.50559484e-07 -2.58695788e-04 -4.22565100e-07 7.11405866e-09 5.21629403e-07 -1.04225326e-08
1.527837         -7.87130612e-07 -2.70510331e-04 7.67484766e-07 -7.92293997e-07 -2.71080699e-04 7.77114984e-07 5.16338486e-09 5.70367615e-07 -9.63021863e-09
1.52886          2.84918927e-06 9.83838294e-06 -1.70344271e-06 2.84353889e-06 8.96040039e-06 -1.69302202e-06 5.65038193e-09 8.77982549e-07 -1.04206924e-08
1.529848         3.34715842e-07 -5.24839133e-05 1.91185733e-08 3.30326125e-07 -5.35319130e-05 2.91330605e-08 4.38971653e-09 1.04799972e-06 -1.00144872e-08
1.530835         3.15096467e-06 -1.43901764e-04 -1.64596435e-06 3.14573992e-06 -1.45152625e-04 -1.63498086e-06 5.22475334e-09 1.25086057e-06 -1.09834901e-08
1.531823         1.46304884e-06 -2.72836580e-04 -6.10516740e-07 1.45824611e-06 -2.74368222e-04 -5.99360212e-07 4.80272543e-09 1.53164198e-06 -1.11565284e-08
1.53281          1.41055255e-06 -6.81860563e-04 -6.51154262e-07 1.40626838e-06 -6.83420562e-04 -6.39839688e-07 4.28416425e-09 1.55999827e-06 -1.13145740e-08
1.533798         -1.23759040e-06 1.55396322e-04 1.55647088e-06 -1.23957640e-06 1.53402505e-04 1.56654418e-06 1.98599340e-09 1.99381770e-06 -1.00732991e-08
1.534746         4.73661975e-06 -6.87675886e-04 -2.61515766e-06 4.73291352e-06 -6.89738713e-04 -2.60347999e-06 3.70623150e-09 2.06282735e-06 -1.16776607e-08
1.535694         -3.82926267e-07 -6.44468374e-04 -1.38285772e-07 -3.84854337e-07 -6.46604307e-04 -1.27133747e-07 1.92807071e-09 2.13593330e-06 -1.11520253e-08
1.536603         1.80219999e-06 -3.87547895e-04 -7.40277132e-07 1.80038073e-06 -3.89910860e-04 -7.28892010e-07 1.81925717e-09 2.36296511e-06 -1.13851223e-08
1.537511         1.32542798e-06 -5.61124833e-04 -5.75353690e-07 1.32404010e-06 -5.63792282e-04 -5.63852559e-07 1.38787876e-09 2.66744921e-06 -1.15011311e-08
1.53838          8.46515309e-07 -6.49199688e-04 -3.43895918e-07 8.45880252e-07 -6.52125794e-04 -3.32537937e-07 6.35056844e-10 2.92610560e-06 -1.13579810e-08
1.539249         1.08957178e-06 -6.65454662e-04 -3.58328669e-07 1.08953102e-06 -6.68480820e-04 -3.47126562e-07 4.07601804e-11 3.02615816e-06 -1.12021073e-08
1.540079         -4.57052999e-07 -9.43739313e-04 5.65226766e-07 -4.55684053e-07 -9.46952101e-04 5.75778596e-07 -1.36894654e-09 3.21278828e-06 -1.05518303e-08
1.540909         6.80654194e-07 -7.88228392e-04 -6.89870675e-08 6.82769948e-07 -7.91670239e-04 -5.87054223e-08 -2.11575413e-09 3.44184653e-06 -1.02816452e-08
1.541738         7.09202851e-07 -8.35167030e-04 -4.45421062e-08 7.12156630e-07 -8.38674031e-04 -3.45858883e-08 -2.95377842e-09 3.50700107e-06 -9.95621789e-09
1.542526         -2.08028072e-06 -4.29292478e-04 1.41873340e-06 -2.07515755e-06 -4.33186814e-04 1.42760308e-06 -5.12316575e-09 3.89433653e-06 -8.86967798e-09
1.543314         -5.66371464e-07 -8.57024078e-04 7.17248623e-07 -5.59941529e-07 -8.61062839e-04 7.25546063e-07 -6.42993478e-09 4.03876064e-06 -8.29743985e-09
1.544102         8.43257265e-08 -1.27329802e-03 2.71179849e-07 9.16290990e-08 -1.27734550e-03 2.79126431e-07 -7.30337252e-09 4.04747984e-06 -7.94658161e-09
1.544847         5.17615769e-07 -9.89518532e-04 1.14053991e-07 5.25570820e-07 -9.93777791e-04 1.21629816e-07 -7.95505115e-09 4.25925975e-06 -7.57582535e-09
1.545591         4.47017992e-07 -7.48612266e-04 1.54120720e-07 4.55685095e-07 -7.53148153e-04 1.61256157e-07 -8.66710303e-09 4.53588730e-06 -7.13543721e-09
1.546335         2.21636133e-06 -9.86551345e-04 -7.74961078e-07 2.22485874e-06 -9.91337485e-04 -7.67817105e-07 -8.49741555e-09 4.78614029e-06 -7.14397321e-09
1.547033         8.79852149e-07 -1.93563881e-03 -1.91624785e-07 8.88712081e-07 -1.94046068e-03 -1.84740720e-07 -8.85993170e-09 4.82186958e-06 -6.88406542e-09
1.547731         -6.95114621e-07 -5.22556535e-04 1.00767635e-06 -6.85204726e-07 -5.27641048e-04 1.01394070e-06 -9.90989456e-09 5.08451257e-06 -6.26434976e-09
1.548429         -2.68016079e-07 -5.29669682e-05 5.93877655e-07 -2.57375959e-07 -5.83606411e-05 5.99709728e-07 -1.06401203e-08 5.39367296e-06 -5.83207281e-09
1.549127         1.68487784e-06 -1.96885740e-03 -1.57141242e-07 1.69512166e-06 -1.97423099e-03 -1.51253616e-07 -1.02438178e-08 5.37359058e-06 -5.88762509e-09
1.549824         -6.59207288e-07 -1.27275965e-03 6.37266500e-07 -6.48068836e-07 -1.27830299e-03 6.42707299e-07 -1.11384519e-08 5.54334400e-06 -5.44079870e-09
1.550522         -3.66073666e-07 -5.75840014e-04 7.23860497e-07 -3.54330509e-07 -5.81739679e-04 7.28954889e-07 -1.17431571e-08 5.89966495e-06 -5.09439277e-09
1.551156         -8.13457521e-07 -1.50304994e-03 9.93463820e-07 -8.01081697e-07 -1.50908235e-03 9.98198089e-07 -1.23758231e-08 6.03240138e-06 -4.73426887e-09
1.551791         -1.01475229e-06 -1.42235186e-03 1.12903522e-06 -1.00172941e-06 -1.42851771e-03 1.13340118e-06 -1.30228798e-08 6.16584629e-06 -4.36596288e-09
1.552425         -4.64758416e-06 -1.04098185e-03 3.22635962e-06 -4.63235801e-06 -1.04739303e-03 3.22946298e-06 -1.52261470e-08 6.41117988e-06 -3.10335959e-09
1.55306          3.98304782e-06 -1.12220934e-03 -1.64055961e-06 3.99653692e-06 -1.12877970e-03 -1.63638522e-06 -1.34891013e-08 6.57035327e-06 -4.17439872e-09
1.553694         -6.32965257e-07 -1.44549028e-03 9.40399958e-07 -6.19181260e-07 -1.45206358e-03 9.44416758e-07 -1.37839973e-08 6.57329440e-06 -4.01680014e-09
1.554328         -9.55018483e-07 -1.36613570e-03 1.13066059e-06 -9.40935091e-07 -1.37291574e-03 1.13454106e-06 -1.40833925e-08 6.78004024e-06 -3.88047460e-09
1.554963         -9.38960670e-07 -1.38296364e-03 1.03299106e-06 -9.24624013e-07 -1.39004626e-03 1.03679586e-06 -1.43366562e-08 7.08261353e-06 -3.80480502e-09
1.555597         -3.00548862e-06 -1.12573356e-03 2.19772672e-06 -2.98996570e-06 -1.13294498e-03 2.20101110e-06 -1.55229273e-08 7.21142503e-06 -3.28437763e-09
1.556231         1.82336431e-06 -1.14088716e-03 -6.57834915e-07 1.83796740e-06 -1.14821007e-03 -6.54020298e-07 -1.46030892e-08 7.32290441e-06 -3.81461685e-09
1.556866         -1.53700488e-06 -2.03234022e-03 1.65765802e-06 -1.52203316e-06 -2.03985392e-03 1.66127729e-06 -1.49717157e-08 7.51370146e-06 -3.61927150e-09
1.5575           -1.15481662e-06 -1.52892372e-03 1.20363703e-06 -1.13999158e-06 -1.53664011e-03 1.20741547e-06 -1.48250417e-08 7.71639300e-06 -3.77844674e-09
1.558086         -1.54219508e-06 -3.51112800e-04 1.27235682e-06 -1.52741821e-06 -3.59064698e-04 1.27627185e-06 -1.47768759e-08 7.95189837e-06 -3.91503053e-09
1.558671         -1.65904096e-06 -1.45399036e-03 1.47774723e-06 -1.64427436e-06 -1.46209061e-03 1.48175345e-06 -1.47666038e-08 8.10025021e-06 -4.00621270e-09
1.559249         -1.24810624e-06 -2.53747847e-03 1.25105801e-06 -1.23352456e-06 -2.54568014e-03 1.25521207e-06 -1.45816780e-08 8.20167285e-06 -4.15405854e-09
1.559819         -1.39629475e-06 -1.58591735e-03 1.23052278e-06 -1.38176294e-06 -1.59424646e-03 1.23476184e-06 -1.45318172e-08 8.32911300e-06 -4.23905830e-09
1.560389         -1.49055298e-06 -1.30091455e-03 1.33093434e-06 -1.47609843e-06 -1.30931730e-03 1.33529508e-06 -1.44545419e-08 8.40274688e-06 -4.36073532e-09
1.560959         -1.87260579e-06 -1.25661493e-03 1.58151008e-06 -1.85818598e-06 -1.26526759e-03 1.58595991e-06 -1.44198133e-08 8.65266312e-06 -4.44983523e-09
1.561521         -1.31364968e-06 -1.17747934e-03 1.20631500e-06 -1.29953879e-06 -1.18649662e-03 1.21102939e-06 -1.41108847e-08 9.01727145e-06 -4.71438863e-09
1.562083         -1.48546990e-06 -1.86114972e-03 1.22335484e-06 -1.47170279e-06 -1.87019145e-03 1.22836095e-06 -1.37671113e-08 9.04172137e-06 -5.00610766e-09
1.562638         -1.59093538e-06 -2.37768391e-03 1.37592240e-06 -1.57742248e-06 -2.38658762e-03 1.38119103e-06 -1.35128954e-08 8.90370535e-06 -5.26863542e-09
1.563192         -1.35121856e-06 -1.46558406e-03 1.25973213e-06 -1.33799811e-06 -1.47474267e-03 1.26528595e-06 -1.32204447e-08 9.15860726e-06 -5.55381262e-09
1.563739         -3.42380435e-06 -1.21248075e-03 2.10183971e-06 -3.41008062e-06 -1.22202774e-03 2.10734244e-06 -1.37237307e-08 9.54699061e-06 -5.50273329e-09
1.564285         -2.08674755e-06 -1.64887793e-03 1.50528419e-06 -2.07294642e-06 -1.65857470e-03 1.51090179e-06 -1.38011299e-08 9.69677188e-06 -5.61759886e-09
1.564824         5.64536721e-06 -1.69393396e-03 -1.42830347e-06 5.65665589e-06 -1.70373441e-03 -1.42154997e-06 -1.12886755e-08 9.80044270e-06 -6.75349746e-09
1.565363         -6.94443020e-06 -1.81055449e-03 3.23994901e-06 -6.93108055e-06 -1.82046912e-03 3.24603004e-06 -1.33496526e-08 9.91463452e-06 -6.08103479e-09
1.565902         -2.96578821e-06 -2.04707584e-03 1.81951389e-06 -2.95173055e-06 -2.05703762e-03 1.82540361e-06 -1.40576657e-08 9.96178180e-06 -5.88971331e-09
1.566432         -1.50493972e-06 -1.61119652e-03 1.24539659e-06 -1.49064825e-06 -1.62132364e-03 1.25125222e-06 -1.42914707e-08 1.01271189e-05 -5.85562033e-09
1.566963         -1.48329429e-06 -1.43552838e-03 1.18255680e-06 -1.46876920e-06 -1.44585812e-03 1.18836086e-06 -1.45250932e-08 1.03297353e-05 -5.80406605e-09
1.567494         -1.35324436e-06 -1.48143474e-03 1.15153938e-06 -1.33855992e-06 -1.49193731e-03 1.15731434e-06 -1.46844420e-08 1.05025721e-05 -5.77496523e-09
1.568017         -1.35707238e-06 -1.31893474e-03 1.08761718e-06 -1.34225014e-06 -1.32964707e-03 1.09335640e-06 -1.48222475e-08 1.07123340e-05 -5.73921391e-09
1.56854          -1.19973183e-06 -1.76693806e-03 1.02357578e-06 -1.18486269e-06 -1.77780069e-03 1.02931238e-06 -1.48691382e-08 1.08626314e-05 -5.73659791e-09
1.569063         -1.22966127e-06 -2.45044998e-03 1.09610639e-06 -1.21474711e-06 -2.46141985e-03 1.10182778e-06 -1.49141620e-08 1.09698696e-05 -5.72139422e-09
1.569577         -1.13927168e-06 -1.99895571e-03 1.02817103e-06 -1.12430960e-06 -2.01005983e-03 1.03387293e-06 -1.49620835e-08 1.11041159e-05 -5.70189118e-09
1.570092         -7.98595911e-07 -1.32068856e-03 8.10250370e-07 -7.83700437e-07 -1.33190218e-03 8.15983761e-07 -1.48954742e-08 1.12136182e-05 -5.73339075e-09
1.570607         -1.61692229e-07 -1.48160458e-03 4.16579475e-07 -1.47053921e-07 -1.49292804e-03 4.22452344e-07 -1.46383085e-08 1.13234590e-05 -5.87286879e-09
1.571121         -5.08633994e-07 -1.92687402e-03 7.12381961e-07 -4.94155365e-07 -1.93841763e-03 7.18333473e-07 -1.44786299e-08 1.15436095e-05 -5.95151263e-09
1.571636         -1.27555954e-06 -2.10347503e-03 9.72772171e-07 -1.26091025e-06 -2.11522952e-03 9.78634593e-07 -1.46492937e-08 1.17544814e-05 -5.86242214e-09
1.572142         -8.05600366e-07 -1.91572463e-03 8.19539089e-07 -7.90887255e-07 -1.92760256e-03 8.25322230e-07 -1.47131116e-08 1.18779246e-05 -5.78314088e-09
1.572648         2.79437911e-07 -1.82064532e-03 3.23210558e-07 2.93807113e-07 -1.83262291e-03 3.29127213e-07 -1.43692019e-08 1.19775848e-05 -5.91665525e-09
1.573154         -6.48273037e-07 -1.84973040e-03 6.04095574e-07 -6.33827913e-07 -1.86184262e-03 6.09954399e-07 -1.44451242e-08 1.21122245e-05 -5.85882523e-09
1.57366          -3.08919734e-07 -1.95457505e-03 4.78169791e-07 -2.94475084e-07 -1.96678733e-03 4.83991566e-07 -1.44446506e-08 1.22122849e-05 -5.82177565e-09
1.574166         -3.78076325e-07 -1.53243401e-03 4.81975791e-07 -3.63554013e-07 -1.54487961e-03 4.87716959e-07 -1.45223115e-08 1.24455970e-05 -5.74116800e-09
1.574672         -2.03040562e-07 -1.23597781e-03 3.65425230e-07 -1.88465497e-07 -1.24882035e-03 3.71086443e-07 -1.45750649e-08 1.28425392e-05 -5.66121281e-09
1.575178         -3.90089734e-07 -1.75671369e-03 4.65024506e-07 -3.75357090e-07 -1.76975250e-03 4.70534722e-07 -1.47326439e-08 1.30388081e-05 -5.51021641e-09
1.575684         -3.63114766e-07 -2.70609733e-03 4.09210896e-07 -3.48318834e-07 -2.71908329e-03 4.14624226e-07 -1.47959322e-08 1.29859557e-05 -5.41333017e-09
1.576181         -1.01593317e-06 -2.35923315e-03 9.59668982e-07 -1.00084858e-06 -2.37228512e-03 9.64879242e-07 -1.50845924e-08 1.30519675e-05 -5.21026060e-09
1.576677         1.13411551e-06 -1.67112935e-03 -3.94915425e-07 1.14875008e-06 -1.68439918e-03 -3.89549673e-07 -1.46345665e-08 1.32698320e-05 -5.36575264e-09
1.577174         -6.51912163e-07 -1.75753486e-03 5.35630802e-07 -6.37149454e-07 -1.77098944e-03 5.40910231e-07 -1.47627096e-08 1.34545784e-05 -5.27942971e-09
1.57767          -3.59944035e-07 -1.68434978e-03 5.20611961e-07 -3.45142655e-07 -1.69800269e-03 5.25819849e-07 -1.48013802e-08 1.36529106e-05 -5.20788802e-09
1.578167         -2.92322076e-07 -1.48642267e-03 3.46011069e-07 -2.77454543e-07 -1.50029156e-03 3.51155496e-07 -1.48675333e-08 1.38688823e-05 -5.14442743e-09
1.578664         2.09002100e-05 -2.15744201e-03 -6.87221335e-06 2.09080739e-05 -2.17146433e-03 -6.86453235e-06 -7.86390140e-09 1.40223216e-05 -7.68099582e-09
1.57916          -1.18424763e-05 -2.69294355e-03 2.48088887e-06 -1.18304951e-05 -2.70708256e-03 2.48734081e-06 -1.19811467e-08 1.41390033e-05 -6.45193822e-09
1.579657         -8.85879483e-07 -2.15705464e-03 3.23149113e-07 -8.73668807e-07 -2.17134414e-03 3.29482081e-07 -1.22106763e-08 1.42895039e-05 -6.33296838e-09
1.580153         -3.48052703e-07 -1.40282582e-03 2.08158035e-07 -3.35861844e-07 -1.41722388e-03 2.14490706e-07 -1.21908587e-08 1.43980602e-05 -6.33267104e-09
1.58065          -5.71510477e-07 -1.70120430e-03 3.57027771e-07 -5.59251583e-07 -1.71573628e-03 3.63294640e-07 -1.22588945e-08 1.45319875e-05 -6.26686867e-09
1.581146         -7.54644556e-07 -1.97792094e-03 5.07716765e-07 -7.42297457e-07 -1.99273221e-03 5.13922549e-07 -1.23470996e-08 1.48112712e-05 -6.20578348e-09
1.581643         -7.97812626e-07 -2.14243522e-03 5.56867898e-07 -7.85358920e-07 -2.15749678e-03 5.62995069e-07 -1.24537058e-08 1.50615647e-05 -6.12717084e-09
1.582139         2.06946048e-06 -1.92071538e-03 -5.50867202e-07 2.08108842e-06 -1.93594406e-03 -5.44512579e-07 -1.16279381e-08 1.52286808e-05 -6.35462246e-09
1.582636         -6.24281105e-07 -1.89769966e-03 4.74640129e-07 -6.12566226e-07 -1.91307440e-03 4.80913748e-07 -1.17148796e-08 1.53747468e-05 -6.27361870e-09
1.583132         -3.32139096e-07 -2.16109882e-03 4.28199327e-07 -3.20401123e-07 -2.17666064e-03 4.34450942e-07 -1.17379728e-08 1.55618151e-05 -6.25161566e-09
1.583629         -2.32998749e-07 -2.40883037e-03 -1.24410482e-07 -2.21285717e-07 -2.42459095e-03 -1.17967993e-07 -1.17130317e-08 1.57605745e-05 -6.44248974e-09
1.584125         -7.28954764e-07 -2.20612151e-03 9.95553195e-07 -7.16884575e-07 -2.22207364e-03 1.00175220e-06 -1.20701889e-08 1.59521355e-05 -6.19900957e-09
1.584622         -2.32235899e-06 -2.20811094e-03 1.30771699e-06 -2.30971751e-06 -2.22423464e-03 1.31375192e-06 -1.26414734e-08 1.61237082e-05 -6.03493716e-09
1.585118         -9.61949356e-06 -2.06762497e-03 4.91693589e-06 -9.60393852e-06 -2.08392000e-03 4.92169702e-06 -1.55550347e-08 1.62950266e-05 -4.76112377e-09
1.585615         -3.84767458e-06 -1.29562674e-03 8.43146374e-07 -3.83073792e-06 -1.31210297e-03 8.47553334e-07 -1.69366590e-08 1.64762294e-05 -4.40696004e-09
1.586111         2.30210566e-06 -1.37047804e-03 2.73605925e-07 2.31800383e-06 -1.38712049e-03 2.78362569e-07 -1.58981647e-08 1.66424429e-05 -4.75664465e-09
1.586608         -1.94559977e-06 -2.35322256e-03 1.23569853e-06 -1.92904894e-06 -2.37005282e-03 1.24016717e-06 -1.65508277e-08 1.68302631e-05 -4.46863766e-09
1.587104         -9.82153589e-08 -2.52523541e-03 2.55699843e-07 -8.16334908e-08 -2.54225278e-03 2.60129005e-07 -1.65818681e-08 1.70173647e-05 -4.42916266e-09
1.587601         -7.77592189e-07 -2.00220444e-03 5.04157998e-07 -7.60796704e-07 -2.01951289e-03 5.08438258e-07 -1.67954855e-08 1.73084455e-05 -4.28026068e-09
1.588097         -1.42028551e-06 -1.91987460e-03 8.15358222e-07 -1.40302132e-06 -1.93755731e-03 8.19286384e-07 -1.72641934e-08 1.76827089e-05 -3.92816231e-09
1.588594         3.46853331e-07 -1.83446259e-03 1.36919844e-07 3.64049568e-07 -1.85237640e-03 1.40660283e-07 -1.71962376e-08 1.79138110e-05 -3.74043927e-09
1.58909          1.90016185e-06 -1.61361088e-03 -8.48117681e-07 1.91691371e-06 -1.63167137e-03 -8.44406820e-07 -1.67518581e-08 1.80604888e-05 -3.71086070e-09
1.589587         -1.27859273e-07 -2.00827960e-03 2.04231099e-07 -1.10799620e-07 -2.02649731e-03 2.07517494e-07 -1.70596532e-08 1.82177057e-05 -3.28639540e-09
1.590083         -1.22105594e-07 -2.56407348e-03 3.29131573e-07 -1.04652224e-07 -2.58235285e-03 3.31876896e-07 -1.74533697e-08 1.82793635e-05 -2.74532352e-09
1.59058          -2.61071143e-06 -2.55565863e-03 1.16846737e-06 -2.59191152e-06 -2.57404564e-03 1.17033693e-06 -1.87999041e-08 1.83870086e-05 -1.86956074e-09
1.591077         4.99494432e-07 -1.62604504e-03 1.51041224e-08 5.18660903e-07 -1.64485338e-03 1.64100772e-08 -1.91664713e-08 1.88083428e-05 -1.30595480e-09
1.591573         3.69545628e-06 -1.53155431e-03 -1.74674168e-06 3.71404928e-06 -1.55081471e-03 -1.74550757e-06 -1.85930088e-08 1.92604045e-05 -1.23411303e-09
1.59207          8.55208118e-07 -2.53706874e-03 -3.54954295e-07 8.74308494e-07 -2.55646120e-03 -3.54242953e-07 -1.91003759e-08 1.93924553e-05 -7.11341627e-10
1.592566         -4.39398136e-07 -3.09590329e-03 4.71960385e-07 -4.19349698e-07 -3.11528685e-03 4.71962321e-07 -2.00484371e-08 1.93835627e-05 -1.93685092e-12
1.593063         3.41355871e-06 -2.04108378e-03 -2.05987803e-06 3.43328761e-06 -2.06067858e-03 -2.05983325e-06 -1.97289091e-08 1.95947963e-05 -4.47713081e-11
1.593559         -2.05600192e-06 -1.22470673e-03 1.22444614e-06 -2.03492491e-06 -1.24459077e-03 1.22371985e-06 -2.10770120e-08 1.98840401e-05 7.26293175e-10
1.594056         -8.56299417e-07 -1.71951506e-03 5.25955374e-07 -8.34343113e-07 -1.73962772e-03 5.24739421e-07 -2.19563035e-08 2.01126513e-05 1.21595291e-09
1.594552         -8.62643252e-07 -2.69637101e-03 5.29568243e-07 -8.39845870e-07 -2.71674865e-03 5.27830297e-07 -2.27973816e-08 2.03776444e-05 1.73794597e-09
1.595049         -1.89019066e-06 -2.48524658e-03 8.91452518e-07 -1.86623315e-06 -2.50589183e-03 8.89071184e-07 -2.39575094e-08 2.06452514e-05 2.38133419e-09
1.595545         -1.03641631e-06 -1.77551674e-03 4.56829317e-07 -1.01160306e-06 -1.79647578e-03 4.53932442e-07 -2.48132563e-08 2.09590427e-05 2.89687589e-09
1.596042         -1.23196142e-06 -1.66668281e-03 4.75687586e-07 -1.20628251e-06 -1.68796912e-03 4.72242779e-07 -2.56789057e-08 2.12863084e-05 3.44480691e-09
1.596538         -1.79400538e-06 -2.10871676e-03 7.59444206e-07 -1.76731914e-06 -2.13014075e-03 7.55431610e-07 -2.66862387e-08 2.14239930e-05 4.01259594e-09
1.597035         7.92247016e-07 -2.45244981e-03 -4.35528982e-07 8.19151545e-07 -2.47388643e-03 -4.39768587e-07 -2.69045290e-08 2.14366218e-05 4.23960516e-09
1.597531         -5.57336436e-07 -1.89311833e-03 1.99975529e-07 -5.29770440e-07 -1.91484153e-03 1.95315007e-07 -2.75659960e-08 2.17232006e-05 4.66052212e-09
1.598028         -9.49078315e-07 -8.46947104e-04 4.17494878e-07 -9.20720557e-07 -8.69148561e-04 4.12387909e-07 -2.83577588e-08 2.22014563e-05 5.10696983e-09
1.598524         -3.19553461e-07 -1.63662204e-03 1.25674578e-07 -2.90647562e-07 -1.65915155e-03 1.20237581e-07 -2.89058984e-08 2.25295124e-05 5.43699710e-09
1.599021         -1.51785533e-06 -3.01746389e-03 5.97572474e-07 -1.48807271e-06 -3.04021514e-03 5.91778086e-07 -2.97826115e-08 2.27512553e-05 5.79438764e-09
1.599517         -7.72390622e-07 -2.74483829e-03 3.71184005e-07 -7.42043880e-07 -2.76784548e-03 3.65171682e-07 -3.03467427e-08 2.30071914e-05 6.01232349e-09
1.600014         -5.50183557e-07 -1.78475843e-03 2.68915947e-07 -5.19371771e-07 -1.80798306e-03 2.62697918e-07 -3.08117861e-08 2.32246309e-05 6.21802897e-09
1.60051          -1.54231230e-06 -1.82660110e-03 6.30577082e-07 -1.51068571e-06 -1.85003023e-03 6.24039283e-07 -3.16265828e-08 2.34291321e-05 6.53779976e-09
1.601007         -1.71115022e-06 -1.83443179e-03 7.02197885e-07 -1.67862205e-06 -1.85808852e-03 6.95302554e-07 -3.25281692e-08 2.36567275e-05 6.89533194e-09
1.601503         -1.25394962e-06 -1.77201338e-03 6.28694511e-07 -1.22070134e-06 -1.79589160e-03 6.21491232e-07 -3.32482704e-08 2.38782288e-05 7.20327867e-09
1.602            -8.62167579e-06 -1.85363236e-03 3.64412104e-06 -8.58538166e-06 -1.87785718e-03 3.63569967e-06 -3.62941285e-08 2.42248243e-05 8.42137884e-09
1.602511         3.97670079e-06 -1.85952683e-03 -1.24682272e-06 4.01197870e-06 -1.88426136e-03 -1.25492255e-06 -3.52779069e-08 2.47345296e-05 8.09982952e-09
1.603023         -5.47491840e-07 -1.67188832e-03 3.59530836e-07 -5.11710829e-07 -1.69696695e-03 3.51219176e-07 -3.57810110e-08 2.50786285e-05 8.31166043e-09
1.603534         1.77216682e-08 -2.01121991e-03 1.42375954e-07 5.37738607e-08 -2.03641280e-03 1.33932649e-07 -3.60521924e-08 2.51928882e-05 8.44330496e-09
1.604046         -8.91880652e-07 -2.07915502e-03 5.73718780e-07 -8.55298515e-07 -2.10454561e-03 5.65045449e-07 -3.65821371e-08 2.53905848e-05 8.67333124e-09
1.604564         1.23426172e-06 -2.08583840e-03 -4.07806887e-07 1.27072426e-06 -2.11142656e-03 -4.16436973e-07 -3.64625413e-08 2.55881549e-05 8.63008649e-09
1.605081         1.23630392e-06 -2.17194034e-03 -4.28594084e-08 1.27262444e-06 -2.19774097e-03 -5.14773799e-08 -3.63205191e-08 2.58006282e-05 8.61797155e-09
1.605599         1.31806028e-06 -1.87864130e-03 -3.95400262e-07 1.35430665e-06 -1.90484879e-03 -4.04002355e-07 -3.62463728e-08 2.62074879e-05 8.60209273e-09
1.606117         1.42440583e-08 -1.84297647e-03 1.34467031e-07 5.08041943e-08 -1.86958288e-03 1.25746592e-07 -3.65601361e-08 2.66064107e-05 8.72043847e-09
1.606635         2.76877199e-07 -1.96695681e-03 -1.82950720e-10 3.13568065e-07 -1.99390683e-03 -8.92525174e-09 -3.66908653e-08 2.69500206e-05 8.74230102e-09
1.607152         -2.83686077e-07 -1.96750138e-03 -1.20144115e-08 -2.46762477e-07 -1.99479733e-03 -2.06981323e-08 -3.69236003e-08 2.72959424e-05 8.68372079e-09
1.607677         1.30019991e-06 -1.51517185e-03 -2.62465042e-07 1.33671042e-06 -1.54275449e-03 -2.70939832e-07 -3.65105133e-08 2.75826490e-05 8.47479059e-09
1.608202         4.64610808e-08 -1.30734756e-03 1.22517419e-07 8.29352469e-08 -1.33518516e-03 1.14156246e-07 -3.64741661e-08 2.78376007e-05 8.36117258e-09
1.608726         -1.85784743e-06 -2.08604237e-03 9.08309365e-07 -1.82069049e-06 -2.11418727e-03 8.99767274e-07 -3.71569379e-08 2.81449070e-05 8.54209120e-09
1.609251         -8.84598305e-07 -2.21440148e-03 5.36152813e-07 -8.47087390e-07 -2.24289190e-03 5.27546525e-07 -3.75109152e-08 2.84904206e-05 8.60628751e-09
1.609776         -1.06673028e-06 -1.56499982e-03 5.37215154e-07 -1.02878331e-06 -1.59390498e-03 5.28512051e-07 -3.79469716e-08 2.89051646e-05 8.70310280e-09
1.610308         -5.50761539e-08 -1.28355121e-03 3.43302910e-07 -1.70796843e-08 -1.31295827e-03 3.34572513e-07 -3.79964696e-08 2.94070637e-05 8.73039716e-09
1.61084          -5.38904063e-07 -1.66865352e-03 3.89389908e-07 -5.00696920e-07 -1.69838988e-03 3.80610432e-07 -3.82071430e-08 2.97363607e-05 8.77947564e-09
1.611372         -8.92922498e-07 -2.21344268e-03 5.76488072e-07 -8.54323970e-07 -2.24318050e-03 5.67584997e-07 -3.85985284e-08 2.97378264e-05 8.90307518e-09
1.611904         -2.22446169e-07 -1.88872537e-03 3.52796695e-07 -1.83718627e-07 -1.91869073e-03 3.43845398e-07 -3.87275427e-08 2.99653534e-05 8.95129762e-09
1.612437         -6.84882768e-07 -1.10713073e-03 4.50709762e-07 -6.45936591e-07 -1.13765202e-03 4.41699417e-07 -3.89461766e-08 3.05212863e-05 9.01034515e-09
1.612977         -2.95326005e-08 -1.52969010e-03 2.21879993e-07 9.23779366e-09 -1.56060104e-03 2.12950704e-07 -3.87703941e-08 3.09109394e-05 8.92928934e-09
1.613518         -2.76877644e-06 -2.08583557e-03 1.09227237e-06 -2.72913903e-06 -2.11699813e-03 1.08315471e-06 -3.96374120e-08 3.11625634e-05 9.11766341e-09
1.614059         1.28212740e-07 -1.77456047e-03 2.57806415e-07 1.67411263e-07 -1.80605722e-03 2.48886041e-07 -3.91985234e-08 3.14967546e-05 8.92037412e-09
1.614599         -1.35683498e-07 -1.48826702e-03 1.50202981e-07 -9.69014727e-08 -1.52017319e-03 1.41564554e-07 -3.87820254e-08 3.19061654e-05 8.63842618e-09
1.615149         -6.68423615e-07 -1.38523303e-03 3.45222493e-07 -6.29810093e-07 -1.41755028e-03 3.36863243e-07 -3.86135224e-08 3.23172442e-05 8.35924994e-09
1.6157           2.79177465e-06 -1.44081410e-03 -3.49198313e-07 2.82877135e-06 -1.47358141e-03 -3.56928199e-07 -3.69966914e-08 3.27673031e-05 7.72988695e-09
1.61625          1.13058324e-06 -1.53144536e-03 -1.71084210e-07 1.16687394e-06 -1.56464120e-03 -1.78434987e-07 -3.62907031e-08 3.31958446e-05 7.35077671e-09
1.6168           3.97837530e-06 -1.30006317e-03 -9.99243160e-07 4.01268170e-06 -1.33366593e-03 -1.00577976e-06 -3.43064053e-08 3.36027552e-05 6.53659893e-09
1.61735          -2.79791650e-06 -1.38916141e-03 6.92845998e-07 -2.76302698e-06 -1.42315560e-03 6.86369529e-07 -3.48895254e-08 3.39941819e-05 6.47646898e-09
1.61791          -2.22578663e-05 -2.01448594e-03 5.11826372e-06 -2.22152977e-05 -2.04865394e-03 5.11011383e-06 -4.25686156e-08 3.41679971e-05 8.14988744e-09
1.618471         1.70532059e-05 -1.82865671e-03 -3.29333581e-06 1.70889099e-05 -1.86305448e-03 -3.29967766e-06 -3.57040676e-08 3.43977725e-05 6.34184744e-09
1.619031         1.76050428e-06 -6.48808119e-04 2.91324496e-07 1.79509463e-06 -6.83788876e-04 2.85310024e-07 -3.45903476e-08 3.49807571e-05 6.01447107e-09
1.619592         7.75727027e-07 -4.23374451e-04 1.25075463e-07 8.09651237e-07 -4.58875694e-04 1.19371839e-07 -3.39242105e-08 3.55012434e-05 5.70362416e-09
1.620164         9.47691979e-07 -1.62580172e-03 7.70296656e-08 9.80935741e-07 -1.66168195e-03 7.16320809e-08 -3.32437622e-08 3.58802358e-05 5.39758468e-09
1.620737         6.27580547e-08 -1.54202788e-03 3.27270018e-07 9.58101328e-08 -1.57831321e-03 3.22029871e-07 -3.30520781e-08 3.62853303e-05 5.24014739e-09
1.621309         1.10720226e-06 -1.33300882e-03 -3.53272422e-08 1.13995305e-06 -1.36960104e-03 -4.04015282e-08 -3.27507892e-08 3.65922175e-05 5.07428601e-09
1.621882         5.69734499e-08 -1.21401059e-03 1.96416804e-07 8.95493938e-08 -1.25098017e-03 1.91542109e-07 -3.25759439e-08 3.69695823e-05 4.87469572e-09
1.622454         -2.84367166e-07 -7.52070741e-04 3.52893766e-07 -2.51803924e-07 -7.89627224e-04 3.48183847e-07 -3.25632421e-08 3.75564829e-05 4.70991884e-09
1.623041         -1.35602197e-05 -8.72542341e-04 4.42370903e-06 -1.35226264e-05 -9.10577522e-04 4.41767449e-06 -3.75933029e-08 3.80351813e-05 6.03453580e-09
1.623627         1.04303232e-05 -1.52124287e-03 -2.97431465e-06 1.04638995e-05 -1.55953256e-03 -2.97894893e-06 -3.35763580e-08 3.82896867e-05 4.63428554e-09
1.624199         -1.25174478e-06 -9.04606295e-04 4.89608634e-07 -1.21784266e-06 -9.43314131e-04 4.85084465e-07 -3.39021150e-08 3.87078358e-05 4.52416831e-09
1.624771         -1.25477716e-06 -7.09269484e-04 5.83848115e-07 -1.22059069e-06 -7.48538158e-04 5.79393188e-07 -3.41864634e-08 3.92686744e-05 4.45492676e-09
1.625343         1.20936570e-08 -8.81083238e-04 4.13017455e-07 4.60229826e-08 -9.20756941e-04 4.08733613e-07 -3.39293256e-08 3.96737039e-05 4.28384191e-09
1.625915         -3.00746068e-07 -1.26375053e-03 1.19370362e-07 -2.67251135e-07 -1.30369727e-03 1.15393068e-07 -3.34949333e-08 3.99467393e-05 3.97729392e-09
1.626486         -1.48621871e-07 -1.09564866e-03 2.89762780e-07 -1.15583498e-07 -1.13598678e-03 2.86014084e-07 -3.30383728e-08 4.03381272e-05 3.74869594e-09
1.627058         -1.15103489e-06 -5.74192440e-04 5.79341327e-07 -1.11802553e-06 -6.15066410e-04 5.75709140e-07 -3.30093539e-08 4.08739699e-05 3.63218653e-09
1.62763          5.39772809e-07 -8.66364860e-04 3.55199103e-07 5.72194556e-07 -9.07712661e-04 3.51762758e-07 -3.24217466e-08 4.13478012e-05 3.43634457e-09
1.628202         9.22655308e-07 -1.01240217e-03 2.99363098e-08 9.54410083e-07 -1.05417659e-03 2.67643590e-08 -3.17547748e-08 4.17744150e-05 3.17195087e-09
1.628774         -1.86087029e-06 -9.37499092e-04 7.03382554e-07 -1.82875770e-06 -9.79718776e-04 7.00224406e-07 -3.21125897e-08 4.22196837e-05 3.15814779e-09
1.629346         -3.70541988e-07 -6.53229087e-04 4.34237051e-07 -3.38629574e-07 -6.95911181e-04 4.31206164e-07 -3.19124139e-08 4.26820938e-05 3.03088759e-09
1.629917         4.83477082e-06 -6.22163531e-04 -1.58350497e-06 4.86455616e-06 -6.65310007e-04 -1.58578460e-06 -2.97853393e-08 4.31464758e-05 2.27962537e-09
1.630489         -6.67010889e-06 -1.04323308e-03 3.69503871e-06 -6.63819136e-06 -1.08684534e-03 3.69196776e-06 -3.19175278e-08 4.36122546e-05 3.07094941e-09
1.631061         2.12970830e-06 -6.36767962e-04 -7.64649175e-07 2.16064094e-06 -6.80665548e-04 -7.67287451e-07 -3.09326451e-08 4.38975856e-05 2.63827596e-09
1.631633         9.98470590e-07 -1.11373172e-03 1.07967586e-07 1.02868998e-06 -1.15775955e-03 1.05559335e-07 -3.02193900e-08 4.40278282e-05 2.40825080e-09
1.632205         -3.55303068e-06 -1.39298577e-04 1.18233269e-06 -3.52188560e-06 -1.83880989e-04 1.17975285e-06 -3.11450874e-08 4.45824118e-05 2.57984725e-09
1.632776         -1.44285032e-07 1.58954965e-04 3.44514599e-07 -1.13453582e-07 1.13697081e-04 3.42098120e-07 -3.08314504e-08 4.52578842e-05 2.41647956e-09
1.633348         3.40567199e-06 -3.21064916e-04 -6.07563551e-07 3.43493133e-06 -3.66928630e-04 -6.09484464e-07 -2.92593405e-08 4.58637139e-05 1.92091251e-09
1.63392          1.14147475e-06 -1.31368586e-04 -1.23646840e-07 1.17009759e-06 -1.77907337e-04 -1.25261498e-07 -2.86228349e-08 4.65387508e-05 1.61465853e-09
1.634492         -7.99501461e-08 -9.08283713e-04 6.54404798e-08 -5.15289499e-08 -9.55005024e-04 6.40772626e-08 -2.84211962e-08 4.67213112e-05 1.36321717e-09
1.635064         -3.07944138e-06 -9.90228131e-04 7.70474827e-07 -3.04999022e-06 -1.03705419e-03 7.69107049e-07 -2.94511565e-08 4.68260543e-05 1.36777744e-09
1.635636         2.85373576e-07 1.84814766e-04 4.39008139e-07 3.14841353e-07 1.37446555e-04 4.37643439e-07 -2.94677766e-08 4.73682109e-05 1.36470002e-09
1.636207         -1.64135825e-06 4.81853020e-04 3.29437602e-07 -1.61085904e-06 4.33933633e-04 3.27885309e-07 -3.04992080e-08 4.79193871e-05 1.55229324e-09
1.636779         3.21817225e-07 -5.20230267e-04 1.03713126e-08 3.52680404e-07 -5.68583878e-04 8.74929508e-09 -3.08631791e-08 4.83536111e-05 1.62201752e-09
1.637351         -6.81741282e-08 -3.83365037e-04 2.36706313e-07 -3.67758789e-08 -4.32166603e-04 2.34950820e-07 -3.13982493e-08 4.88015657e-05 1.75549377e-09
1.637923         6.34930762e-07 -2.02201463e-04 4.41550812e-08 6.66562572e-07 -2.51314523e-04 4.23588640e-08 -3.16318097e-08 4.91130605e-05 1.79621716e-09
1.638495         5.72674704e-06 -3.86758294e-04 -1.35820107e-06 5.75677228e-06 -4.36189037e-04 -1.35951737e-06 -3.00252449e-08 4.94307423e-05 1.31629266e-09
1.639066         -3.78456095e-06 3.25738227e-04 1.09405376e-06 -3.75272572e-06 2.75720231e-04 1.09238200e-06 -3.18352399e-08 5.00179959e-05 1.67175975e-09
1.639638         1.43018255e-06 3.13112809e-04 -2.18803997e-07 1.46189948e-06 2.62550727e-04 -2.20418686e-07 -3.17169282e-08 5.05620826e-05 1.61468841e-09
1.64021          -2.67103725e-06 -4.14364921e-05 1.24488117e-07 -2.63772807e-06 -9.25710119e-05 1.22688068e-07 -3.33091765e-08 5.11345198e-05 1.80004849e-09
1.640782         -7.89389360e-06 3.66071983e-04 3.95799039e-06 -7.85726448e-06 3.14411934e-04 3.95501237e-06 -3.66291224e-08 5.16600495e-05 2.97801687e-09
1.641354         7.39493961e-06 3.52834992e-04 -2.73585802e-06 7.42957589e-06 3.00963063e-04 -2.73814884e-06 -3.46362778e-08 5.18719292e-05 2.29081558e-09
1.641925         -4.31786483e-06 1.54740136e-04 7.53514053e-07 -4.28089306e-06 1.02596300e-04 7.50764303e-07 -3.69717667e-08 5.21438361e-05 2.74974966e-09
1.642497         3.57525589e-06 2.41551379e-04 -7.23094056e-07 3.61160531e-06 1.89136740e-04 -7.25706574e-07 -3.63494171e-08 5.24146388e-05 2.61251801e-09
1.643069         -3.84352611e-07 3.27482922e-04 1.56638508e-07 -3.47027840e-07 2.74697332e-04 1.53816593e-07 -3.73247708e-08 5.27855900e-05 2.82191485e-09
1.643641         3.47924391e-06 2.11457697e-04 -4.52363027e-07 3.51607860e-06 1.57976856e-04 -4.55133677e-07 -3.68346967e-08 5.34808408e-05 2.77065020e-09
1.644213         2.63174307e-06 5.37862961e-04 -3.80195963e-07 2.66847076e-06 4.83860306e-04 -3.82979964e-07 -3.67276867e-08 5.40026549e-05 2.78400120e-09
1.644785         3.12007244e-06 1.76857226e-03 -8.36451670e-07 3.15647682e-06 1.71424059e-03 -8.39127230e-07 -3.64043833e-08 5.43316753e-05 2.67556029e-09
1.645356         -2.31204066e-06 8.11641815e-04 2.55404349e-07 -2.27391426e-06 7.56961993e-04 2.52452784e-07 -3.81264058e-08 5.46798219e-05 2.95156513e-09
1.645928         5.07276933e-07 -5.25272486e-04 -4.20949205e-08 5.46003804e-07 -5.80287311e-04 -4.51522916e-08 -3.87268706e-08 5.50148248e-05 3.05737108e-09
1.6465           7.95657392e-08 3.88437950e-04 -6.82667340e-08 1.19151345e-07 3.33033231e-04 -7.14565724e-08 -3.95856054e-08 5.54047188e-05 3.18983833e-09
1.647118         1.08515549e-06 1.39465784e-03 -2.07539510e-08 1.12518247e-06 1.33874582e-03 -2.40449612e-08 -4.00269745e-08 5.59120241e-05 3.29101021e-09
1.647745         -1.54247114e-06 9.54383310e-04 1.73757292e-07 -1.50096989e-06 8.98018228e-04 1.70256782e-07 -4.15012462e-08 5.63650820e-05 3.50050937e-09
1.648372         2.82059928e-06 1.36272660e-03 -5.38302835e-07 2.86175264e-06 1.30589150e-03 -5.41688679e-07 -4.11533589e-08 5.68350991e-05 3.38584406e-09
1.649008         5.01805110e-07 9.88854834e-04 -2.47585395e-07 5.43537100e-07 9.31763605e-04 -2.51026813e-07 -4.17319896e-08 5.70912291e-05 3.44141799e-09
1.649644         1.21015488e-06 9.29107205e-04 -1.27102013e-07 1.25190946e-06 8.71799430e-04 -1.30519086e-07 -4.17545782e-08 5.73077749e-05 3.41707329e-09
1.65029          -2.68065506e-07 6.89650885e-04 -4.42091883e-07 -2.25345321e-07 6.31691106e-04 -4.45516787e-07 -4.27201853e-08 5.79597790e-05 3.42490416e-09
1.650937         -8.54729475e-07 8.78586837e-04 -9.12404102e-08 -8.10985566e-07 8.20163393e-04 -9.47102252e-08 -4.37439084e-08 5.84234447e-05 3.46981497e-09
1.651583         -2.93621150e-06 1.39599517e-03 3.36411240e-08 -2.89064261e-06 1.33748112e-03 3.01359839e-08 -4.55688879e-08 5.85140508e-05 3.50514008e-09
1.65224          2.70615863e-06 1.25646132e-03 -3.98883190e-07 2.75074706e-06 1.19757905e-03 -4.02225589e-07 -4.45884289e-08 5.88822679e-05 3.34239833e-09
1.652897         8.12183344e-07 1.15602011e-03 -1.86731841e-07 8.56701292e-07 1.09669496e-03 -1.89986648e-07 -4.45179479e-08 5.93251505e-05 3.25480715e-09
1.653554         -4.42898520e-07 1.89726604e-03 -4.00439947e-08 -3.97837818e-07 1.83743809e-03 -4.32896636e-08 -4.50607022e-08 5.98279564e-05 3.24566886e-09
1.654222         1.07944560e-06 1.67730452e-03 -2.91905294e-07 1.12451810e-06 1.61703943e-03 -2.95123199e-07 -4.50725047e-08 6.02650952e-05 3.21790503e-09
1.654891         -3.23034270e-08 1.12746810e-03 -5.27940777e-08 1.32665511e-08 1.06714399e-03 -5.60889202e-08 -4.55699782e-08 6.03241058e-05 3.29484249e-09
1.655572         -5.58710706e-06 1.71608540e-03 4.02795490e-07 -5.53865925e-06 1.65539791e-03 3.99242207e-07 -4.84478068e-08 6.06874858e-05 3.55328314e-09
1.656254         4.90029350e-06 1.89706172e-03 -1.00677879e-06 4.94696748e-06 1.83590271e-03 -1.01014475e-06 -4.66739767e-08 6.11590179e-05 3.36595634e-09
1.656935         -2.81729541e-07 1.17849423e-03 -3.48292080e-07 -2.34504373e-07 1.11707817e-03 -3.51720200e-07 -4.72251685e-08 6.14160563e-05 3.42812055e-09
1.657616         -1.52409095e-08 1.41624979e-03 -2.64328315e-07 3.23214368e-08 1.35454945e-03 -2.67735789e-07 -4.75623463e-08 6.17003429e-05 3.40747441e-09
1.658284         9.43468934e-07 2.81718930e-03 -5.22310945e-07 9.91088081e-07 2.75503071e-03 -5.25588029e-07 -4.76191477e-08 6.21585877e-05 3.27708344e-09
1.658952         -1.98311031e-06 1.59159466e-03 -3.52034023e-07 -1.93400115e-06 1.52923710e-03 -3.55308700e-07 -4.91091663e-08 6.23575563e-05 3.27467695e-09
1.659619         -3.06476534e-07 1.34506330e-03 -3.52015074e-07 -2.56956319e-07 1.28259009e-03 -3.55238465e-07 -4.95202146e-08 6.24732127e-05 3.22339185e-09
1.660287         2.63676406e-08 3.09207915e-03 -3.14701493e-07 7.60829632e-08 3.02916513e-03 -3.17868419e-07 -4.97153226e-08 6.29140227e-05 3.16692537e-09
1.66094          -7.22773466e-07 3.20917823e-03 -3.39585564e-07 -6.72669354e-07 3.14590831e-03 -3.42640018e-07 -5.01041119e-08 6.32699227e-05 3.05445346e-09
1.661594         4.94310424e-07 1.11604003e-03 -4.92525715e-07 5.44219273e-07 1.05273377e-03 -4.95371874e-07 -4.99088485e-08 6.33062582e-05 2.84615921e-09
1.662247         1.29315133e-06 1.86274309e-03 -6.85717567e-07 1.34266586e-06 1.79926765e-03 -6.88250792e-07 -4.95145330e-08 6.34754380e-05 2.53322531e-09
1.662901         -2.19419912e-06 2.13249896e-03 -1.64590215e-07 -2.14382426e-06 2.06884105e-03 -1.67061913e-07 -5.03748571e-08 6.36579090e-05 2.47169825e-09
1.663554         -9.18120179e-07 1.89838176e-03 -2.81380616e-07 -8.67508588e-07 1.83452936e-03 -2.83679115e-07 -5.06115908e-08 6.38523937e-05 2.29849905e-09
1.664193         2.13283353e-07 2.18547849e-03 -5.15428954e-07 2.63638566e-07 2.12140359e-03 -5.17468061e-07 -5.03552128e-08 6.40749064e-05 2.03910696e-09
1.664831         -3.05901658e-06 2.88286263e-03 -8.11847805e-08 -3.00758513e-06 2.81835925e-03 -8.31166897e-08 -5.14314489e-08 6.45033772e-05 1.93190916e-09
1.665469         3.63598187e-07 2.87949274e-03 -3.84518005e-07 4.14606524e-07 2.81473925e-03 -3.86223525e-07 -5.10083365e-08 6.47534914e-05 1.70551952e-09
1.666107         -6.22141589e-07 2.70865330e-03 -3.00459549e-07 -5.71213834e-07 2.64387435e-03 -3.01976463e-07 -5.09277549e-08 6.47789540e-05 1.51691415e-09
1.666746         2.34237322e-07 2.43928806e-03 -3.43018435e-07 2.84701198e-07 2.37450896e-03 -3.44344213e-07 -5.04638755e-08 6.47790997e-05 1.32577797e-09
1.667384         4.08754419e-06 2.01891369e-03 -7.17784034e-07 4.13575933e-06 1.95420707e-03 -7.18800986e-07 -4.82151449e-08 6.47066204e-05 1.01695171e-09
1.668022         -3.69236552e-06 3.11639470e-03 1.67242082e-07 -3.64316618e-06 3.05128870e-03 1.66296615e-07 -4.91993354e-08 6.51059967e-05 9.45467203e-10
1.668643         -2.89730380e-06 2.89929119e-03 1.46626701e-07 -2.84761251e-06 2.83391333e-03 1.45777782e-07 -4.96912927e-08 6.53778664e-05 8.48919021e-10
1.669264         7.55961142e-07 2.03002276e-03 -1.61186708e-07 8.04676477e-07 1.96481686e-03 -1.61858096e-07 -4.87153355e-08 6.52059051e-05 6.71387992e-10
1.669885         -2.43461339e-08 2.61986477e-03 -1.02630193e-07 2.37885845e-08 2.55464970e-03 -1.03150754e-07 -4.81347184e-08 6.52150681e-05 5.20561588e-10
1.670506         -4.81999987e-07 3.65902169e-03 -1.99380672e-07 -4.34071262e-07 3.59355942e-03 -1.99729053e-07 -4.79287248e-08 6.54622641e-05 3.48380704e-10
1.671127         5.36694182e-07 2.92678768e-03 -2.72783704e-07 5.84070621e-07 2.86117119e-03 -2.72932600e-07 -4.73764390e-08 6.56164917e-05 1.48896385e-10
1.671748         -2.60199795e-06 2.56894268e-03 -1.19803271e-07 -2.55409007e-06 2.50313377e-03 -1.19800709e-07 -4.79078849e-08 6.58089089e-05 -2.56223798e-12
1.672369         -4.00006756e-07 2.90235244e-03 -1.02183790e-07 -3.52620613e-07 2.83643463e-03 -1.02055646e-07 -4.73861427e-08 6.59178108e-05 -1.28143774e-10
1.67299          -1.29351463e-06 3.35199888e-03 -3.36078668e-07 -1.24629728e-06 3.28597185e-03 -3.35774129e-07 -4.72173470e-08 6.60270267e-05 -3.04539381e-10
1.673591         3.53354534e-07 3.31577394e-03 -3.29538196e-08 3.99533054e-07 3.24982966e-03 -3.25400550e-08 -4.61785201e-08 6.59442833e-05 -4.13764626e-10
1.674191         -1.62268060e-06 3.14945758e-03 7.54544529e-08 -1.57676264e-06 3.08357162e-03 7.59581122e-08 -4.59179631e-08 6.58859554e-05 -5.03659319e-10
1.674791         -8.70515829e-07 2.62055864e-03 5.22038395e-08 -8.25204379e-07 2.55463563e-03 5.28138375e-08 -4.53114502e-08 6.59230111e-05 -6.09997916e-10
1.675392         -2.06962353e-06 2.93087395e-03 -2.47286377e-07 -2.02437902e-06 2.86488586e-03 -2.46522141e-07 -4.52445139e-08 6.59880908e-05 -7.64236532e-10
1.675992         6.61624322e-07 4.29492384e-03 -4.04286420e-08 7.05585139e-07 4.22878367e-03 -3.95833539e-08 -4.39608173e-08 6.61401633e-05 -8.45288045e-10
1.676592         -1.34196203e-06 3.58534326e-03 -1.90713672e-07 -1.29833326e-06 3.51916167e-03 -1.89761967e-07 -4.36287626e-08 6.61815924e-05 -9.51705775e-10
1.677193         1.92483319e-06 3.14954227e-03 -1.27891110e-07 1.96667676e-06 3.08334683e-03 -1.26880336e-07 -4.18435644e-08 6.61954405e-05 -1.01077488e-09
1.677793         1.40175615e-05 2.94227581e-03 8.13196295e-07 1.40524370e-05 2.87610547e-03 8.14140821e-07 -3.48754591e-08 6.61703335e-05 -9.44525216e-10
1.678393         -6.79824263e-06 2.68939952e-03 -7.26189168e-07 -6.76168050e-06 2.62321035e-03 -7.25100684e-07 -3.65621252e-08 6.61891691e-05 -1.08848339e-09
1.678994         -1.59999258e-06 2.51616251e-03 -6.70416314e-07 -1.56387173e-06 2.45024530e-03 -6.69160192e-07 -3.61208535e-08 6.59172075e-05 -1.25612141e-09
1.679594         -1.49058976e-06 2.64920907e-03 -4.55860021e-07 -1.45485910e-06 2.58362753e-03 -4.54529411e-07 -3.57306611e-08 6.55815392e-05 -1.33060947e-09
1.680194         -8.77215106e-07 4.80608964e-03 -2.15911721e-07 -8.42199196e-07 4.74024403e-03 -2.14571348e-07 -3.50159095e-08 6.58456072e-05 -1.34037345e-09
1.680795         -5.23575450e-06 4.69065137e-03 -3.87204910e-07 -5.19969979e-06 4.62460558e-03 -3.85799610e-07 -3.60547059e-08 6.60457977e-05 -1.40530022e-09
1.681395         -2.25998730e-06 2.86224972e-03 -8.27267332e-08 -2.22412894e-06 2.79616380e-03 -8.13476009e-08 -3.58583639e-08 6.60859162e-05 -1.37913234e-09
1.681995         -9.36647064e-07 2.93802616e-03 -1.40934313e-07 -9.01439790e-07 2.87194392e-03 -1.39584631e-07 -3.52072743e-08 6.60822352e-05 -1.34968277e-09
1.682596         -1.13740416e-06 2.78026331e-03 -2.11569624e-07 -1.10282903e-06 2.71450989e-03 -2.10244686e-07 -3.45751264e-08 6.57534246e-05 -1.32493818e-09
1.683196         -1.95844283e-07 3.20312149e-03 -2.91057788e-07 -1.62614900e-07 3.13754334e-03 -2.89692702e-07 -3.32293830e-08 6.55781451e-05 -1.36508566e-09
1.683796         -5.22969240e-07 3.81814614e-03 -1.91567422e-07 -4.91116293e-07 3.75265553e-03 -1.90214348e-07 -3.18529477e-08 6.54906070e-05 -1.35307369e-09
1.684396         -6.09992037e-07 3.84838377e-03 -1.88357843e-07 -5.79190961e-07 3.78295414e-03 -1.87061928e-07 -3.08010765e-08 6.54296299e-05 -1.29591548e-09
1.684997         -9.60716480e-07 4.76300138e-03 -2.61060320e-08 -9.30443714e-07 4.69745439e-03 -2.49384606e-08 -3.02727654e-08 6.55469927e-05 -1.16757142e-09
1.685597         -1.44000176e-06 3.41448794e-03 2.37800828e-08 -1.41043434e-06 3.34907966e-03 2.48261150e-08 -2.95674166e-08 6.54082843e-05 -1.04603225e-09
1.686197         -2.84522249e-06 2.31638127e-03 -2.70767531e-08 -2.81601828e-06 2.25122468e-03 -2.61112088e-08 -2.92042165e-08 6.51565855e-05 -9.65544300e-10
1.686798         2.01299435e-06 4.24193586e-03 1.06031639e-07 2.03980307e-06 4.17691213e-03 1.06838648e-07 -2.68087179e-08 6.50237314e-05 -8.07008746e-10
1.687398         2.54862070e-06 4.60412459e-03 7.28548279e-08 2.57327313e-06 4.53925014e-03 7.35139209e-08 -2.46524233e-08 6.48744531e-05 -6.59093015e-10
1.687998         -2.32778858e-06 2.52360576e-03 1.39842591e-07 -2.30382781e-06 2.45882143e-03 1.40356446e-07 -2.39607716e-08 6.47843313e-05 -5.13855504e-10
1.688599         -2.30289003e-07 2.80114134e-03 -9.67174129e-08 -2.07478908e-07 2.73641352e-03 -9.63665722e-08 -2.28100955e-08 6.47278158e-05 -3.50840703e-10
1.689199         2.63129292e-06 4.91059907e-03 7.68361917e-08 2.65212500e-06 4.84594084e-03 7.69167405e-08 -2.08320773e-08 6.46582351e-05 -8.05488832e-11
1.689799         6.82501261e-07 4.17039804e-03 -1.28080153e-07 7.01822920e-07 4.10592245e-03 -1.28159142e-07 -1.93216591e-08 6.44755853e-05 7.89888557e-11
1.6904           -2.94188051e-07 2.24997808e-03 -1.21333772e-07 -2.75969099e-07 2.18603092e-03 -1.21547839e-07 -1.82189524e-08 6.39471543e-05 2.14066880e-10
1.691            7.76731215e-07 3.00260530e-03 -8.73262026e-11 7.93428043e-07 2.93890524e-03 -4.97672659e-10 -1.66968279e-08 6.37000551e-05 4.10346456e-10
1.69161          -2.13940391e-06 4.43395805e-03 -2.82439699e-07 -2.12266951e-06 4.37015079e-03 -2.82982319e-07 -1.67344002e-08 6.38072546e-05 5.42620048e-10
1.692219         -2.14124758e-06 4.36316769e-03 -2.07120061e-07 -2.12436745e-06 4.29944578e-03 -2.07873034e-07 -1.68801320e-08 6.37219103e-05 7.52972668e-10
1.692829         2.04397887e-06 4.44523934e-03 4.08399250e-07 2.05842705e-06 4.38161530e-03 4.07383090e-07 -1.44481780e-08 6.36240400e-05 1.01616088e-09
1.693438         2.15220063e-06 2.79448699e-03 2.63575026e-07 2.16378178e-06 2.73136656e-03 2.62265777e-07 -1.15811471e-08 6.31204303e-05 1.30924863e-09
1.694048         7.18407496e-06 2.56449378e-03 1.05028127e-07 7.19166653e-06 2.50199272e-03 1.03419912e-07 -7.59156851e-09 6.25010649e-05 1.60821540e-09
1.694667         3.49209342e-06 4.32594789e-03 6.63903923e-08 3.49701924e-06 4.26338319e-03 6.44795885e-08 -4.92581742e-09 6.25647021e-05 1.91080381e-09
1.695285         -1.52124102e-06 4.34762897e-03 -3.87395524e-07 -1.51646614e-06 4.28504448e-03 -3.89476752e-07 -4.77488563e-09 6.25844949e-05 2.08122843e-09
1.695904         -2.69662108e-06 4.39600972e-03 -1.94089118e-07 -2.69153565e-06 4.33371719e-03 -1.96329867e-07 -5.08542768e-09 6.22925365e-05 2.24074907e-09
1.696523         -1.41987713e-06 3.69340224e-03 -8.20412647e-08 -1.41545409e-06 3.63146105e-03 -8.44736544e-08 -4.42304327e-09 6.19411931e-05 2.43238974e-09
1.697141         -3.87013190e-07 1.74196503e-03 3.74283663e-08 -3.83688787e-07 1.68074657e-03 3.47706195e-08 -3.32440352e-09 6.12184575e-05 2.65774677e-09
1.69776          -2.32082543e-06 2.96220726e-03 -3.18961070e-07 -2.31746370e-06 2.90132065e-03 -3.21730609e-07 -3.36172727e-09 6.08866048e-05 2.76953855e-09
1.698389         -3.00863666e-06 4.08758152e-03 4.48242162e-08 -3.00483992e-06 4.02679232e-03 4.18176550e-08 -3.79674174e-09 6.07892051e-05 3.00656119e-09
1.699018         -1.72318734e-06 3.70733932e-03 1.14391577e-07 -1.71926239e-06 3.64681274e-03 1.11114957e-07 -3.92495064e-09 6.05265795e-05 3.27661992e-09
1.699647         -1.52440900e-06 3.93452079e-03 1.37148941e-07 -1.52035369e-06 3.87424285e-03 1.33601627e-07 -4.05531512e-09 6.02779457e-05 3.54731378e-09
1.700276         -1.41932933e-06 3.65229071e-03 1.25636950e-07 -1.41501379e-06 3.59248517e-03 1.21843713e-07 -4.31553494e-09 5.98055375e-05 3.79323707e-09
1.700905         -6.11319532e-06 3.59414382e-03 -1.48488004e-07 -6.10675034e-06 3.53478605e-03 -1.52338680e-07 -6.44498231e-09 5.93577697e-05 3.85067613e-09
1.701546         1.99736225e-07 3.29788947e-03 2.02409400e-07 2.05892199e-07 3.23887284e-03 1.98361009e-07 -6.15597352e-09 5.90166245e-05 4.04839163e-09
1.702186         1.98053830e-06 3.41950980e-03 9.79192098e-08 1.98597552e-06 3.36089001e-03 9.37002228e-08 -5.43721597e-09 5.86197895e-05 4.21898702e-09
1.702827         -2.75242665e-06 3.11280070e-03 1.43997027e-07 -2.74607478e-06 3.05460658e-03 1.39679801e-07 -6.35187035e-09 5.81941264e-05 4.31722639e-09
1.703468         2.83864693e-06 3.38629904e-03 2.29088316e-07 2.84387147e-06 3.32856330e-03 2.24576116e-07 -5.22454225e-09 5.77357411e-05 4.51219976e-09
1.704121         -3.73684634e-07 4.05267692e-03 -3.58240958e-08 -3.68506998e-07 3.99539255e-03 -4.03996281e-08 -5.17763534e-09 5.72843776e-05 4.57553229e-09
1.704775         8.02962757e-07 3.51156417e-03 3.79485929e-07 8.07628235e-07 3.45458376e-03 3.74741012e-07 -4.66547850e-09 5.69804091e-05 4.74491721e-09
1.705429         1.07571604e-06 3.34766910e-03 4.40553406e-07 1.07975573e-06 3.29110146e-03 4.35610774e-07 -4.03969164e-09 5.65676384e-05 4.94263227e-09
1.706083         1.35150005e-06 2.07447154e-03 4.75043023e-07 1.35553999e-06 2.01876842e-03 4.69891802e-07 -4.03994012e-09 5.57031164e-05 5.15122127e-09
1.706751         2.18401494e-06 3.39454140e-03 3.51349477e-07 2.18661571e-06 3.33926535e-03 3.45982757e-07 -2.60077939e-09 5.52760463e-05 5.36672053e-09
1.70742          -2.40235724e-06 4.44323323e-03 -7.59439254e-08 -2.39864800e-06 4.38818666e-03 -8.12204596e-08 -3.70924259e-09 5.50465740e-05 5.27653422e-09
1.708088         -6.45900719e-07 2.71821838e-03 1.87889183e-07 -6.41780666e-07 2.66373820e-03 1.82609971e-07 -4.12005338e-09 5.44801788e-05 5.27921178e-09
1.708757         -5.63310613e-06 2.70603130e-03 -3.14994523e-08 -5.62656815e-06 2.65212945e-03 -3.65915152e-08 -6.53798287e-09 5.39018561e-05 5.09206286e-09
1.709443         1.22791692e-06 2.36949738e-03 -1.09430271e-07 1.23412600e-06 2.31623434e-03 -1.14397222e-07 -6.20907661e-09 5.32630434e-05 4.96695025e-09
1.710128         3.60933416e-06 3.53961519e-03 4.27076378e-07 3.61410046e-06 3.48675467e-03 4.22035255e-07 -4.76629293e-09 5.28605175e-05 5.04112303e-09
1.710814         1.84001688e-07 4.34107272e-03 7.05759426e-08 1.88728949e-07 4.28850035e-03 6.56401814e-08 -4.72726065e-09 5.25723742e-05 4.93576119e-09
1.7115           -1.40778480e-06 1.77332950e-03 -5.60843908e-08 -1.40233404e-06 1.72170964e-03 -6.08422649e-08 -5.45075701e-09 5.16198673e-05 4.75787405e-09
1.712206         -9.39351638e-07 2.09879422e-03 -8.52081992e-08 -9.33232522e-07 2.04791413e-03 -8.97628107e-08 -6.11911530e-09 5.08800906e-05 4.55461154e-09
1.712912         -6.43017489e-07 3.03926428e-03 7.81617711e-08 -6.36359373e-07 2.98872465e-03 7.37594709e-08 -6.65811572e-09 5.05396350e-05 4.40230016e-09
1.713617         -1.24929351e-06 2.60486975e-03 1.39020781e-07 -1.24192768e-06 2.55519268e-03 1.34754850e-07 -7.36582678e-09 4.96770717e-05 4.26593060e-09
1.714323         -7.07357467e-08 2.44347596e-03 2.81334963e-07 -6.32812398e-08 2.39461187e-03 2.77153380e-07 -7.45450692e-09 4.88640966e-05 4.18158348e-09
1.715054         -1.48113367e-06 2.88782674e-03 5.14831502e-08 -1.47301426e-06 2.83928568e-03 4.74185232e-08 -8.11941166e-09 4.85410528e-05 4.06462700e-09
1.715784         -3.49099348e-07 2.80904756e-03 1.59755297e-07 -3.40858916e-07 2.76118340e-03 1.55728592e-07 -8.24043252e-09 4.78641567e-05 4.02670447e-09
1.716514         1.55125283e-07 2.31575517e-03 1.61367231e-07 1.63475659e-07 2.26870475e-03 1.57420316e-07 -8.35037600e-09 4.70504169e-05 3.94691451e-09
1.717244         6.89112161e-08 1.51573072e-03 2.08930559e-07 7.74007831e-08 1.46959144e-03 2.05086220e-07 -8.48956706e-09 4.61392802e-05 3.84433963e-09
1.718005         6.02018070e-07 1.86473671e-03 2.93300579e-07 6.10354923e-07 1.81938469e-03 2.89522599e-07 -8.33685317e-09 4.53520190e-05 3.77798009e-09
1.718766         2.18702551e-06 1.72477735e-03 5.30245269e-07 2.19404112e-06 1.68020720e-03 5.26406761e-07 -7.01560414e-09 4.45701519e-05 3.83850870e-09
1.719526         1.11840716e-06 1.87258167e-03 2.12020837e-07 1.12450937e-06 1.82868211e-03 2.08242873e-07 -6.10220819e-09 4.38995606e-05 3.77796460e-09
1.720287         8.68562632e-07 2.49271760e-03 5.02684886e-08 8.74788783e-07 2.44951710e-03 4.66239269e-08 -6.22615094e-09 4.32004999e-05 3.64456175e-09
1.721048         -2.11025814e-06 2.21428151e-03 -1.02424536e-07 -2.10275040e-06 2.17186867e-03 -1.05841359e-07 -7.50774197e-09 4.24128355e-05 3.41682244e-09
1.72185          -4.68075105e-07 8.98163706e-04 2.33589595e-07 -4.59995278e-07 8.56980809e-04 2.30257780e-07 -8.07982779e-09 4.11828965e-05 3.33181437e-09
1.722653         -1.25679097e-06 1.91241881e-03 -4.12136097e-08 -1.24772213e-06 1.87219429e-03 -4.43086333e-08 -9.06883140e-09 4.02245241e-05 3.09502359e-09
1.723456         -7.54499842e-07 1.63606574e-03 2.92100426e-08 -7.44717184e-07 1.59674489e-03 2.62926775e-08 -9.78265877e-09 3.93208581e-05 2.91736508e-09
1.724259         -1.92004342e-06 1.17861838e-03 -2.10944413e-07 -1.90880865e-06 1.14010374e-03 -2.13516895e-07 -1.12347641e-08 3.85146435e-05 2.57248212e-09
1.725062         -5.99701331e-07 1.87122976e-03 4.11358827e-08 -5.87802279e-07 1.83370675e-03 3.87435583e-08 -1.18990519e-08 3.75230115e-05 2.39232434e-09
1.725932         -4.32491356e-07 1.29862818e-03 7.46116189e-08 -4.19933144e-07 1.26208901e-03 7.24114621e-08 -1.25582123e-08 3.65391632e-05 2.20015681e-09
1.726802         -2.34191073e-06 1.04125125e-03 -3.32928652e-07 -2.32748258e-06 1.00575005e-03 -3.34670928e-07 -1.44281517e-08 3.55011905e-05 1.74227578e-09
1.727672         3.57285201e-06 1.18272777e-03 1.24508482e-06 3.58550068e-06 1.14829536e-03 1.24294487e-06 -1.26486731e-08 3.44324119e-05 2.13994526e-09
1.728541         -1.44974929e-06 9.30410634e-04 1.65225132e-08 -1.43580365e-06 8.97097955e-04 1.46683081e-08 -1.39456349e-08 3.33126790e-05 1.85420503e-09
1.729411         -1.70807453e-06 2.28180462e-04 -1.27762445e-07 -1.69269080e-06 1.96221142e-04 -1.29246342e-07 -1.53837314e-08 3.19593203e-05 1.48389773e-09
1.730281         -5.81327101e-07 7.27220061e-04 2.03738295e-07 -5.65277235e-07 6.96431370e-04 2.02462630e-07 -1.60498660e-08 3.07886912e-05 1.27566538e-09
1.731151         -3.23197911e-07 8.57043803e-04 2.51625779e-07 -3.06699673e-07 8.27357745e-04 2.50551225e-07 -1.64982384e-08 2.96860576e-05 1.07455457e-09
1.732021         5.25514674e-07 3.70166342e-04 3.90731696e-07 5.42006662e-07 3.41889864e-04 3.89824796e-07 -1.64919875e-08 2.82764785e-05 9.06899688e-10
1.732891         -8.98662029e-07 1.28646825e-03 1.60700302e-07 -8.81369541e-07 1.25902791e-03 1.60139980e-07 -1.72924874e-08 2.74403479e-05 5.60321239e-10
1.73376          -1.71925424e-07 6.17178692e-04 3.76719094e-07 -1.54265114e-07 5.90960762e-04 3.76403633e-07 -1.76603092e-08 2.62179297e-05 3.15460100e-10
1.73463          -1.40913369e-06 4.37499569e-04 2.94858922e-08 -1.39040539e-06 4.12608766e-04 2.96120538e-08 -1.87283072e-08 2.48908035e-05 -1.26161636e-10
1.7355           2.14289377e-07 1.02837846e-04 4.32936535e-07 2.33127794e-07 7.93333391e-05 4.33273807e-07 -1.88384173e-08 2.35045069e-05 -3.37271296e-10
1.736467         -4.26335070e-07 -1.30375397e-03 2.97588594e-07 -4.06948288e-07 -1.32547549e-03 2.98266781e-07 -1.93867826e-08 2.17215197e-05 -6.78187564e-10
1.73748          6.15295732e-08 1.62684766e-03 3.51247617e-07 8.10425264e-08 1.60603570e-03 3.52193097e-07 -1.95129532e-08 2.08119684e-05 -9.45480755e-10
1.738492         -1.81668620e-07 -8.62744791e-04 3.25501363e-07 -1.62043698e-07 -8.81694999e-04 3.26729274e-07 -1.96249226e-08 1.89502075e-05 -1.22791093e-09
1.73953          -8.65802578e-07 -7.73404203e-04 3.20346317e-07 -8.45805893e-07 -7.90797770e-04 3.21947569e-07 -1.99966850e-08 1.73935669e-05 -1.60125137e-09
1.740595         -1.09743560e-06 -8.65914388e-05 1.31110540e-07 -1.07788645e-06 -1.02306672e-04 1.33065017e-07 -1.95491520e-08 1.57152334e-05 -1.95447753e-09
1.741689         1.60049450e-06 -8.73163867e-04 9.08265899e-07 1.61792785e-06 -8.87105765e-04 9.10120583e-07 -1.74333518e-08 1.39418980e-05 -1.85468417e-09
1.742816         1.78256760e-06 -5.20514168e-04 9.58604449e-07 1.79870355e-06 -5.32695544e-04 9.60418008e-07 -1.61359553e-08 1.21813755e-05 -1.81355879e-09
1.743943         -2.18998431e-06 -2.84806339e-04 -1.53471339e-07 -2.17173583e-06 -2.95320273e-04 -1.50917000e-07 -1.82484801e-08 1.05139334e-05 -2.55433939e-09
1.745106         -5.39836718e-07 -2.12484393e-03 4.00945976e-07 -5.21171962e-07 -2.13303155e-03 4.03840322e-07 -1.86647561e-08 8.18762127e-06 -2.89434596e-09
1.746269         2.86569479e-07 -8.25802839e-04 4.49445649e-07 3.04805916e-07 -8.32205111e-04 4.52543866e-07 -1.82364370e-08 6.40227215e-06 -3.09821682e-09
1.747474         -2.95853967e-06 -8.46307341e-04 -2.08086675e-07 -2.93842401e-06 -8.50900207e-04 -2.04331014e-07 -2.01156640e-08 4.59286651e-06 -3.75566031e-09
1.748679         -1.06480880e-06 -2.49934432e-03 2.65943963e-07 -1.04444109e-06 -2.50129796e-03 2.70077340e-07 -2.03677163e-08 1.95363643e-06 -4.13337687e-09
1.749883         2.71053995e-06 -1.26484074e-03 1.26950782e-06 2.72813145e-06 -1.26473767e-03 1.27328114e-06 -1.75915053e-08 -1.03066059e-07 -3.77331081e-09
1.751088         -3.05357381e-06 -7.62399888e-04 -3.72834989e-07 -3.03424525e-06 -7.60790006e-04 -3.68210812e-07 -1.93285663e-08 -1.60988144e-06 -4.62417716e-09
1.752293         -1.70435641e-06 -3.13217814e-03 -6.94140271e-08 -1.68415525e-06 -3.12754929e-03 -6.40673097e-08 -2.02011613e-08 -4.62885719e-06 -5.34671738e-09
1.753497         -2.16804760e-07 -1.08154786e-03 5.53992689e-07 -1.97546494e-07 -1.07538163e-03 5.59525856e-07 -1.92582652e-08 -6.16623489e-06 -5.53316654e-09
1.75465          5.11527917e-07 -2.63293275e-03 6.30395667e-07 5.29332195e-07 -2.62405576e-03 6.36082541e-07 -1.78042787e-08 -8.87698573e-06 -5.68687377e-09
1.755802         -4.86600620e-07 -2.11427015e-03 4.71452527e-07 -4.69681064e-07 -2.10366842e-03 4.77354230e-07 -1.69195560e-08 -1.06017291e-05 -5.90170268e-09
1.756954         -8.47376363e-07 -2.72543936e-03 7.83796469e-08 -8.30949856e-07 -2.71232879e-03 8.47662915e-08 -1.64265061e-08 -1.31105748e-05 -6.38664454e-09
1.758106         -3.32756364e-07 -1.16808360e-03 5.72078716e-07 -3.17793586e-07 -1.15344951e-03 5.78589116e-07 -1.49627782e-08 -1.46340916e-05 -6.51040015e-09
1.759201         -4.59004069e-07 -4.20499393e-03 4.08805665e-07 -4.45530718e-07 -4.18749613e-03 4.15502018e-07 -1.34733507e-08 -1.74977949e-05 -6.69635234e-09
1.760296         -1.18506747e-06 -2.47770274e-03 2.12095707e-07 -1.17270102e-06 -2.45825151e-03 2.19079497e-07 -1.23664539e-08 -1.94512249e-05 -6.98378995e-09
1.76139          5.24510762e-07 -2.14828853e-03 7.38424188e-07 5.34352360e-07 -2.12711095e-03 7.45268748e-07 -9.84159771e-09 -2.11775814e-05 -6.84455966e-09
1.762485         -6.27745160e-07 -2.79279269e-03 4.03580267e-07 -6.19845634e-07 -2.76942364e-03 4.10492417e-07 -7.89952610e-09 -2.33690567e-05 -6.91215065e-09
1.76358          -1.01902205e-06 -2.97067883e-03 3.48374302e-07 -1.01295155e-06 -2.94519614e-03 3.55388438e-07 -6.07050045e-09 -2.54826859e-05 -7.01413572e-09
1.764675         -1.52233187e-06 -3.20289054e-03 2.05285858e-07 -1.51788028e-06 -3.17531039e-03 2.12473527e-07 -4.45159025e-09 -2.75801474e-05 -7.18766985e-09
1.765769         -1.10069426e-06 -2.42412145e-03 3.16229150e-07 -1.09821054e-06 -2.39457008e-03 3.23463835e-07 -2.48372048e-09 -2.95513749e-05 -7.23468521e-09
1.766864         9.70581418e-07 -4.17665671e-03 1.02185457e-06 9.69249689e-07 -4.14485178e-03 1.02862622e-06 1.33172917e-09 -3.18049302e-05 -6.77165300e-09
1.767959         -3.92925705e-07 -2.13763800e-03 4.41724622e-07 -3.96997790e-07 -2.10401105e-03 4.48355282e-07 4.07208464e-09 -3.36269508e-05 -6.63066018e-09
1.768962         5.88650170e-07 -4.03172583e-03 8.91084095e-07 5.81089230e-07 -3.99602351e-03 8.97269439e-07 7.56093977e-09 -3.57023192e-05 -6.18534336e-09
1.769965         -1.52393473e-06 -3.86711716e-03 1.37474482e-07 -1.53363419e-06 -3.82923224e-03 1.43633707e-07 9.69946636e-09 -3.78849113e-05 -6.15922539e-09
1.770969         1.71733384e-07 -2.11544654e-03 5.78547090e-07 1.58613595e-07 -2.07639944e-03 5.84277841e-07 1.31197892e-08 -3.90470946e-05 -5.73075103e-09
1.771972         -5.74066372e-07 -4.66891293e-03 3.72350245e-07 -5.90252691e-07 -4.62757645e-03 3.77739089e-07 1.61863199e-08 -4.13364706e-05 -5.38884394e-09
1.772976         -3.70732154e-07 -3.38308084e-03 4.08981596e-07 -3.89919078e-07 -3.34001431e-03 4.13973061e-07 1.91869242e-08 -4.30665333e-05 -4.99146524e-09
1.773979         -8.68291688e-07 -3.82040589e-03 3.02743092e-07 -8.90031379e-07 -3.77562119e-03 3.07400221e-07 2.17396918e-08 -4.47846960e-05 -4.65712912e-09
1.774983         2.96932025e-07 -3.44925976e-03 5.48021661e-07 2.72024097e-07 -3.40284927e-03 5.52207856e-07 2.49079281e-08 -4.64104961e-05 -4.18619456e-09
1.775986         -5.01471271e-07 -3.70038812e-03 3.66303961e-07 -5.28967037e-07 -3.65216094e-03 3.70131600e-07 2.74957660e-08 -4.82271869e-05 -3.82763851e-09
1.77699          -7.89803205e-08 -4.27506597e-03 4.78787962e-07 -1.09292985e-07 -4.22492956e-03 4.82138831e-07 3.03126643e-08 -5.01364128e-05 -3.35086945e-09
1.777993         -1.06404456e-07 -4.10181658e-03 4.52660588e-07 -1.39452199e-07 -4.05010611e-03 4.55486085e-07 3.30477424e-08 -5.17104710e-05 -2.82549673e-09
1.778997         -1.04084227e-07 -3.61049122e-03 4.60755658e-07 -1.39635299e-07 -3.55727860e-03 4.63001272e-07 3.55510720e-08 -5.32126216e-05 -2.24561439e-09
1.78             -1.04991160e-07 -4.44823818e-03 4.69520390e-07 -1.42919763e-07 -4.39342603e-03 4.71145691e-07 3.79286023e-08 -5.48121578e-05 -1.62530163e-09
1.78089          1.93032585e-07 -3.00937756e-03 5.39855720e-07 1.53126796e-07 -2.95389551e-03 5.40909763e-07 3.99057888e-08 -5.54820443e-05 -1.05404369e-09
1.781762         1.34365450e-07 -4.94936344e-03 5.36215365e-07 9.24668535e-08 -4.89318936e-03 5.36701864e-07 4.18985962e-08 -5.61740844e-05 -4.86499066e-10
1.782617         3.80118939e-07 -2.77212971e-03 6.00399953e-07 3.36262126e-07 -2.71601483e-03 6.00292450e-07 4.38568124e-08 -5.61148868e-05 1.07503041e-10
1.783455         3.41022145e-07 -1.76687474e-03 6.13539152e-07 2.94968416e-07 -1.71112056e-03 6.12680913e-07 4.60537290e-08 -5.57541788e-05 8.58239264e-10
1.784292         3.05993488e-07 -3.31592414e-03 5.77929919e-07 2.58281430e-07 -3.26027991e-03 5.76485166e-07 4.77120574e-08 -5.56442346e-05 1.44475310e-09
1.785113         4.04462180e-07 -3.34507189e-03 6.15193797e-07 3.55249424e-07 -3.28891189e-03 6.13171170e-07 4.92127562e-08 -5.61599969e-05 2.02262657e-09
1.785917         5.28740470e-07 -3.38021804e-03 6.59779906e-07 4.78089929e-07 -3.32400426e-03 6.57150251e-07 5.06505412e-08 -5.62137826e-05 2.62965503e-09
1.78672          5.79778178e-07 -3.17834140e-03 6.66660952e-07 5.27928608e-07 -3.12226266e-03 6.63463392e-07 5.18495702e-08 -5.60787363e-05 3.19755976e-09
1.787508         7.35363934e-07 -2.35299564e-03 6.93046402e-07 6.82463485e-07 -2.29684621e-03 6.89319175e-07 5.29004481e-08 -5.61494339e-05 3.72722741e-09
1.788295         8.08924750e-07 -4.23645701e-03 7.30437132e-07 7.55067113e-07 -4.18003850e-03 7.26177252e-07 5.38576366e-08 -5.64185067e-05 4.25987970e-09
1.789065         4.74399014e-07 -3.76394549e-03 6.39535059e-07 4.19987859e-07 -3.70735474e-03 6.34841605e-07 5.44111546e-08 -5.65907547e-05 4.69345411e-09
1.789835         9.07300882e-07 -2.51056610e-03 7.26309917e-07 8.52318140e-07 -2.45393198e-03 7.21155163e-07 5.49827419e-08 -5.66341137e-05 5.15475420e-09
1.790606         1.47993635e-06 -3.65878785e-03 6.56370931e-07 1.42436115e-06 -3.60224460e-03 6.50779536e-07 5.55751954e-08 -5.65432559e-05 5.59139521e-09
1.791376         2.16529269e-07 -3.10608238e-03 6.74917846e-07 1.60930209e-07 -3.04952423e-03 6.68928154e-07 5.55990600e-08 -5.65581469e-05 5.98969156e-09
1.792129         1.20384538e-06 -2.79012047e-03 7.65439371e-07 1.14785376e-06 -2.73343469e-03 7.58996466e-07 5.59916185e-08 -5.66857744e-05 6.44290497e-09
1.792882         1.15589387e-06 -4.73786967e-03 7.44371854e-07 1.09956753e-06 -4.68088094e-03 7.37481555e-07 5.63263427e-08 -5.69887277e-05 6.89029950e-09
1.793634         1.73403263e-06 -3.43572212e-03 8.71922128e-07 1.67727188e-06 -3.37860819e-03 8.64558992e-07 5.67607549e-08 -5.71139346e-05 7.36313657e-09
1.794387         1.46450150e-06 -2.82583974e-03 7.71042828e-07 1.40735797e-06 -2.76864149e-03 7.63202690e-07 5.71435353e-08 -5.71982530e-05 7.84013752e-09
1.79514          1.66199139e-06 -3.87529295e-03 8.30045155e-07 1.60435754e-06 -3.81782748e-03 8.21679356e-07 5.76338514e-08 -5.74654686e-05 8.36579951e-09
1.795893         1.72398079e-06 -3.81831761e-03 8.38986849e-07 1.66597782e-06 -3.76083312e-03 8.30119043e-07 5.80029643e-08 -5.74844906e-05 8.86780603e-09
1.796646         1.70454108e-06 -3.72931052e-03 8.03464623e-07 1.64630007e-06 -3.67187566e-03 7.94122631e-07 5.82410100e-08 -5.74348591e-05 9.34199167e-09
1.797398         1.67999590e-06 -2.68023738e-03 7.68613815e-07 1.62164846e-06 -2.62269115e-03 7.58831928e-07 5.83474389e-08 -5.75462371e-05 9.78188686e-09
1.798151         1.75021234e-06 -4.35691566e-03 7.58408227e-07 1.69189202e-06 -4.29907775e-03 7.48220972e-07 5.83203201e-08 -5.78379085e-05 1.01872549e-08
1.798904         1.81362218e-06 -4.62389985e-03 7.57354293e-07 1.75549129e-06 -4.56577496e-03 7.46800824e-07 5.81308868e-08 -5.81248897e-05 1.05534690e-08
1.799657         8.67636750e-07 -3.06016684e-03 4.44105168e-07 8.10328180e-07 -3.00190367e-03 4.33364648e-07 5.73085705e-08 -5.82631778e-05 1.07405199e-08
1.80041          1.43086734e-06 -3.15545250e-03 5.22896289e-07 1.37434889e-06 -3.09725269e-03 5.11987446e-07 5.65184466e-08 -5.81998080e-05 1.09088424e-08
1.801163         1.64800550e-06 -3.44512522e-03 6.39709004e-07 1.59224754e-06 -3.38693667e-03 6.28632144e-07 5.57579573e-08 -5.81885549e-05 1.10768599e-08
1.801915         1.23034172e-06 -5.23871665e-03 5.65068660e-07 1.17557245e-06 -5.18010155e-03 5.53870986e-07 5.47692677e-08 -5.86151043e-05 1.11976736e-08
1.802644         2.61183911e-06 -3.41727705e-03 9.52559613e-07 2.55756434e-06 -3.35853644e-03 9.41108187e-07 5.42747672e-08 -5.87406106e-05 1.14514253e-08
1.803372         1.97382843e-06 -3.49046154e-03 6.07252629e-07 1.92063017e-06 -3.43156537e-03 5.95726953e-07 5.31982553e-08 -5.88961627e-05 1.15256762e-08
1.804101         2.58251578e-06 -5.41577952e-03 8.57553814e-07 2.53014965e-06 -5.35651006e-03 8.45863287e-07 5.23661301e-08 -5.92694540e-05 1.16905262e-08
1.80483          1.90179063e-06 -2.88711934e-03 6.70981167e-07 1.85094868e-06 -2.82800260e-03 6.59307654e-07 5.08419532e-08 -5.91167386e-05 1.16735130e-08
1.805558         3.64116373e-06 -2.60096152e-03 9.75441454e-07 3.59090470e-06 -2.54198215e-03 9.63562760e-07 5.02590369e-08 -5.89793690e-05 1.18786936e-08
1.806287         1.37375783e-05 -4.22048710e-03 4.06781086e-06 1.36833518e-05 -4.16122335e-03 4.05439348e-06 5.42264436e-08 -5.92637480e-05 1.34173813e-08
1.807015         -3.27578433e-06 -4.89189401e-03 -1.03782388e-06 -3.32584605e-06 -4.83234252e-03 -1.05043435e-06 5.00617189e-08 -5.95514976e-05 1.26104698e-08
1.807744         1.87819894e-06 -5.01745890e-03 4.77482938e-07 1.82994303e-06 -4.95763868e-03 4.64998629e-07 4.82559079e-08 -5.98202153e-05 1.24843084e-08
1.808472         3.48955922e-06 -3.44086482e-03 9.68770631e-07 3.44227555e-06 -3.38088663e-03 9.56180248e-07 4.72836781e-08 -5.99781938e-05 1.25903826e-08
1.809201         3.20035555e-06 -3.62454400e-03 7.77476625e-07 3.15435735e-06 -3.56460272e-03 7.64916480e-07 4.59982086e-08 -5.99412797e-05 1.25601458e-08
1.809929         3.27225375e-06 -3.57771684e-03 7.73049361e-07 3.22753740e-06 -3.51786622e-03 7.60510310e-07 4.47163473e-08 -5.98506155e-05 1.25390503e-08
1.810658         3.66893557e-06 -5.43874620e-03 9.00849936e-07 3.62527842e-06 -5.37853429e-03 8.88275544e-07 4.36571455e-08 -6.02119051e-05 1.25743917e-08
1.811386         2.75465455e-06 -4.19587291e-03 5.72744307e-07 2.71254320e-06 -4.13547730e-03 5.60260600e-07 4.21113505e-08 -6.03956093e-05 1.24837073e-08
1.812115         3.94787733e-06 -3.72408510e-03 8.99644853e-07 3.90669490e-06 -3.66353588e-03 8.87092639e-07 4.11824267e-08 -6.05492163e-05 1.25522135e-08
1.812843         4.75554640e-06 -4.60115643e-03 1.11266013e-06 4.71485466e-06 -4.54033585e-03 1.09992613e-06 4.06917402e-08 -6.08205785e-05 1.27340016e-08
1.813572         4.23845423e-06 -4.00158418e-03 8.34778092e-07 4.19880128e-06 -3.94072929e-03 8.22004483e-07 3.96529415e-08 -6.08548956e-05 1.27736092e-08
1.814301         4.06285167e-06 -3.51004834e-03 6.98873744e-07 4.02417217e-06 -3.44933994e-03 6.86068771e-07 3.86794948e-08 -6.07083949e-05 1.28049734e-08
1.815029         3.82437359e-06 -5.53507993e-03 6.86549522e-07 3.78656934e-06 -5.47397784e-03 6.73658373e-07 3.78042490e-08 -6.11020876e-05 1.28911491e-08
1.815758         1.60914776e-06 -4.70492848e-03 1.69938967e-07 1.57322176e-06 -4.64358786e-03 1.57194420e-07 3.59260062e-08 -6.13406200e-05 1.27445470e-08
1.816486         5.50717126e-06 -3.65766468e-03 8.86137268e-07 5.47152211e-06 -3.59617234e-03 8.73218501e-07 3.56491441e-08 -6.14923450e-05 1.29187674e-08
1.817215         3.79755204e-06 -3.56683216e-03 6.03655936e-07 3.76295632e-06 -3.50549210e-03 5.90723359e-07 3.45957205e-08 -6.13400670e-05 1.29325773e-08
1.817943         3.22466689e-06 -4.06680637e-03 5.27045863e-07 3.19125072e-06 -4.00540966e-03 5.14131237e-07 3.34161745e-08 -6.13967147e-05 1.29146256e-08
1.818672         4.08553748e-06 -4.69311561e-03 5.87576257e-07 4.05306919e-06 -4.63139864e-03 5.74675026e-07 3.24682868e-08 -6.17169748e-05 1.29012312e-08
1.8194           3.57030974e-06 -5.63616790e-03 6.38692759e-07 3.53910650e-06 -5.57411519e-03 6.25859654e-07 3.12032450e-08 -6.20527132e-05 1.28331057e-08
1.820129         4.20134537e-06 -4.61906589e-03 6.10958435e-07 4.17105854e-06 -4.55690350e-03 5.98160955e-07 3.02868257e-08 -6.21623892e-05 1.27974808e-08
1.820857         3.64453258e-06 -2.45536802e-03 5.00322394e-07 3.61564138e-06 -2.39353624e-03 4.87669707e-07 2.88912013e-08 -6.18317822e-05 1.26526877e-08
1.821586         3.25464039e-06 -5.71017263e-03 4.80522659e-07 3.22727205e-06 -5.64766823e-03 4.68057768e-07 2.73683407e-08 -6.25043965e-05 1.24648907e-08
1.822314         3.41979502e-06 -5.23870540e-03 5.12042834e-07 3.39390878e-06 -5.17582849e-03 4.99762339e-07 2.58862366e-08 -6.28769081e-05 1.22804952e-08
1.823043         2.65042333e-06 -2.52954643e-03 3.59194535e-07 2.62633982e-06 -2.46736053e-03 3.47158036e-07 2.40835031e-08 -6.21858964e-05 1.20364992e-08
1.823771         3.93822399e-06 -5.37938912e-03 5.67483275e-07 3.91532996e-06 -5.31666193e-03 5.55568089e-07 2.28940244e-08 -6.27271888e-05 1.19151857e-08
1.8245           3.79399414e-06 -5.73200281e-03 5.20444916e-07 3.77258364e-06 -5.66874768e-03 5.08736410e-07 2.14104998e-08 -6.32551340e-05 1.17085065e-08
1.82523          2.02102142e-06 -5.03925349e-03 1.29627790e-07 2.00194271e-06 -4.97610882e-03 1.18337804e-07 1.90787070e-08 -6.31446678e-05 1.12899866e-08
1.825971         -2.02360380e-07 -4.38751704e-03 -7.19839456e-07 -2.17669238e-07 -4.32417759e-03 -7.30301548e-07 1.53088588e-08 -6.33394519e-05 1.04620916e-08
1.826713         4.58618776e-06 -4.23199377e-03 8.67470436e-07 4.57186576e-06 -4.16844269e-03 8.57161907e-07 1.43219961e-08 -6.35510770e-05 1.03085293e-08
1.827455         2.96523456e-06 -3.74684295e-03 2.87259954e-07 2.95276812e-06 -3.68350602e-03 2.77371245e-07 1.24664456e-08 -6.33369310e-05 9.88870900e-09
1.828197         4.50238729e-06 -5.71088778e-03 6.00587816e-07 4.49078716e-06 -5.64694930e-03 5.90901185e-07 1.16001302e-08 -6.39384763e-05 9.68663172e-09
1.828953         2.43165439e-06 -5.46795652e-03 1.08853270e-07 2.42163894e-06 -5.40351680e-03 9.95341255e-08 1.00154474e-08 -6.44397225e-05 9.31914396e-09
1.829708         2.18310474e-06 -2.80030582e-03 -1.43829075e-08 2.17462188e-06 -2.73651173e-03 -2.33212685e-08 8.48285372e-09 -6.37940892e-05 8.93836101e-09
1.830464         2.20752180e-06 -5.46756028e-03 7.34328219e-08 2.20013869e-06 -5.40321544e-03 6.47277205e-08 7.38310707e-09 -6.43448421e-05 8.70510135e-09
1.831219         2.27019026e-06 -5.44159860e-03 7.26081868e-08 2.26342827e-06 -5.37675344e-03 6.40155162e-08 6.76199547e-09 -6.48451609e-05 8.59267057e-09
1.83196          3.12091081e-06 -3.88788935e-03 1.82581037e-07 3.11425498e-06 -3.82324388e-03 1.73996323e-07 6.65583150e-09 -6.46454726e-05 8.58471334e-09
1.832701         -1.85405876e-07 -5.45689300e-03 -4.57891552e-07 -1.90920120e-07 -5.39185348e-03 -4.66285175e-07 5.51424386e-09 -6.50395180e-05 8.39362346e-09
1.833442         1.05996102e-06 -5.01555109e-03 -2.09535898e-07 1.05489833e-06 -4.95024896e-03 -2.17895404e-07 5.06268963e-09 -6.53021276e-05 8.35950572e-09
1.834183         1.63732032e-06 -4.02591781e-03 -2.50783847e-07 1.63246583e-06 -3.96074412e-03 -2.59130328e-07 4.85449199e-09 -6.51736956e-05 8.34648054e-09
1.834923         -1.19810577e-06 -5.02846553e-03 -1.00527230e-06 -1.20128668e-06 -4.96301024e-03 -1.01325149e-06 3.18091377e-09 -6.54552858e-05 7.97919001e-09
1.835648         3.39209852e-06 -5.10736724e-03 4.17793246e-07 3.38763340e-06 -5.04168001e-03 4.09385371e-07 4.46511943e-09 -6.56872266e-05 8.40787510e-09
1.836373         1.22607219e-05 -4.27942099e-03 2.77846919e-06 1.22507932e-05 -4.21379687e-03 2.76854276e-06 9.92874453e-09 -6.56241193e-05 9.92642929e-09
1.837099         -7.50662433e-06 -4.83838389e-03 -2.68891625e-06 -7.51235051e-06 -4.77252646e-03 -2.69781421e-06 5.72617635e-09 -6.58574333e-05 8.89795872e-09
1.837824         -1.14735807e-06 -5.14632958e-03 -7.52188543e-07 -1.15224209e-06 -5.08017768e-03 -7.60970383e-07 4.88401309e-09 -6.61518958e-05 8.78184027e-09
1.838549         5.78624387e-07 -5.41583632e-03 -4.88958833e-07 5.73966249e-07 -5.34933641e-03 -4.97767206e-07 4.65813798e-09 -6.64999109e-05 8.80837308e-09
1.839257         1.58056586e-07 -4.42261093e-03 -5.45762485e-07 1.53764691e-07 -4.35609510e-03 -5.54550449e-07 4.29189468e-09 -6.65158315e-05 8.78796391e-09
1.839965         1.35990351e-07 -4.24255797e-03 -5.94247346e-07 1.32397461e-07 -4.17606578e-03 -6.02928748e-07 3.59288930e-09 -6.64921862e-05 8.68140150e-09
1.840673         1.58470282e-06 -5.37964000e-03 -1.43079419e-07 1.58124333e-06 -5.31280467e-03 -1.51839116e-07 3.45949356e-09 -6.68353302e-05 8.75969711e-09
1.841381         -2.50121868e-06 -5.56924433e-03 -1.17313593e-06 -2.50350840e-06 -5.50213251e-03 -1.18166878e-06 2.28971912e-09 -6.71118265e-05 8.53284474e-09
1.842089         1.54215060e-06 -5.17378309e-03 -1.97876542e-07 1.53871313e-06 -5.10644343e-03 -2.06775574e-07 3.43747079e-09 -6.73396615e-05 8.89903149e-09
1.842798         -5.79209080e-07 -4.61791798e-03 -6.74931483e-07 -5.82962808e-07 -4.55057960e-03 -6.84006757e-07 3.75372814e-09 -6.73383867e-05 9.07527366e-09
1.843506         -9.17198383e-07 -4.56249544e-03 -8.68163833e-07 -9.20896470e-07 -4.49514745e-03 -8.77334285e-07 3.69808649e-09 -6.73479876e-05 9.17045134e-09
1.844195         -4.28055520e-06 -4.07602397e-03 -1.75459407e-06 -4.28253941e-06 -4.00879624e-03 -1.76348479e-06 1.98421265e-09 -6.72277238e-05 8.89071536e-09
1.844884         -2.12500970e-06 -5.39062915e-03 -1.09393873e-06 -2.12644672e-06 -5.32311499e-03 -1.10284349e-06 1.43702080e-09 -6.75141605e-05 8.90475627e-09
1.845573         2.39396508e-07 -5.54494760e-03 -6.13555366e-07 2.37424144e-07 -5.47711765e-03 -6.22706191e-07 1.97236341e-09 -6.78299446e-05 9.15082575e-09
1.846262         -8.76222334e-07 -5.79482516e-03 -8.71659005e-07 -8.78218777e-07 -5.72662233e-03 -8.80948169e-07 1.99644283e-09 -6.82028351e-05 9.28916413e-09
1.846951         -1.42601298e-06 -5.02538866e-03 -9.97094773e-07 -1.42800795e-06 -4.95712331e-03 -1.00654180e-06 1.99497425e-09 -6.82653524e-05 9.44702476e-09
1.84764          5.54772325e-07 -4.60989111e-03 -6.12396560e-07 5.52216727e-07 -4.54170436e-03 -6.22125151e-07 2.55559823e-09 -6.81867514e-05 9.72859172e-09
1.848329         -7.23268205e-07 -5.69819070e-03 -8.65511975e-07 -7.25923814e-07 -5.62968030e-03 -8.75446400e-07 2.65560907e-09 -6.85103909e-05 9.93442536e-09
1.849018         9.06129031e-08 -4.83546036e-03 -6.35593314e-07 8.74504961e-08 -4.76681930e-03 -6.45839749e-07 3.16240700e-09 -6.86410680e-05 1.02464349e-08
1.849684         -1.50774365e-06 -3.94776249e-03 -9.83981988e-07 -1.50991692e-06 -3.87918927e-03 -9.94234646e-07 2.17327085e-09 -6.85732216e-05 1.02526581e-08
1.85035          1.01883777e-05 -5.20789779e-03 1.19930237e-06 1.01828631e-05 -5.13930170e-03 1.18824542e-06 5.51461575e-09 -6.85960928e-05 1.10569417e-08
1.851016         -9.88919284e-06 -5.22483238e-03 -2.51452762e-06 -9.88983181e-06 -5.15625756e-03 -2.52486549e-06 6.38971072e-10 -6.85748154e-05 1.03378714e-08
1.851682         -1.59242622e-06 -5.69077834e-03 -1.04696669e-06 -1.59172714e-06 -5.62190154e-03 -1.05721707e-06 -6.99077007e-10 -6.88768030e-05 1.02503815e-08
1.852348         1.49221438e-06 -5.92213281e-03 -3.11472981e-07 1.49249149e-06 -5.85293764e-03 -3.22016310e-07 -2.77115097e-10 -6.91951718e-05 1.05433293e-08
1.853014         -3.53836373e-07 -6.54511239e-03 -9.01978952e-07 -3.53076246e-07 -6.47550683e-03 -9.12579584e-07 -7.60126268e-10 -6.96055612e-05 1.06006318e-08
1.853681         -5.71906944e-07 -4.89688368e-03 -8.93175811e-07 -5.70362136e-07 -4.82729381e-03 -9.03769252e-07 -1.54480864e-09 -6.95898622e-05 1.05934404e-08
1.854347         -9.00490602e-07 -4.86783930e-03 -9.59435976e-07 -8.97974326e-07 -4.79831715e-03 -9.70031709e-07 -2.51627678e-09 -6.95221547e-05 1.05957329e-08
1.855013         -8.08123630e-06 -5.97488693e-03 -2.49153475e-06 -8.07538987e-06 -5.90505955e-03 -2.50163507e-06 -5.84643092e-09 -6.98273780e-05 1.01003237e-08
1.855679         4.87452155e-06 -5.45884807e-03 3.35641516e-07 4.87764879e-06 -5.38887898e-03 3.24842218e-07 -3.12724104e-09 -6.99690932e-05 1.07992980e-08
1.856345         -7.75050730e-07 -3.91177337e-03 -8.98822900e-07 -7.72216630e-07 -3.84195170e-03 -9.09827456e-07 -2.83410030e-09 -6.98216716e-05 1.10045564e-08
1.857011         -1.62283928e-06 -5.56700687e-03 -9.72576887e-07 -1.62002838e-06 -5.49713012e-03 -9.83753606e-07 -2.81090650e-09 -6.98767464e-05 1.11767192e-08
1.857677         -1.77008265e-06 -6.24035421e-03 -1.03991586e-06 -1.76715852e-06 -6.17038802e-03 -1.05122092e-06 -2.92412258e-09 -6.99661934e-05 1.13050602e-08
1.858343         -1.72470032e-06 -6.15363033e-03 -1.02029573e-06 -1.72153251e-06 -6.08338142e-03 -1.03171225e-06 -3.16780924e-09 -7.02489108e-05 1.14165139e-08
1.859009         -3.08090606e-06 -5.73998998e-03 -1.27916773e-06 -3.07684196e-06 -5.66959028e-03 -1.29055845e-06 -4.06409605e-09 -7.03997033e-05 1.13907197e-08
1.859675         -1.22261014e-06 -5.36951922e-03 -7.80079175e-07 -1.21880123e-06 -5.29917763e-03 -7.91664189e-07 -3.80890693e-09 -7.03415942e-05 1.15850140e-08
1.860341         -3.50918622e-06 -5.38000508e-03 -1.25919614e-06 -3.50494780e-06 -5.30948471e-03 -1.27080615e-06 -4.23842126e-09 -7.05203769e-05 1.16100154e-08
1.861007         -3.83815612e-06 -5.70000608e-03 -1.26144119e-06 -3.83355124e-06 -5.62920265e-03 -1.27305720e-06 -4.60488615e-09 -7.08034227e-05 1.16160015e-08
1.861673         -2.38483548e-06 -6.09307620e-03 -1.07021287e-06 -2.38036578e-06 -6.02234156e-03 -1.08191279e-06 -4.46969424e-09 -7.07346341e-05 1.16999233e-08
1.862339         -1.61176672e-06 -6.17690814e-03 -9.26798747e-07 -1.60747007e-06 -6.10610889e-03 -9.38587757e-07 -4.29665205e-09 -7.07992446e-05 1.17890095e-08
1.863005         -3.27675229e-06 -6.55324440e-03 -1.14579488e-06 -3.27170790e-06 -6.48209063e-03 -1.15753939e-06 -5.04438586e-09 -7.11537662e-05 1.17445142e-08
1.863671         -1.64390377e-06 -5.80308509e-03 -7.47761923e-07 -1.63884318e-06 -5.73189240e-03 -7.59579618e-07 -5.06059107e-09 -7.11926968e-05 1.18176950e-08
1.864338         6.76958519e-08 -5.44768562e-03 -6.88681771e-07 7.18759661e-08 -5.37652843e-03 -7.00680793e-07 -4.18011420e-09 -7.11571946e-05 1.19990223e-08
1.865004         -4.27893379e-06 -5.32626475e-03 -1.33735018e-06 -4.27397272e-06 -5.25522761e-03 -1.34924987e-06 -4.96107081e-09 -7.10371372e-05 1.18996925e-08
1.86567          -4.49551870e-06 -5.59872612e-03 -1.29443375e-06 -4.49011748e-06 -5.52764400e-03 -1.30627323e-06 -5.40121305e-09 -7.10821175e-05 1.18394737e-08
1.866336         -2.56041919e-06 -6.21805231e-03 -7.75315326e-07 -2.55560551e-06 -6.14651353e-03 -7.87298858e-07 -4.81368853e-09 -7.15387754e-05 1.19835323e-08
1.867002         -5.16631390e-06 -6.07038279e-03 -1.48451747e-06 -5.16056400e-06 -5.99878773e-03 -1.49633143e-06 -5.74989370e-09 -7.15950622e-05 1.18139661e-08
1.867668         -3.07174964e-06 -6.40892529e-03 -6.47595941e-07 -3.06604074e-06 -6.33736318e-03 -6.59494465e-07 -5.70889472e-09 -7.15621163e-05 1.18985242e-08
1.868334         -3.05200616e-06 -5.35976054e-03 -8.82086822e-07 -3.04625137e-06 -5.28834985e-03 -8.94024618e-07 -5.75479108e-09 -7.14106940e-05 1.19377968e-08
1.869            -3.75505582e-06 -5.82380214e-03 -9.94335043e-07 -3.74897037e-06 -5.75237016e-03 -1.00624328e-06 -6.08545327e-09 -7.14319759e-05 1.19082338e-08
1.869627         -3.65457193e-06 -6.72451014e-03 -9.18836124e-07 -3.64830409e-06 -6.65274112e-03 -9.30722936e-07 -6.26784345e-09 -7.17690206e-05 1.18868123e-08
1.870254         -1.06402974e-05 -5.89072758e-03 -2.25069782e-06 -1.06308682e-05 -5.81893646e-03 -2.26198149e-06 -9.42912098e-09 -7.17911200e-05 1.12836688e-08
1.87088          2.25580097e-06 -4.75599632e-03 2.25615291e-07 2.26332493e-06 -4.68429943e-03 2.14015388e-07 -7.52395757e-09 -7.16968894e-05 1.15999025e-08
1.871507         9.35783468e-06 -6.53836678e-03 1.88586500e-06 9.36042248e-06 -6.46666726e-03 1.87332336e-06 -2.58779234e-09 -7.16995221e-05 1.25416417e-08
1.872134         -8.33551201e-06 -6.53360118e-03 -1.75053456e-06 -8.33017708e-06 -6.46194349e-03 -1.76246223e-06 -5.33493050e-09 -7.16576889e-05 1.19276723e-08
1.872761         -4.01355118e-06 -6.82480323e-03 -8.64103348e-07 -4.00730512e-06 -6.75291153e-03 -8.75792079e-07 -6.24605900e-09 -7.18916982e-05 1.16887311e-08
1.873378         6.98906561e-06 -6.32883777e-03 6.01920345e-07 6.99231233e-06 -6.25683442e-03 5.89925718e-07 -3.24672144e-09 -7.20033513e-05 1.19946272e-08
1.873995         -1.50415551e-05 -6.15304754e-03 -2.11054623e-06 -1.50323185e-05 -6.08110234e-03 -2.12161430e-06 -9.23660111e-09 -7.19452075e-05 1.10680714e-08
1.874612         -4.57553147e-06 -5.98933145e-03 -6.61043496e-07 -4.56495220e-06 -5.91744776e-03 -6.71806359e-07 -1.05792683e-08 -7.18836947e-05 1.07628636e-08
1.87523          -6.18457369e-06 -5.49013547e-03 -9.22022901e-07 -6.17203081e-06 -5.41844322e-03 -9.32308363e-07 -1.25428766e-08 -7.16922462e-05 1.02854627e-08
1.875837         -5.95103986e-06 -7.10322032e-03 -1.01284559e-06 -5.93685400e-06 -7.03133627e-03 -1.02262737e-06 -1.41858565e-08 -7.18840511e-05 9.78178621e-09
1.876445         -4.28062649e-06 -7.24309134e-03 -5.77788682e-07 -4.26592257e-06 -7.17092389e-03 -5.87270090e-07 -1.47039202e-08 -7.21674501e-05 9.48140741e-09
1.877042         -4.08748807e-06 -6.73380047e-03 -4.63419508e-07 -4.07256318e-06 -6.66164565e-03 -4.72654431e-07 -1.49248881e-08 -7.21548237e-05 9.23492312e-09
1.87764          -4.56745552e-06 -6.51083078e-03 -6.01146140e-07 -4.55219326e-06 -6.43870411e-03 -6.10097679e-07 -1.52622616e-08 -7.21266728e-05 8.95153881e-09
1.878238         -4.84685398e-06 -5.70592001e-03 -4.76869987e-07 -4.83122269e-06 -5.63385394e-03 -4.85541951e-07 -1.56312921e-08 -7.20660773e-05 8.67196384e-09
1.878835         -3.50932531e-06 -5.66719430e-03 -9.12040199e-08 -3.49397449e-06 -5.59518036e-03 -9.97114241e-08 -1.53508287e-08 -7.20139400e-05 8.50740422e-09
1.879423         -8.19964064e-06 -6.51711547e-03 -4.82680869e-07 -8.18293280e-06 -6.44522865e-03 -4.90829270e-07 -1.67078361e-08 -7.18868123e-05 8.14840101e-09
1.88001          -6.30079536e-06 -7.02630840e-03 -4.42511797e-07 -6.28346043e-06 -6.95441931e-03 -4.50363551e-07 -1.73349283e-08 -7.18890832e-05 7.85175418e-09
1.880598         -3.46113194e-06 -7.75848132e-03 -2.37949390e-07 -3.44433568e-06 -7.68624317e-03 -2.45617187e-07 -1.67962672e-08 -7.22381466e-05 7.66779683e-09
1.881175         -4.83854741e-06 -7.66235239e-03 -3.49568192e-07 -4.82181144e-06 -7.58997744e-03 -3.56990732e-07 -1.67359685e-08 -7.23749543e-05 7.42253960e-09
1.881752         -5.40239892e-06 -5.86310034e-03 -3.70978985e-07 -5.38564643e-06 -5.79096424e-03 -3.78155647e-07 -1.67524844e-08 -7.21360980e-05 7.17666207e-09
1.88233          -4.63043696e-06 -6.30848133e-03 -1.22486748e-07 -4.61415615e-06 -6.23644016e-03 -1.29489055e-07 -1.62808131e-08 -7.20411673e-05 7.00230716e-09
1.882896         -4.58666957e-06 -6.43243641e-03 -1.36767665e-07 -4.57100116e-06 -6.36046345e-03 -1.43593643e-07 -1.56684059e-08 -7.19729611e-05 6.82597799e-09
1.883463         -5.85012157e-06 -6.57574005e-03 -2.57450326e-07 -5.83467232e-06 -6.50382240e-03 -2.64051056e-07 -1.54492510e-08 -7.19176562e-05 6.60073035e-09
1.88403          -1.08112234e-05 -6.81085129e-03 -7.51667171e-07 -1.07940777e-05 -6.73891540e-03 -7.57771005e-07 -1.71457266e-08 -7.19358924e-05 6.10383415e-09
1.884596         -6.24543014e-06 -6.66944639e-03 -1.65270329e-07 -6.22865985e-06 -6.59756910e-03 -1.71148626e-07 -1.67702853e-08 -7.18772937e-05 5.87829648e-09
1.885152         -5.31327709e-06 -6.55154777e-03 3.05612912e-08 -5.29759277e-06 -6.47979441e-03 2.48097494e-08 -1.56843136e-08 -7.17533634e-05 5.75154180e-09
1.885708         -5.75314706e-06 -7.93937181e-03 -2.96719119e-08 -5.73792636e-06 -7.86749555e-03 -3.51902517e-08 -1.52206987e-08 -7.18762579e-05 5.51833984e-09
1.886264         -5.46279425e-06 -8.53301018e-03 9.52451228e-08 -5.44799110e-06 -8.46092425e-03 8.99660551e-08 -1.48031503e-08 -7.20859317e-05 5.27906766e-09
1.88682          -6.02478971e-06 -7.14822223e-03 1.50509574e-08 -6.01039656e-06 -7.07613605e-03 1.00093423e-08 -1.43931457e-08 -7.20861754e-05 5.04161512e-09
1.887376         -3.63751888e-06 -5.42869099e-03 2.94075748e-07 -3.62450808e-06 -5.35672002e-03 2.89152516e-07 -1.30107994e-08 -7.19709762e-05 4.92323132e-09
1.88792          -8.29372395e-06 -6.89615612e-03 -7.60374864e-07 -8.28028146e-06 -6.82423826e-03 -7.64861108e-07 -1.34424927e-08 -7.19178636e-05 4.48624332e-09
1.888464         -3.57317675e-06 -6.61170671e-03 8.48248534e-07 -3.56130176e-06 -6.53992543e-03 8.43795154e-07 -1.18749919e-08 -7.17812815e-05 4.45338020e-09
1.889008         -6.19379136e-06 -6.88521127e-03 1.94262614e-07 -6.18249119e-06 -6.81347737e-03 1.90011796e-07 -1.13001730e-08 -7.17338954e-05 4.25081841e-09
1.889553         -8.34729697e-06 -6.50975930e-03 -2.73245296e-07 -8.33567530e-06 -6.43807684e-03 -2.77157863e-07 -1.16216696e-08 -7.16824682e-05 3.91256693e-09
1.890097         -1.13345927e-05 -7.42576328e-03 -6.75323645e-07 -1.13216398e-05 -7.35408585e-03 -6.78776127e-07 -1.29528330e-08 -7.16774312e-05 3.45248222e-09
1.890641         -1.08251053e-05 -8.15933924e-03 -2.85871508e-07 -1.08112529e-05 -8.08759663e-03 -2.88975044e-07 -1.38524117e-08 -7.17426140e-05 3.10353546e-09
1.891185         -9.29557573e-06 -7.17077174e-03 -1.15064566e-07 -9.28130273e-06 -7.09909354e-03 -1.17831614e-07 -1.42729982e-08 -7.16782009e-05 2.76704888e-09
1.89173          -1.05041123e-05 -5.77854965e-03 3.38905078e-08 -1.04892484e-05 -5.70701738e-03 3.13837257e-08 -1.48639432e-08 -7.15322712e-05 2.50678210e-09
1.892274         -4.65845982e-06 -7.01771792e-03 4.68859692e-07 -4.64485877e-06 -6.94614639e-03 4.66499755e-07 -1.36010506e-08 -7.15715243e-05 2.35993711e-09
1.892818         -5.07610112e-06 -8.38398366e-03 3.39139130e-07 -5.06369963e-06 -8.31212559e-03 3.36888061e-07 -1.24014901e-08 -7.18580749e-05 2.25106852e-09
1.893349         -4.35046213e-05 -7.03356557e-03 -3.20919736e-06 -4.34802827e-05 -6.96172380e-03 -3.20989767e-06 -2.43386046e-08 -7.18417667e-05 7.00311705e-10
1.893879         2.95112189e-05 -6.35699876e-03 3.95900440e-06 2.95226003e-05 -6.28564277e-03 3.95710265e-06 -1.13813605e-08 -7.13559864e-05 1.90175511e-09
1.894409         8.22171458e-07 -6.81058431e-03 7.26113089e-07 8.30816971e-07 -6.73945882e-03 7.24184037e-07 -8.64551281e-09 -7.11254902e-05 1.92905196e-09
1.894939         -3.20440083e-06 -8.14524592e-03 7.55753810e-07 -3.19726306e-06 -8.07374303e-03 7.53840852e-07 -7.13777218e-09 -7.15028919e-05 1.91295865e-09
1.89547          -2.09616450e-06 -7.62083841e-03 9.86280511e-07 -2.09085017e-06 -7.54914118e-03 9.84321428e-07 -5.31432618e-09 -7.16972334e-05 1.95908285e-09
1.896            -3.96168958e-06 -7.67383842e-03 6.94875427e-07 -3.95734529e-06 -7.60228584e-03 6.92971576e-07 -4.34429257e-09 -7.15525793e-05 1.90385118e-09
1.89653          -1.32480174e-05 -8.09833803e-03 -2.05909215e-07 -1.32414960e-05 -8.02687953e-03 -2.07470508e-07 -6.52133226e-09 -7.14585059e-05 1.56129292e-09
1.897061         3.52853950e-06 -7.21550659e-03 1.42073837e-06 3.53145578e-06 -7.14408038e-03 1.41901155e-06 -2.91627835e-09 -7.14262123e-05 1.72681769e-09
1.897591         -3.26716686e-06 -7.26700991e-03 6.24643839e-07 -3.26541446e-06 -7.19560830e-03 6.22981934e-07 -1.75239890e-09 -7.14016119e-05 1.66190527e-09
1.898121         -4.20354260e-06 -7.03011933e-03 8.47996198e-07 -4.20252172e-06 -6.95879736e-03 8.46361099e-07 -1.02088394e-09 -7.13219685e-05 1.63509989e-09
1.898652         -4.23129859e-06 -7.58479884e-03 7.28676721e-07 -4.23072949e-06 -7.51349084e-03 7.27123316e-07 -5.69100793e-10 -7.13079938e-05 1.55340573e-09
1.899182         -1.19634970e-06 -5.34352725e-03 7.85876083e-07 -1.19704582e-06 -5.27256855e-03 7.84364196e-07 6.96122680e-10 -7.09587010e-05 1.51188688e-09
1.899712         -5.08520372e-06 -4.08302830e-03 4.99263290e-07 -5.08569509e-06 -4.01260115e-03 4.97886065e-07 4.91370513e-10 -7.04271427e-05 1.37722550e-09
1.900242         -4.01667784e-06 -7.97046012e-03 7.79560145e-07 -4.01727385e-06 -7.89987077e-03 7.78252104e-07 5.96004995e-10 -7.05893480e-05 1.30804100e-09
1.900773         -3.90160221e-06 -1.01333554e-02 8.11640346e-07 -3.90229656e-06 -1.00623662e-02 8.10390343e-07 6.94347217e-10 -7.09892147e-05 1.25000364e-09
1.901303         -8.54369328e-06 -8.39201486e-03 1.12720239e-06 -8.54280520e-06 -8.32098855e-03 1.12602840e-06 -8.88081404e-10 -7.10263068e-05 1.17398161e-09
1.901833         2.99507763e-06 -7.26494797e-03 5.89206571e-07 2.99359666e-06 -7.19396787e-03 5.88031770e-07 1.48096734e-09 -7.09801064e-05 1.17480108e-09
1.902364         -2.90057618e-06 -7.79774165e-03 7.27818296e-07 -2.90225856e-06 -7.72679870e-03 7.26712766e-07 1.68238112e-09 -7.09429528e-05 1.10552948e-09
1.902894         -5.67744606e-06 -8.21323101e-03 6.32913708e-07 -5.67834033e-06 -8.14233912e-03 6.31941817e-07 8.94264253e-10 -7.08918908e-05 9.71890707e-10
1.903424         -5.24936228e-06 -7.48461609e-03 6.75521414e-07 -5.24955896e-06 -7.41378717e-03 6.74646249e-07 1.96678218e-10 -7.08289150e-05 8.75164418e-10
1.903955         -3.09029860e-06 -5.69202018e-03 9.67561274e-07 -3.09037391e-06 -5.62135779e-03 9.66725646e-07 7.53090707e-11 -7.06623924e-05 8.35627972e-10
1.904485         -3.43281801e-06 -6.60380344e-03 8.65704029e-07 -3.43244496e-06 -6.53318825e-03 8.64952976e-07 -3.73047959e-10 -7.06151918e-05 7.51052958e-10
1.905015         -7.77582433e-06 -7.55287614e-03 6.55371259e-07 -7.77317743e-06 -7.48219729e-03 6.54820290e-07 -2.64690764e-09 -7.06788562e-05 5.50968893e-10
1.905545         -4.20094237e-06 -7.97953921e-03 9.35762382e-07 -4.19760419e-06 -7.90879516e-03 9.35283430e-07 -3.33818244e-09 -7.07440482e-05 4.78952560e-10
1.906076         -5.97136092e-06 -8.08740112e-03 3.69555561e-07 -5.96630788e-06 -8.01673630e-03 3.69280360e-07 -5.05304153e-09 -7.06648260e-05 2.75201916e-10
1.906606         -1.57882792e-05 -7.62223126e-03 1.89617674e-06 -1.57780235e-05 -7.55165159e-03 1.89612508e-06 -1.02557447e-08 -7.05796731e-05 5.16590720e-11
1.907136         6.06060938e-06 -6.50955806e-03 3.56947404e-07 6.06799147e-06 -6.43901645e-03 3.56821679e-07 -7.38208888e-09 -7.05416128e-05 1.25725467e-10
1.907667         -7.39950834e-06 -6.48059224e-03 1.86755090e-07 -7.39000625e-06 -6.41007006e-03 1.86823260e-07 -9.50209090e-09 -7.05221832e-05 -6.81699171e-11
1.908197         -4.99177931e-06 -8.75754251e-03 1.25233972e-06 -4.98124044e-06 -8.68693302e-03 1.25236628e-06 -1.05388703e-08 -7.06094859e-05 -2.65591718e-11
1.908727         -3.02585719e-06 -8.33976373e-03 7.20936054e-07 -3.01482313e-06 -8.26910521e-03 7.20994082e-07 -1.10340627e-08 -7.06585175e-05 -5.80275335e-11
1.909258         -2.45535722e-06 -7.90375270e-03 9.50864714e-07 -2.44383988e-06 -7.83309970e-03 9.50923395e-07 -1.15173477e-08 -7.06530023e-05 -5.86811831e-11
1.909788         -3.00668235e-06 -7.33144081e-03 9.24276053e-07 -2.99435567e-06 -7.26080877e-03 9.24355457e-07 -1.23266778e-08 -7.06320353e-05 -7.94045168e-11
1.910318         -6.03765085e-06 -7.26094228e-03 7.02792660e-07 -6.02335625e-06 -7.19037234e-03 7.02951447e-07 -1.42945997e-08 -7.05699376e-05 -1.58787074e-10
1.910848         3.00227139e-06 -7.36779085e-03 1.43890587e-06 3.01545842e-06 -7.29733333e-03 1.43893529e-06 -1.31870309e-08 -7.04575244e-05 -2.94173105e-11
1.911379         -2.38613462e-06 -7.38674167e-03 9.34494363e-07 -2.37203089e-06 -7.31629372e-03 9.34525054e-07 -1.41037304e-08 -7.04479554e-05 -3.06914803e-11
1.911909         -9.80027978e-07 -8.15470572e-03 7.62282964e-07 -9.65331247e-07 -8.08411619e-03 7.62329675e-07 -1.46967312e-08 -7.05895292e-05 -4.67111661e-11
1.912439         6.14445386e-06 -6.83842043e-03 1.96686922e-06 6.15704523e-06 -6.76801854e-03 1.96663439e-06 -1.25913764e-08 -7.04018826e-05 2.34829618e-10
1.91297          -4.72385868e-06 -5.38708293e-03 -8.83053149e-08 -4.70885339e-06 -5.31718207e-03 -8.82923481e-08 -1.50052903e-08 -6.99008623e-05 -1.29668517e-11
1.9135           -1.66323547e-08 -7.66833334e-03 7.80485285e-07 -1.24476766e-09 -7.59834671e-03 7.80507873e-07 -1.53875870e-08 -6.99866300e-05 -2.25886607e-11
1.914024         -1.43319670e-06 -9.81500391e-03 7.74312944e-07 -1.41698610e-06 -9.74450322e-03 7.74345515e-07 -1.62105951e-08 -7.05006870e-05 -3.25705160e-11
1.914547         -2.33074395e-07 -8.54030724e-03 8.48303037e-07 -2.16324752e-07 -8.46972952e-03 8.48304658e-07 -1.67496426e-08 -7.05777210e-05 -1.62102814e-12
1.915071         -9.98931424e-07 -6.84060500e-03 7.89541736e-07 -9.81204357e-07 -6.77042075e-03 7.89544884e-07 -1.77270665e-08 -7.01842470e-05 -3.14775005e-12
1.915594         9.17267298e-07 -7.18614293e-03 7.03273704e-07 9.35413997e-07 -7.11609883e-03 7.03272128e-07 -1.81466983e-08 -7.00441006e-05 1.57679407e-12
1.916118         -9.35439925e-08 -9.42548932e-03 7.89763438e-07 -7.46989989e-08 -9.35499457e-03 7.89753118e-07 -1.88449936e-08 -7.04947541e-05 1.03195870e-11
1.916641         1.48623817e-07 -9.02071491e-03 6.93513172e-07 1.68112220e-07 -8.95002552e-03 6.93492988e-07 -1.94884031e-08 -7.06893824e-05 2.01845323e-11
1.917165         4.75178107e-08 -6.29562037e-03 7.21577476e-07 6.80085828e-08 -6.22532500e-03 7.21562777e-07 -2.04907720e-08 -7.02953745e-05 1.46990603e-11
1.917688         -8.43908213e-07 -6.48552872e-03 6.34743940e-07 -8.22077602e-07 -6.41549250e-03 6.34757671e-07 -2.18306112e-08 -7.00362193e-05 -1.37306468e-11
1.918212         -3.07435582e-06 -8.45035620e-03 6.72797571e-07 -3.05044796e-06 -8.38015664e-03 6.72852996e-07 -2.39078628e-08 -7.01995601e-05 -5.54256058e-11
1.918735         5.10237616e-07 -8.21379722e-03 6.20530693e-07 5.35099613e-07 -8.14348780e-03 6.20594978e-07 -2.48619967e-08 -7.03094153e-05 -6.42850849e-11
1.919259         9.97890352e-07 -7.99196447e-03 6.78004348e-07 1.02364483e-06 -7.92166978e-03 6.78065143e-07 -2.57544819e-08 -7.02946887e-05 -6.07950169e-11
1.919782         4.96979877e-06 -7.52964963e-03 6.37251118e-07 4.99525443e-06 -7.45941375e-03 6.37314933e-07 -2.54556609e-08 -7.02358788e-05 -6.38155603e-11
1.920306         2.53201796e-06 -8.33316506e-03 6.79174913e-07 2.55804167e-06 -8.26287490e-03 6.79233071e-07 -2.60237046e-08 -7.02901594e-05 -5.81579675e-11
1.920829         1.51857823e-06 -7.97020754e-03 6.21246699e-07 1.54558785e-06 -7.89983124e-03 6.21314221e-07 -2.70096155e-08 -7.03762986e-05 -6.75223135e-11
1.921353         2.54117164e-06 -7.52763098e-03 5.00857464e-07 2.56904476e-06 -7.45739447e-03 5.00965688e-07 -2.78731225e-08 -7.02365093e-05 -1.08223627e-10
1.921876         2.06683787e-05 -7.54736638e-03 1.65055857e-06 2.06907053e-05 -7.47732768e-03 1.65034823e-06 -2.23265457e-08 -7.00386961e-05 2.10335014e-10
1.9224           -1.42379696e-05 -7.46483753e-03 -5.79497872e-07 -1.42084731e-05 -7.39486566e-03 -5.79344012e-07 -2.94964645e-08 -6.99718699e-05 -1.53860157e-10
1.922924         2.97038604e-07 -8.23195170e-03 5.84534605e-07 3.28148524e-07 -8.16192287e-03 5.84700684e-07 -3.11099206e-08 -7.00288315e-05 -1.66078607e-10
1.923447         7.12265154e-07 -8.41574676e-03 1.57406253e-07 7.45077962e-07 -8.34558349e-03 1.57650113e-07 -3.28128078e-08 -7.01632689e-05 -2.43859315e-10
1.923971         -1.45188076e-06 -9.12979044e-03 3.84159046e-07 -1.41675842e-06 -9.05930267e-03 3.84482397e-07 -3.51223434e-08 -7.04877719e-05 -3.23351555e-10
1.924494         5.61030003e-07 -8.63658731e-03 -1.09796340e-08 5.98137470e-07 -8.56598023e-03 -1.05455255e-08 -3.71074669e-08 -7.06070802e-05 -4.34108494e-10
1.925018         2.62663116e-06 -7.24054300e-03 1.92871453e-07 2.66491915e-06 -7.17017972e-03 1.93381315e-07 -3.82879958e-08 -7.03632782e-05 -5.09862000e-10
1.925541         1.82898035e-06 -7.59494821e-03 3.15185016e-07 1.86891494e-06 -7.52472884e-03 3.15789865e-07 -3.99345985e-08 -7.02193685e-05 -6.04848782e-10
1.926065         4.12679576e-06 -6.85577625e-03 4.03704938e-07 4.16756073e-06 -6.78580449e-03 4.04388433e-07 -4.07649651e-08 -6.99717609e-05 -6.83495259e-10
1.926588         3.51968724e-06 -6.95935802e-03 2.32033235e-07 3.56152289e-06 -6.88956501e-03 2.32852039e-07 -4.18356479e-08 -6.97930107e-05 -8.18804394e-10
1.927112         1.32535890e-05 -9.58626994e-03 7.24821879e-07 1.32930202e-05 -9.51610471e-03 7.25713006e-07 -3.94311448e-08 -7.01652332e-05 -8.91127354e-10
1.927635         -3.75281132e-06 -1.00269116e-02 -8.53350609e-08 -3.70958506e-06 -9.95644486e-03 -8.42731848e-08 -4.32262619e-08 -7.04667501e-05 -1.06187605e-09
1.928159         7.10494334e-06 -7.28973628e-03 -2.90205470e-07 7.14827838e-06 -7.21949776e-03 -2.88917191e-07 -4.33350370e-08 -7.02385142e-05 -1.28827872e-09
1.928682         4.20253240e-06 -7.21423135e-03 -5.53668155e-08 4.24708878e-06 -7.14416974e-03 -5.38773965e-08 -4.45563799e-08 -7.00616044e-05 -1.48941902e-09
1.929206         4.20695834e-06 -7.77148687e-03 -3.46907820e-08 4.25267330e-06 -7.70140443e-03 -3.30051429e-08 -4.57149569e-08 -7.00824379e-05 -1.68563910e-09
1.929729         3.59159677e-06 -8.70748054e-03 1.68709967e-07 3.63869338e-06 -8.63728536e-03 1.70575004e-07 -4.70966084e-08 -7.01951874e-05 -1.86503753e-09
1.930253         4.51815764e-06 -8.78705920e-03 2.72105346e-08 4.56637846e-06 -8.71680833e-03 2.92705213e-08 -4.82208198e-08 -7.02508687e-05 -2.05998670e-09
1.930776         2.59996136e-06 -7.74456757e-03 -9.41783894e-08 2.65008454e-06 -7.67437681e-03 -9.18962005e-08 -5.01231817e-08 -7.01907698e-05 -2.28218893e-09
1.9313           5.19025746e-06 -9.06861759e-03 -1.41670890e-07 5.24129277e-06 -8.99835474e-03 -1.39170487e-07 -5.10353071e-08 -7.02628482e-05 -2.50040319e-09
1.931824         5.26331227e-06 -9.72822196e-03 -1.50262040e-07 5.31525975e-06 -9.65785661e-03 -1.47543756e-07 -5.19474718e-08 -7.03653542e-05 -2.71828373e-09
1.932347         4.96021832e-06 -7.99364976e-03 -1.43855080e-07 5.01333596e-06 -7.92340879e-03 -1.40927400e-07 -5.31176402e-08 -7.02409690e-05 -2.92767976e-09
1.932871         4.56257797e-06 -7.33195427e-03 -6.62302757e-08 4.61707490e-06 -7.26191138e-03 -6.31028755e-08 -5.44969323e-08 -7.00428941e-05 -3.12740011e-09
1.933394         4.75263764e-06 -7.86764949e-03 -3.01892824e-07 4.80843501e-06 -7.79768863e-03 -2.98541325e-07 -5.57973686e-08 -6.99608565e-05 -3.35149854e-09
1.933918         5.24964346e-06 -8.18129604e-03 -3.56230499e-07 5.30650816e-06 -8.11131323e-03 -3.52656940e-07 -5.68647023e-08 -6.99828092e-05 -3.57355945e-09
1.934441         5.83015074e-06 -8.51480974e-03 -3.91571921e-07 5.88791883e-06 -8.44478652e-03 -3.87781867e-07 -5.77680916e-08 -7.00232208e-05 -3.79005323e-09
1.934965         5.87319074e-06 -8.72105702e-03 -3.75425426e-07 5.93188763e-06 -8.65087501e-03 -3.71450421e-07 -5.86968832e-08 -7.01820076e-05 -3.97500518e-09
1.935488         6.08403234e-06 -8.87853944e-03 -3.61360529e-07 6.14355989e-06 -8.80823282e-03 -3.57205449e-07 -5.95275480e-08 -7.03066179e-05 -4.15508020e-09
1.936012         5.41331175e-06 -8.11164504e-03 -4.89635516e-07 5.47387997e-06 -8.04156573e-03 -4.85302362e-07 -6.05682193e-08 -7.00793084e-05 -4.33315337e-09
1.936535         6.11873348e-06 -7.84885936e-03 -6.16403390e-07 6.18009029e-06 -7.77901564e-03 -6.11886890e-07 -6.13568103e-08 -6.98437218e-05 -4.51649993e-09
1.937059         5.51908149e-06 -8.41746900e-03 -5.21704847e-07 5.58136841e-06 -8.34759065e-03 -5.17037263e-07 -6.22869170e-08 -6.98783534e-05 -4.66758434e-09
1.937582         7.49510634e-06 -8.13618869e-03 -7.00584702e-07 7.55764812e-06 -8.06627978e-03 -6.95739356e-07 -6.25417781e-08 -6.99089074e-05 -4.84534636e-09
1.938106         4.14888114e-06 -8.45779072e-03 -5.24234248e-07 4.21283740e-06 -8.38784919e-03 -5.19283347e-07 -6.39562620e-08 -6.99415355e-05 -4.95090162e-09
1.938629         -1.72451967e-06 -8.70682052e-03 7.40237715e-07 -1.65674402e-06 -8.63678211e-03 7.45156049e-07 -6.77756454e-08 -7.00384053e-05 -4.91833432e-09
1.939153         1.52260054e-05 -8.30166727e-03 -2.46377407e-06 1.52910203e-05 -8.23175190e-03 -2.45848992e-06 -6.50149714e-08 -6.99153692e-05 -5.28415015e-09
1.939676         9.99202903e-06 -8.26944484e-03 -1.05348449e-06 1.00563908e-05 -8.19972911e-03 -1.04802368e-06 -6.43617990e-08 -6.97157321e-05 -5.46081440e-09
1.9402           6.51436280e-06 -8.49374018e-03 -8.71508394e-07 6.57934524e-06 -8.42404535e-03 -8.65953431e-07 -6.49824409e-08 -6.96948307e-05 -5.55496329e-09
1.940724         5.02018521e-06 -9.13070174e-03 -5.17590197e-07 5.08621742e-06 -9.06086060e-03 -5.12004555e-07 -6.60322094e-08 -6.98411343e-05 -5.58564174e-09
1.941247         7.70919035e-06 -8.64210910e-03 -9.56681202e-07 7.77527167e-06 -8.57222101e-03 -9.50984481e-07 -6.60813254e-08 -6.98880936e-05 -5.69672110e-09
1.941771         6.78459615e-06 -8.25651981e-03 -7.02485521e-07 6.85101834e-06 -8.18664048e-03 -6.96719078e-07 -6.64221851e-08 -6.98793382e-05 -5.76644359e-09
1.942294         7.49016022e-06 -8.14101752e-03 -9.25296029e-07 7.55681670e-06 -8.07117213e-03 -9.19423279e-07 -6.66564851e-08 -6.98453926e-05 -5.87274937e-09
1.942818         5.51679731e-06 -8.60932522e-03 -6.03669417e-07 5.58438510e-06 -8.53966759e-03 -5.97769585e-07 -6.75877897e-08 -6.96576309e-05 -5.89983231e-09
1.943341         7.75562783e-06 -8.15829161e-03 -9.20254981e-07 7.82342591e-06 -8.08881405e-03 -9.14275028e-07 -6.77980775e-08 -6.94775659e-05 -5.97995229e-09
1.943865         8.57869581e-07 -8.38427104e-03 -5.39333161e-07 9.28148999e-07 -8.31477645e-03 -5.33404950e-07 -7.02794172e-08 -6.94945939e-05 -5.92821081e-09
1.944388         4.30685444e-06 -8.74937434e-03 -5.83082166e-07 4.37848976e-06 -8.67985021e-03 -5.77167446e-07 -7.16353210e-08 -6.95241270e-05 -5.91471987e-09
1.944912         7.27728629e-06 -9.06144903e-03 -1.11615835e-06 7.34921047e-06 -8.99185235e-03 -1.11015894e-06 -7.19241798e-08 -6.95966794e-05 -5.99941456e-09
1.945435         4.37430453e-06 -8.81931756e-03 -8.32954754e-07 4.44749522e-06 -8.74963069e-03 -8.26955389e-07 -7.31906837e-08 -6.96868746e-05 -5.99936569e-09
1.945959         6.41967350e-06 -8.77198362e-03 -9.38354884e-07 6.49336606e-06 -8.70244217e-03 -9.32302242e-07 -7.36925515e-08 -6.95414486e-05 -6.05264156e-09
1.946482         2.28628748e-06 -8.69454863e-03 -1.24219167e-06 2.36204549e-06 -8.62519032e-03 -1.23608326e-06 -7.57580089e-08 -6.93583073e-05 -6.10841223e-09
1.947006         8.61520295e-06 -8.69649794e-03 -7.96869269e-07 8.69046506e-06 -8.62708707e-03 -7.90717415e-07 -7.52621111e-08 -6.94108700e-05 -6.15185408e-09
1.947529         6.68965236e-06 -9.28317866e-03 -1.05440000e-06 6.76525776e-06 -9.21358400e-03 -1.04820553e-06 -7.56054030e-08 -6.95946622e-05 -6.19447282e-09
1.948053         8.14326221e-06 -8.49706235e-03 -1.28688792e-06 8.21869367e-06 -8.42761769e-03 -1.28063521e-06 -7.54314614e-08 -6.94446614e-05 -6.25270521e-09
1.948576         6.61831501e-06 -8.00649249e-03 -1.03135623e-06 6.69400124e-06 -7.93742140e-03 -1.02510195e-06 -7.56862228e-08 -6.90710877e-05 -6.25428440e-09
1.9491           5.15955610e-06 -8.56592018e-03 -1.02276465e-06 5.23600973e-06 -8.49682499e-03 -1.01655738e-06 -7.64536369e-08 -6.90951945e-05 -6.20727360e-09
1.949624         8.36443662e-06 -8.95000175e-03 -1.33185089e-06 8.44043144e-06 -8.88052167e-03 -1.32559667e-06 -7.59948207e-08 -6.94800816e-05 -6.25422332e-09
1.950147         3.20563824e-06 -8.19829652e-03 -8.83826025e-07 3.28297232e-06 -8.12887585e-03 -8.77644831e-07 -7.73340875e-08 -6.94206755e-05 -6.18119419e-09
1.950671         6.42086985e-06 -8.14220775e-03 -1.18315974e-06 6.49842167e-06 -8.07332269e-03 -1.17697133e-06 -7.75518211e-08 -6.88850529e-05 -6.18840531e-09
1.951194         1.75998477e-05 -8.80812727e-03 -1.99574831e-06 1.76737363e-05 -8.73932044e-03 -1.98921612e-06 -7.38886096e-08 -6.88068227e-05 -6.53219111e-09
1.951718         8.88860064e-07 -1.01642881e-02 -7.33544400e-07 9.64772659e-07 -1.00948775e-02 -7.27152083e-07 -7.59125954e-08 -6.94106077e-05 -6.39231720e-09
1.952241         6.01103268e-06 -9.19153146e-03 -1.13974655e-06 6.08709692e-06 -9.12188836e-03 -1.13330172e-06 -7.60642400e-08 -6.96430984e-05 -6.44482759e-09
1.952765         5.42634855e-06 -8.05817985e-03 -1.04462036e-06 5.50274761e-06 -7.98912674e-03 -1.03814877e-06 -7.63990556e-08 -6.90531127e-05 -6.47159511e-09
1.953288         6.78028162e-06 -8.06522706e-03 -1.16722863e-06 6.85655500e-06 -7.99661156e-03 -1.16069834e-06 -7.62733858e-08 -6.86155077e-05 -6.53028557e-09
1.953812         5.36652444e-06 -8.58789529e-03 -9.36119129e-07 5.44313092e-06 -8.51907161e-03 -9.29598887e-07 -7.66064791e-08 -6.88236730e-05 -6.52024214e-09
1.954335         6.72958600e-06 -8.69549343e-03 -1.10222415e-06 6.80596744e-06 -8.62649122e-03 -1.09567259e-06 -7.63814346e-08 -6.90022024e-05 -6.55156248e-09
1.954859         6.73999002e-06 -8.48034010e-03 -1.09691353e-06 6.81600421e-06 -8.41141061e-03 -1.09035266e-06 -7.60141849e-08 -6.89294925e-05 -6.56086670e-09
1.955382         5.62540943e-06 -9.32695552e-03 -1.03678664e-06 5.70145193e-06 -9.25803330e-03 -1.03024371e-06 -7.60424971e-08 -6.89222176e-05 -6.54293575e-09
1.955906         6.84341528e-06 -8.34432293e-03 -1.34719998e-06 6.91905674e-06 -8.27556218e-03 -1.34062296e-06 -7.56414528e-08 -6.87607465e-05 -6.57701578e-09
1.956429         4.70391793e-06 -8.26875920e-03 -1.00740021e-06 4.77983319e-06 -8.20021406e-03 -1.00087238e-06 -7.59152598e-08 -6.85451445e-05 -6.52782981e-09
1.956953         -7.68894783e-07 -9.18009239e-03 9.01670972e-07 -6.90558839e-07 -9.11153577e-03 9.07841903e-07 -7.83359444e-08 -6.85566204e-05 -6.17093079e-09
1.957476         8.45784192e-06 -9.13945175e-03 -3.18737675e-06 8.53516686e-06 -9.07079175e-03 -3.18094091e-06 -7.73249435e-08 -6.86600022e-05 -6.43583619e-09
1.958            7.25967306e-06 -8.41532463e-03 -1.03043385e-06 7.33584596e-06 -8.34672539e-03 -1.02399819e-06 -7.61729052e-08 -6.85992455e-05 -6.43566450e-09
1.958511         2.00186631e-06 -7.33912908e-03 -7.13074869e-07 2.07906758e-06 -7.27075789e-03 -7.06780865e-07 -7.72012697e-08 -6.83711890e-05 -6.29400452e-09
1.959023         -2.48136850e-06 -8.75076313e-03 -1.01351264e-07 -2.40163286e-06 -8.68241406e-03 -9.53607578e-08 -7.97356436e-08 -6.83490659e-05 -5.99050575e-09
1.959534         1.15298909e-05 -1.09103969e-02 -1.85330449e-06 1.16068531e-05 -1.08417311e-02 -1.84708843e-06 -7.69621996e-08 -6.86658043e-05 -6.21606392e-09
1.960046         4.83635828e-06 -9.54708419e-03 -1.01781679e-06 4.91288564e-06 -9.47838150e-03 -1.01162435e-06 -7.65273569e-08 -6.87026936e-05 -6.19244268e-09
1.960557         1.63217198e-06 -7.76366531e-03 -5.11966979e-07 1.70937589e-06 -7.69517617e-03 -5.05926194e-07 -7.72039117e-08 -6.84891416e-05 -6.04078472e-09
1.961069         3.60155729e-06 -8.43770579e-03 -8.01294373e-07 3.67873689e-06 -8.36932450e-03 -7.95326303e-07 -7.71796016e-08 -6.83812867e-05 -5.96806925e-09
1.961574         1.43648869e-06 -9.46378653e-03 -5.75292361e-07 1.51438295e-06 -9.39535696e-03 -5.69480639e-07 -7.78942618e-08 -6.84295633e-05 -5.81172173e-09
1.962079         -2.12313063e-08 -9.41206875e-03 -3.25252171e-07 5.76814889e-08 -9.34363756e-03 -3.19661124e-07 -7.89127953e-08 -6.84311900e-05 -5.59104794e-09
1.962585         3.25538132e-06 -9.60833098e-03 -7.15321120e-07 3.33413236e-06 -9.53981426e-03 -7.09802329e-07 -7.87510432e-08 -6.85167131e-05 -5.51879090e-09
1.96309          3.66580681e-06 -1.13246159e-02 -7.92150254e-07 3.74412199e-06 -1.12558536e-02 -7.86668449e-07 -7.83151791e-08 -6.87622797e-05 -5.48180503e-09
1.963595         3.77526869e-06 -7.52527476e-03 -8.91223998e-07 3.85298704e-06 -7.45676638e-03 -8.85760145e-07 -7.77183580e-08 -6.85083778e-05 -5.46385363e-09
1.964101         2.80782970e-06 -4.65328326e-03 -7.73397864e-07 2.88536138e-06 -4.58538329e-03 -7.68011439e-07 -7.75316796e-08 -6.78999766e-05 -5.38642471e-09
1.964606         2.99746790e-06 -8.01360287e-03 -5.57919674e-07 3.07455107e-06 -7.94576922e-03 -5.52647276e-07 -7.70831730e-08 -6.78336506e-05 -5.27239807e-09
1.965111         4.49901477e-06 -1.13833294e-02 -8.99059703e-07 4.57486091e-06 -1.13153148e-02 -8.93783330e-07 -7.58461438e-08 -6.80146108e-05 -5.27637297e-09
1.965616         3.78415311e-06 -9.69117796e-03 -9.12995685e-07 3.85909470e-06 -9.62318377e-03 -9.07708405e-07 -7.49415909e-08 -6.79941899e-05 -5.28727950e-09
1.966122         4.94796043e-06 -9.39295430e-03 -5.30419401e-07 5.02136527e-06 -9.32475426e-03 -5.25149219e-07 -7.34048359e-08 -6.82000327e-05 -5.27018231e-09
1.96662          4.43045611e-06 -9.47825949e-03 -1.32057725e-06 4.50270383e-06 -9.40992424e-03 -1.31520227e-06 -7.22477150e-08 -6.83352460e-05 -5.37498168e-09
1.967118         3.35884806e-06 -8.18734374e-03 -8.31992311e-07 3.43018922e-06 -8.11924116e-03 -8.26616553e-07 -7.13411559e-08 -6.81025877e-05 -5.37575783e-09
1.967617         3.40892739e-06 -8.35389884e-03 -4.87326492e-07 3.47917957e-06 -8.28602485e-03 -4.81980465e-07 -7.02521758e-08 -6.78739916e-05 -5.34602726e-09
1.968115         8.83241714e-06 -9.34055277e-03 -1.97647905e-06 8.90003655e-06 -9.27260168e-03 -1.97081291e-06 -6.76194113e-08 -6.79510974e-05 -5.66614591e-09
1.968613         4.00791461e-06 -8.77586905e-03 -9.05213972e-07 4.07431122e-06 -8.70780938e-03 -8.99509836e-07 -6.63966038e-08 -6.80596665e-05 -5.70413664e-09
1.969112         5.83724413e-08 -9.45237853e-03 -4.03241670e-07 1.24804500e-07 -9.38437244e-03 -3.97698889e-07 -6.64320591e-08 -6.80060848e-05 -5.54278136e-09
1.96961          -8.61601140e-08 -8.38116887e-03 -2.10652631e-07 -1.96241126e-08 -8.31338205e-03 -2.05277141e-07 -6.65360014e-08 -6.77868238e-05 -5.37549009e-09
1.970108         1.20541752e-06 -8.49944803e-03 -3.59101149e-07 1.27152435e-06 -8.43177373e-03 -3.53829356e-07 -6.61068334e-08 -6.76742962e-05 -5.27179302e-09
1.970607         4.41388057e-07 -8.51398305e-03 -4.62844603e-07 5.07255216e-07 -8.44625541e-03 -4.57697370e-07 -6.58671585e-08 -6.77276421e-05 -5.14723310e-09
1.971105         2.41376711e-06 -8.55630926e-03 -1.00405618e-06 2.47864059e-06 -8.48859731e-03 -9.98911780e-07 -6.48734722e-08 -6.77119581e-05 -5.14439667e-09
1.971603         7.95815432e-07 -9.38675100e-03 5.39414184e-08 8.60284269e-07 -9.31899429e-03 5.89052000e-08 -6.44688377e-08 -6.77567047e-05 -4.96378163e-09
1.972102         -2.02950858e-06 -1.01421257e-02 8.79768187e-08 -1.96440529e-06 -1.00743228e-02 9.26776557e-08 -6.51032890e-08 -6.78029709e-05 -4.70083698e-09
1.9726           1.47264481e-06 -9.15866577e-03 -6.38909999e-07 1.53709358e-06 -9.09072567e-03 -6.34248650e-07 -6.44487640e-08 -6.79400992e-05 -4.66134930e-09
1.973098         1.52915155e-06 -1.05056124e-02 -5.62954397e-07 1.59284816e-06 -1.04373042e-02 -5.58329362e-07 -6.36966114e-08 -6.83082131e-05 -4.62503528e-09
1.973588         7.42807353e-06 -8.40571881e-03 -1.25225619e-06 7.48888509e-06 -8.33765905e-03 -1.24738987e-06 -6.08115692e-08 -6.80597596e-05 -4.86631700e-09
1.974078         -3.81963979e-06 -6.72009636e-03 1.29508035e-07 -3.75761222e-06 -6.65276650e-03 1.34060155e-07 -6.20275645e-08 -6.73298552e-05 -4.55212036e-09
1.974577         6.44146354e-07 -8.85137877e-03 -2.98907559e-07 7.05599806e-07 -8.78412574e-03 -2.94457170e-07 -6.14534524e-08 -6.72530301e-05 -4.45038906e-09
1.975076         1.39367581e-06 -1.08775066e-02 -5.11822549e-07 1.45411870e-06 -1.08096831e-02 -5.07374275e-07 -6.04428878e-08 -6.78234757e-05 -4.44827423e-09
1.975565         -1.88920553e-07 -1.04958990e-02 7.61285928e-08 -1.29116755e-07 -1.04278219e-02 8.04821189e-08 -5.98037975e-08 -6.80771133e-05 -4.35352610e-09
1.976055         5.81515389e-07 -6.56375099e-03 -4.57456192e-07 6.40652316e-07 -6.49616362e-03 -4.53173870e-07 -5.91369272e-08 -6.75873656e-05 -4.28232161e-09
1.976545         -5.85921574e-08 -6.13826279e-03 -2.04556709e-07 3.09582397e-12 -6.07110950e-03 -2.00395239e-07 -5.85952532e-08 -6.71532932e-05 -4.16147036e-09
1.977034         -3.95947794e-07 -9.96839878e-03 2.68338836e-08 -3.37941627e-07 -9.90108210e-03 3.08493386e-08 -5.80061677e-08 -6.73166861e-05 -4.01545497e-09
1.977524         4.32033965e-06 -1.04332640e-02 -8.03221583e-07 4.37613109e-06 -1.03656773e-02 -7.99041985e-07 -5.57914378e-08 -6.75867393e-05 -4.17959739e-09
1.978014         6.76783746e-07 -9.44110944e-03 -2.49496087e-07 7.31572156e-07 -9.37347862e-03 -2.45308148e-07 -5.47884103e-08 -6.76308197e-05 -4.18793895e-09
1.978504         1.33928099e-06 -1.00427132e-02 -4.32126759e-07 1.39274478e-06 -9.97493184e-03 -4.27839692e-07 -5.34637878e-08 -6.77813594e-05 -4.28706674e-09
1.978993         5.05195108e-07 -9.32543257e-03 -1.87681452e-07 5.57546240e-07 -9.25770779e-03 -1.83333817e-07 -5.23511320e-08 -6.77247811e-05 -4.34763502e-09
1.979483         8.47568328e-07 -6.48275082e-03 -3.09096947e-07 8.98726408e-07 -6.41565692e-03 -3.04684087e-07 -5.11580794e-08 -6.70939026e-05 -4.41285982e-09
1.979973         -1.20596351e-06 -7.17814319e-03 1.06294715e-07 -1.15532965e-06 -7.11140404e-03 1.10622923e-07 -5.06338631e-08 -6.67391557e-05 -4.32820804e-09
1.980462         9.71971360e-06 -9.75369769e-03 -2.04040949e-06 9.76605417e-06 -9.68664971e-03 -2.03544897e-06 -4.63405626e-08 -6.70479813e-05 -4.96051980e-09
1.980952         -1.65070763e-05 -1.03617963e-02 2.68359734e-06 -1.64562427e-05 -1.02944508e-02 2.68758519e-06 -5.08336002e-08 -6.73454133e-05 -3.98785587e-09
1.981442         -2.73793848e-06 -9.62363307e-03 5.07208051e-07 -2.68732423e-06 -9.55617266e-03 5.11064356e-07 -5.06142452e-08 -6.74604145e-05 -3.85630453e-09
1.981932         -4.63512502e-07 -9.40189083e-03 -1.34531078e-07 -4.13796669e-07 -9.33441694e-03 -1.30640644e-07 -4.97158324e-08 -6.74738941e-05 -3.89043365e-09
1.982421         -4.22550990e-06 -9.46482009e-03 6.00798794e-07 -4.17535304e-06 -9.39736568e-03 6.04490886e-07 -5.01568564e-08 -6.74544115e-05 -3.69209175e-09
1.982911         -2.76873832e-06 -8.40116810e-03 4.91310063e-07 -2.71868089e-06 -8.33391450e-03 4.94874264e-07 -5.00574361e-08 -6.72535917e-05 -3.56420110e-09
1.983401         -9.53241451e-07 -8.52776963e-03 1.97516449e-07 -9.03888253e-07 -8.46062797e-03 2.01056667e-07 -4.93531983e-08 -6.71416644e-05 -3.54021778e-09
1.983891         -3.71522142e-07 -8.38989061e-03 7.20612684e-08 -3.23110088e-07 -8.32271751e-03 7.56168932e-08 -4.84120549e-08 -6.71730985e-05 -3.55562476e-09
1.98438          -5.04646498e-06 -8.49241948e-03 1.09293436e-06 -4.99748746e-06 -8.42523218e-03 1.09620089e-06 -4.89775168e-08 -6.71872999e-05 -3.26653669e-09
1.98487          3.75650613e-06 -1.06925642e-02 -5.08644801e-07 3.80310073e-06 -1.06252533e-02 -5.05072189e-07 -4.65946044e-08 -6.73109230e-05 -3.57261204e-09
1.98536          -2.58236480e-06 -1.13867527e-02 6.48498688e-07 -2.53605983e-06 -1.13193266e-02 6.51984404e-07 -4.63049729e-08 -6.74261221e-05 -3.48571621e-09
1.985849         7.82160347e-07 -8.58905586e-03 -1.62021027e-07 8.27056114e-07 -8.52172738e-03 -1.58353502e-07 -4.48957672e-08 -6.73284776e-05 -3.66752411e-09
1.986339         2.26632975e-06 -7.60829024e-03 -5.52921852e-07 2.30932418e-06 -7.54116796e-03 -5.48985617e-07 -4.29944295e-08 -6.71222755e-05 -3.93623518e-09
1.986829         7.74053365e-07 -8.07898660e-03 -2.63324330e-07 8.15673697e-07 -8.01194343e-03 -2.59212705e-07 -4.16203320e-08 -6.70431642e-05 -4.11162483e-09
1.987319         8.90864129e-06 -7.96957332e-03 -2.26267625e-06 8.94639952e-06 -7.90250751e-03 -2.25777662e-06 -3.77582307e-08 -6.70658014e-05 -4.89962638e-09
1.987808         -5.30557320e-06 -8.36460543e-03 1.36560828e-06 -5.26719248e-06 -8.29755338e-03 1.37018636e-06 -3.83807168e-08 -6.70520530e-05 -4.57808245e-09
1.988298         -2.94518752e-07 -1.00332744e-02 5.34397097e-08 -2.57122713e-07 -9.96621320e-03 5.81097975e-08 -3.73960392e-08 -6.70612342e-05 -4.67008780e-09
1.988788         -8.51570175e-07 -9.99843964e-03 2.85243186e-07 -8.15006336e-07 -9.93140121e-03 2.89967868e-07 -3.65638391e-08 -6.70384318e-05 -4.72468191e-09
1.989277         1.56744032e-06 -8.66224268e-03 -2.64387955e-07 1.60238051e-06 -8.59527116e-03 -2.59441797e-07 -3.49401871e-08 -6.69715118e-05 -4.94615855e-09
1.989767         -5.41289836e-07 -7.28811496e-03 1.78379679e-07 -5.07242633e-07 -7.22127075e-03 1.83397497e-07 -3.40472026e-08 -6.68442010e-05 -5.01781788e-09
1.990257         -1.75532312e-06 -9.27270015e-03 5.19662553e-07 -1.72182245e-06 -9.20577179e-03 5.24677814e-07 -3.35006671e-08 -6.69283683e-05 -5.01526063e-09
1.990747         2.54577212e-07 -1.13896724e-02 1.51281520e-07 2.86892319e-07 -1.13223780e-02 1.56421222e-07 -3.23151074e-08 -6.72944309e-05 -5.13970194e-09
1.991236         4.48634321e-08 -9.67114149e-03 1.68958988e-07 7.60348172e-08 -9.60382212e-03 1.74243751e-07 -3.11713851e-08 -6.73193742e-05 -5.28476279e-09
1.991726         -3.79398407e-06 -8.21484634e-03 9.25024353e-07 -3.76274212e-06 -8.14770949e-03 9.30206463e-07 -3.12419493e-08 -6.71368518e-05 -5.18210950e-09
1.992216         -1.25188066e-06 -7.97401200e-03 4.64910241e-07 -1.22139137e-06 -7.90703810e-03 4.70156366e-07 -3.04892958e-08 -6.69739016e-05 -5.24612504e-09
1.992706         -9.09594256e-07 -8.35551505e-03 2.50552509e-07 -8.79947801e-07 -8.28866529e-03 2.55897140e-07 -2.96464546e-08 -6.68497583e-05 -5.34463093e-09
1.993195         -3.27424863e-06 -8.94838815e-03 8.91304369e-07 -3.24463498e-06 -8.88165800e-03 8.96555731e-07 -2.96136512e-08 -6.67301483e-05 -5.25136179e-09
1.993685         -1.92167244e-06 -8.88320052e-03 5.55167739e-07 -1.89250191e-06 -8.81651355e-03 5.60435331e-07 -2.91705253e-08 -6.66869661e-05 -5.26759238e-09
1.994175         -1.75512988e-06 -8.74208596e-03 6.71031691e-07 -1.72639423e-06 -8.67542029e-03 6.76299111e-07 -2.87356544e-08 -6.66656623e-05 -5.26741969e-09
1.994664         -1.42068946e-08 -9.44279290e-03 2.18475537e-07 1.35009096e-08 -9.37607843e-03 2.23900359e-07 -2.77078042e-08 -6.67144691e-05 -5.42482169e-09
1.995154         -2.23382760e-06 -9.45756044e-03 8.37549444e-07 -2.20638088e-06 -9.39082956e-03 8.42944015e-07 -2.74467235e-08 -6.67308744e-05 -5.39457102e-09
1.995644         -1.38206066e-06 -9.73641032e-03 4.29900042e-07 -1.35519893e-06 -9.66958111e-03 4.35378983e-07 -2.68617372e-08 -6.68292050e-05 -5.47894074e-09
1.996134         -5.16801749e-06 -9.92781366e-03 5.98674752e-07 -5.14047876e-06 -9.86071228e-03 6.04018449e-07 -2.75387280e-08 -6.71013770e-05 -5.34369720e-09
1.996623         -1.08670538e-06 -9.51190559e-03 5.04131393e-07 -1.05983882e-06 -9.44462104e-03 5.09592014e-07 -2.68665596e-08 -6.72845539e-05 -5.46062185e-09
1.997113         -8.15551914e-06 -6.97085627e-03 2.01970934e-06 -8.12715255e-06 -6.90391860e-03 2.02482401e-06 -2.83665925e-08 -6.69376683e-05 -5.11466866e-09
1.997603         4.22545077e-06 -7.66332523e-03 -6.28161159e-07 4.25134443e-06 -7.59670548e-03 -6.22534931e-07 -2.58936599e-08 -6.66197534e-05 -5.62622749e-09
1.998092         4.37800809e-06 -9.45774147e-03 -3.69654631e-07 4.40142377e-06 -9.39108639e-03 -3.63499388e-07 -2.34156748e-08 -6.66550796e-05 -6.15524299e-09
1.998582         1.01341551e-07 -1.09425265e-02 3.06451197e-07 1.23683802e-07 -1.08757133e-02 3.12849488e-07 -2.23422513e-08 -6.68131520e-05 -6.39829085e-09
1.999072         -8.76918906e-07 -9.01089465e-03 3.40933296e-07 -8.55353765e-07 -8.94411321e-03 3.47558311e-07 -2.15651407e-08 -6.67814366e-05 -6.62501464e-09
1.999562         1.01188319e-05 -7.49001700e-03 -2.10661776e-06 1.01359773e-05 -7.42343564e-03 -2.09882322e-06 -1.71453743e-08 -6.65813632e-05 -7.79453561e-09
2.000051         1.74628388e-06 -7.64152141e-03 1.30885492e-07 1.76175836e-06 -7.57499188e-03 1.39108470e-07 -1.54744795e-08 -6.65295228e-05 -8.22297768e-09
2.000541         -6.73466960e-07 -9.84016754e-03 3.97513720e-07 -6.58899458e-07 -9.77344876e-03 4.05988080e-07 -1.45675024e-08 -6.67187811e-05 -8.47436011e-09
2.001031         5.99989860e-07 -9.27276869e-03 1.24607925e-07 6.13146521e-07 -9.20596663e-03 1.33476762e-07 -1.31566613e-08 -6.68020635e-05 -8.86883675e-09
2.001521         -1.35990947e-06 -8.45390466e-03 7.42716919e-07 -1.34750730e-06 -8.38726112e-03 7.51811838e-07 -1.24021716e-08 -6.66435422e-05 -9.09491844e-09
2.00201          -1.21891211e-06 -8.28804725e-03 5.89188102e-07 -1.20732468e-06 -8.22161954e-03 5.98560584e-07 -1.15874245e-08 -6.64277053e-05 -9.37248219e-09
2.0025           -3.27279373e-06 -8.57590042e-03 1.20787018e-06 -3.26129750e-06 -8.50953899e-03 1.21730809e-06 -1.14962309e-08 -6.63614315e-05 -9.43791178e-09
2.002978         3.44307897e-07 -7.98696051e-03 1.84815928e-07 3.54584456e-07 -7.92074190e-03 1.94624251e-07 -1.02765589e-08 -6.62186082e-05 -9.80832295e-09
2.003457         -1.17625945e-06 -9.11491025e-03 6.86852644e-07 -1.16679369e-06 -9.04867202e-03 6.96902725e-07 -9.46575785e-09 -6.62382355e-05 -1.00500804e-08
2.003935         -9.80362323e-07 -1.00403961e-02 6.63245207e-07 -9.71758027e-07 -9.97386553e-03 6.73554533e-07 -8.60429641e-09 -6.65305544e-05 -1.03093268e-08
2.004414         -8.31270755e-07 -9.79673622e-03 7.58771961e-07 -8.23669720e-07 -9.73005185e-03 7.69365337e-07 -7.60103426e-09 -6.66843706e-05 -1.05933752e-08
2.004892         -3.43597521e-06 -8.66770802e-03 1.76150965e-06 -3.42869769e-06 -8.60120092e-03 1.77214668e-06 -7.27752559e-09 -6.65071014e-05 -1.06370291e-08
2.005371         -1.64541991e-06 -8.38640888e-03 6.99559277e-07 -1.63898006e-06 -8.32008349e-03 7.10470890e-07 -6.43985231e-09 -6.63253874e-05 -1.09116138e-08
2.005849         1.72557338e-06 -8.63350889e-03 -1.66376124e-07 1.73016102e-06 -8.56724493e-03 -1.54892882e-07 -4.58763878e-09 -6.62639631e-05 -1.14832423e-08
2.006328         -7.16042509e-06 -9.21003849e-03 2.72584716e-06 -7.15483848e-06 -9.14370567e-03 2.73704919e-06 -5.58660590e-09 -6.63328151e-05 -1.12020247e-08
2.006806         -2.73802515e-06 -8.63810570e-03 1.20807902e-06 -2.73292464e-06 -8.57183791e-03 1.21945119e-06 -5.10051245e-09 -6.62677920e-05 -1.13721754e-08
2.007285         -2.17133764e-06 -8.22337733e-03 1.06935742e-06 -2.16692308e-06 -8.15719295e-03 1.08094494e-06 -4.41456059e-09 -6.61843796e-05 -1.15875246e-08
2.007763         -6.17428678e-06 -7.97780584e-03 2.63378219e-06 -6.16945738e-06 -7.91172411e-03 2.64522640e-06 -4.82939897e-09 -6.60817231e-05 -1.14442044e-08
2.008242         7.89228157e-06 -8.37987424e-03 -3.43177376e-06 7.89312202e-06 -8.31380260e-03 -3.41898875e-06 -8.40447912e-10 -6.60716310e-05 -1.27850077e-08
2.00872          -9.71551911e-06 -9.25083227e-03 4.72009571e-06 -9.71271469e-06 -9.18472367e-03 4.73219021e-06 -2.80442115e-09 -6.61085965e-05 -1.20945026e-08
2.009199         -2.86008783e-06 -9.66068502e-03 1.44096193e-06 -2.85779937e-06 -9.59447501e-03 1.45321016e-06 -2.28846459e-09 -6.62100105e-05 -1.22482335e-08
2.009677         -2.56775532e-06 -1.01440699e-02 1.35622377e-06 -2.56611396e-06 -1.00776624e-02 1.36866216e-06 -1.64135846e-09 -6.64074809e-05 -1.24383904e-08
2.010156         -1.12995977e-06 -8.39661340e-03 9.29749617e-07 -1.12945222e-06 -8.33029928e-03 9.42523085e-07 -5.07553629e-10 -6.63141219e-05 -1.27734677e-08
2.010634         -4.23176084e-06 -6.33187908e-03 1.76919447e-06 -4.23138088e-06 -6.26597832e-03 1.78201894e-06 -3.79961313e-10 -6.59007574e-05 -1.28244708e-08
2.011113         -2.56431918e-06 -7.54135549e-03 1.30809619e-06 -2.56462912e-06 -7.47565500e-03 1.32114094e-06 3.09937134e-10 -6.57004876e-05 -1.30447472e-08
2.011598         7.82743858e-06 -9.72479558e-03 -2.16688222e-06 7.82303803e-06 -9.65891864e-03 -2.15251097e-06 4.40055590e-09 -6.58769328e-05 -1.43712542e-08
2.012076         -1.06975909e-05 -9.84259047e-03 3.29721773e-06 -1.07001673e-05 -9.77657739e-03 3.31105582e-06 2.57636845e-09 -6.60130773e-05 -1.38380921e-08
2.012555         -1.39608120e-06 -8.53812478e-03 1.53354392e-06 -1.39962636e-06 -8.47216886e-03 1.54763739e-06 3.54515764e-09 -6.59559190e-05 -1.40934756e-08
2.013033         -1.13171566e-05 -8.36433171e-03 3.86286123e-06 -1.13187147e-05 -8.29841409e-03 3.87632107e-06 1.55811074e-09 -6.59176133e-05 -1.34598421e-08
2.013511         -4.87243548e-06 -8.08407217e-03 2.25344461e-06 -4.87410111e-06 -8.01821113e-03 2.26690154e-06 1.66562550e-09 -6.58610415e-05 -1.34569276e-08
2.01399          -6.93097457e-06 -1.03214116e-02 2.88541191e-06 -6.93206084e-06 -1.02554671e-02 2.89867850e-06 1.08627196e-09 -6.59445302e-05 -1.32665857e-08
2.014468         -5.67121713e-06 -1.00201391e-02 2.52338162e-06 -5.67222595e-06 -9.95422485e-03 2.53659191e-06 1.00882320e-09 -6.59142350e-05 -1.32102891e-08
2.014947         -4.14565068e-06 -8.22685643e-03 2.06870969e-06 -4.14709404e-06 -8.16100326e-03 2.08202632e-06 1.44335712e-09 -6.58531622e-05 -1.33166322e-08
2.015425         -1.96328728e-06 -6.92294415e-03 1.23353780e-06 -1.96584699e-06 -6.85717264e-03 1.24720410e-06 2.55971175e-09 -6.57715073e-05 -1.36662970e-08
2.015904         -5.04785519e-06 -8.83032315e-03 3.12266704e-06 -5.05075825e-06 -8.76462989e-03 3.13628192e-06 2.90306934e-09 -6.56932650e-05 -1.36148782e-08
2.016382         -1.01630485e-06 -9.61106005e-03 6.24789635e-07 -1.02062762e-06 -9.54545351e-03 6.38919019e-07 4.32276859e-09 -6.56065383e-05 -1.41293841e-08
2.01686          2.68178082e-06 -7.57097233e-03 -3.72582588e-07 2.67480038e-06 -7.50551337e-03 -3.57582755e-07 6.98044281e-09 -6.54589628e-05 -1.49998325e-08
2.017346         -2.20399710e-06 -7.00505253e-03 1.40765322e-06 -2.21204613e-06 -6.93967427e-03 1.42299056e-06 8.04903015e-09 -6.53782632e-05 -1.53373422e-08
2.017833         5.20573519e-06 -8.42368759e-03 -1.01908804e-06 5.19423866e-06 -8.35828045e-03 -1.00257651e-06 1.14965359e-08 -6.54071377e-05 -1.65115354e-08
2.018319         -3.87026769e-06 -1.00306439e-02 2.21184487e-06 -3.88235463e-06 -9.96511852e-03 2.22851862e-06 1.20869469e-08 -6.55253756e-05 -1.66737566e-08
2.018805         -1.17653522e-06 -1.00405581e-02 8.85301170e-07 -1.18989174e-06 -9.97496371e-03 9.02413686e-07 1.33565177e-08 -6.55943840e-05 -1.71125161e-08
2.019283         2.63165569e-06 -7.71008893e-03 -5.27264399e-07 2.61568280e-06 -7.64460917e-03 -5.09260750e-07 1.59728942e-08 -6.54797560e-05 -1.80036490e-08
2.019769         -1.22664005e-05 -8.17714080e-03 5.01229464e-06 -1.22799980e-05 -8.11173476e-03 5.02946327e-06 1.35974712e-08 -6.54060339e-05 -1.71686309e-08
2.020255         -6.98160986e-06 -8.36342106e-03 3.19152360e-06 -6.99471280e-06 -8.29800600e-03 3.20850274e-06 1.31029369e-08 -6.54150652e-05 -1.69791345e-08
2.020742         -2.36609822e-06 -9.78873857e-03 1.54483525e-06 -2.38016680e-06 -9.72309722e-03 1.56212562e-06 1.40685846e-08 -6.56413438e-05 -1.72903706e-08
2.021228         -3.74517188e-06 -9.29694963e-03 2.13102789e-06 -3.75977022e-06 -9.23127037e-03 2.14846469e-06 1.45983426e-08 -6.56792626e-05 -1.74368028e-08
2.021714         -6.17670229e-06 -7.34647710e-03 2.94618239e-06 -6.19104108e-06 -7.28118503e-03 2.96349322e-06 1.43387918e-08 -6.52920736e-05 -1.73108301e-08
2.0222           -2.86323826e-08 -7.33627211e-03 7.74969446e-07 -4.46787363e-08 -7.27126682e-03 7.92832784e-07 1.60463537e-08 -6.50052860e-05 -1.78633382e-08
2.022687         -3.18693184e-06 -8.07663242e-03 1.90150816e-06 -3.20352088e-06 -8.01156938e-03 1.91953411e-06 1.65890388e-08 -6.50630329e-05 -1.80259424e-08
2.023173         -2.72289430e-06 -7.92912439e-03 1.67238894e-06 -2.74017342e-06 -7.86395209e-03 1.69064451e-06 1.72791178e-08 -6.51723054e-05 -1.82555638e-08
2.023659         8.90144881e-07 -8.34033097e-03 8.94701337e-07 8.70955329e-07 -8.27515198e-03 9.13547000e-07 1.91895512e-08 -6.51789915e-05 -1.88456626e-08
2.024145         -5.46261450e-06 -9.36897763e-03 2.37515619e-06 -5.48150107e-06 -9.30387382e-03 2.39394654e-06 1.88865689e-08 -6.51038021e-05 -1.87903533e-08
2.024632         -1.29476789e-05 -8.80958107e-03 4.71055926e-06 -1.29637355e-05 -8.74450109e-03 4.72839096e-06 1.60565993e-08 -6.50799757e-05 -1.78317016e-08
2.025118         -3.28247107e-06 -7.88849355e-03 2.06961121e-06 -3.29897193e-06 -7.82354816e-03 2.08756714e-06 1.65008608e-08 -6.49453961e-05 -1.79559258e-08
2.025604         -3.70004257e-06 -7.91661822e-03 2.13249762e-06 -3.71691188e-06 -7.85175438e-03 2.15054540e-06 1.68693101e-08 -6.48638394e-05 -1.80477801e-08
2.02609          -4.90841689e-06 -8.85217305e-03 2.70043035e-06 -4.92517354e-06 -8.78726717e-03 2.71840560e-06 1.67566444e-08 -6.49058812e-05 -1.79752510e-08
2.026577         -4.37537435e-06 -7.73471033e-03 2.39316219e-06 -4.39220248e-06 -7.66986274e-03 2.41114408e-06 1.68281363e-08 -6.48475943e-05 -1.79818840e-08
2.027063         -5.12990286e-06 -9.08607306e-03 3.05206175e-06 -5.14658347e-06 -9.02112961e-03 3.06988363e-06 1.66806183e-08 -6.49434441e-05 -1.78218797e-08
2.027549         -5.06704803e-06 -9.52771914e-03 2.25977171e-06 -5.08355547e-06 -9.46255823e-03 2.27760418e-06 1.65074417e-08 -6.51609081e-05 -1.78324710e-08
2.028036         -3.98836572e-06 -9.12423361e-03 2.18717019e-06 -4.00519121e-06 -9.05906942e-03 2.20509734e-06 1.68254909e-08 -6.51641953e-05 -1.79271506e-08
2.028522         -3.89312645e-06 -7.13107454e-03 2.18496381e-06 -3.91025623e-06 -7.06633387e-03 2.20300165e-06 1.71297791e-08 -6.47406638e-05 -1.80378430e-08
2.029008         -6.81507437e-06 -7.98889988e-03 3.72927760e-06 -6.83169609e-06 -7.92432112e-03 3.74704843e-06 1.66217148e-08 -6.45787560e-05 -1.77708277e-08
2.029494         -3.11692672e-06 -8.02101722e-03 1.95109662e-06 -3.13410928e-06 -7.95644344e-03 1.96908357e-06 1.71825639e-08 -6.45737868e-05 -1.79869480e-08
2.029981         -1.14945253e-06 -7.99672565e-03 1.40870182e-06 -1.16789472e-06 -7.93216939e-03 1.42713617e-06 1.84421898e-08 -6.45562618e-05 -1.84343520e-08
2.030467         -3.11033316e-07 -9.01443505e-03 7.36954833e-07 -3.30936029e-07 -8.94978450e-03 7.55982302e-07 1.99027135e-08 -6.46505461e-05 -1.90274692e-08
2.030953         -6.15593080e-06 -9.05614747e-03 3.36488568e-06 -6.17542947e-06 -8.99140698e-03 3.38372630e-06 1.94986645e-08 -6.47404857e-05 -1.88406199e-08
2.031439         -3.25326906e-06 -8.44914742e-03 1.99744391e-06 -3.27332924e-06 -8.38444992e-03 2.01651926e-06 2.00601799e-08 -6.46974977e-05 -1.90753424e-08
2.031926         -3.30783158e-06 -7.50669316e-03 1.95824485e-06 -3.32854658e-06 -7.44211446e-03 1.97758430e-06 2.07150033e-08 -6.45787010e-05 -1.93394542e-08
2.032412         -8.20444399e-06 -7.50119869e-03 4.56983693e-06 -8.22442889e-06 -7.43674245e-03 4.58876493e-06 1.99849033e-08 -6.44562423e-05 -1.89279972e-08
2.032898         3.42134740e-07 -8.07130029e-03 2.20709776e-07 3.20300840e-07 -8.00698127e-03 2.40436739e-07 2.18338997e-08 -6.43190215e-05 -1.97269630e-08
2.033384         -2.73494563e-06 -9.07212960e-03 1.91248247e-06 -2.75769845e-06 -9.00788602e-03 1.93255247e-06 2.27528239e-08 -6.42435781e-05 -2.00699964e-08
2.033871         -3.26390019e-06 -9.06801797e-03 2.12016129e-06 -3.28731245e-06 -9.00359957e-03 2.14049428e-06 2.34122616e-08 -6.44183959e-05 -2.03329892e-08
2.034357         1.03383059e-05 -8.96642932e-03 -3.16915983e-06 1.03098525e-05 -8.90183209e-03 -3.14677169e-06 2.84533661e-08 -6.45972316e-05 -2.23881445e-08
2.034843         -7.08196666e-06 -7.20597775e-03 2.98209596e-06 -7.10954811e-06 -7.14165414e-03 3.00426552e-06 2.75814495e-08 -6.43236063e-05 -2.21695641e-08
2.03533          -1.69487284e-06 -6.67375495e-03 1.46388590e-06 -1.72356087e-06 -6.60990416e-03 1.48652204e-06 2.86880387e-08 -6.38507813e-05 -2.26361393e-08
2.035816         -1.58540921e-06 -8.56108737e-03 1.33616585e-06 -1.61515974e-06 -8.49722599e-03 1.35926879e-06 2.97505369e-08 -6.38613769e-05 -2.31029420e-08
2.036302         -2.31435132e-06 -9.97098923e-03 1.63931374e-06 -2.34483809e-06 -9.90674929e-03 1.66276132e-06 3.04867712e-08 -6.42399339e-05 -2.34475765e-08
2.036788         -2.44460956e-06 -9.24864123e-03 1.70361050e-06 -2.47580983e-06 -9.18431716e-03 1.72740032e-06 3.12002747e-08 -6.43240644e-05 -2.37898236e-08
2.037275         -2.39995796e-06 -6.49208027e-03 1.79877363e-06 -2.43183795e-06 -6.42802750e-03 1.82287983e-06 3.18799892e-08 -6.40527668e-05 -2.41061940e-08
2.037761         1.67465349e-06 -6.83344214e-03 -4.66647923e-08 1.64086356e-06 -6.76958012e-03 -2.17059162e-08 3.37899283e-08 -6.38620279e-05 -2.49588761e-08
2.038247         -2.86880341e-06 -7.63058068e-03 2.23763600e-06 -2.90303291e-06 -7.56680353e-03 2.26277408e-06 3.42295017e-08 -6.37771489e-05 -2.51380779e-08
2.038733         -6.31377770e-06 -7.25863654e-03 3.66599000e-06 -6.34731972e-06 -7.19497438e-03 3.69082179e-06 3.35420263e-08 -6.36621635e-05 -2.48317914e-08
2.03922          -3.36231764e-06 -7.42889060e-03 2.26133804e-06 -3.39615120e-06 -7.36528568e-03 2.28630921e-06 3.38335603e-08 -6.36049240e-05 -2.49711650e-08
2.039706         -3.06483295e-06 -1.03920982e-02 2.39892386e-06 -3.09910189e-06 -1.03282723e-02 2.42406399e-06 3.42689401e-08 -6.38258982e-05 -2.51401346e-08
2.040192         -5.02125536e-06 -8.64437119e-03 3.06080966e-06 -5.05523922e-06 -8.58060755e-03 3.08583885e-06 3.39838573e-08 -6.37636416e-05 -2.50291898e-08
2.040679         1.21608486e-05 -7.32831871e-03 -4.94619561e-06 1.21219049e-05 -7.26485417e-03 -4.91885609e-06 3.89436361e-08 -6.34645430e-05 -2.73395150e-08
2.041165         -1.51388443e-05 -7.36068596e-03 8.07386685e-06 -1.51741500e-05 -7.29742171e-03 8.09952828e-06 3.53057795e-08 -6.32642485e-05 -2.56614272e-08
2.041651         -5.02254074e-06 -7.20317295e-03 3.10963222e-06 -5.05745027e-06 -7.13992706e-03 3.13512776e-06 3.49095324e-08 -6.32458857e-05 -2.54955395e-08
2.042137         -4.95730565e-06 -6.86794691e-03 3.09842340e-06 -4.99184146e-06 -6.80472855e-03 3.12376736e-06 3.45358069e-08 -6.32183577e-05 -2.53439573e-08
2.042624         -5.69230459e-06 -8.27950829e-03 3.33344959e-06 -5.72626379e-06 -8.21624933e-03 3.35858062e-06 3.39592023e-08 -6.32589610e-05 -2.51310329e-08
2.04311          -6.50713956e-06 -9.63926338e-03 4.03781180e-06 -6.54026877e-06 -9.57588307e-03 4.06255619e-06 3.31292127e-08 -6.33803168e-05 -2.47443954e-08
2.043596         -1.20216249e-06 -8.94552236e-03 1.29928736e-06 -1.23605636e-06 -8.88214332e-03 1.32442408e-06 3.38938697e-08 -6.33790386e-05 -2.51367121e-08
2.044082         -6.36993611e-06 -7.92161494e-03 4.19461744e-06 -6.40293630e-06 -7.85841784e-03 4.21929993e-06 3.30001928e-08 -6.31970968e-05 -2.46824870e-08
2.044569         -8.55923552e-07 -8.70586854e-03 8.74289393e-07 -8.89850420e-07 -8.64272196e-03 8.99489769e-07 3.39268683e-08 -6.31465805e-05 -2.52003759e-08
2.045055         -4.54445458e-06 -7.18071255e-03 3.07750257e-06 -4.57804153e-06 -7.11770508e-03 3.10257483e-06 3.35869480e-08 -6.30074768e-05 -2.50722641e-08
2.045541         -8.76206466e-06 -7.18762353e-03 5.03221373e-06 -8.79404509e-06 -7.12472907e-03 5.05656451e-06 3.19804325e-08 -6.28944614e-05 -2.43507792e-08
2.046027         2.04346449e-08 -7.39962204e-03 8.82929600e-07 -1.27025060e-08 -7.33678329e-03 9.07832834e-07 3.31371509e-08 -6.28387471e-05 -2.49032338e-08
2.046514         -1.75408552e-06 -7.43763156e-03 1.76966184e-06 -1.78778920e-06 -7.37478851e-03 1.79484058e-06 3.37036824e-08 -6.28430486e-05 -2.51787405e-08
2.047            -1.21970420e-06 -7.05571366e-03 1.66949310e-06 -1.25414223e-06 -6.99305158e-03 1.69498381e-06 3.44380332e-08 -6.26620762e-05 -2.54907093e-08
2.0475           1.30885307e-06 -7.05933893e-03 -1.90918607e-06 1.27326357e-06 -6.99694334e-03 -1.88270391e-06 3.55895048e-08 -6.23955932e-05 -2.64821599e-08
2.048            -1.78679823e-05 -7.60689759e-03 1.13911771e-05 -1.78990758e-05 -7.54462472e-03 1.14151360e-05 3.10935130e-08 -6.22728684e-05 -2.39588633e-08
2.0485           -5.88387578e-06 -7.91160409e-03 3.92874966e-06 -5.91408948e-06 -7.84943530e-03 3.95227998e-06 3.02136935e-08 -6.21687869e-05 -2.35303204e-08
2.049            -3.55298936e-06 -8.29466476e-03 2.68245806e-06 -3.58315695e-06 -8.23252364e-03 2.70596001e-06 3.01675914e-08 -6.21411271e-05 -2.35019473e-08
2.0495           -4.59259434e-06 -8.85958501e-03 3.25056863e-06 -4.62229663e-06 -8.79709936e-03 3.27385725e-06 2.97022917e-08 -6.24856512e-05 -2.32886194e-08
2.05             -3.21680655e-06 -8.87441724e-03 2.74442342e-06 -3.24661064e-06 -8.81163136e-03 2.76773875e-06 2.98040899e-08 -6.27858748e-05 -2.33153324e-08
2.0505           -3.73575895e-06 -7.24977221e-03 2.74394986e-06 -3.76542116e-06 -7.18739018e-03 2.76721614e-06 2.96622060e-08 -6.23820202e-05 -2.32662880e-08
2.051            -4.53584755e-06 -6.45513247e-03 3.13276656e-06 -4.56508815e-06 -6.39329946e-03 3.15585669e-06 2.92406076e-08 -6.18330146e-05 -2.30901305e-08
2.0515           -3.25408312e-06 -7.21388665e-03 2.59190569e-06 -3.28332422e-06 -7.15219642e-03 2.61500926e-06 2.92411006e-08 -6.16902309e-05 -2.31035689e-08
2.052            -3.34570317e-05 -6.34910168e-03 1.76414987e-05 -3.34765041e-05 -6.28754725e-03 1.76599210e-05 1.94723896e-08 -6.15544254e-05 -1.84223428e-08
2.0525           1.41969849e-05 -7.18536187e-03 -6.54791579e-06 1.41719103e-05 -7.12380343e-03 -6.52673164e-06 2.50746640e-08 -6.15584366e-05 -2.11841521e-08
2.053006         3.72401995e-06 -8.53278513e-03 -4.49802877e-07 3.69654473e-06 -8.47097385e-03 -4.27524313e-07 2.74752220e-08 -6.18112755e-05 -2.22785631e-08
2.053506         -2.93402940e-06 -7.51073209e-03 2.49578951e-06 -2.96154739e-06 -7.44891464e-03 2.51809201e-06 2.75179864e-08 -6.18174484e-05 -2.23024975e-08
2.054006         -3.10987850e-06 -8.23747169e-03 2.60858189e-06 -3.13739084e-06 -8.17572608e-03 2.63091123e-06 2.75123389e-08 -6.17456105e-05 -2.23293409e-08
2.054506         -2.54077182e-06 -7.65861136e-03 2.48139161e-06 -2.56849126e-06 -7.59695997e-03 2.50382084e-06 2.77194480e-08 -6.16513864e-05 -2.24292305e-08
2.055006         -3.62380879e-06 -4.99699148e-03 2.86437511e-06 -3.65133797e-06 -4.93580887e-03 2.88672830e-06 2.75291839e-08 -6.11826114e-05 -2.23531866e-08
2.055513         -2.77021498e-06 -4.15362566e-03 2.17702225e-06 -2.79790199e-06 -4.09292358e-03 2.19947468e-06 2.76870068e-08 -6.07020713e-05 -2.24524344e-08
2.05602          -5.18113008e-06 -8.82506584e-03 3.78265752e-06 -5.20805393e-06 -8.76429718e-03 3.80472979e-06 2.69238576e-08 -6.07686683e-05 -2.20722773e-08
2.056527         -4.22167561e-06 -1.11796501e-02 3.25446720e-06 -4.24821607e-06 -1.11186263e-02 3.27634997e-06 2.65404598e-08 -6.10238230e-05 -2.18827731e-08
2.057034         -9.76124994e-06 -7.02930037e-03 5.44708972e-06 -9.78539656e-06 -6.96849552e-03 5.46783931e-06 2.41466221e-08 -6.08048516e-05 -2.07495898e-08
2.05754          -4.76823334e-06 -3.65720170e-03 3.38673866e-06 -4.79170271e-06 -3.59689872e-03 3.40716185e-06 2.34693668e-08 -6.03029743e-05 -2.04231870e-08
2.058047         -4.93112061e-06 -6.65336272e-03 3.37422047e-06 -4.95394044e-06 -6.59307389e-03 3.39433267e-06 2.28198305e-08 -6.02888295e-05 -2.01122016e-08
2.058554         -5.39784735e-06 -1.06994020e-02 3.93988214e-06 -5.41993932e-06 -1.06387201e-02 3.95959501e-06 2.20919755e-08 -6.06819029e-05 -1.97128657e-08
2.059061         -2.57582739e-06 -8.29574480e-03 2.25957883e-06 -2.59810725e-06 -8.23508914e-03 2.27939156e-06 2.22798646e-08 -6.06556633e-05 -1.98127224e-08
2.059568         -6.64368310e-06 -4.59733989e-03 4.53465579e-06 -6.66471833e-06 -4.53732862e-03 4.55379420e-06 2.10352353e-08 -6.00112611e-05 -1.91384064e-08
2.060083         -3.60345755e-06 -4.83978325e-03 3.03256944e-06 -3.62424413e-06 -4.78022377e-03 3.05155631e-06 2.07865837e-08 -5.95594851e-05 -1.89868733e-08
2.060598         -5.36364082e-06 -8.58245324e-03 3.22338082e-06 -5.38339676e-06 -8.52257161e-03 3.24196271e-06 1.97559416e-08 -5.98816329e-05 -1.85818880e-08
2.061113         4.87041916e-07 -9.09075830e-03 1.17002285e-06 4.66082006e-07 -9.03057581e-03 1.18912948e-06 2.09599097e-08 -6.01824949e-05 -1.91066296e-08
2.061628         -5.33869910e-06 -6.81640224e-03 3.95951293e-06 -5.35869980e-06 -6.75647822e-03 3.97809755e-06 2.00006954e-08 -5.99240186e-05 -1.85846167e-08
2.062143         -3.83935427e-06 -6.26359291e-03 3.14166632e-06 -3.85897659e-06 -6.20395247e-03 3.16001263e-06 1.96223218e-08 -5.96404370e-05 -1.83463109e-08
2.062658         1.93105176e-05 -6.30857782e-03 -8.34113195e-06 1.92838331e-05 -6.24920381e-03 -8.31923594e-06 2.66844906e-08 -5.93740025e-05 -2.18960089e-08
2.063173         -2.17744540e-05 -6.03825208e-03 1.21945685e-05 -2.17946586e-05 -5.97921304e-03 1.22131200e-05 2.02046465e-08 -5.90390370e-05 -1.85515715e-08
2.063688         -3.45596700e-06 -7.24877781e-03 2.85317167e-06 -3.47600365e-06 -7.18976826e-03 2.87160980e-06 2.00366537e-08 -5.90095463e-05 -1.84381326e-08
2.064203         -5.61961474e-06 -8.02724297e-03 4.12526364e-06 -5.63864286e-06 -7.96807399e-03 4.14315143e-06 1.90281199e-08 -5.91689812e-05 -1.78877978e-08
2.064718         -4.24145377e-06 -7.23729250e-03 2.96240624e-06 -4.25990248e-06 -7.17818996e-03 2.98001736e-06 1.84487110e-08 -5.91025487e-05 -1.76111158e-08
2.065233         -2.13250033e-06 -6.00724000e-03 2.14254968e-06 -2.15108955e-06 -5.94856181e-03 2.16022161e-06 1.85892229e-08 -5.86781854e-05 -1.76719326e-08
2.065759         -4.26192595e-06 -6.84881286e-03 3.56840401e-06 -4.27994648e-06 -6.79033477e-03 3.58568531e-06 1.80205231e-08 -5.84780898e-05 -1.72813043e-08
2.066284         -4.92552414e-06 -7.38342305e-03 3.80542383e-06 -4.94271423e-06 -7.32492156e-03 3.82219197e-06 1.71900881e-08 -5.85014879e-05 -1.67681486e-08
2.066809         -3.83394222e-06 -6.60264455e-03 2.91866888e-06 -3.85069582e-06 -6.54424141e-03 2.93517170e-06 1.67536063e-08 -5.84031432e-05 -1.65028179e-08
2.067335         8.44274655e-06 -6.37230165e-03 -4.58585850e-06 8.42232571e-06 -6.31395684e-03 -4.56718277e-06 2.04208368e-08 -5.83448102e-05 -1.86757218e-08
2.06786          -1.98072955e-05 -6.75628592e-03 1.32226243e-05 -1.98217259e-05 -6.69797208e-03 1.32377134e-05 1.44303337e-08 -5.83138449e-05 -1.50891437e-08
2.068385         -3.85125327e-06 -5.84646145e-03 3.02089656e-06 -3.86534955e-06 -5.78845308e-03 3.03575588e-06 1.40962795e-08 -5.80083699e-05 -1.48593205e-08
2.068911         -2.73339242e-06 -5.72417139e-03 2.53440837e-06 -2.74740960e-06 -5.66644471e-03 2.54916160e-06 1.40171806e-08 -5.77266863e-05 -1.47532343e-08
2.069436         -1.22766984e-06 -5.38188570e-03 1.78931060e-06 -1.24218245e-06 -5.32437480e-03 1.80425692e-06 1.45126083e-08 -5.75109087e-05 -1.49463238e-08
2.069961         -2.59758411e-06 -5.34553210e-03 2.45944225e-06 -2.61202564e-06 -5.28818665e-03 2.47430723e-06 1.44415289e-08 -5.73454565e-05 -1.48649837e-08
2.070487         -3.11984996e-06 -7.59440481e-03 2.67386838e-06 -3.13401438e-06 -7.53712526e-03 2.68855348e-06 1.41644163e-08 -5.72795449e-05 -1.46850958e-08
2.071012         -4.06808128e-06 -7.39989157e-03 3.32646828e-06 -4.08169296e-06 -7.34273765e-03 3.34078543e-06 1.36116815e-08 -5.71539174e-05 -1.43171520e-08
2.071537         -3.51906603e-06 -6.94866343e-03 2.94821804e-06 -3.53231328e-06 -6.89162581e-03 2.96228844e-06 1.32472500e-08 -5.70376172e-05 -1.40704060e-08
2.072063         -3.14602579e-06 -7.31026430e-03 2.51209360e-06 -3.15897536e-06 -7.25330428e-03 2.52600086e-06 1.29495678e-08 -5.69600209e-05 -1.39072507e-08
2.072588         -1.05268467e-06 -5.77332357e-03 1.51439295e-06 -1.06612546e-06 -5.71649621e-03 1.52852972e-06 1.34407835e-08 -5.68273546e-05 -1.41367680e-08
2.073128         -9.33389659e-06 -7.38637898e-03 7.71638468e-06 -9.34477006e-06 -7.32954076e-03 7.72876594e-06 1.08734702e-08 -5.68382166e-05 -1.23812561e-08
2.073669         9.07778842e-07 -6.53885809e-03 -8.33794287e-07 8.95568555e-07 -6.48218841e-03 -8.20486103e-07 1.22102865e-08 -5.66696804e-05 -1.33081835e-08
2.074209         4.58994464e-07 -4.43457102e-03 -9.87943414e-07 4.45763810e-07 -4.37823732e-03 -9.73849797e-07 1.32306536e-08 -5.63337001e-05 -1.40936166e-08
2.074749         -4.62998095e-06 -5.50263437e-03 3.69754190e-06 -4.64235253e-06 -5.44651542e-03 3.71108734e-06 1.23715858e-08 -5.61189538e-05 -1.35454449e-08
2.07529          -2.42334852e-07 -5.64338669e-03 5.23717581e-07 -2.55396669e-07 -5.58752936e-03 5.37698221e-07 1.30618161e-08 -5.58573303e-05 -1.39806402e-08
2.07583          1.36322472e-06 -5.88735065e-03 -1.77430823e-07 1.34892985e-06 -5.83169873e-03 -1.62712908e-07 1.42948708e-08 -5.56519153e-05 -1.47179151e-08
2.07637          -5.04533007e-06 -6.69397192e-03 3.88651750e-06 -5.05851326e-06 -6.63836143e-03 3.90051728e-06 1.31831905e-08 -5.56104911e-05 -1.39997787e-08
2.076911         -2.35004837e-06 -6.50010165e-03 2.30035425e-06 -2.36306493e-06 -6.44459584e-03 2.31420496e-06 1.30165584e-08 -5.55058067e-05 -1.38507034e-08
2.077451         -5.79730076e-06 -5.95956083e-03 4.26006999e-06 -5.80887161e-06 -5.90428860e-03 4.27301692e-06 1.15708552e-08 -5.52722325e-05 -1.29469294e-08
2.077991         -1.01465875e-06 -6.83997360e-03 1.37096570e-06 -1.02655664e-06 -6.78476367e-03 1.38406094e-06 1.18978909e-08 -5.52099301e-05 -1.30952364e-08
2.078532         -1.33555570e-06 -6.65797170e-03 1.85569966e-06 -1.34760872e-06 -6.60267582e-03 1.86883648e-06 1.20530249e-08 -5.52958740e-05 -1.31368210e-08
2.079072         -9.91854616e-07 -6.30792569e-03 1.36950100e-06 -1.00411302e-06 -6.25265606e-03 1.38273193e-06 1.22584052e-08 -5.52696332e-05 -1.32309308e-08
2.079612         -2.65505103e-06 -5.07096022e-03 2.49405691e-06 -2.66692561e-06 -5.01601602e-03 2.50701267e-06 1.18745807e-08 -5.49442004e-05 -1.29557687e-08
2.080153         -4.21811837e-06 -5.57701795e-03 3.50298359e-06 -4.22905371e-06 -5.52233426e-03 3.51530173e-06 1.09353433e-08 -5.46836839e-05 -1.23181440e-08
2.080693         -2.75161841e-06 -4.72040581e-03 2.77932941e-06 -2.76214626e-06 -4.66612119e-03 2.79131904e-06 1.05278438e-08 -5.42846220e-05 -1.19896385e-08
2.081262         -2.57957485e-06 -4.73211324e-03 2.68804463e-06 -2.58974701e-06 -4.67816679e-03 2.69974176e-06 1.01721579e-08 -5.39464518e-05 -1.16971247e-08
2.081831         -2.18434872e-06 -7.88045544e-03 2.37096458e-06 -2.19433377e-06 -7.82626221e-03 2.38248576e-06 9.98504616e-09 -5.41932346e-05 -1.15211867e-08
2.082399         -1.63833974e-06 -6.74311410e-03 2.08019560e-06 -1.64831846e-06 -6.68892415e-03 2.09164067e-06 9.97872606e-09 -5.41899443e-05 -1.14450639e-08
2.082968         3.73963586e-07 -3.94568137e-03 6.88323272e-07 3.63248012e-07 -3.89184621e-03 7.00140094e-07 1.07155731e-08 -5.38351579e-05 -1.18168230e-08
2.083537         -1.53998384e-06 -4.50196175e-03 1.88981115e-06 -1.55069672e-06 -4.44835712e-03 1.90156542e-06 1.07128845e-08 -5.36046325e-05 -1.17542700e-08
2.084106         -3.52406853e-06 -5.78050699e-03 3.16718665e-06 -3.53406173e-06 -5.72706690e-03 3.17843061e-06 9.99319718e-09 -5.34400916e-05 -1.12439609e-08
2.084675         -3.36335255e-06 -5.18841983e-03 2.94652079e-06 -3.37267588e-06 -5.13519244e-03 2.95728148e-06 9.32332906e-09 -5.32273880e-05 -1.07606893e-08
2.085243         -1.91298675e-06 -4.08809859e-03 2.03836345e-06 -1.92216374e-06 -4.03529047e-03 2.04898160e-06 9.17698574e-09 -5.28081201e-05 -1.06181536e-08
2.085812         -3.48597939e-06 -4.93794884e-03 3.14913273e-06 -3.49438696e-06 -4.88541089e-03 3.15921665e-06 8.40757297e-09 -5.25379519e-05 -1.00839157e-08
2.086381         -2.66284814e-06 -6.28287933e-03 2.45480091e-06 -2.67083545e-06 -6.23031469e-03 2.46459986e-06 7.98730832e-09 -5.25646451e-05 -9.79895106e-09
2.08695          -1.67353963e-06 -5.95343013e-03 1.75992560e-06 -1.68148571e-06 -5.90095578e-03 1.76968825e-06 7.94608480e-09 -5.24743424e-05 -9.76264937e-09
2.087519         -2.01143086e-06 -5.70127938e-03 2.13798909e-06 -2.01920639e-06 -5.64904826e-03 2.14761138e-06 7.77552377e-09 -5.22311227e-05 -9.62228810e-09
2.088087         -1.62064498e-06 -5.73458772e-03 1.86404781e-06 -1.62837379e-06 -5.68246489e-03 1.87361823e-06 7.72880593e-09 -5.21228356e-05 -9.57041564e-09
2.088656         1.84722778e-06 -6.95399342e-03 -4.30982523e-07 1.83834425e-06 -6.90160863e-03 -4.20705426e-07 8.88352829e-09 -5.23847902e-05 -1.02770970e-08
2.089225         -3.43219884e-06 -5.66902596e-03 3.17429516e-06 -3.44029987e-06 -5.61679854e-03 3.18407574e-06 8.10103415e-09 -5.22274219e-05 -9.78057863e-09
2.089794         -2.11366061e-06 -3.98840967e-03 2.20720528e-06 -2.12145843e-06 -3.93689513e-03 2.21679223e-06 7.79781760e-09 -5.15145422e-05 -9.58695194e-09
2.090362         -2.89285458e-06 -4.48086852e-03 2.77848011e-06 -2.90004567e-06 -4.42964077e-03 2.78765449e-06 7.19108948e-09 -5.12277510e-05 -9.17437857e-09
2.090931         -1.84257422e-06 -5.58579302e-03 1.97132705e-06 -1.84958338e-06 -5.53448789e-03 1.98039590e-06 7.00915527e-09 -5.13051347e-05 -9.06885354e-09
2.0915           -2.76362092e-06 -5.32292064e-03 2.72208744e-06 -2.77013280e-06 -5.27169786e-03 2.73082277e-06 6.51187813e-09 -5.12227814e-05 -8.73532970e-09
2.092063         -7.30361383e-06 -5.68005316e-03 5.24215731e-06 -7.30789098e-06 -5.62890962e-03 5.24950900e-06 4.27715398e-09 -5.11435422e-05 -7.35169356e-09
2.092627         -1.43509859e-06 -4.62440599e-03 1.84159224e-06 -1.43940070e-06 -4.57349325e-03 1.84896484e-06 4.30210469e-09 -5.09127365e-05 -7.37260602e-09
2.09319          -2.09523224e-06 -4.61483538e-03 2.26794566e-06 -2.09926733e-06 -4.56418401e-03 2.27515599e-06 4.03508917e-09 -5.06513779e-05 -7.21033669e-09
2.093753         2.95446358e-07 -4.60552915e-03 4.19122965e-07 2.90811408e-07 -4.55513475e-03 4.26790055e-07 4.63494995e-09 -5.03944033e-05 -7.66708967e-09
2.094316         -1.39535145e-06 -2.97052934e-03 1.67139186e-06 -1.39992508e-06 -2.92063412e-03 1.67904388e-06 4.57363208e-09 -4.98952210e-05 -7.65202500e-09
2.09488          -5.72883748e-07 -4.52950998e-03 1.12851641e-06 -5.77765568e-07 -4.47974891e-03 1.13639195e-06 4.88182036e-09 -4.97610728e-05 -7.87553534e-09
2.095451         -3.58399505e-06 -6.23454851e-03 2.85460898e-06 -3.58800455e-06 -6.18451980e-03 2.86199353e-06 4.00950123e-09 -5.00287130e-05 -7.38454951e-09
2.096022         1.98851283e-06 -4.55548527e-03 -2.62619064e-07 1.98312308e-06 -4.50568514e-03 -2.54354126e-07 5.38975415e-09 -4.98001225e-05 -8.26493737e-09
2.096593         -1.60397388e-06 -4.78662259e-03 1.80377444e-06 -1.60924648e-06 -4.73722940e-03 1.81199995e-06 5.27260028e-09 -4.93931978e-05 -8.22551234e-09
2.097156         -5.34637439e-06 -5.14737827e-03 4.55493149e-06 -5.35007821e-06 -5.09819823e-03 4.56212337e-06 3.70382441e-09 -4.91800484e-05 -7.19188410e-09
2.097719         -4.54423003e-06 -4.63011836e-03 4.27552957e-06 -4.54679269e-06 -4.58115766e-03 4.28188913e-06 2.56266601e-09 -4.89607043e-05 -6.35955538e-09
2.098282         1.23741463e-05 -3.68877923e-03 -8.38911090e-06 1.23666715e-05 -3.64001924e-03 -8.37921793e-06 7.47482021e-09 -4.87599830e-05 -9.89296058e-09
2.098837         -1.30669731e-05 -3.39000997e-03 1.01334455e-05 -1.30702784e-05 -3.34142425e-03 1.01403777e-05 3.30533694e-09 -4.85857185e-05 -6.93220747e-09
2.099391         2.78033144e-06 -4.13753527e-03 -1.58177286e-06 2.77534287e-06 -4.08912872e-03 -1.57362617e-06 4.98856423e-09 -4.84065506e-05 -8.14669552e-09
2.099946         1.75113542e-06 -3.82565450e-03 -4.49424428e-07 1.74501270e-06 -3.77753858e-03 -4.40470320e-07 6.12272221e-09 -4.81159140e-05 -8.95410828e-09
2.100501         2.30395388e-06 -5.11941677e-03 -8.79530386e-07 2.29653538e-06 -5.07131600e-03 -8.69615918e-07 7.41849924e-09 -4.81007643e-05 -9.91446794e-09
2.101055         1.96248508e-06 -5.96547754e-03 -4.40642873e-07 1.95388709e-06 -5.91722429e-03 -4.29894039e-07 8.59798772e-09 -4.82532468e-05 -1.07488335e-08
2.10161          2.05789545e-06 -3.89933354e-03 -8.76136046e-07 2.04817168e-06 -3.85148299e-03 -8.64526023e-07 9.72376663e-09 -4.78505446e-05 -1.16100226e-08
2.102165         4.68033771e-07 -2.87064362e-03 3.08217266e-07 4.57796905e-07 -2.82341230e-03 3.20246734e-07 1.02368663e-08 -4.72313209e-05 -1.20294676e-08
2.102719         -2.83252157e-07 -3.01703951e-03 6.81279150e-07 -2.93732516e-07 -2.97009301e-03 6.93565494e-07 1.04803589e-08 -4.69465014e-05 -1.22863434e-08
2.103274         -1.84563200e-06 -2.54021971e-03 2.01985228e-06 -1.85582351e-06 -2.49347396e-03 2.03197561e-06 1.01915127e-08 -4.67457527e-05 -1.21233393e-08
2.103829         -1.28144225e-06 -5.19300311e-03 1.36422476e-06 -1.29145487e-06 -5.14622241e-03 1.37631975e-06 1.00126134e-08 -4.67807047e-05 -1.20949915e-08
2.104383         -2.94945994e-06 -5.89696943e-03 2.40847069e-06 -2.95877348e-06 -5.85012074e-03 2.42020316e-06 9.31353876e-09 -4.68486903e-05 -1.17324717e-08
2.104938         1.70636950e-06 -3.54994593e-03 -7.67271418e-07 1.69608567e-06 -3.50339912e-03 -7.54781470e-07 1.02838336e-08 -4.65468181e-05 -1.24899484e-08
2.105493         -8.36276585e-06 -2.47056312e-03 5.60329045e-06 -8.37016182e-06 -2.42450012e-03 5.61397174e-06 7.39596796e-09 -4.60629930e-05 -1.06812852e-08
2.106058         4.11274419e-06 -4.46995329e-03 -1.59885346e-06 4.10325243e-06 -4.42386343e-03 -1.58680721e-06 9.49176500e-09 -4.60898534e-05 -1.20462473e-08
2.106623         -3.77751794e-06 -6.07050440e-03 3.70676320e-06 -3.78607585e-06 -6.02406550e-03 3.71808745e-06 8.55790765e-09 -4.64389044e-05 -1.13242505e-08
2.107188         5.40102645e-07 -3.49808034e-03 4.22285387e-08 5.30971653e-07 -3.45204012e-03 5.40305229e-08 9.13099294e-09 -4.60402179e-05 -1.18019842e-08
2.107753         1.52767653e-08 -1.88057539e-03 5.90536412e-07 5.75237942e-09 -1.83527896e-03 6.02633618e-07 9.52438583e-09 -4.52964256e-05 -1.20972062e-08
2.108318         5.08134103e-07 -3.99727794e-03 3.71584764e-07 4.98039737e-07 -3.95214638e-03 3.84109048e-07 1.00943663e-08 -4.51315580e-05 -1.25242834e-08
2.108882         6.01703565e-06 -4.67873482e-03 -4.18410547e-06 6.00443637e-06 -4.63358686e-03 -4.16964591e-06 1.25992872e-08 -4.51479647e-05 -1.44595632e-08
2.109447         -1.20236029e-05 -3.54064318e-03 1.00393329e-05 -1.20320840e-05 -3.49570287e-03 1.00507016e-05 8.48109691e-09 -4.49403106e-05 -1.13687191e-08
2.110012         -9.69102506e-07 -3.81896795e-03 1.47568848e-06 -9.77712189e-07 -3.77421508e-03 1.48711587e-06 8.60968311e-09 -4.47528711e-05 -1.14273868e-08
2.110577         2.92090209e-07 -3.65046386e-03 2.55503001e-07 2.82838782e-07 -3.60593394e-03 2.67405925e-07 9.25142647e-09 -4.45299159e-05 -1.19029236e-08
2.111142         -1.07342240e-06 -3.35773639e-03 1.59904869e-06 -1.08277428e-06 -3.31348207e-03 1.61098081e-06 9.35188488e-09 -4.42543178e-05 -1.19321240e-08
2.111707         1.16838328e-06 -4.02455409e-03 -3.24216347e-07 1.15815510e-06 -3.98029226e-03 -3.11618617e-07 1.02281778e-08 -4.42618271e-05 -1.25977292e-08
2.112272         -1.41887312e-06 -4.32717196e-03 1.63561887e-06 -1.42904504e-06 -4.28279953e-03 1.64817565e-06 1.01719223e-08 -4.43724341e-05 -1.25567805e-08
2.112837         -1.69838050e-06 -3.30412815e-03 1.84030134e-06 -1.70842501e-06 -3.26014312e-03 1.85276000e-06 1.00445123e-08 -4.39850299e-05 -1.24586518e-08
2.113402         -7.01423658e-07 -2.97526041e-03 1.08098386e-06 -7.11723265e-07 -2.93176532e-03 1.09362836e-06 1.02996067e-08 -4.34950882e-05 -1.26444978e-08
2.113967         2.53250708e-06 -3.37337244e-03 -1.45614529e-06 2.52058102e-06 -3.33008347e-03 -1.44230335e-06 1.19260641e-08 -4.32889738e-05 -1.38419427e-08
2.114532         -4.60989503e-06 -2.88066204e-03 3.94826513e-06 -4.62045335e-06 -2.83764170e-03 3.96111988e-06 1.05583231e-08 -4.30203438e-05 -1.28547471e-08
2.115097         -1.46190226e-06 -2.39973667e-03 1.53614696e-06 -1.47245446e-06 -2.35693424e-03 1.54900662e-06 1.05521993e-08 -4.28024347e-05 -1.28596630e-08
2.115662         -1.17902083e-06 -2.32978051e-03 1.30505231e-06 -1.18973279e-06 -2.28714941e-03 1.31803669e-06 1.07119594e-08 -4.26310960e-05 -1.29843814e-08
2.116227         4.38980078e-06 -4.01334557e-03 -3.04894548e-06 4.37667575e-06 -3.97087447e-03 -3.03415496e-06 1.31250312e-08 -4.24711013e-05 -1.47905145e-08
2.116792         -1.56871214e-07 -4.25219082e-03 5.64430906e-07 -1.70536505e-07 -4.20990959e-03 5.79629862e-07 1.36652917e-08 -4.22812307e-05 -1.51989555e-08
2.117357         -1.60934937e-06 -2.90568013e-03 1.59651740e-06 -1.62302285e-06 -2.86368952e-03 1.61173217e-06 1.36734837e-08 -4.19906147e-05 -1.52147776e-08
2.117922         -1.05957460e-06 -2.60272423e-03 9.99933532e-07 -1.07351075e-06 -2.56102828e-03 1.01538776e-06 1.39361480e-08 -4.16959471e-05 -1.54542261e-08
2.118487         -2.07853456e-06 -1.91277346e-03 1.89842455e-06 -2.09232788e-06 -1.87129655e-03 1.91377256e-06 1.37933235e-08 -4.14769111e-05 -1.53480110e-08
2.119052         -2.35351582e-06 -1.91366584e-03 2.17588103e-06 -2.36712031e-06 -1.87237983e-03 2.19107169e-06 1.36044870e-08 -4.12860063e-05 -1.51906627e-08
2.119616         -9.78620989e-07 -3.51848780e-03 1.14207538e-06 -9.92605595e-07 -3.47740841e-03 1.15755211e-06 1.39846065e-08 -4.10793846e-05 -1.54767241e-08
2.120181         -2.27024613e-06 -3.52769119e-03 2.09327323e-06 -2.28416597e-06 -3.48689151e-03 2.10868551e-06 1.39198374e-08 -4.07996874e-05 -1.54122771e-08
2.120746         -1.00143227e-06 -1.10153431e-03 9.77338590e-07 -1.01573504e-06 -1.06123514e-03 9.93040735e-07 1.43027668e-08 -4.02991699e-05 -1.57021450e-08
2.121311         -1.52008933e-06 -1.18605491e-03 1.44686549e-06 -1.53459709e-06 -1.14615976e-03 1.46269054e-06 1.45077568e-08 -3.98951449e-05 -1.58250538e-08
2.121876         -2.88639328e-06 -4.52112348e-03 2.52900497e-06 -2.90060795e-06 -4.48107637e-03 2.54456487e-06 1.42146690e-08 -4.00471102e-05 -1.55598989e-08
2.122441         -1.64899872e-06 -4.02344127e-03 1.41622149e-06 -1.66342188e-06 -3.98338896e-03 1.43191729e-06 1.44231640e-08 -4.00523056e-05 -1.56958001e-08
2.123006         -4.24525491e-06 -2.83804751e-03 3.82391265e-06 -4.25899787e-06 -2.79804947e-03 3.83894668e-06 1.37429631e-08 -3.99980346e-05 -1.50340357e-08
2.123571         -4.53592332e-07 -2.58243216e-03 4.12971919e-07 -4.68038722e-07 -2.54255087e-03 4.28497050e-07 1.44463899e-08 -3.98812954e-05 -1.55251317e-08
2.124136         -1.85006982e-06 -3.49445967e-04 1.58490367e-06 -1.86462079e-06 -3.10368188e-04 1.60045767e-06 1.45509682e-08 -3.90777791e-05 -1.55539978e-08
2.124701         -1.90245395e-07 -1.25168110e-03 2.08522485e-07 -2.05497972e-07 -1.21312295e-03 2.24584540e-07 1.52525761e-08 -3.85581505e-05 -1.60620553e-08
2.125266         -1.07231615e-06 -4.27648719e-03 9.73761797e-07 -1.08794723e-06 -4.23772938e-03 9.90054372e-07 1.56310788e-08 -3.87578056e-05 -1.62925753e-08
2.125831         -1.67889843e-06 -3.38713631e-03 1.38097500e-06 -1.69466372e-06 -3.34840432e-03 1.39732105e-06 1.57652934e-08 -3.87319872e-05 -1.63460512e-08
2.126396         -2.64480304e-06 -1.86459878e-03 1.91097853e-06 -2.66032708e-06 -1.82619244e-03 1.92710544e-06 1.55240473e-08 -3.84063303e-05 -1.61269075e-08
2.126961         -1.74107490e-06 -2.19371173e-03 1.07585946e-06 -1.75667878e-06 -2.15556277e-03 1.09205800e-06 1.56038816e-08 -3.81489621e-05 -1.61985446e-08
2.127526         -1.77064290e-06 -5.26547576e-04 1.56712242e-06 -1.78638488e-06 -4.88902430e-04 1.58331677e-06 1.57419789e-08 -3.76451462e-05 -1.61943499e-08
2.128091         -1.55936558e-06 -1.34900236e-03 1.30586216e-06 -1.57531696e-06 -1.31166300e-03 1.32211936e-06 1.59513743e-08 -3.73393568e-05 -1.62571983e-08
2.128656         -1.83234885e-06 -4.18818105e-03 1.59521456e-06 -1.84832420e-06 -4.15065733e-03 1.61138867e-06 1.59753436e-08 -3.75237211e-05 -1.61741069e-08
2.129221         -1.28998252e-06 -3.08001656e-03 1.06042308e-06 -1.30617329e-06 -3.04254248e-03 1.07668177e-06 1.61907708e-08 -3.74740887e-05 -1.62586827e-08
2.129786         -1.41651636e-06 -1.99868849e-03 1.24728181e-06 -1.43285051e-06 -1.96150538e-03 1.26355249e-06 1.63341464e-08 -3.71831117e-05 -1.62706839e-08
2.130351         -9.10751909e-07 -1.57555678e-03 8.11873201e-07 -9.27443698e-07 -1.53870329e-03 8.28328385e-07 1.66917892e-08 -3.68534942e-05 -1.64551839e-08
2.130915         -6.81795692e-06 -1.52040416e-03 5.58665889e-06 -6.83264197e-06 -1.48388222e-03 5.60144641e-06 1.46850502e-08 -3.65219421e-05 -1.47875255e-08
2.13148          -2.42672774e-06 -1.38815121e-03 2.14806591e-06 -2.44113116e-06 -1.35190288e-03 2.16249254e-06 1.44034138e-08 -3.62483301e-05 -1.44266297e-08
2.132045         -1.68649797e-06 -2.02739188e-03 1.50510760e-06 -1.70087715e-06 -1.99128109e-03 1.51938709e-06 1.43791806e-08 -3.61107972e-05 -1.42794865e-08
2.13261          -1.41947089e-06 -1.61622798e-03 1.27582180e-06 -1.43392858e-06 -1.58039670e-03 1.29003266e-06 1.44576829e-08 -3.58312757e-05 -1.42108606e-08
2.133175         -2.04593468e-06 -1.13778247e-03 1.72637490e-06 -2.06012867e-06 -1.10252043e-03 1.74027377e-06 1.41939923e-08 -3.52620446e-05 -1.38988723e-08
2.13374          2.67761505e-07 -1.54861528e-03 -1.61965193e-07 2.52972601e-07 -1.51362311e-03 -1.47687062e-07 1.47889035e-08 -3.49921743e-05 -1.42781309e-08
2.134305         2.00422657e-06 -2.02677568e-03 -1.52973980e-06 1.98828014e-06 -1.99171120e-03 -1.51458108e-06 1.59464342e-08 -3.50644842e-05 -1.51587193e-08
2.13487          -2.85208925e-07 -1.95641510e-03 5.62504589e-08 -3.01381802e-07 -1.92148740e-03 7.15406612e-08 1.61728768e-08 -3.49276992e-05 -1.52902023e-08
2.135435         -1.47627876e-06 -3.08383036e-03 9.75545853e-07 -1.49218850e-06 -3.04910367e-03 9.90573734e-07 1.59097436e-08 -3.47266953e-05 -1.50278810e-08
2.136            3.00768328e-07 -1.46107447e-03 -3.82590339e-07 2.84554248e-07 -1.42662931e-03 -3.67360307e-07 1.62140801e-08 -3.44451642e-05 -1.52300318e-08
2.136586         3.46643952e-06 5.33402646e-04 -2.98275941e-06 3.44860447e-06 5.67467073e-04 -2.96625850e-06 1.78350460e-08 -3.40644270e-05 -1.65009053e-08
2.137171         1.00804052e-06 -1.23734696e-03 -8.85989695e-07 9.89789413e-07 -1.20352976e-03 -8.69173808e-07 1.82511055e-08 -3.38172017e-05 -1.68158873e-08
2.137757         -2.31078318e-06 -2.87817812e-03 1.59649538e-06 -2.32802268e-06 -2.84455914e-03 1.61252129e-06 1.72394975e-08 -3.36189814e-05 -1.60259078e-08
2.138342         2.25516215e-06 -1.49797061e-03 -1.60659360e-06 2.23714288e-06 -1.46452874e-03 -1.59000049e-06 1.80192666e-08 -3.34418743e-05 -1.65931074e-08
2.138928         8.19482255e-07 -1.32713165e-03 -6.96460747e-07 8.01338558e-07 -1.29370409e-03 -6.79777563e-07 1.81436966e-08 -3.34275577e-05 -1.66831840e-08
2.139513         8.29490166e-08 -5.50401550e-04 -9.62896104e-08 6.50626806e-08 -5.17418877e-04 -7.98255589e-08 1.78863359e-08 -3.29826736e-05 -1.64640515e-08
2.140099         7.73310090e-06 -4.37936261e-04 -6.67423037e-06 7.71238568e-06 -4.05525483e-04 -6.65545031e-06 2.07152198e-08 -3.24107786e-05 -1.87800598e-08
2.140676         2.14038503e-06 -9.66003286e-04 -2.03385502e-06 2.11931512e-06 -9.33845448e-04 -2.01472628e-06 2.10699087e-08 -3.21578383e-05 -1.91287413e-08
2.141253         3.47577554e-06 -7.82150971e-04 -3.24605177e-06 3.45385812e-06 -7.50234442e-04 -3.22611733e-06 2.19174213e-08 -3.19165295e-05 -1.99344399e-08
2.14183          -4.88737409e-07 -1.05763889e-03 6.75837355e-07 -5.09878454e-07 -1.02594263e-03 6.95133617e-07 2.11410454e-08 -3.16962611e-05 -1.92962623e-08
2.142407         -5.28549639e-07 -1.04085755e-03 1.16375351e-07 -5.48811825e-07 -1.00937479e-03 1.35051383e-07 2.02621864e-08 -3.14827615e-05 -1.86760327e-08
2.142984         1.70178806e-06 -4.93972310e-04 -9.38773221e-07 1.68149227e-06 -4.62806926e-04 -9.20065006e-07 2.02957865e-08 -3.11653836e-05 -1.87082156e-08
2.143562         2.01847102e-06 -1.92504633e-04 -1.61225366e-06 1.99812817e-06 -1.61697837e-04 -1.59343321e-06 2.03428453e-08 -3.08067954e-05 -1.88204528e-08
2.144148         1.04279004e-06 -2.28542172e-03 -8.52326323e-07 1.02285636e-06 -2.25458037e-03 -8.33748795e-07 1.99336764e-08 -3.08413464e-05 -1.85775285e-08
2.144734         2.44355560e-08 -1.61808558e-03 9.46746261e-09 5.35228940e-09 -1.58735124e-03 2.74366728e-08 1.90832666e-08 -3.07343404e-05 -1.79692102e-08
2.145321         1.76010989e-06 -4.79291357e-04 -1.57377204e-06 1.74122612e-06 -4.48875116e-04 -1.55584342e-06 1.88837661e-08 -3.04162415e-05 -1.79286263e-08
2.145907         1.01636976e-06 -4.20467562e-04 -8.02624201e-07 9.98002448e-07 -3.90371034e-04 -7.85034219e-07 1.83673149e-08 -3.00965281e-05 -1.75899823e-08
2.146493         7.57062106e-07 1.46377010e-04 -5.43841462e-07 7.39384450e-07 1.75873887e-04 -5.26738909e-07 1.76776569e-08 -2.94968778e-05 -1.71025529e-08
2.14708          -4.01330206e-06 -6.05502100e-04 3.45160429e-06 -4.02833621e-06 -5.76294302e-04 3.46658760e-06 1.50341465e-08 -2.92077975e-05 -1.49833118e-08
2.147666         3.55984936e-06 -1.14264944e-03 -2.81347334e-06 3.54437974e-06 -1.11334921e-03 -2.79806090e-06 1.54696249e-08 -2.93002317e-05 -1.54124425e-08
2.148252         -4.32085268e-06 -3.07718497e-04 3.96685348e-06 -4.33359620e-06 -2.78690218e-04 3.98005970e-06 1.27435179e-08 -2.90282798e-05 -1.32062252e-08
2.148839         3.52429830e-06 1.23226094e-04 -3.71758501e-06 3.51137953e-06 1.51717438e-04 -3.70394249e-06 1.29187698e-08 -2.84913444e-05 -1.36425152e-08
2.149425         -1.51914584e-06 -8.16731519e-04 1.94916993e-06 -1.53042770e-06 -7.88455372e-04 1.96139669e-06 1.12818584e-08 -2.82761477e-05 -1.22267634e-08
2.150011         -4.65360656e-06 -1.30599223e-03 4.06772635e-06 -4.66208262e-06 -1.27776417e-03 4.07768368e-06 8.47605531e-09 -2.82280611e-05 -9.95733378e-09
2.150598         5.09156841e-06 -4.44239773e-04 -4.21027275e-06 5.08224889e-06 -4.16267908e-04 -4.19951945e-06 9.31952484e-09 -2.79718650e-05 -1.07532935e-08
2.151184         1.28110630e-06 -4.65060448e-04 -8.35466891e-07 1.27243914e-06 -4.37294892e-04 -8.25210490e-07 8.66716193e-09 -2.77655558e-05 -1.02564011e-08
2.15177          7.83635042e-08 -9.22572354e-05 7.65893086e-08 7.07793858e-08 -6.47726011e-05 8.60106670e-08 7.58411844e-09 -2.74846343e-05 -9.42135835e-09
2.152356         1.28867760e-06 3.38051725e-04 -9.21790808e-07 1.28172889e-06 3.65223169e-04 -9.12816057e-07 6.94870487e-09 -2.71714436e-05 -8.97475075e-09
2.152943         6.55074572e-07 -1.03610548e-03 -4.02906811e-07 6.49037086e-07 -1.00902466e-03 -3.94597156e-07 6.03748583e-09 -2.70808149e-05 -8.30965441e-09
2.153529         -7.63944895e-07 -1.06919548e-03 7.58452802e-07 -7.68465785e-07 -1.04221924e-03 7.65597539e-07 4.52089012e-09 -2.69762485e-05 -7.14473645e-09
2.154115         8.37747702e-07 1.38806645e-03 -4.73397628e-07 8.34106077e-07 1.41448783e-03 -4.66907771e-07 3.64162505e-09 -2.64213803e-05 -6.48985715e-09
2.154702         2.95944143e-06 1.44052220e-03 -3.06256528e-06 2.95583530e-06 1.46647008e-03 -3.05582037e-06 3.60612526e-09 -2.59478829e-05 -6.74491069e-09
2.155288         -2.14720816e-06 -1.57155281e-03 2.87696216e-06 -2.14876163e-06 -1.54551443e-03 2.88189281e-06 1.55346056e-09 -2.60383798e-05 -4.93065927e-09
2.155888         9.29375970e-07 -1.11015666e-03 -4.65910013e-07 9.28765024e-07 -1.08420868e-03 -4.61683094e-07 6.10946597e-10 -2.59479796e-05 -4.22691867e-09
2.156489         1.95022727e-06 1.21887703e-03 -1.28634583e-06 1.95016791e-06 1.24411601e-03 -1.28248793e-06 5.93631828e-11 -2.52389874e-05 -3.85789402e-09
2.157089         7.82137048e-06 3.10757113e-04 -6.39048567e-06 7.81947022e-06 3.35678378e-04 -6.38491357e-06 1.90026648e-09 -2.49212647e-05 -5.57209652e-09
2.157689         2.89134358e-06 -2.21280373e-03 -2.07286537e-06 2.88965935e-06 -2.18744958e-03 -2.06734250e-06 1.68423136e-09 -2.53541467e-05 -5.52286424e-09
2.15829          1.81271202e-06 3.49080572e-04 -1.22614525e-06 1.81168781e-06 3.74110563e-04 -1.22105154e-06 1.02421127e-09 -2.50299917e-05 -5.09370342e-09
2.15889          2.65032384e-06 2.81048264e-03 -2.07411586e-06 2.64961783e-06 2.83456438e-03 -2.06913058e-06 7.06008083e-10 -2.40817346e-05 -4.98527844e-09
2.15949          1.29172124e-06 3.43164992e-04 -7.75227640e-07 1.29188442e-06 3.67011526e-04 -7.70817403e-07 -1.63179401e-10 -2.38465342e-05 -4.41023710e-09
2.16009          -7.24040326e-06 -6.83018744e-04 7.37534700e-06 -7.23614998e-06 -6.59211676e-04 7.37618180e-06 -4.25327942e-09 -2.38070680e-05 -8.34803991e-10
2.160691         9.78320247e-06 -4.91514239e-04 -8.63332205e-06 9.78509893e-06 -4.67831176e-04 -8.63014152e-06 -1.89646568e-09 -2.36830631e-05 -3.18052563e-09
2.161291         2.04039758e-06 -9.88315243e-04 -1.41347432e-06 2.04286110e-06 -9.64695885e-04 -1.41063255e-06 -2.46351806e-09 -2.36193573e-05 -2.84176066e-09
2.161891         1.69869520e-06 1.98468155e-03 -1.01538253e-06 1.70182717e-06 2.00771983e-03 -1.01300383e-06 -3.13196328e-09 -2.30382776e-05 -2.37869665e-09
2.162492         1.33138130e-06 2.36693499e-03 -7.82172499e-07 1.33529180e-06 2.38944036e-03 -7.80327227e-07 -3.91049888e-09 -2.25053703e-05 -1.84527188e-09
2.163092         6.99460111e-07 -1.48058925e-04 -1.01118669e-07 7.04370632e-07 -1.25817190e-04 -1.00012926e-07 -4.91052084e-09 -2.22417348e-05 -1.10574282e-09
2.163692         1.72703404e-06 -2.47611537e-04 -1.06087155e-06 1.73253612e-06 -2.25588281e-04 -1.06014504e-06 -5.50207501e-09 -2.20232561e-05 -7.26510617e-10
2.164292         1.22841558e-06 -1.20825591e-03 -4.75488864e-07 1.23469856e-06 -1.18593135e-03 -4.75328603e-07 -6.28298156e-09 -2.23245578e-05 -1.60260810e-10
2.164893         1.46698015e-06 1.83821337e-04 -7.22553939e-07 1.47392510e-06 2.05957641e-04 -7.22852928e-07 -6.94495579e-09 -2.21363035e-05 2.98988504e-10
2.165493         2.32257805e-06 3.32267030e-03 -1.73526649e-06 2.32985199e-06 3.34379688e-03 -1.73567957e-06 -7.27394413e-09 -2.11265831e-05 4.13081387e-10
2.166093         3.61804180e-07 8.92251746e-04 2.45452229e-07 3.70242472e-07 9.13153837e-04 2.44146133e-07 -8.43829118e-09 -2.09020916e-05 1.30609557e-09
2.166693         8.82628273e-07 -1.07178144e-03 -2.79703469e-07 8.91944010e-07 -1.05055080e-03 -2.81627328e-07 -9.31573705e-09 -2.12306355e-05 1.92385932e-09
2.167294         -1.07881021e-06 6.87187277e-04 1.28644430e-06 -1.06782551e-06 7.08066802e-04 1.28322018e-06 -1.09846942e-08 -2.08795246e-05 3.22411797e-09
2.167894         1.34969882e-06 1.65426387e-03 -1.14667672e-07 1.36134937e-06 1.67453288e-03 -1.18471455e-07 -1.16505524e-08 -2.02690109e-05 3.80378300e-09
2.168494         2.94521010e-06 8.44883990e-05 -2.69668512e-06 2.95687862e-06 1.04628527e-04 -2.70022314e-06 -1.16685192e-08 -2.01401277e-05 3.53802593e-09
2.169095         1.58619318e-06 8.31169986e-05 -8.43884951e-07 1.59844425e-06 1.03171883e-04 -8.47797176e-07 -1.22510650e-08 -2.00548843e-05 3.91222496e-09
2.169695         1.43563653e-06 1.84835273e-03 -7.88632900e-07 1.44853230e-06 1.86781970e-03 -7.92964496e-07 -1.28957689e-08 -1.94669695e-05 4.33159668e-09
2.170295         1.21052420e-06 1.98861150e-03 -4.83194637e-07 1.22410819e-06 2.00748399e-03 -4.88002791e-07 -1.35839907e-08 -1.88724890e-05 4.80815419e-09
2.170895         -2.56723379e-07 9.75803026e-04 8.76762326e-07 -2.41973242e-07 9.94673516e-04 8.71034291e-07 -1.47501373e-08 -1.88704900e-05 5.72803543e-09
2.171496         1.04164460e-06 8.85167142e-04 -3.63379491e-07 1.05702993e-06 9.03922037e-04 -3.69526058e-07 -1.53853310e-08 -1.87548953e-05 6.14656694e-09
2.172096         1.34477968e-06 2.66440801e-04 -6.24169285e-07 1.36068829e-06 2.84823125e-04 -6.30634637e-07 -1.59086047e-08 -1.83823242e-05 6.46535265e-09
2.172696         1.36000503e-06 7.29233984e-04 -6.64907703e-07 1.37645783e-06 7.47364331e-04 -6.71719815e-07 -1.64528034e-08 -1.81303474e-05 6.81211227e-09
2.173297         1.40039236e-06 1.25385962e-03 -7.10052967e-07 1.41736955e-06 1.27193919e-03 -7.17186927e-07 -1.69771859e-08 -1.80795772e-05 7.13396023e-09
2.173897         1.14002082e-06 1.46862364e-03 -4.30790490e-07 1.15760640e-06 1.48637411e-03 -4.38335982e-07 -1.75855798e-08 -1.77504609e-05 7.54549222e-09
2.174497         8.68817177e-07 2.10397687e-03 -1.73019314e-07 8.87113956e-07 2.12111487e-03 -1.81074683e-07 -1.82967792e-08 -1.71380031e-05 8.05536881e-09
2.175097         -1.76621816e-06 9.17189744e-04 3.27352253e-06 -1.74610601e-06 9.34140266e-04 3.26374088e-06 -2.01121519e-08 -1.69505218e-05 9.78164439e-09
2.175698         -1.85095757e-06 3.85926225e-05 1.08294855e-06 -1.82924052e-06 5.55231228e-05 1.07209092e-06 -2.17170503e-08 -1.69305003e-05 1.08576334e-08
2.176298         5.06097688e-06 1.95933384e-03 -3.90232579e-06 5.08160111e-06 1.97571373e-03 -3.91209416e-06 -2.06242249e-08 -1.63798820e-05 9.76837100e-09
2.176898         1.56112758e-06 2.27111587e-03 -7.69647319e-07 1.58210658e-06 2.28690573e-03 -7.79610424e-07 -2.09790034e-08 -1.57898646e-05 9.96310520e-09
2.177499         8.82720194e-07 9.97296604e-05 -1.11733386e-07 9.04296643e-07 1.15692934e-04 -1.22119604e-07 -2.15764494e-08 -1.59632734e-05 1.03862182e-08
2.178099         7.02202650e-07 2.28852145e-04 1.71694634e-07 7.24465177e-07 2.44896132e-04 1.60788269e-07 -2.22625263e-08 -1.60439869e-05 1.09063648e-08
2.178699         5.63990299e-06 1.75889498e-03 -4.87890635e-06 5.66095708e-06 1.77457289e-03 -4.88845979e-06 -2.10540817e-08 -1.56779113e-05 9.55344083e-09
2.179299         -1.81293139e-06 1.92472054e-03 2.65635987e-06 -1.79028350e-06 1.94002513e-03 2.64536567e-06 -2.26478933e-08 -1.53045883e-05 1.09941999e-08
2.1799           1.36524404e-06 2.69059408e-03 -4.42534581e-07 1.38823499e-06 2.70525558e-03 -4.53741683e-07 -2.29909550e-08 -1.46614977e-05 1.12071027e-08
2.1805           4.70799122e-07 1.59996953e-03 3.30330494e-07 4.94469097e-07 1.61430834e-03 3.18617622e-07 -2.36699749e-08 -1.43388114e-05 1.17128721e-08
2.181118         8.62441842e-07 1.67825764e-04 -7.35465813e-08 8.86603723e-07 1.82201544e-04 -8.55760685e-08 -2.41618813e-08 -1.43757802e-05 1.20294872e-08
2.181754         9.36174789e-07 1.48576938e-03 -1.64245452e-07 9.60811299e-07 1.49984831e-03 -1.76569481e-07 -2.46365100e-08 -1.40789369e-05 1.23240294e-08
2.18239          9.09957948e-07 2.18730037e-03 -1.69167610e-07 9.35082566e-07 2.20097688e-03 -1.81794196e-07 -2.51246180e-08 -1.36765095e-05 1.26265860e-08
2.183026         8.39704893e-07 1.77445702e-03 -5.61676079e-08 8.65366953e-07 1.78786053e-03 -6.91565978e-08 -2.56620600e-08 -1.34035036e-05 1.29889900e-08
2.183662         1.48846235e-07 1.98157426e-03 4.81992685e-07 1.75367864e-07 1.99466560e-03 4.68350234e-07 -2.65216298e-08 -1.30913410e-05 1.36424507e-08
2.184298         4.99439418e-07 1.44471286e-03 2.27442493e-07 5.26674669e-07 1.45739871e-03 2.13272445e-07 -2.72352502e-08 -1.26858497e-05 1.41700472e-08
2.184934         1.07495104e-06 1.20996673e-03 -3.59796613e-07 1.10262611e-06 1.22240743e-03 -3.74242552e-07 -2.76750695e-08 -1.24407052e-05 1.44459395e-08
2.18557          8.52060560e-07 1.66305133e-04 -1.56155180e-07 8.80170007e-07 1.79001718e-04 -1.70874986e-07 -2.81094473e-08 -1.26965852e-05 1.47198057e-08
2.186206         7.44903486e-07 2.46377834e-03 -4.78620377e-08 7.73493050e-07 2.47595829e-03 -6.29091893e-08 -2.85895646e-08 -1.21799503e-05 1.50471516e-08
2.186842         8.60981336e-07 4.59660957e-03 -2.00839358e-07 8.89963534e-07 4.60778536e-03 -2.16133572e-07 -2.89821979e-08 -1.11757901e-05 1.52942138e-08
2.187478         4.69427495e-07 8.59759431e-05 2.27626794e-07 4.98837986e-07 9.72732953e-05 2.12042459e-07 -2.94104901e-08 -1.12973522e-05 1.55843342e-08
2.188114         9.48813866e-07 -2.20204669e-04 -2.47570352e-07 9.78424023e-07 -2.08809256e-04 -2.63238677e-07 -2.96101571e-08 -1.13954125e-05 1.56683256e-08
2.18875          5.60828872e-07 4.06084021e-03 4.52206081e-08 5.90864336e-07 4.07149154e-03 2.92505025e-08 -3.00354644e-08 -1.06513285e-05 1.59701056e-08
2.189386         2.35679113e-06 3.12225247e-03 -1.65550450e-06 2.38638072e-06 3.13245362e-03 -1.67096527e-06 -2.95895906e-08 -1.02011533e-05 1.54607722e-08
2.190022         4.50019263e-07 7.92646912e-04 2.34518890e-07 4.79931100e-07 8.02855952e-04 2.18836613e-07 -2.99118375e-08 -1.02090397e-05 1.56822767e-08
2.190658         4.18096039e-07 1.38156394e-03 1.36382961e-07 4.48314772e-07 1.39149163e-03 1.20505624e-07 -3.02187332e-08 -9.92768634e-06 1.58773374e-08
2.191294         3.74219924e-07 1.43706624e-03 2.11151156e-07 4.04751503e-07 1.44658048e-03 1.95068580e-07 -3.05315787e-08 -9.51423710e-06 1.60825755e-08
2.19193          3.97271494e-07 1.82480654e-03 1.83664250e-07 4.28111125e-07 1.83420768e-03 1.67364961e-07 -3.08396314e-08 -9.40113741e-06 1.62992885e-08
2.192566         -2.50054769e-07 2.04002493e-03 6.08737036e-07 -2.18676215e-07 2.04930103e-03 5.92028518e-07 -3.13785547e-08 -9.27609650e-06 1.67085171e-08
2.193201         7.11737838e-07 3.16961180e-03 -8.06787472e-08 7.43204453e-07 3.17820518e-03 -9.74083099e-08 -3.14666153e-08 -8.59337763e-06 1.67295627e-08
2.193837         6.50592658e-06 2.49401146e-03 -5.94892660e-06 6.53491744e-06 2.50219131e-03 -5.96321997e-06 -2.89908636e-08 -8.17984998e-06 1.42933690e-08
2.194473         -2.90736187e-06 1.13536972e-03 3.45816419e-06 -2.87665772e-06 1.14352227e-03 3.44232350e-06 -3.07041501e-08 -8.15254794e-06 1.58406908e-08
2.195109         6.41598740e-07 1.55390701e-03 -8.84136342e-08 6.72400244e-07 1.56189275e-03 -1.04275285e-07 -3.08015046e-08 -7.98574353e-06 1.58616507e-08
2.195745         9.28854549e-07 1.23620769e-03 -3.12819798e-07 9.59623932e-07 1.24406734e-03 -3.28585338e-07 -3.07693832e-08 -7.85965184e-06 1.57655406e-08
2.196381         5.17982679e-06 3.77522902e-03 -4.43796016e-06 5.20885114e-06 3.78251690e-03 -4.45200473e-06 -2.90243500e-08 -7.28788143e-06 1.40445694e-08
2.197017         -2.28029818e-06 4.14307411e-03 2.76252984e-06 -2.25000981e-06 4.14981192e-03 2.74732729e-06 -3.02883678e-08 -6.73781559e-06 1.52025504e-08
2.197653         -1.64596276e-07 1.40322085e-04 7.77041580e-07 -1.34018420e-07 1.47026771e-04 7.61612211e-07 -3.05778557e-08 -6.70468575e-06 1.54293690e-08
2.198289         -4.58576831e-07 1.56577448e-03 1.00844356e-06 -4.27553277e-07 1.57225198e-03 9.92643774e-07 -3.10235535e-08 -6.47750199e-06 1.57997885e-08
2.198925         3.07238794e-07 4.28042549e-03 1.86967815e-07 3.38331472e-07 4.28653044e-03 1.71153716e-07 -3.10926783e-08 -6.10495473e-06 1.58140997e-08
2.199561         -9.00141345e-08 2.68563442e-03 6.51989761e-07 -5.88156400e-08 2.69142333e-03 6.36093717e-07 -3.11984946e-08 -5.78891233e-06 1.58960445e-08
2.200197         8.32834331e-07 1.95219355e-03 -3.27642785e-07 8.63701868e-07 1.95761143e-03 -3.43176936e-07 -3.08675373e-08 -5.41787681e-06 1.55341509e-08
2.200833         7.51051305e-07 1.68270889e-03 -2.25581239e-07 7.81569744e-07 1.68801439e-03 -2.40760593e-07 -3.05184390e-08 -5.30550183e-06 1.51793540e-08
2.201469         3.35179122e-07 1.71507894e-03 1.38248795e-07 3.65511614e-07 1.72024908e-03 1.23259815e-07 -3.03324920e-08 -5.17014363e-06 1.49889799e-08
2.202105         7.88748319e-07 3.62056629e-03 -3.76271900e-07 8.18772941e-07 3.62503503e-03 -3.90924919e-07 -3.00246222e-08 -4.46873856e-06 1.46530188e-08
2.202741         -6.72785770e-07 2.79479192e-03 1.58904935e-06 -6.42432108e-07 2.79891305e-03 1.57400087e-06 -3.03536623e-08 -4.12113421e-06 1.50484759e-08
2.203396         1.58769817e-06 9.80634795e-04 -1.53524192e-06 1.61721189e-06 9.85050702e-04 -1.54936530e-06 -2.95137230e-08 -4.41590734e-06 1.41233820e-08
2.20405          5.93695885e-07 2.71815622e-03 -1.91037072e-07 6.22817362e-07 2.72216831e-03 -2.04765814e-07 -2.91214776e-08 -4.01209306e-06 1.37287418e-08
2.204705         -7.03336748e-07 3.59400495e-03 9.46793221e-07 -6.74055308e-07 3.59733532e-03 9.32954374e-07 -2.92814398e-08 -3.33037032e-06 1.38388474e-08
2.20536          2.88204963e-06 2.84293126e-03 -2.46325280e-06 2.90993534e-06 2.84618301e-03 -2.47571634e-06 -2.78857097e-08 -3.25174305e-06 1.24635374e-08
2.206014         -1.11909390e-06 2.71690006e-03 1.64598927e-06 -1.09091885e-06 2.72002726e-03 1.63320168e-06 -2.81750506e-08 -3.12720108e-06 1.27875848e-08
2.206669         3.46736714e-07 2.34763485e-03 6.88922157e-08 3.74555550e-07 2.35035368e-03 5.64653739e-08 -2.78188360e-08 -2.71882806e-06 1.24268418e-08
2.207324         7.27177479e-07 2.19675916e-03 -3.14212290e-07 7.54468875e-07 2.19925760e-03 -3.26111294e-07 -2.72913963e-08 -2.49843843e-06 1.18990038e-08
2.207978         5.70429957e-07 1.62554326e-03 -1.74724394e-07 5.97236076e-07 1.62803557e-03 -1.86141090e-07 -2.68061186e-08 -2.49230262e-06 1.14166963e-08
2.208633         6.27007764e-07 4.69238582e-03 -2.86386103e-07 6.53311222e-07 4.69408074e-03 -2.97313241e-07 -2.63034585e-08 -1.69491682e-06 1.09271373e-08
2.209288         5.21926900e-07 4.74295892e-03 -1.91499737e-07 5.47751920e-07 4.74395768e-03 -2.01956684e-07 -2.58250196e-08 -9.98760440e-07 1.04569477e-08
2.209942         3.81223248e-07 -1.57529131e-04 -2.83587537e-08 4.06591953e-07 -1.55891731e-04 -3.83399422e-08 -2.53687044e-08 -1.63740039e-06 9.98118851e-09
2.210597         5.48176160e-07 1.85462407e-03 -1.71558940e-07 5.73081555e-07 1.85618262e-03 -1.81068061e-07 -2.49053954e-08 -1.55854940e-06 9.50912143e-09
2.211252         6.96292141e-07 4.07865769e-03 -3.74944722e-07 7.20714850e-07 4.07947849e-03 -3.83939148e-07 -2.44227090e-08 -8.20799956e-07 8.99442583e-09
2.211906         2.32196116e-07 3.48034308e-03 5.40715250e-08 2.56345092e-07 3.48082033e-03 4.54113228e-08 -2.41489763e-08 -4.77244926e-07 8.66020216e-09
2.212561         7.53293077e-07 3.43164625e-03 -3.94656532e-07 7.76960809e-07 3.43184573e-03 -4.02749104e-07 -2.36677329e-08 -1.99478017e-07 8.09257228e-09
2.213216         4.25250403e-07 2.11747565e-03 -8.26746759e-08 4.48547909e-07 2.11763405e-03 -9.02892393e-08 -2.32975063e-08 -1.58398927e-07 7.61456338e-09
2.213871         3.53755732e-07 2.61004835e-03 -1.42088038e-08 3.76702803e-07 2.61003950e-03 -2.13859158e-08 -2.29470711e-08 8.85118322e-09 7.17711199e-09
2.214525         3.11419739e-06 3.90326912e-03 -3.10379279e-06 3.13558246e-06 3.90286682e-03 -3.10931238e-06 -2.13850710e-08 4.02299331e-07 5.51958961e-09
2.21518          -2.36850917e-06 2.79037983e-03 2.86829431e-06 -2.34629523e-06 2.78981632e-03 2.86200669e-06 -2.22139484e-08 5.63513860e-07 6.28762844e-09
2.215835         1.72879811e-07 2.29582060e-03 9.46646589e-08 1.94792352e-07 2.29514446e-03 8.87524832e-08 -2.19125416e-08 6.76137108e-07 5.91217565e-09
2.216489         2.02468754e-07 3.04886521e-03 4.20926807e-08 2.24086103e-07 3.04821877e-03 3.65575129e-08 -2.16173482e-08 6.46446845e-07 5.53516784e-09
2.217144         8.54496941e-08 2.55232472e-03 1.47829007e-07 1.06800616e-07 2.55193537e-03 1.42656296e-07 -2.13509215e-08 3.89344800e-07 5.17271069e-09
2.217799         2.70924881e-06 1.80170358e-04 -2.74258061e-06 2.72916465e-06 1.80902094e-04 -2.74618471e-06 -1.99158317e-08 -7.31736369e-07 3.60410139e-09
2.218453         -2.61680593e-06 1.25046210e-03 3.06319765e-06 -2.59601742e-06 1.25194296e-03 3.05880333e-06 -2.07885082e-08 -1.48086301e-06 4.39431770e-09
2.219108         -3.63092369e-08 1.93607612e-03 2.56383657e-07 -1.57327152e-08 1.93814789e-03 2.52312925e-07 -2.05765217e-08 -2.07176040e-06 4.07073134e-09
2.219763         6.80320756e-09 1.57648226e-03 2.20276036e-07 2.71711405e-08 1.57940557e-03 2.16536143e-07 -2.03679329e-08 -2.92331532e-06 3.73989243e-09
2.220417         -6.98123693e-08 1.42746790e-03 2.96680467e-07 -4.96240297e-08 1.43125942e-03 2.93233270e-07 -2.01883397e-08 -3.79151296e-06 3.44719677e-09
2.221072         -5.94547125e-07 5.34330775e-04 5.99635741e-07 -5.74297190e-07 5.38985989e-04 5.96261380e-07 -2.02499349e-08 -4.65521421e-06 3.37436058e-09
2.221727         1.60443058e-07 8.11812013e-04 3.14084688e-07 1.80307121e-07 8.17178257e-04 3.11121206e-07 -1.98640629e-08 -5.36624365e-06 2.96348234e-09
2.222381         -1.58645607e-07 1.00104928e-03 3.79989892e-07 -1.38983286e-07 1.00691240e-03 3.77297107e-07 -1.96623213e-08 -5.86312633e-06 2.69278491e-09
2.223036         -4.17411667e-08 1.38602604e-03 2.86240157e-07 -2.22644996e-08 1.39265846e-03 2.83787142e-07 -1.94766671e-08 -6.63241633e-06 2.45301475e-09
2.223691         -5.34761492e-07 1.49828095e-03 5.88778101e-07 -5.15348226e-07 1.50574238e-03 5.86462326e-07 -1.94132654e-08 -7.46143545e-06 2.31577504e-09
2.224345         -5.73224711e-07 1.88642723e-03 6.89579552e-07 -5.53994947e-07 1.89443256e-03 6.87495979e-07 -1.92297641e-08 -8.00532988e-06 2.08357275e-09
2.225            -6.20978700e-07 1.76049197e-03 7.40176317e-07 -6.01933137e-07 1.76915133e-03 7.38317657e-07 -1.90455628e-08 -8.65935854e-06 1.85866042e-09
2.225664         -4.11136657e-07 1.51237648e-03 4.83184504e-07 -3.92405108e-07 1.52192332e-03 4.81689445e-07 -1.87315486e-08 -9.54683525e-06 1.49505928e-09
2.226328         -5.01661358e-07 1.23379155e-03 6.06741869e-07 -4.83208105e-07 1.24397600e-03 6.05579245e-07 -1.84532530e-08 -1.01844551e-05 1.16262432e-09
2.226993         -6.97396967e-07 1.10123642e-03 7.75699058e-07 -6.79215104e-07 1.11194891e-03 7.74870343e-07 -1.81818626e-08 -1.07124926e-05 8.28715363e-10
2.227657         -5.59396208e-07 7.15558708e-04 6.18176467e-07 -5.41586551e-07 7.27048407e-04 6.17783770e-07 -1.78096574e-08 -1.14896988e-05 3.92697749e-10
2.228321         -2.31012927e-06 9.52640580e-04 2.15549485e-06 -2.29168660e-06 9.64888503e-04 2.15459942e-06 -1.84426670e-08 -1.22479235e-05 8.95422477e-10
2.228985         -7.26312691e-07 1.54108850e-03 6.80469957e-07 -7.08225292e-07 1.55417107e-03 6.79985548e-07 -1.80873993e-08 -1.30825729e-05 4.84408870e-10
2.229649         -6.23651852e-07 1.99900799e-03 5.96107094e-07 -6.05879170e-07 2.01254943e-03 5.95996873e-07 -1.77726814e-08 -1.35414391e-05 1.10221290e-10
2.230313         -8.81328530e-07 2.44586454e-03 8.76362399e-07 -8.63821604e-07 2.45965623e-03 8.76569060e-07 -1.75069253e-08 -1.37916836e-05 -2.06660432e-10
2.230978         -9.44612858e-07 1.69514052e-03 9.18528477e-07 -9.27219910e-07 1.70977469e-03 9.18916288e-07 -1.73929488e-08 -1.46341706e-05 -3.87810961e-10
2.231642         -7.99436219e-07 1.52783824e-03 7.20197741e-07 -7.82503173e-07 1.54322701e-03 7.21073846e-07 -1.69330460e-08 -1.53887772e-05 -8.76105139e-10
2.232318         -3.61225959e-07 1.07092265e-03 3.35484819e-07 -3.44850116e-07 1.08676436e-03 3.36928965e-07 -1.63758428e-08 -1.58417030e-05 -1.44414557e-09
2.233019         -5.41876754e-07 1.41149635e-03 4.76030894e-07 -5.25942443e-07 1.42806424e-03 4.77938661e-07 -1.59343113e-08 -1.65678917e-05 -1.90776634e-09
2.233721         -6.56587464e-07 1.68132026e-03 6.18737030e-07 -6.41163936e-07 1.69872295e-03 6.21153026e-07 -1.54235274e-08 -1.74026930e-05 -2.41599612e-09
2.234422         -4.47565747e-07 2.15233234e-03 4.19444847e-07 -4.32599498e-07 2.17027381e-03 4.22342181e-07 -1.49662485e-08 -1.79414649e-05 -2.89733375e-09
2.235124         9.02864585e-07 1.71862424e-03 -6.69854449e-07 9.16745333e-07 1.73712174e-03 -6.65901279e-07 -1.38807482e-08 -1.84975065e-05 -3.95316998e-09
2.235826         -1.64512828e-06 1.08282291e-03 1.41178721e-06 -1.63116404e-06 1.10182505e-03 1.41572795e-06 -1.39642472e-08 -1.90021415e-05 -3.94074832e-09
2.236527         -1.09893865e-06 1.53520878e-03 9.74660521e-07 -1.08559110e-06 1.55502802e-03 9.79165105e-07 -1.33475507e-08 -1.98192434e-05 -4.50458394e-09
2.237229         -4.49136465e-07 1.87174621e-03 3.91655262e-07 -4.36529235e-07 1.89226113e-03 3.96915715e-07 -1.26072297e-08 -2.05149134e-05 -5.26045248e-09
2.23793          -3.43448055e-07 2.58942985e-03 4.05736184e-07 -3.31448505e-07 2.61010077e-03 4.11643565e-07 -1.19995497e-08 -2.06709149e-05 -5.90738156e-09
2.238632         2.08295423e-07 1.81034572e-03 -3.46099550e-07 2.19779159e-07 1.83174705e-03 -3.39519344e-07 -1.14837354e-08 -2.14013353e-05 -6.58020552e-09
2.239333         6.50386958e-10 1.72979202e-03 -9.14605872e-08 1.17310152e-08 1.75201253e-03 -8.43786772e-08 -1.10806282e-08 -2.22205039e-05 -7.08190998e-09
2.240035         -3.17748765e-06 2.73392070e-03 3.21149592e-06 -3.16511751e-06 2.75634660e-03 3.21743177e-06 -1.23701363e-08 -2.24258945e-05 -5.93584247e-09
2.240736         -9.85188755e-06 1.72379569e-03 9.43133345e-06 -9.83472307e-06 1.74679700e-03 9.43282013e-06 -1.71644817e-08 -2.30013035e-05 -1.48667635e-09
2.241438         8.33973384e-06 7.25359705e-04 -7.75900051e-06 8.35212333e-06 7.49203548e-04 -7.75293058e-06 -1.23894838e-08 -2.38438433e-05 -6.06993152e-09
2.24214          2.97952390e-08 2.01921623e-03 7.84044515e-09 4.18383548e-08 2.04360753e-03 1.42967768e-08 -1.20431157e-08 -2.43912978e-05 -6.45633168e-09
2.242841         -1.16507756e-07 2.11957741e-03 1.83164162e-07 -1.04728478e-07 2.14448996e-03 1.89930302e-07 -1.17792780e-08 -2.49125549e-05 -6.76614005e-09
2.243562         1.74597713e-07 2.08589604e-03 -1.65132943e-07 1.85957920e-07 2.11139915e-03 -1.57895790e-07 -1.13602071e-08 -2.55031104e-05 -7.23715245e-09
2.244282         -3.94029611e-07 2.31569923e-03 4.56498658e-07 -3.82804897e-07 2.34152425e-03 4.63916382e-07 -1.12247149e-08 -2.58250186e-05 -7.41772459e-09
2.245003         -5.50822803e-06 2.52730578e-03 5.33238292e-06 -5.49463504e-06 2.55347716e-03 5.33760737e-06 -1.35929882e-08 -2.61713821e-05 -5.22444953e-09
2.245723         -1.74336936e-06 3.28690811e-03 1.66778762e-06 -1.72934289e-06 3.31372509e-03 1.67264940e-06 -1.40264749e-08 -2.68169804e-05 -4.86178039e-09
2.246422         -3.70026014e-08 2.17800018e-03 1.35739150e-07 -2.34732952e-08 2.20512969e-03 1.41095637e-07 -1.35293062e-08 -2.71295094e-05 -5.35648673e-09
2.247144         -6.16506453e-07 1.70292007e-03 7.17913414e-07 -6.03235735e-07 1.73035057e-03 7.23517265e-07 -1.32707186e-08 -2.74304994e-05 -5.60385048e-09
2.247865         2.54637882e-07 1.91642972e-03 -7.94686641e-08 2.67149988e-07 1.94474021e-03 -7.31896093e-08 -1.25121067e-08 -2.83104894e-05 -6.27905475e-09
2.248563         -1.32325825e-06 2.35008686e-03 1.24911638e-06 -1.31066826e-06 2.37884985e-03 1.25529258e-06 -1.25899965e-08 -2.87629940e-05 -6.17619945e-09
2.249261         -3.57670616e-06 2.53437546e-03 3.48793969e-06 -3.56306247e-06 2.56335615e-03 3.49306278e-06 -1.36436925e-08 -2.89806825e-05 -5.12309551e-09
2.249959         -1.77632899e-06 2.16502373e-03 1.78550124e-06 -1.76253907e-06 2.19454915e-03 1.79040443e-06 -1.37899272e-08 -2.95254188e-05 -4.90318598e-09
2.250656         -5.11635661e-06 2.29211574e-03 5.14086482e-06 -5.10082308e-06 2.32215362e-03 5.14399321e-06 -1.55335335e-08 -3.00378850e-05 -3.12838359e-09
2.251354         3.80259455e-06 2.01547057e-03 -3.79038926e-06 3.81567696e-06 2.04606777e-03 -3.78490056e-06 -1.30824117e-08 -3.05972059e-05 -5.48870107e-09
2.252052         -2.96450453e-07 3.69216843e-03 3.68337592e-07 -2.83755247e-07 3.72285792e-03 3.74173634e-07 -1.26952053e-08 -3.06894936e-05 -5.83604203e-09
2.25275          -4.23098080e-07 3.47220440e-03 5.11218699e-07 -4.10749996e-07 3.50304211e-03 5.17376353e-07 -1.23480835e-08 -3.08377138e-05 -6.15765392e-09
2.253448         -3.16407062e-07 1.05301243e-03 3.80280916e-07 -3.04495753e-07 1.08449741e-03 3.86866905e-07 -1.19113088e-08 -3.14849851e-05 -6.58598809e-09
2.254146         9.17238035e-07 2.72007002e-03 -8.57520491e-07 9.28201036e-07 2.75192293e-03 -8.50010538e-07 -1.09630017e-08 -3.18529048e-05 -7.50995266e-09
2.254814         9.97284950e-08 3.80383513e-03 5.10082642e-08 1.10207175e-07 3.83596967e-03 5.89860965e-08 -1.04786801e-08 -3.21345412e-05 -7.97783234e-09
2.255481         6.95568208e-06 2.66009356e-03 -5.75083184e-06 6.96281673e-06 2.69250441e-03 -5.73980085e-06 -7.13464227e-09 -3.24108437e-05 -1.10309908e-08
2.256149         -3.52147137e-06 2.63526298e-03 2.85594814e-06 -3.51317028e-06 2.66801656e-03 2.86603156e-06 -8.30108215e-09 -3.27535772e-05 -1.00834228e-08
2.256816         -1.61450748e-06 2.21949444e-03 1.71582554e-06 -1.60577214e-06 2.25290808e-03 1.72552602e-06 -8.73534715e-09 -3.34136372e-05 -9.70048017e-09
2.257484         -4.99957936e-07 3.64035228e-03 6.13016869e-07 -4.91235610e-07 3.67376736e-03 6.22739431e-07 -8.72232575e-09 -3.34150765e-05 -9.72256128e-09
2.258151         -4.82155633e-06 4.52004488e-03 4.30983900e-06 -4.81097407e-06 4.55319289e-03 4.31788981e-06 -1.05822547e-08 -3.31480010e-05 -8.05081058e-09
2.258819         2.68813825e-06 6.20889111e-04 -1.98497935e-06 2.69739030e-06 6.55196271e-04 -1.97578450e-06 -9.25204086e-09 -3.43071598e-05 -9.19484803e-09
2.259487         -1.30966463e-09 2.07055348e-03 1.86529616e-07 7.83684915e-09 2.10543783e-03 1.95803465e-07 -9.14651378e-09 -3.48843521e-05 -9.27384953e-09
2.260154         -1.97961257e-07 6.45079249e-03 3.35072696e-07 -1.88798082e-07 6.48499726e-03 3.44295765e-07 -9.16317501e-09 -3.42047659e-05 -9.22306923e-09
2.260822         -1.42158102e-05 2.81279774e-03 1.48646556e-05 -1.42004196e-05 2.84734714e-03 1.48677037e-05 -1.53906755e-08 -3.45494074e-05 -3.04805718e-09
2.261489         1.19854905e-05 1.00980959e-03 -1.19446676e-05 1.19953938e-05 1.04501138e-03 -1.19362746e-05 -9.90330529e-09 -3.52017889e-05 -8.39305546e-09
2.262157         1.23309453e-06 3.60884220e-03 -1.12295328e-06 1.24248766e-06 3.64433105e-03 -1.11407356e-06 -9.39313124e-09 -3.54888532e-05 -8.87972487e-09
2.262824         4.37968652e-07 3.71088055e-03 -1.45333903e-07 4.47273413e-07 3.74663428e-03 -1.36394081e-07 -9.30476018e-09 -3.57537278e-05 -8.93982209e-09
2.263492         -1.03006664e-07 4.10140050e-03 3.62395556e-07 -9.35171150e-08 4.13728160e-03 3.71129697e-07 -9.48954890e-09 -3.58810925e-05 -8.73414091e-09
2.264159         5.51931250e-06 3.39056349e-03 -5.03051204e-06 5.52648922e-06 3.42657690e-03 -5.01957047e-06 -7.17672770e-09 -3.60134071e-05 -1.09415648e-08
2.264827         -4.58800049e-07 3.36573062e-03 7.43501187e-07 -4.50963642e-07 3.40179597e-03 7.53834571e-07 -7.83640713e-09 -3.60653501e-05 -1.03333833e-08
2.265495         1.18573917e-06 2.56868826e-03 -8.32200679e-07 1.19331434e-06 2.60538039e-03 -8.21644855e-07 -7.57517400e-09 -3.66921292e-05 -1.05558241e-08
2.266162         9.53055254e-07 3.17036896e-03 -6.33632031e-07 9.60343709e-07 3.20741028e-03 -6.22817551e-07 -7.28845523e-09 -3.70413260e-05 -1.08144797e-08
2.26683          1.30977762e-06 4.86900961e-03 -9.68613808e-07 1.31680897e-06 4.90578659e-03 -9.57559845e-07 -7.03134614e-09 -3.67769844e-05 -1.10539631e-08
2.267497         -2.15490705e-07 4.01902590e-03 5.67338559e-07 -2.08124301e-07 4.05606367e-03 5.78024506e-07 -7.36640430e-09 -3.70377725e-05 -1.06859475e-08
2.268165         3.63878512e-07 3.86239947e-03 1.33277054e-08 3.71233813e-07 3.89986788e-03 2.39671281e-08 -7.35530093e-09 -3.74684031e-05 -1.06394227e-08
2.268832         2.95514135e-06 3.18995036e-03 -2.54575759e-06 2.96137446e-06 3.22755393e-03 -2.53410748e-06 -6.23311719e-09 -3.76035717e-05 -1.16501069e-08
2.2695           -3.64127105e-06 3.44248358e-03 3.66489676e-06 -3.63323823e-06 3.48017006e-03 3.67483813e-06 -8.03281144e-09 -3.76864857e-05 -9.94136615e-09
2.270145         1.43672222e-06 4.78955973e-03 -7.10149573e-07 1.44418807e-06 4.82710707e-03 -6.99841928e-07 -7.46585692e-09 -3.75473379e-05 -1.03076444e-08
2.27079          7.03350440e-07 3.99454773e-03 -3.20328198e-07 7.10730850e-07 4.03237227e-03 -3.09991584e-07 -7.38041063e-09 -3.78245434e-05 -1.03366137e-08
2.271435         1.76543361e-06 3.70877029e-03 -1.20181750e-06 1.77230658e-06 3.74705485e-03 -1.19106953e-06 -6.87296700e-09 -3.82845580e-05 -1.07479676e-08
2.27208          -8.90149243e-07 3.12631722e-03 1.30511140e-06 -8.82636506e-07 3.16480026e-03 1.31517443e-06 -7.51273776e-09 -3.84830426e-05 -1.00630217e-08
2.272725         -2.84049417e-07 3.45194585e-03 6.40630451e-07 -2.76083412e-07 3.49055221e-03 6.50201431e-07 -7.96600572e-09 -3.86063624e-05 -9.57098056e-09
2.27337          3.13731500e-06 4.77100011e-03 -2.97271156e-06 3.14425296e-06 4.80952362e-03 -2.96216752e-06 -6.93796266e-09 -3.85235156e-05 -1.05440380e-08
2.274004         8.14208812e-07 4.48257978e-03 -4.21424253e-07 8.21220970e-07 4.52119532e-03 -4.10989986e-07 -7.01215769e-09 -3.86155319e-05 -1.04342672e-08
2.274639         5.93766250e-07 4.43097582e-03 -2.37344648e-07 6.00791703e-07 4.46978668e-03 -2.26981537e-07 -7.02545319e-09 -3.88108633e-05 -1.03631109e-08
2.275274         6.42006042e-07 3.44018870e-03 -2.78125423e-07 6.48999589e-07 3.47935364e-03 -2.67785063e-07 -6.99354703e-09 -3.91649325e-05 -1.03403594e-08
2.275909         1.93539862e-07 2.87646734e-03 2.13603331e-07 2.01010308e-07 2.91607019e-03 2.23421943e-07 -7.47044681e-09 -3.96028553e-05 -9.81861196e-09
2.276544         4.69058975e-07 5.85077131e-03 2.41845102e-08 4.76731547e-07 5.88987771e-03 3.36779428e-08 -7.67257153e-09 -3.91063999e-05 -9.49343255e-09
2.277179         -4.33347952e-06 5.56214940e-03 4.25270918e-06 -4.32363076e-06 5.60096887e-03 4.26006797e-06 -9.84875643e-09 -3.88194658e-05 -7.35878649e-09
2.277814         4.65248335e-06 2.67835193e-03 -3.91163787e-06 4.66062328e-06 2.71774544e-03 -3.90280327e-06 -8.13992453e-09 -3.93935165e-05 -8.83459691e-09
2.278448         -1.17058030e-06 3.56295004e-03 1.42760287e-06 -1.16159474e-06 3.60266059e-03 1.43551726e-06 -8.98556674e-09 -3.97105459e-05 -7.91438806e-09
2.279083         1.01294348e-07 4.35779601e-03 2.72205695e-07 1.10515059e-07 4.39774894e-03 2.79757158e-07 -9.22071052e-09 -3.99529298e-05 -7.55146265e-09
2.279718         -2.24812664e-06 4.78146883e-03 2.45993389e-06 -2.23739016e-06 4.82133728e-03 2.46589461e-06 -1.07364833e-08 -3.98684505e-05 -5.96071768e-09
2.280353         -3.86247012e-06 5.14523164e-03 3.55472579e-06 -3.84972612e-06 5.18488092e-03 3.55875171e-06 -1.27440020e-08 -3.96492770e-05 -4.02591893e-09
2.280988         2.46162343e-06 4.65736977e-03 -1.64209855e-06 2.47371974e-06 4.69704078e-03 -1.63767386e-06 -1.20963099e-08 -3.96710085e-05 -4.42468877e-09
2.281623         -1.36911852e-06 4.61899829e-03 1.85151815e-06 -1.35603173e-06 4.65871916e-03 1.85484896e-06 -1.30867967e-08 -3.97208780e-05 -3.33081126e-09
2.282245         -2.81581145e-06 4.48476587e-03 3.25134464e-06 -2.80121518e-06 4.52482648e-03 3.25307790e-06 -1.45962753e-08 -4.00606113e-05 -1.73326344e-09
2.282868         2.53510246e-06 4.57084482e-03 -2.02611482e-06 2.54884376e-06 4.61100344e-03 -2.02369530e-06 -1.37413078e-08 -4.01586185e-05 -2.41952880e-09
2.283491         8.79119557e-08 5.04255179e-03 3.65566097e-07 1.01850104e-07 5.08247083e-03 3.67680071e-07 -1.39381486e-08 -3.99190383e-05 -2.11397448e-09
2.284113         -5.49828308e-08 4.75833447e-03 7.31091803e-07 -4.08401278e-08 4.79826342e-03 7.32953352e-07 -1.41427030e-08 -3.99289466e-05 -1.86154867e-09
2.284736         -7.63472266e-07 4.36599469e-03 1.16023292e-06 -7.48794753e-07 4.40601925e-03 1.16158729e-06 -1.46775125e-08 -4.00245623e-05 -1.35436183e-09
2.285358         4.53393280e-06 4.57764495e-03 -4.12883579e-06 4.54674340e-06 4.61773314e-03 -4.12562423e-06 -1.28105946e-08 -4.00881819e-05 -3.21155735e-09
2.285981         -2.29061634e-06 4.74889655e-03 2.69580751e-06 -2.27666537e-06 4.78905467e-03 2.69792569e-06 -1.39509669e-08 -4.01581214e-05 -2.11818380e-09
2.28659          -2.32288770e-07 3.96783349e-03 6.84935927e-07 -2.18185305e-07 4.00804382e-03 6.86898785e-07 -1.41034649e-08 -4.02103333e-05 -1.96285836e-09
2.287199         2.31659621e-07 4.42145530e-03 3.53850806e-07 2.45426882e-07 4.46166746e-03 3.56206883e-07 -1.37672610e-08 -4.02121595e-05 -2.35607647e-09
2.287808         1.47524471e-07 6.19912523e-03 4.39518489e-07 1.60872205e-07 6.23915269e-03 4.42384460e-07 -1.33477339e-08 -4.00274595e-05 -2.86597044e-09
2.288418         -2.27989245e-08 5.24344335e-03 3.51050091e-07 -9.70845002e-09 5.28347514e-03 3.54273331e-07 -1.30904745e-08 -4.00317883e-05 -3.22324050e-09
2.289027         2.49972324e-07 4.67830720e-03 1.00872848e-07 2.62732013e-07 4.71853426e-03 1.04487355e-07 -1.27596891e-08 -4.02270629e-05 -3.61450644e-09
2.289636         -3.49088792e-07 5.37416768e-03 7.38257100e-07 -3.36475051e-07 5.41426516e-03 7.42065682e-07 -1.26137402e-08 -4.00974784e-05 -3.80858172e-09
2.290245         -5.02653051e-07 6.62926382e-03 8.91749527e-07 -4.90040631e-07 6.66896663e-03 8.95610697e-07 -1.26124199e-08 -3.97028134e-05 -3.86116984e-09
2.290854         2.55896171e-07 4.24248803e-03 1.02612308e-07 2.67976596e-07 4.28240533e-03 1.07047235e-07 -1.20804249e-08 -3.99173037e-05 -4.43492751e-09
2.291463         2.47658201e-06 3.33461485e-03 -1.94445844e-06 2.48720204e-06 3.37489277e-03 -1.93853653e-06 -1.06200323e-08 -4.02779228e-05 -5.92190772e-09
2.292072         -8.07583098e-07 5.24253054e-03 1.12777002e-06 -7.96976929e-07 5.28245570e-03 1.13376401e-06 -1.06061694e-08 -3.99251626e-05 -5.99399887e-09
2.292681         1.79876352e-06 5.28745047e-03 -1.27094612e-06 1.80823533e-06 5.32706909e-03 -1.26373690e-06 -9.47180448e-09 -3.96186221e-05 -7.20922628e-09
2.29329          6.18372041e-07 4.85725712e-03 -3.47909123e-07 6.27232495e-07 4.89707342e-03 -3.39965061e-07 -8.86045457e-09 -3.98163011e-05 -7.94406125e-09
2.293882         -7.33262608e-07 5.25172880e-03 9.33062904e-07 -7.24359360e-07 5.29157256e-03 9.41049543e-07 -8.90324799e-09 -3.98437659e-05 -7.98663902e-09
2.294474         1.76909857e-06 6.62304669e-03 -1.54751492e-06 1.77708170e-06 6.66249081e-03 -1.53859639e-06 -7.98312255e-09 -3.94441233e-05 -8.91853194e-09
2.295065         -4.58271565e-07 5.54099016e-03 7.22918612e-07 -4.50754428e-07 5.58034128e-03 7.32421226e-07 -7.51713714e-09 -3.93511266e-05 -9.50261438e-09
2.295657         -1.96042692e-06 4.80452826e-03 1.68035767e-06 -1.95281703e-06 4.84413655e-03 1.69002092e-06 -7.60988539e-09 -3.96082985e-05 -9.66325478e-09
2.296249         1.37287902e-06 5.19468244e-03 -8.07096356e-07 1.37964509e-06 5.23419882e-03 -7.96626095e-07 -6.76607389e-09 -3.95163821e-05 -1.04702605e-08
2.296841         -6.27480825e-06 5.57403500e-03 5.42205114e-06 -6.26562587e-06 5.61318892e-03 5.43029505e-06 -9.18238093e-09 -3.91539264e-05 -8.24390824e-09
2.297432         4.32561165e-06 5.18723919e-03 -3.12933912e-06 4.33281845e-06 5.22628769e-03 -3.11930011e-06 -7.20679501e-09 -3.90484908e-05 -1.00390098e-08
2.298024         -3.83906518e-07 5.09625296e-03 6.86757096e-07 -3.76825902e-07 5.13524197e-03 6.96898921e-07 -7.08061678e-09 -3.89890138e-05 -1.01418249e-08
2.298616         1.53120741e-06 5.21267919e-03 -1.47646381e-06 1.53739454e-06 5.25158130e-03 -1.46543851e-06 -6.18713715e-09 -3.89021147e-05 -1.10252984e-08
2.299207         1.64568623e-07 5.20190602e-03 -9.97276710e-08 1.70213886e-07 5.24070000e-03 -8.81540269e-08 -5.64526324e-09 -3.87939838e-05 -1.15736441e-08
2.299799         -4.96764707e-07 5.26314630e-03 5.62938523e-07 -4.91435181e-07 5.30188105e-03 5.74854287e-07 -5.32952557e-09 -3.87347482e-05 -1.19157641e-08
2.300391         -4.03399784e-07 5.28846424e-03 3.51811015e-07 -3.98285834e-07 5.32715423e-03 3.64000856e-07 -5.11395053e-09 -3.86899869e-05 -1.21898406e-08
2.300983         2.34642437e-07 5.31219205e-03 -1.00694193e-07 2.39226281e-07 5.35061908e-03 -8.79406303e-08 -4.58384396e-09 -3.84270343e-05 -1.27535632e-08
2.301574         1.23771976e-06 5.35959386e-03 -1.00939970e-06 1.24164697e-06 5.39776969e-03 -9.96002936e-07 -3.92721129e-09 -3.81758343e-05 -1.33967664e-08
2.302166         -5.08968974e-07 6.71729430e-03 5.47408896e-07 -5.05000971e-07 6.75529129e-03 5.60770715e-07 -3.96800309e-09 -3.79969896e-05 -1.33618192e-08
2.302758         4.10192917e-07 6.33328723e-03 -3.82789590e-07 4.13459303e-07 6.37109641e-03 -3.68663200e-07 -3.26638580e-09 -3.78091854e-05 -1.41263904e-08
2.303349         4.95874208e-06 5.63263028e-03 -4.81104916e-06 4.95950183e-06 5.67019625e-03 -4.79440730e-06 -7.59750649e-10 -3.75659682e-05 -1.66418631e-08
2.303941         -6.69183907e-06 5.22816697e-03 6.67621267e-06 -6.68860770e-06 5.26559118e-03 6.69048544e-06 -3.23136776e-09 -3.74242082e-05 -1.42727692e-08
2.304533         -1.09681538e-06 4.87771215e-03 1.13558493e-06 -1.09339020e-06 4.91516662e-03 1.14969023e-06 -3.42518417e-09 -3.74544754e-05 -1.41053059e-08
2.305124         -1.89241117e-06 5.25712125e-03 1.49249856e-06 -1.88836603e-06 5.29444053e-03 1.50607245e-06 -4.04513530e-09 -3.73192825e-05 -1.35738958e-08
2.305716         -3.76477380e-06 5.82617035e-03 3.52057423e-06 -3.75971476e-06 5.86318179e-03 3.53330155e-06 -5.05904251e-09 -3.70114450e-05 -1.27273231e-08
2.306308         2.32943940e-06 5.46587874e-03 -1.55543570e-06 2.33336692e-06 5.50266774e-03 -1.54161794e-06 -3.92751841e-09 -3.67890051e-05 -1.38177585e-08
2.3069           9.37559698e-07 5.41619381e-03 -7.89830986e-07 9.40818182e-07 5.45271039e-03 -7.75316028e-07 -3.25848385e-09 -3.65165836e-05 -1.45149576e-08
2.307491         1.16141539e-06 5.28935399e-03 -8.86955003e-07 1.16407049e-06 5.32578512e-03 -8.71895541e-07 -2.65510113e-09 -3.64311345e-05 -1.50594616e-08
2.308083         5.32396209e-07 5.35154107e-03 -4.91648654e-07 5.34705590e-07 5.38797323e-03 -4.76280478e-07 -2.30938080e-09 -3.64321612e-05 -1.53681759e-08
2.308675         -2.74678453e-07 6.28004656e-03 3.10063826e-07 -2.72384868e-07 6.31615938e-03 3.25366214e-07 -2.29358527e-09 -3.61128143e-05 -1.53023879e-08
2.309266         -2.13435660e-06 6.71175972e-03 2.04859051e-06 -2.13158878e-06 6.74750862e-03 2.06338575e-06 -2.76781851e-09 -3.57488923e-05 -1.47952381e-08
2.309858         1.12011489e-06 4.57097803e-03 -5.50562536e-07 1.12188372e-06 4.60654869e-03 -5.34849827e-07 -1.76883516e-09 -3.55706637e-05 -1.57127084e-08
2.31045          4.74194379e-07 4.73956290e-03 -2.55601574e-07 4.75192578e-07 4.77490049e-03 -2.39169626e-07 -9.98198896e-10 -3.53375893e-05 -1.64319483e-08
2.311041         -3.21686846e-06 6.38117746e-03 4.05554984e-06 -3.21517106e-06 6.41631566e-03 4.07102078e-06 -1.69739621e-09 -3.51382020e-05 -1.54709442e-08
2.311633         2.70096751e-06 6.08933245e-03 -3.24736084e-06 2.70101478e-06 6.12428595e-03 -3.23002853e-06 -4.72677255e-11 -3.49534974e-05 -1.73323104e-08
2.312225         7.61675784e-07 4.56985246e-03 -3.11976362e-07 7.60873352e-07 4.60459816e-03 -2.93810477e-07 8.02432867e-10 -3.47457048e-05 -1.81658852e-08
2.312817         -8.10159238e-07 5.26963472e-03 9.78267626e-07 -8.11055736e-07 5.30412108e-03 9.96540275e-07 8.96497727e-10 -3.44863608e-05 -1.82726490e-08
2.313408         2.64551467e-06 6.47130413e-03 -2.01121759e-06 2.64325645e-06 6.50538714e-03 -1.99175107e-06 2.25822187e-09 -3.40830166e-05 -1.94665224e-08
2.314            1.62058238e-06 6.06026875e-03 -9.58341420e-07 1.61727974e-06 6.09408408e-03 -9.37919285e-07 3.30263776e-09 -3.38153325e-05 -2.04221342e-08
2.314571         -1.04025099e-07 5.54362413e-03 5.18892725e-07 -1.07675578e-07 5.57728849e-03 5.39614777e-07 3.65047884e-09 -3.36643558e-05 -2.07220527e-08
2.315141         2.95049955e-08 5.30488947e-03 4.82437626e-07 2.56474812e-08 5.33834911e-03 5.03325037e-07 3.85751430e-09 -3.34596377e-05 -2.08874112e-08
2.315712         2.34093686e-07 4.90666645e-03 3.46883607e-07 2.29940369e-07 4.93988102e-03 3.67959889e-07 4.15331663e-09 -3.32145641e-05 -2.10762821e-08
2.316282         6.39550833e-06 5.74313108e-03 -4.33485327e-06 6.38843114e-06 5.77601463e-03 -4.31137880e-06 7.07719101e-09 -3.28835534e-05 -2.34744644e-08
2.316853         4.24570378e-06 6.70183774e-03 -3.70796115e-06 4.23662723e-06 6.73434790e-03 -3.68259429e-06 9.07655247e-09 -3.25101578e-05 -2.53668546e-08
2.317415         6.52260279e-07 5.84592635e-03 -1.05309846e-07 6.42637003e-07 5.87825184e-03 -7.95209907e-08 9.62327615e-09 -3.23254874e-05 -2.57888550e-08
2.317978         7.30465421e-07 5.47855796e-03 -1.05254989e-07 7.20371420e-07 5.51081371e-03 -7.91086682e-08 1.00940011e-08 -3.22557544e-05 -2.61463206e-08
2.318533         -1.17615967e-05 5.37778008e-03 1.28002165e-05 -1.17674854e-05 5.40974325e-03 1.28219129e-05 5.88868466e-09 -3.19631734e-05 -2.16963953e-08
2.319088         9.00858414e-06 5.07119005e-03 -8.70139101e-06 8.99954234e-06 5.10275757e-03 -8.67641281e-06 9.04180031e-09 -3.15675123e-05 -2.49782061e-08
2.319643         2.09023717e-06 5.89795635e-03 -1.44383404e-06 2.08074177e-06 5.92921379e-03 -1.41839232e-06 9.49539490e-09 -3.12574449e-05 -2.54417154e-08
2.320199         -2.87928546e-06 6.64407897e-03 2.72627181e-06 -2.88717793e-06 6.67504399e-03 2.75028258e-06 7.89246995e-09 -3.09650190e-05 -2.40107764e-08
2.320746         -3.54763393e-08 5.98940396e-03 7.25519501e-07 -4.29631212e-08 6.02014538e-03 7.49090968e-07 7.48678197e-09 -3.07414205e-05 -2.35714671e-08
2.321293         -1.17862466e-06 4.37445430e-03 1.90296059e-06 -1.18530780e-06 4.40503232e-03 1.92572737e-06 6.68313701e-09 -3.05780162e-05 -2.27667832e-08
2.32184          2.92593306e-07 5.43770814e-03 6.17873128e-07 2.86015918e-07 5.46810693e-03 6.40477552e-07 6.57738878e-09 -3.03987875e-05 -2.26044240e-08
2.322387         6.23993111e-07 5.78189704e-03 3.18640770e-07 6.17279282e-07 5.81220151e-03 3.41362848e-07 6.71382918e-09 -3.03044740e-05 -2.27220783e-08
2.322934         1.86087766e-06 5.93991947e-03 -7.79578940e-07 1.85367302e-06 5.96989194e-03 -7.56383393e-07 7.20463793e-09 -2.99724724e-05 -2.31955465e-08
2.323473         9.43650893e-07 5.86740754e-03 1.07173692e-07 9.36428952e-07 5.89691228e-03 1.30369933e-07 7.22194108e-09 -2.95047465e-05 -2.31962410e-08
2.324012         9.71310557e-07 5.95082873e-03 3.07905757e-08 9.64156451e-07 5.98000781e-03 5.39040370e-08 7.15410588e-09 -2.91790761e-05 -2.31134614e-08
2.324551         2.22070306e-06 5.56592931e-03 -1.41190639e-06 2.21314838e-06 5.59485802e-03 -1.38838834e-06 7.55467084e-09 -2.89287154e-05 -2.35180484e-08
2.32509          4.95157084e-07 5.09138351e-03 9.04868476e-07 4.87928725e-07 5.12012015e-03 9.28005873e-07 7.22835908e-09 -2.87366336e-05 -2.31373974e-08
2.325629         -6.05624486e-07 5.07549926e-03 1.76607280e-06 -6.12205903e-07 5.10412634e-03 1.78850620e-06 6.58141741e-09 -2.86270775e-05 -2.24333922e-08
2.326168         8.53020717e-07 5.41436393e-03 3.20870458e-07 8.46223924e-07 5.44277212e-03 3.43502135e-07 6.79679275e-09 -2.84081871e-05 -2.26316768e-08
2.326706         7.20428459e-07 5.72096167e-03 4.05345904e-07 7.13603414e-07 5.74906354e-03 4.27979103e-07 6.82504502e-09 -2.81018656e-05 -2.26331990e-08
2.327245         2.53872095e-06 5.60611647e-03 -1.22307022e-06 2.53138233e-06 5.63395914e-03 -1.20000733e-06 7.33862096e-09 -2.78426652e-05 -2.30628867e-08
2.327775         5.17831547e-06 6.16592303e-03 -3.11669127e-06 5.16969375e-06 6.19350383e-03 -3.09257979e-06 8.62172218e-09 -2.75807998e-05 -2.41114818e-08
2.328305         -3.10920407e-06 5.66282998e-03 3.14949740e-06 -3.11615523e-06 5.69013465e-03 3.17204392e-06 6.95115738e-09 -2.73046735e-05 -2.25465122e-08
2.328835         9.29774444e-07 4.82486418e-03 8.98998392e-08 9.22798636e-07 4.85191365e-03 1.12382604e-07 6.97580789e-09 -2.70494705e-05 -2.24827653e-08
2.329364         9.32479994e-07 5.15062251e-03 2.20294624e-07 9.25139847e-07 5.17739740e-03 2.43059098e-07 7.34014710e-09 -2.67748857e-05 -2.27644742e-08
2.329894         1.09449650e-06 5.78999499e-03 1.95268899e-07 1.08661405e-06 5.81655366e-03 2.18455650e-07 7.88245753e-09 -2.65586693e-05 -2.31867511e-08
2.330424         5.18232469e-06 5.83062733e-03 -3.20964482e-06 5.17257818e-06 5.85690935e-03 -3.18487803e-06 9.74650950e-09 -2.62820271e-05 -2.47667961e-08
2.330954         -1.54081358e-06 5.78727082e-03 2.81001007e-06 -1.54978663e-06 5.81331623e-03 2.83384881e-06 8.97305237e-09 -2.60454130e-05 -2.38387392e-08
2.331483         1.15982635e-06 5.64093647e-03 4.59075197e-08 1.15059803e-06 5.66678756e-03 6.98795506e-08 9.22832051e-09 -2.58510814e-05 -2.39720310e-08
2.332013         2.23163573e-06 4.63937512e-03 -1.05152027e-06 2.22170216e-06 4.66511525e-03 -1.02692344e-06 9.93357153e-09 -2.57401292e-05 -2.45968274e-08
2.332543         7.38534161e-07 4.01508813e-03 5.72228008e-07 7.28402225e-07 4.04074532e-03 5.96931050e-07 1.01319366e-08 -2.56571917e-05 -2.47030426e-08
2.333072         -5.60533730e-06 6.36243978e-03 7.96002714e-06 -5.61360337e-06 6.38762256e-03 7.98248642e-06 8.26607932e-09 -2.51827772e-05 -2.24592802e-08
2.333602         5.54264978e-06 7.09756804e-03 -4.91421891e-06 5.53248115e-06 7.12217761e-03 -4.88979738e-06 1.01686329e-08 -2.46095652e-05 -2.44215366e-08
2.334132         2.13697607e-06 4.66296925e-03 -8.54538102e-07 2.12604289e-06 4.68754338e-03 -8.29382076e-07 1.09331780e-08 -2.45741314e-05 -2.51560263e-08
2.334662         1.95145903e-06 3.53002194e-03 -5.98889465e-07 1.93985782e-06 3.55479944e-03 -5.73141909e-07 1.16012091e-08 -2.47774985e-05 -2.57475559e-08
2.335191         -2.04944743e-06 5.46339181e-03 3.42466354e-06 -2.06012860e-06 5.48778712e-03 3.44946207e-06 1.06811678e-08 -2.43953093e-05 -2.47985316e-08
2.335721         1.15510476e-06 6.71693964e-03 2.69715939e-07 1.14437147e-06 6.74066598e-03 2.94438879e-07 1.07332931e-08 -2.37263397e-05 -2.47229407e-08
2.336251         -1.41493500e-06 6.03345790e-03 3.28226227e-06 -1.42479446e-06 6.05689046e-03 3.30582693e-06 9.85946529e-09 -2.34325622e-05 -2.35646598e-08
2.336781         2.95464274e-06 5.97645511e-03 -1.92481674e-06 2.94397378e-06 5.99973728e-03 -1.90045151e-06 1.06689680e-08 -2.32821680e-05 -2.43652338e-08
2.33731          1.38881833e-06 5.23304415e-03 2.63557645e-08 1.37790874e-06 5.25617244e-03 5.08156922e-08 1.09095962e-08 -2.31282904e-05 -2.44599277e-08
2.33784          9.25256157e-07 3.47562333e-03 5.43488752e-07 9.14230106e-07 3.49869622e-03 5.67941241e-07 1.10260510e-08 -2.30728919e-05 -2.44524882e-08
2.33837          9.78071707e-07 4.25225893e-03 5.42303065e-07 9.66823598e-07 4.27519308e-03 5.66885564e-07 1.12481096e-08 -2.29341501e-05 -2.45824983e-08
2.3389           1.20133233e-06 6.55248066e-03 3.46301480e-07 1.18967250e-06 6.57515834e-03 3.71229249e-07 1.16598280e-08 -2.26776788e-05 -2.49277683e-08
2.339429         -3.35043446e-06 5.54571649e-03 4.24318738e-06 -3.36085816e-06 5.56820576e-03 4.26687391e-06 1.04236940e-08 -2.24892669e-05 -2.36865364e-08
2.339959         -5.47929726e-08 3.65366820e-03 1.92829332e-06 -6.53691121e-08 3.67594455e-03 1.95212167e-06 1.05761396e-08 -2.22763479e-05 -2.38283450e-08
2.340489         4.69667728e-06 4.38761147e-03 -2.78679311e-06 4.68428457e-06 4.40962431e-03 -2.76116853e-06 1.23927071e-08 -2.20128373e-05 -2.56245844e-08
2.341019         1.65621322e-06 5.73335740e-03 -9.18066380e-08 1.64307262e-06 5.75500609e-03 -6.53489119e-08 1.31406056e-08 -2.16486911e-05 -2.64577261e-08
2.341548         6.74182931e-07 5.95912641e-03 9.39166077e-07 6.60892222e-07 5.98045160e-03 9.65844661e-07 1.32907096e-08 -2.13251877e-05 -2.66785838e-08
2.342078         1.56377531e-06 4.99392388e-03 5.32198019e-08 1.55011136e-06 5.01507756e-03 8.02974448e-08 1.36639433e-08 -2.11536754e-05 -2.70776429e-08
2.342608         -2.20103939e-06 5.19283492e-03 3.03522596e-06 -2.21356209e-06 5.21381416e-03 3.06122166e-06 1.25227070e-08 -2.09792352e-05 -2.59956955e-08
2.343138         6.50677330e-06 5.09419475e-03 -3.67527187e-06 6.49229955e-06 5.11481776e-03 -3.64753853e-06 1.44737547e-08 -2.06230127e-05 -2.77333427e-08
2.343667         1.42818967e-06 5.53837760e-03 9.23173637e-08 1.41374112e-06 5.55858888e-03 1.19923267e-07 1.44485491e-08 -2.02112794e-05 -2.76059034e-08
2.344197         1.33044160e-06 4.38011486e-03 3.53122772e-07 1.31608103e-06 4.40034264e-03 3.80466444e-07 1.43605764e-08 -2.02277782e-05 -2.73436719e-08
2.344727         -2.59112063e-07 3.55534266e-03 1.93694645e-06 -2.72764551e-07 3.57573150e-03 1.96339954e-06 1.36524887e-08 -2.03888366e-05 -2.64530841e-08
2.345257         2.22536874e-06 5.64043531e-03 -1.58312567e-07 2.21155512e-06 5.66043871e-03 -1.31937378e-07 1.38136216e-08 -2.00033989e-05 -2.63751891e-08
2.345786         -1.54145043e-06 6.51276917e-03 4.09609993e-06 -1.55390891e-06 6.53223376e-03 4.12077736e-06 1.24584772e-08 -1.94645922e-05 -2.46774264e-08
2.346316         2.54815507e-06 5.02005122e-03 -1.61811678e-06 2.53577659e-06 5.03934874e-03 -1.59356984e-06 1.23784837e-08 -1.92975186e-05 -2.45469360e-08
2.346846         2.00398593e-06 3.68672200e-03 -5.04574420e-07 1.99178071e-06 3.70607208e-03 -4.80275906e-07 1.22052260e-08 -1.93500870e-05 -2.42985149e-08
2.347401         1.39827808e-06 4.85169519e-03 1.15045003e-07 1.38629113e-06 4.87078887e-03 1.39079962e-07 1.19869482e-08 -1.90936789e-05 -2.40349595e-08
2.347956         7.97039088e-08 5.63748961e-03 1.19487125e-06 6.84441160e-08 5.65613458e-03 1.21818775e-06 1.12597928e-08 -1.86449681e-05 -2.33164989e-08
2.348511         1.72326790e-06 4.64116652e-03 -3.00412845e-07 1.71222047e-06 4.65960958e-03 -2.77428635e-07 1.10474291e-08 -1.84430652e-05 -2.29842104e-08
2.349066         -2.40498946e-06 4.25773582e-03 3.45833841e-06 -2.41426604e-06 4.27615968e-03 3.47955683e-06 9.27658311e-09 -1.84238558e-05 -2.12184255e-08
2.349621         9.31402572e-07 4.60766453e-03 4.98303164e-07 9.22616440e-07 4.62589236e-03 5.18910426e-07 8.78613228e-09 -1.82278223e-05 -2.06072616e-08
2.350176         2.07108038e-06 5.21649986e-03 -5.32184048e-07 2.06241732e-06 5.23431115e-03 -5.11861822e-07 8.66306318e-09 -1.78112923e-05 -2.03222261e-08
2.35073          1.21580174e-06 4.96483406e-03 3.46289557e-07 1.20758285e-06 4.98239914e-03 3.66025211e-07 8.21889151e-09 -1.75650801e-05 -1.97356535e-08
2.351285         1.31295891e-06 4.50186189e-03 2.96603272e-07 1.30512202e-06 4.51931408e-03 3.15810798e-07 7.83688791e-09 -1.74521951e-05 -1.92075257e-08
2.35184          1.99581584e-06 4.41641694e-03 -4.38312591e-07 1.98808109e-06 4.43367757e-03 -4.19347610e-07 7.73475769e-09 -1.72606322e-05 -1.89649812e-08
2.352395         1.86839526e-06 4.46653322e-03 -4.26228458e-07 1.86077584e-06 4.48355896e-03 -4.07501694e-07 7.61942500e-09 -1.70257461e-05 -1.87267637e-08
2.35295          1.54207661e-06 3.92223524e-03 -7.52359944e-08 1.53463206e-06 3.93908166e-03 -5.68030911e-08 7.44454532e-09 -1.68464242e-05 -1.84329033e-08
2.353505         8.77861527e-07 3.59298885e-03 7.39237024e-07 8.70769844e-07 3.60964972e-03 7.57181534e-07 7.09168339e-09 -1.66608746e-05 -1.79445100e-08
2.35406          2.91611560e-06 4.49055218e-03 -1.32357145e-06 2.90842710e-06 4.50698363e-03 -1.30507667e-06 7.68849826e-09 -1.64314490e-05 -1.84947738e-08
2.354615         1.67654959e-06 4.96585577e-03 1.24022430e-07 1.66877016e-06 4.98209242e-03 1.42502072e-07 7.77943152e-09 -1.62366557e-05 -1.84796415e-08
2.35517          2.55749629e-06 4.46973979e-03 -9.70824484e-07 2.54941044e-06 4.48577012e-03 -9.52147263e-07 8.08584750e-09 -1.60303311e-05 -1.86772204e-08
2.355725         2.21871935e-06 4.30733038e-03 -5.96932107e-07 2.21053640e-06 4.32310134e-03 -5.78326701e-07 8.18294964e-09 -1.57709606e-05 -1.86054055e-08
2.35628          1.48634078e-06 3.97962195e-03 1.06194363e-07 1.47840414e-06 3.99515750e-03 1.24332243e-07 7.93663486e-09 -1.55355480e-05 -1.81378803e-08
2.356835         3.02464313e-06 3.90907988e-03 -1.13219256e-06 3.01637394e-06 3.92438208e-03 -1.11398934e-06 8.26918564e-09 -1.53022005e-05 -1.82032220e-08
2.35739          1.28217429e-06 4.08148909e-03 8.02391955e-08 1.27417358e-06 4.09654829e-03 9.80613544e-08 8.00071685e-09 -1.50592027e-05 -1.78221589e-08
2.357945         -1.96371526e-06 4.24322667e-03 3.24074209e-06 -1.97024502e-06 4.25806715e-03 3.25690615e-06 6.52975864e-09 -1.48404762e-05 -1.61640587e-08
2.3585           3.30681753e-06 3.70427841e-03 -1.52259343e-06 3.29974349e-06 3.71891830e-03 -1.50607280e-06 7.07404798e-09 -1.46398877e-05 -1.65206314e-08
2.359071         5.09825019e-07 3.88406538e-03 9.52483822e-07 5.03237902e-07 3.89845448e-03 9.68370305e-07 6.58711662e-09 -1.43890973e-05 -1.58864830e-08
2.359641         2.90444846e-06 4.03766054e-03 -1.15414078e-06 2.89739580e-06 4.05181720e-03 -1.13802787e-06 7.05265437e-09 -1.41566651e-05 -1.61129114e-08
2.360212         -2.86652705e-07 3.76573947e-03 2.56494194e-06 -2.92940306e-07 3.77966203e-03 2.57999304e-06 6.28760079e-09 -1.39225554e-05 -1.50510946e-08
2.360782         6.54675633e-06 4.14863410e-03 -5.46843301e-06 6.53860638e-06 4.16239434e-03 -5.45174354e-06 8.14994850e-09 -1.37602433e-05 -1.66894699e-08
2.361353         -5.77639126e-07 4.11526646e-03 1.70828172e-06 -5.84843303e-07 4.12897285e-03 1.72392775e-06 7.20417659e-09 -1.37063899e-05 -1.56460309e-08
2.361923         1.74752132e-06 4.41665491e-03 -3.32151567e-07 1.74032988e-06 4.43007663e-03 -3.16750342e-07 7.19144271e-09 -1.34217269e-05 -1.54012243e-08
2.362494         1.02753905e-07 5.06688497e-03 8.22172186e-07 9.61782165e-08 5.07980187e-03 8.36905762e-07 6.57568811e-09 -1.29169009e-05 -1.47335757e-08
2.363064         4.07621587e-06 3.86160723e-03 -2.19844914e-06 4.06871265e-06 3.87428663e-03 -2.18315285e-06 7.50321807e-09 -1.26794047e-05 -1.52962916e-08
2.363635         2.46868257e-06 3.56138631e-03 -1.39517928e-06 2.46090208e-06 3.57387454e-03 -1.37973002e-06 7.78049031e-09 -1.24882277e-05 -1.54492581e-08
2.364205         2.94225873e-06 3.17227615e-03 -1.67832369e-06 2.93397483e-06 3.18462674e-03 -1.66254417e-06 8.28389931e-09 -1.23505856e-05 -1.57795210e-08
2.364776         2.81442631e-06 3.26929868e-03 -1.58077299e-06 2.80561031e-06 3.28153815e-03 -1.56463171e-06 8.81599889e-09 -1.22394721e-05 -1.61412746e-08
2.365346         2.36889278e-06 3.75086229e-03 -1.19025179e-06 2.35976928e-06 3.76289495e-03 -1.17395606e-06 9.12350046e-09 -1.20326636e-05 -1.62957254e-08
2.365925         4.65701454e-06 3.71566930e-03 -3.01699133e-06 4.64674938e-06 3.72750612e-03 -2.99984756e-06 1.02651568e-08 -1.18368231e-05 -1.71437660e-08
2.366505         2.91217689e-06 3.69360756e-03 -1.43519729e-06 2.90147636e-06 3.70525643e-03 -1.41779854e-06 1.07005302e-08 -1.16488650e-05 -1.73987483e-08
2.367084         -7.12546832e-07 4.24524073e-03 1.19461718e-06 -7.22222554e-07 4.25667968e-03 1.21113530e-06 9.67572170e-09 -1.14389448e-05 -1.65181163e-08
2.367663         5.68921200e-06 3.33644830e-03 -3.42692168e-06 5.67813687e-06 3.34765701e-03 -3.40941783e-06 1.10751255e-08 -1.12087128e-05 -1.75038513e-08
2.368243         2.38698323e-06 3.16134481e-03 -1.13755336e-06 2.37582128e-06 3.17231324e-03 -1.12002337e-06 1.11619495e-08 -1.09684332e-05 -1.75299889e-08
2.368822         2.96110325e-06 2.48526731e-03 -1.17600509e-06 2.94963776e-06 2.49605731e-03 -1.15831111e-06 1.14654898e-08 -1.07899996e-05 -1.76939796e-08
2.369401         3.06044878e-06 3.96652164e-03 -1.38350205e-06 3.04871004e-06 3.97707523e-03 -1.36570610e-06 1.17387410e-08 -1.05535890e-05 -1.77959476e-08
2.36998          4.04229232e-06 2.91214035e-03 -2.86509310e-06 4.03003401e-06 2.92263895e-03 -2.84680406e-06 1.22583105e-08 -1.04985929e-05 -1.82890473e-08
2.37057          1.06792111e-07 2.74726546e-03 1.97657087e-06 9.55075311e-08 2.75765635e-03 1.99367327e-06 1.12845800e-08 -1.03908946e-05 -1.71024038e-08
2.37116          7.39580576e-06 2.76754168e-03 -6.41197826e-06 7.38281289e-06 2.77783496e-03 -6.39311077e-06 1.29928724e-08 -1.02932856e-05 -1.88674929e-08
2.371749         3.45953825e-06 3.27236056e-03 -2.29372021e-06 3.44645589e-06 3.28248695e-03 -2.27471492e-06 1.30823543e-08 -1.01263884e-05 -1.90052875e-08
2.372339         -7.77492893e-07 3.77560465e-03 9.87731665e-07 -7.89071618e-07 3.78533522e-03 1.00552746e-06 1.15787249e-08 -9.73057559e-06 -1.77957973e-08
2.372929         6.99837587e-06 3.33901033e-03 -5.18092960e-06 6.98555210e-06 3.34850820e-03 -5.16217524e-06 1.28237632e-08 -9.49786535e-06 -1.87543666e-08
2.373518         1.91056680e-06 2.50412552e-03 -1.21744980e-06 1.89848240e-06 2.51362670e-03 -1.19936581e-06 1.20843977e-08 -9.50118009e-06 -1.80839887e-08
2.374108         4.69134944e-09 2.90221939e-03 2.10909614e-07 -5.83863585e-09 2.91160520e-03 2.27645350e-07 1.05299853e-08 -9.38581619e-06 -1.67357362e-08
2.374698         2.87358745e-06 2.86080924e-03 -2.04152537e-06 2.86333112e-06 2.87010450e-03 -2.02508800e-06 1.02563327e-08 -9.29525782e-06 -1.64373677e-08
2.375287         2.48326708e-06 3.36018984e-03 -1.49218714e-06 2.47340656e-06 3.36924270e-03 -1.47623017e-06 9.86051984e-09 -9.05285950e-06 -1.59569680e-08
2.375877         3.11755732e-06 3.20648085e-03 -2.17679506e-06 3.10790421e-06 3.21525141e-03 -2.16119124e-06 9.65310920e-09 -8.77056107e-06 -1.56038242e-08
2.376466         5.57469262e-07 2.93292497e-03 1.73445645e-07 5.49027735e-07 2.94145859e-03 1.87744920e-07 8.44152744e-09 -8.53361983e-06 -1.42992751e-08
2.377056         2.92245045e-06 2.79950111e-03 -1.87657092e-06 2.91428910e-06 2.80779602e-03 -1.86271861e-06 8.16134456e-09 -8.29491073e-06 -1.38523043e-08
2.377646         2.50163748e-06 2.81798081e-03 -1.52235547e-06 2.49395097e-06 2.82613724e-03 -1.50910930e-06 7.68650925e-09 -8.15643130e-06 -1.32461668e-08
2.378235         5.66528187e-06 2.77102355e-03 -4.25601107e-06 5.65682685e-06 2.77907198e-03 -4.24235014e-06 8.45501760e-09 -8.04842656e-06 -1.36609317e-08
2.378839         4.16423704e-06 2.63248632e-03 -3.17124985e-06 4.15560061e-06 2.64043765e-03 -3.15759069e-06 8.63643062e-09 -7.95133576e-06 -1.36591614e-08
2.379443         3.51358553e-06 2.64968212e-03 -2.64013029e-06 3.50497217e-06 2.65752672e-03 -2.62664479e-06 8.61335415e-09 -7.84460238e-06 -1.34854962e-08
2.380047         1.57493198e-06 1.61269626e-03 -5.85665497e-07 1.56712585e-06 1.62047430e-03 -5.73054218e-07 7.80613627e-09 -7.77803844e-06 -1.26112791e-08
2.380651         5.09050558e-06 2.02422501e-03 -4.12253053e-06 5.08198140e-06 2.03184981e-03 -4.10945236e-06 8.52417962e-09 -7.62480724e-06 -1.30781685e-08
2.381255         5.00961547e-06 3.75536863e-03 -3.81713291e-06 5.00039584e-06 3.76253506e-03 -3.80360180e-06 9.21963477e-09 -7.16642593e-06 -1.35311051e-08
2.381859         1.84498310e-06 2.52721737e-03 -1.36737627e-06 1.83637991e-06 2.53422906e-03 -1.35444436e-06 8.60318929e-09 -7.01169572e-06 -1.29319083e-08
2.382463         3.93134718e-06 1.36420022e-03 -2.76953576e-06 3.92247462e-06 1.37134566e-03 -2.75655594e-06 8.87256187e-09 -7.14543810e-06 -1.29798280e-08
2.383086         4.05018162e-06 2.28694311e-03 -2.86978019e-06 4.04100956e-06 2.29391554e-03 -2.85672898e-06 9.17206539e-09 -6.97242381e-06 -1.30512143e-08
2.383708         3.41840807e-06 2.62417098e-03 -2.36446847e-06 3.40919827e-06 2.63082509e-03 -2.35154053e-06 9.20980036e-09 -6.65411268e-06 -1.29279333e-08
2.38433          3.49113529e-06 1.92601274e-03 -2.59858754e-06 3.48185217e-06 1.93262193e-03 -2.58565639e-06 9.28311098e-09 -6.60918258e-06 -1.29311504e-08
2.384953         3.45801532e-06 1.82176729e-03 -2.53505335e-06 3.44865682e-06 1.82837508e-03 -2.52209431e-06 9.35849774e-09 -6.60778638e-06 -1.29590372e-08
2.385575         -1.74868129e-06 3.05830623e-03 7.78530056e-07 -1.75582374e-06 3.06454042e-03 7.89901364e-07 7.14245028e-09 -6.23418761e-06 -1.13713079e-08
2.386197         6.60004591e-06 2.56578707e-03 -4.64835507e-06 6.59143964e-06 2.57173518e-03 -4.63599018e-06 8.60626889e-09 -5.94811648e-06 -1.23648895e-08
2.38682          3.29253375e-06 7.66947424e-04 -2.30215404e-06 3.28387964e-06 7.72988416e-04 -2.28977744e-06 8.65410669e-09 -6.04099145e-06 -1.23765964e-08
2.387467         -1.10031442e-06 1.41198272e-03 6.75481210e-07 -1.10705553e-06 1.41790229e-03 6.86282895e-07 6.74110958e-09 -5.91956654e-06 -1.08016851e-08
2.388114         8.18154871e-06 2.77435013e-03 -6.02940234e-06 8.17244479e-06 2.77989241e-03 -6.01669156e-06 9.10391268e-09 -5.54227775e-06 -1.27107853e-08
2.388761         3.52966269e-06 1.93366303e-03 -2.69667188e-06 3.52036329e-06 1.93908937e-03 -2.68387739e-06 9.29940322e-09 -5.42634289e-06 -1.27944882e-08
2.389409         3.55210856e-06 2.17309960e-03 -2.77005535e-06 3.54262740e-06 2.17842891e-03 -2.75723763e-06 9.48116248e-09 -5.32931151e-06 -1.28177237e-08
2.390056         3.32858723e-06 1.52301608e-03 -2.53251972e-06 3.31896764e-06 1.52821003e-03 -2.51978741e-06 9.61959143e-09 -5.19394586e-06 -1.27323133e-08
2.390703         3.74301174e-06 1.55266521e-03 -2.98757774e-06 3.73305060e-06 1.55770662e-03 -2.97478543e-06 9.96114464e-09 -5.04140580e-06 -1.27923085e-08
2.39135          3.38526040e-06 1.68231438e-03 -2.55673533e-06 3.37508518e-06 1.68715895e-03 -2.54409345e-06 1.01752140e-08 -4.84456646e-06 -1.26418799e-08
2.392035         1.55732941e-06 1.48174695e-03 -1.02873314e-06 1.54776815e-06 1.48651259e-03 -1.01701808e-06 9.56125810e-09 -4.76563613e-06 -1.17150620e-08
2.392721         2.85447431e-06 1.37945181e-03 -2.26119079e-06 2.84486654e-06 1.38424369e-03 -2.24982814e-06 9.60776552e-09 -4.79187484e-06 -1.13626497e-08
2.393406         2.60016187e-06 1.66778144e-03 -2.14740445e-06 2.59058254e-06 1.67220254e-03 -2.13644673e-06 9.57932712e-09 -4.42110351e-06 -1.09577183e-08
2.394091         2.98843941e-06 1.66959060e-03 -2.48918565e-06 2.97874883e-06 1.67373817e-03 -2.47855026e-06 9.69057807e-09 -4.14756433e-06 -1.06353949e-08
2.394777         2.83217224e-06 1.29047588e-03 -2.36753323e-06 2.82251721e-06 1.29465695e-03 -2.35731024e-06 9.65503142e-09 -4.18107274e-06 -1.02229900e-08
2.395462         2.80760010e-06 1.13480133e-03 -2.29073741e-06 2.79806337e-06 1.13888047e-03 -2.28099836e-06 9.53672950e-09 -4.07914358e-06 -9.73904953e-09
2.396147         2.70286097e-06 1.12053464e-03 -1.91317050e-06 2.69353531e-06 1.12446547e-03 -1.90399375e-06 9.32566265e-09 -3.93083117e-06 -9.17674441e-09
2.396832         2.72190826e-06 1.18236600e-03 -2.04053512e-06 2.71282062e-06 1.18614087e-03 -2.03188058e-06 9.08764185e-09 -3.77487146e-06 -8.65453384e-09
2.397518         2.83185027e-06 1.19174728e-03 -2.07540384e-06 2.82294604e-06 1.19536137e-03 -2.06718246e-06 8.90423832e-09 -3.61409107e-06 -8.22137790e-09
2.398203         2.79776394e-06 1.19365410e-03 -2.05300256e-06 2.78904726e-06 1.19710345e-03 -2.04515937e-06 8.71668038e-09 -3.44934612e-06 -7.84319674e-09
2.398888         -1.18084572e-06 1.62451452e-03 9.88223048e-07 -1.18762799e-06 1.62769463e-03 9.94467771e-07 6.78227240e-09 -3.18011004e-06 -6.24472323e-09
2.399574         6.12389662e-06 1.64780484e-03 -4.55684348e-06 6.11575338e-06 1.65075972e-03 -4.54979294e-06 8.14324064e-09 -2.95487512e-06 -7.05053968e-09
2.400259         3.12724365e-06 2.06540089e-04 -2.27183518e-06 3.11909377e-06 2.09716876e-04 -2.26492422e-06 8.14987935e-09 -3.17678719e-06 -6.91096661e-09
2.400944         2.83861990e-06 8.77265922e-04 -2.05853302e-06 2.83052969e-06 8.80244119e-04 -2.05176818e-06 8.09021043e-09 -2.97819655e-06 -6.76483790e-09
2.401629         2.84558468e-06 1.93521956e-03 -2.13446352e-06 2.83752515e-06 1.93771168e-03 -2.12779004e-06 8.05952604e-09 -2.49212431e-06 -6.67347906e-09
2.402315         3.19638668e-06 2.04949439e-04 -2.20760715e-06 3.18815631e-06 2.07459698e-04 -2.20085414e-06 8.23036802e-09 -2.51025883e-06 -6.75300781e-09
2.403            2.19485420e-06 3.65271354e-04 -1.42672977e-06 2.18688903e-06 3.67728714e-04 -1.42018693e-06 7.96517119e-09 -2.45736019e-06 -6.54283645e-09
2.403767         2.40406020e-06 1.06334101e-03 -1.51369820e-06 2.39625837e-06 1.06557489e-03 -1.50730074e-06 7.80183429e-09 -2.23387661e-06 -6.39746155e-09
2.404548         2.65851195e-06 8.34858600e-04 -2.08521406e-06 2.65068753e-06 8.37038634e-04 -2.07869040e-06 7.82441537e-09 -2.18003359e-06 -6.52365557e-09
2.405329         4.56977807e-06 9.58642566e-04 -3.08483684e-06 4.56084106e-06 9.60665684e-04 -3.07750224e-06 8.93700747e-09 -2.02311733e-06 -7.33459969e-09
2.406125         3.20242289e-06 1.25068019e-03 -2.23883937e-06 3.19304025e-06 1.25225084e-03 -2.23104392e-06 9.38263535e-09 -1.57064966e-06 -7.79545073e-09
2.40692          2.62674240e-06 8.95585398e-05 -1.76479647e-06 2.61719069e-06 9.11345951e-05 -1.75667067e-06 9.55171489e-09 -1.57605532e-06 -8.12580076e-09
2.407732         2.39969028e-06 1.46046832e-04 -1.65407448e-06 2.39006298e-06 1.47590452e-04 -1.64568259e-06 9.62730256e-09 -1.54362017e-06 -8.39189472e-09
2.408561         2.56447393e-06 1.79111015e-04 -1.66926156e-06 2.55465483e-06 1.80565384e-04 -1.66054183e-06 9.81909517e-09 -1.45436926e-06 -8.71973423e-09
2.409407         2.50001750e-06 1.03808201e-03 -1.60698563e-06 2.49007038e-06 1.03923439e-03 -1.59795414e-06 9.94712863e-09 -1.15238052e-06 -9.03149666e-09
2.410254         2.65095848e-06 6.22782579e-04 -1.64935307e-06 2.64086492e-06 6.23764121e-04 -1.63999464e-06 1.00935524e-08 -9.81541472e-07 -9.35842937e-09
2.41112          1.25254017e-06 3.12259475e-04 -8.53074695e-07 1.24315254e-06 3.13154823e-04 -8.43931303e-07 9.38762928e-09 -8.95347875e-07 -9.14339249e-09
2.412007         -1.59086217e-06 -3.03238296e-05 7.84510231e-07 -1.59793270e-06 -2.95103828e-05 7.92585086e-07 7.07053042e-09 -8.13446757e-07 -8.07485479e-09
2.412917         4.92941484e-06 4.55095493e-04 -2.74964253e-06 4.92078511e-06 4.55555668e-04 -2.74040711e-06 8.62972752e-09 -4.60174612e-07 -9.23542215e-09
2.413827         1.93361651e-06 1.50084085e-04 -9.90270017e-07 1.92530369e-06 1.50405790e-04 -9.81024175e-07 8.31281364e-09 -3.21704869e-07 -9.24584250e-09
2.414763         1.89838898e-06 3.54471612e-04 -9.94592305e-07 1.89040439e-06 3.54750372e-04 -9.85306125e-07 7.98459146e-09 -2.78759615e-07 -9.28618050e-09
2.415698         -1.20328680e-07 1.70420798e-04 2.56134274e-07 -1.26743934e-07 1.70405812e-04 2.64745639e-07 6.41525362e-09 1.49864232e-08 -8.61136498e-09
2.416662         3.44635721e-07 -1.24989261e-04 -1.47697748e-07 3.39595467e-07 -1.25216024e-04 -1.39601636e-07 5.04025475e-09 2.26762387e-07 -8.09611192e-09
2.417625         2.07908738e-06 -3.21318368e-04 -9.33753708e-07 2.07410110e-06 -3.21494022e-04 -9.25310530e-07 4.98627958e-09 1.75653712e-07 -8.44317870e-09
2.418621         1.22652561e-06 1.75957046e-04 -4.89882132e-07 1.22216739e-06 1.75391164e-04 -4.81387083e-07 4.35822170e-09 5.65881568e-07 -8.49504870e-09
2.419617         1.54316724e-06 2.93655671e-05 -7.89552225e-07 1.53917020e-06 2.86282360e-05 -7.80774882e-07 3.99703735e-09 7.37331100e-07 -8.77734293e-09
2.420613         1.96077043e-06 -2.58363207e-04 -9.46394275e-07 1.95685873e-06 -2.59217463e-04 -9.37262386e-07 3.91169783e-09 8.54256082e-07 -9.13188878e-09
2.421609         2.31565303e-06 -5.45257720e-05 -1.05590633e-06 2.31173802e-06 -5.57226293e-05 -1.04638117e-06 3.91501544e-09 1.19685732e-06 -9.52516266e-09
2.422604         1.40577579e-06 -6.57064405e-04 -5.85890955e-07 1.40254129e-06 -6.58285474e-04 -5.76318263e-07 3.23450409e-09 1.22106932e-06 -9.57269180e-09
2.4236           1.86165290e-06 -7.50060804e-05 -9.30085836e-07 1.85882825e-06 -7.65345396e-05 -9.20292158e-07 2.82464329e-09 1.52845923e-06 -9.79367725e-09
2.424556         1.53395072e-06 -2.94473513e-04 -6.92478620e-07 1.53174754e-06 -2.96239377e-04 -6.82642155e-07 2.20318132e-09 1.76586474e-06 -9.83646468e-09
2.425512         1.12945937e-06 -6.95348806e-04 -3.35818154e-07 1.12810234e-06 -6.97153222e-04 -3.26138815e-07 1.35703386e-09 1.80441643e-06 -9.67933871e-09
2.426428         1.46037901e-06 -3.74662102e-04 -5.17245531e-07 1.45957617e-06 -3.76641925e-04 -5.07527559e-07 8.02835750e-10 1.97982313e-06 -9.71797255e-09
2.427345         1.12258100e-06 -4.86398668e-04 -4.22038677e-07 1.12245351e-06 -4.88687995e-04 -4.12359848e-07 1.27484995e-10 2.28932647e-06 -9.67882880e-09
2.428221         1.25494652e-06 -6.01878066e-04 -4.74662409e-07 1.25540726e-06 -6.04434742e-04 -4.64980814e-07 -4.60738226e-10 2.55667569e-06 -9.68159519e-09
2.429097         1.32669804e-06 -5.94789136e-04 -3.34127133e-07 1.32775784e-06 -5.97479866e-04 -3.24515187e-07 -1.05979983e-09 2.69073064e-06 -9.61194603e-09
2.429934         -3.39062637e-07 -9.30526554e-04 5.52876391e-07 -3.36536957e-07 -9.33353342e-04 5.61939437e-07 -2.52568032e-09 2.82678819e-06 -9.06304521e-09
2.43077          4.48947653e-07 -7.54929100e-04 1.84756400e-07 4.52537695e-07 -7.57997080e-04 1.93486631e-07 -3.59004153e-09 3.06797989e-06 -8.73023037e-09
2.431607         9.24166277e-07 -6.47373101e-04 -7.32588617e-08 9.28562181e-07 -6.50571799e-04 -6.48260236e-08 -4.39590404e-09 3.19869759e-06 -8.43283814e-09
2.432401         -2.04099242e-06 -4.86606010e-04 1.52887230e-06 -2.03426009e-06 -4.90123335e-04 1.53623411e-06 -6.73233132e-09 3.51732531e-06 -7.36180292e-09
2.433196         2.23004819e-07 -7.28936399e-04 3.13308225e-07 2.30740084e-07 -7.32662624e-04 3.20268001e-07 -7.73526576e-09 3.72622550e-06 -6.95977573e-09
2.433949         4.30816935e-07 -1.34126254e-03 1.33370561e-07 4.39437897e-07 -1.34496460e-03 1.40003260e-07 -8.62096166e-09 3.70206461e-06 -6.63269879e-09
2.434702         -1.16652034e-08 -9.30843771e-04 6.32965832e-07 -1.88734049e-09 -9.34743743e-04 6.38989325e-07 -9.77786289e-09 3.89997169e-06 -6.02349281e-09
2.435455         4.23071592e-07 -8.01997372e-04 2.81150997e-07 4.33797356e-07 -8.06155319e-04 2.86635323e-07 -1.07257644e-08 4.15794649e-06 -5.48432617e-09
2.436207         6.59009715e-07 -8.03794706e-04 -2.11378070e-07 6.70536054e-07 -8.08241679e-04 -2.06222553e-07 -1.15263394e-08 4.44697272e-06 -5.15551737e-09
2.436913         1.73290559e-06 -1.89060629e-03 -1.29618565e-07 1.74462354e-06 -1.89507157e-03 -1.24653174e-07 -1.17179538e-08 4.46527869e-06 -4.96539169e-09
2.437619         7.26973111e-07 -7.99659011e-04 2.25162207e-07 7.39267142e-07 -8.04343524e-04 2.29732713e-07 -1.22940305e-08 4.68451303e-06 -4.57050645e-09
2.438325         8.01421526e-08 3.02590958e-04 4.68764670e-07 9.32646296e-08 2.97500912e-04 4.72835128e-07 -1.31224770e-08 5.09004575e-06 -4.07045854e-09
2.439031         1.25297788e-06 -1.80038167e-03 -1.52316390e-07 1.26628841e-06 -1.80546053e-03 -1.48399178e-07 -1.33105263e-08 5.07886497e-06 -3.91721275e-09
2.439682         -2.90939667e-07 -1.63791292e-03 7.67189245e-07 -2.76865039e-07 -1.64307527e-03 7.70647527e-07 -1.40746283e-08 5.16234920e-06 -3.45828209e-09
2.440334         2.55996635e-07 -4.86290452e-04 3.98136326e-07 2.70574174e-07 -4.91814604e-04 4.01312501e-07 -1.45775384e-08 5.52415205e-06 -3.17617480e-09
2.440985         -4.28780455e-07 -1.14434877e-03 8.78692894e-07 -4.13575965e-07 -1.15004895e-03 8.81500636e-07 -1.52044901e-08 5.70017705e-06 -2.80774215e-09
2.441637         -1.66564772e-06 -1.50834685e-03 1.49579019e-06 -1.64912697e-06 -1.51415473e-03 1.49793404e-06 -1.65207482e-08 5.80787845e-06 -2.14384383e-09
2.442288         2.00601435e-07 -1.04728342e-03 8.05805934e-07 2.17371273e-07 -1.05331965e-03 8.07763764e-07 -1.67698381e-08 6.03623316e-06 -1.95783011e-09
2.44294          1.21850338e-07 -1.05124593e-03 6.51959161e-07 1.38852399e-07 -1.05747864e-03 6.53804798e-07 -1.70020613e-08 6.23271080e-06 -1.84563782e-09
2.443591         3.28618990e-08 -1.44333774e-03 7.21919014e-07 5.01287668e-08 -1.44954977e-03 7.23651302e-07 -1.72668677e-08 6.21203413e-06 -1.73228775e-09
2.444243         -7.13310198e-07 -1.30639516e-03 1.07897106e-06 -6.95571026e-07 -1.31277754e-03 1.08051442e-06 -1.77391714e-08 6.38238541e-06 -1.54336577e-09
2.444894         -7.46433384e-07 -1.21849662e-03 1.10850998e-06 -7.28302206e-07 -1.22526094e-03 1.10990754e-06 -1.81311777e-08 6.76431555e-06 -1.39755518e-09
2.445546         -2.66968044e-06 -1.16041987e-03 2.16116661e-06 -2.65031020e-06 -1.16731560e-03 2.16201505e-06 -1.93702412e-08 6.89573551e-06 -8.48441784e-10
2.446197         1.11103793e-06 -1.09586848e-03 1.57998277e-07 1.12985827e-06 -1.10284910e-03 1.59169308e-07 -1.88203436e-08 6.98062065e-06 -1.17103036e-09
2.446849         -8.40044375e-07 -1.95240135e-03 1.17065793e-06 -8.21009434e-07 -1.95957304e-03 1.17186407e-06 -1.90349412e-08 7.17168900e-06 -1.20614801e-09
2.4475           -1.04603265e-06 -1.55964101e-03 1.29233204e-06 -1.02681861e-06 -1.56701397e-03 1.29359627e-06 -1.92140451e-08 7.37295485e-06 -1.26422988e-09
2.448086         -1.41838957e-06 -3.26675666e-04 1.36655030e-06 -1.39894891e-06 -3.34288150e-04 1.36786867e-06 -1.94406663e-08 7.61248412e-06 -1.31837319e-09
2.448663         -1.60833100e-06 -1.42511202e-03 1.62265821e-06 -1.58878444e-06 -1.43287424e-03 1.62402733e-06 -1.95465550e-08 7.76221578e-06 -1.36911746e-09
2.449241         -8.16060572e-07 -2.44443633e-03 1.21788279e-06 -7.96649681e-07 -2.45230260e-03 1.21940448e-06 -1.94108905e-08 7.86627025e-06 -1.52169446e-09
2.449811         -1.22723405e-06 -1.57083909e-03 1.31590681e-06 -1.20775245e-06 -1.57882823e-03 1.31742716e-06 -1.94816037e-08 7.98913941e-06 -1.52035039e-09
2.450374         -1.28029671e-06 -1.34301335e-03 1.34040869e-06 -1.26079598e-06 -1.35104586e-03 1.34202034e-06 -1.95007341e-08 8.03250568e-06 -1.61164968e-09
2.450936         -2.58673830e-06 -1.18655515e-03 2.18295466e-06 -2.56681245e-06 -1.19484435e-03 2.18442823e-06 -1.99258505e-08 8.28919621e-06 -1.47356331e-09
2.451499         -3.46272452e-07 -1.00472491e-03 9.83761569e-07 -3.26800321e-07 -1.01344273e-03 9.85469651e-07 -1.94721310e-08 8.71781524e-06 -1.70808177e-09
2.452054         -1.65176653e-06 -1.87547746e-03 1.36939608e-06 -1.63234669e-06 -1.88422294e-03 1.37125938e-06 -1.94198450e-08 8.74547896e-06 -1.86330438e-09
2.452608         -1.50699277e-06 -2.44064555e-03 1.52888598e-06 -1.48768120e-06 -2.44920966e-03 1.53092519e-06 -1.93115759e-08 8.56410706e-06 -2.03921434e-09
2.453156         -1.54217572e-06 -1.50714256e-03 1.53111928e-06 -1.52290840e-06 -1.51593670e-03 1.53331915e-06 -1.92673209e-08 8.79414382e-06 -2.19986549e-09
2.453703         -3.54193373e-06 -1.17895970e-03 2.30153039e-06 -3.52188960e-06 -1.18814856e-03 2.30353770e-06 -2.00441308e-08 9.18885945e-06 -2.00730741e-09
2.454242         -1.92661940e-06 -1.63866173e-03 1.56465726e-06 -1.90638663e-06 -1.64800798e-03 1.56670643e-06 -2.02327668e-08 9.34625178e-06 -2.04916539e-09
2.454781         -1.33349880e-06 -1.64594239e-03 1.28482502e-06 -1.31321331e-06 -1.65538770e-03 1.28696202e-06 -2.02854962e-08 9.44530097e-06 -2.13699800e-09
2.455313         -1.61974178e-06 -1.79166535e-03 1.32483377e-06 -1.59921413e-06 -1.80122815e-03 1.32696214e-06 -2.05276512e-08 9.56279933e-06 -2.12836957e-09
2.455845         -1.31447043e-06 -2.02196806e-03 1.15250967e-06 -1.29372078e-06 -2.03157523e-03 1.15462050e-06 -2.07496461e-08 9.60717328e-06 -2.11082161e-09
2.456377         -9.93680555e-07 -1.62264801e-03 1.17363253e-06 -9.72746689e-07 -1.63240747e-03 1.17567678e-06 -2.09338652e-08 9.75945296e-06 -2.04425081e-09
2.4569           -1.10604686e-06 -1.34026837e-03 1.08591581e-06 -1.08482354e-06 -1.35026790e-03 1.08782266e-06 -2.12233210e-08 9.99953009e-06 -1.90685080e-09
2.457424         -9.33724195e-07 -1.45102888e-03 1.01955128e-06 -9.12220227e-07 -1.46119946e-03 1.02129139e-06 -2.15039678e-08 1.01705821e-05 -1.74011374e-09
2.457948         -9.38367689e-07 -1.43325523e-03 1.06156483e-06 -9.16584664e-07 -1.44356081e-03 1.06314056e-06 -2.17830253e-08 1.03055726e-05 -1.57572297e-09
2.458472         -1.10525957e-06 -1.68060297e-03 1.02775593e-06 -1.08314809e-06 -1.69105563e-03 1.02915866e-06 -2.21114803e-08 1.04526630e-05 -1.40273221e-09
2.458996         -3.57356629e-06 -2.33482252e-03 3.17572495e-06 -3.55029642e-06 -2.34541013e-03 3.17633469e-06 -2.32698739e-08 1.05876063e-05 -6.09742208e-10
2.459512         1.47965556e-06 -2.07764043e-03 -9.98824270e-07 1.50234811e-06 -2.08836856e-03 -9.97804469e-07 -2.26925416e-08 1.07281203e-05 -1.01980117e-09
2.460027         -6.77366142e-07 -1.37309163e-03 7.36405023e-07 -6.54548500e-07 -1.38392857e-03 7.37329408e-07 -2.28176415e-08 1.08369332e-05 -9.24384832e-10
2.460543         -1.09943877e-07 -1.40662095e-03 4.12650990e-07 -8.71943128e-08 -1.41755781e-03 4.13589568e-07 -2.27495640e-08 1.09368623e-05 -9.38578650e-10
2.461059         2.96888739e-08 -1.81933972e-03 4.93003349e-07 5.22893453e-08 -1.83048740e-03 4.93989583e-07 -2.26004714e-08 1.11476789e-05 -9.86234147e-10
2.461574         -1.00535791e-06 -2.08567464e-03 8.69026814e-07 -9.82538709e-07 -2.09704061e-03 8.69890630e-07 -2.28192051e-08 1.13659694e-05 -8.63816254e-10
2.462081         -4.53660031e-07 -1.88837313e-03 6.74890155e-07 -4.30763162e-07 -1.89987271e-03 6.75653203e-07 -2.28968692e-08 1.14995774e-05 -7.63047842e-10
2.462589         -6.67295759e-07 -1.77608575e-03 7.81791574e-07 -6.44212968e-07 -1.78767907e-03 7.82404707e-07 -2.30827913e-08 1.15933192e-05 -6.13133350e-10
2.463096         1.78287938e-06 -1.81132438e-03 -2.21784366e-07 1.80542542e-06 -1.82305467e-03 -2.21042869e-07 -2.25460414e-08 1.17302954e-05 -7.41496787e-10
2.463603         -1.69041668e-06 -1.90333329e-03 1.09763183e-06 -1.66726250e-06 -1.91519684e-03 1.09807272e-06 -2.31541727e-08 1.18635523e-05 -4.40889879e-10
2.46411          5.66228104e-07 -1.57782421e-03 -1.21080666e-08 5.89308753e-07 -1.58989930e-03 -1.16613906e-08 -2.30806487e-08 1.20750875e-05 -4.46675997e-10
2.464617         -1.14751525e-06 -1.39008978e-03 7.60212434e-07 -1.12393794e-06 -1.40247838e-03 7.60386292e-07 -2.35773092e-08 1.23886056e-05 -1.73858032e-10
2.465124         2.13557205e-07 -1.67272516e-03 2.81497678e-07 2.37151903e-07 -1.68533075e-03 2.81584277e-07 -2.35946974e-08 1.26055904e-05 -8.65988898e-11
2.465622         -1.66206565e-07 -2.68482124e-03 4.19480679e-07 -1.42464079e-07 -2.69738571e-03 4.19435170e-07 -2.37424859e-08 1.25644671e-05 4.55098194e-11
2.466119         -2.40974563e-06 -2.45462181e-03 1.74216159e-06 -2.38510623e-06 -2.46722102e-03 1.74165400e-06 -2.46393959e-08 1.25992046e-05 5.07594609e-10
2.466617         2.30768675e-06 -1.64672027e-03 -9.29698864e-07 2.33165765e-06 -1.65956090e-03 -9.29976309e-07 -2.39709009e-08 1.28406346e-05 2.77445478e-10
2.467115         -5.44086762e-07 -1.65487843e-03 5.16924875e-07 -5.19783052e-07 -1.66795003e-03 5.16463175e-07 -2.43037098e-08 1.30716005e-05 4.61699813e-10
2.467613         7.90342339e-07 -1.71346345e-03 6.12310440e-08 8.14375663e-07 -1.72671507e-03 6.08862754e-08 -2.40333243e-08 1.32516169e-05 3.44768547e-10
2.46811          -2.28079908e-06 -1.53725423e-03 6.97437757e-07 -2.25591581e-06 -1.55069195e-03 6.96891206e-07 -2.48832631e-08 1.34377192e-05 5.46551035e-10
2.468608         8.51846649e-06 -2.01116888e-03 -3.63503200e-06 8.54055432e-06 -2.02476186e-03 -3.63432207e-06 -2.20878262e-08 1.35929868e-05 -7.09925809e-10
2.469106         2.42569175e-06 -2.65144803e-03 -1.14754988e-06 2.44708529e-06 -2.66515322e-03 -1.14657827e-06 -2.13935415e-08 1.37051895e-05 -9.71604208e-10
2.469603         -4.39990725e-07 -2.22999507e-03 3.13840952e-07 -4.18396544e-07 -2.24384831e-03 3.14649407e-07 -2.15941809e-08 1.38532395e-05 -8.08454842e-10
2.47009          -4.71984357e-07 -1.44167511e-03 3.13065205e-07 -4.50152698e-07 -1.45566427e-03 3.13691580e-07 -2.18316589e-08 1.39891657e-05 -6.26375018e-10
2.470588         -7.07615195e-08 -1.63585642e-03 2.41083786e-07 -4.88624723e-08 -1.64997554e-03 2.41607749e-07 -2.18990472e-08 1.41191247e-05 -5.23962880e-10
2.471086         -2.90236134e-07 -2.02675185e-03 4.38746767e-07 -2.68267392e-07 -2.04108838e-03 4.39185954e-07 -2.19687415e-08 1.43365347e-05 -4.39187144e-10
2.471584         5.16592420e-06 -2.18965891e-03 -3.76628497e-06 5.18610531e-06 -2.20420925e-03 -3.76471750e-06 -2.01811110e-08 1.45503402e-05 -1.56747673e-09
2.47207          -1.92545175e-06 -1.96679254e-03 2.35333857e-06 -1.90481031e-06 -1.98151359e-03 2.35441313e-06 -2.06414421e-08 1.47210503e-05 -1.07455539e-09
2.472556         -7.95469309e-07 -1.88942869e-03 8.44242383e-07 -7.74664535e-07 -1.90428573e-03 8.45193903e-07 -2.08047742e-08 1.48570434e-05 -9.51520704e-10
2.473042         -6.70481573e-07 -2.16905147e-03 6.42141079e-07 -6.49479698e-07 -2.18407893e-03 6.42959842e-07 -2.10018754e-08 1.50274648e-05 -8.18762469e-10
2.473528         -6.17300831e-07 -2.34046514e-03 5.82827559e-07 -5.96135909e-07 -2.35575676e-03 5.83554108e-07 -2.11649223e-08 1.52916215e-05 -7.26549599e-10
2.474015         -8.74942277e-09 -2.18281841e-03 2.37429240e-07 1.23551925e-08 -2.19831138e-03 2.38214040e-07 -2.11046153e-08 1.54929631e-05 -7.84800211e-10
2.474501         -3.54842191e-07 -2.20642664e-03 4.92259593e-07 -3.33754666e-07 -2.22205638e-03 4.93075202e-07 -2.10875249e-08 1.56297399e-05 -8.15609033e-10
2.474987         -1.27293717e-06 -2.17384345e-03 6.87434819e-07 -1.25153426e-06 -2.18962143e-03 6.88176320e-07 -2.14029122e-08 1.57779831e-05 -7.41501377e-10
2.475473         -1.04997803e-05 -1.57238164e-03 5.35039521e-06 -1.04751865e-05 -1.58833058e-03 5.34966716e-06 -2.45937897e-08 1.59489406e-05 7.28052388e-10
2.475959         -1.20848775e-06 -1.09784027e-03 8.47005891e-07 -1.18361957e-06 -1.11394851e-03 8.46177694e-07 -2.48681715e-08 1.61082406e-05 8.28196659e-10
2.476445         -2.22320592e-06 -2.07958841e-03 1.29064327e-06 -2.19762652e-06 -2.09587703e-03 1.28949014e-06 -2.55793954e-08 1.62886164e-05 1.15313446e-09
2.476931         -7.29816435e-07 -2.66770885e-03 6.98571060e-07 -7.04098449e-07 -2.68420526e-03 6.97332631e-07 -2.57179854e-08 1.64964187e-05 1.23842913e-09
2.477417         -8.02306650e-07 -2.29994148e-03 7.37750188e-07 -7.76613598e-07 -2.31666363e-03 7.36386037e-07 -2.56930512e-08 1.67221455e-05 1.36415163e-09
2.477903         -5.04791960e-07 -1.87235516e-03 3.39167808e-07 -4.79061415e-07 -1.88937808e-03 3.37655253e-07 -2.57305446e-08 1.70229233e-05 1.51255451e-09
2.478389         -3.70836929e-07 -1.97954325e-03 4.24256294e-07 -3.45005933e-07 -1.99682754e-03 4.22471322e-07 -2.58309959e-08 1.72842931e-05 1.78497230e-09
2.478875         1.27120635e-05 -1.66466073e-03 -6.39063255e-06 1.27339524e-05 -1.68209833e-03 -6.39080794e-06 -2.18888576e-08 1.74375967e-05 1.75387029e-10
2.479362         -1.05945821e-05 -1.81238593e-03 5.58776656e-06 -1.05692094e-05 -1.82997513e-03 5.58561829e-06 -2.53727107e-08 1.75892047e-05 2.14827616e-09
2.479848         -7.76067388e-06 -2.36526771e-03 5.15422952e-06 -7.73271835e-06 -2.38298363e-03 5.15038926e-06 -2.79555323e-08 1.77159198e-05 3.84025619e-09
2.480334         -5.13394128e-06 -2.74372618e-03 2.50322567e-06 -5.10410458e-06 -2.76152607e-03 2.49809614e-06 -2.98366976e-08 1.77998963e-05 5.12953371e-09
2.48082          8.32765658e-06 -2.19289611e-03 -4.49886277e-06 8.35519013e-06 -2.21094404e-03 -4.50298180e-06 -2.75335531e-08 1.80479227e-05 4.11902762e-09
2.481306         1.78685960e-06 -1.39195507e-03 -8.25055574e-07 1.81428989e-06 -1.41046331e-03 -8.29490064e-07 -2.74302927e-08 1.85082353e-05 4.43449040e-09
2.481792         5.26368210e-06 -2.01364871e-03 -2.42072502e-06 5.29004007e-06 -2.03244048e-03 -2.42499791e-06 -2.63579689e-08 1.87917766e-05 4.27288576e-09
2.482278         -9.03322739e-07 -3.03812484e-03 5.28885117e-07 -8.76019198e-07 -3.05691607e-03 5.23952245e-07 -2.73035413e-08 1.87912261e-05 4.93287135e-09
2.482764         1.14498917e-06 -2.83493809e-03 -5.73361484e-07 1.17250599e-06 -2.85380008e-03 -5.78560098e-07 -2.75168162e-08 1.88619953e-05 5.19861367e-09
2.48325          -4.44863476e-07 -1.63881076e-03 2.49163906e-07 -4.16702140e-07 -1.65794385e-03 2.43549486e-07 -2.81613356e-08 1.91330851e-05 5.61441979e-09
2.483736         -3.67171187e-07 -1.11027528e-03 6.40144578e-07 -3.38560120e-07 -1.12969517e-03 6.34141848e-07 -2.86110668e-08 1.94198915e-05 6.00272938e-09
2.484223         -1.45887967e-06 -2.25674484e-03 5.00196038e-07 -1.42940989e-06 -2.27637918e-03 4.93778573e-07 -2.94697803e-08 1.96343423e-05 6.41746501e-09
2.484709         -1.04970721e-06 -2.87307365e-03 5.59936305e-07 -1.01961282e-06 -2.89288391e-03 5.53120158e-07 -3.00943818e-08 1.98102587e-05 6.81614769e-09
2.485195         -2.29162233e-06 -2.28963875e-03 1.08872067e-06 -2.26049815e-06 -2.30970697e-03 1.08131236e-06 -3.11241790e-08 2.00682220e-05 7.40831012e-09
2.485681         -1.97402426e-06 -1.70194267e-03 8.10348247e-07 -1.94193301e-06 -1.72232798e-03 8.02388548e-07 -3.20912498e-08 2.03853120e-05 7.95969887e-09
2.486167         -1.60520054e-06 -1.92685980e-03 9.57668510e-07 -1.57228743e-06 -1.94751535e-03 9.49182748e-07 -3.29131110e-08 2.06555515e-05 8.48576145e-09
2.486653         -2.62497854e-06 -2.26096644e-03 1.34139998e-06 -2.59086457e-06 -2.28173474e-03 1.33227094e-06 -3.41139689e-08 2.07682952e-05 9.12903887e-09
2.487139         1.33591828e-06 -2.41598299e-03 -7.77881836e-07 1.36988740e-06 -2.43684782e-03 -7.87002816e-07 -3.39691187e-08 2.08648300e-05 9.12097977e-09
2.487625         -6.16861326e-07 -1.70926536e-03 3.34294999e-07 -5.82449904e-07 -1.73046479e-03 3.24904404e-07 -3.44114222e-08 2.11994322e-05 9.39059485e-09
2.488111         3.88307888e-06 -8.53307026e-04 -1.58087869e-06 3.91653805e-06 -8.74954030e-04 -1.58994744e-06 -3.34591675e-08 2.16470048e-05 9.06874977e-09
2.488597         -4.56942914e-06 -2.03442789e-03 1.85266272e-06 -4.53429651e-06 -2.05635216e-03 1.84289044e-06 -3.51326318e-08 2.19242694e-05 9.77228050e-09
2.489083         -1.72481112e-06 -3.18220003e-03 7.65293669e-07 -1.68886315e-06 -3.20425578e-03 7.55205926e-07 -3.59479659e-08 2.20557538e-05 1.00877429e-08
2.48957          -7.59661688e-07 -2.66891054e-03 3.65771331e-07 -7.23214613e-07 -2.69119401e-03 3.55489847e-07 -3.64470748e-08 2.22834653e-05 1.02814841e-08
2.490056         -1.13471207e-06 -1.79125578e-03 5.34454032e-07 -1.09768781e-06 -1.81379498e-03 5.23965309e-07 -3.70242603e-08 2.25391959e-05 1.04887230e-08
2.490542         -1.65801092e-06 -1.91294044e-03 6.93831327e-07 -1.62029207e-06 -1.93571531e-03 6.83137082e-07 -3.77188517e-08 2.27748694e-05 1.06942444e-08
2.491028         -2.01874525e-06 -1.87990376e-03 8.64367581e-07 -1.98020775e-06 -1.90286826e-03 8.53437730e-07 -3.85374996e-08 2.29644954e-05 1.09298511e-08
2.491514         -1.28295703e-06 -1.80304254e-03 6.81760602e-07 -1.24390075e-06 -1.82615106e-03 6.70667893e-07 -3.90562815e-08 2.31085194e-05 1.10927083e-08
2.492            -8.98057383e-06 -1.90094255e-03 3.83613199e-06 -8.93861175e-06 -1.92439014e-03 3.82394501e-06 -4.19620782e-08 2.34475919e-05 1.21869814e-08
2.492511         3.99418088e-06 -1.90263028e-03 -1.24857090e-06 4.03494378e-06 -1.92657505e-03 -1.26028993e-06 -4.07629013e-08 2.39447645e-05 1.17190326e-08
2.493023         -7.62150689e-07 -1.75369305e-03 4.10832920e-07 -7.20945899e-07 -1.77797280e-03 3.98989414e-07 -4.12047904e-08 2.42797509e-05 1.18435062e-08
2.493534         -2.70361254e-07 -2.14383700e-03 2.94638016e-07 -2.28888581e-07 -2.16830214e-03 2.82704817e-07 -4.14726727e-08 2.44651347e-05 1.19331990e-08
2.494046         -1.11254605e-06 -2.14009692e-03 6.69504648e-07 -1.07053123e-06 -2.16477135e-03 6.57390328e-07 -4.20148198e-08 2.46744267e-05 1.21143205e-08
2.494557         1.84305116e-06 -2.14870182e-03 -7.29882248e-07 1.88460925e-06 -2.17356499e-03 -7.41757180e-07 -4.15580953e-08 2.48631715e-05 1.18749325e-08
2.495069         1.44892524e-06 -2.26197471e-03 -9.07950245e-08 1.49015828e-06 -2.28703665e-03 -1.02538021e-07 -4.12330438e-08 2.50619402e-05 1.17429967e-08
2.495587         1.19322851e-06 -1.99879559e-03 -3.34787008e-07 1.23433740e-06 -2.02419779e-03 -3.46440755e-07 -4.11088814e-08 2.54021975e-05 1.16537470e-08
2.496105         -2.05370845e-08 -1.90907462e-03 1.56774078e-07 2.07934882e-08 -1.93481750e-03 1.45115152e-07 -4.13305727e-08 2.57428799e-05 1.16589266e-08
2.496623         4.66985624e-08 -2.00914223e-03 1.98695263e-07 8.81832618e-08 -2.03526096e-03 1.87053485e-07 -4.14846994e-08 2.61187289e-05 1.16417787e-08
2.497141         3.42778313e-07 -2.03142451e-03 -1.03414848e-07 3.84238276e-07 -2.05795283e-03 -1.14896657e-07 -4.14599626e-08 2.65283171e-05 1.14818097e-08
2.497658         2.04573254e-06 -1.62781591e-03 -6.34768927e-07 2.08646598e-06 -1.65460007e-03 -6.45874274e-07 -4.07334395e-08 2.67841661e-05 1.11053468e-08
2.498183         1.40282880e-06 -1.37255017e-03 -8.65243023e-08 1.44294669e-06 -1.39949353e-03 -9.72943413e-08 -4.01178920e-08 2.69433598e-05 1.07700390e-08
2.498708         -3.38945485e-06 -2.04799222e-03 1.22129673e-06 -3.34831756e-06 -2.07523737e-03 1.21043507e-06 -4.11372962e-08 2.72451470e-05 1.08616636e-08
2.499233         -1.13002710e-06 -2.27258131e-03 6.05061219e-07 -1.08870043e-06 -2.30016679e-03 5.94336249e-07 -4.13266712e-08 2.75854812e-05 1.07249701e-08
2.499758         -1.36215719e-06 -1.63627037e-03 6.28605586e-07 -1.32055174e-06 -1.66425909e-03 6.17963656e-07 -4.16054511e-08 2.79887132e-05 1.06419301e-08
2.500283         -5.01834551e-07 -1.48281014e-03 5.11175565e-07 -4.60252549e-07 -1.51138302e-03 5.00673367e-07 -4.15820020e-08 2.85728730e-05 1.05021978e-08
2.500815         -5.69350264e-07 -1.78818792e-03 3.68086959e-07 -5.27784377e-07 -1.81709553e-03 3.57747358e-07 -4.15658879e-08 2.89076180e-05 1.03396011e-08
2.501348         -5.92140915e-07 -2.25383381e-03 4.63863066e-07 -5.50598695e-07 -2.28269471e-03 4.53670049e-07 -4.15422201e-08 2.88609043e-05 1.01930172e-08
2.501881         3.69310014e-07 -2.01639113e-03 7.52423229e-08 4.10453596e-07 -2.04544694e-03 6.53101965e-08 -4.11435827e-08 2.90558030e-05 9.93212641e-09
2.502413         -4.80909608e-07 -1.19366127e-03 3.64372627e-07 -4.39907628e-07 -1.22326213e-03 3.54614214e-07 -4.10019797e-08 2.96008561e-05 9.75841294e-09
2.502954         -7.86997063e-08 -1.60292444e-03 3.31031936e-07 -3.81009447e-08 -1.63292255e-03 3.21526188e-07 -4.05987616e-08 2.99981114e-05 9.50574821e-09
2.503495         -2.74401889e-06 -2.16353386e-03 1.06365767e-06 -2.70275883e-06 -2.19378100e-03 1.05410201e-06 -4.12600639e-08 3.02471405e-05 9.55565286e-09
2.504036         8.07808933e-08 -1.90420061e-03 2.49359866e-07 1.21539309e-07 -1.93476734e-03 2.40074779e-07 -4.07584157e-08 3.05667333e-05 9.28508659e-09
2.504577         -3.82354385e-07 -1.55355144e-03 2.96038941e-07 -3.41805950e-07 -1.58451980e-03 2.86953043e-07 -4.05484355e-08 3.09683621e-05 9.08589796e-09
2.505119         1.49498048e-07 -1.54726855e-03 2.15328339e-07 1.89746939e-07 -1.57863590e-03 2.06484253e-07 -4.02488908e-08 3.13673462e-05 8.84408580e-09
2.505669         1.72035104e-06 -1.47849898e-03 -2.71174789e-07 1.75933671e-06 -1.51027837e-03 -2.79487174e-07 -3.89856618e-08 3.17793995e-05 8.31238486e-09
2.50622          8.67612427e-07 -1.70603608e-03 -1.35992846e-07 9.05704663e-07 -1.73821233e-03 -1.43822295e-07 -3.80922359e-08 3.21762491e-05 7.82944959e-09
2.50677          -4.65759388e-10 -1.43135039e-03 2.59605484e-07 3.69998716e-08 -1.46398944e-03 2.52174240e-07 -3.74656310e-08 3.26390475e-05 7.43124396e-09
2.507321         -9.66182552e-07 -1.49806493e-03 6.76233221e-08 -9.28808039e-07 -1.53114743e-03 6.04854781e-08 -3.73745133e-08 3.30825038e-05 7.13784401e-09
2.507871         -2.33999343e-05 -2.03881419e-03 5.22611115e-06 -2.33545898e-05 -2.07204927e-03 5.21725038e-06 -4.53444480e-08 3.32350848e-05 8.86077060e-09
2.508433         1.91013721e-05 -2.02616846e-03 -4.31127236e-06 1.91391664e-05 -2.05957637e-03 -4.31803158e-06 -3.77942768e-08 3.34079125e-05 6.75921702e-09
2.508994         3.77175452e-07 -7.96467352e-04 1.00896829e-06 4.14375655e-07 -8.30434944e-04 1.00232585e-06 -3.72002028e-08 3.39675924e-05 6.64243626e-09
2.509555         1.03457928e-06 -4.58253232e-04 -1.34118458e-07 1.07101498e-06 -4.92753379e-04 -1.40431312e-07 -3.64356999e-08 3.45001462e-05 6.31285434e-09
2.510117         1.33720583e-06 -1.67489742e-03 -1.97285844e-07 1.37276044e-06 -1.70977257e-03 -2.03249314e-07 -3.55546160e-08 3.48751512e-05 5.96347002e-09
2.51069          4.09705099e-07 -1.69170349e-03 1.95413144e-07 4.44842233e-07 -1.72697635e-03 1.89624977e-07 -3.51371333e-08 3.52728670e-05 5.78816669e-09
2.511264         1.56332520e-06 -1.47918035e-03 -3.57560697e-07 1.59789439e-06 -1.51476288e-03 -3.63061439e-07 -3.45691919e-08 3.55825250e-05 5.50074158e-09
2.511837         3.42034408e-07 -1.41038823e-03 2.43618946e-08 3.76682194e-07 -1.44632315e-03 1.89395843e-08 -3.46477868e-08 3.59349238e-05 5.42231034e-09
2.512411         1.95389246e-07 -8.65696313e-04 1.62903434e-07 2.29878456e-07 -9.02163092e-04 1.57670167e-07 -3.44892109e-08 3.64667781e-05 5.23326740e-09
2.512984         -6.34175041e-07 -9.07099605e-04 3.76114088e-07 -5.99446035e-07 -9.44039245e-04 3.70985575e-07 -3.47290061e-08 3.69396400e-05 5.12851308e-09
2.513572         -1.50263378e-06 -1.61486897e-03 7.67772456e-07 -1.46740891e-06 -1.65216161e-03 7.62651003e-07 -3.52248678e-08 3.72926350e-05 5.12145379e-09
2.51416          -2.06363695e-06 -1.11282431e-03 5.26516092e-07 -2.02779385e-06 -1.15054409e-03 5.21486235e-07 -3.58430967e-08 3.77197817e-05 5.02985745e-09
2.514733         -1.41256160e-06 -8.46472763e-04 5.02220515e-07 -1.37644090e-06 -8.84701130e-04 4.97343170e-07 -3.61206915e-08 3.82283676e-05 4.87734477e-09
2.515306         6.49908024e-06 -9.50112829e-04 -8.71824486e-07 6.53276483e-06 -9.88750923e-04 -8.76061904e-07 -3.36845861e-08 3.86380936e-05 4.23741734e-09
2.515879         -5.50815996e-06 -1.41664057e-03 9.15998596e-07 -5.47295713e-06 -1.45554252e-03 9.11762497e-07 -3.52028339e-08 3.89019488e-05 4.23609952e-09
2.516451         -9.39860945e-07 -1.21653196e-03 4.40104194e-07 -9.05003569e-07 -1.25581187e-03 4.36197266e-07 -3.48573760e-08 3.92799172e-05 3.90692723e-09
2.517024         -4.77680015e-07 -6.36412858e-04 3.88568106e-07 -4.43258984e-07 -6.76238926e-04 3.84962445e-07 -3.44210311e-08 3.98260676e-05 3.60566060e-09
2.517597         6.93749617e-07 -9.31358880e-04 1.52668296e-07 7.27307736e-07 -9.71663229e-04 1.49409741e-07 -3.35581198e-08 4.03043486e-05 3.25855512e-09
2.51817          1.30861379e-06 -1.07262031e-03 -1.66002294e-07 1.34124409e-06 -1.11335213e-03 -1.68908307e-07 -3.26303057e-08 4.07318212e-05 2.90601352e-09
2.518743         -3.75725592e-07 -1.03208433e-03 1.78974318e-07 -3.43199626e-07 -1.07325553e-03 1.76223173e-07 -3.25259662e-08 4.11712054e-05 2.75114471e-09
2.519316         -3.59965234e-06 -7.32426323e-04 8.79064670e-07 -3.56604627e-06 -7.73998103e-04 8.76195882e-07 -3.36060698e-08 4.15717806e-05 2.86878733e-09
2.519888         2.90522467e-06 -7.80329519e-04 4.46819467e-08 2.93731369e-06 -8.22374070e-04 4.21683523e-08 -3.20890272e-08 4.20445509e-05 2.51359445e-09
2.520461         1.79993910e-06 -1.17872095e-03 -1.04340475e-07 1.83094793e-06 -1.22134702e-03 -1.06495373e-07 -3.10088342e-08 4.26260758e-05 2.15489811e-09
2.521034         -5.78571739e-07 -7.95779065e-04 4.69592646e-07 -5.47595786e-07 -8.38685928e-04 4.67548076e-07 -3.09759533e-08 4.29068631e-05 2.04456974e-09
2.521607         8.44121450e-07 -1.29525541e-03 2.84697714e-07 8.74460674e-07 -1.33821999e-03 2.82873569e-07 -3.03392242e-08 4.29645846e-05 1.82414503e-09
2.52218          -4.32293344e-06 -3.68495436e-04 1.39388609e-06 -4.29133840e-06 -4.11986379e-04 1.39186002e-06 -3.15950371e-08 4.34909430e-05 2.02606678e-09
2.522752         -2.01004773e-07 3.55538581e-05 3.07365519e-07 -1.69676729e-07 -8.61483279e-06 3.05537696e-07 -3.13280435e-08 4.41686909e-05 1.82782317e-09
2.523325         -3.32277347e-06 -4.26028625e-04 1.08523055e-06 -3.29047576e-06 -4.70799077e-04 1.08327349e-06 -3.22977073e-08 4.47704525e-05 1.95705820e-09
2.523898         6.73019460e-06 -2.79220045e-04 -1.40268053e-06 6.75995951e-06 -3.24672366e-04 -1.40398362e-06 -2.97649082e-08 4.54523211e-05 1.30309071e-09
2.524471         6.45014603e-07 -9.55864559e-04 -2.20370289e-08 6.74607376e-07 -1.00151963e-03 -2.32410825e-08 -2.95927728e-08 4.56550741e-05 1.20405361e-09
2.525044         -3.00275866e-06 -1.16802413e-03 7.31798026e-07 -2.97195656e-06 -1.21377109e-03 7.30486920e-07 -3.08021015e-08 4.57469612e-05 1.31110570e-09
2.525617         2.35171178e-07 5.79607318e-05 5.63794256e-07 2.66075811e-07 1.16523869e-05 5.62371054e-07 -3.09046330e-08 4.63083449e-05 1.42320184e-09
2.526189         -1.16557597e-06 4.50432848e-04 2.20895061e-07 -1.13379054e-06 4.03518461e-04 2.19219921e-07 -3.17854323e-08 4.69143864e-05 1.67514037e-09
2.526762         -1.79428543e-06 -5.58615824e-04 5.73751813e-07 -1.76136303e-06 -6.05892924e-04 5.71734856e-07 -3.29223993e-08 4.72771003e-05 2.01695649e-09
2.527335         2.42426251e-06 -4.37900998e-04 -2.15986297e-07 2.45668510e-06 -4.85553243e-04 -2.18061368e-07 -3.24225906e-08 4.76522447e-05 2.07507040e-09
2.527908         8.90277251e-07 -2.95841379e-04 6.75102195e-09 9.22675109e-07 -3.43850257e-04 4.60879555e-09 -3.23978582e-08 4.80088775e-05 2.14222640e-09
2.528481         7.35793317e-06 -5.57182447e-04 -1.87416484e-06 7.38781775e-06 -6.05530355e-04 -1.87568035e-06 -2.98845779e-08 4.83479079e-05 1.51550547e-09
2.529053         -4.27777256e-06 9.69019538e-05 1.19380997e-06 -4.24607147e-06 4.79882658e-05 1.19186991e-06 -3.17010873e-08 4.89136880e-05 1.94005508e-09
2.529626         7.17010220e-07 1.40340376e-04 1.11836705e-07 7.48716601e-07 9.08919159e-05 1.09833316e-07 -3.17063806e-08 4.94484601e-05 2.00338839e-09
2.530199         -1.33723714e-06 -7.91869873e-05 2.70505388e-07 -1.30460273e-06 -1.29213131e-04 2.68313709e-07 -3.26344075e-08 5.00261434e-05 2.19167937e-09
2.530772         -1.75331243e-07 1.35796648e-04 1.66753342e-07 -1.42168657e-07 8.52485987e-05 1.64384165e-07 -3.31625860e-08 5.05480490e-05 2.36917615e-09
2.531345         1.40639772e-07 1.87513367e-04 2.52167748e-07 1.74218295e-07 1.36752953e-04 2.49642759e-07 -3.35785238e-08 5.07604135e-05 2.52498847e-09
2.531917         -5.96825617e-06 -4.45753573e-05 1.54678014e-06 -5.93195261e-06 -9.55971255e-05 1.54360235e-06 -3.63035645e-08 5.10217682e-05 3.17778833e-09
2.53249          2.57164593e-06 8.90558355e-05 -3.25896252e-07 2.60745449e-06 3.77086779e-05 -3.29031719e-07 -3.58085604e-08 5.13471575e-05 3.13546778e-09
2.533063         -1.73539581e-07 2.31092870e-04 3.54567744e-07 -1.37150506e-07 1.79363354e-04 3.51217048e-07 -3.63890746e-08 5.17295165e-05 3.35069639e-09
2.533636         3.51262218e-06 7.41548367e-05 -3.41180301e-07 3.54818856e-06 2.18731745e-05 -3.44478363e-07 -3.55663779e-08 5.22816623e-05 3.29806193e-09
2.534209         2.42926550e-06 4.10298501e-04 -2.23088117e-07 2.46450423e-06 3.57525722e-04 -2.26414907e-07 -3.52387299e-08 5.27727792e-05 3.32679031e-09
2.534782         2.88288942e-06 1.63202361e-03 -6.07500619e-07 2.91763702e-06 1.57885593e-03 -6.10767372e-07 -3.47475939e-08 5.31676885e-05 3.26675311e-09
2.535354         -2.93108752e-06 7.63025243e-04 4.60576695e-07 -2.89463525e-06 7.09503725e-04 4.56983356e-07 -3.64522732e-08 5.35215178e-05 3.59333935e-09
2.535927         7.65111927e-07 -6.39294198e-04 -3.22063335e-08 8.01722593e-07 -6.93143273e-04 -3.58908761e-08 -3.66106667e-08 5.38490756e-05 3.68454259e-09
2.5365           -4.41085347e-07 2.82789289e-04 1.39661084e-07 -4.03790790e-07 2.28558151e-04 1.35811967e-07 -3.72945569e-08 5.42311377e-05 3.84911712e-09
2.53711          1.90790076e-06 1.28205180e-03 -1.03990070e-07 1.94496218e-06 1.22732869e-03 -1.07913414e-07 -3.70614223e-08 5.47231191e-05 3.92334415e-09
2.537728         -1.60417350e-06 9.14779486e-04 4.45725984e-07 -1.56599804e-06 8.59606332e-04 4.41515841e-07 -3.81754578e-08 5.51731539e-05 4.21014263e-09
2.538346         2.94648769e-06 1.22734219e-03 -6.06044010e-07 2.98397377e-06 1.17171743e-03 -6.10153644e-07 -3.74860798e-08 5.56247604e-05 4.10963436e-09
2.538973         4.34609777e-07 7.76519919e-04 2.19744615e-07 4.72402513e-07 7.20614008e-04 2.15468677e-07 -3.77927363e-08 5.59059104e-05 4.27593828e-09
2.5396           2.13952106e-07 6.62434948e-04 2.62488365e-07 2.52055614e-07 6.06298220e-04 2.58048089e-07 -3.81035076e-08 5.61367274e-05 4.44027567e-09
2.540237         4.94467420e-07 6.05766876e-04 -3.18161555e-07 5.32843829e-07 5.49127719e-04 -3.22643437e-07 -3.83764089e-08 5.66391566e-05 4.48188140e-09
2.540874         -7.80328955e-07 6.86354012e-04 1.06399669e-07 -7.41319573e-07 6.29290123e-04 1.01788690e-07 -3.90093817e-08 5.70638883e-05 4.61097881e-09
2.541511         -1.88003790e-06 1.27206345e-03 1.39507313e-07 -1.83996216e-06 1.21491999e-03 1.34791450e-07 -4.00757315e-08 5.71434672e-05 4.71586301e-09
2.542159         2.10620654e-06 1.15525071e-03 -1.27657309e-07 2.14533578e-06 1.09776509e-03 -1.32339604e-07 -3.91292434e-08 5.74856139e-05 4.68229499e-09
2.542806         2.96510328e-07 1.02387049e-03 1.12711653e-07 3.35449032e-07 9.65812352e-04 1.07982876e-07 -3.89387037e-08 5.80581427e-05 4.72877707e-09
2.543453         -4.16766250e-07 1.67358644e-03 2.18444599e-07 -3.77679362e-07 1.61510284e-03 2.13664674e-07 -3.90868880e-08 5.84836057e-05 4.77992557e-09
2.544112         2.87393855e-06 1.63640874e-03 -3.42721368e-07 2.91181734e-06 1.57752488e-03 -3.47365997e-07 -3.78787846e-08 5.88838589e-05 4.64462885e-09
2.544771         -4.29443326e-07 1.20299429e-03 1.76577679e-07 -3.91137092e-07 1.14400824e-03 1.71926938e-07 -3.83062337e-08 5.89860564e-05 4.65074123e-09
2.545442         2.62895021e-06 1.39065898e-03 -9.63187517e-07 2.66623102e-06 1.33139161e-03 -9.67538775e-07 -3.72808107e-08 5.92673724e-05 4.35125806e-09
2.546113         9.77738011e-07 1.91087281e-03 2.55312914e-07 1.01456230e-06 1.85103039e-03 2.50908902e-07 -3.68242917e-08 5.98424168e-05 4.40401166e-09
2.546783         -2.82097436e-06 1.07769191e-03 3.15404138e-07 -2.78284208e-06 1.01766947e-03 3.10833138e-07 -3.81322882e-08 6.00224365e-05 4.57099993e-09
2.547468         -1.64738650e-07 9.46499641e-04 1.92085100e-07 -1.26515508e-07 8.86345424e-04 1.87410530e-07 -3.82231422e-08 6.01542169e-05 4.67457006e-09
2.548152         -3.37426666e-07 2.43226954e-03 -1.46142379e-07 -2.98854302e-07 2.37167256e-03 -1.50871645e-07 -3.85723638e-08 6.05969800e-05 4.72926620e-09
2.548822         -1.76097254e-06 1.88611155e-03 -6.75484513e-09 -1.72167087e-06 1.82520704e-03 -1.16047350e-08 -3.93016675e-08 6.09045050e-05 4.84988986e-09
2.549493         4.50307012e-08 1.08344420e-03 -1.22854093e-07 8.43446257e-08 1.02230786e-03 -1.27777837e-07 -3.93139244e-08 6.11363386e-05 4.92374404e-09
2.550163         5.84847951e-07 2.54520500e-03 -1.47273089e-07 6.23896071e-07 2.48373536e-03 -1.52241800e-07 -3.90481196e-08 6.14696373e-05 4.96871184e-09
2.550834         -2.12684376e-06 3.13394519e-03 -1.61314025e-07 -2.08688433e-06 3.07213091e-03 -1.66292583e-07 -3.99594322e-08 6.18142811e-05 4.97855818e-09
2.551489         2.86948176e-06 1.29638448e-03 -2.15189036e-08 2.90797995e-06 1.23450245e-03 -2.63885998e-08 -3.84981920e-08 6.18820297e-05 4.86969622e-09
2.552145         6.44347290e-06 1.66702533e-03 -1.03403516e-06 6.47922321e-06 1.60497564e-03 -1.03849373e-06 -3.57503134e-08 6.20496911e-05 4.45856666e-09
2.552801         -4.14148749e-06 2.07781537e-03 3.62270259e-07 -4.10406748e-06 2.01549633e-03 3.57656369e-07 -3.74200123e-08 6.23190338e-05 4.61388983e-09
2.553457         -9.80143152e-07 1.74140849e-03 2.04069455e-08 -9.42426959e-07 1.67898709e-03 1.58174928e-08 -3.77161929e-08 6.24213971e-05 4.58945274e-09
2.554113         4.74170151e-07 1.82350440e-03 -1.20956341e-07 5.11352071e-07 1.76099699e-03 -1.25407109e-07 -3.71819201e-08 6.25074159e-05 4.45076804e-09
2.554768         -2.23373897e-06 2.62967710e-03 2.34726367e-07 -2.19595179e-06 2.56674724e-03 2.30270295e-07 -3.77871758e-08 6.29298529e-05 4.45607204e-09
2.555424         5.99229530e-07 2.51405696e-03 -1.02013845e-07 6.36432905e-07 2.45083382e-03 -1.06349132e-07 -3.72033748e-08 6.32231364e-05 4.33528691e-09
2.556064         -5.03590957e-08 2.91315144e-03 2.22725697e-08 -1.34518300e-08 2.84969986e-03 1.80286966e-08 -3.69072656e-08 6.34515769e-05 4.24387314e-09
2.556703         1.00015858e-06 2.39831214e-03 -4.94600612e-09 1.03630221e-06 2.33487746e-03 -9.07288118e-09 -3.61436359e-08 6.34346772e-05 4.12687506e-09
2.557342         1.15655924e-06 1.75881170e-03 -2.16936939e-07 1.19181851e-06 1.69554586e-03 -2.20880229e-07 -3.52592689e-08 6.32658468e-05 3.94329053e-09
2.557982         4.40270432e-07 2.91209324e-03 3.47898993e-07 4.74783211e-07 2.84845622e-03 3.44010649e-07 -3.45127789e-08 6.36370188e-05 3.88834373e-09
2.558621         -6.35522083e-07 2.77552483e-03 2.40003807e-07 -6.01188554e-07 2.71158187e-03 2.36186428e-07 -3.43335290e-08 6.39429619e-05 3.81737934e-09
2.559261         6.92294080e-07 1.96251396e-03 8.93647997e-08 7.25818386e-07 1.89865444e-03 8.56756217e-08 -3.35243062e-08 6.38595199e-05 3.68917794e-09
2.5599           9.08579054e-07 2.57839101e-03 2.59471790e-08 9.41232337e-07 2.51450781e-03 2.23854540e-08 -3.26532831e-08 6.38831987e-05 3.56172506e-09
2.560539         -3.51759721e-07 3.29568273e-03 1.28613538e-07 -3.19363482e-07 3.23175243e-03 1.25128361e-07 -3.23962396e-08 6.39303041e-05 3.48517662e-09
2.561179         8.03716375e-07 2.68639677e-03 3.28468986e-08 8.35565634e-07 2.62230587e-03 2.95126919e-08 -3.18492584e-08 6.40909044e-05 3.33420679e-09
2.561818         -2.00774269e-06 2.43379048e-03 9.81412494e-08 -1.97516820e-06 2.36950069e-03 9.49583949e-08 -3.25744881e-08 6.42897888e-05 3.18285456e-09
2.562457         8.21144952e-07 2.92834735e-03 7.62824195e-08 8.53058057e-07 2.86381696e-03 7.32497889e-08 -3.19131042e-08 6.45303906e-05 3.03263059e-09
2.563097         4.13949575e-07 3.43776630e-03 1.19729661e-07 4.45234624e-07 3.37303954e-03 1.16848673e-07 -3.12850499e-08 6.47267619e-05 2.88098763e-09
2.563714         -7.50835057e-07 2.94173566e-03 1.74858211e-07 -7.19744997e-07 2.87712474e-03 1.72123518e-07 -3.10900603e-08 6.46109194e-05 2.73469314e-09
2.564332         3.65472135e-08 2.69204172e-03 8.33742671e-08 6.71019609e-08 2.62749990e-03 8.08066555e-08 -3.05547474e-08 6.45418185e-05 2.56761158e-09
2.564949         5.83389609e-07 2.15904064e-03 8.81566168e-08 6.13064538e-07 2.09466653e-03 8.57604896e-08 -2.96749295e-08 6.43741088e-05 2.39612711e-09
2.565566         6.08710534e-08 3.24116364e-03 1.77972581e-08 8.99357463e-08 3.17664030e-03 1.55852501e-08 -2.90646929e-08 6.45233354e-05 2.21200801e-09
2.566184         -9.22663211e-07 4.26427149e-03 1.54414181e-08 -8.93669527e-07 4.19941776e-03 1.33974404e-08 -2.89936836e-08 6.48537207e-05 2.04397776e-09
2.566801         -2.48800405e-07 3.26440678e-03 1.95189212e-07 -2.20152377e-07 3.19964257e-03 1.93282662e-07 -2.86480289e-08 6.47642162e-05 1.90655041e-09
2.567418         2.55288451e-07 2.90187563e-03 4.25977595e-08 2.83231194e-07 2.83722906e-03 4.08556891e-08 -2.79427434e-08 6.46465726e-05 1.74207037e-09
2.568036         2.94593700e-06 2.57712536e-03 1.00714954e-08 2.97192140e-06 2.51247314e-03 8.48901481e-09 -2.59844024e-08 6.46522234e-05 1.58248056e-09
2.568653         1.33794119e-06 2.63099985e-03 1.39223509e-08 1.36262538e-06 2.56638322e-03 1.25117797e-08 -2.46841899e-08 6.46166321e-05 1.41057116e-09
2.56927          2.51676190e-06 2.70298150e-03 -2.56798750e-07 2.53969329e-06 2.63858740e-03 -2.57960239e-07 -2.29313811e-08 6.43940992e-05 1.16148825e-09
2.569888         -5.29826430e-08 3.10668854e-03 7.31875199e-10 -3.10044020e-08 3.04232913e-03 -2.82805010e-10 -2.19782410e-08 6.43594101e-05 1.01468021e-09
2.570505         -3.41570597e-06 5.09003986e-03 -4.22031508e-07 -3.39294856e-06 5.02535015e-03 -4.22816453e-07 -2.27574168e-08 6.46897082e-05 7.84944369e-10
2.571122         -3.81434069e-07 3.33716140e-03 -2.03524098e-07 -3.59211746e-07 3.27247122e-03 -2.04141443e-07 -2.22223226e-08 6.46901770e-05 6.17345734e-10
2.57174          1.35203714e-06 2.55404232e-03 -2.82342821e-07 1.37337563e-06 2.48944325e-03 -2.82807493e-07 -2.13384927e-08 6.45990669e-05 4.64672270e-10
2.572357         -2.26547840e-06 2.90517016e-03 5.86176098e-08 -2.24404307e-06 2.84068782e-03 5.82221458e-08 -2.14353301e-08 6.44823368e-05 3.95463969e-10
2.572974         -1.90218401e-07 2.90092531e-03 -2.66960870e-08 -1.69328501e-07 2.83656705e-03 -2.69888031e-08 -2.08899002e-08 6.43582594e-05 2.92716084e-10
2.573592         -1.48794293e-06 3.39875465e-03 -3.61364876e-07 -1.46675803e-06 3.33466451e-03 -3.61441609e-07 -2.11849062e-08 6.40901421e-05 7.67332577e-11
2.574209         -1.03000292e-06 3.50515250e-03 -1.14778284e-07 -1.00846175e-06 3.44123887e-03 -1.14732267e-07 -2.15411689e-08 6.39136348e-05 -4.60168695e-11
2.574827         -1.48820668e-06 4.67951491e-03 -1.72005682e-07 -1.46649944e-06 4.61547289e-03 -1.71829819e-07 -2.17072381e-08 6.40420214e-05 -1.75862926e-10
2.575444         -3.28348461e-06 4.06050815e-03 1.16077544e-07 -3.26125550e-06 3.99646860e-03 1.16321353e-07 -2.22291154e-08 6.40395513e-05 -2.43809434e-10
2.576061         -1.25167490e-06 2.10892663e-03 -1.19539384e-07 -1.23003527e-06 2.04496879e-03 -1.19157540e-07 -2.16396247e-08 6.39578377e-05 -3.81844065e-10
2.576679         1.79695269e-06 3.56981884e-03 -1.05360969e-07 1.81690171e-06 3.50601643e-03 -1.04902989e-07 -1.99490251e-08 6.38024106e-05 -4.57979970e-10
2.577296         3.35035724e-06 4.50981483e-03 1.27527679e-07 3.36785303e-06 4.44626331e-03 1.28011102e-07 -1.74957896e-08 6.35515237e-05 -4.83422905e-10
2.577913         -4.62505885e-08 2.73788733e-03 -1.65531157e-07 -2.98273147e-08 2.67443525e-03 -1.65012605e-07 -1.64232738e-08 6.34520788e-05 -5.18552198e-10
2.578531         -8.17315713e-07 2.43861764e-03 -2.91685389e-07 -8.02045902e-07 2.37520579e-03 -2.91102360e-07 -1.52698117e-08 6.34118549e-05 -5.83029425e-10
2.579148         3.81958410e-06 4.60963338e-03 -1.51188714e-07 3.83229777e-06 4.54628750e-03 -1.50732032e-07 -1.27136716e-08 6.33458762e-05 -4.56681982e-10
2.579765         5.58759965e-07 4.18770804e-03 -2.68663443e-07 5.70883858e-07 4.12452021e-03 -2.68274937e-07 -1.21238928e-08 6.31878284e-05 -3.88506255e-10
2.580383         -5.17932707e-07 2.35103530e-03 -3.81234896e-07 -5.05835134e-07 2.28835523e-03 -3.80844630e-07 -1.20975732e-08 6.26800733e-05 -3.90266414e-10
2.581            7.26531796e-07 2.80884130e-03 -4.02335024e-07 7.37870717e-07 2.74642524e-03 -4.01957959e-07 -1.13389208e-08 6.24160614e-05 -3.77065589e-10
2.581627         -2.56591360e-06 4.18247116e-03 -3.07400843e-07 -2.55399787e-06 4.12006116e-03 -3.07062458e-07 -1.19157259e-08 6.24099992e-05 -3.38384314e-10
2.582254         7.99951534e-07 4.36872932e-03 1.76767195e-07 8.10438512e-07 4.30633512e-03 1.76966162e-07 -1.04869788e-08 6.23942065e-05 -1.98966460e-10
2.58288          -1.03252839e-07 4.43283202e-03 -2.60834048e-07 -9.36748370e-08 4.37035328e-03 -2.60672811e-07 -9.57800164e-09 6.24787385e-05 -1.61236971e-10
2.583507         6.35137285e-06 2.53935188e-03 -2.54280407e-08 6.35722909e-06 2.47748191e-03 -2.53948008e-08 -5.85623775e-09 6.18699693e-05 -3.32398643e-11
2.584134         1.70977239e-06 2.36390069e-03 -2.24623764e-07 1.71400462e-06 2.30267039e-03 -2.24695773e-07 -4.23223442e-09 6.12303046e-05 7.20092236e-11
2.58477          1.86395326e-06 4.28806462e-03 -3.28204695e-07 1.86648542e-06 4.22669685e-03 -3.28368244e-07 -2.53216088e-09 6.13677776e-05 1.63549013e-10
2.585407         -1.53464074e-06 4.13938170e-03 -8.24113457e-07 -1.53224232e-06 4.07806606e-03 -8.24230823e-07 -2.39842500e-09 6.13156452e-05 1.17366441e-10
2.586043         -2.33852707e-06 4.35461196e-03 -6.97010918e-07 -2.33642267e-06 4.29357682e-03 -6.97079322e-07 -2.10440596e-09 6.10351465e-05 6.84036809e-11
2.586679         -1.73296194e-06 3.24740578e-03 -5.11274441e-07 -1.73106783e-06 3.18679974e-03 -5.11399372e-07 -1.89411472e-09 6.06060387e-05 1.24931226e-10
2.587316         -1.75424617e-06 1.70522143e-03 -4.36545403e-07 -1.75243904e-06 1.64529488e-03 -4.36763694e-07 -1.80712308e-09 5.99265527e-05 2.18290609e-10
2.587963         -1.71696876e-06 3.29274642e-03 -5.11524406e-07 -1.71523095e-06 3.23305644e-03 -5.11901840e-07 -1.73780950e-09 5.96899832e-05 3.77433452e-10
2.58861          -4.45224688e-06 3.79403117e-03 -6.41480080e-07 -4.44957566e-06 3.73455789e-03 -6.41981892e-07 -2.67122129e-09 5.94732821e-05 5.01811609e-10
2.589257         -2.15875157e-06 3.86363915e-03 -2.94863106e-07 -2.15622479e-06 3.80424841e-03 -2.95560360e-07 -2.52678195e-09 5.93907434e-05 6.97253563e-10
2.589905         -1.94153113e-06 3.81047653e-03 -3.66967277e-07 -1.93920537e-06 3.75134218e-03 -3.67803819e-07 -2.32576216e-09 5.91343482e-05 8.36542185e-10
2.590552         -5.38994025e-06 3.41701211e-03 -5.74773839e-07 -5.38635674e-06 3.35849995e-03 -5.75624005e-07 -3.58351443e-09 5.85121610e-05 8.50166060e-10
2.591199         -6.74534118e-07 3.32856595e-03 -1.57518499e-07 -6.71477429e-07 3.27045751e-03 -1.58475291e-07 -3.05668815e-09 5.81084421e-05 9.56791962e-10
2.591859         -2.83423006e-07 3.19443176e-03 -3.65767044e-07 -2.81129185e-07 3.13666880e-03 -3.66814840e-07 -2.29382104e-09 5.77629587e-05 1.04779601e-09
2.592518         4.53238351e-06 3.06244435e-03 -1.36047938e-07 4.53171191e-06 3.00511487e-03 -1.37361937e-07 6.71600839e-10 5.73294721e-05 1.31399843e-09
2.593178         -3.71922430e-06 3.03211264e-03 -6.67743223e-07 -3.71934626e-06 2.97520925e-03 -6.69077951e-07 1.21955158e-10 5.69033879e-05 1.33472818e-09
2.593851         -1.13478989e-06 3.77714901e-03 -5.58200181e-07 -1.13551141e-06 3.72073768e-03 -5.59623427e-07 7.21514302e-10 5.64113307e-05 1.42324584e-09
2.594525         -1.66652736e-06 3.70179440e-03 -5.67085474e-07 -1.66753383e-06 3.64578726e-03 -5.68580229e-07 1.00646997e-09 5.60071399e-05 1.49475549e-09
2.595198         1.25574690e-06 3.35135748e-03 1.92777214e-07 1.25362627e-06 3.29571899e-03 1.90903390e-07 2.12063411e-09 5.56384861e-05 1.87382406e-09
2.595871         -1.20263946e-06 2.65463983e-03 -8.03553332e-07 -1.20527970e-06 2.59962486e-03 -8.05508794e-07 2.64024190e-09 5.50149733e-05 1.95546214e-09
2.59656          -1.47158995e-08 2.84782945e-03 -3.54236240e-07 -1.85506822e-08 2.79334930e-03 -3.56396523e-07 3.83478263e-09 5.44801495e-05 2.16028290e-09
2.597249         -1.16173450e-06 4.21735117e-03 -4.77647494e-07 -1.16577288e-06 4.16320149e-03 -4.79933406e-07 4.03837762e-09 5.41496833e-05 2.28591106e-09
2.597938         -8.36490044e-07 3.10377553e-03 -3.02100641e-07 -8.40985493e-07 3.05012224e-03 -3.04556867e-07 4.49544964e-09 5.36532900e-05 2.45622606e-09
2.598628         -6.23083024e-08 2.59814268e-03 -3.38905349e-08 -6.73395048e-08 2.54508055e-03 -3.65902110e-08 5.03120244e-09 5.30621319e-05 2.69967606e-09
2.599335         -3.46702087e-06 2.38176414e-03 -8.99973234e-07 -3.47187843e-06 2.32934619e-03 -9.02565612e-07 4.85756668e-09 5.24179516e-05 2.59237789e-09
2.600042         9.76819237e-07 3.15905295e-03 -2.62298989e-07 9.70003490e-07 3.10711162e-03 -2.65060595e-07 6.81574737e-09 5.19413229e-05 2.76160660e-09
2.600749         -1.28955741e-06 4.36498192e-03 -5.86604695e-07 -1.29723151e-06 4.31330405e-03 -5.89400647e-07 7.67410113e-09 5.16778641e-05 2.79595233e-09
2.601456         -2.43140679e-06 2.00305536e-03 -5.21793167e-07 -2.43949336e-06 1.95222978e-03 -5.24600153e-07 8.08657407e-09 5.08255800e-05 2.80698571e-09
2.602185         -1.48042091e-06 2.00656786e-03 -6.76330444e-07 -1.48919223e-06 1.95651526e-03 -6.79132019e-07 8.77131899e-09 5.00525990e-05 2.80157549e-09
2.602913         -6.77204047e-07 2.66624172e-03 -3.65230633e-07 -6.87021964e-07 2.61675749e-03 -3.68139699e-07 9.81791730e-09 4.94842369e-05 2.90906625e-09
2.603642         -2.53848098e-06 2.65553810e-03 -5.90238402e-07 -2.54844973e-06 2.60686046e-03 -5.93154856e-07 9.96875178e-09 4.86776433e-05 2.91645427e-09
2.604396         -1.78159769e-06 2.57726270e-03 -4.00854864e-07 -1.79209386e-06 2.52933689e-03 -4.03826016e-07 1.04961745e-08 4.79258170e-05 2.97115184e-09
2.605149         -2.12277970e-06 2.85846939e-03 -4.58766485e-07 -2.13371946e-06 2.81089100e-03 -4.61770769e-07 1.09397616e-08 4.75783995e-05 3.00428333e-09
2.605903         -1.93656369e-06 2.62778121e-03 -5.36984626e-07 -1.94770460e-06 2.58095406e-03 -5.39999832e-07 1.11409116e-08 4.68271471e-05 3.01520592e-09
2.606657         -1.80736166e-06 2.16726168e-03 -5.94926641e-07 -1.81875933e-06 2.12126830e-03 -5.97946368e-07 1.13976689e-08 4.59933861e-05 3.01972678e-09
2.607442         -1.33511001e-06 1.52832276e-03 -4.03025196e-07 -1.34710191e-06 1.48326842e-03 -4.06113309e-07 1.19919074e-08 4.50543438e-05 3.08811303e-09
2.608227         -2.76203005e-06 1.96699513e-03 -5.74891686e-07 -2.77373233e-06 1.92267605e-03 -5.77898114e-07 1.17022799e-08 4.43190719e-05 3.00642741e-09
2.609012         -5.67892686e-07 1.70322318e-03 -2.25294645e-07 -5.80426847e-07 1.65970201e-03 -2.28348709e-07 1.25341613e-08 4.35211633e-05 3.05406376e-09
2.609797         -6.59135157e-07 1.69397360e-03 -4.68745344e-07 -6.72236025e-07 1.65132486e-03 -4.71757089e-07 1.31008672e-08 4.26487378e-05 3.01174580e-09
2.610583         -3.59579219e-06 2.69027699e-03 -9.43789680e-07 -3.60798524e-06 2.64831090e-03 -9.46488473e-07 1.21930512e-08 4.19660877e-05 2.69879337e-09
2.611368         -1.66900095e-06 1.74339762e-03 -3.02838889e-07 -1.68152368e-06 1.70235477e-03 -3.05502312e-07 1.25227333e-08 4.10428445e-05 2.66342297e-09
2.612153         -2.39033809e-06 1.16143194e-03 -4.23929880e-07 -2.40267807e-06 1.12141888e-03 -4.26454420e-07 1.23399725e-08 4.00130602e-05 2.52453970e-09
2.612987         -1.21686599e-06 1.93793899e-03 -1.83898126e-07 -1.22933806e-06 1.89894780e-03 -1.86380808e-07 1.24720672e-08 3.89911901e-05 2.48268157e-09
2.613821         -2.12421257e-06 1.12837169e-03 -2.93148025e-07 -2.13619757e-06 1.09025582e-03 -2.95527487e-07 1.19849973e-08 3.81158729e-05 2.37946199e-09
2.614655         -2.84771689e-06 1.56145671e-03 -5.16728609e-07 -2.85859835e-06 1.52420886e-03 -5.18863533e-07 1.08814525e-08 3.72478496e-05 2.13492401e-09
2.61549          -1.09426757e-06 1.76839342e-03 -2.60604797e-07 -1.10494584e-06 1.73209814e-03 -2.62652404e-07 1.06782714e-08 3.62952800e-05 2.04760720e-09
2.616324         -4.12440843e-06 7.06680561e-04 -6.87555208e-07 -4.13312911e-06 6.71553517e-04 -6.89204234e-07 8.72067376e-09 3.51270442e-05 1.64902644e-09
2.617158         -7.33437900e-07 9.65137604e-04 -3.00163958e-08 -7.42017609e-07 9.31041673e-04 -3.16110031e-08 8.57970961e-09 3.40959317e-05 1.59460728e-09
2.617992         -1.64924186e-06 1.13546916e-03 -2.74662441e-07 -1.65703033e-06 1.10233136e-03 -2.76045572e-07 7.78846756e-09 3.31378055e-05 1.38313163e-09
2.618826         -5.63855819e-06 9.40530631e-04 -1.08824950e-06 -5.64333637e-06 9.08365726e-04 -1.08898635e-06 4.77818332e-09 3.21649054e-05 7.36848322e-10
2.619661         -1.08826942e-06 -1.53291307e-04 -3.38288550e-08 -1.09251777e-06 -1.84017977e-04 -3.44150723e-08 4.24834393e-09 3.07266694e-05 5.86217337e-10
2.620634         -9.47804052e-07 9.89779569e-04 -3.13260312e-08 -9.51330064e-07 9.60106732e-04 -3.17444095e-08 3.52601224e-09 2.96728368e-05 4.18378369e-10
2.621607         -7.27438081e-07 4.70076863e-04 -1.96478579e-08 -7.30658273e-07 4.41768348e-04 -1.99170462e-08 3.22019192e-09 2.83085152e-05 2.69188370e-10
2.62258          -3.32897170e-07 9.30024389e-04 8.48860922e-08 -3.35510952e-07 9.02973589e-04 8.47606739e-08 2.61378214e-09 2.70508000e-05 1.25418365e-10
2.623554         -1.68289682e-06 8.45695857e-04 -1.62849789e-07 -1.68409870e-06 8.19852518e-04 -1.62650003e-07 1.20188390e-09 2.58433387e-05 -1.99786478e-10
2.624527         2.07953156e-07 4.39132453e-04 1.56895755e-07 2.06940047e-07 4.14727871e-04 1.57234772e-07 1.01310887e-09 2.44045824e-05 -3.39017731e-10
2.6255           -4.21483335e-06 3.13056683e-04 -5.36355857e-07 -4.21290202e-06 2.90008851e-04 -5.35380452e-07 -1.93132790e-09 2.30478314e-05 -9.75405431e-10
2.626489         -2.71885982e-06 -1.50168608e-03 -1.92416606e-07 -2.71499337e-06 -1.52275682e-03 -1.90986885e-07 -3.86645153e-09 2.10707431e-05 -1.42972071e-09
2.627501         -1.69432833e-06 1.55182533e-03 -1.14047322e-07 -1.68990080e-06 1.53166676e-03 -1.12332608e-07 -4.42753045e-09 2.01585693e-05 -1.71471447e-09
2.628537         -2.43282818e-06 -8.90809352e-04 -2.10579121e-07 -2.42680866e-06 -9.09143936e-04 -2.08440056e-07 -6.01952229e-09 1.83345842e-05 -2.13906470e-09
2.6296           -1.64282298e-06 -9.46889682e-04 1.37085141e-08 -1.63508354e-06 -9.63554511e-04 1.62318806e-08 -7.73944448e-09 1.66648288e-05 -2.52336653e-09
2.630692         -2.15357470e-06 -1.54078007e-04 -1.99999824e-07 -2.14362264e-06 -1.68966807e-04 -1.96934735e-07 -9.95205756e-09 1.48888000e-05 -3.06508898e-09
2.631784         -2.87067572e-07 -9.29651656e-04 4.12102653e-07 -2.76455717e-07 -9.42890786e-04 4.15327076e-07 -1.06118547e-08 1.32391298e-05 -3.22442275e-09
2.632908         5.88338173e-07 -3.90529912e-04 5.78091085e-07 5.99095468e-07 -4.02022862e-04 5.81430711e-07 -1.07572958e-08 1.14929492e-05 -3.33962576e-09
2.634032         -3.31985653e-06 -4.84776340e-04 -3.78347675e-07 -3.30612766e-06 -4.94596379e-04 -3.74201347e-07 -1.37288696e-08 9.82003925e-06 -4.14632750e-09
2.635156         -1.86297491e-06 -2.24628442e-03 7.35969337e-08 -1.84734889e-06 -2.25381396e-03 7.83078134e-08 -1.56260230e-08 7.52954365e-06 -4.71087964e-09
2.636318         -1.51874568e-06 -7.24652469e-04 3.24246692e-08 -1.50130962e-06 -7.30459437e-04 3.76615572e-08 -1.74360611e-08 5.80696758e-06 -5.23688802e-09
2.637479         -4.60327918e-06 -1.02466837e-03 -6.43966968e-07 -4.58203026e-06 -1.02863919e-03 -6.37669504e-07 -2.12489245e-08 3.97082886e-06 -6.29746358e-09
2.638684         -2.07409157e-06 -2.37828034e-03 -6.89896505e-08 -2.05091687e-06 -2.37979448e-03 -6.19332245e-08 -2.31747040e-08 1.51413782e-06 -7.05642599e-09
2.639888         3.08105038e-08 -1.27251505e-03 5.54567047e-07 5.35226194e-08 -1.27200557e-03 5.61830632e-07 -2.27121156e-08 -5.09477917e-07 -7.26358469e-09
2.641143         -3.98190538e-06 -1.08333264e-03 -6.13533990e-07 -3.95674379e-06 -1.08112079e-03 -6.05201637e-07 -2.51615858e-08 -2.21184107e-06 -8.33235291e-09
2.642397         -1.35002335e-06 -2.91574565e-03 3.80586369e-08 -1.32442854e-06 -2.91059249e-03 4.69896404e-08 -2.55948083e-08 -5.15316098e-06 -8.93100355e-09
2.643598         -2.28228931e-06 -1.34047636e-03 -1.10028519e-07 -2.25624776e-06 -1.33354848e-03 -1.00514985e-07 -2.60415533e-08 -6.92788278e-06 -9.51353382e-09
2.644798         -1.52164265e-06 -2.42218210e-03 1.06397568e-08 -1.49606463e-06 -2.41268975e-03 2.06142283e-08 -2.55780184e-08 -9.49234447e-06 -9.97447154e-09
2.645998         -1.67819273e-06 -2.39357670e-03 1.28537028e-07 -1.65330534e-06 -2.38209983e-03 1.38861138e-07 -2.48873891e-08 -1.14768749e-05 -1.03241104e-08
2.647198         -1.38682099e-06 -2.09827821e-03 2.09236705e-07 -1.36331132e-06 -2.08454475e-03 2.19785573e-07 -2.35096682e-08 -1.37334642e-05 -1.05488679e-08
2.648398         -2.41908829e-06 -2.25073585e-03 -5.06137754e-08 -2.39663133e-06 -2.23490541e-03 -3.97350453e-08 -2.24569603e-08 -1.58304351e-05 -1.08787301e-08
2.649598         -1.54287730e-06 -3.62266686e-03 1.46181402e-07 -1.52249014e-06 -3.60401657e-03 1.57189602e-07 -2.03871600e-08 -1.86502881e-05 -1.10081996e-08
2.650798         -8.26821589e-07 -2.18665819e-03 3.58125735e-07 -8.09328401e-07 -2.16606625e-03 3.68999785e-07 -1.74931875e-08 -2.05919377e-05 -1.08740498e-08
2.651928         6.07939197e-07 -2.67581807e-03 7.73766522e-07 6.21411003e-07 -2.65311075e-03 7.84168397e-07 -1.34718064e-08 -2.27073169e-05 -1.04018758e-08
2.653057         3.30210907e-07 -2.78692615e-03 6.50890379e-07 3.39788106e-07 -2.76202417e-03 6.60870687e-07 -9.57719837e-09 -2.49019758e-05 -9.98030823e-09
2.654187         -1.33721862e-06 -3.47762848e-03 2.05585987e-07 -1.33047817e-06 -3.45050098e-03 2.15467978e-07 -6.74045451e-09 -2.71274966e-05 -9.88199122e-09
2.655316         -5.63387962e-07 -2.27289339e-03 3.36769846e-07 -5.60067001e-07 -2.24377365e-03 3.46359482e-07 -3.32096068e-09 -2.91197394e-05 -9.58963670e-09
2.656446         5.43400392e-07 -4.17586441e-03 7.54920221e-07 5.42333720e-07 -4.14440378e-03 7.63935991e-07 1.06667164e-09 -3.14606250e-05 -9.01577082e-09
2.657575         -1.64437304e-07 -2.53981279e-03 4.33393369e-07 -1.69447638e-07 -2.50638553e-03 4.41969720e-07 5.01033452e-09 -3.34272533e-05 -8.57635167e-09
2.658705         -1.15762257e-07 -3.34067512e-03 4.51828633e-07 -1.25225280e-07 -3.30517693e-03 4.59857348e-07 9.46302344e-09 -3.54981856e-05 -8.02871595e-09
2.659834         4.08750879e-07 -3.89902651e-03 7.09538750e-07 3.93976993e-07 -3.86102828e-03 7.16779843e-07 1.47738856e-08 -3.79982235e-05 -7.24109316e-09
2.660851         -3.90428037e-07 -2.53508499e-03 2.72106217e-07 -4.09452545e-07 -2.49569641e-03 2.78844643e-07 1.90245074e-08 -3.93885791e-05 -6.73842607e-09
2.661867         -8.56101167e-07 -4.45002314e-03 2.39691934e-07 -8.79447354e-07 -4.40846535e-03 2.45893719e-07 2.33461875e-08 -4.15577860e-05 -6.20178579e-09
2.662884         -4.01216035e-07 -3.60013699e-03 2.96340155e-07 -4.29327539e-07 -3.55676497e-03 3.01889061e-07 2.81115032e-08 -4.33720216e-05 -5.54890629e-09
2.663901         -3.85651878e-07 -3.75356409e-03 2.98377058e-07 -4.18621984e-07 -3.70848694e-03 3.03242882e-07 3.29701065e-08 -4.50771566e-05 -4.86582418e-09
2.664917         -3.10117493e-07 -3.54770857e-03 2.96516494e-07 -3.47971148e-07 -3.50099702e-03 3.00682916e-07 3.78536551e-08 -4.67115498e-05 -4.16642216e-09
2.665934         -5.31950217e-07 -3.64519218e-03 2.50840738e-07 -5.74940381e-07 -3.59670696e-03 2.54259635e-07 4.29901638e-08 -4.84852224e-05 -3.41889741e-09
2.66695          -3.84508326e-07 -4.29110012e-03 3.06087782e-07 -4.32579429e-07 -4.24067305e-03 3.08727632e-07 4.80711025e-08 -5.04270655e-05 -2.63985092e-09
2.667967         -2.66102649e-07 -4.14749990e-03 3.36705247e-07 -3.19342928e-07 -4.09549306e-03 3.38530502e-07 5.32402791e-08 -5.20068321e-05 -1.82525490e-09
2.668983         -8.66913107e-08 -3.62656136e-03 3.92506800e-07 -1.44945820e-07 -3.57304768e-03 3.93510304e-07 5.82545093e-08 -5.35136815e-05 -1.00350354e-09
2.67             1.06693602e-08 -4.44047695e-03 4.40920879e-07 -5.25303256e-08 -4.38537550e-03 4.41126224e-07 6.31996858e-08 -5.51014495e-05 -2.05344662e-10
