# Moment        
# CofR          : (6.34000000e-02 0.00000000e+00 4.00000000e-03)
#
# Time          	total_x total_y total_z	pressure_x pressure_y pressure_z	viscous_x viscous_y viscous_z
0.001557692      2.81802615e-09 -3.26905534e-04 2.19976786e-09 2.79243865e-09 -3.26392295e-04 2.19975895e-09 2.55875012e-11 -5.13239689e-07 8.91247691e-15
0.003412088      9.59753625e-08 -6.66259684e-04 1.82879345e-09 9.57945192e-08 -6.64603456e-04 1.83006485e-09 1.80843292e-10 -1.65622819e-06 -1.27140517e-12
0.00559373       -5.14112575e-08 -6.51585724e-04 1.30404920e-09 -5.15914647e-08 -6.48622372e-04 1.30805852e-09 1.80207136e-10 -2.96335267e-06 -4.00932161e-12
0.008278828      4.26413097e-10 -6.96000016e-04 -6.13726261e-10 1.53845504e-10 -6.91527094e-04 -6.03168505e-10 2.72567593e-10 -4.47292144e-06 -1.05577558e-11
0.01150094       -3.68512407e-09 -6.64058635e-04 6.45900025e-11 -4.06579413e-09 -6.57846566e-04 8.59377680e-11 3.80670053e-10 -6.21206812e-06 -2.13477655e-11
0.01512583       -1.79676037e-07 -7.30620294e-04 -4.22147351e-09 -1.79839943e-07 -7.22388021e-04 -4.16809950e-09 1.63906058e-10 -8.23227301e-06 -5.33740125e-11
0.01875071       9.36363500e-08 -7.78720117e-04 -2.33206788e-08 9.30593243e-08 -7.68424558e-04 -2.32021193e-08 5.77025674e-10 -1.02955587e-05 -1.18559524e-10
0.02185775       -3.26609430e-07 -9.03174689e-04 1.74086499e-08 -3.27014587e-07 -8.91008599e-04 1.75463230e-08 4.05157029e-10 -1.21660897e-05 -1.37673113e-10
0.02452093       -1.02271504e-07 -8.74395302e-04 2.81182218e-09 -1.02938803e-07 -8.60844071e-04 2.98526613e-09 6.67299245e-10 -1.35512302e-05 -1.73443956e-10
0.02680365       -1.64436553e-07 -9.41154676e-04 2.65302041e-09 -1.65580915e-07 -9.26437324e-04 2.87586774e-09 1.14436149e-09 -1.47173523e-05 -2.22847331e-10
0.02876027       -2.63546189e-07 -9.70560395e-04 -1.25266126e-08 -2.64782703e-07 -9.54888884e-04 -1.22425288e-08 1.23651462e-09 -1.56715115e-05 -2.84083807e-10
0.0307169        4.62951737e-08 -9.43562835e-04 -2.65002071e-08 4.45302426e-08 -9.26986255e-04 -2.61402993e-08 1.76493115e-09 -1.65765804e-05 -3.59907817e-10
0.03267352       -7.72853711e-07 -9.12919241e-04 3.89045550e-08 -7.74378126e-07 -8.95566465e-04 3.92905585e-08 1.52441551e-09 -1.73527754e-05 -3.86003411e-10
0.03463014       -2.03656580e-07 -9.19201634e-04 1.19884186e-08 -2.05669233e-07 -9.00973952e-04 1.24282912e-08 2.01265331e-09 -1.82276813e-05 -4.39872608e-10
0.03658676       5.41981371e-07 -9.47491545e-04 -1.09783757e-08 5.38605637e-07 -9.28580128e-04 -1.04616478e-08 3.37573442e-09 -1.89114176e-05 -5.16727928e-10
0.03854338       -6.35834355e-07 -9.87504456e-04 2.06568901e-08 -6.39306533e-07 -9.67744084e-04 2.12275843e-08 3.47217825e-09 -1.97603716e-05 -5.70694254e-10
0.0405           -3.29521773e-07 -1.00333553e-03 1.27356741e-08 -3.33496532e-07 -9.82754443e-04 1.33715268e-08 3.97475981e-09 -2.05810914e-05 -6.35852683e-10
0.042            3.51105910e-07 -1.07602145e-03 6.08223621e-09 3.46091899e-07 -1.05491160e-03 6.77262447e-09 5.01401174e-09 -2.11098487e-05 -6.90388260e-10
0.04344444       -5.85684578e-08 -1.12184687e-03 -4.82345249e-09 -6.42316222e-08 -1.10019100e-03 -4.06249801e-09 5.66316438e-09 -2.16558631e-05 -7.60954473e-10
0.04483539       4.63071963e-07 -9.74602830e-04 -4.37786270e-08 4.56392874e-07 -9.52588397e-04 -4.29246377e-08 6.67908976e-09 -2.20144329e-05 -8.53989313e-10
0.04617482       1.25856027e-06 -1.17628638e-03 -7.42516363e-08 1.25026954e-06 -1.15372099e-03 -7.32831714e-08 8.29072582e-09 -2.25653953e-05 -9.68464840e-10
0.04746464       -2.13383547e-06 -1.01507533e-03 9.12735198e-08 -2.14120890e-06 -9.92259472e-04 9.22443187e-08 7.37343114e-09 -2.28158562e-05 -9.70798866e-10
0.04875446       6.21412612e-07 -1.12223826e-03 -4.23279518e-08 6.12930467e-07 -1.09883933e-03 -4.12674405e-08 8.48214473e-09 -2.33989230e-05 -1.06051128e-09
0.04999468       9.74574610e-07 -1.18971455e-03 -1.02441618e-07 9.64849546e-07 -1.16597451e-03 -1.01265329e-07 9.72506439e-09 -2.37400314e-05 -1.17628877e-09
0.05123489       -5.15805306e-07 -1.01431125e-03 -7.47362059e-08 -5.25587745e-07 -9.90223490e-04 -7.34610874e-08 9.78243854e-09 -2.40877620e-05 -1.27511856e-09
0.05242549       2.59894662e-07 -1.19802215e-03 -4.74617453e-08 2.49410702e-07 -1.17366405e-03 -4.61125118e-08 1.04839595e-08 -2.43581000e-05 -1.34923350e-09
0.0536161        1.80879912e-07 -1.28594334e-03 -3.23234061e-08 1.69709092e-07 -1.26098309e-03 -3.08986049e-08 1.11708199e-08 -2.49602518e-05 -1.42480118e-09
0.05475709       2.32200677e-06 -9.16710876e-04 -2.12598475e-07 2.30878099e-06 -8.91727817e-04 -2.10980113e-07 1.32257728e-08 -2.49830585e-05 -1.61836102e-09
0.05589809       -2.58688087e-06 -1.28711455e-03 1.98503038e-07 -2.59906492e-06 -1.26165609e-03 2.00086682e-07 1.21840533e-08 -2.54584603e-05 -1.58364448e-09
0.05698948       -3.90848541e-07 -1.18064414e-03 1.51226306e-08 -4.03343611e-07 -1.15488109e-03 1.67650199e-08 1.24950700e-08 -2.57630448e-05 -1.64238932e-09
0.05808087       -3.18968651e-07 -1.26372467e-03 -1.21983939e-09 -3.31793661e-07 -1.23751019e-03 4.88573488e-10 1.28250100e-08 -2.62144805e-05 -1.70841288e-09
0.05917225       2.80550240e-06 -1.28447271e-03 -1.90043754e-07 2.79046967e-06 -1.25807233e-03 -1.88174577e-07 1.50327271e-08 -2.64003768e-05 -1.86917701e-09
0.06021167       -2.68789514e-06 -1.04784630e-03 1.28616084e-07 -2.70170536e-06 -1.02125082e-03 1.30461531e-07 1.38102216e-08 -2.65954853e-05 -1.84544654e-09
0.06125109       2.83591615e-07 -1.05930917e-03 -1.97292366e-08 2.69232602e-07 -1.03250450e-03 -1.78329059e-08 1.43590133e-08 -2.68046718e-05 -1.89633073e-09
0.0622905        -5.16837328e-09 -1.40295362e-03 -2.92568159e-08 -1.98748473e-08 -1.37579725e-03 -2.72998376e-08 1.47064740e-08 -2.71563751e-05 -1.95697833e-09
0.06327521       3.90746797e-07 -1.38483213e-03 -1.20350339e-07 3.75561117e-07 -1.35732759e-03 -1.18306116e-07 1.51856798e-08 -2.75045402e-05 -2.04422222e-09
0.06425992       2.60349720e-07 -1.12104413e-03 1.57001238e-08 2.44758987e-07 -1.09335753e-03 1.77751460e-08 1.55907334e-08 -2.76865946e-05 -2.07502227e-09
0.06524463       1.18211036e-07 -1.27579727e-03 4.19106209e-08 1.02259809e-07 -1.24795114e-03 4.39948855e-08 1.59512271e-08 -2.78461298e-05 -2.08426457e-09
0.06622934       3.32522015e-07 -1.39303470e-03 -3.72884157e-08 3.16191164e-07 -1.36486088e-03 -3.51596048e-08 1.63308516e-08 -2.81738241e-05 -2.12881094e-09
0.06721405       1.55858504e-06 -1.21997561e-03 -1.36448235e-07 1.54132489e-06 -1.19152825e-03 -1.34232263e-07 1.72601568e-08 -2.84473583e-05 -2.21597230e-09
0.06813312       6.63586508e-07 -1.12075321e-03 -9.55385834e-08 6.45944159e-07 -1.09226675e-03 -9.32628730e-08 1.76423485e-08 -2.84864625e-05 -2.27571039e-09
0.06905218       5.18101062e-07 -1.52072481e-03 -7.96790749e-08 5.00117136e-07 -1.49180158e-03 -7.73399215e-08 1.79839260e-08 -2.89232251e-05 -2.33915350e-09
0.06997124       4.70644426e-07 -1.25099135e-03 -8.67495073e-08 4.52370099e-07 -1.22192718e-03 -8.43425370e-08 1.82743274e-08 -2.90641717e-05 -2.40697031e-09
0.07089031       6.15892854e-07 -1.57741437e-03 -9.27785139e-08 5.97235765e-07 -1.54788831e-03 -9.02946299e-08 1.86570892e-08 -2.95260516e-05 -2.48388394e-09
0.07180937       1.51791858e-06 -7.80585477e-04 -2.05957532e-07 1.49859078e-06 -7.51214952e-04 -2.03369862e-07 1.93277941e-08 -2.93705256e-05 -2.58766988e-09
0.07272843       -1.69672854e-06 -1.74941406e-03 -2.68411070e-08 -1.71499074e-06 -1.71955471e-03 -2.42142667e-08 1.82621993e-08 -2.98593501e-05 -2.62684030e-09
0.0736475        1.22712641e-06 -1.05700209e-03 -1.60023175e-07 1.20842072e-06 -1.02726743e-03 -1.57325337e-07 1.87056874e-08 -2.97346626e-05 -2.69783808e-09
0.07456656       1.06306224e-06 -1.49068261e-03 -1.09315109e-07 1.04388348e-06 -1.46056943e-03 -1.06546244e-07 1.91787623e-08 -3.01131816e-05 -2.76886419e-09
0.07548562       7.92245087e-07 -1.44556450e-03 -1.12434651e-07 7.72810376e-07 -1.41520265e-03 -1.09602728e-07 1.94347112e-08 -3.03618502e-05 -2.83192257e-09
0.07640468       -1.37182565e-06 -1.25761611e-03 1.07933749e-07 -1.39043765e-06 -1.22706635e-03 1.10726651e-07 1.86120028e-08 -3.05497614e-05 -2.79290210e-09
0.07732375       1.93187106e-07 -1.31969020e-03 -2.84685674e-08 1.74623202e-07 -1.28895894e-03 -2.56465315e-08 1.85639041e-08 -3.07312569e-05 -2.82203592e-09
0.07824281       9.28286691e-07 -1.42809576e-03 -1.30373563e-07 9.09419020e-07 -1.39724055e-03 -1.27478039e-07 1.88676707e-08 -3.08552092e-05 -2.89552348e-09
0.07916187       5.65070355e-07 -1.45146279e-03 -1.24261246e-07 5.46149611e-07 -1.42034932e-03 -1.21302561e-07 1.89207436e-08 -3.11134711e-05 -2.95868474e-09
0.08008094       1.33700633e-06 -1.59066174e-03 -1.98905664e-07 1.31761552e-06 -1.55918383e-03 -1.95844664e-07 1.93908056e-08 -3.14779050e-05 -3.06100016e-09
0.081            2.84975956e-06 -1.00222774e-03 -4.00722176e-07 2.82921869e-06 -9.70798680e-04 -3.97479284e-07 2.05408657e-08 -3.14290641e-05 -3.24289166e-09
0.08182653       1.41634956e-06 -1.87094816e-03 -2.44576605e-07 1.39540197e-06 -1.83913601e-03 -2.41230384e-07 2.09475903e-08 -3.18121468e-05 -3.34622046e-09
0.08263619       1.45870679e-06 -1.20258617e-03 -2.23130459e-07 1.43731618e-06 -1.17086523e-03 -2.19686630e-07 2.13906139e-08 -3.17209437e-05 -3.44382896e-09
0.08344586       2.81446412e-06 -1.50661291e-03 -3.31639980e-07 2.79193492e-06 -1.47465961e-03 -3.28031240e-07 2.25292069e-08 -3.19532910e-05 -3.60874005e-09
0.08425552       -2.99080692e-06 -1.54512378e-03 3.81796625e-07 -3.01185960e-06 -1.51296132e-03 3.85279591e-07 2.10526862e-08 -3.21624569e-05 -3.48296575e-09
0.08504795       4.87269511e-06 -1.21681723e-03 -6.36788894e-07 4.84968489e-06 -1.18471748e-03 -6.33016365e-07 2.30102155e-08 -3.20997564e-05 -3.77252840e-09
0.08584039       -3.93465500e-06 -1.57715525e-03 4.54603723e-07 -3.95580052e-06 -1.54462791e-03 4.58225660e-07 2.11455208e-08 -3.25273423e-05 -3.62193785e-09
0.08663283       9.37299726e-08 -1.68295449e-03 -5.09155430e-08 7.26126884e-08 -1.65024903e-03 -4.72241083e-08 2.11172842e-08 -3.27054586e-05 -3.69143466e-09
0.08740765       1.06650046e-06 -1.33330363e-03 -1.91913324e-07 1.04510059e-06 -1.30065639e-03 -1.88124559e-07 2.13998662e-08 -3.26472405e-05 -3.78876527e-09
0.08818248       1.31765842e-06 -1.28853656e-03 -2.38302908e-07 1.29585596e-06 -1.25590680e-03 -2.34390983e-07 2.18024570e-08 -3.26297509e-05 -3.91192542e-09
0.0889573        4.15025819e-07 -1.85669195e-03 -7.10181846e-08 3.93160397e-07 -1.82359933e-03 -6.70323037e-08 2.18654223e-08 -3.30926118e-05 -3.98588091e-09
0.08973213       -2.24374917e-06 -1.51000777e-03 3.84456297e-09 -2.26432569e-06 -1.47681104e-03 7.84487541e-09 2.05765268e-08 -3.31967335e-05 -4.00031244e-09
0.09048851       3.33138363e-06 -1.32835055e-03 -5.72869859e-07 3.30954824e-06 -1.29518210e-03 -5.68627514e-07 2.18353896e-08 -3.31684538e-05 -4.24234533e-09
0.09124489       6.46720566e-06 -1.41987038e-03 -9.48149374e-07 6.44280481e-06 -1.38666424e-03 -9.43522165e-07 2.44008511e-08 -3.32061370e-05 -4.62720864e-09
0.09200126       -1.82770476e-06 -1.98121128e-03 2.54507752e-07 -1.85107168e-06 -1.94768026e-03 2.59034125e-07 2.33669212e-08 -3.35310241e-05 -4.52637316e-09
0.09275764       2.09461803e-06 -1.53651407e-03 -3.83150731e-07 2.07054541e-06 -1.50275283e-03 -3.78456467e-07 2.40726203e-08 -3.37612400e-05 -4.69426364e-09
0.09349463       -1.43929538e-06 -1.28387430e-03 -3.45980713e-08 -1.46236359e-06 -1.25015448e-03 -2.99027895e-08 2.30682071e-08 -3.37198170e-05 -4.69528179e-09
0.09423161       2.66525871e-06 -1.35887197e-03 -3.78431318e-07 2.64122961e-06 -1.32518606e-03 -3.73586802e-07 2.40290974e-08 -3.36859094e-05 -4.84451554e-09
0.09496859       1.78580639e-06 -2.19442949e-03 -2.56743696e-07 1.76114724e-06 -2.16030051e-03 -2.51776642e-07 2.46591438e-08 -3.41289800e-05 -4.96705497e-09
0.09570558       -2.01623017e-06 -1.06760091e-03 2.50372839e-07 -2.03983742e-06 -1.03360946e-03 2.55242834e-07 2.36072486e-08 -3.39914500e-05 -4.86999497e-09
0.09644256       7.31741801e-07 -1.62732286e-03 -2.14196277e-07 7.08019457e-07 -1.59316299e-03 -2.09234734e-07 2.37223446e-08 -3.41598705e-05 -4.96154315e-09
0.09717954       -3.80950457e-07 -2.06871295e-03 3.79982341e-08 -4.04390719e-07 -2.03420355e-03 4.29692458e-08 2.34402625e-08 -3.45094051e-05 -4.97101178e-09
0.09789485       9.64978726e-07 -1.10079295e-03 -2.17966459e-07 9.41335257e-07 -1.06643278e-03 -2.12907523e-07 2.36434688e-08 -3.43601696e-05 -5.05893576e-09
0.09861016       1.21205654e-06 -1.57021428e-03 -2.63164454e-07 1.18809692e-06 -1.53576429e-03 -2.58000724e-07 2.39596288e-08 -3.44499950e-05 -5.16372908e-09
0.09932547       3.61116100e-06 -1.76165359e-03 -5.36505775e-07 3.58582132e-06 -1.72707284e-03 -5.31121473e-07 2.53396840e-08 -3.45807493e-05 -5.38430251e-09
0.1000408        3.50182472e-07 -1.58185084e-03 -3.78608263e-08 3.24818023e-07 -1.54718182e-03 -3.24377908e-08 2.53644491e-08 -3.46690222e-05 -5.42303556e-09
0.1007561        1.04081044e-06 -1.70637110e-03 -2.41979992e-07 1.01516353e-06 -1.67153110e-03 -2.36452157e-07 2.56469073e-08 -3.48399993e-05 -5.52783409e-09
0.1014714        1.13017076e-06 -1.69186110e-03 -2.82553662e-07 1.10422949e-06 -1.65689325e-03 -2.76913427e-07 2.59412726e-08 -3.49678505e-05 -5.64023546e-09
0.102162         7.14131273e-07 -1.56627702e-03 -2.04130343e-07 6.88116810e-07 -1.53123677e-03 -1.98422275e-07 2.60144628e-08 -3.50402536e-05 -5.70806759e-09
0.1028527        1.18871477e-06 -1.92342248e-03 -2.99661814e-07 1.16243682e-06 -1.88825682e-03 -2.93848779e-07 2.62779542e-08 -3.51656675e-05 -5.81303455e-09
0.1035433        9.45430087e-07 -1.67699215e-03 -2.82178889e-07 9.19003470e-07 -1.64169868e-03 -2.76272906e-07 2.64266162e-08 -3.52934709e-05 -5.90598337e-09
0.104234         -3.48187994e-06 -1.46753101e-03 2.77755386e-07 -3.50654850e-06 -1.43213266e-03 2.83529937e-07 2.46685598e-08 -3.53983496e-05 -5.77455081e-09
0.1049246        -2.47248284e-06 -1.54521984e-03 4.25925287e-07 -2.49605192e-06 -1.50994070e-03 4.31536447e-07 2.35690828e-08 -3.52791467e-05 -5.61116083e-09
0.1056152        8.51616236e-08 -1.64721401e-03 -6.04800013e-08 6.15810856e-08 -1.61188844e-03 -5.48348628e-08 2.35805381e-08 -3.53255702e-05 -5.64513841e-09
0.1063059        2.98008469e-06 -1.72557444e-03 -6.82470929e-07 2.95535727e-06 -1.69010111e-03 -6.76565435e-07 2.47274212e-08 -3.54733311e-05 -5.90549407e-09
0.1069965        -9.49047485e-07 -2.19413175e-03 1.25823439e-07 -9.73349474e-07 -2.15819779e-03 1.31689878e-07 2.43019890e-08 -3.59339651e-05 -5.86643928e-09
0.1076872        2.42644970e-07 -1.59997428e-03 -9.12492770e-08 2.18376695e-07 -1.56409594e-03 -8.53525684e-08 2.42682757e-08 -3.58783378e-05 -5.89670857e-09
0.1083778        1.20283028e-06 -1.42094472e-03 -4.10354759e-07 1.17833259e-06 -1.38514355e-03 -4.04328880e-07 2.44976861e-08 -3.58011698e-05 -6.02587949e-09
0.1090684        1.69443488e-06 -1.91838317e-03 -2.42068262e-07 1.66932832e-06 -1.88231497e-03 -2.35943530e-07 2.51065623e-08 -3.60682007e-05 -6.12473150e-09
0.1097227        -1.55381800e-06 -1.54279719e-03 8.91076059e-08 -1.57803620e-06 -1.50688523e-03 9.51773863e-08 2.42182002e-08 -3.59119570e-05 -6.06978042e-09
0.110377         2.22090479e-06 -1.64774172e-03 -4.48902250e-07 2.19596987e-06 -1.61187100e-03 -4.42677068e-07 2.49349171e-08 -3.58707259e-05 -6.22518211e-09
0.1110313        6.48149316e-07 -2.33214429e-03 -2.22197758e-07 6.23126174e-07 -2.29577683e-03 -2.15894036e-07 2.50231422e-08 -3.63674560e-05 -6.30372231e-09
0.1116856        1.06229276e-05 -1.57633645e-03 -2.42743723e-06 1.05942744e-05 -1.54003027e-03 -2.42031345e-06 2.86531691e-08 -3.63061750e-05 -7.12378213e-09
0.1123399        -2.82386042e-06 -1.49054159e-03 6.48980133e-07 -2.85130523e-06 -1.45433153e-03 6.55856826e-07 2.74448054e-08 -3.62100641e-05 -6.87669337e-09
0.1129942        1.85129693e-06 -1.91347982e-03 -3.40601216e-07 1.82328647e-06 -1.87705068e-03 -3.33608713e-07 2.80104563e-08 -3.64291462e-05 -6.99250279e-09
0.1136485        9.10193797e-07 -1.74646591e-03 -2.74906750e-07 8.82088221e-07 -1.70993373e-03 -2.67836629e-07 2.81055756e-08 -3.65321779e-05 -7.07012146e-09
0.1143028        8.22314980e-07 -1.76403549e-03 -2.58895611e-07 7.94153805e-07 -1.72741609e-03 -2.51755841e-07 2.81611758e-08 -3.66193988e-05 -7.13976909e-09
0.1149571        5.72056093e-07 -1.59270497e-03 -2.28116375e-07 5.43960318e-07 -1.55622847e-03 -2.20926053e-07 2.80957748e-08 -3.64764979e-05 -7.19032248e-09
0.1156114        7.82765266e-07 -1.83402805e-03 -2.70612129e-07 7.54655160e-07 -1.79742594e-03 -2.63353604e-07 2.81101060e-08 -3.66021098e-05 -7.25852552e-09
0.1162657        7.92265247e-07 -2.17529848e-03 -2.41220940e-07 7.64096883e-07 -2.13836006e-03 -2.33892257e-07 2.81683647e-08 -3.69384215e-05 -7.32868263e-09
0.11692          4.99516542e-07 -1.59312721e-03 -2.10955442e-07 4.71417990e-07 -1.55626192e-03 -2.03577469e-07 2.80985518e-08 -3.68652900e-05 -7.37797351e-09
0.1175742        9.79102077e-07 -1.69484275e-03 -3.45060518e-07 9.50925762e-07 -1.65794694e-03 -3.37593641e-07 2.81763155e-08 -3.68958092e-05 -7.46687738e-09
0.1182285        2.34016161e-06 -1.92944397e-03 -7.06232350e-07 2.31145298e-06 -1.89239794e-03 -6.98553683e-07 2.87086328e-08 -3.70460282e-05 -7.67866740e-09
0.1188828        -1.16997932e-06 -1.64147624e-03 2.45565798e-07 -1.19794441e-06 -1.60452609e-03 2.53140531e-07 2.79650833e-08 -3.69501473e-05 -7.57473318e-09
0.1195371        4.35394642e-06 -1.70496179e-03 -1.23538185e-06 4.32476931e-06 -1.66803223e-03 -1.22740912e-06 2.91771105e-08 -3.69295639e-05 -7.97272292e-09
0.1201914        5.22788952e-07 -1.83003064e-03 -2.21914923e-07 4.93802747e-07 -1.79298916e-03 -2.13894248e-07 2.89862051e-08 -3.70414875e-05 -8.02067556e-09
0.1208457        4.12788502e-07 -1.93430537e-03 -2.08061466e-07 3.84014395e-07 -1.89709109e-03 -1.99993576e-07 2.87741071e-08 -3.72142808e-05 -8.06789020e-09
0.1215           1.16340522e-07 -1.97411130e-03 -1.09885118e-07 8.78676547e-08 -1.93674734e-03 -1.01799118e-07 2.84728671e-08 -3.73639625e-05 -8.08599993e-09
0.1221328        4.93999988e-07 -1.95862933e-03 -2.66201259e-07 4.65714278e-07 -1.92127495e-03 -2.58057341e-07 2.82857099e-08 -3.73543889e-05 -8.14391805e-09
0.1227656        2.83234619e-07 -2.09562917e-03 -1.88851636e-07 2.55196844e-07 -2.05811744e-03 -1.80668911e-07 2.80377751e-08 -3.75117256e-05 -8.18272540e-09
0.1233884        8.08926271e-07 -1.99772584e-03 -2.90425962e-07 7.80916463e-07 -1.96005217e-03 -2.82166426e-07 2.80098079e-08 -3.76736742e-05 -8.25953584e-09
0.1240112        2.02100397e-06 -1.48423629e-03 -6.63467847e-07 1.99266594e-06 -1.44671175e-03 -6.55019934e-07 2.83380385e-08 -3.75245470e-05 -8.44791264e-09
0.1246339        4.08844170e-07 -1.77304049e-03 -2.71974157e-07 3.80781355e-07 -1.73550291e-03 -2.63470460e-07 2.80628150e-08 -3.75375798e-05 -8.50369703e-09
0.1252567        5.36579492e-06 -2.19074483e-03 -1.60431776e-06 5.33623707e-06 -2.15303121e-03 -1.59530843e-06 2.95578503e-08 -3.77136147e-05 -9.00932570e-09
0.1258795        -3.09515235e-06 -1.60921302e-03 8.00930581e-07 -3.12330256e-06 -1.57159844e-03 8.09661836e-07 2.81502126e-08 -3.76145835e-05 -8.73125491e-09
0.1265022        -8.07899239e-09 -1.61965493e-03 -1.05434584e-07 -3.59112620e-08 -1.58209738e-03 -9.66876129e-08 2.78322696e-08 -3.75575545e-05 -8.74697139e-09
0.127125         1.54688059e-06 -2.15508878e-03 -5.20050081e-07 1.51880173e-06 -2.11727240e-03 -5.11144850e-07 2.80788596e-08 -3.78163817e-05 -8.90523023e-09
0.1277478        5.38311326e-06 -1.94512357e-03 -1.55938358e-06 5.35344321e-06 -1.90723403e-03 -1.54997386e-06 2.96700545e-08 -3.78895344e-05 -9.40971775e-09
0.1283594        -1.42753270e-06 -1.99485296e-03 2.77941892e-07 -1.45641661e-06 -1.95694616e-03 2.87234374e-07 2.88839032e-08 -3.79068006e-05 -9.29248274e-09
0.1289711        1.62316716e-07 -1.72749864e-03 -1.73915656e-07 1.33653847e-07 -1.68963224e-03 -1.64591717e-07 2.86628683e-08 -3.78664032e-05 -9.32393920e-09
0.1295827        4.46334653e-07 -1.85576116e-03 -1.34109299e-07 4.17767240e-07 -1.81782958e-03 -1.24752293e-07 2.85674132e-08 -3.79315805e-05 -9.35700556e-09
0.1301944        -1.06710212e-06 -2.37161881e-03 1.89626508e-07 -1.09506412e-06 -2.33330241e-03 1.98906964e-07 2.79620032e-08 -3.83163995e-05 -9.28045571e-09
0.130806         4.09448839e-09 -1.77017677e-03 -1.11758042e-07 -2.36430994e-08 -1.73196286e-03 -1.02453208e-07 2.77375878e-08 -3.82139157e-05 -9.30483481e-09
0.1314176        -3.94680031e-06 -1.43559707e-03 9.99238678e-07 -3.97297109e-06 -1.39769972e-03 1.00819456e-06 2.61707767e-08 -3.78973530e-05 -8.95588231e-09
0.1320293        -2.28767171e-06 -2.34626199e-03 6.59683071e-07 -2.31289898e-06 -2.30800619e-03 6.68431208e-07 2.52272676e-08 -3.82558017e-05 -8.74813749e-09
0.1326409        1.44901352e-07 -2.11804038e-03 -9.10224100e-08 1.19763053e-07 -2.07961150e-03 -8.22290986e-08 2.51382988e-08 -3.84288777e-05 -8.79331131e-09
0.1332401        6.78656711e-06 -1.91648768e-03 -2.16301679e-06 6.75937085e-06 -1.87816275e-03 -2.15354818e-06 2.71962635e-08 -3.83249322e-05 -9.46860972e-09
0.1338393        1.07361913e-06 -1.64684137e-03 -4.13152219e-07 1.04627319e-06 -1.60860607e-03 -4.03571340e-07 2.73459403e-08 -3.82353008e-05 -9.58087869e-09
0.1344384        -7.35008056e-07 -1.59891872e-03 1.91885935e-07 -7.61912173e-07 -1.56077674e-03 2.01393610e-07 2.69041165e-08 -3.81419790e-05 -9.50767484e-09
0.1350376        -3.13084257e-06 -2.43633363e-03 3.28697397e-07 -3.15632122e-06 -2.39776971e-03 3.38036342e-07 2.54786451e-08 -3.85639163e-05 -9.33894536e-09
0.1356368        8.16511908e-06 -2.29396753e-03 -2.33872064e-06 8.13694330e-06 -2.25518416e-03 -2.32861247e-06 2.81757796e-08 -3.87833683e-05 -1.01081716e-08
0.1362359        7.82756415e-07 -1.20355939e-03 -3.42902595e-07 7.54644260e-07 -1.16528617e-03 -3.32750795e-07 2.81121548e-08 -3.82732179e-05 -1.01517997e-08
0.1368351        -4.27536066e-06 -2.12639077e-03 1.14417846e-06 -4.30174662e-06 -2.08801653e-03 1.15392143e-06 2.63859667e-08 -3.83742388e-05 -9.74296875e-09
0.1374343        -1.77495314e-07 -2.72306268e-03 -5.79757177e-08 -2.03635026e-07 -2.68428934e-03 -4.82208533e-08 2.61397118e-08 -3.87733420e-05 -9.75486433e-09
0.1380334        4.49513149e-06 -1.61938726e-03 -1.62210391e-06 4.46777099e-06 -1.58066065e-03 -1.61187688e-06 2.73605009e-08 -3.87266113e-05 -1.02270251e-08
0.1386326        -1.22937499e-06 -1.53743608e-03 2.47867584e-07 -1.25605138e-06 -1.49874751e-03 2.57968704e-07 2.66763860e-08 -3.86885708e-05 -1.01011195e-08
0.1392318        1.10879033e-06 -2.46124382e-03 -5.31789921e-07 1.08197956e-06 -2.42244136e-03 -5.21552560e-07 2.68107741e-08 -3.88024550e-05 -1.02373613e-08
0.1398309        2.16884964e-07 -2.02785249e-03 -2.05716481e-07 1.90275148e-07 -1.98906547e-03 -1.95460814e-07 2.66098162e-08 -3.87870208e-05 -1.02556669e-08
0.1404143        4.95716137e-07 -1.60685617e-03 -2.85637961e-07 4.69218137e-07 -1.56819639e-03 -2.75344512e-07 2.64980000e-08 -3.86597787e-05 -1.02934486e-08
0.1410139        3.69199826e-07 -2.14081235e-03 -2.58338364e-07 3.42855668e-07 -2.10196778e-03 -2.48008081e-07 2.63441582e-08 -3.88445677e-05 -1.03302826e-08
0.1415969        -3.66639626e-07 -2.20944456e-03 6.80898700e-09 -3.92613034e-07 -2.17041237e-03 1.70996051e-08 2.59734079e-08 -3.90321876e-05 -1.02906181e-08
0.1421798        5.16617587e-07 -1.71142185e-03 -2.94023089e-07 4.90708226e-07 -1.67259623e-03 -2.83677175e-07 2.59093609e-08 -3.88256284e-05 -1.03459140e-08
0.1427628        6.99660871e-06 -1.83018670e-03 -2.39049478e-06 6.96870237e-06 -1.79139989e-03 -2.37944740e-06 2.79063397e-08 -3.87868091e-05 -1.10473818e-08
0.1433457        2.44164948e-06 -2.31930380e-03 -1.00628955e-06 2.41327612e-06 -2.28021641e-03 -9.94991817e-07 2.83733538e-08 -3.90873896e-05 -1.12977308e-08
0.1439286        1.53997849e-07 -1.91414530e-03 -1.43759251e-07 1.25850555e-07 -1.87510348e-03 -1.32459394e-07 2.81472937e-08 -3.90418186e-05 -1.12998570e-08
0.1445116        2.11647920e-06 -1.78135812e-03 -8.51409675e-07 2.08794651e-06 -1.74249467e-03 -8.39909989e-07 2.85326847e-08 -3.88634492e-05 -1.14996863e-08
0.1450945        -3.04653481e-07 -2.16636905e-03 -4.35744472e-08 -3.32770203e-07 -2.12739535e-03 -3.21262206e-08 2.81167220e-08 -3.89737023e-05 -1.14482266e-08
0.1456775        -6.21651914e-06 -2.29659511e-03 1.86905158e-06 -6.24228455e-06 -2.25749180e-03 1.87985008e-06 2.57654024e-08 -3.91033121e-05 -1.07984937e-08
0.1462604        1.80248737e-06 -1.96103904e-03 -7.57240115e-07 1.77636226e-06 -1.92185442e-03 -7.46240250e-07 2.61251118e-08 -3.91846276e-05 -1.09998649e-08
0.1468434        4.94886561e-07 -1.96837616e-03 -3.11445659e-07 4.68885679e-07 -1.92914172e-03 -3.00404148e-07 2.60008814e-08 -3.92344481e-05 -1.10415119e-08
0.1474263        1.63723937e-06 -1.95595361e-03 -7.78549999e-07 1.61101778e-06 -1.91670187e-03 -7.67345609e-07 2.62215900e-08 -3.92517412e-05 -1.12043904e-08
0.1480093        9.47606078e-07 -2.03844251e-03 -5.06961695e-07 9.21416327e-07 -1.99916120e-03 -4.95676999e-07 2.61897518e-08 -3.92813156e-05 -1.12846959e-08
0.1485922        8.92675892e-06 -2.19120418e-03 -3.31933622e-06 8.89802511e-06 -2.15186460e-03 -3.30709556e-06 2.87338073e-08 -3.93395779e-05 -1.22406684e-08
0.1491752        -9.31252161e-06 -1.94229547e-03 3.02214330e-06 -9.33792375e-06 -1.90300835e-03 3.03335281e-06 2.54021357e-08 -3.92871214e-05 -1.12095052e-08
0.1497581        1.12480819e-06 -1.89993116e-03 -5.13690586e-07 1.09928592e-06 -1.86070447e-03 -5.02369869e-07 2.55222687e-08 -3.92266895e-05 -1.13207168e-08
0.1503411        1.17432782e-06 -1.70308827e-03 -5.88263432e-07 1.14874665e-06 -1.66406860e-03 -5.76838277e-07 2.55811731e-08 -3.90196610e-05 -1.14251544e-08
0.150924         -1.48493859e-06 -2.14556728e-03 4.35250710e-07 -1.50971940e-06 -2.10643854e-03 4.46467511e-07 2.47808113e-08 -3.91287473e-05 -1.12168013e-08
0.151507         9.39079645e-06 -2.82980520e-03 -3.57621702e-06 9.36325657e-06 -2.79015628e-03 -3.56393373e-06 2.75398746e-08 -3.96489228e-05 -1.22832883e-08
0.1520899        9.50861835e-08 -1.69814282e-03 -1.61180512e-07 6.78938896e-08 -1.65864606e-03 -1.48945336e-07 2.71922939e-08 -3.94967611e-05 -1.22351758e-08
0.1526729        -3.64057756e-07 -1.15703921e-03 -2.92216139e-07 -3.90645355e-07 -1.11785325e-03 -2.80039014e-07 2.65875991e-08 -3.91859601e-05 -1.21771249e-08
0.1532558        3.19353537e-06 -2.44511554e-03 -1.30563502e-06 3.16631410e-06 -2.40583319e-03 -1.29315750e-06 2.72212664e-08 -3.92823480e-05 -1.24775175e-08
0.1538387        -8.37301791e-07 -2.32923671e-03 1.19582793e-07 -8.63871183e-07 -2.28988411e-03 1.31917441e-07 2.65693917e-08 -3.93525985e-05 -1.23346482e-08
0.1544217        -5.89723789e-06 -2.09435081e-03 1.95297538e-06 -5.92149025e-06 -2.05488413e-03 1.96458146e-06 2.42523643e-08 -3.94666848e-05 -1.16060706e-08
0.1550046        -6.87029421e-07 -2.00772949e-03 5.14537205e-08 -7.10710215e-07 -1.96821079e-03 6.29457121e-08 2.36807944e-08 -3.95187093e-05 -1.14919916e-08
0.1555876        -8.86165474e-07 -1.79450056e-03 1.95209983e-07 -9.09208371e-07 -1.75497891e-03 2.06543614e-07 2.30428965e-08 -3.95216447e-05 -1.13336310e-08
0.1561705        -1.62883697e-06 -2.19578931e-03 4.50409453e-07 -1.65100662e-06 -2.15628102e-03 4.61501567e-07 2.21696450e-08 -3.95082856e-05 -1.10921140e-08
0.1567535        -7.49067234e-07 -2.26342799e-03 1.34921632e-07 -7.70691349e-07 -2.22395027e-03 1.45886939e-07 2.16241143e-08 -3.94777234e-05 -1.09653068e-08
0.1573364        4.61067920e-06 -1.91386492e-03 -1.92202454e-06 4.58783106e-06 -1.87437818e-03 -1.91053057e-06 2.28481489e-08 -3.94867397e-05 -1.14939723e-08
0.1579194        5.67338807e-07 -1.91910882e-03 -3.36572680e-07 5.44611334e-07 -1.87958228e-03 -3.25062278e-07 2.27274737e-08 -3.95265360e-05 -1.15104021e-08
0.1585023        -6.28633760e-08 -2.18044996e-03 -6.22308842e-08 -8.52914171e-08 -2.14076430e-03 -5.07806995e-08 2.24280411e-08 -3.96856597e-05 -1.14501846e-08
0.1590853        1.44306049e-06 -2.07968385e-03 -6.61825726e-07 1.42044191e-06 -2.04003186e-03 -6.50245709e-07 2.26185801e-08 -3.96519845e-05 -1.15800173e-08
0.1596682        5.63315453e-06 -1.95197763e-03 -2.54802747e-06 5.60911867e-06 -1.91251326e-03 -2.53578236e-06 2.40358651e-08 -3.94643727e-05 -1.22451017e-08
0.1602512        -1.02198204e-06 -2.10631706e-03 5.20577746e-07 -1.04539146e-06 -2.06675437e-03 5.32582541e-07 2.34094205e-08 -3.95626895e-05 -1.20047945e-08
0.1608341        -6.43213201e-06 -2.12976071e-03 2.10933916e-06 -6.45295432e-06 -2.09007794e-03 2.12053176e-06 2.08223164e-08 -3.96827637e-05 -1.11926047e-08
0.1614171        4.81861866e-07 -2.00987985e-03 -3.55288146e-07 4.61161259e-07 -1.97027166e-03 -3.44066974e-07 2.07006072e-08 -3.96081892e-05 -1.12211722e-08
0.162            7.10464847e-07 -1.98018688e-03 -4.23636374e-07 6.89823217e-07 -1.94060405e-03 -4.12371730e-07 2.06416302e-08 -3.95828356e-05 -1.12646440e-08
0.1625704        1.83356465e-06 -2.21826656e-03 -8.76476696e-07 1.81261690e-06 -2.17864071e-03 -8.65028420e-07 2.09477507e-08 -3.96258483e-05 -1.14482756e-08
0.1631408        -1.66244216e-06 -2.06159941e-03 7.71384780e-07 -1.68269570e-06 -2.02194733e-03 7.82544500e-07 2.02535454e-08 -3.96520800e-05 -1.11597198e-08
0.1637113        1.70344584e-06 -1.92877913e-03 -8.31627896e-07 1.68291958e-06 -1.88908603e-03 -8.20292464e-07 2.05262601e-08 -3.96930961e-05 -1.13354315e-08
0.1642817        -4.42823772e-06 -1.83055852e-03 1.33174327e-06 -4.44690763e-06 -1.79098319e-03 1.34252088e-06 1.86699113e-08 -3.95753282e-05 -1.07776066e-08
0.1648521        1.43919329e-06 -1.77260865e-03 -6.33752754e-07 1.42023687e-06 -1.73316397e-03 -6.22835639e-07 1.89564261e-08 -3.94446820e-05 -1.09171156e-08
0.1654225        -1.16682844e-06 -2.31197891e-03 3.22353905e-07 -1.18519823e-06 -2.27239258e-03 3.33105120e-07 1.83697899e-08 -3.95863271e-05 -1.07512150e-08
0.165993         -2.65522351e-06 -2.23829836e-03 1.08191647e-06 -2.67256608e-06 -2.19862710e-03 1.09229242e-06 1.73425717e-08 -3.96712556e-05 -1.03759555e-08
0.1665634        -4.03154700e-08 -2.15729471e-03 -1.39503657e-08 -5.74744185e-08 -2.11760907e-03 -3.60761492e-09 1.71589485e-08 -3.96856341e-05 -1.03427508e-08
0.1671249        -9.24907007e-08 -2.10919467e-03 -8.87870956e-08 -1.09425526e-07 -2.06952068e-03 -7.84801246e-08 1.69348251e-08 -3.96739942e-05 -1.03069710e-08
0.1676864        6.35688279e-08 -2.01902634e-03 -1.08668481e-07 4.67925749e-08 -1.97941031e-03 -9.83843921e-08 1.67762530e-08 -3.96160225e-05 -1.02840892e-08
0.1682479        -1.19861349e-06 -1.79567779e-03 4.11717047e-07 -1.21487009e-06 -1.75612288e-03 4.21835572e-07 1.62565970e-08 -3.95549086e-05 -1.01185242e-08
0.1688188        4.33055629e-06 -1.65660858e-03 -1.94110773e-06 4.31305522e-06 -1.61711216e-03 -1.93042927e-06 1.75010732e-08 -3.94964207e-05 -1.06784605e-08
0.1693896        3.97513545e-07 -2.38809271e-03 -2.92651468e-07 3.80087151e-07 -2.34853716e-03 -2.81945002e-07 1.74263943e-08 -3.95555551e-05 -1.07064660e-08
0.1699605        9.70388779e-07 -2.33638696e-03 -5.76199487e-07 9.52841207e-07 -2.29679850e-03 -5.65372938e-07 1.75475718e-08 -3.95884540e-05 -1.08265491e-08
0.1705215        4.34310766e-07 -1.62820407e-03 -3.52736744e-07 4.16835746e-07 -1.58871652e-03 -3.41874041e-07 1.74750204e-08 -3.94875516e-05 -1.08627032e-08
0.1710926        5.69070305e-07 -1.87292304e-03 -4.25416396e-07 5.51634847e-07 -1.83344585e-03 -4.14502015e-07 1.74354575e-08 -3.94771913e-05 -1.09143817e-08
0.1716636        1.04262303e-06 -2.53105372e-03 -5.68742563e-07 1.02505525e-06 -2.49137320e-03 -5.57717313e-07 1.75677759e-08 -3.96805198e-05 -1.10252502e-08
0.1722243        8.00028477e-06 -2.02696120e-03 -3.60613420e-06 7.98032619e-06 -1.98733017e-03 -3.59405467e-06 1.99585754e-08 -3.96310311e-05 -1.20795315e-08
0.172785         -3.81241181e-06 -1.77771866e-03 1.41123229e-06 -3.83083722e-06 -1.73828317e-03 1.42275546e-06 1.84254177e-08 -3.94354879e-05 -1.15231712e-08
0.1733564        -1.54068953e-06 -2.08631671e-03 5.04762360e-07 -1.55840065e-06 -2.04680977e-03 5.16045945e-07 1.77111168e-08 -3.95069355e-05 -1.12835851e-08
0.1739168        -3.13043432e-08 -2.38604335e-03 -1.46306577e-07 -4.88188334e-08 -2.34639259e-03 -1.35046595e-07 1.75144903e-08 -3.96507620e-05 -1.12599817e-08
0.1744773        6.60520750e-06 -1.79046860e-03 -3.22057634e-06 6.58586552e-06 -1.75098910e-03 -3.20843565e-06 1.93419864e-08 -3.94795001e-05 -1.21406953e-08
0.1750378        2.20977386e-06 -1.81726460e-03 -1.23301676e-06 2.19000803e-06 -1.77789965e-03 -1.22061010e-06 1.97658305e-08 -3.93649440e-05 -1.24066594e-08
0.1755982        5.09789510e-06 -2.37565262e-03 -2.49203910e-06 5.07673378e-06 -2.33612896e-03 -2.47895640e-06 2.11613262e-08 -3.95236581e-05 -1.30827000e-08
0.1761587        -2.29689907e-06 -2.17135789e-03 5.88894788e-07 -2.31693709e-06 -2.13178634e-03 6.01638771e-07 2.00380235e-08 -3.95715534e-05 -1.27439830e-08
0.1767191        -1.84655459e-08 -1.59450109e-03 -1.35833037e-07 -3.82849122e-08 -1.55503917e-03 -1.23137203e-07 1.98193663e-08 -3.94619193e-05 -1.26958340e-08
0.1772796        2.69649144e-07 -2.08745819e-03 -2.55285204e-07 2.49994817e-07 -2.04799104e-03 -2.42609287e-07 1.96543274e-08 -3.94671471e-05 -1.26759172e-08
0.17784          6.82244181e-07 -2.51994102e-03 -5.49600560e-07 6.62608701e-07 -2.48039695e-03 -5.36853560e-07 1.96354805e-08 -3.95440692e-05 -1.27469993e-08
0.1784005        -7.15410369e-07 -1.57541855e-03 1.79600379e-07 -7.34535225e-07 -1.53606770e-03 1.92171287e-07 1.91248555e-08 -3.93508465e-05 -1.25709075e-08
0.1789609        -8.34959493e-07 -1.27736836e-03 1.91492789e-07 -8.53546123e-07 -1.23825812e-03 2.03887695e-07 1.85866295e-08 -3.91102372e-05 -1.23949063e-08
0.1795351        -6.82418642e-07 -2.62770736e-03 1.35779947e-07 -7.00520456e-07 -2.58836400e-03 1.48024660e-07 1.81018145e-08 -3.93433619e-05 -1.22447139e-08
0.1800952        9.09384345e-06 -2.67123218e-03 -4.45687727e-06 9.07312066e-06 -2.63172869e-03 -4.44335531e-06 2.07227864e-08 -3.95034935e-05 -1.35219612e-08
0.1806553        -8.95078795e-06 -1.76726828e-03 4.15007574e-06 -8.96845489e-06 -1.72797385e-03 4.16219183e-06 1.76669388e-08 -3.92944315e-05 -1.21160834e-08
0.1812154        5.32121329e-07 -1.84601304e-03 -4.19897165e-07 5.14480984e-07 -1.80680233e-03 -4.07730386e-07 1.76403452e-08 -3.92107042e-05 -1.21667790e-08
0.1817755        -1.65770945e-07 -1.89671850e-03 2.43662747e-08 -1.83179581e-07 -1.85742435e-03 3.64695597e-08 1.74086365e-08 -3.92941523e-05 -1.21032850e-08
0.1823357        2.99412227e-07 -2.04517782e-03 -2.73972734e-07 2.82110594e-07 -2.00590290e-03 -2.61857811e-07 1.73016331e-08 -3.92749199e-05 -1.21149231e-08
0.1828958        2.73598826e-07 -2.21851725e-03 -2.71925562e-07 2.56421788e-07 -2.17932935e-03 -2.59808356e-07 1.71770382e-08 -3.91879031e-05 -1.21172064e-08
0.1834559        8.60830179e-07 -1.99361818e-03 -5.27656949e-07 8.43564313e-07 -1.95441951e-03 -5.15445477e-07 1.72658669e-08 -3.91986782e-05 -1.22114723e-08
0.184016         -7.94773694e-07 -1.84864012e-03 2.56258471e-07 -8.11591508e-07 -1.80939842e-03 2.68311524e-07 1.68178139e-08 -3.92417062e-05 -1.20530533e-08
0.1845761        9.23952287e-06 -2.19979589e-03 -4.98104608e-06 9.22003072e-06 -2.16060328e-03 -4.96756952e-06 1.94921503e-08 -3.91926149e-05 -1.34765634e-08
0.1851363        1.38469876e-06 -2.08257720e-03 -8.79819523e-07 1.36501992e-06 -2.04345721e-03 -8.66195163e-07 1.96788381e-08 -3.91199913e-05 -1.36243602e-08
0.1856964        7.54498609e-06 -1.98552261e-03 -3.96820101e-06 7.52317404e-06 -1.94643828e-03 -3.95347569e-06 2.18120577e-08 -3.90843341e-05 -1.47253233e-08
0.1862565        -1.04553699e-05 -1.86855478e-03 4.93772795e-06 -1.04736338e-05 -1.82953868e-03 4.95079161e-06 1.82639362e-08 -3.90161017e-05 -1.30636527e-08
0.1868166        -1.17727594e-06 -1.62939145e-03 3.64585853e-07 -1.19502147e-06 -1.59058157e-03 3.77456864e-07 1.77455313e-08 -3.88098822e-05 -1.28710112e-08
0.1873767        -1.27367233e-06 -1.99398263e-03 4.14537928e-07 -1.29088139e-06 -1.95512930e-03 4.27202219e-07 1.72090598e-08 -3.88533309e-05 -1.26642906e-08
0.1879369        -1.48901821e-06 -2.19045150e-03 5.69832615e-07 -1.50566125e-06 -2.15132781e-03 5.82268447e-07 1.66430421e-08 -3.91236844e-05 -1.24358330e-08
0.188497         -1.09137341e-06 -2.11093589e-03 3.77202250e-07 -1.10759579e-06 -2.07184415e-03 3.89479553e-07 1.62223821e-08 -3.90917332e-05 -1.22773028e-08
0.1890571        3.98814855e-06 -2.06880821e-03 -2.47455437e-06 3.97082111e-06 -2.02982751e-03 -2.46161184e-06 1.73274441e-08 -3.89807011e-05 -1.29425288e-08
0.1896172        -3.70028478e-06 -1.81406666e-03 1.88229832e-06 -3.71633538e-06 -1.77515500e-03 1.89460607e-06 1.60505977e-08 -3.89116569e-05 -1.23077439e-08
0.1901773        -1.11697430e-06 -1.80765307e-03 4.50099164e-07 -1.13259460e-06 -1.76880579e-03 4.62236484e-07 1.56203024e-08 -3.88472860e-05 -1.21373200e-08
0.1907375        5.81780880e-06 -1.69271664e-03 -3.32967602e-06 5.80050383e-06 -1.65414461e-03 -3.31659625e-06 1.73049665e-08 -3.85720279e-05 -1.30797694e-08
0.1912976        4.59775459e-06 -1.88183885e-03 -2.65226744e-06 4.57917953e-06 -1.84338211e-03 -2.63846656e-06 1.85750590e-08 -3.84567476e-05 -1.38008795e-08
0.1918577        3.26991856e-07 -2.31825896e-03 -3.18819860e-07 3.08479142e-07 -2.27948083e-03 -3.04996484e-07 1.85127137e-08 -3.87781368e-05 -1.38233764e-08
0.1924178        9.08511636e-08 -2.02077052e-03 -2.32954304e-07 7.24542726e-08 -1.98200881e-03 -2.19125088e-07 1.83968910e-08 -3.87617115e-05 -1.38292162e-08
0.192978         -2.97059980e-06 -1.62748500e-03 1.52240038e-06 -2.98787973e-06 -1.58908831e-03 1.53566761e-06 1.72799267e-08 -3.83966912e-05 -1.32672282e-08
0.1935381        -9.32226904e-07 -2.08201530e-03 4.19256863e-07 -9.49105972e-07 -2.04352536e-03 4.32354398e-07 1.68790678e-08 -3.84899407e-05 -1.30975354e-08
0.1940982        2.25545426e-06 -2.37145849e-03 -1.58850164e-06 2.23802872e-06 -2.33267880e-03 -1.57499855e-06 1.74255350e-08 -3.87796837e-05 -1.35030862e-08
0.1946583        1.97827339e-07 -1.84619342e-03 -2.89997858e-07 1.80484332e-07 -1.80762566e-03 -2.76479549e-07 1.73430071e-08 -3.85677655e-05 -1.35183093e-08
0.1952184        -2.53197092e-06 -1.72956641e-03 1.11354288e-06 -2.54832665e-06 -1.69124509e-03 1.12662223e-06 1.63557310e-08 -3.83213289e-05 -1.30793559e-08
0.1957786        -3.48888916e-06 -2.27210152e-03 1.86826154e-06 -3.50406805e-06 -2.23362773e-03 1.88074041e-06 1.51788904e-08 -3.84737904e-05 -1.24788665e-08
0.1963387        -3.75937087e-06 -2.13115613e-03 2.02106883e-06 -3.77335138e-06 -2.09262910e-03 2.03292932e-06 1.39805119e-08 -3.85270304e-05 -1.18604835e-08
0.1968988        -5.76338011e-06 -1.58123491e-03 2.65439530e-06 -5.77532935e-06 -1.54290987e-03 2.66533562e-06 1.19492469e-08 -3.83250425e-05 -1.09403198e-08
0.1974589        -5.26524133e-07 -1.90065033e-03 1.35792670e-07 -5.38324368e-07 -1.86239355e-03 1.46700531e-07 1.18002348e-08 -3.82567764e-05 -1.09078607e-08
0.198019         1.00965902e-06 -2.39036909e-03 -5.54804612e-07 9.97455914e-07 -2.35205661e-03 -5.43683483e-07 1.22031013e-08 -3.83124810e-05 -1.11211295e-08
0.1985792        -1.55445058e-08 -1.92860147e-03 -1.44865125e-07 -2.77321887e-08 -1.89032614e-03 -1.33709496e-07 1.21876829e-08 -3.82753291e-05 -1.11556288e-08
0.1991393        -4.10628647e-07 -1.67078854e-03 -1.12512032e-07 -4.22600663e-07 -1.63256201e-03 -1.01355580e-07 1.19720167e-08 -3.82265272e-05 -1.11564521e-08
0.1996994        -4.75540572e-07 -2.27924019e-03 1.42396609e-07 -4.87457149e-07 -2.24098613e-03 1.53552005e-07 1.19165765e-08 -3.82540626e-05 -1.11553967e-08
0.2002595        5.27606355e-07 -2.30687233e-03 -5.11051027e-07 5.15499250e-07 -2.26861188e-03 -4.99730341e-07 1.21071044e-08 -3.82604507e-05 -1.13206860e-08
0.2008196        -1.40313537e-06 -1.59328100e-03 5.42550944e-07 -1.41480247e-06 -1.55517723e-03 5.53685530e-07 1.16671064e-08 -3.81037661e-05 -1.11345860e-08
0.2013798        3.10217019e-06 -1.49300480e-03 -2.08393577e-06 3.08949357e-06 -1.45505569e-03 -2.07215639e-06 1.26766157e-08 -3.79491045e-05 -1.17793845e-08
0.2019399        5.52794107e-06 -1.46808215e-03 -3.55154268e-06 5.51354390e-06 -1.43037854e-03 -3.53870330e-06 1.43971644e-08 -3.77036102e-05 -1.28393810e-08
0.2025           -6.85892049e-06 -1.80948782e-03 4.07309538e-06 -6.87113228e-06 -1.77180574e-03 4.08467304e-06 1.22117899e-08 -3.76820890e-05 -1.15776632e-08
0.2030786        1.81297694e-05 -2.51000485e-03 -9.35182144e-06 1.81110659e-05 -2.47190810e-03 -9.33694514e-06 1.87034506e-08 -3.80967501e-05 -1.48762904e-08
0.2036571        -1.57108174e-05 -1.81926879e-03 8.08612118e-06 -1.57238994e-05 -1.78130114e-03 8.09816468e-06 1.30820028e-08 -3.79676539e-05 -1.20435061e-08
0.2042357        -1.83168217e-06 -1.26418612e-03 9.30075544e-07 -1.84416890e-06 -1.22663841e-03 9.41816545e-07 1.24867294e-08 -3.75477036e-05 -1.17410008e-08
0.2048143        -1.31426849e-06 -1.99087127e-03 6.74339231e-07 -1.32634886e-06 -1.95340315e-03 6.85878393e-07 1.20803697e-08 -3.74681193e-05 -1.15391618e-08
0.2053929        -8.51931610e-07 -2.04021478e-03 3.93794550e-07 -8.63752467e-07 -2.00279256e-03 4.05224823e-07 1.18208573e-08 -3.74222233e-05 -1.14302737e-08
0.2059714        -6.04962997e-07 -2.18880306e-03 2.42163691e-07 -6.16631432e-07 -2.15112268e-03 2.53552358e-07 1.16684350e-08 -3.76803766e-05 -1.13886673e-08
0.20655          1.89397314e-06 -1.61092925e-03 -1.21638881e-06 1.88157516e-06 -1.57326628e-03 -1.20455223e-06 1.23979741e-08 -3.76629724e-05 -1.18365824e-08
0.2071286        -5.89754267e-07 -1.38713316e-03 1.68058692e-07 -6.01943177e-07 -1.34985003e-03 1.79823782e-07 1.21889101e-08 -3.72831317e-05 -1.17650902e-08
0.2077071        8.69361890e-07 -1.78135735e-03 -4.20668443e-07 8.56776540e-07 -1.74416140e-03 -4.08704302e-07 1.25853499e-08 -3.71959492e-05 -1.19641406e-08
0.2082857        1.00989042e-05 -2.26373200e-03 -6.49393675e-06 1.00830589e-05 -2.22650396e-03 -6.47991895e-06 1.58452731e-08 -3.72280424e-05 -1.40178070e-08
0.2088643        8.13444898e-07 -1.76376103e-03 -7.51189860e-07 7.97399830e-07 -1.72656319e-03 -7.36975541e-07 1.60450680e-08 -3.71978428e-05 -1.42143191e-08
0.2094429        8.38622910e-07 -1.66400125e-03 -7.96961762e-07 8.22375282e-07 -1.62683696e-03 -7.82543685e-07 1.62476285e-08 -3.71642899e-05 -1.44180764e-08
0.2100316        -6.09615169e-07 -1.67821980e-03 1.44351482e-07 -6.25594464e-07 -1.64125688e-03 1.58678789e-07 1.59792950e-08 -3.69629181e-05 -1.43273066e-08
0.2106203        1.32659703e-06 -1.90802758e-03 -1.17054337e-06 1.31025878e-06 -1.87110025e-03 -1.15589694e-06 1.63382533e-08 -3.69273223e-05 -1.46464358e-08
0.211209         -4.07429156e-06 -2.47079017e-03 2.44546103e-06 -4.08927056e-06 -2.43358378e-03 2.45931532e-06 1.49790019e-08 -3.72063911e-05 -1.38542861e-08
0.2117977        8.49250255e-07 -1.66598377e-03 -8.05355445e-07 8.34083036e-07 -1.62899032e-03 -7.91303409e-07 1.51672184e-08 -3.69934541e-05 -1.40520357e-08
0.2123865        1.28037385e-06 -1.27289747e-03 -1.07858261e-06 1.26491648e-06 -1.23630064e-03 -1.06426556e-06 1.54573655e-08 -3.65968293e-05 -1.43170507e-08
0.2129752        2.66688216e-07 -2.33774830e-03 -3.16086610e-07 2.51211538e-07 -2.30092000e-03 -3.01694182e-07 1.54766774e-08 -3.68282996e-05 -1.43924288e-08
0.2135639        3.74473492e-07 -2.15462668e-03 -5.33683796e-07 3.58914711e-07 -2.11770805e-03 -5.19141656e-07 1.55587808e-08 -3.69186286e-05 -1.45421400e-08
0.2141526        -8.61735128e-06 -1.15348719e-03 5.38794466e-06 -8.63003447e-06 -1.11703568e-03 5.40070397e-06 1.26831899e-08 -3.64515070e-05 -1.27593159e-08
0.2147414        5.32531575e-07 -1.67346279e-03 -4.35828579e-07 5.19577452e-07 -1.63708230e-03 -4.22861467e-07 1.29541231e-08 -3.63804941e-05 -1.29671114e-08
0.2153301        -1.78253593e-06 -2.27786359e-03 1.04367692e-06 -1.79495902e-06 -2.24124834e-03 1.05635410e-06 1.24230912e-08 -3.66152508e-05 -1.26771713e-08
0.2159188        -8.57998255e-07 -1.70970689e-03 3.82381431e-07 -8.70175363e-07 -1.67314912e-03 3.94959954e-07 1.21771078e-08 -3.65577731e-05 -1.25785235e-08
0.2165075        -2.45876093e-06 -1.55995631e-03 1.65533324e-06 -2.47021379e-06 -1.52349906e-03 1.66745178e-06 1.14528613e-08 -3.64572527e-05 -1.21185398e-08
0.2170962        1.19986008e-06 -1.33923924e-03 -1.11426669e-06 1.18799043e-06 -1.30308973e-03 -1.10178779e-06 1.18696452e-08 -3.61495114e-05 -1.24788965e-08
0.2176987        2.42917042e-07 -1.59168924e-03 -3.03583822e-07 2.30924070e-07 -1.55567679e-03 -2.90981287e-07 1.19929722e-08 -3.60124555e-05 -1.26025350e-08
0.2183011        -5.53985061e-09 -2.02282993e-03 -2.02415428e-08 -1.75556320e-08 -1.98663713e-03 -7.59851476e-09 1.20157814e-08 -3.61927994e-05 -1.26430281e-08
0.2189035        -2.45692784e-07 -1.82809008e-03 4.56999453e-08 -2.57632965e-07 -1.79197238e-03 5.83433166e-08 1.19401804e-08 -3.61176983e-05 -1.26433713e-08
0.2195059        -6.35571008e-07 -1.81742127e-03 2.92277476e-07 -6.47266546e-07 -1.78143040e-03 3.04806504e-07 1.16955386e-08 -3.59908611e-05 -1.25290282e-08
0.2201083        -3.02720020e-07 -1.56562417e-03 2.52163003e-07 -3.14396308e-07 -1.52971279e-03 2.64662843e-07 1.16762876e-08 -3.59113761e-05 -1.24998396e-08
0.2207107        5.77108665e-06 -1.62663873e-03 -4.38380303e-06 5.75759854e-06 -1.59080536e-03 -4.36994032e-06 1.34881119e-08 -3.58333642e-05 -1.38627095e-08
0.2213131        -1.96227673e-08 -1.78274966e-03 -1.34230151e-07 -3.30239235e-08 -1.74704540e-03 -1.20380261e-07 1.34011562e-08 -3.57042580e-05 -1.38498902e-08
0.2219155        -2.47793933e-06 -1.62589410e-03 1.67103208e-06 -2.49042900e-06 -1.59028076e-03 1.68428775e-06 1.24896745e-08 -3.56133361e-05 -1.32556682e-08
0.222518         3.04137225e-07 -1.52561796e-03 -4.12487365e-07 2.91640647e-07 -1.49007339e-03 -3.99161786e-07 1.24965781e-08 -3.55445713e-05 -1.33255785e-08
0.2231204        -1.37734522e-06 -1.66661856e-03 9.16714300e-07 -1.38929936e-06 -1.63120723e-03 9.29695092e-07 1.19541379e-08 -3.54113262e-05 -1.29807916e-08
0.2237228        -8.87126801e-07 -1.77320700e-03 5.26574787e-07 -8.98711572e-07 -1.73787225e-03 5.39344085e-07 1.15847705e-08 -3.53347535e-05 -1.27692987e-08
0.2243252        -1.73628597e-06 -1.93483853e-03 1.07724422e-06 -1.74716275e-06 -1.89935752e-03 1.08960110e-06 1.08767742e-08 -3.54810068e-05 -1.23568769e-08
0.2249276        -3.20606035e-06 -1.56534326e-03 2.11814276e-06 -3.21575958e-06 -1.53002062e-03 2.12975299e-06 9.69923084e-09 -3.53226458e-05 -1.16102295e-08
0.22553          1.00522309e-06 -1.23771710e-03 -7.91945623e-07 9.95228662e-07 -1.20274247e-03 -7.80104758e-07 9.99442993e-09 -3.49746370e-05 -1.18408645e-08
0.2261324        -1.30306591e-06 -1.82636499e-03 7.53168075e-07 -1.31253221e-06 -1.79130273e-03 7.64705078e-07 9.46629782e-09 -3.50622595e-05 -1.15370030e-08
0.2267348        -5.62569685e-06 -1.89518399e-03 3.44606887e-06 -5.63300593e-06 -1.86006309e-03 3.45631536e-06 7.30908576e-09 -3.51209000e-05 -1.02464958e-08
0.2273373        4.89962027e-06 -1.67422560e-03 -3.73012783e-06 4.89073287e-06 -1.63926070e-03 -3.71869595e-06 8.88740164e-09 -3.49648989e-05 -1.14318850e-08
0.2279397        -7.71465733e-07 -1.50879199e-03 3.91068908e-07 -7.79998692e-07 -1.47400124e-03 4.02299636e-07 8.53295937e-09 -3.47907495e-05 -1.12307279e-08
0.2285672        4.39629364e-06 -1.47578510e-03 -3.30250955e-06 4.38622610e-06 -1.44119681e-03 -3.29017376e-06 1.00675434e-08 -3.45882959e-05 -1.23357932e-08
0.2291947        1.94115560e-06 -1.21246579e-03 -1.19755438e-06 1.93032373e-06 -1.17806380e-03 -1.18476486e-06 1.08318755e-08 -3.44019947e-05 -1.27895215e-08
0.2298222        -2.66189848e-06 -1.39767801e-03 1.87490713e-06 -2.67170816e-06 -1.36338157e-03 1.88698773e-06 9.80968402e-09 -3.42964431e-05 -1.20805989e-08
0.2304497        -1.02776345e-06 -2.21686902e-03 6.66346692e-07 -1.03711617e-06 -2.18238933e-03 6.78147433e-07 9.35271911e-09 -3.44796861e-05 -1.18007406e-08
0.2310772        -7.54814001e-07 -1.52255578e-03 4.37266497e-07 -7.63789702e-07 -1.48820019e-03 4.48844284e-07 8.97570043e-09 -3.43555924e-05 -1.15777866e-08
0.2317048        7.73662828e-07 -1.18374278e-03 -6.35097116e-07 7.64423103e-07 -1.14959831e-03 -6.23310281e-07 9.23972539e-09 -3.41444653e-05 -1.17868354e-08
0.2323323        -9.58198825e-08 -1.68635968e-03 -2.32414909e-08 -1.04946821e-07 -1.65225402e-03 -1.14994313e-08 9.12693885e-09 -3.41056558e-05 -1.17420596e-08
0.2329598        -2.21300744e-06 -1.62622283e-03 1.42161591e-06 -2.22124681e-06 -1.59220912e-03 1.43279645e-06 8.23937166e-09 -3.40137127e-05 -1.11805384e-08
0.2335873        -4.37299000e-06 -1.08533148e-03 3.19885239e-06 -4.37968623e-06 -1.05153141e-03 3.20891821e-06 6.69623196e-09 -3.38000648e-05 -1.00658189e-08
0.2342148        -4.44090487e-06 -1.59732216e-03 3.20446556e-06 -4.44591947e-06 -1.56357895e-03 3.21337513e-06 5.01459950e-09 -3.37432085e-05 -8.90956602e-09
0.2348423        3.45593886e-07 -1.65353450e-03 -6.26798305e-07 3.40454777e-07 -1.61985995e-03 -6.17709312e-07 5.13910909e-09 -3.36745513e-05 -9.08899246e-09
0.2354698        -2.67223035e-06 -1.49366164e-03 1.85919245e-06 -2.67645213e-06 -1.46015926e-03 1.86763391e-06 4.22178843e-09 -3.35023778e-05 -8.44146140e-09
0.2360974        -3.28479965e-07 -1.38908049e-03 8.75515427e-08 -3.32659432e-07 -1.35569831e-03 9.59978259e-08 4.17946757e-09 -3.33821859e-05 -8.44628319e-09
0.2367249        -1.05433347e-06 -1.30224816e-03 7.01699062e-07 -1.05822510e-06 -1.26896232e-03 7.09944971e-07 3.89163124e-09 -3.32858451e-05 -8.24590899e-09
0.2373524        -5.53276879e-07 -1.82134527e-03 3.36882508e-07 -5.57054779e-07 -1.78803173e-03 3.45057993e-07 3.77790031e-09 -3.33135464e-05 -8.17548457e-09
0.2379799        -2.16735766e-08 -1.63788732e-03 -6.88681667e-08 -2.55334521e-08 -1.60466646e-03 -6.06197235e-08 3.85987547e-09 -3.32208546e-05 -8.24844325e-09
0.2386074        8.66971769e-08 -1.19749287e-03 -1.78952845e-07 8.27348423e-08 -1.16454367e-03 -1.70622488e-07 3.96233451e-09 -3.29491986e-05 -8.33035685e-09
0.2392349        -8.33242692e-08 -1.19540972e-03 -5.33152205e-08 -8.73620717e-08 -1.16264462e-03 -4.49174476e-08 4.03780248e-09 -3.27651036e-05 -8.39777291e-09
0.2398624        -3.58591635e-06 -1.17567011e-03 2.61334241e-06 -3.58875614e-06 -1.14305363e-03 2.62085123e-06 2.83978932e-09 -3.26164751e-05 -7.50881705e-09
0.2404899        -1.27559664e-06 -2.03195561e-03 9.23285000e-07 -1.27811102e-06 -1.99918447e-03 9.30549866e-07 2.51438122e-09 -3.27711425e-05 -7.26486575e-09
0.2411175        -9.61041366e-07 -1.44889466e-03 6.26895475e-07 -9.63311620e-07 -1.41627931e-03 6.33990706e-07 2.27025414e-09 -3.26153537e-05 -7.09523076e-09
0.241745         -7.67525759e-07 -1.00117931e-03 5.16839929e-07 -7.69617625e-07 -9.68927716e-04 5.23789885e-07 2.09186542e-09 -3.22515886e-05 -6.94995604e-09
0.2423725        1.14763608e-06 -1.02397993e-03 -1.04298312e-06 1.14508692e-06 -9.91993306e-04 -1.03565345e-06 2.54915682e-09 -3.19866208e-05 -7.32967200e-09
0.243            3.73564295e-06 -1.25929060e-03 -3.13004013e-06 3.73175165e-06 -1.22743917e-03 -3.12162554e-06 3.89130302e-09 -3.18514311e-05 -8.41458777e-09
0.2436639        3.19156518e-07 -1.89770348e-03 -4.28713084e-07 3.15159842e-07 -1.86563602e-03 -4.20172828e-07 3.99667615e-09 -3.20674647e-05 -8.54025641e-09
0.2443279        8.48920554e-07 -1.20379853e-03 -8.35117639e-07 8.44661539e-07 -1.17195291e-03 -8.26333164e-07 4.25901500e-09 -3.18456202e-05 -8.78447509e-09
0.2449918        -2.45399766e-06 -1.07767531e-03 1.97850768e-06 -2.45735987e-06 -1.04607292e-03 1.98655851e-06 3.36220622e-09 -3.16023900e-05 -8.05082747e-09
0.2456557        6.16343394e-07 -1.80728641e-03 -5.50657584e-07 6.12721963e-07 -1.77546969e-03 -5.42392519e-07 3.62143169e-09 -3.18167139e-05 -8.26506435e-09
0.2463197        -6.43511593e-07 -1.23796959e-03 4.42266547e-07 -6.46848790e-07 -1.20643324e-03 4.50315898e-07 3.33719683e-09 -3.15363539e-05 -8.04935088e-09
0.2469836        -2.73609161e-06 -9.38159939e-04 2.25009889e-06 -2.73839219e-06 -9.07040005e-04 2.25728164e-06 2.30057691e-09 -3.11199339e-05 -7.18275223e-09
0.2476598        -1.54988777e-06 -8.26899743e-04 1.25529671e-06 -1.55161322e-06 -7.95991448e-04 1.26201080e-06 1.72545280e-09 -3.09082953e-05 -6.71409291e-09
0.2483361        7.63353460e-07 -1.53218362e-03 -4.17947919e-07 7.61203073e-07 -1.50126791e-03 -4.10990514e-07 2.15038675e-09 -3.09157043e-05 -6.95740549e-09
0.2490123        -2.95374939e-07 -1.68086057e-03 1.78661020e-07 -2.97450235e-07 -1.64990710e-03 1.85577140e-07 2.07529631e-09 -3.09534746e-05 -6.91611950e-09
0.2496885        -1.26954769e-06 -8.53598468e-04 9.86682875e-07 -1.27115363e-06 -8.22894441e-04 9.93234149e-07 1.60594111e-09 -3.07040275e-05 -6.55127383e-09
0.2503648        -1.13697733e-06 -1.13832281e-03 8.75510671e-07 -1.13816763e-06 -1.10785114e-03 8.81731565e-07 1.19029833e-09 -3.04716702e-05 -6.22089452e-09
0.2510551        1.45883878e-07 -1.28886930e-03 -9.34980142e-08 1.44561670e-07 -1.25862395e-03 -8.72026382e-08 1.32220786e-09 -3.02453537e-05 -6.29537599e-09
0.2517454        -9.09746705e-07 -1.18482847e-03 7.31156719e-07 -9.10748171e-07 -1.15461975e-03 7.37189099e-07 1.00146678e-09 -3.02087235e-05 -6.03237929e-09
0.2524357        -2.35052111e-07 -1.24272141e-03 -1.01495393e-07 -2.35939187e-07 -1.21261975e-03 -9.54615136e-08 8.87075952e-10 -3.01016575e-05 -6.03387902e-09
0.253126         -3.33138219e-06 -1.29619011e-03 2.48276620e-06 -3.33090614e-06 -1.26622019e-03 2.48778582e-06 -4.76046379e-10 -2.99699223e-05 -5.01962130e-09
0.2538163        -7.14449289e-06 -1.15201004e-03 5.40296535e-06 -7.14105873e-06 -1.12227309e-03 5.40576722e-06 -3.43416418e-09 -2.97369487e-05 -2.80187641e-09
0.2545067        2.43283225e-07 -9.39338086e-04 -3.57312514e-07 2.46490313e-07 -9.09752890e-04 -3.54298734e-07 -3.20708741e-09 -2.95851953e-05 -3.01378008e-09
0.2552138        -7.13534105e-07 -1.00001502e-03 6.10174340e-07 -7.10236428e-07 -9.70584724e-04 6.13071054e-07 -3.29767698e-09 -2.94302966e-05 -2.89671353e-09
0.255921         -4.40159791e-06 -1.39997757e-03 3.75238181e-06 -4.39677628e-06 -1.37076332e-03 3.75396528e-06 -4.82163069e-09 -2.92142471e-05 -1.58347138e-09
0.2566281        -4.61664904e-06 -9.53627563e-04 3.97538522e-06 -4.61030968e-06 -9.24570147e-04 3.97566712e-06 -6.33935494e-09 -2.90574161e-05 -2.81898044e-10
0.2573353        3.94115244e-07 -9.70667073e-04 -6.91212361e-07 4.00028619e-07 -9.41781381e-04 -6.90497182e-07 -5.91337514e-09 -2.88856913e-05 -7.15178892e-10
0.2580424        3.10266949e-06 -1.00223561e-03 -2.04305635e-06 3.10674608e-06 -9.73571703e-04 -2.04105918e-06 -4.07659234e-09 -2.86639034e-05 -1.99716743e-09
0.2587698        2.58555416e-07 -1.15497553e-03 -2.06842220e-07 2.62198189e-07 -1.12643529e-03 -2.04495753e-07 -3.64277207e-09 -2.85402385e-05 -2.34646732e-09
0.2594972        9.05505180e-07 -1.04333758e-03 -1.08968386e-06 9.08582731e-07 -1.01500961e-03 -1.08674245e-06 -3.07755134e-09 -2.83279699e-05 -2.94140853e-09
0.2602245        -4.01705787e-06 -9.76879892e-04 3.63513421e-06 -4.01263158e-06 -9.48760907e-04 3.63686174e-06 -4.42628223e-09 -2.81189853e-05 -1.72753047e-09
0.2609519        -1.52883093e-06 -1.13523554e-03 1.39074058e-06 -1.52409174e-06 -1.10705508e-03 1.39217536e-06 -4.73919462e-09 -2.81804595e-05 -1.43477795e-09
0.2616792        -1.11076342e-06 -8.97545032e-04 1.04112431e-06 -1.10581466e-06 -8.69741410e-04 1.04232446e-06 -4.94875715e-09 -2.78036213e-05 -1.20014752e-09
0.2624066        -9.05620547e-07 -9.83398894e-04 8.13262204e-07 -9.00615077e-07 -9.55827020e-04 8.14388617e-07 -5.00547033e-09 -2.75718735e-05 -1.12641310e-09
0.2631599        -2.70886153e-06 -1.11492074e-03 2.44226671e-06 -2.70302363e-06 -1.08731327e-03 2.44263406e-06 -5.83790787e-09 -2.76074719e-05 -3.67353702e-10
0.2639133        -1.36132755e-06 -5.17088970e-04 1.21621419e-06 -1.35513971e-06 -4.89948041e-04 1.21623002e-06 -6.18783803e-09 -2.71409296e-05 -1.58287214e-11
0.2646666        -1.71761503e-06 -1.08829135e-03 1.56250337e-06 -1.71098416e-06 -1.06122002e-03 1.56207987e-06 -6.63086777e-09 -2.70713308e-05 4.23499809e-10
0.2654199        -1.19479165e-06 -1.24199009e-03 9.92509100e-07 -1.18790730e-06 -1.21497189e-03 9.91852368e-07 -6.88435385e-09 -2.70181979e-05 6.56731963e-10
0.2661733        -8.87279895e-07 -8.52251726e-04 7.71628775e-07 -8.80260104e-07 -8.25508645e-04 7.70820530e-07 -7.01979123e-09 -2.67430808e-05 8.08245855e-10
0.2669266        -6.45961938e-07 -5.54840957e-04 5.80887273e-07 -6.38882389e-07 -5.28452933e-04 5.79984452e-07 -7.07954919e-09 -2.63880239e-05 9.02821041e-10
0.2676799        -2.13164496e-08 -9.97662763e-04 -3.46192987e-08 -1.44213086e-08 -9.71404692e-04 -3.53794037e-08 -6.89514100e-09 -2.62580713e-05 7.60105031e-10
0.2684709        -6.69368900e-07 -9.69589220e-04 5.60849180e-07 -6.62309239e-07 -9.43445613e-04 5.59932145e-07 -7.05966100e-09 -2.61436067e-05 9.17034579e-10
0.2692619        3.68171899e-07 -6.39122863e-04 -3.59213269e-07 3.74927209e-07 -6.13176905e-04 -3.59871392e-07 -6.75531046e-09 -2.59459577e-05 6.58122413e-10
0.2700529        1.07111101e-06 -9.93369302e-04 -1.04081362e-06 1.07728562e-06 -9.67705999e-04 -1.04095132e-06 -6.17460839e-09 -2.56633032e-05 1.37702859e-10
0.270844         -2.67488483e-07 -6.87867893e-04 1.97853219e-07 -2.61267399e-07 -6.62392193e-04 1.97669465e-07 -6.22108359e-09 -2.54757006e-05 1.83754346e-10
0.271635         -2.24010845e-07 -7.65960900e-04 1.97341892e-07 -2.17738407e-07 -7.40710850e-04 1.97095562e-07 -6.27243848e-09 -2.52500500e-05 2.46329526e-10
0.272426         -1.64297838e-06 -9.34635454e-04 1.33027406e-06 -1.63597156e-06 -9.09628062e-04 1.32940331e-06 -7.00682365e-09 -2.50073926e-05 8.70747145e-10
0.273217         -2.89417494e-06 -8.57865336e-04 2.95562730e-06 -2.88594004e-06 -8.32854712e-04 2.95353617e-06 -8.23489662e-09 -2.50106237e-05 2.09113303e-09
0.274008         -1.48579742e-06 -3.64488138e-04 1.41482264e-06 -1.47698090e-06 -3.39933499e-04 1.41216740e-06 -8.81651528e-09 -2.45546383e-05 2.65523867e-09
0.274799         -2.64839706e-06 -7.68195125e-04 2.43686894e-06 -2.63843156e-06 -7.43907848e-04 2.43315969e-06 -9.96550326e-09 -2.42872767e-05 3.70925058e-09
0.27559          -3.58799149e-07 -8.88109841e-04 2.76778368e-07 -3.48711022e-07 -8.63980434e-04 2.72951333e-07 -1.00881270e-08 -2.41294064e-05 3.82703498e-09
0.276381         1.77349755e-06 -6.44628666e-04 -1.69767181e-06 1.78278001e-06 -6.20618319e-04 -1.70077539e-06 -9.28246281e-09 -2.40103469e-05 3.10358543e-09
0.277172         -1.86780071e-06 -6.69619040e-04 1.87113961e-06 -1.85775602e-06 -6.45822204e-04 1.86726832e-06 -1.00446887e-08 -2.37968359e-05 3.87128649e-09
0.277963         -1.72761262e-06 -5.71167792e-04 1.67789784e-06 -1.71681423e-06 -5.47650417e-04 1.67330686e-06 -1.07983846e-08 -2.35173755e-05 4.59097493e-09
0.278754         -1.34382507e-06 -5.97601886e-04 1.32034180e-06 -1.33242443e-06 -5.74322446e-04 1.31517105e-06 -1.14006384e-08 -2.32794405e-05 5.17074627e-09
0.279545         -3.70609942e-07 -6.14515650e-04 3.75637954e-07 -3.59066313e-07 -5.91455164e-04 3.70316629e-07 -1.15436293e-08 -2.30604862e-05 5.32132509e-09
0.280336         -1.20058371e-06 -4.84659391e-04 1.18145907e-06 -1.18850605e-06 -4.61892552e-04 1.17562203e-06 -1.20776642e-08 -2.27668384e-05 5.83703904e-09
0.281127         -7.26561025e-07 -5.87444910e-04 7.02565484e-07 -7.14174661e-07 -5.64893315e-04 6.96430902e-07 -1.23863633e-08 -2.25515956e-05 6.13458146e-09
0.281918         5.12527772e-07 -5.21949851e-04 -6.04982516e-07 5.24664645e-07 -4.99528964e-04 -6.10840760e-07 -1.21368725e-08 -2.24208865e-05 5.85824353e-09
0.282709         -2.06834571e-06 -6.46995137e-04 1.72823675e-06 -2.05522703e-06 -6.24720526e-04 1.72157154e-06 -1.31186802e-08 -2.22746113e-05 6.66520506e-09
0.2835           -9.10751976e-07 -7.34658660e-04 9.22512605e-07 -8.97351087e-07 -7.12642125e-04 9.15556302e-07 -1.34008892e-08 -2.20165343e-05 6.95630368e-09
0.2843804        -2.48587329e-06 -1.35109474e-04 2.61486178e-06 -2.47133252e-06 -1.13600548e-04 2.60671835e-06 -1.45407657e-08 -2.15089257e-05 8.14342707e-09
0.2853018        -5.17574287e-06 -7.86637040e-04 5.05636160e-06 -5.15851180e-06 -7.65180942e-04 5.04565066e-06 -1.72310610e-08 -2.14560981e-05 1.07109427e-08
0.2862232        1.11848595e-06 -4.66906863e-04 -1.06192311e-06 1.13492390e-06 -4.45765693e-04 -1.07188799e-06 -1.64379517e-08 -2.11411702e-05 9.96487428e-09
0.2871446        -3.87953711e-06 -4.24368952e-04 3.98923434e-06 -3.86130163e-06 -4.03527990e-04 3.97743394e-06 -1.82354895e-08 -2.08409625e-05 1.18004042e-08
0.2880896        -1.11893388e-06 -3.89987124e-04 1.17711539e-06 -1.10035116e-06 -3.69335243e-04 1.16492365e-06 -1.85827230e-08 -2.06518812e-05 1.21917400e-08
0.2890346        -1.47716362e-06 -5.54273873e-04 1.42309835e-06 -1.45800281e-06 -5.33831051e-04 1.41034417e-06 -1.91608152e-08 -2.04428224e-05 1.27541855e-08
0.2899796        -1.04888234e-06 -3.39528558e-04 1.08307330e-06 -1.02943053e-06 -3.19522730e-04 1.06997834e-06 -1.94518102e-08 -2.00058275e-05 1.30949655e-08
0.2909516        -1.15739010e-06 -2.04955699e-04 1.12245328e-06 -1.13750923e-06 -1.85331316e-04 1.10891355e-06 -1.98808632e-08 -1.96243828e-05 1.35397291e-08
0.2919236        -9.76332345e-07 -5.46344071e-04 1.06648444e-06 -9.56187658e-07 -5.26873388e-04 1.05259042e-06 -2.01446873e-08 -1.94706836e-05 1.38940214e-08
0.2928957        7.03423270e-07 -2.56905064e-04 -4.14302613e-07 7.22793973e-07 -2.37798567e-04 -4.27649082e-07 -1.93707032e-08 -1.91064973e-05 1.33464692e-08
0.293899         8.32513274e-07 -3.69075552e-04 -7.47136583e-07 8.51236324e-07 -3.50227424e-04 -7.59941336e-07 -1.87230505e-08 -1.88481283e-05 1.28047531e-08
0.2949024        -7.13264998e-07 -3.46245455e-04 8.44377691e-07 -6.94204343e-07 -3.27673405e-04 8.31139709e-07 -1.90606547e-08 -1.85720501e-05 1.32379816e-08
0.2959416        -2.20429708e-06 -4.23102347e-05 2.24385544e-06 -2.18381149e-06 -2.41556937e-05 2.22917048e-06 -2.04855919e-08 -1.81545409e-05 1.46849589e-08
0.2969808        -1.38181458e-06 -5.43525417e-04 1.55129228e-06 -1.36048026e-06 -5.25399402e-04 1.53562456e-06 -2.13343238e-08 -1.81260146e-05 1.56677170e-08
0.29802          -7.97350010e-07 -1.78662835e-04 9.23292945e-07 -7.75626175e-07 -1.61099137e-04 9.07160257e-07 -2.17238354e-08 -1.75636984e-05 1.61326876e-08
0.2991025        -4.83532624e-07 4.99410024e-06 5.88573113e-07 -4.61521434e-07 2.20207047e-05 5.72060103e-07 -2.20111897e-08 -1.70266044e-05 1.65130108e-08
0.300185         1.02863378e-06 -4.08378442e-04 -8.91027044e-07 1.04993810e-06 -3.91404077e-04 -9.07013106e-07 -2.13043284e-08 -1.69743650e-05 1.59860618e-08
0.3012675        -1.76998574e-07 -5.34749292e-05 2.02776762e-07 -1.55596666e-07 -3.69340890e-05 1.86621625e-07 -2.14019079e-08 -1.65408401e-05 1.61551373e-08
0.30235          9.97085170e-07 -2.26933812e-04 -1.18138491e-06 1.01788520e-06 -2.10668429e-04 -1.19691523e-06 -2.08000300e-08 -1.62653827e-05 1.55303243e-08
0.3034325        -1.81895604e-06 -1.69401208e-04 1.98422150e-06 -1.79706426e-06 -1.53432960e-04 1.96745479e-06 -2.18917774e-08 -1.59682473e-05 1.67667094e-08
0.304515         -7.64076928e-07 1.01300361e-04 8.02405990e-07 -7.41815295e-07 1.16647982e-04 7.85213468e-07 -2.22616324e-08 -1.53476209e-05 1.71925217e-08
0.3055975        -9.09013789e-07 -2.04166696e-05 9.79302698e-07 -8.86222371e-07 -5.30627106e-06 9.61479341e-07 -2.27914181e-08 -1.51103985e-05 1.78233566e-08
0.30668          -7.64717255e-07 -8.98788192e-05 8.05363368e-07 -7.41517994e-07 -7.51884535e-05 7.87079572e-07 -2.31992609e-08 -1.46903657e-05 1.82837964e-08
0.3077625        -1.10249976e-06 -9.92220327e-05 1.14964310e-06 -1.07870449e-06 -8.46941526e-05 1.13069230e-06 -2.37952669e-08 -1.45278801e-05 1.89507982e-08
0.308845         -8.27168357e-07 -8.39297160e-05 8.89350885e-07 -8.03046052e-07 -6.98551971e-05 8.70032534e-07 -2.41223049e-08 -1.40745189e-05 1.93183511e-08
0.3099275        -1.84872528e-07 -2.06236841e-05 2.41047923e-07 -1.60859894e-07 -6.72831171e-06 2.21762894e-07 -2.40126344e-08 -1.38953724e-05 1.92850291e-08
0.31101          -6.26547509e-07 1.99620357e-04 7.03113188e-07 -6.02353198e-07 2.12882939e-04 6.83606529e-07 -2.41943101e-08 -1.32625822e-05 1.95066595e-08
0.3120925        1.06464124e-06 -1.12107642e-04 -1.10827484e-06 1.08788904e-06 -9.90526877e-05 -1.12683652e-06 -2.32478020e-08 -1.30549546e-05 1.85616803e-08
0.313175         -1.06514212e-06 2.03494509e-04 1.35133243e-06 -1.04147784e-06 2.16094034e-04 1.33220480e-06 -2.36642793e-08 -1.25995247e-05 1.91276317e-08
0.3142575        -9.57728662e-07 1.07713302e-04 1.11232330e-06 -9.33712050e-07 1.19971823e-04 1.09277268e-06 -2.40166117e-08 -1.22585209e-05 1.95506215e-08
0.31534          6.99561572e-07 1.01027248e-05 -8.16172103e-07 7.22893136e-07 2.20743074e-05 -8.34960838e-07 -2.33315633e-08 -1.19715826e-05 1.87887350e-08
0.3164225        -1.57645832e-06 2.77170306e-04 1.86793930e-06 -1.55240941e-06 2.88691706e-04 1.84829831e-06 -2.40489098e-08 -1.15213997e-05 1.96409893e-08
0.317505         -7.63296270e-07 1.11770344e-04 5.87146697e-07 -7.38892249e-07 1.22990614e-04 5.67265511e-07 -2.44040207e-08 -1.12202706e-05 1.98811863e-08
0.3185875        -3.52692457e-06 1.84668117e-05 3.67941955e-06 -3.50052611e-06 2.93147008e-05 3.65748935e-06 -2.63984632e-08 -1.08478892e-05 2.19302010e-08
0.31967          -1.24221733e-06 3.92878649e-04 1.37725657e-06 -1.21551369e-06 4.03299135e-04 1.35492173e-06 -2.67036381e-08 -1.04204854e-05 2.23348383e-08
0.3207525        -9.86215792e-07 3.39141073e-05 1.11649679e-06 -9.59415013e-07 4.40226124e-05 1.09395701e-06 -2.68007790e-08 -1.01085051e-05 2.25397852e-08
0.321835         -2.07006839e-06 3.80336618e-04 2.26533602e-06 -2.04235005e-06 3.90092592e-04 2.24172284e-06 -2.77183432e-08 -9.75597336e-06 2.36131775e-08
0.3229175        -6.56313101e-07 2.79043864e-04 7.33649665e-07 -6.28630152e-07 2.88307891e-04 7.09947998e-07 -2.76829483e-08 -9.26402719e-06 2.37016663e-08
0.324            -6.68945101e-07 9.59235866e-05 8.17831267e-07 -6.41297422e-07 1.04948150e-04 7.93993243e-07 -2.76476793e-08 -9.02456338e-06 2.38380231e-08
0.3250658        -5.36375296e-07 4.40612562e-04 6.40957481e-07 -5.08812081e-07 4.49167072e-04 6.17042955e-07 -2.75632155e-08 -8.55451088e-06 2.39145260e-08
0.3261035        -4.14317705e-07 4.34693168e-04 5.09441039e-07 -3.86930313e-07 4.42849778e-04 4.85538857e-07 -2.73873917e-08 -8.15661003e-06 2.39021818e-08
0.3271413        -3.31950444e-07 1.72548327e-04 3.58748683e-07 -3.04759282e-07 1.80460305e-04 3.34930535e-07 -2.71911622e-08 -7.91197718e-06 2.38181479e-08
0.328179         7.27693472e-07 2.20944982e-04 -8.19203919e-07 7.54022563e-07 2.28584448e-04 -8.42203781e-07 -2.63290903e-08 -7.63946615e-06 2.29998617e-08
0.3292168        3.21176547e-07 7.18149011e-04 -4.04642345e-07 3.46967592e-07 7.25175489e-04 -4.27143463e-07 -2.57910449e-08 -7.02647792e-06 2.25011187e-08
0.3302545        -7.17112407e-06 6.28969563e-05 7.71877976e-06 -7.14131914e-06 6.96922376e-05 7.69195668e-06 -2.98049324e-08 -6.79528134e-06 2.68230841e-08
0.3312922        4.03948524e-06 4.92211017e-04 -4.14724524e-06 4.06615077e-06 4.98707862e-04 -4.17094802e-06 -2.66655307e-08 -6.49684471e-06 2.37027864e-08
0.33233          -1.19034326e-07 5.73933806e-04 1.61660698e-07 -9.27751429e-08 5.79837182e-04 1.38304519e-07 -2.62591826e-08 -5.90337613e-06 2.33561791e-08
0.3333677        -6.02073852e-07 3.47593354e-04 7.15834711e-07 -5.75965182e-07 3.53229998e-04 6.92537696e-07 -2.61086700e-08 -5.63664370e-06 2.32970147e-08
0.334372         -3.33598110e-07 5.45543112e-04 3.69226710e-07 -3.07796065e-07 5.50792366e-04 3.46188154e-07 -2.58020445e-08 -5.24925397e-06 2.30385557e-08
0.3353763        -3.69883230e-07 3.84819160e-04 3.98770539e-07 -3.44382101e-07 3.89793234e-04 3.75998815e-07 -2.55011284e-08 -4.97407337e-06 2.27717240e-08
0.3363805        -1.52501923e-06 5.85271909e-04 1.61686137e-06 -1.49906013e-06 5.89855391e-04 1.59357354e-06 -2.59591080e-08 -4.58348206e-06 2.32878307e-08
0.3373848        -1.25243028e-06 4.15136592e-04 1.41051614e-06 -1.22622892e-06 4.19449822e-04 1.38690480e-06 -2.62013626e-08 -4.31322979e-06 2.36113427e-08
0.3383891        -6.38745268e-07 6.32272851e-04 7.27252097e-07 -6.12662139e-07 6.36148767e-04 7.03717117e-07 -2.60831289e-08 -3.87591612e-06 2.35349800e-08
0.3393933        -4.88014549e-07 5.19914637e-04 5.36467632e-07 -4.62220263e-07 5.23363307e-04 5.13174933e-07 -2.57942861e-08 -3.44866984e-06 2.32926986e-08
0.3403976        -3.35524558e-07 5.64945367e-04 3.61790699e-07 -3.10182919e-07 5.68184854e-04 3.38859923e-07 -2.53416384e-08 -3.23948641e-06 2.29307751e-08
0.3414019        -4.93732096e-07 5.16047100e-04 5.12017223e-07 -4.68787266e-07 5.18826983e-04 4.89398829e-07 -2.49448301e-08 -2.77988348e-06 2.26183939e-08
0.3424061        -4.00100276e-07 4.32753945e-04 4.34236860e-07 -3.75483136e-07 4.35323867e-04 4.11896628e-07 -2.46171396e-08 -2.56992217e-06 2.23402326e-08
0.3434104        -3.60556701e-07 6.65339394e-04 3.71367436e-07 -3.36178211e-07 6.67644666e-04 3.49258027e-07 -2.43784902e-08 -2.30527280e-06 2.21094090e-08
0.344369         5.65799118e-07 8.78917406e-04 -6.08349483e-07 5.89387941e-07 8.80592550e-04 -6.29623678e-07 -2.35888231e-08 -1.67514357e-06 2.12741952e-08
0.3453276        2.22747082e-07 6.14562494e-04 -2.79159644e-07 2.45794095e-07 6.15826215e-04 -2.99813887e-07 -2.30470132e-08 -1.26372104e-06 2.06542433e-08
0.3462863        -3.19147646e-07 3.88602532e-04 2.96357020e-07 -2.96328143e-07 3.89877654e-04 2.75989158e-07 -2.28195027e-08 -1.27512235e-06 2.03678621e-08
0.3472449        -3.63078521e-07 8.00869227e-04 3.67256068e-07 -3.40429421e-07 8.01720094e-04 3.47101334e-07 -2.26491005e-08 -8.50867613e-07 2.01547343e-08
0.3482035        -1.56161247e-07 6.37800190e-04 1.52312405e-07 -1.33814952e-07 6.38211243e-04 1.32522619e-07 -2.23462950e-08 -4.11053629e-07 1.97897860e-08
0.3491621        -1.07034591e-07 7.32026774e-04 1.12324367e-07 -8.49674313e-08 7.32257795e-04 9.28641908e-08 -2.20671594e-08 -2.31020741e-07 1.94601764e-08
0.3501207        -1.28937546e-07 6.71570060e-04 1.27226710e-07 -1.07175615e-07 6.71385605e-04 1.08129188e-07 -2.17619312e-08 1.84455028e-07 1.90975223e-08
0.3510793        -8.70504852e-08 8.75200615e-04 8.11098924e-08 -6.56425648e-08 8.74594124e-04 6.24313931e-08 -2.14079203e-08 6.06491510e-07 1.86784993e-08
0.352038         2.99196194e-08 6.34149337e-04 -5.01701442e-08 5.09013137e-08 6.33312615e-04 -6.83490759e-08 -2.09816943e-08 8.36722405e-07 1.81789317e-08
0.3529966        -3.04797533e-07 8.53453402e-04 3.43024700e-07 -2.84045319e-07 8.52248697e-04 3.25117892e-07 -2.07522136e-08 1.20470502e-06 1.79068087e-08
0.3539552        -9.51054760e-08 7.27928547e-04 8.65658602e-08 -7.46979632e-08 7.26450024e-04 6.90699535e-08 -2.04075129e-08 1.47852262e-06 1.74959067e-08
0.3549138        5.67338629e-09 6.08695322e-04 -2.11517130e-08 2.56629045e-08 6.07020462e-04 -3.81607818e-08 -1.99895183e-08 1.67485995e-06 1.70090688e-08
0.3558724        -1.73503009e-07 8.92246628e-04 1.69702909e-07 -1.53817699e-07 8.90094758e-04 1.53046174e-07 -1.96853095e-08 2.15187021e-06 1.66567351e-08
0.3568311        -1.04547124e-07 8.28655994e-04 9.38458698e-08 -8.52301052e-08 8.26193497e-04 7.75965213e-08 -1.93170183e-08 2.46249721e-06 1.62493484e-08
0.3577897        -1.29286282e-07 7.65181298e-04 1.01462679e-07 -1.10323862e-07 7.62495505e-04 8.55884450e-08 -1.89624195e-08 2.68579259e-06 1.58742337e-08
0.3587483        -6.76463678e-08 9.77657069e-04 3.12447379e-08 -4.90194495e-08 9.74461981e-04 1.57108065e-08 -1.86269184e-08 3.19508789e-06 1.55339314e-08
0.3597069        3.47285129e-07 7.79328459e-04 -4.94517184e-07 3.65377877e-07 7.75899598e-04 -5.09448819e-07 -1.80927484e-08 3.42886082e-06 1.49316347e-08
0.3606655        -7.15902293e-07 9.73699771e-04 9.38243303e-07 -6.97744111e-07 9.69909459e-04 9.23129177e-07 -1.81581811e-08 3.79031170e-06 1.51141254e-08
0.3616241        -5.43970996e-07 7.28949530e-04 5.91256227e-07 -5.25777623e-07 7.24958808e-04 5.76087046e-07 -1.81933725e-08 3.99072263e-06 1.51691809e-08
0.3625828        -2.07128339e-07 7.73063816e-04 2.19017990e-07 -1.89057495e-07 7.68835915e-04 2.03976651e-07 -1.80708441e-08 4.22790097e-06 1.50413394e-08
0.3635414        -5.58729414e-08 1.05059979e-03 3.88816576e-08 -3.79710784e-08 1.04597279e-03 2.40189202e-08 -1.79018631e-08 4.62700191e-06 1.48627374e-08
0.3645           1.62506356e-08 8.97789411e-04 -3.48514054e-08 3.40088389e-08 8.92736892e-04 -4.95705502e-08 -1.77582033e-08 5.05251876e-06 1.47191449e-08
0.3653804        -9.13326064e-10 6.70866781e-04 -9.46974024e-09 1.67210827e-08 6.66130285e-04 -2.40648495e-08 -1.76344088e-08 4.73649602e-06 1.45951093e-08
0.3662609        -1.16789102e-09 2.78460827e-04 -7.01697318e-09 1.62718710e-08 2.74505063e-04 -2.14091457e-08 -1.74397620e-08 3.95576459e-06 1.43921725e-08
0.3671413        7.74860887e-08 3.48256676e-04 -1.02179723e-07 9.47040298e-08 3.44864253e-04 -1.16325125e-07 -1.72179411e-08 3.39242346e-06 1.41454022e-08
0.3680017        2.01274619e-07 2.93029782e-04 -2.30837262e-07 2.18288529e-07 2.90278767e-04 -2.44748589e-07 -1.70139098e-08 2.75101483e-06 1.39113272e-08
0.3688622        1.09403808e-07 2.20213115e-04 -1.05878505e-07 1.26299924e-07 2.18184450e-04 -1.19645856e-07 -1.68961165e-08 2.02866441e-06 1.37673503e-08
0.3697226        3.18677780e-07 3.22314132e-04 -3.48389937e-07 3.35498778e-07 3.20887684e-04 -3.62030353e-07 -1.68209977e-08 1.42644719e-06 1.36404165e-08
0.370583         5.03628153e-07 6.37815801e-04 -5.53971124e-07 5.20337389e-07 6.36725387e-04 -5.67443822e-07 -1.67092359e-08 1.09041437e-06 1.34726982e-08
0.3714434        3.80984797e-07 -2.32365777e-04 -3.85824768e-07 3.97640692e-07 -2.32347677e-04 -3.99194179e-07 -1.66558943e-08 -1.81005821e-08 1.33694112e-08
0.3723039        5.55838506e-07 2.99367239e-04 -6.10710337e-07 5.72350835e-07 2.99854431e-04 -6.23878708e-07 -1.65123287e-08 -4.87191796e-07 1.31683713e-08
0.3731643        6.64527239e-07 3.63698380e-04 -7.19257507e-07 6.80875037e-07 3.64600109e-04 -7.32196726e-07 -1.63477983e-08 -9.01728493e-07 1.29392187e-08
0.3740247        6.84990600e-07 2.01184211e-04 -7.19718531e-07 7.01139981e-07 2.02794504e-04 -7.32387343e-07 -1.61493810e-08 -1.61029349e-06 1.26688119e-08
0.3748851        8.26926527e-07 1.68772121e-04 -8.82847225e-07 8.42928395e-07 1.71102972e-04 -8.95302965e-07 -1.60018680e-08 -2.33085142e-06 1.24557401e-08
0.3757456        9.37877275e-07 3.74765833e-04 -1.00860471e-06 9.53851798e-07 3.77503152e-04 -1.02098160e-06 -1.59745225e-08 -2.73731898e-06 1.23768853e-08
0.376606         9.79660286e-07 5.30173599e-04 -1.05666192e-06 9.95670923e-07 5.33411257e-04 -1.06902351e-06 -1.60106368e-08 -3.23765762e-06 1.23615837e-08
0.3774664        9.54601131e-07 2.23693401e-06 -1.00739164e-06 9.70641281e-07 6.07737025e-06 -1.01972500e-06 -1.60401494e-08 -3.84043624e-06 1.23333564e-08
0.3783268        1.02501316e-06 4.98183474e-04 -1.11825413e-06 1.04107907e-06 5.02483712e-04 -1.13054052e-06 -1.60659043e-08 -4.30023818e-06 1.22863887e-08
0.3791873        1.01300045e-06 6.23737501e-05 -1.07632382e-06 1.02906262e-06 6.74044333e-05 -1.08853548e-06 -1.60621654e-08 -5.03068326e-06 1.22116534e-08
0.3800477        1.05981079e-06 2.69702119e-04 -1.17103685e-06 1.07585234e-06 2.75234920e-04 -1.18315101e-06 -1.60415456e-08 -5.53280131e-06 1.21141582e-08
0.3809081        1.04132311e-06 5.61214385e-04 -1.13215168e-06 1.05729415e-06 5.67075539e-04 -1.14411916e-06 -1.59710421e-08 -5.86115442e-06 1.19674865e-08
0.3817685        9.55053018e-07 2.09569647e-04 -1.01176779e-06 9.70918773e-07 2.16076971e-04 -1.02355295e-06 -1.58657547e-08 -6.50732392e-06 1.17851571e-08
0.382629         9.17803563e-07 2.19204837e-04 -9.83747195e-07 9.33615144e-07 2.26332635e-04 -9.95400259e-07 -1.58115802e-08 -7.12779801e-06 1.16530646e-08
0.3834894        1.03354354e-06 3.06185731e-04 -1.12088886e-06 1.04940096e-06 3.13700198e-04 -1.13253333e-06 -1.58574229e-08 -7.51446677e-06 1.16444686e-08
0.3843498        1.19743388e-06 5.30484187e-04 -1.30415485e-06 1.21322478e-06 5.38435775e-04 -1.31567073e-06 -1.57909020e-08 -7.95158873e-06 1.15158764e-08
0.3852102        1.21034655e-06 2.08901060e-04 -1.30607126e-06 1.22605242e-06 2.17378362e-04 -1.31743619e-06 -1.57058712e-08 -8.47730182e-06 1.13649259e-08
0.3860707        -1.32628044e-06 2.42673605e-04 1.43503190e-06 -1.30926170e-06 2.51653416e-04 1.42233380e-06 -1.70187361e-08 -8.97981030e-06 1.26980985e-08
0.3869311        6.72051251e-07 5.13934049e-04 -7.07497576e-07 6.89199303e-07 5.23337578e-04 -7.20274644e-07 -1.71480515e-08 -9.40352900e-06 1.27770689e-08
0.3877915        -3.89812141e-06 3.40922694e-04 4.23596399e-06 -3.87860855e-06 3.50718369e-04 4.22072111e-06 -1.95128546e-08 -9.79567510e-06 1.52428826e-08
0.3886519        3.41327240e-07 2.00692435e-04 -2.96515913e-07 3.60590427e-07 2.11122090e-04 -3.11419647e-07 -1.92631866e-08 -1.04296552e-05 1.49037335e-08
0.3895124        9.72231829e-07 6.60116135e-04 -1.01933300e-06 9.91068135e-07 6.70743251e-04 -1.03367032e-06 -1.88363066e-08 -1.06271164e-05 1.43373165e-08
0.3903728        1.01290714e-06 8.94987720e-05 -1.04554656e-06 1.03121473e-06 1.00796623e-04 -1.05918547e-06 -1.83075925e-08 -1.12978508e-05 1.36389051e-08
0.3912332        1.36743209e-06 3.24578024e-04 -1.44412968e-06 1.38505746e-06 3.36321100e-04 -1.45687059e-06 -1.76253673e-08 -1.17430760e-05 1.27409075e-08
0.3920936        1.06056169e-07 6.69335566e-04 1.83615498e-07 1.23936219e-07 6.81269905e-04 1.70577072e-07 -1.78800506e-08 -1.19343396e-05 1.30384261e-08
0.3929541        1.26956944e-06 6.12001725e-04 -1.31565027e-06 1.28711331e-06 6.24239214e-04 -1.32829862e-06 -1.75438675e-08 -1.22374890e-05 1.26483454e-08
0.3938145        1.48388878e-06 2.52378318e-04 -1.55067306e-06 1.50116591e-06 2.65216740e-04 -1.56306212e-06 -1.72771369e-08 -1.28384222e-05 1.23890627e-08
0.3946749        1.39857430e-06 3.88684267e-04 -1.50336319e-06 1.41556288e-06 4.01879399e-04 -1.51546686e-06 -1.69885793e-08 -1.31951324e-05 1.21036642e-08
0.3955353        1.33551537e-06 2.25447131e-04 -1.38756123e-06 1.35211797e-06 2.39230824e-04 -1.39928680e-06 -1.66025915e-08 -1.37836928e-05 1.17255631e-08
0.3963958        1.35486654e-06 6.08699592e-04 -1.46127763e-06 1.37096258e-06 6.22639278e-04 -1.47245264e-06 -1.60960384e-08 -1.39396866e-05 1.11750117e-08
0.3972562        9.56567723e-07 7.13937018e-04 -1.04791258e-06 9.72169281e-07 7.28077447e-04 -1.05848576e-06 -1.56015579e-08 -1.41404284e-05 1.05731777e-08
0.3981166        1.24065071e-06 4.11314791e-04 -1.34144759e-06 1.25565934e-06 4.25946102e-04 -1.35132416e-06 -1.50086265e-08 -1.46313111e-05 9.87656194e-09
0.398977         1.17467938e-06 1.40657518e-04 -1.26617312e-06 1.18953123e-06 1.55799063e-04 -1.27589818e-06 -1.48518569e-08 -1.51415455e-05 9.72506072e-09
0.3998375        6.77806636e-07 8.67178398e-04 -7.47423856e-07 6.92904757e-07 8.82556599e-04 -7.57467065e-07 -1.50981214e-08 -1.53782012e-05 1.00432089e-08
0.4006979        3.99739046e-06 5.15926153e-04 -4.32090859e-06 4.01080175e-06 5.31479787e-04 -4.32920141e-06 -1.34112907e-08 -1.55536342e-05 8.29281065e-09
0.4015583        1.37208129e-06 2.75985246e-04 -1.56897580e-06 1.38520661e-06 2.92087749e-04 -1.57694663e-06 -1.31253173e-08 -1.61025026e-05 7.97083175e-09
0.4024187        7.13169617e-07 6.18112515e-04 -7.46361974e-07 7.26304930e-07 6.34409635e-04 -7.54377071e-07 -1.31353123e-08 -1.62971196e-05 8.01509670e-09
0.4032792        7.48311185e-07 7.34196311e-04 -7.96903939e-07 7.61388639e-07 7.50672485e-04 -8.04881367e-07 -1.30774544e-08 -1.64761739e-05 7.97742773e-09
0.4041396        1.86411434e-06 5.56774723e-04 -2.27645921e-06 1.87653889e-06 5.73648522e-04 -2.28364207e-06 -1.24245498e-08 -1.68737989e-05 7.18285074e-09
0.405            9.63817169e-07 5.31990382e-04 -1.04484118e-06 9.76025335e-07 5.49037647e-04 -1.05179878e-06 -1.22081657e-08 -1.70472650e-05 6.95759907e-09
0.40581          4.07754024e-06 6.19478363e-04 -4.46655494e-06 4.08788267e-06 6.36948198e-04 -4.47150876e-06 -1.03424328e-08 -1.74698351e-05 4.95382703e-09
0.40662          2.04826362e-06 5.13684564e-04 -2.25921712e-06 2.05777238e-06 5.31344029e-04 -2.26325045e-06 -9.50875983e-09 -1.76594654e-05 4.03333041e-09
0.40743          1.90630763e-06 6.39027841e-04 -2.09793268e-06 1.91499314e-06 6.56877242e-04 -2.10105580e-06 -8.68550885e-09 -1.78494009e-05 3.12312523e-09
0.4082231        2.02714925e-06 7.16991087e-04 -2.27482042e-06 2.03483882e-06 7.35056770e-04 -2.27680765e-06 -7.68957356e-09 -1.80656831e-05 1.98722839e-09
0.4090162        1.86758103e-06 7.29397359e-04 -2.14975661e-06 1.87415753e-06 7.47690341e-04 -2.15047793e-06 -6.57650163e-09 -1.82929814e-05 7.21322122e-10
0.4098094        3.23176342e-06 7.39713019e-04 -3.65831117e-06 3.23670416e-06 7.58196610e-04 -3.65719088e-06 -4.94074227e-09 -1.84835917e-05 -1.12028632e-09
0.4106025        1.65708861e-06 4.33241949e-04 -1.95871441e-06 1.66131255e-06 4.52110866e-04 -1.95676446e-06 -4.22393397e-09 -1.88689175e-05 -1.94995789e-09
0.4113956        1.81985123e-06 8.10700644e-04 -2.08680094e-06 1.82253299e-06 8.29654091e-04 -2.08302311e-06 -2.68175972e-09 -1.89534461e-05 -3.77783104e-09
0.4121707        2.12325398e-06 1.03311820e-03 -2.49292770e-06 2.12447599e-06 1.05204030e-03 -2.48739782e-06 -1.22201400e-09 -1.89221056e-05 -5.52988647e-09
0.4129458        1.68489123e-06 4.25407207e-04 -1.94708360e-06 1.68563697e-06 4.44762852e-04 -1.94098774e-06 -7.45740624e-10 -1.93556446e-05 -6.09586153e-09
0.4137209        1.50020729e-06 8.83643613e-04 -1.73107987e-06 1.50063443e-06 9.02985331e-04 -1.72462969e-06 -4.27132741e-10 -1.93417174e-05 -6.45018731e-09
0.414496         1.68658020e-06 5.80522197e-04 -2.11114181e-06 1.68647794e-06 6.00135541e-04 -2.10403780e-06 1.02261326e-10 -1.96133442e-05 -7.10400379e-09
0.4152711        1.36631751e-06 6.04491688e-04 -1.63896596e-06 1.36580676e-06 6.24399746e-04 -1.63137958e-06 5.10746789e-10 -1.99080580e-05 -7.58637500e-09
0.4160462        1.42795229e-06 1.06110253e-03 -1.73651399e-06 1.42687159e-06 1.08106926e-03 -1.72818131e-06 1.08069427e-09 -1.99667237e-05 -8.33267970e-09
0.4168213        1.32132649e-06 9.05497115e-04 -1.46356575e-06 1.31974890e-06 9.25528732e-04 -1.45463438e-06 1.57758516e-09 -2.00316168e-05 -8.93137188e-09
0.417576         1.69500007e-06 6.15229868e-04 -2.01753298e-06 1.69295220e-06 6.35429209e-04 -2.00807055e-06 2.04786998e-09 -2.01993411e-05 -9.46243695e-09
0.4183307        -3.99732507e-06 7.47361626e-04 4.31229694e-06 -3.99717248e-06 7.67715764e-04 4.31937451e-06 -1.52583671e-10 -2.03541380e-05 -7.07757410e-09
0.4190854        6.51901476e-07 1.09986479e-03 -7.23644962e-07 6.51952152e-07 1.12033644e-03 -7.16480879e-07 -5.06762280e-11 -2.04716423e-05 -7.16408267e-09
0.4198401        6.96773414e-07 5.82720915e-04 -6.78043998e-07 6.96699473e-07 6.03380178e-04 -6.70829697e-07 7.39411468e-11 -2.06592625e-05 -7.21430111e-09
0.4205948        1.10524412e-06 8.16455112e-04 -1.29315006e-06 1.10489192e-06 8.37212319e-04 -1.28566634e-06 3.52196369e-10 -2.07572074e-05 -7.48371811e-09
0.4213495        1.19921726e-06 9.96100182e-04 -1.39553184e-06 1.19866290e-06 1.01688154e-03 -1.38789700e-06 5.54355966e-10 -2.07813595e-05 -7.63483724e-09
0.4221042        8.66951823e-07 1.17464914e-03 -9.69035441e-07 8.66024976e-07 1.19536497e-03 -9.60987973e-07 9.26846826e-10 -2.07158237e-05 -8.04746786e-09
0.4228589        1.25564401e-06 8.41597432e-04 -1.44366046e-06 1.25417768e-06 8.62631915e-04 -1.43501142e-06 1.46633935e-09 -2.10344828e-05 -8.64903854e-09
0.4236136        1.30229159e-06 7.47295863e-04 -1.52559054e-06 1.30029992e-06 7.68402138e-04 -1.51635259e-06 1.99166743e-09 -2.11062752e-05 -9.23794279e-09
0.4243683        6.38611130e-06 8.11785360e-04 -7.21333181e-06 6.38143414e-06 8.32929630e-04 -7.20122623e-06 4.67715560e-09 -2.11442696e-05 -1.21055713e-08
0.425123         -4.12639115e-06 1.10697839e-03 4.31252110e-06 -4.12888073e-06 1.12829482e-03 4.32233742e-06 2.48957660e-09 -2.13164335e-05 -9.81632565e-09
0.4258777        8.49553644e-07 1.01730446e-03 -1.01785720e-06 8.46757658e-07 1.03850811e-03 -1.00770445e-06 2.79598626e-09 -2.12036516e-05 -1.01527448e-08
0.4266324        1.34307427e-06 9.80136053e-04 -1.59112245e-06 1.33978410e-06 1.00137985e-03 -1.58045134e-06 3.29016942e-09 -2.12437968e-05 -1.06711112e-08
0.4273872        1.74545403e-06 9.24346745e-04 -2.14531533e-06 1.74153764e-06 9.45745198e-04 -2.13395322e-06 3.91639370e-09 -2.13984522e-05 -1.13621128e-08
0.4281419        1.44104001e-06 8.08892376e-04 -1.83568259e-06 1.43664511e-06 8.30572978e-04 -1.82379225e-06 4.39490402e-09 -2.16806019e-05 -1.18903389e-08
0.4288966        1.45491058e-06 1.02345140e-03 -1.79260947e-06 1.45002104e-06 1.04507443e-03 -1.78018868e-06 4.88953451e-09 -2.16230253e-05 -1.24207904e-08
0.4296513        6.90796108e-07 1.24198533e-03 -7.02659903e-07 6.85726749e-07 1.26343552e-03 -6.90137280e-07 5.06935912e-09 -2.14501946e-05 -1.25226228e-08
0.4303717        8.43458966e-07 1.17100251e-03 -1.03259260e-06 8.38164344e-07 1.19240906e-03 -1.01984953e-06 5.29462172e-09 -2.14065557e-05 -1.27430625e-08
0.4310921        -1.83624804e-07 4.76761315e-04 7.38884513e-08 -1.88665398e-07 4.98687674e-04 8.63672614e-08 5.04059332e-09 -2.19263597e-05 -1.24788101e-08
0.4318124        1.09480528e-06 1.24392082e-03 -1.34595520e-06 1.08939790e-06 1.26567971e-03 -1.33307943e-06 5.40737853e-09 -2.17588905e-05 -1.28757619e-08
0.4325328        1.71878194e-06 1.21392153e-03 -2.14553892e-06 1.71285701e-06 1.23556849e-03 -2.13206896e-06 5.92493224e-09 -2.16469594e-05 -1.34699602e-08
0.4332532        1.55197517e-06 1.06877389e-03 -1.90128866e-06 1.54558043e-06 1.09041008e-03 -1.88726580e-06 6.39473850e-09 -2.16361836e-05 -1.40228634e-08
0.4339736        4.52487574e-06 1.29017792e-03 -5.48996447e-06 4.51665600e-06 1.31181615e-03 -5.47381792e-06 8.21974102e-09 -2.16382307e-05 -1.61465494e-08
0.434694         6.25858547e-06 9.52210431e-04 -7.31461072e-06 6.24772208e-06 9.73917884e-04 -7.29548029e-06 1.08633862e-08 -2.17074531e-05 -1.91304292e-08
0.4354144        2.74370428e-06 8.62502093e-04 -3.30767661e-06 2.73183058e-06 8.84278799e-04 -3.28737591e-06 1.18737004e-08 -2.17767058e-05 -2.03007002e-08
0.4361348        1.62897696e-06 1.26767630e-03 -1.99767078e-06 1.61661853e-06 1.28945436e-03 -1.97679515e-06 1.23584339e-08 -2.17780558e-05 -2.08756221e-08
0.4368552        6.33266838e-06 1.09102917e-03 -7.30841871e-06 6.31772418e-06 1.11280997e-03 -7.28462495e-06 1.49441990e-08 -2.17808002e-05 -2.37937595e-08
0.4375756        -2.82097557e-06 1.18836117e-03 2.91549755e-06 -2.83435055e-06 1.21006852e-03 2.93763045e-06 1.33749846e-08 -2.17073502e-05 -2.21328932e-08
0.438296         6.95163971e-07 1.36266362e-03 -1.04458101e-06 6.81733608e-07 1.38422729e-03 -1.02231766e-06 1.34303633e-08 -2.15636634e-05 -2.22633525e-08
0.4390164        9.82704412e-07 8.13901170e-04 -1.18381822e-06 9.69136065e-07 8.35589126e-04 -1.16140799e-06 1.35683472e-08 -2.16879563e-05 -2.24102326e-08
0.4397368        1.96106249e-06 1.08197106e-03 -2.57382356e-06 1.94702955e-06 1.10371502e-03 -2.55080207e-06 1.40329357e-08 -2.17439678e-05 -2.30214928e-08
0.4404572        1.50157595e-06 1.30090878e-03 -2.01547866e-06 1.48721275e-06 1.32262786e-03 -1.99199871e-06 1.43631947e-08 -2.17190828e-05 -2.34799480e-08
0.4411776        1.41570986e-06 1.57318932e-03 -1.92329603e-06 1.40102511e-06 1.59458779e-03 -1.89934380e-06 1.46847496e-08 -2.13984737e-05 -2.39522278e-08
0.441898         1.12642878e-06 8.92412048e-04 -1.46212193e-06 1.11155060e-06 9.13891557e-04 -1.43787104e-06 1.48781888e-08 -2.14795086e-05 -2.42508905e-08
0.4426184        4.08054447e-07 1.03466655e-03 -4.51236520e-07 3.93193966e-07 1.05616746e-03 -4.26954608e-07 1.48604805e-08 -2.15009089e-05 -2.42819119e-08
0.4433388        1.00691331e-06 1.42202321e-03 -1.34394966e-06 9.91823933e-07 1.44341404e-03 -1.31926598e-06 1.50893786e-08 -2.13908316e-05 -2.46836840e-08
0.4440592        -4.00718230e-06 1.05520760e-03 4.23486180e-06 -4.02024749e-06 1.07661287e-03 4.25750032e-06 1.30651932e-08 -2.14052702e-05 -2.26385162e-08
0.4447796        -8.50607075e-07 1.29272656e-03 1.33506518e-06 -8.63213092e-07 1.31406976e-03 1.35715771e-06 1.26060164e-08 -2.13432011e-05 -2.20925301e-08
0.4455           2.64517983e-06 1.42049300e-03 -3.52650521e-06 2.63162431e-06 1.44175769e-03 -3.50306489e-06 1.35555185e-08 -2.12646913e-05 -2.34403252e-08
0.4461864        1.04569832e-06 1.12242389e-03 -1.26721654e-06 1.03189982e-06 1.14372090e-03 -1.24340498e-06 1.37985054e-08 -2.12970038e-05 -2.38115585e-08
0.4468729        5.27170841e-06 1.23786713e-03 -6.68803849e-06 5.25593966e-06 1.25906609e-03 -6.66172176e-06 1.57687457e-08 -2.11989579e-05 -2.63167381e-08
0.4475593        1.31330936e-06 1.21751498e-03 -1.64516992e-06 1.29727278e-06 1.23859560e-03 -1.61843053e-06 1.60365765e-08 -2.10806203e-05 -2.67393917e-08
0.4482458        1.89667182e-06 1.18004969e-03 -2.64592538e-06 1.88016432e-06 1.20098814e-03 -2.61841191e-06 1.65074935e-08 -2.09384492e-05 -2.75134613e-08
0.4489199        -6.22462513e-07 1.41785824e-03 8.95432150e-07 -6.38426366e-07 1.43871410e-03 9.22360472e-07 1.59638533e-08 -2.08558541e-05 -2.69283224e-08
0.4495941        8.38070098e-07 1.38297874e-03 -1.21056479e-06 8.22093347e-07 1.40380423e-03 -1.18343720e-06 1.59767515e-08 -2.08254987e-05 -2.71275891e-08
0.4502683        2.88443894e-07 1.12876752e-03 6.21885114e-07 2.72565068e-07 1.14962832e-03 6.48712204e-07 1.58788259e-08 -2.08607992e-05 -2.68270909e-08
0.45093          3.34806086e-06 1.27643123e-03 -5.14858261e-06 3.33121252e-06 1.29719856e-03 -5.12013608e-06 1.68483339e-08 -2.07673281e-05 -2.84465290e-08
0.4515917        1.26886874e-06 1.30323728e-03 -1.32027124e-06 1.25185394e-06 1.32389054e-03 -1.29156349e-06 1.70148076e-08 -2.06532640e-05 -2.87077431e-08
0.4522534        1.87522110e-06 1.18186719e-03 -2.75557518e-06 1.85779400e-06 1.20241842e-03 -2.72613344e-06 1.74271033e-08 -2.05512240e-05 -2.94417404e-08
0.4529151        1.67243911e-06 1.44414657e-03 -2.29503535e-06 1.65477980e-06 1.46454244e-03 -2.26513261e-06 1.76593113e-08 -2.03958633e-05 -2.99027375e-08
0.4535638        1.99845162e-06 1.53942648e-03 -2.56379919e-06 1.98045719e-06 1.55965486e-03 -2.53336301e-06 1.79944310e-08 -2.02283822e-05 -3.04361816e-08
0.4542125        7.17139972e-07 1.23660917e-03 -1.22624921e-06 6.99362950e-07 1.25673527e-03 -1.19585830e-06 1.77770221e-08 -2.01261095e-05 -3.03909084e-08
0.4548483        7.98657935e-07 1.23900290e-03 -1.18018130e-06 7.81039597e-07 1.25914996e-03 -1.14983699e-06 1.76183386e-08 -2.01470538e-05 -3.03443090e-08
0.455484         9.76013696e-07 1.24581665e-03 -1.55083881e-06 9.58496382e-07 1.26601887e-03 -1.52043495e-06 1.75173134e-08 -2.02022198e-05 -3.04038582e-08
0.4561198        4.56442711e-06 1.67047395e-03 -5.88022487e-06 4.54557215e-06 1.69028053e-03 -5.84805928e-06 1.88549620e-08 -1.98065822e-05 -3.21655873e-08
0.4567423        2.28196915e-06 1.34437881e-03 -3.29243762e-06 2.26274390e-06 1.36410391e-03 -3.25957886e-06 1.92252447e-08 -1.97251052e-05 -3.28587634e-08
0.4573648        2.76486820e-06 9.26062842e-04 -3.96930994e-06 2.74512387e-06 9.46037948e-04 -3.93553923e-06 1.97443274e-08 -1.99751065e-05 -3.37707145e-08
0.4579873        -3.73258639e-07 1.53278020e-03 2.93790560e-07 -3.92350502e-07 1.55247112e-03 3.26925519e-07 1.90918631e-08 -1.96909275e-05 -3.31349585e-08
0.4586098        5.11038559e-07 1.55073587e-03 -5.97022404e-07 4.92268763e-07 1.57016499e-03 -5.64178844e-07 1.87697958e-08 -1.94291197e-05 -3.28435608e-08
0.4592185        3.26623876e-07 1.34304371e-03 -3.39726410e-07 3.08245981e-07 1.36246217e-03 -3.07256942e-07 1.83778954e-08 -1.94184582e-05 -3.24694682e-08
0.4598272        2.29399338e-06 1.29828597e-03 -3.32212084e-06 2.27534957e-06 1.31764674e-03 -3.28906117e-06 1.86438120e-08 -1.93607675e-05 -3.30596761e-08
0.4604358        7.88500672e-07 1.30894084e-03 -1.05800118e-06 7.70142322e-07 1.32822330e-03 -1.02513278e-06 1.83583503e-08 -1.92824535e-05 -3.28683966e-08
0.4610445        9.30854310e-07 1.36227299e-03 -1.26998088e-06 9.12724597e-07 1.38150969e-03 -1.23723018e-06 1.81297134e-08 -1.92366987e-05 -3.27507036e-08
0.4616387        1.01632258e-06 1.39132450e-03 -1.44303386e-06 9.98378906e-07 1.41049314e-03 -1.41034050e-06 1.79436711e-08 -1.91686425e-05 -3.26933585e-08
0.4622329        3.49208639e-06 1.37390526e-03 -4.61496014e-06 3.47351937e-06 1.39286484e-03 -4.58131799e-06 1.85670242e-08 -1.89595811e-05 -3.36421499e-08
0.462827         2.00791757e-06 1.53863664e-03 -2.96240267e-06 1.98924981e-06 1.55745071e-03 -2.92841151e-06 1.86677599e-08 -1.88140701e-05 -3.39911604e-08
0.4634212        9.97720841e-07 1.68226780e-03 -1.57005650e-06 9.79315279e-07 1.70098863e-03 -1.53621010e-06 1.84055618e-08 -1.87208268e-05 -3.38463998e-08
0.4640154        1.03193369e-06 1.21992075e-03 -1.61305702e-06 1.01375962e-06 1.23855272e-03 -1.57932930e-06 1.81740727e-08 -1.86319690e-05 -3.37277237e-08
0.4646096        7.59754902e-07 1.18716644e-03 -1.12189424e-06 7.41896061e-07 1.20570040e-03 -1.08842317e-06 1.78588413e-08 -1.85339618e-05 -3.34710695e-08
0.4652037        -2.10261054e-06 1.37644606e-03 2.77591197e-06 -2.11918260e-06 1.39497407e-03 2.80781354e-06 1.65720583e-08 -1.85280147e-05 -3.19015602e-08
0.4657814        3.19599233e-06 1.48045075e-03 -4.65722517e-06 3.17887393e-06 1.49887093e-03 -4.62441230e-06 1.71183946e-08 -1.84201710e-05 -3.28128786e-08
0.4663591        -4.37085118e-06 1.71337634e-03 6.89924938e-06 -4.38599085e-06 1.73152808e-03 6.92936445e-06 1.51396704e-08 -1.81517339e-05 -3.01150668e-08
0.4669368        1.90992110e-06 1.34592957e-03 -3.93959441e-06 1.89464994e-06 1.36399826e-03 -3.90886577e-06 1.52711612e-08 -1.80686840e-05 -3.07286378e-08
0.4675144        2.05338844e-06 1.17860119e-03 -3.19358215e-06 2.03793013e-06 1.19663307e-03 -3.16239687e-06 1.54583104e-08 -1.80318808e-05 -3.11852826e-08
0.4680921        2.59993376e-06 1.40785101e-03 -4.23009340e-06 2.58410632e-06 1.42572720e-03 -4.19815265e-06 1.58274407e-08 -1.78761867e-05 -3.19407466e-08
0.4686698        2.00971201e-06 1.45055881e-03 -3.15720784e-06 1.99364985e-06 1.46829527e-03 -3.12481586e-06 1.60621592e-08 -1.77364662e-05 -3.23919768e-08
0.4692475        1.60837321e-06 1.76687096e-03 -2.32744493e-06 1.59216750e-06 1.78452461e-03 -2.29484769e-06 1.62057110e-08 -1.76536530e-05 -3.25972455e-08
0.4698059        1.14959478e-06 1.46790301e-03 -1.62910315e-06 1.13341406e-06 1.48551398e-03 -1.59653003e-06 1.61807227e-08 -1.76109732e-05 -3.25731200e-08
0.4703643        5.15130316e-07 7.74763683e-04 -6.26269735e-07 4.99167853e-07 7.92417600e-04 -5.94014410e-07 1.59624630e-08 -1.76539168e-05 -3.22553248e-08
0.4709227        -2.25572034e-06 1.41006189e-03 3.42192469e-06 -2.27059605e-06 1.42758202e-03 3.45265417e-06 1.48757063e-08 -1.75201304e-05 -3.07294778e-08
0.4714811        3.75383416e-06 1.85537825e-03 -5.26090694e-06 3.73822534e-06 1.87266863e-03 -5.22910790e-06 1.56088211e-08 -1.72903770e-05 -3.17990337e-08
0.4720396        9.15830738e-07 1.51144697e-03 -1.41363134e-06 9.00410163e-07 1.52861488e-03 -1.38200893e-06 1.54205753e-08 -1.71679064e-05 -3.16224080e-08
0.472598         1.03479807e-06 1.39350397e-03 -1.51810171e-06 1.01955255e-06 1.41056558e-03 -1.48667089e-06 1.52455201e-08 -1.70616135e-05 -3.14308202e-08
0.4731564        -1.67136901e-06 1.30299795e-03 3.41461102e-06 -1.68566609e-06 1.32002802e-03 3.44455747e-06 1.42970825e-08 -1.70300667e-05 -2.99464496e-08
0.4737148        4.32680425e-06 1.28730506e-03 -7.07534531e-06 4.31158387e-06 1.30427576e-03 -7.04380668e-06 1.52203729e-08 -1.69706947e-05 -3.15386308e-08
0.4742732        2.41792353e-06 1.56944939e-03 -3.35782526e-06 2.40240307e-06 1.58613527e-03 -3.32582850e-06 1.55204685e-08 -1.66858830e-05 -3.19967584e-08
0.4748316        1.51174044e-06 1.50952978e-03 -1.94056704e-06 1.49629256e-06 1.52606161e-03 -1.90862264e-06 1.54478791e-08 -1.65318287e-05 -3.19444030e-08
0.4753901        2.26772063e-06 1.46482373e-03 -3.43200573e-06 2.25218440e-06 1.48142565e-03 -3.39975282e-06 1.55362328e-08 -1.66019227e-05 -3.22529146e-08
0.4759485        2.66429149e-06 1.41704951e-03 -3.83335979e-06 2.64858118e-06 1.43356275e-03 -3.80072916e-06 1.57103044e-08 -1.65132474e-05 -3.26306295e-08
0.4765069        -4.46231987e-07 1.26996742e-03 6.70061700e-07 -4.61240268e-07 1.28628912e-03 7.01786104e-07 1.50082809e-08 -1.63217047e-05 -3.17244047e-08
0.4770653        1.59903148e-06 1.48324216e-03 -2.31226838e-06 1.58411000e-06 1.49944841e-03 -2.28061340e-06 1.49214776e-08 -1.62062504e-05 -3.16549771e-08
0.4776237        1.64929209e-06 1.50451861e-03 -2.38932983e-06 1.63446494e-06 1.52064202e-03 -2.35779015e-06 1.48271545e-08 -1.61234120e-05 -3.15396804e-08
0.4781821        1.32477952e-06 1.46661028e-03 -1.98193353e-06 1.31013066e-06 1.48264685e-03 -1.95061296e-06 1.46488589e-08 -1.60365694e-05 -3.13205702e-08
0.4787406        1.09709879e-06 1.46835694e-03 -1.60090532e-06 1.08268895e-06 1.48430162e-03 -1.56990943e-06 1.44098325e-08 -1.59446741e-05 -3.09958890e-08
0.479299         1.08096548e-06 1.37316956e-03 -1.58413727e-06 1.06673398e-06 1.38896686e-03 -1.55336912e-06 1.42315000e-08 -1.57973004e-05 -3.07681572e-08
0.4798574        -2.50091584e-06 1.38129724e-03 2.46641469e-06 -2.51372173e-06 1.39697329e-03 2.49558717e-06 1.28058894e-08 -1.56760576e-05 -2.91724830e-08
0.4804158        2.94842723e-06 1.25125894e-03 -4.05067872e-06 2.93516800e-06 1.26693199e-03 -4.02093155e-06 1.32592316e-08 -1.56730508e-05 -2.97471714e-08
0.4809742        8.93198045e-07 1.42508363e-03 -1.24303479e-06 8.80172140e-07 1.44063740e-03 -1.21362839e-06 1.30259046e-08 -1.55537791e-05 -2.94063991e-08
0.4815327        7.92879260e-07 1.72969470e-03 -7.94638899e-07 7.80080311e-07 1.74499376e-03 -7.65666236e-07 1.27989489e-08 -1.52990627e-05 -2.89726626e-08
0.4820911        1.49993526e-06 1.32990625e-03 -1.88482889e-06 1.48706494e-06 1.34514771e-03 -1.85587026e-06 1.28703132e-08 -1.52414688e-05 -2.89586364e-08
0.4826495        1.70338609e-08 1.22972720e-03 7.77877230e-08 4.58035384e-09 1.24496909e-03 1.06126589e-07 1.24535070e-08 -1.52418979e-05 -2.83388659e-08
0.4832079        3.03290512e-07 1.34688018e-03 -3.69103838e-07 2.91174567e-07 1.36199671e-03 -3.41271926e-07 1.21159443e-08 -1.51165314e-05 -2.78319125e-08
0.4837663        8.95702506e-07 1.40988121e-03 -1.15741798e-06 8.83723860e-07 1.42484827e-03 -1.12982784e-06 1.19786465e-08 -1.49670581e-05 -2.75901419e-08
0.4843247        1.61830266e-06 1.49878605e-03 -2.36308640e-06 1.60621970e-06 1.51367098e-03 -2.33535563e-06 1.20829552e-08 -1.48849278e-05 -2.77307750e-08
0.4848832        3.54659255e-06 1.47733070e-03 -4.47329173e-06 3.53371350e-06 1.49212679e-03 -4.44468562e-06 1.28790555e-08 -1.47960888e-05 -2.86061089e-08
0.4854416        2.07683682e-06 1.40596414e-03 -2.74283128e-06 2.06367376e-06 1.42062561e-03 -2.71394587e-06 1.31630551e-08 -1.46614756e-05 -2.88854032e-08
0.486            1.44657484e-06 1.35278456e-03 -2.05259259e-06 1.43335255e-06 1.36731998e-03 -2.02368654e-06 1.32222892e-08 -1.45354237e-05 -2.89060484e-08
0.48654          9.09927018e-07 1.34704713e-03 -1.37190573e-06 8.96798165e-07 1.36144671e-03 -1.34317971e-06 1.31288537e-08 -1.43995734e-05 -2.87260295e-08
0.48708          2.11896831e-07 1.39980715e-03 9.98905911e-08 1.99052515e-07 1.41407962e-03 1.28046518e-07 1.28443161e-08 -1.42724736e-05 -2.81559268e-08
0.48762          1.87515972e-06 1.44982768e-03 -3.07628688e-06 1.86208764e-06 1.46395078e-03 -3.04782966e-06 1.30720821e-08 -1.41230978e-05 -2.84572187e-08
0.48816          1.10293925e-06 1.33982885e-03 -1.86493118e-06 1.08987320e-06 1.35390096e-03 -1.83651607e-06 1.30660505e-08 -1.40721074e-05 -2.84151018e-08
0.4887           2.84264758e-07 1.25329850e-03 -3.79517008e-07 2.71427018e-07 1.26738655e-03 -3.51519888e-07 1.28377403e-08 -1.40880453e-05 -2.79971204e-08
0.48924          3.11945862e-06 1.36312925e-03 -3.93738740e-06 3.10580572e-06 1.37701902e-03 -3.90851406e-06 1.36528975e-08 -1.38897686e-05 -2.88733401e-08
0.48978          2.03458311e-07 1.48008847e-03 -9.35818822e-07 1.89954865e-07 1.49372921e-03 -9.06964275e-07 1.35034461e-08 -1.36407380e-05 -2.88545468e-08
0.49032          7.46659691e-07 1.31096415e-03 -1.08132678e-06 7.33022543e-07 1.32458915e-03 -1.05228969e-06 1.36371479e-08 -1.36250020e-05 -2.90370807e-08
0.49086          5.65300490e-07 1.28933928e-03 -7.70978924e-07 5.51494499e-07 1.30295164e-03 -7.41705863e-07 1.38059906e-08 -1.36123570e-05 -2.92730614e-08
0.4914           3.93156014e-07 1.42204059e-03 -8.73005006e-07 3.79235397e-07 1.43551720e-03 -8.43519810e-07 1.39206176e-08 -1.34766116e-05 -2.94851961e-08
0.49194          1.26723243e-06 1.36973017e-03 -2.02234524e-06 1.25294614e-06 1.38308315e-03 -1.99233123e-06 1.42862896e-08 -1.33529878e-05 -3.00140120e-08
0.49248          1.77297393e-06 1.29130644e-03 -2.86628830e-06 1.75822380e-06 1.30455376e-03 -2.83560061e-06 1.47501274e-08 -1.32473212e-05 -3.06876865e-08
0.49302          4.65608233e-07 1.33066666e-03 -5.42132512e-07 4.50823269e-07 1.34377742e-03 -5.11495801e-07 1.47849639e-08 -1.31107658e-05 -3.06367112e-08
0.49356          3.29602870e-07 1.57067652e-03 -6.62671405e-07 3.14846045e-07 1.58351171e-03 -6.32106788e-07 1.47568257e-08 -1.28351835e-05 -3.05646171e-08
0.4941           2.39989222e-08 1.29106516e-03 -4.59297133e-07 9.40274093e-09 1.30380312e-03 -4.28932333e-07 1.45961813e-08 -1.27379591e-05 -3.03647994e-08
0.49464          1.01519979e-07 1.00121559e-03 -5.43420251e-07 8.70440082e-08 1.01404392e-03 -5.13260895e-07 1.44759705e-08 -1.28283272e-05 -3.01593561e-08
0.49518          -4.05049590e-06 1.21498855e-03 5.52829450e-06 -4.06357111e-06 1.22774493e-03 5.55642194e-06 1.30752095e-08 -1.27563753e-05 -2.81274379e-08
0.49572          2.22313271e-06 1.47196454e-03 -3.11872945e-06 2.20951571e-06 1.48458003e-03 -3.09001256e-06 1.36170035e-08 -1.26154941e-05 -2.87168937e-08
0.49626          2.77805482e-06 1.23692809e-03 -2.83140835e-06 2.76356160e-06 1.24939654e-03 -2.80195444e-06 1.44932166e-08 -1.24684568e-05 -2.94539064e-08
0.4968           -2.78522731e-06 1.17513159e-03 2.84820262e-06 -2.79868160e-06 1.18741645e-03 2.87649133e-06 1.34542938e-08 -1.22848595e-05 -2.82887142e-08
0.49734          9.40418524e-08 1.32855347e-03 -2.47448719e-07 8.06014413e-08 1.34070628e-03 -2.19254034e-07 1.34404110e-08 -1.21528047e-05 -2.81946853e-08
0.49788          -2.50445937e-06 1.36742292e-03 4.17324054e-06 -2.51713952e-06 1.37944611e-03 4.20012351e-06 1.26801437e-08 -1.20231901e-05 -2.68829715e-08
0.49842          -8.04255383e-07 1.25524750e-03 1.28103763e-06 -8.16686141e-07 1.26726147e-03 1.30746404e-06 1.24307577e-08 -1.20139707e-05 -2.64264151e-08
0.49896          8.83517158e-08 1.29428683e-03 1.97232099e-07 7.59199377e-08 1.30627862e-03 2.23497495e-07 1.24317780e-08 -1.19917912e-05 -2.62653961e-08
0.4995           3.18148638e-07 1.34423599e-03 -4.95391088e-07 3.05683167e-07 1.35590533e-03 -4.69168864e-07 1.24654703e-08 -1.16693436e-05 -2.62222239e-08
0.50004          7.85110730e-09 1.18748379e-03 -2.63934244e-07 -4.52881036e-09 1.19891995e-03 -2.37857208e-07 1.23799177e-08 -1.14361583e-05 -2.60770356e-08
0.50058          2.41360244e-07 1.01250173e-03 -3.86928145e-07 2.28935840e-07 1.02403206e-03 -3.60911203e-07 1.24244037e-08 -1.15303264e-05 -2.60169425e-08
0.50112          -3.30889173e-06 1.12554192e-03 3.12315008e-06 -3.32012431e-06 1.13702795e-03 3.14787548e-06 1.12325853e-08 -1.14860363e-05 -2.47254032e-08
0.50166          3.66892678e-06 1.55214192e-03 -5.15214086e-06 3.65649036e-06 1.56333059e-03 -5.12603918e-06 1.24364218e-08 -1.11886711e-05 -2.61016774e-08
0.5022           -7.70507629e-07 1.34601505e-03 1.15781485e-06 -7.82688826e-07 1.35704333e-03 1.18336409e-06 1.21811972e-08 -1.10282736e-05 -2.55492394e-08
0.50274          1.93498089e-07 9.97606582e-04 -1.87031661e-07 1.81267119e-07 1.00859279e-03 -1.61617525e-07 1.22309692e-08 -1.09862056e-05 -2.54141366e-08
0.50328          6.97762580e-08 1.08680331e-03 -1.66090144e-07 5.75531044e-08 1.09771976e-03 -1.40845837e-07 1.22231536e-08 -1.09164404e-05 -2.52443073e-08
0.50382          -2.64468836e-06 1.23642627e-03 3.93219527e-06 -2.65607226e-06 1.24725569e-03 3.95607370e-06 1.13838995e-08 -1.08294189e-05 -2.38784320e-08
0.50436          5.64248787e-06 1.18423510e-03 -8.04497716e-06 5.62940296e-06 1.19490936e-03 -8.01893492e-06 1.30849125e-08 -1.06742552e-05 -2.60422436e-08
0.5049           2.72995077e-07 1.14544859e-03 -3.88695544e-07 2.59894762e-07 1.15593852e-03 -3.62816554e-07 1.31003153e-08 -1.04899344e-05 -2.58789904e-08
0.50544          -9.02775256e-07 1.12961090e-03 7.42702528e-07 -9.15511332e-07 1.13992338e-03 7.68067544e-07 1.27360768e-08 -1.03124834e-05 -2.53650161e-08
0.50598          -3.80150562e-07 1.23390223e-03 3.52795080e-07 -3.92728747e-07 1.24401577e-03 3.77823615e-07 1.25781856e-08 -1.01135486e-05 -2.50285344e-08
0.50652          -1.72861116e-07 1.05458115e-03 1.03348578e-07 -1.85364494e-07 1.06470876e-03 1.28144090e-07 1.25033788e-08 -1.01276027e-05 -2.47955121e-08
0.50706          -1.96818429e-07 1.04144639e-03 1.90915816e-07 -2.09252504e-07 1.05158331e-03 2.15468975e-07 1.24340750e-08 -1.01369256e-05 -2.45531596e-08
0.5076           -2.32802726e-06 1.12827251e-03 3.45420025e-06 -2.33974400e-06 1.13821973e-03 3.47756935e-06 1.17167398e-08 -9.94721460e-06 -2.33691075e-08
0.50814          -9.58101896e-07 1.15789685e-03 1.44299562e-06 -9.69535390e-07 1.16766816e-03 1.46579838e-06 1.14334942e-08 -9.77130971e-06 -2.28027649e-08
0.50868          -2.79807636e-07 1.10652397e-03 6.41739095e-07 -2.91205673e-07 1.11611279e-03 6.64271924e-07 1.13980373e-08 -9.58882340e-06 -2.25328290e-08
0.50922          4.36762515e-07 1.09518374e-03 -2.54936376e-07 4.25159243e-07 1.10462080e-03 -2.32392244e-07 1.16032722e-08 -9.43706013e-06 -2.25441325e-08
0.50976          -1.60897305e-07 1.07359875e-03 7.66252767e-07 -1.72582126e-07 1.08297739e-03 7.88543026e-07 1.16848209e-08 -9.37863681e-06 -2.22902596e-08
0.5103           -5.77328565e-07 1.14617501e-03 5.15097805e-07 -5.88852049e-07 1.15542408e-03 5.37086818e-07 1.15234840e-08 -9.24906884e-06 -2.19890128e-08
0.51084          -1.72154518e-07 1.10549071e-03 -5.03405653e-10 -1.83643869e-07 1.11452730e-03 2.13335125e-08 1.14893517e-08 -9.03658991e-06 -2.18369182e-08
0.51138          6.75313971e-08 9.46155412e-04 -3.30792598e-07 5.60048861e-08 9.55096603e-04 -3.09017566e-07 1.15265110e-08 -8.94119078e-06 -2.17750314e-08
0.51192          5.95162543e-08 8.84363259e-04 -4.66376255e-07 4.79376644e-08 8.93290134e-04 -4.44616601e-07 1.15785899e-08 -8.92687512e-06 -2.17596542e-08
0.51246          1.52265367e-06 1.05931033e-03 -1.98452856e-06 1.51057045e-06 1.06807979e-03 -1.96229933e-06 1.20832230e-08 -8.76945469e-06 -2.22292299e-08
0.513            1.43955805e-06 1.08792701e-03 -3.00263654e-06 1.42693204e-06 1.09648457e-03 -2.97969912e-06 1.26260096e-08 -8.55755420e-06 -2.29374232e-08
0.51354          -1.37979360e-06 9.35119972e-04 1.74002869e-06 -1.39204441e-06 9.43610142e-04 1.76231122e-06 1.22508166e-08 -8.49017020e-06 -2.22825292e-08
0.51408          1.54506406e-06 8.85366213e-04 -1.72894905e-06 1.53221231e-06 8.93823720e-04 -1.70620475e-06 1.28517496e-08 -8.45750724e-06 -2.27442985e-08
0.51462          -1.55842630e-07 1.00334894e-03 -2.78514331e-08 -1.68665786e-07 1.01163015e-03 -5.25477412e-09 1.28231557e-08 -8.28120855e-06 -2.25966590e-08
0.51516          -2.56567594e-07 1.03044621e-03 -7.13037951e-08 -2.69335375e-07 1.03854606e-03 -4.88473689e-08 1.27677818e-08 -8.09984852e-06 -2.24564263e-08
0.5157           -1.26970471e-06 1.09703230e-03 1.43921970e-06 -1.28209112e-06 1.10494070e-03 1.46107891e-06 1.23864124e-08 -7.90839947e-06 -2.18592088e-08
0.51624          -4.00686111e-07 1.14838904e-03 2.14817587e-07 -4.12947933e-07 1.15611723e-03 2.36429682e-07 1.22618228e-08 -7.72818411e-06 -2.16120954e-08
0.51678          -6.95247739e-08 7.33503622e-04 -8.86548712e-08 -8.17670498e-08 7.41221873e-04 -6.72237968e-08 1.22422760e-08 -7.71825015e-06 -2.14310744e-08
0.51732          -1.73786121e-06 8.31898368e-04 2.44043981e-06 -1.74956666e-06 8.39539012e-04 2.46093359e-06 1.17054507e-08 -7.64064402e-06 -2.04937833e-08
0.51786          1.56336301e-06 9.34811197e-04 -2.91710001e-06 1.55115930e-06 9.42283214e-04 -2.89596400e-06 1.22037142e-08 -7.47201693e-06 -2.11360099e-08
0.5184           9.65183814e-08 9.25268242e-04 -4.42331975e-07 8.42628726e-08 9.32584460e-04 -4.21229397e-07 1.22555088e-08 -7.31621840e-06 -2.11025786e-08
0.51894          -4.32816797e-07 1.01944089e-03 3.70835716e-07 -4.44977231e-07 1.02654629e-03 3.91741287e-07 1.21604343e-08 -7.10540423e-06 -2.09055709e-08
0.51948          -1.38310172e-06 8.26544558e-04 1.82285168e-06 -1.39487310e-06 8.33564003e-04 1.84315858e-06 1.17713809e-08 -7.01944499e-06 -2.03068995e-08
0.52002          -5.56202401e-07 5.97882380e-04 5.82747568e-07 -5.67823897e-07 6.04926740e-04 6.02789142e-07 1.16214962e-08 -7.04436058e-06 -2.00415738e-08
0.52056          -6.04879033e-07 8.70399592e-04 6.78782898e-07 -6.16334069e-07 8.77297080e-04 6.98532700e-07 1.14550360e-08 -6.89748885e-06 -1.97498024e-08
0.5211           -3.00107620e-06 9.82380318e-04 3.72755896e-06 -3.01163306e-06 9.89079820e-04 3.74612120e-06 1.05568605e-08 -6.69950170e-06 -1.85622399e-08
0.52164          4.31721625e-06 8.65428185e-04 -5.61583531e-06 4.30528946e-06 8.71978186e-04 -5.59564638e-06 1.19267893e-08 -6.55000084e-06 -2.01889282e-08
0.52218          1.63399043e-07 8.49542363e-04 -3.09149929e-07 1.51418254e-07 8.55941105e-04 -2.88972101e-07 1.19807883e-08 -6.39874209e-06 -2.01778284e-08
0.52272          -8.04638563e-07 7.70586194e-04 9.08074014e-07 -8.16368538e-07 7.76939404e-04 9.27867702e-07 1.17299754e-08 -6.35321063e-06 -1.97936877e-08
0.52326          4.74893836e-07 7.29212590e-04 -7.72278685e-07 4.63043798e-07 7.35512480e-04 -7.52404858e-07 1.18500376e-08 -6.29988965e-06 -1.98738263e-08
0.5238           -9.99232174e-07 8.55874291e-04 1.13259198e-06 -1.01071873e-06 8.61917215e-04 1.15193284e-06 1.14865580e-08 -6.04292426e-06 -1.93408561e-08
0.52434          3.30145044e-07 8.47895930e-04 -4.39189717e-07 3.18618499e-07 8.53727666e-04 -4.19906751e-07 1.15265448e-08 -5.83173594e-06 -1.92829658e-08
0.52488          -1.34446648e-07 6.85642958e-04 1.26763489e-07 -1.45870350e-07 6.91444575e-04 1.45812285e-07 1.14237021e-08 -5.80161689e-06 -1.90487965e-08
0.52542          8.52774533e-07 7.22356120e-04 -1.50360961e-06 8.41153962e-07 7.28095926e-04 -1.48433878e-06 1.16205714e-08 -5.73980588e-06 -1.92708345e-08
0.52596          2.51033222e-07 8.06571987e-04 -5.85055681e-07 2.39434351e-07 8.12254211e-04 -5.65875073e-07 1.15988718e-08 -5.68222403e-06 -1.91806085e-08
0.5265           4.04837184e-07 7.47735646e-04 -8.19135537e-07 3.93212739e-07 7.53292290e-04 -7.99995693e-07 1.16244456e-08 -5.55664337e-06 -1.91398444e-08
0.5270704        -2.91417415e-07 7.17511540e-04 2.20280430e-07 -3.02829022e-07 7.22808506e-04 2.39043097e-07 1.14116067e-08 -5.29696575e-06 -1.87626665e-08
0.5276491        6.19392382e-08 7.62306776e-04 -4.51844041e-07 5.06590974e-08 7.67476253e-04 -4.33295360e-07 1.12801408e-08 -5.16947749e-06 -1.85486804e-08
0.5282278        5.77973059e-07 7.66922999e-04 -9.42492102e-07 5.66649302e-07 7.72041703e-04 -9.24012764e-07 1.13237571e-08 -5.11870454e-06 -1.84793376e-08
0.5288065        4.32082456e-07 5.50188103e-04 -7.07733115e-07 4.20757152e-07 5.55207905e-04 -6.89390644e-07 1.13253045e-08 -5.01980205e-06 -1.83424713e-08
0.5293852        1.86623875e-07 5.05138537e-04 -4.46708425e-07 1.75388115e-07 5.10050260e-04 -4.28597364e-07 1.12357608e-08 -4.91172301e-06 -1.81110615e-08
0.5299729        -1.67897481e-06 7.05600668e-04 2.84323734e-06 -1.68946698e-06 7.10347434e-04 2.86010048e-06 1.04921651e-08 -4.74676586e-06 -1.68631392e-08
0.5305606        1.80462605e-06 7.17323887e-04 -2.75653756e-06 1.79368229e-06 7.21918396e-04 -2.73917659e-06 1.09437605e-08 -4.59450862e-06 -1.73609716e-08
0.5311484        3.39699542e-07 6.56475922e-04 -6.28696909e-07 3.28828846e-07 6.60913721e-04 -6.11562081e-07 1.08706961e-08 -4.43779898e-06 -1.71348278e-08
0.5317361        -1.68009873e-06 5.37578570e-04 2.09891596e-06 -1.69019145e-06 5.41958159e-04 2.11492904e-06 1.00927220e-08 -4.37958930e-06 -1.60130831e-08
0.5323338        -3.00177313e-07 5.10059574e-04 5.36295156e-07 -3.09998512e-07 5.14429930e-04 5.51747751e-07 9.82119927e-09 -4.37035572e-06 -1.54525952e-08
0.5329315        4.88950102e-08 6.17232658e-04 -1.56433470e-07 3.92524625e-08 6.21360678e-04 -1.41355812e-07 9.64254777e-09 -4.12802007e-06 -1.50776575e-08
0.5335292        9.62664321e-07 6.21399372e-04 -1.49961505e-06 9.52899160e-07 6.25329298e-04 -1.48451131e-06 9.76516110e-09 -3.92992565e-06 -1.51037363e-08
0.5341377        1.40205243e-06 4.66377523e-04 -2.10832101e-06 1.39201798e-06 4.70317058e-04 -2.09300676e-06 1.00344467e-08 -3.93953516e-06 -1.53142516e-08
0.5347463        1.04671259e-06 5.80769558e-04 -1.47078088e-06 1.03652664e-06 5.84600185e-04 -1.45546398e-06 1.01859513e-08 -3.83062720e-06 -1.53169010e-08
0.5353549        5.45492113e-07 6.13778790e-04 -9.29268747e-07 5.35363206e-07 6.17445097e-04 -9.14164790e-07 1.01289071e-08 -3.66630654e-06 -1.51039572e-08
0.5359754        1.39109125e-06 5.23604400e-04 -1.96005122e-06 1.38069828e-06 5.27153259e-04 -1.94477924e-06 1.03929717e-08 -3.54885907e-06 -1.52719825e-08
0.5365959        1.14143864e-06 4.84740827e-04 -1.70241227e-06 1.13085353e-06 4.88166401e-04 -1.68703061e-06 1.05851159e-08 -3.42557341e-06 -1.53816628e-08
0.5372163        1.05595211e-06 6.22326602e-04 -1.67635481e-06 1.04519041e-06 6.25577738e-04 -1.66085354e-06 1.07616943e-08 -3.25113611e-06 -1.55012727e-08
0.5378368        -2.45020902e-06 4.00275350e-04 3.12337415e-06 -2.45992080e-06 4.03484081e-04 3.13743490e-06 9.71177922e-09 -3.20873071e-06 -1.40607536e-08
0.5384708        2.13129561e-06 2.66807039e-04 -3.06509223e-06 2.12096609e-06 2.70036015e-04 -3.05032859e-06 1.03295227e-08 -3.22897589e-06 -1.47636376e-08
0.5391048        4.92029097e-07 7.54879554e-04 -8.43267207e-07 4.81679793e-07 7.57776219e-04 -8.28585829e-07 1.03493047e-08 -2.89666472e-06 -1.46813781e-08
0.5397388        1.27544561e-07 5.67384478e-04 -1.98092148e-07 1.17306633e-07 5.70111692e-04 -1.83676354e-07 1.02379277e-08 -2.72721376e-06 -1.44157938e-08
0.5403728        -4.02936468e-07 2.00996389e-04 1.26410150e-07 -4.12908719e-07 2.03798894e-04 1.40489323e-07 9.97225076e-09 -2.80250561e-06 -1.40791727e-08
0.5410222        -1.07243193e-07 5.27912456e-04 1.15620350e-07 -1.17070371e-07 5.30477651e-04 1.29396867e-07 9.82717824e-09 -2.56519455e-06 -1.37765166e-08
0.5416717        9.53211513e-08 4.84470216e-04 -2.42162887e-07 8.55635210e-08 4.86829165e-04 -2.28564664e-07 9.75763028e-09 -2.35894898e-06 -1.35982223e-08
0.5423211        1.29487295e-06 2.18847727e-04 -1.28673676e-06 1.28470598e-06 2.21251079e-04 -1.27288670e-06 1.01669691e-08 -2.40335225e-06 -1.38500623e-08
0.5429705        -1.23633910e-06 4.28651132e-04 9.23996817e-07 -1.24594078e-06 4.30925491e-04 9.37279222e-07 9.60167403e-09 -2.27435942e-06 -1.32824045e-08
0.543638         -2.31439531e-06 4.93959087e-04 3.23202048e-06 -2.32301057e-06 4.96061800e-04 3.24394659e-06 8.61526613e-09 -2.10271269e-06 -1.19261024e-08
0.5443055        9.08667979e-07 3.61428132e-04 -1.43463821e-06 8.99791395e-07 3.63406220e-04 -1.42237490e-06 8.87658356e-09 -1.97808734e-06 -1.22633086e-08
0.544973         1.15795478e-06 4.20152888e-04 -1.71362281e-06 1.14872857e-06 4.21980702e-04 -1.70092786e-06 9.22620840e-09 -1.82781334e-06 -1.26949553e-08
0.5456405        -1.07097880e-07 4.35104976e-04 1.27076823e-07 -1.16156587e-07 4.36778990e-04 1.39534287e-07 9.05870680e-09 -1.67401341e-06 -1.24574647e-08
0.546308         5.43112750e-07 1.39526168e-04 -1.03056749e-06 5.33967056e-07 1.41132930e-04 -1.01793973e-06 9.14569420e-09 -1.60676197e-06 -1.26277585e-08
0.5469977        2.69763615e-08 2.14377025e-04 -1.32139844e-07 1.79562158e-08 2.15881512e-04 -1.19656431e-07 9.02014564e-09 -1.50448726e-06 -1.24834129e-08
0.5476874        7.48303940e-07 2.52860302e-04 -1.19032635e-06 7.39139296e-07 2.54246605e-04 -1.17759996e-06 9.16464451e-09 -1.38630318e-06 -1.27263923e-08
0.5483772        5.31220230e-07 3.05648928e-04 -8.35416306e-07 5.22014929e-07 3.06885313e-04 -8.22599220e-07 9.20530034e-09 -1.23638502e-06 -1.28170862e-08
0.5490669        8.54356114e-07 2.56256645e-04 -1.03877330e-06 8.44972235e-07 2.57440973e-04 -1.02577808e-06 9.38387913e-09 -1.18432777e-06 -1.29952221e-08
0.5497842        2.61538258e-07 2.47935260e-04 -4.18164789e-08 2.52252170e-07 2.49068760e-04 -2.90134309e-08 9.28608815e-09 -1.13350036e-06 -1.28030481e-08
0.5505016        -1.32754252e-07 2.82957964e-04 -9.14783227e-07 -1.41754882e-07 2.83834216e-04 -9.01926287e-07 9.00063085e-09 -8.76251965e-07 -1.28569397e-08
0.5512189        2.63871948e-07 2.21508414e-04 -2.45872275e-07 2.54932965e-07 2.22248077e-04 -2.33092972e-07 8.93898386e-09 -7.39663341e-07 -1.27793025e-08
0.5519362        -7.19928684e-07 2.01517844e-04 9.47074571e-07 -7.28415766e-07 2.02166300e-04 9.59338318e-07 8.48708211e-09 -6.48456540e-07 -1.22637464e-08
0.5526894        7.42259937e-07 2.38178153e-04 -9.18403273e-07 7.33601996e-07 2.38782213e-04 -9.05899559e-07 8.65794153e-09 -6.04060255e-07 -1.25037143e-08
0.5534426        6.74025425e-07 4.30431801e-05 -7.95929474e-07 6.65241976e-07 4.34794920e-05 -7.83219305e-07 8.78344851e-09 -4.36311890e-07 -1.27101693e-08
0.5541958        5.79457281e-07 2.98288131e-04 -6.39285377e-07 5.70569045e-07 2.98519460e-04 -6.26393709e-07 8.88823682e-09 -2.31329410e-07 -1.28916676e-08
0.554949         -1.03170512e-07 3.06983159e-04 -5.70368699e-08 -1.11868140e-07 3.07044096e-04 -4.41897630e-08 8.69762841e-09 -6.09370535e-08 -1.28471069e-08
0.5557022        1.76730012e-07 9.96722020e-06 -1.72735121e-07 1.68060651e-07 9.95859174e-06 -1.59831531e-07 8.66936075e-09 8.62846601e-09 -1.29035897e-08
0.5565091        2.19486595e-07 2.03093401e-04 -3.04844464e-07 2.10811455e-07 2.03023346e-04 -2.91800363e-07 8.67514048e-09 7.00547762e-08 -1.30441007e-08
0.5573161        3.04735238e-07 1.63340150e-04 -3.00667262e-07 2.95972885e-07 1.63079205e-04 -2.87422171e-07 8.76235282e-09 2.60945280e-07 -1.32450903e-08
0.5581231        -1.05802287e-07 1.44664810e-04 -1.75962950e-08 -1.14425882e-07 1.44197078e-04 -4.28559175e-09 8.62359504e-09 4.67731590e-07 -1.33107032e-08
0.5589301        1.22673912e-07 1.49209755e-04 -1.28045959e-07 1.14048688e-07 1.48596775e-04 -1.14591568e-07 8.62522356e-09 6.12980464e-07 -1.34543911e-08
0.5597371        -2.71095111e-07 -5.21957438e-05 6.21987472e-07 -2.79616275e-07 -5.28796115e-05 6.35337582e-07 8.52116408e-09 6.83867645e-07 -1.33501099e-08
0.5605441        -5.31655234e-07 1.26469133e-04 8.35139333e-07 -5.39879667e-07 1.25621080e-04 8.48301646e-07 8.22443337e-09 8.48053049e-07 -1.31623122e-08
0.5613511        3.05759449e-07 1.35791832e-04 -8.58168363e-07 2.97357884e-07 1.34786716e-04 -8.44498648e-07 8.40156420e-09 1.00511581e-06 -1.36697153e-08
0.5621581        -2.01201622e-07 1.03914601e-04 1.77876945e-07 -2.09568765e-07 1.02773329e-04 1.91670693e-07 8.36714299e-09 1.14127142e-06 -1.37937479e-08
0.5631265        -2.33784498e-07 6.35092955e-05 2.61159322e-07 -2.42103096e-07 6.22118184e-05 2.75055983e-07 8.31859823e-09 1.29747708e-06 -1.38966609e-08
0.5640948        -1.73798741e-07 1.09855060e-04 2.03555373e-07 -1.82130596e-07 1.08269894e-04 2.17613867e-07 8.33185469e-09 1.58516639e-06 -1.40584940e-08
0.5650632        -2.64725829e-07 -1.17923691e-04 3.28401840e-07 -2.73041611e-07 -1.19512206e-04 3.42602497e-07 8.31578207e-09 1.58851547e-06 -1.42006570e-08
0.5660316        1.40161248e-06 -1.26598626e-04 -8.86101946e-07 1.39221432e-06 -1.28386601e-04 -8.70967397e-07 9.39816802e-09 1.78797548e-06 -1.51345488e-08
0.567            -1.07342629e-07 1.31413026e-04 2.11697900e-07 -1.16812626e-07 1.29487328e-04 2.27063533e-07 9.46999707e-09 1.92569831e-06 -1.53656323e-08
0.5679878        -1.84955811e-07 -1.34074026e-04 2.28282589e-07 -1.94457555e-07 -1.36183793e-04 2.43887096e-07 9.50174484e-09 2.10976687e-06 -1.56045067e-08
0.5690009        -1.28565505e-06 1.19847427e-05 1.04815819e-06 -1.29442124e-06 9.58320341e-06 1.06343957e-06 8.76619041e-09 2.40153933e-06 -1.52813788e-08
0.5700415        4.13293270e-08 -1.49934839e-04 -7.69438119e-08 3.24389004e-08 -1.52328694e-04 -6.13185018e-08 8.89042660e-09 2.39385488e-06 -1.56253100e-08
0.5711117        -5.64051305e-07 -2.89565875e-05 6.41845994e-07 -5.72680138e-07 -3.16367332e-05 6.57368754e-07 8.62883331e-09 2.68014576e-06 -1.55227596e-08
0.5722144        -2.72785431e-07 -5.76070203e-05 2.32988603e-07 -2.81285841e-07 -6.03705417e-05 2.48611879e-07 8.50040959e-09 2.76352145e-06 -1.56232761e-08
0.5733526        2.78677202e-08 -6.70617001e-05 -5.18127947e-09 1.92608204e-08 -7.01738124e-05 1.07333200e-08 8.60689985e-09 3.11211225e-06 -1.59145995e-08
0.5745301        1.05816062e-07 -1.69300613e-04 -2.68805940e-07 9.71529508e-08 -1.72470902e-04 -2.52542889e-07 8.66311068e-09 3.17028907e-06 -1.62630511e-08
0.5757512        -6.80439684e-08 -8.33121487e-05 -1.26797851e-08 -7.66729331e-08 -8.67510598e-05 3.76296169e-09 8.62896471e-09 3.43891106e-06 -1.64427468e-08
0.5769271        -1.38564480e-06 -1.23123389e-04 1.26389398e-06 -1.39331751e-06 -1.26731715e-04 1.27965083e-06 7.67271421e-09 3.60832606e-06 -1.57568542e-08
0.5780594        1.11994848e-06 -1.46222447e-04 -1.11084496e-06 1.11140665e-06 -1.50082277e-04 -1.09416783e-06 8.54182867e-09 3.85982994e-06 -1.66771317e-08
0.5791498        -1.56383335e-08 -2.45736380e-04 -1.73214375e-09 -2.43252447e-08 -2.49722569e-04 1.51583907e-08 8.68691123e-09 3.98618898e-06 -1.68905344e-08
0.5802402        -1.35250846e-07 -1.87208190e-04 -3.63359715e-08 -1.44001716e-07 -1.91430568e-04 -1.92608783e-08 8.75087030e-09 4.22237832e-06 -1.70750932e-08
0.5812887        4.14553480e-07 -1.72766321e-04 -5.08484249e-07 4.05435443e-07 -1.77155069e-04 -4.91008731e-07 9.11803656e-09 4.38874786e-06 -1.74755183e-08
0.5822968        -1.23722880e-07 -2.06556143e-04 -8.00058172e-09 -1.32898601e-07 -2.11080486e-04 9.55599862e-09 9.17572175e-09 4.52434286e-06 -1.75565803e-08
0.5833049        -4.72360691e-07 -2.10656924e-04 3.69954797e-07 -4.81398515e-07 -2.15432108e-04 3.87365448e-07 9.03782411e-09 4.77518380e-06 -1.74106511e-08
0.5842727        5.99587212e-08 -2.48169773e-04 -1.98057269e-07 5.06874198e-08 -2.53148549e-04 -1.80437617e-07 9.27130135e-09 4.97877585e-06 -1.76196513e-08
0.5852405        -6.64489449e-08 -2.16895668e-04 -7.71898549e-08 -7.57629042e-08 -2.22016858e-04 -5.95606064e-08 9.31395930e-09 5.12118966e-06 -1.76292485e-08
0.586168         -7.93702459e-07 -2.81257290e-04 6.00634683e-07 -8.02667724e-07 -2.86475161e-04 6.17903824e-07 8.96526549e-09 5.21787079e-06 -1.72691410e-08
0.5870955        5.62717147e-08 -2.66563451e-04 -1.44869141e-07 4.71919895e-08 -2.72003857e-04 -1.27585633e-07 9.07972522e-09 5.44040613e-06 -1.72835081e-08
0.5879826        -4.00195060e-07 -2.93681601e-04 3.42708468e-07 -4.09136074e-07 -2.99313603e-04 3.59772665e-07 8.94101381e-09 5.63200237e-06 -1.70641969e-08
0.5888312        3.74113012e-07 -3.13355965e-04 -5.00000562e-07 3.64939155e-07 -3.19109822e-04 -4.82757820e-07 9.17385660e-09 5.75385660e-06 -1.72427426e-08
0.5896798        3.58297399e-07 -3.23674508e-04 -5.18911884e-07 3.48859120e-07 -3.29567515e-04 -5.01487318e-07 9.43827949e-09 5.89300665e-06 -1.74245667e-08
0.5904898        3.37978819e-08 -3.05613481e-04 -1.53899029e-07 2.42471080e-08 -3.11701338e-04 -1.36470819e-07 9.55077391e-09 6.08785636e-06 -1.74282106e-08
0.591263         2.66013204e-07 -2.15094469e-04 -4.46991599e-07 2.56239041e-07 -2.21414295e-04 -4.29412102e-07 9.77416297e-09 6.31982643e-06 -1.75794967e-08
0.5920362        5.33371958e-08 -3.55397947e-04 -9.63796348e-08 4.34002776e-08 -3.61760792e-04 -7.87738800e-08 9.93691827e-09 6.36284494e-06 -1.76057548e-08
0.5928094        -6.43409327e-08 -3.62400156e-04 -7.64351913e-08 -7.44235874e-08 -3.68920497e-04 -5.87944549e-08 1.00826547e-08 6.52034087e-06 -1.76407363e-08
0.5935439        -8.02639074e-07 -3.91387876e-04 6.84126765e-07 -8.12570924e-07 -3.98061329e-04 7.01505484e-07 9.93184934e-09 6.67345318e-06 -1.73787189e-08
0.5942784        -7.91069386e-07 -3.92147288e-04 8.89748180e-07 -8.00863975e-07 -3.98953982e-04 9.06806580e-07 9.79458855e-09 6.80669379e-06 -1.70584000e-08
0.5949743        -3.43872361e-08 -2.49692470e-04 -2.15428938e-08 -4.43576746e-08 -2.56724963e-04 -4.44065491e-09 9.97043845e-09 7.03249297e-06 -1.71022389e-08
0.5956702        -3.60305856e-07 -3.86968230e-04 2.10283544e-07 -3.70335308e-07 -3.94076676e-04 2.27353890e-07 1.00294518e-08 7.10844592e-06 -1.70703465e-08
0.5963661        -5.40651177e-07 -4.05464614e-04 3.04279316e-07 -5.50636087e-07 -4.12638357e-04 3.21229721e-07 9.98490952e-09 7.17374371e-06 -1.69504054e-08
0.597021         -1.79474347e-07 -2.76407596e-04 8.62919468e-08 -1.89558784e-07 -2.83797617e-04 1.03170710e-07 1.00844368e-08 7.39002185e-06 -1.68787637e-08
0.5976759        -1.58496903e-07 -4.08869039e-04 -4.37714867e-09 -1.68683902e-07 -4.16375235e-04 1.24628879e-08 1.01869989e-08 7.50619563e-06 -1.68400365e-08
0.5983309        -1.44415387e-07 -4.38942281e-04 2.87992283e-08 -1.54697433e-07 -4.46557152e-04 4.55656291e-08 1.02820458e-08 7.61487018e-06 -1.67664008e-08
0.5989858        -9.67151867e-07 -2.98432261e-04 7.13810083e-07 -9.77250317e-07 -3.06239107e-04 7.30265128e-07 1.00984496e-08 7.80684555e-06 -1.64550450e-08
0.5996407        -3.50931617e-07 -3.31729165e-04 2.23219627e-07 -3.61104832e-07 -3.39689407e-04 2.39557609e-07 1.01732156e-08 7.96024195e-06 -1.63379816e-08
0.6002453        -1.64967667e-07 -3.72788811e-04 1.25292585e-07 -1.75314378e-07 -3.80885640e-04 1.41559219e-07 1.03467110e-08 8.09682983e-06 -1.62666341e-08
0.6008499        -2.00613249e-06 -5.30023772e-04 1.75726617e-06 -2.01603986e-06 -5.38222353e-04 1.77292689e-06 9.90736867e-09 8.19858018e-06 -1.56607153e-08
0.6014544        1.54428448e-06 -4.20803960e-04 -1.37384009e-06 1.53357702e-06 -4.29137453e-04 -1.35776776e-06 1.07074664e-08 8.33349247e-06 -1.60723325e-08
0.602059         -2.04959623e-07 -1.99143146e-04 2.05336120e-07 -2.15867318e-07 -2.07681039e-04 2.21301602e-07 1.09076948e-08 8.53789327e-06 -1.59654821e-08
0.6026635        -3.13334591e-07 -4.31018130e-04 3.45634402e-07 -3.24489420e-07 -4.39621443e-04 3.61530921e-07 1.11548290e-08 8.60331294e-06 -1.58965198e-08
0.6032681        -8.38162489e-07 -5.13740098e-04 8.37605386e-07 -8.49401708e-07 -5.22371242e-04 8.53298504e-07 1.12392194e-08 8.63114435e-06 -1.56931185e-08
0.6038727        -2.86294309e-07 -4.24811678e-04 3.87927154e-07 -2.97834077e-07 -4.33648606e-04 4.03587299e-07 1.15397675e-08 8.83692869e-06 -1.56601449e-08
0.6044772        -3.95926125e-07 -4.32384229e-04 4.75269946e-07 -4.07726015e-07 -4.41393512e-04 4.90880114e-07 1.17998904e-08 9.00928381e-06 -1.56101672e-08
0.6050818        -1.09824443e-06 -4.05985034e-04 9.38562577e-07 -1.11001781e-06 -4.15149275e-04 9.53961764e-07 1.17733773e-08 9.16424109e-06 -1.53991873e-08
0.6056863        3.14090043e-06 -4.10927242e-04 -1.47704509e-06 3.12748354e-06 -4.20171122e-04 -1.46093593e-06 1.34168927e-08 9.24388038e-06 -1.61091567e-08
0.6062909        -4.22759580e-06 -4.20412657e-04 3.91410339e-06 -4.23995126e-06 -4.29702888e-04 3.92909504e-06 1.23554601e-08 9.29023097e-06 -1.49916449e-08
0.6068954        8.18381287e-07 -4.43082461e-04 -4.82120827e-07 8.05366029e-07 -4.52594674e-04 -4.66786135e-07 1.30152584e-08 9.51221372e-06 -1.53346915e-08
0.6075           -2.77386886e-08 -4.63572292e-04 3.30192100e-07 -4.10587640e-08 -4.73266683e-04 3.45579763e-07 1.33200755e-08 9.69439054e-06 -1.53876632e-08
0.6080473        2.71201058e-07 -5.22228474e-04 2.02841754e-07 2.57482044e-07 -5.32004294e-04 2.18333723e-07 1.37190137e-08 9.77581952e-06 -1.54919695e-08
0.6085946        2.34582561e-06 -4.10806942e-04 -1.69557893e-06 2.33103446e-06 -4.20728348e-04 -1.67941678e-06 1.47911424e-08 9.92140629e-06 -1.61621479e-08
0.6091344        -1.90759325e-06 -3.08566166e-04 1.22920301e-06 -1.92202438e-06 -3.18676424e-04 1.24511751e-06 1.44311315e-08 1.01102577e-05 -1.59144974e-08
0.6096742        -9.65034296e-07 -3.98364104e-04 9.49885715e-07 -9.79483850e-07 -4.08591959e-04 9.65698762e-07 1.44495545e-08 1.02278552e-05 -1.58130469e-08
0.6102065        -2.04354669e-09 -5.56888286e-04 3.98562244e-07 -1.68346283e-08 -5.67196175e-04 4.14459758e-07 1.47910816e-08 1.03078888e-05 -1.58975137e-08
0.6107388        8.10953807e-08 -3.84112204e-04 3.87838321e-07 6.59606991e-08 -3.94578118e-04 4.03792893e-07 1.51346816e-08 1.04659147e-05 -1.59545722e-08
0.6112636        1.70148414e-07 -3.43507142e-04 3.87749436e-07 1.54681956e-07 -3.54145582e-04 4.03732159e-07 1.54664572e-08 1.06384393e-05 -1.59827232e-08
0.6117884        2.47807268e-07 -5.08327317e-04 4.38841159e-07 2.32006524e-07 -5.19059332e-04 4.54825407e-07 1.58007442e-08 1.07320147e-05 -1.59842485e-08
0.6123132        2.61557148e-07 -5.39922112e-04 2.80683369e-07 2.45437509e-07 -5.50744165e-04 2.96699529e-07 1.61196391e-08 1.08220527e-05 -1.60161600e-08
0.6128304        3.72940574e-07 -5.64400549e-04 5.21278195e-07 3.56410928e-07 -5.75327171e-04 5.37310403e-07 1.65296461e-08 1.09266220e-05 -1.60322082e-08
0.6133476        -4.27113678e-07 -5.61585193e-04 1.18479936e-06 -4.43854404e-07 -5.72621011e-04 1.20069172e-06 1.67407261e-08 1.10358179e-05 -1.58923608e-08
0.6138572        4.49162366e-06 -3.00893998e-04 -3.32938578e-06 4.47321078e-06 -3.12171520e-04 -3.31240034e-06 1.84128770e-08 1.12775216e-05 -1.69854425e-08
0.6143668        9.72040915e-07 -3.06890737e-04 -2.63054108e-07 9.52980552e-07 -3.18390362e-04 -2.45816778e-07 1.90603629e-08 1.14996253e-05 -1.72373308e-08
0.6148764        1.20651435e-06 -5.89334030e-04 -4.32156184e-07 1.18671866e-06 -6.00920728e-04 -4.14612163e-07 1.97956889e-08 1.15866979e-05 -1.75440210e-08
0.6153783        1.91216234e-07 -5.85424702e-04 4.42311815e-09 1.71079537e-07 -5.97110602e-04 2.21014880e-08 2.01366964e-08 1.16858994e-05 -1.76783698e-08
0.6158801        1.94971645e-06 -4.36011397e-04 -7.53375445e-07 1.92865311e-06 -4.47829822e-04 -7.35332723e-07 2.10633358e-08 1.18184257e-05 -1.80427221e-08
0.616382         1.32140754e-06 -4.65295606e-04 -5.76062092e-07 1.29970953e-06 -4.77239378e-04 -5.57766245e-07 2.16980045e-08 1.19437722e-05 -1.82958474e-08
0.616876         8.32463983e-07 -4.73816054e-04 -1.03403171e-07 8.10312122e-07 -4.85901582e-04 -8.50030285e-08 2.21518617e-08 1.20855282e-05 -1.84001424e-08
0.6173701        -5.84402762e-06 -4.75894911e-04 4.80246219e-06 -5.86470484e-06 -4.88120150e-04 4.81962709e-06 2.06772137e-08 1.22252392e-05 -1.71649013e-08
0.6178641        -1.11983396e-07 -4.99299681e-04 7.31910145e-07 -1.32804793e-07 -5.11634846e-04 7.48942715e-07 2.08213969e-08 1.23351649e-05 -1.70325696e-08
0.6183581        6.06890186e-08 -4.64934083e-04 6.82770205e-07 3.97168386e-08 -4.77378321e-04 6.99661559e-07 2.09721801e-08 1.24442386e-05 -1.68913538e-08
0.6188522        1.03377371e-07 -5.15254253e-04 8.01625883e-07 8.22829914e-08 -5.27886547e-04 8.18318880e-07 2.10943791e-08 1.26322937e-05 -1.66929967e-08
0.619338         -1.25789939e-06 -5.33576590e-04 1.79739478e-06 -1.27872280e-06 -5.46406048e-04 1.81362235e-06 2.08234070e-08 1.28294578e-05 -1.62275664e-08
0.6198238        -3.99726729e-07 -5.16020901e-04 1.41050596e-06 -4.20528998e-07 -5.28963820e-04 1.42640809e-06 2.08022697e-08 1.29429189e-05 -1.59021305e-08
0.6203096        -1.62230689e-07 -5.42655309e-04 9.99168383e-07 -1.83073193e-07 -5.55692153e-04 1.01483555e-06 2.08425034e-08 1.30368445e-05 -1.56671702e-08
0.6207954        -7.98245276e-08 -4.20654112e-04 7.87317153e-07 -1.00714430e-07 -4.33856278e-04 8.02795440e-07 2.08899022e-08 1.32021659e-05 -1.54782873e-08
0.6212812        6.24609991e-07 -3.65621992e-04 1.43517309e-07 6.03524481e-07 -3.79015887e-04 1.58940589e-07 2.10855105e-08 1.33938946e-05 -1.54232794e-08
0.6217583        1.73886032e-06 -5.03987262e-04 -2.51484273e-07 1.71727039e-06 -5.17499109e-04 -2.35988137e-07 2.15899285e-08 1.35118469e-05 -1.54961356e-08
0.6222354        5.96031366e-07 -5.55466434e-04 2.08625588e-07 5.74258663e-07 -5.69053221e-04 2.24064831e-07 2.17727040e-08 1.35867874e-05 -1.54392427e-08
0.6227125        -2.25112699e-08 -5.53150260e-04 1.04046619e-06 -4.43130009e-08 -5.66886948e-04 1.05567647e-06 2.18017311e-08 1.37366877e-05 -1.52102865e-08
0.6231896        5.16927845e-06 -5.95695499e-04 -3.08348412e-06 5.14598119e-06 -6.09633967e-04 -3.06745657e-06 2.32972622e-08 1.39384685e-05 -1.60275509e-08
0.6236668        -1.88101308e-06 -5.15721008e-04 1.37240478e-06 -1.90371238e-06 -5.29820570e-04 1.38802671e-06 2.26993024e-08 1.40995628e-05 -1.56219229e-08
0.6241439        4.50430125e-07 -4.11344385e-04 9.37089162e-08 4.27591763e-07 -4.25573505e-04 1.09300299e-07 2.28383626e-08 1.42291200e-05 -1.55913827e-08
0.624621         3.89111844e-07 -4.52643643e-04 2.86357497e-07 3.66108536e-07 -4.67021653e-04 3.01895229e-07 2.30033080e-08 1.43780094e-05 -1.55377324e-08
0.6250886        2.47627113e-06 -4.45638232e-04 -1.01630566e-06 2.45255340e-06 -4.60188264e-04 -1.00045909e-06 2.37177294e-08 1.45500319e-05 -1.58465713e-08
0.6255562        -6.14218788e-07 -4.38392581e-04 1.25214502e-06 -6.37854330e-07 -4.53096448e-04 1.26773757e-06 2.36355417e-08 1.47038664e-05 -1.55925459e-08
0.6260238        5.74699612e-06 -4.42432309e-04 -4.80280013e-06 5.72174772e-06 -4.57265500e-04 -4.78598833e-06 2.52483965e-08 1.48331908e-05 -1.68117950e-08
0.6264913        -4.28704560e-06 -4.58242328e-04 4.86060415e-06 -4.31130889e-06 -4.73211332e-04 4.87633179e-06 2.42632930e-08 1.49690040e-05 -1.57276413e-08
0.6269589        2.58575312e-07 -6.41380242e-04 7.59430280e-07 2.34080858e-07 -6.56513486e-04 7.75095049e-07 2.44944537e-08 1.51332445e-05 -1.56647692e-08
0.6274265        1.98874055e-06 -6.80546493e-04 1.55972604e-07 1.96348376e-06 -6.95849413e-04 1.71756571e-07 2.52567933e-08 1.53029195e-05 -1.57839671e-08
0.6278941        9.03113027e-07 -5.08996766e-04 2.38059557e-07 8.77525625e-07 -5.24441736e-04 2.53869480e-07 2.55874018e-08 1.54449704e-05 -1.58099231e-08
0.6283617        -4.03110191e-06 -5.14501568e-04 4.44084546e-06 -4.05570727e-06 -5.30065955e-04 4.45564162e-06 2.46053595e-08 1.55643872e-05 -1.47961504e-08
0.6288184        4.31567692e-07 -3.64201188e-04 5.51330049e-07 4.06762877e-07 -3.79951250e-04 5.66083694e-07 2.48048151e-08 1.57500620e-05 -1.47536446e-08
0.6292751        1.66826381e-06 -2.59734943e-04 -2.83157569e-07 1.64297933e-06 -2.75722962e-04 -2.68272874e-07 2.52844784e-08 1.59880187e-05 -1.48846949e-08
0.6297432        9.86466113e-07 -4.44965272e-04 -7.94677928e-08 9.60889370e-07 -4.61091437e-04 -6.45174871e-08 2.55767436e-08 1.61261649e-05 -1.49503057e-08
0.6301996        4.84711060e-06 -7.30677695e-04 -2.30681134e-06 4.82015074e-06 -7.46834192e-04 -2.29117882e-06 2.69598677e-08 1.61564975e-05 -1.56325282e-08
0.630656         1.90157105e-06 -5.80608996e-04 -3.89307001e-07 1.87396057e-06 -5.96904937e-04 -3.73424598e-07 2.76104763e-08 1.62959415e-05 -1.58824038e-08
0.6311124        3.85942392e-06 -3.69112736e-04 -2.41805976e-06 3.83071374e-06 -3.85706583e-04 -2.40146527e-06 2.87101811e-08 1.65938471e-05 -1.65944917e-08
0.6315689        -8.41783914e-07 -4.01868639e-04 1.12456526e-06 -8.70260589e-07 -4.18699922e-04 1.14097565e-06 2.84766750e-08 1.68312829e-05 -1.64103900e-08
0.6320253        4.63492093e-06 -3.43396521e-04 -2.80246628e-06 4.60518396e-06 -3.60336191e-04 -2.78524820e-06 2.97369717e-08 1.69396702e-05 -1.72180880e-08
0.6324817        1.60767952e-06 -3.02673337e-04 -6.00675702e-07 1.57750136e-06 -3.19729501e-04 -5.83210206e-07 3.01781586e-08 1.70561637e-05 -1.74654961e-08
0.6329381        1.32307239e-06 -6.76910617e-04 -3.49933053e-08 1.29252379e-06 -6.94110892e-04 -1.73844193e-08 3.05485937e-08 1.72002755e-05 -1.76088860e-08
0.6333945        2.09964448e-06 -8.46698224e-04 -5.12291783e-07 2.06853171e-06 -8.64046548e-04 -4.94425967e-07 3.11127721e-08 1.73483240e-05 -1.78658163e-08
0.633851         1.44194887e-06 -4.35017826e-04 -2.82861263e-07 1.41050552e-06 -4.52573212e-04 -2.64828390e-07 3.14433547e-08 1.75553865e-05 -1.80328724e-08
0.6343074        2.98417897e-06 -8.10048659e-05 -1.36125048e-06 2.95206669e-06 -9.88061496e-05 -1.34281356e-06 3.21122791e-08 1.78012837e-05 -1.84369227e-08
0.6347638        1.01889914e-06 -3.70096949e-04 9.60848233e-08 9.86640444e-07 -3.88080999e-04 1.14550510e-07 3.22586921e-08 1.79840492e-05 -1.84656863e-08
0.6352202        1.14139607e-06 -5.79653162e-04 6.25756007e-08 1.10893635e-06 -5.97767100e-04 8.10887314e-08 3.24597186e-08 1.81139385e-05 -1.85131307e-08
0.6356767        1.07196981e-07 -5.43290428e-04 4.56998688e-07 7.48482083e-08 -5.61558711e-04 4.75433464e-07 3.23487723e-08 1.82682835e-05 -1.84347762e-08
0.6361331        -5.82640733e-06 -6.08546114e-04 4.84310602e-06 -5.85708306e-06 -6.26996487e-04 4.86036310e-06 3.06757278e-08 1.84503729e-05 -1.72570776e-08
0.6365895        9.14443213e-08 -5.85931191e-04 9.34884697e-07 6.09640014e-08 -6.04567607e-04 9.51910229e-07 3.04803199e-08 1.86364169e-05 -1.70255315e-08
0.6370459        -5.46154679e-06 -2.47703711e-04 4.38043458e-06 -5.49031230e-06 -2.66536019e-04 4.39632136e-06 2.87655086e-08 1.88323087e-05 -1.58867846e-08
0.6375023        -2.03515077e-07 -2.13448297e-04 1.07897220e-06 -2.31916877e-07 -2.32464788e-04 1.09453544e-06 2.84018005e-08 1.90164915e-05 -1.55632346e-08
0.6379588        1.30471212e-06 -4.10194284e-04 -1.57982848e-07 1.27621098e-06 -4.29421502e-04 -1.42388019e-07 2.85011366e-08 1.92272183e-05 -1.55948289e-08
0.6384152        3.39168515e-06 -4.22127847e-04 -1.15107513e-06 3.36250161e-06 -4.41602035e-04 -1.13513161e-06 2.91835357e-08 1.94741883e-05 -1.59435224e-08
0.6388716        1.49737978e-06 -4.97386915e-04 -3.46503401e-08 1.46804491e-06 -5.17005547e-04 -1.86609169e-08 2.93348733e-08 1.96186322e-05 -1.59894232e-08
0.639328         1.83755997e-06 -6.16272874e-04 1.28554516e-07 1.80797849e-06 -6.35931322e-04 1.44576121e-07 2.95814760e-08 1.96584483e-05 -1.60216050e-08
0.6397844        5.23544171e-07 -4.29489459e-04 3.25686511e-07 4.94075050e-07 -4.49304143e-04 3.41667891e-07 2.94691203e-08 1.98146836e-05 -1.59813803e-08
0.6402409        7.68785634e-07 -2.73624098e-04 8.55720842e-07 7.39257459e-07 -2.93746370e-04 8.71629206e-07 2.95281747e-08 2.01222720e-05 -1.59083633e-08
0.6406973        2.16328912e-06 -3.25617703e-04 -2.54024527e-07 2.13329143e-06 -3.45998734e-04 -2.37876880e-07 2.99976897e-08 2.03810307e-05 -1.61476473e-08
0.6411537        1.12628819e-06 -2.71661603e-04 2.87009826e-08 1.09616095e-06 -2.92285060e-04 4.49862915e-08 3.01272360e-08 2.06234578e-05 -1.62853089e-08
0.6416101        8.42577724e-07 -2.69678492e-04 6.15735393e-07 8.12394101e-07 -2.90549638e-04 6.32016388e-07 3.01836239e-08 2.08711464e-05 -1.62809949e-08
0.6420665        2.23421100e-06 -5.23014142e-04 -3.19812951e-07 2.20365244e-06 -5.43952318e-04 -3.03342955e-07 3.05585649e-08 2.09381762e-05 -1.64699960e-08
0.642523         6.14088102e-08 -6.22378862e-04 1.17183887e-06 3.11073917e-08 -6.43317811e-04 1.18810054e-06 3.03014185e-08 2.09389485e-05 -1.62616765e-08
0.6429794        1.43647108e-06 -4.01496938e-04 1.21506804e-07 1.40612518e-06 -4.22669191e-04 1.37780179e-07 3.03459064e-08 2.11722532e-05 -1.62733754e-08
0.6434358        1.67561048e-06 -3.19427758e-04 1.22083449e-07 1.64517471e-06 -3.40966989e-04 1.38368812e-07 3.04357693e-08 2.15392303e-05 -1.62853629e-08
0.6438922        1.92700097e-06 -2.82299104e-04 -5.63767895e-08 1.89644968e-06 -3.04059491e-04 -4.00553624e-08 3.05512925e-08 2.17603867e-05 -1.63214271e-08
0.6443486        1.46190095e-06 -2.46331931e-04 3.24576479e-08 1.43140146e-06 -2.68202939e-04 4.87485031e-08 3.04994960e-08 2.18710085e-05 -1.62908552e-08
0.6448051        -3.55594868e-06 -2.85408184e-04 3.65262772e-06 -3.58507155e-06 -3.07455216e-04 3.66798393e-06 2.91228711e-08 2.20470316e-05 -1.53562148e-08
0.6452615        7.44334183e-07 -2.76799678e-04 6.09863366e-07 7.15519700e-07 -2.99105993e-04 6.25002721e-07 2.88144837e-08 2.23063141e-05 -1.51393549e-08
0.6457179        3.24801343e-06 -2.87477491e-04 -1.23704252e-06 3.21893498e-06 -3.10019395e-04 -1.22172171e-06 2.90784573e-08 2.25419033e-05 -1.53208050e-08
0.6461743        1.02007080e-05 -4.48179083e-04 -6.07921332e-06 1.01696529e-05 -4.70869183e-04 -6.06260748e-06 3.10551156e-08 2.26901001e-05 -1.66058421e-08
0.6466307        2.82872447e-06 -4.40345100e-04 -1.13469786e-06 2.79765453e-06 -4.63180205e-04 -1.11806798e-06 3.10699375e-08 2.28351058e-05 -1.66298745e-08
0.6470872        2.97538311e-06 -3.35326523e-04 -1.13023095e-06 2.94426947e-06 -3.58391661e-04 -1.11358891e-06 3.11136404e-08 2.30651378e-05 -1.66420420e-08
0.6475436        2.80338632e-06 -2.73468863e-04 -1.06092123e-06 2.77231843e-06 -2.96809962e-04 -1.04431521e-06 3.10678890e-08 2.33410995e-05 -1.66060246e-08
0.648            2.75468472e-06 -2.79028208e-04 -1.01472019e-06 2.72369882e-06 -3.02563468e-04 -9.98170621e-07 3.09859021e-08 2.35352598e-05 -1.65495699e-08
0.6484551        3.76152878e-06 -2.07414700e-04 -1.41414076e-06 3.73034755e-06 -2.31069144e-04 -1.39754263e-06 3.11812333e-08 2.36544438e-05 -1.65981323e-08
0.6489101        1.15632319e-05 -2.56614214e-04 -6.67943901e-06 1.15299478e-05 -2.80458998e-04 -6.66154852e-06 3.32840627e-08 2.38447840e-05 -1.78904885e-08
0.6493652        -7.14143203e-06 -3.44073455e-04 5.38551992e-06 -7.17204038e-06 -3.68165645e-04 5.40174638e-06 3.06083493e-08 2.40921900e-05 -1.62264556e-08
0.6498202        9.04763492e-06 -2.95875282e-04 -4.64598721e-06 9.01550868e-06 -3.20199930e-04 -4.62894130e-06 3.21262402e-08 2.43246486e-05 -1.70459114e-08
0.6502807        -5.82329954e-07 -1.56997640e-04 1.34739362e-06 -6.13415238e-07 -1.81587544e-04 1.36374415e-06 3.10852838e-08 2.45899040e-05 -1.63505245e-08
0.6507412        -2.76171634e-06 -1.32949134e-04 2.54492573e-06 -2.79118273e-06 -1.57804071e-04 2.56028798e-06 2.94663803e-08 2.48549367e-05 -1.53622493e-08
0.6512016        -3.53690903e-07 -2.60942871e-04 8.86416789e-07 -3.82099832e-07 -2.85972690e-04 9.01191784e-07 2.84089289e-08 2.50298189e-05 -1.47749951e-08
0.6516621        -2.78932020e-06 -2.33379531e-04 1.82699292e-06 -2.81604332e-06 -2.58586555e-04 1.84091405e-06 2.67231195e-08 2.52070231e-05 -1.39211291e-08
0.6521226        3.30066689e-07 -2.84278479e-04 5.03533379e-07 3.04226521e-07 -3.09691830e-04 5.16918744e-07 2.58401689e-08 2.54133512e-05 -1.33853651e-08
0.6525831        1.96219899e-06 -2.80927794e-04 -8.42649869e-07 1.93686100e-06 -3.06556706e-04 -8.29514118e-07 2.53379829e-08 2.56289122e-05 -1.31357507e-08
0.6530435        1.83587256e-06 -2.33546880e-04 -5.25818560e-07 1.81106570e-06 -2.59375489e-04 -5.12994545e-07 2.48068608e-08 2.58286086e-05 -1.28240154e-08
0.653504         -3.97751433e-07 -3.30691429e-04 9.00757422e-07 -4.21489545e-07 -3.56678662e-04 9.12940294e-07 2.37381113e-08 2.59872337e-05 -1.21828723e-08
0.6539585        1.67446069e-06 -1.64773336e-04 2.35088930e-07 1.65118717e-06 -1.90983784e-04 2.46878570e-07 2.32735129e-08 2.62104484e-05 -1.17896401e-08
0.654413         2.15630746e-06 1.44404546e-04 -5.27061191e-07 2.13332924e-06 1.17815965e-04 -5.15486585e-07 2.29782188e-08 2.65885812e-05 -1.15746069e-08
0.6548736        1.03659228e-06 1.56097795e-05 6.71002051e-08 1.01414720e-06 -1.12763862e-05 7.83475783e-08 2.24450749e-08 2.68861656e-05 -1.12473733e-08
0.6553343        2.65994887e-06 -4.33944914e-04 -3.05357686e-07 2.63758537e-06 -4.60841767e-04 -2.94294459e-07 2.23634919e-08 2.68968534e-05 -1.10632267e-08
0.6557886        1.64654987e-06 -4.33522448e-04 -3.19792906e-07 1.62453087e-06 -4.60458180e-04 -3.08919972e-07 2.20190043e-08 2.69357318e-05 -1.08729342e-08
0.6562429        1.76905628e-06 -6.66846613e-06 -3.43774021e-07 1.74731305e-06 -3.39256099e-05 -3.33087278e-07 2.17432330e-08 2.72571438e-05 -1.06867427e-08
0.6566972        1.78653274e-06 1.72291515e-04 9.09970189e-08 1.76509444e-06 1.44683315e-04 1.01405284e-07 2.14382968e-08 2.76081996e-05 -1.04082646e-08
0.6571516        2.74205396e-06 -6.50680124e-05 -1.56458345e-06 2.72085344e-06 -9.29535302e-05 -1.55421340e-06 2.12005246e-08 2.78855178e-05 -1.03700593e-08
0.6576059        3.90108143e-06 -1.48748781e-04 -1.51649907e-06 3.87984426e-06 -1.76957173e-04 -1.50617891e-06 2.12371634e-08 2.82083918e-05 -1.03201559e-08
0.6580602        1.70259370e-06 -1.56649534e-04 -6.11255131e-07 1.68202703e-06 -1.85055862e-04 -6.01264462e-07 2.05666663e-08 2.84063280e-05 -9.99066964e-09
0.6585145        1.51041694e-06 -2.31010006e-04 -3.94726335e-07 1.49054249e-06 -2.59442037e-04 -3.85104252e-07 1.98744558e-08 2.84320311e-05 -9.62208306e-09
0.6589689        9.34078208e-07 -1.54442807e-04 -1.01073176e-07 9.15032907e-07 -1.83011231e-04 -9.18910293e-08 1.90453012e-08 2.85684238e-05 -9.18214701e-09
0.6594232        -2.51362249e-06 -7.35268515e-05 1.65282934e-06 -2.53096954e-06 -1.02359819e-04 1.66113918e-06 1.73470464e-08 2.88329678e-05 -8.30983666e-09
0.6598775        6.70505826e-06 -1.16838919e-04 -2.79629258e-06 6.68699752e-06 -1.45905401e-04 -2.78772827e-06 1.80607373e-08 2.90664825e-05 -8.56431188e-09
0.6603318        -1.05314479e-06 1.22326532e-04 8.12458598e-07 -1.06980785e-06 9.29866463e-05 8.20339114e-07 1.66630576e-08 2.93398855e-05 -7.88051599e-09
0.6607862        6.43919532e-06 1.61651313e-04 -3.56989959e-06 6.42180631e-06 1.32045377e-04 -3.56156409e-06 1.73890176e-08 2.96059361e-05 -8.33550038e-09
0.6612481        2.79143047e-06 -1.99995737e-05 -1.07483940e-06 2.77411528e-06 -4.98332127e-05 -1.06658435e-06 1.73151849e-08 2.98336390e-05 -8.25505611e-09
0.66171          7.43868722e-06 -1.01952715e-04 -2.47921525e-06 7.41999659e-06 -1.32020771e-04 -2.47059146e-06 1.86906317e-08 3.00680553e-05 -8.62379537e-09
0.662164         2.79575526e-06 -6.49435892e-05 -1.11265846e-06 2.77716631e-06 -9.52259757e-05 -1.10413411e-06 1.85889467e-08 3.02823865e-05 -8.52435103e-09
0.6626181        1.34280865e-06 -5.85449617e-05 -2.32979455e-07 1.32467803e-06 -8.90005190e-05 -2.24760914e-07 1.81306249e-08 3.04555574e-05 -8.21854128e-09
0.6630803        2.81327060e-06 -5.53306532e-05 -1.17613317e-06 2.79523794e-06 -8.59997869e-05 -1.16800530e-06 1.80326622e-08 3.06691337e-05 -8.12787374e-09
0.6635425        -3.49646611e-06 -1.06777805e-04 2.69679465e-06 -3.51270311e-06 -1.37690346e-04 2.70384708e-06 1.62369923e-08 3.09125406e-05 -7.05243569e-09
0.6639962        -4.83005723e-07 -4.01799008e-05 3.46585285e-07 -4.98184623e-07 -7.13191164e-05 3.53107864e-07 1.51789007e-08 3.11392156e-05 -6.52257901e-09
0.66445          1.47157567e-05 2.43470032e-04 -8.31008647e-06 1.46978529e-05 2.12118657e-04 -8.30202390e-06 1.79037652e-08 3.13513754e-05 -8.06256905e-09
0.6649125        -5.43625847e-06 1.85731804e-04 3.35995338e-06 -5.45179204e-06 1.54177279e-04 3.36670661e-06 1.55335699e-08 3.15545246e-05 -6.75323614e-09
0.665375         -2.65697612e-06 -7.87270876e-06 1.68043910e-06 -2.67093165e-06 -3.96496637e-05 1.68636646e-06 1.39555251e-08 3.17769549e-05 -5.92736039e-09
0.6658375        6.72942751e-07 -1.08961247e-04 -2.41237604e-08 6.59628398e-07 -1.40971800e-04 -1.85615523e-08 1.33143529e-08 3.20105526e-05 -5.56220807e-09
0.6663           1.03040073e-06 8.90872475e-05 -2.21831993e-07 1.01765998e-06 5.68618309e-05 -2.16593869e-07 1.27407518e-08 3.22254166e-05 -5.23812388e-09
0.6667625        1.75585627e-06 2.48395654e-04 -5.14202145e-07 1.74343373e-06 2.15964525e-04 -5.09158391e-07 1.24225402e-08 3.24311292e-05 -5.04375343e-09
0.667225         2.56893465e-06 5.98666471e-05 -7.74063534e-07 2.55647547e-06 2.72579231e-05 -7.69048374e-07 1.24591773e-08 3.26087239e-05 -5.01516049e-09
0.6676875        2.27988339e-06 -3.39332973e-05 -1.51809310e-06 2.26744108e-06 -6.66984757e-05 -1.51296626e-06 1.24423146e-08 3.27651783e-05 -5.12684040e-09
0.66815          -1.46181362e-06 8.08723870e-05 3.97252621e-07 -1.47320406e-06 4.79059823e-05 4.02012299e-07 1.13904401e-08 3.29664047e-05 -4.75967794e-09
0.6686125        -2.01975766e-07 1.72463334e-04 3.04664745e-07 -2.12751208e-07 1.39222139e-04 3.09122045e-07 1.07754419e-08 3.32411950e-05 -4.45729969e-09
0.669075         1.31948077e-06 1.19872131e-04 -2.91634155e-07 1.30890439e-06 8.63864950e-05 -2.87308502e-07 1.05763789e-08 3.34856359e-05 -4.32565320e-09
0.6695375        1.84170793e-06 1.81079536e-04 -6.22401976e-07 1.83119447e-06 1.47363240e-04 -6.18121706e-07 1.05134620e-08 3.37162966e-05 -4.28027015e-09
0.67             1.01134882e-06 1.92327759e-04 -8.01770345e-08 1.00115038e-06 1.58381789e-04 -7.60770297e-08 1.01984424e-08 3.39459698e-05 -4.10000476e-09
0.6704625        3.75457366e-06 2.12702270e-04 -1.70171736e-06 3.74400739e-06 1.78556077e-04 -1.69740738e-06 1.05662670e-08 3.41461929e-05 -4.30998329e-09
0.6709372        -3.53489778e-06 2.31181787e-04 2.27877180e-06 -3.54407101e-06 1.96832270e-04 2.28235168e-06 9.17322324e-09 3.43495168e-05 -3.57988759e-09
0.6714118        1.42086190e-06 8.07902486e-05 -6.95103846e-07 1.41174280e-06 4.62700790e-05 -6.91491265e-07 9.11909402e-09 3.45201696e-05 -3.61258068e-09
0.6718865        3.79606535e-06 -5.29977470e-05 -1.35037518e-06 3.78643385e-06 -8.76764398e-05 -1.34663454e-06 9.63150772e-09 3.46786928e-05 -3.74063697e-09
0.6723612        2.88422533e-06 3.16402367e-04 -1.43651106e-06 2.87432194e-06 2.81502993e-04 -1.43259096e-06 9.90338826e-09 3.48993742e-05 -3.92009439e-09
0.6728359        1.72181801e-06 6.25363730e-04 -7.51982164e-07 1.71191647e-06 5.90232001e-04 -7.48029949e-07 9.90154034e-09 3.51317293e-05 -3.95221501e-09
0.6733105        4.91083080e-06 1.94339650e-04 -1.81230621e-06 4.89998388e-06 1.59005658e-04 -1.80803211e-06 1.08469197e-08 3.53339919e-05 -4.27410331e-09
0.6737852        1.66939339e-07 -1.91041146e-04 5.77877322e-07 1.56578159e-07 -2.26589442e-04 5.81842031e-07 1.03611791e-08 3.55482956e-05 -3.96470880e-09
0.6742599        3.10640893e-06 1.58188171e-04 -1.31650484e-06 3.09583757e-06 1.22419749e-04 -1.31241666e-06 1.05713577e-08 3.57684224e-05 -4.08817614e-09
0.6747345        -1.96033504e-06 6.54470459e-04 8.55450950e-07 -1.96973571e-06 6.18462721e-04 8.59065750e-07 9.40067003e-09 3.60077381e-05 -3.61479981e-09
0.6752092        1.35934314e-06 4.26859216e-04 3.17247187e-07 1.35018142e-06 3.90642514e-04 3.20608577e-07 9.16172010e-09 3.62167014e-05 -3.36139017e-09
0.6756839        2.64192688e-06 -4.67870907e-05 -1.88072277e-06 2.63281907e-06 -8.31445175e-05 -1.87719037e-06 9.10781266e-09 3.63574268e-05 -3.53240123e-09
0.6761586        5.29739481e-06 6.86645317e-05 -2.17476711e-06 5.28743804e-06 3.21406719e-05 -2.17089967e-06 9.95677506e-09 3.65238598e-05 -3.86744005e-09
0.6766332        3.23429025e-06 5.34748050e-04 -1.43141197e-06 3.22408341e-06 4.97987327e-04 -1.42739503e-06 1.02068446e-08 3.67607230e-05 -4.01693974e-09
0.6771277        2.22699681e-06 4.88403986e-04 -6.80893252e-07 2.21681292e-06 4.51418071e-04 -6.76888131e-07 1.01838921e-08 3.69859149e-05 -4.00512178e-09
0.6776221        2.46939265e-06 2.28541169e-04 -1.14965105e-06 2.45915464e-06 1.91306444e-04 -1.14553347e-06 1.02380075e-08 3.72347254e-05 -4.11757846e-09
0.6781166        1.71962399e-06 2.82098171e-04 -8.61310282e-07 1.70957062e-06 2.44608154e-04 -8.57185198e-07 1.00533727e-08 3.74900166e-05 -4.12508419e-09
0.678611         7.38938402e-06 3.75754467e-04 -3.34676198e-06 7.37789997e-06 3.38184874e-04 -3.34196712e-06 1.14840568e-08 3.75695934e-05 -4.79485628e-09
0.6791055        -4.35753569e-07 3.68309084e-04 -3.12705755e-08 -4.46319801e-07 3.30669878e-04 -2.67870057e-08 1.05662312e-08 3.76392068e-05 -4.48356985e-09
0.6795999        6.72339549e-07 4.67843273e-04 -4.38163068e-07 6.62351560e-07 4.29862145e-04 -4.33892010e-07 9.98798979e-09 3.79811282e-05 -4.27105800e-09
0.6800944        2.38635672e-06 5.13489999e-04 -1.01762671e-06 2.37639878e-06 4.75136995e-04 -1.01338133e-06 9.95794827e-09 3.83530045e-05 -4.24538780e-09
0.6805888        1.83541319e-06 1.64433910e-04 -9.64557330e-07 1.82565883e-06 1.26018608e-04 -9.60386338e-07 9.75435867e-09 3.84153012e-05 -4.17099202e-09
0.6810833        1.33837514e-06 5.39895080e-05 -4.58924911e-07 1.32899968e-06 1.55634935e-05 -4.54942695e-07 9.37545957e-09 3.84260145e-05 -3.98221675e-09
0.6815777        4.00880940e-06 4.97696606e-04 -1.63556035e-06 3.99908537e-06 4.59000314e-04 -1.63145944e-06 9.72402917e-09 3.86962917e-05 -4.10091099e-09
0.6820722        1.31114451e-06 5.90074796e-04 -6.88706818e-08 1.30177325e-06 5.51068493e-04 -6.50283275e-08 9.37125953e-09 3.90063030e-05 -3.84235432e-09
0.6825666        2.35247073e-06 5.46639952e-04 -8.90326623e-07 2.34318137e-06 5.07392106e-04 -8.86560919e-07 9.28936448e-09 3.92478461e-05 -3.76570315e-09
0.6830611        1.24434648e-06 6.04353898e-04 -7.16381387e-07 1.23541693e-06 5.64852071e-04 -7.12711047e-07 8.92954442e-09 3.95018271e-05 -3.67033974e-09
0.6835555        1.80254851e-06 2.75510212e-04 -7.81138549e-07 1.79377598e-06 2.35934217e-04 -7.77554629e-07 8.77253126e-09 3.95759943e-05 -3.58391935e-09
0.68405          2.12861369e-06 1.16139693e-04 -1.02229971e-06 2.11983700e-06 7.65670365e-05 -1.01871235e-06 8.77668864e-09 3.95726565e-05 -3.58735261e-09
0.6845444        4.09899536e-06 4.83863139e-04 -1.51061903e-06 4.08951749e-06 4.44082624e-04 -1.50682252e-06 9.47786363e-09 3.97805153e-05 -3.79651179e-09
0.6850389        -2.87784268e-06 6.11382012e-04 1.66843228e-06 -2.88612737e-06 5.71337206e-04 1.67166878e-06 8.28468770e-09 4.00448067e-05 -3.23649711e-09
0.6855333        -2.34494601e-06 6.28522515e-04 1.65472422e-06 -2.35227365e-06 5.88255276e-04 1.65745143e-06 7.32763457e-09 4.02672389e-05 -2.72720960e-09
0.6860278        8.47436950e-07 7.74930458e-04 -2.43026059e-07 8.40237748e-07 7.34391909e-04 -2.40314697e-07 7.19920165e-09 4.05385493e-05 -2.71136207e-09
0.6865222        7.27554912e-06 3.91321853e-04 -2.02435472e-06 7.26656290e-06 3.50668779e-04 -2.02121416e-06 8.98622623e-09 4.06530737e-05 -3.14055827e-09
0.6870167        2.84082816e-06 -1.11465390e-05 -9.87647187e-07 2.83137000e-06 -5.17598076e-05 -9.84344660e-07 9.45816679e-09 4.06132686e-05 -3.30252720e-09
0.6875111        3.26158685e-06 5.26246460e-04 -1.29117347e-06 3.25155295e-06 4.85415911e-04 -1.28763381e-06 1.00339002e-08 4.08305487e-05 -3.53965294e-09
0.6880056        3.94648498e-06 1.10712121e-03 -1.56427159e-06 3.93567125e-06 1.06583568e-03 -1.56043238e-06 1.08137346e-08 4.12855318e-05 -3.83921084e-09
0.6885           3.27219968e-06 6.15146655e-04 -1.29117696e-06 3.26068544e-06 5.73714668e-04 -1.28706923e-06 1.15142362e-08 4.14319865e-05 -4.10772859e-09
0.6890473        6.41940568e-07 1.10116230e-04 -9.55360080e-07 6.30494825e-07 6.88007612e-05 -9.51047865e-07 1.14457428e-08 4.13154687e-05 -4.31221551e-09
0.6895946        6.12699690e-06 4.98517561e-04 -2.25213070e-06 6.11375069e-06 4.57025438e-04 -2.24717942e-06 1.32462074e-08 4.14921231e-05 -4.95128314e-09
0.6901496        1.15434286e-06 7.56533043e-04 -3.33635035e-07 1.14084002e-06 7.14725769e-04 -3.28584367e-07 1.35028377e-08 4.18072737e-05 -5.05066785e-09
0.6907046        1.52314687e-06 6.27284485e-04 -6.55041554e-07 1.50945116e-06 5.85208452e-04 -6.49894336e-07 1.36957094e-08 4.20760335e-05 -5.14721754e-09
0.6912678        -5.54112294e-09 6.27540124e-04 5.80130785e-07 -1.89920438e-08 5.85171146e-04 5.85042315e-07 1.34509208e-08 4.23689777e-05 -4.91153025e-09
0.6918309        1.73903254e-06 6.97383209e-04 -1.02019333e-06 1.72529192e-06 6.54960025e-04 -1.01510340e-06 1.37406241e-08 4.24231838e-05 -5.08993184e-09
0.6924028        1.73625724e-06 6.59581671e-04 -3.98880730e-07 1.72212685e-06 6.17102372e-04 -3.93733398e-07 1.41303943e-08 4.24792991e-05 -5.14733184e-09
0.6929837        8.57991735e-07 4.02460833e-04 -6.86889710e-07 8.43892652e-07 3.59799026e-04 -6.81654312e-07 1.40990831e-08 4.26618067e-05 -5.23539760e-09
0.6935646        1.58341944e-06 5.53750694e-04 -5.20071489e-07 1.56900003e-06 5.10892588e-04 -5.14759052e-07 1.44194144e-08 4.28581063e-05 -5.31243691e-09
0.6941552        2.26811072e-06 9.03728935e-04 -9.52258388e-07 2.25314641e-06 8.60580634e-04 -9.46746585e-07 1.49643101e-08 4.31483008e-05 -5.51180283e-09
0.6947458        3.58745788e-07 6.85107989e-04 1.34649224e-07 3.43945810e-07 6.41851710e-04 1.39981165e-07 1.47999773e-08 4.32562791e-05 -5.33194148e-09
0.6953467        -6.17080930e-06 5.85122454e-04 2.67057077e-06 -6.18338362e-06 5.41842622e-04 2.67497679e-06 1.25743131e-08 4.32798320e-05 -4.40602059e-09
0.6959586        -4.11647385e-06 7.60634112e-04 2.00817444e-06 -4.12763685e-06 7.17023963e-04 2.01191028e-06 1.11630042e-08 4.36101497e-05 -3.73584363e-09
0.6965705        6.30427282e-06 7.76074969e-04 -1.32906969e-06 6.29078737e-06 7.32192401e-04 -1.32485813e-06 1.34854469e-08 4.38825677e-05 -4.21156232e-09
0.6971824        4.92354222e-06 6.24096234e-04 -1.50387859e-06 4.90851413e-06 5.80199582e-04 -1.49920459e-06 1.50280817e-08 4.38966516e-05 -4.67399408e-09
0.6977942        2.13966466e-06 6.61107297e-04 -5.93327955e-07 2.12416532e-06 6.17088588e-04 -5.88503145e-07 1.54993476e-08 4.40187095e-05 -4.82480935e-09
0.6983943        1.98318206e-06 7.19253353e-04 -5.47201621e-07 1.96736867e-06 6.75080139e-04 -5.42263383e-07 1.58133917e-08 4.41732142e-05 -4.93823812e-09
0.6989945        1.33128791e-06 5.68837874e-04 -2.56979947e-07 1.31533277e-06 5.24534959e-04 -2.52034124e-07 1.59551397e-08 4.43029155e-05 -4.94582287e-09
0.6995946        4.98069215e-06 6.62998969e-04 -1.97396321e-06 4.96356203e-06 6.18544382e-04 -1.96853924e-06 1.71301264e-08 4.44545872e-05 -5.42396730e-09
0.7001827        1.17964919e-07 1.05828665e-03 1.72572192e-07 1.01224061e-07 1.01358110e-03 1.77795335e-07 1.67408576e-08 4.47055454e-05 -5.22314336e-09
0.7007708        3.77475361e-06 8.83833138e-04 -8.57388327e-07 3.75704823e-06 8.39038924e-04 -8.52022753e-07 1.77053762e-08 4.47942135e-05 -5.36557454e-09
0.7013589        1.07790742e-06 8.04725565e-04 -3.18276441e-07 1.06021272e-06 7.59958842e-04 -3.12943263e-07 1.76947030e-08 4.47667230e-05 -5.33317840e-09
0.701947         1.33491738e-05 6.38571256e-04 -5.05641103e-06 1.33275862e-05 5.93622957e-04 -5.04968932e-06 2.15875584e-08 4.49482993e-05 -6.72171706e-09
0.7025226        -7.89452805e-06 6.70254844e-04 3.32156764e-06 -7.91320537e-06 6.25101534e-04 3.32715676e-06 1.86773162e-08 4.51533100e-05 -5.58912212e-09
0.7030982        -3.03968380e-06 1.09864350e-03 1.97697666e-07 -3.05680171e-06 1.05332208e-03 2.03036995e-07 1.71179064e-08 4.53214195e-05 -5.33932885e-09
0.7036738        1.04236171e-06 9.58353952e-04 5.14225109e-07 1.02534882e-06 9.12934297e-04 5.19361037e-07 1.70128905e-08 4.54196545e-05 -5.13592793e-09
0.7042366        6.16776412e-07 5.27371180e-04 -4.23834102e-07 6.00077974e-07 4.82042211e-04 -4.18756679e-07 1.66984383e-08 4.53289696e-05 -5.07742260e-09
0.7048125        -4.06336695e-06 8.24972600e-04 1.32655542e-06 -4.07816302e-06 7.79523293e-04 1.33102011e-06 1.47960695e-08 4.54493069e-05 -4.46469120e-09
0.705375         2.67293491e-07 1.03146158e-03 1.50292728e-07 2.53018451e-07 9.85762478e-04 1.54519563e-07 1.42750395e-08 4.56991027e-05 -4.22683504e-09
0.7059375        -5.82793320e-06 9.08179688e-04 2.32019667e-06 -5.83981672e-06 8.62366148e-04 2.32355222e-06 1.18835179e-08 4.58135402e-05 -3.35554401e-09
0.7065           3.90309888e-06 8.95929532e-04 -1.44753951e-06 3.89066217e-06 8.50015889e-04 -1.44394776e-06 1.24367100e-08 4.59136426e-05 -3.59175769e-09
0.7070625        -5.05488279e-07 6.44820421e-04 -2.01998973e-08 -5.17034666e-07 5.99013930e-04 -1.68254878e-08 1.15463867e-08 4.58064916e-05 -3.37440943e-09
0.707625         1.28705028e-06 6.96536786e-04 -4.36700936e-07 1.27586666e-06 6.50767801e-04 -4.33421257e-07 1.11836187e-08 4.57689851e-05 -3.27967840e-09
0.7081875        -1.17487645e-06 1.25890878e-03 3.97537944e-07 -1.18492492e-06 1.21282891e-03 4.00503824e-07 1.00484705e-08 4.60798777e-05 -2.96587997e-09
0.70875          1.20986095e-06 1.03107443e-03 -5.51441343e-07 1.20030140e-06 9.84815351e-04 -5.48541843e-07 9.55955039e-09 4.62590769e-05 -2.89950036e-09
0.7092973        2.97876528e-06 7.74816220e-04 -1.05563526e-06 2.96921471e-06 7.28473736e-04 -1.05268005e-06 9.55057353e-09 4.63424841e-05 -2.95521447e-09
0.7098446        2.63353812e-06 8.27640042e-04 -7.71136065e-07 2.62407209e-06 7.81279837e-04 -7.68205342e-07 9.46602943e-09 4.63602052e-05 -2.93072249e-09
0.7103919        6.45450748e-06 8.00114299e-04 -1.10133562e-06 6.44367153e-06 7.53817629e-04 -1.09830658e-06 1.08359478e-08 4.62966695e-05 -3.02903126e-09
0.7109392        3.70825957e-06 9.66175670e-04 -1.43809634e-06 3.69730310e-06 9.19868938e-04 -1.43496907e-06 1.09564708e-08 4.63067322e-05 -3.12727321e-09
0.7114865        4.53712382e-06 1.06800812e-03 -1.28243044e-06 4.52574619e-06 1.02168438e-03 -1.27920153e-06 1.13776296e-08 4.63237405e-05 -3.22891118e-09
0.7120338        -2.61730211e-06 9.83558860e-04 7.87650912e-07 -2.62702382e-06 9.37109737e-04 7.90406692e-07 9.72170134e-09 4.64491231e-05 -2.75577964e-09
0.7125811        -6.74825867e-07 9.82818170e-04 -3.24839176e-07 -6.83360507e-07 9.36228068e-04 -3.22240351e-07 8.53463973e-09 4.65901012e-05 -2.59882521e-09
0.7131284        9.80800432e-07 7.58271431e-04 -6.61250562e-07 9.72887894e-07 7.11752609e-04 -6.58718249e-07 7.91253889e-09 4.65188229e-05 -2.53231334e-09
0.7136757        8.26079064e-07 7.66701225e-04 -2.71066874e-07 8.19039594e-07 7.20206675e-04 -2.68743255e-07 7.03946956e-09 4.64945501e-05 -2.32361952e-09
0.714223         3.08341249e-06 1.07066477e-03 -9.73141969e-07 3.07655679e-06 1.02395111e-03 -9.70849866e-07 6.85570762e-09 4.67136644e-05 -2.29210277e-09
0.7147703        8.72687078e-07 1.00210827e-03 -2.31469340e-07 8.66632596e-07 9.55317330e-04 -2.29384699e-07 6.05448202e-09 4.67909451e-05 -2.08464138e-09
0.7153176        1.97711995e-06 9.37763130e-04 -5.87173412e-07 1.97148402e-06 8.91200767e-04 -5.85179191e-07 5.63592271e-09 4.65623630e-05 -1.99422095e-09
0.7158649        3.85013561e-06 1.00346470e-03 -5.84459192e-07 3.84415236e-06 9.56891713e-04 -5.82503780e-07 5.98325860e-09 4.65729881e-05 -1.95541236e-09
0.7164122        2.15113665e-06 1.10828123e-03 -8.37556310e-07 2.14552254e-06 1.06144589e-03 -8.35632734e-07 5.61410383e-09 4.68353371e-05 -1.92357550e-09
0.7169595        -2.68234732e-06 9.55990259e-04 1.78511799e-07 -2.68594341e-06 9.09161014e-04 1.80070638e-07 3.59609261e-09 4.68292448e-05 -1.55883814e-09
0.7175067        -1.87604556e-06 8.49074900e-04 9.39312505e-08 -1.87789580e-06 8.02396918e-04 9.50973163e-08 1.85024138e-09 4.66779821e-05 -1.16606583e-09
0.718054         -1.91354741e-06 1.05208698e-03 3.39846910e-07 -1.91375875e-06 1.00525897e-03 3.40620226e-07 2.11337865e-10 4.68280132e-05 -7.73316457e-10
0.7186013        2.74302128e-06 1.13206756e-03 -8.46325383e-07 2.74275038e-06 1.08500121e-03 -8.45478659e-07 2.70908836e-10 4.70663436e-05 -8.46723364e-10
0.7191486        -2.68871135e-06 7.95683588e-04 4.55203774e-07 -2.68734655e-06 7.48869209e-04 4.55728463e-07 -1.36480185e-09 4.68143788e-05 -5.24689118e-10
0.7196959        7.35875652e-06 7.95456072e-04 -1.90694027e-06 7.35863877e-06 7.48879178e-04 -1.90605228e-06 1.17740516e-10 4.65768932e-05 -8.87995669e-10
0.7202432        -1.24656035e-06 1.29018491e-03 2.81700545e-07 -1.24562626e-06 1.24338636e-03 2.82336508e-07 -9.34089134e-10 4.67985470e-05 -6.35962937e-10
0.7207905        -1.59790225e-06 1.19272778e-03 3.36019023e-07 -1.59596200e-06 1.14582126e-03 3.36439111e-07 -1.94025167e-09 4.69065271e-05 -4.20088379e-10
0.7213378        -3.11859244e-06 6.26738602e-04 4.42196715e-07 -3.11500966e-06 5.80113565e-04 4.42356363e-07 -3.58277586e-09 4.66250374e-05 -1.59648055e-10
0.7218851        -3.31772823e-07 8.67608831e-04 -7.35597316e-08 -3.27551358e-07 8.21046619e-04 -7.34806470e-08 -4.22146441e-09 4.65622117e-05 -7.90846306e-11
0.7224324        2.05725014e-06 1.38934125e-03 -5.43574900e-07 2.06132563e-06 1.34248726e-03 -5.43443950e-07 -4.07549820e-09 4.68539907e-05 -1.30949269e-10
0.7229797        1.87454096e-06 1.07010753e-03 -7.27482678e-07 1.87856371e-06 1.02329714e-03 -7.27254886e-07 -4.02274978e-09 4.68103843e-05 -2.27792071e-10
0.723527         1.10487505e-06 7.79247720e-04 -5.13641004e-07 1.10905251e-06 7.32753169e-04 -5.13352467e-07 -4.17745872e-09 4.64945514e-05 -2.88537129e-10
0.7240743        -2.50837897e-08 9.64913610e-04 -1.63090382e-07 -2.04181205e-08 9.18438372e-04 -1.62859993e-07 -4.66566917e-09 4.64752382e-05 -2.30388864e-10
0.7246216        2.71534927e-06 1.06730423e-03 -6.15394690e-07 2.71961375e-06 1.02074533e-03 -6.15096033e-07 -4.26448673e-09 4.65588977e-05 -2.98656141e-10
0.7251689        -6.73348377e-07 1.02388539e-03 9.14073291e-08 -6.68372977e-07 9.77343137e-04 9.15758276e-08 -4.97539983e-09 4.65422518e-05 -1.68498519e-10
0.7257162        1.74386232e-06 1.04601455e-03 -6.49310516e-07 1.74885180e-06 9.99491468e-04 -6.49068889e-07 -4.98948049e-09 4.65230812e-05 -2.41626941e-10
0.7262635        4.44986773e-06 9.23810821e-04 -5.71801447e-07 4.45383576e-06 8.77424401e-04 -5.71463133e-07 -3.96802531e-09 4.63864205e-05 -3.38314202e-10
0.7268108        -2.52361223e-06 9.43890300e-04 1.02458418e-07 -2.51821269e-06 8.97624591e-04 1.02675054e-07 -5.39954347e-09 4.62657093e-05 -2.16635986e-10
0.7273581        -4.33899783e-07 1.08188736e-03 -1.66560416e-07 -4.27905388e-07 1.03559741e-03 -1.66361385e-07 -5.99439492e-09 4.62899439e-05 -1.99030274e-10
0.7279054        3.75876915e-06 1.06370373e-03 -1.21577526e-06 3.76401636e-06 1.01743487e-03 -1.21526440e-06 -5.24721244e-09 4.62688530e-05 -5.10860830e-10
0.7284527        -2.61700234e-06 9.71875281e-04 3.48577393e-07 -2.61060290e-06 9.25723533e-04 3.48977814e-07 -6.39944491e-09 4.61517480e-05 -4.00421093e-10
0.729            3.69961224e-06 9.83842708e-04 -1.02117455e-06 3.70523777e-06 9.37815278e-04 -1.02049380e-06 -5.62553335e-09 4.60274296e-05 -6.80745381e-10
0.7295625        -7.65007319e-08 8.79212065e-04 -1.75505720e-07 -7.04665668e-08 8.33420290e-04 -1.74808138e-07 -6.03416513e-09 4.57917749e-05 -6.97581896e-10
0.730125         1.34745430e-06 1.03637430e-03 -5.04246936e-07 1.35349648e-06 9.90590145e-04 -5.03425657e-07 -6.04218709e-09 4.57841545e-05 -8.21279165e-10
0.7306875        -8.00542264e-07 1.19893917e-03 2.37102240e-08 -7.93848089e-07 1.15297358e-03 2.45072669e-08 -6.69417574e-09 4.59655935e-05 -7.97042894e-10
0.73125          2.53588328e-06 8.88670227e-04 -3.87104077e-07 2.54198933e-06 8.43013329e-04 -3.86189496e-07 -6.10605631e-09 4.56568984e-05 -9.14581480e-10
0.7318209        -4.51321521e-06 8.01705277e-04 1.97437555e-07 -4.50514516e-06 7.56441709e-04 1.98261515e-07 -8.07004238e-09 4.52635680e-05 -8.23960457e-10
0.7323918        -1.85471886e-07 1.18911065e-03 -2.34806328e-07 -1.76906145e-07 1.14368538e-03 -2.33947350e-07 -8.56574165e-09 4.54252749e-05 -8.58978496e-10
0.7329627        2.65860270e-06 1.15760639e-03 -9.01080893e-07 2.66680451e-06 1.11212500e-03 -8.99994350e-07 -8.20181248e-09 4.54813842e-05 -1.08654255e-09
0.7335336        -1.75229783e-07 6.15673135e-04 -3.09564047e-07 -1.66544879e-07 5.70596620e-04 -3.08414634e-07 -8.68490385e-09 4.50765159e-05 -1.14941280e-09
0.7341137        1.13796741e-06 8.56507965e-04 -4.94096529e-07 1.14670409e-06 8.11620558e-04 -4.92826308e-07 -8.73667792e-09 4.48874079e-05 -1.27022146e-09
0.7346938        8.03754334e-07 1.11131959e-03 -4.19335600e-07 8.12787674e-07 1.06644629e-03 -4.17993944e-07 -9.03334049e-09 4.48733050e-05 -1.34165659e-09
0.7352739        1.09036946e-06 1.04531346e-03 -5.03182946e-07 1.09948729e-06 1.00056146e-03 -5.01720567e-07 -9.11783325e-09 4.47519972e-05 -1.46237892e-09
0.735854         2.60435999e-07 1.02301500e-03 -2.30096233e-07 2.69737879e-07 9.78403119e-04 -2.28555806e-07 -9.30188061e-09 4.46118860e-05 -1.54042658e-09
0.7364443        -3.57328424e-07 8.29910187e-04 2.10017252e-08 -3.47770051e-07 7.85524911e-04 2.25754512e-08 -9.55837305e-09 4.43852757e-05 -1.57372605e-09
0.7370346        -4.00673603e-06 8.45949731e-04 5.46944519e-07 -3.99564490e-06 8.01760903e-04 5.48395018e-07 -1.10911242e-08 4.41888275e-05 -1.45049886e-09
0.7376248        -1.34166839e-06 1.12142945e-03 2.58786587e-07 -1.33053190e-06 1.07730948e-03 2.60306633e-07 -1.11364905e-08 4.41199664e-05 -1.52004618e-09
0.7382263        -1.54491379e-06 8.60936151e-04 2.23257658e-07 -1.53322063e-06 8.17089689e-04 2.24749220e-07 -1.16931622e-08 4.38464625e-05 -1.49156183e-09
0.7388277        1.66204528e-07 5.79431836e-04 -4.42869057e-07 1.77986607e-07 5.36083714e-04 -4.41217530e-07 -1.17820791e-08 4.33481227e-05 -1.65152616e-09
0.7394411        4.15964207e-06 1.16179637e-03 -9.89143116e-07 4.17013414e-06 1.11835776e-03 -9.87159293e-07 -1.04920667e-08 4.34386098e-05 -1.98382250e-09
0.7400546        4.52841961e-07 1.19322055e-03 -4.30155265e-07 4.63454712e-07 1.14972249e-03 -4.28038556e-07 -1.06127507e-08 4.34980595e-05 -2.11670898e-09
0.740668         1.24427417e-06 6.37293690e-04 -4.15415532e-07 1.25462322e-06 5.94287843e-04 -4.13154067e-07 -1.03490436e-08 4.30058474e-05 -2.26146549e-09
0.7412815        5.79254902e-06 7.59915894e-04 -7.39943075e-07 5.80074609e-06 7.17224870e-04 -7.37437043e-07 -8.19707169e-09 4.26910240e-05 -2.50603247e-09
0.7419085        1.03567685e-06 8.12734579e-04 -4.72669433e-07 1.04365640e-06 7.70287630e-04 -4.70024263e-07 -7.97954430e-09 4.24469493e-05 -2.64516998e-09
0.7425356        -2.54581891e-06 8.45065624e-04 -2.49400973e-08 -2.53670398e-06 8.02799590e-04 -2.22918986e-08 -9.11492527e-09 4.22660335e-05 -2.64819868e-09
0.7431627        9.70250843e-07 8.76827872e-04 -5.12877415e-07 9.79225856e-07 8.34762813e-04 -5.10086597e-07 -8.97501359e-09 4.20650594e-05 -2.79081785e-09
0.7437898        2.78231160e-06 9.61176581e-04 -8.15901073e-07 2.79058245e-06 9.19438465e-04 -8.12890055e-07 -8.27085399e-09 4.17381156e-05 -3.01101814e-09
0.7444325        -2.51510096e-06 8.90298137e-04 1.35268101e-08 -2.50561615e-06 8.48756458e-04 1.64964356e-08 -9.48481173e-09 4.15416789e-05 -2.96962548e-09
0.7450753        2.31048388e-06 8.47869919e-04 -5.01676009e-07 2.31938561e-06 8.06505498e-04 -4.98555116e-07 -8.90173269e-09 4.13644206e-05 -3.12089365e-09
0.745718         -2.35193896e-07 4.93248219e-04 -2.23577544e-07 -2.25885080e-07 4.52363139e-04 -2.20427077e-07 -9.30881607e-09 4.08850796e-05 -3.15046707e-09
0.7463787        -3.37807245e-07 7.08030991e-04 -1.78674595e-07 -3.28054197e-07 6.67415457e-04 -1.75504451e-07 -9.75304809e-09 4.06155338e-05 -3.17014467e-09
0.7470393        4.36745847e-06 8.92675292e-04 -6.41091082e-07 4.37571987e-06 8.52181954e-04 -6.37737350e-07 -8.26139994e-09 4.04933382e-05 -3.35373224e-09
0.7476999        2.21825788e-06 7.05395426e-04 -5.26272034e-07 2.22617016e-06 6.65363887e-04 -5.22805381e-07 -7.91228469e-09 4.00315394e-05 -3.46665270e-09
0.7483811        9.42740072e-07 6.85889586e-04 -2.68478800e-07 9.50539004e-07 6.46275389e-04 -2.64943051e-07 -7.79893220e-09 3.96141962e-05 -3.53574910e-09
0.7490624        -2.37857120e-06 6.93380151e-04 -1.54124043e-07 -2.36957920e-06 6.54146790e-04 -1.50560928e-07 -8.99200284e-09 3.92333604e-05 -3.56311501e-09
0.7497436        1.27537423e-06 9.08145701e-04 -4.00843804e-07 1.28406751e-06 8.69095778e-04 -3.97170586e-07 -8.69328490e-09 3.90499234e-05 -3.67321854e-09
0.7504249        9.11095585e-07 5.61834999e-04 -4.36358302e-07 9.19491206e-07 5.23159609e-04 -4.32540088e-07 -8.39562086e-09 3.86753894e-05 -3.81821421e-09
0.7511314        -3.29561631e-07 2.84744750e-04 -2.33335188e-07 -3.21114214e-07 2.46630495e-04 -2.29448295e-07 -8.44741696e-09 3.81142545e-05 -3.88689345e-09
0.7518379        2.84119077e-06 1.00419144e-03 -7.88530837e-07 2.84841721e-06 9.66267233e-04 -7.84407390e-07 -7.22643744e-09 3.79242061e-05 -4.12344669e-09
0.7525443        1.47338006e-06 6.11939827e-04 -4.13301023e-07 1.47990750e-06 5.74435014e-04 -4.09068090e-07 -6.52744622e-09 3.75048126e-05 -4.23293242e-09
0.7532508        2.87684676e-06 3.45238531e-04 -6.36231516e-07 2.88212445e-06 3.08265285e-04 -6.31825233e-07 -5.27768929e-09 3.69732454e-05 -4.40628313e-09
0.7539894        -3.78834778e-06 5.90611152e-04 6.18492007e-07 -3.78178892e-06 5.53988660e-04 6.22677298e-07 -6.55885670e-09 3.66224913e-05 -4.18529109e-09
0.754728         2.60486657e-06 5.80109011e-04 -4.31164998e-07 2.61017030e-06 5.44055850e-04 -4.26840142e-07 -5.30372546e-09 3.60531613e-05 -4.32485572e-09
0.7554666        -4.25101492e-06 5.39880805e-04 4.88001427e-07 -4.24400722e-06 5.04348658e-04 4.92146768e-07 -7.00770173e-09 3.55321468e-05 -4.14534116e-09
0.7562463        -2.15649446e-07 3.91588230e-04 -7.77041314e-08 -2.08594385e-07 3.56405295e-04 -7.35425285e-08 -7.05506110e-09 3.51829352e-05 -4.16160284e-09
0.7570259        -2.28457690e-07 7.49373405e-04 -2.13793058e-07 -2.21187303e-07 7.14519739e-04 -2.09573124e-07 -7.27038749e-09 3.48536657e-05 -4.21993449e-09
0.7578055        1.86167279e-06 4.94654379e-04 -4.75110103e-07 1.86823012e-06 4.60402708e-04 -4.70752591e-07 -6.55732247e-09 3.42516715e-05 -4.35751150e-09
0.7585852        2.55568131e-06 3.58947645e-04 -4.31135567e-07 2.56118817e-06 3.25307427e-04 -4.26656791e-07 -5.50685551e-09 3.36402180e-05 -4.47877629e-09
0.7593648        1.05305256e-06 3.11305081e-04 -9.60606539e-08 1.05814561e-06 2.78188856e-04 -9.15853488e-08 -5.09304880e-09 3.31162250e-05 -4.47530514e-09
0.7602094        2.86011289e-06 4.02599475e-04 -2.93490166e-07 2.86393373e-06 3.70148801e-04 -2.88951453e-07 -3.82084497e-09 3.24506737e-05 -4.53871271e-09
0.761054         5.13379477e-07 3.08056216e-04 -1.84280241e-07 5.17240494e-07 2.76181884e-04 -1.79724595e-07 -3.86101687e-09 3.18743327e-05 -4.55564537e-09
0.7618986        1.15012017e-06 4.60875473e-04 -2.71517275e-07 1.15376720e-06 4.29415782e-04 -2.66915381e-07 -3.64703355e-09 3.14596910e-05 -4.60189420e-09
0.7627432        -8.42494451e-07 3.28033709e-04 -1.46581039e-07 -8.38145851e-07 2.97173721e-04 -1.41952754e-07 -4.34860004e-09 3.08599882e-05 -4.62828586e-09
0.7635878        2.25339654e-06 1.47814197e-04 -3.55934655e-07 2.25674303e-06 1.17819291e-04 -3.51172279e-07 -3.34648698e-09 2.99949064e-05 -4.76237648e-09
0.7644324        -2.26949700e-07 8.97769588e-05 -2.21750588e-07 -2.23648980e-07 6.06416716e-05 -2.16902035e-07 -3.30071952e-09 2.91352872e-05 -4.84855255e-09
0.765277         1.62511923e-07 5.65702150e-04 -2.14382186e-07 1.65658792e-07 5.36787726e-04 -2.09444499e-07 -3.14686924e-09 2.89144242e-05 -4.93768769e-09
0.7661216        2.67124999e-07 1.10731213e-04 -1.92986773e-07 2.70247311e-07 8.26847851e-05 -1.88012265e-07 -3.12231137e-09 2.80464281e-05 -4.97450824e-09
0.7669662        1.48281431e-06 -1.73783143e-04 -3.20094968e-07 1.48538731e-06 -2.01032046e-04 -3.15044100e-07 -2.57299973e-09 2.72489032e-05 -5.05086750e-09
0.7678108        1.91084411e-06 1.32512886e-04 -3.43502428e-07 1.91267234e-06 1.05935450e-04 -3.38371187e-07 -1.82822720e-09 2.65774365e-05 -5.13124153e-09
0.7686554        2.62212548e-06 3.96042704e-04 -2.76937774e-07 2.62278165e-06 3.70115297e-04 -2.71760490e-07 -6.56167273e-10 2.59274072e-05 -5.17728379e-09
0.7695           1.99603879e-06 -9.26502011e-05 -3.52056984e-07 1.99591155e-06 -1.17800287e-04 -3.46795117e-07 1.27236661e-10 2.51500863e-05 -5.26186711e-09
0.7704419        5.67205504e-07 -8.12660735e-05 -2.39867360e-07 5.66998050e-07 -1.05546187e-04 -2.34558494e-07 2.07454826e-10 2.42801140e-05 -5.30886594e-09
0.7714829        -1.09068373e-06 3.22645160e-04 -9.24312741e-08 -1.08989043e-06 2.98969069e-04 -8.71336680e-08 -7.93293947e-10 2.36760912e-05 -5.29760608e-09
0.7725528        1.22656445e-06 -3.02494471e-04 -2.20672221e-07 1.22690935e-06 -3.24900375e-04 -2.15342493e-07 -3.44893920e-10 2.24059036e-05 -5.32972805e-09
0.7736875        2.06278882e-07 1.13919170e-04 -1.75323068e-07 2.06744290e-07 9.22170495e-05 -1.69990648e-07 -4.65407921e-10 2.17021200e-05 -5.33242008e-09
0.7748223        8.06534783e-07 -1.90528938e-04 -2.58352979e-07 8.06768752e-07 -2.10943412e-04 -2.52983947e-07 -2.33968854e-10 2.04144746e-05 -5.36903232e-09
0.7759949        5.96996238e-07 1.11295732e-05 -2.25936383e-07 5.97109825e-07 -8.45745517e-06 -2.20560254e-07 -1.13587516e-10 1.95870284e-05 -5.37612920e-09
0.7772094        1.46152296e-06 -3.75502167e-04 -2.97325032e-07 1.46085011e-06 -3.93613956e-04 -2.91914174e-07 6.72848867e-10 1.81117895e-05 -5.41085790e-09
0.7784705        2.89701367e-07 7.19561783e-06 -9.62146570e-08 2.89165634e-07 -9.94829216e-06 -9.08955784e-08 5.35732929e-10 1.71439100e-05 -5.31907862e-09
0.7797843        3.76170239e-07 -3.49940372e-04 -1.55876746e-07 3.75549679e-07 -3.65525261e-04 -1.50593746e-07 6.20559536e-10 1.55848883e-05 -5.28299960e-09
0.7811577        -1.18739384e-06 -1.80499143e-04 8.77164425e-09 -1.18712085e-06 -1.94929282e-04 1.39204694e-08 -2.72990335e-10 1.44301397e-05 -5.14882514e-09
0.7825312        -3.57152139e-07 -3.26574285e-04 -4.25594762e-08 -3.56579877e-07 -3.39634194e-04 -3.75069103e-08 -5.72262098e-10 1.30599091e-05 -5.05256590e-09
0.7839769        6.15804806e-07 -5.12413155e-04 -1.66089791e-07 6.16099039e-07 -5.23792704e-04 -1.61029105e-07 -2.94233628e-10 1.13795486e-05 -5.06068640e-09
0.7854226        2.21203780e-06 -3.54879263e-04 -2.30174470e-07 2.21086393e-06 -3.64748526e-04 -2.25094792e-07 1.17387341e-09 9.86926315e-06 -5.07967789e-09
0.7868683        5.79005566e-07 -4.25030981e-04 -1.99953536e-07 5.77613482e-07 -4.33422905e-04 -1.94884133e-07 1.39208392e-09 8.39192367e-06 -5.06940263e-09
0.7883141        1.24391832e-07 -5.36873558e-04 -2.42316639e-08 1.23017422e-07 -5.43663290e-04 -1.92783281e-08 1.37440985e-09 6.78973149e-06 -4.95333584e-09
0.7897598        5.35524918e-08 -4.86814994e-04 -1.29860941e-07 5.23863032e-08 -4.92000659e-04 -1.24975039e-07 1.16618869e-09 5.18566527e-06 -4.88590199e-09
0.7911091        2.91686818e-07 -6.09033524e-04 -1.44818264e-07 2.90557905e-07 -6.12673034e-04 -1.39993491e-07 1.12891368e-09 3.63950922e-06 -4.82477246e-09
0.7924585        5.73523994e-07 -7.21259163e-04 -1.33809904e-07 5.72129834e-07 -7.23279607e-04 -1.29035402e-07 1.39415971e-09 2.02044354e-06 -4.77450216e-09
0.7938078        2.93476441e-07 -4.73097378e-04 -1.07943283e-07 2.92011578e-07 -4.73763473e-04 -1.03214191e-07 1.46486390e-09 6.66094888e-07 -4.72909132e-09
0.7951572        1.38100710e-08 -7.53462338e-04 -8.76283069e-08 1.24344436e-08 -7.52445576e-04 -8.29408797e-08 1.37562741e-09 -1.01676107e-06 -4.68742724e-09
0.7965065        -1.02146025e-07 -7.28031478e-04 -5.55050609e-08 -1.03353448e-07 -7.25426816e-04 -5.08670424e-08 1.20742333e-09 -2.60466226e-06 -4.63801844e-09
0.7978559        -2.93390434e-07 -7.35988699e-04 8.73642337e-09 -2.94284189e-07 -7.31814385e-04 1.32712313e-08 8.93755023e-10 -4.17431427e-06 -4.53480798e-09
0.7992052        -8.26819384e-07 -5.55896585e-04 -2.82118824e-08 -8.27126812e-07 -5.50300784e-04 -2.37757131e-08 3.07427650e-10 -5.59580064e-06 -4.43616933e-09
0.8005546        6.55762257e-07 -8.46381948e-04 -1.17509237e-07 6.55070770e-07 -8.39221746e-04 -1.13125745e-07 6.91486834e-10 -7.16020181e-06 -4.38349132e-09
0.8019039        1.06245320e-06 -7.71074841e-04 -1.91170776e-08 1.06095228e-06 -7.62363398e-04 -1.48581259e-08 1.50092130e-09 -8.71144328e-06 -4.25895171e-09
0.8032533        1.31768318e-07 -8.83050343e-04 -5.70487371e-08 1.30330263e-07 -8.72668085e-04 -5.28648842e-08 1.43805465e-09 -1.03822576e-05 -4.18385291e-09
0.8046026        1.96925364e-07 -7.50686023e-04 -1.38077463e-07 1.95606888e-07 -7.38775247e-04 -1.33930103e-07 1.31847596e-09 -1.19107754e-05 -4.14735995e-09
0.805952         -1.63440691e-07 -8.58569126e-04 -9.27101357e-08 -1.64358375e-07 -8.45144918e-04 -8.86297238e-08 9.17683089e-10 -1.34242086e-05 -4.08041190e-09
0.8073013        -5.93875999e-07 -9.50303973e-04 -8.44072647e-08 -5.94089098e-07 -9.35263025e-04 -8.04004791e-08 2.13098736e-10 -1.50409478e-05 -4.00678562e-09
0.8086507        -9.39717033e-08 -8.74666758e-04 -8.25723436e-08 -9.40248265e-08 -8.58145495e-04 -7.86221963e-08 5.31231966e-11 -1.65212630e-05 -3.95014729e-09
0.81             -4.37405543e-07 -8.85068951e-04 -7.29154594e-08 -4.37080144e-07 -8.67083870e-04 -6.90233732e-08 -3.25399380e-10 -1.79850802e-05 -3.89208623e-09
0.8110946        -5.30263075e-07 -9.12250689e-04 -7.11541509e-08 -5.29521428e-07 -8.93317884e-04 -6.73182435e-08 -7.41646994e-10 -1.89328049e-05 -3.83590736e-09
0.8121596        -5.46367316e-07 -1.08773110e-03 -5.70682264e-08 -5.45228980e-07 -1.06827231e-03 -5.32894107e-08 -1.13833581e-09 -1.94587937e-05 -3.77881566e-09
0.8132246        -7.20265645e-07 -6.24063401e-04 -5.26987145e-08 -7.18651221e-07 -6.04321095e-04 -4.89701800e-08 -1.61442416e-09 -1.97423052e-05 -3.72853451e-09
0.81426          -4.23458555e-07 -9.44379394e-04 -5.40453104e-08 -4.21617538e-07 -9.24110435e-04 -5.03611624e-08 -1.84101644e-09 -2.02689592e-05 -3.68414799e-09
0.8152667        -3.99633258e-07 -6.80584712e-04 -4.74408494e-08 -3.97629647e-07 -6.60030510e-04 -4.38012915e-08 -2.00361042e-09 -2.05542021e-05 -3.63955790e-09
0.8162734        -5.92604071e-07 -1.12424798e-03 -3.73910905e-08 -5.90470291e-07 -1.10319838e-03 -3.37905422e-08 -2.13378020e-09 -2.10495959e-05 -3.60054827e-09
0.8172513        -1.16858934e-06 -7.79632885e-04 4.38869259e-08 -1.16611921e-06 -7.58333514e-04 4.74294881e-08 -2.47012719e-09 -2.12993707e-05 -3.54256220e-09
0.8182292        -8.64437078e-07 -8.96345959e-04 -1.36908178e-08 -8.61892695e-07 -8.74534273e-04 -1.01796387e-08 -2.54438246e-09 -2.18116858e-05 -3.51117911e-09
0.8192071        -4.64574352e-07 -8.02010365e-04 -4.90946919e-08 -4.62191784e-07 -7.79966486e-04 -4.56100511e-08 -2.38256773e-09 -2.20438791e-05 -3.48464078e-09
0.820185         -1.03754212e-06 -1.06879815e-03 -3.65257769e-08 -1.03506859e-06 -1.04623604e-03 -3.30683291e-08 -2.47352859e-09 -2.25621129e-05 -3.45744778e-09
0.8211323        -7.55079266e-07 -8.32017464e-04 -2.49007305e-08 -7.52721378e-07 -8.09244971e-04 -2.14805672e-08 -2.35788783e-09 -2.27724931e-05 -3.42016331e-09
0.8220797        -8.73583610e-07 -6.62928088e-04 -1.90487755e-08 -8.71277784e-07 -6.39929118e-04 -1.56611127e-08 -2.30582625e-09 -2.29989702e-05 -3.38766283e-09
0.823027         -3.28127856e-07 -1.54135964e-03 -4.08401578e-08 -3.26284003e-07 -1.51757360e-03 -3.74656162e-08 -1.84385344e-09 -2.37860416e-05 -3.37454166e-09
0.8239744        -1.22258444e-06 -5.16730184e-04 -4.86742420e-08 -1.22069416e-06 -4.92974749e-04 -4.53082195e-08 -1.89027425e-09 -2.37554359e-05 -3.36602257e-09
0.8249217        -5.90109096e-07 -1.15320550e-03 -3.00385363e-08 -5.88586779e-07 -1.12904396e-03 -2.67016816e-08 -1.52231766e-09 -2.41615481e-05 -3.33685474e-09
0.8258691        -4.41870949e-07 -1.11432066e-03 -2.48252108e-08 -4.40738659e-07 -1.08963306e-03 -2.15359064e-08 -1.13228998e-09 -2.46876090e-05 -3.28930438e-09
0.8268164        -3.79648911e-07 -8.05805706e-04 -5.43893639e-08 -3.78892895e-07 -7.80822421e-04 -5.11394329e-08 -7.56016695e-10 -2.49832855e-05 -3.24993097e-09
0.8277637        -5.87491836e-07 -9.33442666e-04 -3.52380388e-08 -5.87063977e-07 -9.08265479e-04 -3.20261735e-08 -4.27858400e-10 -2.51771862e-05 -3.21186523e-09
0.8287111        2.57570586e-06 -1.14866780e-03 -4.19352982e-07 2.57427404e-06 -1.12312751e-03 -4.16025746e-07 1.43182752e-09 -2.55402935e-05 -3.32723637e-09
0.8296584        -3.48038611e-06 -1.14819188e-03 3.57076256e-07 -3.48083912e-06 -1.12213821e-03 3.60231198e-07 4.53008933e-10 -2.60536671e-05 -3.15494238e-09
0.8306058        -3.86253094e-07 -1.02193413e-03 4.94074123e-09 -3.87250478e-07 -9.95499629e-04 8.04638766e-09 9.97383929e-10 -2.64345054e-05 -3.10564643e-09
0.8315531        -4.18601260e-07 -9.98051574e-04 -2.89628535e-08 -4.20044229e-07 -9.71450464e-04 -2.58909965e-08 1.44296900e-09 -2.66011101e-05 -3.07185692e-09
0.8325005        -2.73586340e-07 -1.08321895e-03 -3.99932730e-08 -2.75636362e-07 -1.05634363e-03 -3.69500898e-08 2.05002230e-09 -2.68753228e-05 -3.04318319e-09
0.8334478        -3.68939568e-07 -9.68080833e-04 -3.33379898e-08 -3.71596525e-07 -9.40738204e-04 -3.03336685e-08 2.65695737e-09 -2.73426290e-05 -3.00432133e-09
0.8343453        -3.75192310e-07 -1.18609037e-03 -3.77781645e-08 -3.78333516e-07 -1.15855830e-03 -3.48250013e-08 3.14120567e-09 -2.75320701e-05 -2.95316322e-09
0.8352428        -3.84522566e-07 -1.28304989e-03 -3.01880186e-08 -3.88045035e-07 -1.25507761e-03 -2.72911756e-08 3.52246880e-09 -2.79722788e-05 -2.89684300e-09
0.8361403        1.10897860e-07 -8.88944135e-04 -1.64771441e-07 1.06753113e-07 -8.60771458e-04 -1.61884279e-07 4.14474706e-09 -2.81726769e-05 -2.88716232e-09
0.8370377        -6.49949386e-07 -1.12736011e-03 -1.74037274e-08 -6.54475556e-07 -1.09905240e-03 -1.45735428e-08 4.52617016e-09 -2.83077165e-05 -2.83018461e-09
0.8379352        -1.45541889e-06 -1.17986854e-03 -4.64825870e-08 -1.45987605e-06 -1.15116403e-03 -4.36881492e-08 4.45715881e-09 -2.87045067e-05 -2.79443778e-09
0.8388327        9.91258971e-07 -1.29396620e-03 -7.55880699e-08 9.85665448e-07 -1.26480666e-03 -7.28302339e-08 5.59352336e-09 -2.91595361e-05 -2.75783594e-09
0.8397302        -6.33044834e-07 -1.22425940e-03 -2.23626995e-08 -6.39037263e-07 -1.19480961e-03 -1.96549107e-08 5.99242815e-09 -2.94497831e-05 -2.70778881e-09
0.8406277        -7.77963822e-07 -1.07346940e-03 3.66979349e-08 -7.84159348e-07 -1.04388004e-03 3.93386295e-08 6.19552546e-09 -2.95893601e-05 -2.64069458e-09
0.8415252        -4.71492494e-07 -1.12945632e-03 6.80131602e-08 -4.78113378e-07 -1.09966760e-03 7.05773755e-08 6.62088366e-09 -2.97887160e-05 -2.56421533e-09
0.8424226        -6.56443543e-07 -1.39239368e-03 -1.41362502e-07 -6.63281578e-07 -1.36216211e-03 -1.38801634e-07 6.83803440e-09 -3.02315741e-05 -2.56086771e-09
0.8433201        -1.92922833e-06 -9.26844803e-04 2.16538915e-07 -1.93567133e-06 -8.96493790e-04 2.18938086e-07 6.44300337e-09 -3.03510130e-05 -2.39917091e-09
0.8442176        9.86043592e-07 -1.40886277e-03 -2.15331828e-07 9.78692486e-07 -1.37805579e-03 -2.12929576e-07 7.35110598e-09 -3.08069743e-05 -2.40225178e-09
0.8451151        -4.00923413e-07 -1.32503415e-03 -6.00347191e-08 -4.08368012e-07 -1.29408008e-03 -5.76952786e-08 7.44459918e-09 -3.09540750e-05 -2.33944048e-09
0.8460126        8.85437241e-07 -1.06408268e-03 2.12610544e-08 8.77220335e-07 -1.03299186e-03 2.35047212e-08 8.21690589e-09 -3.10908184e-05 -2.24366681e-09
0.8469101        1.74855192e-07 -1.24955302e-03 -4.15917859e-08 1.66268491e-07 -1.21814182e-03 -3.93971338e-08 8.58670090e-09 -3.14111981e-05 -2.19465212e-09
0.8478075        1.92411734e-07 -1.33756931e-03 -2.27104914e-09 1.83370413e-07 -1.30587012e-03 -1.23434924e-10 9.04132145e-09 -3.16991944e-05 -2.14761422e-09
0.848705         2.27180039e-07 -1.21247341e-03 -7.66993674e-08 2.17662162e-07 -1.18056533e-03 -7.45513342e-08 9.51787744e-09 -3.19080803e-05 -2.14803324e-09
0.8496025        -3.26467050e-07 -1.31420777e-03 -3.34166984e-08 -3.36174834e-07 -1.28191893e-03 -3.12659260e-08 9.70778475e-09 -3.22888385e-05 -2.15077248e-09
0.8505           -6.19344699e-08 -1.34930392e-03 -5.81498166e-08 -7.18941494e-08 -1.31689661e-03 -5.60097225e-08 9.95967949e-09 -3.24073078e-05 -2.14009411e-09
0.8513438        9.61665372e-07 -1.01423858e-03 -5.25375462e-08 9.51140019e-07 -9.81721139e-04 -5.04348593e-08 1.05253532e-08 -3.25174376e-05 -2.10268687e-09
0.8521875        -5.45852339e-07 -1.66181141e-03 6.95105130e-08 -5.56117602e-07 -1.62891021e-03 7.15440019e-08 1.02652629e-08 -3.29012003e-05 -2.03348898e-09
0.8530313        1.59219586e-06 -1.24303108e-03 -2.37076399e-07 1.58138461e-06 -1.20995384e-03 -2.35018642e-07 1.08112505e-08 -3.30772449e-05 -2.05775755e-09
0.853875         7.43932269e-07 -1.08272524e-03 -1.38038573e-07 7.32957973e-07 -1.04954644e-03 -1.36004147e-07 1.09742968e-08 -3.31787995e-05 -2.03442647e-09
0.8547188        1.16096659e-06 -1.31507487e-03 -1.29266945e-07 1.14958082e-06 -1.28169099e-03 -1.27264555e-07 1.13857631e-08 -3.33838851e-05 -2.00239057e-09
0.8555625        7.34899602e-07 -1.52651274e-03 -1.27728252e-07 7.23293382e-07 -1.49276037e-03 -1.25760903e-07 1.16062205e-08 -3.37523684e-05 -1.96734925e-09
0.8563866        2.57506974e-06 -1.27958673e-03 -2.19219597e-07 2.56363010e-06 -1.24571269e-03 -2.17318322e-07 1.14396361e-08 -3.38740438e-05 -1.90127570e-09
0.8572108        -3.98887946e-06 -1.22873139e-03 1.33278940e-07 -3.99863778e-06 -1.19478786e-03 1.35065625e-07 9.75831712e-09 -3.39435367e-05 -1.78668571e-09
0.8580349        4.31851666e-07 -1.35260976e-03 -1.10171890e-07 4.21805511e-07 -1.31833800e-03 -1.08398691e-07 1.00461547e-08 -3.42717567e-05 -1.77319926e-09
0.858859         1.01218644e-06 -1.41392222e-03 -1.04194643e-07 1.00164696e-06 -1.37937667e-03 -1.02436855e-07 1.05394773e-08 -3.45455511e-05 -1.75778783e-09
0.8596831        1.29906780e-06 -1.38264855e-03 -1.43024053e-07 1.28796221e-06 -1.34801540e-03 -1.41269928e-07 1.11055892e-08 -3.46331510e-05 -1.75412481e-09
0.8605073        3.57270838e-06 -1.49828291e-03 -2.93768546e-07 3.55998778e-06 -1.46319338e-03 -2.91955205e-07 1.27206015e-08 -3.50895270e-05 -1.81334057e-09
0.8613314        -8.14399074e-07 -9.23182095e-04 -5.56780522e-08 -8.26398384e-07 -8.88296410e-04 -5.38857605e-08 1.19993095e-08 -3.48856853e-05 -1.79229174e-09
0.8621555        1.54776702e-06 -1.59006027e-03 -1.90325297e-07 1.53525005e-06 -1.55490357e-03 -1.88505502e-07 1.25169663e-08 -3.51567001e-05 -1.81979511e-09
0.8629797        1.96509470e-06 -1.62925892e-03 -2.09503337e-07 1.95200000e-06 -1.59371027e-03 -2.07651073e-07 1.30947011e-08 -3.55486486e-05 -1.85226353e-09
0.8638038        1.92283625e-06 -1.34039569e-03 -2.19487264e-07 1.90924426e-06 -1.30461498e-03 -2.17606974e-07 1.35919938e-08 -3.57807113e-05 -1.88029014e-09
0.8646279        9.94078312e-07 -1.04894298e-03 -1.08654992e-07 9.80496453e-07 -1.01330099e-03 -1.06798430e-07 1.35818596e-08 -3.56419880e-05 -1.85656174e-09
0.865452         2.58352408e-06 -1.60575463e-03 -2.71258977e-07 2.56927743e-06 -1.56973095e-03 -2.69386734e-07 1.42466542e-08 -3.60236865e-05 -1.87224300e-09
0.8662762        -7.90559800e-07 -1.38420482e-03 1.17983724e-08 -8.03971985e-07 -1.34805047e-03 1.35931857e-08 1.34121846e-08 -3.61543418e-05 -1.79481332e-09
0.8671003        -1.51323650e-08 -1.43369593e-03 -7.91892574e-08 -2.80632036e-08 -1.39726126e-03 -7.74281912e-08 1.29308386e-08 -3.64346741e-05 -1.76106619e-09
0.8679244        7.13683312e-07 -1.50468176e-03 -1.21386609e-07 7.00783022e-07 -1.46796435e-03 -1.19629569e-07 1.29002896e-08 -3.67174049e-05 -1.75703922e-09
0.8687485        -2.09154536e-07 -1.57008351e-03 -1.17682153e-07 -2.21363589e-07 -1.53327248e-03 -1.15923523e-07 1.22090533e-08 -3.68110344e-05 -1.75863038e-09
0.8695727        1.56524741e-06 -1.32763695e-03 -2.81265088e-07 1.55262696e-06 -1.29076498e-03 -2.79438888e-07 1.26204475e-08 -3.68719758e-05 -1.82619996e-09
0.8703968        3.58424849e-07 -1.24299619e-03 -4.92069580e-08 3.45928962e-07 -1.20596679e-03 -4.74008870e-08 1.24958869e-08 -3.70293945e-05 -1.80607102e-09
0.8712209        1.84650199e-06 -1.29939021e-03 -1.41885591e-07 1.83325630e-06 -1.26226596e-03 -1.40031844e-07 1.32456865e-08 -3.71242504e-05 -1.85374757e-09
0.8720451        1.22983872e-06 -1.59697513e-03 -1.58692449e-07 1.21608998e-06 -1.55963733e-03 -1.56762144e-07 1.37487396e-08 -3.73377925e-05 -1.93030506e-09
0.8728692        1.57626160e-06 -1.81354154e-03 -1.80062562e-07 1.56184788e-06 -1.77587644e-03 -1.78046727e-07 1.44137283e-08 -3.76651071e-05 -2.01583499e-09
0.8736575        -1.81471991e-06 -1.22323116e-03 1.82747683e-07 -1.82820712e-06 -1.18550966e-03 1.84716021e-07 1.34872180e-08 -3.77214989e-05 -1.96833793e-09
0.8744458        2.79673846e-06 -1.47140732e-03 -3.36335395e-07 2.78201441e-06 -1.43354887e-03 -3.34187077e-07 1.47240444e-08 -3.78584575e-05 -2.14831826e-09
0.8752341        2.91702244e-06 -1.51308157e-03 -2.73056372e-07 2.90076690e-06 -1.47518292e-03 -2.70735683e-07 1.62555377e-08 -3.78986511e-05 -2.32068811e-09
0.8760224        2.29013326e-06 -1.60823696e-03 -2.84586391e-07 2.27330575e-06 -1.57015703e-03 -2.82170709e-07 1.68275096e-08 -3.80799379e-05 -2.41568149e-09
0.8768107        2.57425046e-06 -1.64548790e-03 -3.85157028e-07 2.55716734e-06 -1.60702654e-03 -3.82651568e-07 1.70831207e-08 -3.84613609e-05 -2.50545983e-09
0.877599         3.36599214e-06 -1.04568012e-03 -2.96476359e-07 3.34785525e-06 -1.00749683e-03 -2.93888861e-07 1.81368946e-08 -3.81832857e-05 -2.58749736e-09
0.8783873        8.04469668e-07 -1.72900536e-03 -2.29891750e-07 7.86569030e-07 -1.69047800e-03 -2.27235975e-07 1.79006384e-08 -3.85273620e-05 -2.65577510e-09
0.8791756        1.03164607e-06 -1.60138687e-03 -2.00708624e-07 1.01364459e-06 -1.56267620e-03 -1.97985018e-07 1.80014821e-08 -3.87106680e-05 -2.72360589e-09
0.8799639        1.06086788e-06 -1.49841350e-03 -2.10185856e-07 1.04264557e-06 -1.45961024e-03 -2.07379925e-07 1.82223125e-08 -3.88032603e-05 -2.80593105e-09
0.8807521        1.11709021e-06 -1.85451878e-03 -1.81923481e-07 1.09846155e-06 -1.81532931e-03 -1.79026653e-07 1.86286628e-08 -3.91894707e-05 -2.89682818e-09
0.8815404        4.62502939e-06 -9.36727679e-04 -6.18791965e-07 4.60454679e-06 -8.97764291e-04 -6.15641989e-07 2.04825988e-08 -3.89633872e-05 -3.14997617e-09
0.8823287        -9.89443298e-07 -1.77898503e-03 -1.39191257e-07 -1.00927597e-06 -1.73976177e-03 -1.35964217e-07 1.98326771e-08 -3.92232635e-05 -3.22704031e-09
0.883117         8.97841631e-07 -1.66296963e-03 -1.56757043e-07 8.77574798e-07 -1.62362095e-03 -1.53419169e-07 2.02668337e-08 -3.93486850e-05 -3.33787367e-09
0.8839053        5.33565832e-06 -1.19864366e-03 -6.07212871e-07 5.31296007e-06 -1.15948573e-03 -6.03563055e-07 2.26982577e-08 -3.91579370e-05 -3.64981642e-09
0.8846936        -1.48745510e-06 -1.91648679e-03 1.75461068e-07 -1.50977854e-06 -1.87689507e-03 1.79120223e-07 2.23234409e-08 -3.95917281e-05 -3.65915469e-09
0.8854819        1.23857354e-06 -1.56765468e-03 -1.23889306e-07 1.21519946e-06 -1.52800316e-03 -1.20044227e-07 2.33740832e-08 -3.96515221e-05 -3.84507857e-09
0.8862702        4.80722487e-06 -1.47436038e-03 -5.37009916e-07 4.78135489e-06 -1.43460618e-03 -5.32814164e-07 2.58699817e-08 -3.97541995e-05 -4.19575230e-09
0.8870585        -4.16127407e-06 -1.50207764e-03 4.18965180e-07 -4.18569395e-06 -1.46219502e-03 4.23114348e-07 2.44198813e-08 -3.98826183e-05 -4.14916769e-09
0.8878468        3.94688715e-08 -1.66669875e-03 -1.06919590e-08 1.45090981e-08 -1.62680699e-03 -6.37927460e-09 2.49597734e-08 -3.98917660e-05 -4.31268442e-09
0.8886351        -8.89070742e-06 -1.60012502e-03 1.37500387e-06 -8.91241845e-06 -1.56013258e-03 1.37895717e-06 2.17110307e-08 -3.99924413e-05 -3.95330135e-09
0.8894234        8.07954999e-06 -1.83593878e-03 -1.40966882e-06 8.05372360e-06 -1.79567821e-03 -1.40502166e-06 2.58263850e-08 -4.02605744e-05 -4.64716333e-09
0.8902117        1.20129338e-06 -1.63287521e-03 -1.75194599e-07 1.17445055e-06 -1.59249096e-03 -1.70361821e-07 2.68428321e-08 -4.03842451e-05 -4.83277875e-09
0.891            2.70308298e-06 -1.20077446e-03 -3.01886264e-07 2.67460003e-06 -1.16049593e-03 -2.96824127e-07 2.84829505e-08 -4.02785311e-05 -5.06213692e-09
0.89175          1.59646893e-06 -2.12520741e-03 -1.59460369e-07 1.56687021e-06 -2.08461852e-03 -1.54223867e-07 2.95987265e-08 -4.05888916e-05 -5.23650199e-09
0.8924861        2.31968933e-06 -1.46938861e-03 -5.08231629e-07 2.28839824e-06 -1.42892206e-03 -5.02615891e-07 3.12910921e-08 -4.04665513e-05 -5.61573718e-09
0.8932222        -4.65646531e-06 -1.51615959e-03 9.98945575e-07 -4.68675603e-06 -1.47566432e-03 1.00440770e-06 3.02907208e-08 -4.04952708e-05 -5.46212401e-09
0.8939583        1.17126936e-06 -1.93652566e-03 -8.80369761e-08 1.13970858e-06 -1.89574361e-03 -8.23302150e-08 3.15607777e-08 -4.07820498e-05 -5.70676105e-09
0.8946803        2.88539735e-08 -1.36477510e-03 -7.07282165e-09 -3.51532366e-09 -1.32419673e-03 -1.12722052e-09 3.23692971e-08 -4.05783695e-05 -5.94560113e-09
0.8954022        1.07824424e-06 -1.64065737e-03 -4.03556721e-08 1.04490420e-06 -1.59988837e-03 -3.42315730e-08 3.33400404e-08 -4.07689982e-05 -6.12409911e-09
0.8961242        7.29749944e-07 -1.85515059e-03 -4.18439636e-08 6.95629070e-07 -1.81412143e-03 -3.55458574e-08 3.41208743e-08 -4.10291633e-05 -6.29810616e-09
0.8968317        7.47829542e-07 -1.92382279e-03 -2.70697407e-08 7.12825990e-07 -1.88273541e-03 -2.05580147e-08 3.50035513e-08 -4.10873802e-05 -6.51172594e-09
0.8975392        9.38304315e-07 -1.32892827e-03 -4.53110854e-08 9.02353011e-07 -1.28805958e-03 -3.85631702e-08 3.59513036e-08 -4.08686982e-05 -6.74791521e-09
0.8982467        2.63428745e-06 -1.64474327e-03 -3.02209300e-07 2.59673028e-06 -1.60383875e-03 -2.95157258e-07 3.75571676e-08 -4.09045188e-05 -7.05204157e-09
0.8989543        9.00247908e-07 -2.07079635e-03 -5.96744667e-08 8.61793322e-07 -2.02953241e-03 -5.24211218e-08 3.84545858e-08 -4.12639374e-05 -7.25334482e-09
0.8996467        -3.59466651e-06 -1.72289734e-03 3.52514282e-07 -3.63221087e-06 -1.68161006e-03 3.59854552e-07 3.75443547e-08 -4.12872784e-05 -7.34027032e-09
0.9003392        1.42493093e-06 -1.55948510e-03 -1.32990838e-07 1.38614291e-06 -1.51826273e-03 -1.25385403e-07 3.87880229e-08 -4.12223658e-05 -7.60543543e-09
0.9010317        7.47555076e-06 -1.45238776e-03 -1.00948794e-06 7.43334489e-06 -1.41127849e-03 -1.00134651e-06 4.22058763e-08 -4.11092736e-05 -8.14143609e-09
0.9017241        2.73716982e-06 -2.19307586e-03 -2.21263069e-07 2.69339780e-06 -2.15172326e-03 -2.12874321e-07 4.37720174e-08 -4.13526022e-05 -8.38874889e-09
0.9024008        -2.80045011e-06 -1.86218159e-03 4.75568776e-07 -2.84368393e-06 -1.82067944e-03 4.83975299e-07 4.32338250e-08 -4.15021452e-05 -8.40652329e-09
0.9030776        3.17253015e-06 -1.66959199e-03 -4.15464754e-07 3.12770225e-06 -1.62799226e-03 -4.06742354e-07 4.48278956e-08 -4.15997315e-05 -8.72239981e-09
0.9037543        2.37845992e-07 -1.29359027e-03 1.67646416e-08 1.92718121e-07 -1.25224788e-03 2.56232432e-08 4.51278710e-08 -4.13423923e-05 -8.85860165e-09
0.904431         2.20671702e-07 -1.97319268e-03 9.62210262e-08 1.75320958e-07 -1.93169873e-03 1.05157595e-07 4.53507441e-08 -4.14939501e-05 -8.93656884e-09
0.9051077        6.44880780e-07 -2.27688353e-03 2.68502107e-08 5.98940310e-07 -2.23511867e-03 3.59401690e-08 4.59404698e-08 -4.17648561e-05 -9.08995826e-09
0.9057675        -3.94054132e-06 -1.08305253e-03 7.34740513e-07 -3.98523017e-06 -1.04154243e-03 7.43700970e-07 4.46888525e-08 -4.15101043e-05 -8.96045754e-09
0.9064273        4.11814374e-07 -1.95712246e-03 1.04747879e-07 3.66881516e-07 -1.91545425e-03 1.13769810e-07 4.49328584e-08 -4.16682098e-05 -9.02193163e-09
0.9070872        2.74724684e-06 -2.35048297e-03 -5.10167965e-07 2.70117134e-06 -2.30853283e-03 -5.00866443e-07 4.60755030e-08 -4.19501387e-05 -9.30152189e-09
0.9077296        -5.14484683e-07 -1.28598699e-03 2.45265512e-07 -5.60386363e-07 -1.24423083e-03 2.54554716e-07 4.59016800e-08 -4.17561586e-05 -9.28920409e-09
0.908372         -8.51250246e-08 -1.62168726e-03 1.75219914e-07 -1.31034630e-07 -1.57995328e-03 1.84523306e-07 4.59096054e-08 -4.17339789e-05 -9.30339204e-09
0.9090145        2.79018642e-06 -2.01942335e-03 -2.03664269e-07 2.74305611e-06 -1.97760723e-03 -1.94184983e-07 4.71303137e-08 -4.18161277e-05 -9.47928611e-09
0.9096569        1.57494779e-06 -1.78447196e-03 -1.40519562e-07 1.52714615e-06 -1.74263280e-03 -1.30891226e-07 4.78016490e-08 -4.18391548e-05 -9.62833553e-09
0.9102994        -4.06857844e-07 -1.80931873e-03 3.77588749e-07 -4.54647184e-07 -1.76742677e-03 3.87213148e-07 4.77893402e-08 -4.18919607e-05 -9.62439918e-09
0.9109418        1.01443845e-06 -1.95241051e-03 -4.38329575e-08 9.66183685e-07 -1.91039668e-03 -3.40789975e-08 4.82547641e-08 -4.20138254e-05 -9.75396004e-09
0.9115843        1.90659059e-06 -1.85891123e-03 -2.46001373e-07 1.85758299e-06 -1.81685623e-03 -2.36060942e-07 4.90075912e-08 -4.20549960e-05 -9.94043117e-09
0.9122267        9.68910860e-07 -1.77278869e-03 -3.39622928e-08 9.19512407e-07 -1.73071032e-03 -2.39085562e-08 4.93984531e-08 -4.20783678e-05 -1.00537365e-08
0.9128484        1.49532253e-06 -2.16760448e-03 -1.96508482e-07 1.44538733e-06 -2.12545067e-03 -1.86296130e-07 4.99351937e-08 -4.21538033e-05 -1.02123521e-08
0.9134701        1.79805450e-06 -1.87122285e-03 -2.72383513e-07 1.74753647e-06 -1.82900702e-03 -2.61996968e-07 5.05180261e-08 -4.22158249e-05 -1.03865455e-08
0.9140919        -3.53520049e-06 -1.74664965e-03 4.50800999e-07 -3.58420347e-06 -1.70433703e-03 4.61102396e-07 4.90029785e-08 -4.23126218e-05 -1.03013973e-08
0.9147136        1.88230167e-06 -1.67315161e-03 -1.88852931e-07 1.83272878e-06 -1.63099566e-03 -1.78409945e-07 4.95728901e-08 -4.21559514e-05 -1.04429858e-08
0.9153353        -3.86361249e-06 -1.79372774e-03 8.60478761e-07 -3.91166344e-06 -1.75163037e-03 8.70718012e-07 4.80509465e-08 -4.20973670e-05 -1.02392509e-08
0.915957         7.09153039e-06 -1.86286526e-03 -1.09305822e-06 7.04116270e-06 -1.82073174e-03 -1.08236016e-06 5.03676898e-08 -4.21335222e-05 -1.06980562e-08
0.9165787        -5.98720553e-06 -2.17170188e-03 1.18586518e-06 -6.03527849e-06 -2.12930870e-03 1.19624980e-06 4.80729602e-08 -4.23931822e-05 -1.03846250e-08
0.9172005        -2.28454645e-06 -2.31573786e-03 6.64751277e-07 -2.33168319e-06 -2.27306186e-03 6.75024449e-07 4.71367458e-08 -4.26760020e-05 -1.02731721e-08
0.9177963        1.18139613e-06 -1.56334024e-03 -1.82530315e-08 1.13407633e-06 -1.52089131e-03 -7.88283438e-09 4.73198022e-08 -4.24489246e-05 -1.03701971e-08
0.9183921        2.22613046e-06 -1.71290731e-03 -3.24246137e-07 2.17835779e-06 -1.67049472e-03 -3.13703659e-07 4.77726706e-08 -4.24125872e-05 -1.05424782e-08
0.9189879        3.66632953e-06 -2.12825150e-03 -1.74713144e-07 3.61740082e-06 -2.08562985e-03 -1.64008063e-07 4.89287163e-08 -4.26216437e-05 -1.07050816e-08
0.9195837        -2.04374661e-06 -1.74805274e-03 3.68142541e-07 -2.09165623e-06 -1.70557266e-03 3.78808153e-07 4.79096191e-08 -4.24800853e-05 -1.06656127e-08
0.9201795        1.00277804e-06 -1.66956113e-03 -5.75703322e-08 9.54779560e-07 -1.62728029e-03 -4.68043377e-08 4.79984801e-08 -4.22808413e-05 -1.07659945e-08
0.9207753        2.01201684e-06 -2.41707783e-03 -3.72743997e-07 1.96365811e-06 -2.37442207e-03 -3.61795449e-07 4.83587298e-08 -4.26557641e-05 -1.09485474e-08
0.9213712        3.80939350e-06 -2.19869341e-03 -5.91982095e-07 3.76002359e-06 -2.15586529e-03 -5.80761979e-07 4.93699095e-08 -4.28281193e-05 -1.12201154e-08
0.921967         1.48974900e-06 -1.47270629e-03 -1.35288445e-07 1.44023579e-06 -1.43013520e-03 -1.23968245e-07 4.95132151e-08 -4.25710909e-05 -1.13202002e-08
0.9225628        5.65006010e-06 -1.92941308e-03 -5.71046704e-07 5.59880341e-06 -1.88677873e-03 -5.59453394e-07 5.12566874e-08 -4.26343522e-05 -1.15933100e-08
0.9231586        -2.07032861e-06 -2.08981805e-03 4.94191114e-07 -2.12045296e-06 -2.04703161e-03 5.05668988e-07 5.01243442e-08 -4.27864364e-05 -1.14778742e-08
0.9237544        5.98395808e-07 -1.91548332e-03 8.94222269e-08 5.48430862e-07 -1.87264234e-03 1.00932710e-07 4.99649456e-08 -4.28409787e-05 -1.15104827e-08
0.9243502        9.99522608e-07 -1.92630888e-03 -2.56358999e-08 9.49626312e-07 -1.88343965e-03 -1.40632923e-08 4.98962964e-08 -4.28692287e-05 -1.15726076e-08
0.924946         8.41123198e-07 -1.74681855e-03 -3.25156388e-08 7.91408095e-07 -1.70412601e-03 -2.08962151e-08 4.97151026e-08 -4.26925392e-05 -1.16194237e-08
0.9255419        9.12545979e-07 -2.05515184e-03 -5.70928455e-08 8.63030228e-07 -2.01237212e-03 -4.54281955e-08 4.95157502e-08 -4.27797198e-05 -1.16646500e-08
0.9261377        1.33198568e-06 -2.38266472e-03 -6.92601181e-08 1.28246317e-06 -2.33957589e-03 -5.75134473e-08 4.95225164e-08 -4.30888395e-05 -1.17466708e-08
0.9267335        7.18945402e-07 -1.84402878e-03 1.85620569e-08 6.69695116e-07 -1.80099421e-03 3.03407705e-08 4.92502857e-08 -4.30345644e-05 -1.17787136e-08
0.9273293        1.14806467e-06 -1.78101419e-03 -1.88551708e-07 1.09899272e-06 -1.73804069e-03 -1.76683558e-07 4.90719529e-08 -4.29734951e-05 -1.18681503e-08
0.9279251        4.73715410e-06 -2.05960720e-03 -9.57712530e-07 4.68709718e-06 -2.01652340e-03 -9.45500567e-07 5.00569214e-08 -4.30838047e-05 -1.22119630e-08
0.9285209        4.19263718e-06 -2.00921629e-03 -1.00764145e-06 4.14186768e-06 -1.96612386e-03 -9.95104051e-07 5.07694949e-08 -4.30924329e-05 -1.25374013e-08
0.9291167        3.73090782e-06 -1.79241880e-03 -6.05265866e-07 3.67957193e-06 -1.74946724e-03 -5.92509022e-07 5.13358943e-08 -4.29515516e-05 -1.27568442e-08
0.9297126        -7.81208524e-07 -1.92211534e-03 4.28537257e-07 -8.31538114e-07 -1.87913248e-03 4.41156593e-07 5.03295899e-08 -4.29828608e-05 -1.26193357e-08
0.9303084        1.02811613e-06 -2.02751264e-03 -3.57817681e-08 9.78205015e-07 -1.98444579e-03 -2.31552058e-08 4.99111142e-08 -4.30668509e-05 -1.26265623e-08
0.9309042        5.26052013e-07 -2.12854059e-03 3.59340884e-08 4.76749887e-07 -2.08532386e-03 4.85398435e-08 4.93021256e-08 -4.32167276e-05 -1.26057551e-08
0.9315           3.33177323e-07 -2.13812753e-03 1.42263990e-07 2.84527943e-07 -2.09481086e-03 1.54823326e-07 4.86493801e-08 -4.33166698e-05 -1.25593360e-08
0.9320704        1.49461334e-06 -2.11605442e-03 -2.80010453e-07 1.44627558e-06 -2.07277875e-03 -2.67387930e-07 4.83377599e-08 -4.32756672e-05 -1.26225229e-08
0.9326408        1.11393341e-06 -2.24102924e-03 -1.55913452e-07 1.06604139e-06 -2.19765456e-03 -1.43265097e-07 4.78920180e-08 -4.33746836e-05 -1.26483552e-08
0.9332031        1.32442670e-06 -2.21335820e-03 -1.48113535e-07 1.27687347e-06 -2.16981521e-03 -1.35434012e-07 4.75532299e-08 -4.35429893e-05 -1.26795231e-08
0.9337654        -4.39645259e-07 -1.69343324e-03 2.81585176e-07 -4.86300340e-07 -1.65000128e-03 2.94161830e-07 4.66550810e-08 -4.34319523e-05 -1.25766541e-08
0.9343277        3.65851515e-06 -1.74593994e-03 -7.97034022e-07 3.61146820e-06 -1.70261642e-03 -7.84240391e-07 4.70469522e-08 -4.33235221e-05 -1.27936309e-08
0.9348899        1.09397987e-06 -2.29789340e-03 -1.69299277e-07 1.04736167e-06 -2.25444087e-03 -1.56476381e-07 4.66182018e-08 -4.34525282e-05 -1.28228956e-08
0.9354522        -1.15986347e-06 -2.18793218e-03 5.13578633e-07 -1.20539875e-06 -2.14441924e-03 5.26241109e-07 4.55352764e-08 -4.35129441e-05 -1.26624761e-08
0.9360145        2.09138815e-06 -1.58693166e-03 -4.14149779e-07 2.04600332e-06 -1.54359434e-03 -4.01400300e-07 4.53848358e-08 -4.33373233e-05 -1.27494792e-08
0.9365768        -8.88596653e-07 -1.91094388e-03 2.75365167e-07 -9.32793368e-07 -1.86760071e-03 2.87965425e-07 4.41967154e-08 -4.33431727e-05 -1.26002571e-08
0.937139         3.48399606e-06 -2.36983699e-03 -5.64851710e-07 3.43946498e-06 -2.32625506e-03 -5.52114135e-07 4.45310766e-08 -4.35819372e-05 -1.27375742e-08
0.9376924        7.72677982e-06 -2.14550291e-03 -2.02296298e-06 7.68075942e-06 -2.10187369e-03 -2.00970540e-06 4.60204098e-08 -4.36292185e-05 -1.32575828e-08
0.9382457        2.38297871e-06 -2.14993880e-03 -5.18119130e-07 2.33713667e-06 -2.10631723e-03 -5.04792275e-07 4.58420479e-08 -4.36215756e-05 -1.33268549e-08
0.9387991        -2.38800470e-06 -1.96198648e-03 8.01626025e-07 -2.43221914e-06 -1.91839433e-03 8.14639352e-07 4.42144438e-08 -4.35921453e-05 -1.30133268e-08
0.9393524        3.72451894e-07 -1.82632498e-03 1.17129721e-07 3.28941268e-07 -1.78278044e-03 1.30055785e-07 4.35106254e-08 -4.35445460e-05 -1.29260640e-08
0.9399058        3.54318399e-07 -2.49281960e-03 8.16799577e-08 3.11473322e-07 -2.44898474e-03 9.45401561e-08 4.28450773e-08 -4.38348660e-05 -1.28601984e-08
0.9404591        5.27510649e-07 -2.35260428e-03 3.88482488e-08 4.85204126e-07 -2.30856471e-03 5.16819940e-08 4.23065232e-08 -4.40395733e-05 -1.28337452e-08
0.9410029        -8.27373039e-06 -1.54124365e-03 2.59315596e-06 -8.31283297e-06 -1.49756365e-03 2.60521181e-06 3.91025808e-08 -4.36800011e-05 -1.20558484e-08
0.9415565        -3.39947474e-07 -1.85854406e-03 4.21053696e-07 -3.78286345e-07 -1.81497541e-03 4.32980545e-07 3.83388706e-08 -4.35686476e-05 -1.19268481e-08
0.94211          -8.78800242e-07 -2.58497465e-03 5.31147770e-07 -9.16217456e-07 -2.54103110e-03 5.42918775e-07 3.74172143e-08 -4.39435491e-05 -1.17710048e-08
0.9426534        1.04105432e-07 -2.26478018e-03 5.61272625e-07 6.72287833e-08 -2.22075126e-03 5.72922637e-07 3.68766487e-08 -4.40289285e-05 -1.16500120e-08
0.9431969        7.87676100e-06 -2.05647899e-03 -2.47260768e-06 7.83823228e-06 -2.01256384e-03 -2.46030665e-06 3.85287281e-08 -4.39151471e-05 -1.23010268e-08
0.9437403        2.26227286e-06 -1.82259194e-03 -4.56307552e-07 2.22381441e-06 -1.77876153e-03 -4.43917801e-07 3.84584521e-08 -4.38304174e-05 -1.23897513e-08
0.9442838        1.49140293e-06 -1.63715713e-03 -2.51483721e-07 1.45334505e-06 -1.59347734e-03 -2.39082731e-07 3.80578727e-08 -4.36797826e-05 -1.24009907e-08
0.9448272        4.97526328e-07 -2.37018985e-03 4.06511823e-08 4.60104285e-07 -2.32626297e-03 5.30001562e-08 3.74220436e-08 -4.39268798e-05 -1.23489739e-08
0.9453707        8.34238287e-06 -2.84689224e-03 -2.32675620e-06 8.30310203e-06 -2.80253559e-03 -2.31374637e-06 3.92808341e-08 -4.43566556e-05 -1.30098321e-08
0.9459142        -1.20972187e-06 -1.59827032e-03 5.87801791e-07 -1.24783246e-06 -1.55422624e-03 6.00563346e-07 3.81105950e-08 -4.40440817e-05 -1.27615557e-08
0.9464576        -1.70392945e-07 -1.48500770e-03 1.87211174e-07 -2.07635398e-07 -1.44131520e-03 1.99870238e-07 3.72424526e-08 -4.36924983e-05 -1.26590641e-08
0.9470011        -4.47470711e-06 -2.80423122e-03 1.57457125e-06 -4.50999141e-06 -2.76020264e-03 1.58678040e-06 3.52842987e-08 -4.40285782e-05 -1.22091575e-08
0.9475445        1.26287040e-06 -2.69339250e-03 -2.26435865e-07 1.22773156e-06 -2.64912127e-03 -2.14157202e-07 3.51388411e-08 -4.42712342e-05 -1.22786638e-08
0.9480762        6.27661550e-06 -1.58215237e-03 -1.78068756e-06 6.24021604e-06 -1.53798397e-03 -1.76792425e-06 3.63994546e-08 -4.41684084e-05 -1.27633012e-08
0.9486199        -1.00670963e-06 -1.71707875e-03 5.04886417e-07 -1.04224675e-06 -1.67294217e-03 5.17511096e-07 3.55371217e-08 -4.41365825e-05 -1.26246796e-08
0.9491636        -4.17122757e-08 -2.64875385e-03 1.53612083e-07 -7.67029504e-08 -2.60452133e-03 1.66199701e-07 3.49906747e-08 -4.42325178e-05 -1.25876180e-08
0.9496947        1.51751736e-07 -2.30330205e-03 1.60136059e-07 1.17300737e-07 -2.25907162e-03 1.72647153e-07 3.44509987e-08 -4.42304286e-05 -1.25110942e-08
0.9502258        6.86528345e-07 -1.73834056e-03 -5.43675238e-08 6.52440122e-07 -1.69425788e-03 -4.18745013e-08 3.40882232e-08 -4.40826758e-05 -1.24930224e-08
0.9507568        4.40028407e-06 -2.06434502e-03 -1.30689211e-06 4.36536672e-06 -2.02022081e-03 -1.29402462e-06 3.49173461e-08 -4.41242176e-05 -1.28674845e-08
0.9512879        -1.83080033e-06 -2.44227063e-03 8.48757435e-07 -1.86476028e-06 -2.39789461e-03 8.61407893e-07 3.39599439e-08 -4.43760195e-05 -1.26504579e-08
0.951819         1.76232574e-06 -2.14888755e-03 -3.61132855e-07 1.72831733e-06 -2.10453344e-03 -3.48385593e-07 3.40084049e-08 -4.43541155e-05 -1.27472616e-08
0.9523501        1.84741253e-07 -1.72936919e-03 1.47426396e-07 1.51206427e-07 -1.68526085e-03 1.60092675e-07 3.35348261e-08 -4.41083433e-05 -1.26662791e-08
0.9528812        8.72317423e-06 -2.10243425e-03 -2.63845791e-06 8.68756119e-06 -2.05824800e-03 -2.62505464e-06 3.56130380e-08 -4.41862527e-05 -1.34032665e-08
0.9534122        3.54159154e-06 -2.49376732e-03 -1.08436712e-06 3.50545836e-06 -2.44932943e-03 -1.07068443e-06 3.61331797e-08 -4.44378877e-05 -1.36826982e-08
0.9539433        4.95165551e-07 -2.00807592e-03 1.60956423e-07 4.59483269e-07 -1.96373425e-03 1.74534937e-07 3.56822815e-08 -4.43416669e-05 -1.35785146e-08
0.9544744        2.86373702e-06 -1.92141261e-03 -6.68759653e-07 2.82775732e-06 -1.87724675e-03 -6.55046684e-07 3.59797003e-08 -4.41658597e-05 -1.37129688e-08
0.9550055        -2.61279911e-07 -2.28863530e-03 2.45687866e-07 -2.96705417e-07 -2.24438629e-03 2.59299441e-07 3.54255062e-08 -4.42490142e-05 -1.36115747e-08
0.9555366        -6.90409730e-06 -2.45506799e-03 2.51211155e-06 -6.93698880e-06 -2.41071100e-03 2.52497113e-06 3.28914980e-08 -4.43569879e-05 -1.28595819e-08
0.9560676        2.70452847e-06 -2.25274683e-03 -7.29389059e-07 2.67123644e-06 -2.20831278e-03 -7.16339421e-07 3.32920320e-08 -4.44340478e-05 -1.30496386e-08
0.9565987        2.42064160e-06 -2.08115441e-03 -7.15640172e-07 2.38704706e-06 -2.03666526e-03 -7.02411426e-07 3.35945364e-08 -4.44891506e-05 -1.32287454e-08
0.9571298        6.06939859e-07 -1.97441225e-03 -1.15811485e-09 5.73525834e-07 -1.92994477e-03 1.20723027e-08 3.34140249e-08 -4.44674865e-05 -1.32304176e-08
0.9576609        2.76291076e-06 -2.10621806e-03 -1.09767123e-06 2.72907080e-06 -2.06174855e-03 -1.08415156e-06 3.38399535e-08 -4.44695080e-05 -1.35196758e-08
0.958192         2.33041665e-06 -2.35549148e-03 -8.31630825e-07 2.29624169e-06 -2.31097417e-03 -8.17884822e-07 3.41749590e-08 -4.45173093e-05 -1.37460027e-08
0.958723         -2.32094202e-06 -2.18170825e-03 7.71979912e-07 -2.35405139e-06 -2.13718900e-03 7.85467873e-07 3.31093683e-08 -4.45192487e-05 -1.34879614e-08
0.9592541        2.40979490e-06 -2.11468343e-03 -7.14635204e-07 2.37631948e-06 -2.07022236e-03 -7.00965932e-07 3.34754172e-08 -4.44610666e-05 -1.36692722e-08
0.9597852        2.35500363e-06 -2.03932318e-03 -7.10852884e-07 2.32120892e-06 -1.99493341e-03 -6.97010556e-07 3.37947082e-08 -4.43897680e-05 -1.38423290e-08
0.9603163        2.24191322e-06 -1.81892291e-03 -7.00954364e-07 2.20788315e-06 -1.77474941e-03 -6.86966993e-07 3.40300648e-08 -4.41735019e-05 -1.39873710e-08
0.9608473        -1.20243861e-06 -2.19767724e-03 6.06591100e-07 -1.23575549e-06 -2.15345533e-03 6.20391517e-07 3.33168733e-08 -4.42219136e-05 -1.38004169e-08
0.9613784        1.38686528e-05 -3.04071302e-03 -4.99767059e-06 1.38315614e-05 -2.99598783e-03 -4.98242698e-06 3.70914617e-08 -4.47251868e-05 -1.52436128e-08
0.9619095        -1.02977826e-06 -2.21413658e-03 6.29258753e-07 -1.06612197e-06 -2.16940158e-03 6.44259759e-07 3.63437070e-08 -4.47350056e-05 -1.50010061e-08
0.9624406        -1.50500477e-06 -1.17842252e-03 3.92042485e-07 -1.54031375e-06 -1.13407263e-03 4.06823898e-07 3.53089838e-08 -4.43498888e-05 -1.47814124e-08
0.9629717        3.28149000e-07 -2.01131836e-03 -9.71959741e-09 2.93029589e-07 -1.96700796e-03 5.07870911e-09 3.51194116e-08 -4.43103931e-05 -1.47983065e-08
0.9635027        1.95387981e-06 -2.64417455e-03 -6.31315739e-07 1.91858866e-06 -2.59978688e-03 -6.16380667e-07 3.52911511e-08 -4.43876632e-05 -1.49350729e-08
0.9640338        1.28377740e-06 -2.33042857e-03 -5.34133302e-07 1.24856850e-06 -2.28597616e-03 -5.19129403e-07 3.52089057e-08 -4.44524085e-05 -1.50038992e-08
0.9645649        -8.37339845e-06 -2.24668267e-03 3.20766226e-06 -8.40570744e-06 -2.20213106e-03 3.22169119e-06 3.23089916e-08 -4.45516091e-05 -1.40289366e-08
0.965096         -1.09792396e-07 -2.04639125e-03 1.08672666e-07 -1.41701626e-07 -2.00183967e-03 1.22637916e-07 3.19092298e-08 -4.45515813e-05 -1.39652499e-08
0.9656271        -5.43601981e-07 -1.91967134e-03 3.65944473e-07 -5.75081322e-07 -1.87513136e-03 3.79825241e-07 3.14793413e-08 -4.45399805e-05 -1.38807682e-08
0.9661581        -2.49045384e-06 -2.33273782e-03 1.11335806e-06 -2.52089977e-06 -2.28822820e-03 1.12692216e-06 3.04459280e-08 -4.45096175e-05 -1.35641028e-08
0.9666892        5.02665194e-07 -2.41222062e-03 -1.34757803e-08 4.72397592e-07 -2.36775438e-03 6.41705611e-11 3.02676021e-08 -4.44662414e-05 -1.35399509e-08
0.9672203        4.44360072e-06 -2.05057568e-03 -1.54056351e-06 4.41232715e-06 -2.00611782e-03 -1.52659862e-06 3.12735751e-08 -4.44578557e-05 -1.39648923e-08
0.9677514        7.22495849e-07 -1.95400938e-03 -8.29730940e-08 6.91263331e-07 -1.90955826e-03 -6.89713501e-08 3.12325186e-08 -4.44511204e-05 -1.40017439e-08
0.9682824        3.84984347e-06 -2.30156288e-03 -1.22179487e-06 3.81763210e-06 -2.25698887e-03 -1.20738216e-06 3.22113608e-08 -4.45740114e-05 -1.44127093e-08
0.9688135        -3.01197008e-06 -2.36193850e-03 1.49210047e-06 -3.04308415e-06 -2.31728485e-03 1.50612782e-06 3.11140700e-08 -4.46536524e-05 -1.40273491e-08
0.9693446        1.24858029e-06 -2.01026507e-03 -3.59428200e-07 1.21741323e-06 -1.96580807e-03 -3.45322430e-07 3.11670586e-08 -4.44569971e-05 -1.41057701e-08
0.9698757        3.20911949e-06 -2.12091200e-03 -9.54861977e-07 3.17730648e-06 -2.07654573e-03 -9.40487712e-07 3.18130084e-08 -4.43662755e-05 -1.43742655e-08
0.9704068        1.33171388e-06 -2.27030226e-03 -3.51807112e-07 1.29978407e-06 -2.22579669e-03 -3.37322386e-07 3.19298107e-08 -4.45055732e-05 -1.44847258e-08
0.9709378        -7.77534506e-06 -2.23346570e-03 2.84883099e-06 -7.80450744e-06 -2.18891569e-03 2.86244243e-06 2.91623859e-08 -4.45500113e-05 -1.36114438e-08
0.9714689        4.04349688e-07 -2.17116466e-03 -1.52867930e-08 3.75292460e-07 -2.12669477e-03 -1.65577215e-09 2.90572278e-08 -4.44698980e-05 -1.36310209e-08
0.972            4.97544775e-07 -2.10886195e-03 -4.02506371e-09 4.68537650e-07 -2.06442038e-03 9.64065097e-09 2.90071247e-08 -4.44415732e-05 -1.36657147e-08
0.9725192        2.11915035e-06 -2.39207751e-03 -6.55759154e-07 2.08972190e-06 -2.34760472e-03 -6.41877558e-07 2.94284456e-08 -4.44727855e-05 -1.38815968e-08
0.9730385        4.15970903e-06 -2.17368244e-03 -1.25330885e-06 4.12916476e-06 -2.12920407e-03 -1.23901163e-06 3.05442647e-08 -4.44783739e-05 -1.42972252e-08
0.9735577        -5.63253632e-06 -2.10492109e-03 2.53986795e-06 -5.66129490e-06 -2.06039849e-03 2.55351141e-06 2.87585799e-08 -4.45225953e-05 -1.36434663e-08
0.9740769        1.05027272e-06 -1.99906472e-03 -2.39122652e-07 1.02136659e-06 -1.95461288e-03 -2.25349702e-07 2.89061337e-08 -4.44518361e-05 -1.37729506e-08
0.9745962        -2.39606538e-06 -1.77147883e-03 9.41578135e-07 -2.42402702e-06 -1.72723008e-03 9.55101003e-07 2.79616388e-08 -4.42487538e-05 -1.35228682e-08
0.9751154        -1.32039738e-06 -2.29167014e-03 7.07168672e-07 -1.34786515e-06 -2.24738588e-03 7.20567362e-07 2.74677687e-08 -4.42842671e-05 -1.33986901e-08
0.9756346        -2.88874436e-06 -2.43541888e-03 1.41857538e-06 -2.91528827e-06 -2.39101040e-03 1.43165376e-06 2.65439030e-08 -4.44084812e-05 -1.30783727e-08
0.9761538        -2.92469263e-06 -2.32897407e-03 1.60200066e-06 -2.95027046e-06 -2.28454088e-03 1.61469630e-06 2.55778360e-08 -4.44331888e-05 -1.26956447e-08
0.9766731        -6.05254306e-07 -2.30712522e-03 6.13302266e-07 -6.30557509e-07 -2.26268542e-03 6.25899894e-07 2.53032028e-08 -4.44397933e-05 -1.25976273e-08
0.9771923        -7.62848789e-07 -2.14872008e-03 4.33712506e-07 -7.87798962e-07 -2.10433203e-03 4.46229264e-07 2.49501727e-08 -4.43880591e-05 -1.25167572e-08
0.9777115        -7.57650615e-07 -2.09992155e-03 7.42949531e-07 -7.82309700e-07 -2.05560663e-03 7.55346870e-07 2.46590858e-08 -4.43149159e-05 -1.23973394e-08
0.9782308        -2.02640726e-06 -1.90724417e-03 1.11208050e-06 -2.05044615e-06 -1.86299560e-03 1.12426976e-06 2.40388888e-08 -4.42485641e-05 -1.21892532e-08
0.97875          6.09114371e-06 -1.72725538e-03 -2.17304947e-06 6.06523288e-06 -1.68308017e-03 -2.16007834e-06 2.59108390e-08 -4.41752114e-05 -1.29711280e-08
0.9792692        -4.90831410e-07 -2.47000918e-03 5.12968073e-07 -5.16566131e-07 -2.42580033e-03 5.25917963e-07 2.57347204e-08 -4.42088427e-05 -1.29498892e-08
0.9797885        -2.14103336e-07 -2.59260737e-03 3.24913485e-07 -2.39665783e-07 -2.54835897e-03 3.37840497e-07 2.55624469e-08 -4.42484025e-05 -1.29270125e-08
0.9803077        1.24271403e-07 -1.91093563e-03 1.53459369e-07 9.88034478e-08 -1.86676439e-03 1.66401322e-07 2.54679552e-08 -4.41712448e-05 -1.29419531e-08
0.9808269        1.86576964e-07 -1.85403957e-03 1.77482921e-07 1.61108078e-07 -1.80994317e-03 1.90480970e-07 2.54688855e-08 -4.40963917e-05 -1.29980491e-08
0.9813462        8.18531691e-08 -2.38966204e-03 1.33579856e-07 5.63759943e-08 -2.34546611e-03 1.46663829e-07 2.54771749e-08 -4.41959334e-05 -1.30839727e-08
0.9818654        -1.06396122e-06 -2.55258507e-03 7.52973017e-07 -1.08910387e-06 -2.50827332e-03 7.65959276e-07 2.51426561e-08 -4.43117504e-05 -1.29862598e-08
0.9823846        1.16038671e-05 -1.92853426e-03 -5.58570828e-06 1.15756282e-05 -1.88438141e-03 -5.57116443e-06 2.82389598e-08 -4.41528466e-05 -1.45438461e-08
0.9829038        -8.89536956e-06 -1.99800009e-03 4.56744647e-06 -8.92099347e-06 -1.95397898e-03 4.58080141e-06 2.56239123e-08 -4.40211046e-05 -1.33549401e-08
0.9834231        -2.84323942e-06 -2.33248828e-03 1.48437853e-06 -2.86800760e-06 -2.28836024e-03 1.49743269e-06 2.47681820e-08 -4.41280361e-05 -1.30541623e-08
0.9839423        -7.22628154e-07 -2.47656334e-03 5.50352725e-07 -7.47132703e-07 -2.43233904e-03 5.63348392e-07 2.45045488e-08 -4.42243012e-05 -1.29956667e-08
0.9844615        6.81196437e-06 -1.88915616e-03 -2.94064175e-06 6.78560446e-06 -1.84511348e-03 -2.92675943e-06 2.63599075e-08 -4.40426792e-05 -1.38823244e-08
0.9849808        1.69371451e-06 -2.00413266e-03 -6.38502405e-07 1.66699137e-06 -1.96020257e-03 -6.24379034e-07 2.67231398e-08 -4.39300962e-05 -1.41233711e-08
0.9855           1.70961110e-06 -2.43090668e-03 -4.96044696e-07 1.68241841e-06 -2.38685372e-03 -4.81670501e-07 2.71926896e-08 -4.40529620e-05 -1.43741952e-08
0.9860192        3.28205397e-06 -2.36083796e-03 -1.38125257e-06 3.25403499e-06 -2.31672554e-03 -1.36642640e-06 2.80189822e-08 -4.41124229e-05 -1.48261674e-08
0.9865385        4.18482534e-08 -1.86165563e-03 -1.74955688e-07 1.40730898e-08 -1.81763048e-03 -1.60071651e-07 2.77751636e-08 -4.40251443e-05 -1.48840377e-08
0.9870577        -4.96364725e-06 -1.92115090e-03 2.79782138e-06 -4.98995769e-06 -1.87717596e-03 2.81205831e-06 2.63104449e-08 -4.39749398e-05 -1.42369254e-08
0.9875769        5.97899995e-07 -2.57861418e-03 -1.83737313e-07 5.71488065e-07 -2.53458595e-03 -1.69357737e-07 2.64119297e-08 -4.40282261e-05 -1.43795764e-08
0.9880962        -1.26466582e-07 -2.32980651e-03 2.53847118e-07 -1.52713478e-07 -2.28581386e-03 2.68211249e-07 2.62468960e-08 -4.39926497e-05 -1.43641311e-08
0.9886154        -3.07374339e-06 -1.23429394e-03 1.64682858e-06 -3.09897850e-06 -1.19060467e-03 1.66079078e-06 2.52351127e-08 -4.36892718e-05 -1.39622017e-08
0.9891346        -2.43060868e-06 -1.81455901e-03 1.40912468e-06 -2.45514930e-06 -1.77094900e-03 1.42284514e-06 2.45406185e-08 -4.36100068e-05 -1.37204560e-08
0.9896538        2.15888445e-07 -3.07313469e-03 9.02552541e-08 1.91269904e-07 -3.02923905e-03 1.04103254e-07 2.46185404e-08 -4.38956454e-05 -1.38479998e-08
0.9901731        9.06027829e-07 -2.60302605e-03 -8.67045237e-08 8.81264564e-07 -2.55908212e-03 -7.27697270e-08 2.47632653e-08 -4.39439355e-05 -1.39347967e-08
0.9906923        -1.60703594e-06 -1.79460517e-03 9.64558113e-07 -1.63125065e-06 -1.75089540e-03 9.78279257e-07 2.42147176e-08 -4.37097675e-05 -1.37211444e-08
0.9912115        9.91211765e-07 -1.98332307e-03 -3.55570147e-07 9.66767888e-07 -1.93968058e-03 -3.41650123e-07 2.44438774e-08 -4.36424896e-05 -1.39200231e-08
0.9917308        1.23482577e-07 -2.04148463e-03 2.43225296e-07 9.89852718e-08 -1.99776539e-03 2.57243884e-07 2.44973048e-08 -4.37192365e-05 -1.40185881e-08
0.99225          -4.68725245e-07 -2.14973155e-03 5.27629500e-07 -4.93104375e-07 -2.10602739e-03 5.41665221e-07 2.43791307e-08 -4.37041594e-05 -1.40357213e-08
0.9927692        -1.01617124e-07 -2.31288717e-03 3.02640392e-07 -1.25908504e-07 -2.26929251e-03 3.16702449e-07 2.42913794e-08 -4.35946595e-05 -1.40620562e-08
0.9932885        7.09550167e-08 -2.25799062e-03 2.87342051e-07 4.67041903e-08 -2.21441049e-03 3.01436133e-07 2.42508264e-08 -4.35801340e-05 -1.40940822e-08
0.9938077        8.50998725e-07 -1.98359218e-03 -2.76807205e-07 8.26540447e-07 -1.93995028e-03 -2.62505515e-07 2.44582782e-08 -4.36418975e-05 -1.43016895e-08
0.9943269        5.82141815e-06 -2.22913358e-03 -2.83378743e-06 5.79536491e-06 -2.18551354e-03 -2.81857334e-06 2.60532330e-08 -4.36200434e-05 -1.52140909e-08
0.9948462        2.31763574e-06 -2.30416657e-03 -9.87450429e-07 2.29104688e-06 -2.26063761e-03 -9.71885239e-07 2.65888578e-08 -4.35289583e-05 -1.55651903e-08
0.9953654        4.07304041e-07 -2.07543729e-03 4.15918838e-08 3.80715489e-07 -2.03197858e-03 5.72224322e-08 2.65885526e-08 -4.34587118e-05 -1.56305484e-08
0.9958846        -7.44748161e-06 -2.09867496e-03 4.05121761e-06 -7.47179113e-06 -2.05524266e-03 4.06579358e-06 2.43095203e-08 -4.34322949e-05 -1.45759655e-08
0.9964038        5.93072356e-06 -1.95604522e-03 -3.87524596e-06 5.90494662e-06 -1.91272076e-03 -3.85962526e-06 2.57769433e-08 -4.33244568e-05 -1.56206972e-08
0.9969231        -6.58540780e-06 -1.72743363e-03 4.28071320e-06 -6.60933793e-06 -1.68430856e-03 4.29534469e-06 2.39301303e-08 -4.31250706e-05 -1.46314915e-08
0.9974423        -1.12138061e-06 -2.22206863e-03 6.07462363e-07 -1.14500637e-06 -2.17883436e-03 6.22083738e-07 2.36257526e-08 -4.32342726e-05 -1.46213742e-08
0.9979615        -1.92916660e-06 -2.33568719e-03 1.22023104e-06 -1.95230628e-06 -2.29222061e-03 1.23472056e-06 2.31396769e-08 -4.34665742e-05 -1.44895159e-08
0.9984808        -1.60982339e-06 -2.20737104e-03 1.01212064e-06 -1.63249313e-06 -2.16395502e-03 1.02647440e-06 2.26697438e-08 -4.34160190e-05 -1.43537539e-08
0.999            -8.89073802e-07 -2.18922788e-03 6.71226020e-07 -9.11472699e-07 -2.14592624e-03 6.85526203e-07 2.23988978e-08 -4.33016375e-05 -1.43001834e-08
0.9995192        1.50798923e-07 -1.97747774e-03 3.81138609e-08 1.28370486e-07 -1.93424845e-03 5.25364037e-08 2.24284368e-08 -4.32292969e-05 -1.44225429e-08
1.000038         -7.82994307e-07 -1.92034478e-03 5.59778210e-07 -8.05242364e-07 -1.87716299e-03 5.74213693e-07 2.22480565e-08 -4.31817902e-05 -1.44354829e-08
1.000558         2.45079379e-06 -1.90671615e-03 -1.07388587e-06 2.42776963e-06 -1.86373717e-03 -1.05896644e-06 2.30241588e-08 -4.29789811e-05 -1.49194334e-08
1.001077         5.05897245e-06 -1.78895816e-03 -2.71782530e-06 5.03447332e-06 -1.74623212e-03 -2.70200339e-06 2.44991285e-08 -4.27260432e-05 -1.58219147e-08
1.001596         4.80059511e-06 -2.30415261e-03 -2.26490803e-06 4.77457374e-06 -2.26124399e-03 -2.24821852e-06 2.60213711e-08 -4.29086174e-05 -1.66895171e-08
1.002115         -1.99366649e-07 -2.47101913e-03 3.48111389e-07 -2.25413955e-07 -2.42789043e-03 3.64913159e-07 2.60473057e-08 -4.31286985e-05 -1.68017701e-08
1.002635         3.68023142e-07 -1.87137561e-03 -9.86887989e-08 3.41886760e-07 -1.82849913e-03 -8.17337762e-08 2.61363819e-08 -4.28764884e-05 -1.69550227e-08
1.003154         -5.16644578e-06 -1.85560105e-03 3.27842518e-06 -5.19113411e-06 -1.81296147e-03 3.29464072e-06 2.46883393e-08 -4.26395843e-05 -1.62155416e-08
1.003673         3.28292308e-07 -2.40250789e-03 2.82303504e-07 3.03313772e-07 -2.35964314e-03 2.98722786e-07 2.49785359e-08 -4.28647491e-05 -1.64192828e-08
1.004192         1.52611917e-06 -2.39894060e-03 -8.87751015e-07 1.50060570e-06 -2.35589855e-03 -8.70868815e-07 2.55134757e-08 -4.30420547e-05 -1.68822001e-08
1.004712         8.47355605e-09 -1.86936249e-03 2.28608511e-07 -1.70953687e-08 -1.82659569e-03 2.45602024e-07 2.55689248e-08 -4.27668046e-05 -1.69935132e-08
1.005231         -3.29988333e-06 -1.91137681e-03 1.97089556e-06 -3.32453751e-06 -1.86880737e-03 1.98750923e-06 2.46541817e-08 -4.25694387e-05 -1.66136676e-08
1.00575          -5.10812306e-06 -2.46398420e-03 3.20705279e-06 -5.13145774e-06 -2.42125950e-03 3.22302416e-06 2.33346803e-08 -4.27247044e-05 -1.59713715e-08
1.006269         7.82213433e-06 -2.30442556e-03 -4.10855992e-06 7.79639512e-06 -2.26164243e-03 -4.09118350e-06 2.57392132e-08 -4.27831301e-05 -1.73764257e-08
1.006788         -1.87150763e-05 -1.75196491e-03 1.04092977e-05 -1.87353631e-05 -1.70936333e-03 1.04238699e-05 2.02867406e-08 -4.26015787e-05 -1.45721166e-08
1.007308         -2.09499986e-06 -1.93710279e-03 1.38976957e-06 -2.11495940e-06 -1.89459931e-03 1.40425963e-06 1.99595353e-08 -4.25034838e-05 -1.44900640e-08
1.007827         1.11843593e-06 -2.51326514e-03 -1.37970285e-07 1.09777425e-06 -2.47071789e-03 -1.23087005e-07 2.06616851e-08 -4.25472555e-05 -1.48832802e-08
1.008346         1.03839623e-06 -2.29927483e-03 -3.78625079e-07 1.01721257e-06 -2.25674044e-03 -3.63361795e-07 2.11836624e-08 -4.25343881e-05 -1.52632840e-08
1.008865         -8.98312032e-07 -1.77346346e-03 7.80103914e-07 -9.19479930e-07 -1.73099007e-03 7.95435602e-07 2.11678983e-08 -4.24733879e-05 -1.53316884e-08
1.009385         -2.58084563e-06 -2.09632082e-03 1.88689565e-06 -2.60155595e-06 -2.05385728e-03 1.90204515e-06 2.07103127e-08 -4.24635488e-05 -1.51495030e-08
1.009904         8.54678885e-07 -2.61136789e-03 -4.93446963e-07 8.33463889e-07 -2.56885682e-03 -4.77884315e-07 2.12149966e-08 -4.25110765e-05 -1.55626474e-08
1.010423         -2.53156891e-07 -2.15256445e-03 2.38184599e-07 -2.74444278e-07 -2.11011361e-03 2.53909363e-07 2.12873871e-08 -4.24508439e-05 -1.57247647e-08
1.010942         -1.98326719e-06 -1.57704803e-03 1.24545700e-06 -2.00416703e-06 -1.53477435e-03 1.26107075e-06 2.08998332e-08 -4.22736801e-05 -1.56137507e-08
1.011462         3.47044567e-06 -1.66085827e-03 -1.95662084e-06 3.44833340e-06 -1.61873026e-03 -1.94019399e-06 2.21122648e-08 -4.21280160e-05 -1.64268484e-08
1.011981         7.86097164e-06 -1.60906877e-03 -4.44587500e-06 7.83647346e-06 -1.56717985e-03 -4.42798012e-06 2.44981720e-08 -4.18889184e-05 -1.78948741e-08
1.0125           -1.09257134e-05 -1.99823963e-03 6.76523240e-06 -1.09471464e-05 -1.95634059e-03 6.78141474e-06 2.14329450e-08 -4.18990395e-05 -1.61823390e-08
1.013026         -2.15013683e-06 -2.63092932e-03 1.55931253e-06 -2.17118480e-06 -2.58865053e-03 1.57534443e-06 2.10479715e-08 -4.22787985e-05 -1.60319030e-08
1.013552         2.39042132e-06 -2.08049073e-03 -7.59597938e-07 2.36825083e-06 -2.03827272e-03 -7.42964841e-07 2.21704881e-08 -4.22180136e-05 -1.66330965e-08
1.014078         -3.29814578e-06 -1.24518146e-03 1.90408423e-06 -3.31940494e-06 -1.20340088e-03 1.92034939e-06 2.12591623e-08 -4.17805821e-05 -1.62651613e-08
1.014611         1.69995220e-07 -1.97797647e-03 4.37593980e-07 1.48343694e-07 -1.93631747e-03 4.54067132e-07 2.16515260e-08 -4.16590019e-05 -1.64731521e-08
1.015144         -1.32432906e-06 -2.16330182e-03 1.08067232e-06 -1.34580840e-06 -2.12172765e-03 1.09710768e-06 2.14793427e-08 -4.15741747e-05 -1.64353592e-08
1.015677         -9.52561803e-07 -2.20728164e-03 8.21204394e-07 -9.73979785e-07 -2.16560168e-03 8.37682176e-07 2.14179815e-08 -4.16799640e-05 -1.64777814e-08
1.016211         -7.51711493e-07 -2.17730440e-03 6.99502316e-07 -7.73123554e-07 -2.13540220e-03 7.16058990e-07 2.14120605e-08 -4.19022032e-05 -1.65566739e-08
1.016736         1.86727689e-06 -1.48983325e-03 -9.76216461e-07 1.84504472e-06 -1.44817454e-03 -9.59094402e-07 2.22321628e-08 -4.16587114e-05 -1.71220596e-08
1.017269         -7.42166809e-06 -1.54570333e-03 4.28554136e-06 -7.44164938e-06 -1.50434087e-03 4.30154249e-06 1.99812897e-08 -4.13624621e-05 -1.60011274e-08
1.017803         1.52906661e-06 -2.10098546e-03 -5.51873934e-07 1.50835559e-06 -2.05964723e-03 -5.35412819e-07 2.07110134e-08 -4.13382344e-05 -1.64611147e-08
1.018336         1.01960896e-05 -2.33816131e-03 -6.13897451e-06 1.01721321e-05 -2.29681744e-03 -6.12045547e-06 2.39574505e-08 -4.13438719e-05 -1.85190429e-08
1.018869         3.75428483e-07 -1.85571304e-03 -7.03041771e-08 3.51228296e-07 -1.81439957e-03 -5.15477752e-08 2.42001869e-08 -4.13134722e-05 -1.87564019e-08
1.019403         4.31187437e-07 -1.80519269e-03 -2.09995752e-07 4.06750873e-07 -1.76390823e-03 -1.90981277e-07 2.44365643e-08 -4.12844533e-05 -1.90144752e-08
1.019936         -1.34559001e-06 -1.82365767e-03 9.53105744e-07 -1.36973593e-06 -1.78255624e-03 9.72042693e-07 2.41459161e-08 -4.11014294e-05 -1.89369490e-08
1.020478         -1.10224300e-06 -1.92059582e-03 8.91432804e-07 -1.12616702e-06 -1.87960080e-03 9.10315806e-07 2.39240202e-08 -4.09950182e-05 -1.88830017e-08
1.02102          9.89740082e-07 -2.56787712e-03 -4.77315269e-07 9.65408071e-07 -2.52663177e-03 -4.58077554e-07 2.43320111e-08 -4.12453565e-05 -1.92377150e-08
1.021553         -1.73338674e-06 -2.23738354e-03 1.48509066e-06 -1.75738864e-06 -2.19612434e-03 1.50415493e-06 2.40018949e-08 -4.12591948e-05 -1.90642710e-08
1.022086         -7.49330883e-07 -1.25495399e-03 5.27897699e-07 -7.73179797e-07 -1.21414403e-03 5.46990061e-07 2.38489145e-08 -4.08099631e-05 -1.90923615e-08
1.022628         -2.02344447e-07 -1.88696945e-03 3.06961805e-07 -2.26221734e-07 -1.84624355e-03 3.26155232e-07 2.38772874e-08 -4.07259027e-05 -1.91934265e-08
1.023171         -2.84741906e-07 -2.66420685e-03 3.97887303e-07 -3.08641892e-07 -2.62318511e-03 4.17178030e-07 2.38999859e-08 -4.10217346e-05 -1.92907273e-08
1.023713         7.23360971e-06 -1.94711730e-03 -4.51561015e-06 7.20742284e-06 -1.90622863e-03 -4.49477601e-06 2.61868716e-08 -4.08886712e-05 -2.08341364e-08
1.024255         -1.70413685e-05 -1.21021828e-03 1.11736310e-05 -1.70625111e-05 -1.16977448e-03 1.11913490e-05 2.11426350e-08 -4.04438057e-05 -1.77180132e-08
1.024798         -4.16067016e-07 -2.04475424e-03 5.58490750e-07 -4.37328889e-07 -2.00426300e-03 5.76344906e-07 2.12618731e-08 -4.04912408e-05 -1.78541558e-08
1.02534          -3.07760864e-06 -2.41970912e-03 2.25079183e-06 -3.09813137e-06 -2.37901749e-03 2.26825307e-06 2.05227280e-08 -4.06916318e-05 -1.74612380e-08
1.025882         -1.55254267e-06 -1.78814809e-03 1.20094926e-06 -1.57279278e-06 -1.74753483e-03 1.21833106e-06 2.02501094e-08 -4.06132593e-05 -1.73817960e-08
1.026425         -9.06324137e-07 -1.68976975e-03 9.43372249e-07 -9.26532216e-07 -1.64924688e-03 9.60778482e-07 2.02080787e-08 -4.05228669e-05 -1.74062334e-08
1.026967         -2.54245440e-07 -1.51866207e-03 3.61656785e-07 -2.74534431e-07 -1.47840300e-03 3.79200232e-07 2.02889909e-08 -4.02590651e-05 -1.75434468e-08
1.02751          -4.21977051e-07 -1.51758327e-03 5.50524201e-07 -4.42282016e-07 -1.47755632e-03 5.68145149e-07 2.03049644e-08 -4.00269412e-05 -1.76209481e-08
1.028064         -1.10533907e-06 -2.09814943e-03 1.12125866e-06 -1.12545836e-06 -2.05799092e-03 1.13880424e-06 2.01192874e-08 -4.01585061e-05 -1.75455847e-08
1.028618         -2.45741029e-07 -2.03657379e-03 4.57365968e-07 -2.65926036e-07 -1.99638183e-03 4.75019554e-07 2.01850065e-08 -4.01919559e-05 -1.76535859e-08
1.029172         -4.40312602e-07 -1.87448462e-03 6.00934825e-07 -4.60517402e-07 -1.83445794e-03 6.18655834e-07 2.02047995e-08 -4.00266769e-05 -1.77210095e-08
1.029726         -2.47913226e-06 -1.85866446e-03 1.91162774e-06 -2.49869696e-06 -1.81873282e-03 1.92900055e-06 1.95647021e-08 -3.99316335e-05 -1.73728162e-08
1.03028          -1.66753669e-06 -1.66088685e-03 1.38185601e-06 -1.68668927e-06 -1.62101515e-03 1.39902401e-06 1.91525787e-08 -3.98716969e-05 -1.71680012e-08
1.030834         7.19212919e-06 -1.80246738e-03 -4.84854316e-06 7.17068373e-06 -1.76269558e-03 -4.82972148e-06 2.14454649e-08 -3.97717987e-05 -1.88216813e-08
1.031389         -3.70491103e-07 -1.91040261e-03 4.71305175e-07 -3.91865625e-07 -1.87075262e-03 4.90152145e-07 2.13745225e-08 -3.96499861e-05 -1.88469699e-08
1.031943         -2.99207036e-06 -1.70126792e-03 2.34759121e-06 -3.01255921e-06 -1.66170946e-03 2.36589853e-06 2.04888492e-08 -3.95584576e-05 -1.83073227e-08
1.032497         -1.02778861e-06 -1.61925108e-03 1.12065509e-06 -1.04801760e-06 -1.57976738e-03 1.13881671e-06 2.02289925e-08 -3.94837034e-05 -1.81616141e-08
1.033051         1.57561182e-06 -1.77167491e-03 -1.05806538e-06 1.55486085e-06 -1.73232043e-03 -1.03943138e-06 2.07509653e-08 -3.93544874e-05 -1.86340010e-08
1.033605         -3.48122485e-06 -1.87022887e-03 2.81736913e-06 -3.50094336e-06 -1.83097670e-03 2.83532971e-06 1.97185073e-08 -3.92521741e-05 -1.79605779e-08
1.034159         -3.21511903e-06 -2.01347708e-03 2.01231360e-06 -3.23380695e-06 -1.97412107e-03 2.02975923e-06 1.86879214e-08 -3.93560109e-05 -1.74456290e-08
1.034713         -9.04222840e-07 -1.90097721e-03 1.53217957e-06 -9.22889698e-07 -1.86164342e-03 1.54950095e-06 1.86668579e-08 -3.93337886e-05 -1.73213823e-08
1.035267         -2.18427863e-06 -1.25244621e-03 1.69961248e-06 -2.20227722e-06 -1.21349922e-03 1.71657932e-06 1.79985888e-08 -3.89469978e-05 -1.69668443e-08
1.03584          -1.58217798e-06 -1.66755943e-03 1.27843300e-06 -1.59969474e-06 -1.62871230e-03 1.29515928e-06 1.75167610e-08 -3.88471300e-05 -1.67262708e-08
1.036412         -1.95993624e-06 -2.09747668e-03 1.58202334e-06 -1.97686747e-06 -2.05848012e-03 1.59843174e-06 1.69312220e-08 -3.89965627e-05 -1.64084040e-08
1.036984         -3.48366159e-06 -1.80199893e-03 2.23716573e-06 -3.49935627e-06 -1.76310046e-03 2.25294119e-06 1.56946746e-08 -3.88984686e-05 -1.57754608e-08
1.037556         3.07480298e-06 -1.81916611e-03 -2.10022631e-06 3.05805099e-06 -1.78041065e-03 -2.08361065e-06 1.67519890e-08 -3.87554615e-05 -1.66156596e-08
1.038128         -1.49765249e-06 -1.51356818e-03 1.23459115e-06 -1.51398664e-06 -1.47502739e-03 1.25098360e-06 1.63341495e-08 -3.85407885e-05 -1.63924472e-08
1.0387           8.05041035e-06 -1.57542071e-03 -5.21162887e-06 8.03121619e-06 -1.53706429e-03 -5.19330579e-06 1.91941688e-08 -3.83564270e-05 -1.83230836e-08
1.039272         -1.41487191e-06 -1.25253948e-03 1.26215394e-06 -1.43360119e-06 -1.21437063e-03 1.28019808e-06 1.87292856e-08 -3.81688570e-05 -1.80441331e-08
1.039844         -3.53635689e-06 -1.64510481e-03 2.85961201e-06 -3.55397704e-06 -1.60700110e-03 2.87690376e-06 1.76201480e-08 -3.81037050e-05 -1.72917470e-08
1.040416         -1.90973569e-06 -2.36097811e-03 1.64756584e-06 -1.92680032e-06 -2.32270946e-03 1.66452638e-06 1.70646300e-08 -3.82686447e-05 -1.69605406e-08
1.040988         -1.48356594e-06 -1.63813227e-03 1.28769054e-06 -1.50022568e-06 -1.59998497e-03 1.30443083e-06 1.66597429e-08 -3.81473036e-05 -1.67402828e-08
1.04156          1.19925842e-07 -1.22673512e-03 7.89544386e-08 1.03113554e-07 -1.18881573e-03 9.58660420e-08 1.68122881e-08 -3.79193916e-05 -1.69116034e-08
1.042132         -8.08131214e-07 -1.75471428e-03 8.05314676e-07 -8.24750541e-07 -1.71685445e-03 8.22154592e-07 1.66193273e-08 -3.78598359e-05 -1.68399161e-08
1.042704         3.57407540e-07 -1.79868632e-03 1.63417250e-07 3.40507309e-07 -1.76089197e-03 1.80455241e-07 1.69002310e-08 -3.77943533e-05 -1.70379903e-08
1.043276         -5.67689618e-06 -1.27395068e-03 4.10508346e-06 -5.69190990e-06 -1.23635313e-03 4.12092624e-06 1.50137179e-08 -3.75975524e-05 -1.58427773e-08
1.043848         -4.50776091e-06 -1.37439996e-03 3.60552988e-06 -4.52143069e-06 -1.33694709e-03 3.62044358e-06 1.36697812e-08 -3.74528704e-05 -1.49136981e-08
1.04442          -5.52107683e-06 -1.83246224e-03 3.92238343e-06 -5.53290064e-06 -1.79503686e-03 3.93615660e-06 1.18238123e-08 -3.74253826e-05 -1.37731690e-08
1.044992         4.78873601e-06 -1.65153321e-03 -4.00311669e-06 4.77533130e-06 -1.61423151e-03 -3.98797023e-06 1.34047093e-08 -3.73017067e-05 -1.51464634e-08
1.045564         -8.82057741e-06 -1.55846994e-03 7.22739758e-06 -8.83132712e-06 -1.52134256e-03 7.24054182e-06 1.07497109e-08 -3.71273836e-05 -1.31442432e-08
1.046136         -1.99326061e-06 -1.44112494e-03 1.75568228e-06 -2.00354874e-06 -1.40411498e-03 1.76853462e-06 1.02881279e-08 -3.70099559e-05 -1.28523390e-08
1.046708         -2.28477752e-06 -1.40307304e-03 1.91555076e-06 -2.29449588e-06 -1.36616332e-03 1.92804231e-06 9.71836070e-09 -3.69097139e-05 -1.24915444e-08
1.04728          -1.33353011e-06 -1.92191734e-03 1.27025270e-06 -1.34301302e-06 -1.88499337e-03 1.28261123e-06 9.48290383e-09 -3.69239743e-05 -1.23585280e-08
1.047852         -7.13391256e-07 -1.82828860e-03 8.33698531e-07 -7.22869818e-07 -1.79142577e-03 8.46084318e-07 9.47856243e-09 -3.68628306e-05 -1.23857871e-08
1.048424         -1.14505200e-06 -1.28445522e-03 1.06198780e-06 -1.15434399e-06 -1.24786489e-03 1.07428884e-06 9.29199558e-09 -3.65903376e-05 -1.23010395e-08
1.048996         -6.88110717e-07 -1.35582949e-03 7.80345467e-07 -6.97335454e-07 -1.31942296e-03 7.92635532e-07 9.22473685e-09 -3.64065354e-05 -1.22900656e-08
1.049568         -4.37959901e-06 -1.09487310e-03 3.63129201e-06 -4.38752815e-06 -1.05867158e-03 3.64265402e-06 7.92913359e-09 -3.62015220e-05 -1.13620122e-08
1.05014          -2.31477123e-06 -1.77205038e-03 2.04450275e-06 -2.32210743e-06 -1.73583460e-03 2.05547857e-06 7.33620452e-09 -3.62157806e-05 -1.09758152e-08
1.050712         -1.87597379e-06 -2.04998812e-03 1.77909393e-06 -1.88290434e-06 -2.01368235e-03 1.78980598e-06 6.93054531e-09 -3.63057688e-05 -1.07120501e-08
1.051284         -1.52620387e-06 -1.17533602e-03 1.43843631e-06 -1.53281576e-06 -1.13934892e-03 1.44896298e-06 6.61188833e-09 -3.59871001e-05 -1.05266733e-08
1.051856         -2.19197761e-07 -1.10792854e-03 4.40341048e-07 -2.25902308e-07 -1.07225012e-03 4.50979210e-07 6.70454773e-09 -3.56784247e-05 -1.06381613e-08
1.052428         7.75291778e-07 -1.11033401e-03 -2.82431106e-07 7.68181079e-07 -1.07491030e-03 -2.71462643e-07 7.11069932e-09 -3.54237076e-05 -1.09684628e-08
1.053            2.25520204e-06 -1.37713787e-03 -1.67418748e-06 2.24725881e-06 -1.34182657e-03 -1.66249924e-06 7.94322994e-09 -3.53113041e-05 -1.16882457e-08
1.053623         -5.71205185e-07 -1.99689029e-03 5.89464202e-07 -5.79042967e-07 -1.96138417e-03 6.01139413e-07 7.83778190e-09 -3.55061155e-05 -1.16752112e-08
1.054246         -1.14146046e-06 -1.32964319e-03 1.11466432e-06 -1.14898872e-06 -1.29433819e-03 1.12614696e-06 7.52826791e-09 -3.53050038e-05 -1.14826454e-08
1.054869         -1.66554373e-06 -1.05952807e-03 1.66607147e-06 -1.67258906e-06 -1.02453105e-03 1.67717364e-06 7.04532248e-09 -3.49970175e-05 -1.11021721e-08
1.055503         -1.52273182e-06 -1.79225795e-03 1.42806041e-06 -1.52933829e-06 -1.75709740e-03 1.43885006e-06 6.60647017e-09 -3.51605494e-05 -1.07896514e-08
1.056125         -1.43402677e-06 -1.52894538e-03 1.56724644e-06 -1.44025598e-06 -1.49391293e-03 1.57772164e-06 6.22920899e-09 -3.50324545e-05 -1.04751990e-08
1.056759         -1.97441148e-06 -1.01226549e-03 1.89401309e-06 -1.98003562e-06 -9.77712960e-04 1.90402071e-06 5.62413689e-09 -3.45525315e-05 -1.00076233e-08
1.057392         -2.42524952e-06 -9.90941801e-04 2.29858834e-06 -2.43011349e-06 -9.56621643e-04 2.30798975e-06 4.86397466e-09 -3.43201576e-05 -9.40141095e-09
1.058037         7.70263005e-07 -1.19979029e-03 -4.98704192e-08 7.64903789e-07 -1.16561215e-03 -4.01702553e-08 5.35921650e-09 -3.41781393e-05 -9.70016388e-09
1.058682         -2.19972183e-06 -1.87233217e-03 2.12103480e-06 -2.20442889e-06 -1.83805983e-03 2.13022299e-06 4.70705483e-09 -3.42723443e-05 -9.18818436e-09
1.059327         -1.00522563e-06 -1.22716981e-03 1.04929512e-06 -1.00968245e-06 -1.19307366e-03 1.05833110e-06 4.45681397e-09 -3.40961550e-05 -9.03598005e-09
1.059971         -1.72753988e-06 -9.13397730e-04 1.70847890e-06 -1.73145706e-06 -8.79548291e-04 1.71710834e-06 3.91717358e-09 -3.38494390e-05 -8.62943587e-09
1.060616         1.14925698e-06 -1.40102039e-03 -5.84411350e-07 1.14480837e-06 -1.36743324e-03 -5.75349125e-07 4.44861067e-09 -3.35871517e-05 -9.06222448e-09
1.061274         -2.30155093e-06 -1.26728985e-03 2.19609662e-06 -2.30524208e-06 -1.23386580e-03 2.20457403e-06 3.69114047e-09 -3.34240546e-05 -8.47741247e-09
1.061932         1.31865515e-06 -1.20757313e-03 -9.85575971e-07 1.31440325e-06 -1.17421540e-03 -9.76548477e-07 4.25189152e-09 -3.33577238e-05 -9.02749341e-09
1.062589         -2.85794746e-06 -1.31730089e-03 2.54639036e-06 -2.86118304e-06 -1.28408363e-03 2.55467043e-06 3.23557960e-09 -3.32172598e-05 -8.28007046e-09
1.063247         -8.52994255e-06 -1.31912692e-03 6.76049595e-06 -8.52980078e-06 -1.28607585e-03 6.76630635e-06 -1.41768200e-10 -3.30510767e-05 -5.81039946e-09
1.063905         -5.09806774e-07 -1.18287358e-03 4.92587444e-07 -5.09594360e-07 -1.15006300e-03 4.98447993e-07 -2.12414390e-10 -3.28105805e-05 -5.86054834e-09
1.064577         -2.38470341e-06 -9.39891224e-04 2.22930172e-06 -2.38371989e-06 -9.07244934e-04 2.23457254e-06 -9.83521000e-10 -3.26462903e-05 -5.27081602e-09
1.06525          -1.54768137e-06 -1.05497915e-03 1.59353116e-06 -1.54630633e-06 -1.02252147e-03 1.59849887e-06 -1.37504107e-09 -3.24576736e-05 -4.96770425e-09
1.065923         -5.15628918e-06 -1.44239107e-03 4.68281137e-06 -5.15319472e-06 -1.41016479e-03 4.68636633e-06 -3.09446050e-09 -3.22262829e-05 -3.55495244e-09
1.066595         -4.87738811e-06 -9.69581008e-04 4.49391766e-06 -4.87272909e-06 -9.37532197e-04 4.49617491e-06 -4.65901084e-09 -3.20488108e-05 -2.25725058e-09
1.067268         -1.48475735e-06 -9.98751777e-04 1.56314697e-06 -1.47981590e-06 -9.66884352e-04 1.56519649e-06 -4.94144514e-09 -3.18674242e-05 -2.04952634e-09
1.067958         2.87182494e-06 -1.03859197e-03 -2.01730260e-06 2.87517706e-06 -1.00696954e-03 -2.01397556e-06 -3.35211515e-09 -3.16224290e-05 -3.32704260e-09
1.068648         -3.51289065e-07 -1.12616581e-03 6.22539225e-07 -3.48066164e-07 -1.09470261e-03 6.25998143e-07 -3.22290086e-09 -3.14632031e-05 -3.45891794e-09
1.069339         -2.39243017e-06 -1.12923542e-03 2.19550571e-06 -2.38845041e-06 -1.09797168e-03 2.19842158e-06 -3.97975523e-09 -3.12637400e-05 -2.91586706e-09
1.070029         -2.86993470e-06 -9.83446241e-04 2.73478446e-06 -2.86505940e-06 -9.52450773e-04 2.73698394e-06 -4.87529870e-09 -3.09954688e-05 -2.19948663e-09
1.070719         -8.32953136e-07 -1.16652114e-03 1.00172641e-06 -8.27998868e-07 -1.13551255e-03 1.00389293e-06 -4.95426807e-09 -3.10085824e-05 -2.16652289e-09
1.07141          -1.31749110e-06 -1.00638509e-03 1.38123703e-06 -1.31223329e-06 -9.75593148e-04 1.38319450e-06 -5.25781269e-09 -3.07919370e-05 -1.95747288e-09
1.072122         -2.01604454e-06 -9.54201873e-04 2.07595000e-06 -2.01018536e-06 -9.23833077e-04 2.07741307e-06 -5.85917879e-09 -3.03687962e-05 -1.46307307e-09
1.072835         -4.22094102e-06 -1.17782658e-03 4.08097939e-06 -4.21361751e-06 -1.14741713e-03 4.08117544e-06 -7.32351685e-09 -3.04094497e-05 -1.96057308e-10
1.073547         -1.08299091e-06 -7.76575809e-04 1.23562539e-06 -1.07547770e-06 -7.46465123e-04 1.23568447e-06 -7.51320538e-09 -3.01106853e-05 -5.90740397e-11
1.07426          -2.07810159e-06 -6.86650870e-04 2.11115421e-06 -2.06995896e-06 -6.56906693e-04 2.11069218e-06 -8.14263072e-09 -2.97441770e-05 4.62027344e-10
1.074973         -2.58005588e-06 -1.33962475e-03 2.59176095e-06 -2.57114393e-06 -1.30983063e-03 2.59064129e-06 -8.91195293e-09 -2.97941143e-05 1.11966216e-09
1.075685         -9.06396088e-07 -1.07216661e-03 8.84706809e-07 -8.97350835e-07 -1.04258909e-03 8.83557678e-07 -9.04525308e-09 -2.95775217e-05 1.14913081e-09
1.076428         -1.98901956e-06 -8.10720924e-04 2.04805646e-06 -1.97938296e-06 -7.81444847e-04 2.04641261e-06 -9.63660494e-09 -2.92760772e-05 1.64384281e-09
1.07717          -5.87937647e-07 -5.79753336e-04 7.44651700e-07 -5.78259567e-07 -5.50838773e-04 7.43017054e-07 -9.67808071e-09 -2.89145630e-05 1.63464575e-09
1.077912         -1.10439454e-06 -1.21150743e-03 1.19674124e-06 -1.09448495e-06 -1.18266440e-03 1.19494766e-06 -9.90958777e-09 -2.88430235e-05 1.79357625e-09
1.078654         -1.10375524e-06 -7.70391412e-04 1.18155747e-06 -1.09361822e-06 -7.41737617e-04 1.17962165e-06 -1.01370251e-08 -2.86537948e-05 1.93582003e-09
1.079397         -4.23234855e-07 -7.54394025e-04 5.46642323e-07 -4.13151170e-07 -7.25951898e-04 5.44813437e-07 -1.00836846e-08 -2.84421276e-05 1.82888586e-09
1.080139         4.31455820e-07 -9.95797647e-04 -2.55803829e-07 4.41108358e-07 -9.67652218e-04 -2.57178798e-07 -9.65253849e-09 -2.81454296e-05 1.37496977e-09
1.080881         -4.79457683e-07 -6.62684431e-04 6.04750794e-07 -4.69903674e-07 -6.34721605e-04 6.03535803e-07 -9.55400920e-09 -2.79628258e-05 1.21499056e-09
1.08167          -8.12680383e-07 -8.20429508e-04 9.35823450e-07 -8.03014614e-07 -7.92717802e-04 9.34560672e-07 -9.66576916e-09 -2.77117061e-05 1.26277859e-09
1.082459         -1.94145004e-07 -9.50552119e-04 1.67338444e-07 -1.84648927e-07 -9.23094532e-04 1.66364113e-07 -9.49607626e-09 -2.74575871e-05 9.74331896e-10
1.083247         -5.34047597e-06 -8.47317133e-04 5.42614246e-06 -5.32890846e-06 -8.19892576e-04 5.42323433e-06 -1.15675071e-08 -2.74245578e-05 2.90812483e-09
1.084036         -2.20332684e-06 -3.47515672e-04 2.28076578e-06 -2.19109166e-06 -3.20584296e-04 2.27725970e-06 -1.22351766e-08 -2.69313764e-05 3.50607455e-09
1.084825         -2.72933055e-06 -8.11771981e-04 2.71982706e-06 -2.71623486e-06 -7.85118477e-04 2.71556147e-06 -1.30956836e-08 -2.66535035e-05 4.26558895e-09
1.085613         -8.42083435e-07 -8.84840411e-04 8.94618509e-07 -8.29019543e-07 -8.58365221e-04 8.90424168e-07 -1.30638919e-08 -2.64751891e-05 4.19434088e-09
1.086402         1.98504659e-06 -6.49741204e-04 -1.69583317e-06 1.99680830e-06 -6.23409898e-04 -1.69882203e-06 -1.17617161e-08 -2.63313062e-05 2.98886157e-09
1.087191         -2.62792906e-06 -6.80911652e-04 2.68356413e-06 -2.61538409e-06 -6.54814356e-04 2.67983700e-06 -1.25449662e-08 -2.60972961e-05 3.72713240e-09
1.087979         -2.29538081e-06 -5.75017077e-04 2.32704595e-06 -2.28217625e-06 -5.49221885e-04 2.32272044e-06 -1.32045545e-08 -2.57951915e-05 4.32550850e-09
1.088768         -1.76551274e-06 -6.00812631e-04 1.86627295e-06 -1.75191272e-06 -5.75275381e-04 1.86157556e-06 -1.36000208e-08 -2.55372499e-05 4.69739272e-09
1.089557         -9.40196275e-07 -6.21368665e-04 1.00079085e-06 -9.26605760e-07 -5.96069842e-04 9.96112752e-07 -1.35905155e-08 -2.52988227e-05 4.67810184e-09
1.090345         -1.99300500e-06 -4.96988676e-04 2.08958626e-06 -1.97897042e-06 -4.71998776e-04 2.08447453e-06 -1.40345841e-08 -2.49899004e-05 5.11172818e-09
1.091134         -1.50389198e-06 -6.02004816e-04 1.56177109e-06 -1.48967058e-06 -5.77244841e-04 1.55648416e-06 -1.42213988e-08 -2.47599742e-05 5.28692318e-09
1.091923         3.18755169e-08 -5.27924304e-04 -7.80753523e-08 4.56234350e-08 -5.03310608e-04 -8.28511838e-08 -1.37479181e-08 -2.46136965e-05 4.77583155e-09
1.092711         -1.64482995e-06 -6.46857807e-04 1.47607675e-06 -1.63074261e-06 -6.22408344e-04 1.47107738e-06 -1.40873462e-08 -2.44494633e-05 4.99936715e-09
1.0935           -1.66743316e-06 -7.44697871e-04 1.72437733e-06 -1.65313048e-06 -7.20521061e-04 1.71916257e-06 -1.43026851e-08 -2.41768096e-05 5.21475789e-09
1.094362         -3.33657516e-06 -1.41857133e-04 3.52505187e-06 -3.32120000e-06 -1.18198264e-04 3.51870674e-06 -1.53751596e-08 -2.36588687e-05 6.34512464e-09
1.095243         -5.77454015e-06 -7.93151515e-04 5.68002897e-06 -5.75666887e-06 -7.69559637e-04 5.67129061e-06 -1.78712782e-08 -2.35918779e-05 8.73835566e-09
1.096123         -1.20700649e-06 -4.89129179e-04 1.23483714e-06 -1.18911578e-06 -4.65840882e-04 1.22606134e-06 -1.78907049e-08 -2.32882971e-05 8.77580316e-09
1.097025         -3.23524898e-06 -4.10338303e-04 3.46063109e-06 -3.21633294e-06 -3.87368604e-04 3.45072254e-06 -1.89160335e-08 -2.29696988e-05 9.90855203e-09
1.097927         -1.45017523e-06 -3.96514060e-04 1.57409176e-06 -1.43118319e-06 -3.73765753e-04 1.56403057e-06 -1.89920413e-08 -2.27483063e-05 1.00611858e-08
1.098852         -2.67804950e-06 -5.14756459e-04 2.63576892e-06 -2.65824220e-06 -4.92197244e-04 2.62491684e-06 -1.98073007e-08 -2.25592157e-05 1.08520785e-08
1.099777         -1.05210878e-06 -4.68484312e-04 1.02551975e-06 -1.03245119e-06 -4.46311099e-04 1.01479975e-06 -1.96575934e-08 -2.21732131e-05 1.07200025e-08
1.100702         -2.41172748e-06 -3.85605743e-05 2.49489417e-06 -2.39145905e-06 -1.68993429e-05 2.48351473e-06 -2.02684318e-08 -2.16612314e-05 1.13794391e-08
1.101653         -1.84799537e-06 -6.35562904e-04 1.97460591e-06 -1.82742231e-06 -6.13991040e-04 1.96283447e-06 -2.05730648e-08 -2.15718641e-05 1.17714397e-08
1.102605         -1.05796791e-07 -2.59238778e-04 4.67195266e-07 -8.60747627e-08 -2.38057197e-04 4.56047760e-07 -1.97220286e-08 -2.11815808e-05 1.11475063e-08
1.103586         -7.32468849e-07 -3.12805621e-04 9.02107593e-07 -7.13028567e-07 -2.91925250e-04 8.91140078e-07 -1.94402826e-08 -2.08803712e-05 1.09675148e-08
1.104567         1.03760120e-06 -5.13661122e-04 -1.03105092e-06 1.05581378e-06 -4.92982921e-04 -1.04081595e-06 -1.82125841e-08 -2.06782007e-05 9.76503039e-09
1.105548         -4.81120039e-06 1.30815960e-04 4.97293743e-06 -4.79085458e-06 1.50940794e-04 4.96100067e-06 -2.03458133e-08 -2.01248340e-05 1.19367577e-08
1.106564         -1.54862691e-06 -4.79280122e-04 1.85680780e-06 -1.52811339e-06 -4.59169041e-04 1.84450124e-06 -2.05135189e-08 -2.01110807e-05 1.23065630e-08
1.10758          -1.55895058e-06 -4.26126331e-04 1.77922656e-06 -1.53836127e-06 -4.06356886e-04 1.76672438e-06 -2.05893139e-08 -1.97694443e-05 1.25021780e-08
1.108596         -1.73371377e-06 2.29543803e-04 2.02414050e-06 -1.71301491e-06 2.48486955e-04 2.01139117e-06 -2.06988593e-08 -1.89431519e-05 1.27493329e-08
1.109655         -6.13011726e-07 -4.84390759e-04 6.80813246e-07 -5.92722049e-07 -4.65409472e-04 6.68378216e-07 -2.02896778e-08 -1.89812875e-05 1.24350298e-08
1.110713         3.41992442e-07 -9.96194392e-05 -1.52370797e-07 3.61155973e-07 -8.10554257e-05 -1.63839840e-07 -1.91635315e-08 -1.85640134e-05 1.14690427e-08
1.111822         -3.07651679e-07 -1.28848735e-04 3.72487975e-07 -2.89095249e-07 -1.10642777e-04 3.61548684e-07 -1.85564301e-08 -1.82059580e-05 1.09392913e-08
1.112931         -7.20606591e-07 -2.59255810e-04 7.94160357e-07 -7.02405879e-07 -2.41329680e-04 7.83498691e-07 -1.82007122e-08 -1.79261305e-05 1.06616661e-08
1.11404          -9.25033040e-07 1.31327948e-05 1.02134834e-06 -9.07036941e-07 3.05771154e-05 1.01080659e-06 -1.79960986e-08 -1.74443206e-05 1.05417453e-08
1.115091         -9.92564758e-07 1.05473016e-04 1.15753171e-06 -9.74665482e-07 1.22364879e-04 1.14697709e-06 -1.78992753e-08 -1.68918629e-05 1.05546204e-08
1.116141         -9.59396975e-07 -1.03210704e-04 1.08098530e-06 -9.41468157e-07 -8.65245690e-05 1.07030531e-06 -1.79288183e-08 -1.66861354e-05 1.06799857e-08
1.117192         -1.23407901e-06 -8.83145706e-05 1.40808636e-06 -1.21592467e-06 -7.19952584e-05 1.39708838e-06 -1.81543442e-08 -1.63193122e-05 1.09979743e-08
1.118242         -8.62095366e-07 -7.07812488e-05 1.03133280e-06 -8.43922596e-07 -5.47297476e-05 1.02022563e-06 -1.81727693e-08 -1.60515013e-05 1.11071708e-08
1.119293         3.35546945e-07 -9.07981851e-05 -2.12809587e-07 3.53000174e-07 -7.50709577e-05 -2.23268581e-07 -1.74532293e-08 -1.57272273e-05 1.04589936e-08
1.120343         -1.38052998e-06 1.11009640e-04 1.57788498e-06 -1.36260628e-06 1.26335485e-04 1.56686307e-06 -1.79236997e-08 -1.53258444e-05 1.10219136e-08
1.121394         -9.10231471e-07 4.83775926e-05 1.05685066e-06 -8.92106196e-07 6.32642064e-05 1.04555724e-06 -1.81252753e-08 -1.48866138e-05 1.12934152e-08
1.122444         -5.60463926e-07 2.67961833e-05 8.30893142e-07 -5.42367195e-07 4.13675965e-05 8.19489080e-07 -1.80967312e-08 -1.45714132e-05 1.14040611e-08
1.123495         -7.87143234e-07 2.19389266e-04 9.81708923e-07 -7.68841089e-07 2.33523052e-04 9.70012912e-07 -1.83021450e-08 -1.41337857e-05 1.16960111e-08
1.124545         -9.05856177e-07 1.47402179e-05 1.11915233e-06 -8.87251024e-07 2.85879293e-05 1.10705956e-06 -1.86051526e-08 -1.38477114e-05 1.20927694e-08
1.125596         -8.79908329e-07 1.14661806e-04 1.03840748e-06 -8.61028879e-07 1.28161313e-04 1.02597791e-06 -1.88794497e-08 -1.34995064e-05 1.24295692e-08
1.126646         -5.08072528e-07 3.13187135e-04 6.35586965e-07 -4.89145713e-07 3.26225391e-04 6.23062740e-07 -1.89268154e-08 -1.30382563e-05 1.25242253e-08
1.127697         -9.06709604e-07 2.95190919e-05 7.95613270e-07 -8.87346951e-07 4.23180806e-05 7.82737975e-07 -1.93626529e-08 -1.27989887e-05 1.28752952e-08
1.128747         -3.59554153e-06 7.26143994e-05 3.82158205e-06 -3.57410176e-06 8.49678021e-05 3.80656887e-06 -2.14397682e-08 -1.23534027e-05 1.50131806e-08
1.129798         -1.30189073e-06 4.47154287e-04 1.48367646e-06 -1.27986325e-06 4.59113786e-04 1.46799781e-06 -2.20274758e-08 -1.19594992e-05 1.56786529e-08
1.130848         -9.81588197e-07 -2.37323529e-05 1.16244476e-06 -9.59210578e-07 -1.20860763e-05 1.14635358e-06 -2.23776192e-08 -1.16462766e-05 1.60911864e-08
1.131899         -2.50989598e-06 4.41343658e-04 2.75845334e-06 -2.48607160e-06 4.52627605e-04 2.74082022e-06 -2.38243819e-08 -1.12839471e-05 1.76331220e-08
1.132949         -8.96489663e-07 2.67936492e-04 1.06607422e-06 -8.72348760e-07 2.78724349e-04 1.04807367e-06 -2.41409037e-08 -1.07878573e-05 1.80005493e-08
1.134            -8.68249591e-07 9.80152664e-05 1.03273197e-06 -8.43800456e-07 1.08568325e-04 1.01437177e-06 -2.44491351e-08 -1.05530591e-05 1.83602023e-08
1.135013         -8.97683109e-07 4.65629873e-04 1.11419251e-06 -8.72921460e-07 4.75711704e-04 1.09545406e-06 -2.47616483e-08 -1.00818312e-05 1.87384419e-08
1.136025         -8.81150918e-07 4.42062530e-04 1.03154717e-06 -8.56114264e-07 4.51748350e-04 1.01248271e-06 -2.50366541e-08 -9.68582034e-06 1.90644625e-08
1.137012         -6.05762278e-07 2.07040467e-04 6.92665914e-07 -5.80640834e-07 2.16467277e-04 6.73496271e-07 -2.51214434e-08 -9.42681019e-06 1.91696431e-08
1.137998         6.20550689e-07 1.45712368e-04 -6.41840325e-07 6.44969078e-07 1.54921066e-04 -6.60288695e-07 -2.44183891e-08 -9.20869740e-06 1.84483699e-08
1.138985         2.92517508e-07 8.04400836e-04 -3.25469606e-07 3.16533352e-07 8.12981751e-04 -3.43502765e-07 -2.40158443e-08 -8.58091496e-06 1.80331588e-08
1.139971         -1.93461009e-06 7.71430895e-05 2.32077267e-06 -1.90981399e-06 8.54538687e-05 2.30176280e-06 -2.47961051e-08 -8.31077922e-06 1.90098653e-08
1.140958         -4.38531816e-07 4.09302593e-04 5.65813223e-07 -4.13772539e-07 4.17397760e-04 5.46757354e-07 -2.47592766e-08 -8.09516708e-06 1.90558690e-08
1.141944         -3.36977042e-07 6.21191559e-04 4.44806124e-07 -3.12319385e-07 6.28683080e-04 4.25778200e-07 -2.46576569e-08 -7.49152090e-06 1.90279237e-08
1.142902         -7.05107864e-07 3.46284790e-04 9.16761621e-07 -6.80385818e-07 3.53495601e-04 8.97552072e-07 -2.47220454e-08 -7.21081073e-06 1.92095485e-08
1.143859         -2.49938199e-07 5.48169286e-04 3.50987388e-07 -2.25402750e-07 5.55001475e-04 3.31897940e-07 -2.45354484e-08 -6.83218898e-06 1.90894477e-08
1.144817         -3.01016545e-07 3.60433319e-04 3.94696058e-07 -2.76708309e-07 3.66997550e-04 3.75773058e-07 -2.43082357e-08 -6.56423084e-06 1.89230002e-08
1.145774         -1.99495895e-06 5.77496625e-04 2.16585837e-06 -1.96988283e-06 5.83679997e-04 2.14607838e-06 -2.50761236e-08 -6.18337216e-06 1.97799919e-08
1.146732         -1.74337198e-06 4.52771836e-04 2.01047184e-06 -1.71776689e-06 4.58657809e-04 1.99003536e-06 -2.56050936e-08 -5.88597251e-06 2.04364794e-08
1.147689         -5.61533201e-07 5.30773429e-04 6.91919913e-07 -5.36087481e-07 5.36327727e-04 6.71579482e-07 -2.54457201e-08 -5.55429794e-06 2.03404316e-08
1.148647         -5.25079089e-07 5.89556729e-04 6.63191247e-07 -4.99815708e-07 5.94648831e-04 6.42972272e-07 -2.52633805e-08 -5.09210218e-06 2.02189751e-08
1.149604         -5.25068553e-07 5.37980970e-04 6.46369066e-07 -4.99966774e-07 5.42747175e-04 6.26258394e-07 -2.51017786e-08 -4.76620476e-06 2.01106724e-08
1.150526         -3.23903451e-08 5.85144817e-04 1.35514574e-07 -7.68854162e-09 5.89638447e-04 1.15757563e-07 -2.47018035e-08 -4.49362957e-06 1.97570116e-08
1.151449         1.60466662e-07 4.99592073e-04 -1.18283272e-07 1.84655637e-07 5.03675432e-04 -1.37559460e-07 -2.41889744e-08 -4.08335829e-06 1.92761876e-08
1.152371         -1.22719788e-06 4.32944610e-04 1.35301227e-06 -1.20279869e-06 4.36830093e-04 1.33342867e-06 -2.43991887e-08 -3.88548317e-06 1.95836026e-08
1.153293         -5.62001642e-07 6.53238589e-04 6.32799444e-07 -5.37875830e-07 6.56899368e-04 6.13390342e-07 -2.41258116e-08 -3.66077901e-06 1.94091011e-08
1.154215         3.82631682e-08 8.61574702e-04 -9.39256444e-09 6.18814775e-08 8.64629402e-04 -2.83424564e-08 -2.36183094e-08 -3.05469995e-06 1.89498919e-08
1.155137         -1.31039193e-07 6.62859359e-04 1.70192027e-07 -1.07695222e-07 6.65442205e-04 1.51505748e-07 -2.33439707e-08 -2.58284578e-06 1.86862792e-08
1.156059         -3.30354830e-07 3.71213801e-04 3.52518831e-07 -3.07073243e-07 3.73790844e-04 3.33896619e-07 -2.32815869e-08 -2.57704267e-06 1.86222123e-08
1.156981         -2.71557053e-07 7.50960859e-04 3.19192417e-07 -2.48260041e-07 7.53179993e-04 3.00541428e-07 -2.32970120e-08 -2.21913373e-06 1.86509892e-08
1.157903         2.45005890e-07 6.69458702e-04 -2.97640820e-07 2.68091803e-07 6.71227131e-04 -3.16047374e-07 -2.30859129e-08 -1.76842859e-06 1.84065533e-08
1.158825         -2.52384765e-07 6.95225460e-04 3.61592950e-07 -2.29212765e-07 6.96736502e-04 3.43061727e-07 -2.31720001e-08 -1.51104224e-06 1.85312223e-08
1.159747         7.48194532e-08 6.97060784e-04 -4.95705222e-08 9.79391532e-08 6.98264690e-04 -6.80468637e-08 -2.31197000e-08 -1.20390573e-06 1.84763415e-08
1.160669         -6.90921032e-08 7.62526054e-04 1.28950669e-07 -4.59086196e-08 7.63287038e-04 1.10399310e-07 -2.31834836e-08 -7.60983895e-07 1.85513590e-08
1.161591         1.76811442e-07 7.96962187e-04 -1.45786150e-07 1.99925286e-07 7.97390671e-04 -1.64263858e-07 -2.31138433e-08 -4.28483820e-07 1.84777085e-08
1.162513         -1.26613642e-07 6.58592778e-04 2.08107866e-07 -1.03417497e-07 6.58774281e-04 1.89532291e-07 -2.31961444e-08 -1.81502860e-07 1.85755757e-08
1.163435         1.10242866e-07 9.09194327e-04 -7.72224714e-08 1.33417930e-07 9.08976112e-04 -9.57753615e-08 -2.31750638e-08 2.18214331e-07 1.85528901e-08
1.164357         7.19210096e-08 6.12480873e-04 -2.03682127e-08 9.50851459e-08 6.12058779e-04 -3.89242228e-08 -2.31641363e-08 4.22093662e-07 1.85560101e-08
1.165279         -3.12030766e-09 6.36828622e-04 7.81548805e-08 2.01024175e-08 6.36174711e-04 5.95154145e-08 -2.32227252e-08 6.53911353e-07 1.86394660e-08
1.166201         3.18301003e-07 1.05702346e-03 -3.40769436e-07 3.41458308e-07 1.05574500e-03 -3.59331090e-07 -2.31573057e-08 1.27845811e-06 1.85616544e-08
1.167124         1.70519989e-07 6.02786140e-04 -1.34375137e-07 1.93667395e-07 6.01471308e-04 -1.52923318e-07 -2.31474067e-08 1.31483285e-06 1.85481809e-08
1.168046         2.90154754e-07 9.76829671e-04 -2.63666054e-07 3.13289027e-07 9.75023547e-04 -2.82202129e-07 -2.31342730e-08 1.80612430e-06 1.85360753e-08
1.168968         3.46619883e-07 8.31807524e-04 -3.21496131e-07 3.69766127e-07 8.29656338e-04 -3.40044501e-07 -2.31462443e-08 2.15118587e-06 1.85483704e-08
1.16989          -1.68655947e-07 8.71467207e-04 3.53318125e-07 -1.45186844e-07 8.69017011e-04 3.34372381e-07 -2.34691024e-08 2.45019509e-06 1.89457440e-08
1.170812         2.65126898e-07 9.12059551e-04 -1.96247787e-07 2.88678362e-07 9.09290222e-04 -2.15300561e-07 -2.35514632e-08 2.76932905e-06 1.90527735e-08
1.171734         3.22446931e-07 7.18178339e-04 -2.60296602e-07 3.46005967e-07 7.15208960e-04 -2.79376033e-07 -2.35590363e-08 2.96937903e-06 1.90794309e-08
1.172656         2.98797451e-07 7.98472196e-04 -2.37606026e-07 3.22367939e-07 7.95250385e-04 -2.56720833e-07 -2.35704878e-08 3.22181076e-06 1.91148070e-08
1.173578         4.02033800e-07 1.05023993e-03 -3.53842786e-07 4.25623474e-07 1.04661885e-03 -3.73009823e-07 -2.35896747e-08 3.62108213e-06 1.91670373e-08
1.1745           4.11869425e-07 8.91282041e-04 -3.55786142e-07 4.35456362e-07 8.87247264e-04 -3.74982560e-07 -2.35869373e-08 4.03477690e-06 1.91964182e-08
1.1754           4.12126435e-07 6.41922736e-04 -3.46053800e-07 4.35760058e-07 6.38211944e-04 -3.65328828e-07 -2.36336227e-08 3.71079218e-06 1.92750282e-08
1.1763           3.58772271e-07 2.72223268e-04 -2.92338051e-07 3.82430631e-07 2.69298366e-04 -3.11662013e-07 -2.36583602e-08 2.92490175e-06 1.93239624e-08
1.1772           3.97906163e-07 3.50533837e-04 -3.44464841e-07 4.21590192e-07 3.48165103e-04 -3.63834761e-07 -2.36840294e-08 2.36873382e-06 1.93699202e-08
1.1781           4.84611507e-07 2.81125168e-04 -4.39813760e-07 5.08254622e-07 2.79428182e-04 -4.59155118e-07 -2.36431149e-08 1.69698549e-06 1.93413581e-08
1.179            3.00507678e-07 2.09770339e-04 -2.13326268e-07 3.24151180e-07 2.08823153e-04 -2.32688928e-07 -2.36435020e-08 9.47186095e-07 1.93626602e-08
1.1799           5.85746868e-07 4.27759366e-04 -5.52554043e-07 6.09239228e-07 4.27337941e-04 -5.71758515e-07 -2.34923608e-08 4.21425651e-07 1.92044723e-08
1.180777         4.41116570e-07 4.67152683e-04 -4.13632407e-07 4.64563741e-07 4.67238149e-04 -4.32779682e-07 -2.34471707e-08 -8.54656267e-08 1.91472751e-08
1.181655         4.77239968e-07 -1.71933390e-04 -4.25702036e-07 5.00589722e-07 -1.70804418e-04 -4.44750026e-07 -2.33497546e-08 -1.12897249e-06 1.90479894e-08
1.182532         6.30995371e-07 3.58888311e-04 -6.18794282e-07 6.54235590e-07 3.60430884e-04 -6.37719305e-07 -2.32402186e-08 -1.54257386e-06 1.89250233e-08
1.18341          6.86833038e-07 3.67089916e-04 -6.86153691e-07 7.09929656e-07 3.69055749e-04 -7.04913417e-07 -2.30966182e-08 -1.96583299e-06 1.87597257e-08
1.184287         6.60529222e-07 1.32597553e-04 -6.22144155e-07 6.83502829e-07 1.35415810e-04 -6.40772673e-07 -2.29736064e-08 -2.81825722e-06 1.86285178e-08
1.185165         7.46909999e-07 2.57267774e-04 -7.35202996e-07 7.69770622e-07 2.60632766e-04 -7.53693291e-07 -2.28606221e-08 -3.36499181e-06 1.84902942e-08
1.186043         9.00858632e-07 4.70628920e-04 -8.79158095e-07 9.23551743e-07 4.74436824e-04 -8.97409536e-07 -2.26931114e-08 -3.80790429e-06 1.82514408e-08
1.18692          1.19321254e-06 3.67013577e-04 -1.29846271e-06 1.21562035e-06 3.71359559e-04 -1.31630512e-06 -2.24078118e-08 -4.34598125e-06 1.78424057e-08
1.187798         9.08162009e-07 1.09976296e-04 -8.64855208e-07 9.30519087e-07 1.14897107e-04 -8.82620161e-07 -2.23570781e-08 -4.92081133e-06 1.77649524e-08
1.188675         1.10359537e-06 5.21869537e-04 -1.13421551e-06 1.12578623e-06 5.27270832e-04 -1.15176375e-06 -2.21908651e-08 -5.40129559e-06 1.75482382e-08
1.189553         1.07012827e-06 -1.05111555e-04 -1.06796136e-06 1.09214097e-06 -9.88902533e-05 -1.08527909e-06 -2.20126995e-08 -6.22130206e-06 1.73177274e-08
1.19043          1.32765326e-06 6.27574553e-04 -1.41193738e-06 1.34947267e-06 6.34037477e-04 -1.42898690e-06 -2.18194045e-08 -6.46292491e-06 1.70495175e-08
1.191277         1.28462161e-06 3.38452103e-04 -1.33530284e-06 1.30627488e-06 3.45457643e-04 -1.35212116e-06 -2.16532729e-08 -7.00553963e-06 1.68183171e-08
1.192124         1.26280972e-06 2.29417145e-04 -1.29143401e-06 1.28421673e-06 2.37041326e-04 -1.30794080e-06 -2.14070140e-08 -7.62418165e-06 1.65067963e-08
1.192972         1.63019057e-06 2.69091427e-04 -1.76284628e-06 1.65110498e-06 2.77230953e-04 -1.77874331e-06 -2.09144122e-08 -8.13952660e-06 1.58970228e-08
1.193819         1.18264835e-06 3.70087845e-04 -1.18806496e-06 1.20327625e-06 3.78596680e-04 -1.20362717e-06 -2.06278995e-08 -8.50883536e-06 1.55622093e-08
1.194666         1.51125822e-06 5.58201562e-04 -1.60611775e-06 1.53159694e-06 5.67154640e-04 -1.62133689e-06 -2.03387260e-08 -8.95307841e-06 1.52191436e-08
1.195513         5.24330750e-07 4.58808718e-05 -5.22805703e-07 5.44898952e-07 5.53704257e-05 -5.38242348e-07 -2.05682024e-08 -9.48955388e-06 1.54366455e-08
1.196361         1.36603524e-06 4.63271879e-04 -1.42351930e-06 1.38632789e-06 4.73207699e-04 -1.43863695e-06 -2.02926538e-08 -9.93582030e-06 1.51176438e-08
1.197208         -1.70913004e-06 4.50778162e-04 1.79483554e-06 -1.68745706e-06 4.61095368e-04 1.77831683e-06 -2.16729778e-08 -1.03172056e-05 1.65187135e-08
1.198055         -5.51140677e-07 3.08310977e-04 7.75699222e-07 -5.28893921e-07 3.19088881e-04 7.58532066e-07 -2.22467564e-08 -1.07779037e-05 1.71671563e-08
1.198902         1.27080843e-06 2.92603242e-04 -1.29966797e-06 1.29260605e-06 3.03919007e-04 -1.31632461e-06 -2.17976174e-08 -1.13157644e-05 1.66566389e-08
1.19975          1.40772103e-06 6.74678757e-04 -1.46888972e-06 1.42898203e-06 6.86176778e-04 -1.48497328e-06 -2.12609999e-08 -1.14980210e-05 1.60835646e-08
1.200597         1.43282388e-06 -5.66788357e-05 -1.52944377e-06 1.45349517e-06 -4.44027545e-05 -1.54487658e-06 -2.06712885e-08 -1.22760812e-05 1.54328154e-08
1.201444         1.57482397e-06 5.51066875e-04 -1.61431059e-06 1.59480805e-06 5.63596971e-04 -1.62904701e-06 -1.99840887e-08 -1.25300957e-05 1.47364255e-08
1.202291         3.41372817e-07 6.90184664e-04 -4.64445639e-08 3.61388029e-07 7.02912857e-04 -6.13358872e-08 -2.00152126e-08 -1.27281932e-05 1.48913233e-08
1.203139         1.57505007e-06 5.12974067e-04 -1.67803877e-06 1.59442856e-06 5.26088375e-04 -1.69225025e-06 -1.93784926e-08 -1.31143077e-05 1.42114733e-08
1.203986         1.67072563e-06 2.83434219e-04 -1.79397802e-06 1.68915227e-06 2.97093652e-04 -1.80711234e-06 -1.84266388e-08 -1.36594333e-05 1.31343266e-08
1.204833         1.64726389e-06 3.94782202e-04 -1.79976393e-06 1.66460497e-06 4.08790118e-04 -1.81162421e-06 -1.73410799e-08 -1.40079167e-05 1.18602815e-08
1.20568          1.49263342e-06 2.28283168e-04 -1.51788006e-06 1.50900419e-06 2.42879939e-04 -1.52864374e-06 -1.63707703e-08 -1.45967710e-05 1.07636747e-08
1.206528         1.52477782e-06 7.25957730e-04 -1.66658027e-06 1.54043840e-06 7.40593306e-04 -1.67656392e-06 -1.56605802e-08 -1.46355754e-05 9.98365127e-09
1.207375         1.31264867e-06 6.94449776e-04 -1.41595689e-06 1.32781621e-06 7.09362062e-04 -1.42542178e-06 -1.51675426e-08 -1.49122859e-05 9.46488618e-09
1.208222         1.38608404e-06 3.41655810e-04 -1.52157890e-06 1.40079871e-06 3.57058240e-04 -1.53058518e-06 -1.47146690e-08 -1.54024299e-05 9.00627827e-09
1.209069         1.43765002e-06 2.36870215e-04 -1.59597258e-06 1.45180415e-06 2.52737375e-04 -1.60439597e-06 -1.41541334e-08 -1.58671606e-05 8.42339205e-09
1.209917         1.42932350e-06 8.71267556e-04 -1.58663786e-06 1.44269665e-06 8.87356515e-04 -1.59420732e-06 -1.33731579e-08 -1.60889594e-05 7.56946367e-09
1.210764         5.52333619e-06 5.15281902e-04 -6.03191724e-06 5.53368667e-06 5.31535878e-04 -6.03620939e-06 -1.03504850e-08 -1.62539759e-05 4.29215084e-09
1.211611         1.47061004e-06 2.69128642e-04 -1.74121985e-06 1.48044517e-06 2.85949368e-04 -1.74494745e-06 -9.83512871e-09 -1.68207261e-05 3.72760267e-09
1.212458         1.21587388e-06 6.81652884e-04 -1.37009784e-06 1.22531701e-06 6.98609900e-04 -1.37342889e-06 -9.44312413e-09 -1.69570163e-05 3.33104986e-09
1.213306         1.88119900e-06 7.34118953e-04 -2.31721258e-06 1.88988697e-06 7.51275554e-04 -2.31965465e-06 -8.68797268e-09 -1.71566002e-05 2.44207250e-09
1.214153         1.32756529e-06 5.65926080e-04 -1.54687690e-06 1.33569428e-06 5.83461865e-04 -1.54871046e-06 -8.12899876e-09 -1.75357852e-05 1.83356144e-09
1.215            1.15842672e-06 5.46336362e-04 -1.26878534e-06 1.16604789e-06 5.64038083e-04 -1.27009249e-06 -7.62117212e-09 -1.77017209e-05 1.30715413e-09
1.215794         2.56023192e-06 6.27127025e-04 -2.79994180e-06 2.56664049e-06 6.45244796e-04 -2.79997286e-06 -6.40857326e-09 -1.81177708e-05 3.10655942e-11
1.216573         1.93231694e-06 5.28512444e-04 -2.13561105e-06 1.93790413e-06 5.46813225e-04 -2.13474724e-06 -5.58719410e-09 -1.83007811e-05 -8.63810186e-10
1.217351         1.89797928e-06 6.39194892e-04 -2.08879799e-06 1.90278917e-06 6.57672392e-04 -2.08708024e-06 -4.80989129e-09 -1.84774992e-05 -1.71775188e-09
1.21813          2.17460923e-06 7.20013770e-04 -2.46819734e-06 2.17856145e-06 7.38696005e-04 -2.46550174e-06 -3.95222318e-09 -1.86822350e-05 -2.69559384e-09
1.218908         2.28941836e-06 7.37620927e-04 -2.59008078e-06 2.29231183e-06 7.56525297e-04 -2.58615942e-06 -2.89347625e-09 -1.89043698e-05 -3.92135862e-09
1.219687         2.92926673e-06 7.71464223e-04 -3.33204039e-06 2.93091535e-06 7.90546718e-04 -3.32670438e-06 -1.64862412e-09 -1.90824949e-05 -5.33600776e-09
1.220465         1.67810782e-06 4.85893535e-04 -2.01366411e-06 1.67887762e-06 5.05320036e-04 -2.00730448e-06 -7.69803963e-10 -1.94265008e-05 -6.35963100e-09
1.221244         1.68985348e-06 6.64494393e-04 -1.95779764e-06 1.68971651e-06 6.84116704e-04 -1.95040619e-06 1.36974376e-10 -1.96223111e-05 -7.39144710e-09
1.222022         2.10234241e-06 1.15229685e-03 -2.47124066e-06 2.10112650e-06 1.17178244e-03 -2.46260704e-06 1.21591326e-09 -1.94855888e-05 -8.63361945e-09
1.222801         1.89352885e-06 4.44577420e-04 -2.23270940e-06 1.89102946e-06 4.64495207e-04 -2.22257083e-06 2.49938766e-09 -1.99177877e-05 -1.01385700e-08
1.22358          1.62303239e-06 8.15695827e-04 -1.86548970e-06 1.61934365e-06 8.35663981e-04 -1.85397660e-06 3.68873869e-09 -1.99681535e-05 -1.15130994e-08
1.224358         1.81402832e-06 6.98315011e-04 -2.26312855e-06 1.80964501e-06 7.18455695e-04 -2.25079425e-06 4.38330808e-09 -2.01406831e-05 -1.23342973e-08
1.225137         1.35846059e-06 5.06065929e-04 -1.61716707e-06 1.35354316e-06 5.26564348e-04 -1.60422777e-06 4.91742717e-09 -2.04984188e-05 -1.29392990e-08
1.225915         1.40272134e-06 1.06962174e-03 -1.69798842e-06 1.39699787e-06 1.09017488e-03 -1.68400127e-06 5.72346877e-09 -2.05531374e-05 -1.39871530e-08
1.226674         1.17641430e-06 9.34034420e-04 -1.29715263e-06 1.17028496e-06 9.54653808e-04 -1.28273543e-06 6.12934450e-09 -2.06193877e-05 -1.44171986e-08
1.227432         1.71903863e-06 6.91585172e-04 -2.03180701e-06 1.71222358e-06 7.12342970e-04 -2.01659230e-06 6.81504149e-09 -2.07577985e-05 -1.52147119e-08
1.228191         -3.52268442e-06 6.38726950e-04 3.80562740e-06 -3.52767369e-06 6.59654598e-04 3.81887207e-06 4.98927045e-09 -2.09276486e-05 -1.32446789e-08
1.22895          4.99591058e-07 1.14240394e-03 -5.80869538e-07 4.94412567e-07 1.16343898e-03 -5.67446348e-07 5.17849089e-09 -2.10350370e-05 -1.34231901e-08
1.229708         7.97338633e-07 6.48344439e-04 -8.15043882e-07 7.91742741e-07 6.69558934e-04 -8.01207905e-07 5.59589198e-09 -2.12144954e-05 -1.38359769e-08
1.230467         1.22227765e-06 7.48429376e-04 -1.44645222e-06 1.21610945e-06 7.69762047e-04 -1.43198510e-06 6.16819956e-09 -2.13326706e-05 -1.44671211e-08
1.231225         1.08385003e-06 9.61515714e-04 -1.24368616e-06 1.07719101e-06 9.82894272e-04 -1.22871649e-06 6.65902597e-09 -2.13785583e-05 -1.49696707e-08
1.231984         1.12455274e-06 1.20181549e-03 -1.29412817e-06 1.11738032e-06 1.22309782e-03 -1.27863997e-06 7.17242099e-09 -2.12823251e-05 -1.54882039e-08
1.232742         1.18572326e-06 8.77199365e-04 -1.38653561e-06 1.17802154e-06 8.98760592e-04 -1.37049896e-06 7.70171456e-09 -2.15612278e-05 -1.60366542e-08
1.233501         1.36423559e-06 7.70141222e-04 -1.59626191e-06 1.35596315e-06 7.91832766e-04 -1.57962391e-06 8.27243919e-09 -2.16915434e-05 -1.66380036e-08
1.23426          6.21708285e-06 7.53957194e-04 -7.03459953e-06 6.20611210e-06 7.75651931e-04 -7.01509087e-06 1.09707488e-08 -2.16947371e-05 -1.95086631e-08
1.235018         -3.20705324e-06 1.11113643e-03 3.29339847e-06 -3.21629339e-06 1.13301541e-03 3.31106887e-06 9.24014151e-09 -2.18789827e-05 -1.76703997e-08
1.235777         2.55125595e-06 1.02934399e-03 -3.04782430e-06 2.54095758e-06 1.05113641e-03 -3.02901133e-06 1.02983625e-08 -2.17924273e-05 -1.88129677e-08
1.236535         -3.53597224e-08 9.85576620e-04 1.31077018e-07 -4.52978847e-08 1.00737417e-03 1.49319550e-07 9.93816222e-09 -2.17975499e-05 -1.82425322e-08
1.237294         3.30004903e-06 9.45857920e-04 -4.08385501e-06 3.28903646e-06 9.67788791e-04 -4.06442276e-06 1.10125711e-08 -2.19308707e-05 -1.94322427e-08
1.238053         4.72814856e-07 8.02101437e-04 -5.69401099e-07 4.62003031e-07 8.24326728e-04 -5.50279554e-07 1.08118252e-08 -2.22252913e-05 -1.91215456e-08
1.238811         1.54282247e-06 1.00553239e-03 -1.89236576e-06 1.53185252e-06 1.02772790e-03 -1.87310160e-06 1.09699521e-08 -2.21955057e-05 -1.92641650e-08
1.23957          1.33895016e-06 1.20429604e-03 -1.79241565e-06 1.32799323e-06 1.22633881e-03 -1.77314922e-06 1.09569325e-08 -2.20427636e-05 -1.92664289e-08
1.240328         3.96620785e-07 1.22497504e-03 -9.04909428e-08 3.86105869e-07 1.24690627e-03 -7.19049456e-08 1.05149153e-08 -2.19312311e-05 -1.85859972e-08
1.241087         4.95908202e-07 4.86835036e-04 -6.08786856e-07 4.85519731e-07 5.09299973e-04 -5.90320266e-07 1.03884716e-08 -2.24649370e-05 -1.84665906e-08
1.241845         1.00089745e-06 1.22181876e-03 -1.17822237e-06 9.90122714e-07 1.24412452e-03 -1.15929460e-06 1.07747315e-08 -2.23057567e-05 -1.89277699e-08
1.242604         1.57604138e-06 1.19305358e-03 -1.96790060e-06 1.56454850e-06 1.21524688e-03 -1.94812571e-06 1.14928795e-08 -2.21933060e-05 -1.97748825e-08
1.243363         1.35084259e-06 1.08433872e-03 -1.68669563e-06 1.33870383e-06 1.10652159e-03 -1.66617028e-06 1.21387526e-08 -2.21828737e-05 -2.05253457e-08
1.244121         4.49162399e-06 1.28832901e-03 -5.34734518e-06 4.47751664e-06 1.31051120e-03 -5.32452870e-06 1.41073486e-08 -2.21821839e-05 -2.28164839e-08
1.24488          5.49700536e-06 8.52368721e-04 -6.42476742e-06 5.48045133e-06 8.74639106e-04 -6.39913679e-06 1.65540251e-08 -2.22703852e-05 -2.56306304e-08
1.245638         2.29788636e-06 1.00139740e-03 -2.75655790e-06 2.28051127e-06 1.02371260e-03 -2.72992145e-06 1.73750953e-08 -2.23151978e-05 -2.66364488e-08
1.246397         1.35162676e-06 1.22135238e-03 -1.63317353e-06 1.33388041e-06 1.24367209e-03 -1.60605567e-06 1.77463503e-08 -2.23197083e-05 -2.71178555e-08
1.247156         1.30598298e-06 1.06794393e-03 -1.61902389e-06 1.28777474e-06 1.09026083e-03 -1.59126427e-06 1.82082404e-08 -2.23169034e-05 -2.77596155e-08
1.247914         1.04418098e-06 1.33307475e-03 -1.34296876e-06 1.02566512e-06 1.35523871e-03 -1.31474625e-06 1.85158563e-08 -2.21639531e-05 -2.82225071e-08
1.248673         9.86996685e-07 1.08981303e-03 -1.27555949e-06 9.68306325e-07 1.11196907e-03 -1.24706590e-06 1.86903605e-08 -2.21560455e-05 -2.84935808e-08
1.249431         1.42498116e-06 8.71997682e-04 -1.75107367e-06 1.40606978e-06 8.94265463e-04 -1.72231232e-06 1.89113779e-08 -2.22677810e-05 -2.87613477e-08
1.25019          1.68021897e-06 1.22073830e-03 -2.21045593e-06 1.66102408e-06 1.24305482e-03 -2.18133977e-06 1.91948914e-08 -2.23165197e-05 -2.91161613e-08
1.250948         1.35300645e-06 1.50252671e-03 -1.75757764e-06 1.33361984e-06 1.52457346e-03 -1.72823021e-06 1.93866102e-08 -2.20467536e-05 -2.93474264e-08
1.251707         1.18298631e-06 1.15801136e-03 -1.53765316e-06 1.16342947e-06 1.17998457e-03 -1.50808073e-06 1.95568427e-08 -2.19732040e-05 -2.95724333e-08
1.252466         9.37434571e-07 8.54315725e-04 -1.14646792e-06 9.17763328e-07 8.76394514e-04 -1.11675079e-06 1.96712435e-08 -2.20787895e-05 -2.97171355e-08
1.253224         1.30932188e-07 1.41655939e-03 -1.64868605e-07 1.11459580e-07 1.43852057e-03 -1.35371724e-07 1.94726079e-08 -2.19611738e-05 -2.94968808e-08
1.253983         -3.38980798e-06 1.09543909e-03 3.38530798e-06 -3.40745347e-06 1.11740233e-03 3.41296842e-06 1.76454863e-08 -2.19632402e-05 -2.76604393e-08
1.254741         -9.37954239e-07 1.23833634e-03 1.51390002e-06 -9.55086799e-07 1.26025296e-03 1.54083537e-06 1.71325603e-08 -2.19166181e-05 -2.69353458e-08
1.2555           2.37768528e-06 1.41593345e-03 -3.14321384e-06 2.35944009e-06 1.43776684e-03 -3.11481682e-06 1.82451973e-08 -2.18333945e-05 -2.83970206e-08
1.256198         9.20098184e-07 1.12886256e-03 -1.07602398e-06 9.01734711e-07 1.15073353e-03 -1.04748602e-06 1.83634729e-08 -2.18709635e-05 -2.85379591e-08
1.256897         4.75985360e-06 1.23060889e-03 -5.98859446e-06 4.73978421e-06 1.25238615e-03 -5.95795856e-06 2.00693916e-08 -2.17772595e-05 -3.06359043e-08
1.257595         1.66472354e-06 1.20812257e-03 -2.26314797e-06 1.64433829e-06 1.22978490e-03 -2.23204316e-06 2.03852497e-08 -2.16623264e-05 -3.11048051e-08
1.258281         1.17556373e-06 1.18707356e-03 -1.55393761e-06 1.15505791e-06 1.20860032e-03 -1.52261114e-06 2.05058241e-08 -2.15267562e-05 -3.13264685e-08
1.258966         -5.88783389e-07 1.41314623e-03 8.99620585e-07 -6.08696862e-07 1.43460007e-03 9.30227982e-07 1.99134726e-08 -2.14538353e-05 -3.06073974e-08
1.259652         4.22138969e-07 1.34229995e-03 -6.84314461e-07 4.02412442e-07 1.36373238e-03 -6.53825230e-07 1.97265271e-08 -2.14324321e-05 -3.04892304e-08
1.260325         1.81332325e-06 1.12569787e-03 -2.39127205e-06 1.79312610e-06 1.14717236e-03 -2.36013349e-06 2.01971513e-08 -2.14744896e-05 -3.11385553e-08
1.260998         1.25292051e-06 1.26128902e-03 -1.53448585e-06 1.23253785e-06 1.28266612e-03 -1.50307206e-06 2.03826679e-08 -2.13771042e-05 -3.14137888e-08
1.261672         1.40427413e-06 1.28471150e-03 -1.81711047e-06 1.38362266e-06 1.30597825e-03 -1.78528798e-06 2.06514700e-08 -2.12667568e-05 -3.18224886e-08
1.262332         -1.99287657e-08 1.16670297e-03 -1.12912124e-07 -4.01685407e-08 1.18788618e-03 -8.14658220e-08 2.02397750e-08 -2.11832102e-05 -3.14463021e-08
1.262992         2.15283540e-06 1.49993006e-03 -2.67634185e-06 2.13207101e-06 1.52094188e-03 -2.64421466e-06 2.07643915e-08 -2.10118280e-05 -3.21271932e-08
1.263652         1.85304100e-06 1.47339323e-03 -2.34477898e-06 1.83192668e-06 1.49425462e-03 -2.31215490e-06 2.11143212e-08 -2.08613882e-05 -3.26240731e-08
1.264299         -4.84788800e-08 1.22912650e-03 -1.53321005e-07 -6.91756499e-08 1.24989052e-03 -1.21043916e-07 2.06967699e-08 -2.07640231e-05 -3.22770884e-08
1.264946         9.56532601e-07 1.20477922e-03 -1.26796028e-06 9.35794909e-07 1.22560231e-03 -1.23554111e-06 2.07376922e-08 -2.08230888e-05 -3.24191706e-08
1.265593         6.35597502e-07 1.27675158e-03 -1.08949958e-06 6.14944227e-07 1.29757792e-03 -1.05702197e-06 2.06532754e-08 -2.08263441e-05 -3.24776080e-08
1.266226         4.05933276e-06 1.69856681e-03 -5.21404368e-06 4.03744375e-06 1.71897453e-03 -5.17998440e-06 2.18890116e-08 -2.04077258e-05 -3.40592808e-08
1.26686          6.03510024e-07 1.18421422e-03 -9.18114347e-07 5.81769737e-07 1.20466428e-03 -8.84126105e-07 2.17402871e-08 -2.04500598e-05 -3.39882415e-08
1.267493         3.94361046e-06 9.78639994e-04 -5.71992365e-06 3.92085123e-06 9.99278662e-04 -5.68437035e-06 2.27592330e-08 -2.06386678e-05 -3.55533002e-08
1.268113         -1.21286643e-06 1.62788262e-03 1.53334907e-06 -1.23476313e-06 1.64816807e-03 1.56788739e-06 2.18966931e-08 -2.02854546e-05 -3.45383255e-08
1.268733         7.93576757e-07 1.46493746e-03 -9.94177347e-07 7.71781128e-07 1.48504357e-03 -9.59699205e-07 2.17956286e-08 -2.01061068e-05 -3.44781416e-08
1.269353         -9.15903680e-07 1.31958808e-03 1.48286968e-06 -9.37013003e-07 1.33968412e-03 1.51646838e-06 2.11093235e-08 -2.00960421e-05 -3.35987046e-08
1.269972         1.76230203e-06 1.25967715e-03 -2.67265741e-06 1.74100487e-06 1.27971058e-03 -2.63863653e-06 2.12971587e-08 -2.00334259e-05 -3.40208869e-08
1.270578         4.59061167e-07 1.30661965e-03 -4.10220415e-07 4.38057648e-07 1.32658613e-03 -3.76539566e-07 2.10035184e-08 -1.99664885e-05 -3.36808488e-08
1.271183         5.85218318e-07 1.36050670e-03 -7.09465802e-07 5.64432321e-07 1.38044656e-03 -6.75979337e-07 2.07859973e-08 -1.99398608e-05 -3.34864644e-08
1.271788         7.83631514e-07 1.36836385e-03 -9.78240489e-07 7.62976685e-07 1.38819444e-03 -9.44831162e-07 2.06548285e-08 -1.98305814e-05 -3.34093274e-08
1.272393         1.77996601e-06 1.34025158e-03 -2.33145048e-06 1.75909395e-06 1.35987907e-03 -2.29766835e-06 2.08720626e-08 -1.96274891e-05 -3.37821304e-08
1.272999         2.59012593e-06 1.60021765e-03 -3.42943582e-06 2.56879212e-06 1.61972157e-03 -3.39496426e-06 2.13338074e-08 -1.95039209e-05 -3.44715564e-08
1.273588         4.41281426e-08 1.60661254e-03 -4.71864162e-07 2.32720842e-08 1.62602692e-03 -4.37798971e-07 2.08560584e-08 -1.94143788e-05 -3.40651908e-08
1.274178         5.27663012e-07 1.09972345e-03 -6.52329092e-07 5.07056156e-07 1.11905050e-03 -6.18515421e-07 2.06068557e-08 -1.93270542e-05 -3.38136705e-08
1.274768         5.70970180e-07 1.24757765e-03 -6.62617312e-07 5.50661551e-07 1.26683064e-03 -6.29120271e-07 2.03086284e-08 -1.92529823e-05 -3.34970403e-08
1.275358         -2.25088110e-07 1.34277081e-03 2.56393911e-07 -2.44853919e-07 1.36203379e-03 2.89266962e-07 1.97658095e-08 -1.92629742e-05 -3.28730506e-08
1.275948         1.16555239e-06 1.54918068e-03 -1.62584464e-06 1.14582569e-06 1.56826294e-03 -1.59293704e-06 1.97266949e-08 -1.90822611e-05 -3.29075947e-08
1.276521         -3.00235621e-06 1.67669934e-03 3.99524241e-06 -3.02070564e-06 1.69554394e-03 4.02642676e-06 1.83494355e-08 -1.88445952e-05 -3.11843512e-08
1.277093         6.70584668e-07 1.21233479e-03 -1.19801453e-06 6.52370426e-07 1.23114436e-03 -1.16683315e-06 1.82142424e-08 -1.88095762e-05 -3.11813801e-08
1.277666         -1.07418612e-07 1.19739076e-03 5.33039826e-07 -1.25240850e-07 1.21614134e-03 5.63699549e-07 1.78222381e-08 -1.87505866e-05 -3.06597228e-08
1.278239         3.89376322e-06 1.40067278e-03 -5.89837109e-06 3.87503729e-06 1.41925765e-03 -5.86626660e-06 1.87259288e-08 -1.85848707e-05 -3.21044947e-08
1.278812         1.84181312e-06 1.48255124e-03 -2.72894187e-06 1.82284789e-06 1.50102279e-03 -2.69640105e-06 1.89652259e-08 -1.84715534e-05 -3.25408253e-08
1.279385         1.44788898e-06 1.79271943e-03 -1.89157421e-06 1.42876462e-06 1.81111245e-03 -1.85881397e-06 1.91243676e-08 -1.83930224e-05 -3.27602373e-08
1.279958         1.00627932e-06 1.17616641e-03 -1.17286040e-06 9.87121543e-07 1.19454727e-03 -1.14005640e-06 1.91577736e-08 -1.83808626e-05 -3.28040015e-08
1.280531         1.29232540e-06 8.37619296e-04 -1.82565019e-06 1.27303697e-06 8.56024517e-04 -1.79259296e-06 1.92884330e-08 -1.84052202e-05 -3.30572296e-08
1.281104         -5.25199697e-07 1.62543061e-03 1.15262063e-06 -5.44066288e-07 1.64362759e-03 1.18505322e-06 1.88665914e-08 -1.81969780e-05 -3.24325926e-08
1.281677         1.03454171e-06 1.72668172e-03 -9.03748940e-07 1.01557397e-06 1.74468786e-03 -8.71270796e-07 1.89677318e-08 -1.80061404e-05 -3.24781443e-08
1.282228         -8.57946509e-07 1.42244352e-03 1.76998726e-06 -8.76382028e-07 1.44034066e-03 1.80167518e-06 1.84355190e-08 -1.78971396e-05 -3.16879242e-08
1.282779         1.29544667e-06 1.39959234e-03 -2.06022776e-06 1.27688455e-06 1.41739678e-03 -2.02824217e-06 1.85621185e-08 -1.78044378e-05 -3.19855868e-08
1.28333          8.25630390e-07 1.19842973e-03 -1.36674593e-06 8.07098271e-07 1.21623565e-03 -1.33469380e-06 1.85321189e-08 -1.78059106e-05 -3.20521323e-08
1.28388          1.95002217e-06 1.35565644e-03 -2.17724851e-06 1.93118303e-06 1.37333722e-03 -2.14485064e-06 1.88391443e-08 -1.76807786e-05 -3.23978639e-08
1.284431         1.20688811e-06 1.54608535e-03 -1.37974621e-06 1.18803886e-06 1.56347258e-03 -1.34738230e-06 1.88492509e-08 -1.73872305e-05 -3.23639124e-08
1.284982         1.38884246e-06 1.47735188e-03 -1.72847498e-06 1.36994795e-06 1.49467661e-03 -1.69606310e-06 1.88945046e-08 -1.73247293e-05 -3.24118825e-08
1.285533         1.75442195e-06 1.44729498e-03 -2.53663128e-06 1.73538132e-06 1.46467714e-03 -2.50392969e-06 1.90406309e-08 -1.73821629e-05 -3.27015882e-08
1.286084         2.19360464e-06 1.31855203e-03 -3.11394096e-06 2.17427839e-06 1.33579985e-03 -3.08076478e-06 1.93262526e-08 -1.72478190e-05 -3.31761733e-08
1.286635         -8.25817100e-07 1.29530367e-03 1.35671071e-06 -8.44461627e-07 1.31237365e-03 1.38900855e-06 1.86445273e-08 -1.70699887e-05 -3.22978470e-08
1.287186         5.68263850e-07 1.49483974e-03 -6.14504070e-07 5.49922567e-07 1.51181292e-03 -5.82511956e-07 1.83412834e-08 -1.69731806e-05 -3.19921133e-08
1.287737         1.70796684e-06 1.46092752e-03 -2.35434199e-06 1.68953985e-06 1.47781797e-03 -2.32209918e-06 1.84269951e-08 -1.68904508e-05 -3.22428019e-08
1.288288         -8.94673061e-07 1.42724628e-03 1.70154480e-06 -9.12352571e-07 1.44405673e-03 1.73275861e-06 1.76795093e-08 -1.68104539e-05 -3.12138078e-08
1.288838         2.70542862e-06 1.43411202e-03 -4.06267958e-06 2.68738813e-06 1.45082312e-03 -4.03082577e-06 1.80404834e-08 -1.67111048e-05 -3.18538092e-08
1.289389         -9.88853049e-08 1.34736041e-03 -4.18315107e-08 -1.16394766e-07 1.36391931e-03 -1.05922563e-08 1.75094611e-08 -1.65589010e-05 -3.12392544e-08
1.28994          -9.16411705e-07 1.33311766e-03 8.04673729e-07 -9.33076717e-07 1.34957890e-03 8.34932059e-07 1.66650129e-08 -1.64612381e-05 -3.02583301e-08
1.290491         2.08974064e-06 1.20668444e-03 -2.76878338e-06 2.07283179e-06 1.22314693e-03 -2.73826078e-06 1.69088523e-08 -1.64624984e-05 -3.05226058e-08
1.291042         8.90796135e-07 1.44964901e-03 -9.51533743e-07 8.74073854e-07 1.46596368e-03 -9.21353393e-07 1.67222805e-08 -1.63146709e-05 -3.01803502e-08
1.291593         5.72272304e-07 1.69680777e-03 -1.52740076e-07 5.55809233e-07 1.71287860e-03 -1.23090546e-07 1.64630717e-08 -1.60708228e-05 -2.96495298e-08
1.292144         5.72589526e-07 1.25270249e-03 -5.63026709e-07 5.56357594e-07 1.26873972e-03 -5.33751284e-07 1.62319322e-08 -1.60372274e-05 -2.92754243e-08
1.292695         -4.28263325e-07 1.20672290e-03 8.69314140e-07 -4.43970823e-07 1.22275227e-03 8.97799970e-07 1.57074980e-08 -1.60293698e-05 -2.84858301e-08
1.293246         -5.07358111e-08 1.33211750e-03 2.56486308e-07 -6.60394066e-08 1.34801179e-03 2.84372173e-07 1.53035955e-08 -1.58942972e-05 -2.78858655e-08
1.293796         2.23068402e-08 1.37692421e-03 2.06787272e-07 7.34753208e-09 1.39267517e-03 2.34122546e-07 1.49593081e-08 -1.57509601e-05 -2.73352745e-08
1.294347         1.46796808e-06 1.47338641e-03 -2.05920527e-06 1.45290077e-06 1.48905767e-03 -2.03174689e-06 1.50673068e-08 -1.56712636e-05 -2.74583812e-08
1.294898         2.86846182e-06 1.44188094e-03 -3.45970793e-06 2.85278155e-06 1.45746127e-03 -3.43162531e-06 1.56802709e-08 -1.55803245e-05 -2.80826227e-08
1.295449         1.47861601e-06 1.37394297e-03 -1.85687565e-06 1.46280934e-06 1.38938831e-03 -1.82869594e-06 1.58066728e-08 -1.54453395e-05 -2.81797149e-08
1.296            1.10311619e-06 1.31615862e-03 -1.46848791e-06 1.08730178e-06 1.33147867e-03 -1.44031047e-06 1.58144088e-08 -1.53200459e-05 -2.81774381e-08
1.29654          5.43132373e-07 1.30173425e-03 -7.49186080e-07 5.27458811e-07 1.31691870e-03 -7.21177791e-07 1.56735625e-08 -1.51844456e-05 -2.80082891e-08
1.29708          -3.05755113e-08 1.35856395e-03 5.23523598e-07 -4.59642893e-08 1.37361969e-03 5.51042450e-07 1.53887780e-08 -1.50557340e-05 -2.75188518e-08
1.29762          1.56538875e-06 1.41264764e-03 -2.53490782e-06 1.54979204e-06 1.42755262e-03 -2.50704758e-06 1.55967101e-08 -1.49049734e-05 -2.78602441e-08
1.29816          7.41324145e-07 1.30453737e-03 -1.17504209e-06 7.25774533e-07 1.31938906e-03 -1.14723859e-06 1.55496127e-08 -1.48516849e-05 -2.78034963e-08
1.2987           -6.78449380e-08 1.21335584e-03 2.12825127e-07 -8.31264084e-08 1.22822165e-03 2.40205957e-07 1.52814704e-08 -1.48658026e-05 -2.73808309e-08
1.29924          2.68468158e-06 1.32731911e-03 -3.35130144e-06 2.66871328e-06 1.34198428e-03 -3.32316775e-06 1.59683002e-08 -1.46651661e-05 -2.81336989e-08
1.29978          1.56177576e-07 1.44480987e-03 -7.67972761e-07 1.40416059e-07 1.45922264e-03 -7.39989336e-07 1.57615169e-08 -1.44127653e-05 -2.79834260e-08
1.30032          4.89758302e-07 1.27099205e-03 -6.47769963e-07 4.74025594e-07 1.28538675e-03 -6.19852347e-07 1.57327073e-08 -1.43946998e-05 -2.79176167e-08
1.30086          3.40188461e-07 1.24920364e-03 -3.03981480e-07 3.24435355e-07 1.26358307e-03 -2.76047279e-07 1.57531053e-08 -1.43794292e-05 -2.79342004e-08
1.3014           1.65470540e-07 1.38323840e-03 -5.94805191e-07 1.49614156e-07 1.39747920e-03 -5.66565239e-07 1.58563837e-08 -1.42407966e-05 -2.82399513e-08
1.30194          9.04542939e-07 1.33428835e-03 -1.46451230e-06 8.88327906e-07 1.34840221e-03 -1.43567618e-06 1.62150330e-08 -1.41138632e-05 -2.88361156e-08
1.30248          1.40528468e-06 1.24577902e-03 -2.27754229e-06 1.38855776e-06 1.25978553e-03 -2.24790679e-06 1.67269183e-08 -1.40065008e-05 -2.96355035e-08
1.30302          1.34723262e-07 1.29072005e-03 -1.62675072e-08 1.17910120e-07 1.30458719e-03 1.34616802e-08 1.68131420e-08 -1.38671321e-05 -2.97291874e-08
1.30356          1.10389721e-08 1.52632840e-03 -1.47471773e-07 -5.69812180e-09 1.53991776e-03 -1.17838092e-07 1.67370939e-08 -1.35893629e-05 -2.96336809e-08
1.3041           -1.63785685e-07 1.25040620e-03 -1.16300441e-07 -1.80389117e-07 1.26389551e-03 -8.67437776e-08 1.66034317e-08 -1.34893139e-05 -2.95566633e-08
1.30464          -8.11473997e-08 9.60964228e-04 -2.54036161e-07 -9.76918526e-08 9.74541002e-04 -2.24490104e-07 1.65444529e-08 -1.35767736e-05 -2.95460571e-08
1.30518          -4.18578756e-06 1.17180997e-03 5.71773099e-06 -4.20100299e-06 1.18531244e-03 5.74549708e-06 1.52154279e-08 -1.35024701e-05 -2.77660866e-08
1.305729         1.80027557e-06 1.42253224e-03 -2.51794731e-06 1.78454750e-06 1.43589003e-03 -2.48950258e-06 1.57280718e-08 -1.33577848e-05 -2.84447317e-08
1.306269         1.83815372e-06 1.19599017e-03 -1.50304065e-06 1.82178224e-06 1.20919523e-03 -1.47405049e-06 1.63714781e-08 -1.32050675e-05 -2.89901583e-08
1.306819         -2.54438640e-06 1.12768746e-03 2.50385430e-06 -2.55990039e-06 1.14070646e-03 2.53202673e-06 1.55139914e-08 -1.30190026e-05 -2.81724347e-08
1.307369         -1.80176308e-07 1.29010740e-03 1.74304761e-07 -1.95665954e-07 1.30298940e-03 2.02449782e-07 1.54896464e-08 -1.28819990e-05 -2.81450214e-08
1.307918         -2.78716887e-06 1.31755693e-03 4.49302164e-06 -2.80182824e-06 1.33030821e-03 4.51986326e-06 1.46593739e-08 -1.27512786e-05 -2.68416196e-08
1.308468         -1.00653920e-06 1.21249855e-03 1.52084666e-06 -1.02089555e-06 1.22524565e-03 1.54722655e-06 1.43563447e-08 -1.27470990e-05 -2.63798897e-08
1.309018         -2.63616496e-07 1.24648526e-03 6.15832955e-07 -2.77910235e-07 1.25918567e-03 6.42020684e-07 1.42937386e-08 -1.27004081e-05 -2.61877282e-08
1.309567         -3.71593889e-07 1.30277968e-03 3.64239685e-07 -3.85772991e-07 1.31513559e-03 3.90270993e-07 1.41791014e-08 -1.23559154e-05 -2.60313079e-08
1.310117         1.87377326e-07 1.13543345e-03 -3.43999196e-07 1.73143468e-07 1.14759743e-03 -3.17964966e-07 1.42338584e-08 -1.21639797e-05 -2.60342301e-08
1.310666         1.83640721e-08 9.35213467e-04 -3.50461107e-08 4.12679131e-09 9.47485998e-04 -9.09911429e-09 1.42372808e-08 -1.22725308e-05 -2.59469965e-08
1.311216         -6.51300156e-06 1.14770495e-03 7.34117031e-06 -6.52506011e-06 1.15987480e-03 7.36461483e-06 1.20585553e-08 -1.21698444e-05 -2.34445195e-08
1.311766         6.36136127e-06 1.53491189e-03 -8.40069485e-06 6.34722302e-06 1.54677489e-03 -8.37472110e-06 1.41382566e-08 -1.18629978e-05 -2.59737499e-08
1.312315         -4.54997437e-07 1.18741209e-03 8.24426115e-07 -4.68987350e-07 1.19915482e-03 8.50037779e-07 1.39899128e-08 -1.17427261e-05 -2.56116639e-08
1.312865         -1.30042284e-07 9.53801057e-04 1.31350904e-07 -1.43981550e-07 9.65500612e-04 1.56804108e-07 1.39392663e-08 -1.16995544e-05 -2.54532036e-08
1.313415         -4.81741208e-07 1.07336047e-03 6.43572245e-07 -4.95516362e-07 1.08497753e-03 6.68701699e-07 1.37751538e-08 -1.16170558e-05 -2.51294537e-08
1.313964         1.06636244e-06 1.20020231e-03 -1.50743107e-06 1.05227555e-06 1.21171549e-03 -1.48198778e-06 1.40868836e-08 -1.15131879e-05 -2.54432867e-08
1.314528         1.55276275e-06 1.09205940e-03 -2.19806729e-06 1.53821233e-06 1.10339355e-03 -2.17212254e-06 1.45504175e-08 -1.13341507e-05 -2.59447460e-08
1.315091         -2.90480250e-06 1.03574684e-03 2.98184935e-06 -2.91828592e-06 1.04689859e-03 3.00657423e-06 1.34834225e-08 -1.11517461e-05 -2.47248812e-08
1.315655         9.47336691e-07 1.15926215e-03 -8.24993299e-07 9.33511688e-07 1.17020536e-03 -8.00145134e-07 1.38250036e-08 -1.09432094e-05 -2.48481647e-08
1.316218         -4.41532922e-07 1.13755590e-03 4.97587330e-07 -4.55174792e-07 1.14835835e-03 5.22071288e-07 1.36418697e-08 -1.08024507e-05 -2.44839583e-08
1.316781         -3.36125674e-07 9.51085443e-04 3.97913334e-07 -3.49628477e-07 9.61952220e-04 4.22088251e-07 1.35028030e-08 -1.08667769e-05 -2.41749175e-08
1.317345         -3.67153376e-07 1.00087447e-03 4.17162839e-07 -3.80504292e-07 1.01164031e-03 4.41007656e-07 1.33509151e-08 -1.07658377e-05 -2.38448169e-08
1.317908         -2.70200604e-06 1.17211210e-03 3.83815910e-06 -2.71444801e-06 1.18265906e-03 3.86061259e-06 1.24419751e-08 -1.05469617e-05 -2.24534940e-08
1.318472         -1.00196148e-06 1.06269570e-03 1.63856647e-06 -1.01407479e-06 1.07305941e-03 1.66037333e-06 1.21133105e-08 -1.03637096e-05 -2.18068615e-08
1.319035         -5.14525118e-07 1.03701495e-03 9.56974757e-07 -5.26500149e-07 1.04719048e-03 9.78389228e-07 1.19750312e-08 -1.01755307e-05 -2.14144711e-08
1.319598         2.46482580e-06 1.02728496e-03 -2.57558011e-06 2.45190704e-06 1.03737334e-03 -2.55335151e-06 1.29187575e-08 -1.00883786e-05 -2.22286032e-08
1.320162         -2.71722326e-06 1.06907099e-03 3.51420749e-06 -2.72927795e-06 1.07905873e-03 3.53522083e-06 1.20546889e-08 -9.98773644e-06 -2.10133410e-08
1.320725         -6.68470560e-07 1.04489227e-03 6.97664473e-07 -6.80331953e-07 1.05466837e-03 7.18350710e-07 1.18613929e-08 -9.77609968e-06 -2.06862375e-08
1.321288         -1.92274229e-07 9.66618822e-04 6.75959496e-08 -2.04094302e-07 9.76254767e-04 8.81423101e-08 1.18200733e-08 -9.63594559e-06 -2.05463605e-08
1.321852         -1.59302682e-07 8.50495421e-04 -1.69619540e-07 -1.71088814e-07 8.60114589e-04 -1.49157557e-07 1.17861321e-08 -9.61916828e-06 -2.04619838e-08
1.322415         1.21094674e-06 9.65592254e-04 -1.52196275e-06 1.19877848e-06 9.75070705e-04 -1.50116309e-06 1.21682613e-08 -9.47845030e-06 -2.07996548e-08
1.322979         1.09343789e-06 1.03565177e-03 -2.45375485e-06 1.08085792e-06 1.04490391e-03 -2.43239609e-06 1.25799790e-08 -9.25214234e-06 -2.13587557e-08
1.323542         -1.23359611e-06 8.89207248e-04 1.45269188e-06 -1.24577940e-06 8.98380310e-04 1.47341212e-06 1.21832804e-08 -9.17306167e-06 -2.07202391e-08
1.324105         9.23014211e-07 8.41688185e-04 -9.69626521e-07 9.10460753e-07 8.50821680e-04 -9.48700534e-07 1.25534578e-08 -9.13349525e-06 -2.09259866e-08
1.324669         -1.95188530e-06 9.51632551e-04 3.78031313e-06 -1.96380217e-06 9.60576214e-04 3.80000870e-06 1.19168720e-08 -8.94366312e-06 -1.96955683e-08
1.325232         1.03571484e-06 9.69884217e-04 -2.93535378e-06 1.02345218e-06 9.78640090e-04 -2.91499502e-06 1.22626637e-08 -8.75587241e-06 -2.03587614e-08
1.325796         -1.00565805e-06 1.06334055e-03 1.00444581e-06 -1.01759905e-06 1.07188802e-03 1.02431129e-06 1.19410042e-08 -8.54746498e-06 -1.98654786e-08
1.326359         -5.99237500e-08 9.85563587e-04 -2.94533459e-07 -7.18585050e-08 9.93958501e-04 -2.74734540e-07 1.19347550e-08 -8.39491388e-06 -1.97989184e-08
1.326922         1.00451379e-06 7.06959122e-04 -1.22626746e-08 9.92183368e-07 7.15340956e-04 7.55125390e-09 1.23304241e-08 -8.38183474e-06 -1.98139285e-08
1.327486         -1.02952078e-06 8.37644773e-04 -4.98802304e-07 -1.04147587e-06 8.45900006e-04 -4.79123786e-07 1.19550898e-08 -8.25523285e-06 -1.96785180e-08
1.328049         -4.82723503e-07 8.45080063e-04 3.58839949e-07 -4.94542242e-07 8.53172601e-04 3.78247111e-07 1.18187387e-08 -8.09253806e-06 -1.94071618e-08
1.328613         -1.39565695e-07 9.01990400e-04 -1.40426875e-07 -1.51348164e-07 9.09896704e-04 -1.21148280e-07 1.17824693e-08 -7.90630471e-06 -1.92785951e-08
1.329176         -1.43586079e-06 9.50528033e-04 2.15424300e-06 -1.44718367e-06 9.58233263e-04 2.17272033e-06 1.13228805e-08 -7.70523013e-06 -1.84773298e-08
1.329739         -2.86366998e-07 6.30533368e-04 3.68397434e-07 -2.97634398e-07 6.38229834e-04 3.86675853e-07 1.12674004e-08 -7.69646606e-06 -1.82784191e-08
1.330303         -6.68003848e-07 6.25302687e-04 8.38326562e-07 -6.79094503e-07 6.32954948e-04 8.56285042e-07 1.10906551e-08 -7.65226130e-06 -1.79584802e-08
1.330866         -3.67002871e-07 9.20213016e-04 3.26085130e-07 -3.78004173e-07 9.27649459e-04 3.43883286e-07 1.10013020e-08 -7.43644293e-06 -1.77981554e-08
1.331429         1.25808939e-06 8.79659182e-04 -1.71013953e-06 1.24665216e-06 8.86921377e-04 -1.69187018e-06 1.14372258e-08 -7.26219433e-06 -1.82693461e-08
1.331993         -1.91335332e-07 7.77002004e-04 2.23224550e-07 -2.02712219e-07 7.84100621e-04 2.41296797e-07 1.13768871e-08 -7.09861727e-06 -1.80722473e-08
1.332556         -1.83050165e-06 7.24899243e-04 1.90695142e-06 -1.84132368e-06 7.31905307e-04 1.92433236e-06 1.08220302e-08 -7.00606348e-06 -1.73809355e-08
1.33312          1.12500003e-06 6.89235128e-04 -1.19877547e-06 1.11383553e-06 6.96214816e-04 -1.18114598e-06 1.11644943e-08 -6.97968844e-06 -1.76294842e-08
1.333683         -3.12629534e-07 7.43956139e-04 3.55233380e-07 -3.23683694e-07 7.50716178e-04 3.72662469e-07 1.10541600e-08 -6.76003893e-06 -1.74290894e-08
1.334246         -3.65924157e-07 8.02142269e-04 4.11388711e-07 -3.76887582e-07 8.08642499e-04 4.28674444e-07 1.09634249e-08 -6.50022986e-06 -1.72857327e-08
1.33481          -2.53502987e-07 6.50239055e-04 2.87159380e-07 -2.64415879e-07 6.56684601e-04 3.04331203e-07 1.09128921e-08 -6.44554560e-06 -1.71718227e-08
1.335373         4.86435615e-07 6.53131852e-04 -9.58045073e-07 4.75339231e-07 6.59518386e-04 -9.40627885e-07 1.10963839e-08 -6.38653393e-06 -1.74171882e-08
1.335937         1.13193839e-07 7.40619029e-04 -3.65657943e-07 1.02066457e-07 7.46940371e-04 -3.48215457e-07 1.11273815e-08 -6.32134194e-06 -1.74424864e-08
1.3365           2.41841187e-07 6.89054096e-04 -5.92989120e-07 2.30655720e-07 6.95249672e-04 -5.75495357e-07 1.11854671e-08 -6.19557557e-06 -1.74937624e-08
1.337104         -3.47230947e-07 6.59373406e-04 2.86527027e-07 -3.58237063e-07 6.65296667e-04 3.03730995e-07 1.10061162e-08 -5.92326051e-06 -1.72039679e-08
1.337709         6.29857640e-08 6.96012109e-04 -3.72651322e-07 5.20504166e-08 7.01808079e-04 -3.55556699e-07 1.09353474e-08 -5.79596963e-06 -1.70946226e-08
1.338313         4.00451818e-07 6.85252929e-04 -7.23342442e-07 3.89474285e-07 6.90988126e-04 -7.06257875e-07 1.09775323e-08 -5.73519706e-06 -1.70845668e-08
1.338918         2.83463399e-07 4.73871059e-04 -5.13945636e-07 2.72483584e-07 4.79496689e-04 -4.96943135e-07 1.09798150e-08 -5.62562979e-06 -1.70025010e-08
1.339532         2.37210262e-07 4.95811979e-04 -4.00676395e-07 2.26268640e-07 5.01309780e-04 -3.83836077e-07 1.09416214e-08 -5.49780061e-06 -1.68403189e-08
1.340146         1.71932478e-07 6.76587828e-04 3.18313105e-09 1.61082523e-07 6.81904271e-04 1.97177069e-08 1.08499557e-08 -5.31644361e-06 -1.65345758e-08
1.340761         1.99244258e-07 6.18478215e-04 -2.95357782e-07 1.88480869e-07 6.23637065e-04 -2.79066203e-07 1.07633892e-08 -5.15885014e-06 -1.62915794e-08
1.341385         -2.97415560e-06 5.71259725e-04 4.20412411e-06 -2.98369694e-06 5.76265761e-04 4.21865603e-06 9.54133290e-09 -5.00603643e-06 -1.45319291e-08
1.34201          1.78802558e-06 4.76037673e-04 -2.50097006e-06 1.77798559e-06 4.81029671e-04 -2.48590102e-06 1.00399880e-08 -4.99199802e-06 -1.50690401e-08
1.342635         -1.16901573e-07 5.18692192e-04 2.11143212e-07 -1.26736475e-07 5.23566026e-04 2.25791592e-07 9.83490198e-09 -4.87383387e-06 -1.46483799e-08
1.343271         6.72045433e-07 5.88324258e-04 -1.00283239e-06 6.62127653e-07 5.92904248e-04 -9.88212548e-07 9.91778062e-09 -4.57999073e-06 -1.46198439e-08
1.343908         4.51014241e-07 4.84057619e-04 -7.46831441e-07 4.41106476e-07 4.88576121e-04 -7.32341864e-07 9.90776505e-09 -4.51850276e-06 -1.44895773e-08
1.344544         1.52139067e-06 4.35756410e-04 -2.15071106e-06 1.51111752e-06 4.40226111e-04 -2.13589865e-06 1.02731446e-08 -4.46970074e-06 -1.48124153e-08
1.345193         8.74642585e-07 5.58115908e-04 -1.13509213e-06 8.64266192e-07 5.62405160e-04 -1.12037162e-06 1.03763930e-08 -4.28925120e-06 -1.47205136e-08
1.345842         1.54862696e-06 4.91969488e-04 -2.09708057e-06 1.53789586e-06 4.96120258e-04 -2.08210546e-06 1.07311005e-08 -4.15076980e-06 -1.49751085e-08
1.346492         1.00207207e-06 4.05271162e-04 -1.54557208e-06 9.91191842e-07 4.09296949e-04 -1.53054695e-06 1.08802292e-08 -4.02578701e-06 -1.50251244e-08
1.347155         1.49561639e-06 5.51397241e-04 -2.10196865e-06 1.48441058e-06 5.55240707e-04 -2.08669452e-06 1.12058160e-08 -3.84346629e-06 -1.52741302e-08
1.347818         -1.73212188e-06 3.69725168e-04 2.75845573e-06 -1.74240173e-06 3.73497492e-04 2.77228181e-06 1.02798465e-08 -3.77232479e-06 -1.38260838e-08
1.348481         2.14618360e-06 2.03634269e-04 -3.34842478e-06 2.13528690e-06 2.07427456e-04 -3.33385784e-06 1.08967009e-08 -3.79318727e-06 -1.45669391e-08
1.34916          8.80678189e-07 6.85915804e-04 -1.21741797e-06 8.69667237e-07 6.89358891e-04 -1.20287725e-06 1.10109520e-08 -3.44308648e-06 -1.45407204e-08
1.349839         6.32068734e-07 4.56477464e-04 -7.77251550e-07 6.21010082e-07 4.59776248e-04 -7.62833713e-07 1.10586519e-08 -3.29878348e-06 -1.44178362e-08
1.350518         -3.92550440e-07 1.72304849e-04 9.33547627e-07 -4.03262667e-07 1.75648018e-04 9.47307891e-07 1.07122276e-08 -3.34316865e-06 -1.37602641e-08
1.351215         4.94399733e-07 5.09931734e-04 -1.02620133e-06 4.83632915e-07 5.12972606e-04 -1.01241792e-06 1.07668179e-08 -3.04087251e-06 -1.37834124e-08
1.351912         1.76624068e-07 3.25502845e-04 8.84355193e-08 1.65899223e-07 3.28430202e-04 1.01946362e-07 1.07248450e-08 -2.92735741e-06 -1.35108430e-08
1.352609         3.27907306e-07 2.02240612e-04 -6.24688038e-07 3.17134869e-07 2.05171856e-04 -6.11177212e-07 1.07724363e-08 -2.93124389e-06 -1.35108262e-08
1.353326         7.62364987e-08 4.25524970e-04 -1.87983805e-07 6.55059888e-08 4.28264556e-04 -1.74624127e-07 1.07305099e-08 -2.73958545e-06 -1.33596781e-08
1.354044         -6.56710709e-07 3.32588756e-04 1.05085624e-06 -6.67088892e-07 3.35179848e-04 1.06361253e-06 1.03781835e-08 -2.59109192e-06 -1.27562918e-08
1.354761         1.08571963e-06 3.39508243e-04 -1.36617480e-06 1.07495415e-06 3.41951457e-04 -1.35307020e-06 1.07654849e-08 -2.44321309e-06 -1.31045937e-08
1.355478         4.38001805e-07 3.95098815e-04 -6.02557241e-07 4.27126248e-07 3.97365941e-04 -5.89408763e-07 1.08755573e-08 -2.26712615e-06 -1.31484774e-08
1.356196         7.05538131e-07 1.31643005e-04 -8.42801524e-07 6.94421218e-07 1.33821881e-04 -8.29473685e-07 1.11169121e-08 -2.17887565e-06 -1.33278388e-08
1.356939         7.20468881e-07 1.39809659e-04 -9.00471517e-07 7.09098274e-07 1.41886881e-04 -8.86916545e-07 1.13706064e-08 -2.07722224e-06 -1.35549714e-08
1.357682         7.18129762e-07 1.99270113e-04 -9.08554611e-07 7.06511665e-07 2.01219199e-04 -8.94754760e-07 1.16180975e-08 -1.94908549e-06 -1.37998518e-08
1.358425         8.32256943e-07 2.48816389e-04 -1.03396926e-06 8.20358133e-07 2.50605710e-04 -1.01988207e-06 1.18988098e-08 -1.78932018e-06 -1.40871946e-08
1.359199         2.25276086e-06 2.15546761e-04 -2.12785888e-06 2.23981675e-06 2.17287751e-04 -2.11290125e-06 1.29441114e-08 -1.74098981e-06 -1.49576279e-08
1.359973         -3.71533566e-07 1.87537619e-04 -5.76614272e-08 -3.84077355e-07 1.89172063e-04 -4.29470040e-08 1.25437886e-08 -1.63444370e-06 -1.47144232e-08
1.360747         1.18881716e-07 2.47278782e-04 -6.60499125e-07 1.06507330e-07 2.48652375e-04 -6.45781999e-07 1.23743856e-08 -1.37359296e-06 -1.47171260e-08
1.361521         4.71381830e-07 1.40291164e-04 -3.04041021e-07 4.58985631e-07 1.41539760e-04 -2.89406297e-07 1.23961987e-08 -1.24859580e-06 -1.46347244e-08
1.362295         -1.09870633e-07 1.70471963e-04 3.25592505e-07 -1.22037261e-07 1.71660867e-04 3.39886605e-07 1.21666273e-08 -1.18890344e-06 -1.42941003e-08
1.363112         1.43061530e-06 1.00908529e-04 -1.52755508e-06 1.41794163e-06 1.01984724e-04 -1.51275751e-06 1.26736726e-08 -1.07619473e-06 -1.47975719e-08
1.363929         6.37329912e-07 7.31508527e-05 -6.97923245e-07 6.24526791e-07 7.40267646e-05 -6.82960481e-07 1.28031218e-08 -8.75911942e-07 -1.49627639e-08
1.364746         5.84850372e-07 3.53183319e-04 -6.22245694e-07 5.71907719e-07 3.53834079e-04 -6.07105323e-07 1.29426531e-08 -6.50760025e-07 -1.51403719e-08
1.365563         5.71220077e-07 -1.32020885e-05 -5.40393823e-07 5.58107658e-07 -1.26337309e-05 -5.25054814e-07 1.31124194e-08 -5.68357639e-07 -1.53390096e-08
1.366442         7.12686892e-07 1.12236439e-04 -7.13378503e-07 6.99306430e-07 1.12739001e-04 -6.97733164e-07 1.33804626e-08 -5.02562142e-07 -1.56453393e-08
1.367322         6.80977435e-07 1.18754425e-04 -6.13221102e-07 6.67367969e-07 1.19071628e-04 -5.97319418e-07 1.36094670e-08 -3.17202914e-07 -1.59016843e-08
1.368202         4.24093694e-07 9.75784104e-05 -4.07959298e-07 4.10417767e-07 9.76727928e-05 -3.91909000e-07 1.36759265e-08 -9.43824113e-08 -1.60502985e-08
1.369082         7.06786918e-07 6.76617018e-05 -6.07827584e-07 6.92874811e-07 6.76133203e-05 -5.91481926e-07 1.39121071e-08 4.83814265e-08 -1.63456588e-08
1.369962         -1.52495955e-06 -7.72498918e-05 2.09242315e-06 -1.53801447e-06 -7.73874712e-05 2.10784730e-06 1.30549243e-08 1.37579494e-07 -1.54241542e-08
1.370841         2.27098963e-06 8.61594817e-05 -2.63537999e-06 2.25684515e-06 8.58405583e-05 -2.61861221e-06 1.41444856e-08 3.18923432e-07 -1.67677743e-08
1.371721         3.60132569e-07 9.21556746e-05 -2.84158197e-07 3.45871051e-07 9.16735234e-05 -2.67175126e-07 1.42615172e-08 4.82151193e-07 -1.69830711e-08
1.372601         2.95646404e-07 -1.83750016e-05 1.41891723e-08 2.81274638e-07 -1.89733760e-05 3.13126341e-08 1.43717665e-08 5.98374342e-07 -1.71234618e-08
1.373701         3.58546197e-07 1.00645424e-04 -1.54295999e-07 3.43962868e-07 9.97503287e-05 -1.36909266e-07 1.45833283e-08 8.95095763e-07 -1.73867336e-08
1.3748           3.57522724e-07 -8.31679087e-05 -1.27928293e-07 3.42704361e-07 -8.41479016e-05 -1.10277108e-07 1.48183629e-08 9.79992925e-07 -1.76511848e-08
1.3759           1.51968081e-06 -1.78076422e-04 -9.08165932e-07 1.50374769e-06 -1.79230844e-04 -8.89648088e-07 1.59331128e-08 1.15442139e-06 -1.85178444e-08
1.377            5.26106920e-07 5.53737876e-05 -2.61856417e-07 5.09855610e-07 5.40586272e-05 -2.42997222e-07 1.62513098e-08 1.31516046e-06 -1.88591955e-08
1.378066         2.80133629e-07 -1.60565007e-04 -6.67432830e-08 2.63694932e-07 -1.62084982e-04 -4.76260991e-08 1.64386977e-08 1.51997566e-06 -1.91171840e-08
1.379192         -7.03460535e-07 -2.78909347e-05 6.83415869e-07 -7.19330301e-07 -2.96976939e-05 7.02261616e-07 1.58697660e-08 1.80675919e-06 -1.88457471e-08
1.380353         4.68531221e-07 -1.60379522e-04 -2.71234179e-07 4.52370299e-07 -1.62231875e-04 -2.51991532e-07 1.61609222e-08 1.85235248e-06 -1.92426471e-08
1.381552         7.74122801e-08 -6.95761830e-05 2.39324593e-07 6.12406331e-08 -7.16665755e-05 2.58602459e-07 1.61716470e-08 2.09039256e-06 -1.92778663e-08
1.382791         5.77797070e-07 -7.58317275e-05 -3.38824044e-07 5.61314300e-07 -7.81838590e-05 -3.19215431e-07 1.64827701e-08 2.35213153e-06 -1.96086125e-08
1.384077         1.42265187e-07 -1.82683616e-04 -1.21208416e-08 1.25818567e-07 -1.85162921e-04 7.58778251e-09 1.64466199e-08 2.47930458e-06 -1.97086241e-08
1.385362         6.56738525e-07 -1.34261548e-04 -5.40648979e-07 6.39957669e-07 -1.37012986e-04 -5.20524769e-07 1.67808557e-08 2.75143763e-06 -2.01242100e-08
1.386598         4.43411869e-07 -1.53552980e-04 -2.76631052e-07 4.26434143e-07 -1.56478593e-04 -2.56232978e-07 1.69777257e-08 2.92561333e-06 -2.03980739e-08
1.387787         4.21697165e-07 -1.64642180e-04 -2.10105343e-07 4.04592762e-07 -1.67806967e-04 -1.89571547e-07 1.71044027e-08 3.16478711e-06 -2.05337963e-08
1.38893          1.97057499e-07 -2.50756067e-04 -3.23110761e-08 1.79986991e-07 -2.54082953e-04 -1.17897791e-08 1.70705078e-08 3.32688666e-06 -2.05212971e-08
1.390028         8.54660264e-07 -2.43632702e-04 -6.55681146e-07 8.37143876e-07 -2.47176220e-04 -6.34775937e-07 1.75163881e-08 3.54351812e-06 -2.09052092e-08
1.391085         5.85468843e-07 -2.03692118e-04 -4.26340512e-07 5.67709534e-07 -2.07415116e-04 -4.05251562e-07 1.77593091e-08 3.72299799e-06 -2.10889501e-08
1.392142         2.96583397e-07 -2.30190164e-04 -1.73982614e-07 2.78682475e-07 -2.34037974e-04 -1.52825607e-07 1.79009219e-08 3.84780972e-06 -2.11570076e-08
1.393156         4.02088436e-09 -2.39145031e-04 1.54858623e-07 -1.38570063e-08 -2.43240155e-04 1.75892852e-07 1.78778906e-08 4.09512366e-06 -2.10342293e-08
1.39417          6.50378111e-07 -2.69599226e-04 -4.62599083e-07 6.32199943e-07 -2.73903998e-04 -4.41389625e-07 1.81781678e-08 4.30477178e-06 -2.12094575e-08
1.395142         5.70131744e-07 -2.49336206e-04 -4.19384064e-07 5.51680255e-07 -2.53789652e-04 -3.98005333e-07 1.84514899e-08 4.45344535e-06 -2.13787314e-08
1.396114         5.34876708e-07 -2.94948733e-04 -3.32628372e-07 5.16137694e-07 -2.99498991e-04 -3.11085428e-07 1.87390136e-08 4.55025740e-06 -2.15429443e-08
1.397044         1.04089256e-07 -3.02107289e-04 1.16743962e-07 8.53492708e-08 -3.06871867e-04 1.38173201e-07 1.87399852e-08 4.76457851e-06 -2.14292390e-08
1.397934         1.92169661e-07 -3.18844514e-04 1.07381768e-07 1.73409338e-07 -3.23801622e-04 1.28694822e-07 1.87603232e-08 4.95710803e-06 -2.13130546e-08
1.398823         7.62897327e-07 -3.28366788e-04 -5.70955326e-07 7.43845930e-07 -3.33448305e-04 -5.49449223e-07 1.90513965e-08 5.08151786e-06 -2.15061022e-08
1.399672         8.75122703e-07 -3.56067630e-04 -6.82542281e-07 8.55770282e-07 -3.61285678e-04 -6.60814593e-07 1.93524212e-08 5.21804799e-06 -2.17276879e-08
1.400482         5.16775360e-07 -3.31581189e-04 -2.95234490e-07 4.97293287e-07 -3.36990752e-04 -2.73463155e-07 1.94820733e-08 5.40956311e-06 -2.17713348e-08
1.401293         6.59407376e-07 -2.29257996e-04 -5.10619281e-07 6.39719453e-07 -2.34900272e-04 -4.88730498e-07 1.96879224e-08 5.64227525e-06 -2.18887835e-08
1.402065         4.76424521e-07 -3.88864208e-04 -2.03447637e-07 4.56592393e-07 -3.94548530e-04 -1.81592049e-07 1.98321285e-08 5.68432270e-06 -2.18555887e-08
1.402836         4.58845016e-07 -3.81317133e-04 -2.36876769e-07 4.38848500e-07 -3.87162546e-04 -2.14998436e-07 1.99965164e-08 5.84541346e-06 -2.18783327e-08
1.403569         -2.02788134e-07 -4.14763146e-04 4.70532303e-07 -2.22637407e-07 -4.20757894e-04 4.92151479e-07 1.98492734e-08 5.99474802e-06 -2.16191766e-08
1.404303         -2.86439387e-07 -4.09493838e-04 6.75095638e-07 -3.06135952e-07 -4.15622281e-04 6.96423677e-07 1.96965651e-08 6.12844327e-06 -2.13280387e-08
1.404997         2.99220870e-07 -2.65337451e-04 -5.82496329e-08 2.79439263e-07 -2.71692093e-04 -3.69737318e-08 1.97816074e-08 6.35464173e-06 -2.12759011e-08
1.405692         3.75628564e-07 -4.14627258e-04 -1.16286509e-07 3.55729077e-07 -4.21049785e-04 -9.50227044e-08 1.98994871e-08 6.42252696e-06 -2.12638042e-08
1.406386         7.36723132e-07 -4.20143940e-04 -2.39557307e-07 7.16546895e-07 -4.26636115e-04 -2.18256874e-07 2.01762361e-08 6.49217491e-06 -2.13004326e-08
1.407081         -7.51191351e-08 -2.85288484e-04 -1.99788523e-08 -9.51569830e-08 -2.91999314e-04 1.17347747e-09 2.00378478e-08 6.71083000e-06 -2.11523297e-08
1.407732         4.22055664e-07 -4.55638485e-04 -2.59022258e-07 4.01920861e-07 -4.62461555e-04 -2.37903529e-07 2.01348026e-08 6.82307024e-06 -2.11187294e-08
1.408383         4.31987877e-07 -4.40457757e-04 -2.29695050e-07 4.11766477e-07 -4.47397601e-04 -2.08623864e-07 2.02213995e-08 6.93984346e-06 -2.10711863e-08
1.409035         -4.01077598e-07 -3.15991144e-04 4.60347436e-07 -4.21053218e-07 -3.23123781e-04 4.81096634e-07 1.99756194e-08 7.13263738e-06 -2.07491984e-08
1.409686         1.39215564e-07 -3.53001328e-04 3.39817592e-08 1.19266906e-07 -3.60284151e-04 5.45643950e-08 1.99486574e-08 7.28282326e-06 -2.05826358e-08
1.410337         2.86680473e-07 -3.84656203e-04 -1.82628069e-08 2.66684086e-07 -3.92077929e-04 2.17689264e-09 1.99963872e-08 7.42172666e-06 -2.04396996e-08
1.410934         -2.69906871e-07 -5.79660601e-04 4.93835201e-07 -2.89827341e-07 -5.87187472e-04 5.14023775e-07 1.99204699e-08 7.52687071e-06 -2.01885744e-08
1.411531         8.40639710e-07 -3.96769685e-04 -4.72633177e-07 8.20372296e-07 -4.04444461e-04 -4.52355415e-07 2.02674138e-08 7.67477597e-06 -2.02777624e-08
1.412128         2.90857413e-07 -2.26581149e-04 -7.72704032e-09 2.70423930e-07 -2.34456716e-04 1.24878347e-08 2.04334836e-08 7.87556747e-06 -2.02148750e-08
1.412725         -1.65378455e-07 -4.84311474e-04 4.80632128e-07 -1.85826581e-07 -4.92233064e-04 5.00635374e-07 2.04481263e-08 7.92158925e-06 -2.00032468e-08
1.413322         -2.20762264e-07 -5.24364355e-04 4.93121263e-07 -2.41228286e-07 -5.32331911e-04 5.12913411e-07 2.04660221e-08 7.96755576e-06 -1.97921474e-08
1.413918         2.19116311e-07 -4.44026445e-04 1.85735123e-07 1.98388613e-07 -4.52207822e-04 2.05472371e-07 2.07276975e-08 8.18137784e-06 -1.97372481e-08
1.414515         2.78968646e-07 -4.52239266e-04 1.32755583e-07 2.57932787e-07 -4.60588897e-04 1.52461772e-07 2.10358582e-08 8.34963048e-06 -1.97061889e-08
1.415112         2.76468373e-06 -4.25135553e-04 -1.18240756e-06 2.74237508e-06 -4.33642308e-04 -1.16222568e-06 2.23086548e-08 8.50675510e-06 -2.01818737e-08
1.415709         3.75660150e-07 -4.43198019e-04 9.04944833e-08 3.52997454e-07 -4.51777900e-04 1.10691633e-07 2.26626966e-08 8.57988105e-06 -2.01971497e-08
1.416306         -4.06721156e-06 -4.48044386e-04 3.91762713e-06 -4.08874732e-06 -4.56676949e-04 3.93663789e-06 2.15357578e-08 8.63256332e-06 -1.90107577e-08
1.416903         1.16162953e-06 -4.63586708e-04 -5.90826836e-07 1.13941874e-06 -4.72444936e-04 -5.71502923e-07 2.22107944e-08 8.85822873e-06 -1.93239127e-08
1.4175           2.89802294e-07 -4.88171394e-04 2.13473735e-07 2.67236142e-07 -4.97211060e-04 2.32841052e-07 2.25661515e-08 9.03966545e-06 -1.93673170e-08
1.418055         6.09161558e-07 -5.39272506e-04 7.75976569e-08 5.86141069e-07 -5.48396161e-04 9.70833782e-08 2.30204893e-08 9.12365438e-06 -1.94857214e-08
1.418602         2.72787638e-06 -4.35002440e-04 -1.74240051e-06 2.70377084e-06 -4.44275637e-04 -1.72226813e-06 2.41055382e-08 9.27319626e-06 -2.01323868e-08
1.419149         -1.15461187e-06 -3.32087661e-04 4.85166281e-07 -1.17849153e-06 -3.41552014e-04 5.05184014e-07 2.38796644e-08 9.46435395e-06 -2.00177334e-08
1.419689         5.94891865e-07 -4.52870899e-04 4.09091990e-07 5.70696297e-07 -4.62449731e-04 4.29093106e-07 2.41955680e-08 9.57883238e-06 -2.00011157e-08
1.420228         -2.25925739e-07 -5.73782311e-04 8.06264046e-07 -2.50188643e-07 -5.83445942e-04 8.26113354e-07 2.42629033e-08 9.66363083e-06 -1.98493076e-08
1.42076          4.51638596e-07 -4.10025228e-04 2.86220098e-07 4.27109049e-07 -4.19852196e-04 3.06058851e-07 2.45295473e-08 9.82696738e-06 -1.98387540e-08
1.421292         5.89903384e-07 -3.75426856e-04 1.90136774e-07 5.65090150e-07 -3.85426032e-04 2.09972473e-07 2.48132347e-08 9.99917513e-06 -1.98356987e-08
1.421824         7.33494915e-07 -5.47699805e-04 1.84957118e-07 7.08354628e-07 -5.57792056e-04 2.04791260e-07 2.51402868e-08 1.00922512e-05 -1.98341427e-08
1.422349         5.38039608e-07 -5.64301258e-04 3.13222358e-07 5.12622250e-07 -5.74488810e-04 3.33035205e-07 2.54173588e-08 1.01875516e-05 -1.98128475e-08
1.422873         2.17414382e-07 -5.97078529e-04 7.60909548e-07 1.91808517e-07 -6.07370119e-04 7.80600154e-07 2.56058657e-08 1.02915899e-05 -1.96906058e-08
1.42339          4.41518045e-06 -5.83837571e-04 -2.73628008e-06 4.38809264e-06 -5.94248204e-04 -2.71570050e-06 2.70878109e-08 1.04106330e-05 -2.05795811e-08
1.423906         1.13061133e-06 -3.02384262e-04 -1.75447754e-07 1.10306608e-06 -3.13047753e-04 -1.54769765e-07 2.75452567e-08 1.06634910e-05 -2.06779895e-08
1.424415         1.21607565e-06 -3.58988194e-04 -2.05914785e-07 1.18804436e-06 -3.69863283e-04 -1.85132135e-07 2.80312882e-08 1.08750894e-05 -2.07826494e-08
1.424924         2.24371314e-06 -6.35186002e-04 -1.01011710e-06 2.21487908e-06 -6.46143399e-04 -9.88976325e-07 2.88340589e-08 1.09573978e-05 -2.11407771e-08
1.425433         1.28300065e-06 -5.83667528e-04 -3.08659436e-07 1.25364789e-06 -5.94734298e-04 -2.87349747e-07 2.93527519e-08 1.10667707e-05 -2.13096887e-08
1.425934         1.18842859e-06 -4.68853559e-04 -2.30236330e-07 1.15861203e-06 -4.80051385e-04 -2.08797611e-07 2.98165552e-08 1.11978258e-05 -2.14387185e-08
1.426435         1.45430506e-06 -4.96586197e-04 -4.54081159e-07 1.42397784e-06 -5.07910676e-04 -4.32481406e-07 3.03272255e-08 1.13244789e-05 -2.15997537e-08
1.426936         1.12215836e-06 -5.00846080e-04 -1.03666312e-07 1.09142976e-06 -5.12315476e-04 -8.20108847e-08 3.07285984e-08 1.14693962e-05 -2.16554272e-08
1.427437         -5.61081745e-06 -5.09168268e-04 4.75998247e-06 -5.63995856e-06 -5.20775292e-04 4.78034662e-06 2.91411107e-08 1.16070243e-05 -2.03641529e-08
1.42793          4.37817390e-08 -5.34514618e-04 8.34911112e-07 1.45947216e-08 -5.46226405e-04 8.55086510e-07 2.91870173e-08 1.17117871e-05 -2.01753979e-08
1.428423         3.59759614e-07 -5.06905846e-04 6.12354785e-07 3.30488828e-07 -5.18733509e-04 6.32359747e-07 2.92707860e-08 1.18276633e-05 -2.00049626e-08
1.428916         2.01022108e-07 -5.50713159e-04 8.61689185e-07 1.71742540e-07 -5.62737702e-04 8.81445562e-07 2.92795683e-08 1.20245432e-05 -1.97563774e-08
1.429409         -1.13498372e-06 -5.63811160e-04 1.79625431e-06 -1.16387584e-06 -5.76022340e-04 1.81549538e-06 2.88921259e-08 1.22111808e-05 -1.92410764e-08
1.429893         -1.91315244e-07 -5.54888752e-04 1.30999414e-06 -2.20088129e-07 -5.67202681e-04 1.32888126e-06 2.87728850e-08 1.23139291e-05 -1.88871206e-08
1.430378         -2.15715671e-08 -5.68621731e-04 1.00387377e-06 -5.02680583e-08 -5.81036419e-04 1.02246703e-06 2.86964912e-08 1.24146887e-05 -1.85932552e-08
1.430862         3.47719001e-08 -4.32091990e-04 8.02981465e-07 6.13925790e-09 -4.44680009e-04 8.21317482e-07 2.86326422e-08 1.25880188e-05 -1.83360171e-08
1.431347         1.05373129e-06 -4.11893987e-04 -5.75691005e-08 1.02488916e-06 -4.24662905e-04 -3.92789474e-08 2.88421325e-08 1.27689184e-05 -1.82901530e-08
1.431832         8.22864904e-07 -5.54653906e-04 3.64943089e-07 7.93852697e-07 -5.67528561e-04 3.83103599e-07 2.90122075e-08 1.28746546e-05 -1.81605096e-08
1.432316         6.43667475e-07 -5.91665831e-04 2.63971237e-07 6.14544842e-07 -6.04622267e-04 2.82022487e-07 2.91226326e-08 1.29564361e-05 -1.80512491e-08
1.432792         6.85672894e-07 -6.01275919e-04 2.68508594e-07 6.56427459e-07 -6.14394255e-04 2.86464338e-07 2.92454352e-08 1.31183356e-05 -1.79557438e-08
1.433267         2.26556114e-06 -6.41412690e-04 -1.07051872e-06 2.23577777e-06 -6.54723272e-04 -1.05232707e-06 2.97833687e-08 1.33105823e-05 -1.81916482e-08
1.433743         5.42595878e-07 -5.27003073e-04 3.08045244e-07 5.12734261e-07 -5.40467055e-04 3.26119013e-07 2.98616171e-08 1.34639826e-05 -1.80737686e-08
1.434219         1.07371010e-06 -4.56145646e-04 -1.16467781e-07 1.04360049e-06 -4.69734983e-04 -9.84076111e-08 3.01096113e-08 1.35893364e-05 -1.80601698e-08
1.434694         2.34953489e-07 -4.90667351e-04 4.14982995e-07 2.04820785e-07 -5.04404416e-04 4.32902604e-07 3.01327038e-08 1.37370646e-05 -1.79196086e-08
1.43517          1.83522227e-06 -4.66206940e-04 -3.58786866e-07 1.80462695e-06 -4.80118466e-04 -3.40760042e-07 3.05953224e-08 1.39115258e-05 -1.80268238e-08
1.435646         3.82405367e-07 -4.91443626e-04 4.26198845e-07 3.51710147e-07 -5.05502334e-04 4.44145381e-07 3.06952196e-08 1.40587078e-05 -1.79465358e-08
1.436121         5.89054587e-07 -4.74587879e-04 2.76569728e-07 5.58201529e-07 -4.88769105e-04 2.94474126e-07 3.08530586e-08 1.41812250e-05 -1.79043989e-08
1.436597         6.71208513e-07 -5.36229841e-04 3.51135368e-07 6.40185481e-07 -5.50550603e-04 3.68978841e-07 3.10230317e-08 1.43207620e-05 -1.78434739e-08
1.437062         -2.18633316e-07 -7.19182166e-04 1.03501168e-06 -2.49601755e-07 -7.33672243e-04 1.05261595e-06 3.09684384e-08 1.44900778e-05 -1.76042703e-08
1.437527         3.60964739e-06 -6.91818173e-04 -8.99206533e-07 3.57764337e-06 -7.06468690e-04 -8.81317396e-07 3.20040106e-08 1.46505165e-05 -1.78891378e-08
1.437993         1.05232360e-06 -5.30628658e-04 2.83754299e-07 1.02009513e-06 -5.45407929e-04 3.01568115e-07 3.22284735e-08 1.47792718e-05 -1.78138165e-08
1.438458         -3.85135885e-06 -5.60180775e-04 4.32382379e-06 -3.88254139e-06 -5.75084650e-04 4.34058034e-06 3.11825420e-08 1.49038758e-05 -1.67565472e-08
1.438923         6.62459920e-07 -3.76748558e-04 2.86884805e-07 6.31135092e-07 -3.91850222e-04 3.03580054e-07 3.13248273e-08 1.51016641e-05 -1.66952490e-08
1.439389         1.14942371e-06 -2.81310029e-04 -2.47739519e-08 1.11783954e-06 -2.96633760e-04 -8.05457902e-09 3.15841722e-08 1.53237319e-05 -1.67193728e-08
1.439854         9.02060691e-07 -6.11808962e-04 9.80017743e-08 8.70342125e-07 -6.27235972e-04 1.14684511e-07 3.17185656e-08 1.54270104e-05 -1.66827369e-08
1.440319         4.76464802e-06 -7.82378768e-04 -1.89532293e-06 4.73169315e-06 -7.97832076e-04 -1.87809520e-06 3.29548720e-08 1.54533087e-05 -1.72277317e-08
1.440784         3.86284094e-06 -5.53333836e-04 -2.39805376e-06 3.82887939e-06 -5.68969330e-04 -2.38016605e-06 3.39615512e-08 1.56354944e-05 -1.78877124e-08
1.44125          -5.89617805e-07 -4.17519191e-04 7.57756257e-07 -6.23314050e-07 -4.33466988e-04 7.75476704e-07 3.36962447e-08 1.59477970e-05 -1.77204467e-08
1.441715         6.96793638e-07 -4.45984893e-04 3.14462000e-07 6.62980049e-07 -4.62122777e-04 3.32172698e-07 3.38135887e-08 1.61378842e-05 -1.77106979e-08
1.44218          4.07678850e-06 -3.49656625e-04 -2.37552517e-06 4.04198984e-06 -3.65879474e-04 -2.35717748e-06 3.47986601e-08 1.62228490e-05 -1.83476863e-08
1.442646         1.56426218e-06 -4.48605740e-04 -4.07927238e-07 1.52919969e-06 -4.64957845e-04 -3.89460145e-07 3.50624905e-08 1.63521055e-05 -1.84670937e-08
1.443111         2.23737112e-06 -8.58615172e-04 -5.55065227e-07 2.20187217e-06 -8.75112330e-04 -5.36437247e-07 3.54989572e-08 1.64971581e-05 -1.86279802e-08
1.443562         5.09249895e-07 -7.87096841e-04 3.28573305e-07 4.73802662e-07 -8.03745260e-04 3.47113074e-07 3.54472333e-08 1.66484181e-05 -1.85397694e-08
1.444013         5.43520326e-06 -3.04566731e-04 -3.28014375e-06 5.39858131e-06 -3.21441226e-04 -3.26085082e-06 3.66219548e-08 1.68744949e-05 -1.92929264e-08
1.444464         -1.56099159e-06 -2.05422261e-04 1.84258937e-06 -1.59701084e-06 -2.22523322e-04 1.86139615e-06 3.60192503e-08 1.71010614e-05 -1.88067800e-08
1.444916         4.18865352e-08 -5.22024686e-04 7.61893338e-07 6.04552636e-09 -5.39269122e-04 7.80511674e-07 3.58410089e-08 1.72444363e-05 -1.86183366e-08
1.445367         -4.33749136e-07 -6.30606030e-04 7.77931875e-07 -4.69250497e-07 -6.47976987e-04 7.96338070e-07 3.55013608e-08 1.73709566e-05 -1.84061944e-08
1.445818         6.09670456e-07 -6.11535386e-04 3.97102022e-07 5.74205217e-07 -6.29067276e-04 4.15408067e-07 3.54652386e-08 1.75318901e-05 -1.83060456e-08
1.446269         -5.74820207e-06 -6.95086846e-04 4.81609065e-06 -5.78201934e-06 -7.12787660e-04 4.83324163e-06 3.38172693e-08 1.77008145e-05 -1.71509797e-08
1.44672          -4.77024000e-06 -5.55288607e-04 4.37742175e-06 -4.80257385e-06 -5.73173127e-04 4.39353300e-06 3.23338458e-08 1.78845197e-05 -1.61112510e-08
1.447172         -2.35630233e-06 -2.31200121e-04 1.84743670e-06 -2.38779546e-06 -2.49274162e-04 1.86303032e-06 3.14931278e-08 1.80740414e-05 -1.55936188e-08
1.447623         -3.88145056e-07 -3.25550145e-04 1.10267477e-06 -4.19236957e-07 -3.43799803e-04 1.11793815e-06 3.10919009e-08 1.82496580e-05 -1.52633714e-08
1.448074         9.47845326e-07 -4.77003562e-04 1.90584210e-07 9.16795431e-07 -4.95470575e-04 2.05761856e-07 3.10498951e-08 1.84670137e-05 -1.51776458e-08
1.448525         2.74243542e-06 -4.99931126e-04 -9.34483404e-07 2.71088977e-06 -5.18629813e-04 -9.19039186e-07 3.15456556e-08 1.86986873e-05 -1.54442182e-08
1.448976         1.11250856e-06 -5.84550919e-04 7.19472730e-08 1.08091880e-06 -6.03351648e-04 8.73729247e-08 3.15897579e-08 1.88007297e-05 -1.54256517e-08
1.449427         1.44435709e-06 -6.89495848e-04 1.27095694e-07 1.41272107e-06 -7.08330593e-04 1.42454946e-07 3.16360132e-08 1.88347451e-05 -1.53592519e-08
1.449879         3.47437205e-07 -4.36220993e-04 4.06107251e-07 3.16043670e-07 -4.55255649e-04 4.21319087e-07 3.13935356e-08 1.90346558e-05 -1.52118359e-08
1.45033          6.98247073e-07 -3.39146804e-04 6.72698307e-07 6.66974843e-07 -3.58476078e-04 6.87746771e-07 3.12722301e-08 1.93292734e-05 -1.50484639e-08
1.450781         3.42631125e-07 -3.83540804e-04 3.25018496e-07 3.11670979e-07 -4.03113046e-04 3.39927805e-07 3.09601460e-08 1.95722420e-05 -1.49093092e-08
1.451232         1.90842138e-06 -3.23269710e-04 -3.77065644e-07 1.87735159e-06 -3.43085891e-04 -3.62119072e-07 3.10697856e-08 1.98161814e-05 -1.49465714e-08
1.451683         7.98778719e-07 -3.60937104e-04 4.31725948e-07 7.67879198e-07 -3.80971417e-04 4.46528347e-07 3.08995208e-08 2.00343133e-05 -1.48023995e-08
1.452135         4.76418150e-07 -6.28127424e-04 5.15493382e-07 4.45779027e-07 -6.48191938e-04 5.30123985e-07 3.06391230e-08 2.00645145e-05 -1.46306025e-08
1.452586         5.82880564e-07 -6.55539056e-04 5.61454077e-07 5.52491697e-07 -6.75627582e-04 5.75916327e-07 3.03888674e-08 2.00885257e-05 -1.44622503e-08
1.453037         7.97806594e-07 -4.27799249e-04 2.44905314e-07 7.67616954e-07 -4.48149457e-04 2.59273214e-07 3.01896390e-08 2.03502083e-05 -1.43678998e-08
1.453488         1.07405576e-06 -3.85219725e-04 1.56746056e-07 1.04396355e-06 -4.05916844e-04 1.71064028e-07 3.00922115e-08 2.06971188e-05 -1.43179722e-08
1.453939         1.32213349e-06 -3.36458653e-04 -1.06324952e-08 1.29209543e-06 -3.57357260e-04 3.66464627e-09 3.00380591e-08 2.08986079e-05 -1.42971415e-08
1.454391         5.07859512e-07 -3.04827906e-04 2.87162888e-07 4.78079721e-07 -3.25828092e-04 3.01344298e-07 2.97797914e-08 2.10001860e-05 -1.41814109e-08
1.454842         -4.36181795e-06 -3.49445760e-04 3.75546927e-06 -4.39011287e-06 -3.70625012e-04 3.76870488e-06 2.82949226e-08 2.11792524e-05 -1.32356082e-08
1.455293         -2.16031120e-07 -3.34025204e-04 8.89633989e-07 -2.43902564e-07 -3.55462852e-04 9.02622911e-07 2.78714439e-08 2.14376478e-05 -1.29889216e-08
1.455744         2.17358893e-06 -3.54736043e-04 -9.67478811e-07 2.14557645e-06 -3.76396606e-04 -9.54327134e-07 2.80124774e-08 2.16605627e-05 -1.31516773e-08
1.456195         8.04408818e-06 -5.18144390e-04 -5.05082137e-06 8.01447275e-06 -5.39942904e-04 -5.03656339e-06 2.96154314e-08 2.17985147e-05 -1.42579763e-08
1.456646         1.65580459e-06 -5.09416894e-04 -7.95439385e-07 1.62629479e-06 -5.31358337e-04 -7.81170090e-07 2.95098001e-08 2.19414429e-05 -1.42692956e-08
1.457098         1.94059385e-06 -3.93405313e-04 -9.62332967e-07 1.91113797e-06 -4.15573616e-04 -9.48029170e-07 2.94558844e-08 2.21683025e-05 -1.43037972e-08
1.457549         1.83536364e-06 -3.38144416e-04 -8.95486167e-07 1.80598885e-06 -3.60580943e-04 -8.81160184e-07 2.93747862e-08 2.24365273e-05 -1.43259826e-08
1.458            1.63773979e-06 -3.43594351e-04 -7.47790168e-07 1.60850761e-06 -3.66218651e-04 -7.33480327e-07 2.92321749e-08 2.26243002e-05 -1.43098410e-08
1.458455         2.42509778e-06 -2.78116881e-04 -1.11314815e-06 2.39579156e-06 -3.00858176e-04 -1.09877150e-06 2.93062156e-08 2.27412950e-05 -1.43766417e-08
1.45891          1.03399116e-05 -3.29904183e-04 -6.40225271e-06 1.03085740e-05 -3.52833467e-04 -6.38655426e-06 3.13375763e-08 2.29292832e-05 -1.56984513e-08
1.45937          -8.05750154e-06 -4.05636615e-04 5.44240910e-06 -8.08616169e-06 -4.28814072e-04 5.45652145e-06 2.86601531e-08 2.31774573e-05 -1.41123479e-08
1.459831         7.65050652e-06 -3.61357078e-04 -3.93135324e-06 7.62036000e-06 -3.84769653e-04 -3.91644349e-06 3.01465180e-08 2.34125757e-05 -1.49097534e-08
1.460291         -1.35574489e-06 -2.25256677e-04 1.30388619e-06 -1.38491527e-06 -2.48935571e-04 1.31821883e-06 2.91703775e-08 2.36788938e-05 -1.43326410e-08
1.460752         -3.35813415e-06 -2.03046039e-04 2.38937955e-06 -3.38579170e-06 -2.26988495e-04 2.40285683e-06 2.76575494e-08 2.39424557e-05 -1.34772780e-08
1.461212         -3.34141786e-06 -3.33059686e-04 2.02539447e-06 -3.36757681e-06 -3.57175181e-04 2.03811862e-06 2.61589527e-08 2.41154957e-05 -1.27241469e-08
1.461672         -2.60552174e-06 -3.04135253e-04 1.15470994e-06 -2.63040305e-06 -3.28428137e-04 1.16689564e-06 2.48813156e-08 2.42928846e-05 -1.21857055e-08
1.462133         -5.33098607e-07 -3.51230499e-04 5.15361154e-07 -5.57318851e-07 -3.75729945e-04 5.27203514e-07 2.42202442e-08 2.44994461e-05 -1.18423597e-08
1.462593         9.84228602e-07 -3.55010932e-04 -8.59113677e-07 9.60295893e-07 -3.79724608e-04 -8.47321193e-07 2.39327088e-08 2.47136756e-05 -1.17924845e-08
1.463053         6.11635651e-07 -2.97559378e-04 -4.33229787e-07 5.88098352e-07 -3.22470672e-04 -4.21599921e-07 2.35372993e-08 2.49112946e-05 -1.16298665e-08
1.463514         -1.20916910e-06 -4.03145616e-04 7.11058384e-07 -1.23183890e-06 -4.28213960e-04 7.22231188e-07 2.26697917e-08 2.50683437e-05 -1.11728033e-08
1.463968         5.62382742e-07 -2.40345615e-04 1.67463409e-07 5.40117720e-07 -2.65638202e-04 1.78349421e-07 2.22650217e-08 2.52925865e-05 -1.08860113e-08
1.464422         3.49067526e-07 7.83300020e-05 -2.13560571e-07 3.27267264e-07 5.26595617e-05 -2.02909654e-07 2.18002623e-08 2.56704402e-05 -1.06509172e-08
1.464877         6.78321934e-07 -6.35565223e-05 -5.23936708e-07 6.56859913e-07 -8.95160665e-05 -5.13419891e-07 2.14620215e-08 2.59595442e-05 -1.05168171e-08
1.465331         1.49589169e-06 -5.11883883e-04 -4.51993712e-07 1.47451629e-06 -5.37849397e-04 -4.41583648e-07 2.13754069e-08 2.59655136e-05 -1.04100632e-08
1.465785         -1.00524939e-07 -5.05395484e-04 -1.56091113e-07 -1.21336431e-07 -5.31397006e-04 -1.45916764e-07 2.08114919e-08 2.60015222e-05 -1.01743482e-08
1.46624          4.88113063e-07 -7.68881952e-05 -3.53589244e-07 4.67715675e-07 -1.03208521e-04 -3.43635954e-07 2.03973877e-08 2.63203255e-05 -9.95329017e-09
1.466694         2.27013176e-07 9.83216324e-05 1.21761745e-07 2.07175597e-07 7.16512696e-05 1.31350871e-07 1.98375789e-08 2.66703628e-05 -9.58912548e-09
1.467149         1.14592922e-06 -1.32489026e-04 -1.39532907e-06 1.12654498e-06 -1.59435604e-04 -1.38587974e-06 1.93842374e-08 2.69465780e-05 -9.44933086e-09
1.467603         2.24840931e-06 -2.17577615e-04 -1.39370633e-06 2.22918938e-06 -2.44845759e-04 -1.38438648e-06 1.92199296e-08 2.72681440e-05 -9.31984874e-09
1.468057         1.31964480e-07 -2.25553888e-04 -6.12101772e-07 1.13542504e-07 -2.53020143e-04 -6.03134590e-07 1.84219758e-08 2.74662548e-05 -8.96718165e-09
1.468512         -2.05533093e-07 -3.03376148e-04 -2.29873695e-07 -2.23123267e-07 -3.30867293e-04 -2.21320979e-07 1.75901740e-08 2.74911451e-05 -8.55271614e-09
1.468966         -2.50198011e-07 -2.23549246e-04 -2.44992153e-07 -2.66966209e-07 -2.51174980e-04 -2.36840392e-07 1.67681978e-08 2.76257347e-05 -8.15176133e-09
1.46942          -4.44872090e-06 -1.44574725e-04 1.88382548e-06 -4.46365454e-06 -1.72463863e-04 1.89107923e-06 1.49336412e-08 2.78891379e-05 -7.25375037e-09
1.469875         4.44105951e-06 -1.93247301e-04 -2.54193583e-06 4.42559057e-06 -2.21368673e-04 -2.53442924e-06 1.54689307e-08 2.81213722e-05 -7.50658469e-09
1.470329         -1.48394073e-06 4.54327213e-05 3.77885114e-07 -1.49825527e-06 1.70392606e-05 3.84868012e-07 1.43145346e-08 2.83934607e-05 -6.98289814e-09
1.470783         5.06777774e-06 7.00555492e-05 -3.63121190e-06 5.05282094e-06 4.13978052e-05 -3.62373561e-06 1.49568057e-08 2.86577441e-05 -7.47628774e-09
1.471238         1.42898185e-06 -9.86293002e-05 -1.15635807e-06 1.41428745e-06 -1.27511617e-04 -1.14896160e-06 1.46944004e-08 2.88823165e-05 -7.39647219e-09
1.471692         6.25613034e-06 -1.86644494e-04 -2.64234543e-06 6.24024516e-06 -2.15757911e-04 -2.63457329e-06 1.58851774e-08 2.91134170e-05 -7.77213111e-09
1.472147         1.59689924e-06 -1.49685114e-04 -1.40294100e-06 1.58122079e-06 -1.79010401e-04 -1.39518781e-06 1.56784492e-08 2.93252871e-05 -7.75318894e-09
1.472601         1.80314389e-07 -1.32908511e-04 -5.14437051e-07 1.65237401e-07 -1.62409534e-04 -5.06920458e-07 1.50769879e-08 2.95010230e-05 -7.51659343e-09
1.473055         3.62784756e-07 -1.45603465e-04 -6.27107509e-07 3.48270756e-07 -1.75313556e-04 -6.19803437e-07 1.45140001e-08 2.97100909e-05 -7.30407273e-09
1.47351          -3.31622062e-06 -1.71276349e-04 1.79320709e-06 -3.32916393e-06 -2.01225532e-04 1.79969160e-06 1.29433176e-08 2.99491823e-05 -6.48450322e-09
1.473964         -2.05412590e-06 -1.49908691e-04 3.16274737e-07 -2.06578639e-06 -1.80083278e-04 3.22256058e-07 1.16604847e-08 3.01745871e-05 -5.98132052e-09
1.474418         1.19771688e-05 1.41230039e-04 -7.58329588e-06 1.19632463e-05 1.10840553e-04 -7.57592788e-06 1.39224750e-08 3.03894852e-05 -7.36799734e-09
1.474873         -6.08479646e-06 1.23048795e-04 2.58866803e-06 -6.09653541e-06 9.24585480e-05 2.59495697e-06 1.17389474e-08 3.05902469e-05 -6.28894059e-09
1.475336         -1.33290208e-06 -1.07145818e-04 -7.15341638e-07 -1.34357326e-06 -1.37951642e-04 -7.09388080e-07 1.06711738e-08 3.08058237e-05 -5.95355820e-09
1.475799         -1.81064598e-06 -1.60741604e-04 1.02127480e-06 -1.82020665e-06 -1.91788809e-04 1.02659758e-06 9.56067836e-09 3.10472050e-05 -5.32278337e-09
1.476263         -6.10183108e-07 -1.43402921e-05 -1.60663954e-07 -6.18959395e-07 -4.56049592e-05 -1.55691053e-07 8.77628661e-09 3.12646671e-05 -4.97290081e-09
1.476726         5.12189435e-07 1.70959822e-04 -6.46532754e-07 5.03883232e-07 1.39490454e-04 -6.41757030e-07 8.30620292e-09 3.14693689e-05 -4.77572428e-09
1.477189         2.32860402e-06 8.71651230e-07 -1.62815547e-06 2.32019475e-06 -3.07846448e-05 -1.62328693e-06 8.40926380e-09 3.16562960e-05 -4.86853232e-09
1.477652         9.14857664e-07 -1.32167551e-04 -1.64804279e-06 9.06650929e-07 -1.63979233e-04 -1.64309871e-06 8.20673462e-09 3.18116812e-05 -4.94408147e-09
1.478116         -2.58345414e-06 -1.74337701e-05 6.23372412e-08 -2.59054085e-06 -4.94405095e-05 6.69695962e-08 7.08671491e-09 3.20067395e-05 -4.63235502e-09
1.478579         -1.34928210e-06 8.96367201e-05 -3.67714323e-08 -1.35572871e-06 5.73517676e-05 -3.23540210e-08 6.44660804e-09 3.22849525e-05 -4.41741127e-09
1.479042         -2.68113647e-08 3.49229503e-05 -5.76885600e-07 -3.29904005e-08 2.38916781e-06 -5.72532522e-07 6.17903580e-09 3.25337825e-05 -4.35307792e-09
1.479506         2.51065791e-07 8.85785716e-05 -5.64860034e-07 2.45087104e-07 5.58136800e-05 -5.60568604e-07 5.97868714e-09 3.27648916e-05 -4.29143045e-09
1.479969         -1.90882908e-07 1.13651529e-04 -4.99468250e-07 -1.96527956e-07 8.06526461e-05 -4.95270247e-07 5.64504791e-09 3.29988828e-05 -4.19800340e-09
1.480432         1.47895640e-06 1.24544928e-04 -1.43977806e-06 1.47317867e-06 9.13427583e-05 -1.43542401e-06 5.77772514e-09 3.32021701e-05 -4.35405027e-09
1.480895         -5.01102838e-06 1.53916338e-04 1.99815924e-06 -5.01535633e-06 1.20514426e-04 2.00185311e-06 4.32794732e-09 3.34019123e-05 -3.69386703e-09
1.481359         1.20070230e-07 9.22782652e-06 -8.61822795e-07 1.15815668e-07 -2.43423142e-05 -8.58056115e-07 4.25456203e-09 3.35701408e-05 -3.76668007e-09
1.481822         1.14916662e-06 -1.50670817e-04 -1.14296936e-06 1.14470242e-06 -1.84396945e-04 -1.13904222e-06 4.46420328e-09 3.37261281e-05 -3.92713998e-09
1.482285         1.20431759e-06 1.56794607e-04 -1.45367484e-06 1.19967457e-06 1.22864201e-04 -1.44955528e-06 4.64301304e-09 3.39304058e-05 -4.11956469e-09
1.482749         3.26906466e-07 5.49591348e-04 -9.70966220e-07 3.22415722e-07 5.15435030e-04 -9.66857667e-07 4.49074344e-09 3.41563174e-05 -4.10855293e-09
1.483226         4.86349772e-06 2.11556795e-04 -2.65327206e-06 4.85778388e-06 1.77189003e-04 -2.64866385e-06 5.71384141e-09 3.43677928e-05 -4.60821769e-09
1.483703         -2.24641611e-07 -2.64396789e-04 -4.13920671e-07 -2.30129181e-07 -2.98970965e-04 -4.09381540e-07 5.48757055e-09 3.45741754e-05 -4.53913143e-09
1.48418          3.86838955e-07 -1.92545033e-05 -4.94243640e-07 3.81376555e-07 -5.40468423e-05 -4.89712826e-07 5.46239965e-09 3.47923390e-05 -4.53081412e-09
1.484658         -3.53835172e-06 5.22761066e-04 8.66445052e-07 -3.54275056e-06 4.87726184e-04 8.70577288e-07 4.39883874e-09 3.50348823e-05 -4.13223620e-09
1.485135         8.71422320e-07 4.22702842e-04 -6.02430374e-07 8.66885279e-07 3.87445380e-04 -5.98285274e-07 4.53704147e-09 3.52574620e-05 -4.14509984e-09
1.485612         5.66245355e-07 -7.94143835e-05 -1.44028867e-06 5.61763449e-07 -1.14817031e-04 -1.43600557e-06 4.48190507e-09 3.54026471e-05 -4.28310453e-09
1.48609          3.79016886e-06 -9.34154465e-05 -2.29051058e-06 3.78476201e-06 -1.28972153e-04 -2.28583889e-06 5.40685548e-09 3.55567069e-05 -4.67169131e-09
1.486567         1.77080317e-06 4.01333991e-04 -1.50365280e-06 1.76517388e-06 3.65542735e-04 -1.49885366e-06 5.62929089e-09 3.57912568e-05 -4.79913824e-09
1.487044         3.29777693e-07 4.49983231e-04 -7.47918583e-07 3.24396333e-07 4.13970495e-04 -7.43200473e-07 5.38135993e-09 3.60127361e-05 -4.71811014e-09
1.487522         6.80379795e-08 1.80565983e-04 -5.99435089e-07 6.28948267e-08 1.44325827e-04 -5.94809985e-07 5.14315272e-09 3.62401561e-05 -4.62510400e-09
1.487999         3.21764748e-06 1.06484521e-04 -2.49690612e-06 3.21188980e-06 6.99854014e-05 -2.49190650e-06 5.75768919e-09 3.64991191e-05 -4.99961643e-09
1.488476         6.38468612e-06 3.12609349e-04 -3.76909330e-06 6.37744128e-06 2.75987986e-04 -3.76338325e-06 7.24484429e-09 3.66213627e-05 -5.71005215e-09
1.488954         2.16392780e-07 2.92629560e-04 -2.26106022e-06 2.09476575e-07 2.55986571e-04 -2.25515506e-06 6.91620517e-09 3.66429886e-05 -5.90516311e-09
1.489456         -2.26700177e-06 3.36988519e-04 7.15259183e-07 -2.27304547e-06 3.00088247e-04 7.20755393e-07 6.04369832e-09 3.69002722e-05 -5.49621006e-09
1.489959         3.50302700e-07 4.43307625e-04 -7.05880001e-07 3.44542782e-07 4.05979810e-04 -7.00532675e-07 5.75991759e-09 3.73278147e-05 -5.34732528e-09
1.490461         2.07444057e-06 1.83344843e-04 -2.21124485e-06 2.06836176e-06 1.45870556e-04 -2.20560437e-06 6.07880481e-09 3.74742863e-05 -5.64047775e-09
1.490963         -6.32092305e-07 -6.17968809e-05 -1.37172573e-07 -6.37855098e-07 -9.92385761e-05 -1.31705090e-07 5.76279303e-09 3.74416953e-05 -5.46748320e-09
1.491466         1.93005048e-06 3.00661231e-04 -1.44808595e-06 1.92382739e-06 2.63007285e-04 -1.44243835e-06 6.22309058e-09 3.76539469e-05 -5.64759812e-09
1.491968         8.10197024e-07 5.16612722e-04 -5.95176085e-07 8.03817329e-07 4.78622114e-04 -5.89560113e-07 6.37969564e-09 3.79906085e-05 -5.61597249e-09
1.492471         6.28741643e-07 4.60882953e-04 -9.14922225e-07 6.22390384e-07 4.22644579e-04 -9.09352778e-07 6.35125917e-09 3.82383741e-05 -5.56944733e-09
1.492973         -1.07443031e-05 5.26137538e-04 3.79092074e-06 -1.07472991e-05 4.87647785e-04 3.79511590e-06 2.99597242e-09 3.84897536e-05 -4.19515276e-09
1.493476         1.10282718e-05 2.64331901e-04 -5.51617497e-06 1.10225711e-05 2.25727142e-04 -5.51082713e-06 5.70070460e-09 3.86047585e-05 -5.34783873e-09
1.493978         1.78906913e-06 1.62287598e-05 -1.51376985e-06 1.78324714e-06 -2.23629202e-05 -1.50838724e-06 5.82199717e-09 3.85916800e-05 -5.38261756e-09
1.49448          3.37622062e-06 3.47358039e-04 -1.84970432e-06 3.36960739e-06 3.08591848e-04 -1.84411755e-06 6.61323403e-09 3.87661912e-05 -5.58676637e-09
1.494983         -2.88395923e-06 5.24448834e-04 8.55340269e-07 -2.88959667e-06 4.85415646e-04 8.60427855e-07 5.63743638e-09 3.90331886e-05 -5.08758607e-09
1.495485         1.15225082e-06 5.37212153e-04 -7.29698319e-07 1.14633902e-06 4.97954192e-04 -7.24655912e-07 5.91180098e-09 3.92579611e-05 -5.04240744e-09
1.495988         -5.72315094e-06 6.76739796e-04 2.19806984e-06 -5.72730420e-06 6.37208671e-04 2.20227566e-06 4.15325908e-09 3.95311245e-05 -4.20582538e-09
1.49649          5.54229161e-06 3.64490285e-04 -1.98001759e-06 5.53641892e-06 3.24826638e-04 -1.97544928e-06 5.87268868e-09 3.96636469e-05 -4.56830689e-09
1.496993         1.32692065e-06 -8.78747243e-05 -9.77884449e-07 1.32073655e-06 -1.27492451e-04 -9.73283821e-07 6.18410411e-09 3.96177264e-05 -4.60062767e-09
1.497495         1.47779665e-06 4.04815985e-04 -1.23364337e-06 1.47131086e-06 3.64997231e-04 -1.22897873e-06 6.48579147e-09 3.98187544e-05 -4.66463637e-09
1.497998         3.29347748e-06 1.02867074e-03 -2.06067146e-06 3.28619594e-06 9.88392717e-04 -2.05571149e-06 7.28153706e-09 4.02780195e-05 -4.95996625e-09
1.4985           3.35946728e-06 5.47134098e-04 -1.89357860e-06 3.35132062e-06 5.06704572e-04 -1.88830353e-06 8.14665616e-09 4.04295262e-05 -5.27507658e-09
1.49904          -4.06815486e-07 3.67667460e-05 -1.07195115e-06 -4.14742651e-07 -3.54202956e-06 -1.06650827e-06 7.92716409e-09 4.03087756e-05 -5.44288189e-09
1.49958          4.50042793e-06 4.12271032e-04 -2.14363446e-06 4.49106145e-06 3.71797870e-04 -2.13766788e-06 9.36647411e-09 4.04731620e-05 -5.96657656e-09
1.500127         3.26548202e-07 6.87953286e-04 -5.54014024e-07 3.17047513e-07 6.47171119e-04 -5.47999499e-07 9.50068932e-09 4.07821671e-05 -6.01452455e-09
1.500675         2.57760509e-07 5.64805362e-04 -4.37917862e-07 2.48175810e-07 5.23764435e-04 -4.31921636e-07 9.58469930e-09 4.10409266e-05 -5.99622639e-09
1.50123          -3.78115744e-07 5.41514518e-04 8.43124947e-08 -3.87653873e-07 5.00185924e-04 9.01672873e-08 9.53812881e-09 4.13285935e-05 -5.85479254e-09
1.501786         -2.34992748e-07 6.07888466e-04 -7.16745767e-07 -2.44499219e-07 5.66499432e-04 -7.10864982e-07 9.50647115e-09 4.13890343e-05 -5.88078536e-09
1.50235          5.40387617e-07 5.96981241e-04 -2.87626227e-07 5.30591601e-07 5.55556267e-04 -2.81777474e-07 9.79601561e-09 4.14249737e-05 -5.84875322e-09
1.502922         -1.22174787e-06 3.48999669e-04 -2.55974572e-07 -1.23121846e-06 3.07403038e-04 -2.50174746e-07 9.47059440e-09 4.15966308e-05 -5.79982584e-09
1.503495         5.65789605e-07 4.33806057e-04 -4.83113589e-07 5.56151789e-07 3.92024167e-04 -4.77309551e-07 9.63781566e-09 4.17818902e-05 -5.80403776e-09
1.504068         1.13447060e-06 8.14816072e-04 -8.92095482e-07 1.12440142e-06 7.72765556e-04 -8.86122714e-07 1.00691880e-08 4.20505161e-05 -5.97276813e-09
1.50465          -4.54933568e-07 6.80345520e-04 -7.85128971e-09 -4.64970075e-07 6.38151671e-04 -1.98811876e-09 1.00365070e-08 4.21938495e-05 -5.86317095e-09
1.505242         -7.51137339e-06 5.01488180e-04 2.77616516e-06 -7.51904381e-06 4.59301176e-04 2.78110018e-06 7.67042363e-09 4.21870040e-05 -4.93501931e-09
1.505834         -5.39040121e-06 6.68312905e-04 2.09841984e-06 -5.39654456e-06 6.25856702e-04 2.10267802e-06 6.14335252e-09 4.24562032e-05 -4.25817594e-09
1.506437         4.99529826e-06 7.37801225e-04 -1.24858758e-06 4.98692908e-06 6.95028674e-04 -1.24387364e-06 8.36918073e-09 4.27725511e-05 -4.71393544e-09
1.50704          1.51590151e-06 5.69377059e-04 -7.19759381e-07 1.50677129e-06 5.26574608e-04 -7.14835716e-07 9.13022147e-09 4.28024507e-05 -4.92366517e-09
1.507655         3.61722336e-06 5.77649094e-04 -1.43595596e-06 3.60657262e-06 5.34760249e-04 -1.43055793e-06 1.06507395e-08 4.28888445e-05 -5.39802917e-09
1.50827          2.07524667e-06 6.20706130e-04 -7.94375127e-07 2.06361443e-06 5.77665042e-04 -7.88693828e-07 1.16322394e-08 4.30410879e-05 -5.68129971e-09
1.508884         -5.63690307e-07 5.37539141e-04 -9.84031618e-09 -5.75307788e-07 4.94365339e-04 -4.17507973e-09 1.16174805e-08 4.31738017e-05 -5.66523644e-09
1.509499         2.29791279e-06 5.40269417e-04 -1.22371141e-06 2.28546252e-06 4.96955664e-04 -1.21771530e-06 1.24502722e-08 4.33137526e-05 -5.99610752e-09
1.510101         -6.47776898e-07 9.62125712e-04 2.12181437e-07 -6.60111228e-07 9.18576016e-04 2.18057501e-07 1.23343304e-08 4.35496961e-05 -5.87606402e-09
1.510703         2.72531230e-06 8.76487054e-04 -5.55928591e-07 2.71177224e-06 8.32809208e-04 -5.49879900e-07 1.35400538e-08 4.36778458e-05 -6.04869087e-09
1.511305         6.84870162e-07 7.32459780e-04 -4.63953856e-07 6.71014257e-07 6.88829637e-04 -4.57821556e-07 1.38559050e-08 4.36301432e-05 -6.13229966e-09
1.511894         1.03454657e-05 6.14235698e-04 -4.10591754e-06 1.03282676e-05 5.70443787e-04 -4.09862176e-06 1.71980554e-08 4.37919113e-05 -7.29578524e-09
1.512484         -7.63746615e-06 5.85791157e-04 2.99914506e-06 -7.65217834e-06 5.41792241e-04 3.00542908e-06 1.47121920e-08 4.39989162e-05 -6.28401365e-09
1.513073         -3.97239043e-06 1.02466258e-03 7.80715229e-07 -3.98559798e-06 9.80497042e-04 7.86624977e-07 1.32075462e-08 4.41655374e-05 -5.90974885e-09
1.513662         -2.67786139e-07 9.16229374e-04 3.56085414e-07 -2.80844651e-07 8.71962517e-04 3.61840763e-07 1.30585113e-08 4.42668575e-05 -5.75534872e-09
1.514238         -6.07226285e-07 4.74013045e-04 -2.31358643e-07 -6.19796279e-07 4.29844644e-04 -2.25708010e-07 1.25699935e-08 4.41684003e-05 -5.65063237e-09
1.514814         -3.88470412e-06 7.75581923e-04 1.12705281e-06 -3.89543912e-06 7.31301460e-04 1.13212754e-06 1.07349980e-08 4.42804627e-05 -5.07472804e-09
1.51539          -5.96090700e-07 9.72844093e-04 2.77661635e-07 -6.05874489e-07 9.28319537e-04 2.82367020e-07 9.78378912e-09 4.45245564e-05 -4.70538543e-09
1.515966         -2.93975487e-06 8.58661576e-04 1.04164156e-06 -2.94795871e-06 8.14027322e-04 1.04577268e-06 8.20383654e-09 4.46342540e-05 -4.13112168e-09
1.516541         8.20029466e-07 8.60775803e-04 -3.32728281e-07 8.11828796e-07 8.16049646e-04 -3.28663007e-07 8.20067072e-09 4.47261570e-05 -4.06527369e-09
1.517103         -1.54634257e-06 5.74159315e-04 2.08021710e-07 -1.55401676e-06 5.29564934e-04 2.11904934e-07 7.67419158e-09 4.45943813e-05 -3.88322338e-09
1.517679         -8.95267790e-07 7.09485704e-04 3.72163399e-07 -9.02918968e-07 6.64906028e-04 3.75870010e-07 7.65117833e-09 4.45796760e-05 -3.70661064e-09
1.51824          -2.32204116e-07 1.23206181e-03 -1.36829755e-07 -2.40010049e-07 1.18716913e-03 -1.33179899e-07 7.80593287e-09 4.48926788e-05 -3.64985596e-09
1.518801         4.58406062e-07 9.47562007e-04 -4.59871762e-07 4.50330676e-07 9.02524532e-04 -4.56209233e-07 8.07538592e-09 4.50374751e-05 -3.66252895e-09
1.519362         1.79334647e-06 7.33615906e-04 -7.64179638e-07 1.78465728e-06 6.88493667e-04 -7.60421863e-07 8.68918845e-09 4.51222396e-05 -3.75777511e-09
1.519923         1.38823565e-06 7.77514906e-04 -4.21466528e-07 1.37910646e-06 7.32408492e-04 -4.17720583e-07 9.12918364e-09 4.51064139e-05 -3.74594493e-09
1.520484         5.49215623e-06 7.51081474e-04 -7.99176010e-07 5.48102716e-06 7.06046182e-04 -7.95280650e-07 1.11290694e-08 4.50352923e-05 -3.89535977e-09
1.521046         2.55096328e-06 9.56847626e-04 -1.09933568e-06 2.53916649e-06 9.11806665e-04 -1.09530274e-06 1.17967847e-08 4.50409607e-05 -4.03294178e-09
1.521607         2.94043165e-06 1.02608184e-03 -7.16506965e-07 2.92788194e-06 9.81019135e-04 -7.12423047e-07 1.25497053e-08 4.50627052e-05 -4.08391738e-09
1.522168         6.23116044e-08 9.52357370e-04 -9.99267539e-08 4.99439607e-08 9.07147908e-04 -9.59976536e-08 1.23676437e-08 4.52094614e-05 -3.92910031e-09
1.522729         -2.92953351e-06 9.21409061e-04 3.51332680e-07 -2.94061169e-06 8.76108276e-04 3.54966407e-07 1.10781781e-08 4.53007850e-05 -3.63372735e-09
1.52329          5.66372731e-07 6.73362989e-04 -5.63383694e-07 5.55526851e-07 6.28180546e-04 -5.59806951e-07 1.08458800e-08 4.51824436e-05 -3.57674248e-09
1.523851         -1.65379754e-06 8.18424453e-04 5.47153658e-07 -1.66383375e-06 7.73206015e-04 5.50367281e-07 1.00362132e-08 4.52184375e-05 -3.21362271e-09
1.524412         9.70736195e-07 1.05373920e-03 -3.26184406e-07 9.60747311e-07 1.00828312e-03 -3.23096632e-07 9.98888374e-09 4.54560851e-05 -3.08777362e-09
1.524973         -1.10393262e-06 9.44995692e-04 2.64832918e-07 -1.11332514e-06 8.99610427e-04 2.67659965e-07 9.39252189e-09 4.53852651e-05 -2.82704631e-09
1.525534         3.59420911e-06 9.33259351e-04 -5.29886604e-07 3.58389904e-06 8.88078624e-04 -5.27075441e-07 1.03100712e-08 4.51807277e-05 -2.81116259e-09
1.526095         9.43758203e-07 1.00670509e-03 -2.62465429e-07 9.33541607e-07 9.61379705e-04 -2.59790830e-07 1.02165965e-08 4.53253806e-05 -2.67459875e-09
1.526656         -3.36741956e-06 1.03784120e-03 3.68325397e-07 -3.37605230e-06 9.92342883e-04 3.70651094e-07 8.63274590e-09 4.54983152e-05 -2.32569743e-09
1.527217         -1.89927278e-06 8.36812815e-04 1.30488497e-07 -1.90692453e-06 7.91454206e-04 1.32554246e-07 7.65175144e-09 4.53586090e-05 -2.06574865e-09
1.527778         -2.06338181e-06 9.02933765e-04 5.89394344e-07 -2.07006207e-06 8.57618539e-04 5.91100234e-07 6.68025781e-09 4.53152261e-05 -1.70588979e-09
1.52834          1.51801984e-07 1.11341159e-03 -2.29227284e-07 1.45585700e-07 1.06782354e-03 -2.27700076e-07 6.21628365e-09 4.55880464e-05 -1.52720792e-09
1.528901         4.24636133e-07 9.55550016e-04 -2.46418873e-07 4.18948765e-07 9.09969432e-04 -2.45138686e-07 5.68736720e-09 4.55805841e-05 -1.28018726e-09
1.529462         1.53561253e-06 6.73320565e-04 -4.39477916e-07 1.53002986e-06 6.28125732e-04 -4.38328895e-07 5.58266071e-09 4.51948327e-05 -1.14902055e-09
1.530023         6.25857668e-07 1.04297586e-03 -3.13005627e-07 6.20619248e-07 9.97742557e-04 -3.12005044e-07 5.23841960e-09 4.52333004e-05 -1.00058318e-09
1.530584         -2.07710767e-06 1.33228863e-03 5.36971921e-07 -2.08116383e-06 1.28681522e-03 5.37578916e-07 4.05615831e-09 4.54734081e-05 -6.06995502e-10
1.531145         4.94374872e-07 7.33975740e-04 -2.75022084e-07 4.90704992e-07 6.88690805e-04 -2.74556050e-07 3.66988058e-09 4.52849340e-05 -4.66033443e-10
1.531706         -2.14342285e-06 6.77044304e-04 4.24499632e-07 -2.14586520e-06 6.31975742e-04 4.24659566e-07 2.44234315e-09 4.50685619e-05 -1.59934039e-10
1.532267         1.73639070e-06 1.25737937e-03 -4.43320404e-07 1.73377620e-06 1.21209540e-03 -4.43209521e-07 2.61449485e-09 4.52839730e-05 -1.10883306e-10
1.532828         7.01504000e-06 1.18135863e-03 -2.06382267e-06 7.01067811e-06 1.13597509e-03 -2.06329453e-06 4.36189384e-09 4.53835460e-05 -5.28135685e-10
1.533389         -2.81709881e-06 7.64830447e-04 6.19400439e-07 -2.82012244e-06 7.19771331e-04 6.19575323e-07 3.02363510e-09 4.50591166e-05 -1.74884360e-10
1.53395          -1.89967806e-06 8.76766260e-04 2.76684421e-07 -1.90167728e-06 8.31825697e-04 2.76597016e-07 1.99922668e-09 4.49405633e-05 8.74050042e-11
1.534511         1.73975948e-07 1.04911880e-03 -1.80300723e-07 1.72311289e-07 1.00407975e-03 -1.80508011e-07 1.66465925e-09 4.50390471e-05 2.07287924e-10
1.535072         2.43876225e-06 1.00339851e-03 -3.95161489e-07 2.43658102e-06 9.58378243e-04 -3.95380218e-07 2.18122984e-09 4.50202656e-05 2.18729600e-10
1.535634         2.70220795e-06 1.02266924e-03 -8.44489814e-07 2.69954956e-06 9.77674397e-04 -8.44614588e-07 2.65839701e-09 4.49948426e-05 1.24773485e-10
1.536195         4.99357030e-06 9.15668697e-04 -6.77758418e-07 4.98937696e-06 8.70802158e-04 -6.77765165e-07 4.19334382e-09 4.48665393e-05 6.74634739e-12
1.536756         -2.87119670e-06 8.99580610e-04 2.46913634e-07 -2.87399877e-06 8.54862137e-04 2.46696201e-07 2.80207043e-09 4.47184733e-05 2.17433633e-10
1.537317         -8.17622426e-07 1.05518784e-03 -7.95714195e-08 -8.19838430e-07 1.01046115e-03 -7.98922412e-08 2.21600363e-09 4.47266834e-05 3.20821708e-10
1.537878         1.26646870e-06 1.04423367e-03 -4.41788595e-07 1.26421966e-06 9.99526678e-04 -4.42096412e-07 2.24903925e-09 4.47069880e-05 3.07817210e-10
1.538439         -2.63120012e-06 9.47671227e-04 4.05150755e-07 -2.63226686e-06 9.03093906e-04 4.04618481e-07 1.06673350e-09 4.45773204e-05 5.32273638e-10
1.539            -1.08326911e-07 9.60607364e-04 -1.81842169e-07 -1.09019944e-07 9.16164189e-04 -1.82433743e-07 6.93033321e-10 4.44431751e-05 5.91573378e-10
1.539563         1.99088981e-07 8.65515540e-04 -1.91953753e-07 1.98710158e-07 8.21319423e-04 -1.92600784e-07 3.78823248e-10 4.41961169e-05 6.47031286e-10
1.540125         1.47494017e-06 1.01765822e-03 -5.55554727e-07 1.47449378e-06 9.73478822e-04 -5.56166735e-07 4.46383243e-10 4.41794015e-05 6.12008100e-10
1.540688         -7.58702765e-07 1.18064728e-03 1.00894020e-08 -7.58556778e-07 1.13629433e-03 9.36339283e-09 -1.45986623e-10 4.43529474e-05 7.26009212e-10
1.54125          2.98861998e-06 8.62933106e-04 -4.51017711e-07 2.98804720e-06 8.18897207e-04 -4.51697785e-07 5.72773981e-10 4.40358996e-05 6.80074302e-10
1.541821         -3.35087675e-06 7.85402132e-04 7.96255524e-08 -3.34989708e-06 7.41766421e-04 7.88105500e-08 -9.79673348e-10 4.36357111e-05 8.15002404e-10
1.542392         -1.49728816e-06 1.17795851e-03 8.28059484e-08 -1.49547268e-06 1.13416708e-03 8.18721862e-08 -1.81548229e-09 4.37914254e-05 9.33762289e-10
1.542963         7.59053684e-08 1.14110159e-03 -2.16396169e-07 7.81173162e-08 1.09725990e-03 -2.17361956e-07 -2.21194787e-09 4.38416902e-05 9.65787039e-10
1.543534         -7.36844397e-07 5.98038818e-04 -1.50493040e-07 -7.34014231e-07 5.54608387e-04 -1.51504579e-07 -2.83016636e-09 4.34304307e-05 1.01153916e-09
1.544114         1.20629118e-06 8.36813520e-04 -4.85184134e-07 1.20904629e-06 7.93578461e-04 -4.86131673e-07 -2.75510742e-09 4.32350582e-05 9.47538560e-10
1.544694         9.77279103e-07 1.08538502e-03 -4.32940536e-07 9.80103139e-07 1.04217179e-03 -4.33848794e-07 -2.82403625e-09 4.32132285e-05 9.08257153e-10
1.545274         9.46949077e-07 1.02653841e-03 -4.17269970e-07 9.49821642e-07 9.83452989e-04 -4.18136825e-07 -2.87256448e-09 4.30854167e-05 8.66855458e-10
1.545854         4.64603987e-07 1.00861461e-03 -1.82302362e-07 4.67665220e-07 9.65675952e-04 -1.83170511e-07 -3.06123293e-09 4.29386613e-05 8.68149874e-10
1.546434         3.67093609e-07 8.10806988e-04 -1.22176934e-07 3.70222804e-07 7.68101675e-04 -1.23056080e-07 -3.12919539e-09 4.27053132e-05 8.79145488e-10
1.547025         -4.35381698e-06 8.17450781e-04 6.40984935e-07 -4.34899909e-06 7.74949575e-04 6.39883961e-07 -4.81789508e-09 4.25012060e-05 1.10097417e-09
1.547615         -3.80688429e-06 1.09843935e-03 6.34088029e-07 -3.80071257e-06 1.05601436e-03 6.32792483e-07 -6.17172174e-09 4.24249863e-05 1.29554584e-09
1.548205         -8.30947912e-07 8.53088420e-04 1.08673607e-07 -8.24448557e-07 8.10935627e-04 1.07364061e-07 -6.49935503e-09 4.21527930e-05 1.30954594e-09
1.548796         3.92379246e-07 5.51775221e-04 -4.03508211e-07 3.98792176e-07 5.10129566e-04 -4.04675333e-07 -6.41293016e-09 4.16456553e-05 1.16712161e-09
1.549398         5.65314361e-06 1.12714958e-03 -1.23625164e-06 5.65761705e-06 1.08544941e-03 -1.23700471e-06 -4.47344381e-09 4.17001701e-05 7.53067067e-10
1.55             3.97809909e-07 1.22077111e-03 -3.41098054e-07 4.02068529e-07 1.17897270e-03 -3.41703836e-07 -4.25862021e-09 4.17984117e-05 6.05781929e-10
1.550602         -1.97445498e-07 6.58286420e-04 -1.07976716e-07 -1.93288865e-07 6.16962344e-04 -1.08473755e-07 -4.15663291e-09 4.13240757e-05 4.97038647e-10
1.551204         4.42974898e-06 7.24208072e-04 -4.13772217e-07 4.43194913e-06 6.83219635e-04 -4.14044843e-07 -2.20015373e-09 4.09884369e-05 2.72626473e-10
1.551819         -1.78761880e-07 7.90870677e-04 -1.77502787e-07 -1.76750227e-07 7.50130023e-04 -1.77632739e-07 -2.01165370e-09 4.07406547e-05 1.29952297e-10
1.552434         -2.07947924e-06 8.24024996e-04 1.36435321e-07 -2.07700479e-06 7.83475585e-04 1.36356349e-07 -2.47444691e-09 4.05494110e-05 7.89720123e-11
1.553049         -1.57866149e-06 8.44701243e-04 -2.41600686e-07 -1.57570013e-06 8.04336209e-04 -2.41524302e-07 -2.96136094e-09 4.03650343e-05 -7.63837090e-11
1.553665         2.00823917e-06 9.06148906e-04 -6.02311940e-07 2.01038144e-06 8.66098944e-04 -6.01974588e-07 -2.14226229e-09 4.00499613e-05 -3.37351663e-10
1.554295         -3.49916139e-06 9.04294562e-04 3.16018059e-07 -3.49599255e-06 8.64478555e-04 3.16340198e-07 -3.16884334e-09 3.98160063e-05 -3.22138891e-10
1.554925         1.34548222e-06 8.80785936e-04 -4.29665018e-07 1.34793013e-06 8.41104393e-04 -4.29098225e-07 -2.44790360e-09 3.96815433e-05 -5.66793180e-10
1.555555         -4.53622780e-07 5.45737942e-04 -2.03829054e-07 -4.51463205e-07 5.06480118e-04 -2.03091668e-07 -2.15957471e-09 3.92578233e-05 -7.37386646e-10
1.556202         -1.14576542e-06 5.55832910e-04 -5.03661283e-08 -1.14334380e-06 5.16949724e-04 -4.95721658e-08 -2.42161763e-09 3.88831854e-05 -7.93962514e-10
1.556849         2.41371818e-07 9.12149882e-04 6.38134065e-08 2.43448204e-07 8.73342700e-04 6.46087538e-08 -2.07638602e-09 3.88071825e-05 -7.95347284e-10
1.557497         1.79168381e-06 7.35578240e-04 -5.52906281e-07 1.79300971e-06 6.97150679e-04 -5.51923861e-07 -1.32590199e-09 3.84275609e-05 -9.82420099e-10
1.558144         1.38977747e-06 6.80074256e-04 -5.17662439e-07 1.39051348e-06 6.42092193e-04 -5.16513081e-07 -7.36009784e-10 3.79820628e-05 -1.14935826e-09
1.558811         -5.95863713e-06 6.58360117e-04 5.43217986e-07 -5.95557977e-06 6.20755207e-04 5.44194358e-07 -3.05735837e-09 3.76049101e-05 -9.76371797e-10
1.559478         5.38875343e-06 7.96774772e-04 -9.57673182e-07 5.38981696e-06 7.59435395e-04 -9.56361838e-07 -1.06352606e-09 3.73393770e-05 -1.31134449e-09
1.560146         4.78618285e-06 8.20700776e-04 -9.39159072e-07 4.78552829e-06 7.83571502e-04 -9.37530463e-07 6.54560630e-10 3.71292742e-05 -1.62860895e-09
1.560813         -2.50503637e-06 2.38495717e-04 9.25139612e-08 -2.50470068e-06 2.01933517e-04 9.41055513e-08 -3.35683905e-10 3.65621999e-05 -1.59159009e-09
1.561505         1.50234001e-07 6.81554180e-04 -2.39476095e-07 1.50568413e-07 6.45320483e-04 -2.37808005e-07 -3.34411882e-10 3.62336972e-05 -1.66808981e-09
1.562197         4.55706509e-06 9.57967340e-04 -9.38819368e-07 4.55575814e-06 9.21955103e-04 -9.36843805e-07 1.30694879e-09 3.60122362e-05 -1.97556323e-09
1.56289          -1.19547888e-06 2.81915740e-04 2.98221567e-08 -1.19625665e-06 2.46461648e-04 3.17895990e-08 7.77773105e-10 3.54540927e-05 -1.96744229e-09
1.563612         2.30074902e-07 5.00495321e-04 -2.96723239e-08 2.29284865e-07 4.65450392e-04 -2.76856060e-08 7.90037108e-10 3.50449289e-05 -1.98671792e-09
1.564334         5.66037708e-07 5.58706235e-04 -1.58825861e-07 5.65201522e-07 5.24071052e-04 -1.56784935e-07 8.36186098e-10 3.46351833e-05 -2.04092607e-09
1.565056         -1.29530005e-06 6.00024990e-04 2.35023156e-07 -1.29546591e-06 5.66006443e-04 2.36974418e-07 1.65867375e-10 3.40185468e-05 -1.95126225e-09
1.565778         -2.11303294e-06 4.02768972e-04 2.09333308e-08 -2.11203363e-06 3.69134186e-04 2.28828300e-08 -9.99310682e-10 3.36347862e-05 -1.94949912e-09
1.566541         2.70892920e-07 5.20877365e-04 -1.51111715e-07 2.72068772e-07 4.87579803e-04 -1.49107864e-07 -1.17585151e-09 3.32975629e-05 -2.00385110e-09
1.567303         -7.10145384e-08 7.34517538e-04 -2.17312372e-07 -6.94126065e-08 7.01579401e-04 -2.15241827e-07 -1.60193195e-09 3.29381363e-05 -2.07054524e-09
1.568065         4.43694050e-07 4.00005036e-04 -3.04510807e-07 4.45398748e-07 3.67740787e-04 -3.02329074e-07 -1.70469838e-09 3.22642483e-05 -2.18173356e-09
1.568828         3.66639636e-06 3.10495210e-04 -5.31172499e-07 3.66668885e-06 2.78759701e-04 -5.28754363e-07 -2.92490882e-10 3.17355086e-05 -2.41813585e-09
1.56959          -2.91558752e-07 3.37722982e-04 -3.69033177e-09 -2.90987780e-07 3.06540328e-04 -1.24153532e-09 -5.70971973e-10 3.11826542e-05 -2.44879645e-09
1.570416         5.30638648e-06 3.81090208e-04 -5.52779909e-07 5.30459594e-06 3.50533372e-04 -5.50085369e-07 1.79053285e-09 3.05568360e-05 -2.69453943e-09
1.571242         1.13639599e-06 2.93386430e-04 -2.30452361e-07 1.13431153e-06 2.63367500e-04 -2.27633667e-07 2.08446359e-09 3.00189299e-05 -2.81869381e-09
1.572067         1.08353723e-07 5.09888103e-04 -2.35689441e-07 1.06487015e-07 4.80230328e-04 -2.32734635e-07 1.86670738e-09 2.96577750e-05 -2.95480544e-09
1.572893         9.37296148e-07 2.42289981e-04 -2.13195283e-07 9.35129527e-07 2.13317250e-04 -2.10108784e-07 2.16662108e-09 2.89727313e-05 -3.08649861e-09
1.573719         3.00812504e-06 1.17783316e-04 -3.42831254e-07 3.00449687e-06 8.96680195e-05 -3.39546212e-07 3.62817742e-09 2.81152966e-05 -3.28504163e-09
1.574545         -1.08150365e-06 1.44865908e-04 -1.09423357e-08 -1.08451513e-06 1.17496324e-04 -7.62070437e-09 3.01148509e-09 2.73695836e-05 -3.32163138e-09
1.575371         -1.34282373e-06 5.37611727e-04 -6.17194138e-08 -1.34508084e-06 5.10472206e-04 -5.83270835e-08 2.25711271e-09 2.71395211e-05 -3.39233027e-09
1.576197         5.53083348e-07 8.49491579e-05 -4.92488316e-08 5.50522900e-07 5.86999077e-05 -4.57856943e-08 2.56044787e-09 2.62492502e-05 -3.46313736e-09
1.577022         1.40636090e-06 -1.98342098e-04 -2.04282694e-07 1.40314713e-06 -2.23840761e-04 -2.00689385e-07 3.21376910e-09 2.54986635e-05 -3.59330835e-09
1.577848         1.36146315e-06 1.95635637e-04 -2.74975333e-07 1.35768000e-06 1.70777055e-04 -2.71234830e-07 3.78315260e-09 2.48585821e-05 -3.74050307e-09
1.578674         1.74379048e-06 3.70705362e-04 -5.52403923e-08 1.73912744e-06 3.46483839e-04 -5.14387417e-08 4.66304046e-09 2.42215229e-05 -3.80165052e-09
1.5795           1.00019328e-06 -9.42599115e-05 -1.75195344e-07 9.95124518e-07 -1.17727790e-04 -1.71274118e-07 5.06876177e-09 2.34678783e-05 -3.92122595e-09
1.58042          1.39088291e-07 -8.62236264e-05 -1.31856016e-07 1.34057619e-07 -1.08845266e-04 -1.27820422e-07 5.03067207e-09 2.26216394e-05 -4.03559386e-09
1.581435         -1.23332527e-06 3.26829918e-04 5.67454470e-09 -1.23743500e-06 3.04782682e-04 9.77632227e-09 4.10972794e-09 2.20472355e-05 -4.10177757e-09
1.582507         3.95642854e-07 -2.95164997e-04 -8.45947312e-08 3.91562075e-07 -3.15967740e-04 -8.03937613e-08 4.08077938e-09 2.08027430e-05 -4.20096992e-09
1.583609         4.42797599e-07 1.19209529e-04 -1.49464071e-07 4.38907176e-07 9.90820905e-05 -1.45181687e-07 3.89042317e-09 2.01274389e-05 -4.28238397e-09
1.584747         5.12208745e-07 -2.01803229e-04 -6.67753803e-08 5.08516159e-07 -2.20636708e-04 -6.24679147e-08 3.69258558e-09 1.88334791e-05 -4.30746553e-09
1.585962         5.95957458e-08 3.68435911e-05 -1.30528314e-07 5.64421284e-08 1.88201463e-05 -1.26180195e-07 3.15361741e-09 1.80234447e-05 -4.34811913e-09
1.587178         6.40565330e-07 -3.87693334e-04 -1.29844066e-07 6.37547872e-07 -4.04227423e-04 -1.25459815e-07 3.01745766e-09 1.65340890e-05 -4.38425078e-09
1.58844          1.92828874e-08 -3.40766844e-06 1.47674754e-08 1.66964755e-08 -1.89666236e-05 1.91438006e-08 2.58641186e-09 1.55589552e-05 -4.37632512e-09
1.589755         5.16189823e-07 -3.53895753e-04 -5.70465007e-08 5.13671731e-07 -3.67910658e-04 -5.26253483e-08 2.51809234e-09 1.40149047e-05 -4.42115230e-09
1.59113          -1.57935593e-06 -1.69965401e-04 8.04288116e-08 -1.58021602e-06 -1.82840833e-04 8.48168269e-08 8.60093714e-10 1.28754321e-05 -4.38801536e-09
1.592573         -7.20182331e-07 -3.19587914e-04 5.73784132e-08 -7.19976113e-07 -3.31052736e-04 6.17347309e-08 -2.06218326e-10 1.14648220e-05 -4.35631766e-09
1.594097         5.37234548e-07 -5.02279394e-04 -7.68559779e-08 5.37739465e-07 -5.11981179e-04 -7.24459350e-08 -5.04917198e-10 9.70178573e-06 -4.41004283e-09
1.595621         6.80484114e-07 -3.35301917e-04 -5.72749402e-08 6.81162550e-07 -3.43468519e-04 -5.28178112e-08 -6.78435681e-10 8.16660212e-06 -4.45712900e-09
1.597055         9.42241255e-07 -4.73752556e-04 -1.32608544e-07 9.42896971e-07 -4.80362804e-04 -1.28071930e-07 -6.55715879e-10 6.61024757e-06 -4.53661383e-09
1.598489         3.16444658e-07 -5.36994793e-04 3.36465773e-09 3.17383888e-07 -5.42030686e-04 7.88058535e-09 -9.39230419e-10 5.03589302e-06 -4.51592762e-09
1.599923         4.70436121e-07 -4.73394777e-04 -4.20231130e-08 4.71587016e-07 -4.76851103e-04 -3.75172074e-08 -1.15089512e-09 3.45632685e-06 -4.50590559e-09
1.601357         1.07888784e-07 -5.97672824e-04 -4.03922876e-10 1.09555012e-07 -5.99566240e-04 4.04998407e-09 -1.66622822e-09 1.89341648e-06 -4.45390694e-09
1.602791         7.15815963e-07 -7.11251329e-04 -6.64126134e-08 7.17574048e-07 -7.11356854e-04 -6.19788171e-08 -1.75808535e-09 1.05524546e-07 -4.43379638e-09
1.604225         5.41562046e-07 -4.73641880e-04 -9.56299696e-08 5.43661115e-07 -4.72362592e-04 -9.12145138e-08 -2.09906910e-09 -1.27928803e-06 -4.41545581e-09
1.605659         -1.01075224e-06 -7.41696629e-04 1.19980407e-07 -1.00722572e-06 -7.38651350e-04 1.24260670e-07 -3.52651769e-09 -3.04527912e-06 -4.28026326e-09
1.607093         -3.90081657e-07 -7.97588815e-04 1.16770964e-07 -3.85685696e-07 -7.92755675e-04 1.20904627e-07 -4.39596091e-09 -4.83314043e-06 -4.13366311e-09
1.608527         -2.72375652e-07 -6.04895884e-04 3.09941715e-08 -2.67164731e-07 -5.98532990e-04 3.50177666e-08 -5.21092024e-09 -6.36289435e-06 -4.02359514e-09
1.609962         -6.13701196e-07 -6.84069097e-04 3.76095364e-08 -6.07375676e-07 -6.76193181e-04 4.15196745e-08 -6.32552063e-09 -7.87591601e-06 -3.91013809e-09
1.611396         5.72864011e-07 -8.57511563e-04 5.49681819e-08 5.79320626e-07 -8.47863715e-04 5.87453145e-08 -6.45661439e-09 -9.64784782e-06 -3.77713260e-09
1.61283          4.61447384e-09 -8.26915822e-04 2.25859901e-08 1.17453069e-08 -8.15586815e-04 2.62536760e-08 -7.13083307e-09 -1.13290072e-05 -3.66768585e-09
1.614025         -7.23924177e-07 -8.67688449e-04 5.92565657e-08 -7.15848821e-07 -8.54924973e-04 6.28331839e-08 -8.07535689e-09 -1.27634756e-05 -3.57661819e-09
1.61522          1.59972979e-07 -8.50003907e-04 -3.81501089e-08 1.68350074e-07 -8.35769801e-04 -3.46198528e-08 -8.37709560e-09 -1.42341058e-05 -3.53025611e-09
1.616415         -9.13349160e-07 -9.33193517e-04 1.84345356e-08 -9.04075534e-07 -9.17694707e-04 2.18863303e-08 -9.27362616e-09 -1.54988100e-05 -3.45179467e-09
1.61761          2.70098226e-08 -9.01663903e-04 4.21003823e-09 3.63923229e-08 -8.84812991e-04 7.58919091e-09 -9.38250035e-09 -1.68509128e-05 -3.37915268e-09
1.618805         -4.30868538e-07 -9.50828893e-04 1.05099891e-08 -4.21072291e-07 -9.32602405e-04 1.38096447e-08 -9.79624756e-09 -1.82264883e-05 -3.29965564e-09
1.62             -5.30976126e-07 -8.59991853e-04 1.72524715e-08 -5.20915408e-07 -8.40542617e-04 2.05039546e-08 -1.00607185e-08 -1.94492359e-05 -3.25148311e-09
1.621066         -5.32397334e-07 -8.73789593e-04 1.58021748e-08 -5.22066153e-07 -8.53476548e-04 1.90027997e-08 -1.03311806e-08 -2.03130450e-05 -3.20062492e-09
1.622104         -5.11178572e-07 -1.11037235e-03 2.51549150e-08 -5.00660463e-07 -1.08952981e-03 2.82997114e-08 -1.05181083e-08 -2.08425359e-05 -3.14479640e-09
1.623141         -8.97581739e-07 -6.12212660e-04 3.42461994e-08 -8.86845317e-07 -5.91104371e-04 3.73408107e-08 -1.07364219e-08 -2.11082886e-05 -3.09461139e-09
1.624151         -5.34514997e-07 -9.83668650e-04 3.54461772e-08 -5.23879028e-07 -9.62021178e-04 3.84946704e-08 -1.06359696e-08 -2.16474721e-05 -3.04849325e-09
1.625133         -2.51854416e-07 -6.31412729e-04 2.88059683e-08 -2.41490581e-07 -6.09510907e-04 3.18053354e-08 -1.03638352e-08 -2.19018222e-05 -2.99936717e-09
1.626116         -6.26049429e-07 -1.16493893e-03 4.46930864e-08 -6.15826898e-07 -1.14251645e-03 4.76348518e-08 -1.02225313e-08 -2.24224720e-05 -2.94176540e-09
1.627098         -6.74776272e-07 -7.69980525e-04 4.55136099e-08 -6.64578274e-07 -7.47338206e-04 4.83687747e-08 -1.01979986e-08 -2.26423188e-05 -2.85516483e-09
1.628081         -8.36907785e-07 -9.08641784e-04 7.36500963e-08 -8.26753085e-07 -8.85454871e-04 7.64104893e-08 -1.01546998e-08 -2.31869133e-05 -2.76039301e-09
1.629034         -5.59350709e-07 -7.94023634e-04 5.08414590e-08 -5.49467245e-07 -7.70614479e-04 5.35296782e-08 -9.88346409e-09 -2.34091555e-05 -2.68821926e-09
1.629988         -8.69587100e-07 -1.07720409e-03 4.63345252e-08 -8.59800948e-07 -1.05327701e-03 4.89418803e-08 -9.78615273e-09 -2.39270823e-05 -2.60735517e-09
1.630941         -7.08225390e-07 -8.60041282e-04 4.66364124e-08 -6.98590053e-07 -8.35870491e-04 4.91476584e-08 -9.63533639e-09 -2.41707913e-05 -2.51124596e-09
1.631895         -5.68846807e-07 -6.44013594e-04 3.74646237e-08 -5.59536496e-07 -6.19636271e-04 3.98975775e-08 -9.31031131e-09 -2.43773234e-05 -2.43295382e-09
1.632848         -5.40527223e-07 -1.42275922e-03 4.29566484e-08 -5.31588831e-07 -1.39764826e-03 4.53036147e-08 -8.93839176e-09 -2.51109616e-05 -2.34696624e-09
1.633802         -8.86484127e-07 -7.18656897e-04 1.27219405e-08 -8.77693345e-07 -6.93410877e-04 1.49925357e-08 -8.79078156e-09 -2.52460201e-05 -2.27059511e-09
1.634755         -3.09626832e-07 -9.76528674e-04 1.39194841e-08 -3.01393886e-07 -9.50993645e-04 1.61057041e-08 -8.23294540e-09 -2.55350291e-05 -2.18621995e-09
1.635709         -6.87606932e-07 -1.17500333e-03 1.00930591e-07 -6.79761057e-07 -1.14892427e-03 1.02998061e-07 -7.84587468e-09 -2.60790571e-05 -2.06747021e-09
1.636662         -5.67140768e-07 -8.61508448e-04 4.97298845e-08 -5.59757673e-07 -8.35065821e-04 5.16985553e-08 -7.38309522e-09 -2.64426277e-05 -1.96867079e-09
1.637616         -8.47986352e-07 -8.67259014e-04 7.00609101e-08 -8.40952325e-07 -8.40617716e-04 7.19322619e-08 -7.03402706e-09 -2.66412981e-05 -1.87135182e-09
1.638569         2.93343354e-07 -1.12530147e-03 1.59253774e-08 2.99430671e-07 -1.09833732e-03 1.77210487e-08 -6.08731723e-09 -2.69641565e-05 -1.79567131e-09
1.639523         -9.86598974e-07 -1.16245170e-03 7.82228387e-08 -9.80724426e-07 -1.13497203e-03 7.99255455e-08 -5.87454777e-09 -2.74796723e-05 -1.70270679e-09
1.640435         -4.43866256e-08 -1.07243872e-03 4.98713368e-08 -3.92208654e-08 -1.04452411e-03 5.14870821e-08 -5.16576017e-09 -2.79146089e-05 -1.61574528e-09
1.641347         -2.08539640e-06 -9.59715166e-04 6.95037286e-08 -2.07984370e-06 -9.31639962e-04 7.10172655e-08 -5.55269741e-09 -2.80752045e-05 -1.51353694e-09
1.642259         1.04688257e-06 -1.12410681e-03 1.65845944e-08 1.05124230e-06 -1.09583373e-03 1.80078124e-08 -4.35973320e-09 -2.82730849e-05 -1.42321798e-09
1.643171         -5.45566482e-07 -9.39114261e-04 5.11777589e-08 -5.41504428e-07 -9.10346996e-04 5.24904472e-08 -4.06205446e-09 -2.87672646e-05 -1.31268834e-09
1.644083         -2.61364582e-07 -1.12472882e-03 4.85172845e-08 -2.57687533e-07 -1.09577645e-03 4.97112146e-08 -3.67704891e-09 -2.89523666e-05 -1.19393014e-09
1.644995         -3.46172878e-07 -1.28321333e-03 5.16311329e-08 -3.42730803e-07 -1.25383839e-03 5.26969805e-08 -3.44207532e-09 -2.93749368e-05 -1.06584752e-09
1.645907         -7.80144265e-07 -9.77127544e-04 4.86211190e-08 -7.76706875e-07 -9.47483967e-04 4.95383846e-08 -3.43739034e-09 -2.96435766e-05 -9.17265580e-10
1.646819         2.36503802e-07 -1.04275030e-03 -7.57001890e-08 2.39643177e-07 -1.01295673e-03 -7.48715317e-08 -3.13937448e-09 -2.97935630e-05 -8.28657313e-10
1.647731         -2.19807491e-06 -1.17741858e-03 6.08827991e-08 -2.19409695e-06 -1.14731705e-03 6.15719002e-08 -3.97796611e-09 -3.01015293e-05 -6.89101187e-10
1.648643         2.00522817e-06 -1.24393043e-03 -4.10206278e-08 2.00796881e-06 -1.21335096e-03 -4.04535135e-08 -2.74063852e-09 -3.05794687e-05 -5.67114336e-10
1.649555         -2.03935771e-06 -1.28228933e-03 7.68692441e-08 -2.03558661e-06 -1.25135675e-03 7.72725036e-08 -3.77110416e-09 -3.09325845e-05 -4.03259497e-10
1.650467         1.13154751e-07 -1.08488271e-03 5.11723435e-08 1.16799774e-07 -1.05380098e-03 5.14215390e-08 -3.64502350e-09 -3.10817249e-05 -2.49195551e-10
1.651379         -3.10448626e-07 -1.07889660e-03 5.23839538e-08 -3.06618080e-07 -1.04766254e-03 5.24827605e-08 -3.83054535e-09 -3.12340576e-05 -9.88067363e-11
1.652292         -5.31976947e-07 -1.41452527e-03 3.88193283e-08 -5.29185496e-07 -1.38282922e-03 3.88296119e-08 -2.79145107e-09 -3.16960522e-05 -1.02835375e-11
1.653204         3.25358734e-07 -9.42334052e-04 3.93514082e-08 3.28580979e-07 -9.10510027e-04 3.92009866e-08 -3.22224501e-09 -3.18240243e-05 1.50421542e-10
1.654116         -4.94338379e-07 -1.35808509e-03 5.99200742e-08 -4.90332770e-07 -1.32583725e-03 5.96054522e-08 -4.00560826e-09 -3.22478411e-05 3.14622046e-10
1.655028         1.51823345e-07 -1.35087721e-03 7.49691293e-08 1.56326983e-07 -1.31844113e-03 7.44821104e-08 -4.50363826e-09 -3.24360781e-05 4.87018867e-10
1.65594          -4.95075141e-07 -1.10075670e-03 8.03973061e-08 -4.89667669e-07 -1.06819978e-03 7.97463427e-08 -5.40747226e-09 -3.25569122e-05 6.50963356e-10
1.656852         2.85524818e-08 -1.21030795e-03 2.10367209e-08 3.47475248e-08 -1.17745835e-03 2.02346455e-08 -6.19504303e-09 -3.28495910e-05 8.02075407e-10
1.657764         3.89980320e-07 -1.36445132e-03 4.73594014e-08 3.96574074e-07 -1.33129444e-03 4.64032386e-08 -6.59375318e-09 -3.31568752e-05 9.56162733e-10
1.658676         9.15074007e-08 -1.21603722e-03 5.35909595e-08 9.83980109e-08 -1.18269213e-03 5.24963392e-08 -6.89061019e-09 -3.33450887e-05 1.09462031e-09
1.659588         -1.89897139e-07 -1.32790371e-03 4.13956387e-08 -1.82439770e-07 -1.29417493e-03 4.01519080e-08 -7.45736995e-09 -3.37287849e-05 1.24373070e-09
1.6605           -2.69799769e-07 -1.35703735e-03 5.15807310e-08 -2.61895941e-07 -1.32319890e-03 5.02062706e-08 -7.90382805e-09 -3.38384513e-05 1.37446038e-09
1.661362         1.85897340e-07 -1.03049519e-03 9.47672630e-08 1.93986803e-07 -9.96554625e-04 9.32501742e-08 -8.08946320e-09 -3.39405671e-05 1.51708883e-09
1.662223         -6.08180057e-08 -1.67367974e-03 8.47810777e-08 -5.23992783e-08 -1.63936034e-03 8.31447151e-08 -8.41872739e-09 -3.43194006e-05 1.63636257e-09
1.663085         4.60409737e-07 -1.23050720e-03 2.56641250e-08 4.69003642e-07 -1.19603207e-03 2.39362379e-08 -8.59390445e-09 -3.44751332e-05 1.72788717e-09
1.663928         1.98283015e-07 -1.12301637e-03 4.88497882e-08 2.07350572e-07 -1.08845108e-03 4.70379992e-08 -9.06755693e-09 -3.45652964e-05 1.81178900e-09
1.66477          6.86496967e-07 -1.35358069e-03 4.94307224e-08 6.95914002e-07 -1.31881172e-03 4.75352839e-08 -9.41703559e-09 -3.47689692e-05 1.89543859e-09
1.665613         6.44233233e-07 -1.54180442e-03 2.68162248e-08 6.54075388e-07 -1.50669570e-03 2.48551160e-08 -9.84215490e-09 -3.51087210e-05 1.96110883e-09
1.666455         3.17760965e-06 -1.27587575e-03 -1.15146633e-07 3.18669131e-06 -1.24066636e-03 -1.17125966e-07 -9.08165581e-09 -3.52093885e-05 1.97933281e-09
1.667298         -3.17649102e-06 -1.24443168e-03 2.07101803e-07 -3.16469609e-06 -1.20916582e-03 2.04960020e-07 -1.17949242e-08 -3.52658632e-05 2.14178243e-09
1.66814          6.30585566e-07 -1.40060248e-03 1.03817039e-08 6.42723706e-07 -1.36497490e-03 8.17409960e-09 -1.21381398e-08 -3.56275799e-05 2.20760433e-09
1.668983         -5.46909831e-07 -1.42209955e-03 1.41175849e-07 -5.34269387e-07 -1.38627685e-03 1.38864425e-07 -1.26404438e-08 -3.58226975e-05 2.31142414e-09
1.669826         2.49633025e-06 -1.43819502e-03 -1.22713353e-07 2.50827323e-06 -1.40222119e-03 -1.25022866e-07 -1.19429824e-08 -3.59738271e-05 2.30951256e-09
1.670668         2.01791058e-06 -1.46097204e-03 -5.05465090e-08 2.02938648e-06 -1.42462829e-03 -5.28902329e-08 -1.14758987e-08 -3.63437501e-05 2.34372390e-09
1.671488         -6.49702724e-07 -9.44326128e-04 6.23399754e-08 -6.37083779e-07 -9.08224506e-04 5.99332386e-08 -1.26189449e-08 -3.61016223e-05 2.40673680e-09
1.672331         1.50940184e-06 -1.74340961e-03 7.84967335e-08 1.52186749e-06 -1.70695422e-03 7.60366429e-08 -1.24656483e-08 -3.64553830e-05 2.46009066e-09
1.67315          9.09818211e-07 -1.60624620e-03 -8.22483140e-08 9.22152144e-07 -1.56941631e-03 -8.46955543e-08 -1.23339324e-08 -3.68298876e-05 2.44724031e-09
1.673969         1.42148007e-06 -1.27403467e-03 -6.43023301e-08 1.43349566e-06 -1.23712269e-03 -6.67331001e-08 -1.20155879e-08 -3.69119836e-05 2.43076997e-09
1.674788         5.71554465e-06 -1.17771465e-03 -3.99866734e-07 5.72538521e-06 -1.14086857e-03 -4.02138851e-07 -9.84056034e-09 -3.68460823e-05 2.27211685e-09
1.675608         -4.63810147e-06 -1.65054046e-03 4.52911092e-07 -4.62572693e-06 -1.61333361e-03 4.50471656e-07 -1.23745403e-08 -3.72068437e-05 2.43943614e-09
1.676427         -2.59748612e-07 -1.39164473e-03 1.44139597e-07 -2.46926763e-07 -1.35435666e-03 1.41679107e-07 -1.28218482e-08 -3.72880674e-05 2.46048973e-09
1.677246         -9.77633716e-07 -1.49349949e-03 6.99017647e-08 -9.64160739e-07 -1.45589438e-03 6.74716539e-08 -1.34729775e-08 -3.76051131e-05 2.43011083e-09
1.678065         1.22171711e-07 -1.55508379e-03 5.46482441e-08 1.35723033e-07 -1.51727806e-03 5.22664409e-08 -1.35513219e-08 -3.78057261e-05 2.38180323e-09
1.678884         -1.01105971e-06 -1.57014034e-03 1.17696505e-07 -9.97128215e-07 -1.53226544e-03 1.15369503e-07 -1.39314964e-08 -3.78749023e-05 2.32700149e-09
1.679703         -8.57579361e-07 -1.35814174e-03 1.28618371e-07 -8.43611034e-07 -1.32021525e-03 1.26370076e-07 -1.39683265e-08 -3.79264925e-05 2.24829540e-09
1.680522         1.95818156e-07 -1.27479895e-03 1.15991007e-07 2.09711380e-07 -1.23672545e-03 1.13775964e-07 -1.38932243e-08 -3.80734923e-05 2.21504295e-09
1.681341         5.52632797e-07 -1.33709611e-03 1.02943107e-07 5.65988850e-07 -1.29896673e-03 1.00796102e-07 -1.33560531e-08 -3.81293845e-05 2.14700474e-09
1.68216          1.42703935e-07 -1.73585613e-03 9.69399017e-08 1.55572893e-07 -1.69747734e-03 9.48891965e-08 -1.28689571e-08 -3.83787912e-05 2.05070519e-09
1.682945         2.19278549e-06 -1.78856706e-03 -6.05456596e-08 2.20416253e-06 -1.74993123e-03 -6.24360837e-08 -1.13770357e-08 -3.86358293e-05 1.89042406e-09
1.68373          -5.30296694e-06 -1.26369802e-03 6.64223409e-07 -5.28994117e-06 -1.22502293e-03 6.62232645e-07 -1.30257667e-08 -3.86750893e-05 1.99076342e-09
1.684515         6.12305076e-07 -1.51910863e-03 6.64073658e-08 6.24248938e-07 -1.48030879e-03 6.45557861e-08 -1.19438619e-08 -3.87998443e-05 1.85157972e-09
1.6853           1.88295256e-06 -1.55110701e-03 1.14712726e-08 1.89321594e-06 -1.51229811e-03 9.77055904e-09 -1.02633736e-08 -3.88089043e-05 1.70071358e-09
1.686085         1.55748534e-06 -1.66116075e-03 -6.30130335e-08 1.56627274e-06 -1.62214242e-03 -6.45374995e-08 -8.78739324e-09 -3.90183304e-05 1.52446596e-09
1.68687          9.43545834e-07 -1.63912089e-03 2.25332128e-08 9.51054919e-07 -1.59978739e-03 2.11614708e-08 -7.50908439e-09 -3.93335062e-05 1.37174202e-09
1.687655         3.89198547e-07 -1.08814621e-03 2.60577968e-08 3.95654930e-07 -1.04910137e-03 2.48362405e-08 -6.45638303e-09 -3.90448448e-05 1.22155633e-09
1.68844          1.92633799e-07 -1.81104794e-03 5.65260706e-08 1.97985068e-07 -1.77163702e-03 5.54540369e-08 -5.35126901e-09 -3.94109235e-05 1.07203372e-09
1.689225         -3.71837062e-07 -1.59977107e-03 8.19502473e-08 -3.67296185e-07 -1.56022805e-03 8.10017502e-08 -4.54087656e-09 -3.95430229e-05 9.48497114e-10
1.69001          -1.37076758e-07 -1.57541824e-03 6.66147578e-08 -1.33572885e-07 -1.53576718e-03 6.58289433e-08 -3.50387303e-09 -3.96510656e-05 7.85814526e-10
1.690795         -2.32070064e-07 -1.88233462e-03 9.07523794e-08 -2.29428608e-07 -1.84232874e-03 9.01034343e-08 -2.64145648e-09 -4.00058755e-05 6.48945146e-10
1.69158          1.49914763e-06 -9.41670711e-04 -1.59032995e-07 1.50036270e-06 -9.01919252e-04 -1.59460770e-07 -1.21506431e-09 -3.97514587e-05 4.27775343e-10
1.692365         -2.48524204e-06 -1.89095344e-03 1.95550556e-07 -2.48381033e-06 -1.85091771e-03 1.95236087e-07 -1.43170764e-09 -4.00357351e-05 3.14468640e-10
1.69315          -1.01022712e-06 -1.64837364e-03 2.32861707e-07 -1.00931728e-06 -1.60826334e-03 2.32653114e-07 -9.09841770e-10 -4.01103000e-05 2.08592398e-10
1.693935         3.32204838e-06 -1.26772124e-03 -2.83313036e-07 3.32073448e-06 -1.22778610e-03 -2.83225323e-07 1.31389449e-09 -3.99351448e-05 -8.77129668e-11
1.69472          -2.78041784e-06 -1.97088834e-03 4.62328276e-07 -2.78130754e-06 -1.93052845e-03 4.62406046e-07 8.89700074e-10 -4.03598939e-05 -7.77696548e-11
1.695418         6.58957061e-07 -1.64643745e-03 6.03355957e-08 6.57163965e-07 -1.60604419e-03 6.05474995e-08 1.79309610e-09 -4.03932644e-05 -2.11903801e-10
1.696116         -8.90018609e-07 -1.55237567e-03 1.89576434e-07 -8.92048752e-07 -1.51192515e-03 1.89883333e-07 2.03014231e-09 -4.04505199e-05 -3.06898775e-10
1.696813         -3.81796743e-06 -1.50187451e-03 4.90122763e-07 -3.81938536e-06 -1.46129848e-03 4.90441683e-07 1.41792694e-09 -4.05760289e-05 -3.18919538e-10
1.697511         -7.43394693e-07 -1.72393350e-03 1.03259977e-07 -7.45554737e-07 -1.68336400e-03 1.03740579e-07 2.16004437e-09 -4.05694923e-05 -4.80601862e-10
1.698209         -1.19199375e-06 -1.66741710e-03 2.90965198e-07 -1.19478602e-06 -1.62680410e-03 2.91549342e-07 2.79226539e-09 -4.06130003e-05 -5.84144063e-10
1.698907         -2.98570790e-06 -1.69511670e-03 3.09752058e-07 -2.98821909e-06 -1.65439932e-03 3.10397792e-07 2.51118803e-09 -4.07173841e-05 -6.45733907e-10
1.699604         -2.00509719e-06 -2.00000937e-03 2.48184771e-07 -2.00770403e-06 -1.95900412e-03 2.48897415e-07 2.60683585e-09 -4.10052502e-05 -7.12644059e-10
1.700302         9.56560317e-07 -1.45768429e-03 -1.11330765e-07 9.52686784e-07 -1.41670742e-03 -1.10408642e-07 3.87353299e-09 -4.09768765e-05 -9.22122826e-10
1.701            1.21204355e-06 -1.30505320e-03 -8.98705933e-08 1.20664635e-06 -1.26414898e-03 -8.87349833e-08 5.39720211e-09 -4.09042182e-05 -1.13561004e-09
1.701698         -2.81204150e-07 -2.19362452e-03 1.56648290e-07 -2.87506899e-07 -2.15243020e-03 1.57907599e-07 6.30274918e-09 -4.11943143e-05 -1.25930896e-09
1.702397         -1.00258452e-06 -1.55186664e-03 1.02880957e-07 -1.00946241e-06 -1.51077352e-03 1.04262259e-07 6.87788688e-09 -4.10931261e-05 -1.38130201e-09
1.703083         -3.24251020e-06 -1.47024770e-03 5.06733676e-07 -3.24907297e-06 -1.42920422e-03 5.08088137e-07 6.56276462e-09 -4.10434800e-05 -1.35446100e-09
1.703769         -3.35360151e-06 -2.06199597e-03 6.75501191e-07 -3.35999805e-06 -2.02063304e-03 6.76782020e-07 6.39654258e-09 -4.13629279e-05 -1.28082934e-09
1.704455         -2.47798138e-06 -1.50069742e-03 4.16511593e-07 -2.48445354e-06 -1.45946753e-03 4.17803158e-07 6.47215551e-09 -4.12298913e-05 -1.29156506e-09
1.705141         -2.39786423e-06 -1.59901410e-03 3.69226114e-07 -2.40446849e-06 -1.55777819e-03 3.70547771e-07 6.60425658e-09 -4.12359162e-05 -1.32165778e-09
1.705814         -2.23105082e-06 -1.87831663e-03 3.52449317e-07 -2.23790823e-06 -1.83674787e-03 3.53811143e-07 6.85740454e-09 -4.15687626e-05 -1.36182597e-09
1.706487         -2.22384383e-06 -1.96715818e-03 3.65066578e-07 -2.23093958e-06 -1.92550821e-03 3.66465400e-07 7.09574870e-09 -4.16499679e-05 -1.39882263e-09
1.707148         -2.08713583e-06 -1.78769098e-03 3.54326176e-07 -2.09447011e-06 -1.74607325e-03 3.55762582e-07 7.33428166e-09 -4.16177219e-05 -1.43640656e-09
1.707809         -1.93304795e-06 -1.26581063e-03 3.27556021e-07 -1.94073024e-06 -1.22445433e-03 3.29058610e-07 7.68228576e-09 -4.13562965e-05 -1.50258891e-09
1.708469         -1.83224099e-07 -2.04346149e-03 7.14312583e-08 -1.91864424e-07 -2.00182706e-03 7.30704682e-08 8.64032496e-09 -4.16344334e-05 -1.63920991e-09
1.70913          -4.93194981e-06 -2.05835371e-03 4.82656231e-07 -4.93973193e-06 -2.01648412e-03 4.84312657e-07 7.78212171e-09 -4.18695941e-05 -1.65642581e-09
1.709777         -1.93403851e-06 -1.75781299e-03 3.95384208e-07 -1.94229077e-06 -1.71594467e-03 3.97116497e-07 8.25225501e-09 -4.18683159e-05 -1.73228943e-09
1.710425         -5.62959459e-07 -1.58604378e-03 1.17944711e-07 -5.72089288e-07 -1.54426942e-03 1.19832608e-07 9.12982949e-09 -4.17743614e-05 -1.88789697e-09
1.711072         6.21965695e-06 -1.57634829e-03 -8.56029255e-07 6.20724488e-06 -1.53464448e-03 -8.53666186e-07 1.24120696e-08 -4.17038020e-05 -2.36306848e-09
1.711719         6.46892507e-07 -2.30336396e-03 2.60984822e-08 6.33222176e-07 -2.26142096e-03 2.86332291e-08 1.36703309e-08 -4.19429988e-05 -2.53474681e-09
1.712353         -4.14666669e-06 -1.92365866e-03 6.25665262e-07 -4.15985209e-06 -1.88158154e-03 6.28166748e-07 1.31853974e-08 -4.20771187e-05 -2.50148612e-09
1.712987         2.88764127e-07 -1.78314566e-03 -6.31986248e-09 2.74436337e-07 -1.74094815e-03 -3.61817637e-09 1.43277899e-08 -4.21975131e-05 -2.70168611e-09
1.71362          -2.34470803e-06 -1.40976201e-03 2.95812571e-07 -2.35916148e-06 -1.36778519e-03 2.98603332e-07 1.44534523e-08 -4.19768161e-05 -2.79076119e-09
1.714254         -2.70206824e-06 -1.81023672e-03 3.94465877e-07 -2.71651914e-06 -1.76823811e-03 3.97315515e-07 1.44509002e-08 -4.19986119e-05 -2.84963723e-09
1.714888         -1.54543537e-06 -2.55246905e-03 3.17940338e-07 -1.56037823e-06 -2.51011528e-03 3.20895917e-07 1.49428552e-08 -4.23537670e-05 -2.95557923e-09
1.715506         -2.61848113e-06 -1.40960099e-03 4.75739953e-07 -2.63341512e-06 -1.36739617e-03 4.78727945e-07 1.49339958e-08 -4.22048274e-05 -2.98799187e-09
1.716125         -4.95411977e-06 -1.47636241e-03 7.90629147e-07 -4.96817687e-06 -1.43424120e-03 7.93534207e-07 1.40571035e-08 -4.21212118e-05 -2.90505955e-09
1.716744         -2.62248246e-06 -2.59393621e-03 4.74154162e-07 -2.63648510e-06 -2.55144969e-03 4.77088035e-07 1.40026389e-08 -4.24865198e-05 -2.93387294e-09
1.717363         -1.65476231e-06 -1.85522687e-03 3.03756610e-07 -1.66897913e-06 -1.81273292e-03 3.06765463e-07 1.42168213e-08 -4.24939482e-05 -3.00885334e-09
1.717982         -3.85942975e-07 -1.29942002e-03 1.29601746e-07 -4.00715871e-07 -1.25709881e-03 1.32726279e-07 1.47728960e-08 -4.23212026e-05 -3.12453257e-09
1.718601         -4.99301778e-07 -1.99576286e-03 1.17959048e-07 -5.14546348e-07 -1.95336839e-03 1.21192969e-07 1.52445700e-08 -4.23944612e-05 -3.23392075e-09
1.71922          1.63720818e-06 -2.07250882e-03 -6.37596573e-08 1.62067570e-06 -2.03004135e-03 -6.03472536e-08 1.65324853e-08 -4.24674729e-05 -3.41240370e-09
1.719839         -9.44829663e-07 -1.83330025e-03 2.89131041e-07 -9.61643151e-07 -1.79081638e-03 2.92602690e-07 1.68134878e-08 -4.24838698e-05 -3.47164939e-09
1.72044          9.03379293e-08 -1.96135497e-03 7.39099531e-08 7.29747261e-08 -1.91878285e-03 7.74980823e-08 1.73632031e-08 -4.25721192e-05 -3.58812920e-09
1.721042         4.32307610e-09 -2.01801458e-03 5.08275089e-08 -1.34719489e-08 -1.97533820e-03 5.45309916e-08 1.77950250e-08 -4.26763766e-05 -3.70348269e-09
1.721644         8.99439903e-07 -1.86916845e-03 -1.33456672e-07 8.80969680e-07 -1.82646536e-03 -1.29586234e-07 1.84702230e-08 -4.27030843e-05 -3.87043711e-09
1.722246         1.92861775e-07 -1.95153870e-03 3.64963319e-08 1.73984062e-07 -1.90879331e-03 4.04825055e-08 1.88777135e-08 -4.27453885e-05 -3.98617364e-09
1.722847         1.23140218e-06 -2.26059829e-03 -2.34907715e-07 1.21175228e-06 -2.21777113e-03 -2.30724182e-07 1.96499006e-08 -4.28271590e-05 -4.18353271e-09
1.723449         8.60886113e-07 -1.96398671e-03 -1.38843999e-07 8.40599481e-07 -1.92109027e-03 -1.34494331e-07 2.02866328e-08 -4.28964333e-05 -4.34966802e-09
1.724051         -4.20617661e-06 -1.83392713e-03 5.01685568e-07 -4.22518743e-06 -1.79092102e-03 5.05979267e-07 1.90108221e-08 -4.30061188e-05 -4.29369850e-09
1.724652         1.22928902e-06 -1.77062483e-03 -9.88907730e-08 1.20947126e-06 -1.72775073e-03 -9.44378331e-08 1.98177621e-08 -4.28741023e-05 -4.45293991e-09
1.725254         -4.85595889e-06 -1.86806305e-03 9.99788143e-07 -4.87445173e-06 -1.82526113e-03 1.00404643e-06 1.84928393e-08 -4.28019168e-05 -4.25829106e-09
1.725856         -6.05757650e-08 -1.95514278e-03 1.59382966e-07 -7.93867337e-08 -1.91229443e-03 1.63726279e-07 1.88109687e-08 -4.28483551e-05 -4.34331285e-09
1.726457         5.36198200e-07 -2.14425302e-03 -1.46747398e-08 5.16912320e-07 -2.10120940e-03 -1.01973292e-08 1.92858799e-08 -4.30436193e-05 -4.47741054e-09
1.727036         -2.91030648e-07 -2.55239233e-03 2.04407363e-07 -3.10528693e-07 -2.50898914e-03 2.08956559e-07 1.94980450e-08 -4.34031850e-05 -4.54919657e-09
1.727615         4.11233787e-07 -1.81874165e-03 1.13285293e-07 3.91320968e-07 -1.77546955e-03 1.17933637e-07 1.99128185e-08 -4.32720979e-05 -4.64834417e-09
1.728193         1.90582830e-06 -1.61827731e-03 -3.32075555e-07 1.88509875e-06 -1.57514463e-03 -3.27208245e-07 2.07295416e-08 -4.31326844e-05 -4.86731000e-09
1.728772         1.82660429e-06 -2.18534311e-03 -2.39371502e-07 1.80508337e-06 -2.14201756e-03 -2.34311724e-07 2.15209203e-08 -4.33255505e-05 -5.05977805e-09
1.72935          -7.13038395e-09 -2.04925401e-03 2.82245553e-07 -2.88776295e-08 -2.00588608e-03 2.87344030e-07 2.17472456e-08 -4.33679351e-05 -5.09847681e-09
1.729929         7.45457800e-07 -1.64594927e-03 1.87491352e-08 7.23381092e-07 -1.60287047e-03 2.39524970e-08 2.20767079e-08 -4.30787979e-05 -5.20336178e-09
1.730507         9.89311145e-07 -2.19468576e-03 -4.28328763e-08 9.66903257e-07 -2.15144828e-03 -3.75177592e-08 2.24078880e-08 -4.32374792e-05 -5.31511712e-09
1.731086         1.27607383e-06 -2.63608555e-03 -2.37527283e-07 1.25330335e-06 -2.59244805e-03 -2.32061572e-07 2.27704742e-08 -4.36374959e-05 -5.46571101e-09
1.731664         1.22246905e-05 -1.75348836e-03 -2.42250797e-06 1.21980692e-05 -1.70998488e-03 -2.41621101e-06 2.66213052e-08 -4.35034819e-05 -6.29695390e-09
1.732243         -5.25626645e-06 -1.74053339e-03 1.46117715e-06 -5.28115380e-06 -1.69715020e-03 1.46711168e-06 2.48873530e-08 -4.33831861e-05 -5.93453210e-09
1.732822         1.85131108e-07 -2.26659586e-03 1.92982305e-07 1.60210258e-07 -2.22303352e-03 1.98963970e-07 2.49208493e-08 -4.35623423e-05 -5.98166511e-09
1.7334           2.39128602e-06 -2.04252073e-03 -1.53843814e-07 2.36553294e-06 -1.99886316e-03 -1.47699399e-07 2.57530880e-08 -4.36575695e-05 -6.14441529e-09
1.733979         9.93566498e-07 -2.00453029e-03 5.78360297e-09 9.67574918e-07 -1.96081104e-03 1.20212603e-08 2.59915800e-08 -4.37192498e-05 -6.23765732e-09
1.734557         6.42797223e-07 -1.92915730e-03 1.87400502e-08 6.16735658e-07 -1.88548513e-03 2.50531321e-08 2.60615655e-08 -4.36721691e-05 -6.31308194e-09
1.735136         1.30726000e-06 -1.87940728e-03 -9.01067966e-08 1.28093531e-06 -1.83588042e-03 -8.36923048e-08 2.63246924e-08 -4.35268609e-05 -6.41449182e-09
1.735714         1.14228113e-06 -2.32304899e-03 -6.24259901e-08 1.11573730e-06 -2.27928901e-03 -5.59173685e-08 2.65438287e-08 -4.37599859e-05 -6.50862167e-09
1.736293         2.00292443e-06 -2.40810896e-03 -2.12162497e-07 1.97579451e-06 -2.36411278e-03 -2.05489030e-07 2.71299140e-08 -4.39961817e-05 -6.67346625e-09
1.736872         1.03565819e-06 -1.83661344e-03 -5.38381828e-08 1.00825362e-06 -1.79272256e-03 -4.70484456e-08 2.74045650e-08 -4.38908792e-05 -6.78973720e-09
1.73745          1.78874888e-06 -1.96415481e-03 -2.75788999e-07 1.76082721e-06 -1.92026056e-03 -2.68812935e-07 2.79216723e-08 -4.38942475e-05 -6.97606376e-09
1.738029         4.96229160e-06 -2.20723163e-03 -9.95460570e-07 4.93283136e-06 -2.16321583e-03 -9.88070821e-07 2.94602361e-08 -4.40158025e-05 -7.38974953e-09
1.738607         6.50438980e-06 -2.04366994e-03 -1.26551306e-06 6.47290494e-06 -1.99968212e-03 -1.25761975e-06 3.14848575e-08 -4.39878184e-05 -7.89330940e-09
1.739186         2.26220652e-06 -1.89607248e-03 -5.60316375e-07 2.23016926e-06 -1.85220790e-03 -5.52172660e-07 3.20372664e-08 -4.38645810e-05 -8.14371476e-09
1.739764         -8.28790562e-08 -2.01463446e-03 2.59891259e-07 -1.14757967e-07 -1.97071574e-03 2.68056459e-07 3.18789104e-08 -4.39187177e-05 -8.16520000e-09
1.740343         1.53129523e-06 -2.12042815e-03 -1.90910307e-07 1.49907038e-06 -2.07642381e-03 -1.82586391e-07 3.22248472e-08 -4.40043348e-05 -8.32391562e-09
1.740921         1.06676205e-06 -2.22382439e-03 -2.98353658e-08 1.03434519e-06 -2.17966494e-03 -2.13963030e-08 3.24168568e-08 -4.41594437e-05 -8.43906283e-09
1.7415           1.21707491e-06 -2.23777252e-03 -5.19254581e-08 1.18442732e-06 -2.19351457e-03 -4.33640250e-08 3.26475969e-08 -4.42579497e-05 -8.56143301e-09
1.742055         3.01577826e-06 -2.21489277e-03 -8.01088684e-07 2.98244752e-06 -2.17067271e-03 -7.92232769e-07 3.33307369e-08 -4.42200608e-05 -8.85591469e-09
1.74261          7.77148244e-07 -2.33542274e-03 8.20536397e-08 7.43749493e-07 -2.29110759e-03 9.09869193e-08 3.33987508e-08 -4.43151572e-05 -8.93327965e-09
1.743157         2.36551880e-06 -2.31711960e-03 -3.63559209e-07 2.33155173e-06 -2.27262852e-03 -3.54415671e-07 3.39670702e-08 -4.44910770e-05 -9.14353745e-09
1.743704         1.08313271e-06 -1.83412406e-03 -1.13849171e-07 1.04904122e-06 -1.78971715e-03 -1.04580708e-07 3.40914888e-08 -4.44069105e-05 -9.26846232e-09
1.744251         3.91385014e-06 -1.76971269e-03 -7.36064337e-07 3.87876443e-06 -1.72543391e-03 -7.26483741e-07 3.50857149e-08 -4.42787839e-05 -9.58059659e-09
1.744798         1.25522187e-06 -2.36143288e-03 -1.75419234e-07 1.22002301e-06 -2.31704215e-03 -1.65702352e-07 3.51988576e-08 -4.43907326e-05 -9.71688213e-09
1.745345         6.61484713e-06 -2.37076872e-03 -1.43898047e-06 6.57789237e-06 -2.32627746e-03 -1.42875490e-06 3.69547686e-08 -4.44912593e-05 -1.02255647e-08
1.745892         -2.67495137e-06 -1.73707725e-03 9.11072973e-07 -2.71075074e-06 -1.69273124e-03 9.21079644e-07 3.57993636e-08 -4.43460129e-05 -1.00066716e-08
1.746439         1.08740460e-06 -1.86934440e-03 -5.35103015e-08 1.05149676e-06 -1.82506022e-03 -4.33890613e-08 3.59078341e-08 -4.42841823e-05 -1.01212402e-08
1.746986         3.57582584e-06 -2.42767971e-03 -7.67963131e-07 3.53894402e-06 -2.38317621e-03 -7.57473248e-07 3.68818169e-08 -4.45035018e-05 -1.04898837e-08
1.747533         3.47980293e-06 -2.28214761e-03 -4.13774592e-07 3.44199502e-06 -2.23753750e-03 -4.03030168e-07 3.78079173e-08 -4.46101147e-05 -1.07444237e-08
1.74808          7.17862693e-06 -2.17648735e-03 -1.95631020e-06 7.13904631e-06 -2.13190522e-03 -1.94494061e-06 3.95806240e-08 -4.45821315e-05 -1.13695891e-08
1.748628         -1.30285015e-06 -2.12418487e-03 5.51389712e-07 -1.34161428e-06 -2.07960519e-03 5.62653922e-07 3.87641333e-08 -4.45796762e-05 -1.12642101e-08
1.749166         1.54683084e-06 -1.91203657e-03 -2.25274586e-07 1.50796756e-06 -1.86752192e-03 -2.13851617e-07 3.88632727e-08 -4.45146528e-05 -1.14229697e-08
1.749704         -4.83973907e-07 -2.33161499e-03 6.04107110e-07 -5.22431851e-07 -2.28694227e-03 6.15508526e-07 3.84579436e-08 -4.46727195e-05 -1.14014165e-08
1.750242         1.79462663e-06 -2.64168790e-03 -1.80365644e-07 1.75585922e-06 -2.59668396e-03 -1.68769156e-07 3.87674096e-08 -4.50039350e-05 -1.15964877e-08
1.750781         1.41532740e-06 -1.91920633e-03 -5.74091460e-08 1.37653349e-06 -1.87437342e-03 -4.57215339e-08 3.87939107e-08 -4.48329119e-05 -1.16876121e-08
1.751319         -3.55046976e-06 -1.63634617e-03 1.31232067e-06 -3.58775634e-06 -1.59184066e-03 1.32370424e-06 3.72865732e-08 -4.45055091e-05 -1.13835703e-08
1.751857         -1.22060759e-06 -2.49110726e-03 8.22370177e-07 -1.25728015e-06 -2.44635489e-03 8.33684244e-07 3.66725551e-08 -4.47523649e-05 -1.13140669e-08
1.752395         1.37380636e-06 -2.58158161e-03 1.15427274e-08 1.33693741e-06 -2.53655055e-03 2.30020246e-08 3.68689533e-08 -4.50310544e-05 -1.14592972e-08
1.752934         1.03534596e-05 -2.09869323e-03 -2.79860965e-06 1.03139104e-05 -2.05376295e-03 -2.78628430e-06 3.95492153e-08 -4.49302839e-05 -1.23253487e-08
1.753472         2.19193638e-06 -2.02295358e-03 -2.84469223e-07 2.15216796e-06 -1.97811613e-03 -2.71991683e-07 3.97684142e-08 -4.48374523e-05 -1.24775402e-08
1.75401          3.15071548e-06 -1.77491026e-03 -5.30554713e-07 3.11041360e-06 -1.73019638e-03 -5.17827252e-07 4.03018860e-08 -4.47138825e-05 -1.27274611e-08
1.754548         2.14454380e-06 -1.91961659e-03 -3.09536067e-07 2.10397475e-06 -1.87492353e-03 -2.96599755e-07 4.05690467e-08 -4.46930590e-05 -1.29363116e-08
1.755087         1.60916128e-06 -2.94028102e-03 -1.62384219e-07 1.56834170e-06 -2.89512304e-03 -1.49243013e-07 4.08195838e-08 -4.51579808e-05 -1.31412052e-08
1.755614         6.60594520e-06 -2.43522774e-03 -1.65962655e-06 6.56354297e-06 -2.38995671e-03 -1.64593960e-06 4.24022295e-08 -4.52710302e-05 -1.36869570e-08
1.756142         2.22304474e-06 -1.34311297e-03 -2.72691188e-07 2.18054174e-06 -1.29834400e-03 -2.58909929e-07 4.25030047e-08 -4.47689693e-05 -1.37812597e-08
1.756681         -4.52805641e-06 -2.08700059e-03 1.65022252e-06 -4.56885608e-06 -2.04227771e-03 1.66363086e-06 4.07996733e-08 -4.47228820e-05 -1.34083444e-08
1.75722          1.27627304e-06 -3.14851006e-03 -3.01552167e-08 1.23529794e-06 -3.10335765e-03 -1.65945411e-08 4.09751000e-08 -4.51524071e-05 -1.35606756e-08
1.757747         2.40272126e-06 -2.32640820e-03 -4.19717686e-07 2.36144012e-06 -2.28119385e-03 -4.05981085e-07 4.12811422e-08 -4.52143535e-05 -1.37366010e-08
1.758274         4.97949242e-06 -1.45086590e-03 -1.20093237e-06 4.93706995e-06 -1.40577540e-03 -1.18676487e-06 4.24224705e-08 -4.50904934e-05 -1.41675003e-08
1.758801         1.03059415e-06 -2.22345325e-03 -2.89920079e-09 9.88062254e-07 -2.17833957e-03 1.14025337e-08 4.25318999e-08 -4.51136810e-05 -1.43017345e-08
1.759329         1.76737669e-06 -2.76765857e-03 -2.66846852e-07 1.72460568e-06 -2.72245602e-03 -2.52383454e-07 4.27710026e-08 -4.52025469e-05 -1.44633985e-08
1.759856         1.63930644e-06 -2.12174264e-03 -1.40466069e-07 1.59641866e-06 -2.07660169e-03 -1.25907357e-07 4.28877803e-08 -4.51409452e-05 -1.45587124e-08
1.760383         2.12410546e-06 -1.84372785e-03 -3.16748338e-07 2.08090494e-06 -1.79871441e-03 -3.02024918e-07 4.32005139e-08 -4.50134343e-05 -1.47234207e-08
1.76091          2.73242700e-06 -2.32860443e-03 -5.32292439e-07 2.68866864e-06 -2.28345979e-03 -5.17305065e-07 4.37583558e-08 -4.51446375e-05 -1.49873744e-08
1.761438         1.09368031e-06 -2.48792123e-03 1.49896371e-08 1.04979445e-06 -2.44257229e-03 3.00990647e-08 4.38858609e-08 -4.53489437e-05 -1.51094276e-08
1.761965         2.27048159e-06 -2.04488830e-03 -3.12560933e-07 2.22626554e-06 -1.99967024e-03 -2.97295367e-07 4.42160511e-08 -4.52180532e-05 -1.52655657e-08
1.762492         1.08198116e-05 -1.85436982e-03 -3.90939860e-06 1.07728926e-05 -1.80933972e-03 -3.89304985e-06 4.69189989e-08 -4.50301056e-05 -1.63487559e-08
1.763019         6.12022453e-07 -2.38486187e-03 8.75947621e-07 5.65068365e-07 -2.33965662e-03 8.92224539e-07 4.69540874e-08 -4.52052544e-05 -1.62769179e-08
1.763546         2.86611240e-06 -2.48398753e-03 -5.50357614e-07 2.81864025e-06 -2.43860459e-03 -5.33839638e-07 4.74721460e-08 -4.53829433e-05 -1.65179758e-08
1.764074         2.90044944e-06 -1.98983119e-03 -4.01618638e-07 2.85250625e-06 -1.94461955e-03 -3.84927972e-07 4.79431861e-08 -4.52116437e-05 -1.66906659e-08
1.764601         9.07640342e-06 -2.04967292e-03 -2.84119725e-06 9.02628170e-06 -2.00458326e-03 -2.82369004e-06 5.01217247e-08 -4.50896580e-05 -1.75072184e-08
1.765128         -6.18677411e-06 -2.44043827e-03 2.68215148e-06 -6.23472458e-06 -2.39523599e-03 2.69897797e-06 4.79504667e-08 -4.52022743e-05 -1.68264878e-08
1.765655         -6.56812988e-06 -2.52028663e-03 2.56611179e-06 -6.61374942e-06 -2.47499089e-03 2.58226412e-06 4.56195368e-08 -4.52957330e-05 -1.61523336e-08
1.766183         2.04335614e-07 -2.26575668e-03 7.62065261e-08 1.59101237e-07 -2.22039465e-03 9.23774880e-08 4.52343774e-08 -4.53620264e-05 -1.61709619e-08
1.76671          6.19933313e-06 -2.14722872e-03 -1.42862929e-06 6.15247544e-06 -2.10182917e-03 -1.41194116e-06 4.68576962e-08 -4.53995596e-05 -1.66881358e-08
1.767237         2.49065661e-06 -2.04712821e-03 -5.34493010e-07 2.44340230e-06 -2.00175287e-03 -5.17582192e-07 4.72543101e-08 -4.53753318e-05 -1.69108181e-08
1.767764         -3.29477061e-06 -2.22292801e-03 7.87579850e-07 -3.34048777e-06 -2.17754437e-03 8.04268682e-07 4.57171521e-08 -4.53836438e-05 -1.66888321e-08
1.768292         8.58202533e-06 -2.43913179e-03 -2.24968081e-06 8.53392326e-06 -2.39370716e-03 -2.23223722e-06 4.81020702e-08 -4.54246271e-05 -1.74435874e-08
1.768819         -1.87102279e-06 -2.18883574e-03 9.44716137e-07 -1.91813824e-06 -2.14344047e-03 9.61911732e-07 4.71154529e-08 -4.53952669e-05 -1.71955952e-08
1.769346         3.62992832e-06 -2.22733314e-03 -8.78794644e-07 3.58215643e-06 -2.18198341e-03 -8.61319034e-07 4.77718911e-08 -4.53497239e-05 -1.74756099e-08
1.769873         3.84029944e-06 -2.07328476e-03 -9.81424701e-07 3.79184865e-06 -2.02802581e-03 -9.63649168e-07 4.84507857e-08 -4.52589552e-05 -1.77755323e-08
1.770401         3.17720271e-06 -1.81950243e-03 -7.96487111e-07 3.12830510e-06 -1.77448661e-03 -7.78487981e-07 4.88976148e-08 -4.50158284e-05 -1.79991295e-08
1.770928         1.54394957e-08 -2.46300317e-03 4.63055783e-07 -3.30983432e-08 -2.41783612e-03 4.80985576e-07 4.85378389e-08 -4.51670468e-05 -1.79297937e-08
1.771455         1.25137144e-05 -3.08749206e-03 -4.17369079e-06 1.24618505e-05 -3.04184995e-03 -4.15450246e-06 5.18639767e-08 -4.56421103e-05 -1.91883287e-08
1.771982         1.75498575e-06 -2.03188768e-03 -1.54245207e-07 1.70317846e-06 -1.98634878e-03 -1.35039755e-07 5.18072818e-08 -4.55389025e-05 -1.92054517e-08
1.77251          -1.66226886e-06 -1.22065692e-03 5.56465012e-07 -1.71290995e-06 -1.17548248e-03 5.75452019e-07 5.06410885e-08 -4.51744428e-05 -1.89870068e-08
1.773037         1.05630710e-05 -2.35363212e-03 -3.55986493e-06 1.05096169e-05 -2.30844633e-03 -3.53979872e-06 5.34541051e-08 -4.51857941e-05 -2.00662024e-08
1.773564         -2.41008691e-06 -2.66185125e-03 1.43801517e-06 -2.46239093e-06 -2.61660981e-03 1.45769383e-06 5.23040208e-08 -4.52414386e-05 -1.96786584e-08
1.774091         2.08564639e-06 -2.34536151e-03 -5.73585430e-07 2.03327973e-06 -2.30005354e-03 -5.53779096e-07 5.23666634e-08 -4.53079681e-05 -1.98063341e-08
1.774619         -7.28706655e-06 -2.33976227e-03 3.11535123e-06 -7.33674728e-06 -2.29435976e-03 3.13425872e-06 4.96807269e-08 -4.54025115e-05 -1.89074897e-08
1.775146         2.83265474e-07 -2.08845187e-03 2.93101295e-07 2.33924817e-07 -2.04306164e-03 3.11962687e-07 4.93406573e-08 -4.53902335e-05 -1.88613916e-08
1.775673         1.83455904e-07 -1.99975205e-03 3.80838840e-07 1.34404612e-07 -1.95437841e-03 3.99670974e-07 4.90512924e-08 -4.53736391e-05 -1.88321338e-08
1.7762           -7.34701082e-07 -2.44877721e-03 7.04263097e-07 -7.83157926e-07 -2.40343932e-03 7.22953913e-07 4.84568443e-08 -4.53378974e-05 -1.86908169e-08
1.776728         -3.10282258e-07 -2.46008273e-03 5.42742441e-07 -3.58216689e-07 -2.41479014e-03 5.61300805e-07 4.79344309e-08 -4.52925917e-05 -1.85583638e-08
1.777255         5.91284624e-06 -2.10239163e-03 -1.82623944e-06 5.86356835e-06 -2.05711021e-03 -1.80711796e-06 4.92778931e-08 -4.52814228e-05 -1.91214780e-08
1.777782         1.90046519e-06 -2.03821564e-03 -2.83962450e-07 1.85099793e-06 -1.99294117e-03 -2.64699689e-07 4.94672543e-08 -4.52744758e-05 -1.92627611e-08
1.778309         4.83151760e-06 -2.37081716e-03 -1.27676271e-06 4.78087981e-06 -2.32542233e-03 -1.25701773e-06 5.06377918e-08 -4.53948302e-05 -1.97449716e-08
1.778837         -1.11733063e-06 -2.42128748e-03 9.34526278e-07 -1.16729440e-06 -2.37583136e-03 9.54085089e-07 4.99637668e-08 -4.54561221e-05 -1.95588105e-08
1.779364         1.76214460e-06 -2.07666776e-03 -2.47557836e-07 1.71210007e-06 -2.03141697e-03 -2.27901065e-07 5.00445261e-08 -4.52507945e-05 -1.96567710e-08
1.779891         4.50005912e-06 -2.19618163e-03 -1.19816839e-06 4.44909023e-06 -2.15101595e-03 -1.17812019e-06 5.09688934e-08 -4.51656798e-05 -2.00481969e-08
1.780418         2.33414254e-06 -2.34358624e-03 -4.72826136e-07 2.28282129e-06 -2.29828560e-03 -4.52563899e-07 5.13212470e-08 -4.53006434e-05 -2.02622367e-08
1.780946         -7.44062881e-06 -2.31163529e-03 2.98613905e-06 -7.48920026e-06 -2.26629837e-03 3.00555406e-06 4.85714425e-08 -4.53369137e-05 -1.94150053e-08
1.781473         1.50845589e-06 -2.24725330e-03 -1.96395173e-07 1.45976867e-06 -2.20200015e-03 -1.76852903e-07 4.86872171e-08 -4.52531474e-05 -1.95422701e-08
1.782            1.62635754e-06 -2.17348309e-03 -1.86662887e-07 1.57748762e-06 -2.12826389e-03 -1.66976258e-07 4.88699194e-08 -4.52191958e-05 -1.96866298e-08
1.782513         3.19183851e-06 -2.46299001e-03 -8.26696648e-07 3.14235436e-06 -2.41774510e-03 -8.06696246e-07 4.94841525e-08 -4.52449046e-05 -2.00004018e-08
1.783025         5.65454791e-06 -2.25097597e-03 -1.52318782e-06 5.60362112e-06 -2.20573126e-03 -1.50264147e-06 5.09267833e-08 -4.52447127e-05 -2.05463523e-08
1.783538         -4.68543783e-06 -2.17599629e-03 2.43398135e-06 -4.73476551e-06 -2.13071156e-03 2.45396490e-06 4.93276793e-08 -4.52847341e-05 -1.99835569e-08
1.784051         2.01826024e-06 -2.07245554e-03 -3.49636395e-07 1.96860592e-06 -2.02723900e-03 -3.29434405e-07 4.96543183e-08 -4.52165364e-05 -2.02019901e-08
1.784563         -9.34296093e-07 -1.83587836e-03 6.17763368e-07 -9.83316800e-07 -1.79087429e-03 6.37860080e-07 4.90207074e-08 -4.50040742e-05 -2.00967122e-08
1.785076         -6.32755309e-08 -2.30338563e-03 4.91054736e-07 -1.12066751e-07 -2.25836980e-03 5.11147717e-07 4.87912202e-08 -4.50158332e-05 -2.00929816e-08
1.785589         -1.51607314e-06 -2.55286120e-03 1.11011309e-06 -1.56423182e-06 -2.50771184e-03 1.13003439e-06 4.81586744e-08 -4.51493591e-05 -1.99213033e-08
1.786101         3.80255186e-06 -2.38303318e-03 -1.15225509e-06 3.75362610e-06 -2.33786335e-03 -1.13192266e-06 4.89257593e-08 -4.51698284e-05 -2.03324308e-08
1.786614         -5.27503878e-06 -2.37178499e-03 3.06847406e-06 -5.32223562e-06 -2.32661773e-03 3.08809287e-06 4.71968421e-08 -4.51672598e-05 -1.96188072e-08
1.787127         -2.51515509e-07 -2.21096084e-03 6.59027656e-07 -2.98401569e-07 -2.16584073e-03 6.78587066e-07 4.68860599e-08 -4.51201086e-05 -1.95594100e-08
1.787639         1.31119230e-07 -2.19170136e-03 6.05186955e-07 8.44013811e-08 -2.14665182e-03 6.24726018e-07 4.67178485e-08 -4.50495404e-05 -1.95390630e-08
1.788152         -1.21387851e-06 -2.02488776e-03 1.05398174e-06 -1.26008770e-06 -1.97990523e-03 1.07339385e-06 4.62091889e-08 -4.49825340e-05 -1.94121145e-08
1.788665         1.42207098e-05 -1.66512304e-03 -5.37890907e-06 1.41704909e-05 -1.62024192e-03 -5.35778160e-06 5.02188463e-08 -4.48811164e-05 -2.11274751e-08
1.789177         -5.62302324e-06 -2.44324844e-03 3.03158253e-06 -5.67146557e-06 -2.39834925e-03 3.05204821e-06 4.84423224e-08 -4.48991986e-05 -2.04656855e-08
1.78969          4.13971643e-07 -2.69133738e-03 3.35128888e-07 3.65613075e-07 -2.64639287e-03 3.55653277e-07 4.83585676e-08 -4.49445029e-05 -2.05243891e-08
1.790203         1.31655591e-06 -2.09206153e-03 -1.02061252e-07 1.26809283e-06 -2.04717638e-03 -8.13926441e-08 4.84630772e-08 -4.48851557e-05 -2.06686076e-08
1.790715         1.08848217e-06 -1.78871108e-03 1.90682644e-08 1.03993405e-06 -1.74393511e-03 3.98787972e-08 4.85481265e-08 -4.47759706e-05 -2.08105328e-08
1.791228         1.31904769e-06 -2.31260214e-03 -1.27053014e-07 1.27027331e-06 -2.26777342e-03 -1.06019451e-07 4.87743825e-08 -4.48287239e-05 -2.10335630e-08
1.791741         -2.93446870e-07 -2.72387000e-03 7.09842075e-07 -3.41980758e-07 -2.67888462e-03 7.30866900e-07 4.85338879e-08 -4.49853823e-05 -2.10248250e-08
1.792253         8.75558770e-06 -2.11263440e-03 -3.36462915e-06 8.70472157e-06 -2.06775161e-03 -3.34250871e-06 5.08661303e-08 -4.48827832e-05 -2.21204318e-08
1.792766         -4.70760275e-06 -1.95508382e-03 2.24661494e-06 -4.75669106e-06 -1.91039242e-03 2.26817367e-06 4.90883056e-08 -4.46913987e-05 -2.15587356e-08
1.793278         2.02947764e-07 -2.25657972e-03 3.28726739e-07 1.53991457e-07 -2.21184843e-03 3.50367134e-07 4.89563070e-08 -4.47312830e-05 -2.16403950e-08
1.793791         -1.64776683e-06 -2.61411629e-03 1.49572192e-06 -1.69613543e-06 -2.56923633e-03 1.51716882e-06 4.83685936e-08 -4.48799514e-05 -2.14468985e-08
1.794304         9.58476409e-06 -2.09963934e-03 -4.19368507e-06 9.53392467e-06 -2.05487544e-03 -4.17096744e-06 5.08394204e-08 -4.47638987e-05 -2.27176356e-08
1.794816         3.59084785e-06 -1.94610091e-03 -1.26473676e-06 3.53924516e-06 -1.90152220e-03 -1.24154368e-06 5.16026927e-08 -4.45787080e-05 -2.31930853e-08
1.795329         2.69754004e-06 -2.33189552e-03 -6.69297830e-07 2.64531018e-06 -2.28726155e-03 -6.45729760e-07 5.22298590e-08 -4.46339652e-05 -2.35680697e-08
1.795842         5.06261830e-06 -2.65099190e-03 -1.99810977e-06 5.00918454e-06 -2.60623432e-03 -1.97384155e-06 5.34337624e-08 -4.47575771e-05 -2.42682149e-08
1.796354         -2.41424838e-07 -2.00856206e-03 2.48385840e-07 -2.94424970e-07 -1.96386735e-03 2.72671777e-07 5.30001315e-08 -4.46947153e-05 -2.42859367e-08
1.796867         1.74194178e-06 -1.82142603e-03 -6.76650721e-07 1.68873786e-06 -1.77681692e-03 -6.52065127e-07 5.32039169e-08 -4.46091091e-05 -2.45855948e-08
1.79738          -7.42658313e-07 -2.50525335e-03 1.08098325e-06 -7.95513765e-07 -2.46062223e-03 1.10549977e-06 5.28554521e-08 -4.46311274e-05 -2.45165199e-08
1.797892         1.14011092e-06 -2.69338250e-03 -4.80530512e-08 1.08717398e-06 -2.64870872e-03 -2.33772964e-08 5.29369327e-08 -4.46737781e-05 -2.46757548e-08
1.798405         -8.78180106e-08 -1.64428673e-03 5.10752432e-07 -1.40445513e-07 -1.59983098e-03 5.35407933e-07 5.26275029e-08 -4.44557585e-05 -2.46555007e-08
1.798918         -3.34875271e-06 -1.43157434e-03 1.68546950e-06 -3.40011315e-06 -1.38735610e-03 1.70978175e-06 5.13604400e-08 -4.42182369e-05 -2.43122503e-08
1.79943          2.79603855e-06 -2.73909280e-03 -6.05175702e-07 2.74389726e-06 -2.69470005e-03 -5.80426160e-07 5.21412893e-08 -4.43927471e-05 -2.47495416e-08
1.799943         1.28131330e-06 -3.01623482e-03 -1.72304241e-07 1.22902587e-06 -2.97164722e-03 -1.47348464e-07 5.22874281e-08 -4.45875978e-05 -2.49557764e-08
1.800456         -9.61915640e-07 -2.08769513e-03 8.31385100e-07 -1.01367614e-06 -2.04326251e-03 8.56215087e-07 5.17605015e-08 -4.44326152e-05 -2.48299871e-08
1.800968         1.95501788e-06 -1.95053600e-03 -5.79263483e-07 1.90294558e-06 -1.90626856e-03 -5.54143975e-07 5.20723005e-08 -4.42674369e-05 -2.51195075e-08
1.801481         1.71001460e-06 -2.08161740e-03 -3.94903758e-07 1.65765194e-06 -2.03733039e-03 -3.69492407e-07 5.23626595e-08 -4.42870035e-05 -2.54113515e-08
1.801994         7.97186177e-07 -2.07711874e-03 1.26088543e-07 7.44748534e-07 -2.03280196e-03 1.51683389e-07 5.24376438e-08 -4.43167785e-05 -2.55948463e-08
1.802506         1.19204020e-06 -2.35078706e-03 -9.06802373e-08 1.13944315e-06 -2.30653831e-03 -6.48701273e-08 5.25970451e-08 -4.42487507e-05 -2.58101099e-08
1.803019         9.18225325e-07 -2.41830740e-03 1.75647167e-08 8.65623176e-07 -2.37412721e-03 4.35118665e-08 5.26021493e-08 -4.41801890e-05 -2.59471498e-08
1.803532         1.47325508e-06 -2.09248391e-03 -2.13501769e-07 1.42044930e-06 -2.04828850e-03 -1.87328822e-07 5.28057776e-08 -4.41954108e-05 -2.61729469e-08
1.804044         -5.90859134e-07 -2.04674573e-03 7.14081845e-07 -6.43270748e-07 -2.00253266e-03 7.40225594e-07 5.24116138e-08 -4.42130733e-05 -2.61437483e-08
1.804557         1.14538229e-05 -2.42884868e-03 -5.60619452e-06 1.13984222e-05 -2.38469368e-03 -5.57835949e-06 5.54006846e-08 -4.41549955e-05 -2.78350303e-08
1.80507          2.22945400e-06 -2.28554185e-03 -7.73008176e-07 2.17376732e-06 -2.24146359e-03 -7.44882901e-07 5.56866747e-08 -4.40782576e-05 -2.81252747e-08
1.805582         1.29121488e-06 -2.14796994e-03 -1.35092760e-07 1.23545426e-06 -2.10394695e-03 -1.06817876e-07 5.57606237e-08 -4.40229892e-05 -2.82748842e-08
1.806095         -4.97989888e-06 -2.03641511e-03 2.73457145e-06 -5.03387246e-06 -1.99245728e-03 2.76214816e-06 5.39735831e-08 -4.39578285e-05 -2.75767113e-08
1.806608         -2.31751597e-07 -1.88536013e-03 4.66139710e-07 -2.85402754e-07 -1.84156841e-03 4.93710014e-07 5.36511571e-08 -4.37917209e-05 -2.75703042e-08
1.80712          -1.41558138e-07 -1.87183999e-03 3.35020984e-07 -1.94920934e-07 -1.82816772e-03 3.62621129e-07 5.33627959e-08 -4.36722645e-05 -2.76001454e-08
1.807633         -7.36823514e-07 -2.43046486e-03 7.31937967e-07 -7.89815308e-07 -2.38657652e-03 7.59520136e-07 5.29917943e-08 -4.38883351e-05 -2.75821696e-08
1.808146         -8.89111819e-07 -2.34322880e-03 8.38848142e-07 -9.41666486e-07 -2.29920673e-03 8.66367039e-07 5.25546663e-08 -4.40220684e-05 -2.75188970e-08
1.808658         -5.32040765e-07 -2.26410700e-03 6.18144949e-07 -5.84188817e-07 -2.22020387e-03 6.45599617e-07 5.21480522e-08 -4.39031314e-05 -2.74546674e-08
1.809171         1.49308781e-06 -2.16248941e-03 -5.03164225e-07 1.44078528e-06 -2.11868292e-03 -4.75479272e-07 5.23025293e-08 -4.38064857e-05 -2.76849521e-08
1.809684         -1.30941641e-08 -1.99948057e-03 3.21424850e-07 -6.51403160e-08 -1.95572860e-03 3.49124819e-07 5.20461518e-08 -4.37519669e-05 -2.76999696e-08
1.810196         -2.98207967e-07 -1.97391427e-03 5.34112313e-07 -3.49971227e-07 -1.93024512e-03 5.61802629e-07 5.17632601e-08 -4.36691445e-05 -2.76903161e-08
1.810709         8.49938831e-06 -1.82555449e-03 -4.24375926e-06 8.44545218e-06 -1.78216081e-03 -4.21478788e-06 5.39361372e-08 -4.33936782e-05 -2.89713827e-08
1.811222         6.57620265e-06 -2.04453981e-03 -3.22060387e-06 6.52068343e-06 -2.00128318e-03 -3.19066075e-06 5.55192168e-08 -4.32566275e-05 -2.99431247e-08
1.811734         8.91767699e-07 -2.51149403e-03 -1.00823493e-07 8.36232515e-07 -2.46796326e-03 -7.07215254e-08 5.55351834e-08 -4.35307690e-05 -3.01019674e-08
1.812247         1.14816740e-06 -2.33315014e-03 -2.79314098e-07 1.09258724e-06 -2.28952843e-03 -2.49037846e-07 5.55801669e-08 -4.36217083e-05 -3.02762527e-08
1.812759         4.36252196e-07 -1.86118934e-03 1.75037303e-07 3.80900558e-07 -1.81789359e-03 2.05307167e-07 5.53516380e-08 -4.32957453e-05 -3.02698632e-08
1.813272         -3.06044628e-06 -2.04462753e-03 2.09596148e-06 -3.11460310e-06 -2.00145810e-03 2.12571488e-06 5.41568226e-08 -4.31694219e-05 -2.97534001e-08
1.813785         -3.95760038e-08 -2.55863751e-03 4.14112727e-07 -9.35137786e-08 -2.51517739e-03 4.43898674e-07 5.39377747e-08 -4.34601246e-05 -2.97859466e-08
1.814297         4.28753705e-06 -2.36203956e-03 -2.23380869e-06 4.23269825e-06 -2.31850333e-03 -2.20333690e-06 5.48387993e-08 -4.35362282e-05 -3.04717866e-08
1.81481          1.07495970e-06 -1.83985246e-03 -3.00987051e-07 1.02020706e-06 -1.79664370e-03 -2.70420864e-07 5.47526414e-08 -4.32087563e-05 -3.05661867e-08
1.815323         -8.29352903e-07 -2.05670802e-03 7.41816350e-07 -8.83514993e-07 -2.01362872e-03 7.72217885e-07 5.41620902e-08 -4.30793015e-05 -3.04015354e-08
1.815835         -3.21452093e-06 -2.60012319e-03 2.29185065e-06 -3.26751104e-06 -2.55685315e-03 2.32172503e-06 5.29901087e-08 -4.32700491e-05 -2.98743834e-08
1.816348         -3.56758287e-06 -2.26880027e-03 2.46809582e-06 -3.61926912e-06 -2.22552154e-03 2.49736768e-06 5.16862510e-08 -4.32787347e-05 -2.92718645e-08
1.816861         -6.00360680e-06 -1.75825171e-03 3.21044573e-06 -6.05309873e-06 -1.71517228e-03 3.23880077e-06 4.94919272e-08 -4.30794308e-05 -2.83550363e-08
1.817373         -4.51978054e-08 -2.07317163e-03 2.75041417e-07 -9.44548069e-08 -2.03016602e-03 3.03424726e-07 4.92570016e-08 -4.30056108e-05 -2.83833085e-08
1.817886         2.44644068e-06 -2.60095559e-03 -8.23335920e-07 2.39660456e-06 -2.55790133e-03 -7.94574398e-07 4.98361201e-08 -4.30542658e-05 -2.87615227e-08
1.818399         5.91316064e-08 -2.30050327e-03 2.25877241e-07 9.57071594e-09 -2.25747062e-03 2.54631915e-07 4.95608905e-08 -4.30326475e-05 -2.87546737e-08
1.818911         1.35126907e-06 -1.79419700e-03 -4.34365373e-07 1.30157540e-06 -1.75123374e-03 -4.05403748e-07 4.96936667e-08 -4.29632618e-05 -2.89616252e-08
1.819424         -1.92391358e-06 -2.19556514e-03 1.57932357e-06 -1.97280837e-06 -2.15261022e-03 1.60796709e-06 4.88947945e-08 -4.29549200e-05 -2.86435212e-08
1.819937         7.92541461e-07 -2.70450443e-03 -5.29511035e-07 7.43718547e-07 -2.66149755e-03 -5.00694022e-07 4.88229137e-08 -4.30068763e-05 -2.88170134e-08
1.820449         1.73469214e-06 -2.15379243e-03 -9.39683406e-07 1.68570179e-06 -2.11085956e-03 -9.10592040e-07 4.89903531e-08 -4.29328733e-05 -2.90913665e-08
1.820962         -1.53556773e-06 -1.61627529e-03 1.07752225e-06 -1.58379598e-06 -1.57352324e-03 1.10633288e-06 4.82282488e-08 -4.27520515e-05 -2.88106237e-08
1.821475         4.63466171e-06 -1.69380009e-03 -2.60928608e-06 4.58538539e-06 -1.65119801e-03 -2.57970441e-06 4.92763156e-08 -4.26020815e-05 -2.95816792e-08
1.821987         7.98750111e-06 -1.64378792e-03 -4.48098132e-06 7.93631888e-06 -1.60142829e-03 -4.45015390e-06 5.11822317e-08 -4.23596337e-05 -3.08274194e-08
1.8225           -9.50576718e-06 -2.04640951e-03 5.94837628e-06 -9.55386745e-06 -2.00403919e-03 5.97755129e-06 4.81002639e-08 -4.23703179e-05 -2.91750118e-08
1.823033         -8.36481317e-07 -2.66999610e-03 8.03199954e-07 -8.84082350e-07 -2.62724883e-03 8.32238052e-07 4.76010329e-08 -4.27472663e-05 -2.90380977e-08
1.823559         3.82471408e-06 -2.12163553e-03 -1.56380692e-06 3.77617301e-06 -2.07895916e-03 -1.53422679e-06 4.85410678e-08 -4.26763687e-05 -2.95801304e-08
1.824085         -7.12877488e-07 -1.29548036e-03 6.74166291e-07 -7.60784766e-07 -1.25324205e-03 7.03512609e-07 4.79072782e-08 -4.22383098e-05 -2.93463172e-08
1.824618         -8.60237507e-07 -2.02927145e-03 7.74562621e-07 -9.07492647e-07 -1.98715563e-03 8.03676420e-07 4.72551404e-08 -4.21158256e-05 -2.91137988e-08
1.825151         -6.79218579e-07 -2.20693972e-03 6.73281147e-07 -7.25866986e-07 -2.16491253e-03 7.02184060e-07 4.66484068e-08 -4.20271944e-05 -2.89029132e-08
1.825684         -3.87169792e-07 -2.25493922e-03 4.50355477e-07 -4.33284670e-07 -2.21280627e-03 4.79102555e-07 4.61148783e-08 -4.21329594e-05 -2.87470781e-08
1.826217         -2.83569027e-08 -2.21130474e-03 2.42822924e-07 -7.40302689e-08 -2.16895820e-03 2.71469677e-07 4.56733661e-08 -4.23465367e-05 -2.86467523e-08
1.82675          1.14825644e-06 -1.50662603e-03 -6.81120778e-07 1.10268797e-06 -1.46453922e-03 -6.52336686e-07 4.55684702e-08 -4.20868087e-05 -2.87840923e-08
1.827283         -6.60774116e-06 -1.58885003e-03 3.72224370e-06 -6.65064781e-06 -1.54705897e-03 3.74975263e-06 4.29066541e-08 -4.17910635e-05 -2.75089235e-08
1.827824         2.33796260e-06 -2.15011389e-03 -1.07937186e-06 2.29474732e-06 -2.10834592e-03 -1.05157239e-06 4.32152856e-08 -4.17679726e-05 -2.77994763e-08
1.828366         1.08076906e-05 -2.37395005e-03 -6.56471140e-06 1.07616875e-05 -2.33218168e-03 -6.53504457e-06 4.60031873e-08 -4.17683756e-05 -2.96668227e-08
1.828907         -8.54836510e-07 -1.88050430e-03 8.89669815e-07 -9.00036770e-07 -1.83876963e-03 9.18972477e-07 4.52002602e-08 -4.17346709e-05 -2.93026626e-08
1.829448         3.46878754e-06 -1.84947408e-03 -2.39049227e-06 3.42319557e-06 -1.80778136e-03 -2.36068739e-06 4.55919726e-08 -4.16927234e-05 -2.98048843e-08
1.829989         -6.26955129e-08 -1.85588524e-03 1.20349441e-07 -1.07621174e-07 -1.81439135e-03 1.49940167e-07 4.49256606e-08 -4.14938849e-05 -2.95907258e-08
1.83053          6.09952427e-08 -2.01945272e-03 9.83977727e-08 1.66960804e-08 -1.97803604e-03 1.27787461e-07 4.42991623e-08 -4.14166853e-05 -2.93896881e-08
1.831071         1.97117822e-06 -2.64972425e-03 -1.10900938e-06 1.92691783e-06 -2.60804881e-03 -1.07944721e-06 4.42603876e-08 -4.16754440e-05 -2.95621650e-08
1.831612         -1.63526048e-06 -2.13794053e-03 1.15245251e-06 -1.67839339e-06 -2.09632538e-03 1.18151320e-06 4.31329101e-08 -4.16151440e-05 -2.90606908e-08
1.832154         -1.32508948e-07 -1.32981449e-03 2.71213193e-07 -1.74952138e-07 -1.28864554e-03 3.00009113e-07 4.24431902e-08 -4.11689431e-05 -2.87959197e-08
1.832695         4.75756686e-07 -2.03118193e-03 -1.63363795e-07 4.33827111e-07 -1.99003686e-03 -1.34699687e-07 4.19295744e-08 -4.11450694e-05 -2.86641080e-08
1.833236         5.60159270e-07 -2.74688576e-03 -2.48612271e-07 5.18701721e-07 -2.70545025e-03 -2.20042132e-07 4.14575497e-08 -4.14355045e-05 -2.85701391e-08
1.833777         8.36167877e-06 -1.82464200e-03 -5.31477076e-06 8.31835472e-06 -1.78342297e-03 -5.28481922e-06 4.33240453e-08 -4.12190295e-05 -2.99515363e-08
1.834318         -6.28424388e-06 -1.32555813e-03 3.86597258e-06 -6.32493044e-06 -1.28475959e-03 3.89450935e-06 4.06865605e-08 -4.07985405e-05 -2.85367709e-08
1.83487          -2.62849664e-06 -2.18115964e-03 1.81107484e-06 -2.66776304e-06 -2.14025728e-03 1.83889044e-06 3.92664087e-08 -4.09023595e-05 -2.78156049e-08
1.835421         -6.97522679e-06 -2.42450419e-03 4.99351956e-06 -7.01178192e-06 -2.38343240e-03 5.01971328e-06 3.65551271e-08 -4.10717918e-05 -2.61937149e-08
1.835962         -1.00553295e-06 -1.72274119e-03 8.34959030e-07 -1.04124971e-06 -1.68177772e-03 8.60790833e-07 3.57167615e-08 -4.09634685e-05 -2.58318037e-08
1.836514         3.15545339e-07 -1.73439873e-03 7.29172425e-08 2.80264822e-07 -1.69353935e-03 9.86166318e-08 3.52805175e-08 -4.08593742e-05 -2.56993893e-08
1.837066         1.70525614e-07 -1.48958827e-03 -2.15210355e-08 1.35802018e-07 -1.44903706e-03 4.00699299e-09 3.47235962e-08 -4.05512113e-05 -2.55280285e-08
1.837618         7.99652098e-07 -1.69193477e-03 -3.71494221e-07 7.65289365e-07 -1.65155238e-03 -3.46025847e-07 3.43627328e-08 -4.03823857e-05 -2.54683744e-08
1.838169         1.48803418e-07 -2.16309841e-03 2.11018497e-07 1.14986804e-07 -2.12256326e-03 2.36277426e-07 3.38166135e-08 -4.05351450e-05 -2.52589282e-08
1.838721         7.67939844e-07 -2.01051211e-03 -3.02812361e-07 7.34483394e-07 -1.97000433e-03 -2.77622196e-07 3.34564504e-08 -4.05077797e-05 -2.51901651e-08
1.839273         8.08988377e-07 -1.93396880e-03 -3.37782741e-07 7.75841619e-07 -1.89363478e-03 -3.12644240e-07 3.31467574e-08 -4.03340144e-05 -2.51385018e-08
1.839825         -1.13553994e-06 -1.85344922e-03 9.32957912e-07 -1.16777155e-06 -1.81320123e-03 9.57648652e-07 3.22316111e-08 -4.02479845e-05 -2.46907393e-08
1.840377         -8.52106475e-07 -1.67483945e-03 8.24863941e-07 -8.83517613e-07 -1.63466822e-03 8.49146186e-07 3.14111381e-08 -4.01712243e-05 -2.42822453e-08
1.840928         9.43012807e-06 -1.90422078e-03 -6.55762165e-06 9.39640413e-06 -1.86415602e-03 -6.53156714e-06 3.37239313e-08 -4.00647614e-05 -2.60545102e-08
1.84148          6.91399179e-07 -1.92535224e-03 -3.74540861e-07 6.58080769e-07 -1.88541173e-03 -3.48595227e-07 3.33184096e-08 -3.99405100e-05 -2.59456343e-08
1.842046         -2.28123154e-06 -1.69222327e-03 1.91270292e-06 -2.31320889e-06 -1.65237331e-03 1.93785027e-06 3.19773526e-08 -3.98499624e-05 -2.51473542e-08
1.842613         6.55471835e-07 -1.73051213e-03 -2.84021445e-07 6.23896574e-07 -1.69074522e-03 -2.58997108e-07 3.15752618e-08 -3.97669046e-05 -2.50243365e-08
1.843179         -1.26139435e-08 -1.79150623e-03 1.56081537e-07 -4.35745638e-08 -1.75189905e-03 1.80842332e-07 3.09606204e-08 -3.96071765e-05 -2.47607955e-08
1.843745         -3.86149285e-07 -1.95071566e-03 4.05392973e-07 -4.16387176e-07 -1.91117588e-03 4.29819962e-07 3.02378909e-08 -3.95397747e-05 -2.44269890e-08
1.844312         -1.27807082e-06 -2.07459150e-03 9.93183600e-07 -1.30731810e-06 -2.03492211e-03 1.01710342e-06 2.92472804e-08 -3.96693932e-05 -2.39198175e-08
1.844878         -2.66380781e-06 -1.73273845e-03 1.98913756e-06 -2.69165677e-06 -1.69322716e-03 2.01225919e-06 2.78489535e-08 -3.95112897e-05 -2.31216267e-08
1.845444         -1.66200908e-06 -1.32650772e-03 1.32513593e-06 -1.68881219e-06 -1.28737368e-03 1.34767824e-06 2.68031091e-08 -3.91340398e-05 -2.25423091e-08
1.846011         2.27623427e-06 -1.89250936e-03 -1.53946291e-06 2.24925968e-06 -1.85335469e-03 -1.51663904e-06 2.69745863e-08 -3.91546740e-05 -2.28238668e-08
1.846577         -4.84457008e-06 -2.08170531e-03 3.10092556e-06 -4.86930240e-06 -2.04246533e-03 3.12249096e-06 2.47323192e-08 -3.92399772e-05 -2.15653925e-08
1.847143         3.39564035e-07 -1.78740508e-03 -1.56651701e-07 3.15229101e-07 -1.74831505e-03 -1.35198253e-07 2.43349340e-08 -3.90900256e-05 -2.14534480e-08
1.84771          3.92375889e-06 -1.81409159e-03 -2.89912013e-06 3.89868000e-06 -1.77515631e-03 -2.87694881e-06 2.50788866e-08 -3.89352787e-05 -2.21713275e-08
1.848276         3.72763804e-06 -1.49502025e-03 -2.86829606e-06 3.70193572e-06 -1.45631825e-03 -2.84546919e-06 2.57023212e-08 -3.87020020e-05 -2.28268740e-08
1.848865         5.23599751e-06 -1.57532244e-03 -3.12741944e-06 5.20887234e-06 -1.53679819e-03 -3.10364885e-06 2.71251709e-08 -3.85242521e-05 -2.37705909e-08
1.849454         -7.04986833e-07 -1.26141485e-03 6.37607194e-07 -7.31269232e-07 -1.22310162e-03 6.60915713e-07 2.62823991e-08 -3.83132363e-05 -2.33085194e-08
1.850043         -2.29041950e-06 -2.02050951e-03 1.79979487e-06 -2.31537865e-06 -1.98215499e-03 1.82229809e-06 2.49591511e-08 -3.83545217e-05 -2.25032220e-08
1.850632         -7.64371341e-07 -2.25027696e-03 6.98504543e-07 -7.88543330e-07 -2.21183139e-03 7.20586187e-07 2.41719887e-08 -3.84455681e-05 -2.20816436e-08
1.851221         4.79065612e-07 -1.38781915e-03 -1.64368936e-07 4.55235074e-07 -1.34959480e-03 -1.42417421e-07 2.38305381e-08 -3.82243594e-05 -2.19515146e-08
1.85181          2.07218944e-06 -1.44023897e-03 -1.61264238e-06 2.04824428e-06 -1.40219192e-03 -1.59040779e-06 2.39451591e-08 -3.80470553e-05 -2.22345906e-08
1.852399         8.22608548e-07 -1.85917393e-03 -2.70870645e-07 7.98849070e-07 -1.82117288e-03 -2.48707704e-07 2.37594780e-08 -3.80010461e-05 -2.21629411e-08
1.852988         -3.35692309e-06 -1.69047885e-03 2.19728651e-06 -3.37885626e-06 -1.65260658e-03 2.21839923e-06 2.19331790e-08 -3.78722696e-05 -2.11127247e-08
1.853577         -4.75288958e-06 -1.19172193e-03 3.71796038e-06 -4.77276963e-06 -1.15407261e-03 3.73769289e-06 1.98800541e-08 -3.76493153e-05 -1.97325058e-08
1.854166         -5.12909864e-06 -1.70159831e-03 3.36961076e-06 -5.14658078e-06 -1.66402655e-03 3.38792042e-06 1.74821340e-08 -3.75717592e-05 -1.83096555e-08
1.854754         1.44855995e-07 -1.79111508e-03 4.26884498e-08 1.27779341e-07 -1.75362367e-03 6.08215877e-08 1.70766543e-08 -3.74914083e-05 -1.81331379e-08
1.855343         -3.56308410e-06 -1.63263850e-03 2.86076565e-06 -3.57853128e-06 -1.59532383e-03 2.87780852e-06 1.54471801e-08 -3.73146664e-05 -1.70428715e-08
1.855932         1.12888643e-06 -1.57856911e-03 -9.07502177e-07 1.11349835e-06 -1.54140202e-03 -8.90332452e-07 1.53880795e-08 -3.71670912e-05 -1.71697251e-08
1.856521         -7.74149453e-07 -1.34125622e-03 6.03232112e-07 -7.88803876e-07 -1.30421004e-03 6.20017460e-07 1.46544234e-08 -3.70461785e-05 -1.67853483e-08
1.85711          -2.19149956e-07 -1.75894213e-03 2.61883198e-07 -2.33308523e-07 -1.72193765e-03 2.78435578e-07 1.41585668e-08 -3.70044815e-05 -1.65523803e-08
1.857699         4.15952872e-08 -2.05780873e-03 8.50045617e-08 2.78400741e-08 -2.02080360e-03 1.01389041e-07 1.37552131e-08 -3.70051326e-05 -1.63844793e-08
1.858288         7.63378397e-07 -1.36188504e-03 -4.63756300e-07 7.49763743e-07 -1.32514692e-03 -4.47355970e-07 1.36146539e-08 -3.67381239e-05 -1.64003301e-08
1.858877         -1.74890112e-07 -1.37506360e-03 2.55414994e-07 -1.88016391e-07 -1.33855066e-03 2.71565279e-07 1.31262786e-08 -3.65129406e-05 -1.61502841e-08
1.859466         6.07150719e-06 -1.13440034e-03 -4.72733823e-06 6.05688678e-06 -1.09810226e-03 -4.70989189e-06 1.46204071e-08 -3.62980847e-05 -1.74463349e-08
1.860055         -9.30434627e-06 -1.60189915e-03 7.38493955e-06 -9.31543967e-06 -1.56565999e-03 7.39979110e-06 1.10934000e-08 -3.62391609e-05 -1.48515492e-08
1.860644         -2.06778433e-06 -2.17729811e-03 1.68627215e-06 -2.07782206e-06 -2.14093573e-03 1.70045345e-06 1.00377349e-08 -3.63623741e-05 -1.41813058e-08
1.861233         -2.12787440e-07 -1.28454625e-03 2.83225591e-07 -2.22407180e-07 -1.24848159e-03 2.97201123e-07 9.61973984e-09 -3.60646628e-05 -1.39755312e-08
1.861822         -2.60062947e-06 -1.13404729e-03 1.75885713e-06 -2.60883324e-06 -1.09831996e-03 1.77199130e-06 8.20376662e-09 -3.57273242e-05 -1.31341725e-08
1.862411         4.57666378e-06 -1.13874607e-03 -3.10384633e-06 4.56711081e-06 -1.10329008e-03 -3.08970657e-06 9.55297180e-09 -3.54559862e-05 -1.41397649e-08
1.863            3.45939147e-06 -1.40730262e-03 -2.79522782e-06 3.44910879e-06 -1.37197674e-03 -2.78036854e-06 1.02826801e-08 -3.53258774e-05 -1.48592795e-08
1.863633         5.51638228e-07 -2.02598475e-03 -4.80385749e-07 5.41640426e-07 -1.99047052e-03 -4.65583644e-07 9.99780212e-09 -3.55142317e-05 -1.48021047e-08
1.864256         2.17130593e-07 -1.34269410e-03 -1.12772803e-07 2.07510800e-07 -1.30739580e-03 -9.81378573e-08 9.61979308e-09 -3.52983049e-05 -1.46349454e-08
1.864889         -7.31309334e-07 -1.10425347e-03 7.26503836e-07 -7.40203062e-07 -1.06926437e-03 7.40666448e-07 8.89372870e-09 -3.49890991e-05 -1.41626114e-08
1.865522         1.39586380e-06 -1.84135509e-03 -9.84834694e-07 1.38690876e-06 -1.80620107e-03 -9.70519545e-07 8.95504453e-09 -3.51540232e-05 -1.43151492e-08
1.866155         -1.78224076e-06 -1.55582114e-03 1.60197486e-06 -1.79011349e-06 -1.52081777e-03 1.61553499e-06 7.87272834e-09 -3.50033678e-05 -1.35601276e-08
1.866788         -1.26009732e-06 -1.03317019e-03 1.18143010e-06 -1.26709549e-06 -9.98653927e-04 1.19439174e-06 6.99816996e-09 -3.45162590e-05 -1.29616384e-08
1.867432         -1.13866675e-06 -9.62667934e-04 1.07012381e-06 -1.14480461e-06 -9.28394014e-04 1.08249465e-06 6.13785151e-09 -3.42739208e-05 -1.23708389e-08
1.868076         1.77777267e-06 -1.32744807e-03 -1.07014724e-06 1.77133056e-06 -1.29329989e-03 -1.05753306e-06 6.44211698e-09 -3.41481798e-05 -1.26141836e-08
1.86872          -1.07373419e-06 -1.91541658e-03 1.03445764e-06 -1.07935182e-06 -1.88117732e-03 1.04651545e-06 5.61762911e-09 -3.42392602e-05 -1.20578148e-08
1.869364         5.75856564e-08 -1.21696171e-03 1.39029887e-08 5.24001314e-08 -1.18291770e-03 2.57558335e-08 5.18552500e-09 -3.40440139e-05 -1.18528448e-08
1.87002          -7.32697507e-07 -9.90815002e-04 6.92099605e-07 -7.37122262e-07 -9.57018697e-04 7.03466982e-07 4.42475539e-09 -3.37963046e-05 -1.13673765e-08
1.870677         7.54059229e-07 -1.44730749e-03 -4.02322504e-07 7.49765397e-07 -1.41378134e-03 -3.90986816e-07 4.29383160e-09 -3.35261428e-05 -1.13356886e-08
1.871333         -2.49020405e-09 -1.28655635e-03 1.00754305e-07 -6.30842257e-09 -1.25317829e-03 1.11831458e-07 3.81821851e-09 -3.33780683e-05 -1.10771539e-08
1.87199          2.34812478e-06 -1.23457873e-03 -2.05176232e-06 2.34397646e-06 -1.20127893e-03 -2.04022398e-06 4.14831493e-09 -3.32997995e-05 -1.15383461e-08
1.87266          -3.76858492e-06 -1.36935096e-03 2.94920092e-06 -3.77065463e-06 -1.33619371e-03 2.95928800e-06 2.06970281e-09 -3.31572497e-05 -1.00870799e-08
1.873331         -5.86201990e-06 -1.32406179e-03 4.51433146e-06 -5.86117019e-06 -1.29109148e-03 4.52234329e-06 -8.49712545e-10 -3.29703076e-05 -8.01183623e-09
1.874001         3.80741587e-07 -1.20395711e-03 -4.12822782e-07 3.81898091e-07 -1.17122522e-03 -4.04884138e-07 -1.15650399e-09 -3.27318845e-05 -7.93864445e-09
1.874672         -3.69476951e-07 -9.39226320e-04 4.43496110e-07 -3.67818689e-07 -9.06655036e-04 4.51098482e-07 -1.65826214e-09 -3.25712845e-05 -7.60237121e-09
1.875342         -5.95613056e-07 -1.15474519e-03 5.72514110e-07 -5.93366006e-07 -1.12237595e-03 5.79727241e-07 -2.24704980e-09 -3.23692369e-05 -7.21313071e-09
1.876029         -4.81441678e-06 -1.47845814e-03 4.15885255e-06 -4.80997556e-06 -1.44631150e-03 4.16434018e-06 -4.44122577e-09 -3.21466335e-05 -5.48762569e-09
1.876715         -4.02918299e-06 -9.33078778e-04 3.60031865e-06 -4.02289058e-06 -9.01109187e-04 3.60433161e-06 -6.29240857e-09 -3.19695909e-05 -4.01295703e-09
1.877402         -2.32707234e-07 -1.02168971e-03 2.64056531e-07 -2.26009860e-07 -9.89931100e-04 2.67836320e-07 -6.69737428e-09 -3.17586093e-05 -3.77978898e-09
1.878089         4.00073083e-06 -1.11189923e-03 -3.01548616e-06 4.00599876e-06 -1.08036905e-03 -3.01054572e-06 -5.26793233e-09 -3.15301823e-05 -4.94044637e-09
1.878776         6.24480807e-07 -1.22373424e-03 -4.47760699e-07 6.29892417e-07 -1.19234333e-03 -4.42832679e-07 -5.41160995e-09 -3.13909106e-05 -4.92802008e-09
1.879482         1.67600980e-06 -1.10810286e-03 -1.67988916e-06 1.68129657e-06 -1.07694417e-03 -1.67461473e-06 -5.28677032e-09 -3.11586956e-05 -5.27442769e-09
1.880189         -3.53241338e-06 -1.05021490e-03 3.26354596e-06 -3.52525632e-06 -1.01928854e-03 3.26730290e-06 -7.15705975e-09 -3.09263585e-05 -3.75693353e-09
1.880895         -9.85420799e-07 -1.21401014e-03 9.82481487e-07 -9.77444083e-07 -1.18303974e-03 9.85642576e-07 -7.97671613e-09 -3.09704069e-05 -3.16108933e-09
1.881601         -9.04756238e-07 -9.91125814e-04 1.00400847e-06 -8.96036680e-07 -9.60510486e-04 1.00659760e-06 -8.71955789e-09 -3.06153287e-05 -2.58912525e-09
1.882308         -9.65676025e-07 -1.04904617e-03 8.80031094e-07 -9.56175989e-07 -1.01873457e-03 8.82054022e-07 -9.50003655e-09 -3.03115976e-05 -2.02292808e-09
1.883039         4.26684557e-07 -1.20883107e-03 -3.37265733e-07 4.36423356e-07 -1.17847055e-03 -3.35337496e-07 -9.73879900e-09 -3.03605174e-05 -1.92823747e-09
1.883769         -3.06531410e-06 -6.20723035e-04 2.85419765e-06 -3.05391900e-06 -5.90804917e-04 2.85474293e-06 -1.13950946e-08 -2.99181175e-05 -5.45282285e-10
1.8845           -1.44338016e-06 -1.02023302e-03 1.40682864e-06 -1.43102370e-06 -9.90502938e-04 1.40659718e-06 -1.23564600e-08 -2.97300768e-05 2.31458625e-10
1.885231         -1.35904995e-06 -1.36115590e-03 1.31769174e-06 -1.34583240e-06 -1.33142472e-03 1.31677117e-06 -1.32175486e-08 -2.97311778e-05 9.20571483e-10
1.885962         -8.67129418e-07 -9.73284593e-04 8.52750747e-07 -8.53286047e-07 -9.43833907e-04 8.51347082e-07 -1.38433717e-08 -2.94506853e-05 1.40366558e-09
1.886692         -6.80475728e-07 -7.07844923e-04 4.99892362e-07 -6.66071226e-07 -6.78732010e-04 4.98114017e-07 -1.44045015e-08 -2.91129128e-05 1.77834492e-09
1.887423         1.80696172e-07 -8.24858780e-04 -1.56723192e-07 1.95253255e-07 -7.95994265e-04 -1.58556079e-07 -1.45570831e-08 -2.88645141e-05 1.83288735e-09
1.888189         -5.05420194e-07 -1.20136202e-03 4.37708239e-07 -4.90422234e-07 -1.17258525e-03 4.35587918e-07 -1.49979602e-08 -2.87767641e-05 2.12032060e-09
1.888954         2.99695625e-07 -6.69073557e-04 -2.80642414e-07 3.14761341e-07 -6.40503122e-04 -2.82743570e-07 -1.50657160e-08 -2.85704342e-05 2.10115548e-09
1.88972          3.62458888e-07 -9.51293361e-04 -4.39033937e-07 3.77566072e-07 -9.22981411e-04 -4.41085306e-07 -1.51071847e-08 -2.83119508e-05 2.05136896e-09
1.890485         6.45083523e-07 -9.30547384e-04 -5.76974531e-07 6.60009717e-07 -9.02492851e-04 -5.78820384e-07 -1.49261935e-08 -2.80545333e-05 1.84585371e-09
1.891251         -3.37752060e-08 -6.61214691e-04 3.52277206e-08 -1.87292195e-08 -6.33338317e-04 3.33077559e-08 -1.50459865e-08 -2.78763735e-05 1.91996466e-09
1.892017         -3.61292580e-07 -9.92978259e-04 3.11290772e-07 -3.46025423e-07 -9.65409562e-04 3.09183392e-07 -1.52671568e-08 -2.75686966e-05 2.10737918e-09
1.892782         -3.08400324e-06 -9.38599648e-04 2.95221982e-06 -3.06737978e-06 -9.11120614e-04 2.94886344e-06 -1.66234551e-08 -2.74790339e-05 3.35637867e-09
1.893548         -2.03787031e-06 -7.07540185e-04 1.93229477e-06 -2.02037079e-06 -6.80254041e-04 1.92813318e-06 -1.74995243e-08 -2.72861436e-05 4.16158252e-09
1.894313         -2.28590231e-06 -3.77135349e-04 2.04700135e-06 -2.26743829e-06 -3.50320949e-04 2.04196822e-06 -1.84640168e-08 -2.68144008e-05 5.03312217e-09
1.895148         -1.85816801e-06 -1.04464394e-03 1.75683363e-06 -1.83898117e-06 -1.01802698e-03 1.75108663e-06 -1.91868411e-08 -2.66169519e-05 5.74700076e-09
1.895984         2.58413068e-06 -7.95854732e-04 -2.69093686e-06 2.60200851e-06 -7.69384239e-04 -2.69540132e-06 -1.78778289e-08 -2.64704929e-05 4.46445452e-09
1.896819         -1.46639710e-06 -6.73325922e-04 1.46580948e-06 -1.44801223e-06 -6.47065099e-04 1.46076452e-06 -1.83848766e-08 -2.62608226e-05 5.04496103e-09
1.897654         1.56567712e-06 -6.91091695e-04 -1.56195906e-06 1.58321002e-06 -6.65104812e-04 -1.56623322e-06 -1.75328943e-08 -2.59868830e-05 4.27416160e-09
1.898489         -4.85551051e-06 -5.91710126e-04 4.59854349e-06 -4.83583578e-06 -5.66037633e-04 4.59220019e-06 -1.96747343e-08 -2.56724927e-05 6.34330278e-09
1.899324         -1.13212301e-06 -7.15387214e-04 1.02205902e-06 -1.11214549e-06 -6.89931219e-04 1.01537889e-06 -1.99775208e-08 -2.54559949e-05 6.68012456e-09
1.900159         -1.58326454e-06 -5.26614105e-04 1.40484346e-06 -1.56274261e-06 -5.01485384e-04 1.39761568e-06 -2.05219331e-08 -2.51287210e-05 7.22777945e-09
1.900995         -9.40224136e-07 -6.12686343e-04 8.24814747e-07 -9.19477048e-07 -5.87818247e-04 8.17315373e-07 -2.07470876e-08 -2.48680963e-05 7.49937432e-09
1.90183          6.96282800e-08 -5.70267275e-04 -2.75214271e-07 9.01172741e-08 -5.45576617e-04 -2.82482433e-07 -2.04889941e-08 -2.46906583e-05 7.26816250e-09
1.902665         -8.19489632e-07 -6.78491345e-04 5.27825305e-07 -7.98809039e-07 -6.53950632e-04 5.20400102e-07 -2.06805928e-08 -2.45407126e-05 7.42520346e-09
1.9035           -1.21763352e-06 -7.65342118e-04 1.10346510e-06 -1.19668402e-06 -7.41087205e-04 1.09571882e-06 -2.09495042e-08 -2.42549129e-05 7.74628826e-09
1.90438          -2.82721747e-06 -1.64117818e-04 2.84593185e-06 -2.80518997e-06 -1.40396014e-04 2.83699218e-06 -2.20275025e-08 -2.37218036e-05 8.93966823e-09
1.905281         -5.55948462e-06 -8.14551738e-04 5.30211916e-06 -5.53481933e-06 -7.90898433e-04 5.29060993e-06 -2.46652949e-08 -2.36533052e-05 1.15092266e-08
1.906181         -1.74357349e-06 -5.04557008e-04 1.64646801e-06 -1.71843800e-06 -4.81223280e-04 1.63441982e-06 -2.51354883e-08 -2.33337273e-05 1.20481937e-08
1.907082         -2.25759042e-06 -4.48871295e-04 2.25011324e-06 -2.23177336e-06 -4.25851383e-04 2.23726932e-06 -2.58170601e-08 -2.30199119e-05 1.28439235e-08
1.908005         -1.00464492e-06 -4.13652302e-04 1.01705331e-06 -9.78858886e-07 -3.90846422e-04 1.00409821e-06 -2.57860366e-08 -2.28058807e-05 1.29550999e-08
1.908928         -2.03257891e-06 -5.60806906e-04 1.75864992e-06 -2.00613166e-06 -5.38206577e-04 1.74506384e-06 -2.64472471e-08 -2.26003286e-05 1.35860830e-08
1.909851         -1.55957495e-06 -4.23675865e-04 1.48630117e-06 -1.53283111e-06 -4.01491469e-04 1.47232665e-06 -2.67438359e-08 -2.21843958e-05 1.39745139e-08
1.910799         -1.86675649e-06 -1.40197670e-04 1.74505208e-06 -1.83945870e-06 -1.18482109e-04 1.73046261e-06 -2.72977882e-08 -2.17155605e-05 1.45894632e-08
1.911748         -1.53341175e-06 -6.24475115e-04 1.52137742e-06 -1.50578936e-06 -6.02879871e-04 1.50633678e-06 -2.76223839e-08 -2.15952436e-05 1.50406428e-08
1.912725         8.24777687e-08 -2.89714906e-04 1.13582018e-07 1.09357704e-07 -2.68510356e-04 9.90253876e-08 -2.68799356e-08 -2.12045497e-05 1.45566308e-08
1.913703         -5.12698246e-07 -3.38597887e-04 5.26069861e-07 -4.86047601e-07 -3.17697637e-04 5.11600400e-07 -2.66506454e-08 -2.09002499e-05 1.44694607e-08
1.91468          -2.20503625e-07 -5.09308287e-04 2.10655048e-07 -1.94254679e-07 -4.88624389e-04 1.96461430e-07 -2.62489466e-08 -2.06838980e-05 1.41936173e-08
1.915691         -2.84751593e-06 7.37561906e-05 2.78915004e-06 -2.82006613e-06 9.38981188e-05 2.77368859e-06 -2.74497970e-08 -2.01419281e-05 1.54614481e-08
1.916702         -1.53782510e-06 -5.29740517e-04 1.62806749e-06 -1.51004352e-06 -5.09607504e-04 1.61208037e-06 -2.77815814e-08 -2.01330128e-05 1.59871194e-08
1.917713         -1.22459625e-06 -4.03296400e-04 1.31893778e-06 -1.19679550e-06 -3.83561698e-04 1.30276687e-06 -2.78007426e-08 -1.97347017e-05 1.61709139e-08
1.918764         -1.05149795e-06 1.89651973e-04 1.08669488e-06 -1.02372236e-06 2.08578697e-04 1.07041334e-06 -2.77755886e-08 -1.89267236e-05 1.62815360e-08
1.919816         -1.15591428e-06 -5.27122872e-04 1.22835487e-06 -1.12794744e-06 -5.08136924e-04 1.21170089e-06 -2.79668334e-08 -1.89859472e-05 1.66539803e-08
1.920867         8.03836474e-07 -9.04894379e-05 -7.02002003e-07 8.30681859e-07 -7.19528206e-05 -7.17738259e-07 -2.68453849e-08 -1.85366174e-05 1.57362559e-08
1.921919         -4.66418348e-07 -1.51537709e-04 4.28160349e-07 -4.39742920e-07 -1.33341866e-04 4.12495163e-07 -2.66754279e-08 -1.81958430e-05 1.56651856e-08
1.92297          -3.56007807e-07 -2.72899333e-04 2.99955097e-07 -3.29552614e-07 -2.54966886e-04 2.84430650e-07 -2.64551930e-08 -1.79324478e-05 1.55244464e-08
1.924022         -7.46012717e-07 7.18160170e-06 7.49392228e-07 -7.19553583e-07 2.46453637e-05 7.33762170e-07 -2.64591346e-08 -1.74637620e-05 1.56300580e-08
1.925073         -7.62382078e-07 7.13915942e-05 8.13539228e-07 -7.35863676e-07 8.83076635e-05 7.97728165e-07 -2.65184024e-08 -1.69160694e-05 1.58110634e-08
1.926125         -6.85648851e-07 -1.22922622e-04 7.70243402e-07 -6.59032594e-07 -1.06212733e-04 7.54181182e-07 -2.66162576e-08 -1.67098897e-05 1.60622194e-08
1.927176         -1.23709991e-06 -1.05620452e-04 1.28424461e-06 -1.21003823e-06 -8.92903129e-05 1.26763110e-06 -2.70616798e-08 -1.63301394e-05 1.66135095e-08
1.928228         -8.66913693e-07 -8.67157067e-05 8.84677297e-07 -8.39567277e-07 -7.06531311e-05 8.67681751e-07 -2.73464154e-08 -1.60625756e-05 1.69955465e-08
1.929279         -4.41744149e-07 -1.06092868e-04 5.08966330e-07 -4.14386976e-07 -9.03666847e-05 4.91850103e-07 -2.73571725e-08 -1.57261835e-05 1.71162275e-08
1.930331         -5.66681209e-07 8.91864898e-05 6.33288326e-07 -5.39179842e-07 1.04515207e-04 6.15921598e-07 -2.75013662e-08 -1.53287174e-05 1.73667281e-08
1.931382         -8.46236058e-07 3.82402218e-05 9.32623646e-07 -8.18379392e-07 5.31175435e-05 9.14803464e-07 -2.78566651e-08 -1.48773217e-05 1.78201827e-08
1.932434         -2.04525357e-07 7.37144351e-06 4.24217999e-07 -1.76750632e-07 2.19334251e-05 4.06305447e-07 -2.77747244e-08 -1.45619816e-05 1.79125517e-08
1.933485         -6.04443672e-07 2.06479217e-04 7.35544113e-07 -5.76393350e-07 2.20598591e-04 7.17240189e-07 -2.80503222e-08 -1.41193735e-05 1.83039239e-08
1.934537         -7.86271719e-07 2.59577457e-06 9.46032155e-07 -7.57848754e-07 1.64245604e-05 9.27233275e-07 -2.84229649e-08 -1.38287858e-05 1.87988794e-08
1.935588         -8.04129211e-07 9.83933725e-05 9.10253014e-07 -7.75355923e-07 1.11872297e-04 8.91016968e-07 -2.87732877e-08 -1.34789244e-05 1.92360456e-08
1.93664          -2.71395086e-07 3.01012633e-04 3.37694256e-07 -2.42612038e-07 3.14027064e-04 3.18382025e-07 -2.87830484e-08 -1.30144318e-05 1.93122315e-08
1.937691         -8.38111131e-07 1.53435072e-05 6.71583848e-07 -8.08805922e-07 2.81153130e-05 6.51824978e-07 -2.93052094e-08 -1.27718058e-05 1.97588699e-08
1.938743         -3.48507733e-06 5.39325927e-05 3.66738914e-06 -3.45361601e-06 6.62598150e-05 3.64540806e-06 -3.14613239e-08 -1.23272223e-05 2.19810837e-08
1.939794         -1.22515238e-06 4.29726863e-04 1.36689184e-06 -1.19301169e-06 4.41657671e-04 1.34414875e-06 -3.21406922e-08 -1.19308084e-05 2.27430865e-08
1.940846         -9.30603145e-07 -3.63871906e-05 1.09863179e-06 -8.98002847e-07 -2.47718111e-05 1.07537313e-06 -3.26002977e-08 -1.16153795e-05 2.32586531e-08
1.941897         -2.45797173e-06 4.25261539e-04 2.67586726e-06 -2.42381455e-06 4.36513327e-04 2.65096989e-06 -3.41571855e-08 -1.12517882e-05 2.48973751e-08
1.942949         -9.06942813e-07 2.55342124e-04 1.06992536e-06 -8.72268119e-07 2.66096176e-04 1.04447184e-06 -3.46746946e-08 -1.07540519e-05 2.54535163e-08
1.944            -8.52707894e-07 8.45065924e-05 1.00365091e-06 -8.17602442e-07 9.50246385e-05 9.77727056e-07 -3.51054518e-08 -1.05180461e-05 2.59238498e-08
1.945013         -8.56814499e-07 4.55567183e-04 1.05941962e-06 -8.21308042e-07 4.65613023e-04 1.03303286e-06 -3.55064564e-08 -1.00458400e-05 2.63867561e-08
1.946025         -1.07592942e-06 4.29076462e-04 1.22640473e-06 -1.03996687e-06 4.38725933e-04 1.19951289e-06 -3.59625523e-08 -9.64947071e-06 2.68918331e-08
1.947038         -3.66338835e-07 1.81899002e-04 4.56557545e-07 -3.30386266e-07 1.91286681e-04 4.29640285e-07 -3.59525692e-08 -9.38767856e-06 2.69172596e-08
1.94805          1.28106757e-06 1.59925058e-04 -1.49299852e-06 1.31602373e-06 1.69068275e-04 -1.51882308e-06 -3.49561604e-08 -9.14321671e-06 2.58245634e-08
1.949063         -2.97236640e-07 7.67379533e-04 4.52603774e-07 -2.62295865e-07 7.75887941e-04 4.26705290e-07 -3.49407749e-08 -8.50840846e-06 2.58984840e-08
1.950047         -1.96008978e-06 5.11911715e-05 2.35680670e-06 -1.92433023e-06 5.94400020e-05 2.32988494e-06 -3.57595556e-08 -8.24883045e-06 2.69217594e-08
1.951031         -4.08169240e-07 4.27217915e-04 5.52969477e-07 -3.72438609e-07 4.35241414e-04 5.25982875e-07 -3.57306314e-08 -8.02349942e-06 2.69866023e-08
1.952016         -2.17775689e-07 6.09257685e-04 3.36189522e-07 -1.82183560e-07 6.16667648e-04 3.09265838e-07 -3.55921297e-08 -7.40996269e-06 2.69236849e-08
1.953            -5.85746761e-07 3.10939525e-04 7.96157186e-07 -5.50148023e-07 3.18084632e-04 7.69108691e-07 -3.55987374e-08 -7.14510723e-06 2.70484947e-08
1.953984         -1.66307859e-07 5.51970693e-04 2.95125275e-07 -1.30944370e-07 5.58713524e-04 2.68230944e-07 -3.53634883e-08 -6.74283121e-06 2.68943313e-08
1.954969         -2.32802323e-07 3.24944893e-04 3.57036185e-07 -1.97659985e-07 3.31423727e-04 3.30302332e-07 -3.51423382e-08 -6.47883468e-06 2.67338534e-08
1.955953         -1.83614451e-06 5.95180769e-04 2.05216306e-06 -1.80022681e-06 6.01248375e-04 2.02456063e-06 -3.59176968e-08 -6.06760558e-06 2.76024314e-08
1.956905         -1.74567941e-06 4.02136247e-04 2.02887693e-06 -1.70923227e-06 4.07932093e-04 2.00062075e-06 -3.64471415e-08 -5.79584577e-06 2.82561820e-08
1.957856         -6.36098940e-07 5.83905781e-04 7.71397720e-07 -5.99774590e-07 5.89338011e-04 7.43196961e-07 -3.63243501e-08 -5.43223029e-06 2.82007584e-08
1.958808         -4.69399084e-07 5.41975439e-04 6.37358383e-07 -4.33273634e-07 5.46936388e-04 6.09286208e-07 -3.61254494e-08 -4.96094901e-06 2.80721752e-08
1.959759         -2.45433945e-07 5.40638610e-04 3.75838896e-07 -2.09619992e-07 5.45342136e-04 3.48018323e-07 -3.58139531e-08 -4.70352564e-06 2.78205731e-08
1.960711         -2.60402000e-07 5.55155729e-04 3.87069412e-07 -2.24849243e-07 5.59508029e-04 3.59453852e-07 -3.55527564e-08 -4.35229999e-06 2.76155599e-08
1.961663         -1.24638931e-07 4.42238294e-04 -2.06697127e-08 -8.94069674e-08 4.46225442e-04 -4.79200890e-08 -3.52319637e-08 -3.98714812e-06 2.72503762e-08
1.962614         5.93200195e-08 4.74829355e-04 2.45622297e-07 9.40288393e-08 4.78625382e-04 2.18755954e-07 -3.47088199e-08 -3.79602708e-06 2.68663431e-08
1.963566         -1.21436390e-06 7.14586154e-04 1.38115403e-06 -1.17938266e-06 7.18028835e-04 1.35392218e-06 -3.49812376e-08 -3.44268080e-06 2.72318433e-08
1.964476         2.26621340e-07 8.57528563e-04 -1.93556237e-07 2.60903217e-07 8.60359783e-04 -2.20125038e-07 -3.42818768e-08 -2.83121979e-06 2.65688014e-08
1.965386         -2.74884261e-07 5.63418811e-04 3.62919650e-07 -2.41105751e-07 5.65892658e-04 3.36797235e-07 -3.37785099e-08 -2.47384739e-06 2.61224144e-08
1.966296         -4.49993891e-07 3.74140280e-04 4.98694566e-07 -4.16561110e-07 3.76617243e-04 4.72885486e-07 -3.34327808e-08 -2.47696313e-06 2.58090804e-08
1.967206         -3.34010348e-07 8.11180038e-04 4.10423026e-07 -3.00801237e-07 8.13229039e-04 3.84804146e-07 -3.32091114e-08 -2.04900115e-06 2.56188798e-08
1.968117         -1.93116317e-07 6.12595873e-04 2.70460061e-07 -1.60126188e-07 6.14209125e-04 2.45046379e-07 -3.29901294e-08 -1.61325237e-06 2.54136828e-08
1.969027         2.48485126e-08 7.18073991e-04 6.26319279e-08 5.75664875e-08 7.19496291e-04 3.74816914e-08 -3.27179749e-08 -1.42229981e-06 2.51502365e-08
1.969937         -1.75981137e-07 6.64218867e-04 2.65118388e-07 -1.43428083e-07 6.65264220e-04 2.40129334e-07 -3.25530546e-08 -1.04535314e-06 2.49890541e-08
1.970847         -2.11237254e-07 8.12477819e-04 3.09402676e-07 -1.78788014e-07 8.13100061e-04 2.84507161e-07 -3.24492404e-08 -6.22242584e-07 2.48955150e-08
1.971757         -4.98252989e-08 7.09314635e-04 1.35281334e-07 -1.75324543e-08 7.09655060e-04 1.10539239e-07 -3.22928446e-08 -3.40425388e-07 2.47420945e-08
1.972668         -3.19865352e-07 7.23108247e-04 4.58579253e-07 -2.87605754e-07 7.23161041e-04 4.33839897e-07 -3.22595982e-08 -5.27938160e-08 2.47393560e-08
1.973578         -8.80336963e-08 8.46904478e-04 1.82626242e-07 -5.59213983e-08 8.46598319e-04 1.58017312e-07 -3.21122980e-08 3.06158941e-07 2.46089309e-08
1.974488         -2.55813309e-08 6.02814518e-04 1.19664616e-07 6.33762491e-09 6.02308302e-04 9.52316581e-08 -3.19189558e-08 5.06216011e-07 2.44329578e-08
1.975398         1.94917095e-08 6.55346586e-04 5.35012385e-08 5.12423895e-08 6.54587891e-04 2.92128298e-08 -3.17506799e-08 7.58694526e-07 2.42884087e-08
1.976308         3.69148912e-08 1.06498000e-03 5.25447678e-08 6.85192320e-08 1.06359810e-03 2.83644364e-08 -3.16043409e-08 1.38190266e-06 2.41803314e-08
1.977218         7.83922690e-08 5.49108644e-04 1.89240125e-08 1.09816162e-07 5.47747043e-04 -5.10715073e-09 -3.14238931e-08 1.36160106e-06 2.40311633e-08
1.978129         1.92111547e-07 1.02806994e-03 -1.16506579e-07 2.23381873e-07 1.02615337e-03 -1.40415152e-07 -3.12703260e-08 1.91657233e-06 2.39085728e-08
1.979039         2.13818998e-07 7.75545286e-04 -1.37350469e-07 2.44928580e-07 7.73340925e-04 -1.61126843e-07 -3.11095824e-08 2.20436084e-06 2.37763740e-08
1.979949         -3.41757220e-07 8.97694002e-04 5.86973363e-07 -3.10461929e-07 8.95172797e-04 5.62912302e-07 -3.12952909e-08 2.52120507e-06 2.40610616e-08
1.980859         1.30098805e-07 8.80979311e-04 -1.51919379e-08 1.61335010e-07 8.78159833e-04 -3.92183346e-08 -3.12362044e-08 2.81947820e-06 2.40263967e-08
1.981769         1.78614106e-07 7.08611644e-04 -7.48722791e-08 2.09748075e-07 7.05595905e-04 -9.88168481e-08 -3.11339686e-08 3.01573932e-06 2.39445690e-08
1.98268          2.58980740e-07 8.00951676e-04 -1.48572472e-07 2.90142579e-07 7.97682174e-04 -1.72569821e-07 -3.11618394e-08 3.26950122e-06 2.39973485e-08
1.98359          2.54290302e-07 1.04196320e-03 -1.71825589e-07 2.85363210e-07 1.03829851e-03 -1.95779073e-07 -3.10729075e-08 3.66468702e-06 2.39534843e-08
1.9845           3.42363221e-07 8.82425314e-04 -2.54127505e-07 3.73350450e-07 8.78354949e-04 -2.78037702e-07 -3.09872291e-08 4.07036512e-06 2.39101964e-08
1.98538          3.46659146e-07 6.39442770e-04 -2.52075764e-07 3.77514797e-07 6.35691659e-04 -2.75892480e-07 -3.08556516e-08 3.75111108e-06 2.38167161e-08
1.986261         3.06799336e-07 2.67563886e-04 -2.10629856e-07 3.37488532e-07 2.64582710e-04 -2.34311633e-07 -3.06891959e-08 2.98117564e-06 2.36817766e-08
1.987141         3.56845450e-07 3.40238545e-04 -2.70282486e-07 3.87402512e-07 3.37811494e-04 -2.93864338e-07 -3.05570621e-08 2.42705111e-06 2.35818523e-08
1.988022         4.45608931e-07 2.83708321e-04 -3.71494218e-07 4.75983226e-07 2.81923876e-04 -3.94911236e-07 -3.03742953e-08 1.78444466e-06 2.34170176e-08
1.988902         2.91804284e-07 2.11776990e-04 -1.74141842e-07 3.22109366e-07 2.10724557e-04 -1.97522989e-07 -3.03050816e-08 1.05243299e-06 2.33811476e-08
1.989783         4.84792594e-07 3.50432867e-04 -4.07603324e-07 5.15006994e-07 3.49960285e-04 -4.30906496e-07 -3.02144000e-08 4.72581486e-07 2.33031717e-08
1.990663         6.09023242e-07 5.74571177e-04 -5.50720739e-07 6.39114284e-07 5.74491511e-04 -5.73904549e-07 -3.00910421e-08 7.96659371e-08 2.31838106e-08
1.991521         5.30151310e-07 -2.27350157e-04 -4.29409614e-07 5.60155541e-07 -2.26335029e-04 -4.52513719e-07 -3.00042307e-08 -1.01512800e-06 2.31041048e-08
1.992402         7.01687842e-07 3.29085081e-04 -6.50888817e-07 7.31514956e-07 3.30534976e-04 -6.73817151e-07 -2.98271147e-08 -1.44989499e-06 2.29283337e-08
1.99326          7.21054254e-07 3.68394331e-04 -6.68939620e-07 7.50706622e-07 3.70256913e-04 -6.91695099e-07 -2.96523686e-08 -1.86258279e-06 2.27554792e-08
1.994118         9.88007278e-07 1.71137096e-04 -9.41775405e-07 1.01731650e-06 1.73761443e-04 -9.64187885e-07 -2.93092181e-08 -2.62434761e-06 2.24124796e-08
1.994976         5.16082994e-07 2.02242639e-04 -4.55244783e-07 5.45216100e-07 2.05515244e-04 -4.77467405e-07 -2.91331061e-08 -3.27260498e-06 2.22226219e-08
1.995834         8.15805843e-07 4.05635856e-04 -7.85910626e-07 8.44587800e-07 4.09318272e-04 -8.07749043e-07 -2.87819569e-08 -3.68241596e-06 2.18384175e-08
1.996692         8.48535852e-07 5.01248882e-04 -8.27405589e-07 8.77092867e-07 5.05432653e-04 -8.49005254e-07 -2.85570148e-08 -4.18377179e-06 2.15996657e-08
1.997549         8.93716403e-07 1.02453406e-05 -8.49171035e-07 9.22063915e-07 1.50211062e-05 -8.70540614e-07 -2.83475115e-08 -4.77576562e-06 2.13695796e-08
1.998407         1.04367602e-06 5.40950454e-04 -1.05905343e-06 1.07176117e-06 5.46169476e-04 -1.08011575e-06 -2.80851484e-08 -5.21902190e-06 2.10623167e-08
1.999265         1.03766355e-06 -1.14019564e-06 -1.01911346e-06 1.06546219e-06 4.83610578e-06 -1.03983989e-06 -2.77986480e-08 -5.97630142e-06 2.07264302e-08
2.000123         1.18127057e-06 3.67518086e-04 -1.23470003e-06 1.20870977e-06 3.73917949e-04 -1.25499873e-06 -2.74392006e-08 -6.39986370e-06 2.02986964e-08
2.000981         1.25886493e-06 5.22781661e-04 -1.29503854e-06 1.28592987e-06 5.29544847e-04 -1.31490501e-06 -2.70649348e-08 -6.76318575e-06 1.98664681e-08
2.001839         1.14081757e-06 2.16059332e-04 -1.14932883e-06 1.16746700e-06 2.23457620e-04 -1.16871220e-06 -2.66494341e-08 -7.39828857e-06 1.93833720e-08
2.002696         1.27478239e-06 2.36583482e-04 -1.30670109e-06 1.30102597e-06 2.44578458e-04 -1.32560899e-06 -2.62435806e-08 -7.99497566e-06 1.89078924e-08
2.003554         1.27871234e-06 3.24267509e-04 -1.30403984e-06 1.30469808e-06 3.32629084e-04 -1.32264402e-06 -2.59857391e-08 -8.36157526e-06 1.86041815e-08
2.004412         1.44579745e-06 5.52660664e-04 -1.50327908e-06 1.47152222e-06 5.61453472e-04 -1.52157985e-06 -2.57247694e-08 -8.79280805e-06 1.83007681e-08
2.005236         1.49399783e-06 1.79658324e-04 -1.54147930e-06 1.51944157e-06 1.88960154e-04 -1.55945078e-06 -2.54437375e-08 -9.30182976e-06 1.79714852e-08
2.006059         6.60218854e-07 2.68699915e-04 -6.39506880e-07 6.85817039e-07 2.78469499e-04 -6.57620059e-07 -2.55981843e-08 -9.76958411e-06 1.81131784e-08
2.006883         1.32193748e-06 5.32906346e-04 -1.34260205e-06 1.34729652e-06 5.43074459e-04 -1.36043634e-06 -2.53590410e-08 -1.01681133e-05 1.78342840e-08
2.007706         -3.00382537e-06 3.57809003e-04 3.33263209e-06 -2.97652036e-06 3.68329638e-04 3.31275185e-06 -2.73050075e-08 -1.05206351e-05 1.98802415e-08
2.00853          9.39436173e-07 2.08373252e-04 -8.91073437e-07 9.66489590e-07 2.19496351e-04 -9.10672035e-07 -2.70534171e-08 -1.11230985e-05 1.95985985e-08
2.009353         1.50534067e-06 6.23167163e-04 -1.57483188e-06 1.53176219e-06 6.34511113e-04 -1.59372811e-06 -2.64215177e-08 -1.13439500e-05 1.88962242e-08
2.010177         1.44758894e-06 2.77407049e-04 -1.46488758e-06 1.47337628e-06 2.89252883e-04 -1.48310095e-06 -2.57873397e-08 -1.18458347e-05 1.82133672e-08
2.011            1.66473932e-06 1.16798324e-04 -1.71356134e-06 1.68986876e-06 1.29231550e-04 -1.73105409e-06 -2.51294404e-08 -1.24332262e-05 1.74927466e-08
2.011824         3.31301861e-07 6.79976061e-04 -3.72686111e-09 3.56614356e-07 6.92564872e-04 -2.15087695e-08 -2.53124941e-08 -1.25888118e-05 1.77819084e-08
2.012647         1.58390621e-06 7.07281161e-04 -1.62735265e-06 1.60877905e-06 7.20077484e-04 -1.64464433e-06 -2.48728456e-08 -1.27963236e-05 1.72916848e-08
2.013471         7.09079121e-06 3.10186079e-04 -7.68245469e-06 7.11211194e-06 3.23524082e-04 -7.69587765e-06 -2.13207347e-08 -1.33380030e-05 1.34229534e-08
2.014294         -3.13033961e-06 3.50912789e-04 3.39919233e-06 -3.10749077e-06 3.64657135e-04 3.38424589e-06 -2.28488469e-08 -1.37443461e-05 1.49464408e-08
2.015118         1.41106605e-06 3.40021882e-04 -1.47727082e-06 1.43296818e-06 3.54186104e-04 -1.49108973e-06 -2.19021299e-08 -1.41642218e-05 1.38189163e-08
2.015941         1.61518033e-06 3.17547330e-04 -1.66860463e-06 1.63631199e-06 3.32189841e-04 -1.68157398e-06 -2.11316634e-08 -1.46425116e-05 1.29693499e-08
2.016765         1.68143581e-06 8.17164350e-04 -1.76046556e-06 1.70190457e-06 8.31769814e-04 -1.77273071e-06 -2.04687565e-08 -1.46054640e-05 1.22651580e-08
2.017588         1.33878948e-06 6.30706264e-04 -1.44536778e-06 1.35883621e-06 6.45699921e-04 -1.45718998e-06 -2.00467331e-08 -1.49936576e-05 1.18222060e-08
2.018412         1.48237324e-06 1.80914499e-04 -1.59666772e-06 1.50188065e-06 1.96408079e-04 -1.60794076e-06 -1.95074065e-08 -1.54935809e-05 1.12730411e-08
2.019235         1.60014054e-06 4.42299323e-04 -1.73325339e-06 1.61917619e-06 4.58170097e-04 -1.74404466e-06 -1.90356461e-08 -1.58707743e-05 1.07912742e-08
2.020059         1.46834953e-06 8.18842637e-04 -1.62501737e-06 1.48662488e-06 8.34921141e-04 -1.63492445e-06 -1.82753442e-08 -1.60785041e-05 9.90708065e-09
2.020882         6.38632332e-06 4.78100497e-04 -6.96192545e-06 6.40131694e-06 4.94359693e-04 -6.96823741e-06 -1.49936148e-08 -1.62591957e-05 6.31195855e-09
2.021706         1.72913637e-06 2.52210410e-04 -2.10803393e-06 1.74349259e-06 2.69056848e-04 -2.11361992e-06 -1.43562205e-08 -1.68464382e-05 5.58598839e-09
2.022529         1.27969330e-06 7.42671405e-04 -1.35591902e-06 1.29361607e-06 7.59574270e-04 -1.36108703e-06 -1.39227615e-08 -1.69028652e-05 5.16801631e-09
2.023353         1.96352235e-06 7.13168498e-04 -2.41211451e-06 1.97666069e-06 7.30317988e-04 -2.41636085e-06 -1.31383398e-08 -1.71494898e-05 4.24634001e-09
2.024176         1.29750985e-06 5.61506246e-04 -1.51141743e-06 1.31013317e-06 5.79007788e-04 -1.51510436e-06 -1.26233241e-08 -1.75015419e-05 3.68692586e-09
2.025            1.10331897e-06 5.44147761e-04 -1.23378271e-06 1.11548718e-06 5.61813785e-04 -1.23699739e-06 -1.21682061e-08 -1.76660240e-05 3.21467768e-09
2.025779         2.44537936e-06 6.24760772e-04 -2.70368851e-06 2.45641255e-06 6.42838270e-04 -2.70568748e-06 -1.10331820e-08 -1.80774982e-05 1.99897127e-09
2.026558         1.70959337e-06 5.26912163e-04 -1.90245905e-06 1.71984379e-06 5.45173019e-04 -1.90361408e-06 -1.02504185e-08 -1.82608556e-05 1.15503162e-09
2.027337         1.66269044e-06 6.32300862e-04 -1.86871318e-06 1.67213375e-06 6.50738139e-04 -1.86898579e-06 -9.44331665e-09 -1.84372763e-05 2.72609949e-10
2.028115         1.89181425e-06 7.18061178e-04 -2.15355959e-06 1.90031897e-06 7.36704269e-04 -2.15278512e-06 -8.50471741e-09 -1.86430913e-05 -7.74475843e-10
2.028894         2.07358906e-06 7.35208859e-04 -2.36381130e-06 2.08087990e-06 7.54076332e-04 -2.36166730e-06 -7.29083812e-09 -1.88674726e-05 -2.14399659e-09
2.029673         2.85789204e-06 7.71159346e-04 -3.25889206e-06 2.86378522e-06 7.90207239e-04 -3.25519907e-06 -5.89317884e-09 -1.90478923e-05 -3.69299571e-09
2.030452         1.56678990e-06 4.92283659e-04 -1.88794720e-06 1.57191332e-06 5.11673268e-04 -1.88336327e-06 -5.12341337e-09 -1.93896089e-05 -4.58392561e-09
2.031231         1.68702922e-06 6.47292555e-04 -1.96822286e-06 1.69097888e-06 6.66891794e-04 -1.96226195e-06 -3.94966522e-09 -1.95992397e-05 -5.96090506e-09
2.03201          2.07829325e-06 1.16269658e-03 -2.46128414e-06 2.08050016e-06 1.18215428e-03 -2.45326118e-06 -2.20691202e-09 -1.94577021e-05 -8.02295282e-09
2.032771         1.87130285e-06 4.47521662e-04 -2.17795537e-06 1.87232552e-06 4.67409205e-04 -2.16853698e-06 -1.02267058e-09 -1.98875432e-05 -9.41838989e-09
2.033532         1.44992358e-06 7.98736321e-04 -1.67262868e-06 1.45069099e-06 8.18690585e-04 -1.66294528e-06 -7.67409412e-10 -1.99542641e-05 -9.68339784e-09
2.034293         1.70549168e-06 7.36272723e-04 -2.12901332e-06 1.70582046e-06 7.56365928e-04 -2.11879650e-06 -3.28779666e-10 -2.00932045e-05 -1.02168148e-08
2.035054         1.37361130e-06 4.56648714e-04 -1.64323959e-06 1.37359531e-06 4.77122124e-04 -1.63261618e-06 1.59942909e-11 -2.04734105e-05 -1.06234070e-08
2.035815         1.37171088e-06 1.05966096e-03 -1.67411081e-06 1.37129390e-06 1.08019395e-03 -1.66299559e-06 4.16985121e-10 -2.05329907e-05 -1.11152197e-08
2.036576         1.04702297e-06 9.37467656e-04 -1.11811386e-06 1.04625579e-06 9.58070309e-04 -1.10654923e-06 7.67177865e-10 -2.06026525e-05 -1.15646317e-08
2.037338         1.36200227e-06 7.45834644e-04 -1.62535650e-06 1.36071814e-06 7.66557651e-04 -1.61319823e-06 1.28413508e-09 -2.07230071e-05 -1.21582657e-08
2.038099         -3.00970634e-06 5.79861210e-04 3.25372855e-06 -3.00955919e-06 6.00765265e-04 3.26430975e-06 -1.47148162e-10 -2.09040544e-05 -1.05812038e-08
2.03886          4.33477294e-07 1.13159418e-03 -4.25376558e-07 4.33360337e-07 1.15260537e-03 -4.14579797e-07 1.16957622e-10 -2.10111902e-05 -1.07967610e-08
2.039621         8.04299910e-07 7.06569534e-04 -9.06004675e-07 8.03700154e-07 7.27754280e-04 -8.94731130e-07 5.99755099e-10 -2.11847465e-05 -1.12735455e-08
2.040382         7.79001229e-07 7.00608503e-04 -8.42847017e-07 7.77926584e-07 7.21927579e-04 -8.31120710e-07 1.07464505e-09 -2.13190758e-05 -1.17263071e-08
2.041143         9.69795999e-07 9.42357597e-04 -1.09398391e-06 9.68194904e-07 9.63733925e-04 -1.08175318e-06 1.60109566e-09 -2.13763277e-05 -1.22307292e-08
2.041905         9.72257583e-07 1.20006571e-03 -1.11399191e-06 9.70134993e-07 1.22134422e-03 -1.10127741e-06 2.12258995e-09 -2.12785130e-05 -1.27144994e-08
2.042666         1.22349031e-06 9.07515608e-04 -1.42625348e-06 1.22071333e-06 9.29036339e-04 -1.41289678e-06 2.77698171e-09 -2.15207308e-05 -1.33567029e-08
2.043427         1.21424134e-06 7.85954580e-04 -1.40875313e-06 1.21081376e-06 8.07646772e-04 -1.39476162e-06 3.42757650e-09 -2.16921923e-05 -1.39915173e-08
2.044188         6.21017092e-06 7.24461033e-04 -7.04219364e-06 6.20373353e-06 7.46140179e-04 -7.02497155e-06 6.43739077e-09 -2.16791463e-05 -1.72220880e-08
2.044949         -3.84235301e-06 1.10420984e-03 3.99186089e-06 -3.84681226e-06 1.12607236e-03 4.00693285e-06 4.45924285e-09 -2.18625211e-05 -1.50719543e-08
2.04571          1.27458496e-06 1.03630582e-03 -1.70110890e-06 1.26973043e-06 1.05810825e-03 -1.68567574e-06 4.85453462e-09 -2.18024356e-05 -1.54331614e-08
2.046471         1.20740248e-06 9.91763171e-04 -1.12826103e-06 1.20195519e-06 1.01354755e-03 -1.11234863e-06 5.44728618e-09 -2.17843819e-05 -1.59123968e-08
2.047233         1.67431468e-06 9.54206739e-04 -1.99416930e-06 1.66818477e-06 9.76115464e-04 -1.97757789e-06 6.12991082e-09 -2.19087243e-05 -1.65914143e-08
2.047994         1.42466019e-06 8.07276565e-04 -1.70957716e-06 1.41800132e-06 8.29481158e-04 -1.69247875e-06 6.65887116e-09 -2.22045930e-05 -1.70984032e-08
2.048755         1.53804614e-06 9.92043552e-04 -1.85384417e-06 1.53080170e-06 1.01424221e-03 -1.83617269e-06 7.24444613e-09 -2.21986596e-05 -1.76714790e-08
2.049516         1.33048492e-06 1.17652508e-03 -1.78066073e-06 1.32276425e-06 1.19858463e-03 -1.76248743e-06 7.72066634e-09 -2.20595517e-05 -1.81732985e-08
2.050277         7.64214029e-07 1.27366681e-03 -5.67565157e-07 7.56220156e-07 1.29557110e-03 -5.49278384e-07 7.99387290e-09 -2.19042929e-05 -1.82867734e-08
2.051038         -3.29544167e-07 4.91917055e-04 4.55611183e-07 -3.37269673e-07 5.14354178e-04 4.73506464e-07 7.72550531e-09 -2.24371229e-05 -1.78952807e-08
2.051799         1.07058205e-06 1.17766719e-03 -1.18249213e-06 1.06266209e-06 1.19998539e-03 -1.16449075e-06 7.91996014e-09 -2.23182024e-05 -1.80013789e-08
2.052561         1.65230048e-06 1.21740238e-03 -1.98532808e-06 1.64400679e-06 1.23958911e-03 -1.96694192e-06 8.29369120e-09 -2.21867216e-05 -1.83861608e-08
2.053322         1.61007836e-06 1.07743278e-03 -1.87700201e-06 1.60140205e-06 1.09960687e-03 -1.85818727e-06 8.67630792e-09 -2.21740881e-05 -1.88147418e-08
2.054083         4.96994879e-06 1.29312567e-03 -5.80479079e-06 4.95928597e-06 1.31529584e-03 -5.78368068e-06 1.06628187e-08 -2.21701712e-05 -2.11101137e-08
2.054844         5.94242465e-06 8.84237008e-04 -6.85291121e-06 5.92923000e-06 9.06487252e-04 -6.82892868e-06 1.31946557e-08 -2.22502445e-05 -2.39825246e-08
2.055605         2.42630091e-06 9.75477073e-04 -2.81633614e-06 2.41225884e-06 9.97776543e-04 -2.79137405e-06 1.40420656e-08 -2.22994693e-05 -2.49620880e-08
2.056366         1.57199895e-06 1.23251067e-03 -1.79377682e-06 1.55747554e-06 1.25481301e-03 -1.76828827e-06 1.45234054e-08 -2.23023362e-05 -2.54885499e-08
2.057127         1.55932913e-06 1.06717331e-03 -1.82280931e-06 1.54426471e-06 1.08947289e-03 -1.79673115e-06 1.50644242e-08 -2.22995775e-05 -2.60781577e-08
2.057889         1.08575578e-06 1.32431604e-03 -1.28857994e-06 1.07035293e-06 1.34646696e-03 -1.26213449e-06 1.54028516e-08 -2.21509232e-05 -2.64454478e-08
2.05865          1.08739459e-06 1.11312268e-03 -1.32239416e-06 1.07159799e-06 1.13525285e-03 -1.29547932e-06 1.57966002e-08 -2.21301733e-05 -2.69148374e-08
2.059411         1.12578895e-06 8.61735033e-04 -1.24994582e-06 1.10971110e-06 8.83979681e-04 -1.22275327e-06 1.60778482e-08 -2.22446476e-05 -2.71925491e-08
2.060172         2.07292600e-06 1.22033940e-03 -2.64007113e-06 2.05624201e-06 1.24263238e-03 -2.61215182e-06 1.66839929e-08 -2.22929784e-05 -2.79193149e-08
2.060933         1.44271721e-06 1.49552156e-03 -1.80398087e-06 1.42569468e-06 1.51755151e-03 -1.77567768e-06 1.70225296e-08 -2.20299448e-05 -2.83031854e-08
2.061694         1.18232200e-06 1.17701045e-03 -1.51738621e-06 1.16495513e-06 1.19895390e-03 -1.48871893e-06 1.73668638e-08 -2.19434523e-05 -2.86672762e-08
2.062455         1.13324598e-06 8.48607083e-04 -1.29986640e-06 1.11569234e-06 8.70659078e-04 -1.27099269e-06 1.75536335e-08 -2.20519949e-05 -2.88737048e-08
2.063217         2.88476043e-07 1.41806894e-03 -3.24239302e-07 2.71088043e-07 1.44000081e-03 -2.95584258e-07 1.73880000e-08 -2.19318773e-05 -2.86550439e-08
2.063978         -3.68587517e-06 1.10045873e-03 3.76551718e-06 -3.70123581e-06 1.12239046e-03 3.79204377e-06 1.53606355e-08 -2.19317233e-05 -2.65265868e-08
2.064739         -7.96771077e-07 1.23594854e-03 1.39939476e-06 -8.11679752e-07 1.25783360e-03 1.42522753e-06 1.49086753e-08 -2.18850674e-05 -2.58327637e-08
2.0655           2.63952610e-06 1.41719010e-03 -3.37560245e-06 2.62361757e-06 1.43899046e-03 -3.34848550e-06 1.59085343e-08 -2.18003601e-05 -2.71169503e-08
2.066198         1.17659147e-06 1.13108813e-03 -1.33328556e-06 1.16041208e-06 1.15292570e-03 -1.30581775e-06 1.61793906e-08 -2.18375659e-05 -2.74678081e-08
2.066897         5.33113283e-06 1.23232652e-03 -6.55989115e-06 5.31299428e-06 1.25407003e-03 -6.53000187e-06 1.81385560e-08 -2.17435094e-05 -2.98892865e-08
2.067595         1.92683779e-06 1.21097675e-03 -2.47542613e-06 1.90828116e-06 1.23260497e-03 -2.44491977e-06 1.85566337e-08 -2.16282254e-05 -3.05063580e-08
2.068281         1.34618660e-06 1.19002776e-03 -1.66417576e-06 1.32745987e-06 1.21151994e-03 -1.63336818e-06 1.87267381e-08 -2.14921807e-05 -3.08075792e-08
2.068966         -5.69262846e-07 1.41673418e-03 9.60152647e-07 -5.87377068e-07 1.43815226e-03 9.90230687e-07 1.81142219e-08 -2.14180773e-05 -3.00780400e-08
2.069652         6.98303998e-07 1.34352927e-03 -9.21800209e-07 6.80303950e-07 1.36492569e-03 -8.91753822e-07 1.80000478e-08 -2.13964272e-05 -3.00463871e-08
2.070325         2.12218091e-06 1.12771284e-03 -2.65230682e-06 2.10362887e-06 1.14915104e-03 -2.62151013e-06 1.85520444e-08 -2.14382005e-05 -3.07966949e-08
2.070998         1.51945872e-06 1.26420563e-03 -1.77607187e-06 1.50065743e-06 1.28554599e-03 -1.74492018e-06 1.88012942e-08 -2.13403549e-05 -3.11516956e-08
2.071672         1.59257477e-06 1.28655505e-03 -1.94846218e-06 1.57351189e-06 1.30778496e-03 -1.91691942e-06 1.90628799e-08 -2.12299077e-05 -3.15427532e-08
2.072332         3.04962156e-07 1.16877658e-03 -4.05650886e-07 2.86192280e-07 1.18992262e-03 -3.74364052e-07 1.87698764e-08 -2.11460445e-05 -3.12868333e-08
2.072992         2.45664981e-06 1.50276893e-03 -2.96296292e-06 2.43726101e-06 1.52374281e-03 -2.93089856e-06 1.93887927e-08 -2.09738794e-05 -3.20643596e-08
2.073639         2.26867014e-06 1.49158615e-03 -2.76505659e-06 2.24882477e-06 1.51241057e-03 -2.73238015e-06 1.98453638e-08 -2.08244212e-05 -3.26764478e-08
2.074286         4.07582307e-07 1.22294668e-03 -6.28736274e-07 3.88057524e-07 1.24367466e-03 -5.96315833e-07 1.95247828e-08 -2.07279765e-05 -3.24204410e-08
2.074934         1.03090037e-06 1.20822597e-03 -1.27169054e-06 1.01142906e-06 1.22900804e-03 -1.23926605e-06 1.94713063e-08 -2.07820682e-05 -3.24244879e-08
2.075568         9.55484599e-07 1.27791275e-03 -1.37756593e-06 9.36110598e-07 1.29871064e-03 -1.34513569e-06 1.93740013e-08 -2.07978909e-05 -3.24302431e-08
2.076202         4.39103895e-06 1.71937581e-03 -5.47916658e-06 4.37041794e-06 1.73975259e-03 -5.44519762e-06 2.06210092e-08 -2.03767760e-05 -3.39689657e-08
2.076836         7.52861023e-07 1.21336259e-03 -1.01358234e-06 7.32445925e-07 1.23375516e-03 -9.79802059e-07 2.04150978e-08 -2.03925680e-05 -3.37802771e-08
2.077456         4.38660598e-06 9.59236189e-04 -6.18256653e-06 4.36510384e-06 9.79837648e-04 -6.14717389e-06 2.15021439e-08 -2.06014586e-05 -3.53926443e-08
2.078077         -2.19218049e-06 1.57886413e-03 3.32779750e-06 -2.21240690e-06 1.59913601e-03 3.36150499e-06 2.02264171e-08 -2.02718787e-05 -3.37074837e-08
2.078697         1.93822407e-06 1.48811771e-03 -2.50007154e-06 1.91782401e-06 1.50818692e-03 -2.46604616e-06 2.04000584e-08 -2.00692099e-05 -3.40253843e-08
2.079318         -3.28651873e-07 1.32190655e-03 6.88385550e-07 -3.48398843e-07 1.34196788e-03 7.21568893e-07 1.97469702e-08 -2.00613329e-05 -3.31833439e-08
2.079924         2.16359783e-06 1.26840848e-03 -3.05067601e-06 2.14364592e-06 1.28841455e-03 -3.01710660e-06 1.99519083e-08 -2.00060692e-05 -3.35694142e-08
2.08053          7.74070449e-07 1.30517419e-03 -7.43430581e-07 7.54412909e-07 1.32510905e-03 -7.10240330e-07 1.96575401e-08 -1.99348655e-05 -3.31902512e-08
2.081137         8.45959568e-07 1.35769718e-03 -8.95021129e-07 8.26565749e-07 1.37759912e-03 -8.62149171e-07 1.93938194e-08 -1.99019409e-05 -3.28719575e-08
2.081743         9.34829012e-07 1.37015600e-03 -1.02998114e-06 9.15642789e-07 1.38996394e-03 -9.97342399e-07 1.91862226e-08 -1.98079390e-05 -3.26387378e-08
2.082335         1.30745322e-06 1.35799358e-03 -1.38979388e-06 1.28830734e-06 1.37759719e-03 -1.35718721e-06 1.91458751e-08 -1.96036066e-05 -3.26066711e-08
2.082927         5.68459811e-07 1.58618866e-03 -6.02831041e-07 5.49622524e-07 1.60566675e-03 -5.70543566e-07 1.88372873e-08 -1.94780896e-05 -3.22874752e-08
2.083518         3.07426591e-06 1.62080290e-03 -4.24387006e-06 3.05489661e-06 1.64019312e-03 -4.21072929e-06 1.93693071e-08 -1.93902179e-05 -3.31407636e-08
2.08411          1.09031560e-06 1.13613659e-03 -1.18402576e-06 1.07106146e-06 1.15544159e-03 -1.15099668e-06 1.92541360e-08 -1.93049994e-05 -3.30290789e-08
2.084701         9.07079664e-07 1.21483118e-03 -9.47284525e-07 8.88064760e-07 1.23405041e-03 -9.14505965e-07 1.90149035e-08 -1.92192304e-05 -3.27785599e-08
2.085293         1.16648082e-07 1.34269411e-03 1.48565961e-08 9.81414027e-08 1.36192480e-03 4.70330747e-08 1.85066790e-08 -1.92306811e-05 -3.21764786e-08
2.085868         1.66271841e-06 1.53708707e-03 -2.06337867e-06 1.64419335e-06 1.55616920e-03 -2.03111436e-06 1.85250598e-08 -1.90821225e-05 -3.22643087e-08
2.086443         -2.66776936e-06 1.69073862e-03 3.74801009e-06 -2.68492013e-06 1.70956938e-03 3.77852551e-06 1.71507705e-08 -1.88307598e-05 -3.05154218e-08
2.087019         1.24979262e-06 1.26110180e-03 -1.55594635e-06 1.23273913e-06 1.27987943e-03 -1.52544882e-06 1.70534915e-08 -1.87776352e-05 -3.04975293e-08
2.087594         1.81183926e-06 1.17860455e-03 -2.31281276e-06 1.79465386e-06 1.19733477e-03 -2.28206737e-06 1.71853993e-08 -1.87302246e-05 -3.07453873e-08
2.088169         2.78703876e-06 1.41003742e-03 -4.02964535e-06 2.76941572e-06 1.42860622e-03 -3.99815290e-06 1.76230404e-08 -1.85687930e-05 -3.14924453e-08
2.088744         2.10362851e-06 1.45028482e-03 -2.83416716e-06 2.08575692e-06 1.46872944e-03 -2.80227107e-06 1.78715961e-08 -1.84446270e-05 -3.18960885e-08
2.089319         1.66844879e-06 1.78091877e-03 -2.02882537e-06 1.65044905e-06 1.79928546e-03 -1.99676473e-06 1.79997434e-08 -1.83666910e-05 -3.20606402e-08
2.089875         1.30621034e-06 1.33319253e-03 -1.43217024e-06 1.28817713e-06 1.35153242e-03 -1.40007988e-06 1.80332076e-08 -1.83398950e-05 -3.20903585e-08
2.090431         1.87193870e-06 7.72340983e-04 -2.41878341e-06 1.85369133e-06 7.90722450e-04 -2.38635633e-06 1.82473674e-08 -1.83814675e-05 -3.24270716e-08
2.091008         -5.10116626e-07 1.49241284e-03 1.35161510e-06 -5.27796644e-07 1.51062110e-03 1.38320970e-06 1.76800176e-08 -1.82082512e-05 -3.15945961e-08
2.091563         1.37736892e-06 1.80699234e-03 -1.28711915e-06 1.35962674e-06 1.82499204e-03 -1.25550033e-06 1.77421796e-08 -1.79996956e-05 -3.16188172e-08
2.092119         4.71957073e-07 1.46440814e-03 -3.72142469e-07 4.54450104e-07 1.48229597e-03 -3.40815641e-07 1.75069692e-08 -1.78878260e-05 -3.13268278e-08
2.092674         1.41342429e-06 1.39473120e-03 -1.59786804e-06 1.39584610e-06 1.41251761e-03 -1.56644548e-06 1.75781954e-08 -1.77864156e-05 -3.14225590e-08
2.093229         9.91858047e-07 1.23609029e-03 -1.07536491e-06 9.74375444e-07 1.25386301e-03 -1.04404881e-06 1.74826036e-08 -1.77727223e-05 -3.13161016e-08
2.093784         -9.48290362e-08 1.30588400e-03 1.52846945e-08 -1.11790202e-07 1.32357425e-03 4.60667433e-08 1.69611655e-08 -1.76902486e-05 -3.07820488e-08
2.09434          3.83106550e-06 1.54890847e-03 -4.36732988e-06 3.81320167e-06 1.56630643e-03 -4.33552554e-06 1.78638259e-08 -1.73979550e-05 -3.18043365e-08
2.094895         1.65991390e-06 1.49019326e-03 -1.72530139e-06 1.64198512e-06 1.50747407e-03 -1.69347225e-06 1.79287818e-08 -1.72808141e-05 -3.18291393e-08
2.09545          8.88888523e-07 1.43369295e-03 -1.90069561e-07 8.71179618e-07 1.45104809e-03 -1.58702828e-07 1.77089044e-08 -1.73551374e-05 -3.13667331e-08
2.096005         3.64313012e-06 1.35970549e-03 -5.61102832e-06 3.62485957e-06 1.37695230e-03 -5.57864807e-06 1.82705430e-08 -1.72468118e-05 -3.23802463e-08
2.096561         -2.40650788e-07 1.26044290e-03 6.88062277e-07 -2.58231640e-07 1.27750551e-03 7.19567612e-07 1.75808513e-08 -1.70626155e-05 -3.15053353e-08
2.097116         1.72813299e-06 1.48391286e-03 -2.11030695e-06 1.71058911e-06 1.50086799e-03 -2.07879296e-06 1.75438767e-08 -1.69551355e-05 -3.15139841e-08
2.097671         1.51194013e-06 1.48147367e-03 -1.82485257e-06 1.49442967e-06 1.49834638e-03 -1.79336129e-06 1.75104566e-08 -1.68727124e-05 -3.14912752e-08
2.098226         1.76257915e-06 1.42504623e-03 -2.19141941e-06 1.74511010e-06 1.44183827e-03 -2.15996380e-06 1.74690452e-08 -1.67920307e-05 -3.14556083e-08
2.098782         1.18699064e-06 1.44226942e-03 -1.32631036e-06 1.16973274e-06 1.45896642e-03 -1.29516241e-06 1.72578994e-08 -1.66970043e-05 -3.11479441e-08
2.099337         1.25239500e-06 1.35151492e-03 -1.45120521e-06 1.23530692e-06 1.36806208e-03 -1.42032813e-06 1.70880731e-08 -1.65471620e-05 -3.08770790e-08
2.099892         -1.45726168e-06 1.34824683e-03 1.63391401e-06 -1.47321977e-06 1.36468311e-03 1.66340370e-06 1.59580967e-08 -1.64362787e-05 -2.94896828e-08
2.100447         2.47328451e-06 1.21661756e-03 -3.05310472e-06 2.45703196e-06 1.23305421e-03 -3.02335693e-06 1.62525429e-08 -1.64366491e-05 -2.97477948e-08
2.101003         1.11976366e-06 1.41336895e-03 -1.01083657e-06 1.10370709e-06 1.42967568e-03 -9.81516570e-07 1.60565731e-08 -1.63067275e-05 -2.93199983e-08
2.101558         5.58403549e-07 1.70827638e-03 1.87974414e-07 5.42693403e-07 1.72433259e-03 2.16555660e-07 1.57101458e-08 -1.60562075e-05 -2.85812464e-08
2.102113         1.36855639e-06 1.28359457e-03 -1.48903506e-06 1.35293547e-06 1.29960365e-03 -1.46065516e-06 1.56209146e-08 -1.60090874e-05 -2.83798935e-08
2.102668         -1.16013603e-07 1.19923129e-03 6.72209014e-07 -1.31095172e-07 1.21523909e-03 6.99744752e-07 1.50815690e-08 -1.60077922e-05 -2.75357383e-08
2.103224         4.13010201e-07 1.33076034e-03 -6.44229035e-08 3.98253999e-07 1.34663743e-03 -3.74538122e-08 1.47562022e-08 -1.58770882e-05 -2.69690913e-08
2.103779         1.07507213e-06 1.37779578e-03 -9.29308904e-07 1.06041431e-06 1.39352666e-03 -9.02612327e-07 1.46578152e-08 -1.57308811e-05 -2.66965776e-08
2.104334         1.45448996e-06 1.47444733e-03 -1.88720504e-06 1.43979784e-06 1.49009707e-03 -1.86049344e-06 1.46921227e-08 -1.56497466e-05 -2.67115965e-08
2.104889         3.32698145e-06 1.45013509e-03 -3.85838869e-06 3.31159876e-06 1.46569434e-03 -3.83098091e-06 1.53826965e-08 -1.55592467e-05 -2.74077799e-08
2.105445         2.05171118e-06 1.37579747e-03 -2.36536508e-06 2.03608416e-06 1.39122191e-03 -2.33776215e-06 1.56270228e-08 -1.54244377e-05 -2.76029335e-08
2.106            1.50355383e-06 1.32052497e-03 -1.79839676e-06 1.48786368e-06 1.33582365e-03 -1.77077271e-06 1.56901532e-08 -1.52986814e-05 -2.76240545e-08
2.106533         9.30599969e-07 1.31019966e-03 -1.03299004e-06 9.15008819e-07 1.32536433e-03 -1.00552500e-06 1.55911495e-08 -1.51646741e-05 -2.74650395e-08
2.107073         3.31203429e-07 1.35703843e-03 2.43873410e-07 3.15870607e-07 1.37207723e-03 2.70851450e-07 1.53328223e-08 -1.50387979e-05 -2.69780395e-08
2.107613         1.85216630e-06 1.41772985e-03 -2.73220980e-06 1.83662775e-06 1.43261809e-03 -2.70490667e-06 1.55385533e-08 -1.48882402e-05 -2.73031288e-08
2.108153         1.15346301e-06 1.31028276e-03 -1.53979489e-06 1.13792616e-06 1.32511655e-03 -1.51250223e-06 1.55368532e-08 -1.48337891e-05 -2.72926612e-08
2.108693         3.13268326e-07 1.21594732e-03 -9.71765658e-08 2.97964427e-07 1.23079711e-03 -7.02719468e-08 1.53038996e-08 -1.48497846e-05 -2.69046190e-08
2.109233         3.10946258e-06 1.32844952e-03 -3.69584238e-06 3.09340634e-06 1.34310235e-03 -3.66812807e-06 1.60562412e-08 -1.46528298e-05 -2.77143046e-08
2.109773         1.85665611e-06 1.44987083e-03 -2.67740170e-06 1.84040233e-06 1.46426994e-03 -2.64935803e-06 1.62537821e-08 -1.43991104e-05 -2.80436625e-08
2.110314         -1.84490661e-07 1.27701605e-03 4.02915257e-07 -2.00387574e-07 1.29139562e-03 4.30455648e-07 1.58969134e-08 -1.43795715e-05 -2.75403914e-08
2.110854         6.27766590e-07 1.24615755e-03 -5.01381729e-07 6.11851787e-07 1.26052510e-03 -4.73849798e-07 1.59148036e-08 -1.43675543e-05 -2.75319317e-08
2.111394         5.22558713e-07 1.38359479e-03 -8.25001335e-07 5.06515496e-07 1.39782547e-03 -7.97151240e-07 1.60432169e-08 -1.42306844e-05 -2.78500951e-08
2.111934         1.24373599e-06 1.33763941e-03 -1.68393800e-06 1.22730473e-06 1.35174359e-03 -1.65547056e-06 1.64312652e-08 -1.41041838e-05 -2.84674426e-08
2.112474         1.74413142e-06 1.24908307e-03 -2.48261415e-06 1.72714213e-06 1.26308032e-03 -2.45329799e-06 1.69892868e-08 -1.39972424e-05 -2.93161593e-08
2.113014         4.90074049e-07 1.29192481e-03 -1.96765929e-07 4.72973459e-07 1.30578472e-03 -1.67352820e-07 1.71005905e-08 -1.38599106e-05 -2.94131085e-08
2.113554         3.51081458e-07 1.52609111e-03 -3.60914852e-07 3.33993574e-07 1.53967484e-03 -3.31519423e-07 1.70878835e-08 -1.35837314e-05 -2.93954290e-08
2.114094         2.33615234e-07 1.25790375e-03 -3.72841568e-07 2.16624635e-07 1.27138444e-03 -3.43527332e-07 1.69905984e-08 -1.34806969e-05 -2.93142356e-08
2.114634         2.80234387e-07 9.68863527e-04 -4.96050777e-07 2.63283428e-07 9.82432106e-04 -4.66755918e-07 1.69509592e-08 -1.35685782e-05 -2.92948591e-08
2.115174         -3.84734038e-06 1.17027977e-03 5.53316059e-06 -3.86301838e-06 1.18377682e-03 5.56071630e-06 1.56779978e-08 -1.34970550e-05 -2.75557133e-08
2.115715         2.01467691e-06 1.43502347e-03 -2.53243891e-06 1.99841601e-06 1.44837700e-03 -2.50412497e-06 1.62609040e-08 -1.33535284e-05 -2.83139375e-08
2.116255         -1.75927369e-08 1.19839920e-03 4.08135009e-07 -3.38241565e-08 1.21160414e-03 4.36329319e-07 1.62314196e-08 -1.32049489e-05 -2.81943096e-08
2.116795         -3.00603029e-07 1.12928289e-03 5.26526578e-07 -3.16724320e-07 1.14230349e-03 5.54590697e-07 1.61212904e-08 -1.30205997e-05 -2.80641193e-08
2.117335         2.35279532e-07 1.28502871e-03 -9.69644065e-08 2.19114324e-07 1.29791566e-03 -6.88708886e-08 1.61652079e-08 -1.28869547e-05 -2.80935179e-08
2.117875         -2.46916858e-06 1.33043444e-03 4.33406838e-06 -2.48457371e-06 1.34318942e-03 4.36092262e-06 1.54051354e-08 -1.27549752e-05 -2.68542388e-08
2.118415         -7.08820675e-07 1.22133203e-03 1.36054406e-06 -7.23958815e-07 1.23407406e-03 1.38695072e-06 1.51381406e-08 -1.27420358e-05 -2.64066560e-08
2.118955         -3.30857062e-08 1.25337002e-03 6.30029437e-07 -4.81624533e-08 1.26608984e-03 6.56193428e-07 1.50767471e-08 -1.27198265e-05 -2.61639914e-08
2.119495         5.59463600e-07 1.29550899e-03 -5.07099074e-07 5.44210292e-07 1.30790853e-03 -4.80762592e-07 1.52533082e-08 -1.23995421e-05 -2.63364825e-08
2.120035         4.26052274e-08 1.14855613e-03 -4.54367674e-08 2.73976829e-08 1.16071855e-03 -1.91759114e-08 1.52075445e-08 -1.21624231e-05 -2.62608560e-08
2.120575         2.69765847e-07 9.71628046e-04 -1.19070266e-07 2.54536629e-07 9.83882058e-04 -9.29115959e-08 1.52292189e-08 -1.22540116e-05 -2.61586703e-08
2.121115         -3.02153576e-06 1.08109726e-03 3.14204055e-06 -3.03561840e-06 1.09330854e-03 3.16692666e-06 1.40826335e-08 -1.22112842e-05 -2.48861110e-08
2.121667         3.54933862e-06 1.49554999e-03 -4.66567332e-06 3.53413574e-06 1.50746131e-03 -4.63949528e-06 1.52028807e-08 -1.19113214e-05 -2.61780376e-08
2.122207         -6.23295108e-07 1.30035209e-03 1.27695978e-06 -6.38268419e-07 1.31210129e-03 1.30265839e-06 1.49733104e-08 -1.17492029e-05 -2.56986129e-08
2.122759         2.12220647e-07 9.55212715e-04 -1.51995939e-08 1.97210965e-07 9.66917497e-04 1.04118452e-08 1.50096823e-08 -1.17047823e-05 -2.56114391e-08
2.123311         9.23059429e-08 1.05058840e-03 8.54911359e-08 7.73012851e-08 1.06221865e-03 1.10969849e-07 1.50046579e-08 -1.16302497e-05 -2.54787130e-08
2.123863         -2.45295977e-06 1.17468262e-03 3.96734393e-06 -2.46716602e-06 1.18622261e-03 3.99153217e-06 1.42062498e-08 -1.15399855e-05 -2.41882451e-08
2.124416         5.17965636e-06 1.13278472e-03 -7.19722447e-06 5.16386244e-06 1.14415866e-03 -7.17098656e-06 1.57939217e-08 -1.13739420e-05 -2.62379155e-08
2.124968         -7.10742132e-08 1.10534093e-03 2.65479447e-07 -8.67695973e-08 1.11652727e-03 2.91446740e-07 1.56953841e-08 -1.11863328e-05 -2.59672929e-08
2.12552          -7.02210486e-07 1.08632108e-03 8.13854283e-07 -7.17564398e-07 1.09731945e-03 8.39306380e-07 1.53539122e-08 -1.09983784e-05 -2.54520973e-08
2.126072         -4.54187350e-07 1.16142680e-03 7.18501270e-07 -4.69295755e-07 1.17224347e-03 7.43490521e-07 1.51084047e-08 -1.08166741e-05 -2.49892510e-08
2.126624         -1.64023844e-07 9.80269895e-04 3.65174782e-07 -1.78993910e-07 9.91128458e-04 3.89839874e-07 1.49700662e-08 -1.08585635e-05 -2.46650917e-08
2.127176         -2.14430680e-06 9.92179906e-04 3.47298271e-06 -2.15852599e-06 1.00301161e-03 3.49641444e-06 1.42191849e-08 -1.08317064e-05 -2.34317335e-08
2.127728         -4.18467964e-07 1.10678319e-03 7.12848482e-07 -4.32480661e-07 1.11739975e-03 7.35866651e-07 1.40126971e-08 -1.06165624e-05 -2.30181689e-08
2.12828          -1.08522985e-06 1.09827976e-03 1.86828628e-06 -1.09883020e-06 1.10872208e-03 1.89055946e-06 1.36003558e-08 -1.04423198e-05 -2.22731888e-08
2.128832         -3.53677175e-07 1.04729451e-03 9.23885048e-07 -3.67147454e-07 1.05754398e-03 9.45775540e-07 1.34702783e-08 -1.02494713e-05 -2.18904916e-08
2.129385         4.23092755e-07 1.01573128e-03 -2.35213236e-08 4.09468003e-07 1.02585765e-03 -1.68628666e-09 1.36247523e-08 -1.01263754e-05 -2.18350369e-08
2.129937         -3.04652833e-07 1.05911100e-03 1.07008277e-06 -3.18262206e-07 1.06917196e-03 1.09157335e-06 1.36093729e-08 -1.00609625e-05 -2.14905818e-08
2.130489         -3.57356050e-07 1.08372748e-03 5.20694400e-07 -3.70834935e-07 1.09361430e-03 5.41917109e-07 1.34788845e-08 -9.88682204e-06 -2.12227089e-08
2.131041         -9.48485376e-08 1.02277766e-03 1.32097011e-07 -1.08279723e-07 1.03246908e-03 1.53153110e-07 1.34311856e-08 -9.69141236e-06 -2.10560993e-08
2.131593         -6.97184280e-08 8.92934956e-04 5.70857414e-08 -8.31037880e-08 9.02579780e-04 7.79921444e-08 1.33853600e-08 -9.64482418e-06 -2.09064030e-08
2.132145         6.40863950e-08 8.45147082e-04 -2.26316928e-07 5.07109496e-08 8.54739046e-04 -2.05495538e-07 1.33754454e-08 -9.59196446e-06 -2.08213907e-08
2.132697         1.36471920e-06 1.06930462e-03 -2.04870885e-06 1.35093521e-06 1.07867831e-03 -2.02742092e-06 1.37839851e-08 -9.37369216e-06 -2.12879233e-08
2.133249         1.04590702e-06 9.77973323e-04 -1.68396863e-06 1.03180041e-06 9.87184845e-04 -1.66236498e-06 1.41066111e-08 -9.21152207e-06 -2.16036424e-08
2.133801         5.80721553e-07 8.35433677e-04 -1.97395757e-07 5.66408270e-07 8.44625080e-04 -1.75833790e-07 1.43132832e-08 -9.19140289e-06 -2.15619663e-08
2.134354         -3.81667785e-07 8.87138742e-04 4.05675076e-07 -3.95807276e-07 8.96221624e-04 4.26936357e-07 1.41394905e-08 -9.08288268e-06 -2.12612813e-08
2.134906         -1.41384726e-07 9.66255499e-04 -1.16750430e-08 -1.55429449e-07 9.75138987e-04 9.40596860e-09 1.40447230e-08 -8.88348850e-06 -2.10810116e-08
2.135458         -8.23320194e-07 9.82641773e-04 1.08300819e-06 -8.37064620e-07 9.91346295e-04 1.10359477e-06 1.37444261e-08 -8.70452211e-06 -2.05865739e-08
2.13601          -6.74366149e-07 1.16393752e-03 7.93468637e-07 -6.87840993e-07 1.17241640e-03 8.13618735e-07 1.34748446e-08 -8.47888176e-06 -2.01500985e-08
2.136562         2.80291945e-07 8.04968398e-04 -4.52156062e-07 2.66771317e-07 8.13381905e-04 -4.32051932e-07 1.35206283e-08 -8.41350759e-06 -2.01041300e-08
2.137114         -4.71072734e-07 7.19265739e-04 5.75790378e-07 -4.84411659e-07 7.27646744e-04 5.95562187e-07 1.33389252e-08 -8.38100435e-06 -1.97718096e-08
2.137666         6.60516581e-07 8.57275431e-04 -1.20238501e-06 6.46990487e-07 8.65499984e-04 -1.18241333e-06 1.35260932e-08 -8.22455258e-06 -1.99716793e-08
2.138218         1.61599437e-08 8.15449665e-04 4.80752858e-07 2.67174315e-09 8.23521987e-04 5.00453991e-07 1.34882005e-08 -8.07232185e-06 -1.97011330e-08
2.13877          -5.13173317e-07 9.71717029e-04 3.16437145e-07 -5.26477363e-07 9.79584858e-04 3.35871121e-07 1.33040459e-08 -7.86782814e-06 -1.94339758e-08
2.139323         -1.27456627e-06 8.79838737e-04 1.92396822e-06 -1.28744014e-06 8.87552378e-04 1.94269565e-06 1.28738690e-08 -7.71364035e-06 -1.87274276e-08
2.139875         -4.66725900e-07 5.92445648e-04 7.39430669e-07 -4.79442505e-07 6.00178443e-04 7.57863684e-07 1.27166045e-08 -7.73279424e-06 -1.84330149e-08
2.140427         -2.59390382e-07 6.96405773e-04 5.41197818e-07 -2.72020916e-07 7.04043062e-04 5.59420815e-07 1.26305341e-08 -7.63728850e-06 -1.82229976e-08
2.140979         -2.50983933e-07 9.09499171e-04 1.63761484e-07 -2.63509864e-07 9.16925542e-04 1.81857196e-07 1.25259310e-08 -7.42637092e-06 -1.80957122e-08
2.141531         1.22298479e-06 8.65631530e-04 -1.20374409e-06 1.21011126e-06 8.72895421e-04 -1.18537300e-06 1.28735351e-08 -7.26389069e-06 -1.83710898e-08
2.142083         -2.48349577e-07 7.73903546e-04 4.55610228e-07 -2.61084481e-07 7.81006405e-04 4.73664663e-07 1.27349036e-08 -7.10285855e-06 -1.80544344e-08
2.142635         4.56883319e-09 7.17763307e-04 3.89870342e-08 -8.09612727e-09 7.24796950e-04 5.68557040e-08 1.26649605e-08 -7.03364352e-06 -1.78686697e-08
2.143187         -9.81765000e-08 6.58978606e-04 1.84430781e-07 -1.10732943e-07 6.65976484e-04 2.02063912e-07 1.25564432e-08 -6.99787759e-06 -1.76331312e-08
2.143739         -3.68888624e-07 7.83506888e-04 5.40042772e-07 -3.81281996e-07 7.90263247e-04 5.57402290e-07 1.23933719e-08 -6.75635954e-06 -1.73595181e-08
2.144292         -2.89497639e-07 7.94700758e-04 4.26728241e-07 -3.01789807e-07 8.01218466e-04 4.43939190e-07 1.22921682e-08 -6.51770781e-06 -1.72109494e-08
2.144844         -2.05854489e-07 6.43174091e-04 3.59291240e-07 -2.18067052e-07 6.49648577e-04 3.76369678e-07 1.22125631e-08 -6.47448526e-06 -1.70784380e-08
2.145396         4.85621256e-07 6.58141348e-04 -8.11062286e-07 4.73283702e-07 6.64554064e-04 -7.93808423e-07 1.23375539e-08 -6.41271580e-06 -1.72538630e-08
2.145948         1.58117120e-07 7.47937847e-04 -3.09434969e-07 1.45790483e-07 7.54287315e-04 -2.92210548e-07 1.23266370e-08 -6.34946861e-06 -1.72244214e-08
2.1465           3.06196406e-07 6.90500043e-04 -5.37324676e-07 2.93879506e-07 6.96722285e-04 -5.20135053e-07 1.23169006e-08 -6.22224236e-06 -1.71896224e-08
2.147096         -2.86338857e-07 6.66370168e-04 3.38057221e-07 -2.98442059e-07 6.72322151e-04 3.54912052e-07 1.21032024e-08 -5.95198337e-06 -1.68548314e-08
2.1477           -4.36159433e-07 6.97797262e-04 1.51913048e-07 -4.47964200e-07 7.03621353e-04 1.68450519e-07 1.18047670e-08 -5.82409087e-06 -1.65374717e-08
2.148305         7.98349207e-07 6.90539602e-04 -9.65078609e-07 7.86381800e-07 6.96301916e-04 -9.48467867e-07 1.19674071e-08 -5.76231319e-06 -1.66107415e-08
2.148909         2.57785919e-07 4.75556879e-04 -3.33394612e-07 2.45871889e-07 4.81209434e-04 -3.16934832e-07 1.19140300e-08 -5.65255531e-06 -1.64597796e-08
2.149524         2.26981875e-07 4.93342584e-04 -3.12356826e-07 2.15139331e-07 4.98867645e-04 -2.96083048e-07 1.18425445e-08 -5.52506122e-06 -1.62737778e-08
2.150138         1.59352812e-07 6.73418477e-04 1.00941759e-07 1.47628789e-07 6.78762332e-04 1.16894486e-07 1.17240226e-08 -5.34385539e-06 -1.59527275e-08
2.150753         1.64458383e-07 6.16719269e-04 -1.63384131e-07 1.52853472e-07 6.21905814e-04 -1.47697621e-07 1.16049104e-08 -5.18654502e-06 -1.56865099e-08
2.151367         -3.08810197e-06 6.05164887e-04 4.43675667e-06 -3.09844071e-06 6.10194066e-04 4.45064909e-06 1.03387418e-08 -5.02917923e-06 -1.38924199e-08
2.151992         1.69759419e-06 4.43769048e-04 -2.30245656e-06 1.68681389e-06 4.48786562e-04 -2.28808713e-06 1.07803045e-08 -5.01751413e-06 -1.43694303e-08
2.152617         -1.78936605e-07 5.06985276e-04 3.51375964e-07 -1.89463206e-07 5.11893670e-04 3.65282191e-07 1.05266010e-08 -4.90839458e-06 -1.39062272e-08
2.153254         6.06160566e-07 5.81494787e-04 -8.35510295e-07 5.95605726e-07 5.86108682e-04 -8.21685740e-07 1.05548394e-08 -4.61389496e-06 -1.38245545e-08
2.153891         3.87948382e-07 4.82889581e-04 -6.09213831e-07 3.77457405e-07 4.87435902e-04 -5.95568669e-07 1.04909773e-08 -4.54632099e-06 -1.36451621e-08
2.154527         1.43350246e-06 4.20741454e-04 -1.97643566e-06 1.42271337e-06 4.25245212e-04 -1.96254458e-06 1.07890939e-08 -4.50375818e-06 -1.38910809e-08
2.155177         8.02304458e-07 5.59981278e-04 -9.76443241e-07 7.91456308e-07 5.64304680e-04 -9.62686380e-07 1.08481494e-08 -4.32340199e-06 -1.37568612e-08
2.155826         1.57707191e-06 4.89174090e-04 -2.02462528e-06 1.56586920e-06 4.93358829e-04 -2.01061894e-06 1.12027019e-08 -4.18473885e-06 -1.40063486e-08
2.156476         8.88584911e-07 4.02497844e-04 -1.37217516e-06 8.77298460e-07 4.06558305e-04 -1.35817104e-06 1.12864508e-08 -4.06046168e-06 -1.40041187e-08
2.157139         1.43713624e-06 5.47122094e-04 -1.96536423e-06 1.42555252e-06 5.51001257e-04 -1.95112817e-06 1.15837183e-08 -3.87916343e-06 -1.42360679e-08
2.157803         -1.83477126e-06 3.74446634e-04 2.94212912e-06 -1.84538996e-06 3.78249319e-04 2.95488535e-06 1.06186958e-08 -3.80268541e-06 -1.27562281e-08
2.158466         2.02674688e-06 1.94930222e-04 -3.15197132e-06 2.01555119e-06 1.98758922e-04 -3.13850014e-06 1.11956829e-08 -3.82869982e-06 -1.34711774e-08
2.159146         7.38830340e-07 6.76431505e-04 -9.49062715e-07 7.27592407e-07 6.79915155e-04 -9.35680756e-07 1.12379328e-08 -3.48365054e-06 -1.33819591e-08
2.159825         4.51831503e-07 4.66885011e-04 -5.71545663e-07 4.40614965e-07 4.70214101e-04 -5.58321134e-07 1.12165387e-08 -3.32909001e-06 -1.32245295e-08
2.160505         -5.17175034e-07 1.69159001e-04 1.11239677e-06 -5.28017262e-07 1.72536243e-04 1.12495606e-06 1.08422280e-08 -3.37724174e-06 -1.25592932e-08
2.161202         3.36992289e-07 5.06198099e-04 -8.24822197e-07 3.26121758e-07 5.09276192e-04 -8.12248503e-07 1.08705315e-08 -3.07809329e-06 -1.25736939e-08
2.161899         2.00926146e-08 3.33712597e-04 2.94702067e-07 9.30409556e-09 3.36668754e-04 3.06975320e-07 1.07885191e-08 -2.95615698e-06 -1.22732523e-08
2.162596         1.93370620e-07 1.95063507e-04 -4.53334459e-07 1.82564020e-07 1.98027154e-04 -4.41070113e-07 1.08065996e-08 -2.96364713e-06 -1.22643461e-08
2.163314         1.80076431e-07 4.22835099e-04 -2.72196610e-07 1.69260104e-07 4.25607495e-04 -2.60004756e-07 1.08163276e-08 -2.77239630e-06 -1.21918535e-08
2.164032         -1.03145136e-06 3.33078592e-04 1.48094564e-06 -1.04177695e-06 3.35701085e-04 1.49241231e-06 1.03255984e-08 -2.62249229e-06 -1.14666691e-08
2.16475          9.26504707e-07 3.32870559e-04 -1.17310143e-06 9.15840988e-07 3.35346029e-04 -1.16131438e-06 1.06637190e-08 -2.47546952e-06 -1.17870504e-08
2.165467         3.84668099e-07 3.88602736e-04 -5.33651762e-07 3.73906586e-07 3.90902542e-04 -5.21807072e-07 1.07615131e-08 -2.29980574e-06 -1.18446904e-08
2.166185         4.39061556e-07 1.33990979e-04 -5.54555342e-07 4.28165366e-07 1.36201069e-04 -5.42615059e-07 1.08961905e-08 -2.21008986e-06 -1.19402825e-08
2.166928         5.51375439e-07 1.36297846e-04 -7.19648104e-07 5.40280240e-07 1.38406487e-04 -7.07508663e-07 1.10951989e-08 -2.10864157e-06 -1.21394405e-08
2.167672         5.39640744e-07 1.96956488e-04 -7.30265669e-07 5.28346180e-07 1.98936518e-04 -7.17900697e-07 1.12945637e-08 -1.98002988e-06 -1.23649721e-08
2.168415         6.42015826e-07 2.47052261e-04 -8.47764155e-07 6.30477746e-07 2.48872012e-04 -8.35117929e-07 1.15380795e-08 -1.81975152e-06 -1.26462256e-08
2.16919          7.28714384e-07 2.13667493e-04 -8.59762505e-07 7.16889742e-07 2.15435295e-04 -8.46820817e-07 1.18246417e-08 -1.76780213e-06 -1.29416876e-08
2.169964         5.18089161e-07 1.78612858e-04 -7.28321527e-07 5.06107266e-07 1.80279120e-04 -7.15177913e-07 1.19818947e-08 -1.66626238e-06 -1.31436146e-08
2.170738         3.21534838e-08 2.39330095e-04 -5.74055419e-07 2.03050986e-08 2.40735190e-04 -5.60858641e-07 1.18483852e-08 -1.40509554e-06 -1.31967782e-08
2.171513         2.73608493e-07 1.28748368e-04 -1.49927332e-07 2.61752098e-07 1.30030112e-04 -1.36797107e-07 1.18563955e-08 -1.28174304e-06 -1.31302253e-08
2.172287         -3.29570719e-07 1.62847841e-04 5.12841604e-07 -3.41164557e-07 1.64069661e-04 5.25619854e-07 1.15938375e-08 -1.22181982e-06 -1.27782493e-08
2.173104         1.22508935e-06 9.44170695e-05 -1.34787952e-06 1.21302044e-06 9.55286950e-05 -1.33461070e-06 1.20689090e-08 -1.11162549e-06 -1.32688273e-08
2.173922         5.07110294e-07 6.27852085e-05 -5.84806345e-07 4.94923982e-07 6.36973129e-05 -5.71370007e-07 1.21863118e-08 -9.12104372e-07 -1.34363378e-08
2.174739         3.53259491e-07 3.47262245e-04 -4.28149492e-07 3.41004598e-07 3.47948640e-04 -4.14577830e-07 1.22548923e-08 -6.86394896e-07 -1.35716613e-08
2.175557         4.13761489e-07 -1.80944959e-05 -4.10017712e-07 4.01357882e-07 -1.74913317e-05 -3.96251470e-07 1.24036068e-08 -6.03164253e-07 -1.37662424e-08
2.176437         6.29041864e-07 1.08654952e-04 -6.47001278e-07 6.16343200e-07 1.09191260e-04 -6.32893549e-07 1.26986635e-08 -5.36308199e-07 -1.41077282e-08
2.177317         5.29593038e-07 1.09545677e-04 -4.81673063e-07 5.16629837e-07 1.09899323e-04 -4.67278002e-07 1.29632015e-08 -3.53646355e-07 -1.43950603e-08
2.178197         2.06489620e-07 9.21210455e-05 -2.36410305e-07 1.93469974e-07 9.22511301e-05 -2.21866101e-07 1.30196458e-08 -1.30084559e-07 -1.45442034e-08
2.179078         4.36851982e-07 6.47014672e-05 -3.97812799e-07 4.23644947e-07 6.46878518e-05 -3.83010833e-07 1.32070350e-08 1.36154621e-08 -1.48019666e-08
2.179958         -1.70710358e-06 -8.27383038e-05 2.24538495e-06 -1.71942183e-06 -8.28409429e-05 2.25923845e-06 1.23182536e-08 1.02639048e-07 -1.38535009e-08
2.180838         2.03040999e-06 8.06791278e-05 -2.32553659e-06 2.01706361e-06 8.03951842e-05 -2.31043569e-06 1.33463720e-08 2.83943636e-07 -1.51008993e-08
2.181718         2.67959131e-07 8.13441649e-05 -3.26574940e-07 2.54488043e-07 8.08986777e-05 -3.11217386e-07 1.34710886e-08 4.45487186e-07 -1.53575538e-08
2.182775         7.39954444e-08 9.49523767e-06 2.06991398e-07 6.04858247e-08 8.91822615e-06 2.22417255e-07 1.35096197e-08 5.77011523e-07 -1.54258568e-08
2.183831         2.14277523e-07 7.79401337e-05 -1.07597265e-07 2.00591106e-07 7.70414018e-05 -9.18821169e-08 1.36864166e-08 8.98731879e-07 -1.57151484e-08
2.184887         1.09578207e-07 -1.25432302e-04 5.87638424e-08 9.57468272e-08 -1.26371892e-04 7.47056789e-08 1.38313796e-08 9.39589574e-07 -1.59418366e-08
2.185944         1.60420748e-06 -1.83558629e-04 -1.02578837e-06 1.58916573e-06 -1.84688499e-04 -1.00885119e-06 1.50417471e-08 1.12986939e-06 -1.69371884e-08
2.187            2.99572072e-07 5.84797274e-05 -5.76572324e-08 2.84290709e-07 5.71986876e-05 -4.04354663e-08 1.52813639e-08 1.28103982e-06 -1.72217660e-08
2.188095         2.14096465e-07 -1.59069857e-04 -2.76110875e-08 1.98612657e-07 -1.60554803e-04 -1.01026100e-08 1.54838078e-08 1.48494557e-06 -1.75084775e-08
2.18922          -8.80157742e-07 -4.89980464e-05 8.30691352e-07 -8.95031687e-07 -5.07616960e-05 8.47895450e-07 1.48739446e-08 1.76364955e-06 -1.72040977e-08
2.19038          3.02213848e-07 -1.69001237e-04 -1.68644976e-07 2.87049459e-07 -1.70814594e-04 -1.51014487e-07 1.51643885e-08 1.81335751e-06 -1.76304888e-08
2.191578         -8.43811540e-08 -7.94586472e-05 3.42420748e-07 -9.95126516e-08 -8.15016490e-05 3.60078558e-07 1.51314977e-08 2.04300184e-06 -1.76578093e-08
2.192817         1.35308298e-07 -8.46495056e-05 -1.25918742e-08 1.20113264e-07 -8.69619274e-05 5.25902479e-09 1.51950332e-08 2.31242181e-06 -1.78508990e-08
2.194101         2.45309147e-07 -1.95653266e-04 -9.12439762e-08 2.29975914e-07 -1.98081874e-04 -7.31584772e-08 1.53332331e-08 2.42860827e-06 -1.80854990e-08
2.195338         5.53124204e-07 -1.51141766e-04 -4.75720658e-07 5.37475435e-07 -1.53840948e-04 -4.57211105e-07 1.56487691e-08 2.69918209e-06 -1.85095529e-08
2.196529         3.14404783e-07 -1.65286085e-04 -1.98973816e-07 2.98584172e-07 -1.68150243e-04 -1.80199160e-07 1.58206112e-08 2.86415810e-06 -1.87746566e-08
2.19772          2.48907264e-07 -1.65678261e-04 -4.66674000e-08 2.32956792e-07 -1.68769901e-04 -2.77388065e-08 1.59504711e-08 3.09163982e-06 -1.89285935e-08
2.198866         1.22699495e-07 -2.54728202e-04 -2.02239515e-08 1.06704166e-07 -2.57988410e-04 -1.21533053e-09 1.59953298e-08 3.26020743e-06 -1.90086210e-08
2.199967         7.17027414e-07 -2.58911753e-04 -5.79447967e-07 7.00593232e-07 -2.62377100e-04 -5.60016339e-07 1.64341820e-08 3.46534661e-06 -1.94316273e-08
2.201026         3.91404919e-07 -2.14435287e-04 -3.02693637e-07 3.74794491e-07 -2.18083147e-04 -2.83104300e-07 1.66104274e-08 3.64785989e-06 -1.95893370e-08
2.202085         5.98383049e-07 -2.40948707e-04 -3.92881045e-07 5.81355145e-07 -2.44718123e-04 -3.73009403e-07 1.70279034e-08 3.76941613e-06 -1.98716426e-08
2.203102         -4.85626669e-07 -2.48746234e-04 4.82273437e-07 -5.02371947e-07 -2.52755530e-04 5.01882832e-07 1.67452780e-08 4.00929619e-06 -1.96093957e-08
2.204078         2.46730481e-07 -2.82156257e-04 -1.33261018e-07 2.29863785e-07 -2.86376240e-04 -1.13601953e-07 1.68666962e-08 4.21998260e-06 -1.96590643e-08
2.205054         4.95756634e-07 -2.55968162e-04 -3.99437527e-07 4.78621190e-07 -2.60333481e-04 -3.79581820e-07 1.71354446e-08 4.36531922e-06 -1.98557071e-08
2.205989         5.39513283e-07 -3.12413397e-04 -3.38866673e-07 5.22075584e-07 -3.16872169e-04 -3.18828664e-07 1.74376987e-08 4.45877135e-06 -2.00380096e-08
2.206924         -1.18257005e-07 -3.04790124e-04 3.05089124e-07 -1.35601694e-07 -3.09443951e-04 3.24955969e-07 1.73446890e-08 4.65382693e-06 -1.98668452e-08
2.207819         4.64690931e-07 -3.24531161e-04 -2.41313156e-07 4.47161683e-07 -3.29380685e-04 -2.21372091e-07 1.75292483e-08 4.84952447e-06 -1.99410652e-08
2.208674         4.77265136e-07 -3.53065765e-04 -2.86589390e-07 4.59562776e-07 -3.58045167e-04 -2.66565941e-07 1.77023600e-08 4.97940223e-06 -2.00234495e-08
2.20953          7.25309226e-07 -3.44554259e-04 -5.85980850e-07 7.07319236e-07 -3.49654865e-04 -5.65749551e-07 1.79899898e-08 5.10060592e-06 -2.02312999e-08
2.210347         4.73003952e-07 -3.69008355e-04 -2.69598599e-07 4.54857144e-07 -3.74279881e-04 -2.49298051e-07 1.81468085e-08 5.27152599e-06 -2.03005479e-08
2.211164         6.02157336e-07 -2.28485918e-04 -4.69815103e-07 5.83820189e-07 -2.34005315e-04 -4.49385280e-07 1.83371476e-08 5.51939710e-06 -2.04298233e-08
2.211942         3.03034036e-07 -3.84094050e-04 -7.48907595e-08 2.84625099e-07 -3.89666671e-04 -5.45192318e-08 1.84089369e-08 5.57262059e-06 -2.03715277e-08
2.21272          4.31364626e-07 -3.91149987e-04 -2.04126540e-07 4.12808451e-07 -3.96859464e-04 -1.83747835e-07 1.85561752e-08 5.70947739e-06 -2.03787048e-08
2.213459         -4.68517237e-07 -4.20767079e-04 8.04965681e-07 -4.86861503e-07 -4.26633248e-04 8.24998921e-07 1.83442667e-08 5.86616950e-06 -2.00332398e-08
2.214198         -2.13400923e-07 -4.35081050e-04 4.93743991e-07 -2.31651249e-07 -4.41069798e-04 5.13571115e-07 1.82503264e-08 5.98874746e-06 -1.98271240e-08
2.214898         2.17147292e-07 -2.95153316e-04 -3.08669322e-09 1.98809402e-07 -3.01357630e-04 1.67086873e-08 1.83378902e-08 6.20431401e-06 -1.97953805e-08
2.215598         3.35355720e-07 -3.94314635e-04 -9.07722120e-08 3.16880973e-07 -4.00615983e-04 -7.09772959e-08 1.84747472e-08 6.30134758e-06 -1.97949160e-08
2.216298         2.33628562e-08 -4.54095339e-04 6.09243157e-08 4.88880908e-09 -4.60439256e-04 8.06654911e-08 1.84740472e-08 6.34391747e-06 -1.97411754e-08
2.216957         3.86813430e-07 -3.08785009e-04 -1.29806017e-07 3.68192695e-07 -3.15338150e-04 -1.10064329e-07 1.86207351e-08 6.55314176e-06 -1.97416880e-08
2.217616         4.17832481e-07 -4.13249034e-04 -2.08470948e-07 3.99087416e-07 -4.19927732e-04 -1.88730940e-07 1.87450650e-08 6.67869808e-06 -1.97400083e-08
2.218275         3.56377699e-07 -4.81235068e-04 -1.47760507e-07 3.37531168e-07 -4.88012735e-04 -1.28046024e-07 1.88465305e-08 6.77766689e-06 -1.97144831e-08
2.218934         -4.70751667e-07 -3.40841367e-04 5.70557739e-07 -4.89359378e-07 -3.47803343e-04 5.89955095e-07 1.86077114e-08 6.96197635e-06 -1.93973558e-08
2.219593         1.30456455e-07 -3.57560567e-04 9.78570159e-09 1.11832506e-07 -3.64678544e-04 2.90801364e-08 1.86239495e-08 7.11797705e-06 -1.92944348e-08
2.220201         2.04203169e-07 -3.97054355e-04 5.61885605e-08 1.85499154e-07 -4.04308470e-04 7.53872292e-08 1.87040147e-08 7.25411550e-06 -1.91986687e-08
2.220809         -1.56263098e-06 -5.50385970e-04 1.60282038e-06 -1.58083692e-06 -5.57742403e-04 1.62144739e-06 1.82059454e-08 7.35643243e-06 -1.86270098e-08
2.221417         1.86426819e-06 -4.81521987e-04 -1.37706269e-06 1.84533522e-06 -4.89005259e-04 -1.35800886e-06 1.89329703e-08 7.48327229e-06 -1.90538361e-08
2.222026         1.43568001e-07 -2.30055547e-04 1.58440452e-07 1.24510460e-07 -2.37742909e-04 1.77404493e-07 1.90575402e-08 7.68736246e-06 -1.89640411e-08
2.222634         -1.24981268e-08 -4.47800235e-04 3.67121091e-07 -3.16572566e-08 -4.55563684e-04 3.85956367e-07 1.91591298e-08 7.76344862e-06 -1.88352765e-08
2.223242         -5.17687907e-07 -5.53126984e-04 7.57646619e-07 -5.36818469e-07 -5.60911292e-04 7.76234695e-07 1.91305618e-08 7.78430716e-06 -1.85880762e-08
2.22385          4.12576041e-07 -4.62500429e-04 1.12310906e-07 3.93031647e-07 -4.70487052e-04 1.30938002e-07 1.95443942e-08 7.98662275e-06 -1.86270957e-08
2.224459         1.30151057e-07 -4.66697649e-04 2.51877122e-07 1.10304569e-07 -4.74860682e-04 2.70489660e-07 1.98464878e-08 8.16303250e-06 -1.86125379e-08
2.225067         -9.03077555e-07 -4.43569612e-04 9.29217094e-07 -9.22829926e-07 -4.51888500e-04 9.47584932e-07 1.97523713e-08 8.31888800e-06 -1.83678380e-08
2.225675         3.49050430e-06 -4.49162858e-04 -1.08913250e-06 3.46910188e-06 -4.57564849e-04 -1.07016878e-06 2.14024178e-08 8.40199192e-06 -1.89637154e-08
2.226283         -4.22663174e-06 -4.59423986e-04 3.58864874e-06 -4.24692297e-06 -4.67871222e-04 3.60655469e-06 2.02912335e-08 8.44723553e-06 -1.79059486e-08
2.226892         1.10309463e-06 -4.76183315e-04 -5.54646316e-07 1.08203664e-06 -4.84851881e-04 -5.36362960e-07 2.10579924e-08 8.66856534e-06 -1.82833559e-08
2.2275           2.20883023e-07 -5.01764982e-04 3.14369919e-07 1.99380125e-07 -5.10618046e-04 3.32744695e-07 2.15028976e-08 8.85306413e-06 -1.83747757e-08
2.228055         5.33905749e-07 -5.57236120e-04 1.73492853e-07 5.11857071e-07 -5.66172480e-04 1.92051961e-07 2.20486784e-08 8.93635996e-06 -1.85591074e-08
2.228602         2.69505263e-06 -4.49907092e-04 -1.69634474e-06 2.67180562e-06 -4.58991072e-04 -1.67706423e-06 2.32470086e-08 9.08397958e-06 -1.92805076e-08
2.229149         -1.18249973e-06 -3.46771029e-04 5.47545629e-07 -1.20563241e-06 -3.56044038e-04 5.66780359e-07 2.31326796e-08 9.27300907e-06 -1.92347291e-08
2.229689         4.72848190e-07 -4.58595873e-04 5.37296662e-07 4.49331395e-07 -4.67983700e-04 5.56554622e-07 2.35167951e-08 9.38782702e-06 -1.92579598e-08
2.230228         -1.51797491e-07 -5.91398100e-04 7.74890450e-07 -1.75514420e-07 -6.00868231e-04 7.94078719e-07 2.37169292e-08 9.47013038e-06 -1.91882691e-08
2.23076          3.98361609e-07 -4.23912969e-04 3.49620696e-07 3.74284262e-07 -4.33544368e-04 3.68852990e-07 2.40773465e-08 9.63139876e-06 -1.92322941e-08
2.231292         6.05828070e-07 -3.91491742e-04 2.18775415e-07 5.81363576e-07 -4.01292510e-04 2.38061589e-07 2.44644948e-08 9.80076816e-06 -1.92861741e-08
2.231824         6.80362215e-07 -5.62576799e-04 2.36281211e-07 6.55498333e-07 -5.72468527e-04 2.55622866e-07 2.48638825e-08 9.89172766e-06 -1.93416554e-08
2.232349         4.36621066e-07 -5.79015052e-04 4.08809320e-07 4.11410150e-07 -5.88999860e-04 4.28167772e-07 2.52109151e-08 9.98480812e-06 -1.93584515e-08
2.232873         1.16729810e-07 -6.11189398e-04 8.68154582e-07 9.12633237e-08 -6.21276186e-04 8.87427734e-07 2.54664866e-08 1.00867882e-05 -1.92731527e-08
2.23339          4.45072037e-06 -5.98994535e-04 -2.69469361e-06 4.42368158e-06 -6.09198374e-04 -2.67449484e-06 2.70387929e-08 1.02038396e-05 -2.01987707e-08
2.233906         1.00326746e-06 -3.17348607e-04 -4.82453505e-08 9.75732000e-07 -3.27803249e-04 -2.79348341e-08 2.75354641e-08 1.04546422e-05 -2.03105164e-08
2.234415         1.08122256e-06 -3.75418577e-04 -9.80253837e-08 1.05311426e-06 -3.86082482e-04 -7.75485453e-08 2.81082965e-08 1.06639055e-05 -2.04768383e-08
2.234924         2.14093337e-06 -6.49816794e-04 -9.42970476e-07 2.11191849e-06 -6.60561133e-04 -9.22050568e-07 2.90148887e-08 1.07443392e-05 -2.09199074e-08
2.235433         1.16870220e-06 -5.97116980e-04 -2.29807943e-07 1.13910735e-06 -6.07968961e-04 -2.08686137e-07 2.95948588e-08 1.08519814e-05 -2.11218057e-08
2.235934         1.15500445e-06 -4.81688120e-04 -1.68926463e-07 1.12486577e-06 -4.92669740e-04 -1.47634401e-07 3.01386867e-08 1.09816199e-05 -2.12920622e-08
2.236435         1.26500948e-06 -5.07881275e-04 -2.91849779e-07 1.23432883e-06 -5.18988539e-04 -2.70388472e-07 3.06806531e-08 1.11072633e-05 -2.14613078e-08
2.236936         1.05551529e-06 -5.13143499e-04 -1.94491156e-08 1.02436954e-06 -5.24394721e-04 2.10148848e-09 3.11457518e-08 1.12512226e-05 -2.15506041e-08
2.237437         -5.71689685e-06 -5.19255284e-04 4.86697201e-06 -5.74650443e-06 -5.30643665e-04 4.88723607e-06 2.96075751e-08 1.13883814e-05 -2.02640541e-08
2.23793          1.73395616e-08 -5.49108432e-04 8.92389472e-07 -1.23800584e-08 -5.60600312e-04 9.12491787e-07 2.97196200e-08 1.14918802e-05 -2.01023150e-08
2.238423         3.49657866e-07 -5.17875847e-04 6.60385609e-07 3.19808040e-07 -5.29483045e-04 6.80336137e-07 2.98498260e-08 1.16071978e-05 -1.99505275e-08
2.238916         3.36393276e-07 -5.62446689e-04 7.71670691e-07 3.06448764e-07 -5.74250064e-04 7.91421781e-07 2.99445120e-08 1.18033754e-05 -1.97510899e-08
2.239409         -1.10009444e-06 -5.84101457e-04 1.81993655e-06 -1.12974174e-06 -5.96089653e-04 1.83920933e-06 2.96473051e-08 1.19881960e-05 -1.92727757e-08
2.239893         -1.58293779e-07 -5.69740457e-04 1.34728760e-06 -1.87915428e-07 -5.81830422e-04 1.36624562e-06 2.96216483e-08 1.20899657e-05 -1.89580232e-08
2.240378         -4.33164011e-08 -5.82456539e-04 1.08148418e-06 -7.29389793e-08 -5.94646579e-04 1.10017893e-06 2.96225783e-08 1.21900397e-05 -1.86947496e-08
2.240862         5.41442208e-08 -4.46006808e-04 8.53459053e-07 2.45042921e-08 -4.58369384e-04 8.71933264e-07 2.96399287e-08 1.23625757e-05 -1.84742110e-08
2.241347         1.10352378e-06 -4.26111918e-04 -1.51371481e-08 1.07358464e-06 -4.38654479e-04 3.33312625e-09 2.99391456e-08 1.25425603e-05 -1.84702743e-08
2.241832         6.68865760e-07 -5.68969035e-04 5.23099115e-07 6.38718161e-07 -5.81616400e-04 5.41451637e-07 3.01475998e-08 1.26473650e-05 -1.83525224e-08
2.242316         6.17404409e-07 -6.03585143e-04 3.66964808e-07 5.87056154e-07 -6.16313868e-04 3.85243527e-07 3.03482545e-08 1.27287250e-05 -1.82787195e-08
2.242792         6.24771267e-07 -6.12283875e-04 3.95741100e-07 5.94211851e-07 -6.25174567e-04 4.13957629e-07 3.05594161e-08 1.28906928e-05 -1.82165296e-08
2.243267         2.24561901e-06 -6.56001717e-04 -9.48259410e-07 2.21443201e-06 -6.69084087e-04 -9.29770439e-07 3.11869988e-08 1.30823694e-05 -1.84889705e-08
2.243743         5.68997379e-07 -5.39698061e-04 3.91273298e-07 5.37627558e-07 -5.52933638e-04 4.09690562e-07 3.13698211e-08 1.32355768e-05 -1.84172645e-08
2.244219         1.12169680e-06 -4.69009268e-04 -3.99858954e-08 1.08998372e-06 -4.82370115e-04 -2.15320521e-08 3.17130829e-08 1.33608474e-05 -1.84538433e-08
2.244694         2.97344226e-07 -5.03097626e-04 4.78882649e-07 2.65522302e-07 -5.16606127e-04 4.97231404e-07 3.18219233e-08 1.35085007e-05 -1.83487544e-08
2.24517          1.77534346e-06 -4.77501159e-04 -2.37242945e-07 1.74301860e-06 -4.91184634e-04 -2.18773855e-07 3.23248653e-08 1.36834743e-05 -1.84690896e-08
2.245646         1.61233441e-07 -5.01748785e-04 5.98634839e-07 1.28842225e-07 -5.15580010e-04 6.17005427e-07 3.23912165e-08 1.38312247e-05 -1.83705881e-08
2.246121         6.06737083e-07 -4.85588245e-04 3.45578358e-07 5.74172758e-07 -4.99542349e-04 3.63912287e-07 3.25643251e-08 1.39541042e-05 -1.83339290e-08
2.246597         7.16850157e-07 -5.46592290e-04 4.32503141e-07 6.84100323e-07 -5.60686546e-04 4.50778014e-07 3.27498342e-08 1.40942558e-05 -1.82748729e-08
2.247062         -2.31206730e-07 -7.31600117e-04 1.16446055e-06 -2.63905673e-07 -7.45863896e-04 1.18249283e-06 3.26989426e-08 1.42637787e-05 -1.80322847e-08
2.247527         3.18610385e-06 -7.03125276e-04 -5.82201092e-07 3.15249626e-06 -7.17548624e-04 -5.63941420e-07 3.36075988e-08 1.44233477e-05 -1.82596721e-08
2.247993         1.10987329e-06 -5.42150636e-04 3.58872674e-07 1.07601770e-06 -5.56702907e-04 3.77068536e-07 3.38555930e-08 1.45522713e-05 -1.81958620e-08
2.248458         -3.71106264e-06 -5.69052777e-04 4.36179138e-06 -3.74390725e-06 -5.83729570e-04 4.37895090e-06 3.28446148e-08 1.46767934e-05 -1.71595286e-08
2.248923         6.87989457e-07 -3.85251240e-04 4.27472543e-07 6.55013734e-07 -4.00126281e-04 4.44566415e-07 3.29757226e-08 1.48750407e-05 -1.70938713e-08
2.249389         1.13777674e-06 -2.92431592e-04 9.97692803e-08 1.10460977e-06 -3.07529372e-04 1.16860552e-07 3.31669630e-08 1.50977805e-05 -1.70912716e-08
2.249854         9.76627092e-07 -6.19750516e-04 1.83926528e-07 9.43358712e-07 -6.34952653e-04 2.00970002e-07 3.32683792e-08 1.52021377e-05 -1.70434737e-08
2.250319         4.26747140e-06 -7.84355302e-04 -1.60608325e-06 4.23312320e-06 -7.99586678e-04 -1.58854250e-06 3.43481982e-08 1.52313762e-05 -1.75407523e-08
2.250784         4.19229131e-06 -5.61441728e-04 -2.43388930e-06 4.15686155e-06 -5.76856626e-04 -2.41563990e-06 3.54297540e-08 1.54148980e-05 -1.82494038e-08
2.25125          -2.42912011e-07 -4.28642670e-04 7.18703305e-07 -2.78140895e-07 -4.44370557e-04 7.36815588e-07 3.52288846e-08 1.57278869e-05 -1.81122828e-08
2.251715         8.36862811e-07 -4.54582513e-04 3.78057570e-07 8.01524482e-07 -4.70501549e-04 3.96152049e-07 3.53383289e-08 1.59190354e-05 -1.80944791e-08
2.25218          4.19700718e-06 -3.56229829e-04 -2.31879758e-06 4.16067822e-06 -3.72235111e-04 -2.30006104e-06 3.63289610e-08 1.60052817e-05 -1.87365393e-08
2.252646         1.56751824e-06 -4.57493974e-04 -3.07034755e-07 1.53095012e-06 -4.73628989e-04 -2.88188831e-07 3.65681221e-08 1.61350150e-05 -1.88459237e-08
2.253111         2.18312711e-06 -8.67405928e-04 -3.95106203e-07 2.14616500e-06 -8.83687086e-04 -3.76127865e-07 3.69621133e-08 1.62811587e-05 -1.89783374e-08
2.253562         7.78890655e-07 -7.95514112e-04 3.33819330e-07 7.41947454e-07 -8.11947801e-04 3.52719848e-07 3.69432011e-08 1.64336886e-05 -1.89005182e-08
2.254013         5.68634216e-06 -3.11558866e-04 -3.32940028e-06 5.64820154e-06 -3.28220010e-04 -3.30972845e-06 3.81406204e-08 1.66611439e-05 -1.96718278e-08
2.254464         -1.59938258e-06 -2.11085782e-04 2.00616709e-06 -1.63685565e-06 -2.27974989e-04 2.02531962e-06 3.74730732e-08 1.68892068e-05 -1.91525359e-08
2.254916         1.30330128e-07 -5.30665175e-04 8.25084560e-07 9.30671556e-08 -5.47699038e-04 8.44047231e-07 3.72629723e-08 1.70338628e-05 -1.89626707e-08
2.255367         -2.12257046e-07 -6.35101104e-04 8.13821701e-07 -2.49190866e-07 -6.52263105e-04 8.32589151e-07 3.69338195e-08 1.71620019e-05 -1.87674498e-08
2.255818         6.40734422e-07 -6.18308047e-04 5.05468276e-07 6.03882076e-07 -6.35632078e-04 5.24135918e-07 3.68523457e-08 1.73240311e-05 -1.86676424e-08
2.256269         -5.86835196e-06 -7.11737849e-04 5.02611315e-06 -5.90344316e-06 -7.29230646e-04 5.04358086e-06 3.50912012e-08 1.74927969e-05 -1.74677092e-08
2.25672          -4.51548267e-06 -5.66135746e-04 4.41673139e-06 -4.54907561e-06 -5.83812818e-04 4.43315581e-06 3.35929455e-08 1.76770728e-05 -1.64244220e-08
2.257172         -2.34159578e-06 -2.40431469e-04 1.94632572e-06 -2.37424046e-06 -2.58298894e-04 1.96220030e-06 3.26446760e-08 1.78674243e-05 -1.58745806e-08
2.257623         -3.83042827e-07 -3.32849219e-04 1.23876958e-06 -4.15188614e-07 -3.50893474e-04 1.25427436e-06 3.21457870e-08 1.80442545e-05 -1.55047811e-08
2.258074         8.60784737e-07 -4.81902840e-04 3.51497126e-07 8.28759301e-07 -5.00165937e-04 3.66900634e-07 3.20254355e-08 1.82630968e-05 -1.54035083e-08
2.258525         2.93800828e-06 -5.10186476e-04 -9.53354613e-07 2.90551871e-06 -5.28681939e-04 -9.37676509e-07 3.24895735e-08 1.84954637e-05 -1.56781038e-08
2.258976         1.10298265e-06 -5.89027544e-04 1.62372578e-07 1.07061122e-06 -6.07626432e-04 1.77960519e-07 3.23714274e-08 1.85988888e-05 -1.55879409e-08
2.259427         1.44219453e-06 -6.93911857e-04 2.30569777e-07 1.40985657e-06 -7.12546447e-04 2.46068557e-07 3.23379585e-08 1.86345908e-05 -1.54987805e-08
2.259879         3.21726600e-07 -4.42937531e-04 5.13768191e-07 2.89725787e-07 -4.61773656e-04 5.29084488e-07 3.20008127e-08 1.88361251e-05 -1.53162975e-08
2.26033          8.76197646e-07 -3.38191850e-04 6.95378152e-07 8.44376060e-07 -3.57325122e-04 7.10504642e-07 3.18215858e-08 1.91332723e-05 -1.51264903e-08
2.260781         2.83940338e-07 -3.88730887e-04 4.58075402e-07 2.52515409e-07 -4.08109082e-04 4.73036291e-07 3.14249295e-08 1.93781956e-05 -1.49608894e-08
2.261232         1.89308060e-06 -3.25623852e-04 -2.53262383e-07 1.86158556e-06 -3.45248020e-04 -2.38265143e-07 3.14950373e-08 1.96241674e-05 -1.49972405e-08
2.261683         6.82411795e-07 -3.64814315e-04 6.14833572e-07 6.51169721e-07 -3.84658569e-04 6.29662098e-07 3.12420743e-08 1.98442538e-05 -1.48285260e-08
2.262135         4.82399114e-07 -6.30468603e-04 6.85442868e-07 4.51509382e-07 -6.50345414e-04 7.00059877e-07 3.08897318e-08 1.98768111e-05 -1.46170090e-08
2.262586         7.27461459e-07 -6.58706938e-04 6.45057272e-07 6.96870007e-07 -6.78609901e-04 6.59484683e-07 3.05914524e-08 1.99029630e-05 -1.44274104e-08
2.263037         9.97455459e-07 -4.30568118e-04 3.02248772e-07 9.67089517e-07 -4.50734882e-04 3.16562031e-07 3.03659417e-08 2.01667639e-05 -1.43132583e-08
2.263488         1.13605218e-06 -3.87665946e-04 2.87206094e-07 1.10586403e-06 -4.08181715e-04 3.01425512e-07 3.01881466e-08 2.05157692e-05 -1.42194183e-08
2.263939         1.42659189e-06 -3.41673938e-04 6.52201212e-08 1.39651253e-06 -3.62392920e-04 7.93911410e-08 3.00793643e-08 2.07189825e-05 -1.41710198e-08
2.264391         6.67265327e-07 -3.11594407e-04 3.49273803e-07 6.37508790e-07 -3.32416334e-04 3.63299207e-07 2.97565373e-08 2.08219272e-05 -1.40254039e-08
2.264842         -4.11566049e-06 -3.55146763e-04 3.80147772e-06 -4.14388548e-06 -3.76149119e-04 3.81453053e-06 2.82249821e-08 2.10023555e-05 -1.30528116e-08
2.265293         -8.71606312e-08 -3.32995566e-04 1.03295498e-06 -1.14856644e-07 -3.54258917e-04 1.04569717e-06 2.76960123e-08 2.12633513e-05 -1.27421894e-08
2.265744         2.54301308e-06 -3.56743255e-04 -9.45670832e-07 2.51523394e-06 -3.78231522e-04 -9.32803799e-07 2.77791442e-08 2.14882672e-05 -1.28670325e-08
2.266195         8.60557795e-06 -5.19533239e-04 -5.19120230e-06 8.57620227e-06 -5.41161631e-04 -5.17722396e-06 2.93756825e-08 2.16283915e-05 -1.39783402e-08
2.266646         2.03380041e-06 -5.07653462e-04 -7.97314968e-07 2.00459303e-06 -5.29427202e-04 -7.83352455e-07 2.92073798e-08 2.17737401e-05 -1.39625133e-08
2.267098         2.09227900e-06 -3.92410486e-04 -8.23933445e-07 2.06321488e-06 -4.14413604e-04 -8.09965926e-07 2.90641185e-08 2.20031180e-05 -1.39675186e-08
2.267549         2.08814679e-06 -3.37615340e-04 -8.12003281e-07 2.05922769e-06 -3.59889096e-04 -7.98034068e-07 2.89191086e-08 2.22737556e-05 -1.39692128e-08
2.268            1.93017325e-06 -3.49847908e-04 -6.72925702e-07 1.90144895e-06 -3.72311133e-04 -6.58992117e-07 2.87242985e-08 2.24632245e-05 -1.39335848e-08
2.268455         2.61018736e-06 -2.84172725e-04 -1.01967478e-06 2.58147245e-06 -3.06754033e-04 -1.00570195e-06 2.87149052e-08 2.25813074e-05 -1.39728258e-08
2.26891          1.07146073e-05 -3.33233797e-04 -6.39416136e-06 1.06838933e-05 -3.56005078e-04 -6.37886744e-06 3.07140060e-08 2.27712810e-05 -1.52939177e-08
2.269365         -7.95469130e-06 -4.11540223e-04 5.62979304e-06 -7.98267305e-06 -4.34560086e-04 5.64348375e-06 2.79817480e-08 2.30198627e-05 -1.36907108e-08
2.26982          7.67980280e-06 -3.61307183e-04 -3.94776050e-06 7.65045161e-06 -3.84561912e-04 -3.93327512e-06 2.93511867e-08 2.32547284e-05 -1.44853809e-08
2.270275         -1.16986907e-06 -2.25336743e-04 1.41636792e-06 -1.19822721e-06 -2.48856835e-04 1.43027791e-06 2.83581391e-08 2.35200924e-05 -1.39099886e-08
2.270736         -5.14304442e-06 -1.96705399e-04 3.67600194e-06 -5.16934288e-06 -2.20492360e-04 3.68875269e-06 2.62984553e-08 2.37869608e-05 -1.27507450e-08
2.271196         -1.03869678e-06 -3.23496171e-04 1.01035401e-06 -1.06398818e-06 -3.47461630e-04 1.02261562e-06 2.52913972e-08 2.39654582e-05 -1.22616035e-08
2.271657         -1.65263174e-06 -3.08797377e-04 8.87319852e-07 -1.67675104e-06 -3.32939807e-04 8.99097603e-07 2.41193060e-08 2.41424302e-05 -1.17777508e-08
2.272117         -2.89222749e-07 -3.43551875e-04 6.28413321e-07 -3.12606821e-07 -3.67904441e-04 6.39809095e-07 2.33840723e-08 2.43525661e-05 -1.13957742e-08
2.272578         1.21544495e-06 -3.49966520e-04 -7.11975171e-07 1.19240308e-06 -3.74535891e-04 -7.00665846e-07 2.30418673e-08 2.45693711e-05 -1.13093250e-08
2.273033         8.86220816e-07 -2.98694382e-04 -2.58023583e-07 8.63594505e-07 -3.23465018e-04 -2.46902374e-07 2.26263109e-08 2.47706360e-05 -1.11212091e-08
2.273487         -9.88924836e-07 -3.91941979e-04 7.75473723e-07 -1.01065282e-06 -4.16871536e-04 7.86123937e-07 2.17279795e-08 2.49295563e-05 -1.06502136e-08
2.273942         9.41844105e-07 -2.51993673e-04 1.81551824e-07 9.20443784e-07 -2.77140560e-04 1.91948727e-07 2.14003209e-08 2.51468869e-05 -1.03969032e-08
2.274397         6.89936704e-07 7.16599895e-05 -2.37292401e-07 6.68914409e-07 4.61365781e-05 -2.27088452e-07 2.10222951e-08 2.55234114e-05 -1.02039489e-08
2.274852         6.24800811e-07 -4.29415956e-05 -1.21655936e-07 6.04143621e-07 -6.87709575e-05 -1.11655874e-07 2.06571902e-08 2.58293618e-05 -1.00000627e-08
2.275306         2.04807103e-06 -4.80469374e-04 -6.60236607e-07 2.02740699e-06 -5.06320125e-04 -6.50283676e-07 2.06640462e-08 2.58507502e-05 -9.95293147e-09
2.275761         2.92288416e-07 -5.15910201e-04 -8.77337480e-08 2.72159004e-07 -5.41789798e-04 -7.80322822e-08 2.01294125e-08 2.58795972e-05 -9.70146571e-09
2.276216         4.24924679e-07 -9.47451211e-05 -1.05752655e-07 4.05323579e-07 -1.20933517e-04 -9.63506520e-08 1.96011000e-08 2.61883957e-05 -9.40200325e-09
2.27667          4.92131237e-07 1.09387750e-04 2.60738357e-07 4.73111778e-07 8.28416820e-05 2.69726895e-07 1.90194589e-08 2.65460682e-05 -8.98853793e-09
2.277125         1.74686643e-06 -1.18478498e-04 -1.43378970e-06 1.72816338e-06 -1.45304692e-04 -1.42490750e-06 1.87030567e-08 2.68261945e-05 -8.88220955e-09
2.27758          2.27458329e-06 -2.16697675e-04 -1.19582696e-06 2.25603748e-06 -2.43848444e-04 -1.18708635e-06 1.85458072e-08 2.71507693e-05 -8.74060658e-09
2.278034         3.97913719e-07 -2.27401880e-04 -5.05714691e-07 3.80046743e-07 -2.54762245e-04 -4.97294956e-07 1.78669764e-08 2.73603646e-05 -8.41973508e-09
2.278489         3.98747710e-07 -2.92786405e-04 -2.52919775e-07 3.81492769e-07 -3.20179656e-04 -2.44855921e-07 1.72549403e-08 2.73932509e-05 -8.06385373e-09
2.278944         -1.82845394e-07 -2.30215652e-04 1.15812343e-07 -1.99350008e-07 -2.57737449e-04 1.23438167e-07 1.65046145e-08 2.75217968e-05 -7.62582338e-09
2.279399         7.49156238e-07 -1.41008432e-04 -6.53745426e-07 7.33157664e-07 -1.68793307e-04 -6.46371514e-07 1.59985742e-08 2.77848748e-05 -7.37391167e-09
2.279853         -6.38912555e-07 -1.93558932e-04 2.60463448e-07 -6.54062110e-07 -2.21579701e-04 2.67386629e-07 1.51495551e-08 2.80207690e-05 -6.92318181e-09
2.280308         -9.17563934e-07 3.67293404e-05 4.37558186e-07 -9.31811471e-07 8.43408969e-06 4.44005225e-07 1.42475372e-08 2.82952507e-05 -6.44703859e-09
2.280763         5.44109929e-06 9.16587669e-05 -3.55072099e-06 5.42611520e-06 6.30948132e-05 -3.54379281e-06 1.49840970e-08 2.85639537e-05 -6.92818061e-09
2.281217         1.97900667e-06 -8.54318493e-05 -1.14860011e-06 1.96415660e-06 -1.14224819e-04 -1.14174722e-06 1.48500640e-08 2.87929694e-05 -6.85289089e-09
2.281672         6.09211435e-06 -1.74646276e-04 -2.37700169e-06 6.07612231e-06 -2.03674937e-04 -2.36981442e-06 1.59920437e-08 2.90286608e-05 -7.18726211e-09
2.282127         2.07322168e-06 -1.40326106e-04 -1.24830386e-06 2.05732709e-06 -1.69569857e-04 -1.24114102e-06 1.58945996e-08 2.92437505e-05 -7.16284262e-09
2.282582         9.24677050e-07 -1.18972187e-04 -5.44334646e-07 9.09216939e-07 -1.48397813e-04 -5.37379346e-07 1.54601110e-08 2.94256260e-05 -6.95529993e-09
2.283036         1.07467936e-06 -1.32035860e-04 -7.36794174e-07 1.05966423e-06 -1.61672936e-04 -7.30026754e-07 1.50151300e-08 2.96370761e-05 -6.76742006e-09
2.283491         -3.36894948e-06 -1.48571651e-04 2.22210079e-06 -3.38237309e-06 -1.78451458e-04 2.22797666e-06 1.34236013e-08 2.98798069e-05 -5.87586335e-09
2.283946         -1.44568114e-06 -1.52181911e-04 3.90994146e-07 -1.45795071e-06 -1.82291163e-04 3.96375018e-07 1.22695701e-08 3.01092523e-05 -5.38087205e-09
2.2844           1.30093397e-05 1.39660897e-04 -7.76813606e-06 1.29946764e-05 1.09332283e-04 -7.76134114e-06 1.46633328e-08 3.03286150e-05 -6.79491912e-09
2.284855         -5.76200107e-06 1.46883223e-04 2.76068234e-06 -5.77428938e-06 1.16350547e-04 2.76626369e-06 1.22883117e-08 3.05326755e-05 -5.58134549e-09
2.285319         -5.46873186e-07 -8.39098890e-05 -8.16866098e-07 -5.58073847e-07 -1.14661650e-04 -8.11674970e-07 1.12006617e-08 3.07517610e-05 -5.19112873e-09
2.285782         -1.36583896e-06 -1.60604769e-04 1.11737208e-06 -1.37588470e-06 -1.91601611e-04 1.12190484e-06 1.00457349e-08 3.09968419e-05 -4.53276622e-09
2.286237         -1.18070865e-05 -1.41995540e-05 8.17461454e-06 -1.18133317e-05 -4.54162468e-05 8.17684542e-06 6.24515793e-09 3.12166929e-05 -2.23087534e-09
2.286691         1.16625451e-05 1.88565818e-04 -8.03426704e-06 1.16541745e-05 1.57147408e-04 -8.03057526e-06 8.37065384e-09 3.14184102e-05 -3.69178359e-09
2.287155         3.32687812e-06 2.06539394e-05 -2.12775957e-06 3.31828826e-06 -1.09581026e-05 -2.12389473e-06 8.58985976e-09 3.16120420e-05 -3.86484126e-09
2.287619         2.25226606e-06 -1.15889504e-04 -1.94035223e-06 2.24358051e-06 -1.47660228e-04 -1.93631663e-06 8.68555108e-09 3.17707234e-05 -4.03560105e-09
2.288083         -1.88587916e-06 -1.66933972e-05 5.58564979e-08 -1.89362301e-06 -4.86553740e-05 5.96317812e-08 7.74384153e-09 3.19619769e-05 -3.77528325e-09
2.288547         -6.40139481e-07 9.70467899e-05 -1.60617617e-08 -6.47401761e-07 6.48040096e-05 -1.24677774e-08 7.26228006e-09 3.22427803e-05 -3.59398433e-09
2.289011         5.17446166e-07 4.83236355e-05 -5.05575676e-07 5.10381844e-07 1.58266935e-05 -5.02056195e-07 7.06432207e-09 3.24969421e-05 -3.51948089e-09
2.289475         7.99132007e-07 1.01768318e-04 -5.22957789e-07 7.92193835e-07 6.90376814e-05 -5.19512795e-07 6.93817192e-09 3.27306365e-05 -3.44499376e-09
2.289939         6.43074259e-07 1.29790798e-04 -5.81542442e-07 6.36287643e-07 9.68209193e-05 -5.78171663e-07 6.78661556e-09 3.29698784e-05 -3.37077929e-09
2.290403         2.02880245e-06 1.43533564e-04 -1.41853369e-06 2.02173340e-06 1.10354461e-04 -1.41500021e-06 7.06905122e-09 3.31791037e-05 -3.53348233e-09
2.290867         -4.09829500e-06 1.75229236e-04 1.88211295e-06 -4.10412363e-06 1.41848354e-04 1.88502121e-06 5.82863011e-09 3.33808826e-05 -2.90826382e-09
2.291331         6.58810125e-07 4.21192829e-05 -8.21598935e-07 6.52946806e-07 8.56401215e-06 -8.18613512e-07 5.86331893e-09 3.35552707e-05 -2.98542283e-09
2.291795         1.89522856e-06 -1.75748464e-04 -1.15326548e-06 1.88898421e-06 -2.09460290e-04 -1.15009767e-06 6.24435222e-09 3.37118264e-05 -3.16781107e-09
2.292259         1.75276530e-06 1.69155347e-04 -1.44015127e-06 1.74627135e-06 1.35240646e-04 -1.43681899e-06 6.49394439e-09 3.39147007e-05 -3.33228246e-09
2.292723         8.17523167e-07 5.59052640e-04 -8.72236496e-07 8.11054572e-07 5.24906054e-04 -8.68866545e-07 6.46859593e-09 3.41465856e-05 -3.36995140e-09
2.293201         5.17757992e-06 2.57421949e-04 -2.52148444e-06 5.16984296e-06 2.23060380e-04 -2.51762470e-06 7.73696701e-09 3.43615693e-05 -3.85973923e-09
2.293679         -1.30507508e-06 -2.38244456e-04 3.43605087e-07 -1.31227520e-06 -2.72812948e-04 3.47215844e-07 7.20011762e-09 3.45684921e-05 -3.61075736e-09
2.294158         2.21520111e-06 -2.19750337e-05 -1.11134470e-06 2.20754099e-06 -5.67635087e-05 -1.10752993e-06 7.66011802e-09 3.47884750e-05 -3.81476320e-09
2.294636         -6.44101041e-06 5.19180801e-04 2.91166972e-06 -6.44675500e-06 4.84148243e-04 2.91460569e-06 5.74458721e-09 3.50325578e-05 -2.93597392e-09
2.295114         -8.58642921e-07 4.59004351e-04 5.05472775e-08 -8.63952050e-07 4.23744461e-04 5.33392856e-08 5.30912844e-09 3.52598899e-05 -2.79200804e-09
2.295592         2.84976899e-06 -4.43085930e-05 -2.01789114e-06 2.84382688e-06 -7.97175885e-05 -2.01472669e-06 5.94211274e-09 3.54089955e-05 -3.16445467e-09
2.29607          5.03399305e-06 -9.13758277e-05 -2.57803066e-06 5.02673671e-06 -1.26938030e-04 -2.57432317e-06 7.25633302e-09 3.55622021e-05 -3.70748958e-09
2.296548         2.48959351e-06 3.98388911e-04 -1.61632612e-06 2.48189618e-06 3.62592863e-04 -1.61237630e-06 7.69732072e-09 3.57960476e-05 -3.94982704e-09
2.297026         8.43603749e-07 4.70720982e-04 -7.00905541e-07 8.35950407e-07 4.34702593e-04 -6.96950751e-07 7.65334265e-09 3.60183887e-05 -3.95478971e-09
2.297504         2.35589296e-06 2.04199430e-04 -1.79969772e-06 2.34781404e-06 1.67954442e-04 -1.79546107e-06 8.07892565e-09 3.62449881e-05 -4.23665256e-09
2.297982         2.56666899e-06 1.22772238e-04 -1.88015860e-06 2.55806494e-06 8.62637711e-05 -1.87558232e-06 8.60405042e-09 3.65084667e-05 -4.57628137e-09
2.29846          6.82046648e-06 3.16023576e-04 -3.71514590e-06 6.81019398e-06 2.79386319e-04 -3.70975213e-06 1.02725014e-08 3.66372569e-05 -5.39376958e-09
2.298938         1.72753783e-06 3.12456665e-04 -2.82291069e-06 1.71714917e-06 2.75800639e-04 -2.81707627e-06 1.03886641e-08 3.66560261e-05 -5.83442470e-09
2.299442         -1.68679865e-06 3.47274792e-04 6.61430176e-07 -1.69642946e-06 3.10369976e-04 6.66911046e-07 9.63080512e-09 3.69048165e-05 -5.48086974e-09
2.299945         9.40741961e-07 4.59046774e-04 -8.29882859e-07 9.31163974e-07 4.21711133e-04 -8.24410839e-07 9.57798659e-09 3.73356402e-05 -5.47201943e-09
2.300448         2.89598307e-06 2.04873585e-04 -2.41533125e-06 2.88586771e-06 1.67382822e-04 -2.40943417e-06 1.01153583e-08 3.74907622e-05 -5.89707682e-09
2.300951         1.47407051e-07 -4.89869391e-05 -2.90133163e-07 1.37402063e-07 -8.64412942e-05 -2.84298123e-07 1.00049874e-08 3.74543551e-05 -5.83504007e-09
2.301455         2.49474934e-06 3.02015346e-04 -1.53180883e-06 2.48413762e-06 2.64355897e-04 -1.52569837e-06 1.06117133e-08 3.76594495e-05 -6.11045633e-09
2.301958         1.26051095e-06 5.31418937e-04 -6.14106247e-07 1.24974435e-06 4.93420955e-04 -6.08016650e-07 1.07666080e-08 3.79979818e-05 -6.08959756e-09
2.302461         1.34506425e-06 4.69407152e-04 -1.05677803e-06 1.33418681e-06 4.31161569e-04 -1.05066817e-06 1.08774323e-08 3.82455831e-05 -6.10985189e-09
2.302964         -9.31975346e-06 5.34514243e-04 3.41624266e-06 -9.32773484e-06 4.96019934e-04 3.42115228e-06 7.98137986e-09 3.84943085e-05 -4.90962648e-09
2.303468         1.14790370e-05 2.78665573e-04 -5.55090303e-06 1.14681706e-05 2.40053925e-04 -5.54477410e-06 1.08664364e-08 3.86116479e-05 -6.12892605e-09
2.303971         2.45051142e-06 2.84184214e-05 -1.67278704e-06 2.43929617e-06 -1.01790608e-05 -1.66651666e-06 1.12152448e-08 3.85974822e-05 -6.27038106e-09
2.304474         4.12129917e-06 3.46628965e-04 -2.01986302e-06 4.10906332e-06 3.07863146e-04 -2.01329200e-06 1.22358538e-08 3.87658192e-05 -6.57101074e-09
2.304977         -2.08670798e-06 5.25803788e-04 6.58833249e-07 -2.09825189e-06 4.86774135e-04 6.65019513e-07 1.15439055e-08 3.90296530e-05 -6.18626350e-09
2.305481         1.26647381e-06 5.40507171e-04 -6.89432791e-07 1.25460960e-06 5.01255312e-04 -6.83250697e-07 1.18642108e-08 3.92518595e-05 -6.18209361e-09
2.305984         -4.84263367e-06 6.93983655e-04 1.99130753e-06 -4.85309866e-06 6.54458756e-04 1.99679065e-06 1.04649926e-08 3.95248989e-05 -5.48312317e-09
2.306487         6.48876329e-06 3.72999645e-04 -2.20639447e-06 6.47618924e-06 3.33343319e-04 -2.20039428e-06 1.25740483e-08 3.96563265e-05 -6.00018839e-09
2.30699          2.14452295e-06 -8.82359995e-05 -1.17970653e-06 2.13126607e-06 -1.27841696e-04 -1.17351659e-06 1.32568863e-08 3.96056968e-05 -6.18994084e-09
2.307494         1.99558805e-06 4.04068832e-04 -1.30784310e-06 1.98171353e-06 3.64266947e-04 -1.30144973e-06 1.38745188e-08 3.98018856e-05 -6.39337460e-09
2.307997         3.96767930e-06 1.02667035e-03 -2.20698686e-06 3.95265913e-06 9.86413195e-04 -2.20014836e-06 1.50201684e-08 4.02571564e-05 -6.83849861e-09
2.3085           3.85728298e-06 5.47780192e-04 -1.99328001e-06 3.84108976e-06 5.07374689e-04 -1.98599509e-06 1.61932254e-08 4.04055031e-05 -7.28492069e-09
2.30904          4.21377335e-07 3.70278726e-05 -1.23496736e-06 4.05039416e-07 -3.25293802e-06 -1.22741331e-06 1.63379186e-08 4.02808107e-05 -7.55404967e-09
2.30958          5.07247707e-06 4.12666330e-04 -2.35642147e-06 5.05444822e-06 3.72225662e-04 -2.34824943e-06 1.80288446e-08 4.04406676e-05 -8.17204204e-09
2.310128         7.98166052e-07 6.79532212e-04 -6.17829877e-07 7.79835818e-07 6.38788860e-04 -6.09638284e-07 1.83302344e-08 4.07433521e-05 -8.19159337e-09
2.310675         1.29890729e-06 5.43520816e-04 -7.20076175e-07 1.28005465e-06 5.02528345e-04 -7.11801253e-07 1.88526418e-08 4.09924712e-05 -8.27492191e-09
2.31123          8.74714029e-07 5.34499458e-04 -3.00870126e-07 8.55371806e-07 4.93226357e-04 -2.92581493e-07 1.93422233e-08 4.12731009e-05 -8.28863300e-09
2.311786         3.81377457e-07 5.98810444e-04 -8.69582365e-07 3.61738624e-07 5.57484296e-04 -8.61193951e-07 1.96388331e-08 4.13261485e-05 -8.38841393e-09
2.31235          1.36624087e-06 5.94217396e-04 -5.49831718e-07 1.34587076e-06 5.52861049e-04 -5.41356199e-07 2.03701147e-08 4.13563474e-05 -8.47551940e-09
2.312914         -1.11800692e-07 3.39148265e-04 -6.91679835e-07 -1.32360457e-07 2.97628203e-04 -6.83097235e-07 2.05597657e-08 4.15200612e-05 -8.58259968e-09
2.313486         1.39162429e-06 4.14662042e-04 -7.09564191e-07 1.37041761e-06 3.72967868e-04 -7.00861414e-07 2.12066708e-08 4.16941734e-05 -8.70277694e-09
2.314059         2.13874353e-06 7.97599457e-04 -1.19748338e-06 2.11654914e-06 7.55646496e-04 -1.18846441e-06 2.21943892e-08 4.19529608e-05 -9.01897124e-09
2.314642         5.59129123e-07 6.63155575e-04 -3.49425425e-07 5.36393149e-07 6.21065507e-04 -3.40329108e-07 2.27359743e-08 4.20900684e-05 -9.09631637e-09
2.315234         -5.85687117e-06 4.82074395e-04 2.23933927e-06 -5.87803045e-06 4.40002249e-04 2.24773440e-06 2.11592779e-08 4.20721467e-05 -8.39513048e-09
2.315826         -4.20683270e-06 6.48106091e-04 1.65146355e-06 -4.22705056e-06 6.05777973e-04 1.65936309e-06 2.02178656e-08 4.23281180e-05 -7.89953771e-09
2.316429         5.62818181e-06 7.16592657e-04 -1.50681336e-06 5.60535567e-06 6.73955745e-04 -1.49836198e-06 2.28261483e-08 4.26369123e-05 -8.45138162e-09
2.317033         2.64899601e-06 5.47424186e-04 -1.12093600e-06 2.62476831e-06 5.04766273e-04 -1.11210822e-06 2.42276967e-08 4.26579126e-05 -8.82778566e-09
2.317647         3.81721759e-06 5.53226782e-04 -1.53485209e-06 3.79106363e-06 5.10496363e-04 -1.52547571e-06 2.61539623e-08 4.27304193e-05 -9.37637664e-09
2.318262         2.83624336e-06 5.92167859e-04 -1.06443121e-06 2.80852693e-06 5.49297248e-04 -1.05468658e-06 2.77164272e-08 4.28706103e-05 -9.74462826e-09
2.318877         6.51414129e-07 5.08730813e-04 -4.09777709e-07 6.23007667e-07 4.65740962e-04 -3.99951167e-07 2.84064619e-08 4.29898509e-05 -9.82654158e-09
2.319479         3.27095080e-06 5.10922487e-04 -1.49720959e-06 3.24110944e-06 4.67807019e-04 -1.48698766e-06 2.98413570e-08 4.31154680e-05 -1.02219268e-08
2.320082         2.89027462e-07 9.22667574e-04 -8.64603181e-08 2.58739825e-07 8.79332339e-04 -7.63130259e-08 3.02876365e-08 4.33352352e-05 -1.01472922e-08
2.320684         4.01856733e-06 8.47827945e-04 -1.11778712e-06 3.98642552e-06 8.04368466e-04 -1.10735658e-06 3.21418099e-08 4.34594795e-05 -1.04305375e-08
2.321274         1.36303503e-06 7.02159923e-04 -5.49926029e-07 1.33008934e-06 6.58765115e-04 -5.39418743e-07 3.29456914e-08 4.33948083e-05 -1.05072865e-08
2.321864         1.18500002e-05 5.79377595e-04 -4.67457752e-06 1.18128395e-05 5.35845023e-04 -4.66272035e-06 3.71606605e-08 4.35325718e-05 -1.18571722e-08
2.322454         -8.57340608e-06 5.31461846e-04 3.17583196e-06 -8.60807021e-06 4.87730295e-04 3.18661289e-06 3.46641364e-08 4.37315511e-05 -1.07809309e-08
2.323044         -5.18135505e-07 9.60777746e-04 -1.85071989e-07 -5.52885483e-07 9.16893417e-04 -1.74331906e-07 3.47499783e-08 4.38843299e-05 -1.07400829e-08
2.323621         2.77491695e-06 9.17906143e-04 -1.16244130e-06 2.73912414e-06 8.73920733e-04 -1.15148063e-06 3.57928095e-08 4.39854093e-05 -1.09606759e-08
2.324198         2.99651027e-07 4.34830137e-04 4.51972871e-08 2.63860390e-07 3.90955864e-04 5.59405971e-08 3.57906370e-08 4.38742729e-05 -1.07433100e-08
2.324774         -1.32047555e-06 7.01120191e-04 5.32067982e-07 -1.35587576e-06 6.57166062e-04 5.42472031e-07 3.54002115e-08 4.39541292e-05 -1.04040483e-08
2.325351         -8.34070992e-07 9.26106908e-04 2.21513960e-07 -8.69298119e-07 8.81918643e-04 2.31694760e-07 3.52271269e-08 4.41882654e-05 -1.01808000e-08
2.325914         -4.32989293e-06 8.21026596e-04 1.67344159e-06 -4.36408252e-06 7.76737217e-04 1.68302771e-06 3.41895914e-08 4.42893796e-05 -9.58611670e-09
2.326477         3.94593767e-06 7.98910753e-04 -1.42365500e-06 3.91037222e-06 7.54539622e-04 -1.41378028e-06 3.55654468e-08 4.43711308e-05 -9.87471489e-09
2.32704          -8.66774822e-07 5.59075286e-04 -8.89054439e-09 -9.02015857e-07 5.14823961e-04 8.08215551e-10 3.52410356e-08 4.42513248e-05 -9.69875994e-09
2.327603         1.54214625e-06 5.78137076e-04 -5.24585015e-07 1.50647819e-06 5.33958096e-04 -5.14919160e-07 3.56680647e-08 4.41789797e-05 -9.66585512e-09
2.328166         -3.19106152e-07 1.13705145e-03 3.24552285e-07 -3.54513021e-07 1.09259157e-03 3.33896854e-07 3.54068695e-08 4.44598839e-05 -9.34456854e-09
2.32873          2.04488013e-06 9.46596832e-04 -1.02621124e-06 2.00908997e-06 9.01972464e-04 -1.01684733e-06 3.57901601e-08 4.46243684e-05 -9.36391539e-09
2.329293         2.79241946e-06 6.67491558e-04 -1.05024761e-06 2.75606975e-06 6.22802279e-04 -1.04085108e-06 3.63497128e-08 4.46892798e-05 -9.39653169e-09
2.329856         2.43598923e-06 7.27799133e-04 -7.03299949e-07 2.39919329e-06 6.83110212e-04 -6.93928514e-07 3.67959394e-08 4.46889215e-05 -9.37143517e-09
2.330403         6.20967156e-06 6.95949190e-04 -9.84493677e-07 6.17118007e-06 6.51346722e-04 -9.75086067e-07 3.84914813e-08 4.46024677e-05 -9.40761042e-09
2.33095          3.83957986e-06 8.69325429e-04 -1.47248740e-06 3.80050671e-06 8.24734509e-04 -1.46299775e-06 3.90731551e-08 4.45909197e-05 -9.48965592e-09
2.331497         5.52954736e-06 9.69209722e-04 -1.38527276e-06 5.48936745e-06 9.24622562e-04 -1.37567086e-06 4.01799070e-08 4.45871601e-05 -9.60190339e-09
2.332044         -4.22580049e-07 8.81291644e-04 1.56768961e-07 -4.62018617e-07 8.36598774e-04 1.66018709e-07 3.94385684e-08 4.46928698e-05 -9.24974781e-09
2.332591         -1.46829754e-06 8.71360866e-04 6.76994540e-08 -1.50650216e-06 8.26553560e-04 7.65915003e-08 3.82046201e-08 4.48073062e-05 -8.89204636e-09
2.333138         1.26192958e-06 6.55991028e-04 -5.66883936e-07 1.22409326e-06 6.11279042e-04 -5.58170815e-07 3.78363185e-08 4.47119853e-05 -8.71312055e-09
2.333685         7.36586531e-07 6.80021710e-04 -2.46780474e-07 6.99339419e-07 6.35350488e-04 -2.38322151e-07 3.72471123e-08 4.46712215e-05 -8.45832355e-09
2.334232         3.33118887e-06 9.57837059e-04 -8.29870322e-07 3.29371765e-06 9.12968036e-04 -8.21503813e-07 3.74712154e-08 4.48690229e-05 -8.36650854e-09
2.334778         2.54674747e-07 8.94784841e-04 7.14977792e-08 2.17960792e-07 8.49866323e-04 7.95269712e-08 3.67139554e-08 4.49185174e-05 -8.02919193e-09
2.335325         2.05781886e-06 8.43465723e-04 -5.15576296e-07 2.02132667e-06 7.98797730e-04 -5.07706927e-07 3.64921915e-08 4.46679927e-05 -7.86936893e-09
2.335872         4.03131478e-06 9.00406409e-04 -6.39068238e-07 3.99444194e-06 8.55744835e-04 -6.31322551e-07 3.68728370e-08 4.46615740e-05 -7.74568718e-09
2.336419         9.91125071e-07 1.00258457e-03 -3.28034151e-07 9.54905786e-07 9.57684682e-04 -3.20529178e-07 3.62192858e-08 4.48998907e-05 -7.50497249e-09
2.336966         -2.30230011e-06 8.46129242e-04 1.57021963e-07 -2.33665899e-06 8.01262101e-04 1.64125120e-07 3.43588799e-08 4.48671413e-05 -7.10315765e-09
2.337513         -4.09546674e-08 7.41220078e-04 -2.43631263e-07 -7.42313003e-08 6.96524676e-04 -2.36804040e-07 3.32766329e-08 4.46954014e-05 -6.82722312e-09
2.33806          -1.45080185e-06 9.47924876e-04 3.59761795e-07 -1.48248439e-06 9.03098035e-04 3.66145407e-07 3.16825424e-08 4.48268405e-05 -6.38361185e-09
2.338607         1.56487268e-06 1.05003640e-03 -4.13440348e-07 1.53402722e-06 1.00499302e-03 -4.07337882e-07 3.08454621e-08 4.50433763e-05 -6.10246588e-09
2.339154         2.11050450e-06 6.81515350e-04 -6.45552577e-07 2.08049012e-06 6.36750246e-04 -6.39724779e-07 3.00143736e-08 4.47651035e-05 -5.82779759e-09
2.339701         3.75682554e-06 6.98722966e-04 -8.97144271e-07 3.72702333e-06 6.54210447e-04 -8.91440498e-07 2.98022084e-08 4.45125198e-05 -5.70377255e-09
2.340248         -8.68720815e-07 1.19143031e-03 3.52799533e-07 -8.96978088e-07 1.14671404e-03 3.58074878e-07 2.82572735e-08 4.47162756e-05 -5.27534442e-09
2.340795         8.71043307e-07 1.07674051e-03 -2.32300587e-07 8.43706276e-07 1.03194231e-03 -2.27238593e-07 2.73370314e-08 4.47982051e-05 -5.06199360e-09
2.341342         -1.16099586e-06 5.18340656e-04 1.66788861e-07 -1.18660545e-06 4.73844218e-04 1.71517124e-07 2.56095915e-08 4.44964389e-05 -4.72826294e-09
2.341889         1.92116702e-06 7.72664622e-04 -5.08661865e-07 1.89637668e-06 7.28245621e-04 -5.04110471e-07 2.47903395e-08 4.44190012e-05 -4.55139462e-09
2.342436         2.95460745e-06 1.28158456e-03 -6.13875261e-07 2.93014461e-06 1.23689240e-03 -6.09424592e-07 2.44628339e-08 4.46921584e-05 -4.45066868e-09
2.342983         3.88695332e-06 9.55996684e-04 -1.05290513e-06 3.86261917e-06 9.11370849e-04 -1.04843259e-06 2.43341510e-08 4.46258352e-05 -4.47253494e-09
2.34353          5.54757208e-07 6.74696395e-04 -2.47622378e-07 5.31733557e-07 6.30401925e-04 -2.43382130e-07 2.30236518e-08 4.42944696e-05 -4.24024796e-09
2.344077         -2.95273403e-07 8.68280250e-04 1.51399532e-08 -3.16755007e-07 8.24019355e-04 1.90778569e-08 2.14816039e-08 4.42608956e-05 -3.93790365e-09
2.344624         3.74540445e-06 9.63324285e-04 -6.80794539e-07 3.72410191e-06 9.18996140e-04 -6.76941783e-07 2.13025434e-08 4.43281456e-05 -3.85275584e-09
2.345171         2.02123570e-06 9.17381032e-04 -3.74198248e-07 2.00070726e-06 8.73084674e-04 -3.70507125e-07 2.05284395e-08 4.42963573e-05 -3.69112328e-09
2.345718         3.96102007e-06 9.41159286e-04 -1.05379120e-06 3.94068429e-06 8.96895646e-04 -1.05007863e-06 2.03357794e-08 4.42636395e-05 -3.71256872e-09
2.346265         4.92251362e-06 8.23340298e-04 -6.34957088e-07 4.90185743e-06 7.79225944e-04 -6.31297875e-07 2.06561820e-08 4.41143537e-05 -3.65921305e-09
2.346812         -1.72607443e-06 8.39025101e-04 -2.91355818e-09 -1.74476291e-06 7.95043380e-04 4.89813683e-10 1.86884760e-08 4.39817212e-05 -3.40337186e-09
2.347359         4.03824474e-07 9.80062114e-04 -2.45756364e-07 3.86303797e-07 9.36067354e-04 -2.42529860e-07 1.75206772e-08 4.39947604e-05 -3.22650401e-09
2.347906         3.05844860e-06 9.58509986e-04 -8.39544653e-07 3.04125042e-06 9.14548207e-04 -8.36311727e-07 1.71981774e-08 4.39617790e-05 -3.23292589e-09
2.348453         -2.16501363e-06 8.65948627e-04 3.96467834e-07 -2.18028207e-06 8.22114331e-04 3.99367425e-07 1.52684382e-08 4.38342961e-05 -2.89959050e-09
2.349            1.74825498e-06 8.84910434e-04 -4.93981776e-07 1.73367431e-06 8.41210331e-04 -4.91156803e-07 1.45806626e-08 4.37001037e-05 -2.82497322e-09
2.349563         1.63285439e-06 7.88004856e-04 -4.92810979e-07 1.61900449e-06 7.44548530e-04 -4.90061897e-07 1.38499017e-08 4.34563265e-05 -2.74908245e-09
2.350133         2.98357534e-06 9.40535890e-04 -8.13227810e-07 2.97011373e-06 8.97091886e-04 -8.10473570e-07 1.34616101e-08 4.34440041e-05 -2.75424047e-09
2.350704         8.34145670e-07 1.09675752e-03 -2.80485369e-07 8.21758950e-07 1.05314253e-03 -2.77882284e-07 1.23867197e-08 4.36149861e-05 -2.60308522e-09
2.351274         4.75592349e-06 7.85237015e-04 -8.70520164e-07 4.74318079e-06 7.41954643e-04 -8.67865697e-07 1.27427072e-08 4.32823721e-05 -2.65446704e-09
2.351845         -3.15313804e-06 7.33784961e-04 1.49951084e-07 -3.16351484e-06 6.90885671e-04 1.52346462e-07 1.03768023e-08 4.28992902e-05 -2.39537846e-09
2.352424         -7.06602513e-07 1.12019106e-03 4.46509880e-08 -7.15590012e-07 1.07711569e-03 4.68504016e-08 8.98749952e-09 4.30753717e-05 -2.19941360e-09
2.353003         1.78057177e-06 1.03878954e-03 -5.67748346e-07 1.77220091e-06 9.95692414e-04 -5.65549204e-07 8.37085659e-09 4.30971255e-05 -2.19914123e-09
2.353583         5.66703062e-08 5.15838544e-04 -2.33956276e-07 4.94501543e-08 4.73164045e-04 -2.31844784e-07 7.22015194e-09 4.26744989e-05 -2.11149215e-09
2.354162         1.89746301e-06 8.17040797e-04 -6.34799946e-07 1.89078524e-06 7.74533655e-04 -6.32662360e-07 6.67776593e-09 4.25071422e-05 -2.13758610e-09
2.354751         1.65687539e-06 1.01363809e-03 -5.66981178e-07 1.65083286e-06 9.71159570e-04 -5.64841669e-07 6.04252561e-09 4.24785185e-05 -2.13950869e-09
2.35534          1.85384847e-06 9.49742527e-04 -4.87349965e-07 1.84843306e-06 9.07399301e-04 -4.85219794e-07 5.41541480e-09 4.23432260e-05 -2.13017066e-09
2.355929         1.28673516e-06 9.34155931e-04 -3.58008325e-07 1.28218547e-06 8.91965316e-04 -3.55913325e-07 4.54968976e-09 4.21906144e-05 -2.09499966e-09
2.356518         1.00815198e-06 7.24239975e-04 -1.89842474e-07 1.00446200e-06 6.82292562e-04 -1.87818554e-07 3.68998115e-09 4.19474121e-05 -2.02392015e-09
2.357117         -3.33892192e-06 8.08124135e-04 4.83362666e-07 -3.34032445e-06 7.66361137e-04 4.85134134e-07 1.40252357e-09 4.17629978e-05 -1.77146788e-09
2.357717         5.01830391e-07 1.04520486e-03 -8.16491926e-08 5.01209436e-07 1.00351893e-03 -7.99267830e-08 6.20955158e-10 4.16859231e-05 -1.72240960e-09
2.358317         -3.81040086e-07 7.16968298e-04 -1.12766789e-07 -3.80765205e-07 6.75629110e-04 -1.11062370e-07 -2.74880424e-10 4.13391879e-05 -1.70441832e-09
2.358928         -6.46391593e-07 5.58380747e-04 -1.93265679e-07 -6.45234046e-07 5.17497479e-04 -1.91537832e-07 -1.15754710e-09 4.08832681e-05 -1.72784683e-09
2.35954          4.53391259e-06 1.19936186e-03 -1.01000011e-06 4.53407738e-06 1.15831160e-03 -1.00797642e-06 -1.64793338e-10 4.10502590e-05 -2.02368961e-09
2.360151         1.90230422e-06 1.03766488e-03 -4.29807507e-07 1.90233352e-06 9.96672675e-04 -4.27660444e-07 -2.93044010e-11 4.09922019e-05 -2.14706301e-09
2.360776         4.20505245e-07 5.77300690e-04 -3.42701389e-07 4.20773395e-07 5.36803504e-04 -3.40418673e-07 -2.68150041e-10 4.04971861e-05 -2.28271560e-09
2.3614           4.63680251e-06 7.17424545e-04 -4.89065515e-07 4.63549316e-06 6.77222977e-04 -4.86595365e-07 1.30934520e-09 4.02015677e-05 -2.47014981e-09
2.362039         -4.26480159e-07 7.64370151e-04 -5.01584989e-08 -4.27386283e-07 7.24414809e-04 -4.76287753e-08 9.06123572e-10 3.99553411e-05 -2.52972367e-09
2.362677         -2.94419838e-06 7.92571241e-04 8.44755625e-09 -2.94360236e-06 7.52788210e-04 1.09944460e-08 -5.96018492e-10 3.97830313e-05 -2.54688977e-09
2.363316         -1.17353176e-07 8.22003785e-04 -3.10629404e-07 -1.16456488e-07 7.82471583e-04 -3.07955534e-07 -8.96688145e-10 3.95322027e-05 -2.67387008e-09
2.363955         -5.87813409e-08 8.87178715e-04 -2.97634188e-07 -5.75946934e-08 8.47968138e-04 -2.94855277e-07 -1.18664756e-09 3.92105766e-05 -2.77891042e-09
2.36461          -6.02714512e-07 8.56356919e-04 -2.05475217e-07 -6.01004579e-07 8.17306367e-04 -2.02618334e-07 -1.70993247e-09 3.90505527e-05 -2.85688253e-09
2.365265         2.51018341e-06 6.97032036e-04 -6.52474706e-07 2.51121229e-06 6.58249261e-04 -6.49391309e-07 -1.02888252e-09 3.87827747e-05 -3.08339642e-09
2.36592          3.02187793e-07 4.31747066e-04 -3.06934200e-07 3.03440180e-07 3.93459450e-04 -3.03778705e-07 -1.25238727e-09 3.82876169e-05 -3.15549539e-09
2.366593         3.43465244e-06 7.72458832e-04 -4.95656175e-07 3.43485907e-06 7.34336132e-04 -4.92364281e-07 -2.06625395e-10 3.81227003e-05 -3.29189390e-09
2.367267         2.59624457e-06 7.86630388e-04 -7.00785382e-07 2.59596885e-06 7.48741405e-04 -6.97298238e-07 2.75727213e-10 3.78889828e-05 -3.48714363e-09
2.367941         2.30610814e-06 6.44420348e-04 -6.66227863e-07 2.30539516e-06 6.07030349e-04 -6.62542930e-07 7.12981383e-10 3.73899995e-05 -3.68493212e-09
2.368636         -2.52044989e-06 6.38654863e-04 2.07581749e-08 -2.51965525e-06 6.01664519e-04 2.44235674e-08 -7.94638534e-10 3.69903441e-05 -3.66539246e-09
2.369332         1.42379992e-06 7.28766544e-04 -4.34353936e-07 1.42440644e-06 6.92106244e-04 -4.30549496e-07 -6.06526286e-10 3.66602999e-05 -3.80443978e-09
2.370052         1.84153276e-06 8.39722752e-04 -5.22138161e-07 1.84184233e-06 8.03248874e-04 -5.18173510e-07 -3.09575393e-10 3.64738772e-05 -3.96465003e-09
2.370772         1.43843035e-06 2.82583163e-04 -5.34456021e-07 1.43871952e-06 2.46676402e-04 -5.30349403e-07 -2.89166903e-10 3.59067604e-05 -4.10661797e-09
2.371493         2.20300332e-07 6.02717933e-04 -3.86444070e-07 2.21017534e-07 5.67196974e-04 -3.82246234e-07 -7.17201963e-10 3.55209591e-05 -4.19783603e-09
2.372213         4.27182569e-06 9.29701317e-04 -8.27778409e-07 4.27129736e-06 8.94412626e-04 -8.23346162e-07 5.28338043e-10 3.52886913e-05 -4.43224678e-09
2.372964         2.76040236e-07 2.69689591e-04 -4.28638681e-07 2.76004144e-07 2.34987770e-04 -4.24098501e-07 3.60914137e-11 3.47018208e-05 -4.54018022e-09
2.373716         1.15758800e-07 5.04276489e-04 5.06075450e-08 1.15998805e-07 4.69993501e-04 5.50995416e-08 -2.40005552e-10 3.42829882e-05 -4.49199669e-09
2.374468         8.84760502e-07 5.29773075e-04 -2.24532176e-07 8.85039401e-07 4.95962420e-04 -2.19997266e-07 -2.78899291e-10 3.38106546e-05 -4.53490927e-09
2.375259         -8.29427792e-07 5.34279677e-04 1.15378165e-07 -8.28470440e-07 5.01102009e-04 1.19835456e-07 -9.57352052e-10 3.31776679e-05 -4.45729080e-09
2.37605          -1.15457295e-06 3.51455416e-04 -1.68638257e-07 -1.15268232e-06 3.18657945e-04 -1.64151893e-07 -1.89063117e-09 3.27974707e-05 -4.48636377e-09
2.376841         4.51559829e-07 6.39221383e-04 -2.63332893e-07 4.53485696e-07 6.06772671e-04 -2.58762559e-07 -1.92586755e-09 3.24487120e-05 -4.57033339e-09
2.377632         -1.70260669e-07 5.67576543e-04 -4.14535224e-07 -1.67948402e-07 5.35645411e-04 -4.09843842e-07 -2.31226690e-09 3.19311319e-05 -4.69138204e-09
2.37848          2.42614078e-06 3.40847693e-04 -5.15954493e-07 2.42786624e-06 3.09594005e-04 -5.11122661e-07 -1.72545770e-09 3.12536881e-05 -4.83183207e-09
2.379328         1.09663324e-06 2.65525145e-04 -2.94682620e-07 1.09812839e-06 2.34834602e-04 -2.89789934e-07 -1.49514798e-09 3.06905434e-05 -4.89268597e-09
2.380175         3.78957279e-06 3.68809392e-04 -4.08225800e-07 3.78924717e-06 3.38809405e-04 -4.03230398e-07 3.25625475e-10 2.99999873e-05 -4.99540172e-09
2.381023         1.00154836e-06 2.80886987e-04 -3.23520711e-07 1.00088659e-06 2.51469759e-04 -3.18444733e-07 6.61775390e-10 2.94172275e-05 -5.07597766e-09
2.381965         1.07094809e-06 4.27072056e-04 -2.96623821e-07 1.06987012e-06 3.98086965e-04 -2.91450036e-07 1.07797163e-09 2.89850907e-05 -5.17378542e-09
2.382907         -3.98404574e-07 2.77926168e-04 -2.66701594e-07 -3.98955633e-07 2.49640062e-04 -2.61431451e-07 5.51058322e-10 2.82861060e-05 -5.27014227e-09
2.383849         1.50932577e-07 7.53170301e-05 -1.67660081e-07 1.50460029e-07 4.80244065e-05 -1.62336400e-07 4.72548209e-10 2.72926235e-05 -5.32368089e-09
2.384791         4.13109379e-07 2.45529686e-04 -2.19579611e-07 4.12645624e-07 2.18929885e-04 -2.14188255e-07 4.63754948e-10 2.65998005e-05 -5.39135623e-09
2.385733         -2.86729636e-07 3.64268810e-04 -2.24400603e-07 -2.86880034e-07 3.38163704e-04 -2.18916791e-07 1.50398317e-10 2.61051055e-05 -5.48381235e-09
2.386674         1.38235532e-06 -2.83868031e-05 -2.79634433e-07 1.38152523e-06 -5.35092953e-05 -2.74022548e-07 8.30089340e-10 2.51224922e-05 -5.61188504e-09
2.387616         9.99562353e-07 -1.14832482e-04 -3.00819016e-07 9.98341605e-07 -1.39165109e-04 -2.95082163e-07 1.22074759e-09 2.43326270e-05 -5.73685378e-09
2.388558         1.49256305e-06 4.07349846e-04 -1.67400266e-07 1.49055018e-06 3.83721675e-04 -1.61608266e-07 2.01286775e-09 2.36281719e-05 -5.79200044e-09
2.3895           1.08437103e-06 -7.13662084e-05 -2.68850947e-07 1.08191441e-06 -9.41484877e-05 -2.62948160e-07 2.45661245e-09 2.27822793e-05 -5.90278700e-09
2.390566         3.85007829e-07 -7.20143757e-05 -1.54918877e-07 3.82588907e-07 -9.38478729e-05 -1.48942031e-07 2.41892198e-09 2.18334972e-05 -5.97684557e-09
2.391726         -1.26295609e-06 2.20438798e-04 1.08143185e-07 -1.26422693e-06 1.99365677e-04 1.14089910e-07 1.27084659e-09 2.10731205e-05 -5.94672513e-09
2.392922         7.13607141e-07 -2.47120649e-04 -4.26691483e-07 7.12119371e-07 -2.66922130e-04 -4.20522463e-07 1.48776967e-09 1.98014806e-05 -6.16901943e-09
2.394158         2.27714355e-07 -3.48121388e-05 -2.19558078e-07 2.26326618e-07 -5.35946622e-05 -2.13266975e-07 1.38773695e-09 1.87825233e-05 -6.29110289e-09
2.395438         8.38247518e-09 -1.63614046e-05 -1.46893022e-07 7.26117889e-09 -3.40840289e-05 -1.40531886e-07 1.12129629e-09 1.77226243e-05 -6.36113588e-09
2.396718         1.12288343e-06 -3.11153531e-04 -2.66720345e-07 1.12159170e-06 -3.27510835e-04 -2.60306502e-07 1.29172579e-09 1.63573044e-05 -6.41384251e-09
2.398049         1.02793368e-07 -1.74272993e-04 -9.01301623e-08 1.01977515e-07 -1.89311990e-04 -8.37495607e-08 8.15853306e-10 1.50389968e-05 -6.38060158e-09
2.399438         4.99105733e-07 -2.21478508e-04 -1.27995570e-07 4.98539297e-07 -2.35163605e-04 -1.21610957e-07 5.66436420e-10 1.36850967e-05 -6.38461224e-09
2.400894         -3.52818028e-07 -1.89558620e-04 -6.49772859e-08 -3.52790441e-07 -2.01960491e-04 -5.85687817e-08 -2.75873641e-11 1.24018719e-05 -6.40850422e-09
2.402349         -3.71039662e-07 -4.22954411e-04 -8.66329728e-08 -3.70303368e-07 -4.33786167e-04 -8.02091252e-08 -7.36294286e-10 1.08317559e-05 -6.42384763e-09
2.403885         -1.11884952e-07 -4.38299506e-04 -8.32190185e-08 -1.10563839e-07 -4.47515392e-04 -7.68213841e-08 -1.32111325e-09 9.21588631e-06 -6.39763444e-09
2.405336         7.22427251e-07 -4.15382769e-04 -1.43693560e-07 7.23631945e-07 -4.22975595e-04 -1.37259149e-07 -1.20469446e-09 7.59282593e-06 -6.43441056e-09
2.406787         1.84944114e-07 -4.20148488e-04 -1.70321272e-07 1.86465974e-07 -4.26301692e-04 -1.63845873e-07 -1.52186001e-09 6.15320408e-06 -6.47539889e-09
2.408238         3.13134157e-07 -5.46430291e-04 -1.03543677e-07 3.14885636e-07 -5.50987693e-04 -9.70725251e-08 -1.75147955e-09 4.55740257e-06 -6.47115206e-09
2.409688         1.24712907e-07 -4.97825822e-04 -7.21902572e-08 1.26863246e-07 -5.00785645e-04 -6.57490253e-08 -2.15033889e-09 2.95982285e-06 -6.44123185e-09
2.411139         5.43301843e-08 -5.84875424e-04 -6.45407217e-08 5.69867573e-08 -5.86242282e-04 -5.81399450e-08 -2.65657308e-09 1.36685817e-06 -6.40077669e-09
2.41259          2.70812078e-07 -7.20385346e-04 -9.33523437e-08 2.73766457e-07 -7.20004334e-04 -8.69782901e-08 -2.95437913e-09 -3.81012205e-07 -6.37405367e-09
2.414041         -8.56725708e-08 -4.90898173e-04 -2.62160735e-08 -8.21037077e-08 -4.89075524e-04 -1.99105520e-08 -3.56886310e-09 -1.82264874e-06 -6.30552143e-09
2.415371         1.80270319e-07 -7.97922324e-04 -7.35214429e-08 1.84303088e-07 -7.94380225e-04 -6.72501450e-08 -4.03276920e-09 -3.54209917e-06 -6.27129787e-09
2.416701         -1.11537941e-07 -7.77200446e-04 -6.54372224e-09 -1.06765526e-07 -7.72056851e-04 -3.53878400e-10 -4.77241570e-09 -5.14359420e-06 -6.18984384e-09
2.418031         -2.21537797e-07 -6.98423859e-04 7.14442674e-08 -2.15900382e-07 -6.91810891e-04 7.75068388e-08 -5.63741536e-09 -6.61296818e-06 -6.06257138e-09
2.419361         -5.67696002e-07 -5.83229092e-04 -9.74553878e-09 -5.60863488e-07 -5.75228312e-04 -3.77569849e-09 -6.83251422e-09 -8.00078015e-06 -5.96984029e-09
2.420691         1.95295900e-07 -8.77034852e-04 -4.07943108e-08 2.02801977e-07 -8.67456659e-04 -3.48924661e-08 -7.50607682e-09 -9.57819365e-06 -5.90184468e-09
2.42202          9.27920607e-07 -7.59834437e-04 3.33592986e-09 9.35533621e-07 -7.48773195e-04 9.11845758e-09 -7.61301377e-09 -1.10612415e-05 -5.78252772e-09
2.42335          -1.74035681e-07 -8.95648160e-04 1.29039031e-08 -1.65485156e-07 -8.82955616e-04 1.85825519e-08 -8.55052446e-09 -1.26925440e-05 -5.67864887e-09
2.42468          1.44312013e-07 -7.66197596e-04 -1.05651993e-07 1.53563418e-07 -7.51989548e-04 -1.00015907e-07 -9.25140470e-09 -1.42080476e-05 -5.63608592e-09
2.42601          -2.01201086e-07 -8.78087166e-04 -2.82139228e-08 -1.91093858e-07 -8.62421562e-04 -2.26655384e-08 -1.01072281e-08 -1.56656037e-05 -5.54838436e-09
2.42734          -2.93768328e-07 -9.63599506e-04 -4.49937204e-08 -2.82846015e-07 -9.46349241e-04 -3.95194528e-08 -1.09223132e-08 -1.72502658e-05 -5.47426753e-09
2.42867          -2.49197009e-07 -8.95390990e-04 -4.70102542e-08 -2.37576890e-07 -8.76685774e-04 -4.16180726e-08 -1.16201191e-08 -1.87052160e-05 -5.39218159e-09
2.43             -2.58226599e-07 -8.98222543e-04 -4.58941571e-08 -2.45969878e-07 -8.78089638e-04 -4.05590167e-08 -1.22567214e-08 -2.01329055e-05 -5.33514038e-09
