A,psi_c,rf,t_p,t_rec,T,f,duty,dphi,F0,F5,F10,Fz0,P0,eff0,M,vtip,inrange
40,90,1.0,0.4166666666666667,0.45,0.8666666666666667,1.1538461538461537,0.4807692307692308,65.0,19.025660743001346,0.7456129826886659,-13.338177960073532,4.766746610951312,7.029002775510183,2.706736837448526,8.531278779727858,0.25045221987493943,False
40,90,1.0,0.4166666666666667,0.6,1.0166666666666666,0.9836065573770493,0.40983606557377056,65.0,17.733162469099476,2.064813387718302,-10.197113830439266,4.063456127368332,5.4359226325954415,3.262217597205312,8.531278779727858,0.25045221987493943,False
40,90,1.0,0.4166666666666667,0.8,1.2166666666666668,0.821917808219178,0.3424657534246575,65.0,15.76731951505913,2.5794879004256868,-7.952084729979536,3.3954907365680578,4.193885380611865,3.7595971477786936,8.531278779727858,0.25045221987493943,False
40,90,1.0,0.4166666666666667,1.0,1.4166666666666667,0.7058823529411764,0.29411764705882354,65.0,14.030460858704304,2.622765308442758,-6.667023441340192,2.916127338464332,3.4222475776761496,4.099779615661698,8.531278779727858,0.25045221987493943,False
40,90,1.0,0.4166666666666667,1.3,1.7166666666666668,0.5825242718446602,0.24271844660194175,65.0,11.951125787568966,2.4359049853532753,-5.533734881632211,2.4065128521307595,2.6874029194516984,4.447091167857819,8.531278779727858,0.25045221987493943,False
40,90,1.25,0.33333333333333337,0.45,0.7833333333333334,1.276595744680851,0.425531914893617,65.0,28.277797878172027,7.407533826419735,-9.42116014452299,6.592309142805004,10.527521959558193,2.6860830104940248,13.33012309332371,0.31306527484367486,False
40,90,1.25,0.33333333333333337,0.6,0.9333333333333333,1.0714285714285714,0.35714285714285715,65.0,25.382947361662207,7.773854132013096,-6.6291645808134305,5.532830887711343,8.22994050644692,3.084220030725433,13.33012309332371,0.31306527484367486,False
40,90,1.25,0.33333333333333337,0.8,1.1333333333333333,0.8823529411764706,0.2941176470588236,65.0,21.922595091725473,7.318894580485178,-4.848697914077398,4.556448966350518,6.403515008196645,3.4235252144586297,13.33012309332371,0.31306527484367486,False
40,90,1.25,0.33333333333333337,1.0,1.3333333333333335,0.7499999999999999,0.25,65.0,19.153891432848514,6.653965824494392,-3.9488283172834158,3.87298162139794,5.252205398439729,3.6468283282558893,13.33012309332371,0.31306527484367486,False
40,90,1.25,0.33333333333333337,1.3,1.6333333333333333,0.6122448979591837,0.20408163265306126,65.0,16.0274295689553,5.717147226870453,-3.256979241600762,3.1616176501207676,4.143753964043169,3.8678526061226175,13.33012309332371,0.31306527484367486,False
40,90,1.43,0.2913752913752914,0.45,0.7413752913752913,1.3488445213016822,0.39301996541424306,65.0,35.37696450907788,12.966802579528403,-5.585895668593611,7.968417662728903,13.615881360382712,2.598213334320909,17.445611976663546,0.3581466744211647,False
40,90,1.43,0.2913752913752914,0.6,0.8913752913752914,1.1218619246861925,0.32688284518828453,65.0,31.151207397390316,12.414856204259152,-3.307873297560001,6.627498006357029,10.690443229449626,2.9139303889268273,17.445611976663546,0.3581466744211647,False
40,90,1.43,0.2913752913752914,0.8,1.0913752913752914,0.9162750961127722,0.26697992310978214,65.0,26.50075890377922,11.09191875925363,-2.0675996938352785,5.41297573180463,8.342901130169581,3.176444079859371,17.445611976663546,0.3581466744211647,False
40,90,1.43,0.2913752913752914,1.0,1.2913752913752914,0.7743682310469314,0.2256317689530686,65.0,22.93306044177231,9.821043808053158,-1.5692112785475825,4.574648443377126,6.853824548858691,3.3460238554824335,17.445611976663546,0.3581466744211647,False
40,90,1.43,0.2913752913752914,1.3,1.5913752913752914,0.6283872857770616,0.18309652848981983,65.0,19.011732069898176,8.262479683490234,-1.3077173068974666,3.712253167761722,5.41421666144022,3.511446485933742,17.445611976663546,0.3581466744211647,False
40,90,1.75,0.23809523809523814,0.45,0.6880952380952381,1.453287197231834,0.3460207612456748,65.0,48.64880790605818,23.996358096327377,2.840615617273397,10.506635263584721,20.33523170629233,2.3923409680650347,26.1270412629167,0.438291384781146,False
40,90,1.75,0.23809523809523814,0.6,0.8380952380952381,1.1931818181818181,0.2840909090909091,65.0,41.77904928609035,21.43528318379446,3.7553042194920767,8.626186338568138,16.021204309519973,2.607734629616126,26.1270412629167,0.438291384781146,False
40,90,1.75,0.23809523809523814,0.8,1.0380952380952382,0.9633027522935779,0.22935779816513763,65.0,34.842351483012706,18.3065657827006,3.6984389766954915,6.964260530220146,12.526147665884036,2.781569594449907,26.1270412629167,0.438291384781146,False
40,90,1.75,0.23809523809523814,1.0,1.2380952380952381,0.8076923076923077,0.19230769230769235,65.0,29.773633048706508,15.815557158968035,3.286837967810313,5.839264598415354,10.297235118365549,2.8914201439961285,26.1270412629167,0.438291384781146,False
40,90,1.75,0.23809523809523814,1.3,1.5380952380952382,0.6501547987616099,0.15479876160990713,65.0,24.382239422965245,13.033795446717722,2.610235048300237,4.700336828445796,8.13613383553785,2.996784457559679,26.1270412629167,0.438291384781146,False
40,90,2.0,0.20833333333333334,0.45,0.6583333333333333,1.518987341772152,0.31645569620253167,65.0,59.448681650332475,33.37748684730911,10.52802773538379,12.550421456681937,26.70962563158548,2.2257399811711105,34.12511511891143,0.5009044397498789,False
40,90,2.0,0.20833333333333334,0.6,0.8083333333333333,1.2371134020618557,0.2577319587628866,65.0,50.321886127157335,28.981288082880724,10.049864037416251,10.221477268844051,21.053883478544716,2.3901474603694197,34.12511511891143,0.5009044397498789,False
40,90,2.0,0.20833333333333334,0.8,1.0083333333333333,0.9917355371900827,0.2066115702479339,65.0,41.485998200849245,24.26349540661114,8.74281263112359,8.194076818825396,16.45744960174815,2.5208035998750686,34.12511511891143,0.5009044397498789,False
40,90,2.0,0.20833333333333334,1.0,1.2083333333333333,0.8275862068965518,0.1724137931034483,65.0,35.19279640747487,20.725157332228047,7.486142854587131,6.837815828123262,13.52293947894579,2.602451668312754,34.12511511891143,0.5009044397498789,False
40,90,2.0,0.20833333333333334,1.3,1.5083333333333333,0.6629834254143646,0.13812154696132597,65.0,28.617177046095758,16.9120118106109,5.960968581915642,5.477808260098746,10.677619545023447,2.68010832615154,34.12511511891143,0.5009044397498789,False
40,95,1.0,0.4166666666666667,0.45,0.8666666666666667,1.1538461538461537,0.4807692307692308,65.0,18.51076945441448,0.2974685023696425,-13.754033066968836,7.026202745767691,7.02900277551018,2.633484442331996,8.531278779726764,0.25045221987494004,False
40,95,1.0,0.4166666666666667,0.6,1.0166666666666666,0.9836065573770493,0.40983606557377056,65.0,17.294238747681167,1.6827885848233965,-10.551613265825427,5.989549881638032,5.435922632595438,3.181472569896355,8.531278779726764,0.25045221987494004,False
40,95,1.0,0.4166666666666667,0.8,1.2166666666666668,0.821917808219178,0.3424657534246575,65.0,15.400547638257526,2.26026169526693,-8.24831028557619,5.004966339450958,4.193885380611863,3.6721431895715466,8.531278779726764,0.25045221987494004,False
40,95,1.0,0.4166666666666667,1.0,1.4166666666666667,0.7058823529411764,0.29411764705882354,65.0,13.715468540980572,2.3486063322475905,-6.9214289184996725,4.298382856234352,3.4222475776761474,4.007737087885957,8.531278779726764,0.25045221987494004,False
40,95,1.0,0.4166666666666667,1.3,1.7166666666666668,0.5825242718446602,0.24271844660194175,65.0,11.69118067100084,2.209657286551438,-5.743681149191005,3.5472091532031063,2.687402919451696,4.35036390947516,8.531278779726764,0.25045221987494004,False
40,95,1.25,0.33333333333333337,0.45,0.7833333333333334,1.276595744680851,0.425531914893617,65.0,27.56571418119018,6.7728321804196945,-10.008030901490512,9.717088903721267,10.527521959558182,2.618442809911465,13.330123093321184,0.3130652748436758,False
40,95,1.25,0.33333333333333337,0.6,0.9333333333333333,1.0714285714285714,0.35714285714285715,65.0,24.785305687409586,7.241158107691633,-7.121716823268315,8.155413901337493,8.22994050644691,3.0116020483980486,13.330123093321184,0.3130652748436758,False
40,95,1.25,0.33333333333333337,0.8,1.1333333333333333,0.8823529411764706,0.2941176470588236,65.0,21.430419595282135,6.880203736926327,-5.254329172569656,6.716223212866171,6.403515008196637,3.346665006305246,13.330123093321184,0.3130652748436758,False
40,95,1.25,0.33333333333333337,1.0,1.3333333333333335,0.7499999999999999,0.25,65.0,18.73554226087168,6.281078607469367,-4.2936148870018345,5.708789730936245,5.252205398439722,3.567176231614526,13.330123093321184,0.3130652748436758,False
40,95,1.25,0.33333333333333337,1.3,1.6333333333333333,0.6122448979591837,0.20408163265306126,65.0,15.685920040810942,5.41274949868676,-3.538437665860696,4.660236515049997,4.143753964043164,3.7854371125610458,13.330123093321184,0.3130652748436758,False
40,95,1.43,0.2913752913752914,0.45,0.7413752913752913,1.3488445213016822,0.39301996541424306,65.0,34.51623723044831,12.189663774182998,-6.306163556217479,11.745478128134854,13.615881360382696,2.5349983829088076,17.445611976661535,0.3581466744211653,False
40,95,1.43,0.2913752913752914,0.6,0.8913752913752914,1.1218619246861925,0.32688284518828453,65.0,30.435322692975735,11.768493764300716,-3.9069350173789634,9.768957423256513,10.690443229449611,2.846965466233777,17.445611976661535,0.3581466744211653,False
40,95,1.43,0.2913752913752914,0.8,1.0913752913752914,0.9162750961127722,0.26697992310978214,65.0,25.916063664633274,10.564005480654513,-2.5568803466733203,7.9787469428733235,8.34290113016957,3.106361115909152,17.445611976661535,0.3581466744211653,False
40,95,1.43,0.2913752913752914,1.0,1.2913752913752914,0.7743682310469314,0.2256317689530686,65.0,22.43891908623416,9.374890383793037,-1.982715252660888,6.743049311648538,6.8538245488586815,3.2739266852068387,17.445611976661535,0.3581466744211653,False
40,95,1.43,0.2913752913752914,1.3,1.5913752913752914,0.6283872857770616,0.18309652848981983,65.0,18.61074435791907,7.900433401023401,-1.6432690890254456,5.471875375206226,5.414216661440212,3.4373844863771135,17.445611976661535,0.3581466744211653,False
40,95,1.75,0.23809523809523814,0.45,0.6880952380952381,1.453287197231834,0.3460207612456748,65.0,47.51390911425946,22.953964576249625,1.8679336033854257,15.486820584962002,20.335231706292316,2.33653148390521,26.127041262913945,0.43829138478115015,False
40,95,1.75,0.23809523809523814,0.6,0.8380952380952381,1.1931818181818181,0.2840909090909091,65.0,40.84727158486923,20.579454413048808,2.956710179680646,12.715031673448916,16.02120430951996,2.549575599669332,26.127041262913945,0.43829138478115015,False
40,95,1.75,0.23809523809523814,0.8,1.0380952380952382,0.9633027522935779,0.22935779816513763,65.0,34.09009058661401,17.61562145402521,3.0537025041871804,10.265346672142243,12.526147665884025,2.721514347101394,26.127041262913945,0.43829138478115015,False
40,95,1.75,0.23809523809523814,1.0,1.2380952380952381,0.8076923076923077,0.19230769230769235,65.0,29.1428912201876,15.236226914155592,2.746251233168729,8.60709836356542,10.29723511836554,2.8301666306725446,26.127041262913945,0.43829138478115015,False
40,95,1.75,0.23809523809523814,1.3,1.5380952380952382,0.6501547987616099,0.15479876160990713,65.0,23.87452154242371,12.567461503525044,2.1750878315608815,6.928314472219842,8.136133835537843,2.934381614783931,26.127041262913945,0.43829138478115015,False
40,95,2.0,0.20833333333333334,0.45,0.6583333333333333,1.518987341772152,0.31645569620253167,65.0,58.09301851076198,32.11991039674185,9.348103027708385,18.499369254679493,26.70962563158546,2.174984378742624,34.125115118907054,0.5009044397498801,False
40,95,2.0,0.20833333333333334,0.6,0.8083333333333333,1.2371134020618557,0.2577319587628866,65.0,49.21778934338343,27.957076334480593,9.088894430134221,15.066496609481234,21.053883478544698,2.3377059815848042,34.125115118907054,0.5009044397498801,False
40,95,2.0,0.20833333333333334,0.8,1.0083333333333333,0.9917355371900827,0.2066115702479339,65.0,40.600895820468516,23.442433095910207,7.972448565781798,12.078100587765949,16.457449601748134,2.4670223396069724,34.125115118907054,0.5009044397498801,False
40,95,2.0,0.20833333333333334,1.0,1.2083333333333333,0.8275862068965518,0.1724137931034483,65.0,34.45419373143302,20.039994990194856,6.843287324198463,10.078966697377103,13.522939478945778,2.5478331678608535,34.125115118907054,0.5009044397498801,False
40,95,2.0,0.20833333333333334,1.3,1.5083333333333333,0.6629834254143646,0.13812154696132597,65.0,28.02547876970864,16.363124851523537,5.445973820002068,8.074310337677788,10.677619545023438,2.624693514461338,34.125115118907054,0.5009044397498801,False
40,100,1.0,0.4166666666666667,0.45,0.8666666666666667,1.1538461538461537,0.4807692307692308,65.0,17.800912904995055,-0.14507580017424906,-14.056440990607923,9.232185235151706,7.029002775510177,2.532494789590268,8.531278779727229,0.2504522198749452,True
40,100,1.0,0.4166666666666667,0.6,1.0166666666666666,0.9836065573770493,0.40983606557377056,65.0,16.68911513178264,1.3055377039663085,-10.809403626960387,7.870059544719487,5.435922632595436,3.070153175416747,8.531278779727229,0.2504522198749452,True
40,100,1.0,0.4166666666666667,0.8,1.2166666666666668,0.821917808219178,0.3424657534246575,65.0,14.894896397575197,1.945024657838405,-8.463724148990334,6.576351126409433,4.193885380611861,3.5515745056919337,8.531278779727229,0.2504522198749452,True
40,100,1.0,0.4166666666666667,1.0,1.4166666666666667,0.7058823529411764,0.29411764705882354,65.0,13.281203357806337,2.077873347161916,-7.106431412961231,5.647925085033984,3.422247577676146,3.880842357648726,8.531278779727229,0.2504522198749452,True
40,100,1.0,0.4166666666666667,1.3,1.7166666666666668,0.5825242718446602,0.24271844660194175,65.0,11.332806490711421,1.9862368619661728,-5.896353110639865,4.6609090507562,2.6874029194516953,4.217010560152114,8.531278779727229,0.2504522198749452,True
40,100,1.25,0.33333333333333337,0.45,0.7833333333333334,1.276595744680851,0.425531914893617,65.0,26.58399767667397,6.103110236966975,-10.487375528830658,12.767915750741725,10.527521959558186,2.5251904274146617,13.330123093321173,0.31306527484368174,True
40,100,1.25,0.33333333333333337,0.6,0.9333333333333333,1.0714285714285714,0.35714285714285715,65.0,23.961365049690617,6.679070048008101,-7.524023921214509,10.715929290801093,8.229940506446914,2.9114870309111605,13.330123093321173,0.31306527484368174,True
40,100,1.25,0.33333333333333337,0.8,1.1333333333333333,0.8823529411764706,0.2941176470588236,65.0,20.7518802465724,6.417307687775183,-5.58564090029005,8.824882945365605,6.40351500819664,3.2407014303877695,13.330123093321173,0.31306527484368174,True
40,100,1.25,0.33333333333333337,1.0,1.3333333333333335,0.7499999999999999,0.25,65.0,18.158783814468404,5.887616965690896,-4.57522985556417,7.501150503560764,5.252205398439725,3.457363609553968,13.330123093321173,0.31306527484368174,True
40,100,1.25,0.33333333333333337,1.3,1.6333333333333333,0.6122448979591837,0.20408163265306126,65.0,15.215096819257248,5.091556321724741,-3.7683274361156633,6.123388166172053,4.1437539640431655,3.6718147243499693,13.330123093321173,0.31306527484368174,True
40,100,1.43,0.2913752913752914,0.45,0.7413752913752913,1.3488445213016822,0.39301996541424306,65.0,33.329592768709524,11.341566881283772,-6.931947983500674,15.433148412872345,13.615881360382696,2.4478468845716166,17.44561197666351,0.3581466744211701,True
40,100,1.43,0.2913752913752914,0.6,0.8913752913752914,1.1218619246861925,0.32688284518828453,65.0,29.44836591720162,11.063114013289736,-4.427412886357572,12.83606917550745,10.690443229449611,2.7546440577953235,17.44561197666351,0.3581466744211701,True
40,100,1.43,0.2913752913752914,0.8,1.0913752913752914,0.9162750961127722,0.26697992310978214,65.0,25.109971671775472,9.987890109474252,-2.9819780337673403,10.483795072007794,8.34290113016957,3.009741009751737,17.44561197666351,0.3581466744211701,True
40,100,1.43,0.2913752913752914,1.0,1.2913752913752914,0.7743682310469314,0.2256317689530686,65.0,21.757669499490436,8.888000100784737,-2.34197651095948,8.860131503093951,6.8538245488586815,3.1745296869488127,17.44561197666351,0.3581466744211701,True
40,100,1.43,0.2913752913752914,1.3,1.5913752913752914,0.6283872857770616,0.18309652848981983,65.0,18.057921344800537,7.505329817038343,-1.9348037852279063,7.189853307036838,5.414216661440212,3.3352786698412307,17.44561197666351,0.3581466744211701,True
40,100,1.75,0.23809523809523814,0.45,0.6880952380952381,1.453287197231834,0.3460207612456748,65.0,45.94927720429349,21.76654731191012,0.9511832505773663,20.349141850490103,20.33523170629233,2.2595895570777,26.12704126291658,0.43829138478115476,True
40,100,1.75,0.23809523809523814,0.6,0.8380952380952381,1.1931818181818181,0.2840909090909091,65.0,39.562673226971036,19.604557852270066,2.204037304789938,16.707107939748976,16.02120430951997,2.4693944639019723,26.12704126291658,0.43829138478115476,True
40,100,1.75,0.23809523809523814,0.8,1.0380952380952382,0.9633027522935779,0.22935779816513763,65.0,33.05298365546684,16.828549001286408,2.4460399996882605,13.48830732750376,12.526147665884034,2.6387189850467183,26.12704126291658,0.43829138478115476,True
40,100,1.75,0.23809523809523814,1.0,1.2380952380952381,0.8076923076923077,0.19230769230769235,65.0,28.27331694714882,14.576296934551522,2.236749594781173,11.309426913060847,10.297235118365547,2.745719275334617,26.12704126291658,0.43829138478115476,True
40,100,1.75,0.23809523809523814,1.3,1.5380952380952382,0.6501547987616099,0.15479876160990713,65.0,23.17455463533367,12.036248516846845,1.7649626737256972,9.103563459429783,8.136133835537848,2.848349732659196,26.12704126291658,0.43829138478115476,True
40,100,2.0,0.20833333333333334,0.45,0.6583333333333333,1.518987341772152,0.31645569620253167,65.0,56.224029114822244,30.652593631415257,8.18292309189662,24.307525682424743,26.70962563158545,2.105010002399081,34.125115118908916,0.5009044397498904,True
40,100,2.0,0.20833333333333334,0.6,0.8083333333333333,1.2371134020618557,0.2577319587628866,65.0,47.69562272194797,26.762045154472343,8.139933451483401,19.796850813521182,21.05388347854469,2.2654073663204692,34.125115118908916,0.5009044397498904,True
40,100,2.0,0.20833333333333334,0.8,1.0083333333333333,0.9917355371900827,0.2066115702479339,65.0,39.38064654543347,22.484432893754832,7.211711252317919,15.870202718277312,16.457449601748127,2.392876630243511,34.125115118908916,0.5009044397498904,True
40,100,2.0,0.20833333333333334,1.0,1.2083333333333333,0.8275862068965518,0.1724137931034483,65.0,33.43591675019689,19.24056033874106,6.208465152273432,13.24341054421762,13.522939478945773,2.4725331945953144,34.125115118908916,0.5009044397498904,True
40,100,2.0,0.20833333333333334,1.3,1.5083333333333333,0.6629834254143646,0.13812154696132597,65.0,27.209732016784663,15.722693777154468,4.937414621498591,10.609362038185385,10.677619545023433,2.548295704117537,34.125115118908916,0.5009044397498904,True
40,105,1.0,0.4166666666666667,0.45,0.8666666666666667,1.1538461538461537,0.4807692307692308,65.0,16.90149353170731,-0.5831848031643272,-14.246811757519207,11.367905220350302,7.02900277551018,2.404536471459931,8.531278779727703,0.25045221987493904,True
40,105,1.0,0.4166666666666667,0.6,1.0166666666666666,0.9836065573770493,0.40983606557377056,65.0,15.92239697750456,0.9320677342042748,-10.971686903671646,9.690673302593702,5.435922632595438,2.9291066215749737,8.531278779727703,0.25045221987493904,True
40,105,1.0,0.4166666666666667,0.8,1.2166666666666668,0.821917808219178,0.3424657534246575,65.0,14.254214104274338,1.6329470118728697,-8.599330722680564,8.097685910386517,4.193885380611863,3.398808696625546,8.531278779727703,0.25045221987493904,True
40,105,1.0,0.4166666666666667,1.0,1.4166666666666667,0.7058823529411764,0.29411764705882354,65.0,12.73097032944207,1.8098537218032797,-7.222893529189311,6.954483193626067,3.4222475776761474,3.7200611704682522,8.531278779727703,0.25045221987493904,True
40,105,1.0,0.4166666666666667,1.3,1.7166666666666668,0.5825242718446602,0.24271844660194175,65.0,10.878730690604987,1.765055617738172,-5.992462624031969,5.739136616099182,2.687402919451696,4.048046019397995,8.531278779727703,0.25045221987493904,True
40,105,1.25,0.33333333333333337,0.45,0.7833333333333334,1.276595744680851,0.425531914893617,65.0,25.340119819999465,5.397753189675474,-10.861762813969575,15.721571049420637,10.527521959558197,2.407035569941751,13.330123093321868,0.31306527484367613,True
40,105,1.25,0.33333333333333337,0.6,0.9333333333333333,1.0714285714285714,0.35714285714285715,65.0,22.917396134267378,6.08707395474559,-7.838241821241814,13.194889987906608,8.229940506446924,2.7846369139989573,13.330123093321868,0.31306527484367613,True
40,105,1.25,0.33333333333333337,0.8,1.1333333333333333,0.8823529411764706,0.2941176470588236,65.0,19.89214113975326,5.929781493323704,-5.844408582665479,10.866379990040738,6.403515008196647,3.1064409335015,13.330123093321868,0.31306527484367613,True
40,105,1.25,0.33333333333333337,1.0,1.3333333333333335,0.7499999999999999,0.25,65.0,17.428005573672134,5.473219700407139,-4.795182385583284,9.236422991534624,5.252205398439732,3.3182262024347824,13.330123093321868,0.31306527484367613,True
40,105,1.25,0.33333333333333337,1.3,1.6333333333333333,0.6122448979591837,0.20408163265306126,65.0,14.61854315330111,4.75327283986045,-3.9478805218455526,7.539937135946634,4.143753964043171,3.5278501764707593,13.330123093321868,0.31306527484367613,True
40,105,1.43,0.2913752913752914,0.45,0.7413752913752913,1.3488445213016822,0.39301996541424306,65.0,31.82606220473096,10.422549117585968,-7.46631958304301,19.003363119397985,13.615881360382705,2.337422114835203,17.44561197666425,0.3581466744211672,True
40,105,1.43,0.2913752913752914,0.6,0.8913752913752914,1.1218619246861925,0.32688284518828453,65.0,28.19784840707248,10.298747905172354,-4.871860813225878,15.80549069070222,10.69044322944962,2.6376687852748835,17.44561197666425,0.3581466744211672,True
40,105,1.43,0.2913752913752914,0.8,1.0913752913752914,0.9162750961127722,0.26697992310978214,65.0,24.08861777200319,9.36359792719299,-3.3449786472539698,12.909055190355678,8.342901130169578,2.887319098735809,17.44561197666425,0.3581466744211672,True
40,105,1.43,0.2913752913752914,1.0,1.2913752913752914,0.7743682310469314,0.2256317689530686,65.0,20.894496402246066,8.36039432507339,-2.648757895859191,10.909782743907092,6.853824548858687,3.0485893318826585,17.44561197666425,0.3581466744211672,True
40,105,1.43,0.2913752913752914,1.3,1.5913752913752914,0.6283872857770616,0.18309652848981983,65.0,17.357470347476117,7.077186269734862,-2.1837519135924,8.85311211384873,5.414216661440216,3.205906123243121,17.44561197666425,0.3581466744211672,True
40,105,1.75,0.23809523809523814,0.45,0.6880952380952381,1.453287197231834,0.3460207612456748,65.0,43.966819969745764,20.435701632270675,0.08702047860995454,25.05659385938804,20.33523170629233,2.1621007621044765,26.12704126291559,0.4382913847811503,True
40,105,1.75,0.23809523809523814,0.6,0.8380952380952381,1.1931818181818181,0.2840909090909091,65.0,37.93503078156111,18.511903302793367,1.494540028941694,20.57203302659984,16.021204309519973,2.3678014491719392,26.12704126291559,0.4382913847811503,True
40,105,1.75,0.23809523809523814,0.8,1.0380952380952382,0.9633027522935779,0.22935779816513763,65.0,31.738923699539566,15.946405878773108,1.8732348595538981,16.608613819640237,12.526147665884036,2.5338136309843335,26.12704126291559,0.4382913847811503,True
40,105,1.75,0.23809523809523814,1.0,1.2380952380952381,0.8076923076923077,0.19230769230769235,65.0,27.171528214871337,13.836653854905753,1.7564745157454384,13.925683894929122,10.297235118365549,2.638720773347185,26.12704126291559,0.4382913847811503,True
40,105,1.75,0.23809523809523814,1.3,1.5380952380952382,0.6501547987616099,0.15479876160990713,65.0,22.287665872509688,11.440870186481831,1.378363538898171,11.209528831831491,8.13613383553785,2.7393435657559255,26.12704126291559,0.4382913847811503,True
40,105,2.0,0.20833333333333334,0.45,0.6583333333333333,1.518987341772152,0.31645569620253167,65.0,53.85593760034312,28.97860810213659,7.02942090680882,29.930687162441302,26.70962563158546,2.016349399396141,34.12511511891081,0.5009044397498781,True
40,105,2.0,0.20833333333333334,0.6,0.8083333333333333,1.2371134020618557,0.2577319587628866,65.0,45.7669708699495,25.398696115162902,7.200483218267564,24.37653902920477,21.053883478544698,2.1738018506936774,34.12511511891081,0.5009044397498781,True
40,105,2.0,0.20833333333333334,0.8,1.0083333333333333,0.9917355371900827,0.2066115702479339,65.0,37.83453720953388,21.39150019282082,6.458598255442412,19.54152302341209,16.457449601748134,2.298930765403349,34.12511511891081,0.5009044397498781,True
40,105,2.0,0.20833333333333334,1.0,1.2083333333333333,0.8275862068965518,0.1724137931034483,65.0,32.14571516644619,18.328526843478883,5.580005341087665,16.307064040226642,13.522939478945778,2.3771248267800575,34.12511511891081,0.5009044397498781,True
40,105,2.0,0.20833333333333334,1.3,1.5083333333333333,0.6629834254143646,0.13812154696132597,65.0,26.176145112674988,14.992059209126763,4.433952341819385,13.063670087474382,10.677619545023438,2.451496328587116,34.12511511891081,0.5009044397498781,True
40,110,1.0,0.4166666666666667,0.45,0.8666666666666667,1.1538461538461537,0.4807692307692308,65.0,15.819356459066052,-1.0214128167683332,-14.330931232333333,13.417108582693093,7.029002775510186,2.2505833280052783,8.531278779729176,0.2504522198749429,True
40,110,1.0,0.4166666666666667,0.6,1.0166666666666666,0.9836065573770493,0.40983606557377056,65.0,14.999919472957915,0.5584963127713516,-11.043395308431228,11.437535185246572,5.435922632595443,2.7594063578119825,8.531278779729176,0.2504522198749429,True
40,110,1.0,0.4166666666666667,0.8,1.2166666666666668,0.821917808219178,0.3424657534246575,65.0,13.483376737461388,1.3207845912234408,-8.65925144446597,9.557392415069053,4.193885380611867,3.2150084024218684,8.531278779729176,0.2504522198749429,True
40,110,1.0,0.4166666666666667,1.0,1.4166666666666667,0.7058823529411764,0.29411764705882354,65.0,12.0689570614733,1.5417612899514173,-7.274354854957952,8.208113485882834,3.422247577676151,3.526617168261282,8.531278779729176,0.2504522198749429,True
40,110,1.0,0.4166666666666667,1.3,1.7166666666666668,0.5825242718446602,0.24271844660194175,65.0,10.332409061698721,1.5438142904817806,-6.034930708404149,6.773685886408163,2.6874029194516993,3.844756209391483,8.531278779729176,0.2504522198749429,True
40,110,1.25,0.33333333333333337,0.45,0.7833333333333334,1.276595744680851,0.425531914893617,65.0,23.843547272729598,4.652237315043464,-11.13960370898263,18.555575699469166,10.527521959558191,2.264877467301929,13.330123093325263,0.3130652748436769,True
40,110,1.25,0.33333333333333337,0.6,0.9333333333333333,1.0714285714285714,0.35714285714285715,65.0,21.661344174951598,5.461373131393724,-8.071429715270629,15.573429604911622,8.229940506446919,2.6320171036453055,13.330123093325263,0.3130652748436769,True
40,110,1.25,0.33333333333333337,0.8,1.1333333333333333,0.8823529411764706,0.2941176470588236,65.0,18.857745408552027,5.414498462328049,-6.036445671865678,12.825177321691925,6.403515008196643,2.9449053190964167,13.330123093325263,0.3130652748436769,True
40,110,1.25,0.33333333333333337,1.0,1.3333333333333335,0.7499999999999999,0.25,65.0,16.548769202151085,5.035229124060832,-4.958413911403454,10.901400723438135,5.2522053984397274,3.1508229299385793,13.330123093325263,0.3130652748436769,True
40,110,1.25,0.33333333333333337,1.3,1.6333333333333333,0.6122448979591837,0.20408163265306126,65.0,13.900799176549233,4.395729512230812,-4.081130747004875,8.89910263137807,4.143753964043168,3.3546391260609165,13.330123093325263,0.3130652748436769,True
40,110,1.43,0.2913752913752914,0.45,0.7413752913752913,1.3488445213016822,0.39301996541424306,65.0,30.01708831396073,9.428507904185377,-7.9191389937241405,22.42895075804046,13.615881360382714,2.2045644728735367,17.4456119766678,0.3581466744211698,True
40,110,1.43,0.2913752913752914,0.6,0.8913752913752914,1.1218619246861925,0.32688284518828453,65.0,26.693287355923236,9.471983240104212,-5.248480095566708,18.654622878124396,10.690443229449627,2.496929901127914,17.4456119766678,0.3581466744211698,True
40,110,1.43,0.2913752913752914,0.8,1.0913752913752914,0.9162750961127722,0.26697992310978214,65.0,22.859775085203808,8.688342036714438,-3.652580555769847,15.236069604004204,8.342901130169583,2.7400270875245463,17.4456119766678,0.3581466744211698,True
40,110,1.43,0.2913752913752914,1.0,1.2913752913752914,0.7743682310469314,0.2256317689530686,65.0,19.855969062969045,7.789717776477615,-2.9087203752222486,12.876403950532072,6.853824548858692,2.8970641021552686,17.4456119766678,0.3581466744211698,True
40,110,1.43,0.2913752913752914,1.3,1.5913752913752914,0.6283872857770616,0.18309652848981983,65.0,16.514722220979163,6.6140914873677055,-2.3947072579122093,10.448993391818908,5.4142166614402205,3.050251449779649,17.4456119766678,0.3581466744211698,True
40,110,1.75,0.23809523809523814,0.45,0.6880952380952381,1.453287197231834,0.3460207612456748,65.0,41.58162510721118,18.95868815668298,-0.7360156817978241,29.573350059430787,20.33523170629233,2.0448070475806075,26.127041262922635,0.4382913847811501,True
40,110,1.75,0.23809523809523814,0.6,0.8380952380952381,1.1931818181818181,0.2840909090909091,65.0,35.97673159044607,17.29924167084779,0.8188086358796256,24.280392520384936,16.02120430951997,2.2455697396648464,26.127041262922635,0.4382913847811501,True
40,110,1.75,0.23809523809523814,0.8,1.0380952380952382,0.9633027522935779,0.22935779816513763,65.0,30.157911508547606,14.967376304358332,1.3276902486414028,19.60251873205389,12.526147665884034,2.4075966780022156,26.127041262922635,0.4382913847811501,True
40,110,1.75,0.23809523809523814,1.0,1.2380952380952381,0.8076923076923077,0.19230769230769235,65.0,25.845910300885773,13.015775211742593,1.299056341980346,16.435958013799034,10.297235118365547,2.509985447917812,26.127041262922635,0.4382913847811501,True
40,110,1.75,0.23809523809523814,1.3,1.5380952380952382,0.6501547987616099,0.15479876160990713,65.0,21.220605012954746,10.780101000034703,1.0101631513473226,13.230182921324298,8.136133835537848,2.6081927168239525,26.127041262922635,0.4382913847811501,True
40,110,2.0,0.20833333333333334,0.45,0.6583333333333333,1.518987341772152,0.31645569620253167,65.0,51.00676657364207,27.096706759116252,5.875605377319792,35.3260580405084,26.709625631585492,1.9096773304573753,34.1251151189167,0.5009044397498859,True
40,110,2.0,0.20833333333333334,0.6,0.8083333333333333,1.2371134020618557,0.2577319587628866,65.0,43.446511992533196,23.866013578063875,6.260777787034232,28.77070706391921,21.053883478544726,2.0635866079912533,34.1251151189167,0.5009044397498859,True
40,110,2.0,0.20833333333333334,0.8,1.0083333333333333,0.9917355371900827,0.2066115702479339,65.0,35.97433463838196,20.162820803576142,5.7052806783380055,23.064120538844328,16.457449601748156,2.185899729843965,34.1251151189167,0.5009044397498859,True
40,110,2.0,0.20833333333333334,1.0,1.2083333333333333,0.8275862068965518,0.1724137931034483,65.0,30.59340819327804,17.3032150772816,4.951374811228125,19.24661093241492,13.522939478945796,2.2623341797032874,34.1251151189167,0.5009044397498859,True
40,110,2.0,0.20833333333333334,1.3,1.5083333333333333,0.6629834254143646,0.13812154696132597,65.0,24.932584277816524,14.170676854990814,3.9303532985617426,15.41855571933792,10.677619545023452,2.3350320895669037,34.1251151189167,0.5009044397498859,True
40,115,1.0,0.4166666666666667,0.45,0.8666666666666667,1.1538461538461537,0.4807692307692308,65.0,14.562737403606185,-1.467626156798785,-14.319314711104866,15.3641996472501,7.029002775510182,2.0718070356074354,8.531278779729055,0.25045221987494243,True
40,115,1.0,0.4166666666666667,0.6,1.0166666666666666,0.9836065573770493,0.40983606557377056,65.0,13.928703228959339,0.17811772782735982,-11.033492700170896,13.0973505189673,5.43592263259544,2.5623439056028157,8.531278779729055,0.25045221987494243,True
40,115,1.0,0.4166666666666667,0.8,1.2166666666666668,0.821917808219178,0.3424657534246575,65.0,12.58825083494203,1.0029339928455847,-8.650976662221034,10.944361392561715,4.193885380611864,3.001572454301428,8.531278779729055,0.25045221987494243,True
40,115,1.0,0.4166666666666667,1.0,1.4166666666666667,0.7058823529411764,0.29411764705882354,65.0,11.300201874603733,1.2687837172269056,-7.267248277265244,9.399275078317709,3.4222475776761487,3.3019825766892787,8.531278779729055,0.25045221987494243,True
40,115,1.0,0.4166666666666667,1.3,1.7166666666666668,0.5825242718446602,0.24271844660194175,65.0,9.697999441466555,1.3185415362916497,-6.029066056910166,7.756683317058303,2.687402919451697,3.6086882883364617,8.531278779729055,0.25045221987494243,True
40,115,1.25,0.33333333333333337,0.45,0.7833333333333334,1.276595744680851,0.425531914893617,65.0,22.10566985560424,3.85826981220251,-11.335406271276232,21.248361214282045,10.527521959558182,2.0997980284936846,13.33012309332399,0.31306527484367497,True
40,115,1.25,0.33333333333333337,0.6,0.9333333333333333,1.0714285714285714,0.35714285714285715,65.0,20.202768485578527,4.79500754865221,-8.235764008624189,17.833446019129575,8.22994050644691,2.454789128761347,13.33012309332399,0.31306527484367497,True
40,115,1.25,0.33333333333333337,0.8,1.1333333333333333,0.8823529411764706,0.2941176470588236,65.0,17.656565429068326,4.865726805952684,-6.1717797958039045,14.686367309871416,6.403515008196637,2.757323970736001,13.33012309332399,0.31306527484367497,True
40,115,1.25,0.33333333333333337,1.0,1.3333333333333335,0.7499999999999999,0.25,65.0,15.527766219589939,4.568773216141772,-5.073447916750946,12.483412213390702,5.252205398439722,2.956427832049902,13.33012309332399,0.31306527484367497,True
40,115,1.25,0.33333333333333337,1.3,1.6333333333333333,0.6122448979591837,0.20408163265306126,65.0,13.067327354050338,4.014949179235661,-4.1750360574926235,10.190540582359757,4.143753964043164,3.15349981380174,13.33012309332399,0.31306527484367497,True
40,115,1.43,0.2913752913752914,0.45,0.7413752913752913,1.3488445213016822,0.39301996541424306,65.0,27.91643847999571,8.351388566082676,-8.307186371366152,25.683840538443796,13.6158813603827,2.0502850855635733,17.445611976666886,0.3581466744211652,True
40,115,1.43,0.2913752913752914,0.6,0.8913752913752914,1.1218619246861925,0.32688284518828453,65.0,24.946133381831775,8.576120778065603,-5.571227136516085,21.361782121475024,10.690443229449615,2.333498513243225,17.445611976666886,0.3581466744211652,True
40,115,1.43,0.2913752913752914,0.8,1.0913752913752914,0.9162750961127722,0.26697992310978214,65.0,21.43279584621924,7.95665086737748,-3.916182581526023,17.447128328176095,8.342901130169574,2.5689859572606015,17.445611976666886,0.3581466744211652,True
40,115,1.43,0.2913752913752914,1.0,1.2913752913752914,0.7743682310469314,0.2256317689530686,65.0,18.64999130179111,7.171346286435081,-3.131497394101385,14.745027948108392,6.853824548858684,2.7211071962582927,17.445611976666886,0.3581466744211652,True
40,115,1.43,0.2913752913752914,1.3,1.5913752913752914,0.6283872857770616,0.18309652848981983,65.0,15.536090787417459,6.112293031994095,-2.575487202923256,11.965351520802766,5.414216661440214,2.8694992755027218,17.445611976666886,0.3581466744211652,True
40,115,1.75,0.23809523809523814,0.45,0.6880952380952381,1.453287197231834,0.3460207612456748,65.0,38.811845389813506,17.328692305936183,-1.5374793328155558,33.8650352086447,20.33523170629233,1.9086010894974932,26.12704126291851,0.43829138478115065,True
40,115,1.75,0.23809523809523814,0.6,0.8380952380952381,1.1931818181818181,0.2840909090909091,65.0,33.70267949292355,15.960978032024423,0.16078876331109007,27.8039635661884,16.021204309519973,2.1036295924955564,26.12704126291851,0.43829138478115065,True
40,115,1.75,0.23809523809523814,0.8,1.0380952380952382,0.9633027522935779,0.22935779816513763,65.0,28.32197953990557,13.886943274849559,0.7964448469346952,22.447236640592468,12.526147665884036,2.261028713324428,26.12704126291851,0.43829138478115065,True
40,115,1.75,0.23809523809523814,1.0,1.2380952380952381,0.8076923076923077,0.19230769230769235,65.0,24.30655195794745,12.109873671616008,0.8536275051647221,18.82114456788138,10.297235118365549,2.360493052605519,26.12704126291851,0.43829138478115065,True
40,115,1.75,0.23809523809523814,1.3,1.5380952380952382,0.6501547987616099,0.15479876160990713,65.0,19.981493034118945,10.050892329963768,0.6516136232604426,15.150147330183154,8.13613383553785,2.455895323014686,26.12704126291851,0.43829138478115065,True
40,115,2.0,0.20833333333333334,0.45,0.6583333333333333,1.518987341772152,0.31645569620253167,65.0,47.6981999466085,25.0015989846767,4.7007651909105,40.45257628643064,26.70962563158547,1.7858056344377582,34.12511511891622,0.5009044397498849,True
40,115,2.0,0.20833333333333334,0.6,0.8083333333333333,1.2371134020618557,0.2577319587628866,65.0,40.751906182887296,22.15968868960279,5.303949181608108,32.9459126456497,21.05388347854471,1.9356004427599387,34.12511511891622,0.5009044397498849,True
40,115,2.0,0.20833333333333334,0.8,1.0083333333333333,0.9917355371900827,0.2066115702479339,65.0,33.814196096764995,18.79494052109081,4.938236259112104,26.41118617047951,16.45744960174814,2.0546437579959647,34.12511511891622,0.5009044397498849,True
40,115,2.0,0.20833333333333334,1.0,1.2083333333333333,0.8275862068965518,0.1724137931034483,65.0,28.790809824066642,16.161742565690393,4.311289468287891,22.039679493986352,13.522939478945785,2.1290348795017384,34.12511511891622,0.5009044397498849,True
40,115,2.0,0.20833333333333334,1.3,1.5083333333333333,0.6629834254143646,0.13812154696132597,65.0,23.488513761044963,13.256237550124933,3.4175777475875218,17.656096832199008,10.677619545023441,2.199789350238869,34.12511511891622,0.5009044397498849,True
40,120,1.0,0.4166666666666667,0.45,0.8666666666666667,1.1538461538461537,0.4807692307692308,65.0,13.141199995107366,-1.9328925021652767,-14.22763886197358,17.194359875334,7.029002775510182,1.8695681897996614,8.531278779728352,0.25045221987494504,False
40,120,1.0,0.4166666666666667,0.6,1.0166666666666666,0.9836065573770493,0.40983606557377056,65.0,12.716900847943952,-0.2185027633047315,-10.955342795993404,14.657487106842101,5.43592263259544,2.339419029198385,8.531278779728352,0.25045221987494504,False
40,120,1.0,0.4166666666666667,0.8,1.2166666666666668,0.821917808219178,0.3424657534246575,65.0,11.575648845326432,0.671511390666714,-8.585673317634363,12.248037171470795,4.193885380611864,2.7601252287056095,8.531278779728352,0.25045221987494504,False
40,120,1.0,0.4166666666666667,1.0,1.4166666666666667,0.7058823529411764,0.29411764705882354,65.0,10.430555459992691,0.9841501882968166,-7.211164228384927,10.518902511969037,3.4222475776761487,3.047867000632222,8.531278779728352,0.25045221987494504,False
40,120,1.0,0.4166666666666667,1.3,1.7166666666666668,0.5825242718446602,0.24271844660194175,65.0,8.980330070185598,1.0836497891163335,-5.982783103950681,8.680647704052117,2.687402919451697,3.3416388756539077,8.531278779728352,0.25045221987494504,False
40,120,1.25,0.33333333333333337,0.45,0.7833333333333334,1.276595744680851,0.425531914893617,65.0,20.139713865127167,3.004017477453684,-11.469965352952753,23.779433870142764,10.527521959558188,1.9130536077240705,13.330123093322568,0.3130652748436792,False
40,120,1.25,0.33333333333333337,0.6,0.9333333333333333,1.0714285714285714,0.35714285714285715,65.0,18.552769707856694,4.078045767702302,-8.348697523602697,19.957739141012677,8.229940506446916,2.2543018012491585,13.330123093322568,0.3130652748436792,False
40,120,1.25,0.33333333333333337,0.8,1.1333333333333333,0.8823529411764706,0.2941176470588236,65.0,16.297742906238582,4.275287692229231,-6.264783866962675,16.43578517495162,6.403515008196641,2.5451244957460255,13.330123093322568,0.3130652748436792,False
40,120,1.25,0.33333333333333337,1.0,1.3333333333333335,0.7499999999999999,0.25,65.0,14.372767075184658,4.066899969476837,-5.152501377235901,13.970417398708873,5.252205398439727,2.736520372842688,13.330123093322568,0.3130652748436792,False
40,120,1.25,0.33333333333333337,1.3,1.6333333333333333,0.6122448979591837,0.20408163265306126,65.0,12.124470909637862,3.6052567329785705,-4.2395694946232,11.404422366292959,4.143753964043167,2.9259630313107934,13.330123093322568,0.3130652748436792,False
40,120,1.43,0.2913752913752914,0.45,0.7413752913752913,1.3488445213016822,0.39301996541424306,65.0,25.540099916479928,7.179484946224642,-8.65427864446137,28.743260784022432,13.615881360382712,1.875758112199213,17.44561197666588,0.3581466744211697,False
40,120,1.43,0.2913752913752914,0.6,0.8913752913752914,1.1218619246861925,0.32688284518828453,65.0,22.96968338150177,7.601424265785666,-5.859910968780556,23.906365304284346,10.690443229449626,2.1486184331652183,17.44561197666588,0.3581466744211697,False
40,120,1.43,0.2913752913752914,0.8,1.0913752913752914,0.9162750961127722,0.26697992310978214,65.0,19.818540228692125,7.16057238319156,-4.151963652559628,19.525403870906306,8.342901130169581,2.3754974342227744,17.44561197666588,0.3581466744211697,False
40,120,1.43,0.2913752913752914,1.0,1.2913752913752914,0.7743682310469314,0.2256317689530686,65.0,17.285741337664405,6.498559379763877,-3.330762190956861,16.501433379708182,6.853824548858691,2.522057752491323,17.44561197666588,0.3581466744211697,False
40,120,1.43,0.2913752913752914,1.3,1.5913752913752914,0.6283872857770616,0.18309652848981983,65.0,14.429024022914465,5.566337346779729,-2.7371873603246533,13.390646099836435,5.41421666144022,2.6650252335997657,17.44561197666588,0.3581466744211697,False
40,120,1.75,0.23809523809523814,0.45,0.6880952380952381,1.453287197231834,0.3460207612456748,65.0,35.67856051364136,15.535205100294899,-2.344875474215541,37.898986991653146,20.33523170629233,1.7545194974395764,26.12704126292207,0.43829138478115415,False
40,120,1.75,0.23809523809523814,0.6,0.8380952380952381,1.1931818181818181,0.2840909090909091,65.0,31.130181398566304,14.488484275120074,-0.5021018186906022,31.115929660760678,16.021204309519973,1.9430612578898587,26.12704126292207,0.43829138478115415,False
40,120,1.75,0.23809523809523814,0.8,1.0380952380952382,0.9633027522935779,0.22935779816513763,65.0,26.245100344461186,12.698140975697424,0.26126712935534735,25.121117524283846,12.526147665884036,2.0952252076623537,26.12704126292207,0.43829138478115415,False
40,120,1.75,0.23809523809523814,1.0,1.2380952380952381,0.8076923076923077,0.19230769230769235,65.0,22.565168632536388,11.113108666942294,0.4049015727328073,21.06309084728415,10.297235118365549,2.1913813148046377,26.12704126292207,0.43829138478115415,False
40,120,1.75,0.23809523809523814,1.3,1.5380952380952382,0.6501547987616099,0.15479876160990713,65.0,18.579760326357718,9.24854279059793,0.290410086318344,16.95480996995009,8.13613383553785,2.2836104594547244,26.12704126292207,0.43829138478115415,False
40,120,2.0,0.20833333333333334,0.45,0.6583333333333333,1.518987341772152,0.31645569620253167,65.0,43.955417909041984,22.684391373192977,3.4757601296923952,45.271226000879395,26.709625631585475,1.6456770497397946,34.125115118913406,0.5009044397498901,False
40,120,2.0,0.20833333333333334,0.6,0.8083333333333333,1.2371134020618557,0.2577319587628866,65.0,37.70366101827127,20.272478366848002,4.306264647213982,36.87037993886054,21.053883478544716,1.790817406997325,34.125115118913406,0.5009044397498901,False
40,120,2.0,0.20833333333333334,0.8,1.0083333333333333,0.9917355371900827,0.2066115702479339,65.0,31.370561543312483,17.2820529069816,4.138439566250697,29.55724672784688,16.457449601748145,1.906161787059657,34.125115118913406,0.5009044397498901,False
40,120,2.0,0.20833333333333334,1.0,1.2083333333333333,0.8275862068965518,0.1724137931034483,65.0,26.75163892084075,14.899263935985468,3.643872917693199,24.665012786686017,13.522939478945787,1.9782414143382854,34.125115118913406,0.5009044397498901,False
40,120,2.0,0.20833333333333334,1.3,1.5083333333333333,0.6629834254143646,0.13812154696132597,65.0,21.854923810946875,12.244859642350269,2.8829070302602826,19.75926438712416,10.677619545023445,2.046797389511118,34.125115118913406,0.5009044397498901,False
40,125,1.0,0.4166666666666667,0.45,0.8666666666666667,1.1538461538461537,0.4807692307692308,65.0,11.56556299159479,-2.431303051700567,-14.077086804094334,18.89366064252706,7.029002775510174,1.6454059503135348,8.531278779718447,0.25045221987494276,False
40,125,1.0,0.4166666666666667,0.6,1.0166666666666666,0.9836065573770493,0.40983606557377056,65.0,11.373734877736512,-0.6433773301217005,-10.827003336817656,16.106071367400116,5.435922632595433,2.092328321513659,8.531278779718447,0.25045221987494276,False
40,125,1.0,0.4166666666666667,0.8,1.2166666666666668,0.821917808219178,0.3424657534246575,65.0,10.453277281180489,0.31647921839500026,-8.478430755857367,13.458497991937081,4.193885380611858,2.492504284810814,8.531278779718447,0.25045221987494276,False
40,125,1.0,0.4166666666666667,1.0,1.4166666666666667,0.7058823529411764,0.29411764705882354,65.0,9.46663635196147,0.6792402050516977,-7.1190617929764475,11.558474746016554,3.4222475776761434,2.766204413062871,8.531278779718447,0.25045221987494276,False
40,125,1.0,0.4166666666666667,1.3,1.7166666666666668,0.5825242718446602,0.24271844660194175,65.0,8.184862845111288,0.8320250456616237,-5.906776239778635,9.538547120499098,2.687402919451693,3.045640378622955,8.531278779718447,0.25045221987494276,False
40,125,1.25,0.33333333333333337,0.45,0.7833333333333334,1.276595744680851,0.425531914893617,65.0,17.96064141346085,2.0744378133487316,-11.57061584954144,26.129530675835294,10.527521959558175,1.7060654427943487,13.330123093307472,0.3130652748436784,False
40,125,1.25,0.33333333333333337,0.6,0.9333333333333333,1.0714285714285714,0.35714285714285715,65.0,16.72390532877961,3.297862835328503,-8.433172047525344,21.93014181721891,8.229940506446905,2.0320809507284987,13.330123093307472,0.3130652748436784,False
40,125,1.25,0.33333333333333337,0.8,1.1333333333333333,0.8823529411764706,0.2941176470588236,65.0,14.791619299939804,3.6327841008625725,-6.3343511219577975,18.060116790650866,6.403515008196632,2.3099218602605323,13.330123093307472,0.3130652748436784,False
40,125,1.25,0.33333333333333337,1.0,1.3333333333333335,0.7499999999999999,0.25,65.0,13.092562009830695,3.5207719168151774,-5.211633543981756,15.351099272053235,5.252205398439719,2.492774180865075,13.330123093307472,0.3130652748436784,False
40,125,1.25,0.33333333333333337,1.3,1.6333333333333333,0.6122448979591837,0.20408163265306126,65.0,11.07940555016524,3.159437914479257,-4.287840651150427,12.531509609839377,4.14375396404316,2.673760470893112,13.330123093307472,0.3130652748436784,False
40,125,1.43,0.2913752913752914,0.45,0.7413752913752913,1.3488445213016822,0.39301996541424306,65.0,22.906157994752068,5.897817053888857,-8.991222359632047,31.583927459377257,13.615881360382685,1.6823118084298783,17.44561197664614,0.3581466744211697,False
40,125,1.43,0.2913752913752914,0.6,0.8913752913752914,1.1218619246861925,0.32688284518828453,65.0,20.778979332847097,6.535434534725528,-6.14015403522939,26.26900661206835,10.690443229449604,1.9436967099367777,17.44561197664614,0.3581466744211697,False
40,125,1.43,0.2913752913752914,0.8,1.0913752913752914,0.9162750961127722,0.26697992310978214,65.0,18.029293692584595,6.289930620787894,-4.380850770479393,21.45507930041635,8.342901130169563,2.1610340829027854,17.44561197664614,0.3581466744211697,False
40,125,1.43,0.2913752913752914,1.0,1.2913752913752914,0.7743682310469314,0.2256317689530686,65.0,15.773601936571362,5.762757081645832,-3.5242007263540347,18.132252939449344,6.853824548858676,2.301430657310602,17.44561197664614,0.3581466744211697,False
40,125,1.43,0.2913752913752914,1.3,1.5913752913752914,0.6283872857770616,0.18309652848981983,65.0,13.201947374012244,4.969245691356561,-2.894159600854951,14.714029776556227,5.414216661440207,2.438385494994296,17.44561197664614,0.3581466744211697,False
40,125,1.75,0.23809523809523814,0.45,0.6880952380952381,1.453287197231834,0.3460207612456748,65.0,32.20561666852889,13.564514616812604,-3.19337142795806,41.644504599618486,20.33523170629231,1.5837349253592985,26.12704126293865,0.43829138478115093,False
40,125,1.75,0.23809523809523814,0.6,0.8380952380952381,1.1931818181818181,0.2840909090909091,65.0,28.27881557118703,12.87050259976103,-1.1987362807121589,34.191084742300404,16.021204309519952,1.7650867578277802,26.12704126293865,0.43829138478115093,False
40,125,1.75,0.23809523809523814,0.8,1.0380952380952382,0.9633027522935779,0.22935779816513763,65.0,23.943080226943977,11.39188054054517,-0.301153353744625,27.603811535068214,12.526147665884022,1.9114480258088364,26.12704126293865,0.43829138478115093,False
40,125,1.75,0.23809523809523814,1.0,1.2380952380952381,0.8076923076923077,0.19230769230769235,65.0,20.635013303233496,10.017859532853095,-0.06666637078947722,23.14473428709566,10.297235118365537,2.003937276952151,26.12704126293865,0.43829138478115093,False
40,125,1.75,0.23809523809523814,1.3,1.5380952380952382,0.6501547987616099,0.15479876160990713,65.0,17.0260749219653,8.366918100619008,-0.08918020877699337,18.630436268250374,8.136133835537839,2.092649317984061,26.12704126293865,0.43829138478115093,False
40,125,2.0,0.20833333333333334,0.45,0.6583333333333333,1.518987341772152,0.31645569620253167,65.0,39.806905292198756,20.13318035472142,2.163489315726061,49.74533434994466,26.70962563158543,1.4903580395048728,34.12511511887379,0.5009044397498855,False
40,125,2.0,0.20833333333333334,0.6,0.8083333333333333,1.2371134020618557,0.2577319587628866,65.0,34.324975484965954,18.194687949742306,3.237508004911503,40.51424137778998,21.053883478544673,1.6303393870278335,34.12511511887379,0.5009044397498855,False
40,125,2.0,0.20833333333333334,0.8,1.0083333333333333,0.9917355371900827,0.2066115702479339,65.0,28.662028512480948,15.616386208971251,3.281667712504082,32.47835879045974,16.457449601748113,1.7415838544896083,34.12511511887379,0.5009044397498855,False
40,125,2.0,0.20833333333333334,1.0,1.2083333333333333,0.8275862068965518,0.1724137931034483,65.0,24.491414805457197,13.509293794887173,2.9289115776701617,27.10263043893537,13.52293947894576,1.8111014135342807,34.12511511887379,0.5009044397498855,False
40,125,2.0,0.20833333333333334,1.3,1.5083333333333333,0.6629834254143646,0.13812154696132597,65.0,20.044247033429663,11.131347650862683,2.3101479457114404,21.71205200909187,10.677619545023424,1.877220568583734,34.12511511887379,0.5009044397498855,False
40,130,1.0,0.4166666666666667,0.45,0.8666666666666667,1.1538461538461537,0.4807692307692308,65.0,9.84781794206303,-2.9797067620122974,-13.894847507939515,20.449169243927482,7.0290027755101745,1.4010263271447152,8.531278779716837,0.2504522198749462,False
40,130,1.0,0.4166666666666667,0.6,1.0166666666666666,0.9836065573770493,0.40983606557377056,65.0,9.909427622397962,-1.1108690176005527,-10.671651805669285,17.43207869974146,5.435922632595434,1.8229522920319063,8.531278779716837,0.2504522198749462,False
40,130,1.0,0.4166666666666667,0.8,1.2166666666666668,0.821917808219178,0.3424657534246575,65.0,9.2296780678154,-0.07416452045719119,-8.348616462705989,14.566531516222316,4.193885380611859,2.2007463795943925,8.531278779716837,0.2504522198749462,False
40,130,1.0,0.4166666666666667,1.0,1.4166666666666667,0.7058823529411764,0.29411764705882354,65.0,8.415780556953804,0.3437461705080509,-7.007574223564088,12.510080008049753,3.4222475776761443,2.4591384363455338,8.531278779716837,0.2504522198749462,False
40,130,1.0,0.4166666666666667,1.3,1.7166666666666668,0.5825242718446602,0.24271844660194175,65.0,7.317651752143797,0.5551610365722065,-5.814771934923775,10.323852433827467,2.6874029194516935,2.7229455245351915,8.531278779716837,0.2504522198749462,False
40,130,1.25,0.33333333333333337,0.45,0.7833333333333334,1.276595744680851,0.425531914893617,65.0,15.585036557725418,1.051711517747786,-11.671381311495562,28.28076597564439,10.527521959558179,1.4804088386227878,13.330123093304822,0.31306527484367663,False
40,130,1.25,0.33333333333333337,0.6,0.9333333333333333,1.0714285714285714,0.35714285714285715,65.0,14.730094110573086,2.4395032658062807,-8.517743060236839,23.735642872415827,8.229940506446908,1.7898178120527475,13.330123093304822,0.31306527484367663,False
40,130,1.25,0.33333333333333337,0.8,1.1333333333333333,0.8823529411764706,0.2941176470588236,65.0,13.149657120240315,2.9258997494913306,-6.40399783830844,19.54700001257774,6.403515008196635,2.0535060983551183,13.330123093304822,0.31306527484367663,False
40,130,1.25,0.33333333333333337,1.0,1.3333333333333335,0.7499999999999999,0.25,65.0,11.696894157086131,2.9199202181496218,-5.270833252879801,16.61495001069108,5.252205398439721,2.2270443118163166,13.330123093304822,0.31306527484367663,False
40,130,1.25,0.33333333333333337,1.3,1.6333333333333333,0.6122448979591837,0.20408163265306126,65.0,9.940084854047228,2.66894673189513,-4.336166944128424,13.563224498523331,4.143753964043163,2.398811546317881,13.330123093304822,0.31306527484367663,False
40,130,1.43,0.2913752913752914,0.45,0.7413752913752913,1.3488445213016822,0.39301996541424306,65.0,20.034658603257796,4.488666136575631,-9.355737092022144,34.18422137587141,13.615881360382696,1.471418417433588,17.445611976642233,0.3581466744211658,False
40,130,1.43,0.2913752913752914,0.6,0.8913752913752914,1.1218619246861925,0.32688284518828453,65.0,18.390693816464374,5.363414531452852,-6.443328487731144,28.431724917876313,10.690443229449611,1.7202929216070681,17.445611976642233,0.3581466744211658,False
40,130,1.43,0.2913752913752914,0.8,1.0913752913752914,0.9162750961127722,0.26697992310978214,65.0,16.07867348441554,5.332689165744171,-4.628466982860151,23.221468621520508,8.34290113016957,1.92722809890098,17.445611976642233,0.3581466744211658,False
40,130,1.43,0.2913752913752914,1.0,1.2913752913752914,0.7743682310469314,0.2256317689530686,65.0,14.125081392411158,4.953767101047508,-3.733467713062826,19.625075105768776,6.8538245488586815,2.0609050161290323,17.445611976642233,0.3581466744211658,False
40,130,1.43,0.2913752913752914,1.3,1.5913752913752914,0.6283872857770616,0.18309652848981983,65.0,11.864199634939807,4.312763416196943,-3.0639763734295378,15.92543080210327,5.414216661440212,2.191304924946218,17.445611976642233,0.3581466744211658,False
40,130,1.75,0.23809523809523814,0.45,0.6880952380952381,1.453287197231834,0.3460207612456748,65.0,28.419445054163013,11.400378834290246,-4.125251111241196,45.07308238194397,20.3352317062923,1.3975471469729663,26.12704126293456,0.43829138478114976,False
40,130,1.75,0.23809523809523814,0.6,0.8380952380952381,1.1931818181818181,0.2840909090909091,65.0,25.17028262643777,11.093697937406025,-1.963830679771325,37.00602502381195,16.02120430951995,1.5710605857189748,26.12704126293456,0.43829138478114976,False
40,130,1.75,0.23809523809523814,0.8,1.0380952380952382,0.9633027522935779,0.22935779816513763,65.0,21.433438950449165,9.957396042497091,-0.9188442447281718,29.876423872435332,12.526147665884018,1.7110958230857265,26.12704126293456,0.43829138478114976,False
40,130,1.75,0.23809523809523814,1.0,1.2380952380952381,0.8076923076923077,0.19230769230769235,65.0,18.53077561755708,8.815099453720476,-0.5845764255372204,25.050232323811166,10.297235118365533,1.7995875013581748,26.12704126293456,0.43829138478114976,False
40,130,1.75,0.23809523809523814,1.3,1.5380952380952382,0.6501547987616099,0.15479876160990713,65.0,15.332261305012144,7.398752092648479,-0.5060737512983966,20.164273697185457,8.136133835537837,1.8844652281950336,26.12704126293456,0.43829138478114976,False
40,130,2.0,0.20833333333333334,0.45,0.6583333333333333,1.518987341772152,0.31645569620253167,65.0,35.28423478203918,17.33375852740065,0.7195909392091,53.840850667555905,26.709625631585432,1.321030675185273,34.12511511886735,0.5009044397498924,False
40,130,2.0,0.20833333333333334,0.6,0.8083333333333333,1.2371134020618557,0.2577319587628866,65.0,30.641563419990632,15.914746461511989,2.061549533315215,43.84976497666924,21.05388347854468,1.4553877174829262,34.12511511886735,0.5009044397498924,False
40,130,2.0,0.20833333333333334,0.8,1.0083333333333333,0.9917355371900827,0.2066115702479339,65.0,25.70921057609577,13.788664520059342,2.338957202216149,35.152290931710056,16.457449601748117,1.5621624977277724,34.12511511886735,0.5009044397498924,False
40,130,2.0,0.20833333333333334,1.0,1.2083333333333333,0.8275862068965518,0.1724137931034483,65.0,22.02733914819784,11.984091557933098,2.142235910464369,29.33398070853046,13.522939478945764,1.6288869134179598,34.12511511886735,0.5009044397498924,False
40,130,2.0,0.20833333333333334,1.3,1.5083333333333333,0.6629834254143646,0.13812154696132597,65.0,18.070263772089294,9.909500554960248,1.679938157065916,23.499597805176336,10.677619545023425,1.6923494694574877,34.12511511886735,0.5009044397498924,False
45,95,1.0,0.46875,0.45,0.91875,1.08843537414966,0.5102040816326531,65.0,20.802608174718728,1.6690401943302593,-12.926958923742347,7.372912568747594,7.280395531110792,2.857345879880349,8.608362100663658,0.2504516990852712,False
45,95,1.0,0.46875,0.6,1.06875,0.935672514619883,0.43859649122807015,65.0,19.343668350322613,2.8143155963747546,-9.976715712283797,6.338117822256703,5.7223374485036285,3.3803788267294363,8.608362100663658,0.2504516990852712,False
45,95,1.0,0.46875,0.8,1.26875,0.7881773399014778,0.3694581280788177,65.0,17.21726700774041,3.202328955183478,-7.84597481335116,5.339005653231016,4.481506769259833,3.841847819095009,8.608362100663658,0.2504516990852712,False
45,95,1.0,0.46875,1.0,1.46875,0.6808510638297872,0.3191489361702128,65.0,15.351097665408446,3.1657975445019337,-6.614393843772322,4.6119921174719,3.6956662827196665,4.15381056920309,8.608362100663658,0.2504516990852712,False
45,95,1.0,0.46875,1.3,1.76875,0.5653710247349824,0.26501766784452296,65.0,13.11400825045365,2.897346822789377,-5.518391492024504,3.8297461046144745,2.93424542567575,4.46929494571284,8.608362100663658,0.2504516990852712,False
45,95,1.25,0.37500000000000006,0.45,0.8250000000000001,1.212121212121212,0.4545454545454546,65.0,30.850478320652115,8.85458989683791,-8.745613883297338,10.263429428086138,11.105260302643083,2.7780058710834195,13.450565782286068,0.3130646238565882,False
45,95,1.25,0.37500000000000006,0.6,0.9750000000000001,1.0256410256410255,0.38461538461538464,65.0,27.705429644535858,9.004518748693199,-6.15497729234393,8.684440285303655,8.808948208780265,3.1451461613681233,13.450565782286068,0.3130646238565882,False
45,95,1.25,0.37500000000000006,0.8,1.175,0.851063829787234,0.3191489361702128,65.0,23.986090102200688,8.369839019778203,-4.504739137847922,7.206237683549841,6.943734526783759,3.454350106514039,13.450565782286068,0.3130646238565882,False
45,95,1.25,0.37500000000000006,1.0,1.375,0.7272727272727273,0.27272727272727276,65.0,21.008125854606416,7.579179003518229,-3.675184654961907,6.158057656851683,5.746171787794192,3.656021196447887,13.450565782286068,0.3130646238565882,False
45,95,1.25,0.37500000000000006,1.3,1.675,0.5970149253731343,0.2238805970149254,65.0,17.632627132540335,6.5052466741248125,-3.044264414358427,5.055121957117053,4.574879374409843,3.8542277707190773,13.450565782286068,0.3130646238565882,False
45,95,1.43,0.3277972027972028,0.45,0.7777972027972029,1.2856821757698358,0.42144302090357383,65.0,38.59091202884545,14.876609471147683,-4.623367529479563,12.453920712740484,14.50592034987753,2.6603559855594594,17.603239659645517,0.35814592969194065,False
45,95,1.43,0.3277972027972028,0.6,0.9277972027972028,1.0778217448652723,0.35330695308083665,65.0,34.03443405855523,14.060566586662883,-2.567386203651129,10.440454729787529,11.542984817938562,2.9484950899063356,17.603239659645517,0.35814592969194065,False
45,95,1.43,0.3277972027972028,0.8,1.1277972027972027,0.8866842350023253,0.29065261199813985,65.0,29.03705968037001,12.502699405656061,-1.484291112827519,8.588977406755918,9.114859095170685,3.185683879167664,17.603239659645517,0.35814592969194065,False
45,95,1.43,0.3277972027972028,1.0,1.327797202797203,0.7531270572745227,0.24687294272547727,65.0,25.192425315030352,11.061417863940594,-1.0802024403752255,7.2952591508864275,7.547696824151908,3.3377632809014006,17.603239659645517,0.35814592969194065,False
45,95,1.43,0.3277972027972028,1.3,1.6277972027972027,0.614327139942004,0.2013747180753947,65.0,20.947885402002473,9.31457353654256,-0.9092372008745067,5.95075644409649,6.010421603979501,3.485260566102863,17.603239659645517,0.35814592969194065,False
45,95,1.75,0.2678571428571429,0.45,0.717857142857143,1.3930348258706466,0.373134328358209,65.0,53.11661477770714,26.87740031140626,4.488519747351613,16.513398393249037,21.949274338291975,2.419971337505298,26.363108933282547,0.43829047339922206,False
45,95,1.75,0.2678571428571429,0.6,0.8678571428571429,1.1522633744855966,0.308641975308642,65.0,45.7348204576411,23.930785246157797,5.111606894853772,13.659230769724516,17.495192893346285,2.614136393719604,26.363108933282547,0.43829047339922206,False
45,95,1.75,0.2678571428571429,0.8,1.067857142857143,0.9364548494983276,0.2508361204013378,65.0,38.265560942717464,20.436870347592404,4.817291304038103,11.100980190779454,13.815978834106996,2.769659783225253,26.363108933282547,0.43829047339922206,False
45,95,1.75,0.2678571428571429,1.0,1.2678571428571428,0.7887323943661972,0.21126760563380287,65.0,32.78340149935766,17.675862289514424,4.246431504504297,9.349839653642416,11.433141268695492,2.8674010693036953,26.363108933282547,0.43829047339922206,False
45,95,1.75,0.2678571428571429,1.3,1.567857142857143,0.6378132118451024,0.17084282460136674,65.0,26.924102969043087,14.596601108400087,3.4047135898069634,7.560804275724503,9.093638812492827,2.9607623003516257,26.363108933282547,0.43829047339922206,False
45,95,2.0,0.234375,0.45,0.684375,1.4611872146118723,0.34246575342465757,65.0,64.97810363701703,37.127256600550034,12.844971645399788,19.795765253075732,29.045582646056225,2.2371079426716087,34.43344840265463,0.5009033981705424,False
45,95,2.0,0.234375,0.6,0.834375,1.198501872659176,0.2808988764044944,65.0,55.167687149624555,32.21972776160122,11.990778802703163,16.236975994095825,23.137025171265847,2.3843898142159596,34.43344840265463,0.5009033981705424,False
45,95,2.0,0.234375,0.8,1.034375,0.9667673716012084,0.22658610271903323,65.0,45.63277431505144,27.010020949220095,10.356824591245415,13.097500273183037,18.247849128879857,2.5007207146858192,34.43344840265463,0.5009033981705424,False
45,95,2.0,0.234375,1.0,1.234375,0.810126582278481,0.189873417721519,65.0,38.808237457927575,23.109104365324733,8.87293571480965,10.975373646641989,15.082302446121476,2.5730976816412667,34.43344840265463,0.5009033981705424,False
45,95,2.0,0.234375,1.3,1.534375,0.6517311608961304,0.15274949083503053,65.0,31.6431090894016,18.90034558062352,7.1082792860222686,8.829475744243554,11.978267259210213,2.6417100574434826,34.43344840265463,0.5009033981705424,False
45,100,1.0,0.46875,0.45,0.91875,1.08843537414966,0.5102040816326531,65.0,20.054992269090373,1.196294682261753,-13.262242948724888,9.750306854044142,7.280395531110794,2.7546569665605127,8.60836210066234,0.25045169908527415,True
45,100,1.0,0.46875,0.6,1.06875,0.935672514619883,0.43859649122807015,65.0,18.700980992852628,2.407920331614109,-10.264942330251243,8.381842734178296,5.72233744850363,3.268066792835306,8.60836210066234,0.25045169908527415,True
45,100,1.0,0.46875,0.8,1.26875,0.7881773399014778,0.3694581280788177,65.0,16.675889972630223,2.859995998168353,-8.08876669351093,7.06056703223886,4.481506769259835,3.7210453606844403,8.60836210066234,0.25045169908527415,True
45,100,1.0,0.46875,1.0,1.46875,0.6808510638297872,0.3191489361702128,65.0,14.883440056355814,2.8700801390803576,-6.82412470195289,6.099128117210591,3.695666282719668,4.027268405144791,8.60836210066234,0.25045169908527415,True
45,100,1.0,0.46875,1.3,1.76875,0.5653710247349824,0.26501766784452296,65.0,12.72567065989758,2.6517864331283505,-5.692549625142643,5.064647023125402,2.934245425675751,4.336948282697547,8.60836210066234,0.25045169908527415,True
45,100,1.25,0.37500000000000006,0.45,0.8250000000000001,1.212121212121212,0.4545454545454546,65.0,29.809762997476273,8.136608608918083,-9.269069193040508,13.572870336595535,11.105260302643085,2.684292144901949,13.450565782283872,0.31306462385659223,True
45,100,1.25,0.37500000000000006,0.6,0.9750000000000001,1.0256410256410255,0.38461538461538464,65.0,26.824824371079373,8.396996120453345,-6.597901015972766,11.48473643865776,8.808948208780265,3.045179031060927,13.450565782283872,0.31306462385659223,True
45,100,1.25,0.37500000000000006,0.8,1.175,0.851063829787234,0.3191489361702128,65.0,23.255375088055953,7.865724498472792,-4.8722715893697215,9.529887683141547,6.943734526783762,3.3491163866294165,13.450565782283872,0.31306462385659223,True
45,100,1.25,0.37500000000000006,1.0,1.375,0.7272727272727273,0.27272727272727276,65.0,20.38369666070091,7.148390230766333,-3.989257840807809,8.143722201957322,5.746171787794193,3.547352465862439,13.450565782283872,0.31306462385659223,True
45,100,1.25,0.37500000000000006,1.3,1.675,0.5970149253731343,0.2238805970149254,65.0,17.12003600321492,6.151614099477734,-3.302085686321481,6.685145091158995,4.574879374409844,3.7421830396180433,13.450565782283872,0.31306462385659223,True
45,100,1.43,0.3277972027972028,0.45,0.7777972027972029,1.2856821757698358,0.42144302090357383,65.0,37.3280801255152,13.965104312444788,-5.304713470458044,16.46968512821828,14.505920349877535,2.573299675248137,17.60323965964318,0.3581459296919417,True
45,100,1.43,0.3277972027972028,0.6,0.9277972027972028,1.0778217448652723,0.35330695308083665,65.0,32.975768308052814,13.296427440051017,-3.138576723985264,13.806977413876606,11.542984817938567,2.8567800121166473,17.60323965964318,0.3581459296919417,True
45,100,1.43,0.3277972027972028,0.8,1.1277972027972027,0.8866842350023253,0.29065261199813985,65.0,28.166134376089076,11.87407028597397,-1.9541885072490437,11.358491572693094,9.114859095170686,3.0901338223661954,17.60323965964318,0.3581459296919417,True
45,100,1.43,0.3277972027972028,1.0,1.327797202797203,0.7531270572745227,0.24687294272547727,65.0,24.45268349305322,10.527476264063152,-1.4793213464204205,9.64761410604913,7.547696824151911,3.2397543333758403,17.60323965964318,0.3581459296919417,True
45,100,1.43,0.3277972027972028,1.3,1.6277972027972027,0.614327139942004,0.2013747180753947,65.0,20.344476623362553,8.87903638144975,-1.234799234105444,7.8695767517391415,6.010421603979503,3.38486681365122,17.60323965964318,0.3581459296919417,True
45,100,1.75,0.2678571428571429,0.45,0.717857142857143,1.3930348258706466,0.373134328358209,65.0,51.44215042191079,25.59614058371247,3.4908488758242613,21.838140631119376,21.94927433829197,2.3436834233816346,26.363108933278788,0.43829047339922933,True
45,100,1.75,0.2678571428571429,0.6,0.8678571428571429,1.1522633744855966,0.308641975308642,65.0,44.3497696942046,22.87097781707775,4.286372964084234,18.063647188703683,17.49519289334628,2.5349688891439186,26.363108933278788,0.43829047339922933,True
45,100,1.75,0.2678571428571429,0.8,1.067857142857143,0.9364548494983276,0.2508361204013378,65.0,37.139917680125265,19.575555279811628,4.146616236556506,14.680489186806001,13.815978834106993,2.688185768527622,26.363108933278788,0.43829047339922933,True
45,100,1.75,0.2678571428571429,1.0,1.2678571428571428,0.7887323943661972,0.21126760563380287,65.0,31.83532449790676,16.95041664087653,3.6815530673859937,12.364693709450693,11.43314126869549,2.784477489583153,26.363108933278788,0.43829047339922933,True
45,100,1.75,0.2678571428571429,1.3,1.567857142857143,0.6378132118451024,0.17084282460136674,65.0,26.15743477880375,14.00996510551523,2.9479212317728,9.998784206958986,9.093638812492825,2.876454114591478,26.363108933278788,0.43829047339922933,True
45,100,2.0,0.234375,0.45,0.684375,1.4611872146118723,0.34246575342465757,65.0,62.97080613697377,35.53980884577926,11.575682325325444,26.178906073871943,29.04558264605623,2.1679994133470712,34.43344840264936,0.5009033981705483,True
45,100,2.0,0.234375,0.6,0.834375,1.198501872659176,0.2808988764044944,65.0,53.521252121499195,30.917663872856657,10.949676326687127,21.47258588081631,23.13702517126585,2.3132296276345796,34.43344840264936,0.5009033981705483,True
45,100,2.0,0.234375,0.8,1.034375,0.9667673716012084,0.22658610271903323,65.0,44.304683219856656,25.95971563715122,9.517022896090484,17.32078679812071,18.24784912887986,2.4279400222428453,34.43344840264936,0.5009033981705483,True
45,100,2.0,0.234375,1.0,1.234375,0.810126582278481,0.189873417721519,65.0,37.695330742713715,22.228975103818915,8.169203155072228,14.514380835893556,15.08230244612148,2.4993087678338752,34.43344840264936,0.5009033981705483,True
45,100,2.0,0.234375,1.3,1.534375,0.6517311608961304,0.15274949083503053,65.0,30.747797169830378,18.19229861871965,6.542140057720269,11.67653855433392,11.978267259210217,2.566965363557744,34.43344840264936,0.5009033981705483,True
45,105,1.0,0.46875,0.45,0.91875,1.08843537414966,0.5102040816326531,65.0,19.10301770295646,0.7257758814544851,-13.4822688719355,12.053495416785195,7.2803955311108,2.6238983337271833,8.608362100657072,0.25045169908527276,True
45,105,1.0,0.46875,0.6,1.06875,0.935672514619883,0.43859649122807015,65.0,17.882616892141016,2.0034392572359314,-10.45408742213405,10.361776761797797,5.722337448503636,3.1250545870581674,8.608362100657072,0.25045169908527276,True
45,105,1.0,0.46875,0.8,1.26875,0.7881773399014778,0.3694581280788177,65.0,15.986529079912565,2.519275487238952,-8.248095810318615,8.72839323284445,4.481506769259839,3.567221897235443,8.608362100657072,0.25045169908527276,True
45,105,1.0,0.46875,1.0,1.46875,0.6808510638297872,0.3191489361702128,65.0,14.28794958307205,2.575755612617939,-6.96175793902506,7.539846069223079,3.6956662827196713,3.866136303994805,8.608362100657072,0.25045169908527276,True
45,105,1.0,0.46875,1.3,1.76875,0.5653710247349824,0.26501766784452296,65.0,12.231182104343922,2.4073826744051408,-5.806838708930488,6.261002919672874,2.934245425675754,4.168425039472318,8.608362100657072,0.25045169908527276,True
45,105,1.25,0.37500000000000006,0.45,0.8250000000000001,1.212121212121212,0.4545454545454546,65.0,28.484571129846678,7.3768447212745425,-9.683961306388666,16.77901350632029,11.105260302643089,2.5649620408327807,13.450565782273904,0.31306462385659056,True
45,105,1.25,0.37500000000000006,0.6,0.9750000000000001,1.0256410256410255,0.38461538461538464,65.0,25.70350817539279,7.754118984754965,-6.9489635734212065,14.197626813040246,8.808948208780269,2.9178861728092538,13.450565782273904,0.31306462385659056,True
45,105,1.25,0.37500000000000006,0.8,1.175,0.851063829787234,0.3191489361702128,65.0,22.324921223550064,7.3322732582124335,-5.163578817890769,11.781009483161055,6.943734526783765,3.215117331665996,13.450565782273904,0.31306462385659056,True
45,105,1.25,0.37500000000000006,1.0,1.375,0.7272727272727273,0.27272727272727276,65.0,19.58858154012315,6.692531898180209,-4.238193108816703,10.067408103792175,5.746171787794196,3.4089794498891397,13.450565782273904,0.31306462385659056,True
45,105,1.25,0.37500000000000006,1.3,1.675,0.5970149253731343,0.2238805970149254,65.0,16.467329560949594,5.7774020354144975,-3.506435533194454,8.264290234456263,4.574879374409846,3.59951120308475,13.450565782273904,0.31306462385659056,True
45,105,1.43,0.3277972027972028,0.45,0.7777972027972029,1.2856821757698358,0.42144302090357383,65.0,35.72005674850785,12.972851992246937,-5.892037701235365,20.360105295202594,14.505920349877544,2.4624467725558272,17.603239659629914,0.3581459296919393,True
45,105,1.43,0.3277972027972028,0.6,0.9277972027972028,1.0778217448652723,0.35330695308083665,65.0,31.627719315344,12.464595788918505,-3.630946330679876,17.068420662965206,11.542984817938574,2.739994881236645,17.603239659629914,0.3581459296919393,True
45,105,1.43,0.3277972027972028,0.8,1.1277972027972027,0.8866842350023253,0.29065261199813985,65.0,27.057144141349397,11.189753037088487,-2.3592428403335743,14.04156075931737,9.114859095170694,2.968465431976346,17.603239659629914,0.3581459296919393,True
45,105,1.43,0.3277972027972028,1.0,1.327797202797203,0.7531270572745227,0.24687294272547727,65.0,23.510735368720677,9.946234582356734,-1.8233642039225015,11.926544892476148,7.547696824151917,3.1149549215448804,17.603239659629914,0.3581459296919393,True
45,105,1.43,0.3277972027972028,1.3,1.6277972027972027,0.614327139942004,0.2013747180753947,65.0,19.576127788188494,8.404916461724666,-1.5154356322075067,9.728504828520713,6.010421603979507,3.257030717317254,17.603239659629914,0.3581459296919393,True
45,105,1.75,0.2678571428571429,0.45,0.717857142857143,1.3930348258706466,0.373134328358209,65.0,49.309976043844046,24.1536725796707,2.5445473239062073,26.99668143255712,21.949274338291982,2.2465424270459584,26.36310893326421,0.4382904733992265,True
45,105,1.75,0.2678571428571429,0.6,0.8678571428571429,1.1522633744855966,0.308641975308642,65.0,42.586119282717306,21.677825270524682,3.503629705090288,22.330588345448486,17.49519289334629,2.434161174576904,26.36310893326421,0.4382904733992265,True
45,105,1.75,0.2678571428571429,0.8,1.067857142857143,0.9364548494983276,0.2508361204013378,65.0,35.70658306476936,18.605869430940743,3.5104737217219615,18.14827079579927,13.815978834107,2.5844410659215713,26.36310893326421,0.4382904733992265,True
45,105,1.75,0.2678571428571429,1.0,1.2678571428571428,0.7887323943661972,0.21126760563380287,65.0,30.628093371170383,16.133695320278232,3.145759794328166,15.285444980123895,11.433141268695495,2.6788869875186108,26.36310893326421,0.4382904733992265,True
45,105,1.75,0.2678571428571429,1.3,1.567857142857143,0.6378132118451024,0.17084282460136674,65.0,25.1812000407823,13.349518479518885,2.5146487672271762,12.360667352947566,9.09363881249283,2.769100528403261,26.36310893326421,0.4382904733992265,True
45,105,2.0,0.234375,0.45,0.684375,1.4611872146118723,0.34246575342465757,65.0,60.41481963064163,33.720674322070884,10.312371572473053,32.36280961219039,29.04558264605626,2.0800002660247756,34.43344840262829,0.5009033981705455,True
45,105,2.0,0.234375,0.6,0.834375,1.198501872659176,0.2808988764044944,65.0,51.42476880731665,29.425564769140795,9.913477619291346,26.544776423482006,23.137025171265876,2.222618008437041,34.43344840262829,0.5009033981705455,True
45,105,2.0,0.234375,0.8,1.034375,0.9667673716012084,0.22658610271903323,65.0,42.61356223832573,24.75611907916894,8.68117680885582,21.41225167694772,18.24784912887988,2.3352649365608547,34.43344840262829,0.5009033981705455,True
45,105,2.0,0.234375,1.0,1.234375,0.810126582278481,0.189873417721519,65.0,36.2782141733802,21.2203916590287,7.468785294630017,17.942924822961253,15.082302446121497,2.4053498663733106,34.43344840262829,0.5009033981705455,True
45,105,2.0,0.234375,1.3,1.534375,0.6517311608961304,0.15274949083503053,65.0,29.607754308553922,17.38091275172956,5.978667440867573,14.434735855539094,11.978267259210229,2.4717894222796017,34.43344840262829,0.5009033981705455,True
45,110,1.0,0.46875,0.45,0.91875,1.08843537414966,0.5102040816326531,65.0,17.953929577580688,0.2527725887099574,-13.591841743389383,14.264949601304934,7.2803955311108,2.4660651335300985,8.608362100656436,0.2504516990852724,True
45,110,1.0,0.46875,0.6,1.06875,0.935672514619883,0.43859649122807015,65.0,16.89480429313377,1.5968223915432673,-10.548281644962827,12.2628514116481,5.722337448503636,2.9524306186367397,8.608362100656436,0.2504516990852724,True
45,110,1.0,0.46875,0.8,1.26875,0.7881773399014778,0.3694581280788177,65.0,15.154430782226658,2.1767558614584317,-8.327441682750738,10.329791090600125,4.481506769259839,3.3815481181856044,8.608362100656436,0.2504516990852724,True
45,110,1.0,0.46875,1.0,1.46875,0.6808510638297872,0.3191489361702128,65.0,13.569158287624225,2.2798769571564685,-7.030299267126,8.923181239965214,3.6956662827196713,3.671640578336681,8.608362100656436,0.2504516990852724,True
45,110,1.0,0.46875,1.3,1.76875,0.5653710247349824,0.26501766784452296,65.0,11.634305940279475,2.1616883845343082,-5.86375465275989,7.409708803504683,2.934245425675754,3.9650077796747714,8.608362100656436,0.2504516990852724,True
45,110,1.25,0.37500000000000006,0.45,0.8250000000000001,1.212121212121212,0.4545454545454546,65.0,26.884988228045195,6.570585489855516,-9.998497647571035,19.857458251816524,11.105260302643094,2.4209237330210502,13.450565782272928,0.31306462385658995,True
45,110,1.25,0.37500000000000006,0.6,0.9750000000000001,1.0256410256410255,0.38461538461538464,65.0,24.35001495079154,7.071899635092712,-7.215109708267828,16.80246467461398,8.808948208780272,2.764236362125593,13.450565782272928,0.31306462385658995,True
45,110,1.25,0.37500000000000006,0.8,1.175,0.851063829787234,0.3191489361702128,65.0,21.201809824412855,6.766176351045884,-5.384423482976263,13.942470687445644,6.943734526783768,3.053372755342536,13.450565782272928,0.31306462385658995,True
45,110,1.25,0.37500000000000006,1.0,1.375,0.7272727272727273,0.27272727272727276,65.0,18.628831799042263,6.208776359328794,-4.426914913526126,11.914474951089915,5.746171787794198,3.2419552507310914,13.450565782272928,0.31306462385658995,True
45,110,1.25,0.37500000000000006,1.3,1.675,0.5970149253731343,0.2238805970149254,65.0,15.679475295883195,5.380289279640947,-3.6613564176574127,9.780539138954408,4.574879374409848,3.4272980799424513,13.450565782272928,0.31306462385658995,True
45,110,1.43,0.3277972027972028,0.45,0.7777972027972029,1.2856821757698358,0.42144302090357383,65.0,33.7790799266693,11.895588962070963,-6.3953402781500035,24.095572767122626,14.505920349877544,2.3286409350065442,17.60323965962884,0.3581459296919403,True
45,110,1.43,0.3277972027972028,0.6,0.9277972027972028,1.0778217448652723,0.35330695308083665,65.0,30.000546547234002,11.561497386571999,-4.052878338347716,20.19996292461439,11.542984817938574,2.599028502628812,17.60323965962884,0.3581459296919403,True
45,110,1.43,0.3277972027972028,0.8,1.1277972027972027,0.8866842350023253,0.29065261199813985,65.0,25.718529061461048,10.446807257945268,-2.7063507561130233,16.617765190036984,9.114859095170694,2.821604677914049,17.60323965962884,0.3581459296919403,True
45,110,1.43,0.3277972027972028,1.0,1.327797202797203,0.7531270572745227,0.24687294272547727,65.0,22.373749736020248,9.315195316885648,-2.1181888470684167,14.11470747082667,7.547696824151917,2.9643148442881757,17.60323965962884,0.3581459296919403,True
45,110,1.43,0.3277972027972028,1.3,1.6277972027972027,0.614327139942004,0.2013747180753947,65.0,18.648686495055667,7.890176560397965,-1.7559246414109464,11.513393109325376,6.010421603979507,3.102725186983281,17.60323965962884,0.3581459296919403,True
45,110,1.75,0.2678571428571429,0.45,0.717857142857143,1.3930348258706466,0.373134328358209,65.0,46.73631877796046,22.547218958062313,1.6376337319551946,31.949761187251067,21.949274338291996,2.1292876501354665,26.363108933257564,0.4382904733992219,True
45,110,1.75,0.2678571428571429,0.6,0.8678571428571429,1.1522633744855966,0.308641975308642,65.0,40.457291667727176,20.349030299564657,2.753466610513524,26.42758024130644,17.4951928933463,2.3124804575955107,26.363108933257564,0.4382904733992219,True
45,110,1.75,0.2678571428571429,0.8,1.067857142857143,0.9364548494983276,0.2508361204013378,65.0,33.976465638539935,17.52594575888962,2.900809400711414,21.47793310581092,13.81597883410701,2.4592152352364245,26.363108933257564,0.4382904733992219,True
45,110,1.75,0.2678571428571429,1.0,1.2678571428571428,0.7887323943661972,0.21126760563380287,65.0,29.170895876965872,15.224125804945036,2.632267873251677,18.08986478489427,11.433141268695504,2.5514331705877895,26.363108933257564,0.4382904733992219,True
45,110,1.75,0.2678571428571429,1.3,1.567857142857143,0.6378132118451024,0.17084282460136674,65.0,24.00282849079916,12.613989600377005,2.0994104255821795,14.628478356805159,9.093638812492836,2.639518567399454,26.363108933257564,0.4382904733992219,True
45,110,2.0,0.234375,0.45,0.684375,1.4611872146118723,0.34246575342465757,65.0,57.3295967186738,31.668708957212374,9.0423901289398,38.3004126281612,29.04558264605626,1.9737802273509522,34.43344840262574,0.5009033981705447,True
45,110,2.0,0.234375,0.6,0.834375,1.198501872659176,0.2808988764044944,65.0,48.89419271098348,27.742492054144495,8.871807446505645,31.414945189390643,23.137025171265876,2.113244565757992,34.43344840262574,0.5009033981705447,True
45,110,2.0,0.234375,0.8,1.034375,0.9667673716012084,0.22658610271903323,65.0,40.57228182225033,23.398474321150772,7.840917183074001,25.340756391441996,18.24784912887988,2.2234007710003905,34.43344840262574,0.5009033981705447,True
45,110,2.0,0.234375,1.0,1.234375,0.810126582278481,0.189873417721519,65.0,34.56767286269424,20.08271972256284,6.764669000620441,21.2349123178919,15.082302446121497,2.2919360612333772,34.43344840262574,0.5009033981705447,True
45,110,2.0,0.234375,1.3,1.534375,0.6517311608961304,0.15274949083503053,65.0,28.2316569201202,16.465677690825256,5.4122195057682205,17.083076100951732,11.978267259210229,2.356906579990737,34.43344840262574,0.5009033981705447,True
45,115,1.0,0.46875,0.45,0.91875,1.08843537414966,0.5102040816326531,65.0,16.616473147437144,-0.23097165053431915,-13.600745893710986,16.36783890594689,7.2803955311108,2.2823585719252675,8.60836210065488,0.25045169908527315,False
45,115,1.0,0.46875,0.6,1.06875,0.935672514619883,0.43859649122807015,65.0,15.745061046168269,1.180972080613977,-10.555936089976136,14.070598357743815,5.722337448503636,2.7515086602041494,8.60836210065488,0.25045169908527315,False
45,115,1.0,0.46875,0.8,1.26875,0.7881773399014778,0.3694581280788177,65.0,14.185927850053746,1.8264583089022317,-8.333889515742243,11.852573000858092,4.481506769259839,3.1654371131066434,8.60836210065488,0.25045169908527315,False
45,115,1.0,0.46875,1.0,1.46875,0.6808510638297872,0.3191489361702128,65.0,12.732536605789752,1.9772794968632401,-7.035869097327173,10.238605613507202,3.6956662827196713,3.4452614580826744,8.60836210065488,0.25045169908527315,False
45,115,1.0,0.46875,1.3,1.76875,0.5653710247349824,0.26501766784452296,65.0,10.939584755717279,1.9104148751035357,-5.868379776778532,8.502022329237429,2.934245425675754,3.7282446314789444,8.60836210065488,0.25045169908527315,False
45,115,1.25,0.37500000000000006,0.45,0.8250000000000001,1.212121212121212,0.4545454545454546,65.0,25.023188083811277,5.709075806986977,-10.227419907441245,22.784775749755596,11.10526030264309,2.2532734399621117,13.450565782271958,0.3130646238565914,False
45,115,1.25,0.37500000000000006,0.6,0.9750000000000001,1.0256410256410255,0.38461538461538464,65.0,22.774645597978225,6.342929903434717,-7.408813158927236,19.279425634408582,8.808948208780272,2.585398966845749,13.450565782271958,0.3130646238565914,False
45,115,1.25,0.37500000000000006,0.8,1.175,0.851063829787234,0.3191489361702128,65.0,19.894588446546482,6.161286573712654,-5.545156133523431,15.997821271104995,6.943734526783765,2.8651136315491255,13.450565782271958,0.3130646238565914,False
45,115,1.25,0.37500000000000006,1.0,1.375,0.7272727272727273,0.27272727272727276,65.0,17.51175171250191,5.69187054960767,-4.5642682694482515,13.670865449853359,5.746171787794197,3.0475510233960836,13.450565782271958,0.3130646238565914,False
45,115,1.25,0.37500000000000006,1.3,1.675,0.5970149253731343,0.2238805970149254,65.0,14.762469254693354,4.955963614944502,-3.7741091725188594,11.22235223495425,4.574879374409847,3.2268543160436205,13.450565782271958,0.3130646238565914,False
45,115,1.43,0.3277972027972028,0.45,0.7777972027972029,1.2856821757698358,0.42144302090357383,65.0,31.519921665610173,10.7248062754629,-6.83210780794191,27.647658380980573,14.505920349877544,2.172900505818389,17.603239659627935,0.3581459296919416,False
45,115,1.43,0.3277972027972028,0.6,0.9277972027972028,1.0778217448652723,0.35330695308083665,65.0,28.106633771004113,10.579998955684628,-4.4190322369805015,23.17777127133646,11.542984817938574,2.4349537155523686,17.603239659627935,0.3581459296919416,False
45,115,1.43,0.3277972027972028,0.8,1.1277972027972027,0.8866842350023253,0.29065261199813985,65.0,24.160476805461663,9.639364664127369,-3.0075720768453427,19.067498393579694,9.114859095170694,2.650669259194863,17.603239659627935,0.3581459296919416,False
45,115,1.43,0.3277972027972028,1.0,1.327797202797203,0.7531270572745227,0.24687294272547727,65.0,21.050379742149016,8.629374095987783,-2.3740385824264405,16.195448602631018,7.547696824151917,2.7889805635528164,17.603239659627935,0.3581459296919416,False
45,115,1.43,0.3277972027972028,1.3,1.6277972027972027,0.614327139942004,0.2013747180753947,65.0,17.569211132210427,7.330750916243817,-1.9646217459157462,13.210657516591407,6.010421603979507,2.923124580907574,17.603239659627935,0.3581459296919416,False
45,115,1.75,0.2678571428571429,0.45,0.717857142857143,1.3930348258706466,0.373134328358209,65.0,43.74076571007368,20.769611528444806,0.7493288557918172,36.65968396751723,21.949274338292007,1.9928114723029786,26.363108933256434,0.43829047339922617,False
45,115,1.75,0.2678571428571429,0.6,0.8678571428571429,1.1522633744855966,0.308641975308642,65.0,37.97948851280848,18.878663660251412,2.0186959104771502,30.3234422941192,17.49519289334631,2.170852801928961,26.363108933256434,0.43829047339922617,False
45,115,1.75,0.2678571428571429,0.8,1.067857142857143,0.9364548494983276,0.2508361204013378,65.0,31.962732639726408,16.330965513561463,2.303654617738709,24.64413537615707,13.815978834107016,2.313461320657292,26.363108933256434,0.43829047339922617,False
45,115,1.75,0.2678571428571429,1.0,1.2678571428571428,0.7887323943661972,0.21126760563380287,65.0,27.474822168106034,14.217649485640472,2.129312154635229,20.75660979569286,11.43314126869551,2.4030860392964284,26.363108933256434,0.43829047339922617,False
45,115,1.75,0.2678571428571429,1.3,1.567857142857143,0.6378132118451024,0.17084282460136674,65.0,22.6312882478715,11.800096449230947,1.6926922476577175,16.784957807450944,9.093638812492841,2.488694428547199,26.363108933256434,0.43829047339922617,False
45,115,2.0,0.234375,0.45,0.684375,1.4611872146118723,0.34246575342465757,65.0,53.738617810343186,29.37839999502892,7.743569979735988,43.94652637761082,29.04558264605626,1.8501476959574672,34.43344840261952,0.5009033981705463,False
45,115,2.0,0.234375,0.6,0.834375,1.198501872659176,0.2808988764044944,65.0,45.94878304459994,25.86392402898278,7.80648305446207,36.04602725354595,23.137025171265876,1.9859416975378597,34.43344840261952,0.5009033981705463,False
45,115,2.0,0.234375,0.8,1.034375,0.9667673716012084,0.22658610271903323,65.0,38.19637734815848,21.883133950400993,6.981576963510151,29.076402648630722,18.24784912887988,2.0931988794069514,34.43344840261952,0.5009033981705463,False
45,115,2.0,0.234375,1.0,1.234375,0.810126582278481,0.189873417721519,65.0,32.57672506288562,18.81290285492189,6.0445636520745305,24.365289308093086,15.082302446121497,2.1599304999524738,34.43344840261952,0.5009033981705463,False
45,115,2.0,0.234375,1.3,1.534375,0.6517311608961304,0.15274949083503053,65.0,26.629977936567442,15.444134589566241,4.832908685654912,19.601403822193014,11.978267259210229,2.223191164489283,34.43344840261952,0.5009033981705463,False
45,120,1.0,0.46875,0.45,0.91875,1.08843537414966,0.5102040816326531,65.0,15.100827263536878,-0.7371486139921984,-13.524422811627325,18.346159073343024,7.280395531110798,2.074176766771473,8.608362100654363,0.25045169908527687,False
45,120,1.0,0.46875,0.6,1.06875,0.935672514619883,0.43859649122807015,65.0,14.44213739158734,0.7458374979922913,-10.490325019412987,15.771259554277334,5.722337448503634,2.5238178491839722,8.608362100654363,0.25045169908527687,False
45,120,1.0,0.46875,0.8,1.26875,0.7881773399014778,0.3694581280788177,65.0,13.088391175505278,1.4599163698465258,-8.278621076992005,13.285149673800118,4.481506769259838,2.9205336172385046,8.608362100654363,0.25045169908527687,False
45,120,1.0,0.46875,1.0,1.46875,0.6808510638297872,0.3191489361702128,65.0,11.78445173373299,1.6606496516363964,-6.988126573640797,11.476108016091167,3.69566628271967,3.188721825029266,8.608362100654363,0.25045169908527687,False
45,120,1.0,0.46875,1.3,1.76875,0.5653710247349824,0.26501766784452296,65.0,10.152305798355657,1.647489031893966,-5.828734924954157,9.529630331383125,2.934245425675753,3.459937505403998,8.608362100654363,0.25045169908527687,False
45,120,1.25,0.37500000000000006,0.45,0.8250000000000001,1.212121212121212,0.4545454545454546,65.0,22.913340120427375,4.779739139248026,-10.392349737900819,25.53868734641499,11.105260302643087,2.0632870816160813,13.450565782272172,0.31306462385659484,False
45,120,1.25,0.37500000000000006,0.6,0.9750000000000001,1.0256410256410255,0.38461538461538464,65.0,20.989389628961074,5.556568107655605,-7.548369169316107,21.609658523889607,8.808948208780269,2.382735047532692,13.450565782272172,0.31306462385659484,False
45,120,1.25,0.37500000000000006,0.8,1.175,0.851063829787234,0.3191489361702128,65.0,18.41320583395779,5.508773594236369,-5.660957929378026,17.93141877514244,6.943734526783762,2.6517727258917145,13.450565782272172,0.31306462385659484,False
45,120,1.25,0.37500000000000006,1.0,1.375,0.7272727272727273,0.27272727272727276,65.0,16.245842934471572,5.134268548964299,-4.663226167723996,15.323212407848995,5.746171787794195,2.8272463014385316,13.450565782272172,0.31306462385659484,False
45,120,1.25,0.37500000000000006,1.3,1.675,0.5970149253731343,0.2238805970149254,65.0,13.723290407056508,4.498230629341735,-3.855343268118351,12.578756454204399,4.574879374409845,2.9997054094626923,13.450565782272172,0.31306462385659484,False
45,120,1.43,0.3277972027972028,0.45,0.7777972027972029,1.2856821757698358,0.42144302090357383,65.0,28.95977552381324,9.44804444061052,-7.2275224522457995,30.989328620446365,14.505920349877552,1.9964107636960584,17.603239659627125,0.35814592969192866,False
45,120,1.43,0.3277972027972028,0.6,0.9277972027972028,1.0778217448652723,0.35330695308083665,65.0,25.960394806456424,9.509655371124945,-4.750518906004055,25.979182783562443,11.542984817938581,2.2490192282079597,17.603239659627125,0.35814592969192866,False
45,120,1.43,0.3277972027972028,0.8,1.1277972027972027,0.8866842350023253,0.29065261199813985,65.0,22.39484509179641,8.758832436060676,-3.2802739451615732,21.372116421076715,9.114859095170699,2.456960097568794,17.603239659627125,0.35814592969192866,False
45,120,1.43,0.3277972027972028,1.0,1.327797202797203,0.7531270572745227,0.24687294272547727,65.0,19.550697031832417,7.88147239707294,-2.6056646196230178,18.15293259148991,7.547696824151922,2.590286479084854,17.603239659627125,0.35814592969192866,False
45,120,1.43,0.3277972027972028,1.3,1.6277972027972027,0.614327139942004,0.2013747180753947,65.0,16.34591715896861,6.72068611082461,-2.153559534822201,14.807380843342916,6.010421603979512,2.7195957681481024,17.603239659627125,0.35814592969192866,False
45,120,1.75,0.2678571428571429,0.45,0.717857142857143,1.3930348258706466,0.373134328358209,65.0,40.34611480779331,18.809678276740033,-0.1498562480920912,41.09060441706771,21.949274338292,1.8381525596683064,26.363108933254768,0.4382904733992305,False
45,120,1.75,0.2678571428571429,0.6,0.8678571428571429,1.1522633744855966,0.308641975308642,65.0,35.171567396107434,17.257484303903016,1.2749255159065098,33.98852464127823,17.495192893346307,2.0103560795539286,26.363108933254768,0.4382904733992305,False
45,120,1.75,0.2678571428571429,0.8,1.067857142857143,0.9364548494983276,0.2508361204013378,65.0,29.680709792374056,15.013418411244874,1.699185701749861,27.622780895754545,13.815978834107014,2.148288597482673,26.363108933254768,0.4382904733992305,False
45,120,1.75,0.2678571428571429,1.0,1.2678571428571428,0.7887323943661972,0.21126760563380287,65.0,25.552780389631796,13.107940799463968,1.6201960817319456,23.265384472762285,11.433141268695506,2.2349746048880323,26.363108933254768,0.4382904733992305,False
45,120,1.75,0.2678571428571429,1.3,1.567857142857143,0.6378132118451024,0.17084282460136674,65.0,21.077017561406,10.902723821457236,1.2809924620525568,18.813693594147175,9.09363881249284,2.3177759746131983,26.363108933254768,0.4382904733992305,False
45,120,2.0,0.234375,0.45,0.684375,1.4611872146118723,0.34246575342465757,65.0,49.66921242343288,26.8403600131584,6.384519502506614,49.25818052568812,29.045582646056257,1.7100435900595319,34.43344840261745,0.5009033981705537,False
45,120,2.0,0.234375,0.6,0.834375,1.198501872659176,0.2808988764044944,65.0,42.61095615421284,23.782160897785616,6.691756258532358,40.40277728511497,23.137025171265872,1.8416782554713154,34.43344840261745,0.5009033981705537,False
45,120,2.0,0.234375,0.8,1.034375,0.9667673716012084,0.22658610271903323,65.0,35.50393088370725,20.20388695333258,6.08238646649132,32.59075992485105,18.247849128879878,1.9456501767935548,34.43344840261745,0.5009033981705537,False
45,120,2.0,0.234375,1.0,1.234375,0.810126582278481,0.189873417721519,65.0,30.32052308887712,17.40573638396076,5.291064779889131,27.310231734495435,15.082302446121494,2.0103378245590235,34.43344840261745,0.5009033981705537,False
45,120,2.0,0.234375,1.3,1.534375,0.6517311608961304,0.15274949083503053,65.0,24.814907102079957,14.312096389913197,4.226733421880507,21.97055302469592,11.978267259210227,2.07166083082672,34.43344840261745,0.5009033981705537,False
45,125,1.0,0.46875,0.45,0.91875,1.08843537414966,0.5102040816326531,65.0,13.418526906228607,-1.280711536431526,-13.384549874602158,20.184853892478163,7.280395531110792,1.8431041073095793,8.608362100655913,0.2504516990852641,False
45,125,1.0,0.46875,0.6,1.06875,0.935672514619883,0.43859649122807015,65.0,12.995949365129352,0.27856410852690444,-10.370083371794863,17.351891942656664,5.7223374485036285,2.2710910501315764,8.608362100655913,0.2504516990852641,False
45,125,1.0,0.46875,0.8,1.26875,0.7881773399014778,0.3694581280788177,65.0,11.870173675385493,1.0663018398042543,-8.177333777766885,14.616618335932461,4.481506769259833,2.648701494061555,8.608362100655913,0.2504516990852641,False
45,125,1.0,0.46875,1.0,1.46875,0.6808510638297872,0.3191489361702128,65.0,10.73211916979973,1.3206336958977534,-6.900631587501651,12.626270307209744,3.6956662827196665,2.903974100686897,8.608362100655913,0.2504516990852641,False
45,125,1.0,0.46875,1.3,1.76875,0.5653710247349824,0.26501766784452296,65.0,9.27846073643228,1.365143626951983,-5.756080077806809,10.484712092559327,2.93424542567575,3.162128380687676,8.608362100655913,0.2504516990852641,False
45,125,1.25,0.37500000000000006,0.45,0.8250000000000001,1.212121212121212,0.4545454545454546,65.0,20.5715015548562,3.7665563196556375,-10.522206435732866,28.09823411168833,11.105260302643076,1.852410568886903,13.450565782274095,0.31306462385658285,False
45,125,1.25,0.37500000000000006,0.6,0.9750000000000001,1.0256410256410255,0.38461538461538464,65.0,19.007833919631622,4.699259568000508,-7.65824791363553,23.77542886373628,8.808948208780256,2.157786998984249,13.450565782274095,0.31306462385658285,False
45,125,1.25,0.37500000000000006,0.8,1.175,0.851063829787234,0.3191489361702128,65.0,16.76893620281207,4.797389912394904,-5.752133908706909,19.728547355015213,6.943734526783756,2.414973691481148,13.450565782274095,0.31306462385658285,False
45,125,1.25,0.37500000000000006,1.0,1.375,0.7272727272727273,0.27272727272727276,65.0,14.840739795128867,4.526358857208866,-4.741140186423224,16.858940467013,5.7461717877941885,2.5827177368161935,13.450565782274095,0.31306462385658285,False
45,125,1.25,0.37500000000000006,1.3,1.675,0.5970149253731343,0.2238805970149254,65.0,12.569847531476675,3.9992002853633943,-3.919302537199807,13.839428741577835,4.574879374409839,2.7475801005350418,13.450565782274095,0.31306462385658285,False
45,125,1.43,0.3277972027972028,0.45,0.7777972027972029,1.2856821757698358,0.42144302090357383,65.0,26.11812575927639,8.04933300964492,-7.614488714443388,34.09515135724377,14.505920349877524,1.8005149021445515,17.603239659629374,0.3581459296919269,False
45,125,1.43,0.3277972027972028,0.6,0.9277972027972028,1.0778217448652723,0.35330695308083665,65.0,23.578163828045938,8.337078179422297,-5.074923070412774,28.582877028147273,11.542984817938558,2.04264011431462,17.603239659629374,0.3581459296919269,False
45,125,1.43,0.3277972027972028,0.8,1.1277972027972027,0.8866842350023253,0.29065261199813985,65.0,20.43507144392407,7.794196386399234,-3.5471492979002295,23.514079737773613,9.114859095170681,2.2419514367206363,17.603239659629374,0.3581459296919269,False
45,125,1.43,0.3277972027972028,1.0,1.327797202797203,0.7531270572745227,0.24687294272547727,65.0,17.886115096029332,7.062135049295988,-2.832341762548241,19.972261802288024,7.547696824151905,2.369744772841893,17.603239659629374,0.3581459296919269,False
45,125,1.43,0.3277972027972028,1.3,1.6277972027972027,0.614327139942004,0.2013747180753947,65.0,14.988114581111834,6.052351113899903,-2.3384605014763813,16.291411060936266,6.010421603979498,2.4936877258640573,17.603239659629374,0.3581459296919269,False
45,125,1.75,0.2678571428571429,0.45,0.717857142857143,1.3930348258706466,0.373134328358209,65.0,36.57820141423253,16.652811593271608,-1.0978387749327245,45.208800555820936,21.949274338291975,1.66648795994223,26.363108933258488,0.4382904733992103,False
45,125,1.75,0.2678571428571429,0.6,0.8678571428571429,1.1522633744855966,0.308641975308642,65.0,32.05489829279173,15.473409392885925,0.490791820865492,37.39493379308646,17.495192893346285,1.8322117674382854,26.363108933258488,0.4382904733992103,False
45,125,1.75,0.2678571428571429,0.8,1.067857142857143,0.9364548494983276,0.2508361204013378,65.0,27.147764668274668,13.563484620685832,1.061913166984084,30.391200373645514,13.815978834106996,1.9649541298699724,26.363108933258488,0.4382904733992103,False
45,125,1.75,0.2678571428571429,1.0,1.2678571428571428,0.7887323943661972,0.21126760563380287,65.0,23.419398440038226,11.886728958964943,1.0834510454080941,25.59709552597186,11.433141268695492,2.048378296886937,26.363108933258488,0.4382904733992103,False
45,125,1.75,0.2678571428571429,1.3,1.567857142857143,0.6378132118451024,0.17084282460136674,65.0,19.35184536982122,9.915183494857796,0.8469503483965948,20.699245812574052,9.093638812492827,2.1280639982353033,26.363108933258488,0.4382904733992103,False
45,125,2.0,0.234375,0.45,0.684375,1.4611872146118723,0.34246575342465757,65.0,45.15235119011204,24.041942097431324,4.925090286094172,54.194950177064655,29.045582646056218,1.5545341865002247,34.433448402623654,0.5009033981705282,False
45,125,2.0,0.234375,0.6,0.834375,1.198501872659176,0.2808988764044944,65.0,38.906114917893504,21.486829348930826,5.49469633945249,44.45203778568224,23.13702517126584,1.6815521714611563,34.433448402623654,0.5009033981705282,False
45,125,2.0,0.234375,0.8,1.034375,0.9667673716012084,0.22658610271903323,65.0,32.51543357223515,18.352365734165726,5.116782241735052,35.85708183920592,18.247849128879853,1.7818775978794559,34.433448402623654,0.5009033981705282,False
45,125,2.0,0.234375,1.0,1.234375,0.810126582278481,0.189873417721519,65.0,27.81623800002329,15.854208476253852,4.481912885219955,30.04732680703078,15.082302446121474,1.8442965256393224,34.433448402623654,0.5009033981705282,False
45,125,2.0,0.234375,1.3,1.534375,0.6517311608961304,0.15274949083503053,65.0,22.8002582016782,13.063922207542058,3.575786378307544,24.172493052499302,11.978267259210211,1.9034688163387614,34.433448402623654,0.5009033981705282,False
50,95,1.0,0.5208333333333334,0.45,0.9708333333333334,1.0300429184549356,0.5364806866952789,65.0,23.021593057219366,2.9582613769361727,-12.20095914128315,7.614509679093305,7.536985606397239,3.0544828210470656,8.740732916832316,0.250451117026988,False
50,95,1.0,0.5208333333333334,0.6,1.1208333333333333,0.8921933085501859,0.46468401486988853,65.0,21.354762738946828,3.899061909140307,-9.463689413837432,6.595467491556655,6.009176887069383,3.5536918184083173,8.740732916832316,0.250451117026988,False
50,95,1.0,0.5208333333333334,0.8,1.3208333333333333,0.7570977917981073,0.39432176656151424,65.0,19.02123398299727,4.121066226423411,-7.4811075045825515,5.596784716809907,4.7688699838170185,3.988624988214213,8.740732916832316,0.250451117026988,False
50,95,1.0,0.5208333333333334,1.0,1.5208333333333335,0.6575342465753424,0.3424657534246575,65.0,16.988797726329306,3.9720228374255457,-6.332629325798475,4.860769192407507,3.969560838956145,4.279767565118554,8.740732916832316,0.250451117026988,False
50,95,1.0,0.5208333333333334,1.3,1.8208333333333333,0.5491990846681922,0.28604118993135014,65.0,14.551312300903595,3.583858484258716,-5.308959570314706,4.059910195031443,3.18279550027018,4.571865298813062,8.740732916832316,0.250451117026988,False
50,95,1.25,0.4166666666666667,0.45,0.8666666666666667,1.1538461538461537,0.4807692307692308,65.0,34.06461044403715,10.853784903220149,-7.574751851430851,10.66214396171119,11.681362639778783,2.916150409374009,13.65739518255193,0.3130638962837318,False
50,95,1.25,0.4166666666666667,0.6,1.0166666666666666,0.9836065573770493,0.40983606557377056,65.0,30.59770068362423,10.726065625419693,-5.239579334020131,9.089040754245604,9.385550677889732,3.2600858206120606,13.65739518255193,0.3130638962837318,False
50,95,1.25,0.4166666666666667,0.8,1.2166666666666668,0.821917808219178,0.3424657534246575,65.0,26.54499644738955,9.844829975410558,-3.7816300826414775,7.594951863136736,7.484032765936386,3.54688405002838,13.65739518255193,0.3130638962837318,False
50,95,1.25,0.4166666666666667,1.0,1.4166666666666667,0.7058823529411764,0.29411764705882354,65.0,23.300938118052386,8.876766749129374,-3.0709841443973125,6.522723364811551,6.242633791183598,3.7325492568473324,13.65739518255193,0.3130638962837318,False
50,95,1.25,0.4166666666666667,1.3,1.7166666666666668,0.5825242718446602,0.24271844660194175,65.0,19.612454527967195,7.607909021030877,-2.555194750985848,5.38282996125225,5.0108917873822785,3.9139648909107385,13.65739518255193,0.3130638962837318,False
50,95,1.43,0.36421911421911424,0.45,0.8142191142191142,1.2281706269682222,0.44732321786430007,65.0,42.601414225189075,17.483970172625074,-3.027590966514365,12.983188614254413,15.390041082866984,2.768115692206647,17.87392474163027,0.3581450973485902,False
50,95,1.43,0.36421911421911424,0.6,0.9642191142191142,1.03710866674725,0.37773479995165,65.0,37.61788705168195,16.31787036578626,-1.2727845105145823,10.96344199917579,12.3924057752624,3.035559659188566,17.87392474163027,0.3581450973485902,False
50,95,1.43,0.36421911421911424,0.8,1.1642191142191143,0.8589448393232555,0.31284412854139554,65.0,32.17661972465814,14.436325077477683,-0.43060688332404956,9.080043613893414,9.88868079478663,3.253883949982675,17.87392474163027,0.3581450973485902,False
50,95,1.43,0.36421911421911424,1.0,1.3642191142191142,0.7330200768902179,0.26697992310978214,65.0,27.98222463393741,12.757912936461452,-0.1839135412198959,7.7488727602888785,8.247025044626257,3.393008325125745,17.87392474163027,0.3581450973485902,False
50,95,1.43,0.36421911421911424,1.3,1.6642191142191143,0.6008824147349254,0.21885286084459696,65.0,23.333628353367843,10.749433647760874,-0.17230612872750875,6.352024347586058,6.615143886257251,3.527304735100729,17.87392474163027,0.3581450973485902,False
50,95,1.75,0.29761904761904767,0.45,0.7476190476190476,1.3375796178343948,0.39808917197452237,65.0,58.67657791951009,30.73427965968362,7.0319810984741435,17.30391262066248,23.552578515505783,2.491301658579782,26.7684945578031,0.438289454797227,False
50,95,1.75,0.29761904761904767,0.6,0.8976190476190476,1.1140583554376657,0.3315649867374006,65.0,50.63699060213313,27.267416791572227,7.235945260517547,14.412277355140635,18.96849812320492,2.669530833344517,26.7684945578031,0.438289454797227,False
50,95,1.75,0.29761904761904767,0.8,1.0976190476190477,0.9110629067245118,0.27114967462039047,65.0,42.49331984753298,23.276560142740383,6.578825957943417,11.786179095201776,15.114608235103757,2.811407294622564,26.7684945578031,0.438289454797227,False
50,95,1.75,0.29761904761904767,1.0,1.2976190476190477,0.7706422018348623,0.22935779816513766,65.0,36.4935512758492,20.149472154312843,5.757827840229925,9.969593693372511,12.58323074998822,2.900173413404452,26.7684945578031,0.438289454797227,False
50,95,1.75,0.29761904761904767,1.3,1.5976190476190477,0.6259314456035767,0.18628912071535025,65.0,30.052916512311462,16.66928243298328,4.6541823001205875,8.097509035600623,10.069070986128109,2.984676198401478,26.7684945578031,0.438289454797227,False
50,95,2.0,0.2604166666666667,0.45,0.7104166666666667,1.407624633431085,0.36656891495601174,65.0,71.84552693514698,42.0854283639067,16.27675266368783,20.811504460161178,31.370567865897456,2.2902207968396175,34.962931667329265,0.500902234053976,False
50,95,2.0,0.2604166666666667,0.6,0.8604166666666666,1.1622276029055691,0.30266343825665865,65.0,61.16252947645107,36.48977379553853,14.877856449179085,17.183348718922424,25.22534022986259,2.42464636429541,34.962931667329265,0.500902234053976,False
50,95,2.0,0.2604166666666667,0.8,1.0604166666666668,0.943025540275049,0.2455795677799607,65.0,50.747985590257684,30.619523100181468,12.756380079076937,13.942481377043144,20.05617272972477,2.5302926073749514,34.962931667329265,0.500902234053976,False
50,95,2.0,0.2604166666666667,1.0,1.2604166666666667,0.793388429752066,0.2066115702479339,65.0,43.26129695940709,26.234971804562935,10.93090943854977,11.730120695727209,16.66596324318662,2.595787373831703,34.962931667329265,0.500902234053976,False
50,95,2.0,0.2604166666666667,1.3,1.5604166666666668,0.6408544726301735,0.16688918558077437,65.0,35.365966984259856,21.501833892766413,8.80639379666281,9.474930602022644,13.306931397765094,2.657710175780991,34.962931667329265,0.500902234053976,False
50,100,1.0,0.5208333333333334,0.45,0.9708333333333334,1.0300429184549356,0.5364806866952789,65.0,22.24549028089456,2.4561429661695864,-12.57685722909019,10.161166351335316,7.536985606397239,2.951510251261863,8.740732916833306,0.2504511170269876,False
50,100,1.0,0.5208333333333334,0.6,1.1208333333333333,0.8921933085501859,0.46468401486988853,65.0,20.682525018189658,3.4641415013015906,-9.789281437848734,8.801307657476316,6.009176887069383,3.441823299076876,8.740732916833306,0.2504511170269876,False
50,100,1.0,0.5208333333333334,0.8,1.3208333333333333,0.7570977917981073,0.39432176656151424,65.0,18.45078620102983,3.752001274661219,-7.757398528112647,7.468617538994098,4.7688699838170185,3.8690059204050185,8.740732916833306,0.2504511170269876,False
50,100,1.0,0.5208333333333334,1.0,1.5208333333333335,0.6575342465753424,0.3424657534246575,65.0,16.49336773486717,3.651492454662218,-6.572586187330092,6.486443177701723,3.969560838956145,4.154960310220197,8.740732916833306,0.2504511170269876,False
50,100,1.0,0.5208333333333334,1.3,1.8208333333333333,0.5491990846681922,0.28604118993135014,65.0,14.137509218789912,3.3161385993419774,-5.509381205232419,5.4177385809179155,3.18279550027018,4.441852835845034,8.740732916833306,0.2504511170269876,False
50,100,1.25,0.4166666666666667,0.45,0.8666666666666667,1.1538461538461537,0.4807692307692308,65.0,32.977879994015005,10.090307298867724,-8.147159271138298,14.22807547993467,11.681362639778778,2.8231192722084297,13.65739518255367,0.3130638962837322,False
50,100,1.25,0.4166666666666667,0.6,1.0166666666666666,0.9836065573770493,0.40983606557377056,65.0,29.67130751311355,10.075232257775005,-5.7275332000002495,12.12885122879677,9.385550677889727,3.1613816313423744,13.65739518255367,0.3130638962837322,False
50,100,1.25,0.4166666666666667,0.8,1.2166666666666668,0.821917808219178,0.3424657534246575,65.0,25.77088708572994,9.300982914775956,-4.189372354213906,10.135067465158942,7.484032765936382,3.4434492594722834,13.65739518255367,0.3130638962837322,False
50,100,1.25,0.4166666666666667,1.0,1.4166666666666667,0.7058823529411764,0.29411764705882354,65.0,22.636114783921194,8.40969809705495,-3.421162801159516,8.70423441125415,6.242633791183595,3.626052006428751,13.65739518255367,0.3130638962837322,False
50,100,1.25,0.4166666666666667,1.3,1.7166666666666668,0.5825242718446602,0.24271844660194175,65.0,19.063813912422034,7.222464016891789,-2.8441771376342677,7.183106067539833,5.010891787382275,3.8044752753244158,13.65739518255367,0.3130638962837322,False
50,100,1.43,0.36421911421911424,0.45,0.8142191142191142,1.2281706269682222,0.44732321786430007,65.0,41.27811316527481,16.513406668125203,-3.7677662395837492,17.32538861200982,15.39004108286698,2.682131447409054,17.87392474163259,0.3581450973485916,False
50,100,1.43,0.36421911421911424,0.6,0.9642191142191142,1.03710866674725,0.37773479995165,65.0,36.500447041460625,15.498293834608196,-1.8978134549921257,14.630142009367896,12.392405775262397,2.945388305015195,17.87392474163259,0.3581450973485916,False
50,100,1.43,0.36421911421911424,0.8,1.1642191142191143,0.8589448393232555,0.31284412854139554,65.0,31.251143580443397,13.757542752676791,-0.9482627505442636,12.116845013865312,9.888680794786627,3.1602945053013736,17.87392474163259,0.3581450973485916,False
50,100,1.43,0.36421911421911424,1.0,1.3642191142191142,0.7330200768902179,0.26697992310978214,65.0,27.19242700860114,12.178642826044014,-0.6256789797216232,10.340466881119232,8.247025044626255,3.2972407457789483,17.87392474163259,0.3581450973485916,False
50,100,1.43,0.36421911421911424,1.3,1.6642191142191143,0.6008824147349254,0.21885286084459696,65.0,22.686203379310765,10.274585504162856,-0.5344368421992307,8.476445468415198,6.615143886257249,3.4294346078307734,17.87392474163259,0.3581450973485916,False
50,100,1.75,0.29761904761904767,0.45,0.7476190476190476,1.3375796178343948,0.39808917197452237,65.0,56.91289053947418,29.36665436413307,5.952559972125236,23.091169632403535,23.552578515505775,2.4164186737348414,26.768494557805575,0.4382894547972275,False
50,100,1.75,0.29761904761904767,0.6,0.8976190476190476,1.1140583554376657,0.3315649867374006,65.0,49.16803082141357,26.128333654164077,6.33690485289538,19.232433062532387,18.968498123204917,2.5920887622233186,26.768494557805575,0.4382894547972275,False
50,100,1.75,0.29761904761904767,0.8,1.0976190476190477,0.9110629067245118,0.27114967462039047,65.0,41.29202302035017,22.34503228416582,5.843602023727459,15.728041788665312,15.114608235103754,2.731928104127055,26.768494557805575,0.4382894547972275,False
50,100,1.75,0.29761904761904767,1.0,1.2976190476190477,0.7706422018348623,0.22935779816513766,65.0,35.477408455057876,19.361519231738765,5.135922824315142,13.30390323775176,12.583230749988216,2.819419683223333,26.768494557805575,0.4382894547972275,False
50,100,1.75,0.29761904761904767,1.3,1.5976190476190477,0.6259314456035767,0.18628912071535025,65.0,29.22758441494742,16.02929086397751,4.149058255897701,10.805703822018941,10.069070986128107,2.9027091431983636,26.768494557805575,0.4382894547972275,False
50,100,2.0,0.2604166666666667,0.45,0.7104166666666667,1.407624633431085,0.36656891495601174,65.0,69.7243310772739,40.38796455965268,14.90439384012637,27.771868150863682,31.370567865897456,2.222603408880919,34.96293166733322,0.5009022340539752,False
50,100,2.0,0.2604166666666667,0.6,0.8604166666666666,1.1622276029055691,0.30266343825665865,65.0,59.411130475156355,35.088235884520074,13.744746621492743,22.930283388485513,25.22534022986259,2.3552162204267715,34.96293166733322,0.5009022340539752,False
50,100,2.0,0.2604166666666667,0.8,1.0604166666666668,0.943025540275049,0.2455795677799607,65.0,49.3269093868496,29.482322398313844,11.836980552879572,18.605514812268204,20.05617272972477,2.4594378025944788,34.96293166733322,0.5009022340539752,False
50,100,2.0,0.2604166666666667,1.0,1.2604166666666667,0.793388429752066,0.2066115702479339,65.0,42.06571383951499,25.27821947852885,10.15739810163331,15.653234775941348,16.66596324318662,2.5240493589059305,34.96293166733322,0.5009022340539752,False
50,100,2.0,0.2604166666666667,1.3,1.5604166666666668,0.6408544726301735,0.16688918558077437,65.0,34.40024230130296,20.72902326893381,8.181594919714268,12.643801120753691,13.306931397765094,2.5851371193722765,34.96293166733322,0.5009022340539752,False
50,105,1.0,0.5208333333333334,0.45,0.9708333333333334,1.0300429184549356,0.5364806866952789,65.0,21.250385056152336,1.9537844150263077,-12.834426870595507,12.630490412163848,7.536985606397237,2.8194806472915976,8.74073291684323,0.25045111702698863,True
50,105,1.0,0.5208333333333334,0.6,1.1208333333333333,0.8921933085501859,0.46468401486988853,65.0,19.82059372687018,3.029013090831762,-10.012380792758544,10.940164557747869,6.009176887069382,3.2983874662635357,8.74073291684323,0.25045111702698863,True
50,105,1.0,0.5208333333333334,0.8,1.3208333333333333,0.7570977917981073,0.39432176656151424,65.0,17.719368165178285,3.382759815934456,-7.9467162772316975,9.283609672032103,4.768869983817018,3.7156324716983895,8.74073291684323,0.25045111702698863,True
50,105,1.0,0.5208333333333334,1.0,1.5208333333333335,0.6575342465753424,0.3424657534246575,65.0,15.858136180442681,3.3308087768091115,-6.737007355743076,8.062751413792265,3.969560838956144,3.9949346599793687,8.74073291684323,0.25045111702698863,True
50,105,1.0,0.5208333333333334,1.3,1.8208333333333333,0.5491990846681922,0.28604118993135014,65.0,13.606938240838106,3.048290676192358,-5.646712387087656,6.7343347048836995,3.182795500270179,4.275153160070463,8.74073291684323,0.25045111702698863,True
50,105,1.25,0.4166666666666667,0.45,0.8666666666666667,1.1538461538461537,0.4807692307692308,65.0,31.584493471389166,9.278595823907832,-8.607904565225102,17.68572275260923,11.68136263977878,2.7038363969485766,13.657395182568964,0.31306389628373327,True
50,105,1.25,0.4166666666666667,0.6,1.0166666666666666,0.9836065573770493,0.40983606557377056,65.0,28.483502608580046,9.383281492235422,-6.120299680205394,15.076353821896396,9.385550677889729,3.0348248692195385,13.657395182568964,0.31306389628373327,True
50,105,1.25,0.4166666666666667,0.8,1.2166666666666668,0.821917808219178,0.3424657534246575,65.0,24.77833778194167,8.72277748055795,-4.517574481508616,12.59804908405041,7.484032765936384,3.310827004221629,13.657395182568964,0.31306389628373327,True
50,105,1.25,0.4166666666666667,1.0,1.4166666666666667,0.7058823529411764,0.29411764705882354,65.0,21.783690087726562,7.91312166531478,-3.7030305104832077,10.819500978066824,6.242633791183596,3.4895031194191515,13.657395182568964,0.31306389628373327,True
50,105,1.25,0.4166666666666667,1.3,1.7166666666666668,0.5825242718446602,0.24271844660194175,65.0,18.36035663886336,6.812667932446018,-3.076786412318868,8.928714399375535,5.010891787382276,3.6640896307311674,13.657395182568964,0.31306389628373327,True
50,105,1.43,0.36421911421911424,0.45,0.8142191142191142,1.2281706269682222,0.44732321786430007,65.0,39.5813999994447,15.451923093862696,-4.411962243897584,21.53573194107246,15.39004108286698,2.5718839726496143,17.873924741652555,0.35814509734859135,True
50,105,1.43,0.36421911421911424,0.6,0.9642191142191142,1.03710866674725,0.37773479995165,65.0,35.06768526502049,14.601941332517315,-2.4417942704322866,18.185497804947683,12.392405775262397,2.8297721928233077,17.873924741652555,0.35814509734859135,True
50,105,1.43,0.36421911421911424,0.8,1.1642191142191143,0.8589448393232555,0.31284412854139554,65.0,30.064514470773844,13.015173721762999,-1.3987936631617879,15.061429906930842,9.888680794786627,3.040295778039882,17.873924741652555,0.35814509734859135,True
50,105,1.43,0.36421911421911424,1.0,1.3642191142191142,0.7330200768902179,0.26697992310978214,65.0,26.179762491173616,11.54510807595449,-1.010160251497484,12.853363805239828,8.247025044626255,3.174449252852978,17.873924741652555,0.35814509734859135,True
50,105,1.43,0.36421911421911424,1.3,1.6642191142191143,0.6008824147349254,0.21885286084459696,65.0,21.856086552047707,9.755254721209017,-0.8496097034735811,10.536355721012129,6.615143886257249,3.3039472652217032,17.873924741652555,0.35814509734859135,True
50,105,1.75,0.29761904761904767,0.45,0.7476190476190476,1.3375796178343948,0.39808917197452237,65.0,54.651521839059725,27.819573428237735,4.922477200175122,28.702688900412937,23.55257851550576,2.3204050377363172,26.768494557835837,0.4382894547972301,True
50,105,1.75,0.29761904761904767,0.6,0.8976190476190476,1.1140583554376657,0.3315649867374006,65.0,47.284556625312405,24.839783484744625,5.4789579287777785,23.90621834145799,18.968498123204903,2.4927939111566966,26.768494557835837,0.4382894547972301,True
50,105,1.75,0.29761904761904767,0.8,1.0976190476190477,0.9110629067245118,0.27114967462039047,65.0,39.751741519417116,21.291272167308698,5.141983823310245,19.550204587266077,15.114608235103745,2.630021294703062,26.768494557835837,0.4382894547972301,True
50,105,1.75,0.29761904761904767,1.0,1.2976190476190477,0.7706422018348623,0.22935779816513766,65.0,34.174528139589725,18.470173518213745,4.542443942861315,16.536962045375525,12.583230749988207,2.715878681603431,26.768494557835837,0.4382894547972301,True
50,105,1.75,0.29761904761904767,1.3,1.5976190476190477,0.6259314456035767,0.18628912071535025,65.0,28.1693582272721,15.305321543752276,3.6670225027049503,13.43166067768951,10.0690709861281,2.797612437739321,26.768494557835837,0.4382894547972301,True
50,105,2.0,0.2604166666666667,0.45,0.7104166666666667,1.407624633431085,0.36656891495601174,65.0,67.00457134278783,38.43319058017607,13.53137867981688,34.52087115582612,31.370567865897446,2.1359055924399653,34.96293166737292,0.5009022340539773,True
50,105,2.0,0.2604166666666667,0.6,0.8604166666666666,1.1622276029055691,0.30266343825665865,65.0,57.165517716173895,33.47424574650186,12.611094878961179,28.502704755778954,25.22534022986258,2.2661941204860137,34.96293166737292,0.5009022340539773,True
50,105,2.0,0.2604166666666667,0.8,1.0604166666666668,0.943025540275049,0.2455795677799607,65.0,47.50483066492473,28.17273904467627,10.917141319744925,23.126949045455216,20.056172729724764,2.368589027682185,34.96293166737292,0.5009022340539773,True
50,105,2.0,0.2604166666666667,1.0,1.2604166666666667,0.793388429752066,0.2066115702479339,65.0,40.532758352804656,24.17643778100567,9.383516829458872,19.457218287829267,16.665963243186614,2.432068147598686,34.96293166737292,0.5009022340539773,True
50,105,2.0,0.2604166666666667,1.3,1.5604166666666668,0.6408544726301735,0.16688918558077437,65.0,33.162007228593005,19.839066090026567,7.556497229907144,15.716444678420169,13.30693139776509,2.49208523267525,34.96293166737292,0.5009022340539773,True
50,110,1.0,0.5208333333333334,0.45,0.9708333333333334,1.0300429184549356,0.5364806866952789,65.0,20.043850734615408,1.4464424945985346,-12.976912406963576,15.00368881445692,7.536985606397239,2.6593988341443295,8.74073291684408,0.2504511170269899,True
50,110,1.0,0.5208333333333334,0.6,1.1208333333333333,0.8921933085501859,0.46468401486988853,65.0,18.77552868256496,2.5895682303868877,-10.135797632809696,12.995760199882762,6.009176887069383,3.1244759532651405,8.74073291684408,0.2504511170269899,True
50,110,1.0,0.5208333333333334,0.8,1.3208333333333333,0.7570977917981073,0.39432176656151424,65.0,16.83254640833884,3.00985550218155,-8.051445393868166,11.027947929868969,4.7688699838170185,3.5296719066486304,8.74073291684408,0.2504511170269899,True
50,110,1.0,0.5208333333333334,1.0,1.5208333333333335,0.6575342465753424,0.3424657534246575,65.0,15.087937558749244,3.0069439344538478,-6.8279638762191315,9.577697243201268,3.969560838956145,3.800908506220764,8.74073291684408,0.2504511170269899,True
50,110,1.0,0.5208333333333334,1.3,1.8208333333333333,0.5491990846681922,0.28604118993135014,65.0,12.963637332558692,2.77778571633041,-5.722682936226696,7.999678475442707,3.18279550027018,4.073034956678253,8.74073291684408,0.2504511170269899,True
50,110,1.25,0.4166666666666667,0.45,0.8666666666666667,1.1538461538461537,0.4807692307692308,65.0,29.89505538894866,8.413890853571761,-8.964562996811814,21.008770996204706,11.681362639778785,2.5592095983003227,13.657395182570399,0.31306389628373393,True
50,110,1.25,0.4166666666666667,0.6,1.0166666666666666,0.9836065573770493,0.40983606557377056,65.0,27.04332588256519,8.646155943752214,-6.42433637598423,17.90911625905975,9.385550677889734,2.8813787076205597,13.657395182570399,0.31306389628373393,True
50,110,1.25,0.4166666666666667,0.8,1.2166666666666668,0.821917808219178,0.3424657534246575,65.0,23.57490243554569,8.106823255113078,-4.7716325423649035,14.965151942501983,7.484032765936388,3.1500266197185796,13.657395182570399,0.31306389628373393,True
50,110,1.25,0.4166666666666667,1.0,1.4166666666666667,0.7058823529411764,0.29411764705882354,65.0,20.750151496115897,7.384125683462124,-3.9212215509833137,12.85242460944288,6.242633791183599,3.3239418152993534,13.657395182570399,0.31306389628373393,True
50,110,1.25,0.4166666666666667,1.3,1.7166666666666668,0.5825242718446602,0.24271844660194175,65.0,17.507436441903103,6.376117850334603,-3.256846979721868,10.606369823326649,5.010891787382279,3.4938763766537244,13.657395182570399,0.31306389628373393,True
50,110,1.43,0.36421911421911424,0.45,0.8142191142191142,1.2281706269682222,0.44732321786430007,65.0,37.52418773939665,14.295247021405554,-4.969939942987235,25.58217534643262,15.390041082866986,2.4382123177806574,17.873924741654154,0.35814509734859074,True
50,110,1.43,0.36421911421911424,0.6,0.9642191142191142,1.03710866674725,0.37773479995165,65.0,33.33050590460763,13.625205076964845,-2.9129694433853026,21.602450981527653,12.392405775262402,2.6895912310377743,17.873924741654154,0.35814509734859074,True
50,110,1.43,0.36421911421911424,0.8,1.1642191142191143,0.8589448393232555,0.31284412854139554,65.0,28.625763359682075,12.20622997942787,-1.7890261394697566,17.891388224064297,9.888680794786632,2.89480103097005,17.873924741654154,0.35814509734859074,True
50,110,1.43,0.36421911421911424,1.0,1.3642191142191142,0.7330200768902179,0.26697992310978214,65.0,24.951938070097523,10.854758734460633,-1.3431830798477873,15.268438869729028,8.247025044626259,3.025568363752714,17.873924741654154,0.35814509734859074,True
50,110,1.43,0.36421911421911424,1.3,1.6642191142191143,0.6008824147349254,0.21885286084459696,65.0,20.84959556187363,9.18935101351341,-1.122600263445589,12.516077944546415,6.615143886257252,3.1517977417222913,17.873924741654154,0.35814509734859074,True
50,110,1.75,0.29761904761904767,0.45,0.7476190476190476,1.3375796178343948,0.39808917197452237,65.0,51.909682199532064,26.090392042565423,3.9295740113451982,34.09576337473223,23.552578515505775,2.2039914723289202,26.768494557838114,0.43828945479723064,True
50,110,1.75,0.29761904761904767,0.6,0.8976190476190476,1.1140583554376657,0.3315649867374006,65.0,45.00090238973764,23.39956344468864,4.651977553996357,28.398062863835328,18.968498123204917,2.3724019739172837,26.768494557838114,0.43828945479723064,True
50,110,1.75,0.29761904761904767,0.8,1.0976190476190477,0.9110629067245118,0.27114967462039047,65.0,37.88419781700565,20.113478338455973,4.46568967733932,23.223578524221082,15.114608235103754,2.5064624387034664,26.768494557838114,0.43828945479723064,True
50,110,1.75,0.29761904761904767,1.0,1.2976190476190477,0.7706422018348623,0.22935779816513766,65.0,32.5948260353481,17.473911215275937,3.9703859588382033,19.64416458654297,12.583230749988216,2.5903384180869944,26.768494557838114,0.43828945479723064,True
50,110,1.75,0.29761904761904767,1.3,1.5976190476190477,0.6259314456035767,0.18628912071535025,65.0,26.886291689549765,14.496136811857927,3.2023852429544344,15.955394485344142,10.069070986128107,2.6701859314121728,26.768494557838114,0.43828945479723064,True
50,110,2.0,0.2604166666666667,0.45,0.7104166666666667,1.407624633431085,0.36656891495601174,65.0,63.706946745508006,36.220231617865785,12.144743284395517,41.007149487020094,31.370567865897456,2.0307871702495706,34.96293166737632,0.5009022340539798,True
50,110,2.0,0.2604166666666667,0.6,0.8604166666666666,1.1622276029055691,0.30266343825665865,65.0,54.442781668540924,31.647081082705718,11.466197373298504,33.858203329476645,25.22534022986259,2.1582575764068292,34.96293166737632,0.5009022340539798,True
50,110,2.0,0.2604166666666667,0.8,1.0604166666666668,0.943025540275049,0.2455795677799607,65.0,45.29561654376085,26.690186969729698,9.98817733184967,27.472373231972202,20.05617272972477,2.258437696671275,34.96293166737632,0.5009022340539798,True
50,110,2.0,0.2604166666666667,1.0,1.2604166666666667,0.793388429752066,0.2066115702479339,65.0,38.674097216156035,22.9291336386126,8.601958697494103,23.11312061995678,16.66596324318662,2.3205437724679236,34.96293166737632,0.5009022340539798,True
50,110,2.0,0.2604166666666667,1.3,1.5604166666666668,0.6408544726301735,0.16688918558077437,65.0,31.66068548270193,18.831564079148322,6.925198605289408,18.669476602234784,13.306931397765094,2.3792626967340764,34.96293166737632,0.5009022340539798,True
50,115,1.0,0.5208333333333334,0.45,0.9708333333333334,1.0300429184549356,0.5364806866952789,65.0,18.635069770994825,0.9255942662882157,-13.01287278869208,17.262700085396926,7.536985606397239,2.472483131077995,8.740732916843763,0.25045111702698936,False
50,115,1.0,0.5208333333333334,0.6,1.1208333333333333,0.8921933085501859,0.46468401486988853,65.0,17.55528346128765,2.1384245976868717,-10.166945472745539,14.952450259841946,6.009176887069383,2.92141233170608,8.740732916843763,0.25045111702698936,False
50,115,1.0,0.5208333333333334,0.8,1.3208333333333333,0.7570977917981073,0.39432176656151424,65.0,15.797070179557782,2.6270238391017258,-8.077876841637066,12.688356845102472,4.7688699838170185,3.312539497441647,8.740732916843763,0.25045111702698936,False
50,115,1.0,0.5208333333333334,1.0,1.5208333333333335,0.6575342465753424,0.3424657534246575,65.0,14.188633546355833,2.674457257203699,-6.8509194075691076,11.019751013417762,3.969560838956145,3.574358505130493,8.740732916843763,0.25045111702698936,False
50,115,1.0,0.5208333333333334,1.3,1.8208333333333333,0.5491990846681922,0.28604118993135014,65.0,12.212502402298748,2.5000794527233063,-5.741856320535028,9.204139862465638,3.18279550027018,3.837036467238331,8.740732916843763,0.25045111702698936,False
50,115,1.25,0.4166666666666667,0.45,0.8666666666666667,1.1538461538461537,0.4807692307692308,65.0,27.922423390609723,7.487106242733555,-9.231724211580044,24.171929807076214,11.681362639778778,2.3903395735292845,13.657395182569726,0.3130638962837353,False
50,115,1.25,0.4166666666666667,0.6,1.0166666666666666,0.9836065573770493,0.40983606557377056,65.0,25.361737949554946,7.856110045988499,-6.652080362344033,20.60557950767153,9.385550677889727,2.7022109644883776,13.657395182569726,0.3130638962837353,False
50,115,1.25,0.4166666666666667,0.8,1.2166666666666668,0.821917808219178,0.3424657534246575,65.0,22.16973991618097,7.446647915885864,-4.961939161103916,17.218360958465247,7.484032765936382,2.9622718939829698,13.657395182569726,0.3130638962837353,False
50,115,1.25,0.4166666666666667,1.0,1.4166666666666667,0.7058823529411764,0.29411764705882354,65.0,19.543364861837958,6.817151568596398,-4.084661352959172,14.78753352903486,6.242633791183595,3.1306281155621916,13.657395182569726,0.3130638962837353,False
50,115,1.25,0.4166666666666667,1.3,1.7166666666666668,0.5825242718446602,0.24271844660194175,65.0,16.511544559246552,5.908226590493956,-3.3917244862067997,12.203304368621001,5.010891787382275,3.295130938733023,13.657395182569726,0.3130638962837353,False
50,115,1.43,0.36421911421911424,0.45,0.8142191142191142,1.2281706269682222,0.44732321786430007,65.0,35.12213301260627,13.034561387257318,-5.459543371623218,29.433922950466506,15.390041082866984,2.2821338048087543,17.87392474165348,0.35814509734859123,False
50,115,1.43,0.36421911421911424,0.6,0.9642191142191142,1.03710866674725,0.37773479995165,65.0,31.30212994409057,12.56063964239944,-3.3264070781551536,24.854996462221564,12.3924057752624,2.5259122814212214,17.87392474165348,0.35814509734859123,False
50,115,1.43,0.36421911421911424,0.8,1.1642191142191143,0.8589448393232555,0.31284412854139554,65.0,26.945840011863716,11.324545142090843,-2.131439749686092,20.585182273696965,9.88868079478663,2.724917566969066,17.87392474165348,0.35814509734859123,False
50,115,1.43,0.36421911421911424,1.0,1.3642191142191142,0.7330200768902179,0.26697992310978214,65.0,23.51829823059666,10.10233243457515,-1.635397479886316,17.567311895084067,8.247025044626257,2.8517311519407995,17.87392474165348,0.35814509734859123,False
50,115,1.43,0.36421911421911424,1.3,1.6642191142191143,0.6008824147349254,0.21885286084459696,65.0,19.67439041295861,8.572560633223501,-1.362138715189477,14.400545257508158,6.615143886257251,2.974143987076611,17.87392474165348,0.35814509734859123,False
50,115,1.75,0.29761904761904767,0.45,0.7476190476190476,1.3375796178343948,0.39808917197452237,65.0,48.70823867611322,24.171743573665385,2.952164942613235,39.22934850218483,23.55257851550577,2.068063955037717,26.768494557837247,0.43828945479723086,False
50,115,1.75,0.29761904761904767,0.6,0.8976190476190476,1.1140583554376657,0.3315649867374006,65.0,42.334448102327784,21.801537929477465,3.837902096219602,32.67378098059956,18.968498123204906,2.2318292058419953,26.768494557837247,0.43828945479723086,False
50,115,1.75,0.29761904761904767,0.8,1.0976190476190477,0.9110629067245118,0.27114967462039047,65.0,35.70360504834292,18.806633177426445,3.7999490101336013,26.720207005826538,15.114608235103749,2.36219189362918,26.768494557837247,0.43828945479723086,False
50,115,1.75,0.29761904761904767,1.0,1.2976190476190477,0.7706422018348623,0.22935779816513766,65.0,30.75032462919486,16.368488060717016,3.4072548623577696,22.601863173735843,12.58323074998821,2.443754329882544,26.768494557837247,0.43828945479723086,False
50,115,1.75,0.29761904761904767,1.3,1.5976190476190477,0.6259314456035767,0.18628912071535025,65.0,25.38814971286792,13.598289391240026,2.744998584859298,18.357698106834626,10.069070986128104,2.5213994168721734,26.768494557837247,0.43828945479723086,False
50,115,2.0,0.2604166666666667,0.45,0.7104166666666667,1.407624633431085,0.36656891495601174,65.0,59.85655419977668,33.7435315014123,10.72119328795793,47.18133864982386,31.370567865897456,1.9080481569747412,34.96293166737505,0.5009022340539787,False
50,115,2.0,0.2604166666666667,0.6,0.8604166666666666,1.1622276029055691,0.30266343825665865,65.0,51.26364399761022,29.602154352171485,10.290820741857301,38.95602053169476,25.22534022986259,2.0322280504634236,34.96293166737505,0.5009022340539787,False
50,115,2.0,0.2604166666666667,0.8,1.0604166666666668,0.943025540275049,0.2455795677799607,65.0,42.71608047677778,25.030943866172453,9.034482736986767,31.608716069921282,20.05617272972477,2.1298221277018277,34.96293166737505,0.5009022340539787,False
50,115,2.0,0.2604166666666667,1.0,1.2604166666666667,0.793388429752066,0.2066115702479339,65.0,36.50387596310747,21.533175391157002,7.799594154047464,26.593118148082535,16.66596324318662,2.190325001348541,34.96293166737505,0.5009022340539787,False
50,115,2.0,0.2604166666666667,1.3,1.5604166666666668,0.6408544726301735,0.16688918558077437,65.0,29.907703028637332,17.70398765763879,6.277093733747062,21.480422536168135,13.306931397765094,2.247528159171268,34.96293166737505,0.5009022340539787,False
50,120,1.0,0.5208333333333334,0.45,0.9708333333333334,1.0300429184549356,0.5364806866952789,65.0,17.034763839069463,0.3790415705602773,-12.957163831644952,19.390331785183722,7.536985606397235,2.260156079455786,8.740732916843845,0.25045111702698986,False
50,120,1.0,0.5208333333333334,0.6,1.1208333333333333,0.8921933085501859,0.46468401486988853,65.0,16.169144865976836,1.6650165006437132,-10.118691989503972,16.795343144787388,6.009176887069381,2.6907420383596623,8.740732916843845,0.25045111702698986,False
50,120,1.0,0.5208333333333334,0.8,1.3208333333333333,0.7570977917981073,0.39432176656151424,65.0,14.620820078174154,2.225298987036711,-8.03692987951725,14.252199703305388,4.768869983817017,3.065887752819717,8.740732916843845,0.25045111702698986,False
50,120,1.0,0.5208333333333334,1.0,1.5208333333333335,0.6575342465753424,0.3424657534246575,65.0,13.167068389811696,2.3255619747253164,-6.815357251426693,12.377937824514541,3.969560838956143,3.3170088390115664,8.740732916843845,0.25045111702698986,False
50,120,1.0,0.5208333333333334,1.3,1.8208333333333333,0.5491990846681922,0.28604118993135014,65.0,11.359250040425499,2.208668061179577,-5.712153375473287,10.338552187523588,3.1827955002701787,3.5689537827552047,8.740732916843845,0.25045111702698986,False
50,120,1.25,0.4166666666666667,0.45,0.8666666666666667,1.1538461538461537,0.4807692307692308,65.0,25.68161039698827,6.485072579916721,-9.431530947801397,27.15112563670556,11.681362639778772,2.1985115254905434,13.657395182570466,0.3130638962837361,False
50,120,1.25,0.4166666666666667,0.6,1.0166666666666666,0.9836065573770493,0.40983606557377056,65.0,23.451536709090757,7.001917415390542,-6.822407416172071,23.14522185424081,9.385550677889723,2.498685214532737,13.657395182570466,0.3130638962837361,False
50,120,1.25,0.4166666666666667,0.8,1.2166666666666668,0.821917808219178,0.3424657534246575,65.0,20.573544359080756,6.7328705122355155,-5.104267247179401,19.34052785080396,7.484032765936379,2.7489917538471196,13.657395182570466,0.3130638962837361,False
50,120,1.25,0.4166666666666667,1.0,1.4166666666666667,0.7058823529411764,0.29411764705882354,65.0,18.172514559857778,6.204142739579041,-4.2068960621769405,16.61010038951399,6.242633791183592,2.9110332541887423,13.657395182570466,0.3130638962837361,False
50,120,1.25,0.4166666666666667,1.3,1.7166666666666668,0.5825242718446602,0.24271844660194175,65.0,15.380260329457082,5.402345518003903,-3.4925977899302008,13.707364399113487,5.010891787382273,3.0693658897574885,13.657395182570466,0.3130638962837361,False
50,120,1.43,0.36421911421911424,0.45,0.8142191142191142,1.2281706269682222,0.44732321786430007,65.0,32.39351690594568,11.65680687577278,-5.9070219386248395,33.06166062815872,15.390041082866986,2.104836285460464,17.873924741653592,0.3581450973485922,False
50,120,1.43,0.36421911421911424,0.6,0.9642191142191142,1.03710866674725,0.37773479995165,65.0,28.997994549296553,11.397217302591514,-3.7042730601536213,27.918380411980756,12.392405775262402,2.3399810396123457,17.873924741653592,0.3581450973485922,False
50,120,1.43,0.36421911421911424,0.8,1.1642191142191143,0.8589448393232555,0.31284412854139554,65.0,25.037529658361773,10.360985925229196,-2.4443925246458806,23.12231065655389,9.888680794786632,2.5319383017764814,17.873924741653592,0.3581450973485922,False
50,120,1.43,0.36421911421911424,1.0,1.3642191142191142,0.7330200768902179,0.26697992310978214,65.0,21.889753837505598,9.280034867959944,-1.902470121413298,19.732487069484563,8.247025044626259,2.6542606235649675,17.873924741653592,0.3581450973485922,False
50,120,1.43,0.36421911421911424,1.3,1.6642191142191143,0.6008824147349254,0.21885286084459696,65.0,18.33941512609462,7.898494310845815,-1.5810675805913488,16.175415725773288,6.615143886257252,2.772338053627853,17.873924741653592,0.3581450973485922,False
50,120,1.75,0.29761904761904767,0.45,0.7476190476190476,1.3375796178343948,0.39808917197452237,65.0,45.07155618710211,22.05195811117335,1.9590796393915428,44.06437460020751,23.55257851550576,1.913656976344624,26.76849455783834,0.43828945479723563,False
50,120,1.75,0.29761904761904767,0.6,0.8976190476190476,1.1140583554376657,0.3315649867374006,65.0,39.30548709026017,20.035987172919114,3.010770039955381,36.70083189513304,18.968498123204903,2.0721454505760915,26.76849455783834,0.43828945479723563,False
50,120,1.75,0.29761904761904767,0.8,1.0976190476190477,0.9110629067245118,0.27114967462039047,65.0,33.22655884107722,17.362787981716036,3.123530820954401,30.013478578015523,15.114608235103745,2.198307645441209,26.76849455783834,0.43828945479723563,False
50,120,1.75,0.29761904761904767,1.0,1.2976190476190477,0.7706422018348623,0.22935779816513766,65.0,28.655061690571944,15.147180473152796,2.835091953712611,25.387547934798455,12.583230749988207,2.277242010411261,26.76849455783834,0.43828945479723563,False
50,120,1.75,0.29761904761904767,1.3,1.5976190476190477,0.6259314456035767,0.18628912071535025,65.0,23.68633406227256,12.606318250819017,2.2802761031728433,20.620288561050906,10.0690709861281,2.352385249334781,26.76849455783834,0.43828945479723563,False
50,120,2.0,0.2604166666666667,0.45,0.7104166666666667,1.407624633431085,0.36656891495601174,65.0,55.482697517798854,30.99336981797332,9.227389439223506,52.99644933663117,31.370567865897446,1.7686226706183859,34.96293166737538,0.5009022340539797,False
50,120,2.0,0.2604166666666667,0.6,0.8604166666666666,1.1622276029055691,0.30266343825665865,65.0,47.65229986067453,27.331439741874412,9.057437903071735,43.75735889537829,25.22534022986258,1.88906470344698,34.96293166737538,0.5009022340539797,False
50,120,2.0,0.2604166666666667,0.8,1.0604166666666668,0.943025540275049,0.2455795677799607,65.0,39.785854291012676,23.188497630312547,8.033722201783549,35.50449749271361,20.056172729724764,1.9837211629139508,34.96293166737538,0.5009022340539797,False
50,120,2.0,0.2604166666666667,1.0,1.2604166666666667,0.793388429752066,0.2066115702479339,65.0,34.03861128781087,19.983084260491395,6.957631984760789,29.870725989737572,16.665963243186614,2.042402877717047,34.96293166737538,0.5009022340539797,False
50,120,2.0,0.2604166666666667,1.3,1.5604166666666668,0.6408544726301735,0.16688918558077437,65.0,27.916401121355037,16.451911377194612,5.597004131052217,24.127889484367465,13.30693139776509,2.0978841993612156,34.96293166737538,0.5009022340539797,False
50,125,1.0,0.5208333333333334,0.45,0.9708333333333334,1.0300429184549356,0.5364806866952789,65.0,15.255112233273238,-0.2089113199842767,-12.831791156842261,21.37039135188323,7.536985606397244,2.0240336163472303,8.740732916837382,0.25045111702700096,False
50,125,1.0,0.5208333333333334,0.6,1.1208333333333333,0.8921933085501859,0.46468401486988853,65.0,14.627662248316911,1.1557487553021477,-10.010097813931381,18.510413327095886,6.009176887069389,2.4342206134408975,8.740732916837382,0.25045111702700096,False
50,125,1.0,0.5208333333333334,0.8,1.3208333333333333,0.7570977917981073,0.39432176656151424,65.0,13.312748077699327,1.7931443387815655,-7.944778986050289,15.707574716052978,4.768869983817023,2.791593841491931,8.740732916837382,0.25045111702700096,False
50,125,1.0,0.5208333333333334,1.0,1.5208333333333335,0.6575342465753424,0.3424657534246575,65.0,12.031016816796571,1.9502386226790671,-6.73532483162114,13.641921054763817,3.9695608389561485,3.030818094215252,8.740732916837382,0.25045111702700096,False
50,125,1.0,0.5208333333333334,1.3,1.8208333333333333,0.5491990846681922,0.28604118993135014,65.0,10.410374012621105,1.8951828815528469,-5.645307075178031,11.39428188784621,3.182795500270183,3.2708271743306736,8.740732916837382,0.25045111702700096,False
50,125,1.25,0.4166666666666667,0.45,0.8666666666666667,1.1538461538461537,0.4807692307692308,65.0,23.189670348006793,5.390925112648325,-9.59427287775851,29.923685005942268,11.681362639778794,1.9851853814587104,13.657395182559332,0.3130638962837466,False
50,125,1.25,0.4166666666666667,0.6,1.0166666666666666,0.9836065573770493,0.40983606557377056,65.0,21.32725994602458,6.069201541653548,-6.961138241709283,25.508715087032755,9.38555067788974,2.272350411603108,13.657395182559332,0.3130638962837466,False
50,125,1.25,0.4166666666666667,0.8,1.2166666666666668,0.821917808219178,0.3424657534246575,65.0,18.798463776244635,5.953477795825151,-5.220193005505015,21.315501648068462,7.484032765936393,2.511809389959638,13.657395182559332,0.3130638962837466,False
50,125,1.25,0.4166666666666667,1.0,1.4166666666666667,0.7058823529411764,0.29411764705882354,65.0,16.648033588716167,5.534781936073669,-4.30645583109188,18.306254356576446,6.2426337911836045,2.666828480669166,13.657395182559332,0.3130638962837466,False
50,125,1.25,0.4166666666666667,1.3,1.7166666666666668,0.5825242718446602,0.24271844660194175,65.0,14.122193508612064,4.849960388897529,-3.5747587642774814,15.107103109796096,5.010891787382284,2.8182994380705977,13.657395182559332,0.3130638962837466,False
50,125,1.43,0.36421911421911424,0.45,0.8142191142191142,1.2281706269682222,0.44732321786430007,65.0,29.35910583557135,10.145166989011997,-6.34713982855172,36.43777910529482,15.390041082867,1.9076691009132811,17.873924741640852,0.35814509734861233,False
50,125,1.43,0.36421911421911424,0.6,0.9642191142191142,1.03710866674725,0.37773479995165,65.0,26.435635581856076,10.120737639964798,-4.07592343837545,30.769288629226352,12.392405775262414,2.133212554629756,17.873924741640852,0.35814509734861233,False
50,125,1.43,0.36421911421911424,0.8,1.1642191142191143,0.8589448393232555,0.31284412854139554,65.0,22.91535569323663,9.303791386345342,-2.7521974679864742,25.483464293682008,9.888680794786643,2.317331924124572,17.873924741640852,0.35814509734861233,False
50,125,1.43,0.36421911421911424,1.0,1.3642191142191142,0.7330200768902179,0.26697992310978214,65.0,20.07869909699854,8.377829293512201,-2.1651496241069492,21.74748610248523,8.247025044626268,2.434659648582218,17.873924741640852,0.35814509734861233,False
50,125,1.43,0.36421911421911424,1.3,1.6642191142191143,0.6008824147349254,0.21885286084459696,65.0,16.85482966929547,7.158924575646514,-1.7963952351210208,17.827181513382563,6.615143886257259,2.547915806383413,17.873924741640852,0.35814509734861233,False
50,125,1.75,0.29761904761904767,0.45,0.7476190476190476,1.3375796178343948,0.39808917197452237,65.0,41.0273120821309,19.715696825839547,0.909932143825892,48.56404420072669,23.552578515505804,1.7419456665910542,26.76849455781889,0.4382894547972507,False
50,125,1.75,0.29761904761904767,0.6,0.8976190476190476,1.1140583554376657,0.3315649867374006,65.0,35.937071575774866,18.09013559839706,2.1369442744179423,40.44856731837714,18.968498123204938,1.8945659979169136,26.76849455781889,0.4382894547972507,False
50,125,1.75,0.29761904761904767,0.8,1.0976190476190477,0.9110629067245118,0.27114967462039047,65.0,30.471911012528498,15.771495045501691,2.4089271038012248,33.07832945559258,15.114608235103773,2.0160569522243583,26.76849455781889,0.4382894547972507,False
50,125,1.75,0.29761904761904767,1.0,1.2976190476190477,0.7706422018348623,0.22935779816513766,65.0,26.324983435597705,13.80115103536415,2.2306289929646947,27.980018126657214,12.583230749988232,2.092068718967291,26.76849455781889,0.4382894547972507,False
50,125,1.75,0.29761904761904767,1.3,1.5976190476190477,0.6259314456035767,0.18628912071535025,65.0,21.793796582449964,11.513045458576372,1.7893188548753554,22.725946168447365,10.069070986128121,2.1644297286685803,26.76849455781889,0.4382894547972507,False
50,125,2.0,0.2604166666666667,0.45,0.7104166666666667,1.407624633431085,0.36656891495601174,65.0,50.618664389933514,27.95651690371849,7.6204331518700625,58.40822504385682,31.370567865897485,1.6135718233191556,34.96293166734953,0.5009022340540019,False
50,125,2.0,0.2604166666666667,0.6,0.8604166666666666,1.1622276029055691,0.30266343825665865,65.0,43.636233767207024,24.82401397005626,7.730628958792015,48.22567733645321,25.225340229862613,1.729857094872757,34.96293166734953,0.5009022340540019,False
50,125,2.0,0.2604166666666667,0.8,1.0604166666666668,0.943025540275049,0.2455795677799607,65.0,36.527238777059665,21.153985167128077,6.957156201808059,39.13006825138541,20.05617272972479,1.8212467188679269,34.96293166734953,0.5009022340540019,False
50,125,2.0,0.2604166666666667,1.0,1.2604166666666667,0.793388429752066,0.2066115702479339,65.0,31.297065343014044,18.27140352700231,6.051892986434302,32.92099957017384,16.665963243186635,1.8779031782521711,34.96293166734953,0.5009022340540019,False
50,125,2.0,0.2604166666666667,1.3,1.5604166666666668,0.6408544726301735,0.16688918558077437,65.0,25.70193477075146,15.06931211983694,4.865399199159661,26.591728624773264,13.306931397765108,1.93146969819564,34.96293166734953,0.5009022340540019,False
55,100,1.0,0.5729166666666667,0.45,1.0229166666666667,0.9775967413441955,0.560081466395112,65.0,24.48461719638877,3.7138266213711235,-11.913844820525732,10.449944574054706,7.816966423920717,3.132240292278004,8.908690265843846,0.250450473700366,False
55,100,1.0,0.5729166666666667,0.6,1.1729166666666666,0.852575488454707,0.4884547069271759,65.0,22.72717664286455,4.53869945679421,-9.31236649035175,9.11353958412231,6.312943475379305,3.6000918955636645,8.908690265843846,0.250450473700366,False
55,100,1.0,0.5729166666666667,0.8,1.3729166666666668,0.7283763277693475,0.41729893778452204,65.0,20.296647200018413,4.673503092295317,-7.412639642058143,7.785922285069591,5.070151249633771,4.003164047913657,8.908690265843846,0.250450473700366,False
55,100,1.0,0.5729166666666667,1.0,1.5729166666666667,0.6357615894039734,0.3642384105960265,65.0,18.176880182436783,4.466693058964677,-6.303354617372657,6.795924219683259,4.256232015404926,4.270650687426748,8.908690265843846,0.250450473700366,False
55,100,1.0,0.5729166666666667,1.3,1.8729166666666668,0.5339265850945495,0.3058954393770857,65.0,15.622719892679784,4.015934303058743,-5.3069943912441735,5.707366836330213,3.4432808427025,4.537161099069139,8.908690265843846,0.250450473700366,False
55,100,1.25,0.4583333333333334,0.45,0.9083333333333334,1.1009174311926604,0.5045871559633028,65.0,36.24056699722353,12.07904506329579,-7.026306750758711,14.710214409004768,12.289464263674304,2.9489134936780657,13.919828540380909,0.3130630921254549,False
55,100,1.25,0.4583333333333334,0.6,1.0583333333333333,0.9448818897637795,0.43307086614173235,65.0,32.62665475845536,11.807603485588352,-4.835894233308461,12.62530213056315,9.988706853258806,3.266354217594337,13.919828540380909,0.3130630921254549,False
55,100,1.25,0.4583333333333334,0.8,1.2583333333333335,0.7947019867549667,0.3642384105960265,65.0,28.40137528505747,10.799359791931055,-3.474671292332748,10.618631593255097,8.048519169413211,3.528770285221065,13.919828540380909,0.3130630921254549,False
55,100,1.25,0.4583333333333334,1.0,1.4583333333333335,0.6857142857142856,0.31428571428571433,65.0,25.003549578717642,9.736182908602963,-2.8182923893843133,9.162362117608685,6.762187252068063,3.6975535646503825,13.919828540380909,0.3130630921254549,False
55,100,1.25,0.4583333333333334,1.3,1.7583333333333335,0.5687203791469194,0.26066350710900477,65.0,21.118205392039936,8.356990183594258,-2.351611249029829,7.5991155003863495,5.4687030597233095,3.8616478461912354,13.919828540380909,0.3130630921254549,False
55,100,1.43,0.4006410256410257,0.45,0.8506410256410257,1.1755840241145439,0.4709871891484552,65.0,45.362172891254104,19.129547721755852,-2.2090447205533077,17.969829425236135,16.315694365887126,2.7802784162283274,18.21738072462437,0.3581441773915183,False
55,100,1.43,0.4006410256410257,0.6,1.0006410256410256,0.9993593850096092,0.4003843689942345,65.0,40.17253491213213,17.7855581850008,-0.6144696076498481,15.276081772766403,13.278738357870605,3.0253276952566033,18.21738072462437,0.3581441773915183,False
55,100,1.43,0.4006410256410257,0.8,1.2006410256410258,0.8328884143085957,0.33368926855312336,65.0,34.48725022754739,15.733073274768039,0.10896667100996794,12.73142746785283,10.697276396937458,3.223928124117725,18.21738072462437,0.3581441773915183,False
55,100,1.43,0.4006410256410257,1.0,1.4006410256410258,0.7139588100686498,0.28604118993135014,65.0,30.08045550719043,13.921610567117446,0.28066779670551145,10.913484506768125,8.979739844558614,3.3498136948163437,18.21738072462437,0.3581441773915183,False
55,100,1.43,0.4006410256410257,1.3,1.7006410256410258,0.5880135695439125,0.2355823595929137,65.0,25.16771857594949,11.757303824228769,0.21651137035885218,8.988301412472051,7.251190371174807,3.4708395846283544,18.21738072462437,0.3581441773915183,False
55,100,1.75,0.32738095238095244,0.45,0.7773809523809525,1.2863705972434913,0.4211332312404288,65.0,62.600066163324016,33.27499555402047,8.490053956111904,24.06347784333673,25.222892479319757,2.4818749956869457,27.282863939145408,0.4382883289756371,False
55,100,1.75,0.32738095238095244,0.6,0.9273809523809524,1.0783055198973042,0.3530166880616175,65.0,54.21230637488554,29.536868051564472,8.480060732681322,20.17131069537726,20.505324709062112,2.6438160401784314,27.282863939145408,0.4382883289756371,False
55,100,1.75,0.32738095238095244,0.8,1.1273809523809524,0.8870116156282999,0.2903907074973601,65.0,45.66688940029015,25.26629779678121,7.6371169252104085,16.592873317527864,16.474099596496384,2.772041599772914,27.282863939145408,0.4382883289756371,False
55,100,1.75,0.32738095238095244,1.0,1.3273809523809526,0.7533632286995515,0.24663677130044845,65.0,39.332411497487115,21.918461682976957,6.684008167869226,14.092781194348776,13.791360483942317,2.851960221276428,27.282863939145408,0.4382883289756371,False
55,100,1.75,0.32738095238095244,1.3,1.6273809523809524,0.6144842721287491,0.20117044623262623,65.0,32.492962655312375,18.182542219933723,5.436538017083332,11.494843476005038,11.097997055613487,2.927822245084944,27.282863939145408,0.4382883289756371,False
55,100,2.0,0.28645833333333337,0.45,0.7364583333333334,1.3578500707213577,0.38896746817538896,65.0,76.7686215357205,45.438335646473085,18.361709950965317,29.029266115195817,33.79123622772842,2.2718500447380996,35.634761063375386,0.500900947400732,False
55,100,2.0,0.28645833333333337,0.6,0.8864583333333333,1.128084606345476,0.3231492361927145,65.0,65.59614834167581,39.4694490578382,16.680845923563666,24.11714587948701,27.4060133231386,2.393494725710204,35.634761063375386,0.500900947400732,False
55,100,2.0,0.28645833333333337,0.8,1.0864583333333333,0.9204218600191755,0.2636625119846597,65.0,54.633271666850334,33.2095902545688,14.296515341185156,19.677556225736765,21.952638860720196,2.4886881259913367,35.634761063375386,0.500900947400732,False
55,100,2.0,0.28645833333333337,1.0,1.2864583333333335,0.777327935222672,0.22267206477732793,65.0,46.70332827075317,28.520349861462908,12.277780629033229,16.61837339550076,18.332836702814,2.547523279012486,35.634761063375386,0.500900947400732,False
55,100,2.0,0.28645833333333337,1.3,1.5864583333333333,0.6303348653972423,0.18056467498358506,65.0,38.29361241361713,23.439642440426557,9.940347100217812,13.475831348288539,14.711202849568581,2.6030238862990136,35.634761063375386,0.500900947400732,False
55,105,1.0,0.5729166666666667,0.45,1.0229166666666667,0.9775967413441955,0.560081466395112,65.0,23.45669577214677,3.1801194590109882,-12.214571184424935,13.093326728990863,7.8169664239207135,3.0007415281159315,8.90869026584884,0.2504504737003563,True
55,105,1.0,0.5729166666666667,0.6,1.1729166666666666,0.852575488454707,0.4884547069271759,65.0,21.830712310177482,4.07324614113022,-9.574634065262066,11.418869314270896,6.312943475379302,3.458087720144813,8.90869026584884,0.2504504737003563,True
55,105,1.0,0.5729166666666667,0.8,1.3729166666666668,0.7283763277693475,0.41729893778452204,65.0,19.530775547055104,4.275854811993608,-7.636701318347231,9.755422494589551,5.070151249633768,3.852109056601787,8.90869026584884,0.2504504737003563,True
55,105,1.0,0.5729166666666667,1.0,1.5729166666666667,0.6357615894039734,0.3642384105960265,65.0,17.50839088534695,4.119606679204642,-6.49892633217333,8.514997912496046,4.256232015404924,4.1135893959674705,8.90869026584884,0.2504504737003563,True
55,105,1.0,0.5729166666666667,1.3,1.8729166666666668,0.5339265850945495,0.3058954393770857,65.0,15.061307857860184,3.7244435169421397,-5.471239824697464,7.151082785244176,3.443280842702498,4.374115428249281,8.90869026584884,0.2504504737003563,True
55,105,1.25,0.4583333333333334,0.45,0.9083333333333334,1.1009174311926604,0.5045871559633028,65.0,34.793578983167286,11.217893904793268,-7.5373220300126365,18.431259816326023,12.289464263674297,2.8311713380388417,13.919828540381562,0.3130630921254444,True
55,105,1.25,0.4583333333333334,0.6,1.0583333333333333,0.9448818897637795,0.43307086614173235,65.0,31.38475165977716,11.068505247188549,-5.274482150148443,15.818955275429422,9.9887068532588,3.1420234992218172,13.919828540381562,0.3130630921254444,True
55,105,1.25,0.4583333333333334,0.8,1.2583333333333335,0.7947019867549667,0.3642384105960265,65.0,27.35686075835461,10.177734121223937,-3.8435498713968395,13.304684238275076,8.048519169413206,3.3989930548117364,13.919828540381562,0.3130630921254444,True
55,105,1.25,0.4583333333333334,1.0,1.4583333333333335,0.6857142857142856,0.31428571428571433,65.0,24.102282758534034,9.199808758449963,-3.1365819061767577,11.480041828454494,6.762187252068059,3.564273194470163,13.919828540381562,0.3130630921254444,True
55,105,1.25,0.4583333333333334,1.3,1.7583333333333335,0.5687203791469194,0.26066350710900477,65.0,20.370709214162538,7.9121301064531435,-2.6155954454216666,9.521361706064154,5.468703059723305,3.724961657580512,13.919828540381562,0.3130630921254444,True
55,105,1.43,0.4006410256410257,0.45,0.8506410256410257,1.1755840241145439,0.4709871891484552,65.0,43.59454890767471,18.003109289017882,-2.9136629384788493,22.515415872445868,16.315694365887122,2.6719395405458353,18.217380724623382,0.3581441773915093,True
55,105,1.43,0.4006410256410257,0.6,1.0006410256410256,0.9993593850096092,0.4003843689942345,65.0,38.66988467112645,16.827977275171662,-1.2134628012354944,19.140267048517405,13.278738357870603,2.9121655709260925,18.217380724623382,0.3581441773915093,True
55,105,1.43,0.4006410256410257,0.8,1.2006410256410258,0.8328884143085957,0.33368926855312336,65.0,33.23490798184004,14.935003974050858,-0.3902476243382402,15.951925714220858,10.697276396937456,3.106856993183323,18.217380724623382,0.3581441773915093,True
55,105,1.43,0.4006410256410257,1.0,1.4006410256410258,0.7139588100686498,0.28604118993135014,65.0,29.00693741739186,13.237498988058736,-0.14726280978748346,13.674122133975134,8.979739844558612,3.2302647871217545,18.217380724623382,0.3581441773915093,True
55,105,1.43,0.4006410256410257,1.3,1.7006410256410258,0.5880135695439125,0.2355823595929137,65.0,24.28357344733665,11.193872312640648,-0.13593053510183153,11.261951324061691,7.251190371174806,3.3489085521557382,18.217380724623382,0.3581441773915093,True
55,105,1.75,0.32738095238095244,0.45,0.7773809523809525,1.2863705972434913,0.4211332312404288,65.0,60.233033090406884,31.63119062323633,7.374505004847524,30.150492704133928,25.222892479319746,2.388030363281767,27.282863939146587,0.4382883289756229,True
55,105,1.75,0.32738095238095244,0.6,0.9273809523809524,1.0783055198973042,0.3530166880616175,65.0,52.228131026214314,28.158941710355176,7.544947170196546,25.27377629756028,20.505324709062105,2.547052132421617,27.282863939146587,0.4382883289756229,True
55,105,1.75,0.32738095238095244,0.8,1.1273809523809524,0.8870116156282999,0.2903907074973601,65.0,44.03471136796187,24.132818789598485,6.867894681096743,20.790149668214845,16.474099596496377,2.6729661982453314,27.282863939146587,0.4382883289756229,True
55,105,1.75,0.32738095238095244,1.0,1.3273809523809526,0.7533632286995515,0.24663677130044845,65.0,37.94615804760829,20.9557669566971,6.030686674438158,17.657642812376192,13.791360483942311,2.7514441444547932,27.282863939146587,0.4382883289756229,True
55,105,1.75,0.32738095238095244,1.3,1.6273809523809524,0.6144842721287491,0.20117044623262623,65.0,31.36225848807398,17.397315724101944,4.903653258359381,14.402539675054468,11.097997055613483,2.8259386203576815,27.282863939146587,0.4382883289756229,True
55,105,2.0,0.28645833333333337,0.45,0.7364583333333334,1.3578500707213577,0.38896746817538896,65.0,73.9131226994952,43.35892143404332,16.87910617886446,36.37240975351918,33.79123622772841,2.1873459201484784,35.63476106339536,0.5009009474007126,True
55,105,2.0,0.28645833333333337,0.6,0.8864583333333333,1.128084606345476,0.3231492361927145,65.0,63.223836147537995,37.74189811989714,15.449117525355318,30.21773642272393,27.40601332313859,2.3069329859136722,35.63476106339536,0.5009009474007126,True
55,105,2.0,0.28645833333333337,0.8,1.0864583333333333,0.9204218600191755,0.2636625119846597,65.0,52.69766507316742,31.80005444614325,13.29152889164028,24.655123389969383,21.95263886072019,2.4005161934066725,35.63476106339536,0.5009009474007126,True
55,105,2.0,0.28645833333333337,1.0,1.2864583333333335,0.777327935222672,0.22267206477732793,65.0,45.06864189244444,27.32994836495453,11.42903498783865,20.822100158492358,18.332836702813992,2.4583561520256514,35.63476106339536,0.5009009474007126,True
55,105,2.0,0.28645833333333337,1.3,1.5864583333333333,0.6303348653972423,0.18056467498358506,65.0,36.96804598077978,22.47434641403927,9.252099649872896,16.884631448285006,14.711202849568577,2.5129179686257883,35.63476106339536,0.5009009474007126,True
55,110,1.0,0.5729166666666667,0.45,1.0229166666666667,0.9775967413441955,0.560081466395112,65.0,22.202299964182885,2.6384591211506763,-12.39673194613196,15.637060761552542,7.8169664239207135,2.840270606285526,8.908690265848206,0.2504504737003588,False
55,110,1.0,0.5729166666666667,0.6,1.1729166666666666,0.852575488454707,0.4884547069271759,65.0,20.73673657001715,3.6008567523390775,-9.733498956910644,13.637294554036053,6.312943475379302,3.284796806892243,8.908690265848206,0.2504504737003588,False
55,110,1.0,0.5729166666666667,0.8,1.3729166666666668,0.7283763277693475,0.41729893778452204,65.0,18.596165013352117,3.8722808728594456,-7.7724235247177145,11.650678048440511,5.070151249633768,3.6677732276123662,8.908690265848206,0.2504504737003588,False
55,110,1.0,0.5729166666666667,1.0,1.5729166666666667,0.6357615894039734,0.3642384105960265,65.0,16.69261824732011,3.7673481018676713,-6.617391145415911,10.169267329698407,4.256232015404924,3.9219239427980352,8.908690265848206,0.2504504737003588,False
55,110,1.0,0.5729166666666667,1.3,1.8729166666666668,0.5339265850945495,0.3058954393770857,65.0,14.376204029483914,3.4286090053855065,-5.570729183983503,8.540374676220576,3.443280842702498,4.1751471013327475,8.908690265848206,0.2504504737003588,False
55,110,1.25,0.4583333333333334,0.45,0.9083333333333334,1.1009174311926604,0.5045871559633028,65.0,33.0277867190897,10.296536980306087,-7.941544523011477,22.012032207346046,12.2894642636743,2.6874879173305035,13.91982854037971,0.31306309212544664,False
55,110,1.25,0.4583333333333334,0.6,1.0583333333333333,0.9448818897637795,0.43307086614173235,65.0,29.869229165411355,10.277734343494828,-5.621413266186819,18.8922166189033,9.988706853258803,2.9902999061051188,13.91982854037971,0.31306309212544664,False
55,110,1.25,0.4583333333333334,0.8,1.2583333333333335,0.7947019867549667,0.3642384105960265,65.0,26.082216011437676,9.512648659176898,-4.135339617998652,15.889480202653768,8.04851916941321,3.24062295963187,13.91982854037971,0.31306309212544664,False
55,110,1.25,0.4583333333333334,1.0,1.4583333333333335,0.6857142857142856,0.31428571428571433,65.0,23.00244643405142,8.625935016912234,-3.3883547732446075,13.710351489146966,6.7621872520680615,3.4016281384424314,13.91982854037971,0.31306309212544664,False
55,110,1.25,0.4583333333333334,1.3,1.7583333333333335,0.5687203791469194,0.26066350710900477,65.0,19.458522689117714,7.4361684724763535,-2.824411804364196,11.371144600003408,5.468703059723307,3.5581604041420074,13.91982854037971,0.31306309212544664,False
55,110,1.43,0.4006410256410257,0.45,0.8506410256410257,1.1755840241145439,0.4709871891484552,65.0,41.43747730398332,16.77035229870416,-3.530904485080127,26.88964640968642,16.315694365887126,2.5397311554585658,18.217380724621655,0.3581441773915111,False
55,110,1.43,0.4006410256410257,0.6,1.0006410256410256,0.9993593850096092,0.4003843689942345,65.0,36.83616653012807,15.780015375013873,-1.7381774279746975,22.858783334819915,13.278738357870605,2.7740712662129114,18.217380724621655,0.3581441773915111,False
55,110,1.43,0.4006410256410257,0.8,1.2006410256410258,0.8328884143085957,0.33368926855312336,65.0,31.70664635979067,14.061609138948716,-0.8275565043915748,19.051020173867528,10.697276396937458,2.9639924391285266,18.217380724621655,0.3581441773915111,False
55,110,1.43,0.4006410256410257,1.0,1.4006410256410258,0.7139588100686498,0.28604118993135014,65.0,27.696898965172885,12.488817740394518,-0.5221275843137516,16.330691435081867,8.979739844558614,3.084376545937037,18.217380724621655,0.3581441773915111,False
55,110,1.43,0.4006410256410257,1.3,1.7006410256410258,0.5880135695439125,0.2355823595929137,65.0,23.20463111107639,10.577261484843321,-0.44466763737846016,13.44989098592306,7.251190371174807,3.200113350122523,18.217380724621655,0.3581441773915111,False
55,110,1.75,0.32738095238095244,0.45,0.7773809523809525,1.2863705972434913,0.4211332312404288,65.0,57.34448899165085,29.785712375367595,6.292695785654203,36.00804411008735,25.222892479319757,2.273509631723149,27.28286393914266,0.438288328975626,False
55,110,1.75,0.32738095238095244,0.6,0.9273809523809524,1.0783055198973042,0.3530166880616175,65.0,49.8067968843816,26.61196186971553,6.6381160788830185,30.183893201395435,20.505324709062112,2.428968942997036,27.28286393914266,0.438288328975626,False
55,110,1.75,0.32738095238095244,0.8,1.1273809523809524,0.8870116156282999,0.2903907074973601,65.0,42.04292752795375,22.860276766516872,6.121937532064813,24.82920042649107,16.474099596496384,2.552062240590994,27.28286393914266,0.438288328975626,False
55,110,1.75,0.32738095238095244,1.0,1.3273809523809526,0.7533632286995515,0.24663677130044845,65.0,36.254481548516196,19.874962207048412,5.397124862659469,21.088119106625147,13.791360483942317,2.6287820980916528,27.28286393914266,0.438288328975626,False
55,110,1.75,0.32738095238095244,1.3,1.6273809523809524,0.6144842721287491,0.20117044623262623,65.0,29.982434569648458,16.515752230423608,4.386885577208512,17.200623850685474,11.097997055613487,2.7016077242949907,27.28286393914266,0.438288328975626,False
55,110,2.0,0.28645833333333337,0.45,0.7364583333333334,1.3578500707213577,0.38896746817538896,65.0,70.42849276054037,40.99402805006223,15.374409002686734,43.4387373913567,33.79123622772841,2.084223621944561,35.63476106339282,0.5009009474007176,False
55,110,2.0,0.28645833333333337,0.6,0.8864583333333333,1.128084606345476,0.3231492361927145,65.0,60.32884981752499,35.77717470923365,14.199034207426232,36.08835174581574,27.40601332313859,2.201299733244675,35.63476106339282,0.5009009474007176,False
55,110,2.0,0.28645833333333337,0.8,1.0864583333333333,0.9204218600191755,0.2636625119846597,65.0,50.33560048367455,30.197005910692983,12.271566376244639,29.445050178033746,21.95263886072019,2.2929179859893716,35.63476106339282,0.5009009474007176,False
55,110,2.0,0.28645833333333337,1.0,1.2864583333333335,0.777327935222672,0.22267206477732793,65.0,43.07379706099418,25.97611871112892,10.567641543662413,24.867358166549952,18.332836702813992,2.3495434863270552,35.63476106339282,0.5009009474007176,False
55,110,2.0,0.28645833333333337,1.3,1.5864583333333333,0.6303348653972423,0.18056467498358506,65.0,35.3504272238257,21.37652656999814,8.553596101903327,20.16492930774077,14.711202849568577,2.4029596753784404,35.63476106339282,0.5009009474007176,False
55,115,1.0,0.5729166666666667,0.45,1.0229166666666667,0.9775967413441955,0.560081466395112,65.0,20.730976482020072,2.0801810072872495,-12.467301910901938,18.061787319803333,7.8169664239207135,2.6520488073968402,8.908690265851304,0.2504504737003577,False
55,115,1.0,0.5729166666666667,0.6,1.1729166666666666,0.852575488454707,0.4884547069271759,65.0,19.453575238326312,3.1139747738187533,-9.795043988353022,15.75193174782138,6.312943475379302,3.0815380042916476,8.908690265851304,0.2504504737003577,False
55,115,1.0,0.5729166666666667,0.8,1.3729166666666668,0.7283763277693475,0.41729893778452204,65.0,17.499928549403798,3.4563255558534633,-7.825002967361203,13.457264907471073,5.070151249633768,3.4515594679089445,8.908690265851304,0.2504504737003577,False
55,115,1.0,0.5729166666666667,1.0,1.5729166666666667,0.6357615894039734,0.3642384105960265,65.0,15.735770790708266,3.4042824675538403,-6.6632849900544,11.746142482150248,4.256232015404924,3.697113017747745,8.908690265851304,0.2504504737003577,False
55,115,1.0,0.5729166666666667,1.3,1.8729166666666668,0.5339265850945495,0.3058954393770857,65.0,13.57262246136162,3.123698489359987,-5.6092718454985855,9.864669159091699,3.443280842702498,3.941770387427647,8.908690265851304,0.2504504737003577,False
55,115,1.25,0.4583333333333334,0.45,0.9083333333333334,1.1009174311926604,0.5045871559633028,65.0,30.956628950334117,9.305702189561604,-8.253124535444751,25.425279742039677,12.2894642636743,2.5189567491430025,13.919828540392379,0.31306309212544625,False
55,115,1.25,0.4583333333333334,0.6,1.0583333333333333,0.9448818897637795,0.43307086614173235,65.0,28.09162131663688,9.427332830178695,-5.888832331976007,21.821696786474998,9.988706853258803,2.812338146401005,13.919828540392379,0.31306309212544625,False
55,115,1.25,0.4583333333333334,0.8,1.2583333333333335,0.7947019867549667,0.3642384105960265,65.0,24.587141860481662,8.79741030029512,-4.360254991212075,18.353347628359767,8.04851916941321,3.0548652917321966,13.919828540392379,0.31306309212544625,False
55,115,1.25,0.4583333333333334,1.0,1.4583333333333335,0.6857142857142856,0.31428571428571433,65.0,21.712411023797944,8.00878649010567,-3.58242460956019,15.836317096470427,6.7621872520680615,3.2108562236512594,13.919828540392379,0.31306309212544625,False
55,115,1.25,0.4583333333333334,1.3,1.7583333333333335,0.5687203791469194,0.26066350710900477,65.0,18.388588107153932,6.924315428916407,-2.9853701994126647,13.134386217451777,5.468703059723307,3.3625135441316716,13.919828540392379,0.31306309212544625,False
55,115,1.43,0.4006410256410257,0.45,0.8506410256410257,1.1755840241145439,0.4709871891484552,65.0,38.907374697558545,15.422307619351743,-4.078687748946544,31.059230501336796,16.315694365887122,2.384659446606584,18.217380724640737,0.35814417739151,False
55,115,1.43,0.4006410256410257,0.6,1.0006410256410256,0.9993593850096092,0.4003843689942345,65.0,34.68533619141847,14.634047860919923,-2.2038458399867,26.403330477433652,13.278738357870603,2.6120957621594902,18.217380724640737,0.35814417739151,False
55,115,1.43,0.4006410256410257,0.8,1.2006410256410258,0.8328884143085957,0.33368926855312336,65.0,29.91409635513201,13.10653423798734,-1.2156549513487214,22.005124866670542,10.697276396937456,2.796421747473607,18.217380724640737,0.35814417739151,False
55,115,1.43,0.4006410256410257,1.0,1.4006410256410258,0.7139588100686498,0.28604118993135014,65.0,26.16031033417715,11.670119667396506,-0.854808770195095,18.862974313626513,8.979739844558612,2.9132592688672743,18.217380724640737,0.35814417739151,False
55,115,1.43,0.4006410256410257,1.3,1.7006410256410258,0.5880135695439125,0.2355823595929137,65.0,21.939102969830376,9.902985084729995,-0.7186625077707465,15.535468856115314,7.251190371174806,3.0255863998611168,18.217380724640737,0.35814417739151,False
55,115,1.75,0.32738095238095244,0.45,0.7773809523809525,1.2863705972434913,0.4211332312404288,65.0,53.956417431796744,27.731177612794497,5.22234273083322,41.59155255811144,25.222892479319743,2.1391843729277134,27.282863939169943,0.43828832897562325,False
55,115,1.75,0.32738095238095244,0.6,0.9273809523809524,1.0783055198973042,0.3530166880616175,65.0,46.96673176424716,24.889739533437954,5.7408881651498955,34.86429245243488,20.5053247090621,2.2904651562767366,27.282863939169943,0.43828832897562325,False
55,115,1.75,0.32738095238095244,0.8,1.1273809523809524,0.8870116156282999,0.2903907074973601,65.0,39.70669655795931,21.443580673633843,5.3838799346011355,28.67928597724052,16.474099596496373,2.410249878931406,27.282863939169943,0.43828832897562325,False
55,115,1.75,0.32738095238095244,1.0,1.3273809523809526,0.7533632286995515,0.24663677130044845,65.0,34.27025667983034,18.67172346268946,4.770272356114086,24.35810208111818,13.79136048394231,2.484907614425148,27.282863939169943,0.43828832897562325,False
55,115,1.75,0.32738095238095244,1.3,1.6273809523809524,0.6144842721287491,0.20117044623262623,65.0,28.36399219321486,15.534324871272013,3.8755903725281153,19.86780089279208,11.09799705561348,2.555775790088903,27.282863939169943,0.43828832897562325,False
55,115,2.0,0.28645833333333337,0.45,0.7364583333333334,1.3578500707213577,0.38896746817538896,65.0,66.341251856767,38.33826595824178,13.823548725985503,50.17447000861916,33.79123622772841,1.96326797308258,35.634761063405215,0.5009009474007154,False
55,115,2.0,0.28645833333333337,0.6,0.8864583333333333,1.128084606345476,0.3231492361927145,65.0,56.93322194564747,33.57080126749798,12.910599171435903,41.68431292137926,27.40601332313859,2.0773989005390794,35.634761063405215,0.5009009474007154,False
55,115,2.0,0.28645833333333337,0.8,1.0864583333333333,0.9204218600191755,0.2636625119846597,65.0,47.565054636150315,28.396791338385164,11.22031209472233,34.01088235483581,21.95263886072019,2.166712391067407,35.634761063405215,0.5009009474007154,False
55,115,2.0,0.28645833333333337,1.0,1.2864583333333335,0.777327935222672,0.22267206477732793,65.0,40.73397575008911,24.45577555411106,9.679821126150047,28.72336056363866,18.332836702813992,2.2219134120055006,35.634761063405215,0.5009009474007154,False
55,115,2.0,0.28645833333333337,1.3,1.5864583333333333,0.6303348653972423,0.18056467498358506,65.0,33.45306719823951,20.143681002751226,7.833662933401838,23.291759879247373,14.711202849568577,2.2739858555631676,35.634761063405215,0.5009009474007154,False
55,120,1.0,0.5729166666666667,0.45,1.0229166666666667,0.9775967413441955,0.560081466395112,65.0,19.053922985767404,1.4926985215454274,-12.440174806136207,20.34905277054494,7.816966423920715,2.4375086129908983,8.908690265852888,0.2504504737003551,False
55,120,1.0,0.5729166666666667,0.6,1.1729166666666666,0.852575488454707,0.4884547069271759,65.0,17.990993947633484,2.601623263162919,-9.771386069276693,17.746687229729247,6.312943475379303,2.8498582345618937,8.908690265852888,0.2504504737003551,False
55,120,1.0,0.5729166666666667,0.8,1.3729166666666668,0.7283763277693475,0.41729893778452204,65.0,16.250409176626775,3.018610987569344,-7.80479142192877,15.161433854836972,5.070151249633769,3.205113294756362,8.908690265852888,0.2504504737003551,False
55,120,1.0,0.5729166666666667,1.0,1.5729166666666667,0.6357615894039734,0.3642384105960265,65.0,14.645130702416795,3.0222243211972377,-6.645643389471654,13.233622397798099,4.256232015404925,3.4408675677008413,8.908690265852888,0.2504504737003551,False
55,120,1.0,0.5729166666666667,1.3,1.8729166666666668,0.5339265850945495,0.3058954393770857,65.0,12.656678894442754,2.802837643420905,-5.594456040782264,11.113887553211974,3.443280842702499,3.6757614242435745,8.908690265852888,0.2504504737003551,False
55,120,1.25,0.4583333333333334,0.45,0.9083333333333334,1.1009174311926604,0.5045871559633028,65.0,28.59586843812064,8.231770601885854,-8.494420416493977,28.645025545692558,12.2894642636743,2.3268604574281953,13.919828540394606,0.3130630921254413,False
55,120,1.25,0.4583333333333334,0.6,1.0583333333333333,0.9448818897637795,0.43307086614173235,65.0,26.065456782532397,8.505612018708959,-6.095928796813531,24.585100665200702,9.988706853258801,2.6094926165571253,13.919828540394606,0.3130630921254413,False
55,120,1.25,0.4583333333333334,0.8,1.2583333333333335,0.7947019867549667,0.3642384105960265,65.0,22.883016722526236,8.022188160847062,-4.5344354616383376,20.67753499655953,8.048519169413208,2.8431337791290328,13.919828540394606,0.3130630921254413,False
55,120,1.25,0.4583333333333334,1.0,1.4583333333333335,0.6857142857142856,0.31428571428571433,65.0,20.24199447619069,7.339880529781918,-3.7327174726137073,17.841758768459936,6.76218725206806,2.9934093395594954,13.919828540394606,0.3130630921254413,False
55,120,1.25,0.4583333333333334,1.3,1.7583333333333335,0.5687203791469194,0.26066350710900477,65.0,17.169048316484407,6.369535604003342,-3.1100206782485205,14.797667225026014,5.468703059723306,3.1395100682890416,13.919828540394606,0.3130630921254413,False
55,120,1.43,0.4006410256410257,0.45,0.8506410256410257,1.1755840241145439,0.4709871891484552,65.0,36.02349669695368,13.945488853452403,-4.584030301508443,34.992435094795646,16.315694365887122,2.2079046033291516,18.217380724643245,0.3581441773915067,False
55,120,1.43,0.4006410256410257,0.6,1.0006410256410256,0.9993593850096092,0.4003843689942345,65.0,32.233762772582686,13.378609999069555,-2.6334355691664824,29.746932332347104,13.278738357870603,2.427471790155201,18.217380724643245,0.3581441773915067,False
55,120,1.43,0.4006410256410257,0.8,1.2006410256410258,0.8328884143085957,0.33368926855312336,65.0,27.87090035577127,12.06022430614088,-1.573684618860542,24.791757272180362,10.697276396937456,2.6054202323640516,18.217380724643245,0.3581441773915067,False
55,120,1.43,0.4006410256410257,1.0,1.4006410256410258,0.7139588100686498,0.28604118993135014,65.0,24.408865891704533,10.773214174330867,-1.161714750629713,21.251698567869028,8.979739844558612,2.718215261714447,18.217380724643245,0.3581441773915067,False
55,120,1.43,0.4006410256410257,1.3,1.7006410256410258,0.5880135695439125,0.2355823595929137,65.0,20.49662045690061,9.164297371820675,-0.9714290238844442,17.50281242773985,7.251190371174806,2.826655956845309,18.217380724643245,0.3581441773915067,False
55,120,1.75,0.32738095238095244,0.45,0.7773809523809525,1.2863705972434913,0.4211332312404288,65.0,50.094603681189675,25.45561381650603,4.130893605583187,46.85852417750197,25.222892479319746,1.986076883222741,27.282863939172774,0.4382883289756413,False
55,120,1.75,0.32738095238095244,0.6,0.9273809523809524,1.0783055198973042,0.3530166880616175,65.0,43.72955027625432,22.982238687511934,4.825976382366492,39.27935338627572,20.505324709062105,2.132594869708575,27.282863939172774,0.4382883289756413,False
55,120,1.75,0.32738095238095244,0.8,1.1273809523809524,0.8870116156282999,0.2903907074973601,65.0,37.04379858631579,19.874474909139263,4.631275627538547,32.311104844676656,16.474099596496377,2.2486083909674837,27.282863939172774,0.4382883289756413,False
55,120,1.75,0.32738095238095244,1.0,1.3273809523809526,0.7533632286995515,0.24663677130044845,65.0,32.008584590909784,17.339039015177022,4.13106493119187,27.442705190949585,13.791360483942311,2.3209156651498106,27.282863939172774,0.4382883289756413,False
55,120,1.75,0.32738095238095244,1.3,1.6273809523809524,0.6144842721287491,0.20117044623262623,65.0,26.51924868250058,14.44731451357167,3.3542178203786843,22.38377197359824,11.097997055613483,2.3895526868144974,27.282863939172774,0.4382883289756413,False
55,120,2.0,0.28645833333333337,0.45,0.7364583333333334,1.3578500707213577,0.38896746817538896,65.0,61.68250635939749,35.381761276061546,12.191560604349098,56.52834461294237,33.79123622772842,1.8253995190854264,35.63476106341155,0.5009009474007102,False
55,120,2.0,0.28645833333333337,0.6,0.8864583333333333,1.128084606345476,0.3231492361927145,65.0,53.06279531034754,31.114574698401114,11.554764151463,46.9630313059345,27.4060133231386,1.9361734479471773,35.63476106341155,0.5009009474007102,False
55,120,2.0,0.28645833333333337,0.8,1.0864583333333333,0.9204218600191755,0.2636625119846597,65.0,44.40711305739649,26.392717694759636,10.114065112941947,38.3178711805851,21.952638860720196,2.0228599094231914,35.63476106341155,0.5009009474007102,False
55,120,2.0,0.28645833333333337,1.0,1.2864583333333335,0.777327935222672,0.22267206477732793,65.0,38.066985412728584,22.763266395972252,8.745557480808397,32.36076084319859,18.332836702814,2.076437270991755,35.63476106341155,0.5009009474007102,False
55,120,2.0,0.28645833333333337,1.3,1.5864583333333333,0.6303348653972423,0.18056467498358506,65.0,31.290405959473755,18.771226104326125,7.076068972799776,26.241326094123615,14.711202849568581,2.1269780778253202,35.63476106341155,0.5009009474007102,False
60,100,1.0,0.625,0.45,1.075,0.9302325581395349,0.5813953488372093,65.0,26.76066562966512,5.008646432133645,-11.173530632580949,10.628383500255373,8.125234468739935,3.293525341652716,9.04201987519893,0.25044976910566497,False
60,100,1.0,0.625,0.6,1.225,0.8163265306122448,0.5102040816326531,65.0,24.822815266023493,5.663467665087814,-8.749741205089988,9.326948785938388,6.638758566711039,3.7390748611485,9.04201987519893,0.25044976910566497,False
60,100,1.0,0.625,0.8,1.425,0.7017543859649122,0.43859649122807015,65.0,22.202191973768677,5.6506777916311055,-6.983218040767,8.017903342297911,5.390083078572085,4.119081589304627,9.04201987519893,0.25044976910566497,False
60,100,1.0,0.625,1.0,1.625,0.6153846153846154,0.38461538461538464,65.0,19.92383291056327,5.33822392105812,-5.954343621321446,7.031084469399707,4.559939613914916,4.369319464179867,9.04201987519893,0.25044976910566497,False
60,100,1.0,0.625,1.3,1.925,0.5194805194805194,0.3246753246753247,65.0,17.172756413194346,4.77006812459922,-5.033102420422095,5.935331045597156,3.719365681187245,4.617119661036581,9.04201987519893,0.25044976910566497,False
60,100,1.25,0.5,0.45,0.95,1.0526315789473684,0.5263157894736842,65.0,39.57881851458029,14.144046830068,-5.812886345069503,15.033568766808576,12.940023368362311,3.058635783560365,14.128156054998694,0.31306221138208223,False
60,100,1.25,0.5,0.6,1.1,0.9090909090909091,0.45454545454545453,65.0,35.67282794349096,13.62754314886682,-3.8446632491152215,12.98353666224377,10.628067627517991,3.3564735560326646,14.128156054998694,0.31306221138208223,False
60,100,1.25,0.5,0.8,1.3,0.7692307692307692,0.3846153846153846,65.0,31.130988922755105,12.388281097765582,-2.662909466064988,10.986069483437037,8.645587333087681,3.6007951482501532,14.128156054998694,0.31306221138208223,False
60,100,1.25,0.5,1.0,1.5,0.6666666666666666,0.3333333333333333,65.0,27.472260344417723,11.15144229716025,-2.1243366549592384,9.521260218978766,7.312198012440336,3.7570454598848135,14.128156054998694,0.31306221138208223,False
60,100,1.25,0.5,1.3,1.8,0.5555555555555556,0.2777777777777778,65.0,23.272065629089102,9.574961507708016,-1.7774548650578013,7.934383515815638,5.954541156852341,3.908288651646681,14.128156054998694,0.31306221138208223,False
60,100,1.43,0.43706293706293703,0.45,0.887062937062937,1.127315727236894,0.4927079227433977,65.0,49.55571067032927,21.855622412016036,-0.5357878844454315,18.418628321756103,17.298323755924113,2.8647695215762194,18.490026442796072,0.3581431698210998,False
60,100,1.43,0.43706293706293703,0.6,1.037062937062937,0.964261631827377,0.42144302090357383,65.0,43.96962399754999,20.192376793096745,0.7886067953470308,15.754571831522332,14.215679242451342,3.093037149167407,18.490026442796072,0.3581431698210998,False
60,100,1.43,0.43706293706293703,0.8,1.2370629370629371,0.8083663086489542,0.3533069530808366,65.0,37.85534338081237,17.828707728513947,1.2814078411210161,13.20747881636383,11.552317009994084,3.276861546308255,18.490026442796072,0.3581431698210998,False
60,100,1.43,0.43706293706293703,1.0,1.437062937062937,0.6958637469586375,0.3041362530413625,65.0,33.100531616560275,15.780541673189147,1.294626298525705,11.369357676957478,9.755993515890053,3.3928406740582453,18.490026442796072,0.3581431698210998,False
60,100,1.43,0.43706293706293703,1.3,1.7370629370629371,0.5756843800322061,0.251610305958132,65.0,27.776123575898026,13.347471953234862,1.0636031987516545,9.405809189270377,7.927089724721201,3.5039496890360886,18.490026442796072,0.3581431698210998,False
60,100,1.75,0.35714285714285715,0.45,0.8071428571428572,1.238938053097345,0.4424778761061947,65.0,68.4689224140561,37.363517803246765,11.19772987916473,24.77212835734299,26.98664273613919,2.5371411732651676,27.69118586779702,0.43828709593492693,False
60,100,1.75,0.35714285714285715,0.6,0.9571428571428571,1.0447761194029852,0.373134328358209,65.0,59.4523945794535,33.13105170368158,10.793874775194883,20.889929137162373,22.12828310320382,2.6867152007308577,27.69118586779702,0.43828709593492693,False
60,100,1.75,0.35714285714285715,0.8,1.1571428571428573,0.8641975308641975,0.30864197530864196,65.0,50.23978613759623,28.36781755037763,9.591406403802658,17.279324101109616,17.91336059144135,2.8045986056686543,27.69118586779702,0.43828709593492693,False
60,100,1.75,0.35714285714285715,1.0,1.3571428571428572,0.7368421052631579,0.2631578947368421,65.0,43.379894961457275,24.64590613563944,8.380771908939044,14.73289739147241,15.073837388442167,2.877826915840204,27.69118586779702,0.43828709593492693,False
60,100,1.75,0.35714285714285715,1.3,1.6571428571428573,0.603448275862069,0.21551724137931033,65.0,35.93778408999833,20.49055854875112,6.855770406229709,12.06573493267137,12.194016778958321,2.9471653796648565,27.69118586779702,0.43828709593492693,False
60,100,2.0,0.3125,0.45,0.7625,1.3114754098360657,0.4098360655737705,65.0,84.06080485211164,50.73242048342924,22.04438214064683,29.968556754818422,36.34456983539522,2.312884847250182,36.16807950079572,0.5008995382113299,False
60,100,2.0,0.3125,0.6,0.9125,1.095890410958904,0.3424657534246575,65.0,72.04010613558783,44.095258732935555,19.83775762852876,25.04221865813594,29.710231988837755,2.4247574425757956,36.16807950079572,0.5008995382113299,False
60,100,2.0,0.3125,0.8,1.1125,0.898876404494382,0.28089887640449435,65.0,60.1948509756993,37.16979016372624,16.961169531842472,20.54024676453847,23.963124343872938,2.511978409488592,36.16807950079572,0.5008995382113299,False
60,100,2.0,0.3125,1.0,1.3125,0.7619047619047619,0.23809523809523808,65.0,51.58466790667461,31.98003015298329,14.586345468663147,17.410304400418323,20.105149956727743,2.565744001795567,36.16807950079572,0.5008995382113299,False
60,100,2.0,0.3125,1.3,1.6125,0.6201550387596899,0.19379844961240308,65.0,42.4100491430972,26.345151531116045,11.864598234390819,14.171178000340493,16.209541942250464,2.61636320718938,36.16807950079572,0.5008995382113299,False
60,105,1.0,0.625,0.45,1.075,0.9302325581395349,0.5813953488372093,65.0,25.709284067109714,4.445240370692334,-11.514944171943455,13.452213310469004,8.125234468739935,3.1641282680543643,9.042019875199369,0.2504497691056652,False
60,105,1.0,0.625,0.6,1.225,0.8163265306122448,0.5102040816326531,65.0,23.900174302964672,5.169050100965848,-9.049349004938717,11.80500351735035,6.638758566711039,3.600096925170341,9.042019875199369,0.2504497691056652,False
60,105,1.0,0.625,0.8,1.425,0.7017543859649122,0.43859649122807015,65.0,21.409044479209335,5.2256521663332745,-7.240775623093102,10.148160918423985,5.390083078572085,3.971932188637233,9.042019875199369,0.2504497691056652,False
60,105,1.0,0.625,1.0,1.625,0.6153846153846154,0.38461538461538464,65.0,19.228303569180465,4.965509141950791,-6.180201808899719,8.899156497694879,4.559939613914916,4.216789079948383,9.042019875199369,0.2504497691056652,False
60,105,1.0,0.625,1.3,1.925,0.5194805194805194,0.3246753246753247,65.0,16.585621254884185,4.455438765612514,-5.2237619294167414,7.512274965586586,3.719365681187245,4.459260711786196,9.042019875199369,0.2504497691056652,False
60,105,1.25,0.5,0.45,0.95,1.0526315789473684,0.5263157894736842,65.0,38.09166696228152,13.236940304239987,-6.372550259282529,19.02780172204497,12.940023368362311,2.9437092869100745,14.128156054998026,0.3130622113820827,False
60,105,1.25,0.5,0.6,1.1,0.9090909090909091,0.45454545454545453,65.0,34.388469784687466,12.8441329674699,-4.328009356844653,16.433101487220654,10.628067627517991,3.2356276785113307,14.128156054998026,0.3130622113820827,False
60,105,1.25,0.5,0.8,1.3,0.7692307692307692,0.3846153846153846,65.0,30.04422432684446,11.725395559660495,-3.0718946341437374,13.904932027648245,8.645587333087681,3.4750934979121286,14.128156054998026,0.3130622113820827,False
60,105,1.25,0.5,1.0,1.5,0.6666666666666666,0.3333333333333333,65.0,26.5303976946285,10.576941497469175,-2.478790467294155,12.050941090628479,7.312198012440336,3.628238410597196,14.128156054998026,0.3130622113820827,False
60,105,1.25,0.5,1.3,1.8,0.5555555555555556,0.2777777777777778,65.0,22.487180087598084,9.096210841298786,-2.0728330420035648,10.042450908857067,5.954541156852341,3.776475717481671,14.128156054998026,0.3130622113820827,False
60,105,1.43,0.43706293706293703,0.45,0.887062937062937,1.127315727236894,0.4927079227433977,65.0,47.733702062473725,20.669435529145225,-1.2993406871786777,23.31222965981192,17.29832375592412,2.759440899360348,18.490026442795045,0.35814316982110156,False
60,105,1.43,0.43706293706293703,0.6,1.037062937062937,0.964261631827377,0.42144302090357383,65.0,42.41114933870659,19.17775908512532,0.13549369334627367,19.9403663678162,14.21567924245135,2.9834064637627,18.490026442795045,0.35814316982110156,False
60,105,1.43,0.43706293706293703,0.8,1.2370629370629371,0.8083663086489542,0.3533069530808366,65.0,36.54883240338741,16.97812657479907,0.733885664599183,16.716542297044327,11.552317009994091,3.1637664004345134,18.490026442795045,0.35814316982110156,False
60,105,1.43,0.43706293706293703,1.0,1.437062937062937,0.6958637469586375,0.3041362530413625,65.0,31.975851363974016,15.048338237217557,0.8233042886633583,14.390055145241567,9.755993515890058,3.2775597187404237,18.490026442795045,0.35814316982110156,False
60,105,1.43,0.43706293706293703,1.3,1.7370629370629371,0.5756843800322061,0.251610305958132,65.0,26.845681579495142,12.741723941591696,0.6736810046022492,11.904816152766271,7.927089724721204,3.3865747092246146,18.490026442795045,0.35814316982110156,False
60,105,1.75,0.35714285714285715,0.45,0.8071428571428572,1.238938053097345,0.4424778761061947,65.0,66.01841251106468,35.63183858360309,9.998964940534266,31.353775934909514,26.98664273613919,2.4463366249947076,27.69118586779569,0.43828709593490967,False
60,105,1.75,0.35714285714285715,0.6,0.9571428571428571,1.0447761194029852,0.373134328358209,65.0,57.38591981051297,31.670755048310422,9.782975983663224,26.4401244824237,22.12828310320382,2.593329068634539,27.69118586779569,0.43828709593490967,False
60,105,1.75,0.35714285714285715,0.8,1.1571428571428573,0.8641975308641975,0.30864197530864196,65.0,48.53047984723801,27.159917847786673,8.75523086019005,21.87022642373318,17.91336059144135,2.7091778563551565,27.69118586779569,0.43828709593490967,False
60,105,1.75,0.35714285714285715,1.0,1.3571428571428572,0.7368421052631579,0.2631578947368421,65.0,41.92248644020448,23.616012705009254,7.667822234911452,18.64724568760408,15.073837388442167,2.7811422771714693,27.69118586779569,0.43828709593490967,False
60,105,1.75,0.35714285714285715,1.3,1.6571428571428573,0.603448275862069,0.21551724137931033,65.0,34.74421676655855,19.647111342631575,6.27188920767263,15.271451209675755,12.194016778958321,2.849283988727346,27.69118586779569,0.43828709593490967,False
60,105,2.0,0.3125,0.45,0.7625,1.3114754098360657,0.4098360655737705,65.0,81.0962535609718,48.5404074280178,20.45576177068117,37.93083097378146,36.34456983539522,2.231316918270246,36.168079500797475,0.5008995382113304,False
60,105,2.0,0.3125,0.6,0.9125,1.095890410958904,0.3424657534246575,65.0,69.56287834436141,42.26357659074244,18.510280333078,31.695625882200947,29.710231988837755,2.34137782466648,36.168079500797475,0.5008995382113304,False
60,105,2.0,0.3125,0.8,1.1125,0.898876404494382,0.28089887640449435,65.0,58.16296750649111,35.66739919316335,15.872339840068255,25.997535835962573,23.963124343872938,2.4271863164355123,36.168079500797475,0.5008995382113304,False
60,105,2.0,0.3125,1.0,1.3125,0.7619047619047619,0.23809523809523808,65.0,49.862404775631475,30.706574949363315,13.663432682302144,22.03600656572066,20.105149956727743,2.480081217148352,36.168079500797475,0.5008995382113304,False
60,105,2.0,0.3125,1.3,1.6125,0.6201550387596899,0.19379844961240308,65.0,41.008207059689994,25.30861822584397,11.113390152469071,17.936284413958674,16.209541942250464,2.529880684216089,36.168079500797475,0.5008995382113304,False
60,110,1.0,0.625,0.45,1.075,0.9302325581395349,0.5813953488372093,65.0,24.41579034431797,3.8698956923306764,-11.73743131993752,16.17366365472153,8.125234468739931,3.0049336346233946,9.042019875198905,0.2504497691056649,False
60,110,1.0,0.625,0.6,1.225,0.8163265306122448,0.5102040816326531,65.0,22.76506756663722,4.664155791383169,-9.244592828688612,14.193215043939299,6.638758566711038,3.429115148243062,9.042019875198905,0.2504497691056649,False
60,110,1.0,0.625,0.8,1.425,0.7017543859649122,0.43859649122807015,65.0,20.433250969033107,4.791620215990269,-7.408616804913185,12.201184862333784,5.390083078572084,3.7908972220231885,9.042019875198905,0.2504497691056649,False
60,110,1.0,0.625,1.0,1.625,0.6153846153846154,0.38461538461538464,65.0,18.372607721795156,4.584896508573079,-6.3273856144957925,10.699500571585011,4.559939613914915,4.0291339968034,9.042019875198905,0.2504497691056649,False
60,110,1.0,0.625,1.3,1.925,0.5194805194805194,0.3246753246753247,65.0,15.863280604493989,4.134142386787173,-5.348007999075765,9.032045937052281,3.719365681187244,4.265050001598749,9.042019875198905,0.2504497691056649,False
60,110,1.25,0.5,0.45,0.95,1.0526315789473684,0.5263157894736842,65.0,36.262054130701095,12.26107116628937,-6.82541019978051,22.87722161687584,12.940023368362311,2.802317515079605,14.128156054997229,0.3130622113820829,False
60,110,1.25,0.5,0.6,1.1,0.9090909090909091,0.45454545454545453,65.0,32.808349611958924,12.001336893785275,-4.719115669092909,19.75760048730186,10.628067627517991,3.086953410703952,14.128156054997229,0.3130622113820829,False
60,110,1.25,0.5,0.8,1.3,0.7692307692307692,0.3846153846153846,65.0,28.707199565304922,11.01226042038889,-3.4028307445076464,16.717969643101576,8.645587333087681,3.3204452698591207,14.128156054997229,0.3130622113820829,False
60,110,1.25,0.5,1.0,1.5,0.6666666666666666,0.3333333333333333,65.0,25.371642901294233,9.958891043433784,-2.7656017629428757,14.488907024021366,7.312198012440336,3.469769672283099,14.128156054997229,0.3130622113820829,False
60,110,1.25,0.5,1.3,1.8,0.5555555555555556,0.2777777777777778,65.0,21.52155109315286,8.581168796269294,-2.311842455044166,12.074089186684471,5.954541156852341,3.6143088990805583,14.128156054997229,0.3130622113820829,False
60,110,1.43,0.43706293706293703,0.45,0.887062937062937,1.127315727236894,0.4927079227433977,65.0,45.49212128812046,19.364173167595425,-1.9769725097721813,28.028410853847504,17.298323755924113,2.6298572006169607,18.490026442794324,0.35814316982109995,False
60,110,1.43,0.43706293706293703,0.6,1.037062937062937,0.964261631827377,0.42144302090357383,65.0,40.49378911465594,18.06128888578215,-0.4441259741924044,23.974402675728633,14.215679242451342,2.8485300226620205,18.490026442794324,0.35814316982109995,False
60,110,1.43,0.43706293706293703,0.8,1.2370629370629371,0.8083663086489542,0.3533069530808366,65.0,34.94145806066999,16.04215975420782,0.24797499927422015,20.098382797120156,11.552317009994084,3.0246277028618245,18.490026442794324,0.35814316982109995,False
60,110,1.43,0.43706293706293703,1.0,1.437062937062937,0.6958637469586375,0.3041362530413625,65.0,30.5921797278343,14.242632492387422,0.4050191465904339,17.301235604917547,9.755993515890053,3.1357318634957427,18.490026442794324,0.35814316982109995,False
60,110,1.43,0.43706293706293703,1.3,1.7370629370629371,0.5756843800322061,0.251610305958132,65.0,25.7009773877612,12.07516786042184,0.32763592933660535,14.31322027701512,7.927089724721201,3.2421706174979765,18.490026442794324,0.35814316982109995,False
60,110,1.75,0.35714285714285715,0.45,0.8071428571428572,1.238938053097345,0.4424778761061947,65.0,63.00359915495607,33.67667395700071,8.827716496922946,37.69680234568392,26.98664273613919,2.3346216041384333,27.691185867792115,0.43828709593490994,False
60,110,1.75,0.35714285714285715,0.6,0.9571428571428571,1.0447761194029852,0.373134328358209,65.0,54.84357720424228,30.02199681841438,8.795281400617856,31.789094515390175,22.12828310320382,2.478437976794585,27.691185867792115,0.43828709593490994,False
60,110,1.75,0.35714285714285715,0.8,1.1571428571428573,0.8641975308641975,0.30864197530864196,65.0,46.427554481557316,25.79613017614427,7.938248921127833,26.294683117668413,17.91336059144135,2.5917836156181373,27.691185867792115,0.43828709593490994,False
60,110,1.75,0.35714285714285715,1.0,1.3571428571428572,0.7368421052631579,0.2631578947368421,65.0,40.12946586525568,22.453204269187836,6.971237634237351,22.419677184538333,15.073837388442167,2.6621930986216467,27.691185867792115,0.43828709593490994,False
60,110,1.75,0.35714285714285715,1.3,1.6571428571428573,0.603448275862069,0.21551724137931033,65.0,33.27579474397117,18.69481133053645,5.701410439879185,18.360942521820185,12.194016778958321,2.7288624697803447,27.691185867792115,0.43828709593490994,False
60,110,2.0,0.3125,0.45,0.7625,1.3114754098360657,0.4098360655737705,65.0,77.44902535900164,46.03285327753125,18.83347841530076,45.60442866577218,36.34456983539522,2.1309655255178077,36.16807950079562,0.5008995382113298,False
60,110,2.0,0.3125,0.6,0.9125,1.095890410958904,0.3424657534246575,65.0,66.51519450435893,40.16822312252765,17.154673693650537,38.10781025496031,29.710231988837755,2.23879754723386,36.16807950079562,0.5008995382113298,False
60,110,2.0,0.3125,0.8,1.1125,0.898876404494382,0.28089887640449435,65.0,55.66318188491605,33.948738483279314,14.760437765032243,31.25696796193374,23.963124343872938,2.3228682990642,36.16807950079562,0.5008995382113298,False
60,110,2.0,0.3125,1.0,1.3125,0.7619047619047619,0.23809523809523808,65.0,47.743538867820234,29.249805395271128,12.720963304414475,26.49400141535336,20.105149956727743,2.374692005311003,36.16807950079562,0.5008995382113298,False
60,110,2.0,0.3125,1.3,1.6125,0.6201550387596899,0.19379844961240308,65.0,39.28354876263433,24.122875565536376,10.346263914653527,21.564884872962036,16.209541942250464,2.4234829647000113,36.16807950079562,0.5008995382113298,False
60,115,1.0,0.625,0.45,1.075,0.9302325581395349,0.5813953488372093,65.0,22.890028729553574,3.2738602891294306,-11.846514870900275,18.77202265263665,8.125234468739935,2.817153008644607,9.042019875199454,0.2504497691056647,False
60,115,1.0,0.625,0.6,1.225,0.8163265306122448,0.5102040816326531,65.0,21.426133904701118,4.141104315104524,-9.340319210145722,16.473407633946444,6.638758566711039,3.2274308049307496,9.042019875199454,0.2504497691056647,False
60,115,1.0,0.625,0.8,1.425,0.7017543859649122,0.43859649122807015,65.0,19.28223782105295,4.341979473224417,-7.490907904762282,14.161350422164489,5.390083078572085,3.577354474870378,9.042019875199454,0.2504497691056647,False
60,115,1.0,0.625,1.0,1.625,0.6153846153846154,0.38461538461538464,65.0,17.36325773048948,4.19059616491687,-6.399548578978846,12.418414985590399,4.559939613914916,3.8077823832369417,9.042019875199454,0.2504497691056647,False
60,115,1.0,0.625,1.3,1.925,0.5194805194805194,0.3246753246753247,65.0,15.01123191053465,3.8012914473371264,-5.408924787275745,10.483077585238647,3.719365681187245,4.0359655912464545,9.042019875199454,0.2504497691056647,False
60,115,1.25,0.5,0.45,0.95,1.0526315789473684,0.5263157894736842,65.0,34.10390447823832,11.20709879263918,-7.18525308961412,26.552532041558415,12.940023368362318,2.6355365448273136,14.12815605499828,0.31306221138208173,False
60,115,1.25,0.5,0.6,1.1,0.9090909090909091,0.45454545454545453,65.0,30.94449309392289,11.091088025632839,-5.029889073949208,22.931732217709538,10.628067627517996,2.9115822535605607,14.12815605499828,0.31306221138208173,False
60,115,1.25,0.5,0.8,1.3,0.7692307692307692,0.3846153846153846,65.0,27.130090203889818,10.242049839644519,-3.665792856309131,19.403773414984997,8.645587333087686,3.13802743048581,14.12815605499828,0.31306221138208173,False
60,115,1.25,0.5,1.0,1.5,0.6666666666666666,0.3333333333333333,65.0,24.004814788067808,9.291375206788663,-2.9935022598374954,16.81660362632033,7.312198012440341,3.2828452877271777,14.12815605499828,0.31306221138208173,False
60,115,1.25,0.5,1.3,1.8,0.5555555555555556,0.2777777777777778,65.0,20.382527665464174,8.024905599065027,-2.5017595357896822,14.01383635526694,5.954541156852344,3.4230223838504243,14.12815605499828,0.31306221138208173,False
60,115,1.43,0.43706293706293703,0.45,0.887062937062937,1.127315727236894,0.4927079227433977,65.0,42.84802813046648,17.93085217724398,-2.5866869859071673,32.531278917268374,17.29832375592412,2.477004635538308,18.490026442794885,0.35814316982110034,False
60,115,1.43,0.43706293706293703,0.6,1.037062937062937,0.964261631827377,0.42144302090357383,65.0,38.232135594437416,16.835282360994018,-0.9656518089713861,27.825979303138862,14.21567924245135,2.689434317022805,18.490026442794885,0.35814316982110034,False
60,115,1.43,0.43706293706293703,0.8,1.2370629370629371,0.8083663086489542,0.3533069530808366,65.0,33.04545344196786,15.014365703184188,-0.18923405271969154,23.327262468374748,11.552317009994091,2.860504383092995,18.490026442794885,0.35814316982110034,False
60,115,1.43,0.43706293706293703,1.0,1.437062937062937,0.6958637469586375,0.3041362530413625,65.0,28.96004728477636,13.357879365253213,0.028657680421465617,20.08074321486858,9.755993515890058,2.9684365039406524,18.490026442794885,0.35814316982110034,False
60,115,1.43,0.43706293706293703,1.3,1.7370629370629371,0.5756843800322061,0.251610305958132,65.0,24.350722890786937,11.343216299930374,0.016274088363485442,16.612692152397315,7.927089724721204,3.0718364161878275,18.490026442794885,0.35814316982110034,False
60,115,1.75,0.35714285714285715,0.45,0.8071428571428572,1.238938053097345,0.4424778761061947,65.0,59.44742689576514,31.490795312761218,7.661207054646513,43.75293332865644,26.98664273613919,2.202846329460465,27.69118586779681,0.43828709593491066,False
60,115,1.75,0.35714285714285715,0.6,0.9571428571428571,1.0447761194029852,0.373134328358209,65.0,51.84471552298425,28.17868124528705,7.811583139593701,36.89613034431476,22.12828310320382,2.342916315793066,27.69118586779681,0.43828709593491066,False
60,115,1.75,0.35714285714285715,0.8,1.1571428571428573,0.8641975308641975,0.30864197530864196,65.0,43.94701457236858,24.271412356396972,7.124572581762173,30.519021395914674,17.91336059144135,2.4533093245142172,27.69118586779681,0.43828709593491066,False
60,115,1.75,0.35714285714285715,1.0,1.3571428571428572,0.7368421052631579,0.2631578947368421,65.0,38.01447920584212,21.15318170708751,6.277471492251894,26.02148140072725,15.073837388442167,2.5218846552630083,27.69118586779681,0.43828709593491066,False
60,115,1.75,0.35714285714285715,1.3,1.6571428571428573,0.603448275862069,0.21551724137931033,65.0,31.54369360048593,17.63013768054049,5.133239892563508,21.310695974733523,12.194016778958321,2.5868173032955726,27.69118586779681,0.43828709593491066,False
60,115,2.0,0.3125,0.45,0.7625,1.3114754098360657,0.4098360655737705,65.0,73.1468778550758,43.2047092318136,17.152853999716918,52.93094911890989,36.34456983539522,2.0125944036855703,36.168079500797816,0.5008995382113294,False
60,115,2.0,0.3125,0.6,0.9125,1.095890410958904,0.3424657534246575,65.0,62.92024932984556,37.804979467886874,15.750316305285954,44.229971181554845,29.710231988837755,2.1177973081288943,36.168079500797816,0.5008995382113294,False
60,115,2.0,0.3125,0.8,1.1125,0.898876404494382,0.28089887640449435,65.0,52.71451898896688,32.01034762048407,13.60854912064332,36.27851568824161,23.963124343872938,2.199818280475822,36.168079500797816,0.5008995382113294,False
60,115,2.0,0.3125,1.0,1.3125,0.7619047619047619,0.23809523809523808,65.0,45.244196032206176,27.60678837823516,11.74460054869434,30.750360916700032,20.105149956727743,2.250378441821381,36.168079500797816,0.5008995382113294,False
60,115,2.0,0.3125,1.3,1.6125,0.6201550387596899,0.19379844961240308,65.0,37.249199942948465,22.78553613306524,9.551550043718533,25.029363536848862,16.209541942250464,2.297979799531395,36.168079500797816,0.5008995382113294,False
60,120,1.0,0.625,0.45,1.075,0.9302325581395349,0.5813953488372093,65.0,21.143611189984977,2.644240376120363,-11.855070637167765,21.227515223308014,8.125234468739931,2.6022155140667524,9.042019875199118,0.2504497691056652,False
60,120,1.0,0.625,0.6,1.225,0.8163265306122448,0.5102040816326531,65.0,19.893563410793984,3.588580717974118,-9.347827331564131,18.628227644943767,6.6387585667110365,2.9965788348663542,9.042019875199118,0.2504497691056652,False
60,120,1.0,0.625,0.8,1.425,0.7017543859649122,0.43859649122807015,65.0,17.96476494032576,3.8670030476210857,-7.497362254753545,16.013739554425342,5.390083078572082,3.3329291364252795,9.042019875199118,0.2504497691056652,False
60,120,1.0,0.625,1.0,1.625,0.6153846153846154,0.38461538461538464,65.0,16.207935358159485,3.774078376310871,-6.405208547432723,14.042817763111456,4.559939613914914,3.5544188586840164,9.042019875199118,0.2504497691056652,False
60,120,1.0,0.625,1.3,1.925,0.5194805194805194,0.3246753246753247,65.0,14.03595977804829,3.4496855218905043,-5.413702682723823,11.854326683146034,3.7193656811872433,3.773750951417052,9.042019875199118,0.2504497691056652,False
60,120,1.25,0.5,0.45,0.95,1.0526315789473684,0.5263157894736842,65.0,31.633642826874823,10.061068831094609,-7.47459672603969,30.025761664547517,12.940023368362308,2.4446356800419276,14.128156054998065,0.31306221138208296,False
60,120,1.25,0.5,0.6,1.1,0.9090909090909091,0.45454545454545453,65.0,28.811085304108964,10.101334877026165,-5.279776759953109,25.931339619381944,10.628067627517988,2.710848887479024,14.128156054998065,0.31306221138208296,False
60,120,1.25,0.5,0.8,1.3,0.7692307692307692,0.3846153846153846,65.0,25.324898997124187,9.404566406208104,-3.877236282927816,21.941902754861648,8.64558733308768,2.929228289696736,14.128156054998065,0.31306221138208296,False
60,120,1.25,0.5,1.0,1.5,0.6666666666666666,0.3333333333333333,65.0,22.440315742204263,8.56555623114377,-3.1767532295736896,19.016315720880094,7.312198012440334,3.06888786436394,14.128156054998065,0.31306221138208296,False
60,120,1.25,0.5,1.3,1.8,0.5555555555555556,0.2777777777777778,65.0,19.078778460577883,7.420056452694283,-2.6544686772365105,15.846929767400077,5.954541156852339,3.2040719776741313,14.128156054998065,0.31306221138208296,False
60,120,1.43,0.43706293706293703,0.45,0.887062937062937,1.127315727236894,0.4927079227433977,65.0,39.82154573498865,16.355701297601293,-3.15617614662502,36.786564305205566,17.29832375592411,2.302046504439546,18.49002644279433,0.3581431698211014,False
60,120,1.43,0.43706293706293703,0.6,1.037062937062937,0.964261631827377,0.42144302090357383,65.0,35.64340132696363,15.487960114988114,-1.4527704875759688,31.46578342626653,14.21567924245134,2.507330161229588,18.49002644279433,0.3581431698211014,False
60,120,1.43,0.43706293706293703,0.8,1.2370629370629371,0.8083663086489542,0.3533069530808366,65.0,30.87524828726824,13.884869439291167,-0.5975986657047656,26.37860758685882,11.552317009994084,2.672645518691843,18.49002644279433,0.3581431698211014,False
60,120,1.43,0.43706293706293703,1.0,1.437062937062937,0.6958637469586375,0.3041362530413625,65.0,27.091875548200388,12.385578201833868,-0.32287370662018694,22.707424243870197,9.75599351589005,2.776946858777075,18.49002644279433,0.3581431698211014,False
60,120,1.43,0.43706293706293703,1.3,1.7370629370629371,0.5756843800322061,0.251610305958132,65.0,22.805194340600295,10.538836714251326,-0.2745459600948866,18.785731409481986,7.927089724721199,2.8768684514167484,18.49002644279433,0.3581431698211014,False
60,120,1.75,0.35714285714285715,0.45,0.8071428571428572,1.238938053097345,0.4424778761061947,65.0,55.376960351660024,29.062112754580355,6.4656715038311665,49.47607807025441,26.986642736139178,2.0520136903691966,27.691185867795213,0.43828709593491305,False
60,120,1.75,0.35714285714285715,0.6,0.9571428571428571,1.0447761194029852,0.373134328358209,65.0,48.412157914895616,26.130613117865874,6.803407637786729,41.72236434282648,22.128283103203813,2.187795487300428,27.691185867795213,0.43828709593491305,False
60,120,1.75,0.35714285714285715,0.8,1.1571428571428573,0.8641975308641975,0.30864197530864196,65.0,41.10773852617181,22.577331312727605,6.2906496358230735,34.51109149344906,17.913360591441347,2.2948088560117683,27.691185867795213,0.43828709593491305,False
60,120,1.75,0.35714285714285715,1.0,1.3571428571428572,0.7368421052631579,0.2631578947368421,65.0,35.59362278750592,19.70875471195889,5.566442454135398,29.425246431256568,15.073837388442161,2.3612847790700773,27.691185867795213,0.43828709593491305,False
60,120,1.75,0.35714285714285715,1.3,1.6571428571428573,0.603448275862069,0.21551724137931033,65.0,29.56109567167611,16.44720177935757,4.550931628588792,24.098262163529085,12.194016778958318,2.4242295387592034,27.691185867795213,0.43828709593491305,False
60,120,2.0,0.3125,0.45,0.7625,1.3114754098360657,0.4098360655737705,65.0,68.22255298940698,40.0461429797564,15.377532277789712,59.85463308867178,36.34456983539521,1.8771044284851177,36.16807950079647,0.5008995382113304,False
60,120,2.0,0.3125,0.6,0.9125,1.095890410958904,0.3424657534246575,65.0,58.80540252428668,35.16562958603085,14.266828291072809,50.01551532067094,29.710231988837748,1.9792979922331169,36.16807950079647,0.5008995382113304,False
60,120,2.0,0.3125,0.8,1.1125,0.898876404494382,0.28089887640449435,65.0,49.33941992373319,29.845487605029128,12.391755580895458,41.02396200459526,23.963124343872934,2.0589727456114733,36.16807950079647,0.5008995382113304,False
60,120,2.0,0.3125,1.0,1.3125,0.7619047619047619,0.23809523809523808,65.0,42.38339777691286,25.77181179370669,10.713223167384248,34.77269160389503,20.10514995672774,2.1080866279602257,36.16807950079647,0.5008995382113304,False
60,120,2.0,0.3125,1.3,1.6125,0.6201550387596899,0.19379844961240308,65.0,34.920643223523676,21.291950541007182,8.712056826373109,28.303353631077353,16.209541942250457,2.1543263435780626,36.16807950079647,0.5008995382113304,False
70,105,1.0,0.7291666666666667,0.45,1.1791666666666667,0.8480565371024735,0.618374558303887,65.0,29.81969227808985,6.926845494645149,-9.985326633470164,14.003671615312163,8.76449913761981,3.402327025179905,9.255836517916453,0.2504481761133521,False
70,105,1.0,0.7291666666666667,0.6,1.3291666666666666,0.7523510971786834,0.5485893416927901,65.0,27.73760190142191,7.362984718265733,-7.836471198325312,12.42331995966565,7.304346611393987,3.7974104156221538,9.255836517916453,0.2504481761133521,False
70,105,1.0,0.7291666666666667,0.8,1.5291666666666668,0.6539509536784741,0.4768392370572207,65.0,24.946284946714464,7.160801194554304,-6.277714893294254,10.798471572570413,6.041925214852557,4.12886357570105,9.255836517916453,0.2504481761133521,False
70,105,1.0,0.7291666666666667,1.0,1.7291666666666667,0.5783132530120482,0.42168674698795183,65.0,22.504774739225496,6.70949234727673,-5.375433848116763,9.54949172803215,5.180160348772561,4.344416624971465,9.255836517916453,0.2504481761133521,False
70,105,1.0,0.7291666666666667,1.3,2.029166666666667,0.4928131416837782,0.3593429158110883,65.0,19.52670968474712,5.981131294433616,-4.573710227866418,8.137657222039717,4.286135677192331,4.555784313747682,9.255836517916453,0.2504481761133521,False
70,105,1.25,0.5833333333333334,0.45,1.0333333333333334,0.9677419354838709,0.564516129032258,65.0,44.18563804527597,17.19681760718822,-3.9004347337860974,19.974995298051116,14.263919019616447,3.097720758545369,14.462244559244713,0.31306022014169027,False
70,105,1.25,0.5833333333333334,0.6,1.1833333333333333,0.8450704225352113,0.49295774647887325,65.0,40.02591664465706,16.384878932129823,-2.2580798907488395,17.44295364055168,11.92670855617308,3.3559901674582515,14.462244559244713,0.31306022014169027,False
70,105,1.25,0.5833333333333334,0.8,1.3833333333333333,0.7228915662650602,0.42168674698795183,65.0,35.163710530039836,14.85701063252871,-1.341511272728577,14.921080825050232,9.862907273401692,3.5652480100740074,14.462244559244713,0.31306022014169027,False
70,105,1.25,0.5833333333333334,1.0,1.5833333333333335,0.631578947368421,0.3684210526315789,65.0,31.20670220344104,13.391981093994588,-0.979645851777244,13.03631272083336,8.439118962260752,3.6978625781904007,14.462244559244713,0.31306022014169027,False
70,105,1.25,0.5833333333333334,1.3,1.8833333333333333,0.5309734513274337,0.3097345132743363,65.0,26.611887028762972,11.542753168113434,-0.8160558798182341,10.959731933443976,6.956740565732607,3.8253384292993973,14.462244559244713,0.31306022014169027,False
70,105,1.43,0.5099067599067599,0.45,0.9599067599067599,1.0417678484701312,0.531204468188441,65.0,55.438393426400395,25.898341023126907,2.0834159317194545,24.599376482458037,19.290153629522962,2.8739218199669345,18.927260095497882,0.35814089184209014,False
70,105,1.43,0.5099067599067599,0.6,1.1099067599067598,0.9009765830095559,0.45941405019426657,65.0,49.48271270015961,23.85670771385662,3.0257253840823273,21.274857157358436,16.119045598619866,3.0698289422542726,18.927260095497882,0.35814089184209014,False
70,105,1.43,0.5099067599067599,0.8,1.30990675990676,0.7634131150458225,0.3892695079633419,65.0,42.904068122738636,21.102376631250614,3.1869268322247075,18.026556162427653,13.299461312646708,3.226000445742893,18.927260095497882,0.35814089184209014,False
70,105,1.43,0.5099067599067599,1.0,1.50990675990676,0.6622925511385566,0.3377074488614435,65.0,37.72935474983893,18.73885101683203,2.9665595574677814,15.638785388616316,11.351233528918872,3.323810989679498,18.927260095497882,0.35814089184209014,False
70,105,1.43,0.5099067599067599,1.3,1.80990675990676,0.5525146500096594,0.2817309549874428,65.0,31.866973008448557,15.928334097796858,2.4826853629600185,13.04658797794606,9.326020353307031,3.4169958676048187,18.927260095497882,0.35814089184209014,False
70,105,1.75,0.41666666666666674,0.45,0.8666666666666667,1.1538461538461537,0.48076923076923084,65.0,76.90465805906959,43.48269128101616,15.418648570057261,33.34287676674687,30.559527304394916,2.5165526054458818,28.345999336132852,0.4382843081983644,False
70,105,1.75,0.41666666666666674,0.6,1.0166666666666666,0.9836065573770493,0.4098360655737706,65.0,67.23561872188786,38.65940424833424,14.47988535892702,28.423435932308806,25.434897509845978,2.6434397345560607,28.345999336132852,0.4382843081983644,False
70,105,1.75,0.41666666666666674,0.8,1.2166666666666668,0.821917808219178,0.34246575342465757,65.0,57.234529236408406,33.26067311598704,12.770564979469093,23.751090299600506,20.867859511022687,2.7427120259352114,28.345999336132852,0.4382843081983644,False
70,105,1.75,0.41666666666666674,1.0,1.4166666666666667,0.7058823529411764,0.29411764705882354,65.0,49.69611023048715,29.025123045843024,11.18270968492797,20.397995198480437,17.72292637678926,2.804057816071019,28.345999336132852,0.4382843081983644,False
70,105,1.75,0.41666666666666674,1.3,1.7166666666666668,0.5825242718446602,0.24271844660194178,65.0,41.42403781082257,24.26435303848533,9.236721987555876,16.83329700845473,14.474214801360198,2.861919515449625,28.345999336132852,0.4382843081983644,False
70,105,2.0,0.36458333333333337,0.45,0.8145833333333334,1.2276214833759589,0.4475703324808184,65.0,94.70708029061635,58.719886764337616,27.789869397002462,40.54259915225925,41.52538506826052,2.2807032405583803,37.02334607166581,0.5008963522267041,False
70,105,2.0,0.36458333333333337,0.6,0.9645833333333333,1.036717062634989,0.37796976241900654,65.0,81.74754336358384,51.26666398518443,24.876598670065935,34.23791850655155,34.418773623901544,2.3750858835602333,37.02334607166581,0.5008963522267041,False
70,105,2.0,0.36458333333333337,0.8,1.1645833333333333,0.8586762075134169,0.3130590339892666,65.0,68.80696907892765,43.46137612109072,21.30535076403237,28.35806130327973,28.104637133271613,2.4482425712399847,37.02334607166581,0.5008963522267041,False
70,105,2.0,0.36458333333333337,1.0,1.3645833333333335,0.7328244274809159,0.26717557251908397,65.0,59.28471083631955,37.5690989666054,18.405990404328488,24.20176529547079,23.77901089966149,2.4931529358592246,37.02334607166581,0.5008963522267041,False
70,105,2.0,0.36458333333333337,1.3,1.6645833333333333,0.6007509386733417,0.21902377972465584,65.0,49.02570437694098,31.119528229868834,15.097296679386966,19.839995329828998,19.33719048733715,2.5353064815204247,37.02334607166581,0.5008963522267041,False
70,110,1.0,0.7291666666666667,0.45,1.1791666666666667,0.8480565371024735,0.618374558303887,65.0,28.463703480496484,6.286611249207942,-10.285112647803128,17.05357789106352,8.76449913761981,3.247613244471882,9.255836517915808,0.25044817611335246,False
70,110,1.0,0.7291666666666667,0.6,1.3291666666666666,0.7523510971786834,0.5485893416927901,65.0,26.534640052773252,6.795002613379433,-8.102425562137942,15.129036185488953,7.304346611393987,3.6327191827646974,9.255836517915808,0.25044817611335246,False
70,110,1.0,0.7291666666666667,0.8,1.5291666666666668,0.6539509536784741,0.4768392370572207,65.0,23.90065870769833,6.667105577500545,-6.50888503513684,13.150306657141623,6.041925214852557,3.955801811142011,9.255836517915808,0.25044817611335246,False
70,110,1.0,0.7291666666666667,1.0,1.7291666666666667,0.5783132530120482,0.42168674698795183,65.0,21.580088402553397,6.272898873882201,-5.5798662386137,11.62930733294211,5.180160348772561,4.165911274863682,9.255836517915808,0.25044817611335246,False
70,110,1.0,0.7291666666666667,1.3,2.029166666666667,0.4928131416837782,0.3593429158110883,65.0,18.738732621669254,5.609085521417744,-4.747918527776539,9.90998468823609,4.286135677192331,4.3719410753567685,9.255836517915808,0.25044817611335246,False
70,110,1.25,0.5833333333333334,0.45,1.0333333333333334,0.9677419354838709,0.564516129032258,65.0,42.25144031483788,16.117749205852217,-4.449976589056285,24.325416044208545,14.263919019616452,2.9621200356459956,14.462244559243459,0.3130602201416896,False
70,110,1.25,0.5833333333333334,0.6,1.1833333333333333,0.8450704225352113,0.49295774647887325,65.0,38.33689890821816,15.442593849273033,-2.737961510843933,21.24191260198493,11.926708556173086,3.21437375011361,14.462244559243459,0.3130602201416896,False
70,110,1.25,0.5833333333333334,0.8,1.3833333333333333,0.7228915662650602,0.42168674698795183,65.0,33.71888812898969,14.050959537554828,-1.7520124176291987,18.170792707722047,9.862907273401696,3.4187574915078884,14.462244559243459,0.3130602201416896,False
70,110,1.25,0.5833333333333334,1.0,1.5833333333333335,0.631578947368421,0.3684210526315789,65.0,29.94438368462881,12.68774697943846,-1.3382942204798924,15.875534681483472,8.439118962260755,3.548283158293933,14.462244559243459,0.3130602201416896,False
70,110,1.25,0.5833333333333334,1.3,1.8833333333333333,0.5309734513274337,0.3097345132743363,65.0,25.55064579613322,10.950697939061822,-1.1175744198779827,13.346688449034778,6.95674056573261,3.6727898007279647,14.462244559243459,0.3130602201416896,False
70,110,1.43,0.5099067599067599,0.45,0.9599067599067599,1.0417678484701312,0.531204468188441,65.0,53.05641248209424,24.456955967077313,1.2851759558890934,29.956956606757913,19.29015362952296,2.7504401209585554,18.927260095497466,0.35814089184209014,False
70,110,1.43,0.5099067599067599,0.6,1.1099067599067598,0.9009765830095559,0.45941405019426657,65.0,47.422648113652684,22.61012078519711,2.3353647371287565,25.908379146619573,16.119045598619863,2.9420258056539703,18.927260095497466,0.35814089184209014,False
70,110,1.43,0.5099067599067599,0.8,1.30990675990676,0.7634131150458225,0.3892695079633419,65.0,41.15853960086788,20.046121864667782,2.601972259670312,21.952619860597753,13.299461312646706,3.094752383822453,18.927260095497466,0.35814089184209014,False
70,110,1.43,0.5099067599067599,1.0,1.50990675990676,0.6622925511385566,0.3377074488614435,65.0,36.21503633553515,17.82250618305168,2.4590871961448286,19.04480853826771,11.35123352891887,3.190405363723003,18.927260095497466,0.35814089184209014,False
70,110,1.43,0.5099067599067599,1.3,1.80990675990676,0.5525146500096594,0.2817309549874428,65.0,30.60365952674945,15.1638774475538,2.0593287758688437,15.888047821061122,9.326020353307028,3.2815347133461192,18.927260095497466,0.35814089184209014,False
70,110,1.75,0.41666666666666674,0.45,0.8666666666666667,1.1538461538461537,0.48076923076923084,65.0,73.676035693646,41.323380031542804,14.070070148826131,40.60473293533272,30.55952730439491,2.410902333657835,28.345999336131683,0.43828430819836506,False
70,110,1.75,0.41666666666666674,0.6,1.0166666666666666,0.9836065573770493,0.4098360655737706,65.0,64.48335047595299,36.81867990452088,13.330277524434907,34.61387069897216,25.43489750984597,2.53523138636557,28.345999336131683,0.43828430819836506,False
70,110,1.75,0.41666666666666674,0.8,1.2166666666666668,0.821917808219178,0.34246575342465757,65.0,54.93468864733955,31.722533595814227,11.80993377530445,28.923919351195906,20.86785951102268,2.6325023234089877,28.345999336131683,0.43828430819836506,False
70,110,1.75,0.41666666666666674,1.0,1.4166666666666667,0.7058823529411764,0.29411764705882354,65.0,47.720953018698594,27.704132634400494,10.357697003704219,24.84054250161531,17.722926376789257,2.692611367002918,28.345999336131683,0.43828430819836506,False
70,110,1.75,0.41666666666666674,1.3,1.7166666666666668,0.5825242718446602,0.24271844660194178,65.0,39.79405370400677,23.1742153203046,8.555886279749869,20.499476821721373,14.474214801360194,2.7493065599846687,28.345999336131683,0.43828430819836506,False
70,110,2.0,0.36458333333333337,0.45,0.8145833333333334,1.2276214833759589,0.4475703324808184,65.0,90.78130198147137,55.947705324207924,25.936301197936174,49.3725068355087,41.52538506826052,2.1861640014232906,37.023346071663234,0.5008963522267049,False
70,110,2.0,0.36458333333333337,0.6,0.9645833333333333,1.036717062634989,0.37796976241900654,65.0,78.4322532580208,48.92557771501011,23.31127433780909,41.694708796293526,34.418773623901544,2.2787637385067905,37.023346071663234,0.5008963522267049,False
70,110,2.0,0.36458333333333337,0.8,1.1645833333333333,0.8586762075134169,0.3130590339892666,65.0,66.06103112029494,41.52233686690341,20.00884778400568,34.534257911778006,28.104637133271613,2.3505384825655242,37.023346071663234,0.5008963522267049,False
70,110,2.0,0.36458333333333337,1.0,1.3645833333333335,0.7328244274809159,0.26717557251908397,65.0,56.941230960173456,35.91425477868065,17.299509235114872,29.472748355242597,23.77901089966149,2.3946004819310653,37.023346071663234,0.5008963522267049,False
70,110,2.0,0.36458333333333337,1.3,1.6645833333333333,0.6007509386733417,0.21902377972465584,65.0,47.10457882140195,29.762928801720257,14.190231390482186,24.161013983334048,19.33719048733715,2.435957739168372,37.023346071663234,0.5008963522267049,False
70,115,1.0,0.7291666666666667,0.45,1.1791666666666667,0.8480565371024735,0.618374558303887,65.0,26.847057782888477,5.614301666492851,-10.475259972009704,19.973696141832043,8.76449913761981,3.0631593843911746,9.255836517916446,0.2504481761133525,False
70,115,1.0,0.7291666666666667,0.6,1.3291666666666666,0.7523510971786834,0.5485893416927901,65.0,25.10043712981693,6.198564958494258,-8.271114254145658,17.719611310778898,7.304346611393986,3.43636994042191,9.255836517916446,0.2504481761133525,False
70,115,1.0,0.7291666666666667,0.8,1.5291666666666668,0.6539509536784741,0.4768392370572207,65.0,22.654035458589156,6.148676117259753,-6.655510900941912,15.40205996767975,6.041925214852556,3.749472999582964,9.255836517916446,0.2504481761133525,False
70,115,1.0,0.7291666666666667,1.0,1.7291666666666667,0.5783132530120482,0.42168674698795183,65.0,20.47765290273878,5.814432339163235,-5.7095329681328835,13.620616887080647,5.18016034877256,3.9530924766819164,9.255836517916446,0.2504481761133525,False
70,115,1.0,0.7291666666666667,1.3,2.029166666666667,0.4928131416837782,0.3593429158110883,65.0,17.799285532504847,5.218400486698297,-4.85841481679186,11.606891187142645,4.2861356771923305,4.152758305627044,9.255836517916446,0.2504481761133525,False
70,115,1.25,0.5833333333333334,0.45,1.0333333333333334,0.9677419354838709,0.564516129032258,65.0,39.945438639318375,14.939531799260953,-4.913244184856807,28.490705686181787,14.263919019616447,2.8004532684449086,14.462244559244965,0.3130602201416908,False
70,115,1.25,0.5833333333333334,0.6,1.1833333333333333,0.8450704225352113,0.49295774647887325,65.0,36.32320730424338,14.413727944925732,-3.1425050452049517,24.87920778229959,11.92670855617308,3.0455349129364824,14.462244559244965,0.3130602201416908,False
70,115,1.25,0.5833333333333334,0.8,1.3833333333333333,0.7228915662650602,0.42168674698795183,65.0,31.99633266052934,13.170845330221594,-2.09806773015489,21.282213886063506,9.862907273401692,3.2441076219805,14.462244559244965,0.3130602201416908,False
70,115,1.25,0.5833333333333334,1.0,1.5833333333333335,0.631578947368421,0.3684210526315789,65.0,28.439414170079242,11.91880509303153,-1.6406372830023384,18.59393423729759,8.439118962260752,3.36995061892819,14.462244559244965,0.3130602201416908,False
70,115,1.25,0.5833333333333334,1.3,1.8833333333333333,0.5309734513274337,0.3097345132743363,65.0,24.285405938768537,10.304242370843607,-1.371756640582694,15.63206860657762,6.956740565732607,3.490917292272357,14.462244559244965,0.3130602201416908,False
70,115,1.43,0.5099067599067599,0.45,0.9599067599067599,1.0417678484701312,0.531204468188441,65.0,50.21655181935768,22.857888875117364,0.543716285284848,35.08654620277549,19.290153629522962,2.6032219744742138,18.92726009548779,0.35814089184209047,False
70,115,1.43,0.5099067599067599,0.6,1.1099067599067598,0.9009765830095559,0.45941405019426657,65.0,44.96658464433647,21.22716199391473,1.694110736593572,30.344722726667957,16.119045598619866,2.7896555270112624,18.92726009548779,0.35814089184209047,False
70,115,1.43,0.5099067599067599,0.8,1.30990675990676,0.7634131150458225,0.3892695079633419,65.0,39.07747434432385,18.874316849151977,2.0586266019519592,25.711610866274484,13.299461312646708,2.9382749741272867,18.92726009548779,0.35814089184209047,False
70,115,1.43,0.5099067599067599,1.0,1.50990675990676,0.6622925511385566,0.3377074488614435,65.0,34.4096258825596,16.805916714168458,1.987712294786545,22.305889195373133,11.351233528918872,3.0313556491368288,18.92726009548779,0.35814089184209047,False
70,115,1.43,0.5099067599067599,1.3,1.80990675990676,0.5525146500096594,0.2817309549874428,65.0,29.097503791138767,14.315792151051635,1.6660863361047529,18.608590026792385,9.326020353307031,3.1200343435687135,18.92726009548779,0.35814089184209047,False
70,115,1.75,0.41666666666666674,0.45,0.8666666666666667,1.1538461538461537,0.48076923076923084,65.0,69.82678674297118,38.885537865589164,12.70355652724284,47.5575625684727,30.559527304394916,2.2849432861786787,28.345999336134106,0.43828430819836756,False
70,115,1.75,0.41666666666666674,0.6,1.0166666666666666,0.9836065573770493,0.4098360655737706,65.0,61.20202350160724,34.74051936960958,12.165380666691773,40.540873009189845,25.434897509845978,2.4062225325624227,28.345999336134106,0.43828430819836756,False
70,115,1.75,0.41666666666666674,0.8,1.2166666666666668,0.821917808219178,0.34246575342465757,65.0,52.19275788795474,29.985988491299302,10.836526811984847,33.876619911788765,20.867859511022687,2.501107402049828,28.345999336134106,0.43828430819836756,False
70,115,1.75,0.41666666666666674,1.0,1.4166666666666667,0.7058823529411764,0.29411764705882354,65.0,45.36611836652106,26.212746838758267,9.521712199912088,29.094038277183294,17.72292637678926,2.5597419637162497,28.345999336134106,0.43828430819836756,False
70,115,1.75,0.41666666666666674,1.3,1.7166666666666668,0.5825242718446602,0.24271844660194178,65.0,37.85074355415152,21.94346005205616,7.865995907688401,24.009643238452234,14.474214801360198,2.6150464169285743,28.345999336134106,0.43828430819836756,False
70,115,2.0,0.36458333333333337,0.45,0.8145833333333334,1.2276214833759589,0.4475703324808184,65.0,86.10088528149114,52.790675280455766,23.989870385574324,57.82665992980531,41.525385068260505,2.073451820855033,37.023346071665785,0.500896352226705,False
70,115,2.0,0.36458333333333337,0.6,0.9645833333333333,1.036717062634989,0.37796976241900654,65.0,74.47967673600726,46.25948970829933,21.667528230609342,48.83417717614228,34.41877362390154,2.163925930361624,37.023346071665785,0.500896352226705,False
70,115,2.0,0.36458333333333337,0.8,1.1645833333333333,0.8586762075134169,0.3130590339892666,65.0,62.78725128184724,39.314110127892505,18.647390811494976,40.44762796521266,28.104637133271606,2.234053084696002,37.023346071665785,0.500896352226705,False
70,115,2.0,0.36458333333333337,1.0,1.3645833333333335,0.7328244274809159,0.26717557251908397,65.0,54.14727228888756,34.0296765388225,16.137594047888182,34.51942600389905,23.779010899661486,2.2771036405748224,37.023346071665785,0.500896352226705,False
70,115,2.0,0.36458333333333337,1.3,1.6645833333333333,0.6007509386733417,0.21902377972465584,65.0,44.814162138432906,28.217999205841544,13.237722695071069,28.298152731606855,19.337190487337146,2.3175115416988428,37.023346071665785,0.500896352226705,False
80,110,1.0,0.8333333333333334,0.45,1.2833333333333334,0.7792207792207791,0.6493506493506493,65.0,31.794493213624794,8.431290988729005,-8.855451963024736,17.74254345646673,9.365184471760955,3.3949671049721895,9.954116107871364,0.25044633805284944,False
80,110,1.0,0.8333333333333334,0.6,1.4333333333333333,0.6976744186046512,0.5813953488372093,65.0,29.70959974573135,8.73083949288288,-6.928458630012648,15.885765652883004,7.928994522860116,3.7469567749196298,9.954116107871364,0.25044633805284944,False
80,110,1.0,0.8333333333333334,0.8,1.6333333333333333,0.6122448979591837,0.5102040816326531,65.0,26.88941610862996,8.40864268364059,-5.545713237593951,13.940569858652431,6.657900739247473,4.038722889051243,9.954116107871364,0.25044633805284944,False
80,110,1.0,0.8333333333333334,1.0,1.8333333333333335,0.5454545454545454,0.45454545454545453,65.0,24.393137263213088,7.8653353581862895,-4.756065750840568,12.419780419526711,5.771115623040197,4.2267628750717865,9.954116107871364,0.25044633805284944,False
80,110,1.0,0.8333333333333334,1.3,2.1333333333333333,0.46875,0.390625,65.0,21.309599837792767,7.024663662722982,-4.065922154159119,10.673248798030768,4.832257628609083,4.409864182660832,9.954116107871364,0.25044633805284944,False
80,110,1.25,0.6666666666666667,0.45,1.1166666666666667,0.8955223880597015,0.5970149253731344,65.0,47.26969511186826,19.54401492886603,-2.1624300649560704,25.48835533858094,15.499865480590847,3.049684216360461,15.55330641854772,0.31305792256606957,False
80,110,1.25,0.6666666666666667,0.6,1.2666666666666666,0.7894736842105263,0.5263157894736843,65.0,43.0778838576179,18.566997243287084,-0.7744796760557862,22.469997469538463,13.148227787367938,3.276326251284196,15.55330641854772,0.31305792256606957,False
80,110,1.25,0.6666666666666667,0.8,1.4666666666666668,0.6818181818181818,0.4545454545454546,65.0,38.11427697377045,16.866892921575776,-0.07378307367453656,19.405906905510488,11.020977901366427,3.4583389346098663,15.55330641854772,0.31305792256606957,False
80,110,1.25,0.6666666666666667,1.0,1.6666666666666667,0.6,0.4,65.0,34.02138693999504,15.254264835023823,0.13819754208385468,17.07719807684923,9.52194501408415,3.5729451167459114,15.55330641854772,0.31305792256606957,False
80,110,1.25,0.6666666666666667,1.3,1.9666666666666668,0.5084745762711864,0.33898305084745767,65.0,29.207816731216425,13.215224940088406,0.1402453480379732,14.47220176004172,7.931362367253864,3.6825724735269247,15.55330641854772,0.31305792256606957,False
80,110,1.43,0.5827505827505828,0.45,1.0327505827505827,0.9682880036113306,0.5642703983749013,65.0,59.463743754965904,28.990921448972667,4.390943257544361,31.527965103125155,21.15175161172581,2.8112917003999436,20.355172028984864,0.3581382634155754,False
80,110,1.43,0.5827505827505828,0.6,1.1827505827505829,0.8454867954276704,0.4927079227433977,65.0,53.428037673485846,26.746499208309555,5.04625005302231,27.529493375915646,17.916476099238885,2.9820617278503523,20.355172028984864,0.3581382634155754,False
80,110,1.43,0.5827505827505828,0.8,1.3827505827505828,0.7231962238705326,0.42144302090357383,65.0,46.666162001337696,23.76014231717725,4.947564435125111,23.547648245009437,14.970452273496004,3.117217913580101,20.355172028984864,0.3581382634155754,False
80,110,1.43,0.5827505827505828,1.0,1.5827505827505828,0.6318114874815906,0.36818851251840945,65.0,41.27563459409957,21.190967236135645,4.536275074318396,20.572113312134903,12.892877287434818,3.2014292600400465,20.355172028984864,0.3581382634155754,False
80,110,1.43,0.5827505827505828,1.3,1.8827505827505828,0.5311377986876316,0.309520861706079,65.0,35.091617188838,18.115083172275174,3.837618587361486,17.294125218446947,10.694271910796283,3.281347012825777,20.355172028984864,0.3581382634155754,False
80,110,1.75,0.4761904761904763,0.45,0.9261904761904762,1.0796915167095116,0.5141388174807199,65.0,82.86374637046559,48.16601715664258,19.00163679527666,43.0222470830649,33.91699277817904,2.4431336502149184,30.484480580354038,0.4382810915924885,False
80,110,1.75,0.4761904761904763,0.6,1.0761904761904764,0.9292035398230087,0.4424778761061947,65.0,72.96890385596818,43.026726118859564,17.685383243728623,37.02578344095629,28.582147042465227,2.552953903272431,30.484480580354038,0.4382810915924885,False
80,110,1.75,0.4761904761904763,0.8,1.2761904761904763,0.7835820895522387,0.373134328358209,65.0,62.58004654195429,37.23963379101954,15.597697836648324,31.22323528976165,23.718648633500486,2.638432210407027,30.484480580354038,0.4382810915924885,False
80,110,1.75,0.4761904761904763,1.0,1.4761904761904763,0.6774193548387096,0.32258064516129037,65.0,54.64432449780875,32.65874686582657,13.713797892396313,26.992990508568138,20.30586256479588,2.6910614766272083,30.484480580354038,0.4382810915924885,False
80,110,1.75,0.4761904761904763,1.3,1.7761904761904763,0.5630026809651474,0.2680965147453083,65.0,45.8313229901202,27.46141216194212,11.42313548432491,22.433852701490945,16.723295704646425,2.7405676368795153,30.484480580354038,0.4382810915924885,False
80,110,2.0,0.4166666666666667,0.45,0.8666666666666667,1.1538461538461537,0.4807692307692308,65.0,102.37981456987241,64.85982139224204,32.58800677752806,52.54522485184378,46.41862909590176,2.205576006097763,39.81646443148546,0.5008926761056989,False
80,110,2.0,0.4166666666666667,0.6,1.0166666666666666,0.9836065573770493,0.40983606557377056,65.0,89.02622882487134,56.95661479758001,29.190142809889775,44.79265069337503,38.92693504306997,2.287008435839348,39.81646443148546,0.5008926761056989,False
80,110,2.0,0.4166666666666667,0.8,1.2166666666666668,0.821917808219178,0.3424657534246575,65.0,75.48955012095878,48.59655190768809,25.109126798632282,37.42947523692981,32.12498330284315,2.3498704858245874,39.81646443148546,0.5008926761056989,False
80,110,2.0,0.4166666666666667,1.0,1.4166666666666667,0.7058823529411764,0.29411764705882354,65.0,65.39787622514936,42.21986112546994,21.803281423434132,32.14531402701031,27.38202620230258,2.3883505092712967,39.81646443148546,0.5008926761056989,False
80,110,2.0,0.4166666666666667,1.3,1.7166666666666668,0.5825242718446602,0.24271844660194175,65.0,54.40003067399738,35.17143936983489,18.01949628982521,26.527686332969672,22.438626069157866,2.4243922291111577,39.81646443148546,0.5008926761056989,False
