t,x,vx,F_tow,LF_shank_des,LF_shank_act,LF_fin_des,LF_fin_rel_act,LF_alpha_act,LF_zTE,LF_ftFx,LF_ftFz
0.005,4.295756031777255e-12,-1.0220330919851722e-09,0.0,0.0,-2.5688559819492268e-09,-0.0,0.0,-0.8368324096455808,-74.08838899528239,5.695928234487374e-09,1.3518151700086175e-08
0.01,7.392195108237409e-08,2.6583879460173563e-05,0.0028036124402234797,0.0013660051527106755,0.0002237459667356777,-0.00015959315212952794,-1.688054345549972e-05,46.29543420525874,-74.0881125963828,-1.040061526106186e-05,7.004494542528619e-05
0.015,4.043685876091846e-07,8.727659739148855e-05,0.005658382491462893,0.005463870812984967,0.0012223863302159384,-0.0006383551073306157,-0.00010096428991346329,57.832905485585684,-74.08688366122075,-7.84772188767716e-05,0.0003387906848108347
0.02,1.1413487238796566e-06,0.00017639233204624663,0.008470409375248964,0.012293147603673692,0.0033633069113319144,-0.0014362333639596268,-0.00029988164178007537,59.75238396800421,-74.08425902748237,-0.00020474167247837456,0.0008011744025543761
0.025,2.2133622385181736e-06,0.00027732811608619,0.011303831897689954,0.021853086617619342,0.00650991606705446,-0.0025531404256746324,-0.0006147916778331819,57.5501759023893,-74.08041353240287,-0.00036256288524080837,0.0013741234591194947
0.03,4.1403760093733415e-06,0.000427157101964511,0.014370575805389104,0.034142639499778964,0.01199729422825271,-0.003988953811029991,-0.001191589119201808,61.50633811694698,-74.07372199795103,-0.0006048918285465237,0.002171366119542378
0.035,6.925615665566472e-06,0.0006011553068134804,0.017199020866870626,0.049160458562184,0.01951190964805178,-0.005743516066907345,-0.0020086018766107827,60.67354410250607,-74.06457249305711,-0.0007857374975824843,0.002833506338523097
0.04,1.0103870029225625e-05,0.0007728977094662892,0.020089710320170515,0.06690489693174263,0.027969336604318912,-0.007816634785783661,-0.0029547504704510175,56.31285081854742,-74.05428874233691,-0.0009021342980865888,0.0033320586711231646
0.045,1.4900317797992733e-05,0.0010078696578351158,0.02340436032009874,0.08737400873082384,0.040346488538327605,-0.010208082626829242,-0.004365354129362231,60.120153119873095,-74.0392515695777,-0.001053367244647305,0.003922911731382235
0.05,2.098844060337932e-05,0.0012636413734522342,0.026274581274076083,0.11056554929065623,0.05527946366566941,-0.012917597340839533,-0.006086855502928756,58.89271180970235,-74.02111792254705,-0.0010696699241754517,0.004226541465932827
0.055,2.733803146354779e-05,0.0015045159856078472,0.029237777736983668,0.13647697539746986,0.07055601004013085,-0.015944881798992377,-0.007870008133977535,53.64318891079293,-74.00257675380044,-0.001077018439389933,0.004486852498258489
0.06,3.624157363318851e-05,0.0018241462552694154,0.032814093184166795,0.16510544557139484,0.09133727574979629,-0.019289604025432304,-0.010313745398264018,57.68320734055581,-73.97736068996137,-0.0011616233214390744,0.004929425174783377
0.065,4.686561100279283e-05,0.002160373001161084,0.03570931072358444,0.1964478203780668,0.11497563006803314,-0.022951397233676025,-0.013101607208909627,56.308588826775036,-73.94867728469038,-0.0010772155391558433,0.00504454567619011
0.07,5.7446148074120895e-05,0.0024724229754934574,0.03873712233589931,0.23050066277289247,0.1380183193624395,-0.02692985986683369,-0.01583557261287183,50.40387089396404,-73.92072043853192,-0.0010310839206229844,0.005204013604109308
0.075,7.169618021034701e-05,0.00287661979968879,0.04254164757805947,0.26726023847795854,0.16815157536794947,-0.0312245556416439,-0.019421047648620515,54.77347763545396,-73.88415887834883,-0.0010863188769616966,0.005569062932486978
0.08,8.810191562503863e-05,0.0032958092000610765,0.04543632881110721,0.306722516391548,0.20129776061604,-0.035835013596318334,-0.023362391613375166,53.29275750642549,-73.84393042309793,-0.0009353204184653971,0.00556346442421839
0.085,0.00010397458088386146,0.0036746794780876326,0.04847076364915333,0.3488831690301891,0.23269417023729277,-0.04076072814218722,-0.027107713016107482,46.94151551965629,-73.80582263951455,-0.0008421710843757554,0.0056171937563956826
0.09,0.0001248021761034766,0.004163618775214094,0.05254116698373287,0.3937375730032148,0.27276398295680077,-0.04600115911914312,-0.03189199039647406,51.645054003162045,-73.75717637045503,-0.0008804669225735766,0.005972347063466652
0.095,0.0001482180289399547,0.004663893652014189,0.05540338474115563,0.4412808095197586,0.315909129286797,-0.051555731854874214,-0.037031914834216195,50.12548746896604,-73.70477359719575,-0.0006738438443543333,0.005893977552291363
0.1,0.0001704444003586945,0.005114226998290912,0.05843556732980916,0.4915076649281803,0.3560154335068718,-0.05742383722788654,-0.041819335808497726,43.384056957621596,-73.65605131906237,-0.0005504152151046526,0.005819500301208323
0.105,0.0001990923977932993,0.005687647578536233,0.06269968738846204,0.5444126312877785,0.4063719481822854,-0.06360483173429834,-0.04783067874853941,48.39944186217349,-73.59485585743349,-0.0005927235336305764,0.006200812621050011
0.11,0.00023075543797913237,0.006268050174230211,0.06549763679104495,0.5999899069728005,0.45980578092082786,-0.07009803755840777,-0.05419076498455411,46.87643443362538,-73.52988497137515,-0.0003395670123943074,0.00602609468454765
0.115,0.00026038731791222096,0.006786883308144475,0.0685031359512933,0.6582333973086758,0.5088280091929639,-0.07690274264702526,-0.060034295250773084,39.87704973259355,-73.47025959692296,-0.000178298456306856,0.0058735796579659875
0.12,0.0002980795579355472,0.0074445009117932925,0.07297514032636315,0.7191367152403418,0.5696687196242077,-0.08401820078755547,-0.06728471183657803,45.1536566639619,-73.39622762029698,-0.00023903195510631157,0.006337506158275335
0.125,0.0003392157802219752,0.008105781389946415,0.07567498314739571,0.7826931820326709,0.633549311312682,-0.09144363168982954,-0.07487317922590364,43.64218872838677,-73.31844689549091,5.280846565458626e-05,0.006052634282090115
0.13,0.00037729961113489247,0.008691747286944058,0.07860627903865205,0.8488958280028582,0.6915948549065343,-0.0991782210716715,-0.08177724032594824,36.4874515055464,-73.24774309842098,0.00021877160068306534,0.005912538665897841
0.135,0.0004252565262973117,0.009432970312945004,0.08327805575344047,0.9177373932847442,0.7630165617955659,-0.10722112074819552,-0.09026933168831874,41.966971771335835,-73.16070214388262,0.00014005793991061529,0.0063702063418790995
0.14,0.0004770783156194298,0.010174028852777635,0.08584588833034401,0.9892103286249149,0.837414595924784,-0.11557144872481606,-0.09908657440203683,40.489548939894206,-73.06996880641748,0.00048544579773521175,0.005980518978729022
0.145,0.0005246582038024152,0.010828580989693158,0.08867443697370143,1.063306796210588,0.9045250156019513,-0.12422828929397137,-0.10704989334553261,33.25942282646383,-72.98808515161859,0.0006611626239797122,0.005855251098760246
0.15,0.0005840793709681327,0.011649568574255849,0.0935009306658356,1.1400186705291004,0.986556695756957,-0.1331906931355392,-0.11678058436774563,38.892587895030715,-72.88793818500268,0.000570750226063191,0.006321697184578697
0.155,0.0006477806116636229,0.012469300426350203,0.09593891979736209,1.2193375392589676,1.0714835650255854,-0.142457677420941,-0.12682218764865638,37.46546824134137,-72.78417473146345,0.0009317766734813418,0.006019252646717697
0.16,0.0007058689403416297,0.01318996913140381,0.0986338865873903,1.3012547041923914,1.1476553667347977,-0.1520282259209206,-0.13583991849606036,30.2467545984463,-72.69105881516879,0.001127663544428509,0.00575984157624355
0.165,0.0007779313367609921,0.014089867013586967,0.10361499575655968,1.385761182189116,1.2402791341297854,-0.16190128911698484,-0.1468024912998942,35.96916852261538,-72.5777592118956,0.0010061341979425609,0.006437900767676981
0.17,0.0008546889201115672,0.014986610767833159,0.10588819873789798,1.4728477061615248,1.3357048758325825,-0.17207578431649465,-0.15806087642619104,34.60529047857838,-72.46093207261157,0.0014023395438692175,0.00591366430704528
0.175,0.0009242722092867298,0.01576907848325825,0.10842281384644205,1.5625047260908915,1.4209025700660867,-0.1825505957713956,-0.16812575817320408,27.472500775399197,-72.35656508250875,0.001598209529507946,0.005689241071301419
0.18,0.0010101283237936994,0.01675013866220702,0.11357846892779368,1.6547224100746345,1.5240671020663787,-0.19332457480057091,-0.18031096292907023,33.218904728584306,-72.23010082216298,0.0014558224729930946,0.006357402826539062
0.185,0.0011010682355638592,0.017718586128413465,0.11561359297384152,1.7494906454045103,1.6299316581238001,-0.20439653991580878,-0.19277628690548454,31.935492024782334,-72.10020723181599,0.0018938155991492637,0.005708256905116855
0.19,0.0011831145261714266,0.01856327563077441,0.11800448223312561,1.8467990396755696,1.7240964372062473,-0.2157652769513641,-0.2038792776792775,24.933584800327566,-71.98459388361249,0.0020824013772527857,0.0056915568051364536
0.195,0.0012838741843542412,0.019618169783793268,0.12329651684377345,1.9466369219258204,1.8377253167681884,-0.22742953919710757,-0.21727594223378333,30.672981112134664,-71.84497804311216,0.00193664565179445,0.006223306968887208
0.2,0.0013900953825640963,0.020660015148705867,0.12513271631254744,2.048993343806397,1.9539457908760924,-0.2393880475352389,-0.2309365926386988,29.463935755364474,-71.70203787384845,0.0023707885573419052,0.00572939487140477
0.205,0.001485541494495284,0.02156485689706061,0.1273125611090661,2.153857080782189,2.0570008236189965,-0.2516394905805588,-0.24306721961653466,22.632323805323324,-71.57520057390548,0.0025685174188937398,0.005583161077105003
0.21,0.0016022841004007635,0.022693041348470815,0.1327308918760836,2.2612166333627357,2.180997954698683,-0.26418252482427684,-0.2576625870414091,28.322870187295223,-71.42246547518734,0.002386119567508018,0.006279225071456994
0.215,0.0017248576425598309,0.0238025687383766,0.13432623651663636,2.3710602283632576,2.3074735397876363,-0.27701577478134015,-0.27250545731851616,27.197249518347917,-71.2665159815934,0.0028426022985992487,0.005788765524033581
0.22,0.0018346000781509946,0.024764406770387694,0.13631334103291456,2.4833758201957434,2.419327076988913,-0.29013783314127406,-0.2856520125061195,20.564585493350947,-71.1284917588229,0.0030430314388954615,0.00550811519097383
0.225,0.001968351180577244,0.025960290267412534,0.14186023656732352,2.598151092189863,2.5535804154474,-0.3035472609225067,-0.3014319312167686,26.182418525123666,-70.96268523931451,0.0028323516116101457,0.006334206257177926
0.23,0.0021082798809674615,0.02713609548533829,0.1432329253283163,2.7153734579436453,2.690194874624467,-0.3172425876301717,-0.3174425770962159,25.13665744226479,-70.79377893148467,0.0033145497064397873,0.005669392909985444
0.235,0.002233167434015874,0.028151953272567247,0.14499692714109216,2.8350300627037086,2.810743125282379,-0.3312223114173632,-0.33159222970687097,18.720492175361528,-70.64461664291154,0.0034910302535275475,0.005638391057389782
0.24,0.0023849047452135104,0.029412214592871695,0.15067277346440966,2.957107784774935,2.955126571549084,-0.3454848992498309,-0.34854126402868246,24.243629820078255,-70.46580069171465,0.0032705346781531663,0.00645791973281017
0.245,0.002543142464516832,0.030647909931976216,0.15181454857999788,3.0815932369594035,3.101750736188825,-0.36002878707409364,-0.36570399578914703,23.28032434786489,-70.28400317820214,0.0037547656372101507,0.005860474366803643
0.25,0.0026839710616699624,0.03171431809129572,0.15338402870957574,3.208472768024465,3.230878718960697,-0.3748523799889575,-0.38084285972601606,17.08981483336275,-70.12376333821454,0.0039571653281016425,0.005654840458154521
0.255,0.0028545972314873505,0.03303496938022091,0.1591956903570723,3.3377324641997275,3.3852538866139663,-0.38995405242041176,-0.3989443576140843,22.503545536705914,-69.93201289730862,0.003695292867561701,0.006559247091086691
0.26,0.0030320269838127623,0.03432727826528864,0.1601087738214184,3.469358150702891,3.5417464889762407,-0.40533214829989506,-0.41724229798904844,21.618373598325746,-69.7374028972481,0.0041913907994635706,0.00588308430470747
0.265,0.003189540177691125,0.035440913886065836,0.1614779947079206,3.603335393294139,3.6793295338846628,-0.4209849812458981,-0.43335547538859487,15.6561704540172,-69.56615666978588,0.004394163652866894,0.00569049406828811
0.27,0.003379908409666092,0.03681924052124804,0.1674312527475092,3.7396494998590315,3.8435466664720366,-0.43691083474889686,-0.45259161342357856,20.949331469287387,-69.36155955178022,0.004074250215034853,0.006652699241194572
0.275,0.003577373389365121,0.03816660551518602,0.16810327416757448,3.878285522019671,4.009755522848067,-0.4531079623595873,-0.47200673733581766,20.13586767669841,-69.15422846209398,0.004576003049537213,0.005919097467252719
0.28,0.0037522877212448754,0.0393264573021258,0.16924581294940955,4.019228256773935,4.155659197570064,-0.46957458788040124,-0.4890783494823552,14.398235622029631,-68.97205871785049,0.004739091904432662,0.005790802012446643
0.285,0.003963224379709347,0.040761964960977934,0.17531766591320347,4.162462248162683,4.32955807881172,-0.4863089055602889,-0.5094301659699454,19.5620246400254,-68.75471554211651,0.004372468387621776,0.006747348565176177
0.29,0.004181549850637251,0.04216175596750382,0.17570853104853595,4.307971788964651,4.505320418153493,-0.5033090802927374,-0.5299433308625794,18.81547368135827,-68.5347681309725,0.004890588141763263,0.005909693937729549
0.295,0.0043745582258627345,0.04336453420621832,0.17660818046595025,4.455740922418958,4.659402110442983,-0.5205732478170135,-0.5479565426655597,13.298866347416833,-68.34176834303057,0.005029250812119366,0.005872226057308773
0.3,0.004606848400577272,0.04484972196065749,0.18280052544378017,4.6057534439749,4.842812046117917,-0.5380995149225978,-0.569403964826563,18.33386049040297,-68.11179369563376,0.00467574446979604,0.006872802016908939
0.305,0.004846778347415573,0.046296000237261915,0.18295219781175334,4.757992903069013,5.027955443715635,-0.5558859596567999,-0.5909949363766316,17.65201621442199,-67.87934800537364,0.005197599669334198,0.006166121244130696
0.31,0.005058494446124476,0.04753774389524674,0.18363484876774727,4.912442604929018,5.190063541547336,-0.5739306315355193,-0.6099319777774497,12.35010080455831,-67.6756242981115,0.005358830215973049,0.005959065797510311
0.315,0.00531283627122869,0.0490676278391505,0.18996048487372047,5.06908561240462,5.382804121745163,-0.5922315517571396,-0.6324538461229281,17.256600732623795,-67.43314687079464,0.004965387685118624,0.007229908610270096
0.32,0.005575038890534399,0.050555855286947934,0.1898890169592205,5.227904747824837,5.57714659205323,-0.6107867134195256,-0.6551013219201707,16.635457127205527,-67.18833522245649,0.0054780194676646065,0.006511809594640877
0.325,0.005806008629701122,0.05183005256061687,0.1903667929603593,5.388882594881747,5.747121459599783,-0.6295940817401039,-0.6749435080460557,11.54165535658339,-66.97400605978183,0.005647897126772768,0.006208757137363418
0.33,0.00608299738553398,0.05339918233404243,0.19687051274750775,5.5520015005403645,5.949003047277375,-0.648651594278998,-0.6985175997461681,16.32193211705645,-66.71916913529715,0.005244250393870222,0.007419006542833338
0.335,0.0063680556779531095,0.05492529414192185,0.19660253389756507,5.717243576974498,6.152352811333134,-0.6679571611651995,-0.7221992323298423,15.756915575436523,-66.46213955968209,0.005766961862370702,0.00653103210723258
0.34,0.0066188101749840465,0.05625906622835502,0.19688552652553587,5.884590703528361,6.330122675210346,-0.6875086653257455,-0.7429269833703245,10.861304898570253,-66.23720906233734,0.005840451131736543,0.006510921358030131
0.345,0.0069190486813154655,0.05784901309693178,0.20321392344095304,6.054024528703692,6.540946120962183,-0.7073039627178789,-0.767530035583178,15.508645574107092,-65.9701718586972,0.0054364139965261205,0.007808592797669737
0.35,0.007227557696638679,0.059406432429482264,0.20292404336805933,6.225526472172215,6.753103133878126,-0.727340882564168,-0.7922224556055824,14.997398728521219,-65.70108702115715,0.005967364016171163,0.007086409529442116
0.355,0.007498529626225251,0.060745422382615454,0.20304684253575836,6.399077726813186,6.938301658801776,-0.747617227590557,-0.8138153168601434,10.28615722515083,-65.46595485616038,0.006143055317017719,0.00695407671436628
0.36,0.007822574220462864,0.06239361838503332,0.2098093952973763,6.574659260775776,7.157859298898896,-0.7681307742673187,-0.8394230503840845,14.814598110484141,-65.18689274779291,0.005731333943761809,0.008283455337239395
0.365,0.008155054915363152,0.06398545667167428,0.20901542042718466,6.752251819566169,7.378613798176531,-0.7888792730528943,-0.8651018902525607,14.34925608037122,-64.90593340651948,0.006255911598230911,0.007453483885423274
0.37,0.008446691274869415,0.06534705216015788,0.20890123672608177,6.931835928159012,7.571154137561102,-0.8098604486405779,-0.8875385527686319,9.818172037150845,-64.66063192253576,0.006367648674886161,0.007524758493661483
0.375,0.008794968278498001,0.06701880353452881,0.21585846378306237,7.1133918931330555,7.799229155778232,-0.8310720002080285,-0.9141256964449269,14.231223530968123,-64.36973789777949,0.005883017828558162,0.008776035723242787
0.38,0.009151804324563495,0.06863547820409986,0.21493388702041893,7.296899804830806,8.028363741901952,-0.8525116016695862,-0.9407656146979093,13.811090866143573,-64.07710071493824,0.0064076269137102225,0.007924291296361317
0.385,0.00946441590481758,0.07001716400010312,0.2146633406932867,7.482339539541786,8.228055730266098,-0.8741769019313467,-0.964023936511154,9.449528593809461,-63.82180502569821,0.006501733146791804,0.0077215638009497664
0.39,0.009837276394748634,0.07171607528449327,0.22181785163387827,7.669690761709377,8.464423233986716,-0.8960655251489914,-0.9915642523410497,13.747986688873553,-63.51928941256751,0.005910515440290825,0.00909231631931719
0.395,0.010218867072684072,0.07336263745875912,0.2206884341075313,7.85893292616081,8.701711779052337,-0.9181750709883222,-1.019138958848373,13.36594140385671,-63.21518954857398,0.006401715119597356,0.008038661898998411
0.4,0.010552821752874508,0.0747716457074774,0.22016469610425934,8.05004528036018,8.908358394295746,-0.9405031148884849,-1.0431959870013827,9.161567787904914,-62.95009008366388,0.006470766327301715,0.008097095255646648
0.405,0.010950747481055085,0.07650181997652404,0.2273954558765359,8.243006866684228,9.152785166691444,-0.9630472083278536,-1.0716622961797384,13.346173097619157,-62.63618183965653,0.005840041824999676,0.009595866597136578
0.41,0.011357522516012044,0.07816958479434954,0.2259655900470207,8.437796524720513,9.397993552531698,-0.9858048790925319,-1.100144578182551,13.001826658117906,-62.320852897118414,0.0063724346299761985,0.008657490024420485
0.415,0.011713133861738948,0.07958872828356992,0.22524670093618918,8.63439289358796,9.611390727370312,-1.0087736315474654,-1.1249765713851048,8.95201951819638,-62.04615643931382,0.006536648940619656,0.008921078771906541
0.42,0.01213638046738608,0.08132859591438345,0.23272065624984467,8.832774414279285,9.863635649753784,-1.0319509469101138,-1.1543407812073099,13.033676855173383,-61.72110347957144,0.006050487314203423,0.010519760559139358
0.425,0.01256852128195579,0.08300463891794785,0.23121260830340024,9.032919332025186,10.116521937578167,-1.0553342835266621,-1.1837025302020265,12.72716238593381,-61.39479813933681,0.006757094344152431,0.009804577889434642
0.43,0.012945919719891712,0.08443676848672961,0.23042438625643483,9.234805698680002,10.336459240958355,-1.0789210771507445,-1.2092849823036715,8.820659046794546,-61.11072762864046,0.00701023878381567,0.00973233703212361
0.435,0.013394670182623606,0.08619709836421989,0.2380850088516131,9.43841137512858,10.596273296878651,-1.102708741224641,-1.239518113889659,12.79885316613364,-60.7747976439876,0.0064652540376555845,0.011395039963162582
0.44,0.013852443719910285,0.08789801380301852,0.23634317235937416,9.643714033714069,10.856587810576485,-1.1266946671629234,-1.269730353402224,12.520926308779224,-60.43778834373901,0.007003594523706208,0.010287015605210979
0.445,0.014251903656418147,0.08934757731128985,0.23525277230041727,9.850691160686399,11.082848189900295,-1.1508762246385154,-1.2960380176574517,8.748996251678946,-60.14458388269803,0.006985826503306262,0.010197095340520688
0.45,0.014726483441985627,0.09112357651639609,0.24300807360315324,10.059320058671187,11.349974976469419,-1.175250761871139,-1.3271102345625536,12.627668004136027,-59.79806438976357,0.006119953678673306,0.011600317911751087
0.455,0.015210150287339737,0.09283455887849991,0.24104330133405225,10.26957784915873,11.617461006889057,-1.1998156059181102,-1.358143148799826,12.380017734206405,-59.45064307370693,0.00638925944582095,0.010267634130415442
0.46,0.015631835554584934,0.09428881252719319,0.23978371979547894,10.481441475012907,11.849821180292098,-1.2245680629674582,-1.385150062746277,8.738670424454298,-59.1485619787554,0.006258045656892504,0.01039605486072126
0.465,0.016132353879693653,0.09606913953045909,0.24774965744581956,10.694887702999663,12.123997130816226,-1.2495054186333332,-1.4170307004792733,12.523926904791054,-58.79176066764731,0.005516561397390868,0.011980624191420578
0.47,0.01664196976292268,0.09777678225204674,0.24566490665282376,10.909893126334781,12.398390534979113,-1.2746249382536687,-1.4488536637145444,12.306864029446032,-58.43423994738136,0.006252057015961078,0.011294185438698564
0.475,0.017085885870697634,0.0992285751202821,0.24436677645615296,11.126434167250691,12.636621215900735,-1.2999238671900655,-1.4765331747714185,8.78969501659428,-58.123556945483514,0.0067287072350307175,0.011360082068574702
0.48,0.017612335901249554,0.10100974004087886,0.252603519539954,11.344487079582072,12.917575917239649,-1.3253994311298738,-1.5091907709982024,12.485553830728406,-57.7568018014682,0.006444627941328134,0.013383078481981182
0.485,0.018147911121772244,0.10272489760547514,0.2504156674290566,11.564027951369848,13.198605355870502,-1.351048836390424,-1.5417723778052164,12.293056663024629,-57.38951515510384,0.007169183030293186,0.01272802586084182
0.49,0.018614118894144764,0.10418877613398991,0.24892433809930334,11.78503270748342,13.442472512856758,-1.3768692702253857,-1.570097169627502,8.89003095463336,-57.07052106879772,0.007306023462117084,0.012245480653363436
0.495,0.019166648315614373,0.10598602992361864,0.25722803567071373,12.007477112260803,13.729927287726941,-1.402857901133221,-1.6034994952448187,12.495039562724585,-56.69416277676943,0.006216992696851965,0.014155290862906138
0.5,0.01972841662792072,0.10772586266789667,0.2547159582910602,12.231336772166276,14.017317365161317,-1.4290118791676842,-1.6368075915092106,12.321440440637502,-56.31746064254382,0.006290514098586664,0.012935040716140662
0.505,0.02021713924137489,0.10919572146482041,0.25277893344293056,12.456587138465459,14.266577681599264,-1.4553283362503548,-1.6657497110067254,9.028943247666348,-55.99046896214646,0.006059604930448075,0.012856108773386164
0.51,0.020795948346382237,0.11098854083561088,0.26117030028444965,12.683203509917359,14.560251071556285,-1.4818043864851556,-1.6998638019385908,12.549953272772925,-55.60487370923896,0.005157333860911406,0.014746050497702737
0.515,0.02138389378817346,0.11270109051375975,0.25852495845230616,12.911161035483111,14.85371628766715,-1.5084371264748204,-1.7338655166149124,12.404216286768758,-55.21913210958932,0.006028389337908147,0.013829685238254633
0.52,0.021894943771777052,0.11415011061999883,0.2567206209112895,13.140434717051173,15.108125063314155,-1.5352236356392839,-1.7633964013942034,9.220968440459501,-54.88446835480189,0.0064511035387991205,0.014349778695668303
0.525,0.022499716208727386,0.11593114674359158,0.2654962021180813,13.370999412178698,15.407727002711578,-1.5621609765359612,-1.798188591170657,12.662568490076964,-54.49002607060655,0.006245444700509517,0.016102680569883194
0.53,0.0231136225714441,0.11765021309186799,0.2627952126856118,13.602829836848633,15.706977620745949,-1.5892461951818668,-1.8328503686486783,12.535024413733922,-54.0956387323004,0.006937839474784187,0.015279392439212284
0.535,0.02364696739756122,0.1191103060673263,0.26070711278826675,13.835900568242415,15.966286283147644,-1.6164763213775521,-1.8629408752333063,9.449763771261075,-53.753643973445044,0.007024799284374468,0.014504854512533924
0.54,0.024277800289031766,0.12090151642891704,0.26945513621334705,14.070186047527885,16.271518489285953,-1.6438483690328254,-1.8983768281626965,12.809150130836159,-53.35076794176923,0.005880000688897256,0.015939183690744305
0.545,0.024917838622001594,0.12263627659992085,0.26639102502333767,14.30566058266209,16.57626067534972,-1.671359336494207,-1.9336644614484442,12.69708811624227,-52.948146150147075,0.005937327216386429,0.01458947682860662
0.55,0.02547360414285728,0.12409276077575172,0.263854138204394,14.54229835120867,16.840208799167872,-1.6990062068740914,-1.964284894237636,9.708471726284841,-52.599188120454755,0.005597508193757971,0.014823730120238578
0.555,0.026130537869676458,0.12586367331032164,0.2726928186271518,14.780073403169663,17.15077384241641,-1.7267859483815924,-2.000329639304965,12.993292278560219,-52.18830239628352,0.004759842645655449,0.01708580063369021
0.56,0.026796464510277347,0.12754478723689633,0.2695757073151579,15.018959663831131,17.46070553030725,-1.7546955146550036,-2.0362083038225194,12.90675056506683,-51.777880688086775,0.005754462176044263,0.017021671735071593
0.565,0.02737419002386967,0.12895762971232094,0.26738096876764134,15.25893093662259,17.729034848064984,-1.782731845095871,-2.0673284440693465,10.015098270678365,-51.42233428343072,0.006355167283872598,0.017451102771199663
0.57,0.02805657944900651,0.13070875545872543,0.276774405197805,15.499960905989747,18.044624860459887,-1.8108918652046204,-2.10394640945691,13.22825386665626,-51.00388922189086,0.0061840607259791925,0.0193515268508769
0.575,0.028747986782932725,0.1324099006086067,0.27360653643301935,15.742023140280303,18.359440581790487,-1.839172486917713,-2.1403806972106167,13.152800963160459,-50.58611851839381,0.006643526079803792,0.018309546613039233
0.58,0.02934767648489733,0.13385056303384119,0.2708734753381235,15.985091094642469,18.63188624792246,-1.867570608946284,-2.1719698331137067,10.343357837319218,-50.224377734125845,0.00624649975536094,0.01729238495067276
0.585,0.030055811799932518,0.13562267121244823,0.2799296065540877,16.229138113935928,18.95218920484494,-1.8960831171162356,-2.209124881323504,13.479239409379403,-49.798841040241946,0.0046540921226237465,0.018514908174942432
0.59,0.030773011145904708,0.1373217201150944,0.27615331046756536,16.47413743565485,19.271578585031975,-1.9247068847097393,-2.2460788361368316,13.417808029091276,-49.37419044696689,0.004404857196776753,0.01750996234569957
0.595,0.031394717141005356,0.1387292041142297,0.27306073184769947,16.720062192862724,19.547871887298836,-1.953438772808119,-2.278105793082574,10.696897411074332,-49.00666433660766,0.004306880072104611,0.017956748815911673
0.6,0.032128268727089036,0.14043577182130926,0.28243702060999104,16.966885417138595,19.872571905533277,-1.9822756306360652,-2.3157612565911165,13.769805873745057,-48.57452027448919,0.004308907281304211,0.020551243819353332
0.605,0.03287054589549229,0.14207481404134065,0.2790422696521545,17.21458004153448,20.196217915884823,-2.0112142959071555,-2.3531984093707763,13.72885341407546,-48.14347912906757,0.005644169781175894,0.020904061275856853
0.61,0.03351357507853961,0.14346467266471397,0.27627625569141817,17.463118903543542,20.476089396649158,-2.0402515951706333,-2.3856315805161046,11.088803268551644,-47.77058705288164,0.006605930262569646,0.020628914083432384
0.615,0.0342719867121716,0.14518195710568813,0.285791667165775,17.712474748078794,20.804862907783093,-2.0693843441594137,-2.4237502978821226,14.090251251684705,-47.33234132070639,0.006066871325544278,0.022422930269576577
0.62,0.03503923004918601,0.1468444778428499,0.28187014589357756,17.96262023046189,21.13244946510291,-2.0986093481392745,-2.46163370259373,14.057211396175617,-46.89540804024254,0.005756896143032231,0.02063883728438146
0.625,0.03570372584621512,0.1482378220802939,0.27839684210988414,18.21352791942181,21.415616506305554,-2.1279234022591935,-2.494441080403334,11.492957190587873,-46.51759658009787,0.004922307097379725,0.01968496358233502
0.63,0.03648719160424867,0.14994964143664957,0.2877272176995759,18.46517030010298,21.748145316818093,-2.157323291902796,-2.532985433086907,14.426419881335164,-46.07375741799402,0.002884894945843878,0.021604879141906008
0.635,0.037279290929820255,0.1515488347230222,0.28338753676027434,18.71751977708261,22.07934577907339,-2.186805793040877,-2.571277703509992,14.411126705241344,-45.63145498302628,0.003005872307267094,0.021305865360083713
0.64,0.0379647507316585,0.15286664647460335,0.28017160247711853,18.970548677396827,22.365532643806944,-2.2163676725849486,-2.6044269110579137,11.928578717170083,-45.24916929704177,0.003404342358212864,0.02234852823056803
0.645,0.038772261719485314,0.15450303664388768,0.2902233016463904,19.22422925357534,22.701485429456675,-2.2460056887417874,-2.6433588604157308,14.804675928516218,-44.80027271358937,0.003736364097097723,0.025049114851855486
0.65,0.03958819080126637,0.15608880968205932,0.28630867308928176,19.478533686684248,23.035974648584663,-2.275716591368931,-2.6820222065883854,14.799422291811297,-44.353131043568055,0.005312708376951373,0.024527977582787634
0.655,0.04029411678907748,0.15742768253446784,0.282783836217294,19.7334340893767,23.32489822928743,-2.305497122331094,-2.7154805295345454,12.383559878991036,-43.96683417323498,0.005816662330954543,0.023406170474791325
0.66,0.041125649271336155,0.15909538445817828,0.2923936221480295,19.9889025089511,23.663943308251717,-2.335344015857463,-2.754761654425238,15.190793317837617,-43.513425242758196,0.004463066403104595,0.024324822353826957
0.665,0.041965740844916805,0.16070154078978094,0.2875783353199794,20.24491093041635,24.001391047964503,-2.3652539988998167,-2.793757920367824,15.191279121338852,-43.061989591016754,0.003617845839067916,0.02289914568482771
0.67,0.042692376827777385,0.1620185744266673,0.2832438615105191,20.501431279564084,24.292766774316004,-2.395223791491459,-2.827492339506165,12.846228944749967,-42.67215343286288,0.002857531299095908,0.023071416446355814
0.675,0.04354782483255675,0.16361828044267554,0.29281955376243257,20.75843542604732,24.634569905055635,-2.4252501071069066,-2.8670838742890794,15.595918226094668,-42.21478847536726,0.001613679537666675,0.02634964758193627
0.68,0.044411349449763625,0.1651206897515452,0.28820430251263557,21.015895186465197,24.974642785490182,-2.4553296530222837,-2.9063745753745422,15.614652890872208,-41.759615776538766,0.002425249877885032,0.02679962167085103
0.685,0.045157671420307625,0.16637177131476383,0.28450646385268213,21.27378232745368,25.268182717248454,-2.4854591306764147,-2.940351798766244,13.340233474268459,-41.366722939628275,0.0034873593204834985,0.02694471561044373
0.69,0.04603579114663915,0.16792034678244655,0.2945779825472506,21.532068568781657,25.612403325988765,-2.515635236032549,-2.98021467121481,16.032931126741815,-40.90597383990935,0.003674669455592454,0.028420824020600532
0.695,0.046921810272005926,0.16940152831780178,0.2899936421748617,21.790725586452126,25.954769135674585,-2.5458546599406784,-3.0197610321895354,16.059966123053442,-40.44762563293132,0.004366069372738259,0.025866399011243775
0.7,0.04768735985258496,0.17063932570363827,0.2859629730217351,22.0497250158083,26.250182804523956,-2.5761140885004297,-3.053947528508502,13.84802476159949,-40.052167365258505,0.0038902476643750583,0.02454828774530922
0.705,0.04858785228937257,0.17217771735117005,0.2958682277272266,22.3090384546441,26.596485570896323,-2.606410203424469,-3.0940423989375745,16.480770037742047,-39.58860420262371,0.0018441163549356382,0.02651228859529137
0.71,0.04949600020763435,0.17357464850101204,0.29077516582758645,22.56863746631876,26.94080147681882,-2.636739682402389,-3.1338053925089184,16.52095666866515,-39.12766213631937,0.001044191031570944,0.02687287408598525
0.715,0.050280099984131466,0.17473875203462919,0.28709926974475514,22.828493582875225,27.237799534785495,-2.667099199465037,-3.1681674238387245,14.374632392586662,-38.730132236312876,0.0005344156035745657,0.028124744172408712
0.72,0.05120192275259737,0.1762222402780307,0.29752130094237195,23.08857830816201,27.585840002190626,-2.6974854253492464,-3.2084547233719434,16.953154410834486,-38.264342395621995,-0.00011659435268389027,0.031631557511872826
0.725,0.05213114304127339,0.17757456777325656,0.2924489056312768,23.34886312095811,27.931770029434354,-2.7278950278629286,-3.248395108030678,17.001728128755076,-37.80138248256848,0.0014874751740156483,0.030696990016564202
0.73,0.05293315064545408,0.17870398944505722,0.2886649347461963,23.60931947810063,28.23005556379359,-2.7583246722504806,-3.2828987630907704,14.914369900789339,-37.40228851380534,0.0023126926947149525,0.029687147951778403
0.735,0.053875701164360516,0.1801685856618066,0.29911051274708444,23.86991881761496,28.57949313716933,-2.7887710215584858,-3.323338732993534,17.436762556588874,-36.93485720183056,0.002328055041420927,0.03041506320564553
0.74,0.054825715740587554,0.1815510161792754,0.2935960055505638,24.130632561846827,28.926692472180033,-2.8192307370016443,-3.3634170925789704,17.48620190310882,-36.470470700741735,0.0029151084133433014,0.02896922547362367
0.745,0.05564557815740605,0.18265868262860332,0.28875617713190466,24.391432120596185,29.225975983791137,-2.8497004783289053,-3.3980283205450235,15.45626839133547,-36.07031187041016,0.00212549658073101,0.02946230471787278
0.75,0.056608699422667906,0.18405871281941186,0.2989828746844179,24.652288894252493,29.57646236321506,-2.8801769041897725,-3.4385810515901767,17.92601688946212,-35.60183714501688,-0.0001689931455936688,0.03221834531941087
0.755,0.05757897640735049,0.1854002694895923,0.2934808169144138,24.913174276930924,29.924589736352306,-2.91065667250071,-3.47875783352697,17.982302233970387,-35.13661189252357,-0.0011883117390193477,0.03237368053727484
0.76,0.0584160674867986,0.18647917043989623,0.28836899122408716,25.17405965960936,30.224573876241802,-2.9411364408116487,-3.513442477139961,16.008213908948832,-34.73589943923333,-0.001026658899028571,0.03183172736292619
0.765,0.05939898806205101,0.18779444755735647,0.29841540937119027,25.43491643326566,30.575764970986334,-2.9716128666725146,-3.554067948490257,18.427883719071218,-34.26697417477754,-0.0011671152615221959,0.03371301006146423
0.77,0.06038858219532248,0.18904270615836427,0.29313084837259507,25.69571599201502,30.924477097318725,-3.0020826079997764,-3.5943035031343413,18.49429365799702,-33.80150113101726,0.00045616210683008517,0.03221398205378661
0.775,0.061241909010168336,0.1900694280343117,0.28834518638020074,25.95642973624689,31.22486554615645,-3.0325423234429345,-3.6290273330012326,16.575050981353513,-33.40074472848221,0.0012062417885035748,0.03186290425116037
0.78,0.06224353297440802,0.1913399357668548,0.2984711983696535,26.21702907576121,31.57641468090263,-3.0629886727509397,-3.6696854524102775,18.94291037962482,-32.93196487098898,0.0002298244458282833,0.03486052690005142
0.785,0.06325161057951206,0.19255473849920424,0.2929262128390059,26.47748543290374,31.92536768036355,-3.0934183171384926,-3.709940072212447,19.01384260701974,-32.46683482697593,-0.0004795214526795795,0.03467368526373396
0.79,0.06412072357968447,0.1935789239530967,0.28773080041640053,26.73777024569984,32.22586176077482,-3.1238279196521743,-3.7446688200178073,17.144326704067467,-32.06654621746083,-0.001698687452633304,0.034362460876006064
0.795,0.0651407359776244,0.19483515536770904,0.29728523205341895,26.99785497098662,32.57742174198961,-3.1542141455363835,-3.7853194626270295,19.45849355368712,-31.598506564894524,-0.003318393236002715,0.03551759301619079
0.8,0.06616697580628617,0.19598038951104502,0.29104064887927455,27.257711087543083,32.92627339276379,-3.1845736625990306,-3.825553420950712,19.536222570959055,-31.13430568610379,-0.002749830479728727,0.033200048598436914
0.805,0.06705119193388855,0.19688883623772901,0.2857788252356761,27.517310099217752,33.226578081693695,-3.2149031415769516,-3.8602528136417504,17.722624800163686,-30.73498913487277,-0.0022256624493550443,0.03260597012888114
0.81,0.06808819200463032,0.1980296191014914,0.2960421740753421,27.776623538053546,33.57780241777324,-3.2451992565009906,-3.9008558623776537,19.99153197039786,-30.2682803254877,-0.001752723143920636,0.03551780674506191
0.815,0.06913094505882929,0.19909412684367386,0.29029899178807245,28.035622967409715,33.92620376747029,-3.2754586850607414,-3.9410294534294223,20.075641501386315,-29.805600590526243,-0.0006755362239053591,0.03695936392825327
0.82,0.07002905130755606,0.19996139463000162,0.2851337535996571,28.294279985080188,34.226023834074496,-3.3056781089688716,-3.975665246920812,18.310274564028276,-29.407757196397284,-0.0010673100437884225,0.03851197956582811
0.825,0.07108216368784853,0.20110856337946192,0.295221196104741,28.55256622640816,34.576568674574425,-3.335854214325005,-4.016180631338045,20.526625352133564,-28.9429617128888,-0.0030404872536421886,0.040330799286268794
0.83,0.07214116707322647,0.2022085721394923,0.2885075343892918,28.810453367396644,34.924177701525544,-3.3659836919791366,-4.056254208348207,20.608650988681788,-28.482380525948955,-0.00431556112241717,0.037513942396182935
0.835,0.07305322802340489,0.20304418859411166,0.2819775933309996,29.067913127814528,35.22321640268072,-3.3960632378945137,-4.090792221151219,18.89070321094603,-28.08650894936939,-0.004933583171845533,0.03501593121639283
0.84,0.07412216524296826,0.20406396087025153,0.29165242089893934,29.324917274297757,35.572729973748274,-3.4260895535099607,-4.131179957467623,21.062767010561203,-27.624214577572328,-0.0053308209035638175,0.03520183949006327
0.845,0.07519616833979227,0.20498844132292207,0.2854466204560454,29.581437623445492,35.919204482634754,-3.4560593461016036,-4.1711139729008835,21.156402850490522,-27.166303466074904,-0.003908570118554091,0.03480044897315946
0.85,0.07612038000574846,0.20569865482059316,0.2800223645527622,29.83744604491075,36.21716721056953,-3.485969329143958,-4.205520120414008,19.48832369546612,-26.772893767837164,-0.0025063683318258837,0.03696687026270194
0.855,0.07720291692993426,0.20661929383698496,0.29042325955281456,30.09291446448514,36.565307758249354,-3.5158162226703262,-4.245740350973307,21.616492997014333,-26.313667357648775,-0.002340566492031898,0.04233100588931297
0.86,0.07829022133431911,0.20752181136392062,0.2844649268068582,30.347814867177593,36.9103056959256,-3.545596753632489,-4.285495394655783,21.710731754566865,-25.858990331071738,-0.0029800597035698566,0.043039104121321566
0.865,0.07922592196359295,0.2082741713725881,0.2783646245533524,30.602119300286507,37.20689811255693,-3.5753076562596333,-4.319735721878345,20.081191608738706,-25.46852556141431,-0.004189637868067771,0.04167346704464386
0.87,0.08032220681034732,0.20926771456523097,0.28745264318946956,30.855799876465017,37.55332177242503,-3.6049456724164717,-4.359748753853324,22.154766935973186,-25.012928762680033,-0.006866678556622759,0.040380562703723866
0.875,0.08142328003843083,0.21010701314782693,0.2795772896702546,31.108828776779234,37.8965019740153,-3.6345075519605428,-4.399285592269962,22.251993435651357,-24.56204011433426,-0.007111493698893996,0.03579949932254204
0.88,0.08237026403958234,0.2107242739470623,0.27311529474195906,31.361178253758865,38.19143418606206,-3.6639900530986242,-4.433326308342373,20.671123921145863,-24.174989566321656,-0.006543566882705339,0.03435982515472367
0.885,0.08347878391644967,0.2115099398004701,0.28286207089138904,31.61282063444004,38.53579913090629,-3.6933899427422276,-4.473092654067614,22.707200307295253,-23.72357194575854,-0.0058870860577634136,0.03798195803162904
0.89,0.08459111908137884,0.21219210341172845,0.2763728885956153,31.863728323399954,38.87682363079831,-3.7227039968621454,-4.512372269424532,22.812053408708948,-23.277011985269162,-0.0036764076266415533,0.040944333123409116
0.895,0.08554726322203257,0.21273622813697415,0.2707411983704644,32.11387380578306,39.16979898455834,-3.751929000842007,-4.546179780269085,21.2726010773288,-22.893845751956817,-0.003199313422773183,0.043889334575008467
0.9,0.08666629097519113,0.21352191052301484,0.2804704253559163,32.3632296503183,39.511765355035934,-3.7810617498307875,-4.585660194880461,23.261135024813484,-22.44714384354021,-0.005055585617595449,0.04691587902068269
0.905,0.0877893457098966,0.214267662014551,0.2729387012374932,32.611768512327366,39.850297327857184,-3.8100990490942643,-4.624643822535631,23.360451659196627,-22.00544073040295,-0.006203399771692813,0.04344576528263026
0.91,0.08875490368794102,0.21483448132705601,0.26545190889600473,32.85946313672325,40.14102935682519,-3.839037714365355,-4.658184763995905,21.857832168607416,-21.62660547508326,-0.007479062998122117,0.03959562296650994
0.915,0.08988472798112544,0.21553145307163002,0.27387537234742787,33.10628636099912,40.48025963856479,-3.867874572193301,-4.697340285143753,23.802630414215898,-21.18514131957164,-0.008542412456218453,0.0376133869779428
0.92,0.09101778014795216,0.21608620908961945,0.2661788814123709,33.35221111820699,40.81596484662418,-3.89660646029168,-4.735989453322077,23.910258532225797,-20.748808161715484,-0.007393365125635428,0.036132626921130014
0.925,0.09199107911230847,0.21648890677256008,0.2597530565366991,33.59721043992592,41.10416677523463,-3.9252302278851845,-4.76923072489177,22.451921751012634,-20.374740852333886,-0.006459772582014519,0.03824694918138801
0.93,0.09312906245184074,0.21702383260976715,0.2690724106490912,33.841257459219364,41.44032625767783,-3.953742736055135,-4.808022711019589,24.358714170413137,-19.939020506266335,-0.005849423168140187,0.044129376689805516
0.935,0.09426970341046459,0.2175113459818345,0.2621620258067901,34.08432541358154,41.772873573085626,-3.9821408580837065,-4.846299277511378,24.467036540489005,-19.508553826474188,-0.005693356525033194,0.046284230091290963
0.94,0.09524940139395727,0.2179192806274976,0.2554087736806557,34.326387647872096,42.05826090960265,-4.0104214797968,-4.879208073728449,23.04252944820999,-19.139677478712166,-0.0064201736686612535,0.04595417287285652
0.945,0.09639501833898267,0.21849969152993856,0.26360389259360195,34.56741761723925,42.39101780857318,-4.038581499905549,-4.917598241457142,24.90091425722865,-18.71019009058161,-0.00835633111755661,0.04510558021510423
0.95,0.09754343709479277,0.21899380660315124,0.25493723638965593,34.80738889003071,42.72007895928507,-4.0666178303464156,-4.955464431766217,25.005928436626277,-18.286069460275456,-0.008904972062009915,0.03987779926941917
0.955,0.0985296374483298,0.21932761477032392,0.2468219933362254,35.04627515069218,43.002370059925894,-4.094527396619828,-4.988008275793277,23.61949975433754,-17.922791782134354,-0.008838860517831348,0.037179623507941274
0.96,0.09968207678949405,0.2197118141126245,0.25466626490830746,35.28405020265317,43.3313959843154,-4.122307138127328,-5.025958739016119,25.44128692824536,-17.500008309179627,-0.008424276869572082,0.03875333852513987
0.965,0.1008362438740939,0.2200022680163054,0.24700510088216612,35.520687971199756,43.6566462275097,-4.149954008507214,-5.063377184147953,25.553042956299052,-17.08269482716173,-0.006868432576777063,0.04020090110550679
0.97,0.10182659550221335,0.22019716788551982,0.24002609315317214,35.75616250633396,43.93556250613307,-4.1774649759685945,-5.095523959224209,24.204765593671326,-16.725407447830428,-0.006238617510037537,0.04319374210941808
0.975,0.10298327980955811,0.22049459621122072,0.2483339272010768,35.990447985619426,44.26053274821181,-4.204837023623868,-5.132997265254829,25.98647450600042,-16.30977973073328,-0.007341730498766913,0.04742835160046184
0.98,0.10414155680074304,0.2207982687827471,0.24046244610302525,36.2235187170132,44.581651101624885,-4.232067149819552,-5.169931037337051,26.093688909533284,-15.899715223478987,-0.008288306845929341,0.04593410023631064
0.985,0.10513552485438483,0.22100575253889407,0.2320562310893636,36.45534914168314,44.856917301192375,-4.259152368465458,-5.201649018176113,24.77602854047764,-15.548792940705308,-0.009279669135803392,0.04319844759580297
0.99,0.10629641636203545,0.22128842376922844,0.2389344818658685,36.68591383681067,45.177511153516065,-4.286089709362136,-5.238608185264354,26.513794068461195,-15.140752865051727,-0.011018740453495582,0.04093262875181666
0.995,0.10745859493404858,0.2214905253462069,0.22984903281235297,36.91518751837873,45.494180711002286,-4.3128762185266,-5.2750208353108405,26.621783036202856,-14.738359096241483,-0.010688424357332487,0.0369921333736923
1.0,0.10845528631561883,0.22154915537612171,0.22122248637552724,37.143145043944486,45.76552517656769,-4.339508958516264,-5.30627872042578,25.3411593678983,-14.394159229413521,-0.010197009938145969,0.03657000670954065
1.005,0.10961841465853672,0.22162826077139575,0.22848567973923312,37.36976141539637,46.081426252105246,-4.365985008751063,-5.342687274664456,27.04439782228431,-13.994118009143584,-0.009882376771058042,0.04037128471956604
1.01,0.11078192742208401,0.22168312032814133,0.2232474804454533,37.595011781695554,46.3933345000591,-4.392301465833734,-5.378542867919691,27.154598069189774,-13.599796013514386,-0.008812190118231962,0.04286339330035042
1.015,0.11177934398919999,0.2216968737613139,0.21826050631325514,37.818871441601026,46.660489448340066,-4.418455443868198,-5.409309809423519,25.904210395057035,-13.262657869917291,-0.008790681982632503,0.04493187609330729
1.02,0.11294341006315332,0.2218390887025076,0.22840662471951695,38.04131584637839,46.97138599153295,-4.4444440747760305,-5.4451318196533975,27.561903435743773,-12.871005471285118,-0.010075961677000441,0.04719773620300884
1.025,0.11410824129929355,0.2219663920848545,0.2223435492883953,38.26232060249197,47.2782251141131,-4.470264508610993,-5.480394970617937,27.664156257717252,-12.485135032446722,-0.010684883817516042,0.04412919971148561
1.03,0.115107048048666,0.22202335516521227,0.21638834648442862,38.48186147427974,47.54092689488547,-4.495913913871543,-5.510640605100832,26.441402110259105,-12.155379496654641,-0.011120161544704152,0.04062564471757617
1.035,0.11627285152178203,0.22216587121276607,0.225903705364771,38.69991438661111,47.84651208758631,-4.52138947781135,-5.545840719389531,28.054981694364415,-11.772484200802072,-0.011880340167993704,0.0390238560558179
1.04,0.1174391729232604,0.22221028552199143,0.2196838503167054,38.91645542752702,48.14797927114592,-4.546688406747746,-5.580476627887435,28.15613167698453,-11.39542346084751,-0.011158096022681141,0.036582417335935605
1.045,0.11843887197113925,0.22219346442103713,0.21457199042982417,39.131460850862126,48.40596862958509,-4.571807926368081,-5.610171106851993,26.965669581771976,-11.073352694767296,-0.010577047037910714,0.03699515108938337
1.05,0.11960527628526893,0.22223841919294512,0.2248763505541318,39.344907078848884,48.70594089677046,-4.596745282033956,-5.644714587142801,28.53949178853192,-10.69956079079227,-0.010772344158989514,0.040962486008655055
1.055,0.1207718070074684,0.22223448307912758,0.2197508219302568,39.556770704703055,49.00173863049914,-4.621497739083304,-5.678689071713336,28.63767734453711,-10.331645993524457,-0.010515944338647087,0.042780330951961966
1.06,0.12177162425866524,0.22222182322329648,0.2151891009307588,39.767028495190594,49.25476096293305,-4.6460625831302735,-5.70780309011505,27.47571447441628,-10.017543255860353,-0.01079442934023382,0.0438688352682076
1.065,0.1229382177617817,0.2222708335872016,0.2254340992797717,39.975657393175375,49.54882426863803,-4.670437120362896,-5.7416558458935185,29.00549584608453,-9.653178876565871,-0.012336392464933347,0.04539447613981845
1.07,0.12410487231501331,0.2222648220888608,0.22024419042537646,40.1826345201477,49.83866063606469,-4.694618677838489,-5.774935377570841,29.09863424862455,-9.294724251718302,-0.01281882652740047,0.042614138067055586
1.075,0.1251049048585262,0.2222786911757482,0.2156959540508348,40.38793717873319,50.086466239735444,-4.71860460377677,-5.803440203314722,27.96473948815121,-8.988853836069968,-0.012991453434257562,0.039814996057016785
1.08,0.12627175588713882,0.22232791125976106,0.2256099832512007,40.591542855181764,50.37433037804115,-4.742392267850667,-5.8365688260827255,29.450011097768453,-8.634218928761227,-0.013465554485421562,0.03916074776503799
1.085,0.12743878470071757,0.2223372570616866,0.22039489433957662,40.79342922183657,50.65791934438046,-4.765979061474748,-5.869120562213624,29.53735025212363,-8.285516707836617,-0.012419384725506064,0.03731227116359443
1.09,0.12843905153104004,0.2223176158853928,0.21563304635128605,40.99357413958247,50.90026366462139,-4.7893623980912965,-5.89698806471182,28.434151273469993,-7.9881239913824835,-0.011384416571549939,0.0381542544081597
1.095,0.12960600979834166,0.22233277877673055,0.22592049215005794,41.19195566027379,51.181644549009036,-4.812539713453943,-5.929359860707109,29.875856250516932,-7.643498414721353,-0.010939737160895434,0.04220817565650581
1.1,0.13077298476723456,0.22231605611386104,0.2210964573719225,41.38855202914123,51.458706247352175,-4.835508465908877,-5.9611516766582895,29.958906474101724,-7.304818969804042,-0.010595606295428928,0.0429723243612318
1.105,0.131773173055734,0.22230749046931075,0.2166459236309137,41.58334168717752,51.69535012011858,-4.858266136673556,-5.988354353875934,28.884643394798402,-7.016130571566205,-0.010693873363491056,0.04349761264169106
1.11,0.13294023723790058,0.2223817415509114,0.22681004856517453,41.77630327350155,51.969970061653385,-4.880810230112922,-6.019937375781041,30.27894247120993,-6.6817723269266605,-0.012125595882757238,0.044735526282674534
1.115,0.13410768611764812,0.22243792819830893,0.22128179497845768,41.96741562770092,52.240231065507096,-4.903138274013085,-6.050937896724008,30.353908591493493,-6.353364445141521,-0.012771355044993993,0.04229710223056471
1.12,0.13510853146428725,0.222467493346517,0.2159320488113289,42.15665779215235,52.47094095197079,-4.925247819852416,-6.077448902879723,29.308609825755653,-6.073588494864108,-0.012786600745223342,0.04052913666296717
1.125,0.136276406234653,0.22252637989410992,0.22558980309482976,42.34400901431994,52.73852893399018,-4.947136443070059,-6.108211982087283,30.65725629804271,-5.749734077577054,-0.013504451224153348,0.04011581574298361
1.13,0.1374445491894624,0.22255993146186304,0.22017074254887656,42.52944874903093,53.00172252815042,-4.968801743331821,-6.138390614300221,30.72771542610853,-5.431825349548372,-0.012888882311858434,0.03740089523653048
1.135,0.13844585239987353,0.22255173780169854,0.21502596749791178,42.71295666072867,53.22627074506879,-4.990241344793378,-6.164183786355011,29.714033900299782,-5.161151856114927,-0.012535746535048908,0.03633470874794948
1.14,0.1396140788947692,0.2225871152715548,0.22508738178318285,42.894512625702696,53.48656269007444,-5.011452896360827,-6.194096563608582,31.01720037717753,-4.848016724563774,-0.012762286229819467,0.03816503869224305
1.145,0.14078248879413358,0.22259454944510232,0.21991376588787398,43.07409673429554,53.74242913413709,-5.03243407194851,-6.2234235245561536,31.083072956094384,-4.540814047206759,-0.01189346670594855,0.03882917639596917
1.15,0.14178386694918832,0.22255798239949093,0.21505258688301715,43.25168929308594,53.96059407993166,-5.053182570734086,-6.248473407761281,30.100423310931987,-4.279415360898144,-0.011811015427105265,0.040031535543975594
1.155,0.14295212964627407,0.2225962094347615,0.225441062063578,43.42727082704852,54.213333112004214,-5.073696117410847,-6.277506362662649,31.357067756812967,-3.9771945122207875,-0.01212609893825991,0.042740310745625246
1.16,0.14412060420480038,0.22261221969088865,0.220230742245832,43.60082208168948,54.46161989729129,-5.093972462437235,-6.305952710047507,31.416995999377576,-3.680884697448665,-0.01187529980225627,0.04261222870388489
1.165,0.1451221519563875,0.22261394564761366,0.21526300557175532,43.772324025158014,54.67318626957405,-5.114009382283525,-6.330234583087247,30.463446316990158,-3.428916065043831,-0.012139108323149498,0.04206552681985949
1.17,0.14629087525511064,0.22270594791954296,0.22518619663068473,43.94175785033334,54.918122965482176,-5.133804679675658,-6.358359063530656,31.67133040596839,-3.1377847185617043,-0.01278513068668318,0.042353510277710046
1.175,0.14746004740820456,0.22276086616245658,0.2193028549654146,44.109104976887195,55.15858506251062,-5.153356183836203,-6.385896724204656,31.724309461148977,-2.8525352036753784,-0.012933261246596427,0.040201996668565554
1.18,0.1484622860821186,0.2227668730764667,0.21381603252586584,44.27434705332133,55.363344070568075,-5.172661750722404,-6.409386623826094,30.801589805007424,-2.610135404481042,-0.012988987586668653,0.03856148986612865
1.185,0.14963177842462422,0.22284263574862329,0.22362794017788915,44.43746595897994,55.60023670711932,-5.191719263261298,-6.436574874431699,31.962365736975727,-2.3302497739439048,-0.01325943641978312,0.03873437088729837
1.19,0.1508015682306972,0.2228606606715496,0.2178677465443305,44.598443806036855,55.83263680856603,-5.210526631581877,-6.463176672139298,32.01076027966158,-2.056209417925661,-0.012622469349419936,0.03747828797585644
1.195,0.15180418477308888,0.22283927163040668,0.2127603125550785,44.757262941457064,56.0303863798934,-5.229081793244262,-6.485851416712194,31.119659766099517,-1.8235014737238764,-0.01206006092865725,0.03712474934194319
1.2,0.15297393134685075,0.22287080210809396,0.2228610686399733,44.913905948932666,56.25900117283766,-5.247382713465883,-6.512076605998459,32.23407067924005,-1.5549996247677829,-0.011943700781588955,0.0389744679879589
1.205,0.15414380254458407,0.22286702498234753,0.2175986224165732,45.068355650792675,56.48310992829512,-5.265427385344602,-6.537716287983187,32.277162350560346,-1.2922995856474895,-0.011029943792534821,0.038923865230522735
1.21,0.15514643692891675,0.22283953293097217,0.21274040177527173,45.22059510988678,56.67365490833382,-5.283213830078803,-6.55955350024783,31.416824276441048,-1.06939153739153,-0.010683702409988229,0.039279788484188005
1.215,0.15631617410649198,0.22286381939728397,0.22291135560130312,45.370607631442724,56.8937662427721,-5.300740097184388,-6.584789747051076,32.48354457731412,-0.8123943205449002,-0.010846192177984807,0.04087871435945646
1.22,0.15748598876442943,0.22285809596344827,0.21773492769533973,45.51837676489703,57.10936248409164,-5.318004264708664,-6.609442009966983,32.52057372609792,-0.5611490054812744,-0.010501895092564663,0.03974853851408747
1.225,0.15848865246412738,0.2228592088789141,0.21290458244716418,45.663886305698995,57.2925148279297,-5.335004439441112,-6.630420139182405,31.69019669282629,-0.34813474959204527,-0.010691215218859643,0.03895568084196971
1.23,0.1596586488666899,0.22293689191392346,0.2227365562479257,45.807120297087735,57.503905480373746,-5.351738757120999,-6.654642538351709,32.707052029268354,-0.10274679824301991,-0.01121836572619415,0.03918863004083694
1.235,0.16082901158179633,0.22298369297321144,0.21690932105020103,45.948063031842004,57.71077643977795,-5.368205382641814,-6.678283053402595,32.73644131892473,0.13694512688644878,-0.011254383308216187,0.03724137246567497
1.24,0.16183232437677206,0.2230107333005469,0.21141294912058692,46.08669905400264,57.88635539788392,-5.384402510252503,-6.698381396712847,31.936782214258713,0.33998495436625653,-0.011328974936346799,0.03618687878651079
1.245,0.16300311904183706,0.2230836749653379,0.22088276635426174,46.22301316056753,58.08881675101046,-5.400328363755501,-6.721566043706048,32.904683572472294,0.5736741732272161,-0.011557296202076815,0.036461051183887906
1.25,0.164174236479519,0.22311980983057225,0.21504088291758544,46.35699040315878,58.28675827174438,-5.415981196701505,-6.744171480608912,32.92814655379229,0.8017287253399719,-0.011330213069653908,0.03507742520925066
1.255,0.16517809800619962,0.22311857617241238,0.2096033788988812,46.488616089661946,58.45459056888501,-5.431359292580988,-6.76337020342325,32.16065724455572,0.9947258250573636,-0.010927588503486685,0.034895804393248894
1.26,0.166349356032195,0.2231552094201361,0.2193573000656108,46.61787578583721,58.647922817905545,-5.4464609650124425,-6.78549421783211,33.080149555193515,1.216640916891782,-0.011009080200544922,0.03624758951760233
1.265,0.1675207358162262,0.22314532740883206,0.21390153517958638,46.744755316902264,58.836739555814,-5.461284557927306,-6.807042267770555,33.09837783969667,1.4329876971594224,-0.010513170655621693,0.0359928639047054
1.27,0.16852458274941293,0.2230963745697176,0.20898205068096942,46.86924076908674,58.99665956192155,-5.475828445751569,-6.8253224232440175,32.36317587087504,1.6158851511151742,-0.010026317683805634,0.03630385093524174
1.275,0.16969567226457147,0.2231194555388639,0.2192984365618857,46.99131849115796,59.180671911330954,-5.4900910335840365,-6.846363971279118,33.23355767839642,1.8259636662559728,-0.010158944527509935,0.03734653825360148
1.28,0.17086694340934472,0.22314087432798893,0.21401690912774127,47.11097509591802,59.360177527045465,-5.504070757371228,-6.866833368876087,33.244408053933626,2.030544732155649,-0.009471816120862524,0.03654693787946891
1.285,0.17187090086568843,0.22313649499306784,0.20873890919862942,47.22819746167181,59.51202742041165,-5.517766084078893,-6.884176916669816,32.539559256998785,2.2032960266025086,-0.009265672914318632,0.036093898415977176
1.29,0.1730423486461386,0.22320401261783768,0.21852136252778534,47.342972733665924,59.68653827233179,-5.531175511860125,-6.904115232863887,33.35883380098606,2.4014873115055693,-0.00962454438586244,0.036369669203235734
1.295,0.17421410427100378,0.22323164945203597,0.21268566102478648,47.45528832549841,59.85655561555422,-5.544297570220059,-6.923485777287226,33.362893185671396,2.5942560322244574,-0.009381497860908035,0.03525992660169129
1.3,0.17521846002209215,0.22322124978819796,0.20729180574150466,47.56513192049894,60.000185538581164,-5.5571308201771235,-6.9398756014123535,32.6899757180733,2.7568240686548933,-0.009641202794124526,0.034367066135761536
1.305,0.17639038198889886,0.22329297166464307,0.21710992854224465,47.672491473079475,60.16502267166113,-5.569673854420841,-6.958691009058072,33.458559727566694,2.94308810604133,-0.00998836016122672,0.03432060619006308
1.31,0.1775625852437998,0.22331202997025265,0.21118296180289764,47.777355210055276,60.32538395552537,-5.581925297466161,-6.976943583930705,33.4560345056678,3.1240080099129983,-0.00989970392561439,0.0330750999855895
1.315,0.17856729494148715,0.22329734608135754,0.20585050904666502,47.879711631935855,60.46065216258626,-5.593883805804293,-6.99236350962795,32.815167701668216,3.276364113003961,-0.010042970248867807,0.03209577499890573
1.32,0.17973961318503864,0.22336327747539989,0.215687796244047,47.979549514186104,60.615652902228064,-5.6055480680500365,-7.010037440219293,33.53281376917667,3.4506703625974033,-0.010107673108927925,0.032469052627404835
1.325,0.18091217764777628,0.22337626395475424,0.20979397396886687,48.07685790845716,60.766199869287064,-5.616916805085591,-7.027154032473561,33.52349439384392,3.6197139891295222,-0.01006212433004344,0.03159011023733633
1.33,0.1819171812232852,0.22335844664937032,0.20450106735819912,48.17162614378704,60.89297286693717,-5.6279887702008295,-7.041588842157324,32.91482720160393,3.761836921128605,-0.009771827189225991,0.031086092939568027
1.335,0.1830897884307814,0.22340558776310218,0.21434928350962631,48.26384382777078,61.03798424615651,-5.638762749230005,-7.058103853655211,33.58128709856206,3.9241631709497433,-0.00970929420614892,0.03192597991022468
1.34,0.18426251362921978,0.22339869612923502,0.20865094831097356,48.35350084770015,61.178568324813334,-5.649237560684906,-7.074067571277794,33.56527531403765,4.081310936583684,-0.009314712491484241,0.03124443783075929
1.345,0.18526762955415096,0.22338191579002853,0.20357763142298713,48.44058737167256,61.29672100349116,-5.659412055884416,-7.087503019523865,32.98887876514229,4.213185926113084,-0.008786061877604934,0.0309559459142698
1.35,0.18644035204298,0.22342182453747236,0.21340374363312398,48.52509384966929,61.43159991364711,-5.669285119080481,-7.1028428135952595,33.6034164037862,4.363517163767074,-0.008754743972717152,0.03171812970350368
1.355,0.18761316246278187,0.22341308232659712,0.2077802932484618,48.60701101460272,61.56208236449106,-5.678855667580461,-7.117637902314328,33.58020753086555,4.508756250937012,-0.008173856624101864,0.031021175627299943
1.36,0.18861833767192743,0.22338863373901457,0.20272122262183018,48.68632988333258,61.67149812182748,-5.688122651865862,-7.130060729951623,33.03649543694546,4.630374045031964,-0.007780253317954811,0.030749397389707972
1.365,0.18979108578490972,0.22342291767729225,0.21263228456516198,48.7630417576511,61.79611145370038,-5.697085055707431,-7.14421016806233,33.5984959479737,4.768701359677152,-0.0077463321069351386,0.0312667407899114
1.37,0.19096394273881015,0.22342341297794055,0.20707272188597772,48.83713822523677,61.916363506252644,-5.705741896276586,-7.157822026905336,33.56777614412485,4.90202463964377,-0.007181292155194292,0.03048381798104243
1.375,0.19196917443813785,0.22339688762333265,0.20190091381633504,48.90861116057695,62.016934362036785,-5.714092224253207,-7.1692199740990645,33.056984970852426,5.013380587488516,-0.006954892401300433,0.03014282190330629
1.38,0.1931419912090723,0.22343685431916696,0.2118314161058199,48.97745272585883,62.131159137214375,-5.72213512392973,-7.1821650924599965,33.56561553425598,5.139700112052598,-0.006927438695012932,0.03035408726003199
1.385,0.1943149535924737,0.22344505363795794,0.20619896856638936,49.043655371829026,62.241062117145255,-5.729869713311573,-7.194580288166264,33.52732099804291,5.261105110970075,-0.00651671245083603,0.029595629026815177
1.39,0.19532028779682614,0.22341718189506038,0.20092726236140387,49.10721183862135,62.33268881998624,-5.737295144213848,-7.204942106518956,33.04984372215722,5.362198287302675,-0.006484461031815963,0.029139821093712936
1.395,0.1964932481283995,0.2234661823910292,0.2108645572339926,49.16811515655302,62.43641231231787,-5.744410602354378,-7.216670129860461,33.50437527961273,5.47651018980056,-0.0063785482549231325,0.02915142729537326
1.4,0.19766635385829978,0.22345632202576196,0.2051132101566289,49.226358646888905,62.53585775860312,-5.751215307442996,-7.227876410134996,33.45876883679804,5.585998106276826,-0.006207220608536602,0.02838399755315443
1.405,0.1986715003305368,0.22332766693084372,0.20004124267496562,49.28193592257393,62.618449884197176,-5.757708513267105,-7.237191873778784,33.01612959897335,5.676830481858488,-0.006209883592668283,0.02768319989909451
1.41,0.19984383053109236,0.22332655546195532,0.21118030773989907,49.33484088893353,62.71156973160225,-5.763889507773518,-7.247691227953283,33.41676431241433,5.7791380147235785,-0.006034598624650588,0.02746750013202008
1.415,0.20101610203652087,0.22327983543249638,0.20607385492502459,49.38506774434195,62.80045950369127,-5.76975761314653,-7.257677533555807,33.36382521085241,5.876712797284323,-0.0059884232786751,0.02667634625432361
1.42,0.20202059127611605,0.2232091591314273,0.20150893569266662,49.4326109808585,62.87393554302416,-5.775312185882262,-7.265937449262736,32.954266934941046,5.957288461487032,-0.005706114719075171,0.026238782008911568
1.425,0.20319252918837283,0.22327181845853417,0.21202413806094395,49.477465384831525,62.95635984652546,-5.780552616859218,-7.275197772732355,33.29882009995973,6.047597073262182,-0.005354852575202707,0.027521338274799138
1.43,0.2043646538622333,0.2232741397100644,0.20620234051311842,49.51962603747017,63.034606220722154,-5.785478331405088,-7.283954248484292,33.2374680763355,6.133264564477226,-0.005080299359934798,0.028964804465932567
1.435,0.2053692913834358,0.2232701239844216,0.2010736463606292,49.55908831538377,63.09889366207623,-5.790088789359762,-7.291150464721653,32.86193484739891,6.203589010976685,-0.004928642124390711,0.028534202209243513
1.44,0.20654173815847804,0.22338439302212398,0.2107918419241275,49.59584789108884,63.170541078777205,-5.794383485134573,-7.299162618482939,33.14969060803594,6.281905535718767,-0.004989298199386507,0.026921789697117296
1.445,0.20771452935966925,0.223406787495212,0.20431823248202047,49.629900733483666,63.23806683456738,-5.798361947767731,-7.306680622538522,33.080330576502064,6.3556726912419705,-0.004744374611142137,0.024293863362153053
1.45,0.20871977942869321,0.22339868253188375,0.19889468953344003,49.66124310829034,63.29310223346795,-5.802023740975976,-7.312806037492521,32.740326935113686,6.41575216591605,-0.004508087955357908,0.02211009213857426
1.455,0.2098928353498646,0.22348128462408243,0.20860694781426586,49.68987157846427,63.35390205626775,-5.805368463202416,-7.319562114784077,32.971266988178996,6.4820840879624235,-0.00423929646469988,0.022010915182268317
1.46,0.2110660325439,0.2234681652202404,0.2024520149626916,49.715783004571094,63.410640554776045,-5.808395747660569,-7.325834228000986,32.89430167903092,6.54395827844478,-0.0036464853810828745,0.022910909444004843
1.465,0.21207151143675612,0.223435791438516,0.1974103066379521,49.73897454513092,63.456369598586235,-5.811105262374579,-7.330882796621097,32.59041144394071,6.593799202499195,-0.003513321803319289,0.023092764066888385
1.47,0.2132447057012199,0.22349348184557324,0.20738778396112012,49.75944365693001,63.50626182552357,-5.8134967102156265,-7.3363761298717804,32.763618848519855,6.6481540072218195,-0.003528006524930647,0.022997694378824724
1.475,0.21441796311924644,0.22348399342943892,0.2015136106484214,49.77718809529958,63.55215707224366,-5.815569828934503,-7.341396162381045,32.678572909096744,6.698142401227205,-0.003276012245627719,0.022387938926550447
1.48,0.21542357265767195,0.2234708053640611,0.19642389015221948,49.792205914361986,63.588534631363885,-5.817324391190382,-7.34536290237196,32.4110937949622,6.7377508650185725,-0.00349446422901303,0.02203338109742205
1.485,0.21659696603280815,0.22352652892808647,0.20616422051193126,49.80449546724415,63.627470024379974,-5.818760204575737,-7.349588070329645,32.52547058145936,6.780135479065539,-0.003441269260142651,0.021976321926665515
1.49,0.21777042977456712,0.22352214518715016,0.20029561571197993,49.8140554062581,63.6624767262867,-5.819877111637452,-7.353351067946733,32.43229523074346,6.818244522205124,-0.0032165626377978008,0.021700946490883714
1.495,0.2187762000070458,0.2234938462545346,0.19512766648224883,49.820884683048796,63.689466900685936,-5.820674989894082,-7.3562320646060755,32.20214013240965,6.8476258638714,-0.0031655938769534846,0.021555181889125093
1.5,0.21994970967901212,0.22354926158704158,0.20503152742518638,49.82498254870907,63.71740703539588,-5.821153751849284,-7.35918489755619,32.256742639438556,6.87804619224044,-0.00261976023257042,0.021403869559217026
1.505,0.22112343270845733,0.22358764048634794,0.1991562900474756,49.82634855386179,63.74149064499595,-5.821313345001414,-7.361687146657857,32.15526788459236,6.904281178845423,-0.0024576277493837343,0.02109410419022205
1.51,0.22213422355478402,0.22487760451047084,0.1934625829945645,49.000367197448284,63.61690802004097,-7.957783600369822,-7.3129472368081565,27.03137345520568,6.78663984009637,0.015885005605512766,-0.020314730870326078
1.515,0.22332259763447143,0.22691181414595868,0.18742085342486473,48.17994374262213,63.32830138926859,-7.489898660817715,-7.179167453911447,20.58679523682855,6.524066092278943,0.04552084125846813,-0.08656759563911744
1.52,0.22451923053083303,0.22831733582027858,0.15696395428309698,47.3650089337294,62.92001751879202,-7.023755093731637,-6.969445387698215,15.315976564996916,6.16155546738781,0.07307329362320988,-0.14732138859159402
1.525,0.2255495790621558,0.2289638792494581,0.13317199793400125,46.55548663551242,62.478584938613636,-6.559004042166777,-6.7273046089691775,13.629581185866527,5.7755882399860425,0.09465594348747917,-0.1920339743037013
1.53,0.22675604880006142,0.22987327103085933,0.13297190674418038,45.7512943473206,61.87410359952103,-6.095324600863393,-6.382825291553871,5.73528967482558,5.250584819255806,0.09844020400236787,-0.19803995331764992
1.535,0.22796465426158805,0.2301117621598585,0.11414682851162614,44.95234369116535,61.19944397944532,-5.632421521794328,-5.9899682898465585,1.986293631816423,4.664832810563521,0.08587024497777873,-0.16674948779005727
1.54,0.22900083043861044,0.22994943808345275,0.10302317112794686,44.15854087323798,60.56366607393346,-5.170023075524313,-5.613322510850111,3.55440258916758,4.112267947970338,0.07408103166883345,-0.13840362615782348
1.545,0.23021015297926117,0.23014948335077973,0.11182136345310258,43.36978711871693,59.76641341915652,-4.707879059046746,-5.1364375391571,-4.716176656515884,3.416518262532154,0.06536455572417349,-0.117438530801215
1.55,0.23141869746982272,0.22992092881808845,0.10108658302394215,42.58597907987156,58.93013745557664,-4.245758941258373,-4.634462590886159,-6.99682319464317,2.681519294550327,0.057173076651550817,-0.09547587697464867
1.555,0.2324532970426754,0.22953467048181617,0.09546076026086285,41.80700921762611,58.17725878999779,-3.783450137378594,-4.179857758778752,-3.289982471708697,2.015979491737017,0.05327221848976621,-0.08457020643474272
1.56,0.2336515052590211,0.22724066048294797,0.10703147596981799,41.03276615687799,57.26475419513434,-3.320756404234487,-2.484418573390144,-10.574959427585199,1.7956018889306655,0.0004045002819757278,0.023407527397923112
1.565,0.2348367241404169,0.22477757719634622,0.12660706887481676,40.26313501597664,56.282679024396465,-2.8574963483567046,0.14557978289582252,-12.538862533064332,1.9573465360938798,-0.06106483676568714,0.1541976996943679
1.57,0.2358454263363005,0.22367750434615372,0.1493166229861426,39.49799771085678,55.28012084900837,-2.393502039340632,3.0901473692204604,-11.563052203514033,2.228893263258904,-0.09219097918642706,0.2286440142104137
1.575,0.23701785535822725,0.22307671811266086,0.17156594602747097,38.737233234390914,53.95347062519968,-1.9286177213136284,7.169958598468526,-21.804740877969294,2.6319763031122214,-0.10701937836627122,0.2867090176225851
1.58,0.2381901161279026,0.22343828317730002,0.17350295239940772,37.98071791157852,52.506408651357425,-1.462698615501722,11.371609117763484,-22.393259111700047,2.8904100656459697,-0.04190143223400708,0.19521186958738973
1.585,0.23919984066000918,0.2246753621122926,0.16413754735388378,37.22832563122742,51.16494910761198,-0.9956098075084299,14.772527236138387,-15.861132245920189,2.8530397812608292,0.045005044902260906,0.056500086099131465
1.59,0.24038882286265237,0.227214306723081,0.15881179534657075,36.23653376961781,49.50252050265313,23.877917905780862,18.35005867299884,-22.141979727481527,2.47534229282779,0.13226266353396232,-0.09575788497485045
1.595,0.2415881930731462,0.22892588392900573,0.1223655764505698,34.68359283967201,47.774568380191525,24.350854606395842,21.465738220416966,-20.946042973464046,1.7831379910444447,0.1935543736796059,-0.2142270236201876
1.6,0.24262184701848627,0.22965940623858688,0.09473297594333906,33.13918957890286,46.23003874847826,24.82688290410877,23.810911095578888,-14.37951103202795,0.9550144565659728,0.21783791269223501,-0.2672768832054756
1.605,0.2438333040143641,0.23082649832554572,0.09321847560366898,31.60353578876328,44.36865075023446,25.307823807860245,26.213509415107893,-19.92827660085311,-0.24078125852527066,0.2196726156115177,-0.28289881004430434
1.61,0.24504693428848917,0.2310249198756319,0.07092296562460829,30.076737788998088,42.476276016149946,25.7952735191692,28.302352498613715,-19.002013762460933,-1.6213770683179014,0.19597670024701103,-0.2458012942084442
1.615,0.24608683255579564,0.23065351110231097,0.059827338017762396,28.558802281235003,40.814357271669934,26.29062680939404,29.896235572637295,-13.224883446314891,-2.9462109713452946,0.1754471444179514,-0.20732170203604536
1.62,0.24729981259236702,0.23075306419284178,0.07075607801558546,27.04964214228908,38.83958473912683,26.7950989451125,31.567351040172127,-18.371807987617956,-4.626950123545001,0.16121987128988163,-0.17723140050472705
1.625,0.24851080465960196,0.23032684297328318,0.06088049444534614,25.54908201645661,36.85476926341943,27.309746255353275,33.06430254603242,-17.692343563423847,-6.406910007836881,0.14511743577472305,-0.14058872595182703
1.63,0.24954608772213877,0.22952464351820787,0.057363355657233404,24.056863592495084,35.1282041319636,27.835485419179463,34.246452455671374,-12.582110281398684,-8.016970640403834,0.13523010074763006,-0.11751394083547416
1.635,0.25075112411683287,0.22912369408825883,0.07376525513317449,22.57265046593175,33.09181548929238,28.37311154473025,35.531246425722344,-17.321286733677837,-9.97517427976863,0.12968672576816895,-0.10763885473752141
1.64,0.2519522154311718,0.22836419696296492,0.07047621041735695,21.096032500249787,31.05783259093353,28.92331510868695,36.725678647171065,-16.800215963220424,-11.982041121771854,0.11872840807914979,-0.08874094549044295
1.645,0.2529876859694649,0.2304663688419702,0.07175164268612139,19.626529610914346,29.297445702383953,29.486697827284644,36.46904233200763,-13.069714553386646,-14.302324069990426,0.16558636470210508,-0.17945350737862076
1.65,0.25420863212677997,0.23291454052782082,0.053981599911568416,18.163594903753893,27.33573134786262,30.063787535217074,35.11284734890222,-17.992902367196947,-17.424703950412994,0.23108645505033767,-0.3104534932922653
1.655,0.25543249243430727,0.23259066606137446,0.015783649810779378,16.706617103585437,25.51885659120102,30.655052156208882,33.528751424849816,-18.10651000409878,-20.541490777081087,0.2618780757665467,-0.3667934404719886
1.66,0.25647552644317884,0.23089741571073358,0.00992793441228221,15.254922209849187,24.051120847893163,31.260912858178898,32.26106250183204,-14.191642995090717,-23.102877065151436,0.26355395958323424,-0.36807978323999724
1.665,0.2576818502803699,0.2287446873722678,0.03612495895334845,13.807774313039758,22.429571887173765,31.881756496474736,31.02499102786112,-19.184798233922805,-25.892881776026915,0.19513860768125277,-0.2368372598848938
1.67,0.25887575155236203,0.22642828867694578,0.05332328177345732,12.36437549843117,20.902469430850687,32.51794746077053,30.08162833957104,-19.468503170791635,-28.43792798293076,0.10143886940715954,-0.053191265778664974
1.675,0.25989000395224643,0.2247219097459592,0.07354203824073856,11.441820857140453,19.64861409129312,17.512798836560563,29.500362229320046,-15.682978790082558,-30.44191773741002,0.0436101305997535,0.04636722999606461
1.68,0.26106620670798514,0.2236799832981636,0.10243199279933865,10.7412303946296,18.242114595130854,18.046737289965336,29.05694714874528,-19.929401615725823,-32.5896777526295,0.012814025878324097,0.0867507864955418
1.685,0.2622380303466377,0.2229168576331619,0.1092239647692626,10.040189060490091,16.89813131509852,18.57912049478722,28.82139530474427,-19.777547932828426,-34.54697481025366,0.0029807077620334125,0.08995132470828786
1.69,0.263239109426198,0.2222059360938572,0.11312347766053064,9.338703847877667,15.77938494942472,19.11009764676291,28.766670516102465,-16.034840428403044,-36.101436258249365,0.0028012899399205873,0.0725763335400947
1.695,0.26440298597822226,0.22141538654284296,0.13146874014553575,8.63677712801509,14.508556504158285,19.639815792399446,28.84396856782638,-19.796797783260544,-37.790926381181364,0.012269454807030233,0.0470441957682777
1.7,0.2655631209360524,0.22075749493452407,0.13639169097692452,7.934406629945478,13.27993160490306,20.168419905763272,29.0372370618565,-19.53654169653656,-39.35758571282154,0.016451364676828614,0.02968205745277858
1.705,0.2665546296520215,0.2201896647740115,0.14008459301013915,7.231585417262025,12.24618336157399,20.696052979196736,29.28732821437478,-16.00773344126783,-40.62518649463435,0.01994805799573127,0.016754006580287528
1.71,0.26770947922050387,0.21998637935770518,0.15759120694929482,6.528301861066851,11.060564041194644,21.22285612727822,29.658430167342885,-19.39784178875142,-42.02894730480151,0.026260020187901408,0.0010184366725700356
1.715,0.2688630062075556,0.21962918447751895,0.15640411150491249,5.8245396083803485,9.904238423312663,21.74896870352464,30.090038379688536,-19.09515734245619,-43.35524086956717,0.02785150687683584,-0.004841543410590913
1.72,0.26984997510284126,0.21926713036398857,0.15714364303794143,5.120277545184798,8.923595428584514,22.27452842931143,30.50809413823697,-15.7871920021974,-44.44736980328348,0.029546804537803256,-0.009154530370949331
1.725,0.2710035722449364,0.21998965438045645,0.17263074284886562,4.415489753246234,7.790936193874175,22.79967153469852,29.891387061533607,-20.01045711675694,-46.3402510025038,0.08431534477158271,-0.12232156787061382
1.73,0.2721540345034668,0.2188630904357024,0.16066659248241552,3.7101454598106685,6.679433559247588,23.324532910851104,30.65321089361936,-19.598511579293472,-47.40482979789615,0.052190545593499574,-0.05570170406137676
1.735,0.2731358253913976,0.21785045763901376,0.17072421327034026,3.004208979217438,5.857901263737068,23.849246273941844,32.28476608851662,-12.636763133846188,-47.56957692667629,-0.036742740592318496,0.09453212683410553
1.74,0.27427914956593225,0.21779668063393903,0.19431881864390688,2.2976396454107153,5.031002772009023,24.373944340377676,33.61443477065171,-11.989052421139107,-47.913895942233815,-0.08217271895133561,0.1700686519381186
1.745,0.27542732300195555,0.21919146165694442,0.19239004402962986,1.5903917342595832,4.325745971039716,24.89875901352113,33.42867168332623,-9.723082931102326,-48.96725169586429,-0.1024504639258,0.1969679815169185
1.75,0.27641897345495087,0.22070414805739996,0.17299852214183295,0.8824143745150508,3.938945368836951,25.42382158196105,32.20199026909469,-2.4413144799329274,-50.19827521470599,-0.049653844310485744,0.050280282431967964
1.755,0.27758393537005394,0.222179080694892,0.16602576011829043,0.17365144614038996,3.704443001820408,16.80659651798257,29.767215594366633,-0.10156168534790311,-51.9370453016582,0.06986761015480582,-0.20859970550108764
1.76,0.2787515492804023,0.22223766528310115,0.1442109113892951,0.17365144613821215,3.659130885000655,44.826348553861806,27.08050603517961,3.9891038060014523,-53.58003180698189,0.11575283028918343,-0.3057495571596981
1.765,0.27975204414322924,0.22213700026620078,0.13881840973923157,0.17365144613821215,3.7596183319768586,44.826348553861806,24.80959942748146,7.6051545866937715,-54.78741146330348,0.05929729408869367,-0.19909563380175846
1.77,0.28091875363759905,0.2220159929507961,0.15003858343664564,0.17365144613821215,4.01504664512732,29.02806264860297,22.33525995056476,11.97233594819096,-55.90879438736696,-0.015179302824927743,-0.020342292352833843
1.775,0.28208425303262724,0.22181426999599005,0.1468378520623891,0.927531277923805,4.387081949571459,11.114136723130429,20.106682186456595,15.28980995892799,-56.72718081966654,-0.0893485880507126,0.16532153834398355
1.78,0.2830831012891269,0.2219009239206105,0.14469306736942364,1.6805264391515067,4.795600060207337,10.470500028855724,18.371773763312802,15.594831910667779,-57.20229355278127,-0.1283258291500418,0.2582778834572147
1.785,0.28424996310882983,0.22230912493425684,0.15385560099261958,2.432703863949456,5.360761479471143,9.828722737773546,16.53475718354784,21.2670766546276,-57.523604757059275,-0.1384984594252305,0.292780511936134
1.79,0.2854182184962332,0.2224755999968159,0.14441794457434157,3.184123784264063,5.99655928740431,9.188996695193595,14.884256804284263,23.29746642269656,-57.635927214245626,-0.12176815808314899,0.26939190835643306
1.795,0.2864197010425189,0.2223990974351237,0.13770007266966935,3.9348398654937995,6.59971995640864,8.551507601825847,13.584111189441558,21.15234261619186,-57.583008164555736,-0.1018905866245589,0.2354281533208527
1.8,0.2875877272809732,0.22231979014019906,0.14854898221277427,4.68489932419217,7.360465561938282,7.9164356515875625,12.181012082896586,27.12226763548469,-57.37351908693791,-0.078851303353876,0.1973075594176531
1.805,0.28875481897791794,0.22213602979309666,0.14474172176942052,5.434343029752121,8.16272091849401,7.28395608248087,10.891190058173152,28.216301174932013,-57.037434058262356,-0.05609537998266152,0.16184307632427758
1.81,0.28975444824991636,0.221981759879144,0.14224525578082112,6.183205591840149,8.888632653092646,6.6542396507363435,9.850092807897681,24.72153025007472,-56.65651997893737,-0.04263015147229639,0.14162011565630972
1.815,0.2909203320312516,0.22196690190001578,0.1541721681786449,6.93151543521838,9.772651656809801,6.027453037042648,8.699647480936363,30.504446890890776,-56.12047940091258,-0.033603201622823015,0.12991992454675566
1.82,0.2920837953291914,0.2213038090159263,0.14979594849942532,7.679294863485488,10.67965289951272,5.4037591926269215,6.509994819149114,29.954545466246145,-56.16144559302232,0.02339768675681699,0.011586222654387376
1.825,0.293077975644555,0.22060387321839822,0.1532564579380325,8.426560113169973,11.52495088148941,4.783317631878504,3.8749161748777112,25.78198277886017,-56.54301697706995,0.08001072311203454,-0.10972574263569952
1.83,0.2942346297992526,0.2200287427481254,0.1720809991018919,9.173321399528234,12.691613063260117,4.166284677697064,0.09146952936268349,33.744736144794786,-57.14152604769548,0.12710668307106404,-0.1971158957701512
1.835,0.29538802980799517,0.2194659559779039,0.17510763698797668,9.919582955328183,14.003214460975004,3.552813664610966,-4.225603037426538,34.338897010606644,-57.82783030636877,0.16558165200910419,-0.25462753203690686
1.84,0.29637493015369554,0.21926424788426607,0.17827612863468703,10.665343063836946,15.248076427677423,2.943055104616491,-8.218533709300914,29.248074140407766,-58.39329515865623,0.14514233372958707,-0.17911077633900463
1.845,0.2975274620553232,0.21974544422465556,0.19188360532509688,11.410594087176728,16.820110967141186,2.3371568197358386,-12.69557964784363,33.2458921952836,-58.75434678358431,0.08876622532143712,-0.017306922048798665
1.85,0.2986837510744932,0.22054560035392534,0.1828514226385575,12.39210307162967,18.481157408367622,-22.78004552502648,-16.74338240717671,31.506628660609834,-58.725264028665784,0.033187819403200564,0.13046857233588374
1.855,0.29967821020359514,0.2211931928613049,0.1697368950675547,13.928215359199383,19.987951709417914,-23.52389434871634,-19.866648857794985,25.8707191340401,-58.380211693203975,-0.009527005881982223,0.2399143230705967
1.86,0.3008424956873999,0.22204091413158272,0.17268991199398048,15.468649995985327,21.828373091928665,-24.289896357907026,-23.123021399887904,29.237283219290134,-57.64313431824642,-0.04748684010221505,0.33017256121355143
1.865,0.30200954040845857,0.22239074469669654,0.1583107301839351,17.01435974363965,23.723402705235184,-25.07486537592399,-25.992978072572043,27.799258749065586,-56.61757658303695,-0.053889552137193895,0.34432509234439207
1.87,0.303010560639082,0.22241595123701494,0.14954337834082435,18.566217932705584,25.407785265779836,-25.875878380959534,-28.206486263720876,22.92287112097594,-55.524378354365595,-0.04189564451764909,0.3213003111041356
1.875,0.30417863132721784,0.22247786926400676,0.15923696508569535,20.12501836554047,27.432702531621693,-26.690235015830837,-30.545432302463297,26.221653117731876,-54.04054084704098,-0.02590538136385376,0.28967981486419514
1.88,0.30534584310422963,0.222256577199811,0.15376497439469158,21.69147391745512,29.490909991065173,-27.515424337538946,-32.651136583112475,25.20588344350108,-52.39240005425826,-0.0040308379470104525,0.24719163522779952
1.885,0.3063449720964856,0.22194153015233217,0.15169929033719545,23.266213946498805,31.301231870821898,-28.349097637474358,-34.31703694897183,21.035591376608465,-50.84911352869575,0.00978345478167433,0.22285142671870017
1.89,0.30750951528597725,0.22182623279358837,0.16556106649857272,24.849780612337263,33.45900956250155,-29.189046387408467,-36.12439793386727,24.137425851245325,-48.92267099442863,0.015710349186736434,0.2128321064927416
1.895,0.30867249190667484,0.22148864385773526,0.16248425412423692,26.442624201972457,35.63674226676067,-30.03318454116885,-37.79519476714481,23.381295044305332,-46.90681759839626,0.022876386017948815,0.1970427577089566
1.9,0.3096738366023155,0.222958239015024,0.1621597620643442,28.045097563855876,37.540599599314824,-30.879534557691784,-37.87336262986915,20.865465689548955,-44.41639288634847,-0.02010860956334406,0.3012190474399833
1.905,0.31085156548217424,0.2248233305172464,0.154838720859123,29.657449761624,39.67389458084908,-31.726216615785745,-36.768406137293766,24.960390704441323,-40.96882641937329,-0.0871989588939625,0.4495790058717046
1.91,0.31203287293987303,0.22489591771217268,0.12730955758944945,31.279819073647182,41.65766587284275,-32.571440570910966,-35.37175247632803,25.55780143766117,-37.53354260429042,-0.12182365031367261,0.5232436938012343
1.915,0.31304246753175813,0.22400050133276023,0.12054461440808503,32.91222548419342,43.26734168213506,-33.4135002644683,-34.24603641101214,23.136718365515605,-34.73388168780507,-0.1312174837745577,0.5409746277534881
1.92,0.3142144739563728,0.22291797818962586,0.14030846802571154,34.554562835497634,45.054108866172704,-34.25076984060047,-33.17171384020904,27.150911522130002,-31.716259206104226,-0.08507046313899014,0.4145183112250272
1.925,0.3153804091751198,0.22179175691008526,0.1479479735379587,36.20659083640724,46.74533498468175,-35.08170175763186,-32.392192684631055,27.663944398470008,-28.994993865217893,-0.009658239677732418,0.2251139955198317
1.93,0.31637577556201335,0.22095487477364895,0.15663684949187495,37.26178574105033,48.14147194693543,-19.160532394145918,-31.958377000050433,25.155580273002528,-26.87392109221683,0.030686231149166014,0.1062048861139082
1.935,0.3175343140748132,0.2208285775827105,0.1769672680923549,38.06243226326688,49.71648827802215,-19.843134803585883,-31.69554152266815,28.405417132258634,-24.621344083438334,0.03773854792156023,0.038674663989927485
1.94,0.31869167081588484,0.22061154151599308,0.17454942622884662,38.86775933140808,51.23040661106164,-20.52773429909996,-31.646628824819516,28.44880364225844,-22.586387931134304,0.03502625963908032,0.022507549798774076
1.945,0.3196833573295606,0.22036820275729282,0.17330290581092592,39.67791832253878,52.498380843852615,-21.214195390577743,-31.75926353945931,25.862185363275728,-20.982108106157142,0.01895964159712289,0.02673311400894544
1.95,0.32083758161369064,0.21995198930248813,0.1869778191070406,40.49305744544249,53.94778194289453,-21.90237742840361,-32.03900079913464,28.628836208595587,-19.249461991924875,0.003983910504002778,0.0502984113645887
1.955,0.32199041160442093,0.21958100707239542,0.18834990747527652,41.31332141866349,55.358082688909164,-22.592134454682594,-32.43841229149933,28.48037105175797,-17.652135058152055,-0.002129922365834567,0.06690136827020475
1.96,0.322976548716088,0.21924016296885893,0.18931305331875636,42.138851114272924,56.5525587609822,-23.283315091809982,-32.87065546045011,25.99374330313381,-16.365837599754713,-0.010691313756364285,0.07272158681117442
1.965,0.3241256923418548,0.21901736274873382,0.2046240867273124,42.96978316636324,57.931625935725684,-23.975762469896438,-33.459191512949076,28.399655777468837,-14.946918713914178,-0.011718877293842401,0.08107114875651063
1.97,0.3252734088837538,0.2187200842732684,0.20416974952335445,43.806249543345025,59.28565711449383,-24.669314194568443,-34.109558148946405,28.158501315153288,-13.611025494001195,-0.013449207824468297,0.08339802790266751
1.975,0.32625546396784977,0.21823996027380296,0.20471714539933863,44.64837708321642,60.441809084262346,-25.363802356679628,-33.47053526418341,27.076033400292374,-11.773447486963569,-0.06467747703148528,0.20129980237336245
1.98,0.3273966400803601,0.21712764199243925,0.22202614521578753,45.496286991103986,61.7861228578158,-26.059053585570723,-31.598498553670197,31.914758042784598,-8.984414894266783,-0.14081747078500612,0.3859585991041596
1.985,0.3285389628877248,0.2176175900267126,0.23273527508121314,46.35009429853625,62.76264342896707,-26.754889147218478,-28.825812420732632,30.695933162907764,-6.144056266174394,-0.19261578791501377,0.47723043593008996
1.99,0.32952032582931284,0.21810681730549375,0.2245006145885983,47.209907284111694,63.33816017164169,-27.451125088844094,-26.211921524810748,27.029872250311428,-3.9144738762256965,-0.19809902760232914,0.47788812118648977
1.995,0.33067111629539403,0.2196063529280557,0.23047109034206595,48.07582685546264,63.7498804291798,-28.147572431074167,-23.26813221425371,26.787905409891508,-1.718819318367455,-0.11636952733878944,0.29039183028111865
2.0,0.3318298658846337,0.22137187512082407,0.20961683231237863,48.9479458927006,63.93452405102678,-28.8440374088581,-20.6109558201955,23.884464650333,0.011652496387206668,0.010087369385222375,-0.00478453416895151
2.005,0.3328316533980486,0.22306611725099096,0.18493257755448528,49.82634855385815,63.92767868315771,-5.821313346316799,-18.571612409168495,20.132581609588073,1.1453054387193244,0.10718014115873024,-0.19742019746140116
2.01,0.33404527901839676,0.23479065726947596,0.17493063142053042,49.00036719745002,62.237571569454126,-7.957783600375848,-16.105112658397275,-51.57784552528962,0.49281980446491325,0.26429744188765886,-0.6381566793260196
2.015,0.33528904965119244,0.23755576943404985,0.028288261088441104,48.17994374262385,60.65028471004899,-7.489898660824139,-13.794844312765349,-45.67727868964217,-0.1478091406618578,0.3825946788250825,-0.8414592592741059
2.02,0.33635739628673617,0.23675134393687852,-0.015650027779525316,47.365008933731126,59.351471260180645,-7.023755093727203,-11.980400866602281,-33.72314254925166,-0.7307385688624581,0.414419741100687,-0.8618468406419885
2.025,0.33759601282013996,0.23485172952559039,-0.0021381571877453977,46.55548663551411,57.90006179092158,-6.5590040421742515,-10.07269703140193,-38.96798328351681,-1.4649397348565643,0.4054614918900413,-0.7836425758342741
2.03,0.33882253795656786,0.232384535234808,0.00923533004279046,45.75129434732228,56.51911995899099,-6.095324600868196,-8.385570738240745,-35.955781587031666,-2.2491701450488044,0.2719269522077182,-0.3488161415629661
2.035,0.339863439315849,0.23027060562445137,0.028350017869451943,44.952343691167016,55.37516397772313,-5.632421521797539,-7.08361471059834,-26.46367168232227,-2.9619706025628645,0.1495058594845283,-0.09172996532696762
2.04,0.3410680207193996,0.2285092746292741,0.05968233019865096,44.158540873239644,54.08214248399707,-5.170023075525194,-5.709281043000146,-32.2008348654314,-3.8320522730437965,0.06910474706047613,0.04790058591210263
2.045,0.3422643235164277,0.22724569905880226,0.07243150290877287,43.369787118718556,52.839019496899525,-4.707879059056097,-4.474129422472743,-30.091433065302553,-4.7263910194881955,0.04405803037337357,0.07333904937339074
2.05,0.3432852636265611,0.22635406151465487,0.08005724491964554,42.58597907987321,51.79895161936176,-4.245758941260021,-3.4986749924354115,-21.933228152187922,-5.514118164927428,0.048344923592140085,0.046969829323562036
2.055,0.3444726526819813,0.22571507391132392,0.0987759847250572,41.80700921762772,50.61294702300752,-3.783450137381749,-2.441672570717202,-27.599903477014635,-6.451015260423038,0.06554336682935308,0.0018582563637696901
2.06,0.3456491985995211,0.22305837098199993,0.09984276425216865,41.03276615687959,49.463285720452184,-3.320756404240143,-0.32752017362997776,-25.37460039909186,-6.775017560438149,0.02270575388941199,0.0845774815118132
2.065,0.34664654371690407,0.22080529486992947,0.1255942407740106,40.263135015978236,48.45546312176931,-2.8574963483583247,2.254494487080592,-18.37583785414739,-6.677902310324937,-0.03089528413990862,0.19047826701520507
2.07,0.3477996400085856,0.21894050604824358,0.16240457649878254,39.49799771085839,47.15546221298796,-2.393502039345492,5.987127408520962,-26.510390492973208,-6.366842086976241,-0.07566428448912552,0.2941985601192097
2.075,0.3489440839376452,0.2174661686413151,0.18091140011549925,38.737233234392505,45.76303714237229,-1.9286177213173232,10.263143358021097,-26.096719195112456,-5.934242686264625,-0.10707185431267578,0.37614918922578183
2.08,0.3499208370209942,0.21696932223651155,0.19558965347792306,37.9807179115801,44.48927910255066,-1.462698615505559,14.183506731126414,-19.25684926410628,-5.5815292172282795,-0.06983998480724521,0.3247459640665898
2.085,0.35106246383545364,0.2178776656785726,0.2135629452470335,37.228325631229,42.92629664426282,-0.9956098075113573,18.52850467381512,-23.601580557757302,-5.435955263928744,0.007139944659880792,0.19306130141681385
2.09,0.35221109794486155,0.2192703781120144,0.20046934133307362,36.236533769621076,41.3144674136346,23.877917905775973,22.400736975053178,-21.274796867126554,-5.627492536557508,0.07670209578477145,0.05427193781706899
2.095,0.3532009928355986,0.22013670163403587,0.18106151466602227,34.68359283967524,39.882818952889856,24.35085460639135,25.33817643943891,-14.363093812807193,-6.060629713564154,0.1274293537331025,-0.051422013015393966
2.1,0.35436214408454425,0.22153140322884632,0.1818448206840456,33.13918957890607,38.1657747193447,24.826882904105275,28.34404993644688,-18.39337302878708,-6.838838181828233,0.16706090060628165,-0.14645106228211172
2.105,0.35552800532948103,0.2222292883661759,0.1613095897720685,31.603535788766486,36.42713714712656,25.30782380785351,30.939695727180435,-16.73229700770966,-7.843902608366417,0.17277529667825609,-0.17495018857187347
2.11,0.35652910957791745,0.22234944656720745,0.14855349875365018,30.076737789001257,34.90562506824785,25.79527351916576,32.899326602571136,-10.834963836228638,-8.870115305578889,0.16419739134930086,-0.1621824325396276
2.115,0.3576988866887556,0.22279150638469383,0.15712304359742915,28.558802281238172,33.10267201649823,26.2906268093827,34.92747029210247,-15.00702685250971,-10.222371607309306,0.1499079908664342,-0.1395354647303042
2.12,0.3588687490326814,0.22273131882986819,0.14703007896786582,27.049642142292225,31.295084834153116,26.795098945107128,36.71760517937241,-13.930760548059425,-11.690324593777174,0.12979105456961448,-0.10130420331711078
2.125,0.35987065259387485,0.22239847801217327,0.1428360258783618,25.549082016459728,29.725995650872296,27.30974625535032,38.109026882367345,-8.837793524848209,-13.039401692207434,0.11594662970782321,-0.07373824210842014
2.13,0.361038870831533,0.2223040221985693,0.15666233979719335,24.05686359249816,27.878825826153857,27.835485419176536,39.59743340709616,-12.9354963804833,-14.696876835180024,0.10812605699013542,-0.05772180159997334
2.135,0.3622047152389316,0.22190246426676097,0.1530162916037274,22.57265046593483,26.036660444798247,28.373111544724736,40.95939160617337,-12.18974755358829,-16.407120689829902,0.09906620485158404,-0.03708056348499827
2.14,0.3632023579548544,0.22150945681355866,0.1531911361492397,21.096032500252853,24.444511259764447,28.923315108683028,42.058443554935536,-7.672347195713911,-17.92197178292304,0.0937003171483226,-0.026585835575645294
2.145,0.3643773481503915,0.22469784583057353,0.1681008162545109,19.6265296109174,22.57662316276687,29.486697827280693,41.85077593182956,-12.562855519880245,-20.379539733031933,0.15515577892098,-0.14385403722104928
2.15,0.36556732622009086,0.2272736398595993,0.12525122616804293,18.163594903756934,20.814087939051763,30.0637875352148,40.498235637609355,-12.762288829880646,-23.27151084858658,0.22113190017705564,-0.27188454229228626
2.155,0.3665921822382151,0.22747961717829415,0.08828382263922001,16.706617103588478,19.399834596940863,30.65505215620658,39.09302993867527,-9.032235060282218,-25.791025701731645,0.2544049032757296,-0.33782185386162566
2.16,0.36778501613114917,0.2266512358108592,0.09374922857281219,15.254922209852227,17.847445906578347,31.26091285817401,37.555689080546614,-13.7800608979,-28.602960279134656,0.268766444908176,-0.36169180098130205
2.165,0.36897010116120227,0.2250275758085015,0.09656304409706462,13.807774313042785,16.39473532072741,31.881756496473088,36.28709645423751,-14.25160399304211,-31.186475172414596,0.1959222906364301,-0.22168381161999268
2.17,0.36997861290080136,0.2235101629394131,0.10941278607410937,12.364375498434196,15.209191483246233,32.51794746076706,35.444240712892395,-10.932532324274106,-33.215095336308025,0.11211620289416954,-0.07061573135975378
2.175,0.37114792425317755,0.22230347837978778,0.13658682598195074,11.441820857141916,13.886748091435567,17.512798836554254,34.73429188365196,-15.07804963528001,-35.37035747494349,0.04576623855204861,0.03817472131574189
2.18,0.3723127577547888,0.2217376188227114,0.14592417512356612,10.74123039463105,12.629795019732253,18.046737289958315,34.27828053344092,-15.068766056447686,-37.30982005792801,0.009341324949725383,0.08516955774348246
2.185,0.3733095464085657,0.22149613914203914,0.1481203686726758,10.040189060491553,11.588719123801477,18.57912049478017,34.068905890798135,-11.65081135545887,-38.82767478449638,-0.00591320166712136,0.08624423389653645
2.19,0.3744710305670304,0.22114896494951855,0.16132341045426143,9.338703847879117,10.411474450853458,19.11009764676203,34.0011551513017,-15.141772911762502,-40.45196605889828,-0.0011175561539909825,0.0639253159233976
2.195,0.37563055463458006,0.22078295095347078,0.161243276181716,8.63677712801653,9.278087116239796,19.639815792397826,34.08160167418097,-14.912004549239029,-41.93402892741604,0.0035308689318974706,0.04030507302544512
2.2,0.37662255691459223,0.220339043251313,0.16155757801735993,7.934406629946956,8.32810445181955,20.16841990576293,34.25676699026161,-11.659861119376714,-43.11429944955335,0.00913484983016448,0.02324995030562775
2.205,0.37777822013026857,0.22017730108082909,0.17756333149766348,7.231585417263503,7.242222478977704,20.696052979195827,34.56144951827952,-14.7654131864725,-44.401833249652796,0.017887223181776688,0.006992856329075657
2.21,0.37893348355044726,0.2200854507768747,0.1758159237999031,6.5283018610683285,6.186440867747262,21.222856127273303,34.94485757381045,-14.440647421626153,-45.60082873990722,0.01844493924898874,0.0004250878694902518
2.215,0.37992275316939356,0.2198329180039811,0.17328184971464836,5.824539608381826,5.293553644572461,21.748968703522394,35.3338366106064,-11.358060227588496,-46.57487930216547,0.021720101108284866,-0.0019052120981056036
2.22,0.38107601690459225,0.2197343721413503,0.18727805473281517,5.120277545186273,4.2647822264389665,22.274528429309186,35.8438189187778,-14.207973774644799,-47.6578809400179,0.022814346895413878,-0.006605477861948978
2.225,0.38223242633250415,0.2205965745044438,0.1849990926328303,4.415489753247705,3.2572816549090375,22.79967153469468,35.19541278538472,-14.991029981259587,-49.37485847806786,0.07773220261944219,-0.11565079472945466
2.23,0.3832215161682273,0.21964907257972852,0.17114428130102305,3.7101454598121464,2.3998181360362403,23.324532910850166,35.83581357167748,-12.019201595537055,-50.14684277996744,0.0495267835046637,-0.057183750420810614
2.235,0.38437022197097764,0.21842742869423526,0.19332918042489433,3.0042089792188875,1.5366807004056366,23.849246273942242,37.709169748435784,-10.92591169480606,-50.21140830198445,-0.04476387352418746,0.10965149889504949
2.24,0.3855170230364045,0.21850511695841415,0.20465986071571696,2.297639645412204,0.800647646651149,24.37394434037671,39.03398206818855,-7.38775135558015,-50.42150558365884,-0.0840840203626942,0.17667216765986313
2.245,0.38650485989865724,0.21995556944468558,0.2008783927583258,1.590391734261047,0.25668005038749475,24.89875901352019,38.86898102910612,-3.256712787394136,-51.23204450443909,-0.10220982218314517,0.1956103651294477
2.25,0.3876688129406014,0.22235523659355427,0.19497386026908442,0.88241437451655,-0.15233196569431826,25.423821581956645,37.450864533650105,-1.227499336289739,-52.5895476592399,-0.039365765329771436,0.02783313547603152
2.255,0.3888419482375106,0.22372168132037584,0.162373116298915,0.17365144614185368,-0.36263263320609257,16.80659651820173,35.04493815098448,2.284863710935909,-54.268331146468796,0.08861400807765439,-0.24541385304960167
2.26,0.38984996964936613,0.223779682547601,0.14111319312410267,0.17365144613821215,-0.3981572084394512,4.826348553863625,32.65462530795094,5.933127521856576,-55.718185181321005,0.13344999980468455,-0.34150801564815425
2.265,0.39102548141471594,0.22366270274593028,0.14980361016627974,0.17365144613821215,-0.29568826552510097,44.826348553861806,29.880149094720025,8.57074306140079,-57.21977139919288,0.0866355270367696,-0.245742343595045
2.27,0.3921994568689922,0.22334137314925911,0.14577915493007668,0.17365144613821215,-0.07032766865845795,29.028062648962106,27.312435117177586,11.33271380746686,-58.441106198742716,0.010732719782823382,-0.057950612753287924
2.275,0.39320453894354773,0.22316885078255488,0.14429335591976372,0.9275312779222169,0.21576219716879044,11.114136723133669,25.29388886740503,12.245766941065114,-59.25755190763864,-0.05816654772729527,0.1090674938509162
2.28,0.39437767931156303,0.22347358104092555,0.15595397997641047,1.680526439149915,0.6415210103045269,10.470500028854616,23.155486663004353,16.758237191004,-59.958471810981116,-0.11028799429745557,0.2320232119654015
2.285,0.3955525980648275,0.22384214024812027,0.14717937167902365,2.432703863947893,1.1422765636974674,9.828722737784346,21.24283167128428,18.73206547339656,-60.42359403531558,-0.12702914100350823,0.273847620805854
2.29,0.39656102394577225,0.2240477708410191,0.1374972813644887,3.1841237842625247,1.631626022251477,9.188996695200018,19.747061359493642,17.195769043571374,-60.6547804281631,-0.119571347051438,0.26287137579336606
2.295,0.397738654723917,0.22424670511203687,0.14441590289267411,3.934839865492247,2.261666091423373,8.551507601835482,18.146337533161272,22.553741282542234,-60.75720095789041,-0.10393197317412829,0.2289602824731887
2.3,0.39891629920002875,0.2241839312135226,0.13648940123313938,4.684899324190603,2.9363236282597973,7.916435651598192,16.687931359805134,23.73194749935928,-60.71256608955272,-0.08289190565392754,0.18825394451666083
2.305,0.39992544423097265,0.22412020799779633,0.1316393794866137,5.434343029750572,3.553950174159163,7.283956082492438,15.521204481074363,20.630509852675985,-60.569672708188094,-0.06725329269577655,0.16010950292465354
2.31,0.4011028758790207,0.22417533920296537,0.14166217277430398,6.183205591838586,4.312830069661913,6.654239650745268,14.242593691061359,26.19838409063584,-60.29959164084347,-0.054678147375858306,0.14047738886464475
2.315,0.40228003881544705,0.2240898988115009,0.13544435844367847,6.931515435216802,5.097099476608264,6.0274530370541015,13.049420026043236,26.77162379840935,-59.941576731884446,-0.04192205236583732,0.12231615873472423
2.32,0.4032870872989007,0.22351273026730026,0.1309033664544996,7.679294863483921,5.7954542860397575,5.403759192632606,11.1146984713277,21.903363002858086,-60.13309081990904,0.009419401246402148,0.015695807434714302
2.325,0.40445854834258205,0.22276715148730736,0.14714919229368673,8.426560113168406,6.678875055599094,4.783317631882596,8.001909194645208,27.254523721446702,-60.75771454370124,0.07597097252871814,-0.12308392718894304
2.33,0.4056269748262827,0.22230233741598793,0.15087433469371248,9.173321399526667,7.714649570549548,4.166284677696098,4.226716275274924,30.03466461891736,-61.546354973956795,0.12128625996160218,-0.2148342652451163
2.335,0.40662655395736025,0.2219608574172073,0.1515653323100347,9.91958295532663,8.725655447331798,3.5528136646171617,0.4772695830261853,26.160414517636738,-62.33171229242573,0.1518029840200949,-0.26664946229664505
2.34,0.40779018218347224,0.2214238445608172,0.16569825773465524,10.665343063835422,10.027496663124886,2.943055104620157,-4.370062667764898,31.527778383796772,-63.31619166779927,0.14486486020456196,-0.21116360478931478
2.345,0.4089530805031068,0.22154151716453507,0.16766151938272705,11.410594087175188,11.422951111964434,2.3371568197395334,-9.021781644130158,30.12070025180421,-64.0189637567714,0.09796255387106532,-0.0616317416612468
2.35,0.40995197725645827,0.22218195110932862,0.16199005777123815,12.392103071626465,12.702714217441702,-22.780045525020483,-12.704960813329222,23.877712703269623,-64.30806731001228,0.058407456405089736,0.06301598504072582
2.355,0.4111225040874257,0.22332721903267264,0.16463586093486873,13.928215359196177,14.278860862412664,-23.523894348711877,-16.5790510667822,27.859246545644226,-64.2743046045357,0.011952597796006877,0.19039315233452964
2.36,0.4122979336433887,0.22413108481913946,0.1462070436650192,15.468649995982108,15.912452835065466,-24.289896357900943,-19.99286849935305,26.192459572965504,-63.89488901607473,-0.035501894347688724,0.29304852756339755
2.365,0.41330811318619504,0.22454185822091804,0.13136069518023422,17.01435974363642,17.37215883148065,-25.074865375921547,-22.611783407954164,20.444247642373995,-63.31655268925373,-0.05191116409690327,0.3221388264073436
2.37,0.4144891618582117,0.22501038344931293,0.13571216429979926,18.56621793270235,19.13432734596154,-25.875878380957772,-25.356759208318238,24.352063268134188,-62.39279481755914,-0.05118432028448638,0.3132817757654519
2.375,0.41567049899327735,0.22488783346145044,0.12431381474200581,20.125018365537223,20.931584552084843,-26.690235015825436,-27.804162893210446,23.171336656110356,-61.26350110987805,-0.03285130657445731,0.2681999850225501
2.38,0.4166819259852599,0.22457232901780574,0.11984106728648186,21.691473917451862,22.51685781404895,-27.51542433753292,-29.720441833563967,18.19843942005913,-60.14115811901513,-0.014035950447942631,0.2299483547079816
2.385,0.4178610509198609,0.22453042266421439,0.13262353885088582,23.266213946495498,24.410795714327396,-28.34909763746728,-31.778559803552582,21.967860352788875,-58.68177905809776,-0.0001387161335705785,0.2035459612857121
2.39,0.4190388822121546,0.2241934847381259,0.12739753833731032,24.84978061233394,26.326016683857766,-29.189046387400737,-33.66275160780202,21.086105312598704,-57.10662931367362,0.01315890455769693,0.17493729109642764
2.395,0.4200464781467108,0.22372772187656148,0.12575520836781268,26.442624201969135,28.00317792590155,-30.03318454116331,-35.1779733125108,16.717035965056382,-55.66055518337539,0.02216829890671203,0.16066057322208593
2.4,0.4212298140525478,0.22607152574290698,0.14064261819195173,28.045097563852515,29.995088544630114,-30.879534557686327,-35.368827124253755,21.42761608979812,-53.12900248092346,-0.026459805869686725,0.28459339329173533
2.405,0.42242452875548864,0.22798980064279445,0.10698925782890978,29.65744976162062,31.887674306426796,-31.726216615780174,-34.26596857020823,21.736018775497087,-50.03973631745685,-0.0845431468578657,0.4209544029492897
2.41,0.4234519081284418,0.22807291121427758,0.07733650820685126,31.279819073643772,33.41405203645604,-32.57144057090767,-33.02214517761931,18.31386417648686,-47.33035875203624,-0.11506348935489752,0.495246088017221
2.415,0.4246470900509205,0.22713358626035346,0.08402426719174234,32.91222548418999,35.098475460471064,-33.413500264464886,-31.651611900888838,22.90691422948983,-44.30898494866848,-0.12597407700411747,0.5233608300859464
2.42,0.4258345442951483,0.22556107786329274,0.08793568308727101,34.55456283549419,36.68381008767205,-34.25076984059697,-30.54469672332405,23.443020400266434,-41.542086520261364,-0.0638495302414217,0.3697653795874984
2.425,0.42684586220737375,0.22425826728899131,0.0999749174958165,36.20659083640376,37.985386071983655,-35.08170175762751,-29.845541973398497,20.365683668114272,-39.376629601826565,0.004689731439055781,0.19716801586806337
2.43,0.4280193235914218,0.22309080062779893,0.1243777299913163,37.26178574104867,39.446347125807385,-19.16053239413972,-29.311915547529424,24.34241024991468,-37.0823440038454,0.05126509805656436,0.058921516674801666
2.435,0.42918786695385275,0.2225034673221835,0.1328878438539018,38.06243226326519,40.843886434245974,-19.843134803582274,-29.0394335468103,24.374948248113512,-35.02237488123947,0.06645203620084177,-0.011191000896882415
2.44,0.4301879140056207,0.22215038340524637,0.13500935896153193,38.86775933140639,42.009282449039674,-20.52773429909763,-28.99599504290194,21.184969766990704,-33.41199208700523,0.06045849417670154,-0.027195376678795017
2.445,0.43135294915886024,0.22195051989647305,0.1492374758587833,39.67791832253709,43.33599578479596,-21.214195390570325,-29.130516954933313,24.483727822749714,-31.68905457621888,0.04375362309677025,-0.01404877716556986
2.45,0.4325161154054191,0.2213968642768109,0.1471117702062294,40.49305744544078,44.6222210901422,-21.902377428399376,-29.418374145392505,24.276730471863175,-30.115656716793822,0.03072482441482673,0.00715511159937595
2.455,0.4335107934077223,0.2210376823024768,0.14931149734696492,41.31332141866176,45.707933081005585,-22.592134454677733,-29.777930468495725,21.185818880784637,-28.860614265966248,0.019049539383298213,0.019692948015696963
2.46,0.4346695528252983,0.22068597510804322,0.16408487756199486,42.13885111427121,46.95780571992827,-23.283315091806998,-30.30385795774697,24.115238057484547,-27.487871732973314,0.009736904827264272,0.03798734158268218
2.465,0.43582635227346433,0.22035453619053186,0.1642983735383339,42.969783166361516,48.18163977273886,-23.975762469892828,-30.91087106442191,23.787453797937076,-26.20513388208471,0.00587392062289106,0.04693919728543259
2.47,0.43681686322875546,0.22019284889953655,0.16444638388002403,43.806249543343284,49.224163484957266,-24.66931419456418,-31.496076354797452,20.83981351046839,-25.158708245913903,-0.00021366556971773713,0.0477079134954817
2.475,0.4379727245967926,0.22029745098873377,0.17726476016545345,44.64837708321467,50.433857686171194,-25.363802356675365,-30.796352537116604,24.903097697089535,-23.13850751193169,-0.05688070469117589,0.1885316240327255
2.48,0.43912876477616003,0.22010044970029818,0.17236766693562053,45.49628699110221,51.62692596995772,-26.05905358556464,-28.9708751173863,27.143476145926158,-20.47849598737275,-0.13248864165898175,0.36338402694597355
2.485,0.44012090738345544,0.22043779693370585,0.171001658267417,46.35009429853446,52.37706694823486,-26.754889147217284,-26.591750393935854,22.20110545217898,-18.077658971789376,-0.182721494692932,0.4508143060104472
2.49,0.44127932326940406,0.22049417689297518,0.17780747683908943,47.20990728410989,52.98124208496685,-27.45112508883733,-23.43547789152359,22.595657482438327,-15.413264164914489,-0.19104212580460128,0.4785255254403657
2.495,0.4424381782355847,0.22072905164858475,0.173252167377416,48.07582685546082,53.34661749761486,-28.147572431071723,-20.385343152877425,19.84036172942085,-13.136497389449705,-0.10959290103487891,0.2918840215998681
2.5,0.4434336262368685,0.22128667309098665,0.1665590322343183,48.947945892698755,53.48765164802923,-28.844037408854973,-17.971327460892013,15.484708072809525,-11.539077893348272,-0.004708951776779415,0.049515932315481105
2.505,0.4445988371594034,0.22222331944334026,0.17048289035844114,49.826348553856306,53.481740161854006,-5.821313346982635,-15.44366166207223,12.819427457635697,-10.078490376071173,0.10074008640582209,-0.15695629304082584
2.51,0.4457915475879995,0.229294326589051,0.1549763258871855,49.00036719745175,52.14321791424223,-7.957783600370561,-13.142863598204457,-42.20738671329343,-10.487400822426828,0.2607541352117288,-0.5737233853656025
2.515,0.446828271104968,0.23060425247904953,0.06490422205145394,48.179943742625575,51.04320053191517,-7.489898660827777,-11.359674382509922,-31.969481524787525,-10.89567345215938,0.35248934559111517,-0.7501429478190312
2.52,0.4480385147393825,0.2299837894663063,0.05634047938845251,47.36500893373285,49.80899961615512,-7.0237550937332,-9.494899158986755,-36.09067040719479,-11.441958707200293,0.38662925819872535,-0.7802984095137222
2.525,0.4492416908801116,0.22833029654692427,0.05517363586295405,46.5554866355158,48.630348604554165,-6.5590040421764115,-7.847844148452566,-33.49783412680877,-12.049530688008229,0.36617664445444675,-0.7067957649783838
2.53,0.4502657953763615,0.22684060180437304,0.06677857698257973,45.751294347323984,47.6505269058514,-6.095324600874079,-6.575444543527567,-25.611171488614374,-12.616308478026264,0.24990751907996295,-0.35435936372630467
2.535,0.4514527067196939,0.22527675764616964,0.09225137058574275,44.95234369116872,46.53966568676052,-5.632421521797397,-5.2291438440262255,-30.34339385851993,-13.32034122026472,0.11932106208433026,-0.07866345097580282
2.54,0.4526316740144682,0.22395206370554177,0.10423659740430104,44.15854087324132,45.468548766545425,-5.17002307553048,-4.015455104155109,-28.634185020495522,-14.053487049651608,0.0501567314294153,0.044177331982877814
2.545,0.4536379382223579,0.22328735366419225,0.11411008274699405,43.3697871187202,44.570038876929466,-4.707879059061867,-3.0536683352912917,-21.8365307556807,-14.704981830311453,0.03026212369492049,0.06381954684933158
2.55,0.45480958921024894,0.22291571630042287,0.13145456969739602,42.585979079874846,43.54326112278167,-4.245758941266274,-2.0079189607474746,-26.51449279974055,-15.484530264635671,0.035156484235577996,0.03709246495211146
2.555,0.45597837242793704,0.22229409957543506,0.13076540796333327,41.80700921762939,42.54580556950927,-3.7834501373839657,-1.038212486656107,-25.280937651544207,-16.27265374538888,0.045292992124837075,0.006630286045433981
2.56,0.45697401391626175,0.22067548217423255,0.13326894084910162,41.03276615688126,41.70373901418872,-3.3207564042400577,0.7394492296093063,-18.48930923946375,-16.397001939489698,0.004983273599568638,0.08306581346833773
2.565,0.4581260523613399,0.21871616070969202,0.1627683022170058,40.26313501597987,40.69639253464779,-2.8574963483637816,3.701839032784335,-22.780269115443303,-16.08412277260543,-0.053970933504100045,0.21105352585258516
2.57,0.4592694244909637,0.21726050188459933,0.18248013178411024,39.49799771086,39.58730046835191,-2.393502039349187,7.35551175722361,-23.562141259742134,-15.54329919237002,-0.09612343765720092,0.313492874534873
2.575,0.46024391652519503,0.216307481390143,0.19703325773438396,38.73723323439412,38.552080564367216,-1.9286177213204496,11.019550197377612,-18.263250262317726,-14.927964281902845,-0.12127191864484316,0.38355039917861994
2.58,0.4613766356071533,0.21564028912395022,0.2205705813299886,37.98071791158172,37.26292173586508,-1.4626986155062411,15.648566055633722,-22.273087503150606,-14.173868596927202,-0.08644222274185477,0.34563061515470134
2.585,0.46250956344485417,0.2160322173791925,0.2267909393516973,37.228325631230604,35.91779150515099,-0.9956098075144837,20.015069382289937,-20.01326303355509,-13.68544757443177,-0.008995494011608958,0.2110028035030289
2.59,0.4634842724828144,0.21696128404543086,0.22053762778483404,36.23653376962437,34.71178963869709,23.87791790577151,23.41500866046573,-13.358375173289161,-13.548035436397345,0.053695121030113264,0.09296286804360188
2.595,0.4646281103773788,0.21838515791806495,0.22192246664178242,34.68359283967855,33.25495051840065,24.350854606390186,26.929778025458063,-16.686264803317414,-13.709351576637204,0.11503081664601339,-0.03485597027027719
2.6,0.46577802712447874,0.21939785701387154,0.20257120759902683,33.13918957890935,31.771060935371082,24.82688290410252,29.969374215775957,-14.760070932510217,-14.160184581047723,0.15448230584969022,-0.1332466866234938
2.605,0.46676707724471317,0.21989005866428366,0.1875192091381261,31.60353578876973,30.466096403644872,25.307823807853083,32.25502516584089,-8.941284560967802,-14.753485966219795,0.1622764461951124,-0.1629197790982727
2.61,0.4679240374515768,0.22047371073778135,0.19277669712460516,30.0767377890045,28.913675711448967,25.795273519163516,34.60306849037386,-12.628940683883286,-15.6420224204861,0.15335489003480904,-0.1615689519690762
2.615,0.46908148027796764,0.2203957186991199,0.18214905849490254,28.558802281241405,27.352098782637587,26.290626809383866,36.6551523301988,-11.429440555439811,-16.68482069864973,0.13083551721635944,-0.1263531046806468
2.62,0.4700727171708239,0.2201127200614588,0.17925978758188985,27.049642142295443,25.99299654955212,26.795098945104854,38.23184050619221,-6.4367077228213105,-17.690957385009828,0.11375179051521664,-0.09450240887262072
2.625,0.4712289238105016,0.22017401678274373,0.19344075761086577,25.549082016462897,24.389371682232156,27.30974625534725,39.897900807902715,-10.226205395616077,-18.968163764794223,0.1021550715983002,-0.07198648867849065
2.63,0.47238381347904923,0.21987084168766585,0.18902248254898418,24.056863592501355,22.787375464767425,27.83548541917682,41.40308498796725,-9.399541335401793,-20.316839477155746,0.08797553058745321,-0.04641321192622036
2.635,0.47337208341481574,0.21947560755696685,0.18900655290119872,22.572650465937997,21.400839011455155,28.373111544726697,42.60227465847774,-4.965153131585865,-21.530794534816174,0.07810483809922043,-0.03029183382742719
2.64,0.474524007952782,0.2193635986759649,0.20476909794361492,21.096032500255983,19.77226970632358,28.923315108681606,43.916799872820604,-8.636396435808393,-22.998217623133836,0.07382887215011566,-0.023334026852723597
2.645,0.47568554115368683,0.2221350074929318,0.20276657813557622,19.626529610920528,18.150943250625268,29.486697827280096,43.718801119641824,-9.081104776575359,-25.16446924106492,0.12660996733335023,-0.1286891797054128
2.65,0.47669295942535106,0.22433838910827933,0.16600758212824013,18.163594903760064,16.823977369547205,30.063787535213265,42.518733842017696,-5.64387793939413,-27.45492054992861,0.1863227091024418,-0.24963652091315167
2.655,0.4778754032889936,0.22523014742097222,0.14952152277097,16.706617103591583,15.375579287168135,30.65505215620243,40.830847367554696,-10.101744732603308,-30.184857750726742,0.23448724121947373,-0.3403529966147295
2.66,0.47905550613116593,0.22429274753039968,0.13302289624043276,15.254922209855332,14.027601900746774,31.260912858174095,39.268626643278196,-10.712712621328649,-32.76405296160097,0.2471911069919919,-0.35494325015977396
2.665,0.480061226232529,0.22293005089133558,0.13824164827396646,13.807774313045865,12.933494101020527,31.88175649647326,38.1458839973443,-7.733928549864402,-34.80718847218871,0.18492363293736777,-0.23112303228371847
2.67,0.481227556063563,0.22164284985661653,0.1638424478091391,12.364375498437237,11.719164393079755,32.51794746076564,37.12711893406251,-11.935415055565485,-36.97326677689871,0.10020122345575651,-0.05955219835960101
2.675,0.48238761234535593,0.22064359811761478,0.17438964088023937,11.441820857143405,10.570589795515028,17.512798836551383,36.40262812163846,-12.159617098822153,-38.905179723130985,0.02902397146306903,0.066369673590429
2.68,0.48337892413138783,0.2202485062682044,0.18210387727676425,10.741230394632538,9.623646439155332,18.046737289961044,35.99754387914757,-9.038664075398259,-40.397896044868716,-0.004606256362010613,0.11149053161424494
2.685,0.4845350005365636,0.22036049218068546,0.1975964578978182,10.040189060493056,8.557255877665778,18.579120494782728,35.73974919308421,-12.421883004667023,-41.97163001383006,-0.01856973272267221,0.11201568373092918
2.69,0.4856910634541523,0.2202188261319016,0.1925935646305384,9.338703847880605,7.534610399714404,19.11009764676055,35.66670516745046,-12.254323785724196,-43.383920029021965,-0.016899467622649895,0.09299712746366796
2.695,0.4866811678254677,0.22008368326049368,0.19057480803291624,8.636777128018018,6.680493423126891,19.639815792394984,35.73520214925398,-9.17687922794002,-44.489695031149246,-0.01081105873362058,0.07130181632410938
2.7,0.48783596275164964,0.22002559100137398,0.20311688265065558,7.934406629948455,5.707368957864849,20.168419905761425,35.93977671875905,-12.128214454078702,-45.67592562088201,-0.0018278291499713981,0.04440763675788511
2.705,0.48899032982345114,0.21996417126706244,0.20022713512865947,7.231585417264988,4.763976381422026,20.69605297919091,36.24464156621991,-11.820062827258369,-46.762557074320966,0.005298174529211632,0.02858324320098004
2.71,0.4899797744531025,0.2200175011453665,0.19741425547127273,6.528301861069817,3.96818006027698,21.2228561272737,36.580573162448786,-8.864525349208748,-47.63165798424478,0.006528207673970519,0.0196833574796608
2.715,0.49113460635105316,0.22011539072855635,0.20779807976717082,5.824539608383326,3.0535159846311593,21.748968703520887,37.042286022329364,-11.516210795093329,-48.58397950278529,0.011978340509694279,0.010948899892654962
2.72,0.4922895986441325,0.22012538450144412,0.20307072486960992,5.120277545187761,2.1595984660025094,22.27452842931035,37.55548316431566,-11.159819178369958,-49.475377248693036,0.01377068954186678,0.009436717950645778
2.725,0.4932828664056305,0.22105109028295916,0.19936287785085197,4.415489753249197,1.4000763746429237,22.799671534696614,36.975986602561704,-9.355539630936775,-50.81461864208318,0.06250863799645383,-0.09134964670741476
2.73,0.4944409122040016,0.22045287236392455,0.1991503612961136,3.7101454598136456,0.5216612929471857,23.324532910851303,37.68117705896026,-11.758343576704249,-51.56796392641091,0.0363808626143071,-0.0361015296073846
2.735,0.49559514340292254,0.2195707668841035,0.2023257646076324,3.004208979220415,-0.22748553280853973,23.849246273940707,39.511071425989115,-7.835154545923899,-51.49858501526361,-0.0499453452791566,0.12109899354494452
2.74,0.4965835535200751,0.2197288221071158,0.20917613330550264,2.297639645413703,-0.7811636331744244,24.373944340375203,40.65084014117545,-2.541023666082836,-51.5689468431565,-0.0816654728807168,0.17124202830723084
2.745,0.4977436349688301,0.22170366386898246,0.21841963155002397,1.5903917342625604,-1.3385488411638118,24.898759013519992,40.482162629676054,-3.1087059817859313,-52.39383131952323,-0.0911482510085418,0.17596224599855215
2.75,0.498915918780181,0.22396630713161653,0.19115630865028174,0.8824143745180493,-1.692312285355558,25.42382158195565,39.085761513807824,0.751207470746408,-53.662426750141876,-0.02136057046989855,-0.006654374063148398
2.755,0.499927935273723,0.2250058936823209,0.15943219172055517,0.1736514461433778,-1.8488032797041545,16.806596518425238,37.00820524577074,4.6673961378986775,-55.07624425304779,0.09243314840159661,-0.24979925875828415
2.76,0.5011121088889112,0.2254869177615526,0.15622679915386994,0.17365144613821215,-1.885171813805032,4.826348553863625,34.1750888012686,5.963450957065504,-56.785572060202355,0.15320074392108676,-0.382314615089867
2.765,0.5022960023926683,0.22524398398844092,0.14440584312250376,0.17365144613821215,-1.7951420005817458,44.826348553861806,31.379004905958027,8.00992026774935,-58.31719649446675,0.10366620989705301,-0.27530887897160566
2.77,0.5033089026856292,0.2247694083257375,0.14112333726292914,0.17365144613821215,-1.623892225369745,29.028062649320674,29.119548097618406,9.195304879133417,-59.42935113136668,0.042390212074824775,-0.11573788430848618
2.775,0.5044891471915189,0.22464732966271964,0.15564654121716545,0.9275312779206146,-1.3307622892571844,11.114136723136937,26.70227894511754,12.247745898191326,-60.475696599048966,-0.03514558037983489,0.07263082666979365
2.78,0.5056692479970446,0.22473715674351674,0.1512646208747843,1.680526439148327,-0.9601358151257107,10.470500028865985,24.538247680279653,13.88412582295308,-61.26889291157206,-0.09054589249912398,0.2041608703037445
2.785,0.5066816129388564,0.2249510354991888,0.1444033633572486,2.432703863946287,-0.5817157987261393,9.828722737777298,22.852743345019235,12.928906623373734,-61.76648425419839,-0.1083698136984361,0.2476298253385817
2.79,0.507864403153154,0.2253017850711161,0.15087756132274774,3.1841237842608976,-0.08034409447935428,9.188996695207578,21.060827834268792,17.18009563393889,-62.16192122734493,-0.1072779088604654,0.2422364738119034
2.795,0.509047707627077,0.22526408364370765,0.14071064945583894,3.934839865490659,0.46759080917270346,8.551507601835453,19.44118059482696,18.2427561030879,-62.390821906726,-0.09202783650130808,0.20710445304603228
2.8,0.5100615876661846,0.22516309276693533,0.1350665636421547,4.684899324188976,0.9768313049862666,7.916435651592366,18.1564294866578,15.727658322339337,-62.47087976674561,-0.07723402386465947,0.17322744912702445
2.805,0.5112444058364544,0.2251908188081486,0.14510999690370607,5.434343029748966,1.609630113947728,7.283956082485616,16.760066612606693,20.543294873824493,-62.44944856194954,-0.0635483554513829,0.14301265833070115
2.81,0.5124267358738166,0.22505857294189469,0.13873937604124595,6.183205591836995,2.2693914479074495,6.654239650745865,15.467342928869812,21.106275299067363,-62.32794307785406,-0.05144501741564844,0.11901007326778
2.815,0.5134396505001844,0.2249728800382735,0.1342930781330446,6.931515435215211,2.861096243308357,6.02745303705214,14.416843035284671,17.60067924380553,-62.152477442431305,-0.04323957394486021,0.10380790374855582
2.82,0.5146189332524139,0.22432006575250485,0.14424175663399438,7.679294863482333,3.5764673835499905,5.403759192635761,12.150778639481132,21.55356145255668,-62.52156602690139,0.012222298229281295,-0.012129089010836511
2.825,0.5157935880600416,0.2232623602433902,0.14618611388798838,8.426560113166818,4.344658963024304,4.783317631883222,9.059724902355526,21.572608025916935,-63.29321108355667,0.07805482443091535,-0.14427034888643323
2.83,0.5167968451843775,0.2226406787208246,0.1533001766424168,9.17332139952508,5.1267653787988925,4.166284677700816,5.791112953351671,19.661100266392083,-64.1342330944896,0.12201861650817361,-0.22927957733472915
2.835,0.5179642423566244,0.22214671453149643,0.17040387298136261,9.919582955325053,6.161994781660881,3.552813664620288,1.4009989635572708,26.141316390981075,-65.25455302755341,0.16385963749245813,-0.2941758160373036
2.84,0.5191282125721797,0.2214243001242514,0.17152846125568735,10.66534306383383,7.293654702608779,2.9430551046211235,-3.4062504089146444,25.604408372770052,-66.43796982930793,0.15606569554162864,-0.23382990592779185
2.845,0.5201243761385421,0.2213291647392316,0.1756418816729171,11.410594087173585,8.346719820213584,2.33715681973959,-7.487970405196847,19.52188068839878,-67.27737183771575,0.12351663733947102,-0.11978659400634137
2.85,0.521288895090962,0.2221388986009002,0.18717904724758372,12.39210307162322,9.65749343647942,-22.780045525017954,-11.910918205705343,23.92667816121508,-67.91522216788303,0.07861819651941901,0.01772111856390227
2.855,0.522458790717699,0.22323717136776894,0.1732260054309303,13.928215359192881,11.027447918330875,-23.523894348709206,-15.853089654325572,22.143058197257716,-68.1767025478554,0.029664094156529448,0.1438652912982508
2.86,0.5234660688148302,0.22406194469064497,0.15540552341435468,15.468649995978826,12.259694405178932,-24.289896357900886,-18.881631278207607,15.811297334398745,-68.11664893989479,-0.013015127779600918,0.23895610296777112
2.865,0.5246462469226011,0.22509124921426069,0.15514426097036313,17.014359743633136,13.75494827747399,-25.074865375916175,-22.042704721556447,20.080594050349802,-67.75966494018009,-0.04592687858326801,0.29258302988046897
2.87,0.5258299964479136,0.22559562487072574,0.13722793066724762,18.566217932699004,15.286454688280056,-25.875878380953907,-24.84031762415441,18.709350134877,-67.15673244383308,-0.04913893616513363,0.28215200392482215
2.875,0.5268457571045178,0.2256535316728102,0.12516976481465547,20.125018365533865,16.641997792585062,-26.690235015825834,-27.01084940169639,13.086540728409076,-66.46288768959256,-0.03739595955427776,0.24909926072676053
2.88,0.5280316044329467,0.22585580989194406,0.13317869090965925,21.691473917448505,18.265955578052143,-27.515424337530703,-29.319646476968444,17.38008457131484,-65.48185681064948,-0.02378200367622194,0.21301531477186414
2.885,0.5292170970493313,0.22569271378293446,0.12448816468521161,23.26621394649214,19.91201958519962,-28.34909763746407,-31.412735800312873,16.40588471086994,-64.36237455071114,-0.006471759852144794,0.1725503702063619
2.89,0.5302321948589879,0.22540761789833083,0.12012572616204777,24.84978061233057,21.356294289179235,-29.189046387399316,-33.080097597012696,11.400490722807362,-63.29590565703228,0.004918450663091021,0.14782189279681712
2.895,0.5314157976104446,0.22537301125713077,0.13222682695327742,26.442624201965724,23.074592629456774,-30.033184541160125,-34.90055024995027,15.501393817041944,-61.946834485908255,0.011619017179407935,0.13699709938863822
2.9,0.5326090403920736,0.22810113706873722,0.12652003837531264,28.045097563849094,24.80559689575934,-30.879534557683854,-35.11133218842946,15.837083486715898,-59.80825264059361,-0.03229129464564091,0.2477823337542276
2.905,0.5336433107465414,0.23027546837444005,0.08747326549114282,29.65744976161718,26.232281632057507,-31.726216615779947,-34.16335521232949,11.706662497500872,-57.47995409382639,-0.08554182638290567,0.37466651635282355
2.91,0.5348564196798509,0.23096673174376728,0.06896048407202007,31.27981907364031,27.797209696600095,-32.57144057090582,-32.68375580960617,16.39921703555774,-54.664601015551995,-0.12201094221672044,0.47142609768264376
2.915,0.5360659245004841,0.22970867864103936,0.05211501893083537,32.91222548418651,29.261337273992012,-33.413500264462215,-31.294037494672267,16.831655573564163,-51.9858547526098,-0.1214177157304621,0.4876831261028996
2.92,0.5370953605686084,0.2280629854443318,0.05851139823906918,34.554562835490685,30.456407544930368,-34.25076984059422,-30.31277624117709,13.305060363695432,-49.8549043805438,-0.0616431254945517,0.3495506116094884
2.925,0.5382877506890232,0.2264354426094703,0.0853484890237857,36.20659083640024,31.79081364738122,-35.08170175762777,-29.462651249329753,17.890126646615457,-47.58808586706028,0.019941580657033435,0.15935954398526955
2.93,0.539471597630744,0.2248590883617644,0.09759958414117044,37.26178574104698,33.06064492753778,-19.160532394138045,-28.912841415257276,18.039613484655234,-45.55986695974734,0.07629989449301412,0.009983945985765751
2.935,0.5404807744662892,0.2239851761994855,0.11000220983441877,38.06243226326348,34.1143044851406,-19.843134803578636,-28.66648404638576,14.452695760897328,-43.987458708862334,0.08840160362891647,-0.05595880571862258
2.94,0.5416549969263874,0.2235395667857427,0.12955001996773982,38.86775933140467,35.30863707664558,-20.527734299097204,-28.6037158551012,18.235985847902867,-42.32313915030353,0.08138033052541445,-0.06923368911550958
2.945,0.542827532270342,0.22323249295562686,0.1295039656926922,39.67791832253536,36.4618113259452,-21.214195390571774,-28.732327388455644,17.969822143616938,-40.82200941278957,0.06549375759091045,-0.05963314249609182
2.95,0.5438304188301899,0.22267562868243082,0.12797753659806377,40.49305744543903,37.43158596784472,-21.902377428403298,-28.981487888861608,14.453363354885113,-39.64023952884288,0.05241556070236078,-0.042214202073499074
2.955,0.5449977912934733,0.22228252483140876,0.14435166587226386,41.31332141866002,38.54421100663553,-22.592134454677847,-29.404279282332,17.784439872375486,-38.36425501032666,0.039290774511851,-0.018993440471416403
2.96,0.5461635311455431,0.22198610030735363,0.1442923158986931,42.13885111426943,39.63044357935092,-23.283315091805207,-29.930975522941765,17.39666718042946,-37.186441786940534,0.02920631759600638,-0.00447541366533805
2.965,0.547161477206402,0.2217321023986434,0.14324001334902653,42.96978316635971,40.55331016341128,-23.975762469893482,-30.462567144834054,14.01677978803437,-36.23665085373537,0.02549845371652874,0.005246006582048952
2.97,0.5483244711374177,0.22152283942553258,0.15648818618770546,43.80624954334148,41.62150145893666,-24.669314194558666,-31.15741689640086,17.035343982118533,-35.18655359297328,0.017939239020922208,0.013715518135055975
2.975,0.5494906140444674,0.22243610503787004,0.15465305403590496,44.64837708321287,42.67284467362878,-25.363802356674768,-30.458731002005095,17.947488880948086,-33.35936820120092,-0.04083556050295143,0.1507523707484602
2.98,0.5504935906793788,0.22303614198547883,0.13933924603303033,45.49628699110041,43.57244825551902,-26.05905358556157,-28.871551151862406,16.948353587059415,-31.217377282024877,-0.10829230043408036,0.31013721340829975
2.985,0.5516677584858478,0.22365616151430368,0.14210027232997297,46.35009429853264,44.34493232471818,-26.754889147211117,-26.091565531754213,17.357798801679735,-28.5379554873385,-0.17023600721000795,0.4276421463926105
2.99,0.5528419695996242,0.22328011358509506,0.1295272421404233,47.20990728410807,44.87158547992494,-27.451125088836136,-22.914127612582632,14.679633024575878,-25.944282791758685,-0.18311033717414904,0.46504474386681954
2.995,0.5538461744257499,0.2228671321403509,0.12866414555284364,48.075826855458956,45.147090463500874,-28.147572431072348,-20.221897497596956,9.94949275155642,-23.97322203519878,-0.11753595644931047,0.3102805054743796
3.0,0.5550158087325859,0.22263987907489544,0.14322994167874722,48.94794589269688,45.29407079462625,-28.84403740885486,-17.318055841566036,8.52910162826116,-22.05130239806108,-0.005441927055280097,0.06184991456597943
3.005,0.5561856298334998,0.2227905161346203,0.1410206918655672,49.82634855385443,45.28992991110318,-5.821313347660947,-14.747086197756971,5.379987001990244,-20.535612576099016,0.09864632616452663,-0.14595924285664166
3.01,0.5571914361471769,0.22370372120434245,0.13435097894259815,49.00036719745353,45.02618007232296,-7.957783600370362,-12.765663769114099,-3.6698694405230015,-19.724351782293514,0.1669273290511733,-0.30853010413553
3.015,0.5583687084164299,0.22441655122317825,0.13317957045634884,48.17994374262733,44.63922737537176,-7.48989866083113,-10.705847673749616,-7.3480351989674375,-19.03801715043322,0.19197772926340356,-0.37194395288083126
3.02,0.5595475261183681,0.2244274169423336,0.1192412752867257,47.36500893373457,44.18843625196951,-7.023755093729562,-8.89820883343225,-8.80584080167462,-18.590406422523422,0.1819734996785242,-0.3564486082052587
3.025,0.5605571198606255,0.22416354678538655,0.11342177311851376,46.55548663551752,43.75120677393306,-6.559004042178145,-7.5113294732088605,-7.282943947996316,-18.373524610173607,0.16208693663871965,-0.31082348029003304
3.03,0.561733942967237,0.22398808107479087,0.12575871809711023,45.75129434732569,43.191799507114006,-6.095324600868167,-6.054137425987619,-11.739372144784952,-18.283914792371313,0.11979458808830289,-0.20802984651935308
3.035,0.5629093458678136,0.2236722410014664,0.12230639685058368,44.952343691170405,42.596147094357804,-5.6324215218022005,-4.749901958829923,-12.600871346057488,-18.335004832699596,0.08946465152944093,-0.13361897743012935
3.04,0.5639152689395521,0.22332267391483765,0.12063014028202462,44.158540873243,42.05377238687189,-5.170023075532157,-3.723806854911487,-9.831306797745611,-18.477070094638012,0.07408686620423438,-0.09820190734979713
3.045,0.5650876105720836,0.223153912879059,0.13429863429344274,43.369787118721916,41.390640808287934,-4.707879059059451,-2.615814979464119,-14.49571535339311,-18.737630211043637,0.06638563761277416,-0.08241919162082932
3.05,0.5662587422855384,0.22289605102395116,0.13116273208492865,42.585979079876545,40.70860995519841,-4.2457589412654215,-1.5952275089873638,-14.898944836239465,-19.07642101010563,0.061642168214886606,-0.07084999836554697
3.055,0.5672612796241033,0.22259412357758152,0.1291813703742815,41.807009217631034,40.104122536029394,-3.783450137386353,-0.7687798108908055,-11.429266786629597,-19.42333050158158,0.05955169662091204,-0.06407882186461006
3.06,0.568425526298802,0.22119923347315112,0.142588243882164,41.032766156882886,39.38045412468455,-3.3207564042414504,1.282733668920116,-15.084595371175851,-19.232164592218233,0.006549118820567048,0.048448217040324704
3.065,0.5695814891922065,0.2195681983400788,0.15458559480183995,40.263135015981504,38.611402759381534,-2.8574963483627016,4.200433946140322,-14.825090931670019,-18.61891557564151,-0.06049845795713143,0.19214789369537305
3.07,0.5705662580453099,0.21850597215430367,0.17009064076849795,39.497997710861654,37.83680956868993,-2.3935020393516027,7.347207578502321,-12.67004762003235,-17.90208029221975,-0.10180753950277274,0.28837785769009716
3.075,0.5717093947739282,0.21743200091663992,0.19400580786949606,38.73723323439573,36.820604810440095,-1.9286177213180906,11.620649993804193,-17.99435482402251,-16.916297073911167,-0.131089548145235,0.3726813711560265
3.08,0.5728476465364339,0.21660322287946354,0.20409105016028767,37.980717911583326,35.718824778381176,-1.4626986155086001,16.218137602617873,-16.962537985641873,-15.919394870656237,-0.09078293704880215,0.3243914124974295
3.085,0.5738226528673971,0.21685267751419687,0.21172367442448048,37.2283256312322,34.702044901466195,-0.9956098075175817,20.005161136168425,-11.118260635425429,-15.287335063852968,-0.018954869850330295,0.21057690845858065
3.09,0.5749647694114837,0.21807471077866483,0.22107452952906878,36.2365337696277,33.445867862907896,23.87791790577117,24.018873383516222,-14.641139352936193,-14.89627837459642,0.060952818101730484,0.07089925064164204
3.095,0.5761137865885474,0.21936506478844894,0.204248739150491,34.68359283968184,32.14351989947517,24.350854606389333,27.524721394610083,-12.813312879349283,-14.857580499582088,0.12331783542222874,-0.0554209758461237
3.1,0.5771033480171354,0.22015088402720304,0.18601086097841088,33.13918957891265,30.981771153446516,24.82688290410053,30.164546358732224,-7.049178757450903,-15.082588366275683,0.1612427352211524,-0.140845829198148
3.105,0.5782627009025687,0.22114693742796077,0.1877703087292055,31.603535788773,29.583873145625088,25.307823807851065,32.86576361849083,-10.745948353612903,-15.596838952005186,0.17219081545053885,-0.18507912445306887
3.11,0.5794253027868769,0.22157870747641611,0.17208179624107578,30.07673778900773,28.164497187824427,25.79527351916468,35.208946256865914,-9.492596995664044,-16.317564387264845,0.155002382309274,-0.1701678332076457
3.115,0.5804223805521221,0.22146364990846487,0.16274269427526225,28.558802281244635,26.919438997134872,26.29062680938418,36.991569348912776,-4.4423616632324325,-17.081330193870336,0.13481118426990107,-0.13802931850353875
3.12,0.5815858085171968,0.22159552772047159,0.17443351237973792,27.04964214229865,25.4410557004728,26.795098945106105,38.85422434701627,-8.32073026257332,-18.10803857350524,0.11479040334869532,-0.10489478838605315
3.125,0.5827485739282519,0.22136300637528744,0.1685482827909587,25.549082016466127,23.956327586931135,27.309746255345942,40.51652815409847,-7.489043308573997,-19.235661213696453,0.09407994152028848,-0.06784983976129284
3.13,0.5837436531601293,0.22092946957950196,0.1670068245552672,24.056863592504534,22.66559974941443,27.835485419172073,41.82412554135158,-2.9777850417007414,-20.278586643103406,0.08235674040970474,-0.0450246496246938
3.135,0.5849036563238131,0.22093841583755328,0.18261922902211317,22.57265046594114,21.14404876008943,28.37311154472272,43.2398037806455,-6.757071761769211,-21.564371395968926,0.07664339374452787,-0.0325396001255463
3.14,0.5860622014097464,0.22058468054058383,0.17848174199051953,21.096032500259128,19.624777528114915,28.923315108680185,44.550950876296184,-6.127809276088385,-22.89317215450629,0.0679237869963263,-0.016353804941211653
3.145,0.5870623262187796,0.2228369003052209,0.17873799250356742,19.62652961092366,18.310253096280967,29.486697827280352,44.3763454811544,-2.9497250197051557,-24.649937167664476,0.11714235256645146,-0.11303373013351502
3.15,0.588244535922388,0.22595514698681832,0.16232087991470714,18.16359490376317,16.845851740246253,30.063787535210054,42.97715915216122,-7.442644541445674,-27.202632889828426,0.18947982777732725,-0.2603157174176692
3.155,0.5894338724960017,0.22643018170003745,0.11965940308086395,16.706617103594674,15.48985620658418,30.655052156200924,41.3022282856445,-7.848565427670508,-29.79676388751998,0.22904081645727203,-0.3356108293769353
3.16,0.5904505104745852,0.22538491535833302,0.10745350906068547,15.25492220985841,14.394629775346223,31.260912858171764,39.95035292919346,-4.832842672281842,-31.925192092007915,0.24015611960562236,-0.34907041242001313
3.165,0.5916299028640936,0.22403275899963893,0.12835837152806362,13.807774313048943,13.184869171013064,31.881756496470786,38.62662054989792,-9.299381454977805,-34.217925302457644,0.1794555144178311,-0.22438252225250574
3.17,0.5928008833524867,0.22238911536422853,0.1385173215516696,12.364375498440316,12.045594741667628,32.51794746076402,37.61354705471754,-9.752696591516042,-36.27458408315648,0.08386042903770946,-0.03409794209152623
3.175,0.5937981363700409,0.2212415210667955,0.15284609162782195,11.441820857144908,11.110375297648817,17.512798836553998,36.98780080094332,-6.738903840609254,-37.86237195485097,0.021726584312603266,0.07586027909841689
3.18,0.5949579063200163,0.22084949093120926,0.17666408441735953,10.741230394634051,10.061410228160291,18.0467372899609,36.509011127933235,-10.359891049679689,-39.52826971463333,-0.013209161139313556,0.1246210245666516
3.185,0.5961164108701035,0.22068568235931965,0.17726264922401966,10.040189060494555,9.059147563895891,18.579120494780625,36.25310496565237,-10.27775730708558,-41.012299002807765,-0.0248074812467441,0.12620684880500288
3.19,0.597108560217009,0.22046867612257784,0.17528893671175683,9.338703847882108,8.22499533837383,19.11009764676234,36.191665881208195,-7.190759017882542,-42.16393205750263,-0.022952792360299696,0.10570374499248258
3.195,0.5982645675412736,0.2201467818808706,0.18861335765877701,8.636777128019531,7.277477537380145,19.639815792396746,36.27150750891175,-10.27555043088762,-43.387734353533446,-0.011079620537185041,0.07464635891886941
3.2,0.5994191141092553,0.2199258569920143,0.18871898794112035,7.934406629949947,6.361522635500804,20.168419905759947,36.47592485132532,-10.00762449060828,-44.497540017969285,-0.0046747103670156005,0.051474676025903374
3.205,0.6004079405039172,0.21979850098737577,0.1877660573380818,7.231585417266505,5.5909620960678295,20.696052979192075,36.74181329364811,-7.0214411442971,-45.37626703154184,-0.0003869605435421475,0.03637148117160868
3.21,0.6015613924255323,0.2198218347633664,0.20032927594345207,6.528301861071341,4.707214373926566,21.222856127272735,37.13722463291535,-9.743440111275333,-46.33018384997926,0.006506338336613044,0.024765777770303282
3.215,0.6027148445973386,0.21977283915241555,0.19660041125135325,5.824539608384814,3.8453929078917946,21.748968703520717,37.597672116543265,-9.387515450740452,-47.21480988455329,0.005879159868661637,0.01980962901775815
3.22,0.603703062553478,0.21968062622238252,0.19372211808282205,5.120277545189264,3.114493616308756,22.274528429308077,38.04400646442659,-6.543082195251969,-47.93061156340988,0.007699768370008352,0.016598836827534033
3.225,0.6048600246983764,0.22082794687872528,0.20592571840851204,4.415489753250711,2.270315749707496,22.79967153469221,37.383342637740895,-10.186354265412291,-49.42750717990716,0.06694935250642603,-0.09970507266478974
3.23,0.6060151215722431,0.21978198483947076,0.18866916630988798,3.710145459815145,1.4421233737749857,23.324532910847694,38.10965017010477,-9.760570769271652,-50.10618477487055,0.03330761403692702,-0.034865695265418765
3.235,0.6070008868600159,0.21874725432493494,0.19737013561647798,3.0042089792219144,0.8299037780215694,23.84924627393974,39.71624338243271,-3.767852890028209,-49.992303354752394,-0.045646001765733,0.10524345416345637
3.24,0.608148830249661,0.2186891530084367,0.22087406808586682,2.297639645415231,0.2136852457064528,24.373944340376312,41.093767762841566,-2.9536079567479447,-50.01460359632791,-0.08339788490629366,0.17341600441232996
3.245,0.6093032229380899,0.220643890467594,0.21858873260118233,1.5903917342640739,-0.3118384994111922,24.89875901351769,40.946671258467006,-1.1062738926941762,-50.786052723939825,-0.10038038965880652,0.19358721313233382
3.25,0.6103026055908459,0.2225673475331206,0.1920635849620675,0.8824143745195769,-0.6001673762182439,25.423821581954115,39.74716594734642,4.254888863503041,-51.85128709467188,-0.0319286926534403,0.023395479110642544
3.255,0.6114781253912569,0.22423291364945797,0.17957817989839642,0.1736514461448806,-0.7749883904776536,16.80659651864687,37.33841493125871,5.3786549562232295,-53.47415474026714,0.09948213945649576,-0.25656195087429956
3.26,0.6126573241088653,0.22449448636254543,0.15459027597402294,0.17365144613821215,-0.8088476983544256,4.826348553863625,34.534468878312765,7.472129175987277,-55.156473576507835,0.15976839898413678,-0.3870175471277782
3.265,0.6136672572719426,0.22412339056808464,0.1457888539750544,0.17365144613821215,-0.7340557290273164,44.826348553861806,32.116162457105276,9.252811447858548,-56.48012816623177,0.11882668070339894,-0.30044126667168086
3.27,0.6148435870491127,0.22374258474232456,0.15935683553449786,0.17365144613821215,-0.5436862132571053,29.028062649686092,29.457735711720886,11.488868759804305,-57.7989153563047,0.047011890039168155,-0.12527166522396418
3.275,0.6160178367658963,0.22346258434574673,0.15836282569903698,0.927531277919023,-0.2665867759830785,11.1141367231358,27.053397747089548,13.089956902308629,-58.85577063855783,-0.03353702908222475,0.07176352419951405
3.28,0.6170238099528598,0.22347477436951405,0.1563668053424811,1.6805264391467247,0.037708700692517555,10.470500028866525,25.178399146303093,12.723094770836099,-59.56329147280973,-0.08276181727736359,0.18706328965921268
3.285,0.6181989313565432,0.22391625684618635,0.1657766155727991,2.4327038639446847,0.45870184675850756,9.828722737780538,23.1922123775488,16.35167632656791,-60.18067513670372,-0.10721765564833609,0.24129148482622753
3.29,0.6193757935531714,0.22416372866804518,0.1552190738422519,3.1841237842592918,0.9323255133911844,9.188996695200586,21.408200028347636,17.418216957731488,-60.606263219103056,-0.10345731130765756,0.2359665828354757
3.295,0.6203850057343258,0.22416153180952209,0.1467895594745902,3.934839865489053,1.3816468131002426,8.551507601832782,20.003833053095008,15.37584322744442,-60.837458143097464,-0.09131199687728016,0.20807243544346202
3.3,0.6215626896279709,0.22424723186074558,0.15608288015300983,4.684899324187398,1.9483684043237017,7.916435651598761,18.4895467812853,19.738309205155034,-60.97454773069238,-0.07639933668489497,0.17226074701185942
3.305,0.6227403059281422,0.22420991791145103,0.14948332813112172,5.434343029747389,2.5460231687878907,7.283956082487805,17.098809791507392,20.33259032100804,-60.99457160235139,-0.060282661376650296,0.13824578436037743
3.31,0.6237495215768941,0.22416503141922153,0.14433638249971648,6.183205591835389,3.0868095699851468,6.654239650748451,15.977312533880479,17.19523436964333,-60.92969935417448,-0.04958421949253289,0.11781150492762038
3.315,0.6249271457016045,0.22424541937264064,0.1541314274284202,6.931515435213619,3.7453642324596235,6.027453037056887,14.739112680897222,21.82243251733786,-60.772938856143725,-0.04042611482279928,0.10221780361396185
3.32,0.6261025711749928,0.22357901154253107,0.14759961729676113,7.679294863480727,4.421056533072946,5.403759192633828,12.478555867468884,21.027653052683036,-61.191748421203954,0.01787701807800848,-0.017589528366925702
3.325,0.6271069538230234,0.2228717057436998,0.1500440466260002,8.426560113165216,5.050784035635929,4.783317631892032,9.793643533672537,17.009676850783904,-61.91472290856231,0.07613115828708823,-0.13767246670769315
3.33,0.6282753543200631,0.22221945545584304,0.16805541326395884,9.173321399523502,5.9199250431653745,4.166284677704908,5.962476473949039,24.13076473645394,-62.96896861911603,0.1306340105228635,-0.23664857772078515
3.335,0.6294397636559034,0.2214965920939731,0.17095295281025447,9.919582955323449,6.89703985605966,3.552813664623443,1.6068466312703151,24.827019439817207,-64.15276393530415,0.1763179981683059,-0.3040740171293103
3.34,0.6304348925629568,0.220967542732867,0.17503292252473426,10.665343063832228,7.824416454422501,2.9430551046187077,-2.550549563006655,19.565639466433083,-65.25457920178106,0.16751920692418712,-0.252539431648334
3.345,0.6315946639532417,0.2208982849782392,0.1917641734092299,11.410594087171994,8.995574669123801,2.3371568197427166,-7.36630549214658,24.08016164507221,-66.35178957080227,0.1325011224637355,-0.12980254528882687
3.35,0.632756133438778,0.22147176389355072,0.1885668079805271,12.39210307161995,10.23303387418832,-22.780045525016163,-11.78563287655993,22.333545034864258,-67.09174050458081,0.08686939436536463,0.005402921764068102
3.355,0.633755231383795,0.22228977818914145,0.1776610873121635,13.928215359189625,11.355578104090696,-23.523894348709263,-15.218943174959264,15.897933936224888,-67.41945466834629,0.04341114804986302,0.1168229999867094
3.36,0.6349265698684479,0.22352694394589376,0.17820080044552267,15.46864999597553,12.726671839711697,-24.28989635789867,-18.80770663866852,20.022015651717794,-67.47127021045362,-0.005937961172181142,0.22941821020780537
3.365,0.6361030197979732,0.22434890202708682,0.15861967679973188,17.01435974362984,14.138428804450392,-25.074865375917568,-21.971386604332906,18.45089101090437,-67.22697623211434,-0.03585098972295596,0.2776969578652415
3.37,0.6371139649879614,0.22469047190354327,0.14347056598076563,18.566217932695697,15.393288541405079,-25.875878380951036,-24.408736685297242,12.582169494563615,-66.80697665092872,-0.04048064838621979,0.2730343023123464
3.375,0.6382955022705393,0.2251041257454716,0.14856833847668724,20.125018365530543,16.90185210733238,-26.690235015823703,-26.979468046363337,16.858171029507787,-66.11226784462191,-0.034858235112622815,0.24535058726944536
3.38,0.639477703120403,0.22513733654277934,0.1377721809722349,21.69147391744516,18.43517796054387,-27.515424337529453,-29.288587968323668,15.754753865118971,-65.2487666636064,-0.01837209980385804,0.19953521862305407
3.385,0.640490724634737,0.22499982396055987,0.1313915070379239,23.266213946488755,19.78382055498162,-28.349097637462705,-31.110903289488988,10.527177786897994,-64.38343593994111,-0.0049868587573492,0.16799073856525995
3.39,0.641672649871219,0.22509691463573142,0.14194015744056587,24.849780612327173,21.391445700738053,-29.189046387400055,-33.083125541993695,14.707427979108957,-63.25205442290596,0.0033716040990732386,0.147348410434024
3.395,0.6428536296512313,0.2248290594138204,0.13483256524284015,26.442624201962328,23.013748463955594,-30.03318454116092,-34.901960844527025,13.87288791826164,-62.02591444817206,0.014176029352887067,0.12576652511664516
3.4,0.6438735019743089,0.22723134445378212,0.13210012605543048,28.045097563845644,24.432035550097837,-30.879534557682888,-35.08417484458454,10.108031241620225,-60.27985618085951,-0.027288314509306362,0.22837718387678974
3.405,0.6450787689194329,0.23029539163954474,0.11217651509003326,29.65744976161372,26.021290745219964,-31.726216615778185,-33.99854919841266,14.793979402353443,-57.674742639754484,-0.09408155743020548,0.3845950853094378
3.41,0.6462911313131917,0.23076609555758376,0.06811877562552837,31.27981907363685,27.49917788755424,-32.57144057090483,-32.53733139556226,14.868884568242322,-54.98499194458854,-0.12655973898129635,0.4698537216339637
3.415,0.6473272708047432,0.2296479873595484,0.0539329344198677,32.912225484183026,28.69839915810762,-33.41350026446108,-31.336604983701733,11.182424062880614,-52.76237697426278,-0.12986000509347628,0.4872528267171734
3.42,0.6485282837288378,0.22801171051648078,0.07397438367392688,34.554562835487175,30.029476634380618,-34.25076984059069,-30.17946071348166,16.012625753561906,-50.359035116547965,-0.07014362264513728,0.3546086633989056
3.425,0.6497197988669696,0.2261910269161107,0.08556765944326176,36.2065908363967,31.289441654104966,-35.081701757622625,-29.333579431701367,16.317116159334034,-48.197307793170594,0.019786477428671463,0.1459402554249444
3.43,0.6507340903332034,0.22487060197464592,0.10016726340038459,37.261785741045244,32.32956835918669,-19.160532394136965,-28.858644061479396,12.752825028732644,-46.524375134888274,0.06833879403262924,0.012467372975366363
3.435,0.6519110560602487,0.22383610425064157,0.1245149533901933,38.06243226326176,33.502885799772294,-19.843134803580796,-28.56568389354669,16.79737977532163,-44.76458424629719,0.08626907559288254,-0.05895162211015424
3.44,0.653084734434926,0.22340617816730537,0.13115226949909192,38.86775933140293,34.63076223944735,-20.527734299094817,-28.503144424605097,16.603278335250195,-43.191556153827904,0.08162787737686313,-0.07996618816453059
3.445,0.6540888465826158,0.22301367847371126,0.13096976759258944,39.67791832253363,35.57542830390694,-21.21419539056751,-28.616164130521526,13.006293940507419,-41.96606492554905,0.06961986424493927,-0.0718745553742535
3.45,0.6552581438940438,0.2225866142575224,0.1453028725630171,40.49305744543727,36.65520840641592,-21.90237742839585,-28.908099203589984,16.462496454798682,-40.657718565578605,0.05334639943147931,-0.04900089662933097
3.455,0.6564247247549306,0.2220604313361044,0.14547312487744943,41.313321418658276,37.70587907788834,-22.592134454676113,-29.329388777587354,16.109690296070895,-39.46407871621421,0.042209077546293994,-0.030649007542835276
3.46,0.6574229260830751,0.22183279309492002,0.14704860410310822,42.13885111426768,38.59574154639783,-23.283315091803445,-29.78755354213888,12.640933114892619,-38.512671330711285,0.034048160071966864,-0.018052003085550553
3.465,0.6585865687327564,0.22164233694418792,0.15996427267709937,42.969783166357956,39.6231461588033,-23.975762469888622,-30.413086512138136,15.742574136383723,-37.471988102819424,0.025278541481721123,-0.0036789255296795437
3.47,0.6597489308017077,0.22137872436169254,0.1578507553078125,43.80624954333969,40.631894883768744,-24.669314194559945,-31.105546714495006,15.304519487794977,-36.49822284144646,0.0230834577617123,0.003921547896072094
3.475,0.6607481945234176,0.2223995845220243,0.15671050479645868,44.64837708321105,41.49333124817464,-25.363802356674796,-30.49610852472736,13.156262356427192,-34.97999485334736,-0.032440233168927024,0.12465322651270608
3.48,0.6619191871814897,0.2233363558615059,0.15485012905614695,45.49628699109858,42.49483355504797,-26.059053585560946,-28.65240192454553,18.576501094257253,-32.552346356659406,-0.1122715659264436,0.31489907034928416
3.485,0.663094779070745,0.22381282228810365,0.13883214566188762,46.35009429853079,43.22232291547988,-26.754889147213532,-25.902606035612763,15.656906249034137,-29.95311944776954,-0.16630108638519414,0.42400480484669495
3.49,0.6641022530575241,0.2236559731472055,0.1278216958527815,47.20990728410621,43.651057760246616,-27.45112508883787,-23.143502391413534,10.56195404809641,-27.74109599504548,-0.18698473294064863,0.4591870937110534
3.495,0.6652752431573422,0.22307538406122343,0.1390870361158253,48.0758268554571,43.95765536896488,-28.147572431066806,-19.963862305921708,10.158272042893941,-25.43866405783549,-0.11590798132893042,0.31373937815048597
3.5,0.666445901463047,0.2227524416073889,0.14073703696302134,48.94794589269502,44.09521323848642,-28.844037408852387,-17.063654461621695,7.289035533542815,-23.53039783093253,0.0011210358481936226,0.05203477141771277
3.505,0.6674486183146964,0.22280803649824787,0.13956277765695002,49.82634855385257,44.09011344365441,-5.821313348329397,-14.827146435341376,4.060870461476227,-22.212258927551655,0.08806444777719792,-0.12765590742952226
3.51,0.6686123916253195,0.2212080443278054,0.14874935542498027,49.00036719745526,44.47215189761554,-7.957783600363115,-12.501712752344787,20.599791709021574,-20.31980553423129,0.0877250057074184,-0.08099699084076216
3.515,0.6697750515471596,0.22155691961972193,0.16320045735242675,48.17994374262908,44.67004906983193,-7.489898660812685,-10.468653816883233,16.641913473925484,-18.85732325760166,0.06865083807362894,-0.05817689619100727
3.52,0.6707740606043895,0.22213177650546595,0.15483107881319672,47.36500893373632,44.706441590276036,-7.023755093718847,-8.918553288553937,12.214104746548202,-17.902291903017268,0.053044611613237834,-0.037999097615294956
3.525,0.6719425687436047,0.2227270727393661,0.1582381629891683,46.555486635519244,44.61700874094453,-6.559004042164531,-7.302233048626391,8.710659042927801,-17.083181914089053,0.04262363077094264,-0.020714496564824186
3.53,0.6731137471364759,0.22322417686323318,0.14645506139972306,45.7512943473274,44.41546070619522,-6.095324600858078,-5.867958616214025,5.250879014906104,-16.524937172110924,0.0959599345257791,-0.17846334756226728
3.535,0.6741196135923783,0.22360172174780182,0.1355911826518103,44.95234369117212,44.15857432280996,-5.632421521787222,-4.749804803195332,3.7437402702481393,-16.226449104301857,0.1201897839984703,-0.22851709588863295
3.54,0.6752956233390431,0.22409270628306135,0.14071383339869367,44.15854087324472,43.77622702491009,-5.17002307552039,-3.553268283558481,-0.893866177112784,-16.053832361878563,0.12606611218072267,-0.23055071664646687
3.545,0.6764725579868998,0.22407820637876127,0.12949579560820143,43.369787118723565,43.327123451585805,-4.707879059048736,-2.4609539466143815,-3.1848912506224707,-16.032837769777036,0.11141892412222439,-0.19771758638002715
3.55,0.6774809941250887,0.22398529554408933,0.12414067854181826,42.585979079878186,42.88915302359319,-4.245758941255019,-1.5840389164988835,-2.264343405518801,-16.121565484812095,0.0957954682364882,-0.16239242188983968
3.555,0.6786575648874059,0.22403603643898048,0.13456924256930056,41.80700921763269,42.32665103618801,-3.783450137372739,-0.6186105432053353,-7.258066286405565,-16.32894025907388,0.08351793625100401,-0.12963516742228143
3.56,0.67982881244935,0.22250651708451066,0.12847898840900066,41.03276615688454,41.72601989896574,-3.320756404224852,1.4215515937186467,-7.589028598544431,-15.98163588054543,0.01981101053089676,0.006797480510303205
3.565,0.6808256967106193,0.22103324542170405,0.1414421010540989,40.26313501598314,41.14379206428657,-2.8574963483494003,3.951563549526014,-4.981044205080565,-15.344396419075027,-0.04339077516614106,0.13964299245497977
3.57,0.6819815731376827,0.21976252202388638,0.16912258396475283,39.497997710863274,40.30795096485585,-2.3935020393406603,7.6343990211983055,-12.596530579401218,-14.428077079191935,-0.09175706599379743,0.2553911265039216
3.575,0.6831314511584319,0.21869573835930603,0.18039799025609984,38.73723323439734,39.346870193525305,-1.9286177213094504,11.87017948571247,-13.912210177378611,-13.41776655143899,-0.12134363850644629,0.3413019473430597
3.58,0.6841130391667604,0.2180124726459857,0.18980412472148947,37.98071791158493,38.42249382887575,-1.4626986154992778,15.849419606373402,-9.38666066843632,-12.54435737630033,-0.08518303535557406,0.3011152560322079
3.585,0.6852582149395191,0.2184407363928102,0.20954326717556623,37.22832563123377,37.24649890684007,-0.995609807500557,20.302721799539086,-13.921128577617083,-11.8097622566302,-0.0022824395473955107,0.17612241044374138
3.59,0.6864089058206378,0.2197106092905988,0.20178238235559062,36.23653376963102,35.99952987268189,23.87791790578595,24.290284641769404,-12.481267249624253,-11.455002070793373,0.07380923898539705,0.03926843560349426
3.595,0.6874007783627502,0.22074606430053426,0.18363774136292532,34.68359283968515,34.86755777892801,24.350854606401498,27.322533894983962,-6.649754160187655,-11.452129820241428,0.12801382288188437,-0.06440643822454714
3.6,0.6885642534938184,0.22200775959235614,0.18225763223178082,33.13918957891592,33.48686783712897,24.826882904114058,30.4290401088968,-10.75459938096013,-11.755700310925338,0.17007377704129073,-0.16277222018108709
3.605,0.6897323102365532,0.2227250018657003,0.1630815890397339,31.60353578877627,32.06951008378191,25.307823807864622,33.11289985170447,-9.513813101293124,-12.319807876624452,0.1735745819949644,-0.19413096791016657
3.61,0.6907354568728661,0.2228815516422339,0.1499042151959998,30.07673778901099,30.815092329542015,25.795273519176703,35.13929826234815,-4.1982086763567,-12.986911927976603,0.16115764108100633,-0.17841922022595114
3.615,0.6919070273757072,0.22313647294381259,0.15786565650117348,28.558802281247853,29.314973812051612,26.29062680939691,37.23619644862751,-8.405151626913295,-13.937518093300788,0.14231188906476558,-0.1489740213867317
3.62,0.6930777598301204,0.22283176518201195,0.14981526364402362,27.049642142301842,27.799346211154838,26.79509894511645,39.086421199103,-7.5884578804547544,-15.021181644843022,0.1177899501403563,-0.10498627722875185
3.625,0.694079518944309,0.2223604606621366,0.1484200244435534,25.549082016469306,26.47531590406479,27.309746255358732,40.52394616227724,-2.837819958033279,-16.048563626761556,0.10112761450131905,-0.07246826828270479
3.63,0.69524707893464,0.22227375386562867,0.1638874117258601,24.056863592507717,24.908419994754865,27.835485419183215,42.06095981867023,-6.924135359455974,-17.337645893940017,0.08994536439731103,-0.05010716536162027
3.635,0.6964126349850036,0.22183842813901464,0.16020829250559887,22.572650465944296,23.33867266216911,28.373111544733973,43.46671081964493,-6.301262638793887,-18.688261214803937,0.07658557614638524,-0.02551603897482198
3.64,0.6974095720537833,0.22133147802883985,0.16080567940851087,21.096032500262268,21.97677874871631,28.923315108693203,44.6005480825265,-1.9706433622524742,-19.897452114018826,0.06986460215125276,-0.012395844563349814
3.645,0.6985833283808872,0.22448853619681586,0.17711756323780045,19.626529610926763,20.373771302802652,29.48669782728919,44.42619064838712,-6.863797999766973,-21.999660058504965,0.12856367800269233,-0.12710023149289615
3.65,0.6997722736471561,0.22708526129087314,0.1347452511318381,18.163594903766274,18.858451985187862,30.063787535220797,43.04949917678482,-7.16184752917178,-24.573863538310935,0.19290185241638047,-0.25892798865159633
3.655,0.7007963966599609,0.2273305994389458,0.09762279154080987,16.706617103597793,17.640886049225376,30.655052156210843,41.60681731859367,-3.6424427504071843,-26.842340922401807,0.22926136799888244,-0.32799055043305964
3.66,0.7019884675403768,0.22650754044019222,0.10268996519009876,15.254922209861489,16.302633713495855,31.260912858183474,40.023763089715004,-8.37964375058894,-29.378677400548916,0.24613683254410273,-0.35295792759518857
3.665,0.7031725209707194,0.22479407894936193,0.10550848736275553,13.807774313052034,15.048712185868249,31.88175649647829,38.71527515867217,-8.95535301870676,-31.702459232340733,0.17593698799368324,-0.21135758185048084
3.67,0.7041794791485186,0.22313309261829045,0.11950528193870795,12.364375498443394,14.02407668822828,32.51794746077155,37.84478820459884,-5.860723638892665,-33.51759878873164,0.09563519389075227,-0.053228763723134995
3.675,0.7053465251308165,0.22184556912088563,0.14850476991021402,11.441820857146407,12.879752628938961,17.512798836559284,37.11056054828987,-9.934020204828855,-35.4331130829236,0.029081572201494793,0.063982710856576
3.68,0.7065089100353829,0.22125964856763114,0.15899259060102286,10.74123039463554,11.790864695418056,18.046737289966188,36.63796543048829,-9.977819531976195,-37.14336678012242,-0.009164462583484946,0.11765329354044397
3.685,0.7075035797641874,0.22102642385067317,0.16164066772454735,10.040189060496058,10.888091845117021,18.579120494788015,36.41994211609847,-6.7280881286214935,-38.47056149836813,-0.02205190573388583,0.12069624342886763
3.69,0.7086627173669754,0.2207441815995025,0.17493352031541126,9.338703847883597,9.866232110760288,19.110097646762966,36.3475760644304,-10.09075314757537,-39.87881392253452,-0.01809772677273268,0.09816408093708397
3.695,0.7098199109704852,0.22036025589394573,0.17429675262328193,8.63677712802102,8.881554771060216,19.639815792398736,36.428063459409145,-9.875371544320643,-41.152768102092004,-0.011692237681477076,0.07246624759198231
3.7,0.7108102533564317,0.22004630285115562,0.17502724309106207,7.934406629951447,8.055597895326052,20.168419905765916,36.606580895696965,-6.736481656867667,-42.15865209294186,-0.006134028634696639,0.05186028000316577
3.705,0.7119643540374025,0.2198689987213338,0.18965113243380138,7.231585417267993,7.110773507886836,20.696052979198242,36.9183187772999,-9.702674019136609,-43.24727161539198,0.0038357271919526007,0.033073226063711575
3.71,0.7131179350876009,0.21980921307665732,0.18822454893887583,6.528301861072833,6.191501581340649,21.222856127280266,37.311285154213806,-9.361904141785388,-44.253542272504205,0.005390039317571566,0.02346767819806644
3.715,0.7141061708591878,0.21965522313407634,0.1854617794927777,5.824539608386328,5.413635065034845,21.74896870352609,37.71034349280151,-6.358908153782011,-45.06518647381184,0.007686631800575965,0.01815765787102352
3.72,0.7152585831832514,0.21957931332023573,0.1983903061635664,5.120277545190778,4.516943868376533,22.274528429312653,38.23384619921211,-9.062826612797878,-45.96191825792505,0.01232760569487777,0.012846317689918223
3.725,0.7164155284935012,0.2208487329128651,0.19592023859192423,4.41548975325221,3.6383404758807254,22.79967153469758,37.566519274838186,-9.817565965055351,-47.50760936009073,0.06627476554779556,-0.1009113895995774
3.73,0.7174057658532889,0.21991238045287934,0.1772292878185729,3.710145459816637,2.8903669187604555,23.3245329108573,38.19362192846995,-6.926342143232517,-48.14232311253632,0.037981420010831525,-0.044257485157705424
3.735,0.7185549325444209,0.21846389434557767,0.19918185761473672,3.0042089792234066,2.137383293348012,23.849246273941134,40.05424390091571,-5.817216550574557,-48.07914794321255,-0.049146924155530236,0.11756769346629316
3.74,0.7197018150953801,0.21851574637824278,0.21313955207875704,2.297639645416723,1.4952829884427394,24.373944340380348,41.39891599799381,-2.336782840869745,-48.16230509172525,-0.08601291828735796,0.1783738259983524
3.745,0.7206905461980824,0.22030066293133824,0.20965473118001715,1.5903917342655767,1.020567202146482,24.898759013521698,41.247873040747464,1.59179932452534,-48.87016578766992,-0.1028792396518637,0.19566495000459486
3.75,0.7218574416801529,0.22303795001594542,0.19973802925727735,0.8824143745210691,0.6641686862860445,25.423821581960254,39.84312271365138,3.4190638758391714,-50.13757678283758,-0.03163066398294997,0.014029162759798201
3.755,0.7230345498352834,0.22452662761796702,0.1629073516236809,0.17365144614640826,0.48128396158789616,16.806596518873192,37.4479959657146,6.402737138044785,-51.756015624751,0.1004699129486428,-0.2676826991996647
3.76,0.7240467361891688,0.22480464893634572,0.13985956374139846,0.17365144613821215,0.45101595068100414,44.826348553861806,35.014743537622735,9.333329693136932,-53.209850775388695,0.15091885491298804,-0.3757362779751903
3.765,0.7252277749546504,0.22471555737461868,0.14559519662457027,0.17365144613821215,0.5414816415656616,44.826348553861806,32.16775281336726,11.219991838293652,-54.75788117008052,0.11000512480842595,-0.2926896838996275
3.77,0.7264061674399069,0.2240199083001288,0.14075529427500577,0.17365144613821215,0.7394660308831089,29.02806265003838,29.523408362240247,13.203394155982053,-56.05330021486587,0.03737169830248695,-0.10413767906752139
3.775,0.7274137131384733,0.22364561591620527,0.1432819101913826,0.9275312779173959,0.9902250791181497,11.114136723130287,27.44112869383048,13.646969668682587,-56.950614331775554,-0.033647049412564994,0.06519127730079667
3.78,0.7285887584900586,0.22379461509123838,0.15709805801277613,1.6805264391451082,1.3631582021779685,10.47050002885399,25.233697212327627,17.18627715414476,-57.76030510653301,-0.09147548452395828,0.19910094829413552
3.785,0.7297651962749698,0.2241466487764873,0.14998682770456487,2.4327038639430825,1.8016163921651247,9.82872273776917,23.258956948062973,18.574639400880443,-58.344174660483766,-0.11191794394402982,0.252016241267114
3.79,0.7307747737028415,0.22429000289234152,0.14036509893686475,3.1841237842576895,2.229982922739836,9.188996695187654,21.7148056071037,17.005188861968293,-58.685105155692725,-0.11075437740722009,0.24775843986923626
3.795,0.731953217453797,0.22438039536604504,0.14791452539613983,3.934839865487451,2.7814159688170155,8.551507601824824,20.0627365544683,21.432459939838907,-58.92306637982462,-0.09740426470656151,0.21543568749793313
3.8,0.7331314793146042,0.22432136774006536,0.14119277107110884,4.684899324185796,3.3718309276305223,7.916435651583441,18.558060840000138,22.25742545294463,-59.01898590149049,-0.07717572769569188,0.1745978312719881
3.805,0.7341411662118384,0.2242553897873889,0.13624423982943992,5.43434302974579,3.912287826033418,7.283956082480984,17.354765802533706,19.363892171310567,-59.00172289549372,-0.0627072326088436,0.14540492523224335
3.81,0.735319133684224,0.22427771037411504,0.14624575621685681,6.183205591833801,4.576301453546019,6.654239650734922,16.036561791980688,24.129572341233185,-58.88329550049305,-0.05162160255284213,0.12445978183074996
3.815,0.7364965460072735,0.2241300250165411,0.14036653505255625,6.931515435212027,5.262473795365746,6.027453037045433,14.806875107424133,24.50896510118656,-58.6799301701832,-0.041290103554940685,0.1069724799261124
3.82,0.7375038218364766,0.22361120870203546,0.13653554796465478,7.67929486347915,5.873298841993405,5.4037591926193045,12.846491042938908,19.921076599698054,-59.00782680100577,0.00857242309056549,0.0019017890183643208
3.825,0.738675913627908,0.22288163844057735,0.15207509968753716,8.426560113163639,6.646172644629649,4.783317631880749,9.70912751502189,24.460248031625213,-59.80292729059207,0.07714840567137005,-0.13771295186344415
3.83,0.739844222908666,0.2221832218047281,0.15555634995803633,9.173321399521898,7.5522933877268095,4.166284677693341,5.914079022641943,26.820049884704403,-60.7883745988574,0.12853741019915924,-0.234235407973347
3.835,0.7408426582971912,0.22163993215099245,0.15900485103276413,9.919582955321872,8.436718350437273,3.5528136646098005,2.1506772031750927,22.989925114892145,-61.76426099610308,0.16376146242422376,-0.2931721674892688
3.84,0.7420043283582983,0.22103199035713292,0.1756119360927766,10.665343063830651,9.575563554545083,2.943055104612256,-2.713244326789379,28.024299782892612,-62.99428318764365,0.1610775347285218,-0.24546148766890943
3.845,0.7431638800232663,0.2207330320315791,0.17858203219891824,11.41059408717043,10.796388242445435,2.3371568197317174,-7.486064949217791,26.577374689958376,-64.01459175014796,0.12131735006993702,-0.11023246394133447
3.85,0.7441582369488849,0.22109941541087663,0.17810532525725972,12.392103071616667,11.915870592038047,-22.780045525032136,-11.303846346964008,20.25597443511755,-64.60201367992431,0.08245319818360713,0.009595873517564031
3.855,0.7453223868354273,0.2220826974011366,0.18437437587715605,13.92821535918633,13.294604829230137,-23.523894348721313,-15.3383513504902,24.199348623475828,-64.92516029904223,0.036047777269159156,0.13691035339081772
3.86,0.7464911788106721,0.22291261132493606,0.16841295967866607,15.468649995972235,14.723580576063574,-24.289896357914017,-18.900639049214078,22.44122206856288,-64.89936009931674,-0.01435221116029086,0.24464171465136253
3.865,0.747496139704319,0.2234662176322638,0.15384571971819683,17.01435974362652,16.000448775236375,-25.074865375927544,-21.63481338407982,16.457121977531997,-64.62382875954276,-0.04027977788149118,0.28836233718709986
3.87,0.7486719243039703,0.22410489227653096,0.15697775872436004,18.56621793269239,17.54183915518404,-25.875878380964537,-24.499553110555212,20.46876113172719,-64.05253939545423,-0.048900975141398725,0.2897813556882553
3.875,0.7498490114532609,0.22417797222314687,0.1440427432185364,20.125018365527225,19.11398474057392,-26.690235015836834,-27.051542583084057,19.214142844788768,-63.27161135597949,-0.03709355758035068,0.25209920308367845
3.88,0.7508575870259119,0.22399518079045297,0.13764423647890908,21.69147391744181,20.500625701139324,-27.51542433754051,-29.047439701997803,13.958152733743901,-62.44940999630359,-0.02194639704368568,0.21514635654205777
3.885,0.752034140839524,0.22405181586291473,0.14911749821957343,23.266213946485397,22.15738326645596,-28.349097637476177,-31.188418125036947,17.95516106879404,-61.34181786905744,-0.00933500062145658,0.18496202685308827
3.89,0.7532095993597727,0.22378013256429635,0.14295942340683357,24.849780612323777,23.83259916619165,-29.18904638740858,-33.14595680794383,17.028491109915237,-60.11706445472542,0.0038456305925820447,0.15486077598913112
3.895,0.7542159052657438,0.2234966748871069,0.14075897751265248,26.44262420195892,25.2996852936527,-30.03318454117013,-34.718176877397184,12.335641856191614,-58.97387740255928,0.012178802036582479,0.13660920263644089
3.9,0.7553993246084859,0.22619931167770932,0.1536162588897547,28.045097563842226,27.04218739953048,-30.879534557693574,-34.96361195024636,17.27824414307713,-56.815859263055046,-0.03652247601825668,0.2588493236528533
3.905,0.7565958534306957,0.2284521680337394,0.11573566420241595,29.657449761610298,28.697688803289182,-31.7262166157887,-33.90180669835442,17.379558149166314,-54.09559083710435,-0.09456250401108567,0.3974668969434267
3.91,0.757626042440588,0.22871828274783865,0.0819882313366017,31.279819073633377,30.032844812740695,-32.57144057091443,-32.644197961684085,13.548742579994027,-51.66470296767361,-0.1243467910779863,0.47404435021983604
3.915,0.7588251516285374,0.22784446258373287,0.08627605162629838,32.912225484179544,31.50624601704813,-33.41350026447225,-31.238486445845723,18.34069038868232,-48.93774390766521,-0.13211843833631481,0.5056994064339394
3.92,0.76001642449956,0.2261959508406725,0.08907074637904619,34.554562835483665,32.892888462384,-34.25076984060183,-30.09469704631624,18.8133567864938,-46.44015441733058,-0.06461930160395185,0.35214455782676907
3.925,0.7610303850291272,0.22479396437415813,0.10166697725324367,36.20659083639317,34.03123163871582,-35.081701757632146,-29.368163111924787,15.46177730995467,-44.49201203307522,0.007931684782142309,0.1760336021165132
3.93,0.7622064762137613,0.22354377541296808,0.12700301939162223,37.26178574104355,35.30912837558572,-19.160532394143672,-28.810026719285787,19.638469171773096,-42.43863852062506,0.060337440866442604,0.031624074689747185
3.935,0.7633775812493786,0.2228851030511084,0.13625399909049846,38.06243226326006,36.531671073810216,-19.843134803587418,-28.521148830065442,19.611855503374557,-40.60688599417288,0.07796827734264529,-0.046000534430320365
3.94,0.7643792197562698,0.2225054751087831,0.13898852192451996,38.867759331401224,37.551047992918086,-20.52773429910141,-28.469893776889137,16.157641816128347,-39.185713449200406,0.07416664919634479,-0.06441638513259287
3.945,0.7655465445078343,0.22234192875588427,0.15338843021846627,39.67791832253191,38.71153659857329,-21.214195390575952,-28.601622606669594,19.61335183150983,-37.67683412698716,0.05808564741502476,-0.0548522616253621
3.95,0.7667122027814269,0.2218867282119251,0.15063369224056433,40.493057445435525,39.83665130080842,-21.902377428402957,-28.892133035739647,19.3287984297136,-36.309332023317374,0.04526751619089856,-0.03467609093067231
3.955,0.7677095198407592,0.22159200766099335,0.15145579090665803,41.31332141865651,40.78639230055069,-22.592134454685663,-29.257921843701695,15.974705777536428,-35.22678053763781,0.03590009909011086,-0.01955901432038348
3.96,0.7688720536101127,0.22146464762044266,0.16523833995251186,42.13885111426589,41.87959786436073,-23.283315091811062,-29.79489573503281,19.03812315058974,-34.051086364927535,0.02488107855271715,-0.003437387888178862
3.965,0.7700336990608961,0.2212859984522708,0.1624806155724119,42.96978316635617,42.95014691997263,-23.97576246989928,-30.415941667862228,18.630057636675616,-32.95901322645895,0.022588546483156766,0.007343233150566403
3.97,0.7710286659817055,0.22116478371136677,0.1604044010310141,43.80624954333791,43.862022843582274,-24.66931419456438,-31.015465305889165,15.416693713153549,-32.07331348199826,0.017301282462310854,0.01025524062073128
3.975,0.7721925082837126,0.22202493256855502,0.17235380396866157,44.64837708320927,44.92031611452873,-25.363802356680424,-30.329452644153577,19.585111786359676,-30.24531777794278,-0.043605955777617444,0.15098444036097203
3.98,0.7733600449272933,0.22254925570138262,0.15786756237110725,45.49628699109676,45.96391376375006,-26.059053585568336,-28.515053603056316,21.703918179269266,-27.773966582467352,-0.11913259456235524,0.3266733868468909
3.985,0.7743634722520316,0.22293072155366367,0.14700479036523748,46.35009429852896,46.62007530416648,-26.754889147216602,-26.1437151164763,16.22130975769059,-25.48970268437683,-0.17051865177569686,0.4241823036970807
3.99,0.7755350488143251,0.2229047957144483,0.15229646190049176,47.20990728410439,47.14855510542312,-27.451125088842815,-22.916989173546767,16.57032453793434,-22.864729817371078,-0.18889016129682634,0.46758872372648314
3.995,0.776704936793736,0.2226012680739259,0.14754829697537988,48.075826855455254,47.46799963716285,-28.14757243107408,-19.769260571465168,13.913862664077897,-20.567198373019057,-0.10946309290442262,0.2965753690489667
4.0,0.7777068465953997,0.22259937688318127,0.14621366224388646,48.94794589269317,47.591365037395875,-28.84403740885898,-17.26747732836398,9.928902746002422,-18.920558169641122,-0.008213007201526705,0.06969918314471216
4.005,0.7788775319732962,0.22309626252011774,0.15614745814030667,49.82634855385068,47.586194684098004,-5.8213133490194195,-14.643036594714033,7.7431833617823,-17.380679383430078,0.09299991949831811,-0.1346841615301168
4.01,0.7800466279217969,0.22261127869671962,0.14532963271945956,49.00036719745704,47.676694782735225,-7.957783600352741,-12.34530798408997,13.740758394197059,-15.913534926413645,0.1237393362399408,-0.184728745284234
4.015,0.781050427675898,0.2231762178538728,0.14619877982486365,48.179943742630805,47.62936043527702,-7.489898660811718,-10.599009017905104,10.179501437940345,-14.96009458117728,0.12439438635700625,-0.19973184525182539
4.02,0.7822245767928939,0.22376784635081343,0.14929995702502344,47.36500893373804,47.45080182027169,-7.023755093723395,-8.788822773253003,6.458544801023976,-14.150438349587258,0.11276972723469857,-0.18396369572862148
4.025,0.7834009957136866,0.224157786863508,0.1370624537819675,46.55548663552098,47.16844328392215,-6.559004042161263,-7.1948044356339835,3.3368465182250446,-13.609008777539191,0.09469568310644642,-0.15054693167383248
4.03,0.7844108786868331,0.2244390846973704,0.12699660453876685,45.7512943473291,46.847700475397325,-6.095324600858703,-5.9629534751792335,2.5770533453600564,-13.330006881665707,0.10493115796559511,-0.19169656913284538
4.035,0.7855912689254941,0.2249044830136482,0.13289686378102347,44.95234369117382,46.39635596043697,-5.632421521791258,-4.656659820274001,-2.3221763863560625,-13.184794325631556,0.11261743648269963,-0.1987881545686267
4.04,0.7867727754300718,0.22498674096711527,0.12159336053169695,44.158540873246395,45.88373462683364,-5.170023075521556,-3.4751806487234376,-4.372160464479947,-13.194749555597758,0.10476992560833434,-0.18076730464590526
4.045,0.7877854642323611,0.22490796586409853,0.11469713329517195,43.36978711872524,45.39479946428373,-4.707879059046576,-2.5353676740909066,-2.877109481682311,-13.312383854292245,0.09499665132687855,-0.1582909955960582
4.05,0.7889666901409133,0.22485050130220904,0.12458437614474144,42.58597907987986,44.77640428424292,-4.245758941254138,-1.5095712008801172,-8.152494204136019,-13.555514163609086,0.08565563610797132,-0.13402013788371112
4.055,0.7901468993240878,0.2246406232603584,0.11935603425826076,41.80700921763436,44.123503808524006,-3.7834501373741887,-0.5547326986391283,-9.325736372721167,-13.886875785473553,0.0731558053203872,-0.10397222279599035
4.06,0.7911533975377782,0.2231575424833058,0.1160097500744334,41.03276615688618,43.53278612278664,-3.320756404223971,1.2124793347319383,-5.6015714418035,-13.68272275650481,0.017169351449652318,0.011114841757242063
4.065,0.7923184728116969,0.221236748653355,0.14295763756507388,40.263135015984766,42.77351715352199,-2.8574963483485476,4.164862590093151,-10.754113855693063,-13.054079797372165,-0.05091989988966175,0.16080562394087736
4.07,0.7934755165916078,0.21994289369357262,0.16106653384567438,39.49799771086488,41.86823242909715,-2.3935020393397792,7.810450195594001,-13.858098746548492,-12.264604138364568,-0.09628338951798482,0.2715082234203634
4.075,0.7944621978229338,0.21903326892590924,0.17251100678457704,38.737233234398964,40.97696972377437,-1.9286177213078588,11.468806157440241,-10.483855100843584,-11.485886389409314,-0.11977059049007821,0.3419614325029797
4.08,0.7956090394187689,0.21832995236771088,0.19446290944934172,37.98071791158654,39.82515719883536,-1.4626986154954125,16.13367929726948,-15.837055203078336,-10.570742422357345,-0.08190782449339844,0.30414496335182895
4.085,0.7967563915051576,0.21885350742666856,0.1998624834210992,37.22832563123538,38.58942715480004,-0.9956098075074351,20.55055609463861,-14.610568437530077,-9.955269805097139,-0.0006065538906633123,0.17123455053175715
4.09,0.7977443842262696,0.2199498585104731,0.19078902190827357,36.236533769634335,37.457892109825316,23.87791790578447,23.99587374162448,-8.50895860717705,-9.732495288891279,0.06601102257643425,0.056137731997671955
4.095,0.7989046930689057,0.22157745666598355,0.1890349751606607,34.683592839688444,36.06839020134953,24.35085460640161,27.560611712575252,-12.641066210664036,-9.816833331682261,0.12938775800910837,-0.06552259180279879
4.1,0.80007162471639,0.22262130814497474,0.16583518093135818,33.13918957891921,34.63442415921119,24.82688290411599,30.644637106705005,-11.163893694364447,-10.20955559144528,0.17035759883998564,-0.16013769432118663
4.105,0.8010751457498578,0.22305822895658772,0.14891611623030107,31.603535788779524,33.35995237483082,25.307823807864196,32.96398810510718,-5.47306646245552,-10.765303655901839,0.17687837877926582,-0.18546196977115448
4.11,0.8022489084590495,0.22366149207123637,0.15354737233387503,30.07673778901422,31.830849625509355,25.795273519174657,35.346559603588844,-9.701831173329282,-11.621758032424776,0.16508100463943587,-0.17772158948297279
4.115,0.8034231595702891,0.2235785788249856,0.14120712715490322,28.55880228125106,30.28179514259497,26.290626809394013,37.42852551643409,-8.717654095746525,-12.642821410638266,0.1398503761037077,-0.1381067167046479
4.12,0.8044285242156437,0.22315284275410088,0.13689323891948224,27.04964214230506,28.92550186148348,26.795098945112528,39.02784070036262,-3.698804516989739,-13.637999471641475,0.12020889049293623,-0.10315837524308014
4.125,0.8056003953873002,0.22305486772161962,0.15150673339281162,25.54908201647249,27.317652395569585,27.30974625535896,40.71740011469879,-7.889085973348173,-14.909934156324425,0.10663843260809375,-0.07631618176467973
4.13,0.8067701280080128,0.22261496220222474,0.14757988243468861,24.056863592510872,25.70473241653212,27.835485419181765,42.24340676719925,-7.184393522893373,-16.260673627394873,0.09133643593530659,-0.04725531505523016
4.135,0.8077702953663602,0.2220021185915434,0.14786275419592046,22.57265046594745,24.30380706704897,28.3731115447317,43.45884934661717,-2.665294307729539,-17.4822052354939,0.0828707060894007,-0.02884330910869965
4.14,0.808935076443167,0.22169592075181557,0.16513503405129382,21.096032500265423,22.653632466609015,28.923315108691725,44.79083421701381,-6.646005870370402,-18.964518821915615,0.07911264972711995,-0.020915591247494786
4.145,0.8101092835666517,0.22452218055523446,0.16428222967214107,19.626529610929907,21.006620376230085,29.486697827287713,44.6069425661434,-7.121290318029082,-21.11702504113535,0.1302626389644608,-0.1248634328259876
4.15,0.8111278708723811,0.2267945719821667,0.12576034609258577,18.16359490376939,19.656717414007836,30.063787535220143,43.39850475541655,-3.463462794258291,-23.386804598638594,0.1897800733794788,-0.245983969871039
4.155,0.8123233294544527,0.2276165819067817,0.10747762254652614,16.706617103600898,18.181763216221803,30.655052156209337,41.69290036370677,-8.087188648833731,-26.098849043393844,0.23688070906688719,-0.3374061106538002
4.16,0.8135151784628365,0.22635982416642092,0.09065133889434099,15.254922209864581,16.80764244458293,31.26091285817853,40.11231878232854,-8.70256460260154,-28.67194728030922,0.24856185182448118,-0.35181506301693494
4.165,0.814529391699825,0.22464619058751426,0.09858972738153772,13.8077743130551,15.691190372039816,31.88175649647772,38.975611738509315,-5.5673428284388535,-30.71903436658455,0.18594419604056367,-0.22918815923569208
4.17,0.815703589722827,0.22293929835623044,0.12756845076709877,12.36437549844646,14.451033991285627,32.517947460771865,37.943667766341946,-9.984801253752295,-32.898313965063586,0.1005032369823785,-0.05875387614368265
4.175,0.8168690012943065,0.221468749887243,0.1423572377782214,11.441820857147885,13.276802593357282,17.512798836557806,37.209426289346055,-10.242478140233302,-34.8505522131144,0.028911412422774344,0.06776963978874037
4.18,0.8178634925387988,0.22081803057606814,0.15514158716902052,10.741230394637029,12.307853113908886,18.046737289968803,36.79857506660025,-6.9668706306134,-36.365067292990375,-0.007129492763681694,0.1131273096655541
4.185,0.8190215336967037,0.22057434954771032,0.17335991850422253,10.040189060497532,11.215855154302592,18.5791204947879,36.53668095798952,-10.54882899454455,-37.967870888289085,-0.01840918691278667,0.11326587642860719
4.19,0.8201780735933416,0.2202072628868283,0.1723663772704942,9.33870384788511,10.167838592681372,19.11009764676416,36.46183403568574,-10.386284653435538,-39.41181485082876,-0.017610317235765536,0.09378235651754982
4.195,0.8211672143023723,0.219702804566682,0.17295649751900702,8.636777128022509,9.291947584337173,19.639815792401265,36.530413834885906,-7.173801706618278,-40.546489178353035,-0.011575606898966535,0.07169326043303229
4.2,0.8223192112816248,0.21940034406319897,0.18992671682742426,7.934406629952946,8.293439220613354,20.168419905765774,36.73664047475711,-10.308387394593709,-41.76790286916425,-0.0016849033579194256,0.044714034199033297
4.205,0.8234697745573741,0.21917016028210948,0.19015751877831596,7.231585417269482,7.324822955741884,20.696052979196566,37.04442313094313,-10.002869150464207,-42.89065986800347,0.004066823550292616,0.03028332842954915
4.21,0.8244552160748124,0.21907116257051656,0.18966479912283654,6.528301861074333,6.507367096403977,21.222856127276657,37.38378682830424,-6.899848681057691,-43.79151989474397,0.007630415681255287,0.02303671468716868
4.215,0.825604849008822,0.2190810623861748,0.20219307037311376,5.8245396083878305,5.567400970120337,21.74896870352515,37.85037700148928,-9.715202025779504,-44.78159922940544,0.010448205907123927,0.014789029371188643
4.22,0.8267541374084999,0.21898227539203477,0.19895902376132757,5.12027754519228,4.648386289981991,22.27452842931325,38.36910741865108,-9.356909244683607,-45.71098270977379,0.012200930212102066,0.013102996880989972
4.225,0.8277426357834071,0.2200094318084559,0.19703352196082785,4.415489753253723,3.8673037131993597,22.79967153469687,37.782812895962934,-7.401507633204162,-47.08038889814663,0.06307070852285618,-0.08940051807326412
4.23,0.8288940518537895,0.21910187937173844,0.19604860583690034,3.7101454598181505,2.9636052553911543,23.324532910853662,38.48149366963875,-9.998354221949654,-47.881340799844864,0.03528861584683697,-0.03656899889322133
4.235,0.8300399858422886,0.21786670946032863,0.20344652508497313,3.00420897922492,2.1929061641462204,23.849246273943066,40.306128324729,-5.969212045428179,-47.863351985805295,-0.051827059194568155,0.11831820949758981
4.24,0.8310203851994796,0.21789925336406896,0.2151807454575383,2.2976396454182364,1.6232992785552167,24.37394434038015,41.452996038521945,-0.41040678757227056,-47.9638782020626,-0.08384571882793651,0.16910400336209275
4.245,0.832171554481588,0.22007359263379567,0.22660680584530093,1.5903917342670901,1.0499538293426047,24.89875901352019,41.29111648146974,-0.9636515065554931,-48.80714849757747,-0.09628818229562677,0.17669241515343448
4.25,0.8333360713083922,0.22256348790182842,0.19778344535136064,0.8824143745225932,0.6860758056914955,25.423821581961874,39.90020799604781,3.2503249798463116,-50.07616010564747,-0.028054786846662978,-0.00011315229449710479
4.255,0.8343426806067018,0.22389038868990674,0.16407189287516807,0.1736514461479075,0.5254834515798479,16.806596519093574,37.826512123166026,7.560835186564418,-51.478985311742136,0.0865768496766763,-0.23869401351690162
4.26,0.8355218317188443,0.22457489454744956,0.15796459949645802,0.17365144613821215,0.4887432023294081,44.826348553861806,34.97317956155021,9.08825482801953,-53.184138753863095,0.14823882485461687,-0.37274346536008063
4.265,0.8367009893047938,0.22435866246542951,0.14419368252078715,0.17365144613821215,0.582252919112013,44.826348553861806,32.147837197675585,11.36900744592893,-54.71538910234104,0.09827523727338583,-0.26897726834786895
4.27,0.8377098368985536,0.22382856456101113,0.14101487272460383,0.17365144613821215,0.7593343116433945,29.028062650401864,29.861356841532142,12.692633061275899,-55.82717241523266,0.03686971461787461,-0.11248160292155578
4.275,0.8388847780950104,0.223577684175854,0.15654846631094663,0.92753127791579,1.0619981862203276,11.114136723122044,27.413536823906952,15.955205167203829,-56.87103679229085,-0.04079722884693209,0.07448907592689649
4.28,0.8400590882153834,0.22363791284643053,0.15414900611290833,1.6805264391434918,1.4444827329530356,10.470500028853962,25.22152834808685,17.697323248052825,-57.658593028197515,-0.09688269797476493,0.20805780268821703
4.285,0.841066646113802,0.22391738797500124,0.14814656433002646,2.4327038639414766,1.8348954492870322,9.82872273777076,23.514100966693547,16.728056502365902,-58.148108901530975,-0.11531210626891113,0.2537230277311901
4.29,0.8422440704085726,0.22429457512956436,0.15427333017752018,3.184123784256087,2.3520606310003,9.188996695191463,21.698946313933902,21.107805705672007,-58.53037405101745,-0.11270794966943277,0.2486246262391791
4.295,0.8434222371836211,0.22431958050643538,0.14426878644108976,3.9348398654858485,2.9171830925622317,8.551507601822152,20.058457448920308,22.183141372129086,-58.74268720580044,-0.09662104314537655,0.21328293246642915
4.3,0.8444320524751441,0.22430042213611312,0.1383404136498149,4.684899324184208,3.442347364458996,7.916435651589836,18.75734531461697,19.614023023235447,-58.80569657270761,-0.08015735036310595,0.17946336573449895
4.305,0.845610503500672,0.22439954543316126,0.14778000737247812,5.434343029744184,4.094889650589749,7.283956082473594,17.343399335325614,24.470628390401302,-58.76148376038552,-0.06466212272557424,0.1481748796017211
4.31,0.8467889077901092,0.22435975524033314,0.14095493694762962,6.183205591832213,4.775198359303944,6.65423965072975,16.034585166174764,25.007610327296945,-58.61487647817277,-0.05161109091448769,0.12440110772251069
4.315,0.8477988030407665,0.22431233443613505,0.13576761128693238,6.931515435210429,5.38527335613692,6.027453037046058,14.97115699429088,21.468770464599814,-58.41600187731582,-0.042949905115167615,0.11009719661428857
4.32,0.8489754672964467,0.223888358827461,0.14553251883632884,7.679294863477558,6.122941926565261,5.403759192623085,12.692712563813359,25.384715135256428,-58.759052320971875,0.012819641797213156,-0.005345086651227976
4.325,0.8501488044906291,0.22310437932187693,0.14501668464334438,8.426560113162022,6.914971827427538,4.783317631881374,9.59165597114864,25.324116662713834,-59.50620256869501,0.07924401870842984,-0.13964520180072
4.33,0.85115166982658,0.22256118707198494,0.14902794310212317,9.173321399520308,7.721319430518502,4.166284677693369,6.316013697390332,23.37888145015924,-60.32469175861331,0.12317896860594033,-0.22291574919749874
4.335,0.8523187551589074,0.22207870954911108,0.1652431613299905,9.91958295532027,8.788610929235523,3.552813664608294,1.9191675148358627,29.5930120055299,-61.42012495362141,0.1642761298861714,-0.2888598757723403
4.34,0.8534829020316295,0.22152316330682068,0.16626017068770732,10.665343063829074,9.955316651705783,2.9430551046153823,-2.893521354172293,28.88375818426698,-62.583338254250364,0.1522643946293462,-0.22620692613417379
4.345,0.8544791634718575,0.2212793404133878,0.16839564032296042,11.410594087168828,11.04093182402634,2.3371568197253225,-7.018206437070205,22.872988273563834,-63.42764876086423,0.11867838937287259,-0.11136373650927146
4.35,0.855642475008141,0.22179505575556682,0.18167273852162166,12.392103071613398,12.392253248783396,-22.78004552503191,-11.506049115630844,26.91494738754436,-64.07542863070421,0.07653282276830849,0.022666997846588575
4.355,0.8568096009298282,0.22258736417466793,0.17128384859739662,13.928215359183048,13.804576812824669,-23.52389434872211,-15.513796030934117,25.035379426442987,-64.34105176756296,0.029208757906721297,0.1482447552949326
4.36,0.8578133669251184,0.22325096175126838,0.15730579529595676,15.468649995968953,15.074926720273522,-24.289896357912085,-18.595251015194123,18.853030971169375,-64.27632190036809,-0.010241580059670349,0.24169809255907063
4.365,0.8589887781562671,0.22415378551096588,0.15924972701053416,17.014359743623224,16.61641029964257,-25.074865375925555,-21.812198409419864,22.748825681011567,-63.90353111543764,-0.04181341386959562,0.2982206255193835
4.37,0.8601670853240028,0.2245071354827944,0.1432412490091855,18.56621793268907,18.195257561343606,-25.875878380963798,-24.658843604425556,21.304684381404485,-63.27508743548455,-0.04675322566019208,0.28967527793353587
4.375,0.8611775209506465,0.22443153608637045,0.13343916114619458,20.125018365523864,19.592652975282135,-26.690235015834446,-26.866645542220482,15.8710294473602,-62.55198349031774,-0.035319513582663026,0.2595880310803446
4.38,0.8623563967334366,0.2244791693680665,0.14348778777816662,21.691473917438454,21.26679690945071,-27.515424337539855,-29.214029896702186,19.826997373729895,-61.52951866235995,-0.02132288116728806,0.22540678931026098
4.385,0.8635342717055292,0.22423009406151134,0.13723077634333794,23.266213946482026,22.963741424861468,-28.349097637475467,-31.341024242284732,18.802509533812113,-60.363009521401395,-0.0035940510850166647,0.18420479539881235
4.39,0.8645426309088112,0.2239463049458258,0.13455132940985648,24.849780612320405,24.452661081484507,-29.18904638740767,-33.03450735279213,13.992271825121591,-59.25206892968552,0.007957616197367458,0.16046098664394184
4.395,0.8657183230005104,0.22387827552621875,0.14723140768084644,26.44262420195552,26.224049883529194,-30.033184541170044,-34.88255239681095,17.768579963633044,-57.847464181645236,0.014058982396949747,0.14874296065758572
4.4,0.8669025536548821,0.22629400727821236,0.14261539116755673,28.045097563838816,28.008617456420286,-30.879534557691187,-35.11562851406933,18.12624260629707,-55.62207209640847,-0.030810889934310692,0.2599763395860149
4.405,0.867927853008079,0.2282285296849363,0.10803724204853177,29.657449761606838,29.47937401142312,-31.72621661578856,-34.18332059486153,14.338275340820985,-53.20347322742502,-0.08468361507287776,0.3880220115417346
4.41,0.8691301230515642,0.22896476417333747,0.09313585559349886,31.279819073629906,31.0926614535112,-32.57144057091335,-32.697920399803536,18.884055876552893,-50.27426025948314,-0.125126976129401,0.4900634313964747
4.415,0.8703296884921738,0.227953746796398,0.07671752017450136,32.91222548417604,32.602043629514874,-33.413500264467245,-31.29415459007913,19.399585875042618,-47.48920483030673,-0.130309620672274,0.5123922985975502
4.42,0.8713515698010184,0.2264874653915404,0.08108541266554313,34.55456283548017,33.834070151385994,-34.25076984060058,-30.29985791064658,16.15290975058886,-45.276413219319394,-0.07462613048404437,0.37965930722004954
4.425,0.8725362330470668,0.22506125269153088,0.10647895054658443,36.20659083638963,35.20946981884356,-35.081701757631635,-29.436479654384527,20.556877430806708,-42.92623724174757,0.002307132324531395,0.19175545602320535
4.43,0.8737134834420636,0.22375840241795728,0.11704391359722152,37.26178574104186,36.51849491566237,-19.160532394143274,-28.876625397237234,20.75268201011525,-40.826408607931306,0.05722264887954313,0.036791931395273196
4.435,0.8747180711465025,0.22302442847912218,0.12681194797573808,38.06243226325836,37.60475304050859,-19.843134803584434,-28.624411693650615,17.40228770524365,-39.20054219163971,0.07415702355704229,-0.03305103104391315
4.44,0.8758879069506773,0.22284241462870655,0.1451188459649298,38.86775933139951,38.83599292751657,-20.527734299100985,-28.55778002264867,20.99623107676139,-37.48184061247808,0.0674296345315837,-0.055394464683070854
4.445,0.8770563404985549,0.2224704320062904,0.14235981091759803,39.677918322530175,40.02482263559357,-21.214195390576123,-28.685196506325866,20.784160341183593,-35.933627902919426,0.05693000364126389,-0.04656931793067223
4.45,0.8780563101415192,0.22218941897234343,0.1419584876344141,40.49305744543381,41.024519588887095,-21.902377428402502,-28.93527313248717,17.452478793993293,-34.71629168653192,0.0428222662369412,-0.031193550231985848
4.455,0.8792209380135754,0.22174786760897397,0.15534587840417777,41.31332141865475,42.171529810638795,-22.59213445468265,-29.36100755281683,20.616250460347743,-33.40335243025151,0.030642327218768157,-0.008373903624559285
4.46,0.8803838691298467,0.22154932436878547,0.1560983441220494,42.13885111426414,43.29135799393741,-23.28331509180805,-29.892171558535892,20.246158946765348,-32.19291627052176,0.024104540692772923,0.004675617710432001
4.465,0.8813800209376997,0.2214093832240986,0.15414268817153895,42.96978316635439,44.24264010460287,-23.975762469899365,-30.428731904999438,17.044027370486987,-31.21816482677829,0.016382797994404678,0.010115078287582109
4.47,0.8825407956466719,0.22110076466385178,0.16620780658041825,43.80624954333612,45.34393449616733,-24.66931419456506,-31.13044810759044,19.89511740816846,-30.141533856545184,0.01585855620586863,0.021774310539398354
4.475,0.8837035630902135,0.2217517034643625,0.16573683151758017,44.64837708320745,46.42776796431523,-25.36380235667616,-30.437310187788512,20.849805162260438,-28.27816138448487,-0.04630519032475083,0.1536484595604479
4.48,0.8847019440426317,0.2219419768175761,0.15380570270320684,45.496286991094955,47.35516722605701,-26.05905358556899,-28.854029630588343,20.066272712139877,-26.101255856111173,-0.11310188671865035,0.31721603958672184
4.485,0.8858705716775689,0.22252721380747414,0.1617908880661294,46.350094298527154,48.15153016905875,-26.754889147212964,-26.07777794760861,20.631873100143565,-23.390673135282327,-0.17162684306022505,0.43472881300483807
4.49,0.8870391807829756,0.22238851586471264,0.1501155436634699,47.209907284102556,48.69441774736174,-27.45112508884091,-22.871285236292124,18.251589024798804,-20.760839590269917,-0.1882115281973139,0.4662136545324271
4.495,0.8880396739384858,0.22214754261829872,0.1469553083734737,48.075826855453414,48.97844036665998,-28.14757243107522,-20.144071798381844,13.784114906409343,-18.764047093517217,-0.11774928219568634,0.3155181650953857
4.5,0.8892070620789014,0.22230706339267953,0.15982565743530291,48.947945892691294,49.12996242148465,-28.84403740885648,-17.197655703824893,12.467819961710887,-16.821345487974643,-0.004004854951395979,0.066119574036991
4.505,0.8903766955996283,0.2230401642688424,0.15326605914392918,49.82634855384879,49.12569402743257,-5.821313349697704,-14.587046579446678,9.375449999747616,-15.293965417430702,0.09756361218244694,-0.1431177220316061
4.51,0.8913812394749886,0.22326461492681446,0.13976311631214697,49.00036719745877,49.06380305574034,-7.957783600362745,-12.595618218906196,9.06320504664265,-14.214204557025287,0.14624096552543367,-0.2369822308767789
4.515,0.8925558991312568,0.22391330011509025,0.14680280676761817,48.17994374263253,48.8681108469917,-7.489898660810297,-10.536193064440909,5.467500547114838,-13.279717047025045,0.15917189990533084,-0.2714896117635299
4.52,0.8937335921763727,0.22444746709603164,0.13384928727064374,47.36500893373977,48.56868750839449,-7.023755093718535,-8.733566403576276,2.5312947345710057,-12.637780177793646,0.14451640950570255,-0.25653646544329733
4.525,0.894744627340103,0.22462276241903387,0.12197495699554833,46.55548663552271,48.233229680007724,-6.559004042167999,-7.351999988481623,1.9939894907746663,-12.289900060707609,0.12956559477995638,-0.22238255152697203
4.53,0.8959254189192892,0.22488143194085347,0.12902018255603628,45.75129434733083,47.76467634634578,-6.095324600863847,-5.900634282921288,-2.946224673252246,-12.081588715328712,0.1170426175257696,-0.2053362024319694
4.535,0.8971065029040489,0.22487447123858587,0.1201124116952106,44.95234369117553,47.23501151510652,-5.632421521790349,-4.601185063375965,-4.924538203339665,-12.04384552586581,0.10373139068229068,-0.17975040956621713
4.54,0.8981187542886023,0.2248134243680555,0.11430266209807476,44.15854087324807,46.73145205848177,-5.17002307551806,-3.5782348419204766,-3.243006190771837,-12.130809366946183,0.095798324460336,-0.15608768659235864
4.545,0.8992997024257022,0.22481256561939317,0.12402000117790313,43.36978711872691,46.09602631181676,-4.707879059044615,-2.4728368714760336,-8.61654587337135,-12.347910297153284,0.08779641687247362,-0.13381799336058436
4.55,0.9004796773224117,0.22455736852375285,0.11815047436996241,42.58597907988152,45.42630771905007,-4.245758941258117,-1.453844069356677,-9.756309713553023,-12.661683615963954,0.07801848408702407,-0.10913677055129975
4.555,0.9014898576768486,0.22427645519984651,0.11535780632491527,41.80700921763602,44.82118309829464,-3.7834501373646106,-0.6280442377308191,-6.717825501368566,-13.00063779093553,0.0718631811693551,-0.09288772071055326
4.56,0.9026618956874639,0.22256061544338937,0.12784343975272136,41.03276615688781,44.08564538900951,-3.3207564042311617,1.4228488491001485,-11.180617347696327,-12.831287535236736,0.012888420119012065,0.029195042697076148
4.565,0.9038239424428469,0.22060840931553352,0.14292796275239208,40.26313501598641,43.291753280772404,-2.8574963483492013,4.340047859670733,-11.660765574684277,-12.272027369474722,-0.05588070633950905,0.17508242709276634
4.57,0.9048131133175182,0.21944617083261925,0.1616733829911975,39.49799771086653,42.478755357043866,-2.393502039342934,7.486469186168904,-10.140110692306678,-11.635253098094504,-0.09553616193549067,0.26798373926580077
4.575,0.905961080470385,0.21833452849930862,0.1863764364042608,38.73723323440058,41.40099641100499,-1.9286177213102178,11.759574235513469,-16.77596739459372,-10.779067595122854,-0.12415433176149658,0.35061112247032755
4.58,0.9071041280065232,0.21753406153872265,0.19647864736114354,37.98071791158816,40.22387298490939,-1.4626986155015516,16.373871864226317,-16.296522778646732,-9.933111680003126,-0.0804645872443871,0.2980284533438779
4.585,0.9080839206166192,0.21795123445979675,0.20335534613025225,37.228325631236984,39.13162210729351,-0.995609807506014,20.180410123185283,-10.357546679652899,-9.442165386075533,-0.006829336597585782,0.18369354888638778
4.59,0.909232760441709,0.21939614933745058,0.21031168436794972,36.23653376963766,37.77703534656659,23.877917905786376,24.217552154171102,-14.594635585244319,-9.221639314869652,0.07110112794963526,0.0503066895365707
4.595,0.9103890675405831,0.22074004031502956,0.19027181283382813,34.68359283969174,36.36824916657107,24.350854606401555,27.745025265160905,-12.924911614740523,-9.35356677691389,0.13249312558334592,-0.07007800646243431
4.6,0.9113850478629094,0.22151439707069506,0.17076136881680073,33.13918957892248,35.10854460217719,24.826882904111642,30.401507799414446,-6.92595318032437,-9.724768724152685,0.16929355266307763,-0.15012020850479577
4.605,0.9125519753628399,0.22250973628662402,0.1720894689409979,31.603535788782793,33.58986207655541,25.30782380786036,33.119852094354485,-11.10234052923569,-10.408708450835736,0.17941975095641907,-0.18938885513308884
4.61,0.9137214383611659,0.22277116623959548,0.1557412742678028,30.076737789017464,32.04533894681842,25.795273519174003,35.477806253112135,-9.927440426768925,-11.296739308609038,0.16100643252679678,-0.171786720789282
4.615,0.914723698264734,0.22250173116511301,0.1478002215685081,28.5588022812543,30.688862508708148,26.29062680939515,37.27152460805476,-4.660430123110174,-12.204018817023105,0.14101284429472297,-0.13826785011264559
4.62,0.9158924874423281,0.22248733980517907,0.1608494545497208,27.049642142308265,29.07644796924119,26.79509894511355,39.14557651861679,-8.892826237188984,-13.398933318941545,0.1219294571154479,-0.1061056294523232
4.625,0.9170596888871508,0.22216279257375832,0.15621149147874533,25.549082016475666,27.455696781955886,27.309746255356856,40.817845923371834,-8.08475724252321,-14.694369463230732,0.10163438880689153,-0.06866241809894692
4.63,0.9180581331608468,0.22163084190933352,0.1553609994868894,24.056863592514027,26.045678967286577,27.835485419182078,42.133107420441235,-3.381514029128212,-15.883053584864559,0.08989634435877113,-0.045375406288832264
4.635,0.9192217827753482,0.22156016612376775,0.17183395436053978,22.57265046595062,24.38252968368437,28.37311154473113,43.556893683934845,-7.410670505548083,-17.341198565458114,0.08569531465626984,-0.03578478639121822
4.64,0.9203833463771275,0.22113709737610396,0.1683112055997779,21.096032500268553,22.720928852081137,28.92331510868945,44.87537558300727,-6.788644370867615,-18.843350537143937,0.07562157545893039,-0.019461255652572035
4.645,0.9213867880040134,0.22361362980965319,0.1691165843953694,19.626529610933023,21.282605004231666,29.486697827286264,44.70592532053945,-3.401711186769802,-20.724344007936796,0.1252244977435182,-0.11648107070877421
4.65,0.9225737426916311,0.22682760676429128,0.14976901148549357,18.163594903772506,19.679949321687396,30.06378753521784,43.30298693281989,-8.012366970001779,-23.40176024984751,0.19937407174645141,-0.265494559189278
4.655,0.9237678319913312,0.22729405260492866,0.10556323905107481,16.706617103603975,18.195574134023804,30.65505215620618,41.62101423772131,-8.35020000654356,-26.11596442003519,0.23896780807898577,-0.34131036795936004
4.66,0.9247881873697708,0.22611602711085624,0.09303915973163157,15.254922209867672,16.996413650823666,31.26091285817958,40.26273531009565,-5.103628614308974,-28.349224219247855,0.2529740016844378,-0.3581299540265089
4.665,0.9259709535505123,0.22457280813210714,0.11517739516355355,13.807774313058179,15.671576844721676,31.881756496477863,38.93236733277547,-9.76065757637069,-30.767217600137563,0.19454235130661868,-0.2394814725380364
4.67,0.9271443251516726,0.2227857150327761,0.12728567321224132,12.364375498449553,14.423816583863996,32.517947460769506,37.91401228709452,-10.190420614006086,-32.950075505953706,0.1001792103628817,-0.05434131588118177
4.675,0.928142851168498,0.22146405700775454,0.1430905128380405,11.441820857149398,13.399372473954065,17.512798836556897,37.28487673520439,-6.972648586677693,-34.646810185395466,0.0373131917933253,0.053370206155786463
4.68,0.929303250629867,0.22091241463200242,0.16884321652828815,10.741230394638517,12.2500910325696,18.046737289962465,36.80335756593931,-10.793988808298081,-36.43965521364506,-0.001690343158255007,0.10349100355935288
4.685,0.9304620119840191,0.2207114932882579,0.1712632983743959,10.040189060499047,11.151820035439053,18.57912049478699,36.54583417994547,-10.689742511120684,-38.048549713982574,-0.016783964764430885,0.10944999619940454
4.69,0.931453953651389,0.22036793724769532,0.16970338194061277,9.338703847886585,10.237642447341058,19.110097646761915,36.48380112996978,-7.413851408647631,-39.306246655047886,-0.01635567365283615,0.0933540466046079
4.695,0.9326093391007172,0.2200221867181727,0.1845343459156023,8.636777128024036,9.199173613883023,19.639815792399162,36.56371542740794,-10.689470359131207,-40.652196504393196,-0.00804688209219303,0.06677247705303967
4.7,0.9337632194558314,0.2197693277994941,0.1849753755120483,7.934406629954438,8.195133336505148,20.168419905760828,36.76884154996415,-10.415595887443189,-41.88142363222246,-0.0017713412430072223,0.04488637344423295
4.705,0.9347510701219017,0.2195432017092518,0.1844567490746369,7.231585417270971,7.350368561599314,20.696052979193155,37.035797277097146,-7.2636926973423215,-42.86136532862698,0.0036235769834413708,0.031866915125644345
4.71,0.9359032507943468,0.21961702696103066,0.1982675631484858,6.528301861075821,6.381475962842818,21.22285612727859,37.43288701929828,-10.167049255532561,-43.931836348000814,0.009485228978805124,0.019678130558849104
4.715,0.937055620438762,0.21957375786461672,0.19405704287791484,5.82453960838933,5.436476030734083,21.748968703523644,37.89534812395638,-9.812531069440467,-44.9305116530127,0.01002068925122303,0.01361700987693126
4.72,0.9380427515676784,0.21942733012225854,0.19120688481432133,5.12027754519378,4.635011646570306,22.274528429308873,38.34367026499484,-6.821070699044185,-45.743098652522725,0.01258243481727207,0.01132922552626305
4.725,0.9391990417120182,0.22075236729188863,0.20414390949403302,4.4154897532552155,3.7093911343986807,22.799671534695108,37.679831899364274,-10.62723989672753,-47.348702361549314,0.06981598663616484,-0.10575154722653315
4.73,0.9403534840233014,0.21961327655230153,0.18485668164841265,3.7101454598196497,2.8010676573974016,23.324532910852696,38.403574458867354,-10.23080232393059,-48.140903211313564,0.036429903150391726,-0.04022577547416785
4.735,0.9413381557711086,0.2184833380883547,0.1947105768907756,3.0042089792264335,2.129666870278125,23.84924627394261,40.00836492689274,-3.971915630661613,-48.11532570959001,-0.042391611962931765,0.10046022893189904
4.74,0.9424848306336532,0.21848486806725237,0.21943060507020204,2.2976396454197356,1.4538805948690487,24.373944340379182,41.389292730690016,-3.18658107444206,-48.2220381734799,-0.08407563623969636,0.17000029799794716
4.745,0.9436387884972044,0.22060612433540824,0.21655588964193317,1.590391734268593,0.8775730630241452,24.898759013522124,41.24494613378283,-1.1821238003602872,-49.059226976898046,-0.10330882176847157,0.19416186565344806
4.75,0.9446386419716131,0.22273632541134328,0.1881108323632048,0.8824143745241066,0.5614154536837879,25.423821581958236,40.04737354481742,4.734697401466292,-50.15576677059565,-0.03925816578722833,0.02991568197542942
4.755,0.9458160398585493,0.2246895120965171,0.1731525912673655,0.1736514461494103,0.36974325317839785,16.806596519316457,37.64047329087589,6.202125978138099,-51.79181986166661,0.08735110279420046,-0.24312847671368332
4.76,0.9469982934245896,0.22516225122143674,0.14461662222194394,0.17365144613821215,0.3327314101699884,44.826348553861806,34.8281388447474,8.782540315546711,-53.4754310551622,0.14739474986076553,-0.3717166581125573
4.765,0.9480118614224454,0.22498618415913096,0.13306244558813707,0.17365144613821215,0.4148867240331662,44.826348553861806,32.39929008956318,10.988270015191418,-54.789973983002426,0.10431029597780658,-0.28629647322227225
4.77,0.9491925601835802,0.22452184922945662,0.14401629682997397,0.17365144613821215,0.623722843945266,29.028062650760432,29.727698628151046,13.724868469298102,-56.08687501261713,0.03512056465702146,-0.11230369827293345
4.775,0.9503707252719226,0.22419176611830324,0.14361924487085656,0.9275312779141984,0.9278052222137514,11.114136723124716,27.310792206807548,15.73761565730858,-57.11122784417807,-0.04438293457533215,0.08309722894495598
4.78,0.9513800758922731,0.22421697784374417,0.1418668614662274,1.6805264391419144,1.2617013303233264,10.470500028856122,25.42577627622913,15.510500471255966,-57.78221334510701,-0.09437483331953223,0.19998357355068086
4.785,0.9525591749294134,0.22467144861229132,0.1508256468601237,2.432703863939878,1.7236232731870815,9.828722737771301,23.428923215957468,19.673296519205238,-58.3479596161975,-0.11632323562894839,0.2553199318691988
4.79,0.9537400216156043,0.22490652863322183,0.1397645355462358,3.1841237842544814,2.243275218946264,9.188996695193083,21.635364449097153,20.983336780721615,-58.714369882411184,-0.11238474975238717,0.2479728462539875
4.795,0.95475252207784,0.224870533156935,0.13112931677805786,3.9348398654842427,2.736251699175865,8.551507601826415,20.2235455805355,18.873698713323563,-58.888531360383745,-0.09927082147262514,0.21832608180345933
4.8,0.9559338545368193,0.22492880169107915,0.14053008281000698,4.684899324182588,3.3580244293942956,7.916435651589268,18.701309531068205,23.707886852969693,-58.952730527015106,-0.08142423146995009,0.18037684315128336
4.805,0.9571149058276852,0.2248165760492214,0.13393132196649635,5.434343029742582,4.013722761805142,7.283956082484195,17.303357369183857,24.439541292734845,-58.89499885422059,-0.06373042872486082,0.1461898012498818
4.81,0.9581265434487186,0.22465350314240987,0.1293623716603751,6.183205591830607,4.6070258117359595,6.654239650735519,16.1761118249309,21.156893303241333,-58.759086889308016,-0.05329649784445716,0.12641825254791128
4.815,0.9593066275070516,0.2247015627912487,0.14033367086933446,6.931515435208837,5.3295299170210635,6.027453037049213,14.931637982690603,26.16933830916237,-58.515096504471636,-0.04497965612825884,0.11197359192774366
4.82,0.9604849014775655,0.2241389232712511,0.13396507545401823,7.67929486347596,6.070842866737356,5.403759192628797,12.666011893548585,25.43030831803921,-58.84567712639166,0.013009063766102077,-0.007863708068069407
4.825,0.9614918848288025,0.22339761381669845,0.13493795200987085,8.426560113160445,6.761713579441255,4.78331763187731,9.977536711712986,21.33246760763501,-59.48822559359442,0.07087072444526497,-0.12840175187565628
4.83,0.9626631824414748,0.22275544498670274,0.1531198196163033,9.17332139951873,7.715237581068202,4.1662846776964955,6.142957891867297,28.876538532999206,-60.43375181495171,0.12204221629726,-0.22473484276713412
4.835,0.9638307747889111,0.22211135010562785,0.155643275619366,9.919582955318692,8.787213937227945,3.5528136646160817,1.7845714054339794,29.612655749347823,-61.4993958748163,0.16207971832856669,-0.2888625411630462
4.84,0.9648288228483094,0.22160047810482225,0.15851618637692222,10.66534306382747,9.804641597809344,2.9430551046114317,-2.37476224570608,24.340621511854692,-62.493773380430106,0.14951353807058168,-0.2317984827891387
4.845,0.9659916362323182,0.22140946301064982,0.17477620226746837,11.410594087167262,11.08950997590857,2.337156819735469,-7.210972341578213,28.771231991761965,-63.4691056151471,0.11354760021214079,-0.10447739693894355
4.85,0.9671552561188793,0.22177495377815756,0.172742399305361,12.39210307161013,12.447097168401346,-22.780045525027447,-11.65664356805786,26.960560731527266,-64.08367942993638,0.06880828386633876,0.03047914537705362
4.855,0.9681550881234806,0.2223517379448285,0.164092953884782,13.928215359179765,13.678612391087329,-23.523894348719153,-15.113193996179007,20.632651977831898,-64.29590061230195,0.028748661914349008,0.13997884134538588
4.86,0.9693258458012589,0.22329388881817555,0.16740478927889926,15.46864999596567,15.182803673498608,-24.289896357909385,-18.727454971373305,24.51467116640724,-64.20245330336783,-0.01720007950882041,0.24747680848376685
4.865,0.9705004116670549,0.2239057382641307,0.1513442678282935,17.014359743619927,16.731601253102696,-25.074865375926947,-21.913887627347037,22.889017291995245,-63.80378630175237,-0.046815932965916386,0.2949314583313275
4.87,0.971508942022173,0.22411308359392262,0.1388322089806548,18.56621793268576,18.108269798102086,-25.875878380963513,-24.368626571150855,17.20145414570392,-63.242443572692224,-0.04952804333480764,0.28949355035314384
4.875,0.9726869129997441,0.2243557604685857,0.1457214505808913,20.12501836552056,19.763272822001017,-26.690235015832343,-26.957343989217776,21.151245189197837,-62.37351793909316,-0.04094107771200508,0.26286362725811707
4.88,0.9738645147245378,0.22419037523604554,0.13725053031308346,21.69147391743512,21.445443092165927,-27.5154243375394,-29.282193996512717,20.011110454644353,-61.3292770237436,-0.022600958630523346,0.21771777136565337
4.885,0.9748727826431878,0.22389827366811124,0.1336109885209486,23.266213946478665,22.924999380968696,-28.349097637473164,-31.116545432638418,15.028040766288768,-60.30240182000078,-0.006540082576474293,0.18439966916839037
4.89,0.9760483029730395,0.22383250477401762,0.14639687253493294,24.84978061231702,24.688664810033547,-29.18904638740389,-33.10138236405788,18.8549999101393,-58.97618607540266,0.003561739684105485,0.1640916765288931
4.895,0.9772222879208529,0.22347336534854093,0.14176942163655695,26.442624201952114,26.468447746096665,-30.033184541166065,-34.93147599172278,17.98901687327421,-57.55182877267698,0.014729163781612266,0.1421468514237301
4.9,0.9782349424311756,0.2255542252557958,0.1407274288830227,28.045097563835377,28.02442183903711,-30.879534557690846,-35.12160270028417,14.550134347626653,-55.60427785461376,-0.024989795740806182,0.24379180286269544
4.905,0.9794296135606112,0.22814613937384054,0.12522038856324236,29.657449761603377,29.767898472722575,-31.72621661578205,-34.043554211951744,19.06734415398128,-52.7480470894311,-0.08976177076148026,0.3992939326415119
4.91,0.9806299907314167,0.22848683437030917,0.08764948491881722,31.279819073626435,31.389249769132352,-32.57144057090841,-32.57985922498597,19.31174581657288,-49.81375868318992,-0.12128968532921043,0.4849288009210673
4.915,0.9816560055818448,0.22747693213035003,0.0760496452953067,32.91222548417254,32.70484824516952,-33.41350026446605,-31.37402631912005,15.982719054372552,-47.39376681318704,-0.12561103748406524,0.5050528761794728
4.92,0.9828459735029781,0.22603433437236997,0.09571158582946146,34.554562835476645,34.16518376675543,-34.25076984059629,-30.210489445928346,20.61479916689845,-44.7775394643337,-0.06939702011190405,0.3763160827637342
4.925,0.984027824024514,0.22450729969619657,0.106001364819357,36.206590836386106,35.54743902775912,-35.081701757630384,-29.359124531291314,20.980915451818248,-42.42250503723519,0.015626095061264916,0.17362587318841008
4.93,0.98503496255209,0.2234097066135195,0.11800007661168586,37.26178574104017,36.68853668444629,-19.16053239414353,-28.880573816696568,17.690484210132965,-40.596646077341326,0.060594568573740126,0.041553355639302944
4.935,0.9862048676678998,0.22268548917963926,0.14035815313177152,38.06243226325664,37.97578860794105,-19.84313480358142,-28.58472333783294,21.52977743170635,-38.671376894831205,0.07668711427724492,-0.029003659539140206
4.94,0.9873731327859908,0.2225065974674587,0.1439693189397776,38.86775933139779,39.21312471596384,-20.527734299097347,-28.520569597274516,21.381121556880032,-36.94584323024608,0.07057874240470463,-0.0497210173052893
4.945,0.9883731677740278,0.222210621992867,0.14131210205939795,39.67791832252843,40.249448154812086,-21.214195390573735,-28.63314741401217,18.033527701437208,-35.597415801804836,0.05776169616006808,-0.04191126206442187
4.95,0.9895385120827397,0.22191997759008114,0.15486968769573262,40.49305744543206,41.43406054405529,-21.902377428402644,-28.92549374530364,21.30223746506738,-34.153324245103136,0.03996115769322923,-0.019114870198456275
4.955,0.9907016527385717,0.2214793781990787,0.15378429784411132,41.313321418653004,42.58672655375163,-22.59213445468214,-29.347969436768295,20.9912904711519,-32.8320760601634,0.029495780243078567,-0.0018540918335038263
4.96,0.9916974363673926,0.2213656059964661,0.15465674083791878,42.138851114262366,43.56295393056859,-23.283315091809385,-29.807719217363598,17.749941139935075,-31.775979448047053,0.022017998696650835,0.008028562875195445
4.965,0.9928585934916105,0.2212004781628772,0.16644658587864034,42.96978316635263,44.690127400524936,-23.975762469895102,-30.435638890185174,20.6653959042914,-30.61790526947341,0.014827291081710717,0.019389498744537794
4.97,0.9940184932586914,0.22096360647725574,0.16425443084562555,43.80624954333434,45.79675896637187,-24.669314194561366,-31.1308989769326,20.261953389114325,-29.53238339105529,0.014698908631766537,0.02491421211744684
4.975,0.9950145438123471,0.2215980165247634,0.16301688241200343,44.64837708320567,46.741799422222684,-25.363802356676786,-30.523428635011356,18.38329551309087,-27.906738070235996,-0.04108748972630131,0.14390562193564466
4.98,0.9961790222199363,0.2220187545812477,0.16598456142088205,45.49628699109314,47.84051702488855,-26.059053585569018,-28.681606433073227,23.6601040331213,-25.348280919174336,-0.11988036266087189,0.3345941749489054
4.985,0.9973472034866925,0.22238087483355923,0.15660968632726519,46.35009429852532,48.638634520352525,-26.7548891472172,-25.93333310531517,21.157495673883034,-22.65222458711642,-0.1736153937861106,0.43928124494011483
4.99,0.9983486092411518,0.22235419486666505,0.1475975644321849,47.20990728410069,49.10899601937719,-27.451125088839632,-23.16376863642128,16.358026062739143,-20.379729666771823,-0.19078993192094715,0.46858685329112826
4.995,0.9995164271975814,0.22238665766308727,0.1578673332995436,48.07582685545157,49.445507326270324,-28.1475724310709,-19.96719167218339,15.98639158495881,-18.036022625108096,-0.1183012233550505,0.3163908227310938
5.0,1.0006845440953076,0.2225446670065293,0.15276402705651804,48.94794589268945,49.596417902388275,-28.84403740885284,-17.049548339773878,13.031124073957798,-16.11352659164301,0.000948051332340319,0.05268054164683117
5.005,1.001687957324845,0.2231124622887907,0.1461579267981787,49.82634855384691,49.59082313237353,-5.821313350381445,-14.798902109697963,9.578774425915356,-14.800734832059756,0.09092170834280153,-0.13264708569479286
5.01,1.0028620156923136,0.22382350629165196,0.14925960743358316,49.000367197460534,49.47118603911602,-7.957783600357459,-12.465695930249922,7.306190153929094,-13.599584047648783,0.1512465049284057,-0.25143038592342953
5.015,1.0040398973839166,0.2245952444488869,0.13562578194919225,48.17994374263429,49.235137556651395,-7.4898986608194775,-10.42911946201599,4.27547749898109,-12.733288890975595,0.16402915375379218,-0.29135604907175744
5.02,1.0050523270625717,0.2250339675522949,0.12094097602071281,47.36500893374148,48.94525408811755,-7.023755093719103,-8.877643319240207,3.2297013560954753,-12.223810566656264,0.15341534700148896,-0.2825231237492885
5.025,1.0062355769485212,0.2253740491624444,0.12476529466724563,46.555486635524424,48.5211357076598,-6.559004042166265,-7.2605155220586255,-1.4947003216078514,-11.85834831054963,0.1362224960212554,-0.24442797311045258
5.03,1.0074194291242167,0.22540941022929273,0.11468329499114037,45.75129434733253,48.027947872540956,-6.09532460086524,-5.82572273792033,-3.659146818392898,-11.692202027635009,0.1158303100108767,-0.2075812060423877
5.035,1.008434193005593,0.2253807215263874,0.10813168694865313,44.95234369117721,47.550141778347026,-5.632421521785261,-4.707157814033906,-2.338653984055483,-11.688348604845329,0.10393633859170848,-0.17580141878214103
5.04,1.0096182857850469,0.22542294941946286,0.11724689175742868,44.15854087324978,46.93926783305242,-5.170023075517946,-3.510079658213982,-7.687468004452228,-11.818222302366822,0.09535014277084451,-0.14797870823080356
5.045,1.0108016639877102,0.22523042406617338,0.11059330858701306,43.36978711872861,46.2891633282348,-4.707879059046064,-2.417132416860852,-8.970777372547175,-12.061431579443656,0.0838701958941923,-0.12044764518952669
5.05,1.011814977778085,0.2249654926226899,0.10676344926678244,42.58597907988319,45.69736925387106,-4.245758941259766,-1.539581890280914,-6.124935576322741,-12.351061087111605,0.07427763388433106,-0.10062531905191952
5.055,1.0129961715116598,0.22480149827380608,0.11878476673108952,41.80700921763768,44.97397658672378,-3.7834501373708918,-0.5733135038460659,-11.563577638877433,-12.767406761082114,0.06795983979161158,-0.08663283922654419
5.06,1.0141702194864262,0.2228873494510547,0.11481205297265451,41.03276615688948,44.23011069893505,-3.3207564042318722,1.4675273494400187,-11.314967750533782,-12.615093526105825,0.008483181861955796,0.03772311631412499
5.065,1.015167870586871,0.2210776536771202,0.132051411753807,40.26313501598805,43.53513451422427,-2.857496348358694,3.99801632894804,-7.572956357680283,-12.13802441335881,-0.05105123493834035,0.16172529110954845
5.07,1.0163235066268472,0.21967740214917597,0.16362060699603667,39.49799771086813,42.57334568587756,-2.3935020393395803,7.681308595327778,-15.648987460869861,-11.406277718782318,-0.0952463529943479,0.2692204655473767
5.075,1.0174729178922142,0.21860202437075177,0.17644046623874673,38.7372332344022,41.492406934107315,-1.9286177213118378,11.917458142151247,-16.6227340996887,-10.577400682274554,-0.12161628604414666,0.34867428524869837
5.08,1.018454051667114,0.21790892142666857,0.18598883530764324,37.98071791158978,40.468946383365825,-1.4626986154999884,15.903138611273079,-11.435302690104862,-9.854842372309879,-0.08385172449906403,0.3036444415795086
5.085,1.0195988632293376,0.21837760786656846,0.20588372698389812,37.22832563123859,39.18083198483663,-0.9956098075074635,20.366290121504733,-16.069806864159688,-9.288240496845177,-0.0043618415868486235,0.18196894840588362
5.09,1.020749466134632,0.21969555330515833,0.19767959466253882,36.236533769640985,37.826227773395644,23.877917905786404,24.363783704577628,-14.375484847251045,-9.090071530112745,0.07168131627624633,0.050332138793306655
5.095,1.0217415316653249,0.220784535441916,0.17897738005775307,34.68359283969505,36.60424869902808,24.35085460640036,27.403987368189235,-8.157891907575006,-9.213623596614909,0.1267447293913478,-0.051920475914271305
5.1,1.0229059015955602,0.2222287242761495,0.1769507703223543,33.139189578925766,35.120850355507315,24.826882904111244,30.51880814601384,-12.277270556176035,-9.656485674306044,0.1697946998070736,-0.15009582892937104
5.105,1.0240753321203926,0.22297301586542448,0.15554968178500894,31.603535788786054,33.60386502874736,25.307823807864366,33.209874920811785,-10.900337505649645,-10.351387176691933,0.17559490472978007,-0.1837240017591687
5.11,1.025079718651593,0.22314009326613363,0.14193304040490723,30.07673778902071,32.265627164144405,25.795273519170507,35.24167621661519,-5.362111755339356,-11.125669594809569,0.16254624719865884,-0.17122674036727
5.115,1.0262529424839815,0.223439827695197,0.14966131812068564,28.55880228125752,30.669220659629,26.290626809392222,37.344089189172166,-9.596260813668195,-12.196962987931165,0.14274972626831475,-0.14232408110110248
5.12,1.0274256600915606,0.2232395074135505,0.14093809921822742,27.049642142311484,29.059946272502135,26.795098945113295,39.199090869016544,-8.684679860774537,-13.396337710119049,0.11901009941153792,-0.09853508618024989
5.125,1.0284292244050166,0.2227715484940144,0.13814017274190654,25.549082016478863,27.65640308570017,27.30974625535626,40.64024704494125,-3.806586751883003,-14.521101020567283,0.10274003018889699,-0.0665847013053259
5.13,1.0295991199062113,0.22275429219448534,0.15340899718881937,24.056863592517217,25.997640342810147,27.835485419180685,42.18105340265308,-7.910513779092298,-15.922208698324575,0.09402985565551421,-0.04838819950364949
5.135,1.030767381801133,0.22237201049585398,0.14870714806589805,22.57265046595376,24.338022461600367,28.373111544729767,43.590188561940124,-7.234619654076866,-17.38231300836752,0.08332043415246873,-0.02783261119963974
5.14,1.031766564858845,0.22176255313969698,0.148442081709711,21.096032500271683,22.899681897683056,28.923315108690588,44.726687760241646,-2.8377948073832897,-18.68475529723369,0.0760294762007285,-0.015253801249536314
5.145,1.032942677328733,0.2248860122408245,0.16576135452790455,19.626529610936153,21.208382471200025,29.486697827285667,44.5548793780344,-7.745936618939808,-20.885735900953804,0.13537609281045077,-0.1312694414728623
5.15,1.0341338701144882,0.22750786846774662,0.12357635565452296,18.163594903775596,19.610192882043034,30.06378753521551,43.17663477025917,-8.019607134951926,-23.55016696003915,0.1990841357372723,-0.26159537257325877
5.155,1.0351599416312083,0.22775765835981177,0.08596012272229313,16.70661710360708,18.326520594839966,30.65505215620803,41.73141086207767,-4.426167706896194,-25.89265688304166,0.23469897578723206,-0.3301516320764008
5.16,1.036354212124796,0.22688059079108092,0.09080308581688858,15.254922209870777,16.916108106745767,31.26091285817637,40.14522718868557,-9.205951401088399,-28.513352979707598,0.2531665350137287,-0.3577519726528361
5.165,1.0375400552622105,0.22511206014537782,0.09406274289072301,13.807774313061259,15.59502522588335,31.88175649647542,38.8340013306352,-9.771517000853507,-30.91905439742211,0.18393257615895744,-0.2193115410192712
5.17,1.0385485056789576,0.22342752220575662,0.10854929856422058,12.364375498452619,14.515913170743733,32.517947460768625,37.961618973126974,-6.607118313278079,-32.80274167710663,0.10253546785331985,-0.06476588204615773
5.175,1.0397168691781125,0.22206085524727873,0.13769413797706093,11.441820857150873,13.311144771562372,17.51279883655755,37.225730565465085,-10.73947762081977,-34.796042751583755,0.035406148089462214,0.05006422920696014
5.18,1.0408803696553235,0.22146363765389715,0.14899648078329658,10.74123039464002,12.165057879250762,18.04673728996292,36.75200817333001,-10.774393868195375,-36.5811274942713,-0.004508607429001414,0.10312017097922904
5.185,1.0418756519179764,0.22112463518046704,0.15167901759144284,10.040189060500524,11.215135621364022,18.579120494784746,36.53340530673296,-7.469292314116004,-37.97062631446471,-0.01799095814690333,0.10676496372961118
5.19,1.0430351326924723,0.2207696756369731,0.16616179111298834,9.338703847888087,10.140156650640284,19.110097646764643,36.46074368170244,-10.895920248691368,-39.44947883087571,-0.01506469508359516,0.08608184951517449
5.195,1.044192223114728,0.22028402893368262,0.16634991103393038,8.63677712802551,9.104546658130083,19.63981579239828,36.541258973400005,-10.685817692415895,-40.79132027378944,-0.007731060026367968,0.06222606345916924
5.2,1.0451820183873581,0.21988915721442345,0.16828574102166066,7.934406629955937,8.236049223041718,20.168419905761425,36.72003113756432,-7.49857180965715,-41.85392576153497,-0.0022892635914379894,0.04276996727422887
5.205,1.0463351242734997,0.21964899122295897,0.1839094893941656,7.231585417272484,7.242777661808097,20.696052979195457,37.032284995598616,-10.528040050574376,-43.00704793656766,0.00694552115415674,0.024413673981960256
5.21,1.0474876128200943,0.2196030647650552,0.18330990229609145,6.528301861077338,6.276578804537207,21.222856127274213,37.4259411956906,-10.185658687818488,-44.07560941152887,0.00959095202898518,0.016092488817261302
5.215,1.0484750148679705,0.21944262629364225,0.18048050763139206,5.824539608390829,5.459089000107491,21.74896870352427,37.82572217466338,-7.1387521394983935,-44.939644060845794,0.010696579213870698,0.010899761025344781
5.22,1.0496262614923768,0.21934733102177187,0.19355840343252181,5.120277545195268,4.516827381736719,22.27452842931004,38.35019056450383,-9.900658810492445,-45.896341084734175,0.015797817211845883,0.00591344386367677
5.225,1.0507819653341506,0.22058374980126877,0.19141912355706903,4.415489753256729,3.5937166376987486,22.799671534697836,37.68153243934094,-10.662930856678827,-47.501344774594884,0.06983341124463278,-0.10753477431192195
5.23,1.051770701308332,0.21954771927543934,0.17322575986573094,3.7101454598211383,2.8078958484714547,23.324532910850962,38.30769948280624,-7.747869747572892,-48.186508110330465,0.04088570641338012,-0.051258982305095784
5.235,1.0529178422338028,0.21807734751584285,0.19648296592668063,3.004208979227922,2.01684688457782,23.84924627394321,40.1674255210533,-6.658985898567735,-48.17372693671978,-0.04689742760949634,0.11057044691458652
5.24,1.0540626735550132,0.21811086909928004,0.21087670819299772,2.297639645421249,1.3422866833487463,24.373944340377136,41.51350666510592,-3.1416510929472423,-48.29818649654013,-0.08540195217409569,0.1720608501241541
5.245,1.055049508613414,0.21984334427606703,0.20778837184101548,1.5903917342700922,0.8435079803074997,24.89875901351769,41.36345403075282,0.882779189653732,-49.03666514560413,-0.10337898176290441,0.19170868154816972
5.25,1.0562142161652412,0.22262984432096852,0.19865561161104164,0.8824143745256237,0.4690181556020322,25.423821581957526,39.95965203024576,2.814396981218806,-50.32723359485132,-0.03406893248351856,0.015817510965741875
5.255,1.0573894529410985,0.22418814591556283,0.1614391650118248,0.17365144615093442,0.2767062318007788,16.806596519539966,37.56529151396862,6.00471384438238,-51.957960704009,0.09650112084603102,-0.26137117948041877
5.26,1.0584002992077108,0.22452427151325596,0.1377376546287747,0.17365144613821215,0.24470528582386622,44.826348553861806,35.12900276222001,9.177668063352144,-53.41627440433528,0.1458756388787552,-0.36739284558374824
5.265,1.059580103173955,0.22448068533177948,0.1429081768846907,0.17365144613821215,0.3393970837439374,44.826348553861806,32.27688330246065,11.294254600142196,-54.96223144027685,0.10343168350304811,-0.28340372944155523
5.27,1.0607573461100768,0.2238392031821403,0.1376420405561197,0.17365144613821215,0.5468741279636236,29.028062651123918,29.62711863994133,13.51343003823726,-56.24870643469115,0.03066060504700284,-0.0962315287228629
5.275,1.0617643658772875,0.22356696184134603,0.13963304366991966,0.9275312779125997,0.8099786106173791,11.114136723128553,27.54033083887026,14.094494865301996,-57.13261543597171,-0.040410496871777085,0.07179675208937687
5.28,1.0629392357207277,0.22377780858683735,0.1522954583696651,1.6805264391402979,1.2013408845904465,10.47050002886104,25.328016521574853,17.937772727224683,-57.92099321707449,-0.09742723187442846,0.2053542316982973
5.285,1.0641157146573506,0.22416713291208562,0.1444723804512558,2.432703863938272,1.6615128007359081,9.8287227377686,23.348884537580602,19.497465224751224,-58.478765801083966,-0.11628676947299034,0.2570823161391634
5.29,1.0651255874749324,0.22437819911654774,0.1344084841761909,3.1841237842528933,2.1111225252202637,9.188996695190383,21.80131082314736,17.91541456418426,-58.79351549354674,-0.11367330452519189,0.2511227481811065
5.295,1.0663047320852308,0.22453340290651055,0.14113556310099326,3.9348398654826546,2.689927275017047,8.551507601824312,20.145609668727104,22.636173305073896,-58.99712631781181,-0.09939580894478216,0.21861974903393708
5.3,1.067483984667321,0.224521524201287,0.13358981190269986,4.684899324181011,3.309696836856544,7.916435651588813,18.637660860039148,23.558983974171355,-59.0556637724352,-0.07889669408629686,0.17824109119446088
5.305,1.0684947428491216,0.22450894702807575,0.1279994277357677,5.4343430297410045,3.877002557120572,7.283956082483144,17.43177897062381,20.57292937108417,-59.00382073273878,-0.0645405485609216,0.1498011914608116
5.31,1.0696742234045415,0.22459464009897023,0.1372784636579082,6.1832055918290045,4.574025905011786,6.654239650736116,16.110774082640887,25.590417481566988,-58.84246705240017,-0.054119005417274976,0.12944042237462702
5.315,1.0708537140641383,0.22457544992400158,0.1305205281561421,6.9315154352072454,5.294312322722071,6.027453037048247,14.878504391245258,26.007739190796684,-58.59434612244444,-0.043240881813325194,0.11112861566128097
5.32,1.0718633896497134,0.2241306176397771,0.1249951284373302,7.679294863474368,5.935883724323659,5.403759192627831,12.916304907588398,21.318155975423622,-58.88155861969123,0.007688343458793601,0.004351192444561823
5.325,1.0730382513074583,0.22339949404292045,0.13945296945208038,8.426560113158857,6.747212479147442,4.783317631875406,9.777202945934846,26.110509791427518,-59.62556934185989,0.07560951447256416,-0.13433459860750532
5.33,1.074209685726541,0.22281995683045178,0.14270818473800273,9.173321399517127,7.698429734889416,4.166284677694648,5.980749828841255,28.605429641719212,-60.551016598122445,0.12583253425750393,-0.22784993781581112
5.335,1.0752113192894683,0.22238577517405317,0.14448302659352866,9.91958295531709,8.62687886693104,3.5528136646120743,2.2163607945430783,24.751216973721313,-61.46862597386914,0.1597639970197346,-0.283785822111306
5.34,1.0763775069933066,0.22196813799176043,0.15952492262258372,10.665343063825865,9.822400344231056,2.9430551046161213,-2.6485060860127305,29.87599619972508,-62.62453129678866,0.15275979326802708,-0.23060698946272312
5.345,1.0775423382254907,0.22178466171834257,0.15985858040780457,11.41059408716566,11.10389638820382,2.3371568197355543,-7.429823978465237,28.402308025755843,-63.570835583307606,0.11191810539093944,-0.09404060291303704
5.35,1.0785415264545284,0.22218037618100386,0.15755814670454957,12.392103071606858,12.279117819877479,-22.78004552502722,-11.257128311978278,22.06608922788486,-64.0917371330418,0.0747217515953868,0.02389023881334267
5.355,1.079711451028185,0.22319395434778266,0.163056142822523,13.928215359176509,13.726502618408837,-23.52389434871543,-15.30301093820384,25.96912029655725,-64.33302453125201,0.029490759994922504,0.1499495821685486
5.36,1.0808860884784042,0.2240129585209213,0.1462291161846734,15.468649995962375,15.226632747906594,-24.289896357905093,-18.875839970808045,24.18547374485175,-64.22175633575377,-0.017440272867082215,0.25535562723047184
5.365,1.0818959472647296,0.22455413336870608,0.1312746039992338,17.014359743616623,16.56713533776473,-25.074865375924958,-21.618201133422417,18.2325430399393,-63.86894634851417,-0.04099884993597206,0.2970076653070159
5.37,1.08307726530408,0.2251527973946548,0.13412084283537423,18.56621793268244,18.185284392887635,-25.875878380958085,-24.491448555353116,22.16027451244352,-63.203403852063765,-0.04877351537744792,0.2995766323170614
5.375,1.0842596258410644,0.2251343261106654,0.1211683028194944,20.125018365517224,19.835672984000407,-26.690235015830183,-27.050867027070126,20.89400609117361,-62.32540620954712,-0.03604520161905813,0.2607659442939555
5.38,1.0852723514507432,0.22489476572395736,0.11538132575718796,21.69147391743175,21.291404783679564,-27.51542433753542,-29.05241866319915,15.707951565425404,-61.416691093110025,-0.019746392111965362,0.22303765046712856
5.385,1.0864532562152907,0.22483919822376106,0.1271561571311962,23.266213946475307,23.03067932324748,-28.349097637470265,-31.199280509282232,19.604701184705064,-60.20499701432568,-0.005641419155624628,0.19301276343117293
5.39,1.0876325871711954,0.22447163294469122,0.12193383070041047,24.849780612313623,24.78929606878597,-29.189046387403096,-33.1620256943948,18.67279998692031,-58.87442376908224,0.00745993293907909,0.16217609364283003
5.395,1.088641685921887,0.2240592540553059,0.12051940807146719,26.442624201948703,26.329440902348328,-30.033184541165213,-34.738290576633716,14.081258511081145,-57.63816866649144,0.015859481985979616,0.14540911871791412
5.4,1.089827316920839,0.22656189665464357,0.13464647399962582,28.045097563831945,28.15860873560097,-30.8795345576861,-34.98759893571193,18.92873165939443,-55.36014009355306,-0.03364066132388494,0.2679548877876196
5.405,1.0910250435215374,0.22859708729730976,0.09892274292384315,29.657449761599942,29.89646318347772,-31.726216615781112,-33.92892323270047,19.09948710709665,-52.517687652189515,-0.09198338092981038,0.40765221238661425
5.41,1.0920556733057782,0.22882797402636978,0.06762941478448273,31.279819073622974,31.298111860239555,-32.57144057090812,-32.6704037331568,15.418513372646231,-49.98419214045947,-0.12322415785437141,0.486052546048989
5.415,1.0932553973639898,0.2279946906030267,0.07229263988068642,32.912225484169056,32.84489077451723,-33.41350026446571,-31.262211357536785,20.14949167263262,-47.14375441475197,-0.13386652580997055,0.5208033942335103
5.42,1.0944472594756829,0.22633526970819778,0.07455639100493336,34.55456283547312,34.300604451325526,-34.25076984059507,-30.11579265815851,20.664815924254356,-44.54114168423743,-0.06946896222799577,0.3705728847010264
5.425,1.0954618920560082,0.22492616263489054,0.08722894247678323,36.206590836382574,35.49568493345025,-35.08170175762717,-29.387295563223176,17.42557781897048,-42.50882777906562,0.0015687515452573577,0.19634019047242982
5.43,1.0966389049852354,0.2237584402693918,0.11258944807417663,37.261785741038466,36.8374074279579,-19.16053239414117,-28.82739337470585,21.541457134247338,-40.36335152683007,0.05166970585322431,0.05062082046308901
5.435,1.0978106549137516,0.22301031558158366,0.12078932273459243,38.06243226325492,38.120796259290984,-19.843134803584235,-28.537326474613025,21.551916782465256,-38.44632021822218,0.0703365881141195,-0.028412958680414498
5.44,1.0988131394182175,0.22269682694255002,0.12451892536807849,38.86775933139606,39.190935741263964,-20.527734299094334,-28.485496542731823,18.187582780518113,-36.955952356785744,0.06590249186634078,-0.05127306773662657
5.445,1.0999807280791511,0.22236035905558363,0.13806641846921994,39.67791832252671,40.409261110325026,-21.21419539057203,-28.617005976747265,21.607748560162207,-35.370284515778856,0.05232279772943546,-0.04190330611987897
5.45,1.1011466296793622,0.22194058890341226,0.13732196092558493,40.493057445430324,41.59036205561027,-21.902377428400285,-28.907686086212408,21.34179484874369,-33.93037981478792,0.038820351147083425,-0.024650595905534495
5.455,1.1021437128664777,0.2214928217309157,0.13770593677650056,41.31332141865127,42.58742533196124,-22.592134454681684,-29.273902971422245,18.089974716746468,-32.78809257236078,0.030900009575560577,-0.009909029819258524
5.46,1.103305421748445,0.2213365321669982,0.15330894162146014,42.1388511142606,43.73508318391442,-23.283315091806998,-29.811645951488714,21.098353659705623,-31.54523675226723,0.02083301420698156,0.007718096685581101
5.465,1.1044661421734865,0.2210575765017818,0.15096418350360463,42.96978316635083,44.858950123951416,-23.97576246989516,-30.43367458580275,20.71795430230972,-30.388930373053626,0.01535516629598853,0.0171970065471336
5.47,1.1054596368793095,0.22080150333234694,0.15014916063788564,43.80624954333253,45.81625312989012,-24.66931419456145,-31.034204098729475,17.600325629639187,-29.449701222369555,0.01416646140099376,0.023036836771944017
5.475,1.1066207371777095,0.22138529316282912,0.1638143480568433,44.64837708320387,46.92722428892272,-25.36380235667562,-30.349154656189,21.730899608054912,-27.555518028878613,-0.048690150577286304,0.16110518727785486
5.48,1.1077834603864392,0.22159777056539304,0.15281993333148503,45.49628699109131,48.022796188367195,-26.059053585562197,-28.53553387981853,23.89326808583101,-25.01767763784226,-0.12364827356858715,0.33852618618111285
5.485,1.1087824506167243,0.2218472161254434,0.14604901206736787,46.35009429852349,48.71163649163548,-26.7548891472141,-26.164742382200785,18.59269569302863,-22.69169756522555,-0.17295377658052605,0.4338876037121165
5.49,1.109948395884349,0.2219005814470436,0.1532845939700168,47.209907284098854,49.266438073873076,-27.451125088836562,-22.933028331782168,18.975013470642836,-20.032463808749633,-0.190875557423891,0.47181088903568447
5.495,1.1111134398088856,0.22178663881185046,0.1481006451834915,48.075826855449684,49.601836187592276,-28.147572431072064,-19.778392217198757,16.3051735942267,-17.716069052757128,-0.11082007301073231,0.2996811238301286
5.5,1.112112081061171,0.2219355120768091,0.14496373642923258,48.94794589268754,49.73134543886632,-28.84403740885267,-17.27039753794429,12.207069571431248,-16.06422016357246,-0.008167947294639922,0.06883829886507867
5.505,1.113280220111744,0.22272715950407732,0.15341282838172568,49.82634855384505,49.72591744112953,-5.8213133510705575,-14.63910820798776,9.879890693519343,-14.528386719463901,0.09354917088306965,-0.13932048692979196
5.51,1.1144519527967929,0.22339174624883354,0.13935319037651425,49.00036719746228,49.59465052951364,-7.957783600395317,-12.337594874767973,7.0782909216625995,-13.362166983809495,0.15379171576805478,-0.2606479529696144
5.515,1.1154594558820556,0.22405225275675186,0.12647082743686117,48.17994374263602,49.38123607158408,-7.489898660847018,-10.589352933928069,5.206534144835246,-12.633004436464573,0.16666024294159584,-0.2991639364052646
5.52,1.1166385603421045,0.22470372184408952,0.12812149878355805,47.365008933743226,49.032982990670085,-7.023755093754573,-8.777668184226371,0.8442787023882943,-12.051029136390008,0.15668828105013533,-0.28996966937723184
5.525,1.117819189079109,0.2248190640968342,0.11474320894014853,46.55548663552613,48.60340528008467,-6.559004042196904,-7.182570009046685,-1.6234137173861427,-11.705703194833129,0.1362101214830576,-0.24538765467440446
5.53,1.1188312954527169,0.22478063631785417,0.10753532944407336,45.75129434733424,48.17169081154321,-6.095324600899147,-5.949973425269661,-0.9351188993044133,-11.573478653406992,0.11699377186986674,-0.2095829064385106
5.535,1.1200124851389979,0.22490836253857957,0.11699945797265059,44.952343691178925,47.60616678019176,-5.632421521820049,-4.642923211202316,-6.203234494748884,-11.578312461835065,0.10363456806477045,-0.17315638485231435
5.54,1.121193300658506,0.2247514353765328,0.10959646728692729,44.15854087325145,46.993714870661826,-5.170023075550688,-3.460761183573709,-7.736907049618964,-11.718701069890495,0.0903339998306352,-0.13768179321376112
5.545,1.1222046009641915,0.22454231855526513,0.10557400189197438,43.36978711873029,46.42887377960845,-4.707879059076845,-2.5203933178210605,-5.24917570875715,-11.935005413186218,0.08065062375993441,-0.11578215263800135
5.55,1.1233838149445396,0.2244420456457685,0.11711652874861088,42.585979079884865,45.731621375485744,-4.245758941285061,-1.4939718980841121,-10.724831629625811,-12.280214697598637,0.07348648554598218,-0.09976597959643521
5.555,1.124561576164662,0.22410720330034578,0.11256906509757654,41.80700921763932,45.00906998731603,-3.783450137402099,-0.5385310297570243,-11.556844519575762,-12.701447479504326,0.0627952350999285,-0.07692743299095611
5.56,1.1255650363019014,0.2224063031261413,0.11090827146495698,41.03276615689113,44.36471534265602,-3.3207564042602087,1.2291043658342176,-7.229423380578183,-12.569284810820394,0.009914206659060888,0.03211192628692844
5.565,1.1267256889652717,0.22034558516170244,0.14068567340906904,40.263135015989704,43.548356380744096,-2.8574963483800673,4.181893030122069,-12.56786104324189,-12.019861506516028,-0.05732101578637459,0.1770662152519578
5.57,1.1278779900016465,0.21903874415710828,0.16083015176160256,39.497997710869754,42.58938796836499,-2.393502039366922,7.82780819929701,-15.489894541349798,-11.306646850611086,-0.10027831669627002,0.281333271623695
5.575,1.1288606263202798,0.2181167101554824,0.17284565056736814,38.73723323440382,41.65418960891334,-1.928617721342107,11.486394383288314,-11.770357953800385,-10.591851335525632,-0.11998664982107884,0.3445864153607438
5.58,1.1300023478401973,0.21730529119752603,0.1953002471230165,37.98071791159138,40.45320192574566,-1.4626986155287796,16.154440506929575,-17.1696402924496,-9.748003105100096,-0.08086348826394427,0.3038825281891519
5.585,1.1311442867687673,0.21779364940789656,0.20242269601185825,37.22832563124018,39.17063474477645,-0.9956098075328157,20.57541097350952,-15.805871483290588,-9.19918051571084,0.0011449094483877108,0.1710838394674415
5.59,1.132127502780314,0.21884677595888052,0.19424058995801333,36.2365337696443,38.00026224463316,23.87791790575065,24.024318766338496,-9.523070271397572,-9.03021738091524,0.0674882419318061,0.058962072043457284
5.595,1.1332820697437498,0.22044958269795545,0.19341616950002316,34.68359283969835,36.566807377268184,24.350854606371286,27.592960246785367,-13.637147374477877,-9.17369508491236,0.13014839328992878,-0.0606035673448339
5.6,1.134443166594121,0.2215198301506204,0.17101435607345167,33.139189578929056,35.090572199947616,24.82688290408379,30.680429398137534,-12.073219361598134,-9.621676093116982,0.16959977918385785,-0.15483244731139087
5.605,1.1354418770758787,0.22199260332498433,0.15429950382735982,31.603535788789337,33.78070883178537,25.3078238078283,33.00237750487446,-6.279741487967669,-10.222585679956644,0.1761096536574417,-0.18062000047606674
5.61,1.1366101873387302,0.22261990556294417,0.15893342680580266,30.076737789023966,32.21128724741603,25.795273519144473,35.3875971962012,-10.482761634413194,-11.129536234338065,0.16456121346095165,-0.17423212619879894
5.615,1.1377792057878509,0.22258799358258943,0.14679138730388738,28.55880228126074,30.623086464077875,26.29062680936633,37.471844476850976,-9.446100032375313,-12.198959201706632,0.13873048641920904,-0.1338339168342985
5.62,1.1387801422588137,0.22219896084175242,0.14233924498040962,27.049642142314692,29.233858448813116,26.79509894508442,39.07287910598197,-4.370115398266975,-13.234473463163525,0.11894773962421964,-0.0981721064231518
5.625,1.1399473578193586,0.22224117282659236,0.1569116732737182,25.549082016482043,27.58803673453736,27.309746255327383,40.76421582917624,-8.52600947196089,-14.552714958152848,0.10647099192762714,-0.07269975426145105
5.63,1.1411131369495318,0.22193539361631776,0.15174684789193332,24.056863592520372,25.938074724218147,27.8354854191559,42.29178957452163,-7.7770060019787195,-15.948576527847422,0.09200555181102853,-0.04487399155611533
5.635,1.1421105598492283,0.22144191860962734,0.15080109212348483,22.572650465956915,24.505617019084788,28.373111544707257,43.508449092260264,-3.2209016866197686,-17.208557831672675,0.0847002110041041,-0.029050827878811542
5.64,1.1432729666790584,0.22132601728599505,0.16691165844892397,21.096032500274838,22.81915312601607,28.923315108663616,44.84173466088836,-7.1606633524571635,-18.735222535077938,0.0828944105824168,-0.024772508493589408
5.645,1.1444458157372466,0.22431793654013676,0.16403037562381212,19.626529610939272,21.13659598748521,29.486697827261878,44.65889395182029,-7.601356962677713,-20.92958463161218,0.13380663699741463,-0.12959062915981007
5.65,1.1454636519187777,0.2266381717544772,0.12368011826290246,18.163594903778716,19.75792570605338,30.063787535193143,43.449889269238156,-3.9291575908209353,-23.233508443057104,0.19432371193362932,-0.2516041931133683
5.655,1.1466584787272895,0.227530389027926,0.1049010009312014,16.706617103610185,18.251707082125463,30.65505215618373,41.743049336403914,-8.546361032766669,-25.98386452402892,0.24195801420533428,-0.3432109997430828
5.66,1.1478501949726723,0.22635633655021997,0.08730480128469524,15.254922209873856,16.84869458053144,31.260912858154256,40.1611806564934,-9.150144077114845,-28.59358929075832,0.25519351777240246,-0.35927985290388975
5.665,1.1488645373301034,0.22469883909505955,0.09428228557975384,13.807774313064337,15.708911393776253,31.881756496453193,39.0234933332282,-5.99819105179904,-30.67097716168962,0.1940980067870923,-0.23885519065312696
5.67,1.1500391059176966,0.22300913580863485,0.12258945972700562,12.364375498455672,14.442911578823216,32.51794746074518,37.99062445324972,-10.424095100050778,-32.88435989310112,0.10885565915931081,-0.07067313980429747
5.675,1.1512051497351103,0.22162969322723503,0.13714342094962845,11.441820857152376,13.244520464313533,17.51279883653865,37.25569975651206,-10.668362271706386,-34.86879768802301,0.03783904200744788,0.05386685857503429
5.68,1.1522004583344954,0.22103434888037551,0.14880060101099424,10.741230394641494,12.255726015868403,18.046737289942882,36.84444588811553,-7.377131916582329,-36.40986537773866,0.0005292160992406918,0.09986189606310415
5.685,1.1533599696948513,0.22087702986987848,0.16629563206429582,10.040189060502012,11.141537149340078,18.579120494768773,36.58226780506567,-10.960340868384847,-38.04236523536961,-0.012082658233847366,0.10182505082313288
5.69,1.1545182384371535,0.220531368465237,0.16415680164433644,9.338703847889576,10.072316037951193,19.110097646745828,36.50729919896776,-10.797044482301473,-39.51461478082944,-0.01107649964591106,0.08454853047273077
5.695,1.155509025185096,0.22009703232364103,0.1643424766918598,8.636777128027024,9.178798326878296,19.6398157923808,36.57588985590999,-7.569908425376568,-40.67271231183934,-0.007022643242564575,0.06539465147179543
5.7,1.1566632216260961,0.2198219267670909,0.180342878548501,7.9344066299574365,8.160248755708416,20.168419905744003,36.782239182156474,-10.714066899581667,-41.920602112810265,0.00116638305126166,0.04090159101742686
5.705,1.1578160117756762,0.2195661050136049,0.18005799379730208,7.231585417273983,7.172344668738268,20.69605297917613,37.09023398411361,-10.411861570451336,-43.068656175742795,0.0068427605963251,0.02699247816503235
5.71,1.1588033412993508,0.21946701146335063,0.17967036642533063,6.5283018610788375,6.3387021487226605,21.222856127260798,37.42984540872382,-7.303485461645295,-43.99058117325828,0.0091508838581953,0.019386505916274933
5.715,1.159955050363038,0.2194606790291609,0.19203324258820967,5.824539608392332,5.380090612258827,21.748968703503976,37.896786377396324,-10.132806511834701,-45.0047283412928,0.012001029444683642,0.010588303977869532
5.72,1.1611064421926498,0.21937727628491369,0.1888069725970599,5.120277545196771,4.443033452825021,22.274528429292673,38.41591392865064,-9.773886324746925,-45.95718188739992,0.014537148997524042,0.008371129710922067
5.725,1.1620967720039355,0.22040273099998117,0.18651502949764087,4.415489753258228,3.6465105863197635,22.799671534680243,37.82913552123517,-7.821220177369341,-47.34721559508134,0.0638707951766975,-0.0923706438420976
5.73,1.1632504128651264,0.21950927144114968,0.18538859269304384,3.7101454598226766,2.7250441735694877,23.324532910833057,38.5273529300988,-10.425958522247356,-48.171000728349554,0.036722000026581166,-0.0381353488413319
5.735,1.1643983150840596,0.21821055070224565,0.1924245531478512,3.0042089792294355,1.9392113087583984,23.84924627392641,40.35161319436489,-6.403511562785425,-48.17152628075473,-0.050578691187566825,0.11774364150986584
5.74,1.1653800564793524,0.21817227119912075,0.20473253332745264,2.2976396454227483,1.3584193551316153,24.37394434036088,41.49898854327898,-0.8364559420627131,-48.28523996998476,-0.08435592963587622,0.17023388246649554
5.745,1.166532657665709,0.22032864445945713,0.2168731092193655,1.5903917342716198,0.773791849661258,24.898759013504048,41.3375950942862,-1.3966199826786294,-49.14264497608352,-0.09728322613602582,0.17788759930364326
5.75,1.1676986118077983,0.22283779207502297,0.18813473504115688,0.8824143745271371,0.4027501201595539,25.423821581942576,39.94707937581026,2.85630527667594,-50.421423699808884,-0.03098660601842537,0.0022175661599349583
5.755,1.1687064311162407,0.22414021501419515,0.15407000374980773,0.17365144615246209,0.23917087688399105,16.8065965197531,37.87365955201125,7.24232194829662,-51.8291119969591,0.08264174698840294,-0.23523278352066523
5.76,1.1698868935305324,0.22481876052163527,0.14814384698051483,0.17365144613821215,0.2016065065828105,44.826348553861806,35.01888405520174,8.821264584029763,-53.537598562757935,0.14450419532661596,-0.3691521329818901
5.765,1.1710671773720982,0.22452088163243128,0.1343273668724826,0.17365144613821215,0.29670796831100205,44.826348553861806,32.19145308910589,11.180710616750147,-55.06918810790688,0.09569245331287052,-0.263903306494104
5.77,1.1720767092629403,0.2239829805885132,0.13200938778341292,0.17365144613821215,0.4770710696992498,29.028062651499965,29.903043595708795,12.57246639833096,-56.17864190348419,0.03557887145258686,-0.10730008334452575
5.775,1.1732524963054023,0.22373558467222485,0.14757439128761043,0.9275312779109797,0.7855104454153312,11.114136723159845,27.45304259453738,15.94909730880373,-57.216998143095026,-0.042462352424048874,0.07957209087935528
5.78,1.1744276508591671,0.2237915059380672,0.14505935011800358,1.6805264391386956,1.1753234614409627,10.470500028883379,25.259036840538016,17.771233721779424,-57.99673103783113,-0.09841464151748444,0.2131535732389098
5.785,1.1754358678940997,0.22404262055872048,0.13903308438963197,2.4327038639366805,1.5732339776909292,9.828722737801655,23.550044369902025,16.81834558217335,-58.47776848855904,-0.11705680013129954,0.257387306509992
5.79,1.1766137685649731,0.22435095042870007,0.14543523396968697,3.184123784251277,2.1003457646920487,9.188996695228582,21.733230658532193,21.33229873316597,-58.84838599934405,-0.1152522896012167,0.2513788031328276
5.795,1.1777920212455486,0.22429938873515587,0.1361984355276832,3.934839865481038,2.676348236128503,8.551507601853729,20.091253884367404,22.469779264578705,-59.047640055569644,-0.09800501798503766,0.21527244484526942
5.8,1.1788016087920057,0.2242228598102952,0.13116291461699803,4.684899324179412,3.211631602333934,7.916435651615387,18.788973708265615,19.877745824868867,-59.09829163372387,-0.08140664846673672,0.18091477570078338
5.805,1.1799796282774369,0.22431411446544772,0.14129727317583712,5.434343029739388,3.8767530675605126,7.283956082511196,17.37377243273815,24.859397280218843,-59.03850722789305,-0.06587738655431018,0.14966165680914997
5.81,1.1811575400801404,0.22423290040735783,0.13460279981620618,6.183205591827413,4.570212646347632,6.654239650766556,16.063809521601456,25.434467772233987,-58.87542290405273,-0.05276315097129557,0.12594986627459998
5.815,1.1821666251222236,0.22408240497760187,0.12994605614088248,6.931515435205643,5.192055754238709,6.027453037079084,14.999458360537403,21.85530464652159,-58.661662898767894,-0.04449880464880596,0.11231798108355698
5.82,1.1833419874783793,0.22363351909065252,0.14099458168306703,7.679294863472762,5.943987574214777,5.403759192655372,12.720130081708987,25.888590785505187,-58.98626279835375,0.010949885052750808,-0.0026653032385054102
5.825,1.1845140616861007,0.2228615862945245,0.140886519900653,8.426560113157265,6.751305244770236,4.783317631908403,9.618359354745962,25.87149372422411,-59.713213673118524,0.07677262572218406,-0.1367551458770032
5.83,1.1855158616619226,0.22232235267121064,0.14486750446207658,9.173321399515537,7.573221383508673,4.166284677724349,6.342215164640152,23.94185337577281,-60.510809402542776,0.11938362711408192,-0.21878383586464972
5.835,1.186681738001518,0.2218393727373867,0.1611301340047533,9.919582955315498,8.661123286774822,3.5528136646428266,1.944888350235118,30.278147490254284,-61.57829392361346,0.15959966675828885,-0.28400302255749765
5.84,1.187844517048206,0.22124054841483487,0.1622596848741992,10.665343063824288,9.850376578593881,2.943055104646078,-2.868188860961368,29.59974120674478,-62.710782339655964,0.1476857807710022,-0.22094924643449115
5.845,1.188839497731928,0.22101707658827832,0.16502474698952474,11.41059408716407,10.956876917508344,2.3371568197604233,-6.995941466681813,23.56193711534175,-63.528296584572985,0.1138182572390143,-0.10515976676994822
5.85,1.190001634888252,0.22159274486543154,0.17817547936552647,12.39210307160359,12.334300975819827,-22.78004552499445,-11.488417367174037,27.62091106488724,-64.14331534786658,0.07150425638928604,0.02868921388389365
5.855,1.191167744965114,0.22239053859291824,0.1671851232384232,13.928215359173214,13.773906957459978,-23.52389434868192,-15.500846097702095,25.73128508351138,-64.37494430882842,0.025000439953724567,0.15275708166306556
5.86,1.1921706144005058,0.22304264936374693,0.15323216022395655,15.468649995959067,15.06879774985558,-24.28989635787667,-18.586078876433447,19.54134198046944,-64.27965167753703,-0.014095204079943914,0.2460396130802421
5.865,1.1933449989089762,0.22396241651496354,0.15539025335744186,17.014359743613326,16.640061013955457,-25.074865375893467,-21.80701543959958,23.421335390782843,-63.86968514629712,-0.04597817305481064,0.3019201135154461
5.87,1.1945223891718497,0.2243444897526819,0.13927307801203676,18.566217932679134,18.24941631301418,-25.875878380931084,-24.657161337885697,21.96204625670785,-63.203017239703854,-0.05060482340619936,0.2942449467421096
5.875,1.1955322110347806,0.22431730663536412,0.1292140755510132,20.125018365513903,19.673862828762076,-26.690235015801846,-26.867624211469064,16.52869238591721,-62.445866117027144,-0.03930950209138048,0.2635323868775998
5.88,1.1967105398278661,0.22440288231391453,0.13874746070016042,21.691473917428404,21.3803680445882,-27.515424337506317,-29.217763538901465,20.45005262559529,-61.38248979136664,-0.025639031030743473,0.22930400365701212
5.885,1.197888079455583,0.22417623046252277,0.1320924911702542,23.266213946471925,23.11002265417382,-28.349097637441957,-31.347178563781796,19.41242508965985,-60.174458231054444,-0.007221096396101528,0.18808381106809388
5.89,1.198896186294911,0.2238709896984104,0.12917892177797918,24.84978061231024,24.62776100381143,-29.189046387377402,-33.04252662890866,14.625000876917056,-59.02679793330665,0.004489044550644289,0.16271968227410957
5.895,1.200071337742085,0.2237457810846577,0.1421335299352075,26.442624201945293,26.433342898165066,-30.033184541137928,-34.892541656661365,18.370398322390088,-57.57851213783677,0.01121001644457902,0.15176632592404576
5.9,1.2012548008991721,0.22614693005648107,0.13823762559217911,28.04509756382852,28.2523845737455,-30.87953455766285,-35.127209486876495,18.726911731793606,-55.30699442209871,-0.0332519909300848,0.26124080776125186
5.905,1.2022793479981608,0.22804110036564987,0.10389866322844951,29.657449761596496,29.751545195891918,-31.726216615757806,-34.19602027406964,14.980724720163778,-52.84863070282368,-0.0868859387963485,0.38724265797142193
5.91,1.203480347197865,0.22867986087879733,0.08953816626181366,31.2798190736195,31.39600328969058,-32.57144057088402,-32.710205924788085,19.52170962212557,-49.87406977989869,-0.12498622330458602,0.48902819553251337
5.915,1.2046782719763836,0.2276043184043545,0.07437821321328303,32.912225484165575,32.93454938922641,-33.413500264441524,-31.305437179705507,20.05721961048755,-47.046141506525046,-0.12773866858158808,0.51004806611955
5.92,1.2056983993065185,0.22608286670747207,0.0796496272473871,34.554562835469625,34.19039869866696,-34.25076984057381,-30.31020982282834,16.8472306018092,-44.79852101613834,-0.07096791606348386,0.3773659432273426
5.925,1.2068807289905366,0.22461248304306644,0.10584666868481804,36.20659083637905,35.59240385953044,-35.08170175760529,-29.44588533644861,21.242896892246392,-42.40998280543807,0.007897179957938179,0.19191809245399186
5.93,1.2080558187785981,0.22333165944337754,0.11713690244782368,37.26178574103676,36.926747392533784,-19.160532394122697,-28.885313947681567,21.445349062073603,-40.27432219290295,0.06194187783112466,0.039332605468112
5.935,1.2090582796295466,0.22258544498779023,0.12683646867312584,38.0624322632532,38.033961869368305,-19.843134803562606,-28.632682125197363,18.1193887804655,-38.6193794201524,0.0768190392858782,-0.028587579676983266
5.94,1.2102257612958656,0.2223500266509559,0.14547490361717036,38.86775933139434,39.289008149614695,-20.527734299074723,-28.56577461712496,21.707861642476644,-36.86830623328582,0.0702521008522566,-0.04785101372615287
5.945,1.2113917184037466,0.22205006221848103,0.14355154028900083,39.67791832252496,40.5007480793944,-21.21419539055185,-28.693105778823536,21.49430527712957,-35.28958461898999,0.05600955773009474,-0.04063719161163935
5.95,1.2123895595507703,0.22164557605521118,0.14252170509979023,40.493057445428576,41.51979555123926,-21.90237742838272,-28.943247812573276,18.197612021345464,-34.04698047069505,0.04238465673845945,-0.024506544858749865
5.955,1.213551129031279,0.22121150837912423,0.15754887321234304,41.313321418649494,42.68899002433811,-22.59213445466162,-29.369192353031508,21.347954635442136,-32.70562294337314,0.030039126704878974,-0.002710554503106669
5.96,1.2147114509960044,0.22105034514189656,0.15848308090224864,42.138851114258834,43.830403393973114,-23.283315091788296,-29.900675339133215,20.978659608788973,-31.468081106746062,0.019454649105685836,0.00908912181687819
5.965,1.215704853337646,0.22073252225241963,0.15631796328326,42.96978316634906,44.800097571508324,-23.97576246987404,-30.43759043246692,17.814848295671197,-30.470627504859756,0.015042544657323131,0.016853761326510716
5.97,1.2168622806544451,0.2205233042107932,0.1707174739307133,43.806249543330765,45.922667446530824,-24.669314194539794,-31.13979687185605,20.642195348047494,-29.36824617667008,0.012504849439279401,0.02713228140514066
5.975,1.2180219436187132,0.221100570368963,0.16937278875854878,44.64837708320205,47.02743856985176,-25.36380235665891,-30.447055055032052,21.60841576018592,-27.478478739097447,-0.04852952266105743,0.15959437424365508
5.98,1.2190175061371353,0.22137778930234817,0.15858186529002097,45.496286991089505,47.972756878792154,-26.059053585544973,-28.864052891621782,20.839871703658517,-25.27871844416294,-0.11573956514102664,0.32208860060312083
5.985,1.2201826444894701,0.22183912640615888,0.16579315650857024,46.350094298521654,48.784506993055636,-26.754889147193865,-26.08806779667185,21.430841540633935,-22.54871351675885,-0.17481577421120567,0.43878193598388515
5.99,1.2213480243153456,0.22176029558543045,0.15588262949182038,47.209907284097035,49.33789502785546,-27.451125088821897,-22.87950069035969,19.05697398510067,-19.905282606156597,-0.19037089361984186,0.47122416484287466
5.995,1.2223462798108282,0.2217456920497841,0.15230317930135953,48.075826855447865,49.62737414485777,-28.14757243105305,-20.149789584208463,14.545648166569265,-17.90172265751935,-0.12201042152120198,0.31863289200240413
6.0,1.2235117937689493,0.2220838198606224,0.16270878217898715,48.947945892685695,49.78182379510492,-28.844037408836186,-17.20033384634445,13.188774908875601,-15.955974453860101,-0.009028560738765186,0.06863278379448791
6.005,1.2246802032998612,0.2227492231126579,0.15421406801724544,49.82634855384315,49.77747283779482,-5.821313351736308,-14.586894622854686,10.024856337841925,-14.429642488084124,0.09415000858003156,-0.14199863680814276
6.01,1.2256844897577646,0.22331662049939183,0.14161520514686962,49.00036719746403,49.66055637433552,-7.957783600402166,-12.594006777532115,7.472487702078638,-13.423888752726246,0.15013969344108616,-0.2523811617077634
6.015,1.2268606603270367,0.22433389195227227,0.14464454629179055,48.17994374263776,49.408459591364284,-7.48989866084716,-10.53346764442287,3.653817385380165,-12.564926434783416,0.16534329642640777,-0.2999975543142419
6.02,1.2280406806595223,0.22486034489270632,0.1272231897961088,47.36500893374498,49.05992456073498,-7.023755093753294,-8.730061913860936,0.9183234751390756,-11.988321612769251,0.1545694184764986,-0.28720972459150196
6.025,1.2290533535284425,0.2249499280305351,0.11523430989136171,46.55548663552785,48.687296727074845,-6.559004042204123,-7.347982471040837,0.8509862509839792,-11.689532209617063,0.13744872192145638,-0.25007116224568005
6.03,1.2302356151502292,0.22513673935993836,0.12314306515172997,45.75129434733593,48.180329986816,-6.095324600895083,-5.896124512314799,-4.222260591918442,-11.531598231073504,0.11727870368976563,-0.21246759431105589
6.035,1.231418236052618,0.22517931222217372,0.11495068887635303,44.952343691180616,47.61691391430351,-5.632421521821442,-4.596256216981658,-6.020810316020331,-11.537828873522404,0.10278029775346201,-0.16986892502989429
6.04,1.2324316702699318,0.22503289238030305,0.10842286842576032,44.15854087325314,47.087554422878235,-5.170023075549494,-3.5729840048281005,-4.013008320313503,-11.658209531316045,0.09297210555550436,-0.1409772073824993
6.045,1.2336136919619765,0.22501725028227726,0.11903986779907298,43.36978711873195,46.425175060696255,-4.707879059084178,-2.467240993102621,-9.45901277772407,-11.910050706731965,0.08492833508030377,-0.12054771160479703
6.05,1.2347948921435425,0.22480303974099072,0.11324950563351267,42.58597907988653,45.73151765907306,-4.245758941279547,-1.4479300783393114,-10.474809763962853,-12.254559285150178,0.07655945856267092,-0.1000748124557654
6.055,1.2358061988606386,0.22451784432104135,0.10986676558490527,41.80700921764098,45.10783233905744,-3.783450137400223,-0.621871274302265,-7.222260327787382,-12.617269008612343,0.07072554215921514,-0.08658056531348918
6.06,1.236979464082876,0.22279628548371777,0.1223034112756312,41.03276615689278,44.35268667642622,-3.3207564042547517,1.4292698028186805,-11.734360724136081,-12.474083063781425,0.012062635663843429,0.03358011446792599
6.065,1.238142636052756,0.22080576021022322,0.13734695060121213,40.26313501599133,43.54074565151809,-2.85749634838092,4.3466691854233375,-12.158777858575277,-11.939766742746002,-0.05645262072240537,0.17785727082020533
6.07,1.239132630016134,0.21961310810598206,0.15644376007407176,39.497997710871395,42.71276882821926,-2.3935020393740842,7.493231339722911,-10.523082506410233,-11.324193888188203,-0.09653477602718417,0.2699477446019842
6.075,1.2402816038173026,0.2185493978349499,0.18143188125000415,38.73723323440544,41.61784439045823,-1.928617721342789,11.76647124485217,-17.180857177554387,-10.4928197715005,-0.1235204602137389,0.35120782653862176
6.08,1.2414258014606865,0.21772815180370386,0.19088162477427106,37.980717911592976,40.4242032768785,-1.462698615527927,16.38210413135539,-16.657011401462924,-9.670471927293896,-0.07918285140575626,0.2983046704166374
6.085,1.2424063406999704,0.21811932841190007,0.19790124595525505,37.22832563124179,39.31779124786293,-0.9956098075321336,20.19013360078199,-10.66554106446874,-9.19929938399508,-0.006243349168676914,0.18516290936967914
6.09,1.2435562983472108,0.21964289198415876,0.20509744813802203,36.236533769647615,37.947256137675694,23.877917905752213,24.22904403621692,-14.879326029622945,-9.000474472617164,0.07169806191298143,0.053091529239234915
6.095,1.2447141350583184,0.22104428307809715,0.18403407604164299,34.68359283970166,36.52299260255454,24.350854606367477,27.758139369287477,-13.172721967564954,-9.152860139668679,0.13218679609948503,-0.06620941037608007
6.1,1.2457115297643662,0.2218460366650051,0.16371251885723054,33.139189578932324,35.25013365950141,24.826882904083675,30.415866745759047,-7.138203802593438,-9.541001170155521,0.16851036978060402,-0.14599583184537707
6.105,1.2468803161107123,0.22287635210373763,0.16459368360177248,31.603535788792577,33.7162452036609,25.30782380783151,33.135487471993,-11.306942149213029,-10.244113058550784,0.17975323962743556,-0.18457471409853585
6.11,1.248051871491713,0.22320179026043316,0.1476702182945443,30.07673778902721,32.156880976387505,25.79527351914402,35.49453992128477,-10.10822201498101,-11.150556150907374,0.16221101398007604,-0.1672185637060867
6.115,1.249056281908486,0.22301803123251446,0.1387918809675283,28.558802281263972,30.78763242853239,26.290626809363232,37.28908137032613,-4.816694346605658,-12.073516731621314,0.14067831757699778,-0.13427219677342914
6.12,1.2502281753842681,0.2231134284442288,0.15064388837646417,27.0496421423179,29.160679803100955,26.795098945085698,39.16397686622105,-9.026828925287276,-13.286171451639973,0.12300996209612222,-0.10364622236585068
6.125,1.251398771390568,0.22280703617846676,0.14444101260271786,25.549082016485237,27.525637886738757,27.309746255329458,40.83698218628271,-8.210226977291285,-14.599006980928834,0.10375417278092816,-0.06863917192976253
6.13,1.2524001322385898,0.2222716608468435,0.1430776178924128,24.056863592523555,26.10340717439701,27.835485419153628,42.15280825296031,-3.5014179472852334,-15.80256515669743,0.09127898161348781,-0.04573026362007885
6.135,1.2535672255137487,0.2222014141854129,0.15933360499677907,22.57265046596007,24.42600015479424,28.373111544703278,43.57719030515787,-7.529805481577867,-17.27811194911487,0.08882831968934131,-0.03569992117810431
6.14,1.25473190248423,0.22168343108340172,0.1555020788661845,21.096032500277968,22.750443803699586,28.923315108661342,44.89620980879596,-6.915066177606363,-18.7973478148162,0.07912716467116364,-0.01873032475752687
6.145,1.2557378516038402,0.22417169136321338,0.15714905134936905,19.6265296109424,21.300292176957697,29.486697827259547,44.72713739183601,-3.524864821931473,-20.692551196264233,0.1269053824994144,-0.11445573978659117
6.15,1.256927486521798,0.22729209468614664,0.13744239810915962,18.16359490378183,19.684461376365544,30.063787535190784,43.323937534691424,-8.148280844480183,-23.386194156881434,0.19994437460057715,-0.26280562157236376
6.155,1.2581239931711152,0.22773873035666464,0.09410065526757223,16.70661710361329,18.188097154496717,30.655052156182194,41.64146589530253,-8.487853265107873,-26.11568998887101,0.2382013005523302,-0.33725856917548563
6.16,1.2591463646975853,0.2265574357597858,0.0815963333125006,15.254922209876934,16.979188906517102,31.260912858153688,40.28273196320296,-5.244967219842422,-28.361723653543393,0.25040374812609123,-0.3526874355134582
6.165,1.2603312699826634,0.22495187939536207,0.10359518913712401,13.807774313067403,15.64364538399028,31.88175649645075,38.95189215136162,-9.910185803012283,-30.794000023390534,0.19168733624427695,-0.23394895191008608
6.17,1.2615066633170762,0.2231521408924355,0.11624788583885176,12.364375498458763,14.38588852146415,32.51794746074458,37.93316160318872,-10.34186930980573,-32.990336198872924,0.09712380161340546,-0.04897449079592185
6.175,1.2625068821585634,0.2218046884975624,0.13202311853805598,11.441820857153864,13.353210564512946,17.512798836535808,37.30378528887678,-7.128362004704229,-34.698208363116706,0.0342896260077329,0.05689692815980155
6.18,1.2636689652562083,0.22122446103558258,0.15792985688257882,10.741230394642997,12.194769590303483,18.046737289946208,36.822072588637525,-10.954310917582902,-36.5034309365685,-0.004101363889060329,0.10443916662885595
6.185,1.2648292919394917,0.22101659237491614,0.16053760262317587,10.040189060503511,11.08783738664134,18.579120494769228,36.564435025937286,-10.851157443552324,-38.12398237999567,-0.018096522328480736,0.10808198598988959
6.19,1.2658224378390612,0.22060056003359169,0.15892132460701247,9.338703847891077,10.166415101905315,19.11009764674145,36.50236065844882,-7.5837739873148,-39.39136803637782,-0.01737156185115139,0.09037355292510872
6.195,1.26697886743897,0.22020929917944085,0.17449839659894495,8.636777128028513,9.119790025106422,19.639815792379324,36.58228140601818,-10.865630048218506,-40.74814202008529,-0.006934139829286729,0.061344203318952344
6.2,1.2681335806134082,0.2199031556000176,0.17538253353180408,7.934406629958929,8.107887456038165,20.16841990574443,36.78745937372807,-10.598237306317628,-41.98771001060175,-4.862232014393011e-05,0.038660420622147515
6.205,1.2691218182582291,0.21959401684585036,0.17541708004035786,7.231585417275486,7.256511529327207,20.696052979174624,37.054492366992804,-7.453941340810729,-42.97626572053215,0.005343769238618552,0.02605533596956478
6.21,1.2702741267742752,0.2196289456605556,0.1901699915161513,6.528301861080326,6.280053929767803,21.222856127256648,37.451703185263284,-10.363781035532185,-44.05649700719978,0.011250145579500824,0.014505735719841319
6.215,1.2714265481954805,0.21957372967389627,0.18640561753994495,5.82453960839382,5.3277047617628694,21.74896870350517,37.91430928433272,-10.011431069436185,-45.06455278366384,0.0110908373184621,0.010293323768108863
6.22,1.2724136410522062,0.21940566949544507,0.18369138819274258,5.12027754519827,4.5200707684368675,22.274528429291166,38.362774405476785,-7.020728850642271,-45.88492803753986,0.013620554415813939,0.008830066361128482
6.225,1.2735698214874474,0.2207468593075883,0.1968861859281127,4.4154897532597275,3.587192160571577,22.799671534678737,37.698708674091904,-10.831477488996157,-47.50022405461885,0.07096490863707958,-0.10777670773534354
6.23,1.2747241459983458,0.2195659189622373,0.1774186793490328,3.7101454598241688,2.6718205666774484,23.32453291083499,38.42226752597642,-10.439174079763717,-48.30132687914155,0.037988255339185165,-0.04234674314783112
6.235,1.2757084173331592,0.2183634013986417,0.18777511594910729,3.0042089792309383,1.9952284337786081,23.849246273925445,40.0269288784331,-4.184200158678337,-48.28188020382147,-0.04076337877061097,0.0980323987588318
6.24,1.2768544516872045,0.21836273498997782,0.21338399076644338,2.2976396454242654,1.3142168642030876,24.37394434036122,41.408101032348384,-3.400956578951707,-48.39454127030463,-0.08287434088185572,0.1675845717615559
6.245,1.2780077069413511,0.22044897368663416,0.21059159770553085,1.590391734273119,0.7332884452296372,24.898759013503337,41.263951866161335,-1.400467157256685,-49.23747750778671,-0.10254461387854824,0.19133342504344894
6.25,1.2790067681056332,0.22251677481401785,0.18262031721710822,0.8824143745286221,0.4148028792544435,25.423821581939762,40.06651803775631,4.544093561152508,-50.3372772027863,-0.03888159699755536,0.02769684822062494
6.255,1.2801828002497575,0.22438427112067186,0.16846578126939063,0.17365144615396488,0.22161466714111097,16.806596519976296,37.65975065995585,6.024346786704697,-51.975929160415866,0.08758578226192446,-0.24361983420579814
6.26,1.2813631863200203,0.2247673019247266,0.14105798959136676,0.17365144613821215,0.1842877558468006,44.826348553861806,34.84681454376641,8.64050851064792,-53.66103572875453,0.1479788347177756,-0.3712195406462905
6.265,1.2823747838638222,0.2245072311131369,0.13072349593849342,0.17365144613821215,0.26702592041849466,44.826348553861806,32.41720957550686,10.885031090520656,-54.9758110765499,0.10529784540380104,-0.2850266895858969
6.27,1.2835527156314035,0.223966519832656,0.1428390253194557,0.17365144613821215,0.47737906982948064,29.02806265186345,29.74467377677155,13.67497828878463,-56.271808275357785,0.036329570292805036,-0.11057123068219205
6.275,1.2847278528303139,0.22358972302952743,0.1435842080772325,0.927531277909381,0.7837653800563367,11.114136723160357,27.32686578054424,15.73973261744294,-57.294088093143515,-0.04397585123325701,0.08472479974497847
6.28,1.2857344451070658,0.22359352756827863,0.14264823753812092,1.6805264391370898,1.1201986405578754,10.470500028883322,25.441131270987796,15.531368681728168,-57.962469380754925,-0.09483738770673517,0.2017428419475006
6.285,1.2869101608233726,0.22399865752434114,0.15210205735287868,2.4327038639350675,1.585636245728651,9.828722737805947,23.443513075843754,19.76798588380869,-58.524357800655444,-0.11752999832664075,0.25719617622066565
6.29,1.2880873081650115,0.22417613042781181,0.1419196028913146,3.1841237842496852,2.1092473698873144,9.18899669522159,21.649269504292533,21.117651063443503,-58.88623929737907,-0.1138690453279648,0.24948502053753124
6.295,1.2890964445921345,0.22410695234242065,0.13428812601394285,3.9348398654794607,2.6059825062265207,8.551507601862824,20.236916078046335,19.000091010929083,-59.05598667299449,-0.10017651013667461,0.21909440835854338
6.3,1.2902736450029517,0.22411647039946722,0.14437582742588906,4.684899324177806,3.2324985892105182,7.916435651620219,18.71410975341206,23.91131977313985,-59.11450877242592,-0.08188610723914513,0.18087956442417086
6.305,1.2914504532010873,0.22402616820857565,0.1387148188409311,5.434343029737796,3.89320406163991,7.283956082507558,17.315640011397562,24.660212228827987,-59.05069024498054,-0.06390864609733865,0.14704920799359056
6.31,1.292458729106128,0.22392406472375853,0.13426228953024863,6.183205591825825,4.491039023019579,6.654239650768744,16.187982112678412,21.342501502519852,-58.90920223491064,-0.05344107050553944,0.12756761904143346
6.315,1.293634976789069,0.22395764449470065,0.1448130916870992,6.931515435204055,5.219060730800272,6.027453037076526,14.943058203246466,26.41877053835158,-58.658351952822684,-0.04509445528778949,0.11333930530477888
6.32,1.2948093588937761,0.223400761531266,0.13895314794542532,7.6792948634711635,5.966044262070125,5.40375919265756,12.677068467569597,25.69013123672633,-58.98167187760133,0.013449597996032665,-0.006778725178460649
6.325,1.295813062067985,0.22266967485052397,0.14020158996023224,8.426560113155674,6.6621920438121345,4.783317631913121,9.988337703449929,21.573242648665868,-59.61727507525948,0.07179864475195938,-0.12807882104191892
6.33,1.2969806358151095,0.22206529473863082,0.1585525493605214,9.173321399513945,7.62300077512872,4.166284677723411,6.1535141396655035,29.20167111957528,-60.55300651985483,0.1232463768393643,-0.22516537960072924
6.335,1.2981448894048933,0.2215120735949483,0.16096005498000515,9.91958295531392,8.703167866932265,3.552813664639757,1.7949299042357438,29.94686415056728,-61.607445478823635,0.16328949311443589,-0.28851245955984045
6.34,1.2991403935184778,0.2210516737062986,0.16305876901077418,10.6653430638227,9.72837248179137,2.9430551046482663,-2.3645427310903813,24.657020296909565,-62.59106159784505,0.15109927865506798,-0.23160725344067365
6.345,1.3003003861978273,0.220888625209866,0.17894960888313252,11.41059408716249,11.023028285780228,2.337156819762612,-7.202220142894646,29.108104245633825,-63.55360066259517,0.11543609334378113,-0.10324953389225192
6.35,1.3014616708025353,0.2213832570722626,0.17683570488254444,12.39210307160032,12.390990539482608,-22.78004552499422,-11.649781192946989,27.27476373041344,-64.15492086987351,0.07147148386997047,0.03268072240156642
6.355,1.302460003097283,0.22205333111016445,0.16687353204550737,13.928215359169931,13.63191770129481,-23.52389434868428,-15.107998794606289,20.92293877042067,-64.3552318782568,0.03208676381159539,0.14214919952818444
6.36,1.3036295329075829,0.2231083504265691,0.16922055296302016,15.468649995955799,15.147605205335024,-24.28989635787184,-18.72408888106213,24.788344435770895,-64.2472877223632,-0.014080163500148055,0.2511768779079039
6.365,1.3048033199581788,0.2237821126999407,0.15194099653364856,17.014359743610008,16.708240870302724,-25.07486537589068,-21.91215374351418,23.148826486401305,-63.83370438474974,-0.043878093753356814,0.29880360176706333
6.37,1.3058113875395312,0.22403010651110442,0.13876953433623235,18.566217932675798,18.095477901987852,-25.875878380927958,-24.368140109723214,17.45473151946446,-63.259027147570436,-0.04657912725380432,0.29298799890627136
6.375,1.3069890237073871,0.22432581785337313,0.1452215664416562,20.12501836551057,19.763090517926024,-26.690235015797157,-26.958147791146644,21.38823239016574,-62.37416097645256,-0.03770665018450946,0.26638708398797317
6.38,1.308166432146671,0.22415043614493213,0.13615649105167474,21.69147391742507,21.45813337991116,-27.51542433750427,-29.284126225502092,20.24674135009664,-61.31359798708252,-0.018847126299177244,0.21987432452983718
6.385,1.3091744455342744,0.22383777759215553,0.13265155559808997,23.266213946468554,22.94900926495042,-28.349097637438888,-31.119341094901245,15.269932356561796,-60.27232542082551,-0.0025118968651500657,0.18695833278002597
6.39,1.3103498119390429,0.22382308937606696,0.14570163939211764,24.84978061230687,24.726143816492304,-29.189046387375072,-33.10508296396483,19.07873090327442,-58.92892975246971,0.0073991872947190085,0.16694949969744813
6.395,1.3115238261994269,0.22348291338144924,0.1404870559127338,26.442624201941896,26.519541716427977,-30.03318454113483,-34.93598422878472,18.208145676705186,-57.48716507247593,0.017939237139103368,0.14541569589796247
6.4,1.31253651495495,0.2255570308197687,0.13921946784356198,28.045097563825088,28.087455254036698,-30.8795345576589,-35.12667857038667,14.778841180229122,-55.52387334535135,-0.022461924118340974,0.2477960027647925
6.405,1.3137311712022164,0.22812543212888067,0.12378869853178223,29.65744976159302,29.84434044899012,-31.726216615756044,-34.049173643705785,19.291805783008613,-52.6493420429602,-0.0881970640230149,0.40260347066614816
6.41,1.3149313456285052,0.2284306586879636,0.08649561812771676,31.279819073616025,31.478084724481974,-32.57144057088371,-32.585300951050385,19.544054605822225,-49.69744804984572,-0.1210088863807696,0.48900915847593246
6.415,1.3159570199627257,0.22738179366919842,0.07533076939421805,32.912225484162086,32.803739514573714,-33.41350026444036,-31.379101721028235,16.230160931385157,-47.26296252389154,-0.12661100117355006,0.5097864595215558
6.42,1.3171465357322636,0.2259602397401933,0.09548094573663915,34.55456283546611,34.27521982208732,-34.25076984056875,-30.21510626230105,20.855634352441342,-44.63068221200383,-0.07277375632038308,0.38260136522174465
6.425,1.318328132515883,0.22446524804992277,0.1055631290684927,36.20659083637551,35.66821306563613,-35.08170175760432,-29.36334796878191,21.225210394257246,-42.26034035089599,0.010330514143703232,0.18193489774026686
6.43,1.319335252866981,0.2234162094328123,0.11720739503082545,37.26178574103507,36.818031977764285,-19.160532394117126,-28.884537900475664,17.93525623941835,-40.422212520836574,0.054223273873476474,0.04968425816326248
6.435,1.3205051414769522,0.22268184597718305,0.13899607420119686,38.06243226325151,38.115124567258746,-19.843134803558996,-28.58848007949632,21.772442164318193,-38.48332159039116,0.07007931343833607,-0.022636585497521344
6.44,1.3216733004365928,0.22246631831755284,0.14272801303993446,38.8677593313926,39.361962461495814,-20.5277342990762,-28.52421053593875,21.631301716810015,-36.74486725161928,0.06715270261102554,-0.04608229960095018
6.445,1.3226732115396642,0.2221891001913232,0.140510998076875,39.67791832252325,40.406172360752485,-21.214195390556483,-28.636756652710176,18.287823975632392,-35.385903560605925,0.05544712730819369,-0.042743332709760544
6.45,1.323838368254421,0.2218597054266344,0.15385892395042958,40.49305744542683,41.59983776701861,-21.90237742838096,-28.929132486286278,21.55764201415377,-33.92992437464882,0.03993635776591509,-0.021503254875222286
6.455,1.3250013519611332,0.2214815871243759,0.15324578414161116,41.31332141864773,42.76130932712659,-22.592134454659856,-29.351693266065013,21.24317048084906,-32.59732002124516,0.029790211520344476,-0.005288237154720214
6.46,1.3259971520516323,0.2213543371148403,0.15339729244414754,42.13885111425708,43.74500159621001,-23.283315091785255,-29.811556750761042,18.010694572339247,-31.531759588999407,0.021071009149602898,0.004273648713695567
6.465,1.327157954167837,0.22112967431673095,0.16534418457426273,42.969783166347305,44.88077969183675,-23.97576246987228,-30.43964763824485,20.927255642264058,-30.36296147508201,0.015123641506478429,0.01800581378673165
6.47,1.3283175464221988,0.22090965937902846,0.1638834724307537,43.80624954332896,45.99587026313334,-24.669314194539197,-31.13510858003201,20.52462492630049,-29.267082213588374,0.013661120703776777,0.023888071420571123
6.475,1.3293131655815829,0.221421126237782,0.1624748112634263,44.64837708320025,46.9480989141465,-25.363802356656464,-30.52777940549197,18.663421479465782,-27.632331629653628,-0.041205087538282996,0.14567017210983846
6.48,1.3304769315501481,0.22188356587258462,0.16692635114680193,45.496286991087686,48.05521482355633,-26.05905358554557,-28.68609238438046,23.932772940434475,-25.06315698536128,-0.12017765685629309,0.3350475323826341
6.485,1.3316439873645871,0.22214047064248918,0.1571239026140587,46.35009429851985,48.85943289938019,-26.754889147195115,-25.937928280407277,21.450418459898998,-22.35943567058939,-0.1739238206187602,0.4388719914784839
6.49,1.3326440886438937,0.22201197127675332,0.14944837968645427,47.209907284095195,49.333389289561964,-27.451125088818145,-23.16761338423882,16.654660005362402,-20.082223471082294,-0.18949904138261592,0.46767966765869873
6.495,1.3338102225025896,0.22203935914642575,0.1610305993926571,48.07582685544601,49.672402283882676,-28.14757243105001,-19.969821420621486,16.27258354364791,-17.735307453477414,-0.11679779475581492,0.31240974317261916
6.5,1.3349768281145067,0.22228012138142106,0.15613551170832232,48.94794589268383,49.82446640280897,-28.84403740883542,-17.050927320113686,13.291687081648817,-15.811508379775535,0.002697878638148676,0.04910155213901514
6.505,1.3359789174945365,0.22279409272703457,0.14868953285368483,49.826348553841285,49.81882886763167,-5.8213133524146485,-14.799266859157967,9.804866148348921,-14.498977654447952,0.09301001912312509,-0.13417435411989065
6.51,1.337151825495715,0.22365869666967395,0.15254094651063627,49.00036719746579,49.67783740682194,-7.957783600398443,-12.465321459480975,6.645197212657777,-13.326418777557713,0.1543307229525018,-0.2583011015883177
6.515,1.3383290015912284,0.22445818325405886,0.13720271844123305,48.17994374263952,49.423171177104,-7.489898660851281,-10.42825504399596,3.6701280514697316,-12.484947144417502,0.166844408465188,-0.30040310349369514
6.52,1.3393406391569638,0.224827355849124,0.12225382458458835,47.36500893374669,49.119176372812184,-7.023755093755,-8.876473689932766,2.787352689032133,-11.994162965627684,0.15793693247125218,-0.2901334643786606
6.525,1.3405227377161424,0.22514266854511103,0.12696592156875092,46.55548663552956,48.6804516251463,-6.559004042202076,-7.259067448050189,-2.002853718607568,-11.647912635740518,0.13934135363963004,-0.2523568391778512
6.53,1.3417052390605786,0.22512905225366395,0.11727675134438179,45.75129434733766,48.174407967655085,-6.095324600893889,-5.824047916097157,-4.11536899452004,-11.498554272495456,0.11667570257883189,-0.20779573736212864
6.535,1.342718658721689,0.22505552359330258,0.11142026035251823,44.9523436911823,47.686755519053975,-5.6324215218213,-4.705315296604795,-2.6707854785606457,-11.507472257099918,0.10438906935457071,-0.1717668223237822
6.54,1.3439008323152966,0.2250256368773013,0.12118134328841734,44.15854087325482,47.06557523822545,-5.170023075552734,-3.508063063024366,-8.069942808662404,-11.650636172044779,0.09365457779343773,-0.1425500161214002
6.545,1.3450819955076478,0.22479633780693806,0.11554510011240257,43.369787118733626,46.40628846221631,-4.707879059085599,-2.4149597008603507,-9.317139148435459,-11.905629430453152,0.08189775301009898,-0.11617441190135393
6.55,1.3460933776459185,0.22453936802190888,0.11234306361448267,42.585979079888176,45.807362973160956,-4.245758941291683,-1.5372851157512457,-6.381094073742929,-12.20437433649963,0.07307185647212139,-0.09849724683230912
6.555,1.347272393139832,0.22439235466435528,0.12444112369094397,41.80700921764264,45.07637670061208,-3.783450137409261,-0.5708809304880162,-11.849327437802671,-12.630399065478521,0.06466502273260799,-0.08336970235993224
6.56,1.3484444106645859,0.22253389701212634,0.12046083421259322,41.0327661568944,44.32566432399161,-3.3207564042596402,1.4700696460294012,-11.56768999085213,-12.487204122553367,0.004531826501674999,0.04180591232354437
6.565,1.3494407358009666,0.2208256670759187,0.13722435051951057,40.26313501599296,43.625178285434856,-2.857496348386377,4.000635742674433,-7.759445090248619,-12.017744886463825,-0.05421978823831698,0.16525353652068844
6.57,1.3505950920122494,0.21943504330590088,0.1677172575405263,39.49799771087304,42.657023290543215,-2.393502039368684,7.68400185589212,-15.864516935960197,-11.294990187155832,-0.09804814609090072,0.2728589859234312
6.575,1.3517433322241779,0.21839418753143028,0.1805367752407854,38.73723323440704,41.56997768627365,-1.9286177213396627,11.920211069679397,-16.814872381401727,-10.474931871230854,-0.12100075677487242,0.34884171517228996
6.58,1.3527236906576323,0.2177654577711741,0.18978245245645825,37.98071791159458,40.54116465377835,-1.4626986155271027,15.906378102592384,-11.594516681810632,-9.759954403225741,-0.08190607101907596,0.3017954512855876
6.585,1.3538680813855617,0.2183277059604993,0.20898870060638014,37.228325631243386,39.24710010469747,-0.9956098075311672,20.370260411483713,-16.208934827111847,-9.201609942578639,-0.0029041087652673637,0.179134151020866
6.59,1.3550186374859428,0.21971322586835054,0.19972139969653652,36.23653376965093,37.886503384177885,23.877917905750735,24.368486366370632,-14.496564262469406,-9.011511257895297,0.07206421650735961,0.047038858269139464
6.595,1.3560107561222499,0.22078932675294186,0.18022863752658824,34.68359283970496,36.65931221257582,24.350854606364777,27.409274879421673,-8.26945269725563,-9.141885561126283,0.12646921384717333,-0.05459723168533631
6.6,1.3571751113289405,0.222211849026117,0.17834882740149977,33.13918957893562,35.17010522299827,24.8268829040814,30.524705871700547,-12.385063743679268,-9.592176580357105,0.16957029440833118,-0.15160866446395269
6.605,1.3583445526061246,0.22297402858297496,0.15720383623883508,31.60353578879585,33.64744977576946,25.307823807829266,33.21630085942854,-10.99815638961303,-10.294184439417112,0.17492150828786063,-0.18325680778635112
6.61,1.3593489056074433,0.22312953788868004,0.1433758840025394,30.076737789030453,32.30421722505356,25.795273519142768,35.24849767607719,-5.458259666256438,-11.074638245271409,0.16120006806259415,-0.16922679012176883
6.615,1.3605220888311558,0.22341518775954955,0.15124315985113698,28.558802281267205,30.702130773050506,26.29062680936181,37.35131392096554,-9.689730418034515,-12.152884992209462,0.14159350142565202,-0.13992240617714002
6.62,1.3616945577068034,0.22318493138937326,0.14268915703825966,27.049642142321105,29.087021684342407,26.795098945083424,39.20666452728108,-8.783092087413678,-13.359374315061366,0.11686201826790939,-0.09677836429005546
6.625,1.3626980427920001,0.22273168910653038,0.14026521711940718,25.549082016488416,27.678633036441887,27.309746255328008,40.648085631695835,-3.8967203875755416,-14.490034043491885,0.1006675292046723,-0.06638210733705172
6.63,1.363867859480291,0.2227259596962066,0.1553679618512768,24.056863592526735,26.014332469180115,27.83548541915141,42.18916836922591,-7.994652447238465,-15.897884630763091,0.0930752946209682,-0.04901512183291739
6.635,1.3650362722486646,0.2224187242439077,0.1505375078094129,22.57265046596323,24.34928970680472,28.373111544702738,43.598549829979504,-7.306554509000918,-17.36461065196377,0.08324743752435358,-0.029399601449524648
6.64,1.3660356121149861,0.22182486682686772,0.1493765905578936,21.096032500281098,22.90636907466024,28.923315108660773,44.7352425191024,-2.9060001413908623,-18.672658925031133,0.07656736280456593,-0.017136283409468562
6.645,1.3672122858755191,0.22508002268554764,0.16649857757271933,19.62652961094553,21.209223490282923,29.486697827260656,44.563619422457975,-7.804918997472555,-20.880746519065106,0.13574261497057807,-0.13279216203583594
6.65,1.368404596581847,0.22772013744357258,0.12271531899562606,18.163594903784947,19.606091783905697,30.063787535189334,43.185264730476206,-8.068487517848695,-23.551368156308527,0.2000068919622425,-0.2628771399507148
6.655,1.369431522347828,0.22792643248961506,0.08478576514312747,16.706617103616367,18.318296013690098,30.655052156182478,41.73985914903409,-4.484808334509566,-25.899200638462865,0.2352834171491115,-0.3305532314651727
6.66,1.370626649572793,0.22703726203685165,0.09006488284213955,15.254922209880025,16.903367429957772,31.260912858151272,40.15345151500807,-9.266337695108547,-28.52589670118773,0.2541723561953476,-0.35801563857038865
6.665,1.3718132869160387,0.2252583074219662,0.09339130612471047,13.807774313070507,15.578058384385367,31.881756496449896,38.842029643393715,-9.834044137850185,-30.93730562959921,0.18541027684928485,-0.2192619324907031
6.67,1.3728223627052938,0.22357969065521419,0.10793039872148946,12.364375498461829,14.495512936926826,32.51794746074296,37.969511599399766,-6.669521254873274,-32.825662394754836,0.10406226779830365,-0.06452273214250201
6.675,1.3739913328273412,0.22215556219813842,0.13695044728618255,11.441820857155363,13.286884656658295,17.51279883653703,37.23350435322163,-10.809320350558622,-34.8242169699279,0.037616125417287795,0.049263587273560235
6.68,1.3751550848605023,0.22148770706513465,0.14887503317680312,10.741230394644496,12.137221694287458,18.04673728994453,36.759701372427315,-10.850436571612391,-36.61415640309494,-0.0017830727259141603,0.10080784336508453
6.685,1.376150510357986,0.22115956764632058,0.15236608021611014,10.040189060505,11.184310285763036,18.57912049476232,36.54105716314507,-7.545086956514638,-38.00768769255089,-0.01494796267371554,0.10368761948082747
6.69,1.3773101580303533,0.22079850954401153,0.16670847090328705,9.338703847892566,10.105991723776366,19.110097646740712,36.46837460226607,-10.97256595702379,-39.49101024279981,-0.011221519744446028,0.08183109343010543
6.695,1.3784673039836999,0.22029126559575937,0.16695358948364608,8.636777128030012,9.067160470739665,19.639815792379153,36.54889215762617,-10.765351877685575,-40.83712310596834,-0.004842813415598949,0.05896686343008603
6.7,1.3794570774551895,0.2198846142314839,0.16913850522991386,7.934406629960428,8.195913890150145,20.16841990574082,36.727682820358325,-7.580462122957329,-41.90333901936785,-0.0003997993541125624,0.04132095116235583
6.705,1.3806100951021854,0.219628381291804,0.18490270508839812,7.231585417276975,7.199590773685143,20.696052979173714,37.03997395575027,-10.610667482324104,-43.06042467487113,0.00844589582755146,0.023558300385596004
6.71,1.3817623199920408,0.21954592223877967,0.18449984799399385,6.5283018610818395,6.230372045580278,21.222856127257813,37.433679901244886,-10.273302841750734,-44.13286706655254,0.01021734209232372,0.015611852313834267
6.715,1.3827493100046333,0.2193399461655819,0.1821233311723017,5.824539608395334,5.410387379214626,21.74896870350554,37.83351294386816,-7.2288855028152454,-45.00006914798317,0.01119818037537637,0.010181065173742274
6.72,1.3838998045948754,0.21920348809469364,0.19577309068244073,5.120277545199784,4.465221009808199,22.274528429290996,38.35805087045475,-9.996071304328211,-45.96041451408128,0.01644589166202023,0.004713199806469667
6.725,1.3850548555021138,0.22048665309126605,0.19418421473672706,4.415489753261234,3.539282506902626,22.799671534676435,37.68929709465536,-10.75461051989626,-47.56919617713609,0.06974546007587286,-0.10797334780224876
6.73,1.3860432287731668,0.2194831262026792,0.1754987043585969,3.7101454598256822,2.7510326890286314,23.32453291083192,38.315396911829964,-7.83785018199508,-48.25740927045611,0.04127851135811338,-0.05155854667337444
6.735,1.3871899981102935,0.21800424379004077,0.19840565806150048,3.0042089792324624,1.9575530258684295,23.849246273923143,40.17505857460736,-6.750212567230847,-48.24746301213384,-0.04682871411366191,0.11116761882289218
6.74,1.3883344236520205,0.218032764474352,0.21293225969954005,2.297639645425768,1.280920066369598,24.373944340359714,41.52124108502602,-3.233018890230184,-48.37424848732758,-0.08562953629237302,0.173083461588239
6.745,1.3893209275493286,0.2197722262374963,0.2099385236717105,1.5903917342746325,0.7806273300084875,24.898759013501547,41.371259694164905,0.7952512885364484,-49.11460157446336,-0.1038340193180834,0.19287956989602414
6.75,1.3904852497505542,0.22255113583875027,0.20075280959455702,0.882414374530125,0.4050034508405892,25.423821581940103,39.96752591594992,2.7305036462979615,-50.40676601097361,-0.03514025801143393,0.016959586890671893
6.755,1.3916598845302866,0.22403043186581098,0.16365961453570047,0.17365144615546413,0.21210472334950664,16.80659652019827,37.57322052214795,5.928458573359464,-52.038528202654305,0.09531666783221299,-0.2609515015102656
6.76,1.3926698084002878,0.22428595118941297,0.14094030568506596,0.17365144613821215,0.1799972741290533,44.826348553861806,35.13671344366605,9.116121960844922,-53.49738874203275,0.14455715548332135,-0.3670694324780848
6.765,1.3938482314305458,0.2241947114840104,0.1471401131053922,0.17365144613821215,0.27495639914772846,44.826348553861806,32.28422519078157,11.251011156978947,-55.0434978426213,0.10263293663447136,-0.28315159009362345
6.77,1.3950238868210938,0.22351378951674633,0.14255618077215762,0.17365144613821215,0.48305719234809047,29.028062652225856,29.634070772136766,13.492911902874269,-56.32961159284872,0.030824248949478952,-0.09607241917262693
6.775,1.3960292983041231,0.22318157693797552,0.14515101766084323,0.9275312779077751,0.7469567906191348,11.1141367231603,27.54695879899154,14.089249545532567,-57.2128289253295,-0.04017738935288059,0.07310739178497361
6.78,1.397201978533256,0.22333233001281486,0.1586605447839912,1.680526439135491,1.13950455775819,10.47050002888659,25.334293364279233,17.968015831451737,-58.00001631072116,-0.09674494102556798,0.20818063807426765
6.785,1.3983759648531897,0.22366946771184398,0.1517372924143641,2.4327038639334617,1.6010722784221956,9.828722737804867,23.354845577536565,19.550898751394413,-58.556278029302106,-0.1159545873810044,0.26104531646675383
6.79,1.3993835191997899,0.22384967225426894,0.14250695965561083,3.184123784248097,2.0520469489640725,9.18899669522537,21.807025764281292,17.96986064638621,-58.869486012200156,-0.1143227717857213,0.255375280030563
6.795,1.4005597552355968,0.22395684819465686,0.1498014608665513,3.9348398654778585,2.632609889333383,8.551507601858532,20.151063429277286,22.73133734698486,-59.07105490427912,-0.1004004932507877,0.22161995668472748
6.8,1.401735857168602,0.2239021251838861,0.14307705344940694,4.684899324176204,3.254262812912155,7.916435651620219,18.642879255462304,23.67108186663819,-59.12735870330346,-0.0801957222471695,0.17913465768484058
6.805,1.402743801345524,0.2238779193742286,0.1382684055650031,5.434343029736198,3.8232994438306336,7.2839560825133844,17.43681134764907,20.673746038260603,-59.073430117704035,-0.0656225342413777,0.1489727661450228
6.81,1.4039199369954272,0.2239495437167362,0.1479323894820505,6.183205591824219,4.522444442089917,6.654239650772922,16.11560505051554,25.726582464323855,-58.90948847885612,-0.05440171026076461,0.12826624709871787
6.815,1.405095876650443,0.22386514383449407,0.14163492289269494,6.9315154352024635,5.244931075603547,6.0274530370797095,14.883149616539754,26.159085643221175,-58.65865167930065,-0.043635647882068744,0.111585278756115
6.82,1.4061020646582458,0.22333248882906973,0.13718958793544797,7.679294863469572,5.888271931372231,5.403759192655997,12.920819587128648,21.45386107249439,-58.943626636181705,0.006872489822402345,0.006157255991704842
6.825,1.407272815721493,0.22263306079923967,0.1529878285110302,8.426560113154082,6.702068910304321,4.78331763191062,9.781592615784035,26.29070570316773,-59.6843970605236,0.07463691919619965,-0.13232214749126592
6.83,1.4084403009284592,0.22206944555123678,0.15623285836341477,9.173321399512357,7.656180434875628,4.166284677726566,5.985038492946728,28.8068529880278,-60.60594914748062,0.12442486740414417,-0.22569915037924093
6.835,1.4094384928341033,0.22160592721196853,0.1581687784255125,9.91958295531233,8.587454859637525,3.5528136646379096,2.220578468560859,24.953367183906053,-61.51968241105351,0.1583775399485479,-0.28194668015740443
6.84,1.410600344836268,0.22109707044844293,0.17385922801748974,10.665343063821108,9.78660186396761,2.9430551046473568,-2.644356391576906,30.1171037443155,-62.670542759697256,0.15189502000329658,-0.22933067184254177
6.845,1.411760559761293,0.2209077313300981,0.1756480369656086,11.410594087160888,11.071974626130014,2.337156819766676,-7.42628532358043,28.64375845442413,-63.61175722501607,0.11090405521565472,-0.0921092709840738
6.85,1.4127558914231924,0.22133402532957108,0.17382370861013607,12.39210307159705,12.250772828933979,-22.780045524990527,-11.254274452630114,22.29457790505083,-64.12807256649131,0.07375465086323588,0.026070066389836364
6.855,1.4139213915579374,0.22234299281698605,0.17930223859680264,13.928215359166648,13.702562857531396,-23.523894348683996,-15.300975245226908,26.199125506310324,-64.36376701548345,0.0289401017896169,0.15127413904551054
6.86,1.4150916136848644,0.22318536469743044,0.16291966906028255,15.468649995952504,15.207259414523635,-24.289896357871754,-18.87456230659052,24.406245249369675,-64.246726695738,-0.0174955404423241,0.25609220163607294
6.865,1.4160978495433367,0.22374625787718813,0.14807978415128992,17.014359743606697,16.551789588575556,-25.07486537588997,-21.617512185161814,18.444599812645862,-63.88883595399393,-0.040811122749526245,0.29804553336019973
6.87,1.4172752201475791,0.2244083685033417,0.1510136776400684,18.56621793267248,18.1749069124516,-25.875878380926906,-24.49137139670205,22.35897332247042,-63.217017280468355,-0.04866689751946313,0.30011410503876196
6.875,1.4184538981972223,0.22444212987198342,0.13766316938231568,20.125018365507223,19.83032768154788,-26.690235015797555,-27.05132408889233,21.080031536346866,-62.33265460409047,-0.036482721941959506,0.2624401844972319
6.88,1.4194635649858196,0.22421580884016087,0.1315867317085488,21.69147391742171,21.290510824460327,-27.51542433750285,-29.0532823421961,15.892092815251232,-61.418294671868615,-0.020794065261138535,0.2253205676934058
6.885,1.4206409223677943,0.22418986638619506,0.1434756562884953,23.266213946465193,23.034983313084783,-28.34909763743505,-31.20056726613953,19.77445427467154,-60.199995279456786,-0.007034047456832837,0.19594658317168645
6.89,1.421817162219768,0.22393721562871632,0.13821781845695982,24.849780612303483,24.799054916287243,-29.189046387372855,-33.163686851584174,18.827722660204543,-58.862463390074794,0.006287979220583386,0.16508751267854785
6.895,1.4228239740900788,0.22356883655924595,0.13572463642082305,26.442624201938486,26.343851471488247,-30.033184541133863,-34.74024259696225,14.23048407477782,-57.62026442831826,0.015268169818374087,0.14860479594158024
6.9,1.4240075121926754,0.22621583384645572,0.14953596731637234,28.045097563821678,28.17863016427087,-30.879534557657877,-34.98982948464021,19.05403921096638,-55.33488951937795,-0.03427343240400374,0.27104719474965105
6.905,1.4252036168673434,0.2282905864235943,0.11229921856975403,29.6574497615896,29.921869292413838,-31.726216615753515,-33.931378827903245,19.221400215714255,-52.48516444021975,-0.09224856281019356,0.4090748775923424
6.91,1.4262328102935766,0.22850291993674393,0.08068369595687709,31.27981907361255,31.327784409640476,-32.571440570881066,-32.672793835175725,15.54539487905511,-49.9456676952188,-0.1227565248822159,0.48798723640085423
6.915,1.427430927607368,0.22770313035549208,0.08569179364846109,32.9122254841586,32.87927152238363,-33.41350026443769,-31.264423060442994,20.270256487111055,-47.098499616516946,-0.13282533600238586,0.5219496717770402
6.92,1.428621345979781,0.22606993492710076,0.08770337204757504,34.5545628354626,34.33943856508336,-34.25076984056983,-30.117815287638905,20.784149512745586,-44.48951268632918,-0.06855813562802933,0.37175697329208607
6.925,1.429634773355569,0.22465868534853023,0.10019484983862592,36.20659083637199,35.53821205862388,-35.08170175760347,-29.389177021505702,17.54847378744759,-42.45195360153875,0.001880967602117366,0.19846844402354538
6.93,1.430810363381559,0.2234854744123849,0.12568685033810367,37.26178574103335,36.884029303314094,-19.16053239411866,-28.829147854309753,21.662665172081375,-40.3007287698289,0.0517083256268322,0.053145922167845236
6.935,1.4319805746976209,0.22271198639719592,0.1340767706548475,38.062432263249804,38.17132210829434,-19.843134803560503,-28.53899545217851,21.676094922407003,-38.378299410572865,0.07072423812997845,-0.026407698731887815
6.94,1.432981721163379,0.22241017069481736,0.13824035163680445,38.86775933139089,39.24467438185459,-20.527734299075746,-28.487124180662107,18.311320780604632,-36.88356034545695,0.06732048949783889,-0.04935811846070434
6.945,1.4341479692941776,0.22211305226758452,0.1517685860168934,39.67791832252149,40.466705291948315,-21.21419539054773,-28.618617837852298,21.727442237571637,-35.2929327026144,0.054274195889890915,-0.041061597565027176
6.95,1.4353125678904666,0.22169773810202453,0.1506796135847093,40.49305744542508,41.651444949352005,-21.9023774283811,-28.909310149070677,21.46238907289147,-33.84823880576482,0.04090043512426863,-0.024157424591105366
6.955,1.4363085840812522,0.2212941698562331,0.15112611197900358,41.313321418646,42.651458860309695,-22.592134454658122,-29.27555781738377,18.20563972748795,-32.70213886441238,0.03204028378658956,-0.009311881822396364
6.96,1.4374694657040945,0.22120469610233606,0.1663034465222131,42.13885111425531,43.80266124382124,-23.283315091785994,-29.81335610271006,21.209399125311194,-31.45476664623271,0.021418069606372773,0.006913420723910667
6.965,1.4386294213559676,0.22092214109536948,0.1632458987333402,42.96978316634551,44.92991298845675,-23.975762469873587,-30.435455403266076,20.828387420722223,-30.294228389426422,0.016184595779430093,0.017166203384598407
6.97,1.4396224639221262,0.22070466837378805,0.16254065712005167,43.80624954332718,45.89021876492232,-24.66931419454113,-31.036057248804298,17.712155063320452,-29.351292996660433,0.014599605233846534,0.022445190490750597
6.975,1.4407831232461263,0.22131982867730063,0.175791781990651,44.648377083198454,47.00443932971935,-25.363802356654674,-30.351077071535713,21.834456305583544,-27.452999113467285,-0.047787037457922656,0.16079593707367087
6.98,1.4419460310973728,0.22168038815907762,0.1644673444445251,45.496286991085896,48.10334601096652,-26.05905358554071,-28.537512260328953,23.987409797626754,-24.910910518881067,-0.12331480209001036,0.33894245272348045
6.985,1.442945423341547,0.2219530167302402,0.15593869245887762,46.35009429851803,48.7942830398732,-26.754889147193836,-26.166760096779143,18.691348238528448,-22.582290312254006,-0.17271522805457795,0.4336970279038478
6.99,1.4441120344550296,0.2220364150035767,0.162866184525831,47.20990728409335,49.35077248063558,-27.451125088818117,-22.934687350682964,19.07331437904419,-19.920826934488705,-0.19097661270061764,0.4713664275513561
6.995,1.4452781947568607,0.2220512856629587,0.15727032062223048,48.075826855444134,49.68727521626413,-28.14757243105109,-19.779554515710288,16.39965900001664,-17.602997233944166,-0.11173834927565857,0.29814149583133837
7.0,1.4462782875223403,0.22229560348902658,0.1525201030463834,48.94794589268194,49.81717869531294,-28.84403740883414,-17.271113170994255,12.294777071406969,-15.95067599617078,-0.009250469635110668,0.06653463614181314
7.005,1.4474483608674642,0.22309256230854063,0.1597187434965136,49.82634855383941,49.81173417775126,-5.821313353092961,-14.639331357335493,9.965336024886085,-14.414928751871358,0.09295506072311524,-0.14139518995520614
7.01,1.448622108693875,0.22378950827972902,0.14542603873909518,49.00036719746754,49.67259055111219,-7.957783600401797,-12.337507446835701,6.846633686068969,-13.259231161321358,0.15362333521087154,-0.26449718323634325
7.015,1.4496314594770219,0.2244679511688137,0.13198539582847155,48.17994374264125,49.453213008354,-7.489898660855374,-10.589082072532989,5.046489008846308,-12.538001028194577,0.1666252824096379,-0.303378459634981
7.02,1.4508127684467094,0.22512230820745505,0.13326216837928065,47.36500893374844,49.098795581409256,-7.023755093752953,-8.777238093766442,0.6699831722783642,-11.96417393394024,0.15707308540344553,-0.29375189937142554
7.025,1.4519955942280875,0.22523520133473873,0.119655478478414,46.555486635531295,48.66379998500804,-6.559004042199888,-7.182015869105641,-1.7676556535982115,-11.625957577785863,0.13549691852932802,-0.2490956419914581
7.03,1.4530095767878761,0.2252037278142315,0.11228262138399409,45.75129434733937,48.22794234456298,-6.095324600901051,-5.949330961185069,-1.0255945221329341,-11.499130428627485,0.1161041867326429,-0.21085383823587028
7.035,1.454193114941467,0.22536591725183602,0.12149948821179887,44.95234369118399,47.65808875431795,-5.632421521826103,-4.642191898891667,-6.293737968458927,-11.509567207028457,0.10336100833219487,-0.17262002499031753
7.04,1.455376355492965,0.22521402317041675,0.11348407527883932,44.15854087325651,47.04178413015677,-5.17002307555444,-3.4599523275527417,-7.804961583912643,-11.654913138324448,0.09041995590247182,-0.1367343956399233
7.045,1.4563897574543148,0.22500860955657265,0.10918853303419938,43.36978711873529,46.47393593431328,-4.707879059085457,-2.5195243023378,-5.285738746708134,-11.875068459076688,0.08133523264987436,-0.11473202117294447
7.05,1.4575714823575328,0.22492435669024724,0.12050214414195522,42.58597907988984,45.773532841884105,-4.2457589412915695,-1.4930383850794158,-10.757005885847306,-12.224295832096816,0.0760309582922158,-0.10043386775294964
7.055,1.458752004719727,0.22465952229386496,0.11554482138610678,41.80700921764431,45.04813654191886,-3.783450137402781,-0.5375383139300141,-11.566215268728513,-12.649147471089458,0.06850192936279824,-0.08232168135585019
7.06,1.4597581538351974,0.22301967481055912,0.11281720154201293,41.03276615689606,44.40158524805647,-3.3207564042597824,1.2301386909387588,-7.21241126281781,-12.519908038164743,0.014774767037915734,0.02683083362959325
7.065,1.4609219565343032,0.2209349873104509,0.14163945596120497,40.263135015994585,43.582767875254355,-2.857496348380522,4.182967199899167,-12.54964437474797,-11.973876511788614,-0.05462218443136954,0.17509365493971363
7.07,1.462077174124044,0.21956643102358023,0.16178798290133153,39.49799771087466,42.62139234005832,-2.3935020393708726,7.828914562960364,-15.469127890419486,-11.264060143239071,-0.10058050052920692,0.28343589510799144
7.075,1.4630620943765749,0.21861562055911252,0.17427201341979387,38.73723323440868,41.68410937965586,-1.9286177213411122,11.487523373867987,-11.745166690457879,-10.552265052875828,-0.12453702087687439,0.35255392025885113
7.08,1.464206411573067,0.2177984332997029,0.19686357820869718,37.98071791159619,40.48071015737785,-1.4626986155325028,16.155803789668,-17.142812030311063,-9.711823584333722,-0.08602835848811846,0.313571647432777
7.085,1.4653509458884832,0.21829148702675966,0.2038249236487328,37.228325631244985,39.195870062651686,-0.9956098075351747,20.57707373857079,-15.772053580881035,-9.166142739363416,-0.0019237730924553623,0.17789312775218644
7.09,1.466336318062157,0.21933107451590597,0.19535868519883115,36.23653376965426,38.02336502384111,23.877917905751872,24.02624336150018,-9.493671781228628,-9.00003105622767,0.06544465216535536,0.06361090621544734
7.095,1.467493112533623,0.2208508194127646,0.1945033106084447,34.68359283970827,36.587598132452314,24.350854606364408,27.595169098128707,-13.618040066666609,-9.146527216804412,0.12908519130591622,-0.05745651267311664
7.1,1.4686563414860996,0.22193843888220782,0.17288183823806869,33.13918957893889,35.10905567563372,24.82688290407944,30.68288879125737,-12.051320743253143,-9.5974465797431,0.16989752570362,-0.1528348489035571
7.105,1.4696570203983375,0.22242987055895277,0.15577463966897598,31.603535788799118,33.79735039200838,25.307823807829834,33.00502571236683,-6.249596714178551,-10.200658152529389,0.17683849271874863,-0.17897998075043084
7.11,1.470827605361123,0.22305208254142173,0.1600155230910669,30.0767377890337,32.225586162589146,25.795273519142313,35.39043781976437,-10.45949017877578,-11.110498103652574,0.16558498773638236,-0.17270302285195277
7.115,1.4719986574342256,0.2229333281020238,0.14773271645954844,28.558802281270438,30.635083867625237,26.29062680936312,37.47485077027733,-9.434895856227271,-12.182735335000455,0.13960581311760173,-0.1315871788419494
7.12,1.4730010641054738,0.2224842024760713,0.1441224758191974,27.04964214232431,29.24388154958013,26.795098945082117,39.076010191753966,-4.366304532907947,-13.220653630552583,0.11990047240172773,-0.09516036181616962
7.125,1.4741695371901309,0.22242122259591263,0.15927192477630112,25.549082016491624,27.5957154189148,27.30974625532673,40.767475831690234,-8.537714240558543,-14.541748467269112,0.10665813401846362,-0.06883001013064399
7.13,1.4753362764589912,0.22207691930751644,0.15523324210020634,24.056863592529904,25.943689352263736,27.83548541915428,42.29516317605504,-7.788880621298347,-15.94011882977858,0.0918930454280271,-0.04106044436806124
7.135,1.4763342910053088,0.22154228092679035,0.15465584525825454,22.57265046596637,24.509361957799403,28.373111544703903,43.51191085357573,-3.23981002948004,-17.202381411110874,0.08495221303868468,-0.026109007835525957
7.14,1.4774970407076071,0.22136199162053763,0.1711983096303785,21.096032500284252,22.82069483977599,28.923315108659295,44.84529059000573,-7.187318873326916,-18.731743490493663,0.08294606822946758,-0.02241769686533556
7.145,1.4786698980700648,0.2242999971676928,0.16904398812918806,19.62652961094866,21.135977499571492,29.486697827258325,44.662525966874114,-7.63379688635591,-20.928733397721263,0.13390542457830656,-0.12700066436173985
7.15,1.4796876252067532,0.22659768163661642,0.12932702352587072,18.163594903788038,19.75559494827966,30.063787535186094,43.45348076107908,-3.963853839733062,-23.234810742965312,0.19381137136425255,-0.24819972084856523
7.155,1.4808820754568297,0.22740611449259057,0.1108227207153986,16.70661710361947,18.24744902116698,30.655052156178442,41.74655214720795,-8.591182917527362,-25.98767527295939,0.24114465878752628,-0.3394260921654283
7.16,1.4820729125634657,0.22617007202027936,0.09424503827238964,15.254922209883118,16.842651797733534,31.260912858152324,40.16459102024206,-9.2017422109178,-28.599785221526687,0.2537795291239077,-0.35580478797405535
7.165,1.4830864497888308,0.2245483692718436,0.1020290649414633,13.807774313073587,15.701459079434384,31.881756496450294,39.02683327421616,-6.044856576172748,-30.679085532487193,0.1925834760565982,-0.23629520473531224
7.17,1.4842604465656328,0.22290955459397915,0.12998630598586566,12.36437549846492,14.433923223866337,32.51794746074222,37.993897951536354,-10.464998961136416,-32.894565716342086,0.10683249243854401,-0.06764844359556973
7.175,1.4854258713404727,0.22146595617375808,0.1439922508836003,11.441820857156852,13.234010793999515,17.512798836535524,37.25892418479722,-10.717409142192395,-34.881078905651826,0.03461471553322277,0.05774612736176792
7.18,1.486420347409243,0.22083402456838228,0.1564585031645191,10.741230394646,12.24400745391287,18.04673728994362,36.84764141173554,-7.428072392779455,-36.42379027497508,-0.0024895523775483913,0.10337533080656634
7.185,1.4875785295781179,0.22062777453752744,0.17445722957818616,10.04018906050654,11.128416759398643,18.579120494764823,36.58544296491755,-11.017480951933564,-38.05818248909255,-0.015144425229781306,0.10485736821062434
7.19,1.4887353771011318,0.2202702485953085,0.17301106264626784,9.338703847894053,10.057862527828668,19.110097646739803,36.510465664349596,-10.854781176605698,-39.532216316715335,-0.013587013167628588,0.0861848314564323
7.195,1.4897251053119123,0.21988013299611064,0.17346161619692624,8.636777128031504,9.163231996535977,19.639815792376908,36.5790571501787,-7.62219037328947,-40.69178891970122,-0.008057740299180842,0.0652416906317949
7.2,1.4908783472152067,0.2196701585106167,0.18903534745264736,7.934406629961941,8.143441861145513,20.168419905742752,36.78541535519682,-10.760438663470694,-41.941305584695534,0.0019352708792973376,0.03907287453337866
7.205,1.4920304310735695,0.21947486655822157,0.18806871153147628,7.231585417278488,7.154288926058037,20.696052979172208,37.093425468459515,-10.453594547692006,-43.090980666087205,0.008102733371627547,0.02493040762021901
7.21,1.4930174604697595,0.21944650228985532,0.1870315485840412,6.528301861083328,6.319615630675012,21.222856127257643,37.433054755440736,-7.338224592724941,-44.01422780374981,0.010698613989416997,0.017662785943092174
7.215,1.4941690756265154,0.21945714027261126,0.19858911963606243,5.824539608396826,5.359789761553798,21.748968703506165,37.90002100651071,-10.167056497811245,-45.02991678753372,0.013137938659949364,0.009990493730515122
7.22,1.495320490205698,0.21938767073790466,0.1951715601329759,5.1202775452012865,4.421510716744679,22.27452842929347,38.419177171904096,-9.807953108674837,-45.98390594685646,0.014656937621195099,0.00942189513439794
7.225,1.4963110542321347,0.22049852068541592,0.19271375597720658,4.415489753262747,3.624054062366468,22.79967153467493,37.83236393797279,-7.846393057807148,-47.37518902090159,0.06527900657938523,-0.0920571893645301
7.23,1.4974652477228236,0.21965624636549405,0.190562413462748,3.7101454598271815,2.701447686808415,23.324532910832517,38.53054799710122,-10.448072402197226,-48.20040476097216,0.03764169797394188,-0.03726168955720298
7.235,1.498614201878232,0.21845969223799286,0.19694769358625985,3.004208979233951,1.914650664473901,23.849246273921125,40.35478131535382,-6.418547536637391,-48.202049341487346,-0.04988869142623145,0.11885949632923876
7.24,1.4995973336938748,0.2185266939212477,0.20796141361864603,2.2976396454272674,1.3331461282690042,24.373944340360822,41.5021932226021,-0.8466882811694489,-48.31655812890889,-0.08389464015844138,0.1713487076384828
7.245,1.500751995473911,0.22075883522770612,0.2187412476838658,1.5903917342761353,0.7477740239803158,24.898759013502172,41.34083478162245,-1.4033287630958569,-49.17488444870175,-0.0974925939018171,0.18002378990461979
7.25,1.5019202705935135,0.22329744734676846,0.18893009692071377,0.8824143745316491,0.3762513410283033,25.423821581941183,39.950347349003806,2.8451928574038163,-50.45433762853173,-0.030658572919990926,0.004929628960772055
7.255,1.5029302440466736,0.22464118634139368,0.15431415285159295,0.17365144615697758,0.21242649629069946,16.806596520419873,37.87694740537222,7.2244646802138845,-51.86244443893125,0.08306252843367973,-0.23166771902405958
7.26,1.5041135551036589,0.22539322460454586,0.14771212370606984,0.17365144613821215,0.1748124830315193,44.826348553861806,35.02206801858253,8.79967417213858,-53.57119331267551,0.14520296865423102,-0.36625830237144974
7.265,1.5052970447096237,0.22514889980057848,0.13278011850529628,0.17365144613821215,0.2700524910159212,44.826348553861806,32.1944866725575,11.151343866888865,-55.10280520664374,0.09619324783117005,-0.26292067316653367
7.27,1.5063094067783258,0.2246135776499493,0.12954959495384794,0.17365144613821215,0.45063248355388325,29.02806265258306,29.905938280032473,12.535734216064498,-56.21213841970083,0.03656068339976353,-0.10805025227555234
7.275,1.5074885519536836,0.22438652764367698,0.14483464898570997,0.9275312779061622,0.7594445152977791,11.114136723158111,27.4557802461581,15.901538611268819,-57.25017716354004,-0.040765518423030535,0.07823843226854041
7.28,1.5086671889414145,0.22446582127008552,0.14178415259290858,1.6805264391338852,1.1497295317378253,10.470500028888182,25.26163068615287,17.71581905726707,-58.029440302346515,-0.09705330307914506,0.21308244691040518
7.285,1.5096785095175855,0.2247444122795198,0.13517587722847,2.432703863931863,1.548122453537702,9.828722737808107,23.552525527416407,16.760692700436962,-58.509960176875246,-0.11602294589504157,0.2593358151366129
7.29,1.51086020348808,0.22508186339666597,0.1409811721392293,3.184123784246495,2.075873783637383,9.188996695231282,21.735592361943247,21.26160310799858,-58.87986066757193,-0.11489265754118592,0.2547755156181794
7.295,1.5120423408945998,0.22504867600885373,0.1310673388039673,3.934839865476256,2.6525754976704485,8.551507601869275,20.093508456530117,22.393876861385465,-59.078306741136714,-0.09817754853162064,0.21870274545574933
7.3,1.513055344640058,0.22498640889801033,0.12547310322959068,4.684899324174616,3.188508058637871,7.916435651623999,18.791144179931592,19.80455927224841,-59.1281927346971,-0.08160345145910378,0.18437063805490195
7.305,1.51423729505744,0.22504271839005502,0.1351384341036773,5.43434302973462,3.8544370141778694,7.283956082512361,17.37585252139303,24.78150642537709,-59.06744078392885,-0.06613975444308734,0.15318216418017308
7.31,1.515418944580629,0.22494960411854714,0.1285082076641309,6.183205591822631,4.548708471305409,6.654239650769341,16.065806899224924,25.356258433758427,-58.90337443400917,-0.05349334705616079,0.12981437370825613
7.315,1.5164314462253052,0.2248874368045831,0.12366174355179559,6.931515435200847,5.171332101436525,6.027453037078743,15.001389281673653,21.774474445630887,-58.68865249455565,-0.045113363634296806,0.11507291975063903
7.32,1.5176111284738032,0.22447340047132466,0.13337018610355902,7.67929486346798,5.924139790992907,5.40375919266171,12.721997364494399,25.791875221556268,-59.012144063913766,0.010187305565587446,-0.0002968175526162785
7.325,1.518787585055732,0.22367330020383144,0.13247127906515008,8.426560113152494,6.732438879195241,4.783317631913775,9.620175218824272,25.778217846818038,-59.73780755109183,0.0762438889012448,-0.13443323657287756
7.33,1.5197929498399205,0.22309325853705672,0.13639698768474434,9.173321399510753,7.555354323459828,4.166284677724093,6.3439948900501975,23.85524463917315,-60.534059340290945,0.11940840220283537,-0.21737236019167389
7.335,1.520962818761408,0.22259890066584698,0.1528251037205764,9.919582955310716,8.64457904021538,3.5528136646451003,1.9466334694906777,30.187717307887937,-61.599728430601694,0.15946641010859733,-0.2818669909823707
7.34,1.5221296438645346,0.22200815518552164,0.15373631341080587,10.665343063819519,9.835254092117582,2.9430551046480105,-2.8664717029031976,29.508615452271428,-62.73023371523011,0.1476575349295395,-0.21837993860318924
7.345,1.5231280000527014,0.22173026562125078,0.15604950616364782,11.41059408715931,10.94315377237169,2.337156819765795,-6.994445175629437,23.484846493543756,-63.54590957889506,0.11421971242915102,-0.10341243302602889
7.35,1.524293639219743,0.2222248643503973,0.1695424716431539,12.39210307159378,12.322252919432957,-22.780045524991863,-11.487254676319765,27.557668349864272,-64.15878166242882,0.07221388837462775,0.03026097020503149
7.355,1.5254630249492764,0.2230103035358458,0.15919661605531393,13.928215359163378,13.763609661151314,-23.523894348679477,-15.500020505895463,25.67268581273339,-64.38818943505265,0.02577334497317837,0.15471730417234564
7.36,1.5264687045204064,0.2236695399829715,0.1451000298895854,15.468649995949221,15.060075257578623,-24.289896357872465,-18.58552529262687,19.48307548249774,-64.29090771373319,-0.013914670053710436,0.24871306703291934
7.365,1.527646383890342,0.22458581082082482,0.14692647109771675,17.014359743603414,16.633249477639584,-25.074865375887185,-21.806749083136452,23.367370469686122,-63.8785311187531,-0.04638803417763658,0.30623837498292944
7.37,1.5288269298049664,0.22490643047160688,0.13055980561623168,18.566217932669183,18.244600419503175,-25.875878380926423,-24.657147038291555,21.919918452779555,-63.209343732046925,-0.05112834265626819,0.2987320224567754
7.375,1.5298391602371542,0.2248198193148426,0.12094516885315863,20.125018365503905,19.670713444453263,-26.690235015795224,-26.867801504001903,16.493422841411927,-62.45009034835036,-0.03942821294903875,0.2681547895915901
7.38,1.5310201317802625,0.22487537278035155,0.13096499193773564,21.691473917418378,21.379349907486162,-27.51542433750143,-29.21813919436383,20.423805329761805,-61.38401220670271,-0.02441288571519198,0.2315034068801069
7.385,1.5321998484025696,0.22453877211238094,0.12442999308118441,23.266213946461836,23.11109288945636,-28.349097637436046,-31.347728512476692,19.400488234673816,-60.173328899464444,-0.0050104659302664676,0.18870004031163498
7.39,1.5332094086135881,0.22416885301476216,0.12261741084902529,24.849780612300087,24.630651708141258,-29.18904638737294,-33.04321085766651,14.62186297107587,-59.02335094261812,0.007561572221276456,0.16353393282300793
7.395,1.5343861153630245,0.2240487492289907,0.13620444882518223,26.442624201935075,26.438417001185893,-30.03318454113233,-34.893367727765906,18.367550558506053,-57.57227810631974,0.014218910190405677,0.15132602884733987
7.4,1.5355712292375523,0.22646183524118513,0.1321113340455584,28.045097563818242,28.259633358213197,-30.879534557656257,-35.12815016420939,18.72354411757918,-55.297921815773734,-0.030660447680450682,0.2621974424636948
7.405,1.53659718951398,0.22834849011829067,0.09748639880879212,29.65744976158614,29.760633396304176,-31.72621661575249,-34.197041500312594,14.980782550905133,-52.837086149196665,-0.08471032308996464,0.38868695395760894
7.41,1.5377998770514758,0.2289939666073149,0.0830896410730943,31.27981907360908,31.407091633920594,-32.571440570877684,-32.71119733117797,19.5215016723608,-49.85972505816515,-0.12419616516114759,0.49013397747486637
7.415,1.538999334451044,0.22787679106209033,0.067701796755036,32.9122254841551,32.947506492040155,-33.413500264435754,-31.30635637289302,20.06266647270118,-47.02913314401681,-0.127582996682191,0.5097081804983387
7.42,1.5400206756219839,0.22635913821140127,0.0733276385249564,34.55456283545907,34.20491569269882,-34.250769840567045,-30.31106200549158,16.85474929471806,-44.77928627287011,-0.07070674870010071,0.37478077645955177
7.425,1.541204247212264,0.22481668029767196,0.09937294477215405,36.20659083636845,35.60862882133766,-35.08170175760142,-29.446669388780094,21.257454605284067,-42.388323556808935,0.008051700682818352,0.18743294668057509
7.43,1.5423802951590422,0.22350918337533235,0.11140123557489327,37.26178574103166,36.94457308125695,-19.160532394116956,-28.886046365244965,21.463117286824286,-40.25041660209704,0.062247311226551985,0.03498474639818593
7.435,1.5433837530934404,0.22282467629735506,0.12132997047576456,38.06243226324807,38.05316329101298,-19.843134803558144,-28.63338443743686,18.133664774668233,-38.5935720539851,0.07692822306970298,-0.03249664193772068
7.44,1.544552490507781,0.22258321990865854,0.1391547838988424,38.867759331389166,39.30972528748918,-20.527734299074666,-28.566457068639295,21.721758715874245,-36.840435349659266,0.06999168167583789,-0.04950330335375726
7.445,1.5457196336397192,0.22226888333932426,0.13719167108507008,39.67791832251979,40.52293956774666,-21.214195390549833,-28.693782086970714,21.510756231270392,-35.259739822728314,0.05620648804648417,-0.04211307268725665
7.45,1.5467184231286104,0.22184443168895315,0.13622624490348212,40.49305744542333,41.54321893665661,-21.902377428374933,-28.943928830211746,18.21767632394011,-34.01551350244987,0.04331265224678934,-0.025316234354561873
7.455,1.5478810848723619,0.22141957399052895,0.15140456339163405,41.31332141864423,42.713824846954246,-22.592134454655735,-29.369888499707315,21.366620624412832,-32.67232757838151,0.031106485325245493,-0.002741332547287671
7.46,1.5490423630498744,0.22122759955761734,0.15213412412621607,42.13885111425354,43.85666154670977,-23.28331509178423,-29.901394453001984,21.001785400208604,-31.432969507714123,0.020369729235002482,0.009183586022327463
7.465,1.5500365451738727,0.22090302942019796,0.1502470082006418,42.96978316634373,44.827515472748225,-23.97576246986995,-30.43833508878265,17.839332912576893,-30.434064138655017,0.015515058952714893,0.0185349406591038
7.47,1.551194801334548,0.2206751239001791,0.1646570896800386,43.80624954332538,45.951448920359184,-24.66931419453499,-31.140576826150152,20.66800745557107,-29.33000130730734,0.01196884984574311,0.029528755175545554
7.475,1.5523552264209144,0.22123651382933965,0.1634590652238882,44.64837708319665,47.05756296594761,-25.36380235665345,-30.44786352945522,21.636315498448297,-27.43852992072544,-0.04884501942940264,0.16272177908141802
7.48,1.5533512951158777,0.221468544162463,0.1527876270394375,45.49628699108406,48.004031048000556,-26.059053585540028,-28.86488141085823,20.873241666696984,-25.23730042453959,-0.11565231764404776,0.32486033679098186
7.485,1.554516670908977,0.22185751972804604,0.16048569142613836,46.3500942985162,48.816768474596564,-26.754889147192017,-26.088915510708972,21.471058852590673,-22.506048634659198,-0.17373008078802896,0.4408490421047369
7.49,1.5556819098513397,0.22167699546459033,0.15140519382350778,47.2099072840915,49.37083027902675,-27.451125088816866,-22.88019904424192,19.104426589998383,-19.86172446053947,-0.18850238778575917,0.47292131875825094
7.495,1.556679356736275,0.22148732219389689,0.14903408444535368,48.07582685544229,49.660699321989355,-28.147572431050406,-20.1503081014651,14.597574240444018,-17.85764753728443,-0.11992207054619473,0.3197123670020684
7.5,1.5578433217642884,0.22177996015564705,0.16156982685739688,48.947945892680096,49.81533685723176,-28.844037408831667,-17.200633503815624,13.233922716837498,-15.91166287663393,-0.006978339083914522,0.07006870022387145
7.505,1.5590100790081225,0.22241276728435647,0.1537466889564336,49.82634855383752,49.81098063040142,-5.821313353777583,-14.586990508165457,10.05786053876723,-14.38535689529622,0.09528133155957644,-0.1399804744409304
7.51,1.5600127515763866,0.22293360817678148,0.14167688821663676,49.0003671974693,49.691423369523264,-7.957783600403189,-12.593990517621222,7.388771457787158,-13.383126481344163,0.15092214994753317,-0.25189570448541765
7.515,1.5611866664304532,0.22385482670376033,0.14539607880081337,48.17994374264299,49.43660319840943,-7.489898660848212,-10.533360356795498,3.5429814929312897,-12.527783641616839,0.16605755025929506,-0.2996620228160995
7.52,1.562363749793005,0.22423917228214388,0.12930325879486051,47.36500893375016,49.08568089604784,-7.0237550937557955,-8.729887759622812,0.7969662664171437,-11.954331615815857,0.1556614130622941,-0.2866809443448763
7.525,1.5633734839775224,0.22428245207358763,0.11924460221599907,46.55548663553303,48.71123276488288,-6.559004042203981,-7.347762922864803,0.7458478341668382,-11.657928836229038,0.1387916610013028,-0.24998274071104942
7.53,1.564552208101251,0.2244496749561828,0.1279570767941742,45.75129434734106,48.202369719337796,-6.09532460089622,-5.8958609154649935,-4.355342220697153,-11.502463416024549,0.11860205514151981,-0.21175838063871041
7.535,1.5657309802706358,0.22440491992041525,0.12030706798197946,44.95234369118569,47.63727302887616,-5.632421521828576,-4.595955237279043,-6.163286832337803,-11.510867336039519,0.1036339526275947,-0.16909400156950813
7.54,1.56674077408288,0.22419973442518623,0.11514568186286019,44.15854087325819,47.106597705398904,-5.170023075555832,-3.5726546627778646,-4.140850112209961,-11.632940025979273,0.09319215349170075,-0.1406317690634706
7.545,1.5679183506690075,0.22414920960410528,0.12677484904680722,43.369787118736994,46.44284890469644,-4.707879059079943,-2.4668817832838386,-9.614971844084181,-11.886533054857988,0.08508114620368656,-0.12071309729538159
7.55,1.5690948709783183,0.22389622194428682,0.12178676604626626,42.585979079891516,45.74796656764921,-4.245758941292252,-1.4475438707603416,-10.634167352541226,-12.232602642300106,0.0764506614922616,-0.10039187629299758
7.555,1.570102085894232,0.22360661326637504,0.11927280964450958,41.80700921764594,45.12331021401393,-3.7834501374026672,-0.6214635280117591,-7.360799006128218,-12.596546810188558,0.07022692429344196,-0.0867701382394418
7.56,1.5712705425024025,0.22187326013582767,0.13212225211315465,41.032766156897694,44.36712322830434,-3.320756404265012,1.4296981744572577,-11.897520398827723,-12.454744445404206,0.011724617985924755,0.033315708218389174
7.565,1.5724289241679144,0.219908015513804,0.14772861208775065,40.26313501599623,43.554249265775105,-2.8574963483877127,4.347114221992115,-12.321246101499355,-11.921715734530553,-0.056690073705681826,0.1774137796161067
7.57,1.5734150346198361,0.2187834150065265,0.16695062594459534,39.49799771087628,42.72538747006372,-2.393502039368684,7.493688088947891,-10.67478146276477,-11.307385225928618,-0.09637540409282927,0.2690493900876359
7.575,1.5745597116299128,0.21773712465539816,0.1914809860506713,38.737233234410276,41.629533489179266,-1.9286177213436417,11.766939210003045,-17.343880088831185,-10.47735188700442,-0.12313010863449564,0.3501139709744516
7.58,1.5756998837858978,0.21702209686119994,0.2011048482911678,37.98071791159781,40.43499485213828,-1.4626986155269606,16.382669519434785,-16.799471084885596,-9.656273346188996,-0.07881671974245201,0.29725469150118183
7.585,1.5766775132227786,0.21749633258806053,0.20723039099305884,37.22832563124658,39.32782888603509,-0.9956098075349473,20.19080728891325,-10.786181990602572,-9.186141607095216,-0.006062475268051588,0.18445131579466587
7.59,1.577824406128834,0.21907597352776334,0.21370646251227982,36.23653376965756,37.956309500733944,23.877917905749257,24.229845961297485,-14.992909194291101,-8.988629789792423,0.07178715856542363,0.052548797700110894
7.595,1.5789794390416574,0.22054034441894727,0.19225393074727978,34.683592839711565,36.531078213813444,24.350854606364038,27.75905884146107,-13.27174559149546,-9.142272227954262,0.13264147595693432,-0.06708465645323074
7.6,1.579974743895433,0.2213919891628462,0.17143902615592732,33.13918957894219,35.2573790840872,24.8268829040764,30.416876377138465,-7.225924117011587,-9.53147944645449,0.16946479925020183,-0.1471723783879109
7.605,1.5811413868290096,0.22251416532623194,0.1719177958646568,31.60353578880239,33.72255310358943,25.307823807828612,33.136589518834455,-11.377207939143346,-10.235760326881703,0.17990236369446092,-0.1867040627956414
7.61,1.582311346935655,0.22297314929106965,0.1541030974417762,30.07673778903694,32.16245788298358,25.795273519138448,35.495721462419084,-10.152697591496121,-11.143100343107811,0.16171781542868272,-0.1692177834234762
7.615,1.5833146099151785,0.22275440319415288,0.1437949646091636,28.558802281273667,30.792498619714507,26.29062680935934,37.290322470069384,-4.866966207326868,-12.06692698208532,0.1402370628963101,-0.13493959934928093
7.62,1.5844851014774113,0.22285693897315906,0.15615962391491722,27.049642142327514,29.164578834700844,26.79509894508172,39.16527899010521,-9.076829154858103,-13.280759360218958,0.12192238576180535,-0.10294270381981788
7.625,1.5856546033713192,0.22263115505504,0.14999644736486253,25.5490820164948,27.528622210240886,27.309746255324484,40.83833752978131,-8.247376940840198,-14.594706829613106,0.10253212455719153,-0.06631845821268033
7.63,1.5866553069115605,0.22215537487547887,0.14778159919925216,24.05686359253307,26.10559522665391,27.835485419152008,42.15420441208255,-3.530576534981705,-15.799234623663107,0.09115179966754296,-0.04359504087150779
7.635,1.5878220158961471,0.2221776959110857,0.1633947218616014,22.57265046596955,24.427372124349702,28.373111544702425,43.57862952330956,-7.5442915615213195,-17.27577476594251,0.08814005432766649,-0.034987226731263886
7.64,1.5889869169184434,0.22175456155440973,0.1585084940423195,21.096032500287407,22.750988061312928,28.923315108657846,44.89768786825877,-6.918039016684389,-18.796022239052476,0.07856765975344365,-0.019488400428801185
7.645,1.5899932371427807,0.2242573514421084,0.15902028391028958,19.62652961095179,21.29999219831395,29.486697827256876,44.7286427502174,-3.5288650586486767,-20.69225537680437,0.1276901638755548,-0.11615487845549778
7.65,1.5911838368648097,0.2275430492011947,0.13911003104439257,18.16359490379117,19.683395209333362,30.063787535188936,43.325424127182,-8.130984073364829,-23.386862103247704,0.20085859833014932,-0.26429371449357175
7.655,1.5923817678539929,0.228020767131995,0.09373932991457619,16.706617103622587,18.186130590044584,30.65505215617776,41.642916598329094,-8.471183719276894,-26.117531472123837,0.23962088186515568,-0.338794919588106
7.66,1.593405409586541,0.22684407294764397,0.08074385380239879,15.254922209886221,16.9766082162192,31.260912858149112,40.28414992513629,-5.2263281242260575,-28.364388185725414,0.25263847248850047,-0.35495078759236726
7.665,1.5945919980873053,0.22529653153581133,0.10257657659960702,13.807774313076665,15.640389950082488,31.88175649644785,38.95327615785396,-9.885547939550918,-30.797581520647643,0.19440012588638425,-0.2371976018470901
7.67,1.5957691250771704,0.22345707622387123,0.1143985578353438,12.364375498467975,14.38198030159491,32.51794746074077,37.93451858719993,-10.322538946491747,-32.99480955394156,0.0996352559081365,-0.05304192248395597
7.675,1.596770570372886,0.2220608610978845,0.13048795179765382,11.441820857158355,13.348784042033431,17.51279883653328,37.30512494875137,-7.114977960697999,-34.70339013705514,0.037387349957139486,0.05257402803717355
7.68,1.5979338655589852,0.22142861142203485,0.15685996659712817,10.741230394647474,12.18976626090166,18.046737289940808,36.823398326369045,-10.946202174790898,-36.509397545921196,-0.000921810780595428,0.10058133346427797
7.685,1.599095019181359,0.2211361853928665,0.1599725873711675,10.040189060508004,11.0822890030101,18.579120494763202,36.56575255474331,-10.85199203974561,-38.13068522450389,-0.01498330704947599,0.10470158726573496
7.69,1.6000886651928967,0.22071190531609874,0.15927776798080123,9.33870384789558,10.16041345682563,19.110097646738865,36.503675222533616,-7.586083658179561,-39.39867751226092,-0.014172021414348458,0.08784977084525572
7.695,1.6012456087259566,0.2202758073751954,0.17490772346596403,8.636777128033003,9.113241466618947,19.639815792376737,36.583596446413026,-10.872886243682686,-40.7561765183895,-0.005298001267249486,0.060499127007641686
7.7,1.602400577189487,0.21991911431729,0.17627381563510156,7.9344066299634335,8.100865292470633,20.16841990574318,36.78877815885039,-10.60933289620182,-41.99636432533866,0.00061841624262646,0.03937136955724426
7.705,1.6033889507829457,0.21962972370665612,0.17688030751268327,7.231585417279977,7.249027346774667,20.696052979173373,37.05581672563835,-7.464960192760202,-42.98552028687378,0.005864387152906998,0.027393221894168568
7.71,1.6045415034581592,0.2196623880396979,0.19138899015066133,6.528301861084827,6.272110798350767,21.222856127256136,37.4530362735959,-10.373643373824038,-44.06633810246598,0.011527450415545197,0.015443058769163817
7.715,1.6056939790164706,0.21956984106936214,0.1876297116402589,5.824539608398325,5.319293686857938,21.74896870350176,37.91565282442443,-10.02518223579817,-45.07498581512619,0.012079913817471536,0.010058466186049698
7.72,1.6066810438761137,0.2193956453958667,0.18534971976833045,5.1202775452028,4.511256972752282,22.27452842928986,38.36412825067035,-7.035212190261717,-45.895864909394135,0.014599262950676027,0.007916456781103517
7.725,1.6078371483435887,0.2207365558563611,0.19861914026811084,4.415489753264232,3.577940830813651,22.79967153467345,37.70004614144182,-10.845574362609483,-47.511745636853135,0.07163955960686309,-0.1089172258102832
7.73,1.6089914134904535,0.219584525209427,0.17916161922138937,3.7101454598286807,2.662123916530506,23.324532910829987,38.423591760318146,-10.451329954198897,-48.31340489747178,0.038706889765679035,-0.04272738959431895
7.735,1.6099758255229424,0.21840462710204064,0.18918331367585212,3.0042089792354503,1.9852001343344448,23.849246273919363,40.02824381221137,-4.195027234496706,-48.294341408104565,-0.04033373354222229,0.09837254002154161
7.74,1.6111219527676375,0.2183660875725325,0.2145137741531876,2.2976396454287666,1.303854757479819,24.37394434035724,41.409433573152796,-3.414705033656645,-48.40737280534131,-0.0829194301508041,0.16906108103258324
7.745,1.612275308338725,0.22046306139419175,0.21215857603808788,1.5903917342776381,0.7229170131213969,24.898759013501973,41.26529863312112,-1.4063605255461056,-49.25029863631829,-0.10282930403480524,0.19337603665833938
7.75,1.6132744429508787,0.22254647274288267,0.18405220252545654,0.8824143745331554,0.4041361370629598,25.423821581937062,40.067874803337105,4.528356559604845,-50.350500367940384,-0.03982077489889676,0.029588170767440563
7.755,1.6144508542312457,0.22448404834677207,0.16970761227287462,0.17365144615849104,0.21085988815652423,16.806596520640255,37.66111700018743,6.015629492530735,-51.98931196473359,0.0863293878016678,-0.24288847663779986
7.76,1.6156319168427002,0.22490596394753073,0.14144224824276302,0.17365144613821215,0.17351332858004595,44.826348553861806,34.848137535430425,8.63130865357816,-53.67452249348294,0.14638574987610928,-0.37117445085756795
7.765,1.6166440992458087,0.2246239508679421,0.1305907984475406,0.17365144613821215,0.256266690723914,44.826348553861806,32.41847808369698,10.87419663717155,-54.98935036858193,0.10338314997362097,-0.2846450092634459
7.77,1.617822672578079,0.22409553396067858,0.14291278430933338,0.17365144613821215,0.4667209415210249,29.028062652948478,29.74587424744888,13.66419553090708,-56.28529371407002,0.034940214735517935,-0.11005440848939617
7.775,1.6189986183806977,0.2237645758939828,0.1434567992324907,0.9275312779045564,0.7732551983081589,11.114136723165785,27.32800129461242,15.7258294852071,-57.307448647890425,-0.04480241721714361,0.08579196953022998
7.78,1.6200061301546933,0.22382369297663804,0.14191044630586502,1.6805264391322723,1.1098512644849188,10.470500028898044,25.442215012872026,15.513514817093096,-57.9756694497099,-0.09516846749104645,0.2031461125957735
7.785,1.62118334276208,0.22432755092029238,0.15063269094741888,2.4327038639302714,1.5755143753422143,9.828722737812967,23.444541691226306,19.73798079035582,-58.53731774511599,-0.11687341054959087,0.25808336704974555
7.79,1.6223624503127645,0.22458021167618775,0.1391571695585208,3.184123784244889,2.099379388770554,9.18899669523185,21.650248780767356,21.077605511274783,-58.89891577383155,-0.11281170905137641,0.25055948159854685
7.795,1.6233735727712868,0.22458098754837807,0.1304685930988193,3.9348398654746397,2.596355512934274,8.551507601859697,20.237856840628012,18.9549481356611,-59.068385965648865,-0.0988195686061392,0.2212073008299478
7.8,1.6245535755076188,0.2246974506426804,0.13955846800018556,4.684899324173024,3.2231756098833255,7.916435651620759,18.715009428742007,23.844746441094287,-59.126550914044934,-0.08071484422721789,0.18283188026566125
7.805,1.6257336882951519,0.22469167087981656,0.132392620666699,5.434343029733014,3.8841992853738874,7.283956082511338,17.316502396043518,24.580622367113563,-59.062352478998655,-0.06348746434068003,0.14755042826409384
7.81,1.626745148790394,0.2246673754026912,0.12665464281755473,6.183205591821039,4.482344461077855,6.654239650770933,16.18881478796328,21.261334332307456,-58.920485908638604,-0.05321134913841177,0.12683781486315138
7.815,1.6279253770761761,0.22473529469539769,0.13600954194819376,6.93151543519927,5.210721591868487,6.027453037081898,14.943858451978542,26.32003291312013,-58.669199917153676,-0.045571511870665896,0.11207966200902898
7.82,1.6291038857519438,0.2242023641766346,0.12939467625996404,7.679294863466403,5.9580676746284125,5.403759192659749,12.677842516192328,25.58701101755983,-58.99206023215781,0.012706969025931181,-0.0076898075890869284
7.825,1.6301113464797081,0.22353046815449032,0.12999747395790473,8.426560113150892,6.6545536542822985,4.783317631911274,9.989093337773141,21.46780766659832,-59.62722051996154,0.07126120086790388,-0.12759368780661648
7.83,1.6312834662039997,0.22291822651242452,0.14732093498949664,9.173321399509176,7.615829228069528,4.1662846777287825,6.154252140582798,29.07729811387705,-60.56232484736012,0.12242694186149883,-0.2230219194418814
7.835,1.6324521457361614,0.22236057261581896,0.14941993701766837,9.919582955309139,8.696521207329186,3.5528136646482267,1.7956536576531335,29.820274443280056,-61.61604344769923,0.16210345738590337,-0.2860878078415512
7.84,1.6334514649890357,0.22189482457850204,0.15118041210507896,10.665343063817915,9.722209047617614,2.9430551046480957,-2.3638289912888695,24.534816844557966,-62.59898547599705,0.14970800188308309,-0.22826470342265853
7.845,1.6346158748697859,0.22173041902362947,0.16679765092040186,11.41059408715772,11.017494020930949,2.3371568197664487,-7.201612120842384,28.984342041997635,-63.560699907583384,0.11382814233004605,-0.09975606145315433
7.85,1.635781461867756,0.22218226502856026,0.16431010876353006,12.392103071590498,12.38612109346668,-22.780045524990413,-11.649309329588391,27.161343417128833,-64.16116983655589,0.069706241997397,0.03473112117435893
7.855,1.6367832596273049,0.22279992233973764,0.15447162652457394,13.92821535916011,13.62765135397488,-23.523894348677942,-15.107647048367625,20.82104910898576,-64.3607173808957,0.031090416835797455,0.14309856492297193
7.86,1.637956598245622,0.2238285702677569,0.15712941415290735,15.468649995945938,15.144075509554659,-24.28989635786789,-18.723868919284627,24.694364567027392,-64.25184454297637,-0.014390198914731353,0.25035541033800274
7.865,1.639134281199629,0.2245218897367859,0.1398240483838305,17.01435974360011,16.70551721921248,-25.074865375885963,-21.91205137957573,23.056391587946564,-63.83724356298616,-0.043604370475103175,0.2971322399128111
7.87,1.6401457008973204,0.2247629660555471,0.12607897488461434,18.56621793266588,18.09336988461395,-25.875878380924576,-24.36812762059259,17.36246738572322,-63.26179422709165,-0.04606504592769361,0.2928587004164869
7.875,1.6413271345774594,0.2250314328294786,0.13231670003959656,20.125018365500573,19.7617866272435,-26.69023501579406,-26.95822826344218,21.305803493343305,-62.3759135713251,-0.03832264682041022,0.26746947924447034
7.88,1.642508149143268,0.22480374480451779,0.12323708018989342,21.691473917415017,21.45767789447357,-27.515424337501543,-29.284287999194532,20.174603241048402,-61.314276011575274,-0.020220816325524534,0.2225551434120456
7.885,1.6435190258739414,0.22444499144447025,0.12002920665910094,23.266213946458464,22.949272628594745,-28.349097637436103,-31.11956507755781,15.2039247469515,-60.27209152149299,-0.004569152899934688,0.19036170436057046
7.89,1.6446972711784553,0.22433006115124107,0.13336881852786256,24.849780612296716,24.727261542508327,-29.189046387368904,-33.10537214596923,19.0292157655321,-58.92760895026329,0.0046226882759417285,0.17028734931700246
7.895,1.6458737304322921,0.22391779022839944,0.12907916291810045,26.44262420193168,26.521530596868747,-30.033184541130794,-34.9363315997814,18.169228113076088,-57.48473288516646,0.014999871403284072,0.14917134432840107
7.9,1.646888205844375,0.22592718284037155,0.12844376278230393,28.045097563814807,28.090160559009828,-30.879534557656854,-35.12706683846355,14.747770981438265,-55.520507879435854,-0.02576930227813077,0.25208033911319855
7.905,1.6480846463087453,0.22845068299094823,0.11361657431979365,29.657449761582704,29.847867297544084,-31.726216615750786,-34.0496010745926,19.268166164099938,-52.64487469414834,-0.09171494280510094,0.4079142628025306
7.91,1.6492864451558116,0.2287287140545879,0.07669416359154477,31.27981907360562,31.48240569828335,-32.57144057087663,-32.585715578586246,19.524800305588613,-49.691870059012956,-0.12496854049588577,0.4946692895672499
7.915,1.6503134196713853,0.2276631239913769,0.06570585997188824,32.91222548415162,32.80870526504018,-33.41350026443385,-31.379489955507296,16.213644778335038,-47.25646636242117,-0.1305987168327053,0.5157037975852687
7.92,1.6515041999228481,0.22616231282199267,0.08593804684163554,34.55456283545557,34.280910615891194,-34.250769840565056,-30.21546145636779,20.848225206102114,-44.62315127443958,-0.07587365155529752,0.38843378131487455
7.925,1.6526865950657998,0.22456732185712378,0.0968407680145672,36.206590836364924,35.674569082183865,-35.08170175759855,-29.363674820439257,21.2285742729365,-42.2518646510445,0.007815667320810836,0.1858839657111652
7.93,1.6536939219136875,0.22343300400520902,0.1095906101530767,37.261785741029954,36.82493054952207,-19.16053239411528,-28.884846066043195,17.94800979294469,-40.41297500308007,0.053443800619083666,0.05225125400727943
7.935,1.6548637537924586,0.22264217543713488,0.13236396010789778,38.06243226324636,38.12268953498715,-19.843134803558343,-28.588773306291614,21.791805767286903,-38.47316288272112,0.07075672379795236,-0.02300710375372597
7.94,1.6560313784557996,0.22233229343505237,0.1367649323608238,38.86775933138745,39.37008349522387,-20.527734299071682,-28.524495419251366,21.65860906199515,-36.7339517097635,0.0678848526784192,-0.04826229642013686
7.945,1.657030542880152,0.22200258554419902,0.13570464939863242,39.67791832251803,40.414830331168005,-21.214195390547445,-28.6370392520908,18.321497131921674,-35.37426805530636,0.056695021117979125,-0.044665187409005665
7.95,1.658194467730663,0.22159400855993344,0.14973571196718444,40.4930574454216,41.60907947764815,-21.90237742837573,-28.929417211236455,21.598233054923696,-33.91751935158447,0.04106666379999257,-0.023775094604114658
7.955,1.659355843098954,0.22114534880668343,0.15016240548706158,41.31332141864246,42.77110391062181,-22.592134454654598,-29.3519841214694,21.28967836370404,-32.58419927740094,0.031100950772164522,-0.006617335996508744
7.96,1.6603501114804804,0.22098869137482155,0.1512853367020196,42.13885111425177,43.75534119299493,-23.283315091784317,-29.811855798382908,18.060381914625097,-31.51793870662149,0.02277979521555578,0.003510627057795451
7.965,1.6615089162943728,0.22071010861595924,0.16371315685007026,42.969783166341955,44.891608685057975,-23.975762469871256,-30.439959021635957,20.979363045746425,-30.348532828238156,0.016218489377089314,0.017765021439002042
7.97,1.6626663146007088,0.2204863085269827,0.16306270550897228,43.806249543323574,46.00727364597407,-24.669314194538117,-31.135434434647607,20.578057119091625,-29.251941546051896,0.014341357215288486,0.02271144615544963
7.975,1.6636599080819208,0.22096476752719726,0.16189206393649427,44.64837708319486,46.95988095480606,-25.363802356648563,-30.528115431004238,18.715946156953763,-27.616716171315826,-0.04117143620180024,0.14483723609404045
7.98,1.6648211705181393,0.22139234111153397,0.16691044105106684,45.49628699108224,48.06753500906712,-26.059053585541932,-28.686438149450197,23.989900616515314,-25.046854034065746,-0.12073477898890644,0.33381330979529583
7.985,1.6659857414271684,0.22169895904840012,0.1577388288247873,46.35009429851438,48.87214401580837,-26.754889147188948,-25.938281914915763,21.500618132243957,-22.342640932157334,-0.17418209589314837,0.4376812602488006
7.99,1.666984028497759,0.22162459369037654,0.14969784771086622,47.20990728408967,49.34634575628516,-27.45112508881192,-23.167912951687555,16.69409797241549,-20.065100761533433,-0.19049933853837983,0.46755485109278316
7.995,1.6681482032890138,0.22167360155014088,0.16080346469511692,48.07582685544043,49.68558026626209,-28.147572431045546,-19.970033449271966,16.3073222526572,-17.717887736952783,-0.11785689265729322,0.31090204531807963
8.0,1.6693130948212085,0.2219777442564081,0.15582691567561172,48.94794589267825,49.83771829360607,-28.844037408829735,-17.051049232914522,13.313791604647562,-15.793994383547542,0.0017208156302930112,0.046951389776644224
8.005,1.670313823054095,0.22248259661665745,0.14778676431033055,49.82634855383563,49.832078012539355,-5.821313354453196,-14.799315698242197,9.81768326337911,-14.481471413153901,0.09159968426463366,-0.13726309099481374
8.01,1.6714850351201551,0.22334074305644877,0.1518654704131964,49.000367197471064,49.689884046601165,-7.957783600397107,-12.465315325111362,6.600057133453532,-13.310514524412145,0.153516649070044,-0.26242260730291916
8.015,1.6726606309765857,0.22415972379025836,0.13675276405474351,48.17994374264461,49.434166086644666,-7.489898660849832,-10.42821136791423,3.621880655232573,-12.470438956424438,0.16627719512849612,-0.3035793820792122
8.02,1.6736708416216457,0.2244950363636013,0.12171399608795866,47.36500893375161,49.129371318488204,-7.023755093758496,-8.876406075336973,2.743517783161124,-11.980710085578352,0.15714612415859774,-0.2923341084597784
8.025,1.6748511646411481,0.224806549097715,0.12695014133114427,46.55548663553431,48.689815409301495,-6.5590040421983815,-7.258977691444301,-2.0599120063270817,-11.635548493066052,0.1380858546150134,-0.2537292104487645
8.03,1.6760319464136046,0.2248062287279973,0.11746226125784406,45.751294347342196,48.183037174311735,-6.095324600898891,-5.823940034181902,-4.172412331549879,-11.487145472119643,0.11472979412496184,-0.20768100363095293
8.035,1.6770439387943465,0.22475187705671476,0.11160107647505224,44.95234369118668,47.69481958015155,-5.632421521823829,-4.7051940285559795,-2.717468824086069,-11.496793498855927,0.10210793364826533,-0.17108409015840195
8.04,1.6782247519239566,0.2248079115333187,0.1212625241478913,44.15854087325903,47.07302267155781,-5.170023075550205,-3.5079279771107963,-8.116842326859896,-11.64075007417485,0.09198774868814406,-0.14168632516525104
8.045,1.6794049224663317,0.2246190551969574,0.11473584067141482,43.36978711873766,46.41320888856247,-4.707879059082927,-2.4148123220978164,-9.356538150395238,-11.896416802773446,0.08076327738057593,-0.11453527255316986
8.05,1.6804154868004817,0.22436321614852212,0.11114574934953439,42.58597907989207,45.81387149247087,-4.245758941294326,-1.537128058480448,-6.413637657002042,-12.195686037432104,0.0718604190312238,-0.09573764995269336
8.055,1.6815937346912464,0.22426584483194775,0.1233026422870925,41.80700921764638,45.08246337681441,-3.783450137403861,-0.5707133762824128,-11.879265090671552,-12.622245269929778,0.06477597662132067,-0.08121845527729254
8.06,1.6827649957366995,0.22237191640489398,0.11880626500455198,41.032766156897964,44.33135228000971,-3.320756404266831,1.4702456815399785,-11.602443825438584,-12.47958010017405,0.004987659588084498,0.04330143167762719
8.065,1.6837605673660874,0.22065914996647637,0.136053639097736,40.263135015996355,43.63057746293095,-2.8574963483847853,4.000817739063507,-7.789395771522734,-12.010521319821889,-0.05369981869732744,0.16625397518356363
8.07,1.6849141108710117,0.21927083418137908,0.16666635470150598,39.49799771087628,42.662100800042545,-2.393502039368684,7.684189560398096,-15.899912570701346,-11.288226335590599,-0.09691402693941172,0.2730393727416898
8.075,1.6860612505378827,0.21815442209675795,0.17953041119991364,38.737233234410134,41.57461390384404,-1.9286177213465407,11.920403386200348,-16.867766451300156,-10.468794848161892,-0.1214317700710805,0.350805557629343
8.08,1.687040455317487,0.21747370594054632,0.18976169869703083,37.98071791159754,40.54554290255916,-1.4626986155323323,15.906605707235315,-11.648658304647071,-9.754187625851944,-0.08267163767811532,0.3047515555246047
8.085,1.6881831028437952,0.21794616470191575,0.2096810591329788,37.228325631246186,39.25102996953441,-0.9956098075379032,20.370540898157998,-16.28372364668725,-9.196451933819251,-0.004020703553557914,0.18305968794648303
8.09,1.6893313672550654,0.21924199362636235,0.20162343227887194,36.236533769656454,37.89002425896632,23.87791790575193,24.36881980818916,-14.582462566582876,-9.006895750312914,0.07013932950077333,0.05088725477053141
8.095,1.6903213604892167,0.22030614929958206,0.1833875630533456,34.68359283971019,36.66257550902531,24.350854606365402,27.409650593326944,-8.351153958337676,-9.137606354842713,0.1249734033452833,-0.051658035456803066
8.1,1.69148287874987,0.2216101740247828,0.1818356890841312,33.139189578940545,35.17294707024115,24.826882904079355,30.525125680755195,-12.485424377952299,-9.58843118462542,0.16776368144633416,-0.1487991755751255
8.105,1.6926487905914442,0.22227717313654555,0.1623344477261458,31.603535788800478,33.64990212812335,25.307823807829493,33.21675883150701,-11.108725948374342,-10.290923882960406,0.17394187908728945,-0.18172563918830684
8.11,1.6936500023664316,0.22241506935005909,0.14993711374495208,30.07673778903478,32.306363451443126,25.795273519137197,35.2489842199698,-5.5684848258053705,-11.071753743832186,0.16196116945265399,-0.16840402659703563
8.115,1.6948192145085619,0.22263312138669983,0.1582885757201402,28.558802281271237,30.703976077326907,26.29062680936326,37.35182959253834,-9.803802467420198,-12.150365930884035,0.14278647273641698,-0.13965069448135614
8.12,1.6959874657725227,0.22236695774411352,0.15087977283334614,27.04964214232483,29.088548184353783,26.795098945080753,39.207205397633345,-8.899218324010121,-13.357241430019936,0.11920772464649154,-0.09743639770667717
8.125,1.6969869392512154,0.22181997055646652,0.1492500957888099,25.5490820164919,27.67986459952149,27.309746255323148,40.64864563169641,-4.024916916817148,-14.488258821900732,0.10308103771230277,-0.06523986403224756
8.13,1.6981514688904449,0.22169118317487396,0.16580910429483722,24.056863592529904,26.015253446647442,27.83548541915428,42.18974832274051,-8.132140372547752,-15.89648550588079,0.09567319114734936,-0.04668269900911275
8.135,1.6993141092751227,0.22133643764301547,0.1628921297223133,22.57265046596614,24.349731429119302,28.373111544701544,43.59914756260298,-7.449223124363499,-17.363799453267177,0.0850132851648554,-0.026508793022495206
8.14,1.7003086578853466,0.22074756228289033,0.16279905524837582,21.09603250028373,22.906468718382364,28.923315108658983,44.73585421649989,-3.0461051425999557,-18.67226732157752,0.07804898088436671,-0.015126141321432621
8.145,1.7014794465125882,0.22393149993205042,0.1802850420616954,19.62652961094787,21.209056503768537,29.486697827257416,44.56424449241763,-7.942916130074352,-20.8806763513592,0.13783710028967652,-0.13272209744402785
8.15,1.7026658294540764,0.22660484287582253,0.1378583783848534,18.163594903787022,19.60539262397485,30.063787535189704,43.18588188158924,-8.20361926221247,-23.55197346750446,0.20183756869957892,-0.26437536590901806
8.155,1.7036877885586503,0.22683141058153095,0.10006088992682552,16.706617103618186,18.317338601771127,30.65505215618066,41.74046321726732,-4.612201030906618,-25.900146666769494,0.23861391723634748,-0.3336797702032997
8.16,1.7048772082509251,0.2259621063705512,0.10553966068426658,15.254922209881578,16.902122380425812,31.260912858151357,40.15403945218017,-9.389408810293773,-28.527231007032285,0.25740982813928376,-0.36106405408123243
8.165,1.706058177692378,0.22417091855817736,0.10913586134674146,13.807774313071793,15.576553581866763,31.88175649645123,38.842603461707796,-9.956440250548113,-30.93899577721694,0.1879558033107531,-0.22282557130405484
8.17,1.7070622704126286,0.22244954485870436,0.12431872528410833,12.36437549846286,14.49376426648708,32.51794746074353,37.970075644273805,-6.793212516827197,-32.827686334435754,0.10556715054528626,-0.06749880881129844
8.175,1.7082255438010914,0.22110027905830307,0.1542811020638005,11.44182085715572,13.284937268184866,17.512798836535296,37.2340598386462,-10.92402594519713,-34.82651522413001,0.03816239131957241,0.04842554050942414
8.18,1.7093837634700022,0.22043437727955068,0.16582775501409425,10.741230394644738,12.135017910101938,18.04673728994294,36.76025105410548,-10.963860768680775,-36.616803482467176,-0.002562866273865125,0.10198266680381954
8.185,1.7103744630601276,0.220117571726976,0.16978378513427902,10.040189060505153,11.181925117306207,18.579120494763515,36.541603868325126,-7.651090338941316,-38.010580176004545,-0.015981622591693428,0.1050246703186046
8.19,1.7115288068039414,0.21980976249887288,0.18440971458348615,9.338703847892566,10.103359775787126,19.110097646740712,36.468919801555245,-11.075370009509697,-39.49423315586676,-0.012565677045144628,0.08321534177877339
8.195,1.7126810511702348,0.21939384805756437,0.1844964329015993,8.636777128029888,9.064323830410707,19.639815792381967,36.549437522495765,-10.856564410943264,-40.840617031011064,-0.005977096149531319,0.0591006737548985
8.2,1.7136671369989689,0.2191175082598237,0.18603963362429574,7.934406629960172,8.192951146910309,20.168419905744514,36.72822952016131,-7.65390473945078,-41.90699665317739,-0.0007214271909217018,0.04064978097087916
8.205,1.7148165627088863,0.21899789968344865,0.20059661955137462,7.231585417276605,7.196409831306325,20.696052979176187,37.04052334381362,-10.67451207769021,-43.064365497072174,0.008241223633325221,0.023655743560087608
8.21,1.715965709939054,0.21899391910274263,0.19890386879482388,6.5283018610813315,6.22700535662037,21.222856127258297,37.43423287584278,-10.328235585554665,-44.1370448656118,0.010408414085607413,0.0164647315565229
8.215,1.7169504616469644,0.21890757540753847,0.19587589472312938,5.824539608394698,5.406831336915395,21.748968703503493,37.83406967168051,-7.271468944394542,-45.00448780839621,0.01113419887159148,0.012096329870301074
8.22,1.7180990088973218,0.21886459030677174,0.20831619594101988,5.120277545199045,4.461479969832229,22.27452842929094,38.358612610774856,-10.030934018031957,-45.965063591712564,0.016306658189550793,0.007315053040156488
8.225,1.7192523813192144,0.22018470665585102,0.20579983324450574,4.415489753260367,3.5353641997912266,22.79967153467811,37.68985194195071,-10.785488624258818,-47.57408226329129,0.06983485388612591,-0.10527975874637274
8.23,1.7202395360133758,0.2192428767452579,0.18682781736839651,3.7101454598246733,2.7469551350005443,23.32453291083158,38.31594691447094,-7.862635509223068,-48.26249418351016,0.041385356086094824,-0.04887130075250763
8.235,1.7213852929968305,0.2178448658832376,0.20911669309193448,3.0042089792313185,1.9533189603727015,23.849246273924535,40.17560393801983,-6.7685283742322895,-48.25272776315978,-0.046921541635350394,0.11385804542126188
8.24,1.7225291773654436,0.21797893386009007,0.2227815348885753,2.297639645424507,1.2765525357613534,24.37394434035832,41.52179375440829,-3.2427133935087653,-48.37966018728119,-0.08592186995659488,0.1760281939429393
8.245,1.723515786489602,0.21978394758245476,0.2185942941691046,1.590391734273247,0.7765592850726184,24.89875901350058,41.371817498444756,0.8013194676880886,-49.11961322432437,-0.10429798040326362,0.19562551523819227
8.25,1.7246803430439603,0.22260739279507266,0.20862840804331897,0.8824143745286221,0.40072206919156445,25.423821581939762,39.96808863738133,2.7239494236300175,-50.41206402123161,-0.035527532026101614,0.01966992155510933
8.255,1.7258557188450903,0.22424198337369458,0.17099080424852053,0.17365144615383699,0.2078261504811954,16.806596519956372,37.57378721652134,5.931186733538823,-52.04383954178577,0.09554612726519672,-0.2583513609157068
8.26,1.7268669740762175,0.22463478751939842,0.1463798733842599,0.17365144613821215,0.1757119147016016,44.826348553861806,35.13726440298339,9.114025867499748,-53.50273642571952,0.14510250006614153,-0.3647099706512296
8.265,1.7280476113404655,0.22467175786295407,0.15084778524535422,0.17365144613821215,0.270689380598842,44.826348553861806,32.28474957064242,11.239841681165117,-55.04885579509872,0.1027335556149868,-0.2806345488727761
8.27,1.7292260430665827,0.22407445232392773,0.1445608072984584,0.17365144613821215,0.47883044758549587,29.02806265174229,29.634567061719224,13.468649292995465,-56.334948209377096,0.031044896647214208,-0.09403940082143675
8.275,1.730234039281001,0.22376505932704369,0.145927442193863,0.9275312779100418,0.7427813497560103,11.114136723160783,27.547431725049876,14.05772084348969,-57.21812260693929,-0.0398994457321247,0.07389628106752377
8.28,1.731409989982409,0.22400065882546166,0.1589406377255197,1.6805264391378927,1.1354055863930284,10.4705000288902,25.334740984814005,17.91499929737283,-58.005235088912436,-0.09687191444920519,0.20760486920220114
8.285,1.7325877585615723,0.22441501011219017,0.15073113575993344,2.432703863935995,1.5970633270747265,9.828722737807254,23.355270437737175,19.48187891521914,-58.56140110984071,-0.11527263769235331,0.25871028749964214
8.29,1.7335986757190955,0.22459655359174843,0.1402591759457856,3.184123784250769,2.048126017757122,9.188996695219458,21.807432887763667,17.902621751736504,-58.87451107850382,-0.11324994039139959,0.2528967987437379
8.295,1.7347789772016393,0.2247572363579885,0.14724133133262474,3.934839865480644,2.6288023286210698,8.55150760185839,20.151451729037802,22.640098755327145,-59.07594984777561,-0.09910518399992056,0.2204921403656694
8.3,1.7359593717682749,0.22472426867858464,0.13952911124127235,4.684899324179142,3.250575773917111,7.916435651609817,18.643250592053505,23.571983893968735,-59.132112298760056,-0.07857791310141717,0.17946223327463784
8.305,1.7369709671301485,0.2246854183264811,0.13408601037379864,5.43434302973926,3.81972347268348,7.28395608251293,17.437169277539,20.584411531089927,-59.078051148437176,-0.06465749748391773,0.15127213172924026
8.31,1.7381513801263477,0.22476664328275606,0.14360017959727028,6.183205591827413,4.519004435580398,6.654239650766556,16.115948464479402,25.619712838535378,-58.913945093454196,-0.05461901608032516,0.1317929156528624
8.315,1.7393316048786125,0.22468239734321904,0.13681254784669936,6.931515435205771,5.241631402622599,6.027453037075816,14.883479643757966,26.05043383930689,-58.66293651284273,-0.04440304573135655,0.11424691469745589
8.32,1.7403416325252186,0.2242186890032513,0.13198745694589498,7.679294863473032,5.88509604072521,5.403759192651961,12.921140205692069,21.34656635638521,-58.947754876691974,0.006018971343774382,0.008386702567009047
8.325,1.7415171778566632,0.22355032479443726,0.1466362285932523,8.426560113157645,6.699052141194497,4.783317631910563,9.78190422467361,26.15934062840057,-59.68831715484924,0.07435892054159099,-0.13055180304271566
8.33,1.7426892201108035,0.22289212702559255,0.14909309345548402,9.173321399516071,7.65335024826664,4.1662846777222455,5.985342822219991,28.680189742402078,-60.60961866741568,0.12480692768711436,-0.22515922659937046
8.335,1.7436910385990732,0.22241210765131797,0.15173937240191004,9.919582955316173,8.584806805531324,3.5528136646415476,2.220877681495949,24.832301001803046,-61.523102305114946,0.15894722734835978,-0.2814530296918594
8.34,1.7448571708072094,0.22191604124303552,0.16730400957798935,10.665343063825077,9.784199562702256,2.9430551046428093,-2.6440620780417703,29.986491191847577,-62.67362118246677,0.15256455871430197,-0.2285601069174398
8.345,1.7460214908097456,0.22165693294092995,0.16856488978176865,11.410594087164998,11.069823749771658,2.3371568197604233,-7.4260350487594735,28.526264115048946,-63.61450773097643,0.11134193279888892,-0.09188651210587952
8.35,1.7470200525271165,0.22202849331013003,0.16719897919083015,12.392103071605765,12.24885253826506,-22.780045524995927,-11.254073532270127,22.18971204656998,-64.13052988746715,0.07371892865839424,0.02632012860096953
8.355,1.7481890759952066,0.2230043246117708,0.17303628577691635,13.928215359175669,13.700926558028366,-23.523894348685616,-15.300833291624997,26.101798675083614,-64.36586665412716,0.028196019039357863,0.1524231977811662
8.36,1.749362789349886,0.22385313578338253,0.15673263978406476,15.468649995961828,15.20591745920549,-24.289896357877296,-18.8744749855762,24.31124792121362,-64.2484568676326,-0.019745795879980124,0.2586262442014821
8.365,1.7503719855612896,0.2243923988357277,0.14150910252317817,17.014359743616367,16.550709827366177,-25.0748653758952,-21.617467294028586,18.354806630347312,-63.890237211637796,-0.04382051598658638,0.30168007004152303
8.37,1.7515525791043045,0.22499742062719,0.14443626318179284,18.56621793268244,18.174096087580175,-25.875878380931567,-24.491370598350528,22.28054110813943,-63.21808355983663,-0.052454639142049835,0.3040060408669578
8.375,1.7527341770306775,0.2249880664450421,0.13147285642027243,20.12501836551752,19.829881135745666,-26.690235015803296,-27.05136179271824,21.01177980978737,-62.33325988336834,-0.03978473934495493,0.26495804766811293
8.38,1.7537462837345736,0.22475597604689032,0.12564592449622886,21.691473917432322,21.290328033943815,-27.51542433750754,-29.0533493516333,15.824034218410588,-61.41856787196541,-0.023221902246381706,0.2256247123675809
8.385,1.7549264162403502,0.22468647905910127,0.137387496294843,23.26621394647615,23.035225564412567,-28.349097637444316,-31.20066476752544,19.71771364474695,-60.19972620979418,-0.008709101119746807,0.19374346203338272
8.39,1.756105069250054,0.22437563146783218,0.13239709386174406,24.849780612314767,24.79955557048527,-29.18904638737922,-33.16381133669563,18.77733966081172,-58.86186924084562,0.005734868923198481,0.16298486806245566
8.395,1.7571138832518027,0.22401123943916615,0.13037546607918826,26.442624201950117,26.344658245091114,-30.03318454114165,-34.740388045055965,14.181253534827334,-57.619279955149565,0.01461547850196059,0.14635269278787885
8.4,1.758299694569581,0.22665136186888657,0.14396332138204931,28.045097563833664,28.17973291927422,-30.87953455766302,-34.989995006799234,19.00822006465063,-55.333520224396864,-0.034767270713794755,0.26897652024642127
8.405,1.7594982464406212,0.22879038797591714,0.10660692338048443,29.657449761601953,29.92322729238242,-31.726216615760762,-33.931560569540494,19.169268902288934,-52.483452167103515,-0.09279889680697012,0.4076285329459438
8.41,1.76052973688195,0.22899850457493204,0.07401970133604846,31.279819073625262,31.32941743745023,-32.571440570885784,-32.67297085653402,15.495487743826203,-49.94357163101195,-0.12357181547489456,0.4845058126155153
8.415,1.761730268610929,0.2281385008408177,0.07887479320643702,32.91222548417168,32.881208055607885,-33.41350026444604,-31.264587224083982,20.228384070235208,-47.09597209440946,-0.13264406780668936,0.5162561719136891
8.42,1.7629229754102718,0.22651590742350272,0.08138153862365188,34.55456283547605,34.34164847812097,-34.250769840576424,-30.117965824245744,20.741725147643763,-44.48659427669847,-0.06654904052774023,0.3627050050735645
8.425,1.7639385015353888,0.22513034692469924,0.09354649750924252,36.206590836385814,35.540979930755455,-35.0817017576087,-29.38931738353557,17.511351283145657,-42.44826198120987,0.0056847140701854915,0.18687675491236036
8.43,1.7651163325069419,0.22387016830603212,0.11855128473984253,37.26178574104017,36.886870014798106,-19.1605323941248,-28.829279064756378,21.62526285750252,-40.29692691837575,0.05717681272087281,0.041879546003767705
8.435,1.7662887651146075,0.22315969434479596,0.1277662936043758,38.06243226325678,38.17441474156147,-19.8431348035636,-28.539120500395114,21.636480116354676,-38.37414908358553,0.0757914780089477,-0.03526000172982213
8.44,1.7672919994701402,0.22288162643603796,0.13099291139239552,38.86775933139807,39.24801574395113,-20.52773429908038,-28.48724624951575,18.272134318080646,-36.87907125961069,0.07127252510686245,-0.05541962757128533
8.445,1.7684608246944646,0.22262780844967298,0.1440577198414043,39.67791832252885,40.4702587508218,-21.214195390559553,-28.618738769768186,21.682804349715695,-35.28816020360669,0.056108758301048764,-0.043023699102355976
8.45,1.7696281311124433,0.22219248985208834,0.1422322345756286,40.49305744543264,41.655224020405235,-21.902377428384256,-28.909431960500058,21.421197688473626,-33.843169527405806,0.04111360256926845,-0.0237410858512739
8.455,1.7706263173296901,0.22176735679513948,0.1426751552174958,41.31332141865374,42.6554541510635,-22.592134454664006,-29.275681847445014,18.16918020703379,-32.69678828458343,0.03257778123052782,-0.007852817321118978
8.46,1.7717896998438447,0.22168055589569172,0.15791469560603963,42.13885111426325,43.806865435279015,-23.28331509179148,-29.813484118780423,21.171705617322402,-31.449151288299205,0.02153205729730619,0.009391862144174359
8.465,1.7729521492660527,0.22139089972503884,0.15460513643510174,42.96978316635363,44.934359853712834,-23.975762469877395,-30.435588512453734,20.793024625673468,-30.288306983099716,0.016092510790881177,0.020019350749990013
8.47,1.773947294753296,0.22120381125622415,0.1537634539632259,43.80624954333553,45.89479012302222,-24.669314194543347,-31.036195571213,17.674646815948662,-29.345225487263647,0.01385733810958362,0.02599963615944274
8.475,1.7751106919622357,0.22184462365801694,0.1664717823816265,44.64837708320703,47.00933746042942,-25.36380235666269,-30.35122038606147,21.797595014279878,-27.44650915964366,-0.04947347866958693,0.164705388648556
8.48,1.776276161841839,0.22215907212199001,0.15460419470804806,45.496286991094664,48.10845910506098,-26.059053585553244,-28.53765960834994,23.953701005249783,-24.904147091581237,-0.1250024425843881,0.34274745314407196
8.485,1.777277598814453,0.22238679297278852,0.14639183739070477,46.350094298527,48.799531281233705,-26.754889147201084,-26.166910279715324,18.666978060339233,-22.575357007892976,-0.17404475878428396,0.4380701988367393
8.49,1.7784461918469272,0.22235004295160538,0.15366709920076035,47.209907284102556,49.356127867584256,-27.45112508882383,-22.934811681837232,19.06008089729943,-19.91375051541501,-0.19185374255921162,0.4761087702112501
8.495,1.7796134752962638,0.22219651181665956,0.1493093739856331,48.07582685545355,49.69261133856777,-28.147572431058848,-19.77964304737762,16.397007612318475,-17.595946364942836,-0.11239528874395356,0.304454604211044
8.5,1.7806139565086614,0.2223344729948457,0.14644049990110092,48.94794589269159,49.822540230115806,-28.84403740883792,-17.271169510752713,12.299935345063531,-15.94359214118195,-0.01107529813631941,0.07434076570788635
8.505,1.7817837241150896,0.2229793567271398,0.15485563351215567,49.826348553849286,49.817094651680115,-5.8213133495283955,-14.639352202911766,9.970538809878079,-14.407847624196824,0.09008142583316542,-0.13353742926186155
8.51,1.7829567448158337,0.22363434101740445,0.14237829793340412,49.00036719745819,49.67746324197181,-7.957783600389632,-12.337505546716272,6.82774116669718,-13.252799480818961,0.1513478693109466,-0.2574533318097878
8.515,1.783965250622402,0.22424469480206385,0.12949525687425442,48.179943742631835,49.45771598929726,-7.4898986608450855,-10.589066540355532,5.026284866741108,-12.532059734345896,0.16466941034383897,-0.29758159416492475
8.52,1.7851450573612762,0.22479071819310076,0.13164728422732733,47.3650089337389,49.10291589125635,-7.023755093748662,-8.777210600883734,0.6342779249862076,-11.958737125646877,0.156535539011904,-0.2895444596057915
8.525,1.7863259819789161,0.22485321815992737,0.1194470947800218,46.5554866355217,48.66758349318771,-6.559004042195141,-7.181978998671809,-1.811973843588376,-11.620961633929037,0.13679149006337976,-0.24623781311282159
8.53,1.7873381210551547,0.22476383104732361,0.11283454389428774,45.75129434732966,48.23146789955288,-6.095324600895651,-5.949287398174533,-1.0716781121189456,-11.494469720208691,0.11750340420798645,-0.20895089997182256
8.535,1.7885191637810038,0.22486409457817672,0.12289506981426078,44.952343691174235,47.66134431504194,-5.63242152181769,-4.642141607939266,-6.3596220172616285,-11.505255092722921,0.10506276841037697,-0.17285946243367276
8.54,1.7896996409401156,0.22466215761857455,0.11582800227152265,44.15854087324668,47.04479864331341,-5.170023075549551,-3.4598961799304675,-7.88002309795209,-11.650910500697538,0.09264984669899314,-0.13873680529556795
8.545,1.7907103269196032,0.22436686550472143,0.11236469548278086,43.369787118725384,46.476785625106,-4.707879059077868,-2.5194636280712643,-5.362452701399576,-11.871275483177449,0.08367179772824951,-0.11754196878086685
8.55,1.7918884311575953,0.2242091514647565,0.12497482735087807,42.58597907987986,45.77618866096524,-4.245758941279007,-1.4929728781560527,-10.859464444825193,-12.220749352349618,0.07813215461359851,-0.10381148167920218
8.555,1.7930650254239104,0.2238817570331918,0.12120075066995087,41.80700921763422,45.05061708128392,-3.783450137398006,-0.5374683906051132,-11.678729022911938,-12.645823254810693,0.06887610613444296,-0.0841853371980635
8.56,1.794067449262,0.22215991235482907,0.11955529489615097,41.032766156885884,44.403926453484175,-3.3207564042531033,1.2302117183624546,-7.324818337064698,-12.516768970520632,0.01457395076053438,0.02529058839023379
8.565,1.7952266005876716,0.22003791394749528,0.14967040579419813,40.26313501598436,43.58495384813369,-2.8574963483716544,4.183043199842928,-12.690461367684534,-11.970951441440748,-0.05439542139840512,0.1723465237551259
8.57,1.7963770732698852,0.21865129027449262,0.1706679601401932,39.49799771086435,42.62342130328125,-2.3935020393697073,7.828992964653111,-15.624688831359293,-11.261356183484107,-0.09915948078926323,0.2791346509721795
8.575,1.797357802986809,0.21767760937977718,0.18378296396345895,38.737233234398275,41.68600640970009,-1.928617721338469,11.487603463522987,-11.900475822242583,-10.549750960065609,-0.12128552821458126,0.34654676077979335
8.58,1.7984973038266443,0.2169071300799533,0.2070130902526293,37.98071791158576,40.48232484762614,-1.4626986155201394,16.15590082290808,-17.30388778506311,-9.709691538684705,-0.0817149151607591,0.3069253948223214
8.585,1.7996373382914184,0.21746184349099978,0.21384995274506927,37.228325631234455,39.197351506628294,-0.9956098075289219,20.577192404202492,-15.914936289971934,-9.164193190624875,0.0017475639359006033,0.1724313533066285
8.59,1.8006192414181916,0.21861492818804704,0.20505548323808204,36.23653376963213,38.02472928306675,23.87791790575369,24.026380932278073,-9.612720578607423,-8.998237348385047,0.06859283327513108,0.058806059943980124
8.595,1.8017729443464767,0.2203472564432456,0.20317135141939638,34.68359283968598,36.58881364414414,24.350854606374014,27.595327189322973,-13.700943321532321,-9.14492570124425,0.13191465218492854,-0.062333428764369155
8.6,1.8029336998343928,0.22147822695959743,0.17932257286350795,33.13918957891647,35.11013493606201,24.826882904086432,30.683064966828056,-12.124511051972874,-9.596017290614405,0.17187155563090176,-0.15795485268838405
8.605,1.8039322878418376,0.22198294748439082,0.1619237255570064,31.603535788776536,33.79818924122822,25.307823807837167,33.005215515524924,-6.322249864168427,-10.199528026974871,0.17830300176198263,-0.18398183437970547
8.61,1.8051007542828743,0.22267149405114925,0.16619274992879768,30.07673778901099,32.22626733133497,25.795273519147713,35.39064150935803,-10.517137764394121,-11.10956137375966,0.1662942322489034,-0.17625701838244384
8.615,1.8062700086581045,0.22263452087887833,0.1533167022042699,28.5588022812476,30.635737640762933,26.29062680936846,37.47506641527852,-9.476817896538677,-12.181828850779546,0.14022214231446253,-0.13464974071921929
8.62,1.8072714071114588,0.22230668356926744,0.14890327081486518,27.04964214230131,29.244359831340454,26.79509894509215,39.076234841623204,-4.3943587416200955,-13.219961726701985,0.11980544032646015,-0.0984527840723491
8.625,1.808439331126216,0.22235395876297534,0.16271529399002838,25.549082016468503,27.596209993385553,27.309746255331902,40.76770978330558,-8.545891269625457,-14.541031814889212,0.10667605226920061,-0.07182225583663636
8.63,1.8096057852117944,0.22205324615778124,0.1574284396104418,24.056863592506648,25.94382942148678,27.835485419162467,42.29540532350032,-7.797762803663986,-15.939839544046137,0.09143485208673191,-0.043908963130667944
8.635,1.8106041461447986,0.2216365297458739,0.15636356949949512,22.57265046594297,24.50950051429155,28.373111544711662,43.512159360982054,-3.227461543936897,-17.20210065419157,0.08417378397162491,-0.02872622211699856
8.64,1.811767544392971,0.2214800558079602,0.17148872021254666,21.096032500260716,22.820637716472405,28.92331510866839,44.84554589023463,-7.1758327171762915,-18.731703502829514,0.08229397833982316,-0.02397461602974202
8.645,1.8129414217952589,0.22452426438832435,0.16899712823359214,19.62652961092497,21.135855542988246,29.486697827266113,44.6627867556964,-7.608335326261653,-20.92877012364501,0.13449053380604703,-0.12973837494687843
8.65,1.8139603748928013,0.22689600019653539,0.12794124844671753,18.163594903764185,19.75523746364634,30.063787535198628,43.453738631545946,-3.9338473374532867,-23.23514709717662,0.19411516725978537,-0.2510156193666685
8.655,1.8151565735502677,0.22778759615558145,0.10845797213890732,16.706617103595452,18.246966295869022,30.655052156189612,41.74680362777781,-8.550708279621176,-25.988178078316487,0.24071874899120255,-0.3413449197760317
8.66,1.8163497814230218,0.22667950529560768,0.09074808207197657,15.254922209858933,16.842062370822525,31.260912858161305,40.16483583893279,-9.147803889671039,-28.600433784354163,0.25249390876404604,-0.35646541019422623
8.665,1.8173656569031036,0.22504850974128335,0.09681829620834657,13.807774313049197,15.700744375631128,31.881756496460582,39.02707301799745,-5.994344975860713,-30.679904670402262,0.18961146217505148,-0.23499439133879324
8.67,1.818542142005373,0.22340136551660522,0.12467858658398222,12.364375498440316,14.433018116767206,32.517947460752225,37.994132907293675,-10.416496913193114,-32.89564328470416,0.10405530994556135,-0.06663217649619561
8.675,1.8197101968555967,0.22200051884153696,0.1385630166460359,11.44182085714478,13.233036434779347,17.51279883654442,37.25915560455479,-10.663259506993569,-34.88225366812502,0.03316644395999384,0.05812936705975362
8.68,1.8207069727934202,0.22133413643766597,0.15029453575509552,10.7412303946338,12.242919929212457,18.04673728995209,36.84787074869308,-7.381308987150092,-36.42511896356865,-0.0038980896873099073,0.1035785917406004
8.685,1.8218678986105639,0.2211554795348923,0.1684955551085735,10.040189060494187,11.127236075022704,18.579120494772695,36.58567083475316,-10.967001035397445,-38.059637521999065,-0.014969184384054339,0.10409570816707527
8.69,1.8230276543180102,0.22081999086511528,0.16648290321311243,9.338703847881611,10.056603225562723,19.110097646749153,36.510692908073906,-10.803212502434647,-39.53377673078478,-0.013974719499777256,0.08563779344770497
8.695,1.824019641012222,0.22034390167495682,0.16641779657291794,8.636777128018906,9.161912968321541,19.639815792385065,36.579284454039794,-7.58145886663965,-40.69342817485659,-0.009026701672303886,0.06514072966840295
8.7,1.8251750146772103,0.2200432355690879,0.18280337901968777,7.934406629949223,8.142019682447147,20.16841990575108,36.78564329942907,-10.728166994507745,-41.943080236127365,0.0002580780654467833,0.04036259824669024
8.705,1.8263289831630511,0.2198112496534762,0.18271525517273013,7.231585417265627,7.152782961711279,20.69605297918335,37.09365451672437,-10.425173825940405,-43.0928634498344,0.005506306121333824,0.027187891332756373
8.71,1.827317461413178,0.2197587031331805,0.18194338908915547,6.528301861070339,6.3180454633088425,21.22285612726361,37.433285091557224,-7.313663723508171,-44.01619200306976,0.007981349732447619,0.020098439757711823
8.715,1.8284707652916874,0.21977767569298814,0.1936575545066392,5.824539608383695,5.358163192448626,21.748968703512844,37.90025316537697,-10.140736484310239,-45.03195014324428,0.01178763752070678,0.010918482554701982
8.72,1.8296236764907252,0.2196530026831202,0.1899930351187618,5.120277545188031,4.419778183322182,22.274528429297646,38.41941139362751,-9.788083183643408,-45.98607319868295,0.014785159932556526,0.008384936775228528
8.725,1.8306153260838445,0.2207250087919419,0.1880524219596649,4.415489753249325,3.6223231254348027,22.799671534686183,37.83259564916855,-7.82914989444221,-47.37735488510196,0.06578830912228893,-0.0939515075467348
8.73,1.831770605742754,0.21984884519246195,0.18626213600679514,3.7101454598136456,2.699647938238081,23.324532910844454,38.53077730426082,-10.434352145479494,-48.20265558523977,0.039077727787551204,-0.04005846375605722
8.735,1.8329203284806266,0.21856999515726538,0.1929501540208444,3.004208979220273,1.9127883364447344,23.849246273931357,40.35500868004189,-6.412302854146418,-48.20437098173636,-0.048732521099075145,0.11691799420554137
8.74,1.8339038589400436,0.21859896194085146,0.20486388495439306,2.297639645413451,1.331237573832952,24.37394434036912,41.50242322219327,-0.8441980675516021,-48.318929875497375,-0.0825824662028672,0.17005095659505845
8.745,1.8350587067985185,0.22076099388019288,0.2160558490588321,1.5903917342621803,0.7459059159239531,24.89875901351064,41.341067304390634,-1.4033687718575578,-49.17719923772212,-0.09685362793538305,0.18003280827706727
8.75,1.836226833116456,0.2232432395779089,0.1870527723346862,0.8824143745175554,0.37449062606934147,25.423821581951415,39.9505819105147,2.844422355836926,-50.456514534050726,-0.030596388781849046,0.005292372591536948
8.755,1.8372365234525105,0.22457827586113394,0.1531128216874502,0.17365144614275607,0.21044160517406185,16.806596518324625,37.87718339979955,7.213683068278897,-51.86492279455593,0.08313362062587513,-0.23268076767014184
8.76,1.8384193197409342,0.22526305852137363,0.1466381073567017,0.17365144613821215,0.17282437228497544,44.826348553861806,35.022296524319245,8.797021987856198,-53.57369042854647,0.14458765285744402,-0.368579055438783
8.765,1.839601995589629,0.22499038830470997,0.13254243063330812,0.17365144613821215,0.2681216534344244,44.826348553861806,32.19470433850353,11.154527067459384,-55.105241409136156,0.09553792502509673,-0.26596546784933167
8.77,1.8406134451657739,0.22437749918397007,0.12971702252638315,0.17365144613821215,0.4487157568536698,29.028062649087076,29.906145933779726,12.5424393431218,-56.214567989518955,0.03590091738992326,-0.11062333592598411
8.775,1.8417909992523727,0.22404642812231437,0.14599474597030038,0.9275312779218226,0.75755202868394,11.114136723152228,27.45597658063582,15.921338844978806,-57.25258738527807,-0.0419475067675844,0.07674564543952772
8.78,1.8429678674514434,0.2241362014156079,0.1443078712173484,1.6805264391496486,1.1478677447759749,10.470500028882697,25.26181665474519,17.741083534277237,-58.031821152106694,-0.09794684248589818,0.21243364860235991
8.785,1.843977702771098,0.22440888136068776,0.13773236213017273,2.4327038639477507,1.5462920425057671,9.828722737790457,23.552703373141696,16.786960411609357,-58.51230831664112,-0.11643143917471581,0.2584523493687933
8.79,1.8451576368064366,0.22475946224586174,0.1437381707824901,3.1841237842625247,2.0740849688527034,9.18899669521187,21.73576159707295,21.29592859875919,-58.88216323517448,-0.11544263747031873,0.25400592161621016
8.795,1.846338278418711,0.22478465307438034,0.1338251576559654,3.934839865492375,2.6508321616254644,8.551507601844918,20.09366996934753,22.424684588516413,-59.080557772940196,-0.09792896995342569,0.2184083053264931
8.8,1.8473501433629336,0.2247470215216234,0.12767632330997836,4.6848993241908445,3.1868333006186376,7.916435651609646,18.791299630571075,19.831613831325228,-59.13035928524147,-0.0804028673525722,0.1835605828240034
8.805,1.8485309734614461,0.2248700968293938,0.13715238228996185,5.434343029750966,3.8528152970246023,7.283956082501049,17.376001456915702,24.80481176642371,-59.06954460521725,-0.06524243525441731,0.15220302963172896
8.81,1.8497119606673416,0.22485005198450317,0.12983580198176684,6.183205591839105,4.547139736062619,6.65423965075729,16.065949872718363,25.370507092332502,-58.90541502252471,-0.05243916932488946,0.12756021665574832
8.815,1.8507240086903625,0.2247772381534575,0.12418845779769529,6.931515435217477,5.169788704246661,6.027453037065499,15.001527464784772,21.787535965357364,-58.69066577831579,-0.04427668768906522,0.11179262994808747
8.82,1.8519032532054054,0.22438194152947857,0.13406211282034056,7.679294863484721,5.922744548666431,5.4037591926463335,12.722130960354832,25.809783890087132,-59.013961985147176,0.010697382239887164,-0.004036991355961701
8.825,1.8530793140727366,0.22360990793858948,0.13298143489153894,8.426560113169337,6.731107507368123,4.783317631896097,9.620305108237261,25.789114190356116,-59.739542003484765,0.07720568198849752,-0.13832372334400186
8.83,1.8540844481512164,0.22305802232781496,0.13661198142177117,9.173321399527751,7.554087995647206,4.166284677713463,6.344122174448387,23.862112203559192,-60.535706440822786,0.12025433812031203,-0.2204194655838919
8.835,1.8552543198736398,0.22261248307896858,0.15272933048255335,9.919582955327815,8.643398825392504,3.5528136646296673,1.9467582593327393,30.18773682907731,-61.60125726634578,0.15978897070461712,-0.2836075890250104
8.84,1.8564210246189128,0.22195449308838958,0.1530661861312409,10.665343063836731,9.834156864610737,2.9430551046333733,-2.866348928624376,29.5196098608307,-62.7316459988759,0.14747735255268557,-0.2190257984594272
8.845,1.8574191735116923,0.22172016297513059,0.15618078988736087,11.410594087176639,10.942062266216915,2.337156819752181,-6.994338322369771,23.486073207318242,-63.5473171558058,0.11390515684150586,-0.10378318914084758
8.85,1.8585850908998944,0.2223212689655756,0.16917977967612724,12.392103071629759,12.321270344149912,-22.780045525005647,-11.487171870287,27.54456478690085,-64.16004947652598,0.07252106691850109,0.029140065460031242
8.855,1.8597550467366128,0.2231224866245354,0.15755685958905583,13.928215359199726,13.762740940362196,-23.523894348698974,-15.499961999274547,25.657566770549508,-64.38931271962286,0.02706159356794306,0.15210287408155068
8.86,1.8607612376064364,0.2237854877080229,0.1432244351211162,15.468649995985949,15.05930895138639,-24.289896357891905,-18.585486393357257,19.467753585478306,-64.29190165301529,-0.011390122094751143,0.24387844187209146
8.865,1.8619394972373964,0.2246849225252644,0.1449615076608569,17.01435974364054,16.632607433427403,-25.074865375906114,-21.80673088830585,23.355222592348355,-63.87936845475793,-0.042304338556966754,0.2989278723610977
8.87,1.8631205708677934,0.22502136363392636,0.12874165475941984,18.566217932706753,18.24408542545133,-25.875878380944613,-24.6571470126963,21.905960863116974,-63.210021015810604,-0.046579259332310524,0.2906677194653486
8.875,1.864133480164119,0.22499676317490513,0.11889441312053269,20.12501836554192,19.67031759989725,-26.690235015816825,-26.86781528919596,16.47111915892522,-62.45061701702725,-0.034832974971447404,0.2612332879420788
8.88,1.8653154745696328,0.22507389237217929,0.12812511458269796,21.69147391745686,21.379091865919673,-27.51542433752411,-29.218167278387938,20.399788034141096,-61.38436458627152,-0.02058671800632161,0.22639617719985056
8.885,1.8664962423437137,0.22475056225615342,0.121246168656428,23.26621394650083,23.110976436368666,-28.34909763745486,-31.347769160279142,19.37557741126909,-60.17350165898627,-0.0018952986712726272,0.1858408355894704
8.89,1.8675068558345445,0.22442058067714363,0.11918481314694547,24.84978061233958,24.630663788580062,-29.18904638739275,-33.04326118495101,14.592042631160751,-59.02336004994465,0.010643038222306882,0.1625247833266641
8.895,1.8686849491429973,0.2243094593205147,0.1322092866248197,26.44262420197509,26.43857012599705,-30.0331845411541,-34.893428279646656,18.33830326433197,-57.57210761283467,0.016727101597308638,0.15045707773126532
8.9,1.8698712434324098,0.22666258706419734,0.12788824397322526,28.045097563858803,28.259960002674518,-30.87953455767922,-35.12821897746923,18.70291173872579,-55.29752629917751,-0.028039300815588714,0.2633880471714268
8.905,1.8708980873892305,0.22855706583191684,0.09386430538132444,29.657449761627234,29.761049945783437,-31.72621661577267,-34.197116119893735,14.958462195964728,-52.83657138307126,-0.08280743517720428,0.39079182991775663
8.91,1.8721018054047498,0.2291838508041078,0.07929759808135615,31.27981907365072,31.40763823624109,-32.571440570899824,-32.71126980126104,19.502671406588433,-49.85903047862088,-0.12393651903450026,0.49302318919204274
8.915,1.8733021490000745,0.22804702293578352,0.0640386778395777,32.912225484197265,32.94817560448101,-33.41350026445596,-31.306423637629052,20.04634118329517,-47.02826559993147,-0.12806069954820506,0.5148361322352019
8.92,1.8743243813541455,0.2265912217053301,0.06981746846342234,34.55456283550181,34.20582485300674,-34.25076984058927,-30.311124439946553,16.834939936185606,-44.77808666355722,-0.07284216324649886,0.38146876507996336
8.925,1.875509175599309,0.22505790420086957,0.09505679730448856,36.20659083641173,35.60965382567544,-35.08170175762251,-29.446726912264012,21.234365705229692,-42.386959728466806,0.004431746725036073,0.19631933924866182
8.93,1.8766867035362784,0.22382590557387924,0.10686975873351665,37.26178574105265,36.94573830689024,-19.16053239413594,-28.88610016665615,21.43322377278939,-40.248857311952015,0.057914288789000644,0.04263535758635645
8.935,1.8776914503267776,0.22309616138565172,0.11578009854620874,38.062432263269315,38.054409324282126,-19.84313480357804,-28.63343606876117,18.108747321850927,-38.591900812578075,0.07209882152875742,-0.02541249381531265
8.94,1.878861415643152,0.2227970295746963,0.13402322327772495,38.86775933141069,39.31105324878246,-20.52773429908916,-28.566507268287978,21.70255533927049,-36.83865256461195,0.06552368248068294,-0.04505386570764504
8.945,1.8800296136901526,0.22246856054618414,0.1326300724703336,39.677918322541565,40.524361457366886,-21.214195390567824,-28.693831843794754,21.49371397051877,-35.25783129573552,0.05156471459306897,-0.04013830829140583
8.95,1.8810292021727875,0.222006367732564,0.1317378005001726,40.49305744544543,41.54473804268489,-21.90237742839139,-28.943978926478877,18.205423529141285,-34.01347620930372,0.03921341885931047,-0.023382519915131447
8.955,1.882192572878555,0.22153857693664827,0.14728948381994664,41.313321418666575,42.71542486763792,-22.592134454674976,-29.36993968646675,21.357748582444515,-32.67018620676997,0.028323108921520686,-0.0023085709875219833
8.96,1.8833544768051549,0.22133341576473747,0.14846140733121913,42.1388511142762,43.858352873763664,-23.283315091803217,-29.901447295246896,20.994618816594794,-31.4307117802011,0.0186683757716185,0.008271645836428096
8.965,1.8843490542292252,0.2209764008799458,0.14667417638676358,42.969783166366696,44.82927728358781,-23.975762469891777,-30.438389772170495,17.83536355374585,-30.431718724618865,0.01566792636420811,0.016065253298847004
8.97,1.8855076112370395,0.22071729232018247,0.16143094262890736,43.80624954334864,45.953291241675664,-24.669314194557813,-31.140634053876823,20.666673579289863,-29.327557587064423,0.01372145100378778,0.025613168435799943
8.975,1.8866681245009729,0.22123840106984308,0.16057333120249398,44.648377083220225,47.0594916445037,-25.363802356671698,-30.44792281299712,21.638685251734444,-27.43597678172793,-0.04721135390076356,0.1582935307163828
8.98,1.8876641689066016,0.22145195489666808,0.15036782242755095,45.496286991107965,48.00603449486692,-26.059053585561173,-28.864942139299046,20.87722230668267,-25.23465182417085,-0.11411274036547768,0.3205901779832242
8.985,1.8888294147194775,0.2218269207408097,0.1582853128476272,46.350094298540384,48.81883612537049,-26.75488914720978,-26.0889776227973,21.47608419539928,-22.503319029850207,-0.17324191287096705,0.43659565298322073
8.99,1.8899944181862498,0.2216304030727682,0.14938103382485804,47.209907284116014,49.37295780881455,-27.451125088837472,-22.880250389775597,19.1105331859695,-19.85891464611901,-0.18850354942824324,0.46871010617840897
8.995,1.8909918162620538,0.22150105624314997,0.14721877583170237,48.07582685546714,49.662849754407475,-28.14757243107033,-20.15034648358855,14.599604314941217,-17.854806592730963,-0.11924638050045235,0.31513032178551165
9.0,1.8921558866817516,0.22179782396531902,0.15904938426209092,48.94794589270528,49.817499507837354,-28.844037408853694,-17.200656109610463,13.235936395389132,-15.908805585240618,-0.006111986519237549,0.0650520708017602
9.005,1.8933248032914731,0.22297568362928472,0.15116838483202946,49.82634855386061,49.712344890415814,-5.82131334454013,-14.585268211415126,6.003676513372326,-14.514902620703428,0.10832908745677719,-0.17973049642704475
9.01,1.8943299704456213,0.22347150541688712,0.13249831020634725,49.00036719744533,49.51851006806439,-7.957783600385255,-12.59179654319766,4.151645506974447,-13.610244513271635,0.17064664750774525,-0.30251189126139894
9.015,1.8955062462950212,0.22425290028802794,0.13629170298826163,48.179943742619045,49.19022087350078,-7.489898660836047,-10.53114840190159,0.10648930112981247,-12.851356479354246,0.18801557067040775,-0.3505177396373231
9.02,1.8966850714627947,0.22453109563724916,0.12163496938657237,47.365008933726216,48.7780236785782,-7.0237550937454785,-8.727878016085612,-2.2325935134148978,-12.358365523442615,0.17568072428822104,-0.3329256827806854
9.025,1.897695787501866,0.22443784820442178,0.1126710122820942,46.55548663550907,48.359434114122024,-6.559004042188775,-7.3459894721980845,-1.5782559993674568,-12.120063711829928,0.14569687229966272,-0.26034311354955647
9.03,1.8988747180354448,0.22441432688137128,0.12290244744604531,45.75129434731714,47.807454822138276,-6.09532460087857,-5.894367759860529,-6.700894313851975,-12.021621311898018,0.11461617621521057,-0.20139734570474202
9.035,1.9000530006492653,0.22428731158855236,0.11747738514346462,44.9523436911618,47.206896498124046,-5.632421521810556,-4.594715458151029,-8.189559645641296,-12.077282970332785,0.09465473246967254,-0.15405277335060424
9.04,1.9010622915977449,0.22410141295328095,0.11332655844804164,44.15854087323429,46.651156044556345,-5.170023075536136,-3.571604571155632,-5.725126490944334,-12.233116756323284,0.0847301719285843,-0.126874120350278
9.045,1.9022392780017874,0.22403832602290488,0.12477326474292742,43.3697871187131,45.963427404042235,-4.707879059070478,-2.466019898005271,-11.12456206301593,-12.519460920015446,0.07769188595200228,-0.11011998753956054
9.05,1.9034152241208084,0.22379925583172658,0.11998496620759239,42.58597907986764,45.24939829252045,-4.245758941279803,-1.446837225457898,-11.926571300987632,-12.892165529567244,0.07038533888270534,-0.09278626260259297
9.055,1.9044219741195678,0.22350364801042025,0.11735798395818424,41.80700921762208,44.61171280177402,-3.7834501373939133,-0.6208672752631514,-8.422113390860218,-13.274663509568002,0.06321098164964677,-0.07803336880168958
9.06,1.9055899119987751,0.2217920838177421,0.13031898204616119,41.03276615687384,43.84364306172046,-3.3207564042505737,1.4301887163120455,-12.859234138742266,-13.148194688491227,0.00528337460950048,0.04139162294905842
9.065,1.9067482016179902,0.21992160175248632,0.14571485600596207,40.26313501597239,43.0222989466277,-2.8574963483708586,4.347519351285882,-13.101609321713099,-12.624165111327898,-0.06023583651829984,0.18333003452408952
9.07,1.907734360425382,0.21876780419351036,0.16383058067859485,39.49799771085244,42.1895869492286,-2.3935020393648756,7.4940331874603885,-11.263161865848872,-12.01171422895572,-0.0987538513880341,0.2756569057584937
9.075,1.9088788950718805,0.21772015368584774,0.1887000331601843,38.73723323438644,41.09226741452382,-1.9286177213254518,11.76722682347065,-17.73747991137523,-11.178181616836879,-0.123321480390642,0.3541150181558255
9.08,1.9100191765924828,0.21706820851271255,0.19835244730912618,37.98071791157396,39.89912642772278,-1.4626986155167856,16.382916211336806,-17.055437589308582,-10.348327636859015,-0.07856722552741559,0.2994002788750916
9.085,1.910996878134051,0.21748845707344383,0.20372649242806476,37.228325631222724,38.795234944879226,-0.9956098075238629,20.191027723546426,-11.012627320013337,-9.86799747179597,-0.007452064175356103,0.18763913712016467
9.09,1.9121433672348933,0.2189726297960256,0.21083109338754366,36.23653376960779,37.429564824077815,23.877917905761876,24.230042809260027,-15.11399487573459,-9.656903961899495,0.06885360842145732,0.05507982051749008
9.095,1.913297735752503,0.22040930036577822,0.19053688347567754,34.68359283966177,36.0118662709442,24.350854606380864,27.759237530710692,-13.351359888466362,-9.79620317346669,0.1294415821092046,-0.06493649071162515
9.1,1.9142923771703597,0.2212410543452595,0.17010633432220873,33.13918957889239,34.745924608484046,24.826882904094077,30.417042801762364,-7.317625205628445,-10.17265117361358,0.1650373834621871,-0.1433677771915374
9.105,1.9154580649561816,0.22232615103189932,0.17087753446853382,31.603535788752595,33.221430557667915,25.30782380784524,33.13674461085802,-11.3995602482765,-10.86168027267773,0.17504866163867258,-0.18275770702295105
9.11,1.9166266099156164,0.2226127889834655,0.15358313472414709,30.076737788987188,31.67245723504218,25.795273519156183,35.49586773246733,-10.184774051225148,-11.753848740797125,0.15794690773958614,-0.16634924528508993
9.115,1.9176283796961038,0.22244502460120855,0.1454266069915759,28.558802281223937,30.313129997950618,26.29062680937696,37.290462799896744,-4.904834406331545,-12.663989243074862,0.13756429738344736,-0.1334843282664221
9.12,1.9187973306797264,0.22258086874643482,0.1573234214879226,27.049642142277797,28.698285691318205,26.795098945096356,39.16541391599185,-9.061457134266803,-13.861590540440375,0.11987344688162259,-0.10247840946357015
9.125,1.9199651017777488,0.2222692239026497,0.15090441758454257,25.54908201644511,27.075928675431964,27.309746255341707,40.8384683698352,-8.235235968941126,-15.159027311086724,0.10147452861382222,-0.06646760888722847
9.13,1.9209641147050491,0.2217782053609502,0.14985195010186636,24.056863592483392,25.6651323930284,27.83548541916818,42.15433262566549,-3.5404297042291546,-16.348869720795637,0.0899196477481843,-0.0430088610198658
9.135,1.9221285288325027,0.2216875851803343,0.16579338796435683,22.572650465919843,24.00163989200815,28.373111544720075,43.57875550777635,-7.53182229956154,-17.80777584734255,0.08553863839527469,-0.031040721264450944
9.14,1.9232906613235794,0.2212280072953589,0.16243775524698373,21.096032500237662,22.34024002213861,28.923315108677826,44.89781234347777,-6.905887952111442,-19.310029631435118,0.07582535559054376,-0.014017997973869415
9.145,1.9242946676556687,0.2237564483263779,0.1636223054613247,19.626529610902047,20.902434225486,29.486697827277396,44.7287661647855,-3.5340709371489254,-21.19371568681733,0.12478230366855642,-0.1110018044383903
9.15,1.9254823804560472,0.2269640480109126,0.14361448044625694,18.163594903741377,19.30061793152017,30.06378753520835,43.32554328856477,-8.126388794369731,-23.87652557001887,0.1977175577122844,-0.2599884639691165
9.155,1.9266771527226156,0.22742591177033497,0.0994168391627327,16.706617103572718,17.81717844210522,30.655052156199503,41.64303082890308,-8.476449212470044,-26.595821205902652,0.23734396400111038,-0.3369582367456446
9.16,1.9276981009641638,0.22625091402303066,0.08688640744058575,15.254922209836273,16.618897901361578,31.260912858170485,40.2842601482549,-5.2623160900197945,-28.832514597198134,0.2508937722478174,-0.3538974318287028
9.165,1.9288813699362355,0.22462951948983403,0.10893674604432592,13.807774313026616,15.295163746642253,31.8817564964682,38.95338235580428,-9.908092414369435,-31.25322716751599,0.19265041298623883,-0.23520826727162533
9.17,1.930054796764363,0.22274378185921223,0.12192002241798973,12.364375498417772,14.04859430245079,32.51794746076263,37.93462156268231,-10.353862618479326,-33.43749584816898,0.0994979273615963,-0.05052343020782563
9.175,1.9310529593971548,0.2213362962691942,0.13888005071323983,11.441820857133838,13.025177575962404,17.51279883654945,37.30522577954736,-7.172955411479222,-35.134626230294536,0.03615733696962482,0.05637247660444396
9.18,1.9322124462067043,0.22070592818820117,0.16567413703961292,10.741230394622832,11.877196235649961,18.046737289961243,36.8234972957797,-10.980942637850404,-36.927035351825644,-0.0020963340263252684,0.10527148012918332
9.185,1.9333700918957817,0.22049155104928908,0.16910052906981973,10.040189060483222,10.780289942383146,18.57912049478537,36.56585023930586,-10.881190796184924,-38.534765193059535,-0.01770802831246471,0.10978685730624509
9.19,1.9343608455563595,0.22005562162452763,0.167797254446792,9.338703847870633,9.867289371899416,19.110097646758362,36.50377220635022,-7.637492717391169,-39.791036587718416,-0.016700374916391456,0.09226318057801415
9.195,1.9355142776533758,0.21962256632693253,0.18381931161901932,8.636777128007928,8.830213384336778,19.639815792395666,36.583692998183835,-10.901402274858185,-41.13491136488905,-0.0075169554667467295,0.06269000919060133
9.2,1.9366658267266141,0.21928982460460475,0.18545933096188771,7.934406629938216,7.827611881521112,20.16841990576171,36.788874603784706,-10.635900546145933,-42.36168602420415,-0.0003934953749276504,0.04009758461271491
9.205,1.9376513750679651,0.21902153785516906,0.1860857453568333,7.231585417254635,6.984058391383391,20.696052979189403,37.05591330747285,-7.5074420340993555,-43.33933741685194,0.005403267542518364,0.028151052863772726
9.21,1.9388007885873058,0.2190801783124996,0.20059543382303027,6.528301861059333,6.01666009184514,21.22285612727427,37.453133231108865,-10.391523929776355,-44.40682301672873,0.00987496901980994,0.01653441026835177
9.215,1.9399503234309239,0.21903343530768635,0.19680754963897298,5.824539608372689,5.073154814043752,21.748968703518187,37.91575033049864,-10.037704794722558,-45.402348555925826,0.01163424647843687,0.01201883770904568
9.22,1.940935082807839,0.21889396526843713,0.19424827416844995,5.120277545177011,4.273048483019205,22.274528429309925,38.364226355579774,-7.060755841300747,-46.21200794920255,0.013405785618563024,0.010517330511875813
9.225,1.9420885484640256,0.22023419896098298,0.20731266478609003,4.415489753238319,3.348881630093805,22.799671534694795,37.70014292727393,-10.850466727542553,-47.81575927387983,0.07087278862738533,-0.10694479704244607
9.23,1.9432403488521839,0.21911824570471578,0.18809584568609716,3.7101454598026145,2.4420630154816325,23.324532910849115,38.423687480335644,-10.45086897407576,-48.60452518708488,0.03915850603800245,-0.04123214121380615
9.235,1.9442227807451729,0.21798203708480138,0.1979106617442277,3.0042089792092455,1.7717949970403244,23.849246273941333,40.02833878310122,-4.222278448658969,-48.57528209818057,-0.04036506721818035,0.09971854495124494
9.24,1.9453670647003984,0.2180672607674773,0.22290198215278612,2.297639645402395,1.0971488592719978,24.373944340376,41.4095297374046,-3.42849650378632,-48.67825236288951,-0.08266827386249086,0.1699344926075194
9.245,1.946519045555345,0.22022905396323073,0.21925390679361245,1.5903917342511242,0.5219304145349162,24.898759013519623,41.265395761681305,-1.4319845519677443,-49.51345279646185,-0.10260510482962994,0.19402632674511947
9.25,1.9475171842382561,0.2223394458281218,0.19050650740526276,0.8824143745064887,0.2062686881016551,25.423821581959345,40.067972609697705,4.440769525037766,-50.61006078416993,-0.038925487828106856,0.02933875744085579
9.255,1.9486925287822474,0.22428178778111965,0.17593246724136716,0.17365144613821215,0.014870316184086647,16.806596516691997,37.66121545552147,5.889784117643444,-52.24746559037252,0.08822532095347328,-0.24351981699501732
9.26,1.9498725960265526,0.22473975092279977,0.14770513709407482,0.17365144613821215,-0.02214906283484289,44.826348553861806,34.84823283290376,8.449073395076198,-53.933339258109996,0.1479510162300876,-0.37189900810790444
9.265,1.9508841932545935,0.22452784951122257,0.1365175596001905,0.17365144613821215,0.05974412027967862,44.826348553861806,32.41856943063212,10.640701394823822,-55.250130695179834,0.10531269105204712,-0.28489001092380783
9.27,1.952062636368421,0.22412517518001818,0.14806664468712347,0.1736514461455414,0.26807054473582725,29.0280626464251,29.74596066788712,13.365679297891916,-56.54970826780592,0.036227621163573344,-0.10947688873653157
9.275,1.9532389377619874,0.22385573619576515,0.14714341218249075,0.9275312779336033,0.5715255496502686,11.1141367231387,27.328083014842946,15.373882134244923,-57.57663995810603,-0.04461325486088393,0.08639930620493261
9.28,1.9542469197690975,0.22393701560095525,0.14484223172474245,1.6805264391614188,0.9047505245939118,10.470500028869168,25.44229298862129,15.14247725085903,-58.24988966988182,-0.09429470157143116,0.20294680013148106
9.285,1.955424658269471,0.22441860240655315,0.15326237289259226,2.4327038639595173,1.3657577775881629,9.828722737781277,23.44461568125101,19.304342091283544,-58.81836253382452,-0.11555242891793255,0.25620422700916606
9.29,1.9566043163450935,0.2247059686496269,0.14200237632580986,3.1841237842742274,1.8843907334304937,9.188996695205958,21.650319204522305,20.6121966843734,-59.187567548898016,-0.11209938612962599,0.24783752189100958
9.295,1.9576161491526607,0.22475720448674052,0.13285710703735154,3.934839865504131,2.3764071072824797,8.55150760183787,20.23792448128947,18.492536163377025,-59.36423131024793,-0.09794108461047328,0.21743217880073423
9.3,1.958797047748402,0.22486014568418947,0.14129091996545814,4.684899324202576,2.996974742662482,7.9164356516009775,18.7150741010079,23.33015365342692,-59.43146671093521,-0.08011450856270487,0.17959464971345232
9.305,1.9599780043974402,0.22484903898706207,0.1342050753390652,5.434343029762683,3.6514302429756897,7.283956082490164,17.316564374809275,24.0539002826754,-59.37681408070297,-0.06343664281807683,0.14696216914776453
9.31,1.9609901598597024,0.2248105673413584,0.12845531365210897,6.1832055918508075,4.243583487562095,6.65423965074757,16.188874621323464,20.75114546162007,-59.24367020608161,-0.05323927491626219,0.12837033722742652
9.315,1.9621711080432689,0.22486368722690955,0.13791562843405114,6.931515435229166,4.964698493802244,6.0274530370551815,14.94391594424593,25.773689158993335,-59.002986005924924,-0.04528460805537019,0.1146383414393146
9.32,1.9633502894955401,0.2243344997527833,0.1314113087893954,7.679294863496402,5.704593845625246,5.403759192637011,12.677898116910939,25.033614667918698,-59.33645422656159,0.012915622489309279,-0.005307403069095821
9.325,1.9643583530858564,0.2236687023213082,0.13191074939478786,8.42656011318103,6.3941422139888395,4.783317631885154,9.989147609055266,20.92198555921864,-59.981168524302525,0.07099317943450328,-0.12581288281728067
9.33,1.9655313690130563,0.22312603662963987,0.14910931852303433,9.173321399539404,7.345844628639688,4.166284677704681,6.154305138837515,28.486407372534373,-60.92903360770383,0.12160433294996335,-0.22366620288604308
9.335,1.9667011635000027,0.22254686902188742,0.1503110622780172,9.919582955339493,8.415775656237079,3.55281366461773,1.795705627300066,29.234892967804086,-61.99647542768759,0.1610946835486818,-0.2870599000935613
9.34,1.9677010089334883,0.22195860255638428,0.1522261995965029,10.665343063848386,9.431249844149221,2.943055104622033,-2.363777744414591,23.96812705212389,-62.99177690214125,0.1507100430993439,-0.23142553132434843
9.345,1.9688655536825168,0.22174492726907216,0.16923784599737876,11.41059408718828,10.713657990528802,2.3371568197442514,-7.2015684961265265,28.452565637272897,-63.96856213640517,0.11621189708499419,-0.10505003625655476
9.35,1.970031394345439,0.22226130559945853,0.1673178205118479,12.39210307165374,12.068659933931237,-22.780045525014998,-11.649275521615976,26.630627116270574,-64.58481436413817,0.07169943148175975,0.031969339606956755
9.355,1.9710335956844742,0.2228892917758891,0.15669806487675406,13.92821535922377,13.29783084386436,-23.52389434871074,-15.10762190034194,20.272469426176144,-64.79880718786961,0.032568819285006295,0.14215272632563503
9.36,1.9722073078727416,0.2238745994642172,0.1591987893390207,15.468649996010058,14.799159560342256,-24.28989635790151,-18.72385327225615,24.19441005136504,-64.70787575664347,-0.015572416946318115,0.2519696231367534
9.365,1.9733851053728786,0.22453573431117524,0.14237015591909477,17.014359743664762,16.345060163877754,-25.07486537591967,-21.912044210698838,22.569607872918596,-64.31209579709736,-0.046816176154698005,0.30168107764807495
9.37,1.9743966686532868,0.22480446211880808,0.12899347060677477,18.566217932731064,17.719099017445977,-25.875878380954504,-24.368126931171645,16.84502707110252,-63.753700908350616,-0.04968376704282659,0.29670792073765706
9.375,1.9755783716977817,0.22508829163446228,0.13489335025700214,20.12501836556636,19.370906140265607,-26.690235015829614,-26.958234275966902,20.832230758883867,-62.88866892869194,-0.04160258526640538,0.27022137022467213
9.38,1.9767598998059897,0.22492362911868566,0.12560930662844685,21.691473917481417,21.049910352244634,-27.515424337533943,-29.28429987295459,19.698280243284586,-61.848511541772986,-0.023891066485119867,0.22293592839273532
9.385,1.9777714294560025,0.22459851379719634,0.12161495867003254,23.266213946525497,22.52665584769512,-28.3490976374693,-31.119581436167607,14.69116585522498,-60.82540921041162,-0.008193279146359757,0.19011500442356594
9.39,1.9789505979600075,0.2245210045284794,0.13450139971960712,24.849780612364412,24.28694918916549,-29.189046387405313,-33.10539320497287,18.559409317763965,-59.503817636142564,0.00194144652098471,0.16838263006248885
9.395,1.9801282161954457,0.22414835583935874,0.12969024666646822,26.44262420200006,26.063367678135243,-30.033184541166634,-34.93635685373792,17.69841834059835,-58.084102016528824,0.012261930266730545,0.1456398752974388
9.4,1.9811437707825161,0.22615689696735844,0.1284866668848733,28.045097563883914,27.61640113068595,-30.87953455769295,-35.12709504077762,14.239164527575,-56.143558649641975,-0.027782152228447196,0.24949463558097745
9.405,1.9823417132359653,0.22876612141730066,0.11357430863997275,29.657449761652522,29.35661382200702,-31.726216615786228,-34.049632100187836,18.777548924590604,-53.2975152952067,-0.0939613376675686,0.40432701339539756
9.41,1.983545210686497,0.22903895680052716,0.07551130471442707,31.27981907367615,30.974882861187684,-32.57144057091307,-32.58574568115799,19.01522137147279,-50.37261752405054,-0.12677136915885692,0.4899248422754578
9.415,1.9845734152033088,0.22791552388797956,0.06443428547077756,32.91222548422287,32.287980257600516,-33.41350026447208,-31.379518155332022,15.661384185163229,-47.959526370047996,-0.130320427364097,0.5097461140166499
9.42,1.9857654990704576,0.22633564067363154,0.08523821813953411,34.55456283552755,33.74573284060141,-34.2507698406028,-30.215487274242093,20.333147224208346,-45.34969818891153,-0.07362511860806618,0.38039881851895324
9.425,1.9869486208300247,0.22464961818959178,0.09695584765772902,36.20659083643762,35.125400708449305,-35.08170175763354,-29.363698595111003,20.705682243103354,-42.999950122175846,0.011199606573236716,0.17685696299579381
9.43,1.9879559604534813,0.22343430195771613,0.11071213287621659,37.261785741065125,36.264290356112106,-19.160532394145804,-28.884868493604273,17.39434744970883,-41.177887157216,0.05815674146688036,0.04225905379139524
9.435,1.9891258270439058,0.22257278591513094,0.13443689697418784,38.06243226328188,37.54909274223305,-19.843134803586736,-28.58879465696475,21.269757502908334,-39.256214094380795,0.07520465894697226,-0.030705560650816914
9.44,1.990293088888501,0.22229032066544663,0.1396660923595402,38.86775933142332,38.784113917212295,-20.5277342991005,-28.52451616847094,21.12546039495399,-37.53355140183328,0.06935318217533515,-0.05556359341014751
9.445,1.991291758429512,0.22180854691572524,0.13831538900251794,39.67791832255425,39.81844081444522,-21.214195390581153,-28.637059836774768,17.76534952908156,-36.187249079043625,0.0599662302102813,-0.048242451399453525
9.45,1.9924547397395493,0.22147547823816072,0.15417839478207113,40.493057445458206,41.00080107983703,-21.902377428404805,-28.92943794917761,21.060258276784396,-34.745201436187976,0.04251275921210863,-0.026792061119134215
9.455,1.993615622274832,0.22100759168126136,0.15380033088492884,41.31332141867946,42.15127580590997,-22.592134454687283,-29.352005301424327,20.74678374630213,-33.425638581267854,0.03147895529253085,-0.009280593516892864
9.46,1.9946089496086061,0.22075990040525964,0.1551928371821248,42.13885111428917,43.125654942788096,-23.283315091816263,-29.81187756896057,17.490190531274266,-32.37074252384011,0.025693619362492374,0.0034409627305169053
9.465,1.995767026039426,0.2206372231690158,0.16877421574902066,42.969783166379734,44.25067205023786,-23.975762469898683,-30.439981681469533,20.423574271814346,-31.213862645663546,0.015850155716275682,0.014451895536863877
9.47,1.9969236447166445,0.22027979314230245,0.16635455884892617,43.80624954336178,45.35520545913514,-24.669314194566084,-31.13545813787246,20.0272028123033,-30.129278269413042,0.01601230534724442,0.023074812221161544
9.475,1.997916662754758,0.2209219389335604,0.16682416863239521,44.64837708323343,46.29834100776021,-25.363802356685653,-30.52813986743456,18.118620787710697,-28.505371515704514,-0.03975661894146087,0.14511868368226213
9.48,1.9990779729536412,0.22135653285192208,0.16996834316558565,45.49628699112124,47.394970301066046,-26.05905358557152,-28.686463288108968,23.418548546656325,-25.948992143651758,-0.11972019023195388,0.33535929664421193
9.485,2.000243160796717,0.22181198502075228,0.16070995914414482,46.3500942985538,48.19157082461175,-26.754889147220922,-25.93830762094794,20.85878145990459,-23.254302250031785,-0.17389570576585042,0.441838039753055
9.49,2.0012418205769316,0.22175555462478683,0.15086427387942392,47.20990728412953,48.66104962781587,-27.451125088846936,-23.167934760022945,15.999263226296918,-20.981549285303835,-0.1928242241160959,0.47060839239846713
9.495,2.0024062294527267,0.22164823284559498,0.16172610272106877,48.07582685548073,48.99691203094045,-28.147572431081016,-19.97004894700106,15.606712512391496,-18.6363437114976,-0.11912198506139254,0.31710838963615956
9.5,2.0035708313216456,0.22177577997809644,0.1585673439992429,48.94794589271896,49.147535764771945,-28.844037408860345,-17.051058234266037,12.612404570233508,-16.711593934990113,-0.00032264374796163914,0.05286800611619135
9.505,2.0045701708213803,0.22218932183048154,0.1526295048823931,49.826348553847666,49.16909738277938,-5.821313339505167,-14.799092596290905,10.190845742318473,-15.36042715728884,0.08605843377285588,-0.12294638447611758
9.51,2.0057395964508684,0.22293543876863775,0.15790450882175172,49.00036719743245,49.05692519331493,-7.957783600314599,-12.465001913535133,7.164922702356009,-14.147372958826866,0.14624209648314984,-0.2468670091835382
9.515,2.006912248169287,0.22351382190046087,0.14426683310819807,48.17994374260625,48.82825926137707,-7.489898660768489,-10.427890926918792,4.118766671045421,-13.26988098536622,0.1606818034441588,-0.2858172697593864
9.52,2.0079196583672143,0.22392626071286043,0.132317165913437,47.36500893371352,48.5447078386637,-7.023755093670928,-8.876109340664442,3.0258317318074717,-12.751240371703805,0.15021873429961377,-0.2758931367285954
9.525,2.0090971715441723,0.22429361927697725,0.13689330602245423,46.55548663549648,48.127966978202615,-6.559004042118119,-7.258720087514945,-1.6591509808830551,-12.375541914538962,0.13740480578895145,-0.24915287738832992
9.53,2.0102753886885,0.2243333607892773,0.12699650710075439,45.75129434730461,47.6420681786842,-6.095324600811409,-5.823722225625573,-3.8259772646571975,-12.199654089985197,0.11663098453610078,-0.20815915123382633
9.535,2.011285237858835,0.22428558384867697,0.12089039478640955,44.95234369114935,47.170508908967996,-5.6324215217412075,-4.7050077146099625,-2.5453906565328026,-12.18771672314073,0.10179826833324414,-0.17755565380285573
9.54,2.0124637225866353,0.2243777535455904,0.13066355478435562,44.15854087322193,46.566908308546395,-5.1700230754702545,-3.507773811775081,-7.846700069610961,-12.308421847970196,0.0927397284891161,-0.1494231560413784
9.545,2.0136415705897237,0.22416915548261304,0.12391728615666424,43.369787118700806,45.92396881788541,-4.707879058996099,-2.4146850903355244,-9.131879813138823,-12.542788641226695,0.08157325755044141,-0.11912013556382822
9.55,2.014650106543491,0.22391454954418402,0.12076420550489257,42.58597907985542,45.33833283296028,-4.2457589412073276,-1.5370201410444508,-6.3180815938394375,-12.824936875270572,0.07258340426544632,-0.09816783926787458
9.555,2.0158258686455426,0.22378343257849476,0.1330855002185567,41.807009217609945,44.62207438588616,-3.783450137326639,-0.5706241381678012,-11.711268186480652,-13.232715210095309,0.06577806284787086,-0.082190504076628
9.56,2.0169947290506456,0.22191942905211945,0.12920521833412166,41.03276615686177,43.885265212366775,-3.3207564041835838,1.4703198270404982,-11.45231125946593,-13.070623690508654,0.006371793198801943,0.04290366009436143
9.565,2.017988338245822,0.22022143075147002,0.1463124120742222,40.26313501596037,43.19664245073614,-2.857496348307393,4.00088127691177,-7.7157419786278325,-12.583824006176906,-0.05165424646843815,0.16672593868518407
9.57,2.0191395203563,0.21881988573654146,0.17692454107531908,39.497997710840494,42.24323610728825,-2.393502039295413,7.68424294043632,-15.712249450247697,-11.838624133563897,-0.09486319790245042,0.2750578474073866
9.575,2.0202844085044225,0.2177490254380834,0.19015244830673683,38.73723323437458,41.17143226444427,-1.9286177212651978,11.920448558931582,-16.65846508094944,-10.994463878726659,-0.12104589399331943,0.3540597245155773
9.58,2.021261827436297,0.2171037099203373,0.2000466307521988,37.98071791156217,40.156248453526004,-1.4626986154596011,15.906646875814374,-11.485477127922366,-10.257364093362263,-0.08340109178842778,0.3081189507839113
9.585,2.0224025149832,0.21759573927902076,0.2197071914495903,37.22832563121099,38.87866371005893,-0.9956098074640636,20.370579285592726,-16.055703821714886,-9.672830919474851,-0.0049165874235442344,0.18526525967401336
9.59,2.02354919645726,0.21897751310822014,0.21159228455461082,36.236533769583446,37.535006916333536,23.877917905830543,24.368856515072622,-14.342333878810607,-9.456975686881652,0.06985025000757139,0.051075828683628095
9.595,2.0245381827645628,0.22012839923125704,0.1924853183111705,34.68359283963754,36.322636606826315,24.350854606450326,27.40968640087624,-8.140438041452825,-9.565860139368876,0.12550346171926077,-0.05241322706111002
9.6,2.0256991211456135,0.22158030918515773,0.19000230520014963,33.13918957886833,34.85093588316984,24.82688290415888,30.525160830730044,-12.222857109803954,-9.991879833745664,0.16905706278057508,-0.14955884933164096
9.605,2.026865200081758,0.22234427208079527,0.1688130789336182,31.603535788728674,33.345907674457735,25.307823807908903,33.21679359448149,-10.83916525883916,-10.6704125032437,0.17488391195403638,-0.18187849656846286
9.61,2.0278667433608812,0.2225028932378202,0.15526071311296685,30.076737788963385,32.01803538451142,25.795273519218483,35.249018811580356,-5.322705011213671,-11.431037140949986,0.1620127277637099,-0.16731890823049206
9.615,2.029036565871741,0.22280417353202783,0.16333921108771224,28.558802281200272,30.43401340809107,26.290626809438777,37.35186412255274,-9.532824264746736,-12.486475624208303,0.14259103619369487,-0.13832013392192594
9.62,2.030206146459534,0.22268835811927867,0.15489780937000386,27.049642142254275,28.837050680050073,26.795098945159765,39.20723997473567,-8.61151787804367,-13.67039461502424,0.1184268689283243,-0.09556909456590525
9.625,2.0312072529261664,0.2222244544972196,0.1513827907806092,25.54908201642173,27.44430671892394,27.30974625540219,40.648680324771476,-3.743968642624125,-14.781762636150876,0.10248652251409265,-0.06456526387604627
9.63,2.0323742907903948,0.22223112905800302,0.1668207070190554,24.05686359246011,25.798406436796547,27.8354854192267,42.18978322243515,-7.827137799211371,-16.167004157958278,0.09484730016728332,-0.04733836047974071
9.635,2.033539876942437,0.2218979713305164,0.16208947455931444,22.5726504658967,24.151501345716728,28.373111544774815,43.59918272607143,-7.147141301412617,-17.611443691522467,0.08381449590355575,-0.02579857595577549
9.64,2.034537005211179,0.22134888073094156,0.16148271082443616,21.096032500214662,22.724259221330627,28.923315108733135,44.735889651317535,-2.7500244088832204,-18.900182920252874,0.07740913773504295,-0.013771361942870304
9.645,2.035711348947655,0.2246503585593286,0.17827330297242414,19.626529610879118,21.04579813222704,29.486697827330772,44.56428018709994,-7.6301011848441505,-21.086766289131045,0.13665579692812774,-0.12991533811859424
9.65,2.0369015696206825,0.22733678485244704,0.1341508061534245,18.163594903718565,19.4598354516364,30.063787535261497,43.185916690390286,-7.897570982487025,-23.73828043929973,0.19955908641016273,-0.26018908062376594
9.655,2.0379268413772107,0.22757826587696156,0.09586096958532421,16.706617103549995,18.18598161776391,30.655052156252452,41.74049696345739,-4.318134133233187,-26.070220422574504,0.23544053187704125,-0.32904911369366474
9.66,2.0391203698629807,0.22678038896233246,0.10087218381125576,15.254922209813616,16.78634659592761,31.260912858223236,40.15407196995227,-9.081939637903432,-28.67880973626363,0.25264860331905636,-0.35521930338210317
9.665,2.0403057201049206,0.22502242486597349,0.10326600388238845,13.807774313004009,15.475340197882293,31.881756496521632,38.84263492344931,-9.649269867447671,-31.07262277890305,0.182369078419525,-0.215688011714796
9.67,2.0413139166204264,0.2234133815703958,0.1176717703164836,12.364375498395255,14.404426043386948,32.517947460812195,37.97010637262582,-6.490061408431998,-32.94625327380507,0.10097076104080015,-0.06047797167008439
9.675,2.042482476319643,0.22212936652181986,0.1459511868048801,11.441820857122872,13.208837824596648,17.512798836597966,37.23408991149719,-10.603464092097,-34.92793864645252,0.03421501597276261,0.054399599077835294
9.68,2.043646217083103,0.22149662039812318,0.15626423830524183,10.741230394611879,12.07149465816786,18.046737290003477,36.76028066238885,-10.643459976363232,-36.70168683289769,-0.004982584895561516,0.10694771147113478
9.685,2.044641791287597,0.2212172060554854,0.1593433973827605,10.040189060472255,11.128811182874653,18.579120494818085,36.54163321459478,-7.344444104702248,-38.0816395197092,-0.01812460708241805,0.10966584951121099
9.69,2.04580188188758,0.22088342394500501,0.1730996652157992,9.338703847859666,10.062011584338343,19.110097646795907,36.468948975631065,-10.758383127729175,-39.54957606704395,-0.014771606742998879,0.08803581104846153
9.695,2.0469596656258187,0.220427373801297,0.1729849519165879,8.636777127996961,9.034299723704768,19.63981579243449,36.54946663835847,-10.545605313645865,-40.880787812289746,-0.007335847136804128,0.06377101275088329
9.7,2.047950252900069,0.22008532422872568,0.17451157589394103,7.934406629927249,8.172413203892274,20.168419905799936,36.7282586664478,-7.364318556271201,-41.93444950753184,-0.0019374279817260442,0.044558809077786324
9.705,2.049104393359077,0.21986313463514645,0.18944428127850732,7.231585417243643,7.186685891339398,20.696052979234565,37.0405526017164,-10.381097096619044,-43.07733682923278,0.0070677627798445865,0.026830449832639866
9.71,2.050258093683347,0.21986952289319497,0.18854204241449796,6.528301861048327,6.227807727684986,21.22285612731673,37.434262306727874,-10.034327181604013,-44.13595854841274,0.008982390845748813,0.01887671811849336
9.715,2.0512468700190603,0.21980681758456946,0.1849905478992369,5.8245396083616825,5.416542431373031,21.748968703558546,37.83409929628874,-6.987859918794527,-44.99154743137255,0.00949627313730289,0.01386024933753331
9.72,2.0524000411979326,0.21973165846817203,0.19679788951879454,5.120277545165994,4.481446385208967,22.27452842934548,38.358642503895794,-9.736731932103481,-45.9385399749999,0.014367328433121359,0.008802760213534018
9.725,2.0535579156653325,0.22103784983916358,0.194252062751097,4.415489753227288,3.5653692306113256,22.79967153473271,37.68988141097162,-10.493114618046135,-47.534227789769176,0.06889988657289495,-0.10491222879448395
9.73,2.054548899655943,0.22008798706149962,0.1750467242035767,3.7101454597915833,2.78549855745748,23.324532910886262,38.31597608542148,-7.5805990508574155,-48.211445703242276,0.04103741574467414,-0.04902608784300368
9.735,2.055698974572144,0.2186548941952345,0.19709232249706196,3.0042089791982143,2.0004587224644754,23.84924627397845,40.175632823499114,-6.485511824738026,-48.19065082627587,-0.04678507554386767,0.1140245619758196
9.74,2.0568469797165396,0.21874205198474106,0.2107888869954422,2.297639645391353,1.3310227587338368,24.373944340413914,41.521823055420555,-2.9742749143358935,-48.30825309896598,-0.08548636068666937,0.17645753120451724
9.745,2.057836766161781,0.22050990359765246,0.20678985765515379,1.5903917342400575,0.8362246120178448,24.898759013555463,41.37184709150637,1.0330479634713754,-49.0414479201357,-0.10431184299812944,0.19681765762604236
9.75,2.0590049670434474,0.2233163380535861,0.19698075821702668,0.8824143744954043,0.4644464588254675,25.42382158199368,39.96811851015494,2.931960484826803,-50.32839263476525,-0.03538028975993975,0.020471730644130416
9.755,2.060183857750304,0.22488937613470494,0.15922177125229547,0.17365144613821215,0.2736221352264742,16.806596515067667,37.57381731528412,6.079709309426164,-51.957093689644736,0.09563784873986567,-0.25819384772173914
9.76,2.061197808185396,0.2252057578127848,0.13502468307359597,0.17365144613821215,0.24186683881269896,44.826348553861806,35.13729357688567,9.195796082455132,-53.415190921797134,0.1453231342431755,-0.36517956541063307
9.765,2.0623811987000398,0.22517576339315282,0.14015360616428357,0.17365144613821215,0.3358757777294436,44.826348553861806,32.284777185579856,11.259745743031246,-54.96226567332169,0.10404383658660865,-0.2824468443644691
9.77,2.0635620891808846,0.22449818410714445,0.1344112971475761,0.1736514461573364,0.5419014808578265,29.02806264373487,29.634593030132635,13.42883804433336,-56.25091418114684,0.032847931644183474,-0.09634988511142005
9.775,2.0645718399463666,0.224133649371142,0.13650508914053483,0.9275312779453841,0.8030115071899199,11.11413672307188,27.547456324373172,13.979471353657914,-57.137697065544224,-0.037961719043191434,0.07168280962366486
9.78,2.065749425513649,0.2242571573127945,0.1500120001204191,1.6805264391731711,1.1914061978908543,10.470500028802746,25.334764101469204,17.76402232015994,-57.93028610215033,-0.09503940023730151,0.20574585960146946
9.785,2.0669280594031854,0.2245142720404343,0.14297649969228743,2.4327038639712484,1.6480881700728875,9.828722737717953,23.35529222098495,19.300762160982316,-58.492967356627986,-0.11485313012012383,0.2580275719062301
9.79,2.0679392853546155,0.2246545626278258,0.13427732143815155,3.1841237842859726,2.0942876745248076,9.188996695136467,21.807453632055115,17.726427443556588,-58.81248865141815,-0.11422533541984448,0.2538982748544154
9.795,2.069119830169168,0.22479668803613356,0.14171737521430391,3.9348398655158476,2.668701949685891,8.551507601770396,20.151471370842955,22.39411212487498,-59.0222268657872,-0.1001218652969621,0.22128788470183572
9.8,2.0703003413749697,0.22474863646975138,0.13420192776910148,4.684899324214307,3.283741709857993,7.916435651529042,18.643269240375076,23.30195588902839,-59.08735924182942,-0.07971061125895726,0.18027670394841527
9.805,2.071312051603178,0.22471112400275461,0.12892592583804252,5.4343430297744,3.8467529599342836,7.283956082428205,17.43718714076857,20.335424302971347,-59.041507974638705,-0.06498916188384804,0.1515967257789398
9.81,2.0724926058646624,0.22479156642960368,0.13841423032196043,6.183205591862528,4.538490688662049,6.654239650679585,16.115965477764178,25.308751899243063,-58.88753817532456,-0.05333448893491482,0.13134091838725387
9.815,2.0736729888547396,0.2247252412617239,0.13162334151929883,6.931515435240858,5.2533218005701885,6.027453036994274,14.883495873211558,25.723630342476767,-58.64705457727663,-0.04294624229475125,0.11397539757491934
9.82,2.0746831316767698,0.22425039941992328,0.1265735457687704,7.679294863508094,5.889746638063413,5.4037591925748245,12.921155884167376,21.043356879230984,-58.94142346211246,0.006709708977413374,0.008541745953200928
9.825,2.0758586396340837,0.22351939260731016,0.14134308892529748,8.426560113192696,6.694920005055946,4.7833176318239055,9.781919375670498,25.804320699423272,-59.69392810174192,0.07434901989077307,-0.13125267061957485
9.83,2.0770304366604937,0.22284899302145275,0.14453992720655204,9.173321399551082,7.638920408581611,4.1662846776434606,5.9853575470200155,28.290773407695625,-60.62922126503617,0.12394910086301095,-0.226235293773825
9.835,2.078031987983567,0.2223372099030724,0.14735132860688335,9.919582955351146,8.560325328290306,3.5528136645564814,2.2208921067375798,24.44980713905376,-61.556300455829266,0.1580201187729941,-0.28276240553537085
9.84,2.079197340118732,0.2217038033965966,0.16331307138396986,10.665343063860039,9.746776584013174,2.943055104564479,-2.644047939630667,29.597953898243162,-62.72415322927232,0.15321020135610755,-0.231853182603484
9.845,2.0803601797275197,0.2213298549522731,0.16625787357859384,11.41059408719992,11.018615236651373,2.3371568196823773,-7.426023487739229,28.158563139392186,-63.6832692789718,0.1127234292561318,-0.09500815821901437
9.85,2.0813572175422483,0.2216913583257529,0.1663730537887735,12.39210307167771,12.184920014745211,-22.780045525090486,-11.254064859725958,21.821678162465716,-64.21594786795269,0.07502195190455588,0.023591815809536325
9.855,2.0825245274882636,0.22268990208157516,0.17246303885760025,13.928215359247805,13.621323139554592,-23.523894348784182,-15.300828070110981,25.735235547964066,-64.4716482910465,0.02927848074867072,0.14966796053859388
9.86,2.083696426611718,0.22347070639387598,0.1560434270506,15.46864999603418,15.110071897132261,-24.289896357975664,-18.874472961397316,23.958472116090377,-64.37524150124217,-0.018612231444608572,0.2556604774349484
9.865,2.0847037602348033,0.2239625658942592,0.14177966564925717,17.01435974368896,16.440351326756293,-25.074865375991635,-21.617467753009066,18.000885422020758,-64.03576643843017,-0.042968851805527127,0.298755589842204
9.87,2.085882023532004,0.22456133391406838,0.14542857236865292,18.56621793275538,18.0462189223824,-25.875878381026496,-24.491373637848824,21.94392090744762,-63.38625611149821,-0.05145317786805908,0.30074764059339326
9.875,2.087061467731353,0.22460640706584561,0.1327442376425951,20.125018365590773,19.684104182567843,-26.690235015899304,-27.051367085572963,20.669800611958152,-62.524606835583285,-0.038796972020451924,0.2619535150911693
9.88,2.0880719004687567,0.22437957999577576,0.12646719899513334,21.69147391750597,21.128767935636937,-27.51542433760028,-29.053356359596506,15.466871604010265,-61.63040009865616,-0.022888782018610193,0.22362590043015546
9.885,2.0892501795932503,0.22433578146242553,0.13829451790016498,23.26621394655019,22.854801444562863,-28.34909763753413,-31.200673559991685,19.379693091502446,-60.43609995798778,-0.008390060675294611,0.1918327962328175
9.89,2.0904270038578323,0.2240290846102866,0.13316536987203612,24.84978061238923,24.60010531201819,-29.189046387468693,-33.1638217083198,18.441483887317872,-59.123035016904076,0.005941414459798965,0.15989109861522946
9.895,2.091434268167631,0.22367001297096564,0.1312562247170702,26.442624202025037,26.12857847775672,-30.033184541228565,-34.74039964351368,13.82591269685689,-57.902133333297165,0.014521874706228637,0.14174656942670372
9.9,2.092618331159297,0.22630584503602777,0.14491819507127085,28.045097563909053,27.943880354588806,-30.879534557751356,-34.99000778007667,18.675913895941576,-55.64410739786624,-0.03457833993591526,0.26418566987211944
9.905,2.0938150803206446,0.22842421573111532,0.10776645412117518,29.65744976167779,29.66861774177893,-31.726216615847335,-33.931574291984475,18.828631802673357,-52.822050645456045,-0.09278459126644484,0.4019170141438786
9.91,2.0948448504089012,0.22859758887559478,0.0755811387161185,31.279819073701596,31.059631409288457,-32.57144057097088,-32.672984302650605,15.126141245072816,-50.30530215632628,-0.12292375261220559,0.47816539383091744
9.915,2.0960432123360677,0.22771710994170744,0.08099654875281373,32.91222548424845,32.594674125025094,-33.413500264528125,-31.26459991764804,19.873157248948786,-47.483097242237776,-0.13008023193924403,0.5093132811953922
9.92,2.097233584296588,0.2260350854476612,0.08393545903925595,34.554562835553305,34.03936054117557,-34.250769840657256,-30.117977720307692,20.383892305124604,-44.89716269943614,-0.06218893607820321,0.3556470696532112
9.925,2.098246820820043,0.2246065081169324,0.09700526017135105,36.20659083646349,35.22540916929381,-35.08170175768987,-29.38932868420983,17.12570800700938,-42.8781054981354,0.010155687787131029,0.18107989795332427
9.93,2.0994221703394125,0.22347531235739276,0.12271786821200477,37.2617857410776,36.55697353399952,-19.16053239419179,-28.82928982982989,21.248536506116523,-40.747090539605956,0.061125318265545715,0.03644177481338562
9.935,2.100592520488971,0.2227280284309318,0.13063490273582365,38.062432263294426,37.830621323640905,-19.843134803630676,-28.53913090491011,21.252439906292807,-38.843507529036685,0.07967378641225498,-0.038155733288807156
9.94,2.10159391188176,0.22251062201821292,0.13447807851996932,38.86775933143595,38.89263550757616,-20.52773429914822,-28.487256479706673,17.85922116553735,-37.36405066594128,0.07250805088451019,-0.058278172033663235
9.945,2.1027606893142035,0.22220563499999088,0.14699205708953705,39.677918322566974,40.101717437120136,-21.214195390627566,-28.618748933524955,21.28740569901578,-35.790478757838486,0.05838621218802378,-0.0438440015051437
9.95,2.1039260205212664,0.2218949950961698,0.1459489348823398,40.493057445470996,41.273875262041905,-21.902377428450507,-28.909442175700264,21.0067110743708,-34.361979102250956,0.04144054308512817,-0.024174754213368746
9.955,2.104922818945003,0.22144324785124256,0.14509984768833328,41.313321418692325,42.263305042477384,-22.592134454729774,-29.27569219257464,17.736611883061187,-33.229209993824476,0.03126174649239045,-0.007023971257388468
9.96,2.106084377247823,0.22134059888259025,0.16077477431511428,42.13885111430211,43.4023146583075,-23.28331509185685,-29.813494697190094,20.754027158281332,-31.99688025175487,0.02186096981255934,0.010979957219649596
9.965,2.1072454086023087,0.2211326812642329,0.1578124838777776,42.96978316639275,44.517614468445515,-23.975762469942367,-30.435599388861647,20.361926924767914,-30.85077543592013,0.01418059729732893,0.018095321852863663
9.97,2.1082391637223075,0.22082250111306095,0.15613462960401828,43.806249543374896,45.46773430122431,-24.66931419460974,-31.036206752717106,17.235351008203523,-29.91989381154907,0.01519249743660549,0.0249632651562368
9.975,2.1094006890185146,0.22155557475303259,0.1704131465979202,44.648377083246636,46.57014507377738,-25.36380235672806,-30.351231859651023,21.361098144263053,-28.03634327503734,-0.04835089921375815,0.16118637920880918
9.98,2.110564522652068,0.22181586189481747,0.15762566946639328,45.496286991134546,47.657404273394505,-26.05905358561705,-28.537671318040594,23.518900810622426,-25.508928994341204,-0.12186744129475074,0.34056129857829376
9.985,2.1115649544951838,0.2221508038092967,0.15019456619961138,46.350094298567164,48.34101794624872,-26.7548891472658,-26.16692215530523,18.17810183703841,-23.18941749144694,-0.17131733573507238,0.43626512443463494
9.99,2.112732226928649,0.22215031914668223,0.1562975607225317,47.209907284143,48.89160995282675,-27.45112508888937,-22.934822044469996,18.557079224727346,-20.534597515742153,-0.19180222904103236,0.4743228026394257
9.995,2.1138982730385725,0.22196662680233006,0.1516298317232533,48.07582685549431,49.224546389113875,-28.147572431121745,-19.77965131493582,15.892018699253157,-18.21975093716304,-0.11094545362835906,0.3053000345085397
10.0,2.1148977795566553,0.22205435809881896,0.1492247867975994,48.94794589273266,49.35307301693493,-28.84403740890295,-17.271175894370856,11.807833377060305,-16.567566503196474,-0.010238671793467836,0.07522764273631183
