t,Hx,Hz,fin_deg,ry_deg
0.0000000,0.0211021,-0.0164089,6.8734280,0.0000000
0.0006250,0.0211021,-0.0164089,6.8734400,0.0000120
0.0012500,0.0211021,-0.0164089,6.8735240,0.0000960
0.0018750,0.0211021,-0.0164089,6.8737495,0.0003215
0.0025000,0.0211021,-0.0164090,6.8741865,0.0007585
0.0031250,0.0211020,-0.0164091,6.8748980,0.0014700
0.0037500,0.0211020,-0.0164092,6.8759537,0.0025257
0.0043750,0.0211019,-0.0164094,6.8774059,0.0039779
0.0050000,0.0211018,-0.0164096,6.8793267,0.0058987
0.0056250,0.0211016,-0.0164099,6.8817537,0.0083257
0.0062500,0.0211015,-0.0164103,6.8847648,0.0113368
0.0068750,0.0211013,-0.0164108,6.8883774,0.0149494
0.0075000,0.0211010,-0.0164113,6.8926801,0.0192521
0.0081250,0.0211007,-0.0164120,6.8976642,0.0242362
0.0087500,0.0211004,-0.0164127,6.9034336,0.0300056
0.0093750,0.0211000,-0.0164136,6.9099480,0.0365200
0.0100000,0.0210996,-0.0164146,6.9173321,0.0439041
0.0106250,0.0210991,-0.0164158,6.9255079,0.0520799
0.0112500,0.0210985,-0.0164170,6.9346260,0.0611980
0.0118750,0.0210979,-0.0164184,6.9445650,0.0711370
0.0125000,0.0210972,-0.0164200,6.9555075,0.0820795
0.0131250,0.0210965,-0.0164217,6.9672825,0.0938545
0.0137500,0.0210956,-0.0164236,6.9801102,0.1066822
0.0143750,0.0210947,-0.0164257,6.9937649,0.1203369
0.0150000,0.0210938,-0.0164279,7.0085095,0.1350815
0.0156250,0.0210927,-0.0164304,7.0240592,0.1506312
0.0162500,0.0210916,-0.0164330,7.0407240,0.1672960
0.0168750,0.0210904,-0.0164359,7.0581562,0.1847282
0.0175000,0.0210891,-0.0164389,7.0767172,0.2032892
0.0181250,0.0210877,-0.0164422,7.0959933,0.2225653
0.0187500,0.0210863,-0.0164457,7.1164007,0.2429727
0.0193750,0.0210847,-0.0164494,7.1374579,0.2640299
0.0200000,0.0210830,-0.0164534,7.1596379,0.2862099
0.0206250,0.0210813,-0.0164576,7.1823911,0.3089631
0.0212500,0.0210794,-0.0164621,7.2062484,0.3328204
0.0218750,0.0210775,-0.0164668,7.2305927,0.3571647
0.0225000,0.0210754,-0.0164718,7.2560130,0.3825850
0.0231250,0.0210733,-0.0164771,7.2818267,0.4083987
0.0237500,0.0210710,-0.0164826,7.3086794,0.4352514
0.0243750,0.0210686,-0.0164884,7.3358268,0.4623988
0.0250000,0.0210661,-0.0164945,7.3639684,0.4905404
0.0256250,0.0210635,-0.0165010,7.3923033,0.5188753
0.0262500,0.0210608,-0.0165077,7.4215805,0.5481525
0.0268750,0.0210580,-0.0165147,7.4509493,0.5775213
0.0275000,0.0210550,-0.0165221,7.4812028,0.6077748
0.0281250,0.0210520,-0.0165297,7.5114482,0.6380202
0.0287500,0.0210488,-0.0165377,7.5425157,0.6690877
0.0293750,0.0210455,-0.0165460,7.5734803,0.7000523
0.0300000,0.0210420,-0.0165547,7.6052006,0.7317726
0.0306250,0.0210385,-0.0165637,7.6367305,0.7633025
0.0312500,0.0210348,-0.0165731,7.6689472,0.7955192
0.0318750,0.0210310,-0.0165828,7.7008954,0.8274674
0.0325000,0.0210270,-0.0165929,7.7334600,0.8600320
0.0331250,0.0210230,-0.0166034,7.7656901,0.8922621
0.0337500,0.0210188,-0.0166142,7.7984658,0.9250378
0.0343750,0.0210145,-0.0166254,7.8308554,0.9574274
0.0350000,0.0210100,-0.0166370,7.8637204,0.9902924
0.0356250,0.0210054,-0.0166490,7.8961638,1.0227358
0.0362500,0.0210007,-0.0166613,7.9290146,1.0555866
0.0368750,0.0209958,-0.0166741,7.9614262,1.0879982
0.0375000,0.0209908,-0.0166873,7.9941800,1.1207520
0.0381250,0.0209856,-0.0167009,8.0264969,1.1530689
0.0387500,0.0209804,-0.0167149,8.0590948,1.1856668
0.0393750,0.0209749,-0.0167293,8.0912789,1.2178509
0.0400000,0.0209694,-0.0167441,8.1236879,1.2502599
0.0406250,0.0209637,-0.0167594,8.1557282,1.2823002
0.0412500,0.0209578,-0.0167751,8.1879431,1.3145151
0.0418750,0.0209519,-0.0167913,8.2198574,1.3464294
0.0425000,0.0209457,-0.0168079,8.2519026,1.3784746
0.0431250,0.0209395,-0.0168249,8.2837384,1.4103104
0.0437500,0.0209330,-0.0168424,8.3156690,1.4422410
0.0443750,0.0209265,-0.0168604,8.3475046,1.4740766
0.0450000,0.0209198,-0.0168788,8.3794073,1.5059793
0.0456250,0.0209129,-0.0168977,8.4113523,1.5379243
0.0462500,0.0209059,-0.0169170,8.4433451,1.5699171
0.0468750,0.0208988,-0.0169368,8.4755405,1.6021125
0.0475000,0.0208915,-0.0169572,8.5077734,1.6343454
0.0481250,0.0208841,-0.0169779,8.5403906,1.6669626
0.0487500,0.0208765,-0.0169992,8.5730448,1.6996168
0.0493750,0.0208688,-0.0170210,8.6062851,1.7328571
0.0500000,0.0208609,-0.0170432,8.6395717,1.7661437
0.0506250,0.0208529,-0.0170660,8.6736651,1.8002371
0.0512500,0.0208447,-0.0170893,8.7078240,1.8343960
0.0518750,0.0208364,-0.0171130,8.7430272,1.8695992
0.0525000,0.0208280,-0.0171373,8.7783250,1.9048970
0.0531250,0.0208194,-0.0171621,8.8149195,1.9414915
0.0537500,0.0208106,-0.0171874,8.8516474,1.9782194
0.0543750,0.0208017,-0.0172132,8.8899367,2.0165087
0.0550000,0.0207927,-0.0172396,8.9284080,2.0549800
0.0556250,0.0207835,-0.0172665,8.9687148,2.0952868
0.0562500,0.0207742,-0.0172939,9.0092615,2.1358335
0.0568750,0.0207647,-0.0173218,9.0519248,2.1784968
0.0575000,0.0207550,-0.0173503,9.0948948,2.2214668
0.0581250,0.0207453,-0.0173793,9.1402659,2.2668379
0.0587500,0.0207354,-0.0174089,9.1860190,2.3125910
0.0593750,0.0207253,-0.0174390,9.2344581,2.3610301
0.0600000,0.0207151,-0.0174696,9.2833626,2.4099346
0.0606250,0.0207047,-0.0175008,9.3352350,2.4618070
0.0612500,0.0206942,-0.0175326,9.3876631,2.5142351
0.0618750,0.0206836,-0.0175649,9.4433347,2.5699067
0.0625000,0.0206728,-0.0175978,9.4996588,2.6262308
0.0631250,0.0206619,-0.0176312,9.5594922,2.6860642
0.0637500,0.0206508,-0.0176653,9.6200806,2.7466526
0.0643750,0.0206396,-0.0176998,9.6844305,2.8110025
0.0650000,0.0206283,-0.0177350,9.7496427,2.8762147
0.0656250,0.0206168,-0.0177707,9.8188520,2.9454240
0.0662500,0.0206052,-0.0178070,9.8890345,3.0156065
0.0668750,0.0205934,-0.0178439,9.9634298,3.0900018
0.0675000,0.0205815,-0.0178813,10.0389120,3.1654840
0.0681250,0.0205695,-0.0179194,10.1187990,3.2453710
0.0687500,0.0205573,-0.0179580,10.1998886,3.3264606
0.0693750,0.0205450,-0.0179972,10.2855488,3.4121208
0.0700000,0.0205325,-0.0180370,10.3725279,3.4990999
0.0706250,0.0205200,-0.0180774,10.4642140,3.5907860
0.0712500,0.0205072,-0.0181183,10.5573349,3.6839069
0.0718750,0.0204944,-0.0181599,10.6552674,3.7818394
0.0725000,0.0204814,-0.0182021,10.7547493,3.8813213
0.0731250,0.0204683,-0.0182448,10.8591128,3.9856848
0.0737500,0.0204551,-0.0182882,10.9651381,4.0917101
0.0743750,0.0204417,-0.0183321,11.0760784,4.2026504
0.0750000,0.0204282,-0.0183767,11.1887893,4.3153613
0.0756250,0.0204146,-0.0184219,11.3064104,4.4329824
0.0762500,0.0204009,-0.0184676,11.4259063,4.5524783
0.0768750,0.0203870,-0.0185140,11.5502679,4.6768399
0.0775000,0.0203730,-0.0185610,11.6766032,4.8031752
0.0781250,0.0203589,-0.0186086,11.8077184,4.9342904
0.0787500,0.0203447,-0.0186568,11.9408998,5.0674718
0.0793750,0.0203304,-0.0187056,12.0787337,5.2053057
0.0800000,0.0203159,-0.0187550,12.2187191,5.3452911
0.0806250,0.0203013,-0.0188050,12.3631874,5.4897594
0.0812500,0.0202866,-0.0188557,12.5098843,5.6364563
0.0818750,0.0202718,-0.0189070,12.6608524,5.7874244
0.0825000,0.0202568,-0.0189588,12.8141173,5.9406893
0.0831250,0.0202409,-0.0190155,12.9713998,6.0979718
0.0837500,0.0202249,-0.0190729,13.1310377,6.2576097
0.0843750,0.0202053,-0.0191482,13.2943986,6.4209706
0.0850000,0.0201855,-0.0192246,13.4601635,6.5867355
0.0856250,0.0201657,-0.0193023,13.6293168,6.7558888
0.0862500,0.0201457,-0.0193811,13.8009117,6.9274837
0.0868750,0.0201258,-0.0194610,13.9755219,7.1020939
0.0875000,0.0201056,-0.0195422,14.1526004,7.2791724
0.0881250,0.0200855,-0.0196245,14.3322844,7.4588564
0.0887500,0.0200651,-0.0197081,14.5144518,7.6410238
0.0893750,0.0200449,-0.0197928,14.6987804,7.8253524
0.0900000,0.0200244,-0.0198787,14.8855957,8.0121677
0.0906250,0.0200040,-0.0199658,15.0740960,8.2006680
0.0912500,0.0199834,-0.0200541,15.2650742,8.3916462
0.0918750,0.0199629,-0.0201436,15.4572320,8.5838040
0.0925000,0.0199422,-0.0202342,15.6518468,8.7784188
0.0931250,0.0199216,-0.0203261,15.8471097,8.9736817
0.0937500,0.0199008,-0.0204192,16.0447965,9.1713685
0.0943750,0.0198802,-0.0205135,16.2425770,9.3691490
0.0950000,0.0198593,-0.0206090,16.4427364,9.5693084
0.0956250,0.0198387,-0.0207057,16.6424157,9.7689877
0.0962500,0.0198178,-0.0208036,16.8444169,9.9709889
0.0968750,0.0197971,-0.0209027,17.0453487,10.1719207
0.0975000,0.0197762,-0.0210030,17.2485335,10.3751055
0.0981250,0.0197556,-0.0211045,17.4500478,10.5766198
0.0987500,0.0197347,-0.0212072,17.6537351,10.7803071
0.0993750,0.0197140,-0.0213111,17.8551425,10.9817145
0.1000000,0.0196932,-0.0214162,18.0586321,11.1852041
0.1006250,0.0196726,-0.0215225,18.2592285,11.3858005
0.1012500,0.0196518,-0.0216300,18.4618055,11.5883775
0.1018750,0.0196313,-0.0217387,18.6608763,11.7874483
0.1025000,0.0196106,-0.0218487,18.8618163,11.9883883
0.1031250,0.0195902,-0.0219598,19.0586408,12.1852128
0.1037500,0.0195696,-0.0220721,19.2572139,12.3837859
0.1043750,0.0195493,-0.0221856,19.4510703,12.5776423
0.1050000,0.0195288,-0.0223004,19.6465458,12.7731178
0.1056250,0.0195087,-0.0224163,19.8367153,12.9632873
0.1062500,0.0194884,-0.0225334,20.0283664,13.1549384
0.1068750,0.0194684,-0.0226517,20.2141379,13.3407099
0.1075000,0.0194483,-0.0227712,20.4012464,13.5278184
0.1081250,0.0194284,-0.0228918,20.5819209,13.7084929
0.1087500,0.0194085,-0.0230137,20.7637812,13.8903532
0.1093750,0.0193889,-0.0231367,20.9386758,14.0652478
0.1100000,0.0193692,-0.0232610,21.1145995,14.2411715
0.1106250,0.0193499,-0.0233864,21.2830520,14.4096240
0.1112500,0.0193304,-0.0235130,21.4523718,14.5789438
0.1118750,0.0193113,-0.0236407,21.6137441,14.7403161
0.1125000,0.0192921,-0.0237696,21.7758179,14.9023899
0.1131250,0.0192733,-0.0238997,21.9294997,15.0560717
0.1137500,0.0192544,-0.0240310,22.0837141,15.2102861
0.1143750,0.0192359,-0.0241634,22.2291268,15.3556988
0.1150000,0.0192174,-0.0242970,22.3749006,15.5014726
0.1156250,0.0191992,-0.0244317,22.5114997,15.6380717
0.1162500,0.0191810,-0.0245676,22.6482872,15.7748592
0.1168750,0.0191632,-0.0247046,22.7755658,15.9021378
0.1175000,0.0191453,-0.0248428,22.9028593,16.0294313
0.1181250,0.0191279,-0.0249821,23.0203502,16.1469222
0.1187500,0.0191104,-0.0251226,23.1376828,16.2642548
0.1193750,0.0190934,-0.0252641,23.2449610,16.3715330
0.1200000,0.0190763,-0.0254069,23.3519087,16.4784807
0.1206250,0.0190597,-0.0255507,23.4485935,16.5751655
0.1212500,0.0190431,-0.0256956,23.5447771,16.6713491
0.1218750,0.0190270,-0.0258417,23.6305330,16.7571050
0.1225000,0.0190109,-0.0259889,23.7156197,16.8421917
0.1231250,0.0189952,-0.0261371,23.7901586,16.9167306
0.1237500,0.0189795,-0.0262865,23.8638632,16.9904352
0.1243750,0.0189644,-0.0264369,23.9269444,17.0535164
0.1250000,0.0189492,-0.0265884,23.9890304,17.1156024
0.1256250,0.0189346,-0.0267410,24.0404618,17.1670338
0.1262500,0.0189200,-0.0268948,24.0907415,17.2173135
0.1268750,0.0189059,-0.0270495,24.1303800,17.2569520
0.1275000,0.0188918,-0.0272054,24.1687152,17.2952872
0.1281250,0.0188783,-0.0273622,24.1964663,17.3230383
0.1287500,0.0188648,-0.0275202,24.2227683,17.3493403
0.1293750,0.0188518,-0.0276792,24.2385861,17.3651581
0.1300000,0.0188390,-0.0278392,24.2528151,17.3793871
0.1306250,0.0188266,-0.0280003,24.2567017,17.3832737
0.1312500,0.0188144,-0.0281624,24.2588664,17.3854384
0.1318750,0.0188027,-0.0283254,24.2508713,17.3774433
0.1325000,0.0187910,-0.0284896,24.2410282,17.3676002
0.1331250,0.0187800,-0.0286547,24.2212470,17.3478190
0.1337500,0.0187691,-0.0288208,24.1994991,17.3260711
0.1343750,0.0187588,-0.0289879,24.1680726,17.2946446
0.1350000,0.0187485,-0.0291560,24.1345684,17.2611404
0.1356250,0.0187389,-0.0293251,24.0916811,17.2182531
0.1362500,0.0187293,-0.0294952,24.0466129,17.1731849
0.1368750,0.0187204,-0.0296661,23.9924915,17.1190635
0.1375000,0.0187116,-0.0298381,23.9360941,17.0626661
0.1381250,0.0187034,-0.0300110,23.8710058,16.9975778
0.1387500,0.0186954,-0.0301848,23.8035547,16.9301267
0.1393750,0.0186880,-0.0303596,23.7278052,16.8543772
0.1400000,0.0186807,-0.0305354,23.6496146,16.7761866
0.1406250,0.0186741,-0.0307119,23.5635467,16.6901187
0.1412500,0.0186676,-0.0308895,23.4749678,16.6015398
0.1418750,0.0186618,-0.0310679,23.3789590,16.5055310
0.1425000,0.0186562,-0.0312472,23.2803780,16.4069500
0.1431250,0.0186512,-0.0314274,23.1748385,16.3014105
0.1437500,0.0186464,-0.0316085,23.0666742,16.1932462
0.1443750,0.0186423,-0.0317904,22.9520453,16.0786173
0.1450000,0.0186383,-0.0319732,22.8347473,15.9613193
0.1456250,0.0186351,-0.0321568,22.7114988,15.8380708
0.1462500,0.0186320,-0.0323413,22.5855455,15.7121175
0.1468750,0.0186297,-0.0325266,22.4541739,15.5807459
0.1475000,0.0186275,-0.0327127,22.3200702,15.4466422
0.1481250,0.0186261,-0.0328996,22.1810964,15.3076684
0.1487500,0.0186249,-0.0330874,22.0393714,15.1659434
0.1493750,0.0186244,-0.0332758,21.8933390,15.0199110
0.1500000,0.0186240,-0.0334652,21.7445443,14.8711163
0.1506250,0.0186245,-0.0336552,21.5920172,14.7185892
0.1512500,0.0186252,-0.0338461,21.4367246,14.5632966
0.1518750,0.0186266,-0.0340376,21.2782851,14.4048571
0.1525000,0.0186282,-0.0342300,21.1170846,14.2436566
0.1531250,0.0186306,-0.0344230,20.9533313,14.0799033
0.1537500,0.0186332,-0.0346168,20.7868292,13.9134012
0.1543750,0.0186366,-0.0348112,20.6183754,13.7449474
0.1550000,0.0186403,-0.0350064,20.4471919,13.5737639
0.1556250,0.0186447,-0.0352022,20.2746632,13.4012352
0.1562500,0.0186494,-0.0353988,20.0994310,13.2260030
0.1568750,0.0186549,-0.0355960,19.9234635,13.0500355
0.1575000,0.0186606,-0.0357939,19.7448254,12.8713974
0.1581250,0.0186671,-0.0359923,19.5660642,12.6926362
0.1587500,0.0186739,-0.0361915,19.3846715,12.5112435
0.1593750,0.0186815,-0.0363913,19.2037679,12.3303399
0.1600000,0.0186894,-0.0365917,19.0202783,12.1468503
0.1606250,0.0186981,-0.0367926,18.8378889,11.9644609
0.1612500,0.0187070,-0.0369942,18.6529646,11.7795366
0.1618750,0.0187168,-0.0371963,18.4697487,11.5963207
0.1625000,0.0187269,-0.0373990,18.2840545,11.4106265
0.1631250,0.0187378,-0.0376023,18.1006725,11.2272445
0.1637500,0.0187490,-0.0378061,17.9148738,11.0414458
0.1643750,0.0187611,-0.0380104,17.7319849,10.8585569
0.1650000,0.0187735,-0.0382153,17.5467458,10.6733178
0.1656250,0.0187867,-0.0384206,17.3650063,10.4915783
0.1662500,0.0188002,-0.0386265,17.1809875,10.3075595
0.1668750,0.0188043,-0.0387892,17.0010486,10.1276206
0.1675000,0.0188086,-0.0389521,16.8189053,9.9454773
0.1681250,0.0188107,-0.0391042,16.6414107,9.7679827
0.1687500,0.0188129,-0.0392564,16.4617905,9.5883625
0.1693750,0.0188155,-0.0394085,16.2873746,9.4139466
0.1700000,0.0188181,-0.0395607,16.1109150,9.2374870
0.1706250,0.0188211,-0.0397129,15.9402002,9.0667722
0.1712500,0.0188243,-0.0398651,15.7675266,8.8940986
0.1718750,0.0188277,-0.0400174,15.6011211,8.7276931
0.1725000,0.0188314,-0.0401696,15.4328441,8.5594161
0.1731250,0.0188353,-0.0403218,15.2713391,8.3979111
0.1737500,0.0188394,-0.0404741,15.1080524,8.2346244
0.1743750,0.0188438,-0.0406262,14.9520197,8.0785917
0.1750000,0.0188483,-0.0407784,14.7942967,7.9208687
0.1756250,0.0188532,-0.0409305,14.6442859,7.7708579
0.1762500,0.0188583,-0.0410825,14.4926775,7.6192495
0.1768750,0.0188637,-0.0412345,14.3492131,7.4757851
0.1775000,0.0188692,-0.0413864,14.2042447,7.3308167
0.1781250,0.0188750,-0.0415382,14.0678232,7.1943952
0.1787500,0.0188810,-0.0416899,13.9299918,7.0565638
0.1793750,0.0188873,-0.0418415,13.8010785,6.9276505
0.1800000,0.0188938,-0.0419931,13.6708497,6.7974217
0.1806250,0.0189006,-0.0421444,13.5498758,6.6764478
0.1812500,0.0189076,-0.0422957,13.4276803,6.5542523
0.1818750,0.0189149,-0.0424468,13.3150395,6.4416115
0.1825000,0.0189223,-0.0425977,13.2012705,6.3278425
0.1831250,0.0189301,-0.0427485,13.0973159,6.2238879
0.1837500,0.0189380,-0.0428991,12.9923252,6.1188972
0.1843750,0.0189463,-0.0430496,12.8973660,6.0239380
0.1850000,0.0189548,-0.0431998,12.8014614,5.9280334
0.1856250,0.0189636,-0.0433498,12.7157595,5.8423315
0.1862500,0.0189725,-0.0434997,12.6292011,5.7557731
0.1868750,0.0189818,-0.0436493,12.5529682,5.6795402
0.1875000,0.0189912,-0.0437986,12.4759652,5.6025372
0.1881250,0.0190010,-0.0439477,12.4093592,5.5359312
0.1887500,0.0190109,-0.0440966,12.3420670,5.4686390
0.1893750,0.0190211,-0.0442452,12.2851893,5.4117613
0.1900000,0.0190316,-0.0443935,12.2277060,5.3542780
0.1906250,0.0190423,-0.0445416,12.1805982,5.3071702
0.1912500,0.0190532,-0.0446893,12.1329620,5.2595340
0.1918750,0.0190645,-0.0448368,12.0956035,5.2221755
0.1925000,0.0190759,-0.0449839,12.0577900,5.1843620
0.1931250,0.0190876,-0.0451307,12.0300950,5.1566670
0.1937500,0.0190995,-0.0452772,12.0020142,5.1285862
0.1943750,0.0191118,-0.0454233,11.9838295,5.1104015
0.1950000,0.0191242,-0.0455691,11.9653239,5.0918959
0.1956250,0.0191370,-0.0457144,11.9564270,5.0829990
0.1962500,0.0191499,-0.0458595,11.9472693,5.0738413
0.1968750,0.0191631,-0.0460041,11.9473667,5.0739387
0.1975000,0.0191765,-0.0461483,11.9472583,5.0738303
0.1981250,0.0191902,-0.0462921,11.9559836,5.0825556
0.1987500,0.0192041,-0.0464355,11.9645531,5.0911251
0.1993750,0.0192184,-0.0465784,11.9814669,5.1080389
0.2000000,0.0192328,-0.0467208,11.9982695,5.1248415
0.2006250,0.0192475,-0.0468629,12.0228583,5.1494303
0.2012500,0.0192624,-0.0470045,12.0473749,5.1739469
0.2018750,0.0192776,-0.0471455,12.0790514,5.2056234
0.2025000,0.0192930,-0.0472861,12.1106889,5.2372609
0.2031250,0.0193087,-0.0474262,12.1487922,5.2753642
0.2037500,0.0193245,-0.0475658,12.1868842,5.3134562
0.2043750,0.0193408,-0.0477048,12.2306813,5.3572533
0.2050000,0.0193571,-0.0478433,12.2744889,5.4010609
0.2056250,0.0193738,-0.0479813,12.3231759,5.4497479
0.2062500,0.0193907,-0.0481187,12.3718896,5.4984616
0.2068750,0.0194078,-0.0482554,12.4245944,5.5511664
0.2075000,0.0194251,-0.0483916,12.4773362,5.6039082
0.2081250,0.0194428,-0.0485272,12.5331210,5.6596930
0.2087500,0.0194607,-0.0486623,12.5889477,5.7155197
0.2093750,0.0194788,-0.0487967,12.6468127,5.7733847
0.2100000,0.0194970,-0.0489304,12.7047191,5.8312911
0.2106250,0.0195157,-0.0490635,12.7636065,5.8901785
0.2112500,0.0195344,-0.0491961,12.8225295,5.9491015
0.2118750,0.0195535,-0.0493278,12.8813286,6.0079006
0.2125000,0.0195727,-0.0494589,12.9401524,6.0667244
0.2131250,0.0195923,-0.0495893,12.9977044,6.1242764
0.2137500,0.0196120,-0.0497190,13.0552658,6.1818378
0.2143750,0.0196320,-0.0498480,13.1103703,6.2369423
0.2150000,0.0196522,-0.0499763,13.1654647,6.2920367
0.2156250,0.0196726,-0.0501038,13.2168864,6.3434584
0.2162500,0.0196933,-0.0502305,13.2682744,6.3948464
0.2168750,0.0197142,-0.0503565,13.3147498,6.4413218
0.2175000,0.0197353,-0.0504817,13.3611647,6.4877367
0.2181250,0.0197567,-0.0506061,13.4014103,6.5279823
0.2187500,0.0197782,-0.0507298,13.4415656,6.5681376
0.2193750,0.0198001,-0.0508525,13.4742860,6.6008580
0.2200000,0.0198220,-0.0509745,13.5068839,6.6334559
0.2206250,0.0198443,-0.0510956,13.5307802,6.6573522
0.2212500,0.0198667,-0.0512158,13.5545201,6.6810921
0.2218750,0.0198894,-0.0513352,13.5682993,6.6948713
0.2225000,0.0199122,-0.0514537,13.5818871,6.7084591
0.2231250,0.0199353,-0.0515713,13.5842715,6.7108435
0.2237500,0.0199586,-0.0516881,13.5864289,6.7130009
0.2243750,0.0199822,-0.0518038,13.5761655,6.7027375
0.2250000,0.0200059,-0.0519187,13.5656396,6.6922116
0.2256250,0.0200299,-0.0520326,13.5415102,6.6680822
0.2262500,0.0200540,-0.0521455,13.5170836,6.6436556
0.2268750,0.0200784,-0.0522575,13.4779147,6.6044867
0.2275000,0.0201029,-0.0523685,13.4384155,6.5649875
0.2281250,0.0201276,-0.0524785,13.3830881,6.5096601
0.2287500,0.0201525,-0.0525874,13.3273994,6.4539714
0.2293750,0.0201777,-0.0526954,13.2548594,6.3814314
0.2300000,0.0202029,-0.0528023,13.1819302,6.3085022
0.2306250,0.0202285,-0.0529081,13.0911977,6.2177697
0.2312500,0.0202542,-0.0530128,13.0000516,6.1266236
0.2318750,0.0202802,-0.0531165,12.8902309,6.0168029
0.2325000,0.0203062,-0.0532191,12.7799764,5.9065484
0.2331250,0.0203325,-0.0533206,12.6502652,5.7768372
0.2337500,0.0203589,-0.0534210,12.5201049,5.6466769
0.2343750,0.0203856,-0.0535202,12.3698026,5.4963746
0.2350000,0.0204123,-0.0536183,12.2190416,5.3456136
0.2356250,0.0204394,-0.0537152,12.0475585,5.1741305
0.2362500,0.0204665,-0.0538109,11.8756131,5.0021851
0.2368750,0.0204939,-0.0539055,11.6824772,4.8090492
0.2375000,0.0205213,-0.0539989,11.4888824,4.6154544
0.2381250,0.0205490,-0.0540910,11.2737474,4.4003194
0.2387500,0.0205768,-0.0541819,11.0581637,4.1847357
0.2393750,0.0206048,-0.0542715,10.8208145,3.9473865
0.2400000,0.0206329,-0.0543600,10.5830347,3.7096067
0.2406250,0.0206612,-0.0544470,10.3233932,3.4499652
0.2412500,0.0206896,-0.0545329,10.0633469,3.1899189
0.2418750,0.0207182,-0.0546174,9.7814763,2.9080483
0.2425000,0.0207469,-0.0547006,9.4992353,2.6258073
0.2431250,0.0207759,-0.0547825,9.1953439,2.3219159
0.2437500,0.0208048,-0.0548631,8.8911248,2.0176968
0.2443750,0.0208341,-0.0549422,8.5655681,1.6921401
0.2450000,0.0208633,-0.0550200,8.2397351,1.3663071
0.2456250,0.0208927,-0.0550964,7.8930173,1.0195893
0.2462500,0.0209222,-0.0551714,7.5460834,0.6726554
0.2468750,0.0209520,-0.0552449,7.1788577,0.3054297
0.2475000,0.0209817,-0.0553171,6.8114847,-0.0619433
0.2481250,0.0210117,-0.0553878,6.4245521,-0.4488759
0.2487500,0.0210417,-0.0554571,6.0375498,-0.8358782
0.2493750,0.0210719,-0.0555248,5.6318571,-1.2415709
0.2500000,0.0211021,-0.0555911,5.2261804,-1.6472476
0.2506250,0.0211021,-0.0555911,4.8027779,-2.0706501
0.2512500,0.0211021,-0.0555911,4.3793753,-2.4940527
0.2518750,0.0211021,-0.0555911,3.9392573,-2.9341707
0.2525000,0.0211021,-0.0555911,3.4991393,-3.3742887
0.2531250,0.0211021,-0.0555911,3.0434542,-3.8299738
0.2537500,0.0211021,-0.0555911,2.5877691,-4.2856589
0.2543750,0.0211021,-0.0555911,2.1177741,-4.7556539
0.2550000,0.0211021,-0.0555911,1.6477792,-5.2256488
0.2556250,0.0211021,-0.0555911,1.1648344,-5.7085936
0.2562500,0.0211021,-0.0555911,0.6818895,-6.1915385
0.2568750,0.0211021,-0.0555911,0.1874501,-6.6859779
0.2575000,0.0211021,-0.0555911,-0.3069893,-7.1804173
0.2581250,0.0211021,-0.0555911,-0.8113804,-7.6848084
0.2587500,0.0211021,-0.0555911,-1.3157715,-8.1891995
0.2593750,0.0211021,-0.0555911,-1.8284929,-8.7019209
0.2600000,0.0211021,-0.0555911,-2.3412142,-9.2146422
0.2606250,0.0211021,-0.0555911,-2.8605752,-9.7340032
0.2612500,0.0211021,-0.0555911,-3.3799362,-10.2533642
0.2618750,0.0211021,-0.0555911,-3.9041874,-10.7776154
0.2625000,0.0211021,-0.0555911,-4.4284386,-11.3018666
0.2631250,0.0211021,-0.0555911,-4.9557824,-11.8292104
0.2637500,0.0211021,-0.0555911,-5.4831262,-12.3565542
0.2643750,0.0211021,-0.0555911,-6.0117283,-12.8851563
0.2650000,0.0211021,-0.0555911,-6.5403304,-13.4137584
0.2656250,0.0210700,-0.0555213,-7.0683314,-13.9417594
0.2662500,0.0210379,-0.0554516,-7.5963324,-14.4697604
0.2668750,0.0210060,-0.0553818,-8.1218603,-14.9952883
0.2675000,0.0209741,-0.0553120,-8.6473881,-15.5208161
0.2681250,0.0209425,-0.0552421,-9.1685704,-16.0419984
0.2687500,0.0209108,-0.0551722,-9.6897527,-16.5631807
0.2693750,0.0208794,-0.0551022,-10.2047295,-17.0781575
0.2700000,0.0208480,-0.0550322,-10.7197063,-17.5931343
0.2706250,0.0208169,-0.0549622,-11.2266427,-18.1000708
0.2712500,0.0207857,-0.0548921,-11.7335792,-18.6070072
0.2718750,0.0207548,-0.0548219,-12.2306785,-19.1041065
0.2725000,0.0207238,-0.0547518,-12.7277778,-19.6012058
0.2731250,0.0206932,-0.0546815,-13.2132940,-20.0867220
0.2737500,0.0206625,-0.0546113,-13.6988102,-20.5722382
0.2743750,0.0206321,-0.0545410,-14.1710605,-21.0444885
0.2750000,0.0206016,-0.0544707,-14.6433109,-21.5167389
0.2756250,0.0205714,-0.0544003,-15.1006882,-21.9741162
0.2762500,0.0205412,-0.0543299,-15.5580656,-22.4314936
0.2768750,0.0205112,-0.0542595,-15.9990505,-22.8724785
0.2775000,0.0204812,-0.0541890,-16.4400354,-23.3134634
0.2781250,0.0204515,-0.0541184,-16.8632072,-23.7366352
0.2787500,0.0204218,-0.0540479,-17.2863789,-24.1598069
0.2793750,0.0203923,-0.0539773,-17.6904269,-24.5638549
0.2800000,0.0203628,-0.0539066,-18.0944749,-24.9679029
0.2806250,0.0203336,-0.0538359,-18.4782085,-25.3516365
0.2812500,0.0203043,-0.0537652,-18.8619420,-25.7353700
0.2818750,0.0202753,-0.0536944,-19.2243001,-26.0977281
0.2825000,0.0202463,-0.0536236,-19.5866583,-26.4600863
0.2831250,0.0202175,-0.0535527,-19.9267183,-26.8001463
0.2837500,0.0201887,-0.0534819,-20.2667782,-27.1402062
0.2843750,0.0201602,-0.0534109,-20.5837632,-27.4571912
0.2850000,0.0201317,-0.0533400,-20.9007482,-27.7741762
0.2856250,0.0201034,-0.0532690,-21.1940343,-28.0674623
0.2862500,0.0200751,-0.0531980,-21.4873203,-28.3607483
0.2868750,0.0200471,-0.0531269,-21.7564419,-28.6298699
0.2875000,0.0200190,-0.0530558,-22.0255635,-28.8989915
0.2881250,0.0199912,-0.0529846,-22.2702183,-29.1436463
0.2887500,0.0199633,-0.0529135,-22.5148730,-29.3883010
0.2893750,0.0199358,-0.0528422,-22.7349252,-29.6083532
0.2900000,0.0199082,-0.0527710,-22.9549774,-29.8284054
0.2906250,0.0198809,-0.0526997,-23.1504602,-30.0238882
0.2912500,0.0198535,-0.0526283,-23.3459430,-30.2193710
0.2918750,0.0198264,-0.0525569,-23.5170594,-30.3904874
0.2925000,0.0197993,-0.0524856,-23.6881758,-30.5616038
0.2931250,0.0197725,-0.0524141,-23.8352986,-30.7087266
0.2937500,0.0197456,-0.0523426,-23.9824214,-30.8558494
0.2943750,0.0197190,-0.0522711,-24.1060917,-30.9795197
0.2950000,0.0196924,-0.0521996,-24.2297620,-31.1031900
0.2956250,0.0196660,-0.0521280,-24.3306864,-31.2041144
0.2962500,0.0196396,-0.0520563,-24.4316107,-31.3050387
0.2968750,0.0196135,-0.0519846,-24.5106572,-31.3840852
0.2975000,0.0195873,-0.0519130,-24.5897036,-31.4631316
0.2981250,0.0195614,-0.0518412,-24.6478963,-31.5213243
0.2987500,0.0195355,-0.0517695,-24.7060890,-31.5795170
0.2993750,0.0195099,-0.0516976,-24.7446020,-31.6180300
0.3000000,0.0194842,-0.0516258,-24.7831151,-31.6565431
0.3006250,0.0194588,-0.0515539,-24.8032644,-31.6766924
0.3012500,0.0194334,-0.0514820,-24.8234137,-31.6968417
0.3018750,0.0194082,-0.0514100,-24.8266483,-31.7000763
0.3025000,0.0193830,-0.0513381,-24.8298830,-31.7033110
0.3031250,0.0193581,-0.0512661,-24.8177754,-31.6912034
0.3037500,0.0193332,-0.0511941,-24.8056679,-31.6790959
0.3043750,0.0193085,-0.0511220,-24.7799027,-31.6533307
0.3050000,0.0192838,-0.0510499,-24.7541374,-31.6275654
0.3056250,0.0192593,-0.0509777,-24.7164994,-31.5899274
0.3062500,0.0192348,-0.0509055,-24.6788614,-31.5522894
0.3068750,0.0192106,-0.0508333,-24.6312230,-31.5046510
0.3075000,0.0191864,-0.0507611,-24.5835845,-31.4570125
0.3081250,0.0191624,-0.0506888,-24.5278920,-31.4013200
0.3087500,0.0191384,-0.0506165,-24.4721994,-31.3456274
0.3093750,0.0191147,-0.0505441,-24.4104585,-31.2838865
0.3100000,0.0190910,-0.0504718,-24.3487175,-31.2221455
0.3106250,0.0190675,-0.0503993,-24.2829787,-31.1564067
0.3112500,0.0190440,-0.0503269,-24.2172399,-31.0906679
0.3118750,0.0190208,-0.0502544,-24.1495829,-31.0230109
0.3125000,0.0189975,-0.0501819,-24.0819260,-30.9553540
0.3131250,0.0189745,-0.0501093,-24.0144442,-30.8878722
0.3137500,0.0189514,-0.0500368,-23.9469624,-30.8203904
0.3143750,0.0189287,-0.0499642,-23.8817465,-30.7551745
0.3150000,0.0189059,-0.0498916,-23.8165306,-30.6899586
0.3156250,0.0188834,-0.0498190,-23.7556528,-30.6290808
0.3162500,0.0188608,-0.0497463,-23.6947750,-30.5682030
0.3168750,0.0188385,-0.0496735,-23.6402726,-30.5137006
0.3175000,0.0188162,-0.0496008,-23.5857702,-30.4591982
0.3181250,0.0187942,-0.0495280,-23.5396297,-30.4130577
0.3187500,0.0187721,-0.0494552,-23.4934891,-30.3669171
0.3193750,0.0187503,-0.0493824,-23.4576303,-30.3310583
0.3200000,0.0187285,-0.0493095,-23.4217714,-30.2951994
0.3206250,0.0187070,-0.0492366,-23.3980320,-30.2714600
0.3212500,0.0186854,-0.0491637,-23.3742925,-30.2477205
0.3218750,0.0186641,-0.0490907,-23.3644130,-30.2378410
0.3225000,0.0186427,-0.0490177,-23.3545335,-30.2279615
0.3231250,0.0186216,-0.0489447,-23.3601431,-30.2335711
0.3237500,0.0186005,-0.0488717,-23.3657527,-30.2391807
0.3243750,0.0185797,-0.0487986,-23.3883553,-30.2617833
0.3250000,0.0185588,-0.0487255,-23.4109579,-30.2843859
0.3256250,0.0185382,-0.0486523,-23.4519197,-30.3253477
0.3262500,0.0185176,-0.0485792,-23.4928814,-30.3663094
0.3268750,0.0184973,-0.0485060,-23.5534184,-30.4268464
0.3275000,0.0184769,-0.0484328,-23.6139554,-30.4873834
0.3281250,0.0184568,-0.0483596,-23.6951231,-30.5685511
0.3287500,0.0184367,-0.0482863,-23.7762909,-30.6497189
0.3293750,0.0184168,-0.0482130,-23.8789744,-30.7524024
0.3300000,0.0183969,-0.0481397,-23.9816579,-30.8550859
0.3306250,0.0183773,-0.0480663,-24.1065632,-30.9799912
0.3312500,0.0183576,-0.0479930,-24.2314685,-31.1048965
0.3318750,0.0183382,-0.0479196,-24.3791156,-31.2525436
0.3325000,0.0183188,-0.0478462,-24.5267626,-31.4001906
0.3331250,0.0182997,-0.0477728,-24.6974791,-31.5709071
0.3337500,0.0182805,-0.0476993,-24.8681956,-31.7416236
0.3343750,0.0182616,-0.0476258,-25.0621129,-31.9355409
0.3350000,0.0182427,-0.0475523,-25.2560301,-32.1294581
0.3356250,0.0182241,-0.0474788,-25.4730798,-32.3465078
0.3362500,0.0182054,-0.0474052,-25.6901295,-32.5635575
0.3368750,0.0181870,-0.0473316,-25.9300422,-32.8034702
0.3375000,0.0181685,-0.0472580,-26.1699550,-33.0433830
0.3381250,0.0181504,-0.0471843,-26.4322603,-33.3056883
0.3387500,0.0181322,-0.0471107,-26.6945656,-33.5679936
0.3393750,0.0181143,-0.0470370,-26.9785934,-33.8520214
0.3400000,0.0180963,-0.0469633,-27.2626212,-34.1360492
0.3406250,0.0180786,-0.0468896,-27.5675049,-34.4409329
0.3412500,0.0180609,-0.0468159,-27.8723887,-34.7458167
0.3418750,0.0180435,-0.0467421,-28.1970698,-35.0704978
0.3425000,0.0180260,-0.0466683,-28.5217510,-35.3951790
0.3431250,0.0180052,-0.0465788,-28.8649851,-35.7384131
0.3437500,0.0179843,-0.0464894,-29.2082192,-36.0816472
0.3443750,0.0179497,-0.0463371,-29.5685834,-36.4420114
0.3450000,0.0179151,-0.0461848,-29.9289476,-36.8023756
0.3456250,0.0178815,-0.0460322,-30.3048496,-37.1782776
0.3462500,0.0178479,-0.0458797,-30.6807516,-37.5541796
0.3468750,0.0178154,-0.0457268,-31.0704399,-37.9438679
0.3475000,0.0177828,-0.0455739,-31.4601282,-38.3335562
0.3481250,0.0177512,-0.0454207,-31.8617036,-38.7351316
0.3487500,0.0177196,-0.0452675,-32.2632789,-39.1367069
0.3493750,0.0176891,-0.0451140,-32.6747072,-39.5481352
0.3500000,0.0176585,-0.0449605,-33.0861355,-39.9595635
0.3506250,0.0176289,-0.0448067,-33.5052617,-40.3786897
0.3512500,0.0175993,-0.0446529,-33.9243879,-40.7978159
0.3518750,0.0175708,-0.0444988,-34.3489508,-41.2223787
0.3525000,0.0175422,-0.0443446,-34.7735136,-41.6469416
0.3531250,0.0175147,-0.0441902,-35.2011615,-42.0745895
0.3537500,0.0174872,-0.0440358,-35.6288094,-42.5022374
0.3543750,0.0174607,-0.0438810,-36.0571170,-42.9305449
0.3550000,0.0174341,-0.0437263,-36.4854245,-43.3588525
0.3556250,0.0174086,-0.0435712,-36.9119100,-43.7853380
0.3562500,0.0173831,-0.0434162,-37.3383954,-44.2118234
0.3568750,0.0173587,-0.0432609,-37.7605382,-44.6339662
0.3575000,0.0173342,-0.0431055,-38.1826810,-45.0561090
0.3581250,0.0173108,-0.0429498,-38.5979401,-45.4713681
0.3587500,0.0172873,-0.0427942,-39.0131992,-45.8866272
0.3593750,0.0172649,-0.0426382,-39.4190317,-46.2924596
0.3600000,0.0172425,-0.0424822,-39.8248641,-46.6982921
0.3606250,0.0172211,-0.0423259,-40.2187436,-47.0921716
0.3612500,0.0171997,-0.0421697,-40.6126230,-47.4860510
0.3618750,0.0171794,-0.0420131,-40.9920584,-47.8654864
0.3625000,0.0171590,-0.0418566,-41.3714938,-48.2449218
0.3631250,0.0171397,-0.0416997,-41.7340477,-48.6074757
0.3637500,0.0171204,-0.0415428,-42.0966016,-48.9700296
0.3643750,0.0171022,-0.0413856,-42.4399087,-49.3133367
0.3650000,0.0170839,-0.0412285,-42.7832157,-49.6566437
0.3656250,0.0170667,-0.0410710,-43.1050002,-49.9784282
0.3662500,0.0170494,-0.0409135,-43.4267846,-50.3002126
0.3668750,0.0170333,-0.0407557,-43.7248776,-50.5983055
0.3675000,0.0170171,-0.0405980,-44.0229705,-50.8963985
0.3681250,0.0170020,-0.0404400,-44.2953264,-51.1687544
0.3687500,0.0169869,-0.0402819,-44.5676823,-51.4411103
0.3693750,0.0169729,-0.0401236,-44.8123946,-51.6858225
0.3700000,0.0169588,-0.0399653,-45.0571068,-51.9305348
0.3706250,0.0169458,-0.0398067,-45.2724226,-52.1458506
0.3712500,0.0169328,-0.0396480,-45.4877385,-52.3611665
0.3718750,0.0169209,-0.0394891,-45.6720724,-52.5455004
0.3725000,0.0169090,-0.0393302,-45.8564062,-52.7298342
0.3731250,0.0168982,-0.0391710,-46.0083523,-52.8817803
0.3737500,0.0168873,-0.0390118,-46.1602985,-53.0337265
0.3743750,0.0168776,-0.0388523,-46.2786423,-53.1520703
0.3750000,0.0168678,-0.0386929,-46.3969860,-53.2704140
0.3756250,0.0168591,-0.0385332,-46.4807133,-53.3541412
0.3762500,0.0168504,-0.0383734,-46.5644405,-53.4378685
0.3768750,0.0168428,-0.0382134,-46.6127465,-53.4861745
0.3775000,0.0168352,-0.0380534,-46.6610525,-53.5344805
0.3781250,0.0168287,-0.0378931,-46.6733483,-53.5467763
0.3787500,0.0168222,-0.0377328,-46.6856441,-53.5590721
0.3793750,0.0168168,-0.0375722,-46.6615619,-53.5349899
0.3800000,0.0168114,-0.0374117,-46.6374798,-53.5109078
0.3806250,0.0168071,-0.0372509,-46.5768769,-53.4503049
0.3812500,0.0168027,-0.0370901,-46.5162741,-53.3897021
0.3818750,0.0167995,-0.0369290,-46.4192345,-53.2926625
0.3825000,0.0167963,-0.0367680,-46.3221950,-53.1956230
0.3831250,0.0167942,-0.0366067,-46.1890298,-53.0624578
0.3837500,0.0167921,-0.0364454,-46.0558646,-52.9292926
0.3843750,0.0167912,-0.0362838,-45.8871106,-52.7605386
0.3850000,0.0167902,-0.0361223,-45.7183567,-52.5917847
0.3856250,0.0167903,-0.0359605,-45.5147736,-52.3882015
0.3862500,0.0167904,-0.0357988,-45.3111904,-52.1846184
0.3868750,0.0167917,-0.0356367,-45.0737555,-51.9471835
0.3875000,0.0167930,-0.0354747,-44.8363206,-51.7097486
0.3881250,0.0167954,-0.0353124,-44.5662229,-51.4396509
0.3887500,0.0167977,-0.0351502,-44.2961253,-51.1695533
0.3893750,0.0168013,-0.0349877,-43.9947575,-50.8681855
0.3900000,0.0168048,-0.0348253,-43.6933897,-50.5668177
0.3906250,0.0168095,-0.0346626,-43.3623384,-50.2357664
0.3912500,0.0168141,-0.0344999,-43.0312872,-49.9047152
0.3918750,0.0168199,-0.0343370,-42.6723224,-49.5457504
0.3925000,0.0168257,-0.0341741,-42.3133576,-49.1867856
0.3931250,0.0168327,-0.0340110,-41.9284198,-48.8018478
0.3937500,0.0168397,-0.0338479,-41.5434819,-48.4169099
0.3943750,0.0168478,-0.0336846,-41.1346688,-48.0080968
0.3950000,0.0168559,-0.0335213,-40.7258557,-47.5992837
0.3956250,0.0168652,-0.0333579,-40.2954073,-47.1688353
0.3962500,0.0168744,-0.0331944,-39.8649590,-46.7383870
0.3968750,0.0168849,-0.0330307,-39.4152417,-46.2886697
0.3975000,0.0168953,-0.0328670,-38.9655245,-45.8389525
0.3981250,0.0169069,-0.0327032,-38.4990140,-45.3724420
0.3987500,0.0169185,-0.0325393,-38.0325036,-44.9059316
0.3993750,0.0169313,-0.0323753,-37.5517674,-44.4251954
0.4000000,0.0169441,-0.0322113,-37.0710312,-43.9444592
0.4006250,0.0169581,-0.0320471,-36.5787098,-43.4521378
0.4012500,0.0169720,-0.0318829,-36.0863884,-42.9598164
0.4018750,0.0169872,-0.0317186,-35.5851766,-42.4586046
0.4025000,0.0170023,-0.0315543,-35.0839647,-41.9573927
0.4031250,0.0170186,-0.0313898,-34.5765919,-41.4500199
0.4037500,0.0170349,-0.0312253,-34.0692191,-40.9426471
0.4043750,0.0170525,-0.0310607,-33.5584297,-40.4318577
0.4050000,0.0170700,-0.0308961,-33.0476402,-39.9210682
0.4056250,0.0170887,-0.0307314,-32.5361734,-39.4096014
0.4062500,0.0171074,-0.0305667,-32.0247067,-38.8981347
0.4068750,0.0171274,-0.0304018,-31.5152773,-38.3887053
0.4075000,0.0171473,-0.0302370,-31.0058479,-37.8792759
0.4081250,0.0171684,-0.0300720,-30.5011258,-37.3745538
0.4087500,0.0171895,-0.0299071,-29.9964038,-36.8698318
0.4093750,0.0172119,-0.0297421,-29.4989951,-36.3724231
0.4100000,0.0172342,-0.0295770,-29.0015864,-35.8750144
0.4106250,0.0172578,-0.0294118,-28.5140143,-35.3874423
0.4112500,0.0172813,-0.0292467,-28.0264422,-34.8998702
0.4118750,0.0173061,-0.0290815,-27.5511289,-34.4245569
0.4125000,0.0173308,-0.0289163,-27.0758155,-33.9492435
0.4131250,0.0173568,-0.0287510,-26.6150640,-33.4884920
0.4137500,0.0173828,-0.0285857,-26.1543126,-33.0277406
0.4143750,0.0174101,-0.0284204,-25.7102910,-32.5837190
0.4150000,0.0174373,-0.0282551,-25.2662695,-32.1396975
0.4156250,0.0174658,-0.0280897,-24.8409944,-31.7144224
0.4162500,0.0174942,-0.0279243,-24.4157194,-31.2891474
0.4168750,0.0175239,-0.0277589,-24.0110420,-30.8844700
0.4175000,0.0175535,-0.0275935,-23.6063646,-30.4797926
0.4181250,0.0175845,-0.0274280,-23.2239568,-30.0973848
0.4187500,0.0176154,-0.0272626,-22.8415491,-29.7149771
0.4193750,0.0176476,-0.0270972,-22.4828920,-29.3563200
0.4200000,0.0176797,-0.0269318,-22.1242349,-28.9976629
0.4206250,0.0177131,-0.0267663,-21.7906080,-28.6640360
0.4212500,0.0177465,-0.0266009,-21.4569811,-28.3304091
0.4218750,0.0177666,-0.0265044,-21.1494533,-28.0228813
0.4225000,0.0177866,-0.0264079,-20.8419254,-27.7153534
0.4231250,0.0178034,-0.0263285,-20.5613474,-27.4347754
0.4237500,0.0178202,-0.0262492,-20.2807694,-27.1541974
0.4243750,0.0178373,-0.0261698,-20.0277682,-26.9011962
0.4250000,0.0178544,-0.0260904,-19.7747670,-26.6481950
0.4256250,0.0178719,-0.0260109,-19.5497414,-26.4231694
0.4262500,0.0178893,-0.0259315,-19.3247159,-26.1981439
0.4268750,0.0179070,-0.0258520,-19.1278343,-26.0012623
0.4275000,0.0179247,-0.0257725,-18.9309527,-25.8043807
0.4281250,0.0179427,-0.0256929,-18.7621522,-25.6355802
0.4287500,0.0179607,-0.0256134,-18.5933517,-25.4667797
0.4293750,0.0179791,-0.0255339,-18.4523391,-25.3257671
0.4300000,0.0179974,-0.0254543,-18.3113265,-25.1847545
0.4306250,0.0180160,-0.0253746,-18.1975812,-25.0710092
0.4312500,0.0180346,-0.0252950,-18.0838359,-24.9572639
0.4318750,0.0180536,-0.0252153,-17.9966142,-24.8700422
0.4325000,0.0180725,-0.0251356,-17.9093925,-24.7828205
0.4331250,0.0180918,-0.0250559,-17.8477337,-24.7211617
0.4337500,0.0181110,-0.0249761,-17.7860749,-24.6595029
0.4343750,0.0181306,-0.0248962,-17.7488090,-24.6222370
0.4350000,0.0181501,-0.0248164,-17.7115432,-24.5849712
0.4356250,0.0181700,-0.0247366,-17.6973003,-24.5707283
0.4362500,0.0181898,-0.0246567,-17.6830574,-24.5564854
0.4368750,0.0182100,-0.0245768,-17.6902782,-24.5637062
0.4375000,0.0182301,-0.0244969,-17.6974991,-24.5709271
0.4381250,0.0182506,-0.0244169,-17.7244474,-24.5978755
0.4387500,0.0182711,-0.0243370,-17.7513958,-24.6248238
0.4393750,0.0182919,-0.0242570,-17.7961717,-24.6695997
0.4400000,0.0183127,-0.0241770,-17.8409475,-24.7143755
0.4406250,0.0183339,-0.0240970,-17.9015021,-24.7749301
0.4412500,0.0183550,-0.0240170,-17.9620566,-24.8354846
0.4418750,0.0183764,-0.0239369,-18.0362077,-24.9096357
0.4425000,0.0183978,-0.0238568,-18.1103587,-24.9837867
0.4431250,0.0184196,-0.0237766,-18.1958078,-25.0692358
0.4437500,0.0184413,-0.0236965,-18.2812569,-25.1546849
0.4443750,0.0184634,-0.0236163,-18.3756066,-25.2490346
0.4450000,0.0184855,-0.0235361,-18.4699563,-25.3433843
0.4456250,0.0185079,-0.0234559,-18.5707285,-25.4441565
0.4462500,0.0185303,-0.0233756,-18.6715006,-25.5449286
0.4468750,0.0185530,-0.0232953,-18.7761554,-25.6495834
0.4475000,0.0185757,-0.0232151,-18.8808102,-25.7542382
0.4481250,0.0185988,-0.0231347,-18.9867653,-25.8601933
0.4487500,0.0186218,-0.0230544,-19.0927205,-25.9661485
0.4493750,0.0186452,-0.0229740,-19.1973707,-26.0707987
0.4500000,0.0186685,-0.0228937,-19.3020209,-26.1754489
0.4506250,0.0186922,-0.0228133,-19.4027576,-26.2761856
0.4512500,0.0187159,-0.0227328,-19.5034944,-26.3769224
0.4518750,0.0187400,-0.0226523,-19.5977256,-26.4711536
0.4525000,0.0187640,-0.0225719,-19.6919568,-26.5653848
0.4531250,0.0187884,-0.0224914,-19.7771262,-26.6505542
0.4537500,0.0188127,-0.0224109,-19.8622956,-26.7357236
0.4543750,0.0188374,-0.0223303,-19.9359021,-26.8093301
0.4550000,0.0188620,-0.0222498,-20.0095085,-26.8829365
0.4556250,0.0188870,-0.0221692,-20.0691246,-26.9425526
0.4562500,0.0189120,-0.0220887,-20.1287408,-27.0021688
0.4568750,0.0189374,-0.0220080,-20.1720314,-27.0454594
0.4575000,0.0189627,-0.0219274,-20.2153219,-27.0887499
0.4581250,0.0189884,-0.0218468,-20.2400607,-27.1134887
0.4587500,0.0190141,-0.0217661,-20.2647994,-27.1382274
0.4593750,0.0190401,-0.0216854,-20.2688862,-27.1423142
0.4600000,0.0190661,-0.0216047,-20.2729729,-27.1464009
0.4606250,0.0190925,-0.0215240,-20.2544488,-27.1278768
0.4612500,0.0191188,-0.0214432,-20.2359247,-27.1093527
0.4618750,0.0191455,-0.0213624,-20.1929868,-27.0664148
0.4625000,0.0191722,-0.0212816,-20.1500489,-27.0234769
0.4631250,0.0191992,-0.0212008,-20.0810632,-26.9544913
0.4637500,0.0192262,-0.0211200,-20.0120776,-26.8855056
0.4643750,0.0192536,-0.0210392,-19.9155914,-26.7890194
0.4650000,0.0192810,-0.0209583,-19.8191052,-26.6925332
0.4656250,0.0193087,-0.0208774,-19.6938571,-26.5672851
0.4662500,0.0193364,-0.0207965,-19.5686090,-26.4420370
0.4668750,0.0193645,-0.0207156,-19.4135385,-26.2869665
0.4675000,0.0193925,-0.0206346,-19.2584679,-26.1318959
0.4681250,0.0194209,-0.0205536,-19.0727227,-25.9461507
0.4687500,0.0194493,-0.0204727,-18.8869775,-25.7604055
0.4693750,0.0194781,-0.0203917,-18.6699196,-25.5433476
0.4700000,0.0195068,-0.0203107,-18.4528617,-25.3262897
0.4706250,0.0195359,-0.0202297,-18.2040718,-25.0774998
0.4712500,0.0195650,-0.0201487,-17.9552820,-24.8287100
0.4718750,0.0195945,-0.0200676,-17.6745624,-24.5479904
0.4725000,0.0196239,-0.0199866,-17.3938428,-24.2672708
0.4731250,0.0196537,-0.0199055,-17.0812182,-23.9546462
0.4737500,0.0196835,-0.0198244,-16.7685937,-23.6420217
0.4743750,0.0197137,-0.0197433,-16.4243110,-23.2977390
0.4750000,0.0197438,-0.0196622,-16.0800283,-22.9534563
0.4756250,0.0197743,-0.0195810,-15.7045542,-22.5779822
0.4762500,0.0198048,-0.0194999,-15.3290801,-22.2025081
0.4768750,0.0198357,-0.0194187,-14.9230973,-21.7965253
0.4775000,0.0198665,-0.0193375,-14.5171145,-21.3905425
0.4781250,0.0198978,-0.0192563,-14.0815165,-20.9549445
0.4787500,0.0199290,-0.0191751,-13.6459186,-20.5193466
0.4793750,0.0199606,-0.0190939,-13.1818029,-20.0552309
0.4800000,0.0199921,-0.0190127,-12.7176871,-19.5911151
0.4806250,0.0200241,-0.0189314,-12.2263462,-19.0997742
0.4812500,0.0200560,-0.0188502,-11.7350054,-18.6084334
0.4818750,0.0200883,-0.0187690,-11.2179178,-18.0913458
0.4825000,0.0201206,-0.0186877,-10.7008303,-17.5742583
0.4831250,0.0201533,-0.0186064,-10.1596491,-17.0330771
0.4837500,0.0201859,-0.0185251,-9.6184679,-16.4918959
0.4843750,0.0202189,-0.0184438,-9.0550084,-15.9284364
0.4850000,0.0202519,-0.0183625,-8.4915488,-15.3649768
0.4856250,0.0202853,-0.0182811,-7.9077749,-14.7812029
0.4862500,0.0203187,-0.0181998,-7.3240011,-14.1974291
0.4868750,0.0203525,-0.0181184,-6.7220115,-13.5954395
0.4875000,0.0203862,-0.0180371,-6.1200219,-12.9934499
0.4881250,0.0204203,-0.0179557,-5.5020339,-12.3754619
0.4887500,0.0204544,-0.0178744,-4.8840459,-11.7574739
0.4893750,0.0204889,-0.0177931,-4.2523799,-11.1258079
0.4900000,0.0205234,-0.0177117,-3.6207138,-10.4941418
0.4906250,0.0205583,-0.0176303,-2.9777760,-9.8512040
0.4912500,0.0205931,-0.0175489,-2.3348382,-9.2082662
0.4918750,0.0206284,-0.0174675,-1.6831036,-8.5565316
0.4925000,0.0206636,-0.0173861,-1.0313690,-7.9047970
0.4931250,0.0206992,-0.0173046,-0.3733634,-7.2467914
0.4937500,0.0207348,-0.0172232,0.2846421,-6.5887859
0.4943750,0.0207708,-0.0171418,0.9463597,-5.9270683
0.4950000,0.0208067,-0.0170604,1.6080773,-5.2653507
0.4956250,0.0208431,-0.0169789,2.2709334,-4.6024946
0.4962500,0.0208795,-0.0168975,2.9337894,-3.9396386
0.4968750,0.0209162,-0.0168161,3.5952135,-3.2782144
0.4975000,0.0209529,-0.0167347,4.2566377,-2.6167903
0.4981250,0.0209900,-0.0166533,4.9140808,-1.9593472
0.4987500,0.0210271,-0.0165718,5.5715240,-1.3019040
0.4993750,0.0210646,-0.0164904,6.2224760,-0.6509520
0.5000000,0.0211021,-0.0164089,6.8734280,0.0000000
0.5006250,0.0210669,-0.0164854,7.5154349,0.6420069
0.5012500,0.0210316,-0.0165620,8.1574419,1.2840139
0.5018750,0.0209967,-0.0166386,8.7881227,1.9146947
0.5025000,0.0209618,-0.0167152,9.4188035,2.5453755
0.5031250,0.0209272,-0.0167918,10.0358662,3.1624382
0.5037500,0.0208926,-0.0168683,10.6529288,3.7795008
0.5043750,0.0208584,-0.0169449,11.2541855,4.3807575
0.5050000,0.0208241,-0.0170214,11.8554422,4.9820142
0.5056250,0.0207902,-0.0170979,12.4388237,5.5653957
0.5062500,0.0207563,-0.0171745,13.0222053,6.1487773
0.5068750,0.0207227,-0.0172510,13.5857747,6.7123467
0.5075000,0.0206891,-0.0173276,14.1493442,7.2759162
0.5081250,0.0206559,-0.0174041,14.6913089,7.8178809
0.5087500,0.0206226,-0.0174806,15.2332736,8.3598456
0.5093750,0.0205897,-0.0175572,15.7519966,8.8785686
0.5100000,0.0205567,-0.0176337,16.2707196,9.3972916
0.5106250,0.0205241,-0.0177102,16.7647295,9.8913015
0.5112500,0.0204915,-0.0177867,17.2587394,10.3853114
0.5118750,0.0204593,-0.0178632,17.7267389,10.8533109
0.5125000,0.0204270,-0.0179397,18.1947385,11.3213105
0.5131250,0.0203951,-0.0180162,18.6356121,11.7621841
0.5137500,0.0203631,-0.0180927,19.0764856,12.2030576
0.5143750,0.0203315,-0.0181692,19.4893050,12.6158770
0.5150000,0.0202998,-0.0182456,19.9021244,13.0286964
0.5156250,0.0202685,-0.0183220,20.2861533,13.4127253
0.5162500,0.0202372,-0.0183985,20.6701822,13.7967542
0.5168750,0.0202063,-0.0184749,21.0248794,14.1514514
0.5175000,0.0201753,-0.0185514,21.3795766,14.5061486
0.5181250,0.0201447,-0.0186278,21.7045973,14.8311693
0.5187500,0.0201140,-0.0187042,22.0296180,15.1561900
0.5193750,0.0200837,-0.0187806,22.3248144,15.4513864
0.5200000,0.0200533,-0.0188570,22.6200108,15.7465828
0.5206250,0.0200233,-0.0189334,22.8854304,16.0120024
0.5212500,0.0199933,-0.0190098,23.1508500,16.2774220
0.5218750,0.0199636,-0.0190861,23.3867330,16.5133050
0.5225000,0.0199339,-0.0191625,23.6226161,16.7491881
0.5231250,0.0199045,-0.0192389,23.8293917,16.9559637
0.5237500,0.0198751,-0.0193152,24.0361672,17.1627392
0.5243750,0.0198461,-0.0193915,24.2144477,17.3410197
0.5250000,0.0198170,-0.0194678,24.3927281,17.5193001
0.5256250,0.0197883,-0.0195441,24.5433024,17.6698744
0.5262500,0.0197595,-0.0196204,24.6938767,17.8204487
0.5268750,0.0197311,-0.0196966,24.8177026,17.9442746
0.5275000,0.0197026,-0.0197729,24.9415286,18.0681006
0.5281250,0.0196745,-0.0198491,25.0397237,18.1662957
0.5287500,0.0196463,-0.0199254,25.1379188,18.2644908
0.5293750,0.0196185,-0.0200016,25.2117503,18.3383223
0.5300000,0.0195907,-0.0200778,25.2855817,18.4121537
0.5306250,0.0195632,-0.0201540,25.3364554,18.4630274
0.5312500,0.0195357,-0.0202302,25.3873290,18.5139010
0.5318750,0.0195085,-0.0203064,25.4167774,18.5433494
0.5325000,0.0194813,-0.0203825,25.4462258,18.5727978
0.5331250,0.0194544,-0.0204586,25.4558954,18.5824674
0.5337500,0.0194275,-0.0205348,25.4655651,18.5921371
0.5343750,0.0194009,-0.0206109,25.4572033,18.5837753
0.5350000,0.0193743,-0.0206870,25.4488415,18.5754135
0.5356250,0.0193480,-0.0207631,25.4242820,18.5508540
0.5362500,0.0193217,-0.0208391,25.3997226,18.5262946
0.5368750,0.0192958,-0.0209152,25.3608718,18.4874438
0.5375000,0.0192698,-0.0209912,25.3220210,18.4485930
0.5381250,0.0192441,-0.0210672,25.2708427,18.3974147
0.5387500,0.0192184,-0.0211432,25.2196643,18.3462363
0.5393750,0.0191931,-0.0212192,25.1581648,18.2847368
0.5400000,0.0191677,-0.0212952,25.0966654,18.2232374
0.5406250,0.0191426,-0.0213712,25.0268789,18.1534509
0.5412500,0.0191175,-0.0214471,24.9570924,18.0836644
0.5418750,0.0190928,-0.0215230,24.8810655,18.0076375
0.5425000,0.0190680,-0.0215989,24.8050386,17.9316106
0.5431250,0.0190435,-0.0216747,24.7248154,17.8513874
0.5437500,0.0190190,-0.0217506,24.6445921,17.7711641
0.5443750,0.0189949,-0.0218265,24.5621996,17.6887716
0.5450000,0.0189707,-0.0219023,24.4798072,17.6063792
0.5456250,0.0189468,-0.0219781,24.3972409,17.5238129
0.5462500,0.0189229,-0.0220539,24.3146747,17.4412467
0.5468750,0.0188993,-0.0221297,24.2338848,17.3604568
0.5475000,0.0188757,-0.0222055,24.1530948,17.2796668
0.5481250,0.0188524,-0.0222812,24.0759724,17.2025444
0.5487500,0.0188291,-0.0223569,23.9988499,17.1254219
0.5493750,0.0188061,-0.0224326,23.9272143,17.0537863
0.5500000,0.0187831,-0.0225083,23.8555788,16.9821508
0.5506250,0.0187604,-0.0225840,23.7911659,16.9177379
0.5512500,0.0187377,-0.0226596,23.7267531,16.8533251
0.5518750,0.0187153,-0.0227352,23.6712035,16.7977755
0.5525000,0.0186929,-0.0228109,23.6156540,16.7422260
0.5531250,0.0186708,-0.0228864,23.5705030,16.6970750
0.5537500,0.0186486,-0.0229620,23.5253520,16.6519240
0.5543750,0.0186268,-0.0230376,23.4920196,16.6185916
0.5550000,0.0186049,-0.0231131,23.4586873,16.5852593
0.5556250,0.0185834,-0.0231886,23.4384702,16.5650422
0.5562500,0.0185618,-0.0232641,23.4182532,16.5448252
0.5568750,0.0185405,-0.0233396,23.4123171,16.5388891
0.5575000,0.0185192,-0.0234150,23.4063811,16.5329531
0.5581250,0.0184982,-0.0234904,23.4157541,16.5423261
0.5587500,0.0184772,-0.0235659,23.4251271,16.5516991
0.5593750,0.0184565,-0.0236413,23.4506946,16.5772666
0.5600000,0.0184358,-0.0237166,23.4762621,16.6028341
0.5606250,0.0184154,-0.0237920,23.5187624,16.6453344
0.5612500,0.0183950,-0.0238673,23.5612626,16.6878346
0.5618750,0.0183749,-0.0239426,23.6212839,16.7478559
0.5625000,0.0183547,-0.0240179,23.6813052,16.8078772
0.5631250,0.0183349,-0.0240931,23.7592837,16.8858557
0.5637500,0.0183150,-0.0241684,23.8372622,16.9638342
0.5643750,0.0182954,-0.0242436,23.9334810,17.0600530
0.5650000,0.0182758,-0.0243188,24.0296999,17.1562719
0.5656250,0.0182565,-0.0243940,24.1442898,17.2708618
0.5662500,0.0182372,-0.0244692,24.2588796,17.3854516
0.5668750,0.0182182,-0.0245443,24.3918198,17.5183918
0.5675000,0.0181992,-0.0246194,24.5247599,17.6513319
0.5681250,0.0181805,-0.0246945,24.6758809,17.8024529
0.5687500,0.0181617,-0.0247696,24.8270019,17.9535739
0.5693750,0.0181432,-0.0248446,24.9959886,18.1225606
0.5700000,0.0181247,-0.0249197,25.1649754,18.2915474
0.5706250,0.0181065,-0.0249947,25.3513721,18.4779441
0.5712500,0.0180883,-0.0250697,25.5377687,18.6643407
0.5718750,0.0180704,-0.0251447,25.7409835,18.8675555
0.5725000,0.0180524,-0.0252196,25.9441983,19.0707703
0.5731250,0.0180348,-0.0252945,26.1635102,19.2900821
0.5737500,0.0180171,-0.0253694,26.3828220,19.5093940
0.5743750,0.0179998,-0.0254442,26.6173872,19.7439592
0.5750000,0.0179824,-0.0255191,26.8519524,19.9785244
0.5756250,0.0179653,-0.0255939,27.1008125,20.2273845
0.5762500,0.0179481,-0.0256687,27.3496726,20.4762446
0.5768750,0.0179313,-0.0257435,27.6117627,20.7383347
0.5775000,0.0179144,-0.0258182,27.8738528,21.0004248
0.5781250,0.0178979,-0.0258930,28.1480105,21.2745825
0.5787500,0.0178813,-0.0259677,28.4221682,21.5487402
0.5793750,0.0178650,-0.0260423,28.7071431,21.8337151
0.5800000,0.0178487,-0.0261170,28.9921180,22.1186900
0.5806250,0.0178327,-0.0261917,29.2865815,22.4131535
0.5812500,0.0178166,-0.0262663,29.5810450,22.7076170
0.5818750,0.0178008,-0.0263409,29.8836006,23.0101726
0.5825000,0.0177850,-0.0264155,30.1861561,23.3127281
0.5831250,0.0177662,-0.0265062,30.4953497,23.6219217
0.5837500,0.0177473,-0.0265969,30.8045432,23.9311152
0.5843750,0.0177159,-0.0267523,31.1188737,24.2454457
0.5850000,0.0176844,-0.0269078,31.4332043,24.5597763
0.5856250,0.0176541,-0.0270633,31.7511347,24.8777067
0.5862500,0.0176237,-0.0272188,32.0690650,25.1956370
0.5868750,0.0175945,-0.0273743,32.3890325,25.5156045
0.5875000,0.0175653,-0.0275297,32.7090000,25.8355720
0.5881250,0.0175372,-0.0276852,33.0294271,26.1559991
0.5887500,0.0175090,-0.0278406,33.3498542,26.4764262
0.5893750,0.0174819,-0.0279960,33.6691590,26.7957310
0.5900000,0.0174548,-0.0281515,33.9884638,27.1150358
0.5906250,0.0174289,-0.0283069,34.3050703,27.4316423
0.5912500,0.0174029,-0.0284622,34.6216767,27.7482487
0.5918750,0.0173780,-0.0286176,34.9340246,28.0605966
0.5925000,0.0173531,-0.0287729,35.2463724,28.3729444
0.5931250,0.0173293,-0.0289282,35.5529269,28.6794989
0.5937500,0.0173055,-0.0290835,35.8594814,28.9860534
0.5943750,0.0172828,-0.0292387,36.1587423,29.2853143
0.5950000,0.0172600,-0.0293940,36.4580032,29.5845752
0.5956250,0.0172384,-0.0295491,36.7485136,29.8750856
0.5962500,0.0172167,-0.0297043,37.0390240,30.1655960
0.5968750,0.0171961,-0.0298594,37.3193784,30.4459504
0.5975000,0.0171755,-0.0300144,37.5997328,30.7263048
0.5981250,0.0171560,-0.0301694,37.8685849,30.9951569
0.5987500,0.0171365,-0.0303244,38.1374370,31.2640090
0.5993750,0.0171181,-0.0304793,38.3935064,31.5200784
0.6000000,0.0170996,-0.0306342,38.6495759,31.7761479
0.6006250,0.0170822,-0.0307889,38.8916546,32.0182266
0.6012500,0.0170648,-0.0309437,39.1337334,32.2603054
0.6018750,0.0170485,-0.0310984,39.3606917,32.4872637
0.6025000,0.0170321,-0.0312531,39.5876499,32.7142219
0.6031250,0.0170168,-0.0314077,39.7984408,32.9250128
0.6037500,0.0170015,-0.0315622,40.0092317,33.1358037
0.6043750,0.0169873,-0.0317166,40.2028958,33.3294678
0.6050000,0.0169730,-0.0318711,40.3965599,33.5231319
0.6056250,0.0169599,-0.0320254,40.5722286,33.6988006
0.6062500,0.0169467,-0.0321797,40.7478973,33.8744693
0.6068750,0.0169346,-0.0323339,40.9047959,34.0313679
0.6075000,0.0169224,-0.0324880,41.0616945,34.1882665
0.6081250,0.0169113,-0.0326420,41.1991442,34.3257162
0.6087500,0.0169001,-0.0327960,41.3365939,34.4631659
0.6093750,0.0168901,-0.0329499,41.4540133,34.5805853
0.6100000,0.0168800,-0.0331037,41.5714328,34.6980048
0.6106250,0.0168710,-0.0332574,41.6683388,34.7949108
0.6112500,0.0168619,-0.0334111,41.7652449,34.8918169
0.6118750,0.0168539,-0.0335646,41.8412528,34.9678248
0.6125000,0.0168458,-0.0337181,41.9172607,35.0438327
0.6131250,0.0168388,-0.0338714,41.9720836,35.0986556
0.6137500,0.0168318,-0.0340248,42.0269064,35.1534784
0.6143750,0.0168259,-0.0341780,42.0603541,35.1869261
0.6150000,0.0168199,-0.0343312,42.0938017,35.2203737
0.6156250,0.0168149,-0.0344842,42.1057791,35.2323511
0.6162500,0.0168099,-0.0346372,42.1177566,35.2443286
0.6168750,0.0168060,-0.0347900,42.1082616,35.2348336
0.6175000,0.0168020,-0.0349428,42.0987667,35.2253387
0.6181250,0.0167991,-0.0350954,42.0678875,35.1944595
0.6187500,0.0167961,-0.0352480,42.0370083,35.1635803
0.6193750,0.0167941,-0.0354004,41.9849200,35.1114920
0.6200000,0.0167921,-0.0355529,41.9328317,35.0594037
0.6206250,0.0167912,-0.0357051,41.8597931,34.9863651
0.6212500,0.0167902,-0.0358573,41.7867545,34.9133265
0.6218750,0.0167903,-0.0360093,41.6931039,34.8196759
0.6225000,0.0167903,-0.0361613,41.5994533,34.7260253
0.6231250,0.0167913,-0.0363131,41.4856047,34.6121767
0.6237500,0.0167923,-0.0364649,41.3717561,34.4983281
0.6243750,0.0167943,-0.0366164,41.2381944,34.3647664
0.6250000,0.0167963,-0.0367680,41.1046327,34.2312047
0.6256250,0.0167993,-0.0369194,40.9519092,34.0784812
0.6262500,0.0168023,-0.0370707,40.7991856,33.9257576
0.6268750,0.0168063,-0.0372218,40.6279130,33.7544850
0.6275000,0.0168102,-0.0373730,40.4566404,33.5832124
0.6281250,0.0168152,-0.0375239,40.2674882,33.3940602
0.6287500,0.0168201,-0.0376748,40.0783361,33.2049081
0.6293750,0.0168260,-0.0378255,39.8720252,32.9985972
0.6300000,0.0168319,-0.0379762,39.6657144,32.7922864
0.6306250,0.0168388,-0.0381266,39.4430124,32.5695844
0.6312500,0.0168456,-0.0382771,39.2203104,32.3468824
0.6318750,0.0168534,-0.0384273,38.9820263,32.1085983
0.6325000,0.0168612,-0.0385775,38.7437421,31.8703141
0.6331250,0.0168700,-0.0387275,38.4907213,31.6172933
0.6337500,0.0168788,-0.0388774,38.2377006,31.3642726
0.6343750,0.0168886,-0.0390271,37.9708202,31.0973922
0.6350000,0.0168983,-0.0391768,37.7039399,30.8305119
0.6356250,0.0169090,-0.0393263,37.4241040,30.5506760
0.6362500,0.0169196,-0.0394758,37.1442681,30.2708401
0.6368750,0.0169313,-0.0396250,36.8524028,29.9789748
0.6375000,0.0169429,-0.0397742,36.5605374,29.6871094
0.6381250,0.0169555,-0.0399232,36.2575865,29.3841585
0.6387500,0.0169680,-0.0400721,35.9546356,29.0812076
0.6393750,0.0169816,-0.0402209,35.6415565,28.7681285
0.6400000,0.0169951,-0.0403696,35.3284775,28.4550495
0.6406250,0.0170095,-0.0405180,35.0062371,28.1328091
0.6412500,0.0170239,-0.0406665,34.6839967,27.8105687
0.6418750,0.0170393,-0.0408147,34.3535675,27.4801395
0.6425000,0.0170547,-0.0409629,34.0231382,27.1497102
0.6431250,0.0170710,-0.0411109,33.6854945,26.8120665
0.6437500,0.0170873,-0.0412588,33.3478508,26.4744228
0.6443750,0.0171045,-0.0414065,33.0039659,26.1305379
0.6450000,0.0171217,-0.0415542,32.6600810,25.7866530
0.6456250,0.0171399,-0.0417016,32.3109236,25.4374956
0.6462500,0.0171580,-0.0418490,31.9617663,25.0883383
0.6468750,0.0171771,-0.0419961,31.6082982,24.7348702
0.6475000,0.0171962,-0.0421433,31.2548300,24.3814020
0.6481250,0.0172162,-0.0422902,30.8980026,24.0245746
0.6487500,0.0172362,-0.0424371,30.5411753,23.6677473
0.6493750,0.0172571,-0.0425837,30.1819284,23.3085004
0.6500000,0.0172779,-0.0427303,29.8226815,22.9492535
0.6506250,0.0172998,-0.0428767,29.4619402,22.5885122
0.6512500,0.0173216,-0.0430230,29.1011990,22.2277710
0.6518750,0.0173443,-0.0431691,28.7398723,21.8664443
0.6525000,0.0173670,-0.0433152,28.3785456,21.5051176
0.6531250,0.0173906,-0.0434610,28.0175244,21.1440964
0.6537500,0.0174142,-0.0436068,27.6565032,20.7830752
0.6543750,0.0174388,-0.0437524,27.2966589,20.4232309
0.6550000,0.0174633,-0.0438979,26.9368147,20.0633867
0.6556250,0.0174887,-0.0440432,26.5789978,19.7055698
0.6562500,0.0175141,-0.0441884,26.2211809,19.3477529
0.6568750,0.0175405,-0.0443334,25.8662196,18.9927916
0.6575000,0.0175668,-0.0444784,25.5112583,18.6378303
0.6581250,0.0175940,-0.0446231,25.1599576,18.2865296
0.6587500,0.0176212,-0.0447679,24.8086568,17.9352288
0.6593750,0.0176493,-0.0449124,24.4617971,17.5883691
0.6600000,0.0176774,-0.0450568,24.1149374,17.2415094
0.6606250,0.0177064,-0.0452010,23.7732740,16.8998460
0.6612500,0.0177354,-0.0453451,23.4316106,16.5581826
0.6618750,0.0177653,-0.0454890,23.0958723,16.2224443
0.6625000,0.0177952,-0.0456329,22.7601339,15.8867059
0.6631250,0.0178260,-0.0457765,22.4310224,15.5575944
0.6637500,0.0178567,-0.0459202,22.1019109,15.2284829
0.6643750,0.0178884,-0.0460636,21.7800998,14.9066718
0.6650000,0.0179201,-0.0462069,21.4582888,14.5848608
0.6656250,0.0179527,-0.0463500,21.1444228,14.2709948
0.6662500,0.0179852,-0.0464930,20.8305569,13.9571289
0.6668750,0.0180048,-0.0465771,20.5252509,13.6518229
0.6675000,0.0180243,-0.0466612,20.2199448,13.3465168
0.6681250,0.0180407,-0.0467306,19.9237825,13.0503545
0.6687500,0.0180571,-0.0468000,19.6276201,12.7541921
0.6693750,0.0180737,-0.0468693,19.3411534,12.4677254
0.6700000,0.0180903,-0.0469386,19.0546867,12.1812587
0.6706250,0.0181071,-0.0470079,18.7784345,11.9050065
0.6712500,0.0181239,-0.0470772,18.5021823,11.6287543
0.6718750,0.0181410,-0.0471465,18.2366291,11.3632011
0.6725000,0.0181580,-0.0472157,17.9710760,11.0976480
0.6731250,0.0181753,-0.0472849,17.7166711,10.8432431
0.6737500,0.0181925,-0.0473541,17.4622661,10.5888381
0.6743750,0.0182100,-0.0474233,17.2194214,10.3459934
0.6750000,0.0182274,-0.0474924,16.9765768,10.1031488
0.6756250,0.0182451,-0.0475616,16.7456661,9.8722381
0.6762500,0.0182628,-0.0476307,16.5147555,9.6413275
0.6768750,0.0182807,-0.0476997,16.2961126,9.4226846
0.6775000,0.0182986,-0.0477688,16.0774697,9.2040417
0.6781250,0.0183167,-0.0478379,15.8713867,8.9979587
0.6787500,0.0183348,-0.0479069,15.6653037,8.7918757
0.6793750,0.0183531,-0.0479759,15.4720294,8.5986014
0.6800000,0.0183714,-0.0480449,15.2787552,8.4053272
0.6806250,0.0183900,-0.0481138,15.0984934,8.2250654
0.6812500,0.0184085,-0.0481828,14.9182316,8.0448036
0.6818750,0.0184273,-0.0482517,14.7511391,7.8777111
0.6825000,0.0184460,-0.0483206,14.5840466,7.7106186
0.6831250,0.0184650,-0.0483895,14.4302314,7.5568034
0.6837500,0.0184839,-0.0484583,14.2764161,7.4029881
0.6843750,0.0185031,-0.0485271,14.1359355,7.2625075
0.6850000,0.0185223,-0.0485959,13.9954550,7.1220270
0.6856250,0.0185417,-0.0486647,13.8683141,6.9948861
0.6862500,0.0185611,-0.0487334,13.7411732,6.8677452
0.6868750,0.0185807,-0.0488021,13.6273226,6.7538946
0.6875000,0.0186003,-0.0488708,13.5134721,6.6400441
0.6881250,0.0186201,-0.0489394,13.4128067,6.5393787
0.6887500,0.0186399,-0.0490081,13.3121412,6.4387132
0.6893750,0.0186600,-0.0490767,13.2244981,6.3510701
0.6900000,0.0186800,-0.0491453,13.1368549,6.2634269
0.6906250,0.0187002,-0.0492139,13.0620121,6.1885841
0.6912500,0.0187204,-0.0492824,12.9871694,6.1137414
0.6918750,0.0187409,-0.0493509,12.9248449,6.0514169
0.6925000,0.0187614,-0.0494194,12.8625204,5.9890924
0.6931250,0.0187821,-0.0494878,12.8123705,5.9389425
0.6937500,0.0188027,-0.0495563,12.7622205,5.8887925
0.6943750,0.0188236,-0.0496247,12.7238391,5.8504111
0.6950000,0.0188445,-0.0496931,12.6854576,5.8120296
0.6956250,0.0188656,-0.0497614,12.6583756,5.7849476
0.6962500,0.0188867,-0.0498298,12.6312937,5.7578657
0.6968750,0.0189080,-0.0498981,12.6149789,5.7415509
0.6975000,0.0189293,-0.0499664,12.5986642,5.7252362
0.6981250,0.0189508,-0.0500346,12.5925210,5.7190930
0.6987500,0.0189723,-0.0501029,12.5863777,5.7129497
0.6993750,0.0189941,-0.0501710,12.5897474,5.7163194
0.7000000,0.0190158,-0.0502392,12.5931172,5.7196892
0.7006250,0.0190378,-0.0503074,12.6052791,5.7318511
0.7012500,0.0190597,-0.0503755,12.6174409,5.7440129
0.7018750,0.0190819,-0.0504436,12.6376130,5.7641850
0.7025000,0.0191040,-0.0505116,12.6577850,5.7843570
0.7031250,0.0191264,-0.0505797,12.6851257,5.8116977
0.7037500,0.0191487,-0.0506477,12.7124663,5.8390383
0.7043750,0.0191713,-0.0507157,12.7460765,5.8726485
0.7050000,0.0191939,-0.0507836,12.7796866,5.9062586
0.7056250,0.0192167,-0.0508515,12.8186121,5.9451841
0.7062500,0.0192395,-0.0509194,12.8575375,5.9841095
0.7068750,0.0192625,-0.0509872,12.9007717,6.0273437
0.7075000,0.0192855,-0.0510550,12.9440058,6.0705778
0.7081250,0.0193088,-0.0511228,12.9904934,6.1170654
0.7087500,0.0193320,-0.0511906,13.0369810,6.1635530
0.7093750,0.0193554,-0.0512583,13.0856217,6.2121937
0.7100000,0.0193788,-0.0513260,13.1342624,6.2608344
0.7106250,0.0194025,-0.0513937,13.1839152,6.3104872
0.7112500,0.0194261,-0.0514614,13.2335679,6.3601399
0.7118750,0.0194500,-0.0515290,13.2830558,6.4096278
0.7125000,0.0194738,-0.0515966,13.3325437,6.4591157
0.7131250,0.0194979,-0.0516641,13.3806592,6.5072312
0.7137500,0.0195220,-0.0517316,13.4287747,6.5553467
0.7143750,0.0195463,-0.0517991,13.4742853,6.6008573
0.7150000,0.0195705,-0.0518666,13.5197959,6.6463679
0.7156250,0.0195950,-0.0519340,13.5614502,6.6880222
0.7162500,0.0196195,-0.0520014,13.6031044,6.7296764
0.7168750,0.0196442,-0.0520688,13.6396385,6.7662105
0.7175000,0.0196689,-0.0521361,13.6761726,6.8027446
0.7181250,0.0196939,-0.0522034,13.7063171,6.8328891
0.7187500,0.0197188,-0.0522707,13.7364616,6.8630336
0.7193750,0.0197439,-0.0523379,13.7589487,6.8855207
0.7200000,0.0197690,-0.0524051,13.7814358,6.9080078
0.7206250,0.0197944,-0.0524722,13.7950065,6.9215785
0.7212500,0.0198197,-0.0525394,13.8085772,6.9351492
0.7218750,0.0198453,-0.0526065,13.8119892,6.9385612
0.7225000,0.0198708,-0.0526736,13.8154012,6.9419732
0.7231250,0.0198966,-0.0527407,13.8074368,6.9340088
0.7237500,0.0199223,-0.0528077,13.7994723,6.9260443
0.7243750,0.0199483,-0.0528746,13.7789459,6.9055179
0.7250000,0.0199743,-0.0529416,13.7584194,6.8849914
0.7256250,0.0200005,-0.0530085,13.7241859,6.8507579
0.7262500,0.0200267,-0.0530754,13.6899524,6.8165244
0.7268750,0.0200531,-0.0531423,13.6409153,6.7674873
0.7275000,0.0200795,-0.0532091,13.5918783,6.7184503
0.7281250,0.0201061,-0.0532758,13.5269975,6.6535695
0.7287500,0.0201327,-0.0533426,13.4621167,6.5886887
0.7293750,0.0201595,-0.0534093,13.3804165,6.5069885
0.7300000,0.0201863,-0.0534760,13.2987162,6.4252882
0.7306250,0.0202134,-0.0535426,13.1992927,6.3258647
0.7312500,0.0202404,-0.0536092,13.0998692,6.2264412
0.7318750,0.0202677,-0.0536758,12.9818982,6.1084702
0.7325000,0.0202949,-0.0537423,12.8639273,5.9904993
0.7331250,0.0203224,-0.0538088,12.7266714,5.8532434
0.7337500,0.0203498,-0.0538753,12.5894155,5.7159875
0.7343750,0.0203775,-0.0539417,12.4322305,5.5588026
0.7350000,0.0204051,-0.0540081,12.2750456,5.4016176
0.7356250,0.0204330,-0.0540744,12.0973874,5.2239594
0.7362500,0.0204609,-0.0541408,11.9197291,5.0463011
0.7368750,0.0204890,-0.0542071,11.7211589,4.8477309
0.7375000,0.0205171,-0.0542734,11.5225888,4.6491608
0.7381250,0.0205454,-0.0543396,11.3027791,4.4293511
0.7387500,0.0205737,-0.0544058,11.0829695,4.2095415
0.7393750,0.0206022,-0.0544720,10.8417084,3.9682804
0.7400000,0.0206307,-0.0545381,10.6004473,3.7270193
0.7406250,0.0206594,-0.0546042,10.3376425,3.4642145
0.7412500,0.0206881,-0.0546702,10.0748376,3.2014096
0.7418750,0.0207171,-0.0547362,9.7905196,2.9170916
0.7425000,0.0207460,-0.0548022,9.5062016,2.6327736
0.7431250,0.0207752,-0.0548682,9.2005267,2.3270987
0.7437500,0.0208043,-0.0549341,8.8948518,2.0214238
0.7443750,0.0208337,-0.0550000,8.5681032,1.6946752
0.7450000,0.0208630,-0.0550658,8.2413547,1.3679267
0.7456250,0.0208926,-0.0551316,7.8939440,1.0205160
0.7462500,0.0209221,-0.0551973,7.5465332,0.6731052
0.7468750,0.0209519,-0.0552630,7.1789997,0.3055717
0.7475000,0.0209817,-0.0553287,6.8114662,-0.0619618
0.7481250,0.0210117,-0.0553944,6.4244767,-0.4489513
0.7487500,0.0210417,-0.0554600,6.0374873,-0.8359407
0.7493750,0.0210719,-0.0555256,5.6318338,-1.2415942
0.7500000,0.0211021,-0.0555911,5.2261804,-1.6472476
0.7506250,0.0211021,-0.0555911,4.8027779,-2.0706501
0.7512500,0.0211021,-0.0555911,4.3793753,-2.4940527
0.7518750,0.0211021,-0.0555911,3.9392573,-2.9341707
0.7525000,0.0211021,-0.0555911,3.4991393,-3.3742887
0.7531250,0.0211021,-0.0555911,3.0434542,-3.8299738
0.7537500,0.0211021,-0.0555911,2.5877691,-4.2856589
0.7543750,0.0211021,-0.0555911,2.1177741,-4.7556539
0.7550000,0.0211021,-0.0555911,1.6477792,-5.2256488
0.7556250,0.0211021,-0.0555911,1.1648344,-5.7085936
0.7562500,0.0211021,-0.0555911,0.6818895,-6.1915385
0.7568750,0.0211021,-0.0555911,0.1874501,-6.6859779
0.7575000,0.0211021,-0.0555911,-0.3069893,-7.1804173
0.7581250,0.0211021,-0.0555911,-0.8113804,-7.6848084
0.7587500,0.0211021,-0.0555911,-1.3157715,-8.1891995
0.7593750,0.0211021,-0.0555911,-1.8284929,-8.7019209
0.7600000,0.0211021,-0.0555911,-2.3412142,-9.2146422
0.7606250,0.0211021,-0.0555911,-2.8605752,-9.7340032
0.7612500,0.0211021,-0.0555911,-3.3799362,-10.2533642
0.7618750,0.0211021,-0.0555911,-3.9041874,-10.7776154
0.7625000,0.0211021,-0.0555911,-4.4284386,-11.3018666
0.7631250,0.0211021,-0.0555911,-4.9557824,-11.8292104
0.7637500,0.0211021,-0.0555911,-5.4831262,-12.3565542
0.7643750,0.0211021,-0.0555911,-6.0117283,-12.8851563
0.7650000,0.0211021,-0.0555911,-6.5403304,-13.4137584
0.7656250,0.0210700,-0.0555213,-7.0683314,-13.9417594
0.7662500,0.0210379,-0.0554516,-7.5963324,-14.4697604
0.7668750,0.0210060,-0.0553818,-8.1218602,-14.9952882
0.7675000,0.0209741,-0.0553120,-8.6473881,-15.5208161
0.7681250,0.0209425,-0.0552421,-9.1685704,-16.0419984
0.7687500,0.0209108,-0.0551722,-9.6897527,-16.5631807
0.7693750,0.0208794,-0.0551022,-10.2047295,-17.0781575
0.7700000,0.0208480,-0.0550322,-10.7197063,-17.5931343
0.7706250,0.0208169,-0.0549622,-11.2266427,-18.1000708
0.7712500,0.0207857,-0.0548921,-11.7335792,-18.6070072
0.7718750,0.0207548,-0.0548220,-12.2306785,-19.1041065
0.7725000,0.0207238,-0.0547518,-12.7277778,-19.6012058
0.7731250,0.0206932,-0.0546815,-13.2132940,-20.0867220
0.7737500,0.0206625,-0.0546113,-13.6988102,-20.5722382
0.7743750,0.0206321,-0.0545410,-14.1710606,-21.0444886
0.7750000,0.0206016,-0.0544707,-14.6433109,-21.5167389
0.7756250,0.0205714,-0.0544003,-15.1006882,-21.9741162
0.7762500,0.0205412,-0.0543299,-15.5580656,-22.4314936
0.7768750,0.0205112,-0.0542595,-15.9990505,-22.8724785
0.7775000,0.0204812,-0.0541890,-16.4400354,-23.3134634
0.7781250,0.0204515,-0.0541184,-16.8632072,-23.7366352
0.7787500,0.0204218,-0.0540479,-17.2863789,-24.1598069
0.7793750,0.0203923,-0.0539773,-17.6904269,-24.5638549
0.7800000,0.0203628,-0.0539066,-18.0944749,-24.9679029
0.7806250,0.0203336,-0.0538359,-18.4782085,-25.3516365
0.7812500,0.0203043,-0.0537652,-18.8619420,-25.7353700
0.7818750,0.0202753,-0.0536944,-19.2243001,-26.0977281
0.7825000,0.0202463,-0.0536236,-19.5866583,-26.4600863
0.7831250,0.0202175,-0.0535527,-19.9267183,-26.8001463
0.7837500,0.0201887,-0.0534819,-20.2667782,-27.1402062
0.7843750,0.0201602,-0.0534109,-20.5837632,-27.4571912
0.7850000,0.0201317,-0.0533400,-20.9007482,-27.7741762
0.7856250,0.0201034,-0.0532690,-21.1940343,-28.0674623
0.7862500,0.0200751,-0.0531980,-21.4873203,-28.3607483
0.7868750,0.0200471,-0.0531269,-21.7564419,-28.6298699
0.7875000,0.0200190,-0.0530558,-22.0255635,-28.8989915
0.7881250,0.0199912,-0.0529846,-22.2702182,-29.1436462
0.7887500,0.0199633,-0.0529135,-22.5148730,-29.3883010
0.7893750,0.0199358,-0.0528422,-22.7349252,-29.6083532
0.7900000,0.0199082,-0.0527710,-22.9549774,-29.8284054
0.7906250,0.0198809,-0.0526997,-23.1504602,-30.0238882
0.7912500,0.0198535,-0.0526283,-23.3459430,-30.2193710
0.7918750,0.0198264,-0.0525569,-23.5170594,-30.3904874
0.7925000,0.0197993,-0.0524856,-23.6881758,-30.5616038
0.7931250,0.0197725,-0.0524141,-23.8352986,-30.7087266
0.7937500,0.0197456,-0.0523426,-23.9824214,-30.8558494
0.7943750,0.0197190,-0.0522711,-24.1060917,-30.9795197
0.7950000,0.0196924,-0.0521996,-24.2297620,-31.1031900
0.7956250,0.0196660,-0.0521280,-24.3306864,-31.2041144
0.7962500,0.0196396,-0.0520563,-24.4316107,-31.3050387
0.7968750,0.0196135,-0.0519846,-24.5106572,-31.3840852
0.7975000,0.0195873,-0.0519130,-24.5897036,-31.4631316
0.7981250,0.0195614,-0.0518413,-24.6478963,-31.5213243
0.7987500,0.0195355,-0.0517695,-24.7060890,-31.5795170
0.7993750,0.0195099,-0.0516976,-24.7446021,-31.6180301
0.8000000,0.0194842,-0.0516258,-24.7831151,-31.6565431
0.8006250,0.0194588,-0.0515539,-24.8032644,-31.6766924
0.8012500,0.0194334,-0.0514820,-24.8234137,-31.6968417
0.8018750,0.0194082,-0.0514100,-24.8266483,-31.7000763
0.8025000,0.0193830,-0.0513381,-24.8298830,-31.7033110
0.8031250,0.0193581,-0.0512661,-24.8177754,-31.6912034
0.8037500,0.0193332,-0.0511941,-24.8056679,-31.6790959
0.8043750,0.0193085,-0.0511220,-24.7799026,-31.6533306
0.8050000,0.0192838,-0.0510499,-24.7541374,-31.6275654
0.8056250,0.0192593,-0.0509777,-24.7164994,-31.5899274
0.8062500,0.0192348,-0.0509055,-24.6788614,-31.5522894
0.8068750,0.0192106,-0.0508333,-24.6312230,-31.5046510
0.8075000,0.0191864,-0.0507611,-24.5835845,-31.4570125
0.8081250,0.0191624,-0.0506888,-24.5278920,-31.4013200
0.8087500,0.0191384,-0.0506165,-24.4721994,-31.3456274
0.8093750,0.0191147,-0.0505441,-24.4104584,-31.2838864
0.8100000,0.0190910,-0.0504718,-24.3487175,-31.2221455
0.8106250,0.0190675,-0.0503993,-24.2829787,-31.1564067
0.8112500,0.0190440,-0.0503269,-24.2172399,-31.0906679
0.8118750,0.0190208,-0.0502544,-24.1495829,-31.0230109
0.8125000,0.0189975,-0.0501819,-24.0819260,-30.9553540
0.8131250,0.0189745,-0.0501093,-24.0144442,-30.8878722
0.8137500,0.0189514,-0.0500368,-23.9469624,-30.8203904
0.8143750,0.0189287,-0.0499642,-23.8817465,-30.7551745
0.8150000,0.0189059,-0.0498916,-23.8165306,-30.6899586
0.8156250,0.0188834,-0.0498189,-23.7556528,-30.6290808
0.8162500,0.0188608,-0.0497463,-23.6947750,-30.5682030
0.8168750,0.0188385,-0.0496735,-23.6402726,-30.5137006
0.8175000,0.0188162,-0.0496008,-23.5857702,-30.4591982
0.8181250,0.0187942,-0.0495280,-23.5396297,-30.4130577
0.8187500,0.0187721,-0.0494552,-23.4934891,-30.3669171
0.8193750,0.0187503,-0.0493824,-23.4576303,-30.3310583
0.8200000,0.0187285,-0.0493095,-23.4217714,-30.2951994
0.8206250,0.0187070,-0.0492366,-23.3980319,-30.2714599
0.8212500,0.0186854,-0.0491637,-23.3742925,-30.2477205
0.8218750,0.0186641,-0.0490907,-23.3644130,-30.2378410
0.8225000,0.0186427,-0.0490177,-23.3545335,-30.2279615
0.8231250,0.0186216,-0.0489447,-23.3601431,-30.2335711
0.8237500,0.0186005,-0.0488717,-23.3657527,-30.2391807
0.8243750,0.0185797,-0.0487986,-23.3883553,-30.2617833
0.8250000,0.0185588,-0.0487255,-23.4109579,-30.2843859
0.8256250,0.0185382,-0.0486523,-23.4519197,-30.3253477
0.8262500,0.0185176,-0.0485792,-23.4928814,-30.3663094
0.8268750,0.0184973,-0.0485060,-23.5534184,-30.4268464
0.8275000,0.0184769,-0.0484328,-23.6139554,-30.4873834
0.8281250,0.0184568,-0.0483596,-23.6951231,-30.5685511
0.8287500,0.0184367,-0.0482863,-23.7762909,-30.6497189
0.8293750,0.0184168,-0.0482130,-23.8789744,-30.7524024
0.8300000,0.0183969,-0.0481397,-23.9816579,-30.8550859
0.8306250,0.0183773,-0.0480663,-24.1065632,-30.9799912
0.8312500,0.0183576,-0.0479930,-24.2314685,-31.1048965
0.8318750,0.0183382,-0.0479196,-24.3791156,-31.2525436
0.8325000,0.0183188,-0.0478462,-24.5267626,-31.4001906
0.8331250,0.0182997,-0.0477728,-24.6974791,-31.5709071
0.8337500,0.0182805,-0.0476993,-24.8681956,-31.7416236
0.8343750,0.0182616,-0.0476258,-25.0621128,-31.9355408
0.8350000,0.0182427,-0.0475523,-25.2560301,-32.1294581
0.8356250,0.0182241,-0.0474788,-25.4730798,-32.3465078
0.8362500,0.0182054,-0.0474052,-25.6901295,-32.5635575
0.8368750,0.0181870,-0.0473316,-25.9300423,-32.8034703
0.8375000,0.0181685,-0.0472580,-26.1699550,-33.0433830
0.8381250,0.0181504,-0.0471843,-26.4322603,-33.3056883
0.8387500,0.0181322,-0.0471107,-26.6945656,-33.5679936
0.8393750,0.0181143,-0.0470370,-26.9785934,-33.8520214
0.8400000,0.0180963,-0.0469633,-27.2626212,-34.1360492
0.8406250,0.0180786,-0.0468896,-27.5675050,-34.4409330
0.8412500,0.0180609,-0.0468159,-27.8723887,-34.7458167
0.8418750,0.0180435,-0.0467421,-28.1970699,-35.0704979
0.8425000,0.0180260,-0.0466683,-28.5217510,-35.3951790
0.8431250,0.0180052,-0.0465788,-28.8649851,-35.7384131
0.8437500,0.0179843,-0.0464894,-29.2082192,-36.0816472
0.8443750,0.0179497,-0.0463371,-29.5685834,-36.4420114
0.8450000,0.0179151,-0.0461848,-29.9289476,-36.8023756
0.8456250,0.0178815,-0.0460322,-30.3048496,-37.1782776
0.8462500,0.0178479,-0.0458797,-30.6807516,-37.5541796
0.8468750,0.0178154,-0.0457268,-31.0704399,-37.9438679
0.8475000,0.0177828,-0.0455739,-31.4601282,-38.3335562
0.8481250,0.0177512,-0.0454207,-31.8617036,-38.7351316
0.8487500,0.0177196,-0.0452675,-32.2632789,-39.1367069
0.8493750,0.0176891,-0.0451140,-32.6747072,-39.5481352
0.8500000,0.0176585,-0.0449605,-33.0861355,-39.9595635
0.8506250,0.0176289,-0.0448067,-33.5052617,-40.3786897
0.8512500,0.0175993,-0.0446529,-33.9243879,-40.7978159
0.8518750,0.0175708,-0.0444987,-34.3489508,-41.2223788
0.8525000,0.0175422,-0.0443446,-34.7735136,-41.6469416
0.8531250,0.0175147,-0.0441902,-35.2011615,-42.0745895
0.8537500,0.0174872,-0.0440358,-35.6288094,-42.5022374
0.8543750,0.0174607,-0.0438810,-36.0571170,-42.9305449
0.8550000,0.0174341,-0.0437263,-36.4854245,-43.3588525
0.8556250,0.0174086,-0.0435713,-36.9119099,-43.7853379
0.8562500,0.0173831,-0.0434162,-37.3383954,-44.2118234
0.8568750,0.0173587,-0.0432608,-37.7605382,-44.6339662
0.8575000,0.0173342,-0.0431055,-38.1826810,-45.0561090
0.8581250,0.0173108,-0.0429498,-38.5979401,-45.4713681
0.8587500,0.0172873,-0.0427942,-39.0131992,-45.8866272
0.8593750,0.0172649,-0.0426382,-39.4190317,-46.2924596
0.8600000,0.0172425,-0.0424822,-39.8248641,-46.6982921
0.8606250,0.0172211,-0.0423260,-40.2187435,-47.0921715
0.8612500,0.0171997,-0.0421697,-40.6126230,-47.4860510
0.8618750,0.0171794,-0.0420131,-40.9920584,-47.8654864
0.8625000,0.0171590,-0.0418566,-41.3714938,-48.2449218
0.8631250,0.0171397,-0.0416997,-41.7340477,-48.6074757
0.8637500,0.0171204,-0.0415428,-42.0966016,-48.9700296
0.8643750,0.0171022,-0.0413856,-42.4399087,-49.3133367
0.8650000,0.0170839,-0.0412285,-42.7832157,-49.6566437
0.8656250,0.0170667,-0.0410710,-43.1050001,-49.9784281
0.8662500,0.0170494,-0.0409135,-43.4267846,-50.3002126
0.8668750,0.0170333,-0.0407557,-43.7248776,-50.5983056
0.8675000,0.0170171,-0.0405980,-44.0229705,-50.8963985
0.8681250,0.0170020,-0.0404399,-44.2953264,-51.1687544
0.8687500,0.0169869,-0.0402819,-44.5676823,-51.4411103
0.8693750,0.0169729,-0.0401236,-44.8123946,-51.6858225
0.8700000,0.0169588,-0.0399653,-45.0571068,-51.9305348
0.8706250,0.0169458,-0.0398067,-45.2724226,-52.1458506
0.8712500,0.0169328,-0.0396480,-45.4877385,-52.3611665
0.8718750,0.0169209,-0.0394891,-45.6720724,-52.5455004
0.8725000,0.0169090,-0.0393302,-45.8564062,-52.7298342
0.8731250,0.0168982,-0.0391710,-46.0083524,-52.8817804
0.8737500,0.0168873,-0.0390118,-46.1602985,-53.0337265
0.8743750,0.0168776,-0.0388523,-46.2786423,-53.1520703
0.8750000,0.0168678,-0.0386929,-46.3969860,-53.2704140
0.8756250,0.0168591,-0.0385332,-46.4807133,-53.3541412
0.8762500,0.0168504,-0.0383734,-46.5644405,-53.4378685
0.8768750,0.0168428,-0.0382134,-46.6127465,-53.4861745
0.8775000,0.0168352,-0.0380534,-46.6610525,-53.5344805
0.8781250,0.0168287,-0.0378931,-46.6733483,-53.5467763
0.8787500,0.0168222,-0.0377328,-46.6856441,-53.5590721
0.8793750,0.0168168,-0.0375722,-46.6615619,-53.5349899
0.8800000,0.0168114,-0.0374117,-46.6374798,-53.5109078
0.8806250,0.0168071,-0.0372509,-46.5768769,-53.4503049
0.8812500,0.0168027,-0.0370901,-46.5162741,-53.3897021
0.8818750,0.0167995,-0.0369291,-46.4192346,-53.2926626
0.8825000,0.0167963,-0.0367680,-46.3221950,-53.1956230
0.8831250,0.0167942,-0.0366067,-46.1890298,-53.0624578
0.8837500,0.0167921,-0.0364454,-46.0558646,-52.9292926
0.8843750,0.0167912,-0.0362838,-45.8871106,-52.7605386
0.8850000,0.0167902,-0.0361223,-45.7183567,-52.5917847
0.8856250,0.0167903,-0.0359605,-45.5147736,-52.3882015
0.8862500,0.0167904,-0.0357988,-45.3111904,-52.1846184
0.8868750,0.0167917,-0.0356368,-45.0737555,-51.9471835
0.8875000,0.0167930,-0.0354747,-44.8363206,-51.7097486
0.8881250,0.0167954,-0.0353124,-44.5662229,-51.4396509
0.8887500,0.0167977,-0.0351502,-44.2961253,-51.1695533
0.8893750,0.0168013,-0.0349877,-43.9947575,-50.8681855
0.8900000,0.0168048,-0.0348253,-43.6933897,-50.5668177
0.8906250,0.0168095,-0.0346626,-43.3623384,-50.2357664
0.8912500,0.0168141,-0.0344999,-43.0312872,-49.9047152
0.8918750,0.0168199,-0.0343370,-42.6723224,-49.5457504
0.8925000,0.0168257,-0.0341741,-42.3133576,-49.1867856
0.8931250,0.0168327,-0.0340110,-41.9284197,-48.8018477
0.8937500,0.0168397,-0.0338479,-41.5434819,-48.4169099
0.8943750,0.0168478,-0.0336846,-41.1346688,-48.0080968
0.8950000,0.0168559,-0.0335213,-40.7258557,-47.5992837
0.8956250,0.0168652,-0.0333579,-40.2954073,-47.1688353
0.8962500,0.0168744,-0.0331944,-39.8649590,-46.7383870
0.8968750,0.0168849,-0.0330307,-39.4152418,-46.2886698
0.8975000,0.0168953,-0.0328670,-38.9655245,-45.8389525
0.8981250,0.0169069,-0.0327031,-38.4990140,-45.3724420
0.8987500,0.0169185,-0.0325393,-38.0325036,-44.9059316
0.8993750,0.0169313,-0.0323753,-37.5517674,-44.4251954
0.9000000,0.0169441,-0.0322113,-37.0710312,-43.9444592
0.9006250,0.0169581,-0.0320471,-36.5787098,-43.4521378
0.9012500,0.0169720,-0.0318829,-36.0863884,-42.9598164
0.9018750,0.0169872,-0.0317186,-35.5851766,-42.4586046
0.9025000,0.0170023,-0.0315543,-35.0839647,-41.9573927
0.9031250,0.0170186,-0.0313898,-34.5765919,-41.4500199
0.9037500,0.0170349,-0.0312253,-34.0692191,-40.9426471
0.9043750,0.0170525,-0.0310607,-33.5584296,-40.4318576
0.9050000,0.0170700,-0.0308961,-33.0476402,-39.9210682
0.9056250,0.0170887,-0.0307314,-32.5361734,-39.4096014
0.9062500,0.0171074,-0.0305667,-32.0247067,-38.8981347
0.9068750,0.0171274,-0.0304018,-31.5152773,-38.3887053
0.9075000,0.0171473,-0.0302370,-31.0058479,-37.8792759
0.9081250,0.0171684,-0.0300720,-30.5011258,-37.3745538
0.9087500,0.0171895,-0.0299071,-29.9964038,-36.8698318
0.9093750,0.0172119,-0.0297420,-29.4989951,-36.3724231
0.9100000,0.0172342,-0.0295770,-29.0015864,-35.8750144
0.9106250,0.0172578,-0.0294118,-28.5140143,-35.3874423
0.9112500,0.0172813,-0.0292467,-28.0264422,-34.8998702
0.9118750,0.0173061,-0.0290815,-27.5511289,-34.4245569
0.9125000,0.0173308,-0.0289163,-27.0758155,-33.9492435
0.9131250,0.0173568,-0.0287510,-26.6150641,-33.4884921
0.9137500,0.0173828,-0.0285857,-26.1543126,-33.0277406
0.9143750,0.0174101,-0.0284204,-25.7102910,-32.5837190
0.9150000,0.0174373,-0.0282551,-25.2662695,-32.1396975
0.9156250,0.0174658,-0.0280897,-24.8409944,-31.7144224
0.9162500,0.0174942,-0.0279243,-24.4157194,-31.2891474
0.9168750,0.0175239,-0.0277589,-24.0110420,-30.8844700
0.9175000,0.0175535,-0.0275935,-23.6063646,-30.4797926
0.9181250,0.0175845,-0.0274281,-23.2239569,-30.0973849
0.9187500,0.0176154,-0.0272626,-22.8415491,-29.7149771
0.9193750,0.0176476,-0.0270972,-22.4828920,-29.3563200
0.9200000,0.0176797,-0.0269318,-22.1242349,-28.9976629
0.9206250,0.0177131,-0.0267663,-21.7906080,-28.6640360
0.9212500,0.0177465,-0.0266009,-21.4569811,-28.3304091
0.9218750,0.0177666,-0.0265044,-21.1494533,-28.0228813
0.9225000,0.0177866,-0.0264079,-20.8419254,-27.7153534
0.9231250,0.0178034,-0.0263286,-20.5613474,-27.4347754
0.9237500,0.0178202,-0.0262492,-20.2807694,-27.1541974
0.9243750,0.0178373,-0.0261698,-20.0277682,-26.9011962
0.9250000,0.0178544,-0.0260904,-19.7747670,-26.6481950
0.9256250,0.0178719,-0.0260109,-19.5497414,-26.4231694
0.9262500,0.0178893,-0.0259315,-19.3247159,-26.1981439
0.9268750,0.0179070,-0.0258520,-19.1278343,-26.0012623
0.9275000,0.0179247,-0.0257725,-18.9309527,-25.8043807
0.9281250,0.0179427,-0.0256930,-18.7621522,-25.6355802
0.9287500,0.0179607,-0.0256134,-18.5933517,-25.4667797
0.9293750,0.0179791,-0.0255338,-18.4523391,-25.3257671
0.9300000,0.0179974,-0.0254543,-18.3113265,-25.1847545
0.9306250,0.0180160,-0.0253746,-18.1975812,-25.0710092
0.9312500,0.0180346,-0.0252950,-18.0838359,-24.9572639
0.9318750,0.0180536,-0.0252153,-17.9966142,-24.8700422
0.9325000,0.0180725,-0.0251356,-17.9093925,-24.7828205
0.9331250,0.0180918,-0.0250559,-17.8477337,-24.7211617
0.9337500,0.0181110,-0.0249761,-17.7860749,-24.6595029
0.9343750,0.0181306,-0.0248962,-17.7488090,-24.6222370
0.9350000,0.0181501,-0.0248164,-17.7115432,-24.5849712
0.9356250,0.0181700,-0.0247365,-17.6973003,-24.5707283
0.9362500,0.0181898,-0.0246567,-17.6830574,-24.5564854
0.9368750,0.0182100,-0.0245768,-17.6902782,-24.5637062
0.9375000,0.0182301,-0.0244969,-17.6974991,-24.5709271
0.9381250,0.0182506,-0.0244169,-17.7244474,-24.5978755
0.9387500,0.0182711,-0.0243370,-17.7513958,-24.6248238
0.9393750,0.0182919,-0.0242570,-17.7961717,-24.6695997
0.9400000,0.0183127,-0.0241770,-17.8409475,-24.7143755
0.9406250,0.0183339,-0.0240970,-17.9015021,-24.7749301
0.9412500,0.0183550,-0.0240170,-17.9620566,-24.8354846
0.9418750,0.0183764,-0.0239369,-18.0362077,-24.9096357
0.9425000,0.0183978,-0.0238568,-18.1103587,-24.9837867
0.9431250,0.0184196,-0.0237766,-18.1958078,-25.0692358
0.9437500,0.0184413,-0.0236965,-18.2812569,-25.1546849
0.9443750,0.0184634,-0.0236163,-18.3756066,-25.2490346
0.9450000,0.0184855,-0.0235361,-18.4699563,-25.3433843
0.9456250,0.0185079,-0.0234558,-18.5707285,-25.4441565
0.9462500,0.0185303,-0.0233756,-18.6715006,-25.5449286
0.9468750,0.0185530,-0.0232953,-18.7761554,-25.6495834
0.9475000,0.0185757,-0.0232151,-18.8808102,-25.7542382
0.9481250,0.0185988,-0.0231347,-18.9867653,-25.8601933
0.9487500,0.0186218,-0.0230544,-19.0927205,-25.9661485
0.9493750,0.0186452,-0.0229741,-19.1973707,-26.0707987
0.9500000,0.0186685,-0.0228937,-19.3020209,-26.1754489
0.9506250,0.0186922,-0.0228132,-19.4027577,-26.2761857
0.9512500,0.0187159,-0.0227328,-19.5034944,-26.3769224
0.9518750,0.0187400,-0.0226523,-19.5977256,-26.4711536
0.9525000,0.0187640,-0.0225719,-19.6919568,-26.5653848
0.9531250,0.0187884,-0.0224914,-19.7771262,-26.6505542
0.9537500,0.0188127,-0.0224109,-19.8622956,-26.7357236
0.9543750,0.0188374,-0.0223304,-19.9359020,-26.8093300
0.9550000,0.0188620,-0.0222498,-20.0095085,-26.8829365
0.9556250,0.0188870,-0.0221692,-20.0691247,-26.9425527
0.9562500,0.0189120,-0.0220887,-20.1287408,-27.0021688
0.9568750,0.0189374,-0.0220080,-20.1720314,-27.0454594
0.9575000,0.0189627,-0.0219274,-20.2153219,-27.0887499
0.9581250,0.0189884,-0.0218468,-20.2400607,-27.1134887
0.9587500,0.0190141,-0.0217661,-20.2647994,-27.1382274
0.9593750,0.0190401,-0.0216854,-20.2688862,-27.1423142
0.9600000,0.0190661,-0.0216047,-20.2729729,-27.1464009
0.9606250,0.0190925,-0.0215239,-20.2544488,-27.1278768
0.9612500,0.0191188,-0.0214432,-20.2359247,-27.1093527
0.9618750,0.0191455,-0.0213624,-20.1929868,-27.0664148
0.9625000,0.0191722,-0.0212816,-20.1500489,-27.0234769
0.9631250,0.0191992,-0.0212008,-20.0810632,-26.9544913
0.9637500,0.0192262,-0.0211200,-20.0120776,-26.8855056
0.9643750,0.0192536,-0.0210392,-19.9155914,-26.7890194
0.9650000,0.0192810,-0.0209583,-19.8191052,-26.6925332
0.9656250,0.0193087,-0.0208774,-19.6938571,-26.5672851
0.9662500,0.0193364,-0.0207965,-19.5686090,-26.4420370
0.9668750,0.0193645,-0.0207155,-19.4135384,-26.2869664
0.9675000,0.0193925,-0.0206346,-19.2584679,-26.1318959
0.9681250,0.0194209,-0.0205536,-19.0727227,-25.9461507
0.9687500,0.0194493,-0.0204727,-18.8869775,-25.7604055
0.9693750,0.0194781,-0.0203917,-18.6699196,-25.5433476
0.9700000,0.0195068,-0.0203107,-18.4528617,-25.3262897
0.9706250,0.0195359,-0.0202297,-18.2040718,-25.0774998
0.9712500,0.0195650,-0.0201487,-17.9552820,-24.8287100
0.9718750,0.0195945,-0.0200676,-17.6745624,-24.5479904
0.9725000,0.0196239,-0.0199866,-17.3938428,-24.2672708
0.9731250,0.0196537,-0.0199055,-17.0812182,-23.9546462
0.9737500,0.0196835,-0.0198244,-16.7685937,-23.6420217
0.9743750,0.0197137,-0.0197433,-16.4243110,-23.2977390
0.9750000,0.0197438,-0.0196622,-16.0800283,-22.9534563
0.9756250,0.0197743,-0.0195810,-15.7045542,-22.5779822
0.9762500,0.0198048,-0.0194999,-15.3290801,-22.2025081
0.9768750,0.0198357,-0.0194187,-14.9230973,-21.7965253
0.9775000,0.0198665,-0.0193375,-14.5171145,-21.3905425
0.9781250,0.0198978,-0.0192563,-14.0815165,-20.9549445
0.9787500,0.0199290,-0.0191751,-13.6459186,-20.5193466
0.9793750,0.0199606,-0.0190939,-13.1818029,-20.0552309
0.9800000,0.0199921,-0.0190127,-12.7176871,-19.5911151
0.9806250,0.0200241,-0.0189315,-12.2263463,-19.0997743
0.9812500,0.0200560,-0.0188502,-11.7350054,-18.6084334
0.9818750,0.0200883,-0.0187689,-11.2179178,-18.0913458
0.9825000,0.0201206,-0.0186877,-10.7008303,-17.5742583
0.9831250,0.0201533,-0.0186064,-10.1596491,-17.0330771
0.9837500,0.0201859,-0.0185251,-9.6184679,-16.4918959
0.9843750,0.0202189,-0.0184438,-9.0550084,-15.9284364
0.9850000,0.0202519,-0.0183625,-8.4915488,-15.3649768
0.9856250,0.0202853,-0.0182812,-7.9077750,-14.7812030
0.9862500,0.0203187,-0.0181998,-7.3240011,-14.1974291
0.9868750,0.0203525,-0.0181184,-6.7220115,-13.5954395
0.9875000,0.0203862,-0.0180371,-6.1200219,-12.9934499
0.9881250,0.0204203,-0.0179557,-5.5020339,-12.3754619
0.9887500,0.0204544,-0.0178744,-4.8840459,-11.7574739
0.9893750,0.0204889,-0.0177931,-4.2523799,-11.1258079
0.9900000,0.0205234,-0.0177117,-3.6207138,-10.4941418
0.9906250,0.0205583,-0.0176303,-2.9777760,-9.8512040
0.9912500,0.0205931,-0.0175489,-2.3348382,-9.2082662
0.9918750,0.0206284,-0.0174675,-1.6831036,-8.5565316
0.9925000,0.0206636,-0.0173861,-1.0313690,-7.9047970
0.9931250,0.0206992,-0.0173046,-0.3733634,-7.2467914
0.9937500,0.0207348,-0.0172232,0.2846421,-6.5887859
0.9943750,0.0207708,-0.0171418,0.9463597,-5.9270683
0.9950000,0.0208067,-0.0170604,1.6080773,-5.2653507
0.9956250,0.0208431,-0.0169790,2.2709333,-4.6024947
0.9962500,0.0208795,-0.0168975,2.9337894,-3.9396386
0.9968750,0.0209162,-0.0168161,3.5952136,-3.2782144
0.9975000,0.0209529,-0.0167347,4.2566377,-2.6167903
0.9981250,0.0209900,-0.0166532,4.9140809,-1.9593471
0.9987500,0.0210271,-0.0165718,5.5715240,-1.3019040
0.9993750,0.0210646,-0.0164904,6.2224760,-0.6509520
1.0000000,0.0211021,-0.0164089,6.8734280,0.0000000
1.0006250,0.0210668,-0.0164855,7.5154350,0.6420070
1.0012500,0.0210316,-0.0165620,8.1574419,1.2840139
1.0018750,0.0209967,-0.0166386,8.7881227,1.9146947
1.0025000,0.0209618,-0.0167152,9.4188035,2.5453755
1.0031250,0.0209272,-0.0167918,10.0358662,3.1624382
1.0037500,0.0208926,-0.0168683,10.6529288,3.7795008
1.0043750,0.0208584,-0.0169449,11.2541855,4.3807575
1.0050000,0.0208241,-0.0170214,11.8554422,4.9820142
1.0056250,0.0207902,-0.0170979,12.4388237,5.5653957
1.0062500,0.0207563,-0.0171745,13.0222053,6.1487773
1.0068750,0.0207227,-0.0172510,13.5857747,6.7123467
1.0075000,0.0206891,-0.0173276,14.1493442,7.2759162
1.0081250,0.0206559,-0.0174041,14.6913089,7.8178809
1.0087500,0.0206226,-0.0174806,15.2332736,8.3598456
1.0093750,0.0205897,-0.0175571,15.7519966,8.8785686
1.0100000,0.0205567,-0.0176337,16.2707196,9.3972916
1.0106250,0.0205241,-0.0177102,16.7647295,9.8913015
1.0112500,0.0204915,-0.0177867,17.2587394,10.3853114
1.0118750,0.0204593,-0.0178632,17.7267390,10.8533110
1.0125000,0.0204270,-0.0179397,18.1947385,11.3213105
1.0131250,0.0203951,-0.0180162,18.6356121,11.7621841
1.0137500,0.0203631,-0.0180927,19.0764856,12.2030576
1.0143750,0.0203315,-0.0181692,19.4893050,12.6158770
1.0150000,0.0202998,-0.0182456,19.9021244,13.0286964
1.0156250,0.0202685,-0.0183220,20.2861533,13.4127253
1.0162500,0.0202372,-0.0183985,20.6701822,13.7967542
1.0168750,0.0202063,-0.0184749,21.0248794,14.1514514
1.0175000,0.0201753,-0.0185514,21.3795766,14.5061486
1.0181250,0.0201447,-0.0186278,21.7045973,14.8311693
1.0187500,0.0201140,-0.0187042,22.0296180,15.1561900
1.0193750,0.0200837,-0.0187806,22.3248144,15.4513864
1.0200000,0.0200533,-0.0188570,22.6200108,15.7465828
1.0206250,0.0200233,-0.0189334,22.8854304,16.0120024
1.0212500,0.0199933,-0.0190098,23.1508500,16.2774220
1.0218750,0.0199636,-0.0190862,23.3867331,16.5133051
1.0225000,0.0199339,-0.0191625,23.6226161,16.7491881
1.0231250,0.0199045,-0.0192389,23.8293917,16.9559637
1.0237500,0.0198751,-0.0193152,24.0361672,17.1627392
1.0243750,0.0198461,-0.0193915,24.2144477,17.3410197
1.0250000,0.0198170,-0.0194678,24.3927281,17.5193001
1.0256250,0.0197883,-0.0195441,24.5433024,17.6698744
1.0262500,0.0197595,-0.0196204,24.6938767,17.8204487
1.0268750,0.0197311,-0.0196966,24.8177026,17.9442746
1.0275000,0.0197026,-0.0197729,24.9415286,18.0681006
1.0281250,0.0196745,-0.0198491,25.0397237,18.1662957
1.0287500,0.0196463,-0.0199254,25.1379188,18.2644908
1.0293750,0.0196185,-0.0200016,25.2117502,18.3383222
1.0300000,0.0195907,-0.0200778,25.2855817,18.4121537
1.0306250,0.0195632,-0.0201540,25.3364554,18.4630274
1.0312500,0.0195357,-0.0202302,25.3873290,18.5139010
1.0318750,0.0195085,-0.0203064,25.4167774,18.5433494
1.0325000,0.0194813,-0.0203825,25.4462258,18.5727978
1.0331250,0.0194544,-0.0204587,25.4558954,18.5824674
1.0337500,0.0194275,-0.0205348,25.4655651,18.5921371
1.0343750,0.0194009,-0.0206109,25.4572033,18.5837753
1.0350000,0.0193743,-0.0206870,25.4488415,18.5754135
1.0356250,0.0193480,-0.0207631,25.4242820,18.5508540
1.0362500,0.0193217,-0.0208391,25.3997226,18.5262946
1.0368750,0.0192958,-0.0209152,25.3608718,18.4874438
1.0375000,0.0192698,-0.0209912,25.3220210,18.4485930
1.0381250,0.0192441,-0.0210672,25.2708427,18.3974147
1.0387500,0.0192184,-0.0211432,25.2196643,18.3462363
1.0393750,0.0191931,-0.0212192,25.1581649,18.2847369
1.0400000,0.0191677,-0.0212952,25.0966654,18.2232374
1.0406250,0.0191426,-0.0213711,25.0268789,18.1534509
1.0412500,0.0191175,-0.0214471,24.9570924,18.0836644
1.0418750,0.0190928,-0.0215230,24.8810655,18.0076375
1.0425000,0.0190680,-0.0215989,24.8050386,17.9316106
1.0431250,0.0190435,-0.0216748,24.7248153,17.8513873
1.0437500,0.0190190,-0.0217506,24.6445921,17.7711641
1.0443750,0.0189949,-0.0218265,24.5621996,17.6887716
1.0450000,0.0189707,-0.0219023,24.4798072,17.6063792
1.0456250,0.0189468,-0.0219781,24.3972409,17.5238129
1.0462500,0.0189229,-0.0220539,24.3146747,17.4412467
1.0468750,0.0188993,-0.0221297,24.2338848,17.3604568
1.0475000,0.0188757,-0.0222055,24.1530948,17.2796668
1.0481250,0.0188524,-0.0222812,24.0759724,17.2025444
1.0487500,0.0188291,-0.0223569,23.9988499,17.1254219
1.0493750,0.0188061,-0.0224326,23.9272144,17.0537864
1.0500000,0.0187831,-0.0225083,23.8555788,16.9821508
1.0506250,0.0187604,-0.0225839,23.7911660,16.9177380
1.0512500,0.0187377,-0.0226596,23.7267531,16.8533251
1.0518750,0.0187153,-0.0227353,23.6712035,16.7977755
1.0525000,0.0186929,-0.0228109,23.6156540,16.7422260
1.0531250,0.0186708,-0.0228865,23.5705030,16.6970750
1.0537500,0.0186486,-0.0229620,23.5253520,16.6519240
1.0543750,0.0186268,-0.0230376,23.4920196,16.6185916
1.0550000,0.0186049,-0.0231131,23.4586873,16.5852593
1.0556250,0.0185834,-0.0231886,23.4384702,16.5650422
1.0562500,0.0185618,-0.0232641,23.4182532,16.5448252
1.0568750,0.0185405,-0.0233396,23.4123171,16.5388891
1.0575000,0.0185192,-0.0234150,23.4063811,16.5329531
1.0581250,0.0184982,-0.0234904,23.4157541,16.5423261
1.0587500,0.0184772,-0.0235659,23.4251271,16.5516991
1.0593750,0.0184565,-0.0236412,23.4506946,16.5772666
1.0600000,0.0184358,-0.0237166,23.4762621,16.6028341
1.0606250,0.0184154,-0.0237919,23.5187623,16.6453343
1.0612500,0.0183950,-0.0238673,23.5612626,16.6878346
1.0618750,0.0183749,-0.0239426,23.6212839,16.7478559
1.0625000,0.0183547,-0.0240179,23.6813052,16.8078772
1.0631250,0.0183349,-0.0240932,23.7592837,16.8858557
1.0637500,0.0183150,-0.0241684,23.8372622,16.9638342
1.0643750,0.0182954,-0.0242436,23.9334811,17.0600531
1.0650000,0.0182758,-0.0243188,24.0296999,17.1562719
1.0656250,0.0182565,-0.0243940,24.1442898,17.2708618
1.0662500,0.0182372,-0.0244692,24.2588796,17.3854516
1.0668750,0.0182182,-0.0245443,24.3918198,17.5183918
1.0675000,0.0181992,-0.0246194,24.5247599,17.6513319
1.0681250,0.0181805,-0.0246945,24.6758809,17.8024529
1.0687500,0.0181617,-0.0247696,24.8270019,17.9535739
1.0693750,0.0181432,-0.0248446,24.9959886,18.1225606
1.0700000,0.0181247,-0.0249197,25.1649754,18.2915474
1.0706250,0.0181065,-0.0249947,25.3513720,18.4779440
1.0712500,0.0180883,-0.0250697,25.5377687,18.6643407
1.0718750,0.0180703,-0.0251447,25.7409835,18.8675555
1.0725000,0.0180524,-0.0252196,25.9441983,19.0707703
1.0731250,0.0180348,-0.0252945,26.1635102,19.2900822
1.0737500,0.0180171,-0.0253694,26.3828220,19.5093940
1.0743750,0.0179998,-0.0254443,26.6173872,19.7439592
1.0750000,0.0179824,-0.0255191,26.8519524,19.9785244
1.0756250,0.0179653,-0.0255939,27.1008125,20.2273845
1.0762500,0.0179481,-0.0256687,27.3496726,20.4762446
1.0768750,0.0179313,-0.0257435,27.6117627,20.7383347
1.0775000,0.0179144,-0.0258182,27.8738528,21.0004248
1.0781250,0.0178979,-0.0258930,28.1480105,21.2745825
1.0787500,0.0178813,-0.0259677,28.4221682,21.5487402
1.0793750,0.0178650,-0.0260423,28.7071431,21.8337151
1.0800000,0.0178487,-0.0261170,28.9921180,22.1186900
1.0806250,0.0178327,-0.0261916,29.2865815,22.4131535
1.0812500,0.0178166,-0.0262663,29.5810450,22.7076170
1.0818750,0.0178008,-0.0263409,29.8836005,23.0101725
1.0825000,0.0177850,-0.0264155,30.1861561,23.3127281
1.0831250,0.0177662,-0.0265062,30.4953497,23.6219217
1.0837500,0.0177473,-0.0265969,30.8045432,23.9311152
1.0843750,0.0177159,-0.0267524,31.1188738,24.2454458
1.0850000,0.0176844,-0.0269078,31.4332043,24.5597763
1.0856250,0.0176541,-0.0270633,31.7511347,24.8777067
1.0862500,0.0176237,-0.0272188,32.0690650,25.1956370
1.0868750,0.0175945,-0.0273743,32.3890325,25.5156045
1.0875000,0.0175653,-0.0275297,32.7090000,25.8355720
1.0881250,0.0175372,-0.0276852,33.0294271,26.1559991
1.0887500,0.0175090,-0.0278406,33.3498542,26.4764262
1.0893750,0.0174819,-0.0279960,33.6691590,26.7957310
1.0900000,0.0174548,-0.0281515,33.9884638,27.1150358
1.0906250,0.0174289,-0.0283068,34.3050702,27.4316422
1.0912500,0.0174029,-0.0284622,34.6216767,27.7482487
1.0918750,0.0173780,-0.0286175,34.9340245,28.0605965
1.0925000,0.0173531,-0.0287729,35.2463724,28.3729444
1.0931250,0.0173293,-0.0289282,35.5529269,28.6794989
1.0937500,0.0173055,-0.0290835,35.8594814,28.9860534
1.0943750,0.0172827,-0.0292388,36.1587423,29.2853143
1.0950000,0.0172600,-0.0293940,36.4580032,29.5845752
1.0956250,0.0172384,-0.0295492,36.7485136,29.8750856
1.0962500,0.0172167,-0.0297043,37.0390240,30.1655960
1.0968750,0.0171961,-0.0298594,37.3193784,30.4459504
1.0975000,0.0171755,-0.0300144,37.5997328,30.7263048
1.0981250,0.0171560,-0.0301694,37.8685849,30.9951569
1.0987500,0.0171365,-0.0303244,38.1374370,31.2640090
1.0993750,0.0171181,-0.0304793,38.3935064,31.5200784
1.1000000,0.0170996,-0.0306342,38.6495759,31.7761479
1.1006250,0.0170822,-0.0307889,38.8916546,32.0182266
1.1012500,0.0170648,-0.0309437,39.1337334,32.2603054
1.1018750,0.0170485,-0.0310984,39.3606916,32.4872636
1.1025000,0.0170321,-0.0312531,39.5876499,32.7142219
1.1031250,0.0170168,-0.0314077,39.7984408,32.9250128
1.1037500,0.0170015,-0.0315622,40.0092317,33.1358037
1.1043750,0.0169873,-0.0317167,40.2028958,33.3294678
1.1050000,0.0169730,-0.0318711,40.3965599,33.5231319
1.1056250,0.0169599,-0.0320254,40.5722286,33.6988006
1.1062500,0.0169467,-0.0321797,40.7478973,33.8744693
1.1068750,0.0169346,-0.0323339,40.9047959,34.0313679
1.1075000,0.0169224,-0.0324880,41.0616945,34.1882665
1.1081250,0.0169113,-0.0326420,41.1991442,34.3257162
1.1087500,0.0169001,-0.0327960,41.3365939,34.4631659
1.1093750,0.0168901,-0.0329499,41.4540133,34.5805853
1.1100000,0.0168800,-0.0331037,41.5714328,34.6980048
1.1106250,0.0168710,-0.0332574,41.6683388,34.7949108
1.1112500,0.0168619,-0.0334111,41.7652449,34.8918169
1.1118750,0.0168539,-0.0335646,41.8412528,34.9678248
1.1125000,0.0168458,-0.0337181,41.9172607,35.0438327
1.1131250,0.0168388,-0.0338714,41.9720835,35.0986555
1.1137500,0.0168318,-0.0340248,42.0269064,35.1534784
1.1143750,0.0168259,-0.0341780,42.0603541,35.1869261
1.1150000,0.0168199,-0.0343312,42.0938017,35.2203737
1.1156250,0.0168149,-0.0344842,42.1057792,35.2323512
1.1162500,0.0168099,-0.0346372,42.1177566,35.2443286
1.1168750,0.0168060,-0.0347900,42.1082616,35.2348336
1.1175000,0.0168020,-0.0349428,42.0987667,35.2253387
1.1181250,0.0167991,-0.0350954,42.0678875,35.1944595
1.1187500,0.0167961,-0.0352480,42.0370083,35.1635803
1.1193750,0.0167941,-0.0354004,41.9849200,35.1114920
1.1200000,0.0167921,-0.0355529,41.9328317,35.0594037
1.1206250,0.0167912,-0.0357051,41.8597931,34.9863651
1.1212500,0.0167902,-0.0358573,41.7867545,34.9133265
1.1218750,0.0167903,-0.0360093,41.6931039,34.8196759
1.1225000,0.0167903,-0.0361613,41.5994533,34.7260253
1.1231250,0.0167913,-0.0363131,41.4856047,34.6121767
1.1237500,0.0167923,-0.0364649,41.3717561,34.4983281
1.1243750,0.0167943,-0.0366165,41.2381944,34.3647664
1.1250000,0.0167963,-0.0367680,41.1046327,34.2312047
1.1256250,0.0167993,-0.0369194,40.9519091,34.0784811
1.1262500,0.0168023,-0.0370707,40.7991856,33.9257576
1.1268750,0.0168063,-0.0372219,40.6279130,33.7544850
1.1275000,0.0168102,-0.0373730,40.4566404,33.5832124
1.1281250,0.0168152,-0.0375239,40.2674882,33.3940602
1.1287500,0.0168201,-0.0376748,40.0783361,33.2049081
1.1293750,0.0168260,-0.0378255,39.8720252,32.9985972
1.1300000,0.0168319,-0.0379762,39.6657144,32.7922864
1.1306250,0.0168388,-0.0381266,39.4430124,32.5695844
1.1312500,0.0168456,-0.0382771,39.2203104,32.3468824
1.1318750,0.0168534,-0.0384273,38.9820263,32.1085983
1.1325000,0.0168612,-0.0385775,38.7437421,31.8703141
1.1331250,0.0168700,-0.0387274,38.4907214,31.6172934
1.1337500,0.0168788,-0.0388774,38.2377006,31.3642726
1.1343750,0.0168886,-0.0390271,37.9708202,31.0973922
1.1350000,0.0168983,-0.0391768,37.7039399,30.8305119
1.1356250,0.0169090,-0.0393263,37.4241040,30.5506760
1.1362500,0.0169196,-0.0394758,37.1442681,30.2708401
1.1368750,0.0169313,-0.0396250,36.8524027,29.9789747
1.1375000,0.0169429,-0.0397742,36.5605374,29.6871094
1.1381250,0.0169555,-0.0399232,36.2575865,29.3841585
1.1387500,0.0169680,-0.0400721,35.9546356,29.0812076
1.1393750,0.0169816,-0.0402209,35.6415565,28.7681285
1.1400000,0.0169951,-0.0403696,35.3284775,28.4550495
1.1406250,0.0170095,-0.0405180,35.0062371,28.1328091
1.1412500,0.0170239,-0.0406665,34.6839967,27.8105687
1.1418750,0.0170393,-0.0408147,34.3535675,27.4801395
1.1425000,0.0170547,-0.0409629,34.0231382,27.1497102
1.1431250,0.0170710,-0.0411108,33.6854945,26.8120665
1.1437500,0.0170873,-0.0412588,33.3478508,26.4744228
1.1443750,0.0171045,-0.0414065,33.0039659,26.1305379
1.1450000,0.0171217,-0.0415542,32.6600810,25.7866530
1.1456250,0.0171399,-0.0417016,32.3109236,25.4374956
1.1462500,0.0171580,-0.0418490,31.9617663,25.0883383
1.1468750,0.0171771,-0.0419962,31.6082981,24.7348701
1.1475000,0.0171962,-0.0421433,31.2548300,24.3814020
1.1481250,0.0172162,-0.0422902,30.8980026,24.0245746
1.1487500,0.0172362,-0.0424371,30.5411753,23.6677473
1.1493750,0.0172571,-0.0425837,30.1819284,23.3085004
1.1500000,0.0172779,-0.0427303,29.8226815,22.9492535
1.1506250,0.0172998,-0.0428767,29.4619402,22.5885122
1.1512500,0.0173216,-0.0430230,29.1011990,22.2277710
1.1518750,0.0173443,-0.0431691,28.7398723,21.8664443
1.1525000,0.0173670,-0.0433152,28.3785456,21.5051176
1.1531250,0.0173906,-0.0434610,28.0175244,21.1440964
1.1537500,0.0174142,-0.0436068,27.6565032,20.7830752
1.1543750,0.0174388,-0.0437523,27.2966590,20.4232310
1.1550000,0.0174633,-0.0438979,26.9368147,20.0633867
1.1556250,0.0174887,-0.0440432,26.5789978,19.7055698
1.1562500,0.0175141,-0.0441884,26.2211809,19.3477529
1.1568750,0.0175405,-0.0443334,25.8662196,18.9927916
1.1575000,0.0175668,-0.0444784,25.5112583,18.6378303
1.1581250,0.0175940,-0.0446232,25.1599575,18.2865295
1.1587500,0.0176212,-0.0447679,24.8086568,17.9352288
1.1593750,0.0176493,-0.0449124,24.4617971,17.5883691
1.1600000,0.0176774,-0.0450568,24.1149374,17.2415094
1.1606250,0.0177064,-0.0452010,23.7732740,16.8998460
1.1612500,0.0177354,-0.0453451,23.4316106,16.5581826
1.1618750,0.0177653,-0.0454890,23.0958723,16.2224443
1.1625000,0.0177952,-0.0456329,22.7601339,15.8867059
1.1631250,0.0178260,-0.0457765,22.4310224,15.5575944
1.1637500,0.0178567,-0.0459202,22.1019109,15.2284829
1.1643750,0.0178884,-0.0460635,21.7800999,14.9066719
1.1650000,0.0179201,-0.0462069,21.4582888,14.5848608
1.1656250,0.0179527,-0.0463500,21.1444228,14.2709948
1.1662500,0.0179852,-0.0464930,20.8305569,13.9571289
1.1668750,0.0180048,-0.0465771,20.5252508,13.6518228
1.1675000,0.0180243,-0.0466612,20.2199448,13.3465168
1.1681250,0.0180407,-0.0467306,19.9237824,13.0503544
1.1687500,0.0180571,-0.0468000,19.6276201,12.7541921
1.1693750,0.0180737,-0.0468693,19.3411534,12.4677254
1.1700000,0.0180903,-0.0469386,19.0546867,12.1812587
1.1706250,0.0181071,-0.0470079,18.7784345,11.9050065
1.1712500,0.0181239,-0.0470772,18.5021823,11.6287543
1.1718750,0.0181410,-0.0471465,18.2366291,11.3632011
1.1725000,0.0181580,-0.0472157,17.9710760,11.0976480
1.1731250,0.0181753,-0.0472849,17.7166711,10.8432431
1.1737500,0.0181925,-0.0473541,17.4622661,10.5888381
1.1743750,0.0182100,-0.0474233,17.2194215,10.3459935
1.1750000,0.0182274,-0.0474924,16.9765768,10.1031488
1.1756250,0.0182451,-0.0475615,16.7456662,9.8722382
1.1762500,0.0182628,-0.0476307,16.5147555,9.6413275
1.1768750,0.0182807,-0.0476998,16.2961126,9.4226846
1.1775000,0.0182986,-0.0477688,16.0774697,9.2040417
1.1781250,0.0183167,-0.0478379,15.8713867,8.9979587
1.1787500,0.0183348,-0.0479069,15.6653037,8.7918757
1.1793750,0.0183531,-0.0479759,15.4720294,8.5986014
1.1800000,0.0183714,-0.0480449,15.2787552,8.4053272
1.1806250,0.0183900,-0.0481138,15.0984934,8.2250654
1.1812500,0.0184085,-0.0481828,14.9182316,8.0448036
1.1818750,0.0184273,-0.0482517,14.7511391,7.8777111
1.1825000,0.0184460,-0.0483206,14.5840466,7.7106186
1.1831250,0.0184650,-0.0483895,14.4302314,7.5568034
1.1837500,0.0184839,-0.0484583,14.2764161,7.4029881
1.1843750,0.0185031,-0.0485271,14.1359356,7.2625076
1.1850000,0.0185223,-0.0485959,13.9954550,7.1220270
1.1856250,0.0185417,-0.0486646,13.8683141,6.9948861
1.1862500,0.0185611,-0.0487334,13.7411732,6.8677452
1.1868750,0.0185807,-0.0488021,13.6273226,6.7538946
1.1875000,0.0186003,-0.0488708,13.5134721,6.6400441
1.1881250,0.0186201,-0.0489395,13.4128066,6.5393786
1.1887500,0.0186399,-0.0490081,13.3121412,6.4387132
1.1893750,0.0186600,-0.0490767,13.2244980,6.3510700
1.1900000,0.0186800,-0.0491453,13.1368549,6.2634269
1.1906250,0.0187002,-0.0492139,13.0620121,6.1885841
1.1912500,0.0187204,-0.0492824,12.9871694,6.1137414
1.1918750,0.0187409,-0.0493509,12.9248449,6.0514169
1.1925000,0.0187614,-0.0494194,12.8625204,5.9890924
1.1931250,0.0187821,-0.0494878,12.8123705,5.9389425
1.1937500,0.0188027,-0.0495563,12.7622205,5.8887925
1.1943750,0.0188236,-0.0496247,12.7238391,5.8504111
1.1950000,0.0188445,-0.0496931,12.6854576,5.8120296
1.1956250,0.0188656,-0.0497614,12.6583757,5.7849477
1.1962500,0.0188867,-0.0498298,12.6312937,5.7578657
1.1968750,0.0189080,-0.0498981,12.6149789,5.7415509
1.1975000,0.0189293,-0.0499664,12.5986642,5.7252362
1.1981250,0.0189508,-0.0500347,12.5925209,5.7190929
1.1987500,0.0189723,-0.0501029,12.5863777,5.7129497
1.1993750,0.0189941,-0.0501711,12.5897475,5.7163195
1.2000000,0.0190158,-0.0502392,12.5931172,5.7196892
1.2006250,0.0190378,-0.0503074,12.6052791,5.7318511
1.2012500,0.0190597,-0.0503755,12.6174409,5.7440129
1.2018750,0.0190819,-0.0504436,12.6376130,5.7641850
1.2025000,0.0191040,-0.0505116,12.6577850,5.7843570
1.2031250,0.0191264,-0.0505797,12.6851257,5.8116977
1.2037500,0.0191487,-0.0506477,12.7124663,5.8390383
1.2043750,0.0191713,-0.0507157,12.7460765,5.8726485
1.2050000,0.0191939,-0.0507836,12.7796866,5.9062586
1.2056250,0.0192167,-0.0508515,12.8186120,5.9451840
1.2062500,0.0192395,-0.0509194,12.8575375,5.9841095
1.2068750,0.0192625,-0.0509872,12.9007716,6.0273436
1.2075000,0.0192855,-0.0510550,12.9440058,6.0705778
1.2081250,0.0193088,-0.0511228,12.9904934,6.1170654
1.2087500,0.0193320,-0.0511906,13.0369810,6.1635530
1.2093750,0.0193554,-0.0512583,13.0856217,6.2121937
1.2100000,0.0193788,-0.0513260,13.1342624,6.2608344
1.2106250,0.0194025,-0.0513937,13.1839152,6.3104872
1.2112500,0.0194261,-0.0514614,13.2335679,6.3601399
1.2118750,0.0194500,-0.0515290,13.2830558,6.4096278
1.2125000,0.0194738,-0.0515966,13.3325437,6.4591157
1.2131250,0.0194979,-0.0516641,13.3806592,6.5072312
1.2137500,0.0195220,-0.0517316,13.4287747,6.5553467
1.2143750,0.0195463,-0.0517991,13.4742853,6.6008573
1.2150000,0.0195705,-0.0518666,13.5197959,6.6463679
1.2156250,0.0195950,-0.0519340,13.5614501,6.6880221
1.2162500,0.0196195,-0.0520014,13.6031044,6.7296764
1.2168750,0.0196442,-0.0520687,13.6396385,6.7662105
1.2175000,0.0196689,-0.0521361,13.6761726,6.8027446
1.2181250,0.0196939,-0.0522034,13.7063171,6.8328891
1.2187500,0.0197188,-0.0522707,13.7364616,6.8630336
1.2193750,0.0197439,-0.0523379,13.7589487,6.8855207
1.2200000,0.0197690,-0.0524051,13.7814358,6.9080078
1.2206250,0.0197944,-0.0524723,13.7950065,6.9215785
1.2212500,0.0198197,-0.0525394,13.8085772,6.9351492
1.2218750,0.0198453,-0.0526065,13.8119892,6.9385612
1.2225000,0.0198708,-0.0526736,13.8154012,6.9419732
1.2231250,0.0198966,-0.0527407,13.8074368,6.9340088
1.2237500,0.0199223,-0.0528077,13.7994723,6.9260443
1.2243750,0.0199483,-0.0528746,13.7789459,6.9055179
1.2250000,0.0199743,-0.0529416,13.7584194,6.8849914
1.2256250,0.0200005,-0.0530085,13.7241859,6.8507579
1.2262500,0.0200267,-0.0530754,13.6899524,6.8165244
1.2268750,0.0200531,-0.0531422,13.6409154,6.7674874
1.2275000,0.0200795,-0.0532091,13.5918783,6.7184503
1.2281250,0.0201061,-0.0532759,13.5269975,6.6535695
1.2287500,0.0201327,-0.0533426,13.4621167,6.5886887
1.2293750,0.0201595,-0.0534093,13.3804164,6.5069884
1.2300000,0.0201863,-0.0534760,13.2987162,6.4252882
1.2306250,0.0202134,-0.0535426,13.1992927,6.3258647
1.2312500,0.0202404,-0.0536092,13.0998692,6.2264412
1.2318750,0.0202677,-0.0536758,12.9818982,6.1084702
1.2325000,0.0202949,-0.0537423,12.8639273,5.9904993
1.2331250,0.0203224,-0.0538088,12.7266714,5.8532434
1.2337500,0.0203498,-0.0538753,12.5894155,5.7159875
1.2343750,0.0203775,-0.0539417,12.4322305,5.5588026
1.2350000,0.0204051,-0.0540081,12.2750456,5.4016176
1.2356250,0.0204330,-0.0540744,12.0973874,5.2239594
1.2362500,0.0204609,-0.0541408,11.9197291,5.0463011
1.2368750,0.0204890,-0.0542071,11.7211590,4.8477310
1.2375000,0.0205171,-0.0542734,11.5225888,4.6491608
1.2381250,0.0205454,-0.0543396,11.3027792,4.4293512
1.2387500,0.0205737,-0.0544058,11.0829695,4.2095415
1.2393750,0.0206022,-0.0544720,10.8417084,3.9682804
1.2400000,0.0206307,-0.0545381,10.6004473,3.7270193
1.2406250,0.0206594,-0.0546042,10.3376424,3.4642144
1.2412500,0.0206881,-0.0546702,10.0748376,3.2014096
1.2418750,0.0207171,-0.0547362,9.7905196,2.9170916
1.2425000,0.0207460,-0.0548022,9.5062016,2.6327736
1.2431250,0.0207752,-0.0548682,9.2005267,2.3270987
1.2437500,0.0208043,-0.0549341,8.8948518,2.0214238
1.2443750,0.0208337,-0.0550000,8.5681032,1.6946752
1.2450000,0.0208630,-0.0550658,8.2413547,1.3679267
1.2456250,0.0208926,-0.0551316,7.8939440,1.0205160
1.2462500,0.0209221,-0.0551973,7.5465332,0.6731052
1.2468750,0.0209519,-0.0552630,7.1789997,0.3055717
1.2475000,0.0209817,-0.0553287,6.8114662,-0.0619618
1.2481250,0.0210117,-0.0553943,6.4244768,-0.4489512
1.2487500,0.0210417,-0.0554600,6.0374873,-0.8359407
1.2493750,0.0210719,-0.0555256,5.6318338,-1.2415942
1.2500000,0.0211021,-0.0555911,5.2261804,-1.6472476
1.2506250,0.0211021,-0.0555911,4.8027778,-2.0706502
1.2512500,0.0211021,-0.0555911,4.3793753,-2.4940527
1.2518750,0.0211021,-0.0555911,3.9392573,-2.9341707
1.2525000,0.0211021,-0.0555911,3.4991393,-3.3742887
1.2531250,0.0211021,-0.0555911,3.0434542,-3.8299738
1.2537500,0.0211021,-0.0555911,2.5877691,-4.2856589
1.2543750,0.0211021,-0.0555911,2.1177741,-4.7556539
1.2550000,0.0211021,-0.0555911,1.6477792,-5.2256488
1.2556250,0.0211021,-0.0555911,1.1648344,-5.7085936
1.2562500,0.0211021,-0.0555911,0.6818895,-6.1915385
1.2568750,0.0211021,-0.0555911,0.1874501,-6.6859779
1.2575000,0.0211021,-0.0555911,-0.3069893,-7.1804173
1.2581250,0.0211021,-0.0555911,-0.8113804,-7.6848084
1.2587500,0.0211021,-0.0555911,-1.3157715,-8.1891995
1.2593750,0.0211021,-0.0555911,-1.8284929,-8.7019209
1.2600000,0.0211021,-0.0555911,-2.3412142,-9.2146422
1.2606250,0.0211021,-0.0555911,-2.8605752,-9.7340032
1.2612500,0.0211021,-0.0555911,-3.3799362,-10.2533642
1.2618750,0.0211021,-0.0555911,-3.9041874,-10.7776154
1.2625000,0.0211021,-0.0555911,-4.4284386,-11.3018666
1.2631250,0.0211021,-0.0555911,-4.9557824,-11.8292104
1.2637500,0.0211021,-0.0555911,-5.4831262,-12.3565542
1.2643750,0.0211021,-0.0555911,-6.0117283,-12.8851563
1.2650000,0.0211021,-0.0555911,-6.5403304,-13.4137584
1.2656250,0.0210700,-0.0555213,-7.0683314,-13.9417594
1.2662500,0.0210379,-0.0554516,-7.5963324,-14.4697604
1.2668750,0.0210060,-0.0553818,-8.1218602,-14.9952882
1.2675000,0.0209741,-0.0553120,-8.6473881,-15.5208161
1.2681250,0.0209425,-0.0552421,-9.1685704,-16.0419984
1.2687500,0.0209108,-0.0551722,-9.6897527,-16.5631807
1.2693750,0.0208794,-0.0551022,-10.2047295,-17.0781575
1.2700000,0.0208480,-0.0550322,-10.7197063,-17.5931343
1.2706250,0.0208168,-0.0549621,-11.2266428,-18.1000708
1.2712500,0.0207857,-0.0548921,-11.7335792,-18.6070072
1.2718750,0.0207548,-0.0548219,-12.2306785,-19.1041065
1.2725000,0.0207238,-0.0547518,-12.7277778,-19.6012058
1.2731250,0.0206932,-0.0546815,-13.2132940,-20.0867220
1.2737500,0.0206625,-0.0546113,-13.6988102,-20.5722382
1.2743750,0.0206321,-0.0545410,-14.1710606,-21.0444886
1.2750000,0.0206016,-0.0544707,-14.6433109,-21.5167389
1.2756250,0.0205714,-0.0544003,-15.1006882,-21.9741162
1.2762500,0.0205412,-0.0543299,-15.5580656,-22.4314936
1.2768750,0.0205112,-0.0542595,-15.9990505,-22.8724785
1.2775000,0.0204812,-0.0541890,-16.4400354,-23.3134634
1.2781250,0.0204515,-0.0541184,-16.8632071,-23.7366351
1.2787500,0.0204218,-0.0540479,-17.2863789,-24.1598069
1.2793750,0.0203923,-0.0539773,-17.6904269,-24.5638549
1.2800000,0.0203628,-0.0539066,-18.0944749,-24.9679029
1.2806250,0.0203335,-0.0538359,-18.4782085,-25.3516365
1.2812500,0.0203043,-0.0537652,-18.8619420,-25.7353700
1.2818750,0.0202753,-0.0536944,-19.2243002,-26.0977282
1.2825000,0.0202463,-0.0536236,-19.5866583,-26.4600863
1.2831250,0.0202175,-0.0535527,-19.9267183,-26.8001463
1.2837500,0.0201887,-0.0534819,-20.2667782,-27.1402062
1.2843750,0.0201602,-0.0534109,-20.5837632,-27.4571912
1.2850000,0.0201317,-0.0533400,-20.9007482,-27.7741762
1.2856250,0.0201034,-0.0532690,-21.1940343,-28.0674623
1.2862500,0.0200751,-0.0531980,-21.4873203,-28.3607483
1.2868750,0.0200471,-0.0531269,-21.7564419,-28.6298699
1.2875000,0.0200190,-0.0530558,-22.0255635,-28.8989915
1.2881250,0.0199912,-0.0529846,-22.2702182,-29.1436462
1.2887500,0.0199633,-0.0529135,-22.5148730,-29.3883010
1.2893750,0.0199358,-0.0528423,-22.7349252,-29.6083532
1.2900000,0.0199082,-0.0527710,-22.9549774,-29.8284054
1.2906250,0.0198808,-0.0526996,-23.1504602,-30.0238882
1.2912500,0.0198535,-0.0526283,-23.3459430,-30.2193710
1.2918750,0.0198264,-0.0525569,-23.5170594,-30.3904874
1.2925000,0.0197993,-0.0524856,-23.6881758,-30.5616038
1.2931250,0.0197725,-0.0524141,-23.8352986,-30.7087266
1.2937500,0.0197456,-0.0523426,-23.9824214,-30.8558494
1.2943750,0.0197190,-0.0522711,-24.1060917,-30.9795197
1.2950000,0.0196924,-0.0521996,-24.2297620,-31.1031900
1.2956250,0.0196660,-0.0521280,-24.3306864,-31.2041144
1.2962500,0.0196396,-0.0520563,-24.4316107,-31.3050387
1.2968750,0.0196135,-0.0519846,-24.5106572,-31.3840852
1.2975000,0.0195873,-0.0519130,-24.5897036,-31.4631316
1.2981250,0.0195614,-0.0518413,-24.6478963,-31.5213243
1.2987500,0.0195355,-0.0517695,-24.7060890,-31.5795170
1.2993750,0.0195099,-0.0516977,-24.7446020,-31.6180300
1.3000000,0.0194842,-0.0516258,-24.7831151,-31.6565431
1.3006250,0.0194588,-0.0515539,-24.8032644,-31.6766924
1.3012500,0.0194334,-0.0514820,-24.8234137,-31.6968417
1.3018750,0.0194082,-0.0514100,-24.8266483,-31.7000763
1.3025000,0.0193830,-0.0513381,-24.8298830,-31.7033110
1.3031250,0.0193581,-0.0512661,-24.8177754,-31.6912034
1.3037500,0.0193332,-0.0511941,-24.8056679,-31.6790959
1.3043750,0.0193085,-0.0511220,-24.7799026,-31.6533306
1.3050000,0.0192838,-0.0510499,-24.7541374,-31.6275654
1.3056250,0.0192593,-0.0509777,-24.7164994,-31.5899274
1.3062500,0.0192348,-0.0509055,-24.6788614,-31.5522894
1.3068750,0.0192106,-0.0508333,-24.6312230,-31.5046510
1.3075000,0.0191864,-0.0507611,-24.5835845,-31.4570125
1.3081250,0.0191624,-0.0506888,-24.5278920,-31.4013200
1.3087500,0.0191384,-0.0506165,-24.4721994,-31.3456274
1.3093750,0.0191147,-0.0505442,-24.4104585,-31.2838865
1.3100000,0.0190910,-0.0504718,-24.3487175,-31.2221455
1.3106250,0.0190675,-0.0503994,-24.2829787,-31.1564067
1.3112500,0.0190440,-0.0503269,-24.2172399,-31.0906679
1.3118750,0.0190208,-0.0502544,-24.1495829,-31.0230109
1.3125000,0.0189975,-0.0501819,-24.0819260,-30.9553540
1.3131250,0.0189745,-0.0501093,-24.0144442,-30.8878722
1.3137500,0.0189514,-0.0500368,-23.9469624,-30.8203904
1.3143750,0.0189287,-0.0499642,-23.8817465,-30.7551745
1.3150000,0.0189059,-0.0498916,-23.8165306,-30.6899586
1.3156250,0.0188834,-0.0498189,-23.7556528,-30.6290808
1.3162500,0.0188608,-0.0497463,-23.6947750,-30.5682030
1.3168750,0.0188385,-0.0496735,-23.6402726,-30.5137006
1.3175000,0.0188162,-0.0496008,-23.5857702,-30.4591982
1.3181250,0.0187942,-0.0495280,-23.5396297,-30.4130577
1.3187500,0.0187721,-0.0494552,-23.4934891,-30.3669171
1.3193750,0.0187503,-0.0493824,-23.4576303,-30.3310583
1.3200000,0.0187285,-0.0493095,-23.4217714,-30.2951994
1.3206250,0.0187070,-0.0492366,-23.3980320,-30.2714600
1.3212500,0.0186854,-0.0491637,-23.3742925,-30.2477205
1.3218750,0.0186641,-0.0490907,-23.3644130,-30.2378410
1.3225000,0.0186427,-0.0490177,-23.3545335,-30.2279615
1.3231250,0.0186216,-0.0489447,-23.3601431,-30.2335711
1.3237500,0.0186005,-0.0488717,-23.3657527,-30.2391807
1.3243750,0.0185797,-0.0487986,-23.3883553,-30.2617833
1.3250000,0.0185588,-0.0487255,-23.4109579,-30.2843859
1.3256250,0.0185382,-0.0486523,-23.4519197,-30.3253477
1.3262500,0.0185176,-0.0485792,-23.4928814,-30.3663094
1.3268750,0.0184973,-0.0485060,-23.5534184,-30.4268464
1.3275000,0.0184769,-0.0484328,-23.6139554,-30.4873834
1.3281250,0.0184568,-0.0483596,-23.6951231,-30.5685511
1.3287500,0.0184367,-0.0482863,-23.7762909,-30.6497189
1.3293750,0.0184168,-0.0482130,-23.8789744,-30.7524024
1.3300000,0.0183969,-0.0481397,-23.9816579,-30.8550859
1.3306250,0.0183773,-0.0480664,-24.1065632,-30.9799912
1.3312500,0.0183576,-0.0479930,-24.2314685,-31.1048965
1.3318750,0.0183382,-0.0479196,-24.3791155,-31.2525435
1.3325000,0.0183188,-0.0478462,-24.5267626,-31.4001906
1.3331250,0.0182997,-0.0477727,-24.6974791,-31.5709071
1.3337500,0.0182805,-0.0476993,-24.8681956,-31.7416236
1.3343750,0.0182616,-0.0476258,-25.0621129,-31.9355409
1.3350000,0.0182427,-0.0475523,-25.2560301,-32.1294581
1.3356250,0.0182241,-0.0474788,-25.4730798,-32.3465078
1.3362500,0.0182054,-0.0474052,-25.6901295,-32.5635575
1.3368750,0.0181870,-0.0473316,-25.9300423,-32.8034703
1.3375000,0.0181685,-0.0472580,-26.1699550,-33.0433830
1.3381250,0.0181504,-0.0471843,-26.4322603,-33.3056883
1.3387500,0.0181322,-0.0471107,-26.6945656,-33.5679936
1.3393750,0.0181143,-0.0470370,-26.9785934,-33.8520214
1.3400000,0.0180963,-0.0469633,-27.2626212,-34.1360492
1.3406250,0.0180786,-0.0468896,-27.5675049,-34.4409329
1.3412500,0.0180609,-0.0468159,-27.8723887,-34.7458167
1.3418750,0.0180435,-0.0467421,-28.1970698,-35.0704978
1.3425000,0.0180260,-0.0466683,-28.5217510,-35.3951790
1.3431250,0.0180052,-0.0465788,-28.8649851,-35.7384131
1.3437500,0.0179843,-0.0464894,-29.2082192,-36.0816472
1.3443750,0.0179497,-0.0463371,-29.5685834,-36.4420114
1.3450000,0.0179151,-0.0461848,-29.9289476,-36.8023756
1.3456250,0.0178815,-0.0460322,-30.3048496,-37.1782776
1.3462500,0.0178479,-0.0458797,-30.6807516,-37.5541796
1.3468750,0.0178154,-0.0457268,-31.0704399,-37.9438679
1.3475000,0.0177828,-0.0455739,-31.4601282,-38.3335562
1.3481250,0.0177512,-0.0454207,-31.8617036,-38.7351316
1.3487500,0.0177196,-0.0452675,-32.2632789,-39.1367069
1.3493750,0.0176891,-0.0451140,-32.6747072,-39.5481352
1.3500000,0.0176585,-0.0449605,-33.0861355,-39.9595635
1.3506250,0.0176289,-0.0448067,-33.5052617,-40.3786897
1.3512500,0.0175993,-0.0446529,-33.9243879,-40.7978159
1.3518750,0.0175708,-0.0444988,-34.3489507,-41.2223787
1.3525000,0.0175422,-0.0443446,-34.7735136,-41.6469416
1.3531250,0.0175147,-0.0441902,-35.2011615,-42.0745895
1.3537500,0.0174872,-0.0440358,-35.6288094,-42.5022374
1.3543750,0.0174607,-0.0438810,-36.0571170,-42.9305450
1.3550000,0.0174341,-0.0437263,-36.4854245,-43.3588525
1.3556250,0.0174086,-0.0435712,-36.9119100,-43.7853380
1.3562500,0.0173831,-0.0434162,-37.3383954,-44.2118234
1.3568750,0.0173587,-0.0432608,-37.7605382,-44.6339662
1.3575000,0.0173342,-0.0431055,-38.1826810,-45.0561090
1.3581250,0.0173108,-0.0429498,-38.5979401,-45.4713681
1.3587500,0.0172873,-0.0427942,-39.0131992,-45.8866272
1.3593750,0.0172649,-0.0426382,-39.4190317,-46.2924596
1.3600000,0.0172425,-0.0424822,-39.8248641,-46.6982921
1.3606250,0.0172211,-0.0423260,-40.2187435,-47.0921715
1.3612500,0.0171997,-0.0421697,-40.6126230,-47.4860510
1.3618750,0.0171794,-0.0420132,-40.9920584,-47.8654864
1.3625000,0.0171590,-0.0418566,-41.3714938,-48.2449218
1.3631250,0.0171397,-0.0416997,-41.7340477,-48.6074757
1.3637500,0.0171204,-0.0415428,-42.0966016,-48.9700296
1.3643750,0.0171022,-0.0413856,-42.4399087,-49.3133367
1.3650000,0.0170839,-0.0412285,-42.7832157,-49.6566437
1.3656250,0.0170667,-0.0410710,-43.1050002,-49.9784282
1.3662500,0.0170494,-0.0409135,-43.4267846,-50.3002126
1.3668750,0.0170333,-0.0407557,-43.7248776,-50.5983056
1.3675000,0.0170171,-0.0405980,-44.0229705,-50.8963985
1.3681250,0.0170020,-0.0404399,-44.2953264,-51.1687544
1.3687500,0.0169869,-0.0402819,-44.5676823,-51.4411103
1.3693750,0.0169729,-0.0401236,-44.8123946,-51.6858225
1.3700000,0.0169588,-0.0399653,-45.0571068,-51.9305348
1.3706250,0.0169458,-0.0398067,-45.2724226,-52.1458506
1.3712500,0.0169328,-0.0396480,-45.4877385,-52.3611665
1.3718750,0.0169209,-0.0394891,-45.6720723,-52.5455003
1.3725000,0.0169090,-0.0393302,-45.8564062,-52.7298342
1.3731250,0.0168982,-0.0391710,-46.0083523,-52.8817803
1.3737500,0.0168873,-0.0390118,-46.1602985,-53.0337265
1.3743750,0.0168776,-0.0388523,-46.2786423,-53.1520703
1.3750000,0.0168678,-0.0386929,-46.3969860,-53.2704140
1.3756250,0.0168591,-0.0385331,-46.4807133,-53.3541413
1.3762500,0.0168504,-0.0383734,-46.5644405,-53.4378685
1.3768750,0.0168428,-0.0382134,-46.6127465,-53.4861745
1.3775000,0.0168352,-0.0380534,-46.6610525,-53.5344805
1.3781250,0.0168287,-0.0378931,-46.6733483,-53.5467763
1.3787500,0.0168222,-0.0377328,-46.6856441,-53.5590721
1.3793750,0.0168168,-0.0375722,-46.6615619,-53.5349899
1.3800000,0.0168114,-0.0374117,-46.6374798,-53.5109078
1.3806250,0.0168071,-0.0372509,-46.5768769,-53.4503049
1.3812500,0.0168027,-0.0370901,-46.5162741,-53.3897021
1.3818750,0.0167995,-0.0369291,-46.4192346,-53.2926626
1.3825000,0.0167963,-0.0367680,-46.3221950,-53.1956230
1.3831250,0.0167942,-0.0366067,-46.1890298,-53.0624578
1.3837500,0.0167921,-0.0364454,-46.0558646,-52.9292926
1.3843750,0.0167912,-0.0362838,-45.8871106,-52.7605386
1.3850000,0.0167902,-0.0361223,-45.7183567,-52.5917847
1.3856250,0.0167903,-0.0359605,-45.5147735,-52.3882015
1.3862500,0.0167904,-0.0357988,-45.3111904,-52.1846184
1.3868750,0.0167917,-0.0356367,-45.0737555,-51.9471835
1.3875000,0.0167930,-0.0354747,-44.8363206,-51.7097486
1.3881250,0.0167954,-0.0353124,-44.5662229,-51.4396509
1.3887500,0.0167977,-0.0351502,-44.2961253,-51.1695533
1.3893750,0.0168013,-0.0349877,-43.9947575,-50.8681855
1.3900000,0.0168048,-0.0348253,-43.6933897,-50.5668177
1.3906250,0.0168095,-0.0346626,-43.3623384,-50.2357664
1.3912500,0.0168141,-0.0344999,-43.0312872,-49.9047152
1.3918750,0.0168199,-0.0343370,-42.6723224,-49.5457504
1.3925000,0.0168257,-0.0341741,-42.3133576,-49.1867856
1.3931250,0.0168327,-0.0340110,-41.9284198,-48.8018478
1.3937500,0.0168397,-0.0338479,-41.5434819,-48.4169099
1.3943750,0.0168478,-0.0336846,-41.1346688,-48.0080968
1.3950000,0.0168559,-0.0335213,-40.7258557,-47.5992837
1.3956250,0.0168652,-0.0333578,-40.2954073,-47.1688353
1.3962500,0.0168744,-0.0331944,-39.8649590,-46.7383870
1.3968750,0.0168849,-0.0330307,-39.4152417,-46.2886697
1.3975000,0.0168953,-0.0328670,-38.9655245,-45.8389525
1.3981250,0.0169069,-0.0327031,-38.4990140,-45.3724420
1.3987500,0.0169185,-0.0325393,-38.0325036,-44.9059316
1.3993750,0.0169313,-0.0323753,-37.5517674,-44.4251954
1.4000000,0.0169441,-0.0322113,-37.0710312,-43.9444592
1.4006250,0.0169581,-0.0320471,-36.5787098,-43.4521378
1.4012500,0.0169720,-0.0318829,-36.0863884,-42.9598164
1.4018750,0.0169872,-0.0317186,-35.5851766,-42.4586046
1.4025000,0.0170023,-0.0315543,-35.0839647,-41.9573927
1.4031250,0.0170186,-0.0313898,-34.5765919,-41.4500199
1.4037500,0.0170349,-0.0312253,-34.0692191,-40.9426471
1.4043750,0.0170525,-0.0310607,-33.5584297,-40.4318577
1.4050000,0.0170700,-0.0308961,-33.0476402,-39.9210682
1.4056250,0.0170887,-0.0307314,-32.5361734,-39.4096014
1.4062500,0.0171074,-0.0305667,-32.0247067,-38.8981347
1.4068750,0.0171274,-0.0304018,-31.5152773,-38.3887053
1.4075000,0.0171473,-0.0302370,-31.0058479,-37.8792759
1.4081250,0.0171684,-0.0300720,-30.5011258,-37.3745538
1.4087500,0.0171895,-0.0299071,-29.9964038,-36.8698318
1.4093750,0.0172119,-0.0297420,-29.4989951,-36.3724231
1.4100000,0.0172342,-0.0295770,-29.0015864,-35.8750144
1.4106250,0.0172578,-0.0294118,-28.5140143,-35.3874423
1.4112500,0.0172813,-0.0292467,-28.0264422,-34.8998702
1.4118750,0.0173061,-0.0290815,-27.5511289,-34.4245569
1.4125000,0.0173308,-0.0289163,-27.0758155,-33.9492435
1.4131250,0.0173568,-0.0287510,-26.6150641,-33.4884921
1.4137500,0.0173828,-0.0285857,-26.1543126,-33.0277406
1.4143750,0.0174101,-0.0284204,-25.7102911,-32.5837191
1.4150000,0.0174373,-0.0282551,-25.2662695,-32.1396975
1.4156250,0.0174658,-0.0280897,-24.8409944,-31.7144224
1.4162500,0.0174942,-0.0279243,-24.4157194,-31.2891474
1.4168750,0.0175239,-0.0277589,-24.0110420,-30.8844700
1.4175000,0.0175535,-0.0275935,-23.6063646,-30.4797926
1.4181250,0.0175845,-0.0274280,-23.2239568,-30.0973848
1.4187500,0.0176154,-0.0272626,-22.8415491,-29.7149771
1.4193750,0.0176476,-0.0270972,-22.4828920,-29.3563200
1.4200000,0.0176797,-0.0269318,-22.1242349,-28.9976629
1.4206250,0.0177131,-0.0267663,-21.7906080,-28.6640360
1.4212500,0.0177465,-0.0266009,-21.4569811,-28.3304091
1.4218750,0.0177666,-0.0265044,-21.1494533,-28.0228813
1.4225000,0.0177866,-0.0264079,-20.8419254,-27.7153534
1.4231250,0.0178034,-0.0263286,-20.5613474,-27.4347754
1.4237500,0.0178202,-0.0262492,-20.2807694,-27.1541974
1.4243750,0.0178373,-0.0261698,-20.0277682,-26.9011962
1.4250000,0.0178544,-0.0260904,-19.7747670,-26.6481950
1.4256250,0.0178719,-0.0260110,-19.5497415,-26.4231695
1.4262500,0.0178893,-0.0259315,-19.3247159,-26.1981439
1.4268750,0.0179070,-0.0258520,-19.1278343,-26.0012623
1.4275000,0.0179247,-0.0257725,-18.9309527,-25.8043807
1.4281250,0.0179427,-0.0256929,-18.7621522,-25.6355802
1.4287500,0.0179607,-0.0256134,-18.5933517,-25.4667797
1.4293750,0.0179791,-0.0255338,-18.4523391,-25.3257671
1.4300000,0.0179974,-0.0254543,-18.3113265,-25.1847545
1.4306250,0.0180160,-0.0253746,-18.1975812,-25.0710092
1.4312500,0.0180346,-0.0252950,-18.0838359,-24.9572639
1.4318750,0.0180536,-0.0252153,-17.9966142,-24.8700422
1.4325000,0.0180725,-0.0251356,-17.9093925,-24.7828205
1.4331250,0.0180918,-0.0250559,-17.8477337,-24.7211617
1.4337500,0.0181110,-0.0249761,-17.7860749,-24.6595029
1.4343750,0.0181306,-0.0248963,-17.7488091,-24.6222371
1.4350000,0.0181501,-0.0248164,-17.7115432,-24.5849712
1.4356250,0.0181700,-0.0247366,-17.6973003,-24.5707283
1.4362500,0.0181898,-0.0246567,-17.6830574,-24.5564854
1.4368750,0.0182100,-0.0245768,-17.6902783,-24.5637063
1.4375000,0.0182301,-0.0244969,-17.6974991,-24.5709271
1.4381250,0.0182506,-0.0244169,-17.7244475,-24.5978755
1.4387500,0.0182711,-0.0243370,-17.7513958,-24.6248238
1.4393750,0.0182919,-0.0242570,-17.7961717,-24.6695997
1.4400000,0.0183127,-0.0241770,-17.8409475,-24.7143755
1.4406250,0.0183339,-0.0240970,-17.9015021,-24.7749301
1.4412500,0.0183550,-0.0240170,-17.9620566,-24.8354846
1.4418750,0.0183764,-0.0239369,-18.0362077,-24.9096357
1.4425000,0.0183978,-0.0238568,-18.1103587,-24.9837867
1.4431250,0.0184196,-0.0237766,-18.1958078,-25.0692358
1.4437500,0.0184413,-0.0236965,-18.2812569,-25.1546849
1.4443750,0.0184634,-0.0236163,-18.3756066,-25.2490346
1.4450000,0.0184855,-0.0235361,-18.4699563,-25.3433843
1.4456250,0.0185079,-0.0234559,-18.5707284,-25.4441564
1.4462500,0.0185303,-0.0233756,-18.6715006,-25.5449286
1.4468750,0.0185530,-0.0232953,-18.7761554,-25.6495834
1.4475000,0.0185757,-0.0232151,-18.8808102,-25.7542382
1.4481250,0.0185988,-0.0231347,-18.9867654,-25.8601934
1.4487500,0.0186218,-0.0230544,-19.0927205,-25.9661485
1.4493750,0.0186452,-0.0229740,-19.1973707,-26.0707987
1.4500000,0.0186685,-0.0228937,-19.3020209,-26.1754489
1.4506250,0.0186922,-0.0228132,-19.4027577,-26.2761857
1.4512500,0.0187159,-0.0227328,-19.5034944,-26.3769224
1.4518750,0.0187400,-0.0226523,-19.5977256,-26.4711536
1.4525000,0.0187640,-0.0225719,-19.6919568,-26.5653848
1.4531250,0.0187884,-0.0224914,-19.7771262,-26.6505542
1.4537500,0.0188127,-0.0224109,-19.8622956,-26.7357236
1.4543750,0.0188374,-0.0223304,-19.9359020,-26.8093300
1.4550000,0.0188620,-0.0222498,-20.0095085,-26.8829365
1.4556250,0.0188870,-0.0221693,-20.0691246,-26.9425526
1.4562500,0.0189120,-0.0220887,-20.1287408,-27.0021688
1.4568750,0.0189374,-0.0220081,-20.1720313,-27.0454593
1.4575000,0.0189627,-0.0219274,-20.2153219,-27.0887499
1.4581250,0.0189884,-0.0218467,-20.2400607,-27.1134887
1.4587500,0.0190141,-0.0217661,-20.2647994,-27.1382274
1.4593750,0.0190401,-0.0216854,-20.2688862,-27.1423142
1.4600000,0.0190661,-0.0216047,-20.2729729,-27.1464009
1.4606250,0.0190925,-0.0215239,-20.2544488,-27.1278768
1.4612500,0.0191188,-0.0214432,-20.2359247,-27.1093527
1.4618750,0.0191455,-0.0213624,-20.1929868,-27.0664148
1.4625000,0.0191722,-0.0212816,-20.1500489,-27.0234769
1.4631250,0.0191992,-0.0212008,-20.0810632,-26.9544913
1.4637500,0.0192262,-0.0211200,-20.0120776,-26.8855056
1.4643750,0.0192536,-0.0210392,-19.9155914,-26.7890194
1.4650000,0.0192810,-0.0209583,-19.8191052,-26.6925332
1.4656250,0.0193087,-0.0208774,-19.6938571,-26.5672851
1.4662500,0.0193364,-0.0207965,-19.5686090,-26.4420370
1.4668750,0.0193644,-0.0207156,-19.4135385,-26.2869665
1.4675000,0.0193925,-0.0206346,-19.2584679,-26.1318959
1.4681250,0.0194209,-0.0205536,-19.0727227,-25.9461507
1.4687500,0.0194493,-0.0204727,-18.8869775,-25.7604055
1.4693750,0.0194781,-0.0203917,-18.6699196,-25.5433476
1.4700000,0.0195068,-0.0203107,-18.4528617,-25.3262897
1.4706250,0.0195359,-0.0202297,-18.2040718,-25.0774998
1.4712500,0.0195650,-0.0201487,-17.9552820,-24.8287100
1.4718750,0.0195945,-0.0200676,-17.6745624,-24.5479904
1.4725000,0.0196239,-0.0199866,-17.3938428,-24.2672708
1.4731250,0.0196537,-0.0199055,-17.0812182,-23.9546462
1.4737500,0.0196835,-0.0198244,-16.7685937,-23.6420217
1.4743750,0.0197137,-0.0197433,-16.4243110,-23.2977390
1.4750000,0.0197438,-0.0196622,-16.0800283,-22.9534563
1.4756250,0.0197743,-0.0195811,-15.7045542,-22.5779822
1.4762500,0.0198048,-0.0194999,-15.3290801,-22.2025081
1.4768750,0.0198357,-0.0194187,-14.9230973,-21.7965253
1.4775000,0.0198665,-0.0193375,-14.5171145,-21.3905425
1.4781250,0.0198978,-0.0192563,-14.0815165,-20.9549445
1.4787500,0.0199290,-0.0191751,-13.6459186,-20.5193466
1.4793750,0.0199606,-0.0190939,-13.1818028,-20.0552308
1.4800000,0.0199921,-0.0190127,-12.7176871,-19.5911151
1.4806250,0.0200241,-0.0189314,-12.2263462,-19.0997742
1.4812500,0.0200560,-0.0188502,-11.7350054,-18.6084334
1.4818750,0.0200883,-0.0187689,-11.2179178,-18.0913458
1.4825000,0.0201206,-0.0186877,-10.7008303,-17.5742583
1.4831250,0.0201533,-0.0186064,-10.1596491,-17.0330771
1.4837500,0.0201859,-0.0185251,-9.6184679,-16.4918959
1.4843750,0.0202189,-0.0184438,-9.0550084,-15.9284364
1.4850000,0.0202519,-0.0183625,-8.4915488,-15.3649768
1.4856250,0.0202853,-0.0182812,-7.9077750,-14.7812030
1.4862500,0.0203187,-0.0181998,-7.3240011,-14.1974291
1.4868750,0.0203525,-0.0181185,-6.7220115,-13.5954395
1.4875000,0.0203862,-0.0180371,-6.1200219,-12.9934499
1.4881250,0.0204203,-0.0179558,-5.5020339,-12.3754619
1.4887500,0.0204544,-0.0178744,-4.8840459,-11.7574739
1.4893750,0.0204889,-0.0177930,-4.2523798,-11.1258078
1.4900000,0.0205234,-0.0177117,-3.6207138,-10.4941418
1.4906250,0.0205583,-0.0176303,-2.9777760,-9.8512040
1.4912500,0.0205931,-0.0175489,-2.3348382,-9.2082662
1.4918750,0.0206284,-0.0174675,-1.6831036,-8.5565316
1.4925000,0.0206636,-0.0173861,-1.0313690,-7.9047970
1.4931250,0.0206992,-0.0173046,-0.3733634,-7.2467914
1.4937500,0.0207348,-0.0172232,0.2846421,-6.5887859
1.4943750,0.0207708,-0.0171418,0.9463597,-5.9270683
1.4950000,0.0208067,-0.0170604,1.6080773,-5.2653507
1.4956250,0.0208431,-0.0169790,2.2709333,-4.6024947
1.4962500,0.0208795,-0.0168975,2.9337894,-3.9396386
1.4968750,0.0209162,-0.0168161,3.5952135,-3.2782145
1.4975000,0.0209529,-0.0167347,4.2566377,-2.6167903
1.4981250,0.0209900,-0.0166533,4.9140808,-1.9593472
1.4987500,0.0210271,-0.0165718,5.5715240,-1.3019040
1.4993750,0.0210646,-0.0164903,6.2224760,-0.6509520
1.5000000,0.0211021,-0.0164089,6.8734280,0.0000000
1.5006250,0.0210668,-0.0164855,7.5154350,0.6420070
1.5012500,0.0210316,-0.0165620,8.1574419,1.2840139
1.5018750,0.0209967,-0.0166386,8.7881227,1.9146947
1.5025000,0.0209618,-0.0167152,9.4188035,2.5453755
1.5031250,0.0209272,-0.0167918,10.0358662,3.1624382
1.5037500,0.0208926,-0.0168683,10.6529288,3.7795008
1.5043750,0.0208584,-0.0169449,11.2541855,4.3807575
1.5050000,0.0208241,-0.0170214,11.8554422,4.9820142
1.5056250,0.0207902,-0.0170979,12.4388237,5.5653957
1.5062500,0.0207563,-0.0171745,13.0222053,6.1487773
1.5068750,0.0207227,-0.0172510,13.5857747,6.7123467
1.5075000,0.0206891,-0.0173276,14.1493442,7.2759162
1.5081250,0.0206559,-0.0174041,14.6913089,7.8178809
1.5087500,0.0206226,-0.0174806,15.2332736,8.3598456
1.5093750,0.0205896,-0.0175572,15.7519966,8.8785686
1.5100000,0.0205567,-0.0176337,16.2707196,9.3972916
1.5106250,0.0205241,-0.0177102,16.7647295,9.8913015
1.5112500,0.0204915,-0.0177867,17.2587394,10.3853114
1.5118750,0.0204593,-0.0178632,17.7267390,10.8533110
1.5125000,0.0204270,-0.0179397,18.1947385,11.3213105
1.5131250,0.0203951,-0.0180162,18.6356121,11.7621841
1.5137500,0.0203631,-0.0180927,19.0764856,12.2030576
1.5143750,0.0203315,-0.0181692,19.4893050,12.6158770
1.5150000,0.0202998,-0.0182456,19.9021244,13.0286964
1.5156250,0.0202685,-0.0183220,20.2861533,13.4127253
1.5162500,0.0202372,-0.0183985,20.6701822,13.7967542
1.5168750,0.0202063,-0.0184749,21.0248794,14.1514514
1.5175000,0.0201753,-0.0185514,21.3795766,14.5061486
1.5181250,0.0201447,-0.0186278,21.7045973,14.8311693
1.5187500,0.0201140,-0.0187042,22.0296180,15.1561900
1.5193750,0.0200837,-0.0187806,22.3248144,15.4513864
1.5200000,0.0200533,-0.0188570,22.6200108,15.7465828
1.5206250,0.0200233,-0.0189334,22.8854304,16.0120024
1.5212500,0.0199933,-0.0190098,23.1508500,16.2774220
1.5218750,0.0199636,-0.0190862,23.3867331,16.5133051
1.5225000,0.0199339,-0.0191625,23.6226161,16.7491881
1.5231250,0.0199045,-0.0192389,23.8293917,16.9559637
1.5237500,0.0198751,-0.0193152,24.0361672,17.1627392
1.5243750,0.0198461,-0.0193915,24.2144477,17.3410197
1.5250000,0.0198170,-0.0194678,24.3927281,17.5193001
1.5256250,0.0197883,-0.0195441,24.5433024,17.6698744
1.5262500,0.0197595,-0.0196204,24.6938767,17.8204487
1.5268750,0.0197311,-0.0196966,24.8177026,17.9442746
1.5275000,0.0197026,-0.0197729,24.9415286,18.0681006
1.5281250,0.0196745,-0.0198491,25.0397237,18.1662957
1.5287500,0.0196463,-0.0199254,25.1379188,18.2644908
1.5293750,0.0196185,-0.0200016,25.2117502,18.3383222
1.5300000,0.0195907,-0.0200778,25.2855817,18.4121537
