t,Ex,Ez,tipx,tipz,psi_deg,phi_deg,power
0.000000,0.028473,-0.010847,0.074473,-0.090521,120.000000,105.000000,1.000000
0.001013,0.028473,-0.010846,0.074471,-0.090521,119.999048,105.000000,1.000000
0.002025,0.028472,-0.010844,0.074467,-0.090522,119.996192,105.000000,1.000000
0.003038,0.028471,-0.010841,0.074459,-0.090523,119.991433,105.000000,1.000000
0.004050,0.028469,-0.010837,0.074448,-0.090524,119.984771,105.000000,1.000000
0.005063,0.028467,-0.010832,0.074434,-0.090526,119.976206,105.000000,1.000000
0.006075,0.028464,-0.010826,0.074416,-0.090528,119.965738,105.000000,1.000000
0.007088,0.028461,-0.010818,0.074396,-0.090530,119.953370,105.000000,1.000000
0.008100,0.028457,-0.010809,0.074372,-0.090533,119.939101,105.000000,1.000000
0.009113,0.028453,-0.010800,0.074346,-0.090536,119.922933,105.000000,1.000000
0.010125,0.028448,-0.010789,0.074316,-0.090539,119.904867,105.000000,1.000000
0.011138,0.028443,-0.010776,0.074283,-0.090543,119.884905,105.000000,1.000000
0.012150,0.028437,-0.010763,0.074247,-0.090547,119.863047,105.000000,1.000000
0.013163,0.028431,-0.010749,0.074208,-0.090552,119.839296,105.000000,1.000000
0.014175,0.028425,-0.010733,0.074165,-0.090556,119.813654,105.000000,1.000000
0.015188,0.028418,-0.010716,0.074120,-0.090562,119.786122,105.000000,1.000000
0.016200,0.028410,-0.010698,0.074071,-0.090567,119.756702,105.000000,1.000000
0.017213,0.028402,-0.010679,0.074020,-0.090573,119.725397,105.000000,1.000000
0.018225,0.028394,-0.010659,0.073965,-0.090579,119.692209,105.000000,1.000000
0.019238,0.028385,-0.010637,0.073907,-0.090585,119.657140,105.000000,1.000000
0.020250,0.028375,-0.010615,0.073846,-0.090592,119.620194,105.000000,1.000000
0.021263,0.028365,-0.010591,0.073782,-0.090599,119.581373,105.000000,1.000000
0.022275,0.028355,-0.010566,0.073715,-0.090607,119.540680,105.000000,1.000000
0.023288,0.028344,-0.010540,0.073644,-0.090614,119.498118,105.000000,1.000000
0.024300,0.028333,-0.010513,0.073571,-0.090622,119.453690,105.000000,1.000000
0.025313,0.028321,-0.010485,0.073495,-0.090630,119.407400,105.000000,1.000000
0.026325,0.028309,-0.010455,0.073415,-0.090639,119.359252,105.000000,1.000000
0.027338,0.028296,-0.010424,0.073333,-0.090648,119.309248,105.000000,1.000000
0.028350,0.028283,-0.010393,0.073247,-0.090656,119.257393,105.000000,1.000000
0.029363,0.028270,-0.010360,0.073158,-0.090666,119.203691,105.000000,1.000000
0.030375,0.028256,-0.010326,0.073066,-0.090675,119.148146,105.000000,1.000000
0.031388,0.028242,-0.010290,0.072972,-0.090685,119.090761,105.000000,1.000000
0.032400,0.028227,-0.010254,0.072874,-0.090695,119.031542,105.000000,1.000000
0.033413,0.028212,-0.010217,0.072773,-0.090705,118.970493,105.000000,1.000000
0.034425,0.028196,-0.010178,0.072669,-0.090715,118.907619,105.000000,1.000000
0.035438,0.028180,-0.010138,0.072562,-0.090725,118.842924,105.000000,1.000000
0.036450,0.028164,-0.010097,0.072452,-0.090736,118.776413,105.000000,1.000000
0.037463,0.028147,-0.010055,0.072339,-0.090747,118.708091,105.000000,1.000000
0.038475,0.028130,-0.010012,0.072223,-0.090757,118.637964,105.000000,1.000000
0.039488,0.028112,-0.009968,0.072104,-0.090768,118.566037,105.000000,1.000000
0.040500,0.028094,-0.009922,0.071982,-0.090780,118.492316,105.000000,1.000000
0.041513,0.028076,-0.009876,0.071857,-0.090791,118.416805,105.000000,1.000000
0.042525,0.028057,-0.009828,0.071729,-0.090802,118.339511,105.000000,1.000000
0.043538,0.028038,-0.009779,0.071598,-0.090813,118.260439,105.000000,1.000000
0.044550,0.028019,-0.009730,0.071465,-0.090825,118.179596,105.000000,1.000000
0.045563,0.027999,-0.009679,0.071328,-0.090837,118.096988,105.000000,1.000000
0.046575,0.027979,-0.009626,0.071188,-0.090848,118.012621,105.000000,1.000000
0.047588,0.027959,-0.009573,0.071046,-0.090860,117.926502,105.000000,1.000000
0.048600,0.027938,-0.009519,0.070900,-0.090871,117.838636,105.000000,1.000000
0.049613,0.027917,-0.009463,0.070752,-0.090883,117.749032,105.000000,1.000000
0.050625,0.027895,-0.009407,0.070601,-0.090894,117.657695,105.000000,1.000000
0.051638,0.027874,-0.009349,0.070446,-0.090906,117.564632,105.000000,1.000000
0.052650,0.027851,-0.009290,0.070289,-0.090918,117.469851,105.000000,1.000000
0.053663,0.027829,-0.009230,0.070130,-0.090929,117.373359,105.000000,1.000000
0.054675,0.027807,-0.009169,0.069967,-0.090940,117.275163,105.000000,1.000000
0.055688,0.027784,-0.009107,0.069801,-0.090952,117.175271,105.000000,1.000000
0.056700,0.027760,-0.009044,0.069633,-0.090963,117.073690,105.000000,1.000000
0.057713,0.027737,-0.008980,0.069462,-0.090974,116.970428,105.000000,1.000000
0.058725,0.027713,-0.008915,0.069288,-0.090985,116.865493,105.000000,1.000000
0.059738,0.027689,-0.008848,0.069111,-0.090996,116.758892,105.000000,1.000000
0.060750,0.027665,-0.008781,0.068932,-0.091006,116.650635,105.000000,1.000000
0.061763,0.027641,-0.008712,0.068749,-0.091017,116.540729,105.000000,1.000000
0.062775,0.027616,-0.008642,0.068564,-0.091027,116.429183,105.000000,1.000000
0.063788,0.027591,-0.008572,0.068377,-0.091037,116.316004,105.000000,1.000000
0.064800,0.027566,-0.008500,0.068186,-0.091047,116.201202,105.000000,1.000000
0.065813,0.027541,-0.008427,0.067993,-0.091056,116.084786,105.000000,1.000000
0.066825,0.027515,-0.008353,0.067797,-0.091066,115.966764,105.000000,1.000000
0.067838,0.027489,-0.008278,0.067599,-0.091075,115.847146,105.000000,1.000000
0.068850,0.027463,-0.008202,0.067398,-0.091083,115.725939,105.000000,1.000000
0.069863,0.027437,-0.008125,0.067194,-0.091092,115.603155,105.000000,1.000000
0.070875,0.027411,-0.008047,0.066987,-0.091100,115.478801,105.000000,1.000000
0.071888,0.027385,-0.007968,0.066778,-0.091107,115.352888,105.000000,1.000000
0.072900,0.027358,-0.007888,0.066567,-0.091115,115.225425,105.000000,1.000000
0.073913,0.027332,-0.007807,0.066353,-0.091121,115.096422,105.000000,1.000000
0.074925,0.027305,-0.007725,0.066136,-0.091128,114.965888,105.000000,1.000000
0.075938,0.027278,-0.007641,0.065917,-0.091134,114.833834,105.000000,1.000000
0.076950,0.027251,-0.007557,0.065695,-0.091140,114.700269,105.000000,1.000000
0.077963,0.027224,-0.007472,0.065471,-0.091145,114.565204,105.000000,1.000000
0.078975,0.027196,-0.007386,0.065244,-0.091149,114.428649,105.000000,1.000000
0.079988,0.027169,-0.007298,0.065015,-0.091154,114.290615,105.000000,1.000000
0.081000,0.027142,-0.007210,0.064783,-0.091157,114.151111,105.000000,1.000000
0.082013,0.027114,-0.007121,0.064549,-0.091160,114.010149,105.000000,1.000000
0.083025,0.027087,-0.007031,0.064312,-0.091163,113.867740,105.000000,1.000000
0.084038,0.027059,-0.006939,0.064073,-0.091165,113.723893,105.000000,1.000000
0.085050,0.027032,-0.006847,0.063832,-0.091166,113.578621,105.000000,1.000000
0.086063,0.027004,-0.006754,0.063589,-0.091167,113.431933,105.000000,1.000000
0.087075,0.026976,-0.006660,0.063343,-0.091167,113.283843,105.000000,1.000000
0.088088,0.026949,-0.006565,0.063094,-0.091167,113.134359,105.000000,1.000000
0.089100,0.026921,-0.006469,0.062844,-0.091166,112.983495,105.000000,1.000000
0.090113,0.026893,-0.006372,0.062591,-0.091164,112.831261,105.000000,1.000000
0.091125,0.026865,-0.006274,0.062336,-0.091161,112.677670,105.000000,1.000000
0.092138,0.026838,-0.006175,0.062078,-0.091158,112.522732,105.000000,1.000000
0.093150,0.026810,-0.006075,0.061819,-0.091154,112.366459,105.000000,1.000000
0.094163,0.026783,-0.005975,0.061557,-0.091149,112.208864,105.000000,1.000000
0.095175,0.026755,-0.005873,0.061293,-0.091144,112.049959,105.000000,1.000000
0.096188,0.026728,-0.005771,0.061027,-0.091138,111.889755,105.000000,1.000000
0.097200,0.026700,-0.005667,0.060759,-0.091131,111.728265,105.000000,1.000000
0.098213,0.026673,-0.005563,0.060489,-0.091123,111.565501,105.000000,1.000000
0.099225,0.026646,-0.005458,0.060217,-0.091114,111.401476,105.000000,1.000000
0.100238,0.026619,-0.005352,0.059942,-0.091104,111.236201,105.000000,1.000000
0.101250,0.026592,-0.005245,0.059666,-0.091094,111.069690,105.000000,1.000000
0.102263,0.026565,-0.005137,0.059387,-0.091083,110.901956,105.000000,1.000000
0.103275,0.026538,-0.005028,0.059107,-0.091070,110.733010,105.000000,1.000000
0.104288,0.026511,-0.004919,0.058825,-0.091057,110.562866,105.000000,1.000000
0.105300,0.026485,-0.004808,0.058541,-0.091043,110.391537,105.000000,1.000000
0.106313,0.026458,-0.004697,0.058254,-0.091028,110.219036,105.000000,1.000000
0.107325,0.026432,-0.004585,0.057966,-0.091012,110.045376,105.000000,1.000000
0.108338,0.026406,-0.004472,0.057677,-0.090995,109.870570,105.000000,1.000000
0.109350,0.026380,-0.004359,0.057385,-0.090977,109.694631,105.000000,1.000000
0.110363,0.026355,-0.004244,0.057091,-0.090958,109.517574,105.000000,1.000000
0.111375,0.026329,-0.004129,0.056796,-0.090938,109.339411,105.000000,1.000000
0.112388,0.026304,-0.004013,0.056499,-0.090917,109.160156,105.000000,1.000000
0.113400,0.026279,-0.003896,0.056201,-0.090895,108.979823,105.000000,1.000000
0.114413,0.026254,-0.003779,0.055900,-0.090871,108.798425,105.000000,1.000000
0.115425,0.026230,-0.003660,0.055598,-0.090847,108.615976,105.000000,1.000000
0.116438,0.026205,-0.003541,0.055294,-0.090821,108.432490,105.000000,1.000000
0.117450,0.026181,-0.003422,0.054989,-0.090795,108.247982,105.000000,1.000000
0.118463,0.026157,-0.003301,0.054682,-0.090767,108.062464,105.000000,1.000000
0.119475,0.026134,-0.003180,0.054374,-0.090738,107.875952,105.000000,1.000000
0.120488,0.026110,-0.003058,0.054064,-0.090708,107.688459,105.000000,1.000000
0.121500,0.026087,-0.002935,0.053752,-0.090677,107.500000,105.000000,1.000000
0.122513,0.026065,-0.002812,0.053439,-0.090645,107.310589,105.000000,1.000000
0.123525,0.026042,-0.002688,0.053125,-0.090611,107.120241,105.000000,1.000000
0.124538,0.026020,-0.002563,0.052809,-0.090576,106.928969,105.000000,1.000000
0.125550,0.025998,-0.002437,0.052492,-0.090540,106.736789,105.000000,1.000000
0.126563,0.025977,-0.002311,0.052174,-0.090503,106.543715,105.000000,1.000000
0.127575,0.025956,-0.002185,0.051854,-0.090464,106.349762,105.000000,1.000000
0.128588,0.025935,-0.002057,0.051533,-0.090424,106.154945,105.000000,1.000000
0.129600,0.025914,-0.001929,0.051210,-0.090383,105.959279,105.000000,1.000000
0.130613,0.025894,-0.001801,0.050887,-0.090341,105.762777,105.000000,1.000000
0.131625,0.025875,-0.001672,0.050562,-0.090297,105.565457,105.000000,1.000000
0.132638,0.025855,-0.001542,0.050236,-0.090252,105.367331,105.000000,1.000000
0.133650,0.025836,-0.001411,0.049909,-0.090206,105.168416,105.000000,1.000000
0.134663,0.025817,-0.001280,0.049580,-0.090159,104.968727,105.000000,1.000000
0.135675,0.025799,-0.001149,0.049251,-0.090110,104.768278,105.000000,1.000000
0.136688,0.025781,-0.001017,0.048921,-0.090059,104.567086,105.000000,1.000000
0.137700,0.025764,-0.000884,0.048589,-0.090008,104.365165,105.000000,1.000000
0.138713,0.025747,-0.000751,0.048257,-0.089955,104.162531,105.000000,1.000000
0.139725,0.025730,-0.000617,0.047924,-0.089900,103.959199,105.000000,1.000000
0.140738,0.025714,-0.000483,0.047589,-0.089845,103.755185,105.000000,1.000000
0.141750,0.025698,-0.000349,0.047254,-0.089788,103.550504,105.000000,1.000000
0.142763,0.025683,-0.000213,0.046918,-0.089729,103.345171,105.000000,1.000000
0.143775,0.025668,-0.000078,0.046581,-0.089669,103.139204,105.000000,1.000000
0.144788,0.025654,0.000058,0.046244,-0.089608,102.932616,105.000000,1.000000
0.145800,0.025640,0.000195,0.045905,-0.089545,102.725425,105.000000,1.000000
0.146813,0.025626,0.000332,0.045566,-0.089481,102.517645,105.000000,1.000000
0.147825,0.025613,0.000469,0.045226,-0.089416,102.309293,105.000000,1.000000
0.148838,0.025600,0.000607,0.044886,-0.089349,102.100384,105.000000,1.000000
0.149850,0.025588,0.000745,0.044545,-0.089281,101.890934,105.000000,1.000000
0.150863,0.025577,0.000884,0.044203,-0.089211,101.680959,105.000000,1.000000
0.151875,0.025565,0.001023,0.043861,-0.089140,101.470476,105.000000,1.000000
0.152888,0.025555,0.001162,0.043518,-0.089067,101.259500,105.000000,1.000000
0.153900,0.025544,0.001302,0.043175,-0.088993,101.048047,105.000000,1.000000
0.154913,0.025535,0.001442,0.042831,-0.088918,100.836134,105.000000,1.000000
0.155925,0.025525,0.001582,0.042486,-0.088841,100.623776,105.000000,1.000000
0.156938,0.025517,0.001723,0.042142,-0.088763,100.410990,105.000000,1.000000
0.157950,0.025509,0.001864,0.041797,-0.088683,100.197792,105.000000,1.000000
0.158963,0.025501,0.002005,0.041451,-0.088602,99.984198,105.000000,1.000000
0.159975,0.025494,0.002147,0.041106,-0.088519,99.770225,105.000000,1.000000
0.160988,0.025487,0.002288,0.040760,-0.088435,99.555888,105.000000,1.000000
0.162000,0.025481,0.002430,0.040414,-0.088350,99.341204,105.000000,1.000000
0.163013,0.025475,0.002573,0.040067,-0.088263,99.126190,105.000000,1.000000
0.164025,0.025470,0.002715,0.039721,-0.088174,98.910862,105.000000,1.000000
0.165038,0.025466,0.002858,0.039374,-0.088085,98.695235,105.000000,1.000000
0.166050,0.025461,0.003001,0.039027,-0.087993,98.479328,105.000000,1.000000
0.167063,0.025458,0.003144,0.038680,-0.087901,98.263155,105.000000,1.000000
0.168075,0.025455,0.003287,0.038333,-0.087807,98.046734,105.000000,1.000000
0.169088,0.025453,0.003431,0.037986,-0.087711,97.830080,105.000000,1.000000
0.170100,0.025451,0.003575,0.037639,-0.087614,97.613212,105.000000,1.000000
0.171113,0.025449,0.003718,0.037292,-0.087516,97.396144,105.000000,1.000000
0.172125,0.025449,0.003862,0.036946,-0.087417,97.178894,105.000000,1.000000
0.173138,0.025448,0.004006,0.036599,-0.087315,96.961477,105.000000,1.000000
0.174150,0.025449,0.004150,0.036252,-0.087213,96.743912,105.000000,1.000000
0.175163,0.025449,0.004295,0.035906,-0.087109,96.526213,105.000000,1.000000
0.176175,0.025451,0.004439,0.035560,-0.087004,96.308399,105.000000,1.000000
0.177188,0.025453,0.004583,0.035214,-0.086898,96.090485,105.000000,1.000000
0.178200,0.025455,0.004728,0.034868,-0.086790,95.872487,105.000000,1.000000
0.179213,0.025458,0.004872,0.034523,-0.086680,95.654424,105.000000,1.000000
0.180225,0.025462,0.005016,0.034178,-0.086570,95.436310,105.000000,1.000000
0.181238,0.025466,0.005161,0.033833,-0.086458,95.218163,105.000000,1.000000
0.182250,0.025471,0.005305,0.033489,-0.086345,95.000000,105.000000,1.000000
0.183263,0.025476,0.005450,0.033145,-0.086230,94.781837,105.000000,1.000000
0.184275,0.025482,0.005594,0.032802,-0.086114,94.563690,105.000000,1.000000
0.185288,0.025488,0.005738,0.032459,-0.085997,94.345576,105.000000,1.000000
0.186300,0.025495,0.005883,0.032117,-0.085879,94.127513,105.000000,1.000000
0.187313,0.025503,0.006027,0.031775,-0.085759,93.909515,105.000000,1.000000
0.188325,0.025510,0.006171,0.031434,-0.085638,93.691601,105.000000,1.000000
0.189338,0.025519,0.006315,0.031093,-0.085516,93.473787,105.000000,1.000000
0.190350,0.025528,0.006459,0.030754,-0.085393,93.256088,105.000000,1.000000
0.191363,0.025538,0.006603,0.030414,-0.085268,93.038523,105.000000,1.000000
0.192375,0.025548,0.006746,0.030076,-0.085142,92.821106,105.000000,1.000000
0.193388,0.025559,0.006890,0.029738,-0.085015,92.603856,105.000000,1.000000
0.194400,0.025570,0.007033,0.029401,-0.084887,92.386788,105.000000,1.000000
0.195413,0.025582,0.007176,0.029065,-0.084758,92.169920,105.000000,1.000000
0.196425,0.025594,0.007319,0.028730,-0.084627,91.953266,105.000000,1.000000
0.197438,0.025607,0.007462,0.028395,-0.084496,91.736845,105.000000,1.000000
0.198450,0.025620,0.007605,0.028061,-0.084363,91.520672,105.000000,1.000000
0.199463,0.025634,0.007747,0.027729,-0.084229,91.304765,105.000000,1.000000
0.200475,0.025648,0.007889,0.027397,-0.084094,91.089138,105.000000,1.000000
0.201488,0.025663,0.008031,0.027066,-0.083958,90.873810,105.000000,1.000000
0.202500,0.025678,0.008173,0.026736,-0.083821,90.658796,105.000000,1.000000
0.203513,0.025694,0.008314,0.026407,-0.083683,90.444112,105.000000,1.000000
0.204525,0.025711,0.008455,0.026080,-0.083544,90.229775,105.000000,1.000000
0.205538,0.025728,0.008596,0.025753,-0.083404,90.015802,105.000000,1.000000
0.206550,0.025745,0.008736,0.025427,-0.083263,89.802208,105.000000,1.000000
0.207563,0.025763,0.008876,0.025103,-0.083121,89.589010,105.000000,1.000000
0.208575,0.025781,0.009016,0.024780,-0.082979,89.376224,105.000000,1.000000
0.209588,0.025800,0.009155,0.024458,-0.082835,89.163866,105.000000,1.000000
0.210600,0.025819,0.009294,0.024137,-0.082690,88.951953,105.000000,1.000000
0.211613,0.025839,0.009433,0.023817,-0.082545,88.740500,105.000000,1.000000
0.212625,0.025859,0.009571,0.023499,-0.082398,88.529524,105.000000,1.000000
0.213638,0.025880,0.009709,0.023181,-0.082251,88.319041,105.000000,1.000000
0.214650,0.025901,0.009847,0.022866,-0.082103,88.109066,105.000000,1.000000
0.215663,0.025923,0.009984,0.022551,-0.081955,87.899616,105.000000,1.000000
0.216675,0.025945,0.010120,0.022238,-0.081805,87.690707,105.000000,1.000000
0.217688,0.025968,0.010256,0.021926,-0.081655,87.482355,105.000000,1.000000
0.218700,0.025991,0.010392,0.021616,-0.081504,87.274575,105.000000,1.000000
0.219713,0.026014,0.010527,0.021307,-0.081352,87.067384,105.000000,1.000000
0.220725,0.026038,0.010662,0.021000,-0.081200,86.860796,105.000000,1.000000
0.221738,0.026062,0.010796,0.020694,-0.081047,86.654829,105.000000,1.000000
0.222750,0.026086,0.010930,0.020389,-0.080893,86.449496,105.000000,1.000000
0.223763,0.026111,0.011063,0.020086,-0.080739,86.244815,105.000000,1.000000
0.224775,0.026137,0.011196,0.019785,-0.080584,86.040801,105.000000,1.000000
0.225788,0.026163,0.011328,0.019485,-0.080429,85.837469,105.000000,1.000000
0.226800,0.026189,0.011460,0.019186,-0.080273,85.634835,105.000000,1.000000
0.227813,0.026215,0.011591,0.018890,-0.080117,85.432914,105.000000,1.000000
0.228825,0.026242,0.011722,0.018595,-0.079960,85.231722,105.000000,1.000000
0.229838,0.026269,0.011852,0.018301,-0.079803,85.031273,105.000000,1.000000
0.230850,0.026297,0.011981,0.018009,-0.079645,84.831584,105.000000,1.000000
0.231863,0.026325,0.012110,0.017719,-0.079487,84.632669,105.000000,1.000000
0.232875,0.026353,0.012238,0.017431,-0.079329,84.434543,105.000000,1.000000
0.233888,0.026382,0.012365,0.017144,-0.079170,84.237223,105.000000,1.000000
0.234900,0.026411,0.012492,0.016859,-0.079011,84.040721,105.000000,1.000000
0.235913,0.026440,0.012619,0.016576,-0.078851,83.845055,105.000000,1.000000
0.236925,0.026469,0.012744,0.016294,-0.078691,83.650238,105.000000,1.000000
0.237938,0.026499,0.012869,0.016015,-0.078532,83.456285,105.000000,1.000000
0.238950,0.026529,0.012993,0.015737,-0.078371,83.263211,105.000000,1.000000
0.239963,0.026560,0.013117,0.015461,-0.078211,83.071031,105.000000,1.000000
0.240975,0.026590,0.013240,0.015187,-0.078051,82.879759,105.000000,1.000000
0.241988,0.026621,0.013362,0.014914,-0.077890,82.689411,105.000000,1.000000
0.243000,0.026652,0.013484,0.014644,-0.077729,82.500000,105.000000,1.000000
0.244013,0.026684,0.013605,0.014375,-0.077568,82.311541,105.000000,1.000000
0.245025,0.026715,0.013725,0.014109,-0.077408,82.124048,105.000000,1.000000
0.246038,0.026747,0.013844,0.013844,-0.077247,81.937536,105.000000,1.000000
0.247050,0.026779,0.013963,0.013581,-0.077086,81.752018,105.000000,1.000000
0.248063,0.026812,0.014081,0.013320,-0.076925,81.567510,105.000000,1.000000
0.249075,0.026844,0.014198,0.013061,-0.076764,81.384024,105.000000,1.000000
0.250088,0.026877,0.014314,0.012805,-0.076603,81.201575,105.000000,1.000000
0.251100,0.026910,0.014430,0.012550,-0.076443,81.020177,105.000000,1.000000
0.252113,0.026943,0.014544,0.012297,-0.076282,80.839844,105.000000,1.000000
0.253125,0.026976,0.014658,0.012046,-0.076122,80.660589,105.000000,1.000000
0.254138,0.027009,0.014772,0.011797,-0.075962,80.482426,105.000000,1.000000
0.255150,0.027043,0.014884,0.011550,-0.075802,80.305369,105.000000,1.000000
0.256163,0.027076,0.014996,0.011305,-0.075643,80.129430,105.000000,1.000000
0.257175,0.027110,0.015106,0.011062,-0.075483,79.954624,105.000000,1.000000
0.258188,0.027144,0.015216,0.010822,-0.075324,79.780964,105.000000,1.000000
0.259200,0.027178,0.015325,0.010583,-0.075166,79.608463,105.000000,1.000000
0.260213,0.027212,0.015434,0.010347,-0.075007,79.437134,105.000000,1.000000
0.261225,0.027246,0.015541,0.010112,-0.074849,79.266990,105.000000,1.000000
0.262238,0.027280,0.015648,0.009880,-0.074692,79.098044,105.000000,1.000000
0.263250,0.027314,0.015753,0.009650,-0.074535,78.930310,105.000000,1.000000
0.264263,0.027348,0.015858,0.009422,-0.074378,78.763799,105.000000,1.000000
0.265275,0.027383,0.015962,0.009196,-0.074222,78.598524,105.000000,1.000000
0.266288,0.027417,0.016065,0.008972,-0.074067,78.434499,105.000000,1.000000
0.267300,0.027452,0.016167,0.008751,-0.073912,78.271735,105.000000,1.000000
0.268313,0.027486,0.016269,0.008531,-0.073758,78.110245,105.000000,1.000000
0.269325,0.027521,0.016369,0.008314,-0.073604,77.950041,105.000000,1.000000
0.270338,0.027555,0.016468,0.008099,-0.073451,77.791136,105.000000,1.000000
0.271350,0.027589,0.016567,0.007886,-0.073298,77.633541,105.000000,1.000000
0.272363,0.027624,0.016665,0.007676,-0.073147,77.477268,105.000000,1.000000
0.273375,0.027658,0.016761,0.007467,-0.072996,77.322330,105.000000,1.000000
0.274388,0.027693,0.016857,0.007261,-0.072846,77.168739,105.000000,1.000000
0.275400,0.027727,0.016952,0.007057,-0.072696,77.016505,105.000000,1.000000
0.276413,0.027761,0.017046,0.006855,-0.072547,76.865641,105.000000,1.000000
0.277425,0.027795,0.017139,0.006656,-0.072400,76.716157,105.000000,1.000000
0.278438,0.027829,0.017231,0.006459,-0.072253,76.568067,105.000000,1.000000
0.279450,0.027863,0.017322,0.006264,-0.072107,76.421379,105.000000,1.000000
0.280463,0.027897,0.017412,0.006071,-0.071962,76.276107,105.000000,1.000000
0.281475,0.027931,0.017501,0.005880,-0.071817,76.132260,105.000000,1.000000
0.282488,0.027965,0.017589,0.005692,-0.071674,75.989851,105.000000,1.000000
0.283500,0.027998,0.017676,0.005506,-0.071532,75.848889,105.000000,1.000000
0.284513,0.028032,0.017762,0.005322,-0.071391,75.709385,105.000000,1.000000
0.285525,0.028065,0.017847,0.005141,-0.071251,75.571351,105.000000,1.000000
0.286538,0.028098,0.017932,0.004962,-0.071112,75.434796,105.000000,1.000000
0.287550,0.028131,0.018015,0.004785,-0.070974,75.299731,105.000000,1.000000
0.288563,0.028164,0.018097,0.004610,-0.070837,75.166166,105.000000,1.000000
0.289575,0.028196,0.018178,0.004438,-0.070701,75.034112,105.000000,1.000000
0.290588,0.028229,0.018258,0.004268,-0.070567,74.903578,105.000000,1.000000
0.291600,0.028261,0.018337,0.004100,-0.070433,74.774575,105.000000,1.000000
0.292613,0.028293,0.018416,0.003935,-0.070301,74.647112,105.000000,1.000000
0.293625,0.028325,0.018493,0.003771,-0.070170,74.521199,105.000000,1.000000
0.294638,0.028356,0.018569,0.003611,-0.070041,74.396845,105.000000,1.000000
0.295650,0.028387,0.018644,0.003452,-0.069912,74.274061,105.000000,1.000000
0.296663,0.028418,0.018718,0.003296,-0.069785,74.152854,105.000000,1.000000
0.297675,0.028449,0.018791,0.003142,-0.069660,74.033236,105.000000,1.000000
0.298688,0.028480,0.018863,0.002990,-0.069536,73.915214,105.000000,1.000000
0.299700,0.028510,0.018934,0.002841,-0.069413,73.798798,105.000000,1.000000
0.300713,0.028540,0.019004,0.002694,-0.069291,73.683996,105.000000,1.000000
0.301725,0.028570,0.019073,0.002549,-0.069171,73.570817,105.000000,1.000000
0.302738,0.028599,0.019140,0.002407,-0.069053,73.459271,105.000000,1.000000
0.303750,0.028628,0.019207,0.002267,-0.068935,73.349365,105.000000,1.000000
0.304763,0.028657,0.019273,0.002129,-0.068820,73.241108,105.000000,1.000000
0.305775,0.028686,0.019337,0.001994,-0.068706,73.134507,105.000000,1.000000
0.306788,0.028714,0.019401,0.001861,-0.068593,73.029572,105.000000,1.000000
0.307800,0.028741,0.019463,0.001730,-0.068482,72.926310,105.000000,1.000000
0.308813,0.028769,0.019525,0.001602,-0.068373,72.824729,105.000000,1.000000
0.309825,0.028796,0.019585,0.001476,-0.068265,72.724837,105.000000,1.000000
0.310838,0.028823,0.019644,0.001352,-0.068158,72.626641,105.000000,1.000000
0.311850,0.028849,0.019703,0.001230,-0.068054,72.530149,105.000000,1.000000
0.312863,0.028875,0.019760,0.001111,-0.067951,72.435368,105.000000,1.000000
0.313875,0.028901,0.019816,0.000995,-0.067850,72.342305,105.000000,1.000000
0.314888,0.028926,0.019871,0.000880,-0.067750,72.250968,105.000000,1.000000
0.315900,0.028951,0.019925,0.000768,-0.067652,72.161364,105.000000,1.000000
0.316913,0.028975,0.019977,0.000658,-0.067556,72.073498,105.000000,1.000000
0.317925,0.029000,0.020029,0.000551,-0.067462,71.987379,105.000000,1.000000
0.318938,0.029023,0.020080,0.000446,-0.067369,71.903012,105.000000,1.000000
0.319950,0.029046,0.020129,0.000343,-0.067278,71.820404,105.000000,1.000000
0.320963,0.029069,0.020178,0.000242,-0.067189,71.739561,105.000000,1.000000
0.321975,0.029092,0.020225,0.000144,-0.067102,71.660489,105.000000,1.000000
0.322988,0.029113,0.020271,0.000048,-0.067017,71.583195,105.000000,1.000000
0.324000,0.029135,0.020317,-0.000045,-0.066933,71.507684,105.000000,1.000000
0.325013,0.029156,0.020361,-0.000137,-0.066851,71.433963,105.000000,1.000000
0.326025,0.029177,0.020404,-0.000226,-0.066772,71.362036,105.000000,1.000000
0.327038,0.029197,0.020446,-0.000312,-0.066694,71.291909,105.000000,1.000000
0.328050,0.029216,0.020486,-0.000396,-0.066618,71.223587,105.000000,1.000000
0.329063,0.029235,0.020526,-0.000478,-0.066543,71.157076,105.000000,1.000000
0.330075,0.029254,0.020565,-0.000558,-0.066471,71.092381,105.000000,1.000000
0.331088,0.029272,0.020602,-0.000635,-0.066401,71.029507,105.000000,1.000000
0.332100,0.029290,0.020638,-0.000710,-0.066333,70.968458,105.000000,1.000000
0.333113,0.029307,0.020674,-0.000783,-0.066267,70.909239,105.000000,1.000000
0.334125,0.029324,0.020708,-0.000853,-0.066202,70.851854,105.000000,1.000000
0.335138,0.029340,0.020741,-0.000921,-0.066140,70.796309,105.000000,1.000000
0.336150,0.029356,0.020773,-0.000987,-0.066080,70.742607,105.000000,1.000000
0.337163,0.029371,0.020804,-0.001050,-0.066021,70.690752,105.000000,1.000000
0.338175,0.029386,0.020833,-0.001111,-0.065965,70.640748,105.000000,1.000000
0.339188,0.029400,0.020862,-0.001170,-0.065911,70.592600,105.000000,1.000000
0.340200,0.029414,0.020889,-0.001227,-0.065859,70.546310,105.000000,1.000000
0.341213,0.029427,0.020916,-0.001281,-0.065808,70.501882,105.000000,1.000000
0.342225,0.029439,0.020941,-0.001333,-0.065760,70.459320,105.000000,1.000000
0.343238,0.029451,0.020965,-0.001382,-0.065714,70.418627,105.000000,1.000000
0.344250,0.029463,0.020988,-0.001429,-0.065670,70.379806,105.000000,1.000000
0.345263,0.029474,0.021010,-0.001474,-0.065629,70.342860,105.000000,1.000000
0.346275,0.029484,0.021031,-0.001517,-0.065589,70.307791,105.000000,1.000000
0.347288,0.029494,0.021050,-0.001557,-0.065551,70.274603,105.000000,1.000000
0.348300,0.029503,0.021069,-0.001595,-0.065516,70.243298,105.000000,1.000000
0.349313,0.029512,0.021086,-0.001631,-0.065482,70.213878,105.000000,1.000000
0.350325,0.029520,0.021102,-0.001664,-0.065451,70.186346,105.000000,1.000000
0.351338,0.029528,0.021118,-0.001695,-0.065422,70.160704,105.000000,1.000000
0.352350,0.029535,0.021132,-0.001724,-0.065395,70.136953,105.000000,1.000000
0.353363,0.029542,0.021145,-0.001751,-0.065370,70.115095,105.000000,1.000000
0.354375,0.029548,0.021156,-0.001775,-0.065347,70.095133,105.000000,1.000000
0.355388,0.029553,0.021167,-0.001797,-0.065327,70.077067,105.000000,1.000000
0.356400,0.029558,0.021177,-0.001816,-0.065309,70.060899,105.000000,1.000000
0.357413,0.029562,0.021185,-0.001833,-0.065292,70.046630,105.000000,1.000000
0.358425,0.029566,0.021192,-0.001848,-0.065278,70.034262,105.000000,1.000000
0.359438,0.029569,0.021199,-0.001861,-0.065266,70.023794,105.000000,1.000000
0.360450,0.029572,0.021204,-0.001871,-0.065257,70.015229,105.000000,1.000000
0.361463,0.029574,0.021207,-0.001879,-0.065249,70.008567,105.000000,1.000000
0.362475,0.029575,0.021210,-0.001885,-0.065244,70.003808,105.000000,1.000000
0.363488,0.029576,0.021212,-0.001889,-0.065240,70.000952,105.000000,1.000000
0.364500,0.029576,0.021213,-0.001890,-0.065239,70.000000,105.000000,0.000000
0.365513,0.029576,0.021214,-0.001889,-0.065238,70.000637,104.996686,0.000000
0.366525,0.029576,0.021220,-0.001886,-0.065233,70.002549,104.986746,0.000000
0.367538,0.029576,0.021229,-0.001881,-0.065225,70.005735,104.970182,0.000000
0.368550,0.029576,0.021242,-0.001874,-0.065215,70.010195,104.946996,0.000000
0.369563,0.029576,0.021259,-0.001866,-0.065201,70.015929,104.917194,0.000000
0.370575,0.029576,0.021280,-0.001855,-0.065184,70.022937,104.880781,0.000000
0.371588,0.029576,0.021304,-0.001842,-0.065165,70.031218,104.837766,0.000000
0.372600,0.029577,0.021332,-0.001828,-0.065142,70.040772,104.788156,0.000000
0.373613,0.029577,0.021364,-0.001811,-0.065116,70.051599,104.731963,0.000000
0.374625,0.029577,0.021399,-0.001793,-0.065087,70.063697,104.669197,0.000000
0.375638,0.029577,0.021438,-0.001772,-0.065056,70.077067,104.599871,0.000000
0.376650,0.029578,0.021481,-0.001750,-0.065021,70.091707,104.524000,0.000000
0.377663,0.029578,0.021528,-0.001725,-0.064983,70.107617,104.441598,0.000000
0.378675,0.029579,0.021578,-0.001699,-0.064942,70.124795,104.352683,0.000000
0.379688,0.029579,0.021631,-0.001670,-0.064899,70.143242,104.257273,0.000000
0.380700,0.029580,0.021689,-0.001640,-0.064852,70.162957,104.155387,0.000000
0.381713,0.029581,0.021750,-0.001607,-0.064803,70.183937,104.047046,0.000000
0.382725,0.029582,0.021814,-0.001573,-0.064750,70.206182,103.932273,0.000000
0.383738,0.029583,0.021883,-0.001536,-0.064695,70.229692,103.811090,0.000000
0.384750,0.029584,0.021954,-0.001497,-0.064636,70.254464,103.683522,0.000000
0.385763,0.029586,0.022030,-0.001456,-0.064575,70.280498,103.549595,0.000000
0.386775,0.029588,0.022108,-0.001413,-0.064511,70.307791,103.409337,0.000000
0.387788,0.029590,0.022191,-0.001368,-0.064444,70.336344,103.262776,0.000000
0.388800,0.029592,0.022276,-0.001321,-0.064375,70.366154,103.109942,0.000000
0.389813,0.029594,0.022366,-0.001271,-0.064302,70.397220,102.950866,0.000000
0.390825,0.029597,0.022458,-0.001220,-0.064227,70.429540,102.785581,0.000000
0.391838,0.029600,0.022554,-0.001166,-0.064149,70.463113,102.614120,0.000000
0.392850,0.029604,0.022654,-0.001110,-0.064068,70.497936,102.436519,0.000000
0.393863,0.029607,0.022757,-0.001051,-0.063985,70.534009,102.252813,0.000000
0.394875,0.029612,0.022863,-0.000991,-0.063898,70.571328,102.063040,0.000000
0.395888,0.029616,0.022972,-0.000928,-0.063810,70.609894,101.867239,0.000000
0.396900,0.029621,0.023085,-0.000863,-0.063718,70.649702,101.665449,0.000000
0.397913,0.029626,0.023201,-0.000795,-0.063624,70.690752,101.457712,0.000000
0.398925,0.029632,0.023320,-0.000725,-0.063527,70.733041,101.244070,0.000000
0.399938,0.029639,0.023442,-0.000653,-0.063428,70.776567,101.024567,0.000000
0.400950,0.029646,0.023568,-0.000578,-0.063326,70.821329,100.799248,0.000000
0.401963,0.029653,0.023696,-0.000501,-0.063222,70.867322,100.568157,0.000000
0.402975,0.029661,0.023828,-0.000421,-0.063115,70.914546,100.331343,0.000000
0.403988,0.029669,0.023962,-0.000339,-0.063006,70.962998,100.088855,0.000000
0.405000,0.029679,0.024100,-0.000254,-0.062895,71.012676,99.840740,0.000000
0.406013,0.029688,0.024240,-0.000167,-0.062781,71.063576,99.587050,0.000000
0.407025,0.029699,0.024384,-0.000078,-0.062664,71.115696,99.327837,0.000000
0.408038,0.029710,0.024530,0.000015,-0.062546,71.169034,99.063153,0.000000
0.409050,0.029722,0.024679,0.000110,-0.062425,71.223587,98.793052,0.000000
0.410063,0.029735,0.024831,0.000207,-0.062302,71.279352,98.517590,0.000000
0.411075,0.029748,0.024985,0.000307,-0.062177,71.336326,98.236823,0.000000
0.412088,0.029762,0.025142,0.000410,-0.062049,71.394507,97.950808,0.000000
0.413100,0.029777,0.025302,0.000515,-0.061920,71.453891,97.659602,0.000000
0.414113,0.029793,0.025465,0.000623,-0.061788,71.514475,97.363267,0.000000
0.415125,0.029810,0.025630,0.000734,-0.061655,71.576257,97.061861,0.000000
0.416138,0.029828,0.025797,0.000848,-0.061519,71.639233,96.755447,0.000000
0.417150,0.029846,0.025967,0.000964,-0.061382,71.703399,96.444087,0.000000
0.418163,0.029866,0.026139,0.001083,-0.061242,71.768754,96.127844,0.000000
0.419175,0.029886,0.026314,0.001205,-0.061101,71.835292,95.806784,0.000000
0.420188,0.029908,0.026491,0.001330,-0.060958,71.903012,95.480970,0.000000
0.421200,0.029930,0.026670,0.001458,-0.060813,71.971909,95.150471,0.000000
0.422213,0.029954,0.026852,0.001588,-0.060666,72.041980,94.815353,0.000000
0.423225,0.029978,0.027035,0.001722,-0.060518,72.113221,94.475684,0.000000
0.424238,0.030004,0.027221,0.001858,-0.060368,72.185629,94.131535,0.000000
0.425250,0.030031,0.027408,0.001997,-0.060217,72.259200,93.782974,0.000000
0.426263,0.030059,0.027598,0.002140,-0.060064,72.333931,93.430073,0.000000
0.427275,0.030088,0.027789,0.002285,-0.059909,72.409816,93.072905,0.000000
0.428288,0.030118,0.027982,0.002433,-0.059754,72.486854,92.711541,0.000000
0.429300,0.030149,0.028177,0.002584,-0.059596,72.565039,92.346056,0.000000
0.430313,0.030182,0.028374,0.002738,-0.059438,72.644368,91.976524,0.000000
0.431325,0.030215,0.028572,0.002895,-0.059278,72.724837,91.603021,0.000000
0.432338,0.030250,0.028772,0.003055,-0.059117,72.806441,91.225622,0.000000
0.433350,0.030286,0.028973,0.003218,-0.058954,72.889177,90.844405,0.000000
0.434363,0.030324,0.029176,0.003384,-0.058791,72.973040,90.459447,0.000000
0.435375,0.030362,0.029381,0.003553,-0.058627,73.058025,90.070827,0.000000
0.436388,0.030402,0.029586,0.003725,-0.058461,73.144130,89.678624,0.000000
0.437400,0.030443,0.029793,0.003900,-0.058295,73.231348,89.282918,0.000000
0.438413,0.030486,0.030001,0.004079,-0.058127,73.319676,88.883789,0.000000
0.439425,0.030529,0.030211,0.004260,-0.057959,73.409110,88.481320,0.000000
0.440438,0.030574,0.030421,0.004444,-0.057790,73.499644,88.075592,0.000000
0.441450,0.030621,0.030632,0.004632,-0.057621,73.591274,87.666688,0.000000
0.442463,0.030668,0.030845,0.004822,-0.057450,73.683996,87.254691,0.000000
0.443475,0.030717,0.031058,0.005016,-0.057279,73.777804,86.839686,0.000000
0.444488,0.030767,0.031272,0.005212,-0.057108,73.872694,86.421756,0.000000
0.445500,0.030819,0.031487,0.005412,-0.056936,73.968662,86.000988,0.000000
0.446513,0.030871,0.031702,0.005614,-0.056763,74.065701,85.577467,0.000000
0.447525,0.030926,0.031918,0.005820,-0.056590,74.163808,85.151278,0.000000
0.448538,0.030981,0.032135,0.006028,-0.056417,74.262977,84.722511,0.000000
0.449550,0.031038,0.032352,0.006240,-0.056243,74.363203,84.291250,0.000000
0.450563,0.031095,0.032569,0.006455,-0.056070,74.464481,83.857586,0.000000
0.451575,0.031155,0.032787,0.006672,-0.055896,74.566806,83.421605,0.000000
0.452588,0.031215,0.033005,0.006893,-0.055722,74.670172,82.983398,0.000000
0.453600,0.031277,0.033223,0.007116,-0.055548,74.774575,82.543052,0.000000
0.454613,0.031340,0.033442,0.007342,-0.055373,74.880009,82.100659,0.000000
0.455625,0.031404,0.033660,0.007572,-0.055199,74.986469,81.656308,0.000000
0.456638,0.031469,0.033879,0.007804,-0.055025,75.093949,81.210090,0.000000
0.457650,0.031536,0.034097,0.008039,-0.054852,75.202444,80.762096,0.000000
0.458663,0.031604,0.034316,0.008277,-0.054678,75.311948,80.312417,0.000000
0.459675,0.031673,0.034534,0.008517,-0.054505,75.422456,79.861145,0.000000
0.460688,0.031743,0.034752,0.008761,-0.054332,75.533962,79.408372,0.000000
0.461700,0.031814,0.034969,0.009007,-0.054159,75.646460,78.954190,0.000000
0.462713,0.031886,0.035186,0.009256,-0.053987,75.759945,78.498692,0.000000
0.463725,0.031960,0.035403,0.009507,-0.053815,75.874410,78.041971,0.000000
0.464738,0.032034,0.035619,0.009761,-0.053644,75.989851,77.584120,0.000000
0.465750,0.032109,0.035835,0.010018,-0.053473,76.106261,77.125232,0.000000
0.466763,0.032186,0.036050,0.010277,-0.053303,76.223634,76.665401,0.000000
0.467775,0.032263,0.036264,0.010539,-0.053134,76.341964,76.204721,0.000000
0.468788,0.032341,0.036478,0.010804,-0.052966,76.461245,75.743285,0.000000
0.469800,0.032420,0.036691,0.011071,-0.052798,76.581472,75.281188,0.000000
0.470813,0.032500,0.036902,0.011340,-0.052631,76.702637,74.818523,0.000000
0.471825,0.032581,0.037113,0.011612,-0.052465,76.824735,74.355386,0.000000
0.472838,0.032663,0.037323,0.011886,-0.052300,76.947760,73.891871,0.000000
0.473850,0.032745,0.037532,0.012162,-0.052136,77.071705,73.428072,0.000000
0.474863,0.032828,0.037740,0.012440,-0.051973,77.196564,72.964083,0.000000
0.475875,0.032912,0.037946,0.012721,-0.051811,77.322330,72.500000,0.000000
0.476888,0.032996,0.038152,0.013004,-0.051650,77.448998,72.035917,0.000000
0.477900,0.033081,0.038356,0.013289,-0.051490,77.576561,71.571928,0.000000
0.478913,0.033166,0.038558,0.013576,-0.051332,77.705012,71.108129,0.000000
0.479925,0.033252,0.038760,0.013864,-0.051174,77.834344,70.644614,0.000000
0.480938,0.033339,0.038959,0.014155,-0.051018,77.964552,70.181477,0.000000
0.481950,0.033426,0.039158,0.014448,-0.050864,78.095627,69.718812,0.000000
0.482963,0.033513,0.039355,0.014742,-0.050710,78.227565,69.256715,0.000000
0.483975,0.033600,0.039550,0.015039,-0.050558,78.360358,68.795279,0.000000
0.484988,0.033688,0.039743,0.015336,-0.050408,78.493999,68.334599,0.000000
0.486000,0.033776,0.039935,0.015636,-0.050259,78.628482,67.874768,0.000000
0.487013,0.033864,0.040125,0.015937,-0.050111,78.763799,67.415880,0.000000
0.488025,0.033952,0.040314,0.016240,-0.049965,78.899944,66.958029,0.000000
0.489038,0.034040,0.040500,0.016544,-0.049821,79.036909,66.501308,0.000000
0.490050,0.034128,0.040685,0.016849,-0.049678,79.174689,66.045810,0.000000
0.491063,0.034216,0.040868,0.017156,-0.049537,79.313275,65.591628,0.000000
0.492075,0.034304,0.041048,0.017464,-0.049397,79.452661,65.138855,0.000000
0.493088,0.034392,0.041227,0.017773,-0.049259,79.592839,64.687583,0.000000
0.494100,0.034480,0.041404,0.018083,-0.049123,79.733803,64.237904,0.000000
0.495113,0.034567,0.041579,0.018394,-0.048989,79.875545,63.789910,0.000000
0.496125,0.034654,0.041751,0.018707,-0.048856,80.018058,63.343692,0.000000
0.497138,0.034740,0.041922,0.019020,-0.048725,80.161335,62.899341,0.000000
0.498150,0.034826,0.042090,0.019334,-0.048596,80.305369,62.456948,0.000000
0.499163,0.034912,0.042256,0.019648,-0.048469,80.450151,62.016602,0.000000
0.500175,0.034997,0.042420,0.019964,-0.048344,80.595675,61.578395,0.000000
0.501188,0.035081,0.042581,0.020280,-0.048220,80.741934,61.142414,0.000000
0.502200,0.035165,0.042741,0.020597,-0.048099,80.888920,60.708750,0.000000
0.503213,0.035248,0.042897,0.020914,-0.047979,81.036624,60.277489,0.000000
0.504225,0.035330,0.043052,0.021231,-0.047861,81.185041,59.848722,0.000000
0.505238,0.035411,0.043204,0.021549,-0.047746,81.334162,59.422533,0.000000
0.506250,0.035491,0.043354,0.021867,-0.047632,81.483980,58.999012,0.000000
0.507263,0.035570,0.043501,0.022185,-0.047520,81.634486,58.578244,0.000000
0.508275,0.035648,0.043646,0.022504,-0.047410,81.785674,58.160314,0.000000
0.509288,0.035725,0.043788,0.022822,-0.047302,81.937536,57.745309,0.000000
0.510300,0.035801,0.043928,0.023140,-0.047196,82.090063,57.333312,0.000000
0.511313,0.035876,0.044066,0.023459,-0.047093,82.243249,56.924408,0.000000
0.512325,0.035949,0.044200,0.023777,-0.046991,82.397085,56.518680,0.000000
0.513338,0.036021,0.044333,0.024094,-0.046891,82.551564,56.116211,0.000000
0.514350,0.036091,0.044462,0.024412,-0.046794,82.706677,55.717082,0.000000
0.515363,0.036160,0.044589,0.024729,-0.046698,82.862417,55.321376,0.000000
0.516375,0.036228,0.044713,0.025046,-0.046604,83.018775,54.929173,0.000000
0.517388,0.036294,0.044835,0.025362,-0.046513,83.175745,54.540553,0.000000
0.518400,0.036358,0.044954,0.025677,-0.046424,83.333317,54.155595,0.000000
0.519413,0.036420,0.045071,0.025992,-0.046337,83.491484,53.774378,0.000000
0.520425,0.036481,0.045184,0.026306,-0.046251,83.650238,53.396979,0.000000
0.521438,0.036540,0.045295,0.026619,-0.046168,83.809570,53.023476,0.000000
0.522450,0.036597,0.045403,0.026932,-0.046087,83.969472,52.653944,0.000000
0.523463,0.036652,0.045509,0.027243,-0.046009,84.129938,52.288459,0.000000
0.524475,0.036705,0.045612,0.027553,-0.045932,84.290957,51.927095,0.000000
0.525488,0.036756,0.045712,0.027863,-0.045857,84.452522,51.569927,0.000000
0.526500,0.036805,0.045809,0.028171,-0.045785,84.614625,51.217026,0.000000
0.527513,0.036852,0.045904,0.028477,-0.045714,84.777257,50.868465,0.000000
0.528525,0.036896,0.045995,0.028783,-0.045646,84.940410,50.524316,0.000000
0.529538,0.036939,0.046084,0.029087,-0.045580,85.104077,50.184647,0.000000
0.530550,0.036979,0.046170,0.029390,-0.045516,85.268247,49.849529,0.000000
0.531563,0.037016,0.046254,0.029691,-0.045454,85.432914,49.519030,0.000000
0.532575,0.037052,0.046334,0.029990,-0.045395,85.598069,49.193216,0.000000
0.533588,0.037085,0.046412,0.030289,-0.045337,85.763703,48.872156,0.000000
0.534600,0.037115,0.046487,0.030585,-0.045281,85.929807,48.555913,0.000000
0.535613,0.037143,0.046558,0.030879,-0.045228,86.096374,48.244553,0.000000
0.536625,0.037168,0.046628,0.031172,-0.045177,86.263396,47.938139,0.000000
0.537638,0.037190,0.046694,0.031463,-0.045128,86.430862,47.636733,0.000000
0.538650,0.037210,0.046757,0.031752,-0.045081,86.598765,47.340398,0.000000
0.539663,0.037227,0.046818,0.032039,-0.045036,86.767097,47.049192,0.000000
0.540675,0.037242,0.046875,0.032324,-0.044993,86.935848,46.763177,0.000000
0.541688,0.037253,0.046930,0.032607,-0.044953,87.105010,46.482410,0.000000
0.542700,0.037262,0.046982,0.032888,-0.044914,87.274575,46.206948,0.000000
0.543713,0.037268,0.047030,0.033166,-0.044878,87.444534,45.936847,0.000000
0.544725,0.037271,0.047076,0.033443,-0.044844,87.614878,45.672163,0.000000
0.545738,0.037271,0.047119,0.033717,-0.044812,87.785598,45.412950,0.000000
0.546750,0.037269,0.047160,0.033988,-0.044782,87.956686,45.159260,0.000000
0.547763,0.037263,0.047197,0.034258,-0.044754,88.128133,44.911145,0.000000
0.548775,0.037254,0.047231,0.034524,-0.044729,88.299931,44.668657,0.000000
0.549788,0.037242,0.047262,0.034789,-0.044705,88.472070,44.431843,0.000000
0.550800,0.037227,0.047290,0.035051,-0.044684,88.644542,44.200752,0.000000
0.551813,0.037209,0.047316,0.035310,-0.044665,88.817337,43.975433,0.000000
0.552825,0.037188,0.047338,0.035567,-0.044648,88.990449,43.755930,0.000000
0.553838,0.037163,0.047357,0.035821,-0.044633,89.163866,43.542288,0.000000
0.554850,0.037136,0.047374,0.036072,-0.044620,89.337581,43.334551,0.000000
0.555863,0.037105,0.047387,0.036321,-0.044610,89.511584,43.132761,0.000000
0.556875,0.037071,0.047397,0.036567,-0.044602,89.685868,42.936960,0.000000
0.557888,0.037034,0.047404,0.036810,-0.044595,89.860422,42.747187,0.000000
0.558900,0.036993,0.047408,0.037050,-0.044592,90.035238,42.563481,0.000000
0.559913,0.036950,0.047409,0.037287,-0.044590,90.210308,42.385880,0.000000
0.560925,0.036903,0.047407,0.037522,-0.044590,90.385621,42.214419,0.000000
0.561938,0.036853,0.047402,0.037754,-0.044593,90.561170,42.049134,0.000000
0.562950,0.036799,0.047394,0.037983,-0.044598,90.736945,41.890058,0.000000
0.563963,0.036742,0.047383,0.038208,-0.044606,90.912938,41.737224,0.000000
0.564975,0.036682,0.047368,0.038431,-0.044615,91.089138,41.590663,0.000000
0.565988,0.036619,0.047351,0.038651,-0.044627,91.265539,41.450405,0.000000
0.567000,0.036553,0.047330,0.038868,-0.044641,91.442129,41.316478,0.000000
0.568013,0.036483,0.047306,0.039082,-0.044657,91.618901,41.188910,0.000000
0.569025,0.036409,0.047279,0.039293,-0.044676,91.795845,41.067727,0.000000
0.570038,0.036333,0.047248,0.039500,-0.044697,91.972953,40.952954,0.000000
0.571050,0.036253,0.047215,0.039705,-0.044720,92.150215,40.844613,0.000000
0.572063,0.036170,0.047178,0.039906,-0.044746,92.327622,40.742727,0.000000
0.573075,0.036084,0.047138,0.040105,-0.044774,92.505165,40.647317,0.000000
0.574088,0.035994,0.047094,0.040300,-0.044805,92.682836,40.558402,0.000000
0.575100,0.035901,0.047048,0.040493,-0.044838,92.860625,40.476000,0.000000
0.576113,0.035805,0.046998,0.040682,-0.044873,93.038523,40.400129,0.000000
0.577125,0.035706,0.046944,0.040868,-0.044911,93.216520,40.330803,0.000000
0.578138,0.035604,0.046887,0.041051,-0.044951,93.394609,40.268037,0.000000
0.579150,0.035498,0.046827,0.041231,-0.044994,93.572780,40.211844,0.000000
0.580163,0.035389,0.046764,0.041408,-0.045039,93.751023,40.162234,0.000000
0.581175,0.035277,0.046697,0.041582,-0.045087,93.929330,40.119219,0.000000
0.582188,0.035162,0.046626,0.041752,-0.045137,94.107692,40.082806,0.000000
0.583200,0.035044,0.046552,0.041920,-0.045190,94.286099,40.053004,0.000000
0.584213,0.034923,0.046475,0.042084,-0.045246,94.464542,40.029818,0.000000
0.585225,0.034799,0.046394,0.042246,-0.045304,94.643013,40.013254,0.000000
0.586238,0.034672,0.046309,0.042404,-0.045365,94.821502,40.003314,0.000000
0.587250,0.034542,0.046221,0.042560,-0.045429,95.000000,40.000000,0.000000
0.588263,0.034409,0.046130,0.042712,-0.045495,95.178498,40.003314,0.000000
0.589275,0.034273,0.046034,0.042862,-0.045564,95.356987,40.013254,0.000000
0.590288,0.034134,0.045935,0.043009,-0.045636,95.535458,40.029818,0.000000
0.591300,0.033993,0.045833,0.043152,-0.045710,95.713901,40.053004,0.000000
0.592313,0.033848,0.045726,0.043293,-0.045788,95.892308,40.082806,0.000000
0.593325,0.033702,0.045616,0.043431,-0.045868,96.070670,40.119219,0.000000
0.594338,0.033552,0.045502,0.043566,-0.045951,96.248977,40.162234,0.000000
0.595350,0.033400,0.045385,0.043698,-0.046037,96.427220,40.211844,0.000000
0.596363,0.033245,0.045263,0.043828,-0.046126,96.605391,40.268037,0.000000
0.597375,0.033088,0.045138,0.043955,-0.046218,96.783480,40.330803,0.000000
0.598388,0.032928,0.045009,0.044079,-0.046313,96.961477,40.400129,0.000000
0.599400,0.032766,0.044876,0.044200,-0.046411,97.139375,40.476000,0.000000
0.600413,0.032602,0.044739,0.044319,-0.046512,97.317164,40.558402,0.000000
0.601425,0.032435,0.044599,0.044435,-0.046615,97.494835,40.647317,0.000000
0.602438,0.032266,0.044454,0.044549,-0.046723,97.672378,40.742727,0.000000
0.603450,0.032096,0.044305,0.044661,-0.046833,97.849785,40.844613,0.000000
0.604463,0.031923,0.044153,0.044769,-0.046946,98.027047,40.952954,0.000000
0.605475,0.031748,0.043996,0.044876,-0.047063,98.204155,41.067727,0.000000
0.606488,0.031571,0.043835,0.044980,-0.047182,98.381099,41.188910,0.000000
0.607500,0.031392,0.043671,0.045082,-0.047305,98.557871,41.316478,0.000000
0.608513,0.031211,0.043502,0.045182,-0.047431,98.734461,41.450405,0.000000
0.609525,0.031029,0.043329,0.045280,-0.047561,98.910862,41.590663,0.000000
0.610538,0.030845,0.043152,0.045375,-0.047694,99.087062,41.737224,0.000000
0.611550,0.030660,0.042971,0.045469,-0.047830,99.263055,41.890058,0.000000
0.612563,0.030473,0.042785,0.045560,-0.047969,99.438830,42.049134,0.000000
0.613575,0.030284,0.042596,0.045650,-0.048112,99.614379,42.214419,0.000000
0.614588,0.030095,0.042402,0.045738,-0.048258,99.789692,42.385880,0.000000
0.615600,0.029904,0.042205,0.045824,-0.048407,99.964762,42.563481,0.000000
0.616613,0.029712,0.042003,0.045908,-0.048560,100.139578,42.747187,0.000000
0.617625,0.029519,0.041797,0.045991,-0.048717,100.314132,42.936960,0.000000
0.618638,0.029325,0.041586,0.046072,-0.048877,100.488416,43.132761,0.000000
0.619650,0.029130,0.041371,0.046152,-0.049040,100.662419,43.334551,0.000000
0.620663,0.028934,0.041153,0.046230,-0.049207,100.836134,43.542288,0.000000
0.621675,0.028738,0.040930,0.046307,-0.049377,101.009551,43.755930,0.000000
0.622688,0.028541,0.040702,0.046383,-0.049551,101.182663,43.975433,0.000000
0.623700,0.028343,0.040471,0.046457,-0.049729,101.355458,44.200752,0.000000
0.624713,0.028145,0.040235,0.046531,-0.049909,101.527930,44.431843,0.000000
0.625725,0.027947,0.039995,0.046603,-0.050094,101.700069,44.668657,0.000000
0.626738,0.027748,0.039750,0.046675,-0.050282,101.871867,44.911145,0.000000
0.627750,0.027550,0.039502,0.046746,-0.050473,102.043314,45.159260,0.000000
0.628763,0.027351,0.039249,0.046816,-0.050669,102.214402,45.412950,0.000000
0.629775,0.027153,0.038992,0.046885,-0.050867,102.385122,45.672163,0.000000
0.630788,0.026954,0.038730,0.046954,-0.051070,102.555466,45.936847,0.000000
0.631800,0.026756,0.038465,0.047022,-0.051275,102.725425,46.206948,0.000000
0.632813,0.026558,0.038195,0.047090,-0.051485,102.894990,46.482410,0.000000
0.633825,0.026361,0.037921,0.047157,-0.051698,103.064152,46.763177,0.000000
0.634838,0.026164,0.037643,0.047224,-0.051914,103.232903,47.049192,0.000000
0.635850,0.025968,0.037361,0.047291,-0.052134,103.401235,47.340398,0.000000
0.636863,0.025773,0.037075,0.047358,-0.052357,103.569138,47.636733,0.000000
0.637875,0.025579,0.036784,0.047425,-0.052584,103.736604,47.938139,0.000000
0.638888,0.025386,0.036490,0.047492,-0.052815,103.903626,48.244553,0.000000
0.639900,0.025193,0.036191,0.047559,-0.053049,104.070193,48.555913,0.000000
0.640913,0.025002,0.035888,0.047627,-0.053286,104.236297,48.872156,0.000000
0.641925,0.024812,0.035582,0.047695,-0.053527,104.401931,49.193216,0.000000
0.642938,0.024624,0.035271,0.047763,-0.053771,104.567086,49.519030,0.000000
0.643950,0.024437,0.034957,0.047832,-0.054019,104.731753,49.849529,0.000000
0.644963,0.024252,0.034638,0.047902,-0.054270,104.895923,50.184647,0.000000
0.645975,0.024068,0.034316,0.047972,-0.054524,105.059590,50.524316,0.000000
0.646988,0.023887,0.033990,0.048043,-0.054782,105.222743,50.868465,0.000000
0.648000,0.023707,0.033660,0.048115,-0.055043,105.385375,51.217026,0.000000
0.649013,0.023529,0.033327,0.048188,-0.055307,105.547478,51.569927,0.000000
0.650025,0.023353,0.032990,0.048262,-0.055574,105.709043,51.927095,0.000000
0.651038,0.023180,0.032649,0.048338,-0.055844,105.870062,52.288459,0.000000
0.652050,0.023008,0.032305,0.048414,-0.056118,106.030528,52.653944,0.000000
0.653063,0.022840,0.031957,0.048492,-0.056394,106.190430,53.023476,0.000000
0.654075,0.022673,0.031606,0.048571,-0.056673,106.349762,53.396979,0.000000
0.655088,0.022509,0.031252,0.048652,-0.056956,106.508516,53.774378,0.000000
0.656100,0.022348,0.030894,0.048734,-0.057241,106.666683,54.155595,0.000000
0.657113,0.022190,0.030533,0.048818,-0.057529,106.824255,54.540553,0.000000
0.658125,0.022034,0.030169,0.048904,-0.057820,106.981225,54.929173,0.000000
0.659138,0.021882,0.029801,0.048991,-0.058114,107.137583,55.321376,0.000000
0.660150,0.021732,0.029431,0.049081,-0.058410,107.293323,55.717082,0.000000
0.661163,0.021586,0.029058,0.049172,-0.058709,107.448436,56.116211,0.000000
0.662175,0.021443,0.028682,0.049265,-0.059010,107.602915,56.518680,0.000000
0.663188,0.021302,0.028303,0.049360,-0.059314,107.756751,56.924408,0.000000
0.664200,0.021166,0.027922,0.049458,-0.059620,107.909937,57.333312,0.000000
0.665213,0.021033,0.027537,0.049557,-0.059929,108.062464,57.745309,0.000000
0.666225,0.020903,0.027151,0.049659,-0.060239,108.214326,58.160314,0.000000
0.667238,0.020777,0.026762,0.049764,-0.060552,108.365514,58.578244,0.000000
0.668250,0.020654,0.026370,0.049870,-0.060867,108.516020,58.999012,0.000000
0.669263,0.020535,0.025977,0.049980,-0.061184,108.665838,59.422533,0.000000
0.670275,0.020420,0.025581,0.050091,-0.061503,108.814959,59.848722,0.000000
0.671288,0.020309,0.025183,0.050205,-0.061824,108.963376,60.277489,0.000000
0.672300,0.020201,0.024783,0.050322,-0.062147,109.111080,60.708750,0.000000
0.673313,0.020098,0.024381,0.050441,-0.062471,109.258066,61.142414,0.000000
0.674325,0.019998,0.023978,0.050564,-0.062797,109.404325,61.578395,0.000000
0.675338,0.019903,0.023572,0.050688,-0.063124,109.549849,62.016602,0.000000
0.676350,0.019811,0.023166,0.050816,-0.063453,109.694631,62.456948,0.000000
0.677363,0.019724,0.022757,0.050946,-0.063783,109.838665,62.899341,0.000000
0.678375,0.019641,0.022348,0.051080,-0.064114,109.981942,63.343692,0.000000
0.679388,0.019562,0.021937,0.051216,-0.064446,110.124455,63.789910,0.000000
0.680400,0.019487,0.021525,0.051355,-0.064779,110.266197,64.237904,0.000000
0.681413,0.019417,0.021112,0.051497,-0.065114,110.407161,64.687583,0.000000
0.682425,0.019351,0.020698,0.051641,-0.065449,110.547339,65.138855,0.000000
0.683438,0.019289,0.020284,0.051789,-0.065785,110.686725,65.591628,0.000000
0.684450,0.019232,0.019868,0.051940,-0.066121,110.825311,66.045810,0.000000
0.685463,0.019179,0.019452,0.052094,-0.066458,110.963091,66.501308,0.000000
0.686475,0.019130,0.019036,0.052250,-0.066796,111.100056,66.958029,0.000000
0.687488,0.019086,0.018619,0.052410,-0.067134,111.236201,67.415880,0.000000
0.688500,0.019046,0.018202,0.052573,-0.067472,111.371518,67.874768,0.000000
0.689513,0.019011,0.017785,0.052738,-0.067810,111.506001,68.334599,0.000000
0.690525,0.018980,0.017368,0.052907,-0.068148,111.639642,68.795279,0.000000
0.691538,0.018954,0.016951,0.053078,-0.068486,111.772435,69.256715,0.000000
0.692550,0.018932,0.016534,0.053253,-0.068824,111.904373,69.718812,0.000000
0.693563,0.018914,0.016118,0.053431,-0.069162,112.035448,70.181477,0.000000
0.694575,0.018901,0.015702,0.053611,-0.069499,112.165656,70.644614,0.000000
0.695588,0.018892,0.015286,0.053794,-0.069836,112.294988,71.108129,0.000000
0.696600,0.018887,0.014871,0.053981,-0.070173,112.423439,71.571928,0.000000
0.697613,0.018887,0.014457,0.054170,-0.070508,112.551002,72.035917,0.000000
0.698625,0.018892,0.014044,0.054362,-0.070843,112.677670,72.500000,0.000000
0.699638,0.018900,0.013632,0.054557,-0.071177,112.803436,72.964083,0.000000
0.700650,0.018913,0.013221,0.054754,-0.071511,112.928295,73.428072,0.000000
0.701663,0.018930,0.012811,0.054954,-0.071843,113.052240,73.891871,0.000000
0.702675,0.018951,0.012403,0.055157,-0.072174,113.175265,74.355386,0.000000
0.703688,0.018977,0.011996,0.055363,-0.072503,113.297363,74.818523,0.000000
0.704700,0.019006,0.011590,0.055571,-0.072831,113.418528,75.281188,0.000000
0.705713,0.019040,0.011186,0.055782,-0.073158,113.538755,75.743285,0.000000
0.706725,0.019078,0.010784,0.055995,-0.073484,113.658036,76.204721,0.000000
0.707738,0.019119,0.010384,0.056211,-0.073807,113.776366,76.665401,0.000000
0.708750,0.019165,0.009986,0.056429,-0.074129,113.893739,77.125232,0.000000
0.709763,0.019214,0.009590,0.056649,-0.074450,114.010149,77.584120,0.000000
0.710775,0.019268,0.009196,0.056872,-0.074768,114.125590,78.041971,0.000000
0.711788,0.019325,0.008804,0.057096,-0.075084,114.240055,78.498692,0.000000
0.712800,0.019385,0.008415,0.057323,-0.075399,114.353540,78.954190,0.000000
0.713813,0.019450,0.008028,0.057552,-0.075711,114.466038,79.408372,0.000000
0.714825,0.019518,0.007644,0.057783,-0.076021,114.577544,79.861145,0.000000
0.715838,0.019589,0.007262,0.058015,-0.076329,114.688052,80.312417,0.000000
0.716850,0.019664,0.006883,0.058250,-0.076634,114.797556,80.762096,0.000000
0.717863,0.019742,0.006507,0.058486,-0.076937,114.906051,81.210090,0.000000
0.718875,0.019823,0.006134,0.058724,-0.077237,115.013531,81.656308,0.000000
0.719888,0.019908,0.005764,0.058963,-0.077535,115.119991,82.100659,0.000000
0.720900,0.019996,0.005396,0.059204,-0.077830,115.225425,82.543052,0.000000
0.721913,0.020086,0.005032,0.059446,-0.078123,115.329828,82.983398,0.000000
0.722925,0.020180,0.004672,0.059690,-0.078412,115.433194,83.421605,0.000000
0.723938,0.020276,0.004314,0.059935,-0.078699,115.535519,83.857586,0.000000
0.724950,0.020375,0.003960,0.060180,-0.078983,115.636797,84.291250,0.000000
0.725963,0.020477,0.003609,0.060427,-0.079264,115.737023,84.722511,0.000000
0.726975,0.020581,0.003262,0.060675,-0.079542,115.836192,85.151278,0.000000
0.727988,0.020688,0.002919,0.060923,-0.079817,115.934299,85.577467,0.000000
0.729000,0.020797,0.002579,0.061172,-0.080088,116.031338,86.000988,0.000000
0.730013,0.020908,0.002242,0.061422,-0.080357,116.127306,86.421756,0.000000
0.731025,0.021022,0.001910,0.061672,-0.080622,116.222196,86.839686,0.000000
0.732038,0.021137,0.001581,0.061923,-0.080884,116.316004,87.254691,0.000000
0.733050,0.021254,0.001256,0.062173,-0.081143,116.408726,87.666688,0.000000
0.734063,0.021374,0.000935,0.062425,-0.081398,116.500356,88.075592,0.000000
0.735075,0.021495,0.000618,0.062676,-0.081650,116.590890,88.481320,0.000000
0.736088,0.021618,0.000306,0.062927,-0.081899,116.680324,88.883789,0.000000
0.737100,0.021742,-0.000003,0.063178,-0.082144,116.768652,89.282918,0.000000
0.738113,0.021867,-0.000308,0.063428,-0.082386,116.855870,89.678624,0.000000
0.739125,0.021994,-0.000609,0.063678,-0.082624,116.941975,90.070827,0.000000
0.740138,0.022122,-0.000905,0.063928,-0.082858,117.026960,90.459447,0.000000
0.741150,0.022252,-0.001198,0.064177,-0.083089,117.110823,90.844405,0.000000
0.742163,0.022382,-0.001486,0.064426,-0.083317,117.193559,91.225622,0.000000
0.743175,0.022513,-0.001769,0.064674,-0.083540,117.275163,91.603021,0.000000
0.744188,0.022645,-0.002049,0.064920,-0.083761,117.355632,91.976524,0.000000
0.745200,0.022778,-0.002324,0.065166,-0.083977,117.434961,92.346056,0.000000
0.746213,0.022911,-0.002595,0.065411,-0.084190,117.513146,92.711541,0.000000
0.747225,0.023045,-0.002861,0.065654,-0.084399,117.590184,93.072905,0.000000
0.748238,0.023179,-0.003123,0.065896,-0.084605,117.666069,93.430073,0.000000
0.749250,0.023313,-0.003381,0.066137,-0.084807,117.740800,93.782974,0.000000
0.750263,0.023447,-0.003634,0.066375,-0.085005,117.814371,94.131535,0.000000
0.751275,0.023582,-0.003883,0.066613,-0.085199,117.886779,94.475684,0.000000
0.752288,0.023716,-0.004127,0.066848,-0.085390,117.958020,94.815353,0.000000
0.753300,0.023851,-0.004367,0.067082,-0.085577,118.028091,95.150471,0.000000
0.754313,0.023985,-0.004602,0.067313,-0.085760,118.096988,95.480970,0.000000
0.755325,0.024118,-0.004833,0.067543,-0.085940,118.164708,95.806784,0.000000
0.756338,0.024251,-0.005059,0.067770,-0.086116,118.231246,96.127844,0.000000
0.757350,0.024384,-0.005281,0.067995,-0.086288,118.296601,96.444087,0.000000
0.758363,0.024516,-0.005499,0.068218,-0.086456,118.360767,96.755447,0.000000
0.759375,0.024647,-0.005712,0.068438,-0.086621,118.423743,97.061861,0.000000
0.760388,0.024777,-0.005920,0.068655,-0.086782,118.485525,97.363267,0.000000
0.761400,0.024906,-0.006124,0.068870,-0.086940,118.546109,97.659602,0.000000
0.762413,0.025034,-0.006323,0.069082,-0.087093,118.605493,97.950808,0.000000
0.763425,0.025161,-0.006518,0.069291,-0.087244,118.663674,98.236823,0.000000
0.764438,0.025287,-0.006709,0.069497,-0.087390,118.720648,98.517590,0.000000
0.765450,0.025412,-0.006895,0.069700,-0.087533,118.776413,98.793052,0.000000
0.766463,0.025535,-0.007076,0.069899,-0.087672,118.830966,99.063153,0.000000
0.767475,0.025656,-0.007253,0.070096,-0.087808,118.884304,99.327837,0.000000
0.768488,0.025776,-0.007426,0.070289,-0.087940,118.936424,99.587050,0.000000
0.769500,0.025894,-0.007594,0.070479,-0.088069,118.987324,99.840740,0.000000
0.770513,0.026010,-0.007758,0.070665,-0.088194,119.037002,100.088855,0.000000
0.771525,0.026125,-0.007917,0.070847,-0.088315,119.085454,100.331343,0.000000
0.772538,0.026237,-0.008072,0.071026,-0.088434,119.132678,100.568157,0.000000
0.773550,0.026348,-0.008223,0.071201,-0.088548,119.178671,100.799248,0.000000
0.774563,0.026456,-0.008369,0.071372,-0.088659,119.223433,101.024567,0.000000
0.775575,0.026563,-0.008511,0.071539,-0.088767,119.266959,101.244070,0.000000
0.776588,0.026667,-0.008648,0.071703,-0.088871,119.309248,101.457712,0.000000
0.777600,0.026768,-0.008781,0.071862,-0.088972,119.350298,101.665449,0.000000
0.778613,0.026867,-0.008910,0.072017,-0.089070,119.390106,101.867239,0.000000
0.779625,0.026964,-0.009035,0.072168,-0.089164,119.428672,102.063040,0.000000
0.780638,0.027059,-0.009155,0.072314,-0.089255,119.465991,102.252813,0.000000
0.781650,0.027150,-0.009271,0.072456,-0.089342,119.502064,102.436519,0.000000
0.782663,0.027239,-0.009383,0.072594,-0.089426,119.536887,102.614120,0.000000
0.783675,0.027326,-0.009490,0.072727,-0.089507,119.570460,102.785581,0.000000
0.784688,0.027409,-0.009594,0.072856,-0.089585,119.602780,102.950866,0.000000
0.785700,0.027490,-0.009693,0.072980,-0.089660,119.633846,103.109942,0.000000
0.786713,0.027568,-0.009788,0.073099,-0.089731,119.663656,103.262776,0.000000
0.787725,0.027643,-0.009879,0.073214,-0.089799,119.692209,103.409337,0.000000
0.788738,0.027715,-0.009965,0.073324,-0.089864,119.719502,103.549595,0.000000
0.789750,0.027784,-0.010048,0.073429,-0.089926,119.745536,103.683522,0.000000
0.790763,0.027850,-0.010126,0.073530,-0.089984,119.770308,103.811090,0.000000
0.791775,0.027912,-0.010200,0.073625,-0.090040,119.793818,103.932273,0.000000
0.792788,0.027972,-0.010270,0.073716,-0.090092,119.816063,104.047046,0.000000
0.793800,0.028028,-0.010337,0.073802,-0.090141,119.837043,104.155387,0.000000
0.794813,0.028082,-0.010399,0.073882,-0.090188,119.856758,104.257273,0.000000
0.795825,0.028131,-0.010456,0.073958,-0.090231,119.875205,104.352683,0.000000
0.796838,0.028178,-0.010510,0.074028,-0.090271,119.892383,104.441598,0.000000
0.797850,0.028221,-0.010560,0.074094,-0.090308,119.908293,104.524000,0.000000
0.798863,0.028261,-0.010606,0.074154,-0.090342,119.922933,104.599871,0.000000
0.799875,0.028298,-0.010648,0.074209,-0.090373,119.936303,104.669197,0.000000
0.800888,0.028331,-0.010686,0.074259,-0.090401,119.948401,104.731963,0.000000
0.801900,0.028361,-0.010720,0.074304,-0.090427,119.959228,104.788156,0.000000
0.802913,0.028387,-0.010749,0.074343,-0.090449,119.968782,104.837766,0.000000
0.803925,0.028410,-0.010775,0.074378,-0.090468,119.977063,104.880781,0.000000
0.804938,0.028429,-0.010797,0.074407,-0.090484,119.984071,104.917194,0.000000
0.805950,0.028445,-0.010815,0.074431,-0.090497,119.989805,104.946996,0.000000
0.806963,0.028457,-0.010829,0.074449,-0.090508,119.994265,104.970182,0.000000
0.807975,0.028466,-0.010839,0.074462,-0.090515,119.997451,104.986746,0.000000
0.808988,0.028471,-0.010845,0.074470,-0.090519,119.999363,104.996686,0.000000
0.810000,0.028473,-0.010847,0.074473,-0.090521,120.000000,105.000000,1.000000
0.811013,0.028473,-0.010846,0.074471,-0.090521,119.999048,105.000000,1.000000
0.812025,0.028472,-0.010844,0.074467,-0.090522,119.996192,105.000000,1.000000
0.813038,0.028471,-0.010841,0.074459,-0.090523,119.991433,105.000000,1.000000
0.814050,0.028469,-0.010837,0.074448,-0.090524,119.984771,105.000000,1.000000
0.815063,0.028467,-0.010832,0.074434,-0.090526,119.976206,105.000000,1.000000
0.816075,0.028464,-0.010826,0.074416,-0.090528,119.965738,105.000000,1.000000
0.817088,0.028461,-0.010818,0.074396,-0.090530,119.953370,105.000000,1.000000
0.818100,0.028457,-0.010809,0.074372,-0.090533,119.939101,105.000000,1.000000
0.819113,0.028453,-0.010800,0.074346,-0.090536,119.922933,105.000000,1.000000
0.820125,0.028448,-0.010789,0.074316,-0.090539,119.904867,105.000000,1.000000
0.821138,0.028443,-0.010776,0.074283,-0.090543,119.884905,105.000000,1.000000
0.822150,0.028437,-0.010763,0.074247,-0.090547,119.863047,105.000000,1.000000
0.823163,0.028431,-0.010749,0.074208,-0.090552,119.839296,105.000000,1.000000
0.824175,0.028425,-0.010733,0.074165,-0.090556,119.813654,105.000000,1.000000
0.825188,0.028418,-0.010716,0.074120,-0.090562,119.786122,105.000000,1.000000
0.826200,0.028410,-0.010698,0.074071,-0.090567,119.756702,105.000000,1.000000
0.827213,0.028402,-0.010679,0.074020,-0.090573,119.725397,105.000000,1.000000
0.828225,0.028394,-0.010659,0.073965,-0.090579,119.692209,105.000000,1.000000
0.829238,0.028385,-0.010637,0.073907,-0.090585,119.657140,105.000000,1.000000
0.830250,0.028375,-0.010615,0.073846,-0.090592,119.620194,105.000000,1.000000
0.831263,0.028365,-0.010591,0.073782,-0.090599,119.581373,105.000000,1.000000
0.832275,0.028355,-0.010566,0.073715,-0.090607,119.540680,105.000000,1.000000
0.833288,0.028344,-0.010540,0.073644,-0.090614,119.498118,105.000000,1.000000
0.834300,0.028333,-0.010513,0.073571,-0.090622,119.453690,105.000000,1.000000
0.835313,0.028321,-0.010485,0.073495,-0.090630,119.407400,105.000000,1.000000
0.836325,0.028309,-0.010455,0.073415,-0.090639,119.359252,105.000000,1.000000
0.837338,0.028296,-0.010424,0.073333,-0.090648,119.309248,105.000000,1.000000
0.838350,0.028283,-0.010393,0.073247,-0.090656,119.257393,105.000000,1.000000
0.839363,0.028270,-0.010360,0.073158,-0.090666,119.203691,105.000000,1.000000
0.840375,0.028256,-0.010326,0.073066,-0.090675,119.148146,105.000000,1.000000
0.841388,0.028242,-0.010290,0.072972,-0.090685,119.090761,105.000000,1.000000
0.842400,0.028227,-0.010254,0.072874,-0.090695,119.031542,105.000000,1.000000
0.843413,0.028212,-0.010217,0.072773,-0.090705,118.970493,105.000000,1.000000
0.844425,0.028196,-0.010178,0.072669,-0.090715,118.907619,105.000000,1.000000
0.845438,0.028180,-0.010138,0.072562,-0.090725,118.842924,105.000000,1.000000
0.846450,0.028164,-0.010097,0.072452,-0.090736,118.776413,105.000000,1.000000
0.847463,0.028147,-0.010055,0.072339,-0.090747,118.708091,105.000000,1.000000
0.848475,0.028130,-0.010012,0.072223,-0.090757,118.637964,105.000000,1.000000
0.849488,0.028112,-0.009968,0.072104,-0.090768,118.566037,105.000000,1.000000
0.850500,0.028094,-0.009922,0.071982,-0.090780,118.492316,105.000000,1.000000
0.851513,0.028076,-0.009876,0.071857,-0.090791,118.416805,105.000000,1.000000
0.852525,0.028057,-0.009828,0.071729,-0.090802,118.339511,105.000000,1.000000
0.853538,0.028038,-0.009779,0.071598,-0.090813,118.260439,105.000000,1.000000
0.854550,0.028019,-0.009730,0.071465,-0.090825,118.179596,105.000000,1.000000
0.855563,0.027999,-0.009679,0.071328,-0.090837,118.096988,105.000000,1.000000
0.856575,0.027979,-0.009626,0.071188,-0.090848,118.012621,105.000000,1.000000
0.857588,0.027959,-0.009573,0.071046,-0.090860,117.926502,105.000000,1.000000
0.858600,0.027938,-0.009519,0.070900,-0.090871,117.838636,105.000000,1.000000
0.859613,0.027917,-0.009463,0.070752,-0.090883,117.749032,105.000000,1.000000
0.860625,0.027895,-0.009407,0.070601,-0.090894,117.657695,105.000000,1.000000
0.861638,0.027874,-0.009349,0.070446,-0.090906,117.564632,105.000000,1.000000
0.862650,0.027851,-0.009290,0.070289,-0.090918,117.469851,105.000000,1.000000
0.863663,0.027829,-0.009230,0.070130,-0.090929,117.373359,105.000000,1.000000
0.864675,0.027807,-0.009169,0.069967,-0.090940,117.275163,105.000000,1.000000
0.865688,0.027784,-0.009107,0.069801,-0.090952,117.175271,105.000000,1.000000
0.866700,0.027760,-0.009044,0.069633,-0.090963,117.073690,105.000000,1.000000
0.867713,0.027737,-0.008980,0.069462,-0.090974,116.970428,105.000000,1.000000
0.868725,0.027713,-0.008915,0.069288,-0.090985,116.865493,105.000000,1.000000
0.869738,0.027689,-0.008848,0.069111,-0.090996,116.758892,105.000000,1.000000
0.870750,0.027665,-0.008781,0.068932,-0.091006,116.650635,105.000000,1.000000
0.871763,0.027641,-0.008712,0.068749,-0.091017,116.540729,105.000000,1.000000
0.872775,0.027616,-0.008642,0.068564,-0.091027,116.429183,105.000000,1.000000
0.873788,0.027591,-0.008572,0.068377,-0.091037,116.316004,105.000000,1.000000
0.874800,0.027566,-0.008500,0.068186,-0.091047,116.201202,105.000000,1.000000
0.875813,0.027541,-0.008427,0.067993,-0.091056,116.084786,105.000000,1.000000
0.876825,0.027515,-0.008353,0.067797,-0.091066,115.966764,105.000000,1.000000
0.877838,0.027489,-0.008278,0.067599,-0.091075,115.847146,105.000000,1.000000
0.878850,0.027463,-0.008202,0.067398,-0.091083,115.725939,105.000000,1.000000
0.879863,0.027437,-0.008125,0.067194,-0.091092,115.603155,105.000000,1.000000
0.880875,0.027411,-0.008047,0.066987,-0.091100,115.478801,105.000000,1.000000
0.881888,0.027385,-0.007968,0.066778,-0.091107,115.352888,105.000000,1.000000
0.882900,0.027358,-0.007888,0.066567,-0.091115,115.225425,105.000000,1.000000
0.883913,0.027332,-0.007807,0.066353,-0.091121,115.096422,105.000000,1.000000
0.884925,0.027305,-0.007725,0.066136,-0.091128,114.965888,105.000000,1.000000
0.885938,0.027278,-0.007641,0.065917,-0.091134,114.833834,105.000000,1.000000
0.886950,0.027251,-0.007557,0.065695,-0.091140,114.700269,105.000000,1.000000
0.887963,0.027224,-0.007472,0.065471,-0.091145,114.565204,105.000000,1.000000
0.888975,0.027196,-0.007386,0.065244,-0.091149,114.428649,105.000000,1.000000
0.889988,0.027169,-0.007298,0.065015,-0.091154,114.290615,105.000000,1.000000
0.891000,0.027142,-0.007210,0.064783,-0.091157,114.151111,105.000000,1.000000
0.892013,0.027114,-0.007121,0.064549,-0.091160,114.010149,105.000000,1.000000
0.893025,0.027087,-0.007031,0.064312,-0.091163,113.867740,105.000000,1.000000
0.894038,0.027059,-0.006939,0.064073,-0.091165,113.723893,105.000000,1.000000
0.895050,0.027032,-0.006847,0.063832,-0.091166,113.578621,105.000000,1.000000
0.896063,0.027004,-0.006754,0.063589,-0.091167,113.431933,105.000000,1.000000
0.897075,0.026976,-0.006660,0.063343,-0.091167,113.283843,105.000000,1.000000
0.898088,0.026949,-0.006565,0.063094,-0.091167,113.134359,105.000000,1.000000
0.899100,0.026921,-0.006469,0.062844,-0.091166,112.983495,105.000000,1.000000
0.900113,0.026893,-0.006372,0.062591,-0.091164,112.831261,105.000000,1.000000
0.901125,0.026865,-0.006274,0.062336,-0.091161,112.677670,105.000000,1.000000
0.902138,0.026838,-0.006175,0.062078,-0.091158,112.522732,105.000000,1.000000
0.903150,0.026810,-0.006075,0.061819,-0.091154,112.366459,105.000000,1.000000
0.904163,0.026783,-0.005975,0.061557,-0.091149,112.208864,105.000000,1.000000
0.905175,0.026755,-0.005873,0.061293,-0.091144,112.049959,105.000000,1.000000
0.906188,0.026728,-0.005771,0.061027,-0.091138,111.889755,105.000000,1.000000
0.907200,0.026700,-0.005667,0.060759,-0.091131,111.728265,105.000000,1.000000
0.908213,0.026673,-0.005563,0.060489,-0.091123,111.565501,105.000000,1.000000
0.909225,0.026646,-0.005458,0.060217,-0.091114,111.401476,105.000000,1.000000
0.910238,0.026619,-0.005352,0.059942,-0.091104,111.236201,105.000000,1.000000
0.911250,0.026592,-0.005245,0.059666,-0.091094,111.069690,105.000000,1.000000
0.912263,0.026565,-0.005137,0.059387,-0.091083,110.901956,105.000000,1.000000
0.913275,0.026538,-0.005028,0.059107,-0.091070,110.733010,105.000000,1.000000
0.914288,0.026511,-0.004919,0.058825,-0.091057,110.562866,105.000000,1.000000
0.915300,0.026485,-0.004808,0.058541,-0.091043,110.391537,105.000000,1.000000
0.916313,0.026458,-0.004697,0.058254,-0.091028,110.219036,105.000000,1.000000
0.917325,0.026432,-0.004585,0.057966,-0.091012,110.045376,105.000000,1.000000
0.918338,0.026406,-0.004472,0.057677,-0.090995,109.870570,105.000000,1.000000
0.919350,0.026380,-0.004359,0.057385,-0.090977,109.694631,105.000000,1.000000
0.920363,0.026355,-0.004244,0.057091,-0.090958,109.517574,105.000000,1.000000
0.921375,0.026329,-0.004129,0.056796,-0.090938,109.339411,105.000000,1.000000
0.922388,0.026304,-0.004013,0.056499,-0.090917,109.160156,105.000000,1.000000
0.923400,0.026279,-0.003896,0.056201,-0.090895,108.979823,105.000000,1.000000
0.924413,0.026254,-0.003779,0.055900,-0.090871,108.798425,105.000000,1.000000
0.925425,0.026230,-0.003660,0.055598,-0.090847,108.615976,105.000000,1.000000
0.926438,0.026205,-0.003541,0.055294,-0.090821,108.432490,105.000000,1.000000
0.927450,0.026181,-0.003422,0.054989,-0.090795,108.247982,105.000000,1.000000
0.928463,0.026157,-0.003301,0.054682,-0.090767,108.062464,105.000000,1.000000
0.929475,0.026134,-0.003180,0.054374,-0.090738,107.875952,105.000000,1.000000
0.930488,0.026110,-0.003058,0.054064,-0.090708,107.688459,105.000000,1.000000
0.931500,0.026087,-0.002935,0.053752,-0.090677,107.500000,105.000000,1.000000
0.932513,0.026065,-0.002812,0.053439,-0.090645,107.310589,105.000000,1.000000
0.933525,0.026042,-0.002688,0.053125,-0.090611,107.120241,105.000000,1.000000
0.934538,0.026020,-0.002563,0.052809,-0.090576,106.928969,105.000000,1.000000
0.935550,0.025998,-0.002437,0.052492,-0.090540,106.736789,105.000000,1.000000
0.936563,0.025977,-0.002311,0.052174,-0.090503,106.543715,105.000000,1.000000
0.937575,0.025956,-0.002185,0.051854,-0.090464,106.349762,105.000000,1.000000
0.938588,0.025935,-0.002057,0.051533,-0.090424,106.154945,105.000000,1.000000
0.939600,0.025914,-0.001929,0.051210,-0.090383,105.959279,105.000000,1.000000
0.940613,0.025894,-0.001801,0.050887,-0.090341,105.762777,105.000000,1.000000
0.941625,0.025875,-0.001672,0.050562,-0.090297,105.565457,105.000000,1.000000
0.942638,0.025855,-0.001542,0.050236,-0.090252,105.367331,105.000000,1.000000
0.943650,0.025836,-0.001411,0.049909,-0.090206,105.168416,105.000000,1.000000
0.944663,0.025817,-0.001280,0.049580,-0.090159,104.968727,105.000000,1.000000
0.945675,0.025799,-0.001149,0.049251,-0.090110,104.768278,105.000000,1.000000
0.946688,0.025781,-0.001017,0.048921,-0.090059,104.567086,105.000000,1.000000
0.947700,0.025764,-0.000884,0.048589,-0.090008,104.365165,105.000000,1.000000
0.948713,0.025747,-0.000751,0.048257,-0.089955,104.162531,105.000000,1.000000
0.949725,0.025730,-0.000617,0.047924,-0.089900,103.959199,105.000000,1.000000
0.950738,0.025714,-0.000483,0.047589,-0.089845,103.755185,105.000000,1.000000
0.951750,0.025698,-0.000349,0.047254,-0.089788,103.550504,105.000000,1.000000
0.952763,0.025683,-0.000213,0.046918,-0.089729,103.345171,105.000000,1.000000
0.953775,0.025668,-0.000078,0.046581,-0.089669,103.139204,105.000000,1.000000
0.954788,0.025654,0.000058,0.046244,-0.089608,102.932616,105.000000,1.000000
0.955800,0.025640,0.000195,0.045905,-0.089545,102.725425,105.000000,1.000000
0.956813,0.025626,0.000332,0.045566,-0.089481,102.517645,105.000000,1.000000
0.957825,0.025613,0.000469,0.045226,-0.089416,102.309293,105.000000,1.000000
0.958838,0.025600,0.000607,0.044886,-0.089349,102.100384,105.000000,1.000000
0.959850,0.025588,0.000745,0.044545,-0.089281,101.890934,105.000000,1.000000
0.960863,0.025577,0.000884,0.044203,-0.089211,101.680959,105.000000,1.000000
0.961875,0.025565,0.001023,0.043861,-0.089140,101.470476,105.000000,1.000000
0.962888,0.025555,0.001162,0.043518,-0.089067,101.259500,105.000000,1.000000
0.963900,0.025544,0.001302,0.043175,-0.088993,101.048047,105.000000,1.000000
0.964913,0.025535,0.001442,0.042831,-0.088918,100.836134,105.000000,1.000000
0.965925,0.025525,0.001582,0.042486,-0.088841,100.623776,105.000000,1.000000
0.966938,0.025517,0.001723,0.042142,-0.088763,100.410990,105.000000,1.000000
0.967950,0.025509,0.001864,0.041797,-0.088683,100.197792,105.000000,1.000000
0.968963,0.025501,0.002005,0.041451,-0.088602,99.984198,105.000000,1.000000
0.969975,0.025494,0.002147,0.041106,-0.088519,99.770225,105.000000,1.000000
0.970988,0.025487,0.002288,0.040760,-0.088435,99.555888,105.000000,1.000000
0.972000,0.025481,0.002430,0.040414,-0.088350,99.341204,105.000000,1.000000
0.973013,0.025475,0.002573,0.040067,-0.088263,99.126190,105.000000,1.000000
0.974025,0.025470,0.002715,0.039721,-0.088174,98.910862,105.000000,1.000000
0.975038,0.025466,0.002858,0.039374,-0.088085,98.695235,105.000000,1.000000
0.976050,0.025461,0.003001,0.039027,-0.087993,98.479328,105.000000,1.000000
0.977063,0.025458,0.003144,0.038680,-0.087901,98.263155,105.000000,1.000000
0.978075,0.025455,0.003287,0.038333,-0.087807,98.046734,105.000000,1.000000
0.979088,0.025453,0.003431,0.037986,-0.087711,97.830080,105.000000,1.000000
0.980100,0.025451,0.003575,0.037639,-0.087614,97.613212,105.000000,1.000000
0.981113,0.025449,0.003718,0.037292,-0.087516,97.396144,105.000000,1.000000
0.982125,0.025449,0.003862,0.036946,-0.087417,97.178894,105.000000,1.000000
0.983138,0.025448,0.004006,0.036599,-0.087315,96.961477,105.000000,1.000000
0.984150,0.025449,0.004150,0.036252,-0.087213,96.743912,105.000000,1.000000
0.985163,0.025449,0.004295,0.035906,-0.087109,96.526213,105.000000,1.000000
0.986175,0.025451,0.004439,0.035560,-0.087004,96.308399,105.000000,1.000000
0.987188,0.025453,0.004583,0.035214,-0.086898,96.090485,105.000000,1.000000
0.988200,0.025455,0.004728,0.034868,-0.086790,95.872487,105.000000,1.000000
0.989213,0.025458,0.004872,0.034523,-0.086680,95.654424,105.000000,1.000000
0.990225,0.025462,0.005016,0.034178,-0.086570,95.436310,105.000000,1.000000
0.991238,0.025466,0.005161,0.033833,-0.086458,95.218163,105.000000,1.000000
0.992250,0.025471,0.005305,0.033489,-0.086345,95.000000,105.000000,1.000000
0.993263,0.025476,0.005450,0.033145,-0.086230,94.781837,105.000000,1.000000
0.994275,0.025482,0.005594,0.032802,-0.086114,94.563690,105.000000,1.000000
0.995288,0.025488,0.005738,0.032459,-0.085997,94.345576,105.000000,1.000000
0.996300,0.025495,0.005883,0.032117,-0.085879,94.127513,105.000000,1.000000
0.997313,0.025503,0.006027,0.031775,-0.085759,93.909515,105.000000,1.000000
0.998325,0.025510,0.006171,0.031434,-0.085638,93.691601,105.000000,1.000000
0.999338,0.025519,0.006315,0.031093,-0.085516,93.473787,105.000000,1.000000
1.000350,0.025528,0.006459,0.030754,-0.085393,93.256088,105.000000,1.000000
1.001363,0.025538,0.006603,0.030414,-0.085268,93.038523,105.000000,1.000000
1.002375,0.025548,0.006746,0.030076,-0.085142,92.821106,105.000000,1.000000
1.003388,0.025559,0.006890,0.029738,-0.085015,92.603856,105.000000,1.000000
1.004400,0.025570,0.007033,0.029401,-0.084887,92.386788,105.000000,1.000000
1.005413,0.025582,0.007176,0.029065,-0.084758,92.169920,105.000000,1.000000
1.006425,0.025594,0.007319,0.028730,-0.084627,91.953266,105.000000,1.000000
1.007438,0.025607,0.007462,0.028395,-0.084496,91.736845,105.000000,1.000000
1.008450,0.025620,0.007605,0.028061,-0.084363,91.520672,105.000000,1.000000
1.009463,0.025634,0.007747,0.027729,-0.084229,91.304765,105.000000,1.000000
1.010475,0.025648,0.007889,0.027397,-0.084094,91.089138,105.000000,1.000000
1.011488,0.025663,0.008031,0.027066,-0.083958,90.873810,105.000000,1.000000
1.012500,0.025678,0.008173,0.026736,-0.083821,90.658796,105.000000,1.000000
1.013513,0.025694,0.008314,0.026407,-0.083683,90.444112,105.000000,1.000000
1.014525,0.025711,0.008455,0.026080,-0.083544,90.229775,105.000000,1.000000
1.015538,0.025728,0.008596,0.025753,-0.083404,90.015802,105.000000,1.000000
1.016550,0.025745,0.008736,0.025427,-0.083263,89.802208,105.000000,1.000000
1.017563,0.025763,0.008876,0.025103,-0.083121,89.589010,105.000000,1.000000
1.018575,0.025781,0.009016,0.024780,-0.082979,89.376224,105.000000,1.000000
1.019588,0.025800,0.009155,0.024458,-0.082835,89.163866,105.000000,1.000000
1.020600,0.025819,0.009294,0.024137,-0.082690,88.951953,105.000000,1.000000
1.021613,0.025839,0.009433,0.023817,-0.082545,88.740500,105.000000,1.000000
1.022625,0.025859,0.009571,0.023499,-0.082398,88.529524,105.000000,1.000000
1.023638,0.025880,0.009709,0.023181,-0.082251,88.319041,105.000000,1.000000
1.024650,0.025901,0.009847,0.022866,-0.082103,88.109066,105.000000,1.000000
1.025663,0.025923,0.009984,0.022551,-0.081955,87.899616,105.000000,1.000000
1.026675,0.025945,0.010120,0.022238,-0.081805,87.690707,105.000000,1.000000
1.027688,0.025968,0.010256,0.021926,-0.081655,87.482355,105.000000,1.000000
1.028700,0.025991,0.010392,0.021616,-0.081504,87.274575,105.000000,1.000000
1.029713,0.026014,0.010527,0.021307,-0.081352,87.067384,105.000000,1.000000
1.030725,0.026038,0.010662,0.021000,-0.081200,86.860796,105.000000,1.000000
1.031738,0.026062,0.010796,0.020694,-0.081047,86.654829,105.000000,1.000000
1.032750,0.026086,0.010930,0.020389,-0.080893,86.449496,105.000000,1.000000
1.033763,0.026111,0.011063,0.020086,-0.080739,86.244815,105.000000,1.000000
1.034775,0.026137,0.011196,0.019785,-0.080584,86.040801,105.000000,1.000000
1.035788,0.026163,0.011328,0.019485,-0.080429,85.837469,105.000000,1.000000
1.036800,0.026189,0.011460,0.019186,-0.080273,85.634835,105.000000,1.000000
1.037813,0.026215,0.011591,0.018890,-0.080117,85.432914,105.000000,1.000000
1.038825,0.026242,0.011722,0.018595,-0.079960,85.231722,105.000000,1.000000
1.039838,0.026269,0.011852,0.018301,-0.079803,85.031273,105.000000,1.000000
1.040850,0.026297,0.011981,0.018009,-0.079645,84.831584,105.000000,1.000000
1.041863,0.026325,0.012110,0.017719,-0.079487,84.632669,105.000000,1.000000
1.042875,0.026353,0.012238,0.017431,-0.079329,84.434543,105.000000,1.000000
1.043888,0.026382,0.012365,0.017144,-0.079170,84.237223,105.000000,1.000000
1.044900,0.026411,0.012492,0.016859,-0.079011,84.040721,105.000000,1.000000
1.045913,0.026440,0.012619,0.016576,-0.078851,83.845055,105.000000,1.000000
1.046925,0.026469,0.012744,0.016294,-0.078691,83.650238,105.000000,1.000000
1.047938,0.026499,0.012869,0.016015,-0.078532,83.456285,105.000000,1.000000
1.048950,0.026529,0.012993,0.015737,-0.078371,83.263211,105.000000,1.000000
1.049963,0.026560,0.013117,0.015461,-0.078211,83.071031,105.000000,1.000000
1.050975,0.026590,0.013240,0.015187,-0.078051,82.879759,105.000000,1.000000
1.051988,0.026621,0.013362,0.014914,-0.077890,82.689411,105.000000,1.000000
1.053000,0.026652,0.013484,0.014644,-0.077729,82.500000,105.000000,1.000000
1.054013,0.026684,0.013605,0.014375,-0.077568,82.311541,105.000000,1.000000
1.055025,0.026715,0.013725,0.014109,-0.077408,82.124048,105.000000,1.000000
1.056038,0.026747,0.013844,0.013844,-0.077247,81.937536,105.000000,1.000000
1.057050,0.026779,0.013963,0.013581,-0.077086,81.752018,105.000000,1.000000
1.058063,0.026812,0.014081,0.013320,-0.076925,81.567510,105.000000,1.000000
1.059075,0.026844,0.014198,0.013061,-0.076764,81.384024,105.000000,1.000000
1.060088,0.026877,0.014314,0.012805,-0.076603,81.201575,105.000000,1.000000
1.061100,0.026910,0.014430,0.012550,-0.076443,81.020177,105.000000,1.000000
1.062113,0.026943,0.014544,0.012297,-0.076282,80.839844,105.000000,1.000000
1.063125,0.026976,0.014658,0.012046,-0.076122,80.660589,105.000000,1.000000
1.064138,0.027009,0.014772,0.011797,-0.075962,80.482426,105.000000,1.000000
1.065150,0.027043,0.014884,0.011550,-0.075802,80.305369,105.000000,1.000000
1.066163,0.027076,0.014996,0.011305,-0.075643,80.129430,105.000000,1.000000
1.067175,0.027110,0.015106,0.011062,-0.075483,79.954624,105.000000,1.000000
1.068188,0.027144,0.015216,0.010822,-0.075324,79.780964,105.000000,1.000000
1.069200,0.027178,0.015325,0.010583,-0.075166,79.608463,105.000000,1.000000
1.070213,0.027212,0.015434,0.010347,-0.075007,79.437134,105.000000,1.000000
1.071225,0.027246,0.015541,0.010112,-0.074849,79.266990,105.000000,1.000000
1.072238,0.027280,0.015648,0.009880,-0.074692,79.098044,105.000000,1.000000
1.073250,0.027314,0.015753,0.009650,-0.074535,78.930310,105.000000,1.000000
1.074263,0.027348,0.015858,0.009422,-0.074378,78.763799,105.000000,1.000000
1.075275,0.027383,0.015962,0.009196,-0.074222,78.598524,105.000000,1.000000
1.076288,0.027417,0.016065,0.008972,-0.074067,78.434499,105.000000,1.000000
1.077300,0.027452,0.016167,0.008751,-0.073912,78.271735,105.000000,1.000000
1.078313,0.027486,0.016269,0.008531,-0.073758,78.110245,105.000000,1.000000
1.079325,0.027521,0.016369,0.008314,-0.073604,77.950041,105.000000,1.000000
1.080338,0.027555,0.016468,0.008099,-0.073451,77.791136,105.000000,1.000000
1.081350,0.027589,0.016567,0.007886,-0.073298,77.633541,105.000000,1.000000
1.082363,0.027624,0.016665,0.007676,-0.073147,77.477268,105.000000,1.000000
1.083375,0.027658,0.016761,0.007467,-0.072996,77.322330,105.000000,1.000000
1.084388,0.027693,0.016857,0.007261,-0.072846,77.168739,105.000000,1.000000
1.085400,0.027727,0.016952,0.007057,-0.072696,77.016505,105.000000,1.000000
1.086413,0.027761,0.017046,0.006855,-0.072547,76.865641,105.000000,1.000000
1.087425,0.027795,0.017139,0.006656,-0.072400,76.716157,105.000000,1.000000
1.088438,0.027829,0.017231,0.006459,-0.072253,76.568067,105.000000,1.000000
1.089450,0.027863,0.017322,0.006264,-0.072107,76.421379,105.000000,1.000000
1.090463,0.027897,0.017412,0.006071,-0.071962,76.276107,105.000000,1.000000
1.091475,0.027931,0.017501,0.005880,-0.071817,76.132260,105.000000,1.000000
1.092488,0.027965,0.017589,0.005692,-0.071674,75.989851,105.000000,1.000000
1.093500,0.027998,0.017676,0.005506,-0.071532,75.848889,105.000000,1.000000
1.094513,0.028032,0.017762,0.005322,-0.071391,75.709385,105.000000,1.000000
1.095525,0.028065,0.017847,0.005141,-0.071251,75.571351,105.000000,1.000000
1.096538,0.028098,0.017932,0.004962,-0.071112,75.434796,105.000000,1.000000
1.097550,0.028131,0.018015,0.004785,-0.070974,75.299731,105.000000,1.000000
1.098563,0.028164,0.018097,0.004610,-0.070837,75.166166,105.000000,1.000000
1.099575,0.028196,0.018178,0.004438,-0.070701,75.034112,105.000000,1.000000
1.100588,0.028229,0.018258,0.004268,-0.070567,74.903578,105.000000,1.000000
1.101600,0.028261,0.018337,0.004100,-0.070433,74.774575,105.000000,1.000000
1.102613,0.028293,0.018416,0.003935,-0.070301,74.647112,105.000000,1.000000
1.103625,0.028325,0.018493,0.003771,-0.070170,74.521199,105.000000,1.000000
1.104638,0.028356,0.018569,0.003611,-0.070041,74.396845,105.000000,1.000000
1.105650,0.028387,0.018644,0.003452,-0.069912,74.274061,105.000000,1.000000
1.106663,0.028418,0.018718,0.003296,-0.069785,74.152854,105.000000,1.000000
1.107675,0.028449,0.018791,0.003142,-0.069660,74.033236,105.000000,1.000000
1.108688,0.028480,0.018863,0.002990,-0.069536,73.915214,105.000000,1.000000
1.109700,0.028510,0.018934,0.002841,-0.069413,73.798798,105.000000,1.000000
1.110713,0.028540,0.019004,0.002694,-0.069291,73.683996,105.000000,1.000000
1.111725,0.028570,0.019073,0.002549,-0.069171,73.570817,105.000000,1.000000
1.112738,0.028599,0.019140,0.002407,-0.069053,73.459271,105.000000,1.000000
1.113750,0.028628,0.019207,0.002267,-0.068935,73.349365,105.000000,1.000000
1.114763,0.028657,0.019273,0.002129,-0.068820,73.241108,105.000000,1.000000
1.115775,0.028686,0.019337,0.001994,-0.068706,73.134507,105.000000,1.000000
1.116788,0.028714,0.019401,0.001861,-0.068593,73.029572,105.000000,1.000000
1.117800,0.028741,0.019463,0.001730,-0.068482,72.926310,105.000000,1.000000
1.118813,0.028769,0.019525,0.001602,-0.068373,72.824729,105.000000,1.000000
1.119825,0.028796,0.019585,0.001476,-0.068265,72.724837,105.000000,1.000000
1.120838,0.028823,0.019644,0.001352,-0.068158,72.626641,105.000000,1.000000
1.121850,0.028849,0.019703,0.001230,-0.068054,72.530149,105.000000,1.000000
1.122863,0.028875,0.019760,0.001111,-0.067951,72.435368,105.000000,1.000000
1.123875,0.028901,0.019816,0.000995,-0.067850,72.342305,105.000000,1.000000
1.124888,0.028926,0.019871,0.000880,-0.067750,72.250968,105.000000,1.000000
1.125900,0.028951,0.019925,0.000768,-0.067652,72.161364,105.000000,1.000000
1.126913,0.028975,0.019977,0.000658,-0.067556,72.073498,105.000000,1.000000
1.127925,0.029000,0.020029,0.000551,-0.067462,71.987379,105.000000,1.000000
1.128938,0.029023,0.020080,0.000446,-0.067369,71.903012,105.000000,1.000000
1.129950,0.029046,0.020129,0.000343,-0.067278,71.820404,105.000000,1.000000
1.130963,0.029069,0.020178,0.000242,-0.067189,71.739561,105.000000,1.000000
1.131975,0.029092,0.020225,0.000144,-0.067102,71.660489,105.000000,1.000000
1.132988,0.029113,0.020271,0.000048,-0.067017,71.583195,105.000000,1.000000
1.134000,0.029135,0.020317,-0.000045,-0.066933,71.507684,105.000000,1.000000
1.135013,0.029156,0.020361,-0.000137,-0.066851,71.433963,105.000000,1.000000
1.136025,0.029177,0.020404,-0.000226,-0.066772,71.362036,105.000000,1.000000
1.137038,0.029197,0.020446,-0.000312,-0.066694,71.291909,105.000000,1.000000
1.138050,0.029216,0.020486,-0.000396,-0.066618,71.223587,105.000000,1.000000
1.139063,0.029235,0.020526,-0.000478,-0.066543,71.157076,105.000000,1.000000
1.140075,0.029254,0.020565,-0.000558,-0.066471,71.092381,105.000000,1.000000
1.141088,0.029272,0.020602,-0.000635,-0.066401,71.029507,105.000000,1.000000
1.142100,0.029290,0.020638,-0.000710,-0.066333,70.968458,105.000000,1.000000
1.143113,0.029307,0.020674,-0.000783,-0.066267,70.909239,105.000000,1.000000
1.144125,0.029324,0.020708,-0.000853,-0.066202,70.851854,105.000000,1.000000
1.145138,0.029340,0.020741,-0.000921,-0.066140,70.796309,105.000000,1.000000
1.146150,0.029356,0.020773,-0.000987,-0.066080,70.742607,105.000000,1.000000
1.147163,0.029371,0.020804,-0.001050,-0.066021,70.690752,105.000000,1.000000
1.148175,0.029386,0.020833,-0.001111,-0.065965,70.640748,105.000000,1.000000
1.149188,0.029400,0.020862,-0.001170,-0.065911,70.592600,105.000000,1.000000
1.150200,0.029414,0.020889,-0.001227,-0.065859,70.546310,105.000000,1.000000
1.151213,0.029427,0.020916,-0.001281,-0.065808,70.501882,105.000000,1.000000
1.152225,0.029439,0.020941,-0.001333,-0.065760,70.459320,105.000000,1.000000
1.153238,0.029451,0.020965,-0.001382,-0.065714,70.418627,105.000000,1.000000
1.154250,0.029463,0.020988,-0.001429,-0.065670,70.379806,105.000000,1.000000
1.155263,0.029474,0.021010,-0.001474,-0.065629,70.342860,105.000000,1.000000
1.156275,0.029484,0.021031,-0.001517,-0.065589,70.307791,105.000000,1.000000
1.157288,0.029494,0.021050,-0.001557,-0.065551,70.274603,105.000000,1.000000
1.158300,0.029503,0.021069,-0.001595,-0.065516,70.243298,105.000000,1.000000
1.159313,0.029512,0.021086,-0.001631,-0.065482,70.213878,105.000000,1.000000
1.160325,0.029520,0.021102,-0.001664,-0.065451,70.186346,105.000000,1.000000
1.161338,0.029528,0.021118,-0.001695,-0.065422,70.160704,105.000000,1.000000
1.162350,0.029535,0.021132,-0.001724,-0.065395,70.136953,105.000000,1.000000
1.163363,0.029542,0.021145,-0.001751,-0.065370,70.115095,105.000000,1.000000
1.164375,0.029548,0.021156,-0.001775,-0.065347,70.095133,105.000000,1.000000
1.165388,0.029553,0.021167,-0.001797,-0.065327,70.077067,105.000000,1.000000
1.166400,0.029558,0.021177,-0.001816,-0.065309,70.060899,105.000000,1.000000
1.167413,0.029562,0.021185,-0.001833,-0.065292,70.046630,105.000000,1.000000
1.168425,0.029566,0.021192,-0.001848,-0.065278,70.034262,105.000000,1.000000
1.169438,0.029569,0.021199,-0.001861,-0.065266,70.023794,105.000000,1.000000
1.170450,0.029572,0.021204,-0.001871,-0.065257,70.015229,105.000000,1.000000
1.171463,0.029574,0.021207,-0.001879,-0.065249,70.008567,105.000000,1.000000
1.172475,0.029575,0.021210,-0.001885,-0.065244,70.003808,105.000000,1.000000
1.173488,0.029576,0.021212,-0.001889,-0.065240,70.000952,105.000000,1.000000
1.174500,0.029576,0.021213,-0.001890,-0.065239,70.000000,105.000000,1.000000
1.175513,0.029576,0.021214,-0.001889,-0.065238,70.000637,104.996686,0.000000
1.176525,0.029576,0.021220,-0.001886,-0.065233,70.002549,104.986746,0.000000
1.177538,0.029576,0.021229,-0.001881,-0.065225,70.005735,104.970182,0.000000
1.178550,0.029576,0.021242,-0.001874,-0.065215,70.010195,104.946996,0.000000
1.179563,0.029576,0.021259,-0.001866,-0.065201,70.015929,104.917194,0.000000
1.180575,0.029576,0.021280,-0.001855,-0.065184,70.022937,104.880781,0.000000
1.181588,0.029576,0.021304,-0.001842,-0.065165,70.031218,104.837766,0.000000
1.182600,0.029577,0.021332,-0.001828,-0.065142,70.040772,104.788156,0.000000
1.183613,0.029577,0.021364,-0.001811,-0.065116,70.051599,104.731963,0.000000
1.184625,0.029577,0.021399,-0.001793,-0.065087,70.063697,104.669197,0.000000
1.185638,0.029577,0.021438,-0.001772,-0.065056,70.077067,104.599871,0.000000
1.186650,0.029578,0.021481,-0.001750,-0.065021,70.091707,104.524000,0.000000
1.187663,0.029578,0.021528,-0.001725,-0.064983,70.107617,104.441598,0.000000
1.188675,0.029579,0.021578,-0.001699,-0.064942,70.124795,104.352683,0.000000
1.189688,0.029579,0.021631,-0.001670,-0.064899,70.143242,104.257273,0.000000
1.190700,0.029580,0.021689,-0.001640,-0.064852,70.162957,104.155387,0.000000
1.191713,0.029581,0.021750,-0.001607,-0.064803,70.183937,104.047046,0.000000
1.192725,0.029582,0.021814,-0.001573,-0.064750,70.206182,103.932273,0.000000
1.193738,0.029583,0.021883,-0.001536,-0.064695,70.229692,103.811090,0.000000
1.194750,0.029584,0.021954,-0.001497,-0.064636,70.254464,103.683522,0.000000
1.195763,0.029586,0.022030,-0.001456,-0.064575,70.280498,103.549595,0.000000
1.196775,0.029588,0.022108,-0.001413,-0.064511,70.307791,103.409337,0.000000
1.197788,0.029590,0.022191,-0.001368,-0.064444,70.336344,103.262776,0.000000
1.198800,0.029592,0.022276,-0.001321,-0.064375,70.366154,103.109942,0.000000
1.199813,0.029594,0.022366,-0.001271,-0.064302,70.397220,102.950866,0.000000
1.200825,0.029597,0.022458,-0.001220,-0.064227,70.429540,102.785581,0.000000
1.201838,0.029600,0.022554,-0.001166,-0.064149,70.463113,102.614120,0.000000
1.202850,0.029604,0.022654,-0.001110,-0.064068,70.497936,102.436519,0.000000
1.203863,0.029607,0.022757,-0.001051,-0.063985,70.534009,102.252813,0.000000
1.204875,0.029612,0.022863,-0.000991,-0.063898,70.571328,102.063040,0.000000
1.205888,0.029616,0.022972,-0.000928,-0.063810,70.609894,101.867239,0.000000
1.206900,0.029621,0.023085,-0.000863,-0.063718,70.649702,101.665449,0.000000
1.207913,0.029626,0.023201,-0.000795,-0.063624,70.690752,101.457712,0.000000
1.208925,0.029632,0.023320,-0.000725,-0.063527,70.733041,101.244070,0.000000
1.209938,0.029639,0.023442,-0.000653,-0.063428,70.776567,101.024567,0.000000
1.210950,0.029646,0.023568,-0.000578,-0.063326,70.821329,100.799248,0.000000
1.211963,0.029653,0.023696,-0.000501,-0.063222,70.867322,100.568157,0.000000
1.212975,0.029661,0.023828,-0.000421,-0.063115,70.914546,100.331343,0.000000
1.213988,0.029669,0.023962,-0.000339,-0.063006,70.962998,100.088855,0.000000
1.215000,0.029679,0.024100,-0.000254,-0.062895,71.012676,99.840740,0.000000
1.216013,0.029688,0.024240,-0.000167,-0.062781,71.063576,99.587050,0.000000
1.217025,0.029699,0.024384,-0.000078,-0.062664,71.115696,99.327837,0.000000
1.218038,0.029710,0.024530,0.000015,-0.062546,71.169034,99.063153,0.000000
1.219050,0.029722,0.024679,0.000110,-0.062425,71.223587,98.793052,0.000000
1.220063,0.029735,0.024831,0.000207,-0.062302,71.279352,98.517590,0.000000
1.221075,0.029748,0.024985,0.000307,-0.062177,71.336326,98.236823,0.000000
1.222088,0.029762,0.025142,0.000410,-0.062049,71.394507,97.950808,0.000000
1.223100,0.029777,0.025302,0.000515,-0.061920,71.453891,97.659602,0.000000
1.224113,0.029793,0.025465,0.000623,-0.061788,71.514475,97.363267,0.000000
1.225125,0.029810,0.025630,0.000734,-0.061655,71.576257,97.061861,0.000000
1.226138,0.029828,0.025797,0.000848,-0.061519,71.639233,96.755447,0.000000
1.227150,0.029846,0.025967,0.000964,-0.061382,71.703399,96.444087,0.000000
1.228163,0.029866,0.026139,0.001083,-0.061242,71.768754,96.127844,0.000000
1.229175,0.029886,0.026314,0.001205,-0.061101,71.835292,95.806784,0.000000
1.230188,0.029908,0.026491,0.001330,-0.060958,71.903012,95.480970,0.000000
1.231200,0.029930,0.026670,0.001458,-0.060813,71.971909,95.150471,0.000000
1.232213,0.029954,0.026852,0.001588,-0.060666,72.041980,94.815353,0.000000
1.233225,0.029978,0.027035,0.001722,-0.060518,72.113221,94.475684,0.000000
1.234238,0.030004,0.027221,0.001858,-0.060368,72.185629,94.131535,0.000000
1.235250,0.030031,0.027408,0.001997,-0.060217,72.259200,93.782974,0.000000
1.236263,0.030059,0.027598,0.002140,-0.060064,72.333931,93.430073,0.000000
1.237275,0.030088,0.027789,0.002285,-0.059909,72.409816,93.072905,0.000000
1.238288,0.030118,0.027982,0.002433,-0.059754,72.486854,92.711541,0.000000
1.239300,0.030149,0.028177,0.002584,-0.059596,72.565039,92.346056,0.000000
1.240313,0.030182,0.028374,0.002738,-0.059438,72.644368,91.976524,0.000000
1.241325,0.030215,0.028572,0.002895,-0.059278,72.724837,91.603021,0.000000
1.242338,0.030250,0.028772,0.003055,-0.059117,72.806441,91.225622,0.000000
1.243350,0.030286,0.028973,0.003218,-0.058954,72.889177,90.844405,0.000000
1.244363,0.030324,0.029176,0.003384,-0.058791,72.973040,90.459447,0.000000
1.245375,0.030362,0.029381,0.003553,-0.058627,73.058025,90.070827,0.000000
1.246388,0.030402,0.029586,0.003725,-0.058461,73.144130,89.678624,0.000000
1.247400,0.030443,0.029793,0.003900,-0.058295,73.231348,89.282918,0.000000
1.248413,0.030486,0.030001,0.004079,-0.058127,73.319676,88.883789,0.000000
1.249425,0.030529,0.030211,0.004260,-0.057959,73.409110,88.481320,0.000000
1.250438,0.030574,0.030421,0.004444,-0.057790,73.499644,88.075592,0.000000
1.251450,0.030621,0.030632,0.004632,-0.057621,73.591274,87.666688,0.000000
1.252463,0.030668,0.030845,0.004822,-0.057450,73.683996,87.254691,0.000000
1.253475,0.030717,0.031058,0.005016,-0.057279,73.777804,86.839686,0.000000
1.254488,0.030767,0.031272,0.005212,-0.057108,73.872694,86.421756,0.000000
1.255500,0.030819,0.031487,0.005412,-0.056936,73.968662,86.000988,0.000000
1.256513,0.030871,0.031702,0.005614,-0.056763,74.065701,85.577467,0.000000
1.257525,0.030926,0.031918,0.005820,-0.056590,74.163808,85.151278,0.000000
1.258538,0.030981,0.032135,0.006028,-0.056417,74.262977,84.722511,0.000000
1.259550,0.031038,0.032352,0.006240,-0.056243,74.363203,84.291250,0.000000
1.260563,0.031095,0.032569,0.006455,-0.056070,74.464481,83.857586,0.000000
1.261575,0.031155,0.032787,0.006672,-0.055896,74.566806,83.421605,0.000000
1.262588,0.031215,0.033005,0.006893,-0.055722,74.670172,82.983398,0.000000
1.263600,0.031277,0.033223,0.007116,-0.055548,74.774575,82.543052,0.000000
1.264613,0.031340,0.033442,0.007342,-0.055373,74.880009,82.100659,0.000000
1.265625,0.031404,0.033660,0.007572,-0.055199,74.986469,81.656308,0.000000
1.266638,0.031469,0.033879,0.007804,-0.055025,75.093949,81.210090,0.000000
1.267650,0.031536,0.034097,0.008039,-0.054852,75.202444,80.762096,0.000000
1.268663,0.031604,0.034316,0.008277,-0.054678,75.311948,80.312417,0.000000
1.269675,0.031673,0.034534,0.008517,-0.054505,75.422456,79.861145,0.000000
1.270688,0.031743,0.034752,0.008761,-0.054332,75.533962,79.408372,0.000000
1.271700,0.031814,0.034969,0.009007,-0.054159,75.646460,78.954190,0.000000
1.272713,0.031886,0.035186,0.009256,-0.053987,75.759945,78.498692,0.000000
1.273725,0.031960,0.035403,0.009507,-0.053815,75.874410,78.041971,0.000000
1.274738,0.032034,0.035619,0.009761,-0.053644,75.989851,77.584120,0.000000
1.275750,0.032109,0.035835,0.010018,-0.053473,76.106261,77.125232,0.000000
1.276763,0.032186,0.036050,0.010277,-0.053303,76.223634,76.665401,0.000000
1.277775,0.032263,0.036264,0.010539,-0.053134,76.341964,76.204721,0.000000
1.278788,0.032341,0.036478,0.010804,-0.052966,76.461245,75.743285,0.000000
1.279800,0.032420,0.036691,0.011071,-0.052798,76.581472,75.281188,0.000000
1.280813,0.032500,0.036902,0.011340,-0.052631,76.702637,74.818523,0.000000
1.281825,0.032581,0.037113,0.011612,-0.052465,76.824735,74.355386,0.000000
1.282838,0.032663,0.037323,0.011886,-0.052300,76.947760,73.891871,0.000000
1.283850,0.032745,0.037532,0.012162,-0.052136,77.071705,73.428072,0.000000
1.284863,0.032828,0.037740,0.012440,-0.051973,77.196564,72.964083,0.000000
1.285875,0.032912,0.037946,0.012721,-0.051811,77.322330,72.500000,0.000000
1.286888,0.032996,0.038152,0.013004,-0.051650,77.448998,72.035917,0.000000
1.287900,0.033081,0.038356,0.013289,-0.051490,77.576561,71.571928,0.000000
1.288913,0.033166,0.038558,0.013576,-0.051332,77.705012,71.108129,0.000000
1.289925,0.033252,0.038760,0.013864,-0.051174,77.834344,70.644614,0.000000
1.290938,0.033339,0.038959,0.014155,-0.051018,77.964552,70.181477,0.000000
1.291950,0.033426,0.039158,0.014448,-0.050864,78.095627,69.718812,0.000000
1.292963,0.033513,0.039355,0.014742,-0.050710,78.227565,69.256715,0.000000
1.293975,0.033600,0.039550,0.015039,-0.050558,78.360358,68.795279,0.000000
1.294988,0.033688,0.039743,0.015336,-0.050408,78.493999,68.334599,0.000000
1.296000,0.033776,0.039935,0.015636,-0.050259,78.628482,67.874768,0.000000
1.297013,0.033864,0.040125,0.015937,-0.050111,78.763799,67.415880,0.000000
1.298025,0.033952,0.040314,0.016240,-0.049965,78.899944,66.958029,0.000000
1.299038,0.034040,0.040500,0.016544,-0.049821,79.036909,66.501308,0.000000
1.300050,0.034128,0.040685,0.016849,-0.049678,79.174689,66.045810,0.000000
1.301063,0.034216,0.040868,0.017156,-0.049537,79.313275,65.591628,0.000000
1.302075,0.034304,0.041048,0.017464,-0.049397,79.452661,65.138855,0.000000
1.303088,0.034392,0.041227,0.017773,-0.049259,79.592839,64.687583,0.000000
1.304100,0.034480,0.041404,0.018083,-0.049123,79.733803,64.237904,0.000000
1.305113,0.034567,0.041579,0.018394,-0.048989,79.875545,63.789910,0.000000
1.306125,0.034654,0.041751,0.018707,-0.048856,80.018058,63.343692,0.000000
1.307138,0.034740,0.041922,0.019020,-0.048725,80.161335,62.899341,0.000000
1.308150,0.034826,0.042090,0.019334,-0.048596,80.305369,62.456948,0.000000
1.309163,0.034912,0.042256,0.019648,-0.048469,80.450151,62.016602,0.000000
1.310175,0.034997,0.042420,0.019964,-0.048344,80.595675,61.578395,0.000000
1.311188,0.035081,0.042581,0.020280,-0.048220,80.741934,61.142414,0.000000
1.312200,0.035165,0.042741,0.020597,-0.048099,80.888920,60.708750,0.000000
1.313213,0.035248,0.042897,0.020914,-0.047979,81.036624,60.277489,0.000000
1.314225,0.035330,0.043052,0.021231,-0.047861,81.185041,59.848722,0.000000
1.315238,0.035411,0.043204,0.021549,-0.047746,81.334162,59.422533,0.000000
1.316250,0.035491,0.043354,0.021867,-0.047632,81.483980,58.999012,0.000000
1.317263,0.035570,0.043501,0.022185,-0.047520,81.634486,58.578244,0.000000
1.318275,0.035648,0.043646,0.022504,-0.047410,81.785674,58.160314,0.000000
1.319288,0.035725,0.043788,0.022822,-0.047302,81.937536,57.745309,0.000000
1.320300,0.035801,0.043928,0.023140,-0.047196,82.090063,57.333312,0.000000
1.321313,0.035876,0.044066,0.023459,-0.047093,82.243249,56.924408,0.000000
1.322325,0.035949,0.044200,0.023777,-0.046991,82.397085,56.518680,0.000000
1.323338,0.036021,0.044333,0.024094,-0.046891,82.551564,56.116211,0.000000
1.324350,0.036091,0.044462,0.024412,-0.046794,82.706677,55.717082,0.000000
1.325363,0.036160,0.044589,0.024729,-0.046698,82.862417,55.321376,0.000000
1.326375,0.036228,0.044713,0.025046,-0.046604,83.018775,54.929173,0.000000
1.327388,0.036294,0.044835,0.025362,-0.046513,83.175745,54.540553,0.000000
1.328400,0.036358,0.044954,0.025677,-0.046424,83.333317,54.155595,0.000000
1.329413,0.036420,0.045071,0.025992,-0.046337,83.491484,53.774378,0.000000
1.330425,0.036481,0.045184,0.026306,-0.046251,83.650238,53.396979,0.000000
1.331438,0.036540,0.045295,0.026619,-0.046168,83.809570,53.023476,0.000000
1.332450,0.036597,0.045403,0.026932,-0.046087,83.969472,52.653944,0.000000
1.333463,0.036652,0.045509,0.027243,-0.046009,84.129938,52.288459,0.000000
1.334475,0.036705,0.045612,0.027553,-0.045932,84.290957,51.927095,0.000000
1.335488,0.036756,0.045712,0.027863,-0.045857,84.452522,51.569927,0.000000
1.336500,0.036805,0.045809,0.028171,-0.045785,84.614625,51.217026,0.000000
1.337513,0.036852,0.045904,0.028477,-0.045714,84.777257,50.868465,0.000000
1.338525,0.036896,0.045995,0.028783,-0.045646,84.940410,50.524316,0.000000
1.339538,0.036939,0.046084,0.029087,-0.045580,85.104077,50.184647,0.000000
1.340550,0.036979,0.046170,0.029390,-0.045516,85.268247,49.849529,0.000000
1.341563,0.037016,0.046254,0.029691,-0.045454,85.432914,49.519030,0.000000
1.342575,0.037052,0.046334,0.029990,-0.045395,85.598069,49.193216,0.000000
1.343588,0.037085,0.046412,0.030289,-0.045337,85.763703,48.872156,0.000000
1.344600,0.037115,0.046487,0.030585,-0.045281,85.929807,48.555913,0.000000
1.345613,0.037143,0.046558,0.030879,-0.045228,86.096374,48.244553,0.000000
1.346625,0.037168,0.046628,0.031172,-0.045177,86.263396,47.938139,0.000000
1.347638,0.037190,0.046694,0.031463,-0.045128,86.430862,47.636733,0.000000
1.348650,0.037210,0.046757,0.031752,-0.045081,86.598765,47.340398,0.000000
1.349663,0.037227,0.046818,0.032039,-0.045036,86.767097,47.049192,0.000000
1.350675,0.037242,0.046875,0.032324,-0.044993,86.935848,46.763177,0.000000
1.351688,0.037253,0.046930,0.032607,-0.044953,87.105010,46.482410,0.000000
1.352700,0.037262,0.046982,0.032888,-0.044914,87.274575,46.206948,0.000000
1.353713,0.037268,0.047030,0.033166,-0.044878,87.444534,45.936847,0.000000
1.354725,0.037271,0.047076,0.033443,-0.044844,87.614878,45.672163,0.000000
1.355738,0.037271,0.047119,0.033717,-0.044812,87.785598,45.412950,0.000000
1.356750,0.037269,0.047160,0.033988,-0.044782,87.956686,45.159260,0.000000
1.357763,0.037263,0.047197,0.034258,-0.044754,88.128133,44.911145,0.000000
1.358775,0.037254,0.047231,0.034524,-0.044729,88.299931,44.668657,0.000000
1.359788,0.037242,0.047262,0.034789,-0.044705,88.472070,44.431843,0.000000
1.360800,0.037227,0.047290,0.035051,-0.044684,88.644542,44.200752,0.000000
1.361813,0.037209,0.047316,0.035310,-0.044665,88.817337,43.975433,0.000000
1.362825,0.037188,0.047338,0.035567,-0.044648,88.990449,43.755930,0.000000
1.363838,0.037163,0.047357,0.035821,-0.044633,89.163866,43.542288,0.000000
1.364850,0.037136,0.047374,0.036072,-0.044620,89.337581,43.334551,0.000000
1.365863,0.037105,0.047387,0.036321,-0.044610,89.511584,43.132761,0.000000
1.366875,0.037071,0.047397,0.036567,-0.044602,89.685868,42.936960,0.000000
1.367888,0.037034,0.047404,0.036810,-0.044595,89.860422,42.747187,0.000000
1.368900,0.036993,0.047408,0.037050,-0.044592,90.035238,42.563481,0.000000
1.369913,0.036950,0.047409,0.037287,-0.044590,90.210308,42.385880,0.000000
1.370925,0.036903,0.047407,0.037522,-0.044590,90.385621,42.214419,0.000000
1.371938,0.036853,0.047402,0.037754,-0.044593,90.561170,42.049134,0.000000
1.372950,0.036799,0.047394,0.037983,-0.044598,90.736945,41.890058,0.000000
1.373963,0.036742,0.047383,0.038208,-0.044606,90.912938,41.737224,0.000000
1.374975,0.036682,0.047368,0.038431,-0.044615,91.089138,41.590663,0.000000
1.375988,0.036619,0.047351,0.038651,-0.044627,91.265539,41.450405,0.000000
1.377000,0.036553,0.047330,0.038868,-0.044641,91.442129,41.316478,0.000000
1.378013,0.036483,0.047306,0.039082,-0.044657,91.618901,41.188910,0.000000
1.379025,0.036409,0.047279,0.039293,-0.044676,91.795845,41.067727,0.000000
1.380038,0.036333,0.047248,0.039500,-0.044697,91.972953,40.952954,0.000000
1.381050,0.036253,0.047215,0.039705,-0.044720,92.150215,40.844613,0.000000
1.382063,0.036170,0.047178,0.039906,-0.044746,92.327622,40.742727,0.000000
1.383075,0.036084,0.047138,0.040105,-0.044774,92.505165,40.647317,0.000000
1.384088,0.035994,0.047094,0.040300,-0.044805,92.682836,40.558402,0.000000
1.385100,0.035901,0.047048,0.040493,-0.044838,92.860625,40.476000,0.000000
1.386113,0.035805,0.046998,0.040682,-0.044873,93.038523,40.400129,0.000000
1.387125,0.035706,0.046944,0.040868,-0.044911,93.216520,40.330803,0.000000
1.388138,0.035604,0.046887,0.041051,-0.044951,93.394609,40.268037,0.000000
1.389150,0.035498,0.046827,0.041231,-0.044994,93.572780,40.211844,0.000000
1.390163,0.035389,0.046764,0.041408,-0.045039,93.751023,40.162234,0.000000
1.391175,0.035277,0.046697,0.041582,-0.045087,93.929330,40.119219,0.000000
1.392188,0.035162,0.046626,0.041752,-0.045137,94.107692,40.082806,0.000000
1.393200,0.035044,0.046552,0.041920,-0.045190,94.286099,40.053004,0.000000
1.394213,0.034923,0.046475,0.042084,-0.045246,94.464542,40.029818,0.000000
1.395225,0.034799,0.046394,0.042246,-0.045304,94.643013,40.013254,0.000000
1.396238,0.034672,0.046309,0.042404,-0.045365,94.821502,40.003314,0.000000
1.397250,0.034542,0.046221,0.042560,-0.045429,95.000000,40.000000,0.000000
1.398263,0.034409,0.046130,0.042712,-0.045495,95.178498,40.003314,0.000000
1.399275,0.034273,0.046034,0.042862,-0.045564,95.356987,40.013254,0.000000
1.400288,0.034134,0.045935,0.043009,-0.045636,95.535458,40.029818,0.000000
1.401300,0.033993,0.045833,0.043152,-0.045710,95.713901,40.053004,0.000000
1.402313,0.033848,0.045726,0.043293,-0.045788,95.892308,40.082806,0.000000
1.403325,0.033702,0.045616,0.043431,-0.045868,96.070670,40.119219,0.000000
1.404338,0.033552,0.045502,0.043566,-0.045951,96.248977,40.162234,0.000000
1.405350,0.033400,0.045385,0.043698,-0.046037,96.427220,40.211844,0.000000
1.406363,0.033245,0.045263,0.043828,-0.046126,96.605391,40.268037,0.000000
1.407375,0.033088,0.045138,0.043955,-0.046218,96.783480,40.330803,0.000000
1.408388,0.032928,0.045009,0.044079,-0.046313,96.961477,40.400129,0.000000
1.409400,0.032766,0.044876,0.044200,-0.046411,97.139375,40.476000,0.000000
1.410413,0.032602,0.044739,0.044319,-0.046512,97.317164,40.558402,0.000000
1.411425,0.032435,0.044599,0.044435,-0.046615,97.494835,40.647317,0.000000
1.412438,0.032266,0.044454,0.044549,-0.046723,97.672378,40.742727,0.000000
1.413450,0.032096,0.044305,0.044661,-0.046833,97.849785,40.844613,0.000000
1.414463,0.031923,0.044153,0.044769,-0.046946,98.027047,40.952954,0.000000
1.415475,0.031748,0.043996,0.044876,-0.047063,98.204155,41.067727,0.000000
1.416488,0.031571,0.043835,0.044980,-0.047182,98.381099,41.188910,0.000000
1.417500,0.031392,0.043671,0.045082,-0.047305,98.557871,41.316478,0.000000
1.418513,0.031211,0.043502,0.045182,-0.047431,98.734461,41.450405,0.000000
1.419525,0.031029,0.043329,0.045280,-0.047561,98.910862,41.590663,0.000000
1.420538,0.030845,0.043152,0.045375,-0.047694,99.087062,41.737224,0.000000
1.421550,0.030660,0.042971,0.045469,-0.047830,99.263055,41.890058,0.000000
1.422563,0.030473,0.042785,0.045560,-0.047969,99.438830,42.049134,0.000000
1.423575,0.030284,0.042596,0.045650,-0.048112,99.614379,42.214419,0.000000
1.424588,0.030095,0.042402,0.045738,-0.048258,99.789692,42.385880,0.000000
1.425600,0.029904,0.042205,0.045824,-0.048407,99.964762,42.563481,0.000000
1.426613,0.029712,0.042003,0.045908,-0.048560,100.139578,42.747187,0.000000
1.427625,0.029519,0.041797,0.045991,-0.048717,100.314132,42.936960,0.000000
1.428638,0.029325,0.041586,0.046072,-0.048877,100.488416,43.132761,0.000000
1.429650,0.029130,0.041371,0.046152,-0.049040,100.662419,43.334551,0.000000
1.430663,0.028934,0.041153,0.046230,-0.049207,100.836134,43.542288,0.000000
1.431675,0.028738,0.040930,0.046307,-0.049377,101.009551,43.755930,0.000000
1.432688,0.028541,0.040702,0.046383,-0.049551,101.182663,43.975433,0.000000
1.433700,0.028343,0.040471,0.046457,-0.049729,101.355458,44.200752,0.000000
1.434713,0.028145,0.040235,0.046531,-0.049909,101.527930,44.431843,0.000000
1.435725,0.027947,0.039995,0.046603,-0.050094,101.700069,44.668657,0.000000
1.436738,0.027748,0.039750,0.046675,-0.050282,101.871867,44.911145,0.000000
1.437750,0.027550,0.039502,0.046746,-0.050473,102.043314,45.159260,0.000000
1.438763,0.027351,0.039249,0.046816,-0.050669,102.214402,45.412950,0.000000
1.439775,0.027153,0.038992,0.046885,-0.050867,102.385122,45.672163,0.000000
1.440788,0.026954,0.038730,0.046954,-0.051070,102.555466,45.936847,0.000000
1.441800,0.026756,0.038465,0.047022,-0.051275,102.725425,46.206948,0.000000
1.442813,0.026558,0.038195,0.047090,-0.051485,102.894990,46.482410,0.000000
1.443825,0.026361,0.037921,0.047157,-0.051698,103.064152,46.763177,0.000000
1.444838,0.026164,0.037643,0.047224,-0.051914,103.232903,47.049192,0.000000
1.445850,0.025968,0.037361,0.047291,-0.052134,103.401235,47.340398,0.000000
1.446863,0.025773,0.037075,0.047358,-0.052357,103.569138,47.636733,0.000000
1.447875,0.025579,0.036784,0.047425,-0.052584,103.736604,47.938139,0.000000
1.448888,0.025386,0.036490,0.047492,-0.052815,103.903626,48.244553,0.000000
1.449900,0.025193,0.036191,0.047559,-0.053049,104.070193,48.555913,0.000000
1.450913,0.025002,0.035888,0.047627,-0.053286,104.236297,48.872156,0.000000
1.451925,0.024812,0.035582,0.047695,-0.053527,104.401931,49.193216,0.000000
1.452938,0.024624,0.035271,0.047763,-0.053771,104.567086,49.519030,0.000000
1.453950,0.024437,0.034957,0.047832,-0.054019,104.731753,49.849529,0.000000
1.454963,0.024252,0.034638,0.047902,-0.054270,104.895923,50.184647,0.000000
1.455975,0.024068,0.034316,0.047972,-0.054524,105.059590,50.524316,0.000000
1.456988,0.023887,0.033990,0.048043,-0.054782,105.222743,50.868465,0.000000
1.458000,0.023707,0.033660,0.048115,-0.055043,105.385375,51.217026,0.000000
1.459013,0.023529,0.033327,0.048188,-0.055307,105.547478,51.569927,0.000000
1.460025,0.023353,0.032990,0.048262,-0.055574,105.709043,51.927095,0.000000
1.461038,0.023180,0.032649,0.048338,-0.055844,105.870062,52.288459,0.000000
1.462050,0.023008,0.032305,0.048414,-0.056118,106.030528,52.653944,0.000000
1.463063,0.022840,0.031957,0.048492,-0.056394,106.190430,53.023476,0.000000
1.464075,0.022673,0.031606,0.048571,-0.056673,106.349762,53.396979,0.000000
1.465088,0.022509,0.031252,0.048652,-0.056956,106.508516,53.774378,0.000000
1.466100,0.022348,0.030894,0.048734,-0.057241,106.666683,54.155595,0.000000
1.467113,0.022190,0.030533,0.048818,-0.057529,106.824255,54.540553,0.000000
1.468125,0.022034,0.030169,0.048904,-0.057820,106.981225,54.929173,0.000000
1.469138,0.021882,0.029801,0.048991,-0.058114,107.137583,55.321376,0.000000
1.470150,0.021732,0.029431,0.049081,-0.058410,107.293323,55.717082,0.000000
1.471163,0.021586,0.029058,0.049172,-0.058709,107.448436,56.116211,0.000000
1.472175,0.021443,0.028682,0.049265,-0.059010,107.602915,56.518680,0.000000
1.473188,0.021302,0.028303,0.049360,-0.059314,107.756751,56.924408,0.000000
1.474200,0.021166,0.027922,0.049458,-0.059620,107.909937,57.333312,0.000000
1.475213,0.021033,0.027537,0.049557,-0.059929,108.062464,57.745309,0.000000
1.476225,0.020903,0.027151,0.049659,-0.060239,108.214326,58.160314,0.000000
1.477238,0.020777,0.026762,0.049764,-0.060552,108.365514,58.578244,0.000000
1.478250,0.020654,0.026370,0.049870,-0.060867,108.516020,58.999012,0.000000
1.479263,0.020535,0.025977,0.049980,-0.061184,108.665838,59.422533,0.000000
1.480275,0.020420,0.025581,0.050091,-0.061503,108.814959,59.848722,0.000000
1.481288,0.020309,0.025183,0.050205,-0.061824,108.963376,60.277489,0.000000
1.482300,0.020201,0.024783,0.050322,-0.062147,109.111080,60.708750,0.000000
1.483313,0.020098,0.024381,0.050441,-0.062471,109.258066,61.142414,0.000000
1.484325,0.019998,0.023978,0.050564,-0.062797,109.404325,61.578395,0.000000
1.485338,0.019903,0.023572,0.050688,-0.063124,109.549849,62.016602,0.000000
1.486350,0.019811,0.023166,0.050816,-0.063453,109.694631,62.456948,0.000000
1.487363,0.019724,0.022757,0.050946,-0.063783,109.838665,62.899341,0.000000
1.488375,0.019641,0.022348,0.051080,-0.064114,109.981942,63.343692,0.000000
1.489388,0.019562,0.021937,0.051216,-0.064446,110.124455,63.789910,0.000000
1.490400,0.019487,0.021525,0.051355,-0.064779,110.266197,64.237904,0.000000
1.491413,0.019417,0.021112,0.051497,-0.065114,110.407161,64.687583,0.000000
1.492425,0.019351,0.020698,0.051641,-0.065449,110.547339,65.138855,0.000000
1.493438,0.019289,0.020284,0.051789,-0.065785,110.686725,65.591628,0.000000
1.494450,0.019232,0.019868,0.051940,-0.066121,110.825311,66.045810,0.000000
1.495463,0.019179,0.019452,0.052094,-0.066458,110.963091,66.501308,0.000000
1.496475,0.019130,0.019036,0.052250,-0.066796,111.100056,66.958029,0.000000
1.497488,0.019086,0.018619,0.052410,-0.067134,111.236201,67.415880,0.000000
1.498500,0.019046,0.018202,0.052573,-0.067472,111.371518,67.874768,0.000000
1.499513,0.019011,0.017785,0.052738,-0.067810,111.506001,68.334599,0.000000
1.500525,0.018980,0.017368,0.052907,-0.068148,111.639642,68.795279,0.000000
1.501538,0.018954,0.016951,0.053078,-0.068486,111.772435,69.256715,0.000000
1.502550,0.018932,0.016534,0.053253,-0.068824,111.904373,69.718812,0.000000
1.503563,0.018914,0.016118,0.053431,-0.069162,112.035448,70.181477,0.000000
1.504575,0.018901,0.015702,0.053611,-0.069499,112.165656,70.644614,0.000000
1.505588,0.018892,0.015286,0.053794,-0.069836,112.294988,71.108129,0.000000
1.506600,0.018887,0.014871,0.053981,-0.070173,112.423439,71.571928,0.000000
1.507613,0.018887,0.014457,0.054170,-0.070508,112.551002,72.035917,0.000000
1.508625,0.018892,0.014044,0.054362,-0.070843,112.677670,72.500000,0.000000
1.509638,0.018900,0.013632,0.054557,-0.071177,112.803436,72.964083,0.000000
1.510650,0.018913,0.013221,0.054754,-0.071511,112.928295,73.428072,0.000000
1.511663,0.018930,0.012811,0.054954,-0.071843,113.052240,73.891871,0.000000
1.512675,0.018951,0.012403,0.055157,-0.072174,113.175265,74.355386,0.000000
1.513688,0.018977,0.011996,0.055363,-0.072503,113.297363,74.818523,0.000000
1.514700,0.019006,0.011590,0.055571,-0.072831,113.418528,75.281188,0.000000
1.515713,0.019040,0.011186,0.055782,-0.073158,113.538755,75.743285,0.000000
1.516725,0.019078,0.010784,0.055995,-0.073484,113.658036,76.204721,0.000000
1.517738,0.019119,0.010384,0.056211,-0.073807,113.776366,76.665401,0.000000
1.518750,0.019165,0.009986,0.056429,-0.074129,113.893739,77.125232,0.000000
1.519763,0.019214,0.009590,0.056649,-0.074450,114.010149,77.584120,0.000000
1.520775,0.019268,0.009196,0.056872,-0.074768,114.125590,78.041971,0.000000
1.521788,0.019325,0.008804,0.057096,-0.075084,114.240055,78.498692,0.000000
1.522800,0.019385,0.008415,0.057323,-0.075399,114.353540,78.954190,0.000000
1.523813,0.019450,0.008028,0.057552,-0.075711,114.466038,79.408372,0.000000
1.524825,0.019518,0.007644,0.057783,-0.076021,114.577544,79.861145,0.000000
1.525838,0.019589,0.007262,0.058015,-0.076329,114.688052,80.312417,0.000000
1.526850,0.019664,0.006883,0.058250,-0.076634,114.797556,80.762096,0.000000
1.527863,0.019742,0.006507,0.058486,-0.076937,114.906051,81.210090,0.000000
1.528875,0.019823,0.006134,0.058724,-0.077237,115.013531,81.656308,0.000000
1.529888,0.019908,0.005764,0.058963,-0.077535,115.119991,82.100659,0.000000
1.530900,0.019996,0.005396,0.059204,-0.077830,115.225425,82.543052,0.000000
1.531913,0.020086,0.005032,0.059446,-0.078123,115.329828,82.983398,0.000000
1.532925,0.020180,0.004672,0.059690,-0.078412,115.433194,83.421605,0.000000
1.533938,0.020276,0.004314,0.059935,-0.078699,115.535519,83.857586,0.000000
1.534950,0.020375,0.003960,0.060180,-0.078983,115.636797,84.291250,0.000000
1.535963,0.020477,0.003609,0.060427,-0.079264,115.737023,84.722511,0.000000
1.536975,0.020581,0.003262,0.060675,-0.079542,115.836192,85.151278,0.000000
1.537988,0.020688,0.002919,0.060923,-0.079817,115.934299,85.577467,0.000000
1.539000,0.020797,0.002579,0.061172,-0.080088,116.031338,86.000988,0.000000
1.540013,0.020908,0.002242,0.061422,-0.080357,116.127306,86.421756,0.000000
1.541025,0.021022,0.001910,0.061672,-0.080622,116.222196,86.839686,0.000000
1.542038,0.021137,0.001581,0.061923,-0.080884,116.316004,87.254691,0.000000
1.543050,0.021254,0.001256,0.062173,-0.081143,116.408726,87.666688,0.000000
1.544063,0.021374,0.000935,0.062425,-0.081398,116.500356,88.075592,0.000000
1.545075,0.021495,0.000618,0.062676,-0.081650,116.590890,88.481320,0.000000
1.546088,0.021618,0.000306,0.062927,-0.081899,116.680324,88.883789,0.000000
1.547100,0.021742,-0.000003,0.063178,-0.082144,116.768652,89.282918,0.000000
1.548113,0.021867,-0.000308,0.063428,-0.082386,116.855870,89.678624,0.000000
1.549125,0.021994,-0.000609,0.063678,-0.082624,116.941975,90.070827,0.000000
1.550138,0.022122,-0.000905,0.063928,-0.082858,117.026960,90.459447,0.000000
1.551150,0.022252,-0.001198,0.064177,-0.083089,117.110823,90.844405,0.000000
1.552163,0.022382,-0.001486,0.064426,-0.083317,117.193559,91.225622,0.000000
1.553175,0.022513,-0.001769,0.064674,-0.083540,117.275163,91.603021,0.000000
1.554188,0.022645,-0.002049,0.064920,-0.083761,117.355632,91.976524,0.000000
1.555200,0.022778,-0.002324,0.065166,-0.083977,117.434961,92.346056,0.000000
1.556213,0.022911,-0.002595,0.065411,-0.084190,117.513146,92.711541,0.000000
1.557225,0.023045,-0.002861,0.065654,-0.084399,117.590184,93.072905,0.000000
1.558238,0.023179,-0.003123,0.065896,-0.084605,117.666069,93.430073,0.000000
1.559250,0.023313,-0.003381,0.066137,-0.084807,117.740800,93.782974,0.000000
1.560263,0.023447,-0.003634,0.066375,-0.085005,117.814371,94.131535,0.000000
1.561275,0.023582,-0.003883,0.066613,-0.085199,117.886779,94.475684,0.000000
1.562288,0.023716,-0.004127,0.066848,-0.085390,117.958020,94.815353,0.000000
1.563300,0.023851,-0.004367,0.067082,-0.085577,118.028091,95.150471,0.000000
1.564313,0.023985,-0.004602,0.067313,-0.085760,118.096988,95.480970,0.000000
1.565325,0.024118,-0.004833,0.067543,-0.085940,118.164708,95.806784,0.000000
1.566338,0.024251,-0.005059,0.067770,-0.086116,118.231246,96.127844,0.000000
1.567350,0.024384,-0.005281,0.067995,-0.086288,118.296601,96.444087,0.000000
1.568363,0.024516,-0.005499,0.068218,-0.086456,118.360767,96.755447,0.000000
1.569375,0.024647,-0.005712,0.068438,-0.086621,118.423743,97.061861,0.000000
1.570388,0.024777,-0.005920,0.068655,-0.086782,118.485525,97.363267,0.000000
1.571400,0.024906,-0.006124,0.068870,-0.086940,118.546109,97.659602,0.000000
1.572413,0.025034,-0.006323,0.069082,-0.087093,118.605493,97.950808,0.000000
1.573425,0.025161,-0.006518,0.069291,-0.087244,118.663674,98.236823,0.000000
1.574438,0.025287,-0.006709,0.069497,-0.087390,118.720648,98.517590,0.000000
1.575450,0.025412,-0.006895,0.069700,-0.087533,118.776413,98.793052,0.000000
1.576463,0.025535,-0.007076,0.069899,-0.087672,118.830966,99.063153,0.000000
1.577475,0.025656,-0.007253,0.070096,-0.087808,118.884304,99.327837,0.000000
1.578488,0.025776,-0.007426,0.070289,-0.087940,118.936424,99.587050,0.000000
1.579500,0.025894,-0.007594,0.070479,-0.088069,118.987324,99.840740,0.000000
1.580513,0.026010,-0.007758,0.070665,-0.088194,119.037002,100.088855,0.000000
1.581525,0.026125,-0.007917,0.070847,-0.088315,119.085454,100.331343,0.000000
1.582538,0.026237,-0.008072,0.071026,-0.088434,119.132678,100.568157,0.000000
1.583550,0.026348,-0.008223,0.071201,-0.088548,119.178671,100.799248,0.000000
1.584563,0.026456,-0.008369,0.071372,-0.088659,119.223433,101.024567,0.000000
1.585575,0.026563,-0.008511,0.071539,-0.088767,119.266959,101.244070,0.000000
1.586588,0.026667,-0.008648,0.071703,-0.088871,119.309248,101.457712,0.000000
1.587600,0.026768,-0.008781,0.071862,-0.088972,119.350298,101.665449,0.000000
1.588613,0.026867,-0.008910,0.072017,-0.089070,119.390106,101.867239,0.000000
1.589625,0.026964,-0.009035,0.072168,-0.089164,119.428672,102.063040,0.000000
1.590638,0.027059,-0.009155,0.072314,-0.089255,119.465991,102.252813,0.000000
1.591650,0.027150,-0.009271,0.072456,-0.089342,119.502064,102.436519,0.000000
1.592663,0.027239,-0.009383,0.072594,-0.089426,119.536887,102.614120,0.000000
1.593675,0.027326,-0.009490,0.072727,-0.089507,119.570460,102.785581,0.000000
1.594688,0.027409,-0.009594,0.072856,-0.089585,119.602780,102.950866,0.000000
1.595700,0.027490,-0.009693,0.072980,-0.089660,119.633846,103.109942,0.000000
1.596713,0.027568,-0.009788,0.073099,-0.089731,119.663656,103.262776,0.000000
1.597725,0.027643,-0.009879,0.073214,-0.089799,119.692209,103.409337,0.000000
1.598738,0.027715,-0.009965,0.073324,-0.089864,119.719502,103.549595,0.000000
1.599750,0.027784,-0.010048,0.073429,-0.089926,119.745536,103.683522,0.000000
1.600763,0.027850,-0.010126,0.073530,-0.089984,119.770308,103.811090,0.000000
1.601775,0.027912,-0.010200,0.073625,-0.090040,119.793818,103.932273,0.000000
1.602788,0.027972,-0.010270,0.073716,-0.090092,119.816063,104.047046,0.000000
1.603800,0.028028,-0.010337,0.073802,-0.090141,119.837043,104.155387,0.000000
1.604813,0.028082,-0.010399,0.073882,-0.090188,119.856758,104.257273,0.000000
1.605825,0.028131,-0.010456,0.073958,-0.090231,119.875205,104.352683,0.000000
1.606838,0.028178,-0.010510,0.074028,-0.090271,119.892383,104.441598,0.000000
1.607850,0.028221,-0.010560,0.074094,-0.090308,119.908293,104.524000,0.000000
1.608863,0.028261,-0.010606,0.074154,-0.090342,119.922933,104.599871,0.000000
1.609875,0.028298,-0.010648,0.074209,-0.090373,119.936303,104.669197,0.000000
1.610888,0.028331,-0.010686,0.074259,-0.090401,119.948401,104.731963,0.000000
1.611900,0.028361,-0.010720,0.074304,-0.090427,119.959228,104.788156,0.000000
1.612913,0.028387,-0.010749,0.074343,-0.090449,119.968782,104.837766,0.000000
1.613925,0.028410,-0.010775,0.074378,-0.090468,119.977063,104.880781,0.000000
1.614938,0.028429,-0.010797,0.074407,-0.090484,119.984071,104.917194,0.000000
1.615950,0.028445,-0.010815,0.074431,-0.090497,119.989805,104.946996,0.000000
1.616963,0.028457,-0.010829,0.074449,-0.090508,119.994265,104.970182,0.000000
1.617975,0.028466,-0.010839,0.074462,-0.090515,119.997451,104.986746,0.000000
1.618988,0.028471,-0.010845,0.074470,-0.090519,119.999363,104.996686,0.000000
1.620000,0.028473,-0.010847,0.074473,-0.090521,120.000000,105.000000,1.000000
1.621013,0.028473,-0.010846,0.074471,-0.090521,119.999048,105.000000,1.000000
1.622025,0.028472,-0.010844,0.074467,-0.090522,119.996192,105.000000,1.000000
1.623038,0.028471,-0.010841,0.074459,-0.090523,119.991433,105.000000,1.000000
1.624050,0.028469,-0.010837,0.074448,-0.090524,119.984771,105.000000,1.000000
1.625063,0.028467,-0.010832,0.074434,-0.090526,119.976206,105.000000,1.000000
1.626075,0.028464,-0.010826,0.074416,-0.090528,119.965738,105.000000,1.000000
1.627088,0.028461,-0.010818,0.074396,-0.090530,119.953370,105.000000,1.000000
1.628100,0.028457,-0.010809,0.074372,-0.090533,119.939101,105.000000,1.000000
1.629113,0.028453,-0.010800,0.074346,-0.090536,119.922933,105.000000,1.000000
1.630125,0.028448,-0.010789,0.074316,-0.090539,119.904867,105.000000,1.000000
1.631138,0.028443,-0.010776,0.074283,-0.090543,119.884905,105.000000,1.000000
1.632150,0.028437,-0.010763,0.074247,-0.090547,119.863047,105.000000,1.000000
1.633163,0.028431,-0.010749,0.074208,-0.090552,119.839296,105.000000,1.000000
1.634175,0.028425,-0.010733,0.074165,-0.090556,119.813654,105.000000,1.000000
1.635188,0.028418,-0.010716,0.074120,-0.090562,119.786122,105.000000,1.000000
1.636200,0.028410,-0.010698,0.074071,-0.090567,119.756702,105.000000,1.000000
1.637213,0.028402,-0.010679,0.074020,-0.090573,119.725397,105.000000,1.000000
1.638225,0.028394,-0.010659,0.073965,-0.090579,119.692209,105.000000,1.000000
1.639238,0.028385,-0.010637,0.073907,-0.090585,119.657140,105.000000,1.000000
1.640250,0.028375,-0.010615,0.073846,-0.090592,119.620194,105.000000,1.000000
1.641263,0.028365,-0.010591,0.073782,-0.090599,119.581373,105.000000,1.000000
1.642275,0.028355,-0.010566,0.073715,-0.090607,119.540680,105.000000,1.000000
1.643288,0.028344,-0.010540,0.073644,-0.090614,119.498118,105.000000,1.000000
1.644300,0.028333,-0.010513,0.073571,-0.090622,119.453690,105.000000,1.000000
1.645313,0.028321,-0.010485,0.073495,-0.090630,119.407400,105.000000,1.000000
1.646325,0.028309,-0.010455,0.073415,-0.090639,119.359252,105.000000,1.000000
1.647338,0.028296,-0.010424,0.073333,-0.090648,119.309248,105.000000,1.000000
1.648350,0.028283,-0.010393,0.073247,-0.090656,119.257393,105.000000,1.000000
1.649363,0.028270,-0.010360,0.073158,-0.090666,119.203691,105.000000,1.000000
1.650375,0.028256,-0.010326,0.073066,-0.090675,119.148146,105.000000,1.000000
1.651388,0.028242,-0.010290,0.072972,-0.090685,119.090761,105.000000,1.000000
1.652400,0.028227,-0.010254,0.072874,-0.090695,119.031542,105.000000,1.000000
1.653413,0.028212,-0.010217,0.072773,-0.090705,118.970493,105.000000,1.000000
1.654425,0.028196,-0.010178,0.072669,-0.090715,118.907619,105.000000,1.000000
1.655438,0.028180,-0.010138,0.072562,-0.090725,118.842924,105.000000,1.000000
1.656450,0.028164,-0.010097,0.072452,-0.090736,118.776413,105.000000,1.000000
1.657463,0.028147,-0.010055,0.072339,-0.090747,118.708091,105.000000,1.000000
1.658475,0.028130,-0.010012,0.072223,-0.090757,118.637964,105.000000,1.000000
1.659488,0.028112,-0.009968,0.072104,-0.090768,118.566037,105.000000,1.000000
1.660500,0.028094,-0.009922,0.071982,-0.090780,118.492316,105.000000,1.000000
1.661513,0.028076,-0.009876,0.071857,-0.090791,118.416805,105.000000,1.000000
1.662525,0.028057,-0.009828,0.071729,-0.090802,118.339511,105.000000,1.000000
1.663538,0.028038,-0.009779,0.071598,-0.090813,118.260439,105.000000,1.000000
1.664550,0.028019,-0.009730,0.071465,-0.090825,118.179596,105.000000,1.000000
1.665563,0.027999,-0.009679,0.071328,-0.090837,118.096988,105.000000,1.000000
1.666575,0.027979,-0.009626,0.071188,-0.090848,118.012621,105.000000,1.000000
1.667588,0.027959,-0.009573,0.071046,-0.090860,117.926502,105.000000,1.000000
1.668600,0.027938,-0.009519,0.070900,-0.090871,117.838636,105.000000,1.000000
1.669613,0.027917,-0.009463,0.070752,-0.090883,117.749032,105.000000,1.000000
1.670625,0.027895,-0.009407,0.070601,-0.090894,117.657695,105.000000,1.000000
1.671638,0.027874,-0.009349,0.070446,-0.090906,117.564632,105.000000,1.000000
1.672650,0.027851,-0.009290,0.070289,-0.090918,117.469851,105.000000,1.000000
1.673663,0.027829,-0.009230,0.070130,-0.090929,117.373359,105.000000,1.000000
1.674675,0.027807,-0.009169,0.069967,-0.090940,117.275163,105.000000,1.000000
1.675688,0.027784,-0.009107,0.069801,-0.090952,117.175271,105.000000,1.000000
1.676700,0.027760,-0.009044,0.069633,-0.090963,117.073690,105.000000,1.000000
1.677713,0.027737,-0.008980,0.069462,-0.090974,116.970428,105.000000,1.000000
1.678725,0.027713,-0.008915,0.069288,-0.090985,116.865493,105.000000,1.000000
1.679738,0.027689,-0.008848,0.069111,-0.090996,116.758892,105.000000,1.000000
1.680750,0.027665,-0.008781,0.068932,-0.091006,116.650635,105.000000,1.000000
1.681763,0.027641,-0.008712,0.068749,-0.091017,116.540729,105.000000,1.000000
1.682775,0.027616,-0.008642,0.068564,-0.091027,116.429183,105.000000,1.000000
1.683788,0.027591,-0.008572,0.068377,-0.091037,116.316004,105.000000,1.000000
1.684800,0.027566,-0.008500,0.068186,-0.091047,116.201202,105.000000,1.000000
1.685813,0.027541,-0.008427,0.067993,-0.091056,116.084786,105.000000,1.000000
1.686825,0.027515,-0.008353,0.067797,-0.091066,115.966764,105.000000,1.000000
1.687838,0.027489,-0.008278,0.067599,-0.091075,115.847146,105.000000,1.000000
1.688850,0.027463,-0.008202,0.067398,-0.091083,115.725939,105.000000,1.000000
1.689863,0.027437,-0.008125,0.067194,-0.091092,115.603155,105.000000,1.000000
1.690875,0.027411,-0.008047,0.066987,-0.091100,115.478801,105.000000,1.000000
1.691888,0.027385,-0.007968,0.066778,-0.091107,115.352888,105.000000,1.000000
1.692900,0.027358,-0.007888,0.066567,-0.091115,115.225425,105.000000,1.000000
1.693913,0.027332,-0.007807,0.066353,-0.091121,115.096422,105.000000,1.000000
1.694925,0.027305,-0.007725,0.066136,-0.091128,114.965888,105.000000,1.000000
1.695938,0.027278,-0.007641,0.065917,-0.091134,114.833834,105.000000,1.000000
1.696950,0.027251,-0.007557,0.065695,-0.091140,114.700269,105.000000,1.000000
1.697963,0.027224,-0.007472,0.065471,-0.091145,114.565204,105.000000,1.000000
1.698975,0.027196,-0.007386,0.065244,-0.091149,114.428649,105.000000,1.000000
1.699988,0.027169,-0.007298,0.065015,-0.091154,114.290615,105.000000,1.000000
1.701000,0.027142,-0.007210,0.064783,-0.091157,114.151111,105.000000,1.000000
1.702013,0.027114,-0.007121,0.064549,-0.091160,114.010149,105.000000,1.000000
1.703025,0.027087,-0.007031,0.064312,-0.091163,113.867740,105.000000,1.000000
1.704038,0.027059,-0.006939,0.064073,-0.091165,113.723893,105.000000,1.000000
1.705050,0.027032,-0.006847,0.063832,-0.091166,113.578621,105.000000,1.000000
1.706063,0.027004,-0.006754,0.063589,-0.091167,113.431933,105.000000,1.000000
1.707075,0.026976,-0.006660,0.063343,-0.091167,113.283843,105.000000,1.000000
1.708088,0.026949,-0.006565,0.063094,-0.091167,113.134359,105.000000,1.000000
1.709100,0.026921,-0.006469,0.062844,-0.091166,112.983495,105.000000,1.000000
1.710113,0.026893,-0.006372,0.062591,-0.091164,112.831261,105.000000,1.000000
1.711125,0.026865,-0.006274,0.062336,-0.091161,112.677670,105.000000,1.000000
1.712138,0.026838,-0.006175,0.062078,-0.091158,112.522732,105.000000,1.000000
1.713150,0.026810,-0.006075,0.061819,-0.091154,112.366459,105.000000,1.000000
1.714163,0.026783,-0.005975,0.061557,-0.091149,112.208864,105.000000,1.000000
1.715175,0.026755,-0.005873,0.061293,-0.091144,112.049959,105.000000,1.000000
1.716188,0.026728,-0.005771,0.061027,-0.091138,111.889755,105.000000,1.000000
1.717200,0.026700,-0.005667,0.060759,-0.091131,111.728265,105.000000,1.000000
1.718213,0.026673,-0.005563,0.060489,-0.091123,111.565501,105.000000,1.000000
1.719225,0.026646,-0.005458,0.060217,-0.091114,111.401476,105.000000,1.000000
1.720238,0.026619,-0.005352,0.059942,-0.091104,111.236201,105.000000,1.000000
1.721250,0.026592,-0.005245,0.059666,-0.091094,111.069690,105.000000,1.000000
1.722263,0.026565,-0.005137,0.059387,-0.091083,110.901956,105.000000,1.000000
1.723275,0.026538,-0.005028,0.059107,-0.091070,110.733010,105.000000,1.000000
1.724288,0.026511,-0.004919,0.058825,-0.091057,110.562866,105.000000,1.000000
1.725300,0.026485,-0.004808,0.058541,-0.091043,110.391537,105.000000,1.000000
1.726313,0.026458,-0.004697,0.058254,-0.091028,110.219036,105.000000,1.000000
1.727325,0.026432,-0.004585,0.057966,-0.091012,110.045376,105.000000,1.000000
1.728338,0.026406,-0.004472,0.057677,-0.090995,109.870570,105.000000,1.000000
1.729350,0.026380,-0.004359,0.057385,-0.090977,109.694631,105.000000,1.000000
1.730363,0.026355,-0.004244,0.057091,-0.090958,109.517574,105.000000,1.000000
1.731375,0.026329,-0.004129,0.056796,-0.090938,109.339411,105.000000,1.000000
1.732388,0.026304,-0.004013,0.056499,-0.090917,109.160156,105.000000,1.000000
1.733400,0.026279,-0.003896,0.056201,-0.090895,108.979823,105.000000,1.000000
1.734413,0.026254,-0.003779,0.055900,-0.090871,108.798425,105.000000,1.000000
1.735425,0.026230,-0.003660,0.055598,-0.090847,108.615976,105.000000,1.000000
1.736438,0.026205,-0.003541,0.055294,-0.090821,108.432490,105.000000,1.000000
1.737450,0.026181,-0.003422,0.054989,-0.090795,108.247982,105.000000,1.000000
1.738463,0.026157,-0.003301,0.054682,-0.090767,108.062464,105.000000,1.000000
1.739475,0.026134,-0.003180,0.054374,-0.090738,107.875952,105.000000,1.000000
1.740488,0.026110,-0.003058,0.054064,-0.090708,107.688459,105.000000,1.000000
1.741500,0.026087,-0.002935,0.053752,-0.090677,107.500000,105.000000,1.000000
1.742513,0.026065,-0.002812,0.053439,-0.090645,107.310589,105.000000,1.000000
1.743525,0.026042,-0.002688,0.053125,-0.090611,107.120241,105.000000,1.000000
1.744538,0.026020,-0.002563,0.052809,-0.090576,106.928969,105.000000,1.000000
1.745550,0.025998,-0.002437,0.052492,-0.090540,106.736789,105.000000,1.000000
1.746563,0.025977,-0.002311,0.052174,-0.090503,106.543715,105.000000,1.000000
1.747575,0.025956,-0.002185,0.051854,-0.090464,106.349762,105.000000,1.000000
1.748588,0.025935,-0.002057,0.051533,-0.090424,106.154945,105.000000,1.000000
1.749600,0.025914,-0.001929,0.051210,-0.090383,105.959279,105.000000,1.000000
1.750613,0.025894,-0.001801,0.050887,-0.090341,105.762777,105.000000,1.000000
1.751625,0.025875,-0.001672,0.050562,-0.090297,105.565457,105.000000,1.000000
1.752638,0.025855,-0.001542,0.050236,-0.090252,105.367331,105.000000,1.000000
1.753650,0.025836,-0.001411,0.049909,-0.090206,105.168416,105.000000,1.000000
1.754663,0.025817,-0.001280,0.049580,-0.090159,104.968727,105.000000,1.000000
1.755675,0.025799,-0.001149,0.049251,-0.090110,104.768278,105.000000,1.000000
1.756688,0.025781,-0.001017,0.048921,-0.090059,104.567086,105.000000,1.000000
1.757700,0.025764,-0.000884,0.048589,-0.090008,104.365165,105.000000,1.000000
1.758713,0.025747,-0.000751,0.048257,-0.089955,104.162531,105.000000,1.000000
1.759725,0.025730,-0.000617,0.047924,-0.089900,103.959199,105.000000,1.000000
1.760738,0.025714,-0.000483,0.047589,-0.089845,103.755185,105.000000,1.000000
1.761750,0.025698,-0.000349,0.047254,-0.089788,103.550504,105.000000,1.000000
1.762763,0.025683,-0.000213,0.046918,-0.089729,103.345171,105.000000,1.000000
1.763775,0.025668,-0.000078,0.046581,-0.089669,103.139204,105.000000,1.000000
1.764788,0.025654,0.000058,0.046244,-0.089608,102.932616,105.000000,1.000000
1.765800,0.025640,0.000195,0.045905,-0.089545,102.725425,105.000000,1.000000
1.766813,0.025626,0.000332,0.045566,-0.089481,102.517645,105.000000,1.000000
1.767825,0.025613,0.000469,0.045226,-0.089416,102.309293,105.000000,1.000000
1.768838,0.025600,0.000607,0.044886,-0.089349,102.100384,105.000000,1.000000
1.769850,0.025588,0.000745,0.044545,-0.089281,101.890934,105.000000,1.000000
1.770863,0.025577,0.000884,0.044203,-0.089211,101.680959,105.000000,1.000000
1.771875,0.025565,0.001023,0.043861,-0.089140,101.470476,105.000000,1.000000
1.772888,0.025555,0.001162,0.043518,-0.089067,101.259500,105.000000,1.000000
1.773900,0.025544,0.001302,0.043175,-0.088993,101.048047,105.000000,1.000000
1.774913,0.025535,0.001442,0.042831,-0.088918,100.836134,105.000000,1.000000
1.775925,0.025525,0.001582,0.042486,-0.088841,100.623776,105.000000,1.000000
1.776938,0.025517,0.001723,0.042142,-0.088763,100.410990,105.000000,1.000000
1.777950,0.025509,0.001864,0.041797,-0.088683,100.197792,105.000000,1.000000
1.778963,0.025501,0.002005,0.041451,-0.088602,99.984198,105.000000,1.000000
1.779975,0.025494,0.002147,0.041106,-0.088519,99.770225,105.000000,1.000000
1.780988,0.025487,0.002288,0.040760,-0.088435,99.555888,105.000000,1.000000
1.782000,0.025481,0.002430,0.040414,-0.088350,99.341204,105.000000,1.000000
1.783013,0.025475,0.002573,0.040067,-0.088263,99.126190,105.000000,1.000000
1.784025,0.025470,0.002715,0.039721,-0.088174,98.910862,105.000000,1.000000
1.785038,0.025466,0.002858,0.039374,-0.088085,98.695235,105.000000,1.000000
1.786050,0.025461,0.003001,0.039027,-0.087993,98.479328,105.000000,1.000000
1.787063,0.025458,0.003144,0.038680,-0.087901,98.263155,105.000000,1.000000
1.788075,0.025455,0.003287,0.038333,-0.087807,98.046734,105.000000,1.000000
1.789088,0.025453,0.003431,0.037986,-0.087711,97.830080,105.000000,1.000000
1.790100,0.025451,0.003575,0.037639,-0.087614,97.613212,105.000000,1.000000
1.791113,0.025449,0.003718,0.037292,-0.087516,97.396144,105.000000,1.000000
1.792125,0.025449,0.003862,0.036946,-0.087417,97.178894,105.000000,1.000000
1.793138,0.025448,0.004006,0.036599,-0.087315,96.961477,105.000000,1.000000
1.794150,0.025449,0.004150,0.036252,-0.087213,96.743912,105.000000,1.000000
1.795163,0.025449,0.004295,0.035906,-0.087109,96.526213,105.000000,1.000000
1.796175,0.025451,0.004439,0.035560,-0.087004,96.308399,105.000000,1.000000
1.797188,0.025453,0.004583,0.035214,-0.086898,96.090485,105.000000,1.000000
1.798200,0.025455,0.004728,0.034868,-0.086790,95.872487,105.000000,1.000000
1.799213,0.025458,0.004872,0.034523,-0.086680,95.654424,105.000000,1.000000
1.800225,0.025462,0.005016,0.034178,-0.086570,95.436310,105.000000,1.000000
1.801238,0.025466,0.005161,0.033833,-0.086458,95.218163,105.000000,1.000000
1.802250,0.025471,0.005305,0.033489,-0.086345,95.000000,105.000000,1.000000
1.803263,0.025476,0.005450,0.033145,-0.086230,94.781837,105.000000,1.000000
1.804275,0.025482,0.005594,0.032802,-0.086114,94.563690,105.000000,1.000000
1.805288,0.025488,0.005738,0.032459,-0.085997,94.345576,105.000000,1.000000
1.806300,0.025495,0.005883,0.032117,-0.085879,94.127513,105.000000,1.000000
1.807313,0.025503,0.006027,0.031775,-0.085759,93.909515,105.000000,1.000000
1.808325,0.025510,0.006171,0.031434,-0.085638,93.691601,105.000000,1.000000
1.809338,0.025519,0.006315,0.031093,-0.085516,93.473787,105.000000,1.000000
1.810350,0.025528,0.006459,0.030754,-0.085393,93.256088,105.000000,1.000000
1.811363,0.025538,0.006603,0.030414,-0.085268,93.038523,105.000000,1.000000
1.812375,0.025548,0.006746,0.030076,-0.085142,92.821106,105.000000,1.000000
1.813388,0.025559,0.006890,0.029738,-0.085015,92.603856,105.000000,1.000000
1.814400,0.025570,0.007033,0.029401,-0.084887,92.386788,105.000000,1.000000
1.815413,0.025582,0.007176,0.029065,-0.084758,92.169920,105.000000,1.000000
1.816425,0.025594,0.007319,0.028730,-0.084627,91.953266,105.000000,1.000000
1.817438,0.025607,0.007462,0.028395,-0.084496,91.736845,105.000000,1.000000
1.818450,0.025620,0.007605,0.028061,-0.084363,91.520672,105.000000,1.000000
1.819463,0.025634,0.007747,0.027729,-0.084229,91.304765,105.000000,1.000000
1.820475,0.025648,0.007889,0.027397,-0.084094,91.089138,105.000000,1.000000
1.821488,0.025663,0.008031,0.027066,-0.083958,90.873810,105.000000,1.000000
1.822500,0.025678,0.008173,0.026736,-0.083821,90.658796,105.000000,1.000000
1.823513,0.025694,0.008314,0.026407,-0.083683,90.444112,105.000000,1.000000
1.824525,0.025711,0.008455,0.026080,-0.083544,90.229775,105.000000,1.000000
1.825538,0.025728,0.008596,0.025753,-0.083404,90.015802,105.000000,1.000000
1.826550,0.025745,0.008736,0.025427,-0.083263,89.802208,105.000000,1.000000
1.827563,0.025763,0.008876,0.025103,-0.083121,89.589010,105.000000,1.000000
1.828575,0.025781,0.009016,0.024780,-0.082979,89.376224,105.000000,1.000000
1.829588,0.025800,0.009155,0.024458,-0.082835,89.163866,105.000000,1.000000
1.830600,0.025819,0.009294,0.024137,-0.082690,88.951953,105.000000,1.000000
1.831613,0.025839,0.009433,0.023817,-0.082545,88.740500,105.000000,1.000000
1.832625,0.025859,0.009571,0.023499,-0.082398,88.529524,105.000000,1.000000
1.833638,0.025880,0.009709,0.023181,-0.082251,88.319041,105.000000,1.000000
1.834650,0.025901,0.009847,0.022866,-0.082103,88.109066,105.000000,1.000000
1.835663,0.025923,0.009984,0.022551,-0.081955,87.899616,105.000000,1.000000
1.836675,0.025945,0.010120,0.022238,-0.081805,87.690707,105.000000,1.000000
1.837688,0.025968,0.010256,0.021926,-0.081655,87.482355,105.000000,1.000000
1.838700,0.025991,0.010392,0.021616,-0.081504,87.274575,105.000000,1.000000
1.839713,0.026014,0.010527,0.021307,-0.081352,87.067384,105.000000,1.000000
1.840725,0.026038,0.010662,0.021000,-0.081200,86.860796,105.000000,1.000000
1.841738,0.026062,0.010796,0.020694,-0.081047,86.654829,105.000000,1.000000
1.842750,0.026086,0.010930,0.020389,-0.080893,86.449496,105.000000,1.000000
1.843763,0.026111,0.011063,0.020086,-0.080739,86.244815,105.000000,1.000000
1.844775,0.026137,0.011196,0.019785,-0.080584,86.040801,105.000000,1.000000
1.845788,0.026163,0.011328,0.019485,-0.080429,85.837469,105.000000,1.000000
1.846800,0.026189,0.011460,0.019186,-0.080273,85.634835,105.000000,1.000000
1.847813,0.026215,0.011591,0.018890,-0.080117,85.432914,105.000000,1.000000
1.848825,0.026242,0.011722,0.018595,-0.079960,85.231722,105.000000,1.000000
1.849838,0.026269,0.011852,0.018301,-0.079803,85.031273,105.000000,1.000000
1.850850,0.026297,0.011981,0.018009,-0.079645,84.831584,105.000000,1.000000
1.851863,0.026325,0.012110,0.017719,-0.079487,84.632669,105.000000,1.000000
1.852875,0.026353,0.012238,0.017431,-0.079329,84.434543,105.000000,1.000000
1.853888,0.026382,0.012365,0.017144,-0.079170,84.237223,105.000000,1.000000
1.854900,0.026411,0.012492,0.016859,-0.079011,84.040721,105.000000,1.000000
1.855913,0.026440,0.012619,0.016576,-0.078851,83.845055,105.000000,1.000000
1.856925,0.026469,0.012744,0.016294,-0.078691,83.650238,105.000000,1.000000
1.857938,0.026499,0.012869,0.016015,-0.078532,83.456285,105.000000,1.000000
1.858950,0.026529,0.012993,0.015737,-0.078371,83.263211,105.000000,1.000000
1.859963,0.026560,0.013117,0.015461,-0.078211,83.071031,105.000000,1.000000
1.860975,0.026590,0.013240,0.015187,-0.078051,82.879759,105.000000,1.000000
1.861988,0.026621,0.013362,0.014914,-0.077890,82.689411,105.000000,1.000000
1.863000,0.026652,0.013484,0.014644,-0.077729,82.500000,105.000000,1.000000
1.864013,0.026684,0.013605,0.014375,-0.077568,82.311541,105.000000,1.000000
1.865025,0.026715,0.013725,0.014109,-0.077408,82.124048,105.000000,1.000000
1.866038,0.026747,0.013844,0.013844,-0.077247,81.937536,105.000000,1.000000
1.867050,0.026779,0.013963,0.013581,-0.077086,81.752018,105.000000,1.000000
1.868063,0.026812,0.014081,0.013320,-0.076925,81.567510,105.000000,1.000000
1.869075,0.026844,0.014198,0.013061,-0.076764,81.384024,105.000000,1.000000
1.870088,0.026877,0.014314,0.012805,-0.076603,81.201575,105.000000,1.000000
1.871100,0.026910,0.014430,0.012550,-0.076443,81.020177,105.000000,1.000000
1.872113,0.026943,0.014544,0.012297,-0.076282,80.839844,105.000000,1.000000
1.873125,0.026976,0.014658,0.012046,-0.076122,80.660589,105.000000,1.000000
1.874138,0.027009,0.014772,0.011797,-0.075962,80.482426,105.000000,1.000000
1.875150,0.027043,0.014884,0.011550,-0.075802,80.305369,105.000000,1.000000
1.876163,0.027076,0.014996,0.011305,-0.075643,80.129430,105.000000,1.000000
1.877175,0.027110,0.015106,0.011062,-0.075483,79.954624,105.000000,1.000000
1.878188,0.027144,0.015216,0.010822,-0.075324,79.780964,105.000000,1.000000
1.879200,0.027178,0.015325,0.010583,-0.075166,79.608463,105.000000,1.000000
1.880213,0.027212,0.015434,0.010347,-0.075007,79.437134,105.000000,1.000000
1.881225,0.027246,0.015541,0.010112,-0.074849,79.266990,105.000000,1.000000
1.882238,0.027280,0.015648,0.009880,-0.074692,79.098044,105.000000,1.000000
1.883250,0.027314,0.015753,0.009650,-0.074535,78.930310,105.000000,1.000000
1.884263,0.027348,0.015858,0.009422,-0.074378,78.763799,105.000000,1.000000
1.885275,0.027383,0.015962,0.009196,-0.074222,78.598524,105.000000,1.000000
1.886288,0.027417,0.016065,0.008972,-0.074067,78.434499,105.000000,1.000000
1.887300,0.027452,0.016167,0.008751,-0.073912,78.271735,105.000000,1.000000
1.888313,0.027486,0.016269,0.008531,-0.073758,78.110245,105.000000,1.000000
1.889325,0.027521,0.016369,0.008314,-0.073604,77.950041,105.000000,1.000000
1.890338,0.027555,0.016468,0.008099,-0.073451,77.791136,105.000000,1.000000
1.891350,0.027589,0.016567,0.007886,-0.073298,77.633541,105.000000,1.000000
1.892363,0.027624,0.016665,0.007676,-0.073147,77.477268,105.000000,1.000000
1.893375,0.027658,0.016761,0.007467,-0.072996,77.322330,105.000000,1.000000
1.894388,0.027693,0.016857,0.007261,-0.072846,77.168739,105.000000,1.000000
1.895400,0.027727,0.016952,0.007057,-0.072696,77.016505,105.000000,1.000000
1.896413,0.027761,0.017046,0.006855,-0.072547,76.865641,105.000000,1.000000
1.897425,0.027795,0.017139,0.006656,-0.072400,76.716157,105.000000,1.000000
1.898438,0.027829,0.017231,0.006459,-0.072253,76.568067,105.000000,1.000000
1.899450,0.027863,0.017322,0.006264,-0.072107,76.421379,105.000000,1.000000
1.900463,0.027897,0.017412,0.006071,-0.071962,76.276107,105.000000,1.000000
1.901475,0.027931,0.017501,0.005880,-0.071817,76.132260,105.000000,1.000000
1.902488,0.027965,0.017589,0.005692,-0.071674,75.989851,105.000000,1.000000
1.903500,0.027998,0.017676,0.005506,-0.071532,75.848889,105.000000,1.000000
1.904513,0.028032,0.017762,0.005322,-0.071391,75.709385,105.000000,1.000000
1.905525,0.028065,0.017847,0.005141,-0.071251,75.571351,105.000000,1.000000
1.906538,0.028098,0.017932,0.004962,-0.071112,75.434796,105.000000,1.000000
1.907550,0.028131,0.018015,0.004785,-0.070974,75.299731,105.000000,1.000000
1.908563,0.028164,0.018097,0.004610,-0.070837,75.166166,105.000000,1.000000
1.909575,0.028196,0.018178,0.004438,-0.070701,75.034112,105.000000,1.000000
1.910588,0.028229,0.018258,0.004268,-0.070567,74.903578,105.000000,1.000000
1.911600,0.028261,0.018337,0.004100,-0.070433,74.774575,105.000000,1.000000
1.912613,0.028293,0.018416,0.003935,-0.070301,74.647112,105.000000,1.000000
1.913625,0.028325,0.018493,0.003771,-0.070170,74.521199,105.000000,1.000000
1.914638,0.028356,0.018569,0.003611,-0.070041,74.396845,105.000000,1.000000
1.915650,0.028387,0.018644,0.003452,-0.069912,74.274061,105.000000,1.000000
1.916663,0.028418,0.018718,0.003296,-0.069785,74.152854,105.000000,1.000000
1.917675,0.028449,0.018791,0.003142,-0.069660,74.033236,105.000000,1.000000
1.918688,0.028480,0.018863,0.002990,-0.069536,73.915214,105.000000,1.000000
1.919700,0.028510,0.018934,0.002841,-0.069413,73.798798,105.000000,1.000000
1.920713,0.028540,0.019004,0.002694,-0.069291,73.683996,105.000000,1.000000
1.921725,0.028570,0.019073,0.002549,-0.069171,73.570817,105.000000,1.000000
1.922738,0.028599,0.019140,0.002407,-0.069053,73.459271,105.000000,1.000000
1.923750,0.028628,0.019207,0.002267,-0.068935,73.349365,105.000000,1.000000
1.924763,0.028657,0.019273,0.002129,-0.068820,73.241108,105.000000,1.000000
1.925775,0.028686,0.019337,0.001994,-0.068706,73.134507,105.000000,1.000000
1.926788,0.028714,0.019401,0.001861,-0.068593,73.029572,105.000000,1.000000
1.927800,0.028741,0.019463,0.001730,-0.068482,72.926310,105.000000,1.000000
1.928813,0.028769,0.019525,0.001602,-0.068373,72.824729,105.000000,1.000000
1.929825,0.028796,0.019585,0.001476,-0.068265,72.724837,105.000000,1.000000
1.930838,0.028823,0.019644,0.001352,-0.068158,72.626641,105.000000,1.000000
1.931850,0.028849,0.019703,0.001230,-0.068054,72.530149,105.000000,1.000000
1.932863,0.028875,0.019760,0.001111,-0.067951,72.435368,105.000000,1.000000
1.933875,0.028901,0.019816,0.000995,-0.067850,72.342305,105.000000,1.000000
1.934888,0.028926,0.019871,0.000880,-0.067750,72.250968,105.000000,1.000000
1.935900,0.028951,0.019925,0.000768,-0.067652,72.161364,105.000000,1.000000
1.936913,0.028975,0.019977,0.000658,-0.067556,72.073498,105.000000,1.000000
1.937925,0.029000,0.020029,0.000551,-0.067462,71.987379,105.000000,1.000000
1.938938,0.029023,0.020080,0.000446,-0.067369,71.903012,105.000000,1.000000
1.939950,0.029046,0.020129,0.000343,-0.067278,71.820404,105.000000,1.000000
1.940963,0.029069,0.020178,0.000242,-0.067189,71.739561,105.000000,1.000000
1.941975,0.029092,0.020225,0.000144,-0.067102,71.660489,105.000000,1.000000
1.942988,0.029113,0.020271,0.000048,-0.067017,71.583195,105.000000,1.000000
1.944000,0.029135,0.020317,-0.000045,-0.066933,71.507684,105.000000,1.000000
1.945013,0.029156,0.020361,-0.000137,-0.066851,71.433963,105.000000,1.000000
1.946025,0.029177,0.020404,-0.000226,-0.066772,71.362036,105.000000,1.000000
1.947038,0.029197,0.020446,-0.000312,-0.066694,71.291909,105.000000,1.000000
1.948050,0.029216,0.020486,-0.000396,-0.066618,71.223587,105.000000,1.000000
1.949063,0.029235,0.020526,-0.000478,-0.066543,71.157076,105.000000,1.000000
1.950075,0.029254,0.020565,-0.000558,-0.066471,71.092381,105.000000,1.000000
1.951088,0.029272,0.020602,-0.000635,-0.066401,71.029507,105.000000,1.000000
1.952100,0.029290,0.020638,-0.000710,-0.066333,70.968458,105.000000,1.000000
1.953113,0.029307,0.020674,-0.000783,-0.066267,70.909239,105.000000,1.000000
1.954125,0.029324,0.020708,-0.000853,-0.066202,70.851854,105.000000,1.000000
1.955138,0.029340,0.020741,-0.000921,-0.066140,70.796309,105.000000,1.000000
1.956150,0.029356,0.020773,-0.000987,-0.066080,70.742607,105.000000,1.000000
1.957163,0.029371,0.020804,-0.001050,-0.066021,70.690752,105.000000,1.000000
1.958175,0.029386,0.020833,-0.001111,-0.065965,70.640748,105.000000,1.000000
1.959188,0.029400,0.020862,-0.001170,-0.065911,70.592600,105.000000,1.000000
1.960200,0.029414,0.020889,-0.001227,-0.065859,70.546310,105.000000,1.000000
1.961213,0.029427,0.020916,-0.001281,-0.065808,70.501882,105.000000,1.000000
1.962225,0.029439,0.020941,-0.001333,-0.065760,70.459320,105.000000,1.000000
1.963238,0.029451,0.020965,-0.001382,-0.065714,70.418627,105.000000,1.000000
1.964250,0.029463,0.020988,-0.001429,-0.065670,70.379806,105.000000,1.000000
1.965263,0.029474,0.021010,-0.001474,-0.065629,70.342860,105.000000,1.000000
1.966275,0.029484,0.021031,-0.001517,-0.065589,70.307791,105.000000,1.000000
1.967288,0.029494,0.021050,-0.001557,-0.065551,70.274603,105.000000,1.000000
1.968300,0.029503,0.021069,-0.001595,-0.065516,70.243298,105.000000,1.000000
1.969313,0.029512,0.021086,-0.001631,-0.065482,70.213878,105.000000,1.000000
1.970325,0.029520,0.021102,-0.001664,-0.065451,70.186346,105.000000,1.000000
1.971338,0.029528,0.021118,-0.001695,-0.065422,70.160704,105.000000,1.000000
1.972350,0.029535,0.021132,-0.001724,-0.065395,70.136953,105.000000,1.000000
1.973363,0.029542,0.021145,-0.001751,-0.065370,70.115095,105.000000,1.000000
1.974375,0.029548,0.021156,-0.001775,-0.065347,70.095133,105.000000,1.000000
1.975388,0.029553,0.021167,-0.001797,-0.065327,70.077067,105.000000,1.000000
1.976400,0.029558,0.021177,-0.001816,-0.065309,70.060899,105.000000,1.000000
1.977413,0.029562,0.021185,-0.001833,-0.065292,70.046630,105.000000,1.000000
1.978425,0.029566,0.021192,-0.001848,-0.065278,70.034262,105.000000,1.000000
1.979438,0.029569,0.021199,-0.001861,-0.065266,70.023794,105.000000,1.000000
1.980450,0.029572,0.021204,-0.001871,-0.065257,70.015229,105.000000,1.000000
1.981463,0.029574,0.021207,-0.001879,-0.065249,70.008567,105.000000,1.000000
1.982475,0.029575,0.021210,-0.001885,-0.065244,70.003808,105.000000,1.000000
1.983488,0.029576,0.021212,-0.001889,-0.065240,70.000952,105.000000,1.000000
1.984500,0.029576,0.021213,-0.001890,-0.065239,70.000000,105.000000,0.000000
1.985513,0.029576,0.021214,-0.001889,-0.065238,70.000637,104.996686,0.000000
1.986525,0.029576,0.021220,-0.001886,-0.065233,70.002549,104.986746,0.000000
1.987538,0.029576,0.021229,-0.001881,-0.065225,70.005735,104.970182,0.000000
1.988550,0.029576,0.021242,-0.001874,-0.065215,70.010195,104.946996,0.000000
1.989563,0.029576,0.021259,-0.001866,-0.065201,70.015929,104.917194,0.000000
1.990575,0.029576,0.021280,-0.001855,-0.065184,70.022937,104.880781,0.000000
1.991588,0.029576,0.021304,-0.001842,-0.065165,70.031218,104.837766,0.000000
1.992600,0.029577,0.021332,-0.001828,-0.065142,70.040772,104.788156,0.000000
1.993613,0.029577,0.021364,-0.001811,-0.065116,70.051599,104.731963,0.000000
1.994625,0.029577,0.021399,-0.001793,-0.065087,70.063697,104.669197,0.000000
1.995638,0.029577,0.021438,-0.001772,-0.065056,70.077067,104.599871,0.000000
1.996650,0.029578,0.021481,-0.001750,-0.065021,70.091707,104.524000,0.000000
1.997663,0.029578,0.021528,-0.001725,-0.064983,70.107617,104.441598,0.000000
1.998675,0.029579,0.021578,-0.001699,-0.064942,70.124795,104.352683,0.000000
1.999688,0.029579,0.021631,-0.001670,-0.064899,70.143242,104.257273,0.000000
2.000700,0.029580,0.021689,-0.001640,-0.064852,70.162957,104.155387,0.000000
2.001713,0.029581,0.021750,-0.001607,-0.064803,70.183937,104.047046,0.000000
2.002725,0.029582,0.021814,-0.001573,-0.064750,70.206182,103.932273,0.000000
2.003738,0.029583,0.021883,-0.001536,-0.064695,70.229692,103.811090,0.000000
2.004750,0.029584,0.021954,-0.001497,-0.064636,70.254464,103.683522,0.000000
2.005763,0.029586,0.022030,-0.001456,-0.064575,70.280498,103.549595,0.000000
2.006775,0.029588,0.022108,-0.001413,-0.064511,70.307791,103.409337,0.000000
2.007788,0.029590,0.022191,-0.001368,-0.064444,70.336344,103.262776,0.000000
2.008800,0.029592,0.022276,-0.001321,-0.064375,70.366154,103.109942,0.000000
2.009813,0.029594,0.022366,-0.001271,-0.064302,70.397220,102.950866,0.000000
2.010825,0.029597,0.022458,-0.001220,-0.064227,70.429540,102.785581,0.000000
2.011838,0.029600,0.022554,-0.001166,-0.064149,70.463113,102.614120,0.000000
2.012850,0.029604,0.022654,-0.001110,-0.064068,70.497936,102.436519,0.000000
2.013863,0.029607,0.022757,-0.001051,-0.063985,70.534009,102.252813,0.000000
2.014875,0.029612,0.022863,-0.000991,-0.063898,70.571328,102.063040,0.000000
2.015888,0.029616,0.022972,-0.000928,-0.063810,70.609894,101.867239,0.000000
2.016900,0.029621,0.023085,-0.000863,-0.063718,70.649702,101.665449,0.000000
2.017913,0.029626,0.023201,-0.000795,-0.063624,70.690752,101.457712,0.000000
2.018925,0.029632,0.023320,-0.000725,-0.063527,70.733041,101.244070,0.000000
2.019938,0.029639,0.023442,-0.000653,-0.063428,70.776567,101.024567,0.000000
2.020950,0.029646,0.023568,-0.000578,-0.063326,70.821329,100.799248,0.000000
2.021963,0.029653,0.023696,-0.000501,-0.063222,70.867322,100.568157,0.000000
2.022975,0.029661,0.023828,-0.000421,-0.063115,70.914546,100.331343,0.000000
2.023988,0.029669,0.023962,-0.000339,-0.063006,70.962998,100.088855,0.000000
2.025000,0.029679,0.024100,-0.000254,-0.062895,71.012676,99.840740,0.000000
2.026013,0.029688,0.024240,-0.000167,-0.062781,71.063576,99.587050,0.000000
2.027025,0.029699,0.024384,-0.000078,-0.062664,71.115696,99.327837,0.000000
2.028038,0.029710,0.024530,0.000015,-0.062546,71.169034,99.063153,0.000000
2.029050,0.029722,0.024679,0.000110,-0.062425,71.223587,98.793052,0.000000
2.030063,0.029735,0.024831,0.000207,-0.062302,71.279352,98.517590,0.000000
2.031075,0.029748,0.024985,0.000307,-0.062177,71.336326,98.236823,0.000000
2.032088,0.029762,0.025142,0.000410,-0.062049,71.394507,97.950808,0.000000
2.033100,0.029777,0.025302,0.000515,-0.061920,71.453891,97.659602,0.000000
2.034113,0.029793,0.025465,0.000623,-0.061788,71.514475,97.363267,0.000000
2.035125,0.029810,0.025630,0.000734,-0.061655,71.576257,97.061861,0.000000
2.036138,0.029828,0.025797,0.000848,-0.061519,71.639233,96.755447,0.000000
2.037150,0.029846,0.025967,0.000964,-0.061382,71.703399,96.444087,0.000000
2.038163,0.029866,0.026139,0.001083,-0.061242,71.768754,96.127844,0.000000
2.039175,0.029886,0.026314,0.001205,-0.061101,71.835292,95.806784,0.000000
2.040188,0.029908,0.026491,0.001330,-0.060958,71.903012,95.480970,0.000000
2.041200,0.029930,0.026670,0.001458,-0.060813,71.971909,95.150471,0.000000
2.042213,0.029954,0.026852,0.001588,-0.060666,72.041980,94.815353,0.000000
2.043225,0.029978,0.027035,0.001722,-0.060518,72.113221,94.475684,0.000000
2.044238,0.030004,0.027221,0.001858,-0.060368,72.185629,94.131535,0.000000
2.045250,0.030031,0.027408,0.001997,-0.060217,72.259200,93.782974,0.000000
2.046263,0.030059,0.027598,0.002140,-0.060064,72.333931,93.430073,0.000000
2.047275,0.030088,0.027789,0.002285,-0.059909,72.409816,93.072905,0.000000
2.048288,0.030118,0.027982,0.002433,-0.059754,72.486854,92.711541,0.000000
2.049300,0.030149,0.028177,0.002584,-0.059596,72.565039,92.346056,0.000000
2.050313,0.030182,0.028374,0.002738,-0.059438,72.644368,91.976524,0.000000
2.051325,0.030215,0.028572,0.002895,-0.059278,72.724837,91.603021,0.000000
2.052338,0.030250,0.028772,0.003055,-0.059117,72.806441,91.225622,0.000000
2.053350,0.030286,0.028973,0.003218,-0.058954,72.889177,90.844405,0.000000
2.054363,0.030324,0.029176,0.003384,-0.058791,72.973040,90.459447,0.000000
2.055375,0.030362,0.029381,0.003553,-0.058627,73.058025,90.070827,0.000000
2.056388,0.030402,0.029586,0.003725,-0.058461,73.144130,89.678624,0.000000
2.057400,0.030443,0.029793,0.003900,-0.058295,73.231348,89.282918,0.000000
2.058413,0.030486,0.030001,0.004079,-0.058127,73.319676,88.883789,0.000000
2.059425,0.030529,0.030211,0.004260,-0.057959,73.409110,88.481320,0.000000
2.060438,0.030574,0.030421,0.004444,-0.057790,73.499644,88.075592,0.000000
2.061450,0.030621,0.030632,0.004632,-0.057621,73.591274,87.666688,0.000000
2.062463,0.030668,0.030845,0.004822,-0.057450,73.683996,87.254691,0.000000
2.063475,0.030717,0.031058,0.005016,-0.057279,73.777804,86.839686,0.000000
2.064488,0.030767,0.031272,0.005212,-0.057108,73.872694,86.421756,0.000000
2.065500,0.030819,0.031487,0.005412,-0.056936,73.968662,86.000988,0.000000
2.066513,0.030871,0.031702,0.005614,-0.056763,74.065701,85.577467,0.000000
2.067525,0.030926,0.031918,0.005820,-0.056590,74.163808,85.151278,0.000000
2.068538,0.030981,0.032135,0.006028,-0.056417,74.262977,84.722511,0.000000
2.069550,0.031038,0.032352,0.006240,-0.056243,74.363203,84.291250,0.000000
2.070563,0.031095,0.032569,0.006455,-0.056070,74.464481,83.857586,0.000000
2.071575,0.031155,0.032787,0.006672,-0.055896,74.566806,83.421605,0.000000
2.072588,0.031215,0.033005,0.006893,-0.055722,74.670172,82.983398,0.000000
2.073600,0.031277,0.033223,0.007116,-0.055548,74.774575,82.543052,0.000000
2.074613,0.031340,0.033442,0.007342,-0.055373,74.880009,82.100659,0.000000
2.075625,0.031404,0.033660,0.007572,-0.055199,74.986469,81.656308,0.000000
2.076638,0.031469,0.033879,0.007804,-0.055025,75.093949,81.210090,0.000000
2.077650,0.031536,0.034097,0.008039,-0.054852,75.202444,80.762096,0.000000
2.078663,0.031604,0.034316,0.008277,-0.054678,75.311948,80.312417,0.000000
2.079675,0.031673,0.034534,0.008517,-0.054505,75.422456,79.861145,0.000000
2.080688,0.031743,0.034752,0.008761,-0.054332,75.533962,79.408372,0.000000
2.081700,0.031814,0.034969,0.009007,-0.054159,75.646460,78.954190,0.000000
2.082713,0.031886,0.035186,0.009256,-0.053987,75.759945,78.498692,0.000000
2.083725,0.031960,0.035403,0.009507,-0.053815,75.874410,78.041971,0.000000
2.084738,0.032034,0.035619,0.009761,-0.053644,75.989851,77.584120,0.000000
2.085750,0.032109,0.035835,0.010018,-0.053473,76.106261,77.125232,0.000000
2.086763,0.032186,0.036050,0.010277,-0.053303,76.223634,76.665401,0.000000
2.087775,0.032263,0.036264,0.010539,-0.053134,76.341964,76.204721,0.000000
2.088788,0.032341,0.036478,0.010804,-0.052966,76.461245,75.743285,0.000000
2.089800,0.032420,0.036691,0.011071,-0.052798,76.581472,75.281188,0.000000
2.090813,0.032500,0.036902,0.011340,-0.052631,76.702637,74.818523,0.000000
2.091825,0.032581,0.037113,0.011612,-0.052465,76.824735,74.355386,0.000000
2.092838,0.032663,0.037323,0.011886,-0.052300,76.947760,73.891871,0.000000
2.093850,0.032745,0.037532,0.012162,-0.052136,77.071705,73.428072,0.000000
2.094863,0.032828,0.037740,0.012440,-0.051973,77.196564,72.964083,0.000000
2.095875,0.032912,0.037946,0.012721,-0.051811,77.322330,72.500000,0.000000
2.096888,0.032996,0.038152,0.013004,-0.051650,77.448998,72.035917,0.000000
2.097900,0.033081,0.038356,0.013289,-0.051490,77.576561,71.571928,0.000000
2.098913,0.033166,0.038558,0.013576,-0.051332,77.705012,71.108129,0.000000
2.099925,0.033252,0.038760,0.013864,-0.051174,77.834344,70.644614,0.000000
2.100938,0.033339,0.038959,0.014155,-0.051018,77.964552,70.181477,0.000000
2.101950,0.033426,0.039158,0.014448,-0.050864,78.095627,69.718812,0.000000
2.102963,0.033513,0.039355,0.014742,-0.050710,78.227565,69.256715,0.000000
2.103975,0.033600,0.039550,0.015039,-0.050558,78.360358,68.795279,0.000000
2.104988,0.033688,0.039743,0.015336,-0.050408,78.493999,68.334599,0.000000
2.106000,0.033776,0.039935,0.015636,-0.050259,78.628482,67.874768,0.000000
2.107013,0.033864,0.040125,0.015937,-0.050111,78.763799,67.415880,0.000000
2.108025,0.033952,0.040314,0.016240,-0.049965,78.899944,66.958029,0.000000
2.109038,0.034040,0.040500,0.016544,-0.049821,79.036909,66.501308,0.000000
2.110050,0.034128,0.040685,0.016849,-0.049678,79.174689,66.045810,0.000000
2.111063,0.034216,0.040868,0.017156,-0.049537,79.313275,65.591628,0.000000
2.112075,0.034304,0.041048,0.017464,-0.049397,79.452661,65.138855,0.000000
2.113088,0.034392,0.041227,0.017773,-0.049259,79.592839,64.687583,0.000000
2.114100,0.034480,0.041404,0.018083,-0.049123,79.733803,64.237904,0.000000
2.115113,0.034567,0.041579,0.018394,-0.048989,79.875545,63.789910,0.000000
2.116125,0.034654,0.041751,0.018707,-0.048856,80.018058,63.343692,0.000000
2.117138,0.034740,0.041922,0.019020,-0.048725,80.161335,62.899341,0.000000
2.118150,0.034826,0.042090,0.019334,-0.048596,80.305369,62.456948,0.000000
2.119163,0.034912,0.042256,0.019648,-0.048469,80.450151,62.016602,0.000000
2.120175,0.034997,0.042420,0.019964,-0.048344,80.595675,61.578395,0.000000
2.121188,0.035081,0.042581,0.020280,-0.048220,80.741934,61.142414,0.000000
2.122200,0.035165,0.042741,0.020597,-0.048099,80.888920,60.708750,0.000000
2.123213,0.035248,0.042897,0.020914,-0.047979,81.036624,60.277489,0.000000
2.124225,0.035330,0.043052,0.021231,-0.047861,81.185041,59.848722,0.000000
2.125238,0.035411,0.043204,0.021549,-0.047746,81.334162,59.422533,0.000000
2.126250,0.035491,0.043354,0.021867,-0.047632,81.483980,58.999012,0.000000
2.127263,0.035570,0.043501,0.022185,-0.047520,81.634486,58.578244,0.000000
2.128275,0.035648,0.043646,0.022504,-0.047410,81.785674,58.160314,0.000000
2.129288,0.035725,0.043788,0.022822,-0.047302,81.937536,57.745309,0.000000
2.130300,0.035801,0.043928,0.023140,-0.047196,82.090063,57.333312,0.000000
2.131313,0.035876,0.044066,0.023459,-0.047093,82.243249,56.924408,0.000000
2.132325,0.035949,0.044200,0.023777,-0.046991,82.397085,56.518680,0.000000
2.133338,0.036021,0.044333,0.024094,-0.046891,82.551564,56.116211,0.000000
2.134350,0.036091,0.044462,0.024412,-0.046794,82.706677,55.717082,0.000000
2.135363,0.036160,0.044589,0.024729,-0.046698,82.862417,55.321376,0.000000
2.136375,0.036228,0.044713,0.025046,-0.046604,83.018775,54.929173,0.000000
2.137388,0.036294,0.044835,0.025362,-0.046513,83.175745,54.540553,0.000000
2.138400,0.036358,0.044954,0.025677,-0.046424,83.333317,54.155595,0.000000
2.139413,0.036420,0.045071,0.025992,-0.046337,83.491484,53.774378,0.000000
2.140425,0.036481,0.045184,0.026306,-0.046251,83.650238,53.396979,0.000000
2.141438,0.036540,0.045295,0.026619,-0.046168,83.809570,53.023476,0.000000
2.142450,0.036597,0.045403,0.026932,-0.046087,83.969472,52.653944,0.000000
2.143463,0.036652,0.045509,0.027243,-0.046009,84.129938,52.288459,0.000000
2.144475,0.036705,0.045612,0.027553,-0.045932,84.290957,51.927095,0.000000
2.145488,0.036756,0.045712,0.027863,-0.045857,84.452522,51.569927,0.000000
2.146500,0.036805,0.045809,0.028171,-0.045785,84.614625,51.217026,0.000000
2.147513,0.036852,0.045904,0.028477,-0.045714,84.777257,50.868465,0.000000
2.148525,0.036896,0.045995,0.028783,-0.045646,84.940410,50.524316,0.000000
2.149538,0.036939,0.046084,0.029087,-0.045580,85.104077,50.184647,0.000000
2.150550,0.036979,0.046170,0.029390,-0.045516,85.268247,49.849529,0.000000
2.151563,0.037016,0.046254,0.029691,-0.045454,85.432914,49.519030,0.000000
2.152575,0.037052,0.046334,0.029990,-0.045395,85.598069,49.193216,0.000000
2.153588,0.037085,0.046412,0.030289,-0.045337,85.763703,48.872156,0.000000
2.154600,0.037115,0.046487,0.030585,-0.045281,85.929807,48.555913,0.000000
2.155613,0.037143,0.046558,0.030879,-0.045228,86.096374,48.244553,0.000000
2.156625,0.037168,0.046628,0.031172,-0.045177,86.263396,47.938139,0.000000
2.157638,0.037190,0.046694,0.031463,-0.045128,86.430862,47.636733,0.000000
2.158650,0.037210,0.046757,0.031752,-0.045081,86.598765,47.340398,0.000000
2.159663,0.037227,0.046818,0.032039,-0.045036,86.767097,47.049192,0.000000
2.160675,0.037242,0.046875,0.032324,-0.044993,86.935848,46.763177,0.000000
2.161688,0.037253,0.046930,0.032607,-0.044953,87.105010,46.482410,0.000000
2.162700,0.037262,0.046982,0.032888,-0.044914,87.274575,46.206948,0.000000
2.163713,0.037268,0.047030,0.033166,-0.044878,87.444534,45.936847,0.000000
2.164725,0.037271,0.047076,0.033443,-0.044844,87.614878,45.672163,0.000000
2.165738,0.037271,0.047119,0.033717,-0.044812,87.785598,45.412950,0.000000
2.166750,0.037269,0.047160,0.033988,-0.044782,87.956686,45.159260,0.000000
2.167763,0.037263,0.047197,0.034258,-0.044754,88.128133,44.911145,0.000000
2.168775,0.037254,0.047231,0.034524,-0.044729,88.299931,44.668657,0.000000
2.169788,0.037242,0.047262,0.034789,-0.044705,88.472070,44.431843,0.000000
2.170800,0.037227,0.047290,0.035051,-0.044684,88.644542,44.200752,0.000000
2.171813,0.037209,0.047316,0.035310,-0.044665,88.817337,43.975433,0.000000
2.172825,0.037188,0.047338,0.035567,-0.044648,88.990449,43.755930,0.000000
2.173838,0.037163,0.047357,0.035821,-0.044633,89.163866,43.542288,0.000000
2.174850,0.037136,0.047374,0.036072,-0.044620,89.337581,43.334551,0.000000
2.175863,0.037105,0.047387,0.036321,-0.044610,89.511584,43.132761,0.000000
2.176875,0.037071,0.047397,0.036567,-0.044602,89.685868,42.936960,0.000000
2.177888,0.037034,0.047404,0.036810,-0.044595,89.860422,42.747187,0.000000
2.178900,0.036993,0.047408,0.037050,-0.044592,90.035238,42.563481,0.000000
2.179913,0.036950,0.047409,0.037287,-0.044590,90.210308,42.385880,0.000000
2.180925,0.036903,0.047407,0.037522,-0.044590,90.385621,42.214419,0.000000
2.181938,0.036853,0.047402,0.037754,-0.044593,90.561170,42.049134,0.000000
2.182950,0.036799,0.047394,0.037983,-0.044598,90.736945,41.890058,0.000000
2.183963,0.036742,0.047383,0.038208,-0.044606,90.912938,41.737224,0.000000
2.184975,0.036682,0.047368,0.038431,-0.044615,91.089138,41.590663,0.000000
2.185988,0.036619,0.047351,0.038651,-0.044627,91.265539,41.450405,0.000000
2.187000,0.036553,0.047330,0.038868,-0.044641,91.442129,41.316478,0.000000
2.188013,0.036483,0.047306,0.039082,-0.044657,91.618901,41.188910,0.000000
2.189025,0.036409,0.047279,0.039293,-0.044676,91.795845,41.067727,0.000000
2.190038,0.036333,0.047248,0.039500,-0.044697,91.972953,40.952954,0.000000
2.191050,0.036253,0.047215,0.039705,-0.044720,92.150215,40.844613,0.000000
2.192063,0.036170,0.047178,0.039906,-0.044746,92.327622,40.742727,0.000000
2.193075,0.036084,0.047138,0.040105,-0.044774,92.505165,40.647317,0.000000
2.194088,0.035994,0.047094,0.040300,-0.044805,92.682836,40.558402,0.000000
2.195100,0.035901,0.047048,0.040493,-0.044838,92.860625,40.476000,0.000000
2.196113,0.035805,0.046998,0.040682,-0.044873,93.038523,40.400129,0.000000
2.197125,0.035706,0.046944,0.040868,-0.044911,93.216520,40.330803,0.000000
2.198138,0.035604,0.046887,0.041051,-0.044951,93.394609,40.268037,0.000000
2.199150,0.035498,0.046827,0.041231,-0.044994,93.572780,40.211844,0.000000
2.200163,0.035389,0.046764,0.041408,-0.045039,93.751023,40.162234,0.000000
2.201175,0.035277,0.046697,0.041582,-0.045087,93.929330,40.119219,0.000000
2.202188,0.035162,0.046626,0.041752,-0.045137,94.107692,40.082806,0.000000
2.203200,0.035044,0.046552,0.041920,-0.045190,94.286099,40.053004,0.000000
2.204213,0.034923,0.046475,0.042084,-0.045246,94.464542,40.029818,0.000000
2.205225,0.034799,0.046394,0.042246,-0.045304,94.643013,40.013254,0.000000
2.206238,0.034672,0.046309,0.042404,-0.045365,94.821502,40.003314,0.000000
2.207250,0.034542,0.046221,0.042560,-0.045429,95.000000,40.000000,0.000000
2.208263,0.034409,0.046130,0.042712,-0.045495,95.178498,40.003314,0.000000
2.209275,0.034273,0.046034,0.042862,-0.045564,95.356987,40.013254,0.000000
2.210288,0.034134,0.045935,0.043009,-0.045636,95.535458,40.029818,0.000000
2.211300,0.033993,0.045833,0.043152,-0.045710,95.713901,40.053004,0.000000
2.212313,0.033848,0.045726,0.043293,-0.045788,95.892308,40.082806,0.000000
2.213325,0.033702,0.045616,0.043431,-0.045868,96.070670,40.119219,0.000000
2.214338,0.033552,0.045502,0.043566,-0.045951,96.248977,40.162234,0.000000
2.215350,0.033400,0.045385,0.043698,-0.046037,96.427220,40.211844,0.000000
2.216363,0.033245,0.045263,0.043828,-0.046126,96.605391,40.268037,0.000000
2.217375,0.033088,0.045138,0.043955,-0.046218,96.783480,40.330803,0.000000
2.218388,0.032928,0.045009,0.044079,-0.046313,96.961477,40.400129,0.000000
2.219400,0.032766,0.044876,0.044200,-0.046411,97.139375,40.476000,0.000000
2.220413,0.032602,0.044739,0.044319,-0.046512,97.317164,40.558402,0.000000
2.221425,0.032435,0.044599,0.044435,-0.046615,97.494835,40.647317,0.000000
2.222438,0.032266,0.044454,0.044549,-0.046723,97.672378,40.742727,0.000000
2.223450,0.032096,0.044305,0.044661,-0.046833,97.849785,40.844613,0.000000
2.224463,0.031923,0.044153,0.044769,-0.046946,98.027047,40.952954,0.000000
2.225475,0.031748,0.043996,0.044876,-0.047063,98.204155,41.067727,0.000000
2.226488,0.031571,0.043835,0.044980,-0.047182,98.381099,41.188910,0.000000
2.227500,0.031392,0.043671,0.045082,-0.047305,98.557871,41.316478,0.000000
2.228513,0.031211,0.043502,0.045182,-0.047431,98.734461,41.450405,0.000000
2.229525,0.031029,0.043329,0.045280,-0.047561,98.910862,41.590663,0.000000
2.230538,0.030845,0.043152,0.045375,-0.047694,99.087062,41.737224,0.000000
2.231550,0.030660,0.042971,0.045469,-0.047830,99.263055,41.890058,0.000000
2.232563,0.030473,0.042785,0.045560,-0.047969,99.438830,42.049134,0.000000
2.233575,0.030284,0.042596,0.045650,-0.048112,99.614379,42.214419,0.000000
2.234588,0.030095,0.042402,0.045738,-0.048258,99.789692,42.385880,0.000000
2.235600,0.029904,0.042205,0.045824,-0.048407,99.964762,42.563481,0.000000
2.236613,0.029712,0.042003,0.045908,-0.048560,100.139578,42.747187,0.000000
2.237625,0.029519,0.041797,0.045991,-0.048717,100.314132,42.936960,0.000000
2.238638,0.029325,0.041586,0.046072,-0.048877,100.488416,43.132761,0.000000
2.239650,0.029130,0.041371,0.046152,-0.049040,100.662419,43.334551,0.000000
2.240663,0.028934,0.041153,0.046230,-0.049207,100.836134,43.542288,0.000000
2.241675,0.028738,0.040930,0.046307,-0.049377,101.009551,43.755930,0.000000
2.242688,0.028541,0.040702,0.046383,-0.049551,101.182663,43.975433,0.000000
2.243700,0.028343,0.040471,0.046457,-0.049729,101.355458,44.200752,0.000000
2.244713,0.028145,0.040235,0.046531,-0.049909,101.527930,44.431843,0.000000
2.245725,0.027947,0.039995,0.046603,-0.050094,101.700069,44.668657,0.000000
2.246738,0.027748,0.039750,0.046675,-0.050282,101.871867,44.911145,0.000000
2.247750,0.027550,0.039502,0.046746,-0.050473,102.043314,45.159260,0.000000
2.248763,0.027351,0.039249,0.046816,-0.050669,102.214402,45.412950,0.000000
2.249775,0.027153,0.038992,0.046885,-0.050867,102.385122,45.672163,0.000000
2.250788,0.026954,0.038730,0.046954,-0.051070,102.555466,45.936847,0.000000
2.251800,0.026756,0.038465,0.047022,-0.051275,102.725425,46.206948,0.000000
2.252813,0.026558,0.038195,0.047090,-0.051485,102.894990,46.482410,0.000000
2.253825,0.026361,0.037921,0.047157,-0.051698,103.064152,46.763177,0.000000
2.254838,0.026164,0.037643,0.047224,-0.051914,103.232903,47.049192,0.000000
2.255850,0.025968,0.037361,0.047291,-0.052134,103.401235,47.340398,0.000000
2.256863,0.025773,0.037075,0.047358,-0.052357,103.569138,47.636733,0.000000
2.257875,0.025579,0.036784,0.047425,-0.052584,103.736604,47.938139,0.000000
2.258888,0.025386,0.036490,0.047492,-0.052815,103.903626,48.244553,0.000000
2.259900,0.025193,0.036191,0.047559,-0.053049,104.070193,48.555913,0.000000
2.260913,0.025002,0.035888,0.047627,-0.053286,104.236297,48.872156,0.000000
2.261925,0.024812,0.035582,0.047695,-0.053527,104.401931,49.193216,0.000000
2.262938,0.024624,0.035271,0.047763,-0.053771,104.567086,49.519030,0.000000
2.263950,0.024437,0.034957,0.047832,-0.054019,104.731753,49.849529,0.000000
2.264963,0.024252,0.034638,0.047902,-0.054270,104.895923,50.184647,0.000000
2.265975,0.024068,0.034316,0.047972,-0.054524,105.059590,50.524316,0.000000
2.266988,0.023887,0.033990,0.048043,-0.054782,105.222743,50.868465,0.000000
2.268000,0.023707,0.033660,0.048115,-0.055043,105.385375,51.217026,0.000000
2.269013,0.023529,0.033327,0.048188,-0.055307,105.547478,51.569927,0.000000
2.270025,0.023353,0.032990,0.048262,-0.055574,105.709043,51.927095,0.000000
2.271038,0.023180,0.032649,0.048338,-0.055844,105.870062,52.288459,0.000000
2.272050,0.023008,0.032305,0.048414,-0.056118,106.030528,52.653944,0.000000
2.273063,0.022840,0.031957,0.048492,-0.056394,106.190430,53.023476,0.000000
2.274075,0.022673,0.031606,0.048571,-0.056673,106.349762,53.396979,0.000000
2.275088,0.022509,0.031252,0.048652,-0.056956,106.508516,53.774378,0.000000
2.276100,0.022348,0.030894,0.048734,-0.057241,106.666683,54.155595,0.000000
2.277113,0.022190,0.030533,0.048818,-0.057529,106.824255,54.540553,0.000000
2.278125,0.022034,0.030169,0.048904,-0.057820,106.981225,54.929173,0.000000
2.279138,0.021882,0.029801,0.048991,-0.058114,107.137583,55.321376,0.000000
2.280150,0.021732,0.029431,0.049081,-0.058410,107.293323,55.717082,0.000000
2.281163,0.021586,0.029058,0.049172,-0.058709,107.448436,56.116211,0.000000
2.282175,0.021443,0.028682,0.049265,-0.059010,107.602915,56.518680,0.000000
2.283188,0.021302,0.028303,0.049360,-0.059314,107.756751,56.924408,0.000000
2.284200,0.021166,0.027922,0.049458,-0.059620,107.909937,57.333312,0.000000
2.285213,0.021033,0.027537,0.049557,-0.059929,108.062464,57.745309,0.000000
2.286225,0.020903,0.027151,0.049659,-0.060239,108.214326,58.160314,0.000000
2.287238,0.020777,0.026762,0.049764,-0.060552,108.365514,58.578244,0.000000
2.288250,0.020654,0.026370,0.049870,-0.060867,108.516020,58.999012,0.000000
2.289263,0.020535,0.025977,0.049980,-0.061184,108.665838,59.422533,0.000000
2.290275,0.020420,0.025581,0.050091,-0.061503,108.814959,59.848722,0.000000
2.291288,0.020309,0.025183,0.050205,-0.061824,108.963376,60.277489,0.000000
2.292300,0.020201,0.024783,0.050322,-0.062147,109.111080,60.708750,0.000000
2.293313,0.020098,0.024381,0.050441,-0.062471,109.258066,61.142414,0.000000
2.294325,0.019998,0.023978,0.050564,-0.062797,109.404325,61.578395,0.000000
2.295338,0.019903,0.023572,0.050688,-0.063124,109.549849,62.016602,0.000000
2.296350,0.019811,0.023166,0.050816,-0.063453,109.694631,62.456948,0.000000
2.297363,0.019724,0.022757,0.050946,-0.063783,109.838665,62.899341,0.000000
2.298375,0.019641,0.022348,0.051080,-0.064114,109.981942,63.343692,0.000000
2.299388,0.019562,0.021937,0.051216,-0.064446,110.124455,63.789910,0.000000
2.300400,0.019487,0.021525,0.051355,-0.064779,110.266197,64.237904,0.000000
2.301413,0.019417,0.021112,0.051497,-0.065114,110.407161,64.687583,0.000000
2.302425,0.019351,0.020698,0.051641,-0.065449,110.547339,65.138855,0.000000
2.303438,0.019289,0.020284,0.051789,-0.065785,110.686725,65.591628,0.000000
2.304450,0.019232,0.019868,0.051940,-0.066121,110.825311,66.045810,0.000000
2.305463,0.019179,0.019452,0.052094,-0.066458,110.963091,66.501308,0.000000
2.306475,0.019130,0.019036,0.052250,-0.066796,111.100056,66.958029,0.000000
2.307488,0.019086,0.018619,0.052410,-0.067134,111.236201,67.415880,0.000000
2.308500,0.019046,0.018202,0.052573,-0.067472,111.371518,67.874768,0.000000
2.309513,0.019011,0.017785,0.052738,-0.067810,111.506001,68.334599,0.000000
2.310525,0.018980,0.017368,0.052907,-0.068148,111.639642,68.795279,0.000000
2.311538,0.018954,0.016951,0.053078,-0.068486,111.772435,69.256715,0.000000
2.312550,0.018932,0.016534,0.053253,-0.068824,111.904373,69.718812,0.000000
2.313563,0.018914,0.016118,0.053431,-0.069162,112.035448,70.181477,0.000000
2.314575,0.018901,0.015702,0.053611,-0.069499,112.165656,70.644614,0.000000
2.315588,0.018892,0.015286,0.053794,-0.069836,112.294988,71.108129,0.000000
2.316600,0.018887,0.014871,0.053981,-0.070173,112.423439,71.571928,0.000000
2.317613,0.018887,0.014457,0.054170,-0.070508,112.551002,72.035917,0.000000
2.318625,0.018892,0.014044,0.054362,-0.070843,112.677670,72.500000,0.000000
2.319638,0.018900,0.013632,0.054557,-0.071177,112.803436,72.964083,0.000000
2.320650,0.018913,0.013221,0.054754,-0.071511,112.928295,73.428072,0.000000
2.321663,0.018930,0.012811,0.054954,-0.071843,113.052240,73.891871,0.000000
2.322675,0.018951,0.012403,0.055157,-0.072174,113.175265,74.355386,0.000000
2.323688,0.018977,0.011996,0.055363,-0.072503,113.297363,74.818523,0.000000
2.324700,0.019006,0.011590,0.055571,-0.072831,113.418528,75.281188,0.000000
2.325713,0.019040,0.011186,0.055782,-0.073158,113.538755,75.743285,0.000000
2.326725,0.019078,0.010784,0.055995,-0.073484,113.658036,76.204721,0.000000
2.327738,0.019119,0.010384,0.056211,-0.073807,113.776366,76.665401,0.000000
2.328750,0.019165,0.009986,0.056429,-0.074129,113.893739,77.125232,0.000000
2.329763,0.019214,0.009590,0.056649,-0.074450,114.010149,77.584120,0.000000
2.330775,0.019268,0.009196,0.056872,-0.074768,114.125590,78.041971,0.000000
2.331788,0.019325,0.008804,0.057096,-0.075084,114.240055,78.498692,0.000000
2.332800,0.019385,0.008415,0.057323,-0.075399,114.353540,78.954190,0.000000
2.333813,0.019450,0.008028,0.057552,-0.075711,114.466038,79.408372,0.000000
2.334825,0.019518,0.007644,0.057783,-0.076021,114.577544,79.861145,0.000000
2.335838,0.019589,0.007262,0.058015,-0.076329,114.688052,80.312417,0.000000
2.336850,0.019664,0.006883,0.058250,-0.076634,114.797556,80.762096,0.000000
2.337863,0.019742,0.006507,0.058486,-0.076937,114.906051,81.210090,0.000000
2.338875,0.019823,0.006134,0.058724,-0.077237,115.013531,81.656308,0.000000
2.339888,0.019908,0.005764,0.058963,-0.077535,115.119991,82.100659,0.000000
2.340900,0.019996,0.005396,0.059204,-0.077830,115.225425,82.543052,0.000000
2.341913,0.020086,0.005032,0.059446,-0.078123,115.329828,82.983398,0.000000
2.342925,0.020180,0.004672,0.059690,-0.078412,115.433194,83.421605,0.000000
2.343938,0.020276,0.004314,0.059935,-0.078699,115.535519,83.857586,0.000000
2.344950,0.020375,0.003960,0.060180,-0.078983,115.636797,84.291250,0.000000
2.345963,0.020477,0.003609,0.060427,-0.079264,115.737023,84.722511,0.000000
2.346975,0.020581,0.003262,0.060675,-0.079542,115.836192,85.151278,0.000000
2.347988,0.020688,0.002919,0.060923,-0.079817,115.934299,85.577467,0.000000
2.349000,0.020797,0.002579,0.061172,-0.080088,116.031338,86.000988,0.000000
2.350013,0.020908,0.002242,0.061422,-0.080357,116.127306,86.421756,0.000000
2.351025,0.021022,0.001910,0.061672,-0.080622,116.222196,86.839686,0.000000
2.352038,0.021137,0.001581,0.061923,-0.080884,116.316004,87.254691,0.000000
2.353050,0.021254,0.001256,0.062173,-0.081143,116.408726,87.666688,0.000000
2.354063,0.021374,0.000935,0.062425,-0.081398,116.500356,88.075592,0.000000
2.355075,0.021495,0.000618,0.062676,-0.081650,116.590890,88.481320,0.000000
2.356088,0.021618,0.000306,0.062927,-0.081899,116.680324,88.883789,0.000000
2.357100,0.021742,-0.000003,0.063178,-0.082144,116.768652,89.282918,0.000000
2.358113,0.021867,-0.000308,0.063428,-0.082386,116.855870,89.678624,0.000000
2.359125,0.021994,-0.000609,0.063678,-0.082624,116.941975,90.070827,0.000000
2.360138,0.022122,-0.000905,0.063928,-0.082858,117.026960,90.459447,0.000000
2.361150,0.022252,-0.001198,0.064177,-0.083089,117.110823,90.844405,0.000000
2.362163,0.022382,-0.001486,0.064426,-0.083317,117.193559,91.225622,0.000000
2.363175,0.022513,-0.001769,0.064674,-0.083540,117.275163,91.603021,0.000000
2.364188,0.022645,-0.002049,0.064920,-0.083761,117.355632,91.976524,0.000000
2.365200,0.022778,-0.002324,0.065166,-0.083977,117.434961,92.346056,0.000000
2.366213,0.022911,-0.002595,0.065411,-0.084190,117.513146,92.711541,0.000000
2.367225,0.023045,-0.002861,0.065654,-0.084399,117.590184,93.072905,0.000000
2.368238,0.023179,-0.003123,0.065896,-0.084605,117.666069,93.430073,0.000000
2.369250,0.023313,-0.003381,0.066137,-0.084807,117.740800,93.782974,0.000000
2.370263,0.023447,-0.003634,0.066375,-0.085005,117.814371,94.131535,0.000000
2.371275,0.023582,-0.003883,0.066613,-0.085199,117.886779,94.475684,0.000000
2.372288,0.023716,-0.004127,0.066848,-0.085390,117.958020,94.815353,0.000000
2.373300,0.023851,-0.004367,0.067082,-0.085577,118.028091,95.150471,0.000000
2.374313,0.023985,-0.004602,0.067313,-0.085760,118.096988,95.480970,0.000000
2.375325,0.024118,-0.004833,0.067543,-0.085940,118.164708,95.806784,0.000000
2.376338,0.024251,-0.005059,0.067770,-0.086116,118.231246,96.127844,0.000000
2.377350,0.024384,-0.005281,0.067995,-0.086288,118.296601,96.444087,0.000000
2.378363,0.024516,-0.005499,0.068218,-0.086456,118.360767,96.755447,0.000000
2.379375,0.024647,-0.005712,0.068438,-0.086621,118.423743,97.061861,0.000000
2.380388,0.024777,-0.005920,0.068655,-0.086782,118.485525,97.363267,0.000000
2.381400,0.024906,-0.006124,0.068870,-0.086940,118.546109,97.659602,0.000000
2.382413,0.025034,-0.006323,0.069082,-0.087093,118.605493,97.950808,0.000000
2.383425,0.025161,-0.006518,0.069291,-0.087244,118.663674,98.236823,0.000000
2.384438,0.025287,-0.006709,0.069497,-0.087390,118.720648,98.517590,0.000000
2.385450,0.025412,-0.006895,0.069700,-0.087533,118.776413,98.793052,0.000000
2.386463,0.025535,-0.007076,0.069899,-0.087672,118.830966,99.063153,0.000000
2.387475,0.025656,-0.007253,0.070096,-0.087808,118.884304,99.327837,0.000000
2.388488,0.025776,-0.007426,0.070289,-0.087940,118.936424,99.587050,0.000000
2.389500,0.025894,-0.007594,0.070479,-0.088069,118.987324,99.840740,0.000000
2.390513,0.026010,-0.007758,0.070665,-0.088194,119.037002,100.088855,0.000000
2.391525,0.026125,-0.007917,0.070847,-0.088315,119.085454,100.331343,0.000000
2.392538,0.026237,-0.008072,0.071026,-0.088434,119.132678,100.568157,0.000000
2.393550,0.026348,-0.008223,0.071201,-0.088548,119.178671,100.799248,0.000000
2.394563,0.026456,-0.008369,0.071372,-0.088659,119.223433,101.024567,0.000000
2.395575,0.026563,-0.008511,0.071539,-0.088767,119.266959,101.244070,0.000000
2.396588,0.026667,-0.008648,0.071703,-0.088871,119.309248,101.457712,0.000000
2.397600,0.026768,-0.008781,0.071862,-0.088972,119.350298,101.665449,0.000000
2.398613,0.026867,-0.008910,0.072017,-0.089070,119.390106,101.867239,0.000000
2.399625,0.026964,-0.009035,0.072168,-0.089164,119.428672,102.063040,0.000000
2.400638,0.027059,-0.009155,0.072314,-0.089255,119.465991,102.252813,0.000000
2.401650,0.027150,-0.009271,0.072456,-0.089342,119.502064,102.436519,0.000000
2.402663,0.027239,-0.009383,0.072594,-0.089426,119.536887,102.614120,0.000000
2.403675,0.027326,-0.009490,0.072727,-0.089507,119.570460,102.785581,0.000000
2.404688,0.027409,-0.009594,0.072856,-0.089585,119.602780,102.950866,0.000000
2.405700,0.027490,-0.009693,0.072980,-0.089660,119.633846,103.109942,0.000000
2.406713,0.027568,-0.009788,0.073099,-0.089731,119.663656,103.262776,0.000000
2.407725,0.027643,-0.009879,0.073214,-0.089799,119.692209,103.409337,0.000000
2.408738,0.027715,-0.009965,0.073324,-0.089864,119.719502,103.549595,0.000000
2.409750,0.027784,-0.010048,0.073429,-0.089926,119.745536,103.683522,0.000000
2.410763,0.027850,-0.010126,0.073530,-0.089984,119.770308,103.811090,0.000000
2.411775,0.027912,-0.010200,0.073625,-0.090040,119.793818,103.932273,0.000000
2.412788,0.027972,-0.010270,0.073716,-0.090092,119.816063,104.047046,0.000000
2.413800,0.028028,-0.010337,0.073802,-0.090141,119.837043,104.155387,0.000000
2.414813,0.028082,-0.010399,0.073882,-0.090188,119.856758,104.257273,0.000000
2.415825,0.028131,-0.010456,0.073958,-0.090231,119.875205,104.352683,0.000000
2.416838,0.028178,-0.010510,0.074028,-0.090271,119.892383,104.441598,0.000000
2.417850,0.028221,-0.010560,0.074094,-0.090308,119.908293,104.524000,0.000000
2.418863,0.028261,-0.010606,0.074154,-0.090342,119.922933,104.599871,0.000000
2.419875,0.028298,-0.010648,0.074209,-0.090373,119.936303,104.669197,0.000000
2.420888,0.028331,-0.010686,0.074259,-0.090401,119.948401,104.731963,0.000000
2.421900,0.028361,-0.010720,0.074304,-0.090427,119.959228,104.788156,0.000000
2.422913,0.028387,-0.010749,0.074343,-0.090449,119.968782,104.837766,0.000000
2.423925,0.028410,-0.010775,0.074378,-0.090468,119.977063,104.880781,0.000000
2.424938,0.028429,-0.010797,0.074407,-0.090484,119.984071,104.917194,0.000000
2.425950,0.028445,-0.010815,0.074431,-0.090497,119.989805,104.946996,0.000000
2.426963,0.028457,-0.010829,0.074449,-0.090508,119.994265,104.970182,0.000000
2.427975,0.028466,-0.010839,0.074462,-0.090515,119.997451,104.986746,0.000000
2.428988,0.028471,-0.010845,0.074470,-0.090519,119.999363,104.996686,0.000000
2.430000,0.028473,-0.010847,0.074473,-0.090521,120.000000,105.000000,1.000000
