t,Hx,Hz,fin_deg,ry_deg
0.0000000,0.0210851,-0.0164457,-1.7219865,0.0000000
0.0006250,0.0210851,-0.0164457,-1.7219823,0.0000042
0.0012500,0.0210851,-0.0164457,-1.7219531,0.0000334
0.0018750,0.0210851,-0.0164457,-1.7218745,0.0001120
0.0025000,0.0210851,-0.0164457,-1.7217219,0.0002646
0.0031250,0.0210851,-0.0164457,-1.7214726,0.0005139
0.0037500,0.0210851,-0.0164457,-1.7211023,0.0008842
0.0043750,0.0210851,-0.0164457,-1.7205906,0.0013959
0.0050000,0.0210851,-0.0164457,-1.7199129,0.0020736
0.0056250,0.0210851,-0.0164457,-1.7190521,0.0029344
0.0062500,0.0210851,-0.0164457,-1.7179824,0.0040041
0.0068750,0.0210851,-0.0164458,-1.7166913,0.0052952
0.0075000,0.0210851,-0.0164458,-1.7151509,0.0068356
0.0081250,0.0210850,-0.0164459,-1.7133544,0.0086321
0.0087500,0.0210850,-0.0164459,-1.7112705,0.0107160
0.0093750,0.0210849,-0.0164460,-1.7088997,0.0130868
0.0100000,0.0210849,-0.0164462,-1.7062062,0.0157803
0.0106250,0.0210848,-0.0164463,-1.7031987,0.0187878
0.0112500,0.0210847,-0.0164465,-1.6998360,0.0221505
0.0118750,0.0210846,-0.0164468,-1.6961364,0.0258501
0.0125000,0.0210845,-0.0164470,-1.6920518,0.0299347
0.0131250,0.0210843,-0.0164474,-1.6876113,0.0343752
0.0137500,0.0210842,-0.0164477,-1.6827590,0.0392275
0.0143750,0.0210840,-0.0164482,-1.6775359,0.0444506
0.0150000,0.0210837,-0.0164487,-1.6718769,0.0501096
0.0156250,0.0210835,-0.0164492,-1.6658362,0.0561503
0.0162500,0.0210832,-0.0164499,-1.6593383,0.0626482
0.0168750,0.0210829,-0.0164506,-1.6524514,0.0695351
0.0175000,0.0210825,-0.0164514,-1.6450891,0.0768974
0.0181250,0.0210821,-0.0164523,-1.6373340,0.0846525
0.0187500,0.0210816,-0.0164533,-1.6290877,0.0928988
0.0193750,0.0210811,-0.0164544,-1.6204482,0.1015383
0.0200000,0.0210806,-0.0164556,-1.6113045,0.1106820
0.0206250,0.0210800,-0.0164570,-1.6017701,0.1202164
0.0212500,0.0210793,-0.0164584,-1.5917209,0.1302656
0.0218750,0.0210786,-0.0164600,-1.5812860,0.1407005
0.0225000,0.0210779,-0.0164617,-1.5703283,0.1516582
0.0231250,0.0210770,-0.0164636,-1.5589919,0.1629946
0.0237500,0.0210761,-0.0164656,-1.5471269,0.1748596
0.0243750,0.0210752,-0.0164678,-1.5348920,0.1870945
0.0250000,0.0210741,-0.0164702,-1.5221247,0.1998618
0.0256250,0.0210730,-0.0164727,-1.5089973,0.2129892
0.0262500,0.0210718,-0.0164754,-1.4953357,0.2266508
0.0268750,0.0210705,-0.0164783,-1.4813246,0.2406619
0.0275000,0.0210692,-0.0164813,-1.4667791,0.2552074
0.0281250,0.0210677,-0.0164846,-1.4518949,0.2700916
0.0287500,0.0210662,-0.0164881,-1.4364774,0.2855091
0.0293750,0.0210646,-0.0164918,-1.4207316,0.3012549
0.0300000,0.0210629,-0.0164958,-1.4044550,0.3175315
0.0306250,0.0210611,-0.0164999,-1.3878595,0.3341270
0.0312500,0.0210592,-0.0165043,-1.3707367,0.3512498
0.0318750,0.0210572,-0.0165090,-1.3533029,0.3686836
0.0325000,0.0210551,-0.0165138,-1.3353460,0.3866405
0.0331250,0.0210529,-0.0165190,-1.3170841,0.4049024
0.0337500,0.0210505,-0.0165244,-1.2983040,0.4236825
0.0343750,0.0210481,-0.0165300,-1.2792223,0.4427642
0.0350000,0.0210456,-0.0165360,-1.2596273,0.4623592
0.0356250,0.0210429,-0.0165422,-1.2397313,0.4822552
0.0362500,0.0210402,-0.0165487,-1.2193271,0.5026594
0.0368750,0.0210373,-0.0165555,-1.1986192,0.5233673
0.0375000,0.0210343,-0.0165625,-1.1774078,0.5445787
0.0381250,0.0210312,-0.0165699,-1.1558860,0.5661005
0.0387500,0.0210280,-0.0165776,-1.1338653,0.5881212
0.0393750,0.0210247,-0.0165856,-1.1115234,0.6104631
0.0400000,0.0210212,-0.0165938,-1.0886863,0.6333002
0.0406250,0.0210176,-0.0166025,-1.0655129,0.6564736
0.0412500,0.0210139,-0.0166114,-1.0418472,0.6801393
0.0418750,0.0210101,-0.0166206,-1.0178254,0.7041611
0.0425000,0.0210061,-0.0166302,-0.9933132,0.7286733
0.0431250,0.0210020,-0.0166401,-0.9684201,0.7535664
0.0437500,0.0209978,-0.0166504,-0.9430372,0.7789493
0.0443750,0.0209935,-0.0166609,-0.9172439,0.8047426
0.0450000,0.0209890,-0.0166719,-0.8909600,0.8310265
0.0456250,0.0209845,-0.0166832,-0.8642311,0.8577554
0.0462500,0.0209797,-0.0166948,-0.8370092,0.8849773
0.0468750,0.0209749,-0.0167068,-0.8093027,0.9126838
0.0475000,0.0209699,-0.0167191,-0.7810993,0.9408872
0.0481250,0.0209647,-0.0167319,-0.7523668,0.9696197
0.0487500,0.0209595,-0.0167450,-0.7231315,0.9988550
0.0493750,0.0209541,-0.0167585,-0.6933180,1.0286685
0.0500000,0.0209485,-0.0167724,-0.6629941,1.0589924
0.0506250,0.0209428,-0.0167867,-0.6320384,1.0899481
0.0512500,0.0209370,-0.0168014,-0.6005627,1.1214238
0.0518750,0.0209310,-0.0168165,-0.5683975,1.1535890
0.0525000,0.0209249,-0.0168321,-0.5357007,1.1862858
0.0531250,0.0209186,-0.0168481,-0.5022529,1.2197336
0.0537500,0.0209122,-0.0168645,-0.4682599,1.2537266
0.0543750,0.0209056,-0.0168814,-0.4334512,1.2885353
0.0550000,0.0208988,-0.0168988,-0.3980818,1.3239047
0.0556250,0.0208919,-0.0169167,-0.3618292,1.3601573
0.0562500,0.0208848,-0.0169350,-0.3249984,1.3969881
0.0568750,0.0208775,-0.0169539,-0.2872145,1.4347720
0.0575000,0.0208701,-0.0169732,-0.2488331,1.4731534
0.0581250,0.0208625,-0.0169932,-0.2094274,1.5125591
0.0587500,0.0208547,-0.0170136,-0.1694029,1.5525836
0.0593750,0.0208467,-0.0170348,-0.1282820,1.5937045
0.0600000,0.0208385,-0.0170564,-0.0865194,1.6354671
0.0606250,0.0208301,-0.0170787,-0.0435879,1.6783986
0.0612500,0.0208215,-0.0171015,0.0000097,1.7219962
0.0618750,0.0208127,-0.0171252,0.0448480,1.7668345
0.0625000,0.0208037,-0.0171493,0.0903784,1.8123649
0.0631250,0.0207945,-0.0171743,0.1372198,1.8592063
0.0637500,0.0207850,-0.0171998,0.1847804,1.9067669
0.0643750,0.0207753,-0.0172263,0.2337203,1.9557068
0.0650000,0.0207655,-0.0172532,0.2834077,2.0053942
0.0656250,0.0207553,-0.0172812,0.3345396,2.0565261
0.0662500,0.0207450,-0.0173098,0.3864483,2.1084348
0.0668750,0.0207343,-0.0173393,0.4398627,2.1618492
0.0675000,0.0207235,-0.0173695,0.4940838,2.2160703
0.0681250,0.0207123,-0.0174008,0.5498672,2.2718537
0.0687500,0.0207010,-0.0174327,0.6064878,2.3284743
0.0693750,0.0206894,-0.0174657,0.6647217,2.3867082
0.0700000,0.0206775,-0.0174994,0.7238234,2.4458099
0.0706250,0.0206653,-0.0175343,0.7845831,2.5065696
0.0712500,0.0206530,-0.0175699,0.8462414,2.5682279
0.0718750,0.0206403,-0.0176067,0.9095952,2.6315817
0.0725000,0.0206274,-0.0176442,0.9738780,2.6958645
0.0731250,0.0206141,-0.0176831,1.0398859,2.7618724
0.0737500,0.0206007,-0.0177226,1.1068529,2.8288394
0.0743750,0.0205869,-0.0177635,1.1755661,2.8975526
0.0750000,0.0205729,-0.0178052,1.2452674,2.9672539
0.0756250,0.0205586,-0.0178482,1.3167267,3.0387132
0.0762500,0.0205441,-0.0178920,1.3892025,3.1111890
0.0768750,0.0205293,-0.0179373,1.4634381,3.1854246
0.0775000,0.0205142,-0.0179833,1.5387172,3.2607037
0.0781250,0.0204989,-0.0180307,1.6157474,3.3377339
0.0787500,0.0204833,-0.0180790,1.6938466,3.4158331
0.0793750,0.0204674,-0.0181288,1.7736775,3.4956640
0.0800000,0.0204513,-0.0181793,1.8546011,3.5765876
0.0806250,0.0204349,-0.0182314,1.9372255,3.6592120
0.0812500,0.0204183,-0.0182843,2.0209645,3.7429510
0.0818750,0.0204015,-0.0183387,2.1063617,3.8283482
0.0825000,0.0203844,-0.0183940,2.1928931,3.9148796
0.0831250,0.0203670,-0.0184508,2.2810282,4.0030147
0.0837500,0.0203495,-0.0185085,2.3703147,4.0923012
0.0843750,0.0203317,-0.0185676,2.4611383,4.1831248
0.0850000,0.0203137,-0.0186277,2.5531279,4.2751144
0.0856250,0.0202954,-0.0186893,2.6465760,4.3685625
0.0862500,0.0202770,-0.0187518,2.7412017,4.4631882
0.0868750,0.0202584,-0.0188158,2.8371951,4.5591816
0.0875000,0.0202395,-0.0188808,2.9343748,4.6563613
0.0881250,0.0202205,-0.0189472,3.0328194,4.7548059
0.0887500,0.0202012,-0.0190146,3.1324558,4.8544423
0.0893750,0.0201818,-0.0190835,3.2332426,4.9552291
0.0900000,0.0201622,-0.0191533,3.3352234,5.0572099
0.0906250,0.0201425,-0.0192246,3.4382284,5.1602149
0.0912500,0.0201225,-0.0192970,3.5424263,5.2644128
0.0918750,0.0201024,-0.0193707,3.6475111,5.3694976
0.0925000,0.0200821,-0.0194455,3.7537842,5.4757707
0.0931250,0.0200618,-0.0195218,3.8607963,5.5827828
0.0937500,0.0200411,-0.0195991,3.9689884,5.6909750
0.0943750,0.0200205,-0.0196778,4.0777616,5.7997481
0.0950000,0.0199996,-0.0197576,4.1877029,5.9096894
0.0956250,0.0199787,-0.0198389,4.2980578,6.0200443
0.0962500,0.0199576,-0.0199212,4.4095653,6.1315518
0.0968750,0.0199365,-0.0200050,4.5213104,6.2432969
0.0975000,0.0199151,-0.0200898,4.6341889,6.3561754
0.0981250,0.0198937,-0.0201761,4.7471210,6.4691075
0.0987500,0.0198721,-0.0202636,4.8611636,6.5831501
0.0993750,0.0198506,-0.0203525,4.9750689,6.6970554
0.1000000,0.0198288,-0.0204425,5.0900581,6.8120446
0.1006250,0.0198071,-0.0205341,5.2047131,6.9266996
0.1012500,0.0197851,-0.0206267,5.3204218,7.0424083
0.1018750,0.0197632,-0.0207209,5.4355945,7.1575810
0.1025000,0.0197412,-0.0208162,5.5517872,7.2737737
0.1031250,0.0197191,-0.0209131,5.6672381,7.3892246
0.1037500,0.0196969,-0.0210111,5.7836718,7.5056583
0.1043750,0.0196748,-0.0211107,5.8991551,7.6211416
0.1050000,0.0196525,-0.0212114,6.0155808,7.7375673
0.1056250,0.0196303,-0.0213138,6.1308458,7.8528323
0.1062500,0.0196078,-0.0214174,6.2470096,7.9689961
0.1068750,0.0195856,-0.0215225,6.3618019,8.0837884
0.1075000,0.0195631,-0.0216289,6.4774465,8.1994330
0.1081250,0.0195408,-0.0217369,6.5915094,8.3134959
0.1087500,0.0195183,-0.0218460,6.7063752,8.4283617
0.1093750,0.0194960,-0.0219569,6.8194512,8.5414377
0.1100000,0.0194735,-0.0220690,6.9332779,8.6552644
0.1106250,0.0194513,-0.0221828,7.0451101,8.7670966
0.1112500,0.0194288,-0.0222978,7.1576383,8.8796248
0.1118750,0.0194066,-0.0224145,7.2679715,8.9899580
0.1125000,0.0193842,-0.0225324,7.3789439,9.1009304
0.1131250,0.0193620,-0.0226520,7.4875264,9.2095129
0.1137500,0.0193397,-0.0227729,7.5966893,9.3186758
0.1143750,0.0193177,-0.0228955,7.7032741,9.4252606
0.1150000,0.0192956,-0.0230193,7.8103788,9.5323653
0.1156250,0.0192737,-0.0231448,7.9147253,9.6367118
0.1162500,0.0192517,-0.0232716,8.0195296,9.7415161
0.1168750,0.0192300,-0.0234000,8.1214046,9.8433911
0.1175000,0.0192082,-0.0235298,8.2236741,9.9456606
0.1181250,0.0191868,-0.0236611,8.3228535,10.0448400
0.1187500,0.0191653,-0.0237937,8.4223631,10.1443496
0.1193750,0.0191441,-0.0239280,8.5186328,10.2406193
0.1200000,0.0191228,-0.0240635,8.6151677,10.3371542
0.1206250,0.0191020,-0.0242007,8.7083253,10.4303118
0.1212500,0.0190810,-0.0243391,8.8016825,10.5236690
0.1218750,0.0190605,-0.0244790,8.8915381,10.6135246
0.1225000,0.0190399,-0.0246202,8.9815277,10.7035142
0.1231250,0.0190198,-0.0247629,9.0679052,10.7898917
0.1237500,0.0189996,-0.0249068,9.1543510,10.8763375
0.1243750,0.0189798,-0.0250522,9.2370891,10.9590756
0.1250000,0.0189601,-0.0251988,9.3198303,11.0418168
0.1256250,0.0189408,-0.0253469,9.3987833,11.1207698
0.1262500,0.0189214,-0.0254961,9.4776747,11.1996612
0.1268750,0.0189027,-0.0256467,9.5527137,11.2747002
0.1275000,0.0188838,-0.0257985,9.6276273,11.3496138
0.1281250,0.0188656,-0.0259516,9.6986406,11.4206271
0.1287500,0.0188473,-0.0261059,9.7694658,11.4914523
0.1293750,0.0188296,-0.0262613,9.8363595,11.5583460
0.1300000,0.0188118,-0.0264180,9.9030039,11.6249904
0.1306250,0.0187947,-0.0265758,9.9657031,11.6876896
0.1312500,0.0187776,-0.0267347,10.0280931,11.7500796
0.1318750,0.0187611,-0.0268947,10.0865413,11.8085278
0.1325000,0.0187446,-0.0270559,10.1446224,11.8666089
0.1331250,0.0187287,-0.0272180,10.1987827,11.9207692
0.1337500,0.0187128,-0.0273813,10.2525200,11.9745065
0.1343750,0.0186975,-0.0275455,10.3023748,12.0243613
0.1350000,0.0186823,-0.0277108,10.3517531,12.0737396
0.1356250,0.0186678,-0.0278769,10.3973043,12.1192908
0.1362500,0.0186532,-0.0280442,10.4423277,12.1643142
0.1368750,0.0186394,-0.0282122,10.4835970,12.2055835
0.1375000,0.0186256,-0.0283813,10.5242897,12.2462762
0.1381250,0.0186124,-0.0285511,10.5613177,12.2833042
0.1387500,0.0185993,-0.0287220,10.5977231,12.3197096
0.1393750,0.0185869,-0.0288934,10.6305696,12.3525561
0.1400000,0.0185745,-0.0290660,10.6627503,12.3847368
0.1406250,0.0185628,-0.0292391,10.6914938,12.4134803
0.1412500,0.0185512,-0.0294132,10.7195313,12.4415178
0.1418750,0.0185403,-0.0295878,10.7442681,12.4662546
0.1425000,0.0185295,-0.0297634,10.7682619,12.4902484
0.1431250,0.0185193,-0.0299394,10.7891062,12.5110927
0.1437500,0.0185093,-0.0301165,10.8091733,12.5311598
0.1443750,0.0184999,-0.0302938,10.8262556,12.5482421
0.1450000,0.0184906,-0.0304721,10.8425300,12.5645165
0.1456250,0.0184820,-0.0306507,10.8559968,12.5779833
0.1462500,0.0184735,-0.0308303,10.8686280,12.5906145
0.1468750,0.0184657,-0.0310101,10.8786408,12.6006273
0.1475000,0.0184581,-0.0311908,10.8877935,12.6097800
0.1481250,0.0184511,-0.0313716,10.8945273,12.6165138
0.1487500,0.0184442,-0.0315533,10.9003801,12.6223666
0.1493750,0.0184380,-0.0317351,10.9040228,12.6260093
0.1500000,0.0184319,-0.0319177,10.9067666,12.6287531
0.1506250,0.0184265,-0.0321003,10.9075174,12.6295039
0.1512500,0.0184212,-0.0322838,10.9073547,12.6293412
0.1518750,0.0184166,-0.0324672,10.9054231,12.6274096
0.1525000,0.0184121,-0.0326514,10.9025664,12.6245529
0.1531250,0.0184083,-0.0328354,10.8981703,12.6201568
0.1537500,0.0184046,-0.0330202,10.8928408,12.6148273
0.1543750,0.0184015,-0.0332047,10.8862055,12.6081920
0.1550000,0.0183986,-0.0333900,10.8786316,12.6006181
0.1556250,0.0183964,-0.0335749,10.8699882,12.5919747
0.1562500,0.0183943,-0.0337607,10.8604037,12.5823902
0.1568750,0.0183927,-0.0339458,10.8499875,12.5719740
0.1575000,0.0183914,-0.0341318,10.8386304,12.5606169
0.1581250,0.0183906,-0.0343172,10.8266792,12.5486657
0.1587500,0.0183900,-0.0345032,10.8137902,12.5357767
0.1593750,0.0183900,-0.0346887,10.8005426,12.5225291
0.1600000,0.0183901,-0.0348748,10.7863629,12.5083494
0.1606250,0.0183908,-0.0350602,10.7720572,12.4940437
0.1612500,0.0183917,-0.0352462,10.7568273,12.4788138
0.1618750,0.0183930,-0.0354313,10.7416991,12.4636856
0.1625000,0.0183945,-0.0356171,10.7256570,12.4476435
0.1631250,0.0183966,-0.0358019,10.7099381,12.4319246
0.1637500,0.0183989,-0.0359874,10.6933175,12.4153040
0.1643750,0.0184015,-0.0361719,10.6772340,12.3992205
0.1650000,0.0184044,-0.0363569,10.6602630,12.3822495
0.1656250,0.0184078,-0.0365409,10.6440338,12.3660203
0.1662500,0.0184113,-0.0367253,10.6269328,12.3489193
0.1668750,0.0184153,-0.0369087,10.6107677,12.3327542
0.1675000,0.0184194,-0.0370926,10.5937481,12.3157346
0.1681250,0.0184240,-0.0372753,10.5778467,12.2998332
0.1687500,0.0184288,-0.0374584,10.5611095,12.2830960
0.1693750,0.0184339,-0.0376404,10.5456594,12.2676459
0.1700000,0.0184392,-0.0378227,10.5293930,12.2513795
0.1706250,0.0184449,-0.0380039,10.5145684,12.2365549
0.1712500,0.0184508,-0.0381855,10.4989481,12.2209346
0.1718750,0.0184570,-0.0383658,10.4849083,12.2068948
0.1725000,0.0184634,-0.0385464,10.4700941,12.1920806
0.1731250,0.0184702,-0.0387258,10.4569824,12.1789689
0.1737500,0.0184772,-0.0389056,10.4431182,12.1651047
0.1743750,0.0184845,-0.0390841,10.4310606,12.1530471
0.1750000,0.0184920,-0.0392629,10.4182726,12.1402591
0.1756250,0.0184998,-0.0394405,10.4073768,12.1293633
0.1762500,0.0185079,-0.0396184,10.3957727,12.1177592
0.1768750,0.0185162,-0.0397951,10.3861269,12.1081134
0.1775000,0.0185248,-0.0399721,10.3757947,12.0977812
0.1781250,0.0185337,-0.0401479,10.3674666,12.0894531
0.1787500,0.0185428,-0.0403239,10.3584738,12.0804603
0.1793750,0.0185522,-0.0404988,10.3515101,12.0734966
0.1800000,0.0185618,-0.0406739,10.3439030,12.0658895
0.1806250,0.0185717,-0.0408480,10.3383284,12.0603149
0.1812500,0.0185819,-0.0410222,10.3321312,12.0541177
0.1818750,0.0185924,-0.0411955,10.3279484,12.0499349
0.1825000,0.0186031,-0.0413688,10.3231628,12.0451493
0.1831250,0.0186141,-0.0415414,10.3203514,12.0423379
0.1837500,0.0186254,-0.0417140,10.3169562,12.0389427
0.1843750,0.0186370,-0.0418858,10.3154730,12.0374595
0.1850000,0.0186488,-0.0420576,10.3134240,12.0354105
0.1856250,0.0186610,-0.0422287,10.3132028,12.0351893
0.1862500,0.0186734,-0.0423998,10.3124323,12.0344188
0.1868750,0.0186863,-0.0425702,10.3133837,12.0353702
0.1875000,0.0186993,-0.0427406,10.3138011,12.0357876
0.1881250,0.0187128,-0.0429104,10.3158129,12.0377994
0.1887500,0.0187264,-0.0430802,10.3173047,12.0392912
0.1893750,0.0187405,-0.0432494,10.3202420,12.0422285
0.1900000,0.0187548,-0.0434185,10.3226719,12.0446584
0.1906250,0.0187695,-0.0435872,10.3263781,12.0483646
0.1912500,0.0187845,-0.0437558,10.3295878,12.0515743
0.1918750,0.0187999,-0.0439239,10.3338847,12.0558712
0.1925000,0.0188155,-0.0440919,10.3376945,12.0596810
0.1931250,0.0188316,-0.0442594,10.3423835,12.0643700
0.1937500,0.0188479,-0.0444268,10.3465931,12.0685796
0.1943750,0.0188647,-0.0445938,10.3514560,12.0734425
0.1950000,0.0188817,-0.0447606,10.3558456,12.0778321
0.1956250,0.0188992,-0.0449270,10.3606457,12.0826322
0.1962500,0.0189169,-0.0450931,10.3649769,12.0869634
0.1968750,0.0189351,-0.0452589,10.3694603,12.0914468
0.1975000,0.0189535,-0.0454245,10.3734776,12.0954641
0.1981250,0.0189724,-0.0455896,10.3773745,12.0993610
0.1987500,0.0189916,-0.0457545,10.3808066,12.1027931
0.1993750,0.0190112,-0.0459188,10.3838329,12.1058194
0.2000000,0.0190310,-0.0460830,10.3863942,12.1083807
0.2006250,0.0190514,-0.0462466,10.3882533,12.1102398
0.2012500,0.0190719,-0.0464099,10.3896455,12.1116320
0.2018750,0.0190930,-0.0465727,10.3900299,12.1120164
0.2025000,0.0191142,-0.0467352,10.3899442,12.1119307
0.2031250,0.0191359,-0.0468971,10.3885371,12.1105236
0.2037500,0.0191578,-0.0470586,10.3866556,12.1086421
0.2043750,0.0191803,-0.0472195,10.3831335,12.1051200
0.2050000,0.0192029,-0.0473800,10.3791313,12.1011178
0.2056250,0.0192259,-0.0475397,10.3731658,12.0951523
0.2062500,0.0192492,-0.0476991,10.3667133,12.0886998
0.2068750,0.0192729,-0.0478576,10.3579728,12.0799593
0.2075000,0.0192967,-0.0480158,10.3487378,12.0707243
0.2081250,0.0193211,-0.0481731,10.3368904,12.0588769
0.2087500,0.0193456,-0.0483299,10.3245400,12.0465265
0.2093750,0.0193705,-0.0484858,10.3092553,12.0312418
0.2100000,0.0193956,-0.0486412,10.2934585,12.0154450
0.2106250,0.0194211,-0.0487956,10.2744102,11.9963967
0.2112500,0.0194468,-0.0489494,10.2548402,11.9768267
0.2118750,0.0194728,-0.0491022,10.2317080,11.9536945
0.2125000,0.0194990,-0.0492545,10.2080444,11.9300309
0.2131250,0.0195256,-0.0494055,10.1805168,11.9025033
0.2137500,0.0195523,-0.0495560,10.1524478,11.8744343
0.2143750,0.0195794,-0.0497052,10.1202241,11.8422106
0.2150000,0.0196066,-0.0498538,10.0874491,11.8094356
0.2156250,0.0196340,-0.0500011,10.0502418,11.7722283
0.2162500,0.0196616,-0.0501478,10.0124736,11.7344601
0.2168750,0.0196895,-0.0502930,9.9700106,11.6919971
0.2175000,0.0197176,-0.0504375,9.9269775,11.6489640
0.2181250,0.0197459,-0.0505806,9.8790044,11.6009909
0.2187500,0.0197744,-0.0507229,9.8304528,11.5524393
0.2193750,0.0198030,-0.0508637,9.7767348,11.4987213
0.2200000,0.0198318,-0.0510037,9.7224305,11.4444170
0.2206250,0.0198607,-0.0511420,9.6627550,11.3847415
0.2212500,0.0198898,-0.0512795,9.6024864,11.3244729
0.2218750,0.0199189,-0.0514152,9.5366640,11.2586505
0.2225000,0.0199482,-0.0515502,9.4702430,11.1922295
0.2231250,0.0199775,-0.0516831,9.3981102,11.1200967
0.2237500,0.0200070,-0.0518153,9.3253745,11.0473610
0.2243750,0.0200365,-0.0519454,9.2467948,10.9687813
0.2250000,0.0200661,-0.0520747,9.1676096,10.8895961
0.2256250,0.0200956,-0.0522017,9.0824754,10.8044619
0.2262500,0.0201253,-0.0523279,8.9967346,10.7187211
0.2268750,0.0201548,-0.0524518,8.9049683,10.6269548
0.2275000,0.0201845,-0.0525747,8.8125963,10.5345828
0.2281250,0.0202139,-0.0526951,8.7141517,10.4361382
0.2287500,0.0202435,-0.0528146,8.6151041,10.3370906
0.2293750,0.0202727,-0.0529314,8.5099671,10.2319536
0.2300000,0.0203021,-0.0530472,8.4042320,10.1262185
0.2306250,0.0203312,-0.0531602,8.2924220,10.0144085
0.2312500,0.0203603,-0.0532721,8.1800207,9.9020072
0.2318750,0.0203890,-0.0533811,8.0615904,9.7835769
0.2325000,0.0204177,-0.0534890,7.9425780,9.6645645
0.2331250,0.0204459,-0.0535937,7.8176144,9.5396009
0.2337500,0.0204742,-0.0536974,7.6920802,9.4140667
0.2343750,0.0205018,-0.0537976,7.5607045,9.2826910
0.2350000,0.0205295,-0.0538966,7.4287721,9.1507586
0.2356250,0.0205565,-0.0539922,7.2911397,9.0131262
0.2362500,0.0205835,-0.0540865,7.1529668,8.8749533
0.2368750,0.0206097,-0.0541771,7.0092668,8.7312533
0.2375000,0.0206359,-0.0542664,6.8650451,8.5870316
0.2381250,0.0206612,-0.0543518,6.7155002,8.4374867
0.2387500,0.0206866,-0.0544359,6.5654546,8.2874411
0.2393750,0.0207108,-0.0545159,6.4103199,8.1323064
0.2400000,0.0207350,-0.0545946,6.2547080,7.9766945
0.2406250,0.0207582,-0.0546690,6.0942701,7.8162566
0.2412500,0.0207814,-0.0547420,5.9333808,7.6553673
0.2418750,0.0208033,-0.0548105,5.7679568,7.4899433
0.2425000,0.0208253,-0.0548776,5.6021092,7.3240957
0.2431250,0.0208458,-0.0549401,5.4320449,7.1540314
0.2437500,0.0208664,-0.0550013,5.2615873,6.9835738
0.2443750,0.0208855,-0.0550575,5.0872556,6.8092421
0.2450000,0.0209047,-0.0551124,4.9125629,6.6345494
0.2456250,0.0209224,-0.0551623,4.7343620,6.4563485
0.2462500,0.0209401,-0.0552108,4.5558343,6.2778208
0.2468750,0.0209562,-0.0552542,4.3741858,6.0961723
0.2475000,0.0209722,-0.0552961,4.1922464,5.9142329
0.2481250,0.0209867,-0.0553329,4.0075925,5.7295790
0.2487500,0.0210011,-0.0553683,3.8226854,5.5446719
0.2493750,0.0210139,-0.0553984,3.6354867,5.3574732
0.2500000,0.0210266,-0.0554270,3.4480740,5.1700605
0.2506250,0.0210377,-0.0554511,3.2589005,4.9808870
0.2512500,0.0210487,-0.0554752,3.0697271,4.7917136
0.2518750,0.0210580,-0.0554955,2.8793012,4.6012877
0.2525000,0.0210673,-0.0555157,2.6888754,4.4108619
0.2531250,0.0210749,-0.0555322,2.4976131,4.2195996
0.2537500,0.0210825,-0.0555486,2.3063508,4.0283373
0.2543750,0.0210884,-0.0555613,2.1146737,3.8366602
0.2550000,0.0210942,-0.0555741,1.9229967,3.6449832
0.2556250,0.0210984,-0.0555831,1.7313298,3.4533164
0.2562500,0.0211026,-0.0555922,1.5396630,3.2616495
0.2568750,0.0211052,-0.0555978,1.3484319,3.0704184
0.2575000,0.0211077,-0.0556033,1.1572009,2.8791874
0.2581250,0.0211087,-0.0556054,0.9668295,2.6888161
0.2587500,0.0211097,-0.0556075,0.7764582,2.4984447
0.2593750,0.0211092,-0.0556063,0.5873661,2.3093526
0.2600000,0.0211086,-0.0556051,0.3982740,2.1202605
0.2606250,0.0211066,-0.0556007,0.2108739,1.9328604
0.2612500,0.0211045,-0.0555963,0.0234738,1.7454603
0.2618750,0.0211011,-0.0555889,-0.1618309,1.5601556
0.2625000,0.0210977,-0.0555816,-0.3471355,1.3748510
0.2631250,0.0210930,-0.0555713,-0.5299531,1.1920334
0.2637500,0.0210883,-0.0555611,-0.7127708,1.0092157
0.2643750,0.0210823,-0.0555482,-0.8927242,0.8292623
0.2650000,0.0210763,-0.0555353,-1.0726776,0.6493089
0.2656250,0.0210692,-0.0555198,-1.2494059,0.4725806
0.2662500,0.0210621,-0.0555044,-1.4261343,0.2958522
0.2668750,0.0210539,-0.0554866,-1.5992959,0.1226906
0.2675000,0.0210457,-0.0554688,-1.7724574,-0.0504709
0.2681250,0.0210365,-0.0554488,-1.9417316,-0.2197450
0.2687500,0.0210273,-0.0554287,-2.1110057,-0.3890192
0.2693750,0.0210172,-0.0554065,-2.2760950,-0.5541085
0.2700000,0.0210071,-0.0553844,-2.4411843,-0.7191978
0.2706250,0.0209961,-0.0553602,-2.6018164,-0.8798299
0.2712500,0.0209851,-0.0553361,-2.7624485,-1.0404620
0.2718750,0.0209733,-0.0553101,-2.9183781,-1.1963916
0.2725000,0.0209614,-0.0552841,-3.0743077,-1.3523212
0.2731250,0.0209488,-0.0552563,-3.2253181,-1.5033316
0.2737500,0.0209362,-0.0552285,-3.3763285,-1.6543420
0.2743750,0.0209229,-0.0551990,-3.5222333,-1.8002468
0.2750000,0.0209096,-0.0551695,-3.6681381,-1.9461516
0.2756250,0.0208956,-0.0551384,-3.8087821,-2.0867956
0.2762500,0.0208816,-0.0551073,-3.9494261,-2.2274396
0.2768750,0.0208670,-0.0550745,-4.0846869,-2.3627004
0.2775000,0.0208523,-0.0550418,-4.2199477,-2.4979612
0.2781250,0.0208370,-0.0550075,-4.3497363,-2.6277498
0.2787500,0.0208217,-0.0549732,-4.4795250,-2.7575385
0.2793750,0.0208058,-0.0549374,-4.6037868,-2.8818003
0.2800000,0.0207898,-0.0549015,-4.7280486,-3.0060621
0.2806250,0.0207733,-0.0548640,-4.8467636,-3.1247771
0.2812500,0.0207567,-0.0548266,-4.9654787,-3.2434922
0.2818750,0.0207396,-0.0547876,-5.0786621,-3.3566756
0.2825000,0.0207225,-0.0547487,-5.1918455,-3.4698590
0.2831250,0.0207048,-0.0547082,-5.2995476,-3.5775611
0.2837500,0.0206870,-0.0546677,-5.4072496,-3.6852631
0.2843750,0.0206687,-0.0546256,-5.5095555,-3.7875690
0.2850000,0.0206504,-0.0545835,-5.6118614,-3.8898749
0.2856250,0.0206315,-0.0545399,-5.7088909,-3.9869044
0.2862500,0.0206126,-0.0544962,-5.8059204,-4.0839339
0.2868750,0.0205931,-0.0544510,-5.8978272,-4.1758407
0.2875000,0.0205736,-0.0544058,-5.9897340,-4.2677475
0.2881250,0.0205536,-0.0543590,-6.0767050,-4.3547185
0.2887500,0.0205336,-0.0543122,-6.1636759,-4.4416894
0.2893750,0.0205130,-0.0542638,-6.2459298,-4.5239433
0.2900000,0.0204924,-0.0542154,-6.3281836,-4.6061971
0.2906250,0.0204713,-0.0541655,-6.4059700,-4.6839835
0.2912500,0.0204502,-0.0541156,-6.4837563,-4.7617698
0.2918750,0.0204286,-0.0540642,-6.5573538,-4.8353673
0.2925000,0.0204070,-0.0540128,-6.6309513,-4.9089648
0.2931250,0.0203850,-0.0539599,-6.7006662,-4.9786797
0.2937500,0.0203629,-0.0539070,-6.7703811,-5.0483946
0.2943750,0.0203405,-0.0538527,-6.8365452,-5.1145587
0.2950000,0.0203180,-0.0537984,-6.9027093,-5.1807228
0.2956250,0.0202951,-0.0537427,-6.9656779,-5.2436914
0.2962500,0.0202722,-0.0536871,-7.0286464,-5.3066599
0.2968750,0.0202490,-0.0536302,-7.0887959,-5.3668094
0.2975000,0.0202258,-0.0535733,-7.1489453,-5.4269588
0.2981250,0.0202023,-0.0535152,-7.2066708,-5.4846843
0.2987500,0.0201787,-0.0534571,-7.2643962,-5.5424097
0.2993750,0.0201550,-0.0533979,-7.3201090,-5.5981225
0.3000000,0.0201312,-0.0533388,-7.3758219,-5.6538354
0.3006250,0.0201072,-0.0532786,-7.4299469,-5.7079604
0.3012500,0.0200832,-0.0532185,-7.4840719,-5.7620854
0.3018750,0.0200591,-0.0531575,-7.5370445,-5.8150580
0.3025000,0.0200350,-0.0530965,-7.5900171,-5.8680306
0.3031250,0.0200108,-0.0530347,-7.6422803,-5.9202938
0.3037500,0.0199865,-0.0529729,-7.6945435,-5.9725570
0.3043750,0.0199622,-0.0529104,-7.7465450,-6.0245586
0.3050000,0.0199379,-0.0528479,-7.7985466,-6.0765601
0.3056250,0.0199136,-0.0527848,-7.8507359,-6.1287494
0.3062500,0.0198892,-0.0527217,-7.9029252,-6.1809387
0.3068750,0.0198649,-0.0526580,-7.9557500,-6.2337635
0.3075000,0.0198406,-0.0525944,-8.0085749,-6.2865884
0.3081250,0.0198163,-0.0525303,-8.0624786,-6.3404921
0.3087500,0.0197920,-0.0524661,-8.1163823,-6.3943958
0.3093750,0.0197678,-0.0524015,-8.1718003,-6.4498138
0.3100000,0.0197435,-0.0523369,-8.2272184,-6.5052319
0.3106250,0.0197193,-0.0522718,-8.2845754,-6.5625889
0.3112500,0.0196950,-0.0522067,-8.3419325,-6.6199460
0.3118750,0.0196708,-0.0521411,-8.4016394,-6.6796529
0.3125000,0.0196466,-0.0520755,-8.4613463,-6.7393598
0.3131250,0.0196225,-0.0520093,-8.5237971,-6.8018106
0.3137500,0.0195983,-0.0519432,-8.5862478,-6.8642613
0.3143750,0.0195742,-0.0518764,-8.6518166,-6.9298301
0.3150000,0.0195500,-0.0518097,-8.7173853,-6.9953988
0.3156250,0.0195258,-0.0517422,-8.7864238,-7.0644373
0.3162500,0.0195016,-0.0516746,-8.8554623,-7.1334758
0.3168750,0.0194774,-0.0516062,-8.9282971,-7.2063106
0.3175000,0.0194531,-0.0515379,-9.0011319,-7.2791454
0.3181250,0.0194287,-0.0514684,-9.0780617,-7.3560752
0.3187500,0.0194043,-0.0513990,-9.1549915,-7.4330050
0.3193750,0.0193797,-0.0513283,-9.2362852,-7.5142987
0.3200000,0.0193551,-0.0512577,-9.3175788,-7.5955923
0.3206250,0.0193303,-0.0511856,-9.4034728,-7.6814863
0.3212500,0.0193055,-0.0511135,-9.4893668,-7.7673803
0.3218750,0.0192804,-0.0510397,-9.5800636,-7.8580771
0.3225000,0.0192553,-0.0509660,-9.6707603,-7.9487738
0.3231250,0.0192298,-0.0508904,-9.7664262,-8.0444397
0.3237500,0.0192043,-0.0508147,-9.8620921,-8.1401056
0.3243750,0.0191785,-0.0507370,-9.9628562,-8.2408697
0.3250000,0.0191526,-0.0506593,-10.0636202,-8.3416337
0.3256250,0.0191263,-0.0505792,-10.1695726,-8.4475861
0.3262500,0.0190999,-0.0504991,-10.2755251,-8.5535386
0.3268750,0.0190731,-0.0504165,-10.3867163,-8.6647298
0.3275000,0.0190462,-0.0503338,-10.4979075,-8.7759210
0.3281250,0.0190188,-0.0502483,-10.6143474,-8.8923609
0.3287500,0.0189914,-0.0501629,-10.7307873,-9.0088008
0.3293750,0.0189634,-0.0500745,-10.8524447,-9.1304582
0.3300000,0.0189354,-0.0499861,-10.9741021,-9.2521156
0.3306250,0.0189069,-0.0498945,-11.1009044,-9.3789179
0.3312500,0.0188783,-0.0498029,-11.2277068,-9.5057203
0.3318750,0.0188492,-0.0497080,-11.3595403,-9.6375538
0.3325000,0.0188200,-0.0496131,-11.4913738,-9.7693873
0.3331250,0.0187903,-0.0495147,-11.6280837,-9.9060972
0.3337500,0.0187605,-0.0494164,-11.7647935,-10.0428070
0.3343750,0.0187302,-0.0493145,-11.9061846,-10.1841981
0.3350000,0.0186998,-0.0492127,-12.0475756,-10.3255891
0.3356250,0.0186690,-0.0491074,-12.1934131,-10.4714266
0.3362500,0.0186381,-0.0490020,-12.3392505,-10.6172640
0.3368750,0.0186068,-0.0488931,-12.4892612,-10.7672747
0.3375000,0.0185755,-0.0487841,-12.6392720,-10.9172855
0.3381250,0.0185438,-0.0486716,-12.7931459,-11.0711594
0.3387500,0.0185120,-0.0485591,-12.9470198,-11.2250333
0.3393750,0.0184799,-0.0484432,-13.1044114,-11.3824249
0.3400000,0.0184478,-0.0483273,-13.2618030,-11.5398165
0.3406250,0.0184155,-0.0482080,-13.4223333,-11.7003468
0.3412500,0.0183832,-0.0480887,-13.5828635,-11.8608770
0.3418750,0.0183507,-0.0479662,-13.7461221,-12.0241356
0.3425000,0.0183182,-0.0478437,-13.9093808,-12.1873943
0.3431250,0.0182856,-0.0477182,-14.0749285,-12.3529420
0.3437500,0.0182530,-0.0475927,-14.2404763,-12.5184898
0.3443750,0.0182205,-0.0474643,-14.4078474,-12.6858609
0.3450000,0.0181879,-0.0473359,-14.5752186,-12.8532321
0.3456250,0.0181555,-0.0472048,-14.7439238,-13.0219373
0.3462500,0.0181231,-0.0470738,-14.9126290,-13.1906425
0.3468750,0.0180909,-0.0469404,-15.0821582,-13.3601717
0.3475000,0.0180587,-0.0468069,-15.2516873,-13.5297008
0.3481250,0.0180269,-0.0466712,-15.4215126,-13.6995261
0.3487500,0.0179950,-0.0465356,-15.5913379,-13.8693514
0.3493750,0.0179636,-0.0463980,-15.7609171,-14.0389306
0.3500000,0.0179321,-0.0462605,-15.9304964,-14.2085099
0.3506250,0.0179012,-0.0461212,-16.0992763,-14.3772898
0.3512500,0.0178702,-0.0459819,-16.2680562,-14.5460697
0.3518750,0.0178399,-0.0458411,-16.4354757,-14.7134892
0.3525000,0.0178095,-0.0457003,-16.6028952,-14.8809087
0.3531250,0.0177798,-0.0455582,-16.7683891,-15.0464026
0.3537500,0.0177500,-0.0454162,-16.9338829,-15.2118964
0.3543750,0.0177210,-0.0452730,-17.0968851,-15.3748986
0.3550000,0.0176919,-0.0451298,-17.2598873,-15.5379008
0.3556250,0.0176636,-0.0449857,-17.4198348,-15.6978483
0.3562500,0.0176353,-0.0448415,-17.5797823,-15.8577958
0.3568750,0.0176078,-0.0446965,-17.7361183,-16.0141318
0.3575000,0.0175803,-0.0445515,-17.8924543,-16.1704678
0.3581250,0.0175536,-0.0444058,-18.0446321,-16.3226456
0.3587500,0.0175269,-0.0442601,-18.1968099,-16.4748234
0.3593750,0.0175011,-0.0441137,-18.3442960,-16.6223095
0.3600000,0.0174752,-0.0439673,-18.4917820,-16.7697955
0.3606250,0.0174502,-0.0438202,-18.6340597,-16.9120732
0.3612500,0.0174252,-0.0436732,-18.7763374,-17.0543509
0.3618750,0.0174011,-0.0435255,-18.9129099,-17.1909234
0.3625000,0.0173770,-0.0433778,-19.0494825,-17.3274960
0.3631250,0.0173537,-0.0432294,-19.1798765,-17.4578900
0.3637500,0.0173304,-0.0430810,-19.3102704,-17.5882839
0.3643750,0.0173080,-0.0429318,-19.4340384,-17.7120519
0.3650000,0.0172856,-0.0427827,-19.5578064,-17.8358199
0.3656250,0.0172641,-0.0426327,-19.6745303,-17.9525438
0.3662500,0.0172425,-0.0424827,-19.7912541,-18.0692676
0.3668750,0.0172219,-0.0423318,-19.9005472,-18.1785607
0.3675000,0.0172012,-0.0421808,-20.0098402,-18.2878537
0.3681250,0.0171814,-0.0420288,-20.1113500,-18.3893635
0.3687500,0.0171616,-0.0418767,-20.2128598,-18.4908733
0.3693750,0.0171427,-0.0417234,-20.3062703,-18.5842838
0.3700000,0.0171237,-0.0415702,-20.3996808,-18.6776943
0.3706250,0.0171057,-0.0414156,-20.4847143,-18.7627278
0.3712500,0.0170876,-0.0412611,-20.5697478,-18.8477613
0.3718750,0.0170704,-0.0411051,-20.6461666,-18.9241801
0.3725000,0.0170532,-0.0409490,-20.7225855,-19.0005990
0.3731250,0.0170370,-0.0407914,-20.7901936,-19.0682071
0.3737500,0.0170207,-0.0406338,-20.8578017,-19.1358152
0.3743750,0.0170054,-0.0404745,-20.9164458,-19.1944593
0.3750000,0.0169900,-0.0403153,-20.9750899,-19.2531034
0.3756250,0.0169756,-0.0401543,-21.0246603,-19.3026738
0.3762500,0.0169612,-0.0399932,-21.0742306,-19.3522441
0.3768750,0.0169478,-0.0398303,-21.1146619,-19.3926754
0.3775000,0.0169344,-0.0396675,-21.1550931,-19.4331066
0.3781250,0.0169220,-0.0395028,-21.1863643,-19.4643778
0.3787500,0.0169096,-0.0393382,-21.2176355,-19.4956490
0.3793750,0.0168983,-0.0391717,-21.2397705,-19.5177840
0.3800000,0.0168869,-0.0390053,-21.2619055,-19.5399190
0.3806250,0.0168767,-0.0388371,-21.2749723,-19.5529858
0.3812500,0.0168664,-0.0386689,-21.2880390,-19.5660525
0.3818750,0.0168573,-0.0384990,-21.2921493,-19.5701628
0.3825000,0.0168482,-0.0383291,-21.2962595,-19.5742730
0.3831250,0.0168403,-0.0381577,-21.2915678,-19.5695813
0.3837500,0.0168323,-0.0379863,-21.2868762,-19.5648897
0.3843750,0.0168256,-0.0378134,-21.2735788,-19.5515923
0.3850000,0.0168189,-0.0376406,-21.2602815,-19.5382950
0.3856250,0.0168134,-0.0374666,-21.2386149,-19.5166284
0.3862500,0.0168079,-0.0372926,-21.2169482,-19.4949617
0.3868750,0.0168037,-0.0371175,-21.1871871,-19.4652006
0.3875000,0.0167995,-0.0369425,-21.1574260,-19.4354395
0.3881250,0.0167966,-0.0367668,-21.1198818,-19.3978953
0.3887500,0.0167937,-0.0365910,-21.0823376,-19.3603511
0.3893750,0.0167922,-0.0364147,-21.0373559,-19.3153694
0.3900000,0.0167906,-0.0362385,-20.9923743,-19.2703878
0.3906250,0.0167904,-0.0360620,-20.9403324,-19.2183459
0.3912500,0.0167901,-0.0358856,-20.8882906,-19.1663041
0.3918750,0.0167912,-0.0357092,-20.8295951,-19.1076086
0.3925000,0.0167923,-0.0355329,-20.7708996,-19.0489131
0.3931250,0.0167948,-0.0353569,-20.7059831,-18.9839966
0.3937500,0.0167972,-0.0351809,-20.6410666,-18.9190801
0.3943750,0.0168010,-0.0350055,-20.5703850,-18.8483985
0.3950000,0.0168047,-0.0348301,-20.4997034,-18.7777169
0.3956250,0.0168097,-0.0346556,-20.4237324,-18.7017459
0.3962500,0.0168147,-0.0344812,-20.3477614,-18.6257749
0.3968750,0.0168210,-0.0343079,-20.2669935,-18.5450070
0.3975000,0.0168273,-0.0341346,-20.1862257,-18.4642392
0.3981250,0.0168348,-0.0339627,-20.1011666,-18.3791801
0.3987500,0.0168423,-0.0337908,-20.0161075,-18.2941210
0.3993750,0.0168510,-0.0336205,-19.9272724,-18.2052859
0.4000000,0.0168597,-0.0334503,-19.8384374,-18.1164509
0.4006250,0.0168696,-0.0332818,-19.7463477,-18.0243612
0.4012500,0.0168794,-0.0331133,-19.6542580,-17.9322715
0.4018750,0.0168903,-0.0329468,-19.5594376,-17.8374511
0.4025000,0.0169012,-0.0327803,-19.4646171,-17.7426306
0.4031250,0.0169132,-0.0326159,-19.3675885,-17.6456020
0.4037500,0.0169251,-0.0324514,-19.2705598,-17.5485733
0.4043750,0.0169381,-0.0322891,-19.1718409,-17.4498544
0.4050000,0.0169510,-0.0321268,-19.0731219,-17.3511354
0.4056250,0.0169649,-0.0319668,-18.9732221,-17.2512356
0.4062500,0.0169788,-0.0318067,-18.8733223,-17.1513358
0.4068750,0.0169936,-0.0316488,-18.7727393,-17.0507528
0.4075000,0.0170084,-0.0314910,-18.6721563,-16.9501698
0.4081250,0.0170240,-0.0313355,-18.5713724,-16.8493859
0.4087500,0.0170396,-0.0311799,-18.4705886,-16.7486021
0.4093750,0.0170561,-0.0310266,-18.3700678,-16.6480813
0.4100000,0.0170725,-0.0308732,-18.2695470,-16.5475605
0.4106250,0.0170897,-0.0307220,-18.1697312,-16.4477447
0.4112500,0.0171069,-0.0305708,-18.0699155,-16.3479290
0.4118750,0.0171249,-0.0304217,-17.9712223,-16.2492358
0.4125000,0.0171428,-0.0302726,-17.8725291,-16.1505426
0.4131250,0.0171615,-0.0301255,-17.7753484,-16.0533619
0.4137500,0.0171802,-0.0299785,-17.6781677,-15.9561812
0.4143750,0.0171996,-0.0298334,-17.5828592,-15.8608727
0.4150000,0.0172189,-0.0296883,-17.4875508,-15.7655643
0.4156250,0.0172389,-0.0295450,-17.3944421,-15.6724556
0.4162500,0.0172589,-0.0294017,-17.3013334,-15.5793469
0.4168750,0.0172796,-0.0292601,-17.2107172,-15.4887307
0.4175000,0.0173002,-0.0291185,-17.1201009,-15.3981144
0.4181250,0.0173215,-0.0289786,-17.0322333,-15.3102468
0.4187500,0.0173428,-0.0288387,-16.9443658,-15.2223793
0.4193750,0.0173648,-0.0287004,-16.8594651,-15.1374786
0.4200000,0.0173867,-0.0285620,-16.7745644,-15.0525779
0.4206250,0.0174092,-0.0284251,-16.6928092,-14.9708227
0.4212500,0.0174317,-0.0282882,-16.6110540,-14.8890675
0.4218750,0.0174548,-0.0281528,-16.5325825,-14.8105960
0.4225000,0.0174779,-0.0280173,-16.4541110,-14.7321245
0.4231250,0.0175016,-0.0278832,-16.3790199,-14.6570334
0.4237500,0.0175253,-0.0277491,-16.3039289,-14.5819424
0.4243750,0.0175496,-0.0276163,-16.2322735,-14.5102870
0.4250000,0.0175738,-0.0274835,-16.1606181,-14.4386316
0.4256250,0.0175986,-0.0273520,-16.0924115,-14.3704250
0.4262500,0.0176234,-0.0272205,-16.0242049,-14.3022184
0.4268750,0.0176488,-0.0270903,-15.9594185,-14.2374320
0.4275000,0.0176741,-0.0269601,-15.8946320,-14.1726455
0.4281250,0.0177000,-0.0268311,-15.8331958,-14.1112093
0.4287500,0.0177258,-0.0267022,-15.7717596,-14.0497731
0.4293750,0.0177521,-0.0265745,-15.7135631,-13.9915766
0.4300000,0.0177784,-0.0264469,-15.6553666,-13.9333801
0.4306250,0.0178052,-0.0263205,-15.6002596,-13.8782732
0.4312500,0.0178320,-0.0261942,-15.5451527,-13.8231662
0.4318750,0.0178593,-0.0260692,-15.4929470,-13.7709605
0.4325000,0.0178865,-0.0259442,-15.4407412,-13.7187547
0.4331250,0.0179142,-0.0258205,-15.3912116,-13.6692251
0.4337500,0.0179418,-0.0256968,-15.3416819,-13.6196954
0.4343750,0.0179698,-0.0255745,-15.2945685,-13.5725820
0.4350000,0.0179978,-0.0254522,-15.2474552,-13.5254687
0.4356250,0.0180262,-0.0253313,-15.2024655,-13.4804790
0.4362500,0.0180546,-0.0252103,-15.1574757,-13.4354892
0.4368750,0.0180834,-0.0250907,-15.1142866,-13.3923001
0.4375000,0.0181121,-0.0249712,-15.0710975,-13.3491110
0.4381250,0.0181412,-0.0248530,-15.0293582,-13.3073717
0.4387500,0.0181703,-0.0247349,-14.9876189,-13.2656324
0.4393750,0.0181997,-0.0246180,-14.9469533,-13.2249668
0.4400000,0.0182291,-0.0245012,-14.9062878,-13.1843013
0.4406250,0.0182588,-0.0243857,-14.8662980,-13.1443115
0.4412500,0.0182884,-0.0242702,-14.8263082,-13.1043217
0.4418750,0.0183184,-0.0241560,-14.7865767,-13.0645902
0.4425000,0.0183484,-0.0240418,-14.7468453,-13.0248588
0.4431250,0.0183787,-0.0239287,-14.7069393,-12.9849528
0.4437500,0.0184089,-0.0238157,-14.6670332,-12.9450467
0.4443750,0.0184395,-0.0237038,-14.6265067,-12.9045202
0.4450000,0.0184701,-0.0235919,-14.5859802,-12.8639937
0.4456250,0.0185010,-0.0234810,-14.5443784,-12.8223920
0.4462500,0.0185318,-0.0233702,-14.5027767,-12.7807902
0.4468750,0.0185630,-0.0232602,-14.4596392,-12.7376527
0.4475000,0.0185942,-0.0231503,-14.4165018,-12.6945153
0.4481250,0.0186258,-0.0230411,-14.3713659,-12.6493794
0.4487500,0.0186573,-0.0229320,-14.3262299,-12.6042434
0.4493750,0.0186893,-0.0228235,-14.2786342,-12.5566477
0.4500000,0.0187212,-0.0227151,-14.2310385,-12.5090520
0.4506250,0.0187536,-0.0226072,-14.1805265,-12.4585400
0.4512500,0.0187859,-0.0224993,-14.1300146,-12.4080281
0.4518750,0.0188187,-0.0223918,-14.0761382,-12.3541517
0.4525000,0.0188514,-0.0222844,-14.0222619,-12.3002754
0.4531250,0.0188846,-0.0221773,-13.9645849,-12.2425984
0.4537500,0.0189178,-0.0220702,-13.9069078,-12.1849213
0.4543750,0.0189515,-0.0219633,-13.8450087,-12.1230222
0.4550000,0.0189852,-0.0218564,-13.7831097,-12.0611232
0.4556250,0.0190195,-0.0217496,-13.7165857,-11.9945992
0.4562500,0.0190537,-0.0216429,-13.6500616,-11.9280751
0.4568750,0.0190885,-0.0215363,-13.5785309,-11.8565444
0.4575000,0.0191232,-0.0214297,-13.5070002,-11.7850137
0.4581250,0.0191586,-0.0213231,-13.4301057,-11.7081192
0.4587500,0.0191939,-0.0212165,-13.3532111,-11.6312246
0.4593750,0.0192298,-0.0211099,-13.2706224,-11.5486359
0.4600000,0.0192656,-0.0210034,-13.1880337,-11.4660472
0.4606250,0.0193021,-0.0208970,-13.0994503,-11.3774638
0.4612500,0.0193385,-0.0207905,-13.0108669,-11.2888804
0.4618750,0.0193755,-0.0206841,-12.9160200,-11.1940335
0.4625000,0.0194124,-0.0205778,-12.8211732,-11.0991867
0.4631250,0.0194499,-0.0204717,-12.7198285,-10.9978420
0.4637500,0.0194873,-0.0203656,-12.6184838,-10.8964973
0.4643750,0.0195252,-0.0202598,-12.5104426,-10.7884561
0.4650000,0.0195631,-0.0201540,-12.4024014,-10.6804149
0.4656250,0.0196014,-0.0200488,-12.2875027,-10.5655162
0.4662500,0.0196397,-0.0199435,-12.1726041,-10.4506176
0.4668750,0.0196783,-0.0198390,-12.0507261,-10.3287396
0.4675000,0.0197169,-0.0197344,-11.9288480,-10.2068615
0.4681250,0.0197557,-0.0196308,-11.7999086,-10.0779221
0.4687500,0.0197945,-0.0195272,-11.6709691,-9.9489826
0.4693750,0.0198334,-0.0194248,-11.5349271,-9.8129406
0.4700000,0.0198723,-0.0193224,-11.3988851,-9.6768986
0.4706250,0.0199112,-0.0192215,-11.2557409,-9.5337544
0.4712500,0.0199501,-0.0191206,-11.1125968,-9.3906103
0.4718750,0.0199889,-0.0190214,-10.9623923,-9.2404058
0.4725000,0.0200276,-0.0189222,-10.8121877,-9.0902012
0.4731250,0.0200661,-0.0188251,-10.6550062,-8.9330197
0.4737500,0.0201045,-0.0187281,-10.4978247,-8.7758382
0.4743750,0.0201425,-0.0186334,-10.3337909,-8.6118044
0.4750000,0.0201804,-0.0185387,-10.1697570,-8.4477705
0.4756250,0.0202178,-0.0184467,-9.9990359,-8.2770494
0.4762500,0.0202551,-0.0183548,-9.8283148,-8.1063283
0.4768750,0.0202917,-0.0182659,-9.6511113,-7.9291248
0.4775000,0.0203282,-0.0181769,-9.4739078,-7.7519213
0.4781250,0.0203638,-0.0180913,-9.2904651,-7.5684786
0.4787500,0.0203993,-0.0180057,-9.1070224,-7.3850359
0.4793750,0.0204338,-0.0179237,-8.9176208,-7.1956343
0.4800000,0.0204682,-0.0178418,-8.7282191,-7.0062326
0.4806250,0.0205014,-0.0177637,-8.5331741,-6.8111876
0.4812500,0.0205345,-0.0176856,-8.3381291,-6.6161426
0.4818750,0.0205662,-0.0176116,-8.1377896,-6.4158031
0.4825000,0.0205979,-0.0175377,-7.9374501,-6.2154636
0.4831250,0.0206281,-0.0174681,-7.7321962,-6.0102097
0.4837500,0.0206582,-0.0173985,-7.5269423,-5.8049558
0.4843750,0.0206866,-0.0173335,-7.3171830,-5.5951965
0.4850000,0.0207150,-0.0172684,-7.1074237,-5.3854372
0.4856250,0.0207416,-0.0172080,-6.8935941,-5.1716076
0.4862500,0.0207681,-0.0171476,-6.6797646,-4.9577781
0.4868750,0.0207928,-0.0170919,-6.4623234,-4.7403369
0.4875000,0.0208175,-0.0170363,-6.2448822,-4.5228957
0.4881250,0.0208402,-0.0169855,-6.0243087,-4.3023222
0.4887500,0.0208628,-0.0169347,-5.8037353,-4.0817488
0.4893750,0.0208834,-0.0168888,-5.5805264,-3.8585399
0.4900000,0.0209040,-0.0168429,-5.3573176,-3.6353311
0.4906250,0.0209226,-0.0168018,-5.1319847,-3.4099982
0.4912500,0.0209411,-0.0167608,-4.9066518,-3.1846653
0.4918750,0.0209575,-0.0167246,-4.6797174,-2.9577309
0.4925000,0.0209739,-0.0166884,-4.4527830,-2.7307965
0.4931250,0.0209883,-0.0166570,-4.2247775,-2.5027910
0.4937500,0.0210026,-0.0166255,-3.9967720,-2.2747855
0.4943750,0.0210148,-0.0165988,-3.7682306,-2.0462441
0.4950000,0.0210270,-0.0165720,-3.5396892,-1.8177027
0.4956250,0.0210372,-0.0165497,-3.3111481,-1.5891616
0.4962500,0.0210474,-0.0165275,-3.0826070,-1.3606205
0.4968750,0.0210556,-0.0165097,-2.8546004,-1.1326139
0.4975000,0.0210638,-0.0164919,-2.6265938,-0.9046073
0.4981250,0.0210701,-0.0164783,-2.3996504,-0.6776639
0.4987500,0.0210763,-0.0164647,-2.1727070,-0.4507205
0.4993750,0.0210807,-0.0164552,-1.9473468,-0.2253602
0.5000000,0.0210851,-0.0164457,-1.7219865,0.0000000
0.5006250,0.0210877,-0.0164401,-1.4987175,0.2232690
0.5012500,0.0210903,-0.0164345,-1.2754484,0.4465381
0.5018750,0.0210912,-0.0164327,-1.0547635,0.6672230
0.5025000,0.0210920,-0.0164308,-0.8340786,0.8879079
0.5031250,0.0210913,-0.0164325,-0.6164527,1.1055338
0.5037500,0.0210905,-0.0164341,-0.3988268,1.3231597
0.5043750,0.0210882,-0.0164391,-0.1847139,1.5372726
0.5050000,0.0210858,-0.0164441,0.0293990,1.7513855
0.5056250,0.0210820,-0.0164523,0.2395686,1.9615551
0.5062500,0.0210782,-0.0164606,0.4497383,2.1717248
0.5068750,0.0210731,-0.0164718,0.6555606,2.3775471
0.5075000,0.0210679,-0.0164831,0.8613830,2.5833695
0.5081250,0.0210614,-0.0164973,1.0624825,2.7844690
0.5087500,0.0210548,-0.0165114,1.2635820,2.9855685
0.5093750,0.0210471,-0.0165283,1.4596139,3.1816004
0.5100000,0.0210393,-0.0165452,1.6556458,3.3776323
0.5106250,0.0210304,-0.0165647,1.8462979,3.5682844
0.5112500,0.0210214,-0.0165843,2.0369501,3.7589366
0.5118750,0.0210113,-0.0166064,2.2219448,3.9439313
0.5125000,0.0210012,-0.0166285,2.4069396,4.1289261
0.5131250,0.0209900,-0.0166531,2.5860351,4.3080216
0.5137500,0.0209788,-0.0166776,2.7651306,4.4871171
0.5143750,0.0209666,-0.0167046,2.9381222,4.6601087
0.5150000,0.0209544,-0.0167315,3.1111137,4.8331002
0.5156250,0.0209412,-0.0167607,3.2778346,4.9998211
0.5162500,0.0209279,-0.0167899,3.4445555,5.1665420
0.5168750,0.0209137,-0.0168214,3.6048781,5.3268646
0.5175000,0.0208995,-0.0168529,3.7652007,5.4871872
0.5181250,0.0208844,-0.0168866,3.9190364,5.6410229
0.5187500,0.0208693,-0.0169202,4.0728720,5.7948585
0.5193750,0.0208533,-0.0169560,4.2201719,5.9421584
0.5200000,0.0208373,-0.0169918,4.3674717,6.0894582
0.5206250,0.0208204,-0.0170297,4.5082261,6.2302126
0.5212500,0.0208035,-0.0170676,4.6489804,6.3709669
0.5218750,0.0207859,-0.0171075,4.7832189,6.5052054
0.5225000,0.0207682,-0.0171475,4.9174574,6.6394439
0.5231250,0.0207497,-0.0171895,5.0452481,6.7672346
0.5237500,0.0207312,-0.0172314,5.1730388,6.8950253
0.5243750,0.0207120,-0.0172753,5.2944877,7.0164742
0.5250000,0.0206928,-0.0173191,5.4159365,7.1379230
0.5256250,0.0206729,-0.0173648,5.5311860,7.2531725
0.5262500,0.0206530,-0.0174105,5.6464355,7.3684220
0.5268750,0.0206325,-0.0174579,5.7556635,7.4776500
0.5275000,0.0206119,-0.0175054,5.8648915,7.5868780
0.5281250,0.0205907,-0.0175546,5.9683098,7.6902963
0.5287500,0.0205695,-0.0176038,6.0717282,7.7937147
0.5293750,0.0205478,-0.0176546,6.1695808,7.8915673
0.5300000,0.0205261,-0.0177053,6.2674333,7.9894198
0.5306250,0.0205039,-0.0177576,6.3599942,8.0819807
0.5312500,0.0204817,-0.0178098,6.4525551,8.1745416
0.5318750,0.0204591,-0.0178634,6.5401265,8.2621130
0.5325000,0.0204365,-0.0179171,6.6276980,8.3496845
0.5331250,0.0204135,-0.0179720,6.7106080,8.4325945
0.5337500,0.0203905,-0.0180269,6.7935180,8.5155045
0.5343750,0.0203672,-0.0180829,6.8721180,8.5941045
0.5350000,0.0203439,-0.0181389,6.9507180,8.6727045
0.5356250,0.0203204,-0.0181959,7.0253802,8.7473667
0.5362500,0.0202968,-0.0182530,7.1000424,8.8220289
0.5368750,0.0202731,-0.0183109,7.1711573,8.8931438
0.5375000,0.0202493,-0.0183689,7.2422721,8.9642586
0.5381250,0.0202255,-0.0184276,7.3102453,9.0322318
0.5387500,0.0202016,-0.0184863,7.3782185,9.1002050
0.5393750,0.0201777,-0.0185457,7.4434684,9.1654549
0.5400000,0.0201537,-0.0186050,7.5087183,9.2307048
0.5406250,0.0201297,-0.0186649,7.5716728,9.2936593
0.5412500,0.0201057,-0.0187248,7.6346272,9.3566137
0.5418750,0.0200818,-0.0187852,7.6957208,9.4177073
0.5425000,0.0200578,-0.0188457,7.7568144,9.4788009
0.5431250,0.0200339,-0.0189065,7.8164853,9.5384718
0.5437500,0.0200099,-0.0189674,7.8761562,9.5981427
0.5443750,0.0199860,-0.0190286,7.9348434,9.6568299
0.5450000,0.0199621,-0.0190898,7.9935305,9.7155170
0.5456250,0.0199383,-0.0191514,8.0516707,9.7736572
0.5462500,0.0199144,-0.0192129,8.1098109,9.8317974
0.5468750,0.0198906,-0.0192748,8.1678355,9.8898220
0.5475000,0.0198668,-0.0193368,8.2258602,9.9478467
0.5481250,0.0198431,-0.0193991,8.2841929,10.0061794
0.5487500,0.0198194,-0.0194615,8.3425257,10.0645122
0.5493750,0.0197957,-0.0195243,8.4015792,10.1235657
0.5500000,0.0197720,-0.0195870,8.4606327,10.1826192
0.5506250,0.0197483,-0.0196504,8.5208063,10.2427928
0.5512500,0.0197246,-0.0197137,8.5809799,10.3029664
0.5518750,0.0197009,-0.0197777,8.6426568,10.3646433
0.5525000,0.0196772,-0.0198416,8.7043336,10.4263201
0.5531250,0.0196534,-0.0199063,8.7678783,10.4898648
0.5537500,0.0196296,-0.0199710,8.8314231,10.5534096
0.5543750,0.0196057,-0.0200367,8.8971797,10.6191662
0.5550000,0.0195818,-0.0201023,8.9629362,10.6849227
0.5556250,0.0195578,-0.0201690,9.0312254,10.7532119
0.5562500,0.0195337,-0.0202357,9.0995145,10.8215010
0.5568750,0.0195094,-0.0203037,9.1706321,10.8926186
0.5575000,0.0194851,-0.0203717,9.2417497,10.9637362
0.5581250,0.0194606,-0.0204411,9.3159648,11.0379513
0.5587500,0.0194360,-0.0205106,9.3901799,11.1121664
0.5593750,0.0194111,-0.0205817,9.4677330,11.1897195
0.5600000,0.0193862,-0.0206528,9.5452860,11.2672725
0.5606250,0.0193609,-0.0207258,9.6263876,11.3483741
0.5612500,0.0193356,-0.0207987,9.7074892,11.4294757
0.5618750,0.0193099,-0.0208737,9.7923189,11.5143054
0.5625000,0.0192842,-0.0209488,9.8771486,11.5991351
0.5631250,0.0192581,-0.0210260,9.9658535,11.6878400
0.5637500,0.0192319,-0.0211033,10.0545584,11.7765449
0.5643750,0.0192052,-0.0211829,10.1472527,11.8692392
0.5650000,0.0191785,-0.0212626,10.2399471,11.9619336
0.5656250,0.0191513,-0.0213449,10.3367114,12.0586979
0.5662500,0.0191241,-0.0214271,10.4334756,12.1554621
0.5668750,0.0190964,-0.0215120,10.5343563,12.2563428
0.5675000,0.0190686,-0.0215969,10.6352369,12.3572234
0.5681250,0.0190403,-0.0216847,10.7402461,12.4622326
0.5687500,0.0190120,-0.0217725,10.8452554,12.5672419
0.5693750,0.0189832,-0.0218632,10.9543711,12.6763576
0.5700000,0.0189544,-0.0219539,11.0634868,12.7854733
0.5706250,0.0189251,-0.0220476,11.1766529,12.8986394
0.5712500,0.0188957,-0.0221412,11.2898190,13.0118055
0.5718750,0.0188659,-0.0222379,11.4069459,13.1289324
0.5725000,0.0188360,-0.0223346,11.5240728,13.2460593
0.5731250,0.0188057,-0.0224344,11.6450379,13.3670244
0.5737500,0.0187753,-0.0225341,11.7660030,13.4879895
0.5743750,0.0187446,-0.0226368,11.8906516,13.6126381
0.5750000,0.0187139,-0.0227396,12.0153003,13.7372868
0.5756250,0.0186829,-0.0228453,12.1434467,13.8654332
0.5762500,0.0186518,-0.0229510,12.2715930,13.9935795
0.5768750,0.0186205,-0.0230597,12.4030216,14.1250081
0.5775000,0.0185891,-0.0231683,12.5344501,14.2564366
0.5781250,0.0185575,-0.0232797,12.6689166,14.3909031
0.5787500,0.0185259,-0.0233912,12.8033830,14.5253695
0.5793750,0.0184942,-0.0235053,12.9406163,14.6626028
0.5800000,0.0184625,-0.0236195,13.0778497,14.7998362
0.5806250,0.0184307,-0.0237363,13.2175534,14.9395399
0.5812500,0.0183989,-0.0238530,13.3572571,15.0792436
0.5818750,0.0183671,-0.0239722,13.4991112,15.2210977
0.5825000,0.0183353,-0.0240914,13.6409653,15.3629518
0.5831250,0.0183036,-0.0242129,13.7846283,15.5066148
0.5837500,0.0182718,-0.0243344,13.9282913,15.6502778
0.5843750,0.0182403,-0.0244581,14.0734020,15.7953885
0.5850000,0.0182087,-0.0245818,14.2185128,15.9404993
0.5856250,0.0181773,-0.0247075,14.3646929,16.0866794
0.5862500,0.0181459,-0.0248332,14.5108729,16.2328594
0.5868750,0.0181149,-0.0249608,14.6577285,16.3797150
0.5875000,0.0180838,-0.0250883,14.8045841,16.5265706
0.5881250,0.0180531,-0.0252177,14.9517087,16.6736952
0.5887500,0.0180224,-0.0253470,15.0988333,16.8208198
0.5893750,0.0179921,-0.0254779,15.2458096,16.9677961
0.5900000,0.0179618,-0.0256089,15.3927860,17.1147725
0.5906250,0.0179319,-0.0257414,15.5391888,17.2611753
0.5912500,0.0179020,-0.0258738,15.6855916,17.4075781
0.5918750,0.0178727,-0.0260077,15.8309896,17.5529761
0.5925000,0.0178434,-0.0261415,15.9763875,17.6983740
0.5931250,0.0178146,-0.0262767,16.1203461,17.8423326
0.5937500,0.0177857,-0.0264119,16.2643047,17.9862912
0.5943750,0.0177575,-0.0265483,16.4063883,18.1283748
0.5950000,0.0177293,-0.0266848,16.5484719,18.2704584
0.5956250,0.0177017,-0.0268225,16.6882463,18.4102328
0.5962500,0.0176741,-0.0269602,16.8280207,18.5500072
0.5968750,0.0176471,-0.0270991,16.9650555,18.6870420
0.5975000,0.0176201,-0.0272379,17.1020903,18.8240768
0.5981250,0.0175938,-0.0273779,17.2359610,18.9579475
0.5987500,0.0175674,-0.0275179,17.3698317,19.0918182
0.5993750,0.0175418,-0.0276591,17.5001222,19.2221087
0.6000000,0.0175161,-0.0278003,17.6304128,19.3523993
0.6006250,0.0174912,-0.0279426,17.7567175,19.4787040
0.6012500,0.0174662,-0.0280850,17.8830222,19.6050087
0.6018750,0.0174420,-0.0282285,18.0049481,19.7269346
0.6025000,0.0174177,-0.0283720,18.1268740,19.8488605
0.6031250,0.0173942,-0.0285168,18.2440426,19.9660291
0.6037500,0.0173707,-0.0286615,18.3612112,20.0831977
0.6043750,0.0173480,-0.0288075,18.4732606,20.1952471
0.6050000,0.0173252,-0.0289534,18.5853100,20.3072965
0.6056250,0.0173032,-0.0291006,18.6918965,20.4138830
0.6062500,0.0172811,-0.0292479,18.7984831,20.5204696
0.6068750,0.0172599,-0.0293964,18.8992833,20.6212698
0.6075000,0.0172387,-0.0295449,19.0000834,20.7220699
0.6081250,0.0172183,-0.0296947,19.0947951,20.8167816
0.6087500,0.0171978,-0.0298444,19.1895067,20.9114932
0.6093750,0.0171782,-0.0299955,19.2778508,20.9998373
0.6100000,0.0171586,-0.0301466,19.3661948,21.0881813
0.6106250,0.0171399,-0.0302990,19.4479165,21.1699030
0.6112500,0.0171211,-0.0304515,19.5296383,21.2516248
0.6118750,0.0171032,-0.0306052,19.6045084,21.3264949
0.6125000,0.0170853,-0.0307589,19.6793784,21.4013649
0.6131250,0.0170683,-0.0309139,19.7471939,21.4691804
0.6137500,0.0170513,-0.0310688,19.8150093,21.5369958
0.6143750,0.0170353,-0.0312250,19.8755945,21.5975810
0.6150000,0.0170192,-0.0313813,19.9361796,21.6581661
0.6156250,0.0170041,-0.0315387,19.9893868,21.7113733
0.6162500,0.0169889,-0.0316961,20.0425940,21.7645805
0.6168750,0.0169748,-0.0318547,20.0883042,21.8102907
0.6175000,0.0169606,-0.0320132,20.1340144,21.8560009
0.6181250,0.0169475,-0.0321728,20.1721374,21.8941239
0.6187500,0.0169344,-0.0323323,20.2102604,21.9322469
0.6193750,0.0169223,-0.0324928,20.2407351,21.9627216
0.6200000,0.0169102,-0.0326533,20.2712098,21.9931963
0.6206250,0.0168992,-0.0328147,20.2940046,22.0159911
0.6212500,0.0168881,-0.0329761,20.3167994,22.0387859
0.6218750,0.0168782,-0.0331382,20.3319117,22.0538982
0.6225000,0.0168682,-0.0333002,20.3470239,22.0690104
0.6231250,0.0168594,-0.0334629,20.3544801,22.0764666
0.6237500,0.0168505,-0.0336256,20.3619363,22.0839228
0.6243750,0.0168428,-0.0337888,20.3617917,22.0837782
0.6250000,0.0168350,-0.0339520,20.3616470,22.0836335
0.6256250,0.0168284,-0.0341155,20.3539847,22.0759712
0.6262500,0.0168217,-0.0342791,20.3463224,22.0683089
0.6268750,0.0168163,-0.0344428,20.3312533,22.0532398
0.6275000,0.0168108,-0.0346066,20.3161842,22.0381707
0.6281250,0.0168065,-0.0347705,20.2938459,22.0158324
0.6287500,0.0168022,-0.0349343,20.2715077,21.9934942
0.6293750,0.0167990,-0.0350981,20.2420638,21.9640503
0.6300000,0.0167958,-0.0352619,20.2126199,21.9346064
0.6306250,0.0167938,-0.0354256,20.1762588,21.8982453
0.6312500,0.0167918,-0.0355892,20.1398977,21.8618842
0.6318750,0.0167910,-0.0357525,20.0968316,21.8188181
0.6325000,0.0167901,-0.0359158,20.0537655,21.7757520
0.6331250,0.0167904,-0.0360788,20.0042291,21.7262156
0.6337500,0.0167906,-0.0362417,19.9546928,21.6766793
0.6343750,0.0167920,-0.0364041,19.8989423,21.6209288
0.6350000,0.0167934,-0.0365665,19.8431919,21.5651784
0.6356250,0.0167960,-0.0367283,19.7815032,21.5034897
0.6362500,0.0167985,-0.0368901,19.7198144,21.4418009
0.6368750,0.0168022,-0.0370512,19.6524818,21.3744683
0.6375000,0.0168058,-0.0372123,19.5851491,21.3071356
0.6381250,0.0168105,-0.0373726,19.5124836,21.2344701
0.6387500,0.0168152,-0.0375329,19.4398181,21.1618046
0.6393750,0.0168210,-0.0376923,19.3621460,21.0841325
0.6400000,0.0168268,-0.0378517,19.2844739,21.0064604
0.6406250,0.0168336,-0.0380101,19.2021350,20.9241215
0.6412500,0.0168404,-0.0381686,19.1197961,20.8417826
0.6418750,0.0168483,-0.0383260,19.0331420,20.7551285
0.6425000,0.0168561,-0.0384834,18.9464878,20.6684743
0.6431250,0.0168650,-0.0386398,18.8558799,20.5778664
0.6437500,0.0168739,-0.0387961,18.7652721,20.4872586
0.6443750,0.0168837,-0.0389513,18.6710803,20.3930668
0.6450000,0.0168935,-0.0391064,18.5768885,20.2988750
0.6456250,0.0169043,-0.0392604,18.4794887,20.2014752
0.6462500,0.0169151,-0.0394144,18.3820890,20.1040755
0.6468750,0.0169268,-0.0395670,18.2818619,20.0038484
0.6475000,0.0169385,-0.0397197,18.1816348,19.9036213
0.6481250,0.0169511,-0.0398711,18.0789636,19.8009501
0.6487500,0.0169637,-0.0400224,17.9762924,19.6982789
0.6493750,0.0169772,-0.0401724,17.8715612,19.5935477
0.6500000,0.0169906,-0.0403223,17.7668300,19.4888165
0.6506250,0.0170049,-0.0404707,17.6604217,19.3824082
0.6512500,0.0170192,-0.0406192,17.5540135,19.2760000
0.6518750,0.0170343,-0.0407662,17.4463084,19.1682949
0.6525000,0.0170494,-0.0409131,17.3386033,19.0605898
0.6531250,0.0170653,-0.0410585,17.2299768,18.9519633
0.6537500,0.0170811,-0.0412038,17.1213503,18.8433368
0.6543750,0.0170977,-0.0413475,17.0121716,18.7341581
0.6550000,0.0171142,-0.0414911,16.9029929,18.6249794
0.6556250,0.0171315,-0.0416331,16.7936229,18.5156094
0.6562500,0.0171488,-0.0417750,16.6842529,18.4062394
0.6568750,0.0171667,-0.0419151,16.5750427,18.2970292
0.6575000,0.0171846,-0.0420552,16.4658325,18.1878190
0.6581250,0.0172031,-0.0421934,16.3571220,18.0791085
0.6587500,0.0172216,-0.0423317,16.2484114,17.9703979
0.6593750,0.0172407,-0.0424681,16.1405271,17.8625136
0.6600000,0.0172598,-0.0426044,16.0326428,17.7546293
0.6606250,0.0172794,-0.0427387,15.9258971,17.6478836
0.6612500,0.0172990,-0.0428730,15.8191515,17.5411380
0.6618750,0.0173191,-0.0430052,15.7138408,17.4358273
0.6625000,0.0173391,-0.0431375,15.6085300,17.3305165
0.6631250,0.0173597,-0.0432676,15.5049334,17.2269199
0.6637500,0.0173802,-0.0433978,15.4013367,17.1233232
0.6643750,0.0174011,-0.0435259,15.2997148,17.0217013
0.6650000,0.0174220,-0.0436539,15.1980929,16.9200794
0.6656250,0.0174433,-0.0437798,15.0986868,16.8206733
0.6662500,0.0174646,-0.0439057,14.9992808,16.7212673
0.6668750,0.0174862,-0.0440294,14.9023108,16.6242973
0.6675000,0.0175078,-0.0441532,14.8053408,16.5273273
0.6681250,0.0175298,-0.0442747,14.7110057,16.4329922
0.6687500,0.0175517,-0.0443963,14.6166705,16.3386570
0.6693750,0.0175739,-0.0445157,14.5251462,16.2471327
0.6700000,0.0175960,-0.0446351,14.4336220,16.1556085
0.6706250,0.0176184,-0.0447524,14.3450616,16.0670481
0.6712500,0.0176408,-0.0448698,14.2565012,15.9784877
0.6718750,0.0176634,-0.0449850,14.1710335,15.8930200
0.6725000,0.0176860,-0.0451002,14.0855658,15.8075523
0.6731250,0.0177088,-0.0452135,14.0032954,15.7252819
0.6737500,0.0177316,-0.0453267,13.9210250,15.6430115
0.6743750,0.0177546,-0.0454380,13.8420314,15.5640179
0.6750000,0.0177776,-0.0455493,13.7630378,15.4850243
0.6756250,0.0178008,-0.0456588,13.6873756,15.4093621
0.6762500,0.0178239,-0.0457682,13.6117134,15.3336999
0.6768750,0.0178473,-0.0458759,13.5394117,15.2613982
0.6775000,0.0178706,-0.0459837,13.4671100,15.1890965
0.6781250,0.0178941,-0.0460898,13.3981725,15.1201590
0.6787500,0.0179176,-0.0461959,13.3292350,15.0512215
0.6793750,0.0179413,-0.0463005,13.2636402,14.9856267
0.6800000,0.0179649,-0.0464050,13.1980454,14.9200319
0.6806250,0.0179888,-0.0465081,13.1357466,14.8577331
0.6812500,0.0180126,-0.0466113,13.0734478,14.7954343
0.6818750,0.0180367,-0.0467132,13.0143734,14.7363599
0.6825000,0.0180607,-0.0468151,12.9552991,14.6772856
0.6831250,0.0180850,-0.0469159,12.8993533,14.6213398
0.6837500,0.0181092,-0.0470167,12.8434075,14.5653940
0.6843750,0.0181337,-0.0471165,12.7904705,14.5124570
0.6850000,0.0181581,-0.0472162,12.7375336,14.4595201
0.6856250,0.0181828,-0.0473151,12.6874625,14.4094490
0.6862500,0.0182075,-0.0474139,12.6373915,14.3593780
0.6868750,0.0182325,-0.0475119,12.5900211,14.3120076
0.6875000,0.0182575,-0.0476100,12.5426507,14.2646372
0.6881250,0.0182828,-0.0477074,12.4977943,14.2197808
0.6887500,0.0183080,-0.0478048,12.4529378,14.1749243
0.6893750,0.0183336,-0.0479016,12.4103880,14.1323745
0.6900000,0.0183591,-0.0479985,12.3678381,14.0898246
0.6906250,0.0183850,-0.0480949,12.3273684,14.0493549
0.6912500,0.0184108,-0.0481913,12.2868987,14.0088852
0.6918750,0.0184370,-0.0482873,12.2482644,13.9702509
0.6925000,0.0184632,-0.0483832,12.2096301,13.9316166
0.6931250,0.0184898,-0.0484788,12.1725696,13.8945561
0.6937500,0.0185163,-0.0485744,12.1355092,13.8574957
0.6943750,0.0185432,-0.0486697,12.0997458,13.8217323
0.6950000,0.0185701,-0.0487651,12.0639823,13.7859688
0.6956250,0.0185974,-0.0488602,12.0292250,13.7512115
0.6962500,0.0186246,-0.0489552,11.9944677,13.7164542
0.6968750,0.0186522,-0.0490500,11.9604134,13.6823999
0.6975000,0.0186798,-0.0491449,11.9263591,13.6483456
0.6981250,0.0187079,-0.0492395,11.8926940,13.6146805
0.6987500,0.0187359,-0.0493342,11.8590288,13.5810153
0.6993750,0.0187643,-0.0494286,11.8254300,13.5474165
0.7000000,0.0187926,-0.0495230,11.7918312,13.5138177
0.7006250,0.0188214,-0.0496172,11.7579688,13.4799553
0.7012500,0.0188501,-0.0497114,11.7241064,13.4460929
0.7018750,0.0188792,-0.0498053,11.6896450,13.4116315
0.7025000,0.0189083,-0.0498993,11.6551837,13.3771702
0.7031250,0.0189378,-0.0499930,11.6197846,13.3417711
0.7037500,0.0189672,-0.0500867,11.5843854,13.3063719
0.7043750,0.0189970,-0.0501801,11.5477081,13.2696946
0.7050000,0.0190268,-0.0502735,11.5110307,13.2330172
0.7056250,0.0190569,-0.0503665,11.4727351,13.1947216
0.7062500,0.0190870,-0.0504595,11.4344395,13.1564260
0.7068750,0.0191174,-0.0505522,11.3941879,13.1161744
0.7075000,0.0191478,-0.0506448,11.3539363,13.0759228
0.7081250,0.0191785,-0.0507371,11.3113951,13.0333816
0.7087500,0.0192092,-0.0508293,11.2688539,12.9908404
0.7093750,0.0192402,-0.0509210,11.2236958,12.9456823
0.7100000,0.0192711,-0.0510128,11.1785377,12.9005242
0.7106250,0.0193024,-0.0511040,11.1304434,12.8524299
0.7112500,0.0193336,-0.0511952,11.0823492,12.8043357
0.7118750,0.0193650,-0.0512859,11.0310096,12.7529961
0.7125000,0.0193964,-0.0513765,10.9796700,12.7016565
0.7131250,0.0194281,-0.0514665,10.9247877,12.6467742
0.7137500,0.0194597,-0.0515565,10.8699055,12.5918920
0.7143750,0.0194915,-0.0516458,10.8111969,12.5331834
0.7150000,0.0195233,-0.0517352,10.7524883,12.4744748
0.7156250,0.0195552,-0.0518238,10.6896853,12.4116718
0.7162500,0.0195871,-0.0519124,10.6268823,12.3488688
0.7168750,0.0196192,-0.0520002,10.5597339,12.2817204
0.7175000,0.0196512,-0.0520880,10.4925855,12.2145720
0.7181250,0.0196834,-0.0521749,10.4208596,12.1428461
0.7187500,0.0197155,-0.0522619,10.3491337,12.0711202
0.7193750,0.0197477,-0.0523479,10.2726184,11.9946049
0.7200000,0.0197799,-0.0524340,10.1961031,11.9180896
0.7206250,0.0198121,-0.0525190,10.1146085,11.8365950
0.7212500,0.0198443,-0.0526041,10.0331139,11.7551004
0.7218750,0.0198765,-0.0526881,9.9464730,11.6684595
0.7225000,0.0199086,-0.0527721,9.8598322,11.5818187
0.7231250,0.0199407,-0.0528549,9.7679025,11.4898890
0.7237500,0.0199728,-0.0529378,9.6759729,11.3979594
0.7243750,0.0200048,-0.0530194,9.5786373,11.3006238
0.7250000,0.0200367,-0.0531010,9.4813017,11.2032882
0.7256250,0.0200685,-0.0531813,9.3784694,11.1004559
0.7262500,0.0201003,-0.0532616,9.2756371,10.9976236
0.7268750,0.0201319,-0.0533404,9.1672446,10.8892311
0.7275000,0.0201634,-0.0534192,9.0588522,10.7808387
0.7281250,0.0201947,-0.0534965,8.9448640,10.6668505
0.7287500,0.0202259,-0.0535737,8.8308758,10.5528623
0.7293750,0.0202568,-0.0536492,8.7112846,10.4332711
0.7300000,0.0202876,-0.0537248,8.5916934,10.3136799
0.7306250,0.0203181,-0.0537984,8.4665210,10.1885075
0.7312500,0.0203485,-0.0538721,8.3413485,10.0633350
0.7318750,0.0203784,-0.0539438,8.2106453,9.9326318
0.7325000,0.0204082,-0.0540155,8.0799422,9.8019287
0.7331250,0.0204375,-0.0540850,7.9437881,9.6657746
0.7337500,0.0204667,-0.0541546,7.8076340,9.5296205
0.7343750,0.0204952,-0.0542218,7.6661376,9.3881241
0.7350000,0.0205237,-0.0542890,7.5246411,9.2466276
0.7356250,0.0205514,-0.0543537,7.3779396,9.0999261
0.7362500,0.0205791,-0.0544185,7.2312381,8.9532246
0.7368750,0.0206059,-0.0544806,7.0794969,8.8014834
0.7375000,0.0206326,-0.0545426,6.9277557,8.6497422
0.7381250,0.0206584,-0.0546019,6.7711678,8.4931543
0.7387500,0.0206842,-0.0546611,6.6145799,8.3365664
0.7393750,0.0207088,-0.0547174,6.4533649,8.1753514
0.7400000,0.0207334,-0.0547737,6.2921500,8.0141365
0.7406250,0.0207569,-0.0548268,6.1265534,7.8485399
0.7412500,0.0207803,-0.0548800,5.9609568,7.6829433
0.7418750,0.0208025,-0.0549298,5.7912485,7.5132350
0.7425000,0.0208246,-0.0549796,5.6215402,7.3435267
0.7431250,0.0208453,-0.0550261,5.4480136,7.1700001
0.7437500,0.0208660,-0.0550725,5.2744870,6.9964735
0.7443750,0.0208853,-0.0551154,5.0974572,6.8194437
0.7450000,0.0209045,-0.0551582,4.9204275,6.6424140
0.7456250,0.0209223,-0.0551974,4.7402299,6.4622164
0.7462500,0.0209400,-0.0552367,4.5600323,6.2820188
0.7468750,0.0209561,-0.0552722,4.3770208,6.0990073
0.7475000,0.0209722,-0.0553077,4.1940094,5.9159959
0.7481250,0.0209867,-0.0553394,4.0085546,5.7305411
0.7487500,0.0210011,-0.0553712,3.8230999,5.5450864
0.7493750,0.0210139,-0.0553991,3.6355869,5.3575734
0.7500000,0.0210266,-0.0554270,3.4480740,5.1700605
0.7506250,0.0210377,-0.0554511,3.2589005,4.9808870
0.7512500,0.0210487,-0.0554752,3.0697271,4.7917136
0.7518750,0.0210580,-0.0554955,2.8793012,4.6012877
0.7525000,0.0210673,-0.0555157,2.6888754,4.4108619
0.7531250,0.0210749,-0.0555322,2.4976131,4.2195996
0.7537500,0.0210825,-0.0555486,2.3063508,4.0283373
0.7543750,0.0210884,-0.0555613,2.1146737,3.8366602
0.7550000,0.0210942,-0.0555741,1.9229967,3.6449832
0.7556250,0.0210984,-0.0555831,1.7313298,3.4533164
0.7562500,0.0211026,-0.0555922,1.5396630,3.2616495
0.7568750,0.0211052,-0.0555978,1.3484320,3.0704185
0.7575000,0.0211077,-0.0556033,1.1572009,2.8791874
0.7581250,0.0211087,-0.0556054,0.9668295,2.6888160
0.7587500,0.0211097,-0.0556075,0.7764582,2.4984447
0.7593750,0.0211092,-0.0556063,0.5873661,2.3093526
0.7600000,0.0211086,-0.0556051,0.3982740,2.1202605
0.7606250,0.0211066,-0.0556007,0.2108739,1.9328604
0.7612500,0.0211045,-0.0555963,0.0234738,1.7454603
0.7618750,0.0211011,-0.0555889,-0.1618308,1.5601557
0.7625000,0.0210977,-0.0555816,-0.3471355,1.3748510
0.7631250,0.0210930,-0.0555713,-0.5299532,1.1920333
0.7637500,0.0210883,-0.0555611,-0.7127708,1.0092157
0.7643750,0.0210823,-0.0555482,-0.8927242,0.8292623
0.7650000,0.0210763,-0.0555353,-1.0726776,0.6493089
0.7656250,0.0210692,-0.0555198,-1.2494059,0.4725806
0.7662500,0.0210621,-0.0555044,-1.4261343,0.2958522
0.7668750,0.0210539,-0.0554866,-1.5992958,0.1226907
0.7675000,0.0210457,-0.0554688,-1.7724574,-0.0504709
0.7681250,0.0210365,-0.0554488,-1.9417316,-0.2197451
0.7687500,0.0210273,-0.0554287,-2.1110057,-0.3890192
0.7693750,0.0210172,-0.0554065,-2.2760950,-0.5541085
0.7700000,0.0210071,-0.0553844,-2.4411843,-0.7191978
0.7706250,0.0209961,-0.0553602,-2.6018164,-0.8798299
0.7712500,0.0209851,-0.0553361,-2.7624485,-1.0404620
0.7718750,0.0209733,-0.0553101,-2.9183781,-1.1963916
0.7725000,0.0209614,-0.0552841,-3.0743077,-1.3523212
0.7731250,0.0209488,-0.0552563,-3.2253181,-1.5033316
0.7737500,0.0209362,-0.0552285,-3.3763285,-1.6543420
0.7743750,0.0209229,-0.0551990,-3.5222333,-1.8002468
0.7750000,0.0209096,-0.0551695,-3.6681381,-1.9461516
0.7756250,0.0208956,-0.0551384,-3.8087821,-2.0867956
0.7762500,0.0208816,-0.0551073,-3.9494261,-2.2274396
0.7768750,0.0208670,-0.0550745,-4.0846869,-2.3627004
0.7775000,0.0208523,-0.0550418,-4.2199477,-2.4979612
0.7781250,0.0208370,-0.0550075,-4.3497364,-2.6277499
0.7787500,0.0208217,-0.0549732,-4.4795250,-2.7575385
0.7793750,0.0208058,-0.0549373,-4.6037868,-2.8818003
0.7800000,0.0207898,-0.0549015,-4.7280486,-3.0060621
0.7806250,0.0207733,-0.0548640,-4.8467636,-3.1247771
0.7812500,0.0207567,-0.0548266,-4.9654787,-3.2434922
0.7818750,0.0207396,-0.0547876,-5.0786621,-3.3566756
0.7825000,0.0207225,-0.0547487,-5.1918455,-3.4698590
0.7831250,0.0207048,-0.0547082,-5.2995476,-3.5775611
0.7837500,0.0206870,-0.0546677,-5.4072496,-3.6852631
0.7843750,0.0206687,-0.0546256,-5.5095555,-3.7875690
0.7850000,0.0206504,-0.0545835,-5.6118614,-3.8898749
0.7856250,0.0206315,-0.0545399,-5.7088909,-3.9869044
0.7862500,0.0206126,-0.0544962,-5.8059204,-4.0839339
0.7868750,0.0205931,-0.0544510,-5.8978272,-4.1758407
0.7875000,0.0205736,-0.0544058,-5.9897340,-4.2677475
0.7881250,0.0205536,-0.0543590,-6.0767049,-4.3547184
0.7887500,0.0205336,-0.0543122,-6.1636759,-4.4416894
0.7893750,0.0205130,-0.0542638,-6.2459298,-4.5239433
0.7900000,0.0204924,-0.0542154,-6.3281836,-4.6061971
0.7906250,0.0204713,-0.0541655,-6.4059700,-4.6839835
0.7912500,0.0204502,-0.0541156,-6.4837563,-4.7617698
0.7918750,0.0204286,-0.0540642,-6.5573538,-4.8353673
0.7925000,0.0204070,-0.0540128,-6.6309513,-4.9089648
0.7931250,0.0203850,-0.0539599,-6.7006662,-4.9786797
0.7937500,0.0203629,-0.0539070,-6.7703811,-5.0483946
0.7943750,0.0203405,-0.0538527,-6.8365452,-5.1145587
0.7950000,0.0203180,-0.0537984,-6.9027093,-5.1807228
0.7956250,0.0202951,-0.0537427,-6.9656779,-5.2436914
0.7962500,0.0202722,-0.0536871,-7.0286464,-5.3066599
0.7968750,0.0202490,-0.0536302,-7.0887959,-5.3668094
0.7975000,0.0202258,-0.0535733,-7.1489453,-5.4269588
0.7981250,0.0202023,-0.0535152,-7.2066707,-5.4846842
0.7987500,0.0201787,-0.0534571,-7.2643962,-5.5424097
0.7993750,0.0201550,-0.0533979,-7.3201091,-5.5981226
0.8000000,0.0201312,-0.0533388,-7.3758219,-5.6538354
0.8006250,0.0201072,-0.0532786,-7.4299469,-5.7079604
0.8012500,0.0200832,-0.0532185,-7.4840719,-5.7620854
0.8018750,0.0200591,-0.0531575,-7.5370445,-5.8150580
0.8025000,0.0200350,-0.0530965,-7.5900171,-5.8680306
0.8031250,0.0200108,-0.0530347,-7.6422803,-5.9202938
0.8037500,0.0199865,-0.0529729,-7.6945435,-5.9725570
0.8043750,0.0199622,-0.0529104,-7.7465451,-6.0245586
0.8050000,0.0199379,-0.0528479,-7.7985466,-6.0765601
0.8056250,0.0199136,-0.0527848,-7.8507359,-6.1287494
0.8062500,0.0198892,-0.0527217,-7.9029252,-6.1809387
0.8068750,0.0198649,-0.0526580,-7.9557500,-6.2337635
0.8075000,0.0198406,-0.0525944,-8.0085749,-6.2865884
0.8081250,0.0198163,-0.0525303,-8.0624786,-6.3404921
0.8087500,0.0197920,-0.0524661,-8.1163823,-6.3943958
0.8093750,0.0197678,-0.0524015,-8.1718004,-6.4498139
0.8100000,0.0197435,-0.0523369,-8.2272184,-6.5052319
0.8106250,0.0197193,-0.0522718,-8.2845755,-6.5625890
0.8112500,0.0196950,-0.0522067,-8.3419325,-6.6199460
0.8118750,0.0196708,-0.0521411,-8.4016394,-6.6796529
0.8125000,0.0196466,-0.0520755,-8.4613463,-6.7393598
0.8131250,0.0196225,-0.0520093,-8.5237971,-6.8018106
0.8137500,0.0195983,-0.0519432,-8.5862478,-6.8642613
0.8143750,0.0195742,-0.0518764,-8.6518166,-6.9298301
0.8150000,0.0195500,-0.0518097,-8.7173853,-6.9953988
0.8156250,0.0195258,-0.0517421,-8.7864238,-7.0644373
0.8162500,0.0195016,-0.0516746,-8.8554623,-7.1334758
0.8168750,0.0194774,-0.0516062,-8.9282971,-7.2063106
0.8175000,0.0194531,-0.0515379,-9.0011319,-7.2791454
0.8181250,0.0194287,-0.0514684,-9.0780617,-7.3560752
0.8187500,0.0194043,-0.0513990,-9.1549915,-7.4330050
0.8193750,0.0193797,-0.0513283,-9.2362851,-7.5142986
0.8200000,0.0193551,-0.0512577,-9.3175788,-7.5955923
0.8206250,0.0193303,-0.0511856,-9.4034728,-7.6814863
0.8212500,0.0193055,-0.0511135,-9.4893668,-7.7673803
0.8218750,0.0192804,-0.0510397,-9.5800636,-7.8580771
0.8225000,0.0192553,-0.0509660,-9.6707603,-7.9487738
0.8231250,0.0192298,-0.0508904,-9.7664262,-8.0444397
0.8237500,0.0192043,-0.0508147,-9.8620921,-8.1401056
0.8243750,0.0191785,-0.0507370,-9.9628561,-8.2408696
0.8250000,0.0191526,-0.0506593,-10.0636202,-8.3416337
0.8256250,0.0191263,-0.0505792,-10.1695727,-8.4475862
0.8262500,0.0190999,-0.0504991,-10.2755251,-8.5535386
0.8268750,0.0190731,-0.0504165,-10.3867163,-8.6647298
0.8275000,0.0190462,-0.0503338,-10.4979075,-8.7759210
0.8281250,0.0190188,-0.0502483,-10.6143474,-8.8923609
0.8287500,0.0189914,-0.0501629,-10.7307873,-9.0088008
0.8293750,0.0189634,-0.0500745,-10.8524447,-9.1304582
0.8300000,0.0189354,-0.0499861,-10.9741021,-9.2521156
0.8306250,0.0189069,-0.0498945,-11.1009045,-9.3789180
0.8312500,0.0188783,-0.0498029,-11.2277068,-9.5057203
0.8318750,0.0188492,-0.0497080,-11.3595403,-9.6375538
0.8325000,0.0188200,-0.0496131,-11.4913738,-9.7693873
0.8331250,0.0187903,-0.0495147,-11.6280837,-9.9060972
0.8337500,0.0187605,-0.0494164,-11.7647935,-10.0428070
0.8343750,0.0187302,-0.0493146,-11.9061845,-10.1841980
0.8350000,0.0186998,-0.0492127,-12.0475756,-10.3255891
0.8356250,0.0186690,-0.0491073,-12.1934131,-10.4714266
0.8362500,0.0186381,-0.0490020,-12.3392505,-10.6172640
0.8368750,0.0186068,-0.0488930,-12.4892613,-10.7672748
0.8375000,0.0185755,-0.0487841,-12.6392720,-10.9172855
0.8381250,0.0185438,-0.0486716,-12.7931459,-11.0711594
0.8387500,0.0185120,-0.0485591,-12.9470198,-11.2250333
0.8393750,0.0184799,-0.0484432,-13.1044114,-11.3824249
0.8400000,0.0184478,-0.0483273,-13.2618030,-11.5398165
0.8406250,0.0184155,-0.0482080,-13.4223333,-11.7003468
0.8412500,0.0183832,-0.0480887,-13.5828635,-11.8608770
0.8418750,0.0183507,-0.0479662,-13.7461222,-12.0241357
0.8425000,0.0183182,-0.0478437,-13.9093808,-12.1873943
0.8431250,0.0182856,-0.0477182,-14.0749285,-12.3529420
0.8437500,0.0182530,-0.0475927,-14.2404763,-12.5184898
0.8443750,0.0182205,-0.0474643,-14.4078474,-12.6858609
0.8450000,0.0181879,-0.0473359,-14.5752186,-12.8532321
0.8456250,0.0181555,-0.0472048,-14.7439238,-13.0219373
0.8462500,0.0181231,-0.0470738,-14.9126290,-13.1906425
0.8468750,0.0180909,-0.0469403,-15.0821582,-13.3601717
0.8475000,0.0180587,-0.0468069,-15.2516873,-13.5297008
0.8481250,0.0180269,-0.0466712,-15.4215126,-13.6995261
0.8487500,0.0179950,-0.0465356,-15.5913379,-13.8693514
0.8493750,0.0179636,-0.0463980,-15.7609171,-14.0389306
0.8500000,0.0179321,-0.0462605,-15.9304964,-14.2085099
0.8506250,0.0179012,-0.0461212,-16.0992763,-14.3772898
0.8512500,0.0178702,-0.0459819,-16.2680562,-14.5460697
0.8518750,0.0178399,-0.0458411,-16.4354757,-14.7134892
0.8525000,0.0178095,-0.0457003,-16.6028952,-14.8809087
0.8531250,0.0177798,-0.0455582,-16.7683891,-15.0464026
0.8537500,0.0177500,-0.0454162,-16.9338829,-15.2118964
0.8543750,0.0177210,-0.0452730,-17.0968851,-15.3748986
0.8550000,0.0176919,-0.0451298,-17.2598873,-15.5379008
0.8556250,0.0176636,-0.0449857,-17.4198348,-15.6978483
0.8562500,0.0176353,-0.0448415,-17.5797823,-15.8577958
0.8568750,0.0176078,-0.0446965,-17.7361183,-16.0141318
0.8575000,0.0175803,-0.0445515,-17.8924543,-16.1704678
0.8581250,0.0175536,-0.0444058,-18.0446321,-16.3226456
0.8587500,0.0175269,-0.0442601,-18.1968099,-16.4748234
0.8593750,0.0175011,-0.0441137,-18.3442960,-16.6223095
0.8600000,0.0174752,-0.0439673,-18.4917820,-16.7697955
0.8606250,0.0174502,-0.0438203,-18.6340597,-16.9120732
0.8612500,0.0174252,-0.0436732,-18.7763374,-17.0543509
0.8618750,0.0174011,-0.0435255,-18.9129100,-17.1909235
0.8625000,0.0173770,-0.0433778,-19.0494825,-17.3274960
0.8631250,0.0173537,-0.0432294,-19.1798765,-17.4578900
0.8637500,0.0173304,-0.0430810,-19.3102704,-17.5882839
0.8643750,0.0173080,-0.0429318,-19.4340384,-17.7120519
0.8650000,0.0172856,-0.0427827,-19.5578064,-17.8358199
0.8656250,0.0172641,-0.0426327,-19.6745302,-17.9525437
0.8662500,0.0172425,-0.0424827,-19.7912541,-18.0692676
0.8668750,0.0172219,-0.0423317,-19.9005472,-18.1785607
0.8675000,0.0172012,-0.0421808,-20.0098402,-18.2878537
0.8681250,0.0171814,-0.0420287,-20.1113500,-18.3893635
0.8687500,0.0171616,-0.0418767,-20.2128598,-18.4908733
0.8693750,0.0171427,-0.0417234,-20.3062703,-18.5842838
0.8700000,0.0171237,-0.0415702,-20.3996808,-18.6776943
0.8706250,0.0171057,-0.0414156,-20.4847143,-18.7627278
0.8712500,0.0170876,-0.0412611,-20.5697478,-18.8477613
0.8718750,0.0170704,-0.0411050,-20.6461667,-18.9241802
0.8725000,0.0170532,-0.0409490,-20.7225855,-19.0005990
0.8731250,0.0170370,-0.0407914,-20.7901936,-19.0682071
0.8737500,0.0170207,-0.0406338,-20.8578017,-19.1358152
0.8743750,0.0170054,-0.0404745,-20.9164458,-19.1944593
0.8750000,0.0169900,-0.0403153,-20.9750899,-19.2531034
0.8756250,0.0169756,-0.0401543,-21.0246603,-19.3026738
0.8762500,0.0169612,-0.0399932,-21.0742306,-19.3522441
0.8768750,0.0169478,-0.0398303,-21.1146619,-19.3926754
0.8775000,0.0169344,-0.0396675,-21.1550931,-19.4331066
0.8781250,0.0169220,-0.0395028,-21.1863643,-19.4643778
0.8787500,0.0169096,-0.0393382,-21.2176355,-19.4956490
0.8793750,0.0168983,-0.0391717,-21.2397705,-19.5177840
0.8800000,0.0168869,-0.0390053,-21.2619055,-19.5399190
0.8806250,0.0168767,-0.0388371,-21.2749723,-19.5529858
0.8812500,0.0168664,-0.0386689,-21.2880390,-19.5660525
0.8818750,0.0168573,-0.0384990,-21.2921493,-19.5701628
0.8825000,0.0168482,-0.0383291,-21.2962595,-19.5742730
0.8831250,0.0168403,-0.0381577,-21.2915678,-19.5695813
0.8837500,0.0168323,-0.0379863,-21.2868762,-19.5648897
0.8843750,0.0168256,-0.0378134,-21.2735788,-19.5515923
0.8850000,0.0168189,-0.0376406,-21.2602815,-19.5382950
0.8856250,0.0168134,-0.0374666,-21.2386149,-19.5166284
0.8862500,0.0168079,-0.0372926,-21.2169482,-19.4949617
0.8868750,0.0168037,-0.0371176,-21.1871871,-19.4652006
0.8875000,0.0167995,-0.0369425,-21.1574260,-19.4354395
0.8881250,0.0167966,-0.0367667,-21.1198818,-19.3978953
0.8887500,0.0167937,-0.0365910,-21.0823376,-19.3603511
0.8893750,0.0167922,-0.0364147,-21.0373559,-19.3153694
0.8900000,0.0167906,-0.0362385,-20.9923743,-19.2703878
0.8906250,0.0167904,-0.0360620,-20.9403324,-19.2183459
0.8912500,0.0167901,-0.0358856,-20.8882906,-19.1663041
0.8918750,0.0167912,-0.0357093,-20.8295951,-19.1076086
0.8925000,0.0167923,-0.0355329,-20.7708996,-19.0489131
0.8931250,0.0167948,-0.0353569,-20.7059831,-18.9839966
0.8937500,0.0167972,-0.0351809,-20.6410666,-18.9190801
0.8943750,0.0168010,-0.0350055,-20.5703850,-18.8483985
0.8950000,0.0168047,-0.0348301,-20.4997034,-18.7777169
0.8956250,0.0168097,-0.0346556,-20.4237324,-18.7017459
0.8962500,0.0168147,-0.0344812,-20.3477614,-18.6257749
0.8968750,0.0168210,-0.0343079,-20.2669936,-18.5450071
0.8975000,0.0168273,-0.0341346,-20.1862257,-18.4642392
0.8981250,0.0168348,-0.0339627,-20.1011666,-18.3791801
0.8987500,0.0168423,-0.0337908,-20.0161075,-18.2941210
0.8993750,0.0168510,-0.0336205,-19.9272724,-18.2052859
0.9000000,0.0168597,-0.0334503,-19.8384374,-18.1164509
0.9006250,0.0168696,-0.0332818,-19.7463477,-18.0243612
0.9012500,0.0168794,-0.0331133,-19.6542580,-17.9322715
0.9018750,0.0168903,-0.0329468,-19.5594376,-17.8374511
0.9025000,0.0169012,-0.0327803,-19.4646171,-17.7426306
0.9031250,0.0169132,-0.0326158,-19.3675884,-17.6456019
0.9037500,0.0169251,-0.0324514,-19.2705598,-17.5485733
0.9043750,0.0169381,-0.0322891,-19.1718408,-17.4498543
0.9050000,0.0169510,-0.0321268,-19.0731219,-17.3511354
0.9056250,0.0169649,-0.0319668,-18.9732221,-17.2512356
0.9062500,0.0169788,-0.0318067,-18.8733223,-17.1513358
0.9068750,0.0169936,-0.0316488,-18.7727393,-17.0507528
0.9075000,0.0170084,-0.0314910,-18.6721563,-16.9501698
0.9081250,0.0170240,-0.0313354,-18.5713724,-16.8493859
0.9087500,0.0170396,-0.0311799,-18.4705886,-16.7486021
0.9093750,0.0170561,-0.0310265,-18.3700678,-16.6480813
0.9100000,0.0170725,-0.0308732,-18.2695470,-16.5475605
0.9106250,0.0170897,-0.0307220,-18.1697312,-16.4477447
0.9112500,0.0171069,-0.0305708,-18.0699155,-16.3479290
0.9118750,0.0171249,-0.0304217,-17.9712223,-16.2492358
0.9125000,0.0171428,-0.0302726,-17.8725291,-16.1505426
0.9131250,0.0171615,-0.0301256,-17.7753484,-16.0533619
0.9137500,0.0171802,-0.0299785,-17.6781677,-15.9561812
0.9143750,0.0171996,-0.0298334,-17.5828592,-15.8608727
0.9150000,0.0172189,-0.0296883,-17.4875508,-15.7655643
0.9156250,0.0172389,-0.0295450,-17.3944421,-15.6724556
0.9162500,0.0172589,-0.0294017,-17.3013334,-15.5793469
0.9168750,0.0172796,-0.0292601,-17.2107172,-15.4887307
0.9175000,0.0173002,-0.0291185,-17.1201009,-15.3981144
0.9181250,0.0173215,-0.0289786,-17.0322334,-15.3102469
0.9187500,0.0173428,-0.0288387,-16.9443658,-15.2223793
0.9193750,0.0173648,-0.0287003,-16.8594651,-15.1374786
0.9200000,0.0173867,-0.0285620,-16.7745644,-15.0525779
0.9206250,0.0174092,-0.0284251,-16.6928092,-14.9708227
0.9212500,0.0174317,-0.0282882,-16.6110540,-14.8890675
0.9218750,0.0174548,-0.0281528,-16.5325825,-14.8105960
0.9225000,0.0174779,-0.0280173,-16.4541110,-14.7321245
0.9231250,0.0175016,-0.0278832,-16.3790200,-14.6570335
0.9237500,0.0175253,-0.0277491,-16.3039289,-14.5819424
0.9243750,0.0175496,-0.0276163,-16.2322735,-14.5102870
0.9250000,0.0175738,-0.0274835,-16.1606181,-14.4386316
0.9256250,0.0175986,-0.0273520,-16.0924115,-14.3704250
0.9262500,0.0176234,-0.0272205,-16.0242049,-14.3022184
0.9268750,0.0176488,-0.0270903,-15.9594185,-14.2374320
0.9275000,0.0176741,-0.0269601,-15.8946320,-14.1726455
0.9281250,0.0177000,-0.0268312,-15.8331958,-14.1112093
0.9287500,0.0177258,-0.0267022,-15.7717596,-14.0497731
0.9293750,0.0177521,-0.0265745,-15.7135631,-13.9915766
0.9300000,0.0177784,-0.0264469,-15.6553666,-13.9333801
0.9306250,0.0178052,-0.0263205,-15.6002596,-13.8782732
0.9312500,0.0178320,-0.0261942,-15.5451527,-13.8231662
0.9318750,0.0178593,-0.0260692,-15.4929470,-13.7709605
0.9325000,0.0178865,-0.0259442,-15.4407412,-13.7187547
0.9331250,0.0179142,-0.0258205,-15.3912116,-13.6692251
0.9337500,0.0179418,-0.0256968,-15.3416819,-13.6196954
0.9343750,0.0179698,-0.0255745,-15.2945685,-13.5725820
0.9350000,0.0179978,-0.0254522,-15.2474552,-13.5254687
0.9356250,0.0180262,-0.0253312,-15.2024654,-13.4804789
0.9362500,0.0180546,-0.0252103,-15.1574757,-13.4354892
0.9368750,0.0180834,-0.0250907,-15.1142866,-13.3923001
0.9375000,0.0181121,-0.0249712,-15.0710975,-13.3491110
0.9381250,0.0181412,-0.0248530,-15.0293582,-13.3073717
0.9387500,0.0181703,-0.0247349,-14.9876189,-13.2656324
0.9393750,0.0181997,-0.0246180,-14.9469533,-13.2249668
0.9400000,0.0182291,-0.0245012,-14.9062878,-13.1843013
0.9406250,0.0182588,-0.0243857,-14.8662980,-13.1443115
0.9412500,0.0182884,-0.0242702,-14.8263082,-13.1043217
0.9418750,0.0183184,-0.0241560,-14.7865767,-13.0645902
0.9425000,0.0183484,-0.0240418,-14.7468453,-13.0248588
0.9431250,0.0183787,-0.0239287,-14.7069393,-12.9849528
0.9437500,0.0184089,-0.0238157,-14.6670332,-12.9450467
0.9443750,0.0184395,-0.0237038,-14.6265067,-12.9045202
0.9450000,0.0184701,-0.0235919,-14.5859802,-12.8639937
0.9456250,0.0185010,-0.0234810,-14.5443784,-12.8223919
0.9462500,0.0185318,-0.0233702,-14.5027767,-12.7807902
0.9468750,0.0185630,-0.0232602,-14.4596392,-12.7376527
0.9475000,0.0185942,-0.0231503,-14.4165018,-12.6945153
0.9481250,0.0186258,-0.0230411,-14.3713659,-12.6493794
0.9487500,0.0186573,-0.0229320,-14.3262299,-12.6042434
0.9493750,0.0186893,-0.0228236,-14.2786342,-12.5566477
0.9500000,0.0187212,-0.0227151,-14.2310385,-12.5090520
0.9506250,0.0187536,-0.0226072,-14.1805265,-12.4585400
0.9512500,0.0187859,-0.0224993,-14.1300146,-12.4080281
0.9518750,0.0188187,-0.0223918,-14.0761382,-12.3541517
0.9525000,0.0188514,-0.0222844,-14.0222619,-12.3002754
0.9531250,0.0188846,-0.0221773,-13.9645849,-12.2425984
0.9537500,0.0189178,-0.0220702,-13.9069078,-12.1849213
0.9543750,0.0189515,-0.0219633,-13.8450088,-12.1230223
0.9550000,0.0189852,-0.0218564,-13.7831097,-12.0611232
0.9556250,0.0190195,-0.0217496,-13.7165856,-11.9945991
0.9562500,0.0190537,-0.0216429,-13.6500616,-11.9280751
0.9568750,0.0190885,-0.0215363,-13.5785309,-11.8565444
0.9575000,0.0191232,-0.0214297,-13.5070002,-11.7850137
0.9581250,0.0191586,-0.0213231,-13.4301057,-11.7081192
0.9587500,0.0191939,-0.0212165,-13.3532111,-11.6312246
0.9593750,0.0192298,-0.0211100,-13.2706224,-11.5486359
0.9600000,0.0192656,-0.0210034,-13.1880337,-11.4660472
0.9606250,0.0193021,-0.0208969,-13.0994503,-11.3774638
0.9612500,0.0193385,-0.0207905,-13.0108669,-11.2888804
0.9618750,0.0193755,-0.0206841,-12.9160200,-11.1940335
0.9625000,0.0194124,-0.0205778,-12.8211732,-11.0991867
0.9631250,0.0194499,-0.0204717,-12.7198285,-10.9978420
0.9637500,0.0194873,-0.0203656,-12.6184838,-10.8964973
0.9643750,0.0195252,-0.0202598,-12.5104426,-10.7884561
0.9650000,0.0195631,-0.0201540,-12.4024014,-10.6804149
0.9656250,0.0196014,-0.0200487,-12.2875027,-10.5655162
0.9662500,0.0196397,-0.0199435,-12.1726041,-10.4506176
0.9668750,0.0196783,-0.0198389,-12.0507260,-10.3287395
0.9675000,0.0197169,-0.0197344,-11.9288480,-10.2068615
0.9681250,0.0197557,-0.0196308,-11.7999086,-10.0779221
0.9687500,0.0197945,-0.0195272,-11.6709691,-9.9489826
0.9693750,0.0198334,-0.0194248,-11.5349271,-9.8129406
0.9700000,0.0198723,-0.0193224,-11.3988851,-9.6768986
0.9706250,0.0199112,-0.0192215,-11.2557409,-9.5337544
0.9712500,0.0199501,-0.0191206,-11.1125968,-9.3906103
0.9718750,0.0199889,-0.0190214,-10.9623922,-9.2404057
0.9725000,0.0200276,-0.0189222,-10.8121877,-9.0902012
0.9731250,0.0200661,-0.0188251,-10.6550062,-8.9330197
0.9737500,0.0201045,-0.0187281,-10.4978247,-8.7758382
0.9743750,0.0201425,-0.0186334,-10.3337909,-8.6118044
0.9750000,0.0201804,-0.0185387,-10.1697570,-8.4477705
0.9756250,0.0202178,-0.0184467,-9.9990359,-8.2770494
0.9762500,0.0202551,-0.0183548,-9.8283148,-8.1063283
0.9768750,0.0202917,-0.0182658,-9.6511113,-7.9291248
0.9775000,0.0203282,-0.0181769,-9.4739078,-7.7519213
0.9781250,0.0203638,-0.0180913,-9.2904651,-7.5684786
0.9787500,0.0203993,-0.0180057,-9.1070224,-7.3850359
0.9793750,0.0204338,-0.0179237,-8.9176208,-7.1956343
0.9800000,0.0204682,-0.0178418,-8.7282191,-7.0062326
0.9806250,0.0205014,-0.0177637,-8.5331741,-6.8111876
0.9812500,0.0205345,-0.0176856,-8.3381291,-6.6161426
0.9818750,0.0205662,-0.0176116,-8.1377896,-6.4158031
0.9825000,0.0205979,-0.0175377,-7.9374501,-6.2154636
0.9831250,0.0206281,-0.0174681,-7.7321962,-6.0102097
0.9837500,0.0206582,-0.0173985,-7.5269423,-5.8049558
0.9843750,0.0206866,-0.0173335,-7.3171830,-5.5951965
0.9850000,0.0207150,-0.0172684,-7.1074237,-5.3854372
0.9856250,0.0207416,-0.0172080,-6.8935942,-5.1716077
0.9862500,0.0207681,-0.0171476,-6.6797646,-4.9577781
0.9868750,0.0207928,-0.0170919,-6.4623234,-4.7403369
0.9875000,0.0208175,-0.0170363,-6.2448822,-4.5228957
0.9881250,0.0208402,-0.0169855,-6.0243087,-4.3023222
0.9887500,0.0208628,-0.0169347,-5.8037353,-4.0817488
0.9893750,0.0208834,-0.0168888,-5.5805264,-3.8585399
0.9900000,0.0209040,-0.0168429,-5.3573176,-3.6353311
0.9906250,0.0209226,-0.0168019,-5.1319847,-3.4099982
0.9912500,0.0209411,-0.0167608,-4.9066518,-3.1846653
0.9918750,0.0209575,-0.0167246,-4.6797174,-2.9577309
0.9925000,0.0209739,-0.0166884,-4.4527830,-2.7307965
0.9931250,0.0209883,-0.0166570,-4.2247775,-2.5027910
0.9937500,0.0210026,-0.0166255,-3.9967720,-2.2747855
0.9943750,0.0210148,-0.0165988,-3.7682306,-2.0462441
0.9950000,0.0210270,-0.0165720,-3.5396892,-1.8177027
0.9956250,0.0210372,-0.0165498,-3.3111481,-1.5891616
0.9962500,0.0210474,-0.0165275,-3.0826070,-1.3606205
0.9968750,0.0210556,-0.0165097,-2.8546004,-1.1326139
0.9975000,0.0210638,-0.0164919,-2.6265938,-0.9046073
0.9981250,0.0210701,-0.0164783,-2.3996504,-0.6776639
0.9987500,0.0210763,-0.0164647,-2.1727070,-0.4507205
0.9993750,0.0210807,-0.0164552,-1.9473468,-0.2253602
1.0000000,0.0210851,-0.0164457,-1.7219865,0.0000000
1.0006250,0.0210877,-0.0164401,-1.4987174,0.2232691
1.0012500,0.0210903,-0.0164345,-1.2754484,0.4465381
1.0018750,0.0210912,-0.0164327,-1.0547635,0.6672230
1.0025000,0.0210920,-0.0164308,-0.8340786,0.8879079
1.0031250,0.0210913,-0.0164325,-0.6164527,1.1055338
1.0037500,0.0210905,-0.0164341,-0.3988268,1.3231597
1.0043750,0.0210882,-0.0164391,-0.1847139,1.5372726
1.0050000,0.0210858,-0.0164441,0.0293990,1.7513855
1.0056250,0.0210820,-0.0164523,0.2395686,1.9615551
1.0062500,0.0210782,-0.0164606,0.4497383,2.1717248
1.0068750,0.0210731,-0.0164718,0.6555606,2.3775471
1.0075000,0.0210679,-0.0164831,0.8613830,2.5833695
1.0081250,0.0210614,-0.0164972,1.0624825,2.7844690
1.0087500,0.0210548,-0.0165114,1.2635820,2.9855685
1.0093750,0.0210471,-0.0165283,1.4596139,3.1816004
1.0100000,0.0210393,-0.0165452,1.6556458,3.3776323
1.0106250,0.0210304,-0.0165648,1.8462980,3.5682845
1.0112500,0.0210214,-0.0165843,2.0369501,3.7589366
1.0118750,0.0210113,-0.0166064,2.2219449,3.9439314
1.0125000,0.0210012,-0.0166285,2.4069396,4.1289261
1.0131250,0.0209900,-0.0166531,2.5860351,4.3080216
1.0137500,0.0209788,-0.0166776,2.7651306,4.4871171
1.0143750,0.0209666,-0.0167046,2.9381222,4.6601087
1.0150000,0.0209544,-0.0167315,3.1111137,4.8331002
1.0156250,0.0209412,-0.0167607,3.2778346,4.9998211
1.0162500,0.0209279,-0.0167899,3.4445555,5.1665420
1.0168750,0.0209137,-0.0168214,3.6048781,5.3268646
1.0175000,0.0208995,-0.0168529,3.7652007,5.4871872
1.0181250,0.0208844,-0.0168865,3.9190363,5.6410228
1.0187500,0.0208693,-0.0169202,4.0728720,5.7948585
1.0193750,0.0208533,-0.0169560,4.2201718,5.9421583
1.0200000,0.0208373,-0.0169918,4.3674717,6.0894582
1.0206250,0.0208204,-0.0170297,4.5082261,6.2302126
1.0212500,0.0208035,-0.0170676,4.6489804,6.3709669
1.0218750,0.0207859,-0.0171076,4.7832189,6.5052054
1.0225000,0.0207682,-0.0171475,4.9174574,6.6394439
1.0231250,0.0207497,-0.0171895,5.0452481,6.7672346
1.0237500,0.0207312,-0.0172314,5.1730388,6.8950253
1.0243750,0.0207120,-0.0172753,5.2944877,7.0164742
1.0250000,0.0206928,-0.0173191,5.4159365,7.1379230
1.0256250,0.0206729,-0.0173648,5.5311860,7.2531725
1.0262500,0.0206530,-0.0174105,5.6464355,7.3684220
1.0268750,0.0206325,-0.0174579,5.7556635,7.4776500
1.0275000,0.0206119,-0.0175054,5.8648915,7.5868780
1.0281250,0.0205907,-0.0175546,5.9683098,7.6902963
1.0287500,0.0205695,-0.0176038,6.0717282,7.7937147
1.0293750,0.0205478,-0.0176545,6.1695807,7.8915672
1.0300000,0.0205261,-0.0177053,6.2674333,7.9894198
1.0306250,0.0205039,-0.0177576,6.3599942,8.0819807
1.0312500,0.0204817,-0.0178098,6.4525551,8.1745416
1.0318750,0.0204591,-0.0178635,6.5401266,8.2621131
1.0325000,0.0204365,-0.0179171,6.6276980,8.3496845
1.0331250,0.0204135,-0.0179720,6.7106080,8.4325945
1.0337500,0.0203905,-0.0180269,6.7935180,8.5155045
1.0343750,0.0203672,-0.0180829,6.8721180,8.5941045
1.0350000,0.0203439,-0.0181389,6.9507180,8.6727045
1.0356250,0.0203204,-0.0181959,7.0253802,8.7473667
1.0362500,0.0202968,-0.0182530,7.1000424,8.8220289
1.0368750,0.0202731,-0.0183109,7.1711573,8.8931438
1.0375000,0.0202493,-0.0183689,7.2422721,8.9642586
1.0381250,0.0202255,-0.0184276,7.3102453,9.0322318
1.0387500,0.0202016,-0.0184863,7.3782185,9.1002050
1.0393750,0.0201777,-0.0185456,7.4434684,9.1654549
1.0400000,0.0201537,-0.0186050,7.5087183,9.2307048
1.0406250,0.0201297,-0.0186649,7.5716727,9.2936592
1.0412500,0.0201057,-0.0187248,7.6346272,9.3566137
1.0418750,0.0200818,-0.0187853,7.6957208,9.4177073
1.0425000,0.0200578,-0.0188457,7.7568144,9.4788009
1.0431250,0.0200339,-0.0189066,7.8164853,9.5384718
1.0437500,0.0200099,-0.0189674,7.8761562,9.5981427
1.0443750,0.0199860,-0.0190286,7.9348434,9.6568299
1.0450000,0.0199621,-0.0190898,7.9935305,9.7155170
1.0456250,0.0199383,-0.0191514,8.0516707,9.7736572
1.0462500,0.0199144,-0.0192129,8.1098109,9.8317974
1.0468750,0.0198906,-0.0192748,8.1678355,9.8898220
1.0475000,0.0198668,-0.0193368,8.2258602,9.9478467
1.0481250,0.0198431,-0.0193991,8.2841929,10.0061794
1.0487500,0.0198194,-0.0194615,8.3425257,10.0645122
1.0493750,0.0197957,-0.0195242,8.4015792,10.1235657
1.0500000,0.0197720,-0.0195870,8.4606327,10.1826192
1.0506250,0.0197483,-0.0196503,8.5208063,10.2427928
1.0512500,0.0197246,-0.0197137,8.5809799,10.3029664
1.0518750,0.0197009,-0.0197777,8.6426568,10.3646433
1.0525000,0.0196772,-0.0198416,8.7043336,10.4263201
1.0531250,0.0196534,-0.0199063,8.7678784,10.4898649
1.0537500,0.0196296,-0.0199710,8.8314231,10.5534096
1.0543750,0.0196057,-0.0200367,8.8971797,10.6191662
1.0550000,0.0195818,-0.0201023,8.9629362,10.6849227
1.0556250,0.0195578,-0.0201690,9.0312254,10.7532119
1.0562500,0.0195337,-0.0202357,9.0995145,10.8215010
1.0568750,0.0195094,-0.0203037,9.1706321,10.8926186
1.0575000,0.0194851,-0.0203717,9.2417497,10.9637362
1.0581250,0.0194606,-0.0204411,9.3159648,11.0379513
1.0587500,0.0194360,-0.0205106,9.3901799,11.1121664
1.0593750,0.0194111,-0.0205817,9.4677329,11.1897194
1.0600000,0.0193862,-0.0206528,9.5452860,11.2672725
1.0606250,0.0193609,-0.0207257,9.6263876,11.3483741
1.0612500,0.0193356,-0.0207987,9.7074892,11.4294757
1.0618750,0.0193099,-0.0208738,9.7923189,11.5143054
1.0625000,0.0192842,-0.0209488,9.8771486,11.5991351
1.0631250,0.0192580,-0.0210261,9.9658535,11.6878400
1.0637500,0.0192319,-0.0211033,10.0545584,11.7765449
1.0643750,0.0192052,-0.0211830,10.1472528,11.8692393
1.0650000,0.0191785,-0.0212626,10.2399471,11.9619336
1.0656250,0.0191513,-0.0213449,10.3367114,12.0586979
1.0662500,0.0191241,-0.0214271,10.4334756,12.1554621
1.0668750,0.0190964,-0.0215120,10.5343563,12.2563428
1.0675000,0.0190686,-0.0215969,10.6352369,12.3572234
1.0681250,0.0190403,-0.0216847,10.7402461,12.4622326
1.0687500,0.0190120,-0.0217725,10.8452554,12.5672419
1.0693750,0.0189832,-0.0218632,10.9543711,12.6763576
1.0700000,0.0189544,-0.0219539,11.0634868,12.7854733
1.0706250,0.0189251,-0.0220475,11.1766529,12.8986394
1.0712500,0.0188957,-0.0221412,11.2898190,13.0118055
1.0718750,0.0188659,-0.0222379,11.4069459,13.1289324
1.0725000,0.0188360,-0.0223346,11.5240728,13.2460593
1.0731250,0.0188057,-0.0224344,11.6450379,13.3670244
1.0737500,0.0187753,-0.0225341,11.7660030,13.4879895
1.0743750,0.0187446,-0.0226369,11.8906517,13.6126382
1.0750000,0.0187139,-0.0227396,12.0153003,13.7372868
1.0756250,0.0186829,-0.0228453,12.1434467,13.8654332
1.0762500,0.0186518,-0.0229510,12.2715930,13.9935795
1.0768750,0.0186205,-0.0230597,12.4030216,14.1250081
1.0775000,0.0185891,-0.0231683,12.5344501,14.2564366
1.0781250,0.0185575,-0.0232797,12.6689166,14.3909031
1.0787500,0.0185259,-0.0233912,12.8033830,14.5253695
1.0793750,0.0184942,-0.0235053,12.9406163,14.6626028
1.0800000,0.0184625,-0.0236195,13.0778497,14.7998362
1.0806250,0.0184307,-0.0237362,13.2175534,14.9395399
1.0812500,0.0183989,-0.0238530,13.3572571,15.0792436
1.0818750,0.0183671,-0.0239722,13.4991112,15.2210977
1.0825000,0.0183353,-0.0240914,13.6409653,15.3629518
1.0831250,0.0183036,-0.0242129,13.7846283,15.5066148
1.0837500,0.0182718,-0.0243344,13.9282913,15.6502778
1.0843750,0.0182402,-0.0244581,14.0734021,15.7953886
1.0850000,0.0182087,-0.0245818,14.2185128,15.9404993
1.0856250,0.0181773,-0.0247075,14.3646929,16.0866794
1.0862500,0.0181459,-0.0248332,14.5108729,16.2328594
1.0868750,0.0181149,-0.0249608,14.6577285,16.3797150
1.0875000,0.0180838,-0.0250883,14.8045841,16.5265706
1.0881250,0.0180531,-0.0252177,14.9517087,16.6736952
1.0887500,0.0180224,-0.0253470,15.0988333,16.8208198
1.0893750,0.0179921,-0.0254779,15.2458096,16.9677961
1.0900000,0.0179618,-0.0256089,15.3927860,17.1147725
1.0906250,0.0179319,-0.0257413,15.5391888,17.2611753
1.0912500,0.0179020,-0.0258738,15.6855916,17.4075781
1.0918750,0.0178727,-0.0260076,15.8309895,17.5529760
1.0925000,0.0178434,-0.0261415,15.9763875,17.6983740
1.0931250,0.0178146,-0.0262767,16.1203461,17.8423326
1.0937500,0.0177857,-0.0264119,16.2643047,17.9862912
1.0943750,0.0177575,-0.0265484,16.4063883,18.1283748
1.0950000,0.0177293,-0.0266848,16.5484719,18.2704584
1.0956250,0.0177017,-0.0268225,16.6882463,18.4102328
1.0962500,0.0176741,-0.0269602,16.8280207,18.5500072
1.0968750,0.0176471,-0.0270991,16.9650555,18.6870420
1.0975000,0.0176201,-0.0272379,17.1020903,18.8240768
1.0981250,0.0175938,-0.0273779,17.2359610,18.9579475
1.0987500,0.0175674,-0.0275179,17.3698317,19.0918182
1.0993750,0.0175418,-0.0276591,17.5001222,19.2221087
1.1000000,0.0175161,-0.0278003,17.6304128,19.3523993
1.1006250,0.0174912,-0.0279426,17.7567175,19.4787040
1.1012500,0.0174662,-0.0280850,17.8830222,19.6050087
1.1018750,0.0174420,-0.0282285,18.0049481,19.7269346
1.1025000,0.0174177,-0.0283720,18.1268740,19.8488605
1.1031250,0.0173942,-0.0285168,18.2440426,19.9660291
1.1037500,0.0173707,-0.0286615,18.3612112,20.0831977
1.1043750,0.0173480,-0.0288075,18.4732606,20.1952471
1.1050000,0.0173252,-0.0289534,18.5853100,20.3072965
1.1056250,0.0173032,-0.0291007,18.6918966,20.4138831
1.1062500,0.0172811,-0.0292479,18.7984831,20.5204696
1.1068750,0.0172599,-0.0293964,18.8992833,20.6212698
1.1075000,0.0172387,-0.0295449,19.0000834,20.7220699
1.1081250,0.0172183,-0.0296947,19.0947951,20.8167816
1.1087500,0.0171978,-0.0298444,19.1895067,20.9114932
1.1093750,0.0171782,-0.0299955,19.2778508,20.9998373
1.1100000,0.0171586,-0.0301466,19.3661948,21.0881813
1.1106250,0.0171399,-0.0302990,19.4479165,21.1699030
1.1112500,0.0171211,-0.0304515,19.5296383,21.2516248
1.1118750,0.0171032,-0.0306052,19.6045083,21.3264948
1.1125000,0.0170853,-0.0307589,19.6793784,21.4013649
1.1131250,0.0170683,-0.0309138,19.7471938,21.4691803
1.1137500,0.0170513,-0.0310688,19.8150093,21.5369958
1.1143750,0.0170353,-0.0312251,19.8755945,21.5975810
1.1150000,0.0170192,-0.0313813,19.9361796,21.6581661
1.1156250,0.0170041,-0.0315387,19.9893868,21.7113733
1.1162500,0.0169889,-0.0316961,20.0425940,21.7645805
1.1168750,0.0169748,-0.0318547,20.0883042,21.8102907
1.1175000,0.0169606,-0.0320132,20.1340144,21.8560009
1.1181250,0.0169475,-0.0321728,20.1721374,21.8941239
1.1187500,0.0169344,-0.0323323,20.2102604,21.9322469
1.1193750,0.0169223,-0.0324928,20.2407351,21.9627216
1.1200000,0.0169102,-0.0326533,20.2712098,21.9931963
1.1206250,0.0168992,-0.0328147,20.2940046,22.0159911
1.1212500,0.0168881,-0.0329761,20.3167994,22.0387859
1.1218750,0.0168782,-0.0331381,20.3319116,22.0538981
1.1225000,0.0168682,-0.0333002,20.3470239,22.0690104
1.1231250,0.0168594,-0.0334629,20.3544801,22.0764666
1.1237500,0.0168505,-0.0336256,20.3619363,22.0839228
1.1243750,0.0168428,-0.0337888,20.3617917,22.0837782
1.1250000,0.0168350,-0.0339520,20.3616470,22.0836335
1.1256250,0.0168284,-0.0341156,20.3539847,22.0759712
1.1262500,0.0168217,-0.0342791,20.3463224,22.0683089
1.1268750,0.0168163,-0.0344429,20.3312533,22.0532398
1.1275000,0.0168108,-0.0346066,20.3161842,22.0381707
1.1281250,0.0168065,-0.0347705,20.2938459,22.0158324
1.1287500,0.0168022,-0.0349343,20.2715077,21.9934942
1.1293750,0.0167990,-0.0350981,20.2420638,21.9640503
1.1300000,0.0167958,-0.0352619,20.2126199,21.9346064
1.1306250,0.0167938,-0.0354256,20.1762588,21.8982453
1.1312500,0.0167918,-0.0355892,20.1398977,21.8618842
1.1318750,0.0167910,-0.0357525,20.0968316,21.8188181
1.1325000,0.0167901,-0.0359158,20.0537655,21.7757520
1.1331250,0.0167904,-0.0360787,20.0042292,21.7262157
1.1337500,0.0167906,-0.0362417,19.9546928,21.6766793
1.1343750,0.0167920,-0.0364041,19.8989423,21.6209288
1.1350000,0.0167934,-0.0365665,19.8431919,21.5651784
1.1356250,0.0167960,-0.0367283,19.7815031,21.5034896
1.1362500,0.0167985,-0.0368901,19.7198144,21.4418009
1.1368750,0.0168022,-0.0370512,19.6524817,21.3744682
1.1375000,0.0168058,-0.0372123,19.5851491,21.3071356
1.1381250,0.0168105,-0.0373726,19.5124836,21.2344701
1.1387500,0.0168152,-0.0375329,19.4398181,21.1618046
1.1393750,0.0168210,-0.0376923,19.3621460,21.0841325
1.1400000,0.0168268,-0.0378517,19.2844739,21.0064604
1.1406250,0.0168336,-0.0380101,19.2021350,20.9241215
1.1412500,0.0168404,-0.0381686,19.1197961,20.8417826
1.1418750,0.0168483,-0.0383260,19.0331420,20.7551285
1.1425000,0.0168561,-0.0384834,18.9464878,20.6684743
1.1431250,0.0168650,-0.0386397,18.8558800,20.5778665
1.1437500,0.0168739,-0.0387961,18.7652721,20.4872586
1.1443750,0.0168837,-0.0389512,18.6710803,20.3930668
1.1450000,0.0168935,-0.0391064,18.5768885,20.2988750
1.1456250,0.0169043,-0.0392604,18.4794887,20.2014752
1.1462500,0.0169151,-0.0394144,18.3820890,20.1040755
1.1468750,0.0169268,-0.0395671,18.2818619,20.0038484
1.1475000,0.0169385,-0.0397197,18.1816348,19.9036213
1.1481250,0.0169511,-0.0398711,18.0789636,19.8009501
1.1487500,0.0169637,-0.0400224,17.9762924,19.6982789
1.1493750,0.0169772,-0.0401724,17.8715612,19.5935477
1.1500000,0.0169906,-0.0403223,17.7668300,19.4888165
1.1506250,0.0170049,-0.0404707,17.6604217,19.3824082
1.1512500,0.0170192,-0.0406192,17.5540135,19.2760000
1.1518750,0.0170343,-0.0407662,17.4463084,19.1682949
1.1525000,0.0170494,-0.0409131,17.3386033,19.0605898
1.1531250,0.0170653,-0.0410584,17.2299768,18.9519633
1.1537500,0.0170811,-0.0412038,17.1213503,18.8433368
1.1543750,0.0170977,-0.0413474,17.0121716,18.7341581
1.1550000,0.0171142,-0.0414911,16.9029929,18.6249794
1.1556250,0.0171315,-0.0416331,16.7936229,18.5156094
1.1562500,0.0171488,-0.0417750,16.6842529,18.4062394
1.1568750,0.0171667,-0.0419151,16.5750427,18.2970292
1.1575000,0.0171846,-0.0420552,16.4658325,18.1878190
1.1581250,0.0172031,-0.0421935,16.3571219,18.0791084
1.1587500,0.0172216,-0.0423317,16.2484114,17.9703979
1.1593750,0.0172407,-0.0424681,16.1405271,17.8625136
1.1600000,0.0172598,-0.0426044,16.0326428,17.7546293
1.1606250,0.0172794,-0.0427387,15.9258971,17.6478836
1.1612500,0.0172990,-0.0428730,15.8191515,17.5411380
1.1618750,0.0173191,-0.0430052,15.7138408,17.4358273
1.1625000,0.0173391,-0.0431375,15.6085300,17.3305165
1.1631250,0.0173597,-0.0432676,15.5049334,17.2269199
1.1637500,0.0173802,-0.0433978,15.4013367,17.1233232
1.1643750,0.0174011,-0.0435258,15.2997148,17.0217013
1.1650000,0.0174220,-0.0436539,15.1980929,16.9200794
1.1656250,0.0174433,-0.0437798,15.0986868,16.8206733
1.1662500,0.0174646,-0.0439057,14.9992808,16.7212673
1.1668750,0.0174862,-0.0440295,14.9023108,16.6242973
1.1675000,0.0175078,-0.0441532,14.8053408,16.5273273
1.1681250,0.0175298,-0.0442748,14.7110056,16.4329921
1.1687500,0.0175517,-0.0443963,14.6166705,16.3386570
1.1693750,0.0175739,-0.0445157,14.5251462,16.2471327
1.1700000,0.0175960,-0.0446351,14.4336220,16.1556085
1.1706250,0.0176184,-0.0447524,14.3450616,16.0670481
1.1712500,0.0176408,-0.0448698,14.2565012,15.9784877
1.1718750,0.0176634,-0.0449850,14.1710335,15.8930200
1.1725000,0.0176860,-0.0451002,14.0855658,15.8075523
1.1731250,0.0177088,-0.0452135,14.0032954,15.7252819
1.1737500,0.0177316,-0.0453267,13.9210250,15.6430115
1.1743750,0.0177546,-0.0454380,13.8420314,15.5640179
1.1750000,0.0177776,-0.0455493,13.7630378,15.4850243
1.1756250,0.0178008,-0.0456587,13.6873756,15.4093621
1.1762500,0.0178239,-0.0457682,13.6117134,15.3336999
1.1768750,0.0178473,-0.0458760,13.5394117,15.2613982
1.1775000,0.0178706,-0.0459837,13.4671100,15.1890965
1.1781250,0.0178941,-0.0460898,13.3981725,15.1201590
1.1787500,0.0179176,-0.0461959,13.3292350,15.0512215
1.1793750,0.0179413,-0.0463005,13.2636402,14.9856267
1.1800000,0.0179649,-0.0464050,13.1980454,14.9200319
1.1806250,0.0179888,-0.0465081,13.1357466,14.8577331
1.1812500,0.0180126,-0.0466113,13.0734478,14.7954343
1.1818750,0.0180367,-0.0467132,13.0143734,14.7363599
1.1825000,0.0180607,-0.0468151,12.9552991,14.6772856
1.1831250,0.0180850,-0.0469159,12.8993533,14.6213398
1.1837500,0.0181092,-0.0470167,12.8434075,14.5653940
1.1843750,0.0181337,-0.0471164,12.7904706,14.5124571
1.1850000,0.0181581,-0.0472162,12.7375336,14.4595201
1.1856250,0.0181828,-0.0473150,12.6874626,14.4094491
1.1862500,0.0182075,-0.0474139,12.6373915,14.3593780
1.1868750,0.0182325,-0.0475120,12.5900211,14.3120076
1.1875000,0.0182575,-0.0476100,12.5426507,14.2646372
1.1881250,0.0182828,-0.0477074,12.4977942,14.2197807
1.1887500,0.0183080,-0.0478048,12.4529378,14.1749243
1.1893750,0.0183336,-0.0479017,12.4103879,14.1323744
1.1900000,0.0183591,-0.0479985,12.3678381,14.0898246
1.1906250,0.0183850,-0.0480949,12.3273684,14.0493549
1.1912500,0.0184108,-0.0481913,12.2868987,14.0088852
1.1918750,0.0184370,-0.0482873,12.2482644,13.9702509
1.1925000,0.0184632,-0.0483832,12.2096301,13.9316166
1.1931250,0.0184898,-0.0484788,12.1725696,13.8945561
1.1937500,0.0185163,-0.0485744,12.1355092,13.8574957
1.1943750,0.0185432,-0.0486697,12.0997458,13.8217323
1.1950000,0.0185701,-0.0487651,12.0639823,13.7859688
1.1956250,0.0185974,-0.0488601,12.0292250,13.7512115
1.1962500,0.0186246,-0.0489552,11.9944677,13.7164542
1.1968750,0.0186522,-0.0490501,11.9604134,13.6823999
1.1975000,0.0186798,-0.0491449,11.9263591,13.6483456
1.1981250,0.0187079,-0.0492396,11.8926939,13.6146804
1.1987500,0.0187359,-0.0493342,11.8590288,13.5810153
1.1993750,0.0187643,-0.0494286,11.8254300,13.5474165
1.2000000,0.0187926,-0.0495230,11.7918312,13.5138177
1.2006250,0.0188214,-0.0496172,11.7579688,13.4799553
1.2012500,0.0188501,-0.0497114,11.7241064,13.4460929
1.2018750,0.0188792,-0.0498053,11.6896450,13.4116315
1.2025000,0.0189083,-0.0498993,11.6551837,13.3771702
1.2031250,0.0189378,-0.0499930,11.6197846,13.3417711
1.2037500,0.0189672,-0.0500867,11.5843854,13.3063719
1.2043750,0.0189970,-0.0501801,11.5477081,13.2696946
1.2050000,0.0190268,-0.0502735,11.5110307,13.2330172
1.2056250,0.0190569,-0.0503665,11.4727351,13.1947216
1.2062500,0.0190870,-0.0504595,11.4344395,13.1564260
1.2068750,0.0191174,-0.0505521,11.3941879,13.1161744
1.2075000,0.0191478,-0.0506448,11.3539363,13.0759228
1.2081250,0.0191785,-0.0507371,11.3113951,13.0333816
1.2087500,0.0192092,-0.0508293,11.2688539,12.9908404
1.2093750,0.0192402,-0.0509211,11.2236958,12.9456823
1.2100000,0.0192711,-0.0510128,11.1785377,12.9005242
1.2106250,0.0193024,-0.0511040,11.1304434,12.8524299
1.2112500,0.0193336,-0.0511952,11.0823492,12.8043357
1.2118750,0.0193650,-0.0512859,11.0310096,12.7529961
1.2125000,0.0193964,-0.0513765,10.9796700,12.7016565
1.2131250,0.0194281,-0.0514665,10.9247877,12.6467742
1.2137500,0.0194597,-0.0515565,10.8699055,12.5918920
1.2143750,0.0194915,-0.0516458,10.8111969,12.5331834
1.2150000,0.0195233,-0.0517352,10.7524883,12.4744748
1.2156250,0.0195552,-0.0518238,10.6896853,12.4116718
1.2162500,0.0195871,-0.0519124,10.6268823,12.3488688
1.2168750,0.0196192,-0.0520002,10.5597339,12.2817204
1.2175000,0.0196512,-0.0520880,10.4925855,12.2145720
1.2181250,0.0196834,-0.0521750,10.4208596,12.1428461
1.2187500,0.0197155,-0.0522619,10.3491337,12.0711202
1.2193750,0.0197477,-0.0523480,10.2726184,11.9946049
1.2200000,0.0197799,-0.0524340,10.1961031,11.9180896
1.2206250,0.0198121,-0.0525191,10.1146085,11.8365950
1.2212500,0.0198443,-0.0526041,10.0331139,11.7551004
1.2218750,0.0198765,-0.0526881,9.9464730,11.6684595
1.2225000,0.0199086,-0.0527721,9.8598322,11.5818187
1.2231250,0.0199407,-0.0528549,9.7679025,11.4898890
1.2237500,0.0199728,-0.0529378,9.6759729,11.3979594
1.2243750,0.0200048,-0.0530194,9.5786373,11.3006238
1.2250000,0.0200367,-0.0531010,9.4813017,11.2032882
1.2256250,0.0200685,-0.0531813,9.3784694,11.1004559
1.2262500,0.0201003,-0.0532616,9.2756371,10.9976236
1.2268750,0.0201318,-0.0533404,9.1672447,10.8892312
1.2275000,0.0201634,-0.0534192,9.0588522,10.7808387
1.2281250,0.0201947,-0.0534965,8.9448640,10.6668505
1.2287500,0.0202259,-0.0535737,8.8308758,10.5528623
1.2293750,0.0202568,-0.0536493,8.7112846,10.4332711
1.2300000,0.0202876,-0.0537248,8.5916934,10.3136799
1.2306250,0.0203181,-0.0537985,8.4665209,10.1885074
1.2312500,0.0203485,-0.0538721,8.3413485,10.0633350
1.2318750,0.0203784,-0.0539438,8.2106453,9.9326318
1.2325000,0.0204082,-0.0540155,8.0799422,9.8019287
1.2331250,0.0204375,-0.0540850,7.9437881,9.6657746
1.2337500,0.0204667,-0.0541546,7.8076340,9.5296205
1.2343750,0.0204952,-0.0542218,7.6661376,9.3881241
1.2350000,0.0205237,-0.0542890,7.5246411,9.2466276
1.2356250,0.0205514,-0.0543537,7.3779396,9.0999261
1.2362500,0.0205791,-0.0544185,7.2312381,8.9532246
1.2368750,0.0206059,-0.0544805,7.0794969,8.8014834
1.2375000,0.0206326,-0.0545426,6.9277557,8.6497422
1.2381250,0.0206584,-0.0546018,6.7711678,8.4931543
1.2387500,0.0206842,-0.0546611,6.6145799,8.3365664
1.2393750,0.0207088,-0.0547174,6.4533649,8.1753514
1.2400000,0.0207334,-0.0547737,6.2921500,8.0141365
1.2406250,0.0207569,-0.0548269,6.1265534,7.8485399
1.2412500,0.0207803,-0.0548800,5.9609568,7.6829433
1.2418750,0.0208025,-0.0549298,5.7912485,7.5132350
1.2425000,0.0208246,-0.0549796,5.6215402,7.3435267
1.2431250,0.0208453,-0.0550261,5.4480136,7.1700001
1.2437500,0.0208660,-0.0550725,5.2744870,6.9964735
1.2443750,0.0208853,-0.0551154,5.0974572,6.8194437
1.2450000,0.0209045,-0.0551582,4.9204275,6.6424140
1.2456250,0.0209223,-0.0551974,4.7402299,6.4622164
1.2462500,0.0209400,-0.0552367,4.5600323,6.2820188
1.2468750,0.0209561,-0.0552722,4.3770209,6.0990074
1.2475000,0.0209722,-0.0553077,4.1940094,5.9159959
1.2481250,0.0209867,-0.0553394,4.0085547,5.7305412
1.2487500,0.0210011,-0.0553712,3.8230999,5.5450864
1.2493750,0.0210139,-0.0553991,3.6355869,5.3575734
1.2500000,0.0210266,-0.0554270,3.4480740,5.1700605
1.2506250,0.0210377,-0.0554511,3.2589005,4.9808870
1.2512500,0.0210487,-0.0554752,3.0697271,4.7917136
1.2518750,0.0210580,-0.0554955,2.8793012,4.6012877
1.2525000,0.0210673,-0.0555157,2.6888754,4.4108619
1.2531250,0.0210749,-0.0555322,2.4976131,4.2195996
1.2537500,0.0210825,-0.0555486,2.3063508,4.0283373
1.2543750,0.0210884,-0.0555613,2.1146737,3.8366602
1.2550000,0.0210942,-0.0555741,1.9229967,3.6449832
1.2556250,0.0210984,-0.0555831,1.7313298,3.4533164
1.2562500,0.0211026,-0.0555922,1.5396630,3.2616495
1.2568750,0.0211052,-0.0555978,1.3484320,3.0704185
1.2575000,0.0211077,-0.0556033,1.1572009,2.8791874
1.2581250,0.0211087,-0.0556054,0.9668296,2.6888161
1.2587500,0.0211097,-0.0556075,0.7764582,2.4984447
1.2593750,0.0211092,-0.0556063,0.5873661,2.3093526
1.2600000,0.0211086,-0.0556051,0.3982740,2.1202605
1.2606250,0.0211066,-0.0556007,0.2108739,1.9328604
1.2612500,0.0211045,-0.0555963,0.0234738,1.7454603
1.2618750,0.0211011,-0.0555889,-0.1618309,1.5601556
1.2625000,0.0210977,-0.0555816,-0.3471355,1.3748510
1.2631250,0.0210930,-0.0555713,-0.5299532,1.1920333
1.2637500,0.0210883,-0.0555611,-0.7127708,1.0092157
1.2643750,0.0210823,-0.0555482,-0.8927242,0.8292623
1.2650000,0.0210763,-0.0555353,-1.0726776,0.6493089
1.2656250,0.0210692,-0.0555198,-1.2494059,0.4725806
1.2662500,0.0210621,-0.0555044,-1.4261343,0.2958522
1.2668750,0.0210539,-0.0554866,-1.5992958,0.1226907
1.2675000,0.0210457,-0.0554688,-1.7724574,-0.0504709
1.2681250,0.0210365,-0.0554488,-1.9417315,-0.2197450
1.2687500,0.0210273,-0.0554287,-2.1110057,-0.3890192
1.2693750,0.0210172,-0.0554065,-2.2760950,-0.5541085
1.2700000,0.0210071,-0.0553844,-2.4411843,-0.7191978
1.2706250,0.0209961,-0.0553602,-2.6018164,-0.8798299
1.2712500,0.0209851,-0.0553361,-2.7624485,-1.0404620
1.2718750,0.0209733,-0.0553101,-2.9183781,-1.1963916
1.2725000,0.0209614,-0.0552841,-3.0743077,-1.3523212
1.2731250,0.0209488,-0.0552563,-3.2253181,-1.5033316
1.2737500,0.0209362,-0.0552285,-3.3763285,-1.6543420
1.2743750,0.0209229,-0.0551990,-3.5222333,-1.8002468
1.2750000,0.0209096,-0.0551695,-3.6681381,-1.9461516
1.2756250,0.0208956,-0.0551384,-3.8087821,-2.0867956
1.2762500,0.0208816,-0.0551073,-3.9494261,-2.2274396
1.2768750,0.0208670,-0.0550745,-4.0846869,-2.3627004
1.2775000,0.0208523,-0.0550418,-4.2199477,-2.4979612
1.2781250,0.0208370,-0.0550075,-4.3497363,-2.6277498
1.2787500,0.0208217,-0.0549732,-4.4795250,-2.7575385
1.2793750,0.0208058,-0.0549374,-4.6037868,-2.8818003
1.2800000,0.0207898,-0.0549015,-4.7280486,-3.0060621
1.2806250,0.0207733,-0.0548640,-4.8467637,-3.1247772
1.2812500,0.0207567,-0.0548266,-4.9654787,-3.2434922
1.2818750,0.0207396,-0.0547876,-5.0786621,-3.3566756
1.2825000,0.0207225,-0.0547487,-5.1918455,-3.4698590
1.2831250,0.0207048,-0.0547082,-5.2995476,-3.5775611
1.2837500,0.0206870,-0.0546677,-5.4072496,-3.6852631
1.2843750,0.0206687,-0.0546256,-5.5095555,-3.7875690
1.2850000,0.0206504,-0.0545835,-5.6118614,-3.8898749
1.2856250,0.0206315,-0.0545399,-5.7088909,-3.9869044
1.2862500,0.0206126,-0.0544962,-5.8059204,-4.0839339
1.2868750,0.0205931,-0.0544510,-5.8978272,-4.1758407
1.2875000,0.0205736,-0.0544058,-5.9897340,-4.2677475
1.2881250,0.0205536,-0.0543590,-6.0767049,-4.3547184
1.2887500,0.0205336,-0.0543122,-6.1636759,-4.4416894
1.2893750,0.0205130,-0.0542638,-6.2459297,-4.5239432
1.2900000,0.0204924,-0.0542154,-6.3281836,-4.6061971
1.2906250,0.0204713,-0.0541655,-6.4059700,-4.6839835
1.2912500,0.0204502,-0.0541156,-6.4837563,-4.7617698
1.2918750,0.0204286,-0.0540642,-6.5573538,-4.8353673
1.2925000,0.0204070,-0.0540128,-6.6309513,-4.9089648
1.2931250,0.0203850,-0.0539599,-6.7006662,-4.9786797
1.2937500,0.0203629,-0.0539070,-6.7703811,-5.0483946
1.2943750,0.0203405,-0.0538527,-6.8365452,-5.1145587
1.2950000,0.0203180,-0.0537984,-6.9027093,-5.1807228
1.2956250,0.0202951,-0.0537427,-6.9656779,-5.2436914
1.2962500,0.0202722,-0.0536871,-7.0286464,-5.3066599
1.2968750,0.0202490,-0.0536302,-7.0887959,-5.3668094
1.2975000,0.0202258,-0.0535733,-7.1489453,-5.4269588
1.2981250,0.0202023,-0.0535152,-7.2066707,-5.4846842
1.2987500,0.0201787,-0.0534571,-7.2643962,-5.5424097
1.2993750,0.0201550,-0.0533979,-7.3201090,-5.5981225
1.3000000,0.0201312,-0.0533388,-7.3758219,-5.6538354
1.3006250,0.0201072,-0.0532787,-7.4299469,-5.7079604
1.3012500,0.0200832,-0.0532185,-7.4840719,-5.7620854
1.3018750,0.0200591,-0.0531575,-7.5370445,-5.8150580
1.3025000,0.0200350,-0.0530965,-7.5900171,-5.8680306
1.3031250,0.0200108,-0.0530347,-7.6422803,-5.9202938
1.3037500,0.0199865,-0.0529729,-7.6945435,-5.9725570
1.3043750,0.0199622,-0.0529104,-7.7465451,-6.0245586
1.3050000,0.0199379,-0.0528479,-7.7985466,-6.0765601
1.3056250,0.0199136,-0.0527848,-7.8507359,-6.1287494
1.3062500,0.0198892,-0.0527217,-7.9029252,-6.1809387
1.3068750,0.0198649,-0.0526580,-7.9557500,-6.2337635
1.3075000,0.0198406,-0.0525944,-8.0085749,-6.2865884
1.3081250,0.0198163,-0.0525303,-8.0624786,-6.3404921
1.3087500,0.0197920,-0.0524661,-8.1163823,-6.3943958
1.3093750,0.0197678,-0.0524015,-8.1718003,-6.4498138
1.3100000,0.0197435,-0.0523369,-8.2272184,-6.5052319
1.3106250,0.0197193,-0.0522718,-8.2845754,-6.5625889
1.3112500,0.0196950,-0.0522067,-8.3419325,-6.6199460
1.3118750,0.0196708,-0.0521411,-8.4016394,-6.6796529
1.3125000,0.0196466,-0.0520755,-8.4613463,-6.7393598
1.3131250,0.0196224,-0.0520093,-8.5237971,-6.8018106
1.3137500,0.0195983,-0.0519432,-8.5862478,-6.8642613
1.3143750,0.0195742,-0.0518764,-8.6518166,-6.9298301
1.3150000,0.0195500,-0.0518097,-8.7173853,-6.9953988
1.3156250,0.0195258,-0.0517421,-8.7864238,-7.0644373
1.3162500,0.0195016,-0.0516746,-8.8554623,-7.1334758
1.3168750,0.0194774,-0.0516062,-8.9282971,-7.2063106
1.3175000,0.0194531,-0.0515379,-9.0011319,-7.2791454
1.3181250,0.0194287,-0.0514684,-9.0780617,-7.3560752
1.3187500,0.0194043,-0.0513990,-9.1549915,-7.4330050
1.3193750,0.0193797,-0.0513283,-9.2362851,-7.5142986
1.3200000,0.0193551,-0.0512577,-9.3175788,-7.5955923
1.3206250,0.0193303,-0.0511856,-9.4034728,-7.6814863
1.3212500,0.0193055,-0.0511135,-9.4893668,-7.7673803
1.3218750,0.0192804,-0.0510397,-9.5800636,-7.8580771
1.3225000,0.0192553,-0.0509660,-9.6707603,-7.9487738
1.3231250,0.0192298,-0.0508903,-9.7664262,-8.0444397
1.3237500,0.0192043,-0.0508147,-9.8620921,-8.1401056
1.3243750,0.0191785,-0.0507370,-9.9628562,-8.2408697
1.3250000,0.0191526,-0.0506593,-10.0636202,-8.3416337
1.3256250,0.0191263,-0.0505792,-10.1695727,-8.4475862
1.3262500,0.0190999,-0.0504991,-10.2755251,-8.5535386
1.3268750,0.0190731,-0.0504165,-10.3867163,-8.6647298
1.3275000,0.0190462,-0.0503338,-10.4979075,-8.7759210
1.3281250,0.0190188,-0.0502483,-10.6143474,-8.8923609
1.3287500,0.0189914,-0.0501629,-10.7307873,-9.0088008
1.3293750,0.0189634,-0.0500745,-10.8524447,-9.1304582
1.3300000,0.0189354,-0.0499861,-10.9741021,-9.2521156
1.3306250,0.0189069,-0.0498945,-11.1009044,-9.3789179
1.3312500,0.0188783,-0.0498029,-11.2277068,-9.5057203
1.3318750,0.0188492,-0.0497080,-11.3595403,-9.6375538
1.3325000,0.0188200,-0.0496131,-11.4913738,-9.7693873
1.3331250,0.0187903,-0.0495147,-11.6280837,-9.9060972
1.3337500,0.0187605,-0.0494164,-11.7647935,-10.0428070
1.3343750,0.0187302,-0.0493145,-11.9061846,-10.1841981
1.3350000,0.0186998,-0.0492127,-12.0475756,-10.3255891
1.3356250,0.0186690,-0.0491073,-12.1934131,-10.4714266
1.3362500,0.0186381,-0.0490020,-12.3392505,-10.6172640
1.3368750,0.0186068,-0.0488930,-12.4892613,-10.7672748
1.3375000,0.0185755,-0.0487841,-12.6392720,-10.9172855
1.3381250,0.0185438,-0.0486716,-12.7931459,-11.0711594
1.3387500,0.0185120,-0.0485591,-12.9470198,-11.2250333
1.3393750,0.0184799,-0.0484432,-13.1044114,-11.3824249
1.3400000,0.0184478,-0.0483273,-13.2618030,-11.5398165
1.3406250,0.0184155,-0.0482080,-13.4223332,-11.7003467
1.3412500,0.0183832,-0.0480887,-13.5828635,-11.8608770
1.3418750,0.0183507,-0.0479662,-13.7461221,-12.0241356
1.3425000,0.0183182,-0.0478437,-13.9093808,-12.1873943
1.3431250,0.0182856,-0.0477182,-14.0749286,-12.3529421
1.3437500,0.0182530,-0.0475927,-14.2404763,-12.5184898
1.3443750,0.0182204,-0.0474643,-14.4078475,-12.6858610
1.3450000,0.0181879,-0.0473359,-14.5752186,-12.8532321
1.3456250,0.0181555,-0.0472048,-14.7439238,-13.0219373
1.3462500,0.0181231,-0.0470738,-14.9126290,-13.1906425
1.3468750,0.0180909,-0.0469403,-15.0821582,-13.3601717
1.3475000,0.0180587,-0.0468069,-15.2516873,-13.5297008
1.3481250,0.0180269,-0.0466712,-15.4215126,-13.6995261
1.3487500,0.0179950,-0.0465356,-15.5913379,-13.8693514
1.3493750,0.0179636,-0.0463980,-15.7609171,-14.0389306
1.3500000,0.0179321,-0.0462605,-15.9304964,-14.2085099
1.3506250,0.0179012,-0.0461212,-16.0992763,-14.3772898
1.3512500,0.0178702,-0.0459819,-16.2680562,-14.5460697
1.3518750,0.0178399,-0.0458411,-16.4354757,-14.7134892
1.3525000,0.0178095,-0.0457003,-16.6028952,-14.8809087
1.3531250,0.0177798,-0.0455582,-16.7683891,-15.0464026
1.3537500,0.0177500,-0.0454162,-16.9338829,-15.2118964
1.3543750,0.0177209,-0.0452730,-17.0968851,-15.3748986
1.3550000,0.0176919,-0.0451298,-17.2598873,-15.5379008
1.3556250,0.0176636,-0.0449856,-17.4198348,-15.6978483
1.3562500,0.0176353,-0.0448415,-17.5797823,-15.8577958
1.3568750,0.0176078,-0.0446965,-17.7361183,-16.0141318
1.3575000,0.0175803,-0.0445515,-17.8924543,-16.1704678
1.3581250,0.0175536,-0.0444058,-18.0446321,-16.3226456
1.3587500,0.0175269,-0.0442601,-18.1968099,-16.4748234
1.3593750,0.0175011,-0.0441137,-18.3442960,-16.6223095
1.3600000,0.0174752,-0.0439673,-18.4917820,-16.7697955
1.3606250,0.0174502,-0.0438203,-18.6340597,-16.9120732
1.3612500,0.0174252,-0.0436732,-18.7763374,-17.0543509
1.3618750,0.0174011,-0.0435255,-18.9129099,-17.1909234
1.3625000,0.0173770,-0.0433778,-19.0494825,-17.3274960
1.3631250,0.0173537,-0.0432294,-19.1798764,-17.4578899
1.3637500,0.0173304,-0.0430810,-19.3102704,-17.5882839
1.3643750,0.0173080,-0.0429318,-19.4340384,-17.7120519
1.3650000,0.0172856,-0.0427827,-19.5578064,-17.8358199
1.3656250,0.0172641,-0.0426327,-19.6745303,-17.9525438
1.3662500,0.0172425,-0.0424827,-19.7912541,-18.0692676
1.3668750,0.0172219,-0.0423317,-19.9005472,-18.1785607
1.3675000,0.0172012,-0.0421808,-20.0098402,-18.2878537
1.3681250,0.0171814,-0.0420287,-20.1113500,-18.3893635
1.3687500,0.0171616,-0.0418767,-20.2128598,-18.4908733
1.3693750,0.0171427,-0.0417234,-20.3062703,-18.5842838
1.3700000,0.0171237,-0.0415702,-20.3996808,-18.6776943
1.3706250,0.0171057,-0.0414156,-20.4847143,-18.7627278
1.3712500,0.0170876,-0.0412611,-20.5697478,-18.8477613
1.3718750,0.0170704,-0.0411051,-20.6461666,-18.9241801
1.3725000,0.0170532,-0.0409490,-20.7225855,-19.0005990
1.3731250,0.0170370,-0.0407914,-20.7901936,-19.0682071
1.3737500,0.0170207,-0.0406338,-20.8578017,-19.1358152
1.3743750,0.0170054,-0.0404745,-20.9164458,-19.1944593
1.3750000,0.0169900,-0.0403153,-20.9750899,-19.2531034
1.3756250,0.0169756,-0.0401542,-21.0246603,-19.3026738
1.3762500,0.0169612,-0.0399932,-21.0742306,-19.3522441
1.3768750,0.0169478,-0.0398303,-21.1146619,-19.3926754
1.3775000,0.0169344,-0.0396675,-21.1550931,-19.4331066
1.3781250,0.0169220,-0.0395028,-21.1863643,-19.4643778
1.3787500,0.0169096,-0.0393382,-21.2176355,-19.4956490
1.3793750,0.0168983,-0.0391717,-21.2397705,-19.5177840
1.3800000,0.0168869,-0.0390053,-21.2619055,-19.5399190
1.3806250,0.0168767,-0.0388371,-21.2749723,-19.5529858
1.3812500,0.0168664,-0.0386689,-21.2880390,-19.5660525
1.3818750,0.0168573,-0.0384990,-21.2921493,-19.5701628
1.3825000,0.0168482,-0.0383291,-21.2962595,-19.5742730
1.3831250,0.0168403,-0.0381577,-21.2915678,-19.5695813
1.3837500,0.0168323,-0.0379863,-21.2868762,-19.5648897
1.3843750,0.0168256,-0.0378134,-21.2735788,-19.5515923
1.3850000,0.0168189,-0.0376406,-21.2602815,-19.5382950
1.3856250,0.0168134,-0.0374666,-21.2386148,-19.5166283
1.3862500,0.0168079,-0.0372926,-21.2169482,-19.4949617
1.3868750,0.0168037,-0.0371175,-21.1871871,-19.4652006
1.3875000,0.0167995,-0.0369425,-21.1574260,-19.4354395
1.3881250,0.0167966,-0.0367667,-21.1198818,-19.3978953
1.3887500,0.0167937,-0.0365910,-21.0823376,-19.3603511
1.3893750,0.0167922,-0.0364147,-21.0373559,-19.3153694
1.3900000,0.0167906,-0.0362385,-20.9923743,-19.2703878
1.3906250,0.0167904,-0.0360620,-20.9403324,-19.2183459
1.3912500,0.0167901,-0.0358856,-20.8882906,-19.1663041
1.3918750,0.0167912,-0.0357093,-20.8295951,-19.1076086
1.3925000,0.0167923,-0.0355329,-20.7708996,-19.0489131
1.3931250,0.0167948,-0.0353569,-20.7059831,-18.9839966
1.3937500,0.0167972,-0.0351809,-20.6410666,-18.9190801
1.3943750,0.0168010,-0.0350055,-20.5703850,-18.8483985
1.3950000,0.0168047,-0.0348301,-20.4997034,-18.7777169
1.3956250,0.0168097,-0.0346556,-20.4237324,-18.7017459
1.3962500,0.0168147,-0.0344812,-20.3477614,-18.6257749
1.3968750,0.0168210,-0.0343079,-20.2669935,-18.5450070
1.3975000,0.0168273,-0.0341346,-20.1862257,-18.4642392
1.3981250,0.0168348,-0.0339627,-20.1011666,-18.3791801
1.3987500,0.0168423,-0.0337908,-20.0161075,-18.2941210
1.3993750,0.0168510,-0.0336205,-19.9272724,-18.2052859
1.4000000,0.0168597,-0.0334503,-19.8384374,-18.1164509
1.4006250,0.0168696,-0.0332818,-19.7463477,-18.0243612
1.4012500,0.0168794,-0.0331133,-19.6542580,-17.9322715
1.4018750,0.0168903,-0.0329468,-19.5594376,-17.8374511
1.4025000,0.0169012,-0.0327803,-19.4646171,-17.7426306
1.4031250,0.0169132,-0.0326159,-19.3675885,-17.6456020
1.4037500,0.0169251,-0.0324514,-19.2705598,-17.5485733
1.4043750,0.0169381,-0.0322891,-19.1718409,-17.4498544
1.4050000,0.0169510,-0.0321268,-19.0731219,-17.3511354
1.4056250,0.0169649,-0.0319667,-18.9732221,-17.2512356
1.4062500,0.0169788,-0.0318067,-18.8733223,-17.1513358
1.4068750,0.0169936,-0.0316488,-18.7727393,-17.0507528
1.4075000,0.0170084,-0.0314910,-18.6721563,-16.9501698
1.4081250,0.0170240,-0.0313354,-18.5713724,-16.8493859
1.4087500,0.0170396,-0.0311799,-18.4705886,-16.7486021
1.4093750,0.0170561,-0.0310265,-18.3700678,-16.6480813
1.4100000,0.0170725,-0.0308732,-18.2695470,-16.5475605
1.4106250,0.0170897,-0.0307220,-18.1697312,-16.4477447
1.4112500,0.0171069,-0.0305708,-18.0699155,-16.3479290
1.4118750,0.0171249,-0.0304217,-17.9712223,-16.2492358
1.4125000,0.0171428,-0.0302726,-17.8725291,-16.1505426
1.4131250,0.0171615,-0.0301256,-17.7753484,-16.0533619
1.4137500,0.0171802,-0.0299785,-17.6781677,-15.9561812
1.4143750,0.0171996,-0.0298334,-17.5828593,-15.8608728
1.4150000,0.0172189,-0.0296883,-17.4875508,-15.7655643
1.4156250,0.0172389,-0.0295450,-17.3944421,-15.6724556
1.4162500,0.0172589,-0.0294017,-17.3013334,-15.5793469
1.4168750,0.0172796,-0.0292601,-17.2107171,-15.4887306
1.4175000,0.0173002,-0.0291185,-17.1201009,-15.3981144
1.4181250,0.0173215,-0.0289786,-17.0322333,-15.3102468
1.4187500,0.0173428,-0.0288387,-16.9443658,-15.2223793
1.4193750,0.0173648,-0.0287003,-16.8594651,-15.1374786
1.4200000,0.0173867,-0.0285620,-16.7745644,-15.0525779
1.4206250,0.0174092,-0.0284251,-16.6928092,-14.9708227
1.4212500,0.0174317,-0.0282882,-16.6110540,-14.8890675
1.4218750,0.0174548,-0.0281528,-16.5325825,-14.8105960
1.4225000,0.0174779,-0.0280173,-16.4541110,-14.7321245
1.4231250,0.0175016,-0.0278832,-16.3790200,-14.6570335
1.4237500,0.0175253,-0.0277491,-16.3039289,-14.5819424
1.4243750,0.0175496,-0.0276163,-16.2322735,-14.5102870
1.4250000,0.0175738,-0.0274835,-16.1606181,-14.4386316
1.4256250,0.0175986,-0.0273520,-16.0924115,-14.3704250
1.4262500,0.0176234,-0.0272205,-16.0242049,-14.3022184
1.4268750,0.0176488,-0.0270903,-15.9594184,-14.2374319
1.4275000,0.0176741,-0.0269601,-15.8946320,-14.1726455
1.4281250,0.0177000,-0.0268311,-15.8331958,-14.1112093
1.4287500,0.0177258,-0.0267022,-15.7717596,-14.0497731
1.4293750,0.0177521,-0.0265745,-15.7135631,-13.9915766
1.4300000,0.0177784,-0.0264469,-15.6553666,-13.9333801
1.4306250,0.0178052,-0.0263205,-15.6002596,-13.8782732
1.4312500,0.0178320,-0.0261942,-15.5451527,-13.8231662
1.4318750,0.0178593,-0.0260692,-15.4929470,-13.7709605
1.4325000,0.0178865,-0.0259442,-15.4407412,-13.7187547
1.4331250,0.0179142,-0.0258205,-15.3912116,-13.6692251
1.4337500,0.0179418,-0.0256968,-15.3416819,-13.6196954
1.4343750,0.0179698,-0.0255745,-15.2945686,-13.5725821
1.4350000,0.0179978,-0.0254522,-15.2474552,-13.5254687
1.4356250,0.0180262,-0.0253313,-15.2024655,-13.4804790
1.4362500,0.0180546,-0.0252103,-15.1574757,-13.4354892
1.4368750,0.0180834,-0.0250907,-15.1142866,-13.3923001
1.4375000,0.0181121,-0.0249712,-15.0710975,-13.3491110
1.4381250,0.0181412,-0.0248530,-15.0293582,-13.3073717
1.4387500,0.0181703,-0.0247349,-14.9876189,-13.2656324
1.4393750,0.0181997,-0.0246180,-14.9469533,-13.2249668
1.4400000,0.0182291,-0.0245012,-14.9062878,-13.1843013
1.4406250,0.0182588,-0.0243857,-14.8662980,-13.1443115
1.4412500,0.0182884,-0.0242702,-14.8263082,-13.1043217
1.4418750,0.0183184,-0.0241560,-14.7865767,-13.0645902
1.4425000,0.0183484,-0.0240418,-14.7468453,-13.0248588
1.4431250,0.0183787,-0.0239287,-14.7069393,-12.9849528
1.4437500,0.0184089,-0.0238157,-14.6670332,-12.9450467
1.4443750,0.0184395,-0.0237038,-14.6265067,-12.9045202
1.4450000,0.0184701,-0.0235919,-14.5859802,-12.8639937
1.4456250,0.0185010,-0.0234811,-14.5443785,-12.8223920
1.4462500,0.0185318,-0.0233702,-14.5027767,-12.7807902
1.4468750,0.0185630,-0.0232602,-14.4596392,-12.7376527
1.4475000,0.0185942,-0.0231503,-14.4165018,-12.6945153
1.4481250,0.0186258,-0.0230411,-14.3713658,-12.6493793
1.4487500,0.0186573,-0.0229320,-14.3262299,-12.6042434
1.4493750,0.0186893,-0.0228235,-14.2786342,-12.5566477
1.4500000,0.0187212,-0.0227151,-14.2310385,-12.5090520
1.4506250,0.0187536,-0.0226072,-14.1805265,-12.4585400
1.4512500,0.0187859,-0.0224993,-14.1300146,-12.4080281
1.4518750,0.0188187,-0.0223918,-14.0761382,-12.3541517
1.4525000,0.0188514,-0.0222844,-14.0222619,-12.3002754
1.4531250,0.0188846,-0.0221773,-13.9645849,-12.2425984
1.4537500,0.0189178,-0.0220702,-13.9069078,-12.1849213
1.4543750,0.0189515,-0.0219633,-13.8450088,-12.1230223
1.4550000,0.0189852,-0.0218564,-13.7831097,-12.0611232
1.4556250,0.0190195,-0.0217497,-13.7165857,-11.9945992
1.4562500,0.0190537,-0.0216429,-13.6500616,-11.9280751
1.4568750,0.0190884,-0.0215363,-13.5785309,-11.8565444
1.4575000,0.0191232,-0.0214297,-13.5070002,-11.7850137
1.4581250,0.0191586,-0.0213231,-13.4301056,-11.7081191
1.4587500,0.0191939,-0.0212165,-13.3532111,-11.6312246
1.4593750,0.0192298,-0.0211099,-13.2706224,-11.5486359
1.4600000,0.0192656,-0.0210034,-13.1880337,-11.4660472
1.4606250,0.0193021,-0.0208969,-13.0994503,-11.3774638
1.4612500,0.0193385,-0.0207905,-13.0108669,-11.2888804
1.4618750,0.0193755,-0.0206841,-12.9160200,-11.1940335
1.4625000,0.0194124,-0.0205778,-12.8211732,-11.0991867
1.4631250,0.0194499,-0.0204717,-12.7198285,-10.9978420
1.4637500,0.0194873,-0.0203656,-12.6184838,-10.8964973
1.4643750,0.0195252,-0.0202598,-12.5104426,-10.7884561
1.4650000,0.0195631,-0.0201540,-12.4024014,-10.6804149
1.4656250,0.0196014,-0.0200488,-12.2875028,-10.5655163
1.4662500,0.0196397,-0.0199435,-12.1726041,-10.4506176
1.4668750,0.0196783,-0.0198390,-12.0507261,-10.3287396
1.4675000,0.0197169,-0.0197344,-11.9288480,-10.2068615
1.4681250,0.0197557,-0.0196308,-11.7999085,-10.0779220
1.4687500,0.0197945,-0.0195272,-11.6709691,-9.9489826
1.4693750,0.0198334,-0.0194248,-11.5349271,-9.8129406
1.4700000,0.0198723,-0.0193224,-11.3988851,-9.6768986
1.4706250,0.0199112,-0.0192215,-11.2557409,-9.5337544
1.4712500,0.0199501,-0.0191206,-11.1125968,-9.3906103
1.4718750,0.0199889,-0.0190214,-10.9623922,-9.2404057
1.4725000,0.0200276,-0.0189222,-10.8121877,-9.0902012
1.4731250,0.0200661,-0.0188251,-10.6550062,-8.9330197
1.4737500,0.0201045,-0.0187281,-10.4978247,-8.7758382
1.4743750,0.0201425,-0.0186334,-10.3337909,-8.6118044
1.4750000,0.0201804,-0.0185387,-10.1697570,-8.4477705
1.4756250,0.0202178,-0.0184468,-9.9990359,-8.2770494
1.4762500,0.0202551,-0.0183548,-9.8283148,-8.1063283
1.4768750,0.0202917,-0.0182659,-9.6511113,-7.9291248
1.4775000,0.0203282,-0.0181769,-9.4739078,-7.7519213
1.4781250,0.0203638,-0.0180913,-9.2904651,-7.5684786
1.4787500,0.0203993,-0.0180057,-9.1070224,-7.3850359
1.4793750,0.0204338,-0.0179237,-8.9176207,-7.1956342
1.4800000,0.0204682,-0.0178418,-8.7282191,-7.0062326
1.4806250,0.0205014,-0.0177637,-8.5331741,-6.8111876
1.4812500,0.0205345,-0.0176856,-8.3381291,-6.6161426
1.4818750,0.0205662,-0.0176116,-8.1377896,-6.4158031
1.4825000,0.0205979,-0.0175377,-7.9374501,-6.2154636
1.4831250,0.0206281,-0.0174681,-7.7321962,-6.0102097
1.4837500,0.0206582,-0.0173985,-7.5269423,-5.8049558
1.4843750,0.0206866,-0.0173335,-7.3171830,-5.5951965
1.4850000,0.0207150,-0.0172684,-7.1074237,-5.3854372
1.4856250,0.0207416,-0.0172080,-6.8935942,-5.1716077
1.4862500,0.0207681,-0.0171476,-6.6797646,-4.9577781
1.4868750,0.0207928,-0.0170920,-6.4623234,-4.7403369
1.4875000,0.0208175,-0.0170363,-6.2448822,-4.5228957
1.4881250,0.0208402,-0.0169855,-6.0243088,-4.3023223
1.4887500,0.0208628,-0.0169347,-5.8037353,-4.0817488
1.4893750,0.0208834,-0.0168888,-5.5805264,-3.8585399
1.4900000,0.0209040,-0.0168429,-5.3573176,-3.6353311
1.4906250,0.0209226,-0.0168018,-5.1319847,-3.4099982
1.4912500,0.0209411,-0.0167608,-4.9066518,-3.1846653
1.4918750,0.0209575,-0.0167246,-4.6797174,-2.9577309
1.4925000,0.0209739,-0.0166884,-4.4527830,-2.7307965
1.4931250,0.0209883,-0.0166570,-4.2247775,-2.5027910
1.4937500,0.0210026,-0.0166255,-3.9967720,-2.2747855
1.4943750,0.0210148,-0.0165988,-3.7682306,-2.0462441
1.4950000,0.0210270,-0.0165720,-3.5396892,-1.8177027
1.4956250,0.0210372,-0.0165498,-3.3111481,-1.5891616
1.4962500,0.0210474,-0.0165275,-3.0826070,-1.3606205
1.4968750,0.0210556,-0.0165097,-2.8546004,-1.1326139
1.4975000,0.0210638,-0.0164919,-2.6265938,-0.9046073
1.4981250,0.0210701,-0.0164783,-2.3996504,-0.6776639
1.4987500,0.0210763,-0.0164647,-2.1727070,-0.4507205
1.4993750,0.0210807,-0.0164552,-1.9473467,-0.2253602
1.5000000,0.0210851,-0.0164457,-1.7219865,0.0000000
1.5006250,0.0210877,-0.0164401,-1.4987174,0.2232691
1.5012500,0.0210903,-0.0164345,-1.2754484,0.4465381
1.5018750,0.0210912,-0.0164327,-1.0547635,0.6672230
1.5025000,0.0210920,-0.0164308,-0.8340786,0.8879079
1.5031250,0.0210913,-0.0164325,-0.6164527,1.1055338
1.5037500,0.0210905,-0.0164341,-0.3988268,1.3231597
1.5043750,0.0210882,-0.0164391,-0.1847139,1.5372726
1.5050000,0.0210858,-0.0164441,0.0293990,1.7513855
1.5056250,0.0210820,-0.0164523,0.2395686,1.9615551
1.5062500,0.0210782,-0.0164606,0.4497383,2.1717248
1.5068750,0.0210731,-0.0164718,0.6555606,2.3775471
1.5075000,0.0210679,-0.0164831,0.8613830,2.5833695
1.5081250,0.0210614,-0.0164972,1.0624825,2.7844690
1.5087500,0.0210548,-0.0165114,1.2635820,2.9855685
1.5093750,0.0210471,-0.0165283,1.4596139,3.1816004
1.5100000,0.0210393,-0.0165452,1.6556458,3.3776323
1.5106250,0.0210304,-0.0165648,1.8462980,3.5682845
1.5112500,0.0210214,-0.0165843,2.0369501,3.7589366
1.5118750,0.0210113,-0.0166064,2.2219449,3.9439314
1.5125000,0.0210012,-0.0166285,2.4069396,4.1289261
1.5131250,0.0209900,-0.0166531,2.5860351,4.3080216
1.5137500,0.0209788,-0.0166776,2.7651306,4.4871171
1.5143750,0.0209666,-0.0167046,2.9381222,4.6601087
1.5150000,0.0209544,-0.0167315,3.1111137,4.8331002
1.5156250,0.0209412,-0.0167607,3.2778346,4.9998211
1.5162500,0.0209279,-0.0167899,3.4445555,5.1665420
1.5168750,0.0209137,-0.0168214,3.6048781,5.3268646
1.5175000,0.0208995,-0.0168529,3.7652007,5.4871872
1.5181250,0.0208844,-0.0168865,3.9190363,5.6410228
1.5187500,0.0208693,-0.0169202,4.0728720,5.7948585
1.5193750,0.0208533,-0.0169560,4.2201719,5.9421584
1.5200000,0.0208373,-0.0169918,4.3674717,6.0894582
1.5206250,0.0208204,-0.0170297,4.5082261,6.2302126
1.5212500,0.0208035,-0.0170676,4.6489804,6.3709669
1.5218750,0.0207859,-0.0171076,4.7832189,6.5052054
1.5225000,0.0207682,-0.0171475,4.9174574,6.6394439
1.5231250,0.0207497,-0.0171895,5.0452481,6.7672346
1.5237500,0.0207312,-0.0172314,5.1730388,6.8950253
1.5243750,0.0207120,-0.0172753,5.2944877,7.0164742
1.5250000,0.0206928,-0.0173191,5.4159365,7.1379230
1.5256250,0.0206729,-0.0173648,5.5311860,7.2531725
1.5262500,0.0206530,-0.0174105,5.6464355,7.3684220
1.5268750,0.0206325,-0.0174579,5.7556635,7.4776500
1.5275000,0.0206119,-0.0175054,5.8648915,7.5868780
1.5281250,0.0205907,-0.0175546,5.9683098,7.6902963
1.5287500,0.0205695,-0.0176038,6.0717282,7.7937147
1.5293750,0.0205478,-0.0176545,6.1695807,7.8915672
1.5300000,0.0205261,-0.0177053,6.2674333,7.9894198
