t,Hx,Hz,fin_deg,ry_deg
0.0000000,0.0210851,-0.0164457,7.6424306,0.0000000
0.0006250,0.0210851,-0.0164457,7.6424373,0.0000067
0.0012500,0.0210851,-0.0164457,7.6424838,0.0000532
0.0018750,0.0210851,-0.0164457,7.6426066,0.0001760
0.0025000,0.0210851,-0.0164457,7.6428435,0.0004129
0.0031250,0.0210851,-0.0164457,7.6432228,0.0007922
0.0037500,0.0210851,-0.0164457,7.6437823,0.0013517
0.0043750,0.0210851,-0.0164457,7.6445396,0.0021090
0.0050000,0.0210851,-0.0164457,7.6455356,0.0031050
0.0056250,0.0210851,-0.0164457,7.6467746,0.0043440
0.0062500,0.0210851,-0.0164457,7.6483034,0.0058728
0.0068750,0.0210851,-0.0164458,7.6501115,0.0076809
0.0075000,0.0210851,-0.0164458,7.6522533,0.0098227
0.0081250,0.0210850,-0.0164459,7.6547033,0.0122727
0.0087500,0.0210850,-0.0164459,7.6575245,0.0150939
0.0093750,0.0210849,-0.0164460,7.6606766,0.0182460
0.0100000,0.0210849,-0.0164462,7.6642321,0.0218015
0.0106250,0.0210848,-0.0164463,7.6681364,0.0257058
0.0112500,0.0210847,-0.0164465,7.6724716,0.0300410
0.0118750,0.0210846,-0.0164468,7.6771707,0.0347401
0.0125000,0.0210845,-0.0164470,7.6823243,0.0398937
0.0131250,0.0210843,-0.0164474,7.6878552,0.0454246
0.0137500,0.0210842,-0.0164477,7.6938610,0.0514304
0.0143750,0.0210840,-0.0164482,7.7002571,0.0578265
0.0150000,0.0210837,-0.0164487,7.7071462,0.0647156
0.0156250,0.0210835,-0.0164492,7.7144386,0.0720080
0.0162500,0.0210832,-0.0164499,7.7222401,0.0798095
0.0168750,0.0210829,-0.0164506,7.7304587,0.0880281
0.0175000,0.0210825,-0.0164514,7.7392013,0.0967707
0.0181250,0.0210821,-0.0164523,7.7483749,0.1059443
0.0187500,0.0210816,-0.0164533,7.7580865,0.1156559
0.0193750,0.0210811,-0.0164544,7.7682427,0.1258121
0.0200000,0.0210806,-0.0164556,7.7789502,0.1365196
0.0206250,0.0210800,-0.0164570,7.7901149,0.1476843
0.0212500,0.0210793,-0.0164584,7.8018433,0.1594127
0.0218750,0.0210786,-0.0164600,7.8140391,0.1716085
0.0225000,0.0210779,-0.0164617,7.8268102,0.1843796
0.0231250,0.0210770,-0.0164636,7.8400551,0.1976245
0.0237500,0.0210761,-0.0164656,7.8538859,0.2114553
0.0243750,0.0210752,-0.0164678,7.8681918,0.2257612
0.0250000,0.0210741,-0.0164702,7.8830925,0.2406619
0.0256250,0.0210730,-0.0164727,7.8984630,0.2560324
0.0262500,0.0210718,-0.0164754,7.9144354,0.2720048
0.0268750,0.0210705,-0.0164783,7.9308647,0.2884341
0.0275000,0.0210692,-0.0164813,7.9479007,0.3054701
0.0281250,0.0210677,-0.0164846,7.9653722,0.3229416
0.0287500,0.0210662,-0.0164881,7.9834523,0.3410217
0.0293750,0.0210646,-0.0164918,8.0019379,0.3595073
0.0300000,0.0210629,-0.0164958,8.0210311,0.3786005
0.0306250,0.0210611,-0.0164999,8.0404914,0.3980608
0.0312500,0.0210592,-0.0165043,8.0605547,0.4181241
0.0318750,0.0210572,-0.0165090,8.0809397,0.4385091
0.0325000,0.0210551,-0.0165138,8.1019196,0.4594890
0.0331250,0.0210529,-0.0165190,8.1231705,0.4807399
0.0337500,0.0210505,-0.0165244,8.1450048,0.5025742
0.0343750,0.0210481,-0.0165300,8.1670569,0.5246263
0.0350000,0.0210456,-0.0165360,8.1896774,0.5472468
0.0356250,0.0210429,-0.0165422,8.2124637,0.5700331
0.0362500,0.0210402,-0.0165487,8.2358004,0.5933698
0.0368750,0.0210373,-0.0165555,8.2592560,0.6168254
0.0375000,0.0210343,-0.0165625,8.2832419,0.6408113
0.0381250,0.0210312,-0.0165699,8.3073098,0.6648792
0.0387500,0.0210280,-0.0165776,8.3318866,0.6894560
0.0393750,0.0210247,-0.0165856,8.3565235,0.7140929
0.0400000,0.0210212,-0.0165938,8.3816475,0.7392169
0.0406250,0.0210176,-0.0166025,8.4068306,0.7644000
0.0412500,0.0210139,-0.0166114,8.4324797,0.7900491
0.0418750,0.0210101,-0.0166206,8.4582131,0.8157825
0.0425000,0.0210061,-0.0166302,8.4843939,0.8419633
0.0431250,0.0210020,-0.0166401,8.5107152,0.8682846
0.0437500,0.0209978,-0.0166504,8.5374693,0.8950387
0.0443750,0.0209935,-0.0166609,8.5644561,0.9220255
0.0450000,0.0209890,-0.0166719,8.5918666,0.9494360
0.0456250,0.0209845,-0.0166832,8.6196417,0.9772111
0.0462500,0.0209797,-0.0166948,8.6478385,1.0054079
0.0468750,0.0209749,-0.0167068,8.6765748,1.0341442
0.0475000,0.0209699,-0.0167191,8.7057393,1.0633087
0.0481250,0.0209647,-0.0167319,8.7356624,1.0932318
0.0487500,0.0209595,-0.0167450,8.7660306,1.1236000
0.0493750,0.0209541,-0.0167585,8.7974212,1.1549906
0.0500000,0.0209485,-0.0167724,8.8292851,1.1868545
0.0506250,0.0209428,-0.0167867,8.8624782,1.2200476
0.0512500,0.0209370,-0.0168014,8.8961856,1.2537550
0.0518750,0.0209310,-0.0168165,8.9315691,1.2891385
0.0525000,0.0209249,-0.0168321,8.9675213,1.3250907
0.0531250,0.0209186,-0.0168481,9.0055315,1.3631009
0.0537500,0.0209122,-0.0168645,9.0441789,1.4017483
0.0543750,0.0209056,-0.0168814,9.0852952,1.4428646
0.0550000,0.0208988,-0.0168988,9.1271313,1.4847007
0.0556250,0.0208919,-0.0169167,9.1718675,1.5294369
0.0562500,0.0208848,-0.0169350,9.2174202,1.5749896
0.0568750,0.0208775,-0.0169539,9.2663153,1.6238847
0.0575000,0.0208701,-0.0169732,9.3161371,1.6737065
0.0581250,0.0208625,-0.0169932,9.3697439,1.7273133
0.0587500,0.0208547,-0.0170136,9.4244001,1.7819695
0.0593750,0.0208467,-0.0170348,9.4832725,1.8408419
0.0600000,0.0208385,-0.0170564,9.5433283,1.9008977
0.0606250,0.0208301,-0.0170787,9.6080078,1.9655772
0.0612500,0.0208215,-0.0171015,9.6740141,2.0315835
0.0618750,0.0208127,-0.0171252,9.7450157,2.1025851
0.0625000,0.0208037,-0.0171493,9.8174951,2.1750645
0.0631250,0.0207945,-0.0171743,9.8952931,2.2528625
0.0637500,0.0207850,-0.0171998,9.9747250,2.3322944
0.0643750,0.0207753,-0.0172263,10.0597391,2.4173085
0.0650000,0.0207655,-0.0172532,10.1465458,2.5041152
0.0656250,0.0207553,-0.0172812,10.2391280,2.5966974
0.0662500,0.0207450,-0.0173098,10.3336617,2.6912311
0.0668750,0.0207343,-0.0173393,10.4340845,2.7916539
0.0675000,0.0207235,-0.0173695,10.5366148,2.8941842
0.0681250,0.0207123,-0.0174008,10.6450612,3.0026306
0.0687500,0.0207010,-0.0174327,10.7557654,3.1133348
0.0693750,0.0206894,-0.0174657,10.8723207,3.2298901
0.0700000,0.0206775,-0.0174994,10.9912758,3.3488452
0.0706250,0.0206653,-0.0175343,11.1159220,3.4734914
0.0712500,0.0206530,-0.0175699,11.2430991,3.6006685
0.0718750,0.0206403,-0.0176067,11.3757120,3.7332814
0.0725000,0.0206274,-0.0176442,11.5109734,3.8685428
0.0731250,0.0206141,-0.0176831,11.6513221,4.0088915
0.0737500,0.0206007,-0.0177226,11.7944213,4.1519907
0.0743750,0.0205869,-0.0177635,11.9421713,4.2997407
0.0750000,0.0205729,-0.0178052,12.0927564,4.4503258
0.0756250,0.0205586,-0.0178482,12.2474747,4.6050441
0.0762500,0.0205441,-0.0178920,12.4050939,4.7626633
0.0768750,0.0205293,-0.0179373,12.5662577,4.9238271
0.0775000,0.0205142,-0.0179833,12.7303681,5.0879375
0.0781250,0.0204989,-0.0180307,12.8973752,5.2549446
0.0787500,0.0204833,-0.0180790,13.0673540,5.4249234
0.0793750,0.0204674,-0.0181288,13.2395362,5.5971056
0.0800000,0.0204513,-0.0181793,13.4146945,5.7722639
0.0806250,0.0204349,-0.0182314,13.5913324,5.9489018
0.0812500,0.0204183,-0.0182843,13.7709300,6.1284994
0.0818750,0.0204015,-0.0183387,13.9512692,6.3088386
0.0825000,0.0203844,-0.0183940,14.1345318,6.4921012
0.0831250,0.0203670,-0.0184508,14.3178000,6.6753694
0.0837500,0.0203495,-0.0185085,14.5039366,6.8615060
0.0843750,0.0203317,-0.0185676,14.6893618,7.0469312
0.0850000,0.0203137,-0.0186277,14.8775828,7.2351522
0.0856250,0.0202954,-0.0186893,15.0644100,7.4219794
0.0862500,0.0202770,-0.0187518,15.2539448,7.6115142
0.0868750,0.0202584,-0.0188158,15.4414532,7.7990226
0.0875000,0.0202395,-0.0188808,15.6315674,7.9891368
0.0881250,0.0202205,-0.0189472,15.8190858,8.1766552
0.0887500,0.0202012,-0.0190146,16.0090967,8.3666661
0.0893750,0.0201818,-0.0190835,16.1960172,8.5535866
0.0900000,0.0201622,-0.0191533,16.3853080,8.7428774
0.0906250,0.0201425,-0.0192246,16.5710978,8.9286672
0.0912500,0.0201225,-0.0192970,16.7591291,9.1166985
0.0918750,0.0201024,-0.0193707,16.9433396,9.3009090
0.0925000,0.0200821,-0.0194455,17.1296588,9.4872282
0.0931250,0.0200618,-0.0195218,17.3119320,9.6695014
0.0937500,0.0200411,-0.0195991,17.4961794,9.8537488
0.0943750,0.0200205,-0.0196778,17.6762514,10.0338208
0.0950000,0.0199996,-0.0197576,17.8581637,10.2157331
0.0956250,0.0199787,-0.0198389,18.0358652,10.3934346
0.0962500,0.0199576,-0.0199212,18.2152757,10.5728451
0.0968750,0.0199365,-0.0200050,18.3905291,10.7480985
0.0975000,0.0199151,-0.0200898,18.5673649,10.9249343
0.0981250,0.0198937,-0.0201761,18.7401793,11.0977487
0.0987500,0.0198721,-0.0202636,18.9144554,11.2720248
0.0993750,0.0198506,-0.0203525,19.0849178,11.4424872
0.1000000,0.0198288,-0.0204425,19.2567289,11.6142983
0.1006250,0.0198071,-0.0205341,19.4249942,11.7825636
0.1012500,0.0197851,-0.0206267,19.5945033,11.9520727
0.1018750,0.0197632,-0.0207209,19.7607811,12.1183505
0.1025000,0.0197412,-0.0208162,19.9282067,12.2857761
0.1031250,0.0197191,-0.0209131,20.0927473,12.4503167
0.1037500,0.0196969,-0.0210111,20.2583490,12.6159184
0.1043750,0.0196748,-0.0211107,20.4214276,12.7789970
0.1050000,0.0196525,-0.0212114,20.5854899,12.9430593
0.1056250,0.0196303,-0.0213138,20.7473909,13.1049603
0.1062500,0.0196078,-0.0214174,20.9102067,13.2677761
0.1068750,0.0195856,-0.0215225,21.0712068,13.4287762
0.1075000,0.0195631,-0.0216289,21.2330611,13.5906305
0.1081250,0.0195408,-0.0217369,21.3934135,13.7509829
0.1087500,0.0195183,-0.0218460,21.5545669,13.9121363
0.1093750,0.0194960,-0.0219569,21.7144862,14.0720556
0.1100000,0.0194735,-0.0220690,21.8751592,14.2327286
0.1106250,0.0194513,-0.0221828,22.0348073,14.3923767
0.1112500,0.0194288,-0.0222978,22.1951664,14.5527358
0.1118750,0.0194066,-0.0224145,22.3546398,14.7122092
0.1125000,0.0193842,-0.0225324,22.5147850,14.8723544
0.1131250,0.0193620,-0.0226520,22.6741046,15.0316740
0.1137500,0.0193397,-0.0227729,22.8340587,15.1916281
0.1143750,0.0193177,-0.0228955,22.9931614,15.3507308
0.1150000,0.0192956,-0.0230193,23.1528616,15.5104310
0.1156250,0.0192737,-0.0231448,23.3115944,15.6691638
0.1162500,0.0192517,-0.0232716,23.4708864,15.8284558
0.1168750,0.0192300,-0.0234000,23.6290030,15.9865724
0.1175000,0.0192082,-0.0235298,23.7876379,16.1452073
0.1181250,0.0191868,-0.0236611,23.9447974,16.3023668
0.1187500,0.0191653,-0.0237937,24.1024304,16.4599998
0.1193750,0.0191441,-0.0239280,24.2581995,16.6157689
0.1200000,0.0191228,-0.0240635,24.4143917,16.7719611
0.1206250,0.0191020,-0.0242007,24.5682476,16.9258170
0.1212500,0.0190810,-0.0243391,24.7224702,17.0800396
0.1218750,0.0190605,-0.0244790,24.8738072,17.2313766
0.1225000,0.0190399,-0.0246202,25.0254473,17.3830167
0.1231250,0.0190198,-0.0247629,25.1735847,17.5311541
0.1237500,0.0189996,-0.0249068,25.3219536,17.6795230
0.1243750,0.0189798,-0.0250522,25.4661452,17.8237146
0.1250000,0.0189601,-0.0251988,25.6104884,17.9680578
0.1256250,0.0189408,-0.0253469,25.7499336,18.1075030
0.1262500,0.0189214,-0.0254961,25.8894418,18.2470112
0.1268750,0.0189027,-0.0256467,26.0232977,18.3808671
0.1275000,0.0188838,-0.0257985,26.1571194,18.5146888
0.1281250,0.0188656,-0.0259516,26.2845140,18.6420834
0.1287500,0.0188473,-0.0261059,26.4117688,18.7693382
0.1293750,0.0188296,-0.0262613,26.5318145,18.8893839
0.1300000,0.0188118,-0.0264180,26.6516065,19.0091759
0.1306250,0.0187947,-0.0265758,26.7634139,19.1209833
0.1312500,0.0187776,-0.0267347,26.8748459,19.2324153
0.1318750,0.0187611,-0.0268947,26.9775374,19.3351068
0.1325000,0.0187446,-0.0270559,27.0797252,19.4372946
0.1331250,0.0187287,-0.0272180,27.1724490,19.5300184
0.1337500,0.0187128,-0.0273813,27.2645347,19.6221041
0.1343750,0.0186975,-0.0275455,27.3464780,19.7040474
0.1350000,0.0186823,-0.0277108,27.4276437,19.7852131
0.1356250,0.0186678,-0.0278769,27.4980452,19.8556146
0.1362500,0.0186532,-0.0280442,27.5675257,19.9250951
0.1368750,0.0186394,-0.0282122,27.6256879,19.9832573
0.1375000,0.0186256,-0.0283813,27.6827829,20.0403523
0.1381250,0.0186124,-0.0285511,27.7280832,20.0856526
0.1387500,0.0185993,-0.0287220,27.7721687,20.1297381
0.1393750,0.0185869,-0.0288934,27.8040701,20.1616395
0.1400000,0.0185745,-0.0290660,27.8346088,20.1921782
0.1406250,0.0185628,-0.0292391,27.8526693,20.2102387
0.1412500,0.0185512,-0.0294132,27.8692205,20.2267899
0.1418750,0.0185403,-0.0295878,27.8731017,20.2306711
0.1425000,0.0185295,-0.0297634,27.8753296,20.2328990
0.1431250,0.0185193,-0.0299394,27.8648047,20.2223741
0.1437500,0.0185093,-0.0301165,27.8524864,20.2100558
0.1443750,0.0184999,-0.0302938,27.8274464,20.1850158
0.1450000,0.0184906,-0.0304721,27.8004783,20.1580477
0.1456250,0.0184820,-0.0306507,27.7609380,20.1185074
0.1462500,0.0184735,-0.0308303,27.7193413,20.0769107
0.1468750,0.0184657,-0.0310101,27.6654436,20.0230130
0.1475000,0.0184581,-0.0311908,27.6093690,19.9669384
0.1481250,0.0184511,-0.0313716,27.5413879,19.8989573
0.1487500,0.0184442,-0.0315533,27.4711185,19.8286879
0.1493750,0.0184380,-0.0317351,27.3894608,19.7470302
0.1500000,0.0184319,-0.0319177,27.3054138,19.6629832
0.1506250,0.0184265,-0.0321003,27.2106201,19.5681895
0.1512500,0.0184212,-0.0322838,27.1133471,19.4709165
0.1518750,0.0184166,-0.0324672,27.0060901,19.3636595
0.1525000,0.0184121,-0.0326514,26.8962760,19.2538454
0.1531250,0.0184083,-0.0328354,26.7773573,19.1349267
0.1537500,0.0184046,-0.0330202,26.6558167,19.0133861
0.1543750,0.0184015,-0.0332047,26.5261623,18.8837317
0.1550000,0.0183986,-0.0333900,26.3938349,18.7514043
0.1556250,0.0183964,-0.0335749,26.2544880,18.6120574
0.1562500,0.0183943,-0.0337607,26.1124312,18.4700006
0.1568750,0.0183927,-0.0339458,25.9645433,18.3221127
0.1575000,0.0183914,-0.0341318,25.8139230,18.1714924
0.1581250,0.0183906,-0.0343172,25.6587421,18.0163115
0.1587500,0.0183900,-0.0345032,25.5008213,17.8583907
0.1593750,0.0183900,-0.0346887,25.3396787,17.6972481
0.1600000,0.0183901,-0.0348748,25.1758034,17.5333728
0.1606250,0.0183908,-0.0350602,25.0100976,17.3676670
0.1612500,0.0183917,-0.0352462,24.8416810,17.1992504
0.1618750,0.0183930,-0.0354313,24.6728594,17.0304288
0.1625000,0.0183945,-0.0356171,24.5013631,16.8589325
0.1631250,0.0183966,-0.0358019,24.3309022,16.6884716
0.1637500,0.0183989,-0.0359874,24.1578163,16.5153857
0.1643750,0.0184015,-0.0361719,23.9871994,16.3447688
0.1650000,0.0184044,-0.0363569,23.8140202,16.1715896
0.1656250,0.0184078,-0.0365409,23.6447139,16.0022833
0.1662500,0.0184113,-0.0367253,23.4729201,15.8304895
0.1668750,0.0184153,-0.0369087,23.3063500,15.6639194
0.1675000,0.0184194,-0.0370926,23.1373780,15.4949474
0.1681250,0.0184240,-0.0372753,22.9749036,15.3324730
0.1687500,0.0184288,-0.0374584,22.8101223,15.1676917
0.1693750,0.0184339,-0.0376404,22.6530113,15.0105807
0.1700000,0.0184392,-0.0378227,22.4936966,14.8512660
0.1706250,0.0184449,-0.0380039,22.3431010,14.7006704
0.1712500,0.0184508,-0.0381855,22.1904111,14.5479805
0.1718750,0.0184570,-0.0383658,22.0473432,14.4049126
0.1725000,0.0184634,-0.0385464,21.9022954,14.2598648
0.1731250,0.0184702,-0.0387258,21.7676066,14.1251760
0.1737500,0.0184772,-0.0389056,21.6310553,13.9886247
0.1743750,0.0184845,-0.0390841,21.5054174,13.8629868
0.1750000,0.0184920,-0.0392629,21.3780356,13.7356050
0.1756250,0.0184998,-0.0394405,21.2619252,13.6194946
0.1762500,0.0185079,-0.0396184,21.1441887,13.5017581
0.1768750,0.0185162,-0.0397951,21.0378757,13.3954451
0.1775000,0.0185248,-0.0399721,20.9300520,13.2876214
0.1781250,0.0185337,-0.0401479,20.8335923,13.1911617
0.1787500,0.0185428,-0.0403239,20.7357332,13.0933026
0.1793750,0.0185522,-0.0404988,20.6489666,13.0065360
0.1800000,0.0185618,-0.0406739,20.5609065,12.9184759
0.1806250,0.0185717,-0.0408480,20.4834603,12.8410297
0.1812500,0.0185819,-0.0410222,20.4048193,12.7623887
0.1818750,0.0185924,-0.0411955,20.3361167,12.6936861
0.1825000,0.0186031,-0.0413688,20.2663098,12.6238792
0.1831250,0.0186141,-0.0415414,20.2055841,12.5631535
0.1837500,0.0186254,-0.0417140,20.1438354,12.5014048
0.1843750,0.0186370,-0.0418858,20.0901503,12.4477197
0.1850000,0.0186488,-0.0420576,20.0355135,12.3930829
0.1856250,0.0186610,-0.0422287,19.9877873,12.3453567
0.1862500,0.0186734,-0.0423998,19.9391704,12.2967398
0.1868750,0.0186863,-0.0425702,19.8962061,12.2537755
0.1875000,0.0186993,-0.0427406,19.8524015,12.2099709
0.1881250,0.0187128,-0.0429104,19.8129203,12.1704897
0.1887500,0.0187264,-0.0430802,19.7726386,12.1302080
0.1893750,0.0187405,-0.0432494,19.7353168,12.0928862
0.1900000,0.0187548,-0.0434185,19.6972242,12.0547936
0.1906250,0.0187695,-0.0435872,19.6607322,12.0183016
0.1912500,0.0187845,-0.0437558,19.6234895,11.9810589
0.1918750,0.0187999,-0.0439239,19.5865318,11.9441012
0.1925000,0.0188155,-0.0440919,19.5488350,11.9064044
0.1931250,0.0188316,-0.0442594,19.5101910,11.8677604
0.1937500,0.0188479,-0.0444268,19.4708120,11.8283814
0.1943750,0.0188647,-0.0445938,19.4293749,11.7869443
0.1950000,0.0188817,-0.0447606,19.3872005,11.7447699
0.1956250,0.0188992,-0.0449270,19.3420134,11.6995828
0.1962500,0.0189169,-0.0450931,19.2960819,11.6536513
0.1968750,0.0189351,-0.0452589,19.2463715,11.6039409
0.1975000,0.0189535,-0.0454245,19.1959061,11.5534755
0.1981250,0.0189724,-0.0455896,19.1411097,11.4986791
0.1987500,0.0189916,-0.0457545,19.0855459,11.4431153
0.1993750,0.0190112,-0.0459188,19.0253344,11.3829038
0.2000000,0.0190310,-0.0460830,18.9643428,11.3219122
0.2006250,0.0190514,-0.0462466,18.8986353,11.2562047
0.2012500,0.0190719,-0.0464099,18.8321361,11.1897055
0.2018750,0.0190930,-0.0465727,18.7611081,11.1186775
0.2025000,0.0191142,-0.0467352,18.6892792,11.0468486
0.2031250,0.0191359,-0.0468971,18.6133618,10.9709312
0.2037500,0.0191578,-0.0470586,18.5366378,10.8942072
0.2043750,0.0191803,-0.0472195,18.4565091,10.8140785
0.2050000,0.0192029,-0.0473800,18.3755729,10.7331423
0.2056250,0.0192259,-0.0475397,18.2921412,10.6497106
0.2062500,0.0192492,-0.0476991,18.2079063,10.5654757
0.2068750,0.0192729,-0.0478576,18.1222845,10.4798539
0.2075000,0.0192967,-0.0480158,18.0358699,10.3934393
0.2081250,0.0193211,-0.0481731,17.9493427,10.3069121
0.2087500,0.0193456,-0.0483299,17.8620394,10.2196088
0.2093750,0.0193705,-0.0484858,17.7760242,10.1335936
0.2100000,0.0193956,-0.0486412,17.6892557,10.0468251
0.2106250,0.0194211,-0.0487956,17.6052566,9.9628260
0.2112500,0.0194468,-0.0489494,17.5205330,9.8781024
0.2118750,0.0194728,-0.0491022,17.4400915,9.7976609
0.2125000,0.0194990,-0.0492545,17.3589595,9.7165289
0.2131250,0.0195256,-0.0494055,17.2836008,9.6411702
0.2137500,0.0195523,-0.0495560,17.2075904,9.5651598
0.2143750,0.0195794,-0.0497052,17.1387695,9.4963389
0.2150000,0.0196066,-0.0498538,17.0693394,9.4269088
0.2156250,0.0196340,-0.0500011,17.0083865,9.3659559
0.2162500,0.0196616,-0.0501478,16.9468694,9.3044388
0.2168750,0.0196895,-0.0502930,16.8949371,9.2525065
0.2175000,0.0197176,-0.0504375,16.8424872,9.2000566
0.2181250,0.0197459,-0.0505806,16.8005020,9.1580714
0.2187500,0.0197744,-0.0507229,16.7580457,9.1156151
0.2193750,0.0198030,-0.0508637,16.7266644,9.0842338
0.2200000,0.0198318,-0.0510037,16.6948571,9.0524265
0.2206250,0.0198607,-0.0511420,16.6744292,9.0319986
0.2212500,0.0198898,-0.0512795,16.6536180,9.0111874
0.2218750,0.0199189,-0.0514152,16.6441574,9.0017268
0.2225000,0.0199482,-0.0515502,16.6343525,8.9919219
0.2231250,0.0199775,-0.0516831,16.6355175,8.9930869
0.2237500,0.0200070,-0.0518153,16.6363722,8.9939416
0.2243750,0.0200365,-0.0519454,16.6474560,9.0050254
0.2250000,0.0200661,-0.0520747,16.6582579,9.0158273
0.2256250,0.0200956,-0.0522017,16.6781894,9.0357588
0.2262500,0.0201253,-0.0523279,16.6978611,9.0554305
0.2268750,0.0201548,-0.0524518,16.7252166,9.0827860
0.2275000,0.0201845,-0.0525747,16.7523277,9.1098971
0.2281250,0.0202139,-0.0526951,16.7853537,9.1429231
0.2287500,0.0202435,-0.0528146,16.8181437,9.1757131
0.2293750,0.0202727,-0.0529314,16.8547896,9.2123590
0.2300000,0.0203021,-0.0530472,16.8912012,9.2487706
0.2306250,0.0203312,-0.0531602,16.9291611,9.2867305
0.2312500,0.0203603,-0.0532721,16.9668821,9.3244515
0.2318750,0.0203890,-0.0533811,17.0036465,9.3612159
0.2325000,0.0204177,-0.0534890,17.0401615,9.3977309
0.2331250,0.0204459,-0.0535937,17.0730741,9.4306435
0.2337500,0.0204742,-0.0536974,17.1057221,9.4632915
0.2343750,0.0205018,-0.0537976,17.1320435,9.4896129
0.2350000,0.0205295,-0.0538966,17.1580815,9.5156509
0.2356250,0.0205565,-0.0539922,17.1750563,9.5326257
0.2362500,0.0205835,-0.0540865,17.1917264,9.5492958
0.2368750,0.0206097,-0.0541771,17.1966516,9.5542210
0.2375000,0.0206359,-0.0542664,17.2012500,9.5588194
0.2381250,0.0206612,-0.0543518,17.1915435,9.5491129
0.2387500,0.0206866,-0.0544359,17.1814884,9.5390578
0.2393750,0.0207108,-0.0545159,17.1547553,9.5123247
0.2400000,0.0207350,-0.0545946,17.1276539,9.4852233
0.2406250,0.0207582,-0.0546690,17.0817482,9.4393176
0.2412500,0.0207814,-0.0547420,17.0354580,9.3930274
0.2418750,0.0208033,-0.0548105,16.9685387,9.3261081
0.2425000,0.0208253,-0.0548776,16.9012237,9.2587931
0.2431250,0.0208458,-0.0549401,16.8118031,9.1693725
0.2437500,0.0208664,-0.0550013,16.7219818,9.0795512
0.2443750,0.0208855,-0.0550575,16.6089642,8.9665336
0.2450000,0.0209047,-0.0551124,16.4955484,8.8531178
0.2456250,0.0209224,-0.0551623,16.3582597,8.7158291
0.2462500,0.0209401,-0.0552108,16.2205831,8.5781525
0.2468750,0.0209562,-0.0552542,16.0587877,8.4163571
0.2475000,0.0209722,-0.0552961,15.8966239,8.2541933
0.2481250,0.0209867,-0.0553329,15.7105317,8.0681011
0.2487500,0.0210011,-0.0553683,15.5240996,7.8816690
0.2493750,0.0210139,-0.0553984,15.3143601,7.6719295
0.2500000,0.0210266,-0.0554270,15.1043187,7.4618881
0.2506250,0.0210377,-0.0554511,14.8721404,7.2297098
0.2512500,0.0210487,-0.0554752,14.6399622,6.9975316
0.2518750,0.0210580,-0.0554955,14.3871589,6.7447283
0.2525000,0.0210673,-0.0555157,14.1343556,6.4919250
0.2531250,0.0210749,-0.0555322,13.8626339,6.2202033
0.2537500,0.0210825,-0.0555486,13.5909122,5.9484816
0.2543750,0.0210884,-0.0555613,13.3022737,5.6598431
0.2550000,0.0210942,-0.0555741,13.0136352,5.3712046
0.2556250,0.0210984,-0.0555831,12.7103265,5.0678959
0.2562500,0.0211026,-0.0555922,12.4070177,4.7645871
0.2568750,0.0211052,-0.0555978,12.0914751,4.4490445
0.2575000,0.0211077,-0.0556033,11.7759325,4.1335019
0.2581250,0.0211087,-0.0556054,11.4507243,3.8082937
0.2587500,0.0211097,-0.0556075,11.1255160,3.4830854
0.2593750,0.0211092,-0.0556063,10.7932822,3.1508516
0.2600000,0.0211086,-0.0556051,10.4610485,2.8186179
0.2606250,0.0211066,-0.0556007,10.1244419,2.4820113
0.2612500,0.0211045,-0.0555963,9.7878353,2.1454047
0.2618750,0.0211011,-0.0555889,9.4494631,1.8070325
0.2625000,0.0210977,-0.0555816,9.1110910,1.4686604
0.2631250,0.0210930,-0.0555713,8.7734614,1.1310308
0.2637500,0.0210883,-0.0555611,8.4358318,0.7934012
0.2643750,0.0210823,-0.0555482,8.1013045,0.4588739
0.2650000,0.0210763,-0.0555353,7.7667772,0.1243466
0.2656250,0.0210692,-0.0555198,7.4375206,-0.2049100
0.2662500,0.0210621,-0.0555044,7.1082639,-0.5341667
0.2668750,0.0210539,-0.0554866,6.7862194,-0.8562112
0.2675000,0.0210457,-0.0554688,6.4641749,-1.1782557
0.2681250,0.0210365,-0.0554488,6.1510298,-1.4914008
0.2687500,0.0210273,-0.0554287,5.8378847,-1.8045459
0.2693750,0.0210172,-0.0554065,5.5350528,-2.1073778
0.2700000,0.0210071,-0.0553844,5.2322210,-2.4102096
0.2706250,0.0209961,-0.0553602,4.9408328,-2.7015978
0.2712500,0.0209851,-0.0553361,4.6494445,-2.9929861
0.2718750,0.0209733,-0.0553101,4.3703450,-3.2720856
0.2725000,0.0209614,-0.0552841,4.0912456,-3.5511850
0.2731250,0.0209488,-0.0552563,3.8250016,-3.8174290
0.2737500,0.0209362,-0.0552285,3.5587577,-4.0836729
0.2743750,0.0209229,-0.0551990,3.3056718,-4.3367588
0.2750000,0.0209096,-0.0551695,3.0525859,-4.5898447
0.2756250,0.0208956,-0.0551384,2.8127172,-4.8297134
0.2762500,0.0208816,-0.0551073,2.5728486,-5.0695820
0.2768750,0.0208670,-0.0550745,2.3460396,-5.2963910
0.2775000,0.0208523,-0.0550418,2.1192305,-5.5232001
0.2781250,0.0208370,-0.0550075,1.9051374,-5.7372932
0.2787500,0.0208217,-0.0549732,1.6910444,-5.9513862
0.2793750,0.0208058,-0.0549374,1.4891713,-6.1532593
0.2800000,0.0207898,-0.0549015,1.2872982,-6.3551324
0.2806250,0.0207733,-0.0548640,1.0970319,-6.5453987
0.2812500,0.0207567,-0.0548266,0.9067656,-6.7356650
0.2818750,0.0207396,-0.0547876,0.7274110,-6.9150196
0.2825000,0.0207225,-0.0547487,0.5480563,-7.0943743
0.2831250,0.0207048,-0.0547082,0.3788700,-7.2635606
0.2837500,0.0206870,-0.0546677,0.2096837,-7.4327469
0.2843750,0.0206687,-0.0546256,0.0499054,-7.5925252
0.2850000,0.0206504,-0.0545835,-0.1098730,-7.7523036
0.2856250,0.0206315,-0.0545399,-0.2609938,-7.9034244
0.2862500,0.0206126,-0.0544962,-0.4121145,-8.0545451
0.2868750,0.0205931,-0.0544510,-0.5552954,-8.1977260
0.2875000,0.0205736,-0.0544058,-0.6984762,-8.3409068
0.2881250,0.0205536,-0.0543590,-0.8343856,-8.4768162
0.2887500,0.0205336,-0.0543122,-0.9702949,-8.6127255
0.2893750,0.0205130,-0.0542638,-1.0995413,-8.7419719
0.2900000,0.0204924,-0.0542154,-1.2287878,-8.8712184
0.2906250,0.0204713,-0.0541655,-1.3519155,-8.9943461
0.2912500,0.0204502,-0.0541156,-1.4750431,-9.1174737
0.2918750,0.0204286,-0.0540642,-1.5925338,-9.2349644
0.2925000,0.0204070,-0.0540128,-1.7100246,-9.3524552
0.2931250,0.0203850,-0.0539599,-1.8223063,-9.4647369
0.2937500,0.0203629,-0.0539070,-1.9345879,-9.5770185
0.2943750,0.0203405,-0.0538527,-2.0420473,-9.6844779
0.2950000,0.0203180,-0.0537984,-2.1495068,-9.7919374
0.2956250,0.0202951,-0.0537427,-2.2525084,-9.8949390
0.2962500,0.0202722,-0.0536871,-2.3555100,-9.9979406
0.2968750,0.0202490,-0.0536302,-2.4544175,-10.0968481
0.2975000,0.0202258,-0.0535733,-2.5533249,-10.1957555
0.2981250,0.0202023,-0.0535152,-2.6485254,-10.2909560
0.2987500,0.0201787,-0.0534571,-2.7437259,-10.3861565
0.2993750,0.0201550,-0.0533979,-2.8356558,-10.4780864
0.3000000,0.0201312,-0.0533388,-2.9275858,-10.5700164
0.3006250,0.0201072,-0.0532786,-3.0167563,-10.6591869
0.3012500,0.0200832,-0.0532185,-3.1059267,-10.7483573
0.3018750,0.0200591,-0.0531575,-3.1929471,-10.8353777
0.3025000,0.0200350,-0.0530965,-3.2799675,-10.9223981
0.3031250,0.0200108,-0.0530347,-3.3655669,-11.0079975
0.3037500,0.0199865,-0.0529729,-3.4511663,-11.0935969
0.3043750,0.0199622,-0.0529104,-3.5362104,-11.1786410
0.3050000,0.0199379,-0.0528479,-3.6212544,-11.2636850
0.3056250,0.0199136,-0.0527848,-3.7067570,-11.3491876
0.3062500,0.0198892,-0.0527217,-3.7922597,-11.4346903
0.3068750,0.0198649,-0.0526580,-3.8793890,-11.5218196
0.3075000,0.0198406,-0.0525944,-3.9665182,-11.6089488
0.3081250,0.0198163,-0.0525303,-4.0565949,-11.6990255
0.3087500,0.0197920,-0.0524661,-4.1466716,-11.7891022
0.3093750,0.0197678,-0.0524015,-4.2411610,-11.8835916
0.3100000,0.0197435,-0.0523369,-4.3356504,-11.9780810
0.3106250,0.0197193,-0.0522718,-4.4361464,-12.0785770
0.3112500,0.0196950,-0.0522067,-4.5366425,-12.1790731
0.3118750,0.0196708,-0.0521411,-4.6448445,-12.2872751
0.3125000,0.0196466,-0.0520755,-4.7530466,-12.3954772
0.3131250,0.0196225,-0.0520093,-4.8707296,-12.5131602
0.3137500,0.0195983,-0.0519432,-4.9884126,-12.6308432
0.3143750,0.0195742,-0.0518764,-5.1173906,-12.7598212
0.3150000,0.0195500,-0.0518097,-5.2463686,-12.8887992
0.3156250,0.0195258,-0.0517422,-5.3884536,-13.0308842
0.3162500,0.0195016,-0.0516746,-5.5305386,-13.1729692
0.3168750,0.0194774,-0.0516062,-5.6874948,-13.3299254
0.3175000,0.0194531,-0.0515379,-5.8444509,-13.4868815
0.3181250,0.0194287,-0.0514684,-6.0179468,-13.6603774
0.3187500,0.0194043,-0.0513990,-6.1914426,-13.8338732
0.3193750,0.0193797,-0.0513283,-6.3830015,-14.0254321
0.3200000,0.0193551,-0.0512577,-6.5745603,-14.2169909
0.3206250,0.0193303,-0.0511856,-6.7855117,-14.4279423
0.3212500,0.0193055,-0.0511135,-6.9964632,-14.6388938
0.3218750,0.0192804,-0.0510397,-7.2278964,-14.8703270
0.3225000,0.0192553,-0.0509660,-7.4593295,-15.1017601
0.3231250,0.0192298,-0.0508904,-7.7120505,-15.3544811
0.3237500,0.0192043,-0.0508147,-7.9647716,-15.6072022
0.3243750,0.0191785,-0.0507370,-8.2392663,-15.8816969
0.3250000,0.0191526,-0.0506593,-8.5137610,-16.1561916
0.3256250,0.0191263,-0.0505792,-8.8101644,-16.4525950
0.3262500,0.0190999,-0.0504991,-9.1065678,-16.7489984
0.3268750,0.0190731,-0.0504165,-9.4246420,-17.0670726
0.3275000,0.0190462,-0.0503338,-9.7427161,-17.3851467
0.3281250,0.0190188,-0.0502483,-10.0818371,-17.7242677
0.3287500,0.0189914,-0.0501629,-10.4209581,-18.0633887
0.3293750,0.0189634,-0.0500745,-10.7801128,-18.4225434
0.3300000,0.0189354,-0.0499861,-11.1392675,-18.7816981
0.3306250,0.0189069,-0.0498945,-11.5170608,-19.1594914
0.3312500,0.0188783,-0.0498029,-11.8948541,-19.5372847
0.3318750,0.0188492,-0.0497080,-12.2895266,-19.9319572
0.3325000,0.0188200,-0.0496131,-12.6841991,-20.3266297
0.3331250,0.0187903,-0.0495147,-13.0936551,-20.7360857
0.3337500,0.0187605,-0.0494164,-13.5031111,-21.1455417
0.3343750,0.0187302,-0.0493145,-13.9249565,-21.5673871
0.3350000,0.0186998,-0.0492127,-14.3468019,-21.9892325
0.3356250,0.0186690,-0.0491074,-14.7783903,-22.4208209
0.3362500,0.0186381,-0.0490020,-15.2099788,-22.8524094
0.3368750,0.0186068,-0.0488931,-15.6484661,-23.2908967
0.3375000,0.0185755,-0.0487841,-16.0869534,-23.7293840
0.3381250,0.0185438,-0.0486716,-16.5293579,-24.1717885
0.3387500,0.0185120,-0.0485591,-16.9717624,-24.6141930
0.3393750,0.0184799,-0.0484432,-17.4150296,-25.0574602
0.3400000,0.0184478,-0.0483273,-17.8582968,-25.5007274
0.3406250,0.0184155,-0.0482080,-18.2993673,-25.9417979
0.3412500,0.0183832,-0.0480887,-18.7404378,-26.3828684
0.3418750,0.0183507,-0.0479662,-19.1763150,-26.8187456
0.3425000,0.0183182,-0.0478437,-19.6121923,-27.2546229
0.3431250,0.0182856,-0.0477182,-20.0400099,-27.6824405
0.3437500,0.0182530,-0.0475927,-20.4678275,-28.1102581
0.3443750,0.0182205,-0.0474643,-20.8849126,-28.5273432
0.3450000,0.0181879,-0.0473359,-21.3019978,-28.9444284
0.3456250,0.0181555,-0.0472048,-21.7059296,-29.3483602
0.3462500,0.0181231,-0.0470738,-22.1098613,-29.7522919
0.3468750,0.0180909,-0.0469404,-22.4985220,-30.1409526
0.3475000,0.0180587,-0.0468069,-22.8871827,-30.5296133
0.3481250,0.0180269,-0.0466712,-23.2588007,-30.9012313
0.3487500,0.0179950,-0.0465356,-23.6304186,-31.2728492
0.3493750,0.0179636,-0.0463980,-23.9836009,-31.6260315
0.3500000,0.0179321,-0.0462605,-24.3367831,-31.9792137
0.3506250,0.0179012,-0.0461212,-24.6705371,-32.3129677
0.3512500,0.0178702,-0.0459819,-25.0042910,-32.6467216
0.3518750,0.0178399,-0.0458411,-25.3180349,-32.9604655
0.3525000,0.0178095,-0.0457003,-25.6317788,-33.2742094
0.3531250,0.0177798,-0.0455582,-25.9253395,-33.5677701
0.3537500,0.0177500,-0.0454162,-26.2189001,-33.8613307
0.3543750,0.0177210,-0.0452730,-26.4924993,-34.1349299
0.3550000,0.0176919,-0.0451298,-26.7660985,-34.4085291
0.3556250,0.0176636,-0.0449857,-27.0203277,-34.6627583
0.3562500,0.0176353,-0.0448415,-27.2745568,-34.9169874
0.3568750,0.0176078,-0.0446965,-27.5103406,-35.1527712
0.3575000,0.0175803,-0.0445515,-27.7461244,-35.3885550
0.3581250,0.0175536,-0.0444058,-27.9646753,-35.6071059
0.3587500,0.0175269,-0.0442601,-28.1832261,-35.8256567
0.3593750,0.0175011,-0.0441137,-28.3859900,-36.0284206
0.3600000,0.0174752,-0.0439673,-28.5887539,-36.2311845
0.3606250,0.0174502,-0.0438202,-28.7773500,-36.4197806
0.3612500,0.0174252,-0.0436732,-28.9659461,-36.6083767
0.3618750,0.0174011,-0.0435255,-29.1421016,-36.7845322
0.3625000,0.0173770,-0.0433778,-29.3182571,-36.9606877
0.3631250,0.0173537,-0.0432294,-29.4837394,-37.1261700
0.3637500,0.0173304,-0.0430810,-29.6492217,-37.2916523
0.3643750,0.0173080,-0.0429318,-29.8057702,-37.4482008
0.3650000,0.0172856,-0.0427827,-29.9623188,-37.6047494
0.3656250,0.0172641,-0.0426327,-30.1115788,-37.7540094
0.3662500,0.0172425,-0.0424827,-30.2608388,-37.9032694
0.3668750,0.0172219,-0.0423318,-30.4042983,-38.0467289
0.3675000,0.0172012,-0.0421808,-30.5477577,-38.1901883
0.3681250,0.0171814,-0.0420288,-30.6866908,-38.3291214
0.3687500,0.0171616,-0.0418767,-30.8256239,-38.4680545
0.3693750,0.0171427,-0.0417234,-30.9610414,-38.6034721
0.3700000,0.0171237,-0.0415702,-31.0964590,-38.7388896
0.3706250,0.0171057,-0.0414156,-31.2290682,-38.8714988
0.3712500,0.0170876,-0.0412611,-31.3616774,-39.0041080
0.3718750,0.0170704,-0.0411051,-31.4918521,-39.1342827
0.3725000,0.0170532,-0.0409490,-31.6220268,-39.2644574
0.3731250,0.0170370,-0.0407914,-31.7497887,-39.3922193
0.3737500,0.0170207,-0.0406338,-31.8775506,-39.5199812
0.3743750,0.0170054,-0.0404745,-32.0025625,-39.6449931
0.3750000,0.0169900,-0.0403153,-32.1275744,-39.7700050
0.3756250,0.0169756,-0.0401543,-32.2491457,-39.8915762
0.3762500,0.0169612,-0.0399932,-32.3707169,-40.0131475
0.3768750,0.0169478,-0.0398303,-32.4878203,-40.1302509
0.3775000,0.0169344,-0.0396675,-32.6049236,-40.2473542
0.3781250,0.0169220,-0.0395028,-32.7162238,-40.3586544
0.3787500,0.0169096,-0.0393382,-32.8275241,-40.4699547
0.3793750,0.0168983,-0.0391717,-32.9314166,-40.5738472
0.3800000,0.0168869,-0.0390053,-33.0353091,-40.6777397
0.3806250,0.0168767,-0.0388371,-33.1299678,-40.7723984
0.3812500,0.0168664,-0.0386689,-33.2246264,-40.8670570
0.3818750,0.0168573,-0.0384990,-33.3080589,-40.9504895
0.3825000,0.0168482,-0.0383291,-33.3914914,-41.0339220
0.3831250,0.0168403,-0.0381577,-33.4616004,-41.1040310
0.3837500,0.0168323,-0.0379863,-33.5317095,-41.1741401
0.3843750,0.0168256,-0.0378134,-33.5863578,-41.2287884
0.3850000,0.0168189,-0.0376406,-33.6410062,-41.2834368
0.3856250,0.0168134,-0.0374666,-33.6780835,-41.3205140
0.3862500,0.0168079,-0.0372926,-33.7151607,-41.3575913
0.3868750,0.0168037,-0.0371175,-33.7326498,-41.3750803
0.3875000,0.0167995,-0.0369425,-33.7501388,-41.3925694
0.3881250,0.0167966,-0.0367668,-33.7461802,-41.3886108
0.3887500,0.0167937,-0.0365910,-33.7422216,-41.3846522
0.3893750,0.0167922,-0.0364147,-33.7151731,-41.3576037
0.3900000,0.0167906,-0.0362385,-33.6881247,-41.3305553
0.3906250,0.0167904,-0.0360620,-33.6366151,-41.2790457
0.3912500,0.0167901,-0.0358856,-33.5851055,-41.2275361
0.3918750,0.0167912,-0.0357092,-33.5080805,-41.1505110
0.3925000,0.0167923,-0.0355329,-33.4310554,-41.0734860
0.3931250,0.0167948,-0.0353569,-33.3278140,-40.9702446
0.3937500,0.0167972,-0.0351809,-33.2245726,-40.8670032
0.3943750,0.0168010,-0.0350055,-33.0947942,-40.7372248
0.3950000,0.0168047,-0.0348301,-32.9650158,-40.6074464
0.3956250,0.0168097,-0.0346556,-32.8087755,-40.4512061
0.3962500,0.0168147,-0.0344812,-32.6525352,-40.2949658
0.3968750,0.0168210,-0.0343079,-32.4703083,-40.1127389
0.3975000,0.0168273,-0.0341346,-32.2880815,-39.9305121
0.3981250,0.0168348,-0.0339627,-32.0807369,-39.7231675
0.3987500,0.0168423,-0.0337908,-31.8733923,-39.5158229
0.3993750,0.0168510,-0.0336205,-31.6421745,-39.2846051
0.4000000,0.0168597,-0.0334503,-31.4109567,-39.0533873
0.4006250,0.0168696,-0.0332818,-31.1574584,-38.7998890
0.4012500,0.0168794,-0.0331133,-30.9039601,-38.5463907
0.4018750,0.0168903,-0.0329468,-30.6300850,-38.2725156
0.4025000,0.0169012,-0.0327803,-30.3562098,-37.9986404
0.4031250,0.0169132,-0.0326159,-30.0641277,-37.7065583
0.4037500,0.0169251,-0.0324514,-29.7720457,-37.4144763
0.4043750,0.0169381,-0.0322891,-29.4641419,-37.1065725
0.4050000,0.0169510,-0.0321268,-29.1562381,-36.7986687
0.4056250,0.0169649,-0.0319668,-28.8350573,-36.4774879
0.4062500,0.0169788,-0.0318067,-28.5138766,-36.1563072
0.4068750,0.0169936,-0.0316488,-28.1820647,-35.8244953
0.4075000,0.0170084,-0.0314910,-27.8502528,-35.4926834
0.4081250,0.0170240,-0.0313355,-27.5104971,-35.1529277
0.4087500,0.0170396,-0.0311799,-27.1707414,-34.8131720
0.4093750,0.0170561,-0.0310266,-26.8257126,-34.4681432
0.4100000,0.0170725,-0.0308732,-26.4806838,-34.1231144
0.4106250,0.0170897,-0.0307220,-26.1329801,-33.7754107
0.4112500,0.0171069,-0.0305708,-25.7852765,-33.4277071
0.4118750,0.0171249,-0.0304217,-25.4373721,-33.0798027
0.4125000,0.0171428,-0.0302726,-25.0894678,-32.7318984
0.4131250,0.0171615,-0.0301255,-24.7436678,-32.3860984
0.4137500,0.0171802,-0.0299785,-24.3978679,-32.0402985
0.4143750,0.0171996,-0.0298334,-24.0562694,-31.6987000
0.4150000,0.0172189,-0.0296883,-23.7146708,-31.3571014
0.4156250,0.0172389,-0.0295450,-23.3791327,-31.0215633
0.4162500,0.0172589,-0.0294017,-23.0435947,-30.6860253
0.4168750,0.0172796,-0.0292601,-22.7157162,-30.3581468
0.4175000,0.0173002,-0.0291185,-22.3878377,-30.0302683
0.4181250,0.0173215,-0.0289786,-22.0689453,-29.7113759
0.4187500,0.0173428,-0.0288387,-21.7500530,-29.3924836
0.4193750,0.0173648,-0.0287004,-21.4411972,-29.0836278
0.4200000,0.0173867,-0.0285620,-21.1323414,-28.7747720
0.4206250,0.0174092,-0.0284251,-20.8343016,-28.4767322
0.4212500,0.0174317,-0.0282882,-20.5362618,-28.1786924
0.4218750,0.0174548,-0.0281528,-20.2495597,-27.8919903
0.4225000,0.0174779,-0.0280173,-19.9628576,-27.6052882
0.4231250,0.0175016,-0.0278832,-19.6877775,-27.3302081
0.4237500,0.0175253,-0.0277491,-19.4126975,-27.0551281
0.4243750,0.0175496,-0.0276163,-19.1493135,-26.7917441
0.4250000,0.0175738,-0.0274835,-18.8859295,-26.5283601
0.4256250,0.0175986,-0.0273520,-18.6341362,-26.2765668
0.4262500,0.0176234,-0.0272205,-18.3823429,-26.0247735
0.4268750,0.0176488,-0.0270903,-18.1418908,-25.7843214
0.4275000,0.0176741,-0.0269601,-17.9014387,-25.5438693
0.4281250,0.0177000,-0.0268311,-17.6719704,-25.3144010
0.4287500,0.0177258,-0.0267022,-17.4425021,-25.0849327
0.4293750,0.0177521,-0.0265745,-17.2235895,-24.8660201
0.4300000,0.0177784,-0.0264469,-17.0046769,-24.6471075
0.4306250,0.0178052,-0.0263205,-16.7958563,-24.4382869
0.4312500,0.0178320,-0.0261942,-16.5870357,-24.2294663
0.4318750,0.0178593,-0.0260692,-16.3878407,-24.0302713
0.4325000,0.0178865,-0.0259442,-16.1886456,-23.8310762
0.4331250,0.0179142,-0.0258205,-15.9986355,-23.6410661
0.4337500,0.0179418,-0.0256968,-15.8086254,-23.4510560
0.4343750,0.0179698,-0.0255745,-15.6274086,-23.2698393
0.4350000,0.0179978,-0.0254522,-15.4461919,-23.0886225
0.4356250,0.0180262,-0.0253313,-15.2734432,-22.9158738
0.4362500,0.0180546,-0.0252103,-15.1006945,-22.7431251
0.4368750,0.0180834,-0.0250907,-14.9361652,-22.5785958
0.4375000,0.0181121,-0.0249712,-14.7716358,-22.4140664
0.4381250,0.0181412,-0.0248530,-14.6151568,-22.2575874
0.4387500,0.0181703,-0.0247349,-14.4586777,-22.1011083
0.4393750,0.0181997,-0.0246180,-14.3101559,-21.9525865
0.4400000,0.0182291,-0.0245012,-14.1616341,-21.8040647
0.4406250,0.0182588,-0.0243857,-14.0210413,-21.6634719
0.4412500,0.0182884,-0.0242702,-13.8804485,-21.5228791
0.4418750,0.0183184,-0.0241560,-13.7478039,-21.3902345
0.4425000,0.0183484,-0.0240418,-13.6151594,-21.2575900
0.4431250,0.0183787,-0.0239287,-13.4905069,-21.1329375
0.4437500,0.0184089,-0.0238157,-13.3658545,-21.0082851
0.4443750,0.0184395,-0.0237038,-13.2492352,-20.8916658
0.4450000,0.0184701,-0.0235919,-13.1326159,-20.7750465
0.4456250,0.0185010,-0.0234810,-13.0240370,-20.6664676
0.4462500,0.0185318,-0.0233702,-12.9154581,-20.5578887
0.4468750,0.0185630,-0.0232602,-12.8148604,-20.4572910
0.4475000,0.0185942,-0.0231503,-12.7142628,-20.3566934
0.4481250,0.0186258,-0.0230411,-12.6214876,-20.2639182
0.4487500,0.0186573,-0.0229320,-12.5287124,-20.1711430
0.4493750,0.0186893,-0.0228235,-12.4434694,-20.0859000
0.4500000,0.0187212,-0.0227151,-12.3582265,-20.0006571
0.4506250,0.0187536,-0.0226072,-12.2800645,-19.9224951
0.4512500,0.0187859,-0.0224993,-12.2019024,-19.8443330
0.4518750,0.0188187,-0.0223918,-12.1301838,-19.7726144
0.4525000,0.0188514,-0.0222844,-12.0584653,-19.7008959
0.4531250,0.0188846,-0.0221773,-11.9923468,-19.6347774
0.4537500,0.0189178,-0.0220702,-11.9262283,-19.5686589
0.4543750,0.0189515,-0.0219633,-11.8646471,-19.5070777
0.4550000,0.0189852,-0.0218564,-11.8030660,-19.4454966
0.4556250,0.0190195,-0.0217496,-11.7447347,-19.3871654
0.4562500,0.0190537,-0.0216429,-11.6864035,-19.3288341
0.4568750,0.0190885,-0.0215363,-11.6298120,-19.2722426
0.4575000,0.0191232,-0.0214297,-11.5732206,-19.2156512
0.4581250,0.0191586,-0.0213231,-11.5166475,-19.1590781
0.4587500,0.0191939,-0.0212165,-11.4600745,-19.1025051
0.4593750,0.0192298,-0.0211099,-11.4016066,-19.0440372
0.4600000,0.0192656,-0.0210034,-11.3431388,-18.9855694
0.4606250,0.0193021,-0.0208970,-11.2806992,-18.9231298
0.4612500,0.0193385,-0.0207905,-11.2182596,-18.8606902
0.4618750,0.0193755,-0.0206841,-11.1496432,-18.7920738
0.4625000,0.0194124,-0.0205778,-11.0810269,-18.7234575
0.4631250,0.0194499,-0.0204717,-11.0039437,-18.6463743
0.4637500,0.0194873,-0.0203656,-10.9268605,-18.5692911
0.4643750,0.0195252,-0.0202598,-10.8389836,-18.4814142
0.4650000,0.0195631,-0.0201540,-10.7511067,-18.3935373
0.4656250,0.0196014,-0.0200488,-10.6501256,-18.2925563
0.4662500,0.0196397,-0.0199435,-10.5491446,-18.1915752
0.4668750,0.0196783,-0.0198390,-10.4328213,-18.0752519
0.4675000,0.0197169,-0.0197344,-10.3164980,-17.9589286
0.4681250,0.0197557,-0.0196308,-10.1827238,-17.8251544
0.4687500,0.0197945,-0.0195272,-10.0489496,-17.6913802
0.4693750,0.0198334,-0.0194248,-9.8958019,-17.5382325
0.4700000,0.0198723,-0.0193224,-9.7426542,-17.3850848
0.4706250,0.0199112,-0.0192215,-9.5684505,-17.2108811
0.4712500,0.0199501,-0.0191206,-9.3942468,-17.0366774
0.4718750,0.0199889,-0.0190214,-9.1975951,-16.8400257
0.4725000,0.0200276,-0.0189222,-9.0009433,-16.6433739
0.4731250,0.0200661,-0.0188251,-8.7807858,-16.4232164
0.4737500,0.0201045,-0.0187281,-8.5606284,-16.2030590
0.4743750,0.0201425,-0.0186334,-8.3162792,-15.9587098
0.4750000,0.0201804,-0.0185387,-8.0719300,-15.7143606
0.4756250,0.0202178,-0.0184467,-7.8031027,-15.4455333
0.4762500,0.0202551,-0.0183548,-7.5342754,-15.1767060
0.4768750,0.0202917,-0.0182659,-7.2411023,-14.8835329
0.4775000,0.0203282,-0.0181769,-6.9479291,-14.5903597
0.4781250,0.0203638,-0.0180913,-6.6309690,-14.2733996
0.4787500,0.0203993,-0.0180057,-6.3140090,-13.9564396
0.4793750,0.0204338,-0.0179237,-5.9742451,-13.6166757
0.4800000,0.0204682,-0.0178418,-5.6344812,-13.2769118
0.4806250,0.0205014,-0.0177637,-5.2733070,-12.9157376
0.4812500,0.0205345,-0.0176856,-4.9121328,-12.5545634
0.4818750,0.0205662,-0.0176116,-4.5313281,-12.1737587
0.4825000,0.0205979,-0.0175377,-4.1505234,-11.7929540
0.4831250,0.0206281,-0.0174681,-3.7522198,-11.3946504
0.4837500,0.0206582,-0.0173985,-3.3539162,-10.9963468
0.4843750,0.0206866,-0.0173335,-2.9405533,-10.5829839
0.4850000,0.0207150,-0.0172684,-2.5271905,-10.1696211
0.4856250,0.0207416,-0.0172080,-2.1014644,-9.7438950
0.4862500,0.0207681,-0.0171476,-1.6757383,-9.3181689
0.4868750,0.0207928,-0.0170919,-1.2405431,-8.8829737
0.4875000,0.0208175,-0.0170363,-0.8053479,-8.4477785
0.4881250,0.0208402,-0.0169855,-0.3637123,-8.0061429
0.4887500,0.0208628,-0.0169347,0.0779232,-7.5645074
0.4893750,0.0208834,-0.0168888,0.5229019,-7.1195287
0.4900000,0.0209040,-0.0168429,0.9678805,-6.6745501
0.4906250,0.0209226,-0.0168018,1.4131041,-6.2293265
0.4912500,0.0209411,-0.0167608,1.8583277,-5.7841029
0.4918750,0.0209575,-0.0167246,2.3007642,-5.3416664
0.4925000,0.0209739,-0.0166884,2.7432006,-4.8992300
0.4931250,0.0209883,-0.0166570,3.1799479,-4.4624827
0.4937500,0.0210026,-0.0166255,3.6166952,-4.0257354
0.4943750,0.0210148,-0.0165988,4.0450409,-3.5973897
0.4950000,0.0210270,-0.0165720,4.4733866,-3.1690440
0.4956250,0.0210372,-0.0165497,4.8908615,-2.7515691
0.4962500,0.0210474,-0.0165275,5.3083363,-2.3340943
0.4968750,0.0210556,-0.0165097,5.7127596,-1.9296710
0.4975000,0.0210638,-0.0164919,6.1171829,-1.5252477
0.4981250,0.0210701,-0.0164783,6.5066996,-1.1357310
0.4987500,0.0210763,-0.0164647,6.8962163,-0.7462143
0.4993750,0.0210807,-0.0164552,7.2693234,-0.3731072
0.5000000,0.0210851,-0.0164457,7.6424306,0.0000000
0.5006250,0.0210877,-0.0164401,7.9979940,0.3555634
0.5012500,0.0210903,-0.0164345,8.3535574,0.7111268
0.5018750,0.0210912,-0.0164327,8.6908170,1.0483864
0.5025000,0.0210920,-0.0164308,9.0280767,1.3856461
0.5031250,0.0210913,-0.0164325,9.3466415,1.7042109
0.5037500,0.0210905,-0.0164341,9.6652062,2.0227756
0.5043750,0.0210882,-0.0164391,9.9650385,2.3226079
0.5050000,0.0210858,-0.0164441,10.2648707,2.6224401
0.5056250,0.0210820,-0.0164523,10.5462610,2.9038304
0.5062500,0.0210782,-0.0164606,10.8276514,3.1852208
0.5068750,0.0210731,-0.0164718,11.0911852,3.4487546
0.5075000,0.0210679,-0.0164831,11.3547190,3.7122884
0.5081250,0.0210614,-0.0164973,11.6012351,3.9588045
0.5087500,0.0210548,-0.0165114,11.8477511,4.2053205
0.5093750,0.0210471,-0.0165283,12.0782953,4.4358647
0.5100000,0.0210393,-0.0165452,12.3088394,4.6664088
0.5106250,0.0210304,-0.0165647,12.5246135,4.8821829
0.5112500,0.0210214,-0.0165843,12.7403877,5.0979571
0.5118750,0.0210113,-0.0166064,12.9426969,5.3002663
0.5125000,0.0210012,-0.0166285,13.1450061,5.5025755
0.5131250,0.0209900,-0.0166531,13.3352050,5.6927744
0.5137500,0.0209788,-0.0166776,13.5254038,5.8829732
0.5143750,0.0209666,-0.0167046,13.7048448,6.0624142
0.5150000,0.0209544,-0.0167315,13.8842857,6.2418551
0.5156250,0.0209412,-0.0167607,14.0542700,6.4118394
0.5162500,0.0209279,-0.0167899,14.2242542,6.5818236
0.5168750,0.0209137,-0.0168214,14.3859878,6.7435572
0.5175000,0.0208995,-0.0168529,14.5477215,6.9052909
0.5181250,0.0208844,-0.0168866,14.7022780,7.0598474
0.5187500,0.0208693,-0.0169202,14.8568345,7.2144039
0.5193750,0.0208533,-0.0169560,15.0051243,7.3626937
0.5200000,0.0208373,-0.0169918,15.1534141,7.5109835
0.5206250,0.0208204,-0.0170297,15.2961632,7.6537326
0.5212500,0.0208035,-0.0170676,15.4389122,7.7964816
0.5218750,0.0207859,-0.0171075,15.5766490,7.9342184
0.5225000,0.0207682,-0.0171475,15.7143859,8.0719553
0.5231250,0.0207497,-0.0171895,15.8474388,8.2050082
0.5237500,0.0207312,-0.0172314,15.9804916,8.3380610
0.5243750,0.0207120,-0.0172753,16.1089943,8.4665637
0.5250000,0.0206928,-0.0173191,16.2374969,8.5950663
0.5256250,0.0206729,-0.0173648,16.3614039,8.7189733
0.5262500,0.0206530,-0.0174105,16.4853110,8.8428804
0.5268750,0.0206325,-0.0174579,16.6044212,8.9619906
0.5275000,0.0206119,-0.0175054,16.7235315,9.0811009
0.5281250,0.0205907,-0.0175546,16.8375190,9.1950884
0.5287500,0.0205695,-0.0176038,16.9515065,9.3090759
0.5293750,0.0205478,-0.0176546,17.0599575,9.4175269
0.5300000,0.0205261,-0.0177053,17.1684085,9.5259779
0.5306250,0.0205039,-0.0177576,17.2708632,9.6284326
0.5312500,0.0204817,-0.0178098,17.3733178,9.7308872
0.5318750,0.0204591,-0.0178634,17.4693151,9.8268845
0.5325000,0.0204365,-0.0179171,17.5653125,9.9228819
0.5331250,0.0204135,-0.0179720,17.6544367,10.0120061
0.5337500,0.0203905,-0.0180269,17.7435610,10.1011304
0.5343750,0.0203672,-0.0180829,17.8254876,10.1830570
0.5350000,0.0203439,-0.0181389,17.9074141,10.2649835
0.5356250,0.0203204,-0.0181959,17.9819531,10.3395225
0.5362500,0.0202968,-0.0182530,18.0564921,10.4140615
0.5368750,0.0202731,-0.0183109,18.1236288,10.4811982
0.5375000,0.0202493,-0.0183689,18.1907654,10.5483348
0.5381250,0.0202255,-0.0184276,18.2506944,10.6082638
0.5387500,0.0202016,-0.0184863,18.3106234,10.6681928
0.5393750,0.0201777,-0.0185457,18.3637768,10.7213462
0.5400000,0.0201537,-0.0186050,18.4169301,10.7744995
0.5406250,0.0201297,-0.0186649,18.4639972,10.8215666
0.5412500,0.0201057,-0.0187248,18.5110643,10.8686337
0.5418750,0.0200818,-0.0187852,18.5530029,10.9105723
0.5425000,0.0200578,-0.0188457,18.5949415,10.9525109
0.5431250,0.0200339,-0.0189065,18.6329794,10.9905488
0.5437500,0.0200099,-0.0189674,18.6710174,11.0285868
0.5443750,0.0199860,-0.0190286,18.7066444,11.0642138
0.5450000,0.0199621,-0.0190898,18.7422713,11.0998407
0.5456250,0.0199383,-0.0191514,18.7772213,11.1347906
0.5462500,0.0199144,-0.0192129,18.8121712,11.1697406
0.5468750,0.0198906,-0.0192748,18.8483951,11.2059645
0.5475000,0.0198668,-0.0193368,18.8846190,11.2421884
0.5481250,0.0198431,-0.0193991,18.9242492,11.2818186
0.5487500,0.0198194,-0.0194615,18.9638795,11.3214489
0.5493750,0.0197957,-0.0195243,19.0091863,11.3667557
0.5500000,0.0197720,-0.0195870,19.0544931,11.4120625
0.5506250,0.0197483,-0.0196504,19.1078348,11.4654042
0.5512500,0.0197246,-0.0197137,19.1611765,11.5187459
0.5518750,0.0197009,-0.0197777,19.2249445,11.5825139
0.5525000,0.0196772,-0.0198416,19.2887124,11.6462818
0.5531250,0.0196534,-0.0199063,19.3652726,11.7228420
0.5537500,0.0196296,-0.0199710,19.4418329,11.7994023
0.5543750,0.0196057,-0.0200367,19.5334665,11.8910359
0.5550000,0.0195818,-0.0201023,19.6251001,11.9826695
0.5556250,0.0195578,-0.0201690,19.7339428,12.0915122
0.5562500,0.0195337,-0.0202357,19.8427855,12.2003549
0.5568750,0.0195094,-0.0203037,19.9707704,12.3283398
0.5575000,0.0194851,-0.0203717,20.0987552,12.4563246
0.5581250,0.0194606,-0.0204411,20.2475579,12.6051273
0.5587500,0.0194360,-0.0205106,20.3963607,12.7539301
0.5593750,0.0194111,-0.0205817,20.5673513,12.9249207
0.5600000,0.0193862,-0.0206528,20.7383418,13.0959112
0.5606250,0.0193609,-0.0207258,20.9325422,13.2901116
0.5612500,0.0193356,-0.0207987,21.1267425,13.4843119
0.5618750,0.0193099,-0.0208737,21.3447929,13.7023623
0.5625000,0.0192842,-0.0209488,21.5628433,13.9204127
0.5631250,0.0192581,-0.0210260,21.8049777,14.1625471
0.5637500,0.0192319,-0.0211033,22.0471121,14.4046815
0.5643750,0.0192052,-0.0211829,22.3131433,14.6707127
0.5650000,0.0191785,-0.0212626,22.5791745,14.9367439
0.5656250,0.0191513,-0.0213449,22.8684903,15.2260597
0.5662500,0.0191241,-0.0214271,23.1578060,15.5153754
0.5668750,0.0190964,-0.0215120,23.4693750,15.8269444
0.5675000,0.0190686,-0.0215969,23.7809440,16.1385134
0.5681250,0.0190403,-0.0216847,24.1133328,16.4709022
0.5687500,0.0190120,-0.0217725,24.4457217,16.8032911
0.5693750,0.0189832,-0.0218632,24.7971217,17.1546911
0.5700000,0.0189544,-0.0219539,25.1485218,17.5060912
0.5706250,0.0189251,-0.0220476,25.5167849,17.8743543
0.5712500,0.0188957,-0.0221412,25.8850480,18.2426174
0.5718750,0.0188659,-0.0222379,26.2677309,18.6253003
0.5725000,0.0188360,-0.0223346,26.6504138,19.0079832
0.5731250,0.0188057,-0.0224344,27.0448291,19.4023985
0.5737500,0.0187753,-0.0225341,27.4392445,19.7968139
0.5743750,0.0187446,-0.0226368,27.8425177,20.2000871
0.5750000,0.0187139,-0.0227396,28.2457909,20.6033603
0.5756250,0.0186829,-0.0228453,28.6549206,21.0124900
0.5762500,0.0186518,-0.0229510,29.0640502,21.4216196
0.5768750,0.0186205,-0.0230597,29.4759712,21.8335406
0.5775000,0.0185891,-0.0231683,29.8878921,22.2454615
0.5781250,0.0185575,-0.0232797,30.2995389,22.6571083
0.5787500,0.0185259,-0.0233912,30.7111857,23.0687551
0.5793750,0.0184942,-0.0235053,31.1195549,23.4771243
0.5800000,0.0184625,-0.0236195,31.5279242,23.8854936
0.5806250,0.0184307,-0.0237363,31.9301341,24.2877035
0.5812500,0.0183989,-0.0238530,32.3323439,24.6899133
0.5818750,0.0183671,-0.0239722,32.7256894,25.0832588
0.5825000,0.0183353,-0.0240914,33.1190349,25.4766043
0.5831250,0.0183036,-0.0242129,33.5010374,25.8586068
0.5837500,0.0182718,-0.0243344,33.8830399,26.2406093
0.5843750,0.0182403,-0.0244581,34.2514899,26.6090593
0.5850000,0.0182087,-0.0245818,34.6199400,26.9775094
0.5856250,0.0181773,-0.0247075,34.9729320,27.3305014
0.5862500,0.0181459,-0.0248332,35.3259240,27.6834934
0.5868750,0.0181149,-0.0249608,35.6618824,28.0194518
0.5875000,0.0180838,-0.0250883,35.9978407,28.3554101
0.5881250,0.0180531,-0.0252177,36.3155373,28.6731067
0.5887500,0.0180224,-0.0253470,36.6332338,28.9908032
0.5893750,0.0179921,-0.0254779,36.9317957,29.2893651
0.5900000,0.0179618,-0.0256089,37.2303577,29.5879271
0.5906250,0.0179319,-0.0257414,37.5092662,29.8668356
0.5912500,0.0179020,-0.0258738,37.7881746,30.1457440
0.5918750,0.0178727,-0.0260077,38.0472551,30.4048245
0.5925000,0.0178434,-0.0261415,38.3063355,30.6639049
0.5931250,0.0178146,-0.0262767,38.5457392,30.9033086
0.5937500,0.0177857,-0.0264119,38.7851428,31.1427122
0.5943750,0.0177575,-0.0265483,39.0053211,31.3628905
0.5950000,0.0177293,-0.0266848,39.2254995,31.5830689
0.5956250,0.0177017,-0.0268225,39.4271718,31.7847412
0.5962500,0.0176741,-0.0269602,39.6288441,31.9864135
0.5968750,0.0176471,-0.0270991,39.8129601,32.1705295
0.5975000,0.0176201,-0.0272379,39.9970761,32.3546455
0.5981250,0.0175938,-0.0273779,40.1647741,32.5223435
0.5987500,0.0175674,-0.0275179,40.3324720,32.6900414
0.5993750,0.0175418,-0.0276591,40.4850341,32.8426035
0.6000000,0.0175161,-0.0278003,40.6375962,32.9951656
0.6006250,0.0174912,-0.0279426,40.7764024,33.1339718
0.6012500,0.0174662,-0.0280850,40.9152087,33.2727781
0.6018750,0.0174420,-0.0282285,41.0416904,33.3992598
0.6025000,0.0174177,-0.0283720,41.1681720,33.5257414
0.6031250,0.0173942,-0.0285168,41.2837664,33.6413358
0.6037500,0.0173707,-0.0286615,41.3993607,33.7569301
0.6043750,0.0173480,-0.0288075,41.5054679,33.8630373
0.6050000,0.0173252,-0.0289534,41.6115751,33.9691445
0.6056250,0.0173032,-0.0291006,41.7095182,34.0670876
0.6062500,0.0172811,-0.0292479,41.8074613,34.1650307
0.6068750,0.0172599,-0.0293964,41.8984504,34.2560198
0.6075000,0.0172387,-0.0295449,41.9894394,34.3470088
0.6081250,0.0172183,-0.0296947,42.0745409,34.4321103
0.6087500,0.0171978,-0.0298444,42.1596423,34.5172117
0.6093750,0.0171782,-0.0299955,42.2397535,34.5973229
0.6100000,0.0171586,-0.0301466,42.3198646,34.6774340
0.6106250,0.0171399,-0.0302990,42.3956942,34.7532636
0.6112500,0.0171211,-0.0304515,42.4715238,34.8290932
0.6118750,0.0171032,-0.0306052,42.5435785,34.9011479
0.6125000,0.0170853,-0.0307589,42.6156332,34.9732026
0.6131250,0.0170683,-0.0309139,42.6842102,35.0417796
0.6137500,0.0170513,-0.0310688,42.7527872,35.1103566
0.6143750,0.0170353,-0.0312250,42.8179727,35.1755421
0.6150000,0.0170192,-0.0313813,42.8831582,35.2407276
0.6156250,0.0170041,-0.0315387,42.9448316,35.3024011
0.6162500,0.0169889,-0.0316961,43.0065051,35.3640745
0.6168750,0.0169748,-0.0318547,43.0643485,35.4219179
0.6175000,0.0169606,-0.0320132,43.1221918,35.4797612
0.6181250,0.0169475,-0.0321728,43.1757034,35.5332728
0.6187500,0.0169344,-0.0323323,43.2292149,35.5867843
0.6193750,0.0169223,-0.0324928,43.2777272,35.6352966
0.6200000,0.0169102,-0.0326533,43.3262395,35.6838089
0.6206250,0.0168992,-0.0328147,43.3689404,35.7265098
0.6212500,0.0168881,-0.0329761,43.4116414,35.7692108
0.6218750,0.0168782,-0.0331382,43.4475979,35.8051673
0.6225000,0.0168682,-0.0333002,43.4835544,35.8411238
0.6231250,0.0168594,-0.0334629,43.5117378,35.8693072
0.6237500,0.0168505,-0.0336256,43.5399211,35.8974905
0.6243750,0.0168428,-0.0337888,43.5592337,35.9168031
0.6250000,0.0168350,-0.0339520,43.5785462,35.9361156
0.6256250,0.0168284,-0.0341155,43.5878481,35.9454176
0.6262500,0.0168217,-0.0342791,43.5971501,35.9547195
0.6268750,0.0168163,-0.0344428,43.5952861,35.9528556
0.6275000,0.0168108,-0.0346066,43.5934222,35.9509916
0.6281250,0.0168065,-0.0347705,43.5792476,35.9368170
0.6287500,0.0168022,-0.0349343,43.5650730,35.9226424
0.6293750,0.0167990,-0.0350981,43.5374780,35.8950474
0.6300000,0.0167958,-0.0352619,43.5098830,35.8674524
0.6306250,0.0167938,-0.0354256,43.4678159,35.8253853
0.6312500,0.0167918,-0.0355892,43.4257488,35.7833182
0.6318750,0.0167910,-0.0357525,43.3682371,35.7258065
0.6325000,0.0167901,-0.0359158,43.3107254,35.6682948
0.6331250,0.0167904,-0.0360788,43.2368947,35.5944642
0.6337500,0.0167906,-0.0362417,43.1630641,35.5206335
0.6343750,0.0167920,-0.0364041,43.0721549,35.4297243
0.6350000,0.0167934,-0.0365665,42.9812457,35.3388151
0.6356250,0.0167960,-0.0367283,42.8726276,35.2301970
0.6362500,0.0167985,-0.0368901,42.7640094,35.1215788
0.6368750,0.0168022,-0.0370512,42.6371933,34.9947627
0.6375000,0.0168058,-0.0372123,42.5103771,34.8679465
0.6381250,0.0168105,-0.0373726,42.3650250,34.7225944
0.6387500,0.0168152,-0.0375329,42.2196729,34.5772423
0.6393750,0.0168210,-0.0376923,42.0556058,34.4131752
0.6400000,0.0168268,-0.0378517,41.8915388,34.2491082
0.6406250,0.0168336,-0.0380101,41.7087424,34.0663118
0.6412500,0.0168404,-0.0381686,41.5259459,33.8835153
0.6418750,0.0168483,-0.0383260,41.3245741,33.6821435
0.6425000,0.0168561,-0.0384834,41.1232022,33.4807716
0.6431250,0.0168650,-0.0386398,40.9035793,33.2611487
0.6437500,0.0168739,-0.0387961,40.6839564,33.0415258
0.6443750,0.0168837,-0.0389513,40.4465774,32.8041468
0.6450000,0.0168935,-0.0391064,40.2091984,32.5667678
0.6456250,0.0169043,-0.0392604,39.9547274,32.3122968
0.6462500,0.0169151,-0.0394144,39.7002565,32.0578259
0.6468750,0.0169268,-0.0395670,39.4295241,31.7870935
0.6475000,0.0169385,-0.0397197,39.1587917,31.5163611
0.6481250,0.0169511,-0.0398711,38.8727899,31.2303593
0.6487500,0.0169637,-0.0400224,38.5867881,30.9443575
0.6493750,0.0169772,-0.0401724,38.2866642,30.6442336
0.6500000,0.0169906,-0.0403223,37.9865404,30.3441098
0.6506250,0.0170049,-0.0404707,37.6735894,30.0311588
0.6512500,0.0170192,-0.0406192,37.3606384,29.7182078
0.6518750,0.0170343,-0.0407662,37.0362928,29.3938622
0.6525000,0.0170494,-0.0409131,36.7119471,29.0695165
0.6531250,0.0170653,-0.0410585,36.3777653,28.7353347
0.6537500,0.0170811,-0.0412038,36.0435835,28.4011529
0.6543750,0.0170977,-0.0413475,35.7012367,28.0588061
0.6550000,0.0171142,-0.0414911,35.3588900,27.7164594
0.6556250,0.0171315,-0.0416331,35.0101464,27.3677158
0.6562500,0.0171488,-0.0417750,34.6614029,27.0189723
0.6568750,0.0171667,-0.0419151,34.3081103,26.6656797
0.6575000,0.0171846,-0.0420552,33.9548177,26.3123871
0.6581250,0.0172031,-0.0421934,33.5988836,25.9564530
0.6587500,0.0172216,-0.0423317,33.2429494,25.6005188
0.6593750,0.0172407,-0.0424681,32.8863196,25.2438890
0.6600000,0.0172598,-0.0426044,32.5296899,24.8872593
0.6606250,0.0172794,-0.0427387,32.1743255,24.5318949
0.6612500,0.0172990,-0.0428730,31.8189612,24.1765306
0.6618750,0.0173191,-0.0430052,31.4668132,23.8243826
0.6625000,0.0173391,-0.0431375,31.1146652,23.4722346
0.6631250,0.0173597,-0.0432676,30.7676483,23.1252177
0.6637500,0.0173802,-0.0433978,30.4206314,22.7782008
0.6643750,0.0174011,-0.0435259,30.0805969,22.4381663
0.6650000,0.0174220,-0.0436539,29.7405624,22.0981318
0.6656250,0.0174433,-0.0437798,29.4092703,21.7668397
0.6662500,0.0174646,-0.0439057,29.0779782,21.4355476
0.6668750,0.0174862,-0.0440294,28.7570697,21.1146391
0.6675000,0.0175078,-0.0441532,28.4361612,20.7937306
0.6681250,0.0175298,-0.0442747,28.1271318,20.4847012
0.6687500,0.0175517,-0.0443963,27.8181023,20.1756717
0.6693750,0.0175739,-0.0445157,27.5222755,19.8798449
0.6700000,0.0175960,-0.0446351,27.2264488,19.5840182
0.6706250,0.0176184,-0.0447524,26.9449532,19.3025226
0.6712500,0.0176408,-0.0448698,26.6634577,19.0210271
0.6718750,0.0176634,-0.0449850,26.3972055,18.7547749
0.6725000,0.0176860,-0.0451002,26.1309533,18.4885227
0.6731250,0.0177088,-0.0452135,25.8806227,18.2381921
0.6737500,0.0177316,-0.0453267,25.6302920,17.9878614
0.6743750,0.0177546,-0.0454380,25.3963134,17.7538828
0.6750000,0.0177776,-0.0455493,25.1623349,17.5199043
0.6756250,0.0178008,-0.0456588,24.9448824,17.3024518
0.6762500,0.0178239,-0.0457682,24.7274299,17.0849993
0.6768750,0.0178473,-0.0458759,24.5264170,16.8839864
0.6775000,0.0178706,-0.0459837,24.3254042,16.6829736
0.6781250,0.0178941,-0.0460898,24.1404856,16.4980550
0.6787500,0.0179176,-0.0461959,23.9555670,16.3131364
0.6793750,0.0179413,-0.0463005,23.7861460,16.1437154
0.6800000,0.0179649,-0.0464050,23.6167251,15.9742945
0.6806250,0.0179888,-0.0465081,23.4619670,15.8195364
0.6812500,0.0180126,-0.0466113,23.3072090,15.6647784
0.6818750,0.0180367,-0.0467132,23.1660603,15.5236297
0.6825000,0.0180607,-0.0468151,23.0249116,15.3824810
0.6831250,0.0180850,-0.0469159,22.8961246,15.2536940
0.6837500,0.0181092,-0.0470167,22.7673375,15.1249069
0.6843750,0.0181337,-0.0471165,22.6495005,15.0070699
0.6850000,0.0181581,-0.0472162,22.5316636,14.8892330
0.6856250,0.0181828,-0.0473151,22.4232358,14.7808052
0.6862500,0.0182075,-0.0474139,22.3148080,14.6723774
0.6868750,0.0182325,-0.0475119,22.2141576,14.5717270
0.6875000,0.0182575,-0.0476100,22.1135072,14.4710766
0.6881250,0.0182828,-0.0477074,22.0189533,14.3765227
0.6887500,0.0183080,-0.0478048,21.9243993,14.2819687
0.6893750,0.0183336,-0.0479016,21.8342554,14.1918248
0.6900000,0.0183591,-0.0479985,21.7441114,14.1016808
0.6906250,0.0183850,-0.0480949,21.6567296,14.0142990
0.6912500,0.0184108,-0.0481913,21.5693479,13.9269173
0.6918750,0.0184370,-0.0482873,21.4831632,13.8407326
0.6925000,0.0184632,-0.0483832,21.3969786,13.7545480
0.6931250,0.0184898,-0.0484788,21.3105512,13.6681206
0.6937500,0.0185163,-0.0485744,21.2241237,13.5816931
0.6943750,0.0185432,-0.0486697,21.1361784,13.4937478
0.6950000,0.0185701,-0.0487651,21.0482330,13.4058024
0.6956250,0.0185974,-0.0488602,20.9576946,13.3152640
0.6962500,0.0186246,-0.0489552,20.8671562,13.2247256
0.6968750,0.0186522,-0.0490500,20.7731801,13.1307495
0.6975000,0.0186798,-0.0491449,20.6792041,13.0367735
0.6981250,0.0187079,-0.0492395,20.5812000,12.9387694
0.6987500,0.0187359,-0.0493342,20.4831958,12.8407652
0.6993750,0.0187643,-0.0494286,20.3808446,12.7384140
0.7000000,0.0187926,-0.0495230,20.2784933,12.6360627
0.7006250,0.0188214,-0.0496172,20.1717561,12.5293255
0.7012500,0.0188501,-0.0497114,20.0650190,12.4225884
0.7018750,0.0188792,-0.0498053,19.9541384,12.3117078
0.7025000,0.0189083,-0.0498993,19.8432578,12.2008272
0.7031250,0.0189378,-0.0499930,19.7287496,12.0863190
0.7037500,0.0189672,-0.0500867,19.6142414,11.9718108
0.7043750,0.0189970,-0.0501801,19.4968789,11.8544483
0.7050000,0.0190268,-0.0502735,19.3795163,11.7370857
0.7056250,0.0190569,-0.0503665,19.2603055,11.6178749
0.7062500,0.0190870,-0.0504595,19.1410948,11.4986642
0.7068750,0.0191174,-0.0505522,19.0212430,11.3788124
0.7075000,0.0191478,-0.0506448,18.9013912,11.2589606
0.7081250,0.0191785,-0.0507371,18.7822673,11.1398366
0.7087500,0.0192092,-0.0508293,18.6631433,11.0207127
0.7093750,0.0192402,-0.0509210,18.5462331,10.9038025
0.7100000,0.0192711,-0.0510128,18.4293228,10.7868922
0.7106250,0.0193024,-0.0511040,18.3161793,10.6737487
0.7112500,0.0193336,-0.0511952,18.2030359,10.5606053
0.7118750,0.0193650,-0.0512859,18.0952266,10.4527960
0.7125000,0.0193964,-0.0513765,17.9874174,10.3449868
0.7131250,0.0194281,-0.0514665,17.8864691,10.2440385
0.7137500,0.0194597,-0.0515565,17.7855209,10.1430903
0.7143750,0.0194915,-0.0516458,17.6928647,10.0504341
0.7150000,0.0195233,-0.0517352,17.6002085,9.9577779
0.7156250,0.0195552,-0.0518238,17.5171261,9.8746955
0.7162500,0.0195871,-0.0519124,17.4340438,9.7916132
0.7168750,0.0196192,-0.0520002,17.3616169,9.7191863
0.7175000,0.0196512,-0.0520880,17.2891900,9.6467594
0.7181250,0.0196834,-0.0521749,17.2282541,9.5858235
0.7187500,0.0197155,-0.0522619,17.1673182,9.5248876
0.7193750,0.0197477,-0.0523479,17.1184229,9.4759923
0.7200000,0.0197799,-0.0524340,17.0695276,9.4270970
0.7206250,0.0198121,-0.0525190,17.0329038,9.3904732
0.7212500,0.0198443,-0.0526041,16.9962799,9.3538493
0.7218750,0.0198765,-0.0526881,16.9718156,9.3293850
0.7225000,0.0199086,-0.0527721,16.9473514,9.3049208
0.7231250,0.0199407,-0.0528549,16.9345774,9.2921468
0.7237500,0.0199728,-0.0529378,16.9218034,9.2793728
0.7243750,0.0200048,-0.0530194,16.9198883,9.2774577
0.7250000,0.0200367,-0.0531010,16.9179731,9.2755425
0.7256250,0.0200685,-0.0531813,16.9257288,9.2832982
0.7262500,0.0201003,-0.0532616,16.9334845,9.2910539
0.7268750,0.0201319,-0.0533404,16.9493824,9.3069517
0.7275000,0.0201634,-0.0534192,16.9652802,9.3228496
0.7281250,0.0201947,-0.0534965,16.9874768,9.3450462
0.7287500,0.0202259,-0.0535737,17.0096734,9.3672428
0.7293750,0.0202568,-0.0536492,17.0360462,9.3936155
0.7300000,0.0202876,-0.0537248,17.0624189,9.4199883
0.7306250,0.0203181,-0.0537984,17.0906095,9.4481789
0.7312500,0.0203485,-0.0538721,17.1188002,9.4763696
0.7318750,0.0203784,-0.0539438,17.1462667,9.5038361
0.7325000,0.0204082,-0.0540155,17.1737332,9.5313026
0.7331250,0.0204375,-0.0540850,17.1978067,9.5553760
0.7337500,0.0204667,-0.0541546,17.2218801,9.5794495
0.7343750,0.0204952,-0.0542218,17.2398267,9.5973961
0.7350000,0.0205237,-0.0542890,17.2577734,9.6153428
0.7356250,0.0205514,-0.0543537,17.2668592,9.6244286
0.7362500,0.0205791,-0.0544185,17.2759450,9.6335144
0.7368750,0.0206059,-0.0544806,17.2735012,9.6310706
0.7375000,0.0206326,-0.0545426,17.2710575,9.6286269
0.7381250,0.0206584,-0.0546019,17.2545452,9.6121146
0.7387500,0.0206842,-0.0546611,17.2380329,9.5956023
0.7393750,0.0207088,-0.0547174,17.2051049,9.5626743
0.7400000,0.0207334,-0.0547737,17.1721769,9.5297463
0.7406250,0.0207569,-0.0548268,17.1207352,9.4783046
0.7412500,0.0207803,-0.0548800,17.0692934,9.4268628
0.7418750,0.0208025,-0.0549298,16.9975404,9.3551098
0.7425000,0.0208246,-0.0549796,16.9257875,9.2833569
0.7431250,0.0208453,-0.0550261,16.8322703,9.1898397
0.7437500,0.0208660,-0.0550725,16.7387531,9.0963225
0.7443750,0.0208853,-0.0551154,16.6223980,8.9799674
0.7450000,0.0209045,-0.0551582,16.5060429,8.8636123
0.7456250,0.0209223,-0.0551974,16.3661811,8.7237505
0.7462500,0.0209400,-0.0552367,16.2263193,8.5838887
0.7468750,0.0209561,-0.0552722,16.0627018,8.4202712
0.7475000,0.0209722,-0.0553077,15.8990844,8.2566538
0.7481250,0.0209867,-0.0553394,15.7118866,8.0694560
0.7487500,0.0210011,-0.0553712,15.5246888,7.8822582
0.7493750,0.0210139,-0.0553991,15.3145037,7.6720731
0.7500000,0.0210266,-0.0554270,15.1043187,7.4618881
0.7506250,0.0210377,-0.0554511,14.8721404,7.2297098
0.7512500,0.0210487,-0.0554752,14.6399622,6.9975316
0.7518750,0.0210580,-0.0554955,14.3871589,6.7447283
0.7525000,0.0210673,-0.0555157,14.1343556,6.4919250
0.7531250,0.0210749,-0.0555322,13.8626339,6.2202033
0.7537500,0.0210825,-0.0555486,13.5909122,5.9484816
0.7543750,0.0210884,-0.0555613,13.3022737,5.6598431
0.7550000,0.0210942,-0.0555741,13.0136352,5.3712046
0.7556250,0.0210984,-0.0555831,12.7103265,5.0678959
0.7562500,0.0211026,-0.0555922,12.4070177,4.7645871
0.7568750,0.0211052,-0.0555978,12.0914751,4.4490445
0.7575000,0.0211077,-0.0556033,11.7759325,4.1335019
0.7581250,0.0211087,-0.0556054,11.4507242,3.8082936
0.7587500,0.0211097,-0.0556075,11.1255160,3.4830854
0.7593750,0.0211092,-0.0556063,10.7932822,3.1508516
0.7600000,0.0211086,-0.0556051,10.4610485,2.8186179
0.7606250,0.0211066,-0.0556007,10.1244419,2.4820113
0.7612500,0.0211045,-0.0555963,9.7878353,2.1454047
0.7618750,0.0211011,-0.0555889,9.4494632,1.8070326
0.7625000,0.0210977,-0.0555816,9.1110910,1.4686604
0.7631250,0.0210930,-0.0555713,8.7734614,1.1310308
0.7637500,0.0210883,-0.0555611,8.4358318,0.7934012
0.7643750,0.0210823,-0.0555482,8.1013045,0.4588739
0.7650000,0.0210763,-0.0555353,7.7667772,0.1243466
0.7656250,0.0210692,-0.0555198,7.4375206,-0.2049100
0.7662500,0.0210621,-0.0555044,7.1082639,-0.5341667
0.7668750,0.0210539,-0.0554866,6.7862194,-0.8562112
0.7675000,0.0210457,-0.0554688,6.4641749,-1.1782557
0.7681250,0.0210365,-0.0554488,6.1510298,-1.4914008
0.7687500,0.0210273,-0.0554287,5.8378847,-1.8045459
0.7693750,0.0210172,-0.0554065,5.5350528,-2.1073778
0.7700000,0.0210071,-0.0553844,5.2322210,-2.4102096
0.7706250,0.0209961,-0.0553602,4.9408328,-2.7015978
0.7712500,0.0209851,-0.0553361,4.6494445,-2.9929861
0.7718750,0.0209733,-0.0553101,4.3703451,-3.2720855
0.7725000,0.0209614,-0.0552841,4.0912456,-3.5511850
0.7731250,0.0209488,-0.0552563,3.8250016,-3.8174290
0.7737500,0.0209362,-0.0552285,3.5587577,-4.0836729
0.7743750,0.0209229,-0.0551990,3.3056718,-4.3367588
0.7750000,0.0209096,-0.0551695,3.0525859,-4.5898447
0.7756250,0.0208956,-0.0551384,2.8127172,-4.8297134
0.7762500,0.0208816,-0.0551073,2.5728486,-5.0695820
0.7768750,0.0208670,-0.0550745,2.3460396,-5.2963910
0.7775000,0.0208523,-0.0550418,2.1192305,-5.5232001
0.7781250,0.0208370,-0.0550075,1.9051374,-5.7372932
0.7787500,0.0208217,-0.0549732,1.6910444,-5.9513862
0.7793750,0.0208058,-0.0549373,1.4891713,-6.1532593
0.7800000,0.0207898,-0.0549015,1.2872982,-6.3551324
0.7806250,0.0207733,-0.0548640,1.0970319,-6.5453987
0.7812500,0.0207567,-0.0548266,0.9067656,-6.7356650
0.7818750,0.0207396,-0.0547876,0.7274110,-6.9150196
0.7825000,0.0207225,-0.0547487,0.5480563,-7.0943743
0.7831250,0.0207048,-0.0547082,0.3788700,-7.2635606
0.7837500,0.0206870,-0.0546677,0.2096837,-7.4327469
0.7843750,0.0206687,-0.0546256,0.0499053,-7.5925253
0.7850000,0.0206504,-0.0545835,-0.1098730,-7.7523036
0.7856250,0.0206315,-0.0545399,-0.2609938,-7.9034244
0.7862500,0.0206126,-0.0544962,-0.4121145,-8.0545451
0.7868750,0.0205931,-0.0544510,-0.5552954,-8.1977260
0.7875000,0.0205736,-0.0544058,-0.6984762,-8.3409068
0.7881250,0.0205536,-0.0543590,-0.8343855,-8.4768161
0.7887500,0.0205336,-0.0543122,-0.9702949,-8.6127255
0.7893750,0.0205130,-0.0542638,-1.0995414,-8.7419720
0.7900000,0.0204924,-0.0542154,-1.2287878,-8.8712184
0.7906250,0.0204713,-0.0541655,-1.3519155,-8.9943461
0.7912500,0.0204502,-0.0541156,-1.4750431,-9.1174737
0.7918750,0.0204286,-0.0540642,-1.5925338,-9.2349644
0.7925000,0.0204070,-0.0540128,-1.7100246,-9.3524552
0.7931250,0.0203850,-0.0539599,-1.8223062,-9.4647368
0.7937500,0.0203629,-0.0539070,-1.9345879,-9.5770185
0.7943750,0.0203405,-0.0538527,-2.0420474,-9.6844780
0.7950000,0.0203180,-0.0537984,-2.1495068,-9.7919374
0.7956250,0.0202951,-0.0537427,-2.2525084,-9.8949390
0.7962500,0.0202722,-0.0536871,-2.3555100,-9.9979406
0.7968750,0.0202490,-0.0536302,-2.4544175,-10.0968481
0.7975000,0.0202258,-0.0535733,-2.5533249,-10.1957555
0.7981250,0.0202023,-0.0535152,-2.6485254,-10.2909560
0.7987500,0.0201787,-0.0534571,-2.7437259,-10.3861565
0.7993750,0.0201550,-0.0533979,-2.8356559,-10.4780865
0.8000000,0.0201312,-0.0533388,-2.9275858,-10.5700164
0.8006250,0.0201072,-0.0532786,-3.0167563,-10.6591869
0.8012500,0.0200832,-0.0532185,-3.1059267,-10.7483573
0.8018750,0.0200591,-0.0531575,-3.1929471,-10.8353777
0.8025000,0.0200350,-0.0530965,-3.2799675,-10.9223981
0.8031250,0.0200108,-0.0530347,-3.3655669,-11.0079975
0.8037500,0.0199865,-0.0529729,-3.4511663,-11.0935969
0.8043750,0.0199622,-0.0529104,-3.5362104,-11.1786410
0.8050000,0.0199379,-0.0528479,-3.6212544,-11.2636850
0.8056250,0.0199136,-0.0527848,-3.7067571,-11.3491877
0.8062500,0.0198892,-0.0527217,-3.7922597,-11.4346903
0.8068750,0.0198649,-0.0526580,-3.8793890,-11.5218196
0.8075000,0.0198406,-0.0525944,-3.9665182,-11.6089488
0.8081250,0.0198163,-0.0525303,-4.0565949,-11.6990255
0.8087500,0.0197920,-0.0524661,-4.1466716,-11.7891022
0.8093750,0.0197678,-0.0524015,-4.2411610,-11.8835916
0.8100000,0.0197435,-0.0523369,-4.3356504,-11.9780810
0.8106250,0.0197193,-0.0522718,-4.4361465,-12.0785771
0.8112500,0.0196950,-0.0522067,-4.5366425,-12.1790731
0.8118750,0.0196708,-0.0521411,-4.6448445,-12.2872751
0.8125000,0.0196466,-0.0520755,-4.7530466,-12.3954772
0.8131250,0.0196225,-0.0520093,-4.8707296,-12.5131602
0.8137500,0.0195983,-0.0519432,-4.9884126,-12.6308432
0.8143750,0.0195742,-0.0518764,-5.1173906,-12.7598212
0.8150000,0.0195500,-0.0518097,-5.2463686,-12.8887992
0.8156250,0.0195258,-0.0517421,-5.3884536,-13.0308842
0.8162500,0.0195016,-0.0516746,-5.5305386,-13.1729692
0.8168750,0.0194774,-0.0516062,-5.6874948,-13.3299254
0.8175000,0.0194531,-0.0515379,-5.8444509,-13.4868815
0.8181250,0.0194287,-0.0514684,-6.0179468,-13.6603774
0.8187500,0.0194043,-0.0513990,-6.1914426,-13.8338732
0.8193750,0.0193797,-0.0513283,-6.3830014,-14.0254320
0.8200000,0.0193551,-0.0512577,-6.5745603,-14.2169909
0.8206250,0.0193303,-0.0511856,-6.7855118,-14.4279424
0.8212500,0.0193055,-0.0511135,-6.9964632,-14.6388938
0.8218750,0.0192804,-0.0510397,-7.2278964,-14.8703270
0.8225000,0.0192553,-0.0509660,-7.4593295,-15.1017601
0.8231250,0.0192298,-0.0508904,-7.7120505,-15.3544811
0.8237500,0.0192043,-0.0508147,-7.9647716,-15.6072022
0.8243750,0.0191785,-0.0507370,-8.2392663,-15.8816969
0.8250000,0.0191526,-0.0506593,-8.5137610,-16.1561916
0.8256250,0.0191263,-0.0505792,-8.8101644,-16.4525950
0.8262500,0.0190999,-0.0504991,-9.1065678,-16.7489984
0.8268750,0.0190731,-0.0504165,-9.4246420,-17.0670726
0.8275000,0.0190462,-0.0503338,-9.7427161,-17.3851467
0.8281250,0.0190188,-0.0502483,-10.0818371,-17.7242677
0.8287500,0.0189914,-0.0501629,-10.4209581,-18.0633887
0.8293750,0.0189634,-0.0500745,-10.7801128,-18.4225434
0.8300000,0.0189354,-0.0499861,-11.1392675,-18.7816981
0.8306250,0.0189069,-0.0498945,-11.5170608,-19.1594914
0.8312500,0.0188783,-0.0498029,-11.8948541,-19.5372847
0.8318750,0.0188492,-0.0497080,-12.2895266,-19.9319572
0.8325000,0.0188200,-0.0496131,-12.6841991,-20.3266297
0.8331250,0.0187903,-0.0495147,-13.0936551,-20.7360857
0.8337500,0.0187605,-0.0494164,-13.5031111,-21.1455417
0.8343750,0.0187302,-0.0493146,-13.9249565,-21.5673871
0.8350000,0.0186998,-0.0492127,-14.3468019,-21.9892325
0.8356250,0.0186690,-0.0491073,-14.7783904,-22.4208210
0.8362500,0.0186381,-0.0490020,-15.2099788,-22.8524094
0.8368750,0.0186068,-0.0488930,-15.6484661,-23.2908967
0.8375000,0.0185755,-0.0487841,-16.0869534,-23.7293840
0.8381250,0.0185438,-0.0486716,-16.5293579,-24.1717885
0.8387500,0.0185120,-0.0485591,-16.9717624,-24.6141930
0.8393750,0.0184799,-0.0484432,-17.4150296,-25.0574602
0.8400000,0.0184478,-0.0483273,-17.8582968,-25.5007274
0.8406250,0.0184155,-0.0482080,-18.2993673,-25.9417979
0.8412500,0.0183832,-0.0480887,-18.7404378,-26.3828684
0.8418750,0.0183507,-0.0479662,-19.1763151,-26.8187457
0.8425000,0.0183182,-0.0478437,-19.6121923,-27.2546229
0.8431250,0.0182856,-0.0477182,-20.0400099,-27.6824405
0.8437500,0.0182530,-0.0475927,-20.4678275,-28.1102581
0.8443750,0.0182205,-0.0474643,-20.8849126,-28.5273432
0.8450000,0.0181879,-0.0473359,-21.3019978,-28.9444284
0.8456250,0.0181555,-0.0472048,-21.7059296,-29.3483602
0.8462500,0.0181231,-0.0470738,-22.1098613,-29.7522919
0.8468750,0.0180909,-0.0469403,-22.4985220,-30.1409526
0.8475000,0.0180587,-0.0468069,-22.8871827,-30.5296133
0.8481250,0.0180269,-0.0466712,-23.2588007,-30.9012313
0.8487500,0.0179950,-0.0465356,-23.6304186,-31.2728492
0.8493750,0.0179636,-0.0463980,-23.9836009,-31.6260315
0.8500000,0.0179321,-0.0462605,-24.3367831,-31.9792137
0.8506250,0.0179012,-0.0461212,-24.6705370,-32.3129676
0.8512500,0.0178702,-0.0459819,-25.0042910,-32.6467216
0.8518750,0.0178399,-0.0458411,-25.3180349,-32.9604655
0.8525000,0.0178095,-0.0457003,-25.6317788,-33.2742094
0.8531250,0.0177798,-0.0455582,-25.9253395,-33.5677701
0.8537500,0.0177500,-0.0454162,-26.2189001,-33.8613307
0.8543750,0.0177210,-0.0452730,-26.4924993,-34.1349299
0.8550000,0.0176919,-0.0451298,-26.7660985,-34.4085291
0.8556250,0.0176636,-0.0449857,-27.0203276,-34.6627582
0.8562500,0.0176353,-0.0448415,-27.2745568,-34.9169874
0.8568750,0.0176078,-0.0446965,-27.5103406,-35.1527712
0.8575000,0.0175803,-0.0445515,-27.7461244,-35.3885550
0.8581250,0.0175536,-0.0444058,-27.9646753,-35.6071059
0.8587500,0.0175269,-0.0442601,-28.1832261,-35.8256567
0.8593750,0.0175011,-0.0441137,-28.3859900,-36.0284206
0.8600000,0.0174752,-0.0439673,-28.5887539,-36.2311845
0.8606250,0.0174502,-0.0438203,-28.7773500,-36.4197806
0.8612500,0.0174252,-0.0436732,-28.9659461,-36.6083767
0.8618750,0.0174011,-0.0435255,-29.1421016,-36.7845322
0.8625000,0.0173770,-0.0433778,-29.3182571,-36.9606877
0.8631250,0.0173537,-0.0432294,-29.4837394,-37.1261700
0.8637500,0.0173304,-0.0430810,-29.6492217,-37.2916523
0.8643750,0.0173080,-0.0429318,-29.8057702,-37.4482008
0.8650000,0.0172856,-0.0427827,-29.9623188,-37.6047494
0.8656250,0.0172641,-0.0426327,-30.1115788,-37.7540094
0.8662500,0.0172425,-0.0424827,-30.2608388,-37.9032694
0.8668750,0.0172219,-0.0423317,-30.4042983,-38.0467289
0.8675000,0.0172012,-0.0421808,-30.5477577,-38.1901883
0.8681250,0.0171814,-0.0420287,-30.6866908,-38.3291214
0.8687500,0.0171616,-0.0418767,-30.8256239,-38.4680545
0.8693750,0.0171427,-0.0417234,-30.9610414,-38.6034721
0.8700000,0.0171237,-0.0415702,-31.0964590,-38.7388896
0.8706250,0.0171057,-0.0414156,-31.2290682,-38.8714988
0.8712500,0.0170876,-0.0412611,-31.3616774,-39.0041080
0.8718750,0.0170704,-0.0411050,-31.4918521,-39.1342827
0.8725000,0.0170532,-0.0409490,-31.6220268,-39.2644574
0.8731250,0.0170370,-0.0407914,-31.7497887,-39.3922193
0.8737500,0.0170207,-0.0406338,-31.8775506,-39.5199812
0.8743750,0.0170054,-0.0404745,-32.0025625,-39.6449931
0.8750000,0.0169900,-0.0403153,-32.1275744,-39.7700050
0.8756250,0.0169756,-0.0401543,-32.2491457,-39.8915762
0.8762500,0.0169612,-0.0399932,-32.3707169,-40.0131475
0.8768750,0.0169478,-0.0398303,-32.4878203,-40.1302509
0.8775000,0.0169344,-0.0396675,-32.6049236,-40.2473542
0.8781250,0.0169220,-0.0395028,-32.7162239,-40.3586545
0.8787500,0.0169096,-0.0393382,-32.8275241,-40.4699547
0.8793750,0.0168983,-0.0391717,-32.9314166,-40.5738472
0.8800000,0.0168869,-0.0390053,-33.0353091,-40.6777397
0.8806250,0.0168767,-0.0388371,-33.1299678,-40.7723984
0.8812500,0.0168664,-0.0386689,-33.2246264,-40.8670570
0.8818750,0.0168573,-0.0384990,-33.3080589,-40.9504895
0.8825000,0.0168482,-0.0383291,-33.3914914,-41.0339220
0.8831250,0.0168403,-0.0381577,-33.4616005,-41.1040311
0.8837500,0.0168323,-0.0379863,-33.5317095,-41.1741401
0.8843750,0.0168256,-0.0378134,-33.5863578,-41.2287884
0.8850000,0.0168189,-0.0376406,-33.6410062,-41.2834368
0.8856250,0.0168134,-0.0374666,-33.6780835,-41.3205140
0.8862500,0.0168079,-0.0372926,-33.7151607,-41.3575913
0.8868750,0.0168037,-0.0371176,-33.7326498,-41.3750803
0.8875000,0.0167995,-0.0369425,-33.7501388,-41.3925694
0.8881250,0.0167966,-0.0367667,-33.7461802,-41.3886108
0.8887500,0.0167937,-0.0365910,-33.7422216,-41.3846522
0.8893750,0.0167922,-0.0364147,-33.7151731,-41.3576037
0.8900000,0.0167906,-0.0362385,-33.6881247,-41.3305553
0.8906250,0.0167904,-0.0360620,-33.6366151,-41.2790457
0.8912500,0.0167901,-0.0358856,-33.5851055,-41.2275361
0.8918750,0.0167912,-0.0357093,-33.5080805,-41.1505110
0.8925000,0.0167923,-0.0355329,-33.4310554,-41.0734860
0.8931250,0.0167948,-0.0353569,-33.3278140,-40.9702446
0.8937500,0.0167972,-0.0351809,-33.2245726,-40.8670032
0.8943750,0.0168010,-0.0350055,-33.0947942,-40.7372248
0.8950000,0.0168047,-0.0348301,-32.9650158,-40.6074464
0.8956250,0.0168097,-0.0346556,-32.8087755,-40.4512061
0.8962500,0.0168147,-0.0344812,-32.6525352,-40.2949658
0.8968750,0.0168210,-0.0343079,-32.4703084,-40.1127390
0.8975000,0.0168273,-0.0341346,-32.2880815,-39.9305121
0.8981250,0.0168348,-0.0339627,-32.0807369,-39.7231675
0.8987500,0.0168423,-0.0337908,-31.8733923,-39.5158229
0.8993750,0.0168510,-0.0336205,-31.6421745,-39.2846051
0.9000000,0.0168597,-0.0334503,-31.4109567,-39.0533873
0.9006250,0.0168696,-0.0332818,-31.1574584,-38.7998890
0.9012500,0.0168794,-0.0331133,-30.9039601,-38.5463907
0.9018750,0.0168903,-0.0329468,-30.6300850,-38.2725156
0.9025000,0.0169012,-0.0327803,-30.3562098,-37.9986404
0.9031250,0.0169132,-0.0326158,-30.0641277,-37.7065583
0.9037500,0.0169251,-0.0324514,-29.7720457,-37.4144763
0.9043750,0.0169381,-0.0322891,-29.4641419,-37.1065725
0.9050000,0.0169510,-0.0321268,-29.1562381,-36.7986687
0.9056250,0.0169649,-0.0319668,-28.8350573,-36.4774879
0.9062500,0.0169788,-0.0318067,-28.5138766,-36.1563072
0.9068750,0.0169936,-0.0316488,-28.1820647,-35.8244953
0.9075000,0.0170084,-0.0314910,-27.8502528,-35.4926834
0.9081250,0.0170240,-0.0313354,-27.5104971,-35.1529277
0.9087500,0.0170396,-0.0311799,-27.1707414,-34.8131720
0.9093750,0.0170561,-0.0310265,-26.8257126,-34.4681432
0.9100000,0.0170725,-0.0308732,-26.4806838,-34.1231144
0.9106250,0.0170897,-0.0307220,-26.1329801,-33.7754107
0.9112500,0.0171069,-0.0305708,-25.7852765,-33.4277071
0.9118750,0.0171249,-0.0304217,-25.4373721,-33.0798027
0.9125000,0.0171428,-0.0302726,-25.0894678,-32.7318984
0.9131250,0.0171615,-0.0301256,-24.7436679,-32.3860985
0.9137500,0.0171802,-0.0299785,-24.3978679,-32.0402985
0.9143750,0.0171996,-0.0298334,-24.0562693,-31.6986999
0.9150000,0.0172189,-0.0296883,-23.7146708,-31.3571014
0.9156250,0.0172389,-0.0295450,-23.3791327,-31.0215633
0.9162500,0.0172589,-0.0294017,-23.0435947,-30.6860253
0.9168750,0.0172796,-0.0292601,-22.7157162,-30.3581468
0.9175000,0.0173002,-0.0291185,-22.3878377,-30.0302683
0.9181250,0.0173215,-0.0289786,-22.0689454,-29.7113760
0.9187500,0.0173428,-0.0288387,-21.7500530,-29.3924836
0.9193750,0.0173648,-0.0287003,-21.4411972,-29.0836278
0.9200000,0.0173867,-0.0285620,-21.1323414,-28.7747720
0.9206250,0.0174092,-0.0284251,-20.8343016,-28.4767322
0.9212500,0.0174317,-0.0282882,-20.5362618,-28.1786924
0.9218750,0.0174548,-0.0281528,-20.2495597,-27.8919903
0.9225000,0.0174779,-0.0280173,-19.9628576,-27.6052882
0.9231250,0.0175016,-0.0278832,-19.6877776,-27.3302082
0.9237500,0.0175253,-0.0277491,-19.4126975,-27.0551281
0.9243750,0.0175496,-0.0276163,-19.1493135,-26.7917441
0.9250000,0.0175738,-0.0274835,-18.8859295,-26.5283601
0.9256250,0.0175986,-0.0273520,-18.6341362,-26.2765668
0.9262500,0.0176234,-0.0272205,-18.3823429,-26.0247735
0.9268750,0.0176488,-0.0270903,-18.1418908,-25.7843214
0.9275000,0.0176741,-0.0269601,-17.9014387,-25.5438693
0.9281250,0.0177000,-0.0268312,-17.6719704,-25.3144010
0.9287500,0.0177258,-0.0267022,-17.4425021,-25.0849327
0.9293750,0.0177521,-0.0265745,-17.2235895,-24.8660201
0.9300000,0.0177784,-0.0264469,-17.0046769,-24.6471075
0.9306250,0.0178052,-0.0263205,-16.7958563,-24.4382869
0.9312500,0.0178320,-0.0261942,-16.5870357,-24.2294663
0.9318750,0.0178593,-0.0260692,-16.3878407,-24.0302713
0.9325000,0.0178865,-0.0259442,-16.1886456,-23.8310762
0.9331250,0.0179142,-0.0258205,-15.9986355,-23.6410661
0.9337500,0.0179418,-0.0256968,-15.8086254,-23.4510560
0.9343750,0.0179698,-0.0255745,-15.6274086,-23.2698392
0.9350000,0.0179978,-0.0254522,-15.4461919,-23.0886225
0.9356250,0.0180262,-0.0253312,-15.2734432,-22.9158738
0.9362500,0.0180546,-0.0252103,-15.1006945,-22.7431251
0.9368750,0.0180834,-0.0250907,-14.9361652,-22.5785958
0.9375000,0.0181121,-0.0249712,-14.7716358,-22.4140664
0.9381250,0.0181412,-0.0248530,-14.6151568,-22.2575874
0.9387500,0.0181703,-0.0247349,-14.4586777,-22.1011083
0.9393750,0.0181997,-0.0246180,-14.3101559,-21.9525865
0.9400000,0.0182291,-0.0245012,-14.1616341,-21.8040647
0.9406250,0.0182588,-0.0243857,-14.0210413,-21.6634719
0.9412500,0.0182884,-0.0242702,-13.8804485,-21.5228791
0.9418750,0.0183184,-0.0241560,-13.7478039,-21.3902345
0.9425000,0.0183484,-0.0240418,-13.6151594,-21.2575900
0.9431250,0.0183787,-0.0239287,-13.4905069,-21.1329375
0.9437500,0.0184089,-0.0238157,-13.3658545,-21.0082851
0.9443750,0.0184395,-0.0237038,-13.2492352,-20.8916658
0.9450000,0.0184701,-0.0235919,-13.1326159,-20.7750465
0.9456250,0.0185010,-0.0234810,-13.0240370,-20.6664676
0.9462500,0.0185318,-0.0233702,-12.9154581,-20.5578887
0.9468750,0.0185630,-0.0232602,-12.8148604,-20.4572910
0.9475000,0.0185942,-0.0231503,-12.7142628,-20.3566934
0.9481250,0.0186258,-0.0230411,-12.6214876,-20.2639182
0.9487500,0.0186573,-0.0229320,-12.5287124,-20.1711430
0.9493750,0.0186893,-0.0228236,-12.4434695,-20.0859001
0.9500000,0.0187212,-0.0227151,-12.3582265,-20.0006571
0.9506250,0.0187536,-0.0226072,-12.2800644,-19.9224950
0.9512500,0.0187859,-0.0224993,-12.2019024,-19.8443330
0.9518750,0.0188187,-0.0223918,-12.1301838,-19.7726144
0.9525000,0.0188514,-0.0222844,-12.0584653,-19.7008959
0.9531250,0.0188846,-0.0221773,-11.9923468,-19.6347774
0.9537500,0.0189178,-0.0220702,-11.9262283,-19.5686589
0.9543750,0.0189515,-0.0219633,-11.8646472,-19.5070778
0.9550000,0.0189852,-0.0218564,-11.8030660,-19.4454966
0.9556250,0.0190195,-0.0217496,-11.7447347,-19.3871653
0.9562500,0.0190537,-0.0216429,-11.6864035,-19.3288341
0.9568750,0.0190885,-0.0215363,-11.6298120,-19.2722426
0.9575000,0.0191232,-0.0214297,-11.5732206,-19.2156512
0.9581250,0.0191586,-0.0213231,-11.5166475,-19.1590781
0.9587500,0.0191939,-0.0212165,-11.4600745,-19.1025051
0.9593750,0.0192298,-0.0211100,-11.4016067,-19.0440373
0.9600000,0.0192656,-0.0210034,-11.3431388,-18.9855694
0.9606250,0.0193021,-0.0208969,-11.2806992,-18.9231298
0.9612500,0.0193385,-0.0207905,-11.2182596,-18.8606902
0.9618750,0.0193755,-0.0206841,-11.1496432,-18.7920738
0.9625000,0.0194124,-0.0205778,-11.0810269,-18.7234575
0.9631250,0.0194499,-0.0204717,-11.0039437,-18.6463743
0.9637500,0.0194873,-0.0203656,-10.9268605,-18.5692911
0.9643750,0.0195252,-0.0202598,-10.8389836,-18.4814142
0.9650000,0.0195631,-0.0201540,-10.7511067,-18.3935373
0.9656250,0.0196014,-0.0200487,-10.6501256,-18.2925562
0.9662500,0.0196397,-0.0199435,-10.5491446,-18.1915752
0.9668750,0.0196783,-0.0198389,-10.4328213,-18.0752519
0.9675000,0.0197169,-0.0197344,-10.3164980,-17.9589286
0.9681250,0.0197557,-0.0196308,-10.1827238,-17.8251544
0.9687500,0.0197945,-0.0195272,-10.0489496,-17.6913802
0.9693750,0.0198334,-0.0194248,-9.8958019,-17.5382325
0.9700000,0.0198723,-0.0193224,-9.7426542,-17.3850848
0.9706250,0.0199112,-0.0192215,-9.5684505,-17.2108811
0.9712500,0.0199501,-0.0191206,-9.3942468,-17.0366774
0.9718750,0.0199889,-0.0190214,-9.1975950,-16.8400256
0.9725000,0.0200276,-0.0189222,-9.0009433,-16.6433739
0.9731250,0.0200661,-0.0188251,-8.7807858,-16.4232164
0.9737500,0.0201045,-0.0187281,-8.5606284,-16.2030590
0.9743750,0.0201425,-0.0186334,-8.3162792,-15.9587098
0.9750000,0.0201804,-0.0185387,-8.0719300,-15.7143606
0.9756250,0.0202178,-0.0184467,-7.8031027,-15.4455333
0.9762500,0.0202551,-0.0183548,-7.5342754,-15.1767060
0.9768750,0.0202917,-0.0182658,-7.2411022,-14.8835328
0.9775000,0.0203282,-0.0181769,-6.9479291,-14.5903597
0.9781250,0.0203638,-0.0180913,-6.6309690,-14.2733996
0.9787500,0.0203993,-0.0180057,-6.3140090,-13.9564396
0.9793750,0.0204338,-0.0179237,-5.9742451,-13.6166757
0.9800000,0.0204682,-0.0178418,-5.6344812,-13.2769118
0.9806250,0.0205014,-0.0177637,-5.2733070,-12.9157376
0.9812500,0.0205345,-0.0176856,-4.9121328,-12.5545634
0.9818750,0.0205662,-0.0176116,-4.5313281,-12.1737587
0.9825000,0.0205979,-0.0175377,-4.1505234,-11.7929540
0.9831250,0.0206281,-0.0174681,-3.7522198,-11.3946504
0.9837500,0.0206582,-0.0173985,-3.3539162,-10.9963468
0.9843750,0.0206866,-0.0173335,-2.9405533,-10.5829839
0.9850000,0.0207150,-0.0172684,-2.5271905,-10.1696211
0.9856250,0.0207416,-0.0172080,-2.1014644,-9.7438950
0.9862500,0.0207681,-0.0171476,-1.6757383,-9.3181689
0.9868750,0.0207928,-0.0170919,-1.2405431,-8.8829737
0.9875000,0.0208175,-0.0170363,-0.8053479,-8.4477785
0.9881250,0.0208402,-0.0169855,-0.3637123,-8.0061429
0.9887500,0.0208628,-0.0169347,0.0779232,-7.5645074
0.9893750,0.0208834,-0.0168888,0.5229019,-7.1195287
0.9900000,0.0209040,-0.0168429,0.9678805,-6.6745501
0.9906250,0.0209226,-0.0168019,1.4131041,-6.2293265
0.9912500,0.0209411,-0.0167608,1.8583277,-5.7841029
0.9918750,0.0209575,-0.0167246,2.3007642,-5.3416664
0.9925000,0.0209739,-0.0166884,2.7432006,-4.8992300
0.9931250,0.0209883,-0.0166570,3.1799479,-4.4624827
0.9937500,0.0210026,-0.0166255,3.6166952,-4.0257354
0.9943750,0.0210148,-0.0165988,4.0450409,-3.5973897
0.9950000,0.0210270,-0.0165720,4.4733866,-3.1690440
0.9956250,0.0210372,-0.0165498,4.8908614,-2.7515692
0.9962500,0.0210474,-0.0165275,5.3083363,-2.3340943
0.9968750,0.0210556,-0.0165097,5.7127596,-1.9296710
0.9975000,0.0210638,-0.0164919,6.1171829,-1.5252477
0.9981250,0.0210701,-0.0164783,6.5066996,-1.1357310
0.9987500,0.0210763,-0.0164647,6.8962163,-0.7462143
0.9993750,0.0210807,-0.0164552,7.2693234,-0.3731072
1.0000000,0.0210851,-0.0164457,7.6424306,0.0000000
1.0006250,0.0210877,-0.0164401,7.9979940,0.3555634
1.0012500,0.0210903,-0.0164345,8.3535574,0.7111268
1.0018750,0.0210912,-0.0164327,8.6908171,1.0483865
1.0025000,0.0210920,-0.0164308,9.0280767,1.3856461
1.0031250,0.0210913,-0.0164325,9.3466415,1.7042109
1.0037500,0.0210905,-0.0164341,9.6652062,2.0227756
1.0043750,0.0210882,-0.0164391,9.9650385,2.3226079
1.0050000,0.0210858,-0.0164441,10.2648707,2.6224401
1.0056250,0.0210820,-0.0164523,10.5462610,2.9038304
1.0062500,0.0210782,-0.0164606,10.8276514,3.1852208
1.0068750,0.0210731,-0.0164718,11.0911852,3.4487546
1.0075000,0.0210679,-0.0164831,11.3547190,3.7122884
1.0081250,0.0210614,-0.0164972,11.6012350,3.9588044
1.0087500,0.0210548,-0.0165114,11.8477511,4.2053205
1.0093750,0.0210471,-0.0165283,12.0782952,4.4358646
1.0100000,0.0210393,-0.0165452,12.3088394,4.6664088
1.0106250,0.0210304,-0.0165648,12.5246136,4.8821830
1.0112500,0.0210214,-0.0165843,12.7403877,5.0979571
1.0118750,0.0210113,-0.0166064,12.9426969,5.3002663
1.0125000,0.0210012,-0.0166285,13.1450061,5.5025755
1.0131250,0.0209900,-0.0166531,13.3352050,5.6927744
1.0137500,0.0209788,-0.0166776,13.5254038,5.8829732
1.0143750,0.0209666,-0.0167046,13.7048448,6.0624142
1.0150000,0.0209544,-0.0167315,13.8842857,6.2418551
1.0156250,0.0209412,-0.0167607,14.0542700,6.4118394
1.0162500,0.0209279,-0.0167899,14.2242542,6.5818236
1.0168750,0.0209137,-0.0168214,14.3859878,6.7435572
1.0175000,0.0208995,-0.0168529,14.5477215,6.9052909
1.0181250,0.0208844,-0.0168865,14.7022780,7.0598474
1.0187500,0.0208693,-0.0169202,14.8568345,7.2144039
1.0193750,0.0208533,-0.0169560,15.0051243,7.3626937
1.0200000,0.0208373,-0.0169918,15.1534141,7.5109835
1.0206250,0.0208204,-0.0170297,15.2961632,7.6537326
1.0212500,0.0208035,-0.0170676,15.4389122,7.7964816
1.0218750,0.0207859,-0.0171076,15.5766491,7.9342185
1.0225000,0.0207682,-0.0171475,15.7143859,8.0719553
1.0231250,0.0207497,-0.0171895,15.8474388,8.2050082
1.0237500,0.0207312,-0.0172314,15.9804916,8.3380610
1.0243750,0.0207120,-0.0172753,16.1089943,8.4665637
1.0250000,0.0206928,-0.0173191,16.2374969,8.5950663
1.0256250,0.0206729,-0.0173648,16.3614039,8.7189733
1.0262500,0.0206530,-0.0174105,16.4853110,8.8428804
1.0268750,0.0206325,-0.0174579,16.6044212,8.9619906
1.0275000,0.0206119,-0.0175054,16.7235315,9.0811009
1.0281250,0.0205907,-0.0175546,16.8375190,9.1950884
1.0287500,0.0205695,-0.0176038,16.9515065,9.3090759
1.0293750,0.0205478,-0.0176545,17.0599575,9.4175269
1.0300000,0.0205261,-0.0177053,17.1684085,9.5259779
1.0306250,0.0205039,-0.0177576,17.2708632,9.6284326
1.0312500,0.0204817,-0.0178098,17.3733178,9.7308872
1.0318750,0.0204591,-0.0178635,17.4693152,9.8268846
1.0325000,0.0204365,-0.0179171,17.5653125,9.9228819
1.0331250,0.0204135,-0.0179720,17.6544368,10.0120062
1.0337500,0.0203905,-0.0180269,17.7435610,10.1011304
1.0343750,0.0203672,-0.0180829,17.8254876,10.1830570
1.0350000,0.0203439,-0.0181389,17.9074141,10.2649835
1.0356250,0.0203204,-0.0181959,17.9819531,10.3395225
1.0362500,0.0202968,-0.0182530,18.0564921,10.4140615
1.0368750,0.0202731,-0.0183109,18.1236288,10.4811982
1.0375000,0.0202493,-0.0183689,18.1907654,10.5483348
1.0381250,0.0202255,-0.0184276,18.2506944,10.6082638
1.0387500,0.0202016,-0.0184863,18.3106234,10.6681928
1.0393750,0.0201777,-0.0185456,18.3637767,10.7213461
1.0400000,0.0201537,-0.0186050,18.4169301,10.7744995
1.0406250,0.0201297,-0.0186649,18.4639972,10.8215666
1.0412500,0.0201057,-0.0187248,18.5110643,10.8686337
1.0418750,0.0200818,-0.0187853,18.5530029,10.9105723
1.0425000,0.0200578,-0.0188457,18.5949415,10.9525109
1.0431250,0.0200339,-0.0189066,18.6329795,10.9905489
1.0437500,0.0200099,-0.0189674,18.6710174,11.0285868
1.0443750,0.0199860,-0.0190286,18.7066444,11.0642138
1.0450000,0.0199621,-0.0190898,18.7422713,11.0998407
1.0456250,0.0199383,-0.0191514,18.7772213,11.1347906
1.0462500,0.0199144,-0.0192129,18.8121712,11.1697406
1.0468750,0.0198906,-0.0192748,18.8483951,11.2059645
1.0475000,0.0198668,-0.0193368,18.8846190,11.2421884
1.0481250,0.0198431,-0.0193991,18.9242492,11.2818186
1.0487500,0.0198194,-0.0194615,18.9638795,11.3214489
1.0493750,0.0197957,-0.0195242,19.0091863,11.3667557
1.0500000,0.0197720,-0.0195870,19.0544931,11.4120625
1.0506250,0.0197483,-0.0196503,19.1078348,11.4654042
1.0512500,0.0197246,-0.0197137,19.1611765,11.5187459
1.0518750,0.0197009,-0.0197777,19.2249445,11.5825139
1.0525000,0.0196772,-0.0198416,19.2887124,11.6462818
1.0531250,0.0196534,-0.0199063,19.3652727,11.7228421
1.0537500,0.0196296,-0.0199710,19.4418329,11.7994023
1.0543750,0.0196057,-0.0200367,19.5334665,11.8910359
1.0550000,0.0195818,-0.0201023,19.6251001,11.9826695
1.0556250,0.0195578,-0.0201690,19.7339428,12.0915122
1.0562500,0.0195337,-0.0202357,19.8427855,12.2003549
1.0568750,0.0195094,-0.0203037,19.9707704,12.3283398
1.0575000,0.0194851,-0.0203717,20.0987552,12.4563246
1.0581250,0.0194606,-0.0204411,20.2475579,12.6051273
1.0587500,0.0194360,-0.0205106,20.3963607,12.7539301
1.0593750,0.0194111,-0.0205817,20.5673512,12.9249206
1.0600000,0.0193862,-0.0206528,20.7383418,13.0959112
1.0606250,0.0193609,-0.0207257,20.9325421,13.2901115
1.0612500,0.0193356,-0.0207987,21.1267425,13.4843119
1.0618750,0.0193099,-0.0208738,21.3447929,13.7023623
1.0625000,0.0192842,-0.0209488,21.5628433,13.9204127
1.0631250,0.0192580,-0.0210261,21.8049777,14.1625471
1.0637500,0.0192319,-0.0211033,22.0471121,14.4046815
1.0643750,0.0192052,-0.0211830,22.3131433,14.6707127
1.0650000,0.0191785,-0.0212626,22.5791745,14.9367439
1.0656250,0.0191513,-0.0213449,22.8684903,15.2260597
1.0662500,0.0191241,-0.0214271,23.1578060,15.5153754
1.0668750,0.0190964,-0.0215120,23.4693750,15.8269444
1.0675000,0.0190686,-0.0215969,23.7809440,16.1385134
1.0681250,0.0190403,-0.0216847,24.1133328,16.4709022
1.0687500,0.0190120,-0.0217725,24.4457217,16.8032911
1.0693750,0.0189832,-0.0218632,24.7971217,17.1546911
1.0700000,0.0189544,-0.0219539,25.1485218,17.5060912
1.0706250,0.0189251,-0.0220475,25.5167849,17.8743543
1.0712500,0.0188957,-0.0221412,25.8850480,18.2426174
1.0718750,0.0188659,-0.0222379,26.2677309,18.6253003
1.0725000,0.0188360,-0.0223346,26.6504138,19.0079832
1.0731250,0.0188057,-0.0224344,27.0448292,19.4023986
1.0737500,0.0187753,-0.0225341,27.4392445,19.7968139
1.0743750,0.0187446,-0.0226369,27.8425177,20.2000871
1.0750000,0.0187139,-0.0227396,28.2457909,20.6033603
1.0756250,0.0186829,-0.0228453,28.6549206,21.0124900
1.0762500,0.0186518,-0.0229510,29.0640502,21.4216196
1.0768750,0.0186205,-0.0230597,29.4759712,21.8335406
1.0775000,0.0185891,-0.0231683,29.8878921,22.2454615
1.0781250,0.0185575,-0.0232797,30.2995389,22.6571083
1.0787500,0.0185259,-0.0233912,30.7111857,23.0687551
1.0793750,0.0184942,-0.0235053,31.1195549,23.4771243
1.0800000,0.0184625,-0.0236195,31.5279242,23.8854936
1.0806250,0.0184307,-0.0237362,31.9301340,24.2877034
1.0812500,0.0183989,-0.0238530,32.3323439,24.6899133
1.0818750,0.0183671,-0.0239722,32.7256894,25.0832588
1.0825000,0.0183353,-0.0240914,33.1190349,25.4766043
1.0831250,0.0183036,-0.0242129,33.5010374,25.8586068
1.0837500,0.0182718,-0.0243344,33.8830399,26.2406093
1.0843750,0.0182402,-0.0244581,34.2514900,26.6090594
1.0850000,0.0182087,-0.0245818,34.6199400,26.9775094
1.0856250,0.0181773,-0.0247075,34.9729320,27.3305014
1.0862500,0.0181459,-0.0248332,35.3259240,27.6834934
1.0868750,0.0181149,-0.0249608,35.6618824,28.0194518
1.0875000,0.0180838,-0.0250883,35.9978407,28.3554101
1.0881250,0.0180531,-0.0252177,36.3155373,28.6731067
1.0887500,0.0180224,-0.0253470,36.6332338,28.9908032
1.0893750,0.0179921,-0.0254779,36.9317957,29.2893651
1.0900000,0.0179618,-0.0256089,37.2303577,29.5879271
1.0906250,0.0179319,-0.0257413,37.5092661,29.8668355
1.0912500,0.0179020,-0.0258738,37.7881746,30.1457440
1.0918750,0.0178727,-0.0260076,38.0472550,30.4048244
1.0925000,0.0178434,-0.0261415,38.3063355,30.6639049
1.0931250,0.0178146,-0.0262767,38.5457392,30.9033086
1.0937500,0.0177857,-0.0264119,38.7851428,31.1427122
1.0943750,0.0177575,-0.0265484,39.0053212,31.3628906
1.0950000,0.0177293,-0.0266848,39.2254995,31.5830689
1.0956250,0.0177017,-0.0268225,39.4271718,31.7847412
1.0962500,0.0176741,-0.0269602,39.6288441,31.9864135
1.0968750,0.0176471,-0.0270991,39.8129601,32.1705295
1.0975000,0.0176201,-0.0272379,39.9970761,32.3546455
1.0981250,0.0175938,-0.0273779,40.1647741,32.5223435
1.0987500,0.0175674,-0.0275179,40.3324720,32.6900414
1.0993750,0.0175418,-0.0276591,40.4850341,32.8426035
1.1000000,0.0175161,-0.0278003,40.6375962,32.9951656
1.1006250,0.0174912,-0.0279426,40.7764024,33.1339718
1.1012500,0.0174662,-0.0280850,40.9152087,33.2727781
1.1018750,0.0174420,-0.0282285,41.0416903,33.3992597
1.1025000,0.0174177,-0.0283720,41.1681720,33.5257414
1.1031250,0.0173942,-0.0285168,41.2837664,33.6413358
1.1037500,0.0173707,-0.0286615,41.3993607,33.7569301
1.1043750,0.0173480,-0.0288075,41.5054679,33.8630373
1.1050000,0.0173252,-0.0289534,41.6115751,33.9691445
1.1056250,0.0173032,-0.0291007,41.7095182,34.0670876
1.1062500,0.0172811,-0.0292479,41.8074613,34.1650307
1.1068750,0.0172599,-0.0293964,41.8984504,34.2560198
1.1075000,0.0172387,-0.0295449,41.9894394,34.3470088
1.1081250,0.0172183,-0.0296947,42.0745409,34.4321103
1.1087500,0.0171978,-0.0298444,42.1596423,34.5172117
1.1093750,0.0171782,-0.0299955,42.2397535,34.5973229
1.1100000,0.0171586,-0.0301466,42.3198646,34.6774340
1.1106250,0.0171399,-0.0302990,42.3956942,34.7532636
1.1112500,0.0171211,-0.0304515,42.4715238,34.8290932
1.1118750,0.0171032,-0.0306052,42.5435785,34.9011479
1.1125000,0.0170853,-0.0307589,42.6156332,34.9732026
1.1131250,0.0170683,-0.0309138,42.6842102,35.0417796
1.1137500,0.0170513,-0.0310688,42.7527872,35.1103566
1.1143750,0.0170353,-0.0312251,42.8179727,35.1755421
1.1150000,0.0170192,-0.0313813,42.8831582,35.2407276
1.1156250,0.0170041,-0.0315387,42.9448317,35.3024011
1.1162500,0.0169889,-0.0316961,43.0065051,35.3640745
1.1168750,0.0169748,-0.0318547,43.0643485,35.4219179
1.1175000,0.0169606,-0.0320132,43.1221918,35.4797612
1.1181250,0.0169475,-0.0321728,43.1757034,35.5332728
1.1187500,0.0169344,-0.0323323,43.2292149,35.5867843
1.1193750,0.0169223,-0.0324928,43.2777272,35.6352966
1.1200000,0.0169102,-0.0326533,43.3262395,35.6838089
1.1206250,0.0168992,-0.0328147,43.3689404,35.7265098
1.1212500,0.0168881,-0.0329761,43.4116414,35.7692108
1.1218750,0.0168782,-0.0331381,43.4475979,35.8051673
1.1225000,0.0168682,-0.0333002,43.4835544,35.8411238
1.1231250,0.0168594,-0.0334629,43.5117378,35.8693072
1.1237500,0.0168505,-0.0336256,43.5399211,35.8974905
1.1243750,0.0168428,-0.0337888,43.5592337,35.9168031
1.1250000,0.0168350,-0.0339520,43.5785462,35.9361156
1.1256250,0.0168284,-0.0341156,43.5878481,35.9454176
1.1262500,0.0168217,-0.0342791,43.5971501,35.9547195
1.1268750,0.0168163,-0.0344429,43.5952861,35.9528556
1.1275000,0.0168108,-0.0346066,43.5934222,35.9509916
1.1281250,0.0168065,-0.0347705,43.5792476,35.9368170
1.1287500,0.0168022,-0.0349343,43.5650730,35.9226424
1.1293750,0.0167990,-0.0350981,43.5374780,35.8950474
1.1300000,0.0167958,-0.0352619,43.5098830,35.8674524
1.1306250,0.0167938,-0.0354256,43.4678159,35.8253853
1.1312500,0.0167918,-0.0355892,43.4257488,35.7833182
1.1318750,0.0167910,-0.0357525,43.3682371,35.7258065
1.1325000,0.0167901,-0.0359158,43.3107254,35.6682948
1.1331250,0.0167904,-0.0360787,43.2368948,35.5944642
1.1337500,0.0167906,-0.0362417,43.1630641,35.5206335
1.1343750,0.0167920,-0.0364041,43.0721549,35.4297243
1.1350000,0.0167934,-0.0365665,42.9812457,35.3388151
1.1356250,0.0167960,-0.0367283,42.8726275,35.2301969
1.1362500,0.0167985,-0.0368901,42.7640094,35.1215788
1.1368750,0.0168022,-0.0370512,42.6371932,34.9947626
1.1375000,0.0168058,-0.0372123,42.5103771,34.8679465
1.1381250,0.0168105,-0.0373726,42.3650250,34.7225944
1.1387500,0.0168152,-0.0375329,42.2196729,34.5772423
1.1393750,0.0168210,-0.0376923,42.0556058,34.4131752
1.1400000,0.0168268,-0.0378517,41.8915388,34.2491082
1.1406250,0.0168336,-0.0380101,41.7087424,34.0663118
1.1412500,0.0168404,-0.0381686,41.5259459,33.8835153
1.1418750,0.0168483,-0.0383260,41.3245741,33.6821435
1.1425000,0.0168561,-0.0384834,41.1232022,33.4807716
1.1431250,0.0168650,-0.0386397,40.9035793,33.2611487
1.1437500,0.0168739,-0.0387961,40.6839564,33.0415258
1.1443750,0.0168837,-0.0389512,40.4465774,32.8041468
1.1450000,0.0168935,-0.0391064,40.2091984,32.5667678
1.1456250,0.0169043,-0.0392604,39.9547274,32.3122968
1.1462500,0.0169151,-0.0394144,39.7002565,32.0578259
1.1468750,0.0169268,-0.0395671,39.4295241,31.7870935
1.1475000,0.0169385,-0.0397197,39.1587917,31.5163611
1.1481250,0.0169511,-0.0398711,38.8727899,31.2303593
1.1487500,0.0169637,-0.0400224,38.5867881,30.9443575
1.1493750,0.0169772,-0.0401724,38.2866642,30.6442336
1.1500000,0.0169906,-0.0403223,37.9865404,30.3441098
1.1506250,0.0170049,-0.0404707,37.6735894,30.0311588
1.1512500,0.0170192,-0.0406192,37.3606384,29.7182078
1.1518750,0.0170343,-0.0407662,37.0362928,29.3938622
1.1525000,0.0170494,-0.0409131,36.7119471,29.0695165
1.1531250,0.0170653,-0.0410584,36.3777653,28.7353347
1.1537500,0.0170811,-0.0412038,36.0435835,28.4011529
1.1543750,0.0170977,-0.0413474,35.7012368,28.0588062
1.1550000,0.0171142,-0.0414911,35.3588900,27.7164594
1.1556250,0.0171315,-0.0416331,35.0101464,27.3677158
1.1562500,0.0171488,-0.0417750,34.6614029,27.0189723
1.1568750,0.0171667,-0.0419151,34.3081103,26.6656797
1.1575000,0.0171846,-0.0420552,33.9548177,26.3123871
1.1581250,0.0172031,-0.0421935,33.5988835,25.9564529
1.1587500,0.0172216,-0.0423317,33.2429494,25.6005188
1.1593750,0.0172407,-0.0424681,32.8863196,25.2438890
1.1600000,0.0172598,-0.0426044,32.5296899,24.8872593
1.1606250,0.0172794,-0.0427387,32.1743255,24.5318949
1.1612500,0.0172990,-0.0428730,31.8189612,24.1765306
1.1618750,0.0173191,-0.0430052,31.4668132,23.8243826
1.1625000,0.0173391,-0.0431375,31.1146652,23.4722346
1.1631250,0.0173597,-0.0432676,30.7676483,23.1252177
1.1637500,0.0173802,-0.0433978,30.4206314,22.7782008
1.1643750,0.0174011,-0.0435258,30.0805969,22.4381663
1.1650000,0.0174220,-0.0436539,29.7405624,22.0981318
1.1656250,0.0174433,-0.0437798,29.4092703,21.7668397
1.1662500,0.0174646,-0.0439057,29.0779782,21.4355476
1.1668750,0.0174862,-0.0440295,28.7570697,21.1146391
1.1675000,0.0175078,-0.0441532,28.4361612,20.7937306
1.1681250,0.0175298,-0.0442748,28.1271317,20.4847011
1.1687500,0.0175517,-0.0443963,27.8181023,20.1756717
1.1693750,0.0175739,-0.0445157,27.5222755,19.8798449
1.1700000,0.0175960,-0.0446351,27.2264488,19.5840182
1.1706250,0.0176184,-0.0447524,26.9449532,19.3025226
1.1712500,0.0176408,-0.0448698,26.6634577,19.0210271
1.1718750,0.0176634,-0.0449850,26.3972055,18.7547749
1.1725000,0.0176860,-0.0451002,26.1309533,18.4885227
1.1731250,0.0177088,-0.0452135,25.8806227,18.2381921
1.1737500,0.0177316,-0.0453267,25.6302920,17.9878614
1.1743750,0.0177546,-0.0454380,25.3963135,17.7538829
1.1750000,0.0177776,-0.0455493,25.1623349,17.5199043
1.1756250,0.0178008,-0.0456587,24.9448824,17.3024518
1.1762500,0.0178239,-0.0457682,24.7274299,17.0849993
1.1768750,0.0178473,-0.0458760,24.5264170,16.8839864
1.1775000,0.0178706,-0.0459837,24.3254042,16.6829736
1.1781250,0.0178941,-0.0460898,24.1404856,16.4980550
1.1787500,0.0179176,-0.0461959,23.9555670,16.3131364
1.1793750,0.0179413,-0.0463005,23.7861460,16.1437154
1.1800000,0.0179649,-0.0464050,23.6167251,15.9742945
1.1806250,0.0179888,-0.0465081,23.4619670,15.8195364
1.1812500,0.0180126,-0.0466113,23.3072090,15.6647784
1.1818750,0.0180367,-0.0467132,23.1660603,15.5236297
1.1825000,0.0180607,-0.0468151,23.0249116,15.3824810
1.1831250,0.0180850,-0.0469159,22.8961246,15.2536940
1.1837500,0.0181092,-0.0470167,22.7673375,15.1249069
1.1843750,0.0181337,-0.0471164,22.6495006,15.0070700
1.1850000,0.0181581,-0.0472162,22.5316636,14.8892330
1.1856250,0.0181828,-0.0473150,22.4232358,14.7808052
1.1862500,0.0182075,-0.0474139,22.3148080,14.6723774
1.1868750,0.0182325,-0.0475120,22.2141576,14.5717270
1.1875000,0.0182575,-0.0476100,22.1135072,14.4710766
1.1881250,0.0182828,-0.0477074,22.0189532,14.3765226
1.1887500,0.0183080,-0.0478048,21.9243993,14.2819687
1.1893750,0.0183336,-0.0479017,21.8342553,14.1918247
1.1900000,0.0183591,-0.0479985,21.7441114,14.1016808
1.1906250,0.0183850,-0.0480949,21.6567296,14.0142990
1.1912500,0.0184108,-0.0481913,21.5693479,13.9269173
1.1918750,0.0184370,-0.0482873,21.4831632,13.8407326
1.1925000,0.0184632,-0.0483832,21.3969786,13.7545480
1.1931250,0.0184898,-0.0484788,21.3105512,13.6681206
1.1937500,0.0185163,-0.0485744,21.2241237,13.5816931
1.1943750,0.0185432,-0.0486697,21.1361784,13.4937478
1.1950000,0.0185701,-0.0487651,21.0482330,13.4058024
1.1956250,0.0185974,-0.0488601,20.9576946,13.3152640
1.1962500,0.0186246,-0.0489552,20.8671562,13.2247256
1.1968750,0.0186522,-0.0490501,20.7731801,13.1307495
1.1975000,0.0186798,-0.0491449,20.6792041,13.0367735
1.1981250,0.0187079,-0.0492396,20.5811999,12.9387693
1.1987500,0.0187359,-0.0493342,20.4831958,12.8407652
1.1993750,0.0187643,-0.0494286,20.3808445,12.7384139
1.2000000,0.0187926,-0.0495230,20.2784933,12.6360627
1.2006250,0.0188214,-0.0496172,20.1717561,12.5293255
1.2012500,0.0188501,-0.0497114,20.0650190,12.4225884
1.2018750,0.0188792,-0.0498053,19.9541384,12.3117078
1.2025000,0.0189083,-0.0498993,19.8432578,12.2008272
1.2031250,0.0189378,-0.0499930,19.7287496,12.0863190
1.2037500,0.0189672,-0.0500867,19.6142414,11.9718108
1.2043750,0.0189970,-0.0501801,19.4968789,11.8544483
1.2050000,0.0190268,-0.0502735,19.3795163,11.7370857
1.2056250,0.0190569,-0.0503665,19.2603056,11.6178750
1.2062500,0.0190870,-0.0504595,19.1410948,11.4986642
1.2068750,0.0191174,-0.0505521,19.0212430,11.3788124
1.2075000,0.0191478,-0.0506448,18.9013912,11.2589606
1.2081250,0.0191785,-0.0507371,18.7822672,11.1398366
1.2087500,0.0192092,-0.0508293,18.6631433,11.0207127
1.2093750,0.0192402,-0.0509211,18.5462330,10.9038024
1.2100000,0.0192711,-0.0510128,18.4293228,10.7868922
1.2106250,0.0193024,-0.0511040,18.3161793,10.6737487
1.2112500,0.0193336,-0.0511952,18.2030359,10.5606053
1.2118750,0.0193650,-0.0512859,18.0952266,10.4527960
1.2125000,0.0193964,-0.0513765,17.9874174,10.3449868
1.2131250,0.0194281,-0.0514665,17.8864691,10.2440385
1.2137500,0.0194597,-0.0515565,17.7855209,10.1430903
1.2143750,0.0194915,-0.0516458,17.6928647,10.0504341
1.2150000,0.0195233,-0.0517352,17.6002085,9.9577779
1.2156250,0.0195552,-0.0518238,17.5171262,9.8746956
1.2162500,0.0195871,-0.0519124,17.4340438,9.7916132
1.2168750,0.0196192,-0.0520002,17.3616169,9.7191863
1.2175000,0.0196512,-0.0520880,17.2891900,9.6467594
1.2181250,0.0196834,-0.0521750,17.2282541,9.5858235
1.2187500,0.0197155,-0.0522619,17.1673182,9.5248876
1.2193750,0.0197477,-0.0523480,17.1184229,9.4759923
1.2200000,0.0197799,-0.0524340,17.0695276,9.4270970
1.2206250,0.0198121,-0.0525191,17.0329037,9.3904731
1.2212500,0.0198443,-0.0526041,16.9962799,9.3538493
1.2218750,0.0198765,-0.0526881,16.9718156,9.3293850
1.2225000,0.0199086,-0.0527721,16.9473514,9.3049208
1.2231250,0.0199407,-0.0528549,16.9345774,9.2921468
1.2237500,0.0199728,-0.0529378,16.9218034,9.2793728
1.2243750,0.0200048,-0.0530194,16.9198883,9.2774577
1.2250000,0.0200367,-0.0531010,16.9179731,9.2755425
1.2256250,0.0200685,-0.0531813,16.9257288,9.2832982
1.2262500,0.0201003,-0.0532616,16.9334845,9.2910539
1.2268750,0.0201318,-0.0533404,16.9493823,9.3069517
1.2275000,0.0201634,-0.0534192,16.9652802,9.3228496
1.2281250,0.0201947,-0.0534965,16.9874768,9.3450462
1.2287500,0.0202259,-0.0535737,17.0096734,9.3672428
1.2293750,0.0202568,-0.0536493,17.0360462,9.3936156
1.2300000,0.0202876,-0.0537248,17.0624189,9.4199883
1.2306250,0.0203181,-0.0537985,17.0906096,9.4481790
1.2312500,0.0203485,-0.0538721,17.1188002,9.4763696
1.2318750,0.0203784,-0.0539438,17.1462667,9.5038361
1.2325000,0.0204082,-0.0540155,17.1737332,9.5313026
1.2331250,0.0204375,-0.0540850,17.1978067,9.5553760
1.2337500,0.0204667,-0.0541546,17.2218801,9.5794495
1.2343750,0.0204952,-0.0542218,17.2398267,9.5973961
1.2350000,0.0205237,-0.0542890,17.2577734,9.6153428
1.2356250,0.0205514,-0.0543537,17.2668592,9.6244286
1.2362500,0.0205791,-0.0544185,17.2759450,9.6335144
1.2368750,0.0206059,-0.0544805,17.2735013,9.6310707
1.2375000,0.0206326,-0.0545426,17.2710575,9.6286269
1.2381250,0.0206584,-0.0546018,17.2545452,9.6121146
1.2387500,0.0206842,-0.0546611,17.2380329,9.5956023
1.2393750,0.0207088,-0.0547174,17.2051049,9.5626743
1.2400000,0.0207334,-0.0547737,17.1721769,9.5297463
1.2406250,0.0207569,-0.0548269,17.1207351,9.4783045
1.2412500,0.0207803,-0.0548800,17.0692934,9.4268628
1.2418750,0.0208025,-0.0549298,16.9975404,9.3551098
1.2425000,0.0208246,-0.0549796,16.9257875,9.2833569
1.2431250,0.0208453,-0.0550261,16.8322703,9.1898397
1.2437500,0.0208660,-0.0550725,16.7387531,9.0963225
1.2443750,0.0208853,-0.0551154,16.6223980,8.9799674
1.2450000,0.0209045,-0.0551582,16.5060429,8.8636123
1.2456250,0.0209223,-0.0551974,16.3661811,8.7237505
1.2462500,0.0209400,-0.0552367,16.2263193,8.5838887
1.2468750,0.0209561,-0.0552722,16.0627019,8.4202713
1.2475000,0.0209722,-0.0553077,15.8990844,8.2566538
1.2481250,0.0209867,-0.0553394,15.7118866,8.0694560
1.2487500,0.0210011,-0.0553712,15.5246888,7.8822582
1.2493750,0.0210139,-0.0553991,15.3145037,7.6720731
1.2500000,0.0210266,-0.0554270,15.1043187,7.4618881
1.2506250,0.0210377,-0.0554511,14.8721404,7.2297098
1.2512500,0.0210487,-0.0554752,14.6399622,6.9975316
1.2518750,0.0210580,-0.0554955,14.3871589,6.7447283
1.2525000,0.0210673,-0.0555157,14.1343556,6.4919250
1.2531250,0.0210749,-0.0555322,13.8626339,6.2202033
1.2537500,0.0210825,-0.0555486,13.5909122,5.9484816
1.2543750,0.0210884,-0.0555613,13.3022737,5.6598431
1.2550000,0.0210942,-0.0555741,13.0136352,5.3712046
1.2556250,0.0210984,-0.0555831,12.7103265,5.0678959
1.2562500,0.0211026,-0.0555922,12.4070177,4.7645871
1.2568750,0.0211052,-0.0555978,12.0914751,4.4490445
1.2575000,0.0211077,-0.0556033,11.7759325,4.1335019
1.2581250,0.0211087,-0.0556054,11.4507243,3.8082937
1.2587500,0.0211097,-0.0556075,11.1255160,3.4830854
1.2593750,0.0211092,-0.0556063,10.7932822,3.1508516
1.2600000,0.0211086,-0.0556051,10.4610485,2.8186179
1.2606250,0.0211066,-0.0556007,10.1244419,2.4820113
1.2612500,0.0211045,-0.0555963,9.7878353,2.1454047
1.2618750,0.0211011,-0.0555889,9.4494631,1.8070325
1.2625000,0.0210977,-0.0555816,9.1110910,1.4686604
1.2631250,0.0210930,-0.0555713,8.7734614,1.1310308
1.2637500,0.0210883,-0.0555611,8.4358318,0.7934012
1.2643750,0.0210823,-0.0555482,8.1013045,0.4588739
1.2650000,0.0210763,-0.0555353,7.7667772,0.1243466
1.2656250,0.0210692,-0.0555198,7.4375206,-0.2049100
1.2662500,0.0210621,-0.0555044,7.1082639,-0.5341667
1.2668750,0.0210539,-0.0554866,6.7862194,-0.8562112
1.2675000,0.0210457,-0.0554688,6.4641749,-1.1782557
1.2681250,0.0210365,-0.0554488,6.1510298,-1.4914008
1.2687500,0.0210273,-0.0554287,5.8378847,-1.8045459
1.2693750,0.0210172,-0.0554065,5.5350529,-2.1073777
1.2700000,0.0210071,-0.0553844,5.2322210,-2.4102096
1.2706250,0.0209961,-0.0553602,4.9408327,-2.7015979
1.2712500,0.0209851,-0.0553361,4.6494445,-2.9929861
1.2718750,0.0209733,-0.0553101,4.3703450,-3.2720856
1.2725000,0.0209614,-0.0552841,4.0912456,-3.5511850
1.2731250,0.0209488,-0.0552563,3.8250016,-3.8174290
1.2737500,0.0209362,-0.0552285,3.5587577,-4.0836729
1.2743750,0.0209229,-0.0551990,3.3056718,-4.3367588
1.2750000,0.0209096,-0.0551695,3.0525859,-4.5898447
1.2756250,0.0208956,-0.0551384,2.8127172,-4.8297134
1.2762500,0.0208816,-0.0551073,2.5728486,-5.0695820
1.2768750,0.0208670,-0.0550745,2.3460396,-5.2963910
1.2775000,0.0208523,-0.0550418,2.1192305,-5.5232001
1.2781250,0.0208370,-0.0550075,1.9051375,-5.7372931
1.2787500,0.0208217,-0.0549732,1.6910444,-5.9513862
1.2793750,0.0208058,-0.0549374,1.4891713,-6.1532593
1.2800000,0.0207898,-0.0549015,1.2872982,-6.3551324
1.2806250,0.0207733,-0.0548640,1.0970319,-6.5453987
1.2812500,0.0207567,-0.0548266,0.9067656,-6.7356650
1.2818750,0.0207396,-0.0547876,0.7274109,-6.9150197
1.2825000,0.0207225,-0.0547487,0.5480563,-7.0943743
1.2831250,0.0207048,-0.0547082,0.3788700,-7.2635606
1.2837500,0.0206870,-0.0546677,0.2096837,-7.4327469
1.2843750,0.0206687,-0.0546256,0.0499053,-7.5925253
1.2850000,0.0206504,-0.0545835,-0.1098730,-7.7523036
1.2856250,0.0206315,-0.0545399,-0.2609938,-7.9034244
1.2862500,0.0206126,-0.0544962,-0.4121145,-8.0545451
1.2868750,0.0205931,-0.0544510,-0.5552954,-8.1977260
1.2875000,0.0205736,-0.0544058,-0.6984762,-8.3409068
1.2881250,0.0205536,-0.0543590,-0.8343855,-8.4768161
1.2887500,0.0205336,-0.0543122,-0.9702949,-8.6127255
1.2893750,0.0205130,-0.0542638,-1.0995413,-8.7419719
1.2900000,0.0204924,-0.0542154,-1.2287878,-8.8712184
1.2906250,0.0204713,-0.0541655,-1.3519155,-8.9943461
1.2912500,0.0204502,-0.0541156,-1.4750431,-9.1174737
1.2918750,0.0204286,-0.0540642,-1.5925339,-9.2349645
1.2925000,0.0204070,-0.0540128,-1.7100246,-9.3524552
1.2931250,0.0203850,-0.0539599,-1.8223063,-9.4647369
1.2937500,0.0203629,-0.0539070,-1.9345879,-9.5770185
1.2943750,0.0203405,-0.0538527,-2.0420474,-9.6844780
1.2950000,0.0203180,-0.0537984,-2.1495068,-9.7919374
1.2956250,0.0202951,-0.0537427,-2.2525084,-9.8949390
1.2962500,0.0202722,-0.0536871,-2.3555100,-9.9979406
1.2968750,0.0202490,-0.0536302,-2.4544175,-10.0968481
1.2975000,0.0202258,-0.0535733,-2.5533249,-10.1957555
1.2981250,0.0202023,-0.0535152,-2.6485254,-10.2909560
1.2987500,0.0201787,-0.0534571,-2.7437259,-10.3861565
1.2993750,0.0201550,-0.0533979,-2.8356558,-10.4780864
1.3000000,0.0201312,-0.0533388,-2.9275858,-10.5700164
1.3006250,0.0201072,-0.0532787,-3.0167562,-10.6591868
1.3012500,0.0200832,-0.0532185,-3.1059267,-10.7483573
1.3018750,0.0200591,-0.0531575,-3.1929471,-10.8353777
1.3025000,0.0200350,-0.0530965,-3.2799675,-10.9223981
1.3031250,0.0200108,-0.0530347,-3.3655669,-11.0079975
1.3037500,0.0199865,-0.0529729,-3.4511663,-11.0935969
1.3043750,0.0199622,-0.0529104,-3.5362104,-11.1786410
1.3050000,0.0199379,-0.0528479,-3.6212544,-11.2636850
1.3056250,0.0199136,-0.0527848,-3.7067571,-11.3491877
1.3062500,0.0198892,-0.0527217,-3.7922597,-11.4346903
1.3068750,0.0198649,-0.0526580,-3.8793890,-11.5218196
1.3075000,0.0198406,-0.0525944,-3.9665182,-11.6089488
1.3081250,0.0198163,-0.0525303,-4.0565949,-11.6990255
1.3087500,0.0197920,-0.0524661,-4.1466716,-11.7891022
1.3093750,0.0197678,-0.0524015,-4.2411610,-11.8835916
1.3100000,0.0197435,-0.0523369,-4.3356504,-11.9780810
1.3106250,0.0197193,-0.0522718,-4.4361464,-12.0785770
1.3112500,0.0196950,-0.0522067,-4.5366425,-12.1790731
1.3118750,0.0196708,-0.0521411,-4.6448446,-12.2872752
1.3125000,0.0196466,-0.0520755,-4.7530466,-12.3954772
1.3131250,0.0196224,-0.0520093,-4.8707296,-12.5131602
1.3137500,0.0195983,-0.0519432,-4.9884126,-12.6308432
1.3143750,0.0195742,-0.0518764,-5.1173906,-12.7598212
1.3150000,0.0195500,-0.0518097,-5.2463686,-12.8887992
1.3156250,0.0195258,-0.0517421,-5.3884536,-13.0308842
1.3162500,0.0195016,-0.0516746,-5.5305386,-13.1729692
1.3168750,0.0194774,-0.0516062,-5.6874948,-13.3299254
1.3175000,0.0194531,-0.0515379,-5.8444509,-13.4868815
1.3181250,0.0194287,-0.0514684,-6.0179468,-13.6603774
1.3187500,0.0194043,-0.0513990,-6.1914426,-13.8338732
1.3193750,0.0193797,-0.0513283,-6.3830014,-14.0254320
1.3200000,0.0193551,-0.0512577,-6.5745603,-14.2169909
1.3206250,0.0193303,-0.0511856,-6.7855117,-14.4279423
1.3212500,0.0193055,-0.0511135,-6.9964632,-14.6388938
1.3218750,0.0192804,-0.0510397,-7.2278964,-14.8703270
1.3225000,0.0192553,-0.0509660,-7.4593295,-15.1017601
1.3231250,0.0192298,-0.0508903,-7.7120506,-15.3544812
1.3237500,0.0192043,-0.0508147,-7.9647716,-15.6072022
1.3243750,0.0191785,-0.0507370,-8.2392663,-15.8816969
1.3250000,0.0191526,-0.0506593,-8.5137610,-16.1561916
1.3256250,0.0191263,-0.0505792,-8.8101644,-16.4525950
1.3262500,0.0190999,-0.0504991,-9.1065678,-16.7489984
1.3268750,0.0190731,-0.0504165,-9.4246420,-17.0670726
1.3275000,0.0190462,-0.0503338,-9.7427161,-17.3851467
1.3281250,0.0190188,-0.0502483,-10.0818371,-17.7242677
1.3287500,0.0189914,-0.0501629,-10.4209581,-18.0633887
1.3293750,0.0189634,-0.0500745,-10.7801128,-18.4225434
1.3300000,0.0189354,-0.0499861,-11.1392675,-18.7816981
1.3306250,0.0189069,-0.0498945,-11.5170608,-19.1594914
1.3312500,0.0188783,-0.0498029,-11.8948541,-19.5372847
1.3318750,0.0188492,-0.0497080,-12.2895266,-19.9319572
1.3325000,0.0188200,-0.0496131,-12.6841991,-20.3266297
1.3331250,0.0187903,-0.0495147,-13.0936551,-20.7360857
1.3337500,0.0187605,-0.0494164,-13.5031111,-21.1455417
1.3343750,0.0187302,-0.0493145,-13.9249565,-21.5673871
1.3350000,0.0186998,-0.0492127,-14.3468019,-21.9892325
1.3356250,0.0186690,-0.0491073,-14.7783904,-22.4208210
1.3362500,0.0186381,-0.0490020,-15.2099788,-22.8524094
1.3368750,0.0186068,-0.0488930,-15.6484661,-23.2908967
1.3375000,0.0185755,-0.0487841,-16.0869534,-23.7293840
1.3381250,0.0185438,-0.0486716,-16.5293579,-24.1717885
1.3387500,0.0185120,-0.0485591,-16.9717624,-24.6141930
1.3393750,0.0184799,-0.0484432,-17.4150296,-25.0574602
1.3400000,0.0184478,-0.0483273,-17.8582968,-25.5007274
1.3406250,0.0184155,-0.0482080,-18.2993673,-25.9417979
1.3412500,0.0183832,-0.0480887,-18.7404378,-26.3828684
1.3418750,0.0183507,-0.0479662,-19.1763150,-26.8187456
1.3425000,0.0183182,-0.0478437,-19.6121923,-27.2546229
1.3431250,0.0182856,-0.0477182,-20.0400099,-27.6824405
1.3437500,0.0182530,-0.0475927,-20.4678275,-28.1102581
1.3443750,0.0182204,-0.0474643,-20.8849127,-28.5273433
1.3450000,0.0181879,-0.0473359,-21.3019978,-28.9444284
1.3456250,0.0181555,-0.0472048,-21.7059296,-29.3483602
1.3462500,0.0181231,-0.0470738,-22.1098613,-29.7522919
1.3468750,0.0180909,-0.0469403,-22.4985220,-30.1409526
1.3475000,0.0180587,-0.0468069,-22.8871827,-30.5296133
1.3481250,0.0180269,-0.0466712,-23.2588007,-30.9012313
1.3487500,0.0179950,-0.0465356,-23.6304186,-31.2728492
1.3493750,0.0179636,-0.0463980,-23.9836009,-31.6260315
1.3500000,0.0179321,-0.0462605,-24.3367831,-31.9792137
1.3506250,0.0179012,-0.0461212,-24.6705370,-32.3129676
1.3512500,0.0178702,-0.0459819,-25.0042910,-32.6467216
1.3518750,0.0178399,-0.0458411,-25.3180349,-32.9604655
1.3525000,0.0178095,-0.0457003,-25.6317788,-33.2742094
1.3531250,0.0177798,-0.0455582,-25.9253395,-33.5677701
1.3537500,0.0177500,-0.0454162,-26.2189001,-33.8613307
1.3543750,0.0177209,-0.0452730,-26.4924993,-34.1349299
1.3550000,0.0176919,-0.0451298,-26.7660985,-34.4085291
1.3556250,0.0176636,-0.0449856,-27.0203277,-34.6627583
1.3562500,0.0176353,-0.0448415,-27.2745568,-34.9169874
1.3568750,0.0176078,-0.0446965,-27.5103406,-35.1527712
1.3575000,0.0175803,-0.0445515,-27.7461244,-35.3885550
1.3581250,0.0175536,-0.0444058,-27.9646753,-35.6071059
1.3587500,0.0175269,-0.0442601,-28.1832261,-35.8256567
1.3593750,0.0175011,-0.0441137,-28.3859900,-36.0284206
1.3600000,0.0174752,-0.0439673,-28.5887539,-36.2311845
1.3606250,0.0174502,-0.0438203,-28.7773500,-36.4197806
1.3612500,0.0174252,-0.0436732,-28.9659461,-36.6083767
1.3618750,0.0174011,-0.0435255,-29.1421016,-36.7845322
1.3625000,0.0173770,-0.0433778,-29.3182571,-36.9606877
1.3631250,0.0173537,-0.0432294,-29.4837394,-37.1261700
1.3637500,0.0173304,-0.0430810,-29.6492217,-37.2916523
1.3643750,0.0173080,-0.0429318,-29.8057703,-37.4482009
1.3650000,0.0172856,-0.0427827,-29.9623188,-37.6047494
1.3656250,0.0172641,-0.0426327,-30.1115788,-37.7540094
1.3662500,0.0172425,-0.0424827,-30.2608388,-37.9032694
1.3668750,0.0172219,-0.0423317,-30.4042983,-38.0467289
1.3675000,0.0172012,-0.0421808,-30.5477577,-38.1901883
1.3681250,0.0171814,-0.0420287,-30.6866908,-38.3291214
1.3687500,0.0171616,-0.0418767,-30.8256239,-38.4680545
1.3693750,0.0171427,-0.0417234,-30.9610414,-38.6034721
1.3700000,0.0171237,-0.0415702,-31.0964590,-38.7388896
1.3706250,0.0171057,-0.0414156,-31.2290682,-38.8714988
1.3712500,0.0170876,-0.0412611,-31.3616774,-39.0041080
1.3718750,0.0170704,-0.0411051,-31.4918521,-39.1342827
1.3725000,0.0170532,-0.0409490,-31.6220268,-39.2644574
1.3731250,0.0170370,-0.0407914,-31.7497887,-39.3922193
1.3737500,0.0170207,-0.0406338,-31.8775506,-39.5199812
1.3743750,0.0170054,-0.0404745,-32.0025625,-39.6449931
1.3750000,0.0169900,-0.0403153,-32.1275744,-39.7700050
1.3756250,0.0169756,-0.0401542,-32.2491457,-39.8915763
1.3762500,0.0169612,-0.0399932,-32.3707169,-40.0131475
1.3768750,0.0169478,-0.0398303,-32.4878203,-40.1302509
1.3775000,0.0169344,-0.0396675,-32.6049236,-40.2473542
1.3781250,0.0169220,-0.0395028,-32.7162239,-40.3586545
1.3787500,0.0169096,-0.0393382,-32.8275241,-40.4699547
1.3793750,0.0168983,-0.0391717,-32.9314166,-40.5738472
1.3800000,0.0168869,-0.0390053,-33.0353091,-40.6777397
1.3806250,0.0168767,-0.0388371,-33.1299678,-40.7723984
1.3812500,0.0168664,-0.0386689,-33.2246264,-40.8670570
1.3818750,0.0168573,-0.0384990,-33.3080589,-40.9504895
1.3825000,0.0168482,-0.0383291,-33.3914914,-41.0339220
1.3831250,0.0168403,-0.0381577,-33.4616004,-41.1040310
1.3837500,0.0168323,-0.0379863,-33.5317095,-41.1741401
1.3843750,0.0168256,-0.0378134,-33.5863579,-41.2287885
1.3850000,0.0168189,-0.0376406,-33.6410062,-41.2834368
1.3856250,0.0168134,-0.0374666,-33.6780835,-41.3205140
1.3862500,0.0168079,-0.0372926,-33.7151607,-41.3575913
1.3868750,0.0168037,-0.0371175,-33.7326498,-41.3750803
1.3875000,0.0167995,-0.0369425,-33.7501388,-41.3925694
1.3881250,0.0167966,-0.0367667,-33.7461802,-41.3886108
1.3887500,0.0167937,-0.0365910,-33.7422216,-41.3846522
1.3893750,0.0167922,-0.0364147,-33.7151731,-41.3576037
1.3900000,0.0167906,-0.0362385,-33.6881247,-41.3305553
1.3906250,0.0167904,-0.0360620,-33.6366151,-41.2790457
1.3912500,0.0167901,-0.0358856,-33.5851055,-41.2275361
1.3918750,0.0167912,-0.0357093,-33.5080805,-41.1505110
1.3925000,0.0167923,-0.0355329,-33.4310554,-41.0734860
1.3931250,0.0167948,-0.0353569,-33.3278140,-40.9702446
1.3937500,0.0167972,-0.0351809,-33.2245726,-40.8670032
1.3943750,0.0168010,-0.0350055,-33.0947942,-40.7372248
1.3950000,0.0168047,-0.0348301,-32.9650158,-40.6074464
1.3956250,0.0168097,-0.0346556,-32.8087755,-40.4512061
1.3962500,0.0168147,-0.0344812,-32.6525352,-40.2949658
1.3968750,0.0168210,-0.0343079,-32.4703083,-40.1127389
1.3975000,0.0168273,-0.0341346,-32.2880815,-39.9305121
1.3981250,0.0168348,-0.0339627,-32.0807369,-39.7231675
1.3987500,0.0168423,-0.0337908,-31.8733923,-39.5158229
1.3993750,0.0168510,-0.0336205,-31.6421745,-39.2846051
1.4000000,0.0168597,-0.0334503,-31.4109567,-39.0533873
1.4006250,0.0168696,-0.0332818,-31.1574584,-38.7998890
1.4012500,0.0168794,-0.0331133,-30.9039601,-38.5463907
1.4018750,0.0168903,-0.0329468,-30.6300850,-38.2725156
1.4025000,0.0169012,-0.0327803,-30.3562098,-37.9986404
1.4031250,0.0169132,-0.0326159,-30.0641278,-37.7065584
1.4037500,0.0169251,-0.0324514,-29.7720457,-37.4144763
1.4043750,0.0169381,-0.0322891,-29.4641419,-37.1065725
1.4050000,0.0169510,-0.0321268,-29.1562381,-36.7986687
1.4056250,0.0169649,-0.0319667,-28.8350573,-36.4774879
1.4062500,0.0169788,-0.0318067,-28.5138766,-36.1563072
1.4068750,0.0169936,-0.0316488,-28.1820647,-35.8244953
1.4075000,0.0170084,-0.0314910,-27.8502528,-35.4926834
1.4081250,0.0170240,-0.0313354,-27.5104971,-35.1529277
1.4087500,0.0170396,-0.0311799,-27.1707414,-34.8131720
1.4093750,0.0170561,-0.0310265,-26.8257126,-34.4681432
1.4100000,0.0170725,-0.0308732,-26.4806838,-34.1231144
1.4106250,0.0170897,-0.0307220,-26.1329801,-33.7754107
1.4112500,0.0171069,-0.0305708,-25.7852765,-33.4277071
1.4118750,0.0171249,-0.0304217,-25.4373721,-33.0798027
1.4125000,0.0171428,-0.0302726,-25.0894678,-32.7318984
1.4131250,0.0171615,-0.0301256,-24.7436679,-32.3860985
1.4137500,0.0171802,-0.0299785,-24.3978679,-32.0402985
1.4143750,0.0171996,-0.0298334,-24.0562694,-31.6987000
1.4150000,0.0172189,-0.0296883,-23.7146708,-31.3571014
1.4156250,0.0172389,-0.0295450,-23.3791327,-31.0215633
1.4162500,0.0172589,-0.0294017,-23.0435947,-30.6860253
1.4168750,0.0172796,-0.0292601,-22.7157162,-30.3581468
1.4175000,0.0173002,-0.0291185,-22.3878377,-30.0302683
1.4181250,0.0173215,-0.0289786,-22.0689453,-29.7113759
1.4187500,0.0173428,-0.0288387,-21.7500530,-29.3924836
1.4193750,0.0173648,-0.0287003,-21.4411972,-29.0836278
1.4200000,0.0173867,-0.0285620,-21.1323414,-28.7747720
1.4206250,0.0174092,-0.0284251,-20.8343016,-28.4767322
1.4212500,0.0174317,-0.0282882,-20.5362618,-28.1786924
1.4218750,0.0174548,-0.0281528,-20.2495597,-27.8919903
1.4225000,0.0174779,-0.0280173,-19.9628576,-27.6052882
1.4231250,0.0175016,-0.0278832,-19.6877776,-27.3302082
1.4237500,0.0175253,-0.0277491,-19.4126975,-27.0551281
1.4243750,0.0175496,-0.0276163,-19.1493135,-26.7917441
1.4250000,0.0175738,-0.0274835,-18.8859295,-26.5283601
1.4256250,0.0175986,-0.0273520,-18.6341362,-26.2765668
1.4262500,0.0176234,-0.0272205,-18.3823429,-26.0247735
1.4268750,0.0176488,-0.0270903,-18.1418908,-25.7843214
1.4275000,0.0176741,-0.0269601,-17.9014387,-25.5438693
1.4281250,0.0177000,-0.0268311,-17.6719704,-25.3144010
1.4287500,0.0177258,-0.0267022,-17.4425021,-25.0849327
1.4293750,0.0177521,-0.0265745,-17.2235895,-24.8660201
1.4300000,0.0177784,-0.0264469,-17.0046769,-24.6471075
1.4306250,0.0178052,-0.0263205,-16.7958563,-24.4382869
1.4312500,0.0178320,-0.0261942,-16.5870357,-24.2294663
1.4318750,0.0178593,-0.0260692,-16.3878407,-24.0302713
1.4325000,0.0178865,-0.0259442,-16.1886456,-23.8310762
1.4331250,0.0179142,-0.0258205,-15.9986355,-23.6410661
1.4337500,0.0179418,-0.0256968,-15.8086254,-23.4510560
1.4343750,0.0179698,-0.0255745,-15.6274087,-23.2698393
1.4350000,0.0179978,-0.0254522,-15.4461919,-23.0886225
1.4356250,0.0180262,-0.0253313,-15.2734432,-22.9158738
1.4362500,0.0180546,-0.0252103,-15.1006945,-22.7431251
1.4368750,0.0180834,-0.0250907,-14.9361651,-22.5785957
1.4375000,0.0181121,-0.0249712,-14.7716358,-22.4140664
1.4381250,0.0181412,-0.0248530,-14.6151567,-22.2575873
1.4387500,0.0181703,-0.0247349,-14.4586777,-22.1011083
1.4393750,0.0181997,-0.0246180,-14.3101559,-21.9525865
1.4400000,0.0182291,-0.0245012,-14.1616341,-21.8040647
1.4406250,0.0182588,-0.0243857,-14.0210413,-21.6634719
1.4412500,0.0182884,-0.0242702,-13.8804485,-21.5228791
1.4418750,0.0183184,-0.0241560,-13.7478039,-21.3902345
1.4425000,0.0183484,-0.0240418,-13.6151594,-21.2575900
1.4431250,0.0183787,-0.0239287,-13.4905069,-21.1329375
1.4437500,0.0184089,-0.0238157,-13.3658545,-21.0082851
1.4443750,0.0184395,-0.0237038,-13.2492352,-20.8916658
1.4450000,0.0184701,-0.0235919,-13.1326159,-20.7750465
1.4456250,0.0185010,-0.0234811,-13.0240370,-20.6664676
1.4462500,0.0185318,-0.0233702,-12.9154581,-20.5578887
1.4468750,0.0185630,-0.0232602,-12.8148604,-20.4572910
1.4475000,0.0185942,-0.0231503,-12.7142628,-20.3566934
1.4481250,0.0186258,-0.0230411,-12.6214876,-20.2639182
1.4487500,0.0186573,-0.0229320,-12.5287124,-20.1711430
1.4493750,0.0186893,-0.0228235,-12.4434694,-20.0859000
1.4500000,0.0187212,-0.0227151,-12.3582265,-20.0006571
1.4506250,0.0187536,-0.0226072,-12.2800644,-19.9224950
1.4512500,0.0187859,-0.0224993,-12.2019024,-19.8443330
1.4518750,0.0188187,-0.0223918,-12.1301838,-19.7726144
1.4525000,0.0188514,-0.0222844,-12.0584653,-19.7008959
1.4531250,0.0188846,-0.0221773,-11.9923468,-19.6347774
1.4537500,0.0189178,-0.0220702,-11.9262283,-19.5686589
1.4543750,0.0189515,-0.0219633,-11.8646472,-19.5070778
1.4550000,0.0189852,-0.0218564,-11.8030660,-19.4454966
1.4556250,0.0190195,-0.0217497,-11.7447348,-19.3871654
1.4562500,0.0190537,-0.0216429,-11.6864035,-19.3288341
1.4568750,0.0190884,-0.0215363,-11.6298121,-19.2722427
1.4575000,0.0191232,-0.0214297,-11.5732206,-19.2156512
1.4581250,0.0191586,-0.0213231,-11.5166475,-19.1590781
1.4587500,0.0191939,-0.0212165,-11.4600745,-19.1025051
1.4593750,0.0192298,-0.0211099,-11.4016066,-19.0440372
1.4600000,0.0192656,-0.0210034,-11.3431388,-18.9855694
1.4606250,0.0193021,-0.0208969,-11.2806992,-18.9231298
1.4612500,0.0193385,-0.0207905,-11.2182596,-18.8606902
1.4618750,0.0193755,-0.0206841,-11.1496432,-18.7920738
1.4625000,0.0194124,-0.0205778,-11.0810269,-18.7234575
1.4631250,0.0194499,-0.0204717,-11.0039437,-18.6463743
1.4637500,0.0194873,-0.0203656,-10.9268605,-18.5692911
1.4643750,0.0195252,-0.0202598,-10.8389836,-18.4814142
1.4650000,0.0195631,-0.0201540,-10.7511067,-18.3935373
1.4656250,0.0196014,-0.0200488,-10.6501257,-18.2925563
1.4662500,0.0196397,-0.0199435,-10.5491446,-18.1915752
1.4668750,0.0196783,-0.0198390,-10.4328213,-18.0752519
1.4675000,0.0197169,-0.0197344,-10.3164980,-17.9589286
1.4681250,0.0197557,-0.0196308,-10.1827238,-17.8251544
1.4687500,0.0197945,-0.0195272,-10.0489496,-17.6913802
1.4693750,0.0198334,-0.0194248,-9.8958019,-17.5382325
1.4700000,0.0198723,-0.0193224,-9.7426542,-17.3850848
1.4706250,0.0199112,-0.0192215,-9.5684505,-17.2108811
1.4712500,0.0199501,-0.0191206,-9.3942468,-17.0366774
1.4718750,0.0199889,-0.0190214,-9.1975950,-16.8400256
1.4725000,0.0200276,-0.0189222,-9.0009433,-16.6433739
1.4731250,0.0200661,-0.0188251,-8.7807858,-16.4232164
1.4737500,0.0201045,-0.0187281,-8.5606284,-16.2030590
1.4743750,0.0201425,-0.0186334,-8.3162792,-15.9587098
1.4750000,0.0201804,-0.0185387,-8.0719300,-15.7143606
1.4756250,0.0202178,-0.0184468,-7.8031027,-15.4455333
1.4762500,0.0202551,-0.0183548,-7.5342754,-15.1767060
1.4768750,0.0202917,-0.0182659,-7.2411023,-14.8835329
1.4775000,0.0203282,-0.0181769,-6.9479291,-14.5903597
1.4781250,0.0203638,-0.0180913,-6.6309690,-14.2733996
1.4787500,0.0203993,-0.0180057,-6.3140090,-13.9564396
1.4793750,0.0204338,-0.0179237,-5.9742451,-13.6166757
1.4800000,0.0204682,-0.0178418,-5.6344812,-13.2769118
1.4806250,0.0205014,-0.0177637,-5.2733070,-12.9157376
1.4812500,0.0205345,-0.0176856,-4.9121328,-12.5545634
1.4818750,0.0205662,-0.0176116,-4.5313281,-12.1737587
1.4825000,0.0205979,-0.0175377,-4.1505234,-11.7929540
1.4831250,0.0206281,-0.0174681,-3.7522198,-11.3946504
1.4837500,0.0206582,-0.0173985,-3.3539162,-10.9963468
1.4843750,0.0206866,-0.0173335,-2.9405533,-10.5829839
1.4850000,0.0207150,-0.0172684,-2.5271905,-10.1696211
1.4856250,0.0207416,-0.0172080,-2.1014644,-9.7438950
1.4862500,0.0207681,-0.0171476,-1.6757383,-9.3181689
1.4868750,0.0207928,-0.0170920,-1.2405431,-8.8829737
1.4875000,0.0208175,-0.0170363,-0.8053479,-8.4477785
1.4881250,0.0208402,-0.0169855,-0.3637124,-8.0061430
1.4887500,0.0208628,-0.0169347,0.0779232,-7.5645074
1.4893750,0.0208834,-0.0168888,0.5229019,-7.1195287
1.4900000,0.0209040,-0.0168429,0.9678805,-6.6745501
1.4906250,0.0209226,-0.0168018,1.4131041,-6.2293265
1.4912500,0.0209411,-0.0167608,1.8583277,-5.7841029
1.4918750,0.0209575,-0.0167246,2.3007642,-5.3416664
1.4925000,0.0209739,-0.0166884,2.7432006,-4.8992300
1.4931250,0.0209883,-0.0166570,3.1799479,-4.4624827
1.4937500,0.0210026,-0.0166255,3.6166952,-4.0257354
1.4943750,0.0210148,-0.0165988,4.0450409,-3.5973897
1.4950000,0.0210270,-0.0165720,4.4733866,-3.1690440
1.4956250,0.0210372,-0.0165498,4.8908614,-2.7515692
1.4962500,0.0210474,-0.0165275,5.3083363,-2.3340943
1.4968750,0.0210556,-0.0165097,5.7127596,-1.9296710
1.4975000,0.0210638,-0.0164919,6.1171829,-1.5252477
1.4981250,0.0210701,-0.0164783,6.5066996,-1.1357310
1.4987500,0.0210763,-0.0164647,6.8962163,-0.7462143
1.4993750,0.0210807,-0.0164552,7.2693235,-0.3731071
1.5000000,0.0210851,-0.0164457,7.6424306,0.0000000
1.5006250,0.0210877,-0.0164401,7.9979940,0.3555634
1.5012500,0.0210903,-0.0164345,8.3535574,0.7111268
1.5018750,0.0210912,-0.0164327,8.6908171,1.0483865
1.5025000,0.0210920,-0.0164308,9.0280767,1.3856461
1.5031250,0.0210913,-0.0164325,9.3466415,1.7042109
1.5037500,0.0210905,-0.0164341,9.6652062,2.0227756
1.5043750,0.0210882,-0.0164391,9.9650385,2.3226079
1.5050000,0.0210858,-0.0164441,10.2648707,2.6224401
1.5056250,0.0210820,-0.0164523,10.5462610,2.9038304
1.5062500,0.0210782,-0.0164606,10.8276514,3.1852208
1.5068750,0.0210731,-0.0164718,11.0911852,3.4487546
1.5075000,0.0210679,-0.0164831,11.3547190,3.7122884
1.5081250,0.0210614,-0.0164972,11.6012350,3.9588044
1.5087500,0.0210548,-0.0165114,11.8477511,4.2053205
1.5093750,0.0210471,-0.0165283,12.0782953,4.4358647
1.5100000,0.0210393,-0.0165452,12.3088394,4.6664088
1.5106250,0.0210304,-0.0165648,12.5246136,4.8821830
1.5112500,0.0210214,-0.0165843,12.7403877,5.0979571
1.5118750,0.0210113,-0.0166064,12.9426969,5.3002663
1.5125000,0.0210012,-0.0166285,13.1450061,5.5025755
1.5131250,0.0209900,-0.0166531,13.3352050,5.6927744
1.5137500,0.0209788,-0.0166776,13.5254038,5.8829732
1.5143750,0.0209666,-0.0167046,13.7048448,6.0624142
1.5150000,0.0209544,-0.0167315,13.8842857,6.2418551
1.5156250,0.0209412,-0.0167607,14.0542700,6.4118394
1.5162500,0.0209279,-0.0167899,14.2242542,6.5818236
1.5168750,0.0209137,-0.0168214,14.3859878,6.7435572
1.5175000,0.0208995,-0.0168529,14.5477215,6.9052909
1.5181250,0.0208844,-0.0168865,14.7022780,7.0598474
1.5187500,0.0208693,-0.0169202,14.8568345,7.2144039
1.5193750,0.0208533,-0.0169560,15.0051243,7.3626937
1.5200000,0.0208373,-0.0169918,15.1534141,7.5109835
1.5206250,0.0208204,-0.0170297,15.2961632,7.6537326
1.5212500,0.0208035,-0.0170676,15.4389122,7.7964816
1.5218750,0.0207859,-0.0171076,15.5766491,7.9342185
1.5225000,0.0207682,-0.0171475,15.7143859,8.0719553
1.5231250,0.0207497,-0.0171895,15.8474388,8.2050082
1.5237500,0.0207312,-0.0172314,15.9804916,8.3380610
1.5243750,0.0207120,-0.0172753,16.1089943,8.4665637
1.5250000,0.0206928,-0.0173191,16.2374969,8.5950663
1.5256250,0.0206729,-0.0173648,16.3614039,8.7189733
1.5262500,0.0206530,-0.0174105,16.4853110,8.8428804
1.5268750,0.0206325,-0.0174579,16.6044212,8.9619906
1.5275000,0.0206119,-0.0175054,16.7235315,9.0811009
1.5281250,0.0205907,-0.0175546,16.8375190,9.1950884
1.5287500,0.0205695,-0.0176038,16.9515065,9.3090759
1.5293750,0.0205478,-0.0176545,17.0599575,9.4175269
1.5300000,0.0205261,-0.0177053,17.1684085,9.5259779
