2449
(
(0.000000 ((0.000000 0 0.000000) (0 0.00000 0)))
(0.000625 ((-0.000000 0 -0.000000) (0 0.00000 0)))
(0.001250 ((-0.000000 0 -0.000000) (0 0.00001 0)))
(0.001875 ((-0.000000 0 -0.000000) (0 0.00004 0)))
(0.002500 ((-0.000000 0 -0.000000) (0 0.00009 0)))
(0.003125 ((-0.000000 0 -0.000000) (0 0.00018 0)))
(0.003750 ((-0.000000 0 -0.000000) (0 0.00030 0)))
(0.004375 ((-0.000000 0 -0.000000) (0 0.00047 0)))
(0.005000 ((-0.000000 0 -0.000000) (0 0.00069 0)))
(0.005625 ((-0.000000 0 -0.000000) (0 0.00096 0)))
(0.006250 ((-0.000000 0 -0.000000) (0 0.00129 0)))
(0.006875 ((-0.000000 0 -0.000001) (0 0.00168 0)))
(0.007500 ((-0.000000 0 -0.000001) (0 0.00213 0)))
(0.008125 ((-0.000001 0 -0.000001) (0 0.00265 0)))
(0.008750 ((-0.000001 0 -0.000002) (0 0.00323 0)))
(0.009375 ((-0.000001 0 -0.000002) (0 0.00387 0)))
(0.010000 ((-0.000001 0 -0.000003) (0 0.00458 0)))
(0.010625 ((-0.000001 0 -0.000003) (0 0.00534 0)))
(0.011250 ((-0.000002 0 -0.000004) (0 0.00617 0)))
(0.011875 ((-0.000002 0 -0.000005) (0 0.00703 0)))
(0.012500 ((-0.000003 0 -0.000006) (0 0.00796 0)))
(0.013125 ((-0.000003 0 -0.000007) (0 0.00890 0)))
(0.013750 ((-0.000004 0 -0.000009) (0 0.00991 0)))
(0.014375 ((-0.000004 0 -0.000010) (0 0.01091 0)))
(0.015000 ((-0.000005 0 -0.000012) (0 0.01197 0)))
(0.015625 ((-0.000006 0 -0.000014) (0 0.01299 0)))
(0.016250 ((-0.000007 0 -0.000016) (0 0.01406 0)))
(0.016875 ((-0.000008 0 -0.000019) (0 0.01507 0)))
(0.017500 ((-0.000009 0 -0.000021) (0 0.01611 0)))
(0.018125 ((-0.000010 0 -0.000024) (0 0.01706 0)))
(0.018750 ((-0.000011 0 -0.000027) (0 0.01802 0)))
(0.019375 ((-0.000013 0 -0.000030) (0 0.01887 0)))
(0.020000 ((-0.000014 0 -0.000034) (0 0.01971 0)))
(0.020625 ((-0.000016 0 -0.000038) (0 0.02041 0)))
(0.021250 ((-0.000018 0 -0.000042) (0 0.02108 0)))
(0.021875 ((-0.000019 0 -0.000046) (0 0.02157 0)))
(0.022500 ((-0.000021 0 -0.000051) (0 0.02202 0)))
(0.023125 ((-0.000023 0 -0.000056) (0 0.02226 0)))
(0.023750 ((-0.000025 0 -0.000061) (0 0.02243 0)))
(0.024375 ((-0.000027 0 -0.000066) (0 0.02237 0)))
(0.025000 ((-0.000030 0 -0.000072) (0 0.02221 0)))
(0.025625 ((-0.000032 0 -0.000078) (0 0.02181 0)))
(0.026250 ((-0.000035 0 -0.000084) (0 0.02129 0)))
(0.026875 ((-0.000037 0 -0.000091) (0 0.02050 0)))
(0.027500 ((-0.000040 0 -0.000098) (0 0.01957 0)))
(0.028125 ((-0.000043 0 -0.000105) (0 0.01836 0)))
(0.028750 ((-0.000046 0 -0.000112) (0 0.01698 0)))
(0.029375 ((-0.000049 0 -0.000120) (0 0.01533 0)))
(0.030000 ((-0.000052 0 -0.000128) (0 0.01349 0)))
(0.030625 ((-0.000055 0 -0.000137) (0 0.01137 0)))
(0.031250 ((-0.000058 0 -0.000145) (0 0.00904 0)))
(0.031875 ((-0.000062 0 -0.000154) (0 0.00645 0)))
(0.032500 ((-0.000065 0 -0.000164) (0 0.00364 0)))
(0.033125 ((-0.000069 0 -0.000173) (0 0.00058 0)))
(0.033750 ((-0.000073 0 -0.000183) (0 -0.00271 0)))
(0.034375 ((-0.000077 0 -0.000193) (0 -0.00622 0)))
(0.035000 ((-0.000081 0 -0.000204) (0 -0.00996 0)))
(0.035625 ((-0.000085 0 -0.000215) (0 -0.01388 0)))
(0.036250 ((-0.000089 0 -0.000226) (0 -0.01805 0)))
(0.036875 ((-0.000093 0 -0.000238) (0 -0.02234 0)))
(0.037500 ((-0.000098 0 -0.000250) (0 -0.02687 0)))
(0.038125 ((-0.000103 0 -0.000262) (0 -0.03146 0)))
(0.038750 ((-0.000107 0 -0.000275) (0 -0.03629 0)))
(0.039375 ((-0.000112 0 -0.000288) (0 -0.04110 0)))
(0.040000 ((-0.000117 0 -0.000301) (0 -0.04614 0)))
(0.040625 ((-0.000122 0 -0.000315) (0 -0.05107 0)))
(0.041250 ((-0.000127 0 -0.000330) (0 -0.05622 0)))
(0.041875 ((-0.000133 0 -0.000344) (0 -0.06114 0)))
(0.042500 ((-0.000138 0 -0.000360) (0 -0.06627 0)))
(0.043125 ((-0.000144 0 -0.000375) (0 -0.07106 0)))
(0.043750 ((-0.000150 0 -0.000391) (0 -0.07604 0)))
(0.044375 ((-0.000156 0 -0.000408) (0 -0.08054 0)))
(0.045000 ((-0.000162 0 -0.000425) (0 -0.08519 0)))
(0.045625 ((-0.000168 0 -0.000442) (0 -0.08923 0)))
(0.046250 ((-0.000174 0 -0.000460) (0 -0.09339 0)))
(0.046875 ((-0.000181 0 -0.000478) (0 -0.09678 0)))
(0.047500 ((-0.000188 0 -0.000497) (0 -0.10024 0)))
(0.048125 ((-0.000194 0 -0.000517) (0 -0.10278 0)))
(0.048750 ((-0.000201 0 -0.000536) (0 -0.10534 0)))
(0.049375 ((-0.000209 0 -0.000557) (0 -0.10680 0)))
(0.050000 ((-0.000216 0 -0.000578) (0 -0.10824 0)))
(0.050625 ((-0.000223 0 -0.000599) (0 -0.10840 0)))
(0.051250 ((-0.000231 0 -0.000621) (0 -0.10847 0)))
(0.051875 ((-0.000239 0 -0.000644) (0 -0.10707 0)))
(0.052500 ((-0.000246 0 -0.000667) (0 -0.10553 0)))
(0.053125 ((-0.000254 0 -0.000690) (0 -0.10232 0)))
(0.053750 ((-0.000263 0 -0.000714) (0 -0.09890 0)))
(0.054375 ((-0.000271 0 -0.000739) (0 -0.09362 0)))
(0.055000 ((-0.000279 0 -0.000764) (0 -0.08806 0)))
(0.055625 ((-0.000288 0 -0.000789) (0 -0.08044 0)))
(0.056250 ((-0.000297 0 -0.000816) (0 -0.07245 0)))
(0.056875 ((-0.000306 0 -0.000842) (0 -0.06222 0)))
(0.057500 ((-0.000315 0 -0.000869) (0 -0.05153 0)))
(0.058125 ((-0.000324 0 -0.000897) (0 -0.03842 0)))
(0.058750 ((-0.000333 0 -0.000925) (0 -0.02475 0)))
(0.059375 ((-0.000343 0 -0.000954) (0 -0.00847 0)))
(0.060000 ((-0.000352 0 -0.000983) (0 0.00844 0)))
(0.060625 ((-0.000362 0 -0.001013) (0 0.02816 0)))
(0.061250 ((-0.000372 0 -0.001043) (0 0.04860 0)))
(0.061875 ((-0.000382 0 -0.001074) (0 0.07200 0)))
(0.062500 ((-0.000392 0 -0.001106) (0 0.09623 0)))
(0.063125 ((-0.000402 0 -0.001137) (0 0.12358 0)))
(0.063750 ((-0.000412 0 -0.001170) (0 0.15186 0)))
(0.064375 ((-0.000423 0 -0.001203) (0 0.18339 0)))
(0.065000 ((-0.000433 0 -0.001236) (0 0.21595 0)))
(0.065625 ((-0.000444 0 -0.001270) (0 0.25189 0)))
(0.066250 ((-0.000455 0 -0.001304) (0 0.28896 0)))
(0.066875 ((-0.000466 0 -0.001339) (0 0.32951 0)))
(0.067500 ((-0.000477 0 -0.001375) (0 0.37129 0)))
(0.068125 ((-0.000488 0 -0.001411) (0 0.41664 0)))
(0.068750 ((-0.000500 0 -0.001448) (0 0.46331 0)))
(0.069375 ((-0.000511 0 -0.001485) (0 0.51362 0)))
(0.070000 ((-0.000523 0 -0.001523) (0 0.56535 0)))
(0.070625 ((-0.000535 0 -0.001562) (0 0.62075 0)))
(0.071250 ((-0.000547 0 -0.001601) (0 0.67765 0)))
(0.071875 ((-0.000559 0 -0.001642) (0 0.73825 0)))
(0.072500 ((-0.000571 0 -0.001682) (0 0.80044 0)))
(0.073125 ((-0.000584 0 -0.001724) (0 0.86631 0)))
(0.073750 ((-0.000597 0 -0.001767) (0 0.93385 0)))
(0.074375 ((-0.000610 0 -0.001810) (0 1.00502 0)))
(0.075000 ((-0.000623 0 -0.001854) (0 1.07796 0)))
(0.075625 ((-0.000636 0 -0.001899) (0 1.15445 0)))
(0.076250 ((-0.000649 0 -0.001945) (0 1.23277 0)))
(0.076875 ((-0.000663 0 -0.001993) (0 1.31454 0)))
(0.077500 ((-0.000677 0 -0.002041) (0 1.39821 0)))
(0.078125 ((-0.000691 0 -0.002090) (0 1.48520 0)))
(0.078750 ((-0.000705 0 -0.002140) (0 1.57414 0)))
(0.079375 ((-0.000720 0 -0.002192) (0 1.66624 0)))
(0.080000 ((-0.000735 0 -0.002245) (0 1.76035 0)))
(0.080625 ((-0.000750 0 -0.002299) (0 1.85740 0)))
(0.081250 ((-0.000765 0 -0.002355) (0 1.95652 0)))
(0.081875 ((-0.000780 0 -0.002412) (0 2.05835 0)))
(0.082500 ((-0.000796 0 -0.002470) (0 2.16227 0)))
(0.083125 ((-0.000812 0 -0.002530) (0 2.26865 0)))
(0.083750 ((-0.000828 0 -0.002591) (0 2.37716 0)))
(0.084375 ((-0.000845 0 -0.002654) (0 2.48782 0)))
(0.085000 ((-0.000862 0 -0.002718) (0 2.60063 0)))
(0.085625 ((-0.000879 0 -0.002784) (0 2.71527 0)))
(0.086250 ((-0.000896 0 -0.002852) (0 2.83207 0)))
(0.086875 ((-0.000913 0 -0.002922) (0 2.95035 0)))
(0.087500 ((-0.000931 0 -0.002992) (0 3.07078 0)))
(0.088125 ((-0.000949 0 -0.003066) (0 3.19233 0)))
(0.088750 ((-0.000967 0 -0.003140) (0 3.31602 0)))
(0.089375 ((-0.000986 0 -0.003217) (0 3.44041 0)))
(0.090000 ((-0.001004 0 -0.003295) (0 3.56693 0)))
(0.090625 ((-0.001023 0 -0.003375) (0 3.69373 0)))
(0.091250 ((-0.001042 0 -0.003457) (0 3.82263 0)))
(0.091875 ((-0.001062 0 -0.003541) (0 3.95135 0)))
(0.092500 ((-0.001081 0 -0.003626) (0 4.08214 0)))
(0.093125 ((-0.001101 0 -0.003714) (0 4.21230 0)))
(0.093750 ((-0.001120 0 -0.003803) (0 4.34447 0)))
(0.094375 ((-0.001140 0 -0.003894) (0 4.47552 0)))
(0.095000 ((-0.001160 0 -0.003987) (0 4.60853 0)))
(0.095625 ((-0.001180 0 -0.004082) (0 4.73994 0)))
(0.096250 ((-0.001200 0 -0.004178) (0 4.87323 0)))
(0.096875 ((-0.001221 0 -0.004277) (0 5.00442 0)))
(0.097500 ((-0.001241 0 -0.004377) (0 5.13742 0)))
(0.098125 ((-0.001261 0 -0.004478) (0 5.26780 0)))
(0.098750 ((-0.001282 0 -0.004581) (0 5.39991 0)))
(0.099375 ((-0.001302 0 -0.004687) (0 5.52891 0)))
(0.100000 ((-0.001322 0 -0.004793) (0 5.65952 0)))
(0.100625 ((-0.001343 0 -0.004901) (0 5.78651 0)))
(0.101250 ((-0.001363 0 -0.005010) (0 5.91503 0)))
(0.101875 ((-0.001383 0 -0.005121) (0 6.03941 0)))
(0.102500 ((-0.001404 0 -0.005234) (0 6.16521 0)))
(0.103125 ((-0.001424 0 -0.005347) (0 6.28638 0)))
(0.103750 ((-0.001444 0 -0.005462) (0 6.40884 0)))
(0.104375 ((-0.001464 0 -0.005579) (0 6.52619 0)))
(0.105000 ((-0.001484 0 -0.005696) (0 6.64471 0)))
(0.105625 ((-0.001504 0 -0.005815) (0 6.75764 0)))
(0.106250 ((-0.001523 0 -0.005935) (0 6.87162 0)))
(0.106875 ((-0.001543 0 -0.006055) (0 6.97955 0)))
(0.107500 ((-0.001562 0 -0.006177) (0 7.08838 0)))
(0.108125 ((-0.001581 0 -0.006300) (0 7.19074 0)))
(0.108750 ((-0.001601 0 -0.006424) (0 7.29387 0)))
(0.109375 ((-0.001620 0 -0.006548) (0 7.39010 0)))
(0.110000 ((-0.001638 0 -0.006674) (0 7.48696 0)))
(0.110625 ((-0.001657 0 -0.006800) (0 7.57654 0)))
(0.111250 ((-0.001676 0 -0.006927) (0 7.66659 0)))
(0.111875 ((-0.001694 0 -0.007055) (0 7.74902 0)))
(0.112500 ((-0.001712 0 -0.007184) (0 7.83177 0)))
(0.113125 ((-0.001730 0 -0.007313) (0 7.90656 0)))
(0.113750 ((-0.001748 0 -0.007443) (0 7.98152 0)))
(0.114375 ((-0.001765 0 -0.007574) (0 8.04824 0)))
(0.115000 ((-0.001783 0 -0.007705) (0 8.11498 0)))
(0.115625 ((-0.001800 0 -0.007837) (0 8.17320 0)))
(0.116250 ((-0.001817 0 -0.007971) (0 8.23130 0)))
(0.116875 ((-0.001834 0 -0.008104) (0 8.28067 0)))
(0.117500 ((-0.001851 0 -0.008238) (0 8.32977 0)))
(0.118125 ((-0.001867 0 -0.008373) (0 8.36994 0)))
(0.118750 ((-0.001884 0 -0.008509) (0 8.40970 0)))
(0.119375 ((-0.001900 0 -0.008646) (0 8.44039 0)))
(0.120000 ((-0.001916 0 -0.008783) (0 8.47051 0)))
(0.120625 ((-0.001931 0 -0.008921) (0 8.49147 0)))
(0.121250 ((-0.001947 0 -0.009060) (0 8.51172 0)))
(0.121875 ((-0.001962 0 -0.009200) (0 8.52274 0)))
(0.122500 ((-0.001977 0 -0.009341) (0 8.53290 0)))
(0.123125 ((-0.001992 0 -0.009483) (0 8.53381 0)))
(0.123750 ((-0.002007 0 -0.009626) (0 8.53374 0)))
(0.124375 ((-0.002021 0 -0.009769) (0 8.52443 0)))
(0.125000 ((-0.002035 0 -0.009914) (0 8.51401 0)))
(0.125625 ((-0.002049 0 -0.010060) (0 8.49441 0)))
(0.126250 ((-0.002063 0 -0.010207) (0 8.47356 0)))
(0.126875 ((-0.002077 0 -0.010355) (0 8.44365 0)))
(0.127500 ((-0.002090 0 -0.010505) (0 8.41236 0)))
(0.128125 ((-0.002103 0 -0.010655) (0 8.37214 0)))
(0.128750 ((-0.002116 0 -0.010807) (0 8.33044 0)))
(0.129375 ((-0.002128 0 -0.010961) (0 8.27998 0)))
(0.130000 ((-0.002140 0 -0.011115) (0 8.22793 0)))
(0.130625 ((-0.002152 0 -0.011271) (0 8.16733 0)))
(0.131250 ((-0.002164 0 -0.011429) (0 8.10505 0)))
(0.131875 ((-0.002175 0 -0.011588) (0 8.03446 0)))
(0.132500 ((-0.002186 0 -0.011748) (0 7.96209 0)))
(0.133125 ((-0.002196 0 -0.011910) (0 7.88169 0)))
(0.133750 ((-0.002206 0 -0.012073) (0 7.79943 0)))
(0.134375 ((-0.002216 0 -0.012238) (0 7.70945 0)))
(0.135000 ((-0.002226 0 -0.012405) (0 7.61752 0)))
(0.135625 ((-0.002234 0 -0.012573) (0 7.51822 0)))
(0.136250 ((-0.002243 0 -0.012742) (0 7.41690 0)))
(0.136875 ((-0.002251 0 -0.012913) (0 7.30857 0)))
(0.137500 ((-0.002259 0 -0.013085) (0 7.19815 0)))
(0.138125 ((-0.002266 0 -0.013259) (0 7.08110 0)))
(0.138750 ((-0.002273 0 -0.013435) (0 6.96192 0)))
(0.139375 ((-0.002280 0 -0.013612) (0 6.83652 0)))
(0.140000 ((-0.002286 0 -0.013790) (0 6.70892 0)))
(0.140625 ((-0.002291 0 -0.013969) (0 6.57554 0)))
(0.141250 ((-0.002296 0 -0.014150) (0 6.43992 0)))
(0.141875 ((-0.002301 0 -0.014332) (0 6.29895 0)))
(0.142500 ((-0.002305 0 -0.014516) (0 6.15572 0)))
(0.143125 ((-0.002308 0 -0.014700) (0 6.00758 0)))
(0.143750 ((-0.002312 0 -0.014886) (0 5.85715 0)))
(0.144375 ((-0.002314 0 -0.015073) (0 5.70229 0)))
(0.145000 ((-0.002316 0 -0.015260) (0 5.54511 0)))
(0.145625 ((-0.002318 0 -0.015449) (0 5.38396 0)))
(0.146250 ((-0.002319 0 -0.015638) (0 5.22048 0)))
(0.146875 ((-0.002320 0 -0.015828) (0 5.05351 0)))
(0.147500 ((-0.002320 0 -0.016019) (0 4.88420 0)))
(0.148125 ((-0.002320 0 -0.016210) (0 4.71186 0)))
(0.148750 ((-0.002319 0 -0.016403) (0 4.53720 0)))
(0.149375 ((-0.002318 0 -0.016595) (0 4.35997 0)))
(0.150000 ((-0.002316 0 -0.016788) (0 4.18042 0)))
(0.150625 ((-0.002314 0 -0.016980) (0 3.99877 0)))
(0.151250 ((-0.002311 0 -0.017174) (0 3.81481 0)))
(0.151875 ((-0.002308 0 -0.017367) (0 3.62921 0)))
(0.152500 ((-0.002305 0 -0.017560) (0 3.44133 0)))
(0.153125 ((-0.002301 0 -0.017753) (0 3.25225 0)))
(0.153750 ((-0.002298 0 -0.017946) (0 3.06091 0)))
(0.154375 ((-0.002293 0 -0.018138) (0 2.86880 0)))
(0.155000 ((-0.002288 0 -0.018331) (0 2.67447 0)))
(0.155625 ((-0.002283 0 -0.018523) (0 2.47979 0)))
(0.156250 ((-0.002278 0 -0.018715) (0 2.28293 0)))
(0.156875 ((-0.002273 0 -0.018905) (0 2.08613 0)))
(0.157500 ((-0.002267 0 -0.019096) (0 1.88717 0)))
(0.158125 ((-0.002261 0 -0.019285) (0 1.68867 0)))
(0.158750 ((-0.002254 0 -0.019474) (0 1.48806 0)))
(0.159375 ((-0.002248 0 -0.019661) (0 1.28829 0)))
(0.160000 ((-0.002241 0 -0.019849) (0 1.08645 0)))
(0.160625 ((-0.002234 0 -0.020034) (0 0.88579 0)))
(0.161250 ((-0.002227 0 -0.020220) (0 0.68312 0)))
(0.161875 ((-0.002220 0 -0.020403) (0 0.48197 0)))
(0.162500 ((-0.002213 0 -0.020587) (0 0.27886 0)))
(0.163125 ((-0.002206 0 -0.020768) (0 0.07760 0)))
(0.163750 ((-0.002199 0 -0.020949) (0 -0.12558 0)))
(0.164375 ((-0.002191 0 -0.021128) (0 -0.32663 0)))
(0.165000 ((-0.002184 0 -0.021307) (0 -0.52952 0)))
(0.165625 ((-0.002176 0 -0.021483) (0 -0.73000 0)))
(0.166250 ((-0.002169 0 -0.021659) (0 -0.93228 0)))
(0.166875 ((-0.002161 0 -0.021833) (0 -1.13188 0)))
(0.167500 ((-0.002154 0 -0.022007) (0 -1.33323 0)))
(0.168125 ((-0.002146 0 -0.022178) (0 -1.53166 0)))
(0.168750 ((-0.002139 0 -0.022349) (0 -1.73177 0)))
(0.169375 ((-0.002131 0 -0.022517) (0 -1.92876 0)))
(0.170000 ((-0.002124 0 -0.022686) (0 -2.12736 0)))
(0.170625 ((-0.002116 0 -0.022852) (0 -2.32264 0)))
(0.171250 ((-0.002109 0 -0.023018) (0 -2.51947 0)))
(0.171875 ((-0.002101 0 -0.023182) (0 -2.71281 0)))
(0.172500 ((-0.002094 0 -0.023345) (0 -2.90762 0)))
(0.173125 ((-0.002086 0 -0.023506) (0 -3.09878 0)))
(0.173750 ((-0.002079 0 -0.023667) (0 -3.29136 0)))
(0.174375 ((-0.002072 0 -0.023826) (0 -3.48014 0)))
(0.175000 ((-0.002064 0 -0.023985) (0 -3.67027 0)))
(0.175625 ((-0.002057 0 -0.024142) (0 -3.85647 0)))
(0.176250 ((-0.002049 0 -0.024299) (0 -4.04397 0)))
(0.176875 ((-0.002042 0 -0.024454) (0 -4.22741 0)))
(0.177500 ((-0.002035 0 -0.024608) (0 -4.41208 0)))
(0.178125 ((-0.002027 0 -0.024761) (0 -4.59261 0)))
(0.178750 ((-0.002020 0 -0.024914) (0 -4.77429 0)))
(0.179375 ((-0.002012 0 -0.025066) (0 -4.95174 0)))
(0.180000 ((-0.002005 0 -0.025217) (0 -5.13029 0)))
(0.180625 ((-0.001997 0 -0.025367) (0 -5.30451 0)))
(0.181250 ((-0.001989 0 -0.025517) (0 -5.47977 0)))
(0.181875 ((-0.001982 0 -0.025665) (0 -5.65064 0)))
(0.182500 ((-0.001974 0 -0.025814) (0 -5.82248 0)))
(0.183125 ((-0.001966 0 -0.025961) (0 -5.98987 0)))
(0.183750 ((-0.001957 0 -0.026108) (0 -6.15817 0)))
(0.184375 ((-0.001949 0 -0.026255) (0 -6.32195 0)))
(0.185000 ((-0.001940 0 -0.026401) (0 -6.48659 0)))
(0.185625 ((-0.001932 0 -0.026547) (0 -6.64666 0)))
(0.186250 ((-0.001923 0 -0.026692) (0 -6.80753 0)))
(0.186875 ((-0.001914 0 -0.026837) (0 -6.96377 0)))
(0.187500 ((-0.001905 0 -0.026982) (0 -7.12076 0)))
(0.188125 ((-0.001895 0 -0.027126) (0 -7.27307 0)))
(0.188750 ((-0.001886 0 -0.027270) (0 -7.42607 0)))
(0.189375 ((-0.001876 0 -0.027414) (0 -7.57436 0)))
(0.190000 ((-0.001865 0 -0.027558) (0 -7.72328 0)))
(0.190625 ((-0.001855 0 -0.027701) (0 -7.86744 0)))
(0.191250 ((-0.001844 0 -0.027844) (0 -8.01217 0)))
(0.191875 ((-0.001833 0 -0.027987) (0 -8.15211 0)))
(0.192500 ((-0.001822 0 -0.028130) (0 -8.29256 0)))
(0.193125 ((-0.001811 0 -0.028273) (0 -8.42818 0)))
(0.193750 ((-0.001799 0 -0.028415) (0 -8.56426 0)))
(0.194375 ((-0.001787 0 -0.028558) (0 -8.69546 0)))
(0.195000 ((-0.001774 0 -0.028700) (0 -8.82708 0)))
(0.195625 ((-0.001762 0 -0.028842) (0 -8.95377 0)))
(0.196250 ((-0.001749 0 -0.028984) (0 -9.08083 0)))
(0.196875 ((-0.001735 0 -0.029126) (0 -9.20291 0)))
(0.197500 ((-0.001722 0 -0.029267) (0 -9.32531 0)))
(0.198125 ((-0.001708 0 -0.029409) (0 -9.44270 0)))
(0.198750 ((-0.001694 0 -0.029550) (0 -9.56036 0)))
(0.199375 ((-0.001679 0 -0.029691) (0 -9.67295 0)))
(0.200000 ((-0.001664 0 -0.029832) (0 -9.78577 0)))
(0.200625 ((-0.001649 0 -0.029972) (0 -9.89348 0)))
(0.201250 ((-0.001634 0 -0.030113) (0 -10.00137 0)))
(0.201875 ((-0.001618 0 -0.030252) (0 -10.10411 0)))
(0.202500 ((-0.001602 0 -0.030392) (0 -10.20698 0)))
(0.203125 ((-0.001586 0 -0.030531) (0 -10.30465 0)))
(0.203750 ((-0.001569 0 -0.030670) (0 -10.40242 0)))
(0.204375 ((-0.001552 0 -0.030809) (0 -10.49494 0)))
(0.205000 ((-0.001535 0 -0.030946) (0 -10.58751 0)))
(0.205625 ((-0.001518 0 -0.031084) (0 -10.67480 0)))
(0.206250 ((-0.001500 0 -0.031221) (0 -10.76210 0)))
(0.206875 ((-0.001482 0 -0.031358) (0 -10.84408 0)))
(0.207500 ((-0.001464 0 -0.031494) (0 -10.92603 0)))
(0.208125 ((-0.001446 0 -0.031629) (0 -11.00261 0)))
(0.208750 ((-0.001427 0 -0.031764) (0 -11.07914 0)))
(0.209375 ((-0.001408 0 -0.031898) (0 -11.15027 0)))
(0.210000 ((-0.001389 0 -0.032032) (0 -11.22131 0)))
(0.210625 ((-0.001370 0 -0.032164) (0 -11.28693 0)))
(0.211250 ((-0.001350 0 -0.032297) (0 -11.35241 0)))
(0.211875 ((-0.001331 0 -0.032428) (0 -11.41247 0)))
(0.212500 ((-0.001311 0 -0.032559) (0 -11.47235 0)))
(0.213125 ((-0.001291 0 -0.032689) (0 -11.52679 0)))
(0.213750 ((-0.001270 0 -0.032818) (0 -11.58104 0)))
(0.214375 ((-0.001250 0 -0.032947) (0 -11.62983 0)))
(0.215000 ((-0.001229 0 -0.033075) (0 -11.67840 0)))
(0.215625 ((-0.001208 0 -0.033201) (0 -11.72153 0)))
(0.216250 ((-0.001187 0 -0.033328) (0 -11.76441 0)))
(0.216875 ((-0.001165 0 -0.033453) (0 -11.80186 0)))
(0.217500 ((-0.001144 0 -0.033578) (0 -11.83903 0)))
(0.218125 ((-0.001122 0 -0.033701) (0 -11.87081 0)))
(0.218750 ((-0.001100 0 -0.033824) (0 -11.90228 0)))
(0.219375 ((-0.001078 0 -0.033946) (0 -11.92841 0)))
(0.220000 ((-0.001055 0 -0.034068) (0 -11.95420 0)))
(0.220625 ((-0.001033 0 -0.034188) (0 -11.97470 0)))
(0.221250 ((-0.001010 0 -0.034308) (0 -11.99484 0)))
(0.221875 ((-0.000986 0 -0.034427) (0 -12.00976 0)))
(0.222500 ((-0.000963 0 -0.034545) (0 -12.02430 0)))
(0.223125 ((-0.000940 0 -0.034662) (0 -12.03371 0)))
(0.223750 ((-0.000916 0 -0.034778) (0 -12.04272 0)))
(0.224375 ((-0.000892 0 -0.034894) (0 -12.04668 0)))
(0.225000 ((-0.000867 0 -0.035009) (0 -12.05023 0)))
(0.225625 ((-0.000843 0 -0.035123) (0 -12.04884 0)))
(0.226250 ((-0.000818 0 -0.035236) (0 -12.04704 0)))
(0.226875 ((-0.000793 0 -0.035349) (0 -12.04042 0)))
(0.227500 ((-0.000768 0 -0.035460) (0 -12.03336 0)))
(0.228125 ((-0.000742 0 -0.035571) (0 -12.02162 0)))
(0.228750 ((-0.000716 0 -0.035681) (0 -12.00945 0)))
(0.229375 ((-0.000690 0 -0.035790) (0 -11.99274 0)))
(0.230000 ((-0.000664 0 -0.035898) (0 -11.97558 0)))
(0.230625 ((-0.000637 0 -0.036005) (0 -11.95407 0)))
(0.231250 ((-0.000610 0 -0.036112) (0 -11.93209 0)))
(0.231875 ((-0.000583 0 -0.036217) (0 -11.90593 0)))
(0.232500 ((-0.000556 0 -0.036321) (0 -11.87930 0)))
(0.233125 ((-0.000529 0 -0.036424) (0 -11.84868 0)))
(0.233750 ((-0.000501 0 -0.036526) (0 -11.81760 0)))
(0.234375 ((-0.000473 0 -0.036627) (0 -11.78272 0)))
(0.235000 ((-0.000445 0 -0.036727) (0 -11.74737 0)))
(0.235625 ((-0.000417 0 -0.036825) (0 -11.70844 0)))
(0.236250 ((-0.000389 0 -0.036922) (0 -11.66905 0)))
(0.236875 ((-0.000361 0 -0.037017) (0 -11.62629 0)))
(0.237500 ((-0.000333 0 -0.037112) (0 -11.58307 0)))
(0.238125 ((-0.000305 0 -0.037204) (0 -11.53672 0)))
(0.238750 ((-0.000277 0 -0.037295) (0 -11.48990 0)))
(0.239375 ((-0.000249 0 -0.037383) (0 -11.44019 0)))
(0.240000 ((-0.000221 0 -0.037470) (0 -11.39002 0)))
(0.240625 ((-0.000193 0 -0.037555) (0 -11.33719 0)))
(0.241250 ((-0.000166 0 -0.037638) (0 -11.28392 0)))
(0.241875 ((-0.000139 0 -0.037718) (0 -11.22824 0)))
(0.242500 ((-0.000112 0 -0.037797) (0 -11.17210 0)))
(0.243125 ((-0.000086 0 -0.037872) (0 -11.11382 0)))
(0.243750 ((-0.000060 0 -0.037946) (0 -11.05509 0)))
(0.244375 ((-0.000035 0 -0.038015) (0 -10.99446 0)))
(0.245000 ((-0.000009 0 -0.038083) (0 -10.93339 0)))
(0.245625 ((0.000014 0 -0.038147) (0 -10.87068 0)))
(0.246250 ((0.000038 0 -0.038209) (0 -10.80753 0)))
(0.246875 ((0.000061 0 -0.038267) (0 -10.74299 0)))
(0.247500 ((0.000083 0 -0.038322) (0 -10.67802 0)))
(0.248125 ((0.000103 0 -0.038373) (0 -10.61191 0)))
(0.248750 ((0.000124 0 -0.038421) (0 -10.54538 0)))
(0.249375 ((0.000142 0 -0.038464) (0 -10.47794 0)))
(0.250000 ((0.000161 0 -0.038505) (0 -10.41011 0)))
(0.250625 ((0.000177 0 -0.038541) (0 -10.34179 0)))
(0.251250 ((0.000194 0 -0.038576) (0 -10.27348 0)))
(0.251875 ((0.000207 0 -0.038606) (0 -10.20510 0)))
(0.252500 ((0.000221 0 -0.038636) (0 -10.13671 0)))
(0.253125 ((0.000232 0 -0.038660) (0 -10.06847 0)))
(0.253750 ((0.000243 0 -0.038684) (0 -10.00023 0)))
(0.254375 ((0.000252 0 -0.038702) (0 -9.93233 0)))
(0.255000 ((0.000260 0 -0.038720) (0 -9.86443 0)))
(0.255625 ((0.000265 0 -0.038732) (0 -9.79707 0)))
(0.256250 ((0.000271 0 -0.038743) (0 -9.72971 0)))
(0.256875 ((0.000273 0 -0.038748) (0 -9.66307 0)))
(0.257500 ((0.000275 0 -0.038753) (0 -9.59642 0)))
(0.258125 ((0.000274 0 -0.038751) (0 -9.53067 0)))
(0.258750 ((0.000274 0 -0.038749) (0 -9.46491 0)))
(0.259375 ((0.000269 0 -0.038740) (0 -9.40021 0)))
(0.260000 ((0.000266 0 -0.038732) (0 -9.33550 0)))
(0.260625 ((0.000258 0 -0.038716) (0 -9.27200 0)))
(0.261250 ((0.000251 0 -0.038701) (0 -9.20850 0)))
(0.261875 ((0.000241 0 -0.038678) (0 -9.14633 0)))
(0.262500 ((0.000231 0 -0.038656) (0 -9.08417 0)))
(0.263125 ((0.000217 0 -0.038627) (0 -9.02348 0)))
(0.263750 ((0.000204 0 -0.038598) (0 -8.96279 0)))
(0.264375 ((0.000188 0 -0.038563) (0 -8.90368 0)))
(0.265000 ((0.000172 0 -0.038528) (0 -8.84458 0)))
(0.265625 ((0.000153 0 -0.038487) (0 -8.78718 0)))
(0.266250 ((0.000134 0 -0.038446) (0 -8.72978 0)))
(0.266875 ((0.000113 0 -0.038399) (0 -8.67418 0)))
(0.267500 ((0.000091 0 -0.038352) (0 -8.61857 0)))
(0.268125 ((0.000068 0 -0.038300) (0 -8.56487 0)))
(0.268750 ((0.000044 0 -0.038248) (0 -8.51116 0)))
(0.269375 ((0.000018 0 -0.038191) (0 -8.45943 0)))
(0.270000 ((-0.000007 0 -0.038134) (0 -8.40771 0)))
(0.270625 ((-0.000034 0 -0.038072) (0 -8.35804 0)))
(0.271250 ((-0.000062 0 -0.038011) (0 -8.30838 0)))
(0.271875 ((-0.000091 0 -0.037946) (0 -8.26084 0)))
(0.272500 ((-0.000119 0 -0.037881) (0 -8.21331 0)))
(0.273125 ((-0.000149 0 -0.037812) (0 -8.16799 0)))
(0.273750 ((-0.000179 0 -0.037744) (0 -8.12267 0)))
(0.274375 ((-0.000210 0 -0.037673) (0 -8.07962 0)))
(0.275000 ((-0.000241 0 -0.037602) (0 -8.03657 0)))
(0.275625 ((-0.000273 0 -0.037529) (0 -7.99587 0)))
(0.276250 ((-0.000304 0 -0.037456) (0 -7.95517 0)))
(0.276875 ((-0.000336 0 -0.037381) (0 -7.91688 0)))
(0.277500 ((-0.000368 0 -0.037306) (0 -7.87859 0)))
(0.278125 ((-0.000400 0 -0.037230) (0 -7.84278 0)))
(0.278750 ((-0.000432 0 -0.037154) (0 -7.80698 0)))
(0.279375 ((-0.000464 0 -0.037077) (0 -7.77374 0)))
(0.280000 ((-0.000496 0 -0.037001) (0 -7.74049 0)))
(0.280625 ((-0.000528 0 -0.036924) (0 -7.70989 0)))
(0.281250 ((-0.000560 0 -0.036847) (0 -7.67929 0)))
(0.281875 ((-0.000591 0 -0.036770) (0 -7.65141 0)))
(0.282500 ((-0.000623 0 -0.036694) (0 -7.62353 0)))
(0.283125 ((-0.000654 0 -0.036618) (0 -7.59848 0)))
(0.283750 ((-0.000685 0 -0.036541) (0 -7.57342 0)))
(0.284375 ((-0.000715 0 -0.036466) (0 -7.55129 0)))
(0.285000 ((-0.000745 0 -0.036390) (0 -7.52917 0)))
(0.285625 ((-0.000775 0 -0.036316) (0 -7.51008 0)))
(0.286250 ((-0.000805 0 -0.036241) (0 -7.49099 0)))
(0.286875 ((-0.000834 0 -0.036167) (0 -7.47507 0)))
(0.287500 ((-0.000863 0 -0.036093) (0 -7.45914 0)))
(0.288125 ((-0.000891 0 -0.036021) (0 -7.44653 0)))
(0.288750 ((-0.000919 0 -0.035948) (0 -7.43391 0)))
(0.289375 ((-0.000947 0 -0.035877) (0 -7.42476 0)))
(0.290000 ((-0.000975 0 -0.035805) (0 -7.41560 0)))
(0.290625 ((-0.001002 0 -0.035735) (0 -7.41007 0)))
(0.291250 ((-0.001029 0 -0.035664) (0 -7.40454 0)))
(0.291875 ((-0.001055 0 -0.035594) (0 -7.40282 0)))
(0.292500 ((-0.001081 0 -0.035525) (0 -7.40110 0)))
(0.293125 ((-0.001107 0 -0.035456) (0 -7.40338 0)))
(0.293750 ((-0.001133 0 -0.035387) (0 -7.40567 0)))
(0.294375 ((-0.001158 0 -0.035318) (0 -7.41217 0)))
(0.295000 ((-0.001184 0 -0.035250) (0 -7.41867 0)))
(0.295625 ((-0.001209 0 -0.035182) (0 -7.42962 0)))
(0.296250 ((-0.001234 0 -0.035114) (0 -7.44057 0)))
(0.296875 ((-0.001259 0 -0.035046) (0 -7.45620 0)))
(0.297500 ((-0.001283 0 -0.034978) (0 -7.47184 0)))
(0.298125 ((-0.001308 0 -0.034910) (0 -7.49241 0)))
(0.298750 ((-0.001332 0 -0.034842) (0 -7.51299 0)))
(0.299375 ((-0.001357 0 -0.034774) (0 -7.53878 0)))
(0.300000 ((-0.001381 0 -0.034706) (0 -7.56456 0)))
(0.300625 ((-0.001405 0 -0.034637) (0 -7.59584 0)))
(0.301250 ((-0.001430 0 -0.034569) (0 -7.62712 0)))
(0.301875 ((-0.001454 0 -0.034499) (0 -7.66419 0)))
(0.302500 ((-0.001478 0 -0.034430) (0 -7.70125 0)))
(0.303125 ((-0.001502 0 -0.034360) (0 -7.74439 0)))
(0.303750 ((-0.001527 0 -0.034291) (0 -7.78754 0)))
(0.304375 ((-0.001551 0 -0.034220) (0 -7.83708 0)))
(0.305000 ((-0.001575 0 -0.034149) (0 -7.88661 0)))
(0.305625 ((-0.001599 0 -0.034078) (0 -7.94285 0)))
(0.306250 ((-0.001623 0 -0.034006) (0 -7.99909 0)))
(0.306875 ((-0.001648 0 -0.033934) (0 -8.06234 0)))
(0.307500 ((-0.001672 0 -0.033862) (0 -8.12559 0)))
(0.308125 ((-0.001696 0 -0.033789) (0 -8.19618 0)))
(0.308750 ((-0.001720 0 -0.033716) (0 -8.26676 0)))
(0.309375 ((-0.001745 0 -0.033642) (0 -8.34499 0)))
(0.310000 ((-0.001769 0 -0.033568) (0 -8.42321 0)))
(0.310625 ((-0.001793 0 -0.033494) (0 -8.50938 0)))
(0.311250 ((-0.001817 0 -0.033420) (0 -8.59555 0)))
(0.311875 ((-0.001841 0 -0.033345) (0 -8.68997 0)))
(0.312500 ((-0.001865 0 -0.033270) (0 -8.78438 0)))
(0.313125 ((-0.001889 0 -0.033196) (0 -8.88733 0)))
(0.313750 ((-0.001913 0 -0.033121) (0 -8.99027 0)))
(0.314375 ((-0.001936 0 -0.033046) (0 -9.10201 0)))
(0.315000 ((-0.001960 0 -0.032970) (0 -9.21374 0)))
(0.315625 ((-0.001983 0 -0.032896) (0 -9.33453 0)))
(0.316250 ((-0.002006 0 -0.032821) (0 -9.45531 0)))
(0.316875 ((-0.002029 0 -0.032746) (0 -9.58537 0)))
(0.317500 ((-0.002052 0 -0.032671) (0 -9.71542 0)))
(0.318125 ((-0.002075 0 -0.032597) (0 -9.85495 0)))
(0.318750 ((-0.002097 0 -0.032523) (0 -9.99448 0)))
(0.319375 ((-0.002119 0 -0.032449) (0 -10.14366 0)))
(0.320000 ((-0.002141 0 -0.032376) (0 -10.29283 0)))
(0.320625 ((-0.002163 0 -0.032303) (0 -10.45179 0)))
(0.321250 ((-0.002184 0 -0.032230) (0 -10.61075 0)))
(0.321875 ((-0.002205 0 -0.032157) (0 -10.77960 0)))
(0.322500 ((-0.002227 0 -0.032085) (0 -10.94844 0)))
(0.323125 ((-0.002247 0 -0.032013) (0 -11.12723 0)))
(0.323750 ((-0.002268 0 -0.031942) (0 -11.30603 0)))
(0.324375 ((-0.002288 0 -0.031871) (0 -11.49479 0)))
(0.325000 ((-0.002308 0 -0.031800) (0 -11.68354 0)))
(0.325625 ((-0.002328 0 -0.031729) (0 -11.88225 0)))
(0.326250 ((-0.002348 0 -0.031658) (0 -12.08095 0)))
(0.326875 ((-0.002368 0 -0.031588) (0 -12.28951 0)))
(0.327500 ((-0.002387 0 -0.031518) (0 -12.49808 0)))
(0.328125 ((-0.002407 0 -0.031448) (0 -12.71638 0)))
(0.328750 ((-0.002426 0 -0.031377) (0 -12.93468 0)))
(0.329375 ((-0.002445 0 -0.031307) (0 -13.16255 0)))
(0.330000 ((-0.002465 0 -0.031236) (0 -13.39041 0)))
(0.330625 ((-0.002484 0 -0.031164) (0 -13.62759 0)))
(0.331250 ((-0.002503 0 -0.031093) (0 -13.86477 0)))
(0.331875 ((-0.002522 0 -0.031020) (0 -14.11099 0)))
(0.332500 ((-0.002541 0 -0.030948) (0 -14.35720 0)))
(0.333125 ((-0.002561 0 -0.030873) (0 -14.61209 0)))
(0.333750 ((-0.002580 0 -0.030799) (0 -14.86698 0)))
(0.334375 ((-0.002600 0 -0.030723) (0 -15.13013 0)))
(0.335000 ((-0.002620 0 -0.030646) (0 -15.39329 0)))
(0.335625 ((-0.002640 0 -0.030567) (0 -15.66424 0)))
(0.336250 ((-0.002660 0 -0.030488) (0 -15.93518 0)))
(0.336875 ((-0.002680 0 -0.030405) (0 -16.21339 0)))
(0.337500 ((-0.002701 0 -0.030323) (0 -16.49160 0)))
(0.338125 ((-0.002722 0 -0.030236) (0 -16.77648 0)))
(0.338750 ((-0.002744 0 -0.030150) (0 -17.06136 0)))
(0.339375 ((-0.002765 0 -0.030060) (0 -17.35226 0)))
(0.340000 ((-0.002787 0 -0.029969) (0 -17.64315 0)))
(0.340625 ((-0.002810 0 -0.029874) (0 -17.93935 0)))
(0.341250 ((-0.002833 0 -0.029779) (0 -18.23556 0)))
(0.341875 ((-0.002856 0 -0.029678) (0 -18.53630 0)))
(0.342500 ((-0.002880 0 -0.029578) (0 -18.83705 0)))
(0.343125 ((-0.002904 0 -0.029472) (0 -19.14151 0)))
(0.343750 ((-0.002928 0 -0.029366) (0 -19.44598 0)))
(0.344375 ((-0.002953 0 -0.029254) (0 -19.75329 0)))
(0.345000 ((-0.002978 0 -0.029142) (0 -20.06060 0)))
(0.345625 ((-0.003004 0 -0.029025) (0 -20.36983 0)))
(0.346250 ((-0.003029 0 -0.028907) (0 -20.67907 0)))
(0.346875 ((-0.003056 0 -0.028783) (0 -20.98926 0)))
(0.347500 ((-0.003082 0 -0.028660) (0 -21.29945 0)))
(0.348125 ((-0.003109 0 -0.028530) (0 -21.60959 0)))
(0.348750 ((-0.003136 0 -0.028400) (0 -21.91973 0)))
(0.349375 ((-0.003163 0 -0.028265) (0 -22.22877 0)))
(0.350000 ((-0.003190 0 -0.028129) (0 -22.53780 0)))
(0.350625 ((-0.003218 0 -0.027988) (0 -22.84466 0)))
(0.351250 ((-0.003245 0 -0.027846) (0 -23.15152 0)))
(0.351875 ((-0.003273 0 -0.027700) (0 -23.45508 0)))
(0.352500 ((-0.003300 0 -0.027553) (0 -23.75865 0)))
(0.353125 ((-0.003328 0 -0.027401) (0 -24.05779 0)))
(0.353750 ((-0.003355 0 -0.027249) (0 -24.35694 0)))
(0.354375 ((-0.003383 0 -0.027093) (0 -24.65051 0)))
(0.355000 ((-0.003410 0 -0.026937) (0 -24.94409 0)))
(0.355625 ((-0.003437 0 -0.026777) (0 -25.23093 0)))
(0.356250 ((-0.003464 0 -0.026617) (0 -25.51778 0)))
(0.356875 ((-0.003490 0 -0.026453) (0 -25.79673 0)))
(0.357500 ((-0.003516 0 -0.026289) (0 -26.07569 0)))
(0.358125 ((-0.003541 0 -0.026123) (0 -26.34558 0)))
(0.358750 ((-0.003567 0 -0.025957) (0 -26.61548 0)))
(0.359375 ((-0.003591 0 -0.025788) (0 -26.87516 0)))
(0.360000 ((-0.003616 0 -0.025620) (0 -27.13484 0)))
(0.360625 ((-0.003639 0 -0.025450) (0 -27.38317 0)))
(0.361250 ((-0.003663 0 -0.025281) (0 -27.63151 0)))
(0.361875 ((-0.003685 0 -0.025110) (0 -27.86736 0)))
(0.362500 ((-0.003707 0 -0.024940) (0 -28.10322 0)))
(0.363125 ((-0.003728 0 -0.024769) (0 -28.32551 0)))
(0.363750 ((-0.003749 0 -0.024599) (0 -28.54781 0)))
(0.364375 ((-0.003769 0 -0.024429) (0 -28.75548 0)))
(0.365000 ((-0.003788 0 -0.024259) (0 -28.96315 0)))
(0.365625 ((-0.003807 0 -0.024090) (0 -29.15518 0)))
(0.366250 ((-0.003825 0 -0.023921) (0 -29.34721 0)))
(0.366875 ((-0.003842 0 -0.023753) (0 -29.52263 0)))
(0.367500 ((-0.003859 0 -0.023586) (0 -29.69805 0)))
(0.368125 ((-0.003874 0 -0.023420) (0 -29.85596 0)))
(0.368750 ((-0.003889 0 -0.023255) (0 -30.01386 0)))
(0.369375 ((-0.003904 0 -0.023091) (0 -30.15338 0)))
(0.370000 ((-0.003918 0 -0.022928) (0 -30.29290 0)))
(0.370625 ((-0.003931 0 -0.022766) (0 -30.41326 0)))
(0.371250 ((-0.003943 0 -0.022605) (0 -30.53362 0)))
(0.371875 ((-0.003955 0 -0.022446) (0 -30.63409 0)))
(0.372500 ((-0.003966 0 -0.022288) (0 -30.73456 0)))
(0.373125 ((-0.003977 0 -0.022131) (0 -30.81451 0)))
(0.373750 ((-0.003987 0 -0.021974) (0 -30.89445 0)))
(0.374375 ((-0.003996 0 -0.021820) (0 -30.95331 0)))
(0.375000 ((-0.004005 0 -0.021666) (0 -31.01217 0)))
(0.375625 ((-0.004013 0 -0.021513) (0 -31.04947 0)))
(0.376250 ((-0.004021 0 -0.021361) (0 -31.08677 0)))
(0.376875 ((-0.004028 0 -0.021210) (0 -31.10213 0)))
(0.377500 ((-0.004035 0 -0.021060) (0 -31.11748 0)))
(0.378125 ((-0.004041 0 -0.020910) (0 -31.11060 0)))
(0.378750 ((-0.004047 0 -0.020760) (0 -31.10372 0)))
(0.379375 ((-0.004051 0 -0.020612) (0 -31.07440 0)))
(0.380000 ((-0.004056 0 -0.020463) (0 -31.04509 0)))
(0.380625 ((-0.004060 0 -0.020315) (0 -30.99324 0)))
(0.381250 ((-0.004064 0 -0.020166) (0 -30.94139 0)))
(0.381875 ((-0.004067 0 -0.020018) (0 -30.86700 0)))
(0.382500 ((-0.004070 0 -0.019869) (0 -30.79262 0)))
(0.383125 ((-0.004072 0 -0.019720) (0 -30.69581 0)))
(0.383750 ((-0.004075 0 -0.019570) (0 -30.59899 0)))
(0.384375 ((-0.004076 0 -0.019420) (0 -30.47995 0)))
(0.385000 ((-0.004077 0 -0.019270) (0 -30.36091 0)))
(0.385625 ((-0.004077 0 -0.019117) (0 -30.21994 0)))
(0.386250 ((-0.004077 0 -0.018965) (0 -30.07897 0)))
(0.386875 ((-0.004076 0 -0.018811) (0 -29.91648 0)))
(0.387500 ((-0.004075 0 -0.018657) (0 -29.75399 0)))
(0.388125 ((-0.004073 0 -0.018500) (0 -29.57048 0)))
(0.388750 ((-0.004071 0 -0.018344) (0 -29.38696 0)))
(0.389375 ((-0.004068 0 -0.018185) (0 -29.18303 0)))
(0.390000 ((-0.004065 0 -0.018025) (0 -28.97909 0)))
(0.390625 ((-0.004061 0 -0.017863) (0 -28.75542 0)))
(0.391250 ((-0.004057 0 -0.017701) (0 -28.53174 0)))
(0.391875 ((-0.004051 0 -0.017536) (0 -28.28912 0)))
(0.392500 ((-0.004046 0 -0.017371) (0 -28.04650 0)))
(0.393125 ((-0.004039 0 -0.017203) (0 -27.78579 0)))
(0.393750 ((-0.004033 0 -0.017035) (0 -27.52508 0)))
(0.394375 ((-0.004024 0 -0.016864) (0 -27.24724 0)))
(0.395000 ((-0.004016 0 -0.016694) (0 -26.96940 0)))
(0.395625 ((-0.004007 0 -0.016520) (0 -26.67544 0)))
(0.396250 ((-0.003997 0 -0.016347) (0 -26.38149 0)))
(0.396875 ((-0.003986 0 -0.016171) (0 -26.07252 0)))
(0.397500 ((-0.003975 0 -0.015996) (0 -25.76356 0)))
(0.398125 ((-0.003963 0 -0.015818) (0 -25.44074 0)))
(0.398750 ((-0.003951 0 -0.015641) (0 -25.11793 0)))
(0.399375 ((-0.003937 0 -0.015462) (0 -24.78248 0)))
(0.400000 ((-0.003923 0 -0.015284) (0 -24.44703 0)))
(0.400625 ((-0.003908 0 -0.015104) (0 -24.10023 0)))
(0.401250 ((-0.003892 0 -0.014925) (0 -23.75342 0)))
(0.401875 ((-0.003875 0 -0.014745) (0 -23.39657 0)))
(0.402500 ((-0.003859 0 -0.014565) (0 -23.03973 0)))
(0.403125 ((-0.003841 0 -0.014386) (0 -22.67419 0)))
(0.403750 ((-0.003822 0 -0.014207) (0 -22.30865 0)))
(0.404375 ((-0.003803 0 -0.014030) (0 -21.93580 0)))
(0.405000 ((-0.003784 0 -0.013852) (0 -21.56296 0)))
(0.405625 ((-0.003763 0 -0.013676) (0 -21.18421 0)))
(0.406250 ((-0.003743 0 -0.013500) (0 -20.80546 0)))
(0.406875 ((-0.003721 0 -0.013327) (0 -20.42222 0)))
(0.407500 ((-0.003700 0 -0.013153) (0 -20.03897 0)))
(0.408125 ((-0.003677 0 -0.012983) (0 -19.65266 0)))
(0.408750 ((-0.003655 0 -0.012813) (0 -19.26635 0)))
(0.409375 ((-0.003632 0 -0.012647) (0 -18.87839 0)))
(0.410000 ((-0.003609 0 -0.012481) (0 -18.49042 0)))
(0.410625 ((-0.003585 0 -0.012319) (0 -18.10220 0)))
(0.411250 ((-0.003561 0 -0.012157) (0 -17.71399 0)))
(0.411875 ((-0.003537 0 -0.012000) (0 -17.32690 0)))
(0.412500 ((-0.003513 0 -0.011842) (0 -16.93982 0)))
(0.413125 ((-0.003489 0 -0.011690) (0 -16.55523 0)))
(0.413750 ((-0.003465 0 -0.011538) (0 -16.17063 0)))
(0.414375 ((-0.003440 0 -0.011392) (0 -15.78984 0)))
(0.415000 ((-0.003416 0 -0.011245) (0 -15.40906 0)))
(0.415625 ((-0.003391 0 -0.011104) (0 -15.03335 0)))
(0.416250 ((-0.003367 0 -0.010964) (0 -14.65765 0)))
(0.416875 ((-0.003342 0 -0.010828) (0 -14.28825 0)))
(0.417500 ((-0.003318 0 -0.010693) (0 -13.91886 0)))
(0.418125 ((-0.003294 0 -0.010564) (0 -13.55694 0)))
(0.418750 ((-0.003270 0 -0.010434) (0 -13.19502 0)))
(0.419375 ((-0.003246 0 -0.010310) (0 -12.84168 0)))
(0.420000 ((-0.003223 0 -0.010186) (0 -12.48833 0)))
(0.420625 ((-0.003199 0 -0.010068) (0 -12.14460 0)))
(0.421250 ((-0.003176 0 -0.009950) (0 -11.80087 0)))
(0.421875 ((-0.003153 0 -0.009836) (0 -11.46771 0)))
(0.422500 ((-0.003130 0 -0.009723) (0 -11.13454 0)))
(0.423125 ((-0.003108 0 -0.009615) (0 -10.81282 0)))
(0.423750 ((-0.003085 0 -0.009506) (0 -10.49110 0)))
(0.424375 ((-0.003063 0 -0.009402) (0 -10.18161 0)))
(0.425000 ((-0.003041 0 -0.009298) (0 -9.87213 0)))
(0.425625 ((-0.003020 0 -0.009198) (0 -9.57558 0)))
(0.426250 ((-0.002998 0 -0.009099) (0 -9.27902 0)))
(0.426875 ((-0.002977 0 -0.009002) (0 -8.99602 0)))
(0.427500 ((-0.002956 0 -0.008906) (0 -8.71301 0)))
(0.428125 ((-0.002935 0 -0.008813) (0 -8.44407 0)))
(0.428750 ((-0.002914 0 -0.008720) (0 -8.17512 0)))
(0.429375 ((-0.002893 0 -0.008629) (0 -7.92066 0)))
(0.430000 ((-0.002872 0 -0.008539) (0 -7.66619 0)))
(0.430625 ((-0.002851 0 -0.008451) (0 -7.42653 0)))
(0.431250 ((-0.002831 0 -0.008363) (0 -7.18686 0)))
(0.431875 ((-0.002810 0 -0.008276) (0 -6.96222 0)))
(0.432500 ((-0.002790 0 -0.008190) (0 -6.73758 0)))
(0.433125 ((-0.002769 0 -0.008105) (0 -6.52809 0)))
(0.433750 ((-0.002749 0 -0.008021) (0 -6.31860 0)))
(0.434375 ((-0.002728 0 -0.007937) (0 -6.12428 0)))
(0.435000 ((-0.002708 0 -0.007853) (0 -5.92997 0)))
(0.435625 ((-0.002687 0 -0.007771) (0 -5.75076 0)))
(0.436250 ((-0.002666 0 -0.007688) (0 -5.57156 0)))
(0.436875 ((-0.002646 0 -0.007606) (0 -5.40730 0)))
(0.437500 ((-0.002625 0 -0.007524) (0 -5.24305 0)))
(0.438125 ((-0.002604 0 -0.007442) (0 -5.09349 0)))
(0.438750 ((-0.002583 0 -0.007360) (0 -4.94393 0)))
(0.439375 ((-0.002561 0 -0.007279) (0 -4.80874 0)))
(0.440000 ((-0.002540 0 -0.007198) (0 -4.67355 0)))
(0.440625 ((-0.002519 0 -0.007117) (0 -4.55230 0)))
(0.441250 ((-0.002497 0 -0.007036) (0 -4.43105 0)))
(0.441875 ((-0.002475 0 -0.006955) (0 -4.32325 0)))
(0.442500 ((-0.002454 0 -0.006874) (0 -4.21544 0)))
(0.443125 ((-0.002432 0 -0.006793) (0 -4.12052 0)))
(0.443750 ((-0.002410 0 -0.006713) (0 -4.02559 0)))
(0.444375 ((-0.002388 0 -0.006633) (0 -3.94290 0)))
(0.445000 ((-0.002365 0 -0.006553) (0 -3.86021 0)))
(0.445625 ((-0.002343 0 -0.006473) (0 -3.78907 0)))
(0.446250 ((-0.002321 0 -0.006393) (0 -3.71793 0)))
(0.446875 ((-0.002298 0 -0.006314) (0 -3.65757 0)))
(0.447500 ((-0.002276 0 -0.006235) (0 -3.59722 0)))
(0.448125 ((-0.002253 0 -0.006156) (0 -3.54685 0)))
(0.448750 ((-0.002230 0 -0.006077) (0 -3.49649 0)))
(0.449375 ((-0.002207 0 -0.005999) (0 -3.45528 0)))
(0.450000 ((-0.002185 0 -0.005921) (0 -3.41407 0)))
(0.450625 ((-0.002162 0 -0.005844) (0 -3.38114 0)))
(0.451250 ((-0.002139 0 -0.005766) (0 -3.34820 0)))
(0.451875 ((-0.002116 0 -0.005690) (0 -3.32265 0)))
(0.452500 ((-0.002093 0 -0.005613) (0 -3.29710 0)))
(0.453125 ((-0.002070 0 -0.005537) (0 -3.27801 0)))
(0.453750 ((-0.002047 0 -0.005461) (0 -3.25892 0)))
(0.454375 ((-0.002024 0 -0.005386) (0 -3.24537 0)))
(0.455000 ((-0.002001 0 -0.005310) (0 -3.23182 0)))
(0.455625 ((-0.001978 0 -0.005236) (0 -3.22288 0)))
(0.456250 ((-0.001954 0 -0.005161) (0 -3.21394 0)))
(0.456875 ((-0.001931 0 -0.005087) (0 -3.20868 0)))
(0.457500 ((-0.001908 0 -0.005012) (0 -3.20342 0)))
(0.458125 ((-0.001884 0 -0.004939) (0 -3.20093 0)))
(0.458750 ((-0.001861 0 -0.004865) (0 -3.19845 0)))
(0.459375 ((-0.001837 0 -0.004791) (0 -3.19784 0)))
(0.460000 ((-0.001813 0 -0.004717) (0 -3.19724 0)))
(0.460625 ((-0.001789 0 -0.004643) (0 -3.19765 0)))
(0.461250 ((-0.001765 0 -0.004569) (0 -3.19806 0)))
(0.461875 ((-0.001740 0 -0.004494) (0 -3.19865 0)))
(0.462500 ((-0.001716 0 -0.004420) (0 -3.19924 0)))
(0.463125 ((-0.001691 0 -0.004344) (0 -3.19922 0)))
(0.463750 ((-0.001666 0 -0.004269) (0 -3.19920 0)))
(0.464375 ((-0.001640 0 -0.004193) (0 -3.19782 0)))
(0.465000 ((-0.001615 0 -0.004117) (0 -3.19644 0)))
(0.465625 ((-0.001588 0 -0.004039) (0 -3.19301 0)))
(0.466250 ((-0.001562 0 -0.003962) (0 -3.18958 0)))
(0.466875 ((-0.001535 0 -0.003883) (0 -3.18346 0)))
(0.467500 ((-0.001507 0 -0.003804) (0 -3.17733 0)))
(0.468125 ((-0.001479 0 -0.003723) (0 -3.16793 0)))
(0.468750 ((-0.001451 0 -0.003642) (0 -3.15854 0)))
(0.469375 ((-0.001422 0 -0.003560) (0 -3.14535 0)))
(0.470000 ((-0.001393 0 -0.003477) (0 -3.13217 0)))
(0.470625 ((-0.001362 0 -0.003392) (0 -3.11475 0)))
(0.471250 ((-0.001332 0 -0.003307) (0 -3.09733 0)))
(0.471875 ((-0.001301 0 -0.003220) (0 -3.07530 0)))
(0.472500 ((-0.001269 0 -0.003133) (0 -3.05327 0)))
(0.473125 ((-0.001237 0 -0.003044) (0 -3.02632 0)))
(0.473750 ((-0.001204 0 -0.002955) (0 -2.99938 0)))
(0.474375 ((-0.001171 0 -0.002865) (0 -2.96729 0)))
(0.475000 ((-0.001137 0 -0.002774) (0 -2.93520 0)))
(0.475625 ((-0.001102 0 -0.002681) (0 -2.89782 0)))
(0.476250 ((-0.001067 0 -0.002588) (0 -2.86043 0)))
(0.476875 ((-0.001032 0 -0.002494) (0 -2.81767 0)))
(0.477500 ((-0.000996 0 -0.002400) (0 -2.77491 0)))
(0.478125 ((-0.000959 0 -0.002305) (0 -2.72677 0)))
(0.478750 ((-0.000923 0 -0.002210) (0 -2.67863 0)))
(0.479375 ((-0.000885 0 -0.002114) (0 -2.62517 0)))
(0.480000 ((-0.000848 0 -0.002019) (0 -2.57172 0)))
(0.480625 ((-0.000810 0 -0.001923) (0 -2.51309 0)))
(0.481250 ((-0.000773 0 -0.001828) (0 -2.45447 0)))
(0.481875 ((-0.000735 0 -0.001733) (0 -2.39088 0)))
(0.482500 ((-0.000697 0 -0.001638) (0 -2.32729 0)))
(0.483125 ((-0.000659 0 -0.001545) (0 -2.25902 0)))
(0.483750 ((-0.000621 0 -0.001451) (0 -2.19075 0)))
(0.484375 ((-0.000584 0 -0.001360) (0 -2.11813 0)))
(0.485000 ((-0.000546 0 -0.001269) (0 -2.04552 0)))
(0.485625 ((-0.000509 0 -0.001181) (0 -1.96895 0)))
(0.486250 ((-0.000473 0 -0.001093) (0 -1.89239 0)))
(0.486875 ((-0.000438 0 -0.001009) (0 -1.81232 0)))
(0.487500 ((-0.000402 0 -0.000924) (0 -1.73226 0)))
(0.488125 ((-0.000369 0 -0.000845) (0 -1.64921 0)))
(0.488750 ((-0.000335 0 -0.000766) (0 -1.56615 0)))
(0.489375 ((-0.000303 0 -0.000692) (0 -1.48064 0)))
(0.490000 ((-0.000272 0 -0.000618) (0 -1.39513 0)))
(0.490625 ((-0.000242 0 -0.000550) (0 -1.30775 0)))
(0.491250 ((-0.000213 0 -0.000483) (0 -1.22038 0)))
(0.491875 ((-0.000187 0 -0.000423) (0 -1.13174 0)))
(0.492500 ((-0.000160 0 -0.000362) (0 -1.04311 0)))
(0.493125 ((-0.000137 0 -0.000310) (0 -0.95385 0)))
(0.493750 ((-0.000114 0 -0.000257) (0 -0.86460 0)))
(0.494375 ((-0.000095 0 -0.000213) (0 -0.77539 0)))
(0.495000 ((-0.000075 0 -0.000169) (0 -0.68617 0)))
(0.495625 ((-0.000059 0 -0.000133) (0 -0.59766 0)))
(0.496250 ((-0.000044 0 -0.000098) (0 -0.50916 0)))
(0.496875 ((-0.000032 0 -0.000072) (0 -0.42203 0)))
(0.497500 ((-0.000021 0 -0.000046) (0 -0.33490 0)))
(0.498125 ((-0.000013 0 -0.000030) (0 -0.24982 0)))
(0.498750 ((-0.000006 0 -0.000013) (0 -0.16474 0)))
(0.499375 ((-0.000003 0 -0.000007) (0 -0.08237 0)))
(0.500000 ((0.000000 0 0.000000) (0 0.00000 0)))
(0.500625 ((-0.000001 0 -0.000003) (0 0.07901 0)))
(0.501250 ((-0.000003 0 -0.000006) (0 0.15803 0)))
(0.501875 ((-0.000009 0 -0.000019) (0 0.23306 0)))
(0.502500 ((-0.000014 0 -0.000032) (0 0.30810 0)))
(0.503125 ((-0.000024 0 -0.000054) (0 0.37856 0)))
(0.503750 ((-0.000034 0 -0.000077) (0 0.44902 0)))
(0.504375 ((-0.000048 0 -0.000108) (0 0.51436 0)))
(0.505000 ((-0.000062 0 -0.000140) (0 0.57969 0)))
(0.505625 ((-0.000080 0 -0.000180) (0 0.63938 0)))
(0.506250 ((-0.000098 0 -0.000220) (0 0.69907 0)))
(0.506875 ((-0.000119 0 -0.000269) (0 0.75265 0)))
(0.507500 ((-0.000141 0 -0.000317) (0 0.80622 0)))
(0.508125 ((-0.000165 0 -0.000373) (0 0.85327 0)))
(0.508750 ((-0.000190 0 -0.000430) (0 0.90032 0)))
(0.509375 ((-0.000217 0 -0.000492) (0 0.94047 0)))
(0.510000 ((-0.000245 0 -0.000555) (0 0.98063 0)))
(0.510625 ((-0.000274 0 -0.000624) (0 1.01360 0)))
(0.511250 ((-0.000304 0 -0.000694) (0 1.04658 0)))
(0.511875 ((-0.000336 0 -0.000768) (0 1.07213 0)))
(0.512500 ((-0.000367 0 -0.000842) (0 1.09768 0)))
(0.513125 ((-0.000401 0 -0.000921) (0 1.11565 0)))
(0.513750 ((-0.000434 0 -0.001000) (0 1.13362 0)))
(0.514375 ((-0.000469 0 -0.001083) (0 1.14392 0)))
(0.515000 ((-0.000503 0 -0.001166) (0 1.15422 0)))
(0.515625 ((-0.000539 0 -0.001251) (0 1.15682 0)))
(0.516250 ((-0.000574 0 -0.001336) (0 1.15942 0)))
(0.516875 ((-0.000610 0 -0.001424) (0 1.15439 0)))
(0.517500 ((-0.000645 0 -0.001511) (0 1.14935 0)))
(0.518125 ((-0.000681 0 -0.001600) (0 1.13681 0)))
(0.518750 ((-0.000717 0 -0.001689) (0 1.12427 0)))
(0.519375 ((-0.000753 0 -0.001779) (0 1.10443 0)))
(0.520000 ((-0.000788 0 -0.001868) (0 1.08459 0)))
(0.520625 ((-0.000824 0 -0.001957) (0 1.05773 0)))
(0.521250 ((-0.000859 0 -0.002047) (0 1.03088 0)))
(0.521875 ((-0.000894 0 -0.002135) (0 0.99736 0)))
(0.522500 ((-0.000928 0 -0.002224) (0 0.96384 0)))
(0.523125 ((-0.000962 0 -0.002312) (0 0.92409 0)))
(0.523750 ((-0.000996 0 -0.002400) (0 0.88434 0)))
(0.524375 ((-0.001029 0 -0.002486) (0 0.83886 0)))
(0.525000 ((-0.001061 0 -0.002573) (0 0.79337 0)))
(0.525625 ((-0.001093 0 -0.002657) (0 0.74273 0)))
(0.526250 ((-0.001125 0 -0.002742) (0 0.69208 0)))
(0.526875 ((-0.001156 0 -0.002825) (0 0.63689 0)))
(0.527500 ((-0.001187 0 -0.002908) (0 0.58170 0)))
(0.528125 ((-0.001216 0 -0.002989) (0 0.52267 0)))
(0.528750 ((-0.001246 0 -0.003070) (0 0.46363 0)))
(0.529375 ((-0.001275 0 -0.003149) (0 0.40149 0)))
(0.530000 ((-0.001304 0 -0.003228) (0 0.33936 0)))
(0.530625 ((-0.001331 0 -0.003305) (0 0.27491 0)))
(0.531250 ((-0.001359 0 -0.003382) (0 0.21046 0)))
(0.531875 ((-0.001386 0 -0.003457) (0 0.14453 0)))
(0.532500 ((-0.001413 0 -0.003533) (0 0.07861 0)))
(0.533125 ((-0.001439 0 -0.003607) (0 0.01209 0)))
(0.533750 ((-0.001465 0 -0.003681) (0 -0.05443 0)))
(0.534375 ((-0.001490 0 -0.003754) (0 -0.12064 0)))
(0.535000 ((-0.001515 0 -0.003826) (0 -0.18685 0)))
(0.535625 ((-0.001540 0 -0.003898) (0 -0.25182 0)))
(0.536250 ((-0.001565 0 -0.003970) (0 -0.31678 0)))
(0.536875 ((-0.001589 0 -0.004041) (0 -0.37956 0)))
(0.537500 ((-0.001613 0 -0.004112) (0 -0.44233 0)))
(0.538125 ((-0.001637 0 -0.004182) (0 -0.50194 0)))
(0.538750 ((-0.001660 0 -0.004253) (0 -0.56156 0)))
(0.539375 ((-0.001684 0 -0.004323) (0 -0.61705 0)))
(0.540000 ((-0.001707 0 -0.004394) (0 -0.67255 0)))
(0.540625 ((-0.001731 0 -0.004464) (0 -0.72296 0)))
(0.541250 ((-0.001754 0 -0.004535) (0 -0.77336 0)))
(0.541875 ((-0.001777 0 -0.004606) (0 -0.81773 0)))
(0.542500 ((-0.001800 0 -0.004677) (0 -0.86211 0)))
(0.543125 ((-0.001823 0 -0.004748) (0 -0.89951 0)))
(0.543750 ((-0.001846 0 -0.004819) (0 -0.93691 0)))
(0.544375 ((-0.001869 0 -0.004891) (0 -0.96643 0)))
(0.545000 ((-0.001892 0 -0.004963) (0 -0.99595 0)))
(0.545625 ((-0.001915 0 -0.005036) (0 -1.01671 0)))
(0.546250 ((-0.001938 0 -0.005109) (0 -1.03748 0)))
(0.546875 ((-0.001961 0 -0.005182) (0 -1.04865 0)))
(0.547500 ((-0.001984 0 -0.005256) (0 -1.05983 0)))
(0.548125 ((-0.002007 0 -0.005330) (0 -1.06062 0)))
(0.548750 ((-0.002030 0 -0.005404) (0 -1.06142 0)))
(0.549375 ((-0.002052 0 -0.005480) (0 -1.05109 0)))
(0.550000 ((-0.002075 0 -0.005555) (0 -1.04077 0)))
(0.550625 ((-0.002098 0 -0.005630) (0 -1.01865 0)))
(0.551250 ((-0.002121 0 -0.005706) (0 -0.99653 0)))
(0.551875 ((-0.002143 0 -0.005782) (0 -0.96200 0)))
(0.552500 ((-0.002166 0 -0.005858) (0 -0.92747 0)))
(0.553125 ((-0.002189 0 -0.005934) (0 -0.87998 0)))
(0.553750 ((-0.002211 0 -0.006011) (0 -0.83250 0)))
(0.554375 ((-0.002233 0 -0.006088) (0 -0.77159 0)))
(0.555000 ((-0.002255 0 -0.006164) (0 -0.71068 0)))
(0.555625 ((-0.002277 0 -0.006241) (0 -0.63596 0)))
(0.556250 ((-0.002299 0 -0.006318) (0 -0.56123 0)))
(0.556875 ((-0.002321 0 -0.006394) (0 -0.47239 0)))
(0.557500 ((-0.002342 0 -0.006471) (0 -0.38354 0)))
(0.558125 ((-0.002364 0 -0.006547) (0 -0.28035 0)))
(0.558750 ((-0.002385 0 -0.006623) (0 -0.17716 0)))
(0.559375 ((-0.002406 0 -0.006699) (0 -0.05949 0)))
(0.560000 ((-0.002427 0 -0.006775) (0 0.05818 0)))
(0.560625 ((-0.002447 0 -0.006850) (0 0.19037 0)))
(0.561250 ((-0.002468 0 -0.006926) (0 0.32256 0)))
(0.561875 ((-0.002488 0 -0.007000) (0 0.46923 0)))
(0.562500 ((-0.002508 0 -0.007075) (0 0.61590 0)))
(0.563125 ((-0.002527 0 -0.007150) (0 0.77690 0)))
(0.563750 ((-0.002547 0 -0.007224) (0 0.93790 0)))
(0.564375 ((-0.002566 0 -0.007298) (0 1.11301 0)))
(0.565000 ((-0.002586 0 -0.007372) (0 1.28811 0)))
(0.565625 ((-0.002605 0 -0.007446) (0 1.47700 0)))
(0.566250 ((-0.002624 0 -0.007520) (0 1.66588 0)))
(0.566875 ((-0.002642 0 -0.007593) (0 1.86813 0)))
(0.567500 ((-0.002661 0 -0.007667) (0 2.07037 0)))
(0.568125 ((-0.002679 0 -0.007741) (0 2.28548 0)))
(0.568750 ((-0.002698 0 -0.007814) (0 2.50059 0)))
(0.569375 ((-0.002716 0 -0.007889) (0 2.72797 0)))
(0.570000 ((-0.002735 0 -0.007963) (0 2.95535 0)))
(0.570625 ((-0.002753 0 -0.008038) (0 3.19432 0)))
(0.571250 ((-0.002771 0 -0.008114) (0 3.43330 0)))
(0.571875 ((-0.002790 0 -0.008190) (0 3.68312 0)))
(0.572500 ((-0.002808 0 -0.008267) (0 3.93294 0)))
(0.573125 ((-0.002827 0 -0.008345) (0 4.19278 0)))
(0.573750 ((-0.002845 0 -0.008423) (0 4.45262 0)))
(0.574375 ((-0.002864 0 -0.008503) (0 4.72158 0)))
(0.575000 ((-0.002882 0 -0.008584) (0 4.99054 0)))
(0.575625 ((-0.002901 0 -0.008667) (0 5.26765 0)))
(0.576250 ((-0.002920 0 -0.008750) (0 5.54476 0)))
(0.576875 ((-0.002940 0 -0.008836) (0 5.82901 0)))
(0.577500 ((-0.002959 0 -0.008922) (0 6.11325 0)))
(0.578125 ((-0.002979 0 -0.009012) (0 6.40354 0)))
(0.578750 ((-0.002999 0 -0.009102) (0 6.69384 0)))
(0.579375 ((-0.003019 0 -0.009195) (0 6.98906 0)))
(0.580000 ((-0.003039 0 -0.009289) (0 7.28428 0)))
(0.580625 ((-0.003060 0 -0.009387) (0 7.58325 0)))
(0.581250 ((-0.003081 0 -0.009486) (0 7.88223 0)))
(0.581875 ((-0.003103 0 -0.009589) (0 8.18376 0)))
(0.582500 ((-0.003124 0 -0.009692) (0 8.48529 0)))
(0.583125 ((-0.003146 0 -0.009800) (0 8.78815 0)))
(0.583750 ((-0.003168 0 -0.009908) (0 9.09101 0)))
(0.584375 ((-0.003190 0 -0.010021) (0 9.39395 0)))
(0.585000 ((-0.003213 0 -0.010134) (0 9.69688 0)))
(0.585625 ((-0.003235 0 -0.010253) (0 9.99863 0)))
(0.586250 ((-0.003258 0 -0.010372) (0 10.30038 0)))
(0.586875 ((-0.003282 0 -0.010496) (0 10.59967 0)))
(0.587500 ((-0.003305 0 -0.010621) (0 10.89897 0)))
(0.588125 ((-0.003328 0 -0.010750) (0 11.19455 0)))
(0.588750 ((-0.003352 0 -0.010880) (0 11.49012 0)))
(0.589375 ((-0.003375 0 -0.011015) (0 11.78072 0)))
(0.590000 ((-0.003399 0 -0.011150) (0 12.07132 0)))
(0.590625 ((-0.003423 0 -0.011290) (0 12.35571 0)))
(0.591250 ((-0.003447 0 -0.011430) (0 12.64009 0)))
(0.591875 ((-0.003470 0 -0.011575) (0 12.91704 0)))
(0.592500 ((-0.003494 0 -0.011720) (0 13.19399 0)))
(0.593125 ((-0.003517 0 -0.011870) (0 13.46233 0)))
(0.593750 ((-0.003541 0 -0.012019) (0 13.73066 0)))
(0.594375 ((-0.003564 0 -0.012173) (0 13.98922 0)))
(0.595000 ((-0.003586 0 -0.012326) (0 14.24779 0)))
(0.595625 ((-0.003609 0 -0.012484) (0 14.49547 0)))
(0.596250 ((-0.003631 0 -0.012641) (0 14.74316 0)))
(0.596875 ((-0.003653 0 -0.012801) (0 14.97892 0)))
(0.597500 ((-0.003675 0 -0.012961) (0 15.21467 0)))
(0.598125 ((-0.003696 0 -0.013124) (0 15.43749 0)))
(0.598750 ((-0.003717 0 -0.013287) (0 15.66031 0)))
(0.599375 ((-0.003737 0 -0.013451) (0 15.86925 0)))
(0.600000 ((-0.003757 0 -0.013616) (0 16.07819 0)))
(0.600625 ((-0.003776 0 -0.013782) (0 16.27237 0)))
(0.601250 ((-0.003795 0 -0.013948) (0 16.46655 0)))
(0.601875 ((-0.003812 0 -0.014115) (0 16.64516 0)))
(0.602500 ((-0.003830 0 -0.014282) (0 16.82378 0)))
(0.603125 ((-0.003847 0 -0.014449) (0 16.98609 0)))
(0.603750 ((-0.003864 0 -0.014616) (0 17.14840 0)))
(0.604375 ((-0.003879 0 -0.014783) (0 17.29374 0)))
(0.605000 ((-0.003894 0 -0.014950) (0 17.43908 0)))
(0.605625 ((-0.003909 0 -0.015116) (0 17.56688 0)))
(0.606250 ((-0.003923 0 -0.015282) (0 17.69467 0)))
(0.606875 ((-0.003936 0 -0.015446) (0 17.80442 0)))
(0.607500 ((-0.003948 0 -0.015611) (0 17.91416 0)))
(0.608125 ((-0.003960 0 -0.015774) (0 18.00544 0)))
(0.608750 ((-0.003972 0 -0.015938) (0 18.09671 0)))
(0.609375 ((-0.003982 0 -0.016099) (0 18.16918 0)))
(0.610000 ((-0.003992 0 -0.016260) (0 18.24165 0)))
(0.610625 ((-0.004001 0 -0.016420) (0 18.29507 0)))
(0.611250 ((-0.004010 0 -0.016579) (0 18.34848 0)))
(0.611875 ((-0.004018 0 -0.016736) (0 18.38267 0)))
(0.612500 ((-0.004026 0 -0.016893) (0 18.41685 0)))
(0.613125 ((-0.004033 0 -0.017048) (0 18.43174 0)))
(0.613750 ((-0.004040 0 -0.017202) (0 18.44662 0)))
(0.614375 ((-0.004045 0 -0.017355) (0 18.44219 0)))
(0.615000 ((-0.004051 0 -0.017507) (0 18.43776 0)))
(0.615625 ((-0.004055 0 -0.017658) (0 18.41411 0)))
(0.616250 ((-0.004060 0 -0.017808) (0 18.39045 0)))
(0.616875 ((-0.004063 0 -0.017956) (0 18.34773 0)))
(0.617500 ((-0.004067 0 -0.018104) (0 18.30501 0)))
(0.618125 ((-0.004070 0 -0.018251) (0 18.24346 0)))
(0.618750 ((-0.004072 0 -0.018397) (0 18.18190 0)))
(0.619375 ((-0.004074 0 -0.018542) (0 18.10183 0)))
(0.620000 ((-0.004076 0 -0.018687) (0 18.02176 0)))
(0.620625 ((-0.004076 0 -0.018831) (0 17.92355 0)))
(0.621250 ((-0.004077 0 -0.018974) (0 17.82534 0)))
(0.621875 ((-0.004077 0 -0.019117) (0 17.70944 0)))
(0.622500 ((-0.004077 0 -0.019260) (0 17.59354 0)))
(0.623125 ((-0.004076 0 -0.019402) (0 17.46046 0)))
(0.623750 ((-0.004075 0 -0.019544) (0 17.32738 0)))
(0.624375 ((-0.004073 0 -0.019686) (0 17.17770 0)))
(0.625000 ((-0.004071 0 -0.019828) (0 17.02801 0)))
(0.625625 ((-0.004068 0 -0.019970) (0 16.86235 0)))
(0.626250 ((-0.004066 0 -0.020112) (0 16.69669 0)))
(0.626875 ((-0.004062 0 -0.020255) (0 16.51571 0)))
(0.627500 ((-0.004058 0 -0.020397) (0 16.33474 0)))
(0.628125 ((-0.004054 0 -0.020541) (0 16.13919 0)))
(0.628750 ((-0.004049 0 -0.020684) (0 15.94363 0)))
(0.629375 ((-0.004044 0 -0.020828) (0 15.73425 0)))
(0.630000 ((-0.004039 0 -0.020973) (0 15.52486 0)))
(0.630625 ((-0.004032 0 -0.021118) (0 15.30245 0)))
(0.631250 ((-0.004026 0 -0.021264) (0 15.08003 0)))
(0.631875 ((-0.004018 0 -0.021411) (0 14.84540 0)))
(0.632500 ((-0.004011 0 -0.021558) (0 14.61078 0)))
(0.633125 ((-0.004003 0 -0.021707) (0 14.36479 0)))
(0.633750 ((-0.003994 0 -0.021855) (0 14.11880 0)))
(0.634375 ((-0.003985 0 -0.022006) (0 13.86231 0)))
(0.635000 ((-0.003975 0 -0.022156) (0 13.60583 0)))
(0.635625 ((-0.003965 0 -0.022308) (0 13.33973 0)))
(0.636250 ((-0.003954 0 -0.022460) (0 13.07362 0)))
(0.636875 ((-0.003942 0 -0.022613) (0 12.79879 0)))
(0.637500 ((-0.003931 0 -0.022767) (0 12.52396 0)))
(0.638125 ((-0.003918 0 -0.022922) (0 12.24129 0)))
(0.638750 ((-0.003905 0 -0.023077) (0 11.95862 0)))
(0.639375 ((-0.003891 0 -0.023233) (0 11.66900 0)))
(0.640000 ((-0.003877 0 -0.023389) (0 11.37938 0)))
(0.640625 ((-0.003862 0 -0.023547) (0 11.08370 0)))
(0.641250 ((-0.003847 0 -0.023704) (0 10.78802 0)))
(0.641875 ((-0.003831 0 -0.023862) (0 10.48716 0)))
(0.642500 ((-0.003814 0 -0.024020) (0 10.18629 0)))
(0.643125 ((-0.003797 0 -0.024179) (0 9.88109 0)))
(0.643750 ((-0.003779 0 -0.024337) (0 9.57589 0)))
(0.644375 ((-0.003761 0 -0.024496) (0 9.26720 0)))
(0.645000 ((-0.003742 0 -0.024654) (0 8.95852 0)))
(0.645625 ((-0.003723 0 -0.024812) (0 8.64716 0)))
(0.646250 ((-0.003703 0 -0.024970) (0 8.33581 0)))
(0.646875 ((-0.003683 0 -0.025128) (0 8.02258 0)))
(0.647500 ((-0.003662 0 -0.025285) (0 7.70935 0)))
(0.648125 ((-0.003640 0 -0.025441) (0 7.39502 0)))
(0.648750 ((-0.003619 0 -0.025598) (0 7.08068 0)))
(0.649375 ((-0.003597 0 -0.025752) (0 6.76597 0)))
(0.650000 ((-0.003574 0 -0.025907) (0 6.45126 0)))
(0.650625 ((-0.003551 0 -0.026059) (0 6.13688 0)))
(0.651250 ((-0.003528 0 -0.026212) (0 5.82250 0)))
(0.651875 ((-0.003504 0 -0.026362) (0 5.50911 0)))
(0.652500 ((-0.003480 0 -0.026512) (0 5.19573 0)))
(0.653125 ((-0.003456 0 -0.026660) (0 4.88397 0)))
(0.653750 ((-0.003432 0 -0.026807) (0 4.57221 0)))
(0.654375 ((-0.003407 0 -0.026951) (0 4.26267 0)))
(0.655000 ((-0.003382 0 -0.027096) (0 3.95313 0)))
(0.655625 ((-0.003358 0 -0.027236) (0 3.64636 0)))
(0.656250 ((-0.003333 0 -0.027377) (0 3.33959 0)))
(0.656875 ((-0.003307 0 -0.027514) (0 3.03611 0)))
(0.657500 ((-0.003282 0 -0.027651) (0 2.73263 0)))
(0.658125 ((-0.003257 0 -0.027784) (0 2.43291 0)))
(0.658750 ((-0.003232 0 -0.027917) (0 2.13318 0)))
(0.659375 ((-0.003206 0 -0.028045) (0 1.83765 0)))
(0.660000 ((-0.003181 0 -0.028174) (0 1.54212 0)))
(0.660625 ((-0.003156 0 -0.028298) (0 1.25118 0)))
(0.661250 ((-0.003131 0 -0.028423) (0 0.96024 0)))
(0.661875 ((-0.003106 0 -0.028543) (0 0.67425 0)))
(0.662500 ((-0.003081 0 -0.028663) (0 0.38825 0)))
(0.663125 ((-0.003057 0 -0.028778) (0 0.10752 0)))
(0.663750 ((-0.003032 0 -0.028893) (0 -0.17321 0)))
(0.664375 ((-0.003008 0 -0.029004) (0 -0.44839 0)))
(0.665000 ((-0.002984 0 -0.029115) (0 -0.72358 0)))
(0.665625 ((-0.002960 0 -0.029222) (0 -0.99297 0)))
(0.666250 ((-0.002937 0 -0.029328) (0 -1.26237 0)))
(0.666875 ((-0.002913 0 -0.029430) (0 -1.52576 0)))
(0.667500 ((-0.002890 0 -0.029532) (0 -1.78915 0)))
(0.668125 ((-0.002867 0 -0.029630) (0 -2.04635 0)))
(0.668750 ((-0.002845 0 -0.029728) (0 -2.30356 0)))
(0.669375 ((-0.002822 0 -0.029822) (0 -2.55443 0)))
(0.670000 ((-0.002800 0 -0.029916) (0 -2.80530 0)))
(0.670625 ((-0.002779 0 -0.030005) (0 -3.04972 0)))
(0.671250 ((-0.002757 0 -0.030095) (0 -3.29413 0)))
(0.671875 ((-0.002736 0 -0.030182) (0 -3.53199 0)))
(0.672500 ((-0.002715 0 -0.030268) (0 -3.76986 0)))
(0.673125 ((-0.002694 0 -0.030351) (0 -4.00110 0)))
(0.673750 ((-0.002673 0 -0.030434) (0 -4.23234 0)))
(0.674375 ((-0.002653 0 -0.030514) (0 -4.45690 0)))
(0.675000 ((-0.002633 0 -0.030594) (0 -4.68147 0)))
(0.675625 ((-0.002613 0 -0.030671) (0 -4.89933 0)))
(0.676250 ((-0.002593 0 -0.030748) (0 -5.11720 0)))
(0.676875 ((-0.002574 0 -0.030822) (0 -5.32835 0)))
(0.677500 ((-0.002555 0 -0.030897) (0 -5.53949 0)))
(0.678125 ((-0.002536 0 -0.030969) (0 -5.74393 0)))
(0.678750 ((-0.002516 0 -0.031041) (0 -5.94836 0)))
(0.679375 ((-0.002498 0 -0.031112) (0 -6.14610 0)))
(0.680000 ((-0.002479 0 -0.031182) (0 -6.34384 0)))
(0.680625 ((-0.002460 0 -0.031251) (0 -6.53490 0)))
(0.681250 ((-0.002442 0 -0.031320) (0 -6.72597 0)))
(0.681875 ((-0.002423 0 -0.031387) (0 -6.91040 0)))
(0.682500 ((-0.002405 0 -0.031455) (0 -7.09483 0)))
(0.683125 ((-0.002386 0 -0.031521) (0 -7.27266 0)))
(0.683750 ((-0.002368 0 -0.031588) (0 -7.45050 0)))
(0.684375 ((-0.002350 0 -0.031653) (0 -7.62180 0)))
(0.685000 ((-0.002331 0 -0.031719) (0 -7.79309 0)))
(0.685625 ((-0.002313 0 -0.031784) (0 -7.95789 0)))
(0.686250 ((-0.002294 0 -0.031849) (0 -8.12269 0)))
(0.686875 ((-0.002276 0 -0.031914) (0 -8.28105 0)))
(0.687500 ((-0.002257 0 -0.031978) (0 -8.43941 0)))
(0.688125 ((-0.002239 0 -0.032043) (0 -8.59139 0)))
(0.688750 ((-0.002220 0 -0.032108) (0 -8.74337 0)))
(0.689375 ((-0.002201 0 -0.032172) (0 -8.88903 0)))
(0.690000 ((-0.002182 0 -0.032237) (0 -9.03468 0)))
(0.690625 ((-0.002163 0 -0.032302) (0 -9.17406 0)))
(0.691250 ((-0.002144 0 -0.032366) (0 -9.31344 0)))
(0.691875 ((-0.002124 0 -0.032432) (0 -9.44660 0)))
(0.692500 ((-0.002105 0 -0.032497) (0 -9.57976 0)))
(0.693125 ((-0.002085 0 -0.032562) (0 -9.70675 0)))
(0.693750 ((-0.002065 0 -0.032627) (0 -9.83374 0)))
(0.694375 ((-0.002045 0 -0.032693) (0 -9.95460 0)))
(0.695000 ((-0.002025 0 -0.032759) (0 -10.07547 0)))
(0.695625 ((-0.002005 0 -0.032825) (0 -10.19026 0)))
(0.696250 ((-0.001985 0 -0.032892) (0 -10.30505 0)))
(0.696875 ((-0.001964 0 -0.032958) (0 -10.41380 0)))
(0.697500 ((-0.001943 0 -0.033025) (0 -10.52255 0)))
(0.698125 ((-0.001922 0 -0.033092) (0 -10.62530 0)))
(0.698750 ((-0.001901 0 -0.033159) (0 -10.72805 0)))
(0.699375 ((-0.001879 0 -0.033227) (0 -10.82484 0)))
(0.700000 ((-0.001858 0 -0.033295) (0 -10.92162 0)))
(0.700625 ((-0.001836 0 -0.033362) (0 -11.01247 0)))
(0.701250 ((-0.001814 0 -0.033430) (0 -11.10333 0)))
(0.701875 ((-0.001792 0 -0.033499) (0 -11.18828 0)))
(0.702500 ((-0.001770 0 -0.033567) (0 -11.27323 0)))
(0.703125 ((-0.001747 0 -0.033635) (0 -11.35230 0)))
(0.703750 ((-0.001724 0 -0.033704) (0 -11.43138 0)))
(0.704375 ((-0.001702 0 -0.033772) (0 -11.50461 0)))
(0.705000 ((-0.001679 0 -0.033841) (0 -11.57783 0)))
(0.705625 ((-0.001656 0 -0.033910) (0 -11.64525 0)))
(0.706250 ((-0.001633 0 -0.033979) (0 -11.71266 0)))
(0.706875 ((-0.001609 0 -0.034047) (0 -11.77428 0)))
(0.707500 ((-0.001586 0 -0.034116) (0 -11.83590 0)))
(0.708125 ((-0.001563 0 -0.034185) (0 -11.89176 0)))
(0.708750 ((-0.001539 0 -0.034254) (0 -11.94762 0)))
(0.709375 ((-0.001515 0 -0.034322) (0 -11.99776 0)))
(0.710000 ((-0.001492 0 -0.034391) (0 -12.04789 0)))
(0.710625 ((-0.001468 0 -0.034460) (0 -12.09234 0)))
(0.711250 ((-0.001444 0 -0.034528) (0 -12.13678 0)))
(0.711875 ((-0.001420 0 -0.034596) (0 -12.17558 0)))
(0.712500 ((-0.001396 0 -0.034665) (0 -12.21438 0)))
(0.713125 ((-0.001371 0 -0.034733) (0 -12.24757 0)))
(0.713750 ((-0.001347 0 -0.034801) (0 -12.28077 0)))
(0.714375 ((-0.001323 0 -0.034869) (0 -12.30841 0)))
(0.715000 ((-0.001298 0 -0.034937) (0 -12.33606 0)))
(0.715625 ((-0.001273 0 -0.035005) (0 -12.35822 0)))
(0.716250 ((-0.001249 0 -0.035073) (0 -12.38038 0)))
(0.716875 ((-0.001224 0 -0.035140) (0 -12.39712 0)))
(0.717500 ((-0.001199 0 -0.035208) (0 -12.41387 0)))
(0.718125 ((-0.001174 0 -0.035275) (0 -12.42527 0)))
(0.718750 ((-0.001149 0 -0.035343) (0 -12.43667 0)))
(0.719375 ((-0.001124 0 -0.035410) (0 -12.44282 0)))
(0.720000 ((-0.001099 0 -0.035478) (0 -12.44897 0)))
(0.720625 ((-0.001074 0 -0.035545) (0 -12.44996 0)))
(0.721250 ((-0.001048 0 -0.035612) (0 -12.45096 0)))
(0.721875 ((-0.001022 0 -0.035680) (0 -12.44691 0)))
(0.722500 ((-0.000997 0 -0.035747) (0 -12.44286 0)))
(0.723125 ((-0.000971 0 -0.035815) (0 -12.43388 0)))
(0.723750 ((-0.000945 0 -0.035882) (0 -12.42490 0)))
(0.724375 ((-0.000919 0 -0.035950) (0 -12.41113 0)))
(0.725000 ((-0.000892 0 -0.036017) (0 -12.39736 0)))
(0.725625 ((-0.000866 0 -0.036085) (0 -12.37893 0)))
(0.726250 ((-0.000839 0 -0.036153) (0 -12.36050 0)))
(0.726875 ((-0.000812 0 -0.036221) (0 -12.33758 0)))
(0.727500 ((-0.000786 0 -0.036289) (0 -12.31465 0)))
(0.728125 ((-0.000758 0 -0.036357) (0 -12.28739 0)))
(0.728750 ((-0.000731 0 -0.036426) (0 -12.26013 0)))
(0.729375 ((-0.000704 0 -0.036494) (0 -12.22870 0)))
(0.730000 ((-0.000676 0 -0.036563) (0 -12.19728 0)))
(0.730625 ((-0.000648 0 -0.036631) (0 -12.16189 0)))
(0.731250 ((-0.000620 0 -0.036700) (0 -12.12649 0)))
(0.731875 ((-0.000592 0 -0.036769) (0 -12.08732 0)))
(0.732500 ((-0.000564 0 -0.036837) (0 -12.04814 0)))
(0.733125 ((-0.000536 0 -0.036906) (0 -12.00540 0)))
(0.733750 ((-0.000507 0 -0.036975) (0 -11.96265 0)))
(0.734375 ((-0.000479 0 -0.037043) (0 -11.91655 0)))
(0.735000 ((-0.000450 0 -0.037111) (0 -11.87044 0)))
(0.735625 ((-0.000421 0 -0.037180) (0 -11.82120 0)))
(0.736250 ((-0.000393 0 -0.037248) (0 -11.77196 0)))
(0.736875 ((-0.000364 0 -0.037315) (0 -11.71981 0)))
(0.737500 ((-0.000335 0 -0.037383) (0 -11.66766 0)))
(0.738125 ((-0.000307 0 -0.037449) (0 -11.61283 0)))
(0.738750 ((-0.000278 0 -0.037516) (0 -11.55801 0)))
(0.739375 ((-0.000250 0 -0.037581) (0 -11.50074 0)))
(0.740000 ((-0.000222 0 -0.037646) (0 -11.44348 0)))
(0.740625 ((-0.000194 0 -0.037710) (0 -11.38402 0)))
(0.741250 ((-0.000166 0 -0.037774) (0 -11.32456 0)))
(0.741875 ((-0.000139 0 -0.037835) (0 -11.26315 0)))
(0.742500 ((-0.000112 0 -0.037897) (0 -11.20174 0)))
(0.743125 ((-0.000086 0 -0.037956) (0 -11.13863 0)))
(0.743750 ((-0.000060 0 -0.038016) (0 -11.07551 0)))
(0.744375 ((-0.000035 0 -0.038072) (0 -11.01093 0)))
(0.745000 ((-0.000009 0 -0.038129) (0 -10.94635 0)))
(0.745625 ((0.000014 0 -0.038182) (0 -10.88056 0)))
(0.746250 ((0.000038 0 -0.038235) (0 -10.81476 0)))
(0.746875 ((0.000061 0 -0.038284) (0 -10.74798 0)))
(0.747500 ((0.000083 0 -0.038334) (0 -10.68121 0)))
(0.748125 ((0.000103 0 -0.038379) (0 -10.61369 0)))
(0.748750 ((0.000124 0 -0.038424) (0 -10.54617 0)))
(0.749375 ((0.000143 0 -0.038465) (0 -10.47814 0)))
(0.750000 ((0.000161 0 -0.038505) (0 -10.41011 0)))
(0.750625 ((0.000177 0 -0.038541) (0 -10.34179 0)))
(0.751250 ((0.000194 0 -0.038576) (0 -10.27348 0)))
(0.751875 ((0.000207 0 -0.038606) (0 -10.20510 0)))
(0.752500 ((0.000221 0 -0.038636) (0 -10.13671 0)))
(0.753125 ((0.000232 0 -0.038660) (0 -10.06847 0)))
(0.753750 ((0.000243 0 -0.038684) (0 -10.00023 0)))
(0.754375 ((0.000252 0 -0.038702) (0 -9.93233 0)))
(0.755000 ((0.000260 0 -0.038720) (0 -9.86443 0)))
(0.755625 ((0.000265 0 -0.038732) (0 -9.79707 0)))
(0.756250 ((0.000271 0 -0.038743) (0 -9.72971 0)))
(0.756875 ((0.000273 0 -0.038748) (0 -9.66307 0)))
(0.757500 ((0.000275 0 -0.038753) (0 -9.59642 0)))
(0.758125 ((0.000274 0 -0.038751) (0 -9.53067 0)))
(0.758750 ((0.000274 0 -0.038749) (0 -9.46491 0)))
(0.759375 ((0.000269 0 -0.038740) (0 -9.40021 0)))
(0.760000 ((0.000266 0 -0.038732) (0 -9.33550 0)))
(0.760625 ((0.000258 0 -0.038716) (0 -9.27200 0)))
(0.761250 ((0.000251 0 -0.038701) (0 -9.20850 0)))
(0.761875 ((0.000241 0 -0.038678) (0 -9.14633 0)))
(0.762500 ((0.000231 0 -0.038656) (0 -9.08417 0)))
(0.763125 ((0.000217 0 -0.038627) (0 -9.02348 0)))
(0.763750 ((0.000204 0 -0.038598) (0 -8.96279 0)))
(0.764375 ((0.000188 0 -0.038563) (0 -8.90368 0)))
(0.765000 ((0.000172 0 -0.038528) (0 -8.84458 0)))
(0.765625 ((0.000153 0 -0.038487) (0 -8.78718 0)))
(0.766250 ((0.000134 0 -0.038446) (0 -8.72978 0)))
(0.766875 ((0.000113 0 -0.038399) (0 -8.67418 0)))
(0.767500 ((0.000091 0 -0.038352) (0 -8.61857 0)))
(0.768125 ((0.000068 0 -0.038300) (0 -8.56487 0)))
(0.768750 ((0.000044 0 -0.038248) (0 -8.51116 0)))
(0.769375 ((0.000018 0 -0.038191) (0 -8.45943 0)))
(0.770000 ((-0.000007 0 -0.038134) (0 -8.40771 0)))
(0.770625 ((-0.000034 0 -0.038072) (0 -8.35804 0)))
(0.771250 ((-0.000062 0 -0.038011) (0 -8.30838 0)))
(0.771875 ((-0.000091 0 -0.037946) (0 -8.26084 0)))
(0.772500 ((-0.000119 0 -0.037881) (0 -8.21331 0)))
(0.773125 ((-0.000149 0 -0.037812) (0 -8.16799 0)))
(0.773750 ((-0.000179 0 -0.037744) (0 -8.12267 0)))
(0.774375 ((-0.000210 0 -0.037673) (0 -8.07962 0)))
(0.775000 ((-0.000241 0 -0.037602) (0 -8.03657 0)))
(0.775625 ((-0.000273 0 -0.037529) (0 -7.99587 0)))
(0.776250 ((-0.000304 0 -0.037456) (0 -7.95517 0)))
(0.776875 ((-0.000336 0 -0.037381) (0 -7.91688 0)))
(0.777500 ((-0.000368 0 -0.037306) (0 -7.87859 0)))
(0.778125 ((-0.000400 0 -0.037230) (0 -7.84278 0)))
(0.778750 ((-0.000432 0 -0.037154) (0 -7.80698 0)))
(0.779375 ((-0.000464 0 -0.037077) (0 -7.77374 0)))
(0.780000 ((-0.000496 0 -0.037001) (0 -7.74049 0)))
(0.780625 ((-0.000528 0 -0.036924) (0 -7.70989 0)))
(0.781250 ((-0.000560 0 -0.036847) (0 -7.67929 0)))
(0.781875 ((-0.000591 0 -0.036770) (0 -7.65141 0)))
(0.782500 ((-0.000623 0 -0.036694) (0 -7.62353 0)))
(0.783125 ((-0.000654 0 -0.036618) (0 -7.59848 0)))
(0.783750 ((-0.000685 0 -0.036541) (0 -7.57342 0)))
(0.784375 ((-0.000715 0 -0.036466) (0 -7.55129 0)))
(0.785000 ((-0.000745 0 -0.036390) (0 -7.52917 0)))
(0.785625 ((-0.000775 0 -0.036316) (0 -7.51008 0)))
(0.786250 ((-0.000805 0 -0.036241) (0 -7.49099 0)))
(0.786875 ((-0.000834 0 -0.036167) (0 -7.47507 0)))
(0.787500 ((-0.000863 0 -0.036094) (0 -7.45914 0)))
(0.788125 ((-0.000891 0 -0.036021) (0 -7.44653 0)))
(0.788750 ((-0.000919 0 -0.035948) (0 -7.43391 0)))
(0.789375 ((-0.000947 0 -0.035877) (0 -7.42476 0)))
(0.790000 ((-0.000975 0 -0.035805) (0 -7.41560 0)))
(0.790625 ((-0.001002 0 -0.035735) (0 -7.41007 0)))
(0.791250 ((-0.001029 0 -0.035664) (0 -7.40454 0)))
(0.791875 ((-0.001055 0 -0.035594) (0 -7.40282 0)))
(0.792500 ((-0.001081 0 -0.035525) (0 -7.40110 0)))
(0.793125 ((-0.001107 0 -0.035456) (0 -7.40338 0)))
(0.793750 ((-0.001133 0 -0.035387) (0 -7.40567 0)))
(0.794375 ((-0.001158 0 -0.035318) (0 -7.41217 0)))
(0.795000 ((-0.001184 0 -0.035250) (0 -7.41867 0)))
(0.795625 ((-0.001209 0 -0.035182) (0 -7.42962 0)))
(0.796250 ((-0.001234 0 -0.035114) (0 -7.44057 0)))
(0.796875 ((-0.001259 0 -0.035046) (0 -7.45620 0)))
(0.797500 ((-0.001283 0 -0.034978) (0 -7.47184 0)))
(0.798125 ((-0.001308 0 -0.034910) (0 -7.49241 0)))
(0.798750 ((-0.001332 0 -0.034842) (0 -7.51299 0)))
(0.799375 ((-0.001357 0 -0.034774) (0 -7.53878 0)))
(0.800000 ((-0.001381 0 -0.034706) (0 -7.56456 0)))
(0.800625 ((-0.001405 0 -0.034637) (0 -7.59584 0)))
(0.801250 ((-0.001430 0 -0.034569) (0 -7.62712 0)))
(0.801875 ((-0.001454 0 -0.034499) (0 -7.66419 0)))
(0.802500 ((-0.001478 0 -0.034430) (0 -7.70125 0)))
(0.803125 ((-0.001502 0 -0.034360) (0 -7.74439 0)))
(0.803750 ((-0.001527 0 -0.034291) (0 -7.78754 0)))
(0.804375 ((-0.001551 0 -0.034220) (0 -7.83708 0)))
(0.805000 ((-0.001575 0 -0.034149) (0 -7.88661 0)))
(0.805625 ((-0.001599 0 -0.034078) (0 -7.94285 0)))
(0.806250 ((-0.001623 0 -0.034006) (0 -7.99909 0)))
(0.806875 ((-0.001648 0 -0.033934) (0 -8.06234 0)))
(0.807500 ((-0.001672 0 -0.033862) (0 -8.12559 0)))
(0.808125 ((-0.001696 0 -0.033789) (0 -8.19618 0)))
(0.808750 ((-0.001720 0 -0.033716) (0 -8.26676 0)))
(0.809375 ((-0.001745 0 -0.033642) (0 -8.34499 0)))
(0.810000 ((-0.001769 0 -0.033568) (0 -8.42321 0)))
(0.810625 ((-0.001793 0 -0.033494) (0 -8.50938 0)))
(0.811250 ((-0.001817 0 -0.033420) (0 -8.59555 0)))
(0.811875 ((-0.001841 0 -0.033345) (0 -8.68997 0)))
(0.812500 ((-0.001865 0 -0.033270) (0 -8.78438 0)))
(0.813125 ((-0.001889 0 -0.033196) (0 -8.88733 0)))
(0.813750 ((-0.001913 0 -0.033121) (0 -8.99027 0)))
(0.814375 ((-0.001936 0 -0.033046) (0 -9.10201 0)))
(0.815000 ((-0.001960 0 -0.032970) (0 -9.21374 0)))
(0.815625 ((-0.001983 0 -0.032896) (0 -9.33453 0)))
(0.816250 ((-0.002006 0 -0.032821) (0 -9.45531 0)))
(0.816875 ((-0.002029 0 -0.032746) (0 -9.58537 0)))
(0.817500 ((-0.002052 0 -0.032671) (0 -9.71542 0)))
(0.818125 ((-0.002075 0 -0.032597) (0 -9.85495 0)))
(0.818750 ((-0.002097 0 -0.032523) (0 -9.99448 0)))
(0.819375 ((-0.002119 0 -0.032449) (0 -10.14366 0)))
(0.820000 ((-0.002141 0 -0.032376) (0 -10.29283 0)))
(0.820625 ((-0.002163 0 -0.032303) (0 -10.45179 0)))
(0.821250 ((-0.002184 0 -0.032230) (0 -10.61075 0)))
(0.821875 ((-0.002205 0 -0.032157) (0 -10.77960 0)))
(0.822500 ((-0.002227 0 -0.032085) (0 -10.94844 0)))
(0.823125 ((-0.002247 0 -0.032013) (0 -11.12723 0)))
(0.823750 ((-0.002268 0 -0.031942) (0 -11.30603 0)))
(0.824375 ((-0.002288 0 -0.031871) (0 -11.49479 0)))
(0.825000 ((-0.002308 0 -0.031800) (0 -11.68354 0)))
(0.825625 ((-0.002328 0 -0.031729) (0 -11.88225 0)))
(0.826250 ((-0.002348 0 -0.031658) (0 -12.08095 0)))
(0.826875 ((-0.002368 0 -0.031588) (0 -12.28951 0)))
(0.827500 ((-0.002387 0 -0.031518) (0 -12.49808 0)))
(0.828125 ((-0.002407 0 -0.031448) (0 -12.71638 0)))
(0.828750 ((-0.002426 0 -0.031377) (0 -12.93468 0)))
(0.829375 ((-0.002445 0 -0.031307) (0 -13.16255 0)))
(0.830000 ((-0.002465 0 -0.031236) (0 -13.39041 0)))
(0.830625 ((-0.002484 0 -0.031164) (0 -13.62759 0)))
(0.831250 ((-0.002503 0 -0.031093) (0 -13.86477 0)))
(0.831875 ((-0.002522 0 -0.031020) (0 -14.11099 0)))
(0.832500 ((-0.002541 0 -0.030948) (0 -14.35720 0)))
(0.833125 ((-0.002561 0 -0.030873) (0 -14.61209 0)))
(0.833750 ((-0.002580 0 -0.030799) (0 -14.86698 0)))
(0.834375 ((-0.002600 0 -0.030723) (0 -15.13013 0)))
(0.835000 ((-0.002620 0 -0.030646) (0 -15.39329 0)))
(0.835625 ((-0.002640 0 -0.030567) (0 -15.66424 0)))
(0.836250 ((-0.002660 0 -0.030488) (0 -15.93518 0)))
(0.836875 ((-0.002680 0 -0.030405) (0 -16.21339 0)))
(0.837500 ((-0.002701 0 -0.030323) (0 -16.49160 0)))
(0.838125 ((-0.002722 0 -0.030236) (0 -16.77648 0)))
(0.838750 ((-0.002744 0 -0.030150) (0 -17.06136 0)))
(0.839375 ((-0.002765 0 -0.030060) (0 -17.35226 0)))
(0.840000 ((-0.002787 0 -0.029969) (0 -17.64315 0)))
(0.840625 ((-0.002810 0 -0.029874) (0 -17.93935 0)))
(0.841250 ((-0.002833 0 -0.029779) (0 -18.23556 0)))
(0.841875 ((-0.002856 0 -0.029678) (0 -18.53630 0)))
(0.842500 ((-0.002880 0 -0.029578) (0 -18.83705 0)))
(0.843125 ((-0.002904 0 -0.029472) (0 -19.14151 0)))
(0.843750 ((-0.002928 0 -0.029366) (0 -19.44598 0)))
(0.844375 ((-0.002953 0 -0.029254) (0 -19.75329 0)))
(0.845000 ((-0.002978 0 -0.029143) (0 -20.06060 0)))
(0.845625 ((-0.003004 0 -0.029025) (0 -20.36983 0)))
(0.846250 ((-0.003029 0 -0.028907) (0 -20.67907 0)))
(0.846875 ((-0.003056 0 -0.028783) (0 -20.98926 0)))
(0.847500 ((-0.003082 0 -0.028660) (0 -21.29945 0)))
(0.848125 ((-0.003109 0 -0.028530) (0 -21.60959 0)))
(0.848750 ((-0.003136 0 -0.028400) (0 -21.91973 0)))
(0.849375 ((-0.003163 0 -0.028265) (0 -22.22877 0)))
(0.850000 ((-0.003190 0 -0.028129) (0 -22.53780 0)))
(0.850625 ((-0.003218 0 -0.027988) (0 -22.84466 0)))
(0.851250 ((-0.003245 0 -0.027846) (0 -23.15152 0)))
(0.851875 ((-0.003273 0 -0.027700) (0 -23.45508 0)))
(0.852500 ((-0.003300 0 -0.027553) (0 -23.75865 0)))
(0.853125 ((-0.003328 0 -0.027401) (0 -24.05779 0)))
(0.853750 ((-0.003355 0 -0.027249) (0 -24.35694 0)))
(0.854375 ((-0.003383 0 -0.027093) (0 -24.65051 0)))
(0.855000 ((-0.003410 0 -0.026937) (0 -24.94409 0)))
(0.855625 ((-0.003437 0 -0.026777) (0 -25.23093 0)))
(0.856250 ((-0.003464 0 -0.026617) (0 -25.51778 0)))
(0.856875 ((-0.003490 0 -0.026453) (0 -25.79673 0)))
(0.857500 ((-0.003516 0 -0.026289) (0 -26.07569 0)))
(0.858125 ((-0.003541 0 -0.026123) (0 -26.34558 0)))
(0.858750 ((-0.003567 0 -0.025957) (0 -26.61548 0)))
(0.859375 ((-0.003591 0 -0.025788) (0 -26.87516 0)))
(0.860000 ((-0.003616 0 -0.025620) (0 -27.13484 0)))
(0.860625 ((-0.003639 0 -0.025450) (0 -27.38317 0)))
(0.861250 ((-0.003663 0 -0.025281) (0 -27.63151 0)))
(0.861875 ((-0.003685 0 -0.025110) (0 -27.86736 0)))
(0.862500 ((-0.003707 0 -0.024940) (0 -28.10322 0)))
(0.863125 ((-0.003728 0 -0.024769) (0 -28.32551 0)))
(0.863750 ((-0.003749 0 -0.024599) (0 -28.54781 0)))
(0.864375 ((-0.003769 0 -0.024429) (0 -28.75548 0)))
(0.865000 ((-0.003788 0 -0.024259) (0 -28.96315 0)))
(0.865625 ((-0.003806 0 -0.024090) (0 -29.15518 0)))
(0.866250 ((-0.003825 0 -0.023921) (0 -29.34721 0)))
(0.866875 ((-0.003842 0 -0.023753) (0 -29.52263 0)))
(0.867500 ((-0.003859 0 -0.023586) (0 -29.69805 0)))
(0.868125 ((-0.003874 0 -0.023420) (0 -29.85596 0)))
(0.868750 ((-0.003889 0 -0.023255) (0 -30.01386 0)))
(0.869375 ((-0.003904 0 -0.023091) (0 -30.15338 0)))
(0.870000 ((-0.003918 0 -0.022928) (0 -30.29290 0)))
(0.870625 ((-0.003931 0 -0.022766) (0 -30.41326 0)))
(0.871250 ((-0.003943 0 -0.022605) (0 -30.53362 0)))
(0.871875 ((-0.003955 0 -0.022446) (0 -30.63409 0)))
(0.872500 ((-0.003966 0 -0.022288) (0 -30.73456 0)))
(0.873125 ((-0.003977 0 -0.022131) (0 -30.81451 0)))
(0.873750 ((-0.003987 0 -0.021974) (0 -30.89445 0)))
(0.874375 ((-0.003996 0 -0.021820) (0 -30.95331 0)))
(0.875000 ((-0.004005 0 -0.021666) (0 -31.01217 0)))
(0.875625 ((-0.004013 0 -0.021513) (0 -31.04947 0)))
(0.876250 ((-0.004021 0 -0.021361) (0 -31.08677 0)))
(0.876875 ((-0.004028 0 -0.021210) (0 -31.10213 0)))
(0.877500 ((-0.004035 0 -0.021060) (0 -31.11748 0)))
(0.878125 ((-0.004041 0 -0.020910) (0 -31.11060 0)))
(0.878750 ((-0.004047 0 -0.020760) (0 -31.10372 0)))
(0.879375 ((-0.004051 0 -0.020612) (0 -31.07440 0)))
(0.880000 ((-0.004056 0 -0.020463) (0 -31.04509 0)))
(0.880625 ((-0.004060 0 -0.020315) (0 -30.99324 0)))
(0.881250 ((-0.004064 0 -0.020166) (0 -30.94139 0)))
(0.881875 ((-0.004067 0 -0.020018) (0 -30.86700 0)))
(0.882500 ((-0.004070 0 -0.019869) (0 -30.79262 0)))
(0.883125 ((-0.004072 0 -0.019720) (0 -30.69581 0)))
(0.883750 ((-0.004075 0 -0.019570) (0 -30.59899 0)))
(0.884375 ((-0.004076 0 -0.019420) (0 -30.47995 0)))
(0.885000 ((-0.004077 0 -0.019270) (0 -30.36091 0)))
(0.885625 ((-0.004077 0 -0.019117) (0 -30.21994 0)))
(0.886250 ((-0.004077 0 -0.018965) (0 -30.07897 0)))
(0.886875 ((-0.004076 0 -0.018811) (0 -29.91648 0)))
(0.887500 ((-0.004075 0 -0.018657) (0 -29.75399 0)))
(0.888125 ((-0.004073 0 -0.018500) (0 -29.57048 0)))
(0.888750 ((-0.004071 0 -0.018344) (0 -29.38696 0)))
(0.889375 ((-0.004068 0 -0.018185) (0 -29.18303 0)))
(0.890000 ((-0.004065 0 -0.018025) (0 -28.97909 0)))
(0.890625 ((-0.004061 0 -0.017863) (0 -28.75542 0)))
(0.891250 ((-0.004057 0 -0.017701) (0 -28.53174 0)))
(0.891875 ((-0.004051 0 -0.017536) (0 -28.28912 0)))
(0.892500 ((-0.004046 0 -0.017371) (0 -28.04650 0)))
(0.893125 ((-0.004039 0 -0.017203) (0 -27.78579 0)))
(0.893750 ((-0.004033 0 -0.017035) (0 -27.52508 0)))
(0.894375 ((-0.004024 0 -0.016864) (0 -27.24724 0)))
(0.895000 ((-0.004016 0 -0.016694) (0 -26.96940 0)))
(0.895625 ((-0.004007 0 -0.016520) (0 -26.67544 0)))
(0.896250 ((-0.003997 0 -0.016347) (0 -26.38149 0)))
(0.896875 ((-0.003986 0 -0.016171) (0 -26.07252 0)))
(0.897500 ((-0.003975 0 -0.015996) (0 -25.76356 0)))
(0.898125 ((-0.003963 0 -0.015818) (0 -25.44074 0)))
(0.898750 ((-0.003951 0 -0.015641) (0 -25.11793 0)))
(0.899375 ((-0.003937 0 -0.015462) (0 -24.78248 0)))
(0.900000 ((-0.003923 0 -0.015284) (0 -24.44703 0)))
(0.900625 ((-0.003908 0 -0.015104) (0 -24.10023 0)))
(0.901250 ((-0.003892 0 -0.014925) (0 -23.75342 0)))
(0.901875 ((-0.003875 0 -0.014745) (0 -23.39657 0)))
(0.902500 ((-0.003859 0 -0.014565) (0 -23.03973 0)))
(0.903125 ((-0.003841 0 -0.014386) (0 -22.67419 0)))
(0.903750 ((-0.003822 0 -0.014207) (0 -22.30865 0)))
(0.904375 ((-0.003803 0 -0.014029) (0 -21.93580 0)))
(0.905000 ((-0.003784 0 -0.013852) (0 -21.56296 0)))
(0.905625 ((-0.003763 0 -0.013676) (0 -21.18421 0)))
(0.906250 ((-0.003743 0 -0.013500) (0 -20.80546 0)))
(0.906875 ((-0.003721 0 -0.013327) (0 -20.42222 0)))
(0.907500 ((-0.003700 0 -0.013153) (0 -20.03897 0)))
(0.908125 ((-0.003677 0 -0.012983) (0 -19.65266 0)))
(0.908750 ((-0.003655 0 -0.012813) (0 -19.26635 0)))
(0.909375 ((-0.003632 0 -0.012647) (0 -18.87839 0)))
(0.910000 ((-0.003609 0 -0.012481) (0 -18.49042 0)))
(0.910625 ((-0.003585 0 -0.012319) (0 -18.10220 0)))
(0.911250 ((-0.003561 0 -0.012157) (0 -17.71399 0)))
(0.911875 ((-0.003537 0 -0.012000) (0 -17.32690 0)))
(0.912500 ((-0.003513 0 -0.011842) (0 -16.93982 0)))
(0.913125 ((-0.003489 0 -0.011690) (0 -16.55523 0)))
(0.913750 ((-0.003465 0 -0.011538) (0 -16.17063 0)))
(0.914375 ((-0.003440 0 -0.011392) (0 -15.78984 0)))
(0.915000 ((-0.003416 0 -0.011245) (0 -15.40906 0)))
(0.915625 ((-0.003391 0 -0.011104) (0 -15.03335 0)))
(0.916250 ((-0.003367 0 -0.010964) (0 -14.65765 0)))
(0.916875 ((-0.003342 0 -0.010828) (0 -14.28825 0)))
(0.917500 ((-0.003318 0 -0.010693) (0 -13.91886 0)))
(0.918125 ((-0.003294 0 -0.010564) (0 -13.55694 0)))
(0.918750 ((-0.003270 0 -0.010434) (0 -13.19502 0)))
(0.919375 ((-0.003246 0 -0.010310) (0 -12.84168 0)))
(0.920000 ((-0.003223 0 -0.010186) (0 -12.48833 0)))
(0.920625 ((-0.003199 0 -0.010068) (0 -12.14460 0)))
(0.921250 ((-0.003176 0 -0.009950) (0 -11.80087 0)))
(0.921875 ((-0.003153 0 -0.009836) (0 -11.46771 0)))
(0.922500 ((-0.003130 0 -0.009723) (0 -11.13454 0)))
(0.923125 ((-0.003108 0 -0.009615) (0 -10.81282 0)))
(0.923750 ((-0.003085 0 -0.009506) (0 -10.49110 0)))
(0.924375 ((-0.003063 0 -0.009402) (0 -10.18161 0)))
(0.925000 ((-0.003041 0 -0.009298) (0 -9.87213 0)))
(0.925625 ((-0.003020 0 -0.009198) (0 -9.57558 0)))
(0.926250 ((-0.002998 0 -0.009099) (0 -9.27902 0)))
(0.926875 ((-0.002977 0 -0.009002) (0 -8.99602 0)))
(0.927500 ((-0.002956 0 -0.008906) (0 -8.71301 0)))
(0.928125 ((-0.002935 0 -0.008813) (0 -8.44407 0)))
(0.928750 ((-0.002914 0 -0.008720) (0 -8.17512 0)))
(0.929375 ((-0.002893 0 -0.008629) (0 -7.92066 0)))
(0.930000 ((-0.002872 0 -0.008539) (0 -7.66619 0)))
(0.930625 ((-0.002851 0 -0.008451) (0 -7.42653 0)))
(0.931250 ((-0.002831 0 -0.008363) (0 -7.18686 0)))
(0.931875 ((-0.002810 0 -0.008276) (0 -6.96222 0)))
(0.932500 ((-0.002790 0 -0.008190) (0 -6.73758 0)))
(0.933125 ((-0.002769 0 -0.008105) (0 -6.52809 0)))
(0.933750 ((-0.002749 0 -0.008021) (0 -6.31860 0)))
(0.934375 ((-0.002728 0 -0.007937) (0 -6.12428 0)))
(0.935000 ((-0.002708 0 -0.007853) (0 -5.92997 0)))
(0.935625 ((-0.002687 0 -0.007771) (0 -5.75076 0)))
(0.936250 ((-0.002666 0 -0.007688) (0 -5.57156 0)))
(0.936875 ((-0.002646 0 -0.007606) (0 -5.40730 0)))
(0.937500 ((-0.002625 0 -0.007524) (0 -5.24305 0)))
(0.938125 ((-0.002604 0 -0.007442) (0 -5.09349 0)))
(0.938750 ((-0.002583 0 -0.007360) (0 -4.94393 0)))
(0.939375 ((-0.002561 0 -0.007279) (0 -4.80874 0)))
(0.940000 ((-0.002540 0 -0.007198) (0 -4.67355 0)))
(0.940625 ((-0.002519 0 -0.007117) (0 -4.55230 0)))
(0.941250 ((-0.002497 0 -0.007036) (0 -4.43105 0)))
(0.941875 ((-0.002475 0 -0.006955) (0 -4.32325 0)))
(0.942500 ((-0.002454 0 -0.006874) (0 -4.21544 0)))
(0.943125 ((-0.002432 0 -0.006793) (0 -4.12052 0)))
(0.943750 ((-0.002410 0 -0.006713) (0 -4.02559 0)))
(0.944375 ((-0.002388 0 -0.006633) (0 -3.94290 0)))
(0.945000 ((-0.002365 0 -0.006553) (0 -3.86021 0)))
(0.945625 ((-0.002343 0 -0.006473) (0 -3.78907 0)))
(0.946250 ((-0.002321 0 -0.006393) (0 -3.71793 0)))
(0.946875 ((-0.002298 0 -0.006314) (0 -3.65757 0)))
(0.947500 ((-0.002276 0 -0.006235) (0 -3.59722 0)))
(0.948125 ((-0.002253 0 -0.006156) (0 -3.54685 0)))
(0.948750 ((-0.002230 0 -0.006077) (0 -3.49649 0)))
(0.949375 ((-0.002207 0 -0.005999) (0 -3.45528 0)))
(0.950000 ((-0.002185 0 -0.005921) (0 -3.41407 0)))
(0.950625 ((-0.002162 0 -0.005844) (0 -3.38114 0)))
(0.951250 ((-0.002139 0 -0.005766) (0 -3.34820 0)))
(0.951875 ((-0.002116 0 -0.005690) (0 -3.32265 0)))
(0.952500 ((-0.002093 0 -0.005613) (0 -3.29710 0)))
(0.953125 ((-0.002070 0 -0.005537) (0 -3.27801 0)))
(0.953750 ((-0.002047 0 -0.005461) (0 -3.25892 0)))
(0.954375 ((-0.002024 0 -0.005386) (0 -3.24537 0)))
(0.955000 ((-0.002001 0 -0.005310) (0 -3.23182 0)))
(0.955625 ((-0.001978 0 -0.005236) (0 -3.22288 0)))
(0.956250 ((-0.001954 0 -0.005161) (0 -3.21394 0)))
(0.956875 ((-0.001931 0 -0.005087) (0 -3.20868 0)))
(0.957500 ((-0.001908 0 -0.005012) (0 -3.20342 0)))
(0.958125 ((-0.001884 0 -0.004939) (0 -3.20093 0)))
(0.958750 ((-0.001861 0 -0.004865) (0 -3.19845 0)))
(0.959375 ((-0.001837 0 -0.004791) (0 -3.19784 0)))
(0.960000 ((-0.001813 0 -0.004717) (0 -3.19724 0)))
(0.960625 ((-0.001789 0 -0.004643) (0 -3.19765 0)))
(0.961250 ((-0.001765 0 -0.004569) (0 -3.19806 0)))
(0.961875 ((-0.001740 0 -0.004494) (0 -3.19865 0)))
(0.962500 ((-0.001716 0 -0.004420) (0 -3.19924 0)))
(0.963125 ((-0.001691 0 -0.004344) (0 -3.19922 0)))
(0.963750 ((-0.001666 0 -0.004269) (0 -3.19920 0)))
(0.964375 ((-0.001640 0 -0.004193) (0 -3.19782 0)))
(0.965000 ((-0.001615 0 -0.004117) (0 -3.19644 0)))
(0.965625 ((-0.001588 0 -0.004039) (0 -3.19301 0)))
(0.966250 ((-0.001562 0 -0.003962) (0 -3.18958 0)))
(0.966875 ((-0.001535 0 -0.003883) (0 -3.18346 0)))
(0.967500 ((-0.001507 0 -0.003804) (0 -3.17733 0)))
(0.968125 ((-0.001479 0 -0.003723) (0 -3.16793 0)))
(0.968750 ((-0.001451 0 -0.003642) (0 -3.15854 0)))
(0.969375 ((-0.001422 0 -0.003560) (0 -3.14535 0)))
(0.970000 ((-0.001393 0 -0.003477) (0 -3.13217 0)))
(0.970625 ((-0.001362 0 -0.003392) (0 -3.11475 0)))
(0.971250 ((-0.001332 0 -0.003307) (0 -3.09733 0)))
(0.971875 ((-0.001301 0 -0.003220) (0 -3.07530 0)))
(0.972500 ((-0.001269 0 -0.003133) (0 -3.05327 0)))
(0.973125 ((-0.001237 0 -0.003044) (0 -3.02632 0)))
(0.973750 ((-0.001204 0 -0.002955) (0 -2.99938 0)))
(0.974375 ((-0.001171 0 -0.002865) (0 -2.96729 0)))
(0.975000 ((-0.001137 0 -0.002774) (0 -2.93520 0)))
(0.975625 ((-0.001102 0 -0.002681) (0 -2.89782 0)))
(0.976250 ((-0.001067 0 -0.002588) (0 -2.86043 0)))
(0.976875 ((-0.001032 0 -0.002494) (0 -2.81767 0)))
(0.977500 ((-0.000996 0 -0.002400) (0 -2.77491 0)))
(0.978125 ((-0.000959 0 -0.002305) (0 -2.72677 0)))
(0.978750 ((-0.000923 0 -0.002210) (0 -2.67863 0)))
(0.979375 ((-0.000885 0 -0.002114) (0 -2.62517 0)))
(0.980000 ((-0.000848 0 -0.002019) (0 -2.57172 0)))
(0.980625 ((-0.000810 0 -0.001923) (0 -2.51309 0)))
(0.981250 ((-0.000773 0 -0.001828) (0 -2.45447 0)))
(0.981875 ((-0.000735 0 -0.001733) (0 -2.39088 0)))
(0.982500 ((-0.000697 0 -0.001638) (0 -2.32729 0)))
(0.983125 ((-0.000659 0 -0.001545) (0 -2.25902 0)))
(0.983750 ((-0.000621 0 -0.001451) (0 -2.19075 0)))
(0.984375 ((-0.000584 0 -0.001360) (0 -2.11813 0)))
(0.985000 ((-0.000546 0 -0.001269) (0 -2.04552 0)))
(0.985625 ((-0.000510 0 -0.001181) (0 -1.96895 0)))
(0.986250 ((-0.000473 0 -0.001093) (0 -1.89239 0)))
(0.986875 ((-0.000438 0 -0.001009) (0 -1.81232 0)))
(0.987500 ((-0.000402 0 -0.000924) (0 -1.73226 0)))
(0.988125 ((-0.000369 0 -0.000845) (0 -1.64921 0)))
(0.988750 ((-0.000335 0 -0.000766) (0 -1.56615 0)))
(0.989375 ((-0.000303 0 -0.000692) (0 -1.48064 0)))
(0.990000 ((-0.000272 0 -0.000618) (0 -1.39513 0)))
(0.990625 ((-0.000242 0 -0.000550) (0 -1.30775 0)))
(0.991250 ((-0.000213 0 -0.000483) (0 -1.22038 0)))
(0.991875 ((-0.000187 0 -0.000423) (0 -1.13174 0)))
(0.992500 ((-0.000160 0 -0.000362) (0 -1.04311 0)))
(0.993125 ((-0.000137 0 -0.000310) (0 -0.95385 0)))
(0.993750 ((-0.000114 0 -0.000257) (0 -0.86460 0)))
(0.994375 ((-0.000095 0 -0.000213) (0 -0.77539 0)))
(0.995000 ((-0.000075 0 -0.000169) (0 -0.68617 0)))
(0.995625 ((-0.000059 0 -0.000133) (0 -0.59766 0)))
(0.996250 ((-0.000044 0 -0.000098) (0 -0.50916 0)))
(0.996875 ((-0.000032 0 -0.000072) (0 -0.42203 0)))
(0.997500 ((-0.000021 0 -0.000046) (0 -0.33490 0)))
(0.998125 ((-0.000013 0 -0.000030) (0 -0.24982 0)))
(0.998750 ((-0.000006 0 -0.000013) (0 -0.16474 0)))
(0.999375 ((-0.000003 0 -0.000007) (0 -0.08237 0)))
(1.000000 ((0.000000 0 0.000000) (0 0.00000 0)))
(1.000625 ((-0.000001 0 -0.000003) (0 0.07901 0)))
(1.001250 ((-0.000003 0 -0.000006) (0 0.15803 0)))
(1.001875 ((-0.000009 0 -0.000019) (0 0.23306 0)))
(1.002500 ((-0.000014 0 -0.000032) (0 0.30810 0)))
(1.003125 ((-0.000024 0 -0.000054) (0 0.37856 0)))
(1.003750 ((-0.000034 0 -0.000077) (0 0.44902 0)))
(1.004375 ((-0.000048 0 -0.000108) (0 0.51436 0)))
(1.005000 ((-0.000062 0 -0.000140) (0 0.57969 0)))
(1.005625 ((-0.000080 0 -0.000180) (0 0.63938 0)))
(1.006250 ((-0.000098 0 -0.000220) (0 0.69907 0)))
(1.006875 ((-0.000119 0 -0.000269) (0 0.75265 0)))
(1.007500 ((-0.000141 0 -0.000317) (0 0.80622 0)))
(1.008125 ((-0.000165 0 -0.000373) (0 0.85327 0)))
(1.008750 ((-0.000190 0 -0.000430) (0 0.90032 0)))
(1.009375 ((-0.000217 0 -0.000492) (0 0.94047 0)))
(1.010000 ((-0.000245 0 -0.000555) (0 0.98063 0)))
(1.010625 ((-0.000274 0 -0.000625) (0 1.01360 0)))
(1.011250 ((-0.000304 0 -0.000694) (0 1.04658 0)))
(1.011875 ((-0.000336 0 -0.000768) (0 1.07213 0)))
(1.012500 ((-0.000367 0 -0.000842) (0 1.09768 0)))
(1.013125 ((-0.000401 0 -0.000921) (0 1.11565 0)))
(1.013750 ((-0.000434 0 -0.001000) (0 1.13362 0)))
(1.014375 ((-0.000469 0 -0.001083) (0 1.14392 0)))
(1.015000 ((-0.000503 0 -0.001166) (0 1.15422 0)))
(1.015625 ((-0.000539 0 -0.001251) (0 1.15682 0)))
(1.016250 ((-0.000574 0 -0.001337) (0 1.15942 0)))
(1.016875 ((-0.000610 0 -0.001424) (0 1.15439 0)))
(1.017500 ((-0.000645 0 -0.001512) (0 1.14935 0)))
(1.018125 ((-0.000681 0 -0.001600) (0 1.13681 0)))
(1.018750 ((-0.000717 0 -0.001689) (0 1.12427 0)))
(1.019375 ((-0.000753 0 -0.001778) (0 1.10443 0)))
(1.020000 ((-0.000788 0 -0.001868) (0 1.08459 0)))
(1.020625 ((-0.000824 0 -0.001957) (0 1.05773 0)))
(1.021250 ((-0.000859 0 -0.002047) (0 1.03088 0)))
(1.021875 ((-0.000894 0 -0.002135) (0 0.99736 0)))
(1.022500 ((-0.000928 0 -0.002224) (0 0.96384 0)))
(1.023125 ((-0.000962 0 -0.002312) (0 0.92409 0)))
(1.023750 ((-0.000996 0 -0.002400) (0 0.88434 0)))
(1.024375 ((-0.001029 0 -0.002486) (0 0.83886 0)))
(1.025000 ((-0.001061 0 -0.002572) (0 0.79337 0)))
(1.025625 ((-0.001093 0 -0.002657) (0 0.74273 0)))
(1.026250 ((-0.001125 0 -0.002742) (0 0.69208 0)))
(1.026875 ((-0.001156 0 -0.002825) (0 0.63689 0)))
(1.027500 ((-0.001187 0 -0.002908) (0 0.58170 0)))
(1.028125 ((-0.001216 0 -0.002989) (0 0.52267 0)))
(1.028750 ((-0.001246 0 -0.003070) (0 0.46363 0)))
(1.029375 ((-0.001275 0 -0.003149) (0 0.40149 0)))
(1.030000 ((-0.001304 0 -0.003228) (0 0.33936 0)))
(1.030625 ((-0.001331 0 -0.003305) (0 0.27491 0)))
(1.031250 ((-0.001359 0 -0.003382) (0 0.21046 0)))
(1.031875 ((-0.001386 0 -0.003457) (0 0.14453 0)))
(1.032500 ((-0.001413 0 -0.003533) (0 0.07861 0)))
(1.033125 ((-0.001439 0 -0.003607) (0 0.01209 0)))
(1.033750 ((-0.001465 0 -0.003681) (0 -0.05443 0)))
(1.034375 ((-0.001490 0 -0.003754) (0 -0.12064 0)))
(1.035000 ((-0.001515 0 -0.003826) (0 -0.18685 0)))
(1.035625 ((-0.001540 0 -0.003898) (0 -0.25182 0)))
(1.036250 ((-0.001565 0 -0.003970) (0 -0.31678 0)))
(1.036875 ((-0.001589 0 -0.004041) (0 -0.37956 0)))
(1.037500 ((-0.001613 0 -0.004112) (0 -0.44233 0)))
(1.038125 ((-0.001637 0 -0.004182) (0 -0.50194 0)))
(1.038750 ((-0.001660 0 -0.004253) (0 -0.56156 0)))
(1.039375 ((-0.001684 0 -0.004323) (0 -0.61705 0)))
(1.040000 ((-0.001707 0 -0.004394) (0 -0.67255 0)))
(1.040625 ((-0.001731 0 -0.004464) (0 -0.72296 0)))
(1.041250 ((-0.001754 0 -0.004535) (0 -0.77336 0)))
(1.041875 ((-0.001777 0 -0.004606) (0 -0.81773 0)))
(1.042500 ((-0.001800 0 -0.004677) (0 -0.86211 0)))
(1.043125 ((-0.001823 0 -0.004748) (0 -0.89951 0)))
(1.043750 ((-0.001846 0 -0.004819) (0 -0.93691 0)))
(1.044375 ((-0.001869 0 -0.004891) (0 -0.96643 0)))
(1.045000 ((-0.001892 0 -0.004963) (0 -0.99595 0)))
(1.045625 ((-0.001915 0 -0.005036) (0 -1.01671 0)))
(1.046250 ((-0.001938 0 -0.005109) (0 -1.03748 0)))
(1.046875 ((-0.001961 0 -0.005182) (0 -1.04865 0)))
(1.047500 ((-0.001984 0 -0.005256) (0 -1.05983 0)))
(1.048125 ((-0.002007 0 -0.005330) (0 -1.06062 0)))
(1.048750 ((-0.002030 0 -0.005405) (0 -1.06142 0)))
(1.049375 ((-0.002052 0 -0.005479) (0 -1.05109 0)))
(1.050000 ((-0.002075 0 -0.005555) (0 -1.04077 0)))
(1.050625 ((-0.002098 0 -0.005630) (0 -1.01865 0)))
(1.051250 ((-0.002121 0 -0.005706) (0 -0.99653 0)))
(1.051875 ((-0.002143 0 -0.005782) (0 -0.96200 0)))
(1.052500 ((-0.002166 0 -0.005858) (0 -0.92747 0)))
(1.053125 ((-0.002189 0 -0.005934) (0 -0.87998 0)))
(1.053750 ((-0.002211 0 -0.006011) (0 -0.83250 0)))
(1.054375 ((-0.002233 0 -0.006088) (0 -0.77159 0)))
(1.055000 ((-0.002255 0 -0.006164) (0 -0.71068 0)))
(1.055625 ((-0.002277 0 -0.006241) (0 -0.63596 0)))
(1.056250 ((-0.002299 0 -0.006317) (0 -0.56123 0)))
(1.056875 ((-0.002321 0 -0.006394) (0 -0.47239 0)))
(1.057500 ((-0.002343 0 -0.006471) (0 -0.38354 0)))
(1.058125 ((-0.002364 0 -0.006547) (0 -0.28035 0)))
(1.058750 ((-0.002385 0 -0.006623) (0 -0.17716 0)))
(1.059375 ((-0.002406 0 -0.006699) (0 -0.05949 0)))
(1.060000 ((-0.002427 0 -0.006775) (0 0.05818 0)))
(1.060625 ((-0.002447 0 -0.006850) (0 0.19037 0)))
(1.061250 ((-0.002468 0 -0.006926) (0 0.32256 0)))
(1.061875 ((-0.002488 0 -0.007001) (0 0.46923 0)))
(1.062500 ((-0.002508 0 -0.007075) (0 0.61590 0)))
(1.063125 ((-0.002527 0 -0.007150) (0 0.77690 0)))
(1.063750 ((-0.002547 0 -0.007224) (0 0.93790 0)))
(1.064375 ((-0.002566 0 -0.007298) (0 1.11301 0)))
(1.065000 ((-0.002586 0 -0.007372) (0 1.28811 0)))
(1.065625 ((-0.002605 0 -0.007446) (0 1.47700 0)))
(1.066250 ((-0.002624 0 -0.007519) (0 1.66588 0)))
(1.066875 ((-0.002642 0 -0.007593) (0 1.86813 0)))
(1.067500 ((-0.002661 0 -0.007667) (0 2.07037 0)))
(1.068125 ((-0.002679 0 -0.007741) (0 2.28548 0)))
(1.068750 ((-0.002698 0 -0.007815) (0 2.50059 0)))
(1.069375 ((-0.002716 0 -0.007889) (0 2.72797 0)))
(1.070000 ((-0.002735 0 -0.007963) (0 2.95535 0)))
(1.070625 ((-0.002753 0 -0.008038) (0 3.19432 0)))
(1.071250 ((-0.002771 0 -0.008114) (0 3.43330 0)))
(1.071875 ((-0.002790 0 -0.008190) (0 3.68312 0)))
(1.072500 ((-0.002808 0 -0.008267) (0 3.93294 0)))
(1.073125 ((-0.002827 0 -0.008345) (0 4.19278 0)))
(1.073750 ((-0.002845 0 -0.008423) (0 4.45262 0)))
(1.074375 ((-0.002864 0 -0.008503) (0 4.72158 0)))
(1.075000 ((-0.002882 0 -0.008584) (0 4.99054 0)))
(1.075625 ((-0.002901 0 -0.008667) (0 5.26765 0)))
(1.076250 ((-0.002920 0 -0.008750) (0 5.54476 0)))
(1.076875 ((-0.002940 0 -0.008836) (0 5.82901 0)))
(1.077500 ((-0.002959 0 -0.008922) (0 6.11325 0)))
(1.078125 ((-0.002979 0 -0.009012) (0 6.40354 0)))
(1.078750 ((-0.002999 0 -0.009102) (0 6.69384 0)))
(1.079375 ((-0.003019 0 -0.009195) (0 6.98906 0)))
(1.080000 ((-0.003039 0 -0.009289) (0 7.28428 0)))
(1.080625 ((-0.003060 0 -0.009387) (0 7.58325 0)))
(1.081250 ((-0.003081 0 -0.009486) (0 7.88223 0)))
(1.081875 ((-0.003103 0 -0.009589) (0 8.18376 0)))
(1.082500 ((-0.003124 0 -0.009692) (0 8.48529 0)))
(1.083125 ((-0.003146 0 -0.009800) (0 8.78815 0)))
(1.083750 ((-0.003168 0 -0.009908) (0 9.09101 0)))
(1.084375 ((-0.003190 0 -0.010021) (0 9.39395 0)))
(1.085000 ((-0.003213 0 -0.010134) (0 9.69688 0)))
(1.085625 ((-0.003235 0 -0.010253) (0 9.99863 0)))
(1.086250 ((-0.003258 0 -0.010372) (0 10.30038 0)))
(1.086875 ((-0.003282 0 -0.010496) (0 10.59967 0)))
(1.087500 ((-0.003305 0 -0.010621) (0 10.89897 0)))
(1.088125 ((-0.003328 0 -0.010750) (0 11.19455 0)))
(1.088750 ((-0.003352 0 -0.010880) (0 11.49012 0)))
(1.089375 ((-0.003375 0 -0.011015) (0 11.78072 0)))
(1.090000 ((-0.003399 0 -0.011150) (0 12.07132 0)))
(1.090625 ((-0.003423 0 -0.011290) (0 12.35571 0)))
(1.091250 ((-0.003447 0 -0.011430) (0 12.64009 0)))
(1.091875 ((-0.003470 0 -0.011575) (0 12.91704 0)))
(1.092500 ((-0.003494 0 -0.011720) (0 13.19399 0)))
(1.093125 ((-0.003517 0 -0.011870) (0 13.46233 0)))
(1.093750 ((-0.003541 0 -0.012019) (0 13.73066 0)))
(1.094375 ((-0.003564 0 -0.012173) (0 13.98922 0)))
(1.095000 ((-0.003586 0 -0.012326) (0 14.24779 0)))
(1.095625 ((-0.003609 0 -0.012484) (0 14.49547 0)))
(1.096250 ((-0.003631 0 -0.012641) (0 14.74316 0)))
(1.096875 ((-0.003653 0 -0.012801) (0 14.97892 0)))
(1.097500 ((-0.003675 0 -0.012961) (0 15.21467 0)))
(1.098125 ((-0.003696 0 -0.013124) (0 15.43749 0)))
(1.098750 ((-0.003717 0 -0.013287) (0 15.66031 0)))
(1.099375 ((-0.003737 0 -0.013451) (0 15.86925 0)))
(1.100000 ((-0.003757 0 -0.013616) (0 16.07819 0)))
(1.100625 ((-0.003776 0 -0.013782) (0 16.27237 0)))
(1.101250 ((-0.003795 0 -0.013948) (0 16.46655 0)))
(1.101875 ((-0.003812 0 -0.014115) (0 16.64516 0)))
(1.102500 ((-0.003830 0 -0.014282) (0 16.82378 0)))
(1.103125 ((-0.003847 0 -0.014449) (0 16.98609 0)))
(1.103750 ((-0.003864 0 -0.014616) (0 17.14840 0)))
(1.104375 ((-0.003879 0 -0.014783) (0 17.29374 0)))
(1.105000 ((-0.003894 0 -0.014950) (0 17.43908 0)))
(1.105625 ((-0.003909 0 -0.015116) (0 17.56688 0)))
(1.106250 ((-0.003923 0 -0.015282) (0 17.69467 0)))
(1.106875 ((-0.003936 0 -0.015446) (0 17.80442 0)))
(1.107500 ((-0.003948 0 -0.015611) (0 17.91416 0)))
(1.108125 ((-0.003960 0 -0.015774) (0 18.00544 0)))
(1.108750 ((-0.003972 0 -0.015938) (0 18.09671 0)))
(1.109375 ((-0.003982 0 -0.016099) (0 18.16918 0)))
(1.110000 ((-0.003992 0 -0.016260) (0 18.24165 0)))
(1.110625 ((-0.004001 0 -0.016420) (0 18.29507 0)))
(1.111250 ((-0.004010 0 -0.016579) (0 18.34848 0)))
(1.111875 ((-0.004018 0 -0.016736) (0 18.38267 0)))
(1.112500 ((-0.004026 0 -0.016893) (0 18.41685 0)))
(1.113125 ((-0.004033 0 -0.017048) (0 18.43174 0)))
(1.113750 ((-0.004040 0 -0.017202) (0 18.44662 0)))
(1.114375 ((-0.004045 0 -0.017355) (0 18.44219 0)))
(1.115000 ((-0.004051 0 -0.017507) (0 18.43776 0)))
(1.115625 ((-0.004055 0 -0.017658) (0 18.41411 0)))
(1.116250 ((-0.004060 0 -0.017808) (0 18.39045 0)))
(1.116875 ((-0.004063 0 -0.017956) (0 18.34773 0)))
(1.117500 ((-0.004067 0 -0.018104) (0 18.30501 0)))
(1.118125 ((-0.004070 0 -0.018251) (0 18.24346 0)))
(1.118750 ((-0.004072 0 -0.018397) (0 18.18190 0)))
(1.119375 ((-0.004074 0 -0.018542) (0 18.10183 0)))
(1.120000 ((-0.004076 0 -0.018687) (0 18.02176 0)))
(1.120625 ((-0.004076 0 -0.018831) (0 17.92355 0)))
(1.121250 ((-0.004077 0 -0.018974) (0 17.82534 0)))
(1.121875 ((-0.004077 0 -0.019117) (0 17.70944 0)))
(1.122500 ((-0.004077 0 -0.019260) (0 17.59354 0)))
(1.123125 ((-0.004076 0 -0.019402) (0 17.46046 0)))
(1.123750 ((-0.004075 0 -0.019544) (0 17.32738 0)))
(1.124375 ((-0.004073 0 -0.019686) (0 17.17770 0)))
(1.125000 ((-0.004071 0 -0.019828) (0 17.02801 0)))
(1.125625 ((-0.004068 0 -0.019970) (0 16.86235 0)))
(1.126250 ((-0.004066 0 -0.020112) (0 16.69669 0)))
(1.126875 ((-0.004062 0 -0.020255) (0 16.51571 0)))
(1.127500 ((-0.004058 0 -0.020397) (0 16.33474 0)))
(1.128125 ((-0.004054 0 -0.020541) (0 16.13919 0)))
(1.128750 ((-0.004049 0 -0.020684) (0 15.94363 0)))
(1.129375 ((-0.004044 0 -0.020828) (0 15.73425 0)))
(1.130000 ((-0.004039 0 -0.020973) (0 15.52486 0)))
(1.130625 ((-0.004032 0 -0.021118) (0 15.30245 0)))
(1.131250 ((-0.004026 0 -0.021264) (0 15.08003 0)))
(1.131875 ((-0.004018 0 -0.021411) (0 14.84540 0)))
(1.132500 ((-0.004011 0 -0.021558) (0 14.61078 0)))
(1.133125 ((-0.004003 0 -0.021707) (0 14.36479 0)))
(1.133750 ((-0.003994 0 -0.021855) (0 14.11880 0)))
(1.134375 ((-0.003985 0 -0.022006) (0 13.86231 0)))
(1.135000 ((-0.003975 0 -0.022156) (0 13.60583 0)))
(1.135625 ((-0.003965 0 -0.022308) (0 13.33973 0)))
(1.136250 ((-0.003954 0 -0.022460) (0 13.07362 0)))
(1.136875 ((-0.003942 0 -0.022613) (0 12.79879 0)))
(1.137500 ((-0.003931 0 -0.022767) (0 12.52396 0)))
(1.138125 ((-0.003918 0 -0.022922) (0 12.24129 0)))
(1.138750 ((-0.003905 0 -0.023077) (0 11.95862 0)))
(1.139375 ((-0.003891 0 -0.023233) (0 11.66900 0)))
(1.140000 ((-0.003877 0 -0.023390) (0 11.37938 0)))
(1.140625 ((-0.003862 0 -0.023547) (0 11.08370 0)))
(1.141250 ((-0.003847 0 -0.023704) (0 10.78802 0)))
(1.141875 ((-0.003831 0 -0.023862) (0 10.48716 0)))
(1.142500 ((-0.003814 0 -0.024020) (0 10.18629 0)))
(1.143125 ((-0.003797 0 -0.024179) (0 9.88109 0)))
(1.143750 ((-0.003779 0 -0.024337) (0 9.57589 0)))
(1.144375 ((-0.003761 0 -0.024495) (0 9.26720 0)))
(1.145000 ((-0.003742 0 -0.024654) (0 8.95852 0)))
(1.145625 ((-0.003723 0 -0.024812) (0 8.64716 0)))
(1.146250 ((-0.003703 0 -0.024970) (0 8.33581 0)))
(1.146875 ((-0.003683 0 -0.025128) (0 8.02258 0)))
(1.147500 ((-0.003662 0 -0.025285) (0 7.70935 0)))
(1.148125 ((-0.003640 0 -0.025441) (0 7.39502 0)))
(1.148750 ((-0.003619 0 -0.025598) (0 7.08068 0)))
(1.149375 ((-0.003597 0 -0.025752) (0 6.76597 0)))
(1.150000 ((-0.003574 0 -0.025907) (0 6.45126 0)))
(1.150625 ((-0.003551 0 -0.026059) (0 6.13688 0)))
(1.151250 ((-0.003528 0 -0.026212) (0 5.82250 0)))
(1.151875 ((-0.003504 0 -0.026362) (0 5.50911 0)))
(1.152500 ((-0.003480 0 -0.026513) (0 5.19573 0)))
(1.153125 ((-0.003456 0 -0.026660) (0 4.88397 0)))
(1.153750 ((-0.003432 0 -0.026807) (0 4.57221 0)))
(1.154375 ((-0.003407 0 -0.026951) (0 4.26267 0)))
(1.155000 ((-0.003382 0 -0.027096) (0 3.95313 0)))
(1.155625 ((-0.003358 0 -0.027236) (0 3.64636 0)))
(1.156250 ((-0.003333 0 -0.027377) (0 3.33959 0)))
(1.156875 ((-0.003307 0 -0.027514) (0 3.03611 0)))
(1.157500 ((-0.003282 0 -0.027651) (0 2.73263 0)))
(1.158125 ((-0.003257 0 -0.027784) (0 2.43291 0)))
(1.158750 ((-0.003232 0 -0.027917) (0 2.13318 0)))
(1.159375 ((-0.003206 0 -0.028045) (0 1.83765 0)))
(1.160000 ((-0.003181 0 -0.028174) (0 1.54212 0)))
(1.160625 ((-0.003156 0 -0.028298) (0 1.25118 0)))
(1.161250 ((-0.003131 0 -0.028423) (0 0.96024 0)))
(1.161875 ((-0.003106 0 -0.028543) (0 0.67425 0)))
(1.162500 ((-0.003081 0 -0.028663) (0 0.38825 0)))
(1.163125 ((-0.003057 0 -0.028778) (0 0.10752 0)))
(1.163750 ((-0.003032 0 -0.028893) (0 -0.17321 0)))
(1.164375 ((-0.003008 0 -0.029004) (0 -0.44839 0)))
(1.165000 ((-0.002984 0 -0.029115) (0 -0.72358 0)))
(1.165625 ((-0.002960 0 -0.029222) (0 -0.99297 0)))
(1.166250 ((-0.002937 0 -0.029328) (0 -1.26237 0)))
(1.166875 ((-0.002913 0 -0.029430) (0 -1.52576 0)))
(1.167500 ((-0.002890 0 -0.029532) (0 -1.78915 0)))
(1.168125 ((-0.002867 0 -0.029630) (0 -2.04635 0)))
(1.168750 ((-0.002845 0 -0.029728) (0 -2.30356 0)))
(1.169375 ((-0.002822 0 -0.029822) (0 -2.55443 0)))
(1.170000 ((-0.002800 0 -0.029915) (0 -2.80530 0)))
(1.170625 ((-0.002779 0 -0.030005) (0 -3.04972 0)))
(1.171250 ((-0.002757 0 -0.030095) (0 -3.29413 0)))
(1.171875 ((-0.002736 0 -0.030182) (0 -3.53199 0)))
(1.172500 ((-0.002715 0 -0.030268) (0 -3.76986 0)))
(1.173125 ((-0.002694 0 -0.030351) (0 -4.00110 0)))
(1.173750 ((-0.002673 0 -0.030434) (0 -4.23234 0)))
(1.174375 ((-0.002653 0 -0.030514) (0 -4.45690 0)))
(1.175000 ((-0.002633 0 -0.030594) (0 -4.68147 0)))
(1.175625 ((-0.002613 0 -0.030671) (0 -4.89933 0)))
(1.176250 ((-0.002593 0 -0.030748) (0 -5.11720 0)))
(1.176875 ((-0.002574 0 -0.030822) (0 -5.32835 0)))
(1.177500 ((-0.002555 0 -0.030897) (0 -5.53949 0)))
(1.178125 ((-0.002536 0 -0.030969) (0 -5.74393 0)))
(1.178750 ((-0.002516 0 -0.031041) (0 -5.94836 0)))
(1.179375 ((-0.002498 0 -0.031112) (0 -6.14610 0)))
(1.180000 ((-0.002479 0 -0.031182) (0 -6.34384 0)))
(1.180625 ((-0.002460 0 -0.031251) (0 -6.53490 0)))
(1.181250 ((-0.002442 0 -0.031320) (0 -6.72597 0)))
(1.181875 ((-0.002423 0 -0.031387) (0 -6.91040 0)))
(1.182500 ((-0.002405 0 -0.031455) (0 -7.09483 0)))
(1.183125 ((-0.002386 0 -0.031521) (0 -7.27266 0)))
(1.183750 ((-0.002368 0 -0.031588) (0 -7.45050 0)))
(1.184375 ((-0.002350 0 -0.031653) (0 -7.62180 0)))
(1.185000 ((-0.002331 0 -0.031719) (0 -7.79309 0)))
(1.185625 ((-0.002313 0 -0.031784) (0 -7.95789 0)))
(1.186250 ((-0.002294 0 -0.031849) (0 -8.12269 0)))
(1.186875 ((-0.002276 0 -0.031914) (0 -8.28105 0)))
(1.187500 ((-0.002257 0 -0.031978) (0 -8.43941 0)))
(1.188125 ((-0.002239 0 -0.032043) (0 -8.59139 0)))
(1.188750 ((-0.002220 0 -0.032108) (0 -8.74337 0)))
(1.189375 ((-0.002201 0 -0.032172) (0 -8.88903 0)))
(1.190000 ((-0.002182 0 -0.032237) (0 -9.03468 0)))
(1.190625 ((-0.002163 0 -0.032302) (0 -9.17406 0)))
(1.191250 ((-0.002144 0 -0.032366) (0 -9.31344 0)))
(1.191875 ((-0.002124 0 -0.032432) (0 -9.44660 0)))
(1.192500 ((-0.002105 0 -0.032497) (0 -9.57976 0)))
(1.193125 ((-0.002085 0 -0.032562) (0 -9.70675 0)))
(1.193750 ((-0.002065 0 -0.032627) (0 -9.83374 0)))
(1.194375 ((-0.002045 0 -0.032693) (0 -9.95460 0)))
(1.195000 ((-0.002025 0 -0.032759) (0 -10.07547 0)))
(1.195625 ((-0.002005 0 -0.032825) (0 -10.19026 0)))
(1.196250 ((-0.001985 0 -0.032892) (0 -10.30505 0)))
(1.196875 ((-0.001964 0 -0.032958) (0 -10.41380 0)))
(1.197500 ((-0.001943 0 -0.033025) (0 -10.52255 0)))
(1.198125 ((-0.001922 0 -0.033092) (0 -10.62530 0)))
(1.198750 ((-0.001901 0 -0.033159) (0 -10.72805 0)))
(1.199375 ((-0.001879 0 -0.033227) (0 -10.82484 0)))
(1.200000 ((-0.001858 0 -0.033294) (0 -10.92162 0)))
(1.200625 ((-0.001836 0 -0.033362) (0 -11.01247 0)))
(1.201250 ((-0.001814 0 -0.033430) (0 -11.10333 0)))
(1.201875 ((-0.001792 0 -0.033499) (0 -11.18828 0)))
(1.202500 ((-0.001769 0 -0.033567) (0 -11.27323 0)))
(1.203125 ((-0.001747 0 -0.033635) (0 -11.35230 0)))
(1.203750 ((-0.001724 0 -0.033704) (0 -11.43138 0)))
(1.204375 ((-0.001702 0 -0.033772) (0 -11.50461 0)))
(1.205000 ((-0.001679 0 -0.033841) (0 -11.57784 0)))
(1.205625 ((-0.001656 0 -0.033910) (0 -11.64525 0)))
(1.206250 ((-0.001633 0 -0.033979) (0 -11.71266 0)))
(1.206875 ((-0.001609 0 -0.034047) (0 -11.77428 0)))
(1.207500 ((-0.001586 0 -0.034116) (0 -11.83590 0)))
(1.208125 ((-0.001563 0 -0.034185) (0 -11.89176 0)))
(1.208750 ((-0.001539 0 -0.034254) (0 -11.94762 0)))
(1.209375 ((-0.001515 0 -0.034322) (0 -11.99776 0)))
(1.210000 ((-0.001492 0 -0.034391) (0 -12.04789 0)))
(1.210625 ((-0.001468 0 -0.034460) (0 -12.09234 0)))
(1.211250 ((-0.001444 0 -0.034528) (0 -12.13678 0)))
(1.211875 ((-0.001420 0 -0.034596) (0 -12.17558 0)))
(1.212500 ((-0.001396 0 -0.034665) (0 -12.21438 0)))
(1.213125 ((-0.001371 0 -0.034733) (0 -12.24757 0)))
(1.213750 ((-0.001347 0 -0.034801) (0 -12.28077 0)))
(1.214375 ((-0.001323 0 -0.034869) (0 -12.30841 0)))
(1.215000 ((-0.001298 0 -0.034937) (0 -12.33606 0)))
(1.215625 ((-0.001274 0 -0.035005) (0 -12.35822 0)))
(1.216250 ((-0.001249 0 -0.035073) (0 -12.38038 0)))
(1.216875 ((-0.001224 0 -0.035140) (0 -12.39712 0)))
(1.217500 ((-0.001199 0 -0.035208) (0 -12.41387 0)))
(1.218125 ((-0.001174 0 -0.035275) (0 -12.42527 0)))
(1.218750 ((-0.001149 0 -0.035343) (0 -12.43667 0)))
(1.219375 ((-0.001124 0 -0.035410) (0 -12.44282 0)))
(1.220000 ((-0.001099 0 -0.035478) (0 -12.44897 0)))
(1.220625 ((-0.001073 0 -0.035545) (0 -12.44996 0)))
(1.221250 ((-0.001048 0 -0.035612) (0 -12.45096 0)))
(1.221875 ((-0.001022 0 -0.035680) (0 -12.44691 0)))
(1.222500 ((-0.000997 0 -0.035747) (0 -12.44286 0)))
(1.223125 ((-0.000971 0 -0.035815) (0 -12.43388 0)))
(1.223750 ((-0.000945 0 -0.035882) (0 -12.42490 0)))
(1.224375 ((-0.000919 0 -0.035950) (0 -12.41113 0)))
(1.225000 ((-0.000892 0 -0.036018) (0 -12.39736 0)))
(1.225625 ((-0.000866 0 -0.036085) (0 -12.37893 0)))
(1.226250 ((-0.000839 0 -0.036153) (0 -12.36050 0)))
(1.226875 ((-0.000812 0 -0.036221) (0 -12.33758 0)))
(1.227500 ((-0.000786 0 -0.036289) (0 -12.31465 0)))
(1.228125 ((-0.000758 0 -0.036357) (0 -12.28739 0)))
(1.228750 ((-0.000731 0 -0.036426) (0 -12.26013 0)))
(1.229375 ((-0.000704 0 -0.036494) (0 -12.22870 0)))
(1.230000 ((-0.000676 0 -0.036563) (0 -12.19728 0)))
(1.230625 ((-0.000648 0 -0.036631) (0 -12.16189 0)))
(1.231250 ((-0.000620 0 -0.036700) (0 -12.12649 0)))
(1.231875 ((-0.000592 0 -0.036769) (0 -12.08732 0)))
(1.232500 ((-0.000564 0 -0.036837) (0 -12.04814 0)))
(1.233125 ((-0.000536 0 -0.036906) (0 -12.00540 0)))
(1.233750 ((-0.000507 0 -0.036975) (0 -11.96265 0)))
(1.234375 ((-0.000479 0 -0.037043) (0 -11.91655 0)))
(1.235000 ((-0.000450 0 -0.037112) (0 -11.87044 0)))
(1.235625 ((-0.000421 0 -0.037180) (0 -11.82120 0)))
(1.236250 ((-0.000393 0 -0.037248) (0 -11.77196 0)))
(1.236875 ((-0.000364 0 -0.037315) (0 -11.71981 0)))
(1.237500 ((-0.000335 0 -0.037383) (0 -11.66766 0)))
(1.238125 ((-0.000307 0 -0.037449) (0 -11.61283 0)))
(1.238750 ((-0.000278 0 -0.037516) (0 -11.55801 0)))
(1.239375 ((-0.000250 0 -0.037581) (0 -11.50074 0)))
(1.240000 ((-0.000222 0 -0.037646) (0 -11.44348 0)))
(1.240625 ((-0.000194 0 -0.037710) (0 -11.38402 0)))
(1.241250 ((-0.000166 0 -0.037774) (0 -11.32456 0)))
(1.241875 ((-0.000139 0 -0.037835) (0 -11.26315 0)))
(1.242500 ((-0.000112 0 -0.037897) (0 -11.20174 0)))
(1.243125 ((-0.000086 0 -0.037956) (0 -11.13863 0)))
(1.243750 ((-0.000060 0 -0.038016) (0 -11.07551 0)))
(1.244375 ((-0.000035 0 -0.038072) (0 -11.01093 0)))
(1.245000 ((-0.000009 0 -0.038129) (0 -10.94635 0)))
(1.245625 ((0.000014 0 -0.038182) (0 -10.88056 0)))
(1.246250 ((0.000038 0 -0.038235) (0 -10.81476 0)))
(1.246875 ((0.000061 0 -0.038284) (0 -10.74798 0)))
(1.247500 ((0.000083 0 -0.038334) (0 -10.68121 0)))
(1.248125 ((0.000103 0 -0.038379) (0 -10.61369 0)))
(1.248750 ((0.000124 0 -0.038424) (0 -10.54617 0)))
(1.249375 ((0.000143 0 -0.038465) (0 -10.47814 0)))
(1.250000 ((0.000161 0 -0.038505) (0 -10.41011 0)))
(1.250625 ((0.000177 0 -0.038541) (0 -10.34179 0)))
(1.251250 ((0.000194 0 -0.038576) (0 -10.27348 0)))
(1.251875 ((0.000207 0 -0.038606) (0 -10.20510 0)))
(1.252500 ((0.000221 0 -0.038636) (0 -10.13671 0)))
(1.253125 ((0.000232 0 -0.038660) (0 -10.06847 0)))
(1.253750 ((0.000243 0 -0.038684) (0 -10.00023 0)))
(1.254375 ((0.000252 0 -0.038702) (0 -9.93233 0)))
(1.255000 ((0.000260 0 -0.038720) (0 -9.86443 0)))
(1.255625 ((0.000265 0 -0.038732) (0 -9.79707 0)))
(1.256250 ((0.000271 0 -0.038743) (0 -9.72971 0)))
(1.256875 ((0.000273 0 -0.038748) (0 -9.66307 0)))
(1.257500 ((0.000275 0 -0.038753) (0 -9.59642 0)))
(1.258125 ((0.000274 0 -0.038751) (0 -9.53067 0)))
(1.258750 ((0.000274 0 -0.038749) (0 -9.46491 0)))
(1.259375 ((0.000269 0 -0.038740) (0 -9.40021 0)))
(1.260000 ((0.000266 0 -0.038732) (0 -9.33550 0)))
(1.260625 ((0.000258 0 -0.038716) (0 -9.27200 0)))
(1.261250 ((0.000251 0 -0.038701) (0 -9.20850 0)))
(1.261875 ((0.000241 0 -0.038678) (0 -9.14633 0)))
(1.262500 ((0.000231 0 -0.038656) (0 -9.08417 0)))
(1.263125 ((0.000217 0 -0.038627) (0 -9.02348 0)))
(1.263750 ((0.000204 0 -0.038598) (0 -8.96279 0)))
(1.264375 ((0.000188 0 -0.038563) (0 -8.90368 0)))
(1.265000 ((0.000172 0 -0.038528) (0 -8.84458 0)))
(1.265625 ((0.000153 0 -0.038487) (0 -8.78718 0)))
(1.266250 ((0.000134 0 -0.038446) (0 -8.72978 0)))
(1.266875 ((0.000113 0 -0.038399) (0 -8.67418 0)))
(1.267500 ((0.000091 0 -0.038352) (0 -8.61857 0)))
(1.268125 ((0.000068 0 -0.038300) (0 -8.56487 0)))
(1.268750 ((0.000044 0 -0.038248) (0 -8.51116 0)))
(1.269375 ((0.000018 0 -0.038191) (0 -8.45943 0)))
(1.270000 ((-0.000007 0 -0.038134) (0 -8.40771 0)))
(1.270625 ((-0.000035 0 -0.038072) (0 -8.35804 0)))
(1.271250 ((-0.000062 0 -0.038011) (0 -8.30838 0)))
(1.271875 ((-0.000091 0 -0.037946) (0 -8.26084 0)))
(1.272500 ((-0.000119 0 -0.037881) (0 -8.21331 0)))
(1.273125 ((-0.000149 0 -0.037812) (0 -8.16799 0)))
(1.273750 ((-0.000179 0 -0.037744) (0 -8.12267 0)))
(1.274375 ((-0.000210 0 -0.037673) (0 -8.07962 0)))
(1.275000 ((-0.000241 0 -0.037602) (0 -8.03657 0)))
(1.275625 ((-0.000273 0 -0.037529) (0 -7.99587 0)))
(1.276250 ((-0.000304 0 -0.037456) (0 -7.95517 0)))
(1.276875 ((-0.000336 0 -0.037381) (0 -7.91688 0)))
(1.277500 ((-0.000368 0 -0.037306) (0 -7.87859 0)))
(1.278125 ((-0.000400 0 -0.037230) (0 -7.84278 0)))
(1.278750 ((-0.000432 0 -0.037154) (0 -7.80698 0)))
(1.279375 ((-0.000464 0 -0.037077) (0 -7.77374 0)))
(1.280000 ((-0.000496 0 -0.037001) (0 -7.74049 0)))
(1.280625 ((-0.000528 0 -0.036924) (0 -7.70989 0)))
(1.281250 ((-0.000560 0 -0.036847) (0 -7.67929 0)))
(1.281875 ((-0.000591 0 -0.036770) (0 -7.65141 0)))
(1.282500 ((-0.000623 0 -0.036694) (0 -7.62353 0)))
(1.283125 ((-0.000654 0 -0.036618) (0 -7.59848 0)))
(1.283750 ((-0.000685 0 -0.036541) (0 -7.57342 0)))
(1.284375 ((-0.000715 0 -0.036466) (0 -7.55129 0)))
(1.285000 ((-0.000745 0 -0.036390) (0 -7.52917 0)))
(1.285625 ((-0.000775 0 -0.036316) (0 -7.51008 0)))
(1.286250 ((-0.000805 0 -0.036241) (0 -7.49099 0)))
(1.286875 ((-0.000834 0 -0.036167) (0 -7.47507 0)))
(1.287500 ((-0.000863 0 -0.036093) (0 -7.45914 0)))
(1.288125 ((-0.000891 0 -0.036021) (0 -7.44653 0)))
(1.288750 ((-0.000919 0 -0.035948) (0 -7.43391 0)))
(1.289375 ((-0.000947 0 -0.035877) (0 -7.42476 0)))
(1.290000 ((-0.000975 0 -0.035805) (0 -7.41560 0)))
(1.290625 ((-0.001002 0 -0.035735) (0 -7.41007 0)))
(1.291250 ((-0.001029 0 -0.035664) (0 -7.40454 0)))
(1.291875 ((-0.001055 0 -0.035594) (0 -7.40282 0)))
(1.292500 ((-0.001081 0 -0.035525) (0 -7.40110 0)))
(1.293125 ((-0.001107 0 -0.035456) (0 -7.40338 0)))
(1.293750 ((-0.001133 0 -0.035387) (0 -7.40567 0)))
(1.294375 ((-0.001158 0 -0.035318) (0 -7.41217 0)))
(1.295000 ((-0.001184 0 -0.035250) (0 -7.41867 0)))
(1.295625 ((-0.001209 0 -0.035182) (0 -7.42962 0)))
(1.296250 ((-0.001234 0 -0.035114) (0 -7.44057 0)))
(1.296875 ((-0.001259 0 -0.035046) (0 -7.45620 0)))
(1.297500 ((-0.001283 0 -0.034978) (0 -7.47184 0)))
(1.298125 ((-0.001308 0 -0.034910) (0 -7.49241 0)))
(1.298750 ((-0.001332 0 -0.034842) (0 -7.51299 0)))
(1.299375 ((-0.001357 0 -0.034774) (0 -7.53878 0)))
(1.300000 ((-0.001381 0 -0.034706) (0 -7.56456 0)))
(1.300625 ((-0.001405 0 -0.034637) (0 -7.59584 0)))
(1.301250 ((-0.001430 0 -0.034569) (0 -7.62712 0)))
(1.301875 ((-0.001454 0 -0.034499) (0 -7.66419 0)))
(1.302500 ((-0.001478 0 -0.034430) (0 -7.70125 0)))
(1.303125 ((-0.001502 0 -0.034360) (0 -7.74439 0)))
(1.303750 ((-0.001527 0 -0.034291) (0 -7.78754 0)))
(1.304375 ((-0.001551 0 -0.034220) (0 -7.83708 0)))
(1.305000 ((-0.001575 0 -0.034149) (0 -7.88661 0)))
(1.305625 ((-0.001599 0 -0.034078) (0 -7.94285 0)))
(1.306250 ((-0.001624 0 -0.034006) (0 -7.99909 0)))
(1.306875 ((-0.001648 0 -0.033934) (0 -8.06234 0)))
(1.307500 ((-0.001672 0 -0.033862) (0 -8.12559 0)))
(1.308125 ((-0.001696 0 -0.033789) (0 -8.19618 0)))
(1.308750 ((-0.001720 0 -0.033716) (0 -8.26676 0)))
(1.309375 ((-0.001745 0 -0.033642) (0 -8.34499 0)))
(1.310000 ((-0.001769 0 -0.033568) (0 -8.42321 0)))
(1.310625 ((-0.001793 0 -0.033494) (0 -8.50938 0)))
(1.311250 ((-0.001817 0 -0.033420) (0 -8.59555 0)))
(1.311875 ((-0.001841 0 -0.033345) (0 -8.68997 0)))
(1.312500 ((-0.001865 0 -0.033270) (0 -8.78438 0)))
(1.313125 ((-0.001889 0 -0.033196) (0 -8.88733 0)))
(1.313750 ((-0.001913 0 -0.033121) (0 -8.99027 0)))
(1.314375 ((-0.001936 0 -0.033046) (0 -9.10201 0)))
(1.315000 ((-0.001960 0 -0.032970) (0 -9.21374 0)))
(1.315625 ((-0.001983 0 -0.032896) (0 -9.33453 0)))
(1.316250 ((-0.002006 0 -0.032821) (0 -9.45531 0)))
(1.316875 ((-0.002029 0 -0.032746) (0 -9.58537 0)))
(1.317500 ((-0.002052 0 -0.032671) (0 -9.71542 0)))
(1.318125 ((-0.002075 0 -0.032597) (0 -9.85495 0)))
(1.318750 ((-0.002097 0 -0.032523) (0 -9.99448 0)))
(1.319375 ((-0.002119 0 -0.032449) (0 -10.14366 0)))
(1.320000 ((-0.002141 0 -0.032376) (0 -10.29283 0)))
(1.320625 ((-0.002163 0 -0.032303) (0 -10.45179 0)))
(1.321250 ((-0.002184 0 -0.032230) (0 -10.61075 0)))
(1.321875 ((-0.002205 0 -0.032157) (0 -10.77960 0)))
(1.322500 ((-0.002227 0 -0.032085) (0 -10.94844 0)))
(1.323125 ((-0.002247 0 -0.032013) (0 -11.12723 0)))
(1.323750 ((-0.002268 0 -0.031942) (0 -11.30603 0)))
(1.324375 ((-0.002288 0 -0.031871) (0 -11.49479 0)))
(1.325000 ((-0.002308 0 -0.031800) (0 -11.68354 0)))
(1.325625 ((-0.002328 0 -0.031729) (0 -11.88225 0)))
(1.326250 ((-0.002348 0 -0.031659) (0 -12.08095 0)))
(1.326875 ((-0.002368 0 -0.031588) (0 -12.28951 0)))
(1.327500 ((-0.002387 0 -0.031518) (0 -12.49808 0)))
(1.328125 ((-0.002407 0 -0.031448) (0 -12.71638 0)))
(1.328750 ((-0.002426 0 -0.031377) (0 -12.93468 0)))
(1.329375 ((-0.002445 0 -0.031307) (0 -13.16255 0)))
(1.330000 ((-0.002465 0 -0.031236) (0 -13.39041 0)))
(1.330625 ((-0.002484 0 -0.031164) (0 -13.62759 0)))
(1.331250 ((-0.002503 0 -0.031093) (0 -13.86477 0)))
(1.331875 ((-0.002522 0 -0.031020) (0 -14.11099 0)))
(1.332500 ((-0.002541 0 -0.030948) (0 -14.35720 0)))
(1.333125 ((-0.002561 0 -0.030873) (0 -14.61209 0)))
(1.333750 ((-0.002580 0 -0.030799) (0 -14.86698 0)))
(1.334375 ((-0.002600 0 -0.030723) (0 -15.13013 0)))
(1.335000 ((-0.002620 0 -0.030646) (0 -15.39329 0)))
(1.335625 ((-0.002640 0 -0.030567) (0 -15.66424 0)))
(1.336250 ((-0.002660 0 -0.030488) (0 -15.93518 0)))
(1.336875 ((-0.002680 0 -0.030405) (0 -16.21339 0)))
(1.337500 ((-0.002701 0 -0.030323) (0 -16.49160 0)))
(1.338125 ((-0.002722 0 -0.030236) (0 -16.77648 0)))
(1.338750 ((-0.002744 0 -0.030150) (0 -17.06136 0)))
(1.339375 ((-0.002765 0 -0.030060) (0 -17.35226 0)))
(1.340000 ((-0.002787 0 -0.029969) (0 -17.64315 0)))
(1.340625 ((-0.002810 0 -0.029874) (0 -17.93935 0)))
(1.341250 ((-0.002833 0 -0.029779) (0 -18.23556 0)))
(1.341875 ((-0.002856 0 -0.029678) (0 -18.53630 0)))
(1.342500 ((-0.002880 0 -0.029578) (0 -18.83705 0)))
(1.343125 ((-0.002904 0 -0.029472) (0 -19.14151 0)))
(1.343750 ((-0.002928 0 -0.029366) (0 -19.44598 0)))
(1.344375 ((-0.002953 0 -0.029254) (0 -19.75329 0)))
(1.345000 ((-0.002978 0 -0.029143) (0 -20.06060 0)))
(1.345625 ((-0.003004 0 -0.029025) (0 -20.36983 0)))
(1.346250 ((-0.003029 0 -0.028907) (0 -20.67907 0)))
(1.346875 ((-0.003056 0 -0.028783) (0 -20.98926 0)))
(1.347500 ((-0.003082 0 -0.028660) (0 -21.29945 0)))
(1.348125 ((-0.003109 0 -0.028530) (0 -21.60959 0)))
(1.348750 ((-0.003136 0 -0.028400) (0 -21.91973 0)))
(1.349375 ((-0.003163 0 -0.028265) (0 -22.22877 0)))
(1.350000 ((-0.003190 0 -0.028129) (0 -22.53780 0)))
(1.350625 ((-0.003218 0 -0.027988) (0 -22.84466 0)))
(1.351250 ((-0.003245 0 -0.027846) (0 -23.15152 0)))
(1.351875 ((-0.003273 0 -0.027700) (0 -23.45508 0)))
(1.352500 ((-0.003300 0 -0.027553) (0 -23.75865 0)))
(1.353125 ((-0.003328 0 -0.027401) (0 -24.05779 0)))
(1.353750 ((-0.003355 0 -0.027249) (0 -24.35694 0)))
(1.354375 ((-0.003383 0 -0.027093) (0 -24.65051 0)))
(1.355000 ((-0.003410 0 -0.026937) (0 -24.94409 0)))
(1.355625 ((-0.003437 0 -0.026777) (0 -25.23093 0)))
(1.356250 ((-0.003464 0 -0.026617) (0 -25.51778 0)))
(1.356875 ((-0.003490 0 -0.026453) (0 -25.79673 0)))
(1.357500 ((-0.003516 0 -0.026289) (0 -26.07569 0)))
(1.358125 ((-0.003541 0 -0.026123) (0 -26.34558 0)))
(1.358750 ((-0.003567 0 -0.025957) (0 -26.61548 0)))
(1.359375 ((-0.003591 0 -0.025788) (0 -26.87516 0)))
(1.360000 ((-0.003616 0 -0.025620) (0 -27.13484 0)))
(1.360625 ((-0.003639 0 -0.025450) (0 -27.38317 0)))
(1.361250 ((-0.003663 0 -0.025281) (0 -27.63151 0)))
(1.361875 ((-0.003685 0 -0.025110) (0 -27.86736 0)))
(1.362500 ((-0.003707 0 -0.024940) (0 -28.10322 0)))
(1.363125 ((-0.003728 0 -0.024769) (0 -28.32551 0)))
(1.363750 ((-0.003749 0 -0.024599) (0 -28.54781 0)))
(1.364375 ((-0.003769 0 -0.024429) (0 -28.75548 0)))
(1.365000 ((-0.003788 0 -0.024259) (0 -28.96315 0)))
(1.365625 ((-0.003807 0 -0.024090) (0 -29.15518 0)))
(1.366250 ((-0.003825 0 -0.023921) (0 -29.34721 0)))
(1.366875 ((-0.003842 0 -0.023753) (0 -29.52263 0)))
(1.367500 ((-0.003859 0 -0.023586) (0 -29.69805 0)))
(1.368125 ((-0.003874 0 -0.023420) (0 -29.85596 0)))
(1.368750 ((-0.003889 0 -0.023255) (0 -30.01386 0)))
(1.369375 ((-0.003904 0 -0.023091) (0 -30.15338 0)))
(1.370000 ((-0.003918 0 -0.022928) (0 -30.29290 0)))
(1.370625 ((-0.003931 0 -0.022766) (0 -30.41326 0)))
(1.371250 ((-0.003943 0 -0.022605) (0 -30.53362 0)))
(1.371875 ((-0.003955 0 -0.022446) (0 -30.63409 0)))
(1.372500 ((-0.003966 0 -0.022288) (0 -30.73456 0)))
(1.373125 ((-0.003977 0 -0.022131) (0 -30.81451 0)))
(1.373750 ((-0.003987 0 -0.021974) (0 -30.89445 0)))
(1.374375 ((-0.003996 0 -0.021820) (0 -30.95331 0)))
(1.375000 ((-0.004005 0 -0.021666) (0 -31.01217 0)))
(1.375625 ((-0.004013 0 -0.021513) (0 -31.04947 0)))
(1.376250 ((-0.004021 0 -0.021361) (0 -31.08677 0)))
(1.376875 ((-0.004028 0 -0.021210) (0 -31.10213 0)))
(1.377500 ((-0.004035 0 -0.021060) (0 -31.11748 0)))
(1.378125 ((-0.004041 0 -0.020910) (0 -31.11060 0)))
(1.378750 ((-0.004047 0 -0.020761) (0 -31.10372 0)))
(1.379375 ((-0.004051 0 -0.020612) (0 -31.07440 0)))
(1.380000 ((-0.004056 0 -0.020463) (0 -31.04509 0)))
(1.380625 ((-0.004060 0 -0.020315) (0 -30.99324 0)))
(1.381250 ((-0.004064 0 -0.020166) (0 -30.94139 0)))
(1.381875 ((-0.004067 0 -0.020018) (0 -30.86700 0)))
(1.382500 ((-0.004070 0 -0.019869) (0 -30.79262 0)))
(1.383125 ((-0.004072 0 -0.019720) (0 -30.69581 0)))
(1.383750 ((-0.004075 0 -0.019570) (0 -30.59899 0)))
(1.384375 ((-0.004076 0 -0.019420) (0 -30.47995 0)))
(1.385000 ((-0.004077 0 -0.019270) (0 -30.36091 0)))
(1.385625 ((-0.004077 0 -0.019117) (0 -30.21994 0)))
(1.386250 ((-0.004077 0 -0.018965) (0 -30.07897 0)))
(1.386875 ((-0.004076 0 -0.018811) (0 -29.91648 0)))
(1.387500 ((-0.004075 0 -0.018657) (0 -29.75399 0)))
(1.388125 ((-0.004073 0 -0.018500) (0 -29.57048 0)))
(1.388750 ((-0.004071 0 -0.018344) (0 -29.38696 0)))
(1.389375 ((-0.004068 0 -0.018185) (0 -29.18303 0)))
(1.390000 ((-0.004065 0 -0.018025) (0 -28.97909 0)))
(1.390625 ((-0.004061 0 -0.017863) (0 -28.75542 0)))
(1.391250 ((-0.004057 0 -0.017701) (0 -28.53174 0)))
(1.391875 ((-0.004051 0 -0.017536) (0 -28.28912 0)))
(1.392500 ((-0.004046 0 -0.017371) (0 -28.04650 0)))
(1.393125 ((-0.004039 0 -0.017203) (0 -27.78579 0)))
(1.393750 ((-0.004033 0 -0.017035) (0 -27.52508 0)))
(1.394375 ((-0.004024 0 -0.016864) (0 -27.24724 0)))
(1.395000 ((-0.004016 0 -0.016694) (0 -26.96940 0)))
(1.395625 ((-0.004007 0 -0.016520) (0 -26.67544 0)))
(1.396250 ((-0.003997 0 -0.016347) (0 -26.38149 0)))
(1.396875 ((-0.003986 0 -0.016171) (0 -26.07252 0)))
(1.397500 ((-0.003975 0 -0.015996) (0 -25.76356 0)))
(1.398125 ((-0.003963 0 -0.015818) (0 -25.44074 0)))
(1.398750 ((-0.003951 0 -0.015641) (0 -25.11793 0)))
(1.399375 ((-0.003937 0 -0.015462) (0 -24.78248 0)))
(1.400000 ((-0.003923 0 -0.015283) (0 -24.44703 0)))
(1.400625 ((-0.003908 0 -0.015104) (0 -24.10023 0)))
(1.401250 ((-0.003892 0 -0.014925) (0 -23.75342 0)))
(1.401875 ((-0.003875 0 -0.014745) (0 -23.39657 0)))
(1.402500 ((-0.003859 0 -0.014565) (0 -23.03973 0)))
(1.403125 ((-0.003841 0 -0.014386) (0 -22.67419 0)))
(1.403750 ((-0.003822 0 -0.014207) (0 -22.30865 0)))
(1.404375 ((-0.003803 0 -0.014030) (0 -21.93580 0)))
(1.405000 ((-0.003784 0 -0.013852) (0 -21.56296 0)))
(1.405625 ((-0.003763 0 -0.013676) (0 -21.18421 0)))
(1.406250 ((-0.003743 0 -0.013500) (0 -20.80546 0)))
(1.406875 ((-0.003721 0 -0.013327) (0 -20.42222 0)))
(1.407500 ((-0.003700 0 -0.013153) (0 -20.03897 0)))
(1.408125 ((-0.003677 0 -0.012983) (0 -19.65266 0)))
(1.408750 ((-0.003655 0 -0.012813) (0 -19.26635 0)))
(1.409375 ((-0.003632 0 -0.012647) (0 -18.87839 0)))
(1.410000 ((-0.003609 0 -0.012481) (0 -18.49042 0)))
(1.410625 ((-0.003585 0 -0.012319) (0 -18.10220 0)))
(1.411250 ((-0.003561 0 -0.012157) (0 -17.71399 0)))
(1.411875 ((-0.003537 0 -0.012000) (0 -17.32690 0)))
(1.412500 ((-0.003513 0 -0.011842) (0 -16.93982 0)))
(1.413125 ((-0.003489 0 -0.011690) (0 -16.55523 0)))
(1.413750 ((-0.003465 0 -0.011538) (0 -16.17063 0)))
(1.414375 ((-0.003440 0 -0.011392) (0 -15.78984 0)))
(1.415000 ((-0.003416 0 -0.011245) (0 -15.40906 0)))
(1.415625 ((-0.003391 0 -0.011104) (0 -15.03335 0)))
(1.416250 ((-0.003367 0 -0.010964) (0 -14.65765 0)))
(1.416875 ((-0.003342 0 -0.010828) (0 -14.28825 0)))
(1.417500 ((-0.003318 0 -0.010693) (0 -13.91886 0)))
(1.418125 ((-0.003294 0 -0.010564) (0 -13.55694 0)))
(1.418750 ((-0.003270 0 -0.010434) (0 -13.19502 0)))
(1.419375 ((-0.003246 0 -0.010310) (0 -12.84168 0)))
(1.420000 ((-0.003223 0 -0.010187) (0 -12.48833 0)))
(1.420625 ((-0.003199 0 -0.010068) (0 -12.14460 0)))
(1.421250 ((-0.003176 0 -0.009950) (0 -11.80087 0)))
(1.421875 ((-0.003153 0 -0.009836) (0 -11.46771 0)))
(1.422500 ((-0.003130 0 -0.009723) (0 -11.13454 0)))
(1.423125 ((-0.003108 0 -0.009615) (0 -10.81282 0)))
(1.423750 ((-0.003085 0 -0.009506) (0 -10.49110 0)))
(1.424375 ((-0.003063 0 -0.009402) (0 -10.18161 0)))
(1.425000 ((-0.003041 0 -0.009298) (0 -9.87213 0)))
(1.425625 ((-0.003020 0 -0.009199) (0 -9.57558 0)))
(1.426250 ((-0.002998 0 -0.009099) (0 -9.27902 0)))
(1.426875 ((-0.002977 0 -0.009002) (0 -8.99602 0)))
(1.427500 ((-0.002956 0 -0.008906) (0 -8.71301 0)))
(1.428125 ((-0.002935 0 -0.008813) (0 -8.44407 0)))
(1.428750 ((-0.002914 0 -0.008720) (0 -8.17512 0)))
(1.429375 ((-0.002893 0 -0.008629) (0 -7.92066 0)))
(1.430000 ((-0.002872 0 -0.008539) (0 -7.66619 0)))
(1.430625 ((-0.002851 0 -0.008451) (0 -7.42653 0)))
(1.431250 ((-0.002831 0 -0.008363) (0 -7.18686 0)))
(1.431875 ((-0.002810 0 -0.008276) (0 -6.96222 0)))
(1.432500 ((-0.002790 0 -0.008190) (0 -6.73758 0)))
(1.433125 ((-0.002769 0 -0.008105) (0 -6.52809 0)))
(1.433750 ((-0.002749 0 -0.008021) (0 -6.31860 0)))
(1.434375 ((-0.002728 0 -0.007937) (0 -6.12428 0)))
(1.435000 ((-0.002708 0 -0.007853) (0 -5.92997 0)))
(1.435625 ((-0.002687 0 -0.007771) (0 -5.75076 0)))
(1.436250 ((-0.002666 0 -0.007688) (0 -5.57156 0)))
(1.436875 ((-0.002645 0 -0.007606) (0 -5.40730 0)))
(1.437500 ((-0.002625 0 -0.007524) (0 -5.24305 0)))
(1.438125 ((-0.002604 0 -0.007442) (0 -5.09349 0)))
(1.438750 ((-0.002583 0 -0.007360) (0 -4.94393 0)))
(1.439375 ((-0.002561 0 -0.007279) (0 -4.80874 0)))
(1.440000 ((-0.002540 0 -0.007198) (0 -4.67355 0)))
(1.440625 ((-0.002519 0 -0.007117) (0 -4.55230 0)))
(1.441250 ((-0.002497 0 -0.007036) (0 -4.43105 0)))
(1.441875 ((-0.002475 0 -0.006955) (0 -4.32325 0)))
(1.442500 ((-0.002454 0 -0.006874) (0 -4.21544 0)))
(1.443125 ((-0.002432 0 -0.006793) (0 -4.12052 0)))
(1.443750 ((-0.002410 0 -0.006713) (0 -4.02559 0)))
(1.444375 ((-0.002388 0 -0.006633) (0 -3.94290 0)))
(1.445000 ((-0.002365 0 -0.006553) (0 -3.86021 0)))
(1.445625 ((-0.002343 0 -0.006473) (0 -3.78907 0)))
(1.446250 ((-0.002321 0 -0.006393) (0 -3.71793 0)))
(1.446875 ((-0.002298 0 -0.006314) (0 -3.65757 0)))
(1.447500 ((-0.002276 0 -0.006235) (0 -3.59722 0)))
(1.448125 ((-0.002253 0 -0.006156) (0 -3.54685 0)))
(1.448750 ((-0.002230 0 -0.006077) (0 -3.49649 0)))
(1.449375 ((-0.002207 0 -0.005999) (0 -3.45528 0)))
(1.450000 ((-0.002185 0 -0.005921) (0 -3.41407 0)))
(1.450625 ((-0.002162 0 -0.005844) (0 -3.38114 0)))
(1.451250 ((-0.002139 0 -0.005766) (0 -3.34820 0)))
(1.451875 ((-0.002116 0 -0.005690) (0 -3.32265 0)))
(1.452500 ((-0.002093 0 -0.005613) (0 -3.29710 0)))
(1.453125 ((-0.002070 0 -0.005537) (0 -3.27801 0)))
(1.453750 ((-0.002047 0 -0.005461) (0 -3.25892 0)))
(1.454375 ((-0.002024 0 -0.005386) (0 -3.24537 0)))
(1.455000 ((-0.002001 0 -0.005310) (0 -3.23182 0)))
(1.455625 ((-0.001978 0 -0.005236) (0 -3.22288 0)))
(1.456250 ((-0.001954 0 -0.005161) (0 -3.21394 0)))
(1.456875 ((-0.001931 0 -0.005087) (0 -3.20868 0)))
(1.457500 ((-0.001908 0 -0.005012) (0 -3.20342 0)))
(1.458125 ((-0.001884 0 -0.004939) (0 -3.20093 0)))
(1.458750 ((-0.001861 0 -0.004865) (0 -3.19845 0)))
(1.459375 ((-0.001837 0 -0.004791) (0 -3.19784 0)))
(1.460000 ((-0.001813 0 -0.004717) (0 -3.19724 0)))
(1.460625 ((-0.001789 0 -0.004643) (0 -3.19765 0)))
(1.461250 ((-0.001765 0 -0.004569) (0 -3.19806 0)))
(1.461875 ((-0.001740 0 -0.004494) (0 -3.19865 0)))
(1.462500 ((-0.001716 0 -0.004420) (0 -3.19924 0)))
(1.463125 ((-0.001691 0 -0.004344) (0 -3.19922 0)))
(1.463750 ((-0.001666 0 -0.004269) (0 -3.19920 0)))
(1.464375 ((-0.001640 0 -0.004193) (0 -3.19782 0)))
(1.465000 ((-0.001615 0 -0.004117) (0 -3.19644 0)))
(1.465625 ((-0.001588 0 -0.004039) (0 -3.19301 0)))
(1.466250 ((-0.001562 0 -0.003962) (0 -3.18958 0)))
(1.466875 ((-0.001535 0 -0.003883) (0 -3.18346 0)))
(1.467500 ((-0.001507 0 -0.003804) (0 -3.17733 0)))
(1.468125 ((-0.001479 0 -0.003723) (0 -3.16793 0)))
(1.468750 ((-0.001451 0 -0.003642) (0 -3.15854 0)))
(1.469375 ((-0.001422 0 -0.003560) (0 -3.14535 0)))
(1.470000 ((-0.001393 0 -0.003477) (0 -3.13217 0)))
(1.470625 ((-0.001362 0 -0.003392) (0 -3.11475 0)))
(1.471250 ((-0.001332 0 -0.003307) (0 -3.09733 0)))
(1.471875 ((-0.001301 0 -0.003220) (0 -3.07530 0)))
(1.472500 ((-0.001269 0 -0.003133) (0 -3.05327 0)))
(1.473125 ((-0.001237 0 -0.003044) (0 -3.02632 0)))
(1.473750 ((-0.001204 0 -0.002955) (0 -2.99938 0)))
(1.474375 ((-0.001171 0 -0.002865) (0 -2.96729 0)))
(1.475000 ((-0.001137 0 -0.002774) (0 -2.93520 0)))
(1.475625 ((-0.001102 0 -0.002681) (0 -2.89782 0)))
(1.476250 ((-0.001067 0 -0.002588) (0 -2.86043 0)))
(1.476875 ((-0.001032 0 -0.002494) (0 -2.81767 0)))
(1.477500 ((-0.000996 0 -0.002400) (0 -2.77491 0)))
(1.478125 ((-0.000959 0 -0.002305) (0 -2.72677 0)))
(1.478750 ((-0.000923 0 -0.002210) (0 -2.67863 0)))
(1.479375 ((-0.000885 0 -0.002114) (0 -2.62517 0)))
(1.480000 ((-0.000848 0 -0.002019) (0 -2.57172 0)))
(1.480625 ((-0.000810 0 -0.001923) (0 -2.51309 0)))
(1.481250 ((-0.000773 0 -0.001828) (0 -2.45447 0)))
(1.481875 ((-0.000735 0 -0.001733) (0 -2.39088 0)))
(1.482500 ((-0.000697 0 -0.001638) (0 -2.32729 0)))
(1.483125 ((-0.000659 0 -0.001545) (0 -2.25902 0)))
(1.483750 ((-0.000621 0 -0.001451) (0 -2.19075 0)))
(1.484375 ((-0.000584 0 -0.001360) (0 -2.11813 0)))
(1.485000 ((-0.000546 0 -0.001269) (0 -2.04552 0)))
(1.485625 ((-0.000510 0 -0.001181) (0 -1.96895 0)))
(1.486250 ((-0.000473 0 -0.001093) (0 -1.89239 0)))
(1.486875 ((-0.000438 0 -0.001009) (0 -1.81232 0)))
(1.487500 ((-0.000402 0 -0.000924) (0 -1.73226 0)))
(1.488125 ((-0.000369 0 -0.000845) (0 -1.64921 0)))
(1.488750 ((-0.000335 0 -0.000766) (0 -1.56615 0)))
(1.489375 ((-0.000303 0 -0.000692) (0 -1.48064 0)))
(1.490000 ((-0.000272 0 -0.000618) (0 -1.39513 0)))
(1.490625 ((-0.000242 0 -0.000550) (0 -1.30775 0)))
(1.491250 ((-0.000213 0 -0.000483) (0 -1.22038 0)))
(1.491875 ((-0.000187 0 -0.000423) (0 -1.13174 0)))
(1.492500 ((-0.000160 0 -0.000362) (0 -1.04311 0)))
(1.493125 ((-0.000137 0 -0.000310) (0 -0.95385 0)))
(1.493750 ((-0.000114 0 -0.000257) (0 -0.86460 0)))
(1.494375 ((-0.000095 0 -0.000213) (0 -0.77539 0)))
(1.495000 ((-0.000075 0 -0.000169) (0 -0.68617 0)))
(1.495625 ((-0.000059 0 -0.000133) (0 -0.59766 0)))
(1.496250 ((-0.000044 0 -0.000098) (0 -0.50916 0)))
(1.496875 ((-0.000032 0 -0.000072) (0 -0.42203 0)))
(1.497500 ((-0.000021 0 -0.000046) (0 -0.33490 0)))
(1.498125 ((-0.000013 0 -0.000030) (0 -0.24982 0)))
(1.498750 ((-0.000006 0 -0.000013) (0 -0.16474 0)))
(1.499375 ((-0.000003 0 -0.000007) (0 -0.08237 0)))
(1.500000 ((0.000000 0 0.000000) (0 0.00000 0)))
(1.500625 ((-0.000001 0 -0.000003) (0 0.07901 0)))
(1.501250 ((-0.000003 0 -0.000006) (0 0.15803 0)))
(1.501875 ((-0.000009 0 -0.000019) (0 0.23306 0)))
(1.502500 ((-0.000014 0 -0.000032) (0 0.30810 0)))
(1.503125 ((-0.000024 0 -0.000054) (0 0.37856 0)))
(1.503750 ((-0.000034 0 -0.000077) (0 0.44902 0)))
(1.504375 ((-0.000048 0 -0.000108) (0 0.51436 0)))
(1.505000 ((-0.000062 0 -0.000140) (0 0.57969 0)))
(1.505625 ((-0.000080 0 -0.000180) (0 0.63938 0)))
(1.506250 ((-0.000098 0 -0.000220) (0 0.69907 0)))
(1.506875 ((-0.000119 0 -0.000269) (0 0.75265 0)))
(1.507500 ((-0.000141 0 -0.000317) (0 0.80622 0)))
(1.508125 ((-0.000165 0 -0.000373) (0 0.85327 0)))
(1.508750 ((-0.000190 0 -0.000430) (0 0.90032 0)))
(1.509375 ((-0.000217 0 -0.000492) (0 0.94047 0)))
(1.510000 ((-0.000245 0 -0.000555) (0 0.98063 0)))
(1.510625 ((-0.000274 0 -0.000625) (0 1.01360 0)))
(1.511250 ((-0.000304 0 -0.000694) (0 1.04658 0)))
(1.511875 ((-0.000336 0 -0.000768) (0 1.07213 0)))
(1.512500 ((-0.000367 0 -0.000842) (0 1.09768 0)))
(1.513125 ((-0.000401 0 -0.000921) (0 1.11565 0)))
(1.513750 ((-0.000434 0 -0.001000) (0 1.13362 0)))
(1.514375 ((-0.000469 0 -0.001083) (0 1.14392 0)))
(1.515000 ((-0.000503 0 -0.001166) (0 1.15422 0)))
(1.515625 ((-0.000539 0 -0.001251) (0 1.15682 0)))
(1.516250 ((-0.000574 0 -0.001337) (0 1.15942 0)))
(1.516875 ((-0.000610 0 -0.001424) (0 1.15439 0)))
(1.517500 ((-0.000645 0 -0.001512) (0 1.14935 0)))
(1.518125 ((-0.000681 0 -0.001600) (0 1.13681 0)))
(1.518750 ((-0.000717 0 -0.001689) (0 1.12427 0)))
(1.519375 ((-0.000753 0 -0.001779) (0 1.10443 0)))
(1.520000 ((-0.000788 0 -0.001868) (0 1.08459 0)))
(1.520625 ((-0.000824 0 -0.001957) (0 1.05773 0)))
(1.521250 ((-0.000859 0 -0.002047) (0 1.03088 0)))
(1.521875 ((-0.000894 0 -0.002135) (0 0.99736 0)))
(1.522500 ((-0.000928 0 -0.002224) (0 0.96384 0)))
(1.523125 ((-0.000962 0 -0.002312) (0 0.92409 0)))
(1.523750 ((-0.000996 0 -0.002400) (0 0.88434 0)))
(1.524375 ((-0.001029 0 -0.002486) (0 0.83886 0)))
(1.525000 ((-0.001062 0 -0.002573) (0 0.79337 0)))
(1.525625 ((-0.001093 0 -0.002657) (0 0.74273 0)))
(1.526250 ((-0.001125 0 -0.002742) (0 0.69208 0)))
(1.526875 ((-0.001156 0 -0.002825) (0 0.63689 0)))
(1.527500 ((-0.001187 0 -0.002908) (0 0.58170 0)))
(1.528125 ((-0.001216 0 -0.002989) (0 0.52267 0)))
(1.528750 ((-0.001246 0 -0.003070) (0 0.46363 0)))
(1.529375 ((-0.001275 0 -0.003149) (0 0.40149 0)))
(1.530000 ((-0.001304 0 -0.003228) (0 0.33936 0)))
)
