# Moment        
# CofR          : (5.00000000e-03 0.00000000e+00 -1.00000000e-02)
#
# Time          	total_x total_y total_z	pressure_x pressure_y pressure_z	viscous_x viscous_y viscous_z
0.001179245      2.46935476e-02 1.04536997e-01 9.26269879e-02 2.46948861e-02 1.04519421e-01 9.25893470e-02 -1.33857256e-06 1.75754904e-05 3.76409420e-05
0.001298779      1.04096938e-02 4.25526729e-02 3.71280742e-02 1.04128269e-02 4.25411860e-02 3.70946994e-02 -3.13304472e-06 1.14869596e-05 3.33747490e-05
0.001441772      3.70721329e-03 1.19878002e-02 7.98402661e-03 3.71127304e-03 1.19794885e-02 7.95292589e-03 -4.05975161e-06 8.31170264e-06 3.11007185e-05
0.001608598      2.70514847e-03 7.44636627e-03 3.59859566e-03 2.71008041e-03 7.44060900e-03 3.56890787e-03 -4.93194289e-06 5.75726860e-06 2.96877877e-05
0.001798884      2.49282902e-03 6.36414634e-03 2.46217687e-03 2.49842912e-03 6.36029011e-03 2.43348130e-03 -5.60010468e-06 3.85622933e-06 2.86955736e-05
0.00201262       2.36966292e-03 5.74911607e-03 1.83095842e-03 2.37583842e-03 5.74683745e-03 1.80301986e-03 -6.17549902e-06 2.27861604e-06 2.79385635e-05
0.002243488      2.25428842e-03 5.23608995e-03 1.34911607e-03 2.26104618e-03 5.23531371e-03 1.32178561e-03 -6.75775213e-06 7.76240746e-07 2.73304621e-05
0.002471732      2.18359466e-03 4.94161284e-03 1.08921319e-03 2.19092598e-03 4.94226190e-03 1.06238890e-03 -7.33132053e-06 -6.49062283e-07 2.68242984e-05
0.002696557      2.14120579e-03 4.76242032e-03 9.30329611e-04 2.14908768e-03 4.76440677e-03 9.03939021e-04 -7.88189228e-06 -1.98645233e-06 2.63905906e-05
0.002917234      2.11029650e-03 4.63272050e-03 8.16868550e-04 2.11870844e-03 4.63597161e-03 7.90855703e-04 -8.41194062e-06 -3.25111454e-06 2.60128466e-05
0.00313469       2.08682587e-03 4.53475866e-03 7.31949552e-04 2.09574977e-03 4.53921339e-03 7.06270427e-04 -8.92389626e-06 -4.45472262e-06 2.56791254e-05
0.003349005      2.01873526e-03 4.23781925e-03 4.63157605e-04 2.02815225e-03 4.24342802e-03 4.37792442e-04 -9.41698669e-06 -5.60876115e-06 2.53651632e-05
0.003559507      1.98460740e-03 4.09497783e-03 3.38728847e-04 1.99450658e-03 4.10170270e-03 3.13649839e-04 -9.89918899e-06 -6.72487472e-06 2.50790087e-05
0.003767044      2.01474936e-03 4.23118847e-03 4.67470717e-04 2.02511721e-03 4.23898069e-03 4.42639114e-04 -1.03678462e-05 -7.79221619e-06 2.48316026e-05
0.003970977      2.04775523e-03 4.38253919e-03 6.12391143e-04 2.05857980e-03 4.39135647e-03 5.87773719e-04 -1.08245730e-05 -8.81727683e-06 2.46174237e-05
0.004171419      2.08294126e-03 4.54197463e-03 7.63780484e-04 2.09421089e-03 4.55177779e-03 7.39348497e-04 -1.12696306e-05 -9.80316179e-06 2.44319865e-05
0.004368475      2.11892860e-03 4.70530175e-03 9.19088521e-04 2.13063253e-03 4.71605540e-03 8.94816583e-04 -1.17039210e-05 -1.07536460e-05 2.42719378e-05
0.004561603      2.15529039e-03 4.87087761e-03 1.07708412e-03 2.16741797e-03 4.88254830e-03 1.05294976e-03 -1.21275853e-05 -1.16706911e-05 2.41343604e-05
0.004750944      2.18992552e-03 5.03070485e-03 1.23121360e-03 2.20246828e-03 5.04326455e-03 1.20719639e-03 -1.25427622e-05 -1.25597011e-05 2.40172189e-05
0.004936633      2.19545560e-03 5.06042818e-03 1.26428895e-03 2.20840592e-03 5.07385583e-03 1.24037814e-03 -1.29503217e-05 -1.34276410e-05 2.39108067e-05
0.005119374      2.15939276e-03 4.90337113e-03 1.12364411e-03 2.17273768e-03 4.91764159e-03 1.09984122e-03 -1.33449125e-05 -1.42704617e-05 2.38028880e-05
0.005298688      2.11507997e-03 4.71411495e-03 9.56051032e-04 2.12881062e-03 4.72921070e-03 9.32356634e-04 -1.37306473e-05 -1.50957465e-05 2.36943985e-05
0.005475235      2.07151850e-03 4.52494553e-03 7.85951612e-04 2.08562608e-03 4.54084907e-03 7.62366082e-04 -1.41075865e-05 -1.59035371e-05 2.35855299e-05
0.005649091      2.02685533e-03 4.33261076e-03 6.13571055e-04 2.04133196e-03 4.34930611e-03 5.90094337e-04 -1.44766294e-05 -1.66953543e-05 2.34767185e-05
0.005820329      1.98430674e-03 4.14867246e-03 4.48803604e-04 1.99914476e-03 4.16614420e-03 4.25435691e-04 -1.48380227e-05 -1.74717398e-05 2.33679130e-05
0.005989018      1.94190636e-03 3.96604809e-03 2.85406797e-04 1.95709839e-03 3.98428125e-03 2.62147549e-04 -1.51920303e-05 -1.82331581e-05 2.32592482e-05
0.006155227      1.90008015e-03 3.78551147e-03 1.23432070e-04 1.91561903e-03 3.80449160e-03 1.00281451e-04 -1.55388788e-05 -1.89801279e-05 2.31506190e-05
0.00631902       1.86961880e-03 3.65171341e-03 2.13680747e-06 1.88549741e-03 3.67142515e-03 -2.09071538e-05 -1.58786096e-05 -1.97117394e-05 2.30439613e-05
0.006480925      1.92760710e-03 3.91175830e-03 2.45141403e-04 1.94381930e-03 3.93217784e-03 2.22182796e-04 -1.62122002e-05 -2.04195386e-05 2.29586075e-05
0.006640523      1.94191888e-03 3.97920549e-03 3.11520791e-04 1.95845934e-03 4.00031799e-03 2.88639650e-04 -1.65404654e-05 -2.11124994e-05 2.28811415e-05
0.006798319      1.93867817e-03 3.96788700e-03 3.04917657e-04 1.95554175e-03 3.98968027e-03 2.82110336e-04 -1.68635778e-05 -2.17932682e-05 2.28073201e-05
0.00695391       1.93404304e-03 3.95110237e-03 2.93362932e-04 1.95122468e-03 3.97356440e-03 2.70625801e-04 -1.71816382e-05 -2.24620326e-05 2.27371309e-05
0.007107777      1.93057837e-03 3.93825092e-03 2.84749574e-04 1.94807314e-03 3.96137002e-03 2.62079092e-04 -1.74947662e-05 -2.31190965e-05 2.26704821e-05
0.007259954      1.92668025e-03 3.92410468e-03 2.75268907e-04 1.94448381e-03 3.94787039e-03 2.52661667e-04 -1.78035622e-05 -2.37657074e-05 2.26072393e-05
0.007410471      1.92297738e-03 3.91014118e-03 2.65382489e-04 1.94108551e-03 3.93454342e-03 2.42835362e-04 -1.81081279e-05 -2.44022358e-05 2.25471266e-05
0.007559362      1.91920120e-03 3.89628655e-03 2.55894453e-04 1.93760982e-03 3.92131564e-03 2.33404487e-04 -1.84086196e-05 -2.50290849e-05 2.24899662e-05
0.007706656      1.91562307e-03 3.88352073e-03 2.47588563e-04 1.93432822e-03 3.90916726e-03 2.25152898e-04 -1.87051475e-05 -2.56465257e-05 2.24356648e-05
0.007852383      1.90971579e-03 3.85762352e-03 2.25227085e-04 1.92871155e-03 3.88387507e-03 2.02844357e-04 -1.89957656e-05 -2.62515443e-05 2.23827285e-05
0.007996572      1.82326737e-03 3.48484813e-03 -1.10233995e-04 1.84255855e-03 3.51172015e-03 -1.32552626e-04 -1.92911814e-05 -2.68720211e-05 2.23186313e-05
0.008139251      1.81044474e-03 3.43678540e-03 -1.48152575e-04 1.83003427e-03 3.46428066e-03 -1.70412410e-04 -1.95895362e-05 -2.74952651e-05 2.22598357e-05
0.008280816      1.84822305e-03 3.60036645e-03 7.08411936e-07 1.86810116e-03 3.62846044e-03 -2.15021247e-05 -1.98781077e-05 -2.80939938e-05 2.22105366e-05
0.008420917      1.88721487e-03 3.76964943e-03 1.55522903e-04 1.90737246e-03 3.79831998e-03 1.33353887e-04 -2.01575905e-05 -2.86705528e-05 2.21690167e-05
0.008559938      1.93826399e-03 3.99455779e-03 3.61465748e-04 1.95869281e-03 4.02378533e-03 3.39332004e-04 -2.04288172e-05 -2.92275404e-05 2.21337434e-05
0.008697892      1.96794343e-03 4.11924924e-03 4.74830204e-04 1.98863515e-03 4.14901359e-03 4.52724761e-04 -2.06917164e-05 -2.97643470e-05 2.21054429e-05
0.008835142      2.00726017e-03 4.28809841e-03 6.28337223e-04 2.02820731e-03 4.31838170e-03 6.06254144e-04 -2.09471483e-05 -3.02832865e-05 2.20830791e-05
0.008971347      2.04969127e-03 4.46804627e-03 7.91633781e-04 2.07088639e-03 4.49883088e-03 7.69567434e-04 -2.11951256e-05 -3.07846045e-05 2.20663468e-05
0.009106863      2.10614024e-03 4.69950757e-03 1.00069991e-03 2.12757550e-03 4.73077532e-03 9.78644992e-04 -2.14352585e-05 -3.12677445e-05 2.20549175e-05
0.009242035      2.13771306e-03 4.84459041e-03 1.13522016e-03 2.15938272e-03 4.87632697e-03 1.11317106e-03 -2.16696586e-05 -3.17365616e-05 2.20490964e-05
0.009376525      2.17418251e-03 4.99828501e-03 1.27206165e-03 2.19608039e-03 5.03047614e-03 1.25001432e-03 -2.18978738e-05 -3.21911370e-05 2.20473252e-05
0.009510337      2.16254164e-03 4.94083880e-03 1.21447368e-03 2.18465408e-03 4.97346118e-03 1.19243480e-03 -2.21124437e-05 -3.26223772e-05 2.20388767e-05
0.009643813      2.12105415e-03 4.75605191e-03 1.04365906e-03 2.14337836e-03 4.78910465e-03 1.02163731e-03 -2.23242031e-05 -3.30527345e-05 2.20217480e-05
0.009776952      2.11234517e-03 4.72810669e-03 1.02553294e-03 2.13489069e-03 4.76160764e-03 1.00352647e-03 -2.25455242e-05 -3.35009529e-05 2.20064714e-05
0.009909755      2.08875946e-03 4.64053975e-03 9.64233101e-04 2.11153603e-03 4.67450673e-03 9.42239117e-04 -2.27765708e-05 -3.39669815e-05 2.19939840e-05
0.01004222       2.06003494e-03 4.51801249e-03 8.49681919e-04 2.08305149e-03 4.55246345e-03 8.27701078e-04 -2.30165544e-05 -3.44509549e-05 2.19808409e-05
0.01017436       2.03350193e-03 4.41411822e-03 7.64912430e-04 2.05676745e-03 4.44906972e-03 7.42942512e-04 -2.32655205e-05 -3.49515029e-05 2.19699183e-05
0.0103065        2.01398418e-03 4.33936402e-03 7.04797571e-04 2.03750825e-03 4.37483466e-03 6.82837968e-04 -2.35240728e-05 -3.54706428e-05 2.19596031e-05
0.01043863       1.99257904e-03 4.25527648e-03 6.36082259e-04 2.01637129e-03 4.29128467e-03 6.14131846e-04 -2.37922477e-05 -3.60081841e-05 2.19504135e-05
0.01057077       1.97208019e-03 4.17742985e-03 5.75613298e-04 1.99615050e-03 4.21399428e-03 5.53670608e-04 -2.40703057e-05 -3.65644231e-05 2.19426905e-05
0.01070324       1.94986894e-03 4.09099858e-03 5.04445973e-04 1.97422723e-03 4.12813808e-03 4.82509393e-04 -2.43582851e-05 -3.71395006e-05 2.19365799e-05
0.01083571       1.92446727e-03 3.97810462e-03 4.04977408e-04 1.94912262e-03 4.01583699e-03 3.83046315e-04 -2.46553496e-05 -3.77323671e-05 2.19310930e-05
0.01096852       1.90056427e-03 3.88970343e-03 3.36271658e-04 1.92553013e-03 3.92805413e-03 3.14344076e-04 -2.49658619e-05 -3.83506998e-05 2.19275823e-05
0.01110168       1.90000934e-03 3.89911570e-03 3.52745665e-04 1.92529761e-03 3.93810698e-03 3.30819299e-04 -2.52882664e-05 -3.89912837e-05 2.19263659e-05
0.01123518       1.90418286e-03 3.91219746e-03 3.61324845e-04 1.92977413e-03 3.95179011e-03 3.39398144e-04 -2.55912730e-05 -3.95926444e-05 2.19267010e-05
0.01136868       1.92349670e-03 3.99430631e-03 4.34213729e-04 1.94938093e-03 4.03448020e-03 4.12286125e-04 -2.58842341e-05 -4.01738890e-05 2.19276042e-05
0.01150219       1.93791267e-03 4.03300562e-03 4.57299505e-04 1.96407831e-03 4.07373855e-03 4.35371863e-04 -2.61656405e-05 -4.07329389e-05 2.19276418e-05
0.01163569       1.94240586e-03 4.01995405e-03 4.29155083e-04 1.96884071e-03 4.06122210e-03 4.07227548e-04 -2.64348481e-05 -4.12680490e-05 2.19275354e-05
0.01176919       1.96888977e-03 4.15328848e-03 5.57558209e-04 1.99558487e-03 4.19507324e-03 5.35629588e-04 -2.66950981e-05 -4.17847615e-05 2.19286211e-05
0.01190305       1.99471907e-03 4.27782294e-03 6.74881608e-04 2.02166544e-03 4.32010600e-03 6.52950759e-04 -2.69463717e-05 -4.22830587e-05 2.19308483e-05
0.01203726       2.01442724e-03 4.35915463e-03 7.46052669e-04 2.04161530e-03 4.40191689e-03 7.24119296e-04 -2.71880618e-05 -4.27622633e-05 2.19333733e-05
0.01217146       2.03704626e-03 4.45348494e-03 8.30773296e-04 2.06446602e-03 4.49670654e-03 8.08836920e-04 -2.74197683e-05 -4.32215975e-05 2.19363762e-05
0.01230603       2.05682163e-03 4.53345841e-03 9.02160781e-04 2.08446299e-03 4.57711927e-03 8.80220639e-04 -2.76413610e-05 -4.36608608e-05 2.19401420e-05
0.01244096       2.07374486e-03 4.59453143e-03 9.50119041e-04 2.10159768e-03 4.63861193e-03 9.28175416e-04 -2.78528205e-05 -4.40805011e-05 2.19436253e-05
0.01257626       2.10639551e-03 4.72624290e-03 1.06403534e-03 2.13444449e-03 4.77071190e-03 1.04208627e-03 -2.80489742e-05 -4.44689999e-05 2.19490761e-05
0.01271192       2.15345699e-03 4.94210930e-03 1.27095129e-03 2.18171798e-03 4.98699192e-03 1.24898483e-03 -2.82609922e-05 -4.48826163e-05 2.19664548e-05
0.01284795       2.11830588e-03 4.80113683e-03 1.15164611e-03 2.14679398e-03 4.84646487e-03 1.12966586e-03 -2.84880979e-05 -4.53280370e-05 2.19802568e-05
0.01298474       2.08662464e-03 4.69490101e-03 1.06960079e-03 2.11534750e-03 4.74069110e-03 1.04760981e-03 -2.87228592e-05 -4.57900848e-05 2.19909862e-05
0.0131219        2.03602767e-03 4.45455690e-03 8.45184637e-04 2.06499010e-03 4.50082222e-03 8.23189299e-04 -2.89624342e-05 -4.62653240e-05 2.19953379e-05
0.01325944       1.98586970e-03 4.24430814e-03 6.62672943e-04 2.01507797e-03 4.29106331e-03 6.40677481e-04 -2.92082740e-05 -4.67551627e-05 2.19954616e-05
0.01339737       1.93919644e-03 4.04296123e-03 4.81664972e-04 1.96865632e-03 4.09022004e-03 4.59673961e-04 -2.94598832e-05 -4.72588175e-05 2.19910109e-05
0.01353569       1.90434288e-03 3.89556326e-03 3.47093857e-04 1.93405976e-03 3.94333800e-03 3.25110582e-04 -2.97168809e-05 -4.77747434e-05 2.19832751e-05
0.01367479       1.84956101e-03 3.65643125e-03 1.28495505e-04 1.87954077e-03 3.70473553e-03 1.06523739e-04 -2.99797563e-05 -4.83042851e-05 2.19717659e-05
0.01381429       1.81576406e-03 3.51439061e-03 1.77307197e-06 1.84601280e-03 3.56323823e-03 -2.01840044e-05 -3.02487430e-05 -4.88476137e-05 2.19570764e-05
0.01395459       1.77400241e-03 3.34000662e-03 -1.54310950e-04 1.80452638e-03 3.38941135e-03 -1.76250298e-04 -3.05239741e-05 -4.94047344e-05 2.19393476e-05
0.01409531       1.72753052e-03 3.14400422e-03 -3.30191759e-04 1.75834001e-03 3.19398822e-03 -3.52109726e-04 -3.08094857e-05 -4.99840013e-05 2.19179679e-05
0.01423643       1.62841921e-03 2.72214442e-03 -7.10637401e-04 1.65952669e-03 2.77273808e-03 -7.32522904e-04 -3.11074805e-05 -5.05936578e-05 2.18855037e-05
0.01437838       1.66658992e-03 2.88075284e-03 -5.70454273e-04 1.69797677e-03 2.93191580e-03 -5.92313763e-04 -3.13868509e-05 -5.11629648e-05 2.18594898e-05
0.01452075       1.73550652e-03 3.18141132e-03 -2.93816273e-04 1.76716754e-03 3.23312604e-03 -3.15663253e-04 -3.16610159e-05 -5.17147133e-05 2.18469804e-05
0.01466397       1.81537359e-03 3.53351749e-03 3.14381510e-05 1.84730438e-03 3.58576938e-03 9.59239314e-06 -3.19307823e-05 -5.22518880e-05 2.18457579e-05
0.01480762       1.87959970e-03 3.80625439e-03 2.80718626e-04 1.91179506e-03 3.85902733e-03 2.58862905e-04 -3.21953631e-05 -5.27729315e-05 2.18557212e-05
0.01495215       1.95262577e-03 4.12419977e-03 5.74969133e-04 1.98508123e-03 4.17747937e-03 5.53092797e-04 -3.24554616e-05 -5.32795996e-05 2.18763356e-05
0.01509711       2.02485375e-03 4.43221806e-03 8.54266585e-04 2.05756466e-03 4.48599082e-03 8.32361016e-04 -3.27109089e-05 -5.37727510e-05 2.19055693e-05
0.01524252       2.09597390e-03 4.74812066e-03 1.15365330e-03 2.12893582e-03 4.80237219e-03 1.13170769e-03 -3.29619193e-05 -5.42515249e-05 2.19456188e-05
0.01538883       2.17220702e-03 5.07659030e-03 1.45366449e-03 2.20541537e-03 5.13130699e-03 1.43166978e-03 -3.32083444e-05 -5.47166919e-05 2.19947108e-05
0.01553559       2.22977720e-03 5.35752635e-03 1.74485535e-03 2.26323037e-03 5.41269900e-03 1.72279978e-03 -3.34531694e-05 -5.51726479e-05 2.20555729e-05
0.01568281       2.33873004e-03 5.81795865e-03 2.14677654e-03 2.37241536e-03 5.87355812e-03 2.12465227e-03 -3.36853164e-05 -5.55994745e-05 2.21242717e-05
0.01583097       2.33351797e-03 5.77211692e-03 2.09652464e-03 2.36744393e-03 5.82816275e-03 2.07433594e-03 -3.39259564e-05 -5.60458324e-05 2.21886943e-05
0.0159796        2.25903002e-03 5.46126617e-03 1.82216229e-03 2.29321454e-03 5.51780017e-03 1.79992201e-03 -3.41845232e-05 -5.65339905e-05 2.22402761e-05
0.0161287        2.19322627e-03 5.17663860e-03 1.56202271e-03 2.22767013e-03 5.23366882e-03 1.53974271e-03 -3.44438645e-05 -5.70302190e-05 2.22800007e-05
0.01627828       2.13986044e-03 4.95865645e-03 1.36722086e-03 2.17456498e-03 5.01619123e-03 1.34491179e-03 -3.47045481e-05 -5.75347812e-05 2.23090622e-05
0.01642836       2.08798454e-03 4.72325503e-03 1.14537460e-03 2.12294959e-03 4.78130026e-03 1.12304819e-03 -3.49650567e-05 -5.80452298e-05 2.23264101e-05
0.01657941       2.00215245e-03 4.35510491e-03 8.14446949e-04 2.03737885e-03 4.41366628e-03 7.92111212e-04 -3.52263975e-05 -5.85613660e-05 2.23357368e-05
0.01673096       1.92308211e-03 4.00523152e-03 4.88939674e-04 1.95857024e-03 4.06431575e-03 4.66606013e-04 -3.54881291e-05 -5.90842265e-05 2.23336607e-05
0.01688302       1.85070357e-03 3.68936566e-03 1.96613416e-04 1.88645324e-03 3.74897772e-03 1.74292192e-04 -3.57496721e-05 -5.96120574e-05 2.23212242e-05
0.01703558       1.78058759e-03 3.38253650e-03 -8.91424453e-05 1.81659872e-03 3.44268119e-03 -1.11441743e-04 -3.60111355e-05 -6.01446905e-05 2.22992974e-05
0.01718866       1.70768218e-03 3.06564238e-03 -3.81989727e-04 1.74395497e-03 3.12632500e-03 -4.04257017e-04 -3.62727832e-05 -6.06826229e-05 2.22672895e-05
0.01734226       1.67930967e-03 2.94378952e-03 -4.93128348e-04 1.71585482e-03 3.00503227e-03 -5.15361289e-04 -3.65451586e-05 -6.12427510e-05 2.22329410e-05
0.01749586       1.72483203e-03 3.13583228e-03 -3.21706556e-04 1.76162177e-03 3.19757450e-03 -3.43915728e-04 -3.67897440e-05 -6.17422208e-05 2.22091717e-05
0.01764998       1.78093225e-03 3.38515378e-03 -8.73164528e-05 1.81797353e-03 3.44740140e-03 -1.09516692e-04 -3.70412757e-05 -6.22476192e-05 2.22002393e-05
0.01780411       1.83774127e-03 3.64117256e-03 1.56614737e-04 1.87504124e-03 3.70393267e-03 1.34409888e-04 -3.72999721e-05 -6.27601071e-05 2.22048497e-05
0.01795823       1.89517334e-03 3.89982006e-03 4.03452068e-04 1.93273887e-03 3.96309964e-03 3.81229908e-04 -3.75655276e-05 -6.32795755e-05 2.22221607e-05
0.01811235       1.95292956e-03 4.16154904e-03 6.54559748e-04 1.99076769e-03 4.22535566e-03 6.32307991e-04 -3.78381228e-05 -6.38066178e-05 2.22517566e-05
0.01826701       2.01203136e-03 4.42592670e-03 9.05877060e-04 2.05014953e-03 4.49026914e-03 8.83584161e-04 -3.81181747e-05 -6.43424490e-05 2.22928987e-05
0.01842168       2.07132970e-03 4.69489517e-03 1.16519392e-03 2.10973555e-03 4.75978249e-03 1.14284814e-03 -3.84058466e-05 -6.48873185e-05 2.23457764e-05
0.01857634       2.19146131e-03 5.20185626e-03 1.64069654e-03 2.23015960e-03 5.26729100e-03 1.61828403e-03 -3.86982950e-05 -6.54347426e-05 2.24125098e-05
0.018731         2.21261220e-03 5.32411376e-03 1.77087621e-03 2.25161166e-03 5.39010757e-03 1.74838575e-03 -3.89994683e-05 -6.59938098e-05 2.24904533e-05
0.01888566       2.18090304e-03 5.18089459e-03 1.63069021e-03 2.22018870e-03 5.24742501e-03 1.60813531e-03 -3.92856574e-05 -6.65304171e-05 2.25548954e-05
0.01904032       2.04920590e-03 4.62143587e-03 1.12043754e-03 2.08879259e-03 4.68854507e-03 1.09784274e-03 -3.95866821e-05 -6.71091988e-05 2.25947955e-05
0.01919498       2.08108570e-03 4.74345229e-03 1.22449393e-03 2.12096728e-03 4.81112743e-03 1.20185783e-03 -3.98815820e-05 -6.76751399e-05 2.26361049e-05
0.01934964       2.06183506e-03 4.67204672e-03 1.16596231e-03 2.10200555e-03 4.74027555e-03 1.14328345e-03 -4.01704987e-05 -6.82288312e-05 2.26788603e-05
0.0195043        2.08817412e-03 4.77763079e-03 1.25701426e-03 2.12862553e-03 4.84639683e-03 1.23429216e-03 -4.04514059e-05 -6.87660399e-05 2.27220978e-05
0.01965896       2.09288050e-03 4.77329967e-03 1.24122164e-03 2.13360432e-03 4.84258737e-03 1.21845830e-03 -4.07238251e-05 -6.92876951e-05 2.27633383e-05
0.01981362       2.11059557e-03 4.82980708e-03 1.28038005e-03 2.15158324e-03 4.89959972e-03 1.25757587e-03 -4.09876775e-05 -6.97926381e-05 2.28041856e-05
0.01996828       2.13227696e-03 4.92530057e-03 1.37232534e-03 2.17352170e-03 4.99558402e-03 1.34947896e-03 -4.12447401e-05 -7.02834536e-05 2.28463793e-05
0.02012294       2.11460148e-03 4.88015441e-03 1.35372994e-03 2.15609964e-03 4.95092204e-03 1.33084237e-03 -4.14981535e-05 -7.07676304e-05 2.28875731e-05
0.02027761       2.12882418e-03 4.94791773e-03 1.42120036e-03 2.17056929e-03 5.01915642e-03 1.39827091e-03 -4.17451035e-05 -7.12386880e-05 2.29294546e-05
0.02043227       2.14370341e-03 5.02319885e-03 1.49635464e-03 2.18571576e-03 5.09494485e-03 1.47337606e-03 -4.20123527e-05 -7.17459964e-05 2.29785844e-05
0.02058693       2.18168373e-03 5.18956721e-03 1.65665773e-03 2.22396315e-03 5.26181616e-03 1.63362194e-03 -4.22794172e-05 -7.22489418e-05 2.30357938e-05
0.02074159       2.15663763e-03 5.07619003e-03 1.55070863e-03 2.19917885e-03 5.14893620e-03 1.52762429e-03 -4.25412274e-05 -7.27461668e-05 2.30843459e-05
0.02089682       2.12448412e-03 4.93769458e-03 1.42709390e-03 2.16728772e-03 5.01094235e-03 1.40396716e-03 -4.28035935e-05 -7.32477608e-05 2.31267372e-05
0.02105206       2.09253524e-03 4.78862021e-03 1.28068450e-03 2.13560086e-03 4.86237317e-03 1.25752339e-03 -4.30656162e-05 -7.37529578e-05 2.31611117e-05
0.02120729       2.04693252e-03 4.59439418e-03 1.10665271e-03 2.09025999e-03 4.66865464e-03 1.08346247e-03 -4.33274699e-05 -7.42604642e-05 2.31902441e-05
0.02136253       2.00505453e-03 4.41937211e-03 9.44127791e-04 2.04864365e-03 4.49414255e-03 9.20914258e-04 -4.35891228e-05 -7.47704308e-05 2.32135329e-05
0.02151777       1.98785667e-03 4.34394021e-03 8.81079073e-04 2.03170649e-03 4.41922064e-03 8.57845716e-04 -4.38498246e-05 -7.52804301e-05 2.32333564e-05
0.021673         1.94466530e-03 4.16646998e-03 7.22083390e-04 1.98877616e-03 4.24226418e-03 6.98836671e-04 -4.41108523e-05 -7.57941967e-05 2.32467185e-05
0.02182883       1.90880798e-03 4.00031315e-03 5.60637777e-04 1.95317929e-03 4.07662262e-03 5.37382922e-04 -4.43713087e-05 -7.63094661e-05 2.32548548e-05
0.02198466       1.89184207e-03 3.91396696e-03 4.69834691e-04 1.93645392e-03 3.99075588e-03 4.46578518e-04 -4.46118585e-05 -7.67889249e-05 2.32561728e-05
0.02214049       1.89025902e-03 3.91918172e-03 4.80731427e-04 1.93512251e-03 3.99646923e-03 4.57469104e-04 -4.48634928e-05 -7.72875117e-05 2.32623231e-05
0.02229631       1.91699001e-03 4.04574249e-03 6.10218151e-04 1.96211320e-03 4.12353946e-03 5.86940138e-04 -4.51231907e-05 -7.77969659e-05 2.32780128e-05
0.02245214       1.95617835e-03 4.21753856e-03 7.76410617e-04 2.00156094e-03 4.29584092e-03 7.53109969e-04 -4.53825943e-05 -7.83023584e-05 2.33006476e-05
0.02260797       1.98720673e-03 4.35505577e-03 9.04234223e-04 2.03284830e-03 4.43385919e-03 8.80904295e-04 -4.56415702e-05 -7.88034188e-05 2.33299274e-05
0.0227638        2.02238267e-03 4.50822483e-03 1.04900159e-03 2.06828303e-03 4.58752612e-03 1.02563681e-03 -4.59003659e-05 -7.93012867e-05 2.33647819e-05
0.02291963       2.05810014e-03 4.66786364e-03 1.20454981e-03 2.10425939e-03 4.74765981e-03 1.18114395e-03 -4.61592507e-05 -7.97961768e-05 2.34058640e-05
0.02307546       2.08979832e-03 4.80265213e-03 1.33029628e-03 2.13621565e-03 4.88293823e-03 1.30684277e-03 -4.64173300e-05 -8.02860990e-05 2.34535108e-05
0.02323128       2.12968993e-03 4.98044665e-03 1.50241014e-03 2.17636582e-03 5.06122149e-03 1.47890453e-03 -4.66758848e-05 -8.07748419e-05 2.35056168e-05
0.02338711       2.16242110e-03 5.10180630e-03 1.60458797e-03 2.20935399e-03 5.18306544e-03 1.58102714e-03 -4.69328906e-05 -8.12591437e-05 2.35608265e-05
0.02354294       2.14689603e-03 5.06146361e-03 1.58660943e-03 2.19411136e-03 5.14325482e-03 1.56298905e-03 -4.72153297e-05 -8.17912128e-05 2.36203754e-05
0.02369877       2.04802466e-03 4.59641036e-03 1.13565119e-03 2.09552223e-03 4.67874438e-03 1.11199167e-03 -4.74975692e-05 -8.23340129e-05 2.36595208e-05
0.0238546        2.04187732e-03 4.53742925e-03 1.06709981e-03 2.08963964e-03 4.62027283e-03 1.04340328e-03 -4.77623194e-05 -8.28435745e-05 2.36965315e-05
0.02401043       2.08861008e-03 4.71826691e-03 1.21258064e-03 2.13662764e-03 4.80160043e-03 1.18884577e-03 -4.80175576e-05 -8.33335217e-05 2.37348662e-05
0.02416625       2.09086963e-03 4.79904788e-03 1.32761752e-03 2.13914117e-03 4.88286782e-03 1.30384292e-03 -4.82715350e-05 -8.38199401e-05 2.37746064e-05
0.02432208       2.11051303e-03 4.89138192e-03 1.42398048e-03 2.15903219e-03 4.97567494e-03 1.40016463e-03 -4.85191512e-05 -8.42930179e-05 2.38158476e-05
0.02447791       2.12209606e-03 4.94206895e-03 1.47321192e-03 2.17085597e-03 5.02682152e-03 1.44935478e-03 -4.87599142e-05 -8.47525682e-05 2.38571415e-05
0.02463374       2.13424393e-03 4.99114436e-03 1.51776721e-03 2.18323745e-03 5.07634258e-03 1.49386924e-03 -4.89935171e-05 -8.51982191e-05 2.38979670e-05
0.02479021       2.14657372e-03 5.03750230e-03 1.55776686e-03 2.19579401e-03 5.12313301e-03 1.53382866e-03 -4.92202842e-05 -8.56307119e-05 2.39381987e-05
0.02494668       2.15704323e-03 5.08056403e-03 1.59863688e-03 2.20648370e-03 5.16661429e-03 1.57465853e-03 -4.94404648e-05 -8.60502599e-05 2.39783480e-05
0.02510315       2.18138869e-03 5.16609468e-03 1.66686898e-03 2.23102216e-03 5.25251323e-03 1.64285479e-03 -4.96334704e-05 -8.64185517e-05 2.40141924e-05
0.02525963       2.17075082e-03 5.13690997e-03 1.65475809e-03 2.22058966e-03 5.22372020e-03 1.63070617e-03 -4.98388433e-05 -8.68102268e-05 2.40519142e-05
0.0254161        2.15665314e-03 5.08523831e-03 1.61349822e-03 2.20671453e-03 5.17247374e-03 1.58940768e-03 -5.00613913e-05 -8.72354316e-05 2.40905366e-05
0.02557257       2.14525364e-03 5.04397127e-03 1.58261581e-03 2.19554437e-03 5.13164537e-03 1.55848670e-03 -5.02907259e-05 -8.76740995e-05 2.41291064e-05
0.02572904       2.11745218e-03 4.91347535e-03 1.45461826e-03 2.16797810e-03 5.00160147e-03 1.43045384e-03 -5.05259127e-05 -8.81261222e-05 2.41644208e-05
0.02588485       2.10553892e-03 4.89947292e-03 1.47609011e-03 2.15630863e-03 4.98806612e-03 1.45188693e-03 -5.07697099e-05 -8.85932036e-05 2.42031745e-05
0.02604066       2.06738655e-03 4.74569118e-03 1.34696667e-03 2.11840782e-03 4.83476852e-03 1.32272767e-03 -5.10212776e-05 -8.90773359e-05 2.42389980e-05
0.02619647       2.07212904e-03 4.78123932e-03 1.39465854e-03 2.12340832e-03 4.87081133e-03 1.37037991e-03 -5.12792843e-05 -8.95720137e-05 2.42786305e-05
0.02635228       2.00127935e-03 4.52121951e-03 1.20016195e-03 2.05282840e-03 4.61131106e-03 1.17584603e-03 -5.15490553e-05 -9.00915539e-05 2.43159212e-05
0.02650809       2.06717822e-03 4.74262123e-03 1.35793325e-03 2.11899560e-03 4.83322826e-03 1.33357821e-03 -5.18173743e-05 -9.06070283e-05 2.43550388e-05
0.0266639        2.02521790e-03 4.59596026e-03 1.23502095e-03 2.07732753e-03 4.68713033e-03 1.21062786e-03 -5.21096361e-05 -9.11700688e-05 2.43930971e-05
0.02681971       2.01201930e-03 4.52888526e-03 1.16716617e-03 2.06439637e-03 4.62057512e-03 1.14274612e-03 -5.23770754e-05 -9.16898585e-05 2.44200506e-05
0.02697552       2.02914128e-03 4.59966454e-03 1.23123991e-03 2.08177257e-03 4.69184601e-03 1.20678889e-03 -5.26312977e-05 -9.21814680e-05 2.44510192e-05
0.02713133       2.02762841e-03 4.62205251e-03 1.27746917e-03 2.08051636e-03 4.71472671e-03 1.25298009e-03 -5.28879444e-05 -9.26742013e-05 2.44890818e-05
0.02728713       2.04947658e-03 4.72806255e-03 1.39556477e-03 2.10262198e-03 4.82122769e-03 1.37103108e-03 -5.31454033e-05 -9.31651326e-05 2.45336893e-05
0.02744294       2.13067666e-03 5.02893831e-03 1.64298129e-03 2.18407495e-03 5.12258292e-03 1.61839791e-03 -5.33982874e-05 -9.36446050e-05 2.45833782e-05
0.02759875       2.17158284e-03 5.20243727e-03 1.79999213e-03 2.22523307e-03 5.29655660e-03 1.77535359e-03 -5.36502340e-05 -9.41193343e-05 2.46385438e-05
0.02775456       2.20228887e-03 5.33443228e-03 1.92904985e-03 2.25619083e-03 5.42902331e-03 1.90435072e-03 -5.39019664e-05 -9.45910256e-05 2.46991272e-05
0.02791037       2.24029088e-03 5.50802557e-03 2.09906921e-03 2.29444496e-03 5.60308628e-03 2.07430417e-03 -5.41540784e-05 -9.50607112e-05 2.47650418e-05
0.02806618       2.27589102e-03 5.66896367e-03 2.25915490e-03 2.33029752e-03 5.76449195e-03 2.23431849e-03 -5.44065036e-05 -9.55282798e-05 2.48364165e-05
0.02822199       2.27683582e-03 5.66428507e-03 2.25299281e-03 2.33148198e-03 5.76025887e-03 2.22809043e-03 -5.46461590e-05 -9.59737979e-05 2.49023745e-05
0.0283778        2.19864054e-03 5.33498126e-03 1.95016493e-03 2.25355950e-03 5.43147327e-03 1.92521073e-03 -5.49189575e-05 -9.64920112e-05 2.49542009e-05
0.02853361       2.24302751e-03 5.40869043e-03 1.92485830e-03 2.29820938e-03 5.50568042e-03 1.89985127e-03 -5.51818715e-05 -9.69899894e-05 2.50070355e-05
0.02869014       2.19885784e-03 5.33081042e-03 1.94373750e-03 2.25429959e-03 5.42829138e-03 1.91867540e-03 -5.54417507e-05 -9.74809594e-05 2.50620913e-05
0.02884666       2.20732280e-03 5.38353694e-03 2.01009803e-03 2.26301286e-03 5.48148557e-03 1.98498017e-03 -5.56900581e-05 -9.79486244e-05 2.51178595e-05
0.02900319       2.21940777e-03 5.44033650e-03 2.07043264e-03 2.27533346e-03 5.53872858e-03 2.04526052e-03 -5.59256895e-05 -9.83920876e-05 2.51721241e-05
0.02915972       2.21546182e-03 5.45173993e-03 2.10881057e-03 2.27161283e-03 5.55055557e-03 2.08358499e-03 -5.61510112e-05 -9.88156451e-05 2.52255794e-05
0.02931624       2.27219170e-03 5.63638320e-03 2.23267637e-03 2.32854881e-03 5.73558512e-03 2.20739890e-03 -5.63571131e-05 -9.92019202e-05 2.52774772e-05
0.02947277       2.30053339e-03 5.74529987e-03 2.32878294e-03 2.35708204e-03 5.84485959e-03 2.30345404e-03 -5.65486507e-05 -9.95597146e-05 2.53288978e-05
0.0296293        2.39123315e-03 6.07858919e-03 2.63218161e-03 2.44795519e-03 6.17847048e-03 2.60679930e-03 -5.67220336e-05 -9.98812878e-05 2.53823082e-05
0.02978583       2.34525152e-03 5.92453136e-03 2.49622919e-03 2.40216448e-03 6.02476824e-03 2.47079355e-03 -5.69129583e-05 -1.00236880e-04 2.54356421e-05
0.02994235       2.33147667e-03 5.87799159e-03 2.46339205e-03 2.38858784e-03 5.97859906e-03 2.43790409e-03 -5.71111662e-05 -1.00607464e-04 2.54879600e-05
0.03009888       2.31302873e-03 5.80099289e-03 2.38890172e-03 2.37033320e-03 5.90196288e-03 2.36336480e-03 -5.73044666e-05 -1.00969985e-04 2.55369203e-05
0.03025541       2.30371095e-03 5.76299078e-03 2.35717486e-03 2.36121540e-03 5.86433685e-03 2.33158980e-03 -5.75044431e-05 -1.01346070e-04 2.55850583e-05
0.03041193       2.29350446e-03 5.72474030e-03 2.32853787e-03 2.35121556e-03 5.82647565e-03 2.30290461e-03 -5.77111064e-05 -1.01735357e-04 2.56332582e-05
0.03056846       2.29256608e-03 5.69141201e-03 2.27771513e-03 2.35048779e-03 5.79354570e-03 2.25203598e-03 -5.79217055e-05 -1.02133689e-04 2.56791556e-05
0.03072499       2.28425132e-03 5.66428500e-03 2.26215663e-03 2.34238994e-03 5.76682793e-03 2.23642887e-03 -5.81386154e-05 -1.02542929e-04 2.57277571e-05
0.03088152       2.27638069e-03 5.62784314e-03 2.22781970e-03 2.33474241e-03 5.73080863e-03 2.20204537e-03 -5.83617269e-05 -1.02965485e-04 2.57743320e-05
0.03103804       2.27378477e-03 5.56670265e-03 2.14058814e-03 2.33237102e-03 5.67009326e-03 2.11476676e-03 -5.85862475e-05 -1.03390613e-04 2.58213815e-05
0.03119457       2.25233122e-03 5.55089760e-03 2.18107950e-03 2.31115452e-03 5.65473739e-03 2.15520974e-03 -5.88233041e-05 -1.03839792e-04 2.58697694e-05
0.0313511        2.28473374e-03 5.68327522e-03 2.30768999e-03 2.34377133e-03 5.78751901e-03 2.28177117e-03 -5.90375850e-05 -1.04243785e-04 2.59188220e-05
0.03150762       2.35948102e-03 6.00708576e-03 2.62327301e-03 2.41872963e-03 6.11171984e-03 2.59729093e-03 -5.92486082e-05 -1.04634079e-04 2.59820781e-05
0.03166415       2.33135137e-03 5.89608383e-03 2.52698452e-03 2.39082329e-03 6.00113531e-03 2.50094395e-03 -5.94719229e-05 -1.05051479e-04 2.60405724e-05
0.03182068       2.31214942e-03 5.81553382e-03 2.46590284e-03 2.37184426e-03 5.92100481e-03 2.43980854e-03 -5.96948450e-05 -1.05470991e-04 2.60942978e-05
0.03197721       2.29326475e-03 5.72467808e-03 2.37632028e-03 2.35318116e-03 5.83056963e-03 2.35017964e-03 -5.99164124e-05 -1.05891554e-04 2.61406352e-05
0.03213373       2.23531155e-03 5.48717655e-03 2.15165140e-03 2.29545005e-03 5.59349312e-03 2.12547178e-03 -6.01385022e-05 -1.06316567e-04 2.61796201e-05
0.03229107       2.22262511e-03 5.40776608e-03 2.05083818e-03 2.28298418e-03 5.51450925e-03 2.02462888e-03 -6.03590703e-05 -1.06743172e-04 2.62093005e-05
0.03244841       2.17144970e-03 5.21219258e-03 1.88963857e-03 2.23203116e-03 5.31936715e-03 1.86340217e-03 -6.05814586e-05 -1.07174575e-04 2.62363998e-05
0.03260575       2.11014498e-03 4.96062672e-03 1.66727255e-03 2.17094960e-03 5.06823660e-03 1.64101391e-03 -6.08046132e-05 -1.07609885e-04 2.62586396e-05
0.03276226       2.08807207e-03 4.86560539e-03 1.57137445e-03 2.14909795e-03 4.97364944e-03 1.54509900e-03 -6.10258817e-05 -1.08044046e-04 2.62754561e-05
0.03291878       1.99608069e-03 4.47491250e-03 1.20145829e-03 2.05735226e-03 4.58344385e-03 1.17517604e-03 -6.12715613e-05 -1.08531351e-04 2.62822465e-05
0.03307447       1.89183559e-03 4.03514932e-03 7.81764177e-04 1.95333848e-03 4.14414960e-03 7.55495614e-04 -6.15028982e-05 -1.09000274e-04 2.62685623e-05
0.03323016       1.94951837e-03 4.21746717e-03 9.31494342e-04 2.01123402e-03 4.32689218e-03 9.05224066e-04 -6.17156512e-05 -1.09425009e-04 2.62702759e-05
0.03338502       2.07139530e-03 4.81142428e-03 1.53618209e-03 2.13332697e-03 4.92126719e-03 1.50988481e-03 -6.19316691e-05 -1.09842906e-04 2.62972770e-05
0.03353989       2.17256942e-03 5.25384288e-03 1.96849386e-03 2.23471708e-03 5.36409423e-03 1.94215079e-03 -6.21476567e-05 -1.10251345e-04 2.63430684e-05
0.03369393       2.27755283e-03 5.70769598e-03 2.41226562e-03 2.33991645e-03 5.81834719e-03 2.38585970e-03 -6.23636225e-05 -1.10651214e-04 2.64059174e-05
0.03384798       2.37989136e-03 6.14793005e-03 2.84251037e-03 2.44247099e-03 6.25897334e-03 2.81602567e-03 -6.25796257e-05 -1.11043288e-04 2.64847006e-05
0.03400202       2.47798884e-03 6.57066198e-03 3.25877045e-03 2.54078509e-03 6.68209087e-03 3.23219144e-03 -6.27962509e-05 -1.11428891e-04 2.65790096e-05
0.03415606       2.57817563e-03 6.97078645e-03 3.62934910e-03 2.64118685e-03 7.08259155e-03 3.60266285e-03 -6.30112198e-05 -1.11805100e-04 2.66862522e-05
0.03431011       2.67808278e-03 7.42471155e-03 4.09284854e-03 2.74131192e-03 7.53689164e-03 4.06604036e-03 -6.32291353e-05 -1.12180091e-04 2.68081808e-05
0.03446415       2.77185994e-03 7.82762874e-03 4.49518853e-03 2.83529176e-03 7.94014895e-03 4.46824808e-03 -6.34318199e-05 -1.12520218e-04 2.69404447e-05
0.03461819       2.65595430e-03 7.38912623e-03 4.14262073e-03 2.71962852e-03 7.50207054e-03 4.11555804e-03 -6.36742170e-05 -1.12944310e-04 2.70626937e-05
0.03477224       2.63543462e-03 7.27569645e-03 3.99546341e-03 2.69935429e-03 7.38907907e-03 3.96829523e-03 -6.39196715e-05 -1.13382623e-04 2.71681781e-05
0.03492628       2.56562108e-03 6.96004126e-03 3.68210257e-03 2.62977192e-03 7.07384469e-03 3.65485045e-03 -6.41508441e-05 -1.13803434e-04 2.72521246e-05
0.03508032       2.49470946e-03 6.66829115e-03 3.40518448e-03 2.55907811e-03 6.78249625e-03 3.37786355e-03 -6.43686478e-05 -1.14205099e-04 2.73209259e-05
0.03523437       2.40488426e-03 6.25026012e-03 2.98061186e-03 2.46945518e-03 6.36484709e-03 2.95324388e-03 -6.45709221e-05 -1.14586969e-04 2.73679762e-05
0.03538841       2.32657256e-03 5.91448841e-03 2.65250467e-03 2.39133159e-03 6.02943702e-03 2.62510626e-03 -6.47590258e-05 -1.14948614e-04 2.73984149e-05
0.03554245       2.25173499e-03 5.58547383e-03 2.33077427e-03 2.31666853e-03 5.70076558e-03 2.30336200e-03 -6.49335409e-05 -1.15291748e-04 2.74122693e-05
0.03569649       2.18339896e-03 5.27307599e-03 2.01337956e-03 2.24849155e-03 5.38868783e-03 1.98596870e-03 -6.50925849e-05 -1.15611841e-04 2.74108663e-05
0.03585054       2.10202062e-03 4.93767734e-03 1.70347037e-03 2.16725989e-03 5.05359132e-03 1.67607410e-03 -6.52392669e-05 -1.15913981e-04 2.73962656e-05
0.03600458       2.06541965e-03 4.75908709e-03 1.52640070e-03 2.13081005e-03 4.87531688e-03 1.49902884e-03 -6.53904045e-05 -1.16229795e-04 2.73718621e-05
0.03615952       1.93495201e-03 4.34267786e-03 1.23987687e-03 2.00052406e-03 4.45928049e-03 1.21252409e-03 -6.55720442e-05 -1.16602627e-04 2.73527781e-05
0.03631356       2.04983159e-03 4.72387102e-03 1.49973113e-03 2.11555982e-03 4.84078948e-03 1.47238477e-03 -6.57282307e-05 -1.16918464e-04 2.73463592e-05
0.0364676        2.15283250e-03 5.14118726e-03 1.89478552e-03 2.21872053e-03 5.25841905e-03 1.86742579e-03 -6.58880271e-05 -1.17231793e-04 2.73597325e-05
0.03662164       2.26329423e-03 5.59452932e-03 2.34106227e-03 2.32934690e-03 5.71207468e-03 2.31366958e-03 -6.60526677e-05 -1.17545361e-04 2.73926926e-05
0.03677476       2.33335477e-03 5.91240343e-03 2.66314998e-03 2.39957989e-03 6.03027020e-03 2.63570919e-03 -6.62251166e-05 -1.17866769e-04 2.74407914e-05
0.03692789       2.44086522e-03 6.38472268e-03 3.13780113e-03 2.50726923e-03 6.50291435e-03 3.11029359e-03 -6.64040146e-05 -1.18191670e-04 2.75075461e-05
0.03708102       2.51233323e-03 6.70156450e-03 3.45952047e-03 2.57892398e-03 6.82008937e-03 3.43193140e-03 -6.65907485e-05 -1.18524868e-04 2.75890758e-05
0.03723414       2.60698977e-03 7.12426305e-03 3.89169257e-03 2.67377478e-03 7.24312735e-03 3.86400428e-03 -6.67850106e-05 -1.18864294e-04 2.76882941e-05
0.03738635       2.71242538e-03 7.54990289e-03 4.29647524e-03 2.77940881e-03 7.66910929e-03 4.26867619e-03 -6.69834348e-05 -1.19206399e-04 2.77990511e-05
0.03753855       2.78418082e-03 7.88417449e-03 4.65281531e-03 2.85137000e-03 8.00373042e-03 4.62489073e-03 -6.71891798e-05 -1.19555933e-04 2.79245774e-05
0.03769076       2.72206419e-03 7.60618629e-03 4.38435250e-03 2.78944857e-03 7.72608331e-03 4.35632648e-03 -6.73843793e-05 -1.19897014e-04 2.80260173e-05
0.03784203       2.67457223e-03 7.37708072e-03 4.14003773e-03 2.74214348e-03 7.49731244e-03 4.11193057e-03 -6.75712551e-05 -1.20231715e-04 2.81071612e-05
0.03799331       2.59564651e-03 7.04393761e-03 3.82421454e-03 2.66340470e-03 7.16450805e-03 3.79603404e-03 -6.77581916e-05 -1.20570437e-04 2.81805043e-05
0.03814366       2.56687195e-03 6.93728803e-03 3.73110890e-03 2.63481715e-03 7.05819994e-03 3.70286064e-03 -6.79452041e-05 -1.20911908e-04 2.82482672e-05
0.038294         2.53497816e-03 6.80328331e-03 3.60375611e-03 2.60310971e-03 6.92453840e-03 3.57544682e-03 -6.81315450e-05 -1.21255090e-04 2.83092889e-05
0.03844435       2.50718142e-03 6.68133800e-03 3.48383090e-03 2.57549868e-03 6.80293816e-03 3.45546674e-03 -6.83172575e-05 -1.21600163e-04 2.83641653e-05
0.03859377       2.47504117e-03 6.55243861e-03 3.36819959e-03 2.54354338e-03 6.67438444e-03 3.33978496e-03 -6.85022137e-05 -1.21945823e-04 2.84146313e-05
0.03874318       2.43745428e-03 6.39762391e-03 3.22492628e-03 2.50614085e-03 6.51991634e-03 3.19646579e-03 -6.86865698e-05 -1.22292432e-04 2.84604870e-05
0.03889259       2.41264441e-03 6.28333240e-03 3.10950344e-03 2.48151424e-03 6.40597212e-03 3.08100274e-03 -6.88698238e-05 -1.22639715e-04 2.85006979e-05
0.03904201       2.37726253e-03 6.14465576e-03 2.98488788e-03 2.44631555e-03 6.26764480e-03 2.95635138e-03 -6.90530144e-05 -1.22989043e-04 2.85365029e-05
0.03919142       2.39026826e-03 6.17342577e-03 2.99964899e-03 2.45946415e-03 6.29668670e-03 2.97108054e-03 -6.91958907e-05 -1.23260926e-04 2.85684456e-05
0.03934083       2.44931390e-03 6.44495773e-03 3.28492076e-03 2.51868606e-03 6.56854619e-03 3.25630065e-03 -6.93721638e-05 -1.23588462e-04 2.86201164e-05
0.03949025       2.45095124e-03 6.45717011e-03 3.30472034e-03 2.52050576e-03 6.58109803e-03 3.27604842e-03 -6.95545205e-05 -1.23927920e-04 2.86719161e-05
0.03963966       2.45242979e-03 6.46216512e-03 3.31503678e-03 2.52216627e-03 6.58643194e-03 3.28631328e-03 -6.97364769e-05 -1.24266824e-04 2.87234968e-05
0.03978908       2.45168878e-03 6.44657206e-03 3.29247974e-03 2.52160486e-03 6.57117393e-03 3.26370969e-03 -6.99160841e-05 -1.24601869e-04 2.87700514e-05
0.03993849       2.45210876e-03 6.46067118e-03 3.32062159e-03 2.52220611e-03 6.58561097e-03 3.29180109e-03 -7.00973511e-05 -1.24939795e-04 2.88204971e-05
0.0400879        2.46406944e-03 6.50190614e-03 3.35609195e-03 2.53434686e-03 6.62718195e-03 3.32722171e-03 -7.02774275e-05 -1.25275813e-04 2.88702373e-05
0.04023732       2.44755301e-03 6.44640034e-03 3.32018683e-03 2.51801138e-03 6.57201349e-03 3.29126635e-03 -7.04583616e-05 -1.25613158e-04 2.89204855e-05
0.04038673       2.44070272e-03 6.43446302e-03 3.32548735e-03 2.51134345e-03 6.56041639e-03 3.29651656e-03 -7.06407290e-05 -1.25953372e-04 2.89707865e-05
0.04053615       2.45555120e-03 6.48215576e-03 3.36682496e-03 2.52637279e-03 6.60844663e-03 3.33780424e-03 -7.08215938e-05 -1.26290868e-04 2.90207209e-05
0.04068556       2.43992952e-03 6.41992732e-03 3.31321830e-03 2.51093490e-03 6.54656220e-03 3.28414990e-03 -7.10053776e-05 -1.26634877e-04 2.90684049e-05
0.04083497       2.31933675e-03 5.92156138e-03 2.84795605e-03 2.39055373e-03 6.04860201e-03 2.81885347e-03 -7.12169809e-05 -1.27040630e-04 2.91025763e-05
0.04098439       2.38850419e-03 6.17798904e-03 3.09021332e-03 2.45992433e-03 6.30541655e-03 3.06107210e-03 -7.14201475e-05 -1.27427510e-04 2.91412183e-05
0.04113485       2.40029757e-03 6.26922263e-03 3.20454151e-03 2.47191084e-03 6.39701094e-03 3.17534958e-03 -7.16132727e-05 -1.27788311e-04 2.91919369e-05
0.04128531       2.45032997e-03 6.44762968e-03 3.36255302e-03 2.52212291e-03 6.57575143e-03 3.33330817e-03 -7.17929446e-05 -1.28121757e-04 2.92448511e-05
0.04143577       2.52038540e-03 6.74566334e-03 3.65816125e-03 2.59234539e-03 6.87409051e-03 3.62885698e-03 -7.19599869e-05 -1.28427171e-04 2.93042646e-05
0.04158731       2.55816217e-03 6.89697812e-03 3.80053014e-03 2.63027740e-03 7.02568565e-03 3.77116259e-03 -7.21152279e-05 -1.28707531e-04 2.93675490e-05
0.04173885       2.62939584e-03 7.19126025e-03 4.09020456e-03 2.70165377e-03 7.32022012e-03 4.06076695e-03 -7.22579309e-05 -1.28959862e-04 2.94376159e-05
0.04189039       2.66897550e-03 7.34328235e-03 4.23613442e-03 2.74136387e-03 7.47246969e-03 4.20662512e-03 -7.23883683e-05 -1.29187343e-04 2.95092970e-05
0.04204193       2.72718451e-03 7.56234192e-03 4.44064314e-03 2.79968952e-03 7.69172899e-03 4.41106017e-03 -7.25050135e-05 -1.29387066e-04 2.95829731e-05
0.04219347       2.79213321e-03 7.83438387e-03 4.71534899e-03 2.86474454e-03 7.96394839e-03 4.68568843e-03 -7.26113317e-05 -1.29564523e-04 2.96605554e-05
0.04234501       2.75082613e-03 7.72258537e-03 4.65221277e-03 2.82359344e-03 7.85242154e-03 4.62246830e-03 -7.27673061e-05 -1.29836172e-04 2.97444756e-05
0.04249655       2.70097446e-03 7.46218932e-03 4.35747332e-03 2.77386302e-03 7.59224195e-03 4.32767070e-03 -7.28885591e-05 -1.30052626e-04 2.98026188e-05
0.0426481        2.67170627e-03 7.34567091e-03 4.25854049e-03 2.74472332e-03 7.47595418e-03 4.22867959e-03 -7.30170505e-05 -1.30283269e-04 2.98609020e-05
0.0428008        2.69290677e-03 7.43617896e-03 4.35808305e-03 2.76605824e-03 7.56670305e-03 4.32816117e-03 -7.31514714e-05 -1.30524091e-04 2.99218788e-05
0.04295351       2.66257623e-03 7.30550260e-03 4.23078921e-03 2.73586934e-03 7.43628257e-03 4.20080798e-03 -7.32931094e-05 -1.30779970e-04 2.99812326e-05
0.04310622       2.78049152e-03 7.71963786e-03 4.60987759e-03 2.85392458e-03 7.85067041e-03 4.57983577e-03 -7.34330646e-05 -1.31032547e-04 3.00418171e-05
0.04325892       2.67074735e-03 7.33331510e-03 4.27305562e-03 2.74433245e-03 7.46462198e-03 4.24295019e-03 -7.35850983e-05 -1.31306876e-04 3.01054336e-05
0.04341285       2.67708238e-03 7.20062546e-03 4.01218242e-03 2.75081260e-03 7.33219779e-03 3.98202248e-03 -7.37302251e-05 -1.31572329e-04 3.01599369e-05
0.04356678       2.60771448e-03 7.07351370e-03 4.00994770e-03 2.68161088e-03 7.20539146e-03 3.97973031e-03 -7.38963957e-05 -1.31877763e-04 3.02173906e-05
0.04372071       2.60209481e-03 7.07431379e-03 4.04880043e-03 2.67616550e-03 7.20651217e-03 4.01852338e-03 -7.40706828e-05 -1.32198384e-04 3.02770463e-05
0.04387464       2.60686963e-03 7.07040244e-03 4.03687283e-03 2.68107908e-03 7.20285684e-03 4.00654678e-03 -7.42094493e-05 -1.32454399e-04 3.03260468e-05
0.04402857       2.61015007e-03 7.10903546e-03 4.10068107e-03 2.68452661e-03 7.24179683e-03 4.07029699e-03 -7.43765345e-05 -1.32761370e-04 3.03840866e-05
0.04418249       2.61219741e-03 7.12576254e-03 4.12865425e-03 2.68674395e-03 7.25883553e-03 4.09821018e-03 -7.45465419e-05 -1.33072984e-04 3.04440707e-05
0.04433773       2.62101864e-03 7.15832962e-03 4.16858665e-03 2.69572908e-03 7.29170217e-03 4.13808199e-03 -7.47104453e-05 -1.33372553e-04 3.05046591e-05
0.04449296       2.63628253e-03 7.22483449e-03 4.24375603e-03 2.71115108e-03 7.35849464e-03 4.21318970e-03 -7.48685516e-05 -1.33660155e-04 3.05663339e-05
0.04464819       2.63832733e-03 7.22765309e-03 4.25417027e-03 2.71334807e-03 7.36159084e-03 4.22354536e-03 -7.50207444e-05 -1.33937743e-04 3.06249080e-05
0.04480343       2.66651442e-03 7.32988136e-03 4.35073790e-03 2.74167857e-03 7.46407887e-03 4.32005325e-03 -7.51641542e-05 -1.34197509e-04 3.06846525e-05
0.04495866       2.69546898e-03 7.44250012e-03 4.46341969e-03 2.77076905e-03 7.57694305e-03 4.43267611e-03 -7.53000666e-05 -1.34442929e-04 3.07435774e-05
0.04511389       2.68638550e-03 7.41103845e-03 4.43694990e-03 2.76181581e-03 7.54571593e-03 4.40614841e-03 -7.54303081e-05 -1.34677471e-04 3.08014805e-05
0.04526913       2.69927698e-03 7.41962120e-03 4.41933883e-03 2.77482746e-03 7.55451470e-03 4.38848220e-03 -7.55504740e-05 -1.34893496e-04 3.08566239e-05
0.04542577       2.70962489e-03 7.51050220e-03 4.54479981e-03 2.78532827e-03 7.64566942e-03 4.51387603e-03 -7.57033716e-05 -1.35167216e-04 3.09237830e-05
0.04558241       2.68930051e-03 7.28132377e-03 4.23748215e-03 2.76512789e-03 7.41671644e-03 4.20650624e-03 -7.58273811e-05 -1.35392672e-04 3.09759012e-05
0.04573906       2.68789707e-03 7.36872964e-03 4.38511896e-03 2.76384835e-03 7.50434667e-03 4.35409033e-03 -7.59512727e-05 -1.35617034e-04 3.10286254e-05
0.0458957        2.67823703e-03 7.37815353e-03 4.42946468e-03 2.75432293e-03 7.51401509e-03 4.39838169e-03 -7.60858935e-05 -1.35861568e-04 3.10829949e-05
0.04605235       2.67746921e-03 7.37991856e-03 4.44490097e-03 2.75369674e-03 7.51603795e-03 4.41376229e-03 -7.62275342e-05 -1.36119385e-04 3.11386780e-05
0.0462105        2.66409969e-03 7.34112570e-03 4.42338670e-03 2.74047732e-03 7.47751868e-03 4.39219073e-03 -7.63776332e-05 -1.36392986e-04 3.11959625e-05
0.04636865       2.65314545e-03 7.29975586e-03 4.39304738e-03 2.72968204e-03 7.43644189e-03 4.36179788e-03 -7.65365812e-05 -1.36686026e-04 3.12494995e-05
0.0465268        2.65766956e-03 7.29329530e-03 4.37496809e-03 2.73436811e-03 7.43027920e-03 4.34366320e-03 -7.66985432e-05 -1.36983904e-04 3.13048904e-05
0.04668495       2.61610425e-03 7.20585991e-03 4.36505738e-03 2.69297887e-03 7.34316728e-03 4.33369345e-03 -7.68746195e-05 -1.37307365e-04 3.13639299e-05
0.0468431        2.53548106e-03 6.93378771e-03 4.17938457e-03 2.61254629e-03 7.07144816e-03 4.14796337e-03 -7.70652261e-05 -1.37660445e-04 3.14211988e-05
0.04700286       2.56917303e-03 6.98677701e-03 4.13795140e-03 2.64639169e-03 7.12472641e-03 4.10649229e-03 -7.72186513e-05 -1.37949400e-04 3.14591040e-05
0.04716263       2.53458269e-03 6.87150437e-03 4.05278647e-03 2.61199399e-03 7.00981707e-03 4.02128455e-03 -7.74112984e-05 -1.38312707e-04 3.15019166e-05
0.04732239       2.57244323e-03 7.04118048e-03 4.25185546e-03 2.65004368e-03 7.17984404e-03 4.22029850e-03 -7.76004443e-05 -1.38663566e-04 3.15569606e-05
0.04748216       2.61907026e-03 7.22171101e-03 4.42751162e-03 2.69684474e-03 7.36069407e-03 4.39589562e-03 -7.77744761e-05 -1.38983057e-04 3.16159975e-05
0.04764364       2.68656969e-03 7.46689723e-03 4.64868529e-03 2.76450132e-03 7.60616286e-03 4.61700230e-03 -7.79316296e-05 -1.39265630e-04 3.16829877e-05
0.04780512       2.75543963e-03 7.72367092e-03 4.90087056e-03 2.83351397e-03 7.86319008e-03 4.86911859e-03 -7.80743372e-05 -1.39519166e-04 3.17519666e-05
0.0479666        2.60893886e-03 7.43787762e-03 4.94271929e-03 2.68717603e-03 7.57768445e-03 4.91088606e-03 -7.82371631e-05 -1.39806831e-04 3.18332276e-05
0.04812809       2.79983916e-03 7.86103077e-03 5.03835881e-03 2.87818821e-03 8.00102851e-03 5.00645114e-03 -7.83490508e-05 -1.39997740e-04 3.19076622e-05
0.04828957       2.89597979e-03 8.30377992e-03 5.51286742e-03 2.97443062e-03 8.44394392e-03 5.48087620e-03 -7.84508299e-05 -1.40164009e-04 3.19912227e-05
0.04845105       2.95965703e-03 8.48914359e-03 5.65317538e-03 3.03819414e-03 8.62944347e-03 5.62109994e-03 -7.85371073e-05 -1.40299882e-04 3.20754462e-05
0.04861253       2.95690909e-03 8.41044251e-03 5.50905927e-03 3.03558234e-03 8.55097336e-03 5.47689470e-03 -7.86732499e-05 -1.40530846e-04 3.21645682e-05
0.04877401       2.86555595e-03 8.16033850e-03 5.37228476e-03 2.94434926e-03 8.30108028e-03 5.34005496e-03 -7.87933133e-05 -1.40741787e-04 3.22298067e-05
0.0489355        2.85819861e-03 8.13242133e-03 5.35759463e-03 2.93711244e-03 8.27337443e-03 5.32529856e-03 -7.89138287e-05 -1.40953102e-04 3.22960719e-05
0.04909892       2.84959164e-03 8.04869794e-03 5.24732498e-03 2.92862280e-03 8.18985792e-03 5.21496595e-03 -7.90311579e-05 -1.41159982e-04 3.23590266e-05
0.04926235       2.87292637e-03 8.18236292e-03 5.41841985e-03 2.95207811e-03 8.32373344e-03 5.38599277e-03 -7.91517383e-05 -1.41370516e-04 3.24270782e-05
0.04942578       2.99070644e-03 8.23705437e-03 5.13991207e-03 3.06993678e-03 8.37855879e-03 5.10742781e-03 -7.92303438e-05 -1.41504415e-04 3.24842613e-05
0.04958921       2.89541740e-03 8.17690896e-03 5.34511541e-03 2.97475828e-03 8.31860570e-03 5.31256630e-03 -7.93408835e-05 -1.41696740e-04 3.25491095e-05
0.04975264       2.88403451e-03 8.15920367e-03 5.35670299e-03 2.96348921e-03 8.30109962e-03 5.32409028e-03 -7.94547055e-05 -1.41895948e-04 3.26127151e-05
0.04991606       2.86755038e-03 8.13753725e-03 5.38523528e-03 2.94712363e-03 8.27964059e-03 5.35255675e-03 -7.95732506e-05 -1.42103333e-04 3.26785281e-05
0.05008164       2.88151353e-03 8.17093162e-03 5.40892423e-03 2.96117617e-03 8.31318866e-03 5.37618645e-03 -7.96626426e-05 -1.42257044e-04 3.27377825e-05
0.05024722       2.96643839e-03 8.51860365e-03 5.77276047e-03 3.04617663e-03 8.66098090e-03 5.73994993e-03 -7.97382337e-05 -1.42377258e-04 3.28105387e-05
0.0504128        2.95077583e-03 8.48637108e-03 5.77485125e-03 3.03062362e-03 8.62893432e-03 5.74196548e-03 -7.98477957e-05 -1.42563242e-04 3.28857667e-05
0.05057838       2.90814018e-03 8.40119659e-03 5.76362542e-03 2.98811292e-03 8.54397820e-03 5.73067129e-03 -7.99727485e-05 -1.42781614e-04 3.29541297e-05
0.05074395       2.86366458e-03 8.15084649e-03 5.47104415e-03 2.94376305e-03 8.29385276e-03 5.43803078e-03 -8.00984674e-05 -1.43006267e-04 3.30133680e-05
0.05090953       2.80258169e-03 7.89129339e-03 5.19699146e-03 2.88281237e-03 8.03454160e-03 5.16392938e-03 -8.02306745e-05 -1.43248206e-04 3.30620863e-05
0.05107751       2.77074046e-03 7.73572871e-03 5.03934016e-03 2.85110950e-03 7.87923308e-03 5.00623374e-03 -8.03690412e-05 -1.43504376e-04 3.31064203e-05
0.05124549       2.72846357e-03 7.58606977e-03 4.91502542e-03 2.80898095e-03 7.72985155e-03 4.88187874e-03 -8.05173828e-05 -1.43781785e-04 3.31466746e-05
0.05141347       2.67121157e-03 7.36083387e-03 4.70490581e-03 2.75188577e-03 7.50491266e-03 4.67172531e-03 -8.06742056e-05 -1.44078792e-04 3.31805002e-05
0.05158144       2.64637554e-03 7.27184552e-03 4.62375303e-03 2.72721969e-03 7.41624793e-03 4.59054125e-03 -8.08441504e-05 -1.44402412e-04 3.32117796e-05
0.05174942       2.52967980e-03 6.83329658e-03 4.21398153e-03 2.61076642e-03 6.97816452e-03 4.18073906e-03 -8.10866195e-05 -1.44867936e-04 3.32424695e-05
0.0519174        2.52970064e-03 6.80293487e-03 4.17657623e-03 2.61097760e-03 6.94817066e-03 4.14331240e-03 -8.12769642e-05 -1.45235792e-04 3.32638260e-05
0.05208538       2.62401519e-03 7.18155913e-03 4.59196681e-03 2.70545898e-03 7.32710898e-03 4.55866494e-03 -8.14437910e-05 -1.45549852e-04 3.33018666e-05
0.05225335       2.75414924e-03 7.71319665e-03 5.12990060e-03 2.83573454e-03 7.85900252e-03 5.09654328e-03 -8.15852937e-05 -1.45805876e-04 3.33573184e-05
0.05242133       2.83512906e-03 8.04098612e-03 5.46154123e-03 2.91683359e-03 8.18699899e-03 5.42811691e-03 -8.17045301e-05 -1.46012865e-04 3.34243202e-05
0.05259216       2.92937384e-03 8.40326929e-03 5.82964783e-03 3.01117485e-03 8.54943889e-03 5.79614360e-03 -8.18010080e-05 -1.46169596e-04 3.35042296e-05
0.05276298       3.02280365e-03 8.77016837e-03 6.20700616e-03 3.10467914e-03 8.91644716e-03 6.17341265e-03 -8.18754953e-05 -1.46278797e-04 3.35935136e-05
0.05293381       3.15746148e-03 9.30001491e-03 6.75321652e-03 3.23938698e-03 9.44634981e-03 6.71952209e-03 -8.19254958e-05 -1.46334901e-04 3.36944385e-05
0.05310463       3.26713503e-03 9.71098609e-03 7.14881342e-03 3.34908459e-03 9.85732263e-03 7.11500989e-03 -8.19495621e-05 -1.46336544e-04 3.38035324e-05
0.05327546       3.28435437e-03 9.72415141e-03 7.13067603e-03 3.36626753e-03 9.87038044e-03 7.09678144e-03 -8.19131589e-05 -1.46229036e-04 3.38945843e-05
0.05344628       3.30924793e-03 9.66740099e-03 6.92650130e-03 3.39117055e-03 9.81361728e-03 6.89252652e-03 -8.19226138e-05 -1.46216284e-04 3.39747845e-05
0.05361711       3.19997227e-03 9.40004303e-03 6.84345067e-03 3.28194750e-03 9.54633381e-03 6.80940114e-03 -8.19752372e-05 -1.46290786e-04 3.40495293e-05
0.05378793       3.16339102e-03 9.25945187e-03 6.74293785e-03 3.24543504e-03 9.40585013e-03 6.70881598e-03 -8.20440134e-05 -1.46398257e-04 3.41218677e-05
0.05396217       3.05643012e-03 8.85973202e-03 6.33733513e-03 3.13856278e-03 9.00628025e-03 6.30314974e-03 -8.21326599e-05 -1.46548230e-04 3.41853889e-05
0.05413293       3.00919732e-03 8.69141577e-03 6.19125989e-03 3.09143614e-03 8.83815068e-03 6.15701729e-03 -8.22388262e-05 -1.46734908e-04 3.42426076e-05
0.05430369       2.93069225e-03 8.37648291e-03 5.87751356e-03 3.01305141e-03 8.52343672e-03 5.84322374e-03 -8.23591603e-05 -1.46953818e-04 3.42898194e-05
0.05447444       2.89360432e-03 8.23499991e-03 5.75613264e-03 2.97609952e-03 8.38220472e-03 5.72179848e-03 -8.24952000e-05 -1.47204810e-04 3.43341555e-05
0.0546452        2.81914336e-03 7.92203832e-03 5.42915728e-03 2.90178994e-03 8.06952976e-03 5.39479066e-03 -8.26465862e-05 -1.47491443e-04 3.43666240e-05
0.05481232       2.79595643e-03 7.86207138e-03 5.41353844e-03 2.87880131e-03 8.00993492e-03 5.37912694e-03 -8.28448778e-05 -1.47863533e-04 3.44114929e-05
0.05497945       2.81624116e-03 7.90354097e-03 5.43677516e-03 2.89923452e-03 8.05168242e-03 5.40232599e-03 -8.29933637e-05 -1.48141449e-04 3.44491707e-05
0.05514657       2.87909914e-03 8.16142034e-03 5.70593628e-03 2.96221817e-03 8.30979251e-03 5.67144457e-03 -8.31190319e-05 -1.48372169e-04 3.44917056e-05
0.05531369       2.91223003e-03 8.28931600e-03 5.87128997e-03 2.99546843e-03 8.43790412e-03 5.83674913e-03 -8.32383923e-05 -1.48588121e-04 3.45408388e-05
0.05548082       2.89436345e-03 8.27029785e-03 5.91217019e-03 2.97772073e-03 8.41909773e-03 5.87757375e-03 -8.33572784e-05 -1.48799872e-04 3.45964408e-05
0.05564405       3.03940630e-03 8.83594429e-03 6.48623718e-03 3.12286857e-03 8.98492340e-03 6.45157409e-03 -8.34622629e-05 -1.48979110e-04 3.46630982e-05
0.05580729       3.05144828e-03 8.84698447e-03 6.47337498e-03 3.13500541e-03 8.99612546e-03 6.43865020e-03 -8.35571328e-05 -1.49140988e-04 3.47247800e-05
0.05597053       3.10866748e-03 9.09288562e-03 6.74600152e-03 3.19231403e-03 9.24217375e-03 6.71120651e-03 -8.36465511e-05 -1.49288131e-04 3.47950071e-05
0.05613376       3.13957141e-03 9.19155017e-03 6.83341924e-03 3.22329707e-03 9.34096374e-03 6.79855083e-03 -8.37256580e-05 -1.49413577e-04 3.48684071e-05
0.056297         3.16771959e-03 9.26854845e-03 6.90947205e-03 3.25150276e-03 9.41804850e-03 6.87453676e-03 -8.37831726e-05 -1.49500050e-04 3.49352902e-05
0.05646024       3.14014725e-03 9.17596814e-03 6.84027898e-03 3.22399158e-03 9.32556463e-03 6.80528366e-03 -8.38443316e-05 -1.49596487e-04 3.49953208e-05
0.05661918       3.11819093e-03 9.13002363e-03 6.84862400e-03 3.20214308e-03 9.27980425e-03 6.81356122e-03 -8.39521499e-05 -1.49780622e-04 3.50627763e-05
0.05677812       3.11328948e-03 9.10884372e-03 6.83054288e-03 3.19734017e-03 9.25879376e-03 6.79542074e-03 -8.40506897e-05 -1.49950036e-04 3.51221388e-05
0.05693706       3.10227851e-03 9.02358135e-03 6.71782564e-03 3.18641751e-03 9.17368460e-03 6.68265257e-03 -8.41389980e-05 -1.50103250e-04 3.51730724e-05
0.057096         3.06760269e-03 8.95553983e-03 6.71304904e-03 3.15183027e-03 9.10579841e-03 6.67782900e-03 -8.42275741e-05 -1.50258579e-04 3.52200454e-05
0.05725494       3.04615894e-03 8.82264406e-03 6.54420384e-03 3.13046426e-03 8.97303980e-03 6.50894331e-03 -8.43053170e-05 -1.50395741e-04 3.52605361e-05
0.05741388       3.00303985e-03 8.64262157e-03 6.37095808e-03 3.08741700e-03 8.79314594e-03 6.33566364e-03 -8.43771519e-05 -1.50524365e-04 3.52944433e-05
0.05757282       2.99749516e-03 8.60730953e-03 6.32358193e-03 3.08193552e-03 8.75794757e-03 6.28825863e-03 -8.44403559e-05 -1.50638039e-04 3.53233016e-05
0.05773177       3.04442018e-03 8.78093361e-03 6.52563482e-03 3.12891576e-03 8.93167121e-03 6.49028546e-03 -8.44955858e-05 -1.50737595e-04 3.53493643e-05
0.05789071       2.97179637e-03 8.50134427e-03 6.22777143e-03 3.05637183e-03 8.65222981e-03 6.19239774e-03 -8.45754550e-05 -1.50885539e-04 3.53736888e-05
0.05804965       2.88840985e-03 8.16985609e-03 5.88777765e-03 2.97307929e-03 8.32092154e-03 5.85239005e-03 -8.46694475e-05 -1.51065456e-04 3.53876047e-05
0.05820859       2.92877936e-03 8.31711324e-03 6.04375876e-03 3.01351456e-03 8.46830204e-03 6.00835456e-03 -8.47351931e-05 -1.51188799e-04 3.54042051e-05
0.05836753       2.99632535e-03 8.57604663e-03 6.32518766e-03 3.08112467e-03 8.72734945e-03 6.28975273e-03 -8.47993213e-05 -1.51302822e-04 3.54349366e-05
0.05852647       3.05204507e-03 8.80130481e-03 6.57511153e-03 3.13690941e-03 8.95271934e-03 6.53963631e-03 -8.48643476e-05 -1.51414530e-04 3.54752281e-05
0.0586793        3.18565358e-03 9.32409470e-03 7.15985009e-03 3.27057911e-03 9.47560771e-03 7.12432190e-03 -8.49255254e-05 -1.51513008e-04 3.55281931e-05
0.05883213       3.18972593e-03 9.37955209e-03 7.24885224e-03 3.27471431e-03 9.53116306e-03 7.21326327e-03 -8.49883894e-05 -1.51610966e-04 3.55889689e-05
0.05898496       3.26130603e-03 9.65733179e-03 7.54680742e-03 3.34635735e-03 9.80903764e-03 7.51115008e-03 -8.50513262e-05 -1.51705855e-04 3.56573416e-05
0.05913778       3.41399479e-03 1.02446198e-02 8.20276120e-03 3.49910660e-03 1.03964101e-02 8.16702112e-03 -8.51118017e-05 -1.51790283e-04 3.57400828e-05
0.05929061       3.39107652e-03 1.01853252e-02 8.14284236e-03 3.47625246e-03 1.03372045e-02 8.10701524e-03 -8.51759411e-05 -1.51879260e-04 3.58271151e-05
0.05944344       3.43096621e-03 1.03309517e-02 8.29943525e-03 3.51618188e-03 1.04828736e-02 8.26352300e-03 -8.52156779e-05 -1.51921840e-04 3.59122409e-05
0.05959627       3.43499942e-03 1.03431441e-02 8.32747739e-03 3.52025062e-03 1.04951025e-02 8.29148452e-03 -8.52512023e-05 -1.51958403e-04 3.59928707e-05
0.0597491        3.39753712e-03 1.02101428e-02 8.21315739e-03 3.48285766e-03 1.03622042e-02 8.17708458e-03 -8.53205422e-05 -1.52061403e-04 3.60728139e-05
0.05990192       3.33420064e-03 9.94134235e-03 7.92986630e-03 3.41958873e-03 1.00935101e-02 7.89372928e-03 -8.53880912e-05 -1.52167757e-04 3.61370227e-05
0.06005475       3.28300795e-03 9.75614922e-03 7.76291136e-03 3.36846495e-03 9.90842973e-03 7.72672006e-03 -8.54570033e-05 -1.52280514e-04 3.61912918e-05
0.06020758       3.20999689e-03 9.39808740e-03 7.34904965e-03 3.29551932e-03 9.55048129e-03 7.31281989e-03 -8.55224299e-05 -1.52393887e-04 3.62297559e-05
0.06036041       3.08982128e-03 8.94492122e-03 6.91101047e-03 3.17541354e-03 9.09744209e-03 6.87475401e-03 -8.55922579e-05 -1.52520875e-04 3.62564637e-05
0.06051324       3.07358230e-03 8.87723103e-03 6.82814408e-03 3.15924271e-03 9.02987880e-03 6.79186891e-03 -8.56604019e-05 -1.52647774e-04 3.62751716e-05
0.06066606       3.02661396e-03 8.65688800e-03 6.56835909e-03 3.11233819e-03 8.80965841e-03 6.53207533e-03 -8.57242220e-05 -1.52770414e-04 3.62837625e-05
0.06081889       2.99032019e-03 8.50452130e-03 6.39772865e-03 3.07610697e-03 8.65741523e-03 6.36144470e-03 -8.57867816e-05 -1.52893927e-04 3.62839491e-05
0.06097172       2.93181532e-03 8.28102140e-03 6.17316466e-03 3.01767922e-03 8.43406935e-03 6.13688588e-03 -8.58638980e-05 -1.53047946e-04 3.62787762e-05
0.06112455       2.89292280e-03 8.16359633e-03 6.09451521e-03 2.97892159e-03 8.31690469e-03 6.05822814e-03 -8.59987934e-05 -1.53308366e-04 3.62870683e-05
0.06127738       2.90125431e-03 8.16261887e-03 6.07457735e-03 2.98734086e-03 8.31609807e-03 6.03828758e-03 -8.60865465e-05 -1.53479201e-04 3.62897679e-05
0.0614302        2.98154353e-03 8.48774718e-03 6.43711882e-03 3.06770483e-03 8.64136605e-03 6.40081362e-03 -8.61613033e-05 -1.53618871e-04 3.63052015e-05
0.06158303       3.09548837e-03 8.94377016e-03 6.94986532e-03 3.18171180e-03 9.09749802e-03 6.91353089e-03 -8.62234349e-05 -1.53727861e-04 3.63344339e-05
0.06173586       3.16251473e-03 9.19844350e-03 7.23550839e-03 3.24878705e-03 9.35224976e-03 7.19913368e-03 -8.62723171e-05 -1.53806259e-04 3.63747188e-05
0.06188869       3.18175050e-03 9.27189701e-03 7.31578030e-03 3.26806077e-03 9.42575824e-03 7.27936001e-03 -8.63102693e-05 -1.53861233e-04 3.64202963e-05
0.06204152       3.36442728e-03 9.96623397e-03 8.07655125e-03 3.45076021e-03 1.01201157e-02 8.04007349e-03 -8.63329325e-05 -1.53881720e-04 3.64777512e-05
0.06219434       3.44250749e-03 1.01994756e-02 8.25108911e-03 3.52884369e-03 1.03533371e-02 8.21454705e-03 -8.63362031e-05 -1.53861475e-04 3.65420584e-05
0.06234717       3.50909533e-03 1.05532848e-02 8.72587664e-03 3.59543140e-03 1.07071146e-02 8.68925956e-03 -8.63360736e-05 -1.53829810e-04 3.66170856e-05
0.0625           3.60035011e-03 1.09059070e-02 9.12197532e-03 3.68667411e-03 1.10596784e-02 9.08527489e-03 -8.63239968e-05 -1.53771378e-04 3.67004312e-05
0.06264952       3.55929538e-03 1.07073775e-02 8.89864366e-03 3.64555179e-03 1.08609978e-02 8.86189458e-03 -8.62564048e-05 -1.53620338e-04 3.67490760e-05
0.06279904       3.50087673e-03 1.05168937e-02 8.73966332e-03 3.58714139e-03 1.06705060e-02 8.70285558e-03 -8.62646615e-05 -1.53612321e-04 3.68077416e-05
0.06294821       3.34786904e-03 1.03380958e-02 9.04778992e-03 3.43419121e-03 1.04917918e-02 9.01091297e-03 -8.63221727e-05 -1.53695938e-04 3.68769484e-05
0.06309737       3.36260134e-03 9.94483951e-03 8.11533151e-03 3.44894286e-03 1.00985557e-02 8.07841153e-03 -8.63415189e-05 -1.53716200e-04 3.69199809e-05
0.06324653       3.42463821e-03 9.91670568e-03 7.81696944e-03 3.51097869e-03 1.00704082e-02 7.78001947e-03 -8.63404817e-05 -1.53702536e-04 3.69499637e-05
0.06339534       3.33696978e-03 9.82067917e-03 7.99626780e-03 3.42333967e-03 9.97442581e-03 7.95928437e-03 -8.63698849e-05 -1.53746641e-04 3.69834314e-05
0.06354414       3.26672182e-03 9.53614129e-03 7.68681440e-03 3.35312713e-03 9.68994878e-03 7.64980921e-03 -8.64053127e-05 -1.53807497e-04 3.70051918e-05
0.06369294       3.26002076e-03 9.52972752e-03 7.72326163e-03 3.34646782e-03 9.68360700e-03 7.68623243e-03 -8.64470654e-05 -1.53879488e-04 3.70291943e-05
0.06384139       3.23430005e-03 9.42555219e-03 7.61735807e-03 3.32079424e-03 9.57951559e-03 7.58030898e-03 -8.64941884e-05 -1.53963398e-04 3.70490897e-05
0.06398983       3.16602923e-03 9.17228974e-03 7.35344398e-03 3.25257776e-03 9.32635214e-03 7.31637832e-03 -8.65485283e-05 -1.54062395e-04 3.70656595e-05
0.06413827       3.20092885e-03 9.31850427e-03 7.54564955e-03 3.28756453e-03 9.47272442e-03 7.50855588e-03 -8.66356789e-05 -1.54220144e-04 3.70936644e-05
0.06428672       3.28650194e-03 9.63681925e-03 7.89279064e-03 3.37320973e-03 9.79116471e-03 7.85566094e-03 -8.67077880e-05 -1.54345467e-04 3.71296992e-05
0.0644348        3.27569871e-03 9.60006263e-03 7.87770919e-03 3.36244745e-03 9.75447524e-03 7.84055023e-03 -8.67487364e-05 -1.54412610e-04 3.71589603e-05
0.06458288       3.26141281e-03 9.52745818e-03 7.78578886e-03 3.34820203e-03 9.68193880e-03 7.74860493e-03 -8.67892133e-05 -1.54480615e-04 3.71839326e-05
0.06473096       3.28400439e-03 9.54856970e-03 7.78830359e-03 3.37082845e-03 9.70310848e-03 7.75109653e-03 -8.68240559e-05 -1.54538781e-04 3.72070624e-05
0.06487904       3.32656831e-03 9.74491845e-03 8.05390357e-03 3.41342924e-03 9.89951664e-03 8.01666734e-03 -8.68609216e-05 -1.54598190e-04 3.72362236e-05
0.06502712       3.27383739e-03 9.55147704e-03 7.85739002e-03 3.36073760e-03 9.70613999e-03 7.82012667e-03 -8.69002071e-05 -1.54662948e-04 3.72633555e-05
0.0651752        3.28184899e-03 9.59400770e-03 7.92222194e-03 3.36879012e-03 9.74873958e-03 7.88493392e-03 -8.69411263e-05 -1.54731873e-04 3.72880203e-05
0.06532328       3.31875578e-03 9.74649319e-03 8.11500744e-03 3.40573795e-03 9.90129199e-03 8.07769007e-03 -8.69821767e-05 -1.54798794e-04 3.73173705e-05
0.06547136       3.31386348e-03 9.69733665e-03 8.04110656e-03 3.40088489e-03 9.85220139e-03 8.00376592e-03 -8.70214195e-05 -1.54864739e-04 3.73406358e-05
0.06561945       3.30045508e-03 9.67137847e-03 8.05369746e-03 3.38751819e-03 9.82631180e-03 8.01632859e-03 -8.70631037e-05 -1.54933326e-04 3.73688791e-05
0.06576753       3.27694208e-03 9.60018265e-03 7.99682995e-03 3.36407404e-03 9.75523724e-03 7.95943257e-03 -8.71319586e-05 -1.55054586e-04 3.73973781e-05
0.06591561       3.22951200e-03 9.42614361e-03 7.83803220e-03 3.31673184e-03 9.58135620e-03 7.80060591e-03 -8.72198390e-05 -1.55212590e-04 3.74262887e-05
0.06606406       3.23328521e-03 9.47075080e-03 7.93758589e-03 3.32058030e-03 9.62609629e-03 7.90013093e-03 -8.72950806e-05 -1.55345495e-04 3.74549612e-05
0.06621252       3.30185647e-03 9.68328285e-03 8.15488504e-03 3.38920348e-03 9.83871483e-03 8.11739765e-03 -8.73470037e-05 -1.55431978e-04 3.74873816e-05
0.06636097       3.32339573e-03 9.72598467e-03 8.15638583e-03 3.41077400e-03 9.88146586e-03 8.11887313e-03 -8.73782712e-05 -1.55481189e-04 3.75127012e-05
0.06650942       3.30130680e-03 9.63514925e-03 8.04580354e-03 3.38869835e-03 9.79064506e-03 8.00826715e-03 -8.73915454e-05 -1.55495807e-04 3.75363921e-05
0.06665787       3.40536260e-03 1.00301325e-02 8.50374901e-03 3.49274945e-03 1.01856068e-02 8.46618563e-03 -8.73868469e-05 -1.55474308e-04 3.75633719e-05
0.06680633       3.40603128e-03 1.00135759e-02 8.47899671e-03 3.49339637e-03 1.01689965e-02 8.44140874e-03 -8.73650946e-05 -1.55420634e-04 3.75879763e-05
0.06695478       3.44304942e-03 1.01312856e-02 8.60048836e-03 3.53037463e-03 1.02866193e-02 8.56288017e-03 -8.73252089e-05 -1.55333616e-04 3.76081857e-05
0.06710362       3.47343888e-03 1.02305751e-02 8.70293546e-03 3.56070440e-03 1.03857823e-02 8.66530546e-03 -8.72655137e-05 -1.55207212e-04 3.76299984e-05
0.06725245       3.45219050e-03 1.01056459e-02 8.52378538e-03 3.53935374e-03 1.02606516e-02 8.48615206e-03 -8.71632358e-05 -1.55005710e-04 3.76333141e-05
0.06740128       3.37727927e-03 9.61356487e-03 7.77812715e-03 3.46432732e-03 9.76835828e-03 7.74052450e-03 -8.70480515e-05 -1.54793411e-04 3.76026473e-05
0.06755012       3.34992622e-03 9.69667074e-03 8.08468602e-03 3.43692473e-03 9.85136678e-03 8.04708479e-03 -8.69985174e-05 -1.54696045e-04 3.76012324e-05
0.06769895       3.39893003e-03 9.89562426e-03 8.33424972e-03 3.48589094e-03 1.00502414e-02 8.29663916e-03 -8.69609111e-05 -1.54617183e-04 3.76105640e-05
0.06784817       3.44386957e-03 1.00930528e-02 8.60263901e-03 3.53080485e-03 1.02476089e-02 8.56500625e-03 -8.69352787e-05 -1.54556159e-04 3.76327626e-05
0.06799739       3.56225984e-03 1.05513813e-02 9.16279553e-03 3.64918132e-03 1.07058942e-02 9.12512675e-03 -8.69214838e-05 -1.54512872e-04 3.76687818e-05
0.06814662       3.57113631e-03 1.06166950e-02 9.27556584e-03 3.65805853e-03 1.07711877e-02 9.23784933e-03 -8.69222257e-05 -1.54492707e-04 3.77165092e-05
0.06829584       3.56342543e-03 1.06159649e-02 9.29753300e-03 3.65036267e-03 1.07704624e-02 9.25976282e-03 -8.69372409e-05 -1.54497492e-04 3.77701753e-05
0.06844506       3.60445750e-03 1.07994049e-02 9.54460348e-03 3.69142418e-03 1.09539320e-02 9.50677184e-03 -8.69666773e-05 -1.54527150e-04 3.78316392e-05
0.06859467       3.65103241e-03 1.09245044e-02 9.67763581e-03 3.73803572e-03 1.10790730e-02 9.63973599e-03 -8.70033123e-05 -1.54568622e-04 3.78998242e-05
0.06874429       3.67981822e-03 1.10930532e-02 9.92143724e-03 3.76687443e-03 1.12476905e-02 9.88345988e-03 -8.70562037e-05 -1.54637287e-04 3.79773625e-05
0.06889391       3.80487685e-03 1.16373066e-02 1.06203487e-02 3.89204660e-03 1.17921124e-02 1.05822515e-02 -8.71697559e-05 -1.54805757e-04 3.80971892e-05
0.06904352       3.67205420e-03 1.10962692e-02 1.00357109e-02 3.75927239e-03 1.12511335e-02 9.99753181e-03 -8.72181891e-05 -1.54864253e-04 3.81790503e-05
0.06919354       3.65067903e-03 1.09315127e-02 9.78498792e-03 3.73792914e-03 1.10864127e-02 9.74674977e-03 -8.72501090e-05 -1.54899943e-04 3.82381472e-05
0.06934356       3.62091459e-03 1.07840522e-02 9.58365305e-03 3.70818819e-03 1.09389784e-02 9.54537320e-03 -8.72736010e-05 -1.54926277e-04 3.82798514e-05
0.06949358       3.54759912e-03 1.05013451e-02 9.27125888e-03 3.63489202e-03 1.06562967e-02 9.23295521e-03 -8.72929087e-05 -1.54951542e-04 3.83036697e-05
0.06964359       3.48720874e-03 1.02330619e-02 8.95658005e-03 3.57451237e-03 1.03880280e-02 8.91826731e-03 -8.73036325e-05 -1.54966048e-04 3.83127413e-05
0.06979402       3.42139449e-03 1.00305126e-02 8.76841747e-03 3.50870719e-03 1.01854925e-02 8.73010363e-03 -8.73126973e-05 -1.54979915e-04 3.83138431e-05
0.06994444       3.28515758e-03 9.48933759e-03 8.17138189e-03 3.37247383e-03 9.64432522e-03 8.13307859e-03 -8.73162500e-05 -1.54987627e-04 3.83033017e-05
0.07009487       3.22800196e-03 9.31378841e-03 8.02779310e-03 3.31532066e-03 9.46878697e-03 7.98951386e-03 -8.73186905e-05 -1.54998561e-04 3.82792460e-05
0.07024529       3.21166406e-03 9.13858594e-03 7.73731464e-03 3.29896977e-03 9.29357404e-03 7.69907847e-03 -8.73057054e-05 -1.54988097e-04 3.82361730e-05
0.07039572       3.09683173e-03 8.67155717e-03 7.17207885e-03 3.18408925e-03 8.82647686e-03 7.13391137e-03 -8.72575174e-05 -1.54919695e-04 3.81674861e-05
0.07054656       3.01124717e-03 8.34128070e-03 6.80048188e-03 3.09848687e-03 8.49618671e-03 6.76237470e-03 -8.72397015e-05 -1.54906017e-04 3.81071818e-05
0.0706974        3.16352598e-03 8.95653174e-03 7.55560474e-03 3.25077352e-03 9.11145785e-03 7.51751950e-03 -8.72475386e-05 -1.54926105e-04 3.80852360e-05
0.07084824       3.29394774e-03 9.47762271e-03 8.22435504e-03 3.38119916e-03 9.63255251e-03 8.18626915e-03 -8.72514251e-05 -1.54929803e-04 3.80858898e-05
0.07099908       3.41779978e-03 9.92484781e-03 8.69027529e-03 3.50504652e-03 1.00797618e-02 8.65218204e-03 -8.72467417e-05 -1.54913961e-04 3.80932535e-05
0.07115034       3.49577457e-03 1.02506700e-02 9.09105295e-03 3.58301268e-03 1.04055522e-02 9.05293247e-03 -8.72381172e-05 -1.54882243e-04 3.81204771e-05
0.07130161       3.64509633e-03 1.08499119e-02 9.83488242e-03 3.73232126e-03 1.10047455e-02 9.79671478e-03 -8.72249271e-05 -1.54833533e-04 3.81676397e-05
0.07145287       3.71346047e-03 1.10794525e-02 1.00996707e-02 3.80066649e-03 1.12342254e-02 1.00614525e-02 -8.72060241e-05 -1.54772926e-04 3.82182376e-05
0.07160413       3.77804161e-03 1.13730825e-02 1.05052271e-02 3.86522714e-03 1.15277835e-02 1.04669382e-02 -8.71855284e-05 -1.54700963e-04 3.82889528e-05
0.0717554        3.86295521e-03 1.16965485e-02 1.08689666e-02 3.95011452e-03 1.18511632e-02 1.08305989e-02 -8.71593126e-05 -1.54614691e-04 3.83677063e-05
0.07190709       3.93640891e-03 1.19675492e-02 1.11960256e-02 4.02353716e-03 1.21220649e-02 1.11575707e-02 -8.71282536e-05 -1.54515718e-04 3.84548845e-05
0.07205878       3.99222609e-03 1.21249062e-02 1.13555547e-02 4.07932744e-03 1.22793303e-02 1.13170103e-02 -8.71013477e-05 -1.54424088e-04 3.85443428e-05
0.07221048       3.91839571e-03 1.18705501e-02 1.10928098e-02 4.00548021e-03 1.20249103e-02 1.10541969e-02 -8.70844956e-05 -1.54360201e-04 3.86129494e-05
0.07236217       3.84903862e-03 1.15676308e-02 1.07311571e-02 3.93610445e-03 1.17219324e-02 1.06924971e-02 -8.70658309e-05 -1.54301576e-04 3.86599852e-05
0.07251387       3.74550926e-03 1.11815889e-02 1.03149908e-02 3.83255850e-03 1.13358418e-02 1.02762996e-02 -8.70492393e-05 -1.54252843e-04 3.86912606e-05
0.072666         3.64868122e-03 1.08291205e-02 9.95266958e-03 3.73571624e-03 1.09833350e-02 9.91396155e-03 -8.70350226e-05 -1.54214487e-04 3.87080390e-05
0.07281813       3.59123995e-03 1.05671562e-02 9.61105199e-03 3.67825630e-03 1.07213296e-02 9.57234255e-03 -8.70163483e-05 -1.54173426e-04 3.87094458e-05
0.07297027       3.47733493e-03 1.01590863e-02 9.19014527e-03 3.56433662e-03 1.03132313e-02 9.15144773e-03 -8.70016828e-05 -1.54145005e-04 3.86975381e-05
0.0731224        3.38741224e-03 9.80510893e-03 8.78609714e-03 3.47440014e-03 9.95923326e-03 8.74742723e-03 -8.69879019e-05 -1.54124328e-04 3.86699143e-05
0.07327453       3.35320074e-03 9.64613246e-03 8.61486516e-03 3.44017253e-03 9.80023557e-03 8.57623233e-03 -8.69717897e-05 -1.54103108e-04 3.86328229e-05
0.07342712       3.21459076e-03 9.09803273e-03 7.95508728e-03 3.30154628e-03 9.25212032e-03 7.91650771e-03 -8.69555205e-05 -1.54087599e-04 3.85795771e-05
0.0735797        3.23917225e-03 9.20697699e-03 8.10374474e-03 3.32617411e-03 9.36116051e-03 8.06519566e-03 -8.70018560e-05 -1.54183522e-04 3.85490855e-05
0.07373228       3.21362228e-03 9.08848280e-03 7.95799183e-03 3.30062326e-03 9.24267653e-03 7.91948620e-03 -8.70009787e-05 -1.54193734e-04 3.85056302e-05
0.07388486       3.29156132e-03 9.40098965e-03 8.35780332e-03 3.37855310e-03 9.55516827e-03 8.31931828e-03 -8.69917776e-05 -1.54178614e-04 3.84850366e-05
0.0740379        3.39083693e-03 9.75972274e-03 8.79554272e-03 3.47781171e-03 9.91386447e-03 8.75706114e-03 -8.69747781e-05 -1.54141735e-04 3.84815864e-05
0.07419094       3.39852257e-03 9.81000820e-03 8.91163028e-03 3.48547895e-03 9.96410523e-03 8.87313931e-03 -8.69563783e-05 -1.54097032e-04 3.84909696e-05
0.07434398       3.50285322e-03 1.02780764e-02 9.54754671e-03 3.58979378e-03 1.04321280e-02 9.50903311e-03 -8.69405587e-05 -1.54051654e-04 3.85136011e-05
0.07449702       3.59044091e-03 1.06147472e-02 9.98453027e-03 3.67736242e-03 1.07687444e-02 9.94598451e-03 -8.69215094e-05 -1.53997148e-04 3.85457592e-05
0.07465053       3.75497288e-03 1.11641636e-02 1.05319495e-02 3.84185832e-03 1.13180658e-02 1.04933536e-02 -8.68854393e-05 -1.53902222e-04 3.85958981e-05
0.07480403       3.83062664e-03 1.14819135e-02 1.09590200e-02 3.91747331e-03 1.16357109e-02 1.09203619e-02 -8.68466637e-05 -1.53797417e-04 3.86581328e-05
0.07495753       4.02926754e-03 1.21922312e-02 1.17615252e-02 4.11606342e-03 1.23458938e-02 1.17227876e-02 -8.67958771e-05 -1.53662632e-04 3.87375334e-05
0.07511104       3.93872838e-03 1.16923927e-02 1.10136840e-02 4.02541939e-03 1.18458295e-02 1.09748993e-02 -8.66910171e-05 -1.53436783e-04 3.87847047e-05
0.07526502       4.01803334e-03 1.18209334e-02 1.09795577e-02 4.10464118e-03 1.19741909e-02 1.09407380e-02 -8.66078416e-05 -1.53257562e-04 3.88196443e-05
0.075419         4.00656731e-03 1.17509598e-02 1.09084281e-02 4.09310580e-03 1.19040634e-02 1.08695703e-02 -8.65384846e-05 -1.53103552e-04 3.88578053e-05
0.07557297       3.87427694e-03 1.14507577e-02 1.08285943e-02 3.96076989e-03 1.16037575e-02 1.07897090e-02 -8.64929555e-05 -1.52999780e-04 3.88853610e-05
0.07572743       3.80743204e-03 1.12732274e-02 1.06963681e-02 3.89388659e-03 1.14261385e-02 1.06574608e-02 -8.64545577e-05 -1.52911116e-04 3.89073479e-05
0.07588189       3.73130138e-03 1.09973818e-02 1.03927435e-02 3.81772021e-03 1.11502124e-02 1.03538227e-02 -8.64188274e-05 -1.52830581e-04 3.89207602e-05
0.07603684       3.68867937e-03 1.08194767e-02 1.01926798e-02 3.77506121e-03 1.09722286e-02 1.01537586e-02 -8.63818421e-05 -1.52751880e-04 3.89212024e-05
0.07619179       3.62134714e-03 1.05558557e-02 9.89797936e-03 3.70769431e-03 1.07085377e-02 9.85906765e-03 -8.63471633e-05 -1.52682022e-04 3.89117154e-05
0.07634723       3.56567805e-03 1.03069704e-02 9.58248052e-03 3.65198606e-03 1.04595781e-02 9.54358956e-03 -8.63080163e-05 -1.52607770e-04 3.88909547e-05
0.07650267       3.52249972e-03 1.01450143e-02 9.40458448e-03 3.60876943e-03 1.02975523e-02 9.36572203e-03 -8.62697044e-05 -1.52538005e-04 3.88624409e-05
0.07665811       3.56002457e-03 1.03102018e-02 9.64111050e-03 3.64629401e-03 1.04627353e-02 9.60225665e-03 -8.62694404e-05 -1.52533423e-04 3.88538493e-05
0.07681405       3.63855678e-03 1.06173967e-02 1.00479933e-02 3.72481222e-03 1.07698906e-02 1.00091255e-02 -8.62554465e-05 -1.52493956e-04 3.88677322e-05
0.07696999       3.57170249e-03 1.03468311e-02 9.71369870e-03 3.65792142e-03 1.04992495e-02 9.67483530e-03 -8.62189334e-05 -1.52418379e-04 3.88633946e-05
0.07712644       3.63246914e-03 1.05603624e-02 1.00147793e-02 3.71865241e-03 1.07127068e-02 9.97591844e-03 -8.61832721e-05 -1.52344352e-04 3.88608880e-05
0.07728289       3.39117526e-03 9.59981284e-03 8.92530702e-03 3.47732768e-03 9.75209689e-03 8.88645853e-03 -8.61524187e-05 -1.52284052e-04 3.88484910e-05
0.07743985       3.54460125e-03 1.02687687e-02 9.75221645e-03 3.63072500e-03 1.04209909e-02 9.71336927e-03 -8.61237571e-05 -1.52222256e-04 3.88471760e-05
0.07759734       3.64676934e-03 1.06257679e-02 1.01452487e-02 3.73285902e-03 1.07779173e-02 1.01064016e-02 -8.60896874e-05 -1.52149467e-04 3.88470623e-05
0.07775482       3.63852362e-03 1.06315056e-02 1.02087419e-02 3.72458301e-03 1.07835867e-02 1.01698894e-02 -8.60593902e-05 -1.52081127e-04 3.88525435e-05
0.07791283       3.56349038e-03 1.03153973e-02 9.83806209e-03 3.64951930e-03 1.04674134e-02 9.79921410e-03 -8.60289162e-05 -1.52016143e-04 3.88479914e-05
0.07807084       3.65709804e-03 1.06245302e-02 1.01301724e-02 3.74308729e-03 1.07764623e-02 1.00913259e-02 -8.59892552e-05 -1.51932043e-04 3.88465121e-05
0.07822939       3.53016323e-03 9.92499794e-03 9.13354244e-03 3.61606541e-03 1.00767700e-02 9.09473367e-03 -8.59021800e-05 -1.51772013e-04 3.88087745e-05
0.07838793       3.52518890e-03 1.00251682e-02 9.36079752e-03 3.61105582e-03 1.01768753e-02 9.32201732e-03 -8.58669203e-05 -1.51707080e-04 3.87801938e-05
0.07854702       3.58245401e-03 1.03437603e-02 9.84636674e-03 3.66830441e-03 1.04954277e-02 9.80758888e-03 -8.58503980e-05 -1.51667360e-04 3.87778598e-05
0.0787061        3.64293487e-03 1.05249795e-02 1.00488869e-02 3.72875170e-03 1.06765734e-02 1.00101083e-02 -8.58168277e-05 -1.51593896e-04 3.87785754e-05
0.07886519       3.78724081e-03 1.10504590e-02 1.06622436e-02 3.87300747e-03 1.12019443e-02 1.06234573e-02 -8.57666502e-05 -1.51485282e-04 3.87862929e-05
0.07902482       3.89234785e-03 1.14512883e-02 1.11377616e-02 3.97804912e-03 1.16026324e-02 1.10989585e-02 -8.57012678e-05 -1.51344075e-04 3.88030909e-05
0.07918446       3.78315626e-03 1.10915970e-02 1.08231365e-02 3.86879062e-03 1.12427967e-02 1.07843159e-02 -8.56343573e-05 -1.51199765e-04 3.88205934e-05
0.0793441        3.81668318e-03 1.11967760e-02 1.09401420e-02 3.90223708e-03 1.13478054e-02 1.09013034e-02 -8.55538964e-05 -1.51029356e-04 3.88386050e-05
0.07950429       3.86186292e-03 1.13630675e-02 1.11619788e-02 3.94732326e-03 1.15138994e-02 1.11231174e-02 -8.54603368e-05 -1.50831854e-04 3.88613541e-05
0.07966449       3.91238960e-03 1.15439135e-02 1.14040976e-02 3.99774511e-03 1.16945261e-02 1.13652126e-02 -8.53555106e-05 -1.50612635e-04 3.88850110e-05
0.07982525       4.06405940e-03 1.21784779e-02 1.23090351e-02 4.14936387e-03 1.23289577e-02 1.22700822e-02 -8.53044722e-05 -1.50479739e-04 3.89529152e-05
0.07998602       3.95455621e-03 1.16232511e-02 1.14759000e-02 4.03977043e-03 1.17735408e-02 1.14369258e-02 -8.52142183e-05 -1.50289726e-04 3.89742269e-05
0.08014678       3.89003276e-03 1.13936266e-02 1.12309566e-02 3.97515776e-03 1.15437323e-02 1.11919715e-02 -8.51249969e-05 -1.50105676e-04 3.89851128e-05
0.08030812       3.77828424e-03 1.08995887e-02 1.06141490e-02 3.86332486e-03 1.10495253e-02 1.05751672e-02 -8.50406209e-05 -1.49936636e-04 3.89817936e-05
0.08046947       3.74912358e-03 1.08577639e-02 1.06194542e-02 3.83409290e-03 1.10075578e-02 1.05804803e-02 -8.49693224e-05 -1.49793905e-04 3.89739449e-05
0.08063081       3.76301567e-03 1.09378670e-02 1.07566976e-02 3.84792123e-03 1.10875305e-02 1.07177274e-02 -8.49055560e-05 -1.49663514e-04 3.89701901e-05
0.08079274       3.64549623e-03 1.07606213e-02 1.08763516e-02 3.73037458e-03 1.09102215e-02 1.08373786e-02 -8.48783455e-05 -1.49600211e-04 3.89730067e-05
0.08095467       3.69171221e-03 1.07333494e-02 1.05996186e-02 3.77654783e-03 1.08828620e-02 1.05606573e-02 -8.48356181e-05 -1.49512519e-04 3.89612369e-05
0.0811172        3.62763375e-03 1.04883490e-02 1.03201600e-02 3.71243389e-03 1.06377900e-02 1.02812176e-02 -8.48001395e-05 -1.49441078e-04 3.89424108e-05
0.08127973       3.53580573e-03 1.01650349e-02 9.97865305e-03 3.62056974e-03 1.03144059e-02 9.93973674e-03 -8.47640051e-05 -1.49371074e-04 3.89163138e-05
0.08144286       3.49077845e-03 9.91211828e-03 9.57354174e-03 3.57547570e-03 1.00613721e-02 9.53468218e-03 -8.46972562e-05 -1.49253810e-04 3.88595641e-05
0.081606         3.59691435e-03 1.03118839e-02 1.00873481e-02 3.68158571e-03 1.04610823e-02 1.00485031e-02 -8.46713572e-05 -1.49198372e-04 3.88449636e-05
0.08176914       3.67052427e-03 1.05412600e-02 1.03334554e-02 3.75515013e-03 1.06903636e-02 1.02946197e-02 -8.46258539e-05 -1.49103607e-04 3.88357237e-05
0.08193289       3.69601043e-03 1.07123268e-02 1.06463427e-02 3.78058462e-03 1.08613191e-02 1.06075046e-02 -8.45741847e-05 -1.48992249e-04 3.88380524e-05
0.08209664       3.74503113e-03 1.08555131e-02 1.08153371e-02 3.82953762e-03 1.10043635e-02 1.07764969e-02 -8.45064893e-05 -1.48850349e-04 3.88402509e-05
0.08226102       3.81197564e-03 1.10898790e-02 1.10987651e-02 3.89639921e-03 1.12385568e-02 1.10599189e-02 -8.44235639e-05 -1.48677811e-04 3.88461655e-05
0.0824254        3.86832502e-03 1.12718356e-02 1.13091361e-02 3.95265124e-03 1.14203143e-02 1.12702867e-02 -8.43262203e-05 -1.48478791e-04 3.88494176e-05
0.08259042       3.77818780e-03 1.08462301e-02 1.07234736e-02 3.86239547e-03 1.09944691e-02 1.06846205e-02 -8.42076657e-05 -1.48238959e-04 3.88531166e-05
0.08275544       3.89503768e-03 1.11881636e-02 1.10959297e-02 3.97910349e-03 1.13361185e-02 1.10570724e-02 -8.40658037e-05 -1.47954882e-04 3.88572580e-05
0.08292046       4.04202781e-03 1.17232759e-02 1.17281711e-02 4.12597456e-03 1.18709758e-02 1.16892722e-02 -8.39467451e-05 -1.47699925e-04 3.88988865e-05
0.08308612       4.11216736e-03 1.21376459e-02 1.24572827e-02 4.19599979e-03 1.22850992e-02 1.24183398e-02 -8.38324346e-05 -1.47453286e-04 3.89429241e-05
0.08325179       4.06070780e-03 1.20049686e-02 1.23395928e-02 4.14442705e-03 1.21521872e-02 1.23006332e-02 -8.37192518e-05 -1.47218569e-04 3.89596004e-05
0.0834168        3.98631602e-03 1.16446443e-02 1.18660078e-02 4.06993006e-03 1.17916516e-02 1.18270520e-02 -8.36140378e-05 -1.47007224e-04 3.89557901e-05
0.08358182       3.95265006e-03 1.15674800e-02 1.18194994e-02 4.03617701e-03 1.17143135e-02 1.17805574e-02 -8.35269476e-05 -1.46833512e-04 3.89420204e-05
0.08374617       3.85933472e-03 1.12395558e-02 1.14816176e-02 3.94279102e-03 1.13862473e-02 1.14426899e-02 -8.34563000e-05 -1.46691486e-04 3.89277185e-05
0.08391053       3.74275315e-03 1.02713435e-02 9.70846434e-03 3.82609826e-03 1.04178300e-02 9.66958774e-03 -8.33451111e-05 -1.46486561e-04 3.88766006e-05
0.08407424       3.66186393e-03 1.03973333e-02 1.02909329e-02 3.74515425e-03 1.05437175e-02 1.02520982e-02 -8.32903199e-05 -1.46384180e-04 3.88346984e-05
0.08423794       3.60731806e-03 1.02085260e-02 1.00711371e-02 3.69056707e-03 1.03548354e-02 1.00323500e-02 -8.32490093e-05 -1.46309363e-04 3.87870641e-05
0.08440099       3.61438589e-03 1.01812764e-02 9.93330820e-03 3.69758674e-03 1.03275025e-02 9.89458247e-03 -8.32008506e-05 -1.46226020e-04 3.87257249e-05
0.08456404       3.37258351e-03 9.31526654e-03 8.92048731e-03 3.45572453e-03 9.46140040e-03 8.88185812e-03 -8.31410204e-05 -1.46133860e-04 3.86291876e-05
0.08472643       3.53254024e-03 9.94595305e-03 9.80674565e-03 3.61566359e-03 1.00920545e-02 9.76815484e-03 -8.31233583e-05 -1.46101460e-04 3.85908108e-05
0.08488882       3.55105452e-03 1.01276517e-02 1.01869192e-02 3.63415657e-03 1.02737091e-02 1.01483532e-02 -8.31020515e-05 -1.46057474e-04 3.85659986e-05
0.08505056       3.58516896e-03 1.02419061e-02 1.03325274e-02 3.66823053e-03 1.03878784e-02 1.02939722e-02 -8.30615696e-05 -1.45972342e-04 3.85552219e-05
0.0852123        3.64969810e-03 1.04988472e-02 1.07004123e-02 3.73270403e-03 1.06447016e-02 1.06618581e-02 -8.30059325e-05 -1.45854340e-04 3.85542522e-05
0.08537338       3.72949065e-03 1.07216767e-02 1.09394950e-02 3.81241424e-03 1.08673610e-02 1.09009385e-02 -8.29235811e-05 -1.45684252e-04 3.85565283e-05
0.08553447       3.81547773e-03 1.10483448e-02 1.13510121e-02 3.89829810e-03 1.11938157e-02 1.13124483e-02 -8.28203754e-05 -1.45470882e-04 3.85638644e-05
0.08569555       3.90756287e-03 1.13871284e-02 1.17980460e-02 3.99026131e-03 1.15323466e-02 1.17594608e-02 -8.26984339e-05 -1.45218234e-04 3.85852265e-05
0.08585598       3.99496676e-03 1.17038228e-02 1.22117355e-02 4.07752283e-03 1.18487462e-02 1.21731186e-02 -8.25560737e-05 -1.44923400e-04 3.86169011e-05
0.0860164        4.14794697e-03 1.23016702e-02 1.30231202e-02 4.23037733e-03 1.24463197e-02 1.29844419e-02 -8.24303626e-05 -1.44649454e-04 3.86782370e-05
0.08617617       4.11760442e-03 1.21939201e-02 1.29112467e-02 4.19993944e-03 1.23383566e-02 1.28725148e-02 -8.23350189e-05 -1.44436504e-04 3.87319230e-05
0.08633594       4.03586450e-03 1.18844984e-02 1.25442928e-02 4.11808572e-03 1.20286981e-02 1.25055375e-02 -8.22212221e-05 -1.44199682e-04 3.87552228e-05
0.08649505       3.79779362e-03 1.13057730e-02 1.21910159e-02 3.87994647e-03 1.14498258e-02 1.21522439e-02 -8.21528586e-05 -1.44052800e-04 3.87720029e-05
0.08665416       3.60027248e-03 1.09052331e-02 1.21024693e-02 3.68240415e-03 1.10492276e-02 1.20636788e-02 -8.21316694e-05 -1.43994498e-04 3.87904711e-05
0.08681328       3.73147640e-03 1.09020320e-02 1.14908386e-02 3.81354258e-03 1.10458952e-02 1.14520623e-02 -8.20661852e-05 -1.43863139e-04 3.87762938e-05
0.08697173       3.64092052e-03 1.06427455e-02 1.12678909e-02 3.72293491e-03 1.07865011e-02 1.12291254e-02 -8.20143894e-05 -1.43755612e-04 3.87655053e-05
0.08713018       3.69852447e-03 1.07174617e-02 1.12169800e-02 3.78047948e-03 1.08610996e-02 1.11782329e-02 -8.19550120e-05 -1.43637941e-04 3.87471152e-05
0.08728797       3.59059460e-03 1.02728853e-02 1.05846975e-02 3.67249101e-03 1.04164121e-02 1.05459909e-02 -8.18964060e-05 -1.43526714e-04 3.87066844e-05
0.08744576       3.52030550e-03 9.95091841e-03 1.01077338e-02 3.60214492e-03 1.00943424e-02 1.00690760e-02 -8.18394273e-05 -1.43424036e-04 3.86577396e-05
0.08760355       3.42501532e-03 9.54348402e-03 9.52511765e-03 3.50675990e-03 9.68674457e-03 9.48653996e-03 -8.17445873e-05 -1.43260556e-04 3.85776848e-05
0.08776068       3.47801782e-03 9.66282414e-03 9.65767813e-03 3.55967256e-03 9.80592033e-03 9.61915460e-03 -8.16547366e-05 -1.43096191e-04 3.85235303e-05
0.08791781       3.57378217e-03 1.01019994e-02 1.03031047e-02 3.65536665e-03 1.02449615e-02 1.02646140e-02 -8.15844859e-05 -1.42962119e-04 3.84907473e-05
0.08807427       3.56365387e-03 1.00440622e-02 1.02461443e-02 3.64516010e-03 1.01868730e-02 1.02076820e-02 -8.15062341e-05 -1.42810815e-04 3.84622916e-05
0.08823074       3.49677296e-03 9.79062218e-03 9.96882947e-03 3.57819776e-03 9.93327478e-03 9.93039217e-03 -8.14248078e-05 -1.42652601e-04 3.84373009e-05
0.0883872        3.62105023e-03 1.02817583e-02 1.05848582e-02 3.70238999e-03 1.04242438e-02 1.05464380e-02 -8.13397559e-05 -1.42485548e-04 3.84201917e-05
0.088543         3.68072344e-03 1.04427824e-02 1.07444877e-02 3.76196543e-03 1.05850727e-02 1.07060798e-02 -8.12419925e-05 -1.42290336e-04 3.84078187e-05
0.0886988        3.66648138e-03 1.04873967e-02 1.08887693e-02 3.74763047e-03 1.06295020e-02 1.08503739e-02 -8.11490863e-05 -1.42105283e-04 3.83953970e-05
0.0888546        3.72676810e-03 1.06647429e-02 1.11184854e-02 3.80781475e-03 1.08066432e-02 1.10801042e-02 -8.10466547e-05 -1.41900272e-04 3.83812451e-05
0.08900973       3.85738936e-03 1.11609632e-02 1.18315921e-02 3.93832757e-03 1.13026422e-02 1.17932078e-02 -8.09382070e-05 -1.41679058e-04 3.83842716e-05
0.08916486       3.93337971e-03 1.14812797e-02 1.23206815e-02 4.01424860e-03 1.16227996e-02 1.22822581e-02 -8.08688843e-05 -1.41519836e-04 3.84233682e-05
0.08931999       3.87997194e-03 1.12828694e-02 1.20714774e-02 3.96076572e-03 1.14242265e-02 1.20330346e-02 -8.07937777e-05 -1.41357120e-04 3.84427957e-05
0.08947512       3.82109209e-03 1.10396853e-02 1.17204131e-02 3.90178947e-03 1.11808469e-02 1.16819692e-02 -8.06973815e-05 -1.41161583e-04 3.84438674e-05
0.08962958       3.87924257e-03 1.12484360e-02 1.20163215e-02 3.95984040e-03 1.13893962e-02 1.19778773e-02 -8.05978217e-05 -1.40960133e-04 3.84442530e-05
0.08978403       3.79830486e-03 1.09349788e-02 1.15850396e-02 3.87880196e-03 1.10757378e-02 1.15466034e-02 -8.04971054e-05 -1.40759043e-04 3.84361379e-05
0.08993849       3.79782266e-03 1.08194765e-02 1.13454651e-02 3.87820885e-03 1.09600188e-02 1.13070488e-02 -8.03861913e-05 -1.40542352e-04 3.84163067e-05
0.09009294       3.77442491e-03 1.08263078e-02 1.14312817e-02 3.85470786e-03 1.09666466e-02 1.13928826e-02 -8.02829466e-05 -1.40338728e-04 3.83990492e-05
0.09024672       3.87439241e-03 1.10317084e-02 1.15054640e-02 3.95455065e-03 1.11718067e-02 1.14670923e-02 -8.01582393e-05 -1.40098278e-04 3.83717060e-05
0.0904005        3.75154978e-03 1.06642201e-02 1.11617792e-02 3.83159556e-03 1.08041031e-02 1.11234392e-02 -8.00457826e-05 -1.39883005e-04 3.83400725e-05
0.09055427       3.92651234e-03 1.09104670e-02 1.09423984e-02 4.00640190e-03 1.10500562e-02 1.09041018e-02 -7.98895527e-05 -1.39589121e-04 3.82965410e-05
0.09070805       3.57336581e-03 9.97195370e-03 1.01776189e-02 3.65311537e-03 1.01112861e-02 1.01393883e-02 -7.97495538e-05 -1.39332362e-04 3.82305650e-05
0.09086182       3.56666255e-03 9.97200031e-03 1.02425173e-02 3.64629335e-03 1.01111110e-02 1.02043348e-02 -7.96308064e-05 -1.39110652e-04 3.81824793e-05
0.09101491       3.60561227e-03 1.01502807e-02 1.05644290e-02 3.68515005e-03 1.02892068e-02 1.05262599e-02 -7.95377751e-05 -1.38926085e-04 3.81691288e-05
0.09116799       3.63579944e-03 1.02843057e-02 1.07530202e-02 3.71524051e-03 1.04230423e-02 1.07148650e-02 -7.94410702e-05 -1.38736616e-04 3.81551334e-05
0.09132108       3.64553395e-03 1.03299691e-02 1.08516683e-02 3.72487503e-03 1.04685106e-02 1.08135404e-02 -7.93410878e-05 -1.38541514e-04 3.81278678e-05
0.09147417       3.61921635e-03 1.02872188e-02 1.08717905e-02 3.69845948e-03 1.04255693e-02 1.08336831e-02 -7.92431272e-05 -1.38350438e-04 3.81073313e-05
0.09162656       3.65160474e-03 1.03557872e-02 1.09495311e-02 3.73074079e-03 1.04939295e-02 1.09114467e-02 -7.91360546e-05 -1.38142307e-04 3.80844238e-05
0.09177895       3.65195868e-03 1.03614341e-02 1.09731006e-02 3.73098439e-03 1.04993611e-02 1.09350382e-02 -7.90257082e-05 -1.37926955e-04 3.80623954e-05
0.09193134       3.66589879e-03 1.04613159e-02 1.12248212e-02 3.74481807e-03 1.05990343e-02 1.11867756e-02 -7.89192795e-05 -1.37718378e-04 3.80456599e-05
0.09208373       3.57650388e-03 1.00572441e-02 1.06369780e-02 3.65530603e-03 1.01947367e-02 1.05989600e-02 -7.88021559e-05 -1.37492629e-04 3.80179563e-05
0.09223541       3.71171819e-03 1.05632253e-02 1.12725284e-02 3.79041269e-03 1.07005042e-02 1.12345251e-02 -7.86945005e-05 -1.37278832e-04 3.80032367e-05
0.0923871        3.72008387e-03 1.06368703e-02 1.14876528e-02 3.79870833e-03 1.07740005e-02 1.14496514e-02 -7.86244634e-05 -1.37130256e-04 3.80013804e-05
0.09253879       3.66645195e-03 1.03874778e-02 1.10516495e-02 3.74496575e-03 1.05243960e-02 1.10136917e-02 -7.85138013e-05 -1.36918142e-04 3.79577943e-05
0.09269048       3.65461387e-03 1.02958584e-02 1.08767178e-02 3.73300778e-03 1.04325456e-02 1.08388012e-02 -7.83939144e-05 -1.36687117e-04 3.79165534e-05
0.09284217       3.61502554e-03 1.01106013e-02 1.06371921e-02 3.69329770e-03 1.02470567e-02 1.05993210e-02 -7.82721637e-05 -1.36455354e-04 3.78710748e-05
0.09299385       3.48286553e-03 9.59436711e-03 9.94901248e-03 3.56101769e-03 9.73059570e-03 9.91118531e-03 -7.81521611e-05 -1.36228588e-04 3.78271712e-05
0.09314554       3.63463210e-03 1.01641658e-02 1.06888974e-02 3.71265824e-03 1.03001554e-02 1.06511162e-02 -7.80261375e-05 -1.35989660e-04 3.77812195e-05
0.09329651       3.63184750e-03 1.01991373e-02 1.07808141e-02 3.70974965e-03 1.03348878e-02 1.07430718e-02 -7.79021552e-05 -1.35750437e-04 3.77422383e-05
0.09344748       3.66162034e-03 1.02207671e-02 1.07526111e-02 3.73939916e-03 1.03562860e-02 1.07149220e-02 -7.77788203e-05 -1.35518897e-04 3.76890859e-05
0.09359845       3.66020359e-03 1.03529353e-02 1.10857563e-02 3.73786816e-03 1.04882326e-02 1.10481052e-02 -7.76645681e-05 -1.35297360e-04 3.76510621e-05
0.09374942       3.59244820e-03 1.00996465e-02 1.07151793e-02 3.66999945e-03 1.02347238e-02 1.06775687e-02 -7.75512508e-05 -1.35077318e-04 3.76106588e-05
0.09390039       3.55033189e-03 9.92486259e-03 1.04711057e-02 3.62771584e-03 1.00596301e-02 1.04335685e-02 -7.73839427e-05 -1.34767529e-04 3.75371465e-05
0.09405136       3.71758999e-03 1.04467437e-02 1.11292574e-02 3.79485149e-03 1.05812718e-02 1.10917500e-02 -7.72615013e-05 -1.34528081e-04 3.75073938e-05
0.09420233       3.72991803e-03 1.05924902e-02 1.14485089e-02 3.80706667e-03 1.07267946e-02 1.14110245e-02 -7.71486396e-05 -1.34304483e-04 3.74843888e-05
0.09435329       3.80939743e-03 1.06792942e-02 1.13001718e-02 3.88641180e-03 1.08133397e-02 1.12627281e-02 -7.70143652e-05 -1.34045536e-04 3.74437165e-05
0.09450426       3.70095732e-03 1.04727813e-02 1.12972743e-02 3.77785602e-03 1.06066016e-02 1.12598684e-02 -7.68987003e-05 -1.33820332e-04 3.74059155e-05
0.09465523       3.70391474e-03 1.05294566e-02 1.14011941e-02 3.78069796e-03 1.06630537e-02 1.13638318e-02 -7.67832263e-05 -1.33597104e-04 3.73622774e-05
0.0948062        3.73176793e-03 1.06129892e-02 1.15101621e-02 3.80843304e-03 1.07463597e-02 1.14728467e-02 -7.66651135e-05 -1.33370580e-04 3.73154004e-05
0.09495717       3.60423427e-03 1.01243318e-02 1.08461223e-02 3.68078095e-03 1.02574783e-02 1.08088617e-02 -7.65466799e-05 -1.33146497e-04 3.72606016e-05
0.09510814       3.45225684e-03 9.53677515e-03 1.00330013e-02 3.52868432e-03 9.66969940e-03 9.99580588e-03 -7.64274722e-05 -1.32924250e-04 3.71954443e-05
0.09525911       3.56885571e-03 9.87301466e-03 1.04082781e-02 3.64515991e-03 1.00057125e-02 1.03711659e-02 -7.63041998e-05 -1.32697821e-04 3.71121618e-05
0.09541008       3.68446475e-03 1.03193984e-02 1.10431399e-02 3.76067872e-03 1.04519176e-02 1.10060617e-02 -7.62139724e-05 -1.32519139e-04 3.70781986e-05
0.09556028       3.66046927e-03 9.97025207e-03 1.02497217e-02 3.73657788e-03 1.01025745e-02 1.02126981e-02 -7.61086066e-05 -1.32322438e-04 3.70235432e-05
0.09571048       3.52423027e-03 9.73142370e-03 1.02685526e-02 3.60023762e-03 9.86355911e-03 1.02315924e-02 -7.60073529e-05 -1.32135415e-04 3.69602090e-05
0.09586069       3.63314637e-03 1.01106054e-02 1.08015569e-02 3.70903482e-03 1.02425166e-02 1.07646564e-02 -7.58884536e-05 -1.31911239e-04 3.69004721e-05
0.09601089       3.63928918e-03 1.01629325e-02 1.09402205e-02 3.71505220e-03 1.02946041e-02 1.09033650e-02 -7.57630231e-05 -1.31671570e-04 3.68554236e-05
0.09616109       3.62080274e-03 1.00262488e-02 1.07072222e-02 3.69642523e-03 1.01576534e-02 1.06704174e-02 -7.56224993e-05 -1.31404551e-04 3.68048078e-05
0.09631129       3.55007803e-03 1.00857852e-02 1.11467547e-02 3.62558124e-03 1.02169564e-02 1.11099849e-02 -7.55032107e-05 -1.31171257e-04 3.67698557e-05
0.0964615        3.33196149e-03 9.65446685e-03 1.10734260e-02 3.40737925e-03 9.78547058e-03 1.10366986e-02 -7.54177630e-05 -1.31003731e-04 3.67273504e-05
0.0966117        3.55296709e-03 1.01907717e-02 1.14343699e-02 3.62825304e-03 1.03215139e-02 1.13976641e-02 -7.52859528e-05 -1.30742251e-04 3.67057947e-05
0.0967619        3.62738626e-03 1.03295144e-02 1.14635633e-02 3.70251649e-03 1.04599523e-02 1.14268844e-02 -7.51302293e-05 -1.30437917e-04 3.66789254e-05
0.0969121        3.72596285e-03 1.06110729e-02 1.17781680e-02 3.80090377e-03 1.07411456e-02 1.17415164e-02 -7.49409253e-05 -1.30072732e-04 3.66515520e-05
0.09706231       3.72904535e-03 1.04074239e-02 1.12919462e-02 3.80374941e-03 1.05370493e-02 1.12553369e-02 -7.47040566e-05 -1.29625377e-04 3.66093522e-05
0.09721251       3.69200320e-03 1.03349240e-02 1.13089969e-02 3.76652760e-03 1.04642015e-02 1.12724088e-02 -7.45244047e-05 -1.29277584e-04 3.65880896e-05
0.09736271       3.71959833e-03 1.03445589e-02 1.12321299e-02 3.79394315e-03 1.04734944e-02 1.11955806e-02 -7.43448263e-05 -1.28935481e-04 3.65493043e-05
0.09751291       3.67676594e-03 1.01182506e-02 1.08544175e-02 3.75093573e-03 1.02468544e-02 1.08179139e-02 -7.41697953e-05 -1.28603857e-04 3.65035269e-05
0.09766312       3.62585517e-03 1.00014288e-02 1.07481067e-02 3.69987156e-03 1.01297509e-02 1.07116785e-02 -7.40163908e-05 -1.28322139e-04 3.64282006e-05
0.09781332       3.54867793e-03 9.89409498e-03 1.07783399e-02 3.62256255e-03 1.00221690e-02 1.07419668e-02 -7.38846208e-05 -1.28074001e-04 3.63730967e-05
0.09796352       3.61038298e-03 9.96190925e-03 1.06719117e-02 3.68413070e-03 1.00897279e-02 1.06356012e-02 -7.37477175e-05 -1.27818627e-04 3.63105010e-05
0.09811372       3.35445653e-03 9.06791737e-03 9.53223497e-03 3.42808401e-03 9.19551570e-03 9.49600081e-03 -7.36274889e-05 -1.27598324e-04 3.62341576e-05
0.09826393       3.43172750e-03 9.37289197e-03 9.98983495e-03 3.50524949e-03 9.50030048e-03 9.95368692e-03 -7.35219951e-05 -1.27408509e-04 3.61480278e-05
0.09841413       3.40502990e-03 9.33333870e-03 9.98017812e-03 3.47846167e-03 9.46058440e-03 9.94411088e-03 -7.34317726e-05 -1.27245699e-04 3.60672401e-05
0.09856433       3.54911267e-03 9.88194503e-03 1.07967859e-02 3.62250661e-03 1.00091142e-02 1.07607632e-02 -7.33939404e-05 -1.27169163e-04 3.60227262e-05
0.09871369       3.30456153e-03 9.02259224e-03 9.69982889e-03 3.37788803e-03 9.14964092e-03 9.66388233e-03 -7.33264973e-05 -1.27048677e-04 3.59465564e-05
0.09886304       3.41999460e-03 9.48694334e-03 1.03855065e-02 3.49323740e-03 9.61383645e-03 1.03496271e-02 -7.32428010e-05 -1.26893110e-04 3.58793117e-05
0.09901155       3.35605466e-03 9.17219938e-03 9.87993012e-03 3.42919525e-03 9.29890099e-03 9.84411083e-03 -7.31405934e-05 -1.26701613e-04 3.58192977e-05
0.09915921       3.41883740e-03 9.39173584e-03 1.02080056e-02 3.49186489e-03 9.51822310e-03 1.01722373e-02 -7.30274995e-05 -1.26487263e-04 3.57682705e-05
0.09930687       3.50647456e-03 9.74217505e-03 1.07262160e-02 3.57937935e-03 9.86842556e-03 1.06904876e-02 -7.29047917e-05 -1.26250509e-04 3.57284395e-05
0.09945369       3.58831910e-03 1.00724726e-02 1.12411243e-02 3.66109335e-03 1.01984687e-02 1.12054243e-02 -7.27742425e-05 -1.25996117e-04 3.56999545e-05
0.09960051       3.59346131e-03 1.00740989e-02 1.12510593e-02 3.66609746e-03 1.01998277e-02 1.12153914e-02 -7.26361474e-05 -1.25728786e-04 3.56678463e-05
0.09974648       3.64482828e-03 1.02557973e-02 1.15238402e-02 3.71731404e-03 1.03812323e-02 1.14881925e-02 -7.24857535e-05 -1.25434982e-04 3.56476838e-05
0.09989161       3.90209022e-03 1.04453969e-02 1.09793399e-02 3.97434097e-03 1.05703858e-02 1.09437231e-02 -7.22507476e-05 -1.24988826e-04 3.56167906e-05
0.1000367        3.88356483e-03 1.09482888e-02 1.23824761e-02 3.95563122e-03 1.10729158e-02 1.23468630e-02 -7.20663925e-05 -1.24627050e-04 3.56131237e-05
0.100181         3.87505113e-03 1.10063204e-02 1.25804662e-02 3.94696017e-03 1.11306334e-02 1.25448452e-02 -7.19090413e-05 -1.24312983e-04 3.56209419e-05
0.1003245        3.82544338e-03 1.08360959e-02 1.23551408e-02 3.89720534e-03 1.09601170e-02 1.23195237e-02 -7.17619571e-05 -1.24021167e-04 3.56171051e-05
0.100468         3.82746259e-03 1.08774312e-02 1.24916517e-02 3.89908207e-03 1.10011736e-02 1.24560524e-02 -7.16194857e-05 -1.23742373e-04 3.55992637e-05
0.1006158        3.55753499e-03 1.00269374e-02 1.14144886e-02 3.62902439e-03 1.01504291e-02 1.13789267e-02 -7.14893967e-05 -1.23491703e-04 3.55618665e-05
0.1007635        3.56433686e-03 9.98316352e-03 1.12682385e-02 3.63568750e-03 1.01063911e-02 1.12327187e-02 -7.13506376e-05 -1.23227569e-04 3.55197854e-05
0.1009122        3.44592073e-03 9.38483324e-03 1.02842787e-02 3.51711821e-03 9.50777835e-03 1.02488318e-02 -7.11974791e-05 -1.22945108e-04 3.54468894e-05
0.10106          3.43927603e-03 9.40841648e-03 1.03309342e-02 3.51032503e-03 9.53109106e-03 1.02955705e-02 -7.10490045e-05 -1.22674581e-04 3.53637042e-05
0.1012078        3.36779601e-03 9.17602166e-03 1.00219956e-02 3.43870047e-03 9.29843642e-03 9.98672612e-03 -7.09044542e-05 -1.22414760e-04 3.52694462e-05
0.1013546        3.29236089e-03 8.92639160e-03 9.69444282e-03 3.36312232e-03 9.04855228e-03 9.65927382e-03 -7.07614301e-05 -1.22160681e-04 3.51690012e-05
0.1015015        3.24627585e-03 8.73316343e-03 9.39606646e-03 3.31689341e-03 8.85507331e-03 9.36101524e-03 -7.06175599e-05 -1.21909883e-04 3.50512272e-05
0.1016475        3.22565061e-03 8.59263344e-03 9.07216411e-03 3.29607983e-03 8.71421470e-03 9.03725062e-03 -7.04292218e-05 -1.21581266e-04 3.49134920e-05
0.1017934        3.33525355e-03 8.94281255e-03 9.52098667e-03 3.40549877e-03 9.06406689e-03 9.48618977e-03 -7.02452258e-05 -1.21254343e-04 3.47968946e-05
0.1019385        3.24057256e-03 8.56402087e-03 9.05557777e-03 3.31065655e-03 8.68498328e-03 9.02087130e-03 -7.00839841e-05 -1.20962409e-04 3.47064768e-05
0.1020835        3.31430139e-03 8.92218717e-03 9.68424069e-03 3.38423560e-03 9.04287819e-03 9.64962150e-03 -6.99342131e-05 -1.20691016e-04 3.46191856e-05
0.1022276        3.30721901e-03 9.01168198e-03 9.96698537e-03 3.37701352e-03 9.13211243e-03 9.93242675e-03 -6.97945073e-05 -1.20430447e-04 3.45586222e-05
0.1023718        3.44675163e-03 9.51412717e-03 1.06946619e-02 3.51640723e-03 9.63429571e-03 1.06601553e-02 -6.96556023e-05 -1.20168537e-04 3.45065873e-05
0.1025159        3.44272220e-03 9.52738583e-03 1.07643784e-02 3.51224313e-03 9.64729873e-03 1.07299226e-02 -6.95209300e-05 -1.19912899e-04 3.44558938e-05
0.1026591        3.43461945e-03 9.36562535e-03 1.04540338e-02 3.50399847e-03 9.48527025e-03 1.04196300e-02 -6.93790231e-05 -1.19644901e-04 3.44038008e-05
0.1028023        3.09961481e-03 9.00185075e-03 1.10382636e-02 3.16893763e-03 9.12137843e-03 1.10038852e-02 -6.93228170e-05 -1.19527685e-04 3.43784406e-05
0.1029446        3.26916623e-03 9.44750284e-03 1.14385986e-02 3.33841480e-03 9.56687835e-03 1.14042366e-02 -6.92485735e-05 -1.19375509e-04 3.43620438e-05
0.1030869        3.43539379e-03 9.77792129e-03 1.15911845e-02 3.50453685e-03 9.89708185e-03 1.15568270e-02 -6.91430531e-05 -1.19160564e-04 3.43574658e-05
0.1032283        3.58374528e-03 1.01491010e-02 1.18886660e-02 3.65277230e-03 1.02680292e-02 1.18543186e-02 -6.90270222e-05 -1.18928190e-04 3.43473849e-05
0.1033696        3.46584896e-03 9.73767327e-03 1.13591916e-02 3.53477536e-03 9.85640080e-03 1.13248640e-02 -6.89264024e-05 -1.18727530e-04 3.43276864e-05
0.1035101        3.52115234e-03 9.89468601e-03 1.15158864e-02 3.58996792e-03 1.00131963e-02 1.14815867e-02 -6.88155781e-05 -1.18510303e-04 3.42997116e-05
0.1036506        3.54953235e-03 9.97411711e-03 1.16278113e-02 3.61823009e-03 1.00923983e-02 1.15935411e-02 -6.86977457e-05 -1.18281230e-04 3.42702480e-05
0.103791         3.49303069e-03 9.73190674e-03 1.12341826e-02 3.56160330e-03 9.84994975e-03 1.11999566e-02 -6.85726135e-05 -1.18043008e-04 3.42260029e-05
0.1039305        3.43042927e-03 9.55385218e-03 1.10520874e-02 3.49887428e-03 9.67165370e-03 1.10179104e-02 -6.84450080e-05 -1.17801527e-04 3.41769676e-05
0.1040701        3.45721801e-03 9.53899275e-03 1.09153482e-02 3.52551812e-03 9.65652266e-03 1.08812262e-02 -6.83001071e-05 -1.17529909e-04 3.41219091e-05
0.1042096        3.48087599e-03 9.59658066e-03 1.09859674e-02 3.54902540e-03 9.71383271e-03 1.09519175e-02 -6.81494096e-05 -1.17252047e-04 3.40498269e-05
0.1043491        3.34750330e-03 9.03339233e-03 1.00924813e-02 3.41549228e-03 9.15035191e-03 1.00585110e-02 -6.79889780e-05 -1.16959574e-04 3.39703378e-05
0.1044877        3.31512790e-03 8.92850602e-03 9.92630651e-03 3.38295392e-03 9.04517207e-03 9.89242324e-03 -6.78260184e-05 -1.16666055e-04 3.38832734e-05
0.1046263        3.23906174e-03 8.70984202e-03 9.67701271e-03 3.30672660e-03 8.82621947e-03 9.64322134e-03 -6.76648608e-05 -1.16377456e-04 3.37913696e-05
0.1047649        3.28381496e-03 8.89804246e-03 9.97194745e-03 3.35134360e-03 9.01417037e-03 9.93823241e-03 -6.75286436e-05 -1.16127912e-04 3.37150358e-05
0.1049026        3.31363184e-03 9.02172389e-03 1.02099345e-02 3.38103334e-03 9.13761784e-03 1.01762898e-02 -6.74014938e-05 -1.15893956e-04 3.36446433e-05
0.1050402        3.28201202e-03 8.89528125e-03 1.00110369e-02 3.34926419e-03 9.01090312e-03 9.97747048e-03 -6.72521714e-05 -1.15621869e-04 3.35664032e-05
0.1051779        3.29668547e-03 8.92471912e-03 1.00346796e-02 3.36378562e-03 9.04006248e-03 1.00011892e-02 -6.71001537e-05 -1.15343354e-04 3.34904515e-05
0.1053146        3.33860949e-03 9.01423149e-03 1.01596298e-02 3.40555283e-03 9.12928579e-03 1.01262057e-02 -6.69433457e-05 -1.15054298e-04 3.34240647e-05
0.1054513        3.32551640e-03 8.86515786e-03 9.86457859e-03 3.39229361e-03 8.97990996e-03 9.83123274e-03 -6.67772042e-05 -1.14752106e-04 3.33458557e-05
0.105588         3.33493728e-03 9.06193584e-03 1.03168715e-02 3.40156075e-03 9.17640147e-03 1.02835865e-02 -6.66234614e-05 -1.14465633e-04 3.32850590e-05
0.1057238        3.39077625e-03 9.28214548e-03 1.06538313e-02 3.45725074e-03 9.39633344e-03 1.06206061e-02 -6.64744889e-05 -1.14187955e-04 3.32251528e-05
0.1058655        3.39072300e-03 9.21133379e-03 1.05015421e-02 3.45704047e-03 9.32522795e-03 1.04683753e-02 -6.63174708e-05 -1.13894160e-04 3.31667974e-05
0.1060072        3.44511207e-03 9.24107982e-03 1.03708309e-02 3.51125757e-03 9.35465630e-03 1.03377303e-02 -6.61454976e-05 -1.13576483e-04 3.31005200e-05
0.106149         3.47016041e-03 9.49476291e-03 1.09410535e-02 3.53614761e-03 9.60803966e-03 1.09079981e-02 -6.59872053e-05 -1.13276751e-04 3.30553489e-05
0.1062907        3.74100946e-03 1.00119428e-02 1.10725799e-02 3.80677654e-03 1.01248124e-02 1.10395873e-02 -6.57670773e-05 -1.12869606e-04 3.29925886e-05
0.1064314        3.46456625e-03 9.44804633e-03 1.08653256e-02 3.53013242e-03 9.56054338e-03 1.08323910e-02 -6.55661692e-05 -1.12497048e-04 3.29345876e-05
0.106572         3.48987885e-03 9.52215426e-03 1.09921789e-02 3.55527299e-03 9.63432503e-03 1.09592785e-02 -6.53941418e-05 -1.12170766e-04 3.29004248e-05
0.1067127        3.47036534e-03 9.53980883e-03 1.11195002e-02 3.53560060e-03 9.65168105e-03 1.10866507e-02 -6.52352618e-05 -1.11872221e-04 3.28494659e-05
0.1068534        3.39664530e-03 9.28703186e-03 1.07698466e-02 3.46172729e-03 9.39861824e-03 1.07370593e-02 -6.50819907e-05 -1.11586376e-04 3.27873273e-05
0.1069941        3.41077544e-03 9.35049555e-03 1.08854413e-02 3.47570786e-03 9.46180246e-03 1.08527106e-02 -6.49324255e-05 -1.11306912e-04 3.27307188e-05
0.1071336        3.31641609e-03 9.07349792e-03 1.05517107e-02 3.38121311e-03 9.18455452e-03 1.05190461e-02 -6.47970285e-05 -1.11056598e-04 3.26646430e-05
0.1072721        3.25044688e-03 8.83975331e-03 1.02525999e-02 3.31511532e-03 8.95057505e-03 1.02200137e-02 -6.46684381e-05 -1.10821736e-04 3.25861624e-05
0.1074106        3.07435675e-03 8.26938664e-03 9.51949256e-03 3.13891064e-03 8.38000220e-03 9.48699265e-03 -6.45538922e-05 -1.10615564e-04 3.24999087e-05
0.1075481        3.25725334e-03 8.70653247e-03 9.89534115e-03 3.32167068e-03 8.81690217e-03 9.86292936e-03 -6.44173389e-05 -1.10369704e-04 3.24117883e-05
0.1076844        3.24924462e-03 8.69684098e-03 9.87880062e-03 3.31353220e-03 8.80698037e-03 9.84648798e-03 -6.42875784e-05 -1.10139391e-04 3.23126332e-05
0.1078207        3.13118761e-03 8.33046398e-03 9.41547283e-03 3.19535904e-03 8.44039751e-03 9.38325600e-03 -6.41714247e-05 -1.09933525e-04 3.22168275e-05
0.107956         3.21939695e-03 8.71154492e-03 1.00949589e-02 3.28351762e-03 8.82138012e-03 1.00627974e-02 -6.41206685e-05 -1.09835205e-04 3.21615123e-05
0.1080913        3.05213506e-03 8.12518300e-03 9.23113815e-03 3.11617035e-03 8.23486899e-03 9.19907306e-03 -6.40352926e-05 -1.09685985e-04 3.20650809e-05
0.1082266        3.13347148e-03 8.39025725e-03 9.61694614e-03 3.19740052e-03 8.49975079e-03 9.58496192e-03 -6.39290350e-05 -1.09493535e-04 3.19842211e-05
0.1083618        3.07465306e-03 8.18214292e-03 9.32676909e-03 3.13846677e-03 8.29142811e-03 9.29486761e-03 -6.38137131e-05 -1.09285181e-04 3.19014733e-05
0.1084971        3.16962985e-03 8.52190162e-03 9.84902285e-03 3.23331202e-03 8.63094547e-03 9.81719295e-03 -6.36821754e-05 -1.09043848e-04 3.18298931e-05
0.1086324        3.10468913e-03 8.25106738e-03 9.51195243e-03 3.16822861e-03 8.35985139e-03 9.48019649e-03 -6.35394729e-05 -1.08784013e-04 3.17559417e-05
0.1087676        3.27080682e-03 8.71661759e-03 9.97838318e-03 3.33417560e-03 8.82508934e-03 9.94670002e-03 -6.33687770e-05 -1.08471744e-04 3.16831607e-05
0.1089029        3.27630098e-03 8.78244110e-03 1.01318219e-02 3.33948559e-03 8.89057255e-03 1.01002091e-02 -6.31846070e-05 -1.08131450e-04 3.16127719e-05
0.1090382        3.21184746e-03 8.73340121e-03 1.03784726e-02 3.27486125e-03 8.84121676e-03 1.03469237e-02 -6.30137888e-05 -1.07815547e-04 3.15488674e-05
0.1091746        3.53551511e-03 9.36219463e-03 1.05595479e-02 3.59828541e-03 9.46956182e-03 1.05280664e-02 -6.27702966e-05 -1.07367189e-04 3.14815130e-05
0.109311         3.43479488e-03 9.38513905e-03 1.10975836e-02 3.49734888e-03 9.49210414e-03 1.10661585e-02 -6.25539950e-05 -1.06965093e-04 3.14250960e-05
0.1094475        3.40157111e-03 9.21414439e-03 1.07679090e-02 3.46387188e-03 9.32064704e-03 1.07365641e-02 -6.23007680e-05 -1.06502651e-04 3.13449288e-05
0.1095839        3.40166233e-03 9.26248910e-03 1.09567863e-02 3.46373303e-03 9.36856705e-03 1.09255031e-02 -6.20707010e-05 -1.06077950e-04 3.12832117e-05
0.1097203        3.40370737e-03 9.23007963e-03 1.09227156e-02 3.46557417e-03 9.33577643e-03 1.08914795e-02 -6.18667954e-05 -1.05696794e-04 3.12361248e-05
0.1098567        3.37218457e-03 9.19212686e-03 1.09277909e-02 3.43386548e-03 9.29747949e-03 1.08966151e-02 -6.16809093e-05 -1.05352626e-04 3.11757900e-05
0.1099919        3.21775803e-03 8.64793737e-03 1.01417232e-02 3.27926363e-03 8.75296909e-03 1.01106217e-02 -6.15056004e-05 -1.05031725e-04 3.11015531e-05
0.1101271        3.30880990e-03 8.96219427e-03 1.05710500e-02 3.37014435e-03 9.06691194e-03 1.05400209e-02 -6.13344530e-05 -1.04717674e-04 3.10291613e-05
0.1102624        3.25686556e-03 8.77669332e-03 1.03133306e-02 3.31803504e-03 8.88110927e-03 1.02823774e-02 -6.11694744e-05 -1.04415952e-04 3.09531804e-05
0.1103976        3.25218850e-03 8.73400121e-03 1.02368480e-02 3.31319945e-03 8.83813053e-03 1.02059802e-02 -6.10109552e-05 -1.04129322e-04 3.08677680e-05
0.1105328        3.25233311e-03 8.70429962e-03 1.01257826e-02 3.31318635e-03 8.80814400e-03 1.00949999e-02 -6.08532360e-05 -1.03844377e-04 3.07827099e-05
0.110668         3.23638014e-03 8.56653301e-03 9.82491353e-03 3.29707562e-03 8.67009601e-03 9.79422646e-03 -6.06954781e-05 -1.03563002e-04 3.06870632e-05
0.1108032        2.67959023e-03 7.31568751e-03 8.95821901e-03 2.74021486e-03 7.41912737e-03 8.92763064e-03 -6.06246238e-05 -1.03439862e-04 3.05883694e-05
0.1109384        2.84338099e-03 7.59137099e-03 8.91372663e-03 2.90390865e-03 7.69464250e-03 8.88324885e-03 -6.05276588e-05 -1.03271508e-04 3.04777814e-05
0.1110723        3.08510503e-03 8.36293561e-03 1.00021245e-02 3.14555954e-03 8.46606368e-03 9.97168902e-03 -6.04545134e-05 -1.03128077e-04 3.04354831e-05
0.1112062        3.01084328e-03 7.93461332e-03 9.13199479e-03 3.07115407e-03 8.03748582e-03 9.10165665e-03 -6.03107825e-05 -1.02872495e-04 3.03381375e-05
0.1113402        3.05514313e-03 8.07447324e-03 9.38478686e-03 3.11530868e-03 8.17708485e-03 9.35453871e-03 -6.01655526e-05 -1.02611612e-04 3.02481485e-05
0.1114781        3.01762792e-03 7.99671132e-03 9.32984933e-03 3.07765404e-03 8.09907183e-03 9.29969433e-03 -6.00261144e-05 -1.02360510e-04 3.01550057e-05
0.1116161        3.07215619e-03 8.10070742e-03 9.40931449e-03 3.13203180e-03 8.20279441e-03 9.37924265e-03 -5.98756151e-05 -1.02086995e-04 3.00718386e-05
0.1117541        3.14258939e-03 8.33245208e-03 9.75112719e-03 3.20231300e-03 8.43426306e-03 9.72113549e-03 -5.97236116e-05 -1.01810976e-04 2.99916933e-05
0.1118921        3.27905159e-03 8.43001099e-03 9.44995258e-03 3.33858349e-03 8.53147349e-03 9.42003736e-03 -5.95319041e-05 -1.01462496e-04 2.99152208e-05
0.11203          3.28361912e-03 8.49064278e-03 9.58687603e-03 3.34296430e-03 8.59176960e-03 9.55704992e-03 -5.93451778e-05 -1.01126823e-04 2.98261095e-05
0.112168         3.16964077e-03 8.43942820e-03 9.96000944e-03 3.22883381e-03 8.54027531e-03 9.93025081e-03 -5.91930407e-05 -1.00847108e-04 2.97586300e-05
0.112306         3.22067125e-03 8.69919961e-03 1.04439491e-02 3.27971655e-03 8.79977004e-03 1.04142424e-02 -5.90453014e-05 -1.00570432e-04 2.97066383e-05
0.112444         3.21206601e-03 8.63842175e-03 1.03591826e-02 3.27096229e-03 8.73871378e-03 1.03295287e-02 -5.88962799e-05 -1.00292034e-04 2.96539659e-05
0.1125805        3.19073110e-03 8.41175722e-03 9.82019833e-03 3.24944659e-03 8.51172334e-03 9.79063168e-03 -5.87154880e-05 -9.99661280e-05 2.95666485e-05
0.1127169        3.11318661e-03 8.26250544e-03 9.75370758e-03 3.17176001e-03 8.36221462e-03 9.72422118e-03 -5.85734006e-05 -9.97091746e-05 2.94864036e-05
0.1128534        3.14925967e-03 8.40276664e-03 1.00117857e-02 3.20770224e-03 8.50223356e-03 9.98236070e-03 -5.84425663e-05 -9.94669269e-05 2.94250193e-05
0.1129884        3.22255481e-03 8.64864685e-03 1.04084292e-02 3.28085393e-03 8.74784645e-03 1.03790586e-02 -5.82991234e-05 -9.91995995e-05 2.93706761e-05
0.1131233        3.17119740e-03 8.43852161e-03 1.00467681e-02 3.22934452e-03 8.53744121e-03 1.00174626e-02 -5.81471134e-05 -9.89195993e-05 2.93055293e-05
0.1132583        3.19065715e-03 8.44028432e-03 1.00134555e-02 3.24863823e-03 8.53889923e-03 9.98421785e-03 -5.79810804e-05 -9.86149034e-05 2.92376832e-05
0.1133933        3.32860999e-03 8.91711808e-03 1.06773850e-02 3.38641257e-03 9.01540480e-03 1.06482190e-02 -5.78025777e-05 -9.82867255e-05 2.91660052e-05
0.1135282        3.49591248e-03 8.73427900e-03 9.49891903e-03 3.55346014e-03 8.83211003e-03 9.46984748e-03 -5.75476581e-05 -9.78310313e-05 2.90715527e-05
0.1136632        3.29102780e-03 8.68610535e-03 1.02657327e-02 3.34837509e-03 8.78357159e-03 1.02367337e-02 -5.73472948e-05 -9.74662359e-05 2.89989480e-05
0.1137981        3.32322516e-03 8.90360782e-03 1.07901673e-02 3.38037467e-03 9.00071006e-03 1.07612264e-02 -5.71495171e-05 -9.71022383e-05 2.89409483e-05
0.1139331        3.25539577e-03 8.68612072e-03 1.04455475e-02 3.31234203e-03 8.78284954e-03 1.04166668e-02 -5.69462660e-05 -9.67288224e-05 2.88807575e-05
0.1140681        3.24274125e-03 8.64069404e-03 1.03597016e-02 3.29947911e-03 8.73704138e-03 1.03308851e-02 -5.67378503e-05 -9.63473407e-05 2.88164939e-05
0.114203         3.35219423e-03 9.10251230e-03 1.12589726e-02 3.40877885e-03 9.19856209e-03 1.12301633e-02 -5.65846216e-05 -9.60497967e-05 2.88093006e-05
0.114338         3.22283112e-03 8.60221392e-03 1.04559259e-02 3.27923606e-03 8.69793222e-03 1.04271692e-02 -5.64049390e-05 -9.57182981e-05 2.87567109e-05
0.114473         3.31919010e-03 8.87279443e-03 1.07651029e-02 3.37540446e-03 8.96816258e-03 1.07364073e-02 -5.62143594e-05 -9.53681557e-05 2.86956055e-05
0.1146079        3.35699216e-03 8.87629574e-03 1.05979459e-02 3.41300192e-03 8.97128997e-03 1.05693115e-02 -5.60097541e-05 -9.49942338e-05 2.86343630e-05
0.1147429        3.13780193e-03 8.19203936e-03 9.75164199e-03 3.19362179e-03 8.28669097e-03 9.72308381e-03 -5.58198676e-05 -9.46516074e-05 2.85581810e-05
0.1148778        3.08801860e-03 8.13546037e-03 9.74852532e-03 3.14365883e-03 8.22978975e-03 9.72005389e-03 -5.56402361e-05 -9.43293800e-05 2.84714334e-05
0.1150128        3.10308338e-03 8.19668124e-03 9.82167499e-03 3.15854104e-03 8.29068160e-03 9.79328764e-03 -5.54576615e-05 -9.40003591e-05 2.83873562e-05
0.1151478        3.07804486e-03 8.13220208e-03 9.74716096e-03 3.13332047e-03 8.22587578e-03 9.71886303e-03 -5.52756095e-05 -9.36737032e-05 2.82979375e-05
0.1152827        3.02241245e-03 7.94552714e-03 9.47984981e-03 3.07750882e-03 8.03888049e-03 9.45164580e-03 -5.50963630e-05 -9.33533461e-05 2.82040128e-05
0.1154177        3.00176347e-03 7.88699569e-03 9.40658623e-03 3.05668240e-03 7.98003176e-03 9.37847427e-03 -5.49189329e-05 -9.30360728e-05 2.81119566e-05
0.1155527        2.94340342e-03 7.68349581e-03 9.08199424e-03 2.99814621e-03 7.77622056e-03 9.05398704e-03 -5.47427853e-05 -9.27247565e-05 2.80072004e-05
0.1156876        2.96373077e-03 7.65879759e-03 8.90253975e-03 3.01826498e-03 7.75115698e-03 8.87465326e-03 -5.45342093e-05 -9.23593970e-05 2.78864845e-05
0.1158226        3.15475181e-03 8.21446687e-03 9.57819096e-03 3.20904868e-03 8.30640486e-03 9.55041230e-03 -5.42968724e-05 -9.19379882e-05 2.77786635e-05
0.1159556        3.07261391e-03 8.08429400e-03 9.69583129e-03 3.12672010e-03 8.17588619e-03 9.66812688e-03 -5.41061876e-05 -9.15921935e-05 2.77044057e-05
0.1160886        3.07986632e-03 8.12715844e-03 9.85904235e-03 3.13379008e-03 8.21842010e-03 9.83141237e-03 -5.39237585e-05 -9.12616551e-05 2.76299779e-05
0.1162216        2.57139870e-03 6.95474557e-03 8.98273229e-03 2.62521325e-03 7.04581023e-03 8.95518130e-03 -5.38145421e-05 -9.10646593e-05 2.75509953e-05
0.1163546        2.76929397e-03 7.48154489e-03 9.46037584e-03 2.82298278e-03 7.57238376e-03 9.43290750e-03 -5.36888150e-05 -9.08388663e-05 2.74683403e-05
0.1164876        2.81414725e-03 7.63435191e-03 9.69780212e-03 2.86770958e-03 7.72495734e-03 9.67039486e-03 -5.35623297e-05 -9.06054300e-05 2.74072606e-05
0.1166206        2.92224320e-03 7.74470470e-03 9.49491329e-03 2.97565386e-03 7.83503301e-03 9.46756936e-03 -5.34106574e-05 -9.03283042e-05 2.73439260e-05
0.1167536        2.96523767e-03 7.80859155e-03 9.48923937e-03 3.01849081e-03 7.89863346e-03 9.46196182e-03 -5.32531454e-05 -9.00419040e-05 2.72775442e-05
0.1168866        2.94986498e-03 7.81933101e-03 9.69596125e-03 3.00297316e-03 7.90911049e-03 9.66875903e-03 -5.31081857e-05 -8.97794808e-05 2.72022236e-05
0.1170196        2.88795336e-03 7.56512393e-03 9.17331864e-03 2.94091661e-03 7.65464300e-03 9.14620095e-03 -5.29632572e-05 -8.95190694e-05 2.71176942e-05
0.1171526        2.90219154e-03 7.54529986e-03 9.06264015e-03 2.95500739e-03 7.63455377e-03 9.03560542e-03 -5.28158506e-05 -8.92539016e-05 2.70347236e-05
0.1172834        3.01692253e-03 7.95706984e-03 9.77526878e-03 3.06962049e-03 8.04610224e-03 9.74828178e-03 -5.26979688e-05 -8.90323990e-05 2.69870033e-05
0.1174142        2.98308697e-03 7.89493772e-03 9.71810767e-03 3.03564520e-03 7.98371347e-03 9.69117876e-03 -5.25582248e-05 -8.87757531e-05 2.69289047e-05
0.117545         2.99296148e-03 7.86106184e-03 9.64094062e-03 3.04536495e-03 7.94955905e-03 9.61408857e-03 -5.24034708e-05 -8.84972021e-05 2.68520473e-05
0.1176758        2.96252200e-03 7.57387747e-03 9.01034458e-03 3.01475766e-03 7.66207714e-03 8.98358457e-03 -5.22356587e-05 -8.81996721e-05 2.67600073e-05
0.117809         2.98405348e-03 7.80373755e-03 9.51164070e-03 3.03612990e-03 7.89164950e-03 9.48495723e-03 -5.20764239e-05 -8.79119427e-05 2.66834708e-05
0.1179421        2.94928544e-03 7.74408412e-03 9.49400305e-03 3.00120738e-03 7.83171528e-03 9.46739047e-03 -5.19219445e-05 -8.76311566e-05 2.66125757e-05
0.1180753        2.94367745e-03 7.71398953e-03 9.44431795e-03 2.99544405e-03 7.80133871e-03 9.41777562e-03 -5.17666047e-05 -8.73491810e-05 2.65423315e-05
0.1182085        2.91698677e-03 7.65076663e-03 9.39921415e-03 2.96860251e-03 7.73784264e-03 9.37274344e-03 -5.16157383e-05 -8.70760036e-05 2.64707131e-05
0.1183391        2.91543499e-03 7.66223461e-03 9.45089355e-03 2.96690175e-03 7.74904052e-03 9.42449107e-03 -5.14667631e-05 -8.68059040e-05 2.64024812e-05
0.1184697        2.93102632e-03 7.69706540e-03 9.48386095e-03 2.98234359e-03 7.78360010e-03 9.45752717e-03 -5.13172726e-05 -8.65347062e-05 2.63337853e-05
0.1186003        2.96442241e-03 7.84834567e-03 9.74600986e-03 3.01559068e-03 7.93460882e-03 9.71973951e-03 -5.11682658e-05 -8.62631453e-05 2.62703588e-05
0.1187309        2.94238642e-03 7.74222835e-03 9.56119917e-03 2.99340444e-03 7.82821854e-03 9.53499595e-03 -5.10180240e-05 -8.59901860e-05 2.62032286e-05
0.1188615        2.82180925e-03 7.26892359e-03 8.71126082e-03 2.87265016e-03 7.35460428e-03 8.68516574e-03 -5.08409063e-05 -8.56806922e-05 2.60950777e-05
0.1189921        2.94203768e-03 7.52385427e-03 9.07482185e-03 2.99272914e-03 7.60926836e-03 9.04880618e-03 -5.06914538e-05 -8.54140905e-05 2.60156656e-05
0.1191227        2.94968459e-03 7.70462444e-03 9.50630096e-03 3.00023326e-03 7.78977881e-03 9.48034633e-03 -5.05486719e-05 -8.51543670e-05 2.59546336e-05
0.1192533        2.94682522e-03 7.72055264e-03 9.57230972e-03 2.99722472e-03 7.80543387e-03 9.54641091e-03 -5.03995075e-05 -8.48812378e-05 2.58988116e-05
0.1193839        2.89763789e-03 7.62957263e-03 9.54965504e-03 2.94789015e-03 7.71418382e-03 9.52381319e-03 -5.02522622e-05 -8.46111971e-05 2.58418518e-05
0.1195145        2.91921841e-03 7.66242365e-03 9.52727184e-03 2.96931063e-03 7.74674317e-03 9.50149370e-03 -5.00922247e-05 -8.43195214e-05 2.57781386e-05
0.1196451        2.98619649e-03 7.85529422e-03 9.81684344e-03 3.03611916e-03 7.93930649e-03 9.79113159e-03 -4.99226760e-05 -8.40122714e-05 2.57118480e-05
0.1197757        3.01319899e-03 7.80741386e-03 9.61264062e-03 3.06293134e-03 7.89108284e-03 9.58699971e-03 -4.97323562e-05 -8.36689765e-05 2.56409091e-05
0.1199063        2.99840457e-03 7.78022271e-03 9.56529096e-03 3.04794255e-03 7.86353986e-03 9.53971495e-03 -4.95379726e-05 -8.33171520e-05 2.55760109e-05
0.120037         2.97407357e-03 7.80033343e-03 9.70371192e-03 3.02341909e-03 7.88330132e-03 9.67819800e-03 -4.93455182e-05 -8.29678974e-05 2.55139162e-05
0.1201676        2.97210503e-03 7.77483239e-03 9.65835936e-03 3.02125013e-03 7.85743877e-03 9.63291273e-03 -4.91450986e-05 -8.26063816e-05 2.54466344e-05
0.1202982        2.92874298e-03 7.72837639e-03 9.71437133e-03 2.97768887e-03 7.81062272e-03 9.68899055e-03 -4.89458869e-05 -8.22463303e-05 2.53807858e-05
0.1204288        3.13361593e-03 8.28937629e-03 1.05896842e-02 3.18237433e-03 8.37127090e-03 1.05643184e-02 -4.87584057e-05 -8.18946071e-05 2.53657575e-05
0.1205594        3.06963530e-03 8.13007363e-03 1.03360218e-02 3.11818867e-03 8.21159225e-03 1.03106986e-02 -4.85533755e-05 -8.15186219e-05 2.53231392e-05
0.1206939        3.01406594e-03 7.95483403e-03 1.00590844e-02 3.06241828e-03 8.03598690e-03 1.00338179e-02 -4.83523418e-05 -8.11528700e-05 2.52664813e-05
0.1208285        2.98395449e-03 7.84511013e-03 9.87165030e-03 3.03211058e-03 7.92590788e-03 9.84644763e-03 -4.81560881e-05 -8.07977463e-05 2.52026696e-05
0.1209631        2.93819091e-03 7.69209636e-03 9.63404873e-03 2.98615889e-03 7.77255473e-03 9.60891493e-03 -4.79679814e-05 -8.04583631e-05 2.51337944e-05
0.1210976        2.89630255e-03 7.55747335e-03 9.42626366e-03 2.94409292e-03 7.63761327e-03 9.40120553e-03 -4.77903734e-05 -8.01399196e-05 2.50581292e-05
0.1212322        2.82513837e-03 7.33719998e-03 9.10800852e-03 2.87276014e-03 7.41703813e-03 9.08303041e-03 -4.76217702e-05 -7.98381431e-05 2.49781103e-05
0.1213668        2.81651355e-03 7.28834453e-03 8.99870287e-03 2.86397265e-03 7.36789351e-03 8.97380889e-03 -4.74591063e-05 -7.95489805e-05 2.48939870e-05
0.1215013        2.76594998e-03 7.12396937e-03 8.74358711e-03 2.81325809e-03 7.20325223e-03 8.71878513e-03 -4.73081103e-05 -7.92828644e-05 2.48019842e-05
0.1216359        2.74439789e-03 6.93124711e-03 8.31211598e-03 2.79155189e-03 7.01026131e-03 8.28741632e-03 -4.71540081e-05 -7.90142057e-05 2.46996676e-05
0.1217705        2.74386885e-03 6.99690983e-03 8.50870738e-03 2.79087985e-03 7.07567384e-03 8.48410814e-03 -4.70110021e-05 -7.87640110e-05 2.45992491e-05
0.121905         2.68106160e-03 6.79355903e-03 8.17403160e-03 2.72793010e-03 6.87207643e-03 8.14954416e-03 -4.68684990e-05 -7.85173936e-05 2.44874379e-05
0.1220396        2.62582850e-03 6.57919527e-03 7.79661114e-03 2.67253788e-03 6.65744064e-03 7.77224907e-03 -4.67093874e-05 -7.82453744e-05 2.43620719e-05
0.1221742        2.63525044e-03 6.82499610e-03 8.54898191e-03 2.68184161e-03 6.90303000e-03 8.52469949e-03 -4.65911709e-05 -7.80339054e-05 2.42824122e-05
0.1223087        2.85643421e-03 7.31720713e-03 9.07653040e-03 2.90286989e-03 7.39496351e-03 9.05232699e-03 -4.64356765e-05 -7.77563825e-05 2.42034108e-05
0.1224433        2.75935649e-03 7.03538331e-03 8.64656905e-03 2.80563691e-03 7.11286164e-03 8.62244060e-03 -4.62804252e-05 -7.74783392e-05 2.41284474e-05
0.1225778        2.84148018e-03 7.21593199e-03 8.83400106e-03 2.88758555e-03 7.29309718e-03 8.80994650e-03 -4.61053735e-05 -7.71651869e-05 2.40545538e-05
0.1227124        2.80174035e-03 7.18564670e-03 8.88805726e-03 2.84767579e-03 7.26250895e-03 8.86407979e-03 -4.59354417e-05 -7.68622541e-05 2.39774605e-05
0.122847         2.79222205e-03 7.21977577e-03 9.03670201e-03 2.83798513e-03 7.29632750e-03 9.01279039e-03 -4.57630780e-05 -7.65517324e-05 2.39116177e-05
0.1229815        2.81001764e-03 7.18851467e-03 8.91638707e-03 2.85559434e-03 7.26473124e-03 8.89253987e-03 -4.55766977e-05 -7.62165646e-05 2.38472083e-05
0.1231161        2.89494300e-03 7.52957263e-03 9.51851439e-03 2.94032670e-03 7.60544041e-03 9.49472736e-03 -4.53837040e-05 -7.58677793e-05 2.37870348e-05
0.1232507        2.90414360e-03 7.55912513e-03 9.57293027e-03 2.94932696e-03 7.63463134e-03 9.54920308e-03 -4.51833563e-05 -7.55062100e-05 2.37271889e-05
0.1233852        2.90320068e-03 7.56402189e-03 9.61394047e-03 2.94817698e-03 7.63915378e-03 9.59026889e-03 -4.49763046e-05 -7.51318852e-05 2.36715828e-05
0.1235198        2.97806730e-03 7.86577792e-03 1.02127386e-02 3.02285547e-03 7.94056018e-03 1.01890874e-02 -4.47881689e-05 -7.47822644e-05 2.36511875e-05
0.1236544        2.93702252e-03 7.73856694e-03 1.00192611e-02 2.98162740e-03 7.81301253e-03 9.99564342e-03 -4.46048796e-05 -7.44455831e-05 2.36176549e-05
0.1237889        2.86133958e-03 7.44196910e-03 9.47606906e-03 2.90575022e-03 7.51606575e-03 9.45251642e-03 -4.44106361e-05 -7.40966490e-05 2.35526431e-05
0.1239235        2.85106801e-03 7.41142497e-03 9.44875001e-03 2.89528949e-03 7.48518132e-03 9.42525509e-03 -4.42214822e-05 -7.37563560e-05 2.34949175e-05
0.1240581        2.81714719e-03 7.34773772e-03 9.41091686e-03 2.86119018e-03 7.42117352e-03 9.38748262e-03 -4.40429864e-05 -7.34357949e-05 2.34342360e-05
0.1241926        2.81061625e-03 7.21182865e-03 9.02931344e-03 2.85447298e-03 7.28493278e-03 9.00595493e-03 -4.38567331e-05 -7.31041305e-05 2.33585085e-05
0.1243272        2.85362772e-03 7.36227620e-03 9.31775222e-03 2.89730061e-03 7.43505004e-03 9.29445803e-03 -4.36728858e-05 -7.27738398e-05 2.32941876e-05
0.1244617        2.84543010e-03 7.37862985e-03 9.39519612e-03 2.88892642e-03 7.45108782e-03 9.37197252e-03 -4.34963180e-05 -7.24579650e-05 2.32235971e-05
0.1245963        2.86559910e-03 7.14555743e-03 8.64999888e-03 2.90889848e-03 7.21767053e-03 8.62686683e-03 -4.32993866e-05 -7.21131009e-05 2.31320544e-05
0.1247309        3.09531234e-03 7.87314186e-03 9.74477936e-03 3.13840333e-03 7.94488627e-03 9.72172814e-03 -4.30909909e-05 -7.17444119e-05 2.30512222e-05
0.1248654        3.10908016e-03 7.64792960e-03 8.93812214e-03 3.15194230e-03 7.71927212e-03 8.91515712e-03 -4.28621409e-05 -7.13425164e-05 2.29650207e-05
0.125            2.81387397e-03 7.06756387e-03 8.64530670e-03 2.85655807e-03 7.13859328e-03 8.62242526e-03 -4.26841013e-05 -7.10294050e-05 2.28814316e-05
0.1251263        2.81140636e-03 7.17725795e-03 9.01053779e-03 2.85392684e-03 7.24799764e-03 8.98772814e-03 -4.25204802e-05 -7.07396942e-05 2.28096544e-05
0.125252         2.85703735e-03 7.37168001e-03 9.40570309e-03 2.89939326e-03 7.44212477e-03 9.38295361e-03 -4.23559114e-05 -7.04447622e-05 2.27494766e-05
0.1253775        2.80132206e-03 7.18992825e-03 9.11218987e-03 2.84351864e-03 7.26008879e-03 9.08950469e-03 -4.21965749e-05 -7.01605331e-05 2.26851848e-05
0.1255028        2.71702959e-03 6.93561929e-03 8.74139636e-03 2.75907335e-03 7.00550872e-03 8.71878101e-03 -4.20437643e-05 -6.98894322e-05 2.26153545e-05
0.1256278        2.73400930e-03 6.97200526e-03 8.78000987e-03 2.77589970e-03 7.04162451e-03 8.75747048e-03 -4.18903940e-05 -6.96192540e-05 2.25393865e-05
0.1257525        2.47901504e-03 6.57671742e-03 8.80018119e-03 2.52079755e-03 6.64614464e-03 8.77771110e-03 -4.17825024e-05 -6.94272199e-05 2.24700844e-05
0.125877         2.39152742e-03 6.34386280e-03 8.53587600e-03 2.43321134e-03 6.41311495e-03 8.51347461e-03 -4.16839189e-05 -6.92521556e-05 2.24013835e-05
0.1260012        2.58556846e-03 6.68494978e-03 8.65327989e-03 2.62712069e-03 6.75396816e-03 8.63094496e-03 -4.15522345e-05 -6.90183772e-05 2.23349269e-05
0.126125         2.63936706e-03 6.74984759e-03 8.57896983e-03 2.68077732e-03 6.81861588e-03 8.55670797e-03 -4.14102638e-05 -6.87682861e-05 2.22618573e-05
0.1262485        2.64892568e-03 6.75071811e-03 8.51648447e-03 2.69019092e-03 6.81923182e-03 8.49429932e-03 -4.12652380e-05 -6.85137091e-05 2.21851490e-05
0.1263717        2.63865413e-03 6.70109207e-03 8.40931193e-03 2.67977362e-03 6.76935072e-03 8.38720582e-03 -4.11194963e-05 -6.82586559e-05 2.21061148e-05
0.1264945        2.63456184e-03 6.68329964e-03 8.35281571e-03 2.67553454e-03 6.75130195e-03 8.33079096e-03 -4.09726945e-05 -6.80023137e-05 2.20247539e-05
0.1266167        2.61192362e-03 6.51171454e-03 7.94781414e-03 2.65272989e-03 6.57943081e-03 7.92588784e-03 -4.08062711e-05 -6.77162788e-05 2.19262939e-05
0.126739         2.54785055e-03 6.31476327e-03 7.64412252e-03 2.58849992e-03 6.38221176e-03 7.62229972e-03 -4.06493640e-05 -6.74484979e-05 2.18228059e-05
0.1268612        2.67564936e-03 6.74035890e-03 8.39335311e-03 2.71615115e-03 6.80754524e-03 8.37159311e-03 -4.05017957e-05 -6.71863389e-05 2.17600019e-05
0.1269835        2.87875273e-03 7.34371360e-03 9.27265292e-03 2.91908916e-03 7.41060767e-03 9.25096262e-03 -4.03364298e-05 -6.68940683e-05 2.16903003e-05
0.1271052        2.69121048e-03 6.82876944e-03 8.62618396e-03 2.73139849e-03 6.89540218e-03 8.60456324e-03 -4.01880100e-05 -6.66327464e-05 2.16207212e-05
0.127227         2.64907391e-03 6.75739996e-03 8.62880481e-03 2.68911779e-03 6.82377668e-03 8.60724599e-03 -4.00438776e-05 -6.63767154e-05 2.15588175e-05
0.1273488        2.69986521e-03 6.89568569e-03 8.83268224e-03 2.73975827e-03 6.96179467e-03 8.81118537e-03 -3.98930668e-05 -6.61089795e-05 2.14968619e-05
0.1274703        2.82786576e-03 7.19046686e-03 9.12970724e-03 2.86759024e-03 7.25627650e-03 9.10826949e-03 -3.97244737e-05 -6.58096327e-05 2.14377439e-05
0.1275918        2.74991290e-03 6.99941955e-03 8.94158427e-03 2.78947571e-03 7.06494163e-03 8.92020291e-03 -3.95628064e-05 -6.55220842e-05 2.13813551e-05
0.1277131        2.68869060e-03 6.86125857e-03 8.82755127e-03 2.72809756e-03 6.92650392e-03 8.80622738e-03 -3.94069552e-05 -6.52453452e-05 2.13238845e-05
0.1278343        2.64883043e-03 6.77563297e-03 8.76766079e-03 2.68808410e-03 6.84060538e-03 8.74639167e-03 -3.92536691e-05 -6.49724105e-05 2.12691176e-05
0.1279554        2.71119160e-03 6.70863942e-03 8.33461138e-03 2.75026781e-03 6.77329960e-03 8.31340433e-03 -3.90762072e-05 -6.46601759e-05 2.12070526e-05
0.1280764        2.77481558e-03 7.09546307e-03 9.12370336e-03 2.81372038e-03 7.15981780e-03 9.10254746e-03 -3.89048019e-05 -6.43547255e-05 2.11558956e-05
0.1281977        2.76104634e-03 7.02121012e-03 9.02145753e-03 2.79977528e-03 7.08524974e-03 9.00034521e-03 -3.87289463e-05 -6.40396201e-05 2.11123145e-05
0.1283189        2.79489395e-03 7.17227555e-03 9.34915014e-03 2.83345188e-03 7.23600884e-03 9.32808068e-03 -3.85579305e-05 -6.37332876e-05 2.10694606e-05
0.1284405        2.75049842e-03 7.08250929e-03 9.27450952e-03 2.78889336e-03 7.14595010e-03 9.25348227e-03 -3.83949475e-05 -6.34408079e-05 2.10272518e-05
0.1285622        2.74387739e-03 7.05224838e-03 9.19969985e-03 2.78211045e-03 7.11539983e-03 9.17872002e-03 -3.82330535e-05 -6.31514513e-05 2.09798340e-05
0.128684         2.68965395e-03 6.90916222e-03 9.01378527e-03 2.72773319e-03 6.97203992e-03 8.99285803e-03 -3.80792421e-05 -6.28776966e-05 2.09272379e-05
0.128806         2.68705059e-03 6.89026195e-03 9.02319631e-03 2.72497768e-03 6.95286872e-03 9.00232062e-03 -3.79270959e-05 -6.26067633e-05 2.08756839e-05
0.1289283        2.37069628e-03 6.40431245e-03 9.08288484e-03 2.40852971e-03 6.46674901e-03 9.06205589e-03 -3.78334261e-05 -6.24365554e-05 2.08289472e-05
0.1290508        2.53110121e-03 6.66589133e-03 9.02150261e-03 2.56881284e-03 6.72811218e-03 9.00073679e-03 -3.77116205e-05 -6.22208515e-05 2.07658199e-05
0.1291734        2.56575531e-03 6.53818665e-03 8.45441433e-03 2.60332881e-03 6.60016493e-03 8.43371541e-03 -3.75734960e-05 -6.19782815e-05 2.06989215e-05
0.1292962        2.90524447e-03 7.08383885e-03 8.41715645e-03 2.94261930e-03 7.14547280e-03 8.39654145e-03 -3.73748222e-05 -6.16339573e-05 2.06150028e-05
0.1294187        2.66579096e-03 6.65881251e-03 8.29922480e-03 2.70301010e-03 6.72017570e-03 8.27868720e-03 -3.72191397e-05 -6.13631863e-05 2.05375981e-05
0.1295407        2.49589226e-03 6.05668791e-03 7.35407388e-03 2.53296484e-03 6.11780117e-03 7.33362948e-03 -3.70725744e-05 -6.11132645e-05 2.04444077e-05
0.1296625        2.52846581e-03 6.22693851e-03 7.69214733e-03 2.56539777e-03 6.28781254e-03 7.67179810e-03 -3.69319566e-05 -6.08740320e-05 2.03492327e-05
0.129784         2.60315195e-03 6.57042584e-03 8.44141364e-03 2.63997137e-03 6.63109877e-03 8.42111763e-03 -3.68194198e-05 -6.06729322e-05 2.02960055e-05
0.1299052        2.53399083e-03 6.39249631e-03 8.20221067e-03 2.57068582e-03 6.45295169e-03 8.18198455e-03 -3.66949948e-05 -6.04553766e-05 2.02261190e-05
0.1300262        2.49610462e-03 6.28256076e-03 8.02248067e-03 2.53266907e-03 6.34278887e-03 8.00232730e-03 -3.65644497e-05 -6.02281165e-05 2.01533750e-05
0.130147         2.52803542e-03 6.36509204e-03 8.17861130e-03 2.56446511e-03 6.42508462e-03 8.15852446e-03 -3.64296852e-05 -5.99925752e-05 2.00868335e-05
0.1302675        2.55043774e-03 6.43262797e-03 8.32811365e-03 2.58672978e-03 6.49237939e-03 8.30808951e-03 -3.62920347e-05 -5.97514206e-05 2.00241474e-05
0.130388         2.53029085e-03 6.37127504e-03 8.20391756e-03 2.56644468e-03 6.43078477e-03 8.18395740e-03 -3.61538295e-05 -5.95097339e-05 1.99601571e-05
0.1305082        2.56187820e-03 6.47946289e-03 8.40218699e-03 2.59788939e-03 6.53872118e-03 8.38228522e-03 -3.60111847e-05 -5.92582874e-05 1.99017743e-05
0.1306282        2.55502124e-03 6.46503150e-03 8.39098521e-03 2.59088779e-03 6.52403439e-03 8.37114007e-03 -3.58665507e-05 -5.90028903e-05 1.98451374e-05
0.1307482        2.54986150e-03 6.41535092e-03 8.31143862e-03 2.58558089e-03 6.47409311e-03 8.29164390e-03 -3.57193969e-05 -5.87421913e-05 1.97947132e-05
0.1308679        2.55465328e-03 6.36506829e-03 8.18310492e-03 2.59021924e-03 6.42354142e-03 8.16336818e-03 -3.55659630e-05 -5.84731247e-05 1.97367393e-05
0.1309874        2.56085680e-03 6.47496986e-03 8.46642205e-03 2.59627289e-03 6.53317737e-03 8.44673403e-03 -3.54160898e-05 -5.82075122e-05 1.96880186e-05
0.1311069        2.58217295e-03 6.54842722e-03 8.58897842e-03 2.61743584e-03 6.60636282e-03 8.56933705e-03 -3.52628894e-05 -5.79356023e-05 1.96413693e-05
0.1312261        2.58992900e-03 6.61571486e-03 8.75778559e-03 2.62503989e-03 6.67338071e-03 8.73819090e-03 -3.51108896e-05 -5.76658429e-05 1.95946856e-05
0.1313453        2.57203039e-03 6.60988419e-03 8.84231912e-03 2.60699464e-03 6.66728601e-03 8.82275664e-03 -3.49642529e-05 -5.74018233e-05 1.95624851e-05
0.1314643        2.56916172e-03 6.53350663e-03 8.62340292e-03 2.60398271e-03 6.59065181e-03 8.60387688e-03 -3.48209874e-05 -5.71451814e-05 1.95260468e-05
0.1315832        2.62826767e-03 6.69767490e-03 8.97308494e-03 2.66294083e-03 6.75455562e-03 8.95359413e-03 -3.46731610e-05 -5.68807256e-05 1.94908032e-05
0.1317022        2.58141520e-03 6.58327641e-03 8.78727727e-03 2.61594611e-03 6.63990469e-03 8.76783186e-03 -3.45309106e-05 -5.66282805e-05 1.94454107e-05
0.1318209        2.56637932e-03 6.53970421e-03 8.72131542e-03 2.60076969e-03 6.59608442e-03 8.70192162e-03 -3.43903698e-05 -5.63802134e-05 1.93937987e-05
0.1319394        2.55106628e-03 6.43880438e-03 8.44529879e-03 2.58531288e-03 6.49493378e-03 8.42596796e-03 -3.42465968e-05 -5.61294022e-05 1.93308281e-05
0.1320576        2.46909167e-03 6.04978249e-03 7.74914470e-03 2.50319178e-03 6.10565948e-03 7.72988393e-03 -3.41001093e-05 -5.58769892e-05 1.92607636e-05
0.1321756        2.55103757e-03 6.38768916e-03 8.35704825e-03 2.58499137e-03 6.44331268e-03 8.33785520e-03 -3.39538000e-05 -5.56235249e-05 1.91930481e-05
0.1322933        2.52978012e-03 6.28694011e-03 8.09556835e-03 2.56358561e-03 6.34230775e-03 8.07644689e-03 -3.38054896e-05 -5.53676408e-05 1.91214550e-05
0.132411         2.49228607e-03 6.19688279e-03 7.95043688e-03 2.52594602e-03 6.25199948e-03 7.93138885e-03 -3.36599411e-05 -5.51166900e-05 1.90480330e-05
0.1325285        2.44637737e-03 6.05396470e-03 7.68642348e-03 2.47989426e-03 6.10883661e-03 7.66745576e-03 -3.35168850e-05 -5.48719106e-05 1.89677211e-05
0.1326459        2.41721271e-03 5.95679793e-03 7.50959870e-03 2.45058684e-03 6.01142591e-03 7.49071323e-03 -3.33741342e-05 -5.46279764e-05 1.88854695e-05
0.1327634        2.39597806e-03 5.89664466e-03 7.43619585e-03 2.42921084e-03 5.95103140e-03 7.41739326e-03 -3.32327814e-05 -5.43867378e-05 1.88025901e-05
0.1328806        2.35137081e-03 5.70903796e-03 7.06854698e-03 2.38444411e-03 5.76315754e-03 7.04984906e-03 -3.30733095e-05 -5.41195810e-05 1.86979289e-05
0.1329978        2.41153327e-03 5.92111762e-03 7.46377623e-03 2.44444329e-03 5.97495709e-03 7.44515723e-03 -3.29100174e-05 -5.38394704e-05 1.86189954e-05
0.1331148        2.47053808e-03 6.10017171e-03 7.79261426e-03 2.50329396e-03 6.15374299e-03 7.77405815e-03 -3.27558855e-05 -5.35712802e-05 1.85561103e-05
0.1332317        2.46435050e-03 6.00482753e-03 7.56003133e-03 2.49695110e-03 6.05812993e-03 7.54154024e-03 -3.26006024e-05 -5.33023935e-05 1.84910892e-05
0.1333487        2.45633313e-03 6.01689994e-03 7.63193722e-03 2.48878419e-03 6.06994447e-03 7.61351549e-03 -3.24510513e-05 -5.30445297e-05 1.84217273e-05
0.1334656        2.40789491e-03 5.92423003e-03 7.52337583e-03 2.44020540e-03 5.97703126e-03 7.50501976e-03 -3.23104957e-05 -5.28012350e-05 1.83560726e-05
0.1335826        2.42615990e-03 5.97897828e-03 7.63468098e-03 2.45833110e-03 6.03153772e-03 7.61638989e-03 -3.21712072e-05 -5.25594366e-05 1.82910854e-05
0.1336995        2.40592686e-03 5.92821036e-03 7.59100201e-03 2.43796333e-03 5.98053494e-03 7.57276907e-03 -3.20364682e-05 -5.23245876e-05 1.82329457e-05
0.1338165        2.42289859e-03 5.91403175e-03 7.48139760e-03 2.45479788e-03 5.96611932e-03 7.46323062e-03 -3.18992857e-05 -5.20875737e-05 1.81669800e-05
0.1339335        2.03303251e-03 5.23556918e-03 7.25541797e-03 2.06485941e-03 5.28753026e-03 7.23730966e-03 -3.18269031e-05 -5.19610752e-05 1.81083151e-05
0.1340502        2.26932722e-03 5.69533386e-03 7.55631696e-03 2.30105068e-03 5.74711509e-03 7.53826777e-03 -3.17234573e-05 -5.17812346e-05 1.80491916e-05
0.1341669        2.34120395e-03 5.88327543e-03 7.81377234e-03 2.37281986e-03 5.93486863e-03 7.79577822e-03 -3.16159112e-05 -5.15932036e-05 1.79941140e-05
0.1342836        2.38494578e-03 5.97397238e-03 7.88449222e-03 2.41645098e-03 6.02537301e-03 7.86655685e-03 -3.15052048e-05 -5.14006216e-05 1.79353740e-05
0.1344           2.39549516e-03 5.94239911e-03 7.74317144e-03 2.42688674e-03 5.99360156e-03 7.72529073e-03 -3.13915743e-05 -5.12024500e-05 1.78807124e-05
0.1345165        2.44649833e-03 5.97955678e-03 7.69440169e-03 2.47776649e-03 6.03054727e-03 7.67658671e-03 -3.12681612e-05 -5.09904918e-05 1.78149840e-05
0.1346329        2.47438357e-03 6.13297943e-03 7.99232767e-03 2.50552784e-03 6.18375593e-03 7.97457555e-03 -3.11442701e-05 -5.07764974e-05 1.77521239e-05
0.1347494        2.38916360e-03 5.87552761e-03 7.52411855e-03 2.42018605e-03 5.92609417e-03 7.50643107e-03 -3.10224445e-05 -5.05665629e-05 1.76874817e-05
0.1348656        2.39264218e-03 5.88395235e-03 7.54742773e-03 2.42353975e-03 5.93430257e-03 7.52979903e-03 -3.08975700e-05 -5.03502162e-05 1.76287022e-05
0.1349817        2.43529275e-03 5.94167061e-03 7.52406999e-03 2.46605568e-03 5.99178823e-03 7.50650211e-03 -3.07629371e-05 -5.01176206e-05 1.75678786e-05
0.1350977        2.37907423e-03 5.89817241e-03 7.68687458e-03 2.40971211e-03 5.94807192e-03 7.66936001e-03 -3.06378807e-05 -4.98995122e-05 1.75145730e-05
0.1352134        2.36963365e-03 5.86238766e-03 7.62904757e-03 2.40014499e-03 5.91206618e-03 7.61158408e-03 -3.05113370e-05 -4.96785263e-05 1.74634883e-05
0.135329         2.40265953e-03 5.97341797e-03 7.87522248e-03 2.43304120e-03 6.02286870e-03 7.85780344e-03 -3.03816732e-05 -4.94507312e-05 1.74190383e-05
0.1354445        2.42805603e-03 6.01939288e-03 7.90624022e-03 2.45830219e-03 6.06860569e-03 7.88886473e-03 -3.02461567e-05 -4.92128057e-05 1.73754846e-05
0.1355599        2.46975903e-03 6.06720985e-03 7.88617649e-03 2.49985897e-03 6.11616691e-03 7.86884561e-03 -3.00999357e-05 -4.89570558e-05 1.73308765e-05
0.1356753        2.50417784e-03 6.15114611e-03 7.99069469e-03 2.53412670e-03 6.19983999e-03 7.97341186e-03 -2.99488605e-05 -4.86938841e-05 1.72828293e-05
0.1357907        2.47478368e-03 6.16072437e-03 8.16330810e-03 2.50458685e-03 6.20916110e-03 8.14606063e-03 -2.98031622e-05 -4.84367273e-05 1.72474671e-05
0.1359064        2.53530763e-03 6.27596537e-03 8.23549163e-03 2.56495439e-03 6.32412810e-03 8.21828569e-03 -2.96467599e-05 -4.81627386e-05 1.72059448e-05
0.1360223        2.66028374e-03 6.70441913e-03 9.08554758e-03 2.68978760e-03 6.75232070e-03 9.06833991e-03 -2.95038588e-05 -4.79015666e-05 1.72076735e-05
0.1361385        2.67764345e-03 6.65998875e-03 8.81652079e-03 2.70699375e-03 6.70761780e-03 8.79933921e-03 -2.93503030e-05 -4.76290450e-05 1.71815840e-05
0.1362547        2.70875636e-03 6.59825827e-03 8.43318219e-03 2.73793390e-03 6.64558764e-03 8.41605050e-03 -2.91775393e-05 -4.73293757e-05 1.71316853e-05
0.136371         2.55899124e-03 6.37587627e-03 8.48524890e-03 2.58801989e-03 6.42294472e-03 8.46815844e-03 -2.90286501e-05 -4.70684505e-05 1.70904610e-05
0.1364869        2.51428046e-03 6.26371215e-03 8.32688327e-03 2.54316412e-03 6.31052735e-03 8.30983810e-03 -2.88836629e-05 -4.68151926e-05 1.70451637e-05
0.1366028        2.50443920e-03 6.25413325e-03 8.35681062e-03 2.53317889e-03 6.30069669e-03 8.33980955e-03 -2.87396940e-05 -4.65634400e-05 1.70010601e-05
0.1367188        2.54989873e-03 6.23802624e-03 8.10037440e-03 2.57848180e-03 6.28431986e-03 8.08342997e-03 -2.85830693e-05 -4.62936237e-05 1.69444322e-05
0.1368347        2.54934008e-03 6.33279712e-03 8.42924103e-03 2.57777364e-03 6.37883358e-03 8.41235645e-03 -2.84335600e-05 -4.60364646e-05 1.68845778e-05
0.1369506        2.42367464e-03 5.94370250e-03 7.70673086e-03 2.45196418e-03 5.98949224e-03 7.68991021e-03 -2.82895332e-05 -4.57897363e-05 1.68206504e-05
0.1370557        2.37512335e-03 5.79812732e-03 7.46061260e-03 2.40327946e-03 5.84368958e-03 7.44385517e-03 -2.81561064e-05 -4.55622586e-05 1.67574324e-05
0.1371606        2.35207590e-03 5.72462095e-03 7.32707387e-03 2.38010481e-03 5.76996697e-03 7.31038090e-03 -2.80289115e-05 -4.53460191e-05 1.66929662e-05
0.1372653        2.34208702e-03 5.68588259e-03 7.24476525e-03 2.36998882e-03 5.73101318e-03 7.22813928e-03 -2.79017972e-05 -4.51305966e-05 1.66259671e-05
0.1373697        2.31222908e-03 5.53050575e-03 6.92011346e-03 2.34000014e-03 5.57541535e-03 6.90355585e-03 -2.77710643e-05 -4.49096067e-05 1.65576028e-05
0.1374739        2.28426729e-03 5.48986973e-03 6.88740399e-03 2.31191203e-03 5.53456669e-03 6.87091806e-03 -2.76447403e-05 -4.46969569e-05 1.64859292e-05
0.1375781        2.19181642e-03 5.14372330e-03 6.14716736e-03 2.21931500e-03 5.18818004e-03 6.13077980e-03 -2.74985762e-05 -4.44567467e-05 1.63875612e-05
0.1376822        2.32021103e-03 5.60380706e-03 7.10354656e-03 2.34756766e-03 5.64802039e-03 7.08721499e-03 -2.73566273e-05 -4.42133296e-05 1.63315656e-05
0.1377851        2.42550266e-03 5.86796468e-03 7.48416990e-03 2.45271761e-03 5.91193393e-03 7.46788741e-03 -2.72149538e-05 -4.39692482e-05 1.62824952e-05
0.1378878        2.40285074e-03 5.85079633e-03 7.53942865e-03 2.42993156e-03 5.89453429e-03 7.52319438e-03 -2.70808216e-05 -4.37379528e-05 1.62342699e-05
0.1379903        2.40442150e-03 5.88851334e-03 7.63326544e-03 2.43137150e-03 5.93202591e-03 7.61708084e-03 -2.69500014e-05 -4.35125638e-05 1.61846009e-05
0.1380928        2.38631146e-03 5.82044851e-03 7.51192515e-03 2.41313350e-03 5.86374111e-03 7.49579129e-03 -2.68220471e-05 -4.32926019e-05 1.61338663e-05
0.1381951        2.32310116e-03 5.67766208e-03 7.36972339e-03 2.34980447e-03 5.72075070e-03 7.35363985e-03 -2.67033094e-05 -4.30886121e-05 1.60835404e-05
0.1382972        2.32391727e-03 5.65185995e-03 7.27537913e-03 2.35050280e-03 5.69474763e-03 7.25935078e-03 -2.65855276e-05 -4.28876789e-05 1.60283519e-05
0.138399         2.29688876e-03 5.59660374e-03 7.23276342e-03 2.32336201e-03 5.63929948e-03 7.21678842e-03 -2.64732486e-05 -4.26957370e-05 1.59750049e-05
0.1385009        2.12923910e-03 5.24975659e-03 6.95930961e-03 2.15562135e-03 5.29229598e-03 6.94338353e-03 -2.63822490e-05 -4.25393974e-05 1.59260876e-05
0.1386026        1.73744942e-03 4.62525671e-03 6.89856576e-03 1.76379919e-03 4.66773774e-03 6.88268031e-03 -2.63497701e-05 -4.24810207e-05 1.58854430e-05
0.138704         2.10352449e-03 5.26458857e-03 7.13241253e-03 2.12979435e-03 5.30693256e-03 7.11657778e-03 -2.62698645e-05 -4.23439890e-05 1.58347500e-05
0.1388053        2.10670500e-03 5.30919950e-03 7.30763245e-03 2.13289882e-03 5.35140972e-03 7.29183267e-03 -2.61938196e-05 -4.22102225e-05 1.57997782e-05
0.1389063        2.12762389e-03 5.39866931e-03 7.55702239e-03 2.15374402e-03 5.44075085e-03 7.54126179e-03 -2.61201333e-05 -4.20815491e-05 1.57605979e-05
0.1390073        2.26523254e-03 5.65211897e-03 7.61859226e-03 2.29126277e-03 5.69404537e-03 7.60287713e-03 -2.60302281e-05 -4.19264033e-05 1.57151327e-05
0.1391079        2.23216355e-03 5.63402321e-03 7.74085907e-03 2.25812272e-03 5.67582107e-03 7.72516546e-03 -2.59591753e-05 -4.17978591e-05 1.56936164e-05
0.1392083        2.29453052e-03 5.81438235e-03 8.06903394e-03 2.32041823e-03 5.85604934e-03 8.05335336e-03 -2.58877126e-05 -4.16669824e-05 1.56805795e-05
0.1393087        2.24872071e-03 5.56618855e-03 7.44352667e-03 2.27451910e-03 5.60770120e-03 7.42788772e-03 -2.57983850e-05 -4.15126588e-05 1.56389520e-05
0.1394089        2.25248656e-03 5.54162590e-03 7.34067837e-03 2.27819127e-03 5.58297723e-03 7.32508263e-03 -2.57047177e-05 -4.13513249e-05 1.55957432e-05
0.1395091        2.22496362e-03 5.46961584e-03 7.24967510e-03 2.25057502e-03 5.51080686e-03 7.23412388e-03 -2.56113942e-05 -4.11910137e-05 1.55512206e-05
0.1396091        2.22190788e-03 5.44390434e-03 7.17312323e-03 2.24742305e-03 5.48493061e-03 7.15761880e-03 -2.55151726e-05 -4.10262735e-05 1.55044297e-05
0.1397091        2.24849686e-03 5.55745903e-03 7.35769149e-03 2.27391426e-03 5.59831688e-03 7.34223085e-03 -2.54174012e-05 -4.08578499e-05 1.54606395e-05
0.1398088        2.23629119e-03 5.41767099e-03 7.02407052e-03 2.26160388e-03 5.45835024e-03 7.00865830e-03 -2.53126865e-05 -4.06792471e-05 1.54122222e-05
0.1399086        2.23650218e-03 5.41705068e-03 7.00629374e-03 2.26170770e-03 5.45754757e-03 6.99093198e-03 -2.52055237e-05 -4.04968831e-05 1.53617634e-05
0.1400084        2.28741599e-03 5.56097804e-03 7.22676089e-03 2.31250772e-03 5.60128067e-03 7.21144776e-03 -2.50917339e-05 -4.03026303e-05 1.53131304e-05
0.1401079        2.24070683e-03 5.43109351e-03 6.99263275e-03 2.26568644e-03 5.47120605e-03 6.97737366e-03 -2.49796117e-05 -4.01125481e-05 1.52590899e-05
0.1402075        2.15801092e-03 5.19027420e-03 6.62747622e-03 2.18288241e-03 5.23020412e-03 6.61227244e-03 -2.48714918e-05 -3.99299188e-05 1.52037834e-05
0.1403071        2.18455564e-03 5.26767794e-03 6.74058566e-03 2.20931396e-03 5.30741716e-03 6.72544050e-03 -2.47583171e-05 -3.97392262e-05 1.51451616e-05
0.1404064        2.15780398e-03 5.21438840e-03 6.70793842e-03 2.18245101e-03 5.25393987e-03 6.69284941e-03 -2.46470291e-05 -3.95514743e-05 1.50890061e-05
0.1405058        2.17493597e-03 5.27051715e-03 6.83295423e-03 2.19946854e-03 5.30987425e-03 6.81791651e-03 -2.45325727e-05 -3.93570954e-05 1.50377139e-05
0.1406051        2.16391630e-03 5.20074651e-03 6.62490417e-03 2.18833162e-03 5.23990628e-03 6.60992509e-03 -2.44153164e-05 -3.91597737e-05 1.49790855e-05
0.1407045        2.19328253e-03 5.28380517e-03 6.77424561e-03 2.21757958e-03 5.32276514e-03 6.75932186e-03 -2.42970524e-05 -3.89599725e-05 1.49237484e-05
0.1408038        2.19509331e-03 5.29523412e-03 6.80410644e-03 2.21927875e-03 5.33400551e-03 6.78923693e-03 -2.41854386e-05 -3.87713882e-05 1.48695059e-05
0.1409032        2.31972890e-03 5.65929841e-03 7.41589817e-03 2.34379438e-03 5.69786603e-03 7.40107983e-03 -2.40654820e-05 -3.85676138e-05 1.48183419e-05
0.1410025        2.23471314e-03 5.40051817e-03 6.95722114e-03 2.25866428e-03 5.43889246e-03 6.94245668e-03 -2.39511358e-05 -3.83742913e-05 1.47644634e-05
0.1411019        2.22068439e-03 5.36730733e-03 6.93511279e-03 2.24452246e-03 5.40548919e-03 6.92039624e-03 -2.38380762e-05 -3.81818650e-05 1.47165550e-05
0.1412012        2.22344209e-03 5.38152818e-03 6.97035067e-03 2.24716722e-03 5.41951783e-03 6.95568200e-03 -2.37251342e-05 -3.79896482e-05 1.46686703e-05
0.1413006        2.20562004e-03 5.33587225e-03 6.91984072e-03 2.22923414e-03 5.37367281e-03 6.90521840e-03 -2.36141068e-05 -3.78005557e-05 1.46223231e-05
0.1414           2.20204282e-03 5.32976205e-03 6.93269867e-03 2.22554672e-03 5.36737467e-03 6.91812086e-03 -2.35039019e-05 -3.76126177e-05 1.45778024e-05
0.1414993        2.20387320e-03 5.33615641e-03 6.95656188e-03 2.22726698e-03 5.37358099e-03 6.94202675e-03 -2.33937760e-05 -3.74245736e-05 1.45351289e-05
0.1415989        2.25163496e-03 5.40037315e-03 6.94610392e-03 2.27491114e-03 5.43759741e-03 6.93161287e-03 -2.32761806e-05 -3.72242572e-05 1.44910506e-05
0.1416984        2.24733896e-03 5.41089324e-03 7.01753604e-03 2.27049956e-03 5.44792010e-03 7.00308663e-03 -2.31605998e-05 -3.70268540e-05 1.44494075e-05
0.141798         2.25053654e-03 5.43173644e-03 7.07359302e-03 2.27358247e-03 5.46856738e-03 7.05918452e-03 -2.30459352e-05 -3.68309369e-05 1.44084988e-05
0.1418978        2.24124238e-03 5.42092552e-03 7.09355551e-03 2.26417511e-03 5.45756193e-03 7.07918294e-03 -2.29327279e-05 -3.66364097e-05 1.43725715e-05
0.1419976        2.23690962e-03 5.42165324e-03 7.13629058e-03 2.25973009e-03 5.45809705e-03 7.12195428e-03 -2.28204639e-05 -3.64438015e-05 1.43362963e-05
0.1420976        2.21450645e-03 5.37446944e-03 7.09181348e-03 2.23721716e-03 5.41072512e-03 7.07751472e-03 -2.27107101e-05 -3.62556743e-05 1.42987620e-05
0.1421976        2.23926978e-03 5.45322148e-03 7.22612992e-03 2.26186688e-03 5.48928208e-03 7.21186671e-03 -2.25971005e-05 -3.60606026e-05 1.42632166e-05
0.1422976        2.16491744e-03 5.13277430e-03 6.46297563e-03 2.18737838e-03 5.16860940e-03 6.44878107e-03 -2.24609382e-05 -3.58350936e-05 1.41945629e-05
0.1423978        2.25865224e-03 5.51638009e-03 7.36954326e-03 2.28099233e-03 5.55200537e-03 7.35537416e-03 -2.23400883e-05 -3.56252835e-05 1.41690989e-05
0.1424981        2.26425970e-03 5.52732076e-03 7.37320501e-03 2.28648013e-03 5.56273964e-03 7.35906721e-03 -2.22204283e-05 -3.54188798e-05 1.41378049e-05
0.1425983        2.23865862e-03 5.43712221e-03 7.18829807e-03 2.26076239e-03 5.47234116e-03 7.17419653e-03 -2.21037695e-05 -3.52189481e-05 1.41015434e-05
0.1426987        2.34006750e-03 5.73706043e-03 7.70116473e-03 2.36204851e-03 5.77206812e-03 7.68709480e-03 -2.19810062e-05 -3.50076904e-05 1.40699320e-05
0.1427992        2.31529243e-03 5.60471955e-03 7.36728525e-03 2.33715087e-03 5.63951905e-03 7.35325955e-03 -2.18584439e-05 -3.47994935e-05 1.40256995e-05
0.1428996        2.20955740e-03 5.30657666e-03 6.91671841e-03 2.23130386e-03 5.34118661e-03 6.90273813e-03 -2.17464541e-05 -3.46099578e-05 1.39802723e-05
0.1430001        2.19440479e-03 5.27840644e-03 6.89474908e-03 2.21604270e-03 5.31283269e-03 6.88081393e-03 -2.16379125e-05 -3.44262451e-05 1.39351540e-05
0.1431005        2.17082839e-03 5.21793798e-03 6.80652909e-03 2.19236158e-03 5.25218738e-03 6.79264041e-03 -2.15331868e-05 -3.42493989e-05 1.38886739e-05
0.143201         2.13923913e-03 5.13083323e-03 6.65277914e-03 2.16067181e-03 5.16491389e-03 6.63894067e-03 -2.14326793e-05 -3.40806631e-05 1.38384648e-05
0.1433014        2.07187094e-03 5.05206444e-03 6.76264316e-03 2.09321499e-03 5.08599545e-03 6.74885081e-03 -2.13440530e-05 -3.39310131e-05 1.37923541e-05
0.1434021        2.10187221e-03 5.06989798e-03 6.66600439e-03 2.12312356e-03 5.10367287e-03 6.65225945e-03 -2.12513424e-05 -3.37748976e-05 1.37449395e-05
0.1435028        2.10870858e-03 5.06834290e-03 6.63145810e-03 2.12986737e-03 5.10196248e-03 6.61776236e-03 -2.11587963e-05 -3.36195784e-05 1.36957446e-05
0.1436035        2.08647525e-03 4.98935184e-03 6.45398790e-03 2.10754373e-03 5.02282029e-03 6.44034267e-03 -2.10684776e-05 -3.34684489e-05 1.36452299e-05
0.1437042        2.07766204e-03 4.95947374e-03 6.39991640e-03 2.09864223e-03 4.99279447e-03 6.38632156e-03 -2.09801860e-05 -3.33207276e-05 1.35948385e-05
0.1438048        2.06814454e-03 4.92259364e-03 6.31724282e-03 2.08903990e-03 4.95577294e-03 6.30369981e-03 -2.08953594e-05 -3.31793015e-05 1.35430030e-05
0.1439058        1.74621677e-03 4.34442251e-03 6.07593844e-03 1.76707674e-03 4.37754287e-03 6.06244068e-03 -2.08599664e-05 -3.31203646e-05 1.34977558e-05
0.1440067        1.73928651e-03 4.24751907e-03 5.83576733e-03 1.76010375e-03 4.28056755e-03 5.82231020e-03 -2.08172432e-05 -3.30484743e-05 1.34571263e-05
0.1441076        1.94485611e-03 4.62223564e-03 5.98243569e-03 1.96560055e-03 4.65516313e-03 5.96902860e-03 -2.07444397e-05 -3.29274846e-05 1.34070823e-05
0.1442085        1.96827818e-03 4.72064518e-03 6.20534207e-03 1.98894537e-03 4.75344236e-03 6.19197774e-03 -2.06671853e-05 -3.27971773e-05 1.33643275e-05
0.1443092        2.18359406e-03 5.26440293e-03 6.92631851e-03 2.20415911e-03 5.29702555e-03 6.91299029e-03 -2.05650503e-05 -3.26226192e-05 1.33282176e-05
0.1444096        2.22497027e-03 5.35264499e-03 7.00334337e-03 2.24542537e-03 5.38508153e-03 6.99005872e-03 -2.04551007e-05 -3.24365391e-05 1.32846537e-05
0.1445101        2.13818066e-03 5.11567488e-03 6.66302548e-03 2.15852965e-03 5.14793244e-03 6.64978526e-03 -2.03489876e-05 -3.22575580e-05 1.32402237e-05
0.1446105        2.10846723e-03 5.03875129e-03 6.58282998e-03 2.12870946e-03 5.07082884e-03 6.56963307e-03 -2.02422244e-05 -3.20775496e-05 1.31969120e-05
0.1447107        2.11598338e-03 5.06518550e-03 6.68049527e-03 2.13611498e-03 5.09707594e-03 6.66733887e-03 -2.01315953e-05 -3.18904423e-05 1.31563981e-05
0.1448107        2.11228623e-03 5.05225956e-03 6.62977712e-03 2.13230368e-03 5.08395733e-03 6.61666311e-03 -2.00174521e-05 -3.16977729e-05 1.31140093e-05
0.1449102        2.11708023e-03 5.05654034e-03 6.60504957e-03 2.13697908e-03 5.08803821e-03 6.59197883e-03 -1.98988434e-05 -3.14978747e-05 1.30707400e-05
0.1450092        2.10972708e-03 5.03174622e-03 6.55671413e-03 2.12950411e-03 5.06303886e-03 6.54368637e-03 -1.97770345e-05 -3.12926344e-05 1.30277535e-05
0.1451074        2.10345632e-03 4.94003395e-03 6.31182125e-03 2.12310488e-03 4.97111037e-03 6.29883669e-03 -1.96485601e-05 -3.10764151e-05 1.29845537e-05
0.1452048        2.11159493e-03 4.92719147e-03 6.26002728e-03 2.13111118e-03 4.95804707e-03 6.24709255e-03 -1.95162471e-05 -3.08555911e-05 1.29347327e-05
0.1453016        2.12266634e-03 5.00512049e-03 6.42145068e-03 2.14204842e-03 5.03575066e-03 6.40856151e-03 -1.93820811e-05 -3.06301645e-05 1.28891738e-05
0.1453973        2.25599224e-03 5.51859769e-03 7.59722526e-03 2.27525321e-03 5.54901514e-03 7.58433996e-03 -1.92609664e-05 -3.04174480e-05 1.28852967e-05
0.1454923        2.19625024e-03 5.31947096e-03 7.19189589e-03 2.21538187e-03 5.34966722e-03 7.17903766e-03 -1.91316288e-05 -3.01962630e-05 1.28582245e-05
0.1455859        2.17477972e-03 5.24919654e-03 7.06236341e-03 2.19378718e-03 5.27918258e-03 7.04953963e-03 -1.90074575e-05 -2.99860374e-05 1.28237804e-05
0.1456788        2.10684424e-03 5.06215404e-03 6.74118763e-03 2.12573666e-03 5.09194575e-03 6.72839952e-03 -1.88924237e-05 -2.97917055e-05 1.27881065e-05
0.1457712        2.10132034e-03 5.02267131e-03 6.61566821e-03 2.12010080e-03 5.05227493e-03 6.60291979e-03 -1.87804612e-05 -2.96036248e-05 1.27484171e-05
0.1458629        2.10345033e-03 5.00623637e-03 6.56695463e-03 2.12212124e-03 5.03565623e-03 6.55424577e-03 -1.86709091e-05 -2.94198569e-05 1.27088558e-05
0.145954         2.09747879e-03 4.99004449e-03 6.58046901e-03 2.11604515e-03 5.01928986e-03 6.56780284e-03 -1.85663623e-05 -2.92453665e-05 1.26661630e-05
0.1460447        2.06008259e-03 4.88383870e-03 6.39818450e-03 2.07855008e-03 4.91291971e-03 6.38556309e-03 -1.84674984e-05 -2.90810080e-05 1.26214082e-05
0.1461348        2.01098950e-03 4.75934193e-03 6.20525123e-03 2.02936461e-03 4.78826991e-03 6.19267854e-03 -1.83751065e-05 -2.89279820e-05 1.25726964e-05
0.1462241        2.02147795e-03 4.74865507e-03 6.09014653e-03 2.03976142e-03 4.77743195e-03 6.07762329e-03 -1.82834716e-05 -2.87768747e-05 1.25232400e-05
0.1463131        1.97090110e-03 4.41460050e-03 5.24417171e-03 1.98909050e-03 4.44322508e-03 5.23170798e-03 -1.81893970e-05 -2.86245804e-05 1.24637279e-05
0.1464017        1.91683075e-03 4.39145778e-03 5.37002948e-03 1.93493872e-03 4.41995090e-03 5.35762335e-03 -1.81079713e-05 -2.84931158e-05 1.24061233e-05
0.1464903        1.95543641e-03 4.52099678e-03 5.64910295e-03 1.97346447e-03 4.54936030e-03 5.63675132e-03 -1.80280545e-05 -2.83635205e-05 1.23516342e-05
0.1465786        1.90875293e-03 4.40967130e-03 5.46503291e-03 1.92670759e-03 4.43791668e-03 5.45273799e-03 -1.79546578e-05 -2.82453793e-05 1.22949183e-05
0.1466668        1.88197581e-03 4.34129891e-03 5.35599257e-03 1.89986141e-03 4.36943284e-03 5.34375154e-03 -1.78855954e-05 -2.81339231e-05 1.22410337e-05
0.1467548        1.89898915e-03 4.34657407e-03 5.26561517e-03 1.91680516e-03 4.37459673e-03 5.25343254e-03 -1.78160034e-05 -2.80226563e-05 1.21826359e-05
0.1468426        1.88582874e-03 4.29087400e-03 5.13113891e-03 1.90357775e-03 4.31879042e-03 5.11901704e-03 -1.77490144e-05 -2.79164106e-05 1.21218715e-05
0.1469303        1.79273059e-03 3.94159295e-03 4.32779730e-03 1.81040251e-03 3.96939155e-03 4.31575970e-03 -1.76719126e-05 -2.77985966e-05 1.20375949e-05
0.1470177        1.85363217e-03 4.15407791e-03 4.79118189e-03 1.87121738e-03 4.18173757e-03 4.77920756e-03 -1.75852056e-05 -2.76596599e-05 1.19743337e-05
0.1471049        1.91664632e-03 4.39738753e-03 5.36472400e-03 1.93414991e-03 4.42491281e-03 5.35279534e-03 -1.75035900e-05 -2.75252847e-05 1.19286628e-05
0.147192         1.93848429e-03 4.47053431e-03 5.57640974e-03 1.95590678e-03 4.49792664e-03 5.56452741e-03 -1.74224868e-05 -2.73923280e-05 1.18823293e-05
0.1472789        1.95646327e-03 4.53525877e-03 5.71074139e-03 1.97380385e-03 4.56251580e-03 5.69890185e-03 -1.73405835e-05 -2.72570328e-05 1.18395461e-05
0.1473656        1.95757123e-03 4.51508881e-03 5.61645884e-03 1.97482866e-03 4.54220910e-03 5.60466483e-03 -1.72574336e-05 -2.71202867e-05 1.17940052e-05
0.1474521        1.98154889e-03 4.34906360e-03 5.04037233e-03 1.99871194e-03 4.37603062e-03 5.02863084e-03 -1.71630496e-05 -2.69670126e-05 1.17414820e-05
0.1475384        1.95782886e-03 4.44641781e-03 5.41208946e-03 1.97490287e-03 4.47323810e-03 5.40039546e-03 -1.70740085e-05 -2.68202884e-05 1.16939996e-05
0.1476213        1.97715503e-03 4.53787915e-03 5.63684868e-03 1.99414571e-03 4.56456217e-03 5.62519687e-03 -1.69906807e-05 -2.66830121e-05 1.16518046e-05
0.1477045        1.95633369e-03 4.49729832e-03 5.58332426e-03 1.97324442e-03 4.52384914e-03 5.57171172e-03 -1.69107273e-05 -2.65508154e-05 1.16125393e-05
0.1477869        1.94667399e-03 4.47078454e-03 5.52846801e-03 1.96350584e-03 4.49720539e-03 5.51689588e-03 -1.68318519e-05 -2.64208509e-05 1.15721292e-05
0.1478686        1.91940820e-03 4.40807503e-03 5.45827298e-03 1.93616436e-03 4.43437088e-03 5.44673866e-03 -1.67561661e-05 -2.62958548e-05 1.15343180e-05
0.14795          1.96559937e-03 4.55609114e-03 5.73587387e-03 1.98227786e-03 4.58225796e-03 5.72437442e-03 -1.66784942e-05 -2.61668224e-05 1.14994543e-05
0.1480312        1.97231739e-03 4.58413532e-03 5.80325794e-03 1.98891856e-03 4.61017364e-03 5.79179263e-03 -1.66011751e-05 -2.60383139e-05 1.14653077e-05
0.1481123        1.99524724e-03 4.63651228e-03 5.87032797e-03 2.01176940e-03 4.66241912e-03 5.85889597e-03 -1.65221507e-05 -2.59068333e-05 1.14320044e-05
