t,Hx,Hz,fin_deg,ry_deg
0.0000000,0.0208671,-0.0169252,2.0045333,0.0000000
0.0006250,0.0208671,-0.0169252,2.0045322,-0.0000011
0.0012500,0.0208671,-0.0169252,2.0045245,-0.0000088
0.0018750,0.0208671,-0.0169252,2.0045033,-0.0000300
0.0025000,0.0208671,-0.0169252,2.0044620,-0.0000713
0.0031250,0.0208671,-0.0169252,2.0043930,-0.0001403
0.0037500,0.0208671,-0.0169253,2.0042898,-0.0002435
0.0043750,0.0208671,-0.0169253,2.0041440,-0.0003893
0.0050000,0.0208670,-0.0169254,2.0039494,-0.0005839
0.0056250,0.0208670,-0.0169255,2.0036963,-0.0008370
0.0062500,0.0208669,-0.0169256,2.0033794,-0.0011539
0.0068750,0.0208668,-0.0169258,2.0029872,-0.0015461
0.0075000,0.0208667,-0.0169260,2.0025156,-0.0020177
0.0081250,0.0208666,-0.0169264,2.0019510,-0.0025823
0.0087500,0.0208664,-0.0169267,2.0012908,-0.0032425
0.0093750,0.0208662,-0.0169272,2.0005193,-0.0040140
0.0100000,0.0208660,-0.0169278,1.9996355,-0.0048978
0.0106250,0.0208657,-0.0169285,1.9986213,-0.0059120
0.0112500,0.0208653,-0.0169293,1.9974777,-0.0070556
0.0118750,0.0208649,-0.0169302,1.9961841,-0.0083492
0.0125000,0.0208644,-0.0169313,1.9947435,-0.0097898
0.0131250,0.0208639,-0.0169326,1.9931331,-0.0114002
0.0137500,0.0208633,-0.0169339,1.9913579,-0.0131754
0.0143750,0.0208626,-0.0169355,1.9893931,-0.0151402
0.0150000,0.0208619,-0.0169373,1.9872452,-0.0172881
0.0156250,0.0208611,-0.0169392,1.9848883,-0.0196450
0.0162500,0.0208601,-0.0169414,1.9823301,-0.0222032
0.0168750,0.0208591,-0.0169438,1.9795441,-0.0249892
0.0175000,0.0208581,-0.0169464,1.9765387,-0.0279946
0.0181250,0.0208569,-0.0169492,1.9732875,-0.0312458
0.0187500,0.0208556,-0.0169523,1.9697992,-0.0347341
0.0193750,0.0208542,-0.0169556,1.9660489,-0.0384844
0.0200000,0.0208528,-0.0169592,1.9620439,-0.0424894
0.0206250,0.0208512,-0.0169630,1.9577627,-0.0467706
0.0212500,0.0208495,-0.0169670,1.9532099,-0.0513234
0.0218750,0.0208478,-0.0169714,1.9483693,-0.0561640
0.0225000,0.0208459,-0.0169760,1.9432409,-0.0612924
0.0231250,0.0208439,-0.0169809,1.9378162,-0.0667171
0.0237500,0.0208418,-0.0169861,1.9320887,-0.0724446
0.0243750,0.0208397,-0.0169915,1.9260599,-0.0784734
0.0250000,0.0208374,-0.0169972,1.9197145,-0.0848188
0.0256250,0.0208350,-0.0170032,1.9130672,-0.0914661
0.0262500,0.0208325,-0.0170095,1.9060908,-0.0984425
0.0268750,0.0208299,-0.0170161,1.8988167,-0.1057166
0.0275000,0.0208272,-0.0170230,1.8912031,-0.1133302
0.0281250,0.0208244,-0.0170302,1.8833011,-0.1212322
0.0287500,0.0208214,-0.0170376,1.8750511,-0.1294822
0.0293750,0.0208184,-0.0170454,1.8665280,-0.1380053
0.0300000,0.0208153,-0.0170535,1.8576506,-0.1468827
0.0306250,0.0208121,-0.0170618,1.8485218,-0.1560115
0.0312500,0.0208087,-0.0170705,1.8390349,-0.1654984
0.0318750,0.0208053,-0.0170795,1.8293253,-0.1752080
0.0325000,0.0208017,-0.0170888,1.8192565,-0.1852768
0.0331250,0.0207980,-0.0170984,1.8090009,-0.1955324
0.0337500,0.0207942,-0.0171083,1.7983879,-0.2061454
0.0343750,0.0207903,-0.0171186,1.7876317,-0.2169016
0.0350000,0.0207863,-0.0171292,1.7765232,-0.2280101
0.0356250,0.0207822,-0.0171401,1.7653229,-0.2392104
0.0362500,0.0207780,-0.0171514,1.7537790,-0.2507543
0.0368750,0.0207736,-0.0171630,1.7422027,-0.2623306
0.0375000,0.0207691,-0.0171750,1.7302949,-0.2742384
0.0381250,0.0207645,-0.0171873,1.7184228,-0.2861105
0.0387500,0.0207598,-0.0172001,1.7062349,-0.2982984
0.0393750,0.0207549,-0.0172132,1.6941589,-0.3103744
0.0400000,0.0207500,-0.0172266,1.6817870,-0.3227463
0.0406250,0.0207449,-0.0172405,1.6696114,-0.3349219
0.0412500,0.0207396,-0.0172548,1.6571636,-0.3473697
0.0418750,0.0207342,-0.0172696,1.6450048,-0.3595285
0.0425000,0.0207287,-0.0172847,1.6326017,-0.3719316
0.0431250,0.0207231,-0.0173003,1.6205881,-0.3839452
0.0437500,0.0207173,-0.0173163,1.6083621,-0.3961712
0.0443750,0.0207113,-0.0173328,1.5966336,-0.4078997
0.0450000,0.0207053,-0.0173497,1.5847290,-0.4198043
0.0456250,0.0206990,-0.0173672,1.5734366,-0.4310967
0.0462500,0.0206927,-0.0173851,1.5620086,-0.4425247
0.0468750,0.0206861,-0.0174035,1.5513142,-0.4532191
0.0475000,0.0206795,-0.0174223,1.5405286,-0.4640047
0.0481250,0.0206726,-0.0174417,1.5306036,-0.4739297
0.0487500,0.0206657,-0.0174616,1.5206360,-0.4838973
0.0493750,0.0206585,-0.0174820,1.5116608,-0.4928725
0.0500000,0.0206513,-0.0175029,1.5026954,-0.5018379
0.0506250,0.0206438,-0.0175243,1.4948582,-0.5096751
0.0512500,0.0206363,-0.0175462,1.4870871,-0.5174462
0.0518750,0.0206285,-0.0175687,1.4805827,-0.5239506
0.0525000,0.0206206,-0.0175917,1.4742043,-0.5303290
0.0531250,0.0206126,-0.0176152,1.4692331,-0.5353002
0.0537500,0.0206044,-0.0176393,1.4644509,-0.5400824
0.0543750,0.0205961,-0.0176639,1.4612169,-0.5433164
0.0550000,0.0205876,-0.0176890,1.4582383,-0.5462950
0.0556250,0.0205790,-0.0177146,1.4569479,-0.5475854
0.0562500,0.0205703,-0.0177407,1.4559821,-0.5485512
0.0568750,0.0205614,-0.0177674,1.4568425,-0.5476908
0.0575000,0.0205523,-0.0177946,1.4580991,-0.5464342
0.0581250,0.0205432,-0.0178223,1.4613165,-0.5432168
0.0587500,0.0205339,-0.0178506,1.4650037,-0.5395296
0.0593750,0.0205244,-0.0178793,1.4707812,-0.5337521
0.0600000,0.0205149,-0.0179086,1.4771040,-0.5274293
0.0606250,0.0205052,-0.0179383,1.4856402,-0.5188931
0.0612500,0.0204953,-0.0179686,1.4947985,-0.5097348
0.0618750,0.0204854,-0.0179994,1.5062852,-0.4982481
0.0625000,0.0204753,-0.0180307,1.5184716,-0.4860617
0.0631250,0.0204651,-0.0180625,1.5330919,-0.4714414
0.0637500,0.0204547,-0.0180949,1.5484901,-0.4560432
0.0643750,0.0204442,-0.0181277,1.5664168,-0.4381165
0.0650000,0.0204336,-0.0181611,1.5851995,-0.4193338
0.0656250,0.0204229,-0.0181950,1.6065927,-0.3979406
0.0662500,0.0204120,-0.0182295,1.6289194,-0.3756139
0.0668750,0.0204010,-0.0182645,1.6539248,-0.3506085
0.0675000,0.0203899,-0.0183001,1.6799404,-0.3245929
0.0681250,0.0203786,-0.0183363,1.7086876,-0.2958457
0.0687500,0.0203672,-0.0183731,1.7385201,-0.2660132
0.0693750,0.0203557,-0.0184105,1.7711205,-0.2334128
0.0700000,0.0203440,-0.0184485,1.8048792,-0.1996541
0.0706250,0.0203321,-0.0184873,1.8414246,-0.1631087
0.0712500,0.0203201,-0.0185266,1.8791988,-0.1253345
0.0718750,0.0203079,-0.0185668,1.9197596,-0.0847737
0.0725000,0.0202956,-0.0186076,1.9616167,-0.0429166
0.0731250,0.0202831,-0.0186494,2.0062404,0.0017071
0.0737500,0.0202704,-0.0186917,2.0522247,0.0476914
0.0743750,0.0202575,-0.0187352,2.1009349,0.0964016
0.0750000,0.0202445,-0.0187793,2.1510658,0.1465325
0.0756250,0.0202312,-0.0188246,2.2038607,0.1993274
0.0762500,0.0202178,-0.0188705,2.2581321,0.2535988
0.0768750,0.0202041,-0.0189178,2.3149838,0.3104505
0.0775000,0.0201903,-0.0189658,2.3733629,0.3688296
0.0781250,0.0201762,-0.0190153,2.4342163,0.4296830
0.0787500,0.0201619,-0.0190656,2.4966428,0.4921095
0.0793750,0.0201473,-0.0191174,2.5614152,0.5568819
0.0800000,0.0201326,-0.0191701,2.6278007,0.6232674
0.0806250,0.0201175,-0.0192245,2.6963814,0.6918481
0.0812500,0.0201023,-0.0192797,2.7666093,0.7620760
0.0818750,0.0200868,-0.0193369,2.8388593,0.8343260
0.0825000,0.0200710,-0.0193949,2.9127843,0.9082510
0.0831250,0.0200550,-0.0194550,2.9885365,0.9840032
0.0837500,0.0200388,-0.0195159,3.0659849,1.0614516
0.0843750,0.0200222,-0.0195791,3.1450442,1.1405109
0.0850000,0.0200055,-0.0196432,3.2258142,1.2212809
0.0856250,0.0199885,-0.0197096,3.3079581,1.3034248
0.0862500,0.0199712,-0.0197770,3.3918202,1.3872869
0.0868750,0.0199537,-0.0198468,3.4767996,1.4722663
0.0875000,0.0199360,-0.0199176,3.5634976,1.5589643
0.0881250,0.0199180,-0.0199908,3.6510375,1.6465042
0.0887500,0.0198998,-0.0200651,3.7402891,1.7357558
0.0893750,0.0198813,-0.0201420,3.8300901,1.8255568
0.0900000,0.0198627,-0.0202199,3.9215886,1.9170553
0.0906250,0.0198438,-0.0203004,4.0133281,2.0087948
0.0912500,0.0198248,-0.0203819,4.1067436,2.1022103
0.0918750,0.0198056,-0.0204661,4.2000773,2.1955440
0.0925000,0.0197861,-0.0205514,4.2950582,2.2905249
0.0931250,0.0197666,-0.0206392,4.3896220,2.3850887
0.0937500,0.0197468,-0.0207282,4.4857971,2.4812638
0.0943750,0.0197270,-0.0208196,4.5812092,2.5766759
0.0950000,0.0197070,-0.0209122,4.6781894,2.6736561
0.0956250,0.0196870,-0.0210073,4.7740521,2.7695188
0.0962500,0.0196668,-0.0211035,4.8714330,2.8668997
0.0968750,0.0196466,-0.0212020,4.9673353,2.9628020
0.0975000,0.0196262,-0.0213017,5.0646990,3.0601657
0.0981250,0.0196060,-0.0214036,5.1602188,3.1556855
0.0987500,0.0195855,-0.0215067,5.2571368,3.2526035
0.0993750,0.0195652,-0.0216118,5.3518436,3.3473103
0.1000000,0.0195447,-0.0217181,5.4478791,3.4433458
0.1006250,0.0195245,-0.0218262,5.5413363,3.5368030
0.1012500,0.0195040,-0.0219357,5.6360471,3.6315138
0.1018750,0.0194838,-0.0220467,5.7278150,3.7232817
0.1025000,0.0194635,-0.0221590,5.8207559,3.8162226
0.1031250,0.0194434,-0.0222727,5.9103944,3.9058611
0.1037500,0.0194232,-0.0223877,6.0011201,3.9965868
0.1043750,0.0194033,-0.0225039,6.0881913,4.0836580
0.1050000,0.0193832,-0.0226214,6.1762592,4.1717259
0.1056250,0.0193636,-0.0227399,6.2603302,4.2557969
0.1062500,0.0193437,-0.0228598,6.3453033,4.3407700
0.1068750,0.0193243,-0.0229804,6.4259490,4.4214157
0.1075000,0.0193048,-0.0231023,6.5073984,4.5028651
0.1081250,0.0192856,-0.0232249,6.5842041,4.5796708
0.1087500,0.0192664,-0.0233488,6.6617119,4.6571786
0.1093750,0.0192475,-0.0234733,6.7342760,4.7297427
0.1100000,0.0192286,-0.0235989,6.8074379,4.8029046
0.1106250,0.0192101,-0.0237250,6.8753743,4.8708410
0.1112500,0.0191915,-0.0238524,6.9438021,4.9392688
0.1118750,0.0191733,-0.0239800,7.0067428,5.0022095
0.1125000,0.0191550,-0.0241089,7.0700667,5.0655334
0.1131250,0.0191372,-0.0242380,7.1276640,5.1231307
0.1137500,0.0191193,-0.0243683,7.1855351,5.1810018
0.1143750,0.0191018,-0.0244989,7.2374635,5.2329302
0.1150000,0.0190842,-0.0246307,7.2895559,5.2850226
0.1156250,0.0190671,-0.0247626,7.3355145,5.3309812
0.1162500,0.0190499,-0.0248958,7.3815270,5.3769937
0.1168750,0.0190332,-0.0250291,7.4212408,5.4167075
0.1175000,0.0190164,-0.0251637,7.4608990,5.4563657
0.1181250,0.0190000,-0.0252986,7.4941208,5.4895875
0.1187500,0.0189836,-0.0254346,7.5271784,5.5226451
0.1193750,0.0189676,-0.0255709,7.5536901,5.5491568
0.1200000,0.0189515,-0.0257084,7.5799304,5.5753971
0.1206250,0.0189359,-0.0258465,7.5995439,5.5950106
0.1212500,0.0189203,-0.0259856,7.6187808,5.6142475
0.1218750,0.0189051,-0.0261254,7.6313392,5.6268059
0.1225000,0.0188899,-0.0262663,7.6434180,5.6388847
0.1231250,0.0188751,-0.0264080,7.6487960,5.6442627
0.1237500,0.0188603,-0.0265507,7.6535944,5.6490611
0.1243750,0.0188459,-0.0266944,7.6516989,5.6471656
0.1250000,0.0188316,-0.0268392,7.6491269,5.6445936
0.1256250,0.0188177,-0.0269851,7.6398971,5.6353638
0.1262500,0.0188038,-0.0271321,7.6298975,5.6253642
0.1268750,0.0187904,-0.0272804,7.6133047,5.6087714
0.1275000,0.0187770,-0.0274297,7.5958528,5.5913195
0.1281250,0.0187642,-0.0275805,7.5719004,5.5673671
0.1287500,0.0187514,-0.0277323,7.5470038,5.5424705
0.1293750,0.0187390,-0.0278858,7.5157263,5.5111930
0.1300000,0.0187268,-0.0280403,7.4834242,5.4788909
0.1306250,0.0187151,-0.0281966,7.4448868,5.4403535
0.1312500,0.0187034,-0.0283538,7.4052491,5.4007158
0.1318750,0.0186923,-0.0285130,7.3595467,5.3550134
0.1325000,0.0186813,-0.0286731,7.3126733,5.3081400
0.1331250,0.0186709,-0.0288353,7.2599290,5.2553957
0.1337500,0.0186606,-0.0289984,7.2059482,5.2014149
0.1343750,0.0186510,-0.0291635,7.1463122,5.1417789
0.1350000,0.0186414,-0.0293297,7.0853795,5.0808462
0.1356250,0.0186326,-0.0294979,7.0190273,5.0144940
0.1362500,0.0186239,-0.0296671,6.9513237,4.9467904
0.1368750,0.0186158,-0.0298383,6.8784547,4.8739214
0.1375000,0.0186079,-0.0300105,6.8041850,4.7996517
0.1381250,0.0186007,-0.0301846,6.7250203,4.7204870
0.1387500,0.0185937,-0.0303598,6.6444111,4.6398778
0.1393750,0.0185874,-0.0305368,6.5591918,4.5546585
0.1400000,0.0185812,-0.0307149,6.4724896,4.4679563
0.1406250,0.0185759,-0.0308946,6.3814743,4.3769410
0.1412500,0.0185707,-0.0310753,6.2889434,4.2844101
0.1418750,0.0185663,-0.0312576,6.1924065,4.1878732
0.1425000,0.0185621,-0.0314409,6.0943267,4.0897934
0.1431250,0.0185587,-0.0316255,5.9925561,3.9880228
0.1437500,0.0185554,-0.0318111,5.8892204,3.8846871
0.1443750,0.0185530,-0.0319977,5.7825149,3.7779816
0.1450000,0.0185507,-0.0321854,5.6742275,3.6696942
0.1456250,0.0185492,-0.0323739,5.5628949,3.5583616
0.1462500,0.0185480,-0.0325635,5.4499687,3.4454354
0.1468750,0.0185474,-0.0327535,5.3343235,3.3297902
0.1475000,0.0185471,-0.0329444,5.2170777,3.2125444
0.1481250,0.0185475,-0.0331357,5.0974387,3.0929054
0.1487500,0.0185482,-0.0333278,4.9761970,2.9716637
0.1493750,0.0185495,-0.0335199,4.8528854,2.8483521
0.1500000,0.0185510,-0.0337129,4.7279733,2.7234400
0.1506250,0.0185532,-0.0339055,4.6013103,2.5967770
0.1512500,0.0185556,-0.0340990,4.4730534,2.4685201
0.1518750,0.0185586,-0.0342918,4.3433587,2.3388254
0.1525000,0.0185618,-0.0344854,4.2120806,2.2075473
0.1531250,0.0185656,-0.0346781,4.0796698,2.0751365
0.1537500,0.0185696,-0.0348715,3.9456900,1.9411567
0.1543750,0.0185740,-0.0350636,3.8108737,1.8063404
0.1550000,0.0185787,-0.0352566,3.6745060,1.6699727
0.1556250,0.0185837,-0.0354479,3.5375875,1.5330542
0.1562500,0.0185890,-0.0356399,3.3991387,1.3946054
0.1568750,0.0185946,-0.0358302,3.2604128,1.2558795
0.1575000,0.0186004,-0.0360211,3.1201807,1.1156474
0.1581250,0.0186065,-0.0362099,2.9799327,0.9753994
0.1587500,0.0186127,-0.0363993,2.8382051,0.8336718
0.1593750,0.0186192,-0.0365864,2.6967092,0.6921759
0.1600000,0.0186258,-0.0367742,2.5537629,0.5492296
0.1606250,0.0186326,-0.0369594,2.4112817,0.4067484
0.1612500,0.0186396,-0.0371453,2.2673815,0.2628482
0.1618750,0.0186467,-0.0373284,2.1241651,0.1196318
0.1625000,0.0186539,-0.0375121,1.9795628,-0.0249705
0.1631250,0.0186611,-0.0376930,1.8358483,-0.1686850
0.1637500,0.0186685,-0.0378744,1.6907830,-0.3137503
0.1643750,0.0186758,-0.0380530,1.5467941,-0.4577392
0.1650000,0.0186834,-0.0382319,1.4014908,-0.6030425
0.1656250,0.0186908,-0.0384080,1.2574379,-0.7470954
0.1662500,0.0186984,-0.0385844,1.1121083,-0.8924250
0.1668750,0.0187058,-0.0387580,0.9681883,-1.0363450
0.1675000,0.0187135,-0.0389318,0.8230303,-1.1815030
0.1681250,0.0187209,-0.0391028,0.6794269,-1.3251064
0.1687500,0.0187285,-0.0392741,0.5346251,-1.4699082
0.1693750,0.0187359,-0.0394425,0.3915094,-1.6130239
0.1700000,0.0187435,-0.0396112,0.2472354,-1.7572979
0.1706250,0.0187509,-0.0397771,0.1047662,-1.8997671
0.1712500,0.0187584,-0.0399433,-0.0388206,-2.0433539
0.1718750,0.0187658,-0.0401067,-0.1804960,-2.1850293
0.1725000,0.0187733,-0.0402704,-0.3232478,-2.3277811
0.1731250,0.0187806,-0.0404315,-0.4639924,-2.4685257
0.1737500,0.0187882,-0.0405927,-0.6057723,-2.6103056
0.1743750,0.0187954,-0.0407516,-0.7454589,-2.7499922
0.1750000,0.0188028,-0.0409105,-0.8861393,-2.8906726
0.1756250,0.0188101,-0.0410673,-1.0246491,-3.0291824
0.1762500,0.0188176,-0.0412241,-1.1641115,-3.1686448
0.1768750,0.0188249,-0.0413789,-1.3013329,-3.3058662
0.1775000,0.0188323,-0.0415337,-1.4394656,-3.4439989
0.1781250,0.0188397,-0.0416867,-1.5752931,-3.5798264
0.1787500,0.0188473,-0.0418396,-1.7119907,-3.7165240
0.1793750,0.0188548,-0.0419910,-1.8463232,-3.8508565
0.1800000,0.0188624,-0.0421423,-1.9814851,-3.9860184
0.1806250,0.0188700,-0.0422922,-2.1142251,-4.1187584
0.1812500,0.0188777,-0.0424419,-2.2477539,-4.2522872
0.1818750,0.0188856,-0.0425905,-2.3788056,-4.3833389
0.1825000,0.0188936,-0.0427389,-2.5106058,-4.5151391
0.1831250,0.0189016,-0.0428864,-2.6398741,-4.6444074
0.1837500,0.0189098,-0.0430337,-2.7698509,-4.7743842
0.1843750,0.0189181,-0.0431801,-2.8972397,-4.9017730
0.1850000,0.0189266,-0.0433263,-3.0252975,-5.0298308
0.1856250,0.0189353,-0.0434720,-3.1507088,-5.1552421
0.1862500,0.0189441,-0.0436174,-3.2767497,-5.2812830
0.1868750,0.0189532,-0.0437623,-3.4000821,-5.4046154
0.1875000,0.0189624,-0.0439070,-3.5240052,-5.5285385
0.1881250,0.0189719,-0.0440513,-3.6451527,-5.6496860
0.1887500,0.0189816,-0.0441954,-3.7668523,-5.7713856
0.1893750,0.0189915,-0.0443392,-3.8857035,-5.8902368
0.1900000,0.0190017,-0.0444828,-4.0050684,-6.0096017
0.1906250,0.0190121,-0.0446263,-4.1215054,-6.1260387
0.1912500,0.0190227,-0.0447695,-4.2384180,-6.2429513
0.1918750,0.0190338,-0.0449126,-4.3523155,-6.3568488
0.1925000,0.0190449,-0.0450554,-4.4666509,-6.4711842
0.1931250,0.0190565,-0.0451981,-4.5778757,-6.5824090
0.1937500,0.0190682,-0.0453406,-4.6895009,-6.6940342
0.1943750,0.0190804,-0.0454831,-4.7979114,-6.8024447
0.1950000,0.0190927,-0.0456252,-4.9066849,-6.9112182
0.1956250,0.0191054,-0.0457675,-5.0121305,-7.0166638
0.1962500,0.0191184,-0.0459093,-5.1179022,-7.1224355
0.1968750,0.0191317,-0.0460512,-5.2202233,-7.2247566
0.1975000,0.0191453,-0.0461927,-5.3228338,-7.3273671
0.1981250,0.0191592,-0.0463342,-5.4218621,-7.4263954
0.1987500,0.0191734,-0.0464753,-5.5211430,-7.5256763
0.1993750,0.0191880,-0.0466164,-5.6167010,-7.6212343
0.2000000,0.0192027,-0.0467571,-5.7124753,-7.7170086
0.2006250,0.0192179,-0.0468976,-5.8043771,-7.8089104
0.2012500,0.0192332,-0.0470377,-5.8964591,-7.9009924
0.2018750,0.0192490,-0.0471777,-5.9845109,-7.9890442
0.2025000,0.0192650,-0.0473172,-6.0727071,-8.0772404
0.2031250,0.0192813,-0.0474565,-6.1567077,-8.1612410
0.2037500,0.0192978,-0.0475953,-6.2408174,-8.2453507
0.2043750,0.0193147,-0.0477337,-6.3205594,-8.3250927
0.2050000,0.0193317,-0.0478717,-6.4003753,-8.4049086
0.2056250,0.0193492,-0.0480092,-6.4756459,-8.4801792
0.2062500,0.0193668,-0.0481462,-6.5509557,-8.5554890
0.2068750,0.0193848,-0.0482828,-6.6215379,-8.6260712
0.2075000,0.0194028,-0.0484188,-6.6921251,-8.6966584
0.2081250,0.0194213,-0.0485541,-6.7577993,-8.7623326
0.2087500,0.0194399,-0.0486890,-6.8234446,-8.8279779
0.2093750,0.0194587,-0.0488232,-6.8839897,-8.8885230
0.2100000,0.0194777,-0.0489568,-6.9444727,-8.9490060
0.2106250,0.0194971,-0.0490896,-6.9996678,-9.0042011
0.2112500,0.0195166,-0.0492218,-7.0547684,-9.0593017
0.2118750,0.0195364,-0.0493533,-7.1043947,-9.1089280
0.2125000,0.0195563,-0.0494841,-7.1538947,-9.1584280
0.2131250,0.0195765,-0.0496141,-7.1977369,-9.2022702
0.2137500,0.0195968,-0.0497435,-7.2414222,-9.2459555
0.2143750,0.0196175,-0.0498720,-7.2792708,-9.2838041
0.2150000,0.0196382,-0.0499997,-7.3169325,-9.3214658
0.2156250,0.0196592,-0.0501267,-7.3485853,-9.3531186
0.2162500,0.0196803,-0.0502529,-7.3800225,-9.3845558
0.2168750,0.0197018,-0.0503782,-7.4052866,-9.4098199
0.2175000,0.0197233,-0.0505028,-7.4303077,-9.4348410
0.2181250,0.0197452,-0.0506265,-7.4490015,-9.4535348
0.2187500,0.0197672,-0.0507495,-7.4674261,-9.4719594
0.2193750,0.0197895,-0.0508716,-7.4793813,-9.4839146
0.2200000,0.0198119,-0.0509929,-7.4910425,-9.4955758
0.2206250,0.0198346,-0.0511133,-7.4961056,-9.5006389
0.2212500,0.0198574,-0.0512330,-7.5008515,-9.5053848
0.2218750,0.0198806,-0.0513519,-7.4988860,-9.5034193
0.2225000,0.0199039,-0.0514699,-7.4965819,-9.5011152
0.2231250,0.0199275,-0.0515872,-7.4874700,-9.4920033
0.2237500,0.0199513,-0.0517037,-7.4779997,-9.4825330
0.2243750,0.0199754,-0.0518194,-7.4616435,-9.4661768
0.2250000,0.0199997,-0.0519342,-7.4449113,-9.4494446
0.2256250,0.0200243,-0.0520483,-7.4212351,-9.4257684
0.2262500,0.0200491,-0.0521614,-7.3971672,-9.4017005
0.2268750,0.0200743,-0.0522739,-7.3661184,-9.3706517
0.2275000,0.0200995,-0.0523855,-7.3346643,-9.3391976
0.2281250,0.0201252,-0.0524963,-7.2962147,-9.3007480
0.2287500,0.0201509,-0.0526061,-7.2573486,-9.2618819
0.2293750,0.0201771,-0.0527152,-7.2114960,-9.2160293
0.2300000,0.0202034,-0.0528232,-7.1652177,-9.1697510
0.2306250,0.0202301,-0.0529305,-7.1119861,-9.1165194
0.2312500,0.0202568,-0.0530368,-7.0583223,-9.0628556
0.2318750,0.0202839,-0.0531420,-6.9977634,-9.0022967
0.2325000,0.0203111,-0.0532463,-6.9367680,-8.9413013
0.2331250,0.0203385,-0.0533494,-6.8689614,-8.8734947
0.2337500,0.0203661,-0.0534515,-6.8007167,-8.8052500
0.2343750,0.0203939,-0.0535522,-6.7257703,-8.7303036
0.2350000,0.0204218,-0.0536519,-6.6503868,-8.6549201
0.2356250,0.0204498,-0.0537502,-6.5684373,-8.5729706
0.2362500,0.0204778,-0.0538473,-6.4860541,-8.4905874
0.2368750,0.0205060,-0.0539426,-6.3972668,-8.4018001
0.2375000,0.0205341,-0.0540368,-6.3080517,-8.3125850
0.2381250,0.0205622,-0.0541288,-6.2126201,-8.2171534
0.2387500,0.0205903,-0.0542197,-6.1167695,-8.1213028
0.2393750,0.0206182,-0.0543082,-6.0149153,-8.0194486
0.2400000,0.0206461,-0.0543955,-5.9126532,-7.9171865
0.2406250,0.0206736,-0.0544800,-5.8046255,-7.8091588
0.2412500,0.0207012,-0.0545632,-5.6962036,-7.7007369
0.2418750,0.0207281,-0.0546433,-5.5822781,-7.5868114
0.2425000,0.0207551,-0.0547220,-5.4679744,-7.4725077
0.2431250,0.0207812,-0.0547971,-5.3484523,-7.3529856
0.2437500,0.0208074,-0.0548708,-5.2285704,-7.2331037
0.2443750,0.0208326,-0.0549404,-5.1037776,-7.1083109
0.2450000,0.0208577,-0.0550087,-4.9786456,-6.9831789
0.2456250,0.0208815,-0.0550723,-4.8489307,-6.8534640
0.2462500,0.0209054,-0.0551346,-4.7188997,-6.7234330
0.2468750,0.0209277,-0.0551918,-4.5846333,-6.5891666
0.2475000,0.0209500,-0.0552476,-4.4500757,-6.4546090
0.2481250,0.0209705,-0.0552978,-4.3116482,-6.3161815
0.2487500,0.0209911,-0.0553465,-4.1729564,-6.1774897
0.2493750,0.0210096,-0.0553892,-4.0307766,-6.0353099
0.2500000,0.0210281,-0.0554304,-3.8883609,-5.8928942
0.2506250,0.0210444,-0.0554658,-3.7429616,-5.7474949
0.2512500,0.0210607,-0.0555013,-3.5975623,-5.6020956
0.2518750,0.0210745,-0.0555312,-3.4496703,-5.4542036
0.2525000,0.0210883,-0.0555611,-3.3017784,-5.3063117
0.2531250,0.0210994,-0.0555852,-3.1517812,-5.1563144
0.2537500,0.0211105,-0.0556093,-3.0017839,-5.0063172
0.2543750,0.0211189,-0.0556273,-2.8500763,-4.8546096
0.2550000,0.0211272,-0.0556452,-2.6983688,-4.7029021
0.2556250,0.0211325,-0.0556567,-2.5453520,-4.5498853
0.2562500,0.0211378,-0.0556682,-2.3923352,-4.3968685
0.2568750,0.0211401,-0.0556731,-2.2384148,-4.2429481
0.2575000,0.0211424,-0.0556779,-2.0844945,-4.0890278
0.2581250,0.0211415,-0.0556761,-1.9300792,-3.9346124
0.2587500,0.0211406,-0.0556742,-1.7756638,-3.7801971
0.2593750,0.0211366,-0.0556655,-1.6211633,-3.6256966
0.2600000,0.0211326,-0.0556568,-1.4666628,-3.4711961
0.2606250,0.0211254,-0.0556413,-1.3124868,-3.3170201
0.2612500,0.0211182,-0.0556258,-1.1583109,-3.1628442
0.2618750,0.0211079,-0.0556036,-1.0048676,-3.0094009
0.2625000,0.0210976,-0.0555813,-0.8514244,-2.8559577
0.2631250,0.0210843,-0.0555525,-0.6991187,-2.7036520
0.2637500,0.0210710,-0.0555237,-0.5468131,-2.5513464
0.2643750,0.0210549,-0.0554885,-0.3960455,-2.4005788
0.2650000,0.0210387,-0.0554534,-0.2452779,-2.2498112
0.2656250,0.0210199,-0.0554122,-0.0964430,-2.1009763
0.2662500,0.0210010,-0.0553710,0.0523918,-1.9521415
0.2668750,0.0209797,-0.0553242,0.1989063,-1.8056270
0.2675000,0.0209583,-0.0552773,0.3454208,-1.6591125
0.2681250,0.0209347,-0.0552251,0.4892353,-1.5152980
0.2687500,0.0209111,-0.0551729,0.6330498,-1.3714835
0.2693750,0.0208855,-0.0551159,0.7737941,-1.2307392
0.2700000,0.0208599,-0.0550589,0.9145383,-1.0899950
0.2706250,0.0208326,-0.0549976,1.0518520,-0.9526813
0.2712500,0.0208053,-0.0549363,1.1891657,-0.8153676
0.2718750,0.0207765,-0.0548712,1.3226995,-0.6818338
0.2725000,0.0207477,-0.0548061,1.4562333,-0.5483000
0.2731250,0.0207177,-0.0547377,1.5856497,-0.4188836
0.2737500,0.0206877,-0.0546693,1.7150660,-0.2894673
0.2743750,0.0206569,-0.0545983,1.8400395,-0.1644938
0.2750000,0.0206260,-0.0545272,1.9650130,-0.0395203
0.2756250,0.0205945,-0.0544540,2.0852312,0.0806979
0.2762500,0.0205629,-0.0543808,2.2054494,0.2009161
0.2768750,0.0205310,-0.0543060,2.3206130,0.3160797
0.2775000,0.0204991,-0.0542311,2.4357767,0.4312434
0.2781250,0.0204670,-0.0541551,2.5456000,0.5410667
0.2787500,0.0204349,-0.0540792,2.6554233,0.6508900
0.2793750,0.0204029,-0.0540026,2.7596344,0.7551011
0.2800000,0.0203708,-0.0539260,2.8638456,0.8593123
0.2806250,0.0203390,-0.0538491,2.9621865,0.9576532
0.2812500,0.0203072,-0.0537723,3.0605274,1.0559941
0.2818750,0.0202758,-0.0536956,3.1527540,1.1482207
0.2825000,0.0202444,-0.0536190,3.2449805,1.2404472
0.2831250,0.0202135,-0.0535428,3.3308626,1.3263293
0.2837500,0.0201825,-0.0534665,3.4167446,1.4122113
0.2843750,0.0201522,-0.0533909,3.4960658,1.4915325
0.2850000,0.0201218,-0.0533154,3.5753870,1.5708537
0.2856250,0.0200921,-0.0532407,3.6479445,1.6434112
0.2862500,0.0200624,-0.0531660,3.7205020,1.7159687
0.2868750,0.0200334,-0.0530923,3.7861066,1.7815733
0.2875000,0.0200044,-0.0530187,3.8517111,1.8471778
0.2881250,0.0199761,-0.0529461,3.9101863,1.9056530
0.2887500,0.0199478,-0.0528735,3.9686615,1.9641282
0.2893750,0.0199202,-0.0528019,4.0198440,2.0153107
0.2900000,0.0198925,-0.0527303,4.0710266,2.0664933
0.2906250,0.0198656,-0.0526597,4.1147656,2.1102323
0.2912500,0.0198386,-0.0525892,4.1585045,2.1539712
0.2918750,0.0198122,-0.0525195,4.1946610,2.1901277
0.2925000,0.0197858,-0.0524498,4.2308174,2.2262841
0.2931250,0.0197600,-0.0523808,4.2592644,2.2547311
0.2937500,0.0197341,-0.0523118,4.2877114,2.2831781
0.2943750,0.0197087,-0.0522434,4.3083333,2.3038000
0.2950000,0.0196833,-0.0521750,4.3289553,2.3244220
0.2956250,0.0196583,-0.0521069,4.3416479,2.3371146
0.2962500,0.0196332,-0.0520389,4.3543405,2.3498072
0.2968750,0.0196085,-0.0519711,4.3590101,2.3544768
0.2975000,0.0195838,-0.0519032,4.3636796,2.3591463
0.2981250,0.0195593,-0.0518352,4.3602431,2.3557098
0.2987500,0.0195348,-0.0517673,4.3568066,2.3522733
0.2993750,0.0195105,-0.0516991,4.3451916,2.3406583
0.3000000,0.0194861,-0.0516310,4.3335765,2.3290432
0.3006250,0.0194618,-0.0515624,4.3137203,2.3091870
0.3012500,0.0194375,-0.0514938,4.2938642,2.2893309
0.3018750,0.0194133,-0.0514247,4.2657147,2.2611814
0.3025000,0.0193891,-0.0513555,4.2375652,2.2330319
0.3031250,0.0193649,-0.0512857,4.2010801,2.1965468
0.3037500,0.0193406,-0.0512158,4.1645950,2.1600617
0.3043750,0.0193164,-0.0511452,4.1197422,2.1152089
0.3050000,0.0192922,-0.0510745,4.0748895,2.0703562
0.3056250,0.0192679,-0.0510030,4.0216472,2.0171139
0.3062500,0.0192436,-0.0509316,3.9684048,1.9638715
0.3068750,0.0192194,-0.0508593,3.9067615,1.9022282
0.3075000,0.0191951,-0.0507871,3.8451181,1.8405848
0.3081250,0.0191709,-0.0507140,3.7750730,1.7705397
0.3087500,0.0191466,-0.0506410,3.7050278,1.7004945
0.3093750,0.0191224,-0.0505673,3.6265912,1.6220579
0.3100000,0.0190981,-0.0504936,3.5481545,1.5436212
0.3106250,0.0190740,-0.0504194,3.4613482,1.4568149
0.3112500,0.0190498,-0.0503451,3.3745418,1.3700085
0.3118750,0.0190259,-0.0502704,3.2793995,1.2748663
0.3125000,0.0190019,-0.0501957,3.1842573,1.1797240
0.3131250,0.0189781,-0.0501207,3.0808255,1.0762922
0.3137500,0.0189543,-0.0500458,2.9773937,0.9728604
0.3143750,0.0189308,-0.0499707,2.8657320,0.8611987
0.3150000,0.0189072,-0.0498957,2.7540703,0.7495370
0.3156250,0.0188840,-0.0498208,2.6342522,0.6297189
0.3162500,0.0188607,-0.0497459,2.5144340,0.5099007
0.3168750,0.0188378,-0.0496713,2.3865478,0.3820145
0.3175000,0.0188149,-0.0495966,2.2586617,0.2541284
0.3181250,0.0187925,-0.0495224,2.1228113,0.1182780
0.3187500,0.0187700,-0.0494482,1.9869608,-0.0175725
0.3193750,0.0187480,-0.0493746,1.8432664,-0.1612669
0.3200000,0.0187259,-0.0493009,1.6995720,-0.3049613
0.3206250,0.0187044,-0.0492279,1.5481712,-0.4563621
0.3212500,0.0186828,-0.0491549,1.3967704,-0.6077629
0.3218750,0.0186617,-0.0490826,1.2378189,-0.7667144
0.3225000,0.0186405,-0.0490102,1.0788675,-0.9256658
0.3231250,0.0186199,-0.0489386,0.9125403,-1.0919930
0.3237500,0.0185992,-0.0488670,0.7462131,-1.2583202
0.3243750,0.0185790,-0.0487959,0.5727050,-1.4318283
0.3250000,0.0185587,-0.0487249,0.3991970,-1.6053363
0.3256250,0.0185388,-0.0486543,0.2187239,-1.7858094
0.3262500,0.0185189,-0.0485837,0.0382508,-1.9662825
0.3268750,0.0184993,-0.0485134,-0.1489499,-2.1534832
0.3275000,0.0184797,-0.0484431,-0.3361506,-2.3406839
0.3281250,0.0184604,-0.0483727,-0.5298188,-2.5343520
0.3287500,0.0184410,-0.0483024,-0.7234869,-2.7280202
0.3293750,0.0184218,-0.0482317,-0.9233393,-2.9278726
0.3300000,0.0184026,-0.0481610,-1.1231917,-3.1277250
0.3306250,0.0183835,-0.0480895,-1.3289211,-3.3334544
0.3312500,0.0183643,-0.0480181,-1.5346506,-3.5391839
0.3318750,0.0183451,-0.0479455,-1.7459255,-3.7504588
0.3325000,0.0183258,-0.0478728,-1.9572003,-3.9617336
0.3331250,0.0183064,-0.0477985,-2.1736641,-4.1781974
0.3337500,0.0182870,-0.0477242,-2.3901279,-4.3946612
0.3343750,0.0182673,-0.0476478,-2.6113989,-4.6159322
0.3350000,0.0182475,-0.0475713,-2.8326698,-4.8372031
0.3356250,0.0182274,-0.0474920,-3.0583408,-5.0628741
0.3362500,0.0182073,-0.0474128,-3.2840118,-5.2885451
0.3368750,0.0181867,-0.0473304,-3.5136503,-5.5181836
0.3375000,0.0181660,-0.0472479,-3.7432888,-5.7478221
0.3381250,0.0181448,-0.0471616,-3.9764369,-5.9809702
0.3387500,0.0181235,-0.0470754,-4.2095849,-6.2141182
0.3393750,0.0181016,-0.0469849,-4.4457595,-6.4502928
0.3400000,0.0180797,-0.0468944,-4.6819341,-6.6864674
0.3406250,0.0180570,-0.0467991,-4.9206277,-6.9251610
0.3412500,0.0180343,-0.0467038,-5.1593212,-7.1638545
0.3418750,0.0180109,-0.0466034,-5.4000022,-7.4045355
0.3425000,0.0179875,-0.0465030,-5.6406832,-7.6452165
0.3431250,0.0179633,-0.0463970,-5.8827969,-7.8873302
0.3437500,0.0179390,-0.0462911,-6.1249106,-8.1294439
0.3443750,0.0179141,-0.0461794,-6.3678801,-8.3724134
0.3450000,0.0178891,-0.0460677,-6.6108497,-8.6153830
0.3456250,0.0178634,-0.0459500,-6.8540774,-8.8586107
0.3462500,0.0178377,-0.0458324,-7.0973050,-9.1018383
0.3468750,0.0178114,-0.0457087,-7.3401736,-9.3447069
0.3475000,0.0177851,-0.0455850,-7.5830422,-9.5875755
0.3481250,0.0177583,-0.0454553,-7.8249165,-9.8294498
0.3487500,0.0177314,-0.0453256,-8.0667908,-10.0713241
0.3493750,0.0177042,-0.0451899,-8.3070198,-10.3115531
0.3500000,0.0176769,-0.0450543,-8.5472487,-10.5517820
0.3506250,0.0176494,-0.0449129,-8.7851670,-10.7897003
0.3512500,0.0176219,-0.0447716,-9.0230852,-11.0276185
0.3518750,0.0175943,-0.0446249,-9.2580156,-11.2625489
0.3525000,0.0175667,-0.0444782,-9.4929460,-11.4974793
0.3531250,0.0175392,-0.0443264,-9.7242020,-11.7287353
0.3537500,0.0175117,-0.0441747,-9.9554579,-11.9599912
0.3543750,0.0174845,-0.0440185,-10.1823457,-12.1868790
0.3550000,0.0174572,-0.0438622,-10.4092335,-12.4137668
0.3556250,0.0174304,-0.0437020,-10.6310552,-12.6355885
0.3562500,0.0174035,-0.0435418,-10.8528769,-12.8574102
0.3568750,0.0173773,-0.0433782,-11.0689331,-13.0734664
0.3575000,0.0173511,-0.0432146,-11.2849892,-13.2895225
0.3581250,0.0173257,-0.0430483,-11.4945820,-13.4991153
0.3587500,0.0173003,-0.0428820,-11.7041748,-13.7087081
0.3593750,0.0172759,-0.0427137,-11.9066108,-13.9111441
0.3600000,0.0172514,-0.0425453,-12.1090468,-14.1135801
0.3606250,0.0172280,-0.0423755,-12.3036406,-14.3081739
0.3612500,0.0172045,-0.0422058,-12.4982343,-14.5027676
0.3618750,0.0171823,-0.0420353,-12.6843111,-14.6888444
0.3625000,0.0171601,-0.0418649,-12.8703879,-14.8749212
0.3631250,0.0171391,-0.0416944,-13.0472876,-15.0518209
0.3637500,0.0171181,-0.0415239,-13.2241873,-15.2287206
0.3643750,0.0170985,-0.0413539,-13.3912673,-15.3958006
0.3650000,0.0170789,-0.0411839,-13.5583474,-15.5628807
0.3656250,0.0170606,-0.0410149,-13.7149862,-15.7195195
0.3662500,0.0170423,-0.0408460,-13.8716249,-15.8761582
0.3668750,0.0170255,-0.0406785,-14.0172252,-16.0217585
0.3675000,0.0170086,-0.0405110,-14.1628255,-16.1673588
0.3681250,0.0169931,-0.0403454,-14.2968178,-16.3013511
0.3687500,0.0169776,-0.0401798,-14.4308102,-16.4353435
0.3693750,0.0169635,-0.0400163,-14.5526561,-16.5571894
0.3700000,0.0169493,-0.0398528,-14.6745020,-16.6790353
0.3706250,0.0169366,-0.0396917,-14.7836970,-16.7882303
0.3712500,0.0169238,-0.0395305,-14.8928920,-16.8974253
0.3718750,0.0169123,-0.0393716,-14.9889689,-16.9935022
0.3725000,0.0169007,-0.0392128,-15.0850459,-17.0895792
0.3731250,0.0168905,-0.0390563,-15.1675777,-17.1721110
0.3737500,0.0168802,-0.0388997,-15.2501095,-17.2546428
0.3743750,0.0168711,-0.0387454,-15.3187121,-17.3232454
0.3750000,0.0168620,-0.0385911,-15.3873147,-17.3918480
0.3756250,0.0168540,-0.0384387,-15.4416497,-17.4461830
0.3762500,0.0168460,-0.0382863,-15.4959846,-17.5005179
0.3768750,0.0168391,-0.0381355,-15.5357614,-17.5402947
0.3775000,0.0168322,-0.0379848,-15.5755382,-17.5800715
0.3781250,0.0168264,-0.0378353,-15.6005165,-17.6050498
0.3787500,0.0168205,-0.0376857,-15.6254949,-17.6300282
0.3793750,0.0168156,-0.0375370,-15.6354868,-17.6400201
0.3800000,0.0168107,-0.0373883,-15.6454788,-17.6500121
0.3806250,0.0168068,-0.0372399,-15.6403502,-17.6448835
0.3812500,0.0168028,-0.0370915,-15.6352215,-17.6397548
0.3818750,0.0167998,-0.0369429,-15.6148936,-17.6194269
0.3825000,0.0167968,-0.0367943,-15.5945658,-17.5990991
0.3831250,0.0167947,-0.0366450,-15.5590164,-17.5635497
0.3837500,0.0167926,-0.0364957,-15.5234671,-17.5280004
0.3843750,0.0167915,-0.0363452,-15.4727315,-17.4772648
0.3850000,0.0167904,-0.0361948,-15.4219960,-17.4265293
0.3856250,0.0167903,-0.0360427,-15.3561674,-17.3607007
0.3862500,0.0167901,-0.0358906,-15.2903389,-17.2948722
0.3868750,0.0167910,-0.0357364,-15.2095687,-17.2141020
0.3875000,0.0167919,-0.0355822,-15.1287986,-17.1333319
0.3881250,0.0167938,-0.0354257,-15.0332964,-17.0378297
0.3887500,0.0167957,-0.0352691,-14.9377942,-16.9423275
0.3893750,0.0167988,-0.0351098,-14.8278271,-16.8323604
0.3900000,0.0168018,-0.0349505,-14.7178601,-16.7223934
0.3906250,0.0168060,-0.0347884,-14.5937523,-16.5982856
0.3912500,0.0168102,-0.0346263,-14.4696446,-16.4741779
0.3918750,0.0168157,-0.0344612,-14.3317762,-16.3363095
0.3925000,0.0168211,-0.0342962,-14.1939079,-16.1984412
0.3931250,0.0168279,-0.0341282,-14.0427133,-16.0472466
0.3937500,0.0168346,-0.0339602,-13.8915187,-15.8960520
0.3943750,0.0168427,-0.0337894,-13.7274850,-15.7320183
0.3950000,0.0168508,-0.0336187,-13.5634513,-15.5679846
0.3956250,0.0168603,-0.0334453,-13.3871163,-15.3916496
0.3962500,0.0168698,-0.0332720,-13.2107814,-15.2153147
0.3968750,0.0168808,-0.0330964,-13.0227311,-15.0272644
0.3975000,0.0168917,-0.0329209,-12.8346808,-14.8392141
0.3981250,0.0169041,-0.0327435,-12.6355468,-14.6400801
0.3987500,0.0169165,-0.0325661,-12.4364128,-14.4409461
0.3993750,0.0169304,-0.0323874,-12.2268693,-14.2314026
0.4000000,0.0169443,-0.0322087,-12.0173259,-14.0218592
0.4006250,0.0169596,-0.0320292,-11.7980866,-13.8026199
0.4012500,0.0169749,-0.0318498,-11.5788473,-13.5833806
0.4018750,0.0169917,-0.0316702,-11.3506619,-13.3551952
0.4025000,0.0170084,-0.0314906,-11.1224765,-13.1270098
0.4031250,0.0170265,-0.0313115,-10.8861267,-12.8906600
0.4037500,0.0170446,-0.0311325,-10.6497770,-12.6543103
0.4043750,0.0170640,-0.0309547,-10.4060734,-12.4106067
0.4050000,0.0170833,-0.0307769,-10.1623697,-12.1669030
0.4056250,0.0171038,-0.0306010,-9.9121467,-11.9166800
0.4062500,0.0171242,-0.0304251,-9.6619237,-11.6664570
0.4068750,0.0171458,-0.0302518,-9.4060362,-11.4105695
0.4075000,0.0171673,-0.0300785,-9.1501487,-11.1546820
0.4081250,0.0171897,-0.0299084,-8.8894672,-10.8940005
0.4087500,0.0172121,-0.0297383,-8.6287857,-10.6333190
0.4093750,0.0172352,-0.0295720,-8.3641921,-10.3687254
0.4100000,0.0172583,-0.0294058,-8.0995985,-10.1041318
0.4106250,0.0172820,-0.0292438,-7.8319815,-9.8365148
0.4112500,0.0173057,-0.0290819,-7.5643646,-9.5688979
0.4118750,0.0173298,-0.0289247,-7.2946154,-9.2991487
0.4125000,0.0173539,-0.0287676,-7.0248661,-9.0293994
0.4131250,0.0173783,-0.0286156,-6.7538734,-8.7584067
0.4137500,0.0174026,-0.0284636,-6.4828808,-8.4874141
0.4143750,0.0174271,-0.0283171,-6.2115266,-8.2160600
0.4150000,0.0174516,-0.0281706,-5.9401725,-7.9447058
0.4156250,0.0174760,-0.0280297,-5.6693278,-7.6738611
0.4162500,0.0175004,-0.0278888,-5.3984832,-7.4030165
0.4168750,0.0175247,-0.0277536,-5.1290032,-7.1335365
0.4175000,0.0175490,-0.0276184,-4.8595231,-6.8640564
0.4181250,0.0175730,-0.0274889,-4.5922430,-6.5967763
0.4187500,0.0175970,-0.0273594,-4.3249630,-6.3294963
0.4193750,0.0176207,-0.0272356,-4.0606943,-6.0652276
0.4200000,0.0176444,-0.0271117,-3.7964256,-5.8009589
0.4206250,0.0176677,-0.0269932,-3.5359516,-5.5404849
0.4212500,0.0176910,-0.0268748,-3.2754777,-5.2800110
0.4218750,0.0177139,-0.0267615,-3.0195502,-5.0240835
0.4225000,0.0177367,-0.0266483,-2.7636226,-4.7681559
0.4231250,0.0177592,-0.0265399,-2.5129578,-4.5174911
0.4237500,0.0177816,-0.0264315,-2.2622931,-4.2668264
0.4243750,0.0178037,-0.0263276,-2.0175692,-4.0221025
0.4250000,0.0178257,-0.0262236,-1.7728452,-3.7773785
0.4256250,0.0178474,-0.0261237,-1.5346984,-3.5392317
0.4262500,0.0178690,-0.0260238,-1.2965516,-3.3010849
0.4268750,0.0178903,-0.0259276,-1.0655740,-3.0701073
0.4275000,0.0179115,-0.0258313,-0.8345964,-2.8391297
0.4281250,0.0179325,-0.0257381,-0.6113335,-2.6158668
0.4287500,0.0179535,-0.0256450,-0.3880707,-2.3926040
0.4293750,0.0179743,-0.0255546,-0.1730192,-2.1775524
0.4300000,0.0179950,-0.0254642,0.0420324,-1.9625009
0.4306250,0.0180157,-0.0253761,0.2484265,-1.7561068
0.4312500,0.0180363,-0.0252880,0.4548205,-1.5497128
0.4318750,0.0180568,-0.0252017,0.6521629,-1.3523704
0.4325000,0.0180773,-0.0251154,0.8495053,-1.1550280
0.4331250,0.0180978,-0.0250306,1.0374547,-0.9670786
0.4337500,0.0181183,-0.0249458,1.2254042,-0.7791291
0.4343750,0.0181389,-0.0248622,1.4036731,-0.6008601
0.4350000,0.0181594,-0.0247786,1.5819421,-0.4225912
0.4356250,0.0181801,-0.0246958,1.7502971,-0.2542362
0.4362500,0.0182008,-0.0246130,1.9186521,-0.0858812
0.4368750,0.0182216,-0.0245309,2.0769135,0.0723803
0.4375000,0.0182424,-0.0244488,2.2351750,0.2306417
0.4381250,0.0182635,-0.0243671,2.3832169,0.3786836
0.4387500,0.0182845,-0.0242854,2.5312588,0.5267255
0.4393750,0.0183058,-0.0242041,2.6690080,0.6644747
0.4400000,0.0183270,-0.0241228,2.8067572,0.8022239
0.4406250,0.0183485,-0.0240418,2.9341922,0.9296589
0.4412500,0.0183699,-0.0239608,3.0616272,1.0570939
0.4418750,0.0183917,-0.0238800,3.1787770,1.1742437
0.4425000,0.0184134,-0.0237992,3.2959268,1.2913935
0.4431250,0.0184354,-0.0237187,3.4028687,1.3983354
0.4437500,0.0184573,-0.0236382,3.5098106,1.5052773
0.4443750,0.0184795,-0.0235580,3.6066685,1.6021352
0.4450000,0.0185017,-0.0234779,3.7035264,1.6989931
0.4456250,0.0185241,-0.0233981,3.7904684,1.7859351
0.4462500,0.0185464,-0.0233184,3.8774104,1.8728771
0.4468750,0.0185690,-0.0232391,3.9546460,1.9501127
0.4475000,0.0185915,-0.0231598,4.0318816,2.0273483
0.4481250,0.0186142,-0.0230811,4.0996590,2.0951257
0.4487500,0.0186369,-0.0230024,4.1674365,2.1629032
0.4493750,0.0186597,-0.0229243,4.2260397,2.2215064
0.4500000,0.0186824,-0.0228462,4.2846429,2.2801096
0.4506250,0.0187053,-0.0227688,4.3343880,2.3298547
0.4512500,0.0187282,-0.0226914,4.3841331,2.3795998
0.4518750,0.0187512,-0.0226147,4.4253651,2.4208318
0.4525000,0.0187741,-0.0225381,4.4665971,2.4620638
0.4531250,0.0187972,-0.0224621,4.4996865,2.4951532
0.4537500,0.0188202,-0.0223862,4.5327758,2.5282425
0.4543750,0.0188433,-0.0223109,4.5581145,2.5535812
0.4550000,0.0188664,-0.0222356,4.5834532,2.5789199
0.4556250,0.0188896,-0.0221609,4.6014513,2.5969180
0.4562500,0.0189128,-0.0220862,4.6194493,2.6149160
0.4568750,0.0189362,-0.0220119,4.6305307,2.6259974
0.4575000,0.0189595,-0.0219377,4.6416121,2.6370788
0.4581250,0.0189830,-0.0218638,4.6462112,2.6416779
0.4587500,0.0190065,-0.0217898,4.6508103,2.6462770
0.4593750,0.0190303,-0.0217159,4.6493679,2.6448346
0.4600000,0.0190540,-0.0216420,4.6479255,2.6433922
0.4606250,0.0190781,-0.0215679,4.6408851,2.6363518
0.4612500,0.0191022,-0.0214939,4.6338447,2.6293114
0.4618750,0.0191267,-0.0214194,4.6216490,2.6171157
0.4625000,0.0191512,-0.0213449,4.6094533,2.6049200
0.4631250,0.0191762,-0.0212697,4.5925404,2.5880071
0.4637500,0.0192012,-0.0211945,4.5756274,2.5710941
0.4643750,0.0192269,-0.0211183,4.5544275,2.5498942
0.4650000,0.0192525,-0.0210421,4.5332275,2.5286942
0.4656250,0.0192789,-0.0209646,4.5081596,2.5036263
0.4662500,0.0193053,-0.0208871,4.4830916,2.4785583
0.4668750,0.0193325,-0.0208081,4.4545605,2.4500272
0.4675000,0.0193597,-0.0207291,4.4260294,2.4214961
0.4681250,0.0193879,-0.0206483,4.3944227,2.3898894
0.4687500,0.0194160,-0.0205675,4.3628160,2.3582827
0.4693750,0.0194452,-0.0204847,4.3285017,2.3239684
0.4700000,0.0194743,-0.0204020,4.2941874,2.2896541
0.4706250,0.0195046,-0.0203172,4.2575113,2.2529780
0.4712500,0.0195349,-0.0202324,4.2208352,2.2163019
0.4718750,0.0195663,-0.0201455,4.1821189,2.1775856
0.4725000,0.0195977,-0.0200586,4.1434026,2.1388693
0.4731250,0.0196303,-0.0199696,4.1029418,2.0984085
0.4737500,0.0196628,-0.0198807,4.0624810,2.0579477
0.4743750,0.0196965,-0.0197897,4.0205438,2.0160105
0.4750000,0.0197301,-0.0196988,3.9786066,1.9740733
0.4756250,0.0197649,-0.0196061,3.9354324,1.9308991
0.4762500,0.0197997,-0.0195135,3.8922583,1.8877250
0.4768750,0.0198355,-0.0194194,3.8480571,1.8435238
0.4775000,0.0198712,-0.0193253,3.8038559,1.7993226
0.4781250,0.0199079,-0.0192302,3.7588074,1.7542741
0.4787500,0.0199445,-0.0191351,3.7137590,1.7092257
0.4793750,0.0199818,-0.0190395,3.6680129,1.6634796
0.4800000,0.0200191,-0.0189439,3.6222667,1.6177334
0.4806250,0.0200569,-0.0188483,3.5759421,1.5714088
0.4812500,0.0200946,-0.0187528,3.5296176,1.5250843
0.4818750,0.0201326,-0.0186579,3.4828042,1.4782709
0.4825000,0.0201705,-0.0185631,3.4359908,1.4314575
0.4831250,0.0202084,-0.0184697,3.3887491,1.3842158
0.4837500,0.0202462,-0.0183764,3.3415074,1.3369741
0.4843750,0.0202836,-0.0182852,3.2938699,1.2893367
0.4850000,0.0203210,-0.0181941,3.2462325,1.2416992
0.4856250,0.0203576,-0.0181060,3.1982053,1.1936720
0.4862500,0.0203942,-0.0180180,3.1501782,1.1456449
0.4868750,0.0204296,-0.0179339,3.1017424,1.0972091
0.4875000,0.0204649,-0.0178497,3.0533066,1.0487733
0.4881250,0.0204986,-0.0177702,3.0044202,0.9998869
0.4887500,0.0205323,-0.0176908,2.9555338,0.9510005
0.4893750,0.0205640,-0.0176169,2.9061337,0.9016005
0.4900000,0.0205956,-0.0175431,2.8567337,0.8522004
0.4906250,0.0206248,-0.0174756,2.8067386,0.8022053
0.4912500,0.0206540,-0.0174081,2.7567436,0.7522103
0.4918750,0.0206804,-0.0173477,2.7060560,0.7015228
0.4925000,0.0207067,-0.0172874,2.6553685,0.6508352
0.4931250,0.0207298,-0.0172348,2.6038778,0.5993445
0.4937500,0.0207529,-0.0171822,2.5523872,0.5478539
0.4943750,0.0207724,-0.0171380,2.4999724,0.4954391
0.4950000,0.0207919,-0.0170938,2.4475575,0.4430242
0.4956250,0.0208076,-0.0170585,2.3940901,0.3895568
0.4962500,0.0208233,-0.0170232,2.3406228,0.3360895
0.4968750,0.0208349,-0.0169972,2.2859704,0.2814371
0.4975000,0.0208464,-0.0169713,2.2313180,0.2267847
0.4981250,0.0208538,-0.0169549,2.1753469,0.1708136
0.4987500,0.0208611,-0.0169385,2.1193758,0.1148425
0.4993750,0.0208641,-0.0169319,2.0619545,0.0574212
0.5000000,0.0208671,-0.0169252,2.0045333,0.0000000
0.5006250,0.0208657,-0.0169283,1.9455357,-0.0589976
0.5012500,0.0208643,-0.0169314,1.8865381,-0.1179952
0.5018750,0.0208586,-0.0169442,1.8258466,-0.1786867
0.5025000,0.0208528,-0.0169571,1.7651551,-0.2393782
0.5031250,0.0208428,-0.0169795,1.7026636,-0.3018697
0.5037500,0.0208328,-0.0170018,1.6401722,-0.3643611
0.5043750,0.0208188,-0.0170334,1.5757893,-0.4287440
0.5050000,0.0208047,-0.0170649,1.5114065,-0.4931268
0.5056250,0.0207869,-0.0171052,1.4450584,-0.5594749
0.5062500,0.0207691,-0.0171455,1.3787103,-0.6258230
0.5068750,0.0207477,-0.0171940,1.3103434,-0.6941899
0.5075000,0.0207263,-0.0172425,1.2419764,-0.7625569
0.5081250,0.0207018,-0.0172986,1.1715598,-0.8329735
0.5087500,0.0206773,-0.0173547,1.1011433,-0.9033900
0.5093750,0.0206500,-0.0174177,1.0286715,-0.9758618
0.5100000,0.0206226,-0.0174806,0.9561997,-1.0483336
0.5106250,0.0205929,-0.0175497,0.8816945,-1.1228388
0.5112500,0.0205631,-0.0176188,0.8071892,-1.1973441
0.5118750,0.0205314,-0.0176932,0.7307015,-1.2738318
0.5125000,0.0204996,-0.0177677,0.6542137,-1.3503196
0.5131250,0.0204663,-0.0178467,0.5758253,-1.4287080
0.5137500,0.0204329,-0.0179256,0.4974370,-1.5070963
0.5143750,0.0203984,-0.0180082,0.4172620,-1.5872713
0.5150000,0.0203638,-0.0180908,0.3370871,-1.6674462
0.5156250,0.0203285,-0.0181763,0.2552728,-1.7492605
0.5162500,0.0202932,-0.0182617,0.1734584,-1.8310749
0.5168750,0.0202575,-0.0183492,0.0901859,-1.9143474
0.5175000,0.0202217,-0.0184367,0.0069133,-1.9976200
0.5181250,0.0201858,-0.0185255,-0.0776021,-2.0821354
0.5187500,0.0201499,-0.0186143,-0.1621174,-2.1666507
0.5193750,0.0201143,-0.0187037,-0.2476256,-2.2521589
0.5200000,0.0200786,-0.0187931,-0.3331338,-2.3376671
0.5206250,0.0200434,-0.0188825,-0.4193511,-2.4238844
0.5212500,0.0200081,-0.0189719,-0.5055683,-2.5101016
0.5218750,0.0199735,-0.0190606,-0.5921771,-2.5967104
0.5225000,0.0199389,-0.0191494,-0.6787860,-2.6833193
0.5231250,0.0199051,-0.0192372,-0.7654366,-2.7699699
0.5237500,0.0198713,-0.0193250,-0.8520872,-2.8566205
0.5243750,0.0198385,-0.0194114,-0.9383985,-2.9429318
0.5250000,0.0198056,-0.0194977,-1.0247098,-3.0292431
0.5256250,0.0197738,-0.0195824,-1.1102712,-3.1148045
0.5262500,0.0197420,-0.0196671,-1.1958325,-3.2003658
0.5268750,0.0197112,-0.0197499,-1.2802056,-3.2847389
0.5275000,0.0196804,-0.0198328,-1.3645788,-3.3691121
0.5281250,0.0196507,-0.0199137,-1.4473002,-3.4518335
0.5287500,0.0196209,-0.0199947,-1.5300216,-3.5345549
0.5293750,0.0195922,-0.0200738,-1.6106048,-3.6151381
0.5300000,0.0195635,-0.0201528,-1.6911880,-3.6957213
0.5306250,0.0195358,-0.0202300,-1.7691266,-3.7736599
0.5312500,0.0195081,-0.0203071,-1.8470652,-3.8515985
0.5318750,0.0194813,-0.0203826,-1.9218358,-3.9263691
0.5325000,0.0194545,-0.0204581,-1.9966065,-4.0011398
0.5331250,0.0194285,-0.0205321,-2.0676724,-4.0722057
0.5337500,0.0194025,-0.0206061,-2.1387383,-4.1432716
0.5343750,0.0193772,-0.0206788,-2.2055523,-4.2100856
0.5350000,0.0193519,-0.0207515,-2.2723663,-4.2768996
0.5356250,0.0193273,-0.0208232,-2.3343750,-4.3389083
0.5362500,0.0193026,-0.0208949,-2.3963837,-4.4009170
0.5368750,0.0192785,-0.0209660,-2.4530311,-4.4575644
0.5375000,0.0192543,-0.0210370,-2.5096786,-4.5142119
0.5381250,0.0192305,-0.0211075,-2.5604102,-4.5649435
0.5387500,0.0192067,-0.0211781,-2.6111418,-4.6156751
0.5393750,0.0191833,-0.0212486,-2.6554085,-4.6599418
0.5400000,0.0191598,-0.0213190,-2.6996752,-4.7042085
0.5406250,0.0191366,-0.0213896,-2.7369375,-4.7414708
0.5412500,0.0191133,-0.0214601,-2.7741997,-4.7787330
0.5418750,0.0190902,-0.0215310,-2.8039318,-4.8084651
0.5425000,0.0190670,-0.0216018,-2.8336639,-4.8381972
0.5431250,0.0190440,-0.0216732,-2.8553580,-4.8598913
0.5437500,0.0190210,-0.0217446,-2.8770521,-4.8815854
0.5443750,0.0189980,-0.0218166,-2.8902224,-4.8947557
0.5450000,0.0189750,-0.0218886,-2.9033926,-4.9079259
0.5456250,0.0189521,-0.0219614,-2.9075792,-4.9121125
0.5462500,0.0189291,-0.0220341,-2.9117659,-4.9162992
0.5468750,0.0189062,-0.0221076,-2.9065390,-4.9110723
0.5475000,0.0188833,-0.0221811,-2.9013122,-4.9058455
0.5481250,0.0188604,-0.0222554,-2.8862760,-4.8908093
0.5487500,0.0188375,-0.0223297,-2.8712397,-4.8757730
0.5493750,0.0188147,-0.0224047,-2.8460354,-4.8505687
0.5500000,0.0187918,-0.0224797,-2.8208312,-4.8253645
0.5506250,0.0187691,-0.0225553,-2.7851411,-4.7896744
0.5512500,0.0187463,-0.0226309,-2.7494511,-4.7539844
0.5518750,0.0187237,-0.0227070,-2.7030017,-4.7075350
0.5525000,0.0187010,-0.0227831,-2.6565523,-4.6610856
0.5531250,0.0186786,-0.0228596,-2.5991170,-4.6036503
0.5537500,0.0186561,-0.0229361,-2.5416816,-4.5462149
0.5543750,0.0186339,-0.0230128,-2.4730834,-4.4776167
0.5550000,0.0186117,-0.0230894,-2.4044853,-4.4090186
0.5556250,0.0185898,-0.0231661,-2.3245995,-4.3291328
0.5562500,0.0185678,-0.0232427,-2.2447138,-4.2492471
0.5568750,0.0185462,-0.0233193,-2.1534700,-4.1580033
0.5575000,0.0185246,-0.0233958,-2.0622263,-4.0667596
0.5581250,0.0185034,-0.0234720,-1.9596099,-3.9641432
0.5587500,0.0184821,-0.0235483,-1.8569935,-3.8615268
0.5593750,0.0184613,-0.0236242,-1.7430471,-3.7475804
0.5600000,0.0184404,-0.0237000,-1.6291008,-3.6336341
0.5606250,0.0184199,-0.0237754,-1.5039255,-3.5084588
0.5612500,0.0183994,-0.0238508,-1.3787503,-3.3832836
0.5618750,0.0183794,-0.0239257,-1.2425060,-3.2470393
0.5625000,0.0183593,-0.0240006,-1.1062618,-3.1107951
0.5631250,0.0183397,-0.0240749,-0.9591677,-2.9637010
0.5637500,0.0183200,-0.0241493,-0.8120736,-2.8166069
0.5643750,0.0183007,-0.0242233,-0.6544079,-2.6589412
0.5650000,0.0182814,-0.0242973,-0.4967421,-2.5012754
0.5656250,0.0182625,-0.0243710,-0.3288413,-2.3333746
0.5662500,0.0182435,-0.0244447,-0.1609406,-2.1654739
0.5668750,0.0182248,-0.0245184,0.0168010,-1.9877323
0.5675000,0.0182061,-0.0245920,0.1945426,-1.8099907
0.5681250,0.0181876,-0.0246658,0.3816746,-1.6228587
0.5687500,0.0181691,-0.0247397,0.5688066,-1.4357267
0.5693750,0.0181508,-0.0248140,0.7648240,-1.2397093
0.5700000,0.0181324,-0.0248883,0.9608414,-1.0436919
0.5706250,0.0181141,-0.0249635,1.1651868,-0.8393465
0.5712500,0.0180958,-0.0250387,1.3695321,-0.6350012
0.5718750,0.0180775,-0.0251152,1.5815980,-0.4229353
0.5725000,0.0180591,-0.0251917,1.7936639,-0.2108694
0.5731250,0.0180406,-0.0252699,2.0127956,0.0082623
0.5737500,0.0180221,-0.0253481,2.2319273,0.2273940
0.5743750,0.0180034,-0.0254284,2.4574259,0.4528926
0.5750000,0.0179847,-0.0255088,2.6829245,0.6783912
0.5756250,0.0179657,-0.0255919,2.9140503,0.9095170
0.5762500,0.0179467,-0.0256749,3.1451761,1.1406428
0.5768750,0.0179274,-0.0257611,3.3811524,1.3766191
0.5775000,0.0179080,-0.0258472,3.6171287,1.6125954
0.5781250,0.0178882,-0.0259370,3.8571456,1.8526123
0.5787500,0.0178683,-0.0260268,4.0971624,2.0926291
0.5793750,0.0178480,-0.0261206,4.3403808,2.3358475
0.5800000,0.0178277,-0.0262144,4.5835993,2.5790660
0.5806250,0.0178069,-0.0263127,4.8291558,2.8246225
0.5812500,0.0177860,-0.0264109,5.0747123,3.0701790
0.5818750,0.0177646,-0.0265139,5.3217232,3.3171899
0.5825000,0.0177432,-0.0266169,5.5687341,3.5642008
0.5831250,0.0177213,-0.0267249,5.8163002,3.8117669
0.5837500,0.0176993,-0.0268330,6.0638662,4.0593329
0.5843750,0.0176769,-0.0269463,6.3110777,4.3065444
0.5850000,0.0176545,-0.0270597,6.5582892,4.5537559
0.5856250,0.0176317,-0.0271785,6.8042305,4.7996972
0.5862500,0.0176088,-0.0272973,7.0501717,5.0456384
0.5868750,0.0175856,-0.0274216,7.2939262,5.2893929
0.5875000,0.0175623,-0.0275458,7.5376806,5.5331473
0.5881250,0.0175388,-0.0276755,7.7783355,5.7738022
0.5887500,0.0175153,-0.0278051,8.0189904,6.0144571
0.5893750,0.0174916,-0.0279402,8.2556420,6.2511087
0.5900000,0.0174679,-0.0280752,8.4922937,6.4877604
0.5906250,0.0174442,-0.0282153,8.7240519,6.7195186
0.5912500,0.0174205,-0.0283554,8.9558100,6.9512767
0.5918750,0.0173969,-0.0285004,9.1818027,7.1772694
0.5925000,0.0173733,-0.0286454,9.4077954,7.4032621
0.5931250,0.0173499,-0.0287949,9.6271738,7.6226405
0.5937500,0.0173265,-0.0289444,9.8465521,7.8420188
0.5943750,0.0173036,-0.0290980,10.0584944,8.0539611
0.5950000,0.0172806,-0.0292516,10.2704368,8.2659035
0.5956250,0.0172582,-0.0294087,10.4741530,8.4696197
0.5962500,0.0172357,-0.0295659,10.6778693,8.6733360
0.5968750,0.0172140,-0.0297262,10.8726050,8.8680717
0.5975000,0.0171922,-0.0298865,11.0673407,9.0628074
0.5981250,0.0171713,-0.0300493,11.2523808,9.2478475
0.5987500,0.0171504,-0.0302120,11.4374209,9.4328876
0.5993750,0.0171304,-0.0303767,11.6120933,9.6075600
0.6000000,0.0171104,-0.0305414,11.7867658,9.7822325
0.6006250,0.0170915,-0.0307075,11.9504445,9.9459112
0.6012500,0.0170725,-0.0308736,12.1141232,10.1095899
0.6018750,0.0170547,-0.0310405,12.2662314,10.2616981
0.6025000,0.0170368,-0.0312073,12.4183396,10.4138063
0.6031250,0.0170202,-0.0313744,12.5583521,10.5538188
0.6037500,0.0170035,-0.0315414,12.6983645,10.6938312
0.6043750,0.0169881,-0.0317082,12.8258100,10.8212767
0.6050000,0.0169727,-0.0318749,12.9532555,10.9487222
0.6056250,0.0169586,-0.0320409,13.0677187,11.0631854
0.6062500,0.0169444,-0.0322069,13.1821820,11.1776487
0.6068750,0.0169316,-0.0323717,13.2833052,11.2787719
0.6075000,0.0169187,-0.0325364,13.3844283,11.3798950
0.6081250,0.0169072,-0.0326996,13.4719120,11.4673787
0.6087500,0.0168956,-0.0328628,13.5593957,11.5548624
0.6093750,0.0168853,-0.0330242,13.6330002,11.6284669
0.6100000,0.0168750,-0.0331855,13.7066048,11.7020715
0.6106250,0.0168659,-0.0333447,13.7661502,11.7616169
0.6112500,0.0168568,-0.0335040,13.8256957,11.8211624
0.6118750,0.0168489,-0.0336610,13.8710621,11.8665288
0.6125000,0.0168410,-0.0338180,13.9164285,11.9118952
0.6131250,0.0168343,-0.0339728,13.9475555,11.9430222
0.6137500,0.0168276,-0.0341275,13.9786825,11.9741492
0.6143750,0.0168220,-0.0342800,13.9955688,11.9910355
0.6150000,0.0168163,-0.0344325,14.0124551,12.0079218
0.6156250,0.0168118,-0.0345828,14.0151573,12.0106240
0.6162500,0.0168072,-0.0347331,14.0178596,12.0133263
0.6168750,0.0168037,-0.0348814,14.0064911,12.0019578
0.6175000,0.0168001,-0.0350296,13.9951227,11.9905894
0.6181250,0.0167975,-0.0351761,13.9698517,11.9653184
0.6187500,0.0167949,-0.0353226,13.9445808,11.9400475
0.6193750,0.0167933,-0.0354674,13.9056286,11.9010953
0.6200000,0.0167916,-0.0356123,13.8666764,11.8621431
0.6206250,0.0167909,-0.0357559,13.8143149,11.8097816
0.6212500,0.0167901,-0.0358996,13.7619534,11.7574201
0.6218750,0.0167903,-0.0360424,13.6965025,11.6919692
0.6225000,0.0167904,-0.0361851,13.6310517,11.6265184
0.6231250,0.0167914,-0.0363273,13.5528769,11.5483436
0.6237500,0.0167924,-0.0364694,13.4747022,11.4701689
0.6243750,0.0167943,-0.0366113,13.3842113,11.3796780
0.6250000,0.0167961,-0.0367532,13.2937205,11.2891872
0.6256250,0.0167988,-0.0368953,13.1913604,11.1868271
0.6262500,0.0168015,-0.0370374,13.0890002,11.0844669
0.6268750,0.0168051,-0.0371799,12.9752534,10.9707201
0.6275000,0.0168087,-0.0373224,12.8615066,10.8569733
0.6281250,0.0168133,-0.0374657,12.7368879,10.7323546
0.6287500,0.0168178,-0.0376090,12.6122693,10.6077360
0.6293750,0.0168232,-0.0377534,12.4773223,10.4727890
0.6300000,0.0168286,-0.0378978,12.3423753,10.3378420
0.6306250,0.0168350,-0.0380434,12.1976681,10.1931348
0.6312500,0.0168414,-0.0381890,12.0529609,10.0484276
0.6318750,0.0168488,-0.0383361,11.8990829,9.8945496
0.6325000,0.0168561,-0.0384832,11.7452048,9.7406715
0.6331250,0.0168645,-0.0386319,11.5827625,9.5782292
0.6337500,0.0168729,-0.0387806,11.4203203,9.4157870
0.6343750,0.0168824,-0.0389309,11.2499337,9.2454004
0.6350000,0.0168918,-0.0390812,11.0795472,9.0750139
0.6356250,0.0169024,-0.0392331,10.9018460,8.8973127
0.6362500,0.0169130,-0.0393851,10.7241448,8.7196115
0.6368750,0.0169247,-0.0395386,10.5397646,8.5352313
0.6375000,0.0169363,-0.0396922,10.3553844,8.3508511
0.6381250,0.0169492,-0.0398472,10.1649630,8.1604297
0.6387500,0.0169620,-0.0400021,9.9745416,7.9700083
0.6393750,0.0169760,-0.0401584,9.7787155,7.7741822
0.6400000,0.0169899,-0.0403147,9.5828895,7.5783562
0.6406250,0.0170051,-0.0404719,9.3822906,7.3777573
0.6412500,0.0170202,-0.0406292,9.1816917,7.1771584
0.6418750,0.0170365,-0.0407872,8.9769440,6.9724107
0.6425000,0.0170528,-0.0409453,8.7721962,6.7676629
0.6431250,0.0170703,-0.0411038,8.5639124,6.5593791
0.6437500,0.0170877,-0.0412622,8.3556286,6.3510953
0.6443750,0.0171063,-0.0414207,8.1444077,6.1398744
0.6450000,0.0171248,-0.0415792,7.9331868,5.9286535
0.6456250,0.0171444,-0.0417374,7.7196111,5.7150778
0.6462500,0.0171640,-0.0418956,7.5060355,5.5015022
0.6468750,0.0171846,-0.0420530,7.2906684,5.2861351
0.6475000,0.0172051,-0.0422104,7.0753012,5.0707679
0.6481250,0.0172267,-0.0423667,6.8586845,4.8541512
0.6487500,0.0172482,-0.0425229,6.6420678,4.6375345
0.6493750,0.0172706,-0.0426775,6.4247203,4.4201870
0.6500000,0.0172929,-0.0428321,6.2073728,4.2028395
0.6506250,0.0173160,-0.0429847,5.9897882,3.9852549
0.6512500,0.0173391,-0.0431373,5.7722036,3.7676703
0.6518750,0.0173629,-0.0432875,5.5548494,3.5503161
0.6525000,0.0173866,-0.0434377,5.3374951,3.3329618
0.6531250,0.0174109,-0.0435851,5.1208108,3.1162775
0.6537500,0.0174352,-0.0437324,4.9041266,2.8995933
0.6543750,0.0174599,-0.0438766,4.6885236,2.6839903
0.6550000,0.0174846,-0.0440208,4.4729207,2.4683874
0.6556250,0.0175096,-0.0441615,4.2587812,2.2542479
0.6562500,0.0175345,-0.0443022,4.0446417,2.0401084
0.6568750,0.0175597,-0.0444391,3.8323183,1.8277850
0.6575000,0.0175849,-0.0445761,3.6199948,1.6154615
0.6581250,0.0176102,-0.0447090,3.4098104,1.4052771
0.6587500,0.0176354,-0.0448419,3.1996259,1.1950926
0.6593750,0.0176606,-0.0449706,2.9918739,0.9873406
0.6600000,0.0176858,-0.0450993,2.7841220,0.7795887
0.6606250,0.0177109,-0.0452237,2.5790670,0.5745337
0.6612500,0.0177360,-0.0453480,2.3740120,0.3694787
0.6618750,0.0177609,-0.0454679,2.1718898,0.1673565
0.6625000,0.0177857,-0.0455878,1.9697676,-0.0347657
0.6631250,0.0178102,-0.0457032,1.7707865,-0.2337468
0.6637500,0.0178347,-0.0458186,1.5718054,-0.4327279
0.6643750,0.0178589,-0.0459295,1.3761470,-0.6283863
0.6650000,0.0178831,-0.0460404,1.1804886,-0.8240447
0.6656250,0.0179068,-0.0461468,0.9883092,-1.0162241
0.6662500,0.0179305,-0.0462532,0.7961298,-1.2084035
0.6668750,0.0179538,-0.0463553,0.6075617,-1.3969716
0.6675000,0.0179770,-0.0464574,0.4189935,-1.5855398
0.6681250,0.0179997,-0.0465552,0.2341465,-1.7703868
0.6687500,0.0180224,-0.0466531,0.0492994,-1.9552339
0.6693750,0.0180446,-0.0467469,-0.1317375,-2.1362708
0.6700000,0.0180668,-0.0468407,-0.3127744,-2.3173077
0.6706250,0.0180885,-0.0469307,-0.4899311,-2.4944644
0.6712500,0.0181101,-0.0470206,-0.6670877,-2.6716210
0.6718750,0.0181313,-0.0471069,-0.8403109,-2.8448442
0.6725000,0.0181524,-0.0471932,-1.0135341,-3.0180674
0.6731250,0.0181731,-0.0472761,-1.1827860,-3.1873193
0.6737500,0.0181938,-0.0473590,-1.3520379,-3.3565712
0.6743750,0.0182140,-0.0474389,-1.5172935,-3.5218268
0.6750000,0.0182341,-0.0475187,-1.6825491,-3.6870824
0.6756250,0.0182539,-0.0475958,-1.8437948,-3.8483281
0.6762500,0.0182737,-0.0476728,-2.0050404,-4.0095737
0.6768750,0.0182931,-0.0477473,-2.1622712,-4.1668045
0.6775000,0.0183124,-0.0478218,-2.3195019,-4.3240352
0.6781250,0.0183315,-0.0478941,-2.4727200,-4.4772533
0.6787500,0.0183506,-0.0479664,-2.6259381,-4.6304714
0.6793750,0.0183694,-0.0480369,-2.7751507,-4.7796840
0.6800000,0.0183882,-0.0481073,-2.9243633,-4.9288966
0.6806250,0.0184068,-0.0481761,-3.0695807,-5.0741140
0.6812500,0.0184253,-0.0482449,-3.2147981,-5.2193314
0.6818750,0.0184438,-0.0483124,-3.3560318,-5.3605651
0.6825000,0.0184623,-0.0483798,-3.4972654,-5.5017987
0.6831250,0.0184807,-0.0484462,-3.6345261,-5.6390594
0.6837500,0.0184990,-0.0485127,-3.7717868,-5.7763201
0.6843750,0.0185174,-0.0485783,-3.9050833,-5.9096166
0.6850000,0.0185358,-0.0486439,-4.0383798,-6.0429131
0.6856250,0.0185542,-0.0487090,-4.1677169,-6.1722502
0.6862500,0.0185726,-0.0487741,-4.2970539,-6.3015872
0.6868750,0.0185912,-0.0488389,-4.4224313,-6.4269646
0.6875000,0.0186097,-0.0489036,-4.5478086,-6.5523419
0.6881250,0.0186284,-0.0489682,-4.6692194,-6.6737527
0.6887500,0.0186471,-0.0490328,-4.7906303,-6.7951636
0.6893750,0.0186660,-0.0490974,-4.9080603,-6.9125936
0.6900000,0.0186849,-0.0491621,-5.0254904,-7.0300237
0.6906250,0.0187041,-0.0492269,-5.1389169,-7.1434502
0.6912500,0.0187232,-0.0492917,-5.2523434,-7.2568767
0.6918750,0.0187427,-0.0493568,-5.3617343,-7.3662676
0.6925000,0.0187621,-0.0494218,-5.4711252,-7.4756585
0.6931250,0.0187819,-0.0494872,-5.5764387,-7.5809720
0.6937500,0.0188016,-0.0495526,-5.6817523,-7.6862856
0.6943750,0.0188217,-0.0496184,-5.7829365,-7.7874698
0.6950000,0.0188417,-0.0496842,-5.8841207,-7.8886540
0.6956250,0.0188622,-0.0497505,-5.9811131,-7.9856464
0.6962500,0.0188826,-0.0498168,-6.0781055,-8.0826388
0.6968750,0.0189034,-0.0498835,-6.1708333,-8.1753666
0.6975000,0.0189242,-0.0499502,-6.2635610,-8.2680943
0.6981250,0.0189454,-0.0500174,-6.3519410,-8.3564743
0.6987500,0.0189665,-0.0500845,-6.4403211,-8.4448544
0.6993750,0.0189880,-0.0501521,-6.5242603,-8.5287936
0.7000000,0.0190095,-0.0502197,-6.6081995,-8.6127328
0.7006250,0.0190314,-0.0502876,-6.6875954,-8.6921287
0.7012500,0.0190532,-0.0503555,-6.7669913,-8.7715246
0.7018750,0.0190754,-0.0504238,-6.8417326,-8.8462659
0.7025000,0.0190976,-0.0504920,-6.9164738,-8.9210071
0.7031250,0.0191201,-0.0505605,-6.9864412,-8.9909745
0.7037500,0.0191426,-0.0506290,-7.0564086,-9.0609419
0.7043750,0.0191654,-0.0506976,-7.1214759,-9.1260092
0.7050000,0.0191881,-0.0507663,-7.1865432,-9.1910765
0.7056250,0.0192112,-0.0508351,-7.2465783,-9.2511116
0.7062500,0.0192343,-0.0509038,-7.3066134,-9.3111467
0.7068750,0.0192576,-0.0509726,-7.3614796,-9.3660129
0.7075000,0.0192809,-0.0510414,-7.4163458,-9.4208791
0.7081250,0.0193045,-0.0511102,-7.4659030,-9.4704363
0.7087500,0.0193280,-0.0511789,-7.5154601,-9.5199934
0.7093750,0.0193517,-0.0512476,-7.5595663,-9.5640996
0.7100000,0.0193754,-0.0513163,-7.6036725,-9.6082058
0.7106250,0.0193994,-0.0513848,-7.6421854,-9.6467187
0.7112500,0.0194233,-0.0514533,-7.6806983,-9.6852316
0.7118750,0.0194474,-0.0515217,-7.7134767,-9.7180100
0.7125000,0.0194715,-0.0515900,-7.7462551,-9.7507884
0.7131250,0.0194958,-0.0516582,-7.7731607,-9.7776940
0.7137500,0.0195201,-0.0517264,-7.8000662,-9.8045995
0.7143750,0.0195446,-0.0517944,-7.8209649,-9.8254982
0.7150000,0.0195690,-0.0518623,-7.8418636,-9.8463969
0.7156250,0.0195936,-0.0519301,-7.8566277,-9.8611610
0.7162500,0.0196182,-0.0519979,-7.8713917,-9.8759250
0.7168750,0.0196430,-0.0520655,-7.8799010,-9.8844343
0.7175000,0.0196678,-0.0521331,-7.8884103,-9.8929436
0.7181250,0.0196928,-0.0522006,-7.8905540,-9.8950873
0.7187500,0.0197178,-0.0522681,-7.8926977,-9.8972310
0.7193750,0.0197430,-0.0523355,-7.8883761,-9.8929094
0.7200000,0.0197682,-0.0524029,-7.8840545,-9.8885878
0.7206250,0.0197936,-0.0524702,-7.8731802,-9.8777135
0.7212500,0.0198190,-0.0525376,-7.8623059,-9.8668392
0.7218750,0.0198447,-0.0526050,-7.8448056,-9.8493389
0.7225000,0.0198704,-0.0526724,-7.8273053,-9.8318386
0.7231250,0.0198963,-0.0527399,-7.8031210,-9.8076543
0.7237500,0.0199222,-0.0528074,-7.7789368,-9.7834701
0.7243750,0.0199485,-0.0528750,-7.7480272,-9.7525605
0.7250000,0.0199747,-0.0529427,-7.7171175,-9.7216508
0.7256250,0.0200013,-0.0530105,-7.6794591,-9.6839924
0.7262500,0.0200278,-0.0530783,-7.6418006,-9.6463339
0.7268750,0.0200547,-0.0531464,-7.5973887,-9.6019220
0.7275000,0.0200816,-0.0532144,-7.5529769,-9.5575102
0.7281250,0.0201088,-0.0532827,-7.5018269,-9.5063602
0.7287500,0.0201360,-0.0533509,-7.4506769,-9.4552102
0.7293750,0.0201636,-0.0534194,-7.3928248,-9.3973581
0.7300000,0.0201911,-0.0534878,-7.3349726,-9.3395059
0.7306250,0.0202190,-0.0535564,-7.2704755,-9.2750088
0.7312500,0.0202469,-0.0536251,-7.2059783,-9.2105116
0.7318750,0.0202751,-0.0536938,-7.1349153,-9.1394486
0.7325000,0.0203032,-0.0537625,-7.0638524,-9.0683857
0.7331250,0.0203316,-0.0538312,-6.9863249,-8.9908582
0.7337500,0.0203599,-0.0538998,-6.9087975,-8.9133308
0.7343750,0.0203885,-0.0539682,-6.8249293,-8.8294626
0.7350000,0.0204171,-0.0540367,-6.7410611,-8.7455944
0.7356250,0.0204458,-0.0541048,-6.6509984,-8.6555317
0.7362500,0.0204744,-0.0541729,-6.5609356,-8.5654689
0.7368750,0.0205031,-0.0542404,-6.4648468,-8.4693801
0.7375000,0.0205317,-0.0543078,-6.3687581,-8.3732914
0.7381250,0.0205602,-0.0543743,-6.2668340,-8.2713673
0.7387500,0.0205887,-0.0544408,-6.1649100,-8.1694433
0.7393750,0.0206169,-0.0545061,-6.0573629,-8.0618962
0.7400000,0.0206451,-0.0545714,-5.9498159,-7.9543492
0.7406250,0.0206729,-0.0546351,-5.8368795,-7.8414128
0.7412500,0.0207006,-0.0546988,-5.7239430,-7.7284763
0.7418750,0.0207277,-0.0547606,-5.6058710,-7.6104043
0.7425000,0.0207548,-0.0548223,-5.4877991,-7.4923324
0.7431250,0.0207811,-0.0548816,-5.3648651,-7.3693984
0.7437500,0.0208073,-0.0549409,-5.2419311,-7.2464644
0.7443750,0.0208325,-0.0549974,-5.1144273,-7.1189606
0.7450000,0.0208577,-0.0550538,-4.9869235,-6.9914568
0.7456250,0.0208816,-0.0551070,-4.8551596,-6.8596929
0.7462500,0.0209054,-0.0551602,-4.7233956,-6.7279289
0.7468750,0.0209277,-0.0552096,-4.5876976,-6.5922309
0.7475000,0.0209500,-0.0552590,-4.4519997,-6.4565330
0.7481250,0.0209706,-0.0553042,-4.3127089,-6.3172422
0.7487500,0.0209911,-0.0553494,-4.1734182,-6.1779515
0.7493750,0.0210096,-0.0553899,-4.0308895,-6.0354228
0.7500000,0.0210281,-0.0554304,-3.8883609,-5.8928942
0.7506250,0.0210444,-0.0554658,-3.7429616,-5.7474949
0.7512500,0.0210607,-0.0555013,-3.5975623,-5.6020956
0.7518750,0.0210745,-0.0555312,-3.4496703,-5.4542036
0.7525000,0.0210883,-0.0555611,-3.3017784,-5.3063117
0.7531250,0.0210994,-0.0555852,-3.1517811,-5.1563144
0.7537500,0.0211105,-0.0556093,-3.0017839,-5.0063172
0.7543750,0.0211189,-0.0556273,-2.8500763,-4.8546096
0.7550000,0.0211272,-0.0556452,-2.6983688,-4.7029021
0.7556250,0.0211325,-0.0556567,-2.5453520,-4.5498853
0.7562500,0.0211378,-0.0556682,-2.3923352,-4.3968685
0.7568750,0.0211401,-0.0556731,-2.2384149,-4.2429482
0.7575000,0.0211424,-0.0556779,-2.0844945,-4.0890278
0.7581250,0.0211415,-0.0556760,-1.9300791,-3.9346124
0.7587500,0.0211406,-0.0556742,-1.7756638,-3.7801971
0.7593750,0.0211366,-0.0556655,-1.6211633,-3.6256966
0.7600000,0.0211326,-0.0556568,-1.4666628,-3.4711961
0.7606250,0.0211254,-0.0556413,-1.3124868,-3.3170201
0.7612500,0.0211182,-0.0556258,-1.1583109,-3.1628442
0.7618750,0.0211079,-0.0556036,-1.0048677,-3.0094010
0.7625000,0.0210976,-0.0555813,-0.8514244,-2.8559577
0.7631250,0.0210843,-0.0555525,-0.6991187,-2.7036520
0.7637500,0.0210710,-0.0555237,-0.5468131,-2.5513464
0.7643750,0.0210549,-0.0554885,-0.3960455,-2.4005788
0.7650000,0.0210387,-0.0554534,-0.2452779,-2.2498112
0.7656250,0.0210199,-0.0554122,-0.0964430,-2.1009763
0.7662500,0.0210010,-0.0553710,0.0523918,-1.9521415
0.7668750,0.0209797,-0.0553242,0.1989063,-1.8056270
0.7675000,0.0209583,-0.0552773,0.3454208,-1.6591125
0.7681250,0.0209347,-0.0552251,0.4892353,-1.5152980
0.7687500,0.0209111,-0.0551729,0.6330498,-1.3714835
0.7693750,0.0208855,-0.0551159,0.7737941,-1.2307392
0.7700000,0.0208599,-0.0550589,0.9145383,-1.0899950
0.7706250,0.0208326,-0.0549976,1.0518520,-0.9526813
0.7712500,0.0208053,-0.0549363,1.1891657,-0.8153676
0.7718750,0.0207765,-0.0548712,1.3226995,-0.6818338
0.7725000,0.0207477,-0.0548061,1.4562333,-0.5483000
0.7731250,0.0207177,-0.0547377,1.5856497,-0.4188836
0.7737500,0.0206877,-0.0546693,1.7150660,-0.2894673
0.7743750,0.0206569,-0.0545983,1.8400395,-0.1644938
0.7750000,0.0206260,-0.0545272,1.9650130,-0.0395203
0.7756250,0.0205945,-0.0544540,2.0852312,0.0806979
0.7762500,0.0205629,-0.0543808,2.2054494,0.2009161
0.7768750,0.0205310,-0.0543060,2.3206130,0.3160797
0.7775000,0.0204991,-0.0542311,2.4357767,0.4312434
0.7781250,0.0204670,-0.0541551,2.5456000,0.5410667
0.7787500,0.0204349,-0.0540792,2.6554233,0.6508900
0.7793750,0.0204029,-0.0540026,2.7596345,0.7551012
0.7800000,0.0203708,-0.0539260,2.8638456,0.8593123
0.7806250,0.0203390,-0.0538491,2.9621865,0.9576532
0.7812500,0.0203072,-0.0537723,3.0605274,1.0559941
0.7818750,0.0202758,-0.0536956,3.1527540,1.1482207
0.7825000,0.0202444,-0.0536190,3.2449805,1.2404472
0.7831250,0.0202135,-0.0535427,3.3308626,1.3263293
0.7837500,0.0201825,-0.0534665,3.4167446,1.4122113
0.7843750,0.0201522,-0.0533909,3.4960658,1.4915325
0.7850000,0.0201218,-0.0533154,3.5753870,1.5708537
0.7856250,0.0200921,-0.0532407,3.6479445,1.6434112
0.7862500,0.0200624,-0.0531660,3.7205020,1.7159687
0.7868750,0.0200334,-0.0530923,3.7861066,1.7815733
0.7875000,0.0200044,-0.0530187,3.8517111,1.8471778
0.7881250,0.0199761,-0.0529461,3.9101863,1.9056530
0.7887500,0.0199478,-0.0528735,3.9686615,1.9641282
0.7893750,0.0199202,-0.0528019,4.0198441,2.0153108
0.7900000,0.0198925,-0.0527303,4.0710266,2.0664933
0.7906250,0.0198656,-0.0526597,4.1147656,2.1102323
0.7912500,0.0198386,-0.0525892,4.1585045,2.1539712
0.7918750,0.0198122,-0.0525195,4.1946610,2.1901277
0.7925000,0.0197858,-0.0524498,4.2308174,2.2262841
0.7931250,0.0197600,-0.0523808,4.2592644,2.2547311
0.7937500,0.0197341,-0.0523118,4.2877114,2.2831781
0.7943750,0.0197087,-0.0522434,4.3083334,2.3038001
0.7950000,0.0196833,-0.0521750,4.3289553,2.3244220
0.7956250,0.0196583,-0.0521069,4.3416479,2.3371146
0.7962500,0.0196332,-0.0520389,4.3543405,2.3498072
0.7968750,0.0196085,-0.0519711,4.3590101,2.3544768
0.7975000,0.0195838,-0.0519032,4.3636796,2.3591463
0.7981250,0.0195593,-0.0518352,4.3602431,2.3557098
0.7987500,0.0195348,-0.0517673,4.3568066,2.3522733
0.7993750,0.0195105,-0.0516991,4.3451915,2.3406582
0.8000000,0.0194861,-0.0516310,4.3335765,2.3290432
0.8006250,0.0194618,-0.0515624,4.3137203,2.3091870
0.8012500,0.0194375,-0.0514938,4.2938642,2.2893309
0.8018750,0.0194133,-0.0514247,4.2657147,2.2611814
0.8025000,0.0193891,-0.0513555,4.2375652,2.2330319
0.8031250,0.0193649,-0.0512857,4.2010801,2.1965468
0.8037500,0.0193406,-0.0512158,4.1645950,2.1600617
0.8043750,0.0193164,-0.0511452,4.1197422,2.1152089
0.8050000,0.0192922,-0.0510745,4.0748895,2.0703562
0.8056250,0.0192679,-0.0510030,4.0216471,2.0171138
0.8062500,0.0192436,-0.0509316,3.9684048,1.9638715
0.8068750,0.0192194,-0.0508593,3.9067615,1.9022282
0.8075000,0.0191951,-0.0507871,3.8451181,1.8405848
0.8081250,0.0191709,-0.0507140,3.7750730,1.7705397
0.8087500,0.0191466,-0.0506410,3.7050278,1.7004945
0.8093750,0.0191224,-0.0505673,3.6265911,1.6220578
0.8100000,0.0190981,-0.0504936,3.5481545,1.5436212
0.8106250,0.0190740,-0.0504194,3.4613481,1.4568148
0.8112500,0.0190498,-0.0503451,3.3745418,1.3700085
0.8118750,0.0190259,-0.0502704,3.2793995,1.2748663
0.8125000,0.0190019,-0.0501957,3.1842573,1.1797240
0.8131250,0.0189781,-0.0501207,3.0808255,1.0762922
0.8137500,0.0189543,-0.0500458,2.9773937,0.9728604
0.8143750,0.0189308,-0.0499707,2.8657320,0.8611987
0.8150000,0.0189072,-0.0498957,2.7540703,0.7495370
0.8156250,0.0188840,-0.0498208,2.6342521,0.6297188
0.8162500,0.0188607,-0.0497459,2.5144340,0.5099007
0.8168750,0.0188378,-0.0496713,2.3865478,0.3820145
0.8175000,0.0188149,-0.0495966,2.2586617,0.2541284
0.8181250,0.0187925,-0.0495224,2.1228113,0.1182780
0.8187500,0.0187700,-0.0494482,1.9869608,-0.0175725
0.8193750,0.0187480,-0.0493746,1.8432664,-0.1612669
0.8200000,0.0187259,-0.0493009,1.6995720,-0.3049613
0.8206250,0.0187044,-0.0492279,1.5481712,-0.4563621
0.8212500,0.0186828,-0.0491549,1.3967704,-0.6077629
0.8218750,0.0186617,-0.0490826,1.2378189,-0.7667144
0.8225000,0.0186405,-0.0490102,1.0788675,-0.9256658
0.8231250,0.0186199,-0.0489386,0.9125403,-1.0919930
0.8237500,0.0185992,-0.0488670,0.7462131,-1.2583202
0.8243750,0.0185790,-0.0487960,0.5727051,-1.4318282
0.8250000,0.0185587,-0.0487249,0.3991970,-1.6053363
0.8256250,0.0185388,-0.0486543,0.2187239,-1.7858094
0.8262500,0.0185189,-0.0485837,0.0382508,-1.9662825
0.8268750,0.0184993,-0.0485134,-0.1489499,-2.1534832
0.8275000,0.0184797,-0.0484431,-0.3361506,-2.3406839
0.8281250,0.0184604,-0.0483727,-0.5298188,-2.5343520
0.8287500,0.0184410,-0.0483024,-0.7234869,-2.7280202
0.8293750,0.0184218,-0.0482317,-0.9233393,-2.9278726
0.8300000,0.0184026,-0.0481610,-1.1231917,-3.1277250
0.8306250,0.0183835,-0.0480895,-1.3289212,-3.3334545
0.8312500,0.0183643,-0.0480181,-1.5346506,-3.5391839
0.8318750,0.0183451,-0.0479455,-1.7459255,-3.7504588
0.8325000,0.0183258,-0.0478728,-1.9572003,-3.9617336
0.8331250,0.0183064,-0.0477985,-2.1736641,-4.1781974
0.8337500,0.0182870,-0.0477242,-2.3901279,-4.3946612
0.8343750,0.0182673,-0.0476478,-2.6113988,-4.6159321
0.8350000,0.0182475,-0.0475713,-2.8326698,-4.8372031
0.8356250,0.0182274,-0.0474920,-3.0583408,-5.0628741
0.8362500,0.0182073,-0.0474128,-3.2840118,-5.2885451
0.8368750,0.0181867,-0.0473303,-3.5136503,-5.5181836
0.8375000,0.0181660,-0.0472479,-3.7432888,-5.7478221
0.8381250,0.0181448,-0.0471616,-3.9764369,-5.9809702
0.8387500,0.0181235,-0.0470754,-4.2095849,-6.2141182
0.8393750,0.0181016,-0.0469849,-4.4457595,-6.4502928
0.8400000,0.0180797,-0.0468944,-4.6819341,-6.6864674
0.8406250,0.0180570,-0.0467991,-4.9206277,-6.9251610
0.8412500,0.0180343,-0.0467038,-5.1593212,-7.1638545
0.8418750,0.0180109,-0.0466034,-5.4000022,-7.4045355
0.8425000,0.0179875,-0.0465030,-5.6406832,-7.6452165
0.8431250,0.0179633,-0.0463970,-5.8827969,-7.8873302
0.8437500,0.0179390,-0.0462911,-6.1249106,-8.1294439
0.8443750,0.0179141,-0.0461794,-6.3678801,-8.3724134
0.8450000,0.0178891,-0.0460677,-6.6108497,-8.6153830
0.8456250,0.0178634,-0.0459500,-6.8540774,-8.8586107
0.8462500,0.0178377,-0.0458324,-7.0973050,-9.1018383
0.8468750,0.0178114,-0.0457087,-7.3401736,-9.3447069
0.8475000,0.0177851,-0.0455850,-7.5830422,-9.5875755
0.8481250,0.0177583,-0.0454553,-7.8249165,-9.8294498
0.8487500,0.0177314,-0.0453256,-8.0667908,-10.0713241
0.8493750,0.0177042,-0.0451899,-8.3070198,-10.3115531
0.8500000,0.0176769,-0.0450543,-8.5472487,-10.5517820
0.8506250,0.0176494,-0.0449130,-8.7851669,-10.7897002
0.8512500,0.0176219,-0.0447716,-9.0230852,-11.0276185
0.8518750,0.0175943,-0.0446249,-9.2580156,-11.2625489
0.8525000,0.0175667,-0.0444782,-9.4929460,-11.4974793
0.8531250,0.0175392,-0.0443264,-9.7242020,-11.7287353
0.8537500,0.0175117,-0.0441747,-9.9554579,-11.9599912
0.8543750,0.0174845,-0.0440185,-10.1823457,-12.1868790
0.8550000,0.0174572,-0.0438622,-10.4092335,-12.4137668
0.8556250,0.0174304,-0.0437020,-10.6310552,-12.6355885
0.8562500,0.0174035,-0.0435418,-10.8528769,-12.8574102
0.8568750,0.0173773,-0.0433782,-11.0689331,-13.0734664
0.8575000,0.0173511,-0.0432146,-11.2849892,-13.2895225
0.8581250,0.0173257,-0.0430483,-11.4945820,-13.4991153
0.8587500,0.0173003,-0.0428820,-11.7041748,-13.7087081
0.8593750,0.0172759,-0.0427137,-11.9066108,-13.9111441
0.8600000,0.0172514,-0.0425453,-12.1090468,-14.1135801
0.8606250,0.0172280,-0.0423756,-12.3036405,-14.3081738
0.8612500,0.0172045,-0.0422058,-12.4982343,-14.5027676
0.8618750,0.0171823,-0.0420353,-12.6843111,-14.6888444
0.8625000,0.0171601,-0.0418649,-12.8703879,-14.8749212
0.8631250,0.0171391,-0.0416944,-13.0472876,-15.0518209
0.8637500,0.0171181,-0.0415239,-13.2241873,-15.2287206
0.8643750,0.0170985,-0.0413539,-13.3912673,-15.3958006
0.8650000,0.0170789,-0.0411839,-13.5583474,-15.5628807
0.8656250,0.0170606,-0.0410150,-13.7149861,-15.7195194
0.8662500,0.0170423,-0.0408460,-13.8716249,-15.8761582
0.8668750,0.0170255,-0.0406785,-14.0172252,-16.0217585
0.8675000,0.0170086,-0.0405110,-14.1628255,-16.1673588
0.8681250,0.0169931,-0.0403454,-14.2968179,-16.3013512
0.8687500,0.0169776,-0.0401798,-14.4308102,-16.4353435
0.8693750,0.0169635,-0.0400163,-14.5526561,-16.5571894
0.8700000,0.0169493,-0.0398528,-14.6745020,-16.6790353
0.8706250,0.0169366,-0.0396917,-14.7836970,-16.7882303
0.8712500,0.0169238,-0.0395305,-14.8928920,-16.8974253
0.8718750,0.0169123,-0.0393716,-14.9889690,-16.9935023
0.8725000,0.0169007,-0.0392128,-15.0850459,-17.0895792
0.8731250,0.0168905,-0.0390562,-15.1675777,-17.1721110
0.8737500,0.0168802,-0.0388997,-15.2501095,-17.2546428
0.8743750,0.0168711,-0.0387454,-15.3187121,-17.3232454
0.8750000,0.0168620,-0.0385911,-15.3873147,-17.3918480
0.8756250,0.0168540,-0.0384387,-15.4416497,-17.4461830
0.8762500,0.0168460,-0.0382863,-15.4959846,-17.5005179
0.8768750,0.0168391,-0.0381355,-15.5357614,-17.5402947
0.8775000,0.0168322,-0.0379848,-15.5755382,-17.5800715
0.8781250,0.0168264,-0.0378352,-15.6005166,-17.6050499
0.8787500,0.0168205,-0.0376857,-15.6254949,-17.6300282
0.8793750,0.0168156,-0.0375370,-15.6354868,-17.6400201
0.8800000,0.0168107,-0.0373883,-15.6454788,-17.6500121
0.8806250,0.0168068,-0.0372399,-15.6403502,-17.6448835
0.8812500,0.0168028,-0.0370915,-15.6352215,-17.6397548
0.8818750,0.0167998,-0.0369429,-15.6148937,-17.6194270
0.8825000,0.0167968,-0.0367943,-15.5945658,-17.5990991
0.8831250,0.0167947,-0.0366450,-15.5590164,-17.5635497
0.8837500,0.0167926,-0.0364957,-15.5234671,-17.5280004
0.8843750,0.0167915,-0.0363452,-15.4727315,-17.4772648
0.8850000,0.0167904,-0.0361948,-15.4219960,-17.4265293
0.8856250,0.0167903,-0.0360427,-15.3561674,-17.3607007
0.8862500,0.0167901,-0.0358906,-15.2903389,-17.2948722
0.8868750,0.0167910,-0.0357364,-15.2095688,-17.2141021
0.8875000,0.0167919,-0.0355822,-15.1287986,-17.1333319
0.8881250,0.0167938,-0.0354256,-15.0332964,-17.0378297
0.8887500,0.0167957,-0.0352691,-14.9377942,-16.9423275
0.8893750,0.0167988,-0.0351098,-14.8278271,-16.8323604
0.8900000,0.0168018,-0.0349505,-14.7178601,-16.7223934
0.8906250,0.0168060,-0.0347884,-14.5937523,-16.5982856
0.8912500,0.0168102,-0.0346263,-14.4696446,-16.4741779
0.8918750,0.0168157,-0.0344613,-14.3317763,-16.3363096
0.8925000,0.0168211,-0.0342962,-14.1939079,-16.1984412
0.8931250,0.0168279,-0.0341282,-14.0427133,-16.0472466
0.8937500,0.0168346,-0.0339602,-13.8915187,-15.8960520
0.8943750,0.0168427,-0.0337894,-13.7274850,-15.7320183
0.8950000,0.0168508,-0.0336187,-13.5634513,-15.5679846
0.8956250,0.0168603,-0.0334453,-13.3871163,-15.3916496
0.8962500,0.0168698,-0.0332720,-13.2107814,-15.2153147
0.8968750,0.0168808,-0.0330965,-13.0227311,-15.0272644
0.8975000,0.0168917,-0.0329209,-12.8346808,-14.8392141
0.8981250,0.0169041,-0.0327435,-12.6355468,-14.6400801
0.8987500,0.0169165,-0.0325661,-12.4364128,-14.4409461
0.8993750,0.0169304,-0.0323874,-12.2268693,-14.2314026
0.9000000,0.0169443,-0.0322087,-12.0173259,-14.0218592
0.9006250,0.0169596,-0.0320292,-11.7980866,-13.8026199
0.9012500,0.0169749,-0.0318498,-11.5788473,-13.5833806
0.9018750,0.0169917,-0.0316702,-11.3506619,-13.3551952
0.9025000,0.0170084,-0.0314906,-11.1224765,-13.1270098
0.9031250,0.0170265,-0.0313115,-10.8861267,-12.8906600
0.9037500,0.0170446,-0.0311325,-10.6497770,-12.6543103
0.9043750,0.0170640,-0.0309547,-10.4060733,-12.4106066
0.9050000,0.0170833,-0.0307769,-10.1623697,-12.1669030
0.9056250,0.0171038,-0.0306010,-9.9121467,-11.9166800
0.9062500,0.0171242,-0.0304251,-9.6619237,-11.6664570
0.9068750,0.0171458,-0.0302518,-9.4060362,-11.4105695
0.9075000,0.0171673,-0.0300785,-9.1501487,-11.1546820
0.9081250,0.0171897,-0.0299084,-8.8894672,-10.8940005
0.9087500,0.0172121,-0.0297383,-8.6287857,-10.6333190
0.9093750,0.0172352,-0.0295720,-8.3641921,-10.3687254
0.9100000,0.0172583,-0.0294058,-8.0995985,-10.1041318
0.9106250,0.0172820,-0.0292438,-7.8319815,-9.8365148
0.9112500,0.0173057,-0.0290819,-7.5643646,-9.5688979
0.9118750,0.0173298,-0.0289247,-7.2946154,-9.2991487
0.9125000,0.0173539,-0.0287676,-7.0248661,-9.0293994
0.9131250,0.0173783,-0.0286156,-6.7538735,-8.7584068
0.9137500,0.0174026,-0.0284636,-6.4828808,-8.4874141
0.9143750,0.0174271,-0.0283171,-6.2115266,-8.2160599
0.9150000,0.0174516,-0.0281706,-5.9401725,-7.9447058
0.9156250,0.0174760,-0.0280297,-5.6693278,-7.6738611
0.9162500,0.0175004,-0.0278888,-5.3984832,-7.4030165
0.9168750,0.0175247,-0.0277536,-5.1290032,-7.1335365
0.9175000,0.0175490,-0.0276184,-4.8595231,-6.8640564
0.9181250,0.0175730,-0.0274889,-4.5922431,-6.5967764
0.9187500,0.0175970,-0.0273594,-4.3249630,-6.3294963
0.9193750,0.0176207,-0.0272355,-4.0606943,-6.0652276
0.9200000,0.0176444,-0.0271117,-3.7964256,-5.8009589
0.9206250,0.0176677,-0.0269932,-3.5359516,-5.5404849
0.9212500,0.0176910,-0.0268748,-3.2754777,-5.2800110
0.9218750,0.0177139,-0.0267615,-3.0195502,-5.0240835
0.9225000,0.0177367,-0.0266483,-2.7636226,-4.7681559
0.9231250,0.0177592,-0.0265399,-2.5129579,-4.5174912
0.9237500,0.0177816,-0.0264315,-2.2622931,-4.2668264
0.9243750,0.0178037,-0.0263275,-2.0175691,-4.0221024
0.9250000,0.0178257,-0.0262236,-1.7728452,-3.7773785
0.9256250,0.0178474,-0.0261237,-1.5346984,-3.5392317
0.9262500,0.0178690,-0.0260238,-1.2965516,-3.3010849
0.9268750,0.0178903,-0.0259276,-1.0655740,-3.0701073
0.9275000,0.0179115,-0.0258313,-0.8345964,-2.8391297
0.9281250,0.0179325,-0.0257382,-0.6113336,-2.6158669
0.9287500,0.0179535,-0.0256450,-0.3880707,-2.3926040
0.9293750,0.0179743,-0.0255546,-0.1730191,-2.1775524
0.9300000,0.0179950,-0.0254642,0.0420324,-1.9625009
0.9306250,0.0180157,-0.0253761,0.2484265,-1.7561068
0.9312500,0.0180363,-0.0252880,0.4548205,-1.5497128
0.9318750,0.0180568,-0.0252017,0.6521629,-1.3523704
0.9325000,0.0180773,-0.0251154,0.8495053,-1.1550280
0.9331250,0.0180978,-0.0250306,1.0374547,-0.9670786
0.9337500,0.0181183,-0.0249458,1.2254042,-0.7791291
0.9343750,0.0181389,-0.0248622,1.4036732,-0.6008601
0.9350000,0.0181594,-0.0247786,1.5819421,-0.4225912
0.9356250,0.0181801,-0.0246958,1.7502971,-0.2542362
0.9362500,0.0182008,-0.0246130,1.9186521,-0.0858812
0.9368750,0.0182216,-0.0245309,2.0769135,0.0723803
0.9375000,0.0182424,-0.0244488,2.2351750,0.2306417
0.9381250,0.0182635,-0.0243671,2.3832169,0.3786836
0.9387500,0.0182845,-0.0242854,2.5312588,0.5267255
0.9393750,0.0183058,-0.0242041,2.6690080,0.6644747
0.9400000,0.0183270,-0.0241228,2.8067572,0.8022239
0.9406250,0.0183485,-0.0240418,2.9341922,0.9296589
0.9412500,0.0183699,-0.0239608,3.0616272,1.0570939
0.9418750,0.0183917,-0.0238800,3.1787770,1.1742437
0.9425000,0.0184134,-0.0237992,3.2959268,1.2913935
0.9431250,0.0184354,-0.0237187,3.4028687,1.3983354
0.9437500,0.0184573,-0.0236382,3.5098106,1.5052773
0.9443750,0.0184795,-0.0235581,3.6066685,1.6021352
0.9450000,0.0185017,-0.0234779,3.7035264,1.6989931
0.9456250,0.0185241,-0.0233981,3.7904684,1.7859351
0.9462500,0.0185464,-0.0233184,3.8774104,1.8728771
0.9468750,0.0185690,-0.0232391,3.9546460,1.9501127
0.9475000,0.0185915,-0.0231598,4.0318816,2.0273483
0.9481250,0.0186142,-0.0230811,4.0996590,2.0951257
0.9487500,0.0186369,-0.0230024,4.1674365,2.1629032
0.9493750,0.0186597,-0.0229243,4.2260397,2.2215064
0.9500000,0.0186824,-0.0228462,4.2846429,2.2801096
0.9506250,0.0187053,-0.0227688,4.3343880,2.3298547
0.9512500,0.0187282,-0.0226914,4.3841331,2.3795998
0.9518750,0.0187512,-0.0226147,4.4253651,2.4208318
0.9525000,0.0187741,-0.0225381,4.4665971,2.4620638
0.9531250,0.0187972,-0.0224621,4.4996865,2.4951532
0.9537500,0.0188202,-0.0223862,4.5327758,2.5282425
0.9543750,0.0188433,-0.0223109,4.5581145,2.5535812
0.9550000,0.0188664,-0.0222356,4.5834532,2.5789199
0.9556250,0.0188896,-0.0221609,4.6014513,2.5969180
0.9562500,0.0189128,-0.0220862,4.6194493,2.6149160
0.9568750,0.0189362,-0.0220119,4.6305307,2.6259974
0.9575000,0.0189595,-0.0219377,4.6416121,2.6370788
0.9581250,0.0189830,-0.0218638,4.6462112,2.6416779
0.9587500,0.0190065,-0.0217898,4.6508103,2.6462770
0.9593750,0.0190303,-0.0217159,4.6493679,2.6448346
0.9600000,0.0190540,-0.0216420,4.6479255,2.6433922
0.9606250,0.0190781,-0.0215679,4.6408851,2.6363518
0.9612500,0.0191022,-0.0214939,4.6338447,2.6293114
0.9618750,0.0191267,-0.0214194,4.6216490,2.6171157
0.9625000,0.0191512,-0.0213449,4.6094533,2.6049200
0.9631250,0.0191762,-0.0212697,4.5925404,2.5880071
0.9637500,0.0192012,-0.0211945,4.5756274,2.5710941
0.9643750,0.0192269,-0.0211183,4.5544275,2.5498942
0.9650000,0.0192525,-0.0210421,4.5332275,2.5286942
0.9656250,0.0192789,-0.0209646,4.5081595,2.5036262
0.9662500,0.0193053,-0.0208871,4.4830916,2.4785583
0.9668750,0.0193325,-0.0208081,4.4545605,2.4500272
0.9675000,0.0193597,-0.0207291,4.4260294,2.4214961
0.9681250,0.0193879,-0.0206483,4.3944227,2.3898894
0.9687500,0.0194160,-0.0205675,4.3628160,2.3582827
0.9693750,0.0194452,-0.0204847,4.3285017,2.3239684
0.9700000,0.0194743,-0.0204020,4.2941874,2.2896541
0.9706250,0.0195046,-0.0203172,4.2575113,2.2529780
0.9712500,0.0195349,-0.0202324,4.2208352,2.2163019
0.9718750,0.0195663,-0.0201455,4.1821189,2.1775856
0.9725000,0.0195977,-0.0200586,4.1434026,2.1388693
0.9731250,0.0196303,-0.0199696,4.1029418,2.0984085
0.9737500,0.0196628,-0.0198807,4.0624810,2.0579477
0.9743750,0.0196965,-0.0197897,4.0205438,2.0160105
0.9750000,0.0197301,-0.0196988,3.9786066,1.9740733
0.9756250,0.0197649,-0.0196061,3.9354324,1.9308991
0.9762500,0.0197997,-0.0195135,3.8922583,1.8877250
0.9768750,0.0198355,-0.0194194,3.8480571,1.8435238
0.9775000,0.0198712,-0.0193253,3.8038559,1.7993226
0.9781250,0.0199079,-0.0192302,3.7588074,1.7542741
0.9787500,0.0199445,-0.0191351,3.7137590,1.7092257
0.9793750,0.0199818,-0.0190395,3.6680129,1.6634796
0.9800000,0.0200191,-0.0189439,3.6222667,1.6177334
0.9806250,0.0200569,-0.0188484,3.5759422,1.5714089
0.9812500,0.0200946,-0.0187528,3.5296176,1.5250843
0.9818750,0.0201326,-0.0186579,3.4828042,1.4782709
0.9825000,0.0201705,-0.0185631,3.4359908,1.4314575
0.9831250,0.0202084,-0.0184697,3.3887491,1.3842158
0.9837500,0.0202462,-0.0183764,3.3415074,1.3369741
0.9843750,0.0202836,-0.0182852,3.2938699,1.2893367
0.9850000,0.0203210,-0.0181941,3.2462325,1.2416992
0.9856250,0.0203576,-0.0181061,3.1982054,1.1936721
0.9862500,0.0203942,-0.0180180,3.1501782,1.1456449
0.9868750,0.0204296,-0.0179338,3.1017424,1.0972091
0.9875000,0.0204649,-0.0178497,3.0533066,1.0487733
0.9881250,0.0204986,-0.0177702,3.0044202,0.9998869
0.9887500,0.0205323,-0.0176908,2.9555338,0.9510005
0.9893750,0.0205640,-0.0176169,2.9061337,0.9016005
0.9900000,0.0205956,-0.0175431,2.8567337,0.8522004
0.9906250,0.0206248,-0.0174756,2.8067387,0.8022054
0.9912500,0.0206540,-0.0174081,2.7567436,0.7522103
0.9918750,0.0206804,-0.0173477,2.7060560,0.7015227
0.9925000,0.0207067,-0.0172874,2.6553685,0.6508352
0.9931250,0.0207298,-0.0172348,2.6038778,0.5993445
0.9937500,0.0207529,-0.0171822,2.5523872,0.5478539
0.9943750,0.0207724,-0.0171380,2.4999724,0.4954391
0.9950000,0.0207919,-0.0170938,2.4475575,0.4430242
0.9956250,0.0208076,-0.0170585,2.3940902,0.3895569
0.9962500,0.0208233,-0.0170232,2.3406228,0.3360895
0.9968750,0.0208349,-0.0169972,2.2859704,0.2814371
0.9975000,0.0208464,-0.0169713,2.2313180,0.2267847
0.9981250,0.0208538,-0.0169549,2.1753469,0.1708136
0.9987500,0.0208611,-0.0169385,2.1193758,0.1148425
0.9993750,0.0208641,-0.0169319,2.0619545,0.0574212
1.0000000,0.0208671,-0.0169252,2.0045333,0.0000000
1.0006250,0.0208657,-0.0169283,1.9455357,-0.0589976
1.0012500,0.0208643,-0.0169314,1.8865381,-0.1179952
1.0018750,0.0208586,-0.0169443,1.8258466,-0.1786867
1.0025000,0.0208528,-0.0169571,1.7651551,-0.2393782
1.0031250,0.0208428,-0.0169795,1.7026636,-0.3018697
1.0037500,0.0208328,-0.0170018,1.6401722,-0.3643611
1.0043750,0.0208188,-0.0170334,1.5757893,-0.4287440
1.0050000,0.0208047,-0.0170649,1.5114065,-0.4931268
1.0056250,0.0207869,-0.0171052,1.4450584,-0.5594749
1.0062500,0.0207691,-0.0171455,1.3787103,-0.6258230
1.0068750,0.0207477,-0.0171940,1.3103434,-0.6941899
1.0075000,0.0207263,-0.0172425,1.2419764,-0.7625569
1.0081250,0.0207018,-0.0172986,1.1715599,-0.8329734
1.0087500,0.0206773,-0.0173547,1.1011433,-0.9033900
1.0093750,0.0206500,-0.0174176,1.0286715,-0.9758618
1.0100000,0.0206226,-0.0174806,0.9561997,-1.0483336
1.0106250,0.0205929,-0.0175497,0.8816944,-1.1228389
1.0112500,0.0205631,-0.0176188,0.8071892,-1.1973441
1.0118750,0.0205314,-0.0176933,0.7307014,-1.2738319
1.0125000,0.0204996,-0.0177677,0.6542137,-1.3503196
1.0131250,0.0204663,-0.0178467,0.5758253,-1.4287080
1.0137500,0.0204329,-0.0179256,0.4974370,-1.5070963
1.0143750,0.0203984,-0.0180082,0.4172620,-1.5872713
1.0150000,0.0203638,-0.0180908,0.3370871,-1.6674462
1.0156250,0.0203285,-0.0181763,0.2552728,-1.7492605
1.0162500,0.0202932,-0.0182617,0.1734584,-1.8310749
1.0168750,0.0202575,-0.0183492,0.0901859,-1.9143474
1.0175000,0.0202217,-0.0184367,0.0069133,-1.9976200
1.0181250,0.0201858,-0.0185255,-0.0776020,-2.0821353
1.0187500,0.0201499,-0.0186143,-0.1621174,-2.1666507
1.0193750,0.0201143,-0.0187037,-0.2476256,-2.2521589
1.0200000,0.0200786,-0.0187931,-0.3331338,-2.3376671
1.0206250,0.0200434,-0.0188825,-0.4193511,-2.4238844
1.0212500,0.0200081,-0.0189719,-0.5055683,-2.5101016
1.0218750,0.0199735,-0.0190607,-0.5921772,-2.5967105
1.0225000,0.0199389,-0.0191494,-0.6787860,-2.6833193
1.0231250,0.0199051,-0.0192372,-0.7654366,-2.7699699
1.0237500,0.0198713,-0.0193250,-0.8520872,-2.8566205
1.0243750,0.0198385,-0.0194114,-0.9383985,-2.9429318
1.0250000,0.0198056,-0.0194977,-1.0247098,-3.0292431
1.0256250,0.0197738,-0.0195824,-1.1102712,-3.1148045
1.0262500,0.0197420,-0.0196671,-1.1958325,-3.2003658
1.0268750,0.0197112,-0.0197499,-1.2802056,-3.2847389
1.0275000,0.0196804,-0.0198328,-1.3645788,-3.3691121
1.0281250,0.0196507,-0.0199137,-1.4473002,-3.4518335
1.0287500,0.0196209,-0.0199947,-1.5300216,-3.5345549
1.0293750,0.0195922,-0.0200737,-1.6106048,-3.6151381
1.0300000,0.0195635,-0.0201528,-1.6911880,-3.6957213
1.0306250,0.0195358,-0.0202300,-1.7691266,-3.7736599
1.0312500,0.0195081,-0.0203071,-1.8470652,-3.8515985
1.0318750,0.0194813,-0.0203826,-1.9218359,-3.9263692
1.0325000,0.0194545,-0.0204581,-1.9966065,-4.0011398
1.0331250,0.0194285,-0.0205321,-2.0676724,-4.0722057
1.0337500,0.0194025,-0.0206061,-2.1387383,-4.1432716
1.0343750,0.0193772,-0.0206788,-2.2055523,-4.2100856
1.0350000,0.0193519,-0.0207515,-2.2723663,-4.2768996
1.0356250,0.0193273,-0.0208232,-2.3343750,-4.3389083
1.0362500,0.0193026,-0.0208949,-2.3963837,-4.4009170
1.0368750,0.0192785,-0.0209660,-2.4530311,-4.4575644
1.0375000,0.0192543,-0.0210370,-2.5096786,-4.5142119
1.0381250,0.0192305,-0.0211075,-2.5604102,-4.5649435
1.0387500,0.0192067,-0.0211781,-2.6111418,-4.6156751
1.0393750,0.0191833,-0.0212485,-2.6554085,-4.6599418
1.0400000,0.0191598,-0.0213190,-2.6996752,-4.7042085
1.0406250,0.0191366,-0.0213895,-2.7369374,-4.7414707
1.0412500,0.0191133,-0.0214601,-2.7741997,-4.7787330
1.0418750,0.0190902,-0.0215310,-2.8039318,-4.8084651
1.0425000,0.0190670,-0.0216018,-2.8336639,-4.8381972
1.0431250,0.0190440,-0.0216732,-2.8553580,-4.8598913
1.0437500,0.0190210,-0.0217446,-2.8770521,-4.8815854
1.0443750,0.0189980,-0.0218166,-2.8902224,-4.8947557
1.0450000,0.0189750,-0.0218886,-2.9033926,-4.9079259
1.0456250,0.0189521,-0.0219614,-2.9075792,-4.9121125
1.0462500,0.0189291,-0.0220341,-2.9117659,-4.9162992
1.0468750,0.0189062,-0.0221076,-2.9065390,-4.9110723
1.0475000,0.0188833,-0.0221811,-2.9013122,-4.9058455
1.0481250,0.0188604,-0.0222554,-2.8862760,-4.8908093
1.0487500,0.0188375,-0.0223297,-2.8712397,-4.8757730
1.0493750,0.0188147,-0.0224047,-2.8460355,-4.8505688
1.0500000,0.0187918,-0.0224797,-2.8208312,-4.8253645
1.0506250,0.0187691,-0.0225553,-2.7851412,-4.7896745
1.0512500,0.0187463,-0.0226309,-2.7494511,-4.7539844
1.0518750,0.0187237,-0.0227070,-2.7030017,-4.7075350
1.0525000,0.0187010,-0.0227831,-2.6565523,-4.6610856
1.0531250,0.0186786,-0.0228596,-2.5991169,-4.6036502
1.0537500,0.0186561,-0.0229361,-2.5416816,-4.5462149
1.0543750,0.0186339,-0.0230128,-2.4730834,-4.4776167
1.0550000,0.0186117,-0.0230894,-2.4044853,-4.4090186
1.0556250,0.0185898,-0.0231661,-2.3245995,-4.3291328
1.0562500,0.0185678,-0.0232427,-2.2447138,-4.2492471
1.0568750,0.0185462,-0.0233193,-2.1534700,-4.1580033
1.0575000,0.0185246,-0.0233958,-2.0622263,-4.0667596
1.0581250,0.0185034,-0.0234720,-1.9596099,-3.9641432
1.0587500,0.0184821,-0.0235483,-1.8569935,-3.8615268
1.0593750,0.0184613,-0.0236241,-1.7430472,-3.7475805
1.0600000,0.0184404,-0.0237000,-1.6291008,-3.6336341
1.0606250,0.0184199,-0.0237754,-1.5039256,-3.5084589
1.0612500,0.0183994,-0.0238508,-1.3787503,-3.3832836
1.0618750,0.0183794,-0.0239257,-1.2425060,-3.2470393
1.0625000,0.0183593,-0.0240006,-1.1062618,-3.1107951
1.0631250,0.0183397,-0.0240750,-0.9591677,-2.9637010
1.0637500,0.0183200,-0.0241493,-0.8120736,-2.8166069
1.0643750,0.0183007,-0.0242233,-0.6544078,-2.6589411
1.0650000,0.0182814,-0.0242973,-0.4967421,-2.5012754
1.0656250,0.0182625,-0.0243710,-0.3288413,-2.3333746
1.0662500,0.0182435,-0.0244447,-0.1609406,-2.1654739
1.0668750,0.0182248,-0.0245184,0.0168010,-1.9877323
1.0675000,0.0182061,-0.0245920,0.1945426,-1.8099907
1.0681250,0.0181876,-0.0246658,0.3816746,-1.6228587
1.0687500,0.0181691,-0.0247397,0.5688066,-1.4357267
1.0693750,0.0181508,-0.0248140,0.7648240,-1.2397093
1.0700000,0.0181324,-0.0248883,0.9608414,-1.0436919
1.0706250,0.0181141,-0.0249635,1.1651867,-0.8393466
1.0712500,0.0180958,-0.0250387,1.3695321,-0.6350012
1.0718750,0.0180775,-0.0251152,1.5815980,-0.4229353
1.0725000,0.0180591,-0.0251917,1.7936639,-0.2108694
1.0731250,0.0180406,-0.0252699,2.0127956,0.0082623
1.0737500,0.0180221,-0.0253481,2.2319273,0.2273940
1.0743750,0.0180034,-0.0254285,2.4574259,0.4528926
1.0750000,0.0179847,-0.0255088,2.6829245,0.6783912
1.0756250,0.0179657,-0.0255919,2.9140503,0.9095170
1.0762500,0.0179467,-0.0256749,3.1451761,1.1406428
1.0768750,0.0179274,-0.0257611,3.3811524,1.3766191
1.0775000,0.0179080,-0.0258472,3.6171287,1.6125954
1.0781250,0.0178882,-0.0259370,3.8571456,1.8526123
1.0787500,0.0178683,-0.0260268,4.0971624,2.0926291
1.0793750,0.0178480,-0.0261206,4.3403808,2.3358475
1.0800000,0.0178277,-0.0262144,4.5835993,2.5790660
1.0806250,0.0178069,-0.0263126,4.8291558,2.8246225
1.0812500,0.0177860,-0.0264109,5.0747123,3.0701790
1.0818750,0.0177646,-0.0265139,5.3217232,3.3171899
1.0825000,0.0177432,-0.0266169,5.5687341,3.5642008
1.0831250,0.0177213,-0.0267250,5.8163002,3.8117669
1.0837500,0.0176993,-0.0268330,6.0638662,4.0593329
1.0843750,0.0176769,-0.0269464,6.3110777,4.3065444
1.0850000,0.0176545,-0.0270597,6.5582892,4.5537559
1.0856250,0.0176317,-0.0271785,6.8042305,4.7996972
1.0862500,0.0176088,-0.0272973,7.0501717,5.0456384
1.0868750,0.0175856,-0.0274216,7.2939262,5.2893929
1.0875000,0.0175623,-0.0275458,7.5376806,5.5331473
1.0881250,0.0175388,-0.0276755,7.7783355,5.7738022
1.0887500,0.0175153,-0.0278051,8.0189904,6.0144571
1.0893750,0.0174916,-0.0279402,8.2556420,6.2511087
1.0900000,0.0174679,-0.0280752,8.4922937,6.4877604
1.0906250,0.0174442,-0.0282153,8.7240518,6.7195185
1.0912500,0.0174205,-0.0283554,8.9558100,6.9512767
1.0918750,0.0173969,-0.0285004,9.1818027,7.1772694
1.0925000,0.0173733,-0.0286454,9.4077954,7.4032621
1.0931250,0.0173499,-0.0287949,9.6271738,7.6226405
1.0937500,0.0173265,-0.0289444,9.8465521,7.8420188
1.0943750,0.0173036,-0.0290980,10.0584945,8.0539612
1.0950000,0.0172806,-0.0292516,10.2704368,8.2659035
1.0956250,0.0172582,-0.0294088,10.4741531,8.4696198
1.0962500,0.0172357,-0.0295659,10.6778693,8.6733360
1.0968750,0.0172140,-0.0297262,10.8726050,8.8680717
1.0975000,0.0171922,-0.0298865,11.0673407,9.0628074
1.0981250,0.0171713,-0.0300493,11.2523808,9.2478475
1.0987500,0.0171504,-0.0302120,11.4374209,9.4328876
1.0993750,0.0171304,-0.0303767,11.6120933,9.6075600
1.1000000,0.0171104,-0.0305414,11.7867658,9.7822325
1.1006250,0.0170915,-0.0307075,11.9504445,9.9459112
1.1012500,0.0170725,-0.0308736,12.1141232,10.1095899
1.1018750,0.0170547,-0.0310404,12.2662314,10.2616981
1.1025000,0.0170368,-0.0312073,12.4183396,10.4138063
1.1031250,0.0170201,-0.0313744,12.5583521,10.5538188
1.1037500,0.0170035,-0.0315414,12.6983645,10.6938312
1.1043750,0.0169881,-0.0317082,12.8258100,10.8212767
1.1050000,0.0169727,-0.0318749,12.9532555,10.9487222
1.1056250,0.0169586,-0.0320409,13.0677188,11.0631855
1.1062500,0.0169444,-0.0322069,13.1821820,11.1776487
1.1068750,0.0169316,-0.0323717,13.2833052,11.2787719
1.1075000,0.0169187,-0.0325364,13.3844283,11.3798950
1.1081250,0.0169072,-0.0326996,13.4719120,11.4673787
1.1087500,0.0168956,-0.0328628,13.5593957,11.5548624
1.1093750,0.0168853,-0.0330242,13.6330002,11.6284669
1.1100000,0.0168750,-0.0331855,13.7066048,11.7020715
1.1106250,0.0168659,-0.0333447,13.7661502,11.7616169
1.1112500,0.0168568,-0.0335040,13.8256957,11.8211624
1.1118750,0.0168489,-0.0336610,13.8710621,11.8665288
1.1125000,0.0168410,-0.0338180,13.9164285,11.9118952
1.1131250,0.0168343,-0.0339727,13.9475555,11.9430222
1.1137500,0.0168276,-0.0341275,13.9786825,11.9741492
1.1143750,0.0168220,-0.0342800,13.9955688,11.9910355
1.1150000,0.0168163,-0.0344325,14.0124551,12.0079218
1.1156250,0.0168118,-0.0345828,14.0151574,12.0106241
1.1162500,0.0168072,-0.0347331,14.0178596,12.0133263
1.1168750,0.0168037,-0.0348814,14.0064911,12.0019578
1.1175000,0.0168001,-0.0350296,13.9951227,11.9905894
1.1181250,0.0167975,-0.0351761,13.9698517,11.9653184
1.1187500,0.0167949,-0.0353226,13.9445808,11.9400475
1.1193750,0.0167933,-0.0354674,13.9056286,11.9010953
1.1200000,0.0167916,-0.0356123,13.8666764,11.8621431
1.1206250,0.0167909,-0.0357559,13.8143149,11.8097816
1.1212500,0.0167901,-0.0358996,13.7619534,11.7574201
1.1218750,0.0167903,-0.0360423,13.6965026,11.6919693
1.1225000,0.0167904,-0.0361851,13.6310517,11.6265184
1.1231250,0.0167914,-0.0363272,13.5528770,11.5483437
1.1237500,0.0167924,-0.0364694,13.4747022,11.4701689
1.1243750,0.0167943,-0.0366113,13.3842113,11.3796780
1.1250000,0.0167961,-0.0367532,13.2937205,11.2891872
1.1256250,0.0167988,-0.0368953,13.1913603,11.1868270
1.1262500,0.0168015,-0.0370374,13.0890002,11.0844669
1.1268750,0.0168051,-0.0371799,12.9752534,10.9707201
1.1275000,0.0168087,-0.0373224,12.8615066,10.8569733
1.1281250,0.0168133,-0.0374657,12.7368879,10.7323546
1.1287500,0.0168178,-0.0376090,12.6122693,10.6077360
1.1293750,0.0168232,-0.0377534,12.4773223,10.4727890
1.1300000,0.0168286,-0.0378978,12.3423753,10.3378420
1.1306250,0.0168350,-0.0380434,12.1976681,10.1931348
1.1312500,0.0168414,-0.0381890,12.0529609,10.0484276
1.1318750,0.0168488,-0.0383361,11.8990829,9.8945496
1.1325000,0.0168561,-0.0384832,11.7452048,9.7406715
1.1331250,0.0168645,-0.0386319,11.5827626,9.5782293
1.1337500,0.0168729,-0.0387806,11.4203203,9.4157870
1.1343750,0.0168824,-0.0389309,11.2499337,9.2454004
1.1350000,0.0168918,-0.0390812,11.0795472,9.0750139
1.1356250,0.0169024,-0.0392332,10.9018460,8.8973127
1.1362500,0.0169130,-0.0393851,10.7241448,8.7196115
1.1368750,0.0169247,-0.0395387,10.5397646,8.5352313
1.1375000,0.0169363,-0.0396922,10.3553844,8.3508511
1.1381250,0.0169492,-0.0398472,10.1649630,8.1604297
1.1387500,0.0169620,-0.0400021,9.9745416,7.9700083
1.1393750,0.0169760,-0.0401584,9.7787155,7.7741822
1.1400000,0.0169899,-0.0403147,9.5828895,7.5783562
1.1406250,0.0170051,-0.0404719,9.3822906,7.3777573
1.1412500,0.0170202,-0.0406292,9.1816917,7.1771584
1.1418750,0.0170365,-0.0407872,8.9769440,6.9724107
1.1425000,0.0170528,-0.0409453,8.7721962,6.7676629
1.1431250,0.0170703,-0.0411037,8.5639124,6.5593791
1.1437500,0.0170877,-0.0412622,8.3556286,6.3510953
1.1443750,0.0171063,-0.0414207,8.1444077,6.1398744
1.1450000,0.0171248,-0.0415792,7.9331868,5.9286535
1.1456250,0.0171444,-0.0417374,7.7196111,5.7150778
1.1462500,0.0171640,-0.0418956,7.5060355,5.5015022
1.1468750,0.0171846,-0.0420530,7.2906683,5.2861350
1.1475000,0.0172051,-0.0422104,7.0753012,5.0707679
1.1481250,0.0172267,-0.0423667,6.8586845,4.8541512
1.1487500,0.0172482,-0.0425229,6.6420678,4.6375345
1.1493750,0.0172706,-0.0426775,6.4247203,4.4201870
1.1500000,0.0172929,-0.0428321,6.2073728,4.2028395
1.1506250,0.0173160,-0.0429847,5.9897882,3.9852549
1.1512500,0.0173391,-0.0431373,5.7722036,3.7676703
1.1518750,0.0173629,-0.0432875,5.5548494,3.5503161
1.1525000,0.0173866,-0.0434377,5.3374951,3.3329618
1.1531250,0.0174109,-0.0435850,5.1208109,3.1162776
1.1537500,0.0174352,-0.0437324,4.9041266,2.8995933
1.1543750,0.0174599,-0.0438766,4.6885237,2.6839904
1.1550000,0.0174846,-0.0440208,4.4729207,2.4683874
1.1556250,0.0175096,-0.0441615,4.2587812,2.2542479
1.1562500,0.0175345,-0.0443022,4.0446417,2.0401084
1.1568750,0.0175597,-0.0444392,3.8323182,1.8277849
1.1575000,0.0175849,-0.0445761,3.6199948,1.6154615
1.1581250,0.0176102,-0.0447090,3.4098103,1.4052770
1.1587500,0.0176354,-0.0448419,3.1996259,1.1950926
1.1593750,0.0176606,-0.0449706,2.9918739,0.9873406
1.1600000,0.0176858,-0.0450993,2.7841220,0.7795887
1.1606250,0.0177109,-0.0452237,2.5790670,0.5745337
1.1612500,0.0177360,-0.0453480,2.3740120,0.3694787
1.1618750,0.0177609,-0.0454679,2.1718898,0.1673565
1.1625000,0.0177857,-0.0455878,1.9697676,-0.0347657
1.1631250,0.0178102,-0.0457032,1.7707865,-0.2337468
1.1637500,0.0178347,-0.0458186,1.5718054,-0.4327279
1.1643750,0.0178589,-0.0459295,1.3761470,-0.6283863
1.1650000,0.0178831,-0.0460404,1.1804886,-0.8240447
1.1656250,0.0179068,-0.0461468,0.9883092,-1.0162241
1.1662500,0.0179305,-0.0462532,0.7961298,-1.2084035
1.1668750,0.0179538,-0.0463553,0.6075616,-1.3969717
1.1675000,0.0179770,-0.0464574,0.4189935,-1.5855398
1.1681250,0.0179997,-0.0465553,0.2341464,-1.7703869
1.1687500,0.0180224,-0.0466531,0.0492994,-1.9552339
1.1693750,0.0180446,-0.0467469,-0.1317375,-2.1362708
1.1700000,0.0180668,-0.0468407,-0.3127744,-2.3173077
1.1706250,0.0180885,-0.0469307,-0.4899311,-2.4944644
1.1712500,0.0181101,-0.0470206,-0.6670877,-2.6716210
1.1718750,0.0181313,-0.0471069,-0.8403109,-2.8448442
1.1725000,0.0181524,-0.0471932,-1.0135341,-3.0180674
1.1731250,0.0181731,-0.0472761,-1.1827860,-3.1873193
1.1737500,0.0181938,-0.0473590,-1.3520379,-3.3565712
1.1743750,0.0182139,-0.0474388,-1.5172935,-3.5218268
1.1750000,0.0182341,-0.0475187,-1.6825491,-3.6870824
1.1756250,0.0182539,-0.0475957,-1.8437947,-3.8483280
1.1762500,0.0182737,-0.0476728,-2.0050404,-4.0095737
1.1768750,0.0182931,-0.0477473,-2.1622712,-4.1668045
1.1775000,0.0183124,-0.0478218,-2.3195019,-4.3240352
1.1781250,0.0183315,-0.0478941,-2.4727200,-4.4772533
1.1787500,0.0183506,-0.0479664,-2.6259381,-4.6304714
1.1793750,0.0183694,-0.0480369,-2.7751507,-4.7796840
1.1800000,0.0183882,-0.0481073,-2.9243633,-4.9288966
1.1806250,0.0184068,-0.0481761,-3.0695807,-5.0741140
1.1812500,0.0184253,-0.0482449,-3.2147981,-5.2193314
1.1818750,0.0184438,-0.0483124,-3.3560318,-5.3605651
1.1825000,0.0184623,-0.0483798,-3.4972654,-5.5017987
1.1831250,0.0184807,-0.0484462,-3.6345261,-5.6390594
1.1837500,0.0184990,-0.0485127,-3.7717868,-5.7763201
1.1843750,0.0185174,-0.0485783,-3.9050833,-5.9096166
1.1850000,0.0185358,-0.0486439,-4.0383798,-6.0429131
1.1856250,0.0185542,-0.0487090,-4.1677168,-6.1722501
1.1862500,0.0185726,-0.0487741,-4.2970539,-6.3015872
1.1868750,0.0185912,-0.0488389,-4.4224313,-6.4269646
1.1875000,0.0186097,-0.0489036,-4.5478086,-6.5523419
1.1881250,0.0186284,-0.0489682,-4.6692195,-6.6737528
1.1887500,0.0186471,-0.0490328,-4.7906303,-6.7951636
1.1893750,0.0186660,-0.0490975,-4.9080604,-6.9125937
1.1900000,0.0186849,-0.0491621,-5.0254904,-7.0300237
1.1906250,0.0187041,-0.0492269,-5.1389169,-7.1434502
1.1912500,0.0187232,-0.0492917,-5.2523434,-7.2568767
1.1918750,0.0187427,-0.0493568,-5.3617343,-7.3662676
1.1925000,0.0187621,-0.0494218,-5.4711252,-7.4756585
1.1931250,0.0187819,-0.0494872,-5.5764387,-7.5809720
1.1937500,0.0188016,-0.0495526,-5.6817523,-7.6862856
1.1943750,0.0188217,-0.0496184,-5.7829365,-7.7874698
1.1950000,0.0188417,-0.0496842,-5.8841207,-7.8886540
1.1956250,0.0188622,-0.0497505,-5.9811131,-7.9856464
1.1962500,0.0188826,-0.0498168,-6.0781055,-8.0826388
1.1968750,0.0189034,-0.0498835,-6.1708333,-8.1753666
1.1975000,0.0189242,-0.0499502,-6.2635610,-8.2680943
1.1981250,0.0189454,-0.0500174,-6.3519411,-8.3564744
1.1987500,0.0189665,-0.0500845,-6.4403211,-8.4448544
1.1993750,0.0189880,-0.0501521,-6.5242603,-8.5287936
1.2000000,0.0190095,-0.0502197,-6.6081995,-8.6127328
1.2006250,0.0190314,-0.0502876,-6.6875954,-8.6921287
1.2012500,0.0190532,-0.0503555,-6.7669913,-8.7715246
1.2018750,0.0190754,-0.0504238,-6.8417326,-8.8462659
1.2025000,0.0190976,-0.0504920,-6.9164738,-8.9210071
1.2031250,0.0191201,-0.0505605,-6.9864412,-8.9909745
1.2037500,0.0191426,-0.0506290,-7.0564086,-9.0609419
1.2043750,0.0191654,-0.0506976,-7.1214759,-9.1260092
1.2050000,0.0191881,-0.0507663,-7.1865432,-9.1910765
1.2056250,0.0192112,-0.0508350,-7.2465783,-9.2511116
1.2062500,0.0192343,-0.0509038,-7.3066134,-9.3111467
1.2068750,0.0192576,-0.0509726,-7.3614796,-9.3660129
1.2075000,0.0192809,-0.0510414,-7.4163458,-9.4208791
1.2081250,0.0193045,-0.0511102,-7.4659030,-9.4704363
1.2087500,0.0193280,-0.0511789,-7.5154601,-9.5199934
1.2093750,0.0193517,-0.0512476,-7.5595663,-9.5640996
1.2100000,0.0193754,-0.0513163,-7.6036725,-9.6082058
1.2106250,0.0193994,-0.0513848,-7.6421854,-9.6467187
1.2112500,0.0194233,-0.0514533,-7.6806983,-9.6852316
1.2118750,0.0194474,-0.0515217,-7.7134767,-9.7180100
1.2125000,0.0194715,-0.0515900,-7.7462551,-9.7507884
1.2131250,0.0194958,-0.0516582,-7.7731607,-9.7776940
1.2137500,0.0195201,-0.0517264,-7.8000662,-9.8045995
1.2143750,0.0195446,-0.0517944,-7.8209649,-9.8254982
1.2150000,0.0195690,-0.0518623,-7.8418636,-9.8463969
1.2156250,0.0195936,-0.0519301,-7.8566276,-9.8611609
1.2162500,0.0196182,-0.0519979,-7.8713917,-9.8759250
1.2168750,0.0196430,-0.0520655,-7.8799010,-9.8844343
1.2175000,0.0196678,-0.0521331,-7.8884103,-9.8929436
1.2181250,0.0196928,-0.0522006,-7.8905540,-9.8950873
1.2187500,0.0197178,-0.0522681,-7.8926977,-9.8972310
1.2193750,0.0197430,-0.0523355,-7.8883761,-9.8929094
1.2200000,0.0197682,-0.0524029,-7.8840545,-9.8885878
1.2206250,0.0197936,-0.0524703,-7.8731802,-9.8777135
1.2212500,0.0198190,-0.0525376,-7.8623059,-9.8668392
1.2218750,0.0198447,-0.0526050,-7.8448056,-9.8493389
1.2225000,0.0198704,-0.0526724,-7.8273053,-9.8318386
1.2231250,0.0198963,-0.0527399,-7.8031210,-9.8076543
1.2237500,0.0199222,-0.0528074,-7.7789368,-9.7834701
1.2243750,0.0199485,-0.0528750,-7.7480272,-9.7525605
1.2250000,0.0199747,-0.0529427,-7.7171175,-9.7216508
1.2256250,0.0200013,-0.0530105,-7.6794591,-9.6839924
1.2262500,0.0200278,-0.0530783,-7.6418006,-9.6463339
1.2268750,0.0200547,-0.0531463,-7.5973888,-9.6019221
1.2275000,0.0200816,-0.0532144,-7.5529769,-9.5575102
1.2281250,0.0201088,-0.0532827,-7.5018269,-9.5063602
1.2287500,0.0201360,-0.0533509,-7.4506769,-9.4552102
1.2293750,0.0201636,-0.0534194,-7.3928247,-9.3973580
1.2300000,0.0201911,-0.0534878,-7.3349726,-9.3395059
1.2306250,0.0202190,-0.0535565,-7.2704754,-9.2750087
1.2312500,0.0202469,-0.0536251,-7.2059783,-9.2105116
1.2318750,0.0202751,-0.0536938,-7.1349153,-9.1394486
1.2325000,0.0203032,-0.0537625,-7.0638524,-9.0683857
1.2331250,0.0203316,-0.0538312,-6.9863249,-8.9908582
1.2337500,0.0203599,-0.0538998,-6.9087975,-8.9133308
1.2343750,0.0203885,-0.0539682,-6.8249293,-8.8294626
1.2350000,0.0204171,-0.0540367,-6.7410611,-8.7455944
1.2356250,0.0204458,-0.0541048,-6.6509984,-8.6555317
1.2362500,0.0204744,-0.0541729,-6.5609356,-8.5654689
1.2368750,0.0205031,-0.0542403,-6.4648469,-8.4693802
1.2375000,0.0205317,-0.0543078,-6.3687581,-8.3732914
1.2381250,0.0205602,-0.0543743,-6.2668341,-8.2713674
1.2387500,0.0205887,-0.0544408,-6.1649100,-8.1694433
1.2393750,0.0206169,-0.0545061,-6.0573629,-8.0618962
1.2400000,0.0206451,-0.0545714,-5.9498159,-7.9543492
1.2406250,0.0206729,-0.0546351,-5.8368794,-7.8414127
1.2412500,0.0207006,-0.0546988,-5.7239430,-7.7284763
1.2418750,0.0207277,-0.0547606,-5.6058710,-7.6104043
1.2425000,0.0207548,-0.0548223,-5.4877991,-7.4923324
1.2431250,0.0207811,-0.0548816,-5.3648651,-7.3693984
1.2437500,0.0208073,-0.0549409,-5.2419311,-7.2464644
1.2443750,0.0208325,-0.0549974,-5.1144273,-7.1189606
1.2450000,0.0208577,-0.0550538,-4.9869235,-6.9914568
1.2456250,0.0208816,-0.0551070,-4.8551596,-6.8596929
1.2462500,0.0209054,-0.0551602,-4.7233956,-6.7279289
1.2468750,0.0209277,-0.0552096,-4.5876977,-6.5922310
1.2475000,0.0209500,-0.0552590,-4.4519997,-6.4565330
1.2481250,0.0209706,-0.0553042,-4.3127090,-6.3172423
1.2487500,0.0209911,-0.0553494,-4.1734182,-6.1779515
1.2493750,0.0210096,-0.0553899,-4.0308895,-6.0354228
1.2500000,0.0210281,-0.0554304,-3.8883609,-5.8928942
1.2506250,0.0210444,-0.0554659,-3.7429616,-5.7474949
1.2512500,0.0210607,-0.0555013,-3.5975623,-5.6020956
1.2518750,0.0210745,-0.0555312,-3.4496703,-5.4542036
1.2525000,0.0210883,-0.0555611,-3.3017784,-5.3063117
1.2531250,0.0210994,-0.0555852,-3.1517811,-5.1563144
1.2537500,0.0211105,-0.0556093,-3.0017839,-5.0063172
1.2543750,0.0211189,-0.0556273,-2.8500763,-4.8546096
1.2550000,0.0211272,-0.0556452,-2.6983688,-4.7029021
1.2556250,0.0211325,-0.0556567,-2.5453520,-4.5498853
1.2562500,0.0211378,-0.0556682,-2.3923352,-4.3968685
1.2568750,0.0211401,-0.0556731,-2.2384149,-4.2429482
1.2575000,0.0211424,-0.0556779,-2.0844945,-4.0890278
1.2581250,0.0211415,-0.0556761,-1.9300792,-3.9346125
1.2587500,0.0211406,-0.0556742,-1.7756638,-3.7801971
1.2593750,0.0211366,-0.0556655,-1.6211633,-3.6256966
1.2600000,0.0211326,-0.0556568,-1.4666628,-3.4711961
1.2606250,0.0211254,-0.0556413,-1.3124868,-3.3170201
1.2612500,0.0211182,-0.0556258,-1.1583109,-3.1628442
1.2618750,0.0211079,-0.0556036,-1.0048676,-3.0094009
1.2625000,0.0210976,-0.0555813,-0.8514244,-2.8559577
1.2631250,0.0210843,-0.0555525,-0.6991187,-2.7036520
1.2637500,0.0210710,-0.0555237,-0.5468131,-2.5513464
1.2643750,0.0210549,-0.0554885,-0.3960455,-2.4005788
1.2650000,0.0210387,-0.0554534,-0.2452779,-2.2498112
1.2656250,0.0210199,-0.0554122,-0.0964430,-2.1009763
1.2662500,0.0210010,-0.0553710,0.0523918,-1.9521415
1.2668750,0.0209797,-0.0553242,0.1989063,-1.8056270
1.2675000,0.0209583,-0.0552773,0.3454208,-1.6591125
1.2681250,0.0209347,-0.0552251,0.4892353,-1.5152980
1.2687500,0.0209111,-0.0551729,0.6330498,-1.3714835
1.2693750,0.0208855,-0.0551159,0.7737940,-1.2307393
1.2700000,0.0208599,-0.0550589,0.9145383,-1.0899950
1.2706250,0.0208326,-0.0549976,1.0518520,-0.9526813
1.2712500,0.0208053,-0.0549363,1.1891657,-0.8153676
1.2718750,0.0207765,-0.0548712,1.3226995,-0.6818338
1.2725000,0.0207477,-0.0548061,1.4562333,-0.5483000
1.2731250,0.0207177,-0.0547377,1.5856497,-0.4188836
1.2737500,0.0206877,-0.0546693,1.7150660,-0.2894673
1.2743750,0.0206569,-0.0545983,1.8400395,-0.1644938
1.2750000,0.0206260,-0.0545272,1.9650130,-0.0395203
1.2756250,0.0205945,-0.0544540,2.0852312,0.0806979
1.2762500,0.0205629,-0.0543808,2.2054494,0.2009161
1.2768750,0.0205310,-0.0543060,2.3206130,0.3160797
1.2775000,0.0204991,-0.0542311,2.4357767,0.4312434
1.2781250,0.0204670,-0.0541551,2.5456000,0.5410667
1.2787500,0.0204349,-0.0540792,2.6554233,0.6508900
1.2793750,0.0204029,-0.0540026,2.7596344,0.7551011
1.2800000,0.0203708,-0.0539260,2.8638456,0.8593123
1.2806250,0.0203390,-0.0538491,2.9621865,0.9576532
1.2812500,0.0203072,-0.0537723,3.0605274,1.0559941
1.2818750,0.0202758,-0.0536956,3.1527540,1.1482207
1.2825000,0.0202444,-0.0536190,3.2449805,1.2404472
1.2831250,0.0202135,-0.0535427,3.3308626,1.3263293
1.2837500,0.0201825,-0.0534665,3.4167446,1.4122113
1.2843750,0.0201522,-0.0533909,3.4960658,1.4915325
1.2850000,0.0201218,-0.0533154,3.5753870,1.5708537
1.2856250,0.0200921,-0.0532407,3.6479445,1.6434112
1.2862500,0.0200624,-0.0531660,3.7205020,1.7159687
1.2868750,0.0200334,-0.0530923,3.7861066,1.7815733
1.2875000,0.0200044,-0.0530187,3.8517111,1.8471778
1.2881250,0.0199761,-0.0529461,3.9101863,1.9056530
1.2887500,0.0199478,-0.0528735,3.9686615,1.9641282
1.2893750,0.0199202,-0.0528019,4.0198440,2.0153107
1.2900000,0.0198925,-0.0527303,4.0710266,2.0664933
1.2906250,0.0198656,-0.0526597,4.1147656,2.1102323
1.2912500,0.0198386,-0.0525892,4.1585045,2.1539712
1.2918750,0.0198122,-0.0525195,4.1946610,2.1901277
1.2925000,0.0197858,-0.0524498,4.2308174,2.2262841
1.2931250,0.0197600,-0.0523808,4.2592644,2.2547311
1.2937500,0.0197341,-0.0523118,4.2877114,2.2831781
1.2943750,0.0197087,-0.0522434,4.3083334,2.3038001
1.2950000,0.0196833,-0.0521750,4.3289553,2.3244220
1.2956250,0.0196583,-0.0521069,4.3416479,2.3371146
1.2962500,0.0196332,-0.0520389,4.3543405,2.3498072
1.2968750,0.0196085,-0.0519711,4.3590101,2.3544768
1.2975000,0.0195838,-0.0519032,4.3636796,2.3591463
1.2981250,0.0195593,-0.0518352,4.3602431,2.3557098
1.2987500,0.0195348,-0.0517673,4.3568066,2.3522733
1.2993750,0.0195105,-0.0516991,4.3451916,2.3406583
1.3000000,0.0194861,-0.0516310,4.3335765,2.3290432
1.3006250,0.0194618,-0.0515624,4.3137204,2.3091871
1.3012500,0.0194375,-0.0514938,4.2938642,2.2893309
1.3018750,0.0194133,-0.0514246,4.2657147,2.2611814
1.3025000,0.0193891,-0.0513555,4.2375652,2.2330319
1.3031250,0.0193649,-0.0512856,4.2010801,2.1965468
1.3037500,0.0193406,-0.0512158,4.1645950,2.1600617
1.3043750,0.0193164,-0.0511452,4.1197422,2.1152089
1.3050000,0.0192922,-0.0510745,4.0748895,2.0703562
1.3056250,0.0192679,-0.0510030,4.0216471,2.0171138
1.3062500,0.0192436,-0.0509316,3.9684048,1.9638715
1.3068750,0.0192194,-0.0508593,3.9067615,1.9022282
1.3075000,0.0191951,-0.0507871,3.8451181,1.8405848
1.3081250,0.0191709,-0.0507140,3.7750730,1.7705397
1.3087500,0.0191466,-0.0506410,3.7050278,1.7004945
1.3093750,0.0191224,-0.0505673,3.6265912,1.6220579
1.3100000,0.0190981,-0.0504936,3.5481545,1.5436212
1.3106250,0.0190740,-0.0504194,3.4613482,1.4568149
1.3112500,0.0190498,-0.0503451,3.3745418,1.3700085
1.3118750,0.0190259,-0.0502704,3.2793995,1.2748662
1.3125000,0.0190019,-0.0501957,3.1842573,1.1797240
1.3131250,0.0189781,-0.0501207,3.0808255,1.0762922
1.3137500,0.0189543,-0.0500458,2.9773937,0.9728604
1.3143750,0.0189308,-0.0499707,2.8657320,0.8611987
1.3150000,0.0189072,-0.0498957,2.7540703,0.7495370
1.3156250,0.0188840,-0.0498208,2.6342521,0.6297188
1.3162500,0.0188607,-0.0497459,2.5144340,0.5099007
1.3168750,0.0188378,-0.0496713,2.3865478,0.3820145
1.3175000,0.0188149,-0.0495966,2.2586617,0.2541284
1.3181250,0.0187925,-0.0495224,2.1228113,0.1182780
1.3187500,0.0187700,-0.0494482,1.9869608,-0.0175725
1.3193750,0.0187480,-0.0493746,1.8432664,-0.1612669
1.3200000,0.0187259,-0.0493009,1.6995720,-0.3049613
1.3206250,0.0187044,-0.0492279,1.5481712,-0.4563621
1.3212500,0.0186828,-0.0491549,1.3967704,-0.6077629
1.3218750,0.0186617,-0.0490825,1.2378189,-0.7667144
1.3225000,0.0186405,-0.0490102,1.0788675,-0.9256658
1.3231250,0.0186199,-0.0489386,0.9125403,-1.0919930
1.3237500,0.0185992,-0.0488670,0.7462131,-1.2583202
1.3243750,0.0185790,-0.0487959,0.5727050,-1.4318283
1.3250000,0.0185587,-0.0487249,0.3991970,-1.6053363
1.3256250,0.0185388,-0.0486543,0.2187239,-1.7858094
1.3262500,0.0185189,-0.0485837,0.0382508,-1.9662825
1.3268750,0.0184993,-0.0485134,-0.1489499,-2.1534832
1.3275000,0.0184797,-0.0484431,-0.3361506,-2.3406839
1.3281250,0.0184604,-0.0483727,-0.5298188,-2.5343520
1.3287500,0.0184410,-0.0483024,-0.7234869,-2.7280202
1.3293750,0.0184218,-0.0482317,-0.9233393,-2.9278726
1.3300000,0.0184026,-0.0481610,-1.1231917,-3.1277250
1.3306250,0.0183835,-0.0480896,-1.3289211,-3.3334544
1.3312500,0.0183643,-0.0480181,-1.5346506,-3.5391839
1.3318750,0.0183451,-0.0479455,-1.7459254,-3.7504587
1.3325000,0.0183258,-0.0478728,-1.9572003,-3.9617336
1.3331250,0.0183064,-0.0477985,-2.1736641,-4.1781974
1.3337500,0.0182870,-0.0477242,-2.3901279,-4.3946612
1.3343750,0.0182673,-0.0476477,-2.6113989,-4.6159322
1.3350000,0.0182475,-0.0475713,-2.8326698,-4.8372031
1.3356250,0.0182274,-0.0474920,-3.0583408,-5.0628741
1.3362500,0.0182073,-0.0474128,-3.2840118,-5.2885451
1.3368750,0.0181867,-0.0473303,-3.5136503,-5.5181836
1.3375000,0.0181660,-0.0472479,-3.7432888,-5.7478221
1.3381250,0.0181448,-0.0471616,-3.9764369,-5.9809702
1.3387500,0.0181235,-0.0470754,-4.2095849,-6.2141182
1.3393750,0.0181016,-0.0469849,-4.4457595,-6.4502928
1.3400000,0.0180797,-0.0468944,-4.6819341,-6.6864674
1.3406250,0.0180570,-0.0467991,-4.9206276,-6.9251609
1.3412500,0.0180343,-0.0467038,-5.1593212,-7.1638545
1.3418750,0.0180109,-0.0466034,-5.4000022,-7.4045355
1.3425000,0.0179875,-0.0465030,-5.6406832,-7.6452165
1.3431250,0.0179633,-0.0463970,-5.8827969,-7.8873302
1.3437500,0.0179390,-0.0462911,-6.1249106,-8.1294439
1.3443750,0.0179141,-0.0461794,-6.3678802,-8.3724135
1.3450000,0.0178891,-0.0460677,-6.6108497,-8.6153830
1.3456250,0.0178634,-0.0459500,-6.8540774,-8.8586107
1.3462500,0.0178377,-0.0458324,-7.0973050,-9.1018383
1.3468750,0.0178114,-0.0457087,-7.3401736,-9.3447069
1.3475000,0.0177851,-0.0455850,-7.5830422,-9.5875755
1.3481250,0.0177583,-0.0454553,-7.8249165,-9.8294498
1.3487500,0.0177314,-0.0453256,-8.0667908,-10.0713241
1.3493750,0.0177042,-0.0451899,-8.3070198,-10.3115531
1.3500000,0.0176769,-0.0450543,-8.5472487,-10.5517820
1.3506250,0.0176494,-0.0449130,-8.7851669,-10.7897002
1.3512500,0.0176219,-0.0447716,-9.0230852,-11.0276185
1.3518750,0.0175943,-0.0446249,-9.2580156,-11.2625489
1.3525000,0.0175667,-0.0444782,-9.4929460,-11.4974793
1.3531250,0.0175392,-0.0443264,-9.7242020,-11.7287353
1.3537500,0.0175117,-0.0441747,-9.9554579,-11.9599912
1.3543750,0.0174844,-0.0440184,-10.1823457,-12.1868790
1.3550000,0.0174572,-0.0438622,-10.4092335,-12.4137668
1.3556250,0.0174304,-0.0437020,-10.6310552,-12.6355885
1.3562500,0.0174035,-0.0435418,-10.8528769,-12.8574102
1.3568750,0.0173773,-0.0433782,-11.0689331,-13.0734664
1.3575000,0.0173511,-0.0432146,-11.2849892,-13.2895225
1.3581250,0.0173257,-0.0430483,-11.4945820,-13.4991153
1.3587500,0.0173003,-0.0428820,-11.7041748,-13.7087081
1.3593750,0.0172759,-0.0427137,-11.9066108,-13.9111441
1.3600000,0.0172514,-0.0425453,-12.1090468,-14.1135801
1.3606250,0.0172280,-0.0423756,-12.3036405,-14.3081738
1.3612500,0.0172045,-0.0422058,-12.4982343,-14.5027676
1.3618750,0.0171823,-0.0420354,-12.6843111,-14.6888444
1.3625000,0.0171601,-0.0418649,-12.8703879,-14.8749212
1.3631250,0.0171391,-0.0416944,-13.0472876,-15.0518209
1.3637500,0.0171181,-0.0415239,-13.2241873,-15.2287206
1.3643750,0.0170985,-0.0413539,-13.3912674,-15.3958007
1.3650000,0.0170789,-0.0411839,-13.5583474,-15.5628807
1.3656250,0.0170606,-0.0410149,-13.7149862,-15.7195195
1.3662500,0.0170423,-0.0408460,-13.8716249,-15.8761582
1.3668750,0.0170255,-0.0406785,-14.0172252,-16.0217585
1.3675000,0.0170086,-0.0405110,-14.1628255,-16.1673588
1.3681250,0.0169931,-0.0403454,-14.2968179,-16.3013512
1.3687500,0.0169776,-0.0401798,-14.4308102,-16.4353435
1.3693750,0.0169635,-0.0400163,-14.5526561,-16.5571894
1.3700000,0.0169493,-0.0398528,-14.6745020,-16.6790353
1.3706250,0.0169366,-0.0396917,-14.7836970,-16.7882303
1.3712500,0.0169238,-0.0395305,-14.8928920,-16.8974253
1.3718750,0.0169123,-0.0393717,-14.9889689,-16.9935022
1.3725000,0.0169007,-0.0392128,-15.0850459,-17.0895792
1.3731250,0.0168905,-0.0390563,-15.1675777,-17.1721110
1.3737500,0.0168802,-0.0388997,-15.2501095,-17.2546428
1.3743750,0.0168711,-0.0387454,-15.3187121,-17.3232454
1.3750000,0.0168620,-0.0385911,-15.3873147,-17.3918480
1.3756250,0.0168540,-0.0384387,-15.4416497,-17.4461830
1.3762500,0.0168460,-0.0382863,-15.4959846,-17.5005179
1.3768750,0.0168391,-0.0381355,-15.5357614,-17.5402947
1.3775000,0.0168322,-0.0379848,-15.5755382,-17.5800715
1.3781250,0.0168264,-0.0378352,-15.6005166,-17.6050499
1.3787500,0.0168205,-0.0376857,-15.6254949,-17.6300282
1.3793750,0.0168156,-0.0375370,-15.6354868,-17.6400201
1.3800000,0.0168107,-0.0373883,-15.6454788,-17.6500121
1.3806250,0.0168068,-0.0372399,-15.6403502,-17.6448835
1.3812500,0.0168028,-0.0370915,-15.6352215,-17.6397548
1.3818750,0.0167998,-0.0369429,-15.6148937,-17.6194270
1.3825000,0.0167968,-0.0367943,-15.5945658,-17.5990991
1.3831250,0.0167947,-0.0366450,-15.5590165,-17.5635498
1.3837500,0.0167926,-0.0364957,-15.5234671,-17.5280004
1.3843750,0.0167915,-0.0363452,-15.4727315,-17.4772648
1.3850000,0.0167904,-0.0361948,-15.4219960,-17.4265293
1.3856250,0.0167903,-0.0360427,-15.3561674,-17.3607007
1.3862500,0.0167901,-0.0358906,-15.2903389,-17.2948722
1.3868750,0.0167910,-0.0357364,-15.2095687,-17.2141020
1.3875000,0.0167919,-0.0355822,-15.1287986,-17.1333319
1.3881250,0.0167938,-0.0354256,-15.0332964,-17.0378297
1.3887500,0.0167957,-0.0352691,-14.9377942,-16.9423275
1.3893750,0.0167988,-0.0351098,-14.8278271,-16.8323604
1.3900000,0.0168018,-0.0349505,-14.7178601,-16.7223934
1.3906250,0.0168060,-0.0347884,-14.5937523,-16.5982856
1.3912500,0.0168102,-0.0346263,-14.4696446,-16.4741779
1.3918750,0.0168157,-0.0344613,-14.3317763,-16.3363096
1.3925000,0.0168211,-0.0342962,-14.1939079,-16.1984412
1.3931250,0.0168279,-0.0341282,-14.0427133,-16.0472466
1.3937500,0.0168346,-0.0339602,-13.8915187,-15.8960520
1.3943750,0.0168427,-0.0337895,-13.7274850,-15.7320183
1.3950000,0.0168508,-0.0336187,-13.5634513,-15.5679846
1.3956250,0.0168603,-0.0334453,-13.3871163,-15.3916496
1.3962500,0.0168698,-0.0332720,-13.2107814,-15.2153147
1.3968750,0.0168808,-0.0330964,-13.0227311,-15.0272644
1.3975000,0.0168917,-0.0329209,-12.8346808,-14.8392141
1.3981250,0.0169041,-0.0327435,-12.6355468,-14.6400801
1.3987500,0.0169165,-0.0325661,-12.4364128,-14.4409461
1.3993750,0.0169304,-0.0323874,-12.2268693,-14.2314026
1.4000000,0.0169443,-0.0322087,-12.0173259,-14.0218592
1.4006250,0.0169596,-0.0320292,-11.7980866,-13.8026199
1.4012500,0.0169749,-0.0318498,-11.5788473,-13.5833806
1.4018750,0.0169917,-0.0316702,-11.3506619,-13.3551952
1.4025000,0.0170084,-0.0314906,-11.1224765,-13.1270098
1.4031250,0.0170265,-0.0313116,-10.8861268,-12.8906601
1.4037500,0.0170446,-0.0311325,-10.6497770,-12.6543103
1.4043750,0.0170640,-0.0309547,-10.4060734,-12.4106067
1.4050000,0.0170833,-0.0307769,-10.1623697,-12.1669030
1.4056250,0.0171038,-0.0306010,-9.9121467,-11.9166800
1.4062500,0.0171242,-0.0304251,-9.6619237,-11.6664570
1.4068750,0.0171458,-0.0302518,-9.4060362,-11.4105695
1.4075000,0.0171673,-0.0300785,-9.1501487,-11.1546820
1.4081250,0.0171897,-0.0299084,-8.8894672,-10.8940005
1.4087500,0.0172121,-0.0297383,-8.6287857,-10.6333190
1.4093750,0.0172352,-0.0295720,-8.3641921,-10.3687254
1.4100000,0.0172583,-0.0294058,-8.0995985,-10.1041318
1.4106250,0.0172820,-0.0292438,-7.8319815,-9.8365148
1.4112500,0.0173057,-0.0290819,-7.5643646,-9.5688979
1.4118750,0.0173298,-0.0289247,-7.2946154,-9.2991487
1.4125000,0.0173539,-0.0287676,-7.0248661,-9.0293994
1.4131250,0.0173783,-0.0286156,-6.7538735,-8.7584068
1.4137500,0.0174026,-0.0284636,-6.4828808,-8.4874141
1.4143750,0.0174271,-0.0283171,-6.2115267,-8.2160600
1.4150000,0.0174516,-0.0281706,-5.9401725,-7.9447058
1.4156250,0.0174760,-0.0280297,-5.6693278,-7.6738611
1.4162500,0.0175004,-0.0278888,-5.3984832,-7.4030165
1.4168750,0.0175247,-0.0277536,-5.1290031,-7.1335364
1.4175000,0.0175490,-0.0276184,-4.8595231,-6.8640564
1.4181250,0.0175730,-0.0274889,-4.5922430,-6.5967763
1.4187500,0.0175970,-0.0273594,-4.3249630,-6.3294963
1.4193750,0.0176207,-0.0272355,-4.0606943,-6.0652276
1.4200000,0.0176444,-0.0271117,-3.7964256,-5.8009589
1.4206250,0.0176677,-0.0269932,-3.5359516,-5.5404849
1.4212500,0.0176910,-0.0268748,-3.2754777,-5.2800110
1.4218750,0.0177139,-0.0267615,-3.0195502,-5.0240835
1.4225000,0.0177367,-0.0266483,-2.7636226,-4.7681559
1.4231250,0.0177592,-0.0265399,-2.5129579,-4.5174912
1.4237500,0.0177816,-0.0264315,-2.2622931,-4.2668264
1.4243750,0.0178037,-0.0263276,-2.0175692,-4.0221025
1.4250000,0.0178257,-0.0262236,-1.7728452,-3.7773785
1.4256250,0.0178474,-0.0261237,-1.5346984,-3.5392317
1.4262500,0.0178690,-0.0260238,-1.2965516,-3.3010849
1.4268750,0.0178903,-0.0259275,-1.0655740,-3.0701073
1.4275000,0.0179115,-0.0258313,-0.8345964,-2.8391297
1.4281250,0.0179325,-0.0257381,-0.6113335,-2.6158668
1.4287500,0.0179535,-0.0256450,-0.3880707,-2.3926040
1.4293750,0.0179743,-0.0255546,-0.1730191,-2.1775524
1.4300000,0.0179950,-0.0254642,0.0420324,-1.9625009
1.4306250,0.0180157,-0.0253761,0.2484265,-1.7561068
1.4312500,0.0180363,-0.0252880,0.4548205,-1.5497128
1.4318750,0.0180568,-0.0252017,0.6521629,-1.3523704
1.4325000,0.0180773,-0.0251154,0.8495053,-1.1550280
1.4331250,0.0180978,-0.0250306,1.0374547,-0.9670786
1.4337500,0.0181183,-0.0249458,1.2254042,-0.7791291
1.4343750,0.0181389,-0.0248622,1.4036731,-0.6008602
1.4350000,0.0181594,-0.0247786,1.5819421,-0.4225912
1.4356250,0.0181801,-0.0246958,1.7502971,-0.2542362
1.4362500,0.0182008,-0.0246130,1.9186521,-0.0858812
1.4368750,0.0182216,-0.0245309,2.0769136,0.0723803
1.4375000,0.0182424,-0.0244488,2.2351750,0.2306417
1.4381250,0.0182635,-0.0243671,2.3832169,0.3786836
1.4387500,0.0182845,-0.0242854,2.5312588,0.5267255
1.4393750,0.0183058,-0.0242041,2.6690080,0.6644747
1.4400000,0.0183270,-0.0241228,2.8067572,0.8022239
1.4406250,0.0183485,-0.0240418,2.9341922,0.9296589
1.4412500,0.0183699,-0.0239608,3.0616272,1.0570939
1.4418750,0.0183917,-0.0238800,3.1787770,1.1742437
1.4425000,0.0184134,-0.0237992,3.2959268,1.2913935
1.4431250,0.0184354,-0.0237187,3.4028687,1.3983354
1.4437500,0.0184573,-0.0236382,3.5098106,1.5052773
1.4443750,0.0184795,-0.0235581,3.6066685,1.6021352
1.4450000,0.0185017,-0.0234779,3.7035264,1.6989931
1.4456250,0.0185241,-0.0233982,3.7904684,1.7859351
1.4462500,0.0185464,-0.0233184,3.8774104,1.8728771
1.4468750,0.0185690,-0.0232391,3.9546460,1.9501127
1.4475000,0.0185915,-0.0231598,4.0318816,2.0273483
1.4481250,0.0186142,-0.0230811,4.0996591,2.0951258
1.4487500,0.0186369,-0.0230024,4.1674365,2.1629032
1.4493750,0.0186597,-0.0229243,4.2260397,2.2215064
1.4500000,0.0186824,-0.0228462,4.2846429,2.2801096
1.4506250,0.0187053,-0.0227688,4.3343880,2.3298547
1.4512500,0.0187282,-0.0226914,4.3841331,2.3795998
1.4518750,0.0187512,-0.0226147,4.4253651,2.4208318
1.4525000,0.0187741,-0.0225381,4.4665971,2.4620638
1.4531250,0.0187972,-0.0224621,4.4996865,2.4951532
1.4537500,0.0188202,-0.0223862,4.5327758,2.5282425
1.4543750,0.0188433,-0.0223109,4.5581145,2.5535812
1.4550000,0.0188664,-0.0222356,4.5834532,2.5789199
1.4556250,0.0188896,-0.0221609,4.6014512,2.5969179
1.4562500,0.0189128,-0.0220862,4.6194493,2.6149160
1.4568750,0.0189362,-0.0220120,4.6305307,2.6259974
1.4575000,0.0189595,-0.0219377,4.6416121,2.6370788
1.4581250,0.0189830,-0.0218637,4.6462112,2.6416779
1.4587500,0.0190065,-0.0217898,4.6508103,2.6462770
1.4593750,0.0190303,-0.0217159,4.6493679,2.6448346
1.4600000,0.0190540,-0.0216420,4.6479255,2.6433922
1.4606250,0.0190781,-0.0215679,4.6408851,2.6363518
1.4612500,0.0191022,-0.0214939,4.6338447,2.6293114
1.4618750,0.0191267,-0.0214194,4.6216490,2.6171157
1.4625000,0.0191512,-0.0213449,4.6094533,2.6049200
1.4631250,0.0191762,-0.0212697,4.5925404,2.5880071
1.4637500,0.0192012,-0.0211945,4.5756274,2.5710941
1.4643750,0.0192269,-0.0211183,4.5544275,2.5498942
1.4650000,0.0192525,-0.0210421,4.5332275,2.5286942
1.4656250,0.0192789,-0.0209646,4.5081596,2.5036263
1.4662500,0.0193053,-0.0208871,4.4830916,2.4785583
1.4668750,0.0193325,-0.0208081,4.4545605,2.4500272
1.4675000,0.0193597,-0.0207291,4.4260294,2.4214961
1.4681250,0.0193879,-0.0206483,4.3944227,2.3898894
1.4687500,0.0194160,-0.0205675,4.3628160,2.3582827
1.4693750,0.0194452,-0.0204847,4.3285017,2.3239684
1.4700000,0.0194743,-0.0204020,4.2941874,2.2896541
1.4706250,0.0195046,-0.0203172,4.2575113,2.2529780
1.4712500,0.0195349,-0.0202324,4.2208352,2.2163019
1.4718750,0.0195663,-0.0201455,4.1821189,2.1775856
1.4725000,0.0195977,-0.0200586,4.1434026,2.1388693
1.4731250,0.0196303,-0.0199696,4.1029418,2.0984085
1.4737500,0.0196628,-0.0198807,4.0624810,2.0579477
1.4743750,0.0196965,-0.0197897,4.0205438,2.0160105
1.4750000,0.0197301,-0.0196988,3.9786066,1.9740733
1.4756250,0.0197649,-0.0196062,3.9354325,1.9308992
1.4762500,0.0197997,-0.0195135,3.8922583,1.8877250
1.4768750,0.0198355,-0.0194194,3.8480571,1.8435238
1.4775000,0.0198712,-0.0193253,3.8038559,1.7993226
1.4781250,0.0199079,-0.0192302,3.7588074,1.7542741
1.4787500,0.0199445,-0.0191351,3.7137590,1.7092257
1.4793750,0.0199818,-0.0190395,3.6680128,1.6634795
1.4800000,0.0200191,-0.0189439,3.6222667,1.6177334
1.4806250,0.0200569,-0.0188483,3.5759421,1.5714088
1.4812500,0.0200946,-0.0187528,3.5296176,1.5250843
1.4818750,0.0201326,-0.0186579,3.4828042,1.4782709
1.4825000,0.0201705,-0.0185631,3.4359908,1.4314575
1.4831250,0.0202084,-0.0184697,3.3887491,1.3842158
1.4837500,0.0202462,-0.0183764,3.3415074,1.3369741
1.4843750,0.0202836,-0.0182852,3.2938699,1.2893367
1.4850000,0.0203210,-0.0181941,3.2462325,1.2416992
1.4856250,0.0203576,-0.0181061,3.1982054,1.1936721
1.4862500,0.0203942,-0.0180180,3.1501782,1.1456449
1.4868750,0.0204296,-0.0179339,3.1017424,1.0972091
1.4875000,0.0204649,-0.0178497,3.0533066,1.0487733
1.4881250,0.0204986,-0.0177703,3.0044202,0.9998869
1.4887500,0.0205323,-0.0176908,2.9555338,0.9510005
1.4893750,0.0205640,-0.0176169,2.9061337,0.9016004
1.4900000,0.0205956,-0.0175431,2.8567337,0.8522004
1.4906250,0.0206248,-0.0174756,2.8067386,0.8022053
1.4912500,0.0206540,-0.0174081,2.7567436,0.7522103
1.4918750,0.0206804,-0.0173477,2.7060560,0.7015227
1.4925000,0.0207067,-0.0172874,2.6553685,0.6508352
1.4931250,0.0207298,-0.0172348,2.6038778,0.5993445
1.4937500,0.0207529,-0.0171822,2.5523872,0.5478539
1.4943750,0.0207724,-0.0171380,2.4999724,0.4954391
1.4950000,0.0207919,-0.0170938,2.4475575,0.4430242
1.4956250,0.0208076,-0.0170585,2.3940902,0.3895569
1.4962500,0.0208233,-0.0170232,2.3406228,0.3360895
1.4968750,0.0208349,-0.0169973,2.2859704,0.2814371
1.4975000,0.0208464,-0.0169713,2.2313180,0.2267847
1.4981250,0.0208538,-0.0169549,2.1753469,0.1708136
1.4987500,0.0208611,-0.0169385,2.1193758,0.1148425
1.4993750,0.0208641,-0.0169318,2.0619545,0.0574212
1.5000000,0.0208671,-0.0169252,2.0045333,0.0000000
1.5006250,0.0208657,-0.0169283,1.9455357,-0.0589976
1.5012500,0.0208643,-0.0169314,1.8865381,-0.1179952
1.5018750,0.0208586,-0.0169443,1.8258466,-0.1786867
1.5025000,0.0208528,-0.0169571,1.7651551,-0.2393782
1.5031250,0.0208428,-0.0169795,1.7026636,-0.3018697
1.5037500,0.0208328,-0.0170018,1.6401722,-0.3643611
1.5043750,0.0208188,-0.0170334,1.5757893,-0.4287440
1.5050000,0.0208047,-0.0170649,1.5114065,-0.4931268
1.5056250,0.0207869,-0.0171052,1.4450584,-0.5594749
1.5062500,0.0207691,-0.0171455,1.3787103,-0.6258230
1.5068750,0.0207477,-0.0171940,1.3103434,-0.6941899
1.5075000,0.0207263,-0.0172425,1.2419764,-0.7625569
1.5081250,0.0207018,-0.0172986,1.1715599,-0.8329734
1.5087500,0.0206773,-0.0173547,1.1011433,-0.9033900
1.5093750,0.0206500,-0.0174177,1.0286715,-0.9758618
1.5100000,0.0206226,-0.0174806,0.9561997,-1.0483336
1.5106250,0.0205929,-0.0175497,0.8816944,-1.1228389
1.5112500,0.0205631,-0.0176188,0.8071892,-1.1973441
1.5118750,0.0205314,-0.0176933,0.7307014,-1.2738319
1.5125000,0.0204996,-0.0177677,0.6542137,-1.3503196
1.5131250,0.0204663,-0.0178467,0.5758253,-1.4287080
1.5137500,0.0204329,-0.0179256,0.4974370,-1.5070963
1.5143750,0.0203984,-0.0180082,0.4172620,-1.5872713
1.5150000,0.0203638,-0.0180908,0.3370871,-1.6674462
1.5156250,0.0203285,-0.0181763,0.2552728,-1.7492605
1.5162500,0.0202932,-0.0182617,0.1734584,-1.8310749
1.5168750,0.0202575,-0.0183492,0.0901859,-1.9143474
1.5175000,0.0202217,-0.0184367,0.0069133,-1.9976200
1.5181250,0.0201858,-0.0185255,-0.0776020,-2.0821353
1.5187500,0.0201499,-0.0186143,-0.1621174,-2.1666507
1.5193750,0.0201143,-0.0187037,-0.2476256,-2.2521589
1.5200000,0.0200786,-0.0187931,-0.3331338,-2.3376671
1.5206250,0.0200434,-0.0188825,-0.4193511,-2.4238844
1.5212500,0.0200081,-0.0189719,-0.5055683,-2.5101016
1.5218750,0.0199735,-0.0190607,-0.5921772,-2.5967105
1.5225000,0.0199389,-0.0191494,-0.6787860,-2.6833193
1.5231250,0.0199051,-0.0192372,-0.7654366,-2.7699699
1.5237500,0.0198713,-0.0193250,-0.8520872,-2.8566205
1.5243750,0.0198385,-0.0194114,-0.9383985,-2.9429318
1.5250000,0.0198056,-0.0194977,-1.0247098,-3.0292431
1.5256250,0.0197738,-0.0195824,-1.1102712,-3.1148045
1.5262500,0.0197420,-0.0196671,-1.1958325,-3.2003658
1.5268750,0.0197112,-0.0197499,-1.2802056,-3.2847389
1.5275000,0.0196804,-0.0198328,-1.3645788,-3.3691121
1.5281250,0.0196507,-0.0199137,-1.4473002,-3.4518335
1.5287500,0.0196209,-0.0199947,-1.5300216,-3.5345549
1.5293750,0.0195922,-0.0200737,-1.6106048,-3.6151381
1.5300000,0.0195635,-0.0201528,-1.6911880,-3.6957213
