t,Hx,Hz,fin_deg,ry_deg
0.0000000,0.0208671,-0.0169252,5.1786268,0.0000000
0.0006250,0.0208671,-0.0169252,5.1786283,0.0000015
0.0012500,0.0208671,-0.0169252,5.1786386,0.0000118
0.0018750,0.0208671,-0.0169252,5.1786659,0.0000391
0.0025000,0.0208671,-0.0169252,5.1787186,0.0000918
0.0031250,0.0208671,-0.0169252,5.1788028,0.0001760
0.0037500,0.0208671,-0.0169253,5.1789269,0.0003001
0.0043750,0.0208671,-0.0169253,5.1790939,0.0004671
0.0050000,0.0208670,-0.0169254,5.1793132,0.0006864
0.0056250,0.0208670,-0.0169255,5.1795833,0.0009565
0.0062500,0.0208669,-0.0169256,5.1799157,0.0012889
0.0068750,0.0208668,-0.0169258,5.1803031,0.0016763
0.0075000,0.0208667,-0.0169260,5.1807601,0.0021333
0.0081250,0.0208666,-0.0169264,5.1812720,0.0026452
0.0087500,0.0208664,-0.0169267,5.1818583,0.0032315
0.0093750,0.0208662,-0.0169272,5.1824952,0.0038684
0.0100000,0.0208660,-0.0169278,5.1832083,0.0045815
0.0106250,0.0208657,-0.0169285,5.1839636,0.0053368
0.0112500,0.0208653,-0.0169293,5.1847940,0.0061672
0.0118750,0.0208649,-0.0169302,5.1856540,0.0070272
0.0125000,0.0208644,-0.0169313,5.1865850,0.0079582
0.0131250,0.0208639,-0.0169326,5.1875290,0.0089022
0.0137500,0.0208633,-0.0169339,5.1885372,0.0099104
0.0143750,0.0208626,-0.0169355,5.1895381,0.0109113
0.0150000,0.0208619,-0.0169373,5.1905937,0.0119669
0.0156250,0.0208611,-0.0169392,5.1916184,0.0129916
0.0162500,0.0208601,-0.0169414,5.1926857,0.0140589
0.0168750,0.0208591,-0.0169438,5.1936958,0.0150690
0.0175000,0.0208581,-0.0169464,5.1947339,0.0161071
0.0181250,0.0208569,-0.0169492,5.1956865,0.0170597
0.0187500,0.0208556,-0.0169523,5.1966503,0.0180235
0.0193750,0.0208542,-0.0169556,5.1974991,0.0188723
0.0200000,0.0208528,-0.0169592,5.1983403,0.0197135
0.0206250,0.0208512,-0.0169630,5.1990365,0.0204097
0.0212500,0.0208495,-0.0169670,5.1997049,0.0210781
0.0218750,0.0208478,-0.0169714,5.2001986,0.0215718
0.0225000,0.0208459,-0.0169760,5.2006428,0.0220160
0.0231250,0.0208439,-0.0169809,5.2008843,0.0222575
0.0237500,0.0208418,-0.0169861,5.2010539,0.0224271
0.0243750,0.0208397,-0.0169915,5.2009950,0.0223682
0.0250000,0.0208374,-0.0169972,5.2008413,0.0222145
0.0256250,0.0208350,-0.0170032,5.2004369,0.0218101
0.0262500,0.0208325,-0.0170095,5.1999149,0.0212881
0.0268750,0.0208299,-0.0170161,5.1991245,0.0204977
0.0275000,0.0208272,-0.0170230,5.1981941,0.0195673
0.0281250,0.0208244,-0.0170302,5.1969835,0.0183567
0.0287500,0.0208214,-0.0170376,5.1956112,0.0169844
0.0293750,0.0208184,-0.0170454,5.1939535,0.0153267
0.0300000,0.0208153,-0.0170535,5.1921141,0.0134873
0.0306250,0.0208121,-0.0170618,5.1899920,0.0113652
0.0312500,0.0208087,-0.0170705,5.1876698,0.0090430
0.0318750,0.0208053,-0.0170795,5.1850764,0.0064496
0.0325000,0.0208017,-0.0170888,5.1822669,0.0036401
0.0331250,0.0207980,-0.0170984,5.1792073,0.0005805
0.0337500,0.0207942,-0.0171083,5.1759187,-0.0027081
0.0343750,0.0207903,-0.0171186,5.1724115,-0.0062153
0.0350000,0.0207863,-0.0171292,5.1686655,-0.0099613
0.0356250,0.0207822,-0.0171401,5.1647438,-0.0138830
0.0362500,0.0207780,-0.0171514,5.1605772,-0.0180496
0.0368750,0.0207736,-0.0171630,5.1562897,-0.0223371
0.0375000,0.0207691,-0.0171750,5.1517554,-0.0268714
0.0381250,0.0207645,-0.0171873,5.1471672,-0.0314596
0.0387500,0.0207598,-0.0172001,5.1423347,-0.0362921
0.0393750,0.0207549,-0.0172132,5.1375281,-0.0410987
0.0400000,0.0207500,-0.0172266,5.1324847,-0.0461421
0.0406250,0.0207449,-0.0172405,5.1275596,-0.0510672
0.0412500,0.0207396,-0.0172548,5.1224104,-0.0562164
0.0418750,0.0207342,-0.0172696,5.1174848,-0.0611420
0.0425000,0.0207287,-0.0172847,5.1123533,-0.0662735
0.0431250,0.0207231,-0.0173003,5.1075633,-0.0710635
0.0437500,0.0207173,-0.0173163,5.1025910,-0.0760358
0.0443750,0.0207113,-0.0173328,5.0980905,-0.0805363
0.0450000,0.0207053,-0.0173497,5.0934374,-0.0851894
0.0456250,0.0206990,-0.0173672,5.0893980,-0.0892288
0.0462500,0.0206927,-0.0173851,5.0852414,-0.0933854
0.0468750,0.0206861,-0.0174035,5.0818516,-0.0967752
0.0475000,0.0206795,-0.0174223,5.0783861,-0.1002407
0.0481250,0.0206726,-0.0174417,5.0758502,-0.1027766
0.0487500,0.0206657,-0.0174616,5.0732862,-0.1053406
0.0493750,0.0206585,-0.0174820,5.0718239,-0.1068029
0.0500000,0.0206513,-0.0175029,5.0703869,-0.1082399
0.0506250,0.0206438,-0.0175243,5.0702313,-0.1083955
0.0512500,0.0206363,-0.0175462,5.0701601,-0.1084667
0.0518750,0.0206285,-0.0175687,5.0715562,-0.1070706
0.0525000,0.0206206,-0.0175917,5.0731016,-0.1055252
0.0531250,0.0206126,-0.0176152,5.0763050,-0.1023218
0.0537500,0.0206044,-0.0176393,5.0797278,-0.0988990
0.0543750,0.0205961,-0.0176639,5.0850020,-0.0936248
0.0550000,0.0205876,-0.0176890,5.0905709,-0.0880559
0.0556250,0.0205790,-0.0177146,5.0981858,-0.0804410
0.0562500,0.0205703,-0.0177407,5.1061752,-0.0724516
0.0568750,0.0205614,-0.0177674,5.1164042,-0.0622226
0.0575000,0.0205523,-0.0177946,5.1270919,-0.0515349
0.0581250,0.0205432,-0.0178223,5.1402096,-0.0384172
0.0587500,0.0205339,-0.0178506,5.1538741,-0.0247527
0.0593750,0.0205244,-0.0178793,5.1701537,-0.0084731
0.0600000,0.0205149,-0.0179086,5.1870715,0.0084447
0.0606250,0.0205052,-0.0179383,5.2067822,0.0281554
0.0612500,0.0204953,-0.0179686,5.2272250,0.0485982
0.0618750,0.0204854,-0.0179994,5.2506287,0.0720019
0.0625000,0.0204753,-0.0180307,5.2748608,0.0962340
0.0631250,0.0204651,-0.0180625,5.3022097,0.1235829
0.0637500,0.0204547,-0.0180949,5.3304846,0.1518578
0.0643750,0.0204442,-0.0181277,5.3620181,0.1833913
0.0650000,0.0204336,-0.0181611,5.3945762,0.2159494
0.0656250,0.0204229,-0.0181950,5.4305180,0.2518912
0.0662500,0.0204120,-0.0182295,5.4675831,0.2889563
0.0668750,0.0204010,-0.0182645,5.5081385,0.3295117
0.0675000,0.0203899,-0.0183001,5.5499152,0.3712884
0.0681250,0.0203786,-0.0183363,5.5952680,0.4166412
0.0687500,0.0203672,-0.0183731,5.6419391,0.4633123
0.0693750,0.0203557,-0.0184105,5.6922494,0.5136226
0.0700000,0.0203440,-0.0184485,5.7439727,0.5653459
0.0706250,0.0203321,-0.0184873,5.7993739,0.6207471
0.0712500,0.0203201,-0.0185266,5.8562802,0.6776534
0.0718750,0.0203079,-0.0185668,5.9168768,0.7382500
0.0725000,0.0202956,-0.0186076,5.9790672,0.8004404
0.0731250,0.0202831,-0.0186494,6.0449326,0.8663058
0.0737500,0.0202704,-0.0186917,6.1124763,0.9338495
0.0743750,0.0202575,-0.0187352,6.1836507,1.0050239
0.0750000,0.0202445,-0.0187793,6.2565831,1.0779563
0.0756250,0.0202312,-0.0188246,6.3330719,1.1544451
0.0762500,0.0202178,-0.0188705,6.4113928,1.2327660
0.0768750,0.0202041,-0.0189178,6.4931649,1.3145381
0.0775000,0.0201903,-0.0189658,6.5768370,1.3982102
0.0781250,0.0201762,-0.0190153,6.6638238,1.4851970
0.0787500,0.0201619,-0.0190656,6.7527716,1.5741448
0.0793750,0.0201473,-0.0191174,6.8448656,1.6662388
0.0800000,0.0201326,-0.0191701,6.9389743,1.7603475
0.0806250,0.0201175,-0.0192245,7.0360289,1.8574021
0.0812500,0.0201023,-0.0192797,7.1351442,1.9565174
0.0818750,0.0200868,-0.0193369,7.2369733,2.0583465
0.0825000,0.0200710,-0.0193949,7.3409005,2.1622737
0.0831250,0.0200550,-0.0194550,7.4472783,2.2686515
0.0837500,0.0200388,-0.0195159,7.5557830,2.3771562
0.0843750,0.0200222,-0.0195791,7.6664445,2.4878177
0.0850000,0.0200055,-0.0196432,7.7792525,2.6006257
0.0856250,0.0199885,-0.0197096,7.8938942,2.7152674
0.0862500,0.0199712,-0.0197770,8.0106926,2.8320658
0.0868750,0.0199537,-0.0198468,8.1289734,2.9503466
0.0875000,0.0199360,-0.0199176,8.2494113,3.0707845
0.0881250,0.0199180,-0.0199908,8.3709539,3.1923271
0.0887500,0.0198998,-0.0200651,8.4946443,3.3160175
0.0893750,0.0198813,-0.0201420,8.6190368,3.4404100
0.0900000,0.0198627,-0.0202199,8.7455577,3.5669309
0.0906250,0.0198438,-0.0203004,8.8723557,3.6937289
0.0912500,0.0198248,-0.0203819,9.0012527,3.8226259
0.0918750,0.0198056,-0.0204661,9.1299813,3.9513545
0.0925000,0.0197861,-0.0205514,9.2607695,4.0821427
0.0931250,0.0197666,-0.0206392,9.3909261,4.2122993
0.0937500,0.0197468,-0.0207282,9.5230931,4.3444663
0.0943750,0.0197270,-0.0208196,9.6541501,4.4755233
0.0950000,0.0197070,-0.0209122,9.7871585,4.6085317
0.0956250,0.0196870,-0.0210073,9.9185663,4.7399395
0.0962500,0.0196668,-0.0211035,10.0518569,4.8732301
0.0968750,0.0196466,-0.0212020,10.1830473,5.0044205
0.0975000,0.0196262,-0.0213017,10.3160426,5.1374158
0.0981250,0.0196060,-0.0214036,10.4464318,5.2678050
0.0987500,0.0195855,-0.0215067,10.5785393,5.3999125
0.0993750,0.0195652,-0.0216118,10.7075321,5.5289053
0.1000000,0.0195447,-0.0217181,10.8381480,5.6595212
0.1006250,0.0195245,-0.0218262,10.9651410,5.7865142
0.1012500,0.0195040,-0.0219357,11.0936539,5.9150271
0.1018750,0.0194838,-0.0220467,11.2180395,6.0394127
0.1025000,0.0194635,-0.0221590,11.3438344,6.1652076
0.1031250,0.0194434,-0.0222727,11.4650049,6.2863781
0.1037500,0.0194232,-0.0223877,11.5874668,6.4088400
0.1043750,0.0194033,-0.0225039,11.7048178,6.5261910
0.1050000,0.0193832,-0.0226214,11.8233361,6.6447093
0.1056250,0.0193636,-0.0227399,11.9362707,6.7576439
0.1062500,0.0193437,-0.0228598,12.0502427,6.8716159
0.1068750,0.0193243,-0.0229804,12.1581753,6.9795485
0.1075000,0.0193048,-0.0231023,12.2670104,7.0883836
0.1081250,0.0192856,-0.0232249,12.3693704,7.1907436
0.1087500,0.0192664,-0.0233488,12.4724935,7.2938667
0.1093750,0.0192475,-0.0234733,12.5687290,7.3901022
0.1100000,0.0192286,-0.0235989,12.6655847,7.4869579
0.1106250,0.0192101,-0.0237250,12.7551661,7.5765393
0.1112500,0.0191915,-0.0238524,12.8452217,7.6665949
0.1118750,0.0191733,-0.0239800,12.9276450,7.7490182
0.1125000,0.0191550,-0.0241089,13.0103943,7.8317675
0.1131250,0.0191372,-0.0242380,13.0851843,7.9065575
0.1137500,0.0191193,-0.0243683,13.1601505,7.9815237
0.1143750,0.0191018,-0.0244989,13.2268634,8.0482366
0.1150000,0.0190842,-0.0246307,13.2936022,8.1149754
0.1156250,0.0190671,-0.0247626,13.3518292,8.1732024
0.1162500,0.0190499,-0.0248958,13.4099315,8.2313047
0.1168750,0.0190332,-0.0250291,13.4592999,8.2806731
0.1175000,0.0190164,-0.0251637,13.5083940,8.3297672
0.1181250,0.0190000,-0.0252986,13.5485708,8.3699440
0.1187500,0.0189836,-0.0254346,13.5883249,8.4096981
0.1193750,0.0189676,-0.0255709,13.6190173,8.4403905
0.1200000,0.0189515,-0.0257084,13.6491410,8.4705142
0.1206250,0.0189359,-0.0258465,13.6700990,8.4914722
0.1212500,0.0189203,-0.0259856,13.6903449,8.5117181
0.1218750,0.0189051,-0.0261254,13.7013619,8.5227351
0.1225000,0.0188899,-0.0262663,13.7115269,8.5329001
0.1231250,0.0188751,-0.0264080,13.7124407,8.5338139
0.1237500,0.0188603,-0.0265507,13.7123665,8.5337397
0.1243750,0.0188459,-0.0266944,13.7030599,8.5244331
0.1250000,0.0188316,-0.0268392,13.6926340,8.5140072
0.1256250,0.0188177,-0.0269851,13.6730350,8.4944082
0.1262500,0.0188038,-0.0271321,13.6521905,8.4735637
0.1268750,0.0187904,-0.0272804,13.6222721,8.4436453
0.1275000,0.0187770,-0.0274297,13.5909875,8.4123607
0.1281250,0.0187642,-0.0275805,13.5507674,8.3721406
0.1287500,0.0187514,-0.0277323,13.5090664,8.3304396
0.1293750,0.0187390,-0.0278858,13.4586059,8.2799791
0.1300000,0.0187268,-0.0280403,13.4065563,8.2279295
0.1306250,0.0187151,-0.0281966,13.3459595,8.1673327
0.1312500,0.0187034,-0.0283538,13.2836722,8.1050454
0.1318750,0.0186923,-0.0285130,13.2130845,8.0344577
0.1325000,0.0186813,-0.0286731,13.1407119,7.9620851
0.1331250,0.0186709,-0.0288353,13.0603186,7.8816918
0.1337500,0.0186606,-0.0289984,12.9780532,7.7994264
0.1343750,0.0186510,-0.0291635,12.8880771,7.7094503
0.1350000,0.0186414,-0.0293297,12.7961492,7.6175224
0.1356250,0.0186326,-0.0294979,12.6968490,7.5182222
0.1362500,0.0186239,-0.0296671,12.5955250,7.4168982
0.1368750,0.0186158,-0.0298383,12.4871925,7.3085657
0.1375000,0.0186079,-0.0300105,12.3767718,7.1981450
0.1381250,0.0186007,-0.0301846,12.2597298,7.0811030
0.1387500,0.0185937,-0.0303598,12.1405430,6.9619162
0.1393750,0.0185874,-0.0305368,12.0151422,6.8365154
0.1400000,0.0185812,-0.0307149,11.8875478,6.7089210
0.1406250,0.0185759,-0.0308946,11.7541644,6.5755376
0.1412500,0.0185707,-0.0310753,11.6185461,6.4399193
0.1418750,0.0185663,-0.0312576,11.4775785,6.2989517
0.1425000,0.0185621,-0.0314409,11.3343425,6.1557157
0.1431250,0.0185587,-0.0316255,11.1862086,6.0075818
0.1437500,0.0185554,-0.0318111,11.0357802,5.8571534
0.1443750,0.0185530,-0.0319977,10.8809143,5.7022875
0.1450000,0.0185507,-0.0321854,10.7237350,5.5451082
0.1456250,0.0185492,-0.0323739,10.5625847,5.3839579
0.1462500,0.0185480,-0.0325635,10.3991094,5.2204826
0.1468750,0.0185474,-0.0327535,10.2321326,5.0535058
0.1475000,0.0185471,-0.0329444,10.0628260,4.8841992
0.1481250,0.0185475,-0.0331357,9.8904882,4.7118614
0.1487500,0.0185482,-0.0333278,9.7158222,4.5371954
0.1493750,0.0185495,-0.0335199,9.5385929,4.3599661
0.1500000,0.0185510,-0.0337129,9.3590437,4.1804169
0.1506250,0.0185532,-0.0339055,9.1773945,3.9987677
0.1512500,0.0185556,-0.0340990,8.9934394,3.8148126
0.1518750,0.0185586,-0.0342918,8.8078407,3.6292139
0.1525000,0.0185618,-0.0344854,8.6199559,3.4413291
0.1531250,0.0185656,-0.0346781,8.4308744,3.2522476
0.1537500,0.0185696,-0.0348715,8.2395320,3.0609052
0.1543750,0.0185740,-0.0350636,8.0474286,2.8688018
0.1550000,0.0185787,-0.0352566,7.8530943,2.6744675
0.1556250,0.0185837,-0.0354479,7.6584216,2.4797948
0.1562500,0.0185890,-0.0356399,7.4615528,2.2829260
0.1568750,0.0185946,-0.0358302,7.2647533,2.0861265
0.1575000,0.0186004,-0.0360211,7.0657966,1.8871698
0.1581250,0.0186065,-0.0362099,6.8673007,1.6886739
0.1587500,0.0186127,-0.0363993,6.6666906,1.4880638
0.1593750,0.0186192,-0.0365864,6.4669151,1.2882883
0.1600000,0.0186258,-0.0367742,6.2650718,1.0864450
0.1606250,0.0186326,-0.0369594,6.0644185,0.8857917
0.1612500,0.0186396,-0.0371453,5.8617471,0.6831203
0.1618750,0.0186467,-0.0373284,5.6606017,0.4819749
0.1625000,0.0186539,-0.0375121,5.4574907,0.2788639
0.1631250,0.0186611,-0.0376930,5.2562219,0.0775951
0.1637500,0.0186685,-0.0378744,5.0530424,-0.1255844
0.1643750,0.0186758,-0.0380530,4.8520012,-0.3266256
0.1650000,0.0186834,-0.0382319,4.6491062,-0.5295206
0.1656250,0.0186908,-0.0384080,4.4486251,-0.7300017
0.1662500,0.0186984,-0.0385844,4.2463491,-0.9322777
0.1668750,0.0187058,-0.0387580,4.0467425,-1.1318843
0.1675000,0.0187135,-0.0389318,3.8454013,-1.3332255
0.1681250,0.0187209,-0.0391028,3.6469648,-1.5316620
0.1687500,0.0187285,-0.0392741,3.4468553,-1.7317715
0.1693750,0.0187359,-0.0394425,3.2498662,-1.9287606
0.1700000,0.0187435,-0.0396112,3.0512667,-2.1273601
0.1706250,0.0187509,-0.0397771,2.8559845,-2.3226423
0.1712500,0.0187584,-0.0399433,2.6591550,-2.5194718
0.1718750,0.0187658,-0.0401067,2.4658214,-2.7128054
0.1725000,0.0187733,-0.0402704,2.2710043,-2.9076225
0.1731250,0.0187806,-0.0404315,2.0798442,-3.0987826
0.1737500,0.0187882,-0.0405927,1.8872647,-3.2913621
0.1743750,0.0187954,-0.0407516,1.6984871,-3.4801397
0.1750000,0.0188028,-0.0409105,1.5083542,-3.6702726
0.1756250,0.0188101,-0.0410673,1.3221530,-3.8564738
0.1762500,0.0188176,-0.0412241,1.1346603,-4.0439665
0.1768750,0.0188249,-0.0413789,0.9512152,-4.2274116
0.1775000,0.0188323,-0.0415337,0.7665422,-4.4120846
0.1781250,0.0188397,-0.0416867,0.5860198,-4.5926070
0.1787500,0.0188473,-0.0418396,0.4043328,-4.7742940
0.1793750,0.0188548,-0.0419910,0.2268880,-4.9517388
0.1800000,0.0188624,-0.0421423,0.0483412,-5.1302856
0.1806250,0.0188700,-0.0422922,-0.1258818,-5.3045086
0.1812500,0.0188777,-0.0424419,-0.3011449,-5.4797717
0.1818750,0.0188856,-0.0425905,-0.4720114,-5.6506382
0.1825000,0.0188936,-0.0427389,-0.6438569,-5.8224837
0.1831250,0.0189016,-0.0428864,-0.8112407,-5.9898675
0.1837500,0.0189098,-0.0430337,-0.9795430,-6.1581698
0.1843750,0.0189181,-0.0431801,-1.1433248,-6.3219516
0.1850000,0.0189266,-0.0433263,-1.3079657,-6.4865925
0.1856250,0.0189353,-0.0434720,-1.4680322,-6.6466590
0.1862500,0.0189441,-0.0436174,-1.6288993,-6.8075261
0.1868750,0.0189532,-0.0437623,-1.7851425,-6.9637693
0.1875000,0.0189624,-0.0439070,-1.9421286,-7.1207554
0.1881250,0.0189719,-0.0440513,-2.0944441,-7.2730709
0.1887500,0.0189816,-0.0441954,-2.2474461,-7.4260729
0.1893750,0.0189915,-0.0443392,-2.3957328,-7.5743596
0.1900000,0.0190017,-0.0444828,-2.5446505,-7.7232773
0.1906250,0.0190121,-0.0446263,-2.6888097,-7.8674365
0.1912500,0.0190227,-0.0447695,-2.8335455,-8.0121723
0.1918750,0.0190338,-0.0449126,-2.9734800,-8.1521068
0.1925000,0.0190449,-0.0450554,-3.1139379,-8.2925647
0.1931250,0.0190565,-0.0451981,-3.2495518,-8.4281786
0.1937500,0.0190682,-0.0453406,-3.3856369,-8.5642637
0.1943750,0.0190804,-0.0454831,-3.5168352,-8.6954620
0.1950000,0.0190927,-0.0456252,-3.6484535,-8.8270803
0.1956250,0.0191054,-0.0457675,-3.7751414,-8.9537682
0.1962500,0.0191184,-0.0459093,-3.9021994,-9.0808262
0.1968750,0.0191317,-0.0460512,-4.0242827,-9.2029095
0.1975000,0.0191453,-0.0461927,-4.1466874,-9.3253142
0.1981250,0.0191592,-0.0463342,-4.2640724,-9.4426992
0.1987500,0.0191734,-0.0464753,-4.3817312,-9.5603580
0.1993750,0.0191880,-0.0466164,-4.4943245,-9.6729513
0.2000000,0.0192027,-0.0467571,-4.6071453,-9.7857721
0.2006250,0.0192179,-0.0468976,-4.7148548,-9.8934816
0.2012500,0.0192332,-0.0470377,-4.8227465,-10.0013733
0.2018750,0.0192490,-0.0471777,-4.9254812,-10.1041080
0.2025000,0.0192650,-0.0473172,-5.0283541,-10.2069809
0.2031250,0.0192813,-0.0474565,-5.1260251,-10.3046519
0.2037500,0.0192978,-0.0475953,-5.2237914,-10.4024182
0.2043750,0.0193147,-0.0477337,-5.3163121,-10.4949389
0.2050000,0.0193317,-0.0478717,-5.4088865,-10.5875133
0.2056250,0.0193492,-0.0480092,-5.4961737,-10.6748005
0.2062500,0.0193668,-0.0481462,-5.5834745,-10.7621013
0.2068750,0.0193848,-0.0482828,-5.6654493,-10.8440761
0.2075000,0.0194028,-0.0484188,-5.7473988,-10.9260256
0.2081250,0.0194213,-0.0485541,-5.8239873,-11.0026141
0.2087500,0.0194399,-0.0486890,-5.9005129,-11.0791397
0.2093750,0.0194587,-0.0488232,-5.9716474,-11.1502742
0.2100000,0.0194777,-0.0489568,-6.0426828,-11.2213096
0.2106250,0.0194971,-0.0490896,-6.1083023,-11.2869291
0.2112500,0.0195166,-0.0492218,-6.1737882,-11.3524150
0.2118750,0.0195364,-0.0493533,-6.2338403,-11.4124671
0.2125000,0.0195563,-0.0494841,-6.2937255,-11.4723523
0.2131250,0.0195765,-0.0496141,-6.3481666,-11.5267934
0.2137500,0.0195968,-0.0497435,-6.4024092,-11.5810360
0.2143750,0.0196175,-0.0498720,-6.4512061,-11.6298329
0.2150000,0.0196382,-0.0499997,-6.4997744,-11.6784012
0.2156250,0.0196592,-0.0501267,-6.5429049,-11.7215317
0.2162500,0.0196803,-0.0502529,-6.5857783,-11.7644051
0.2168750,0.0197018,-0.0503782,-6.6232325,-11.8018593
0.2175000,0.0197233,-0.0505028,-6.6604027,-11.8390295
0.2181250,0.0197452,-0.0506265,-6.6921834,-11.8708102
0.2187500,0.0197672,-0.0507495,-6.7236550,-11.9022818
0.2193750,0.0197895,-0.0508716,-6.7497790,-11.9284058
0.2200000,0.0198119,-0.0509929,-6.7755706,-11.9541974
0.2206250,0.0198346,-0.0511133,-6.7960690,-11.9746958
0.2212500,0.0198574,-0.0512330,-6.8162133,-11.9948401
0.2218750,0.0198806,-0.0513519,-6.8311324,-12.0097592
0.2225000,0.0199039,-0.0514699,-6.8456776,-12.0243044
0.2231250,0.0199275,-0.0515872,-6.8550790,-12.0337058
0.2237500,0.0199513,-0.0517037,-6.8640885,-12.0427153
0.2243750,0.0199754,-0.0518194,-6.8680498,-12.0466766
0.2250000,0.0199997,-0.0519342,-6.8716031,-12.0502299
0.2256250,0.0200243,-0.0520483,-6.8702179,-12.0488447
0.2262500,0.0200491,-0.0521614,-6.8684104,-12.0470372
0.2268750,0.0200743,-0.0522739,-6.8617882,-12.0404150
0.2275000,0.0200995,-0.0523855,-6.8547313,-12.0333581
0.2281250,0.0201252,-0.0524963,-6.8429978,-12.0216246
0.2287500,0.0201509,-0.0526061,-6.8308188,-12.0094456
0.2293750,0.0201771,-0.0527152,-6.8141151,-11.9927419
0.2300000,0.0202034,-0.0528232,-6.7969571,-11.9755839
0.2306250,0.0202301,-0.0529305,-6.7754397,-11.9540665
0.2312500,0.0202568,-0.0530368,-6.7534610,-11.9320878
0.2318750,0.0202839,-0.0531420,-6.7273010,-11.9059278
0.2325000,0.0203111,-0.0532463,-6.7006745,-11.8793013
0.2331250,0.0203385,-0.0533494,-6.6700571,-11.8486839
0.2337500,0.0203661,-0.0534515,-6.6389695,-11.8175963
0.2343750,0.0203939,-0.0535522,-6.6040927,-11.7827195
0.2350000,0.0204218,-0.0536519,-6.5687438,-11.7473706
0.2356250,0.0204498,-0.0537502,-6.5298179,-11.7084447
0.2362500,0.0204778,-0.0538473,-6.4904196,-11.6690464
0.2368750,0.0205060,-0.0539426,-6.4476657,-11.6262925
0.2375000,0.0205341,-0.0540368,-6.4044407,-11.5830675
0.2381250,0.0205622,-0.0541288,-6.3580897,-11.5367165
0.2387500,0.0205903,-0.0542197,-6.3112703,-11.4898971
0.2393750,0.0206182,-0.0543082,-6.2615615,-11.4401883
0.2400000,0.0206461,-0.0543955,-6.2113883,-11.3900151
0.2406250,0.0206736,-0.0544800,-6.1585680,-11.3371948
0.2412500,0.0207012,-0.0545632,-6.1052885,-11.2839153
0.2418750,0.0207281,-0.0546433,-6.0496085,-11.2282353
0.2425000,0.0207551,-0.0547220,-5.9934757,-11.1721025
0.2431250,0.0207812,-0.0547971,-5.9351916,-11.1138184
0.2437500,0.0208074,-0.0548708,-5.8764622,-11.0550890
0.2443750,0.0208326,-0.0549404,-5.8158323,-10.9944591
0.2450000,0.0208577,-0.0550087,-5.7547654,-10.9333922
0.2456250,0.0208815,-0.0550723,-5.6920487,-10.8706755
0.2462500,0.0209054,-0.0551346,-5.6289042,-10.8075310
0.2468750,0.0209277,-0.0551918,-5.5643590,-10.7429858
0.2475000,0.0209500,-0.0552476,-5.4993960,-10.6780228
0.2481250,0.0209705,-0.0552978,-5.4332784,-10.6119052
0.2487500,0.0209911,-0.0553465,-5.3667538,-10.5453806
0.2493750,0.0210096,-0.0553892,-5.2993164,-10.4779432
0.2500000,0.0210281,-0.0554304,-5.2314829,-10.4101097
0.2506250,0.0210444,-0.0554658,-5.1631674,-10.3417942
0.2512500,0.0210607,-0.0555013,-5.0948519,-10.2734787
0.2518750,0.0210745,-0.0555312,-5.0264685,-10.2050953
0.2525000,0.0210883,-0.0555611,-4.9580851,-10.1367119
0.2531250,0.0210994,-0.0555852,-4.8898439,-10.0684707
0.2537500,0.0211105,-0.0556093,-4.8216028,-10.0002296
0.2543750,0.0211189,-0.0556273,-4.7537052,-9.9323320
0.2550000,0.0211272,-0.0556452,-4.6858077,-9.8644345
0.2556250,0.0211325,-0.0556567,-4.6184457,-9.7970725
0.2562500,0.0211378,-0.0556682,-4.5510837,-9.7297105
0.2568750,0.0211401,-0.0556731,-4.4844393,-9.6630661
0.2575000,0.0211424,-0.0556779,-4.4177950,-9.5964218
0.2581250,0.0211415,-0.0556761,-4.3520399,-9.5306667
0.2587500,0.0211406,-0.0556742,-4.2862849,-9.4649117
0.2593750,0.0211366,-0.0556655,-4.2215803,-9.4002071
0.2600000,0.0211326,-0.0556568,-4.1568758,-9.3355026
0.2606250,0.0211254,-0.0556413,-4.0933722,-9.2719990
0.2612500,0.0211182,-0.0556258,-4.0298687,-9.2084955
0.2618750,0.0211079,-0.0556036,-3.9677061,-9.1463329
0.2625000,0.0210976,-0.0555813,-3.9055435,-9.0841703
0.2631250,0.0210843,-0.0555525,-3.8448514,-9.0234782
0.2637500,0.0210710,-0.0555237,-3.7841592,-8.9627860
0.2643750,0.0210549,-0.0554885,-3.7250569,-8.9036837
0.2650000,0.0210387,-0.0554534,-3.6659547,-8.8445815
0.2656250,0.0210199,-0.0554122,-3.6085525,-8.7871793
0.2662500,0.0210010,-0.0553710,-3.5511503,-8.7297771
0.2668750,0.0209797,-0.0553242,-3.4955491,-8.6741759
0.2675000,0.0209583,-0.0552773,-3.4399480,-8.6185748
0.2681250,0.0209347,-0.0552251,-3.3862412,-8.5648680
0.2687500,0.0209111,-0.0551729,-3.3325344,-8.5111612
0.2693750,0.0208855,-0.0551159,-3.2808078,-8.4594346
0.2700000,0.0208599,-0.0550589,-3.2290813,-8.4077081
0.2706250,0.0208326,-0.0549976,-3.1794150,-8.3580418
0.2712500,0.0208053,-0.0549363,-3.1297488,-8.3083756
0.2718750,0.0207765,-0.0548712,-3.0822180,-8.2608448
0.2725000,0.0207477,-0.0548061,-3.0346872,-8.2133140
0.2731250,0.0207177,-0.0547377,-2.9893634,-8.1679902
0.2737500,0.0206877,-0.0546693,-2.9440396,-8.1226664
0.2743750,0.0206569,-0.0545983,-2.9009921,-8.0796189
0.2750000,0.0206260,-0.0545272,-2.8579445,-8.0365713
0.2756250,0.0205945,-0.0544540,-2.8172417,-7.9958685
0.2762500,0.0205629,-0.0543808,-2.7765390,-7.9551658
0.2768750,0.0205310,-0.0543060,-2.7382502,-7.9168770
0.2775000,0.0204991,-0.0542311,-2.6999613,-7.8785881
0.2781250,0.0204670,-0.0541551,-2.6641576,-7.8427844
0.2787500,0.0204349,-0.0540792,-2.6283539,-7.8069807
0.2793750,0.0204029,-0.0540026,-2.5951103,-7.7737371
0.2800000,0.0203708,-0.0539260,-2.5618667,-7.7404935
0.2806250,0.0203390,-0.0538491,-2.5312633,-7.7098901
0.2812500,0.0203072,-0.0537723,-2.5006599,-7.6792867
0.2818750,0.0202758,-0.0536956,-2.4727834,-7.6514102
0.2825000,0.0202444,-0.0536190,-2.4449068,-7.6235336
0.2831250,0.0202135,-0.0535428,-2.4198518,-7.5984786
0.2837500,0.0201825,-0.0534665,-2.3947969,-7.5734237
0.2843750,0.0201522,-0.0533909,-2.3726677,-7.5512945
0.2850000,0.0201218,-0.0533154,-2.3505385,-7.5291653
0.2856250,0.0200921,-0.0532407,-2.3314498,-7.5100766
0.2862500,0.0200624,-0.0531660,-2.3123611,-7.4909879
0.2868750,0.0200334,-0.0530923,-2.2964395,-7.4750663
0.2875000,0.0200044,-0.0530187,-2.2805178,-7.4591446
0.2881250,0.0199761,-0.0529461,-2.2679024,-7.4465292
0.2887500,0.0199478,-0.0528735,-2.2552871,-7.4339139
0.2893750,0.0199202,-0.0528019,-2.2461310,-7.4247578
0.2900000,0.0198925,-0.0527303,-2.2369749,-7.4156017
0.2906250,0.0198656,-0.0526597,-2.2314453,-7.4100721
0.2912500,0.0198386,-0.0525892,-2.2259157,-7.4045425
0.2918750,0.0198122,-0.0525195,-2.2241945,-7.4028213
0.2925000,0.0197858,-0.0524498,-2.2224734,-7.4011002
0.2931250,0.0197600,-0.0523808,-2.2247578,-7.4033846
0.2937500,0.0197341,-0.0523118,-2.2270422,-7.4056690
0.2943750,0.0197087,-0.0522434,-2.2335444,-7.4121712
0.2950000,0.0196833,-0.0521750,-2.2400466,-7.4186734
0.2956250,0.0196583,-0.0521069,-2.2509938,-7.4296206
0.2962500,0.0196332,-0.0520389,-2.2619409,-7.4405677
0.2968750,0.0196085,-0.0519711,-2.2775748,-7.4562016
0.2975000,0.0195838,-0.0519032,-2.2932087,-7.4718355
0.2981250,0.0195593,-0.0518352,-2.3137852,-7.4924120
0.2987500,0.0195348,-0.0517673,-2.3343616,-7.5129884
0.2993750,0.0195105,-0.0516991,-2.3601493,-7.5387761
0.3000000,0.0194861,-0.0516310,-2.3859369,-7.5645637
0.3006250,0.0194618,-0.0515624,-2.4172165,-7.5958433
0.3012500,0.0194375,-0.0514938,-2.4484960,-7.6271228
0.3018750,0.0194133,-0.0514247,-2.4855586,-7.6641854
0.3025000,0.0193891,-0.0513555,-2.5226213,-7.7012481
0.3031250,0.0193649,-0.0512857,-2.5657671,-7.7443939
0.3037500,0.0193406,-0.0512158,-2.6089128,-7.7875396
0.3043750,0.0193164,-0.0511452,-2.6584486,-7.8370754
0.3050000,0.0192922,-0.0510745,-2.7079843,-7.8866111
0.3056250,0.0192679,-0.0510030,-2.7642219,-7.9428487
0.3062500,0.0192436,-0.0509316,-2.8204595,-7.9990863
0.3068750,0.0192194,-0.0508593,-2.8837131,-8.0623399
0.3075000,0.0191951,-0.0507871,-2.9469667,-8.1255935
0.3081250,0.0191709,-0.0507140,-3.0175504,-8.1961772
0.3087500,0.0191466,-0.0506410,-3.0881341,-8.2667609
0.3093750,0.0191224,-0.0505673,-3.1663592,-8.3449860
0.3100000,0.0190981,-0.0504936,-3.2445843,-8.4232111
0.3106250,0.0190740,-0.0504194,-3.3307560,-8.5093828
0.3112500,0.0190498,-0.0503451,-3.4169278,-8.5955546
0.3118750,0.0190259,-0.0502704,-3.5113426,-8.6899694
0.3125000,0.0190019,-0.0501957,-3.6057575,-8.7843843
0.3131250,0.0189781,-0.0501207,-3.7086996,-8.8873264
0.3137500,0.0189543,-0.0500458,-3.8116417,-8.9902685
0.3143750,0.0189308,-0.0499707,-3.9233798,-9.1020066
0.3150000,0.0189072,-0.0498957,-4.0351178,-9.2137446
0.3156250,0.0188840,-0.0498208,-4.1559014,-9.3345282
0.3162500,0.0188607,-0.0497459,-4.2766849,-9.4553117
0.3168750,0.0188378,-0.0496713,-4.4067412,-9.5853680
0.3175000,0.0188149,-0.0495966,-4.5367974,-9.7154242
0.3181250,0.0187925,-0.0495224,-4.6763273,-9.8549541
0.3187500,0.0187700,-0.0494482,-4.8158572,-9.9944840
0.3193750,0.0187480,-0.0493746,-4.9650323,-10.1436591
0.3200000,0.0187259,-0.0493009,-5.1142074,-10.2928342
0.3206250,0.0187044,-0.0492279,-5.2731662,-10.4517930
0.3212500,0.0186828,-0.0491549,-5.4321250,-10.6107518
0.3218750,0.0186617,-0.0490826,-5.6009695,-10.7795963
0.3225000,0.0186405,-0.0490102,-5.7698140,-10.9484408
0.3231250,0.0186199,-0.0489386,-5.9486064,-11.1272332
0.3237500,0.0185992,-0.0488670,-6.1273988,-11.3060256
0.3243750,0.0185790,-0.0487959,-6.3161584,-11.4947852
0.3250000,0.0185587,-0.0487249,-6.5049180,-11.6835448
0.3256250,0.0185388,-0.0486543,-6.7036182,-11.8822450
0.3262500,0.0185189,-0.0485837,-6.9023184,-12.0809452
0.3268750,0.0184993,-0.0485134,-7.1108838,-12.2895106
0.3275000,0.0184797,-0.0484431,-7.3194491,-12.4980759
0.3281250,0.0184604,-0.0483727,-7.5377529,-12.7163797
0.3287500,0.0184410,-0.0483024,-7.7560566,-12.9346834
0.3293750,0.0184218,-0.0482317,-7.9839184,-13.1625452
0.3300000,0.0184026,-0.0481610,-8.2117802,-13.3904070
0.3306250,0.0183835,-0.0480895,-8.4489641,-13.6275909
0.3312500,0.0183643,-0.0480181,-8.6861479,-13.8647747
0.3318750,0.0183451,-0.0479455,-8.9323606,-14.1109874
0.3325000,0.0183258,-0.0478728,-9.1785733,-14.3572001
0.3331250,0.0183064,-0.0477985,-9.4334628,-14.6120896
0.3337500,0.0182870,-0.0477242,-9.6883522,-14.8669790
0.3343750,0.0182673,-0.0476478,-9.9515069,-15.1301337
0.3350000,0.0182475,-0.0475713,-10.2146615,-15.3932883
0.3356250,0.0182274,-0.0474920,-10.4856096,-15.6642364
0.3362500,0.0182073,-0.0474128,-10.7565577,-15.9351845
0.3368750,0.0181867,-0.0473304,-11.0347670,-16.2133938
0.3375000,0.0181660,-0.0472479,-11.3129764,-16.4916032
0.3381250,0.0181448,-0.0471616,-11.5978548,-16.7764816
0.3387500,0.0181235,-0.0470754,-11.8827332,-17.0613600
0.3393750,0.0181016,-0.0469849,-12.1736290,-17.3522558
0.3400000,0.0180797,-0.0468944,-12.4645248,-17.6431516
0.3406250,0.0180570,-0.0467991,-12.7607281,-17.9393549
0.3412500,0.0180343,-0.0467038,-13.0569314,-18.2355582
0.3418750,0.0180109,-0.0466034,-13.3576756,-18.5363024
0.3425000,0.0179875,-0.0465030,-13.6584199,-18.8370467
0.3431250,0.0179633,-0.0463970,-13.9628841,-19.1415109
0.3437500,0.0179390,-0.0462911,-14.2673483,-19.4459751
0.3443750,0.0179141,-0.0461794,-14.5746592,-19.7532860
0.3450000,0.0178891,-0.0460677,-14.8819701,-20.0605969
0.3456250,0.0178634,-0.0459500,-15.1912055,-20.3698323
0.3462500,0.0178377,-0.0458324,-15.5004408,-20.6790676
0.3468750,0.0178114,-0.0457087,-15.8106326,-20.9892594
0.3475000,0.0177851,-0.0455850,-16.1208244,-21.2994512
0.3481250,0.0177583,-0.0454553,-16.4309629,-21.6095897
0.3487500,0.0177314,-0.0453256,-16.7411013,-21.9197281
0.3493750,0.0177042,-0.0451899,-17.0501388,-22.2287656
0.3500000,0.0176769,-0.0450543,-17.3591763,-22.5378031
0.3506250,0.0176494,-0.0449129,-17.6660324,-22.8446592
0.3512500,0.0176219,-0.0447716,-17.9728885,-23.1515153
0.3518750,0.0175943,-0.0446249,-18.2764546,-23.4550814
0.3525000,0.0175667,-0.0444782,-18.5800208,-23.7586476
0.3531250,0.0175392,-0.0443264,-18.8791657,-24.0577925
0.3537500,0.0175117,-0.0441747,-19.1783105,-24.3569373
0.3543750,0.0174845,-0.0440185,-19.4718858,-24.6505126
0.3550000,0.0174572,-0.0438622,-19.7654611,-24.9440879
0.3556250,0.0174304,-0.0437020,-20.0523073,-25.2309341
0.3562500,0.0174035,-0.0435418,-20.3391535,-25.5177803
0.3568750,0.0173773,-0.0433782,-20.6181061,-25.7967329
0.3575000,0.0173511,-0.0432146,-20.8970587,-26.0756855
0.3581250,0.0173257,-0.0430483,-21.1669545,-26.3455813
0.3587500,0.0173003,-0.0428820,-21.4368502,-26.6154770
0.3593750,0.0172759,-0.0427137,-21.6965338,-26.8751606
0.3600000,0.0172514,-0.0425453,-21.9562174,-27.1348442
0.3606250,0.0172280,-0.0423755,-22.2045479,-27.3831747
0.3612500,0.0172045,-0.0422058,-22.4528783,-27.6315051
0.3618750,0.0171823,-0.0420353,-22.6887358,-27.8673626
0.3625000,0.0171601,-0.0418649,-22.9245933,-28.1032201
0.3631250,0.0171391,-0.0416944,-23.1468858,-28.3255126
0.3637500,0.0171181,-0.0415239,-23.3691783,-28.5478051
0.3643750,0.0170985,-0.0413539,-23.5768484,-28.7554752
0.3650000,0.0170789,-0.0411839,-23.7845185,-28.9631453
0.3656250,0.0170606,-0.0410149,-23.9765497,-29.1551765
0.3662500,0.0170423,-0.0408460,-24.1685808,-29.3472076
0.3668750,0.0170255,-0.0406785,-24.3440043,-29.5226311
0.3675000,0.0170086,-0.0405110,-24.5194278,-29.6980546
0.3681250,0.0169931,-0.0403454,-24.6773286,-29.8559554
0.3687500,0.0169776,-0.0401798,-24.8352295,-30.0138563
0.3693750,0.0169635,-0.0400163,-24.9747528,-30.1533796
0.3700000,0.0169493,-0.0398528,-25.1142761,-30.2929029
0.3706250,0.0169366,-0.0396917,-25.2346327,-30.4132595
0.3712500,0.0169238,-0.0395305,-25.3549893,-30.5336161
0.3718750,0.0169123,-0.0393716,-25.4554615,-30.6340883
0.3725000,0.0169007,-0.0392128,-25.5559336,-30.7345604
0.3731250,0.0168905,-0.0390563,-25.6358799,-30.8145067
0.3737500,0.0168802,-0.0388997,-25.7158263,-30.8944531
0.3743750,0.0168711,-0.0387454,-25.7746868,-30.9533136
0.3750000,0.0168620,-0.0385911,-25.8335473,-31.0121741
0.3756250,0.0168540,-0.0384387,-25.8708476,-31.0494744
0.3762500,0.0168460,-0.0382863,-25.9081478,-31.0867746
0.3768750,0.0168391,-0.0381355,-25.9235027,-31.1021295
0.3775000,0.0168322,-0.0379848,-25.9388576,-31.1174844
0.3781250,0.0168264,-0.0378353,-25.9319749,-31.1106017
0.3787500,0.0168205,-0.0376857,-25.9250923,-31.1037191
0.3793750,0.0168156,-0.0375370,-25.8957755,-31.0744023
0.3800000,0.0168107,-0.0373883,-25.8664587,-31.0450855
0.3806250,0.0168068,-0.0372399,-25.8146088,-30.9932356
0.3812500,0.0168028,-0.0370915,-25.7627590,-30.9413858
0.3818750,0.0167998,-0.0369429,-25.6883768,-30.8670036
0.3825000,0.0167968,-0.0367943,-25.6139946,-30.7926214
0.3831250,0.0167947,-0.0366450,-25.5171813,-30.6958081
0.3837500,0.0167926,-0.0364957,-25.4203680,-30.5989948
0.3843750,0.0167915,-0.0363452,-25.3013257,-30.4799525
0.3850000,0.0167904,-0.0361948,-25.1822835,-30.3609103
0.3856250,0.0167903,-0.0360427,-25.0413152,-30.2199420
0.3862500,0.0167901,-0.0358906,-24.9003468,-30.0789736
0.3868750,0.0167910,-0.0357364,-24.7378552,-29.9164820
0.3875000,0.0167919,-0.0355822,-24.5753637,-29.7539905
0.3881250,0.0167938,-0.0354257,-24.3918501,-29.5704769
0.3887500,0.0167957,-0.0352691,-24.2083366,-29.3869634
0.3893750,0.0167988,-0.0351098,-24.0043986,-29.1830254
0.3900000,0.0168018,-0.0349505,-23.8004607,-28.9790875
0.3906250,0.0168060,-0.0347884,-23.5767893,-28.7554161
0.3912500,0.0168102,-0.0346263,-23.3531179,-28.5317447
0.3918750,0.0168157,-0.0344612,-23.1104944,-28.2891212
0.3925000,0.0168211,-0.0342962,-22.8678710,-28.0464978
0.3931250,0.0168279,-0.0341282,-22.6071630,-27.7857898
0.3937500,0.0168346,-0.0339602,-22.3464550,-27.5250818
0.3943750,0.0168427,-0.0337894,-22.0686116,-27.2472384
0.3950000,0.0168508,-0.0336187,-21.7907683,-26.9693951
0.3956250,0.0168603,-0.0334453,-21.4968154,-26.6754422
0.3962500,0.0168698,-0.0332720,-21.2028625,-26.3814893
0.3968750,0.0168808,-0.0330964,-20.8938970,-26.0725238
0.3975000,0.0168917,-0.0329209,-20.5849315,-25.7635583
0.3981250,0.0169041,-0.0327435,-20.2621152,-25.4407420
0.3987500,0.0169165,-0.0325661,-19.9392989,-25.1179257
0.3993750,0.0169304,-0.0323874,-19.6038521,-24.7824789
0.4000000,0.0169443,-0.0322087,-19.2684053,-24.4470321
0.4006250,0.0169596,-0.0320292,-18.9215999,-24.1002267
0.4012500,0.0169749,-0.0318498,-18.5747945,-23.7534213
0.4018750,0.0169917,-0.0316702,-18.2179466,-23.3965734
0.4025000,0.0170084,-0.0314906,-17.8610986,-23.0397254
0.4031250,0.0170265,-0.0313115,-17.4955609,-22.6741877
0.4037500,0.0170446,-0.0311325,-17.1300233,-22.3086501
0.4043750,0.0170640,-0.0309547,-16.7571777,-21.9358045
0.4050000,0.0170833,-0.0307769,-16.3843320,-21.5629588
0.4056250,0.0171038,-0.0306010,-16.0055810,-21.1842078
0.4062500,0.0171242,-0.0304251,-15.6268299,-20.8054567
0.4068750,0.0171458,-0.0302518,-15.2435888,-20.4222156
0.4075000,0.0171673,-0.0300785,-14.8603477,-20.0389745
0.4081250,0.0171897,-0.0299084,-14.4740362,-19.6526630
0.4087500,0.0172121,-0.0297383,-14.0877248,-19.2663516
0.4093750,0.0172352,-0.0295720,-13.6997589,-18.8783857
0.4100000,0.0172583,-0.0294058,-13.3117930,-18.4904198
0.4106250,0.0172820,-0.0292438,-12.9235766,-18.1022034
0.4112500,0.0173057,-0.0290819,-12.5353602,-17.7139870
0.4118750,0.0173298,-0.0289247,-12.1482769,-17.3269037
0.4125000,0.0173539,-0.0287676,-11.7611936,-16.9398204
0.4131250,0.0173783,-0.0286156,-11.3765988,-16.5552256
0.4137500,0.0174026,-0.0284636,-10.9920040,-16.1706308
0.4143750,0.0174271,-0.0283171,-10.6112169,-15.7898437
0.4150000,0.0174516,-0.0281706,-10.2304299,-15.4090567
0.4156250,0.0174760,-0.0280297,-9.8547263,-15.0333531
0.4162500,0.0175004,-0.0278888,-9.4790227,-14.6576495
0.4168750,0.0175247,-0.0277536,-9.1096274,-14.2882542
0.4175000,0.0175490,-0.0276184,-8.7402320,-13.9188588
0.4181250,0.0175730,-0.0274889,-8.3783119,-13.5569387
0.4187500,0.0175970,-0.0273594,-8.0163918,-13.1950186
0.4193750,0.0176207,-0.0272356,-7.6630497,-12.8416765
0.4200000,0.0176444,-0.0271117,-7.3097076,-12.4883344
0.4206250,0.0176677,-0.0269932,-6.9659761,-12.1446029
0.4212500,0.0176910,-0.0268748,-6.6222446,-11.8008714
0.4218750,0.0177139,-0.0267615,-6.2890803,-11.4677071
0.4225000,0.0177367,-0.0266483,-5.9559160,-11.1345428
0.4231250,0.0177592,-0.0265399,-5.6341950,-10.8128218
0.4237500,0.0177816,-0.0264315,-5.3124740,-10.4911008
0.4243750,0.0178037,-0.0263276,-5.0029870,-10.1816138
0.4250000,0.0178257,-0.0262236,-4.6935000,-9.8721268
0.4256250,0.0178474,-0.0261237,-4.3969489,-9.5755757
0.4262500,0.0178690,-0.0260238,-4.1003978,-9.2790246
0.4268750,0.0178903,-0.0259276,-3.8173924,-8.9960192
0.4275000,0.0179115,-0.0258313,-3.5343870,-8.7130138
0.4281250,0.0179325,-0.0257381,-3.2654423,-8.4440691
0.4287500,0.0179535,-0.0256450,-2.9964977,-8.1751245
0.4293750,0.0179743,-0.0255546,-2.7420325,-7.9206593
0.4300000,0.0179950,-0.0254642,-2.4875673,-7.6661941
0.4306250,0.0180157,-0.0253761,-2.2479026,-7.4265294
0.4312500,0.0180363,-0.0252880,-2.0082380,-7.1868648
0.4318750,0.0180568,-0.0252017,-1.7835969,-6.9622237
0.4325000,0.0180773,-0.0251154,-1.5589558,-6.7375826
0.4331250,0.0180978,-0.0250306,-1.3494635,-6.5280903
0.4337500,0.0181183,-0.0249458,-1.1399711,-6.3185979
0.4343750,0.0181389,-0.0248622,-0.9456558,-6.1242826
0.4350000,0.0181594,-0.0247786,-0.7513404,-5.9299672
0.4356250,0.0181801,-0.0246958,-0.5721351,-5.7507619
0.4362500,0.0182008,-0.0246130,-0.3929297,-5.5715565
0.4368750,0.0182216,-0.0245309,-0.2286742,-5.4073010
0.4375000,0.0182424,-0.0244488,-0.0644187,-5.2430455
0.4381250,0.0182635,-0.0243671,0.0851372,-5.0934896
0.4387500,0.0182845,-0.0242854,0.2346931,-4.9439337
0.4393750,0.0183058,-0.0242041,0.3698862,-4.8087406
0.4400000,0.0183270,-0.0241228,0.5050792,-4.6735476
0.4406250,0.0183485,-0.0240418,0.6263288,-4.5522980
0.4412500,0.0183699,-0.0239608,0.7475784,-4.4310484
0.4418750,0.0183917,-0.0238800,0.8553817,-4.3232451
0.4425000,0.0184134,-0.0237992,0.9631850,-4.2154418
0.4431250,0.0184354,-0.0237187,1.0581118,-4.1205150
0.4437500,0.0184573,-0.0236382,1.1530386,-4.0255882
0.4443750,0.0184795,-0.0235580,1.2357255,-3.9429013
0.4450000,0.0185017,-0.0234779,1.3184124,-3.8602144
0.4456250,0.0185241,-0.0233981,1.3895571,-3.7890697
0.4462500,0.0185464,-0.0233184,1.4607017,-3.7179251
0.4468750,0.0185690,-0.0232391,1.5210558,-3.6575710
0.4475000,0.0185915,-0.0231598,1.5814099,-3.5972169
0.4481250,0.0186142,-0.0230811,1.6317728,-3.5468540
0.4487500,0.0186369,-0.0230024,1.6821358,-3.4964910
0.4493750,0.0186597,-0.0229243,1.7233474,-3.4552794
0.4500000,0.0186824,-0.0228462,1.7645589,-3.4140679
0.4506250,0.0187053,-0.0227688,1.7974917,-3.3811351
0.4512500,0.0187282,-0.0226914,1.8304245,-3.3482023
0.4518750,0.0187512,-0.0226147,1.8559770,-3.3226498
0.4525000,0.0187741,-0.0225381,1.8815294,-3.2970974
0.4531250,0.0187972,-0.0224621,1.9006177,-3.2780091
0.4537500,0.0188202,-0.0223862,1.9197059,-3.2589209
0.4543750,0.0188433,-0.0223109,1.9332565,-3.2453703
0.4550000,0.0188664,-0.0222356,1.9468071,-3.2318197
0.4556250,0.0188896,-0.0221609,1.9557492,-3.2228776
0.4562500,0.0189128,-0.0220862,1.9646914,-3.2139354
0.4568750,0.0189362,-0.0220119,1.9699493,-3.2086775
0.4575000,0.0189595,-0.0219377,1.9752072,-3.2034196
0.4581250,0.0189830,-0.0218638,1.9776928,-3.2009340
0.4587500,0.0190065,-0.0217898,1.9801783,-3.1984485
0.4593750,0.0190303,-0.0217159,1.9807838,-3.1978430
0.4600000,0.0190540,-0.0216420,1.9813892,-3.1972376
0.4606250,0.0190781,-0.0215679,1.9809802,-3.1976466
0.4612500,0.0191022,-0.0214939,1.9805712,-3.1980556
0.4618750,0.0191267,-0.0214194,1.9799802,-3.1986466
0.4625000,0.0191512,-0.0213449,1.9793892,-3.1992376
0.4631250,0.0191762,-0.0212697,1.9794089,-3.1992179
0.4637500,0.0192012,-0.0211945,1.9794285,-3.1991983
0.4643750,0.0192269,-0.0211183,1.9808059,-3.1978209
0.4650000,0.0192525,-0.0210421,1.9821833,-3.1964435
0.4656250,0.0192789,-0.0209646,1.9856144,-3.1930124
0.4662500,0.0193053,-0.0208871,1.9890455,-3.1895813
0.4668750,0.0193325,-0.0208081,1.9951703,-3.1834565
0.4675000,0.0193597,-0.0207291,2.0012951,-3.1773317
0.4681250,0.0193879,-0.0206483,2.0106928,-3.1679340
0.4687500,0.0194160,-0.0205675,2.0200904,-3.1585364
0.4693750,0.0194452,-0.0204847,2.0332756,-3.1453512
0.4700000,0.0194743,-0.0204020,2.0464608,-3.1321660
0.4706250,0.0195046,-0.0203172,2.0638804,-3.1147464
0.4712500,0.0195349,-0.0202324,2.0812999,-3.0973269
0.4718750,0.0195663,-0.0201455,2.1033300,-3.0752968
0.4725000,0.0195977,-0.0200586,2.1253602,-3.0532666
0.4731250,0.0196303,-0.0199696,2.1523043,-3.0263225
0.4737500,0.0196628,-0.0198807,2.1792484,-2.9993784
0.4743750,0.0196965,-0.0197897,2.2113357,-2.9672911
0.4750000,0.0197301,-0.0196988,2.2434231,-2.9352037
0.4756250,0.0197649,-0.0196061,2.2808080,-2.8978188
0.4762500,0.0197997,-0.0195135,2.3181928,-2.8604340
0.4768750,0.0198355,-0.0194194,2.3609541,-2.8176727
0.4775000,0.0198712,-0.0193253,2.4037155,-2.7749113
0.4781250,0.0199079,-0.0192302,2.4518579,-2.7267689
0.4787500,0.0199445,-0.0191351,2.5000003,-2.6786265
0.4793750,0.0199818,-0.0190395,2.5534546,-2.6251722
0.4800000,0.0200191,-0.0189439,2.6069089,-2.5717179
0.4806250,0.0200569,-0.0188483,2.6655344,-2.5130924
0.4812500,0.0200946,-0.0187528,2.7241599,-2.4544669
0.4818750,0.0201326,-0.0186579,2.7877466,-2.3908802
0.4825000,0.0201705,-0.0185631,2.8513332,-2.3272936
0.4831250,0.0202084,-0.0184697,2.9196047,-2.2590221
0.4837500,0.0202462,-0.0183764,2.9878761,-2.1907507
0.4843750,0.0202836,-0.0182852,3.0604932,-2.1181336
0.4850000,0.0203210,-0.0181941,3.1331103,-2.0455165
0.4856250,0.0203576,-0.0181060,3.2096755,-1.9689513
0.4862500,0.0203942,-0.0180180,3.2862406,-1.8923862
0.4868750,0.0204296,-0.0179339,3.3663019,-1.8123248
0.4875000,0.0204649,-0.0178497,3.4463633,-1.7322635
0.4881250,0.0204986,-0.0177702,3.5294203,-1.6492065
0.4887500,0.0205323,-0.0176908,3.6124772,-1.5661496
0.4893750,0.0205640,-0.0176169,3.6979857,-1.4806411
0.4900000,0.0205956,-0.0175431,3.7834941,-1.3951327
0.4906250,0.0206248,-0.0174756,3.8708722,-1.3077546
0.4912500,0.0206540,-0.0174081,3.9582503,-1.2203765
0.4918750,0.0206804,-0.0173477,4.0468849,-1.1317419
0.4925000,0.0207067,-0.0172874,4.1355195,-1.0431073
0.4931250,0.0207298,-0.0172348,4.2247725,-0.9538543
0.4937500,0.0207529,-0.0171822,4.3140254,-0.8646014
0.4943750,0.0207724,-0.0171380,4.4032400,-0.7753868
0.4950000,0.0207919,-0.0170938,4.4924547,-0.6861721
0.4956250,0.0208076,-0.0170585,4.5809630,-0.5976638
0.4962500,0.0208233,-0.0170232,4.6694713,-0.5091555
0.4968750,0.0208349,-0.0169972,4.7566005,-0.4220263
0.4975000,0.0208464,-0.0169713,4.8437297,-0.3348971
0.4981250,0.0208538,-0.0169549,4.9288093,-0.2498175
0.4987500,0.0208611,-0.0169385,5.0138890,-0.1647378
0.4993750,0.0208641,-0.0169319,5.0962579,-0.0823689
0.5000000,0.0208671,-0.0169252,5.1786268,0.0000000
0.5006250,0.0208657,-0.0169283,5.2576397,0.0790129
0.5012500,0.0208643,-0.0169314,5.3366527,0.1580259
0.5018750,0.0208586,-0.0169442,5.4116873,0.2330605
0.5025000,0.0208528,-0.0169571,5.4867220,0.3080952
0.5031250,0.0208428,-0.0169795,5.5571854,0.3785586
0.5037500,0.0208328,-0.0170018,5.6276487,0.4490219
0.5043750,0.0208188,-0.0170334,5.6929832,0.5143564
0.5050000,0.0208047,-0.0170649,5.7583176,0.5796908
0.5056250,0.0207869,-0.0171052,5.8180074,0.6393806
0.5062500,0.0207691,-0.0171455,5.8776972,0.6990704
0.5068750,0.0207477,-0.0171940,5.9312735,0.7526467
0.5075000,0.0207263,-0.0172425,5.9848499,0.8062231
0.5081250,0.0207018,-0.0172986,6.0318966,0.8532698
0.5087500,0.0206773,-0.0173547,6.0789432,0.9003164
0.5093750,0.0206500,-0.0174177,6.1191012,0.9404744
0.5100000,0.0206226,-0.0174806,6.1592591,0.9806323
0.5106250,0.0205929,-0.0175497,6.1922307,1.0136039
0.5112500,0.0205631,-0.0176188,6.2252023,1.0465755
0.5118750,0.0205314,-0.0176932,6.2507555,1.0721287
0.5125000,0.0204996,-0.0177677,6.2763087,1.0976819
0.5131250,0.0204663,-0.0178467,6.2942799,1.1156531
0.5137500,0.0204329,-0.0179256,6.3122510,1.1336242
0.5143750,0.0203984,-0.0180082,6.3225477,1.1439209
0.5150000,0.0203638,-0.0180908,6.3328444,1.1542176
0.5156250,0.0203285,-0.0181763,6.3354476,1.1568208
0.5162500,0.0202932,-0.0182617,6.3380508,1.1594240
0.5168750,0.0202575,-0.0183492,6.3330163,1.1543895
0.5175000,0.0202217,-0.0184367,6.3279817,1.1493549
0.5181250,0.0201858,-0.0185255,6.3154407,1.1368139
0.5187500,0.0201499,-0.0186143,6.3028997,1.1242729
0.5193750,0.0201143,-0.0187037,6.2830592,1.1044324
0.5200000,0.0200786,-0.0187931,6.2632187,1.0845919
0.5206250,0.0200434,-0.0188825,6.2363611,1.0577343
0.5212500,0.0200081,-0.0189719,6.2095035,1.0308767
0.5218750,0.0199735,-0.0190606,6.1759852,0.9973584
0.5225000,0.0199389,-0.0191494,6.1424669,0.9638401
0.5231250,0.0199051,-0.0192372,6.1027169,0.9240901
0.5237500,0.0198713,-0.0193250,6.0629669,0.8843401
0.5243750,0.0198385,-0.0194114,6.0174841,0.8388573
0.5250000,0.0198056,-0.0194977,5.9720014,0.7933746
0.5256250,0.0197738,-0.0195824,5.9213519,0.7427251
0.5262500,0.0197420,-0.0196671,5.8707024,0.6920756
0.5268750,0.0197112,-0.0197499,5.8155158,0.6368890
0.5275000,0.0196804,-0.0198328,5.7603292,0.5817024
0.5281250,0.0196507,-0.0199137,5.7012945,0.5226677
0.5287500,0.0196209,-0.0199947,5.6422598,0.4636330
0.5293750,0.0195922,-0.0200738,5.5801208,0.4014940
0.5300000,0.0195635,-0.0201528,5.5179819,0.3393551
0.5306250,0.0195358,-0.0202300,5.4535322,0.2749054
0.5312500,0.0195081,-0.0203071,5.3890826,0.2104558
0.5318750,0.0194813,-0.0203826,5.3231599,0.1445331
0.5325000,0.0194545,-0.0204581,5.2572371,0.0786103
0.5331250,0.0194285,-0.0205321,5.1907171,0.0120903
0.5337500,0.0194025,-0.0206061,5.1241970,-0.0544298
0.5343750,0.0193772,-0.0206788,5.0579872,-0.1206396
0.5350000,0.0193519,-0.0207515,4.9917775,-0.1868493
0.5356250,0.0193273,-0.0208232,4.9268108,-0.2518160
0.5362500,0.0193026,-0.0208949,4.8618441,-0.3167827
0.5368750,0.0192785,-0.0209660,4.7990716,-0.3795552
0.5375000,0.0192543,-0.0210370,4.7362990,-0.4423278
0.5381250,0.0192305,-0.0211075,4.6766829,-0.5019439
0.5387500,0.0192067,-0.0211781,4.6170668,-0.5615600
0.5393750,0.0191833,-0.0212486,4.5615732,-0.6170536
0.5400000,0.0191598,-0.0213190,4.5060796,-0.6725472
0.5406250,0.0191366,-0.0213896,4.4556713,-0.7229555
0.5412500,0.0191133,-0.0214601,4.4052630,-0.7733638
0.5418750,0.0190902,-0.0215310,4.3608919,-0.8177349
0.5425000,0.0190670,-0.0216018,4.3165208,-0.8621060
0.5431250,0.0190440,-0.0216732,4.2791207,-0.8995061
0.5437500,0.0190210,-0.0217446,4.2417206,-0.9369062
0.5443750,0.0189980,-0.0218166,4.2121997,-0.9664271
0.5450000,0.0189750,-0.0218886,4.1826789,-0.9959479
0.5456250,0.0189521,-0.0219614,4.1619130,-1.0167138
0.5462500,0.0189291,-0.0220341,4.1411472,-1.0374796
0.5468750,0.0189062,-0.0221076,4.1299725,-1.0486543
0.5475000,0.0188833,-0.0221811,4.1187978,-1.0598290
0.5481250,0.0188604,-0.0222554,4.1180040,-1.0606228
0.5487500,0.0188375,-0.0223297,4.1172101,-1.0614167
0.5493750,0.0188147,-0.0224047,4.1275344,-1.0510924
0.5500000,0.0187918,-0.0224797,4.1378586,-1.0407682
0.5506250,0.0187691,-0.0225553,4.1599792,-1.0186476
0.5512500,0.0187463,-0.0226309,4.1820998,-0.9965270
0.5518750,0.0187237,-0.0227070,4.2166305,-0.9619963
0.5525000,0.0187010,-0.0227831,4.2511612,-0.9274656
0.5531250,0.0186786,-0.0228596,4.2986461,-0.8799807
0.5537500,0.0186561,-0.0229361,4.3461311,-0.8324957
0.5543750,0.0186339,-0.0230128,4.4070398,-0.7715870
0.5550000,0.0186117,-0.0230894,4.4679484,-0.7106784
0.5556250,0.0185898,-0.0231661,4.5426714,-0.6359554
0.5562500,0.0185678,-0.0232427,4.6173944,-0.5612324
0.5568750,0.0185462,-0.0233193,4.7062399,-0.4723869
0.5575000,0.0185246,-0.0233958,4.7950854,-0.3835414
0.5581250,0.0185034,-0.0234720,4.8982758,-0.2803510
0.5587500,0.0184821,-0.0235483,5.0014663,-0.1771605
0.5593750,0.0184613,-0.0236242,5.1191357,-0.0594911
0.5600000,0.0184404,-0.0237000,5.2368051,0.0581783
0.5606250,0.0184199,-0.0237754,5.3689973,0.1903705
0.5612500,0.0183994,-0.0238508,5.5011895,0.3225627
0.5618750,0.0183794,-0.0239257,5.6478569,0.4692301
0.5625000,0.0183593,-0.0240006,5.7945242,0.6158974
0.5631250,0.0183397,-0.0240749,5.9555265,0.7768997
0.5637500,0.0183200,-0.0241493,6.1165289,0.9379021
0.5643750,0.0183007,-0.0242233,6.2916339,1.1130071
0.5650000,0.0182814,-0.0242973,6.4667390,1.2881122
0.5656250,0.0182625,-0.0243710,6.6556225,1.4769957
0.5662500,0.0182435,-0.0244447,6.8445060,1.6658792
0.5668750,0.0182248,-0.0245184,7.0467534,1.8681266
0.5675000,0.0182061,-0.0245920,7.2490007,2.0703739
0.5681250,0.0181876,-0.0246658,7.4641084,2.2854816
0.5687500,0.0181691,-0.0247397,7.6792162,2.5005894
0.5693750,0.0181508,-0.0248140,7.9065947,2.7279679
0.5700000,0.0181324,-0.0248883,8.1339732,2.9553464
0.5706250,0.0181141,-0.0249635,8.3729496,3.1943228
0.5712500,0.0180958,-0.0250387,8.6119260,3.4332992
0.5718750,0.0180775,-0.0251152,8.8617479,3.6831211
0.5725000,0.0180591,-0.0251917,9.1115698,3.9329430
0.5731250,0.0180406,-0.0252699,9.3714092,4.1927824
0.5737500,0.0180221,-0.0253481,9.6312486,4.4526218
0.5743750,0.0180034,-0.0254284,9.9002069,4.7215801
0.5750000,0.0179847,-0.0255088,10.1691652,4.9905384
0.5756250,0.0179657,-0.0255919,10.4462780,5.2676512
0.5762500,0.0179467,-0.0256749,10.7233908,5.5447640
0.5768750,0.0179274,-0.0257611,11.0076337,5.8290069
0.5775000,0.0179080,-0.0258472,11.2918765,6.1132497
0.5781250,0.0178882,-0.0259370,11.5821708,6.4035440
0.5787500,0.0178683,-0.0260268,11.8724651,6.6938383
0.5793750,0.0178480,-0.0261206,12.1676845,6.9890577
0.5800000,0.0178277,-0.0262144,12.4629039,7.2842771
0.5806250,0.0178069,-0.0263127,12.7618807,7.5832539
0.5812500,0.0177860,-0.0264109,13.0608574,7.8822306
0.5818750,0.0177646,-0.0265139,13.3623895,8.1837627
0.5825000,0.0177432,-0.0266169,13.6639216,8.4852948
0.5831250,0.0177213,-0.0267249,13.9667798,8.7881530
0.5837500,0.0176993,-0.0268330,14.2696379,9.0910111
0.5843750,0.0176769,-0.0269463,14.5725725,9.3939457
0.5850000,0.0176545,-0.0270597,14.8755071,9.6968803
0.5856250,0.0176317,-0.0271785,15.1772560,9.9986292
0.5862500,0.0176088,-0.0272973,15.4790049,10.3003781
0.5868750,0.0175856,-0.0274216,15.7783004,10.5996736
0.5875000,0.0175623,-0.0275458,16.0775959,10.8989691
0.5881250,0.0175388,-0.0276755,16.3731721,11.1945453
0.5887500,0.0175153,-0.0278051,16.6687483,11.4901215
0.5893750,0.0174916,-0.0279402,16.9593487,11.7807219
0.5900000,0.0174679,-0.0280752,17.2499492,12.0713224
0.5906250,0.0174442,-0.0282153,17.5343336,12.3557068
0.5912500,0.0174205,-0.0283554,17.8187180,12.6400912
0.5918750,0.0173969,-0.0285004,18.0956696,12.9170428
0.5925000,0.0173733,-0.0286454,18.3726212,13.1939944
0.5931250,0.0173499,-0.0287949,18.6409535,13.4623267
0.5937500,0.0173265,-0.0289444,18.9092857,13.7306589
0.5943750,0.0173036,-0.0290980,19.1678490,13.9892222
0.5950000,0.0172806,-0.0292516,19.4264123,14.2477855
0.5956250,0.0172582,-0.0294087,19.6740999,14.4954731
0.5962500,0.0172357,-0.0295659,19.9217875,14.7431607
0.5968750,0.0172140,-0.0297262,20.1575420,14.9789152
0.5975000,0.0171922,-0.0298865,20.3932965,15.2146697
0.5981250,0.0171713,-0.0300493,20.6161150,15.4374882
0.5987500,0.0171504,-0.0302120,20.8389334,15.6603066
0.5993750,0.0171304,-0.0303767,21.0478727,15.8692459
0.6000000,0.0171104,-0.0305414,21.2568120,16.0781852
0.6006250,0.0170915,-0.0307075,21.4509936,16.2723668
0.6012500,0.0170725,-0.0308736,21.6451753,16.4665485
0.6018750,0.0170547,-0.0310405,21.8237895,16.6451627
0.6025000,0.0170368,-0.0312073,22.0024036,16.8237768
0.6031250,0.0170202,-0.0313744,22.1647132,16.9860864
0.6037500,0.0170035,-0.0315414,22.3270228,17.1483960
0.6043750,0.0169881,-0.0317082,22.4723665,17.2937397
0.6050000,0.0169727,-0.0318749,22.6177102,17.4390834
0.6056250,0.0169586,-0.0320409,22.7455053,17.5668785
0.6062500,0.0169444,-0.0322069,22.8733005,17.6946737
0.6068750,0.0169316,-0.0323717,22.9830453,17.8044185
0.6075000,0.0169187,-0.0325364,23.0927901,17.9141633
0.6081250,0.0169072,-0.0326996,23.1840651,18.0054383
0.6087500,0.0168956,-0.0328628,23.2753401,18.0967133
0.6093750,0.0168853,-0.0330242,23.3478097,18.1691829
0.6100000,0.0168750,-0.0331855,23.4202793,18.2416525
0.6106250,0.0168659,-0.0333447,23.4736919,18.2950651
0.6112500,0.0168568,-0.0335040,23.5271046,18.3484778
0.6118750,0.0168489,-0.0336610,23.5612931,18.3826663
0.6125000,0.0168410,-0.0338180,23.5954816,18.4168548
0.6131250,0.0168343,-0.0339728,23.6103626,18.4317358
0.6137500,0.0168276,-0.0341275,23.6252436,18.4466168
0.6143750,0.0168220,-0.0342800,23.6208163,18.4421895
0.6150000,0.0168163,-0.0344325,23.6163891,18.4377623
0.6156250,0.0168118,-0.0345828,23.5927344,18.4141076
0.6162500,0.0168072,-0.0347331,23.5690797,18.3904529
0.6168750,0.0168037,-0.0348814,23.5263574,18.3477306
0.6175000,0.0168001,-0.0350296,23.4836351,18.3050083
0.6181250,0.0167975,-0.0351761,23.4220822,18.2434554
0.6187500,0.0167949,-0.0353226,23.3605293,18.1819025
0.6193750,0.0167933,-0.0354674,23.2804566,18.1018298
0.6200000,0.0167916,-0.0356123,23.2003839,18.0217571
0.6206250,0.0167909,-0.0357559,23.1021732,17.9235464
0.6212500,0.0167901,-0.0358996,23.0039625,17.8253357
0.6218750,0.0167903,-0.0360424,22.8880625,17.7094357
0.6225000,0.0167904,-0.0361851,22.7721626,17.5935358
0.6231250,0.0167914,-0.0363273,22.6390854,17.4604586
0.6237500,0.0167924,-0.0364694,22.5060082,17.3273814
0.6243750,0.0167943,-0.0366113,22.3563247,17.1776979
0.6250000,0.0167961,-0.0367532,22.2066412,17.0280144
0.6256250,0.0167988,-0.0368953,22.0409767,16.8623499
0.6262500,0.0168015,-0.0370374,21.8753122,16.6966854
0.6268750,0.0168051,-0.0371799,21.6943418,16.5157150
0.6275000,0.0168087,-0.0373224,21.5133713,16.3347445
0.6281250,0.0168133,-0.0374657,21.3178146,16.1391878
0.6287500,0.0168178,-0.0376090,21.1222579,15.9436311
0.6293750,0.0168232,-0.0377534,20.9128743,15.7342475
0.6300000,0.0168286,-0.0378978,20.7034908,15.5248640
0.6306250,0.0168350,-0.0380434,20.4810743,15.3024475
0.6312500,0.0168414,-0.0381890,20.2586577,15.0800309
0.6318750,0.0168488,-0.0383361,20.0240313,14.8454045
0.6325000,0.0168561,-0.0384832,19.7894049,14.6107781
0.6331250,0.0168645,-0.0386319,19.5434159,14.3647891
0.6337500,0.0168729,-0.0387806,19.2974269,14.1188001
0.6343750,0.0168824,-0.0389309,19.0409411,13.8623143
0.6350000,0.0168918,-0.0390812,18.7844553,13.6058285
0.6356250,0.0169024,-0.0392331,18.5183524,13.3397256
0.6362500,0.0169130,-0.0393851,18.2522494,13.0736226
0.6368750,0.0169247,-0.0395386,17.9774173,12.7987905
0.6375000,0.0169363,-0.0396922,17.7025851,12.5239583
0.6381250,0.0169492,-0.0398472,17.4199153,12.2412885
0.6387500,0.0169620,-0.0400021,17.1372456,11.9586188
0.6393750,0.0169760,-0.0401584,16.8476284,11.6690016
0.6400000,0.0169899,-0.0403147,16.5580113,11.3793845
0.6406250,0.0170051,-0.0404719,16.2623313,11.0837045
0.6412500,0.0170202,-0.0406292,15.9666513,10.7880245
0.6418750,0.0170365,-0.0407872,15.6657824,10.4871556
0.6425000,0.0170528,-0.0409453,15.3649135,10.1862867
0.6431250,0.0170703,-0.0411038,15.0597155,9.8810887
0.6437500,0.0170877,-0.0412622,14.7545175,9.5758907
0.6443750,0.0171063,-0.0414207,14.4458316,9.2672048
0.6450000,0.0171248,-0.0415792,14.1371457,8.9585189
0.6456250,0.0171444,-0.0417374,13.8257914,8.6471646
0.6462500,0.0171640,-0.0418956,13.5144372,8.3358104
0.6468750,0.0171846,-0.0420530,13.2012088,8.0225820
0.6475000,0.0172051,-0.0422104,12.8879803,7.7093535
0.6481250,0.0172267,-0.0423667,12.5736436,7.3950168
0.6487500,0.0172482,-0.0425229,12.2593069,7.0806801
0.6493750,0.0172706,-0.0426775,11.9445971,6.7659703
0.6500000,0.0172929,-0.0428321,11.6298874,6.4512606
0.6506250,0.0173160,-0.0429847,11.3155066,6.1368798
0.6512500,0.0173391,-0.0431373,11.0011259,5.8224991
0.6518750,0.0173629,-0.0432875,10.6877411,5.5091143
0.6525000,0.0173866,-0.0434377,10.3743563,5.1957295
0.6531250,0.0174109,-0.0435851,10.0625976,4.8839708
0.6537500,0.0174352,-0.0437324,9.7508390,4.5722122
0.6543750,0.0174599,-0.0438766,9.4412987,4.2626719
0.6550000,0.0174846,-0.0440208,9.1317585,3.9531317
0.6556250,0.0175096,-0.0441615,8.8249899,3.6463631
0.6562500,0.0175345,-0.0443022,8.5182214,3.3395946
0.6568750,0.0175597,-0.0444391,8.2147385,3.0361117
0.6575000,0.0175849,-0.0445761,7.9112556,2.7326288
0.6581250,0.0176102,-0.0447090,7.6115324,2.4329056
0.6587500,0.0176354,-0.0448419,7.3118092,2.1331824
0.6593750,0.0176606,-0.0449706,7.0162801,1.8376533
0.6600000,0.0176858,-0.0450993,6.7207510,1.5421242
0.6606250,0.0177109,-0.0452237,6.4298109,1.2511841
0.6612500,0.0177360,-0.0453480,6.1388709,0.9602441
0.6618750,0.0177609,-0.0454679,5.8528762,0.6742494
0.6625000,0.0177857,-0.0455878,5.5668814,0.3882546
0.6631250,0.0178102,-0.0457032,5.2861504,0.1075236
0.6637500,0.0178347,-0.0458186,5.0054194,-0.1732074
0.6643750,0.0178589,-0.0459295,4.7302338,-0.4483930
0.6650000,0.0178831,-0.0460404,4.4550482,-0.7235786
0.6656250,0.0179068,-0.0461468,4.1856541,-0.9929727
0.6662500,0.0179305,-0.0462532,3.9162601,-1.2623667
0.6668750,0.0179538,-0.0463553,3.6528702,-1.5257566
0.6675000,0.0179770,-0.0464574,3.3894803,-1.7891465
0.6681250,0.0179997,-0.0465552,3.1322747,-2.0463521
0.6687500,0.0180224,-0.0466531,2.8750691,-2.3035577
0.6693750,0.0180446,-0.0467469,2.6241979,-2.5544289
0.6700000,0.0180668,-0.0468407,2.3733267,-2.8053001
0.6706250,0.0180885,-0.0469307,2.1289117,-3.0497151
0.6712500,0.0181101,-0.0470206,1.8844967,-3.2941301
0.6718750,0.0181313,-0.0471069,1.6466334,-3.5319934
0.6725000,0.0181524,-0.0471932,1.4087702,-3.7698566
0.6731250,0.0181731,-0.0472761,1.1775303,-4.0010965
0.6737500,0.0181938,-0.0473590,0.9462904,-4.2323364
0.6743750,0.0182140,-0.0474389,0.7217235,-4.4569033
0.6750000,0.0182341,-0.0475187,0.4971566,-4.6814702
0.6756250,0.0182539,-0.0475958,0.2792928,-4.8993340
0.6762500,0.0182737,-0.0476728,0.0614291,-5.1171977
0.6768750,0.0182931,-0.0477473,-0.1497188,-5.3283456
0.6775000,0.0183124,-0.0478218,-0.3608666,-5.5394934
0.6781250,0.0183315,-0.0478941,-0.5653011,-5.7439279
0.6787500,0.0183506,-0.0479664,-0.7697357,-5.9483625
0.6793750,0.0183694,-0.0480369,-0.9674725,-6.1460993
0.6800000,0.0183882,-0.0481073,-1.1652093,-6.3438361
0.6806250,0.0184068,-0.0481761,-1.3562749,-6.5349017
0.6812500,0.0184253,-0.0482449,-1.5473405,-6.7259673
0.6818750,0.0184438,-0.0483124,-1.7317706,-6.9103974
0.6825000,0.0184623,-0.0483798,-1.9162007,-7.0948275
0.6831250,0.0184807,-0.0484462,-2.0940381,-7.2726649
0.6837500,0.0184990,-0.0485127,-2.2718755,-7.4505023
0.6843750,0.0185174,-0.0485783,-2.4431684,-7.6217952
0.6850000,0.0185358,-0.0486439,-2.6144613,-7.7930881
0.6856250,0.0185542,-0.0487090,-2.7792618,-7.9578886
0.6862500,0.0185726,-0.0487741,-2.9440622,-8.1226890
0.6868750,0.0185912,-0.0488389,-3.1024246,-8.2810514
0.6875000,0.0186097,-0.0489036,-3.2607870,-8.4394138
0.6881250,0.0186284,-0.0489682,-3.4127669,-8.5913937
0.6887500,0.0186471,-0.0490328,-3.5647468,-8.7433736
0.6893750,0.0186660,-0.0490974,-3.7103995,-8.8890263
0.6900000,0.0186849,-0.0491621,-3.8560522,-9.0346790
0.6906250,0.0187041,-0.0492269,-3.9954322,-9.1740590
0.6912500,0.0187232,-0.0492917,-4.1348122,-9.3134390
0.6918750,0.0187427,-0.0493568,-4.2679720,-9.4465988
0.6925000,0.0187621,-0.0494218,-4.4011317,-9.5797585
0.6931250,0.0187819,-0.0494872,-4.5281213,-9.7067481
0.6937500,0.0188016,-0.0495526,-4.6551110,-9.8337378
0.6943750,0.0188217,-0.0496184,-4.7759778,-9.9546046
0.6950000,0.0188417,-0.0496842,-4.8968447,-10.0754715
0.6956250,0.0188622,-0.0497505,-5.0116329,-10.1902597
0.6962500,0.0188826,-0.0498168,-5.1264211,-10.3050479
0.6968750,0.0189034,-0.0498835,-5.2351716,-10.4137984
0.6975000,0.0189242,-0.0499502,-5.3439220,-10.5225488
0.6981250,0.0189454,-0.0500174,-5.4466725,-10.6252993
0.6987500,0.0189665,-0.0500845,-5.5494231,-10.7280499
0.6993750,0.0189880,-0.0501521,-5.6462084,-10.8248352
0.7000000,0.0190095,-0.0502197,-5.7429938,-10.9216206
0.7006250,0.0190314,-0.0502876,-5.8338463,-11.0124731
0.7012500,0.0190532,-0.0503555,-5.9246988,-11.1033256
0.7018750,0.0190754,-0.0504238,-6.0096486,-11.1882754
0.7025000,0.0190976,-0.0504920,-6.0945983,-11.2732251
0.7031250,0.0191201,-0.0505605,-6.1736740,-11.3523008
0.7037500,0.0191426,-0.0506290,-6.2527496,-11.4313764
0.7043750,0.0191654,-0.0506976,-6.3259789,-11.5046057
0.7050000,0.0191881,-0.0507663,-6.3992082,-11.5778350
0.7056250,0.0192112,-0.0508351,-6.4666190,-11.6452458
0.7062500,0.0192343,-0.0509038,-6.5340298,-11.7126566
0.7068750,0.0192576,-0.0509726,-6.5956508,-11.7742776
0.7075000,0.0192809,-0.0510414,-6.6572717,-11.8358985
0.7081250,0.0193045,-0.0511102,-6.7131331,-11.8917599
0.7087500,0.0193280,-0.0511789,-6.7689945,-11.9476213
0.7093750,0.0193517,-0.0512476,-6.8191295,-11.9977563
0.7100000,0.0193754,-0.0513163,-6.8692645,-12.0478913
0.7106250,0.0193994,-0.0513848,-6.9137098,-12.0923366
0.7112500,0.0194233,-0.0514533,-6.9581550,-12.1367818
0.7118750,0.0194474,-0.0515217,-6.9969519,-12.1755787
0.7125000,0.0194715,-0.0515900,-7.0357488,-12.2143756
0.7131250,0.0194958,-0.0516582,-7.0689442,-12.2475710
0.7137500,0.0195201,-0.0517264,-7.1021396,-12.2807664
0.7143750,0.0195446,-0.0517944,-7.1297870,-12.3084138
0.7150000,0.0195690,-0.0518623,-7.1574345,-12.3360613
0.7156250,0.0195936,-0.0519301,-7.1795947,-12.3582215
0.7162500,0.0196182,-0.0519979,-7.2017549,-12.3803817
0.7168750,0.0196430,-0.0520655,-7.2184970,-12.3971238
0.7175000,0.0196678,-0.0521331,-7.2352392,-12.4138660
0.7181250,0.0196928,-0.0522006,-7.2466412,-12.4252680
0.7187500,0.0197178,-0.0522681,-7.2580432,-12.4366700
0.7193750,0.0197430,-0.0523355,-7.2641928,-12.4428196
0.7200000,0.0197682,-0.0524029,-7.2703424,-12.4489692
0.7206250,0.0197936,-0.0524702,-7.2713374,-12.4499642
0.7212500,0.0198190,-0.0525376,-7.2723324,-12.4509592
0.7218750,0.0198447,-0.0526050,-7.2682814,-12.4469082
0.7225000,0.0198704,-0.0526724,-7.2642304,-12.4428572
0.7231250,0.0198963,-0.0527399,-7.2552529,-12.4338797
0.7237500,0.0199222,-0.0528074,-7.2462754,-12.4249022
0.7243750,0.0199485,-0.0528750,-7.2325022,-12.4111290
0.7250000,0.0199747,-0.0529427,-7.2187291,-12.3973559
0.7256250,0.0200013,-0.0530105,-7.2003025,-12.3789293
0.7262500,0.0200278,-0.0530783,-7.1818758,-12.3605026
0.7268750,0.0200547,-0.0531464,-7.1589491,-12.3375759
0.7275000,0.0200816,-0.0532144,-7.1360225,-12.3146493
0.7281250,0.0201088,-0.0532827,-7.1087605,-12.2873873
0.7287500,0.0201360,-0.0533509,-7.0814985,-12.2601253
0.7293750,0.0201636,-0.0534194,-7.0500767,-12.2287035
0.7300000,0.0201911,-0.0534878,-7.0186549,-12.1972817
0.7306250,0.0202190,-0.0535564,-6.9832594,-12.1618862
0.7312500,0.0202469,-0.0536251,-6.9478638,-12.1264906
0.7318750,0.0202751,-0.0536938,-6.9086905,-12.0873173
0.7325000,0.0203032,-0.0537625,-6.8695172,-12.0481440
0.7331250,0.0203316,-0.0538312,-6.8267714,-12.0053982
0.7337500,0.0203599,-0.0538998,-6.7840256,-11.9626524
0.7343750,0.0203885,-0.0539682,-6.7379211,-11.9165479
0.7350000,0.0204171,-0.0540367,-6.6918166,-11.8704434
0.7356250,0.0204458,-0.0541048,-6.6425748,-11.8212016
0.7362500,0.0204744,-0.0541729,-6.5933330,-11.7719598
0.7368750,0.0205031,-0.0542404,-6.5411821,-11.7198089
0.7375000,0.0205317,-0.0543078,-6.4890312,-11.6676580
0.7381250,0.0205602,-0.0543743,-6.4342049,-11.6128317
0.7387500,0.0205887,-0.0544408,-6.3793787,-11.5580055
0.7393750,0.0206169,-0.0545061,-6.3221154,-11.5007422
0.7400000,0.0206451,-0.0545714,-6.2648522,-11.4434790
0.7406250,0.0206729,-0.0546351,-6.2053937,-11.3840205
0.7412500,0.0207006,-0.0546988,-6.1459352,-11.3245620
0.7418750,0.0207277,-0.0547606,-6.0845253,-11.2631521
0.7425000,0.0207548,-0.0548223,-6.0231155,-11.2017423
0.7431250,0.0207811,-0.0548816,-5.9599991,-11.1386259
0.7437500,0.0208073,-0.0549409,-5.8968827,-11.0755095
0.7443750,0.0208325,-0.0549974,-5.8323043,-11.0109311
0.7450000,0.0208577,-0.0550538,-5.7677259,-10.9463527
0.7456250,0.0208816,-0.0551070,-5.7019286,-10.8805554
0.7462500,0.0209054,-0.0551602,-5.6361312,-10.8147580
0.7468750,0.0209277,-0.0552096,-5.5693551,-10.7479819
0.7475000,0.0209500,-0.0552590,-5.5025790,-10.6812058
0.7481250,0.0209706,-0.0553042,-5.4350605,-10.6136873
0.7487500,0.0209911,-0.0553494,-5.3675421,-10.5461689
0.7493750,0.0210096,-0.0553899,-5.2995125,-10.4781393
0.7500000,0.0210281,-0.0554304,-5.2314829,-10.4101097
0.7506250,0.0210444,-0.0554658,-5.1631674,-10.3417942
0.7512500,0.0210607,-0.0555013,-5.0948519,-10.2734787
0.7518750,0.0210745,-0.0555312,-5.0264685,-10.2050953
0.7525000,0.0210883,-0.0555611,-4.9580851,-10.1367119
0.7531250,0.0210994,-0.0555852,-4.8898439,-10.0684707
0.7537500,0.0211105,-0.0556093,-4.8216028,-10.0002296
0.7543750,0.0211189,-0.0556273,-4.7537052,-9.9323320
0.7550000,0.0211272,-0.0556452,-4.6858077,-9.8644345
0.7556250,0.0211325,-0.0556567,-4.6184457,-9.7970725
0.7562500,0.0211378,-0.0556682,-4.5510837,-9.7297105
0.7568750,0.0211401,-0.0556731,-4.4844394,-9.6630662
0.7575000,0.0211424,-0.0556779,-4.4177950,-9.5964218
0.7581250,0.0211415,-0.0556760,-4.3520399,-9.5306667
0.7587500,0.0211406,-0.0556742,-4.2862849,-9.4649117
0.7593750,0.0211366,-0.0556655,-4.2215803,-9.4002071
0.7600000,0.0211326,-0.0556568,-4.1568758,-9.3355026
0.7606250,0.0211254,-0.0556413,-4.0933722,-9.2719990
0.7612500,0.0211182,-0.0556258,-4.0298687,-9.2084955
0.7618750,0.0211079,-0.0556036,-3.9677061,-9.1463329
0.7625000,0.0210976,-0.0555813,-3.9055435,-9.0841703
0.7631250,0.0210843,-0.0555525,-3.8448513,-9.0234781
0.7637500,0.0210710,-0.0555237,-3.7841592,-8.9627860
0.7643750,0.0210549,-0.0554885,-3.7250569,-8.9036837
0.7650000,0.0210387,-0.0554534,-3.6659547,-8.8445815
0.7656250,0.0210199,-0.0554122,-3.6085525,-8.7871793
0.7662500,0.0210010,-0.0553710,-3.5511503,-8.7297771
0.7668750,0.0209797,-0.0553242,-3.4955492,-8.6741760
0.7675000,0.0209583,-0.0552773,-3.4399480,-8.6185748
0.7681250,0.0209347,-0.0552251,-3.3862412,-8.5648680
0.7687500,0.0209111,-0.0551729,-3.3325344,-8.5111612
0.7693750,0.0208855,-0.0551159,-3.2808078,-8.4594346
0.7700000,0.0208599,-0.0550589,-3.2290813,-8.4077081
0.7706250,0.0208326,-0.0549976,-3.1794150,-8.3580418
0.7712500,0.0208053,-0.0549363,-3.1297488,-8.3083756
0.7718750,0.0207765,-0.0548712,-3.0822180,-8.2608448
0.7725000,0.0207477,-0.0548061,-3.0346872,-8.2133140
0.7731250,0.0207177,-0.0547377,-2.9893634,-8.1679902
0.7737500,0.0206877,-0.0546693,-2.9440396,-8.1226664
0.7743750,0.0206569,-0.0545983,-2.9009920,-8.0796188
0.7750000,0.0206260,-0.0545272,-2.8579445,-8.0365713
0.7756250,0.0205945,-0.0544540,-2.8172417,-7.9958685
0.7762500,0.0205629,-0.0543808,-2.7765390,-7.9551658
0.7768750,0.0205310,-0.0543060,-2.7382502,-7.9168770
0.7775000,0.0204991,-0.0542311,-2.6999613,-7.8785881
0.7781250,0.0204670,-0.0541551,-2.6641576,-7.8427844
0.7787500,0.0204349,-0.0540792,-2.6283539,-7.8069807
0.7793750,0.0204029,-0.0540026,-2.5951103,-7.7737371
0.7800000,0.0203708,-0.0539260,-2.5618667,-7.7404935
0.7806250,0.0203390,-0.0538491,-2.5312633,-7.7098901
0.7812500,0.0203072,-0.0537723,-2.5006599,-7.6792867
0.7818750,0.0202758,-0.0536956,-2.4727834,-7.6514102
0.7825000,0.0202444,-0.0536190,-2.4449068,-7.6235336
0.7831250,0.0202135,-0.0535427,-2.4198518,-7.5984786
0.7837500,0.0201825,-0.0534665,-2.3947969,-7.5734237
0.7843750,0.0201522,-0.0533909,-2.3726677,-7.5512945
0.7850000,0.0201218,-0.0533154,-2.3505385,-7.5291653
0.7856250,0.0200921,-0.0532407,-2.3314498,-7.5100766
0.7862500,0.0200624,-0.0531660,-2.3123611,-7.4909879
0.7868750,0.0200334,-0.0530923,-2.2964395,-7.4750663
0.7875000,0.0200044,-0.0530187,-2.2805178,-7.4591446
0.7881250,0.0199761,-0.0529461,-2.2679025,-7.4465293
0.7887500,0.0199478,-0.0528735,-2.2552871,-7.4339139
0.7893750,0.0199202,-0.0528019,-2.2461310,-7.4247578
0.7900000,0.0198925,-0.0527303,-2.2369749,-7.4156017
0.7906250,0.0198656,-0.0526597,-2.2314453,-7.4100721
0.7912500,0.0198386,-0.0525892,-2.2259157,-7.4045425
0.7918750,0.0198122,-0.0525195,-2.2241945,-7.4028213
0.7925000,0.0197858,-0.0524498,-2.2224734,-7.4011002
0.7931250,0.0197600,-0.0523808,-2.2247578,-7.4033846
0.7937500,0.0197341,-0.0523118,-2.2270422,-7.4056690
0.7943750,0.0197087,-0.0522434,-2.2335444,-7.4121712
0.7950000,0.0196833,-0.0521750,-2.2400466,-7.4186734
0.7956250,0.0196583,-0.0521069,-2.2509938,-7.4296206
0.7962500,0.0196332,-0.0520389,-2.2619409,-7.4405677
0.7968750,0.0196085,-0.0519711,-2.2775748,-7.4562016
0.7975000,0.0195838,-0.0519032,-2.2932087,-7.4718355
0.7981250,0.0195593,-0.0518352,-2.3137851,-7.4924119
0.7987500,0.0195348,-0.0517673,-2.3343616,-7.5129884
0.7993750,0.0195105,-0.0516991,-2.3601493,-7.5387761
0.8000000,0.0194861,-0.0516310,-2.3859369,-7.5645637
0.8006250,0.0194618,-0.0515624,-2.4172165,-7.5958433
0.8012500,0.0194375,-0.0514938,-2.4484960,-7.6271228
0.8018750,0.0194133,-0.0514247,-2.4855586,-7.6641854
0.8025000,0.0193891,-0.0513555,-2.5226213,-7.7012481
0.8031250,0.0193649,-0.0512857,-2.5657670,-7.7443938
0.8037500,0.0193406,-0.0512158,-2.6089128,-7.7875396
0.8043750,0.0193164,-0.0511452,-2.6584486,-7.8370754
0.8050000,0.0192922,-0.0510745,-2.7079843,-7.8866111
0.8056250,0.0192679,-0.0510030,-2.7642219,-7.9428487
0.8062500,0.0192436,-0.0509316,-2.8204595,-7.9990863
0.8068750,0.0192194,-0.0508593,-2.8837131,-8.0623399
0.8075000,0.0191951,-0.0507871,-2.9469667,-8.1255935
0.8081250,0.0191709,-0.0507140,-3.0175504,-8.1961772
0.8087500,0.0191466,-0.0506410,-3.0881341,-8.2667609
0.8093750,0.0191224,-0.0505673,-3.1663592,-8.3449860
0.8100000,0.0190981,-0.0504936,-3.2445843,-8.4232111
0.8106250,0.0190740,-0.0504194,-3.3307561,-8.5093829
0.8112500,0.0190498,-0.0503451,-3.4169278,-8.5955546
0.8118750,0.0190259,-0.0502704,-3.5113426,-8.6899694
0.8125000,0.0190019,-0.0501957,-3.6057575,-8.7843843
0.8131250,0.0189781,-0.0501207,-3.7086996,-8.8873264
0.8137500,0.0189543,-0.0500458,-3.8116417,-8.9902685
0.8143750,0.0189308,-0.0499707,-3.9233798,-9.1020066
0.8150000,0.0189072,-0.0498957,-4.0351178,-9.2137446
0.8156250,0.0188840,-0.0498208,-4.1559014,-9.3345282
0.8162500,0.0188607,-0.0497459,-4.2766849,-9.4553117
0.8168750,0.0188378,-0.0496713,-4.4067412,-9.5853680
0.8175000,0.0188149,-0.0495966,-4.5367974,-9.7154242
0.8181250,0.0187925,-0.0495224,-4.6763273,-9.8549541
0.8187500,0.0187700,-0.0494482,-4.8158572,-9.9944840
0.8193750,0.0187480,-0.0493746,-4.9650323,-10.1436591
0.8200000,0.0187259,-0.0493009,-5.1142074,-10.2928342
0.8206250,0.0187044,-0.0492279,-5.2731662,-10.4517930
0.8212500,0.0186828,-0.0491549,-5.4321250,-10.6107518
0.8218750,0.0186617,-0.0490826,-5.6009695,-10.7795963
0.8225000,0.0186405,-0.0490102,-5.7698140,-10.9484408
0.8231250,0.0186199,-0.0489386,-5.9486064,-11.1272332
0.8237500,0.0185992,-0.0488670,-6.1273988,-11.3060256
0.8243750,0.0185790,-0.0487960,-6.3161584,-11.4947852
0.8250000,0.0185587,-0.0487249,-6.5049180,-11.6835448
0.8256250,0.0185388,-0.0486543,-6.7036182,-11.8822450
0.8262500,0.0185189,-0.0485837,-6.9023184,-12.0809452
0.8268750,0.0184993,-0.0485134,-7.1108838,-12.2895106
0.8275000,0.0184797,-0.0484431,-7.3194491,-12.4980759
0.8281250,0.0184604,-0.0483727,-7.5377529,-12.7163797
0.8287500,0.0184410,-0.0483024,-7.7560566,-12.9346834
0.8293750,0.0184218,-0.0482317,-7.9839184,-13.1625452
0.8300000,0.0184026,-0.0481610,-8.2117802,-13.3904070
0.8306250,0.0183835,-0.0480895,-8.4489641,-13.6275909
0.8312500,0.0183643,-0.0480181,-8.6861479,-13.8647747
0.8318750,0.0183451,-0.0479455,-8.9323606,-14.1109874
0.8325000,0.0183258,-0.0478728,-9.1785733,-14.3572001
0.8331250,0.0183064,-0.0477985,-9.4334628,-14.6120896
0.8337500,0.0182870,-0.0477242,-9.6883522,-14.8669790
0.8343750,0.0182673,-0.0476478,-9.9515068,-15.1301336
0.8350000,0.0182475,-0.0475713,-10.2146615,-15.3932883
0.8356250,0.0182274,-0.0474920,-10.4856096,-15.6642364
0.8362500,0.0182073,-0.0474128,-10.7565577,-15.9351845
0.8368750,0.0181867,-0.0473303,-11.0347671,-16.2133939
0.8375000,0.0181660,-0.0472479,-11.3129764,-16.4916032
0.8381250,0.0181448,-0.0471616,-11.5978548,-16.7764816
0.8387500,0.0181235,-0.0470754,-11.8827332,-17.0613600
0.8393750,0.0181016,-0.0469849,-12.1736290,-17.3522558
0.8400000,0.0180797,-0.0468944,-12.4645248,-17.6431516
0.8406250,0.0180570,-0.0467991,-12.7607281,-17.9393549
0.8412500,0.0180343,-0.0467038,-13.0569314,-18.2355582
0.8418750,0.0180109,-0.0466034,-13.3576757,-18.5363025
0.8425000,0.0179875,-0.0465030,-13.6584199,-18.8370467
0.8431250,0.0179633,-0.0463970,-13.9628841,-19.1415109
0.8437500,0.0179390,-0.0462911,-14.2673483,-19.4459751
0.8443750,0.0179141,-0.0461794,-14.5746592,-19.7532860
0.8450000,0.0178891,-0.0460677,-14.8819701,-20.0605969
0.8456250,0.0178634,-0.0459500,-15.1912055,-20.3698323
0.8462500,0.0178377,-0.0458324,-15.5004408,-20.6790676
0.8468750,0.0178114,-0.0457087,-15.8106326,-20.9892594
0.8475000,0.0177851,-0.0455850,-16.1208244,-21.2994512
0.8481250,0.0177583,-0.0454553,-16.4309629,-21.6095897
0.8487500,0.0177314,-0.0453256,-16.7411013,-21.9197281
0.8493750,0.0177042,-0.0451899,-17.0501388,-22.2287656
0.8500000,0.0176769,-0.0450543,-17.3591763,-22.5378031
0.8506250,0.0176494,-0.0449130,-17.6660324,-22.8446592
0.8512500,0.0176219,-0.0447716,-17.9728885,-23.1515153
0.8518750,0.0175943,-0.0446249,-18.2764547,-23.4550815
0.8525000,0.0175667,-0.0444782,-18.5800208,-23.7586476
0.8531250,0.0175392,-0.0443264,-18.8791657,-24.0577925
0.8537500,0.0175117,-0.0441747,-19.1783105,-24.3569373
0.8543750,0.0174845,-0.0440185,-19.4718858,-24.6505126
0.8550000,0.0174572,-0.0438622,-19.7654611,-24.9440879
0.8556250,0.0174304,-0.0437020,-20.0523073,-25.2309341
0.8562500,0.0174035,-0.0435418,-20.3391535,-25.5177803
0.8568750,0.0173773,-0.0433782,-20.6181061,-25.7967329
0.8575000,0.0173511,-0.0432146,-20.8970587,-26.0756855
0.8581250,0.0173257,-0.0430483,-21.1669545,-26.3455813
0.8587500,0.0173003,-0.0428820,-21.4368502,-26.6154770
0.8593750,0.0172759,-0.0427137,-21.6965338,-26.8751606
0.8600000,0.0172514,-0.0425453,-21.9562174,-27.1348442
0.8606250,0.0172280,-0.0423756,-22.2045478,-27.3831746
0.8612500,0.0172045,-0.0422058,-22.4528783,-27.6315051
0.8618750,0.0171823,-0.0420353,-22.6887358,-27.8673626
0.8625000,0.0171601,-0.0418649,-22.9245933,-28.1032201
0.8631250,0.0171391,-0.0416944,-23.1468858,-28.3255126
0.8637500,0.0171181,-0.0415239,-23.3691783,-28.5478051
0.8643750,0.0170985,-0.0413539,-23.5768484,-28.7554752
0.8650000,0.0170789,-0.0411839,-23.7845185,-28.9631453
0.8656250,0.0170606,-0.0410150,-23.9765496,-29.1551764
0.8662500,0.0170423,-0.0408460,-24.1685808,-29.3472076
0.8668750,0.0170255,-0.0406785,-24.3440043,-29.5226311
0.8675000,0.0170086,-0.0405110,-24.5194278,-29.6980546
0.8681250,0.0169931,-0.0403454,-24.6773287,-29.8559555
0.8687500,0.0169776,-0.0401798,-24.8352295,-30.0138563
0.8693750,0.0169635,-0.0400163,-24.9747528,-30.1533796
0.8700000,0.0169493,-0.0398528,-25.1142761,-30.2929029
0.8706250,0.0169366,-0.0396917,-25.2346327,-30.4132595
0.8712500,0.0169238,-0.0395305,-25.3549893,-30.5336161
0.8718750,0.0169123,-0.0393716,-25.4554615,-30.6340883
0.8725000,0.0169007,-0.0392128,-25.5559336,-30.7345604
0.8731250,0.0168905,-0.0390562,-25.6358800,-30.8145068
0.8737500,0.0168802,-0.0388997,-25.7158263,-30.8944531
0.8743750,0.0168711,-0.0387454,-25.7746868,-30.9533136
0.8750000,0.0168620,-0.0385911,-25.8335473,-31.0121741
0.8756250,0.0168540,-0.0384387,-25.8708476,-31.0494744
0.8762500,0.0168460,-0.0382863,-25.9081478,-31.0867746
0.8768750,0.0168391,-0.0381355,-25.9235027,-31.1021295
0.8775000,0.0168322,-0.0379848,-25.9388576,-31.1174844
0.8781250,0.0168264,-0.0378352,-25.9319749,-31.1106017
0.8787500,0.0168205,-0.0376857,-25.9250923,-31.1037191
0.8793750,0.0168156,-0.0375370,-25.8957755,-31.0744023
0.8800000,0.0168107,-0.0373883,-25.8664587,-31.0450855
0.8806250,0.0168068,-0.0372399,-25.8146088,-30.9932356
0.8812500,0.0168028,-0.0370915,-25.7627590,-30.9413858
0.8818750,0.0167998,-0.0369429,-25.6883768,-30.8670036
0.8825000,0.0167968,-0.0367943,-25.6139946,-30.7926214
0.8831250,0.0167947,-0.0366450,-25.5171813,-30.6958081
0.8837500,0.0167926,-0.0364957,-25.4203680,-30.5989948
0.8843750,0.0167915,-0.0363452,-25.3013257,-30.4799525
0.8850000,0.0167904,-0.0361948,-25.1822835,-30.3609103
0.8856250,0.0167903,-0.0360427,-25.0413152,-30.2199420
0.8862500,0.0167901,-0.0358906,-24.9003468,-30.0789736
0.8868750,0.0167910,-0.0357364,-24.7378553,-29.9164821
0.8875000,0.0167919,-0.0355822,-24.5753637,-29.7539905
0.8881250,0.0167938,-0.0354256,-24.3918501,-29.5704769
0.8887500,0.0167957,-0.0352691,-24.2083366,-29.3869634
0.8893750,0.0167988,-0.0351098,-24.0043986,-29.1830254
0.8900000,0.0168018,-0.0349505,-23.8004607,-28.9790875
0.8906250,0.0168060,-0.0347884,-23.5767893,-28.7554161
0.8912500,0.0168102,-0.0346263,-23.3531179,-28.5317447
0.8918750,0.0168157,-0.0344613,-23.1104945,-28.2891213
0.8925000,0.0168211,-0.0342962,-22.8678710,-28.0464978
0.8931250,0.0168279,-0.0341282,-22.6071630,-27.7857898
0.8937500,0.0168346,-0.0339602,-22.3464550,-27.5250818
0.8943750,0.0168427,-0.0337894,-22.0686116,-27.2472384
0.8950000,0.0168508,-0.0336187,-21.7907683,-26.9693951
0.8956250,0.0168603,-0.0334453,-21.4968154,-26.6754422
0.8962500,0.0168698,-0.0332720,-21.2028625,-26.3814893
0.8968750,0.0168808,-0.0330965,-20.8938970,-26.0725238
0.8975000,0.0168917,-0.0329209,-20.5849315,-25.7635583
0.8981250,0.0169041,-0.0327435,-20.2621152,-25.4407420
0.8987500,0.0169165,-0.0325661,-19.9392989,-25.1179257
0.8993750,0.0169304,-0.0323874,-19.6038521,-24.7824789
0.9000000,0.0169443,-0.0322087,-19.2684053,-24.4470321
0.9006250,0.0169596,-0.0320292,-18.9215999,-24.1002267
0.9012500,0.0169749,-0.0318498,-18.5747945,-23.7534213
0.9018750,0.0169917,-0.0316702,-18.2179466,-23.3965734
0.9025000,0.0170084,-0.0314906,-17.8610986,-23.0397254
0.9031250,0.0170265,-0.0313115,-17.4955609,-22.6741877
0.9037500,0.0170446,-0.0311325,-17.1300233,-22.3086501
0.9043750,0.0170640,-0.0309547,-16.7571776,-21.9358044
0.9050000,0.0170833,-0.0307769,-16.3843320,-21.5629588
0.9056250,0.0171038,-0.0306010,-16.0055810,-21.1842078
0.9062500,0.0171242,-0.0304251,-15.6268299,-20.8054567
0.9068750,0.0171458,-0.0302518,-15.2435888,-20.4222156
0.9075000,0.0171673,-0.0300785,-14.8603477,-20.0389745
0.9081250,0.0171897,-0.0299084,-14.4740362,-19.6526630
0.9087500,0.0172121,-0.0297383,-14.0877248,-19.2663516
0.9093750,0.0172352,-0.0295720,-13.6997589,-18.8783857
0.9100000,0.0172583,-0.0294058,-13.3117930,-18.4904198
0.9106250,0.0172820,-0.0292438,-12.9235766,-18.1022034
0.9112500,0.0173057,-0.0290819,-12.5353602,-17.7139870
0.9118750,0.0173298,-0.0289247,-12.1482769,-17.3269037
0.9125000,0.0173539,-0.0287676,-11.7611936,-16.9398204
0.9131250,0.0173783,-0.0286156,-11.3765988,-16.5552256
0.9137500,0.0174026,-0.0284636,-10.9920040,-16.1706308
0.9143750,0.0174271,-0.0283171,-10.6112169,-15.7898437
0.9150000,0.0174516,-0.0281706,-10.2304299,-15.4090567
0.9156250,0.0174760,-0.0280297,-9.8547263,-15.0333531
0.9162500,0.0175004,-0.0278888,-9.4790227,-14.6576495
0.9168750,0.0175247,-0.0277536,-9.1096274,-14.2882542
0.9175000,0.0175490,-0.0276184,-8.7402320,-13.9188588
0.9181250,0.0175730,-0.0274889,-8.3783119,-13.5569387
0.9187500,0.0175970,-0.0273594,-8.0163918,-13.1950186
0.9193750,0.0176207,-0.0272355,-7.6630497,-12.8416765
0.9200000,0.0176444,-0.0271117,-7.3097076,-12.4883344
0.9206250,0.0176677,-0.0269932,-6.9659761,-12.1446029
0.9212500,0.0176910,-0.0268748,-6.6222446,-11.8008714
0.9218750,0.0177139,-0.0267615,-6.2890803,-11.4677071
0.9225000,0.0177367,-0.0266483,-5.9559160,-11.1345428
0.9231250,0.0177592,-0.0265399,-5.6341950,-10.8128218
0.9237500,0.0177816,-0.0264315,-5.3124740,-10.4911008
0.9243750,0.0178037,-0.0263275,-5.0029870,-10.1816138
0.9250000,0.0178257,-0.0262236,-4.6935000,-9.8721268
0.9256250,0.0178474,-0.0261237,-4.3969489,-9.5755757
0.9262500,0.0178690,-0.0260238,-4.1003978,-9.2790246
0.9268750,0.0178903,-0.0259276,-3.8173924,-8.9960192
0.9275000,0.0179115,-0.0258313,-3.5343870,-8.7130138
0.9281250,0.0179325,-0.0257382,-3.2654424,-8.4440692
0.9287500,0.0179535,-0.0256450,-2.9964977,-8.1751245
0.9293750,0.0179743,-0.0255546,-2.7420325,-7.9206593
0.9300000,0.0179950,-0.0254642,-2.4875673,-7.6661941
0.9306250,0.0180157,-0.0253761,-2.2479026,-7.4265294
0.9312500,0.0180363,-0.0252880,-2.0082380,-7.1868648
0.9318750,0.0180568,-0.0252017,-1.7835969,-6.9622237
0.9325000,0.0180773,-0.0251154,-1.5589558,-6.7375826
0.9331250,0.0180978,-0.0250306,-1.3494635,-6.5280903
0.9337500,0.0181183,-0.0249458,-1.1399711,-6.3185979
0.9343750,0.0181389,-0.0248622,-0.9456557,-6.1242825
0.9350000,0.0181594,-0.0247786,-0.7513404,-5.9299672
0.9356250,0.0181801,-0.0246958,-0.5721350,-5.7507618
0.9362500,0.0182008,-0.0246130,-0.3929297,-5.5715565
0.9368750,0.0182216,-0.0245309,-0.2286742,-5.4073010
0.9375000,0.0182424,-0.0244488,-0.0644187,-5.2430455
0.9381250,0.0182635,-0.0243671,0.0851372,-5.0934896
0.9387500,0.0182845,-0.0242854,0.2346931,-4.9439337
0.9393750,0.0183058,-0.0242041,0.3698862,-4.8087406
0.9400000,0.0183270,-0.0241228,0.5050792,-4.6735476
0.9406250,0.0183485,-0.0240418,0.6263288,-4.5522980
0.9412500,0.0183699,-0.0239608,0.7475784,-4.4310484
0.9418750,0.0183917,-0.0238800,0.8553817,-4.3232451
0.9425000,0.0184134,-0.0237992,0.9631850,-4.2154418
0.9431250,0.0184354,-0.0237187,1.0581118,-4.1205150
0.9437500,0.0184573,-0.0236382,1.1530386,-4.0255882
0.9443750,0.0184795,-0.0235581,1.2357255,-3.9429013
0.9450000,0.0185017,-0.0234779,1.3184124,-3.8602144
0.9456250,0.0185241,-0.0233981,1.3895571,-3.7890697
0.9462500,0.0185464,-0.0233184,1.4607017,-3.7179251
0.9468750,0.0185690,-0.0232391,1.5210558,-3.6575710
0.9475000,0.0185915,-0.0231598,1.5814099,-3.5972169
0.9481250,0.0186142,-0.0230811,1.6317728,-3.5468540
0.9487500,0.0186369,-0.0230024,1.6821358,-3.4964910
0.9493750,0.0186597,-0.0229243,1.7233473,-3.4552795
0.9500000,0.0186824,-0.0228462,1.7645589,-3.4140679
0.9506250,0.0187053,-0.0227688,1.7974917,-3.3811351
0.9512500,0.0187282,-0.0226914,1.8304245,-3.3482023
0.9518750,0.0187512,-0.0226147,1.8559770,-3.3226498
0.9525000,0.0187741,-0.0225381,1.8815294,-3.2970974
0.9531250,0.0187972,-0.0224621,1.9006177,-3.2780091
0.9537500,0.0188202,-0.0223862,1.9197059,-3.2589209
0.9543750,0.0188433,-0.0223109,1.9332565,-3.2453703
0.9550000,0.0188664,-0.0222356,1.9468071,-3.2318197
0.9556250,0.0188896,-0.0221609,1.9557493,-3.2228775
0.9562500,0.0189128,-0.0220862,1.9646914,-3.2139354
0.9568750,0.0189362,-0.0220119,1.9699493,-3.2086775
0.9575000,0.0189595,-0.0219377,1.9752072,-3.2034196
0.9581250,0.0189830,-0.0218638,1.9776928,-3.2009340
0.9587500,0.0190065,-0.0217898,1.9801783,-3.1984485
0.9593750,0.0190303,-0.0217159,1.9807838,-3.1978430
0.9600000,0.0190540,-0.0216420,1.9813892,-3.1972376
0.9606250,0.0190781,-0.0215679,1.9809802,-3.1976466
0.9612500,0.0191022,-0.0214939,1.9805712,-3.1980556
0.9618750,0.0191267,-0.0214194,1.9799802,-3.1986466
0.9625000,0.0191512,-0.0213449,1.9793892,-3.1992376
0.9631250,0.0191762,-0.0212697,1.9794089,-3.1992179
0.9637500,0.0192012,-0.0211945,1.9794285,-3.1991983
0.9643750,0.0192269,-0.0211183,1.9808059,-3.1978209
0.9650000,0.0192525,-0.0210421,1.9821833,-3.1964435
0.9656250,0.0192789,-0.0209646,1.9856144,-3.1930124
0.9662500,0.0193053,-0.0208871,1.9890455,-3.1895813
0.9668750,0.0193325,-0.0208081,1.9951703,-3.1834565
0.9675000,0.0193597,-0.0207291,2.0012951,-3.1773317
0.9681250,0.0193879,-0.0206483,2.0106928,-3.1679340
0.9687500,0.0194160,-0.0205675,2.0200904,-3.1585364
0.9693750,0.0194452,-0.0204847,2.0332756,-3.1453512
0.9700000,0.0194743,-0.0204020,2.0464608,-3.1321660
0.9706250,0.0195046,-0.0203172,2.0638804,-3.1147464
0.9712500,0.0195349,-0.0202324,2.0812999,-3.0973269
0.9718750,0.0195663,-0.0201455,2.1033301,-3.0752967
0.9725000,0.0195977,-0.0200586,2.1253602,-3.0532666
0.9731250,0.0196303,-0.0199696,2.1523043,-3.0263225
0.9737500,0.0196628,-0.0198807,2.1792484,-2.9993784
0.9743750,0.0196965,-0.0197897,2.2113357,-2.9672911
0.9750000,0.0197301,-0.0196988,2.2434231,-2.9352037
0.9756250,0.0197649,-0.0196061,2.2808080,-2.8978188
0.9762500,0.0197997,-0.0195135,2.3181928,-2.8604340
0.9768750,0.0198355,-0.0194194,2.3609542,-2.8176726
0.9775000,0.0198712,-0.0193253,2.4037155,-2.7749113
0.9781250,0.0199079,-0.0192302,2.4518579,-2.7267689
0.9787500,0.0199445,-0.0191351,2.5000003,-2.6786265
0.9793750,0.0199818,-0.0190395,2.5534546,-2.6251722
0.9800000,0.0200191,-0.0189439,2.6069089,-2.5717179
0.9806250,0.0200569,-0.0188484,2.6655344,-2.5130924
0.9812500,0.0200946,-0.0187528,2.7241599,-2.4544669
0.9818750,0.0201326,-0.0186579,2.7877466,-2.3908802
0.9825000,0.0201705,-0.0185631,2.8513332,-2.3272936
0.9831250,0.0202084,-0.0184697,2.9196047,-2.2590221
0.9837500,0.0202462,-0.0183764,2.9878761,-2.1907507
0.9843750,0.0202836,-0.0182852,3.0604932,-2.1181336
0.9850000,0.0203210,-0.0181941,3.1331103,-2.0455165
0.9856250,0.0203576,-0.0181061,3.2096754,-1.9689514
0.9862500,0.0203942,-0.0180180,3.2862406,-1.8923862
0.9868750,0.0204296,-0.0179338,3.3663020,-1.8123248
0.9875000,0.0204649,-0.0178497,3.4463633,-1.7322635
0.9881250,0.0204986,-0.0177702,3.5294203,-1.6492065
0.9887500,0.0205323,-0.0176908,3.6124772,-1.5661496
0.9893750,0.0205640,-0.0176169,3.6979857,-1.4806411
0.9900000,0.0205956,-0.0175431,3.7834941,-1.3951327
0.9906250,0.0206248,-0.0174756,3.8708722,-1.3077546
0.9912500,0.0206540,-0.0174081,3.9582503,-1.2203765
0.9918750,0.0206804,-0.0173477,4.0468849,-1.1317419
0.9925000,0.0207067,-0.0172874,4.1355195,-1.0431073
0.9931250,0.0207298,-0.0172348,4.2247725,-0.9538543
0.9937500,0.0207529,-0.0171822,4.3140254,-0.8646014
0.9943750,0.0207724,-0.0171380,4.4032400,-0.7753868
0.9950000,0.0207919,-0.0170938,4.4924547,-0.6861721
0.9956250,0.0208076,-0.0170585,4.5809630,-0.5976638
0.9962500,0.0208233,-0.0170232,4.6694713,-0.5091555
0.9968750,0.0208349,-0.0169972,4.7566005,-0.4220263
0.9975000,0.0208464,-0.0169713,4.8437297,-0.3348971
0.9981250,0.0208538,-0.0169549,4.9288094,-0.2498174
0.9987500,0.0208611,-0.0169385,5.0138890,-0.1647378
0.9993750,0.0208641,-0.0169319,5.0962579,-0.0823689
1.0000000,0.0208671,-0.0169252,5.1786268,0.0000000
1.0006250,0.0208657,-0.0169283,5.2576398,0.0790130
1.0012500,0.0208643,-0.0169314,5.3366527,0.1580259
1.0018750,0.0208586,-0.0169443,5.4116874,0.2330606
1.0025000,0.0208528,-0.0169571,5.4867220,0.3080952
1.0031250,0.0208428,-0.0169795,5.5571854,0.3785586
1.0037500,0.0208328,-0.0170018,5.6276487,0.4490219
1.0043750,0.0208188,-0.0170334,5.6929832,0.5143564
1.0050000,0.0208047,-0.0170649,5.7583176,0.5796908
1.0056250,0.0207869,-0.0171052,5.8180074,0.6393806
1.0062500,0.0207691,-0.0171455,5.8776972,0.6990704
1.0068750,0.0207477,-0.0171940,5.9312735,0.7526467
1.0075000,0.0207263,-0.0172425,5.9848499,0.8062231
1.0081250,0.0207018,-0.0172986,6.0318965,0.8532697
1.0087500,0.0206773,-0.0173547,6.0789432,0.9003164
1.0093750,0.0206500,-0.0174176,6.1191011,0.9404743
1.0100000,0.0206226,-0.0174806,6.1592591,0.9806323
1.0106250,0.0205929,-0.0175497,6.1922307,1.0136039
1.0112500,0.0205631,-0.0176188,6.2252023,1.0465755
1.0118750,0.0205314,-0.0176933,6.2507555,1.0721287
1.0125000,0.0204996,-0.0177677,6.2763087,1.0976819
1.0131250,0.0204663,-0.0178467,6.2942799,1.1156531
1.0137500,0.0204329,-0.0179256,6.3122510,1.1336242
1.0143750,0.0203984,-0.0180082,6.3225477,1.1439209
1.0150000,0.0203638,-0.0180908,6.3328444,1.1542176
1.0156250,0.0203285,-0.0181763,6.3354476,1.1568208
1.0162500,0.0202932,-0.0182617,6.3380508,1.1594240
1.0168750,0.0202575,-0.0183492,6.3330163,1.1543895
1.0175000,0.0202217,-0.0184367,6.3279817,1.1493549
1.0181250,0.0201858,-0.0185255,6.3154407,1.1368139
1.0187500,0.0201499,-0.0186143,6.3028997,1.1242729
1.0193750,0.0201143,-0.0187037,6.2830592,1.1044324
1.0200000,0.0200786,-0.0187931,6.2632187,1.0845919
1.0206250,0.0200434,-0.0188825,6.2363611,1.0577343
1.0212500,0.0200081,-0.0189719,6.2095035,1.0308767
1.0218750,0.0199735,-0.0190607,6.1759852,0.9973584
1.0225000,0.0199389,-0.0191494,6.1424669,0.9638401
1.0231250,0.0199051,-0.0192372,6.1027169,0.9240901
1.0237500,0.0198713,-0.0193250,6.0629669,0.8843401
1.0243750,0.0198385,-0.0194114,6.0174841,0.8388573
1.0250000,0.0198056,-0.0194977,5.9720014,0.7933746
1.0256250,0.0197738,-0.0195824,5.9213519,0.7427251
1.0262500,0.0197420,-0.0196671,5.8707024,0.6920756
1.0268750,0.0197112,-0.0197499,5.8155158,0.6368890
1.0275000,0.0196804,-0.0198328,5.7603292,0.5817024
1.0281250,0.0196507,-0.0199137,5.7012945,0.5226677
1.0287500,0.0196209,-0.0199947,5.6422598,0.4636330
1.0293750,0.0195922,-0.0200737,5.5801209,0.4014941
1.0300000,0.0195635,-0.0201528,5.5179819,0.3393551
1.0306250,0.0195358,-0.0202300,5.4535322,0.2749054
1.0312500,0.0195081,-0.0203071,5.3890826,0.2104558
1.0318750,0.0194813,-0.0203826,5.3231598,0.1445330
1.0325000,0.0194545,-0.0204581,5.2572371,0.0786103
1.0331250,0.0194285,-0.0205321,5.1907170,0.0120902
1.0337500,0.0194025,-0.0206061,5.1241970,-0.0544298
1.0343750,0.0193772,-0.0206788,5.0579872,-0.1206396
1.0350000,0.0193519,-0.0207515,4.9917775,-0.1868493
1.0356250,0.0193273,-0.0208232,4.9268108,-0.2518160
1.0362500,0.0193026,-0.0208949,4.8618441,-0.3167827
1.0368750,0.0192785,-0.0209660,4.7990716,-0.3795552
1.0375000,0.0192543,-0.0210370,4.7362990,-0.4423278
1.0381250,0.0192305,-0.0211075,4.6766829,-0.5019439
1.0387500,0.0192067,-0.0211781,4.6170668,-0.5615600
1.0393750,0.0191833,-0.0212485,4.5615732,-0.6170536
1.0400000,0.0191598,-0.0213190,4.5060796,-0.6725472
1.0406250,0.0191366,-0.0213895,4.4556713,-0.7229555
1.0412500,0.0191133,-0.0214601,4.4052630,-0.7733638
1.0418750,0.0190902,-0.0215310,4.3608919,-0.8177349
1.0425000,0.0190670,-0.0216018,4.3165208,-0.8621060
1.0431250,0.0190440,-0.0216732,4.2791207,-0.8995061
1.0437500,0.0190210,-0.0217446,4.2417206,-0.9369062
1.0443750,0.0189980,-0.0218166,4.2121997,-0.9664271
1.0450000,0.0189750,-0.0218886,4.1826789,-0.9959479
1.0456250,0.0189521,-0.0219614,4.1619130,-1.0167138
1.0462500,0.0189291,-0.0220341,4.1411472,-1.0374796
1.0468750,0.0189062,-0.0221076,4.1299725,-1.0486543
1.0475000,0.0188833,-0.0221811,4.1187978,-1.0598290
1.0481250,0.0188604,-0.0222554,4.1180040,-1.0606228
1.0487500,0.0188375,-0.0223297,4.1172101,-1.0614167
1.0493750,0.0188147,-0.0224047,4.1275343,-1.0510925
1.0500000,0.0187918,-0.0224797,4.1378586,-1.0407682
1.0506250,0.0187691,-0.0225553,4.1599792,-1.0186476
1.0512500,0.0187463,-0.0226309,4.1820998,-0.9965270
1.0518750,0.0187237,-0.0227070,4.2166305,-0.9619963
1.0525000,0.0187010,-0.0227831,4.2511612,-0.9274656
1.0531250,0.0186786,-0.0228596,4.2986462,-0.8799806
1.0537500,0.0186561,-0.0229361,4.3461311,-0.8324957
1.0543750,0.0186339,-0.0230128,4.4070398,-0.7715870
1.0550000,0.0186117,-0.0230894,4.4679484,-0.7106784
1.0556250,0.0185898,-0.0231661,4.5426714,-0.6359554
1.0562500,0.0185678,-0.0232427,4.6173944,-0.5612324
1.0568750,0.0185462,-0.0233193,4.7062399,-0.4723869
1.0575000,0.0185246,-0.0233958,4.7950854,-0.3835414
1.0581250,0.0185034,-0.0234720,4.8982758,-0.2803510
1.0587500,0.0184821,-0.0235483,5.0014663,-0.1771605
1.0593750,0.0184613,-0.0236241,5.1191357,-0.0594911
1.0600000,0.0184404,-0.0237000,5.2368051,0.0581783
1.0606250,0.0184199,-0.0237754,5.3689973,0.1903705
1.0612500,0.0183994,-0.0238508,5.5011895,0.3225627
1.0618750,0.0183794,-0.0239257,5.6478569,0.4692301
1.0625000,0.0183593,-0.0240006,5.7945242,0.6158974
1.0631250,0.0183397,-0.0240750,5.9555266,0.7768998
1.0637500,0.0183200,-0.0241493,6.1165289,0.9379021
1.0643750,0.0183007,-0.0242233,6.2916340,1.1130072
1.0650000,0.0182814,-0.0242973,6.4667390,1.2881122
1.0656250,0.0182625,-0.0243710,6.6556225,1.4769957
1.0662500,0.0182435,-0.0244447,6.8445060,1.6658792
1.0668750,0.0182248,-0.0245184,7.0467534,1.8681266
1.0675000,0.0182061,-0.0245920,7.2490007,2.0703739
1.0681250,0.0181876,-0.0246658,7.4641084,2.2854816
1.0687500,0.0181691,-0.0247397,7.6792162,2.5005894
1.0693750,0.0181508,-0.0248140,7.9065947,2.7279679
1.0700000,0.0181324,-0.0248883,8.1339732,2.9553464
1.0706250,0.0181141,-0.0249635,8.3729496,3.1943228
1.0712500,0.0180958,-0.0250387,8.6119260,3.4332992
1.0718750,0.0180775,-0.0251152,8.8617479,3.6831211
1.0725000,0.0180591,-0.0251917,9.1115698,3.9329430
1.0731250,0.0180406,-0.0252699,9.3714092,4.1927824
1.0737500,0.0180221,-0.0253481,9.6312486,4.4526218
1.0743750,0.0180034,-0.0254285,9.9002069,4.7215801
1.0750000,0.0179847,-0.0255088,10.1691652,4.9905384
1.0756250,0.0179657,-0.0255919,10.4462780,5.2676512
1.0762500,0.0179467,-0.0256749,10.7233908,5.5447640
1.0768750,0.0179274,-0.0257611,11.0076337,5.8290069
1.0775000,0.0179080,-0.0258472,11.2918765,6.1132497
1.0781250,0.0178882,-0.0259370,11.5821708,6.4035440
1.0787500,0.0178683,-0.0260268,11.8724651,6.6938383
1.0793750,0.0178480,-0.0261206,12.1676845,6.9890577
1.0800000,0.0178277,-0.0262144,12.4629039,7.2842771
1.0806250,0.0178069,-0.0263126,12.7618806,7.5832538
1.0812500,0.0177860,-0.0264109,13.0608574,7.8822306
1.0818750,0.0177646,-0.0265139,13.3623895,8.1837627
1.0825000,0.0177432,-0.0266169,13.6639216,8.4852948
1.0831250,0.0177213,-0.0267250,13.9667798,8.7881530
1.0837500,0.0176993,-0.0268330,14.2696379,9.0910111
1.0843750,0.0176769,-0.0269464,14.5725725,9.3939457
1.0850000,0.0176545,-0.0270597,14.8755071,9.6968803
1.0856250,0.0176317,-0.0271785,15.1772560,9.9986292
1.0862500,0.0176088,-0.0272973,15.4790049,10.3003781
1.0868750,0.0175856,-0.0274216,15.7783004,10.5996736
1.0875000,0.0175623,-0.0275458,16.0775959,10.8989691
1.0881250,0.0175388,-0.0276755,16.3731721,11.1945453
1.0887500,0.0175153,-0.0278051,16.6687483,11.4901215
1.0893750,0.0174916,-0.0279402,16.9593487,11.7807219
1.0900000,0.0174679,-0.0280752,17.2499492,12.0713224
1.0906250,0.0174442,-0.0282153,17.5343336,12.3557068
1.0912500,0.0174205,-0.0283554,17.8187180,12.6400912
1.0918750,0.0173969,-0.0285004,18.0956696,12.9170428
1.0925000,0.0173733,-0.0286454,18.3726212,13.1939944
1.0931250,0.0173499,-0.0287949,18.6409535,13.4623267
1.0937500,0.0173265,-0.0289444,18.9092857,13.7306589
1.0943750,0.0173036,-0.0290980,19.1678490,13.9892222
1.0950000,0.0172806,-0.0292516,19.4264123,14.2477855
1.0956250,0.0172582,-0.0294088,19.6740999,14.4954731
1.0962500,0.0172357,-0.0295659,19.9217875,14.7431607
1.0968750,0.0172140,-0.0297262,20.1575420,14.9789152
1.0975000,0.0171922,-0.0298865,20.3932965,15.2146697
1.0981250,0.0171713,-0.0300493,20.6161150,15.4374882
1.0987500,0.0171504,-0.0302120,20.8389334,15.6603066
1.0993750,0.0171304,-0.0303767,21.0478727,15.8692459
1.1000000,0.0171104,-0.0305414,21.2568120,16.0781852
1.1006250,0.0170915,-0.0307075,21.4509936,16.2723668
1.1012500,0.0170725,-0.0308736,21.6451753,16.4665485
1.1018750,0.0170547,-0.0310404,21.8237894,16.6451626
1.1025000,0.0170368,-0.0312073,22.0024036,16.8237768
1.1031250,0.0170201,-0.0313744,22.1647132,16.9860864
1.1037500,0.0170035,-0.0315414,22.3270228,17.1483960
1.1043750,0.0169881,-0.0317082,22.4723665,17.2937397
1.1050000,0.0169727,-0.0318749,22.6177102,17.4390834
1.1056250,0.0169586,-0.0320409,22.7455054,17.5668786
1.1062500,0.0169444,-0.0322069,22.8733005,17.6946737
1.1068750,0.0169316,-0.0323717,22.9830453,17.8044185
1.1075000,0.0169187,-0.0325364,23.0927901,17.9141633
1.1081250,0.0169072,-0.0326996,23.1840651,18.0054383
1.1087500,0.0168956,-0.0328628,23.2753401,18.0967133
1.1093750,0.0168853,-0.0330242,23.3478097,18.1691829
1.1100000,0.0168750,-0.0331855,23.4202793,18.2416525
1.1106250,0.0168659,-0.0333447,23.4736919,18.2950651
1.1112500,0.0168568,-0.0335040,23.5271046,18.3484778
1.1118750,0.0168489,-0.0336610,23.5612931,18.3826663
1.1125000,0.0168410,-0.0338180,23.5954816,18.4168548
1.1131250,0.0168343,-0.0339727,23.6103626,18.4317358
1.1137500,0.0168276,-0.0341275,23.6252436,18.4466168
1.1143750,0.0168220,-0.0342800,23.6208163,18.4421895
1.1150000,0.0168163,-0.0344325,23.6163891,18.4377623
1.1156250,0.0168118,-0.0345828,23.5927344,18.4141076
1.1162500,0.0168072,-0.0347331,23.5690797,18.3904529
1.1168750,0.0168037,-0.0348814,23.5263574,18.3477306
1.1175000,0.0168001,-0.0350296,23.4836351,18.3050083
1.1181250,0.0167975,-0.0351761,23.4220822,18.2434554
1.1187500,0.0167949,-0.0353226,23.3605293,18.1819025
1.1193750,0.0167933,-0.0354674,23.2804566,18.1018298
1.1200000,0.0167916,-0.0356123,23.2003839,18.0217571
1.1206250,0.0167909,-0.0357559,23.1021732,17.9235464
1.1212500,0.0167901,-0.0358996,23.0039625,17.8253357
1.1218750,0.0167903,-0.0360423,22.8880626,17.7094358
1.1225000,0.0167904,-0.0361851,22.7721626,17.5935358
1.1231250,0.0167914,-0.0363272,22.6390854,17.4604586
1.1237500,0.0167924,-0.0364694,22.5060082,17.3273814
1.1243750,0.0167943,-0.0366113,22.3563247,17.1776979
1.1250000,0.0167961,-0.0367532,22.2066412,17.0280144
1.1256250,0.0167988,-0.0368953,22.0409767,16.8623499
1.1262500,0.0168015,-0.0370374,21.8753122,16.6966854
1.1268750,0.0168051,-0.0371799,21.6943417,16.5157149
1.1275000,0.0168087,-0.0373224,21.5133713,16.3347445
1.1281250,0.0168133,-0.0374657,21.3178146,16.1391878
1.1287500,0.0168178,-0.0376090,21.1222579,15.9436311
1.1293750,0.0168232,-0.0377534,20.9128743,15.7342475
1.1300000,0.0168286,-0.0378978,20.7034908,15.5248640
1.1306250,0.0168350,-0.0380434,20.4810743,15.3024475
1.1312500,0.0168414,-0.0381890,20.2586577,15.0800309
1.1318750,0.0168488,-0.0383361,20.0240313,14.8454045
1.1325000,0.0168561,-0.0384832,19.7894049,14.6107781
1.1331250,0.0168645,-0.0386319,19.5434159,14.3647891
1.1337500,0.0168729,-0.0387806,19.2974269,14.1188001
1.1343750,0.0168824,-0.0389309,19.0409411,13.8623143
1.1350000,0.0168918,-0.0390812,18.7844553,13.6058285
1.1356250,0.0169024,-0.0392332,18.5183523,13.3397255
1.1362500,0.0169130,-0.0393851,18.2522494,13.0736226
1.1368750,0.0169247,-0.0395387,17.9774172,12.7987904
1.1375000,0.0169363,-0.0396922,17.7025851,12.5239583
1.1381250,0.0169492,-0.0398472,17.4199153,12.2412885
1.1387500,0.0169620,-0.0400021,17.1372456,11.9586188
1.1393750,0.0169760,-0.0401584,16.8476284,11.6690016
1.1400000,0.0169899,-0.0403147,16.5580113,11.3793845
1.1406250,0.0170051,-0.0404719,16.2623313,11.0837045
1.1412500,0.0170202,-0.0406292,15.9666513,10.7880245
1.1418750,0.0170365,-0.0407872,15.6657824,10.4871556
1.1425000,0.0170528,-0.0409453,15.3649135,10.1862867
1.1431250,0.0170703,-0.0411037,15.0597155,9.8810887
1.1437500,0.0170877,-0.0412622,14.7545175,9.5758907
1.1443750,0.0171063,-0.0414207,14.4458316,9.2672048
1.1450000,0.0171248,-0.0415792,14.1371457,8.9585189
1.1456250,0.0171444,-0.0417374,13.8257914,8.6471646
1.1462500,0.0171640,-0.0418956,13.5144372,8.3358104
1.1468750,0.0171846,-0.0420530,13.2012087,8.0225819
1.1475000,0.0172051,-0.0422104,12.8879803,7.7093535
1.1481250,0.0172267,-0.0423667,12.5736436,7.3950168
1.1487500,0.0172482,-0.0425229,12.2593069,7.0806801
1.1493750,0.0172706,-0.0426775,11.9445971,6.7659703
1.1500000,0.0172929,-0.0428321,11.6298874,6.4512606
1.1506250,0.0173160,-0.0429847,11.3155066,6.1368798
1.1512500,0.0173391,-0.0431373,11.0011259,5.8224991
1.1518750,0.0173629,-0.0432875,10.6877411,5.5091143
1.1525000,0.0173866,-0.0434377,10.3743563,5.1957295
1.1531250,0.0174109,-0.0435850,10.0625977,4.8839709
1.1537500,0.0174352,-0.0437324,9.7508390,4.5722122
1.1543750,0.0174599,-0.0438766,9.4412988,4.2626720
1.1550000,0.0174846,-0.0440208,9.1317585,3.9531317
1.1556250,0.0175096,-0.0441615,8.8249899,3.6463631
1.1562500,0.0175345,-0.0443022,8.5182214,3.3395946
1.1568750,0.0175597,-0.0444392,8.2147385,3.0361117
1.1575000,0.0175849,-0.0445761,7.9112556,2.7326288
1.1581250,0.0176102,-0.0447090,7.6115324,2.4329056
1.1587500,0.0176354,-0.0448419,7.3118092,2.1331824
1.1593750,0.0176606,-0.0449706,7.0162801,1.8376533
1.1600000,0.0176858,-0.0450993,6.7207510,1.5421242
1.1606250,0.0177109,-0.0452237,6.4298109,1.2511841
1.1612500,0.0177360,-0.0453480,6.1388709,0.9602441
1.1618750,0.0177609,-0.0454679,5.8528762,0.6742494
1.1625000,0.0177857,-0.0455878,5.5668814,0.3882546
1.1631250,0.0178102,-0.0457032,5.2861504,0.1075236
1.1637500,0.0178347,-0.0458186,5.0054194,-0.1732074
1.1643750,0.0178589,-0.0459295,4.7302338,-0.4483930
1.1650000,0.0178831,-0.0460404,4.4550482,-0.7235786
1.1656250,0.0179068,-0.0461468,4.1856541,-0.9929727
1.1662500,0.0179305,-0.0462532,3.9162601,-1.2623667
1.1668750,0.0179538,-0.0463553,3.6528702,-1.5257566
1.1675000,0.0179770,-0.0464574,3.3894803,-1.7891465
1.1681250,0.0179997,-0.0465553,3.1322747,-2.0463521
1.1687500,0.0180224,-0.0466531,2.8750691,-2.3035577
1.1693750,0.0180446,-0.0467469,2.6241979,-2.5544289
1.1700000,0.0180668,-0.0468407,2.3733267,-2.8053001
1.1706250,0.0180885,-0.0469307,2.1289117,-3.0497151
1.1712500,0.0181101,-0.0470206,1.8844967,-3.2941301
1.1718750,0.0181313,-0.0471069,1.6466334,-3.5319934
1.1725000,0.0181524,-0.0471932,1.4087702,-3.7698566
1.1731250,0.0181731,-0.0472761,1.1775303,-4.0010965
1.1737500,0.0181938,-0.0473590,0.9462904,-4.2323364
1.1743750,0.0182139,-0.0474388,0.7217235,-4.4569033
1.1750000,0.0182341,-0.0475187,0.4971566,-4.6814702
1.1756250,0.0182539,-0.0475957,0.2792929,-4.8993339
1.1762500,0.0182737,-0.0476728,0.0614291,-5.1171977
1.1768750,0.0182931,-0.0477473,-0.1497188,-5.3283456
1.1775000,0.0183124,-0.0478218,-0.3608666,-5.5394934
1.1781250,0.0183315,-0.0478941,-0.5653012,-5.7439280
1.1787500,0.0183506,-0.0479664,-0.7697357,-5.9483625
1.1793750,0.0183694,-0.0480369,-0.9674725,-6.1460993
1.1800000,0.0183882,-0.0481073,-1.1652093,-6.3438361
1.1806250,0.0184068,-0.0481761,-1.3562749,-6.5349017
1.1812500,0.0184253,-0.0482449,-1.5473405,-6.7259673
1.1818750,0.0184438,-0.0483124,-1.7317706,-6.9103974
1.1825000,0.0184623,-0.0483798,-1.9162007,-7.0948275
1.1831250,0.0184807,-0.0484462,-2.0940381,-7.2726649
1.1837500,0.0184990,-0.0485127,-2.2718755,-7.4505023
1.1843750,0.0185174,-0.0485783,-2.4431684,-7.6217952
1.1850000,0.0185358,-0.0486439,-2.6144613,-7.7930881
1.1856250,0.0185542,-0.0487090,-2.7792617,-7.9578885
1.1862500,0.0185726,-0.0487741,-2.9440622,-8.1226890
1.1868750,0.0185912,-0.0488389,-3.1024246,-8.2810514
1.1875000,0.0186097,-0.0489036,-3.2607870,-8.4394138
1.1881250,0.0186284,-0.0489682,-3.4127669,-8.5913937
1.1887500,0.0186471,-0.0490328,-3.5647468,-8.7433736
1.1893750,0.0186660,-0.0490975,-3.7103995,-8.8890263
1.1900000,0.0186849,-0.0491621,-3.8560522,-9.0346790
1.1906250,0.0187041,-0.0492269,-3.9954322,-9.1740590
1.1912500,0.0187232,-0.0492917,-4.1348122,-9.3134390
1.1918750,0.0187427,-0.0493568,-4.2679720,-9.4465988
1.1925000,0.0187621,-0.0494218,-4.4011317,-9.5797585
1.1931250,0.0187819,-0.0494872,-4.5281213,-9.7067481
1.1937500,0.0188016,-0.0495526,-4.6551110,-9.8337378
1.1943750,0.0188217,-0.0496184,-4.7759778,-9.9546046
1.1950000,0.0188417,-0.0496842,-4.8968447,-10.0754715
1.1956250,0.0188622,-0.0497505,-5.0116329,-10.1902597
1.1962500,0.0188826,-0.0498168,-5.1264211,-10.3050479
1.1968750,0.0189034,-0.0498835,-5.2351716,-10.4137984
1.1975000,0.0189242,-0.0499502,-5.3439220,-10.5225488
1.1981250,0.0189454,-0.0500174,-5.4466726,-10.6252994
1.1987500,0.0189665,-0.0500845,-5.5494231,-10.7280499
1.1993750,0.0189880,-0.0501521,-5.6462085,-10.8248353
1.2000000,0.0190095,-0.0502197,-5.7429938,-10.9216206
1.2006250,0.0190314,-0.0502876,-5.8338463,-11.0124731
1.2012500,0.0190532,-0.0503555,-5.9246988,-11.1033256
1.2018750,0.0190754,-0.0504238,-6.0096486,-11.1882754
1.2025000,0.0190976,-0.0504920,-6.0945983,-11.2732251
1.2031250,0.0191201,-0.0505605,-6.1736740,-11.3523008
1.2037500,0.0191426,-0.0506290,-6.2527496,-11.4313764
1.2043750,0.0191654,-0.0506976,-6.3259789,-11.5046057
1.2050000,0.0191881,-0.0507663,-6.3992082,-11.5778350
1.2056250,0.0192112,-0.0508350,-6.4666190,-11.6452458
1.2062500,0.0192343,-0.0509038,-6.5340298,-11.7126566
1.2068750,0.0192576,-0.0509726,-6.5956507,-11.7742775
1.2075000,0.0192809,-0.0510414,-6.6572717,-11.8358985
1.2081250,0.0193045,-0.0511102,-6.7131331,-11.8917599
1.2087500,0.0193280,-0.0511789,-6.7689945,-11.9476213
1.2093750,0.0193517,-0.0512476,-6.8191295,-11.9977563
1.2100000,0.0193754,-0.0513163,-6.8692645,-12.0478913
1.2106250,0.0193994,-0.0513848,-6.9137098,-12.0923366
1.2112500,0.0194233,-0.0514533,-6.9581550,-12.1367818
1.2118750,0.0194474,-0.0515217,-6.9969519,-12.1755787
1.2125000,0.0194715,-0.0515900,-7.0357488,-12.2143756
1.2131250,0.0194958,-0.0516582,-7.0689442,-12.2475710
1.2137500,0.0195201,-0.0517264,-7.1021396,-12.2807664
1.2143750,0.0195446,-0.0517944,-7.1297870,-12.3084138
1.2150000,0.0195690,-0.0518623,-7.1574345,-12.3360613
1.2156250,0.0195936,-0.0519301,-7.1795947,-12.3582215
1.2162500,0.0196182,-0.0519979,-7.2017549,-12.3803817
1.2168750,0.0196430,-0.0520655,-7.2184970,-12.3971238
1.2175000,0.0196678,-0.0521331,-7.2352392,-12.4138660
1.2181250,0.0196928,-0.0522006,-7.2466412,-12.4252680
1.2187500,0.0197178,-0.0522681,-7.2580432,-12.4366700
1.2193750,0.0197430,-0.0523355,-7.2641928,-12.4428196
1.2200000,0.0197682,-0.0524029,-7.2703424,-12.4489692
1.2206250,0.0197936,-0.0524703,-7.2713374,-12.4499642
1.2212500,0.0198190,-0.0525376,-7.2723324,-12.4509592
1.2218750,0.0198447,-0.0526050,-7.2682814,-12.4469082
1.2225000,0.0198704,-0.0526724,-7.2642304,-12.4428572
1.2231250,0.0198963,-0.0527399,-7.2552529,-12.4338797
1.2237500,0.0199222,-0.0528074,-7.2462754,-12.4249022
1.2243750,0.0199485,-0.0528750,-7.2325022,-12.4111290
1.2250000,0.0199747,-0.0529427,-7.2187291,-12.3973559
1.2256250,0.0200013,-0.0530105,-7.2003025,-12.3789293
1.2262500,0.0200278,-0.0530783,-7.1818758,-12.3605026
1.2268750,0.0200547,-0.0531463,-7.1589492,-12.3375760
1.2275000,0.0200816,-0.0532144,-7.1360225,-12.3146493
1.2281250,0.0201088,-0.0532827,-7.1087605,-12.2873873
1.2287500,0.0201360,-0.0533509,-7.0814985,-12.2601253
1.2293750,0.0201636,-0.0534194,-7.0500767,-12.2287035
1.2300000,0.0201911,-0.0534878,-7.0186549,-12.1972817
1.2306250,0.0202190,-0.0535565,-6.9832593,-12.1618861
1.2312500,0.0202469,-0.0536251,-6.9478638,-12.1264906
1.2318750,0.0202751,-0.0536938,-6.9086905,-12.0873173
1.2325000,0.0203032,-0.0537625,-6.8695172,-12.0481440
1.2331250,0.0203316,-0.0538312,-6.8267714,-12.0053982
1.2337500,0.0203599,-0.0538998,-6.7840256,-11.9626524
1.2343750,0.0203885,-0.0539682,-6.7379211,-11.9165479
1.2350000,0.0204171,-0.0540367,-6.6918166,-11.8704434
1.2356250,0.0204458,-0.0541048,-6.6425748,-11.8212016
1.2362500,0.0204744,-0.0541729,-6.5933330,-11.7719598
1.2368750,0.0205031,-0.0542403,-6.5411821,-11.7198089
1.2375000,0.0205317,-0.0543078,-6.4890312,-11.6676580
1.2381250,0.0205602,-0.0543743,-6.4342050,-11.6128318
1.2387500,0.0205887,-0.0544408,-6.3793787,-11.5580055
1.2393750,0.0206169,-0.0545061,-6.3221154,-11.5007422
1.2400000,0.0206451,-0.0545714,-6.2648522,-11.4434790
1.2406250,0.0206729,-0.0546351,-6.2053937,-11.3840205
1.2412500,0.0207006,-0.0546988,-6.1459352,-11.3245620
1.2418750,0.0207277,-0.0547606,-6.0845253,-11.2631521
1.2425000,0.0207548,-0.0548223,-6.0231155,-11.2017423
1.2431250,0.0207811,-0.0548816,-5.9599991,-11.1386259
1.2437500,0.0208073,-0.0549409,-5.8968827,-11.0755095
1.2443750,0.0208325,-0.0549974,-5.8323043,-11.0109311
1.2450000,0.0208577,-0.0550538,-5.7677259,-10.9463527
1.2456250,0.0208816,-0.0551070,-5.7019286,-10.8805554
1.2462500,0.0209054,-0.0551602,-5.6361312,-10.8147580
1.2468750,0.0209277,-0.0552096,-5.5693551,-10.7479819
1.2475000,0.0209500,-0.0552590,-5.5025790,-10.6812058
1.2481250,0.0209706,-0.0553042,-5.4350606,-10.6136874
1.2487500,0.0209911,-0.0553494,-5.3675421,-10.5461689
1.2493750,0.0210096,-0.0553899,-5.2995125,-10.4781393
1.2500000,0.0210281,-0.0554304,-5.2314829,-10.4101097
1.2506250,0.0210444,-0.0554659,-5.1631674,-10.3417942
1.2512500,0.0210607,-0.0555013,-5.0948519,-10.2734787
1.2518750,0.0210745,-0.0555312,-5.0264685,-10.2050953
1.2525000,0.0210883,-0.0555611,-4.9580851,-10.1367119
1.2531250,0.0210994,-0.0555852,-4.8898439,-10.0684707
1.2537500,0.0211105,-0.0556093,-4.8216028,-10.0002296
1.2543750,0.0211189,-0.0556273,-4.7537052,-9.9323320
1.2550000,0.0211272,-0.0556452,-4.6858077,-9.8644345
1.2556250,0.0211325,-0.0556567,-4.6184457,-9.7970725
1.2562500,0.0211378,-0.0556682,-4.5510837,-9.7297105
1.2568750,0.0211401,-0.0556731,-4.4844394,-9.6630662
1.2575000,0.0211424,-0.0556779,-4.4177950,-9.5964218
1.2581250,0.0211415,-0.0556761,-4.3520400,-9.5306668
1.2587500,0.0211406,-0.0556742,-4.2862849,-9.4649117
1.2593750,0.0211366,-0.0556655,-4.2215803,-9.4002071
1.2600000,0.0211326,-0.0556568,-4.1568758,-9.3355026
1.2606250,0.0211254,-0.0556413,-4.0933722,-9.2719990
1.2612500,0.0211182,-0.0556258,-4.0298687,-9.2084955
1.2618750,0.0211079,-0.0556036,-3.9677061,-9.1463329
1.2625000,0.0210976,-0.0555813,-3.9055435,-9.0841703
1.2631250,0.0210843,-0.0555525,-3.8448513,-9.0234781
1.2637500,0.0210710,-0.0555237,-3.7841592,-8.9627860
1.2643750,0.0210549,-0.0554885,-3.7250569,-8.9036837
1.2650000,0.0210387,-0.0554534,-3.6659547,-8.8445815
1.2656250,0.0210199,-0.0554122,-3.6085525,-8.7871793
1.2662500,0.0210010,-0.0553710,-3.5511503,-8.7297771
1.2668750,0.0209797,-0.0553242,-3.4955492,-8.6741760
1.2675000,0.0209583,-0.0552773,-3.4399480,-8.6185748
1.2681250,0.0209347,-0.0552251,-3.3862412,-8.5648680
1.2687500,0.0209111,-0.0551729,-3.3325344,-8.5111612
1.2693750,0.0208855,-0.0551159,-3.2808079,-8.4594347
1.2700000,0.0208599,-0.0550589,-3.2290813,-8.4077081
1.2706250,0.0208326,-0.0549976,-3.1794150,-8.3580418
1.2712500,0.0208053,-0.0549363,-3.1297488,-8.3083756
1.2718750,0.0207765,-0.0548712,-3.0822180,-8.2608448
1.2725000,0.0207477,-0.0548061,-3.0346872,-8.2133140
1.2731250,0.0207177,-0.0547377,-2.9893634,-8.1679902
1.2737500,0.0206877,-0.0546693,-2.9440396,-8.1226664
1.2743750,0.0206569,-0.0545983,-2.9009920,-8.0796188
1.2750000,0.0206260,-0.0545272,-2.8579445,-8.0365713
1.2756250,0.0205945,-0.0544540,-2.8172417,-7.9958685
1.2762500,0.0205629,-0.0543808,-2.7765390,-7.9551658
1.2768750,0.0205310,-0.0543060,-2.7382502,-7.9168770
1.2775000,0.0204991,-0.0542311,-2.6999613,-7.8785881
1.2781250,0.0204670,-0.0541551,-2.6641576,-7.8427844
1.2787500,0.0204349,-0.0540792,-2.6283539,-7.8069807
1.2793750,0.0204029,-0.0540026,-2.5951103,-7.7737371
1.2800000,0.0203708,-0.0539260,-2.5618667,-7.7404935
1.2806250,0.0203390,-0.0538491,-2.5312633,-7.7098901
1.2812500,0.0203072,-0.0537723,-2.5006599,-7.6792867
1.2818750,0.0202758,-0.0536956,-2.4727833,-7.6514101
1.2825000,0.0202444,-0.0536190,-2.4449068,-7.6235336
1.2831250,0.0202135,-0.0535427,-2.4198518,-7.5984786
1.2837500,0.0201825,-0.0534665,-2.3947969,-7.5734237
1.2843750,0.0201522,-0.0533909,-2.3726677,-7.5512945
1.2850000,0.0201218,-0.0533154,-2.3505385,-7.5291653
1.2856250,0.0200921,-0.0532407,-2.3314498,-7.5100766
1.2862500,0.0200624,-0.0531660,-2.3123611,-7.4909879
1.2868750,0.0200334,-0.0530923,-2.2964395,-7.4750663
1.2875000,0.0200044,-0.0530187,-2.2805178,-7.4591446
1.2881250,0.0199761,-0.0529461,-2.2679025,-7.4465293
1.2887500,0.0199478,-0.0528735,-2.2552871,-7.4339139
1.2893750,0.0199202,-0.0528019,-2.2461310,-7.4247578
1.2900000,0.0198925,-0.0527303,-2.2369749,-7.4156017
1.2906250,0.0198656,-0.0526597,-2.2314453,-7.4100721
1.2912500,0.0198386,-0.0525892,-2.2259157,-7.4045425
1.2918750,0.0198122,-0.0525195,-2.2241945,-7.4028213
1.2925000,0.0197858,-0.0524498,-2.2224734,-7.4011002
1.2931250,0.0197600,-0.0523808,-2.2247578,-7.4033846
1.2937500,0.0197341,-0.0523118,-2.2270422,-7.4056690
1.2943750,0.0197087,-0.0522434,-2.2335444,-7.4121712
1.2950000,0.0196833,-0.0521750,-2.2400466,-7.4186734
1.2956250,0.0196583,-0.0521069,-2.2509938,-7.4296206
1.2962500,0.0196332,-0.0520389,-2.2619409,-7.4405677
1.2968750,0.0196085,-0.0519711,-2.2775748,-7.4562016
1.2975000,0.0195838,-0.0519032,-2.2932087,-7.4718355
1.2981250,0.0195593,-0.0518352,-2.3137851,-7.4924119
1.2987500,0.0195348,-0.0517673,-2.3343616,-7.5129884
1.2993750,0.0195105,-0.0516991,-2.3601492,-7.5387760
1.3000000,0.0194861,-0.0516310,-2.3859369,-7.5645637
1.3006250,0.0194618,-0.0515624,-2.4172164,-7.5958432
1.3012500,0.0194375,-0.0514938,-2.4484960,-7.6271228
1.3018750,0.0194133,-0.0514246,-2.4855587,-7.6641855
1.3025000,0.0193891,-0.0513555,-2.5226213,-7.7012481
1.3031250,0.0193649,-0.0512856,-2.5657671,-7.7443939
1.3037500,0.0193406,-0.0512158,-2.6089128,-7.7875396
1.3043750,0.0193164,-0.0511452,-2.6584486,-7.8370754
1.3050000,0.0192922,-0.0510745,-2.7079843,-7.8866111
1.3056250,0.0192679,-0.0510030,-2.7642219,-7.9428487
1.3062500,0.0192436,-0.0509316,-2.8204595,-7.9990863
1.3068750,0.0192194,-0.0508593,-2.8837131,-8.0623399
1.3075000,0.0191951,-0.0507871,-2.9469667,-8.1255935
1.3081250,0.0191709,-0.0507140,-3.0175504,-8.1961772
1.3087500,0.0191466,-0.0506410,-3.0881341,-8.2667609
1.3093750,0.0191224,-0.0505673,-3.1663592,-8.3449860
1.3100000,0.0190981,-0.0504936,-3.2445843,-8.4232111
1.3106250,0.0190740,-0.0504194,-3.3307560,-8.5093828
1.3112500,0.0190498,-0.0503451,-3.4169278,-8.5955546
1.3118750,0.0190259,-0.0502704,-3.5113427,-8.6899695
1.3125000,0.0190019,-0.0501957,-3.6057575,-8.7843843
1.3131250,0.0189781,-0.0501207,-3.7086996,-8.8873264
1.3137500,0.0189543,-0.0500458,-3.8116417,-8.9902685
1.3143750,0.0189308,-0.0499707,-3.9233798,-9.1020066
1.3150000,0.0189072,-0.0498957,-4.0351178,-9.2137446
1.3156250,0.0188840,-0.0498208,-4.1559014,-9.3345282
1.3162500,0.0188607,-0.0497459,-4.2766849,-9.4553117
1.3168750,0.0188378,-0.0496713,-4.4067412,-9.5853680
1.3175000,0.0188149,-0.0495966,-4.5367974,-9.7154242
1.3181250,0.0187925,-0.0495224,-4.6763273,-9.8549541
1.3187500,0.0187700,-0.0494482,-4.8158572,-9.9944840
1.3193750,0.0187480,-0.0493746,-4.9650323,-10.1436591
1.3200000,0.0187259,-0.0493009,-5.1142074,-10.2928342
1.3206250,0.0187044,-0.0492279,-5.2731662,-10.4517930
1.3212500,0.0186828,-0.0491549,-5.4321250,-10.6107518
1.3218750,0.0186617,-0.0490825,-5.6009695,-10.7795963
1.3225000,0.0186405,-0.0490102,-5.7698140,-10.9484408
1.3231250,0.0186199,-0.0489386,-5.9486064,-11.1272332
1.3237500,0.0185992,-0.0488670,-6.1273988,-11.3060256
1.3243750,0.0185790,-0.0487959,-6.3161584,-11.4947852
1.3250000,0.0185587,-0.0487249,-6.5049180,-11.6835448
1.3256250,0.0185388,-0.0486543,-6.7036182,-11.8822450
1.3262500,0.0185189,-0.0485837,-6.9023184,-12.0809452
1.3268750,0.0184993,-0.0485134,-7.1108838,-12.2895106
1.3275000,0.0184797,-0.0484431,-7.3194491,-12.4980759
1.3281250,0.0184604,-0.0483727,-7.5377529,-12.7163797
1.3287500,0.0184410,-0.0483024,-7.7560566,-12.9346834
1.3293750,0.0184218,-0.0482317,-7.9839184,-13.1625452
1.3300000,0.0184026,-0.0481610,-8.2117802,-13.3904070
1.3306250,0.0183835,-0.0480896,-8.4489640,-13.6275908
1.3312500,0.0183643,-0.0480181,-8.6861479,-13.8647747
1.3318750,0.0183451,-0.0479455,-8.9323606,-14.1109874
1.3325000,0.0183258,-0.0478728,-9.1785733,-14.3572001
1.3331250,0.0183064,-0.0477985,-9.4334628,-14.6120896
1.3337500,0.0182870,-0.0477242,-9.6883522,-14.8669790
1.3343750,0.0182673,-0.0476477,-9.9515069,-15.1301337
1.3350000,0.0182475,-0.0475713,-10.2146615,-15.3932883
1.3356250,0.0182274,-0.0474920,-10.4856096,-15.6642364
1.3362500,0.0182073,-0.0474128,-10.7565577,-15.9351845
1.3368750,0.0181867,-0.0473303,-11.0347671,-16.2133939
1.3375000,0.0181660,-0.0472479,-11.3129764,-16.4916032
1.3381250,0.0181448,-0.0471616,-11.5978548,-16.7764816
1.3387500,0.0181235,-0.0470754,-11.8827332,-17.0613600
1.3393750,0.0181016,-0.0469849,-12.1736290,-17.3522558
1.3400000,0.0180797,-0.0468944,-12.4645248,-17.6431516
1.3406250,0.0180570,-0.0467991,-12.7607281,-17.9393549
1.3412500,0.0180343,-0.0467038,-13.0569314,-18.2355582
1.3418750,0.0180109,-0.0466034,-13.3576756,-18.5363024
1.3425000,0.0179875,-0.0465030,-13.6584199,-18.8370467
1.3431250,0.0179633,-0.0463970,-13.9628841,-19.1415109
1.3437500,0.0179390,-0.0462911,-14.2673483,-19.4459751
1.3443750,0.0179141,-0.0461794,-14.5746592,-19.7532860
1.3450000,0.0178891,-0.0460677,-14.8819701,-20.0605969
1.3456250,0.0178634,-0.0459500,-15.1912055,-20.3698323
1.3462500,0.0178377,-0.0458324,-15.5004408,-20.6790676
1.3468750,0.0178114,-0.0457087,-15.8106326,-20.9892594
1.3475000,0.0177851,-0.0455850,-16.1208244,-21.2994512
1.3481250,0.0177583,-0.0454553,-16.4309629,-21.6095897
1.3487500,0.0177314,-0.0453256,-16.7411013,-21.9197281
1.3493750,0.0177042,-0.0451899,-17.0501388,-22.2287656
1.3500000,0.0176769,-0.0450543,-17.3591763,-22.5378031
1.3506250,0.0176494,-0.0449130,-17.6660324,-22.8446592
1.3512500,0.0176219,-0.0447716,-17.9728885,-23.1515153
1.3518750,0.0175943,-0.0446249,-18.2764546,-23.4550814
1.3525000,0.0175667,-0.0444782,-18.5800208,-23.7586476
1.3531250,0.0175392,-0.0443264,-18.8791657,-24.0577925
1.3537500,0.0175117,-0.0441747,-19.1783105,-24.3569373
1.3543750,0.0174844,-0.0440184,-19.4718858,-24.6505126
1.3550000,0.0174572,-0.0438622,-19.7654611,-24.9440879
1.3556250,0.0174304,-0.0437020,-20.0523073,-25.2309341
1.3562500,0.0174035,-0.0435418,-20.3391535,-25.5177803
1.3568750,0.0173773,-0.0433782,-20.6181061,-25.7967329
1.3575000,0.0173511,-0.0432146,-20.8970587,-26.0756855
1.3581250,0.0173257,-0.0430483,-21.1669545,-26.3455813
1.3587500,0.0173003,-0.0428820,-21.4368502,-26.6154770
1.3593750,0.0172759,-0.0427137,-21.6965338,-26.8751606
1.3600000,0.0172514,-0.0425453,-21.9562174,-27.1348442
1.3606250,0.0172280,-0.0423756,-22.2045478,-27.3831746
1.3612500,0.0172045,-0.0422058,-22.4528783,-27.6315051
1.3618750,0.0171823,-0.0420354,-22.6887358,-27.8673626
1.3625000,0.0171601,-0.0418649,-22.9245933,-28.1032201
1.3631250,0.0171391,-0.0416944,-23.1468858,-28.3255126
1.3637500,0.0171181,-0.0415239,-23.3691783,-28.5478051
1.3643750,0.0170985,-0.0413539,-23.5768484,-28.7554752
1.3650000,0.0170789,-0.0411839,-23.7845185,-28.9631453
1.3656250,0.0170606,-0.0410149,-23.9765497,-29.1551765
1.3662500,0.0170423,-0.0408460,-24.1685808,-29.3472076
1.3668750,0.0170255,-0.0406785,-24.3440043,-29.5226311
1.3675000,0.0170086,-0.0405110,-24.5194278,-29.6980546
1.3681250,0.0169931,-0.0403454,-24.6773287,-29.8559555
1.3687500,0.0169776,-0.0401798,-24.8352295,-30.0138563
1.3693750,0.0169635,-0.0400163,-24.9747528,-30.1533796
1.3700000,0.0169493,-0.0398528,-25.1142761,-30.2929029
1.3706250,0.0169366,-0.0396917,-25.2346327,-30.4132595
1.3712500,0.0169238,-0.0395305,-25.3549893,-30.5336161
1.3718750,0.0169123,-0.0393717,-25.4554614,-30.6340882
1.3725000,0.0169007,-0.0392128,-25.5559336,-30.7345604
1.3731250,0.0168905,-0.0390563,-25.6358799,-30.8145067
1.3737500,0.0168802,-0.0388997,-25.7158263,-30.8944531
1.3743750,0.0168711,-0.0387454,-25.7746868,-30.9533136
1.3750000,0.0168620,-0.0385911,-25.8335473,-31.0121741
1.3756250,0.0168540,-0.0384387,-25.8708476,-31.0494744
1.3762500,0.0168460,-0.0382863,-25.9081478,-31.0867746
1.3768750,0.0168391,-0.0381355,-25.9235027,-31.1021295
1.3775000,0.0168322,-0.0379848,-25.9388576,-31.1174844
1.3781250,0.0168264,-0.0378352,-25.9319749,-31.1106017
1.3787500,0.0168205,-0.0376857,-25.9250923,-31.1037191
1.3793750,0.0168156,-0.0375370,-25.8957755,-31.0744023
1.3800000,0.0168107,-0.0373883,-25.8664587,-31.0450855
1.3806250,0.0168068,-0.0372399,-25.8146088,-30.9932356
1.3812500,0.0168028,-0.0370915,-25.7627590,-30.9413858
1.3818750,0.0167998,-0.0369429,-25.6883768,-30.8670036
1.3825000,0.0167968,-0.0367943,-25.6139946,-30.7926214
1.3831250,0.0167947,-0.0366450,-25.5171813,-30.6958081
1.3837500,0.0167926,-0.0364957,-25.4203680,-30.5989948
1.3843750,0.0167915,-0.0363452,-25.3013257,-30.4799525
1.3850000,0.0167904,-0.0361948,-25.1822835,-30.3609103
1.3856250,0.0167903,-0.0360427,-25.0413151,-30.2199419
1.3862500,0.0167901,-0.0358906,-24.9003468,-30.0789736
1.3868750,0.0167910,-0.0357364,-24.7378552,-29.9164820
1.3875000,0.0167919,-0.0355822,-24.5753637,-29.7539905
1.3881250,0.0167938,-0.0354256,-24.3918501,-29.5704769
1.3887500,0.0167957,-0.0352691,-24.2083366,-29.3869634
1.3893750,0.0167988,-0.0351098,-24.0043986,-29.1830254
1.3900000,0.0168018,-0.0349505,-23.8004607,-28.9790875
1.3906250,0.0168060,-0.0347884,-23.5767893,-28.7554161
1.3912500,0.0168102,-0.0346263,-23.3531179,-28.5317447
1.3918750,0.0168157,-0.0344613,-23.1104945,-28.2891213
1.3925000,0.0168211,-0.0342962,-22.8678710,-28.0464978
1.3931250,0.0168279,-0.0341282,-22.6071630,-27.7857898
1.3937500,0.0168346,-0.0339602,-22.3464550,-27.5250818
1.3943750,0.0168427,-0.0337895,-22.0686117,-27.2472385
1.3950000,0.0168508,-0.0336187,-21.7907683,-26.9693951
1.3956250,0.0168603,-0.0334453,-21.4968154,-26.6754422
1.3962500,0.0168698,-0.0332720,-21.2028625,-26.3814893
1.3968750,0.0168808,-0.0330964,-20.8938970,-26.0725238
1.3975000,0.0168917,-0.0329209,-20.5849315,-25.7635583
1.3981250,0.0169041,-0.0327435,-20.2621152,-25.4407420
1.3987500,0.0169165,-0.0325661,-19.9392989,-25.1179257
1.3993750,0.0169304,-0.0323874,-19.6038521,-24.7824789
1.4000000,0.0169443,-0.0322087,-19.2684053,-24.4470321
1.4006250,0.0169596,-0.0320292,-18.9215999,-24.1002267
1.4012500,0.0169749,-0.0318498,-18.5747945,-23.7534213
1.4018750,0.0169917,-0.0316702,-18.2179466,-23.3965734
1.4025000,0.0170084,-0.0314906,-17.8610986,-23.0397254
1.4031250,0.0170265,-0.0313116,-17.4955610,-22.6741878
1.4037500,0.0170446,-0.0311325,-17.1300233,-22.3086501
1.4043750,0.0170640,-0.0309547,-16.7571777,-21.9358045
1.4050000,0.0170833,-0.0307769,-16.3843320,-21.5629588
1.4056250,0.0171038,-0.0306010,-16.0055809,-21.1842077
1.4062500,0.0171242,-0.0304251,-15.6268299,-20.8054567
1.4068750,0.0171458,-0.0302518,-15.2435888,-20.4222156
1.4075000,0.0171673,-0.0300785,-14.8603477,-20.0389745
1.4081250,0.0171897,-0.0299084,-14.4740362,-19.6526630
1.4087500,0.0172121,-0.0297383,-14.0877248,-19.2663516
1.4093750,0.0172352,-0.0295720,-13.6997589,-18.8783857
1.4100000,0.0172583,-0.0294058,-13.3117930,-18.4904198
1.4106250,0.0172820,-0.0292438,-12.9235766,-18.1022034
1.4112500,0.0173057,-0.0290819,-12.5353602,-17.7139870
1.4118750,0.0173298,-0.0289247,-12.1482769,-17.3269037
1.4125000,0.0173539,-0.0287676,-11.7611936,-16.9398204
1.4131250,0.0173783,-0.0286156,-11.3765988,-16.5552256
1.4137500,0.0174026,-0.0284636,-10.9920040,-16.1706308
1.4143750,0.0174271,-0.0283171,-10.6112170,-15.7898438
1.4150000,0.0174516,-0.0281706,-10.2304299,-15.4090567
1.4156250,0.0174760,-0.0280297,-9.8547263,-15.0333531
1.4162500,0.0175004,-0.0278888,-9.4790227,-14.6576495
1.4168750,0.0175247,-0.0277536,-9.1096273,-14.2882541
1.4175000,0.0175490,-0.0276184,-8.7402320,-13.9188588
1.4181250,0.0175730,-0.0274889,-8.3783119,-13.5569387
1.4187500,0.0175970,-0.0273594,-8.0163918,-13.1950186
1.4193750,0.0176207,-0.0272355,-7.6630497,-12.8416765
1.4200000,0.0176444,-0.0271117,-7.3097076,-12.4883344
1.4206250,0.0176677,-0.0269932,-6.9659761,-12.1446029
1.4212500,0.0176910,-0.0268748,-6.6222446,-11.8008714
1.4218750,0.0177139,-0.0267615,-6.2890803,-11.4677071
1.4225000,0.0177367,-0.0266483,-5.9559160,-11.1345428
1.4231250,0.0177592,-0.0265399,-5.6341950,-10.8128218
1.4237500,0.0177816,-0.0264315,-5.3124740,-10.4911008
1.4243750,0.0178037,-0.0263276,-5.0029870,-10.1816138
1.4250000,0.0178257,-0.0262236,-4.6935000,-9.8721268
1.4256250,0.0178474,-0.0261237,-4.3969489,-9.5755757
1.4262500,0.0178690,-0.0260238,-4.1003978,-9.2790246
1.4268750,0.0178903,-0.0259275,-3.8173924,-8.9960192
1.4275000,0.0179115,-0.0258313,-3.5343870,-8.7130138
1.4281250,0.0179325,-0.0257381,-3.2654423,-8.4440691
1.4287500,0.0179535,-0.0256450,-2.9964977,-8.1751245
1.4293750,0.0179743,-0.0255546,-2.7420325,-7.9206593
1.4300000,0.0179950,-0.0254642,-2.4875673,-7.6661941
1.4306250,0.0180157,-0.0253761,-2.2479026,-7.4265294
1.4312500,0.0180363,-0.0252880,-2.0082380,-7.1868648
1.4318750,0.0180568,-0.0252017,-1.7835969,-6.9622237
1.4325000,0.0180773,-0.0251154,-1.5589558,-6.7375826
1.4331250,0.0180978,-0.0250306,-1.3494635,-6.5280903
1.4337500,0.0181183,-0.0249458,-1.1399711,-6.3185979
1.4343750,0.0181389,-0.0248622,-0.9456558,-6.1242826
1.4350000,0.0181594,-0.0247786,-0.7513404,-5.9299672
1.4356250,0.0181801,-0.0246958,-0.5721351,-5.7507619
1.4362500,0.0182008,-0.0246130,-0.3929297,-5.5715565
1.4368750,0.0182216,-0.0245309,-0.2286742,-5.4073010
1.4375000,0.0182424,-0.0244488,-0.0644187,-5.2430455
1.4381250,0.0182635,-0.0243671,0.0851372,-5.0934896
1.4387500,0.0182845,-0.0242854,0.2346931,-4.9439337
1.4393750,0.0183058,-0.0242041,0.3698862,-4.8087406
1.4400000,0.0183270,-0.0241228,0.5050792,-4.6735476
1.4406250,0.0183485,-0.0240418,0.6263288,-4.5522980
1.4412500,0.0183699,-0.0239608,0.7475784,-4.4310484
1.4418750,0.0183917,-0.0238800,0.8553817,-4.3232451
1.4425000,0.0184134,-0.0237992,0.9631850,-4.2154418
1.4431250,0.0184354,-0.0237187,1.0581118,-4.1205150
1.4437500,0.0184573,-0.0236382,1.1530386,-4.0255882
1.4443750,0.0184795,-0.0235581,1.2357255,-3.9429013
1.4450000,0.0185017,-0.0234779,1.3184124,-3.8602144
1.4456250,0.0185241,-0.0233982,1.3895570,-3.7890698
1.4462500,0.0185464,-0.0233184,1.4607017,-3.7179251
1.4468750,0.0185690,-0.0232391,1.5210558,-3.6575710
1.4475000,0.0185915,-0.0231598,1.5814099,-3.5972169
1.4481250,0.0186142,-0.0230811,1.6317729,-3.5468539
1.4487500,0.0186369,-0.0230024,1.6821358,-3.4964910
1.4493750,0.0186597,-0.0229243,1.7233474,-3.4552794
1.4500000,0.0186824,-0.0228462,1.7645589,-3.4140679
1.4506250,0.0187053,-0.0227688,1.7974917,-3.3811351
1.4512500,0.0187282,-0.0226914,1.8304245,-3.3482023
1.4518750,0.0187512,-0.0226147,1.8559770,-3.3226498
1.4525000,0.0187741,-0.0225381,1.8815294,-3.2970974
1.4531250,0.0187972,-0.0224621,1.9006177,-3.2780091
1.4537500,0.0188202,-0.0223862,1.9197059,-3.2589209
1.4543750,0.0188433,-0.0223109,1.9332565,-3.2453703
1.4550000,0.0188664,-0.0222356,1.9468071,-3.2318197
1.4556250,0.0188896,-0.0221609,1.9557492,-3.2228776
1.4562500,0.0189128,-0.0220862,1.9646914,-3.2139354
1.4568750,0.0189362,-0.0220120,1.9699493,-3.2086775
1.4575000,0.0189595,-0.0219377,1.9752072,-3.2034196
1.4581250,0.0189830,-0.0218637,1.9776928,-3.2009340
1.4587500,0.0190065,-0.0217898,1.9801783,-3.1984485
1.4593750,0.0190303,-0.0217159,1.9807838,-3.1978430
1.4600000,0.0190540,-0.0216420,1.9813892,-3.1972376
1.4606250,0.0190781,-0.0215679,1.9809802,-3.1976466
1.4612500,0.0191022,-0.0214939,1.9805712,-3.1980556
1.4618750,0.0191267,-0.0214194,1.9799802,-3.1986466
1.4625000,0.0191512,-0.0213449,1.9793892,-3.1992376
1.4631250,0.0191762,-0.0212697,1.9794089,-3.1992179
1.4637500,0.0192012,-0.0211945,1.9794285,-3.1991983
1.4643750,0.0192269,-0.0211183,1.9808059,-3.1978209
1.4650000,0.0192525,-0.0210421,1.9821833,-3.1964435
1.4656250,0.0192789,-0.0209646,1.9856144,-3.1930124
1.4662500,0.0193053,-0.0208871,1.9890455,-3.1895813
1.4668750,0.0193325,-0.0208081,1.9951703,-3.1834565
1.4675000,0.0193597,-0.0207291,2.0012951,-3.1773317
1.4681250,0.0193879,-0.0206483,2.0106928,-3.1679340
1.4687500,0.0194160,-0.0205675,2.0200904,-3.1585364
1.4693750,0.0194452,-0.0204847,2.0332756,-3.1453512
1.4700000,0.0194743,-0.0204020,2.0464608,-3.1321660
1.4706250,0.0195046,-0.0203172,2.0638804,-3.1147464
1.4712500,0.0195349,-0.0202324,2.0812999,-3.0973269
1.4718750,0.0195663,-0.0201455,2.1033301,-3.0752967
1.4725000,0.0195977,-0.0200586,2.1253602,-3.0532666
1.4731250,0.0196303,-0.0199696,2.1523043,-3.0263225
1.4737500,0.0196628,-0.0198807,2.1792484,-2.9993784
1.4743750,0.0196965,-0.0197897,2.2113357,-2.9672911
1.4750000,0.0197301,-0.0196988,2.2434231,-2.9352037
1.4756250,0.0197649,-0.0196062,2.2808079,-2.8978189
1.4762500,0.0197997,-0.0195135,2.3181928,-2.8604340
1.4768750,0.0198355,-0.0194194,2.3609541,-2.8176727
1.4775000,0.0198712,-0.0193253,2.4037155,-2.7749113
1.4781250,0.0199079,-0.0192302,2.4518579,-2.7267689
1.4787500,0.0199445,-0.0191351,2.5000003,-2.6786265
1.4793750,0.0199818,-0.0190395,2.5534546,-2.6251722
1.4800000,0.0200191,-0.0189439,2.6069089,-2.5717179
1.4806250,0.0200569,-0.0188483,2.6655344,-2.5130924
1.4812500,0.0200946,-0.0187528,2.7241599,-2.4544669
1.4818750,0.0201326,-0.0186579,2.7877466,-2.3908802
1.4825000,0.0201705,-0.0185631,2.8513332,-2.3272936
1.4831250,0.0202084,-0.0184697,2.9196047,-2.2590221
1.4837500,0.0202462,-0.0183764,2.9878761,-2.1907507
1.4843750,0.0202836,-0.0182852,3.0604932,-2.1181336
1.4850000,0.0203210,-0.0181941,3.1331103,-2.0455165
1.4856250,0.0203576,-0.0181061,3.2096754,-1.9689514
1.4862500,0.0203942,-0.0180180,3.2862406,-1.8923862
1.4868750,0.0204296,-0.0179339,3.3663019,-1.8123249
1.4875000,0.0204649,-0.0178497,3.4463633,-1.7322635
1.4881250,0.0204986,-0.0177703,3.5294202,-1.6492066
1.4887500,0.0205323,-0.0176908,3.6124772,-1.5661496
1.4893750,0.0205640,-0.0176169,3.6979857,-1.4806411
1.4900000,0.0205956,-0.0175431,3.7834941,-1.3951327
1.4906250,0.0206248,-0.0174756,3.8708722,-1.3077546
1.4912500,0.0206540,-0.0174081,3.9582503,-1.2203765
1.4918750,0.0206804,-0.0173477,4.0468849,-1.1317419
1.4925000,0.0207067,-0.0172874,4.1355195,-1.0431073
1.4931250,0.0207298,-0.0172348,4.2247725,-0.9538543
1.4937500,0.0207529,-0.0171822,4.3140254,-0.8646014
1.4943750,0.0207724,-0.0171380,4.4032400,-0.7753868
1.4950000,0.0207919,-0.0170938,4.4924547,-0.6861721
1.4956250,0.0208076,-0.0170585,4.5809630,-0.5976638
1.4962500,0.0208233,-0.0170232,4.6694713,-0.5091555
1.4968750,0.0208349,-0.0169973,4.7566005,-0.4220263
1.4975000,0.0208464,-0.0169713,4.8437297,-0.3348971
1.4981250,0.0208538,-0.0169549,4.9288093,-0.2498175
1.4987500,0.0208611,-0.0169385,5.0138890,-0.1647378
1.4993750,0.0208641,-0.0169318,5.0962579,-0.0823689
1.5000000,0.0208671,-0.0169252,5.1786268,0.0000000
1.5006250,0.0208657,-0.0169283,5.2576398,0.0790130
1.5012500,0.0208643,-0.0169314,5.3366527,0.1580259
1.5018750,0.0208586,-0.0169443,5.4116874,0.2330606
1.5025000,0.0208528,-0.0169571,5.4867220,0.3080952
1.5031250,0.0208428,-0.0169795,5.5571854,0.3785586
1.5037500,0.0208328,-0.0170018,5.6276487,0.4490219
1.5043750,0.0208188,-0.0170334,5.6929832,0.5143564
1.5050000,0.0208047,-0.0170649,5.7583176,0.5796908
1.5056250,0.0207869,-0.0171052,5.8180074,0.6393806
1.5062500,0.0207691,-0.0171455,5.8776972,0.6990704
1.5068750,0.0207477,-0.0171940,5.9312735,0.7526467
1.5075000,0.0207263,-0.0172425,5.9848499,0.8062231
1.5081250,0.0207018,-0.0172986,6.0318965,0.8532697
1.5087500,0.0206773,-0.0173547,6.0789432,0.9003164
1.5093750,0.0206500,-0.0174177,6.1191012,0.9404744
1.5100000,0.0206226,-0.0174806,6.1592591,0.9806323
1.5106250,0.0205929,-0.0175497,6.1922307,1.0136039
1.5112500,0.0205631,-0.0176188,6.2252023,1.0465755
1.5118750,0.0205314,-0.0176933,6.2507555,1.0721287
1.5125000,0.0204996,-0.0177677,6.2763087,1.0976819
1.5131250,0.0204663,-0.0178467,6.2942799,1.1156531
1.5137500,0.0204329,-0.0179256,6.3122510,1.1336242
1.5143750,0.0203984,-0.0180082,6.3225477,1.1439209
1.5150000,0.0203638,-0.0180908,6.3328444,1.1542176
1.5156250,0.0203285,-0.0181763,6.3354476,1.1568208
1.5162500,0.0202932,-0.0182617,6.3380508,1.1594240
1.5168750,0.0202575,-0.0183492,6.3330163,1.1543895
1.5175000,0.0202217,-0.0184367,6.3279817,1.1493549
1.5181250,0.0201858,-0.0185255,6.3154407,1.1368139
1.5187500,0.0201499,-0.0186143,6.3028997,1.1242729
1.5193750,0.0201143,-0.0187037,6.2830592,1.1044324
1.5200000,0.0200786,-0.0187931,6.2632187,1.0845919
1.5206250,0.0200434,-0.0188825,6.2363611,1.0577343
1.5212500,0.0200081,-0.0189719,6.2095035,1.0308767
1.5218750,0.0199735,-0.0190607,6.1759852,0.9973584
1.5225000,0.0199389,-0.0191494,6.1424669,0.9638401
1.5231250,0.0199051,-0.0192372,6.1027169,0.9240901
1.5237500,0.0198713,-0.0193250,6.0629669,0.8843401
1.5243750,0.0198385,-0.0194114,6.0174841,0.8388573
1.5250000,0.0198056,-0.0194977,5.9720014,0.7933746
1.5256250,0.0197738,-0.0195824,5.9213519,0.7427251
1.5262500,0.0197420,-0.0196671,5.8707024,0.6920756
1.5268750,0.0197112,-0.0197499,5.8155158,0.6368890
1.5275000,0.0196804,-0.0198328,5.7603292,0.5817024
1.5281250,0.0196507,-0.0199137,5.7012945,0.5226677
1.5287500,0.0196209,-0.0199947,5.6422598,0.4636330
1.5293750,0.0195922,-0.0200737,5.5801209,0.4014941
1.5300000,0.0195635,-0.0201528,5.5179819,0.3393551
