# Moment        
# CofR          : (6.34000000e-02 0.00000000e+00 4.00000000e-03)
#
# Time          	total_x total_y total_z	pressure_x pressure_y pressure_z	viscous_x viscous_y viscous_z
1.557692000e-03 -2.540851690e-08 -3.118111780e-03 2.631797900e-08 -2.543953950e-08 -3.116437580e-03 2.629512070e-08 3.102261480e-11 -1.674197370e-06 2.285830610e-11
3.412088000e-03 -5.364651120e-07 -6.252788010e-03 1.654383870e-07 -5.359193670e-07 -6.247439730e-03 1.653462860e-07 -5.457456700e-10 -5.348282140e-06 9.210103540e-11
5.593730000e-03 1.117530550e-07 -5.988596690e-03 -1.154769850e-07 1.120757340e-07 -5.979183230e-03 -1.155753120e-07 -3.226796290e-10 -9.413457760e-06 9.832643240e-11
8.278828000e-03 -1.424132170e-07 -6.400779300e-03 2.235522090e-09 -1.420127050e-07 -6.386687570e-03 2.077082650e-09 -4.005126060e-10 -1.409173270e-05 1.584394380e-10
1.150094000e-02 1.944230250e-07 -6.036445880e-03 1.249830520e-07 1.939068930e-07 -6.017092420e-03 1.246346960e-07 5.161320990e-10 -1.935345750e-05 3.483559340e-10
1.472306000e-02 -2.073242980e-08 -6.938834460e-03 6.771311620e-08 -2.167560680e-08 -6.913835820e-03 6.722601230e-08 9.431770420e-10 -2.499864430e-05 4.871038840e-10
1.706642000e-02 -4.358442300e-08 -8.406442270e-03 1.140733570e-07 -4.493961680e-08 -8.376763470e-03 1.134435410e-07 1.355193790e-09 -2.967879940e-05 6.298155600e-10
1.901922000e-02 -1.398704350e-07 -7.501696860e-03 2.019120990e-07 -1.415112460e-07 -7.469465210e-03 2.011133770e-07 1.640811830e-09 -3.223165300e-05 7.987222500e-10
2.080928000e-02 4.381151580e-08 -7.925387950e-03 7.454967750e-08 4.172181670e-08 -7.890134270e-03 7.366118760e-08 2.089699070e-09 -3.525368080e-05 8.884899120e-10
2.232395000e-02 -2.212732890e-07 -7.604295550e-03 1.057307370e-08 -2.234226790e-07 -7.567636120e-03 9.633256300e-09 2.149389770e-09 -3.665943500e-05 9.398174250e-10
2.372211000e-02 -3.773681870e-08 -6.938846890e-03 6.139684620e-08 -4.010323650e-08 -6.900291370e-03 6.038767240e-08 2.366417860e-09 -3.855552130e-05 1.009173740e-09
2.512027000e-02 -2.871107130e-08 -8.381912500e-03 1.058437470e-07 -3.138006380e-08 -8.341802250e-03 1.047648290e-07 2.668992470e-09 -4.011024840e-05 1.078918340e-09
2.640191000e-02 2.487057650e-08 -6.605352710e-03 8.138303800e-08 2.197349240e-08 -6.563976860e-03 8.024106470e-08 2.897084160e-09 -4.137584860e-05 1.141973310e-09
2.768356000e-02 -1.678888360e-07 -7.510615800e-03 1.382510550e-07 -1.709463690e-07 -7.468277810e-03 1.370420220e-07 3.057533010e-09 -4.233799850e-05 1.209033110e-09
2.884869000e-02 -1.244509300e-07 -8.838973580e-03 1.580308220e-07 -1.276115210e-07 -8.794716030e-03 1.567594340e-07 3.160590570e-09 -4.425754360e-05 1.271387970e-09
3.001382000e-02 9.056553700e-08 -7.998322440e-03 -2.037528560e-07 8.724759200e-08 -7.952954100e-03 -2.050177520e-07 3.317945010e-09 -4.536834190e-05 1.264896200e-09
3.106244000e-02 -1.686459920e-07 -6.731606620e-03 5.489960480e-07 -1.721459190e-07 -6.685795690e-03 5.476287150e-07 3.499927060e-09 -4.581092960e-05 1.367333200e-09
3.211106000e-02 -2.756162800e-07 -8.889581300e-03 1.601661250e-07 -2.791296870e-07 -8.842528640e-03 1.587586180e-07 3.513406590e-09 -4.705266460e-05 1.407507180e-09
3.315967000e-02 4.531845300e-07 -6.290043430e-03 6.563063210e-08 4.491742410e-07 -6.242338400e-03 6.419791850e-08 4.010288940e-09 -4.770503530e-05 1.432713600e-09
3.420829000e-02 1.832385200e-07 -8.636054000e-03 1.814395920e-07 1.788640470e-07 -8.587056840e-03 1.799538930e-07 4.374472820e-09 -4.899715380e-05 1.485698100e-09
3.525691000e-02 9.619276340e-07 -8.570885850e-03 2.539281350e-07 9.565181100e-07 -8.521299470e-03 2.524023360e-07 5.409524190e-09 -4.958638040e-05 1.525799660e-09
3.613076000e-02 3.990128650e-08 -6.414188140e-03 4.532743090e-07 3.420517050e-08 -6.364271030e-03 4.516476410e-07 5.696115930e-09 -4.991710750e-05 1.626668200e-09
3.700461000e-02 -8.851496460e-07 -8.708852170e-03 -2.196265690e-07 -8.901441310e-07 -8.658030600e-03 -2.212512130e-07 4.994485070e-09 -5.082157060e-05 1.624643620e-09
3.787845000e-02 -3.255548950e-07 -8.246977320e-03 1.456689700e-07 -3.304441880e-07 -8.195584190e-03 1.440118000e-07 4.889292460e-09 -5.139313180e-05 1.657169260e-09
3.875230000e-02 -1.110949770e-07 -7.568946810e-03 4.782458580e-07 -1.160901320e-07 -7.517007950e-03 4.764900220e-07 4.995155640e-09 -5.193885440e-05 1.755835780e-09
3.962615000e-02 -1.438406430e-07 -8.270026040e-03 2.739804700e-07 -1.488646790e-07 -8.217162600e-03 2.721770240e-07 5.024035990e-09 -5.286344180e-05 1.803445270e-09
4.050000000e-02 -1.707018440e-07 -8.754748960e-03 1.380126490e-07 -1.757465160e-07 -8.701638460e-03 1.362012670e-07 5.044672430e-09 -5.311050320e-05 1.811381890e-09
4.134375000e-02 7.222736270e-07 -5.250542000e-03 3.750446820e-07 7.166555950e-07 -5.197306850e-03 3.731947100e-07 5.618031110e-09 -5.323514980e-05 1.849971820e-09
4.216992000e-02 -9.612216610e-08 -1.173231800e-02 8.241360970e-08 -1.018201420e-07 -1.167799260e-02 8.059921810e-08 5.697976130e-09 -5.432538680e-05 1.814391580e-09
4.297888000e-02 -6.029914140e-07 -7.187283600e-03 2.625897680e-07 -6.083071400e-07 -7.132659880e-03 2.607413960e-07 5.315726170e-09 -5.462372030e-05 1.848371980e-09
4.378784000e-02 1.032482380e-06 -6.445017440e-03 -3.045715760e-07 1.026555770e-06 -6.390276670e-03 -3.063029680e-07 5.926610700e-09 -5.474076740e-05 1.731392460e-09
4.457959000e-02 9.655240050e-08 -7.894812670e-03 8.270648710e-08 9.048690060e-08 -7.839751870e-03 8.101023550e-08 6.065499880e-09 -5.506079560e-05 1.696251590e-09
4.537134000e-02 -1.985205670e-07 -9.958828250e-03 -1.353238650e-07 -2.045351120e-07 -9.902860140e-03 -1.369566410e-07 6.014545420e-09 -5.596811080e-05 1.632776510e-09
4.614587000e-02 -9.068245060e-08 -8.290743990e-03 4.977318830e-07 -9.686735220e-08 -8.234548830e-03 4.960600120e-07 6.184901520e-09 -5.619516070e-05 1.671870360e-09
4.690357000e-02 1.105645620e-07 -7.323511100e-03 2.283810830e-07 1.041236160e-07 -7.267279570e-03 2.266961110e-07 6.440945990e-09 -5.623152830e-05 1.684972230e-09
4.766127000e-02 -9.676859240e-09 -7.756809050e-03 2.689468960e-07 -1.633489300e-08 -7.700339890e-03 2.672352680e-07 6.658033770e-09 -5.646915950e-05 1.711627400e-09
4.840213000e-02 1.905985160e-06 -9.461001390e-03 5.214005350e-07 1.897869530e-06 -9.403467190e-03 5.196190670e-07 8.115622470e-09 -5.753419880e-05 1.781467160e-09
4.912653000e-02 -3.422612070e-07 -8.536297650e-03 4.927743520e-07 -3.504987090e-07 -8.478878490e-03 4.909400800e-07 8.237502490e-09 -5.741916180e-05 1.834272320e-09
4.985093000e-02 8.882302090e-07 -9.119941200e-03 2.366928360e-07 8.792635480e-07 -9.062066420e-03 2.348479340e-07 8.966660490e-09 -5.787477990e-05 1.844901620e-09
5.057532000e-02 1.032844560e-06 -9.273545630e-03 1.603906230e-07 1.023162650e-06 -9.214850630e-03 1.585639170e-07 9.681912740e-09 -5.869499970e-05 1.826705320e-09
5.128287000e-02 1.559045190e-06 -3.641359320e-03 -1.659560170e-07 1.548436990e-06 -3.583665310e-03 -1.677126560e-07 1.060820130e-08 -5.769401370e-05 1.756639610e-09
5.199042000e-02 9.677781290e-07 -1.045559370e-02 3.579685400e-07 9.563487210e-07 -1.039736610e-02 3.561906480e-07 1.142940790e-08 -5.822760780e-05 1.777892520e-09
5.268113000e-02 -7.769486330e-07 -1.203863030e-02 -7.287298280e-07 -7.879214970e-07 -1.197958750e-02 -7.303389700e-07 1.097286380e-08 -5.904278840e-05 1.609141620e-09
5.337183000e-02 6.834616770e-07 -8.964097290e-03 -7.685527770e-09 6.720723080e-07 -8.904356710e-03 -9.237177210e-09 1.138936850e-08 -5.974057590e-05 1.551649440e-09
5.404569000e-02 5.565732730e-06 -5.368892830e-03 6.894627890e-07 5.551209780e-06 -5.309685430e-03 6.879375070e-07 1.452295340e-08 -5.920740600e-05 1.525281990e-09
5.471955000e-02 4.674633010e-06 -6.381093710e-03 -1.992906740e-07 4.657566520e-06 -6.322149490e-03 -2.006393860e-07 1.706649260e-08 -5.894422190e-05 1.348711990e-09
5.539341000e-02 -2.930213690e-06 -1.129357060e-02 7.408788130e-07 -2.945893120e-06 -1.123377310e-02 7.394761220e-07 1.567943420e-08 -5.979743000e-05 1.402691600e-09
5.604998000e-02 2.345592950e-06 -8.796911690e-03 -2.767431890e-07 2.328659920e-06 -8.737024200e-03 -2.779467270e-07 1.693302350e-08 -5.988748820e-05 1.203538160e-09
5.670656000e-02 4.912547230e-06 -8.700318120e-03 4.022551840e-07 4.892763810e-06 -8.640253090e-03 4.011558850e-07 1.978342280e-08 -6.006502600e-05 1.099298950e-09
5.736314000e-02 -2.457755590e-06 -9.281299080e-03 -5.290218290e-08 -2.476071850e-06 -9.220507050e-03 -5.389971330e-08 1.831626010e-08 -6.079203920e-05 9.975303620e-10
5.800198000e-02 7.324525150e-07 -9.940527660e-03 5.833221160e-07 7.137177060e-07 -9.879584780e-03 5.823977280e-07 1.873480870e-08 -6.094287270e-05 9.243884350e-10
5.864081000e-02 -2.139260060e-07 -9.683601540e-03 2.033853310e-07 -2.325407590e-07 -9.622683950e-03 2.025919700e-07 1.861475320e-08 -6.091759040e-05 7.933617220e-10
5.927965000e-02 -6.018252800e-07 -7.179307690e-03 8.056989680e-07 -6.203180640e-07 -7.118545530e-03 8.049528040e-07 1.849278350e-08 -6.076215190e-05 7.461641640e-10
5.991848000e-02 2.424280850e-06 -8.038469300e-03 -2.531542040e-07 2.404731880e-06 -7.977655240e-03 -2.537054420e-07 1.954897530e-08 -6.081405290e-05 5.512381600e-10
6.053852000e-02 7.720258990e-07 -7.461098620e-03 3.320152170e-07 7.520290280e-07 -7.400124190e-03 3.315781920e-07 1.999687120e-08 -6.097442990e-05 4.370246340e-10
6.115857000e-02 9.533582770e-07 -7.624007540e-03 2.576837060e-07 9.327488710e-07 -7.563145520e-03 2.573869060e-07 2.060940600e-08 -6.086201450e-05 2.967993210e-10
6.177861000e-02 5.149854710e-07 -9.369150810e-03 2.074046410e-07 4.939192480e-07 -9.308137380e-03 2.072478710e-07 2.106622290e-08 -6.101342290e-05 1.567703530e-10
6.239866000e-02 2.148353220e-06 -1.446836870e-02 5.873727980e-07 2.125911210e-06 -1.440651990e-02 5.873698310e-07 2.244200590e-08 -6.184875910e-05 2.967689890e-12
6.301870000e-02 -3.119221480e-06 -8.310469410e-03 1.507915640e-07 -3.140262740e-06 -8.248623240e-03 1.507853810e-07 2.104126060e-08 -6.184616790e-05 6.182333440e-12
6.361808000e-02 -1.968336820e-06 -6.751124110e-03 9.345537730e-07 -1.988847020e-06 -6.689396280e-03 9.346112440e-07 2.051020180e-08 -6.172782820e-05 -5.747063990e-11
6.421746000e-02 -1.762962710e-06 -9.155823090e-03 3.531731250e-07 -1.782894060e-06 -9.093980540e-03 3.532853550e-07 1.993135580e-08 -6.184254880e-05 -1.122295440e-10
6.481683000e-02 -3.854292500e-07 -9.395342920e-03 8.865025420e-07 -4.056082260e-07 -9.333472110e-03 8.866659960e-07 2.017897590e-08 -6.187081200e-05 -1.634540500e-10
6.541621000e-02 1.021303740e-06 -9.370213890e-03 -1.709696460e-07 1.000220340e-06 -9.308649230e-03 -1.705555400e-07 2.108339640e-08 -6.156466250e-05 -4.141064740e-10
6.601559000e-02 -1.131371160e-06 -1.077830210e-02 6.278538020e-07 -1.152342830e-06 -1.071622250e-02 6.282906410e-07 2.097167620e-08 -6.207963250e-05 -4.368386810e-10
6.661496000e-02 -3.764155900e-07 -1.138901480e-02 3.709698000e-07 -3.977038450e-07 -1.132612490e-02 3.714978680e-07 2.128825490e-08 -6.288981580e-05 -5.280677460e-10
6.721434000e-02 1.410199030e-07 -4.877631310e-03 2.856444290e-07 1.192656370e-07 -4.815654900e-03 2.863027780e-07 2.175426660e-08 -6.197641160e-05 -6.583482400e-10
6.781372000e-02 -7.590256590e-07 -6.859422320e-03 1.596433160e-07 -7.806585420e-07 -6.797773540e-03 1.604335900e-07 2.163288230e-08 -6.164877920e-05 -7.902742550e-10
6.841309000e-02 -7.579621160e-08 -1.367589220e-02 3.243516760e-07 -9.767137070e-08 -1.361320370e-02 3.252924810e-07 2.187515910e-08 -6.268856130e-05 -9.408051340e-10
6.898522000e-02 5.741107660e-07 -9.595210120e-03 1.422560820e-07 5.516594590e-07 -9.532452470e-03 1.433664010e-07 2.245130710e-08 -6.275764460e-05 -1.110319820e-09
6.955736000e-02 7.695589960e-06 -7.352967030e-03 -4.206497230e-07 7.669233820e-06 -7.290546830e-03 -4.191341220e-07 2.635614140e-08 -6.242020240e-05 -1.515600670e-09
7.012949000e-02 -3.318676690e-06 -1.200777750e-02 6.357826650e-07 -3.343675100e-06 -1.194476070e-02 6.373603910e-07 2.499840940e-08 -6.301672210e-05 -1.577726040e-09
7.070162000e-02 3.398279960e-07 -1.204175920e-02 3.257057260e-07 3.143545520e-07 -1.197820810e-02 3.274438740e-07 2.547344450e-08 -6.355113250e-05 -1.738147390e-09
7.127375000e-02 5.647545220e-08 -2.331917540e-03 3.443851960e-07 3.072828030e-08 -2.269343050e-03 3.462775210e-07 2.574717190e-08 -6.257448840e-05 -1.892324780e-09
7.184589000e-02 9.704228390e-08 -6.730207650e-03 4.408255590e-07 7.092258780e-08 -6.667909070e-03 4.429054730e-07 2.611969610e-08 -6.229858140e-05 -2.079913840e-09
7.241802000e-02 6.823224710e-07 -1.556191890e-02 4.375276010e-07 6.555487380e-07 -1.549859840e-02 4.398206920e-07 2.677373300e-08 -6.332045060e-05 -2.293090670e-09
7.299015000e-02 2.371503490e-07 -9.681571140e-03 -7.129732040e-09 2.098353470e-07 -9.618424870e-03 -4.606362770e-09 2.731500260e-08 -6.314627310e-05 -2.523369270e-09
7.356228000e-02 9.931619140e-07 -3.464825530e-03 6.613556190e-07 9.649145080e-07 -3.402747360e-03 6.640409030e-07 2.824740580e-08 -6.207816640e-05 -2.685284130e-09
7.413441000e-02 3.085164870e-07 -1.093862320e-02 4.906981140e-07 2.797216460e-07 -1.087604910e-02 4.935691320e-07 2.879484100e-08 -6.257410620e-05 -2.871018270e-09
7.470655000e-02 -1.398706490e-06 -1.356315630e-02 1.723711490e-07 -1.427260270e-06 -1.349980930e-02 1.754073460e-07 2.855377440e-08 -6.334699570e-05 -3.036196540e-09
7.527868000e-02 3.895979960e-07 -8.687178750e-03 5.221796690e-07 3.602883160e-07 -8.624046780e-03 5.254114300e-07 2.930968000e-08 -6.313197160e-05 -3.231760940e-09
7.585081000e-02 -7.196640250e-07 -8.765964320e-03 7.413480980e-08 -7.491136310e-07 -8.702931500e-03 7.756050910e-08 2.944960620e-08 -6.303282080e-05 -3.425699290e-09
7.642294000e-02 -2.936846050e-06 -8.399506630e-03 -8.763188300e-07 -2.965225750e-06 -8.336274350e-03 -8.725928960e-07 2.837970100e-08 -6.323227180e-05 -3.725933760e-09
7.699507000e-02 7.811202760e-06 -9.914946810e-03 2.348808560e-06 7.778270460e-06 -9.851658450e-03 2.352642050e-06 3.293229960e-08 -6.328835600e-05 -3.833490800e-09
7.756721000e-02 1.250987080e-06 -1.066325900e-02 6.659795900e-07 1.217000550e-06 -1.060016780e-02 6.700203490e-07 3.398653340e-08 -6.309118920e-05 -4.040758360e-09
7.813934000e-02 2.691578370e-06 -9.837697070e-03 4.854403950e-07 2.655947330e-06 -9.774590250e-03 4.897750430e-07 3.563104660e-08 -6.310682660e-05 -4.334648720e-09
7.871147000e-02 2.235693630e-06 -9.568302270e-03 4.482472130e-07 2.198682270e-06 -9.505154580e-03 4.528509250e-07 3.701135950e-08 -6.314769570e-05 -4.603712160e-09
7.928360000e-02 2.009771790e-06 -1.221099350e-02 2.398054530e-07 1.971534210e-06 -1.214734640e-02 2.446962950e-07 3.823758460e-08 -6.364707930e-05 -4.890841920e-09
7.985574000e-02 -6.896869960e-07 -1.177401350e-02 2.098264270e-07 -7.278776880e-07 -1.171001000e-02 2.149416980e-07 3.819069140e-08 -6.400354160e-05 -5.115271120e-09
8.042787000e-02 5.866130190e-07 -4.270072140e-03 6.398784200e-07 5.478751750e-07 -4.206808890e-03 6.452315610e-07 3.873784390e-08 -6.326324660e-05 -5.353141450e-09
8.100000000e-02 2.057331630e-06 -8.549622250e-03 1.792452470e-07 2.017492620e-06 -8.486435410e-03 1.849586880e-07 3.983900430e-08 -6.318683840e-05 -5.713440900e-09
8.154000000e-02 1.890229530e-06 -1.601973730e-02 1.933230610e-07 1.849387040e-06 -1.595584860e-02 1.993642960e-07 4.084248260e-08 -6.388862170e-05 -6.041235160e-09
8.207280000e-02 -2.182478690e-06 -9.665572100e-03 3.683574250e-07 -2.222617600e-06 -9.601885140e-03 3.745038320e-07 4.013891190e-08 -6.368695740e-05 -6.146406530e-09
8.260560000e-02 8.817600190e-07 -4.864746640e-03 -6.850581570e-07 8.411601890e-07 -4.801869530e-03 -6.785561680e-07 4.059983060e-08 -6.287710470e-05 -6.501988310e-09
8.313840000e-02 1.008777080e-06 -1.122863810e-02 -6.920312150e-08 9.676029190e-07 -1.116551870e-02 -6.237991910e-08 4.117416190e-08 -6.311937700e-05 -6.823202420e-09
8.367120000e-02 -3.961211390e-07 -1.389057110e-02 -3.550253650e-08 -4.373177750e-07 -1.382674940e-02 -2.841963400e-08 4.119663600e-08 -6.382169300e-05 -7.082902570e-09
8.419660000e-02 -2.525670170e-06 -9.053555460e-03 1.280998340e-06 -2.566067000e-06 -8.990072870e-03 1.288087820e-06 4.039682690e-08 -6.348259440e-05 -7.089478770e-09
8.472200000e-02 5.354923560e-06 -6.314139190e-03 -1.341501310e-06 5.312029250e-06 -6.251321190e-03 -1.333799820e-06 4.289430440e-08 -6.281800620e-05 -7.701486940e-09
8.524740000e-02 -3.709542650e-07 -1.013282700e-02 1.863985850e-07 -4.137811730e-07 -1.006953480e-02 1.943139720e-07 4.282690820e-08 -6.329222400e-05 -7.915387590e-09
8.577280000e-02 2.186551140e-06 -1.207413300e-02 -3.464124970e-07 2.142711550e-06 -1.201019450e-02 -3.381289040e-07 4.383959470e-08 -6.393847850e-05 -8.283593810e-09
8.629820000e-02 2.142346500e-06 -1.243323150e-02 3.880239950e-07 2.097549410e-06 -1.236924800e-02 3.965364890e-07 4.479709660e-08 -6.398354250e-05 -8.512493850e-09
8.681587000e-02 -1.216513350e-06 -1.268554050e-02 4.526602200e-07 -1.261061460e-06 -1.262155270e-02 4.612892670e-07 4.454810540e-08 -6.398775800e-05 -8.629046030e-09
8.733355000e-02 -1.002649710e-07 -6.323454630e-03 -1.437473680e-07 -1.449315260e-07 -6.260157370e-03 -1.349162850e-07 4.466655460e-08 -6.329726420e-05 -8.831082460e-09
8.785122000e-02 -9.216819000e-08 -6.297857170e-03 3.677211220e-07 -1.369800220e-07 -6.235153030e-03 3.767163940e-07 4.481183230e-08 -6.270414210e-05 -8.995271730e-09
8.836889000e-02 4.091969800e-06 -1.397140980e-02 1.673984660e-07 4.045186350e-06 -1.390794370e-02 1.767884130e-07 4.678345390e-08 -6.346609540e-05 -9.389946260e-09
8.888657000e-02 -1.451633440e-06 -1.378478590e-02 1.644564720e-07 -1.497848560e-06 -1.372072520e-02 1.739764560e-07 4.621512300e-08 -6.406069340e-05 -9.519984560e-09
8.940424000e-02 2.139624140e-06 -1.037395250e-02 -4.621544360e-07 2.092409060e-06 -1.031000730e-02 -4.523206490e-07 4.721507860e-08 -6.394519550e-05 -9.833786770e-09
8.991370000e-02 1.746090660e-06 -1.007414810e-02 5.809723470e-07 1.698111070e-06 -1.001028500e-02 5.909409050e-07 4.797958760e-08 -6.386305460e-05 -9.968557530e-09
9.042315000e-02 1.181866670e-06 -7.629541210e-03 3.233664020e-08 1.133439500e-06 -7.566166670e-03 4.252250110e-08 4.842716570e-08 -6.337453340e-05 -1.018586090e-08
9.093261000e-02 3.079057020e-06 -8.353339580e-03 -8.372324140e-07 3.029537280e-06 -8.290300850e-03 -8.266780410e-07 4.951973690e-08 -6.303872570e-05 -1.055437360e-08
9.144207000e-02 -2.306540290e-06 -1.530585830e-02 1.485323700e-06 -2.355346130e-06 -1.524228530e-02 1.495877800e-06 4.880584480e-08 -6.357301330e-05 -1.055410580e-08
9.195152000e-02 4.665577100e-07 -1.451703800e-02 3.209325750e-07 4.174868060e-07 -1.445310450e-02 3.316306220e-07 4.907090430e-08 -6.393345790e-05 -1.069804760e-08
9.246098000e-02 1.978901420e-06 -9.735628930e-03 2.648471600e-07 1.928977920e-06 -9.671554260e-03 2.757612930e-07 4.992350250e-08 -6.407467330e-05 -1.091413310e-08
9.297044000e-02 8.432167050e-06 -1.010679190e-02 -9.486969900e-07 8.378638270e-06 -1.004260160e-02 -9.371945140e-07 5.352877700e-08 -6.419025960e-05 -1.150247690e-08
9.347096000e-02 -6.286861080e-06 -6.305065470e-03 1.007520570e-06 -6.337602610e-06 -6.241592820e-03 1.018859330e-06 5.074152780e-08 -6.347265340e-05 -1.133876160e-08
9.398057000e-02 -2.617960260e-07 -7.261324140e-03 3.344749700e-07 -3.123769590e-07 -7.198267160e-03 3.459391490e-07 5.058093300e-08 -6.305697880e-05 -1.146417910e-08
9.449019000e-02 3.762234130e-07 -1.768989140e-02 1.903494980e-07 3.254356460e-07 -1.762596580e-02 2.019871800e-07 5.078776660e-08 -6.392563610e-05 -1.163768220e-08
9.499037000e-02 2.802877850e-06 -1.545820500e-02 -6.320747820e-07 2.751010520e-06 -1.539381150e-02 -6.201726770e-07 5.186732580e-08 -6.439342670e-05 -1.190210540e-08
9.549056000e-02 -3.126554330e-06 -4.098525460e-03 5.387295060e-07 -3.177150340e-06 -4.034918280e-03 5.505764350e-07 5.059600840e-08 -6.360717240e-05 -1.184692930e-08
9.599074000e-02 8.510436980e-07 -6.743239740e-03 -2.245299280e-07 8.002963880e-07 -6.679982280e-03 -2.124713330e-07 5.074731000e-08 -6.325745790e-05 -1.205859540e-08
9.649092000e-02 9.035240610e-07 -1.717937230e-02 -6.692555740e-08 8.524631810e-07 -1.711526850e-02 -5.464357710e-08 5.106088030e-08 -6.410382400e-05 -1.228198030e-08
9.699110000e-02 1.300167060e-06 -1.549034040e-02 -6.291503720e-08 1.248526380e-06 -1.542574470e-02 -5.042831470e-08 5.164068510e-08 -6.459569370e-05 -1.248672250e-08
9.749128000e-02 1.796199270e-06 -5.723419420e-03 1.422165620e-07 1.743825160e-06 -5.659468220e-03 1.548867970e-07 5.237410910e-08 -6.395120220e-05 -1.267023430e-08
9.799146000e-02 -1.586553680e-06 -5.746308360e-03 -4.412146310e-07 -1.638194460e-06 -5.682800450e-03 -4.283817960e-07 5.164077570e-08 -6.350790980e-05 -1.283283450e-08
9.849165000e-02 -2.328586010e-06 -1.237841910e-02 3.716837480e-07 -2.379212690e-06 -1.231472810e-02 3.845108200e-07 5.062668530e-08 -6.369097000e-05 -1.282707180e-08
9.899183000e-02 8.460954150e-06 -1.344525350e-02 -1.270870880e-06 8.406861430e-06 -1.338141620e-02 -1.257485250e-06 5.409271800e-08 -6.383731760e-05 -1.338563010e-08
9.949201000e-02 -6.699871080e-06 -1.068604410e-02 1.251276850e-06 -6.751060520e-06 -1.062224670e-02 1.264382530e-06 5.118944420e-08 -6.379739620e-05 -1.310567740e-08
9.998108000e-02 -2.421824230e-06 -1.058124840e-02 2.476751680e-07 -2.472076120e-06 -1.051744480e-02 2.607546360e-07 5.025188750e-08 -6.380357010e-05 -1.307946880e-08
1.004701000e-01 4.795856460e-07 -1.170683610e-02 1.074890040e-06 4.291834810e-07 -1.164286030e-02 1.088000420e-06 5.040216470e-08 -6.397575920e-05 -1.311037840e-08
1.009592000e-01 -1.125764350e-05 -1.196757310e-02 6.823245190e-07 -1.130345760e-05 -1.190341430e-02 6.950017840e-07 4.581413760e-08 -6.415880170e-05 -1.267726580e-08
1.014483000e-01 9.476913820e-06 -1.195207040e-02 -2.476091370e-06 9.427129220e-06 -1.188788420e-02 -2.462611030e-06 4.978460410e-08 -6.418622320e-05 -1.348034010e-08
1.019373000e-01 3.248081140e-06 -1.032647180e-02 -1.201976620e-06 3.197031280e-06 -1.026233390e-02 -1.188104180e-06 5.104985930e-08 -6.413788040e-05 -1.387243670e-08
1.024264000e-01 3.545565990e-06 -1.316005950e-02 7.517337280e-07 3.493093880e-06 -1.309582340e-02 7.658091010e-07 5.247211320e-08 -6.423606970e-05 -1.407537340e-08
1.029155000e-01 4.600714310e-07 -1.394692470e-02 -1.340734580e-06 4.073662660e-07 -1.388256950e-02 -1.326345090e-06 5.270516560e-08 -6.435512630e-05 -1.438949190e-08
1.034045000e-01 1.770253300e-06 -1.208875670e-02 -5.840727700e-07 1.716770960e-06 -1.202425230e-02 -5.694202540e-07 5.348233740e-08 -6.450438320e-05 -1.465251600e-08
1.038936000e-01 -2.089081710e-08 -9.985527200e-03 -1.403958180e-07 -7.450971480e-08 -9.920827790e-03 -1.255859320e-07 5.361889770e-08 -6.469940770e-05 -1.480988620e-08
1.043827000e-01 -1.151910420e-06 -9.725106300e-03 4.452854000e-07 -1.205102890e-06 -9.660699140e-03 4.601013790e-07 5.319247050e-08 -6.440716500e-05 -1.481597900e-08
1.048717000e-01 4.485423370e-06 -1.007353490e-02 -1.591585070e-06 4.430657010e-06 -1.000957620e-02 -1.576379530e-06 5.476635980e-08 -6.395860560e-05 -1.520553730e-08
1.053608000e-01 -1.250543900e-06 -1.140613260e-02 4.700587780e-07 -1.305112530e-06 -1.134216550e-02 4.853036190e-07 5.456863380e-08 -6.396703340e-05 -1.524484130e-08
1.058499000e-01 5.012298640e-06 -1.118130300e-02 -1.891130190e-06 4.955756910e-06 -1.111733060e-02 -1.875355140e-06 5.654172770e-08 -6.397240770e-05 -1.577504720e-08
1.063389000e-01 3.977060430e-06 -1.341002300e-02 6.088844030e-07 3.918529120e-06 -1.334561970e-02 6.249305980e-07 5.853131100e-08 -6.440322910e-05 -1.604619450e-08
1.068280000e-01 -3.219568530e-06 -1.809242950e-02 -2.023782460e-07 -3.276895090e-06 -1.802696250e-02 -1.862763810e-07 5.732655870e-08 -6.546701110e-05 -1.610186490e-08
1.073171000e-01 1.078863310e-06 -1.158520940e-02 -1.618276880e-07 1.020827590e-06 -1.151975760e-02 -1.454827460e-07 5.803571940e-08 -6.545172280e-05 -1.634494230e-08
1.078061000e-01 4.222687520e-06 -6.824529180e-03 -3.390678440e-07 4.162684390e-06 -6.759933680e-03 -3.222595870e-07 6.000312920e-08 -6.459549690e-05 -1.680825720e-08
1.082952000e-01 -5.923941280e-07 -9.741801360e-03 -3.328114240e-08 -6.520838140e-07 -9.677298120e-03 -1.636158500e-08 5.968968620e-08 -6.450324300e-05 -1.691955740e-08
1.087843000e-01 -3.642604190e-07 -1.432412680e-02 -7.370792200e-07 -4.237614480e-07 -1.425902730e-02 -7.199325040e-07 5.950102820e-08 -6.509950610e-05 -1.714671630e-08
1.092733000e-01 2.023345610e-06 -1.223304810e-02 4.402487140e-07 1.962908980e-06 -1.216792960e-02 4.575416690e-07 6.043662690e-08 -6.511853430e-05 -1.729295490e-08
1.097624000e-01 -3.135874070e-07 -8.900728780e-03 1.685245680e-07 -3.741078280e-07 -8.836420840e-03 1.858353110e-07 6.052042180e-08 -6.430793740e-05 -1.731074320e-08
1.102515000e-01 -2.256978350e-08 -1.151254730e-02 -2.059516170e-07 -8.307725200e-08 -1.144832080e-02 -1.885619890e-07 6.050746860e-08 -6.422642910e-05 -1.738962840e-08
1.107405000e-01 -4.567322040e-07 -1.792720340e-02 -5.598087460e-07 -5.170324310e-07 -1.786181670e-02 -5.423706230e-07 6.030022700e-08 -6.538669330e-05 -1.743812350e-08
1.112296000e-01 -7.734590750e-07 -1.513217050e-02 -7.706782300e-07 -8.334275350e-07 -1.506633090e-02 -7.532786920e-07 5.996845990e-08 -6.583954230e-05 -1.739953790e-08
1.116964000e-01 1.130671660e-05 -7.493892000e-03 -2.335888610e-06 1.124267820e-05 -7.428808010e-03 -2.317938540e-06 6.403842890e-08 -6.508398940e-05 -1.795007400e-08
1.121866000e-01 -4.227702810e-06 -8.976726730e-03 2.810029030e-07 -4.289980090e-06 -8.911964650e-03 2.986046770e-07 6.227727950e-08 -6.476208090e-05 -1.760177470e-08
1.126768000e-01 1.292524330e-05 -1.487515660e-02 -3.347370570e-06 1.285809260e-05 -1.480992240e-02 -3.328944300e-06 6.715068590e-08 -6.523418920e-05 -1.842626920e-08
1.131670000e-01 -1.477763290e-05 -1.255974050e-02 2.747156850e-06 -1.483790470e-05 -1.249426770e-02 2.764178110e-06 6.027180500e-08 -6.547275310e-05 -1.702125490e-08
1.136572000e-01 5.749886170e-06 -1.158451760e-02 -1.142815320e-06 5.688070750e-06 -1.151898910e-02 -1.125588910e-06 6.181542020e-08 -6.552847930e-05 -1.722641660e-08
1.141473000e-01 2.381782820e-06 -1.196493430e-02 -8.977287230e-07 2.319898800e-06 -1.189929290e-02 -8.805256900e-07 6.188402010e-08 -6.564134440e-05 -1.720303320e-08
1.146375000e-01 3.036216030e-06 -9.727306360e-03 -7.786601950e-07 2.973943650e-06 -9.662101300e-03 -7.614453260e-07 6.227238690e-08 -6.520506100e-05 -1.721486930e-08
1.151277000e-01 2.462269370e-06 -1.008890660e-02 -6.037610160e-07 2.399867270e-06 -1.002411190e-02 -5.866185760e-07 6.240210610e-08 -6.479471960e-05 -1.714244070e-08
1.156179000e-01 8.775190450e-06 -1.487825580e-02 3.647504500e-06 8.709668930e-06 -1.481285070e-02 3.664780680e-06 6.552152570e-08 -6.540513240e-05 -1.727617280e-08
1.161080000e-01 -3.405498650e-06 -1.562754620e-02 -4.176154680e-06 -3.468077710e-06 -1.556144840e-02 -4.159194140e-06 6.257906200e-08 -6.609780370e-05 -1.696053990e-08
1.165982000e-01 2.017834600e-06 -1.061204740e-02 -5.771791000e-07 1.955427420e-06 -1.054618600e-02 -5.603442660e-07 6.240718440e-08 -6.586137410e-05 -1.683483390e-08
1.170884000e-01 -8.552376250e-08 -9.323936960e-03 -2.229795330e-06 -1.465219900e-07 -9.258414400e-03 -2.213118370e-06 6.099822750e-08 -6.552255610e-05 -1.667695870e-08
1.175786000e-01 6.046768920e-06 -1.249752870e-02 8.750090180e-07 5.984095020e-06 -1.243184830e-02 8.917008090e-07 6.267390770e-08 -6.568042110e-05 -1.669179080e-08
1.180688000e-01 1.198920640e-05 -1.487573130e-02 -2.178956580e-06 1.192247580e-05 -1.480970540e-02 -2.161661380e-06 6.673062020e-08 -6.602598600e-05 -1.729519840e-08
1.185589000e-01 -7.015490160e-06 -1.225723640e-02 4.668672170e-06 -7.078712960e-06 -1.219138190e-02 4.684757600e-06 6.322279910e-08 -6.585453020e-05 -1.608542510e-08
1.190491000e-01 1.015964110e-05 -9.822271630e-03 -8.438640470e-06 1.009380120e-05 -9.756854500e-03 -8.421478220e-06 6.583985270e-08 -6.541713530e-05 -1.716224400e-08
1.195393000e-01 -1.001637630e-05 -1.248159690e-02 8.788196070e-06 -1.007789710e-05 -1.241610700e-02 8.803721980e-06 6.152077530e-08 -6.548990770e-05 -1.552590510e-08
1.200295000e-01 1.740290460e-05 -1.268296070e-02 -1.144103500e-05 1.733645050e-05 -1.261731510e-02 -1.142401870e-05 6.645415140e-08 -6.564562330e-05 -1.701631520e-08
1.205196000e-01 2.656907690e-06 -1.335273960e-02 -6.827014140e-07 2.590469900e-06 -1.328688550e-02 -6.658581240e-07 6.643779530e-08 -6.585414310e-05 -1.684329080e-08
1.210098000e-01 5.361835700e-06 -1.461913090e-02 -1.718633940e-06 5.294271230e-06 -1.455282820e-02 -1.701742180e-06 6.756446370e-08 -6.630268540e-05 -1.689175790e-08
1.215000000e-01 -4.225027590e-06 -1.388264030e-02 -1.945154130e-06 -4.289892640e-06 -1.381621970e-02 -1.928744700e-06 6.486505690e-08 -6.642051110e-05 -1.640943360e-08
1.219655000e-01 8.700351150e-06 -1.348629970e-02 -3.065769000e-07 8.632810340e-06 -1.342007060e-02 -2.900615970e-07 6.754080680e-08 -6.622917950e-05 -1.651530340e-08
1.224310000e-01 6.051468020e-06 -1.464913120e-02 8.981427780e-07 5.982217100e-06 -1.458275040e-02 9.146316870e-07 6.925092620e-08 -6.638079330e-05 -1.648890930e-08
1.228966000e-01 3.060617600e-06 -1.627926670e-02 -2.439884890e-06 2.991273250e-06 -1.621236420e-02 -2.423439630e-06 6.934434580e-08 -6.690255450e-05 -1.644525780e-08
1.233621000e-01 3.473004910e-06 -1.283514860e-02 -2.749117550e-07 3.403175850e-06 -1.276816680e-02 -2.585726530e-07 6.982905980e-08 -6.698177730e-05 -1.633910250e-08
1.238276000e-01 6.344790850e-06 -7.834991920e-03 -1.785137220e-07 6.273501990e-06 -7.768571120e-03 -1.621780280e-07 7.128885450e-08 -6.642080390e-05 -1.633569440e-08
1.242931000e-01 -6.856114350e-06 -1.052393990e-02 1.043447300e-06 -6.923849100e-06 -1.045776390e-02 1.058855260e-06 6.773474660e-08 -6.617591840e-05 -1.540796430e-08
1.247586000e-01 4.313691070e-06 -1.399894430e-02 1.723282590e-06 4.245024730e-06 -1.393252800e-02 1.738518170e-06 6.866634510e-08 -6.641625990e-05 -1.523558090e-08
1.252241000e-01 8.903913500e-07 -1.464842870e-02 -1.772475890e-06 8.226481380e-07 -1.458178350e-02 -1.757467130e-06 6.774321200e-08 -6.664516480e-05 -1.500875660e-08
1.256897000e-01 5.940693680e-06 -1.012027290e-02 -1.261218120e-07 5.871671500e-06 -1.005397490e-02 -1.111453730e-07 6.902218590e-08 -6.629804650e-05 -1.497643950e-08
1.261552000e-01 1.002033620e-06 -8.752919040e-03 -8.318140120e-07 9.334390940e-07 -8.687109480e-03 -8.170633370e-07 6.859452190e-08 -6.580955520e-05 -1.475067520e-08
1.266207000e-01 -1.815530760e-06 -1.272303500e-02 -5.774589540e-07 -1.882485450e-06 -1.265705000e-02 -5.631447930e-07 6.695469460e-08 -6.598495980e-05 -1.431416100e-08
1.270862000e-01 5.924053390e-06 -1.609276700e-02 -1.472528640e-06 5.855935440e-06 -1.602615950e-02 -1.458099640e-06 6.811795430e-08 -6.660742340e-05 -1.442900130e-08
1.275517000e-01 -1.467834470e-05 -1.396154850e-02 9.792916970e-06 -1.474079660e-05 -1.389480470e-02 9.805448490e-06 6.245188670e-08 -6.674377110e-05 -1.253151300e-08
1.280172000e-01 2.077018010e-05 -1.371936210e-02 -1.196385780e-05 2.070189970e-05 -1.365274500e-02 -1.194968590e-05 6.828033940e-08 -6.661711940e-05 -1.417193470e-08
1.284828000e-01 2.759736270e-06 -1.324402660e-02 -1.094626750e-06 2.691359280e-06 -1.317744810e-02 -1.080569560e-06 6.837699810e-08 -6.657847770e-05 -1.405718980e-08
1.289483000e-01 1.377476640e-06 -1.047984360e-02 -9.732273520e-07 1.309583710e-06 -1.041351230e-02 -9.593939570e-07 6.789292950e-08 -6.633127850e-05 -1.383339510e-08
1.294138000e-01 6.372182810e-06 -1.273193200e-02 -2.649738320e-07 6.302917580e-06 -1.266560310e-02 -2.511360230e-07 6.926523280e-08 -6.632895170e-05 -1.383780930e-08
1.298793000e-01 9.790094510e-06 -1.714316090e-02 -4.951308910e-07 9.718151310e-06 -1.707603310e-02 -4.810660340e-07 7.194320050e-08 -6.712778880e-05 -1.406485630e-08
1.303382000e-01 5.241391850e-06 -1.617154440e-02 -1.194516780e-06 5.168651180e-06 -1.610386920e-02 -1.180445770e-06 7.274066510e-08 -6.767518630e-05 -1.407100830e-08
1.307970000e-01 8.722297210e-06 -8.902109700e-03 -4.852274060e-07 8.647376670e-06 -8.835274930e-03 -4.710372850e-07 7.492054730e-08 -6.683477220e-05 -1.419012130e-08
1.312559000e-01 -4.184717120e-06 -7.832031820e-03 -1.268135060e-06 -4.256695190e-06 -7.766108380e-03 -1.254530860e-06 7.197806680e-08 -6.592344530e-05 -1.360420040e-08
1.317217000e-01 -2.446322320e-07 -1.724978740e-02 -4.809352130e-07 -3.151448300e-07 -1.718325490e-02 -4.677644190e-07 7.051259790e-08 -6.653253180e-05 -1.317079460e-08
1.321805000e-01 3.494691530e-06 -1.817328070e-02 -1.833076900e-06 3.424405530e-06 -1.810583560e-02 -1.820036540e-06 7.028599770e-08 -6.744501990e-05 -1.304036010e-08
1.326393000e-01 -1.407163150e-06 -1.286384280e-02 7.679531920e-07 -1.475381170e-06 -1.279648360e-02 7.802090530e-07 6.821802610e-08 -6.735919460e-05 -1.225586180e-08
1.330980000e-01 5.672084620e-06 -1.131881150e-02 -2.210692070e-06 5.603424980e-06 -1.125182570e-02 -2.198409570e-06 6.865964400e-08 -6.698574450e-05 -1.228250300e-08
1.335568000e-01 6.992365710e-06 -1.316590910e-02 -2.025051040e-06 6.922829470e-06 -1.309912410e-02 -2.012680770e-06 6.953623450e-08 -6.678502250e-05 -1.237027600e-08
1.340155000e-01 2.040580440e-06 -9.251427750e-03 -2.150272430e-06 1.972271790e-06 -9.185091180e-03 -2.138151820e-06 6.830865070e-08 -6.633657400e-05 -1.212061470e-08
1.344743000e-01 7.169698580e-06 -1.115915180e-02 -2.037439510e-06 7.100715310e-06 -1.109288490e-02 -2.025364840e-06 6.898327250e-08 -6.626682860e-05 -1.207466950e-08
1.349331000e-01 1.448247770e-06 -1.932687500e-02 -2.298687930e-06 1.380508790e-06 -1.925951970e-02 -2.286862360e-06 6.773897970e-08 -6.735529770e-05 -1.182557900e-08
1.353918000e-01 1.798700150e-06 -2.005403090e-02 1.086113300e-07 1.731822210e-06 -1.998581410e-02 1.199575220e-07 6.687794070e-08 -6.821684060e-05 -1.134619180e-08
1.358506000e-01 2.327629360e-06 -8.000777710e-03 -1.911721650e-06 2.261344230e-06 -7.933579760e-03 -1.900613830e-06 6.628513550e-08 -6.719794480e-05 -1.110782860e-08
1.363093000e-01 7.960822310e-06 -5.023093930e-03 5.294609320e-06 7.892540060e-06 -4.957197760e-03 5.305368980e-06 6.828224430e-08 -6.589616840e-05 -1.075966370e-08
1.367765000e-01 4.487140660e-06 -1.801332350e-02 -7.992321770e-06 4.419750530e-06 -1.794686350e-02 -7.981444480e-06 6.739012980e-08 -6.645998630e-05 -1.087729700e-08
1.372351000e-01 4.817663300e-07 -2.259606040e-02 -1.643695950e-06 4.155141250e-07 -2.252853240e-02 -1.633244690e-06 6.625220460e-08 -6.752795450e-05 -1.045126350e-08
1.376937000e-01 5.881626300e-06 -1.387155970e-02 -8.917251000e-07 5.814551280e-06 -1.380402340e-02 -8.814334540e-07 6.707502240e-08 -6.753638040e-05 -1.029164640e-08
1.381523000e-01 -8.911616570e-07 -3.797988070e-03 -6.788416440e-07 -9.560799050e-07 -3.731084230e-03 -6.691998640e-07 6.491824800e-08 -6.690384010e-05 -9.641779230e-09
1.386109000e-01 3.941802450e-06 -1.172377290e-02 -2.085179850e-06 3.877505320e-06 -1.165690430e-02 -2.075721420e-06 6.429713160e-08 -6.686856100e-05 -9.458429390e-09
1.390695000e-01 2.279089970e-06 -1.914788290e-02 8.471824720e-08 2.215677030e-06 -1.908069200e-02 9.374927040e-08 6.341294250e-08 -6.719094290e-05 -9.031023230e-09
1.395281000e-01 2.505444230e-06 -1.527226260e-02 -1.380542070e-06 2.442870320e-06 -1.520511590e-02 -1.371813610e-06 6.257391940e-08 -6.714669070e-05 -8.728457540e-09
1.399867000e-01 1.754829070e-06 -1.036689650e-02 -2.120756490e-06 1.693345220e-06 -1.030015600e-02 -2.112275090e-06 6.148385520e-08 -6.674042660e-05 -8.481390840e-09
1.404453000e-01 4.953345230e-06 -1.050305190e-02 -1.219220900e-06 4.891800660e-06 -1.043660850e-02 -1.210851080e-06 6.154457330e-08 -6.644339520e-05 -8.369826460e-09
1.409039000e-01 -5.639538540e-06 -1.598708540e-02 4.677637650e-06 -5.697739250e-06 -1.592020320e-02 4.684734260e-06 5.820071310e-08 -6.688222750e-05 -7.096606830e-09
1.413626000e-01 1.371983070e-05 -1.710817130e-02 -1.111668350e-07 1.365826020e-05 -1.704073000e-02 -1.036775850e-07 6.157049300e-08 -6.744132280e-05 -7.489249950e-09
1.418212000e-01 -3.949211960e-06 -1.320390230e-02 -4.077475860e-06 -4.007313170e-06 -1.313672000e-02 -4.070489150e-06 5.810121050e-08 -6.718235010e-05 -6.986710510e-09
1.422798000e-01 1.667762740e-05 -8.507160790e-03 -5.793148290e-06 1.661524470e-05 -8.440789920e-03 -5.785066380e-06 6.238273370e-08 -6.637087190e-05 -8.081907610e-09
1.427384000e-01 -5.581387490e-06 -1.298218010e-02 5.125676120e-06 -5.640257500e-06 -1.291576370e-02 5.132260190e-06 5.887000840e-08 -6.641638790e-05 -6.584068840e-09
1.431970000e-01 1.277066130e-05 -1.760557470e-02 -7.100070000e-06 1.270898010e-05 -1.753839400e-02 -7.092359810e-06 6.168117260e-08 -6.718074970e-05 -7.710187380e-09
1.436556000e-01 6.757559700e-06 -1.458308230e-02 -2.849980920e-06 6.695253590e-06 -1.451582570e-02 -2.842100530e-06 6.230610530e-08 -6.725662320e-05 -7.880389590e-09
1.441142000e-01 7.476590370e-07 -1.064811760e-02 -5.414980570e-07 6.867071910e-07 -1.058155550e-02 -5.341068110e-07 6.095184570e-08 -6.656213420e-05 -7.391245360e-09
1.445728000e-01 7.600033590e-06 -1.236353830e-02 -1.554143900e-06 7.537998730e-06 -1.229728420e-02 -1.546604110e-06 6.203485950e-08 -6.625404490e-05 -7.539786660e-09
1.450314000e-01 1.348880440e-06 -1.597801050e-02 -1.079113100e-06 1.288071900e-06 -1.591146280e-02 -1.071886090e-06 6.080853830e-08 -6.654767640e-05 -7.227011540e-09
1.454900000e-01 -2.159771200e-07 -1.571771620e-02 -5.595780860e-07 -2.750831910e-07 -1.565099700e-02 -5.528407140e-07 5.910607140e-08 -6.671915110e-05 -6.737372330e-09
1.459487000e-01 -2.055143540e-07 -1.388860700e-02 8.015609020e-07 -2.629619000e-07 -1.382179620e-02 8.076617760e-07 5.744754660e-08 -6.681079640e-05 -6.100873350e-09
1.464073000e-01 9.395991990e-06 -1.203230370e-02 -3.276369470e-06 9.336637890e-06 -1.196544720e-02 -3.269742530e-06 5.935409940e-08 -6.685650150e-05 -6.626946940e-09
1.468659000e-01 4.156406160e-06 -1.099448980e-02 -1.525970100e-06 4.097251940e-06 -1.092779290e-02 -1.519387650e-06 5.915421390e-08 -6.669693980e-05 -6.582454410e-09
1.473245000e-01 6.443431870e-06 -1.241107960e-02 -6.605138990e-07 6.383623710e-06 -1.234445170e-02 -6.538453820e-07 5.980816390e-08 -6.662786500e-05 -6.668517340e-09
1.477831000e-01 6.911916590e-06 -1.481824850e-02 -3.086195180e-06 6.851404880e-06 -1.475159310e-02 -3.079137920e-06 6.051171180e-08 -6.665546650e-05 -7.057255800e-09
1.482417000e-01 1.337763110e-05 -1.571973010e-02 -9.323314530e-06 1.331453900e-05 -1.565300910e-02 -9.314611830e-06 6.309214460e-08 -6.672100730e-05 -8.702692780e-09
1.486855000e-01 -7.498335010e-06 -1.270634460e-02 4.504731520e-06 -7.557525980e-06 -1.263973360e-02 4.511955450e-06 5.919097660e-08 -6.661105240e-05 -7.223922500e-09
1.491293000e-01 7.277584810e-06 -1.311977680e-02 1.623581170e-06 7.217308620e-06 -1.305337900e-02 1.630869880e-06 6.027618310e-08 -6.639785850e-05 -7.288708920e-09
1.495731000e-01 -5.101406340e-06 -1.255546230e-02 -2.123402230e-06 -5.158393120e-06 -1.248927860e-02 -2.116675270e-06 5.698677950e-08 -6.618371990e-05 -6.726960400e-09
1.500170000e-01 3.921061130e-07 -1.188716470e-02 -7.702462720e-07 3.364694280e-07 -1.182136860e-02 -7.637755070e-07 5.563668530e-08 -6.579605890e-05 -6.470765250e-09
1.504608000e-01 6.463237150e-07 -9.678134940e-03 -1.419176370e-06 5.920198190e-07 -9.612979480e-03 -1.412899000e-06 5.430389590e-08 -6.515545840e-05 -6.277377630e-09
1.509046000e-01 1.872780860e-06 -1.728603960e-02 -1.598635310e-06 1.819338500e-06 -1.722030580e-02 -1.592399660e-06 5.344235990e-08 -6.573383210e-05 -6.235647240e-09
1.513484000e-01 -2.676516750e-06 -2.332084900e-02 7.025681920e-07 -2.727636670e-06 -2.325373130e-02 7.082185550e-07 5.111992790e-08 -6.711776930e-05 -5.650362750e-09
1.517922000e-01 4.867523540e-06 -1.501509940e-02 -2.329802390e-06 4.816379380e-06 -1.494797070e-02 -2.323921170e-06 5.114415550e-08 -6.712869980e-05 -5.881216120e-09
1.522360000e-01 4.482059520e-06 -2.160006740e-03 -1.904209940e-06 4.430826440e-06 -2.094171230e-03 -1.898067840e-06 5.123308070e-08 -6.583551140e-05 -6.142097640e-09
1.526799000e-01 6.288460810e-06 -7.807825580e-03 -2.758904460e-06 6.236628970e-06 -7.742458750e-03 -2.752241080e-06 5.183184220e-08 -6.536682840e-05 -6.663386310e-09
1.531237000e-01 6.056600160e-06 -1.717417180e-02 -2.281870790e-06 6.004207010e-06 -1.710856480e-02 -2.274783280e-06 5.239315020e-08 -6.560704650e-05 -7.087511610e-09
1.535675000e-01 8.909212250e-07 -1.755640630e-02 1.752857770e-07 8.396473770e-07 -1.749071100e-02 1.821584360e-07 5.127384830e-08 -6.569533750e-05 -6.872659140e-09
1.540113000e-01 6.667262760e-07 -1.498391430e-02 -5.318168330e-07 6.166244420e-07 -1.491807010e-02 -5.251102580e-07 5.010183440e-08 -6.584414680e-05 -6.706574220e-09
1.544551000e-01 6.229429260e-06 -1.367225020e-02 -2.394210490e-06 6.178547560e-06 -1.360625020e-02 -2.387060420e-06 5.088170500e-08 -6.599991890e-05 -7.150070290e-09
1.548989000e-01 5.623040120e-06 -1.309800340e-02 -1.786997810e-06 5.571616110e-06 -1.303201710e-02 -1.779452590e-06 5.142400970e-08 -6.598631100e-05 -7.545224280e-09
1.553428000e-01 4.094343080e-06 -1.206984870e-02 -1.986197180e-06 4.042968390e-06 -1.200390700e-02 -1.978341730e-06 5.137468920e-08 -6.594165210e-05 -7.855446920e-09
1.557866000e-01 4.165358370e-06 -1.226900700e-02 -1.431707930e-06 4.113980900e-06 -1.220316930e-02 -1.423545310e-06 5.137747050e-08 -6.583772240e-05 -8.162617380e-09
1.562304000e-01 1.454878960e-05 -1.496467020e-02 -4.520812550e-06 1.449410440e-05 -1.489901010e-02 -4.511360270e-06 5.468520860e-08 -6.566017820e-05 -9.452279610e-09
1.566742000e-01 -2.594151810e-06 -1.633915120e-02 -5.414021790e-07 -2.646536610e-06 -1.627357230e-02 -5.323385470e-07 5.238479750e-08 -6.557891130e-05 -9.063632250e-09
1.571180000e-01 1.759008770e-05 -1.203639810e-02 -7.033725330e-06 1.753268920e-05 -1.197091330e-02 -7.022679570e-06 5.739845840e-08 -6.548471770e-05 -1.104576820e-08
1.575618000e-01 -9.707262310e-06 -1.113596820e-02 1.819487030e-06 -9.759365600e-06 -1.107058340e-02 1.829190600e-06 5.210328780e-08 -6.538472600e-05 -9.703566210e-09
1.580057000e-01 1.796224540e-06 -1.425391150e-02 -6.021071940e-07 1.744940390e-06 -1.418834820e-02 -5.923104420e-07 5.128415540e-08 -6.556327910e-05 -9.796751460e-09
1.584495000e-01 1.043911110e-05 -1.456971360e-02 -1.080217620e-06 1.038535620e-05 -1.450385400e-02 -1.069361700e-06 5.375495010e-08 -6.585965160e-05 -1.085592470e-08
1.588933000e-01 -9.264702480e-06 -1.293424860e-02 -4.444166770e-06 -9.313232150e-06 -1.286851100e-02 -4.433956840e-06 4.852967080e-08 -6.573764060e-05 -1.020993700e-08
1.593371000e-01 9.054755030e-06 -1.200640670e-02 -6.234935370e-06 9.004774360e-06 -1.194125420e-02 -6.223616350e-06 4.998067090e-08 -6.515249030e-05 -1.131901970e-08
1.597809000e-01 -6.039133770e-07 -1.342466000e-02 1.517823620e-06 -6.525006950e-07 -1.335978390e-02 1.528873280e-06 4.858731840e-08 -6.487611190e-05 -1.104966560e-08
1.602247000e-01 -2.181130870e-06 -1.444999650e-02 -2.005446680e-06 -2.227530930e-06 -1.438480290e-02 -1.994517380e-06 4.640006000e-08 -6.519358040e-05 -1.092930510e-08
1.606686000e-01 1.030456770e-05 -1.367848290e-02 -2.906161380e-06 1.025583470e-05 -1.361308610e-02 -2.894178520e-06 4.873299990e-08 -6.539682870e-05 -1.198286350e-08
1.611124000e-01 4.161637060e-06 -1.368943650e-02 -2.236042850e-06 4.112843250e-06 -1.362423030e-02 -2.223600600e-06 4.879381620e-08 -6.520621690e-05 -1.244225810e-08
1.615562000e-01 1.885573280e-05 -1.454294470e-02 -1.676870810e-05 1.880249050e-05 -1.447791060e-02 -1.675361680e-05 5.324225000e-08 -6.503407700e-05 -1.509127950e-08
1.620000000e-01 -1.030198520e-05 -1.375079760e-02 1.185281640e-05 -1.035089960e-05 -1.368580270e-02 1.186621660e-05 4.891440090e-08 -6.499491150e-05 -1.340017140e-08
1.624451000e-01 1.246776290e-05 -1.632625840e-02 -1.639788540e-06 1.241534560e-05 -1.626116200e-02 -1.625246010e-06 5.241729200e-08 -6.509639900e-05 -1.454252510e-08
1.628852000e-01 1.311074480e-05 -1.488846940e-02 -6.585229420e-06 1.305503210e-05 -1.482331220e-02 -6.569044880e-06 5.571273040e-08 -6.515715240e-05 -1.618454210e-08
1.633254000e-01 3.126049600e-06 -1.145047680e-02 -2.598438380e-06 3.070685000e-06 -1.138539050e-02 -2.581907600e-06 5.536460640e-08 -6.508633360e-05 -1.653078600e-08
1.637655000e-01 4.544003500e-06 -1.235536950e-02 -2.439285970e-06 4.488652680e-06 -1.229031220e-02 -2.422335360e-06 5.535081860e-08 -6.505729570e-05 -1.695061660e-08
1.642057000e-01 3.217457500e-06 -1.133429670e-02 -2.551863630e-06 3.162645300e-06 -1.126963960e-02 -2.534628740e-06 5.481219100e-08 -6.465700260e-05 -1.723488720e-08
1.646459000e-01 4.804237690e-06 -9.346734440e-03 -2.650654550e-06 4.749435030e-06 -9.282677210e-03 -2.632986230e-06 5.480266140e-08 -6.405723300e-05 -1.766831430e-08
1.650912000e-01 -2.496512620e-05 -1.425980820e-02 2.489298570e-05 -2.500941110e-05 -1.419565450e-02 2.490537960e-05 4.428484530e-08 -6.415368700e-05 -1.239388670e-08
1.655366000e-01 4.214752320e-05 -1.590395070e-02 -3.008499610e-05 4.208965520e-05 -1.583940400e-02 -3.006556060e-05 5.786799830e-08 -6.454660960e-05 -1.943553540e-08
1.659766000e-01 -7.410387050e-06 -1.486380120e-02 -3.553073440e-07 -7.463729560e-06 -1.479920430e-02 -3.368534670e-07 5.334251160e-08 -6.459681900e-05 -1.845387680e-08
1.664166000e-01 -2.378132760e-06 -1.440061140e-02 -5.215483090e-07 -2.428976480e-06 -1.433605810e-02 -5.035451160e-07 5.084372080e-08 -6.455329740e-05 -1.800319230e-08
1.668567000e-01 -1.129833590e-05 -1.447681400e-02 1.575056580e-05 -1.134384260e-05 -1.441226040e-02 1.576596840e-05 4.550667590e-08 -6.455360810e-05 -1.540256960e-08
1.672967000e-01 1.518031670e-05 -1.348563600e-02 -1.950078470e-05 1.513116240e-05 -1.342128960e-02 -1.948261210e-05 4.915428260e-08 -6.434647400e-05 -1.817265390e-08
1.677368000e-01 4.343561350e-06 -1.182253160e-02 -3.167516840e-06 4.294394340e-06 -1.175842370e-02 -3.148945600e-06 4.916701340e-08 -6.410790780e-05 -1.857123150e-08
1.681768000e-01 1.247406690e-06 -1.096492000e-02 -1.160842100e-06 1.199274520e-06 -1.090098080e-02 -1.142329530e-06 4.813217010e-08 -6.393918840e-05 -1.851256480e-08
1.686168000e-01 4.030621720e-06 -8.307197740e-03 -2.814498400e-06 3.982675090e-06 -8.243538780e-03 -2.795685520e-06 4.794662830e-08 -6.365896270e-05 -1.881288350e-08
1.690627000e-01 -8.204631080e-07 -1.420612710e-02 -1.889689130e-06 -8.664060820e-07 -1.414242900e-02 -1.871099670e-06 4.594297410e-08 -6.369808480e-05 -1.858945780e-08
1.695085000e-01 2.897537380e-06 -1.936556420e-02 -2.278977100e-06 2.852032130e-06 -1.930156460e-02 -2.260182490e-06 4.550525190e-08 -6.399954450e-05 -1.879460720e-08
1.699484000e-01 6.505102690e-06 -1.374721000e-02 -4.090993380e-06 6.458845880e-06 -1.368330170e-02 -4.071556850e-06 4.625681460e-08 -6.390832170e-05 -1.943652900e-08
1.703883000e-01 4.359496990e-07 -9.168704920e-03 -6.714669240e-07 3.907762990e-07 -9.105116620e-03 -6.521645440e-07 4.517340050e-08 -6.358829610e-05 -1.930237990e-08
1.708343000e-01 6.591569620e-06 -9.068826120e-03 -3.184710150e-06 6.545414000e-06 -9.005422860e-03 -3.164653890e-06 4.615561980e-08 -6.340325400e-05 -2.005625420e-08
1.712803000e-01 -6.138402920e-08 -1.766468120e-02 2.432135590e-07 -1.061070080e-07 -1.760091000e-02 2.630001970e-07 4.472297880e-08 -6.377116800e-05 -1.978663810e-08
1.717200000e-01 1.211557940e-05 -1.863360670e-02 -3.863785350e-06 1.206774820e-05 -1.856938390e-02 -3.842564560e-06 4.783121820e-08 -6.422282490e-05 -2.122079010e-08
1.721597000e-01 1.079851750e-05 -1.113040140e-02 -4.217897910e-06 1.074788970e-05 -1.106647990e-02 -4.195395040e-06 5.062772980e-08 -6.392145800e-05 -2.250286730e-08
1.725994000e-01 1.044416900e-05 -8.091710030e-03 -4.315524550e-06 1.039148410e-05 -8.028509920e-03 -4.291787680e-06 5.268495110e-08 -6.320010610e-05 -2.373687360e-08
1.730457000e-01 1.237909440e-05 -1.230542690e-02 -3.023653010e-06 1.232304060e-05 -1.224228260e-02 -2.998465170e-06 5.605385460e-08 -6.314428800e-05 -2.518784020e-08
1.734920000e-01 -8.885115390e-06 -1.580482900e-02 1.726384680e-06 -8.936101120e-06 -1.574123530e-02 1.750112620e-06 5.098573580e-08 -6.359375820e-05 -2.372794130e-08
1.739383000e-01 -4.562276340e-07 -1.561503910e-02 -3.764765140e-07 -5.055952510e-07 -1.555128280e-02 -3.530241620e-07 4.936761680e-08 -6.375637980e-05 -2.345235210e-08
1.743845000e-01 5.221347360e-06 -1.060047920e-02 -2.574316790e-06 5.171574920e-06 -1.053722500e-02 -2.550405550e-06 4.977244290e-08 -6.325418100e-05 -2.391124100e-08
1.748308000e-01 9.051015310e-06 -1.042559970e-02 -2.380499630e-06 8.999292930e-06 -1.036277430e-02 -2.355848670e-06 5.172238240e-08 -6.282545210e-05 -2.465095990e-08
1.752771000e-01 -1.884764190e-06 -1.344529740e-02 6.411196530e-07 -1.934237740e-06 -1.338230690e-02 6.650907360e-07 4.947355240e-08 -6.299054640e-05 -2.397108300e-08
1.757234000e-01 8.642870760e-06 -1.741290470e-02 -3.294046250e-06 8.591928200e-06 -1.734946170e-02 -3.269312670e-06 5.094256540e-08 -6.344298510e-05 -2.473357480e-08
1.761696000e-01 7.179730360e-06 -1.313645850e-02 -3.056719810e-06 7.127796840e-06 -1.307306930e-02 -3.031369110e-06 5.193351230e-08 -6.338925810e-05 -2.535069140e-08
1.766159000e-01 1.124679670e-05 -7.756178190e-03 -3.474243960e-06 1.119206530e-05 -7.693209720e-03 -3.447673380e-06 5.473132970e-08 -6.296847070e-05 -2.657057110e-08
1.770622000e-01 4.946561990e-06 -1.210511370e-02 -1.025901860e-06 4.891547360e-06 -1.204220430e-02 -9.990558390e-07 5.501462300e-08 -6.290933840e-05 -2.684602270e-08
1.775085000e-01 3.996185180e-06 -1.815219070e-02 -1.291403140e-06 3.941215850e-06 -1.808901500e-02 -1.264341620e-06 5.496932120e-08 -6.317571670e-05 -2.706151560e-08
1.779547000e-01 -1.236301310e-06 -1.537123490e-02 2.906485860e-06 -1.289086870e-06 -1.530808320e-02 2.932566890e-06 5.278556010e-08 -6.315171540e-05 -2.608103120e-08
1.784010000e-01 2.426012420e-05 -6.152831330e-03 -1.121006760e-05 2.419965780e-05 -6.090407080e-03 -1.118035390e-05 6.046634250e-08 -6.242425300e-05 -2.971365560e-08
1.788473000e-01 2.277650880e-06 -5.013567810e-03 -2.022955000e-06 2.217851020e-06 -4.951834640e-03 -1.993087540e-06 5.979985580e-08 -6.173317010e-05 -2.986746420e-08
1.792936000e-01 -5.655036820e-06 -1.626546360e-02 3.496926020e-06 -5.711361070e-06 -1.620332250e-02 3.525442540e-06 5.632424910e-08 -6.214118270e-05 -2.851652070e-08
1.797399000e-01 -9.586870570e-06 -2.236170720e-02 7.485733210e-07 -9.638319130e-06 -2.229874000e-02 7.756059060e-07 5.144856600e-08 -6.296720170e-05 -2.703258520e-08
1.801861000e-01 6.977177820e-06 -1.546391650e-02 -2.499739630e-06 6.924366520e-06 -1.540099510e-02 -2.472006210e-06 5.281129750e-08 -6.292147790e-05 -2.773341540e-08
1.806324000e-01 -6.871896290e-06 -7.571618780e-03 -7.111237870e-07 -6.920755130e-06 -7.509480370e-03 -6.845311350e-07 4.885884650e-08 -6.213840680e-05 -2.659265200e-08
1.810787000e-01 -2.869229540e-06 -1.064066360e-02 2.311321120e-06 -2.915825720e-06 -1.057874550e-02 2.337090160e-06 4.659618100e-08 -6.191805300e-05 -2.576904180e-08
1.815250000e-01 1.825140410e-05 -1.156615900e-02 -7.073979500e-06 1.819928810e-05 -1.150405960e-02 -7.045761340e-06 5.211601880e-08 -6.209946600e-05 -2.821816410e-08
1.819712000e-01 -2.379640300e-05 -1.176605590e-02 1.075454260e-05 -2.383826970e-05 -1.170387790e-02 1.077832990e-05 4.186663790e-08 -6.217798600e-05 -2.378729900e-08
1.824175000e-01 4.020309400e-06 -1.425782230e-02 -2.870862230e-06 3.978494380e-06 -1.419575320e-02 -2.846662680e-06 4.181502020e-08 -6.206907200e-05 -2.419955550e-08
1.828638000e-01 5.074857820e-06 -1.482833090e-02 -2.520864260e-06 5.032830850e-06 -1.476644260e-02 -2.496335890e-06 4.202696730e-08 -6.188837810e-05 -2.452836890e-08
1.833101000e-01 -2.224884560e-06 -1.394300910e-02 -3.545086450e-07 -2.264968330e-06 -1.388107390e-02 -3.305668940e-07 4.008376740e-08 -6.193514400e-05 -2.394175090e-08
1.837564000e-01 -9.677352330e-09 -1.211730230e-02 -3.859001830e-07 -4.844893900e-08 -1.205513140e-02 -3.623786560e-07 3.877158670e-08 -6.217092520e-05 -2.352152690e-08
1.842026000e-01 -7.868894960e-07 -1.296443920e-02 -1.718291160e-07 -8.239850530e-07 -1.290225690e-02 -1.488546710e-07 3.709555680e-08 -6.218229690e-05 -2.297444530e-08
1.846489000e-01 4.024989320e-06 -1.559495030e-02 -3.691019940e-06 3.987791300e-06 -1.553291440e-02 -3.667645150e-06 3.719802070e-08 -6.203591940e-05 -2.337478610e-08
1.850952000e-01 6.941972690e-07 -1.323425720e-02 -8.912739620e-07 6.579732920e-07 -1.317234660e-02 -8.681567540e-07 3.622397710e-08 -6.191066920e-05 -2.311720810e-08
1.855415000e-01 3.354110580e-06 -1.232591990e-02 -1.469796380e-06 3.317936760e-06 -1.226409300e-02 -1.446596510e-06 3.617381970e-08 -6.182684470e-05 -2.319986970e-08
1.859877000e-01 -8.585464780e-08 -1.203860440e-02 4.727632500e-07 -1.207827500e-07 -1.197687470e-02 4.954513440e-07 3.492810240e-08 -6.172965810e-05 -2.268809370e-08
1.864340000e-01 1.810377360e-07 -9.238578070e-03 9.314312550e-07 1.473338250e-07 -9.177195640e-03 9.535723870e-07 3.370391100e-08 -6.138242980e-05 -2.214113160e-08
1.868803000e-01 4.054055660e-06 -9.741988120e-03 -2.038713610e-06 4.020332050e-06 -9.681095550e-03 -2.016378720e-06 3.372361530e-08 -6.089257020e-05 -2.233489130e-08
1.873397000e-01 1.444882390e-06 -1.173444130e-02 -2.740074430e-06 1.412130590e-06 -1.167334200e-02 -2.717737550e-06 3.275179620e-08 -6.109928110e-05 -2.233688840e-08
1.877991000e-01 1.329405870e-06 -1.456603770e-02 -2.407913940e-06 1.297651830e-06 -1.450414150e-02 -2.385716800e-06 3.175403840e-08 -6.189626500e-05 -2.219713560e-08
1.882446000e-01 2.865298460e-06 -1.391112910e-02 -3.730197230e-08 2.833844500e-06 -1.384912820e-02 -1.527464130e-08 3.145395180e-08 -6.200087510e-05 -2.202733110e-08
1.886901000e-01 1.488601520e-06 -1.279258840e-02 -1.935675400e-06 1.457958460e-06 -1.273097840e-02 -1.913796010e-06 3.064306570e-08 -6.160998390e-05 -2.187938870e-08
1.891355000e-01 1.346517940e-05 -1.328869070e-02 -5.591254370e-06 1.343125160e-05 -1.322723000e-02 -5.567840800e-06 3.392776200e-08 -6.146066850e-05 -2.341357070e-08
1.895810000e-01 -3.559848640e-06 -1.120484810e-02 8.799310880e-07 -3.591413050e-06 -1.114350590e-02 9.024203490e-07 3.156440950e-08 -6.134217840e-05 -2.248926130e-08
1.900265000e-01 5.137412790e-06 -1.088476130e-02 -2.450807800e-07 5.105090680e-06 -1.082354100e-02 -2.223355460e-07 3.232211830e-08 -6.122031140e-05 -2.274523350e-08
1.904885000e-01 -3.514577230e-07 -1.060219290e-02 7.943077690e-07 -3.825652520e-07 -1.054146770e-02 8.165328070e-07 3.110752940e-08 -6.072513360e-05 -2.222503820e-08
1.909505000e-01 3.770444220e-06 -9.798308060e-03 -4.899008240e-07 3.739191580e-06 -9.738344780e-03 -4.676225560e-07 3.125264150e-08 -5.996328310e-05 -2.227826740e-08
1.914125000e-01 -7.728287070e-06 -1.353431980e-02 4.653297970e-06 -7.755725530e-06 -1.347408580e-02 4.673752640e-06 2.743846680e-08 -6.023405150e-05 -2.045467090e-08
1.918744000e-01 1.292879140e-05 -1.599168670e-02 -3.322112510e-06 1.289733550e-05 -1.593052010e-02 -3.300034690e-06 3.145591950e-08 -6.116662740e-05 -2.207782760e-08
1.923364000e-01 1.588012310e-06 -1.291749430e-02 -7.479960020e-07 1.557050020e-06 -1.285640430e-02 -7.260707170e-07 3.096228410e-08 -6.108999630e-05 -2.192528460e-08
1.927984000e-01 3.538420520e-06 -8.689261590e-03 -1.068336800e-06 3.507280510e-06 -8.629196500e-03 -1.046266480e-06 3.114001130e-08 -6.006509350e-05 -2.207031660e-08
1.932604000e-01 5.252365360e-07 -1.102661940e-02 -2.785970830e-06 4.949217710e-07 -1.096674380e-02 -2.763905570e-06 3.031476520e-08 -5.987558980e-05 -2.206526330e-08
1.937224000e-01 6.524550560e-07 -1.564307420e-02 1.263284110e-06 6.228278260e-07 -1.558229890e-02 1.284961510e-06 2.962722970e-08 -6.077529430e-05 -2.167739610e-08
1.941843000e-01 4.177912860e-06 -1.361416890e-02 -9.295183010e-07 4.147716800e-06 -1.355304460e-02 -9.076228750e-07 3.019605900e-08 -6.112433380e-05 -2.189542540e-08
1.946463000e-01 5.072767100e-06 -8.188588890e-03 -3.056043820e-06 5.041897580e-06 -8.128274050e-03 -3.033571360e-06 3.086952700e-08 -6.031484200e-05 -2.247245200e-08
1.951083000e-01 4.616392620e-06 -8.510192710e-03 -2.743746510e-06 4.584795490e-06 -8.450559020e-03 -2.720656410e-06 3.159712630e-08 -5.963369410e-05 -2.309010300e-08
1.955703000e-01 3.001936680e-06 -1.284469410e-02 -1.574329890e-06 2.969971930e-06 -1.278480970e-02 -1.550841120e-06 3.196474630e-08 -5.988435850e-05 -2.348877440e-08
1.960323000e-01 5.417159040e-07 -1.635543660e-02 5.748157800e-07 5.103261930e-07 -1.629496910e-02 5.981142650e-07 3.138971100e-08 -6.046751410e-05 -2.329848460e-08
1.964942000e-01 5.608737500e-06 -1.079234830e-02 -3.027658610e-06 5.575951670e-06 -1.073208630e-02 -3.003494260e-06 3.278583440e-08 -6.026205610e-05 -2.416435040e-08
1.969562000e-01 6.679321600e-06 -7.703405510e-03 -6.216055150e-06 6.644889710e-06 -7.643691190e-03 -6.190643000e-06 3.443188610e-08 -5.971431870e-05 -2.541214500e-08
1.974182000e-01 -4.268032480e-07 -1.158981790e-02 -1.521627100e-06 -4.603341810e-07 -1.153016790e-02 -1.496351920e-06 3.353093350e-08 -5.964999840e-05 -2.527517890e-08
1.978802000e-01 9.919975540e-07 -1.643925900e-02 -1.650377400e-06 9.587840140e-07 -1.637931980e-02 -1.625025780e-06 3.321354030e-08 -5.993928960e-05 -2.535161450e-08
1.983422000e-01 3.580832730e-06 -1.292363030e-02 -3.604448550e-06 3.547023100e-06 -1.286371800e-02 -3.578558400e-06 3.380962150e-08 -5.991232830e-05 -2.589014650e-08
1.988042000e-01 -6.952171460e-06 -9.993403180e-03 2.072245120e-06 -6.982883480e-06 -9.933599150e-03 2.096614000e-06 3.071201980e-08 -5.980403100e-05 -2.436887230e-08
1.992661000e-01 3.842056370e-06 -1.270384990e-02 -3.432776550e-06 3.810810300e-06 -1.264397080e-02 -3.408000430e-06 3.124607540e-08 -5.987910730e-05 -2.477611930e-08
1.997281000e-01 -3.754596520e-06 -1.810680490e-02 3.437123010e-06 -3.784044620e-06 -1.804665140e-02 3.460848990e-06 2.944810150e-08 -6.015354730e-05 -2.372597470e-08
2.001901000e-01 -2.924418130e-07 -1.607060850e-02 5.783363740e-07 -3.212151320e-07 -1.601037710e-02 6.016109160e-07 2.877331860e-08 -6.023140070e-05 -2.327454250e-08
2.006521000e-01 1.730790870e-06 -8.302456640e-03 -1.040149720e-06 1.701978660e-06 -8.242624490e-03 -1.016915250e-06 2.881220670e-08 -5.983215230e-05 -2.323446720e-08
2.011141000e-01 2.597259120e-06 -6.782274370e-03 -1.393636040e-06 2.568180180e-06 -6.722853870e-03 -1.370289500e-06 2.907894000e-08 -5.942049500e-05 -2.334653660e-08
2.015760000e-01 -6.618525520e-06 -7.762652020e-03 3.724998910e-06 -6.644935680e-06 -7.703682000e-03 3.746927840e-06 2.641016770e-08 -5.897001430e-05 -2.192892610e-08
2.020380000e-01 -1.631190650e-06 -7.723012280e-03 1.535362140e-06 -1.656541670e-06 -7.664682390e-03 1.556625120e-06 2.535101980e-08 -5.832988440e-05 -2.126298200e-08
2.025000000e-01 2.683575370e-06 -1.227255030e-02 -2.269937750e-06 2.657724860e-06 -1.221395300e-02 -2.248394270e-06 2.585051640e-08 -5.859730670e-05 -2.154348010e-08
2.029709000e-01 -2.816355610e-06 -1.587339790e-02 1.379918770e-06 -2.840546300e-06 -1.581385310e-02 1.400525060e-06 2.419069700e-08 -5.954481440e-05 -2.060628200e-08
2.034419000e-01 1.591988280e-06 -1.128172480e-02 -6.362953390e-07 1.567807290e-06 -1.122223270e-02 -6.157213720e-07 2.418099560e-08 -5.949212400e-05 -2.057396650e-08
2.039128000e-01 5.811112530e-07 -4.716264900e-03 -1.169056690e-06 5.573937710e-07 -4.658004840e-03 -1.148686510e-06 2.371748190e-08 -5.826006460e-05 -2.037017710e-08
2.043837000e-01 4.547640760e-07 -1.163922360e-02 -5.520578390e-07 4.315043800e-07 -1.158140490e-02 -5.319549000e-07 2.325969640e-08 -5.781871260e-05 -2.010293950e-08
2.048547000e-01 6.669198730e-07 -1.422601010e-02 -1.335271740e-08 6.439340540e-07 -1.416820520e-02 6.481849500e-09 2.298581900e-08 -5.780487990e-05 -1.983456690e-08
2.053256000e-01 1.847531800e-06 -1.301975140e-02 -1.949849020e-06 1.824432220e-06 -1.296200870e-02 -1.930030100e-06 2.309957950e-08 -5.774274880e-05 -1.981891790e-08
2.057965000e-01 1.735226290e-06 -1.410876750e-02 -1.430903110e-06 1.711987840e-06 -1.405038700e-02 -1.411185360e-06 2.323845040e-08 -5.838059280e-05 -1.971774940e-08
2.062674000e-01 -1.054932070e-05 -1.318847500e-02 1.900311860e-05 -1.056824010e-05 -1.312958140e-02 1.901932810e-05 1.891944170e-08 -5.889357770e-05 -1.620955480e-08
2.067384000e-01 1.842705000e-06 -6.790112840e-03 -1.068277410e-05 1.823115790e-06 -6.731975670e-03 -1.066590200e-05 1.958921160e-08 -5.813716210e-05 -1.687210630e-08
2.072155000e-01 2.909283510e-05 -3.733537630e-03 -3.120556150e-05 2.906306140e-05 -3.676442930e-03 -3.118152580e-05 2.977370330e-08 -5.709469420e-05 -2.403570170e-08
2.076926000e-01 -1.990021960e-05 -1.277569850e-02 1.573037770e-05 -1.992171560e-05 -1.271852430e-02 1.574853470e-05 2.149599580e-08 -5.717424470e-05 -1.815698610e-08
2.081698000e-01 1.715780230e-05 -1.576699470e-02 -9.509962540e-06 1.712962190e-05 -1.570960180e-02 -9.488444840e-06 2.818041160e-08 -5.739288850e-05 -2.151770390e-08
2.086469000e-01 1.021008850e-05 -1.048667580e-02 -2.086909840e-06 1.017848660e-05 -1.042935600e-02 -2.064180730e-06 3.160193520e-08 -5.731978820e-05 -2.272910940e-08
2.091240000e-01 -2.976252810e-06 -8.319037650e-03 7.147523260e-07 -3.006500920e-06 -8.261785320e-03 7.365305920e-07 3.024810200e-08 -5.725232970e-05 -2.177826580e-08
2.096011000e-01 2.517738660e-06 -9.930348570e-03 -2.125602770e-06 2.486779480e-06 -9.873290850e-03 -2.103602190e-06 3.095917930e-08 -5.705772320e-05 -2.200057230e-08
2.100783000e-01 3.583372440e-06 -9.087303880e-03 -2.069976480e-06 3.551312870e-06 -9.030740340e-03 -2.047580850e-06 3.205956930e-08 -5.656353600e-05 -2.239563720e-08
2.105554000e-01 9.014263410e-06 -1.138181090e-02 -3.867319510e-06 8.979118340e-06 -1.132522480e-02 -3.843560850e-06 3.514507380e-08 -5.658608970e-05 -2.375865390e-08
2.110396000e-01 4.923908810e-06 -1.651493200e-02 -2.735899630e-06 4.887103960e-06 -1.645754390e-02 -2.711416550e-06 3.680484700e-08 -5.738805990e-05 -2.448308220e-08
2.115167000e-01 9.975843610e-06 -1.251499260e-02 -6.513385200e-06 9.935489960e-06 -1.245758950e-02 -6.486894480e-06 4.035364830e-08 -5.740314250e-05 -2.649071600e-08
2.119937000e-01 -5.222854930e-06 -3.703066800e-03 -2.441911300e-06 -5.261028020e-06 -3.646930660e-03 -2.416422800e-06 3.817308940e-08 -5.613613610e-05 -2.548850710e-08
2.124781000e-01 4.385599490e-06 -8.221066280e-03 -1.588522550e-06 4.345689940e-06 -8.165393700e-03 -1.562219170e-06 3.990955080e-08 -5.567258030e-05 -2.630338320e-08
2.129626000e-01 1.828349250e-06 -1.662718480e-02 -2.094521710e-06 1.787796540e-06 -1.657061220e-02 -2.067848520e-06 4.055270740e-08 -5.657266830e-05 -2.667318700e-08
2.134471000e-01 4.737240430e-06 -1.450076260e-02 -1.973214720e-06 4.694865100e-06 -1.444383940e-02 -1.945689440e-06 4.237532140e-08 -5.692314510e-05 -2.752527640e-08
2.139316000e-01 -1.437792820e-06 -3.551628830e-03 -2.093659840e-06 -1.479698190e-06 -3.495908180e-03 -2.066256650e-06 4.190537120e-08 -5.572064520e-05 -2.740318960e-08
2.144160000e-01 2.349653010e-05 -5.599589140e-03 -8.437252160e-06 2.344595500e-05 -5.544671360e-03 -8.405497220e-06 5.057512780e-08 -5.491778610e-05 -3.175494000e-08
2.149005000e-01 7.570241930e-06 -1.399934310e-02 5.634356900e-06 7.516739010e-06 -1.394381900e-02 5.666960410e-06 5.350291590e-08 -5.552410390e-05 -3.260351060e-08
2.153850000e-01 -1.251233950e-05 -1.499339020e-02 -5.307531170e-06 -1.256079040e-05 -1.493735510e-02 -5.276692740e-06 4.845092780e-08 -5.603516710e-05 -3.083843510e-08
2.158695000e-01 4.412293840e-06 -8.116988500e-03 2.613789100e-06 4.361933890e-06 -8.061261580e-03 2.645239270e-06 5.035995070e-08 -5.572692290e-05 -3.145016760e-08
2.163539000e-01 -2.666014630e-06 -7.225165730e-03 -4.789427340e-06 -2.715330950e-06 -7.169672810e-03 -4.758146930e-06 4.931632170e-08 -5.549291020e-05 -3.128041110e-08
2.168384000e-01 -2.600256670e-06 -6.433878340e-03 1.253191640e-06 -2.648704580e-06 -6.379013870e-03 1.283840460e-06 4.844791500e-08 -5.486446240e-05 -3.064881830e-08
2.173320000e-01 -8.347864650e-07 -5.332724310e-03 -3.486867100e-07 -8.829851240e-07 -5.278684780e-03 -3.182203580e-07 4.819865910e-08 -5.403953380e-05 -3.046635200e-08
2.178256000e-01 -1.872673100e-06 -9.424604470e-03 -2.030130510e-06 -1.920114450e-06 -9.370419230e-03 -1.999966360e-06 4.744135080e-08 -5.418523250e-05 -3.016415170e-08
2.183193000e-01 6.540944760e-07 -1.215459230e-02 -2.022727000e-06 6.064293620e-07 -1.209994960e-02 -1.992407560e-06 4.766511390e-08 -5.464270070e-05 -3.031943590e-08
2.188129000e-01 -1.773303160e-06 -1.206607200e-02 -1.915754500e-06 -1.820286870e-06 -1.201153880e-02 -1.885734600e-06 4.698371110e-08 -5.453317070e-05 -3.001990570e-08
2.193065000e-01 -9.709387130e-07 -1.102523060e-02 -7.718171110e-07 -1.017594770e-06 -1.097102110e-02 -7.419701800e-07 4.665605510e-08 -5.420959490e-05 -2.984693080e-08
2.198001000e-01 1.243888620e-07 -9.698910210e-03 -1.513355800e-06 7.768313780e-08 -9.644854620e-03 -1.483480930e-06 4.670572390e-08 -5.405558590e-05 -2.987487080e-08
2.202937000e-01 -2.752792800e-06 -8.672511260e-03 1.066856700e-06 -2.798375390e-06 -8.618533600e-03 1.095945680e-06 4.558258280e-08 -5.397765220e-05 -2.908898060e-08
2.207873000e-01 -2.565889940e-06 -1.060077590e-02 3.094028300e-06 -2.610510720e-06 -1.054692970e-02 3.122282600e-06 4.462077760e-08 -5.384624320e-05 -2.825430280e-08
2.212922000e-01 3.314236920e-06 -1.270028160e-02 -3.495188720e-06 3.268274870e-06 -1.264661120e-02 -3.466011480e-06 4.596204610e-08 -5.367046100e-05 -2.917724040e-08
2.217970000e-01 -3.360767880e-07 -1.053447610e-02 -2.611186900e-06 -3.819153360e-07 -1.048095170e-02 -2.581877330e-06 4.583854760e-08 -5.352437190e-05 -2.930957230e-08
2.223018000e-01 6.336321140e-08 -8.932627510e-03 -2.005972370e-06 1.749664970e-08 -8.879148160e-03 -1.976567210e-06 4.586656170e-08 -5.347934460e-05 -2.940515310e-08
2.228067000e-01 -2.165451600e-06 -1.023510550e-02 -1.249322220e-07 -2.210400740e-06 -1.018178310e-02 -9.607516980e-08 4.494913980e-08 -5.332240480e-05 -2.885705180e-08
2.233115000e-01 2.365428710e-06 -9.652187850e-03 -3.419332500e-06 2.319728500e-06 -9.599256320e-03 -3.389926460e-06 4.570020670e-08 -5.293153140e-05 -2.940604250e-08
2.238163000e-01 1.040453300e-06 -1.168922890e-02 -1.215977820e-06 9.944974280e-07 -1.163617060e-02 -1.186524310e-06 4.595586660e-08 -5.305833600e-05 -2.945350720e-08
2.243212000e-01 -7.531669020e-06 -1.248278750e-02 3.893890870e-06 -7.573999720e-06 -1.242923230e-02 3.920931050e-06 4.233069710e-08 -5.355518360e-05 -2.704018400e-08
2.248260000e-01 3.567088610e-06 -9.202230590e-03 -1.257392370e-05 3.522957140e-06 -9.149027550e-03 -1.254488690e-05 4.413147530e-08 -5.320303180e-05 -2.903676150e-08
2.253308000e-01 8.652085010e-06 -3.320852420e-03 -5.731251120e-07 8.604663870e-06 -3.268758620e-03 -5.427222820e-07 4.742114120e-08 -5.209379850e-05 -3.040283020e-08
2.258357000e-01 5.981370030e-06 -9.147115540e-03 -3.228751360e-06 5.931685450e-06 -9.095058080e-03 -3.197090720e-06 4.968458930e-08 -5.205746820e-05 -3.166063690e-08
2.263558000e-01 5.870531680e-06 -1.408038210e-02 -4.779720490e-06 5.818974650e-06 -1.402771120e-02 -4.746796900e-06 5.155703100e-08 -5.267087540e-05 -3.292359010e-08
2.268602000e-01 3.227137710e-06 -9.339525140e-03 -3.592451510e-06 3.174602190e-06 -9.287017710e-03 -3.558780350e-06 5.253551980e-08 -5.250743520e-05 -3.367115400e-08
2.273808000e-01 5.741865580e-06 -9.083117110e-03 -4.600589580e-06 5.687222620e-06 -9.030994370e-03 -4.565515580e-06 5.464296230e-08 -5.212274450e-05 -3.507400520e-08
2.279014000e-01 9.368146890e-06 -7.926790210e-03 -7.005405280e-06 9.309990540e-06 -7.875140150e-03 -6.967975400e-06 5.815634960e-08 -5.165005700e-05 -3.742988030e-08
2.284221000e-01 4.172388110e-06 -6.882936380e-03 -3.537413330e-06 4.112928330e-06 -6.831796920e-03 -3.499007080e-06 5.945977700e-08 -5.113946330e-05 -3.840625490e-08
2.289427000e-01 2.546915190e-06 -6.579052210e-03 -2.570673080e-06 2.486747470e-06 -6.528321360e-03 -2.531602340e-06 6.016771360e-08 -5.073085190e-05 -3.907073760e-08
2.294634000e-01 -4.390800440e-06 -4.255262870e-03 1.115418840e-06 -4.448688830e-06 -4.205029410e-03 1.153396810e-06 5.788838680e-08 -5.023345470e-05 -3.797796570e-08
2.299840000e-01 1.369682410e-06 -1.205703020e-02 -7.154586130e-07 1.311604120e-06 -1.200649090e-02 -6.772531380e-07 5.807828860e-08 -5.053927500e-05 -3.820547510e-08
2.305046000e-01 4.664936070e-06 -1.500962690e-02 -3.270008290e-06 4.605519490e-06 -1.495858890e-02 -3.230821390e-06 5.941658030e-08 -5.103805360e-05 -3.918690520e-08
2.310253000e-01 2.472391470e-06 -6.414490840e-03 -2.922552570e-06 2.412396400e-06 -6.363922730e-03 -2.882730200e-06 5.999507600e-08 -5.056811190e-05 -3.982236470e-08
2.315459000e-01 3.328020080e-06 -4.653455910e-03 -4.250684030e-06 3.267002320e-06 -4.603450720e-03 -4.209923120e-06 6.101775630e-08 -5.000518230e-05 -4.076091460e-08
2.320666000e-01 -2.801912580e-06 -9.437836670e-03 2.100232890e-07 -2.861449060e-06 -9.387866170e-03 2.500905880e-07 5.953647670e-08 -4.997049360e-05 -4.006729850e-08
2.325872000e-01 3.320300690e-07 -9.797551760e-03 -2.305498120e-06 2.726449990e-07 -9.747623810e-03 -2.265262730e-06 5.938507000e-08 -4.992794920e-05 -4.023538920e-08
2.331078000e-01 2.935606810e-07 -5.662691110e-03 -9.999604310e-07 2.343784860e-07 -5.613212800e-03 -9.597099220e-07 5.918219420e-08 -4.947830990e-05 -4.025050940e-08
2.336285000e-01 2.666041820e-07 -4.605875260e-03 -2.176191290e-06 2.075251010e-07 -4.556830500e-03 -2.135669830e-06 5.907908030e-08 -4.904476300e-05 -4.052145980e-08
2.341491000e-01 2.429527440e-06 -8.933298930e-03 -3.223830600e-06 2.369697200e-06 -8.884281650e-03 -3.182448020e-06 5.983023570e-08 -4.901727460e-05 -4.138258020e-08
2.346698000e-01 2.230138320e-06 -9.164552180e-03 -2.417120080e-06 2.169669630e-06 -9.115609660e-03 -2.375085060e-06 6.046868660e-08 -4.894252790e-05 -4.203502900e-08
2.351904000e-01 -1.416404600e-05 -8.215322970e-03 4.323186740e-06 -1.421809190e-05 -8.166691100e-03 4.361478690e-06 5.404593290e-08 -4.863186880e-05 -3.829194470e-08
2.357110000e-01 1.137109060e-05 -7.699498750e-03 -8.425338260e-06 1.131244200e-05 -7.651174680e-03 -8.383709970e-06 5.864860040e-08 -4.832407230e-05 -4.162829400e-08
2.362317000e-01 6.632457600e-07 -6.008551800e-03 1.255112460e-06 6.049568670e-07 -5.960450120e-03 1.296381580e-06 5.828889260e-08 -4.810168180e-05 -4.126911960e-08
2.367523000e-01 3.445859070e-06 -6.119353560e-03 -5.891509050e-06 3.386469640e-06 -6.071429880e-03 -5.848960110e-06 5.938943380e-08 -4.792367710e-05 -4.254893660e-08
2.372730000e-01 2.032004660e-06 -1.351812920e-02 -2.992999470e-06 1.972222770e-06 -1.346985800e-02 -2.949947330e-06 5.978189820e-08 -4.827119020e-05 -4.305214160e-08
2.377936000e-01 2.645601470e-07 -1.144067240e-02 -1.093895330e-06 2.051466110e-07 -1.139240700e-02 -1.050938000e-06 5.941353550e-08 -4.826534620e-05 -4.295733620e-08
2.383142000e-01 -4.873642560e-07 -5.031952650e-03 -1.451345750e-06 -5.460909530e-07 -4.984379210e-03 -1.408612700e-06 5.872669740e-08 -4.757344220e-05 -4.273305570e-08
2.388349000e-01 1.103489950e-05 -5.441128210e-03 -8.293581580e-06 1.097224700e-05 -5.394031350e-03 -8.247637280e-06 6.265247730e-08 -4.709686140e-05 -4.594430090e-08
2.393555000e-01 -4.984838360e-06 -3.985940230e-03 2.705580770e-06 -5.045361540e-06 -3.939312550e-03 2.750012940e-06 6.052317960e-08 -4.662767750e-05 -4.443217380e-08
2.398762000e-01 2.864602640e-06 -8.027316660e-03 -4.394697710e-06 2.803203050e-06 -7.980792050e-03 -4.349322710e-06 6.139959590e-08 -4.652461320e-05 -4.537499410e-08
2.403968000e-01 -2.314522920e-06 -1.438556550e-02 -9.901364840e-07 -2.374847630e-06 -1.433838530e-02 -9.451419120e-07 6.032470700e-08 -4.718025860e-05 -4.499457220e-08
2.409174000e-01 -8.727576790e-07 -9.290509980e-03 -1.643475220e-06 -9.324361030e-07 -9.243439070e-03 -1.598603960e-06 5.967842330e-08 -4.707090450e-05 -4.487125500e-08
2.414381000e-01 8.247967130e-06 -2.855247650e-03 -4.233219420e-06 8.185209770e-06 -2.809194790e-03 -4.186089970e-06 6.275735320e-08 -4.605285840e-05 -4.712944850e-08
2.419587000e-01 -6.337553700e-06 -6.178594920e-03 -1.221661380e-06 -6.397535290e-06 -6.133052180e-03 -1.175742940e-06 5.998158900e-08 -4.554274330e-05 -4.591843590e-08
2.424794000e-01 -5.398675540e-06 -4.693593950e-03 3.075285000e-06 -5.456093900e-06 -4.648581400e-03 3.119507680e-06 5.741835920e-08 -4.501254540e-05 -4.422268630e-08
2.430000000e-01 -7.524101070e-07 -8.943939420e-03 -3.138982360e-07 -8.093427810e-07 -8.898903970e-03 -2.698601670e-07 5.693267360e-08 -4.503544150e-05 -4.403806890e-08
2.435625000e-01 3.972437950e-07 -1.289467550e-02 -1.786403480e-06 3.402181190e-07 -1.284889080e-02 -1.742062470e-06 5.702567600e-08 -4.578464690e-05 -4.434101380e-08
2.441250000e-01 1.039179650e-07 -6.953912270e-03 -1.497603340e-06 4.704504790e-08 -6.908452070e-03 -1.453184080e-06 5.687291730e-08 -4.546019850e-05 -4.441926000e-08
2.446875000e-01 3.400743440e-06 -3.181476640e-03 -3.992317790e-06 3.342659060e-06 -3.136925760e-03 -3.946734030e-06 5.808438040e-08 -4.455088230e-05 -4.558376230e-08
2.452500000e-01 1.419850380e-06 -9.447995920e-03 -4.952841560e-06 1.361071360e-06 -9.403087740e-03 -4.906056240e-06 5.877901380e-08 -4.490817920e-05 -4.678532030e-08
2.458125000e-01 4.637256190e-06 -1.159112990e-02 -1.983608270e-06 4.576504810e-06 -1.154570280e-02 -1.935613370e-06 6.075137960e-08 -4.542718630e-05 -4.799489510e-08
2.463750000e-01 -3.163877810e-06 -3.990018320e-03 -5.523350140e-06 -3.223252510e-06 -3.945719490e-03 -5.475685150e-06 5.937470800e-08 -4.429883430e-05 -4.766499480e-08
2.469462000e-01 -1.878934150e-06 -3.608475630e-03 3.819662370e-06 -1.936798100e-06 -3.565096860e-03 3.866304020e-06 5.786395960e-08 -4.337876920e-05 -4.664165370e-08
2.475173000e-01 -3.678648840e-06 -2.811585820e-03 1.998061470e-06 -3.734614720e-06 -2.768656790e-03 2.043701700e-06 5.596588160e-08 -4.292902470e-05 -4.564022320e-08
2.480977000e-01 -7.052080310e-07 -6.390235770e-03 5.614887270e-08 -7.607343150e-07 -6.347413570e-03 1.018383690e-07 5.552628430e-08 -4.282220050e-05 -4.568949590e-08
2.486780000e-01 4.906231210e-07 -1.293147730e-02 -1.004246060e-06 4.352773520e-07 -1.288810240e-02 -9.583852020e-07 5.534576910e-08 -4.337488880e-05 -4.586086070e-08
2.492584000e-01 1.246912800e-06 -5.682554830e-03 -1.391287540e-06 1.191521350e-06 -5.639562340e-03 -1.345127820e-06 5.539144770e-08 -4.299248920e-05 -4.615972050e-08
2.498388000e-01 -3.070559840e-07 -2.003653930e-03 -5.045377000e-07 -3.618968300e-07 -1.961249560e-03 -4.584896470e-07 5.484084630e-08 -4.240436930e-05 -4.604805230e-08
2.504191000e-01 3.223057480e-06 -5.867777070e-03 -3.407296920e-06 3.166955900e-06 -5.825922520e-03 -3.359951290e-06 5.610158050e-08 -4.185455330e-05 -4.734562210e-08
2.510099000e-01 6.983227640e-06 -6.515408110e-03 -1.279682710e-05 6.924030800e-06 -6.473967530e-03 -1.274605490e-05 5.919684140e-08 -4.144058240e-05 -5.077211730e-08
2.516006000e-01 -1.470209210e-06 -5.248641280e-03 8.185525240e-06 -1.528337290e-06 -5.207205980e-03 8.235014800e-06 5.812808850e-08 -4.143530320e-05 -4.948955690e-08
2.521913000e-01 7.381723820e-06 -5.772437650e-03 -7.132785760e-06 7.320223480e-06 -5.731151220e-03 -7.080386200e-06 6.150034290e-08 -4.128642960e-05 -5.239955260e-08
2.527821000e-01 -6.230032840e-06 -7.724211060e-03 4.928847250e-06 -6.288094940e-06 -7.683081960e-03 4.978744890e-06 5.806210140e-08 -4.112910070e-05 -4.989763730e-08
2.533728000e-01 -1.592105520e-07 -6.278117940e-03 -2.213975960e-06 -2.167508410e-07 -6.237390170e-03 -2.164140870e-06 5.754028840e-08 -4.072777120e-05 -4.983508990e-08
2.539753000e-01 2.921130990e-07 -4.891433360e-03 -1.441491910e-06 2.348894530e-07 -4.851186840e-03 -1.391706070e-06 5.722364570e-08 -4.024652510e-05 -4.978583330e-08
2.545779000e-01 4.442617690e-06 -2.590121880e-03 -3.837940510e-06 4.383724520e-06 -2.550188120e-03 -3.786785630e-06 5.889317110e-08 -3.993376300e-05 -5.115487750e-08
2.551804000e-01 -1.129272130e-06 -4.411386070e-03 3.348593070e-07 -1.187285520e-06 -4.371763070e-03 3.852314730e-07 5.801339470e-08 -3.962299360e-05 -5.037216650e-08
2.557830000e-01 -6.781560100e-07 -7.400899980e-03 1.864647750e-06 -7.353948960e-07 -7.361712380e-03 1.914049610e-06 5.723888660e-08 -3.918760520e-05 -4.940186570e-08
2.563855000e-01 3.717676530e-07 -4.032074640e-03 -1.180992610e-06 3.148527560e-07 -3.993250450e-03 -1.131827260e-06 5.691489760e-08 -3.882419020e-05 -4.916535120e-08
2.570017000e-01 1.002420970e-06 -3.036994480e-03 -8.453765130e-07 9.454312690e-07 -2.998452790e-03 -7.960684690e-07 5.698969600e-08 -3.854169190e-05 -4.930804400e-08
2.576180000e-01 -5.087161260e-06 -5.485882290e-03 -1.410333200e-06 -5.141223620e-06 -5.447743600e-03 -1.362474010e-06 5.406236580e-08 -3.813869510e-05 -4.785919750e-08
2.582342000e-01 8.012702020e-06 -4.219774900e-03 -4.799795000e-06 7.955308780e-06 -4.182032920e-03 -4.749442350e-06 5.739324670e-08 -3.774197930e-05 -5.035264440e-08
2.588505000e-01 2.861582340e-06 -5.657213260e-03 -2.871711850e-06 2.803383210e-06 -5.619613110e-03 -2.820539360e-06 5.819912470e-08 -3.760014100e-05 -5.117248960e-08
2.594825000e-01 1.143661440e-06 -4.454918140e-03 -1.838898900e-06 1.085508890e-06 -4.417801580e-03 -1.787532260e-06 5.815254200e-08 -3.711656100e-05 -5.136664410e-08
2.601145000e-01 3.983167690e-07 -3.998741650e-03 -5.938531050e-07 3.406325510e-07 -3.962088580e-03 -5.426320680e-07 5.768421850e-08 -3.665306710e-05 -5.122103720e-08
2.607466000e-01 -4.007108930e-06 -7.519804290e-03 2.040253690e-08 -4.062397980e-06 -7.482728420e-03 7.022884700e-08 5.528904790e-08 -3.707586920e-05 -4.982631010e-08
2.613786000e-01 1.887537990e-06 -4.427449570e-03 -2.867729540e-06 1.831800620e-06 -4.390838450e-03 -2.817254630e-06 5.573737370e-08 -3.661112640e-05 -5.047491260e-08
2.620107000e-01 -5.721216090e-06 -3.471729840e-03 6.741337710e-06 -5.773295160e-06 -3.436170570e-03 6.788583690e-06 5.207906210e-08 -3.555927120e-05 -4.724597560e-08
2.626619000e-01 8.438015380e-06 -6.421961040e-03 -7.379914020e-06 8.381642520e-06 -6.386110280e-03 -7.328892120e-06 5.637285730e-08 -3.585075450e-05 -5.102189290e-08
2.633130000e-01 4.095750390e-07 -4.987049150e-03 -9.984271730e-07 3.532869470e-07 -4.951407590e-03 -9.472578140e-07 5.628809250e-08 -3.564155790e-05 -5.116935950e-08
2.639642000e-01 1.560134340e-06 8.089055880e-04 -1.951093470e-06 1.503455890e-06 8.432744360e-04 -1.899389060e-06 5.667845200e-08 -3.436884800e-05 -5.170440740e-08
2.646154000e-01 -2.659418180e-06 -8.222280580e-03 2.247307350e-06 -2.714446070e-06 -8.187627310e-03 2.297688100e-06 5.502788950e-08 -3.465326870e-05 -5.038075320e-08
2.652666000e-01 1.049780590e-06 -7.982949480e-03 -2.867916180e-06 9.945827360e-07 -7.948146100e-03 -2.817155120e-06 5.519785400e-08 -3.480338280e-05 -5.076105430e-08
2.659178000e-01 8.742268900e-07 -3.952126820e-03 -2.012750240e-06 8.189092350e-07 -3.917954170e-03 -1.961741040e-06 5.531765430e-08 -3.417265170e-05 -5.100919180e-08
2.665940000e-01 -1.279632250e-06 -1.475759050e-03 3.766189700e-07 -1.333643900e-06 -1.442343780e-03 4.265507280e-07 5.401164760e-08 -3.341526940e-05 -4.993175780e-08
2.672703000e-01 1.181371120e-07 -1.083255220e-03 -1.175330170e-06 6.450258330e-08 -1.050546580e-03 -1.125558410e-06 5.363452860e-08 -3.270864180e-05 -4.977175320e-08
2.679465000e-01 5.192087100e-07 -7.435791510e-03 -1.176262190e-06 4.656161830e-07 -7.402947470e-03 -1.126393690e-06 5.359252620e-08 -3.284403530e-05 -4.986850380e-08
2.686228000e-01 1.074168410e-06 -3.374134740e-03 -1.632425240e-06 1.020302200e-06 -3.341586960e-03 -1.582098030e-06 5.386620810e-08 -3.254777440e-05 -5.032720390e-08
2.692990000e-01 1.215932450e-06 -3.020844220e-03 -1.580832790e-06 1.161757330e-06 -2.988629830e-03 -1.529946530e-06 5.417511680e-08 -3.221439880e-05 -5.088625600e-08
2.699752000e-01 4.202248490e-06 -5.682916690e-03 -2.905662310e-06 4.146133580e-06 -5.651262260e-03 -2.853170150e-06 5.611491100e-08 -3.165443140e-05 -5.249215690e-08
2.706515000e-01 6.471346780e-08 -2.925364950e-03 -9.192926380e-07 9.001419230e-09 -2.894097150e-03 -8.669467450e-07 5.571204860e-08 -3.126780500e-05 -5.234589290e-08
2.713277000e-01 -4.124012070e-06 -1.452140110e-03 5.692936220e-06 -4.177090670e-06 -1.421240580e-03 5.742558130e-06 5.307860270e-08 -3.089952330e-05 -4.962190620e-08
2.720040000e-01 3.459199130e-06 -5.417381110e-03 -5.745018390e-06 3.404273250e-06 -5.387081510e-03 -5.693310470e-06 5.492588490e-08 -3.029959620e-05 -5.170792260e-08
2.726802000e-01 9.041050510e-06 -5.661580320e-03 -1.874881930e-05 8.980816170e-06 -5.631230670e-03 -1.869123050e-05 6.023434030e-08 -3.034964780e-05 -5.758880720e-08
2.733564000e-01 -6.759158980e-06 -3.028623670e-03 1.200127470e-05 -6.815048330e-06 -2.998405680e-03 1.205446220e-05 5.588934690e-08 -3.021799040e-05 -5.318746720e-08
2.740327000e-01 -5.297460400e-07 1.551960940e-03 1.480825270e-06 -5.851176940e-07 1.580899770e-03 1.533336050e-06 5.537165460e-08 -2.893882540e-05 -5.251078210e-08
2.747089000e-01 -1.673870260e-06 -3.779833200e-03 1.292510340e-06 -1.728204760e-06 -3.751276470e-03 1.343979380e-06 5.433450470e-08 -2.855673400e-05 -5.146903730e-08
2.753851000e-01 -9.549635970e-07 -5.194565500e-03 6.917634530e-08 -1.008627820e-06 -5.166230720e-03 1.200282330e-07 5.366422420e-08 -2.833478010e-05 -5.085188820e-08
2.760614000e-01 5.129610250e-06 -2.298568330e-03 -1.069547230e-06 5.073780900e-06 -2.270381260e-03 -1.017322120e-06 5.582934590e-08 -2.818706910e-05 -5.222511910e-08
2.767376000e-01 -2.543125750e-06 -2.668697070e-03 -7.147901470e-07 -2.597752910e-06 -2.640819420e-03 -6.632517910e-07 5.462715530e-08 -2.787764120e-05 -5.153835620e-08
2.774139000e-01 -1.044767190e-08 -1.583713300e-03 -1.582243380e-07 -6.495955360e-08 -1.556315170e-03 -1.067285170e-07 5.451188170e-08 -2.739813610e-05 -5.149582070e-08
2.780901000e-01 4.505611340e-06 -4.715966460e-04 -3.766248400e-06 4.448667230e-06 -4.449202250e-04 -3.712556990e-06 5.694411680e-08 -2.667642130e-05 -5.369140680e-08
2.787663000e-01 -2.673282510e-06 -1.880162930e-03 2.267466360e-06 -2.728473660e-06 -1.853908390e-03 2.319755750e-06 5.519114860e-08 -2.625454570e-05 -5.228939570e-08
2.794426000e-01 -6.099322590e-07 -2.288584140e-03 6.557912090e-07 -6.645791100e-07 -2.262705810e-03 7.077132840e-07 5.464685140e-08 -2.587833060e-05 -5.192207540e-08
2.801188000e-01 -7.534798430e-07 -1.968071030e-04 8.503859600e-07 -8.075568980e-07 -1.716192400e-04 9.019173370e-07 5.407705480e-08 -2.518786350e-05 -5.153137670e-08
2.807950000e-01 -1.968026440e-06 -3.150502470e-03 1.249714470e-06 -2.020860830e-06 -3.125628200e-03 1.300318990e-06 5.283439010e-08 -2.487427110e-05 -5.060451750e-08
2.814713000e-01 -5.878274420e-07 -2.367403630e-03 5.100328370e-06 -6.396459710e-07 -2.342815280e-03 5.149640130e-06 5.181852900e-08 -2.458834150e-05 -4.931175570e-08
2.821475000e-01 1.277798070e-06 -1.739435140e-04 -6.673446390e-06 1.225033470e-06 -1.495333120e-04 -6.622268150e-06 5.276459030e-08 -2.441020280e-05 -5.117823630e-08
2.828238000e-01 6.208869590e-06 -3.415153770e-03 -3.307669550e-06 6.153029160e-06 -3.391053010e-03 -3.253842040e-06 5.584043840e-08 -2.410076490e-05 -5.382750710e-08
2.835000000e-01 8.353989060e-07 -2.839336160e-03 5.540575180e-08 7.793644720e-07 -2.815776190e-03 1.095229200e-07 5.603443430e-08 -2.355997720e-05 -5.411716800e-08
2.842105000e-01 -1.970140060e-06 3.546666580e-03 2.330301660e-06 -2.024710180e-06 3.568899960e-03 2.383227800e-06 5.457011590e-08 -2.223338030e-05 -5.292614280e-08
2.849211000e-01 -1.082123960e-06 -3.510962450e-03 7.556087540e-07 -1.135842460e-06 -3.488694280e-03 8.079042220e-07 5.371849810e-08 -2.226816750e-05 -5.229546860e-08
2.856316000e-01 -2.541035780e-07 -3.572639570e-03 3.034495530e-07 -3.074153500e-07 -3.550479700e-03 3.555495030e-07 5.331177120e-08 -2.215987480e-05 -5.209995070e-08
2.863421000e-01 -1.358161290e-06 1.050515990e-03 8.359974640e-07 -1.410619350e-06 1.071819780e-03 8.875783560e-07 5.245805560e-08 -2.130378880e-05 -5.158089130e-08
2.870395000e-01 -9.014792660e-07 -1.432153340e-03 1.551575030e-06 -9.531480690e-07 -1.411255980e-03 1.602502500e-06 5.166880310e-08 -2.089735610e-05 -5.092747070e-08
2.877368000e-01 7.215330960e-08 -1.639621890e-03 -1.548214070e-06 2.052941090e-08 -1.618989650e-03 -1.496845140e-06 5.162389870e-08 -2.063224270e-05 -5.136893330e-08
2.884342000e-01 -4.049588330e-06 -1.137462080e-03 5.312432450e-06 -4.098241920e-06 -1.116919800e-03 5.360998230e-06 4.865359300e-08 -2.054228730e-05 -4.856578160e-08
2.891316000e-01 5.216417220e-06 -3.700943200e-03 -4.572687580e-06 5.164935160e-06 -3.680774810e-03 -4.521220120e-06 5.148205950e-08 -2.016838810e-05 -5.146745740e-08
2.898289000e-01 1.974867460e-06 4.228646340e-04 -2.268865310e-06 1.922519610e-06 4.421185380e-04 -2.216206820e-06 5.234785030e-08 -1.925390380e-05 -5.265849670e-08
2.905263000e-01 1.380350780e-06 2.139122870e-03 -1.284890370e-06 1.327613520e-06 2.157343570e-03 -1.231457600e-06 5.273726000e-08 -1.822070630e-05 -5.343276850e-08
2.912237000e-01 5.887905810e-07 -4.639225510e-03 -5.317037640e-07 5.359717270e-07 -4.620696500e-03 -4.777878050e-07 5.281885390e-08 -1.852901780e-05 -5.391595860e-08
2.919211000e-01 8.165122970e-07 -7.328224680e-04 -1.105647460e-07 7.634265700e-07 -7.148054200e-04 -5.610133350e-08 5.308572720e-08 -1.801704790e-05 -5.446341280e-08
2.926184000e-01 -2.374281850e-07 6.237645090e-05 9.955181560e-07 -2.902049390e-07 7.976059190e-05 1.049975260e-06 5.277675410e-08 -1.738414100e-05 -5.445709950e-08
2.933158000e-01 2.825989820e-06 -3.722458760e-04 -3.079271830e-06 2.771874100e-06 -3.552926500e-04 -3.022975430e-06 5.411572240e-08 -1.695322690e-05 -5.629640450e-08
2.940132000e-01 1.633390940e-06 -2.133144730e-03 -2.908154960e-06 1.578333520e-06 -2.116363380e-03 -2.850308320e-06 5.505741920e-08 -1.678135230e-05 -5.784663760e-08
2.947105000e-01 -2.494162940e-06 -1.572343530e-03 4.027818400e-06 -2.547650330e-06 -1.555950490e-03 4.084114050e-06 5.348738770e-08 -1.639303740e-05 -5.629564840e-08
2.954079000e-01 1.017379920e-08 4.724549370e-03 7.602321240e-07 -4.322269780e-08 4.739723100e-03 8.167304020e-07 5.339649710e-08 -1.517372580e-05 -5.649827770e-08
2.961053000e-01 -4.086559070e-07 -2.127420540e-03 1.686028970e-06 -4.616904930e-07 -2.111938140e-03 1.742342750e-06 5.303458550e-08 -1.548239970e-05 -5.631378100e-08
2.968026000e-01 1.329603930e-08 -2.870355720e-03 5.575688270e-07 -3.996273600e-08 -2.854883040e-03 6.144047760e-07 5.325877530e-08 -1.547267650e-05 -5.683594910e-08
2.975000000e-01 1.150625060e-06 -1.983790630e-03 9.685632390e-08 1.096529800e-06 -1.968922040e-03 1.547027110e-07 5.409526490e-08 -1.486858530e-05 -5.784638710e-08
2.982162000e-01 -3.817302020e-07 5.999521500e-03 8.810042230e-07 -4.358236880e-07 6.012475330e-03 9.391621560e-07 5.409348660e-08 -1.295383570e-05 -5.815793390e-08
2.989324000e-01 1.166253090e-07 -8.543735230e-05 7.327966950e-07 6.232431240e-08 -7.279976000e-05 7.915649400e-07 5.430099630e-08 -1.263759230e-05 -5.876824480e-08
2.996486000e-01 -1.481749660e-06 -3.586772470e-03 2.100906400e-06 -1.535302980e-06 -3.573555160e-03 2.159197560e-06 5.355331200e-08 -1.321731540e-05 -5.829116150e-08
3.003649000e-01 -3.502815600e-07 2.449826740e-03 3.605888770e-07 -4.038645240e-07 2.462108350e-03 4.192479570e-07 5.358296460e-08 -1.228161300e-05 -5.865908020e-08
3.010811000e-01 -1.932241720e-07 3.938269420e-04 7.395659340e-07 -2.467587550e-07 4.055808030e-04 7.984654440e-07 5.353458320e-08 -1.175386070e-05 -5.889950990e-08
3.017973000e-01 -1.169897020e-06 3.242818080e-04 1.943108700e-06 -1.222922480e-06 3.356162090e-04 2.001802580e-06 5.302546110e-08 -1.133440140e-05 -5.869388180e-08
3.025135000e-01 1.857764550e-06 -1.699863880e-03 -1.200145870e-06 1.803671170e-06 -1.688765350e-03 -1.140165040e-06 5.409337710e-08 -1.109852210e-05 -5.998082940e-08
3.032297000e-01 1.774634690e-07 9.507751160e-04 -1.736311060e-07 1.233619280e-07 9.613590410e-04 -1.133053750e-07 5.410154080e-08 -1.058392440e-05 -6.032573140e-08
3.039459000e-01 -1.296200940e-07 2.508622880e-03 6.546205710e-07 -1.833998310e-07 2.518279090e-03 7.148532630e-07 5.377973680e-08 -9.656213950e-06 -6.023269210e-08
3.047173000e-01 9.086670100e-07 2.703008470e-03 -9.734207360e-07 8.545218730e-07 2.711430440e-03 -9.125297800e-07 5.414513730e-08 -8.421962570e-06 -6.089095580e-08
3.054886000e-01 4.623907030e-07 2.341892350e-04 -7.674014900e-09 4.081445690e-07 2.427742610e-04 5.356372330e-08 5.424613450e-08 -8.585026650e-06 -6.123773820e-08
3.062599000e-01 6.821481990e-07 2.335191220e-05 -5.858424880e-07 6.272767140e-07 3.119162530e-05 -5.237534300e-07 5.487148490e-08 -7.839713040e-06 -6.208905790e-08
3.070312000e-01 -2.254149430e-08 1.137723290e-03 -9.866678740e-09 -7.767399710e-08 1.145034190e-03 5.276348130e-08 5.513250280e-08 -7.310902330e-06 -6.263016010e-08
3.078025000e-01 2.825306240e-07 1.071809660e-03 5.510609290e-07 2.271184890e-07 1.078980370e-03 6.141383010e-07 5.541213490e-08 -7.170711380e-06 -6.307737180e-08
3.085738000e-01 -6.068617660e-07 1.025765940e-03 1.215932700e-06 -6.621363400e-07 1.031891080e-03 1.278979020e-06 5.527457360e-08 -6.125135010e-06 -6.304632660e-08
3.093451000e-01 -2.404564500e-07 7.769683080e-04 1.852721910e-07 -2.957944300e-07 7.830143280e-04 2.485488340e-07 5.533797950e-08 -6.046019840e-06 -6.327664300e-08
3.101164000e-01 -1.690787990e-07 3.112230740e-03 1.068572860e-06 -2.244511580e-07 3.117409970e-03 1.131988160e-06 5.537235850e-08 -5.179228400e-06 -6.341530190e-08
3.108877000e-01 6.527290740e-08 3.236542650e-03 4.348897240e-07 9.665673840e-09 3.240516000e-03 4.987240080e-07 5.560723350e-08 -3.973355630e-06 -6.383428440e-08
3.116590000e-01 -1.035040670e-06 -1.207126060e-03 5.470585520e-07 -1.090261270e-06 -1.203086390e-03 6.108230770e-07 5.522060250e-08 -4.039664160e-06 -6.376452540e-08
3.124304000e-01 1.396792620e-06 2.159869810e-03 -1.561660170e-06 1.340514190e-06 2.163126560e-03 -1.496653580e-06 5.627842810e-08 -3.256751260e-06 -6.500658410e-08
3.132017000e-01 -1.380390770e-06 2.529904490e-03 7.867585290e-07 -1.436055970e-06 2.532468470e-03 8.511881570e-07 5.566519460e-08 -2.563985160e-06 -6.442962770e-08
3.139730000e-01 -2.741150720e-07 1.493750710e-03 -2.570170590e-07 -3.297792210e-07 1.495816240e-03 -1.924180420e-07 5.566414800e-08 -2.065538730e-06 -6.459901630e-08
3.147443000e-01 3.448310100e-06 6.307729800e-04 -3.206062800e-06 3.390290140e-06 6.325682670e-04 -3.139005830e-06 5.801995500e-08 -1.795287200e-06 -6.705696670e-08
3.155156000e-01 -5.062202040e-07 2.441134130e-03 7.304078240e-07 -5.638747360e-07 2.442270700e-03 7.973947560e-07 5.765453260e-08 -1.136576250e-06 -6.698693170e-08
3.162869000e-01 1.569056580e-07 3.369255870e-03 -2.327161600e-07 9.902302250e-08 3.369597990e-03 -1.650721240e-07 5.788263590e-08 -3.421148090e-07 -6.764403570e-08
3.170582000e-01 -1.961843250e-06 2.617108310e-03 3.858638400e-06 -2.018653110e-06 2.616869660e-03 3.925317650e-06 5.680985760e-08 2.386493610e-07 -6.667924810e-08
3.178295000e-01 3.336724980e-06 -2.201843240e-04 -4.736990610e-06 3.277474300e-06 -2.204902540e-04 -4.667213440e-06 5.925067980e-08 3.059304290e-07 -6.977717500e-08
3.186008000e-01 -2.552116940e-07 1.329477170e-03 1.703235270e-06 -3.144547760e-07 1.328243650e-03 1.773017430e-06 5.924308220e-08 1.233516480e-06 -6.978216200e-08
3.193721000e-01 1.166041840e-06 4.977684370e-03 -1.705314740e-06 1.105987350e-06 4.975715600e-03 -1.634176710e-06 6.005448450e-08 1.968766980e-06 -7.113803920e-08
3.201435000e-01 5.199437710e-07 3.273936220e-03 4.527443600e-08 4.592267170e-07 3.271478310e-03 1.172906620e-07 6.071705330e-08 2.457908590e-06 -7.201622590e-08
3.209148000e-01 4.148228190e-07 -8.246724230e-04 1.745526730e-07 3.533567910e-07 -8.274841360e-04 2.475505830e-07 6.146602810e-08 2.811712870e-06 -7.299791000e-08
3.216861000e-01 -7.283400970e-07 5.967735680e-03 8.084200520e-07 -7.898255900e-07 5.964286610e-03 8.818453610e-07 6.148549290e-08 3.449069100e-06 -7.342530910e-08
3.224574000e-01 1.104522450e-07 3.224052430e-03 4.718618490e-07 4.840776100e-08 3.219779440e-03 5.462412350e-07 6.204448390e-08 4.272990010e-06 -7.437938600e-08
3.232287000e-01 5.351406550e-07 1.683861300e-03 1.385299950e-08 4.722782600e-07 1.679082460e-03 8.955188840e-08 6.286239540e-08 4.778839900e-06 -7.569888890e-08
3.240000000e-01 8.387299800e-09 1.582311240e-03 4.128280680e-07 -5.504446200e-08 1.577328820e-03 4.895110810e-07 6.343176170e-08 4.982417250e-06 -7.668301290e-08
3.247232000e-01 4.876788810e-07 5.433086250e-03 -3.752485940e-07 4.233883220e-07 5.427201990e-03 -2.973196870e-07 6.429055930e-08 5.884260780e-06 -7.792890680e-08
3.254464000e-01 3.650442710e-07 4.310910660e-03 -2.429169600e-07 2.998525070e-07 4.304413260e-03 -1.636785430e-07 6.519176420e-08 6.497391860e-06 -7.923841690e-08
3.261565000e-01 1.555702480e-07 3.389142170e-03 -6.996591520e-08 8.967540780e-08 3.382219810e-03 1.036875880e-08 6.589484070e-08 6.922356190e-06 -8.033467400e-08
3.268666000e-01 3.906264410e-07 1.658146910e-03 2.977645420e-07 3.239988870e-07 1.651025900e-03 3.791611970e-07 6.662755340e-08 7.121008030e-06 -8.139665440e-08
3.275766000e-01 -9.538134110e-07 8.755330880e-04 1.101588660e-06 -1.020528180e-06 8.683297420e-04 1.183486340e-06 6.671477230e-08 7.203346050e-06 -8.189767690e-08
3.282867000e-01 1.030380930e-06 5.165024170e-03 -8.845161570e-07 9.622276120e-07 5.157000980e-03 -8.006575710e-07 6.815331350e-08 8.023188760e-06 -8.385858550e-08
3.289968000e-01 7.367344010e-07 7.926705830e-03 -2.202931330e-06 6.672977800e-07 7.917489490e-03 -2.117054090e-06 6.943662090e-08 9.216342520e-06 -8.587724120e-08
3.296929000e-01 -2.427975120e-06 -1.849920020e-03 1.173337190e-05 -2.495893510e-06 -1.859133340e-03 1.181668240e-05 6.791839320e-08 9.213326060e-06 -8.331058680e-08
3.304032000e-01 -2.599372300e-06 1.761190820e-03 -3.406618180e-06 -2.667244460e-06 1.751822490e-03 -3.322252290e-06 6.787215900e-08 9.368330180e-06 -8.436589100e-08
3.310991000e-01 3.483143680e-06 4.724318500e-03 -4.040656730e-06 3.412215760e-06 4.714546700e-03 -3.952581920e-06 7.092792630e-08 9.771807250e-06 -8.807481060e-08
3.317949000e-01 6.434328610e-07 6.628512270e-03 -4.238138750e-07 5.712405030e-07 6.617451050e-03 -3.341925960e-07 7.219235840e-08 1.106122670e-05 -8.962127860e-08
3.324908000e-01 6.131089410e-07 3.478887240e-03 -9.097876090e-08 5.397187040e-07 3.467512130e-03 1.322202160e-10 7.339023690e-08 1.137510510e-05 -9.111098110e-08
3.331867000e-01 3.584943420e-07 3.490222870e-03 4.598106780e-07 2.841374640e-07 3.478528910e-03 5.522185340e-07 7.435687730e-08 1.169395560e-05 -9.240785580e-08
3.338674000e-01 -2.362682590e-06 6.120981200e-03 4.409384040e-06 -2.436383960e-06 6.108594990e-03 4.501234700e-06 7.370137560e-08 1.238620590e-05 -9.185065750e-08
3.345481000e-01 2.396113910e-06 3.072037400e-03 -2.990998560e-06 2.320354550e-06 3.059433620e-03 -2.896438400e-06 7.575936220e-08 1.260377830e-05 -9.456015500e-08
3.352288000e-01 1.142708630e-06 3.887467580e-03 -1.066994900e-06 1.065656800e-06 3.874486300e-03 -9.706238540e-07 7.705182680e-08 1.298128710e-05 -9.637104890e-08
3.359096000e-01 -2.019265100e-06 6.020929230e-03 5.031435930e-06 -2.095623930e-06 6.007283860e-03 5.127005900e-06 7.635882340e-08 1.364537220e-05 -9.556996990e-08
3.365744000e-01 -6.070434830e-08 3.315161100e-03 1.823267240e-06 -1.375482150e-07 3.301303110e-03 1.919467620e-06 7.684386710e-08 1.385798600e-05 -9.620037460e-08
3.372393000e-01 -3.124826970e-07 3.950056380e-03 1.197046120e-06 -3.897681850e-07 3.935851180e-03 1.293967180e-06 7.728548800e-08 1.420519790e-05 -9.692106580e-08
3.378884000e-01 -4.756043480e-07 6.497036560e-03 1.167139890e-06 -5.533523260e-07 6.482221510e-03 1.264777540e-06 7.774797760e-08 1.481505060e-05 -9.763765270e-08
3.385375000e-01 -2.491617180e-07 4.509560420e-03 1.129455880e-06 -3.274632300e-07 4.494073050e-03 1.227799990e-06 7.830151170e-08 1.548736380e-05 -9.834410960e-08
3.391707000e-01 -5.212618090e-07 4.792322200e-03 1.496701230e-06 -6.000444200e-07 4.776291950e-03 1.595575770e-06 7.878261150e-08 1.603025010e-05 -9.887454440e-08
3.398039000e-01 4.385220510e-10 5.091226040e-03 4.777883120e-07 -7.920777500e-08 5.075306040e-03 5.777565570e-07 7.964629700e-08 1.591999170e-05 -9.996824510e-08
3.404372000e-01 -1.485500720e-07 4.844632640e-03 7.691158230e-07 -2.288769670e-07 4.828197280e-03 8.699554010e-07 8.032689550e-08 1.643535860e-05 -1.008395780e-07
3.410542000e-01 1.042302130e-06 4.684716970e-03 1.207422360e-06 9.607739990e-07 4.667597040e-03 1.309461900e-06 8.152813540e-08 1.711992550e-05 -1.020395430e-07
3.416712000e-01 -1.474506580e-06 3.020591080e-03 9.354513640e-07 -1.556278050e-06 3.003388630e-03 1.037969500e-06 8.177147000e-08 1.720244660e-05 -1.025181360e-07
3.422882000e-01 -2.730473280e-07 4.106552420e-03 8.427142720e-07 -3.554726120e-07 4.089195270e-03 9.460575770e-07 8.242528450e-08 1.735714290e-05 -1.033433040e-07
3.428885000e-01 1.334868700e-06 5.495594600e-03 -1.000535550e-06 1.251238840e-06 5.478219110e-03 -8.955869860e-07 8.362986590e-08 1.737549100e-05 -1.049485630e-07
3.434888000e-01 -1.352520750e-06 7.238884240e-03 2.414415840e-06 -1.436135730e-06 7.220704370e-03 2.519448560e-06 8.361497460e-08 1.817986780e-05 -1.050327240e-07
3.440891000e-01 2.833345740e-07 7.824067170e-03 1.384964540e-06 1.991075770e-07 7.804947260e-03 1.490817440e-06 8.422699710e-08 1.911991520e-05 -1.058528960e-07
3.446723000e-01 -1.114637040e-06 5.592045010e-03 1.379034670e-06 -1.198926580e-06 5.572287380e-03 1.485279080e-06 8.428954200e-08 1.975762510e-05 -1.062444090e-07
3.452554000e-01 -1.339041220e-07 3.995652650e-03 1.117268850e-06 -2.184322220e-07 3.975651530e-03 1.224051720e-06 8.452809980e-08 2.000111640e-05 -1.067828670e-07
3.458386000e-01 -5.164181060e-07 1.440224520e-03 1.187487780e-06 -6.010466180e-07 1.420834380e-03 1.294707600e-06 8.462851170e-08 1.939013640e-05 -1.072198170e-07
3.464218000e-01 -1.238075670e-06 5.495546240e-03 2.419792750e-06 -1.322616810e-06 5.475846550e-03 2.527169920e-06 8.454113960e-08 1.969969410e-05 -1.073771730e-07
3.469867000e-01 -7.201095360e-08 7.943508410e-03 1.526375630e-06 -1.571478960e-07 7.923183210e-03 1.634496760e-06 8.513694240e-08 2.032520260e-05 -1.081211290e-07
3.475517000e-01 -2.442789050e-08 5.100278370e-03 1.026033620e-06 -1.104240870e-07 5.079468700e-03 1.135100820e-06 8.599619610e-08 2.080966710e-05 -1.090672050e-07
3.481166000e-01 -1.232682100e-07 5.055826400e-03 8.212216390e-07 -2.102411790e-07 5.034523800e-03 9.313119010e-07 8.697296910e-08 2.130260550e-05 -1.100902630e-07
3.486816000e-01 -4.951140570e-07 6.368198830e-03 7.799714440e-07 -5.829519470e-07 6.346910470e-03 8.910241850e-07 8.783789010e-08 2.128836250e-05 -1.110527410e-07
3.492465000e-01 -4.276373510e-07 6.003644960e-03 7.860314240e-07 -5.164308560e-07 5.982207910e-03 8.982408410e-07 8.879350480e-08 2.143705560e-05 -1.122094170e-07
3.497913000e-01 -4.678536080e-07 5.243161060e-03 5.723513020e-07 -5.575780610e-07 5.221149280e-03 6.856359010e-07 8.972445340e-08 2.201178380e-05 -1.132845990e-07
3.503360000e-01 -3.721182310e-07 5.806421210e-03 3.274965880e-07 -4.628344670e-07 5.783982470e-03 4.419780480e-07 9.071623580e-08 2.243873950e-05 -1.144814600e-07
3.508808000e-01 -4.724203700e-07 8.102954430e-03 9.483580930e-07 -5.640556290e-07 8.080042500e-03 1.063865170e-06 9.163525830e-08 2.291192820e-05 -1.155070800e-07
3.514256000e-01 -4.190746960e-07 5.698336220e-03 7.004058530e-07 -5.117570490e-07 5.675249670e-03 8.170812910e-07 9.268235280e-08 2.308655110e-05 -1.166754380e-07
3.519703000e-01 -4.258764380e-07 3.190156520e-03 5.615239910e-07 -5.196814750e-07 3.167144690e-03 6.794157780e-07 9.380503750e-08 2.301182820e-05 -1.178917880e-07
3.525151000e-01 -5.837458160e-07 6.692332270e-03 6.801960290e-07 -6.786832560e-07 6.668917410e-03 7.992375190e-07 9.493744030e-08 2.341486170e-05 -1.190414900e-07
3.530599000e-01 -2.818612400e-06 8.393529110e-03 2.523431660e-06 -2.913835600e-06 8.369586690e-03 2.642737400e-06 9.522320840e-08 2.394242780e-05 -1.193057390e-07
3.535799000e-01 -4.040176630e-07 4.975963920e-03 6.101864160e-07 -5.006359180e-07 4.951975390e-03 7.308447400e-07 9.661825560e-08 2.398853350e-05 -1.206583240e-07
3.540999000e-01 -9.300186660e-07 4.440156390e-03 1.046686260e-06 -1.027926080e-06 4.416148710e-03 1.168544750e-06 9.790741800e-08 2.400768760e-05 -1.218584870e-07
3.546199000e-01 -7.918009940e-07 4.692442130e-03 5.563423410e-07 -8.911836320e-07 4.668362890e-03 6.795666930e-07 9.938263820e-08 2.407924820e-05 -1.232243510e-07
3.551399000e-01 -8.359589910e-07 4.740023580e-03 6.559393000e-07 -9.368383410e-07 4.715868140e-03 7.805212700e-07 1.008793510e-07 2.415544170e-05 -1.245819690e-07
3.556599000e-01 -4.054429580e-07 9.405892760e-03 8.207088910e-07 -5.078930630e-07 9.380838320e-03 9.465622700e-07 1.024501050e-07 2.505444020e-05 -1.258533790e-07
3.561799000e-01 -9.060888410e-07 9.389609590e-03 1.181299650e-06 -1.009929770e-06 9.363775710e-03 1.308202320e-06 1.038409260e-07 2.583388190e-05 -1.269026670e-07
3.566999000e-01 -3.018609000e-06 3.228197220e-03 2.126290190e-06 -3.123146010e-06 3.202915690e-03 2.253619760e-06 1.045370130e-07 2.528153030e-05 -1.273295770e-07
3.572199000e-01 -1.147528050e-06 3.903648310e-03 1.131032190e-06 -1.253526320e-06 3.878665980e-03 1.259513420e-06 1.059982710e-07 2.498232610e-05 -1.284812320e-07
3.577399000e-01 -1.395489500e-06 1.017576510e-02 1.062640000e-06 -1.503081270e-06 1.014977750e-02 1.192604090e-06 1.075917710e-07 2.598758840e-05 -1.299640890e-07
3.582599000e-01 -1.276908120e-06 9.265682470e-03 1.137767470e-06 -1.386228770e-06 9.238998710e-03 1.269321600e-06 1.093206530e-07 2.668376390e-05 -1.315541260e-07
3.587799000e-01 -1.104049240e-06 4.576675780e-03 1.118903470e-06 -1.215181620e-06 4.550133090e-03 1.251995410e-06 1.111323740e-07 2.654269270e-05 -1.330919460e-07
3.592999000e-01 -1.146134900e-06 5.727260710e-03 1.049573800e-06 -1.259060440e-06 5.700631810e-03 1.184117620e-06 1.129255380e-07 2.662889760e-05 -1.345438200e-07
3.598200000e-01 -1.063522800e-06 9.045289720e-03 8.476586490e-07 -1.178248250e-06 9.018184450e-03 9.836509610e-07 1.147254490e-07 2.710526520e-05 -1.359923130e-07
3.603400000e-01 -1.268865270e-06 7.922503540e-03 1.084584330e-06 -1.385261060e-06 7.895118450e-03 1.221879620e-06 1.163957890e-07 2.738508920e-05 -1.372952870e-07
3.608600000e-01 -1.738832230e-06 5.154067040e-03 1.433509240e-06 -1.856764690e-06 5.126719220e-03 1.571994470e-06 1.179324610e-07 2.734782020e-05 -1.384852300e-07
3.613800000e-01 -1.381422300e-06 5.777768710e-03 1.277484680e-06 -1.500962800e-06 5.750355940e-03 1.417232120e-06 1.195405030e-07 2.741276500e-05 -1.397474400e-07
3.619000000e-01 -1.237262810e-06 5.252281830e-03 1.206088890e-06 -1.358491930e-06 5.224857700e-03 1.347201780e-06 1.212291260e-07 2.742412930e-05 -1.411128950e-07
3.624200000e-01 -1.366217010e-06 6.651878160e-03 1.181046660e-06 -1.489114070e-06 6.624275190e-03 1.323558940e-06 1.228970530e-07 2.760296940e-05 -1.425122750e-07
3.629400000e-01 -2.374665180e-06 9.571034280e-03 1.077924780e-06 -2.498953330e-06 9.543001030e-03 1.221657330e-06 1.242881460e-07 2.803325400e-05 -1.437325550e-07
3.634600000e-01 -8.062336680e-07 8.138420180e-03 1.357045300e-06 -9.325161470e-07 8.110048790e-03 1.502470490e-06 1.262824790e-07 2.837138700e-05 -1.454251940e-07
3.639800000e-01 -1.560228800e-06 7.442520340e-03 1.280733190e-06 -1.688283540e-06 7.413486200e-03 1.427660270e-06 1.280547410e-07 2.903414230e-05 -1.469270770e-07
3.645000000e-01 -1.709919600e-06 6.053795570e-03 1.322455150e-06 -1.839798210e-06 6.024968640e-03 1.470921720e-06 1.298786070e-07 2.882693350e-05 -1.484665670e-07
3.650000000e-01 -1.706148140e-06 4.820844740e-03 1.292823440e-06 -1.837940210e-06 4.792940200e-03 1.442947630e-06 1.317920680e-07 2.790454480e-05 -1.501241930e-07
3.655000000e-01 -1.637219410e-06 3.023593900e-03 1.217797240e-06 -1.771029400e-06 2.996854080e-03 1.369666180e-06 1.338099880e-07 2.673982550e-05 -1.518689390e-07
3.660064000e-01 -1.777672440e-06 2.165156450e-04 1.367191770e-06 -1.913460410e-06 1.916044540e-04 1.520708880e-06 1.357879690e-07 2.491119040e-05 -1.535171070e-07
3.665195000e-01 -1.739144700e-06 1.688697750e-03 1.329527550e-06 -1.876961490e-06 1.665094430e-03 1.484691810e-06 1.378167820e-07 2.360331990e-05 -1.551642580e-07
3.670395000e-01 -1.830150150e-06 2.764148310e-03 1.412295730e-06 -1.969921030e-06 2.741492350e-03 1.568926410e-06 1.397708870e-07 2.265596450e-05 -1.566306770e-07
3.675595000e-01 -1.920308460e-06 1.860880160e-03 1.506549370e-06 -2.062005950e-06 1.839509900e-03 1.664607330e-06 1.416974880e-07 2.137025140e-05 -1.580579640e-07
3.680868000e-01 -2.138466300e-06 1.421164790e-03 1.585097590e-06 -2.282058970e-06 1.401282930e-03 1.744615450e-06 1.435926700e-07 1.988185530e-05 -1.595178570e-07
3.686218000e-01 -3.339947360e-06 1.273929490e-03 2.300076490e-06 -3.485114130e-06 1.255468760e-03 2.460744020e-06 1.451667710e-07 1.846072570e-05 -1.606675310e-07
3.691568000e-01 -2.050078540e-06 2.989690410e-04 1.826690940e-06 -2.197273390e-06 2.820704160e-04 1.988920190e-06 1.471948510e-07 1.689862470e-05 -1.622292440e-07
3.696999000e-01 -1.366441520e-06 4.234393700e-03 2.291883670e-06 -1.515778820e-06 4.218327570e-03 2.455622250e-06 1.493373050e-07 1.606613530e-05 -1.637385800e-07
3.702514000e-01 -2.098399390e-06 7.146118010e-03 1.528753670e-06 -2.249637120e-06 7.130440920e-03 1.693869050e-06 1.512377290e-07 1.567709100e-05 -1.651153810e-07
3.707944000e-01 -2.133247050e-06 -1.847642270e-03 1.644822720e-06 -2.286347800e-06 -1.861199920e-03 1.811241000e-06 1.531007470e-07 1.355764470e-05 -1.664182810e-07
3.713373000e-01 -1.945878210e-06 -3.634547270e-03 1.268757560e-06 -2.100994770e-06 -3.645836120e-03 1.436634150e-06 1.551165610e-07 1.128885540e-05 -1.678765920e-07
3.718803000e-01 -2.032116360e-06 2.715620280e-03 1.473161270e-06 -2.189165020e-06 2.705141140e-03 1.642470980e-06 1.570486660e-07 1.047914440e-05 -1.693097100e-07
3.724232000e-01 -2.242434620e-06 3.011805970e-03 1.906419320e-06 -2.401230360e-06 3.002173130e-03 2.076973240e-06 1.587957340e-07 9.632842310e-06 -1.705539260e-07
3.729662000e-01 -1.816053530e-06 3.045937580e-03 1.237447030e-06 -1.976764630e-06 3.037126890e-03 1.409510520e-06 1.607111040e-07 8.810697240e-06 -1.720634850e-07
3.735091000e-01 1.398061600e-07 2.455962990e-03 -9.231883920e-07 -2.350388200e-08 2.448191810e-03 -7.488154950e-07 1.633100420e-07 7.771174820e-06 -1.743728960e-07
3.740520000e-01 -6.270339810e-06 -1.915845330e-04 7.784401110e-06 -6.433527570e-06 -1.974125400e-04 7.957826950e-06 1.631877660e-07 5.828006720e-06 -1.734258400e-07
3.745950000e-01 -3.417415430e-06 1.253956850e-03 3.820759140e-06 -3.581757280e-06 1.249483150e-03 3.994794960e-06 1.643418500e-07 4.473701580e-06 -1.740358180e-07
3.751379000e-01 -1.828629020e-06 2.869948030e-03 1.707395890e-06 -1.994852870e-06 2.866121710e-03 1.882885750e-06 1.662238530e-07 3.826319420e-06 -1.754898660e-07
3.756712000e-01 -1.932705030e-06 3.628410000e-03 1.163773570e-06 -2.100690590e-06 3.625461380e-03 1.340701030e-06 1.679855610e-07 2.948623270e-06 -1.769274560e-07
3.762044000e-01 -4.541875450e-07 5.816231600e-03 4.572102890e-07 -6.242150300e-07 5.814160140e-03 6.358773040e-07 1.700274850e-07 2.071461280e-06 -1.786670150e-07
3.767377000e-01 -6.084485320e-06 1.711494670e-03 9.104138120e-06 -6.254172390e-06 1.710524830e-03 9.281632720e-06 1.696870670e-07 9.698431420e-07 -1.774945930e-07
3.772709000e-01 -3.414666890e-06 -1.750960310e-03 4.668703070e-06 -3.584904220e-06 -1.750697970e-03 4.846242960e-06 1.702373320e-07 -2.623414620e-07 -1.775398840e-07
3.778042000e-01 -2.868407510e-06 3.559224880e-03 3.813620380e-06 -3.039216420e-06 3.560342690e-03 3.991330980e-06 1.708089110e-07 -1.117806830e-06 -1.777106030e-07
3.783374000e-01 -2.684138410e-06 6.052315340e-03 3.357950640e-06 -2.855519240e-06 6.054146830e-03 3.535946630e-06 1.713808370e-07 -1.831491250e-06 -1.779959860e-07
3.788602000e-01 -2.560684730e-06 -6.463555320e-04 3.193507180e-06 -2.732698480e-06 -6.430542240e-04 3.371913790e-06 1.720137560e-07 -3.301307180e-06 -1.784066070e-07
3.793937000e-01 -2.478980160e-06 -2.598688530e-03 3.110311040e-06 -2.651568650e-06 -2.593773040e-03 3.289086300e-06 1.725884970e-07 -4.915487540e-06 -1.787752540e-07
3.799272000e-01 -2.213132060e-06 5.748151100e-03 2.455354920e-06 -2.386347790e-06 5.753380880e-03 2.634625570e-06 1.732157230e-07 -5.229781810e-06 -1.792706490e-07
3.804606000e-01 -1.832097760e-06 6.639947670e-03 2.091888000e-06 -2.006050620e-06 6.645473710e-03 2.271814610e-06 1.739528570e-07 -5.526045420e-06 -1.799266050e-07
3.809827000e-01 -2.232708540e-06 1.669805780e-03 2.447799410e-06 -2.407206120e-06 1.676521960e-03 2.628164650e-06 1.744975820e-07 -6.716176260e-06 -1.803652380e-07
3.815049000e-01 -2.122390390e-06 1.334528910e-03 2.286288360e-06 -2.297471040e-06 1.342351510e-03 2.467134440e-06 1.750806530e-07 -7.822604650e-06 -1.808460870e-07
3.820270000e-01 -2.088543740e-06 1.537412970e-03 2.162118870e-06 -2.264139090e-06 1.546307140e-03 2.343373650e-06 1.755953510e-07 -8.894166310e-06 -1.812547790e-07
3.825491000e-01 -1.721696200e-06 1.843968770e-03 2.362308920e-06 -1.897884970e-06 1.853854320e-03 2.543990300e-06 1.761887700e-07 -9.885558600e-06 -1.816813820e-07
3.830712000e-01 -4.395615860e-06 2.780846560e-03 4.997817460e-06 -4.571392960e-06 2.791288110e-03 5.178728110e-06 1.757770970e-07 -1.044154890e-05 -1.809106560e-07
3.835933000e-01 -2.404623220e-06 3.202283460e-03 2.507476400e-06 -2.580662280e-06 3.213352080e-03 2.688451750e-06 1.760390660e-07 -1.106861970e-05 -1.809753540e-07
3.841154000e-01 2.948882220e-09 5.637362630e-03 1.078253380e-06 -1.740687620e-07 5.649124660e-03 1.260051880e-06 1.770176440e-07 -1.176203360e-05 -1.817984920e-07
3.846375000e-01 -2.269342920e-06 4.168697600e-03 1.237379040e-06 -2.446496920e-06 4.181233180e-03 1.419177810e-06 1.771540000e-07 -1.253558160e-05 -1.817987700e-07
3.851597000e-01 -2.822788890e-06 -1.110990970e-03 1.146184230e-06 -2.999773180e-06 -1.097431020e-03 1.327679250e-06 1.769842870e-07 -1.355994990e-05 -1.814950210e-07
3.856818000e-01 -1.237658100e-06 1.468068990e-03 1.383337380e-06 -1.414783430e-06 1.482434280e-03 1.564795400e-06 1.771253230e-07 -1.436529040e-05 -1.814580160e-07
3.862039000e-01 -1.594069550e-06 5.887649970e-03 1.388684040e-06 -1.771051330e-06 5.902629140e-03 1.569864640e-06 1.769817770e-07 -1.497917580e-05 -1.811805920e-07
3.867260000e-01 -1.155562690e-06 4.376642400e-03 1.129580590e-06 -1.332448600e-06 4.392281540e-03 1.310510830e-06 1.768859100e-07 -1.563913750e-05 -1.809302350e-07
3.872481000e-01 3.575066500e-07 2.817854710e-03 -8.725316600e-07 1.801154680e-07 2.834003690e-03 -6.911677670e-07 1.773911820e-07 -1.614897040e-05 -1.813638940e-07
3.877702000e-01 -1.089870860e-06 2.864075130e-03 4.763431650e-07 -1.267154180e-06 2.880956780e-03 6.574580040e-07 1.772833210e-07 -1.688164510e-05 -1.811148400e-07
3.882923000e-01 -1.462379090e-06 9.157194310e-04 7.499154900e-07 -1.639305350e-06 9.338001810e-04 9.305653520e-07 1.769262630e-07 -1.808074980e-05 -1.806498620e-07
3.888145000e-01 -1.565620370e-06 3.506049690e-03 1.635545650e-06 -1.742016670e-06 3.524733230e-03 1.815431410e-06 1.763963060e-07 -1.868354340e-05 -1.798857520e-07
3.893366000e-01 -1.190356030e-06 7.947815040e-03 2.525606070e-09 -1.366336890e-06 7.966371820e-03 1.819572740e-07 1.759808620e-07 -1.855678540e-05 -1.794316680e-07
3.898587000e-01 -9.580442080e-07 1.975044210e-03 6.862028810e-07 -1.133447820e-06 1.994508400e-03 8.649194400e-07 1.754036100e-07 -1.946419430e-05 -1.787165590e-07
3.903808000e-01 -1.182241870e-06 -3.325718030e-03 -2.568007850e-08 -1.356968910e-06 -3.304583200e-03 1.522672080e-07 1.747270420e-07 -2.113483280e-05 -1.779472870e-07
3.909029000e-01 -4.404398150e-07 3.634860940e-03 -4.084596840e-07 -6.148157320e-07 3.656458320e-03 -2.309491470e-07 1.743759170e-07 -2.159738410e-05 -1.775105370e-07
3.914250000e-01 -3.887133990e-06 6.944249800e-03 6.815725490e-06 -4.059364860e-06 6.965845100e-03 6.990152090e-06 1.722308670e-07 -2.159530030e-05 -1.744266030e-07
3.919471000e-01 1.155210120e-05 6.111114030e-03 -1.949340080e-05 1.137560150e-05 6.132974090e-03 -1.931340490e-05 1.764997460e-07 -2.186005850e-05 -1.799958400e-07
3.924492000e-01 -2.538559990e-06 7.062326210e-03 1.970079970e-06 -2.713568190e-06 7.084337290e-03 2.148290400e-06 1.750081960e-07 -2.201108040e-05 -1.782104280e-07
3.929512000e-01 8.568047180e-06 3.316860390e-03 -2.192532480e-05 8.389372380e-06 3.339652850e-03 -2.174204320e-05 1.786748010e-07 -2.279246840e-05 -1.832815920e-07
3.934532000e-01 -2.058906630e-06 1.204821110e-03 7.845636590e-06 -2.235866480e-06 1.228654740e-03 8.026344040e-06 1.769598440e-07 -2.383362630e-05 -1.807074440e-07
3.939553000e-01 4.403637860e-07 3.329294580e-03 -9.054398280e-07 2.636408410e-07 3.353682220e-03 -7.251633850e-07 1.767229450e-07 -2.438763940e-05 -1.802764430e-07
3.944573000e-01 -1.833667150e-06 3.861049250e-03 2.456218070e-06 -2.009311770e-06 3.885798250e-03 2.635015540e-06 1.756446220e-07 -2.474899970e-05 -1.787974770e-07
3.949593000e-01 7.578356590e-08 2.397035360e-03 -1.230446050e-06 -9.934702970e-08 2.422531710e-03 -1.052273190e-06 1.751305960e-07 -2.549634670e-05 -1.781728560e-07
3.954614000e-01 6.747120300e-06 8.499829190e-04 -1.020984180e-05 6.570214450e-06 8.765725550e-04 -1.002905300e-05 1.769058580e-07 -2.658963640e-05 -1.807888710e-07
3.959634000e-01 -4.819117800e-06 5.734765480e-03 4.775777680e-06 -4.993402270e-06 5.761429790e-03 4.953178900e-06 1.742844740e-07 -2.666431440e-05 -1.774012170e-07
3.964654000e-01 -6.308249350e-07 8.365160230e-03 -5.964676030e-07 -8.039474940e-07 8.391380700e-03 -4.203527500e-07 1.731225590e-07 -2.622047040e-05 -1.761148530e-07
3.969675000e-01 -3.434475950e-07 5.867683000e-03 -5.613799200e-07 -5.152711590e-07 5.894309730e-03 -3.867589450e-07 1.718235640e-07 -2.662672520e-05 -1.746209750e-07
3.974695000e-01 -6.894162880e-08 5.683308730e-03 -9.920023640e-07 -2.395205090e-07 5.710582180e-03 -8.186961600e-07 1.705788800e-07 -2.727345100e-05 -1.733062040e-07
3.979715000e-01 1.312506850e-07 2.136434380e-03 -1.177062240e-06 -3.818706690e-08 2.164438320e-03 -1.004945220e-06 1.694377520e-07 -2.800393840e-05 -1.721170190e-07
3.984736000e-01 -9.124652670e-07 -1.518026260e-03 -4.148822580e-08 -1.080396180e-06 -1.489081660e-03 1.289282270e-07 1.679309120e-07 -2.894459320e-05 -1.704164530e-07
3.989756000e-01 1.210008550e-07 5.242318840e-03 -1.004226370e-06 -4.572270040e-08 5.271599000e-03 -8.351384070e-07 1.667235550e-07 -2.928016360e-05 -1.690879640e-07
3.994776000e-01 -2.782678830e-06 1.004036210e-02 -1.681450840e-06 -2.947308380e-06 1.006975010e-02 -1.514471330e-06 1.646295490e-07 -2.938797840e-05 -1.669795050e-07
3.999797000e-01 4.126043960e-06 5.936133040e-03 -3.061652210e-06 3.961204840e-06 5.965765340e-03 -2.894727130e-06 1.648391160e-07 -2.963229950e-05 -1.669250780e-07
4.004817000e-01 9.393000360e-07 4.729814560e-03 -2.274552970e-06 7.753051100e-07 4.759465250e-03 -2.108652090e-06 1.639949260e-07 -2.965069470e-05 -1.659008880e-07
4.009837000e-01 4.572204120e-07 2.935800330e-03 -2.719613200e-06 2.942479220e-07 2.966083630e-03 -2.554811010e-06 1.629724900e-07 -3.028330240e-05 -1.648021840e-07
4.014858000e-01 3.817026880e-06 6.781158070e-04 -5.877754530e-06 3.653794950e-06 7.095911650e-04 -5.712585470e-06 1.632319220e-07 -3.147535740e-05 -1.651690640e-07
4.019878000e-01 1.641758300e-06 5.337781560e-03 -3.637883480e-06 1.479003770e-06 5.369455950e-03 -3.473327560e-06 1.627545230e-07 -3.167438200e-05 -1.645559180e-07
4.024898000e-01 -4.890525190e-06 9.133093530e-03 -7.940535700e-07 -5.050862920e-06 9.164267740e-03 -6.323259890e-07 1.603377270e-07 -3.117421460e-05 -1.617275810e-07
4.029919000e-01 5.003189910e-06 6.188733760e-03 -6.184083830e-06 4.842057760e-06 6.220215420e-03 -6.021608670e-06 1.611321490e-07 -3.148166610e-05 -1.624751630e-07
4.034939000e-01 3.880822520e-06 5.103526360e-03 -7.929447820e-06 3.719118330e-06 5.135810120e-03 -7.766362240e-06 1.617041940e-07 -3.228375460e-05 -1.630855790e-07
4.039959000e-01 2.062808990e-06 4.934750340e-03 -4.289090530e-06 1.901269620e-06 4.967393240e-03 -4.126488300e-06 1.615393740e-07 -3.264290880e-05 -1.626022250e-07
4.044980000e-01 3.208925970e-07 4.792769570e-03 -1.703588770e-06 1.601897440e-07 4.825419300e-03 -1.542386680e-06 1.607028530e-07 -3.264972720e-05 -1.612020910e-07
4.050000000e-01 -2.950617940e-07 5.269051890e-03 -2.114460060e-06 -4.547465810e-07 5.302086460e-03 -1.954839110e-06 1.596847870e-07 -3.303456420e-05 -1.596209440e-07
4.054880000e-01 3.496084060e-07 5.808077760e-03 -2.058723710e-06 1.907584480e-07 5.841823050e-03 -1.900632140e-06 1.588499590e-07 -3.374528390e-05 -1.580915680e-07
4.059759000e-01 2.886812480e-06 5.607884450e-03 -3.870280670e-06 2.727862610e-06 5.641981560e-03 -3.712717930e-06 1.589498680e-07 -3.409711300e-05 -1.575627390e-07
4.064639000e-01 -1.204710490e-06 4.579514840e-03 -1.596442060e-06 -1.362582020e-06 4.613697050e-03 -1.440752800e-06 1.578715320e-07 -3.418221230e-05 -1.556892510e-07
4.069518000e-01 2.613496730e-06 5.436198380e-03 -8.089842960e-06 2.455049180e-06 5.470573770e-03 -7.933846840e-06 1.584475540e-07 -3.437538840e-05 -1.559961180e-07
4.074398000e-01 -1.564386790e-06 6.757532630e-03 3.333930140e-06 -1.721274630e-06 6.792105090e-03 3.486995700e-06 1.568878450e-07 -3.457246320e-05 -1.530655600e-07
4.079277000e-01 -1.008911760e-07 6.515084280e-03 -1.561967600e-06 -2.570792530e-07 6.549851010e-03 -1.410536260e-06 1.561880770e-07 -3.476672770e-05 -1.514313480e-07
4.084094000e-01 5.307998160e-07 6.270200930e-03 -3.511588550e-06 3.749329450e-07 6.305234530e-03 -3.361260160e-06 1.558668710e-07 -3.503360000e-05 -1.503283940e-07
4.088911000e-01 5.634130350e-07 6.637724560e-03 -2.545029690e-06 4.079003610e-07 6.673008370e-03 -2.395945190e-06 1.555126740e-07 -3.528381080e-05 -1.490844950e-07
4.093728000e-01 2.819440020e-07 6.778648980e-03 -2.143500460e-06 1.269000280e-07 6.814142490e-03 -1.995837270e-06 1.550439740e-07 -3.549351250e-05 -1.476631920e-07
4.098545000e-01 2.622997770e-07 6.090462680e-03 -1.297363100e-06 1.077434100e-07 6.126240460e-03 -1.151226680e-06 1.545563670e-07 -3.577778220e-05 -1.461364200e-07
4.103362000e-01 -5.795471310e-08 2.782118580e-03 -1.351828270e-06 -2.119399270e-07 2.818596940e-03 -1.207258440e-06 1.539852140e-07 -3.647835240e-05 -1.445698330e-07
4.108179000e-01 -1.115535520e-06 3.861030310e-03 6.315055640e-07 -1.268475690e-06 3.898051420e-03 7.739023880e-07 1.529401730e-07 -3.702110510e-05 -1.423968240e-07
4.112996000e-01 -2.217490430e-06 1.076897370e-02 1.440129450e-06 -2.369102700e-06 1.080546410e-02 1.580014690e-06 1.516122750e-07 -3.649038470e-05 -1.398852430e-07
4.117813000e-01 -3.186912680e-06 1.106550580e-02 3.075647970e-06 -3.336718440e-06 1.110151520e-02 3.212307730e-06 1.498057670e-07 -3.600945440e-05 -1.366597600e-07
4.122562000e-01 -1.292162430e-06 3.779721490e-03 8.064776480e-08 -1.440971220e-06 3.816412600e-03 2.150937420e-07 1.488087880e-07 -3.669111750e-05 -1.344459770e-07
4.127311000e-01 9.810454620e-07 2.705291260e-03 -3.443940510e-06 8.322149560e-07 2.742777300e-03 -3.310377450e-06 1.488305060e-07 -3.748604410e-05 -1.335630580e-07
4.132060000e-01 -1.586467190e-06 7.112757280e-03 1.143759070e-06 -1.734276130e-06 7.150203000e-03 1.275008930e-06 1.478089330e-07 -3.744571770e-05 -1.312498520e-07
4.136809000e-01 5.111459480e-06 9.343942690e-03 -9.624710830e-06 4.962163480e-06 9.381039670e-03 -9.492547590e-06 1.492960020e-07 -3.709697390e-05 -1.321632380e-07
4.141558000e-01 1.682565090e-06 5.471721520e-03 -4.068373240e-06 1.532990070e-06 5.509221830e-03 -3.936843140e-06 1.495750150e-07 -3.750031240e-05 -1.315300960e-07
4.146307000e-01 8.695193240e-07 2.389384500e-03 -2.332431360e-06 7.199465890e-07 2.427704380e-03 -2.201983750e-06 1.495727350e-07 -3.831988230e-05 -1.304476050e-07
4.151057000e-01 4.444274590e-08 6.697542940e-03 -1.477371380e-06 -1.048706690e-07 6.736065620e-03 -1.348320370e-06 1.493134150e-07 -3.852267920e-05 -1.290510070e-07
4.155806000e-01 1.969264590e-07 1.065061790e-02 -1.895540660e-06 4.773175190e-08 1.068897970e-02 -1.767663000e-06 1.491947070e-07 -3.836178070e-05 -1.278776610e-07
4.160555000e-01 4.286388070e-07 8.862631450e-03 -1.179214600e-06 2.795436210e-07 8.901029850e-03 -1.052524550e-06 1.490951860e-07 -3.839839650e-05 -1.266900450e-07
4.165304000e-01 -1.573387770e-06 7.966858580e-03 8.165773940e-07 -1.721675440e-06 8.005238480e-03 9.412222150e-07 1.482876680e-07 -3.837989650e-05 -1.246448200e-07
4.170053000e-01 -1.261428650e-06 7.444734610e-03 2.483010570e-07 -1.409006740e-06 7.483184950e-03 3.710764810e-07 1.475780840e-07 -3.845034360e-05 -1.227754240e-07
4.174802000e-01 9.430159150e-07 3.423387190e-03 -2.614575570e-06 7.953212300e-07 3.462201370e-03 -2.492664290e-06 1.476946850e-07 -3.881418020e-05 -1.219112750e-07
4.179551000e-01 -6.938749280e-08 5.159523240e-03 -8.587549140e-07 -2.167889960e-07 5.198559890e-03 -7.382549580e-07 1.474015030e-07 -3.903664480e-05 -1.204999560e-07
4.184300000e-01 -7.343161600e-07 1.046183120e-02 -1.161464090e-06 -8.811876890e-07 1.050086310e-02 -1.042573990e-06 1.468715290e-07 -3.903195040e-05 -1.188900990e-07
4.189050000e-01 1.859533600e-06 9.996336190e-03 -2.521966340e-06 1.712408690e-06 1.003544600e-02 -2.403889490e-06 1.471249110e-07 -3.910985760e-05 -1.180768500e-07
4.193715000e-01 8.129115130e-06 4.865614230e-03 -1.355547950e-05 7.979090510e-06 4.905023580e-03 -1.343457570e-05 1.500246190e-07 -3.940934980e-05 -1.209038040e-07
4.198381000e-01 1.984896130e-06 4.416701730e-03 -4.757420410e-06 1.834256620e-06 4.456373990e-03 -4.636543430e-06 1.506395090e-07 -3.967226240e-05 -1.208769780e-07
4.203133000e-01 -3.985759410e-06 7.707506110e-03 8.812235540e-07 -4.134805130e-06 7.747163620e-03 9.996308650e-07 1.490457150e-07 -3.965750300e-05 -1.184073110e-07
4.207886000e-01 7.849739400e-07 8.129704120e-03 8.248233870e-07 6.361323200e-07 8.169382450e-03 9.419006860e-07 1.488416200e-07 -3.967833100e-05 -1.170772990e-07
4.212638000e-01 9.806079500e-08 1.005727220e-02 -5.268241630e-07 -5.046404320e-08 1.009674070e-02 -4.109495330e-07 1.485248380e-07 -3.946849090e-05 -1.158746300e-07
4.217299000e-01 -3.334233890e-07 1.156673950e-02 2.892199800e-06 -4.811020180e-07 1.160578520e-02 3.006008580e-06 1.476786290e-07 -3.904569990e-05 -1.138087800e-07
4.221959000e-01 -6.670344710e-08 8.607731370e-03 -1.985002990e-06 -2.139303440e-07 8.646933250e-03 -1.872103060e-06 1.472268970e-07 -3.920187820e-05 -1.128999250e-07
4.226620000e-01 1.405846210e-06 6.755304700e-03 -2.590738070e-06 1.258545400e-06 6.795171650e-03 -2.478337320e-06 1.473008100e-07 -3.986694200e-05 -1.124007530e-07
4.231281000e-01 5.490742630e-07 6.941125080e-03 -1.394695550e-06 4.020923360e-07 6.981206070e-03 -1.283264950e-06 1.469819270e-07 -4.008098550e-05 -1.114306020e-07
4.235942000e-01 -4.474515850e-06 5.386998080e-03 8.498689350e-06 -4.619296600e-06 5.426836500e-03 8.606758490e-06 1.447807520e-07 -3.983841430e-05 -1.080691340e-07
4.240603000e-01 1.636245720e-05 6.577712010e-03 -2.543664550e-05 1.621228410e-05 6.617515710e-03 -2.532194100e-05 1.501731240e-07 -3.980369710e-05 -1.147045120e-07
4.245367000e-01 1.323823570e-06 1.021735090e-02 -4.189252550e-06 1.173766520e-06 1.025735380e-02 -4.075015540e-06 1.500570510e-07 -4.000296990e-05 -1.142370110e-07
4.250026000e-01 1.501374080e-06 1.001080470e-02 -3.066818510e-06 1.351310270e-06 1.005095910e-02 -2.952899800e-06 1.500638040e-07 -4.015439020e-05 -1.139187150e-07
4.254684000e-01 2.528910660e-06 8.147026840e-03 -3.035582580e-06 2.378431660e-06 8.186900810e-03 -2.921613520e-06 1.504790030e-07 -3.987397440e-05 -1.139690580e-07
4.259343000e-01 1.036442690e-06 8.200363450e-03 -1.322962570e-06 8.861192730e-07 8.239939220e-03 -1.209688840e-06 1.503234160e-07 -3.957576340e-05 -1.132737360e-07
4.264001000e-01 5.992683540e-07 8.388332860e-03 -3.608084440e-07 4.493310600e-07 8.427988110e-03 -2.485635880e-07 1.499372940e-07 -3.965525580e-05 -1.122448560e-07
4.268660000e-01 -8.422150220e-07 8.415626040e-03 5.078069890e-06 -9.911958850e-07 8.455339110e-03 5.188250320e-06 1.489808630e-07 -3.971307580e-05 -1.101804270e-07
4.273318000e-01 2.328414650e-08 7.496435980e-03 1.573570200e-06 -1.251881630e-07 7.536445430e-03 1.682420690e-06 1.484723100e-07 -4.000945220e-05 -1.088504840e-07
4.277977000e-01 -5.738784130e-06 6.037817060e-03 7.029642550e-06 -5.884824890e-06 6.078385530e-03 7.135050290e-06 1.460407590e-07 -4.056847100e-05 -1.054077460e-07
4.282635000e-01 -4.111419560e-08 7.953993510e-03 1.326418310e-06 -1.866503930e-07 7.994562750e-03 1.430616120e-06 1.455361980e-07 -4.056923990e-05 -1.041978140e-07
4.287294000e-01 -1.553326630e-05 8.926838590e-03 2.443890290e-05 -1.567268290e-05 8.967093510e-03 2.453497360e-05 1.394165250e-07 -4.025492750e-05 -9.607073190e-08
4.291952000e-01 8.526031040e-06 9.481116610e-03 -9.770487370e-06 8.383943740e-06 9.521099820e-03 -9.671529920e-06 1.420872990e-07 -3.998321020e-05 -9.895744660e-08
4.296611000e-01 6.442586870e-06 1.295858970e-02 -8.874719650e-06 6.298552340e-06 1.299786150e-02 -8.773543830e-06 1.440345320e-07 -3.927178080e-05 -1.011758170e-07
4.301269000e-01 -7.782801890e-06 1.117013670e-02 9.521031680e-06 -7.923657960e-06 1.120910750e-02 9.618431170e-06 1.408560760e-07 -3.897085420e-05 -9.739949380e-08
4.305928000e-01 -3.311796010e-06 2.676411210e-03 6.772658210e-06 -3.450829700e-06 2.716443220e-03 6.867523440e-06 1.390336910e-07 -4.003201640e-05 -9.486522280e-08
4.310586000e-01 -4.463371600e-06 3.931339670e-03 5.297804760e-06 -4.600368660e-06 3.972093930e-03 5.390435600e-06 1.369970600e-07 -4.075425970e-05 -9.263084210e-08
4.315245000e-01 -1.528672580e-06 1.134543800e-02 1.659106880e-06 -1.664804520e-06 1.138556260e-02 1.751055540e-06 1.361319410e-07 -4.012461290e-05 -9.194865880e-08
4.319903000e-01 -9.446340190e-07 1.218589070e-02 2.138317520e-06 -1.079981020e-06 1.222542610e-02 2.229589990e-06 1.353470050e-07 -3.953539260e-05 -9.127247340e-08
4.324562000e-01 -3.116988410e-06 9.152309370e-03 4.374802780e-06 -3.250770670e-06 9.191708190e-03 4.464489790e-06 1.337822560e-07 -3.939882810e-05 -8.968701220e-08
4.329220000e-01 1.058916940e-06 8.693542140e-03 -1.979830910e-06 9.249628590e-07 8.732832390e-03 -1.889478940e-06 1.339540820e-07 -3.929025440e-05 -9.035196960e-08
4.333879000e-01 7.638437460e-06 1.038413790e-02 -8.859640330e-06 7.502104080e-06 1.042330480e-02 -8.766053170e-06 1.363333750e-07 -3.916686650e-05 -9.358715820e-08
4.338537000e-01 2.118921210e-06 1.181673750e-02 -1.216437970e-06 1.982123220e-06 1.185577880e-02 -1.122013110e-06 1.367979850e-07 -3.904132630e-05 -9.442485940e-08
4.343196000e-01 3.728919370e-06 9.140147630e-03 -5.105481290e-06 3.591004960e-06 9.179202810e-03 -5.009143090e-06 1.379144120e-07 -3.905518490e-05 -9.633820830e-08
4.347854000e-01 -1.532495070e-06 5.543367410e-03 3.663337750e-06 -1.669659240e-06 5.582600730e-03 3.758966420e-06 1.371641680e-07 -3.923332050e-05 -9.562866430e-08
4.352513000e-01 8.932440140e-07 7.331215080e-03 2.544325230e-07 7.559878140e-07 7.370472040e-03 3.502814320e-07 1.372562000e-07 -3.925695360e-05 -9.584890920e-08
4.357171000e-01 -1.161891410e-06 1.153586170e-02 1.559537290e-06 -1.298681810e-06 1.157494560e-02 1.655072800e-06 1.367904040e-07 -3.908395000e-05 -9.553551230e-08
4.361830000e-01 5.351024670e-07 1.056851980e-02 -1.052475750e-06 3.981148350e-07 1.060751070e-02 -9.562768700e-07 1.369876320e-07 -3.899092460e-05 -9.619887750e-08
4.366488000e-01 -3.276520490e-06 8.757061940e-03 4.416682080e-06 -3.412445380e-06 8.795932280e-03 4.511916670e-06 1.359248900e-07 -3.887033620e-05 -9.523459580e-08
4.371147000e-01 1.370181240e-06 9.047135800e-03 1.058043530e-06 1.233797350e-06 9.085905830e-03 1.154279970e-06 1.363838930e-07 -3.877003020e-05 -9.623643610e-08
4.375805000e-01 1.134593990e-06 1.191493040e-02 1.944662480e-06 9.977441710e-07 1.195327700e-02 2.041780890e-06 1.368498190e-07 -3.834666030e-05 -9.711840550e-08
4.380464000e-01 -1.500488880e-06 1.229477160e-02 3.660333950e-06 -1.636900800e-06 1.233267320e-02 3.757402580e-06 1.364119140e-07 -3.790166050e-05 -9.706863420e-08
4.385122000e-01 -4.031596060e-06 7.759718860e-03 7.648836520e-06 -4.166434950e-06 7.797753110e-03 7.744404770e-06 1.348388870e-07 -3.803424700e-05 -9.556824850e-08
4.389781000e-01 -1.326696420e-06 5.237145340e-03 3.331642490e-06 -1.460942930e-06 5.275457880e-03 3.427037920e-06 1.342465040e-07 -3.831254360e-05 -9.539543090e-08
4.394439000e-01 -3.800178330e-06 9.224789930e-03 7.656330060e-06 -3.932808010e-06 9.263052510e-03 7.750211100e-06 1.326296730e-07 -3.826258200e-05 -9.388104160e-08
4.399098000e-01 1.786765030e-06 1.080201360e-02 -1.887538710e-06 1.653601690e-06 1.084029090e-02 -1.792348840e-06 1.331633440e-07 -3.827729650e-05 -9.518987480e-08
4.403756000e-01 1.193571640e-06 1.179409840e-02 1.527589840e-07 1.060015060e-06 1.183205920e-02 2.490726270e-07 1.335565840e-07 -3.796073980e-05 -9.631364310e-08
4.408415000e-01 -2.862696980e-06 1.449721500e-02 5.456508340e-06 -2.995007730e-06 1.453429530e-02 5.551872880e-06 1.323107530e-07 -3.708026640e-05 -9.536453940e-08
4.413073000e-01 -2.115530190e-06 1.161392930e-02 5.595511700e-06 -2.246885250e-06 1.165065020e-02 5.690168450e-06 1.313550540e-07 -3.672095800e-05 -9.465675280e-08
4.417732000e-01 -2.132119340e-06 5.435691230e-03 4.519851070e-06 -2.262690620e-06 5.472812570e-03 4.614269050e-06 1.305712840e-07 -3.712134170e-05 -9.441797210e-08
4.422390000e-01 -1.405491820e-06 6.689143420e-03 2.265422730e-06 -1.535660810e-06 6.726402060e-03 2.360158180e-06 1.301689940e-07 -3.725864520e-05 -9.473544840e-08
4.427049000e-01 -3.636583470e-06 1.208035740e-02 3.229296610e-06 -3.765863660e-06 1.211721910e-02 3.323710670e-06 1.292801920e-07 -3.686172250e-05 -9.441405790e-08
4.431707000e-01 -4.904626690e-06 1.191758080e-02 7.460325820e-06 -5.032420500e-06 1.195413520e-02 7.553525170e-06 1.277938090e-07 -3.655436960e-05 -9.319934980e-08
4.436366000e-01 -7.055016190e-06 8.169107200e-03 1.075239450e-05 -7.180463790e-06 8.205662430e-03 1.084342320e-05 1.254475960e-07 -3.655523320e-05 -9.102867200e-08
4.441024000e-01 -7.558700650e-06 8.452722150e-03 1.163116490e-05 -7.681699610e-06 8.489254540e-03 1.172002770e-05 1.229989620e-07 -3.653239250e-05 -8.886285230e-08
4.445683000e-01 -4.515719160e-06 1.145731030e-02 8.352658310e-06 -4.637487380e-06 1.149357430e-02 8.440945350e-06 1.217682190e-07 -3.626398380e-05 -8.828703960e-08
4.450341000e-01 2.558778580e-06 1.324955240e-02 -1.119864570e-07 2.435387120e-06 1.328549580e-02 -2.081672820e-08 1.233914590e-07 -3.594331960e-05 -9.116972870e-08
4.455000000e-01 -6.546686440e-06 1.049559800e-02 1.131178680e-05 -6.668264390e-06 1.053143890e-02 1.140174390e-05 1.215779500e-07 -3.584084320e-05 -8.995715130e-08
4.459655000e-01 -1.008312980e-05 8.938315380e-03 1.369164540e-05 -1.020200470e-05 8.974201590e-03 1.377949630e-05 1.188748440e-07 -3.588620570e-05 -8.785090980e-08
4.464365000e-01 -2.824763030e-06 1.043643940e-02 6.044131120e-06 -2.943404990e-06 1.047213960e-02 6.132574750e-06 1.186419600e-07 -3.570025380e-05 -8.844362880e-08
4.469075000e-01 -4.547476980e-06 1.065181390e-02 9.361083140e-06 -4.665339290e-06 1.068714290e-02 9.449178820e-06 1.178623130e-07 -3.532903640e-05 -8.809568350e-08
4.473785000e-01 -5.958547960e-06 9.898032910e-03 7.458366490e-06 -6.075428560e-06 9.933070840e-03 7.546239030e-06 1.168806000e-07 -3.503792420e-05 -8.787254490e-08
4.478495000e-01 -8.111632770e-06 9.437790140e-03 7.789561750e-06 -8.227009010e-06 9.472499560e-03 7.877066270e-06 1.153762340e-07 -3.470941760e-05 -8.750451220e-08
4.483205000e-01 -3.112546390e-06 9.662174920e-03 7.121215060e-06 -3.228344070e-06 9.696529760e-03 7.210462780e-06 1.157976780e-07 -3.435484040e-05 -8.924771350e-08
4.487915000e-01 -3.187125360e-06 1.160878910e-02 6.287736670e-06 -3.303253700e-06 1.164289440e-02 6.378642940e-06 1.161283380e-07 -3.410537260e-05 -9.090626730e-08
4.492625000e-01 -5.327177490e-06 1.218186690e-02 8.483674030e-06 -5.443041350e-06 1.221574450e-02 8.575601490e-06 1.158638560e-07 -3.387755350e-05 -9.192746170e-08
4.497275000e-01 -3.277222360e-06 9.178740750e-03 4.386550940e-06 -3.394077210e-06 9.212649060e-03 4.481099820e-06 1.168548450e-07 -3.390831000e-05 -9.454887310e-08
4.501925000e-01 -2.168109140e-06 9.259845420e-03 5.397833410e-06 -2.286269190e-06 9.293770420e-03 5.495325930e-06 1.181600500e-07 -3.392500030e-05 -9.749251960e-08
4.506576000e-01 -4.647835510e-06 1.067073120e-02 7.026306410e-06 -4.766551500e-06 1.070436730e-02 7.125909730e-06 1.187159980e-07 -3.363606870e-05 -9.960331770e-08
4.511226000e-01 -3.670885230e-06 1.107759610e-02 6.984899760e-06 -3.790608790e-06 1.111089340e-02 7.087088420e-06 1.197235570e-07 -3.329724710e-05 -1.021886570e-07
4.515876000e-01 -4.292309010e-06 1.035488190e-02 6.015525020e-06 -4.412765300e-06 1.038789470e-02 6.120081300e-06 1.204562890e-07 -3.301278370e-05 -1.045562890e-07
4.520527000e-01 -3.454536540e-06 9.046460160e-03 2.263672680e-06 -3.576405530e-06 9.079225790e-03 2.371660230e-06 1.218689870e-07 -3.276562940e-05 -1.079875480e-07
4.525177000e-01 -7.552905060e-06 1.050335410e-02 8.840673800e-06 -7.674577220e-06 1.053583210e-02 8.950051090e-06 1.216721600e-07 -3.247798010e-05 -1.093772880e-07
4.529827000e-01 -5.536568650e-06 1.376176540e-02 9.153826940e-06 -5.658670880e-06 1.379366180e-02 9.265056470e-06 1.221022240e-07 -3.189640370e-05 -1.112295310e-07
4.534478000e-01 8.191792150e-07 1.249150650e-02 -4.457497550e-06 6.940900850e-07 1.252299040e-02 -4.340566120e-06 1.250891300e-07 -3.148385510e-05 -1.169314310e-07
4.539062000e-01 -5.100903990e-06 9.305211860e-03 1.111375870e-05 -5.226393290e-06 9.336490790e-03 1.123218140e-05 1.254893000e-07 -3.127892720e-05 -1.184226330e-07
4.543647000e-01 -4.985382390e-06 1.027670550e-02 8.505460550e-06 -5.111472800e-06 1.030772910e-02 8.625795000e-06 1.260904070e-07 -3.102358030e-05 -1.203344520e-07
4.548232000e-01 -1.699501070e-06 9.145489420e-03 5.629047250e-06 -1.827427270e-06 9.176651140e-03 5.752826190e-06 1.279262010e-07 -3.116172420e-05 -1.237789360e-07
4.552817000e-01 -6.564807510e-06 9.544459550e-03 9.163123370e-06 -6.692867200e-06 9.575765590e-03 9.288322290e-06 1.280596890e-07 -3.130604400e-05 -1.251989170e-07
4.557402000e-01 -3.997400800e-06 1.296397250e-02 7.293624190e-06 -4.126450970e-06 1.299454930e-02 7.421414180e-06 1.290501680e-07 -3.057680430e-05 -1.277899920e-07
4.561987000e-01 2.164061120e-06 1.622882170e-02 1.798119530e-07 2.031763580e-06 1.625827410e-02 3.130249420e-07 1.322975400e-07 -2.945245850e-05 -1.332129890e-07
4.566571000e-01 -5.832571610e-06 9.845136230e-03 7.657062800e-06 -5.965224170e-06 9.874598890e-03 7.792574480e-06 1.326525550e-07 -2.946266000e-05 -1.355116740e-07
4.571156000e-01 -8.924536890e-06 5.544776640e-03 1.326150340e-05 -9.056108670e-06 5.575001890e-03 1.339736850e-05 1.315717830e-07 -3.022525550e-05 -1.358651170e-07
4.575741000e-01 1.053221410e-06 1.086829790e-02 4.371737060e-06 9.191537530e-07 1.089823800e-02 4.512071700e-06 1.340676550e-07 -2.994012660e-05 -1.403346370e-07
4.580253000e-01 -1.262011980e-06 1.406459240e-02 -1.520957310e-06 -1.397948640e-06 1.409348760e-02 -1.375964640e-06 1.359366650e-07 -2.889516720e-05 -1.449926730e-07
4.584765000e-01 -3.316068420e-06 1.251327740e-02 1.083566920e-05 -3.452315560e-06 1.254163060e-02 1.098262750e-05 1.362471390e-07 -2.835323150e-05 -1.469583110e-07
4.589277000e-01 -3.568333520e-06 1.042315050e-02 6.745556170e-06 -3.704953540e-06 1.045140970e-02 6.894983040e-06 1.366200190e-07 -2.825921490e-05 -1.494268750e-07
4.593789000e-01 -4.181833370e-06 1.085835190e-02 1.758861120e-05 -4.318090380e-06 1.088638840e-02 1.773893990e-05 1.362570060e-07 -2.803648690e-05 -1.503287210e-07
4.598301000e-01 -1.737669000e-06 9.956776850e-03 6.299145830e-07 -1.874843000e-06 9.984630500e-03 7.839118660e-07 1.371739940e-07 -2.785364950e-05 -1.539972840e-07
4.602813000e-01 -5.595890150e-06 1.026244120e-02 9.819216150e-06 -5.732418340e-06 1.029007300e-02 9.974711450e-06 1.365281940e-07 -2.763175960e-05 -1.554953050e-07
4.607325000e-01 -4.390165940e-06 1.084488490e-02 8.123128580e-06 -4.526381440e-06 1.087229980e-02 8.280767950e-06 1.362154930e-07 -2.741486160e-05 -1.576393730e-07
4.611837000e-01 -4.547105580e-06 1.094950360e-02 6.402764050e-06 -4.683084710e-06 1.097685580e-02 6.562936930e-06 1.359791280e-07 -2.735226260e-05 -1.601728870e-07
4.616349000e-01 4.140006360e-06 1.096019060e-02 -2.305678620e-06 4.001147860e-06 1.098723350e-02 -2.139158400e-06 1.388584970e-07 -2.704288930e-05 -1.665202140e-07
4.620779000e-01 -4.879555980e-06 1.027780420e-02 7.607999800e-06 -5.017777220e-06 1.030434230e-02 7.776333730e-06 1.382212440e-07 -2.653814040e-05 -1.683339280e-07
4.625209000e-01 2.264329440e-06 1.118167480e-02 -1.255361340e-06 2.124318240e-06 1.120779770e-02 -1.082304370e-06 1.400111980e-07 -2.612297860e-05 -1.730569610e-07
4.629639000e-01 -6.662283660e-06 1.473636780e-02 1.235175300e-05 -6.800645160e-06 1.476210470e-02 1.252479630e-05 1.383614960e-07 -2.573685290e-05 -1.730433230e-07
4.634069000e-01 -7.647967460e-06 1.345200350e-02 5.587104990e-06 -7.784260160e-06 1.347742040e-02 5.760255190e-06 1.362926990e-07 -2.541686510e-05 -1.731501980e-07
4.638499000e-01 8.171280420e-06 9.336989080e-03 1.965160090e-06 8.032273730e-06 9.362206640e-03 2.142867310e-06 1.390066880e-07 -2.521755250e-05 -1.777072190e-07
4.642930000e-01 -6.440588600e-07 8.491439570e-03 1.415623090e-06 -7.832957490e-07 8.516394390e-03 1.595613630e-06 1.392368890e-07 -2.495482130e-05 -1.799905340e-07
4.647360000e-01 9.873323300e-08 1.044146550e-02 3.252721180e-06 -4.064122420e-08 1.046618560e-02 3.434953730e-06 1.393744570e-07 -2.472012720e-05 -1.822325490e-07
4.651790000e-01 6.889013310e-08 1.047029220e-02 7.185713920e-06 -7.003674660e-08 1.049498640e-02 7.369197360e-06 1.389268800e-07 -2.469417290e-05 -1.834834330e-07
4.656220000e-01 -2.220285550e-06 1.125429500e-02 7.983642130e-06 -2.357937080e-06 1.127866470e-02 8.167456780e-06 1.376515320e-07 -2.436978890e-05 -1.838146520e-07
4.660555000e-01 -3.182927830e-06 1.403325930e-02 5.502393830e-06 -3.319014970e-06 1.405687370e-02 5.686551990e-06 1.360871460e-07 -2.361444290e-05 -1.841581530e-07
4.664891000e-01 2.794165930e-06 1.354584220e-02 -7.062498030e-07 2.657825780e-06 1.356890100e-02 -5.197229460e-07 1.363401570e-07 -2.305882150e-05 -1.865268570e-07
4.669227000e-01 -2.023879950e-07 8.844559040e-03 4.625683450e-06 -3.377858760e-07 8.867582560e-03 4.812980590e-06 1.353978800e-07 -2.302352110e-05 -1.872971340e-07
4.673563000e-01 1.495854760e-06 7.872926080e-03 1.923940400e-06 1.360959770e-06 7.895924120e-03 2.112539370e-06 1.348949860e-07 -2.299804390e-05 -1.885989630e-07
4.677898000e-01 2.051170970e-06 9.868275780e-03 8.069989120e-07 1.916645750e-06 9.890972180e-03 9.970264170e-07 1.345252150e-07 -2.269639790e-05 -1.900275050e-07
4.682234000e-01 1.744139010e-06 1.012894900e-02 1.300814610e-06 1.610288390e-06 1.015122040e-02 1.491857200e-06 1.338506250e-07 -2.227142980e-05 -1.910425970e-07
4.686570000e-01 4.574525030e-06 1.248917420e-02 -4.966197390e-06 4.440295000e-06 1.251105990e-02 -4.772497500e-06 1.342300250e-07 -2.188565040e-05 -1.936998850e-07
4.690906000e-01 9.574474930e-07 1.502221410e-02 4.878210120e-06 8.246739150e-07 1.504376500e-02 5.071614350e-06 1.327735780e-07 -2.155088250e-05 -1.934042360e-07
4.695241000e-01 4.750762130e-06 1.382128720e-02 -8.964415050e-06 4.617918250e-06 1.384255660e-02 -8.768662970e-06 1.328438840e-07 -2.126939420e-05 -1.957520810e-07
4.699577000e-01 2.933464890e-06 6.618134720e-03 6.767231770e-06 2.801776580e-06 6.639479500e-03 6.962652480e-06 1.316883150e-07 -2.134478230e-05 -1.954207150e-07
4.703913000e-01 1.291864520e-06 4.151278340e-03 5.432511780e-06 1.161578370e-06 4.172710700e-03 5.627214900e-06 1.302861570e-07 -2.143235940e-05 -1.947031200e-07
4.708249000e-01 3.828993930e-06 1.082516880e-02 -9.437007660e-07 3.699209850e-06 1.084609560e-02 -7.485062390e-07 1.297840710e-07 -2.092683410e-05 -1.951945280e-07
4.712584000e-01 3.603627340e-06 1.612951230e-02 -2.437773450e-06 3.474522660e-06 1.614968270e-02 -2.242323330e-06 1.291046880e-07 -2.017047710e-05 -1.954501170e-07
4.716920000e-01 -3.922536140e-06 1.266971320e-02 5.129711990e-06 -4.048385370e-06 1.268946000e-02 5.322443360e-06 1.258492310e-07 -1.974686290e-05 -1.927313700e-07
4.721256000e-01 -1.543902530e-07 9.690574070e-03 3.043006780e-06 -2.779542880e-07 9.710088620e-03 3.233804110e-06 1.235640350e-07 -1.951455220e-05 -1.907973290e-07
4.725592000e-01 -3.961502420e-06 1.050631000e-02 6.553583970e-06 -4.081585830e-06 1.052554360e-02 6.740587510e-06 1.200834140e-07 -1.923360890e-05 -1.870035430e-07
4.729927000e-01 1.810218620e-06 9.540234730e-03 1.657565410e-06 1.692231480e-06 9.559352830e-03 1.842974670e-06 1.179871390e-07 -1.911810360e-05 -1.854092540e-07
4.734263000e-01 -5.032547740e-07 8.406120840e-03 -5.226907040e-06 -6.188305480e-07 8.425213120e-03 -5.043573500e-06 1.155757740e-07 -1.909228230e-05 -1.833335460e-07
4.738599000e-01 1.555677390e-05 1.070448350e-02 -2.607965540e-06 1.543902830e-05 1.072310770e-02 -2.422642830e-06 1.177456330e-07 -1.862422140e-05 -1.853227050e-07
4.742935000e-01 4.210967500e-06 1.222920600e-02 -4.752926180e-06 4.094294050e-06 1.224700870e-02 -4.568459780e-06 1.166734460e-07 -1.780272940e-05 -1.844664050e-07
4.747270000e-01 7.443749310e-06 1.256353820e-02 -4.482813560e-06 7.327330800e-06 1.258090910e-02 -4.298736240e-06 1.164185140e-07 -1.737084110e-05 -1.840773250e-07
4.751606000e-01 6.072537660e-06 1.049895850e-02 -4.193535610e-06 5.956622250e-06 1.051645120e-02 -4.010023510e-06 1.159154100e-07 -1.749273150e-05 -1.835121020e-07
4.755775000e-01 -3.879851980e-07 1.013191210e-02 -8.854634890e-06 -5.018449200e-07 1.014939750e-02 -8.672910790e-06 1.138597210e-07 -1.748547090e-05 -1.817241020e-07
4.759944000e-01 1.762874110e-05 1.046293730e-02 -1.088176210e-05 1.751192450e-05 1.048000520e-02 -1.069615200e-05 1.168166190e-07 -1.706794480e-05 -1.856100830e-07
4.764113000e-01 3.020475410e-06 9.034412010e-03 2.285167100e-07 2.905081630e-06 9.051045900e-03 4.121524390e-07 1.153937810e-07 -1.663388920e-05 -1.836357290e-07
4.768282000e-01 6.240268540e-06 1.122685330e-02 9.564666640e-07 6.125836920e-06 1.124310490e-02 1.138521880e-06 1.144316200e-07 -1.625162790e-05 -1.820552140e-07
4.772451000e-01 8.579142490e-06 1.071257870e-02 -3.110714730e-06 8.464720520e-06 1.072863030e-02 -2.929222300e-06 1.144219770e-07 -1.605162110e-05 -1.814924290e-07
4.776620000e-01 9.565749060e-06 1.080078930e-02 -6.255913370e-06 9.450907560e-06 1.081658630e-02 -6.074437670e-06 1.148415020e-07 -1.579705960e-05 -1.814757010e-07
4.780789000e-01 1.536772630e-05 1.076378300e-02 -5.952313900e-06 1.525083730e-05 1.077935950e-02 -5.769646180e-06 1.168889940e-07 -1.557651600e-05 -1.826677170e-07
4.784958000e-01 7.277582680e-06 1.049542270e-02 -2.928743070e-06 7.161181610e-06 1.051078710e-02 -2.747418740e-06 1.164010670e-07 -1.536445600e-05 -1.813243320e-07
4.789127000e-01 7.958372900e-06 9.998367910e-03 -8.329918850e-06 7.842191100e-06 1.001345380e-02 -8.149255460e-06 1.161818000e-07 -1.508593080e-05 -1.806633880e-07
4.793296000e-01 8.049330490e-06 1.125948700e-02 -4.239040930e-06 7.933721210e-06 1.127413100e-02 -4.059896280e-06 1.156092820e-07 -1.464404890e-05 -1.791446420e-07
4.797465000e-01 6.272034760e-06 9.489954360e-03 -3.733968570e-06 6.157616810e-06 9.504343940e-03 -3.557094280e-06 1.144179520e-07 -1.438957360e-05 -1.768742860e-07
4.801634000e-01 5.919798180e-06 8.950739770e-03 -2.230493090e-06 5.806847170e-06 8.965093800e-03 -2.056459110e-06 1.129510140e-07 -1.435403630e-05 -1.740339750e-07
4.805803000e-01 5.100868070e-06 8.577182840e-03 -5.902816560e-07 4.989623310e-06 8.591490610e-03 -4.194619230e-07 1.112447540e-07 -1.430776710e-05 -1.708197340e-07
4.809972000e-01 8.264271050e-06 1.099251470e-02 -6.647503840e-06 8.153685900e-06 1.100634910e-02 -6.478582440e-06 1.105851590e-07 -1.383438340e-05 -1.689214020e-07
4.814141000e-01 3.627065820e-06 1.448122150e-02 -4.663456790e-06 3.518483800e-06 1.449428310e-02 -4.497760790e-06 1.085820180e-07 -1.306156290e-05 -1.656959970e-07
4.818310000e-01 7.788890020e-06 9.099573330e-03 -3.231160390e-06 7.681205710e-06 9.112440370e-03 -3.068143840e-06 1.076843130e-07 -1.286704770e-05 -1.630165480e-07
4.822479000e-01 1.116216760e-05 7.753903810e-03 -1.338975270e-05 1.105408920e-05 7.766866550e-03 -1.322737340e-05 1.080784310e-07 -1.296273180e-05 -1.623793660e-07
4.826648000e-01 1.719095660e-06 8.189950140e-03 3.762578700e-06 1.613874030e-06 8.202869640e-03 3.919827500e-06 1.052216370e-07 -1.291950300e-05 -1.572487990e-07
4.830817000e-01 1.659723610e-08 9.452926230e-03 9.236027730e-06 -8.501924640e-08 9.465522230e-03 9.386993960e-06 1.016164830e-07 -1.259599990e-05 -1.509662260e-07
4.834986000e-01 5.506619670e-06 1.044175700e-02 -1.202772910e-05 5.406013560e-06 1.045396420e-02 -1.187897940e-05 1.006061100e-07 -1.220714630e-05 -1.487497800e-07
4.839155000e-01 4.357491420e-06 1.022052550e-02 3.951183130e-06 4.259001630e-06 1.023248170e-02 4.095030910e-06 9.848979270e-08 -1.195619930e-05 -1.438477830e-07
4.843324000e-01 3.102416440e-06 1.116165150e-02 2.493819690e-06 3.006378210e-06 1.117341630e-02 2.632532390e-06 9.603822900e-08 -1.176481410e-05 -1.387126930e-07
4.847493000e-01 5.204791780e-06 1.032657650e-02 -3.685739570e-06 5.110322230e-06 1.033815080e-02 -3.550890350e-06 9.446954870e-08 -1.157423660e-05 -1.348492200e-07
4.851662000e-01 5.270973700e-06 9.865581070e-03 -4.387329040e-06 5.177962410e-06 9.876858490e-03 -4.256170390e-06 9.301128340e-08 -1.127741410e-05 -1.311586540e-07
4.855831000e-01 4.849176300e-06 9.115951120e-03 -2.357195320e-06 4.757737300e-06 9.126956360e-03 -2.230059950e-06 9.143900520e-08 -1.100523840e-05 -1.271353750e-07
4.860000000e-01 -1.176206320e-06 9.612425700e-03 -4.370942100e-06 -1.264324950e-06 9.623146170e-03 -4.248984170e-06 8.811863330e-08 -1.072046890e-05 -1.219579330e-07
4.864175000e-01 2.858278690e-06 8.783880020e-03 -3.016034260e-07 2.772556450e-06 8.794317500e-03 -1.847398230e-07 8.572223900e-08 -1.043747820e-05 -1.168636020e-07
4.868351000e-01 6.296446960e-06 1.005943050e-02 -4.397192010e-06 6.211846120e-06 1.006956400e-02 -4.283795280e-06 8.460084090e-08 -1.013342430e-05 -1.133967280e-07
4.872526000e-01 -1.800863710e-07 1.010758450e-02 2.838622000e-06 -2.613314840e-07 1.011739730e-02 2.945536010e-06 8.124511310e-08 -9.812761520e-06 -1.069140100e-07
4.876701000e-01 6.248919310e-06 1.061467420e-02 1.215359190e-06 6.169117420e-06 1.062414070e-02 1.317857510e-06 7.980188480e-08 -9.466551270e-06 -1.024983270e-07
4.880876000e-01 3.152206680e-06 9.318642130e-03 -1.311179370e-07 3.074529530e-06 9.328028600e-03 -3.334170050e-08 7.767715280e-08 -9.386468210e-06 -9.777623650e-08
4.885052000e-01 3.308212200e-06 7.261505500e-03 -1.584041290e-07 3.232479510e-06 7.271042320e-03 -6.499286130e-08 7.573268720e-08 -9.536815830e-06 -9.341126760e-08
4.889227000e-01 5.506231330e-06 8.849825010e-03 -2.096698250e-06 5.431729500e-06 8.859106340e-03 -2.006701730e-06 7.450182280e-08 -9.281327820e-06 -8.999651740e-08
4.893402000e-01 -5.689913190e-06 1.038016910e-02 1.654488820e-06 -5.759644950e-06 1.038880210e-02 1.738221440e-06 6.973175720e-08 -8.633037540e-06 -8.373261230e-08
4.897577000e-01 1.394644980e-06 1.024029310e-02 9.835141370e-07 1.327332850e-06 1.024848650e-02 1.062854870e-06 6.731213470e-08 -8.193415100e-06 -7.934073280e-08
4.901753000e-01 4.648636590e-06 8.317153450e-03 -8.170413600e-07 4.582670110e-06 8.325383830e-03 -7.407280450e-07 6.596647530e-08 -8.230377040e-06 -7.631331490e-08
4.905928000e-01 4.513035710e-06 9.193205430e-03 1.474533580e-06 4.448185170e-06 9.201500300e-03 1.547956940e-06 6.485054690e-08 -8.294870250e-06 -7.342335730e-08
4.910103000e-01 -2.661506470e-06 9.087455150e-03 3.518108050e-06 -2.723203780e-06 9.095576640e-03 3.587033200e-06 6.169731150e-08 -8.121481890e-06 -6.892515130e-08
4.914278000e-01 4.946380920e-06 9.873674160e-03 -3.200766090e-06 4.885300900e-06 9.881465540e-03 -3.133384380e-06 6.108002760e-08 -7.791381570e-06 -6.738170290e-08
4.918454000e-01 2.344879540e-06 8.788671430e-03 -1.151573170e-06 2.285017610e-06 8.796242040e-03 -1.086283890e-06 5.986192250e-08 -7.570605550e-06 -6.528928270e-08
4.922629000e-01 -8.310734240e-07 8.455389410e-03 3.989397800e-06 -8.887676480e-07 8.462749330e-03 4.051560320e-06 5.769422410e-08 -7.359911730e-06 -6.216251900e-08
4.926804000e-01 3.120207340e-06 8.064928630e-03 -2.657686200e-06 3.063140220e-06 8.072131570e-03 -2.596672870e-06 5.706712450e-08 -7.202937610e-06 -6.101332560e-08
4.930979000e-01 1.077264470e-06 8.946566070e-03 -5.975795300e-07 1.021277100e-06 8.953408440e-03 -5.381941200e-07 5.598737540e-08 -6.842374400e-06 -5.938541020e-08
4.935207000e-01 -2.660270500e-06 1.125838020e-02 3.737238300e-06 -2.713766190e-06 1.126455810e-02 3.793138830e-06 5.349568980e-08 -6.177949530e-06 -5.590052620e-08
4.939382000e-01 2.679724890e-06 1.025956080e-02 -2.408893560e-06 2.626520130e-06 1.026548750e-02 -2.353064240e-06 5.320476100e-08 -5.926690410e-06 -5.582931570e-08
4.943611000e-01 -2.395442520e-07 5.767516680e-03 2.618662560e-06 -2.916650100e-07 5.773774860e-03 2.673085630e-06 5.212075840e-08 -6.258178510e-06 -5.442306530e-08
4.947840000e-01 1.196249340e-06 5.740173240e-03 5.082943850e-06 1.144924650e-06 5.746607690e-03 5.135912880e-06 5.132469210e-08 -6.434449950e-06 -5.296903040e-08
4.952068000e-01 2.487285250e-06 9.000368900e-03 2.013932110e-07 2.436307170e-06 9.006504160e-03 2.536770970e-07 5.097807360e-08 -6.135259820e-06 -5.228388650e-08
4.956297000e-01 -1.314621630e-06 1.039311210e-02 3.741548270e-06 -1.364356750e-06 1.039893580e-02 3.792198310e-06 4.973512360e-08 -5.823660730e-06 -5.065003890e-08
4.960526000e-01 2.003816700e-06 8.302489120e-03 3.856427900e-07 1.954010840e-06 8.308081830e-03 4.362639830e-07 4.980585760e-08 -5.592711280e-06 -5.062119370e-08
4.964755000e-01 -3.687682380e-06 5.919343480e-03 6.490588170e-07 -3.736109160e-06 5.924682740e-03 6.986338320e-07 4.842678350e-08 -5.339252880e-06 -4.957501520e-08
4.969044000e-01 -1.281301160e-06 7.380619410e-03 3.912473850e-06 -1.329086100e-06 7.385688580e-03 3.961287300e-06 4.778494140e-08 -5.069171160e-06 -4.881344630e-08
4.973333000e-01 6.818604920e-06 9.394760070e-03 1.076801120e-06 6.768957780e-06 9.399571810e-03 1.127145600e-06 4.964713230e-08 -4.811743140e-06 -5.034447610e-08
4.977623000e-01 -1.512448910e-06 8.882904420e-03 6.213371070e-06 -1.561251610e-06 8.887462010e-03 6.262753590e-06 4.880270010e-08 -4.557590360e-06 -4.938252280e-08
4.981912000e-01 -7.131541520e-06 7.899501330e-03 5.020458000e-07 -7.178038650e-06 7.904021500e-03 5.501037460e-07 4.649713060e-08 -4.520165070e-06 -4.805794590e-08
4.986201000e-01 -6.515773700e-06 7.721373720e-03 1.239888130e-05 -6.559863880e-06 7.726101810e-03 1.244369390e-05 4.409018100e-08 -4.728086040e-06 -4.481262070e-08
4.990490000e-01 1.425759870e-07 7.563667850e-03 1.950077470e-07 9.833078460e-08 7.568183910e-03 2.404190100e-07 4.424520280e-08 -4.516058530e-06 -4.541126300e-08
4.994779000e-01 -1.486653840e-06 8.967142290e-03 1.768895750e-06 -1.530523840e-06 8.970885810e-03 1.814468840e-06 4.386999260e-08 -3.743524990e-06 -4.557308880e-08
4.999069000e-01 4.670842710e-06 6.825069810e-03 3.697145120e-06 4.625615490e-06 6.828367090e-03 3.744112530e-06 4.522721250e-08 -3.297272620e-06 -4.696741130e-08
5.003358000e-01 4.650199840e-06 6.717493250e-03 1.725704520e-06 4.603586990e-06 6.721030420e-03 1.774332320e-06 4.661285120e-08 -3.537170130e-06 -4.862780040e-08
5.007719000e-01 -1.255231850e-06 5.672164260e-03 3.802711730e-06 -1.301384610e-06 5.676045790e-03 3.851215050e-06 4.615275930e-08 -3.881523980e-06 -4.850332350e-08
5.012079000e-01 -3.256081390e-06 8.303023720e-03 4.061483780e-06 -3.301189880e-06 8.306584990e-03 4.109272270e-06 4.510849760e-08 -3.561268200e-06 -4.778848320e-08
5.016440000e-01 -4.882934330e-06 1.121997800e-02 7.364883480e-06 -4.926381110e-06 1.122281490e-02 7.411144670e-06 4.344677960e-08 -2.836874560e-06 -4.626118860e-08
5.020801000e-01 -3.095499890e-06 8.910167240e-03 5.706757410e-06 -3.137854060e-06 8.912718390e-03 5.752046750e-06 4.235417060e-08 -2.551144890e-06 -4.528933650e-08
5.025161000e-01 -6.005079330e-07 4.723345320e-03 3.402259260e-06 -6.427719530e-07 4.726008570e-03 3.447531290e-06 4.226402040e-08 -2.663254820e-06 -4.527202600e-08
5.029522000e-01 -3.692960820e-06 6.449132770e-03 5.958240430e-06 -3.734129040e-06 6.451756640e-03 6.002442110e-06 4.116822650e-08 -2.623865270e-06 -4.420167870e-08
5.033883000e-01 -3.278648020e-07 7.026918530e-03 1.663522880e-06 -3.692048120e-07 7.029450380e-03 1.708297500e-06 4.134000970e-08 -2.531853440e-06 -4.477461500e-08
5.038243000e-01 -8.085261490e-06 7.569410330e-03 8.642616780e-06 -8.123951670e-06 7.571857010e-03 8.684803190e-06 3.869018560e-08 -2.446673090e-06 -4.218640870e-08
5.042604000e-01 -4.788242160e-06 7.396532680e-03 -3.354879110e-06 -4.825824210e-06 7.398704990e-03 -3.312752910e-06 3.758205140e-08 -2.172309850e-06 -4.212620500e-08
5.047052000e-01 -1.032013450e-06 6.690561390e-03 5.516164650e-06 -1.069537200e-06 6.692433510e-03 5.558056460e-06 3.752375010e-08 -1.872113140e-06 -4.189180930e-08
5.051500000e-01 -2.363961110e-06 6.097485430e-03 1.754985590e-06 -2.401199020e-06 6.099112020e-03 1.796762420e-06 3.723791280e-08 -1.626587950e-06 -4.177683220e-08
5.055948000e-01 5.451233330e-06 8.218353560e-03 8.721446000e-08 5.411741270e-06 8.219591370e-03 1.315721220e-07 3.949205390e-08 -1.237814340e-06 -4.435766200e-08
5.060396000e-01 2.719579650e-06 7.470051100e-03 -1.890332780e-06 2.678684560e-06 7.471020670e-03 -1.843972260e-06 4.089508840e-08 -9.695688300e-07 -4.636051400e-08
5.064844000e-01 1.117356530e-06 5.590625940e-03 7.922897960e-07 1.075666130e-06 5.591864550e-03 8.398065070e-07 4.169039990e-08 -1.238611170e-06 -4.751671110e-08
5.069292000e-01 -5.839593670e-06 6.078818540e-03 1.025458860e-05 -5.879469710e-06 6.080253150e-03 1.030010590e-05 3.987604360e-08 -1.434615560e-06 -4.551731680e-08
5.073740000e-01 2.665045340e-06 6.950980970e-03 -3.433135630e-07 2.623916200e-06 6.952108910e-03 -2.965097950e-07 4.112913930e-08 -1.127940710e-06 -4.680376820e-08
5.078188000e-01 7.162241770e-07 7.217693340e-03 -1.484824530e-06 6.745519420e-07 7.218455490e-03 -1.437269340e-06 4.167223540e-08 -7.621445000e-07 -4.755518280e-08
5.082635000e-01 -2.269310880e-06 7.923794970e-03 1.376006160e-06 -2.310392300e-06 7.924241270e-03 1.422977580e-06 4.108141770e-08 -4.462987770e-07 -4.697141760e-08
5.087083000e-01 1.048895630e-06 6.234802380e-03 2.279492490e-07 1.007347440e-06 6.234967210e-03 2.753239900e-07 4.154818610e-08 -1.648221590e-07 -4.737474100e-08
5.091531000e-01 1.091084300e-06 6.647331440e-03 -1.850461940e-06 1.048875940e-06 6.647274740e-03 -1.802469450e-06 4.220836350e-08 5.670626220e-08 -4.799249560e-08
5.095979000e-01 -2.618380200e-06 5.578230770e-03 -1.081287410e-07 -2.659951310e-06 5.578213980e-03 -6.092939850e-08 4.157111480e-08 1.678780480e-08 -4.719934210e-08
5.100427000e-01 -5.365089030e-06 6.261014520e-03 -1.176186460e-06 -5.405107580e-06 6.260943130e-03 -1.130706490e-06 4.001854700e-08 7.138962660e-08 -4.547997430e-08
5.104875000e-01 -7.299262570e-07 6.549434900e-03 2.862299200e-06 -7.698324350e-07 6.549071200e-03 2.906576530e-06 3.990617810e-08 3.637008380e-07 -4.427732700e-08
5.109323000e-01 4.955535310e-06 6.517380880e-03 4.303706620e-06 4.913762160e-06 6.516688710e-03 4.347832650e-06 4.177315780e-08 6.921721110e-07 -4.412602960e-08
5.113771000e-01 1.355692360e-06 5.028400120e-03 -5.467622620e-07 1.313249060e-06 5.027741130e-03 -5.033037380e-07 4.244330220e-08 6.589936430e-07 -4.345852460e-08
5.118219000e-01 -3.040047380e-07 3.098015910e-03 -2.287534650e-06 -3.466898230e-07 3.097596970e-03 -2.245030360e-06 4.268508500e-08 4.189405620e-07 -4.250428860e-08
5.122667000e-01 -3.957025680e-06 5.381752240e-03 -5.057099090e-06 -3.998914370e-06 5.381191500e-03 -5.016053930e-06 4.188869050e-08 5.607473650e-07 -4.104515790e-08
5.127115000e-01 1.194086060e-05 7.893560320e-03 -3.521845730e-06 1.189477500e-05 7.892522790e-03 -3.478691920e-06 4.608557490e-08 1.037520470e-06 -4.315381000e-08
5.131563000e-01 2.175140810e-06 5.857631530e-03 -5.344619220e-06 2.128061760e-06 5.856397200e-03 -5.301705330e-06 4.707905270e-08 1.234331510e-06 -4.291388800e-08
5.136010000e-01 -1.237873500e-07 4.247630210e-03 -3.930488770e-06 -1.710215560e-07 4.246541540e-03 -3.888679330e-06 4.723420540e-08 1.088677410e-06 -4.180943890e-08
5.140617000e-01 1.146152430e-06 3.897008510e-03 -2.987811190e-06 1.098735210e-06 3.896061660e-03 -2.947095920e-06 4.741722130e-08 9.468553320e-07 -4.071526710e-08
5.145224000e-01 -1.504099700e-06 5.601339410e-03 -1.752770640e-06 -1.550868300e-06 5.600101820e-03 -1.713822590e-06 4.676860030e-08 1.237589510e-06 -3.894805960e-08
5.149831000e-01 2.579278140e-06 6.097983420e-03 -3.201197120e-06 2.531713190e-06 6.096433590e-03 -3.162801090e-06 4.756494360e-08 1.549829730e-06 -3.839602530e-08
5.154438000e-01 -1.655728860e-06 6.254723780e-03 -8.108175200e-07 -1.702772970e-06 6.252874050e-03 -7.743714310e-07 4.704411500e-08 1.849731820e-06 -3.644608910e-08
5.159044000e-01 3.964822730e-06 8.004947070e-03 -7.210939920e-06 3.916037230e-06 8.002642270e-03 -7.174059850e-06 4.878550800e-08 2.304801900e-06 -3.688007190e-08
5.163651000e-01 -2.025505100e-06 5.882801300e-03 -6.954460800e-06 -2.073847690e-06 5.880389800e-03 -6.918813780e-06 4.834258900e-08 2.411505570e-06 -3.564702100e-08
5.168258000e-01 2.213715510e-06 2.512316600e-03 -5.169660880e-06 2.164577530e-06 2.510152190e-03 -5.134307540e-06 4.913797620e-08 2.164408600e-06 -3.535334500e-08
5.172865000e-01 5.739095900e-07 4.357890040e-03 -3.455621360e-06 5.245733600e-07 4.355631750e-03 -3.421106330e-06 4.933623000e-08 2.258281120e-06 -3.451503130e-08
5.177471000e-01 4.095683790e-07 5.149052190e-03 -3.708485030e-06 3.601462840e-07 5.146489460e-03 -3.674839920e-06 4.942209520e-08 2.562730210e-06 -3.364510980e-08
5.182078000e-01 3.459734590e-06 4.085469650e-03 -7.363553530e-06 3.409093150e-06 4.082752900e-03 -7.329541890e-06 5.064144400e-08 2.716750210e-06 -3.401163320e-08
5.186685000e-01 -7.362725850e-07 6.056547550e-03 1.010878620e-06 -7.864429960e-07 6.053457790e-03 1.043163140e-06 5.017041120e-08 3.089764070e-06 -3.228452250e-08
5.191292000e-01 5.111994390e-07 6.042088980e-03 -1.651609870e-06 4.610459520e-07 6.038677300e-03 -1.620443350e-06 5.015348730e-08 3.411679380e-06 -3.116651810e-08
5.195898000e-01 -1.329439860e-06 2.826460320e-03 -2.362538270e-06 -1.378960060e-06 2.823251420e-03 -2.332794140e-06 4.952019960e-08 3.208905610e-06 -2.974412740e-08
5.200505000e-01 4.378486810e-07 1.743000540e-03 -2.389815320e-06 3.883987750e-07 1.740054710e-03 -2.360979250e-06 4.944990620e-08 2.945827160e-06 -2.883607280e-08
5.205112000e-01 -3.069297640e-06 4.802129020e-03 -2.105439800e-06 -3.117370440e-06 4.798897490e-03 -2.078497810e-06 4.807280170e-08 3.231523100e-06 -2.694198830e-08
5.209719000e-01 -3.938308160e-06 6.245621040e-03 4.749005310e-07 -3.984621520e-06 6.241957500e-03 4.993856570e-07 4.631336090e-08 3.663535120e-06 -2.448512600e-08
5.214326000e-01 -3.173580830e-06 4.617118880e-03 3.407532760e-07 -3.218580230e-06 4.613227590e-03 3.628374420e-07 4.499940170e-08 3.891286760e-06 -2.208416560e-08
5.218932000e-01 3.732141050e-06 4.137154710e-03 -5.970194370e-06 3.686015160e-06 4.133033700e-03 -5.947846300e-06 4.612588800e-08 4.121013350e-06 -2.234807050e-08
5.223539000e-01 2.870094430e-06 4.141185870e-03 -3.318423610e-06 2.823208930e-06 4.136947480e-03 -3.296261750e-06 4.688549610e-08 4.238388950e-06 -2.216186540e-08
5.228146000e-01 3.054747770e-06 3.054720070e-03 -5.463292730e-06 3.007070210e-06 3.050641760e-03 -5.440984580e-06 4.767755260e-08 4.078304370e-06 -2.230815040e-08
5.232753000e-01 8.013345320e-07 3.695613660e-03 -6.593135750e-06 7.537076070e-07 3.691480600e-03 -6.571374900e-06 4.762692460e-08 4.133054400e-06 -2.176084710e-08
5.237359000e-01 4.474178720e-06 4.688444000e-03 -1.605736410e-06 4.425536260e-06 4.683782010e-03 -1.583764800e-06 4.864245700e-08 4.661990650e-06 -2.197160570e-08
5.241966000e-01 4.085003140e-06 4.484809850e-03 -5.161664420e-06 4.035351690e-06 4.479719050e-03 -5.139218760e-06 4.965145770e-08 5.090800070e-06 -2.244565260e-08
5.246573000e-01 3.091547810e-06 2.885111560e-03 -4.404017910e-06 3.041362880e-06 2.880106040e-03 -4.381522480e-06 5.018493760e-08 5.005517430e-06 -2.249542750e-08
5.251180000e-01 4.816022810e-06 3.952043680e-03 -7.205466170e-06 4.764675790e-06 3.947058650e-03 -7.182231450e-06 5.134701700e-08 4.985022620e-06 -2.323471390e-08
5.255786000e-01 -7.872773470e-07 3.542433390e-03 2.166474330e-07 -8.376452140e-07 3.537425900e-03 2.380993980e-07 5.036786680e-08 5.007491070e-06 -2.145196530e-08
5.260393000e-01 4.358645180e-06 4.144450100e-03 -7.039439790e-06 4.307381720e-06 4.139463280e-03 -7.017172340e-06 5.126345570e-08 4.986816360e-06 -2.226745490e-08
5.265000000e-01 2.862796410e-07 3.945605680e-03 -3.679410300e-06 2.356649750e-07 3.940362720e-03 -3.658230360e-06 5.061466570e-08 5.242960210e-06 -2.117994360e-08
5.269939000e-01 2.663791320e-06 3.603282370e-03 -2.927856730e-06 2.613039420e-06 3.597544820e-03 -2.907078580e-06 5.075190110e-08 5.737554160e-06 -2.077814100e-08
5.274940000e-01 1.555704990e-06 3.054548270e-03 -3.520815910e-06 1.505325150e-06 3.048624380e-03 -3.500802220e-06 5.037983710e-08 5.923892760e-06 -2.001368410e-08
5.280005000e-01 2.475272050e-06 4.244453270e-03 -3.914082190e-06 2.424993330e-06 4.238577460e-03 -3.894422790e-06 5.027872480e-08 5.875809400e-06 -1.965939780e-08
5.285070000e-01 4.714998720e-06 1.740655270e-03 -6.167274940e-06 4.663907080e-06 1.734822960e-03 -6.146941950e-06 5.109164030e-08 5.832314550e-06 -2.033299150e-08
5.290134000e-01 2.482546310e-06 1.187234480e-03 -4.760066820e-06 2.431592340e-06 1.181402740e-03 -4.739723010e-06 5.095397130e-08 5.831740850e-06 -2.034381130e-08
5.295268000e-01 2.891035850e-06 2.292332310e-03 -3.888865800e-06 2.840214750e-06 2.286349330e-03 -3.868603260e-06 5.082110110e-08 5.982975900e-06 -2.026254220e-08
5.300401000e-01 1.434351780e-06 3.489293190e-03 -1.102263340e-06 1.384365900e-06 3.483020750e-03 -1.083068560e-06 4.998587940e-08 6.272445510e-06 -1.919478010e-08
5.305607000e-01 6.501010500e-06 3.368851390e-03 -6.237581780e-06 6.449875810e-06 3.362372750e-03 -6.216817820e-06 5.113469500e-08 6.478635290e-06 -2.076395180e-08
5.310812000e-01 2.934060080e-06 2.771468310e-03 -1.259322340e-06 2.883370640e-06 2.764774940e-03 -1.238796370e-06 5.068943460e-08 6.693371800e-06 -2.052596780e-08
5.316018000e-01 4.513318450e-07 1.911450160e-03 -8.033251140e-07 4.021637650e-07 1.904760540e-03 -7.837899470e-07 4.916808030e-08 6.689621550e-06 -1.953516690e-08
5.321301000e-01 3.887457640e-06 1.305060460e-03 -5.225872110e-06 3.838280320e-06 1.298630950e-03 -5.205688370e-06 4.917732370e-08 6.429514740e-06 -2.018374440e-08
5.326585000e-01 4.025775420e-06 2.605534040e-03 -2.766945520e-06 3.976677570e-06 2.598839670e-03 -2.746323480e-06 4.909784890e-08 6.694365750e-06 -2.062203300e-08
5.331950000e-01 2.281328160e-06 3.459418560e-03 -5.040345680e-06 2.232957350e-06 3.452108590e-03 -5.019560580e-06 4.837080800e-08 7.309977710e-06 -2.078510380e-08
5.337316000e-01 2.055660110e-06 2.057569970e-03 -4.439067380e-06 2.008151760e-06 2.050256120e-03 -4.418308550e-06 4.750835080e-08 7.313847850e-06 -2.075883060e-08
5.342770000e-01 3.258028740e-06 1.555684830e-03 -2.142315160e-06 3.210994880e-06 1.548576520e-03 -2.121474810e-06 4.703385320e-08 7.108303860e-06 -2.084034810e-08
5.348224000e-01 2.248785530e-07 2.681682860e-03 -3.491088700e-06 1.795914130e-07 2.674341360e-03 -3.471214180e-06 4.528714040e-08 7.341499960e-06 -1.987451420e-08
5.353678000e-01 6.569218730e-06 2.864259470e-03 -3.052352700e-07 6.523143340e-06 2.856653410e-03 -2.848075240e-07 4.607538260e-08 7.606060150e-06 -2.042774570e-08
5.359227000e-01 -1.593360470e-09 1.404759980e-03 -3.224248670e-06 -4.566922310e-08 1.397079570e-03 -3.204961540e-06 4.407586260e-08 7.680418660e-06 -1.928712630e-08
5.364777000e-01 -1.082249380e-06 1.368123970e-03 2.927025870e-06 -1.123506390e-06 1.360331270e-03 2.943598860e-06 4.125701050e-08 7.792699140e-06 -1.657298910e-08
5.370326000e-01 7.056739930e-06 2.573801450e-03 -6.335426670e-06 7.014042920e-06 2.565709780e-03 -6.316995840e-06 4.269700950e-08 8.091676840e-06 -1.843082780e-08
5.375981000e-01 6.070013610e-06 1.413460490e-03 -5.553773470e-06 6.026486770e-06 1.405293690e-03 -5.534393740e-06 4.352684040e-08 8.166804490e-06 -1.937972650e-08
5.381635000e-01 4.071370070e-06 -1.004922880e-03 -1.876416650e-06 4.027873850e-06 -1.012593670e-03 -1.857092130e-06 4.349622180e-08 7.670786220e-06 -1.932452370e-08
5.387402000e-01 7.609337540e-07 2.076122170e-03 -2.889121150e-06 7.190469040e-07 2.068157930e-03 -2.870780440e-06 4.188685000e-08 7.964241580e-06 -1.834071260e-08
5.393169000e-01 6.103223380e-06 5.276530500e-03 -4.740472570e-06 6.060321590e-06 5.267609040e-03 -4.721189790e-06 4.290178980e-08 8.921451280e-06 -1.928277730e-08
5.398937000e-01 2.423849420e-06 1.822766940e-04 -1.765483830e-06 2.381657480e-06 1.735801450e-04 -1.746755530e-06 4.219193530e-08 8.696549790e-06 -1.872830270e-08
5.404704000e-01 3.192772690e-06 -9.044552140e-04 -2.768072710e-06 3.151138200e-06 -9.127571970e-04 -2.749558320e-06 4.163449430e-08 8.301983270e-06 -1.851438830e-08
5.410599000e-01 7.543133410e-06 2.901968440e-03 -5.772654270e-06 7.499904750e-06 2.893012310e-03 -5.752412120e-06 4.322865660e-08 8.956137970e-06 -2.024215330e-08
5.416495000e-01 1.379039380e-06 1.853282210e-03 1.707631560e-06 1.337643010e-06 1.843993650e-03 1.725890170e-06 4.139636460e-08 9.288551650e-06 -1.825860270e-08
5.422390000e-01 3.504607810e-06 -6.453985500e-04 -1.024164390e-06 3.463934570e-06 -6.542588920e-04 -1.006463690e-06 4.067323300e-08 8.860341830e-06 -1.770069350e-08
5.428430000e-01 6.251394640e-06 1.003186850e-03 -2.255647290e-06 6.210117170e-06 9.942112770e-04 -2.237438910e-06 4.127746270e-08 8.975569400e-06 -1.820838470e-08
5.434469000e-01 4.260420420e-06 2.300087840e-03 4.097906740e-07 4.219421700e-06 2.290719650e-03 4.274338110e-07 4.099871350e-08 9.368187360e-06 -1.764313680e-08
5.440508000e-01 2.747352670e-06 8.039462290e-04 2.032158010e-06 2.707274380e-06 7.944389430e-04 2.048403970e-06 4.007829020e-08 9.507285330e-06 -1.624596490e-08
5.446711000e-01 5.560422680e-06 8.280015210e-04 -3.045619170e-06 5.519830620e-06 8.183443580e-04 -3.028751100e-06 4.059206110e-08 9.657162910e-06 -1.686806840e-08
5.452913000e-01 5.310734270e-06 1.777748460e-03 -3.076344580e-06 5.269601730e-06 1.767748460e-03 -3.059085690e-06 4.113254060e-08 9.999997520e-06 -1.725888910e-08
5.459116000e-01 4.975451130e-06 -1.732500820e-04 -2.059903800e-06 4.933929830e-06 -1.832846980e-04 -2.042478990e-06 4.152130660e-08 1.003461670e-05 -1.742480540e-08
5.465506000e-01 3.593569460e-06 -1.413608280e-03 -1.620999980e-06 3.552389580e-06 -1.423547150e-03 -1.603965510e-06 4.117987810e-08 9.938873290e-06 -1.703446180e-08
5.471896000e-01 3.726932060e-06 -2.102427960e-04 -1.881394120e-06 3.686028420e-06 -2.202966590e-04 -1.864713800e-06 4.090363690e-08 1.005386340e-05 -1.668032080e-08
5.478500000e-01 4.243274580e-06 2.980332450e-04 -1.990233330e-06 4.202298660e-06 2.878159340e-04 -1.973626840e-06 4.097592860e-08 1.021731120e-05 -1.660649490e-08
5.485103000e-01 3.381664560e-06 4.148096340e-04 -9.224940620e-07 3.340989310e-06 4.043674450e-04 -9.064062840e-07 4.067525220e-08 1.044219000e-05 -1.608777890e-08
5.491707000e-01 2.338874040e-06 -3.759570690e-04 -5.416947500e-07 2.298983600e-06 -3.862476260e-04 -5.264461840e-07 3.989043360e-08 1.029055650e-05 -1.524856570e-08
5.498564000e-01 3.699863370e-06 1.092237610e-04 -5.879916900e-07 3.659923540e-06 9.885821830e-05 -5.732042470e-07 3.993983170e-08 1.036554240e-05 -1.478744350e-08
5.505422000e-01 4.844374860e-06 9.599772250e-04 1.261707360e-06 4.803691320e-06 9.490262230e-04 1.276116960e-06 4.068353400e-08 1.095100130e-05 -1.440960280e-08
5.512279000e-01 5.450421700e-06 1.168702150e-04 -1.228107300e-06 5.408608080e-06 1.057316550e-04 -1.213506290e-06 4.181362390e-08 1.113856030e-05 -1.460100680e-08
5.519137000e-01 3.050602360e-07 8.230945950e-05 4.085268220e-07 2.650976410e-07 7.106757750e-05 4.211626700e-07 3.996259440e-08 1.124188200e-05 -1.263584830e-08
5.526321000e-01 5.389400580e-06 3.421845340e-04 6.044480020e-07 5.348477020e-06 3.309804970e-04 6.173498040e-07 4.092356720e-08 1.120403660e-05 -1.290180200e-08
5.533504000e-01 -1.835692200e-08 -1.897780710e-03 -1.271825170e-06 -5.710124330e-08 -1.909135940e-03 -1.261141860e-06 3.874432130e-08 1.135523440e-05 -1.068330310e-08
5.540688000e-01 3.765004210e-06 -1.086691400e-04 1.003500230e-06 3.726181180e-06 -1.203976510e-04 1.013561950e-06 3.882302870e-08 1.172851110e-05 -1.006172080e-08
5.547872000e-01 9.255229630e-08 1.490785690e-03 -3.336103020e-06 5.585502900e-08 1.478584660e-03 -3.327752850e-06 3.669726730e-08 1.220102930e-05 -8.350169850e-09
5.555505000e-01 3.142097510e-06 -2.174407800e-03 6.830483650e-07 3.105849430e-06 -2.186478930e-03 6.903546630e-07 3.624807040e-08 1.207112900e-05 -7.306297310e-09
5.563138000e-01 2.828188990e-06 -8.332091840e-04 -1.945667480e-06 2.792568860e-06 -8.452644840e-04 -1.938857400e-06 3.562013140e-08 1.205529960e-05 -6.810082700e-09
5.570771000e-01 2.767092580e-06 -5.868994670e-04 -3.114986690e-07 2.732087150e-06 -5.991469640e-04 -3.050667410e-07 3.500543210e-08 1.224749730e-05 -6.431928140e-09
5.578404000e-01 2.543721200e-06 -8.495986500e-04 6.416322690e-07 2.509304040e-06 -8.622946850e-04 6.476938500e-07 3.441715250e-08 1.269603430e-05 -6.061581480e-09
5.586037000e-01 1.650829570e-06 -6.981062400e-05 -5.687116880e-07 1.617679920e-06 -8.279114430e-05 -5.633340040e-07 3.314965180e-08 1.298052030e-05 -5.377683960e-09
5.593670000e-01 3.870263250e-06 -2.072424350e-03 2.328357220e-06 3.837095180e-06 -2.085360710e-03 2.333491130e-06 3.316807800e-08 1.293636130e-05 -5.133919170e-09
5.601303000e-01 3.113082380e-06 -1.802605940e-03 2.109108490e-06 3.080122740e-06 -1.815598790e-03 2.113957310e-06 3.295963940e-08 1.299285380e-05 -4.848816240e-09
5.608936000e-01 2.616049700e-06 -5.773866210e-04 1.436481810e-06 2.583676560e-06 -5.906856270e-04 1.440973880e-06 3.237314230e-08 1.329900610e-05 -4.492070040e-09
5.616569000e-01 2.207710810e-06 -5.377285330e-04 1.433619030e-06 2.176092460e-06 -5.512966880e-04 1.437640680e-06 3.161835080e-08 1.356815580e-05 -4.021658290e-09
5.624202000e-01 1.765921640e-06 -1.668515280e-03 1.687624940e-06 1.735164990e-06 -1.682135850e-03 1.691209310e-06 3.075665050e-08 1.362056910e-05 -3.584374680e-09
5.630745000e-01 1.575219090e-06 -1.185482570e-03 3.270328280e-06 1.545288300e-06 -1.199412080e-03 3.273286350e-06 2.993079310e-08 1.392950680e-05 -2.958072570e-09
5.637287000e-01 1.174649650e-06 2.009894030e-04 9.680783170e-07 1.145708840e-06 1.863473640e-04 9.705818150e-07 2.894081600e-08 1.464203890e-05 -2.503497180e-09
5.643830000e-01 1.062584840e-06 -2.804419060e-03 1.756696130e-06 1.034604690e-06 -2.818821060e-03 1.758809710e-06 2.798014840e-08 1.440200450e-05 -2.113580650e-09
5.650372000e-01 1.471027490e-06 -3.404561940e-03 2.711500830e-06 1.443542400e-06 -3.418866770e-03 2.713387460e-06 2.748509050e-08 1.430482960e-05 -1.886630030e-09
5.656915000e-01 1.055057450e-06 -3.882085710e-03 3.632815590e-06 1.028210700e-06 -3.896617540e-03 3.634232030e-06 2.684675240e-08 1.453182640e-05 -1.416441010e-09
5.663457000e-01 2.362569610e-06 -6.675090940e-04 3.136569490e-06 2.335227920e-06 -6.822718670e-04 3.138080060e-06 2.734169320e-08 1.476277280e-05 -1.510577020e-09
5.670000000e-01 1.553187380e-06 -8.752339770e-04 2.720434040e-06 1.525601310e-06 -8.901903570e-04 2.721694240e-06 2.758606840e-08 1.495638000e-05 -1.260192810e-09
5.676231000e-01 1.393068190e-06 -4.084367600e-03 2.911832210e-06 1.365221890e-06 -4.099398540e-03 2.912809840e-06 2.784630340e-08 1.503093640e-05 -9.776287960e-10
5.682366000e-01 -9.710537070e-07 -1.879207730e-03 3.924102540e-06 -9.979160710e-07 -1.894637240e-03 3.923934180e-06 2.686236400e-08 1.542951410e-05 1.683630050e-10
5.688315000e-01 3.549333520e-06 -1.172446740e-03 1.486661020e-06 3.521287810e-06 -1.188350140e-03 1.486897110e-06 2.804570420e-08 1.590339640e-05 -2.360904070e-10
5.694174000e-01 4.101500770e-07 -3.502228730e-03 2.848230750e-06 3.825152610e-07 -3.517812220e-03 2.847775350e-06 2.763481590e-08 1.558348710e-05 4.553965820e-10
5.699944000e-01 3.956518840e-06 -2.911691890e-03 1.131251040e-06 3.927768410e-06 -2.927228240e-03 1.131140690e-06 2.875043100e-08 1.553634870e-05 1.103477250e-10
5.705626000e-01 1.753086600e-06 -1.114442380e-03 2.224409830e-06 1.724242780e-06 -1.130578410e-03 2.223957610e-06 2.884381600e-08 1.613602740e-05 4.522181260e-10
5.711223000e-01 3.177310580e-06 -1.563299790e-03 4.140905030e-06 3.147679210e-06 -1.579593030e-03 4.140232730e-06 2.963137380e-08 1.629323900e-05 6.723047630e-10
5.716735000e-01 3.339192570e-06 -2.018230380e-03 2.399348190e-06 3.308553740e-06 -2.034322360e-03 2.399224660e-06 3.063882790e-08 1.609197330e-05 1.235337700e-10
5.722246000e-01 -7.251380340e-07 -1.415164670e-03 2.394396680e-06 -7.547257260e-07 -1.431694970e-03 2.393467670e-06 2.958769130e-08 1.653030460e-05 9.290099360e-10
5.727673000e-01 3.054380570e-06 -1.543817640e-03 3.051303310e-06 3.024041560e-06 -1.561019720e-03 3.050795880e-06 3.033901670e-08 1.720208430e-05 5.074299380e-10
5.733017000e-01 1.619098600e-06 -3.109751930e-03 2.877367190e-06 1.588796670e-06 -3.126758550e-03 2.876844330e-06 3.030193090e-08 1.700662250e-05 5.228579800e-10
5.738278000e-01 1.060977550e-06 -3.721095160e-03 1.767622690e-06 1.031168900e-06 -3.737819600e-03 1.766921910e-06 2.980865110e-08 1.672444080e-05 7.007754310e-10
5.743459000e-01 1.097429150e-06 -1.630708280e-03 2.056654870e-06 1.068210910e-06 -1.647843510e-03 2.055847060e-06 2.921824100e-08 1.713522140e-05 8.078115550e-10
5.748639000e-01 6.988684300e-07 -1.774347230e-03 8.145630040e-07 6.707382640e-07 -1.791859490e-03 8.135076440e-07 2.813016530e-08 1.751226190e-05 1.055359570e-09
5.753738000e-01 2.494901760e-07 -2.313064930e-03 4.889274190e-07 2.228606350e-07 -2.330669510e-03 4.875059040e-07 2.662954140e-08 1.760458160e-05 1.421515190e-09
5.758838000e-01 3.635760330e-06 -2.453643400e-03 2.157515400e-06 3.609073470e-06 -2.471343860e-03 2.156383970e-06 2.668685710e-08 1.770045810e-05 1.131424440e-09
5.763856000e-01 1.424410620e-06 -2.045555090e-03 2.173222650e-07 1.398860380e-06 -2.063399420e-03 2.159980490e-07 2.555024690e-08 1.784433210e-05 1.324216330e-09
5.768875000e-01 1.307707800e-06 -2.211075840e-03 4.921194290e-07 1.283513770e-06 -2.229059120e-03 4.904862670e-07 2.419402600e-08 1.798328450e-05 1.633162250e-09
5.773812000e-01 3.115230590e-06 -2.578302900e-03 1.370772020e-06 3.091562140e-06 -2.596542590e-03 1.369261960e-06 2.366844550e-08 1.823968740e-05 1.510061530e-09
5.778750000e-01 -8.593893350e-07 -2.664001150e-03 1.293197880e-06 -8.807563400e-07 -2.682487280e-03 1.290937730e-06 2.136700560e-08 1.848612910e-05 2.260155560e-09
5.783606000e-01 1.299403600e-06 -3.662546860e-03 1.484997600e-07 1.279425520e-06 -3.680982410e-03 1.459830710e-07 1.997808460e-08 1.843555160e-05 2.516688870e-09
5.788463000e-01 4.952532380e-06 -3.776001530e-03 8.488600280e-06 4.932270810e-06 -3.794393120e-03 8.486077320e-06 2.026157880e-08 1.839159600e-05 2.522961970e-09
5.793238000e-01 -5.165394450e-06 -2.683513430e-03 -1.166497550e-05 -5.181279100e-06 -2.702149280e-03 -1.166860610e-05 1.588465530e-08 1.863584760e-05 3.630587590e-09
5.798014000e-01 -5.683901220e-06 -2.792925860e-03 8.048310280e-06 -5.695679170e-06 -2.811827070e-03 8.042139450e-06 1.177795250e-08 1.890120820e-05 6.170822180e-09
5.802709000e-01 9.777725920e-06 -2.661989060e-03 1.190560360e-06 9.763774210e-06 -2.681013300e-03 1.185653150e-06 1.395170950e-08 1.902424040e-05 4.907212590e-09
5.807403000e-01 2.257098650e-06 -2.554048690e-03 1.638184990e-06 2.244084560e-06 -2.573179660e-03 1.632880140e-06 1.301409040e-08 1.913097870e-05 5.304852120e-09
5.812098000e-01 1.689223050e-06 -2.901715250e-03 3.064445480e-07 1.677512010e-06 -2.920916520e-03 3.005209020e-07 1.171104880e-08 1.920126770e-05 5.923645850e-09
5.816710000e-01 2.841165520e-07 -3.395796360e-03 3.827595390e-06 2.740983990e-07 -3.414974600e-03 3.820500820e-06 1.001815390e-08 1.917823290e-05 7.094572130e-09
5.821323000e-01 1.381088620e-06 -2.958936600e-03 1.390940660e-06 1.372438020e-06 -2.978254400e-03 1.383041450e-06 8.650601230e-09 1.931780390e-05 7.899204590e-09
5.825935000e-01 3.192265870e-06 -2.502014130e-03 7.346759410e-07 3.184416000e-06 -2.521624110e-03 7.262431900e-07 7.849870890e-09 1.960998070e-05 8.432751380e-09
5.830463000e-01 3.849026270e-06 -3.014946360e-03 8.235952010e-08 3.841579410e-06 -3.034746090e-03 7.374693000e-08 7.446857630e-09 1.979972380e-05 8.612590100e-09
5.834992000e-01 1.117017220e-06 -3.301907840e-03 -3.027359940e-06 1.111207840e-06 -3.321867250e-03 -3.036593290e-06 5.809379140e-09 1.995940770e-05 9.233351640e-09
5.839520000e-01 1.750687840e-06 -3.247308040e-03 9.922575690e-07 1.746110590e-06 -3.267430450e-03 9.822627300e-07 4.577252940e-09 2.012240650e-05 9.994838820e-09
5.844049000e-01 4.723631070e-06 -3.133964540e-03 -6.706424760e-07 4.719121430e-06 -3.154148600e-03 -6.807705160e-07 4.509638380e-09 2.018406930e-05 1.012803990e-08
5.848490000e-01 6.149969930e-06 -3.307758200e-03 -4.776507820e-06 6.145114260e-06 -3.327998160e-03 -4.786177490e-06 4.855661950e-09 2.023996850e-05 9.669670350e-09
5.852931000e-01 4.789104190e-06 -3.361896270e-03 -2.090217150e-07 4.784271980e-06 -3.382172970e-03 -2.190491760e-07 4.832208110e-09 2.027669680e-05 1.002746130e-08
5.857373000e-01 5.488211810e-06 -3.538175170e-03 -2.643461080e-07 5.483139300e-06 -3.558423510e-03 -2.744701250e-07 5.072515990e-09 2.024833510e-05 1.012401740e-08
5.861814000e-01 4.380082440e-06 -3.411265990e-03 -1.512960420e-06 4.375173980e-06 -3.431620170e-03 -1.523267410e-06 4.908461360e-09 2.035417880e-05 1.030699430e-08
5.866256000e-01 5.073735950e-06 -3.220538470e-03 -2.176952350e-06 5.068666730e-06 -3.241137190e-03 -2.187232160e-06 5.069213750e-09 2.059871920e-05 1.027981070e-08
5.870604000e-01 3.979090450e-06 -3.591441150e-03 -7.795058040e-07 3.974225280e-06 -3.612198210e-03 -7.901271180e-07 4.865178840e-09 2.075705510e-05 1.062131350e-08
5.874953000e-01 4.412295960e-06 -3.637987250e-03 -1.540182700e-06 4.407462940e-06 -3.658881980e-03 -1.550992670e-06 4.833016320e-09 2.089472840e-05 1.080996990e-08
5.879302000e-01 4.854376210e-06 -3.480247620e-03 -3.404674000e-06 4.849439310e-06 -3.501292190e-03 -3.415525520e-06 4.936901820e-09 2.104456680e-05 1.085152540e-08
5.883651000e-01 4.117012480e-06 -3.731467880e-03 -2.030175080e-06 4.112155220e-06 -3.752545400e-03 -2.041298260e-06 4.857259790e-09 2.107752110e-05 1.112318610e-08
5.888000000e-01 3.772923970e-06 -3.352595270e-03 -2.010211140e-06 3.768211560e-06 -3.373685610e-03 -2.021672820e-06 4.712408550e-09 2.109034070e-05 1.146167950e-08
5.892250000e-01 6.031343390e-06 -3.785511860e-03 -4.629449730e-06 6.025880470e-06 -3.806693250e-03 -4.640615440e-06 5.462914990e-09 2.118139320e-05 1.116570740e-08
5.896500000e-01 8.124369280e-06 -4.609192830e-03 -1.070267660e-05 8.117593030e-06 -4.630447460e-03 -1.071253840e-05 6.776247620e-09 2.125463130e-05 9.861800250e-09
5.900750000e-01 4.883149290e-06 -3.874824470e-03 2.415300910e-06 4.875820810e-06 -3.896214550e-03 2.405504940e-06 7.328479530e-09 2.139007920e-05 9.795968910e-09
5.905000000e-01 5.171010110e-06 -2.525273360e-03 -3.375102540e-06 5.163066190e-06 -2.546980260e-03 -3.384239960e-06 7.943919390e-09 2.170690070e-05 9.137420160e-09
5.909250000e-01 -8.193601790e-08 -2.363002850e-03 -1.460801000e-06 -8.871114770e-08 -2.385025700e-03 -1.470363900e-06 6.775129780e-09 2.202284630e-05 9.562906230e-09
5.913500000e-01 -1.778668330e-06 -3.750240080e-03 -3.387594730e-07 -1.783769520e-06 -3.772261270e-03 -3.490634470e-07 5.101181390e-09 2.202118460e-05 1.030397430e-08
5.917750000e-01 7.259575380e-07 -4.335702000e-03 -1.509006990e-06 7.215630240e-07 -4.357579480e-03 -1.519472430e-06 4.394514130e-09 2.187748220e-05 1.046543990e-08
5.922000000e-01 1.811544360e-06 -4.102992620e-03 -3.614088640e-06 1.807358700e-06 -4.124907010e-03 -3.624303710e-06 4.185653410e-09 2.191438840e-05 1.021506970e-08
5.926135000e-01 2.156277450e-06 -4.205269640e-03 -1.843102950e-06 2.152051920e-06 -4.227359740e-03 -1.853148660e-06 4.225535220e-09 2.209010590e-05 1.004571070e-08
5.930270000e-01 1.535158170e-06 -4.187008970e-03 2.890248790e-06 1.530998730e-06 -4.209218810e-03 2.879827950e-06 4.159440790e-09 2.220983860e-05 1.042084180e-08
5.934405000e-01 9.335016690e-07 -4.387584230e-03 -1.429496040e-06 9.296642400e-07 -4.409874100e-03 -1.440370880e-06 3.837429000e-09 2.228987200e-05 1.087484420e-08
5.938540000e-01 1.079493580e-06 -4.940109760e-03 -1.802849960e-06 1.075919580e-06 -4.962424680e-03 -1.814212210e-06 3.574006070e-09 2.231491580e-05 1.136225160e-08
5.942676000e-01 -2.841389470e-07 -3.762157460e-03 -3.029845890e-06 -2.866201300e-07 -3.784647220e-03 -3.041869590e-06 2.481182810e-09 2.248976240e-05 1.202370220e-08
5.946811000e-01 4.848057310e-07 -2.427244530e-03 -2.201370010e-06 4.832013020e-07 -2.450081590e-03 -2.213585230e-06 1.604429090e-09 2.283705980e-05 1.221521320e-08
5.950946000e-01 2.139495720e-06 -3.243366180e-03 -3.508896430e-06 2.138260720e-06 -3.266393510e-03 -3.520750350e-06 1.234996720e-09 2.302733480e-05 1.185392300e-08
5.955081000e-01 -5.921717550e-06 -4.582878390e-03 -5.432454870e-06 -5.919757210e-06 -4.605793040e-03 -5.445088020e-06 -1.960333320e-09 2.291464170e-05 1.263315000e-08
5.959216000e-01 3.837253290e-07 -5.070472260e-03 -2.076766270e-06 3.864586760e-07 -5.093226000e-03 -2.089312550e-06 -2.733346270e-09 2.275374190e-05 1.254627200e-08
5.963209000e-01 6.044124790e-06 -3.953511020e-03 -7.187927520e-07 6.045498140e-06 -3.976394680e-03 -7.303163870e-07 -1.373353040e-09 2.288366200e-05 1.152363550e-08
5.967201000e-01 -9.613010080e-07 -2.564216130e-03 6.254406890e-07 -9.590076220e-07 -2.587440990e-03 6.135492360e-07 -2.293386410e-09 2.322485830e-05 1.189145260e-08
5.971194000e-01 -1.442314310e-06 -3.516874920e-03 -3.651637190e-07 -1.439024420e-06 -3.540269660e-03 -3.775540750e-07 -3.289889850e-09 2.339473690e-05 1.239035600e-08
5.975186000e-01 -8.361359910e-06 -4.891149590e-03 -2.399379160e-06 -8.354730790e-06 -4.914553070e-03 -2.413256210e-06 -6.629111820e-09 2.340347830e-05 1.387704580e-08
5.979179000e-01 -1.468678740e-06 -5.384808110e-03 -2.377565130e-06 -1.460941910e-06 -5.408188780e-03 -2.391681490e-06 -7.736827240e-09 2.338067710e-05 1.411635850e-08
5.983171000e-01 3.285569400e-06 -4.160588290e-03 2.494589190e-06 3.292818650e-06 -4.184107980e-03 2.480636720e-06 -7.249245770e-09 2.351968970e-05 1.395246990e-08
5.987164000e-01 -7.961136440e-07 -3.067722440e-03 -2.254019970e-06 -7.881104860e-07 -3.091501950e-03 -2.267693090e-06 -8.003158020e-09 2.377951150e-05 1.367312290e-08
5.991156000e-01 -2.211417180e-07 -3.612964460e-03 -2.477861300e-06 -2.125379950e-07 -3.636912500e-03 -2.491507210e-06 -8.603723180e-09 2.394804170e-05 1.364591840e-08
5.995149000e-01 8.424437870e-06 -3.458421420e-03 4.500117240e-06 8.430117740e-06 -3.482509490e-03 4.488397770e-06 -5.679867280e-09 2.408806810e-05 1.171946400e-08
5.999142000e-01 -6.375444390e-06 -3.569167680e-03 -1.205609150e-05 -6.366395760e-06 -3.593394880e-03 -1.206912530e-05 -9.048634800e-09 2.422719670e-05 1.303381080e-08
6.003134000e-01 -9.683192940e-08 -4.427870210e-03 5.770457450e-09 -8.715140020e-08 -4.452170750e-03 -7.444794350e-09 -9.680529120e-09 2.430054560e-05 1.321525180e-08
6.007127000e-01 1.302560640e-06 -5.945512520e-03 -3.911474050e-06 1.312631560e-06 -5.969790540e-03 -3.924486850e-06 -1.007092410e-08 2.427801690e-05 1.301279350e-08
6.011119000e-01 1.923770970e-06 -5.413049830e-03 -6.789935640e-07 1.933982790e-06 -5.437354020e-03 -6.918656970e-07 -1.021182850e-08 2.430418980e-05 1.287213270e-08
6.015112000e-01 -7.980170470e-07 -2.750519000e-03 -2.127657930e-06 -7.864989080e-07 -2.775109030e-03 -2.140911870e-06 -1.151813920e-08 2.459002960e-05 1.325393530e-08
6.019104000e-01 -1.483278910e-06 -1.853769660e-03 -1.641364100e-06 -1.470165060e-06 -1.878719330e-03 -1.655339320e-06 -1.311384670e-08 2.494966810e-05 1.397521140e-08
6.023097000e-01 2.252185610e-07 -4.008432210e-03 -3.568208500e-06 2.395066050e-07 -4.033438240e-03 -3.582525630e-06 -1.428804450e-08 2.500603330e-05 1.431713700e-08
6.027089000e-01 -4.827225660e-06 -6.076572790e-03 -5.917234890e-07 -4.809939920e-06 -6.101325020e-03 -6.075228780e-07 -1.728573970e-08 2.475223410e-05 1.579938970e-08
6.031082000e-01 -2.492911850e-06 -5.512445610e-03 -1.413322430e-06 -2.473295050e-06 -5.537064660e-03 -1.430182650e-06 -1.961679850e-08 2.461905890e-05 1.686022240e-08
6.035075000e-01 1.758133120e-06 -4.600461900e-03 -4.420443130e-06 1.778582430e-06 -4.625300110e-03 -4.437527940e-06 -2.044930450e-08 2.483820860e-05 1.708481540e-08
6.039067000e-01 -1.324907400e-06 -4.434283680e-03 -2.546692250e-06 -1.302488210e-06 -4.459403650e-03 -2.564793830e-06 -2.241918740e-08 2.511997710e-05 1.810157890e-08
6.043060000e-01 -1.404369340e-06 -4.466658820e-03 -3.017633420e-06 -1.379936090e-06 -4.491954050e-03 -3.036776980e-06 -2.443324920e-08 2.529522150e-05 1.914355930e-08
6.047052000e-01 -3.336429350e-06 -4.469035960e-03 -3.893399690e-06 -3.309361510e-06 -4.494442780e-03 -3.913699210e-06 -2.706783440e-08 2.540682490e-05 2.029951350e-08
6.051045000e-01 -5.933997290e-07 -4.241757660e-03 -2.087276370e-06 -5.648120550e-07 -4.267301780e-03 -2.108650950e-06 -2.858767490e-08 2.554412080e-05 2.137458610e-08
6.055037000e-01 -3.176715130e-06 -4.196342030e-03 -1.417721620e-06 -3.145758940e-06 -4.221882350e-03 -1.440557590e-06 -3.095618890e-08 2.554032260e-05 2.283597830e-08
6.059030000e-01 -1.500073780e-06 -4.291468740e-03 -2.308461610e-07 -1.467505780e-06 -4.316863980e-03 -2.548155230e-07 -3.256799440e-08 2.539523650e-05 2.396936190e-08
6.063022000e-01 -3.666498570e-06 -4.531633270e-03 -2.130813300e-06 -3.631461300e-06 -4.557078250e-03 -2.156193060e-06 -3.503726510e-08 2.544498380e-05 2.537975950e-08
6.067015000e-01 -3.604885380e-06 -4.804819310e-03 -1.873515190e-06 -3.567406460e-06 -4.830543970e-03 -1.900434660e-06 -3.747892440e-08 2.572465400e-05 2.691946520e-08
6.071007000e-01 -3.914981780e-06 -4.991992290e-03 -1.679377590e-06 -3.874897800e-06 -5.017956480e-03 -1.707860030e-06 -4.008397930e-08 2.596418230e-05 2.848243900e-08
6.075000000e-01 -6.104564930e-06 -4.839340410e-03 1.310073790e-06 -6.061192970e-06 -4.865389750e-03 1.279513830e-06 -4.337195930e-08 2.604933590e-05 3.055995660e-08
6.078971000e-01 -3.135873650e-06 -5.105154430e-03 -2.579736830e-06 -3.090012760e-06 -5.131148970e-03 -2.611646520e-06 -4.586088980e-08 2.599454550e-05 3.190969130e-08
6.082941000e-01 -8.869895610e-08 -4.683722860e-03 -2.525583400e-06 -4.164219950e-08 -4.709817250e-03 -2.558373470e-06 -4.705675660e-08 2.609439240e-05 3.279006440e-08
6.086912000e-01 -2.904718500e-06 -3.451146990e-03 -1.229073850e-06 -2.855839500e-06 -3.477496920e-03 -1.263247500e-06 -4.887900880e-08 2.634992360e-05 3.417365090e-08
6.090882000e-01 -4.802999200e-06 -3.210230920e-03 3.469992040e-07 -4.751918260e-06 -3.236831190e-03 3.111368240e-07 -5.108094530e-08 2.660027600e-05 3.586237930e-08
6.094894000e-01 -4.143766550e-06 -4.625851090e-03 -9.959615090e-07 -4.090744950e-06 -4.652517510e-03 -1.033266890e-06 -5.302159920e-08 2.666642120e-05 3.730538540e-08
6.098905000e-01 -3.329260260e-06 -5.969555420e-03 -4.588891330e-07 -3.274738490e-06 -5.996132000e-03 -4.974592200e-07 -5.452177320e-08 2.657657470e-05 3.857008690e-08
6.102917000e-01 -6.925489530e-06 -5.340853180e-03 9.444890420e-07 -6.868270800e-06 -5.367475210e-03 9.040416690e-07 -5.721872350e-08 2.662202900e-05 4.044737320e-08
6.106928000e-01 -2.172039920e-06 -3.722449070e-03 -2.255555650e-06 -2.114159820e-06 -3.749292770e-03 -2.296684490e-06 -5.788010360e-08 2.684370080e-05 4.112883810e-08
6.110940000e-01 -4.665724280e-06 -3.566350910e-03 -5.077564450e-07 -4.606466140e-06 -3.593434040e-03 -5.500269230e-07 -5.925813690e-08 2.708313930e-05 4.227047860e-08
6.114951000e-01 -3.432170660e-06 -4.845044700e-03 6.245843190e-07 -3.372080210e-06 -4.872184280e-03 5.813815820e-07 -6.009045380e-08 2.713957980e-05 4.320273680e-08
6.118963000e-01 -3.950214190e-06 -5.973954740e-03 -1.847357710e-06 -3.888983510e-06 -6.001009030e-03 -1.891283730e-06 -6.123067850e-08 2.705429840e-05 4.392602190e-08
6.122975000e-01 -7.980545080e-06 -5.458849230e-03 9.506202380e-07 -7.916776700e-06 -5.485928260e-03 9.049421740e-07 -6.376837760e-08 2.707903070e-05 4.567806400e-08
6.126986000e-01 7.316862600e-06 -5.683963840e-03 -1.103326880e-05 7.378152680e-06 -5.711074730e-03 -1.107745900e-05 -6.129007790e-08 2.711088880e-05 4.419017670e-08
6.130998000e-01 7.029242060e-07 -6.228339000e-03 -1.137912560e-06 7.633714320e-07 -6.255420720e-03 -1.181896280e-06 -6.044722590e-08 2.708172390e-05 4.398372220e-08
6.135009000e-01 -9.404767170e-06 -4.603137270e-03 -1.262934080e-06 -9.341674780e-06 -4.630466350e-03 -1.308431290e-06 -6.309239160e-08 2.732908780e-05 4.549720910e-08
6.139068000e-01 -8.850291120e-06 -2.084298950e-03 1.861891180e-06 -8.784875220e-06 -2.112150970e-03 1.814680780e-06 -6.541590370e-08 2.785201600e-05 4.721040230e-08
6.143127000e-01 -5.345812820e-06 -3.294371000e-03 6.648615910e-07 -5.279317520e-06 -3.322555580e-03 6.167376650e-07 -6.649530600e-08 2.818457810e-05 4.812392640e-08
6.147185000e-01 -8.089439080e-06 -6.019691170e-03 3.274394920e-06 -8.020955280e-06 -6.047803350e-03 3.224598830e-06 -6.848380980e-08 2.811217690e-05 4.979608790e-08
6.151244000e-01 -8.361436720e-06 -6.562665770e-03 9.295879690e-07 -8.290789020e-06 -6.590703470e-03 8.782069150e-07 -7.064770600e-08 2.803769940e-05 5.138105440e-08
6.155303000e-01 -1.190215050e-05 -5.156651060e-03 4.461320720e-06 -1.182825210e-05 -5.184776310e-03 4.407625350e-06 -7.389841760e-08 2.812524790e-05 5.369537140e-08
6.159361000e-01 2.162096530e-06 -4.406077990e-03 -2.527106930e-06 2.234392640e-06 -4.434340570e-03 -2.580356530e-06 -7.229610400e-08 2.826257570e-05 5.324959480e-08
6.163472000e-01 2.076415340e-06 -4.459872960e-03 -9.343447020e-06 2.147589070e-06 -4.488270420e-03 -9.395880190e-06 -7.117373170e-08 2.839745970e-05 5.243316990e-08
6.167583000e-01 -4.812117610e-06 -4.574765980e-03 -4.196241270e-06 -4.739932500e-06 -4.603308510e-03 -4.249175640e-06 -7.218511070e-08 2.854253230e-05 5.293437040e-08
6.171694000e-01 -3.865570400e-07 -4.890560320e-03 2.420637600e-06 -3.153112430e-07 -4.919251590e-03 2.367476710e-06 -7.124579680e-08 2.869126910e-05 5.316088400e-08
6.175804000e-01 -3.491144950e-06 -4.988046890e-03 -1.066141860e-05 -3.418830720e-06 -5.016840150e-03 -1.071459890e-05 -7.231423230e-08 2.879326030e-05 5.318035030e-08
6.179915000e-01 -3.005589440e-06 -5.402834080e-03 -6.559662160e-06 -2.932691880e-06 -5.431619210e-03 -6.613114860e-06 -7.289755680e-08 2.878513120e-05 5.345269640e-08
6.184083000e-01 1.732413810e-06 -4.999948850e-03 -3.072386080e-06 1.804058840e-06 -5.028824020e-03 -3.125682510e-06 -7.164503100e-08 2.887517000e-05 5.329643100e-08
6.188251000e-01 -7.766962920e-06 -5.357174190e-03 -3.189047850e-08 -7.692975560e-06 -5.386291240e-03 -8.684548360e-08 -7.398735840e-08 2.911705100e-05 5.495500510e-08
6.192419000e-01 -6.904259110e-06 -5.363925730e-03 5.500895590e-07 -6.828434140e-06 -5.393312770e-03 4.936371120e-07 -7.582497100e-08 2.938704110e-05 5.645244720e-08
6.196587000e-01 1.726936140e-07 -5.308204000e-03 -3.597351720e-06 2.477429080e-07 -5.337698000e-03 -3.653916280e-06 -7.504929430e-08 2.949400370e-05 5.656456130e-08
6.200754000e-01 -2.914360850e-06 -5.444943010e-03 -2.503872260e-06 -2.839097970e-06 -5.474397880e-03 -2.561221130e-06 -7.526288220e-08 2.945487110e-05 5.734886650e-08
6.204922000e-01 -8.305191350e-06 -5.017605570e-03 3.560614060e-06 -8.228222400e-06 -5.047188630e-03 3.501124380e-06 -7.696895050e-08 2.958306120e-05 5.948967490e-08
6.209154000e-01 -8.641973060e-06 -3.497022340e-03 2.600507360e-06 -8.562682230e-06 -3.526928090e-03 2.538577260e-06 -7.929082650e-08 2.990574910e-05 6.193009580e-08
6.213386000e-01 -6.390788630e-06 -3.976977920e-03 -7.439011230e-07 -6.309872170e-06 -4.007134090e-03 -8.077448490e-07 -8.091645880e-08 3.015617130e-05 6.384372640e-08
6.217618000e-01 -8.632187850e-06 -5.310099940e-03 1.806749820e-06 -8.548603120e-06 -5.340287990e-03 1.740635320e-06 -8.358473430e-08 3.018804270e-05 6.611450820e-08
6.221850000e-01 -6.798256430e-06 -5.589411330e-03 1.242615980e-06 -6.712670660e-06 -5.619550170e-03 1.174653490e-06 -8.558576430e-08 3.013884300e-05 6.796248880e-08
6.226082000e-01 -2.384780390e-06 -5.495170760e-03 -1.077159840e-06 -2.298765450e-06 -5.525432940e-03 -1.146283280e-06 -8.601493910e-08 3.026218260e-05 6.912343930e-08
6.230386000e-01 -8.600706680e-06 -6.071768910e-03 -2.227852640e-07 -8.511975630e-06 -6.102278670e-03 -2.940679170e-07 -8.873105190e-08 3.050975850e-05 7.128265300e-08
6.234616000e-01 -9.419808150e-06 -6.015151830e-03 2.507487930e-06 -9.328270770e-06 -6.045849090e-03 2.433752210e-06 -9.153738320e-08 3.069726120e-05 7.373572340e-08
6.238847000e-01 -5.699834820e-06 -4.217576570e-03 -1.597971340e-07 -5.606665600e-06 -4.248461950e-03 -2.352512830e-07 -9.316921920e-08 3.088537600e-05 7.545414960e-08
6.243154000e-01 -8.637031640e-06 -4.286403120e-03 -6.315775520e-06 -8.540728930e-06 -4.317446450e-03 -6.392838900e-06 -9.630271410e-08 3.104332980e-05 7.706338340e-08
6.247460000e-01 -1.182075900e-05 -4.657572050e-03 1.238440420e-05 -1.172089060e-05 -4.688787540e-03 1.230353180e-05 -9.986834940e-08 3.121548500e-05 8.087248970e-08
6.251766000e-01 -1.087862530e-05 -4.832632590e-03 2.078208040e-06 -1.077502190e-05 -4.864057930e-03 1.994678630e-06 -1.036034480e-07 3.142534000e-05 8.352941070e-08
6.256072000e-01 -8.311425070e-06 -4.343151220e-03 2.668500750e-06 -8.204832230e-06 -4.374741610e-03 2.582533770e-06 -1.065928360e-07 3.159038960e-05 8.596698260e-08
6.260463000e-01 -2.612400220e-06 -4.353903280e-03 1.080408220e-06 -2.504875900e-06 -4.385615190e-03 9.932564430e-07 -1.075243280e-07 3.171191360e-05 8.715177410e-08
6.264854000e-01 -5.062547490e-06 -4.625682070e-03 -2.744443940e-06 -4.952531530e-06 -4.657534650e-03 -2.833550810e-06 -1.100159590e-07 3.185258210e-05 8.910687360e-08
6.269245000e-01 -1.048965360e-05 -6.597265830e-03 1.228079240e-06 -1.037535580e-05 -6.629226390e-03 1.136218470e-06 -1.142977900e-07 3.196055920e-05 9.186076280e-08
6.273635000e-01 -4.075334690e-06 -6.929902020e-03 -6.174051230e-07 -3.959101300e-06 -6.961997700e-03 -7.109028660e-07 -1.162333910e-07 3.209568430e-05 9.349774310e-08
6.278026000e-01 -3.610526210e-06 -5.432525660e-03 -3.189212200e-07 -3.492608410e-06 -5.464774850e-03 -4.139278120e-07 -1.179178060e-07 3.224918320e-05 9.500659220e-08
6.282417000e-01 -5.757463840e-06 -4.909720520e-03 2.129176090e-06 -5.637144530e-06 -4.942047590e-03 2.032085920e-06 -1.203193100e-07 3.232707650e-05 9.709016830e-08
6.286808000e-01 -6.510680870e-06 -4.452996590e-03 2.915405750e-06 -6.387741120e-06 -4.485553730e-03 2.816059820e-06 -1.229397560e-07 3.255714340e-05 9.934592450e-08
6.291300000e-01 -8.530682070e-06 -2.549948310e-03 7.352495940e-06 -8.404475000e-06 -2.582975130e-03 7.250367500e-06 -1.262070740e-07 3.302682010e-05 1.021284340e-07
6.295793000e-01 -7.941107380e-07 -4.092907590e-03 -4.840840200e-06 -6.669772360e-07 -4.126190740e-03 -4.943943290e-06 -1.271335020e-07 3.328314470e-05 1.031030870e-07
6.300286000e-01 -2.524855870e-06 -6.948061100e-03 1.683217070e-06 -2.396310550e-06 -6.981153100e-03 1.578529000e-06 -1.285453180e-07 3.309200190e-05 1.046880760e-07
6.304779000e-01 -3.130445830e-06 -6.901798860e-03 2.075075420e-06 -3.000310260e-06 -6.934781350e-03 1.968818050e-06 -1.301355700e-07 3.298249390e-05 1.062573730e-07
6.309272000e-01 -3.590430810e-06 -4.330311760e-03 3.025521750e-06 -3.458665310e-06 -4.363759910e-03 2.917588900e-06 -1.317655050e-07 3.344815550e-05 1.079328440e-07
6.313765000e-01 -6.717948000e-06 -4.056091220e-03 6.669594260e-06 -6.583636740e-06 -4.090113790e-03 6.559367020e-06 -1.343112630e-07 3.402256880e-05 1.102272380e-07
6.318258000e-01 -2.499243590e-06 -3.738221930e-03 -2.610538980e-06 -2.363262590e-06 -3.772462590e-03 -2.721958420e-06 -1.359810020e-07 3.424065320e-05 1.114194400e-07
6.322879000e-01 -3.031585480e-06 -2.808918780e-03 1.650151390e-06 -2.893780640e-06 -2.843226350e-03 1.537201320e-06 -1.378048400e-07 3.430757030e-05 1.129500710e-07
6.327500000e-01 3.834059840e-06 -5.556037710e-03 -7.058540940e-06 3.971448660e-06 -5.590409920e-03 -7.171478230e-06 -1.373888210e-07 3.437220730e-05 1.129372940e-07
6.332121000e-01 -8.397270110e-06 -9.260658170e-03 7.038437310e-06 -8.256524580e-06 -9.294968730e-03 6.922878170e-06 -1.407455340e-07 3.431056390e-05 1.155591410e-07
6.336742000e-01 1.467349260e-06 -6.565931330e-03 -5.449777050e-06 1.608513650e-06 -6.600399600e-03 -5.565818150e-06 -1.411643840e-07 3.446826640e-05 1.160410960e-07
6.341364000e-01 -3.758183030e-06 -1.895173140e-03 2.794123660e-08 -3.614867820e-06 -1.930216260e-03 -8.977373300e-08 -1.433152140e-07 3.504311280e-05 1.177149700e-07
6.345985000e-01 -1.561392820e-07 -2.820928550e-03 -5.113533080e-07 -1.201237410e-08 -2.856389190e-03 -6.301075400e-07 -1.441269080e-07 3.546063930e-05 1.187542320e-07
6.350606000e-01 -1.734257930e-06 -5.801410590e-03 2.266381760e-07 -1.588677860e-06 -5.836889330e-03 1.065337430e-07 -1.455800720e-07 3.547874090e-05 1.201044330e-07
6.355227000e-01 3.361728000e-07 -6.016357810e-03 2.665854190e-06 4.820628370e-07 -6.051894660e-03 2.544587490e-06 -1.458900370e-07 3.553685090e-05 1.212667010e-07
6.359848000e-01 -5.402102910e-06 -6.131855600e-03 4.907567740e-06 -5.253616770e-06 -6.167567680e-03 4.784074010e-06 -1.484861340e-07 3.571207740e-05 1.234937270e-07
6.364470000e-01 7.179951020e-07 -6.797862830e-03 1.181905950e-06 8.668147290e-07 -6.833727050e-03 1.057461300e-06 -1.488196270e-07 3.586421930e-05 1.244446490e-07
6.369091000e-01 -1.549677900e-06 -3.826491710e-03 2.202901850e-06 -1.399568990e-06 -3.862674360e-03 2.077102060e-06 -1.501089100e-07 3.618264950e-05 1.257997860e-07
6.373913000e-01 -4.072540310e-06 -1.750561130e-03 3.053534800e-06 -3.920303910e-06 -1.787139430e-03 2.925887910e-06 -1.522363970e-07 3.657829940e-05 1.276468990e-07
6.378735000e-01 -4.355537820e-06 -3.934191650e-03 2.481323950e-06 -4.201322180e-06 -3.971080280e-03 2.351711200e-06 -1.542156390e-07 3.688863360e-05 1.296127430e-07
6.383557000e-01 1.249460980e-07 -5.284548220e-03 -1.903759940e-06 2.794879980e-07 -5.321806870e-03 -2.034373970e-06 -1.545419000e-07 3.725864230e-05 1.306140370e-07
6.388379000e-01 6.211269950e-07 -5.653213830e-03 3.520063090e-06 7.752261070e-07 -5.690613670e-03 3.388331070e-06 -1.540991120e-07 3.739983860e-05 1.317320180e-07
6.393202000e-01 -6.802211150e-06 -6.607707350e-03 2.769125520e-06 -6.645410920e-06 -6.644838760e-03 2.635121760e-06 -1.568002280e-07 3.713140240e-05 1.340037680e-07
6.398024000e-01 -5.179742370e-06 -5.720875580e-03 1.200270520e-06 -5.020674660e-06 -5.758127960e-03 1.064217420e-06 -1.590677170e-07 3.725238080e-05 1.360530960e-07
6.402846000e-01 -2.865348820e-06 -3.566821160e-03 1.452198820e-06 -2.704717490e-06 -3.604737350e-03 1.314243820e-06 -1.606313290e-07 3.791618970e-05 1.379550020e-07
6.407668000e-01 -2.678789380e-06 -3.802425060e-03 3.936633760e-06 -2.516675640e-06 -3.840812040e-03 3.796360060e-06 -1.621137350e-07 3.838697600e-05 1.402736960e-07
6.412490000e-01 -2.125191290e-06 -3.747250530e-03 -3.375283140e-06 -1.961358220e-06 -3.786091200e-03 -3.517088540e-06 -1.638330650e-07 3.884066280e-05 1.418054020e-07
6.417312000e-01 -7.354776510e-06 -3.798263220e-03 4.323016470e-06 -7.187422310e-06 -3.837458230e-03 4.178125950e-06 -1.673541980e-07 3.919500360e-05 1.448905190e-07
6.422134000e-01 -1.073620200e-05 -6.706345330e-03 4.237703600e-06 -1.056345090e-05 -6.745182930e-03 4.089127570e-06 -1.727511890e-07 3.883760020e-05 1.485760270e-07
6.426957000e-01 -2.520364120e-06 -6.329797670e-03 -2.006648420e-06 -2.345060740e-06 -6.368465040e-03 -2.156980300e-06 -1.753033790e-07 3.866736990e-05 1.503318780e-07
6.431779000e-01 -8.343849720e-06 -4.075745630e-03 2.865869670e-06 -8.163780280e-06 -4.115082580e-03 2.712074760e-06 -1.800694450e-07 3.933695070e-05 1.537949100e-07
6.436601000e-01 -4.069601320e-06 -3.732164840e-03 3.019888320e-06 -3.886937250e-06 -3.772123760e-03 2.863621310e-06 -1.826640670e-07 3.995892000e-05 1.562670140e-07
6.441423000e-01 -4.732764560e-06 -3.627014280e-03 3.912063920e-06 -4.547439200e-06 -3.667162550e-03 3.753180140e-06 -1.853253570e-07 4.014826650e-05 1.588837770e-07
6.446245000e-01 1.134665730e-06 -4.154251930e-03 -7.101104620e-07 1.320608180e-06 -4.194474650e-03 -8.703986320e-07 -1.859424520e-07 4.022271850e-05 1.602881690e-07
6.451067000e-01 -7.141997550e-07 -3.804491430e-03 2.803960920e-07 -5.268162720e-07 -3.845079600e-03 1.183242190e-07 -1.873834830e-07 4.058817360e-05 1.620718730e-07
6.455889000e-01 -5.438934140e-06 -3.732093160e-03 1.154103950e-06 -5.248014180e-06 -3.773139490e-03 9.895218060e-07 -1.909199540e-07 4.104632700e-05 1.645821450e-07
6.460711000e-01 1.662177780e-07 -5.151218540e-03 1.350605710e-06 3.583204060e-07 -5.192408340e-03 1.184531650e-06 -1.921026270e-07 4.118979920e-05 1.660740590e-07
6.465534000e-01 2.407823520e-06 -5.663984240e-03 5.780212520e-06 2.599672230e-06 -5.705171720e-03 5.613089200e-06 -1.918487130e-07 4.118748240e-05 1.671233210e-07
6.470356000e-01 -1.482016660e-06 -4.524201460e-03 3.003428570e-07 -1.287983270e-06 -4.565708370e-03 1.316165730e-07 -1.940333870e-07 4.150691810e-05 1.687262840e-07
6.475178000e-01 -7.246739560e-07 -3.962891330e-03 1.893064970e-06 -5.291286200e-07 -4.004916610e-03 1.722993140e-06 -1.955453360e-07 4.202528260e-05 1.700718220e-07
6.480000000e-01 -4.981106710e-06 -4.202823380e-03 5.394238170e-06 -4.782525630e-06 -4.245099460e-03 5.221860380e-06 -1.985810750e-07 4.227608080e-05 1.723777960e-07
6.485063000e-01 9.065226910e-07 -3.948518170e-03 3.279647500e-07 1.106023920e-06 -3.990863300e-03 1.548288250e-07 -1.995012250e-07 4.234513000e-05 1.731359250e-07
6.490190000e-01 2.553583230e-06 -3.900661170e-03 -2.795374280e-06 2.753618020e-06 -3.943277380e-03 -2.968880210e-06 -2.000347950e-07 4.261620840e-05 1.735059270e-07
6.495317000e-01 -1.128203930e-06 -5.170887360e-03 6.551014130e-07 -9.262995100e-07 -5.213873470e-03 4.804122830e-07 -2.019044230e-07 4.298611300e-05 1.746891300e-07
6.500445000e-01 -4.795824830e-06 -4.031795200e-03 3.708844680e-06 -4.590926430e-06 -4.075198050e-03 3.532276000e-06 -2.048984010e-07 4.340284610e-05 1.765686860e-07
6.505572000e-01 -1.390478210e-06 -2.756025200e-03 1.743180580e-06 -1.183943920e-06 -2.799985680e-03 1.565319020e-06 -2.065342910e-07 4.396048660e-05 1.778615640e-07
6.510770000e-01 3.888545990e-06 -3.625264790e-03 4.415660590e-07 4.094368500e-06 -3.669528810e-03 2.632913050e-07 -2.058225140e-07 4.426401820e-05 1.782747540e-07
6.515967000e-01 -1.570854000e-06 -4.131468910e-03 2.563672180e-06 -1.363364120e-06 -4.175883610e-03 2.384079240e-06 -2.074898760e-07 4.441469640e-05 1.795929420e-07
6.521165000e-01 1.163218450e-06 -4.383640970e-03 1.139262350e-06 1.371328160e-06 -4.428323660e-03 9.589629560e-07 -2.081097130e-07 4.468268490e-05 1.802993960e-07
6.526363000e-01 -6.846192580e-07 -4.527856970e-03 6.663695230e-08 -4.748727020e-07 -4.572852840e-03 -1.145439900e-07 -2.097465560e-07 4.499586890e-05 1.811809430e-07
6.531560000e-01 -1.887008180e-06 -3.900533180e-03 3.293374030e-06 -1.675570700e-06 -3.945776550e-03 3.111188320e-06 -2.114374830e-07 4.524337200e-05 1.821857070e-07
6.536758000e-01 -1.385352650e-06 -4.906705690e-03 1.061581070e-06 -1.172169320e-06 -4.952047720e-03 8.785978010e-07 -2.131833300e-07 4.534202430e-05 1.829832660e-07
6.541956000e-01 4.187970800e-06 -2.099488060e-03 -1.360566570e-06 4.400555740e-06 -2.145477290e-03 -1.543202290e-06 -2.125849330e-07 4.598923280e-05 1.826357210e-07
6.547153000e-01 6.922325300e-06 -8.890819340e-04 -3.269314740e-06 7.133407480e-06 -9.360100840e-04 -3.451175550e-06 -2.110821810e-07 4.692815030e-05 1.818608080e-07
6.552351000e-01 -5.328890540e-06 -5.165993260e-03 1.777963220e-06 -5.114250920e-06 -5.212782280e-03 1.594794510e-06 -2.146396250e-07 4.678902160e-05 1.831687160e-07
6.557549000e-01 -4.813444270e-06 -6.870589500e-03 4.229422120e-06 -4.595815480e-06 -6.916897030e-03 4.045192960e-06 -2.176287880e-07 4.630752960e-05 1.842291580e-07
6.562746000e-01 -1.215541540e-06 -2.294155620e-03 9.690968660e-07 -9.965281110e-07 -2.341151310e-03 7.848806890e-07 -2.190134320e-07 4.699568570e-05 1.842161760e-07
6.567944000e-01 -2.381785950e-06 -8.311712560e-04 2.772915810e-06 -2.161055870e-06 -8.790326400e-04 2.588599320e-06 -2.207300820e-07 4.786138410e-05 1.843164890e-07
6.573141000e-01 -1.719863260e-06 -3.183987510e-03 2.312080980e-06 -1.497547720e-06 -3.232371370e-03 2.127940460e-06 -2.223155370e-07 4.838386280e-05 1.841405200e-07
6.578339000e-01 -8.582621900e-07 -3.446134670e-03 1.422754160e-06 -6.349674280e-07 -3.495073900e-03 1.239039390e-06 -2.232947630e-07 4.893922280e-05 1.837147680e-07
6.583537000e-01 5.039613630e-06 -4.455499940e-03 -1.980684400e-06 5.261335250e-06 -4.504341150e-03 -2.162671600e-06 -2.217216170e-07 4.884120730e-05 1.819872000e-07
6.588734000e-01 1.086596880e-06 -4.011917710e-03 1.422529650e-06 1.307877580e-06 -4.060629510e-03 1.241901300e-06 -2.212806990e-07 4.871179970e-05 1.806283500e-07
6.593932000e-01 4.125813070e-06 -3.444520370e-03 1.932499260e-06 4.344969680e-06 -3.493637570e-03 1.754031300e-06 -2.191566160e-07 4.911720260e-05 1.784679560e-07
6.599130000e-01 4.460293420e-06 -3.501678010e-03 1.865027920e-06 4.677058820e-06 -3.551203450e-03 1.688850420e-06 -2.167653970e-07 4.952544110e-05 1.761775050e-07
6.604327000e-01 -2.763362170e-06 -1.685974720e-03 1.096481540e-06 -2.545494590e-06 -1.736070220e-03 9.216068090e-07 -2.178675840e-07 5.009549890e-05 1.748747340e-07
6.609525000e-01 -2.967576450e-07 -1.317115630e-03 2.792688910e-06 -7.921234360e-08 -1.367768590e-03 2.619759320e-06 -2.175453020e-07 5.065295550e-05 1.729295910e-07
6.614723000e-01 -3.264565450e-07 -3.535882280e-03 -2.010398760e-06 -1.091306700e-07 -3.586849610e-03 -2.181175550e-06 -2.173258750e-07 5.096733200e-05 1.707767930e-07
6.619920000e-01 1.798169020e-06 -4.101722260e-03 -1.417398880e-08 2.014207900e-06 -4.152999160e-03 -1.826852220e-07 -2.160388830e-07 5.127689800e-05 1.685112340e-07
6.625118000e-01 9.937041300e-07 -3.447678100e-03 1.160816290e-07 1.208907960e-06 -3.499199030e-03 -5.020725720e-08 -2.152038260e-07 5.152093670e-05 1.662888860e-07
6.630316000e-01 7.825090230e-06 -3.367291030e-03 -5.387899350e-06 8.037009480e-06 -3.419095560e-03 -5.550481890e-06 -2.119192590e-07 5.180452560e-05 1.625825360e-07
6.635513000e-01 2.039129110e-06 -3.718616470e-03 -1.104014090e-06 2.249806320e-06 -3.770760400e-03 -1.263828800e-06 -2.106772170e-07 5.214392830e-05 1.598147080e-07
6.640711000e-01 1.614631580e-06 -3.197133110e-03 -1.130832520e-06 1.824351110e-06 -3.249641860e-03 -1.287958110e-06 -2.097195320e-07 5.250875080e-05 1.571255900e-07
6.645908000e-01 -1.110041670e-06 -7.080176290e-04 6.118821180e-07 -9.004039690e-07 -7.609430480e-04 4.570323140e-07 -2.096377000e-07 5.292541890e-05 1.548498040e-07
6.651222000e-01 -3.164851990e-06 -1.810430730e-03 2.933127720e-06 -2.954990990e-06 -1.863743140e-03 2.780597940e-06 -2.098610060e-07 5.331240500e-05 1.525297800e-07
6.656535000e-01 1.133196800e-05 -3.848528150e-03 -8.987824960e-06 1.153620450e-05 -3.902187480e-03 -9.134885830e-06 -2.042365170e-07 5.365933490e-05 1.470608760e-07
6.661727000e-01 -8.633639070e-06 -2.549916030e-03 8.936482220e-06 -8.428136710e-06 -2.603954880e-03 8.791098300e-06 -2.055023610e-07 5.403885350e-05 1.453839240e-07
6.667043000e-01 1.023331970e-05 -6.576304680e-04 -7.472214650e-06 1.043317880e-05 -7.120811380e-04 -7.612128550e-06 -1.998591370e-07 5.445067030e-05 1.399139000e-07
6.672359000e-01 -2.300530100e-06 -2.220140970e-03 1.924471880e-06 -2.101918020e-06 -2.274877760e-03 1.787769940e-06 -1.986120770e-07 5.473679220e-05 1.367019430e-07
6.677675000e-01 -8.240549040e-06 -4.009719950e-03 3.983510770e-06 -8.040478440e-06 -4.064552760e-03 3.848882310e-06 -2.000705970e-07 5.483281470e-05 1.346284600e-07
6.682991000e-01 -6.610585310e-06 -2.303846220e-03 3.248714290e-06 -6.409412840e-06 -2.359054110e-03 3.115998290e-06 -2.011724690e-07 5.520789110e-05 1.327160030e-07
6.688307000e-01 -1.554314040e-06 -1.529633690e-03 4.543758130e-07 -1.354269270e-06 -1.585432180e-03 3.246867170e-07 -2.000447670e-07 5.579848770e-05 1.296890960e-07
6.693623000e-01 -2.549285600e-06 -1.696523830e-03 8.587148290e-07 -2.349764040e-06 -1.752803460e-03 7.317769120e-07 -1.995215650e-07 5.627962600e-05 1.269379180e-07
6.698939000e-01 -4.849328310e-07 -8.237795570e-04 -1.077336450e-06 -2.865291240e-07 -8.805554950e-04 -1.201111730e-06 -1.984037070e-07 5.677593810e-05 1.237752740e-07
6.704255000e-01 2.982466480e-06 -1.338369270e-03 -1.158481970e-06 3.178560720e-06 -1.395528990e-03 -1.278762240e-06 -1.960942410e-07 5.715971800e-05 1.202802720e-07
6.709571000e-01 4.049142600e-06 -9.131496140e-04 -3.609173060e-06 4.243039450e-06 -9.706925830e-04 -3.725644290e-06 -1.938968460e-07 5.754297000e-05 1.164712330e-07
6.714887000e-01 1.478327850e-07 -3.169153790e-03 -8.069883400e-07 3.412357550e-07 -3.226872530e-03 -9.204726990e-07 -1.934029690e-07 5.771873830e-05 1.134843590e-07
6.720203000e-01 1.293461160e-05 -4.027041350e-03 -7.669632510e-06 1.312177030e-05 -4.084884400e-03 -7.777117100e-06 -1.871586870e-07 5.784304720e-05 1.074845870e-07
6.725519000e-01 7.164706730e-06 1.009245860e-03 -4.315126780e-07 7.348278750e-06 9.508041860e-04 -5.350424880e-07 -1.835720200e-07 5.844167490e-05 1.035298100e-07
6.730835000e-01 3.442062270e-06 1.327571530e-03 -6.202775840e-06 3.625001160e-06 1.268572360e-03 -6.302464230e-06 -1.829388920e-07 5.899916260e-05 9.968839290e-08
6.736151000e-01 5.048301490e-06 -4.281239270e-03 -4.168036170e-06 5.229374810e-06 -4.340461550e-03 -4.263615550e-06 -1.810733260e-07 5.922227710e-05 9.557938130e-08
6.741467000e-01 7.075883540e-06 -3.522093430e-03 -4.548870310e-06 7.254376190e-06 -3.581649870e-03 -4.640364820e-06 -1.784926570e-07 5.955644090e-05 9.149451520e-08
6.746783000e-01 1.233933240e-05 2.319123220e-03 -9.671843400e-06 1.251384900e-05 2.258908550e-03 -9.758443420e-06 -1.745166160e-07 6.021467040e-05 8.660001990e-08
6.752099000e-01 5.304263970e-06 9.094359880e-04 -5.015509550e-06 5.477817220e-06 8.487343830e-04 -5.098897520e-06 -1.735532510e-07 6.070160460e-05 8.338797390e-08
6.757637000e-01 4.766023690e-06 -4.716376110e-03 -5.136670900e-06 4.938805430e-06 -4.777098010e-03 -5.216820520e-06 -1.727817390e-07 6.072190590e-05 8.014961530e-08
6.762944000e-01 2.956558610e-06 -1.473837760e-03 -4.783247140e-06 3.129397830e-06 -1.534933210e-03 -4.860695650e-06 -1.728392200e-07 6.109544710e-05 7.744850940e-08
6.768251000e-01 4.534676600e-06 2.046785100e-03 -2.580520670e-06 4.706619380e-06 1.985048400e-03 -2.655417080e-06 -1.719427760e-07 6.173669480e-05 7.489640980e-08
6.773810000e-01 -1.254566450e-05 -1.477506420e-04 5.171105240e-07 -1.236654240e-05 -2.099900610e-04 4.424451120e-07 -1.791221230e-07 6.223941900e-05 7.466541130e-08
6.779370000e-01 5.797059130e-06 -1.968491530e-03 -6.200084820e-06 5.975329210e-06 -2.031327690e-03 -6.271931670e-06 -1.782700850e-07 6.283615620e-05 7.184685420e-08
6.784929000e-01 2.471569160e-06 -1.494992700e-04 -4.084492260e-06 2.649945410e-06 -2.125932150e-04 -4.154086000e-06 -1.783762490e-07 6.309394500e-05 6.959373800e-08
6.790489000e-01 2.074162320e-06 -4.128803440e-04 -3.475939060e-06 2.252837640e-06 -4.759152660e-04 -3.543498790e-06 -1.786753150e-07 6.303492170e-05 6.755973840e-08
6.796048000e-01 -7.019507360e-07 -2.991056440e-05 -4.149313070e-06 -5.214957860e-07 -9.372285830e-05 -4.215048430e-06 -1.804549500e-07 6.381229400e-05 6.573535160e-08
6.801608000e-01 2.793806940e-06 1.004773130e-03 -4.337310620e-06 2.974539910e-06 9.399564940e-04 -4.400866990e-06 -1.807329710e-07 6.481663820e-05 6.355637300e-08
6.807167000e-01 5.651963070e-06 -2.376354940e-03 -5.599345610e-06 5.831811830e-06 -2.440995820e-03 -5.660414970e-06 -1.798487650e-07 6.464087970e-05 6.106936180e-08
6.812727000e-01 1.474613530e-05 -2.113620890e-03 -8.557937320e-06 1.492098300e-05 -2.178265910e-03 -8.614902300e-06 -1.748477210e-07 6.464501810e-05 5.696498400e-08
6.818286000e-01 -5.918221210e-06 1.999260510e-03 4.511615450e-06 -5.739726890e-06 1.933686720e-03 4.455114850e-06 -1.784943250e-07 6.557378420e-05 5.650060320e-08
6.823846000e-01 -7.230094490e-07 1.199679250e-03 1.981094990e-06 -5.437654440e-07 1.133408170e-03 1.926392290e-06 -1.792440050e-07 6.627108650e-05 5.470270500e-08
6.829405000e-01 5.722144330e-06 2.294452190e-03 -5.426196600e-06 5.900266350e-06 2.227495930e-03 -5.478062440e-06 -1.781220250e-07 6.695625860e-05 5.186583930e-08
6.834965000e-01 1.313909430e-06 -4.506484290e-04 -1.954487500e-06 1.492461800e-06 -5.178336970e-04 -2.004550900e-06 -1.785523680e-07 6.718526810e-05 5.006339950e-08
6.840524000e-01 2.508410580e-06 -3.223656220e-03 -2.903384130e-06 2.687108920e-06 -3.290531920e-03 -2.951661810e-06 -1.786983500e-07 6.687570240e-05 4.827768370e-08
6.846084000e-01 7.741646150e-06 7.353841720e-04 -8.464588130e-06 7.918771060e-06 6.679868580e-04 -8.510078930e-06 -1.771249150e-07 6.739731440e-05 4.549079960e-08
6.851643000e-01 -4.372264570e-07 2.182085790e-03 -3.427833170e-06 -2.583666560e-07 2.113957320e-03 -3.471814900e-06 -1.788598000e-07 6.812847400e-05 4.398173510e-08
6.857203000e-01 -9.482024060e-08 2.199576840e-03 -4.625871700e-06 8.565047280e-08 2.130794230e-03 -4.668256690e-06 -1.804707130e-07 6.878261370e-05 4.238498890e-08
6.862762000e-01 1.936469570e-06 2.479774250e-03 -3.378274560e-06 2.118020010e-06 2.410334720e-03 -3.419461470e-06 -1.815504450e-07 6.943953240e-05 4.118691040e-08
6.868322000e-01 5.732487390e-06 -2.889196340e-03 -6.460438870e-06 5.913025580e-06 -2.958388690e-03 -6.499693900e-06 -1.805381880e-07 6.919234700e-05 3.925503140e-08
6.873881000e-01 -2.511636230e-07 -1.562605950e-03 -1.580303040e-05 -6.702899670e-08 -1.631907000e-03 -1.584083130e-05 -1.841346260e-07 6.930105400e-05 3.780093430e-08
6.879441000e-01 1.512056070e-05 6.256874720e-03 2.546811640e-06 1.529762500e-05 6.186144330e-03 2.511652920e-06 -1.770643850e-07 7.073038750e-05 3.515871690e-08
6.885000000e-01 1.434680320e-05 3.270267490e-03 -9.962963170e-06 1.451891390e-05 3.198987270e-03 -9.994896900e-06 -1.721106630e-07 7.128021980e-05 3.193372680e-08
6.890704000e-01 -1.459836020e-06 -3.001247930e-03 -1.663021190e-06 -1.286111370e-06 -3.071919690e-03 -1.694235880e-06 -1.737246470e-07 7.067175740e-05 3.121468610e-08
6.896408000e-01 1.013143260e-05 1.140515150e-03 -1.071814510e-05 1.030216680e-05 1.069374060e-03 -1.074653960e-05 -1.707342510e-07 7.114108760e-05 2.839450770e-08
6.902113000e-01 -5.136561730e-07 3.268271720e-03 1.638688120e-06 -3.424331500e-07 3.196268150e-03 1.610576530e-06 -1.712230230e-07 7.200356470e-05 2.811158500e-08
6.907902000e-01 5.528197240e-06 1.783736480e-03 -7.187938610e-06 5.697556860e-06 1.711046390e-03 -7.213896210e-06 -1.693596240e-07 7.269009040e-05 2.595760160e-08
6.913691000e-01 4.582244920e-06 2.054040630e-03 -1.803596080e-06 4.749473310e-06 1.980688660e-03 -1.828356710e-06 -1.672283900e-07 7.335196930e-05 2.476063670e-08
6.919481000e-01 4.668057480e-06 3.100636520e-03 -3.473425870e-06 4.833827340e-06 3.027290660e-03 -3.497006350e-06 -1.657698590e-07 7.334586730e-05 2.358047620e-08
6.925270000e-01 3.088542670e-06 2.100054750e-03 -3.378510890e-06 3.253980600e-06 2.026538200e-03 -3.401219770e-06 -1.654379310e-07 7.351655340e-05 2.270888710e-08
6.931153000e-01 5.777696680e-06 -1.805389830e-05 -1.114822680e-05 5.942808750e-06 -9.191939070e-05 -1.116932260e-05 -1.651120690e-07 7.386549240e-05 2.109579530e-08
6.936941000e-01 -4.559170300e-06 2.580665950e-03 3.394791960e-06 -4.391291660e-06 2.506252530e-03 3.373003310e-06 -1.678786330e-07 7.441342440e-05 2.178864300e-08
6.942825000e-01 6.141604670e-06 4.738670520e-03 -6.601988830e-06 6.308542030e-06 4.663501000e-03 -6.622855180e-06 -1.669373590e-07 7.516951720e-05 2.086635190e-08
6.948611000e-01 1.897951130e-05 2.963085450e-03 -7.125661430e-06 1.913878790e-05 2.887857670e-03 -7.144398360e-06 -1.592766440e-07 7.522778140e-05 1.873693470e-08
6.954398000e-01 1.494425530e-05 2.082511810e-03 -8.971590470e-06 1.509845970e-05 2.007218810e-03 -8.988520720e-06 -1.542044380e-07 7.529300430e-05 1.693025170e-08
6.960184000e-01 1.301865820e-05 3.780114950e-03 -7.935352810e-06 1.316868720e-05 3.703877470e-03 -7.950839250e-06 -1.500289980e-07 7.623747590e-05 1.548644520e-08
6.965970000e-01 -1.172504920e-07 3.254661380e-03 -2.344049080e-06 3.393271550e-08 3.177877400e-03 -2.359675690e-06 -1.511832080e-07 7.678397200e-05 1.562661800e-08
6.971655000e-01 -4.022217940e-06 1.993685720e-03 -4.100153140e-06 -3.867199960e-06 1.917014890e-03 -4.116246330e-06 -1.550179760e-07 7.667082810e-05 1.609319380e-08
6.977340000e-01 6.639300880e-07 2.738104090e-03 -3.521843360e-06 8.201056230e-07 2.661233600e-03 -3.538034130e-06 -1.561755360e-07 7.687049250e-05 1.619077150e-08
6.983024000e-01 8.453401120e-06 3.094278670e-03 3.431671730e-07 8.606201060e-06 3.017102120e-03 3.275357500e-07 -1.527999450e-07 7.717655050e-05 1.563142370e-08
6.988709000e-01 2.083322500e-07 2.146920390e-03 -9.287574620e-06 3.641041910e-07 2.069497490e-03 -9.303495230e-06 -1.557719400e-07 7.742289900e-05 1.592060830e-08
6.994394000e-01 1.527659160e-07 2.474844220e-03 -3.376980080e-06 3.107593410e-07 2.397164800e-03 -3.393411560e-06 -1.579934250e-07 7.767942370e-05 1.643147650e-08
7.000078000e-01 7.104112600e-06 6.259821110e-03 -7.267998580e-06 7.261676370e-06 6.181479880e-03 -7.284095510e-06 -1.575637740e-07 7.834123270e-05 1.609693510e-08
7.005763000e-01 -9.072796800e-06 6.335653240e-03 -6.861332720e-06 -8.907882740e-06 6.256855020e-03 -6.878742990e-06 -1.649140660e-07 7.879822130e-05 1.741026750e-08
7.011336000e-01 4.993913620e-06 4.026087730e-03 -5.601654690e-06 5.159237110e-06 3.947499890e-03 -5.619456430e-06 -1.653234890e-07 7.858783940e-05 1.780173160e-08
7.016910000e-01 1.128349530e-05 3.482918800e-03 -7.283484460e-06 1.144641250e-05 3.404185830e-03 -7.301042800e-06 -1.629171770e-07 7.873296930e-05 1.755833870e-08
7.022483000e-01 3.240671580e-06 1.917988980e-03 -4.387567180e-06 3.404423420e-06 1.838744020e-03 -4.405739760e-06 -1.637518350e-07 7.924496250e-05 1.817258080e-08
7.028056000e-01 7.529574650e-06 5.163570150e-03 -6.866156140e-06 7.693078240e-06 5.083920750e-03 -6.884681630e-06 -1.635035870e-07 7.964939700e-05 1.852549160e-08
7.033630000e-01 9.008153330e-06 7.234624400e-03 -6.698626040e-06 9.170374830e-06 7.154507420e-03 -6.717367640e-06 -1.622214990e-07 8.011697980e-05 1.874160560e-08
7.039203000e-01 -1.641200830e-05 3.327771440e-03 2.101458180e-07 -1.623998480e-05 3.247855260e-03 1.884258400e-07 -1.720235210e-07 7.991617740e-05 2.171997860e-08
7.044776000e-01 8.405474230e-07 2.291863960e-03 -4.625965960e-06 1.014308280e-06 2.212227080e-03 -4.648731670e-06 -1.737608590e-07 7.963688200e-05 2.276570680e-08
7.050349000e-01 6.659384060e-06 6.068516220e-03 -2.964406910e-06 6.832048640e-06 5.988252560e-03 -2.988251760e-06 -1.726645890e-07 8.026365750e-05 2.384485010e-08
7.055923000e-01 1.560650260e-05 6.678787910e-03 -8.195750320e-06 1.577495820e-05 6.598001930e-03 -8.219810070e-06 -1.684556330e-07 8.078598610e-05 2.405974960e-08
7.061496000e-01 2.179734840e-05 5.101319500e-03 -7.368067510e-06 2.195875330e-05 5.020340820e-03 -7.391938980e-06 -1.614049430e-07 8.097867630e-05 2.387147010e-08
7.067069000e-01 1.369591960e-06 5.284537590e-03 -7.984798600e-06 1.533912400e-06 5.203499080e-03 -8.009947050e-06 -1.643204430e-07 8.103850670e-05 2.514844580e-08
7.072507000e-01 9.816192280e-06 1.841462470e-03 -7.974633540e-06 9.979306540e-06 1.761092370e-03 -8.000538900e-06 -1.631142670e-07 8.037009590e-05 2.590535370e-08
7.077944000e-01 1.770153680e-06 5.848478020e-03 -1.158275320e-06 1.934214670e-06 5.767878650e-03 -1.186220510e-06 -1.640609880e-07 8.059937860e-05 2.794518390e-08
7.083381000e-01 4.961236830e-06 8.620276950e-03 -3.412779810e-06 5.124687320e-06 8.538813620e-03 -3.442236460e-06 -1.634504840e-07 8.146333710e-05 2.945665090e-08
7.088819000e-01 2.810528850e-06 5.410989240e-03 -4.149231890e-06 2.974169120e-06 5.329304280e-03 -4.180152270e-06 -1.636402750e-07 8.168496590e-05 3.092038070e-08
7.094113000e-01 3.502906950e-06 3.907890680e-03 -3.531572350e-06 3.666387410e-06 3.826099220e-03 -3.563957050e-06 -1.634804560e-07 8.179146090e-05 3.238469510e-08
7.099407000e-01 1.209843200e-05 4.510874020e-03 -4.903299240e-06 1.225832520e-05 4.429325420e-03 -4.936567330e-06 -1.598932780e-07 8.154859410e-05 3.326809090e-08
7.104701000e-01 2.616464190e-06 4.589722290e-03 -6.011014450e-06 2.776849130e-06 4.508475890e-03 -6.045714220e-06 -1.603849420e-07 8.124640790e-05 3.469977000e-08
7.109996000e-01 2.810367920e-06 6.410672140e-03 -3.406049140e-06 2.970586920e-06 6.329458550e-03 -3.442552130e-06 -1.602190000e-07 8.121359400e-05 3.650299870e-08
7.115290000e-01 6.435896700e-06 7.778694470e-03 -5.779267900e-06 6.594685830e-06 7.697486290e-03 -5.817327470e-06 -1.587891350e-07 8.120817680e-05 3.805956710e-08
7.120428000e-01 -2.651990820e-06 6.193394830e-03 -9.317503590e-07 -2.491695100e-06 6.111940510e-03 -9.723156820e-07 -1.602957190e-07 8.145432510e-05 4.056532250e-08
7.125567000e-01 -6.210442900e-07 5.903729490e-03 -6.905946810e-07 -4.605950660e-07 5.822067260e-03 -7.333938750e-07 -1.604492250e-07 8.166223790e-05 4.279919420e-08
7.130705000e-01 -6.354969060e-06 4.781453170e-03 -1.851825140e-06 -6.192017790e-06 4.700131390e-03 -1.897112710e-06 -1.629512670e-07 8.132177950e-05 4.528756830e-08
7.135844000e-01 -1.047230660e-05 3.770961580e-03 -1.981706000e-06 -1.030488310e-05 3.689957190e-03 -2.029656390e-06 -1.674235680e-07 8.100439180e-05 4.795038460e-08
7.140982000e-01 1.337805100e-05 6.794214810e-03 -3.297103840e-06 1.353925430e-05 6.712814970e-03 -3.345916840e-06 -1.612032770e-07 8.139983640e-05 4.881300290e-08
7.146121000e-01 -3.222311260e-06 6.952846320e-03 -4.650717660e-06 -3.060254710e-06 6.871143200e-03 -4.701249430e-06 -1.620565550e-07 8.170312560e-05 5.053176750e-08
7.151260000e-01 -1.030636200e-06 6.013496150e-03 -1.912605080e-06 -8.687299120e-07 5.932428380e-03 -1.965155770e-06 -1.619062870e-07 8.106776970e-05 5.255069340e-08
7.156398000e-01 6.391879710e-06 6.115141790e-03 -3.903026180e-06 6.550637960e-06 6.034537320e-03 -3.956938560e-06 -1.587582490e-07 8.060447310e-05 5.391237940e-08
7.161537000e-01 5.406415250e-06 6.341889160e-03 -1.729003110e-06 5.562107960e-06 6.260877410e-03 -1.784477860e-06 -1.556927040e-07 8.101174760e-05 5.547475140e-08
7.166675000e-01 -1.051928490e-06 7.945842150e-03 -3.321971110e-06 -8.962944760e-07 7.864531370e-03 -3.379235130e-06 -1.556340180e-07 8.131077220e-05 5.726402230e-08
7.171608000e-01 -1.229021330e-06 5.071046150e-03 -4.586376490e-07 -1.074003290e-06 4.990312740e-03 -5.176636460e-07 -1.550180400e-07 8.073340470e-05 5.902599710e-08
7.176756000e-01 5.793383900e-06 5.772938480e-03 1.075373180e-07 5.944971510e-06 5.692533190e-03 4.706404380e-08 -1.515876010e-07 8.040528870e-05 6.047327410e-08
7.181903000e-01 5.002321540e-06 8.390722290e-03 -2.245273040e-06 5.151297550e-06 8.309736480e-03 -2.306967100e-06 -1.489760040e-07 8.098581300e-05 6.169405420e-08
7.186817000e-01 -7.868558440e-06 7.101559990e-03 -9.227014320e-07 -7.717332960e-06 7.020354820e-03 -9.861048290e-07 -1.512254830e-07 8.120516860e-05 6.340339760e-08
7.191730000e-01 -5.932081020e-06 4.478746850e-03 1.308617820e-06 -5.780085950e-06 4.398595940e-03 1.243583770e-06 -1.519950700e-07 8.015091060e-05 6.503404990e-08
7.196644000e-01 -2.048933060e-06 4.963500650e-03 -1.161129810e-06 -1.897196970e-06 4.884101330e-03 -1.227363140e-06 -1.517360860e-07 7.939932410e-05 6.623333590e-08
7.201557000e-01 1.526488930e-05 9.236630180e-03 -6.338093870e-07 1.540864940e-05 9.156766460e-03 -7.001130990e-07 -1.437600640e-07 7.986371470e-05 6.630371290e-08
7.206471000e-01 -1.013888810e-05 9.407203350e-03 -2.885223820e-06 -9.992036150e-06 9.326995270e-03 -2.952553760e-06 -1.468519870e-07 8.020808630e-05 6.732994460e-08
7.211384000e-01 -1.950196550e-06 3.373197600e-03 8.747135970e-07 -1.803874950e-06 3.293825840e-03 8.063567700e-07 -1.463216000e-07 7.937176220e-05 6.835682690e-08
7.216298000e-01 -8.372707450e-06 3.312227690e-03 2.476720570e-06 -8.224291320e-06 3.233668610e-03 2.406875000e-06 -1.484161330e-07 7.855907830e-05 6.984557580e-08
7.221211000e-01 3.350736730e-06 8.690805800e-03 2.291532210e-06 3.496753850e-06 8.611878630e-03 2.220908370e-06 -1.460171190e-07 7.892716090e-05 7.062384080e-08
7.226125000e-01 8.758443980e-06 9.487845040e-03 -3.493601990e-07 8.900251640e-06 9.408478560e-03 -4.201350060e-07 -1.418076580e-07 7.936648480e-05 7.077480750e-08
7.231038000e-01 1.350835150e-06 6.272402140e-03 -1.224185960e-06 1.491892680e-06 6.193776600e-03 -1.295408480e-06 -1.410575220e-07 7.862554170e-05 7.122252550e-08
7.235952000e-01 1.784705250e-06 4.372985430e-03 -6.671157340e-07 1.924849300e-06 4.295304050e-03 -7.387948810e-07 -1.401440460e-07 7.768138430e-05 7.167914730e-08
7.240865000e-01 -1.825059500e-06 6.773022630e-03 -5.272672020e-07 -1.684374930e-06 6.695453200e-03 -5.994981950e-07 -1.406845750e-07 7.756943650e-05 7.223099330e-08
7.245779000e-01 -1.823149180e-06 7.985924770e-03 3.111068760e-06 -1.682512920e-06 7.908276920e-03 3.038057850e-06 -1.406362570e-07 7.764784880e-05 7.301091540e-08
7.250692000e-01 -4.867340270e-07 7.097263580e-03 -1.135173690e-06 -3.459807010e-07 7.019808880e-03 -1.208562530e-06 -1.407533250e-07 7.745469310e-05 7.338884270e-08
7.255606000e-01 2.118541750e-06 6.796753350e-03 -5.668211080e-07 2.258160140e-06 6.719516330e-03 -6.404670890e-07 -1.396183900e-07 7.723702240e-05 7.364598110e-08
7.260519000e-01 3.921246890e-06 6.402933970e-03 -8.635090600e-07 4.059252500e-06 6.326148950e-03 -9.373084700e-07 -1.380056100e-07 7.678502810e-05 7.379941020e-08
7.265433000e-01 -4.285394740e-06 5.016332870e-03 2.934220980e-06 -4.146189250e-06 4.940193780e-03 2.859608980e-06 -1.392054910e-07 7.613908630e-05 7.461200110e-08
7.270346000e-01 2.309638930e-06 6.803749900e-03 3.798727100e-07 2.447565730e-06 6.727874450e-03 3.050312970e-07 -1.379267990e-07 7.587545000e-05 7.484141350e-08
7.275260000e-01 -6.857098100e-07 7.591311930e-03 -7.848764480e-07 -5.475063070e-07 7.515513620e-03 -8.599937740e-07 -1.382035030e-07 7.579831560e-05 7.511732610e-08
7.280173000e-01 5.669104680e-06 6.964997370e-03 -1.949179420e-06 5.805473500e-06 6.889588410e-03 -2.024218060e-06 -1.363688180e-07 7.540895980e-05 7.503863390e-08
7.285087000e-01 1.040025880e-05 6.677910890e-03 2.263529570e-06 1.053213040e-05 6.602950370e-03 2.188405030e-06 -1.318715510e-07 7.496051950e-05 7.512453570e-08
7.290000000e-01 -1.415618090e-06 6.526537250e-03 -3.405710810e-06 -1.282405710e-06 6.452112420e-03 -3.480797060e-06 -1.332123770e-07 7.442482470e-05 7.508624870e-08
7.295063000e-01 -1.584712350e-06 5.376865860e-03 5.233366070e-07 -1.450657080e-06 5.303297270e-03 4.479666250e-07 -1.340552740e-07 7.356859280e-05 7.536998220e-08
7.300190000e-01 -3.652450760e-06 7.644924580e-03 -3.510666470e-07 -3.516403350e-06 7.571596570e-03 -4.267253540e-07 -1.360474160e-07 7.332800810e-05 7.565870720e-08
7.305317000e-01 3.248738420e-06 8.824654100e-03 -1.001628920e-06 3.383661700e-06 8.750866300e-03 -1.077144920e-06 -1.349232840e-07 7.378779670e-05 7.551599890e-08
7.310378000e-01 -3.655883600e-06 6.556566770e-03 2.877706630e-07 -3.519414600e-06 6.483369480e-03 2.120518960e-07 -1.364690000e-07 7.319729390e-05 7.571876730e-08
7.315506000e-01 -1.779810570e-06 4.408794070e-03 5.867666610e-07 -1.642321490e-06 4.337202660e-03 5.106733480e-07 -1.374890740e-07 7.159141090e-05 7.609331290e-08
7.320635000e-01 9.443925610e-06 6.504469150e-03 8.944791300e-06 9.575935830e-06 6.433277570e-03 8.868357030e-06 -1.320102200e-07 7.119157730e-05 7.643426790e-08
7.325834000e-01 -4.543617000e-06 9.399907670e-03 -4.393630080e-06 -4.407965640e-06 9.328096470e-03 -4.470470130e-06 -1.356513530e-07 7.181119300e-05 7.684004970e-08
7.330962000e-01 1.078226140e-06 6.573836330e-03 -2.712839930e-06 1.214705280e-06 6.502599970e-03 -2.790096110e-06 -1.364791330e-07 7.123635860e-05 7.725618310e-08
7.336162000e-01 -6.420159890e-06 3.614858000e-03 7.912364930e-07 -6.280307200e-06 3.544948780e-03 7.132904620e-07 -1.398526830e-07 6.990922320e-05 7.794603070e-08
7.341363000e-01 -6.057891010e-06 6.356499710e-03 9.117474110e-07 -5.914997630e-06 6.287113110e-03 8.331303790e-07 -1.428933770e-07 6.938660140e-05 7.861703250e-08
7.346641000e-01 1.934886370e-06 7.713813420e-03 1.764919900e-06 2.077272360e-06 7.644611250e-03 1.685940810e-06 -1.423859870e-07 6.920217540e-05 7.897909480e-08
7.351919000e-01 4.384532400e-07 6.898564050e-03 1.448893520e-06 5.813000530e-07 6.829873240e-03 1.369401260e-06 -1.428468130e-07 6.869080730e-05 7.949226290e-08
7.357197000e-01 -1.784045000e-06 7.224251940e-03 1.566590100e-06 -1.639919230e-06 7.156078240e-03 1.486536970e-06 -1.441257620e-07 6.817370660e-05 8.005312730e-08
7.362475000e-01 2.755495650e-06 6.103110950e-03 4.025705620e-07 2.899411010e-06 6.035689950e-03 3.222807370e-07 -1.439153640e-07 6.742100130e-05 8.028982470e-08
7.367753000e-01 8.850533980e-07 4.717329490e-03 -8.977575380e-07 1.029742040e-06 4.650740890e-03 -9.780634370e-07 -1.446886420e-07 6.658859570e-05 8.030589890e-08
7.373118000e-01 -1.334461960e-06 6.959549810e-03 -5.514780970e-07 -1.188391950e-06 6.893418380e-03 -6.318107410e-07 -1.460700110e-07 6.613143290e-05 8.033264430e-08
7.378483000e-01 -1.319547140e-06 8.208023220e-03 -9.570472800e-07 -1.171940500e-06 8.142262780e-03 -1.037186180e-06 -1.476066400e-07 6.576043690e-05 8.013890290e-08
7.383848000e-01 9.325281690e-06 3.441044240e-03 -1.576582840e-06 9.469987110e-06 3.376693350e-03 -1.656135000e-06 -1.447054240e-07 6.435088510e-05 7.955215860e-08
7.389306000e-01 -2.565115750e-05 3.493841010e-03 5.238295350e-06 -2.549490500e-05 3.430776830e-03 5.157439710e-06 -1.562524830e-07 6.306418170e-05 8.085564290e-08
7.394765000e-01 1.722094510e-05 1.066992680e-02 -2.834346060e-06 1.737140910e-05 1.060636520e-02 -2.914258310e-06 -1.504639810e-07 6.356156140e-05 7.991225700e-08
7.400224000e-01 3.100639070e-06 8.500112030e-03 -2.285275640e-06 3.251503840e-06 8.436582340e-03 -2.364716870e-06 -1.508647630e-07 6.352968890e-05 7.944122630e-08
7.405683000e-01 4.995962820e-06 3.553500000e-03 6.711858750e-08 5.146294190e-06 3.491521090e-03 -1.209448750e-08 -1.503313720e-07 6.197890430e-05 7.921307500e-08
7.411247000e-01 -1.074564270e-06 4.437649970e-03 -1.766998900e-06 -9.215640380e-07 4.376732600e-03 -1.846045560e-06 -1.530002310e-07 6.091737370e-05 7.904666020e-08
7.416810000e-01 1.094341640e-05 5.352961810e-03 -1.592230160e-06 1.109354580e-05 5.292818780e-03 -1.670786760e-06 -1.501293570e-07 6.014303170e-05 7.855660390e-08
7.422488000e-01 -2.223486310e-06 5.058414890e-03 2.233641070e-06 -2.071057700e-06 4.998984460e-03 2.154817170e-06 -1.524286120e-07 5.943042560e-05 7.882389690e-08
7.428165000e-01 5.327756270e-06 5.697570850e-03 1.062055670e-06 5.479386140e-06 5.638671770e-03 9.832886560e-07 -1.516298640e-07 5.889907950e-05 7.876701320e-08
7.433842000e-01 -6.130573930e-06 5.503714260e-03 1.229062420e-06 -5.974570070e-06 5.445699780e-03 1.149998530e-06 -1.560038590e-07 5.801448240e-05 7.906388850e-08
7.439646000e-01 -1.115919000e-06 6.922014630e-03 1.216313200e-06 -9.578115640e-07 6.864922400e-03 1.137158940e-06 -1.581074360e-07 5.709223760e-05 7.915425790e-08
7.445449000e-01 3.574239360e-06 6.459911230e-03 3.741139690e-06 3.731556020e-06 6.403327420e-03 3.661802290e-06 -1.573166630e-07 5.658381390e-05 7.933740430e-08
7.451253000e-01 3.803078000e-06 5.241066200e-03 -1.879415700e-06 3.960786060e-06 5.185188200e-03 -1.958179650e-06 -1.577080610e-07 5.587800830e-05 7.876394640e-08
7.457056000e-01 -2.770084890e-06 1.981436170e-03 4.607875850e-07 -2.609370810e-06 1.927078750e-03 3.821942720e-07 -1.607140760e-07 5.435742090e-05 7.859331300e-08
7.463005000e-01 2.801318510e-07 4.788562980e-03 -2.137142470e-07 4.426535180e-07 4.735019870e-03 -2.917691720e-07 -1.625216670e-07 5.354310570e-05 7.805492500e-08
7.468954000e-01 4.842963380e-06 6.245662590e-03 -5.140243160e-07 5.005018080e-06 6.192410380e-03 -5.912848960e-07 -1.620546980e-07 5.325220610e-05 7.726058090e-08
7.475063000e-01 1.139754640e-05 4.684299380e-03 -4.213737500e-07 1.155610470e-05 4.632265560e-03 -4.976255230e-07 -1.585583840e-07 5.203382410e-05 7.625177290e-08
7.481172000e-01 8.212120240e-06 4.420158430e-03 5.031417470e-07 8.368796390e-06 4.369418620e-03 4.276821940e-07 -1.566761480e-07 5.073980830e-05 7.545955350e-08
7.487282000e-01 -2.310814080e-07 4.552653290e-03 -3.103366870e-06 -7.128312000e-08 4.502994040e-03 -3.177701720e-06 -1.597982880e-07 4.965925060e-05 7.433485030e-08
7.493576000e-01 6.787689240e-06 5.450865230e-03 -1.085709370e-06 6.946509270e-06 5.402024580e-03 -1.158841550e-06 -1.588200300e-07 4.884064260e-05 7.313217920e-08
7.499871000e-01 6.735835930e-06 6.517774410e-03 -1.956518740e-06 6.893462270e-06 6.469364870e-03 -2.028354800e-06 -1.576263380e-07 4.840954260e-05 7.183606080e-08
7.506165000e-01 5.723055280e-06 9.907594880e-04 -8.571547300e-07 5.879753870e-06 9.439177990e-04 -9.277499230e-07 -1.566985900e-07 4.684168850e-05 7.059519230e-08
7.512460000e-01 9.854434080e-08 6.264452370e-04 -7.777631470e-07 2.571964540e-07 5.809913860e-04 -8.472002910e-07 -1.586521130e-07 4.545385100e-05 6.943714380e-08
7.518979000e-01 -9.614956690e-07 7.887806310e-03 3.770901730e-06 -8.012399650e-07 7.842726210e-03 3.702282600e-06 -1.602557040e-07 4.508009890e-05 6.861913670e-08
7.525498000e-01 -2.029719750e-06 2.614224030e-03 -3.877091410e-06 -1.865975700e-06 2.570479400e-03 -3.944245020e-06 -1.637440510e-07 4.374463620e-05 6.715360940e-08
7.532018000e-01 1.797244950e-05 9.106218330e-04 -1.045828350e-07 1.812910560e-05 8.683851100e-04 -1.700416120e-07 -1.566560360e-07 4.223672310e-05 6.545877720e-08
7.538537000e-01 1.614062720e-05 3.988058870e-03 -1.092754240e-06 1.629068620e-05 3.946695940e-03 -1.156465790e-06 -1.500589310e-07 4.136292170e-05 6.371154910e-08
7.545340000e-01 4.917290640e-06 3.499924490e-03 -3.362154960e-06 5.066474100e-06 3.459908050e-03 -3.423853620e-06 -1.491834660e-07 4.001643110e-05 6.169865260e-08
7.552142000e-01 1.822930100e-05 3.478041910e-03 2.356607670e-06 1.836887710e-05 3.439632410e-03 2.296318550e-06 -1.395761790e-07 3.840950090e-05 6.028912160e-08
7.558945000e-01 -4.597221770e-06 1.784794680e-03 -7.295503630e-06 -4.453595320e-06 1.747268980e-03 -7.353249040e-06 -1.436264490e-07 3.752570240e-05 5.774540680e-08
7.565748000e-01 4.263485170e-06 3.744239390e-03 -2.361652570e-06 4.405357620e-06 3.707536480e-03 -2.417510380e-06 -1.418724470e-07 3.670290600e-05 5.585780740e-08
7.572551000e-01 2.169718700e-06 5.227350680e-03 -4.257360890e-06 2.311430120e-06 5.191476730e-03 -4.311081210e-06 -1.417114180e-07 3.587394630e-05 5.372031640e-08
7.579753000e-01 9.328246030e-06 2.244175000e-03 -1.452546080e-06 9.464395050e-06 2.210061140e-03 -1.504161390e-06 -1.361490160e-07 3.411386240e-05 5.161530590e-08
7.586956000e-01 5.083708690e-06 1.751416430e-03 -1.853431860e-07 5.216185130e-06 1.718698630e-03 -2.351479240e-07 -1.324764430e-07 3.271779410e-05 4.980473780e-08
7.594159000e-01 5.053005340e-06 1.049857150e-03 -3.792968110e-06 5.182144990e-06 1.018488000e-03 -3.840311270e-06 -1.291396530e-07 3.136914800e-05 4.734316110e-08
7.601362000e-01 6.185382900e-06 2.488530170e-03 -3.031635200e-06 6.310430150e-06 2.458738990e-03 -3.076653710e-06 -1.250472480e-07 2.979117670e-05 4.501850530e-08
7.608565000e-01 1.812713680e-05 1.729531610e-03 -2.078472380e-06 1.824062350e-05 1.700994420e-03 -2.121003570e-06 -1.134866380e-07 2.853719170e-05 4.253118660e-08
7.616423000e-01 1.478586190e-05 1.838339630e-03 -1.621104580e-06 1.488822130e-05 1.810851070e-03 -1.660891970e-06 -1.023594220e-07 2.748856660e-05 3.978738910e-08
7.624281000e-01 6.607032480e-06 2.734583650e-03 -2.525991220e-06 6.703024250e-06 2.708066150e-03 -2.562896150e-06 -9.599177520e-08 2.651750560e-05 3.690492590e-08
7.632138000e-01 3.768478850e-06 2.224249200e-04 -2.708292200e-06 3.859516660e-06 1.980366050e-04 -2.742366070e-06 -9.103780790e-08 2.438831500e-05 3.407386990e-08
7.639996000e-01 3.332236270e-06 -9.970879090e-04 -1.439081410e-06 3.417622470e-06 -1.019120170e-03 -1.470404560e-06 -8.538620790e-08 2.203226470e-05 3.132315470e-08
7.647854000e-01 7.977531660e-06 1.259185960e-03 -1.649634770e-06 8.053928070e-06 1.238244870e-03 -1.678215720e-06 -7.639641680e-08 2.094108870e-05 2.858094200e-08
7.655711000e-01 1.385378450e-05 2.543341340e-03 -1.734963020e-06 1.391731550e-05 2.523183980e-03 -1.760882740e-06 -6.353092960e-08 2.015735500e-05 2.591971300e-08
7.663569000e-01 9.727106060e-06 -6.429160770e-04 -1.758896990e-06 9.779992950e-06 -6.607502770e-04 -1.782165130e-06 -5.288688730e-08 1.783420020e-05 2.326813740e-08
7.671427000e-01 5.154826550e-06 -3.780615770e-03 -6.089710030e-07 5.199071730e-06 -3.796643040e-03 -6.298014840e-07 -4.424518010e-08 1.602727250e-05 2.083048030e-08
7.679285000e-01 5.456488630e-06 2.369666900e-03 -2.143129300e-06 5.492373090e-06 2.354964530e-03 -2.161211470e-06 -3.588446640e-08 1.470237350e-05 1.808217150e-08
7.687142000e-01 7.519174170e-06 6.463881990e-04 -2.529814300e-06 7.545132610e-06 6.332302490e-04 -2.545006390e-06 -2.595844330e-08 1.315794990e-05 1.519209090e-08
7.695000000e-01 1.398908470e-05 -2.029450400e-03 -2.287766720e-06 1.400111500e-05 -2.040789290e-03 -2.300110870e-06 -1.203030720e-08 1.133888440e-05 1.234414410e-08
7.703804000e-01 3.014129010e-06 -1.667361380e-03 -2.822197800e-06 3.017637490e-06 -1.676628390e-03 -2.831404830e-06 -3.508470750e-09 9.267012390e-06 9.207024520e-09
7.713018000e-01 1.625343940e-05 2.495959790e-03 -8.485972050e-07 1.623810560e-05 2.487730220e-03 -8.548384910e-07 1.533376160e-08 8.229570880e-06 6.241285830e-09
7.722232000e-01 9.240913300e-06 -4.151982210e-03 -5.400033790e-07 9.211385900e-06 -4.157228890e-03 -5.433787810e-07 2.952740470e-08 5.246681660e-06 3.375401490e-09
7.731676000e-01 8.331413930e-06 -9.010576100e-04 -2.492380260e-06 8.288421100e-06 -9.048035100e-04 -2.492416440e-06 4.299283780e-08 3.745899730e-06 3.618687480e-11
7.741369000e-01 7.389694800e-06 -2.401866870e-03 -2.604339830e-06 7.334121360e-06 -2.403040700e-03 -2.601206320e-06 5.557344630e-08 1.173827270e-06 -3.133507700e-09
7.751062000e-01 2.195104150e-06 -8.692404660e-04 -8.464340110e-07 2.130672500e-06 -8.685377290e-04 -8.404094880e-07 6.443164940e-08 -7.027360830e-07 -6.024523290e-09
7.761031000e-01 8.373731070e-06 -2.405811210e-03 -2.416996690e-06 8.296798060e-06 -2.402927690e-03 -2.408311830e-06 7.693300430e-08 -2.883524640e-06 -8.684854210e-09
7.771001000e-01 9.444730370e-06 -4.425521230e-03 -1.201547300e-06 9.354154550e-06 -4.419411070e-03 -1.190343310e-06 9.057581610e-08 -6.110161750e-06 -1.120399040e-08
7.780971000e-01 8.768312490e-06 -9.877936900e-04 -1.963245830e-06 8.665857030e-06 -9.798071650e-04 -1.949545990e-06 1.024554610e-07 -7.986524620e-06 -1.369983940e-08
7.790940000e-01 7.410011690e-06 -2.894045100e-03 -2.681078650e-06 7.298043560e-06 -2.883502780e-03 -2.664993640e-06 1.119681230e-07 -1.054232210e-05 -1.608500850e-08
7.800910000e-01 6.255946870e-06 -3.198832480e-03 -1.912102900e-06 6.136281150e-06 -3.185681520e-03 -1.894237960e-06 1.196657290e-07 -1.315095610e-05 -1.786493410e-08
7.810880000e-01 5.002191100e-06 -3.458182580e-03 -1.939345890e-06 4.876738190e-06 -3.442725960e-03 -1.920173500e-06 1.254529080e-07 -1.545662390e-05 -1.917239230e-08
7.820849000e-01 3.488180230e-06 -4.639180710e-03 -2.719787330e-06 3.359093810e-06 -4.621053100e-03 -2.699518370e-06 1.290864230e-07 -1.812761740e-05 -2.026896150e-08
7.831188000e-01 -1.199146500e-05 -3.046711730e-03 -2.145681870e-06 -1.211122500e-05 -3.026449270e-03 -2.124526890e-06 1.197599490e-07 -2.026245290e-05 -2.115498060e-08
7.841527000e-01 1.165077980e-05 -6.290732220e-03 -2.195026950e-06 1.152245730e-05 -6.266748550e-03 -2.173383430e-06 1.283225600e-07 -2.398367110e-05 -2.164352060e-08
7.851866000e-01 6.508219370e-06 -3.070328040e-03 -2.084978930e-06 6.376683730e-06 -3.044029020e-03 -2.063034550e-06 1.315356370e-07 -2.629902110e-05 -2.194437220e-08
7.862205000e-01 3.545477760e-06 -3.857406570e-03 -1.342896900e-06 3.413716130e-06 -3.828730700e-03 -1.321113720e-06 1.317616360e-07 -2.867587110e-05 -2.178318010e-08
7.872544000e-01 2.759166610e-06 -5.226482540e-03 -1.164938460e-06 2.628824040e-06 -5.194858950e-03 -1.143599670e-06 1.303425720e-07 -3.162358470e-05 -2.133878990e-08
7.883375000e-01 3.749051570e-06 -4.994700650e-03 2.052058080e-06 3.618735030e-06 -4.960173890e-03 2.072095290e-06 1.303165400e-07 -3.452676800e-05 -2.003721350e-08
7.894206000e-01 2.437578530e-06 -4.502868710e-03 -2.894736440e-06 2.311519550e-06 -4.465358200e-03 -2.875621240e-06 1.260589820e-07 -3.751051730e-05 -1.911520740e-08
7.904496000e-01 -8.778991930e-07 -5.141642710e-03 -1.100931290e-06 -9.979896020e-07 -5.101177840e-03 -1.083034950e-06 1.200904090e-07 -4.046486630e-05 -1.789634320e-08
7.914786000e-01 1.959591950e-06 -6.191408050e-03 -8.636989070e-07 1.844057600e-06 -6.148259740e-03 -8.470713530e-07 1.155343480e-07 -4.314830800e-05 -1.662755360e-08
7.925075000e-01 4.807320880e-06 -7.023193540e-03 1.703130610e-06 4.694147010e-06 -6.976426290e-03 1.717719750e-06 1.131738670e-07 -4.676724990e-05 -1.458913620e-08
7.935365000e-01 -3.263118740e-06 -3.759415010e-03 -1.337107350e-06 -3.365938550e-06 -3.710541800e-03 -1.323678120e-06 1.028198130e-07 -4.887321070e-05 -1.342922770e-08
7.945655000e-01 3.256997790e-06 -7.442714520e-03 -4.728628720e-07 3.159309050e-06 -7.390470860e-03 -4.609836300e-07 9.768874380e-08 -5.224366040e-05 -1.187924140e-08
7.955301000e-01 3.831792630e-06 -6.560897840e-03 2.116729350e-06 3.737859110e-06 -6.505893440e-03 2.126424780e-06 9.393351150e-08 -5.500440410e-05 -9.695423510e-09
7.964948000e-01 4.960445420e-07 -7.955525500e-03 4.117262020e-07 4.092815760e-07 -7.897312330e-03 4.197053210e-07 8.676296610e-08 -5.821317010e-05 -7.979118810e-09
7.974595000e-01 -2.321874170e-06 -7.008624970e-03 4.435043860e-07 -2.398918100e-06 -6.947732510e-03 4.496598610e-07 7.704392920e-08 -6.089246740e-05 -6.155474590e-09
7.983552000e-01 -2.698181260e-06 -5.206600550e-03 4.211874950e-07 -2.765467360e-06 -5.143431320e-03 4.256495580e-07 6.728610520e-08 -6.316922450e-05 -4.462062730e-09
7.991870000e-01 -2.207327570e-06 -6.226340370e-03 4.527638040e-07 -2.265386670e-06 -6.161094580e-03 4.557579690e-07 5.805909520e-08 -6.524578420e-05 -2.994165060e-09
8.000187000e-01 -8.657521570e-07 -7.980502260e-03 6.122614590e-07 -9.145112930e-07 -7.913112520e-03 6.137113980e-07 4.875913610e-08 -6.738973640e-05 -1.449938720e-09
8.008505000e-01 -2.056699550e-06 -8.575926420e-03 5.504335310e-07 -2.094619830e-06 -8.505763990e-03 5.502670070e-07 3.792028040e-08 -7.016243480e-05 1.665245940e-10
8.016130000e-01 -2.489853430e-06 -6.128383840e-03 5.392076940e-07 -2.516475050e-06 -6.056622390e-03 5.376028760e-07 2.662161980e-08 -7.176145450e-05 1.604817970e-09
8.023754000e-01 -2.458507940e-06 -9.091799360e-03 6.989342170e-07 -2.473080360e-06 -9.017663480e-03 6.959532140e-07 1.457241620e-08 -7.413587260e-05 2.981003070e-09
8.031379000e-01 -1.083927640e-06 -8.236209720e-03 8.225912990e-07 -1.086500200e-06 -8.160053290e-03 8.181533400e-07 2.572556780e-09 -7.615643050e-05 4.437958120e-09
8.038241000e-01 -3.769161140e-06 -6.839110170e-03 1.064075360e-06 -3.759870500e-06 -6.761549920e-03 1.058298140e-06 -9.290648470e-09 -7.756025050e-05 5.777215230e-09
8.045103000e-01 5.609786620e-07 -8.367468270e-03 2.618559650e-06 5.801456160e-07 -8.287715300e-03 2.611029560e-06 -1.916695340e-08 -7.975297380e-05 7.530093530e-09
8.051965000e-01 -3.150395310e-06 -8.327869300e-03 4.685912050e-07 -3.118891190e-06 -8.246582870e-03 4.597434000e-07 -3.150411880e-08 -8.128642630e-05 8.847805360e-09
8.058827000e-01 -3.006931010e-06 -8.475037520e-03 3.710185870e-07 -2.963311800e-06 -8.392470720e-03 3.608817790e-07 -4.361921140e-08 -8.256680530e-05 1.013680820e-08
8.065689000e-01 -5.558023040e-06 -1.027960210e-02 -2.396098920e-07 -5.501435770e-06 -1.019494240e-02 -2.509567910e-07 -5.658727580e-08 -8.465965380e-05 1.134689810e-08
8.071408000e-01 -1.420274600e-06 -8.962396390e-03 1.747801380e-06 -1.354914060e-06 -8.876473400e-03 1.735058410e-06 -6.536053290e-08 -8.592298830e-05 1.274296530e-08
8.077126000e-01 -3.385513730e-06 -6.870316670e-03 9.548752280e-07 -3.310099330e-06 -6.783620620e-03 9.408737150e-07 -7.541439940e-08 -8.669604670e-05 1.400151290e-08
8.082845000e-01 -6.605628450e-06 -1.036158490e-02 -1.083315000e-06 -6.517835480e-06 -1.027336110e-02 -1.098267110e-06 -8.779297180e-08 -8.822384260e-05 1.495211300e-08
8.088563000e-01 -3.010037870e-06 -1.027802810e-02 1.283481850e-06 -2.912014670e-06 -1.018838680e-02 1.267129550e-06 -9.802320110e-08 -8.964122630e-05 1.635229620e-08
8.094282000e-01 -2.667118800e-06 -7.390954960e-03 1.420887700e-06 -2.558913050e-06 -7.300489430e-03 1.403057100e-06 -1.082057570e-07 -9.046552850e-05 1.783060570e-08
8.100000000e-01 -2.593587250e-06 -7.833907820e-03 1.526678560e-06 -2.474954740e-06 -7.742669010e-03 1.507310140e-06 -1.186325150e-07 -9.123880640e-05 1.936841550e-08
8.105400000e-01 -2.530600740e-06 -7.615459350e-03 1.610442780e-06 -2.402245890e-06 -7.523668940e-03 1.589582860e-06 -1.283548560e-07 -9.179041240e-05 2.085992030e-08
8.110658000e-01 -2.678880390e-06 -9.781573890e-03 1.692392880e-06 -2.541144540e-06 -9.689449490e-03 1.670052890e-06 -1.377358440e-07 -9.212439930e-05 2.233999330e-08
8.115847000e-01 -2.874739040e-06 -1.287220990e-02 1.762631360e-06 -2.727975560e-06 -1.277985330e-02 1.738799330e-06 -1.467634800e-07 -9.235658440e-05 2.383203290e-08
8.120967000e-01 -2.567596100e-06 -7.614218840e-03 1.653535430e-06 -2.411986720e-06 -7.522054280e-03 1.628215220e-06 -1.556093830e-07 -9.216456100e-05 2.532020950e-08
8.126020000e-01 -2.387595080e-06 -3.823403980e-03 1.619029830e-06 -2.223374990e-06 -3.731746030e-03 1.592239240e-06 -1.642200960e-07 -9.165795830e-05 2.679058980e-08
8.131007000e-01 -2.455296030e-06 -8.557295290e-03 1.680604330e-06 -2.282804260e-06 -8.465545030e-03 1.652388990e-06 -1.724917710e-07 -9.175026140e-05 2.821533270e-08
8.135928000e-01 4.725538640e-07 -1.174583330e-02 3.008724330e-06 6.519218910e-07 -1.165367750e-02 2.978951480e-06 -1.793680270e-07 -9.215580320e-05 2.977284570e-08
8.140784000e-01 -2.403361830e-06 -7.648368450e-03 1.215298820e-06 -2.215561710e-06 -7.556360270e-03 1.184289730e-06 -1.878001220e-07 -9.200817900e-05 3.100909060e-08
8.145576000e-01 -3.351756890e-06 -3.903664800e-03 8.416141930e-07 -3.155318530e-06 -3.812152880e-03 8.095232350e-07 -1.964383590e-07 -9.151191320e-05 3.209095810e-08
8.150369000e-01 -2.455363760e-06 -8.774743760e-03 5.532314990e-07 -2.250482230e-06 -8.683225330e-03 5.201472580e-07 -2.048815230e-07 -9.151843440e-05 3.308424180e-08
8.155097000e-01 -5.618726460e-06 -1.412962280e-02 -1.925335590e-08 -5.404103770e-06 -1.403767840e-02 -5.322954590e-08 -2.146226940e-07 -9.194440640e-05 3.397619010e-08
8.159762000e-01 -5.354719110e-07 -1.063075020e-02 1.748219130e-06 -3.134027600e-07 -1.053883670e-02 1.713138160e-06 -2.220691510e-07 -9.191352500e-05 3.508097230e-08
8.164365000e-01 -1.608603570e-06 -6.674074290e-03 1.261918090e-06 -1.378988900e-06 -6.582676930e-03 1.225857170e-06 -2.296146650e-07 -9.139736630e-05 3.606092550e-08
8.168969000e-01 -3.746472050e-06 -7.828373770e-03 1.868920760e-06 -3.508709840e-06 -7.737214290e-03 1.831796420e-06 -2.377622110e-07 -9.115948220e-05 3.712433500e-08
8.173510000e-01 1.092682190e-06 -9.651147080e-03 9.251648100e-07 1.337054080e-06 -9.559693550e-03 8.869988030e-07 -2.443718910e-07 -9.145352610e-05 3.816600630e-08
8.178051000e-01 -9.657124560e-08 -9.606112070e-03 1.213697890e-06 1.547141250e-07 -9.514456440e-03 1.174467680e-06 -2.512853700e-07 -9.165562930e-05 3.923020830e-08
8.182529000e-01 -5.949974720e-07 -8.105905930e-03 1.286134710e-06 -3.370443440e-07 -8.014580200e-03 1.245875370e-06 -2.579531280e-07 -9.132573090e-05 4.025934530e-08
8.187008000e-01 -1.807713190e-06 -7.377587630e-03 1.685774260e-06 -1.542952840e-06 -7.286705410e-03 1.644509260e-06 -2.647603500e-07 -9.088222080e-05 4.126499900e-08
8.191487000e-01 9.297513820e-07 -1.017378340e-02 1.121226780e-06 1.200019050e-06 -1.008284400e-02 1.079018380e-06 -2.702676650e-07 -9.093938130e-05 4.220840310e-08
8.195903000e-01 4.035829230e-07 -1.249523360e-02 1.253637860e-06 6.794127620e-07 -1.240394300e-02 1.210465050e-06 -2.758298390e-07 -9.129057450e-05 4.317281330e-08
8.200318000e-01 2.592591290e-06 -1.008850910e-02 9.763417180e-07 2.872947440e-06 -9.997303870e-03 9.322606470e-07 -2.803561490e-07 -9.120525510e-05 4.408107090e-08
8.204671000e-01 -1.763862050e-06 -8.182905860e-03 1.655179830e-06 -1.477692120e-06 -8.092124450e-03 1.610185530e-06 -2.861699300e-07 -9.078140870e-05 4.499429410e-08
8.209023000e-01 -2.227770770e-06 -8.512917000e-03 1.133790580e-07 -1.935696040e-06 -8.422416300e-03 6.769383080e-08 -2.920747300e-07 -9.050069860e-05 4.568522760e-08
8.213376000e-01 -8.331373570e-06 -6.539947490e-03 6.050118180e-06 -8.032014850e-06 -6.449767100e-03 6.003176250e-06 -2.993587240e-07 -9.018039320e-05 4.694192750e-08
8.217729000e-01 4.282802910e-06 -5.575993660e-03 -3.605459330e-06 4.585962130e-06 -5.486206670e-03 -3.652623210e-06 -3.031592170e-07 -8.978698980e-05 4.716387540e-08
8.222081000e-01 7.381870550e-06 -1.425196100e-02 2.136071210e-06 7.687064820e-06 -1.416168930e-02 2.088057260e-06 -3.051942670e-07 -9.027165470e-05 4.801394190e-08
8.226434000e-01 2.005191250e-06 -2.022778830e-02 1.546307370e-06 2.314098830e-06 -2.013651190e-02 1.497584120e-06 -3.089075800e-07 -9.127638350e-05 4.872325570e-08
8.230719000e-01 1.445442600e-05 -1.117102880e-02 2.884160030e-06 1.476272250e-05 -1.107989960e-02 2.834795780e-06 -3.082965200e-07 -9.112915670e-05 4.936424720e-08
8.235005000e-01 -6.742425720e-06 -8.148380410e-04 5.519163380e-07 -6.428029480e-06 -7.249139270e-04 5.017724020e-07 -3.143962360e-07 -8.992411460e-05 5.014393610e-08
8.239291000e-01 4.858180970e-07 -5.172871970e-03 1.000325650e-06 8.038953750e-07 -5.083511890e-03 9.496229960e-07 -3.180772770e-07 -8.936008170e-05 5.070265410e-08
8.243576000e-01 1.630473480e-06 -1.415691700e-02 1.122687780e-06 1.951509150e-06 -1.406724930e-02 1.071481260e-06 -3.210356690e-07 -8.966766440e-05 5.120651760e-08
8.247862000e-01 3.110049930e-06 -1.455132860e-02 1.378617030e-06 3.433373810e-06 -1.446148070e-02 1.326888970e-06 -3.233238860e-07 -8.984791300e-05 5.172805760e-08
8.252148000e-01 -2.884880650e-06 -1.083936990e-02 4.388406790e-07 -2.557036930e-06 -1.074946700e-02 3.867775570e-07 -3.278437210e-07 -8.990290510e-05 5.206312230e-08
8.256433000e-01 9.381478580e-08 -1.080711830e-02 -3.155429460e-07 4.252890960e-07 -1.071698700e-02 -3.677525260e-07 -3.314743100e-07 -9.013124650e-05 5.220958030e-08
8.260719000e-01 6.943207530e-06 -9.698662330e-03 2.781766990e-06 7.274829720e-06 -9.608584360e-03 2.729183740e-06 -3.316221880e-07 -9.007796450e-05 5.258325020e-08
8.265004000e-01 3.717312400e-06 -6.843193300e-03 7.892240990e-07 4.049932290e-06 -6.753526830e-03 7.363531470e-07 -3.326198920e-07 -8.966646720e-05 5.287095220e-08
8.269290000e-01 4.757537820e-06 -7.842383600e-03 1.113948800e-06 5.090594150e-06 -7.752967850e-03 1.060718640e-06 -3.330563230e-07 -8.941574860e-05 5.323016800e-08
8.273655000e-01 2.495042500e-06 -1.146902250e-02 8.034504480e-07 2.829023040e-06 -1.137980940e-02 7.499323600e-07 -3.339805410e-07 -8.921304330e-05 5.351808720e-08
8.278020000e-01 -2.381248780e-06 -1.109353870e-02 -1.118771770e-06 -2.044596560e-06 -1.100462660e-02 -1.172353250e-06 -3.366522180e-07 -8.891214210e-05 5.358147840e-08
8.282385000e-01 3.032951610e-06 -1.174891150e-02 8.845162140e-07 3.370077380e-06 -1.165995160e-02 8.306824060e-07 -3.371257660e-07 -8.895994490e-05 5.383380800e-08
8.286750000e-01 8.171158400e-06 -1.262744590e-02 3.442342470e-06 8.506599510e-06 -1.253829350e-02 3.388006270e-06 -3.354411070e-07 -8.915240230e-05 5.433619820e-08
8.291115000e-01 5.351843020e-06 -1.167284480e-02 6.462493830e-07 5.686976510e-06 -1.158359410e-02 5.917727750e-07 -3.351334930e-07 -8.925072320e-05 5.447660860e-08
8.295480000e-01 1.211542780e-06 -1.081558300e-02 -1.792890210e-07 1.547640140e-06 -1.072614270e-02 -2.338165870e-07 -3.360973640e-07 -8.944030790e-05 5.452756560e-08
8.299845000e-01 -5.306422950e-06 -1.102477090e-02 1.221151220e-07 -4.967574040e-06 -1.093519450e-02 6.761051340e-08 -3.388489110e-07 -8.957630940e-05 5.450460870e-08
8.304210000e-01 8.276927770e-06 -9.447315810e-03 9.595714800e-07 8.613597030e-06 -9.358081450e-03 9.048885700e-07 -3.366692570e-07 -8.923435600e-05 5.468290940e-08
8.308575000e-01 3.656070890e-06 -8.630126100e-03 -2.899631230e-07 3.992099800e-06 -8.541240030e-03 -3.445898530e-07 -3.360289090e-07 -8.888607010e-05 5.462672920e-08
8.313039000e-01 -6.945255190e-06 -1.056544400e-02 1.563806040e-06 -6.606429840e-06 -1.047679160e-02 1.509152900e-06 -3.388253490e-07 -8.865242110e-05 5.465314450e-08
8.317504000e-01 1.882371540e-06 -1.211228080e-02 -4.814106820e-08 2.220397520e-06 -1.202394410e-02 -1.025637140e-07 -3.380259820e-07 -8.833675140e-05 5.442264580e-08
8.321968000e-01 8.191838020e-06 -1.060831660e-02 7.044761370e-07 8.527287560e-06 -1.052004650e-02 6.499850800e-07 -3.354495320e-07 -8.827010950e-05 5.449105620e-08
8.326432000e-01 -3.606908140e-07 -8.644185320e-03 -1.404212570e-06 -2.450066330e-08 -8.555595310e-03 -1.458509100e-06 -3.361901510e-07 -8.859000940e-05 5.429653190e-08
8.330896000e-01 4.355482330e-06 -9.704786310e-03 -8.401664000e-07 4.689968940e-06 -9.616078390e-03 -8.944085980e-07 -3.344866090e-07 -8.870791680e-05 5.424219760e-08
8.335360000e-01 2.837587980e-06 -1.162375760e-02 1.754624480e-07 3.170607640e-06 -1.153538700e-02 1.211401100e-07 -3.330196570e-07 -8.837060580e-05 5.432233860e-08
8.339945000e-01 4.138412640e-06 -1.131843880e-02 -4.523985880e-07 4.469354210e-06 -1.123037260e-02 -5.067708830e-07 -3.309415680e-07 -8.806624800e-05 5.437229520e-08
8.344530000e-01 4.369636480e-06 -1.258952790e-02 -3.226887050e-07 4.698466360e-06 -1.250127950e-02 -3.771850670e-07 -3.288298810e-07 -8.824838180e-05 5.449636240e-08
8.349115000e-01 1.207064550e-05 -1.355790680e-02 2.709869990e-07 1.239429270e-05 -1.346938330e-02 2.162795170e-07 -3.236472110e-07 -8.852341410e-05 5.470748230e-08
8.353700000e-01 8.972387110e-06 -9.700388480e-03 -1.640319990e-07 9.291978910e-06 -9.612056920e-03 -2.190034160e-07 -3.195917970e-07 -8.833155480e-05 5.497141760e-08
8.358285000e-01 6.981295330e-06 -7.619015310e-03 -2.897548060e-07 7.297754380e-06 -7.530963950e-03 -3.450256760e-07 -3.164590440e-07 -8.805136160e-05 5.527087060e-08
8.362869000e-01 6.123114280e-06 -1.019270540e-02 -2.351522700e-07 6.436711680e-06 -1.010486410e-02 -2.907266970e-07 -3.135973960e-07 -8.784124850e-05 5.557442680e-08
8.367454000e-01 7.810616660e-07 -1.213567980e-02 1.413407290e-06 1.093671620e-06 -1.204822340e-02 1.357511890e-06 -3.126099520e-07 -8.745642760e-05 5.589539990e-08
8.372039000e-01 8.086480850e-06 -1.121007370e-02 -7.742592310e-06 8.397489000e-06 -1.112276830e-02 -7.798118670e-06 -3.110081440e-07 -8.730537790e-05 5.552635580e-08
8.376624000e-01 7.744193850e-06 -1.138665410e-02 1.770300550e-06 8.052233910e-06 -1.129902860e-02 1.714470140e-06 -3.080400590e-07 -8.762556380e-05 5.583041210e-08
8.381209000e-01 9.510836190e-06 -1.188195990e-02 4.288062500e-06 9.814642800e-06 -1.179414330e-02 4.231897100e-06 -3.038066100e-07 -8.781659380e-05 5.616539690e-08
8.385794000e-01 6.408108850e-06 -1.298915860e-02 1.048885430e-06 6.709105570e-06 -1.290121130e-02 9.926048740e-07 -3.009967230e-07 -8.794728910e-05 5.628056100e-08
8.390379000e-01 5.174683660e-06 -1.314485160e-02 3.255258540e-07 5.473087160e-06 -1.305676480e-02 2.691686080e-07 -2.984035000e-07 -8.808677760e-05 5.635724630e-08
8.394963000e-01 8.151407290e-06 -1.065050630e-02 1.908480730e-07 8.446148310e-06 -1.056269610e-02 1.344124700e-07 -2.947410220e-07 -8.781016500e-05 5.643560390e-08
8.399548000e-01 6.259915870e-06 -1.006768460e-02 1.014590780e-06 6.551853310e-06 -9.980175880e-03 9.579669340e-07 -2.919374350e-07 -8.750874590e-05 5.662384370e-08
8.404133000e-01 3.669095390e-06 -1.017178020e-02 -2.202741340e-06 3.960301090e-06 -1.008453110e-02 -2.259316200e-06 -2.912056980e-07 -8.724914570e-05 5.657486260e-08
8.408718000e-01 6.937644490e-06 -9.375864200e-03 -3.232821520e-07 7.226718280e-06 -9.289017920e-03 -3.800264600e-07 -2.890737940e-07 -8.684628160e-05 5.674430820e-08
8.413303000e-01 6.769831030e-06 -1.172826810e-02 -2.728421330e-06 7.057364000e-06 -1.164143350e-02 -2.785194540e-06 -2.875329750e-07 -8.683462900e-05 5.677321100e-08
8.417888000e-01 3.913568490e-06 -1.519151540e-02 1.077351770e-06 4.200097830e-06 -1.510422500e-02 1.020312170e-06 -2.865293350e-07 -8.729039480e-05 5.703960290e-08
8.422473000e-01 9.232964480e-06 -1.263175160e-02 -1.161438810e-06 9.516544700e-06 -1.254439030e-02 -1.218598860e-06 -2.835802220e-07 -8.736131550e-05 5.716005410e-08
8.427057000e-01 5.540836330e-06 -7.504504660e-03 -2.755140080e-06 5.822739360e-06 -7.417606210e-03 -2.812363790e-06 -2.819030330e-07 -8.689844600e-05 5.722371410e-08
8.431642000e-01 1.415742310e-05 -9.066113940e-03 -2.674898480e-06 1.443409620e-05 -8.979427360e-03 -2.732127780e-06 -2.766730580e-07 -8.668657980e-05 5.722929610e-08
8.436227000e-01 8.077516340e-06 -1.363232330e-02 9.815424190e-07 8.350886210e-06 -1.354530400e-02 9.237885800e-07 -2.733698720e-07 -8.701924740e-05 5.775383890e-08
8.440812000e-01 7.618937430e-06 -1.416048040e-02 -6.006776870e-07 7.889117750e-06 -1.407311980e-02 -6.587223740e-07 -2.701803190e-07 -8.736055730e-05 5.804468630e-08
8.445397000e-01 5.836688860e-06 -1.220507870e-02 -3.254570940e-07 6.103939840e-06 -1.211796900e-02 -3.837904380e-07 -2.672509780e-07 -8.710975720e-05 5.833334390e-08
8.449982000e-01 5.264124060e-06 -1.192870210e-02 -8.800210610e-07 5.528656300e-06 -1.184197440e-02 -9.385709880e-07 -2.645322420e-07 -8.672770340e-05 5.854992670e-08
8.454567000e-01 1.610075020e-05 -1.000493220e-02 -6.163929140e-07 1.635830410e-05 -9.918429530e-03 -6.750944000e-07 -2.575538800e-07 -8.650269520e-05 5.870148600e-08
8.459151000e-01 -3.457202370e-06 -8.016154730e-03 -1.156287100e-06 -3.199508860e-06 -7.929874890e-03 -1.215404430e-06 -2.576935120e-07 -8.627984180e-05 5.911733320e-08
8.463736000e-01 -3.854969960e-07 -1.122429200e-02 9.464549820e-07 -1.291541200e-07 -1.113799090e-02 8.869005800e-07 -2.563428760e-07 -8.630108660e-05 5.955440280e-08
8.468321000e-01 5.685769760e-06 -1.435587050e-02 -3.434463380e-06 5.939016510e-06 -1.426919950e-02 -3.494189090e-06 -2.532467520e-07 -8.667098420e-05 5.972571740e-08
8.472906000e-01 5.962031730e-06 -1.255593840e-02 -6.649818780e-07 6.211945260e-06 -1.246916610e-02 -7.250457910e-07 -2.499135360e-07 -8.677229760e-05 6.006391230e-08
8.477491000e-01 4.366168230e-06 -1.015331180e-02 -7.868169790e-07 4.613526490e-06 -1.006687010e-02 -8.471628060e-07 -2.473582620e-07 -8.644164790e-05 6.034582710e-08
8.482076000e-01 1.686853590e-05 -1.035082970e-02 7.290002840e-06 1.710737450e-05 -1.026461230e-02 7.228446900e-06 -2.388385820e-07 -8.621740070e-05 6.155593770e-08
8.486661000e-01 3.702668130e-06 -1.187436150e-02 -3.840595160e-06 3.940364120e-06 -1.178785870e-02 -3.902310050e-06 -2.376959920e-07 -8.650281170e-05 6.171489570e-08
8.491245000e-01 -5.349073470e-08 -1.193137790e-02 -6.149782940e-07 1.834634200e-07 -1.184454100e-02 -6.771122380e-07 -2.369541550e-07 -8.683689700e-05 6.213394340e-08
8.495830000e-01 3.467903040e-06 -1.188554380e-02 -1.650683340e-06 3.703117670e-06 -1.179885470e-02 -1.713146600e-06 -2.352146250e-07 -8.668909970e-05 6.246326150e-08
8.500415000e-01 -4.185844780e-06 -1.316296810e-02 -1.871771080e-06 -3.949099870e-06 -1.307649030e-02 -1.934478060e-06 -2.367449080e-07 -8.647782010e-05 6.270697630e-08
8.505000000e-01 3.566401850e-06 -1.070333000e-02 -9.405871330e-07 3.801833240e-06 -1.061701100e-02 -1.003728500e-06 -2.354313940e-07 -8.631907390e-05 6.314136590e-08
8.509880000e-01 3.102936220e-06 -7.182751410e-03 -3.938876500e-07 3.337085630e-06 -7.096743730e-03 -4.576627310e-07 -2.341494090e-07 -8.600768790e-05 6.377508050e-08
8.514759000e-01 -2.491286180e-06 -1.195833300e-02 7.388942830e-07 -2.256338900e-06 -1.187220590e-02 6.743044840e-07 -2.349472830e-07 -8.612711750e-05 6.458979870e-08
8.519639000e-01 1.743802600e-05 -1.759833590e-02 -3.063285320e-06 1.766686410e-05 -1.751162920e-02 -3.128220640e-06 -2.288380840e-07 -8.670673420e-05 6.493532070e-08
8.524518000e-01 6.405486910e-06 -1.310177200e-02 -9.580505590e-07 6.632160430e-06 -1.301498200e-02 -1.023644570e-06 -2.266735260e-07 -8.679003420e-05 6.559401100e-08
8.529398000e-01 1.323379730e-05 -6.970416110e-03 -1.229607260e-06 1.345573490e-05 -6.884009760e-03 -1.295889060e-06 -2.219375850e-07 -8.640635110e-05 6.628179730e-08
8.534277000e-01 1.175179310e-05 -9.543516020e-03 -1.514819310e-07 1.196910150e-05 -9.457231580e-03 -2.185761980e-07 -2.173083890e-07 -8.628444000e-05 6.709426680e-08
8.539221000e-01 1.797165730e-06 -1.069711190e-02 -1.214543580e-06 2.013601320e-06 -1.061095240e-02 -1.282338790e-06 -2.164355960e-07 -8.615953260e-05 6.779521040e-08
8.544165000e-01 4.448344440e-06 -1.145306600e-02 -6.066595580e-07 4.663063690e-06 -1.136690540e-02 -6.752945980e-07 -2.147192490e-07 -8.616054650e-05 6.863503980e-08
8.549108000e-01 7.036398220e-06 -1.399889980e-02 2.647883950e-07 7.248311820e-06 -1.391227990e-02 1.952109360e-07 -2.119135970e-07 -8.661989100e-05 6.957745840e-08
8.554052000e-01 8.975231270e-06 -1.310502470e-02 2.966513970e-06 9.183417750e-06 -1.301811240e-02 2.895738730e-06 -2.081864780e-07 -8.691231450e-05 7.077523700e-08
8.558996000e-01 1.951162420e-06 -1.142583720e-02 -1.878017650e-06 2.159090040e-06 -1.133904440e-02 -1.949489080e-06 -2.079276180e-07 -8.679273150e-05 7.147143290e-08
8.563939000e-01 -1.343481310e-06 -1.115087280e-02 2.349117350e-06 -1.134757060e-06 -1.106418970e-02 2.276451040e-06 -2.087242500e-07 -8.668309510e-05 7.266630710e-08
8.568883000e-01 1.130264820e-05 -1.044654070e-02 -1.159205420e-06 1.150778500e-05 -1.036007880e-02 -1.232600340e-06 -2.051367930e-07 -8.646188780e-05 7.339492300e-08
8.573827000e-01 1.321059410e-05 -1.080212660e-02 -1.251172390e-06 1.341159700e-05 -1.071576150e-02 -1.325281740e-06 -2.010029870e-07 -8.636513680e-05 7.410934700e-08
8.578771000e-01 5.604089990e-06 -1.288090440e-02 1.740923320e-06 5.804223310e-06 -1.279395370e-02 1.665595900e-06 -2.001333160e-07 -8.695073310e-05 7.532742240e-08
8.583714000e-01 6.032712390e-06 -1.243419810e-02 1.497867010e-06 6.232181420e-06 -1.234680220e-02 1.421332760e-06 -1.994690270e-07 -8.739592840e-05 7.653424650e-08
8.588658000e-01 3.221455480e-06 -1.200720950e-02 1.788916430e-06 3.421627180e-06 -1.192009340e-02 1.711197820e-06 -2.001716970e-07 -8.711611560e-05 7.771861060e-08
8.593602000e-01 2.589203350e-06 -1.166576870e-02 -1.089127070e-06 2.790919450e-06 -1.157888040e-02 -1.167861410e-06 -2.017161010e-07 -8.688824050e-05 7.873433990e-08
8.598545000e-01 -1.445839980e-06 -1.309112140e-02 2.705503900e-06 -1.241596180e-06 -1.300365560e-02 2.625323910e-06 -2.042437930e-07 -8.746575520e-05 8.017999400e-08
8.603489000e-01 -1.667490520e-06 -1.342207870e-02 8.691977200e-07 -1.460173910e-06 -1.333402190e-02 7.876914820e-07 -2.073166050e-07 -8.805679600e-05 8.150623820e-08
8.608433000e-01 4.749178650e-07 -7.859635220e-03 1.365588770e-07 6.843885830e-07 -7.772272620e-03 5.387791040e-08 -2.094707180e-07 -8.736260130e-05 8.268096650e-08
8.613377000e-01 3.466925760e-06 -7.186417570e-03 5.200603690e-07 3.677256320e-06 -7.099775460e-03 4.361314310e-07 -2.103305610e-07 -8.664211260e-05 8.392893870e-08
8.618404000e-01 5.076887510e-06 -1.524303280e-02 3.060846690e-06 5.286905610e-06 -1.515585210e-02 2.975387430e-06 -2.100181000e-07 -8.718064820e-05 8.545925660e-08
8.623432000e-01 2.232277960e-06 -1.670252940e-02 1.056206570e-06 2.443254030e-06 -1.661478700e-02 9.694058830e-07 -2.109760680e-07 -8.774243270e-05 8.680068400e-08
8.628373000e-01 2.835462420e-06 -1.266136630e-02 -6.059026970e-06 3.048215450e-06 -1.257325940e-02 -6.146276290e-06 -2.127530280e-07 -8.810696900e-05 8.724931490e-08
8.633313000e-01 -2.886555700e-07 -1.269073560e-02 5.884345200e-07 -7.395272910e-08 -1.260214440e-02 4.998613010e-07 -2.147028410e-07 -8.859118860e-05 8.857321950e-08
8.638254000e-01 1.483600530e-05 -8.994986840e-03 5.352009100e-06 1.504576140e-05 -8.906862160e-03 5.261690160e-06 -2.097560660e-07 -8.812467890e-05 9.031894800e-08
8.643195000e-01 4.332560570e-06 -7.123149990e-03 1.827472340e-08 4.542163840e-06 -7.035724850e-03 -7.321577920e-08 -2.096032760e-07 -8.742514110e-05 9.149050270e-08
8.648229000e-01 1.257118700e-05 -1.299223400e-02 9.084003060e-07 1.277686310e-05 -1.290442900e-02 8.157090030e-07 -2.056760410e-07 -8.780499960e-05 9.269130330e-08
8.653263000e-01 3.025544990e-06 -1.461635460e-02 1.693505500e-06 3.231089910e-06 -1.452795330e-02 1.599539900e-06 -2.055449250e-07 -8.840136410e-05 9.396560240e-08
8.658200000e-01 4.958310190e-06 -1.231008170e-02 8.656894860e-07 5.163218230e-06 -1.222162620e-02 7.707272330e-07 -2.049080440e-07 -8.845552880e-05 9.496225320e-08
8.663138000e-01 -1.583003400e-06 -1.144197440e-02 1.872882320e-06 -1.376212950e-06 -1.135361780e-02 1.776833720e-06 -2.067904430e-07 -8.835659140e-05 9.604859650e-08
8.668075000e-01 -1.258628780e-06 -1.285745880e-02 1.063394170e-06 -1.049893060e-06 -1.276870050e-02 9.663846130e-07 -2.087357280e-07 -8.875822120e-05 9.700955690e-08
8.673012000e-01 3.481455350e-06 -1.268834580e-02 7.756199750e-07 3.690516910e-06 -1.259901320e-02 6.777744660e-07 -2.090615590e-07 -8.933262960e-05 9.784550810e-08
8.677949000e-01 -9.336090840e-07 -1.265423910e-02 2.609409040e-06 -7.225405300e-07 -1.256483200e-02 2.510596460e-06 -2.110685540e-07 -8.940712020e-05 9.881257880e-08
8.682887000e-01 1.489881270e-06 -1.404753070e-02 1.931445120e-06 1.701907630e-06 -1.395814000e-02 1.831877910e-06 -2.120263690e-07 -8.939075400e-05 9.956721160e-08
8.687824000e-01 -1.241522330e-06 -1.034990850e-02 3.369754970e-07 -1.026866960e-06 -1.026061530e-02 2.368700580e-07 -2.146553700e-07 -8.929314240e-05 1.001054400e-07
8.692761000e-01 6.431207000e-06 -1.019399230e-02 1.200036200e-06 6.645392480e-06 -1.010485490e-02 1.099333710e-06 -2.141854790e-07 -8.913737520e-05 1.007024850e-07
8.697698000e-01 6.888080690e-07 -1.078936660e-02 3.172635430e-06 9.046222730e-07 -1.070022590e-02 3.071124810e-06 -2.158142040e-07 -8.914069180e-05 1.015106230e-07
8.702636000e-01 8.707459660e-06 -9.854163390e-03 -2.273550570e-06 8.922304310e-06 -9.764860640e-03 -2.375215500e-06 -2.148446430e-07 -8.930274580e-05 1.016649250e-07
8.707573000e-01 2.217601650e-06 -1.106053580e-02 1.115974110e-06 2.433718380e-06 -1.097116030e-02 1.013804030e-06 -2.161167330e-07 -8.937545130e-05 1.021700790e-07
8.712510000e-01 7.720812470e-07 -1.015446330e-02 1.554533760e-06 9.901023830e-07 -1.006526160e-02 1.451915360e-06 -2.180211360e-07 -8.920164050e-05 1.026183940e-07
8.717447000e-01 6.034017360e-07 -1.338131190e-02 1.659344470e-06 8.234961870e-07 -1.329182790e-02 1.556357960e-06 -2.200944510e-07 -8.948402230e-05 1.029865130e-07
8.722385000e-01 -1.757123520e-05 -1.846274440e-02 8.164149410e-06 -1.734204100e-05 -1.837246540e-02 8.059914860e-06 -2.291942040e-07 -9.027897290e-05 1.042345510e-07
8.727322000e-01 9.033978910e-06 -1.344439040e-02 -1.058943600e-06 9.262664210e-06 -1.335389300e-02 -1.163021180e-06 -2.286852990e-07 -9.049738320e-05 1.040775770e-07
8.732259000e-01 -1.111334710e-05 -8.618915630e-03 7.162804620e-06 -1.087820980e-05 -8.528607390e-03 7.057828880e-06 -2.351373070e-07 -9.030823870e-05 1.049757390e-07
8.737196000e-01 1.135649100e-05 -1.163463060e-02 3.445187230e-06 1.158926410e-05 -1.154420440e-02 3.339758750e-06 -2.327730730e-07 -9.042616620e-05 1.054284740e-07
8.742134000e-01 -2.262442120e-06 -1.300360730e-02 2.240706020e-06 -2.026249430e-06 -1.291296020e-02 2.134968530e-06 -2.361926890e-07 -9.064709440e-05 1.057374860e-07
8.747071000e-01 1.235647960e-06 -1.237925990e-02 2.098025560e-06 1.473871530e-06 -1.228852940e-02 1.992238680e-06 -2.382235770e-07 -9.073051440e-05 1.057868730e-07
8.752008000e-01 -2.988376570e-06 -1.286199600e-02 1.248000600e-06 -2.746597180e-06 -1.277141640e-02 1.142327310e-06 -2.417793970e-07 -9.057952230e-05 1.056732910e-07
8.756945000e-01 -1.445394560e-07 -1.275524740e-02 1.565516330e-06 9.973189140e-08 -1.266456920e-02 1.459863410e-06 -2.442713470e-07 -9.067825530e-05 1.056529210e-07
8.761883000e-01 8.323427280e-07 -1.562351560e-02 1.274262170e-06 1.079161090e-06 -1.553186330e-02 1.168407040e-06 -2.468183660e-07 -9.165230520e-05 1.058551260e-07
8.766661000e-01 3.740797150e-06 -1.367227660e-02 1.390408380e-06 3.988672960e-06 -1.358019350e-02 1.284396150e-06 -2.478758080e-07 -9.208318500e-05 1.060122300e-07
8.771439000e-01 5.862870980e-06 -7.089576250e-03 -3.008949810e-07 6.110862920e-06 -6.998339850e-03 -4.067414110e-07 -2.479919460e-07 -9.123639690e-05 1.058464300e-07
8.776217000e-01 6.696198300e-06 -9.131773700e-03 1.951707440e-06 6.943612680e-06 -9.040882540e-03 1.846164740e-06 -2.474143810e-07 -9.089116100e-05 1.055426990e-07
8.780995000e-01 -4.999534680e-06 -1.641904750e-02 2.431650680e-06 -4.747782020e-06 -1.632730080e-02 2.326227210e-06 -2.517526640e-07 -9.174671200e-05 1.054234650e-07
8.785772000e-01 4.110662030e-06 -1.626397370e-02 1.725504510e-06 4.363331380e-06 -1.617154690e-02 1.620648670e-06 -2.526693470e-07 -9.242680950e-05 1.048558460e-07
8.790550000e-01 7.892402520e-06 -1.101044660e-02 1.400841410e-06 8.144787130e-06 -1.091813200e-02 1.296792370e-06 -2.523846100e-07 -9.231457730e-05 1.040490410e-07
8.795328000e-01 1.872249630e-05 -1.086521540e-02 8.214539860e-07 1.897027530e-05 -1.077301680e-02 7.185199440e-07 -2.477789840e-07 -9.219860480e-05 1.029340420e-07
8.800106000e-01 -5.689540620e-06 -1.508271570e-02 3.919039510e-06 -5.436679290e-06 -1.498992400e-02 3.816644700e-06 -2.528613260e-07 -9.279172320e-05 1.023948140e-07
8.804884000e-01 4.988568740e-06 -1.718097570e-02 6.968317660e-07 5.242661820e-06 -1.708736480e-02 5.955062710e-07 -2.540930800e-07 -9.361092660e-05 1.013254950e-07
8.809662000e-01 6.506075540e-06 -7.999041790e-03 1.490493520e-06 6.760602660e-06 -7.905808850e-03 1.390247090e-06 -2.545271220e-07 -9.323293690e-05 1.002464350e-07
8.814440000e-01 -3.030605600e-06 -4.103830410e-03 8.290497200e-07 -2.772215340e-06 -4.011413520e-03 7.298423140e-07 -2.583902640e-07 -9.241689040e-05 9.920740550e-08
8.819218000e-01 3.649506230e-06 -1.311894710e-02 2.770953740e-06 3.908688920e-06 -1.302621510e-02 2.672675120e-06 -2.591826900e-07 -9.273207200e-05 9.827862150e-08
8.823996000e-01 4.077211250e-06 -1.889565480e-02 1.601393090e-06 4.337471340e-06 -1.880191210e-02 1.504207280e-06 -2.602600890e-07 -9.374271850e-05 9.718581860e-08
8.828774000e-01 4.906259870e-06 -1.244987250e-02 1.643148430e-07 5.167479740e-06 -1.235615050e-02 6.839064740e-08 -2.612198620e-07 -9.372194270e-05 9.592419570e-08
8.833552000e-01 5.710289870e-06 -5.778486550e-03 2.311686740e-06 5.971372400e-06 -5.685688590e-03 2.216760840e-06 -2.610825280e-07 -9.279796030e-05 9.492590060e-08
8.838330000e-01 6.582859590e-06 -1.066811890e-02 -9.066302490e-07 6.844052620e-06 -1.057529340e-02 -1.000235880e-06 -2.611930250e-07 -9.282544410e-05 9.360563350e-08
8.843108000e-01 2.463580920e-06 -1.840101700e-02 6.590348280e-06 2.726134110e-06 -1.830711960e-02 6.497490690e-06 -2.625531880e-07 -9.389736310e-05 9.285759680e-08
8.847886000e-01 2.778429180e-05 -1.509940550e-02 -6.557593200e-06 2.803951080e-05 -1.500505730e-02 -6.648163930e-06 -2.552190540e-07 -9.434824220e-05 9.057072890e-08
8.852664000e-01 -7.801045670e-06 -1.154174030e-02 4.846649560e-06 -7.540129970e-06 -1.144753720e-02 4.756738850e-06 -2.609157080e-07 -9.420315080e-05 8.991070800e-08
8.857442000e-01 2.220049610e-06 -1.241899960e-02 1.407957810e-06 2.482772810e-06 -1.232472360e-02 1.319140400e-06 -2.627231940e-07 -9.427601820e-05 8.881740480e-08
8.862220000e-01 2.470272300e-06 -1.175931340e-02 8.564975000e-07 2.734702460e-06 -1.166476920e-02 7.688126390e-07 -2.644301570e-07 -9.454427790e-05 8.768486090e-08
8.866998000e-01 -1.073333870e-05 -1.263311380e-02 -9.290325930e-06 -1.046057100e-05 -1.253829780e-02 -9.376223920e-06 -2.727676760e-07 -9.481602240e-05 8.589799160e-08
8.871776000e-01 1.262976120e-05 -1.398284820e-02 4.114532290e-06 1.289921720e-05 -1.388802710e-02 4.029588690e-06 -2.694560390e-07 -9.482116150e-05 8.494360130e-08
8.876554000e-01 3.752177650e-06 -1.421786090e-02 2.920302490e-06 4.022144290e-06 -1.412301920e-02 2.836318880e-06 -2.699666320e-07 -9.484167770e-05 8.398360640e-08
8.881332000e-01 1.643354070e-06 -1.252945270e-02 1.416739440e-06 1.914591620e-06 -1.243449180e-02 1.333996640e-06 -2.712375500e-07 -9.496093910e-05 8.274280540e-08
8.886110000e-01 2.204644430e-06 -1.195712720e-02 -3.317125630e-08 2.477054130e-06 -1.186210760e-02 -1.144213390e-07 -2.724096980e-07 -9.501952580e-05 8.125008250e-08
8.890888000e-01 -1.913089430e-06 -1.520969730e-02 5.447881050e-07 -1.637725380e-06 -1.511416550e-02 4.647648380e-07 -2.753640530e-07 -9.553180760e-05 8.002326720e-08
8.895666000e-01 5.762383890e-07 -1.720125480e-02 1.610777400e-06 8.538813630e-07 -1.710501160e-02 1.531802480e-06 -2.776429750e-07 -9.624324340e-05 7.897492040e-08
8.900444000e-01 7.303105220e-07 -1.081313630e-02 8.767868570e-07 1.009719160e-06 -1.071701930e-02 7.989635600e-07 -2.794086380e-07 -9.611700770e-05 7.782329640e-08
8.905222000e-01 2.495748480e-06 -5.816810160e-03 -4.526598560e-07 2.776020240e-06 -5.721272240e-03 -5.291548460e-07 -2.802717620e-07 -9.553791860e-05 7.649498990e-08
8.910000000e-01 -4.818089290e-06 -1.253849820e-02 3.290693880e-06 -4.533546220e-06 -1.244276450e-02 3.214920800e-06 -2.845430740e-07 -9.573370370e-05 7.577308580e-08
8.914655000e-01 -4.261587590e-06 -1.944314970e-02 3.704155150e-07 -3.972277550e-06 -1.934668170e-02 2.957865260e-07 -2.893100360e-07 -9.646809040e-05 7.462898890e-08
8.919310000e-01 -6.785123780e-06 -1.365727610e-02 1.886091590e-06 -6.490008270e-06 -1.356073750e-02 1.812253810e-06 -2.951155060e-07 -9.653855860e-05 7.383777520e-08
8.923966000e-01 -3.423425580e-06 -6.979203060e-03 1.507871570e-06 -3.123889120e-06 -6.883340230e-03 1.434976720e-06 -2.995364550e-07 -9.586283220e-05 7.289485050e-08
8.928621000e-01 -3.810884750e-06 -1.073961140e-02 -1.961117240e-06 -3.506582450e-06 -1.064389170e-02 -2.032975950e-06 -3.043022990e-07 -9.571975390e-05 7.185871180e-08
8.933276000e-01 -1.103715020e-05 -1.622369000e-02 1.643848730e-06 -1.072640930e-05 -1.612724360e-02 1.572577690e-06 -3.107409280e-07 -9.644641080e-05 7.127103810e-08
8.937931000e-01 9.402064030e-07 -1.542271870e-02 2.137577560e-06 1.251867170e-06 -1.532579950e-02 2.067073750e-06 -3.116607630e-07 -9.691912390e-05 7.050381750e-08
8.942586000e-01 -6.647932510e-06 -1.035291890e-02 -8.633485620e-07 -6.332304940e-06 -1.025643740e-02 -9.329866760e-07 -3.156275730e-07 -9.648153800e-05 6.963811330e-08
8.947241000e-01 5.691429310e-06 -9.136826570e-03 2.687950560e-06 6.005362950e-06 -9.040766760e-03 2.619153870e-06 -3.139336400e-07 -9.605981090e-05 6.879669110e-08
8.951897000e-01 -5.978932550e-06 -1.307916560e-02 -2.942585860e-06 -5.661140060e-06 -1.298254820e-02 -3.010218140e-06 -3.177924940e-07 -9.661740930e-05 6.763227820e-08
8.956552000e-01 -3.884265770e-06 -1.543775040e-02 -3.326804510e-06 -3.563574420e-06 -1.534038930e-02 -3.393241830e-06 -3.206913480e-07 -9.736110940e-05 6.643732130e-08
8.961147000e-01 -1.241437690e-05 -1.584806010e-02 5.555313440e-07 -1.208816850e-05 -1.575049100e-02 4.896771750e-07 -3.262084430e-07 -9.756911130e-05 6.585416900e-08
8.965743000e-01 1.242247340e-05 -1.620613710e-02 8.228001940e-07 1.274439650e-05 -1.610840720e-02 7.579577750e-07 -3.219231220e-07 -9.772991270e-05 6.484241900e-08
8.970338000e-01 -2.176874720e-05 -1.226754120e-02 2.608655430e-06 -2.143724460e-05 -1.217001900e-02 2.543571140e-06 -3.315026330e-07 -9.752215850e-05 6.508428940e-08
8.974934000e-01 -8.505829920e-06 -7.053073410e-03 -1.436251920e-07 -8.170115360e-06 -6.956329190e-03 -2.083766950e-07 -3.357145520e-07 -9.674421880e-05 6.475150250e-08
8.979529000e-01 -5.745527550e-06 -1.247395380e-02 1.658397470e-06 -5.406904880e-06 -1.237720850e-02 1.593808230e-06 -3.386226780e-07 -9.674527050e-05 6.458923580e-08
8.984125000e-01 -3.212810240e-06 -1.889475070e-02 -2.689926430e-06 -2.871826600e-06 -1.879702080e-02 -2.754055430e-06 -3.409836320e-07 -9.772983400e-05 6.412900270e-08
8.988720000e-01 -7.692410920e-06 -1.620254340e-02 1.002255590e-06 -7.348252370e-06 -1.610429940e-02 9.380650000e-07 -3.441585580e-07 -9.824397130e-05 6.419059100e-08
8.993252000e-01 -4.531063420e-06 -1.374591030e-02 3.972929860e-06 -4.185745910e-06 -1.364769470e-02 3.908407910e-06 -3.453175160e-07 -9.821567010e-05 6.452194950e-08
8.997783000e-01 -9.723093050e-06 -1.292709670e-02 1.330719210e-06 -9.374696680e-06 -1.282885850e-02 1.265860690e-06 -3.483963680e-07 -9.823827920e-05 6.485852350e-08
9.002315000e-01 6.884481340e-06 -1.076090310e-02 2.466625090e-06 7.229384990e-06 -1.066295630e-02 2.401540950e-06 -3.449036540e-07 -9.794677820e-05 6.508414150e-08
9.006847000e-01 -1.461537990e-05 -8.730005720e-03 -1.401831610e-06 -1.426537580e-05 -8.632530230e-03 -1.467204230e-06 -3.500040210e-07 -9.747548950e-05 6.537262050e-08
9.011446000e-01 -1.757455890e-05 -1.503884910e-02 -1.795379660e-06 -1.721846790e-05 -1.494109950e-02 -1.861132120e-06 -3.560910010e-07 -9.774959020e-05 6.575245470e-08
9.015977000e-01 -8.612471080e-06 -1.864199810e-02 7.593925820e-07 -8.254294550e-06 -1.854372250e-02 6.932273010e-07 -3.581765320e-07 -9.827563760e-05 6.616528080e-08
9.020507000e-01 -1.038827070e-05 -1.522624250e-02 9.007870840e-07 -1.002784600e-05 -1.512772150e-02 8.341228320e-07 -3.604247080e-07 -9.852101510e-05 6.666425230e-08
9.025038000e-01 -8.405459270e-06 -1.191206720e-02 7.064217250e-07 -8.043500050e-06 -1.181333060e-02 6.393270400e-07 -3.619592170e-07 -9.873662380e-05 6.709468510e-08
9.029569000e-01 -2.251996770e-06 -1.244284420e-02 -7.693036960e-08 -1.890716840e-06 -1.234400480e-02 -1.441934050e-07 -3.612799330e-07 -9.883944980e-05 6.726303520e-08
9.034099000e-01 -9.354928440e-06 -8.477339090e-03 2.245216100e-06 -8.991568730e-06 -8.379139090e-03 2.177364960e-06 -3.633597150e-07 -9.820000160e-05 6.785113540e-08
9.038630000e-01 -3.703870060e-05 -8.490096210e-03 2.147994070e-05 -3.666506360e-05 -8.392369900e-03 2.140943370e-05 -3.736370460e-07 -9.772630890e-05 7.050695210e-08
9.043161000e-01 1.900801530e-05 -1.821183580e-02 -1.961501880e-05 1.937589750e-05 -1.811352560e-02 -1.968375110e-05 -3.678821640e-07 -9.831027130e-05 6.873225720e-08
9.047691000e-01 -9.875929140e-06 -2.131922730e-02 -1.143521830e-06 -9.505466350e-06 -2.122006090e-02 -1.212448200e-06 -3.704627900e-07 -9.916645150e-05 6.892636560e-08
9.052222000e-01 1.054073130e-05 -1.144640080e-02 -1.371011680e-06 1.090566390e-05 -1.134746630e-02 -1.439392130e-06 -3.649326410e-07 -9.893449200e-05 6.838045560e-08
9.056753000e-01 -9.582608230e-06 -4.996586670e-03 3.788040840e-06 -9.215735190e-06 -4.898447920e-03 3.719166120e-06 -3.668730340e-07 -9.813874890e-05 6.887472300e-08
9.061283000e-01 -1.097038290e-05 -1.326110720e-02 2.201634850e-06 -1.060018230e-05 -1.316278650e-02 2.132128500e-06 -3.702006420e-07 -9.832064410e-05 6.950635350e-08
9.065814000e-01 -8.567194540e-06 -2.211393990e-02 5.308722600e-06 -8.195109790e-06 -2.201460750e-02 5.238528870e-06 -3.720847520e-07 -9.933245130e-05 7.019372970e-08
9.070345000e-01 -1.755859850e-05 -1.608120520e-02 -6.875526630e-07 -1.718081280e-05 -1.598162540e-02 -7.582243810e-07 -3.777856980e-07 -9.957977930e-05 7.067171740e-08
9.074793000e-01 -1.530775090e-05 -7.614379060e-03 3.864130090e-06 -1.492637140e-05 -7.515407810e-03 3.792901420e-06 -3.813794620e-07 -9.897124570e-05 7.122867390e-08
9.079241000e-01 -1.142711090e-05 -1.001480590e-02 5.304528000e-06 -1.104414380e-05 -9.916137160e-03 5.232876440e-06 -3.829670690e-07 -9.866876950e-05 7.165156250e-08
9.083689000e-01 -1.760817580e-05 -1.365990100e-02 4.984357030e-06 -1.722144810e-05 -1.356109950e-02 4.911984980e-06 -3.867277380e-07 -9.880147630e-05 7.237205520e-08
9.088138000e-01 -3.362513870e-05 -1.654249210e-02 4.791645260e-06 -3.322929480e-05 -1.644348830e-02 4.718169530e-06 -3.958438220e-07 -9.900374560e-05 7.347573220e-08
9.092586000e-01 -2.897490450e-05 -1.415723090e-02 8.632808880e-06 -2.857173290e-05 -1.405817430e-02 8.557997110e-06 -4.031716510e-07 -9.905664070e-05 7.481176400e-08
9.097034000e-01 -1.269402160e-05 -1.242679560e-02 4.659127250e-06 -1.229000820e-05 -1.232783020e-02 4.583941980e-06 -4.040133980e-07 -9.896548640e-05 7.518526650e-08
9.101483000e-01 -9.297758310e-06 -1.409361660e-02 2.546966450e-06 -8.893787400e-06 -1.399450630e-02 2.471625470e-06 -4.039709080e-07 -9.911034970e-05 7.534098010e-08
9.105931000e-01 -1.850377050e-05 -1.522488040e-02 4.597299090e-06 -1.809642590e-05 -1.512548750e-02 4.521410520e-06 -4.073446490e-07 -9.939282670e-05 7.588856380e-08
9.110379000e-01 -1.417798170e-05 -1.363538690e-02 2.265151460e-06 -1.376902690e-05 -1.353589990e-02 2.189067720e-06 -4.089548060e-07 -9.948700800e-05 7.608373870e-08
9.114827000e-01 -1.757148960e-05 -1.359082320e-02 6.094830880e-06 -1.715970890e-05 -1.349138610e-02 6.018076320e-06 -4.117807350e-07 -9.943712920e-05 7.675455870e-08
9.119276000e-01 -1.573148160e-05 -1.239701270e-02 5.373008380e-06 -1.531722820e-05 -1.229763130e-02 5.295734780e-06 -4.142533560e-07 -9.938146070e-05 7.727360340e-08
9.123724000e-01 -1.602987380e-05 -1.525114770e-02 4.697783190e-06 -1.561279470e-05 -1.515169250e-02 4.619960740e-06 -4.170791540e-07 -9.945524350e-05 7.782244470e-08
9.128172000e-01 -6.348262500e-06 -1.685019470e-02 2.929207910e-06 -5.931631850e-06 -1.675060750e-02 2.851421360e-06 -4.166306540e-07 -9.958723800e-05 7.778655130e-08
9.132621000e-01 -1.555214200e-05 -1.513859060e-02 1.448015600e-06 -1.513238130e-05 -1.503887680e-02 1.370091430e-06 -4.197606770e-07 -9.971375270e-05 7.792416720e-08
9.136963000e-01 -1.240363110e-05 -1.284163910e-02 6.232333450e-06 -1.198231140e-05 -1.274178860e-02 6.153945710e-06 -4.213196540e-07 -9.985052610e-05 7.838774150e-08
9.141305000e-01 -1.438770000e-05 -1.286286510e-02 5.158819140e-06 -1.396384600e-05 -1.276299530e-02 5.080006750e-06 -4.238539650e-07 -9.986983660e-05 7.881239040e-08
9.145648000e-01 -1.480323330e-05 -1.331189910e-02 5.292420280e-06 -1.437720240e-05 -1.321242530e-02 5.213299000e-06 -4.260309550e-07 -9.947377970e-05 7.912127650e-08
9.149990000e-01 -6.569149020e-06 -1.242364100e-02 3.351225210e-06 -6.144029310e-06 -1.232449510e-02 3.272256530e-06 -4.251197060e-07 -9.914595500e-05 7.896867640e-08
9.154332000e-01 -1.138121220e-05 -1.388974270e-02 6.213609090e-06 -1.095570700e-05 -1.379051430e-02 6.134364200e-06 -4.255051780e-07 -9.922847220e-05 7.924488620e-08
9.158675000e-01 -1.999611360e-05 -1.338036530e-02 3.831925790e-06 -1.956689990e-05 -1.328117110e-02 3.752176310e-06 -4.292136480e-07 -9.919413140e-05 7.974948190e-08
9.163017000e-01 -1.483019440e-05 -1.616801510e-02 3.149723050e-06 -1.439948390e-05 -1.606844230e-02 3.069664470e-06 -4.307104580e-07 -9.957283720e-05 8.005857260e-08
9.167359000e-01 -9.308820120e-06 -2.176630750e-02 2.990153630e-06 -8.878991690e-06 -2.166571950e-02 2.910069060e-06 -4.298284280e-07 -1.005880270e-04 8.008456410e-08
9.171702000e-01 -1.334092520e-05 -1.612335860e-02 5.095613310e-06 -1.291074980e-05 -1.602256500e-02 5.015166620e-06 -4.301754090e-07 -1.007935900e-04 8.044669080e-08
9.176044000e-01 1.383846050e-06 -9.934393180e-03 9.084106530e-06 1.808185520e-06 -9.834337190e-03 9.003653720e-06 -4.243394710e-07 -1.000559900e-04 8.045280900e-08
9.180387000e-01 -3.825998910e-08 -1.018740870e-02 3.805517710e-06 3.811745900e-07 -1.008778060e-02 3.725404030e-06 -4.194345790e-07 -9.962804800e-05 8.011368060e-08
9.184729000e-01 -1.575261410e-05 -1.440983720e-02 1.599301210e-06 -1.533188280e-05 -1.431000550e-02 1.518808560e-06 -4.207312230e-07 -9.983177270e-05 8.049264850e-08
9.189071000e-01 -5.469408570e-06 -1.667403170e-02 9.292423950e-07 -5.051465850e-06 -1.657373570e-02 8.490047390e-07 -4.179427170e-07 -1.002960360e-04 8.023765630e-08
9.193414000e-01 -1.513746520e-05 -1.438695430e-02 1.378887350e-05 -1.472020890e-05 -1.428682630e-02 1.370789980e-05 -4.172563670e-07 -1.001279330e-04 8.097361430e-08
9.197756000e-01 -1.691594300e-05 -1.096686590e-02 3.881442810e-06 -1.649790840e-05 -1.086758400e-02 3.800323150e-06 -4.180345550e-07 -9.928193040e-05 8.111965290e-08
9.202098000e-01 -2.055207060e-05 -1.457822580e-02 6.707052760e-06 -2.013230220e-05 -1.447895740e-02 6.625289350e-06 -4.197684560e-07 -9.926843450e-05 8.176341360e-08
9.206441000e-01 -1.141212590e-05 -2.097297480e-02 5.240488910e-06 -1.099394890e-05 -2.087268120e-02 5.158587230e-06 -4.181769700e-07 -1.002936290e-04 8.190168510e-08
9.210783000e-01 -1.241146070e-05 -1.919548130e-02 6.160336950e-06 -1.199421970e-05 -1.909455390e-02 6.078168520e-06 -4.172409810e-07 -1.009273120e-04 8.216843010e-08
9.215126000e-01 -5.904080680e-06 -1.178934620e-02 5.365040470e-06 -5.490540200e-06 -1.168888760e-02 5.282931720e-06 -4.135404800e-07 -1.004585820e-04 8.210875490e-08
9.219468000e-01 -1.430366020e-06 -9.902551700e-03 4.910321620e-06 -1.022133730e-06 -9.802723160e-03 4.828475490e-06 -4.082322880e-07 -9.982853300e-05 8.184612970e-08
9.223810000e-01 -7.270551750e-06 -1.478652100e-02 3.215235410e-06 -6.865065020e-06 -1.468658120e-02 3.133548210e-06 -4.054867210e-07 -9.993985180e-05 8.168719510e-08
9.228153000e-01 -5.517828780e-06 -1.683204720e-02 3.447405520e-06 -5.115549150e-06 -1.673167060e-02 3.365991330e-06 -4.022796250e-07 -1.003766470e-04 8.141419300e-08
9.232495000e-01 -1.869643140e-05 -1.533908300e-02 4.432269780e-06 -1.829290560e-05 -1.523861810e-02 4.350560960e-06 -4.035258720e-07 -1.004648820e-04 8.170882500e-08
9.236837000e-01 -1.067607230e-05 -1.434669430e-02 5.920430180e-06 -1.027454700e-05 -1.424620730e-02 5.838792950e-06 -4.015253240e-07 -1.004869780e-04 8.163723030e-08
9.241180000e-01 -1.089033400e-05 -1.470449620e-02 5.772593170e-06 -1.049087510e-05 -1.460395650e-02 5.691103050e-06 -3.994589010e-07 -1.005397340e-04 8.149011500e-08
9.245522000e-01 -7.243849140e-06 -1.231430860e-02 5.532945780e-06 -6.847801070e-06 -1.221419960e-02 5.451904040e-06 -3.960480690e-07 -1.001089730e-04 8.104173240e-08
9.249864000e-01 -9.345488000e-06 -1.250170670e-02 6.277841080e-06 -8.952023940e-06 -1.240209100e-02 6.197038020e-06 -3.934640590e-07 -9.961568130e-05 8.080306560e-08
9.254207000e-01 -7.424873550e-06 -1.658080620e-02 5.438686320e-06 -7.034651640e-06 -1.648091100e-02 5.358325520e-06 -3.902219030e-07 -9.989512990e-05 8.036079360e-08
9.258549000e-01 -7.233492550e-06 -1.990237830e-02 6.105913560e-06 -6.846846240e-06 -1.980173640e-02 6.026002210e-06 -3.866463100e-07 -1.006419050e-04 7.991134300e-08
9.262892000e-01 -1.314302450e-05 -1.674026780e-02 3.838587880e-06 -1.275728120e-05 -1.663940960e-02 3.759024150e-06 -3.857433450e-07 -1.008581750e-04 7.956373210e-08
9.267234000e-01 -6.096046390e-06 -1.229203210e-02 6.121502400e-06 -5.713690530e-06 -1.219160730e-02 6.042487940e-06 -3.823558550e-07 -1.004248110e-04 7.901446110e-08
9.271576000e-01 1.756474730e-05 -1.308318510e-02 3.920198790e-06 1.793506770e-05 -1.298300960e-02 3.843032770e-06 -3.703204090e-07 -1.001754760e-04 7.716602410e-08
9.275919000e-01 -8.530438760e-06 -1.602498240e-02 3.436493970e-06 -8.161817240e-06 -1.592462620e-02 3.359984200e-06 -3.686215270e-07 -1.003561770e-04 7.650977290e-08
9.280261000e-01 2.231240680e-05 -1.694810670e-02 3.889407860e-06 2.266686990e-05 -1.684750710e-02 3.815036070e-06 -3.544631640e-07 -1.005995540e-04 7.437179120e-08
9.284603000e-01 -2.244100420e-05 -1.628226140e-02 8.765231140e-06 -2.208368490e-05 -1.618179040e-02 8.690173380e-06 -3.573193340e-07 -1.004710130e-04 7.505775960e-08
9.288946000e-01 -5.077763950e-06 -1.369215460e-02 3.831064960e-06 -4.723643350e-06 -1.359207550e-02 3.756644510e-06 -3.541206000e-07 -1.000791410e-04 7.442044890e-08
9.293288000e-01 -1.138974410e-05 -1.427943640e-02 6.773699190e-06 -1.103645020e-05 -1.417954680e-02 6.699307580e-06 -3.532938900e-07 -9.988959070e-05 7.439161750e-08
9.297631000e-01 -1.951093630e-06 -1.582008930e-02 4.990648180e-06 -1.601252780e-06 -1.572006670e-02 4.916721960e-06 -3.498408500e-07 -1.000226350e-04 7.392621820e-08
9.301973000e-01 9.896410190e-07 -1.607257260e-02 1.698754610e-06 1.335349040e-06 -1.597245820e-02 1.625710060e-06 -3.457080220e-07 -1.001143450e-04 7.304454790e-08
9.306315000e-01 -2.334164860e-05 -1.695020010e-02 1.552737200e-05 -2.299252820e-05 -1.684988940e-02 1.545307530e-05 -3.491203920e-07 -1.003106990e-04 7.429671690e-08
9.310658000e-01 -2.912980210e-06 -1.721140310e-02 3.552975920e-06 -2.566464630e-06 -1.711080340e-02 3.479244530e-06 -3.465155840e-07 -1.005996680e-04 7.373139490e-08
9.315000000e-01 -1.084912460e-05 -1.699243290e-02 4.070867410e-06 -1.050227490e-05 -1.689180340e-02 3.997337160e-06 -3.468497710e-07 -1.006295900e-04 7.353025600e-08
9.319133000e-01 3.253348940e-06 -1.635141880e-02 6.586597300e-06 3.595675900e-06 -1.625105860e-02 6.513651920e-06 -3.423269670e-07 -1.003601350e-04 7.294537710e-08
9.323265000e-01 -1.634296310e-06 -1.725636020e-02 3.339183730e-06 -1.293952510e-06 -1.715595590e-02 3.266888250e-06 -3.403437930e-07 -1.004043190e-04 7.229547770e-08
9.327398000e-01 9.264580860e-07 -1.720852180e-02 4.810661100e-06 1.263869860e-06 -1.710785460e-02 4.739131870e-06 -3.374117730e-07 -1.006672670e-04 7.152922840e-08
9.331488000e-01 -2.726303250e-06 -1.810402620e-02 3.424586480e-06 -2.390081180e-06 -1.800312640e-02 3.353697970e-06 -3.362220680e-07 -1.008997890e-04 7.088851150e-08
9.335577000e-01 -7.881673360e-07 -1.386831120e-02 2.395970670e-06 -4.532709470e-07 -1.376770540e-02 2.325883790e-06 -3.348963890e-07 -1.006058520e-04 7.008687930e-08
9.339667000e-01 1.040248520e-07 -1.029177940e-02 1.298173380e-05 4.370427330e-07 -1.019179900e-02 1.291153830e-05 -3.330178810e-07 -9.998036470e-05 7.019555930e-08
9.343756000e-01 -1.599231420e-05 -1.536419510e-02 1.118980450e-06 -1.565499110e-05 -1.526432800e-02 1.048965680e-06 -3.373230630e-07 -9.986711340e-05 7.001476230e-08
9.347846000e-01 -3.729811890e-06 -1.793837570e-02 3.481870510e-06 -3.392402520e-06 -1.783828230e-02 3.412331850e-06 -3.374093730e-07 -1.000933360e-04 6.953865460e-08
9.351936000e-01 5.460616980e-07 -1.933213570e-02 3.351994610e-06 8.823276780e-07 -1.923188070e-02 3.283143320e-06 -3.362659800e-07 -1.002550440e-04 6.885128980e-08
9.356025000e-01 -5.889519970e-07 -1.455754090e-02 4.116027550e-06 -2.532702630e-07 -1.445756400e-02 4.047706830e-06 -3.356817340e-07 -9.997692470e-05 6.832072580e-08
9.360115000e-01 -1.562988610e-06 -1.112544690e-02 3.863993980e-06 -1.227524490e-06 -1.102610250e-02 3.796182920e-06 -3.354641290e-07 -9.934434660e-05 6.781106500e-08
9.364204000e-01 -5.414157340e-07 -1.533134320e-02 3.678808410e-06 -2.066480190e-07 -1.523204210e-02 3.611564710e-06 -3.347677150e-07 -9.930112220e-05 6.724370320e-08
9.368294000e-01 2.404193670e-06 -1.959571780e-02 7.324073240e-07 2.737557850e-06 -1.949591270e-02 6.660367940e-07 -3.333641820e-07 -9.980504720e-05 6.637052980e-08
9.372337000e-01 8.875699230e-06 -1.886442900e-02 -1.509235320e-06 9.205632970e-06 -1.876436470e-02 -1.574187620e-06 -3.299337340e-07 -1.000642640e-04 6.495229730e-08
9.376379000e-01 -9.330089850e-06 -1.836153880e-02 4.352241840e-06 -8.997291980e-06 -1.826149220e-02 4.286922960e-06 -3.327978740e-07 -1.000465220e-04 6.531887670e-08
9.380422000e-01 5.938539580e-06 -1.614947300e-02 1.604471240e-06 6.268844150e-06 -1.604965570e-02 1.539901920e-06 -3.303045660e-07 -9.981725780e-05 6.456932260e-08
9.384464000e-01 3.402022240e-08 -1.670752810e-02 1.673882860e-07 3.642157100e-07 -1.660782330e-02 1.032545110e-07 -3.301954870e-07 -9.970487770e-05 6.413377480e-08
9.388507000e-01 3.698884710e-06 -1.443254540e-02 5.577132440e-07 4.027803060e-06 -1.433311750e-02 4.941373300e-07 -3.289183490e-07 -9.942792880e-05 6.357591350e-08
9.392550000e-01 6.763788400e-06 -1.517261620e-02 2.327781980e-06 7.090397830e-06 -1.507340790e-02 2.264755710e-06 -3.266094280e-07 -9.920835410e-05 6.302626940e-08
9.396592000e-01 2.676901180e-05 -2.015719270e-02 -4.385167190e-06 2.708705480e-05 -2.005753300e-02 -4.446164460e-06 -3.180430320e-07 -9.965969120e-05 6.099727500e-08
9.400585000e-01 1.648161730e-05 -2.179237980e-02 -6.384920710e-06 1.679524460e-05 -2.169200240e-02 -6.444427380e-06 -3.136272780e-07 -1.003773220e-04 5.950666730e-08
9.404578000e-01 -1.399466470e-06 -1.789229630e-02 2.705360860e-06 -1.084750270e-06 -1.779195590e-02 2.645682170e-06 -3.147161940e-07 -1.003404150e-04 5.967868370e-08
9.408570000e-01 3.705451220e-06 -1.177504600e-02 2.054657230e-06 4.019899190e-06 -1.167573130e-02 1.995155740e-06 -3.144479730e-07 -9.931476040e-05 5.950148250e-08
9.412563000e-01 -6.434450900e-06 -1.222426520e-02 1.454674490e-06 -6.116939970e-06 -1.212570890e-02 1.394846490e-06 -3.175109260e-07 -9.855636000e-05 5.982800560e-08
9.416556000e-01 -3.311475390e-06 -2.118188190e-02 1.854499510e-06 -2.991883900e-06 -2.108284560e-02 1.794333800e-06 -3.195914960e-07 -9.903631780e-05 6.016570790e-08
9.420548000e-01 4.364915270e-06 -2.456434850e-02 -2.784194950e-06 4.684540040e-06 -2.446446190e-02 -2.843903010e-06 -3.196247680e-07 -9.988659300e-05 5.970805870e-08
9.424541000e-01 7.115441190e-07 -1.968965410e-02 -4.801052060e-07 1.032502510e-06 -1.958962480e-02 -5.398421050e-07 -3.209583880e-07 -1.000293260e-04 5.973689900e-08
9.428480000e-01 -2.465277540e-06 -1.415920690e-02 -5.446044930e-07 -2.141872810e-06 -1.405971550e-02 -6.045204300e-07 -3.234047350e-07 -9.949135220e-05 5.991593690e-08
9.432420000e-01 1.413268790e-05 -1.672915490e-02 -5.105403260e-06 1.445337800e-05 -1.662999670e-02 -5.164310240e-06 -3.206901490e-07 -9.915817150e-05 5.890697860e-08
9.436359000e-01 -1.575072270e-06 -1.626669960e-02 -3.425507490e-06 -1.251602190e-06 -1.616779730e-02 -3.484621460e-06 -3.234700850e-07 -9.890233780e-05 5.911397320e-08
9.440299000e-01 -2.422449530e-06 -1.179253470e-02 -1.545579560e-06 -2.095813100e-06 -1.169425510e-02 -1.605205250e-06 -3.266364270e-07 -9.827958300e-05 5.962568680e-08
9.444295000e-01 9.458412600e-06 -1.439254420e-02 -6.451231620e-06 9.784649640e-06 -1.429442770e-02 -6.510413310e-06 -3.262370460e-07 -9.811655860e-05 5.918168770e-08
9.448290000e-01 -4.071548640e-06 -2.350646810e-02 -2.445005400e-06 -3.741195200e-06 -2.340757720e-02 -2.504987640e-06 -3.303534380e-07 -9.889095300e-05 5.998223350e-08
9.452228000e-01 -3.758691490e-06 -2.564955050e-02 -1.158750870e-07 -3.424641950e-06 -2.554973480e-02 -1.769072790e-07 -3.340495450e-07 -9.981565770e-05 6.103219140e-08
9.456166000e-01 -3.095768140e-06 -1.637213590e-02 -4.354771050e-06 -2.757870190e-06 -1.627277320e-02 -4.416569900e-06 -3.378979500e-07 -9.936272720e-05 6.179884460e-08
9.460104000e-01 3.595859740e-06 -7.659777450e-03 -6.091407940e-06 3.935733430e-06 -7.561973300e-03 -6.153723660e-06 -3.398736930e-07 -9.780414100e-05 6.231572800e-08
9.464042000e-01 1.767557680e-05 -1.331325680e-02 -7.044427240e-06 1.801304620e-05 -1.321609190e-02 -7.106614840e-06 -3.374694510e-07 -9.716491720e-05 6.218759620e-08
9.467979000e-01 9.059826750e-06 -2.534457200e-02 -3.224628220e-06 9.397645760e-06 -2.524673080e-02 -3.287715850e-06 -3.378190140e-07 -9.784120240e-05 6.308763250e-08
9.471857000e-01 7.089446360e-06 -2.782322320e-02 -6.881933760e-06 7.428529800e-06 -2.772456340e-02 -6.945723960e-06 -3.390834420e-07 -9.865985310e-05 6.379020230e-08
9.475734000e-01 1.502243800e-07 -1.950586020e-02 -3.383575430e-06 4.928734040e-07 -1.940724390e-02 -3.448806030e-06 -3.426490240e-07 -9.861631860e-05 6.523060090e-08
9.479611000e-01 2.166827360e-06 -9.181529650e-03 -6.108578510e-06 2.512391030e-06 -9.083557400e-03 -6.174931230e-06 -3.455636650e-07 -9.797225020e-05 6.635271440e-08
9.483488000e-01 1.585752490e-05 -1.223744270e-02 -1.605449460e-05 1.620160600e-05 -1.213974720e-02 -1.612016230e-05 -3.440811280e-07 -9.769556620e-05 6.566767010e-08
9.487303000e-01 -1.034588310e-05 -2.000233230e-02 1.231089960e-06 -9.995429740e-06 -1.990471540e-02 1.162865620e-06 -3.504533380e-07 -9.761689270e-05 6.822434010e-08
9.491118000e-01 8.748599150e-06 -2.526562440e-02 -8.191781670e-06 9.099806120e-06 -2.516777270e-02 -8.260682350e-06 -3.512069720e-07 -9.785169770e-05 6.890068070e-08
9.494932000e-01 7.854300550e-06 -1.993634120e-02 -9.477788390e-06 8.207029000e-06 -1.983867110e-02 -9.547438740e-06 -3.527284540e-07 -9.767008330e-05 6.965034690e-08
9.498747000e-01 1.315723910e-05 -1.499757230e-02 -1.044719340e-05 1.351012510e-05 -1.490032630e-02 -1.051728780e-05 -3.528860460e-07 -9.724603410e-05 7.009439820e-08
9.502562000e-01 5.974077000e-06 -1.610132180e-02 -1.212934750e-05 6.329300370e-06 -1.600453100e-02 -1.220028420e-05 -3.552233790e-07 -9.679083420e-05 7.093668620e-08
9.506377000e-01 1.289853200e-05 -1.805123400e-02 -5.878487620e-06 1.325328530e-05 -1.795445730e-02 -5.950262430e-06 -3.547533400e-07 -9.677662760e-05 7.177480600e-08
9.510124000e-01 -2.147192110e-06 -2.431048780e-02 -7.273580610e-06 -1.788157680e-06 -2.421321670e-02 -7.347290830e-06 -3.590344280e-07 -9.727111480e-05 7.371022610e-08
9.513872000e-01 1.256795830e-05 -2.095161150e-02 -1.188586920e-05 1.292675220e-05 -2.085418910e-02 -1.196037840e-05 -3.587938390e-07 -9.742236200e-05 7.450921190e-08
9.517620000e-01 8.458128460e-06 -1.777096120e-02 -1.026794310e-05 8.817930450e-06 -1.767391490e-02 -1.034378290e-05 -3.598019850e-07 -9.704624230e-05 7.583979630e-08
9.521368000e-01 1.139529140e-06 -1.364805410e-02 -9.767387420e-06 1.502662690e-06 -1.355190730e-02 -9.845317180e-06 -3.631335530e-07 -9.614677210e-05 7.792975970e-08
9.525115000e-01 1.872170090e-05 -1.535229190e-02 -1.221439130e-05 1.908247850e-05 -1.525646780e-02 -1.229327820e-05 -3.607775410e-07 -9.582414410e-05 7.888686580e-08
9.528863000e-01 4.718913290e-06 -2.022332210e-02 -1.228931190e-05 5.081959160e-06 -2.012720050e-02 -1.237016860e-05 -3.630458770e-07 -9.612164770e-05 8.085677380e-08
9.532539000e-01 4.413232690e-06 -2.293953720e-02 -1.114561550e-05 4.778479920e-06 -2.284296020e-02 -1.122846560e-05 -3.652472350e-07 -9.657702200e-05 8.285003500e-08
9.536215000e-01 8.533364370e-06 -1.910888450e-02 -1.167341290e-05 8.899491790e-06 -1.901247590e-02 -1.175795780e-05 -3.661274270e-07 -9.640853630e-05 8.454484500e-08
9.539890000e-01 4.882674730e-06 -1.569295440e-02 -1.201463590e-05 5.251003340e-06 -1.559725060e-02 -1.210128820e-05 -3.683286060e-07 -9.570380290e-05 8.665234870e-08
9.543566000e-01 5.987230340e-06 -1.648008840e-02 -9.567585870e-06 6.356916240e-06 -1.638493100e-02 -9.656232990e-06 -3.696858980e-07 -9.515741240e-05 8.864712170e-08
9.547242000e-01 4.925443150e-06 -1.903618690e-02 -1.139557870e-05 5.297047970e-06 -1.894117230e-02 -1.148617980e-05 -3.716048130e-07 -9.501459600e-05 9.060113780e-08
9.550917000e-01 3.459842810e-06 -2.154973540e-02 -9.863762560e-06 3.833942590e-06 -2.145455800e-02 -9.956507770e-06 -3.740997790e-07 -9.517738340e-05 9.274520380e-08
9.554593000e-01 1.730700280e-06 -1.982270020e-02 -9.153715480e-06 2.107916950e-06 -1.972763740e-02 -9.248689580e-06 -3.772166750e-07 -9.506285880e-05 9.497409470e-08
9.558269000e-01 4.982430040e-06 -1.900676510e-02 -1.352238860e-05 5.362065740e-06 -1.891174870e-02 -1.361918260e-05 -3.796357040e-07 -9.501635610e-05 9.679404490e-08
9.561945000e-01 6.999206030e-06 -1.574219730e-02 -1.483908310e-05 7.380680530e-06 -1.564738620e-02 -1.493749110e-05 -3.814745020e-07 -9.481102880e-05 9.840795030e-08
9.565537000e-01 1.484180780e-05 -1.832215070e-02 -1.451250460e-05 1.522265620e-05 -1.822742120e-02 -1.461198920e-05 -3.808484290e-07 -9.472941940e-05 9.948460850e-08
9.569129000e-01 7.011600760e-06 -1.486611240e-02 -1.051022450e-05 7.393961120e-06 -1.477175260e-02 -1.061155510e-05 -3.823603660e-07 -9.435980970e-05 1.013306230e-07
9.572721000e-01 3.252868130e-06 -1.713360900e-02 -7.039350730e-06 3.637682490e-06 -1.703945610e-02 -7.143020990e-06 -3.848143650e-07 -9.415288600e-05 1.036702650e-07
9.576313000e-01 7.158565920e-06 -1.940002200e-02 -1.155973030e-05 7.544762920e-06 -1.930605500e-02 -1.166515580e-05 -3.861970010e-07 -9.396696200e-05 1.054255310e-07
9.579905000e-01 9.593498120e-06 -2.104553640e-02 -1.340561780e-05 9.980365400e-06 -2.095164900e-02 -1.351249170e-05 -3.868672880e-07 -9.388741670e-05 1.068739000e-07
9.583498000e-01 -6.753842990e-06 -2.091031950e-02 -8.748229190e-06 -6.361487050e-06 -2.081650740e-02 -8.857901630e-06 -3.923559460e-07 -9.381206470e-05 1.096724380e-07
9.587090000e-01 2.070784130e-06 -1.674543850e-02 -9.751580140e-06 2.466035830e-06 -1.665196560e-02 -9.863457250e-06 -3.952517060e-07 -9.347284520e-05 1.118771100e-07
9.590682000e-01 3.001332110e-06 -1.781523080e-02 -1.210996840e-05 3.398622520e-06 -1.772208130e-02 -1.222359490e-05 -3.972904040e-07 -9.314945630e-05 1.136264450e-07
9.594274000e-01 6.467055650e-06 -1.818411810e-02 -1.259677760e-05 6.865161720e-06 -1.809125010e-02 -1.271197980e-05 -3.981060670e-07 -9.286804970e-05 1.152021550e-07
9.597866000e-01 -5.974323950e-07 -1.783635490e-02 -1.137185850e-05 -1.963917380e-07 -1.774383720e-02 -1.148918180e-05 -4.010406570e-07 -9.251762860e-05 1.173233010e-07
9.601458000e-01 8.676421340e-07 -1.397286940e-02 -1.127887320e-05 1.271001400e-06 -1.388108670e-02 -1.139818660e-05 -4.033592660e-07 -9.178268280e-05 1.193133280e-07
9.605051000e-01 6.998828520e-06 -1.722110470e-02 -1.236188110e-05 7.402508570e-06 -1.712974990e-02 -1.248257990e-05 -4.036800500e-07 -9.135480440e-05 1.206987430e-07
9.608643000e-01 1.559380810e-06 -2.315548270e-02 -8.401264340e-06 1.964854860e-06 -2.306372670e-02 -8.523894940e-06 -4.054740450e-07 -9.175598130e-05 1.226305960e-07
9.612235000e-01 -1.701741440e-06 -3.006147430e-02 -9.836045210e-06 -1.293418110e-06 -2.996860100e-02 -9.960698130e-06 -4.083233230e-07 -9.287328150e-05 1.246529210e-07
9.615827000e-01 1.905880630e-06 -2.325321430e-02 -1.152486680e-05 2.316159780e-06 -2.316016750e-02 -1.165117920e-05 -4.102791500e-07 -9.304675400e-05 1.263124450e-07
9.619419000e-01 1.699612100e-06 -1.312307610e-02 -1.044225240e-05 2.111529530e-06 -1.303086660e-02 -1.057017640e-05 -4.119174380e-07 -9.220952300e-05 1.279240220e-07
9.623011000e-01 1.484815240e-05 -5.021369080e-03 -1.253479360e-05 1.525796090e-05 -4.930359310e-03 -1.266313370e-05 -4.098084840e-07 -9.100977300e-05 1.283401790e-07
9.626604000e-01 9.398799000e-06 -1.505511550e-02 -1.333281870e-05 9.807607010e-06 -1.496445760e-02 -1.346176130e-05 -4.088080140e-07 -9.065789660e-05 1.289425620e-07
9.630196000e-01 1.069367530e-05 -2.240263010e-02 -8.894684440e-06 1.110075920e-05 -2.231192890e-02 -9.024404670e-06 -4.070839780e-07 -9.070120530e-05 1.297202260e-07
9.633788000e-01 6.270962270e-06 -2.425032420e-02 -1.063652220e-05 6.677793450e-06 -2.415961680e-02 -1.076715330e-05 -4.068311780e-07 -9.070741510e-05 1.306311880e-07
9.637380000e-01 1.538008430e-06 -2.044255350e-02 -9.431609350e-06 1.945972370e-06 -2.035198120e-02 -9.563521240e-06 -4.079639410e-07 -9.057226190e-05 1.319118950e-07
9.640972000e-01 7.716774830e-07 -1.833309620e-02 -7.432770920e-06 1.180661820e-06 -1.824257080e-02 -7.565984560e-06 -4.089843380e-07 -9.052542520e-05 1.332136330e-07
9.644564000e-01 -3.248597630e-07 -1.943980520e-02 -5.877256270e-06 8.528179050e-08 -1.934928430e-02 -6.011855910e-06 -4.101415530e-07 -9.052094520e-05 1.345996410e-07
9.648157000e-01 4.423643520e-06 -1.822421190e-02 -8.074879850e-06 4.833644560e-06 -1.813380700e-02 -8.210292580e-06 -4.100010370e-07 -9.040493010e-05 1.354127370e-07
9.651749000e-01 9.637676970e-06 -1.639591090e-02 -1.179726690e-05 1.004618380e-05 -1.630576870e-02 -1.193280220e-05 -4.085068460e-07 -9.014223480e-05 1.355353030e-07
9.655341000e-01 1.879823450e-06 -1.736089720e-02 -6.954356290e-06 2.288577590e-06 -1.727097130e-02 -7.090660520e-06 -4.087541400e-07 -8.992590750e-05 1.363042280e-07
9.658933000e-01 7.834681950e-06 -1.774167890e-02 -9.498568360e-06 8.242116030e-06 -1.765198740e-02 -9.635064730e-06 -4.074340850e-07 -8.969148880e-05 1.364963690e-07
9.662525000e-01 3.881627640e-06 -2.065952720e-02 -6.900242120e-06 4.288632310e-06 -2.057021720e-02 -7.037366070e-06 -4.070046680e-07 -8.931000240e-05 1.371239490e-07
9.666117000e-01 5.050970090e-07 -2.134864700e-02 -6.817317890e-06 9.125946010e-07 -2.125955490e-02 -6.955325070e-06 -4.074975920e-07 -8.909217640e-05 1.380071810e-07
9.669710000e-01 7.708401880e-06 -1.658746020e-02 -7.334927450e-06 8.114170960e-06 -1.649868440e-02 -7.473107540e-06 -4.057690760e-07 -8.877574400e-05 1.381800900e-07
9.673302000e-01 1.437649370e-07 -1.658425460e-02 -7.647917780e-06 5.498006600e-07 -1.649566620e-02 -7.786603160e-06 -4.060357230e-07 -8.858840800e-05 1.386853800e-07
9.676894000e-01 1.629042010e-06 -1.601009860e-02 -7.047488120e-06 2.034926080e-06 -1.592179720e-02 -7.186555570e-06 -4.058840710e-07 -8.830136840e-05 1.390674550e-07
9.680486000e-01 2.059357870e-06 -1.954117990e-02 -1.850782210e-06 2.464768100e-06 -1.945286790e-02 -1.990464800e-06 -4.054102240e-07 -8.831197120e-05 1.396825960e-07
9.684078000e-01 9.985838620e-06 -1.919786300e-02 -9.134284300e-06 1.038853610e-05 -1.910949710e-02 -9.273384970e-06 -4.026975070e-07 -8.836590530e-05 1.391006740e-07
9.687670000e-01 -1.736096000e-05 -1.710106180e-02 1.623308130e-05 -1.695375660e-05 -1.701298370e-02 1.609120420e-05 -4.072033550e-07 -8.807816140e-05 1.418771360e-07
9.691263000e-01 1.112251210e-05 -1.719270080e-02 -2.805653330e-05 1.152698220e-05 -1.710527740e-02 -2.819679260e-05 -4.044700800e-07 -8.742344220e-05 1.402593580e-07
9.694855000e-01 7.001920420e-06 -1.699108770e-02 -1.110223000e-05 7.404401830e-06 -1.690426530e-02 -1.124207390e-05 -4.024814060e-07 -8.682240550e-05 1.398439210e-07
9.698447000e-01 -6.516009070e-07 -1.872630810e-02 -6.435663660e-06 -2.492565750e-07 -1.863970370e-02 -6.575691870e-06 -4.023443330e-07 -8.660430990e-05 1.400282170e-07
9.702039000e-01 -4.076546940e-06 -1.898433640e-02 -2.381858110e-06 -3.673704380e-06 -1.889763350e-02 -2.522455260e-06 -4.028425590e-07 -8.670290020e-05 1.405971480e-07
9.705631000e-01 1.007936380e-05 -1.883284170e-02 -5.421406970e-06 1.047851540e-05 -1.874611380e-02 -5.561299100e-06 -3.991515650e-07 -8.672782440e-05 1.398921330e-07
9.709223000e-01 6.430435560e-06 -1.784688520e-02 -6.171547330e-06 6.826911180e-06 -1.776045160e-02 -6.310790770e-06 -3.964756260e-07 -8.643364100e-05 1.392434450e-07
9.712816000e-01 1.504314970e-06 -1.942967410e-02 -3.798400870e-06 1.899471290e-06 -1.934355700e-02 -3.937537480e-06 -3.951563200e-07 -8.611705700e-05 1.391366090e-07
9.716408000e-01 3.184518770e-06 -1.780191670e-02 -4.519780410e-06 3.577619080e-06 -1.771616940e-02 -4.658465090e-06 -3.931003070e-07 -8.574728040e-05 1.386846860e-07
9.720000000e-01 1.335391750e-06 -1.930220540e-02 -4.504313180e-06 1.726799100e-06 -1.921658670e-02 -4.642596320e-06 -3.914073500e-07 -8.561873270e-05 1.382831420e-07
9.723682000e-01 1.539992270e-05 -2.031970380e-02 -2.453938210e-06 1.578509310e-05 -2.023422040e-02 -2.590887660e-06 -3.851703930e-07 -8.548336180e-05 1.369494510e-07
9.727364000e-01 1.167709270e-05 -2.164510630e-02 -9.082295650e-06 1.205755470e-05 -2.155964420e-02 -9.217831130e-06 -3.804620050e-07 -8.546216280e-05 1.355354720e-07
9.731045000e-01 1.881858560e-06 -1.647489450e-02 -5.880676010e-06 2.260158790e-06 -1.638970190e-02 -6.015546520e-06 -3.783002300e-07 -8.519257290e-05 1.348705090e-07
9.734727000e-01 1.599125300e-05 -1.783641040e-02 -1.380163950e-06 1.636304170e-05 -1.775129860e-02 -1.513286660e-06 -3.717886790e-07 -8.511175990e-05 1.331227070e-07
9.738409000e-01 -1.066474400e-05 -1.698079590e-02 -6.647673050e-06 -1.029105740e-05 -1.689599100e-02 -6.781443260e-06 -3.736865540e-07 -8.480498300e-05 1.337702180e-07
9.742091000e-01 3.288612400e-06 -1.562760820e-02 -5.428664700e-06 3.659661550e-06 -1.554338020e-02 -5.561686070e-06 -3.710491540e-07 -8.422797990e-05 1.330213700e-07
9.745808000e-01 4.953538060e-06 -1.384141700e-02 -4.963461960e-06 5.321351160e-06 -1.375788150e-02 -5.095511430e-06 -3.678131020e-07 -8.353547990e-05 1.320494610e-07
9.749526000e-01 1.193421710e-06 -1.877798840e-02 -2.606784390e-06 1.559108590e-06 -1.869457440e-02 -2.738330390e-06 -3.656868750e-07 -8.341402810e-05 1.315459990e-07
9.753244000e-01 2.170136820e-05 -2.162592460e-02 -9.266619170e-06 2.205833070e-05 -2.154230310e-02 -9.395370340e-06 -3.569625000e-07 -8.362151140e-05 1.287511710e-07
9.756961000e-01 -6.558566860e-06 -1.923220940e-02 2.316162640e-07 -6.201238030e-06 -1.914866160e-02 1.024143600e-07 -3.573288310e-07 -8.354778180e-05 1.292019040e-07
9.760679000e-01 -6.263983860e-06 -1.967670070e-02 -2.884712800e-06 -5.906495930e-06 -1.959328050e-02 -3.014109780e-06 -3.574879260e-07 -8.342022790e-05 1.293969780e-07
9.764396000e-01 -2.952205910e-06 -1.804413420e-02 2.633149790e-07 -2.595720400e-06 -1.796093590e-02 1.337977160e-07 -3.564855130e-07 -8.319833990e-05 1.295172630e-07
9.768114000e-01 -2.363236720e-06 -1.908721270e-02 -3.457747860e-06 -2.007885800e-06 -1.900414180e-02 -3.587136370e-06 -3.553509140e-07 -8.307085900e-05 1.293885120e-07
9.771871000e-01 -1.768859970e-06 -1.783296160e-02 6.843320760e-07 -1.414787990e-06 -1.775023460e-02 5.548395960e-07 -3.540719730e-07 -8.272698150e-05 1.294924790e-07
9.775627000e-01 1.574978310e-06 -1.684312250e-02 -1.095237700e-06 1.926804050e-06 -1.676072420e-02 -1.224464610e-06 -3.518257440e-07 -8.239832010e-05 1.292269120e-07
9.779384000e-01 -2.720624800e-06 -1.568771470e-02 9.939241370e-07 -2.369790360e-06 -1.560569180e-02 8.644065490e-07 -3.508344370e-07 -8.202295830e-05 1.295175880e-07
9.783141000e-01 -5.161601240e-06 -1.253450400e-02 2.467515940e-06 -4.811097270e-06 -1.245289830e-02 2.337371850e-06 -3.505039640e-07 -8.160571630e-05 1.301440930e-07
9.786897000e-01 -6.821381800e-06 -1.317707800e-02 2.968608950e-06 -6.470838850e-06 -1.309586220e-02 2.837831160e-06 -3.505429510e-07 -8.121581920e-05 1.307777830e-07
9.790696000e-01 7.394242400e-06 -1.891994240e-02 -7.771127920e-06 7.741174700e-06 -1.883884900e-02 -7.900943820e-06 -3.469323010e-07 -8.109345200e-05 1.298159040e-07
9.794495000e-01 3.574138610e-08 -2.359546110e-02 -2.810993110e-07 3.808238910e-07 -2.351424800e-02 -4.110075060e-07 -3.450825050e-07 -8.121319000e-05 1.299081950e-07
9.798294000e-01 -2.802757860e-06 -1.810963210e-02 1.739679500e-06 -2.458633910e-06 -1.802866570e-02 1.609241590e-06 -3.441239540e-07 -8.096640200e-05 1.304379100e-07
9.802093000e-01 -3.476800640e-06 -1.353811560e-02 9.547095400e-07 -3.133469980e-06 -1.345760400e-02 8.238630990e-07 -3.433306610e-07 -8.051156570e-05 1.308464410e-07
9.805892000e-01 3.463559170e-06 -1.174903670e-02 -8.016084640e-07 3.804223680e-06 -1.166902330e-02 -9.320945590e-07 -3.406645100e-07 -8.001337320e-05 1.304860950e-07
9.809691000e-01 -1.941995640e-06 -1.502514870e-02 -1.030228860e-05 -1.601464880e-06 -1.494528190e-02 -1.043267740e-05 -3.405307610e-07 -7.986683050e-05 1.303888030e-07
9.813490000e-01 8.963429950e-06 -2.313229630e-02 5.708548470e-06 9.299398960e-06 -2.305214170e-02 5.578668760e-06 -3.359690090e-07 -8.015455780e-05 1.298797090e-07
9.817289000e-01 1.982132160e-06 -2.095457190e-02 -5.678727050e-07 2.316099790e-06 -2.087432160e-02 -6.977362040e-07 -3.339676300e-07 -8.025031360e-05 1.298634990e-07
9.821087000e-01 4.173992200e-06 -1.462445220e-02 -3.461970310e-06 4.505463230e-06 -1.454463680e-02 -3.591453720e-06 -3.314710310e-07 -7.981537400e-05 1.294834140e-07
9.824934000e-01 8.927004310e-06 -1.164528750e-02 -3.758780700e-06 9.254539240e-06 -1.156629180e-02 -3.887447880e-06 -3.275349290e-07 -7.899560800e-05 1.286671720e-07
9.828781000e-01 1.817346360e-07 -1.465487830e-02 -6.663101830e-07 5.081966420e-07 -1.457619270e-02 -7.952830070e-07 -3.264620060e-07 -7.868564900e-05 1.289728240e-07
9.832628000e-01 -1.843727720e-06 -1.698217830e-02 1.400121470e-06 -1.517721890e-06 -1.690348150e-02 1.270473940e-06 -3.260058340e-07 -7.869677690e-05 1.296475370e-07
9.836475000e-01 3.583790270e-08 -2.088971280e-02 8.153043960e-08 3.607619120e-07 -2.081072730e-02 -4.848718840e-08 -3.249240090e-07 -7.898556220e-05 1.300176280e-07
9.840322000e-01 2.267650020e-07 -1.772232790e-02 -1.020111870e-06 5.505127450e-07 -1.764352610e-02 -1.150363680e-06 -3.237477430e-07 -7.880178850e-05 1.302518110e-07
9.844169000e-01 1.081342620e-05 -1.316791650e-02 -5.354106550e-06 1.113295220e-05 -1.308981480e-02 -5.483384360e-06 -3.195260190e-07 -7.810168210e-05 1.292778090e-07
9.848016000e-01 2.925375770e-06 -1.454338850e-02 8.842401850e-08 3.243098150e-06 -1.446573040e-02 -4.118588410e-08 -3.177223820e-07 -7.765804080e-05 1.296099030e-07
9.851918000e-01 9.705518800e-06 -1.629038010e-02 -4.233712350e-06 1.001955490e-05 -1.621278960e-02 -4.362520690e-06 -3.140361150e-07 -7.759050530e-05 1.288083380e-07
9.855819000e-01 3.546370560e-06 -2.094065850e-02 1.125750540e-06 3.858791710e-06 -2.086271620e-02 9.965316810e-07 -3.124211490e-07 -7.794230280e-05 1.292188580e-07
9.859720000e-01 2.566855850e-05 -1.775781880e-02 -1.786146110e-05 2.597316190e-05 -1.768001260e-02 -1.798778730e-05 -3.046033800e-07 -7.780618080e-05 1.263261660e-07
9.863621000e-01 3.374387530e-05 -1.429567710e-02 -1.779662310e-05 3.403778950e-05 -1.421819810e-02 -1.791926530e-05 -2.939142810e-07 -7.747906670e-05 1.226421700e-07
9.867522000e-01 3.547778430e-07 -1.214877610e-02 -2.380264410e-06 6.484331490e-07 -1.207165500e-02 -2.503453410e-06 -2.936553050e-07 -7.712102550e-05 1.231890040e-07
9.871424000e-01 4.536096730e-06 -1.610761930e-02 -4.773370190e-07 4.828327590e-06 -1.603068730e-02 -6.009204250e-07 -2.922308580e-07 -7.693200620e-05 1.235834060e-07
9.875325000e-01 -1.335330480e-05 -2.304403580e-02 1.597643960e-05 -1.305732870e-05 -2.296689430e-02 1.584954150e-05 -2.959760980e-07 -7.714143790e-05 1.268981570e-07
9.879226000e-01 -5.426770510e-06 -1.851518020e-02 1.804471570e-06 -5.128774810e-06 -1.843824600e-02 1.675789080e-06 -2.979956990e-07 -7.693411540e-05 1.286824910e-07
9.883127000e-01 3.239140520e-05 -1.040134940e-02 -1.843121300e-05 3.267879870e-05 -1.032509630e-02 -1.855578080e-05 -2.873934950e-07 -7.625306410e-05 1.245677690e-07
9.887028000e-01 4.187907230e-06 -5.340809360e-03 5.854841490e-08 4.474144390e-06 -5.265513100e-03 -6.650857010e-08 -2.862371610e-07 -7.529626040e-05 1.250569850e-07
9.890994000e-01 -3.194642090e-06 -1.519635990e-02 2.156962700e-06 -2.907238630e-06 -1.512110450e-02 2.030524820e-06 -2.874034620e-07 -7.525537140e-05 1.264378890e-07
9.894961000e-01 -8.793738110e-06 -2.621637440e-02 1.018364580e-05 -8.503456890e-06 -2.614038980e-02 1.005456260e-05 -2.902812200e-07 -7.598462350e-05 1.290831750e-07
9.898927000e-01 -1.490198470e-05 -2.161691880e-02 -1.168033510e-06 -1.460677020e-05 -2.154075030e-02 -1.299399920e-06 -2.952144690e-07 -7.616850390e-05 1.313664060e-07
9.902893000e-01 -1.834718080e-06 -1.543214320e-02 2.149655530e-06 -1.538964780e-06 -1.535641680e-02 2.017121400e-06 -2.957533010e-07 -7.572648050e-05 1.325341300e-07
9.906859000e-01 -4.315508510e-06 -1.072847410e-02 1.130405620e-06 -4.018520750e-06 -1.065352760e-02 9.966272460e-07 -2.969877580e-07 -7.494649780e-05 1.337783770e-07
9.910825000e-01 -4.218086380e-07 -1.288329760e-02 -1.255581070e-06 -1.247404570e-07 -1.280865510e-02 -1.389991870e-06 -2.970681820e-07 -7.464246150e-05 1.344108030e-07
9.914792000e-01 7.788814020e-07 -1.417712430e-02 1.459680600e-07 1.075743120e-06 -1.410243530e-02 1.089209180e-08 -2.968617170e-07 -7.468900020e-05 1.350759680e-07
9.918758000e-01 -8.905273500e-07 -1.479891180e-02 2.494749260e-06 -5.933096830e-07 -1.472424300e-02 2.358655730e-06 -2.972176670e-07 -7.466877250e-05 1.360935230e-07
9.922724000e-01 7.421407070e-07 -1.571938890e-02 -9.511764080e-07 1.039468220e-06 -1.564490750e-02 -1.087917340e-06 -2.973275120e-07 -7.448139400e-05 1.367409360e-07
9.926690000e-01 -1.747111820e-06 -1.694121880e-02 2.188677330e-06 -1.448860940e-06 -1.686714500e-02 2.050715720e-06 -2.982508790e-07 -7.407377210e-05 1.379616140e-07
9.930737000e-01 3.248630710e-07 -1.660489410e-02 -2.054046180e-06 6.234109370e-07 -1.653094900e-02 -2.192719130e-06 -2.985478660e-07 -7.394511480e-05 1.386729490e-07
9.934784000e-01 3.518451820e-06 -1.643861550e-02 -1.622236720e-06 3.816448480e-06 -1.636460950e-02 -1.761420800e-06 -2.979966600e-07 -7.400599640e-05 1.391840850e-07
9.938832000e-01 3.115884750e-06 -1.442524080e-02 -2.410384520e-06 3.413477570e-06 -1.435121560e-02 -2.550007500e-06 -2.975928250e-07 -7.402521010e-05 1.396229800e-07
9.942879000e-01 4.902091240e-06 -1.646421410e-02 -9.792390660e-08 5.198690380e-06 -1.639031060e-02 -2.379884500e-07 -2.965991430e-07 -7.390358090e-05 1.400645430e-07
9.946926000e-01 7.048831900e-06 -1.805590670e-02 -5.701098160e-06 7.343940270e-06 -1.798229150e-02 -5.840987770e-06 -2.951083640e-07 -7.361519070e-05 1.398896120e-07
9.950973000e-01 -2.515200980e-06 -1.620079620e-02 -8.506848600e-07 -2.218346590e-06 -1.612735760e-02 -9.918549890e-07 -2.968543990e-07 -7.343866600e-05 1.411701290e-07
9.955020000e-01 1.741865320e-05 -1.455484680e-02 1.137201970e-06 1.771071970e-05 -1.448160070e-02 9.967494250e-07 -2.920664770e-07 -7.324607060e-05 1.404525480e-07
9.959067000e-01 -1.103351280e-05 -1.525841380e-02 -3.503223360e-06 -1.073671180e-05 -1.518530500e-02 -3.645669810e-06 -2.968009320e-07 -7.310882370e-05 1.424464520e-07
9.963114000e-01 -6.198453880e-07 -1.326439890e-02 -1.139629100e-06 -3.217260240e-07 -1.319158590e-02 -1.283172710e-06 -2.981193640e-07 -7.281303060e-05 1.435436090e-07
9.967162000e-01 4.254923620e-06 -1.148435320e-02 -1.399201510e-06 4.552988690e-06 -1.141219750e-02 -1.543359340e-06 -2.980650660e-07 -7.215571540e-05 1.441578270e-07
9.971209000e-01 -3.934593480e-07 -1.290232190e-02 -3.522647520e-06 -9.386659280e-08 -1.283030860e-02 -3.667560990e-06 -2.995927550e-07 -7.201330270e-05 1.449134670e-07
9.975256000e-01 6.004397680e-06 -1.708116550e-02 -4.426088270e-06 6.303554360e-06 -1.700863870e-02 -4.571360270e-06 -2.991566790e-07 -7.252678790e-05 1.452720040e-07
9.979303000e-01 1.026042350e-05 -1.614437680e-02 -7.074729170e-06 1.055809530e-05 -1.607142190e-02 -7.219655300e-06 -2.976718310e-07 -7.295486050e-05 1.449261310e-07
9.983350000e-01 5.054276280e-07 -1.622938910e-02 1.338314120e-06 8.045987400e-07 -1.615658130e-02 1.192059040e-06 -2.991711120e-07 -7.280779290e-05 1.462550830e-07
9.987397000e-01 -1.075167030e-06 -1.486916920e-02 -3.208699490e-07 -7.739587790e-07 -1.479684770e-02 -4.685081500e-07 -3.012082500e-07 -7.232147310e-05 1.476382020e-07
9.991444000e-01 1.826860500e-05 -1.491358450e-02 -8.038075940e-06 1.856588930e-05 -1.484149150e-02 -8.184426920e-06 -2.972843240e-07 -7.209295860e-05 1.463509790e-07
9.995492000e-01 -2.739582330e-06 -1.304348700e-02 -2.818655200e-06 -2.439529150e-06 -1.297159830e-02 -2.966430110e-06 -3.000531810e-07 -7.188867920e-05 1.477749170e-07
9.999539000e-01 -5.626905910e-06 -1.302333090e-02 7.189189640e-06 -5.323005650e-06 -1.295161200e-02 7.038687320e-06 -3.039002640e-07 -7.171893790e-05 1.505023140e-07
1.000359000e+00 2.296122310e-05 -1.263627380e-02 -1.311572590e-05 2.325956750e-05 -1.256499730e-02 -1.326370100e-05 -2.983444230e-07 -7.127647860e-05 1.479750130e-07
1.000777000e+00 -2.659624320e-06 -1.125199400e-02 2.308715530e-06 -2.358019940e-06 -1.118163900e-02 2.158727820e-06 -3.016043780e-07 -7.035500080e-05 1.499877100e-07
1.001196000e+00 1.129405020e-05 -1.399823290e-02 -5.203337010e-06 1.159344320e-05 -1.392808710e-02 -5.352585220e-06 -2.993929560e-07 -7.014587800e-05 1.492482070e-07
1.001615000e+00 -7.347746570e-06 -1.843458330e-02 6.431235260e-06 -7.043633670e-06 -1.836372220e-02 6.279146770e-06 -3.041129010e-07 -7.086113600e-05 1.520884930e-07
1.002033000e+00 6.282468550e-06 -1.693392470e-02 -8.464492600e-07 6.586317500e-06 -1.686266010e-02 -9.988537120e-07 -3.038489530e-07 -7.126454100e-05 1.524044520e-07
1.002452000e+00 2.751327540e-06 -1.351973950e-02 -4.644768410e-06 3.056073000e-06 -1.344897280e-02 -4.797549700e-06 -3.047454580e-07 -7.076671180e-05 1.527812920e-07
1.002871000e+00 3.556030130e-06 -1.071137050e-02 -2.852049960e-06 3.861644530e-06 -1.064159480e-02 -3.005327970e-06 -3.056143980e-07 -6.977564750e-05 1.532780040e-07
1.003289000e+00 1.576334640e-07 -1.362601530e-02 -3.323758870e-06 4.651677380e-07 -1.355631920e-02 -3.477737080e-06 -3.075342740e-07 -6.969612360e-05 1.539782080e-07
1.003708000e+00 1.136914480e-06 -1.782623860e-02 3.855758270e-06 1.445953860e-06 -1.775575580e-02 3.700581310e-06 -3.090393790e-07 -7.048284780e-05 1.551769620e-07
1.004127000e+00 1.448277930e-05 -1.562413550e-02 -1.019663090e-05 1.478889560e-05 -1.555339410e-02 -1.035015920e-05 -3.061162650e-07 -7.074144640e-05 1.535282680e-07
1.004545000e+00 6.279106080e-06 -9.864831780e-03 -4.089294160e-06 6.585666140e-06 -9.794850180e-03 -4.242941040e-06 -3.065600540e-07 -6.998160080e-05 1.536468870e-07
1.004964000e+00 7.956469350e-06 -9.215635180e-03 -6.170952780e-06 8.262576270e-06 -9.146555740e-03 -6.324196820e-06 -3.061069230e-07 -6.907944540e-05 1.532440430e-07
1.005383000e+00 6.079237710e-06 -1.286497440e-02 -4.325731640e-06 6.385461980e-06 -1.279602120e-02 -4.478949740e-06 -3.062242730e-07 -6.895325080e-05 1.532181080e-07
1.005801000e+00 3.468786900e-06 -1.904891440e-02 -1.344935380e-06 3.775996950e-06 -1.897930670e-02 -1.498696320e-06 -3.072100460e-07 -6.960766540e-05 1.537609420e-07
1.006220000e+00 8.745488860e-06 -1.450679600e-02 -4.708953660e-06 9.051853660e-06 -1.443718520e-02 -4.862350440e-06 -3.063647940e-07 -6.961081010e-05 1.533967820e-07
1.006639000e+00 1.330758440e-06 -1.038985180e-02 -3.263241450e-06 1.638819160e-06 -1.032073820e-02 -3.417334100e-06 -3.080607170e-07 -6.911365370e-05 1.540926500e-07
1.007057000e+00 4.191849740e-06 -1.085957660e-02 -1.053010810e-05 4.500690050e-06 -1.079085000e-02 -1.068396670e-05 -3.088403080e-07 -6.872661670e-05 1.538585910e-07
1.007476000e+00 4.063387470e-06 -1.476907950e-02 -2.912168420e-06 4.372960000e-06 -1.470037770e-02 -3.066429130e-06 -3.095725260e-07 -6.870179330e-05 1.542607150e-07
1.007895000e+00 8.659214280e-07 -1.835567540e-02 -3.070363400e-06 1.177140900e-06 -1.828677390e-02 -3.225368440e-06 -3.112194690e-07 -6.890146060e-05 1.550050370e-07
1.008313000e+00 4.791948550e-06 -1.434687450e-02 -6.914400330e-06 5.103558630e-06 -1.427808430e-02 -7.069366550e-06 -3.116100820e-07 -6.879021210e-05 1.549662160e-07
1.008732000e+00 1.173719890e-05 -1.197986540e-02 -9.499143480e-06 1.204689940e-05 -1.191122490e-02 -9.652804380e-06 -3.097004900e-07 -6.864048800e-05 1.536608980e-07
1.009151000e+00 -7.934709730e-06 -1.394545630e-02 2.001936120e-06 -7.620374210e-06 -1.387680360e-02 1.845631490e-06 -3.143355190e-07 -6.865269960e-05 1.563046350e-07
1.009569000e+00 -9.377526090e-06 -1.837437930e-02 -7.261118730e-06 -9.058001640e-06 -1.830558160e-02 -7.419594930e-06 -3.195244440e-07 -6.879770430e-05 1.584762060e-07
1.009988000e+00 4.132044030e-06 -2.036969460e-02 5.899998970e-06 4.451634600e-06 -2.030070690e-02 5.740872740e-06 -3.195905730e-07 -6.898767620e-05 1.591262270e-07
1.010407000e+00 2.815022140e-07 -1.400945780e-02 1.221628000e-06 6.026397730e-07 -1.394069250e-02 1.061479200e-06 -3.211375590e-07 -6.876530900e-05 1.601487990e-07
1.010825000e+00 8.890856070e-06 -8.522113730e-03 -4.195602200e-06 9.211054970e-06 -8.453862990e-03 -4.355363220e-06 -3.201989090e-07 -6.825073350e-05 1.597610200e-07
1.011244000e+00 -1.077298510e-05 -1.027359900e-02 3.321055280e-06 -1.044796560e-05 -1.020565090e-02 3.158893550e-06 -3.250195330e-07 -6.794812400e-05 1.621617280e-07
1.011663000e+00 3.193729660e-06 -1.017294310e-02 2.804056390e-06 3.519179230e-06 -1.010548740e-02 2.641086160e-06 -3.254495660e-07 -6.745574150e-05 1.629702260e-07
1.012081000e+00 1.073992520e-05 -9.352949550e-03 -4.343246290e-06 1.106299740e-05 -9.286136460e-03 -4.505351940e-06 -3.230721530e-07 -6.681309430e-05 1.621056520e-07
1.012500000e+00 -7.690665430e-06 -1.504292590e-02 -2.690897930e-07 -7.363547460e-06 -1.497577110e-02 -4.330326220e-07 -3.271179640e-07 -6.715473410e-05 1.639428300e-07
1.012931000e+00 -2.608195890e-06 -1.805189340e-02 3.169646420e-08 -2.278605580e-06 -1.798388980e-02 -1.336188230e-07 -3.295903110e-07 -6.800363540e-05 1.653152880e-07
1.013362000e+00 3.664545550e-06 -1.431779890e-02 -2.391976440e-06 3.994626840e-06 -1.424973470e-02 -2.557573410e-06 -3.300812930e-07 -6.806417320e-05 1.655969730e-07
1.013793000e+00 1.266184330e-06 -6.301364920e-03 -1.979582830e-06 1.597641810e-06 -6.234511170e-03 -2.145907760e-06 -3.314574780e-07 -6.685375060e-05 1.663249260e-07
1.014223000e+00 2.310018430e-06 -1.021873040e-02 -1.329705490e-06 2.642391860e-06 -1.015256180e-02 -1.496680620e-06 -3.323734320e-07 -6.616860340e-05 1.669751270e-07
1.014654000e+00 2.988130990e-06 -1.686459510e-02 -2.501498860e-06 3.321158430e-06 -1.679840850e-02 -2.668905060e-06 -3.330274350e-07 -6.618660540e-05 1.674061970e-07
1.015085000e+00 2.470621990e-06 -1.480717680e-02 -3.076745920e-06 2.804342390e-06 -1.474121650e-02 -3.244573010e-06 -3.337204000e-07 -6.596038000e-05 1.678270910e-07
1.015521000e+00 3.129149520e-06 -1.473785990e-02 -2.810635600e-06 3.463326040e-06 -1.467172860e-02 -2.978847470e-06 -3.341765210e-07 -6.613127040e-05 1.682118740e-07
1.015952000e+00 3.532651000e-06 -1.809435940e-02 -4.373078440e-06 3.867117580e-06 -1.802736990e-02 -4.541515710e-06 -3.344665760e-07 -6.698949020e-05 1.684372650e-07
1.016382000e+00 -4.503287460e-06 -1.052557410e-02 1.062369550e-05 -4.165397600e-06 -1.045867080e-02 1.045226900e-05 -3.378898630e-07 -6.690323780e-05 1.714265360e-07
1.016813000e+00 1.174186470e-05 -6.108305780e-03 -1.978211780e-05 1.207724790e-05 -6.042452240e-03 -1.995108030e-05 -3.353831290e-07 -6.585353990e-05 1.689624750e-07
1.017249000e+00 1.169522770e-06 -8.002935650e-03 -2.615574950e-06 1.506146230e-06 -7.937739030e-03 -2.785225160e-06 -3.366234630e-07 -6.519661610e-05 1.696502140e-07
1.017685000e+00 1.377664990e-06 -1.550211340e-02 -6.757579650e-06 1.715901920e-06 -1.543681440e-02 -6.927945610e-06 -3.382369290e-07 -6.529900560e-05 1.703659600e-07
1.018121000e+00 2.476687760e-05 -1.758172550e-02 -1.579539780e-05 2.509763940e-05 -1.751625060e-02 -1.596168050e-05 -3.307617140e-07 -6.547487940e-05 1.662826660e-07
1.018557000e+00 8.768347660e-06 -1.239422390e-02 -1.585253450e-07 9.097753210e-06 -1.232883210e-02 -3.246974750e-07 -3.294055520e-07 -6.539186740e-05 1.661721300e-07
1.018993000e+00 5.548754390e-07 -9.593221830e-03 -4.589528050e-06 8.856049520e-07 -9.527968070e-03 -4.756332430e-06 -3.307295130e-07 -6.525375720e-05 1.668043740e-07
1.019429000e+00 8.615334800e-06 -1.176146290e-02 -7.105438170e-06 8.944840210e-06 -1.169626780e-02 -7.271639490e-06 -3.295054110e-07 -6.519515260e-05 1.662013190e-07
1.019865000e+00 5.771375970e-06 -1.108705180e-02 -4.406790360e-06 6.100510480e-06 -1.102229450e-02 -4.573014710e-06 -3.291345100e-07 -6.475730180e-05 1.662243470e-07
1.020301000e+00 6.706656440e-06 -1.084865520e-02 -5.360101080e-06 7.035114770e-06 -1.078427720e-02 -5.526181640e-06 -3.284583250e-07 -6.437802610e-05 1.660805630e-07
1.020743000e+00 1.254384810e-05 -1.643796580e-02 -6.733012870e-06 1.286955430e-05 -1.637309880e-02 -6.898054630e-06 -3.257061590e-07 -6.486702660e-05 1.650417600e-07
1.021185000e+00 7.873133770e-06 -1.858109320e-02 -5.748252850e-06 8.197648850e-06 -1.851552100e-02 -5.912946500e-06 -3.245150760e-07 -6.557226760e-05 1.646936450e-07
1.021621000e+00 6.288860770e-06 -1.078996720e-02 -5.857181400e-06 6.612831940e-06 -1.072493020e-02 -6.021709110e-06 -3.239711690e-07 -6.503700440e-05 1.645277140e-07
1.022057000e+00 7.271028920e-06 -4.710873950e-03 -7.704109910e-06 7.594148870e-06 -4.647020370e-03 -7.868214830e-06 -3.231199530e-07 -6.385358440e-05 1.641049180e-07
1.022499000e+00 -2.878777350e-07 -1.111280290e-02 -5.183607510e-06 3.681592020e-08 -1.104919680e-02 -5.348610130e-06 -3.246936550e-07 -6.360609370e-05 1.650026190e-07
1.022941000e+00 2.096961290e-06 -1.912014090e-02 -2.971935720e-06 2.422227890e-06 -1.905567340e-02 -3.137657110e-06 -3.252665990e-07 -6.446748220e-05 1.657213930e-07
1.023383000e+00 7.971250630e-06 -1.650013360e-02 -4.884402270e-06 8.294909320e-06 -1.643528490e-02 -5.049725410e-06 -3.236586890e-07 -6.484873360e-05 1.653231440e-07
1.023825000e+00 5.172058460e-06 -6.991132680e-03 -5.767941510e-06 5.495341090e-06 -6.927274790e-03 -5.933272430e-06 -3.232826240e-07 -6.385788830e-05 1.653309200e-07
1.024267000e+00 1.340296010e-05 -5.553602420e-03 -6.695696860e-06 1.372329150e-05 -5.490757430e-03 -6.859835120e-06 -3.203314170e-07 -6.284498920e-05 1.641382580e-07
1.024709000e+00 1.304113480e-05 -1.248172400e-02 -4.006766390e-06 1.335837360e-05 -1.241867270e-02 -4.169786900e-06 -3.172387770e-07 -6.305138340e-05 1.630205090e-07
1.025151000e+00 -4.508240590e-06 -1.751824090e-02 -1.109333450e-06 -4.188213540e-06 -1.745453190e-02 -1.274006600e-06 -3.200270470e-07 -6.370899020e-05 1.646731470e-07
1.025593000e+00 5.381655040e-06 -1.190015230e-02 -4.302377860e-06 5.701283810e-06 -1.183651240e-02 -4.467130490e-06 -3.196287630e-07 -6.363986120e-05 1.647526330e-07
1.026035000e+00 -4.016255290e-06 -9.954544100e-03 4.129405330e-07 -3.694316550e-06 -9.891131220e-03 2.464946690e-07 -3.219387410e-07 -6.341288430e-05 1.664458650e-07
1.026477000e+00 9.409677440e-07 -8.818973050e-03 4.820227660e-07 1.263758550e-06 -8.755857510e-03 3.145677020e-07 -3.227908030e-07 -6.311554230e-05 1.674550640e-07
1.026919000e+00 -1.664226490e-06 -6.976154450e-03 7.326423890e-07 -1.339611710e-06 -6.913776280e-03 5.636879580e-07 -3.246147760e-07 -6.237816580e-05 1.689544310e-07
1.027369000e+00 -7.257481970e-07 -6.879448930e-03 4.698684170e-07 -3.997187370e-07 -6.817738140e-03 2.996240810e-07 -3.260294600e-07 -6.171078770e-05 1.702443360e-07
1.027818000e+00 -4.967966850e-06 -1.202310720e-02 -1.362461420e-06 -4.639112960e-06 -1.196118850e-02 -1.534522980e-06 -3.288538870e-07 -6.191865470e-05 1.720615620e-07
1.028268000e+00 7.590205930e-07 -1.377320880e-02 -3.562031860e-06 1.088673800e-06 -1.371085830e-02 -3.734841110e-06 -3.296532050e-07 -6.235045770e-05 1.728092520e-07
1.028718000e+00 1.209965770e-07 -1.295294220e-02 -4.038014320e-06 4.515162120e-07 -1.289066850e-02 -4.211577490e-06 -3.305196350e-07 -6.227368510e-05 1.735631730e-07
1.029167000e+00 -1.429522750e-06 -1.268718020e-02 -4.511493670e-06 -1.097589060e-06 -1.262526280e-02 -4.686071050e-06 -3.319336940e-07 -6.191735350e-05 1.745773810e-07
1.029617000e+00 2.462331640e-06 -1.216633340e-02 -5.315723170e-06 2.794300950e-06 -1.210454210e-02 -5.490665670e-06 -3.319693020e-07 -6.179125500e-05 1.749425010e-07
1.030067000e+00 -6.814805650e-07 -1.028006460e-02 -2.866860640e-06 -3.481878110e-07 -1.021835700e-02 -3.043044830e-06 -3.332927540e-07 -6.170758380e-05 1.761841900e-07
1.030516000e+00 2.222841010e-06 -1.073538830e-02 -3.360449120e-06 2.556301530e-06 -1.067382370e-02 -3.537291200e-06 -3.334605180e-07 -6.156468380e-05 1.768420840e-07
1.030966000e+00 7.100381040e-07 -1.386722450e-02 -2.044502820e-06 1.043830920e-06 -1.380577060e-02 -2.222209840e-06 -3.337928200e-07 -6.145394480e-05 1.777070140e-07
1.031416000e+00 3.002064290e-06 -1.353508750e-02 -5.678157370e-06 3.335251460e-06 -1.347377320e-02 -5.856017440e-06 -3.331871690e-07 -6.131428260e-05 1.778600690e-07
1.031865000e+00 -6.754466490e-07 -1.120080040e-02 -4.110059860e-06 -3.415750050e-07 -1.113961740e-02 -4.288814860e-06 -3.338716440e-07 -6.118302600e-05 1.787549990e-07
1.032315000e+00 1.250774080e-06 -1.027077340e-02 -5.516303260e-06 1.584510590e-06 -1.020963910e-02 -5.695403080e-06 -3.337365060e-07 -6.113430340e-05 1.790998180e-07
1.032765000e+00 -8.773314640e-07 -1.175718680e-02 -6.208106290e-06 -5.432164410e-07 -1.169616540e-02 -6.387748650e-06 -3.341150230e-07 -6.102143520e-05 1.796423670e-07
1.033225000e+00 3.236347290e-06 -1.088331520e-02 -5.038959480e-06 3.569521590e-06 -1.082268360e-02 -5.218573510e-06 -3.331742980e-07 -6.063160360e-05 1.796140270e-07
1.033685000e+00 4.819431620e-06 -1.248641730e-02 -8.794115430e-06 5.150819340e-06 -1.242574730e-02 -8.973014510e-06 -3.313877270e-07 -6.067002490e-05 1.788990740e-07
1.034144000e+00 7.027674730e-06 -1.386003070e-02 -8.986330740e-06 7.356465610e-06 -1.379889370e-02 -9.164084830e-06 -3.287908860e-07 -6.113704610e-05 1.777540850e-07
1.034604000e+00 1.192014420e-07 -1.306819370e-02 -4.886815750e-06 4.477748970e-07 -1.300700230e-02 -5.064845120e-06 -3.285734550e-07 -6.119136760e-05 1.780293770e-07
1.035064000e+00 3.475859780e-06 -4.979694560e-03 -5.302786400e-06 3.803069000e-06 -4.919420270e-03 -5.480428330e-06 -3.272092230e-07 -6.027429130e-05 1.776419240e-07
1.035524000e+00 -3.519227190e-06 -7.594026340e-03 2.694621450e-06 -3.190767440e-06 -7.534336280e-03 2.515098130e-06 -3.284597450e-07 -5.969006200e-05 1.795233200e-07
1.035984000e+00 8.326295400e-06 -1.262246490e-02 -6.930787920e-06 8.651322740e-06 -1.256243780e-02 -7.109007200e-06 -3.250273410e-07 -6.002708420e-05 1.782192880e-07
1.036444000e+00 2.559079180e-06 -1.539411590e-02 -1.979135830e-06 2.883053660e-06 -1.533366000e-02 -2.157520510e-06 -3.239744780e-07 -6.045589010e-05 1.783846760e-07
1.036904000e+00 5.585972790e-06 -9.980489750e-03 -6.433521620e-06 5.907731890e-06 -9.920270160e-03 -6.611150880e-06 -3.217590950e-07 -6.021958190e-05 1.776292570e-07
1.037364000e+00 7.930223620e-06 -1.096529100e-02 -6.752910000e-06 8.248889550e-06 -1.090537150e-02 -6.929363470e-06 -3.186659350e-07 -5.991954350e-05 1.764534640e-07
1.037824000e+00 9.592800630e-06 -9.549096360e-03 -1.037242540e-05 9.907636980e-06 -9.489586140e-03 -1.054694740e-05 -3.148363470e-07 -5.951022440e-05 1.745220460e-07
1.038284000e+00 7.327791000e-06 -8.963840100e-03 -7.969334400e-06 7.639790580e-06 -8.904722910e-03 -8.142674870e-06 -3.119995780e-07 -5.911719610e-05 1.733404710e-07
1.038743000e+00 1.226717630e-05 -9.130526080e-03 -1.227176850e-05 1.257449630e-05 -9.071729700e-03 -1.244257440e-05 -3.073200350e-07 -5.879637140e-05 1.708058590e-07
1.039203000e+00 -5.297455670e-06 -5.516286640e-03 3.135446850e-07 -4.987958750e-06 -5.457933540e-03 1.406173940e-07 -3.094969200e-07 -5.835310300e-05 1.729272910e-07
1.039679000e+00 -3.643950110e-06 -8.465997350e-03 2.784624360e-06 -3.333177240e-06 -8.407790520e-03 2.609609890e-06 -3.107728670e-07 -5.820683430e-05 1.750144740e-07
1.040155000e+00 5.499587920e-06 -1.786019160e-02 -5.641371380e-06 5.808149520e-06 -1.780134420e-02 -5.815607230e-06 -3.085616030e-07 -5.884733520e-05 1.742358550e-07
1.040631000e+00 7.448880110e-06 -1.370866020e-02 -6.197043360e-06 7.754473030e-06 -1.364965020e-02 -6.370232440e-06 -3.055929230e-07 -5.901004770e-05 1.731890750e-07
1.041106000e+00 4.019954550e-06 -6.298987300e-03 -4.924925750e-06 4.323817350e-06 -6.240524540e-03 -5.097770250e-06 -3.038628060e-07 -5.846276400e-05 1.728445050e-07
1.041582000e+00 1.476785260e-06 -6.530700760e-03 -4.734147460e-06 1.779843930e-06 -6.472640950e-03 -4.907185690e-06 -3.030586750e-07 -5.805981610e-05 1.730382330e-07
1.042058000e+00 1.226540910e-06 -1.099250210e-02 -2.333961610e-06 1.528797280e-06 -1.093443260e-02 -2.507400010e-06 -3.022563660e-07 -5.806946800e-05 1.734383940e-07
1.042534000e+00 -8.771046360e-07 -1.103737710e-02 -1.039204270e-06 -5.749183960e-07 -1.097932780e-02 -1.213474950e-06 -3.021862400e-07 -5.804931370e-05 1.742706850e-07
1.043009000e+00 1.431979600e-06 -7.763867980e-03 -2.261213440e-06 1.733090990e-06 -7.706144020e-03 -2.435710520e-06 -3.011113810e-07 -5.772395690e-05 1.744970850e-07
1.043485000e+00 6.163032220e-07 -5.375196230e-03 -2.437079490e-06 9.167656910e-07 -5.317912370e-03 -2.612021970e-06 -3.004624690e-07 -5.728386400e-05 1.749424840e-07
1.043961000e+00 1.388027010e-06 -9.263963740e-03 -2.345591710e-06 1.687539060e-06 -9.206755210e-03 -2.520826650e-06 -2.995120480e-07 -5.720852980e-05 1.752349430e-07
1.044437000e+00 4.016244790e-06 -1.109919000e-02 -3.604922450e-06 4.313777230e-06 -1.104190770e-02 -3.779725050e-06 -2.975324450e-07 -5.728234260e-05 1.748026010e-07
1.044912000e+00 -1.108566690e-05 -1.021828360e-02 1.204362860e-06 -1.078444870e-05 -1.016114300e-02 1.026739490e-06 -3.012181930e-07 -5.714063770e-05 1.776233720e-07
1.045388000e+00 3.408043120e-06 -9.222696990e-03 -3.709581680e-08 3.707429610e-06 -9.165910120e-03 -2.147639430e-07 -2.993864990e-07 -5.678686930e-05 1.776681260e-07
1.045864000e+00 4.693948270e-06 -8.905488880e-03 -5.197353490e-06 4.991069230e-06 -8.848876600e-03 -5.374344050e-06 -2.971209590e-07 -5.661228350e-05 1.769905550e-07
1.046340000e+00 -2.564546180e-06 -6.997396810e-03 -2.292779330e-06 -2.267066000e-06 -6.940922940e-03 -2.470597870e-06 -2.974801800e-07 -5.647386670e-05 1.778185470e-07
1.046815000e+00 5.891874250e-06 -8.384553200e-03 -5.763046070e-06 6.186688390e-06 -8.328140560e-03 -5.939986430e-06 -2.948141380e-07 -5.641264550e-05 1.769403590e-07
1.047291000e+00 -5.065316700e-06 -1.578855350e-02 -1.143678290e-06 -4.769248130e-06 -1.573174860e-02 -1.322232320e-06 -2.960685700e-07 -5.680480650e-05 1.785540330e-07
1.047767000e+00 7.272885060e-06 -1.265220270e-02 -5.300889120e-06 7.565734920e-06 -1.259537630e-02 -5.478267320e-06 -2.928498560e-07 -5.682633670e-05 1.773781990e-07
1.048243000e+00 1.870448290e-06 -5.957442760e-03 -4.885457730e-06 2.162107820e-06 -5.901232930e-03 -5.062755280e-06 -2.916595280e-07 -5.620983150e-05 1.772975540e-07
1.048718000e+00 1.027334470e-05 -7.004975070e-03 -8.667481560e-06 1.056071870e-05 -6.949182720e-03 -8.842546600e-06 -2.873740590e-07 -5.579235120e-05 1.750650340e-07
1.049194000e+00 -1.051901990e-06 -6.104508440e-03 -2.576763030e-06 -7.643853890e-07 -6.049029310e-03 -2.752674150e-06 -2.875166050e-07 -5.547913340e-05 1.759111180e-07
1.049670000e+00 4.070969650e-06 -7.502457910e-03 -7.167351860e-06 4.356815790e-06 -7.447210960e-03 -7.342748080e-06 -2.858461340e-07 -5.524694150e-05 1.753962220e-07
1.050146000e+00 3.209132540e-06 -1.366703350e-02 -7.199501780e-06 3.493330010e-06 -1.361135510e-02 -7.374375580e-06 -2.841974670e-07 -5.567840830e-05 1.748738050e-07
1.050621000e+00 -6.928688530e-07 -1.483091280e-02 -2.399080590e-06 -4.088567960e-07 -1.477474530e-02 -2.574660450e-06 -2.840120570e-07 -5.616752840e-05 1.755798610e-07
1.051097000e+00 3.158663320e-06 -6.916770450e-03 -5.693262080e-06 3.441053430e-06 -6.861163140e-03 -5.868453900e-06 -2.823901140e-07 -5.560730510e-05 1.751918170e-07
1.051573000e+00 2.830948450e-06 -4.680010280e-03 -4.397249090e-06 3.111938400e-06 -4.625179660e-03 -4.572289020e-06 -2.809899560e-07 -5.483061980e-05 1.750399280e-07
1.052049000e+00 -6.105714930e-06 -7.706771600e-03 -2.455587380e-06 -5.823082030e-06 -7.652286510e-03 -2.632450170e-06 -2.826328940e-07 -5.448509280e-05 1.768627930e-07
1.052524000e+00 -3.195714690e-08 -5.540965550e-03 -1.135643600e-06 2.502247760e-07 -5.486966790e-03 -1.313172000e-06 -2.821819230e-07 -5.399876140e-05 1.775283980e-07
1.053000000e+00 2.397288610e-06 -1.119646410e-02 -5.494490710e-06 2.677901610e-06 -1.114226070e-02 -5.671733910e-06 -2.806129990e-07 -5.420332460e-05 1.772432050e-07
1.053500000e+00 9.156602990e-07 -1.429601840e-02 -1.503740350e-06 1.195235430e-06 -1.424106400e-02 -1.681464120e-06 -2.795751290e-07 -5.495433650e-05 1.777237680e-07
1.054000000e+00 1.528961710e-06 -9.477145350e-03 -3.972058750e-06 1.807276360e-06 -9.422273020e-03 -4.149898090e-06 -2.783146470e-07 -5.487233650e-05 1.778393370e-07
1.054500000e+00 4.882734310e-06 -4.096116100e-03 -3.264728580e-06 5.158885780e-06 -4.042066770e-03 -3.442023250e-06 -2.761514770e-07 -5.404932520e-05 1.772946690e-07
1.055006000e+00 -2.377095890e-06 -8.599704330e-03 -1.395401890e-06 -2.100495010e-06 -8.545664070e-03 -1.573664700e-06 -2.766008870e-07 -5.404025990e-05 1.782628100e-07
1.055513000e+00 1.243953930e-07 -1.344045890e-02 -7.168509880e-07 4.004271680e-07 -1.338563730e-02 -8.957007600e-07 -2.760317750e-07 -5.482152040e-05 1.788497720e-07
1.056019000e+00 1.083072230e-05 -9.512133550e-03 -8.454150310e-06 1.110176390e-05 -9.457505290e-03 -8.630330000e-06 -2.710416490e-07 -5.462826440e-05 1.761796910e-07
1.056526000e+00 -3.583860250e-06 -5.223178530e-03 1.066470240e-06 -3.311548460e-06 -5.169614810e-03 8.885960290e-07 -2.723117840e-07 -5.356371810e-05 1.778742150e-07
1.057040000e+00 -3.104485480e-06 -4.984936480e-03 1.674793310e-07 -2.831160930e-06 -4.931898830e-03 -1.182397900e-08 -2.733245480e-07 -5.303764830e-05 1.793033100e-07
1.057553000e+00 -2.434207310e-06 -3.881166740e-03 2.564547470e-06 -2.160081080e-06 -3.828487060e-03 2.383760630e-06 -2.741262340e-07 -5.267968230e-05 1.807868380e-07
1.058074000e+00 -2.288846970e-06 -8.690626180e-03 3.776927630e-06 -2.014108690e-06 -8.637879960e-03 3.594670390e-06 -2.747382840e-07 -5.274621860e-05 1.822572360e-07
1.058595000e+00 3.701325890e-06 -1.499673840e-02 -3.547758360e-06 3.974241830e-06 -1.494336340e-02 -3.729445690e-06 -2.729159390e-07 -5.337499560e-05 1.816873270e-07
1.059116000e+00 1.898900350e-06 -8.289427860e-03 -2.479460660e-06 2.170841150e-06 -8.236220790e-03 -2.661156930e-06 -2.719408020e-07 -5.320706890e-05 1.816962710e-07
1.059637000e+00 4.115288810e-07 -3.447897830e-03 -1.048814750e-06 6.832215480e-07 -3.395200440e-03 -1.231052270e-06 -2.716926680e-07 -5.269738990e-05 1.822375200e-07
1.060158000e+00 3.003452290e-06 -6.121001620e-03 -3.156124990e-06 3.273755020e-06 -6.068660350e-03 -3.337936120e-06 -2.703027260e-07 -5.234126560e-05 1.818111350e-07
1.060679000e+00 2.954397420e-06 -8.105922420e-03 -3.426236760e-06 3.223258600e-06 -8.054015470e-03 -3.607559560e-06 -2.688611760e-07 -5.190694890e-05 1.813228010e-07
1.061208000e+00 2.856169730e-06 -7.991130980e-03 -2.947082780e-06 3.123538320e-06 -7.939309150e-03 -3.128023630e-06 -2.673685870e-07 -5.182182270e-05 1.809408490e-07
1.061738000e+00 1.013512620e-05 -6.894996390e-03 -5.991875480e-06 1.039801610e-05 -6.843096280e-03 -6.170467320e-06 -2.628899520e-07 -5.190010910e-05 1.785918370e-07
1.062267000e+00 4.759079570e-06 -7.292066040e-03 -7.326506390e-06 5.018913770e-06 -7.240289320e-03 -7.503215950e-06 -2.598342010e-07 -5.177672080e-05 1.767095600e-07
1.062796000e+00 -3.165956610e-06 -9.021361000e-03 7.798726700e-07 -2.905276350e-06 -8.969667360e-03 6.018768980e-07 -2.606802630e-07 -5.169364520e-05 1.779957720e-07
1.063326000e+00 -2.830896390e-07 -7.701783600e-03 -1.661660860e-06 -2.295922190e-08 -7.650380910e-03 -1.839900780e-06 -2.601304180e-07 -5.140269330e-05 1.782399230e-07
1.063865000e+00 1.668159970e-06 -5.944726880e-03 -2.724765360e-06 1.926840130e-06 -5.893720480e-03 -2.902634250e-06 -2.586801590e-07 -5.100639390e-05 1.778688900e-07
1.064403000e+00 7.372101870e-06 -4.986464170e-03 -8.780409350e-06 7.626762500e-06 -4.935663240e-03 -8.955791500e-06 -2.546606310e-07 -5.080093080e-05 1.753821460e-07
1.064942000e+00 -1.336661120e-06 -4.379024250e-03 4.885933930e-06 -1.081974370e-06 -4.328423960e-03 4.709330390e-06 -2.546867560e-07 -5.060029150e-05 1.766035410e-07
1.065481000e+00 3.668547440e-06 -8.668896230e-03 -7.671561370e-06 3.920946400e-06 -8.618609780e-03 -7.846785600e-06 -2.523989630e-07 -5.028645390e-05 1.752242230e-07
1.066030000e+00 6.954583910e-07 -7.704003540e-03 -3.434306840e-07 9.470914460e-07 -7.654041760e-03 -5.189726420e-07 -2.516330550e-07 -4.996178060e-05 1.755419580e-07
1.066580000e+00 2.248472900e-06 -3.728641600e-03 -1.418207980e-06 2.498485950e-06 -3.678902760e-03 -1.593426670e-06 -2.500130550e-07 -4.973883970e-05 1.752186940e-07
1.067129000e+00 3.536280510e-06 -5.467289300e-03 -5.691902960e-06 3.784114750e-06 -5.417743310e-03 -5.865861380e-06 -2.478342410e-07 -4.954598410e-05 1.739584250e-07
1.067679000e+00 -5.525464340e-06 -6.433177950e-03 -1.212509110e-06 -5.275938470e-06 -6.383987390e-03 -1.387913870e-06 -2.495258720e-07 -4.919056260e-05 1.754047650e-07
1.068240000e+00 9.491335840e-06 -5.903161160e-03 -6.881683780e-06 9.736120620e-06 -5.854217460e-03 -7.054361110e-06 -2.447847780e-07 -4.894369250e-05 1.726773360e-07
1.068801000e+00 3.019875740e-06 -7.188545410e-03 -2.949023880e-06 3.262985020e-06 -7.139654630e-03 -3.121199170e-06 -2.431092800e-07 -4.889077300e-05 1.721752880e-07
1.069363000e+00 1.362921260e-06 -6.264844630e-03 -3.557493290e-06 1.605103070e-06 -6.216280040e-03 -3.729603360e-06 -2.421818130e-07 -4.856458840e-05 1.721100720e-07
1.069924000e+00 8.750652750e-07 -5.300646250e-03 -6.334356060e-07 1.116799310e-06 -5.252530530e-03 -8.060918950e-07 -2.417340310e-07 -4.811572180e-05 1.726562890e-07
1.070485000e+00 1.650795670e-07 -7.895251800e-03 -5.585481990e-08 4.067165130e-07 -7.846872170e-03 -2.292942800e-07 -2.416369460e-07 -4.837962950e-05 1.734394600e-07
1.071047000e+00 9.054264100e-07 -7.854787350e-03 -3.503537750e-06 1.146592920e-06 -7.806175100e-03 -3.677102630e-06 -2.411665110e-07 -4.861224610e-05 1.735648720e-07
1.071608000e+00 -2.094977090e-07 -5.024030860e-03 -2.625722120e-06 3.149240100e-08 -4.976321500e-03 -2.799534840e-06 -2.409901100e-07 -4.770936020e-05 1.738127200e-07
1.072184000e+00 4.500019960e-06 -5.804825620e-03 -5.577180150e-06 4.738748740e-06 -5.757612690e-03 -5.749715760e-06 -2.387287790e-07 -4.721293490e-05 1.725356090e-07
1.072760000e+00 8.778136360e-06 -8.534009110e-03 -1.804458970e-05 9.011991940e-06 -8.486246540e-03 -1.821283830e-05 -2.338555870e-07 -4.776256880e-05 1.682486100e-07
1.073336000e+00 -1.576458380e-06 -5.491975510e-03 5.713998680e-06 -1.341486960e-06 -5.444577600e-03 5.543402630e-06 -2.349714200e-07 -4.739790750e-05 1.705960440e-07
1.073912000e+00 2.147111380e-06 -2.189173110e-04 -4.072802960e-06 2.381285180e-06 -1.726265230e-04 -4.243480390e-06 -2.341738040e-07 -4.629078840e-05 1.706774290e-07
1.074506000e+00 1.524923550e-07 -8.969299310e-03 -1.572660950e-06 3.865875280e-07 -8.922750680e-03 -1.744159970e-06 -2.340951720e-07 -4.654863410e-05 1.714990110e-07
1.075099000e+00 -5.233935860e-06 -1.018161940e-02 5.412166680e-06 -4.997149960e-06 -1.013472300e-02 5.237039100e-06 -2.367859050e-07 -4.689643860e-05 1.751275800e-07
1.075693000e+00 6.426795300e-06 -5.661996680e-03 -1.048156980e-05 6.660126400e-06 -5.615582230e-03 -1.065411680e-05 -2.333311080e-07 -4.641445460e-05 1.725470070e-07
1.076287000e+00 5.107593930e-07 -4.073551750e-03 -3.531594610e-06 7.437983750e-07 -4.027651260e-03 -3.704510570e-06 -2.330389820e-07 -4.590048150e-05 1.729159610e-07
1.076880000e+00 -9.320005530e-07 -1.341704710e-03 -1.655824660e-06 -6.985531150e-07 -1.296543880e-03 -1.829697080e-06 -2.334474370e-07 -4.516082850e-05 1.738724220e-07
1.077474000e+00 5.481177090e-06 -5.622683250e-03 -7.733574120e-06 5.711762310e-06 -5.577643320e-03 -7.905720410e-06 -2.305852190e-07 -4.503993590e-05 1.721462880e-07
1.078067000e+00 1.780775580e-06 -8.478959670e-03 -3.257540460e-06 2.010306430e-06 -8.433809980e-03 -3.429684420e-06 -2.295308540e-07 -4.514969490e-05 1.721439600e-07
1.078661000e+00 1.248566010e-06 -3.387491510e-03 -1.108429750e-06 1.477379510e-06 -3.342630930e-03 -1.281150120e-06 -2.288135030e-07 -4.486058240e-05 1.727203630e-07
1.079279000e+00 2.748333550e-06 -4.113018500e-03 -4.147107370e-06 2.975629430e-06 -4.068391120e-03 -4.319391710e-06 -2.272958740e-07 -4.462738010e-05 1.722843420e-07
1.079897000e+00 5.738849710e-06 -7.001568920e-03 -5.635103480e-06 5.963200310e-06 -6.957416010e-03 -5.805990860e-06 -2.243506000e-07 -4.415291020e-05 1.708873820e-07
1.080516000e+00 3.075328780e-06 -4.421624110e-03 -7.523814420e-06 3.297595420e-06 -4.377804380e-03 -7.693694540e-06 -2.222666370e-07 -4.381972080e-05 1.698801180e-07
1.081134000e+00 2.254623490e-06 -1.830275090e-03 -1.912945640e-06 2.475355240e-06 -1.786713210e-03 -2.082608490e-06 -2.207317440e-07 -4.356187820e-05 1.696628490e-07
1.081752000e+00 1.762559980e-06 -6.407605980e-03 -3.151317950e-06 1.981774530e-06 -6.364475370e-03 -3.320572680e-06 -2.192145550e-07 -4.313060910e-05 1.692547350e-07
1.082371000e+00 -1.112656340e-06 -6.915492910e-03 -4.782087740e-06 -8.940144540e-07 -6.872610130e-03 -4.951296030e-06 -2.186418850e-07 -4.288278490e-05 1.692082880e-07
1.082989000e+00 7.415603360e-06 -6.166109820e-03 -6.810904770e-06 7.629810530e-06 -6.122840360e-03 -6.977354710e-06 -2.142071620e-07 -4.326945920e-05 1.664499370e-07
1.083607000e+00 -1.011705970e-06 -2.241904070e-03 -4.967949890e-06 -7.982631220e-07 -2.199345980e-03 -5.133978670e-06 -2.134428470e-07 -4.255809790e-05 1.660287830e-07
1.084226000e+00 2.891705990e-06 -5.709870690e-04 -5.348212850e-06 3.102563420e-06 -5.293492020e-04 -5.512533590e-06 -2.108574390e-07 -4.163786780e-05 1.643207470e-07
1.084888000e+00 -1.348607290e-06 -6.785535200e-03 2.787325710e-07 -1.138256300e-06 -6.744021090e-03 1.138844450e-07 -2.103509950e-07 -4.151411680e-05 1.648481260e-07
1.085550000e+00 -4.924548690e-07 -5.306434480e-03 -7.524523440e-07 -2.829565250e-07 -5.265097600e-03 -9.173684980e-07 -2.094983430e-07 -4.133687200e-05 1.649161540e-07
1.086213000e+00 3.072360560e-06 -3.577871440e-03 -5.664313110e-06 3.279028520e-06 -3.536604590e-03 -5.827235040e-06 -2.066679510e-07 -4.126685620e-05 1.629219230e-07
1.086875000e+00 2.884052870e-06 -3.361390670e-03 -4.807768470e-06 3.087868910e-06 -3.320457380e-03 -4.968722100e-06 -2.038160470e-07 -4.093329640e-05 1.609536340e-07
1.087538000e+00 3.805934310e-07 -2.610747810e-03 -2.966720780e-06 5.829029390e-07 -2.570266510e-03 -3.126813750e-06 -2.023095080e-07 -4.048130170e-05 1.600929680e-07
1.088200000e+00 1.793978270e-06 -1.861603560e-03 -2.969652820e-06 1.994229060e-06 -1.821726630e-03 -3.128562420e-06 -2.002507870e-07 -3.987692610e-05 1.589095930e-07
1.088863000e+00 9.065846170e-07 -3.323838260e-03 -2.818702200e-06 1.105304960e-06 -3.284274070e-03 -2.976699080e-06 -1.987203440e-07 -3.956418870e-05 1.579968740e-07
1.089525000e+00 1.612897130e-06 -3.517178410e-03 -3.174016450e-06 1.809864640e-06 -3.477957430e-03 -3.330859140e-06 -1.969675030e-07 -3.922097370e-05 1.568426950e-07
1.090188000e+00 5.760186220e-07 -1.371833000e-03 -1.914337960e-06 7.718576940e-07 -1.333204640e-03 -2.070524650e-06 -1.958390720e-07 -3.862836000e-05 1.561866850e-07
1.090850000e+00 7.925056800e-07 -4.215015350e-03 -3.895493230e-06 9.871297620e-07 -4.176633080e-03 -4.050715820e-06 -1.946240810e-07 -3.838226690e-05 1.552225910e-07
1.091513000e+00 2.858840070e-06 -3.491631810e-03 -4.084193250e-06 3.051368170e-06 -3.453445270e-03 -4.237796840e-06 -1.925281090e-07 -3.818654020e-05 1.536035880e-07
1.092175000e+00 3.423949580e-06 -1.651363680e-03 -5.476459920e-06 3.614222390e-06 -1.613244820e-03 -5.628032150e-06 -1.902728120e-07 -3.811885500e-05 1.515722230e-07
1.092838000e+00 5.407912420e-06 -4.788068560e-03 -5.489529490e-06 5.594778390e-06 -4.750184660e-03 -5.638312810e-06 -1.868659780e-07 -3.788390020e-05 1.487833180e-07
1.093500000e+00 3.247866400e-06 -4.057461090e-03 -5.417600130e-06 3.432455860e-06 -4.020034570e-03 -5.564230070e-06 -1.845894640e-07 -3.742651980e-05 1.466299440e-07
1.094223000e+00 7.316159860e-07 2.222770400e-03 -3.457871220e-06 9.153072500e-07 2.258972320e-03 -3.603378300e-06 -1.836912640e-07 -3.620191500e-05 1.455070790e-07
1.094946000e+00 2.796024980e-06 -4.736874830e-03 -1.765226410e-06 2.977887060e-06 -4.700547580e-03 -1.909361830e-06 -1.818620830e-07 -3.632725600e-05 1.441354220e-07
1.095670000e+00 -9.759633410e-07 -4.401914400e-03 -3.516387990e-06 -7.940752070e-07 -4.365673800e-03 -3.660273800e-06 -1.818881350e-07 -3.624059690e-05 1.438858020e-07
1.096393000e+00 6.526479070e-07 -2.206454200e-04 -3.893515910e-06 8.336734890e-07 -1.851645830e-04 -4.036262620e-06 -1.810255820e-07 -3.548083690e-05 1.427467070e-07
1.097116000e+00 3.816244940e-06 -2.549152240e-03 -4.559689110e-06 3.994793050e-06 -2.514012620e-03 -4.700320040e-06 -1.785481130e-07 -3.513962830e-05 1.406309340e-07
1.097839000e+00 -1.447284330e-06 -2.366272120e-03 -1.292301350e-06 -1.267965150e-06 -2.331295530e-03 -1.433688340e-06 -1.793191880e-07 -3.497659240e-05 1.413869870e-07
1.098563000e+00 1.837983590e-06 -2.558892070e-03 -4.121327200e-06 2.016191270e-06 -2.523981680e-03 -4.261866630e-06 -1.782076800e-07 -3.491039510e-05 1.405394230e-07
1.099286000e+00 -2.369045710e-06 -4.864925570e-03 8.207883990e-06 -2.188579370e-06 -4.830325380e-03 8.063861030e-06 -1.804663430e-07 -3.460019290e-05 1.440229530e-07
1.100009000e+00 5.925074360e-06 1.510408130e-04 -2.086297250e-05 6.100727050e-06 1.845958610e-04 -2.100118470e-05 -1.756526810e-07 -3.355504820e-05 1.382121780e-07
1.100732000e+00 2.349320470e-06 -6.213133720e-04 -1.024156450e-06 2.524236320e-06 -5.883560030e-04 -1.162239410e-06 -1.749158530e-07 -3.295736900e-05 1.380829600e-07
1.101440000e+00 1.138436430e-06 -5.255510720e-03 -2.516638330e-06 1.312948400e-06 -5.222276840e-03 -2.654789290e-06 -1.745119710e-07 -3.323388560e-05 1.381509660e-07
1.102148000e+00 1.705379480e-06 -6.049209420e-04 -4.202521460e-06 1.879228810e-06 -5.723298260e-04 -4.340187380e-06 -1.738493250e-07 -3.259111640e-05 1.376659200e-07
1.102856000e+00 1.789417330e-06 -1.181826760e-03 -4.073738490e-06 1.962542380e-06 -1.149703080e-03 -4.210904690e-06 -1.731250480e-07 -3.212368220e-05 1.371661940e-07
1.103563000e+00 2.223031910e-06 -1.973327650e-03 -3.873313740e-06 2.395436370e-06 -1.941523810e-03 -4.010025160e-06 -1.724044650e-07 -3.180383880e-05 1.367114280e-07
1.104271000e+00 1.126058080e-06 -4.893422350e-03 -1.633568880e-06 1.298616490e-06 -4.861575220e-03 -1.770815930e-06 -1.725584050e-07 -3.184713430e-05 1.372470520e-07
1.104979000e+00 7.377672010e-07 1.728715170e-03 -2.820122740e-06 9.105651480e-07 1.759695500e-03 -2.957904990e-06 -1.727979470e-07 -3.098032740e-05 1.377822590e-07
1.105687000e+00 1.114542290e-06 1.566377530e-03 -3.050086310e-06 1.287533350e-06 1.596664160e-03 -3.188178330e-06 -1.729910620e-07 -3.028663580e-05 1.380920260e-07
1.106395000e+00 6.862397650e-07 -4.572677960e-03 -1.003375530e-06 8.601140690e-07 -4.541784560e-03 -1.142768060e-06 -1.738743040e-07 -3.089340510e-05 1.393925280e-07
1.107103000e+00 1.545819990e-06 -3.253044010e-03 -3.220480060e-06 1.719807610e-06 -3.222513230e-03 -3.360149560e-06 -1.739876190e-07 -3.053078400e-05 1.396695040e-07
1.107810000e+00 2.319913170e-06 2.717696640e-04 -3.568553370e-06 2.493806390e-06 3.012968830e-04 -3.708324020e-06 -1.738932260e-07 -2.952721890e-05 1.397706480e-07
1.108518000e+00 8.996445700e-07 5.077157630e-03 -2.494982630e-06 1.074281140e-06 5.104912190e-03 -2.635471120e-06 -1.746365730e-07 -2.775456210e-05 1.404884960e-07
1.109226000e+00 2.198181760e-07 -4.591534460e-03 -3.783034880e-06 3.957500470e-07 -4.563012050e-03 -3.924319800e-06 -1.759318720e-07 -2.852241470e-05 1.412849120e-07
1.109934000e+00 2.355750830e-06 -1.529224620e-03 -4.668161790e-06 2.532295630e-06 -1.500872710e-03 -4.809580730e-06 -1.765448030e-07 -2.835191620e-05 1.414189440e-07
1.110642000e+00 -3.454675050e-07 1.098229470e-03 -3.233592480e-06 -1.669022070e-07 1.125804490e-03 -3.376292290e-06 -1.785652980e-07 -2.757502800e-05 1.426998130e-07
1.111350000e+00 1.684310980e-06 3.737986690e-04 -3.090341270e-06 1.864192950e-06 4.008998570e-04 -3.233910330e-06 -1.798819710e-07 -2.710118830e-05 1.435690590e-07
1.112036000e+00 3.945627010e-06 -1.075477120e-03 -5.338119470e-06 4.125783100e-06 -1.048686300e-03 -5.481559500e-06 -1.801560840e-07 -2.679082160e-05 1.434400350e-07
1.112722000e+00 8.723804510e-07 -1.678358500e-03 -2.570460480e-06 1.054406200e-06 -1.651828660e-03 -2.715454490e-06 -1.820257450e-07 -2.652983840e-05 1.449940080e-07
1.113409000e+00 9.151662530e-07 9.417460630e-04 -4.040746590e-06 1.099140130e-06 9.677973950e-04 -4.187017430e-06 -1.839738790e-07 -2.605133170e-05 1.462708350e-07
1.114095000e+00 4.088819990e-06 2.481531370e-03 -6.772640870e-06 4.273049730e-06 2.506474970e-03 -6.918590260e-06 -1.842297410e-07 -2.494360300e-05 1.459493910e-07
1.114781000e+00 -1.872621290e-07 1.906340130e-03 -2.648056710e-06 -8.912783920e-11 1.930383970e-03 -2.796443760e-06 -1.871730010e-07 -2.404383650e-05 1.483870500e-07
1.115468000e+00 1.614962940e-06 -3.729064900e-04 -4.686470430e-06 1.804154120e-06 -3.485967540e-04 -4.836437090e-06 -1.891911860e-07 -2.430973600e-05 1.499666630e-07
1.116130000e+00 1.887375920e-06 -3.643032040e-04 -4.326561180e-06 2.078403080e-06 -3.406253730e-04 -4.478226420e-06 -1.910271580e-07 -2.367783140e-05 1.516652370e-07
1.116792000e+00 -2.701812940e-06 5.497702430e-04 -3.597776130e-07 -2.506406120e-06 5.728328630e-04 -5.160116260e-07 -1.954068240e-07 -2.306261990e-05 1.562340130e-07
1.117453000e+00 5.279302420e-06 5.259775380e-04 -7.809866960e-06 5.474901580e-06 5.491568470e-04 -7.966286470e-06 -1.955991640e-07 -2.317930940e-05 1.564195050e-07
1.118115000e+00 6.641616330e-07 6.487733150e-04 -3.262033560e-06 8.625316890e-07 6.712515780e-04 -3.421540100e-06 -1.983700560e-07 -2.247826280e-05 1.595065370e-07
1.118777000e+00 4.835435580e-07 5.348722740e-04 -2.722564720e-06 6.849291250e-07 5.566353270e-04 -2.885658430e-06 -2.013855660e-07 -2.176305230e-05 1.630937150e-07
1.119439000e+00 1.169520470e-06 -2.690794400e-06 -3.241496660e-06 1.373817220e-06 1.923455680e-05 -3.408084160e-06 -2.042967510e-07 -2.192535120e-05 1.665874950e-07
1.120101000e+00 1.301318320e-06 2.954587750e-03 -4.248691320e-06 1.508310150e-06 2.975553180e-03 -4.418518210e-06 -2.069918340e-07 -2.096542780e-05 1.698268880e-07
1.120733000e+00 1.098888460e-06 3.897815840e-03 -3.109604460e-06 1.308679550e-06 3.917630940e-03 -3.282943730e-06 -2.097910940e-07 -1.981510170e-05 1.733392720e-07
1.121364000e+00 -1.533678890e-06 -1.711315240e-03 -3.673595530e-06 -1.319906910e-06 -1.691391020e-03 -3.851246110e-06 -2.137719880e-07 -1.992421410e-05 1.776505760e-07
1.121996000e+00 3.033096090e-06 1.798152850e-04 -6.124652940e-06 3.248886210e-06 1.993228800e-04 -6.305012590e-06 -2.157901210e-07 -1.950759580e-05 1.803596500e-07
1.122628000e+00 3.135585150e-06 2.872564620e-03 -6.587160030e-06 3.353269140e-06 2.891334020e-03 -6.770049350e-06 -2.176839860e-07 -1.876940210e-05 1.828893220e-07
1.123260000e+00 2.446530130e-07 1.933943590e-03 -3.692788450e-06 4.656773310e-07 1.952185980e-03 -3.879774540e-06 -2.210243180e-07 -1.824239090e-05 1.869860820e-07
1.123892000e+00 -6.334511500e-07 8.587618870e-04 -8.670212920e-07 -4.084073680e-07 8.766071960e-04 -1.059068230e-06 -2.250437820e-07 -1.784530820e-05 1.920469350e-07
1.124523000e+00 5.152787390e-06 -7.019733670e-04 -7.168241180e-06 5.378816250e-06 -6.843096970e-04 -7.362251790e-06 -2.260288560e-07 -1.766367030e-05 1.940106150e-07
1.125155000e+00 8.691269100e-07 2.119605530e-03 -2.055313740e-06 1.098746330e-06 2.136734700e-03 -2.253952000e-06 -2.296194240e-07 -1.712917320e-05 1.986382680e-07
1.125787000e+00 -1.315974160e-06 2.852842790e-03 -2.398572680e-06 -1.081930960e-06 2.869355570e-03 -2.602453930e-06 -2.340431960e-07 -1.651278180e-05 2.038812500e-07
1.126419000e+00 2.216632480e-07 3.875650790e-03 -4.085753800e-06 4.591597510e-07 3.891386890e-03 -4.293817420e-06 -2.374965030e-07 -1.573610010e-05 2.080636180e-07
1.127050000e+00 -8.421379660e-07 1.334711960e-03 -2.491863880e-06 -6.007261650e-07 1.350083160e-03 -2.704554660e-06 -2.414118010e-07 -1.537120110e-05 2.126907780e-07
1.127682000e+00 -1.388758680e-06 -9.574109190e-04 -4.020958830e-06 -1.143446170e-06 -9.420711750e-04 -4.237973410e-06 -2.453125110e-07 -1.533974410e-05 2.170145800e-07
1.128314000e+00 4.619332710e-06 8.436947450e-04 -5.182679880e-06 4.865792570e-06 8.582599890e-04 -5.401773180e-06 -2.464598600e-07 -1.456524380e-05 2.190932960e-07
1.128946000e+00 1.046740160e-06 2.617192390e-03 -4.183159730e-06 1.295966090e-06 2.630983730e-03 -4.405768660e-06 -2.492259290e-07 -1.379134250e-05 2.226089300e-07
1.129578000e+00 7.781813670e-07 6.358003430e-03 -4.581116250e-06 1.030261980e-06 6.371238170e-03 -4.807195820e-06 -2.520806130e-07 -1.323474230e-05 2.260795710e-07
1.130209000e+00 -1.342461820e-07 2.465626970e-04 -3.169924280e-06 1.209528230e-07 2.594478360e-04 -3.400017470e-06 -2.551990060e-07 -1.288513930e-05 2.300931880e-07
1.130841000e+00 1.659179980e-06 -1.148140570e-03 -5.079544660e-06 1.916662520e-06 -1.135643460e-03 -5.312839450e-06 -2.574825450e-07 -1.249710860e-05 2.332947900e-07
1.131473000e+00 6.454814480e-07 6.395848350e-03 -3.618283170e-06 9.060230660e-07 6.407711900e-03 -3.855458840e-06 -2.605416180e-07 -1.186354870e-05 2.371756720e-07
1.132105000e+00 -2.616376370e-06 3.726693800e-03 -6.393399030e-07 -2.351538190e-06 3.737921670e-03 -8.817322690e-07 -2.648381790e-07 -1.122787240e-05 2.423923660e-07
1.132736000e+00 3.966049110e-07 2.153082310e-03 -3.948018570e-06 6.642357360e-07 2.163482560e-03 -4.193991010e-06 -2.676308260e-07 -1.040024930e-05 2.459724360e-07
1.133368000e+00 1.426378030e-07 6.202273600e-04 -3.968937040e-06 4.131018130e-07 6.304406590e-04 -4.218477910e-06 -2.704640090e-07 -1.021329920e-05 2.495408650e-07
1.134000000e+00 -1.872519070e-07 1.696959730e-03 -4.225553500e-06 8.598126600e-08 1.706810650e-03 -4.478548610e-06 -2.732331730e-07 -9.850927390e-06 2.529951050e-07
1.134596000e+00 -3.754744220e-07 4.928046400e-03 -3.726070090e-06 -9.963370350e-08 4.937058270e-03 -3.982458040e-06 -2.758407180e-07 -9.011869950e-06 2.563879520e-07
1.135191000e+00 -3.896567900e-07 4.198334270e-03 -4.103710250e-06 -1.113956160e-07 4.206753940e-03 -4.363188180e-06 -2.782611740e-07 -8.419661640e-06 2.594779300e-07
1.135787000e+00 -4.430886600e-07 3.956624870e-03 -3.503896720e-06 -1.624704610e-07 3.964476530e-03 -3.766440080e-06 -2.806182000e-07 -7.851657750e-06 2.625433640e-07
1.136382000e+00 1.432768620e-06 1.583552620e-03 -7.712181890e-06 1.714535830e-06 1.591151760e-03 -7.976152950e-06 -2.817672190e-07 -7.599148540e-06 2.639710540e-07
1.136978000e+00 3.544835970e-07 1.505082190e-03 -2.777988920e-06 6.382230410e-07 1.512383300e-03 -3.044674020e-06 -2.837394440e-07 -7.301109600e-06 2.666850920e-07
1.137574000e+00 -6.344356830e-06 7.580389050e-05 1.379761970e-06 -6.056109890e-06 8.300785650e-05 1.107775220e-06 -2.882469440e-07 -7.203965920e-06 2.719867500e-07
1.138169000e+00 1.423407450e-06 4.749253810e-03 -1.965144870e-06 1.712804030e-06 4.755675230e-03 -2.239399510e-06 -2.893965780e-07 -6.421420980e-06 2.742546420e-07
1.138765000e+00 -8.954150510e-07 9.435359630e-03 -2.713196910e-06 -6.041264650e-07 9.440524220e-03 -2.990127910e-06 -2.912885850e-07 -5.164589000e-06 2.769310060e-07
1.139351000e+00 -3.625796100e-06 -4.198913600e-04 2.321800690e-06 -3.331628780e-06 -4.149493650e-04 2.040628820e-06 -2.941673280e-07 -4.941994180e-06 2.811718690e-07
1.139936000e+00 -3.447471080e-07 -1.480340040e-03 -3.465160180e-06 -4.938755960e-08 -1.475583570e-03 -3.748457010e-06 -2.953595480e-07 -4.756473100e-06 2.832968310e-07
1.140532000e+00 4.823456350e-06 3.636421810e-03 -2.433917120e-05 5.116063090e-06 3.640984440e-03 -2.461802900e-05 -2.926067490e-07 -4.562627540e-06 2.788578410e-07
1.141128000e+00 -6.355237180e-06 4.610638400e-03 1.519914460e-05 -6.057597270e-06 4.614621510e-03 1.491217080e-05 -2.976399050e-07 -3.983109390e-06 2.869737700e-07
1.141714000e+00 -1.613393430e-06 6.661714810e-03 -3.524426190e-06 -1.314635050e-06 6.664454970e-03 -3.813121180e-06 -2.987583870e-07 -2.740165490e-06 2.886949890e-07
1.142299000e+00 -1.885788300e-06 3.384535640e-03 -1.263197740e-06 -1.585648620e-06 3.386868960e-03 -1.554060390e-06 -3.001396810e-07 -2.333317560e-06 2.908626460e-07
1.142885000e+00 -1.708986630e-06 2.094839880e-03 -1.770445680e-06 -1.407723800e-06 2.096979340e-03 -2.063011570e-06 -3.012628360e-07 -2.139456430e-06 2.925658890e-07
1.143470000e+00 -1.178351550e-06 5.589113930e-03 -2.475707560e-06 -8.763602200e-07 5.590587370e-03 -2.769374280e-06 -3.019913350e-07 -1.473441380e-06 2.936667220e-07
1.144056000e+00 -1.613740530e-06 5.064865740e-03 -1.866374450e-06 -1.310794670e-06 5.065792450e-03 -2.161239090e-06 -3.029458680e-07 -9.267103820e-07 2.948646330e-07
1.144641000e+00 -1.460843080e-06 2.165040610e-03 -2.842838520e-06 -1.157233350e-06 2.165755060e-03 -3.138271660e-06 -3.036097310e-07 -7.144473220e-07 2.954331440e-07
1.145226000e+00 -5.708810880e-07 4.190264570e-03 -4.218784230e-06 -2.671736060e-07 4.190485500e-03 -4.513890520e-06 -3.037074830e-07 -2.209313700e-07 2.951062840e-07
1.145812000e+00 -1.783173300e-06 5.911512750e-03 -1.202973470e-06 -1.478653640e-06 5.911060130e-03 -1.498840700e-06 -3.045196520e-07 4.526150180e-07 2.958672330e-07
1.146397000e+00 -1.746786020e-06 3.265902430e-03 3.415438300e-07 -1.441609660e-06 3.265152980e-03 4.496548650e-08 -3.051763510e-07 7.494522500e-07 2.965783430e-07
1.146983000e+00 -1.423837990e-06 2.836551970e-03 -1.740908890e-06 -1.118442030e-06 2.835508890e-03 -2.037400500e-06 -3.053959530e-07 1.043079860e-06 2.964916110e-07
1.147568000e+00 -1.880465200e-06 5.950044370e-03 -1.917825770e-06 -1.574905450e-06 5.948355290e-03 -2.214029190e-06 -3.055597480e-07 1.689079560e-06 2.962034210e-07
1.148154000e+00 -2.479092060e-06 5.300624980e-03 -1.488069420e-06 -2.173384670e-06 5.298316800e-03 -1.783870770e-06 -3.057073970e-07 2.308187430e-06 2.958013560e-07
1.148739000e+00 -2.023364200e-06 3.884178780e-03 -1.377400210e-06 -1.717791790e-06 3.881078160e-03 -1.672508980e-06 -3.055724090e-07 3.100620410e-06 2.951087740e-07
1.149338000e+00 -1.589008970e-06 4.414983960e-03 -2.323562240e-06 -1.283868150e-06 4.411536440e-03 -2.617519540e-06 -3.051408190e-07 3.447520690e-06 2.939572920e-07
1.149937000e+00 -1.652081260e-06 4.701529320e-03 -1.914694600e-06 -1.347298400e-06 4.698034760e-03 -2.207357810e-06 -3.047828550e-07 3.494565200e-06 2.926632120e-07
1.150522000e+00 -1.841124490e-06 4.534178950e-03 -1.604521430e-06 -1.536827290e-06 4.529942160e-03 -1.895650710e-06 -3.042972040e-07 4.236798070e-06 2.911292730e-07
1.151122000e+00 -1.698670900e-06 3.940605860e-03 -1.520312050e-06 -1.394843260e-06 3.935703350e-03 -1.809658360e-06 -3.038276420e-07 4.902514620e-06 2.893463100e-07
1.151721000e+00 -1.701837030e-06 2.542023220e-03 -1.657745490e-06 -1.398621050e-06 2.536945300e-03 -1.945001890e-06 -3.032159800e-07 5.077923880e-06 2.872564020e-07
1.152321000e+00 -1.687836230e-06 4.023979080e-03 -1.617388980e-06 -1.385469520e-06 4.018626670e-03 -1.902204240e-06 -3.023667060e-07 5.352413790e-06 2.848152530e-07
1.152920000e+00 1.549399460e-07 5.053655510e-03 -3.522949100e-06 4.555520920e-07 5.048166530e-03 -3.804026180e-06 -3.006121460e-07 5.488977620e-06 2.810770850e-07
1.153520000e+00 -3.432127620e-06 7.045686840e-03 4.973638510e-07 -3.131712040e-06 7.039218710e-03 2.182781650e-07 -3.004155720e-07 6.468133100e-06 2.790856860e-07
1.154119000e+00 -2.346098160e-06 7.414304390e-03 -4.264983160e-07 -2.046532530e-06 7.406782420e-03 -7.028814620e-07 -2.995656300e-07 7.521964400e-06 2.763831460e-07
1.154718000e+00 -7.090545680e-06 5.048740050e-03 5.389459340e-06 -6.789624580e-06 5.040446430e-03 5.113293860e-06 -3.009211050e-07 8.293620230e-06 2.761654790e-07
1.155318000e+00 2.368936660e-06 3.281828840e-03 -6.246978640e-06 2.665814480e-06 3.273250710e-03 -6.516728380e-06 -2.968778200e-07 8.578126110e-06 2.697497370e-07
1.155917000e+00 -1.797464890e-06 1.099760230e-03 -1.126620820e-07 -1.502592140e-06 1.091648190e-03 -3.785122560e-07 -2.948727480e-07 8.112032250e-06 2.658501740e-07
1.156517000e+00 -3.298943870e-07 5.674958500e-03 -3.463887070e-06 -3.801153380e-08 5.666276940e-03 -3.724608540e-06 -2.918828530e-07 8.681555260e-06 2.607214650e-07
1.157116000e+00 1.640593090e-07 6.901250150e-03 -4.788793650e-06 4.523046120e-07 6.891840210e-03 -5.043478510e-06 -2.882453030e-07 9.409940690e-06 2.546848570e-07
1.157716000e+00 -2.588996300e-06 4.316909510e-03 1.473176240e-06 -2.303170310e-06 4.306813050e-03 1.222572400e-06 -2.858259960e-07 1.009646470e-05 2.506038320e-07
1.158315000e+00 -1.418321800e-06 4.887443170e-03 -1.123828240e-06 -1.135892180e-06 4.876842330e-03 -1.368977310e-06 -2.824296200e-07 1.060083800e-05 2.451490620e-07
1.158915000e+00 -9.211568660e-07 6.045781560e-03 -2.600332200e-06 -6.427715360e-07 6.035114010e-03 -2.839150780e-06 -2.783853300e-07 1.066754970e-05 2.388185790e-07
1.159492000e+00 -1.377620810e-06 5.424922640e-03 -1.119439400e-06 -1.103379500e-06 5.413720620e-03 -1.352041760e-06 -2.742413100e-07 1.120201820e-05 2.326023520e-07
1.160069000e+00 -1.545073220e-06 4.304417340e-03 1.973544290e-07 -1.275421560e-06 4.292564990e-03 -2.885517360e-08 -2.696516520e-07 1.185235080e-05 2.262096030e-07
1.160646000e+00 -1.593327930e-06 7.014183990e-03 -3.341399670e-08 -1.328573190e-06 7.001723190e-03 -2.529574690e-07 -2.647547400e-07 1.246080020e-05 2.195434720e-07
1.161223000e+00 -1.399311120e-06 6.763937910e-03 -6.748390400e-07 -1.139819560e-06 6.750960740e-03 -8.872736620e-07 -2.594915620e-07 1.297717230e-05 2.124346210e-07
1.161801000e+00 -1.497940220e-06 3.089362820e-03 -3.249407680e-06 -1.244224530e-06 3.076323740e-03 -3.454258550e-06 -2.537156960e-07 1.303907200e-05 2.048508760e-07
1.162378000e+00 -1.804320960e-06 4.948987750e-03 1.578001820e-06 -1.555888230e-06 4.935571180e-03 1.379787320e-06 -2.484327280e-07 1.341656770e-05 1.982145000e-07
1.162955000e+00 -4.065989380e-06 8.182314910e-03 1.323380320e-06 -3.822012480e-06 8.168156330e-03 1.131091450e-06 -2.439768980e-07 1.415858540e-05 1.922888710e-07
1.163532000e+00 -2.374397390e-06 5.062269140e-03 2.496878480e-06 -2.135180310e-06 5.047844190e-03 2.310176690e-06 -2.392170730e-07 1.442494450e-05 1.867017920e-07
1.164110000e+00 -2.104522840e-06 3.886931180e-03 -7.566997360e-08 -1.870429850e-06 3.872360550e-03 -2.562882970e-07 -2.340929960e-07 1.457062640e-05 1.806183230e-07
1.164687000e+00 -1.743177820e-06 4.197899920e-03 -1.543254310e-06 -1.514488980e-06 4.183123320e-03 -1.717543580e-06 -2.286888360e-07 1.477659680e-05 1.742892780e-07
1.165264000e+00 -1.941856230e-06 4.712128850e-03 -7.832624920e-07 -1.718405270e-06 4.697038960e-03 -9.517032250e-07 -2.234509590e-07 1.508988400e-05 1.684407330e-07
1.165841000e+00 -3.481479960e-06 9.594722040e-03 8.744219670e-07 -3.262506270e-06 9.578376610e-03 7.108126100e-07 -2.189736950e-07 1.634542990e-05 1.636093570e-07
1.166419000e+00 -2.604312750e-06 6.800719320e-03 -7.138722520e-07 -2.390189640e-06 6.783888790e-03 -8.723978500e-07 -2.141231150e-07 1.683052710e-05 1.585255980e-07
1.166996000e+00 -2.408994490e-06 1.859659100e-03 -1.195812520e-06 -2.199776030e-06 1.843469940e-03 -1.349551960e-06 -2.092184530e-07 1.618915370e-05 1.537394420e-07
1.167573000e+00 -2.658926190e-06 7.186975370e-03 -1.028410740e-06 -2.454645620e-06 7.170092460e-03 -1.177528630e-06 -2.042805630e-07 1.688291840e-05 1.491178910e-07
1.168150000e+00 -2.857790380e-06 9.832232170e-03 -8.933440350e-07 -2.658611300e-06 9.814163200e-03 -1.037756900e-06 -1.991790770e-07 1.806896780e-05 1.444128690e-07
1.168728000e+00 -3.163671510e-06 4.887589030e-03 -6.376766370e-07 -2.969729530e-06 4.869406030e-03 -7.773755950e-07 -1.939419830e-07 1.818300240e-05 1.396989580e-07
1.169305000e+00 -3.117212510e-06 4.909348780e-03 -7.007409330e-07 -2.928805420e-06 4.891011420e-03 -8.354841140e-07 -1.884070900e-07 1.833736100e-05 1.347431810e-07
1.169882000e+00 -3.218542090e-06 8.314808110e-03 -6.198895930e-07 -3.035665330e-06 8.295844520e-03 -7.496248010e-07 -1.828767590e-07 1.896358680e-05 1.297352080e-07
1.170459000e+00 -3.822534730e-06 6.970499380e-03 -1.822960080e-08 -3.644999790e-06 6.951163860e-03 -1.431320330e-07 -1.775349420e-07 1.933552030e-05 1.249024320e-07
1.171037000e+00 -3.138493990e-06 4.780863590e-03 -9.509866450e-07 -2.966727240e-06 4.761432560e-03 -1.070556820e-06 -1.717667480e-07 1.943102590e-05 1.195701720e-07
1.171614000e+00 -3.101106810e-06 5.260731040e-03 -8.791915630e-07 -2.935001670e-06 5.241117070e-03 -9.935596490e-07 -1.661051480e-07 1.961396460e-05 1.143680860e-07
1.172191000e+00 -3.321162760e-06 4.872563810e-03 -4.830094580e-07 -3.160421070e-06 4.852809130e-03 -5.924824160e-07 -1.607416900e-07 1.975467320e-05 1.094729580e-07
1.172768000e+00 -3.457408660e-06 8.108442040e-03 -6.518238420e-07 -3.301883940e-06 8.088164300e-03 -7.564938520e-07 -1.555247190e-07 2.027774640e-05 1.046700110e-07
1.173346000e+00 -3.557134160e-06 8.296237820e-03 -1.307871300e-06 -3.406680940e-06 8.275454960e-03 -1.407817540e-06 -1.504532170e-07 2.078286640e-05 9.994624760e-08
1.173923000e+00 -3.696712360e-06 6.853269620e-03 -6.154048530e-07 -3.551201610e-06 6.831746120e-03 -7.108581370e-07 -1.455107560e-07 2.152349810e-05 9.545328340e-08
1.174500000e+00 -3.689052550e-06 5.831196610e-03 -1.034000980e-06 -3.548447000e-06 5.809607680e-03 -1.125068870e-06 -1.406055510e-07 2.158893640e-05 9.106788820e-08
1.175055000e+00 -3.558937110e-06 4.280095720e-03 -1.244320050e-06 -3.423057350e-06 4.259423080e-03 -1.331349600e-06 -1.358797520e-07 2.067264090e-05 8.702955070e-08
1.175610000e+00 -3.440460090e-06 1.997032190e-03 -1.359894130e-06 -3.309287220e-06 1.977694610e-03 -1.442985540e-06 -1.311728700e-07 1.933758400e-05 8.309140490e-08
1.176164000e+00 -3.396778330e-06 -8.375333540e-05 -1.482616630e-06 -3.270397860e-06 -1.012520490e-04 -1.561683210e-06 -1.263804800e-07 1.749871310e-05 7.906658330e-08
1.176711000e+00 -3.403983780e-06 1.633512670e-03 -1.571551000e-06 -3.282258690e-06 1.617178190e-03 -1.646529890e-06 -1.217250900e-07 1.633448300e-05 7.497888760e-08
1.177258000e+00 -3.241495130e-06 2.080672420e-03 -2.297761670e-06 -3.124492660e-06 2.065337940e-03 -2.368408380e-06 -1.170024710e-07 1.533448500e-05 7.064671190e-08
1.177805000e+00 -3.418520270e-06 9.389959920e-04 -1.811684660e-06 -3.306021630e-06 9.251057590e-04 -1.878193350e-06 -1.124986440e-07 1.389023240e-05 6.650869060e-08
1.178352000e+00 -1.163645540e-06 8.713534820e-04 -2.040675190e-06 -1.056261210e-06 8.588913960e-04 -2.102470120e-06 -1.073843290e-07 1.246208650e-05 6.179493530e-08
1.178899000e+00 -3.968064670e-06 2.135054880e-04 1.445538210e-06 -3.864245940e-06 2.025176490e-04 1.386785460e-06 -1.038187250e-07 1.098783860e-05 5.875275330e-08
1.179446000e+00 -1.891700530e-06 8.584148020e-04 -5.540192330e-06 -1.792519460e-06 8.487161690e-04 -5.594061400e-06 -9.918107700e-08 9.698632820e-06 5.386907050e-08
1.179985000e+00 -3.904918030e-06 6.636771490e-03 -4.971792670e-06 -3.809532070e-06 6.627358050e-03 -5.021568230e-06 -9.538596620e-08 9.413440390e-06 4.977556640e-08
1.180524000e+00 -2.949315200e-06 2.783294670e-03 -2.430999300e-06 -2.857764350e-06 2.774972980e-03 -2.477132360e-06 -9.155084940e-08 8.321685490e-06 4.613306210e-08
1.181062000e+00 -2.431238230e-06 -5.322661480e-03 -3.092619840e-06 -2.343625530e-06 -5.328446640e-03 -3.135049040e-06 -8.761269660e-08 5.785165810e-06 4.242919730e-08
1.181601000e+00 -2.547715490e-06 -9.046765480e-04 -1.735818170e-06 -2.463716580e-06 -9.090559480e-04 -1.774886980e-06 -8.399891560e-08 4.379400280e-06 3.906880900e-08
1.182140000e+00 -2.711783430e-06 3.057731680e-03 -2.103450080e-06 -2.631277790e-06 3.053969430e-03 -2.139234730e-06 -8.050564390e-08 3.762246790e-06 3.578465270e-08
1.182678000e+00 -2.379072620e-06 2.225526060e-03 -2.825291840e-06 -2.302030390e-06 2.222634030e-03 -2.857828930e-06 -7.704222860e-08 2.892036990e-06 3.253709580e-08
1.183217000e+00 -2.490356470e-06 2.731821210e-03 -2.387699980e-06 -2.416499110e-06 2.729628060e-03 -2.417358230e-06 -7.385736220e-08 2.193153290e-06 2.965824570e-08
1.183756000e+00 -2.166394330e-06 5.773282320e-04 -3.274502220e-06 -2.095704510e-06 5.766033460e-04 -3.301242400e-06 -7.068981730e-08 7.248867800e-07 2.674017880e-08
1.184295000e+00 -2.864162210e-06 -5.961113640e-04 -1.986641000e-06 -2.796064420e-06 -5.950195920e-04 -2.011142780e-06 -6.809779530e-08 -1.091771820e-06 2.450178570e-08
1.184833000e+00 -9.768598200e-07 1.943593400e-03 -4.361595870e-06 -9.119931440e-07 1.945513900e-03 -4.383149400e-06 -6.486667620e-08 -1.920493880e-06 2.155353430e-08
1.185362000e+00 -2.109671430e-06 2.332065620e-03 -3.000295850e-06 -2.047423410e-06 2.334676000e-03 -3.019622050e-06 -6.224801660e-08 -2.610379940e-06 1.932619680e-08
1.185892000e+00 -2.000509470e-06 4.247013040e-03 -3.873708330e-06 -1.940916400e-06 4.250467090e-03 -3.890590240e-06 -5.959307260e-08 -3.454048010e-06 1.688190810e-08
1.186421000e+00 -2.598475000e-06 4.682100500e-03 -3.559010940e-06 -2.541361570e-06 4.686421020e-03 -3.573577380e-06 -5.711343200e-08 -4.320521260e-06 1.456643520e-08
1.186950000e+00 -2.659086150e-06 -1.067662830e-03 -2.903774280e-06 -2.604306030e-06 -1.062168110e-03 -2.916222360e-06 -5.478012200e-08 -5.494724710e-06 1.244807510e-08
1.187479000e+00 -2.420795940e-06 -6.869975520e-04 -4.325056030e-06 -2.368624670e-06 -6.804350150e-04 -4.334864480e-06 -5.217127050e-08 -6.562537510e-06 9.808448920e-09
1.188009000e+00 -2.601354720e-06 5.420195790e-03 -3.318246930e-06 -2.551821560e-06 5.427418350e-03 -3.325400600e-06 -4.953315910e-08 -7.222565800e-06 7.153669720e-09
1.188538000e+00 -2.794016660e-06 3.518910730e-03 -2.948295840e-06 -2.746912280e-06 3.527051460e-03 -2.952942440e-06 -4.710437390e-08 -8.140721980e-06 4.646594200e-09
1.189067000e+00 -2.700530640e-06 -3.380577320e-03 -3.290332790e-06 -2.655753940e-06 -3.370727970e-03 -3.292531150e-06 -4.477669640e-08 -9.849348000e-06 2.198357780e-09
1.189596000e+00 -2.768616210e-06 -2.201930640e-04 -3.418436930e-06 -2.726180740e-06 -2.092055570e-04 -3.418124440e-06 -4.243547640e-08 -1.098750760e-05 -3.124892810e-10
1.190126000e+00 -2.504944860e-06 7.326781290e-03 -3.818553570e-06 -2.465004290e-06 7.337789220e-03 -3.815400280e-06 -3.994056890e-08 -1.100792910e-05 -3.153293700e-09
1.190655000e+00 -2.988870200e-06 4.191927740e-03 -3.469423650e-06 -2.951088630e-06 4.203598850e-03 -3.463821330e-06 -3.778156790e-08 -1.167110370e-05 -5.602312640e-09
1.191184000e+00 -2.666450330e-06 6.483181200e-04 -3.811297270e-06 -2.630716880e-06 6.612459770e-04 -3.803370810e-06 -3.573344520e-08 -1.292785730e-05 -7.926461990e-09
1.191713000e+00 -3.392195120e-06 1.309768200e-03 -3.124099110e-06 -3.358200770e-06 1.323752200e-03 -3.114206940e-06 -3.399434870e-08 -1.398399520e-05 -9.892173840e-09
1.192243000e+00 -3.243812990e-06 1.113241640e-03 -3.303519250e-06 -3.211668390e-06 1.128337470e-03 -3.291598200e-06 -3.214459490e-08 -1.509583410e-05 -1.192105430e-08
1.192772000e+00 -5.020380810e-06 1.864503760e-03 -2.055867080e-06 -4.989438230e-06 1.880390260e-03 -2.042642350e-06 -3.094257660e-08 -1.588649460e-05 -1.322473220e-08
1.193301000e+00 -1.083924030e-06 2.679417760e-03 -8.915686870e-06 -1.055929640e-06 2.695819340e-03 -8.898959470e-06 -2.799438730e-08 -1.640157840e-05 -1.672740190e-08
1.193830000e+00 -1.008388820e-06 3.875473300e-03 -7.037199570e-06 -9.832035390e-07 3.892560340e-03 -7.017298960e-06 -2.518527810e-08 -1.708703890e-05 -1.990060980e-08
1.194360000e+00 -1.492888580e-06 5.659086760e-03 -9.672646820e-06 -1.470489380e-06 5.676862570e-03 -9.649177420e-06 -2.239920530e-08 -1.777581160e-05 -2.346939760e-08
1.194876000e+00 -3.335823690e-06 9.962676360e-04 -5.239711850e-06 -3.315066360e-06 1.014966060e-03 -5.214535030e-06 -2.075732630e-08 -1.869842760e-05 -2.517681830e-08
1.195392000e+00 -4.915602820e-06 -1.405723940e-03 1.401568950e-06 -4.895511060e-06 -1.386053500e-03 1.426585710e-06 -2.009175420e-08 -1.967043540e-05 -2.501675790e-08
1.195922000e+00 -4.894182080e-06 3.694521610e-03 -1.589615930e-06 -4.874827290e-06 3.714866890e-03 -1.564231740e-06 -1.935479120e-08 -2.034527750e-05 -2.538418770e-08
1.196451000e+00 -4.122727690e-06 5.307245520e-03 -2.593950630e-06 -4.104476040e-06 5.328249160e-03 -2.567801650e-06 -1.825164700e-08 -2.100363720e-05 -2.614897610e-08
1.196967000e+00 -4.423791110e-06 2.879561550e-03 -1.833176740e-06 -4.406407500e-06 2.901179150e-03 -1.806589390e-06 -1.738360880e-08 -2.161759180e-05 -2.658734990e-08
1.197482000e+00 -4.604574670e-06 2.829803710e-03 -2.044948180e-06 -4.587907140e-06 2.851947050e-03 -2.018068090e-06 -1.666753110e-08 -2.214334490e-05 -2.688009130e-08
1.197997000e+00 -3.782880060e-06 1.786487980e-03 -2.690834020e-06 -3.767267410e-06 1.809606830e-03 -2.663384290e-06 -1.561265010e-08 -2.311885030e-05 -2.744972780e-08
1.198512000e+00 -6.008482180e-06 9.861472430e-04 1.157092800e-06 -5.992748230e-06 1.010338840e-03 1.183512770e-06 -1.573394920e-08 -2.419159610e-05 -2.641997040e-08
1.199028000e+00 -3.647062360e-06 5.764378990e-03 -3.273927700e-06 -3.632301620e-06 5.788743470e-03 -3.247010110e-06 -1.476074270e-08 -2.436448190e-05 -2.691758620e-08
1.199543000e+00 -2.805314390e-06 6.438870900e-03 -4.878380310e-06 -2.791910430e-06 6.463369550e-03 -4.850430720e-06 -1.340396140e-08 -2.449864710e-05 -2.794958670e-08
1.200058000e+00 -3.662080070e-06 -1.685195160e-03 4.570887180e-07 -3.649169930e-06 -1.659267800e-03 4.845071290e-07 -1.291014440e-08 -2.592736040e-05 -2.741841050e-08
1.200573000e+00 -7.265028970e-07 -1.811268420e-03 -7.307070300e-06 -7.157111050e-07 -1.784007860e-03 -7.277708290e-06 -1.079179230e-08 -2.726056370e-05 -2.936201560e-08
1.201089000e+00 -3.262579310e-06 5.896624560e-03 2.452583630e-06 -3.252317070e-06 5.923967160e-03 2.481391580e-06 -1.026224350e-08 -2.734260330e-05 -2.880795140e-08
1.201604000e+00 -1.406716920e-06 6.041422190e-03 -1.340387670e-05 -1.398878860e-06 6.068928850e-03 -1.337225370e-05 -7.838062620e-09 -2.750666740e-05 -3.162304550e-08
1.202119000e+00 -2.076320280e-06 5.878665800e-03 -4.324644680e-06 -2.069708910e-06 5.906427490e-03 -4.292356790e-06 -6.611368350e-09 -2.776168200e-05 -3.228789100e-08
1.202634000e+00 -1.399668550e-06 5.979929710e-03 -5.288775620e-06 -1.394462440e-06 6.007992120e-03 -5.255572630e-06 -5.206111470e-09 -2.806240660e-05 -3.320299000e-08
1.203150000e+00 -3.876305340e-06 1.541763560e-03 -2.224442160e-06 -3.871256070e-06 1.570875860e-03 -2.191716430e-06 -5.049271460e-09 -2.911230110e-05 -3.272572670e-08
1.203665000e+00 -2.670921920e-06 1.509275030e-03 -4.591908790e-06 -2.666385350e-06 1.539311900e-03 -4.559135450e-06 -4.536576900e-09 -3.003687280e-05 -3.277333190e-08
1.204180000e+00 -1.750866040e-06 3.422683700e-03 -6.094994070e-06 -1.747163020e-06 3.453157420e-03 -6.061794250e-06 -3.703014730e-09 -3.047371140e-05 -3.319982050e-08
1.204695000e+00 -2.793273220e-06 2.848747940e-03 -2.537974750e-06 -2.789736340e-06 2.879760590e-03 -2.505329570e-06 -3.536876350e-09 -3.101265250e-05 -3.264517990e-08
1.205211000e+00 -1.848436510e-06 1.037806140e-03 -5.218520880e-06 -1.845592700e-06 1.069866200e-03 -5.185691730e-06 -2.843805780e-09 -3.206006180e-05 -3.282915240e-08
1.205726000e+00 -2.482501800e-06 2.329502740e-03 -4.989380270e-06 -2.480103610e-06 2.362311730e-03 -4.956581300e-06 -2.398194260e-09 -3.280899170e-05 -3.279897110e-08
1.206241000e+00 -3.871134200e-06 7.844684930e-03 -5.049083240e-06 -3.868819380e-06 7.877084520e-03 -5.016464880e-06 -2.314822480e-09 -3.239959880e-05 -3.261836540e-08
1.206756000e+00 -2.472278400e-06 6.711175920e-03 -5.405349660e-06 -2.470545040e-06 6.743561470e-03 -5.372411380e-06 -1.733359880e-09 -3.238554980e-05 -3.293828950e-08
1.207271000e+00 -2.672484790e-06 5.087477430e-03 -5.240834380e-06 -2.671194970e-06 5.120592670e-03 -5.207851390e-06 -1.289820340e-09 -3.311523860e-05 -3.298299570e-08
1.207787000e+00 -2.613414080e-06 4.240638630e-03 -5.361937930e-06 -2.612535160e-06 4.274397440e-03 -5.329053100e-06 -8.789291730e-10 -3.375880790e-05 -3.288483550e-08
1.208302000e+00 -3.029279600e-06 -1.170156270e-03 -4.233875860e-06 -3.028519320e-06 -1.135431200e-03 -4.201665740e-06 -7.602780950e-10 -3.472507000e-05 -3.221011900e-08
1.208817000e+00 -2.278813660e-06 1.740184770e-03 -5.891446630e-06 -2.278504290e-06 1.775558090e-03 -5.859496320e-06 -3.093752950e-10 -3.537332010e-05 -3.195030830e-08
1.209332000e+00 -2.161309640e-06 9.517962200e-03 -6.034725530e-06 -2.161594550e-06 9.553423260e-03 -6.002930210e-06 2.849172990e-10 -3.546105610e-05 -3.179532520e-08
1.209848000e+00 -1.440585480e-06 6.943751350e-03 -6.701546080e-06 -1.441690980e-06 6.979500660e-03 -6.669780170e-06 1.105502820e-09 -3.574930730e-05 -3.176590520e-08
1.210363000e+00 -1.540043000e-06 4.228240400e-03 -6.905077920e-06 -1.541469610e-06 4.264086400e-03 -6.873783480e-06 1.426616260e-09 -3.584599530e-05 -3.129443800e-08
1.210878000e+00 -4.800351080e-06 3.351384490e-03 -5.441760510e-06 -4.800949100e-06 3.387687030e-03 -5.412030290e-06 5.980189950e-10 -3.630254220e-05 -2.973021890e-08
1.211393000e+00 9.584267390e-07 5.926115240e-04 -6.968650690e-06 9.564060250e-07 6.301385820e-04 -6.938313010e-06 2.020713430e-09 -3.752705820e-05 -3.033767720e-08
1.211909000e+00 -2.438128700e-06 3.771263640e-03 -5.050369670e-06 -2.440413970e-06 3.809276630e-03 -5.020577980e-06 2.285277220e-09 -3.801298570e-05 -2.979168620e-08
1.212424000e+00 -6.739836290e-06 8.849347730e-03 -1.301626420e-06 -6.740915720e-06 8.886855150e-03 -1.274128640e-06 1.079430580e-09 -3.750742740e-05 -2.749777830e-08
1.212939000e+00 8.799366540e-07 6.405895130e-03 -8.090371660e-06 8.772719150e-07 6.443598040e-03 -8.061625260e-06 2.664738460e-09 -3.770291480e-05 -2.874640130e-08
1.213454000e+00 -2.844255160e-06 4.841684610e-03 -3.064281530e-06 -2.846586750e-06 4.880229120e-03 -3.036774580e-06 2.331595450e-09 -3.854451500e-05 -2.750694690e-08
1.213970000e+00 -2.095121490e-06 4.809408040e-03 -4.196463880e-06 -2.097420490e-06 4.848380910e-03 -4.169752280e-06 2.298999450e-09 -3.897287320e-05 -2.671159680e-08
1.214485000e+00 -2.949504260e-06 4.484525140e-03 -5.156016900e-06 -2.951715260e-06 4.523527040e-03 -5.129697150e-06 2.211002460e-09 -3.900189670e-05 -2.631975220e-08
1.215000000e+00 -1.605756110e-06 4.946029190e-03 -6.752413470e-06 -1.608439950e-06 4.985423630e-03 -6.725802310e-06 2.683840940e-09 -3.939444050e-05 -2.661116610e-08
1.215500000e+00 -2.066786330e-06 5.409017760e-03 -5.751922560e-06 -2.069760240e-06 5.449139300e-03 -5.725294530e-06 2.973907960e-09 -4.012154380e-05 -2.662802390e-08
1.216000000e+00 9.211742690e-07 5.214529550e-03 -5.828711740e-06 9.170637710e-07 5.255011020e-03 -5.801243180e-06 4.110498250e-09 -4.048146870e-05 -2.746855710e-08
1.216500000e+00 -3.983996960e-06 4.105707290e-03 -4.581380970e-06 -3.987593870e-06 4.146301060e-03 -4.554774620e-06 3.596910930e-09 -4.059376300e-05 -2.660635270e-08
1.217000000e+00 -5.466726560e-06 5.280375480e-03 3.377220880e-06 -5.468730450e-06 5.321176500e-03 3.401094280e-06 2.003894790e-09 -4.080101740e-05 -2.387339620e-08
1.217500000e+00 8.890007600e-07 6.468569230e-03 -1.240087060e-05 8.852848760e-07 6.509578940e-03 -1.237502080e-05 3.715883870e-09 -4.100971730e-05 -2.584974780e-08
1.218000000e+00 -1.322363990e-06 5.865879320e-03 -4.841726160e-06 -1.326588500e-06 5.907093180e-03 -4.815838370e-06 4.224505270e-09 -4.121386490e-05 -2.588779740e-08
1.218500000e+00 -1.891353740e-06 6.451542350e-03 -4.981253660e-06 -1.895899890e-06 6.493031210e-03 -4.955460540e-06 4.546141160e-09 -4.148886460e-05 -2.579312630e-08
1.219000000e+00 -1.769023920e-06 6.523173960e-03 -4.659090930e-06 -1.773909670e-06 6.564912360e-03 -4.633381140e-06 4.885744320e-09 -4.173840250e-05 -2.570978960e-08
1.219500000e+00 -2.079432280e-06 6.461473070e-03 -4.190365610e-06 -2.084600200e-06 6.503406820e-03 -4.164828060e-06 5.167925220e-09 -4.193374790e-05 -2.553755440e-08
1.220000000e+00 -1.287427180e-06 4.910880130e-03 -4.430105760e-06 -1.293190350e-06 4.953217380e-03 -4.404431510e-06 5.763170620e-09 -4.233725030e-05 -2.567424960e-08
1.220500000e+00 1.238484350e-06 2.076919950e-03 -7.100200570e-06 1.231020980e-06 2.120064110e-03 -7.073142360e-06 7.463373000e-09 -4.314416210e-05 -2.705820540e-08
1.221000000e+00 -4.890406700e-06 5.296095720e-03 -1.242614750e-06 -4.897096960e-06 5.339467090e-03 -1.216833260e-06 6.690251410e-09 -4.337137360e-05 -2.578148990e-08
1.221500000e+00 -3.562520300e-06 1.189763130e-02 -3.008355440e-07 -3.569024810e-06 1.194023250e-02 -2.758574130e-07 6.504510840e-09 -4.260113370e-05 -2.497813110e-08
1.221993000e+00 -4.392850180e-06 7.802879880e-03 1.368584300e-06 -4.398824940e-06 7.845479890e-03 1.392303430e-06 5.974768020e-09 -4.260000620e-05 -2.371913400e-08
1.222486000e+00 5.859985830e-08 1.871713680e-03 -7.747755690e-06 5.117134930e-08 1.915280570e-03 -7.722855100e-06 7.428508930e-09 -4.356689420e-05 -2.490058890e-08
1.222978000e+00 -1.113269180e-06 4.398739690e-03 -5.708197920e-06 -1.121615140e-06 4.442715380e-03 -5.682793410e-06 8.345959230e-09 -4.397568900e-05 -2.540450690e-08
1.223471000e+00 1.419273510e-06 8.773442750e-03 -9.391033480e-06 1.408961370e-06 8.817050930e-03 -9.363873520e-06 1.031214180e-08 -4.360817750e-05 -2.715995440e-08
1.223956000e+00 4.529228760e-08 7.310217110e-03 -6.275343330e-06 3.353788120e-08 7.353842050e-03 -6.247328630e-06 1.175440640e-08 -4.362493850e-05 -2.801470640e-08
1.224442000e+00 -1.737698680e-08 2.627407120e-03 -6.382019420e-06 -3.057906790e-08 2.671822120e-03 -6.353272960e-06 1.320208100e-08 -4.441499720e-05 -2.874646230e-08
1.224927000e+00 -4.000055450e-07 3.892972080e-03 -4.757255880e-06 -4.143532410e-07 3.937898000e-03 -4.728257990e-06 1.434769540e-08 -4.492591620e-05 -2.899788760e-08
1.225412000e+00 -2.951636220e-07 9.841180960e-03 -5.433828120e-06 -3.106677870e-07 9.885961440e-03 -5.404447670e-06 1.550416440e-08 -4.478047540e-05 -2.938044380e-08
1.225897000e+00 -8.576545950e-07 9.205109280e-03 -3.038978590e-06 -8.741265910e-07 9.249887950e-03 -3.009463130e-06 1.647199540e-08 -4.477867690e-05 -2.951545630e-08
1.226383000e+00 -1.186175890e-06 7.613144470e-03 -4.507290260e-06 -1.203557180e-06 7.657919360e-03 -4.477526630e-06 1.738128920e-08 -4.477489000e-05 -2.976362860e-08
1.226860000e+00 -8.363950140e-08 7.917861580e-03 -5.504957410e-06 -1.021519130e-07 7.962629580e-03 -5.474604440e-06 1.851241140e-08 -4.476800460e-05 -3.035296580e-08
1.227337000e+00 -3.391550600e-07 4.225801890e-03 -5.438352910e-06 -3.586721530e-07 4.270872140e-03 -5.407649970e-06 1.951709290e-08 -4.507024500e-05 -3.070293260e-08
1.227815000e+00 -1.214524620e-06 3.465496450e-03 -3.852700310e-06 -1.234760870e-06 3.510867140e-03 -3.822123240e-06 2.023624750e-08 -4.537069000e-05 -3.057707450e-08
1.228292000e+00 -6.202711310e-07 8.863199800e-03 -4.578198420e-06 -6.417877370e-07 8.908604110e-03 -4.547156900e-06 2.151660590e-08 -4.540431180e-05 -3.104152270e-08
1.228769000e+00 -7.087985820e-07 1.052152590e-02 -5.579716650e-06 -7.317247840e-07 1.056696080e-02 -5.547835210e-06 2.292620180e-08 -4.543489610e-05 -3.188143730e-08
1.229247000e+00 -1.379518800e-06 6.090802500e-03 -9.947144070e-07 -1.403242020e-06 6.136475070e-03 -9.629346140e-07 2.372322090e-08 -4.567256980e-05 -3.177979230e-08
1.229724000e+00 -9.559315550e-07 3.489456130e-03 -4.307284230e-06 -9.808020960e-07 3.535452420e-03 -4.274994830e-06 2.487054030e-08 -4.599628620e-05 -3.228939880e-08
1.230201000e+00 -2.963723140e-06 6.620619340e-03 -2.394402180e-06 -2.989129220e-06 6.666655490e-03 -2.362165920e-06 2.540607840e-08 -4.603614570e-05 -3.223625410e-08
1.230679000e+00 2.915954630e-07 8.301836520e-03 -6.854275080e-06 2.644213690e-07 8.347865870e-03 -6.820456330e-06 2.717409430e-08 -4.602934540e-05 -3.381875010e-08
1.231156000e+00 -1.650153860e-06 8.961898260e-03 -2.608350480e-06 -1.678375910e-06 9.007814180e-03 -2.573903460e-06 2.822204400e-08 -4.591591850e-05 -3.444702240e-08
1.231633000e+00 -5.012758480e-07 1.105390870e-02 -2.689983080e-06 -5.309332630e-07 1.109941240e-02 -2.654412090e-06 2.965741500e-08 -4.550376470e-05 -3.557099440e-08
1.232111000e+00 -6.350390530e-07 9.095213010e-03 -3.286914220e-06 -6.661630800e-07 9.140727390e-03 -3.250030070e-06 3.112402700e-08 -4.551437640e-05 -3.688415600e-08
1.232579000e+00 1.452686970e-06 6.550125960e-03 -6.465516890e-06 1.419274050e-06 6.596285190e-03 -6.426185440e-06 3.341291850e-08 -4.615922890e-05 -3.933144940e-08
1.233046000e+00 -2.992933020e-06 6.552697300e-03 3.487560690e-06 -3.026558540e-06 6.599189040e-03 3.526419630e-06 3.362552220e-08 -4.649173290e-05 -3.885893030e-08
1.233514000e+00 -6.580596670e-06 5.516471160e-03 1.068339810e-05 -6.613115400e-06 5.562770870e-03 1.072008820e-05 3.251873020e-08 -4.629971030e-05 -3.669014110e-08
1.233982000e+00 1.037105460e-06 5.918388820e-03 -4.493746690e-06 1.002637390e-06 5.964616280e-03 -4.455139790e-06 3.446807280e-08 -4.622745690e-05 -3.860690010e-08
1.234460000e+00 1.469031140e-06 9.403016370e-03 -4.231186040e-06 1.432101570e-06 9.449412150e-03 -4.190168980e-06 3.692957240e-08 -4.639577720e-05 -4.101706490e-08
1.234928000e+00 -1.018802620e-06 9.757976950e-03 1.061789580e-06 -1.056896060e-06 9.804618320e-03 1.103590400e-06 3.809344330e-08 -4.664137280e-05 -4.180081660e-08
1.235395000e+00 -2.128043510e-07 7.908989450e-03 -2.236768360e-06 -2.524943100e-07 7.955436230e-03 -2.193341550e-06 3.968995940e-08 -4.644678640e-05 -4.342680540e-08
1.235863000e+00 5.760721700e-07 7.429269650e-03 -3.520918170e-06 5.346686110e-07 7.475390480e-03 -3.475506640e-06 4.140355820e-08 -4.612082650e-05 -4.541153210e-08
1.236330000e+00 -1.061092860e-06 8.043370230e-03 -3.389509210e-06 -1.103679280e-06 8.089542930e-03 -3.342668700e-06 4.258641560e-08 -4.617270180e-05 -4.684051040e-08
1.236798000e+00 6.978848130e-07 8.172902610e-03 -5.810431410e-07 6.537014710e-07 8.219169750e-03 -5.327250020e-07 4.418334230e-08 -4.626714110e-05 -4.831813910e-08
1.237265000e+00 -2.557979730e-06 7.301604100e-03 2.822178830e-06 -2.602624930e-06 7.348132200e-03 2.870780850e-06 4.464519940e-08 -4.652810010e-05 -4.860201380e-08
1.237733000e+00 -5.442965660e-06 5.733460020e-03 6.165991600e-06 -5.487234890e-06 5.780553770e-03 6.213937390e-06 4.426922510e-08 -4.709374530e-05 -4.794578780e-08
1.238200000e+00 4.790135420e-07 7.299932920e-03 -2.692846020e-06 4.329454700e-07 7.347157340e-03 -2.642823670e-06 4.606807250e-08 -4.722441750e-05 -5.002234800e-08
1.238668000e+00 -1.199015800e-06 8.692260260e-03 -2.675303620e-07 -1.246322200e-06 8.739164670e-03 -2.161408540e-07 4.730640120e-08 -4.690440910e-05 -5.138950780e-08
1.239136000e+00 -1.995446880e-06 8.925328650e-03 1.135356380e-06 -2.043761220e-06 8.972006450e-03 1.187797810e-06 4.831434250e-08 -4.667779880e-05 -5.244143160e-08
1.239603000e+00 -2.086311390e-07 1.224144830e-02 1.222135130e-07 -2.586635540e-07 1.228749700e-02 1.763808890e-07 5.003241430e-08 -4.604868020e-05 -5.416737570e-08
1.240071000e+00 -3.201248700e-06 1.155126840e-02 3.952737360e-06 -3.251857100e-06 1.159689070e-02 4.007444450e-06 5.060840320e-08 -4.562228380e-05 -5.470708890e-08
1.240538000e+00 -5.467293630e-06 3.401020760e-03 7.500451980e-06 -5.517629860e-06 3.447613160e-03 7.554292660e-06 5.033622940e-08 -4.659239800e-05 -5.384067770e-08
1.241006000e+00 -7.051123830e-06 2.759881660e-03 5.859070610e-06 -7.100674940e-06 2.807374840e-03 5.911871550e-06 4.955110750e-08 -4.749317140e-05 -5.280094110e-08
1.241473000e+00 -2.628440470e-06 1.041652190e-02 -6.934791140e-08 -2.679100180e-06 1.046351240e-02 -1.522484990e-08 5.065970720e-08 -4.699052050e-05 -5.412306150e-08
1.241941000e+00 -4.638243270e-07 1.189242570e-02 -2.205841060e-06 -5.164495790e-07 1.193879100e-02 -2.149274770e-06 5.262525170e-08 -4.636533940e-05 -5.656629500e-08
1.242408000e+00 -1.738656790e-06 9.053197130e-03 -1.736300630e-06 -1.792635740e-06 9.099417780e-03 -1.677859150e-06 5.397895420e-08 -4.622065530e-05 -5.844147840e-08
1.242876000e+00 -2.473094440e-06 8.178997280e-03 1.477730290e-06 -2.527837700e-06 8.225148310e-03 1.537148920e-06 5.474326130e-08 -4.615103050e-05 -5.941862540e-08
1.243344000e+00 4.859514590e-06 9.912165000e-03 7.802536370e-08 4.801723480e-06 9.958205740e-03 1.406473920e-07 5.779111380e-08 -4.604074840e-05 -6.262202820e-08
1.243811000e+00 -4.259804640e-06 1.139456230e-02 -2.151664660e-06 -4.318087600e-06 1.144049450e-02 -2.087787410e-06 5.828295720e-08 -4.593216810e-05 -6.387724530e-08
1.244279000e+00 -8.071597950e-07 9.106621880e-03 -7.720963540e-08 -8.668805040e-07 9.152574440e-03 -1.121961990e-08 5.972070950e-08 -4.595255440e-05 -6.599001550e-08
1.244746000e+00 -3.290785270e-06 5.548530340e-03 1.971388580e-06 -3.351137130e-06 5.594656630e-03 2.038547630e-06 6.035186140e-08 -4.612628920e-05 -6.715905250e-08
1.245214000e+00 -1.119353620e-06 6.739081670e-03 8.544463000e-07 -1.180940150e-06 6.785282670e-03 9.233636620e-07 6.158653300e-08 -4.620100630e-05 -6.891736170e-08
1.245681000e+00 -3.003578150e-06 1.094627430e-02 2.631027390e-06 -3.065732190e-06 1.099232200e-02 2.700988160e-06 6.215403220e-08 -4.604763630e-05 -6.996077420e-08
1.246149000e+00 -2.945075320e-07 1.048343240e-02 -3.966515690e-06 -3.583487590e-07 1.052938740e-02 -3.893730140e-06 6.384122700e-08 -4.595504110e-05 -7.278554340e-08
1.246616000e+00 -6.208949230e-07 8.436862600e-03 2.988245060e-06 -6.857996620e-07 8.482715540e-03 3.062553870e-06 6.490473920e-08 -4.585294400e-05 -7.430880940e-08
1.247084000e+00 -1.398094220e-06 8.399021380e-03 1.875923330e-06 -1.463900550e-06 8.444812800e-03 1.951756300e-06 6.580633070e-08 -4.579141840e-05 -7.583297120e-08
1.247552000e+00 -2.403416400e-06 1.129849510e-02 3.802061220e-06 -2.469635540e-06 1.134390670e-02 3.878852960e-06 6.621914440e-08 -4.541153350e-05 -7.679173310e-08
1.248019000e+00 -2.816449410e-06 1.194715770e-02 4.703808040e-06 -2.882863190e-06 1.199211490e-02 4.781356830e-06 6.641377880e-08 -4.495712660e-05 -7.754878390e-08
1.248487000e+00 -5.142479970e-06 7.772858740e-03 4.931335840e-06 -5.208252910e-06 7.817928490e-03 5.008827440e-06 6.577293980e-08 -4.506974850e-05 -7.749160000e-08
1.248954000e+00 -2.226745710e-06 4.871276480e-03 1.719115650e-06 -2.292879610e-06 4.916651100e-03 1.797895920e-06 6.613389960e-08 -4.537461540e-05 -7.878026630e-08
1.249422000e+00 -4.634126670e-06 8.444756680e-03 9.435993640e-07 -4.699919260e-06 8.490114910e-03 1.023172760e-06 6.579259320e-08 -4.535822480e-05 -7.957340030e-08
1.249889000e+00 -8.543111610e-07 1.059909200e-02 3.421292580e-06 -9.207889230e-07 1.064445610e-02 3.502203670e-06 6.647776210e-08 -4.536413740e-05 -8.091108210e-08
1.250357000e+00 -1.184934140e-06 1.132746680e-02 1.189019700e-06 -1.252126930e-06 1.137256240e-02 1.271634460e-06 6.719278440e-08 -4.509562380e-05 -8.261475690e-08
1.250824000e+00 -2.928007010e-06 1.403565740e-02 5.285129160e-06 -2.995137180e-06 1.407989080e-02 5.368263620e-06 6.713016860e-08 -4.423344990e-05 -8.313445980e-08
1.251292000e+00 -2.481716370e-06 1.144838430e-02 4.414451290e-06 -2.549081840e-06 1.149223440e-02 4.498537240e-06 6.736546900e-08 -4.385016820e-05 -8.408595280e-08
1.251760000e+00 -1.904769240e-06 5.125773950e-03 2.288137550e-07 -1.972842210e-06 5.170028850e-03 3.147506890e-07 6.807297170e-08 -4.425490130e-05 -8.593693490e-08
1.252227000e+00 -7.621906300e-07 5.884685580e-03 -2.015461100e-06 -8.314012190e-07 5.929119310e-03 -1.927009540e-06 6.921058890e-08 -4.443372600e-05 -8.845155930e-08
1.252695000e+00 -1.428224900e-06 1.190886910e-02 -7.120055980e-07 -1.498361740e-06 1.195291230e-02 -6.214357350e-07 7.013684420e-08 -4.404312750e-05 -9.056986320e-08
1.253162000e+00 -3.082607790e-06 1.159495680e-02 2.263331440e-06 -3.152965980e-06 1.163869610e-02 2.355014620e-06 7.035818850e-08 -4.373926510e-05 -9.168317780e-08
1.253630000e+00 -1.928263080e-06 8.094779230e-03 4.380941130e-06 -1.999108030e-06 8.138520820e-03 4.473742810e-06 7.084495350e-08 -4.374158770e-05 -9.280167980e-08
1.254097000e+00 -3.102420300e-06 7.994109010e-03 5.770088410e-08 -3.173667010e-06 8.037839250e-03 1.518502060e-07 7.124671090e-08 -4.373023840e-05 -9.414932160e-08
1.254565000e+00 -1.322862110e-06 1.098446650e-02 1.537445010e-06 -1.395097680e-06 1.102793870e-02 1.633312070e-06 7.223556870e-08 -4.347214240e-05 -9.586706260e-08
1.255032000e+00 -2.035304950e-06 1.293386660e-02 4.381041080e-06 -2.108164640e-06 1.297702240e-02 4.478059880e-06 7.285969030e-08 -4.315582390e-05 -9.701879860e-08
1.255500000e+00 -2.749564470e-06 1.012425940e-02 4.151979970e-06 -2.822821010e-06 1.016731900e-02 4.249901080e-06 7.325654570e-08 -4.305965290e-05 -9.792110290e-08
1.255966000e+00 -4.153014250e-06 8.517001680e-03 4.965368180e-06 -4.226240310e-06 8.560108000e-03 5.063677090e-06 7.322605700e-08 -4.310631880e-05 -9.830890750e-08
1.256431000e+00 -4.086907960e-06 9.870892090e-03 9.154076220e-06 -4.159863240e-06 9.913823640e-03 9.251991340e-06 7.295528790e-08 -4.293154390e-05 -9.791512620e-08
1.256897000e+00 -1.074000510e-06 1.021956490e-02 4.485811080e-06 -1.147827480e-06 1.026213640e-02 4.584692670e-06 7.382696960e-08 -4.257151540e-05 -9.888158380e-08
1.257362000e+00 -5.249267460e-06 9.387555310e-03 3.880953170e-06 -5.322898900e-06 9.429859370e-03 3.979937250e-06 7.363144220e-08 -4.230405990e-05 -9.898408410e-08
1.257828000e+00 -2.963469360e-06 8.872664160e-03 1.556302980e-06 -3.037828620e-06 8.914663140e-03 1.656305160e-06 7.435926590e-08 -4.199897270e-05 -1.000021750e-07
1.258293000e+00 -1.771372860e-06 8.902518070e-03 8.461840500e-06 -1.846515160e-06 8.944181800e-03 8.562354170e-06 7.514229760e-08 -4.166372780e-05 -1.005136650e-07
1.258759000e+00 1.706081610e-06 1.073932340e-02 -3.906582540e-06 1.628452250e-06 1.078076390e-02 -3.802925040e-06 7.762935840e-08 -4.144048250e-05 -1.036574910e-07
1.259224000e+00 -1.221252120e-06 1.187965900e-02 3.666428500e-07 -1.300368260e-06 1.192086090e-02 4.721316460e-07 7.911613920e-08 -4.120186810e-05 -1.054887960e-07
1.259690000e+00 -3.815137150e-06 8.924113470e-03 5.882879770e-06 -3.894717660e-06 8.965339460e-03 5.988871430e-06 7.958050730e-08 -4.122599140e-05 -1.059916590e-07
1.260149000e+00 -3.245790670e-06 8.863894660e-03 4.523016340e-06 -3.326130070e-06 8.905153640e-03 4.630085700e-06 8.033939780e-08 -4.125898020e-05 -1.070693560e-07
1.260609000e+00 -1.399864450e-06 1.013796430e-02 1.472832880e-06 -1.481687830e-06 1.017896310e-02 1.581850440e-06 8.182338400e-08 -4.099880210e-05 -1.090175600e-07
1.261069000e+00 -3.163351630e-06 1.077287550e-02 5.260366790e-06 -3.246084500e-06 1.081353000e-02 5.370425860e-06 8.273286810e-08 -4.065445600e-05 -1.100590730e-07
1.261528000e+00 6.382209480e-07 9.785246580e-03 7.876582000e-07 5.531854320e-07 9.825632930e-03 9.003095030e-07 8.503551620e-08 -4.038635630e-05 -1.126513030e-07
1.261988000e+00 -1.279358350e-06 8.943785400e-03 1.844127040e-06 -1.366130080e-06 8.983917800e-03 1.958746410e-06 8.677173320e-08 -4.013239960e-05 -1.146193760e-07
1.262447000e+00 -5.721938690e-06 9.171766080e-03 4.620982150e-06 -5.809010840e-06 9.211684120e-03 4.736071810e-06 8.707214820e-08 -3.991803710e-05 -1.150896550e-07
1.262907000e+00 -1.087529280e-06 1.268973130e-02 2.137333940e-06 -1.176404730e-06 1.272914140e-02 2.254260410e-06 8.887544630e-08 -3.941007690e-05 -1.169264670e-07
1.263367000e+00 -9.401332620e-07 1.249928890e-02 2.895184110e-07 -1.030927500e-06 1.253822750e-02 4.084357870e-07 9.079423350e-08 -3.893862060e-05 -1.189173770e-07
1.263826000e+00 -3.156931210e-06 8.976735920e-03 8.925700300e-06 -3.248560090e-06 9.015445890e-03 9.044593590e-06 9.162887610e-08 -3.870997070e-05 -1.188932980e-07
1.264286000e+00 -1.049637260e-06 9.884589110e-03 1.843311660e-06 -1.143283920e-06 9.923013090e-03 1.963996260e-06 9.364666840e-08 -3.842398070e-05 -1.206845950e-07
1.264746000e+00 -1.959240210e-06 8.745196360e-03 3.272021200e-06 -2.054596680e-06 8.783684270e-03 3.394160010e-06 9.535646640e-08 -3.848791010e-05 -1.221388160e-07
1.265205000e+00 -3.326367900e-06 8.949900260e-03 6.269689680e-06 -3.422820660e-06 8.988602360e-03 6.392462090e-06 9.645275690e-08 -3.870210530e-05 -1.227724110e-07
1.265665000e+00 -1.140460360e-07 1.166748210e-02 2.142458140e-06 -2.127889860e-07 1.170561470e-02 2.267396850e-06 9.874294960e-08 -3.813255140e-05 -1.249387190e-07
1.266124000e+00 -3.133738890e-06 1.569846740e-02 1.268661510e-05 -3.233230550e-06 1.573541810e-02 1.281109380e-05 9.949166330e-08 -3.695077240e-05 -1.244787180e-07
1.266577000e+00 2.074207180e-06 1.076266320e-02 -8.218714810e-06 1.971149850e-06 1.079939400e-02 -8.089744040e-06 1.030573340e-07 -3.673077340e-05 -1.289707680e-07
1.267030000e+00 -2.804464150e-06 4.966041270e-03 2.238965090e-06 -2.908967030e-06 5.003525060e-03 2.369317490e-06 1.045028780e-07 -3.748378550e-05 -1.303524000e-07
1.267482000e+00 -5.535508640e-07 9.074964980e-03 7.702810530e-07 -6.602438650e-07 9.112396480e-03 9.028252090e-07 1.066930010e-07 -3.743150020e-05 -1.325441550e-07
1.267935000e+00 3.618837440e-08 1.387088980e-02 -1.519830430e-06 -7.298553750e-08 1.390729770e-02 -1.384495660e-06 1.091739120e-07 -3.640784730e-05 -1.353347750e-07
1.268388000e+00 -2.531322180e-06 1.241578840e-02 -2.136969770e-06 -2.642256820e-06 1.245149970e-02 -1.999229950e-06 1.109346330e-07 -3.571130990e-05 -1.377398190e-07
1.268840000e+00 -5.998473590e-07 9.158198300e-03 8.681408820e-06 -7.125870300e-07 9.193788920e-03 8.820359510e-06 1.127396710e-07 -3.559061460e-05 -1.389506900e-07
1.269293000e+00 2.731540050e-06 1.047026520e-02 -4.323124220e-08 2.615499880e-06 1.050563850e-02 9.922037590e-08 1.160401740e-07 -3.537332410e-05 -1.424516180e-07
1.269746000e+00 -4.356819680e-06 9.543431340e-03 7.760200460e-06 -4.473597150e-06 9.578615730e-03 7.902998870e-06 1.167774660e-07 -3.518439020e-05 -1.427984110e-07
1.270198000e+00 -1.775787050e-06 9.411094290e-03 2.125215200e-06 -1.894365990e-06 9.446048220e-03 2.269889460e-06 1.185789330e-07 -3.495392930e-05 -1.446742580e-07
1.270651000e+00 -4.082868720e-06 1.034261000e-02 3.329789860e-06 -4.202341020e-06 1.037733160e-02 3.475352180e-06 1.194722960e-07 -3.472168540e-05 -1.455623210e-07
1.271104000e+00 2.598059760e-07 1.038894180e-02 1.519467150e-06 1.380294850e-07 1.042355540e-02 1.667245690e-06 1.217764910e-07 -3.461354800e-05 -1.477785400e-07
1.271556000e+00 3.149685000e-06 1.035133900e-02 -3.643150540e-06 3.024436290e-06 1.038570180e-02 -3.491497680e-06 1.252487100e-07 -3.436281630e-05 -1.516528650e-07
1.272009000e+00 -3.781071020e-06 1.019079700e-02 7.867809560e-06 -3.906716000e-06 1.022463420e-02 8.019180310e-06 1.256449780e-07 -3.383715710e-05 -1.513707420e-07
1.272462000e+00 4.080084740e-07 1.008291830e-02 3.365760110e-06 2.804943130e-07 1.011631260e-02 3.518600250e-06 1.275141610e-07 -3.339430290e-05 -1.528401380e-07
1.272914000e+00 -6.316568050e-06 1.371201940e-02 2.321438890e-06 -6.444002980e-06 1.374500770e-02 2.474213730e-06 1.274349350e-07 -3.298833870e-05 -1.527748350e-07
1.273367000e+00 -2.660303180e-07 1.319803060e-02 1.641551120e-06 -3.950548060e-07 1.323067050e-02 1.796032130e-06 1.290244880e-07 -3.263987780e-05 -1.544810090e-07
1.273811000e+00 1.732804480e-06 9.356432860e-03 -1.170400720e-06 1.601503950e-06 9.388852480e-03 -1.013554470e-06 1.313005320e-07 -3.241961940e-05 -1.568462520e-07
1.274255000e+00 1.062692030e-07 7.585364280e-03 1.590323050e-06 -2.669165940e-08 7.617532610e-03 1.748597420e-06 1.329608620e-07 -3.216833110e-05 -1.582743650e-07
1.274708000e+00 1.022839110e-06 9.892084640e-03 -4.995020970e-06 8.875960160e-07 9.923989740e-03 -4.834048400e-06 1.352430970e-07 -3.190510180e-05 -1.609725650e-07
1.275151000e+00 8.792008570e-07 9.928190740e-03 -3.709665410e-07 7.420321720e-07 9.960046010e-03 -2.081613360e-07 1.371686850e-07 -3.185526910e-05 -1.628052040e-07
1.275595000e+00 -4.149183910e-06 1.051685850e-02 4.269112210e-06 -4.286684270e-06 1.054842280e-02 4.431934580e-06 1.375003610e-07 -3.156429010e-05 -1.628223690e-07
1.276038000e+00 1.640028340e-06 1.319968470e-02 1.847623730e-06 1.500348520e-06 1.323049580e-02 2.012252430e-06 1.396798190e-07 -3.081107060e-05 -1.646287040e-07
1.276482000e+00 1.264976350e-07 1.300513880e-02 3.360714850e-07 -1.475790510e-08 1.303535710e-02 5.021437630e-07 1.412555410e-07 -3.021828650e-05 -1.660722780e-07
1.276926000e+00 -4.194295320e-06 8.242425230e-03 9.027009290e-06 -4.335229780e-06 8.272596450e-03 9.192045320e-06 1.409344660e-07 -3.017122650e-05 -1.650360350e-07
1.277369000e+00 5.203761580e-07 7.173433650e-03 2.780622740e-06 3.781236290e-07 7.203576650e-03 2.946530770e-06 1.422525290e-07 -3.014300270e-05 -1.659080280e-07
1.277813000e+00 -3.943458370e-06 9.402701260e-03 6.600793380e-06 -4.085568410e-06 9.432513720e-03 6.765903840e-06 1.421100390e-07 -2.981246030e-05 -1.651104590e-07
1.278256000e+00 -7.512111030e-07 9.715536040e-03 7.753915570e-06 -8.940876970e-07 9.744902080e-03 7.918867730e-06 1.428765940e-07 -2.936603230e-05 -1.649521580e-07
1.278700000e+00 1.094106000e-05 1.225368170e-02 -5.582209180e-06 1.079327310e-05 1.228265420e-02 -5.412419940e-06 1.477869110e-07 -2.897250410e-05 -1.697892390e-07
1.279143000e+00 -8.330127550e-06 1.443420470e-02 1.464681520e-06 -8.476514360e-06 1.446283230e-02 1.633282930e-06 1.463868120e-07 -2.862765390e-05 -1.686014100e-07
1.279587000e+00 4.831228220e-07 1.228711090e-02 1.003124650e-06 3.355733630e-07 1.231549410e-02 1.172879550e-06 1.475494580e-07 -2.838313650e-05 -1.697548910e-07
1.280019000e+00 -2.311878960e-06 5.049362380e-03 3.897698460e-06 -2.459578350e-06 5.077859550e-03 4.067355420e-06 1.476993870e-07 -2.849716600e-05 -1.696569590e-07
1.280463000e+00 -3.020387610e-07 4.217060580e-03 4.460435960e-06 -4.500758960e-07 4.245573530e-03 4.630345000e-06 1.480371350e-07 -2.851294340e-05 -1.699090460e-07
1.280907000e+00 -9.111550750e-07 1.179890470e-02 -4.987805000e-06 -1.059730510e-06 1.182682030e-02 -4.816589170e-06 1.485754320e-07 -2.791562320e-05 -1.712158300e-07
1.281351000e+00 -8.427481550e-06 1.504588010e-02 6.099779970e-06 -8.573714150e-06 1.507307960e-02 6.268695190e-06 1.462325980e-07 -2.719943440e-05 -1.689152180e-07
1.281795000e+00 -4.295284760e-06 1.112287130e-02 6.733197450e-06 -4.440399110e-06 1.114971660e-02 6.900537090e-06 1.451143490e-07 -2.684531210e-05 -1.673396370e-07
1.282225000e+00 -4.083747330e-06 9.405422130e-03 8.487081090e-06 -4.227842820e-06 9.432004550e-03 8.652686100e-06 1.440954860e-07 -2.658241360e-05 -1.656050150e-07
1.282656000e+00 -5.173733440e-06 1.012406070e-02 6.350467760e-06 -5.316365510e-06 1.015039780e-02 6.514250470e-06 1.426320720e-07 -2.633703350e-05 -1.637827030e-07
1.283086000e+00 -6.074178250e-06 8.133805760e-03 1.510471990e-05 -6.214600970e-06 8.160071140e-03 1.526527500e-05 1.404227210e-07 -2.626538420e-05 -1.605550510e-07
1.283517000e+00 6.678759610e-06 8.202649860e-03 -3.419317110e-06 6.536052800e-06 8.228824890e-03 -3.256538790e-06 1.427068090e-07 -2.617502400e-05 -1.627783210e-07
1.283947000e+00 -2.498829050e-06 1.076339900e-02 4.542332050e-06 -2.640719940e-06 1.078899260e-02 4.704078630e-06 1.418908910e-07 -2.559362700e-05 -1.617465790e-07
1.284377000e+00 -1.110597540e-06 1.199165820e-02 6.941498360e-06 -1.251801910e-06 1.201646580e-02 7.102069710e-06 1.412043710e-07 -2.480765830e-05 -1.605713450e-07
1.284808000e+00 1.040482520e-07 1.174580300e-02 5.161430410e-06 -3.672978470e-08 1.177026950e-02 5.321298830e-06 1.407780370e-07 -2.446645470e-05 -1.598684200e-07
1.285238000e+00 -1.032459330e-06 1.017954820e-02 3.219611330e-06 -1.172457760e-06 1.020416440e-02 3.378716330e-06 1.399984310e-07 -2.461623030e-05 -1.591049960e-07
1.285669000e+00 -3.283646570e-07 9.851680360e-03 3.967317900e-06 -4.675842050e-07 9.876187760e-03 4.125553920e-06 1.392195480e-07 -2.450740120e-05 -1.582360260e-07
1.286099000e+00 3.328017650e-06 9.219691590e-03 4.068162330e-06 3.188728390e-06 9.243734410e-03 4.226611830e-06 1.392892570e-07 -2.404281990e-05 -1.584494900e-07
1.286530000e+00 1.021491660e-07 9.152064990e-03 -3.192566910e-06 -3.669187150e-08 9.175664150e-03 -3.033839560e-06 1.388410370e-07 -2.359916480e-05 -1.587273430e-07
1.286960000e+00 6.882440190e-06 1.087364490e-02 -1.452678780e-06 6.742145610e-06 1.089689870e-02 -1.292519950e-06 1.402945750e-07 -2.325377810e-05 -1.601588310e-07
1.287391000e+00 3.126600210e-06 1.010343440e-02 2.119592950e-06 2.986017460e-06 1.012645920e-02 2.279926260e-06 1.405827440e-07 -2.302479690e-05 -1.603333070e-07
1.287821000e+00 1.631857800e-05 1.088366550e-02 -1.455118420e-05 1.617295200e-05 1.090640360e-02 -1.438491920e-05 1.456260650e-07 -2.273812830e-05 -1.662649500e-07
1.288252000e+00 1.268988370e-06 9.952015370e-03 5.787087090e-06 1.123978060e-06 9.974545400e-03 5.952169100e-06 1.450103120e-07 -2.253003400e-05 -1.650820090e-07
1.288682000e+00 1.285584010e-06 1.006849300e-02 3.773277580e-06 1.141282060e-06 1.009077240e-02 3.937535830e-06 1.443019540e-07 -2.227941990e-05 -1.642582480e-07
1.289113000e+00 3.009120360e-06 9.318632030e-03 -4.759712420e-06 2.864736080e-06 9.340547040e-03 -4.594951130e-06 1.443842750e-07 -2.191501160e-05 -1.647612940e-07
1.289543000e+00 5.271344700e-06 1.041198150e-02 -6.005094640e-06 5.126299700e-06 1.043348600e-02 -5.839043330e-06 1.450450060e-07 -2.150446400e-05 -1.660513020e-07
1.289973000e+00 -9.505590390e-08 8.968522420e-03 7.707833610e-06 -2.384121270e-07 8.989867310e-03 7.871724890e-06 1.433562230e-07 -2.134489100e-05 -1.638912840e-07
1.290404000e+00 2.473560150e-06 8.060070990e-03 1.869361090e-06 2.330943040e-06 8.081420710e-03 2.032522340e-06 1.426171080e-07 -2.134971660e-05 -1.631612560e-07
1.290834000e+00 2.724296100e-06 9.771726530e-03 7.454218060e-07 2.582346040e-06 9.792727680e-03 9.082144160e-07 1.419500630e-07 -2.100115260e-05 -1.627926100e-07
1.291265000e+00 4.238301530e-06 1.277575560e-02 2.488766850e-06 4.096739310e-06 1.279603010e-02 2.651358650e-06 1.415622110e-07 -2.027444520e-05 -1.625917960e-07
1.291695000e+00 -2.709551970e-06 1.035163690e-02 2.582062580e-06 -2.848712510e-06 1.037146500e-02 2.742734980e-06 1.391605370e-07 -1.982809190e-05 -1.606724040e-07
1.292126000e+00 2.993908440e-06 8.214604170e-03 2.408124320e-06 2.855506070e-06 8.234418710e-03 2.568339590e-06 1.384023690e-07 -1.981454160e-05 -1.602152740e-07
1.292556000e+00 -3.619414030e-07 7.685648760e-03 7.029284380e-06 -4.982809820e-07 7.705476670e-03 7.187502290e-06 1.363395780e-07 -1.982791070e-05 -1.582179100e-07
1.292987000e+00 -2.255844850e-06 8.207684990e-03 -2.497133190e-07 -2.389989640e-06 8.227245320e-03 -9.290432720e-08 1.341447940e-07 -1.956033130e-05 -1.568089920e-07
1.293417000e+00 4.394782820e-06 1.037629750e-02 6.470150520e-06 4.261343980e-06 1.039540250e-02 6.626640480e-06 1.334388460e-07 -1.910506280e-05 -1.564899600e-07
1.293848000e+00 3.070195230e-06 9.004763010e-03 1.071977290e-05 2.938240160e-06 9.023588490e-03 1.087474980e-05 1.319550730e-07 -1.882548860e-05 -1.549769460e-07
1.294278000e+00 1.978027510e-06 1.080286070e-02 6.124092340e-06 1.848010630e-06 1.082145680e-02 6.277396010e-06 1.300168770e-07 -1.859617400e-05 -1.533036690e-07
1.294709000e+00 4.588233390e-06 9.935900000e-03 -6.065356230e-07 4.459235890e-06 9.954275350e-03 -4.534531890e-07 1.289975020e-07 -1.837534590e-05 -1.530824350e-07
1.295139000e+00 4.089375230e-06 9.453085190e-03 2.289210510e-06 3.961733870e-06 9.471133640e-03 2.441453640e-06 1.276413600e-07 -1.804844870e-05 -1.522431360e-07
1.295570000e+00 2.638250150e-06 8.721643060e-03 2.581436440e-06 2.512474810e-06 8.739374900e-03 2.732050150e-06 1.257753360e-07 -1.773184390e-05 -1.506137170e-07
1.296000000e+00 -2.598715890e-06 9.188210660e-03 1.281661310e-06 -2.720895630e-06 9.205626910e-03 1.429201110e-06 1.221797420e-07 -1.741625550e-05 -1.475398000e-07
1.296435000e+00 3.684491240e-06 8.716445290e-03 2.966070270e-06 3.564435150e-06 8.733532430e-03 3.111099860e-06 1.200560920e-07 -1.708714820e-05 -1.450295980e-07
1.296871000e+00 -1.699959100e-06 9.488725640e-03 5.076091170e-06 -1.816232560e-06 9.505471420e-03 5.216818930e-06 1.162734630e-07 -1.674577820e-05 -1.407277620e-07
1.297306000e+00 2.116443880e-06 9.763376660e-03 3.793674630e-06 2.002834240e-06 9.779746300e-03 3.931224500e-06 1.136096390e-07 -1.636963730e-05 -1.375498710e-07
1.297742000e+00 5.273280390e-06 1.016709050e-02 3.491319940e-06 5.161395760e-06 1.018310050e-02 3.626468450e-06 1.118846300e-07 -1.601001940e-05 -1.351485180e-07
1.298177000e+00 2.739408330e-06 8.483278670e-03 3.545394400e-06 2.630008800e-06 8.499237400e-03 3.677559510e-06 1.093995290e-07 -1.595872900e-05 -1.321651040e-07
1.298613000e+00 5.532866830e-06 7.285247480e-03 3.023613650e-06 5.425193310e-06 7.301283070e-03 3.153544320e-06 1.076735200e-07 -1.603558630e-05 -1.299306780e-07
1.299048000e+00 4.872979910e-07 8.637305170e-03 4.712600650e-06 3.831352630e-07 8.652931170e-03 4.838625520e-06 1.041627270e-07 -1.562600190e-05 -1.260248730e-07
1.299484000e+00 -3.051905400e-08 1.028938580e-02 1.038364310e-05 -1.305784390e-07 1.030426910e-02 1.050481970e-05 1.000593850e-07 -1.488333320e-05 -1.211765420e-07
1.299919000e+00 2.458150390e-06 9.243287730e-03 -2.416215100e-07 2.360666560e-06 9.257872430e-03 -1.230065150e-07 9.748383180e-08 -1.458470810e-05 -1.186149950e-07
1.300355000e+00 9.813931030e-06 8.009582040e-03 -1.344741400e-05 9.716323220e-06 8.024257160e-03 -1.332785470e-05 9.760781290e-08 -1.467511840e-05 -1.195593000e-07
1.300790000e+00 -7.966338480e-06 8.803720350e-03 1.477756600e-05 -8.057434300e-06 8.818334410e-03 1.488968970e-05 9.109581750e-08 -1.461405550e-05 -1.121237430e-07
1.301226000e+00 1.147209210e-05 9.115054830e-03 2.407949020e-06 1.138112930e-05 9.129341120e-03 2.519926760e-06 9.096280190e-08 -1.428629440e-05 -1.119777390e-07
1.301661000e+00 1.078241070e-05 8.987262310e-03 -7.937529350e-06 1.069156980e-05 9.001232300e-03 -7.825052870e-06 9.084092840e-08 -1.396999180e-05 -1.124764770e-07
1.302097000e+00 8.484932010e-06 8.556369130e-03 -7.459375740e-07 8.395347020e-06 8.570060580e-03 -6.347127850e-07 8.958498740e-08 -1.369144640e-05 -1.112247900e-07
1.302532000e+00 4.409630160e-07 7.480408110e-03 1.570500550e-06 3.552634060e-07 7.493925060e-03 1.677887750e-06 8.569961030e-08 -1.351695200e-05 -1.073871990e-07
1.302968000e+00 9.424770480e-06 8.588126100e-03 1.448301620e-07 9.339895270e-06 8.601306710e-03 2.516456770e-07 8.487521670e-08 -1.318061070e-05 -1.068155150e-07
1.303403000e+00 6.137184030e-06 9.713971670e-03 2.124426650e-06 6.054342420e-06 9.726533470e-03 2.229341890e-06 8.284161220e-08 -1.256180230e-05 -1.049152450e-07
1.303839000e+00 4.975901870e-06 1.104787190e-02 -1.767140760e-06 4.895325880e-06 1.105989540e-02 -1.664054470e-06 8.057598830e-08 -1.202350920e-05 -1.030862910e-07
1.304274000e+00 7.873286140e-06 6.380285630e-03 6.693755710e-07 7.794310460e-06 6.392548190e-03 7.714089850e-07 7.897568130e-08 -1.226256120e-05 -1.020334150e-07
1.304710000e+00 4.775187250e-06 5.302968520e-03 2.876341290e-06 4.698793660e-06 5.315462350e-03 2.976252980e-06 7.639358430e-08 -1.249383330e-05 -9.991168100e-08
1.305151000e+00 1.939206380e-06 7.793752220e-03 6.334785900e-06 1.866627940e-06 7.805986780e-03 6.431360590e-06 7.257843500e-08 -1.223456360e-05 -9.657469390e-08
1.305593000e+00 1.139416410e-05 1.034808510e-02 -3.147476610e-06 1.132203360e-05 1.035992490e-02 -3.050410410e-06 7.213045960e-08 -1.183980610e-05 -9.706620510e-08
1.306034000e+00 7.616978810e-06 8.195900090e-03 5.238386310e-06 7.547058310e-06 8.207464740e-03 5.333604520e-06 6.992049120e-08 -1.156464880e-05 -9.521820370e-08
1.306476000e+00 6.845843570e-06 5.748960560e-03 -2.308898460e-06 6.778144690e-06 5.760222020e-03 -2.214591080e-06 6.769887520e-08 -1.126146510e-05 -9.430738240e-08
1.306917000e+00 4.739521790e-06 6.965151170e-03 7.934211640e-06 4.675111090e-06 6.976100400e-03 8.025446300e-06 6.441069340e-08 -1.094923270e-05 -9.123466290e-08
1.307359000e+00 1.426190200e-05 9.179215690e-03 -5.030451870e-06 1.419717560e-05 9.189859630e-03 -4.937798440e-06 6.472636870e-08 -1.064394800e-05 -9.265342480e-08
1.307800000e+00 8.474337370e-06 8.530758380e-03 -2.213134470e-06 8.411250480e-06 8.541106300e-03 -2.120863720e-06 6.308688480e-08 -1.034792210e-05 -9.227074880e-08
1.308242000e+00 6.627550010e-06 7.694896710e-03 -3.974037070e-06 6.566405120e-06 7.705193440e-03 -3.881733850e-06 6.114489140e-08 -1.029673070e-05 -9.230322000e-08
1.308683000e+00 -6.409033810e-06 7.609849710e-03 1.493634670e-05 -6.463055100e-06 7.620294780e-03 1.502115220e-05 5.402129650e-08 -1.044506730e-05 -8.480545720e-08
1.309125000e+00 6.893290650e-06 7.204168960e-03 7.935722060e-06 6.842100510e-06 7.214283040e-03 8.018040540e-06 5.119013870e-08 -1.011408240e-05 -8.231848670e-08
1.309567000e+00 5.251291740e-06 8.885378190e-03 4.731273970e-06 5.203285920e-06 8.894617290e-03 4.811072090e-06 4.800581880e-08 -9.239105490e-06 -7.979811800e-08
1.310008000e+00 6.425346880e-06 5.952180730e-03 3.070305470e-06 6.380141560e-06 5.961097100e-03 3.148032890e-06 4.520531290e-08 -8.916373250e-06 -7.772741670e-08
1.310457000e+00 1.189833300e-05 5.821606430e-03 3.044764860e-07 1.185409890e-05 5.830865580e-03 3.820452180e-07 4.423405480e-08 -9.259152150e-06 -7.756873180e-08
1.310906000e+00 1.063749020e-06 6.155404850e-03 4.734651640e-06 1.024277920e-06 6.164812620e-03 4.808555480e-06 3.947110260e-08 -9.407762290e-06 -7.390384390e-08
1.311355000e+00 8.112742290e-06 9.367482970e-03 -5.463521440e-07 8.075400270e-06 9.376305060e-03 -4.733792120e-07 3.734201220e-08 -8.822092430e-06 -7.297293130e-08
1.311804000e+00 4.514682500e-06 1.033080650e-02 4.299032000e-06 4.480949060e-06 1.033895420e-02 4.369398520e-06 3.373344680e-08 -8.147645800e-06 -7.036652880e-08
1.312253000e+00 7.363449850e-06 7.322102210e-03 4.714903280e-07 7.332259160e-06 7.330105360e-03 5.403822930e-07 3.119068600e-08 -8.003151970e-06 -6.889196440e-08
1.312702000e+00 6.003635820e-06 4.116141790e-03 2.766454500e-06 5.975447280e-06 4.124168590e-03 2.833180050e-06 2.818854150e-08 -8.026796080e-06 -6.672554160e-08
1.313151000e+00 4.945563800e-06 6.479761070e-03 3.230133950e-06 4.920851000e-06 6.487702710e-03 3.294231140e-06 2.471280380e-08 -7.941638140e-06 -6.409719230e-08
1.313600000e+00 8.771316020e-06 6.987339390e-03 -1.128123940e-06 8.748632730e-06 6.995171400e-03 -1.064909310e-06 2.268328920e-08 -7.832005650e-06 -6.321463310e-08
1.314049000e+00 3.551367200e-06 7.531820820e-03 6.924794240e-07 3.532348790e-06 7.539430600e-03 7.530368920e-07 1.901840780e-08 -7.609783030e-06 -6.055746760e-08
1.314498000e+00 3.770283340e-06 6.495084780e-03 1.672778890e-06 3.755069350e-06 6.502342720e-03 1.730554880e-06 1.521399160e-08 -7.257945270e-06 -5.777598800e-08
1.314947000e+00 8.253057590e-06 5.939254180e-03 8.960087950e-07 8.239972180e-06 5.946214700e-03 9.522864890e-07 1.308540790e-08 -6.960516570e-06 -5.627769450e-08
1.315396000e+00 1.383177560e-05 6.848310640e-03 -2.555732580e-06 1.381891170e-05 6.854935140e-03 -2.498708260e-06 1.286386870e-08 -6.624495310e-06 -5.702431830e-08
1.315845000e+00 1.081454670e-05 7.802631470e-03 -1.612184990e-06 1.080301200e-05 7.808805600e-03 -1.555719420e-06 1.153474900e-08 -6.174126180e-06 -5.646556630e-08
1.316294000e+00 8.635267010e-06 6.312208960e-03 2.049337480e-07 8.625716850e-06 6.318382360e-03 2.600463460e-07 9.550162890e-09 -6.173399340e-06 -5.511259830e-08
1.316743000e+00 7.933864570e-06 4.896355460e-03 1.865088350e-06 7.926451090e-06 4.902853150e-03 1.918578470e-06 7.413489000e-09 -6.497697360e-06 -5.349011890e-08
1.317192000e+00 6.545374340e-06 6.407731670e-03 4.601912030e-06 6.540570170e-06 6.414081960e-03 4.653123490e-06 4.804169090e-09 -6.350291060e-06 -5.121146570e-08
1.317641000e+00 7.745987270e-06 7.354556650e-03 1.263681330e-06 7.743254890e-06 7.360419440e-03 1.313399720e-06 2.732379230e-09 -5.862786820e-06 -4.971839000e-08
1.318101000e+00 6.002226430e-06 7.526327040e-03 -1.559666270e-06 6.001980970e-06 7.531841100e-03 -1.511538430e-06 2.454559660e-10 -5.514055150e-06 -4.812783980e-08
1.318561000e+00 8.905730740e-06 6.265983750e-03 5.419574790e-07 8.907148030e-06 6.271167460e-03 5.890583300e-07 -1.417291080e-09 -5.183703250e-06 -4.710085110e-08
1.319021000e+00 9.119278220e-06 6.379570680e-03 -8.842559850e-07 9.122118660e-06 6.384428470e-03 -8.378980010e-07 -2.840441480e-09 -4.857788170e-06 -4.635798430e-08
1.319481000e+00 2.186207350e-06 5.348677290e-03 6.452102020e-06 2.193117010e-06 5.353480230e-03 6.494861010e-06 -6.909657130e-09 -4.802934950e-06 -4.275898810e-08
1.319941000e+00 9.111865350e-06 6.074128940e-03 -5.865841640e-06 9.119839520e-06 6.078868550e-03 -5.822966460e-06 -7.974166230e-09 -4.739608950e-06 -4.287518330e-08
1.320401000e+00 2.069488120e-06 6.479343550e-03 4.567531910e-06 2.081267700e-06 6.483791730e-03 4.606595500e-06 -1.177958660e-08 -4.448172270e-06 -3.906359750e-08
1.320861000e+00 1.804756970e-05 5.882329450e-03 -5.202129990e-06 1.805719350e-05 5.886389460e-03 -5.160054840e-06 -9.623752190e-09 -4.060008290e-06 -4.207514560e-08
1.321321000e+00 8.926182670e-06 5.030892720e-03 -2.096138970e-07 8.936898690e-06 5.034875950e-03 -1.679460770e-07 -1.071601540e-08 -3.983227390e-06 -4.166782030e-08
1.321781000e+00 8.100276350e-06 3.117103940e-03 -5.652255870e-07 8.112302450e-06 3.121283430e-03 -5.241105070e-07 -1.202610360e-08 -4.179488060e-06 -4.111508020e-08
1.322241000e+00 -1.015012960e-06 4.664780180e-03 2.100534550e-06 -9.985628020e-07 4.668830840e-03 2.138372240e-06 -1.645016200e-08 -4.050662660e-06 -3.783769230e-08
1.322701000e+00 2.302424280e-05 7.619554410e-03 -4.892881250e-06 2.303666610e-05 7.623076510e-03 -4.851147230e-06 -1.242339220e-08 -3.522096820e-06 -4.173401930e-08
1.323161000e+00 8.552196350e-06 5.615776400e-03 -1.134225130e-06 8.565893490e-06 5.619044160e-03 -1.093173750e-06 -1.369714200e-08 -3.267761720e-06 -4.105138410e-08
1.323637000e+00 7.377144370e-06 3.907274330e-03 -7.268121710e-07 7.392554240e-06 3.910659110e-03 -6.868853490e-07 -1.540987340e-08 -3.384783720e-06 -3.992682230e-08
1.324114000e+00 7.962985710e-06 3.665271090e-03 -2.364460270e-07 7.979937040e-06 3.668739930e-03 -1.976078690e-07 -1.695132230e-08 -3.468844070e-06 -3.883815830e-08
1.324590000e+00 3.406892810e-06 5.356970440e-03 5.110672320e-06 3.427123940e-06 5.360073270e-03 5.146468430e-06 -2.023112800e-08 -3.102829980e-06 -3.579610160e-08
1.325067000e+00 9.147685950e-06 5.967554780e-03 -1.076563930e-06 9.169009220e-06 5.970300570e-03 -1.041520220e-06 -2.132327160e-08 -2.745785930e-06 -3.504370730e-08
1.325543000e+00 7.935670780e-06 6.295637880e-03 -8.616180030e-07 7.958429020e-06 6.298001800e-03 -8.275693910e-07 -2.275823620e-08 -2.363923950e-06 -3.404861160e-08
1.326019000e+00 3.609913450e-06 6.785860440e-03 2.102414330e-07 3.635595190e-06 6.787790920e-03 2.420228200e-07 -2.568174110e-08 -1.930487140e-06 -3.178138690e-08
1.326496000e+00 7.189076520e-06 4.539100510e-03 3.554856800e-06 7.216460280e-06 4.541014070e-03 3.585007490e-06 -2.738375970e-08 -1.913568210e-06 -3.015068530e-08
1.326972000e+00 7.768842110e-06 2.572174300e-03 1.593763550e-06 7.797544730e-06 2.574211010e-03 1.622711670e-06 -2.870261700e-08 -2.036711390e-06 -2.894811530e-08
1.327448000e+00 4.716586330e-06 4.220882020e-03 6.617530810e-07 4.747703800e-06 4.222694410e-03 6.887768590e-07 -3.111747370e-08 -1.812389610e-06 -2.702377790e-08
1.327925000e+00 5.258481460e-06 4.657682140e-03 1.517152280e-06 5.291864080e-06 4.659193510e-03 1.542225290e-06 -3.338261320e-08 -1.511362780e-06 -2.507300910e-08
1.328401000e+00 6.561229780e-06 4.502898170e-03 -4.200725460e-07 6.596312280e-06 4.504140900e-03 -3.962503050e-07 -3.508250170e-08 -1.242725980e-06 -2.382224120e-08
1.328878000e+00 2.595626760e-06 5.754503280e-03 3.680379780e-06 2.633902880e-06 5.755291510e-03 3.701463710e-06 -3.827611480e-08 -7.882245140e-07 -2.108392430e-08
1.329354000e+00 3.979569860e-06 4.591566070e-03 2.514991700e-06 4.020331650e-06 4.592211540e-03 2.533905490e-06 -4.076179030e-08 -6.454774200e-07 -1.891378870e-08
1.329830000e+00 4.349740060e-06 1.104358170e-03 2.266717080e-07 4.392695820e-06 1.105324570e-03 2.438880760e-07 -4.295575820e-08 -9.664012850e-07 -1.721636820e-08
1.330307000e+00 1.048773300e-06 2.854538280e-03 2.439478860e-06 1.095034820e-06 2.855454210e-03 2.454055860e-06 -4.626151980e-08 -9.159278500e-07 -1.457699980e-08
1.330783000e+00 5.590157320e-06 5.580117840e-03 -5.715525940e-08 5.637960720e-06 5.580536820e-03 -4.353974860e-08 -4.780339910e-08 -4.189846160e-07 -1.361551080e-08
1.331260000e+00 -3.651552720e-06 5.059052060e-03 1.341879420e-05 -3.598411110e-06 5.059120960e-03 1.342701390e-05 -5.314161030e-08 -6.890237090e-08 -8.219716200e-09
1.331736000e+00 2.098953300e-06 3.960400490e-03 -7.163167780e-06 2.154604660e-06 3.960224860e-03 -7.156407890e-06 -5.565135870e-08 1.756337160e-07 -6.759887660e-09
1.332212000e+00 8.129736190e-06 3.844719700e-03 5.180663820e-06 8.186053450e-06 3.844301230e-03 5.187098030e-06 -5.631726290e-08 4.184754530e-07 -6.434208630e-09
1.332689000e+00 5.734947990e-06 3.234538890e-03 1.338682500e-06 5.792614940e-06 3.234166430e-03 1.344298510e-06 -5.766694340e-08 3.724642060e-07 -5.616004800e-09
1.333165000e+00 6.669884220e-06 3.297996920e-03 -8.124192700e-06 6.728183870e-06 3.297652740e-03 -8.117950670e-06 -5.829964480e-08 3.441831640e-07 -6.242030960e-09
1.333642000e+00 4.372690310e-06 3.744549210e-03 5.106534100e-09 4.432715110e-06 3.743734860e-03 1.040848900e-08 -6.002480820e-08 8.143500740e-07 -5.301954910e-09
1.334118000e+00 5.794802190e-06 4.424708510e-03 3.076166930e-07 5.855953190e-06 4.423323030e-03 3.125210170e-07 -6.115099260e-08 1.385487230e-06 -4.904324160e-09
1.334594000e+00 5.635669940e-06 2.789707130e-03 -2.085188620e-06 5.697960980e-06 2.788308380e-03 -2.080460920e-06 -6.229104430e-08 1.398752430e-06 -4.727698540e-09
1.335071000e+00 5.737209070e-06 3.503542140e-03 1.059225100e-06 5.800710560e-06 3.502157710e-03 1.063414780e-06 -6.350148100e-08 1.384422830e-06 -4.189683890e-09
1.335547000e+00 2.234378800e-06 3.254900700e-03 3.795532270e-06 2.300297540e-06 3.253455420e-03 3.797679490e-06 -6.591874010e-08 1.445280230e-06 -2.147218580e-09
1.336024000e+00 6.444281360e-06 3.763462270e-03 -3.794984570e-06 6.510923210e-06 3.762008030e-03 -3.792380230e-06 -6.664185230e-08 1.454236630e-06 -2.604341080e-09
1.336500000e+00 2.448848550e-06 3.815025340e-03 -3.186325750e-06 2.517654220e-06 3.813281190e-03 -3.184979390e-06 -6.880566510e-08 1.744155800e-06 -1.346366140e-09
1.337019000e+00 4.802268170e-06 3.307514350e-03 1.353899440e-06 4.872661730e-06 3.305222090e-03 1.354104520e-06 -7.039356000e-08 2.292259260e-06 -2.050802040e-10
1.337545000e+00 1.466412270e-06 2.770310730e-03 9.835420050e-06 1.540012880e-06 2.767808710e-03 9.832200720e-06 -7.360060250e-08 2.502023140e-06 3.219331170e-09
1.338071000e+00 4.010343410e-06 3.652047460e-03 -3.926732380e-06 4.085586380e-06 3.649564930e-03 -3.930436280e-06 -7.524296510e-08 2.482530490e-06 3.703896740e-09
1.338597000e+00 7.209010330e-06 1.404475380e-03 -3.249394030e-06 7.284674950e-06 1.401972840e-03 -3.252804650e-06 -7.566462950e-08 2.502548050e-06 3.410617640e-09
1.339131000e+00 4.423524210e-06 6.756689170e-04 8.965404960e-07 4.500744650e-06 6.731316900e-04 8.921326400e-07 -7.722044340e-08 2.537226450e-06 4.407855410e-09
1.339672000e+00 4.568651150e-06 2.408845470e-03 9.042522560e-07 4.647367800e-06 2.406062490e-03 8.988314070e-07 -7.871664410e-08 2.782976720e-06 5.420849020e-09
1.340213000e+00 -3.478574030e-07 3.328857430e-03 1.554444010e-07 -2.655719240e-07 3.325745950e-03 1.476935800e-07 -8.228547870e-08 3.111486150e-06 7.750821790e-09
1.340754000e+00 1.089601620e-05 2.755392360e-03 2.216236200e-06 1.097712900e-05 2.752033300e-03 2.209253080e-06 -8.111285540e-08 3.359058450e-06 6.983127690e-09
1.341295000e+00 3.651225700e-06 2.244283790e-03 6.437781850e-06 3.734334570e-06 2.240699030e-03 6.428970600e-06 -8.310887060e-08 3.584752700e-06 8.811249150e-09
1.341844000e+00 2.188792990e-06 1.113312760e-03 5.104275520e-06 2.274400440e-06 1.109873680e-03 5.093424850e-06 -8.560745060e-08 3.439081550e-06 1.085067390e-08
1.342393000e+00 4.206426530e-06 1.417713070e-03 -7.742306460e-07 4.293578530e-06 1.414343560e-03 -7.856908640e-07 -8.715200070e-08 3.369507890e-06 1.146021800e-08
1.342943000e+00 4.538955690e-06 2.821562810e-03 8.184714390e-07 4.627562220e-06 2.817578870e-03 8.065046700e-07 -8.860653180e-08 3.983935690e-06 1.196676940e-08
1.343501000e+00 3.554471860e-06 2.490728830e-03 1.004635260e-06 3.644977630e-06 2.486357210e-03 9.918309690e-07 -9.050576700e-08 4.371621100e-06 1.280429270e-08
1.344059000e+00 3.169986510e-06 9.721351910e-04 5.101665750e-06 3.262520590e-06 9.679816910e-04 5.087465010e-06 -9.253407940e-08 4.153499880e-06 1.420074010e-08
1.344618000e+00 1.250086660e-06 2.031841400e-03 -1.847628450e-06 1.345282510e-06 2.027579070e-03 -1.862998090e-06 -9.519584550e-08 4.262321180e-06 1.536963970e-08
1.345176000e+00 2.320594240e-06 2.517755330e-03 4.778074600e-06 2.418069050e-06 2.513133670e-03 4.761066360e-06 -9.747481000e-08 4.621660100e-06 1.700823410e-08
1.345744000e+00 2.353673120e-06 1.569872830e-03 -1.219402210e-06 2.453323420e-06 1.565086130e-03 -1.237342110e-06 -9.965029790e-08 4.786702210e-06 1.793989840e-08
1.346313000e+00 2.401507740e-06 8.216257600e-04 2.128972310e-06 2.503310390e-06 8.167272110e-04 2.109511790e-06 -1.018026550e-07 4.898549510e-06 1.946052250e-08
1.346881000e+00 4.335851580e-06 1.788123320e-03 -5.032245010e-07 4.438832530e-06 1.782946230e-03 -5.231968790e-07 -1.029809490e-07 5.177089190e-06 1.997237850e-08
1.347460000e+00 3.279524510e-06 2.081101420e-03 1.269745820e-06 3.384221620e-06 2.075646830e-03 1.248572570e-06 -1.046971140e-07 5.454589820e-06 2.117324980e-08
1.348039000e+00 4.646805050e-06 -1.201359450e-03 4.284288570e-06 4.752572170e-06 -1.206411340e-03 4.261949570e-06 -1.057671220e-07 5.051891310e-06 2.233900060e-08
1.348618000e+00 3.731338670e-06 3.408338180e-04 2.415848560e-06 3.838860090e-06 3.357485210e-04 2.392036280e-06 -1.075214200e-07 5.085297810e-06 2.381228610e-08
1.349210000e+00 4.306496400e-06 4.987550780e-03 1.160608630e-07 4.415759470e-06 4.981426700e-03 9.125083340e-08 -1.092630750e-07 6.124083870e-06 2.481002970e-08
1.349801000e+00 2.766443390e-06 9.896605600e-04 1.974320060e-06 2.878092490e-06 9.834808070e-04 1.947558220e-06 -1.116491080e-07 6.179753120e-06 2.676184070e-08
1.350392000e+00 4.935522380e-06 -1.589270250e-03 7.072918270e-07 5.048315730e-06 -1.594962570e-03 6.793618990e-07 -1.127933430e-07 5.692322380e-06 2.792992840e-08
1.350997000e+00 4.496770910e-06 2.200338430e-03 7.170499580e-07 4.611016640e-06 2.194053330e-03 6.878327810e-07 -1.142457240e-07 6.285098450e-06 2.921717710e-08
1.351602000e+00 3.141806830e-06 1.981128040e-03 5.637805390e-06 3.258065020e-06 1.974356720e-03 5.606488220e-06 -1.162581870e-07 6.771326470e-06 3.131716760e-08
1.352206000e+00 4.363813460e-06 -7.645524000e-04 -4.813898240e-07 4.481118960e-06 -7.709398270e-04 -5.134312430e-07 -1.173055050e-07 6.387427050e-06 3.204141830e-08
1.352826000e+00 5.837741260e-06 5.420923540e-04 -3.871171380e-07 5.955377560e-06 5.356006370e-04 -4.193457080e-07 -1.176362990e-07 6.491716930e-06 3.222857040e-08
1.353446000e+00 4.787049230e-06 2.134820010e-03 -8.550678110e-07 4.905573600e-06 2.127886390e-03 -8.877585940e-07 -1.185243690e-07 6.933624540e-06 3.269078320e-08
1.354066000e+00 2.938560570e-06 5.581188660e-04 3.744566090e-06 3.058884300e-06 5.510113550e-04 3.710227240e-06 -1.203237270e-07 7.107510860e-06 3.433885070e-08
1.354703000e+00 5.222587290e-06 5.753440350e-04 3.716849020e-07 5.343503230e-06 5.680533630e-04 3.373761760e-07 -1.209159370e-07 7.290672820e-06 3.430872560e-08
1.355340000e+00 5.101171880e-06 1.467008870e-03 1.231389690e-06 5.222633520e-06 1.459341230e-03 1.196809420e-06 -1.214616390e-07 7.667638720e-06 3.458026610e-08
1.355977000e+00 4.668726540e-06 -6.412361050e-04 6.382213270e-07 4.790832140e-06 -6.489356550e-04 6.033300600e-07 -1.221055960e-07 7.699550090e-06 3.489126610e-08
1.356614000e+00 3.833220350e-06 -1.649012020e-03 6.755863040e-08 3.956253700e-06 -1.656661890e-03 3.213908210e-08 -1.230333540e-07 7.649862250e-06 3.541954830e-08
1.357272000e+00 3.609255180e-06 -4.510435600e-04 -2.912621870e-07 3.733376610e-06 -4.588370210e-04 -3.273359180e-07 -1.241214330e-07 7.793460910e-06 3.607373070e-08
1.357929000e+00 4.438201650e-06 -6.239489790e-05 -8.533915500e-07 4.562820410e-06 -7.038187190e-05 -8.896123520e-07 -1.246187550e-07 7.986973960e-06 3.622080210e-08
1.358611000e+00 4.474652000e-06 3.149213990e-04 -2.995184730e-07 4.599561840e-06 3.066947700e-04 -3.356097690e-07 -1.249098400e-07 8.226628980e-06 3.609129550e-08
1.359292000e+00 1.425171560e-06 -7.399173770e-04 1.042497120e-06 1.552139860e-06 -7.479630590e-04 1.004973280e-06 -1.269682960e-07 8.045682150e-06 3.752383690e-08
1.359973000e+00 4.926579290e-06 -2.340038540e-04 -4.750091630e-07 5.053602690e-06 -2.422652840e-04 -5.122685760e-07 -1.270233970e-07 8.261429730e-06 3.725941350e-08
1.360654000e+00 3.322111590e-06 5.570708950e-04 1.354442610e-07 3.450230680e-06 5.482567890e-04 9.761777060e-08 -1.281190890e-07 8.814105900e-06 3.782649020e-08
1.361364000e+00 5.577835600e-06 -2.836205420e-04 -1.336077710e-06 5.705523560e-06 -2.926005430e-04 -1.373243300e-06 -1.276879620e-07 8.980000790e-06 3.716559370e-08
1.362075000e+00 4.070645800e-06 -9.845591310e-05 -8.415652620e-07 4.198785170e-06 -1.075092040e-04 -8.787064440e-07 -1.281393700e-07 9.053291380e-06 3.714118130e-08
1.362786000e+00 2.552277060e-06 -3.411957790e-04 1.976281100e-07 2.681769630e-06 -3.502548200e-04 1.596761920e-07 -1.294925670e-07 9.059041390e-06 3.795191740e-08
1.363497000e+00 8.082552420e-07 -2.449054510e-03 1.124402100e-06 9.401626940e-07 -2.458294780e-03 1.084770100e-06 -1.319074520e-07 9.240266470e-06 3.963200550e-08
1.364247000e+00 2.386040140e-06 5.224428810e-04 -7.347657210e-07 2.519451520e-06 5.127199960e-04 -7.753207030e-07 -1.334113800e-07 9.722885400e-06 4.055498200e-08
1.364997000e+00 2.060907960e-06 2.774600150e-04 8.298892190e-07 2.196050770e-06 2.674301700e-04 7.881611180e-07 -1.351428080e-07 1.002984490e-05 4.172810120e-08
1.365747000e+00 2.801838690e-06 -2.528595500e-03 9.120381420e-07 2.938133960e-06 -2.538509650e-03 8.695281120e-07 -1.362952750e-07 9.914148810e-06 4.251002930e-08
1.366497000e+00 2.422403430e-06 -7.686271450e-04 1.378751290e-06 2.560091680e-06 -7.785327870e-04 1.335236250e-06 -1.376882470e-07 9.905641600e-06 4.351504580e-08
1.367305000e+00 3.208120400e-06 -9.692822570e-04 -1.258417690e-06 3.346712310e-06 -9.795116720e-04 -1.302183850e-06 -1.385919090e-07 1.022941460e-05 4.376616130e-08
1.368113000e+00 2.837021560e-06 -9.381416600e-04 1.845466750e-07 2.976640370e-06 -9.487672120e-04 1.400898590e-07 -1.396188140e-07 1.062555170e-05 4.445681650e-08
1.368921000e+00 2.175077450e-06 -6.988485670e-04 5.125310200e-08 2.316377720e-06 -7.097053330e-04 5.937969960e-09 -1.413002670e-07 1.085676510e-05 4.531513210e-08
1.369729000e+00 4.035908650e-06 -2.840723300e-03 5.237804570e-07 4.177650130e-06 -2.851428750e-03 4.785694010e-07 -1.417414810e-07 1.070544820e-05 4.521105630e-08
1.370456000e+00 5.123888370e-06 -1.268320060e-03 3.955249740e-06 5.265394420e-06 -1.279306670e-03 3.909990460e-06 -1.415060500e-07 1.098660490e-05 4.525928910e-08
1.371183000e+00 1.440072950e-06 -9.100628130e-04 -7.278619410e-08 1.583473930e-06 -9.213277190e-04 -1.188823890e-07 -1.434009800e-07 1.126490580e-05 4.609619440e-08
1.371910000e+00 2.059869050e-06 -1.056904290e-03 2.798161900e-06 2.204582760e-06 -1.068401140e-03 2.751154360e-06 -1.447137130e-07 1.149685280e-05 4.700753730e-08
1.372637000e+00 2.730687240e-06 -2.158603070e-03 -2.679101940e-06 2.876306500e-06 -2.170117120e-03 -2.725908410e-06 -1.456192550e-07 1.151404200e-05 4.680647030e-08
1.373364000e+00 2.158278630e-06 -3.079539780e-04 2.017596110e-06 2.305379630e-06 -3.200968710e-04 1.969979250e-06 -1.471010010e-07 1.214289260e-05 4.761685900e-08
1.374092000e+00 1.374569510e-06 -1.458512510e-03 1.446019590e-06 1.523759240e-06 -1.470997890e-03 1.397225190e-06 -1.491897240e-07 1.248538010e-05 4.879439370e-08
1.374819000e+00 1.617833790e-06 -3.495697920e-03 2.167326550e-06 1.768788540e-06 -3.507844400e-03 2.117461360e-06 -1.509547520e-07 1.214648840e-05 4.986519570e-08
1.375546000e+00 1.671525390e-06 -3.871441890e-03 2.654047280e-06 1.824017800e-06 -3.883806650e-03 2.602857930e-06 -1.524924140e-07 1.236475190e-05 5.118934840e-08
1.376273000e+00 2.261702900e-06 -1.845873790e-03 3.011472440e-06 2.415398680e-06 -1.858481520e-03 2.959210890e-06 -1.536957890e-07 1.260772370e-05 5.226155090e-08
1.377000000e+00 1.574766810e-06 -7.474182850e-04 2.021468520e-06 1.729730690e-06 -7.602683700e-04 1.968029900e-06 -1.549638810e-07 1.285008540e-05 5.343862220e-08
1.377604000e+00 1.473654200e-06 -4.658158730e-03 2.164145670e-06 1.629566890e-06 -4.671105830e-03 2.109601540e-06 -1.559126890e-07 1.294709210e-05 5.454412970e-08
1.378191000e+00 -1.088928150e-06 -2.213918030e-03 3.375674920e-06 -9.308950010e-07 -2.227265600e-03 3.319258110e-06 -1.580331450e-07 1.334757390e-05 5.641681850e-08
1.378769000e+00 3.181610210e-06 -1.259123830e-03 1.456790860e-06 3.339704210e-06 -1.272992870e-03 1.400016910e-06 -1.580939970e-07 1.386903370e-05 5.677395260e-08
1.379339000e+00 1.788259080e-06 -3.506831060e-03 1.712112130e-06 1.946987020e-06 -3.520468610e-03 1.654722320e-06 -1.587279430e-07 1.363754060e-05 5.738980720e-08
1.379900000e+00 4.416396110e-07 -3.385733420e-03 3.530950930e-06 6.017027810e-07 -3.399238500e-03 3.472362520e-06 -1.600631700e-07 1.350508670e-05 5.858841610e-08
1.380453000e+00 1.856706350e-06 -1.401926780e-03 5.946107370e-07 2.017618690e-06 -1.416003720e-03 5.354483340e-07 -1.609123370e-07 1.407693470e-05 5.916240280e-08
1.380998000e+00 -1.185486660e-07 -1.620260970e-03 3.588932540e-06 4.419461510e-08 -1.634636870e-03 3.528247170e-06 -1.627432820e-07 1.437590200e-05 6.068537600e-08
1.381535000e+00 3.572572300e-06 -2.162318160e-03 2.622059620e-06 3.735575300e-06 -2.176506670e-03 2.561065840e-06 -1.630030050e-07 1.418850720e-05 6.099378320e-08
1.382071000e+00 -3.043998490e-06 -1.976523450e-03 -2.069090620e-06 -2.877593690e-06 -1.990946380e-03 -2.131974750e-06 -1.664048010e-07 1.442293120e-05 6.288413270e-08
1.382600000e+00 2.143604590e-06 -1.442485040e-03 8.515054870e-06 2.310845130e-06 -1.457674680e-03 8.450670010e-06 -1.672405420e-07 1.518963170e-05 6.438486420e-08
1.383121000e+00 1.548713630e-06 -2.624963200e-03 3.753363170e-06 1.717001750e-06 -2.640249940e-03 3.688145340e-06 -1.682881180e-07 1.528673990e-05 6.521783540e-08
1.383634000e+00 -9.518982630e-07 -4.258121370e-03 1.928172420e-06 -7.813259360e-07 -4.272991500e-03 1.861411950e-06 -1.705723270e-07 1.487013140e-05 6.676046330e-08
1.384147000e+00 6.960819000e-07 -2.605319480e-03 2.226597920e-06 8.682756850e-07 -2.620389620e-03 2.158574860e-06 -1.721937850e-07 1.507014250e-05 6.802306000e-08
1.384653000e+00 -1.178995290e-07 -1.585372440e-03 1.154409580e-06 5.640966740e-08 -1.600939230e-03 1.084968420e-06 -1.743091970e-07 1.556679010e-05 6.944116220e-08
1.385158000e+00 9.433057590e-07 -2.321423460e-03 1.914705580e-06 1.119208770e-06 -2.337178210e-03 1.844147600e-06 -1.759030130e-07 1.575474830e-05 7.055798310e-08
1.385656000e+00 6.428614270e-07 -2.689439110e-03 1.156523070e-06 8.204092870e-07 -2.705256540e-03 1.084911660e-06 -1.775478600e-07 1.581742730e-05 7.161141790e-08
1.386153000e+00 2.960842460e-07 -2.529214230e-03 6.414922880e-07 4.754254770e-07 -2.545165560e-03 5.688178890e-07 -1.793412310e-07 1.595132740e-05 7.267439960e-08
1.386643000e+00 5.670929580e-07 -2.195387330e-03 1.581907510e-06 7.479804230e-07 -2.211490570e-03 1.508273900e-06 -1.808874650e-07 1.610323790e-05 7.363361560e-08
1.387133000e+00 1.324342430e-06 -2.670445150e-03 1.885627690e-06 1.506492030e-06 -2.686741070e-03 1.811133630e-06 -1.821495970e-07 1.629592380e-05 7.449406190e-08
1.387615000e+00 2.269265550e-07 -2.804673080e-03 1.082185980e-06 4.109790580e-07 -2.821262490e-03 1.006640870e-06 -1.840525030e-07 1.658940140e-05 7.554510520e-08
1.388097000e+00 -2.343544050e-06 -3.277013010e-03 3.858315980e-06 -2.156562870e-06 -3.293721980e-03 3.781074270e-06 -1.869811850e-07 1.670896720e-05 7.724171120e-08
1.388571000e+00 1.743771390e-07 -3.989756070e-03 1.272224920e-06 3.630653810e-07 -4.006381430e-03 1.194113180e-06 -1.886882430e-07 1.662535400e-05 7.811173420e-08
1.389045000e+00 6.190884710e-07 -3.574900670e-03 1.351627630e-06 8.091473340e-07 -3.591608730e-03 1.272864200e-06 -1.900588630e-07 1.670805780e-05 7.876343120e-08
1.389512000e+00 -5.591274150e-07 -2.620451310e-03 1.886288330e-06 -3.672377130e-07 -2.637471830e-03 1.806643350e-06 -1.918897020e-07 1.702051520e-05 7.964498380e-08
1.389978000e+00 -3.145699140e-06 -2.967025160e-03 3.660256980e-06 -2.950778990e-06 -2.984258770e-03 3.578950380e-06 -1.949201520e-07 1.723361350e-05 8.130660680e-08
1.390445000e+00 2.764154000e-06 -2.703181500e-03 1.520050300e-06 2.959659780e-06 -2.720519180e-03 1.438824350e-06 -1.955057800e-07 1.733768030e-05 8.122595420e-08
1.390903000e+00 2.873190030e-07 -2.864184010e-03 1.625284680e-06 4.842489720e-07 -2.881629810e-03 1.543363180e-06 -1.969299690e-07 1.744580030e-05 8.192149930e-08
1.391362000e+00 2.189077780e-07 -3.271279470e-03 1.534294800e-06 4.173477440e-07 -3.288767910e-03 1.451907180e-06 -1.984399660e-07 1.748844250e-05 8.238761740e-08
1.391820000e+00 -8.720348900e-07 -3.471429290e-03 3.498783850e-06 -6.717790070e-07 -3.488926760e-03 3.415686150e-06 -2.002558830e-07 1.749747210e-05 8.309769530e-08
1.392279000e+00 2.240320320e-07 -3.005122070e-03 1.304317450e-06 4.256258130e-07 -3.022828720e-03 1.221020960e-06 -2.015937810e-07 1.770664730e-05 8.329649240e-08
1.392729000e+00 2.224885880e-06 -2.865693500e-03 7.018477240e-07 2.426895180e-06 -2.883671700e-03 6.189694260e-07 -2.020093060e-07 1.797819680e-05 8.287829830e-08
1.393180000e+00 -1.421727780e-07 -3.222355270e-03 2.488403120e-06 6.094627610e-08 -3.240518690e-03 2.405382780e-06 -2.031190540e-07 1.816342180e-05 8.302033740e-08
1.393630000e+00 -1.844299450e-06 -3.539196970e-03 -3.429118680e-06 -1.639225560e-06 -3.557519470e-03 -3.512133370e-06 -2.050738850e-07 1.832250110e-05 8.301468340e-08
1.394080000e+00 4.446680800e-06 -3.361106150e-03 -4.135104730e-07 4.651273130e-06 -3.379575030e-03 -4.956071570e-07 -2.045923250e-07 1.846888110e-05 8.209668370e-08
1.394522000e+00 2.699593620e-06 -3.327362070e-03 1.971624440e-06 2.904333500e-06 -3.345886120e-03 1.889930250e-06 -2.047398840e-07 1.852405790e-05 8.169418690e-08
1.394964000e+00 3.370803910e-06 -3.462713740e-03 -1.608643510e-06 3.575401880e-06 -3.481297980e-03 -1.689643950e-06 -2.045979690e-07 1.858424310e-05 8.100044060e-08
1.395406000e+00 3.444326840e-06 -3.706977090e-03 -1.257117210e-06 3.648700570e-06 -3.725580080e-03 -1.337460810e-06 -2.043737330e-07 1.860298840e-05 8.034360370e-08
1.395848000e+00 5.462738600e-06 -3.587701710e-03 1.123353070e-06 5.666043070e-06 -3.606304650e-03 1.043960050e-06 -2.033044630e-07 1.860294980e-05 7.939302260e-08
1.396290000e+00 1.637176300e-06 -3.579879700e-03 -4.119686980e-07 1.840917860e-06 -3.598633910e-03 -4.910325920e-07 -2.037415520e-07 1.875421900e-05 7.906389310e-08
1.396723000e+00 2.600240950e-06 -3.497469270e-03 9.584622500e-08 2.803900860e-06 -3.516464120e-03 1.726841990e-08 -2.036599060e-07 1.899484950e-05 7.857780510e-08
1.397156000e+00 2.485215560e-06 -3.637675880e-03 -5.822816240e-07 2.688737450e-06 -3.656831390e-03 -6.604833420e-07 -2.035218940e-07 1.915550990e-05 7.820171780e-08
1.397588000e+00 1.468370230e-06 -3.900693300e-03 1.669777390e-06 1.671943900e-06 -3.919981550e-03 1.591811360e-06 -2.035736720e-07 1.928824870e-05 7.796602280e-08
1.398021000e+00 3.423396770e-06 -3.672330230e-03 -2.913642320e-06 3.626351600e-06 -3.691758860e-03 -2.990642030e-06 -2.029548230e-07 1.942862650e-05 7.699970320e-08
1.398454000e+00 2.200494990e-06 -3.868800780e-03 -9.747911190e-07 2.403174350e-06 -3.888253220e-03 -1.051222040e-06 -2.026793620e-07 1.945243520e-05 7.643091740e-08
1.398887000e+00 2.464503890e-06 -3.579851800e-03 -1.245588880e-06 2.666722230e-06 -3.599327110e-03 -1.321346730e-06 -2.022183380e-07 1.947531780e-05 7.575785470e-08
1.399310000e+00 4.120191750e-06 -3.999105760e-03 -2.678788510e-06 4.321383450e-06 -4.018701290e-03 -2.753432390e-06 -2.011917000e-07 1.959552670e-05 7.464387990e-08
1.399733000e+00 2.312706800e-06 -4.849987630e-03 -1.272042950e-06 2.513521460e-06 -4.869645170e-03 -1.346080430e-06 -2.008146670e-07 1.965753970e-05 7.403748060e-08
1.400156000e+00 5.036477080e-06 -3.856072570e-03 -5.555951250e-06 5.236225650e-06 -3.875904310e-03 -5.628915740e-06 -1.997485670e-07 1.983173910e-05 7.296449230e-08
1.400579000e+00 3.274047300e-06 -2.399586540e-03 7.308035260e-07 3.473132120e-06 -2.419773870e-03 6.585086650e-07 -1.990848220e-07 2.018733200e-05 7.229486080e-08
1.401002000e+00 -1.899958830e-06 -2.735006560e-03 -1.916846070e-07 -1.699665540e-06 -2.755463130e-03 -2.644011630e-07 -2.002932920e-07 2.045657020e-05 7.271655620e-08
1.401425000e+00 -3.786104790e-06 -4.156564000e-03 6.287197270e-07 -3.583983080e-06 -4.176971200e-03 5.552916990e-07 -2.021217120e-07 2.040720880e-05 7.342802790e-08
1.401848000e+00 -2.629127630e-06 -4.509325230e-03 4.888982620e-06 -2.425665370e-06 -4.529621530e-03 4.815074770e-06 -2.034622680e-07 2.029630100e-05 7.390785400e-08
1.402271000e+00 9.002030980e-07 -4.196147850e-03 1.271597640e-06 1.103555060e-06 -4.216514690e-03 1.198567390e-06 -2.033519650e-07 2.036683740e-05 7.303024330e-08
1.402694000e+00 -4.273515150e-07 -4.277785510e-03 -3.147249010e-06 -2.237859290e-07 -4.298347880e-03 -3.219742630e-06 -2.035655860e-07 2.056237710e-05 7.249362240e-08
1.403117000e+00 4.841715350e-07 -4.399411540e-03 3.365374340e-06 6.870921940e-07 -4.420081390e-03 3.293016870e-06 -2.029206590e-07 2.066984870e-05 7.235747640e-08
1.403540000e+00 -6.217883090e-07 -4.671305680e-03 2.433233650e-07 -4.191410720e-07 -4.692040930e-03 1.707968300e-07 -2.026472380e-07 2.073525150e-05 7.252653580e-08
1.403951000e+00 -1.484388440e-06 -4.989229910e-03 -1.670683490e-06 -1.281583890e-06 -5.010027440e-03 -1.743807640e-06 -2.028045440e-07 2.079753190e-05 7.312415080e-08
1.404361000e+00 -5.478461250e-07 -3.539614960e-03 -2.690033620e-07 -3.451654220e-07 -3.560626880e-03 -3.425582250e-07 -2.026807030e-07 2.101192700e-05 7.355486220e-08
1.404772000e+00 -1.421194910e-06 -2.519372700e-03 3.068353230e-06 -1.218300400e-06 -2.540746780e-03 2.994247800e-06 -2.028945060e-07 2.137407910e-05 7.410543120e-08
1.405183000e+00 1.792310480e-06 -3.804632200e-03 -4.026828480e-06 1.994432510e-06 -3.826124800e-03 -4.100091910e-06 -2.021220300e-07 2.149260120e-05 7.326342910e-08
1.405593000e+00 -6.912565680e-06 -4.979547530e-03 -2.817513320e-06 -6.708387170e-06 -5.000879860e-03 -2.891505810e-06 -2.041785050e-07 2.133232640e-05 7.399248720e-08
1.406004000e+00 -9.529869530e-07 -4.996724510e-03 7.969594010e-07 -7.489960510e-07 -5.017957630e-03 7.230731430e-07 -2.039909020e-07 2.123312100e-05 7.388625750e-08
1.406414000e+00 3.871528660e-06 -3.697379150e-03 3.612572920e-07 4.073676420e-06 -3.718806860e-03 2.883401630e-07 -2.021477650e-07 2.142770670e-05 7.291712920e-08
1.406825000e+00 -7.450365240e-07 -2.801836560e-03 -5.956168080e-07 -5.432134020e-07 -2.823594790e-03 -6.680660000e-07 -2.018231220e-07 2.175823150e-05 7.244919220e-08
1.407235000e+00 -2.310460050e-06 -4.032788610e-03 2.047441640e-06 -2.108573570e-06 -4.054674920e-03 1.974983500e-06 -2.018864840e-07 2.188630620e-05 7.245813790e-08
1.407646000e+00 -7.827471610e-06 -5.654963740e-03 -1.751488320e-06 -7.623553870e-06 -5.676804220e-03 -1.824413850e-06 -2.039177400e-07 2.184047570e-05 7.292553210e-08
1.408057000e+00 -3.008545800e-06 -5.021549140e-03 -2.390347140e-07 -2.804283660e-06 -5.043427740e-03 -3.117175960e-07 -2.042621370e-07 2.187860640e-05 7.268288180e-08
1.408467000e+00 5.906302990e-06 -3.639630530e-03 -1.683939860e-06 6.107802220e-06 -3.661710230e-03 -1.754839890e-06 -2.014992270e-07 2.207969720e-05 7.090002610e-08
1.408878000e+00 -3.102699710e-06 -3.432529620e-03 1.515282060e-06 -2.900847200e-06 -3.454852300e-03 1.444649500e-06 -2.018525060e-07 2.232267770e-05 7.063256280e-08
1.409288000e+00 -5.366361260e-07 -3.755695660e-03 1.321812690e-06 -3.352788780e-07 -3.778178460e-03 1.251918460e-06 -2.013572490e-07 2.248279220e-05 6.989423540e-08
1.409699000e+00 8.395490590e-07 -3.506836340e-03 -3.447863520e-07 1.040004860e-06 -3.529456890e-03 -4.137503560e-07 -2.004557980e-07 2.262054800e-05 6.896400310e-08
1.410110000e+00 -1.000268290e-06 -3.991779260e-03 -5.512032980e-08 -8.000628590e-07 -4.014534300e-03 -1.236302740e-07 -2.002054330e-07 2.275503490e-05 6.850994400e-08
1.410520000e+00 -2.470488480e-07 -5.301775500e-03 -2.603713430e-06 -4.727140100e-08 -5.324552500e-03 -2.671522570e-06 -1.997774470e-07 2.277699460e-05 6.780913340e-08
1.410931000e+00 -8.212576490e-07 -6.153066210e-03 1.782329800e-06 -6.218166400e-07 -6.175809240e-03 1.714850010e-06 -1.994410090e-07 2.274303510e-05 6.747978650e-08
1.411341000e+00 2.530088780e-06 -4.102506030e-03 6.167996280e-09 2.728053550e-06 -4.125425120e-03 -6.019461110e-08 -1.979647700e-07 2.291909890e-05 6.636260740e-08
1.411752000e+00 -1.328364800e-06 -1.803214940e-03 -7.612371050e-07 -1.130471600e-06 -1.826523890e-03 -8.271855410e-07 -1.978932040e-07 2.330894960e-05 6.594843580e-08
1.412162000e+00 -5.291808930e-07 -3.037979750e-03 -5.842426060e-07 -3.316445240e-07 -3.061508070e-03 -6.496472950e-07 -1.975363690e-07 2.352831500e-05 6.540468960e-08
1.412573000e+00 -1.965941790e-06 -5.647585870e-03 -1.157166790e-06 -1.768130920e-06 -5.670935480e-03 -1.222131270e-06 -1.978108640e-07 2.334961030e-05 6.496448650e-08
1.412984000e+00 -2.713082000e-06 -5.955375240e-03 4.895303600e-07 -2.514792890e-06 -5.978501340e-03 4.247872200e-07 -1.982891080e-07 2.312610430e-05 6.474314000e-08
1.413394000e+00 -1.384445320e-06 -4.850429830e-03 -8.572111130e-07 -1.186193580e-06 -4.873675080e-03 -9.213943710e-07 -1.982517440e-07 2.324524690e-05 6.418325770e-08
1.413805000e+00 6.539620130e-07 -4.508906930e-03 -2.383270350e-06 8.514273450e-07 -4.532469400e-03 -2.446434750e-06 -1.974653310e-07 2.356247320e-05 6.316440880e-08
1.414215000e+00 -8.562605500e-07 -4.559811820e-03 -6.816479460e-07 -6.590906030e-07 -4.583586780e-03 -7.444160800e-07 -1.971699470e-07 2.377496270e-05 6.276813380e-08
1.414626000e+00 -2.114437310e-06 -4.569824990e-03 -1.643263120e-06 -1.916960530e-06 -4.593713650e-03 -1.706121550e-06 -1.974767790e-07 2.388865660e-05 6.285842140e-08
1.415037000e+00 6.535598060e-07 -4.306988880e-03 -3.148241550e-06 8.505677760e-07 -4.331036440e-03 -3.210710870e-06 -1.970079690e-07 2.404756320e-05 6.246931830e-08
1.415447000e+00 -1.016498340e-06 -4.353739080e-03 -2.233657780e-06 -8.193607520e-07 -4.377811390e-03 -2.296173460e-06 -1.971375920e-07 2.407230450e-05 6.251567850e-08
1.415858000e+00 -1.606131480e-06 -4.366175750e-03 1.763934570e-06 -1.408842550e-06 -4.390109170e-03 1.701059540e-06 -1.972889290e-07 2.393342320e-05 6.287503280e-08
1.416268000e+00 -2.657185890e-06 -4.564780040e-03 -2.964009500e-06 -2.459029340e-06 -4.588740230e-03 -3.027306960e-06 -1.981565580e-07 2.396019170e-05 6.329745460e-08
1.416679000e+00 -2.788615750e-06 -4.866014400e-03 -1.226221600e-06 -2.589491310e-06 -4.890248270e-03 -1.290284080e-06 -1.991244380e-07 2.423387780e-05 6.406248320e-08
1.417089000e+00 -4.589920060e-06 -5.008123030e-03 3.845849050e-07 -4.389189450e-06 -5.032621010e-03 3.191901510e-07 -2.007306080e-07 2.449797960e-05 6.539475340e-08
1.417500000e+00 -4.614692950e-06 -4.924147510e-03 5.847410630e-07 -4.412461170e-06 -4.948742380e-03 5.180725030e-07 -2.022317830e-07 2.459487050e-05 6.666856060e-08
1.417901000e+00 -3.222881230e-06 -5.214739020e-03 -1.194252240e-06 -3.019617260e-06 -5.239290060e-03 -1.261912860e-06 -2.032639730e-07 2.455104360e-05 6.766062970e-08
1.418302000e+00 3.548389070e-08 -4.735308980e-03 -1.303135640e-06 2.386386080e-07 -4.759969050e-03 -1.371353120e-06 -2.031547180e-07 2.466007000e-05 6.821748000e-08
1.418703000e+00 -2.122733800e-06 -3.483806850e-03 -4.425762470e-07 -1.918897830e-06 -3.508732830e-03 -5.117201690e-07 -2.038359660e-07 2.492597940e-05 6.914392200e-08
1.419104000e+00 -2.595883920e-06 -3.273514140e-03 -2.975990480e-07 -2.391334860e-06 -3.298691800e-03 -3.677503490e-07 -2.045490530e-07 2.517766730e-05 7.015130050e-08
1.419509000e+00 -2.739134470e-06 -4.751252350e-03 -5.939774700e-07 -2.533783870e-06 -4.776494270e-03 -6.651096270e-07 -2.053505950e-07 2.524191170e-05 7.113215690e-08
1.419914000e+00 -2.953189280e-06 -6.084529050e-03 -1.465425920e-06 -2.746744430e-06 -6.109679000e-03 -1.537698460e-06 -2.064448550e-07 2.514995210e-05 7.227254210e-08
1.420319000e+00 -5.233810200e-06 -5.329459700e-03 1.480193130e-06 -5.025531250e-06 -5.354669520e-03 1.406202440e-06 -2.082789440e-07 2.520981970e-05 7.399069400e-08
1.420725000e+00 -1.055122530e-06 -3.741489180e-03 -1.401824630e-06 -8.466574470e-07 -3.766934130e-03 -1.476633980e-06 -2.084650810e-07 2.544494750e-05 7.480934960e-08
1.421130000e+00 -3.338017030e-06 -3.648324500e-03 2.163242350e-07 -3.128652740e-06 -3.674001860e-03 1.401733490e-07 -2.093642870e-07 2.567735920e-05 7.615088570e-08
1.421539000e+00 -3.070667220e-06 -4.993177460e-03 1.830344610e-06 -2.860562890e-06 -5.018900380e-03 1.752701900e-06 -2.101043360e-07 2.572291730e-05 7.764270410e-08
1.421949000e+00 -3.528389770e-06 -5.950652320e-03 4.502149480e-07 -3.317211010e-06 -5.976292250e-03 3.709307200e-07 -2.111787620e-07 2.563992760e-05 7.928422770e-08
1.422359000e+00 -5.385121970e-06 -5.538696950e-03 5.270065420e-08 -5.172260540e-06 -5.564368680e-03 -2.867517300e-08 -2.128614290e-07 2.567172980e-05 8.137582720e-08
1.422768000e+00 9.813236450e-06 -5.853350980e-03 -1.019546570e-05 1.002279990e-05 -5.879045510e-03 -1.027561570e-05 -2.095634250e-07 2.569453400e-05 8.015003890e-08
1.423178000e+00 -7.542909720e-06 -6.190465260e-03 4.848102820e-06 -7.331495300e-06 -6.216141000e-03 4.766040010e-06 -2.114144140e-07 2.567574100e-05 8.206280830e-08
1.423588000e+00 -1.289882550e-06 -3.991004700e-03 -6.160715870e-06 -1.078339160e-06 -4.017020190e-03 -6.243252840e-06 -2.115433920e-07 2.601549220e-05 8.253697850e-08
1.423997000e+00 -2.775723180e-06 -2.117762940e-03 3.623095780e-08 -2.563969940e-06 -2.144303510e-03 -4.703941890e-08 -2.117532400e-07 2.654057350e-05 8.327037680e-08
1.424407000e+00 -1.098027450e-06 -4.018290250e-03 -1.415310230e-06 -8.867863540e-07 -4.045067400e-03 -1.498859540e-06 -2.112410920e-07 2.677714230e-05 8.354931060e-08
1.424817000e+00 -4.198530160e-06 -6.363758110e-03 -1.311971590e-06 -3.986663700e-06 -6.390423910e-03 -1.396407330e-06 -2.118664630e-07 2.666580020e-05 8.443574100e-08
1.425226000e+00 -4.458935690e-06 -6.274364760e-03 -2.618131120e-06 -4.246351060e-06 -6.300997510e-03 -2.703154540e-06 -2.125846360e-07 2.663275280e-05 8.502341860e-08
1.425636000e+00 -5.487646370e-06 -4.858545950e-03 2.981481810e-06 -5.274262850e-06 -4.885305670e-03 2.895393390e-06 -2.133835150e-07 2.675971570e-05 8.608842050e-08
1.426051000e+00 9.131214350e-07 -4.489228280e-03 -3.884039290e-06 1.125235920e-06 -4.516109620e-03 -3.969584870e-06 -2.121144830e-07 2.688133880e-05 8.554558460e-08
1.426466000e+00 3.103285170e-06 -4.516327540e-03 -6.850616940e-06 3.313623040e-06 -4.543348390e-03 -6.934775190e-06 -2.103378650e-07 2.702084500e-05 8.415825490e-08
1.426881000e+00 -1.509829610e-06 -4.652443780e-03 -4.799334490e-06 -1.299734610e-06 -4.679624600e-03 -4.883022370e-06 -2.100949960e-07 2.718081930e-05 8.368788540e-08
1.427296000e+00 3.300634510e-06 -4.927104720e-03 1.296330750e-07 3.508106850e-06 -4.954418030e-03 4.703309460e-08 -2.074723450e-07 2.731331610e-05 8.259998060e-08
1.427711000e+00 2.794080020e-07 -5.142518960e-03 -1.108079830e-05 4.859120880e-07 -5.169913930e-03 -1.116219520e-05 -2.065040860e-07 2.739496160e-05 8.139686310e-08
1.428131000e+00 -2.151816840e-07 -5.244131670e-03 -3.588250430e-06 -9.932659340e-09 -5.271527250e-03 -3.669026270e-06 -2.052490250e-07 2.739557520e-05 8.077584480e-08
1.428552000e+00 2.977047560e-06 -5.150431700e-03 -4.029131120e-06 3.179940560e-06 -5.177966910e-03 -4.108889230e-06 -2.028930060e-07 2.753520430e-05 7.975810540e-08
1.428973000e+00 -6.682069620e-06 -5.325619120e-03 -1.299651560e-06 -6.477866090e-06 -5.353459120e-03 -1.380166650e-06 -2.042035300e-07 2.783999820e-05 8.051508170e-08
1.429393000e+00 4.729213040e-07 -5.463188600e-03 -3.168544490e-06 6.757083720e-07 -5.491232460e-03 -3.248472050e-06 -2.027870680e-07 2.804385580e-05 7.992755180e-08
1.429814000e+00 -6.882647620e-07 -5.203297960e-03 -3.552536870e-06 -4.861716620e-07 -5.231383600e-03 -3.632198560e-06 -2.020931000e-07 2.808564000e-05 7.966168600e-08
1.430235000e+00 -1.958468590e-06 -5.546294010e-03 -3.654223380e-06 -1.756551290e-06 -5.574379380e-03 -3.733868060e-06 -2.019172930e-07 2.808536950e-05 7.964468380e-08
1.430662000e+00 -9.190347210e-06 -4.420592880e-03 4.105827900e-06 -8.986263440e-06 -4.448873970e-03 4.024388360e-06 -2.040837680e-07 2.828109090e-05 8.143953720e-08
1.431089000e+00 -4.839222000e-06 -3.475135870e-03 -2.688168720e-07 -4.634339450e-06 -3.503775660e-03 -3.510925780e-07 -2.048825580e-07 2.863979130e-05 8.227570610e-08
1.431516000e+00 -5.359468920e-06 -4.390680150e-03 -8.722485510e-07 -5.153399630e-06 -4.419467260e-03 -9.556139670e-07 -2.060692890e-07 2.878710920e-05 8.336541610e-08
1.431943000e+00 -6.000067100e-06 -5.695678450e-03 5.515653370e-07 -5.792453360e-06 -5.724426170e-03 4.669924130e-07 -2.076137480e-07 2.874771580e-05 8.457292360e-08
1.432378000e+00 -4.086409670e-06 -5.362151530e-03 -9.623580360e-07 -3.877743930e-06 -5.390920560e-03 -1.047866500e-06 -2.086657420e-07 2.876903040e-05 8.550846780e-08
1.432812000e+00 -3.532769360e-06 -5.644240280e-03 -4.106075190e-06 -3.322961810e-06 -5.673204330e-03 -4.192430450e-06 -2.098075510e-07 2.896404930e-05 8.635525160e-08
1.433246000e+00 -1.470743560e-06 -6.494310370e-03 -5.584147000e-06 -1.260464360e-06 -6.523495940e-03 -5.671003500e-06 -2.102792050e-07 2.918557790e-05 8.685649980e-08
1.433681000e+00 -9.747464350e-06 -4.968809430e-03 5.540821520e-06 -9.534187220e-06 -4.998193210e-03 5.451495050e-06 -2.132771260e-07 2.938378350e-05 8.932646770e-08
1.434115000e+00 -4.913507150e-06 -4.084730230e-03 1.712595120e-07 -4.698643150e-06 -4.114264340e-03 8.049793220e-08 -2.148640000e-07 2.953411190e-05 9.076158000e-08
1.434549000e+00 -1.025401290e-05 -4.520043900e-03 -1.760217050e-06 -1.003548510e-05 -4.549758040e-03 -1.853033690e-06 -2.185277600e-07 2.971413410e-05 9.281664190e-08
1.434992000e+00 -1.034625770e-05 -4.727010260e-03 7.710964000e-06 -1.012446790e-05 -4.756915050e-03 7.615515280e-06 -2.217897160e-07 2.990479230e-05 9.544872380e-08
1.435434000e+00 -7.265357980e-06 -4.486101230e-03 1.798447470e-06 -7.040937300e-06 -4.516192850e-03 1.701138040e-06 -2.244206840e-07 3.009161020e-05 9.730942530e-08
1.435877000e+00 -3.101678830e-06 -4.460586970e-03 -1.621593390e-06 -2.875956390e-06 -4.490824390e-03 -1.719980290e-06 -2.257224400e-07 3.023742620e-05 9.838689930e-08
1.436319000e+00 -5.034963830e-06 -4.313714690e-03 -2.675806880e-06 -4.807035540e-06 -4.344082810e-03 -2.775524790e-06 -2.279282900e-07 3.036812400e-05 9.971791010e-08
1.436761000e+00 -5.352433950e-06 -5.723519470e-03 -4.385877750e-07 -5.122161670e-06 -5.754012380e-03 -5.399726250e-07 -2.302722850e-07 3.049290980e-05 1.013848500e-07
1.437213000e+00 -2.298984240e-06 -7.148361520e-03 -2.115551360e-06 -2.067284710e-06 -7.178981340e-03 -2.218247600e-06 -2.316995300e-07 3.061981980e-05 1.026962460e-07
1.437656000e+00 -1.888694900e-06 -5.842425870e-03 -3.582202120e-06 -1.655695730e-06 -5.873191570e-03 -3.686006070e-06 -2.329991680e-07 3.076570010e-05 1.038039490e-07
1.438108000e+00 -3.385101630e-06 -4.871563050e-03 3.859319400e-06 -3.150643020e-06 -4.902422820e-03 3.753729410e-06 -2.344586160e-07 3.085976930e-05 1.055899860e-07
1.438560000e+00 -4.209475310e-06 -4.850989880e-03 -2.715967840e-06 -3.972662100e-06 -4.882007990e-03 -2.823247620e-06 -2.368132150e-07 3.101811340e-05 1.072797870e-07
1.439012000e+00 -3.764868300e-06 -3.079717760e-03 -3.681619410e-08 -3.526100120e-06 -3.111150220e-03 -1.457545710e-07 -2.387681850e-07 3.143246000e-05 1.089383770e-07
1.439464000e+00 -1.142220780e-06 -3.154160880e-03 -9.567905060e-07 -9.025426430e-07 -3.185965270e-03 -1.066857850e-06 -2.396781330e-07 3.180439040e-05 1.100673390e-07
1.439916000e+00 -2.334760600e-07 -6.519896120e-03 -1.369873540e-06 6.819532540e-09 -6.551607270e-03 -1.480978470e-06 -2.402955930e-07 3.171115130e-05 1.111049300e-07
1.440380000e+00 -1.639884710e-06 -7.128474240e-03 -4.013111340e-07 -1.398489650e-06 -7.159962280e-03 -5.136052270e-07 -2.413950610e-07 3.148803620e-05 1.122940930e-07
1.440843000e+00 4.637564020e-07 -4.709499060e-03 -1.808037110e-06 7.054142250e-07 -4.741338820e-03 -1.921033230e-06 -2.416578230e-07 3.183975280e-05 1.129961210e-07
1.441307000e+00 -1.653914040e-06 -3.958756900e-03 -4.549214220e-07 -1.411253240e-06 -3.991232880e-03 -5.689268050e-07 -2.426607960e-07 3.247597560e-05 1.140053830e-07
1.441771000e+00 -6.673105650e-06 -3.854505310e-03 2.557081350e-06 -6.427582280e-06 -3.887245020e-03 2.441098080e-06 -2.455233670e-07 3.273971830e-05 1.159832730e-07
1.442235000e+00 -2.472679110e-06 -2.715607260e-03 -1.457564000e-06 -2.225850920e-06 -2.748411590e-03 -1.574463790e-06 -2.468281980e-07 3.280432670e-05 1.168997940e-07
1.442698000e+00 -5.507407860e-07 -5.010101000e-03 -1.168561830e-06 -3.035407150e-07 -5.042979340e-03 -1.285894510e-06 -2.472000710e-07 3.287834050e-05 1.173326720e-07
1.443176000e+00 1.363926070e-06 -8.962231900e-03 -4.929962520e-06 1.611170550e-06 -8.995043980e-03 -5.047231220e-06 -2.472444730e-07 3.281208120e-05 1.172686990e-07
1.443640000e+00 1.841615240e-06 -6.942410560e-03 -7.214183440e-06 2.089107230e-06 -6.975345770e-03 -7.331340480e-06 -2.474919890e-07 3.293521250e-05 1.171570380e-07
1.444103000e+00 -9.636272050e-07 -2.134951470e-03 -4.135902410e-06 -7.148361200e-07 -2.168440900e-03 -4.253547610e-06 -2.487910840e-07 3.348943230e-05 1.176452030e-07
1.444582000e+00 1.458519160e-06 -2.572569380e-03 -3.598795630e-06 1.707553220e-06 -2.606504870e-03 -3.716306120e-06 -2.490340560e-07 3.393548870e-05 1.175104880e-07
1.445061000e+00 1.707962400e-07 -5.739086370e-03 -2.717076700e-06 4.205026940e-07 -5.773049200e-03 -2.834758930e-06 -2.497064530e-07 3.396282320e-05 1.176822230e-07
1.445541000e+00 2.505577000e-06 -5.976702950e-03 -1.999815920e-06 2.754912840e-06 -6.010719610e-03 -2.117449650e-06 -2.493358430e-07 3.401666130e-05 1.176337290e-07
1.446020000e+00 -2.124896320e-06 -6.134993670e-03 5.348725620e-07 -1.874231860e-06 -6.169185460e-03 4.164603940e-07 -2.506644660e-07 3.419178750e-05 1.184121690e-07
1.446499000e+00 2.438042170e-06 -6.639472240e-03 -1.843465020e-06 2.688207980e-06 -6.673825790e-03 -1.961843710e-06 -2.501658130e-07 3.435355310e-05 1.183786910e-07
1.446978000e+00 9.866195060e-07 -3.349513740e-03 -6.697023320e-07 1.236773360e-06 -3.384220200e-03 -7.884164290e-07 -2.501538560e-07 3.470646410e-05 1.187140970e-07
1.447457000e+00 -1.511538040e-06 -1.803684410e-03 3.510258000e-07 -1.260575820e-06 -1.838776720e-03 2.316432250e-07 -2.509622180e-07 3.509230850e-05 1.193825750e-07
1.447937000e+00 2.583942010e-06 -4.297488290e-03 -6.628594830e-06 2.834481220e-06 -4.332884120e-03 -6.747745490e-06 -2.505392040e-07 3.539582470e-05 1.191506590e-07
1.448416000e+00 -1.678422460e-06 -5.368166690e-03 -1.406327730e-06 -1.426853740e-06 -5.403941530e-03 -1.526245440e-06 -2.515687160e-07 3.577483690e-05 1.199177140e-07
1.448895000e+00 -1.207113080e-06 -5.620566930e-03 -2.395615920e-06 -9.544875090e-07 -5.656418360e-03 -2.516314080e-06 -2.526255690e-07 3.585143330e-05 1.206981580e-07
1.449374000e+00 -5.298803450e-06 -6.650673060e-03 2.380045980e-06 -5.043946050e-06 -6.686254290e-03 2.257926110e-06 -2.548573970e-07 3.558122570e-05 1.221198760e-07
1.449853000e+00 -1.218630040e-06 -5.440912030e-03 -1.564708280e-06 -9.628296980e-07 -5.476700060e-03 -1.687756170e-06 -2.558003380e-07 3.578802360e-05 1.230478840e-07
1.450333000e+00 -1.280150780e-06 -3.486676700e-03 2.590086210e-07 -1.023411700e-06 -3.523121170e-03 1.346579600e-07 -2.567390800e-07 3.644446700e-05 1.243506610e-07
1.450812000e+00 -1.058746030e-06 -3.651422040e-03 2.902653900e-06 -8.013833230e-07 -3.688320450e-03 2.776785140e-06 -2.573627090e-07 3.689840610e-05 1.258687600e-07
1.451291000e+00 3.610931570e-07 -3.707318130e-03 -5.421662580e-06 6.192377180e-07 -3.744690500e-03 -5.548244580e-06 -2.581445610e-07 3.737237380e-05 1.265819930e-07
1.451770000e+00 -3.898508100e-06 -3.797782030e-03 6.018355480e-07 -3.638041180e-06 -3.835459800e-03 4.732023720e-07 -2.604669170e-07 3.767776700e-05 1.286331760e-07
1.452249000e+00 -9.031232690e-06 -6.779475120e-03 2.955353220e-06 -8.766107430e-06 -6.816759980e-03 2.823793270e-06 -2.651252640e-07 3.728486160e-05 1.315599530e-07
1.452729000e+00 -4.492529310e-06 -6.046264730e-03 -2.729833160e-06 -4.223969050e-06 -6.083447210e-03 -2.862947610e-06 -2.685602570e-07 3.718247970e-05 1.331144510e-07
1.453208000e+00 9.170793060e-07 -3.887076160e-03 -4.930831800e-06 1.186954430e-06 -3.924968370e-03 -5.064567500e-06 -2.698751220e-07 3.789221020e-05 1.337356940e-07
1.453687000e+00 -2.076231360e-06 -3.833683370e-03 1.259783530e-06 -1.803996460e-06 -3.872161880e-03 1.124490620e-06 -2.722349050e-07 3.847850080e-05 1.352929160e-07
1.454166000e+00 -2.467908560e-06 -3.540268110e-03 1.754943200e-06 -2.192977470e-06 -3.578921080e-03 1.617843280e-06 -2.749310810e-07 3.865296760e-05 1.370999140e-07
1.454646000e+00 6.183537780e-06 -4.082886740e-03 -6.527791590e-06 6.458216310e-06 -4.121626020e-03 -6.664961080e-06 -2.746785270e-07 3.873928130e-05 1.371694890e-07
1.455125000e+00 1.606653680e-06 -3.744745950e-03 -1.256676110e-06 1.882603900e-06 -3.783864660e-03 -1.395018260e-06 -2.759502230e-07 3.911870890e-05 1.383421430e-07
1.455604000e+00 -2.488556140e-06 -3.676191720e-03 -2.103830110e-06 -2.209396700e-06 -3.715762790e-03 -2.243950710e-06 -2.791594320e-07 3.957107440e-05 1.401206060e-07
1.456083000e+00 4.186794430e-06 -5.147192020e-03 -1.648063520e-06 4.466167670e-06 -5.186897830e-03 -1.788790610e-06 -2.793732380e-07 3.970581240e-05 1.407270920e-07
1.456562000e+00 4.492107940e-06 -5.592456490e-03 6.966062440e-07 4.771157800e-06 -5.632170760e-03 5.555859320e-07 -2.790498600e-07 3.971426660e-05 1.410203110e-07
1.457042000e+00 2.384953070e-06 -4.433138660e-03 -2.207581090e-06 2.665088670e-06 -4.473179770e-03 -2.349250220e-06 -2.801356050e-07 4.004111200e-05 1.416691350e-07
1.457521000e+00 2.343412240e-06 -3.882290100e-03 -1.076928360e-06 2.624379520e-06 -3.922847840e-03 -1.219098870e-06 -2.809672790e-07 4.055773920e-05 1.421705060e-07
1.458000000e+00 -1.369398210e-06 -4.162017210e-03 2.145270530e-06 -1.086274890e-06 -4.202827050e-03 2.001787600e-06 -2.831233160e-07 4.080983790e-05 1.434829310e-07
1.458513000e+00 3.123784360e-06 -3.857896070e-03 -1.934450340e-06 3.407720770e-06 -3.898777100e-03 -2.078235080e-06 -2.839364100e-07 4.088103180e-05 1.437847340e-07
1.459032000e+00 4.984995420e-06 -3.801789140e-03 -4.579708770e-06 5.269172490e-06 -3.842957350e-03 -4.723429410e-06 -2.841770770e-07 4.116821310e-05 1.437206390e-07
1.459551000e+00 1.060602420e-06 -5.112382850e-03 -4.042657110e-07 1.346566720e-06 -5.153920900e-03 -5.489143400e-07 -2.859642970e-07 4.153805080e-05 1.446486280e-07
1.460071000e+00 -9.863280900e-07 -3.798154860e-03 4.032196310e-06 -6.979428450e-07 -3.840130420e-03 3.885967560e-06 -2.883852450e-07 4.197555980e-05 1.462287510e-07
1.460590000e+00 3.587190330e-06 -2.721366330e-03 -6.333015970e-06 3.876915460e-06 -2.763909080e-03 -6.479340380e-06 -2.897251260e-07 4.254274890e-05 1.463244180e-07
1.461102000e+00 1.733355020e-06 -3.698762090e-03 1.795019210e-06 2.024370360e-06 -3.741589810e-03 1.647714060e-06 -2.910153400e-07 4.282772210e-05 1.473051470e-07
1.461615000e+00 -7.955316750e-08 -4.155533460e-03 2.441055340e-07 2.136635540e-07 -4.198512430e-03 9.590324650e-08 -2.932167210e-07 4.297897100e-05 1.482022880e-07
1.462127000e+00 2.660475250e-06 -4.320962260e-03 -5.566237080e-07 2.954855820e-06 -4.364214360e-03 -7.053800900e-07 -2.943805720e-07 4.325210710e-05 1.487563810e-07
1.462639000e+00 -2.713651790e-08 -4.449925630e-03 5.362033490e-07 2.696074710e-07 -4.493496270e-03 3.862785760e-07 -2.967439890e-07 4.357064600e-05 1.499247730e-07
1.463151000e+00 -1.284880740e-06 -3.943282610e-03 2.283165260e-06 -9.851845790e-07 -3.987100910e-03 2.131626280e-06 -2.996961570e-07 4.381830690e-05 1.515389800e-07
1.463664000e+00 -1.704516470e-07 -4.914677740e-03 -1.035840640e-06 1.322078760e-07 -4.958592040e-03 -1.188819100e-06 -3.026595230e-07 4.391430530e-05 1.529784600e-07
1.464176000e+00 4.872196750e-06 -2.183823700e-03 -1.840162640e-06 5.175828570e-06 -2.228361960e-03 -1.993818310e-06 -3.036318230e-07 4.453826060e-05 1.536556710e-07
1.464688000e+00 9.432091340e-06 -6.751514450e-04 -6.214289800e-06 9.735163410e-06 -7.206392390e-04 -6.367594960e-06 -3.030720720e-07 4.548779370e-05 1.533051650e-07
1.465201000e+00 3.439076500e-06 -4.787122830e-03 -9.946214450e-07 3.743794750e-06 -4.832544470e-03 -1.148669910e-06 -3.047182450e-07 4.542164390e-05 1.540484670e-07
1.465713000e+00 -5.404495430e-06 -6.895627830e-03 2.671654790e-06 -5.094217570e-06 -6.940536890e-03 2.515163190e-06 -3.102778650e-07 4.490905860e-05 1.564916020e-07
1.466225000e+00 -3.979454800e-07 -2.588458620e-03 -3.353066940e-06 -8.374422940e-08 -2.633968720e-03 -3.510974760e-06 -3.142012510e-07 4.551010070e-05 1.579078180e-07
1.466738000e+00 -9.629236100e-08 -6.096527860e-04 -2.477458010e-07 2.211455010e-07 -6.560481000e-04 -4.069788820e-07 -3.174378620e-07 4.639531390e-05 1.592330810e-07
1.467250000e+00 1.576307990e-06 -2.947166130e-03 3.901610500e-07 1.895980330e-06 -2.994089520e-03 2.299967970e-07 -3.196723400e-07 4.692338930e-05 1.601642530e-07
1.467762000e+00 -1.091043740e-06 -3.394584960e-03 2.200183670e-06 -7.681453280e-07 -3.442096960e-03 2.038521340e-06 -3.228984130e-07 4.751200120e-05 1.616623320e-07
1.468274000e+00 6.261414840e-06 -3.895738050e-03 -2.730851400e-06 6.584872910e-06 -3.943267640e-03 -2.892636190e-06 -3.234580710e-07 4.752958530e-05 1.617847920e-07
1.468787000e+00 9.603670680e-06 -4.559425380e-03 -4.764876040e-06 9.926249490e-06 -4.606729460e-03 -4.925978700e-06 -3.225788110e-07 4.730407930e-05 1.611026700e-07
1.469299000e+00 7.397949970e-06 -3.297753370e-03 -1.204072450e-06 7.719921660e-06 -3.345419780e-03 -1.364712130e-06 -3.219716940e-07 4.766640610e-05 1.606396770e-07
1.469811000e+00 9.222136850e-06 -3.632582700e-03 -2.307860240e-06 9.542613900e-06 -3.680657260e-03 -2.467434820e-06 -3.204770530e-07 4.807455530e-05 1.595745790e-07
1.470324000e+00 6.878129000e-07 -1.859164120e-03 -8.577137840e-07 1.010705590e-06 -1.907775550e-03 -1.017512550e-06 -3.228926880e-07 4.861142230e-05 1.597987620e-07
1.470836000e+00 1.352599870e-06 -1.103332840e-03 -1.440777850e-06 1.677983480e-06 -1.152535840e-03 -1.600611580e-06 -3.253836120e-07 4.920300070e-05 1.598337230e-07
1.471358000e+00 4.420795810e-06 -3.022179630e-03 -2.215164470e-06 4.747037640e-06 -3.071724830e-03 -2.374266870e-06 -3.262418300e-07 4.954519910e-05 1.591023980e-07
1.471880000e+00 9.470489540e-06 -4.051059210e-03 -2.314368680e-06 9.795349040e-06 -4.100934140e-03 -2.471936000e-06 -3.248594990e-07 4.987492940e-05 1.575673200e-07
1.472402000e+00 2.537367940e-06 -3.272652810e-03 -4.755899420e-06 2.864439650e-06 -3.322809670e-03 -4.912680210e-06 -3.270717100e-07 5.015685970e-05 1.567807950e-07
1.472924000e+00 8.841693400e-06 -3.307988630e-03 -6.170480900e-06 9.168361370e-06 -3.358414360e-03 -6.325566320e-06 -3.266679760e-07 5.042572930e-05 1.550854210e-07
1.473446000e+00 4.591953190e-06 -3.363916680e-03 -3.839856170e-06 4.919741550e-06 -3.414693100e-03 -3.993884330e-06 -3.277883560e-07 5.077642440e-05 1.540281570e-07
1.473968000e+00 2.819270860e-06 -3.642798480e-03 -4.812688220e-06 3.149656930e-06 -3.693935000e-03 -4.966173900e-06 -3.303860720e-07 5.113651420e-05 1.534856780e-07
1.474490000e+00 4.747591130e-06 -1.013528720e-03 -3.964999680e-06 5.079586660e-06 -1.065091290e-03 -4.117608540e-06 -3.319955310e-07 5.156257110e-05 1.526088530e-07
1.475012000e+00 -1.705246910e-06 -1.109426730e-03 -4.879166310e-07 -1.369137250e-06 -1.161409000e-03 -6.408181300e-07 -3.361096550e-07 5.198226740e-05 1.529014990e-07
1.475534000e+00 3.908257540e-06 -3.715049720e-03 -2.891178060e-06 4.246115580e-06 -3.767358570e-03 -3.043407670e-06 -3.378580340e-07 5.230884780e-05 1.522296070e-07
1.476056000e+00 5.800111460e-06 -3.161377390e-03 -3.115282480e-06 6.138723080e-06 -3.214047960e-03 -3.266018340e-06 -3.386116160e-07 5.267057490e-05 1.507358550e-07
1.476577000e+00 7.104039810e-06 -6.843155300e-04 -6.415285850e-06 7.442886520e-06 -7.374144900e-04 -6.563890490e-06 -3.388467010e-07 5.309896050e-05 1.486046360e-07
1.477099000e+00 1.705042850e-06 -1.682305280e-03 -1.325398210e-06 2.045817700e-06 -1.735740920e-03 -1.472677060e-06 -3.407748470e-07 5.343563800e-05 1.472788520e-07
1.477621000e+00 -3.875835710e-06 -3.604368980e-03 1.571503590e-06 -3.531237110e-06 -3.657925220e-03 1.424939310e-06 -3.445985970e-07 5.355623910e-05 1.465642760e-07
1.478143000e+00 -6.232039980e-07 -3.058191360e-03 -1.461311480e-06 -2.764235880e-07 -3.111966580e-03 -1.606043940e-06 -3.467804110e-07 5.377521510e-05 1.447324680e-07
1.478665000e+00 2.461229990e-07 -1.497323880e-03 -1.876996000e-06 5.947086460e-07 -1.551681980e-03 -2.019602080e-06 -3.485856470e-07 5.435809900e-05 1.426060810e-07
1.479187000e+00 -2.195333870e-06 -1.727471570e-03 8.798974370e-07 -1.844252400e-06 -1.782329820e-03 7.387598500e-07 -3.510814680e-07 5.485824570e-05 1.411375870e-07
1.479709000e+00 1.161794340e-07 -1.273392090e-03 -2.860576000e-06 4.691491190e-07 -1.328736280e-03 -2.999711770e-06 -3.529696850e-07 5.534418710e-05 1.391357700e-07
1.480231000e+00 6.546228800e-06 -9.475880460e-04 -4.095836400e-06 6.898227510e-06 -1.003358960e-03 -4.231920080e-06 -3.519987110e-07 5.577091260e-05 1.360836860e-07
1.480753000e+00 6.386826660e-06 -8.790424110e-04 -5.275425440e-06 6.738157300e-06 -9.351619540e-04 -5.408484820e-06 -3.513306360e-07 5.611954240e-05 1.330593800e-07
1.481291000e+00 3.823525660e-06 -2.171293740e-03 -4.356780040e-06 4.175048000e-06 -2.227689610e-03 -4.487069690e-06 -3.515223370e-07 5.639586830e-05 1.302896480e-07
1.481829000e+00 4.848868670e-06 -4.425109340e-03 -5.220762660e-06 5.199907100e-06 -4.481604540e-03 -5.348026090e-06 -3.510384290e-07 5.649519980e-05 1.272634330e-07
1.482350000e+00 6.867897190e-06 -9.658923290e-04 -5.287986100e-06 7.217446430e-06 -1.022817700e-03 -5.412016740e-06 -3.495492390e-07 5.692537080e-05 1.240306300e-07
1.482888000e+00 6.771474750e-06 2.401969950e-03 -4.392280830e-06 7.119395230e-06 2.344411940e-03 -4.513125080e-06 -3.479204840e-07 5.755800560e-05 1.208442510e-07
1.483426000e+00 5.803237030e-06 -2.214771030e-03 -5.600018650e-06 6.149823170e-06 -2.272659480e-03 -5.717311120e-06 -3.465861440e-07 5.788844990e-05 1.172924690e-07
1.483965000e+00 1.023382290e-05 -4.910987970e-03 -5.968733060e-06 1.057659830e-05 -4.969124750e-03 -6.081686570e-06 -3.427753630e-07 5.813677660e-05 1.129535160e-07
1.484503000e+00 2.931228940e-06 6.542539370e-04 -5.786951840e-06 3.273853960e-06 5.955480040e-04 -5.896699300e-06 -3.426250230e-07 5.870593310e-05 1.097474530e-07
1.485041000e+00 1.021523880e-05 2.230611980e-03 -8.993762780e-06 1.055489920e-05 2.171279620e-03 -9.098928810e-06 -3.396604070e-07 5.933235540e-05 1.051660350e-07
1.485580000e+00 5.186500700e-06 -3.288741480e-03 -6.042348750e-06 5.525299230e-06 -3.348197190e-03 -6.143739280e-06 -3.387985340e-07 5.945571500e-05 1.013905320e-07
1.486118000e+00 2.809427290e-06 -3.915223390e-03 -5.600239080e-06 3.148458490e-06 -3.974837780e-03 -5.698402760e-06 -3.390311960e-07 5.961439060e-05 9.816368440e-08
1.486656000e+00 6.281837210e-06 1.567233510e-03 -4.540405150e-06 6.619293730e-06 1.506980500e-03 -4.635031970e-06 -3.374565200e-07 6.025301120e-05 9.462681700e-08
1.487195000e+00 -8.864277230e-06 1.138478530e-03 -1.714224330e-06 -8.521592660e-06 1.077664910e-03 -1.807366490e-06 -3.426845650e-07 6.081361180e-05 9.314215430e-08
1.487733000e+00 -3.356195640e-06 -1.825230330e-03 -3.854877800e-06 -3.011229950e-06 -1.886560920e-03 -3.945504390e-06 -3.449656880e-07 6.133058770e-05 9.062658110e-08
1.488272000e+00 6.210659430e-06 -1.076526780e-03 -7.931013070e-06 6.553830070e-06 -1.138286110e-03 -8.017538300e-06 -3.431706360e-07 6.175932840e-05 8.652522470e-08
1.488810000e+00 2.298159130e-06 7.385656010e-05 -4.752105480e-06 2.641099810e-06 1.216381300e-05 -4.835430590e-06 -3.429406790e-07 6.169274710e-05 8.332510500e-08
1.489348000e+00 1.979077540e-06 -3.235061620e-04 -4.309619250e-06 2.321796470e-06 -3.855129430e-04 -4.389709980e-06 -3.427189340e-07 6.200678180e-05 8.009072760e-08
1.489887000e+00 -7.259049240e-07 1.111573270e-03 -5.460571620e-06 -3.822501640e-07 1.048405910e-03 -5.537798030e-06 -3.436547610e-07 6.316735810e-05 7.722641150e-08
1.490425000e+00 4.580829410e-07 -6.673694660e-04 -3.182585040e-06 8.023071960e-07 -7.309291570e-04 -3.257253670e-06 -3.442242550e-07 6.355969040e-05 7.466863110e-08
1.490963000e+00 6.095176390e-06 -3.178595000e-03 -4.722159450e-06 6.437758890e-06 -3.241768390e-03 -4.793932080e-06 -3.425824960e-07 6.317338510e-05 7.177262590e-08
1.491502000e+00 5.947291310e-06 9.945357520e-05 -1.587952830e-06 6.287143700e-06 3.577713040e-05 -1.656876590e-06 -3.398523930e-07 6.367644480e-05 6.892375980e-08
1.492040000e+00 -7.254924830e-06 1.768870050e-03 2.097961700e-06 -6.912252970e-06 1.704301770e-03 2.030225490e-06 -3.426718640e-07 6.456827680e-05 6.773621180e-08
1.492578000e+00 8.816120320e-07 1.629304450e-03 -1.898662690e-06 1.223773850e-06 1.564123150e-03 -1.963979190e-06 -3.421618160e-07 6.518129910e-05 6.531650150e-08
1.493117000e+00 4.430296460e-06 1.586177030e-03 -4.842626740e-06 4.770557090e-06 1.520346590e-03 -4.904996280e-06 -3.402606280e-07 6.583044180e-05 6.236953830e-08
1.493655000e+00 -5.768856790e-06 -2.083263460e-03 6.820706750e-07 -5.426662800e-06 -2.148999380e-03 6.209566990e-07 -3.421939930e-07 6.573592010e-05 6.111397570e-08
1.494193000e+00 -1.464647970e-06 -2.323927590e-03 -6.987249240e-07 -1.122619740e-06 -2.389512750e-03 -7.580693800e-07 -3.420282240e-07 6.558515780e-05 5.934445570e-08
1.494732000e+00 3.670660250e-06 1.274411220e-03 -8.484124430e-06 4.011654030e-06 1.208140460e-03 -8.540767150e-06 -3.409937810e-07 6.627076080e-05 5.664271760e-08
1.495270000e+00 4.139834940e-06 2.203490670e-03 -4.677072910e-06 4.478932650e-06 2.136553740e-03 -4.731211740e-06 -3.390977090e-07 6.693692730e-05 5.413883670e-08
1.495808000e+00 -2.782524270e-06 2.501681210e-03 -4.295500340e-06 -2.442408480e-06 2.434074400e-03 -4.347933790e-06 -3.401157900e-07 6.760680470e-05 5.243344270e-08
1.496347000e+00 -7.532707770e-07 1.728477940e-03 -3.456303080e-06 -4.133055070e-07 1.660338570e-03 -3.506934170e-06 -3.399652700e-07 6.813936780e-05 5.063109190e-08
1.496885000e+00 1.232148300e-07 -3.267595420e-03 -2.355106160e-06 4.624455630e-07 -3.335425440e-03 -2.403873600e-06 -3.392307330e-07 6.783002200e-05 4.876743550e-08
1.497423000e+00 2.560418990e-06 -8.514033800e-04 -6.149537830e-06 2.898353970e-06 -9.194736550e-04 -6.195989850e-06 -3.379349740e-07 6.807027550e-05 4.645201800e-08
1.497962000e+00 9.587690850e-06 6.295013940e-03 -5.043136510e-06 9.921027070e-06 6.225517960e-03 -5.086492050e-06 -3.333362240e-07 6.949597980e-05 4.335554340e-08
1.498500000e+00 1.382694020e-05 2.941197760e-03 -9.797089930e-06 1.415430990e-05 2.871229930e-03 -9.836585130e-06 -3.273697690e-07 6.996782910e-05 3.949519560e-08
1.499070000e+00 -3.274868610e-06 -3.119488400e-03 -1.009701710e-06 -2.946832150e-06 -3.188857810e-03 -1.047717810e-06 -3.280364580e-07 6.936941110e-05 3.801609470e-08
1.499641000e+00 8.173052210e-06 1.148868390e-03 -1.099356190e-05 8.497024720e-06 1.079015650e-03 -1.102770150e-05 -3.239725130e-07 6.985274290e-05 3.413957020e-08
1.500211000e+00 -2.145868940e-06 3.064140630e-03 2.331053420e-06 -1.822080760e-06 2.993417410e-03 2.297979670e-06 -3.237881790e-07 7.072322020e-05 3.307375050e-08
1.500782000e+00 -4.036370970e-06 1.701994460e-03 2.277142940e-06 -3.711700110e-06 1.630579420e-03 2.244948470e-06 -3.246708670e-07 7.141503630e-05 3.219446820e-08
1.501352000e+00 1.009926640e-05 2.030634490e-03 -9.291571390e-06 1.041899950e-05 1.958553390e-03 -9.320367090e-06 -3.197331120e-07 7.208110400e-05 2.879569570e-08
1.501923000e+00 3.629894270e-06 2.920030450e-03 -4.698545970e-06 3.947551750e-06 2.847945130e-03 -4.725228460e-06 -3.176574770e-07 7.208531570e-05 2.668249810e-08
1.502502000e+00 1.996645240e-06 2.130960840e-03 -3.772414490e-06 2.312820490e-06 2.058711700e-03 -3.797176560e-06 -3.161752510e-07 7.224914570e-05 2.476207070e-08
1.503081000e+00 3.710633530e-06 4.752092720e-05 -1.028507280e-05 4.025245970e-06 -2.509381940e-05 -1.030727480e-05 -3.146124390e-07 7.261474660e-05 2.220197300e-08
1.503661000e+00 -9.521815960e-06 2.161916090e-03 3.780983510e-06 -9.204017580e-06 2.088773540e-03 3.758781060e-06 -3.177983840e-07 7.314254520e-05 2.220245590e-08
1.504240000e+00 -3.213777440e-06 4.830857580e-03 -3.942400240e-06 -2.894910000e-06 4.756921120e-03 -3.963423950e-06 -3.188674350e-07 7.393645870e-05 2.102371440e-08
1.504819000e+00 1.412875060e-05 2.899729470e-03 -6.523209810e-06 1.444015230e-05 2.825689280e-03 -6.541031360e-06 -3.114017450e-07 7.404018520e-05 1.782155030e-08
1.505399000e+00 9.240112260e-06 1.961773240e-03 -6.586010730e-06 9.546174550e-06 1.887708660e-03 -6.600922400e-06 -3.060622960e-07 7.406458010e-05 1.491167480e-08
1.505978000e+00 8.924541650e-06 3.912422920e-03 -6.376622590e-06 9.225409530e-06 3.837434140e-03 -6.388571080e-06 -3.008678810e-07 7.498878020e-05 1.194849100e-08
1.506557000e+00 -1.481596290e-06 3.361129310e-03 -2.782772360e-06 -1.181074970e-06 3.285506710e-03 -2.793279690e-06 -3.005213160e-07 7.562260660e-05 1.050733270e-08
1.507126000e+00 -7.442967790e-06 1.872308640e-03 -3.273321750e-06 -7.138995320e-06 1.796776150e-03 -3.283325610e-06 -3.039724720e-07 7.553249350e-05 1.000386100e-08
1.507696000e+00 1.920407910e-07 2.727524320e-03 -3.294867690e-06 4.954080150e-07 2.651798450e-03 -3.303637300e-06 -3.033672250e-07 7.572586740e-05 8.769606200e-09
1.508265000e+00 -1.122183000e-06 3.051389090e-03 -2.477244950e-06 -8.185355360e-07 2.975340860e-03 -2.485230190e-06 -3.036474680e-07 7.604822810e-05 7.985241400e-09
1.508834000e+00 5.484698660e-06 2.202126530e-03 -4.781706410e-06 5.785263250e-06 2.125812850e-03 -4.788063940e-06 -3.005645930e-07 7.631367440e-05 6.357530080e-09
1.509403000e+00 -2.076924090e-06 2.177775120e-03 -2.953359740e-06 -1.775953810e-06 2.101210390e-03 -2.959052850e-06 -3.009702800e-07 7.656473130e-05 5.693109170e-09
1.509972000e+00 2.409477690e-06 5.947176670e-03 -7.711621020e-06 2.709398400e-06 5.869957330e-03 -7.716045990e-06 -2.999207100e-07 7.721933400e-05 4.424976490e-09
1.510541000e+00 -8.807890550e-06 6.413285730e-03 -4.425808610e-06 -8.504384810e-06 6.335549840e-03 -4.430395640e-06 -3.035057400e-07 7.773589350e-05 4.587035910e-09
1.511099000e+00 3.125045210e-07 3.838966080e-03 -5.443003710e-06 6.153714020e-07 3.761415100e-03 -5.447044730e-06 -3.028668810e-07 7.755098100e-05 4.041026140e-09
1.511657000e+00 9.932250390e-06 3.563374220e-03 -7.681100590e-06 1.022994130e-05 3.485711410e-03 -7.683623880e-06 -2.976909570e-07 7.766280720e-05 2.523298580e-09
1.512215000e+00 -9.153136800e-07 2.012505150e-03 -3.492539980e-06 -6.184617800e-07 1.934305730e-03 -3.494738270e-06 -2.968519010e-07 7.819941090e-05 2.198293850e-09
1.512773000e+00 2.384481350e-06 4.800364580e-03 -5.751812360e-06 2.679638590e-06 4.721753600e-03 -5.753181190e-06 -2.951572450e-07 7.861098540e-05 1.368825390e-09
1.513331000e+00 4.829959380e-06 7.293904800e-03 -5.866037740e-06 5.122186390e-06 7.214809310e-03 -5.866536920e-06 -2.922270050e-07 7.909549020e-05 4.991783780e-10
1.513889000e+00 -1.837808200e-05 3.569494640e-03 -6.265877520e-07 -1.807871150e-05 3.490552310e-03 -6.285267110e-07 -2.993704350e-07 7.894233280e-05 1.938959150e-09
1.514447000e+00 -2.727200000e-06 2.176807100e-03 -4.252053680e-06 -2.427823440e-06 2.098161610e-03 -4.253682210e-06 -2.993765590e-07 7.864548320e-05 1.628521860e-09
1.515006000e+00 2.743467870e-06 5.907331990e-03 -3.131637840e-06 3.039711960e-06 5.828083670e-03 -3.132729270e-06 -2.962440950e-07 7.924831180e-05 1.091421060e-09
1.515564000e+00 1.677147990e-05 6.699659830e-03 -8.056489110e-06 1.705859130e-05 6.619848820e-03 -8.055370340e-06 -2.871113670e-07 7.981101370e-05 -1.118770700e-09
1.516109000e+00 1.664804320e-05 5.130923190e-03 -7.620256170e-06 1.692666300e-05 5.050925110e-03 -7.617548250e-06 -2.786198270e-07 7.999807700e-05 -2.707917740e-09
1.516654000e+00 1.607057440e-06 5.341721920e-03 -8.125522490e-06 1.884253810e-06 5.261627730e-03 -8.122241050e-06 -2.771963720e-07 8.009418770e-05 -3.281440450e-09
1.517199000e+00 1.155309090e-05 1.833866570e-03 -7.164716550e-06 1.182398530e-05 1.754399580e-03 -7.160200220e-06 -2.708943390e-07 7.946699440e-05 -4.516327750e-09
1.517730000e+00 -2.228901470e-06 5.521427930e-03 -2.894390750e-06 -1.958546260e-06 5.441867190e-03 -2.890411250e-06 -2.703552110e-07 7.956073770e-05 -3.979496300e-09
1.518262000e+00 1.075838240e-05 8.704714530e-03 -7.738404600e-06 1.102325240e-05 8.624272010e-03 -7.733726180e-06 -2.648700340e-07 8.044252040e-05 -4.678420000e-09
1.518794000e+00 -4.036285580e-06 6.085805140e-03 -3.046338900e-06 -3.771117750e-06 6.005064830e-03 -3.042585150e-06 -2.651678300e-07 8.074030910e-05 -3.753746660e-09
1.519312000e+00 7.994911680e-07 3.519217060e-03 -5.130285810e-06 1.062953980e-06 3.438407540e-03 -5.127036150e-06 -2.634628140e-07 8.080952520e-05 -3.249668590e-09
1.519830000e+00 8.240630530e-06 4.902506240e-03 -3.589627790e-06 8.498771800e-06 4.821814070e-03 -3.586416720e-06 -2.581412680e-07 8.069216920e-05 -3.211072550e-09
1.520348000e+00 -4.149134140e-06 4.374538110e-03 -9.163927410e-06 -3.890252310e-06 4.294172310e-03 -9.161180530e-06 -2.588818290e-07 8.036580810e-05 -2.746875650e-09
1.520866000e+00 -1.226373540e-06 5.797453450e-03 -3.141988220e-06 -9.692508650e-07 5.717156010e-03 -3.139893850e-06 -2.571226710e-07 8.029744540e-05 -2.094370390e-09
1.521370000e+00 8.180925050e-07 8.158028060e-03 -4.548079860e-06 1.072784550e-06 8.077767720e-03 -4.546510820e-06 -2.546920480e-07 8.026034040e-05 -1.569043720e-09
1.521874000e+00 -2.856456980e-06 6.105037360e-03 -2.167382540e-06 -2.603077210e-06 6.024648520e-03 -2.166806940e-06 -2.533797710e-07 8.038884430e-05 -5.755979620e-10
1.522377000e+00 -7.436062380e-06 6.250841210e-03 -2.410412940e-06 -7.182024490e-06 6.170102260e-03 -2.411164780e-06 -2.540378890e-07 8.073895260e-05 7.518388520e-10
1.522881000e+00 -7.480109680e-06 5.089242760e-03 -4.381523180e-06 -7.225144450e-06 5.008654970e-03 -4.383657530e-06 -2.549652300e-07 8.058778660e-05 2.134352700e-09
1.523385000e+00 -8.685980530e-07 3.521233160e-03 3.513075330e-06 -6.169940780e-07 3.441136300e-03 3.509580000e-06 -2.516039740e-07 8.009685700e-05 3.495329660e-09
1.523889000e+00 2.219523240e-06 5.706352100e-03 -5.477138360e-06 2.468024760e-06 5.626116270e-03 -5.481108370e-06 -2.485015200e-07 8.023582210e-05 3.970006980e-09
1.524376000e+00 5.804798560e-07 7.507697000e-03 -4.023465440e-06 8.263271990e-07 7.426915070e-03 -4.028178050e-06 -2.458473430e-07 8.078192840e-05 4.712607670e-09
1.524863000e+00 -9.654986440e-06 6.926748630e-03 -3.122956140e-06 -9.407490040e-06 6.846178900e-03 -3.129171310e-06 -2.474964060e-07 8.056973370e-05 6.215170160e-09
1.525351000e+00 -7.479576640e-06 5.676898850e-03 -2.665081910e-06 -7.231225240e-06 5.597117140e-03 -2.672735980e-06 -2.483513940e-07 7.978170850e-05 7.654075410e-09
1.525838000e+00 1.196750730e-05 6.397007140e-03 -5.720855960e-06 1.220886810e-05 6.317270330e-03 -5.728546050e-06 -2.413607190e-07 7.973681030e-05 7.690084990e-09
1.526326000e+00 -6.198784470e-06 7.693208790e-03 -5.706704080e-06 -5.957323560e-06 7.612885470e-03 -5.715313460e-06 -2.414609080e-07 8.032331580e-05 8.609372770e-09
1.526813000e+00 9.130740030e-07 6.734637630e-03 -1.741924940e-06 1.151314080e-06 6.654354990e-03 -1.751427990e-06 -2.382400740e-07 8.028264130e-05 9.503054040e-09
1.527301000e+00 -3.433014120e-07 4.756158810e-03 -6.872131780e-07 -1.079790470e-07 4.676555560e-03 -6.976776890e-07 -2.353223650e-07 7.960325010e-05 1.046451060e-08
1.527788000e+00 4.246601710e-06 6.984255770e-03 -1.489613780e-06 4.477334740e-06 6.904728320e-03 -1.500644660e-06 -2.307330330e-07 7.952745400e-05 1.103087940e-08
1.528276000e+00 3.219522780e-06 8.074073590e-03 -2.545975080e-06 3.446149890e-06 7.993879960e-03 -2.557410390e-06 -2.266271130e-07 8.019363230e-05 1.143531060e-08
1.528763000e+00 -9.265118960e-06 6.502564850e-03 -1.382490910e-06 -9.037417780e-06 6.422387800e-03 -1.395013890e-06 -2.277011840e-07 8.017705640e-05 1.252298750e-08
1.529251000e+00 -6.767087360e-06 3.706281170e-03 -1.197941960e-06 -6.539554910e-06 3.627292030e-03 -1.211418930e-06 -2.275324510e-07 7.898913710e-05 1.347697340e-08
1.529738000e+00 1.127552750e-06 5.528713390e-03 -1.228989040e-06 1.351487080e-06 5.450258620e-03 -1.242921420e-06 -2.239343310e-07 7.845477550e-05 1.393237260e-08
1.530226000e+00 5.790128760e-06 9.997213310e-03 -4.277122500e-07 6.008326100e-06 9.918156060e-03 -4.419635270e-07 -2.181973360e-07 7.905725240e-05 1.425127730e-08
1.530713000e+00 -9.395249510e-06 8.716915640e-03 -4.426437060e-06 -9.175813000e-06 8.637683120e-03 -4.441361630e-06 -2.194365150e-07 7.923252360e-05 1.492457130e-08
1.531201000e+00 -8.131703770e-06 2.722398320e-03 -2.885661360e-07 -7.912371170e-06 2.644119950e-03 -3.044533900e-07 -2.193325990e-07 7.827837530e-05 1.588725410e-08
1.531688000e+00 -6.522068070e-06 4.318212900e-03 1.225510230e-06 -6.303709220e-06 4.240588950e-03 1.208537690e-06 -2.183588450e-07 7.762394720e-05 1.697253550e-08
1.532175000e+00 4.692117930e-06 9.075683520e-03 2.923448240e-07 4.905017320e-06 8.997590840e-03 2.749568260e-07 -2.128993930e-07 7.809268420e-05 1.738799820e-08
1.532663000e+00 5.185457430e-06 9.238861660e-03 -2.304801120e-06 5.393003030e-06 9.160444740e-03 -2.322265840e-06 -2.075456000e-07 7.841692690e-05 1.746472110e-08
1.533150000e+00 -5.268268300e-07 5.982864130e-03 -2.475751360e-06 -3.220774050e-07 5.905290580e-03 -2.493600410e-06 -2.047494250e-07 7.757355280e-05 1.784905360e-08
1.533638000e+00 -1.424006290e-06 4.559282940e-03 -1.944501800e-06 -1.221669720e-06 4.482577660e-03 -1.962985340e-06 -2.023365730e-07 7.670527980e-05 1.848353540e-08
1.534125000e+00 -3.453524340e-06 7.072152350e-03 -1.422193170e-06 -3.252957380e-06 6.995506130e-03 -1.441440270e-06 -2.005669560e-07 7.664622230e-05 1.924709650e-08
1.534613000e+00 -3.065831400e-06 7.732879680e-03 -2.209995950e-07 -2.867397400e-06 7.656203970e-03 -2.410830840e-07 -1.984340050e-07 7.667571430e-05 2.008348910e-08
1.535100000e+00 5.036156180e-08 7.027633300e-03 -1.048187720e-06 2.455143540e-07 6.951158550e-03 -1.068869190e-06 -1.951527920e-07 7.647475440e-05 2.068147530e-08
1.535588000e+00 -2.666011550e-06 6.756467420e-03 -1.544160400e-06 -2.472946400e-06 6.680217410e-03 -1.565523430e-06 -1.930651460e-07 7.625000530e-05 2.136302760e-08
1.536075000e+00 3.894427630e-06 6.216514960e-03 -2.919173110e-06 4.083057440e-06 6.140755090e-03 -2.940802670e-06 -1.886298150e-07 7.575986100e-05 2.162956220e-08
1.536563000e+00 -4.620364650e-06 5.164647650e-03 1.504448830e-07 -4.433083860e-06 5.089522010e-03 1.279246310e-07 -1.872807820e-07 7.512563760e-05 2.252025280e-08
1.537050000e+00 1.866582790e-06 7.035161590e-03 -9.558048390e-07 2.049803220e-06 6.960289660e-03 -9.786747980e-07 -1.832204340e-07 7.487192940e-05 2.286995830e-08
1.537538000e+00 -1.839610330e-06 7.529339610e-03 -3.402579190e-06 -1.658493840e-06 7.454557560e-03 -3.425702200e-06 -1.811164880e-07 7.478204610e-05 2.312301090e-08
1.538025000e+00 4.611643050e-06 6.946477290e-03 -4.032118770e-06 4.788102690e-06 6.872097680e-03 -4.055094400e-06 -1.764596310e-07 7.437961310e-05 2.297563100e-08
1.538513000e+00 1.142556540e-05 7.100705040e-03 5.865815670e-07 1.159377480e-05 7.026767350e-03 5.636662370e-07 -1.682094290e-07 7.393769170e-05 2.291533000e-08
1.539000000e+00 -4.326637950e-06 6.585484950e-03 -5.879651700e-06 -4.159232210e-06 6.512082380e-03 -5.902512990e-06 -1.674057400e-07 7.340257200e-05 2.286128890e-08
1.539482000e+00 -1.081508710e-06 5.405520330e-03 -1.390686020e-06 -9.168295470e-07 5.332977690e-03 -1.413769850e-06 -1.646791600e-07 7.254263790e-05 2.308382300e-08
1.539964000e+00 -4.940326180e-06 7.437839090e-03 -2.067382200e-06 -4.776619610e-06 7.365589990e-03 -2.090818120e-06 -1.637065720e-07 7.224910400e-05 2.343591260e-08
1.540446000e+00 4.552140360e-06 8.789421830e-03 -4.276593900e-06 4.711365430e-06 8.716763430e-03 -4.299791400e-06 -1.592250690e-07 7.265839430e-05 2.319749720e-08
1.540929000e+00 -2.696270850e-06 6.979457090e-03 -3.300385910e-06 -2.538160870e-06 6.907151940e-03 -3.324037620e-06 -1.581099780e-07 7.230514980e-05 2.365171390e-08
1.541411000e+00 -4.277417450e-08 3.918210080e-03 -2.825013090e-06 1.137787550e-07 3.847430580e-03 -2.849300530e-06 -1.565529300e-07 7.077950020e-05 2.428743730e-08
1.541899000e+00 1.458598370e-05 5.661268150e-03 -1.014141680e-05 1.473607500e-05 5.591266220e-03 -1.016513700e-05 -1.500912720e-07 7.000193000e-05 2.372017750e-08
1.542387000e+00 -3.355692630e-06 9.622648980e-03 2.481920680e-06 -3.206506120e-06 9.552148750e-03 2.457175920e-06 -1.491865100e-07 7.050023430e-05 2.474475340e-08
1.542876000e+00 2.653826560e-06 7.558234540e-03 -3.365373460e-07 2.800511830e-06 7.487769950e-03 -3.617099020e-07 -1.466852700e-07 7.046458700e-05 2.517255590e-08
1.543364000e+00 6.747556660e-06 3.849784100e-03 3.437920810e-06 6.889698300e-06 3.780519560e-03 3.412033930e-06 -1.421416440e-07 6.926454290e-05 2.588687930e-08
1.543859000e+00 -1.330306820e-05 4.407202240e-03 -2.630011740e-06 -1.315609320e-05 4.338853830e-03 -2.656532800e-06 -1.469750060e-07 6.834840720e-05 2.652105770e-08
1.544354000e+00 4.139333190e-06 7.660897020e-03 -4.072035460e-06 4.283937030e-06 7.592770190e-03 -4.098227990e-06 -1.446038430e-07 6.812683370e-05 2.619252890e-08
1.544849000e+00 8.807061170e-07 7.124953630e-03 -1.978902570e-06 1.024516050e-06 7.057172190e-03 -2.005288450e-06 -1.438099340e-07 6.778143190e-05 2.638587990e-08
1.545344000e+00 -4.717045340e-06 7.024286870e-03 -1.181504370e-06 -4.571813190e-06 6.957023090e-03 -1.208432990e-06 -1.452321480e-07 6.726378120e-05 2.692861880e-08
1.545846000e+00 1.355895920e-06 6.655152310e-03 -3.198511380e-06 1.500548980e-06 6.588399940e-03 -3.225595380e-06 -1.446530550e-07 6.675237090e-05 2.708399800e-08
1.546349000e+00 -6.266214800e-06 5.585440810e-03 -3.237328300e-06 -6.118737570e-06 5.519467060e-03 -3.264849300e-06 -1.474772270e-07 6.597374390e-05 2.752099490e-08
1.546851000e+00 7.423870770e-07 4.832765440e-03 -3.413000650e-06 8.898748570e-07 4.767547570e-03 -3.440706010e-06 -1.474877800e-07 6.521786680e-05 2.770536230e-08
1.547361000e+00 -3.131730620e-06 7.239803380e-03 -3.273988420e-06 -2.982662010e-06 7.174956790e-03 -3.302101560e-06 -1.490686120e-07 6.484658430e-05 2.811314180e-08
1.547871000e+00 -1.561383980e-06 7.703914810e-03 -3.306235580e-06 -1.411107800e-06 7.639468650e-03 -3.334722800e-06 -1.502761790e-07 6.444616030e-05 2.848721250e-08
1.548381000e+00 8.122543410e-06 3.223955110e-03 -3.721071560e-06 8.270492770e-06 3.160892340e-03 -3.749675500e-06 -1.479493640e-07 6.306277660e-05 2.860393690e-08
1.548900000e+00 -3.117319760e-07 3.166633780e-03 -2.052643460e-06 -1.624692000e-07 3.104828350e-03 -2.081834890e-06 -1.492627760e-07 6.180543110e-05 2.919143160e-08
1.549419000e+00 3.115638280e-08 1.005226010e-02 -2.920837010e-06 1.817305520e-07 9.990041420e-03 -2.950439520e-06 -1.505741690e-07 6.221864420e-05 2.960251350e-08
1.549937000e+00 1.317462020e-06 8.876105090e-03 -5.012420790e-06 1.469506120e-06 8.813736750e-03 -5.042161560e-06 -1.520441020e-07 6.236833960e-05 2.974076630e-08
1.550456000e+00 4.080275490e-06 3.448934210e-03 -3.185302620e-06 4.232731290e-06 3.387991990e-03 -3.215376600e-06 -1.524558040e-07 6.094221390e-05 3.007398270e-08
1.550984000e+00 4.304747330e-06 3.671156780e-03 -4.217546990e-06 4.457667560e-06 3.611409310e-03 -4.247751930e-06 -1.529202240e-07 5.974747610e-05 3.020494080e-08
1.551512000e+00 9.154298130e-06 5.319174200e-03 -4.315504620e-06 9.305627660e-06 5.260130960e-03 -4.345654280e-06 -1.513295350e-07 5.904323920e-05 3.014966230e-08
1.552050000e+00 1.665465370e-06 4.573411120e-03 -4.881488190e-06 1.818623880e-06 4.515128460e-03 -4.911853130e-06 -1.531585110e-07 5.828266520e-05 3.036493640e-08
1.552589000e+00 5.773927380e-06 5.653314580e-03 -1.960107950e-06 5.926780970e-06 5.595547100e-03 -1.990897080e-06 -1.528535930e-07 5.776748050e-05 3.078913130e-08
1.553127000e+00 2.895684000e-07 5.068044420e-03 -1.325279110e-06 4.446966600e-07 5.010971590e-03 -1.356861120e-06 -1.551282600e-07 5.707283060e-05 3.158200390e-08
1.553676000e+00 -6.239805360e-06 6.076610770e-03 -3.389690200e-06 -6.078801930e-06 6.020516720e-03 -3.422146420e-06 -1.610034360e-07 5.609404840e-05 3.245621930e-08
1.554226000e+00 -5.877436920e-06 6.002759690e-03 -2.228863900e-06 -5.711131430e-06 5.947416150e-03 -2.262253390e-06 -1.663054970e-07 5.534353710e-05 3.338949230e-08
1.554787000e+00 1.307364150e-05 6.708180450e-03 -2.623582340e-06 1.323650680e-05 6.653178750e-03 -2.657314820e-06 -1.628653290e-07 5.500169280e-05 3.373248620e-08
1.555349000e+00 6.016603650e-06 3.275332850e-03 -2.690939650e-06 6.179573060e-06 3.221434570e-03 -2.725195380e-06 -1.629694100e-07 5.389828410e-05 3.425572880e-08
1.555911000e+00 1.600883000e-06 2.078651970e-03 -3.890688500e-06 1.766116150e-06 2.026136870e-03 -3.925356530e-06 -1.652331550e-07 5.251510090e-05 3.466802510e-08
1.556486000e+00 1.683710870e-06 5.578700200e-03 -3.324703550e-06 1.851239090e-06 5.526638280e-03 -3.359771970e-06 -1.675282220e-07 5.206191950e-05 3.506842140e-08
1.557061000e+00 7.746469930e-06 5.307930120e-03 -2.629364940e-06 7.913635520e-06 5.256359620e-03 -2.664734560e-06 -1.671655930e-07 5.157050020e-05 3.536962270e-08
1.557637000e+00 9.295143940e-06 4.054289830e-03 -4.311694980e-06 9.461815690e-06 4.004063680e-03 -4.347111040e-06 -1.666717420e-07 5.022615500e-05 3.541606700e-08
1.558228000e+00 9.116831460e-06 3.729256990e-03 -1.914993380e-06 9.283033270e-06 3.680229630e-03 -1.950726760e-06 -1.662018030e-07 4.902736120e-05 3.573337710e-08
1.558818000e+00 8.378019170e-06 4.432078010e-03 -1.026632310e-05 8.545581690e-06 4.384078530e-03 -1.030126900e-05 -1.675625160e-07 4.799947700e-05 3.494597600e-08
1.559427000e+00 1.132983770e-05 4.838726660e-03 -2.178173960e-06 1.149615760e-05 4.791477420e-03 -2.213212570e-06 -1.663198820e-07 4.724923700e-05 3.503860380e-08
1.560035000e+00 -3.701824290e-06 6.079946990e-03 -3.947516970e-06 -3.529828590e-06 6.033168800e-03 -3.982594160e-06 -1.719956940e-07 4.677818820e-05 3.507718760e-08
1.560643000e+00 5.623006520e-06 7.221205000e-06 -1.973880880e-06 5.796232680e-06 -3.792924510e-05 -2.009042000e-06 -1.732261630e-07 4.515045010e-05 3.516111140e-08
1.561272000e+00 6.104821840e-06 6.273713990e-04 -4.450903980e-06 6.279289320e-06 5.835285490e-04 -4.485690780e-06 -1.744674830e-07 4.384284950e-05 3.478680150e-08
1.561900000e+00 -1.194472010e-06 7.895216570e-03 -1.795843560e-06 -1.015790910e-06 7.851747260e-03 -1.830582370e-06 -1.786811000e-07 4.346931410e-05 3.473880960e-08
1.562552000e+00 4.360037930e-06 2.267037010e-03 -5.343855210e-06 4.540622900e-06 2.224905190e-03 -5.377950270e-06 -1.805849680e-07 4.213181920e-05 3.409505570e-08
1.563204000e+00 1.747563870e-05 4.746909420e-04 -3.022936630e-06 1.765170870e-05 4.340886370e-04 -3.056173460e-06 -1.760699540e-07 4.060230440e-05 3.323682580e-08
1.563856000e+00 1.759145600e-05 3.792761600e-03 -3.744289060e-06 1.776264680e-05 3.753034820e-03 -3.776549140e-06 -1.711908400e-07 3.972677920e-05 3.226007710e-08
1.564536000e+00 5.254210490e-06 3.127194950e-03 -5.946615490e-06 5.427247320e-06 3.088842040e-03 -5.977767000e-06 -1.730368350e-07 3.835290790e-05 3.115151120e-08
1.565216000e+00 1.975858630e-05 3.032300860e-03 1.119668860e-06 1.992376620e-05 2.995578830e-03 1.088946870e-06 -1.651799050e-07 3.672203180e-05 3.072198910e-08
1.565896000e+00 -3.555355090e-06 1.263472060e-03 -9.610465200e-06 -3.383334800e-06 1.227668470e-03 -9.639469210e-06 -1.720202870e-07 3.580359080e-05 2.900400440e-08
1.566612000e+00 4.526951730e-06 3.395723410e-03 -4.125335340e-06 4.699821500e-06 3.360781410e-03 -4.153062870e-06 -1.728697720e-07 3.494199930e-05 2.772752720e-08
1.567328000e+00 6.910241710e-06 4.655231640e-03 -4.664241240e-06 7.082493070e-06 4.621242260e-03 -4.690519430e-06 -1.722513560e-07 3.398937720e-05 2.627819290e-08
1.568044000e+00 1.172547270e-05 1.474247890e-03 -5.180704850e-06 1.189446740e-05 1.442127620e-03 -5.205403380e-06 -1.689947550e-07 3.212026480e-05 2.469853080e-08
1.568760000e+00 9.362722720e-06 1.179645450e-03 -3.143973990e-06 9.528683130e-06 1.148903340e-03 -3.167357170e-06 -1.659604080e-07 3.074210750e-05 2.338317810e-08
1.569476000e+00 2.547638660e-06 5.805832740e-04 -5.831695550e-06 2.714261220e-06 5.512700600e-04 -5.853349740e-06 -1.666225630e-07 2.931321370e-05 2.165419280e-08
1.570192000e+00 7.357732870e-06 1.991409220e-03 -3.783441740e-06 7.521606720e-06 1.963687570e-03 -3.803426860e-06 -1.638738480e-07 2.772164620e-05 1.998512720e-08
1.570968000e+00 1.887229850e-05 9.417402270e-04 -5.079034350e-06 1.902648820e-05 9.153593010e-04 -5.096802280e-06 -1.541896450e-07 2.638092610e-05 1.776792690e-08
1.571744000e+00 1.570330240e-05 2.058803460e-03 -3.241683300e-06 1.584946500e-05 2.033439060e-03 -3.257469200e-06 -1.461626100e-07 2.536440370e-05 1.578590460e-08
1.572519000e+00 6.532467680e-06 1.925369670e-03 -4.016845820e-06 6.676505380e-06 1.901161430e-03 -4.030556040e-06 -1.440376990e-07 2.420824070e-05 1.371021640e-08
1.573295000e+00 6.685387760e-06 6.189177440e-05 -4.208734170e-06 6.827516710e-06 3.981911030e-05 -4.220400720e-06 -1.421289520e-07 2.207266410e-05 1.166654550e-08
1.574071000e+00 3.763496090e-06 -1.711665540e-03 -2.147403280e-06 3.904957540e-06 -1.731348360e-03 -2.157286600e-06 -1.414614430e-07 1.968281630e-05 9.883326480e-09
1.574846000e+00 8.105868650e-06 1.494496910e-03 -3.954108650e-06 8.244077600e-06 1.475689000e-03 -3.962130300e-06 -1.382089510e-07 1.880790850e-05 8.021648330e-09
1.575622000e+00 1.773975700e-05 1.943993640e-03 -2.189063320e-06 1.786849450e-05 1.926149050e-03 -2.195330820e-06 -1.287374610e-07 1.784459240e-05 6.267506620e-09
1.576397000e+00 1.179470520e-05 -1.283654380e-03 -3.028922220e-06 1.191824530e-05 -1.299186770e-03 -3.033505430e-06 -1.235401230e-07 1.553239390e-05 4.583216500e-09
1.577173000e+00 6.602640000e-06 -4.368791750e-03 -2.044575100e-06 6.723665810e-06 -4.382524260e-03 -2.047821180e-06 -1.210258140e-07 1.373251080e-05 3.246078340e-09
1.577949000e+00 9.762192680e-06 1.971526690e-03 -3.362106490e-06 9.879258020e-06 1.959117650e-03 -3.363528480e-06 -1.170653450e-07 1.240903690e-05 1.421987900e-09
1.578724000e+00 1.119133940e-05 -7.467172230e-05 -3.463631290e-06 1.130325870e-05 -8.550901280e-05 -3.463391230e-06 -1.119192590e-07 1.083729060e-05 -2.400577670e-10
1.579500000e+00 1.584365540e-05 -2.513189630e-03 -2.271961970e-06 1.594742690e-05 -2.522208560e-03 -2.270191530e-06 -1.037714050e-07 9.018928970e-06 -1.770439500e-09
1.580362000e+00 1.519833330e-05 -2.190060250e-03 -2.990887240e-06 1.529357810e-05 -2.197003350e-03 -2.987289740e-06 -9.524482790e-08 6.943091300e-06 -3.597497530e-09
1.581284000e+00 1.406176840e-05 2.060336930e-03 -2.741257810e-06 1.414819990e-05 2.054442380e-03 -2.735794300e-06 -8.643144550e-08 5.894544990e-06 -5.463509860e-09
1.582205000e+00 1.048472970e-05 -4.485562930e-03 -1.480430370e-06 1.056482260e-05 -4.488478560e-03 -1.473523420e-06 -8.009291970e-08 2.915626570e-06 -6.906949450e-09
1.583150000e+00 1.292302660e-05 -1.312681690e-03 -3.498927550e-06 1.299551010e-05 -1.314028930e-03 -3.490423350e-06 -7.248344160e-08 1.347241150e-06 -8.504203900e-09
1.584095000e+00 9.822345560e-06 -2.851946030e-03 -4.377092970e-06 9.889810380e-06 -2.850788760e-03 -4.366950690e-06 -6.746482210e-08 -1.157269440e-06 -1.014227340e-08
1.585040000e+00 4.799540870e-06 -1.674684460e-03 -3.839567850e-06 4.865571010e-06 -1.671559460e-03 -3.827888450e-06 -6.603014230e-08 -3.125001140e-06 -1.167940040e-08
1.586011000e+00 1.172309620e-05 -2.163964620e-03 -1.219498390e-06 1.178191240e-05 -2.158900190e-03 -1.206708720e-06 -5.881616880e-08 -5.064423800e-06 -1.278967010e-08
1.586982000e+00 8.534743730e-06 -4.932976570e-03 -1.832920920e-06 8.589132850e-06 -4.924739130e-03 -1.818964560e-06 -5.438912090e-08 -8.237443120e-06 -1.395635340e-08
1.587953000e+00 1.158477450e-05 -2.033664370e-03 -2.246562900e-06 1.163343310e-05 -2.023308750e-03 -2.231464660e-06 -4.865863810e-08 -1.035562190e-05 -1.509824110e-08
1.588924000e+00 1.164213460e-05 -1.782207140e-03 -3.027855860e-06 1.168581480e-05 -1.769918760e-03 -3.011543450e-06 -4.368015520e-08 -1.228838790e-05 -1.631240540e-08
1.589896000e+00 8.450112490e-06 -4.980373320e-03 -2.371437220e-06 8.492603880e-06 -4.964898010e-03 -2.354297030e-06 -4.249138920e-08 -1.547531620e-05 -1.714019130e-08
1.590867000e+00 6.827944000e-06 -1.753387840e-03 -2.840386890e-06 6.871506130e-06 -1.736397280e-03 -2.822634790e-06 -4.356212110e-08 -1.699056860e-05 -1.775210590e-08
1.591838000e+00 5.932669900e-06 -7.157213800e-03 -3.830005570e-06 5.978800020e-06 -7.136843900e-03 -3.811715720e-06 -4.613012580e-08 -2.036989980e-05 -1.828984500e-08
1.592809000e+00 3.877942310e-06 -1.140248510e-03 -4.082393370e-06 3.928137410e-06 -1.118667340e-03 -4.063936940e-06 -5.019509970e-08 -2.158117670e-05 -1.845642040e-08
1.593780000e+00 1.372037370e-06 -7.678826840e-03 -2.883906300e-06 1.428895780e-06 -7.653548880e-03 -2.865867030e-06 -5.685841700e-08 -2.527796910e-05 -1.803927400e-08
1.594751000e+00 8.763635250e-06 -3.960046110e-03 -1.488633140e-06 8.822290850e-06 -3.932134370e-03 -1.471739660e-06 -5.865559800e-08 -2.791174110e-05 -1.689348440e-08
1.595761000e+00 5.614129050e-06 -2.949647220e-03 -2.505340370e-06 5.678137570e-06 -2.919973060e-03 -2.489561250e-06 -6.400852090e-08 -2.967415550e-05 -1.577911700e-08
1.596771000e+00 4.635199930e-06 -5.489877400e-03 -1.408026020e-06 4.705722740e-06 -5.457267430e-03 -1.393758880e-06 -7.052280480e-08 -3.260997700e-05 -1.426714740e-08
1.597781000e+00 3.724694580e-06 -5.393878480e-03 -1.306899130e-06 3.802980920e-06 -5.358575500e-03 -1.294621940e-06 -7.828634470e-08 -3.530297710e-05 -1.227719620e-08
1.598791000e+00 6.736181580e-06 -5.339462970e-03 6.037009310e-07 6.819384060e-06 -5.301368900e-03 6.134450900e-07 -8.320248340e-08 -3.809406480e-05 -9.744158540e-09
1.599801000e+00 2.552635210e-07 -4.431917620e-03 -2.171851290e-06 3.494484620e-07 -4.391177260e-03 -2.164202070e-06 -9.418494160e-08 -4.074035420e-05 -7.649221750e-09
1.600811000e+00 2.057575140e-06 -5.950141800e-03 -9.811200350e-07 2.160686990e-06 -5.906580570e-03 -9.761073780e-07 -1.031118560e-07 -4.356123150e-05 -5.012656620e-09
1.601821000e+00 1.438109860e-06 -6.875894170e-03 -5.425984010e-07 1.550894020e-06 -6.829696920e-03 -5.406149420e-07 -1.127841600e-07 -4.619724830e-05 -1.983459330e-09
1.602831000e+00 9.200835350e-07 -7.048494810e-03 -2.296814300e-08 1.043069100e-06 -6.998707630e-03 -2.441982820e-08 -1.229855680e-07 -4.978718720e-05 1.451685290e-09
1.603841000e+00 -4.202392110e-07 -3.471968530e-03 -9.668167810e-07 -2.852926320e-07 -3.420552070e-03 -9.716731440e-07 -1.349465790e-07 -5.141645790e-05 4.856362800e-09
1.604791000e+00 4.729731460e-06 -9.142701150e-03 4.239501280e-06 4.871046100e-06 -9.087702240e-03 4.230218180e-06 -1.413146360e-07 -5.499890360e-05 9.283101920e-09
1.605742000e+00 4.904822120e-06 -5.917661850e-03 -8.481656980e-07 5.054335810e-06 -5.860402590e-03 -8.609042420e-07 -1.495136930e-07 -5.725925660e-05 1.273854390e-08
1.606692000e+00 5.251303610e-07 -8.899822700e-03 3.116934820e-07 6.862809100e-07 -8.839259110e-03 2.952935720e-07 -1.611505490e-07 -6.056359160e-05 1.639990940e-08
1.607580000e+00 -1.443022800e-06 -6.795668540e-03 4.862336120e-07 -1.269437480e-06 -6.732884970e-03 4.663715650e-07 -1.735853130e-07 -6.278356350e-05 1.986204720e-08
1.608467000e+00 -2.070391660e-06 -4.998764980e-03 4.541460260e-07 -1.883634820e-06 -4.933878160e-03 4.306714140e-07 -1.867568410e-07 -6.488682730e-05 2.347461200e-08
1.609290000e+00 -2.941834130e-06 -6.801277900e-03 7.012351670e-07 -2.742207350e-06 -6.734425190e-03 6.743100830e-07 -1.996267830e-07 -6.685271210e-05 2.692508430e-08
1.610114000e+00 -1.632115240e-06 -8.350063740e-03 7.801178610e-07 -1.419531500e-06 -8.281031980e-03 7.496095690e-07 -2.125837350e-07 -6.903176300e-05 3.050829170e-08
1.610875000e+00 -3.383922790e-06 -8.969559810e-03 1.073482800e-06 -3.158592420e-06 -8.898031910e-03 1.039519870e-06 -2.253303730e-07 -7.152790180e-05 3.396292520e-08
1.611635000e+00 -3.898791460e-06 -5.851352080e-03 9.757016000e-07 -3.660585550e-06 -5.778452570e-03 9.382701540e-07 -2.382059120e-07 -7.289951190e-05 3.743144630e-08
1.612396000e+00 -3.879547530e-06 -9.360694780e-03 1.187769820e-06 -3.628041340e-06 -9.285459210e-03 1.146816830e-06 -2.515061930e-07 -7.523557610e-05 4.095299230e-08
1.613087000e+00 -3.643898930e-06 -8.816808240e-03 1.131746300e-06 -3.380726500e-06 -8.739727710e-03 1.087650800e-06 -2.631724310e-07 -7.708053240e-05 4.409550620e-08
1.613778000e+00 -7.018968230e-06 -6.458032020e-03 1.439089010e-06 -6.742471390e-06 -6.379773890e-03 1.391802490e-06 -2.764968400e-07 -7.825813400e-05 4.728652120e-08
1.614470000e+00 -3.152999760e-06 -8.345862360e-03 4.672495430e-06 -2.864898720e-06 -8.265483070e-03 4.621198280e-06 -2.881010410e-07 -8.037928380e-05 5.129715280e-08
1.615084000e+00 -6.070830490e-06 -9.003877700e-03 9.744679980e-07 -5.770117520e-06 -8.922007410e-03 9.202452430e-07 -3.007129730e-07 -8.187028720e-05 5.422275480e-08
1.615699000e+00 -5.946610040e-06 -8.399294750e-03 1.140098700e-06 -5.633638080e-06 -8.316524660e-03 1.082786120e-06 -3.129719590e-07 -8.277009040e-05 5.731258060e-08
1.616313000e+00 -7.163937550e-06 -1.013870410e-02 1.210453650e-06 -6.838067880e-06 -1.005424850e-02 1.149993240e-06 -3.258696720e-07 -8.445566830e-05 6.046040280e-08
1.616928000e+00 -7.682333000e-06 -9.519862890e-03 2.332804120e-06 -7.343442190e-06 -9.433920240e-03 2.269146340e-06 -3.388908110e-07 -8.594264870e-05 6.365777660e-08
1.617542000e+00 -4.986318350e-06 -6.547597690e-03 1.249599470e-06 -4.636180070e-06 -6.460890050e-03 1.182593900e-06 -3.501382780e-07 -8.670764310e-05 6.700557540e-08
1.618157000e+00 -6.014940240e-06 -9.277556450e-03 1.857626930e-06 -5.652723430e-06 -9.189458630e-03 1.787166420e-06 -3.622168090e-07 -8.809781320e-05 7.046051630e-08
1.618771000e+00 -1.065620900e-05 -1.080463710e-02 -2.580886640e-07 -1.027839240e-05 -1.071490500e-02 -3.315022340e-07 -3.778166140e-07 -8.973211510e-05 7.341357000e-08
1.619386000e+00 -5.995073940e-06 -7.696397010e-03 2.390883910e-06 -5.605028540e-06 -7.605770230e-03 2.314097790e-06 -3.900454070e-07 -9.062677660e-05 7.678611980e-08
1.620000000e+00 -5.809768430e-06 -7.785242190e-03 2.607236820e-06 -5.408243710e-06 -7.693824000e-03 2.527108450e-06 -4.015247180e-07 -9.141819220e-05 8.012836880e-08
1.620526000e+00 -6.166313060e-06 -8.060628730e-03 2.861444390e-06 -5.755674660e-06 -7.968688820e-03 2.778514050e-06 -4.106384030e-07 -9.193990890e-05 8.293034490e-08
1.621038000e+00 -6.173749990e-06 -9.738752890e-03 2.837774960e-06 -5.754435300e-06 -9.646573710e-03 2.752179680e-06 -4.193146890e-07 -9.217917920e-05 8.559528620e-08
1.621544000e+00 -6.305382850e-06 -1.300469520e-02 2.849471170e-06 -5.877212700e-06 -1.291237100e-02 2.761306340e-06 -4.281701590e-07 -9.232416410e-05 8.816483050e-08
1.622044000e+00 -5.984384400e-06 -8.271642080e-03 2.747189000e-06 -5.547542330e-06 -8.179524390e-03 2.656538760e-06 -4.368420750e-07 -9.211768410e-05 9.065024380e-08
1.622537000e+00 -5.686373820e-06 -3.697063320e-03 2.711397450e-06 -5.241228430e-06 -3.605532610e-03 2.618390540e-06 -4.451453890e-07 -9.153071380e-05 9.300691210e-08
1.623030000e+00 -5.681289700e-06 -7.837055160e-03 2.770530580e-06 -5.228175620e-06 -7.745581220e-03 2.675212890e-06 -4.531140840e-07 -9.147393500e-05 9.531768550e-08
1.623516000e+00 -3.411106230e-06 -1.187418460e-02 7.209290770e-06 -2.951663150e-06 -1.178234320e-02 7.111227040e-06 -4.594430840e-07 -9.184138860e-05 9.806372710e-08
1.623997000e+00 -2.655459960e-06 -8.535455040e-03 9.642505150e-07 -2.188936650e-06 -8.443713050e-03 8.642191500e-07 -4.665233100e-07 -9.174198480e-05 1.000313660e-07
1.624471000e+00 -9.427499100e-06 -4.100580400e-03 -3.955515800e-06 -8.950869520e-06 -4.009383670e-03 -4.056995980e-06 -4.766295750e-07 -9.119673320e-05 1.014801770e-07
1.624939000e+00 -2.320644630e-06 -7.451618620e-03 8.686819000e-06 -1.839132900e-06 -7.360585540e-03 8.582872770e-06 -4.815117300e-07 -9.103308600e-05 1.039462290e-07
1.625407000e+00 -6.127554640e-06 -1.372120310e-02 2.982790900e-06 -5.638956200e-06 -1.362982550e-02 2.877031930e-06 -4.885984330e-07 -9.137754210e-05 1.057589680e-07
1.625868000e+00 -4.883570690e-06 -1.184334860e-02 2.577421340e-06 -4.388489460e-06 -1.175190760e-02 2.469970290e-06 -4.950812350e-07 -9.144100160e-05 1.074510410e-07
1.626324000e+00 -4.432475350e-06 -7.192524730e-03 2.539813780e-06 -3.931536620e-06 -7.101571960e-03 2.430788670e-06 -5.009387310e-07 -9.095276670e-05 1.090251110e-07
1.626780000e+00 -7.593301060e-06 -7.472348300e-03 3.138444860e-06 -7.085875900e-06 -7.381798980e-03 3.027926800e-06 -5.074251540e-07 -9.054931870e-05 1.105180660e-07
1.627229000e+00 -3.091135560e-08 -9.281376680e-03 1.788895630e-06 4.807803370e-07 -9.190686920e-03 1.677104330e-06 -5.116916920e-07 -9.068976210e-05 1.117913010e-07
1.627679000e+00 -2.880436810e-06 -9.928216460e-03 2.460917520e-06 -2.363920020e-06 -9.837254630e-03 2.347968640e-06 -5.165167880e-07 -9.096183310e-05 1.129488860e-07
1.628123000e+00 -2.846862260e-06 -8.643466980e-03 2.499569240e-06 -2.325988790e-06 -8.552724150e-03 2.385690150e-06 -5.208734670e-07 -9.074283340e-05 1.138790900e-07
1.628566000e+00 -3.834778780e-06 -7.200588710e-03 2.330774390e-06 -3.309464970e-06 -7.110384420e-03 2.216163140e-06 -5.253138110e-07 -9.020428860e-05 1.146112580e-07
1.629010000e+00 -1.499953790e-06 -9.266996040e-03 2.948690790e-06 -9.714160710e-07 -9.176921330e-03 2.833327780e-06 -5.285377210e-07 -9.007471420e-05 1.153630100e-07
1.629447000e+00 -1.728720460e-06 -1.230202770e-02 2.361621650e-06 -1.196892930e-06 -1.221165000e-02 2.245695590e-06 -5.318275330e-07 -9.037776920e-05 1.159260670e-07
1.629884000e+00 -1.753923710e-06 -1.114650350e-02 2.483120140e-06 -1.219088000e-06 -1.105606880e-02 2.366767730e-06 -5.348357110e-07 -9.043465460e-05 1.163524020e-07
1.630316000e+00 -4.597125700e-07 -8.471971700e-03 2.762220300e-06 7.729044520e-08 -8.381934060e-03 2.645596070e-06 -5.370030150e-07 -9.003764220e-05 1.166242370e-07
1.630747000e+00 -3.012671050e-06 -8.637235000e-03 2.914617910e-06 -2.472720350e-06 -8.547550520e-03 2.797843540e-06 -5.399507060e-07 -8.968447160e-05 1.167743690e-07
1.631178000e+00 -7.339641800e-06 -7.549819430e-03 -3.390497880e-07 -6.795031020e-06 -7.460431290e-03 -4.554667900e-07 -5.446107770e-07 -8.938813430e-05 1.164170020e-07
1.631609000e+00 1.008346040e-05 -4.826387170e-03 2.962071460e-06 1.062573310e-05 -4.737487730e-03 2.845608230e-06 -5.422727150e-07 -8.889943840e-05 1.164632350e-07
1.632040000e+00 -7.761431250e-06 -1.054375300e-02 3.897061390e-06 -7.214961880e-06 -1.045476870e-02 3.780629760e-06 -5.464693690e-07 -8.898427220e-05 1.164316300e-07
1.632472000e+00 -1.730182220e-06 -1.948921750e-02 3.497245270e-06 -1.181975220e-06 -1.939929730e-02 3.380923180e-06 -5.482070040e-07 -8.992021930e-05 1.163220930e-07
1.632896000e+00 1.716330120e-07 -1.614245430e-02 3.681014940e-06 7.210861620e-07 -1.605212700e-02 3.564919810e-06 -5.494531500e-07 -9.032728910e-05 1.160951260e-07
1.633321000e+00 -5.289382940e-08 -3.888049380e-03 3.114168700e-06 4.976625330e-07 -3.798665800e-03 2.998518980e-06 -5.505563630e-07 -8.938358070e-05 1.156497200e-07
1.633746000e+00 -2.877464810e-08 -1.806362630e-03 3.024832280e-06 5.221935240e-07 -1.717964670e-03 2.909655580e-06 -5.509681720e-07 -8.839795880e-05 1.151766990e-07
1.634177000e+00 8.484354510e-06 -1.069604980e-02 3.324190210e-06 9.032215410e-06 -1.060766090e-02 3.209555170e-06 -5.478609070e-07 -8.838886600e-05 1.146350420e-07
1.634609000e+00 -6.060019070e-06 -1.567925800e-02 2.813062160e-06 -5.510433590e-06 -1.559054730e-02 2.698829270e-06 -5.495854760e-07 -8.871067950e-05 1.142328870e-07
1.635033000e+00 1.151972410e-07 -1.251985530e-02 1.125986690e-06 6.647847880e-07 -1.243108950e-02 1.012406950e-06 -5.495875470e-07 -8.876576560e-05 1.135797410e-07
1.635458000e+00 -5.499433700e-06 -1.028549070e-02 3.414608460e-06 -4.948493340e-06 -1.019660080e-02 3.301476670e-06 -5.509403630e-07 -8.888989470e-05 1.131317900e-07
1.635882000e+00 -1.344435990e-07 -1.087093190e-02 2.572292780e-06 4.161737920e-07 -1.078191810e-02 2.459691940e-06 -5.506173910e-07 -8.901377390e-05 1.126008400e-07
1.636306000e+00 3.740326370e-06 -8.087638440e-03 2.900662740e-06 4.289098430e-06 -7.998943320e-03 2.788676570e-06 -5.487720620e-07 -8.869511150e-05 1.119861610e-07
1.636738000e+00 2.200139920e-06 -6.566660890e-03 3.013426310e-06 2.747541270e-06 -6.478332120e-03 2.902038950e-06 -5.474013470e-07 -8.832877730e-05 1.113873580e-07
1.637170000e+00 1.452481460e-06 -1.020983060e-02 4.676058980e-06 1.998564920e-06 -1.012169810e-02 4.565163860e-06 -5.460834610e-07 -8.813251020e-05 1.108951280e-07
1.637603000e+00 -3.378179140e-06 -1.123514260e-02 -7.240036650e-07 -2.831011110e-06 -1.114730380e-02 -8.338562200e-07 -5.471680320e-07 -8.783882220e-05 1.098525550e-07
1.638035000e+00 1.089494400e-06 -1.124435750e-02 1.279280490e-06 1.635991810e-06 -1.115669580e-02 1.170351950e-06 -5.464974080e-07 -8.766175380e-05 1.089285410e-07
1.638467000e+00 1.886423980e-06 -1.224067800e-02 4.719408720e-06 2.431342460e-06 -1.215282820e-02 4.611305160e-06 -5.449184860e-07 -8.784985460e-05 1.081035560e-07
1.638899000e+00 9.072206790e-06 -1.236009290e-02 6.820567770e-06 9.612831510e-06 -1.227213020e-02 6.712944630e-06 -5.406247260e-07 -8.796272380e-05 1.076231370e-07
1.639331000e+00 2.034554470e-06 -1.081664890e-02 2.576376520e-06 2.573729460e-06 -1.072859730e-02 2.469682490e-06 -5.391749950e-07 -8.805152330e-05 1.066940310e-07
1.639763000e+00 3.636385940e-06 -1.125920730e-02 4.119682330e-06 4.173446660e-06 -1.117090410e-02 4.013733400e-06 -5.370607150e-07 -8.830319200e-05 1.059489280e-07
1.640195000e+00 2.972878130e-06 -1.028607910e-02 3.491784050e-06 3.507997350e-06 -1.019789310e-02 3.386652120e-06 -5.351192160e-07 -8.818603480e-05 1.051319280e-07
1.640627000e+00 3.685631380e-06 -8.551117640e-03 2.384518970e-06 4.218893750e-06 -8.463376450e-03 2.280431230e-06 -5.332623710e-07 -8.774119550e-05 1.040877410e-07
1.641059000e+00 1.489884850e-06 -9.651198920e-03 4.182988580e-06 2.021584280e-06 -9.563712280e-03 4.079838450e-06 -5.316994330e-07 -8.748664440e-05 1.031501370e-07
1.641491000e+00 -1.030378020e-05 -1.142572340e-02 -2.255307200e-07 -9.768407680e-06 -1.133850140e-02 -3.274588320e-07 -5.353725720e-07 -8.722199630e-05 1.019281120e-07
1.641923000e+00 1.719975470e-06 -1.159236540e-02 2.254039710e-06 2.253844840e-06 -1.150544930e-02 2.153258600e-06 -5.338693700e-07 -8.691600240e-05 1.007811100e-07
1.642355000e+00 1.867369850e-06 -9.714929190e-03 1.798957050e-06 2.399519610e-06 -9.627901460e-03 1.699423140e-06 -5.321497600e-07 -8.702773060e-05 9.953390430e-08
1.642787000e+00 1.879721320e-06 -8.588037180e-03 2.077893210e-06 2.410034600e-06 -8.500703010e-03 1.979604610e-06 -5.303132780e-07 -8.733417700e-05 9.828859720e-08
1.643219000e+00 1.858618150e-06 -1.029134110e-02 2.502756430e-06 2.386858390e-06 -1.020405280e-02 2.405788540e-06 -5.282402400e-07 -8.728831020e-05 9.696788860e-08
1.643651000e+00 1.952535440e-06 -1.170691420e-02 1.989071150e-06 2.478653390e-06 -1.162002260e-02 1.893496800e-06 -5.261179480e-07 -8.689154310e-05 9.557435530e-08
1.644094000e+00 2.150191830e-06 -1.142239950e-02 1.793926090e-06 2.674048050e-06 -1.133570070e-02 1.699767670e-06 -5.238562180e-07 -8.669874240e-05 9.415842580e-08
1.644538000e+00 2.483745680e-06 -1.292836030e-02 1.712286210e-06 3.005469870e-06 -1.284141110e-02 1.619543410e-06 -5.217241940e-07 -8.694921930e-05 9.274279420e-08
1.644981000e+00 1.205433240e-05 -1.318268090e-02 2.097308250e-06 1.257022920e-05 -1.309552930e-02 2.005852580e-06 -5.158968400e-07 -8.715158880e-05 9.145566780e-08
1.645424000e+00 5.703461630e-06 -8.930529520e-03 1.545387850e-06 6.215858990e-06 -8.843630710e-03 1.455205540e-06 -5.123973610e-07 -8.689881590e-05 9.018230250e-08
1.645868000e+00 5.358178310e-06 -7.694566400e-03 1.243903240e-06 5.867360910e-06 -7.607922810e-03 1.154992290e-06 -5.091826080e-07 -8.664359110e-05 8.891095080e-08
1.646311000e+00 4.443814060e-06 -1.047678660e-02 1.326137780e-06 4.950141970e-06 -1.039034710e-02 1.238461020e-06 -5.063279060e-07 -8.643953610e-05 8.767675940e-08
1.646755000e+00 -1.803316040e-06 -1.209174880e-02 2.389703790e-06 -1.297904650e-06 -1.200569290e-02 2.303143150e-06 -5.054113880e-07 -8.605588760e-05 8.656064830e-08
1.647198000e+00 7.680678220e-06 -1.132118850e-02 -7.254090060e-06 8.183769380e-06 -1.123525700e-02 -7.338947990e-06 -5.030911620e-07 -8.593150270e-05 8.485793000e-08
1.647641000e+00 6.279247210e-06 -1.162316480e-02 7.750719160e-06 6.777981770e-06 -1.153690470e-02 7.666495100e-06 -4.987345610e-07 -8.626007890e-05 8.422406920e-08
1.648085000e+00 4.500473270e-06 -1.189011720e-02 4.777438130e-07 4.996605100e-06 -1.180365050e-02 3.946494750e-07 -4.961318240e-07 -8.646663500e-05 8.309433720e-08
1.648528000e+00 2.634005320e-06 -1.294026730e-02 -1.972663990e-07 3.128096260e-06 -1.285366230e-02 -2.792480580e-07 -4.940909380e-07 -8.660498770e-05 8.198165940e-08
1.648972000e+00 4.119717770e-06 -1.329576240e-02 8.716474650e-07 4.611237220e-06 -1.320898690e-02 7.906336990e-07 -4.915194510e-07 -8.677551420e-05 8.101376630e-08
1.649415000e+00 6.256916370e-06 -1.092803810e-02 1.500612350e-06 6.745119410e-06 -1.084146920e-02 1.420492570e-06 -4.882030420e-07 -8.656888640e-05 8.011978140e-08
1.649858000e+00 4.742397450e-06 -1.026973410e-02 -6.275128340e-07 5.228254140e-06 -1.018344780e-02 -7.065716300e-07 -4.858566920e-07 -8.628624650e-05 7.905879610e-08
1.650302000e+00 3.043192190e-06 -1.017121570e-02 7.322565130e-07 3.527390950e-06 -1.008515890e-02 6.540983380e-07 -4.841987560e-07 -8.605674850e-05 7.815817540e-08
1.650745000e+00 5.031579530e-06 -9.518482810e-03 1.746966970e-07 5.513463640e-06 -9.432766270e-03 9.746696160e-08 -4.818841120e-07 -8.571653660e-05 7.722973520e-08
1.651189000e+00 2.908496650e-06 -1.093137890e-02 -5.599328010e-07 3.388829880e-06 -1.084579930e-02 -6.362421180e-07 -4.803332210e-07 -8.557958890e-05 7.630931680e-08
1.651632000e+00 7.963011770e-06 -1.454244720e-02 1.029529230e-06 8.440040880e-06 -1.445648350e-02 9.538961330e-07 -4.770291130e-07 -8.596363650e-05 7.563309300e-08
1.652075000e+00 1.025245630e-05 -1.437802820e-02 -2.589061290e-07 1.072564870e-05 -1.429177060e-02 -3.337948250e-07 -4.731923750e-07 -8.625752370e-05 7.488869610e-08
1.652519000e+00 1.187974710e-06 -9.227154440e-03 -2.701784870e-06 1.660651000e-06 -9.141169970e-03 -2.775704170e-06 -4.726762950e-07 -8.598447020e-05 7.391929860e-08
1.652962000e+00 7.157643210e-06 -7.436110330e-03 9.719778460e-07 7.627501910e-06 -7.350526720e-03 8.986122730e-07 -4.698586910e-07 -8.558360120e-05 7.336557280e-08
1.653406000e+00 1.080886440e-05 -1.154184880e-02 -1.379594470e-06 1.127477350e-05 -1.145614940e-02 -1.452269800e-06 -4.659091700e-07 -8.569941270e-05 7.267532820e-08
1.653849000e+00 6.668075700e-06 -1.509826510e-02 -6.816119590e-07 7.131494590e-06 -1.501205390e-02 -7.536982950e-07 -4.634188830e-07 -8.621122920e-05 7.208633600e-08
1.654292000e+00 6.247073040e-06 -1.307682840e-02 -9.538253460e-07 6.708371890e-06 -1.299055980e-02 -1.025330820e-06 -4.612988530e-07 -8.626864000e-05 7.150546900e-08
1.654736000e+00 4.513708600e-06 -1.200159210e-02 -6.526829400e-07 4.973521480e-06 -1.191570740e-02 -7.236843490e-07 -4.598128820e-07 -8.588468290e-05 7.100140950e-08
1.655179000e+00 1.344594840e-06 -1.181401080e-02 6.558664230e-07 1.803382260e-06 -1.172836900e-02 5.853341320e-07 -4.587874210e-07 -8.564182020e-05 7.053229110e-08
1.655623000e+00 1.272737210e-06 -8.997987640e-03 -1.644410370e-06 1.731309930e-06 -8.912520980e-03 -1.714357130e-06 -4.585727230e-07 -8.546666160e-05 6.994675820e-08
1.656066000e+00 -1.248907860e-05 -8.562240960e-03 6.701998810e-06 -1.202769620e-05 -8.476959410e-03 6.632119790e-06 -4.613824260e-07 -8.528154310e-05 6.987902260e-08
1.656509000e+00 1.363108720e-05 -1.280380750e-02 -9.463513300e-06 1.408968920e-05 -1.271832260e-02 -9.532264720e-06 -4.586020110e-07 -8.548490480e-05 6.875142480e-08
1.656953000e+00 6.590232150e-06 -1.448779740e-02 -1.730372350e-06 7.047421730e-06 -1.440194150e-02 -1.798531260e-06 -4.571895800e-07 -8.585596070e-05 6.815891960e-08
1.657396000e+00 4.038844240e-06 -1.163553550e-02 -2.391856820e-07 4.494848990e-06 -1.154969680e-02 -3.069247570e-07 -4.560047520e-07 -8.583877640e-05 6.773907450e-08
1.657840000e+00 4.353564860e-06 -1.001492320e-02 -9.597639860e-07 4.808292730e-06 -9.929417130e-03 -1.027093900e-06 -4.547278640e-07 -8.550601900e-05 6.732991400e-08
1.658283000e+00 5.371506440e-06 -1.073340880e-02 -5.051389990e-07 5.824564390e-06 -1.064800730e-02 -5.722591900e-07 -4.530579420e-07 -8.540141050e-05 6.712019070e-08
1.658726000e+00 6.659688490e-06 -1.223297070e-02 -1.104385420e-07 7.110585800e-06 -1.214720680e-02 -1.773255110e-07 -4.508973100e-07 -8.576385210e-05 6.688696910e-08
1.659170000e+00 -7.295739040e-07 -1.188828820e-02 -5.659539240e-07 -2.783235310e-07 -1.180222440e-02 -6.325549620e-07 -4.512503730e-07 -8.606388070e-05 6.660103810e-08
1.659613000e+00 4.285858350e-06 -1.217295170e-02 -1.300319910e-06 4.736001610e-06 -1.208703630e-02 -1.366554860e-06 -4.501432570e-07 -8.591540970e-05 6.623494180e-08
1.660057000e+00 -5.309768900e-06 -1.339609130e-02 -1.679731690e-06 -4.857510060e-06 -1.331033840e-02 -1.745440040e-06 -4.522588460e-07 -8.575287450e-05 6.570835190e-08
1.660500000e+00 -9.734803180e-07 -1.076875860e-02 -4.039567590e-07 -5.212405740e-07 -1.068312710e-02 -4.693034810e-07 -4.522397440e-07 -8.563146030e-05 6.534672270e-08
1.660971000e+00 1.262915510e-06 -7.166200970e-03 -5.896702080e-07 1.714301010e-06 -7.080848380e-03 -6.546831310e-07 -4.513854980e-07 -8.535258930e-05 6.501292300e-08
1.661442000e+00 -7.776126890e-06 -1.200174540e-02 8.774972930e-07 -7.322509660e-06 -1.191625720e-02 8.125550150e-07 -4.536172350e-07 -8.548814730e-05 6.494227730e-08
1.661913000e+00 1.539536670e-05 -1.776628760e-02 -4.372731000e-06 1.584366760e-05 -1.768020920e-02 -4.437050850e-06 -4.483008890e-07 -8.607837500e-05 6.431984960e-08
1.662384000e+00 4.891594430e-06 -1.404975440e-02 -1.218165030e-06 5.338031010e-06 -1.396349750e-02 -1.282290930e-06 -4.464365810e-07 -8.625693470e-05 6.412589280e-08
1.662855000e+00 8.248037300e-06 -7.337299370e-03 -1.543510580e-06 8.691753230e-06 -7.251374350e-03 -1.607497900e-06 -4.437159250e-07 -8.592502420e-05 6.398732070e-08
1.663326000e+00 7.303113470e-06 -9.366806210e-03 -1.692239590e-06 7.744590670e-06 -9.280988740e-03 -1.756053840e-06 -4.414772010e-07 -8.581746540e-05 6.381425850e-08
1.663802000e+00 -6.323700410e-08 -1.079418050e-02 -1.347899340e-06 3.784705490e-07 -1.070844010e-02 -1.411563700e-06 -4.417075530e-07 -8.574038220e-05 6.366435910e-08
1.664279000e+00 1.559207100e-06 -1.111959200e-02 -5.002153190e-07 2.000351410e-06 -1.103391240e-02 -5.638554260e-07 -4.411443180e-07 -8.567965870e-05 6.364010720e-08
1.664756000e+00 3.578328880e-06 -1.374458490e-02 8.771663290e-07 4.017917560e-06 -1.365850970e-02 8.134273770e-07 -4.395886790e-07 -8.607521130e-05 6.373895220e-08
1.665233000e+00 3.022107560e-06 -1.411681030e-02 4.596622470e-08 3.460332080e-06 -1.403028060e-02 -1.779880220e-08 -4.382245140e-07 -8.652969380e-05 6.376502680e-08
1.665710000e+00 7.901550290e-07 -1.162661150e-02 1.630884070e-07 1.227631400e-06 -1.154012470e-02 9.924947050e-08 -4.374763680e-07 -8.648681270e-05 6.383893650e-08
1.666187000e+00 1.546528370e-06 -1.145846180e-02 -2.307052090e-07 1.982906200e-06 -1.137205990e-02 -2.945978710e-07 -4.363778280e-07 -8.640183400e-05 6.389266210e-08
1.666664000e+00 6.349943800e-06 -1.093977820e-02 -1.057817120e-06 6.783476710e-06 -1.085347190e-02 -1.121725880e-06 -4.335329060e-07 -8.630627620e-05 6.390876520e-08
1.667141000e+00 -4.769374520e-06 -1.041050320e-02 7.106149540e-08 -4.334372520e-06 -1.032444020e-02 7.004415780e-09 -4.350020040e-07 -8.606293800e-05 6.405707960e-08
1.667624000e+00 1.102346960e-05 -1.174866060e-02 -1.054598720e-06 1.145361000e-05 -1.166233030e-02 -1.118507260e-06 -4.301403420e-07 -8.633024370e-05 6.390853670e-08
1.668108000e+00 6.190998770e-07 -1.301816670e-02 -1.668526790e-06 1.048987570e-06 -1.293112980e-02 -1.732634810e-06 -4.298876930e-07 -8.703692150e-05 6.410801410e-08
1.668592000e+00 2.749907360e-06 -1.264484670e-02 2.482616580e-06 3.178323810e-06 -1.255767130e-02 2.418142160e-06 -4.284164470e-07 -8.717545580e-05 6.447442520e-08
1.669076000e+00 5.630472680e-07 -1.153054250e-02 7.110243780e-07 9.913429490e-07 -1.144379780e-02 6.462679160e-07 -4.282956810e-07 -8.674469320e-05 6.475646250e-08
1.669559000e+00 5.440510080e-07 -1.227602680e-02 5.606838690e-07 9.723453740e-07 -1.218915510e-02 4.956134220e-07 -4.282943650e-07 -8.687179230e-05 6.507044730e-08
1.670043000e+00 1.315654320e-06 -1.426908550e-02 -5.353029020e-08 1.743754480e-06 -1.418137590e-02 -1.188895770e-07 -4.281001530e-07 -8.770962000e-05 6.535928700e-08
1.670527000e+00 9.290391780e-07 -1.195717780e-02 -7.516979400e-07 1.357232260e-06 -1.186930120e-02 -8.172933440e-07 -4.281930830e-07 -8.787658100e-05 6.559540430e-08
1.671010000e+00 4.361935330e-06 -6.213958210e-03 -1.862695750e-06 4.789321250e-06 -6.127030470e-03 -1.928394030e-06 -4.273859270e-07 -8.692774240e-05 6.569827570e-08
1.671494000e+00 1.334552220e-06 -1.020973020e-02 2.008786090e-06 1.762080620e-06 -1.012303940e-02 1.942683840e-06 -4.275284010e-07 -8.669080120e-05 6.610225100e-08
1.671978000e+00 5.486737710e-07 -1.727951260e-02 -4.877619080e-07 9.771329980e-07 -1.719208180e-02 -5.540532530e-07 -4.284592270e-07 -8.743074340e-05 6.629134500e-08
1.672461000e+00 6.622661000e-07 -1.580503140e-02 -6.025484380e-07 1.091804870e-06 -1.571715730e-02 -6.689911520e-07 -4.295387670e-07 -8.787416010e-05 6.644271440e-08
1.672945000e+00 4.759869620e-06 -1.234245230e-02 -5.894295350e-06 5.189738840e-06 -1.225415470e-02 -5.960235420e-06 -4.298692260e-07 -8.829766540e-05 6.594006720e-08
1.673429000e+00 8.538811800e-08 -1.275796590e-02 6.031001040e-06 5.156196090e-07 -1.266926210e-02 5.964225490e-06 -4.302314910e-07 -8.870377650e-05 6.677555290e-08
1.673913000e+00 1.026540050e-05 -8.103521040e-03 -1.395979230e-06 1.069318250e-05 -8.015426410e-03 -1.462647020e-06 -4.277819740e-07 -8.809462800e-05 6.666778900e-08
1.674396000e+00 -1.603853040e-06 -8.116161450e-03 -5.161221250e-07 -1.174197480e-06 -8.028574680e-03 -5.827737100e-07 -4.296555600e-07 -8.758677060e-05 6.665158430e-08
1.674880000e+00 -1.577361570e-06 -1.406330040e-02 -2.473433510e-07 -1.146219420e-06 -1.397518180e-02 -3.140169190e-07 -4.311421560e-07 -8.811861490e-05 6.667356710e-08
1.675364000e+00 -1.863608900e-06 -1.463958260e-02 -1.278569500e-07 -1.430961430e-06 -1.455090760e-02 -1.944869320e-07 -4.326474720e-07 -8.867499130e-05 6.662998210e-08
1.675847000e+00 7.334343040e-07 -1.203936950e-02 -2.313508370e-07 1.166647200e-06 -1.195066690e-02 -2.979320480e-07 -4.332128920e-07 -8.870251470e-05 6.658121110e-08
1.676331000e+00 -5.671423890e-06 -1.168669540e-02 3.004935950e-07 -5.235555490e-06 -1.159804130e-02 2.337955280e-07 -4.358684010e-07 -8.865409860e-05 6.669806760e-08
1.676815000e+00 -4.537936980e-06 -1.292987240e-02 9.806728980e-08 -4.099771010e-06 -1.284078280e-02 3.122211480e-08 -4.381659770e-07 -8.908961640e-05 6.684517500e-08
1.677298000e+00 -1.424064920e-06 -1.291166570e-02 -8.103638590e-07 -9.848525310e-07 -1.282197860e-02 -8.772278800e-07 -4.392123910e-07 -8.968712360e-05 6.686402110e-08
1.677782000e+00 -6.976059690e-06 -1.302034040e-02 1.873698940e-06 -6.533735350e-06 -1.293053320e-02 1.806578660e-06 -4.423243430e-07 -8.980718550e-05 6.712027660e-08
1.678266000e+00 -1.782458190e-06 -1.450458340e-02 8.997375350e-08 -1.339286230e-06 -1.441475040e-02 2.276961550e-08 -4.431719510e-07 -8.983296330e-05 6.720413790e-08
1.678750000e+00 2.144191350e-07 -1.081179300e-02 -3.819020620e-07 6.579315110e-07 -1.072201190e-02 -4.492020470e-07 -4.435123760e-07 -8.978115520e-05 6.729998520e-08
1.679233000e+00 4.846150470e-06 -1.079094900e-02 -2.097640510e-06 5.288813980e-06 -1.070127570e-02 -2.164989450e-06 -4.426635090e-07 -8.967331570e-05 6.734894020e-08
1.679717000e+00 -5.447454020e-07 -1.159546070e-02 1.052697690e-06 -1.013656220e-07 -1.150573330e-02 9.850721880e-07 -4.433797800e-07 -8.972736130e-05 6.762549750e-08
1.680201000e+00 3.227961940e-06 -1.015603680e-02 -1.067100060e-06 3.671152580e-06 -1.006611830e-02 -1.134828830e-06 -4.431906430e-07 -8.991852740e-05 6.772876800e-08
1.680684000e+00 -3.657670890e-07 -1.114985830e-02 -5.406632900e-08 7.853712120e-08 -1.105983730e-02 -1.220507450e-07 -4.443042110e-07 -9.002099380e-05 6.798441590e-08
1.681168000e+00 -1.693608710e-06 -1.073011470e-02 4.190438670e-07 -1.247860500e-06 -1.064020390e-02 3.507919320e-07 -4.457482020e-07 -8.991086130e-05 6.825193570e-08
1.681652000e+00 1.981831150e-06 -1.280499130e-02 6.893956760e-07 2.427369140e-06 -1.271488500e-02 6.209354780e-07 -4.455379890e-07 -9.010636650e-05 6.846019860e-08
1.682136000e+00 -9.366692540e-06 -1.811837590e-02 2.060759290e-06 -8.916738990e-06 -1.802750050e-02 1.991810580e-06 -4.499535450e-07 -9.087543730e-05 6.894870390e-08
1.682619000e+00 -8.507469790e-06 -1.533687740e-02 9.826702110e-07 -8.053554770e-06 -1.524560680e-02 9.133217970e-07 -4.539150200e-07 -9.127060750e-05 6.934841440e-08
1.683103000e+00 -4.731964000e-06 -9.486435610e-03 4.269522090e-06 -4.276078390e-06 -9.395290030e-03 4.199708230e-06 -4.558856110e-07 -9.114557910e-05 6.981385210e-08
1.683587000e+00 -5.971113700e-06 -1.146912320e-02 1.864560780e-06 -5.512774830e-06 -1.137787880e-02 1.794763710e-06 -4.583388620e-07 -9.124440270e-05 6.979706660e-08
1.684070000e+00 -1.193982940e-05 -1.292450540e-02 1.068696220e-06 -1.147648990e-05 -1.283306170e-02 9.991832770e-07 -4.633395770e-07 -9.144377280e-05 6.951294670e-08
1.684554000e+00 1.254970470e-06 -1.281617890e-02 2.528895440e-06 1.718427680e-06 -1.272456240e-02 2.459635420e-06 -4.634572150e-07 -9.161655180e-05 6.926001490e-08
1.685038000e+00 -6.855006550e-06 -1.363734770e-02 -3.824983390e-07 -6.387863580e-06 -1.354574670e-02 -4.512739360e-07 -4.671429730e-07 -9.160108880e-05 6.877559710e-08
1.685521000e+00 -1.878785730e-06 -1.284666850e-02 1.910784490e-06 -1.410041310e-06 -1.275514480e-02 1.842349980e-06 -4.687444240e-07 -9.152373330e-05 6.843450710e-08
1.686005000e+00 -4.427474140e-06 -1.476670170e-02 1.944048910e-06 -3.956243820e-06 -1.467448230e-02 1.875973440e-06 -4.712303220e-07 -9.221943110e-05 6.807547250e-08
1.686489000e+00 1.039991380e-07 -1.552072520e-02 1.015518150e-06 5.764024130e-07 -1.542763280e-02 9.478824940e-07 -4.724032750e-07 -9.309244550e-05 6.763565330e-08
1.686957000e+00 -1.403745490e-06 -9.661912490e-03 1.167317910e-06 -9.298805980e-07 -9.569239960e-03 1.099996910e-06 -4.738648960e-07 -9.267253000e-05 6.732100100e-08
1.687441000e+00 3.559295650e-07 -7.047373950e-03 5.072729090e-07 8.303610850e-07 -6.955482780e-03 4.402370710e-07 -4.744315200e-07 -9.189117210e-05 6.703583810e-08
1.687925000e+00 -1.588918110e-06 -1.399398290e-02 8.324033240e-07 -1.113350870e-06 -1.390158450e-02 7.656791920e-07 -4.755672400e-07 -9.239840810e-05 6.672413180e-08
1.688410000e+00 -1.396769520e-06 -1.787614060e-02 1.481285730e-06 -9.204758960e-07 -1.778274520e-02 1.414886010e-06 -4.762936240e-07 -9.339547120e-05 6.639971460e-08
1.688876000e+00 -2.235855040e-06 -1.368204360e-02 1.613968910e-06 -1.758729140e-06 -1.358846310e-02 1.547929440e-06 -4.771258930e-07 -9.358048540e-05 6.603947110e-08
1.689342000e+00 3.809682510e-06 -9.475230960e-03 2.144067720e-06 4.285123700e-06 -9.381956720e-03 2.078554850e-06 -4.754411930e-07 -9.327424410e-05 6.551287220e-08
1.689809000e+00 -2.182511250e-06 -1.335094340e-02 2.620239250e-06 -1.706597990e-06 -1.325736400e-02 2.555311470e-06 -4.759132620e-07 -9.357937930e-05 6.492778750e-08
1.690275000e+00 1.149194500e-06 -1.792575300e-02 3.861623600e-06 1.624156900e-06 -1.783123280e-02 3.797161200e-06 -4.749624010e-07 -9.452022790e-05 6.446240420e-08
1.690741000e+00 4.533710500e-06 -1.278233370e-02 1.788699860e-06 5.006755710e-06 -1.268761510e-02 1.724988380e-06 -4.730452100e-07 -9.471862890e-05 6.371147310e-08
1.691208000e+00 -4.481873980e-06 -4.144964970e-03 4.769717380e-06 -4.008291750e-06 -4.051074840e-03 4.706376760e-06 -4.735822290e-07 -9.389012800e-05 6.334062540e-08
1.691674000e+00 -1.307038770e-05 -7.666188770e-03 1.210770670e-05 -1.259338670e-05 -7.572592380e-03 1.204378510e-05 -4.770010000e-07 -9.359638850e-05 6.392153960e-08
1.692140000e+00 1.451805300e-05 -1.730642020e-02 -3.664372960e-06 1.498931930e-05 -1.721199400e-02 -3.726635560e-06 -4.712663670e-07 -9.442617860e-05 6.226260180e-08
1.692606000e+00 3.347891320e-06 -1.749745590e-02 9.087336120e-07 3.817185740e-06 -1.740236120e-02 8.474070990e-07 -4.692944180e-07 -9.509464930e-05 6.132651370e-08
1.693073000e+00 -1.488030750e-06 -9.118256410e-03 2.022421680e-06 -1.019613810e-06 -9.023667250e-03 1.961865010e-06 -4.684169410e-07 -9.458916170e-05 6.055667480e-08
1.693539000e+00 5.246618230e-07 -7.004197510e-03 -6.807706220e-08 9.914858080e-07 -6.910279250e-03 -1.276869310e-07 -4.668239840e-07 -9.391825740e-05 5.960986920e-08
1.694005000e+00 -3.874606920e-06 -1.395970340e-02 3.794469810e-06 -3.408604890e-06 -1.386525320e-02 3.735447460e-06 -4.660020290e-07 -9.445020760e-05 5.902235610e-08
1.694472000e+00 1.203428840e-05 -1.871397830e-02 4.703486180e-06 1.249305390e-05 -1.861852190e-02 4.645298180e-06 -4.587655790e-07 -9.545639390e-05 5.818799790e-08
1.694938000e+00 -6.542687520e-06 -1.383502180e-02 1.011998330e-06 -6.084173960e-06 -1.373935420e-02 9.547624100e-07 -4.585135650e-07 -9.566755000e-05 5.723591830e-08
1.695404000e+00 -2.467784390e-07 -1.159092290e-02 7.813861370e-06 2.084659600e-07 -1.149541240e-02 7.757125590e-06 -4.552443990e-07 -9.551049910e-05 5.673578240e-08
1.695871000e+00 -3.836384840e-06 -1.313796790e-02 1.436853480e-06 -3.382029790e-06 -1.304227390e-02 1.381166250e-06 -4.543550470e-07 -9.569397970e-05 5.568722870e-08
1.696337000e+00 -2.656752040e-06 -1.169469210e-02 2.246105820e-06 -2.204194610e-06 -1.159867720e-02 2.191413700e-06 -4.525574240e-07 -9.601496850e-05 5.469211640e-08
1.696803000e+00 -1.941140950e-05 -1.379094590e-02 -6.290934080e-06 -1.895354040e-05 -1.369467940e-02 -6.344085900e-06 -4.578690620e-07 -9.626658110e-05 5.315181930e-08
1.697270000e+00 8.126253190e-06 -1.387602980e-02 8.045725070e-06 8.576348400e-06 -1.377980400e-02 7.993285900e-06 -4.500952130e-07 -9.622576610e-05 5.243917290e-08
1.697736000e+00 -3.449997240e-06 -1.398398570e-02 5.319839760e-06 -3.002849560e-06 -1.388770910e-02 5.268307760e-06 -4.471476790e-07 -9.627668250e-05 5.153199780e-08
1.698202000e+00 -1.264368470e-06 -1.249422870e-02 5.077169220e-06 -8.211134520e-07 -1.239780600e-02 5.026672210e-06 -4.432550180e-07 -9.642271920e-05 5.049701390e-08
1.698668000e+00 -3.726681100e-06 -1.251773450e-02 2.808164450e-06 -3.286150810e-06 -1.242121520e-02 2.758909140e-06 -4.405302940e-07 -9.651920340e-05 4.925530760e-08
1.699135000e+00 -5.532300640e-06 -1.595464510e-02 4.529842280e-06 -5.094148760e-06 -1.585754940e-02 4.481828400e-06 -4.381518730e-07 -9.709569810e-05 4.801388080e-08
1.699601000e+00 4.740492520e-07 -1.725247910e-02 5.065741650e-06 9.079021480e-07 -1.715470660e-02 5.019126830e-06 -4.338528970e-07 -9.777249780e-05 4.661482120e-08
1.700067000e+00 -1.659324630e-06 -1.052458500e-02 4.081881970e-06 -1.228828870e-06 -1.042699140e-02 4.036771390e-06 -4.304957610e-07 -9.759362570e-05 4.511058410e-08
1.700534000e+00 -3.864733930e-08 -6.082071280e-03 3.012854340e-06 3.877822090e-07 -5.985020600e-03 2.969397440e-06 -4.264295480e-07 -9.705067920e-05 4.345690050e-08
1.701000000e+00 -5.248902120e-06 -1.299202090e-02 6.055336220e-06 -4.824636960e-06 -1.289474330e-02 6.012948270e-06 -4.242651640e-07 -9.727759810e-05 4.238795080e-08
1.701460000e+00 -5.645783200e-06 -1.962883830e-02 4.476177880e-06 -5.223362660e-06 -1.953081990e-02 4.435106010e-06 -4.224205390e-07 -9.801837570e-05 4.107186880e-08
1.701915000e+00 -8.300485430e-06 -1.382483710e-02 5.760698330e-06 -7.879036490e-06 -1.372672330e-02 5.720638270e-06 -4.214489380e-07 -9.811373310e-05 4.006005710e-08
1.702370000e+00 -6.661103430e-06 -7.341924990e-03 2.417549410e-06 -6.241097770e-06 -7.244450920e-03 2.378837170e-06 -4.200056650e-07 -9.747407050e-05 3.871224110e-08
1.702825000e+00 -7.238137000e-06 -1.086171610e-02 4.950623280e-06 -6.819566060e-06 -1.076440840e-02 4.913010040e-06 -4.185709410e-07 -9.730769470e-05 3.761323600e-08
1.703280000e+00 -1.844761340e-05 -1.629670100e-02 5.419810230e-06 -1.802646970e-05 -1.619869450e-02 5.383012330e-06 -4.211436850e-07 -9.800651500e-05 3.679789690e-08
1.703735000e+00 6.444069440e-06 -1.630091480e-02 2.433981540e-06 6.858960220e-06 -1.620233980e-02 2.398681180e-06 -4.148907860e-07 -9.857500570e-05 3.530035200e-08
1.704190000e+00 -7.768909500e-06 -1.133190390e-02 6.117270770e-06 -7.355364430e-06 -1.123364530e-02 6.082811450e-06 -4.135450760e-07 -9.825864230e-05 3.445931640e-08
1.704645000e+00 2.400343180e-05 -9.031628300e-03 1.419696650e-07 2.440419170e-05 -8.933859550e-03 1.099955140e-07 -4.007599670e-07 -9.776874720e-05 3.197415100e-08
1.705100000e+00 -1.165955510e-05 -1.318684530e-02 1.785113490e-06 -1.125870680e-05 -1.308862350e-02 1.754027750e-06 -4.008482890e-07 -9.822175020e-05 3.108573680e-08
1.705555000e+00 -2.893526960e-06 -1.663629050e-02 1.283976890e-06 -2.495780510e-06 -1.653722520e-02 1.254303420e-06 -3.977464480e-07 -9.906528940e-05 2.967347370e-08
1.706005000e+00 -6.145992930e-06 -1.565869950e-02 4.762111330e-06 -5.750237750e-06 -1.555931210e-02 4.733642120e-06 -3.957551790e-07 -9.938741800e-05 2.846921460e-08
1.706454000e+00 -3.820304270e-06 -1.662237070e-02 7.181102540e-08 -3.426686330e-06 -1.652283010e-02 4.490949910e-08 -3.936179480e-07 -9.954062920e-05 2.690152630e-08
1.706903000e+00 2.533270320e-06 -1.390747680e-02 5.856516030e-06 2.921642080e-06 -1.380797720e-02 5.830901020e-06 -3.883717690e-07 -9.949967000e-05 2.561500460e-08
1.707352000e+00 -4.303894650e-06 -8.532455280e-03 6.367714070e-06 -3.918344820e-06 -8.433556280e-03 6.343265500e-06 -3.855498360e-07 -9.889900030e-05 2.444856730e-08
1.707802000e+00 -1.694213720e-06 -1.008802120e-02 3.543788180e-06 -1.312004580e-06 -9.989472930e-03 3.520958510e-06 -3.822091370e-07 -9.854828040e-05 2.282967030e-08
1.708251000e+00 2.571497520e-06 -1.812561760e-02 3.556532350e-06 2.948816440e-06 -1.802629340e-02 3.535604580e-06 -3.773189190e-07 -9.932415830e-05 2.092777110e-08
1.708700000e+00 2.933743240e-07 -1.743839940e-02 1.800967010e-06 6.666055600e-07 -1.733828730e-02 1.782045810e-06 -3.732312360e-07 -1.001120460e-04 1.892119780e-08
1.709144000e+00 4.450072810e-06 -1.474973520e-02 5.911941860e-06 4.817504610e-06 -1.464948890e-02 5.894802080e-06 -3.674317970e-07 -1.002462960e-04 1.713978160e-08
1.709587000e+00 -9.311739950e-06 -1.270294900e-02 3.792614240e-06 -8.945100870e-06 -1.260275680e-02 3.776842170e-06 -3.666390850e-07 -1.001921960e-04 1.577206650e-08
1.710030000e+00 -1.470728580e-05 -1.250910460e-02 3.265780710e-06 -1.433952860e-05 -1.240897700e-02 3.251260020e-06 -3.677572030e-07 -1.001276220e-04 1.452069680e-08
1.710473000e+00 6.404237960e-06 -1.025253350e-02 2.214011680e-06 6.765813720e-06 -1.015280010e-02 2.201272960e-06 -3.615757590e-07 -9.973338650e-05 1.273871900e-08
1.710917000e+00 1.474853100e-06 -1.062985010e-02 1.301903240e-06 1.831900040e-06 -1.053031360e-02 1.290983810e-06 -3.570469380e-07 -9.953645640e-05 1.091943230e-08
1.711360000e+00 -5.427437980e-06 -1.788051830e-02 2.620187500e-07 -5.071925030e-06 -1.778043760e-02 2.529221960e-07 -3.555129500e-07 -1.000807160e-04 9.096554330e-09
1.711803000e+00 4.737629920e-07 -1.843018540e-02 1.951844800e-06 8.259530880e-07 -1.832965640e-02 1.944588850e-06 -3.521900950e-07 -1.005289670e-04 7.255951340e-09
1.712246000e+00 -5.256324040e-08 -1.270089630e-02 2.292359710e-06 2.968010980e-07 -1.260024170e-02 2.286852530e-06 -3.493643390e-07 -1.006545800e-04 5.507175190e-09
1.712690000e+00 2.219402820e-06 -1.342457340e-02 1.709165560e-06 2.565883770e-06 -1.332357960e-02 1.705630960e-06 -3.464809570e-07 -1.009938300e-04 3.534609250e-09
1.713133000e+00 1.645745630e-06 -1.161976410e-02 1.796932450e-06 1.989812580e-06 -1.151892310e-02 1.795352710e-06 -3.440669470e-07 -1.008410060e-04 1.579731990e-09
1.713576000e+00 -1.257860700e-06 -7.188561340e-03 1.987385890e-06 -9.148502690e-07 -7.088514920e-03 1.987748080e-06 -3.430104330e-07 -1.000464210e-04 -3.621914550e-10
1.714019000e+00 1.973708020e-06 -1.157269880e-02 1.915259620e-06 2.314838600e-06 -1.147271810e-02 1.917510500e-06 -3.411305800e-07 -9.998067470e-05 -2.250875220e-09
1.714462000e+00 -1.486876190e-06 -2.281752550e-02 -1.844892170e-06 -1.145633530e-06 -2.271661200e-02 -1.840842770e-06 -3.412426600e-07 -1.009134870e-04 -4.049402480e-09
1.714906000e+00 1.769474180e-06 -1.963126800e-02 3.260813080e-07 2.109379160e-06 -1.952980420e-02 3.316986030e-07 -3.399049760e-07 -1.014637890e-04 -5.617295090e-09
1.715342000e+00 5.923513150e-06 -9.064950850e-03 3.609768160e-07 6.260314830e-06 -8.963972760e-03 3.682706280e-07 -3.368016810e-07 -1.009780840e-04 -7.293811320e-09
1.715778000e+00 -2.620513570e-06 -5.462931960e-03 3.748496960e-06 -2.284061100e-06 -5.362581260e-03 3.757061430e-06 -3.364524700e-07 -1.003507070e-04 -8.564471400e-09
1.716221000e+00 -2.389958480e-06 -1.594686240e-02 2.031048500e-06 -2.053596240e-06 -1.584610450e-02 2.040843970e-06 -3.363622440e-07 -1.007579210e-04 -9.795474430e-09
1.716665000e+00 -6.810193510e-07 -2.273884250e-02 1.614127550e-06 -3.450746920e-07 -2.263708290e-02 1.625152530e-06 -3.359446590e-07 -1.017596280e-04 -1.102497650e-08
1.717100000e+00 -5.304975770e-06 -1.508631890e-02 -2.128396360e-06 -4.967228400e-06 -1.498449580e-02 -2.116048100e-06 -3.377473740e-07 -1.018230700e-04 -1.234825770e-08
1.717536000e+00 -5.260234450e-06 -6.929753050e-03 1.580423800e-06 -4.921405290e-06 -6.828588990e-03 1.593922300e-06 -3.388291680e-07 -1.011640650e-04 -1.349850420e-08
1.717972000e+00 -3.941005500e-06 -1.078687710e-02 1.757224750e-06 -3.601715100e-06 -1.068591790e-02 1.771847260e-06 -3.392903980e-07 -1.009592090e-04 -1.462250660e-08
1.718407000e+00 -4.826435950e-06 -1.479428480e-02 9.066412580e-07 -4.485967600e-06 -1.469314650e-02 9.222312110e-07 -3.404683520e-07 -1.011382210e-04 -1.558995360e-08
1.718843000e+00 8.387241010e-07 -1.677150710e-02 -7.315282830e-07 1.178412870e-06 -1.667019370e-02 -7.147210260e-07 -3.396887720e-07 -1.013134330e-04 -1.680725700e-08
1.719279000e+00 -8.923930750e-06 -1.429606040e-02 6.420976540e-06 -8.581557210e-06 -1.419470700e-02 6.437852600e-06 -3.423735380e-07 -1.013534480e-04 -1.687605770e-08
1.719715000e+00 -2.842835250e-06 -1.275386020e-02 2.898478800e-06 -2.500170710e-06 -1.265259450e-02 2.915855850e-06 -3.426645420e-07 -1.012656680e-04 -1.737704860e-08
1.720150000e+00 6.237362390e-07 -1.453209090e-02 8.533395600e-07 9.654849300e-07 -1.443067680e-02 8.713480660e-07 -3.417486910e-07 -1.014140840e-04 -1.800850570e-08
1.720586000e+00 -1.838344750e-06 -1.549764470e-02 1.301407960e-06 -1.496732420e-06 -1.539595980e-02 1.319925970e-06 -3.416123320e-07 -1.016849130e-04 -1.851800760e-08
1.721022000e+00 -8.116437320e-06 -1.415684800e-02 -1.688559640e-06 -7.772498020e-06 -1.405506990e-02 -1.669629240e-06 -3.439392990e-07 -1.017780220e-04 -1.893040340e-08
1.721457000e+00 1.994115710e-05 -1.432809700e-02 -1.383915700e-05 2.027789940e-05 -1.422635060e-02 -1.381803460e-05 -3.367422430e-07 -1.017464550e-04 -2.112236400e-08
1.721893000e+00 -4.223831980e-05 -1.273529910e-02 3.202084230e-05 -4.189000260e-05 -1.263361720e-02 3.203831480e-05 -3.483172210e-07 -1.016818700e-04 -1.747248100e-08
1.722329000e+00 2.080463190e-05 -1.552872130e-02 -1.637817840e-05 2.114543670e-05 -1.542697820e-02 -1.635803960e-05 -3.408047770e-07 -1.017430800e-04 -2.013876430e-08
1.722765000e+00 6.534676410e-06 -1.756551310e-02 -1.961005380e-06 6.872044390e-06 -1.746363470e-02 -1.940037680e-06 -3.373679780e-07 -1.018784120e-04 -2.096770850e-08
1.723200000e+00 1.329156110e-05 -1.549476880e-02 -3.668997610e-06 1.362308230e-05 -1.539278460e-02 -3.646835420e-06 -3.315211420e-07 -1.019842510e-04 -2.216218930e-08
1.723636000e+00 -7.473755550e-06 -1.357447080e-02 1.902844910e-06 -7.141475920e-06 -1.347233640e-02 1.924868810e-06 -3.322796240e-07 -1.021343860e-04 -2.202390230e-08
1.724072000e+00 -3.128990650e-06 -1.346099910e-02 -1.274836520e-07 -2.797130930e-06 -1.335878760e-02 -1.054744340e-07 -3.318597130e-07 -1.022114440e-04 -2.200921830e-08
1.724507000e+00 -1.181660000e-06 -1.383545610e-02 5.702494740e-07 -8.511235650e-07 -1.373361690e-02 5.923219450e-07 -3.305364320e-07 -1.018391800e-04 -2.207247130e-08
1.724943000e+00 -2.492292990e-06 -1.286554130e-02 1.746993110e-07 -2.162705450e-06 -1.276407530e-02 1.967181100e-07 -3.295875440e-07 -1.014659710e-04 -2.201879910e-08
1.725379000e+00 2.235274130e-07 -1.422205120e-02 1.191406850e-06 5.509115750e-07 -1.412054120e-02 1.213372970e-06 -3.273841620e-07 -1.015099790e-04 -2.196612110e-08
1.725815000e+00 2.943277390e-06 -1.409792540e-02 7.056233630e-07 3.267406980e-06 -1.399644900e-02 7.277661530e-07 -3.241295940e-07 -1.014763860e-04 -2.214278980e-08
1.726250000e+00 5.893606380e-07 -1.624559100e-02 -1.726397140e-06 9.117933090e-07 -1.614379810e-02 -1.704140100e-06 -3.224326710e-07 -1.017928420e-04 -2.225704030e-08
1.726686000e+00 1.273900040e-06 -2.191394180e-02 -1.104045260e-06 1.594185150e-06 -2.181118750e-02 -1.081719780e-06 -3.202851130e-07 -1.027543300e-04 -2.232548320e-08
1.727109000e+00 3.234307450e-07 -1.801862450e-02 -1.290952310e-06 6.420822350e-07 -1.791553290e-02 -1.268606920e-06 -3.186514900e-07 -1.030915630e-04 -2.234538740e-08
1.727532000e+00 1.457790620e-05 -1.119972820e-02 -9.244876150e-07 1.488972260e-05 -1.109729390e-02 -9.015712500e-07 -3.118163490e-07 -1.024342800e-04 -2.291636470e-08
1.727956000e+00 7.096115120e-06 -1.042680080e-02 -4.624638750e-07 7.403981710e-06 -1.032491230e-02 -4.392636540e-07 -3.078665970e-07 -1.018885050e-04 -2.320022130e-08
1.728379000e+00 -2.448882830e-06 -1.367037800e-02 -2.502568200e-06 -2.141271030e-06 -1.356845070e-02 -2.479360450e-06 -3.076118080e-07 -1.019272530e-04 -2.320774400e-08
1.728802000e+00 -8.267884570e-07 -1.771002460e-02 -1.233708390e-06 -5.201157360e-07 -1.760756750e-02 -1.210535740e-06 -3.066727210e-07 -1.024570730e-04 -2.317265010e-08
1.729225000e+00 7.569168670e-06 -1.564443940e-02 1.620830180e-06 7.871775500e-06 -1.554201800e-02 1.644028760e-06 -3.026068300e-07 -1.024214480e-04 -2.319858200e-08
1.729649000e+00 -3.918629740e-07 -1.167065460e-02 -3.297131040e-06 -9.006392130e-08 -1.156897360e-02 -3.273834810e-06 -3.017990530e-07 -1.016809980e-04 -2.329623280e-08
1.730072000e+00 -1.705310010e-06 -1.363498060e-02 -1.127407610e-06 -1.403813950e-06 -1.353367120e-02 -1.104235660e-06 -3.014960620e-07 -1.013094130e-04 -2.317194720e-08
1.730495000e+00 3.887464940e-07 -1.949046680e-02 -1.137582060e-06 6.893466370e-07 -1.938846230e-02 -1.114602880e-06 -3.006001440e-07 -1.020045260e-04 -2.297917460e-08
1.730919000e+00 3.199702280e-06 -2.163185420e-02 -1.051706960e-06 3.498573560e-06 -2.152890510e-02 -1.028866550e-06 -2.988712830e-07 -1.029491100e-04 -2.284040830e-08
1.731342000e+00 4.416171800e-06 -1.474447600e-02 -2.038573630e-06 4.713077730e-06 -1.464166120e-02 -2.015805320e-06 -2.969059270e-07 -1.028148020e-04 -2.276831100e-08
1.731765000e+00 2.112674230e-05 -9.862434050e-03 -2.613694050e-06 2.141523960e-05 -9.760424170e-03 -2.590397060e-06 -2.884973450e-07 -1.020098860e-04 -2.329698350e-08
1.732188000e+00 -1.147840320e-05 -1.257020120e-02 -2.678861680e-06 -1.118588570e-05 -1.246837590e-02 -2.656515430e-06 -2.925175220e-07 -1.018253110e-04 -2.234625300e-08
1.732612000e+00 2.783319910e-06 -1.911798990e-02 -5.780680050e-06 3.074868750e-06 -1.901572860e-02 -5.758640710e-06 -2.915488410e-07 -1.022612360e-04 -2.203933230e-08
1.733035000e+00 5.150220860e-06 -1.601126040e-02 -8.793613550e-07 5.439225360e-06 -1.590880750e-02 -8.577512640e-07 -2.890045040e-07 -1.024528730e-04 -2.161009060e-08
1.733458000e+00 9.382248380e-06 -1.518921340e-02 -5.096246200e-06 9.667285150e-06 -1.508672760e-02 -5.074553820e-06 -2.850367660e-07 -1.024858430e-04 -2.169238850e-08
1.733881000e+00 -7.474401200e-06 -1.472540920e-02 2.789937190e-06 -7.187538180e-06 -1.462290010e-02 2.810317060e-06 -2.868630140e-07 -1.025091010e-04 -2.037986820e-08
1.734305000e+00 1.605964070e-06 -1.358706300e-02 -1.805482850e-06 1.891554230e-06 -1.348474490e-02 -1.785446620e-06 -2.855901610e-07 -1.023180640e-04 -2.003623490e-08
1.734728000e+00 6.418587820e-07 -1.319350400e-02 -1.829757710e-06 9.264136980e-07 -1.309167500e-02 -1.810258940e-06 -2.845549160e-07 -1.018289810e-04 -1.949877080e-08
1.735151000e+00 -4.353978060e-07 -1.387872450e-02 -2.485269230e-06 -1.514710450e-07 -1.377718490e-02 -2.466366940e-06 -2.839267610e-07 -1.015395680e-04 -1.890228610e-08
1.735574000e+00 1.163941080e-06 -1.942845240e-02 -2.964344190e-06 1.446538810e-06 -1.932633590e-02 -2.945881870e-06 -2.825977280e-07 -1.021164710e-04 -1.846231880e-08
1.735998000e+00 2.019760980e-06 -1.998255870e-02 -1.952654800e-06 2.300581510e-06 -1.987980670e-02 -1.934607190e-06 -2.808205300e-07 -1.027519450e-04 -1.804761190e-08
1.736421000e+00 -2.166800600e-06 -1.610528030e-02 -4.849683910e-06 -1.885859590e-06 -1.600261690e-02 -4.832050460e-06 -2.809410110e-07 -1.026634900e-04 -1.763345490e-08
1.736844000e+00 1.227147730e-06 -1.274475100e-02 -3.002556260e-06 1.506751940e-06 -1.264249570e-02 -2.985289160e-06 -2.796042110e-07 -1.022552950e-04 -1.726710130e-08
1.737267000e+00 1.606086170e-05 -1.487111920e-02 -2.374997900e-06 1.633340700e-05 -1.476901090e-02 -2.357388210e-06 -2.725453000e-07 -1.021082940e-04 -1.760969070e-08
1.737691000e+00 4.336918710e-06 -1.631945770e-02 -6.579458120e-06 4.607208930e-06 -1.621715800e-02 -6.561666880e-06 -2.702902150e-07 -1.022996070e-04 -1.779124510e-08
1.738114000e+00 1.083023620e-05 -1.797407020e-02 2.081265390e-06 1.109480050e-05 -1.787157820e-02 2.098742910e-06 -2.645643310e-07 -1.024920800e-04 -1.747751740e-08
1.738537000e+00 -2.363152140e-05 -1.608949080e-02 2.538615900e-06 -2.335996630e-05 -1.598723460e-02 2.553978860e-06 -2.715551530e-07 -1.022561950e-04 -1.536296260e-08
1.738960000e+00 6.052780460e-07 -1.349344900e-02 -4.390415690e-06 8.754656300e-07 -1.339162840e-02 -4.375356980e-06 -2.701875830e-07 -1.018206040e-04 -1.505871430e-08
1.739384000e+00 4.255187220e-06 -1.526590380e-02 -3.204953250e-06 4.522554480e-06 -1.516418350e-02 -3.190254540e-06 -2.673672650e-07 -1.017202310e-04 -1.469871360e-08
1.739807000e+00 -1.198337580e-05 -1.597587720e-02 1.843143950e-06 -1.171353620e-05 -1.587407020e-02 1.856121900e-06 -2.698395770e-07 -1.018070400e-04 -1.297795540e-08
1.740230000e+00 6.992925380e-06 -1.656034170e-02 -4.486971540e-06 7.258662380e-06 -1.645845400e-02 -4.474183550e-06 -2.657370000e-07 -1.018877420e-04 -1.278798610e-08
1.740653000e+00 8.557886820e-07 -1.741895720e-02 -2.539385610e-06 1.119772390e-06 -1.731688620e-02 -2.527387150e-06 -2.639837060e-07 -1.020709840e-04 -1.199845950e-08
1.741077000e+00 1.454075070e-06 -1.751952820e-02 -2.690171770e-06 1.716035600e-06 -1.741720860e-02 -2.678950040e-06 -2.619605290e-07 -1.023196130e-04 -1.122173010e-08
1.741500000e+00 -7.751509600e-06 -1.728653030e-02 -5.495780080e-06 -7.488015270e-06 -1.718420580e-02 -5.485599630e-06 -2.634943310e-07 -1.023245550e-04 -1.018045080e-08
1.741905000e+00 1.075682930e-05 -1.675010820e-02 -1.656015170e-06 1.101541950e-05 -1.664806260e-02 -1.646415220e-06 -2.585901220e-07 -1.020456510e-04 -9.599942110e-09
1.742310000e+00 1.129779550e-05 -1.776145280e-02 -6.388849610e-06 1.155169960e-05 -1.765937360e-02 -6.379399510e-06 -2.539041420e-07 -1.020792200e-04 -9.450099790e-09
1.742715000e+00 2.183628680e-06 -1.867751100e-02 -4.930506220e-06 2.435717730e-06 -1.857517200e-02 -4.921915320e-06 -2.520890510e-07 -1.023390780e-04 -8.590891460e-09
1.743116000e+00 6.464880860e-06 -1.922350650e-02 -7.256724790e-06 6.714209370e-06 -1.912092030e-02 -7.248757960e-06 -2.493285110e-07 -1.025861550e-04 -7.966825420e-09
1.743517000e+00 7.104574680e-06 -1.496718030e-02 -6.755534730e-06 7.351222870e-06 -1.486484380e-02 -6.748211350e-06 -2.466481880e-07 -1.023364370e-04 -7.323379720e-09
1.743918000e+00 3.495775560e-05 -1.025711160e-02 -3.837125930e-06 3.519217140e-05 -1.015547400e-02 -3.829416200e-06 -2.344157380e-07 -1.016376470e-04 -7.709721960e-09
1.744318000e+00 -1.774039980e-05 -1.585591840e-02 -2.793441000e-06 -1.750015880e-05 -1.575442930e-02 -2.787994420e-06 -2.402409800e-07 -1.014891440e-04 -5.446579430e-09
1.744719000e+00 3.055979480e-06 -1.863625460e-02 -5.782579790e-06 3.295173430e-06 -1.853459830e-02 -5.778181770e-06 -2.391939520e-07 -1.016562500e-04 -4.398011990e-09
1.745120000e+00 2.117498170e-05 -1.955278090e-02 -8.207785180e-06 2.140712790e-05 -1.945093730e-02 -8.203290930e-06 -2.321461860e-07 -1.018436100e-04 -4.494254160e-09
1.745517000e+00 3.827778440e-06 -1.596966410e-02 -6.518696960e-06 4.059649180e-06 -1.586805610e-02 -6.515369320e-06 -2.318707350e-07 -1.016079320e-04 -3.327638020e-09
1.745913000e+00 1.471222400e-07 -1.093427950e-02 -4.418534860e-06 3.797080340e-07 -1.083334620e-02 -4.416668040e-06 -2.325857930e-07 -1.009332710e-04 -1.866818200e-09
1.746314000e+00 5.843090020e-06 -1.429806510e-02 -8.125330710e-06 6.074800720e-06 -1.419732720e-02 -8.124459110e-06 -2.317107020e-07 -1.007378570e-04 -8.715972100e-10
1.746715000e+00 1.584221750e-05 -1.897543130e-02 -1.012099420e-05 1.606983390e-05 -1.887434640e-02 -1.012031660e-05 -2.276163560e-07 -1.010849110e-04 -6.775323980e-10
1.747112000e+00 1.655479130e-06 -2.014168360e-02 -5.670760650e-06 1.883474750e-06 -2.004022190e-02 -5.671625200e-06 -2.279956220e-07 -1.014616640e-04 8.645474030e-10
1.747508000e+00 3.916515040e-06 -1.832741660e-02 -7.760737820e-06 4.144758290e-06 -1.822593430e-02 -7.762912560e-06 -2.282432470e-07 -1.014822760e-04 2.174741770e-09
1.747905000e+00 1.240123550e-05 -1.843455260e-02 -7.413110240e-06 1.262672000e-05 -1.833325910e-02 -7.416262210e-06 -2.254845590e-07 -1.012935730e-04 3.151965990e-09
1.748301000e+00 5.532949950e-06 -1.754773240e-02 -7.534456290e-06 5.758295600e-06 -1.744657070e-02 -7.539138680e-06 -2.253456580e-07 -1.011616230e-04 4.682381330e-09
1.748693000e+00 5.264358870e-06 -1.554615380e-02 -8.357739170e-06 5.489921400e-06 -1.544525210e-02 -8.363916550e-06 -2.255625330e-07 -1.009017200e-04 6.177388970e-09
1.749085000e+00 1.229732720e-05 -1.540564170e-02 -7.854535550e-06 1.252083240e-05 -1.530504810e-02 -7.861977020e-06 -2.235052930e-07 -1.005936590e-04 7.441467020e-09
1.749477000e+00 1.865829580e-05 -1.825390340e-02 -9.020349350e-06 1.887772200e-05 -1.815319710e-02 -9.028699270e-06 -2.194262210e-07 -1.007062500e-04 8.349917560e-09
1.749868000e+00 1.967091160e-05 -2.125573980e-02 -1.337850150e-05 1.988650510e-05 -2.115441800e-02 -1.338745650e-05 -2.155934820e-07 -1.013218650e-04 8.955042120e-09
1.750260000e+00 6.742326340e-06 -2.213045430e-02 -7.439055880e-06 6.958369440e-06 -2.202868280e-02 -7.449920560e-06 -2.160431070e-07 -1.017715290e-04 1.086468040e-08
1.750647000e+00 6.785141540e-06 -1.401420920e-02 -9.710764950e-06 7.002365110e-06 -1.391310240e-02 -9.723570450e-06 -2.172235760e-07 -1.011068070e-04 1.280549850e-08
1.751034000e+00 6.861330010e-06 -1.175178290e-02 -8.059859850e-06 7.079887810e-06 -1.165171590e-02 -8.074745450e-06 -2.185577990e-07 -1.000669540e-04 1.488560250e-08
1.751422000e+00 6.351543080e-06 -1.578072430e-02 -1.008661710e-05 6.571870580e-06 -1.568094320e-02 -1.010359830e-05 -2.203274940e-07 -9.978106480e-05 1.698121340e-08
1.751809000e+00 7.213373720e-06 -2.476564600e-02 -1.178241690e-05 7.435709160e-06 -2.466507670e-02 -1.180149540e-05 -2.223354350e-07 -1.005692430e-04 1.907852340e-08
1.752196000e+00 1.056545510e-05 -2.330927750e-02 -1.336307610e-05 1.078919750e-05 -2.320811810e-02 -1.338403320e-05 -2.237424260e-07 -1.011593430e-04 2.095702950e-08
1.752578000e+00 5.632496730e-06 -1.749063860e-02 -9.988318180e-06 5.859404130e-06 -1.738972330e-02 -1.001175190e-05 -2.269073950e-07 -1.009152570e-04 2.343368500e-08
1.752960000e+00 9.098503930e-06 -1.533291310e-02 -1.179732620e-05 9.327875200e-06 -1.523250350e-02 -1.182287980e-05 -2.293712630e-07 -1.004095940e-04 2.555359840e-08
1.753342000e+00 1.481926390e-05 -1.742008790e-02 -1.226866630e-05 1.504990140e-05 -1.732001380e-02 -1.229608500e-05 -2.306375240e-07 -1.000741250e-04 2.741871460e-08
1.753724000e+00 1.326916670e-05 -1.504630540e-02 -1.084578350e-05 1.350187390e-05 -1.494657630e-02 -1.087538110e-05 -2.327072130e-07 -9.972910590e-05 2.959761010e-08
1.754106000e+00 1.329735600e-05 -1.225214980e-02 -1.379866320e-05 1.353260780e-05 -1.215306230e-02 -1.383039320e-05 -2.352517460e-07 -9.908750240e-05 3.172997530e-08
1.754488000e+00 1.368241410e-05 -1.677769310e-02 -1.662370970e-05 1.392061250e-05 -1.667862220e-02 -1.665757680e-05 -2.381983710e-07 -9.907090810e-05 3.386710540e-08
1.754870000e+00 1.953552630e-06 -2.403790410e-02 -9.755281410e-06 2.198094730e-06 -2.393805520e-02 -9.792482100e-06 -2.445421050e-07 -9.984889950e-05 3.720069450e-08
1.755253000e+00 7.487393760e-06 -2.607435490e-02 -1.143515610e-05 7.736798140e-06 -2.597372950e-02 -1.147533540e-05 -2.494043840e-07 -1.006254310e-04 4.017929910e-08
1.755629000e+00 1.060015550e-05 -1.604390370e-02 -1.460397990e-05 1.085361830e-05 -1.594385070e-02 -1.464670770e-05 -2.534627370e-07 -1.000530080e-04 4.272780710e-08
1.756006000e+00 1.040179210e-05 -7.962291120e-03 -1.516053760e-05 1.065988180e-05 -7.863801140e-03 -1.520595810e-05 -2.580896890e-07 -9.848998320e-05 4.542049210e-08
1.756383000e+00 1.871605690e-05 -1.351377100e-02 -2.114216450e-05 1.897668310e-05 -1.341594470e-02 -2.118966390e-05 -2.606261840e-07 -9.782628010e-05 4.749940400e-08
1.756759000e+00 1.997762100e-05 -2.582195820e-02 -9.679975490e-06 2.023966530e-05 -2.572357010e-02 -9.729945920e-06 -2.620443500e-07 -9.838807970e-05 4.997042290e-08
1.757131000e+00 9.895924590e-06 -2.948630980e-02 -1.085723890e-05 1.016257970e-05 -2.938707970e-02 -1.091025710e-05 -2.666550600e-07 -9.923012960e-05 5.301818520e-08
1.757496000e+00 8.088451240e-06 -2.112108060e-02 -1.126665830e-05 8.360300190e-06 -2.102186310e-02 -1.132279640e-05 -2.718489440e-07 -9.921749720e-05 5.613813210e-08
1.757862000e+00 1.048002060e-05 -1.166374960e-02 -1.056883720e-05 1.075639960e-05 -1.156510280e-02 -1.062788230e-05 -2.763789350e-07 -9.864678840e-05 5.904516790e-08
1.758228000e+00 1.279801170e-05 -1.118394430e-02 -1.905146080e-05 1.307828360e-05 -1.108574810e-02 -1.911293420e-05 -2.802718520e-07 -9.819611610e-05 6.147339260e-08
1.758594000e+00 1.220113260e-05 -1.854306910e-02 -1.484535630e-05 1.248537550e-05 -1.844498680e-02 -1.490943550e-05 -2.842429450e-07 -9.808228870e-05 6.407924620e-08
1.758954000e+00 1.337814500e-05 -2.539243090e-02 -1.377903200e-05 1.366568490e-05 -2.529423160e-02 -1.384560810e-05 -2.875398110e-07 -9.819929210e-05 6.657606890e-08
1.759314000e+00 8.669453400e-06 -2.302491780e-02 -1.434642810e-05 8.961622270e-06 -2.292676600e-02 -1.441569830e-05 -2.921688610e-07 -9.815176480e-05 6.927027480e-08
1.759674000e+00 1.337036440e-05 -1.858591330e-02 -1.661211260e-05 1.366557330e-05 -1.848805200e-02 -1.668342330e-05 -2.952088910e-07 -9.786125690e-05 7.131070370e-08
1.760028000e+00 1.928080610e-05 -1.341481310e-02 -1.665447480e-05 1.957705810e-05 -1.331758260e-02 -1.672729040e-05 -2.962520480e-07 -9.723048740e-05 7.281561580e-08
1.760383000e+00 1.538791020e-05 -1.821006940e-02 -1.261617210e-05 1.568616750e-05 -1.811309680e-02 -1.269103370e-05 -2.982572710e-07 -9.697264920e-05 7.486155360e-08
1.760737000e+00 1.466623700e-05 -2.159932670e-02 -1.544691110e-05 1.496662430e-05 -2.150227590e-02 -1.552353900e-05 -3.003873520e-07 -9.705074700e-05 7.662790140e-08
1.761091000e+00 1.328170630e-05 -2.377992430e-02 -1.522610200e-05 1.358429170e-05 -2.368241390e-02 -1.530453920e-05 -3.025854540e-07 -9.751032550e-05 7.843719770e-08
1.761440000e+00 8.075159840e-07 -2.114281900e-02 -1.412381680e-05 1.115805280e-06 -2.104536210e-02 -1.420485210e-05 -3.082892970e-07 -9.745693060e-05 8.103523590e-08
1.761788000e+00 1.498523680e-05 -1.805873490e-02 -1.170492620e-05 1.529450250e-05 -1.796175100e-02 -1.178764280e-05 -3.092656960e-07 -9.698385490e-05 8.271663330e-08
1.762137000e+00 7.289560660e-06 -1.446463420e-02 -1.230439360e-05 7.601917290e-06 -1.436853340e-02 -1.238917920e-05 -3.123566300e-07 -9.610074320e-05 8.478562490e-08
1.762485000e+00 3.266704070e-05 -1.633410950e-02 -1.830280250e-05 3.297498090e-05 -1.623835570e-02 -1.838781280e-05 -3.079402100e-07 -9.575376170e-05 8.501038070e-08
1.762834000e+00 9.733501730e-06 -2.038195260e-02 -1.680923210e-05 1.004378310e-05 -2.028602990e-02 -1.689576450e-05 -3.102813470e-07 -9.592268200e-05 8.653240390e-08
1.763182000e+00 5.419728350e-06 -2.445293870e-02 -1.175483340e-05 5.732981710e-06 -2.435654580e-02 -1.184335630e-05 -3.132533540e-07 -9.639290000e-05 8.852281420e-08
1.763524000e+00 1.952941790e-05 -2.064670510e-02 -1.305264680e-05 1.984115710e-05 -2.055042800e-02 -1.314218690e-05 -3.117391550e-07 -9.627713710e-05 8.954003130e-08
1.763866000e+00 5.425484370e-06 -1.729994700e-02 -1.625906240e-05 5.740039000e-06 -1.720425100e-02 -1.635020520e-05 -3.145546300e-07 -9.569602420e-05 9.114281380e-08
1.764209000e+00 2.059028870e-06 -1.585803970e-02 -1.058980570e-05 2.376373170e-06 -1.576309490e-02 -1.068311020e-05 -3.173443000e-07 -9.494482940e-05 9.330453340e-08
1.764551000e+00 1.402833940e-05 -1.895606580e-02 -1.429773510e-05 1.434515350e-05 -1.886142400e-02 -1.439222110e-05 -3.168141060e-07 -9.464181120e-05 9.448603040e-08
1.764893000e+00 6.739908490e-07 -2.142481700e-02 -1.158327550e-05 9.936721570e-07 -2.133015610e-02 -1.167975340e-05 -3.196813090e-07 -9.466089050e-05 9.647788580e-08
1.765235000e+00 5.616010810e-06 -2.207591500e-02 -1.093746100e-05 5.936767740e-06 -2.198125630e-02 -1.103553790e-05 -3.207569280e-07 -9.465868670e-05 9.807685950e-08
1.765577000e+00 3.521181250e-06 -2.009920020e-02 -1.067508470e-05 3.843395320e-06 -2.000470430e-02 -1.077484610e-05 -3.222140740e-07 -9.449589990e-05 9.976139730e-08
1.765919000e+00 5.604719460e-06 -1.931632120e-02 -1.481293650e-05 5.927863450e-06 -1.922194610e-02 -1.491402090e-05 -3.231439940e-07 -9.437508650e-05 1.010843640e-07
1.766261000e+00 5.758877390e-06 -1.696626700e-02 -1.352507530e-05 6.082772750e-06 -1.687208240e-02 -1.362745080e-05 -3.238953650e-07 -9.418462280e-05 1.023755040e-07
1.766604000e+00 1.874835190e-05 -1.819136300e-02 -1.385763330e-05 1.906870240e-05 -1.809738500e-02 -1.396024590e-05 -3.203504890e-07 -9.397797350e-05 1.026125900e-07
1.766946000e+00 6.578995280e-06 -1.566469180e-02 -1.085197600e-05 6.898991420e-06 -1.557110140e-02 -1.095560760e-05 -3.199961400e-07 -9.359042250e-05 1.036316480e-07
1.767288000e+00 1.203756920e-05 -1.779781610e-02 -6.833230350e-06 1.235515820e-05 -1.770447410e-02 -6.937567590e-06 -3.175889530e-07 -9.334193620e-05 1.043372410e-07
1.767630000e+00 6.062639870e-06 -2.039788540e-02 -1.040231900e-05 6.379569240e-06 -2.030475930e-02 -1.050746330e-05 -3.169293650e-07 -9.312609380e-05 1.051443370e-07
1.767972000e+00 5.921201660e-06 -2.158641700e-02 -8.349046660e-06 6.237232270e-06 -2.149342180e-02 -8.455040720e-06 -3.160306130e-07 -9.299520890e-05 1.059940620e-07
1.768314000e+00 -1.219886650e-05 -2.179525920e-02 -8.379241320e-06 -1.187870780e-05 -2.170237720e-02 -8.487073670e-06 -3.201586670e-07 -9.288198980e-05 1.078323560e-07
1.768656000e+00 1.341020550e-06 -1.748567510e-02 -9.197594780e-06 1.660996910e-06 -1.739314050e-02 -9.306226460e-06 -3.199763570e-07 -9.253463450e-05 1.086316830e-07
1.768999000e+00 5.849971660e-07 -1.796388580e-02 -1.071413740e-05 9.047591020e-07 -1.787173590e-02 -1.082336210e-05 -3.197619350e-07 -9.214990340e-05 1.092246390e-07
1.769341000e+00 -1.688940780e-06 -1.885746040e-02 -8.046615160e-06 -1.369153950e-06 -1.876559280e-02 -8.156570240e-06 -3.197868300e-07 -9.186755680e-05 1.099550860e-07
1.769683000e+00 5.452598190e-07 -1.841415930e-02 -6.760092730e-06 8.643146960e-07 -1.832267050e-02 -6.870652280e-06 -3.190548780e-07 -9.148875590e-05 1.105595500e-07
1.770025000e+00 -3.226855750e-06 -1.675908240e-02 -5.336747350e-06 -2.907633560e-06 -1.666815680e-02 -5.448188950e-06 -3.192221970e-07 -9.092562150e-05 1.114415970e-07
1.770367000e+00 4.579539900e-07 -1.469723960e-02 -8.801081250e-06 7.762172660e-07 -1.460704640e-02 -8.912810440e-06 -3.182632760e-07 -9.019324120e-05 1.117291870e-07
1.770709000e+00 8.335576780e-07 -2.116095800e-02 -9.274263170e-06 1.150572340e-06 -2.107072780e-02 -9.386124560e-06 -3.170146650e-07 -9.023021830e-05 1.118613890e-07
1.771051000e+00 -1.922843780e-06 -2.855788940e-02 -8.939673920e-06 -1.606527690e-06 -2.846680120e-02 -9.051799840e-06 -3.163160890e-07 -9.108824140e-05 1.121259200e-07
1.771394000e+00 -8.992006090e-06 -2.789452240e-02 -4.139208220e-06 -8.674892280e-06 -2.780276620e-02 -4.252291760e-06 -3.171138100e-07 -9.175616180e-05 1.130835380e-07
1.771736000e+00 1.056469240e-06 -1.914870190e-02 -5.740057730e-06 1.371600910e-06 -1.905727080e-02 -5.853309980e-06 -3.151316690e-07 -9.143105850e-05 1.132522490e-07
1.772078000e+00 -7.044392820e-07 -8.249097570e-03 -6.337251360e-06 -3.912671480e-07 -8.158880750e-03 -6.450487340e-06 -3.131721340e-07 -9.021682110e-05 1.132359730e-07
1.772420000e+00 9.907329630e-06 -8.627675620e-03 -1.412909860e-05 1.021575370e-05 -8.538280200e-03 -1.424093320e-05 -3.084240970e-07 -8.939542200e-05 1.118345150e-07
1.772775000e+00 -3.002116450e-05 -1.768459450e-02 2.645028280e-05 -2.970759880e-05 -1.759545250e-02 2.633481990e-05 -3.135657610e-07 -8.914195540e-05 1.154629190e-07
1.773130000e+00 2.698780340e-05 -2.429509030e-02 -3.034171090e-05 2.729179180e-05 -2.420582470e-02 -3.045343790e-05 -3.039884390e-07 -8.926560850e-05 1.117269800e-07
1.773484000e+00 7.903407130e-07 -2.319787690e-02 -5.020933490e-06 1.091478500e-06 -2.310875860e-02 -5.132108340e-06 -3.011377880e-07 -8.911828490e-05 1.111748500e-07
1.773839000e+00 -1.959926640e-06 -2.139821360e-02 -3.910795430e-06 -1.660974350e-06 -2.130914420e-02 -4.021600920e-06 -2.989522980e-07 -8.906945280e-05 1.108054900e-07
1.774194000e+00 -6.927022740e-06 -1.827335040e-02 -2.858390400e-06 -6.629096470e-06 -1.818438270e-02 -2.969099020e-06 -2.979262760e-07 -8.896771070e-05 1.107086150e-07
1.774549000e+00 -2.124020430e-05 -2.012236220e-02 4.700486900e-06 -2.094009030e-05 -2.003335100e-02 4.588271150e-06 -3.001140020e-07 -8.901117820e-05 1.122157550e-07
1.774904000e+00 7.973284070e-06 -1.720996240e-02 -7.121122130e-06 8.268411310e-06 -1.712124280e-02 -7.231660960e-06 -2.951272410e-07 -8.871960680e-05 1.105388380e-07
1.775259000e+00 -4.340530270e-07 -1.801805880e-02 -4.478613370e-06 -1.423723200e-07 -1.792950100e-02 -4.588179950e-06 -2.916807070e-07 -8.855779510e-05 1.095665790e-07
1.775613000e+00 -1.371977040e-05 -1.785489560e-02 -4.863161070e-07 -1.342770960e-05 -1.776659200e-02 -5.962420650e-07 -2.920607570e-07 -8.830358650e-05 1.099259590e-07
1.775968000e+00 -1.925741400e-05 -1.826000930e-02 3.356681270e-05 -1.896438450e-05 -1.817196930e-02 3.345451070e-05 -2.930294760e-07 -8.803996120e-05 1.123019960e-07
1.776323000e+00 -1.423917860e-05 -2.183116060e-02 -4.017733520e-06 -1.394558350e-05 -2.174347210e-02 -4.130516370e-06 -2.935951230e-07 -8.768847150e-05 1.127828500e-07
1.776678000e+00 3.184898230e-05 -2.039993280e-02 -3.442373370e-05 3.213032290e-05 -2.031249540e-02 -3.453135400e-05 -2.813406630e-07 -8.743738910e-05 1.076202790e-07
1.777033000e+00 1.867985150e-05 -1.667265850e-02 -7.324396220e-06 1.895218820e-05 -1.658550820e-02 -7.429360050e-06 -2.723366940e-07 -8.715031720e-05 1.049638310e-07
1.777387000e+00 -1.500130210e-05 -1.712087530e-02 -1.056929030e-07 -1.472831660e-05 -1.703393210e-02 -2.109464250e-07 -2.729854810e-07 -8.694315850e-05 1.052535220e-07
1.777742000e+00 -2.449677160e-06 -1.665011220e-02 2.561417340e-07 -2.179989040e-06 -1.656340610e-02 1.516354690e-07 -2.696881220e-07 -8.670609640e-05 1.045062650e-07
1.778097000e+00 2.202504330e-06 -1.952404760e-02 -1.032159690e-06 2.467717590e-06 -1.943734090e-02 -1.135508740e-06 -2.652132610e-07 -8.670672220e-05 1.033490480e-07
1.778452000e+00 1.140601170e-05 -1.927546030e-02 -2.871314180e-06 1.166386250e-05 -1.918871630e-02 -2.972534130e-06 -2.578508630e-07 -8.674398330e-05 1.012199450e-07
1.778807000e+00 -1.402955270e-05 -1.702230840e-02 -5.012387130e-06 -1.377119850e-05 -1.693590570e-02 -5.113478070e-06 -2.583541630e-07 -8.640268210e-05 1.010909440e-07
1.779161000e+00 -5.570877760e-06 -1.767895670e-02 -4.243943290e-08 -5.314610760e-06 -1.759320550e-02 -1.431790170e-07 -2.562669940e-07 -8.575127350e-05 1.007395840e-07
1.779516000e+00 -4.314167090e-06 -1.725575490e-02 -2.041598650e-06 -4.060127290e-06 -1.717057650e-02 -2.141847390e-06 -2.540397990e-07 -8.517836380e-05 1.002487450e-07
1.779871000e+00 -1.815997470e-06 -1.897013100e-02 1.965010560e-06 -1.564948090e-06 -1.888512000e-02 1.865193290e-06 -2.510493800e-07 -8.501099500e-05 9.981727120e-08
1.780226000e+00 -6.757558710e-06 -1.925190460e-02 8.939923970e-07 -6.508369010e-06 -1.916678520e-02 7.944397870e-07 -2.491897020e-07 -8.511941010e-05 9.955260970e-08
1.780581000e+00 8.396382460e-06 -1.890652540e-02 -1.501508030e-06 8.639512740e-06 -1.882138940e-02 -1.599635790e-06 -2.431302790e-07 -8.513602740e-05 9.812775410e-08
1.780936000e+00 1.515359330e-06 -1.831018050e-02 -5.914449320e-07 1.754556100e-06 -1.822532410e-02 -6.887099140e-07 -2.391967630e-07 -8.485641160e-05 9.726498260e-08
1.781290000e+00 2.598339300e-06 -1.954130910e-02 -2.225431710e-06 2.833380230e-06 -1.945674950e-02 -2.321644080e-06 -2.350409270e-07 -8.455959720e-05 9.621236770e-08
1.781645000e+00 3.288446070e-06 -1.772166140e-02 -2.530887490e-06 3.519135770e-06 -1.763746550e-02 -2.625967170e-06 -2.306897020e-07 -8.419593040e-05 9.507968360e-08
1.782000000e+00 -1.680685990e-06 -1.946461720e-02 4.953052510e-07 -1.452924010e-06 -1.938053230e-02 4.007911940e-07 -2.277619760e-07 -8.408484170e-05 9.451405760e-08
1.782372000e+00 1.220514610e-05 -2.068053240e-02 1.751143400e-06 1.242533370e-05 -2.059654390e-02 1.658141080e-06 -2.201875550e-07 -8.398849260e-05 9.300232250e-08
1.782743000e+00 4.820205360e-06 -2.149474410e-02 -1.917870260e-06 5.035781140e-06 -2.141077860e-02 -2.009718770e-06 -2.155757740e-07 -8.396546490e-05 9.184851470e-08
1.783118000e+00 2.684710100e-06 -1.652903240e-02 1.016400280e-06 2.895873940e-06 -1.644533160e-02 9.256791890e-07 -2.111638470e-07 -8.370075820e-05 9.072108710e-08
1.783493000e+00 -3.026143610e-06 -1.757777050e-02 -1.487061710e-06 -2.817033710e-06 -1.749413150e-02 -1.577156950e-06 -2.091098960e-07 -8.363904530e-05 9.009524730e-08
1.783868000e+00 -6.215553420e-06 -1.719284570e-02 2.704958560e-06 -6.007826280e-06 -1.710949910e-02 2.614976850e-06 -2.077271420e-07 -8.334663370e-05 8.998170350e-08
1.784243000e+00 4.259740190e-06 -1.539380610e-02 -2.702087860e-06 4.463481530e-06 -1.531105990e-02 -2.790666720e-06 -2.037413390e-07 -8.274614290e-05 8.857886580e-08
1.784622000e+00 -6.992852510e-06 -1.461108190e-02 4.107321580e-06 -6.790366370e-06 -1.452894150e-02 4.018646630e-06 -2.024861400e-07 -8.214041780e-05 8.867494450e-08
1.785001000e+00 -1.640936100e-06 -1.903609390e-02 3.209252710e-06 -1.440825520e-06 -1.895402570e-02 3.121013120e-06 -2.001105730e-07 -8.206825820e-05 8.823958620e-08
1.785380000e+00 7.667900380e-06 -2.113075360e-02 -5.261419330e-07 7.862762580e-06 -2.104845220e-02 -6.129640400e-07 -1.948622010e-07 -8.230136590e-05 8.682210700e-08
1.785758000e+00 -2.387588400e-05 -1.979762090e-02 1.760367250e-05 -2.367698180e-05 -1.971539130e-02 1.751453990e-05 -1.989021580e-07 -8.222963560e-05 8.913262270e-08
1.786137000e+00 2.185604360e-06 -1.983631910e-02 -8.722677400e-06 2.381790600e-06 -1.975415410e-02 -8.810440260e-06 -1.961862430e-07 -8.216498830e-05 8.776285930e-08
1.786520000e+00 -2.194903840e-06 -1.855189960e-02 -1.081223980e-06 -2.000729930e-06 -1.846991280e-02 -1.168204260e-06 -1.941739080e-07 -8.198683630e-05 8.698027990e-08
1.786903000e+00 -2.637053860e-06 -1.864983860e-02 -7.921543970e-07 -2.444900570e-06 -1.856803880e-02 -8.783613830e-07 -1.921532820e-07 -8.179970780e-05 8.620698560e-08
1.787286000e+00 -2.394592080e-06 -1.764064180e-02 8.640461510e-08 -2.204439550e-06 -1.755917880e-02 8.683853550e-10 -1.901525290e-07 -8.146303310e-05 8.553622980e-08
1.787668000e+00 -6.566842500e-07 -1.593239800e-02 3.375513800e-07 -4.691877620e-07 -1.585130090e-02 2.528484330e-07 -1.874964870e-07 -8.109717490e-05 8.470294710e-08
1.788051000e+00 -4.229793810e-06 -1.561537690e-02 2.423895690e-06 -4.043901430e-06 -1.553458520e-02 2.339543990e-06 -1.858923780e-07 -8.079165290e-05 8.435169900e-08
1.788438000e+00 -8.656210470e-06 -1.134356440e-02 2.176897460e-06 -8.470796760e-06 -1.126326090e-02 2.092518670e-06 -1.854137130e-07 -8.030353220e-05 8.437878660e-08
1.788825000e+00 2.787373320e-06 -1.544233190e-02 -2.872022580e-06 2.969314910e-06 -1.536227960e-02 -2.955181420e-06 -1.819415900e-07 -8.005223540e-05 8.315883930e-08
1.789212000e+00 5.769771250e-07 -2.193898880e-02 -2.297946810e-07 7.559273480e-07 -2.185892150e-02 -3.121632480e-07 -1.789502240e-07 -8.006728320e-05 8.236856680e-08
1.789599000e+00 4.583386240e-07 -2.071344830e-02 2.473538940e-06 6.344792300e-07 -2.063342810e-02 2.391717490e-06 -1.761406060e-07 -8.002013940e-05 8.182145530e-08
1.789986000e+00 -3.638839420e-06 -1.661681120e-02 8.912954180e-07 -3.464057620e-06 -1.653708690e-02 8.096935140e-07 -1.747818060e-07 -7.972435150e-05 8.160190340e-08
1.790373000e+00 -6.194556950e-07 -1.174983980e-02 -5.142261790e-07 -4.467804210e-07 -1.167065200e-02 -5.952738730e-07 -1.726752740e-07 -7.918778990e-05 8.104769390e-08
1.790765000e+00 -2.625568420e-06 -1.257781380e-02 -1.923207590e-06 -2.454217060e-06 -1.249895850e-02 -2.004013870e-06 -1.713513650e-07 -7.885533750e-05 8.080627520e-08
1.791157000e+00 1.393487480e-05 -1.815596440e-02 -6.530892320e-07 1.409997150e-05 -1.807709600e-02 -7.320573940e-07 -1.650967160e-07 -7.886833560e-05 7.896816170e-08
1.791549000e+00 -5.176126000e-06 -2.461631480e-02 7.276589940e-07 -5.011679370e-06 -2.453703000e-02 6.486182540e-07 -1.644466350e-07 -7.928481320e-05 7.904074040e-08
1.791941000e+00 6.460729700e-06 -1.745232240e-02 -2.791668910e-06 6.620888650e-06 -1.737325330e-02 -2.869464500e-06 -1.601589530e-07 -7.906910060e-05 7.779558810e-08
1.792332000e+00 3.280922710e-06 -1.257158100e-02 -5.020811860e-07 3.437855550e-06 -1.249317820e-02 -5.791528600e-07 -1.569328400e-07 -7.840280920e-05 7.707167430e-08
1.792724000e+00 1.077421310e-05 -1.237099890e-02 -4.750694980e-06 1.092554070e-05 -1.229321990e-02 -4.825922420e-06 -1.513275430e-07 -7.777893300e-05 7.522743850e-08
1.793121000e+00 -6.727440810e-06 -1.595086500e-02 1.356825360e-06 -6.575687610e-06 -1.587319120e-02 1.281013310e-06 -1.517532050e-07 -7.767377590e-05 7.581204550e-08
1.793518000e+00 -3.691377320e-06 -2.078599690e-02 3.170575150e-06 -3.540359580e-06 -2.070793760e-02 3.094429740e-06 -1.510177350e-07 -7.805926770e-05 7.614541040e-08
1.793915000e+00 -1.523396620e-06 -1.885895930e-02 7.268677590e-07 -1.373985160e-06 -1.878092800e-02 6.508818300e-07 -1.494114630e-07 -7.803138660e-05 7.598592960e-08
1.794312000e+00 1.218823940e-05 -1.409200950e-02 -4.772656090e-06 1.233167790e-05 -1.401454970e-02 -4.846764500e-06 -1.434385080e-07 -7.745985600e-05 7.410841570e-08
1.794709000e+00 7.736177400e-06 -1.398781160e-02 -1.672554870e-06 7.875508590e-06 -1.391094850e-02 -1.745641850e-06 -1.393311870e-07 -7.686314780e-05 7.308698840e-08
1.795106000e+00 2.268331440e-06 -1.597206450e-02 -9.274196740e-07 2.405428460e-06 -1.589532950e-02 -1.000081980e-06 -1.370970160e-07 -7.673493160e-05 7.266230490e-08
1.795503000e+00 5.056570410e-06 -2.057197600e-02 -2.008383620e-06 5.190825750e-06 -2.049487510e-02 -2.080381950e-06 -1.342553430e-07 -7.710089270e-05 7.199833350e-08
1.795900000e+00 1.839340170e-05 -1.882881850e-02 -9.047561470e-06 1.852061340e-05 -1.875172010e-02 -9.116937670e-06 -1.272116310e-07 -7.709841900e-05 6.937619960e-08
1.796297000e+00 4.830182170e-06 -1.533664590e-02 5.561629340e-07 4.954609360e-06 -1.525980350e-02 4.872393800e-07 -1.244271900e-07 -7.684244530e-05 6.892355400e-08
1.796694000e+00 3.789334020e-06 -1.158280220e-02 -2.809575160e-06 3.911839840e-06 -1.150636790e-02 -2.878046500e-06 -1.225058160e-07 -7.643428770e-05 6.847133180e-08
1.797091000e+00 6.445339950e-06 -1.593157550e-02 7.585675960e-08 6.565066730e-06 -1.585530590e-02 8.012428400e-09 -1.197267770e-07 -7.626953620e-05 6.784433120e-08
1.797488000e+00 5.016578090e-06 -2.238284140e-02 -2.393151080e-06 5.134337380e-06 -2.230638910e-02 -2.460445230e-06 -1.177592900e-07 -7.645221950e-05 6.729415360e-08
1.797885000e+00 7.875522230e-06 -1.964052550e-02 -3.576517390e-06 7.990332520e-06 -1.956418190e-02 -3.642821780e-06 -1.148102960e-07 -7.634352700e-05 6.630439330e-08
1.798282000e+00 1.671799210e-05 -1.116111760e-02 -8.603038730e-06 1.682712370e-05 -1.108539610e-02 -8.667026120e-06 -1.091316380e-07 -7.572152260e-05 6.398738940e-08
1.798686000e+00 9.786092990e-06 -5.582026960e-03 -3.839158780e-06 9.891850010e-06 -5.507294550e-03 -3.901935440e-06 -1.057570260e-07 -7.473241180e-05 6.277665620e-08
1.799090000e+00 4.996352220e-07 -1.506277150e-02 -1.271815450e-06 6.051142810e-07 -1.498809150e-02 -1.334660020e-06 -1.054790590e-07 -7.467993720e-05 6.284456410e-08
1.799493000e+00 -8.597636340e-06 -2.560965890e-02 9.606198670e-06 -8.489419370e-06 -2.553424080e-02 9.541391640e-06 -1.082169630e-07 -7.541803410e-05 6.480702980e-08
1.799897000e+00 -1.347306920e-05 -2.186368680e-02 -1.337870160e-06 -1.336015290e-05 -2.178804330e-02 -1.404239100e-06 -1.129162930e-07 -7.564347760e-05 6.636894340e-08
1.800300000e+00 -2.894938650e-07 -1.545048870e-02 1.689302300e-06 -1.763002790e-07 -1.537528360e-02 1.622405690e-06 -1.131935850e-07 -7.520514180e-05 6.689660830e-08
1.800704000e+00 -2.014844730e-06 -1.092097100e-02 7.007328240e-07 -1.900833740e-06 -1.084651840e-02 6.332684850e-07 -1.140109850e-07 -7.445257120e-05 6.746433900e-08
1.801108000e+00 2.641402460e-07 -1.309938130e-02 -1.006528340e-06 3.783502170e-07 -1.302520030e-02 -1.074236500e-06 -1.142099710e-07 -7.418100440e-05 6.770815800e-08
1.801511000e+00 5.520939560e-06 -1.464503010e-02 -4.264988150e-07 5.633852910e-06 -1.457075070e-02 -4.940924950e-07 -1.129133510e-07 -7.427948570e-05 6.759367950e-08
1.801915000e+00 -4.308380880e-06 -1.431935250e-02 2.319870090e-06 -4.193700870e-06 -1.424511940e-02 2.251231300e-06 -1.146800040e-07 -7.423309620e-05 6.863879280e-08
1.802319000e+00 4.665465770e-06 -1.643133560e-02 -1.868923070e-06 4.779317390e-06 -1.635728780e-02 -1.937496610e-06 -1.138516210e-07 -7.404781830e-05 6.857353450e-08
1.802722000e+00 3.406857080e-06 -1.738432480e-02 -2.994323750e-06 3.520797710e-06 -1.731062930e-02 -3.063201980e-06 -1.139406390e-07 -7.369544720e-05 6.887823660e-08
1.803126000e+00 -5.192015640e-06 -1.686003050e-02 7.664972470e-06 -5.075869600e-06 -1.678643300e-02 7.594433330e-06 -1.161460340e-07 -7.359750500e-05 7.053914370e-08
1.803530000e+00 2.362835530e-06 -1.595485530e-02 7.675343210e-07 2.479345770e-06 -1.588116110e-02 6.964576470e-07 -1.165102320e-07 -7.369421640e-05 7.107667310e-08
1.803933000e+00 1.845494510e-05 -1.453056630e-02 -1.383347710e-05 1.856704210e-05 -1.445687560e-02 -1.390208060e-05 -1.120969750e-07 -7.369072560e-05 6.860349940e-08
1.804337000e+00 -1.253895290e-05 -1.701364250e-02 1.238170480e-05 -1.242203120e-05 -1.694006450e-02 1.230990560e-05 -1.169217320e-07 -7.357798670e-05 7.179919010e-08
1.804740000e+00 4.123646210e-06 -1.821776670e-02 -2.141946070e-06 4.240525110e-06 -1.814442780e-02 -2.213968340e-06 -1.168789020e-07 -7.333894380e-05 7.202226690e-08
1.805144000e+00 1.710216300e-06 -1.577463490e-02 1.488650540e-06 1.827947820e-06 -1.570148270e-02 1.415807730e-06 -1.177315160e-07 -7.315227670e-05 7.284281160e-08
1.805557000e+00 4.882091040e-06 -1.498346150e-02 -1.504972250e-06 4.999809830e-06 -1.491044130e-02 -1.578082280e-06 -1.177187900e-07 -7.302020800e-05 7.311002460e-08
1.805971000e+00 9.735655330e-07 -1.470750680e-02 1.863995930e-06 1.092545470e-06 -1.463465230e-02 1.789914020e-06 -1.189799350e-07 -7.285445710e-05 7.408191050e-08
1.806384000e+00 1.550373620e-06 -1.197605800e-02 7.495578350e-07 1.670568710e-06 -1.190357120e-02 6.745729340e-07 -1.201950920e-07 -7.248679970e-05 7.498490150e-08
1.806797000e+00 5.478759190e-06 -1.198360710e-02 -2.264125130e-06 5.599213300e-06 -1.191171090e-02 -2.339480600e-06 -1.204541140e-07 -7.189620580e-05 7.535546510e-08
1.807210000e+00 -4.643806330e-06 -1.380817870e-02 -2.408262590e-06 -4.519576340e-06 -1.373628150e-02 -2.485066250e-06 -1.242299960e-07 -7.189720580e-05 7.680365760e-08
1.807623000e+00 1.047936960e-05 -1.643544600e-02 -3.285046010e-06 1.060199580e-05 -1.636293870e-02 -3.361520650e-06 -1.226262170e-07 -7.250730870e-05 7.647464210e-08
1.808037000e+00 2.954894910e-06 -1.712753690e-02 4.575343730e-07 3.078697340e-06 -1.705469690e-02 3.800798350e-07 -1.238024260e-07 -7.283999250e-05 7.745453810e-08
1.808450000e+00 3.133695780e-06 -1.540956270e-02 -1.620251020e-06 3.258495470e-06 -1.533699870e-02 -1.698447700e-06 -1.247996910e-07 -7.256404770e-05 7.819667850e-08
1.808863000e+00 1.070079800e-05 -1.584093480e-02 -2.664082520e-06 1.082423750e-05 -1.576870860e-02 -2.742125900e-06 -1.234395070e-07 -7.222628380e-05 7.804337580e-08
1.809276000e+00 4.304243090e-06 -1.449889590e-02 -1.794213240e-06 4.428187690e-06 -1.442691580e-02 -1.872749330e-06 -1.239446030e-07 -7.198007100e-05 7.853609140e-08
1.809690000e+00 7.252103620e-06 -1.275025720e-02 -5.585546200e-06 7.375692680e-06 -1.267838290e-02 -5.663987810e-06 -1.235890540e-07 -7.187432620e-05 7.844161200e-08
1.810103000e+00 3.640118310e-06 -1.294473310e-02 1.473193970e-07 3.764380500e-06 -1.287311570e-02 6.818375570e-08 -1.242621900e-07 -7.161738830e-05 7.913564110e-08
1.810516000e+00 4.545818600e-06 -1.278106770e-02 -1.411089780e-06 4.670381920e-06 -1.271002580e-02 -1.490686850e-06 -1.245633230e-07 -7.104182510e-05 7.959707230e-08
1.810929000e+00 5.092637730e-06 -1.180158200e-02 -1.337486480e-07 5.217382740e-06 -1.173129280e-02 -2.138366120e-07 -1.247450140e-07 -7.028919910e-05 8.008796380e-08
1.811343000e+00 8.396386670e-06 -1.581176090e-02 3.005604030e-06 8.519745200e-06 -1.574133410e-02 2.925331310e-06 -1.233585300e-07 -7.042677850e-05 8.027271710e-08
1.811756000e+00 1.187457760e-05 -1.875771830e-02 -4.403363490e-06 1.199565830e-05 -1.868644630e-02 -4.482672940e-06 -1.210807190e-07 -7.127199760e-05 7.930945030e-08
1.812169000e+00 -1.830109870e-06 -1.568899370e-02 -2.380869460e-06 -1.706665350e-06 -1.561762040e-02 -2.461281430e-06 -1.234445240e-07 -7.137328190e-05 8.041197530e-08
1.812582000e+00 3.666811520e-06 -1.235158560e-02 -1.012743400e-06 3.790649090e-06 -1.228096790e-02 -1.093549410e-06 -1.238375740e-07 -7.061772090e-05 8.080601230e-08
1.812996000e+00 4.074643550e-06 -1.137294330e-02 -3.811320570e-06 4.198915900e-06 -1.130304390e-02 -3.892201040e-06 -1.242723450e-07 -6.989936570e-05 8.088047340e-08
1.813409000e+00 1.369070750e-06 -1.508777130e-02 -1.992198520e-06 1.494553850e-06 -1.501765600e-02 -2.073596360e-06 -1.254830990e-07 -7.011527770e-05 8.139784830e-08
1.813822000e+00 3.201167890e-06 -1.827690460e-02 -4.419016360e-07 3.327239070e-06 -1.820591160e-02 -5.237369960e-07 -1.260711790e-07 -7.099297510e-05 8.183536050e-08
1.814235000e+00 9.110532570e-06 -1.432784710e-02 -3.765178640e-06 9.235389050e-06 -1.425686630e-02 -3.846559280e-06 -1.248564880e-07 -7.098080550e-05 8.138064440e-08
1.814648000e+00 9.303018830e-06 -9.404913690e-03 -4.180904240e-06 9.426863510e-06 -9.334815650e-03 -4.261752020e-06 -1.238446830e-07 -7.009804280e-05 8.084777830e-08
1.815062000e+00 7.645696420e-06 -1.025402350e-02 -3.346979740e-06 7.768963600e-06 -1.018458370e-02 -3.427527400e-06 -1.232671770e-07 -6.943986860e-05 8.054765790e-08
1.815475000e+00 8.141384430e-06 -1.379606850e-02 -2.056900340e-06 8.263933150e-06 -1.372655740e-02 -2.137154260e-06 -1.225487190e-07 -6.951109540e-05 8.025391980e-08
1.815888000e+00 -1.391616430e-05 -1.949170900e-02 1.234872720e-05 -1.378719140e-05 -1.942155570e-02 1.226484630e-05 -1.289729160e-07 -7.015332220e-05 8.388094020e-08
1.816301000e+00 2.650933360e-05 -1.472667560e-02 -1.259927430e-05 2.663145170e-05 -1.465655170e-02 -1.267958200e-05 -1.221180830e-07 -7.012386930e-05 8.030761250e-08
1.816715000e+00 1.023051000e-05 -9.622748110e-03 -8.215622140e-06 1.035081160e-05 -9.553172390e-03 -8.294659320e-06 -1.203016610e-07 -6.957571560e-05 7.903718060e-08
1.817128000e+00 -2.220254670e-06 -1.167629470e-02 -3.905692040e-06 -2.096806040e-06 -1.160698550e-02 -3.985699860e-06 -1.234486340e-07 -6.930921730e-05 8.000781550e-08
1.817541000e+00 3.312364810e-06 -1.610888020e-02 -1.010079960e-06 3.436758980e-06 -1.603949060e-02 -1.090458630e-06 -1.243941670e-07 -6.938964690e-05 8.037867200e-08
1.817954000e+00 -5.732269230e-07 -1.823263840e-02 -2.646930940e-06 -4.466319320e-07 -1.816307270e-02 -2.728004250e-06 -1.265949900e-07 -6.956564720e-05 8.107331310e-08
1.818368000e+00 5.176813100e-06 -1.481916820e-02 -2.779007800e-06 5.303736170e-06 -1.474964730e-02 -2.860122670e-06 -1.269230710e-07 -6.952092390e-05 8.111487380e-08
1.818781000e+00 -7.584698150e-06 -1.161435390e-02 4.119718400e-06 -7.453359740e-06 -1.154497890e-02 4.036318150e-06 -1.313384110e-07 -6.937500900e-05 8.340025200e-08
1.819194000e+00 9.739089820e-06 -1.476428920e-02 -1.979668210e-06 9.869409450e-06 -1.469484070e-02 -2.062537960e-06 -1.303196310e-07 -6.944849160e-05 8.286975950e-08
1.819607000e+00 -7.651484760e-06 -1.915898310e-02 4.058053410e-06 -7.516780280e-06 -1.908933720e-02 3.972962910e-06 -1.347044880e-07 -6.964590880e-05 8.509050460e-08
1.820021000e+00 3.514881900e-06 -1.997124780e-02 -1.387199420e-07 3.650409540e-06 -1.990142460e-02 -2.242875090e-07 -1.355276310e-07 -6.982327680e-05 8.556756760e-08
1.820434000e+00 -2.686671600e-06 -1.354136310e-02 3.929075730e-06 -2.548097230e-06 -1.347175430e-02 3.841851130e-06 -1.385743670e-07 -6.960882000e-05 8.722459820e-08
1.820847000e+00 7.734224480e-06 -9.008039720e-03 8.566352480e-07 7.872772060e-06 -8.938907410e-03 7.691949840e-07 -1.385475830e-07 -6.913230170e-05 8.744026370e-08
1.821260000e+00 -1.421581720e-05 -1.019603600e-02 6.126569710e-06 -1.407087680e-05 -1.012718820e-02 6.035992000e-06 -1.449403440e-07 -6.884774470e-05 9.057770780e-08
1.821674000e+00 4.078372560e-08 -9.872114780e-03 8.139066900e-06 1.872757210e-07 -9.803774250e-03 8.047251860e-06 -1.464919950e-07 -6.834052170e-05 9.181503540e-08
1.822087000e+00 2.030460910e-05 -9.701348060e-03 -4.998455940e-06 2.044619410e-05 -9.633604020e-03 -5.088055800e-06 -1.415849340e-07 -6.774403920e-05 8.959986110e-08
1.822500000e+00 -9.019894010e-06 -1.534214880e-02 3.519663550e-06 -8.873354900e-06 -1.527402780e-02 3.427884060e-06 -1.465391150e-07 -6.812096650e-05 9.177949020e-08
1.822931000e+00 -1.239501060e-06 -1.820009280e-02 2.096805040e-06 -1.090625520e-06 -1.813110640e-02 2.003862290e-06 -1.488755450e-07 -6.898640680e-05 9.294275190e-08
1.823362000e+00 3.432782630e-06 -1.452407270e-02 2.604289540e-07 3.582341070e-06 -1.445500380e-02 1.671465950e-07 -1.495584380e-07 -6.906891470e-05 9.328235870e-08
1.823793000e+00 8.331738810e-07 -6.431319030e-03 5.577275830e-07 9.843735980e-07 -6.363446940e-03 4.636710760e-07 -1.511997170e-07 -6.787209750e-05 9.405650690e-08
1.824228000e+00 2.386153930e-06 -1.044052320e-02 9.313195760e-07 2.538530440e-06 -1.037331580e-02 8.366256010e-07 -1.523765150e-07 -6.720740130e-05 9.469397500e-08
1.824664000e+00 3.363447100e-06 -1.712682880e-02 -3.030482240e-07 3.516585900e-06 -1.705958720e-02 -3.981173290e-07 -1.531387930e-07 -6.724161940e-05 9.506910480e-08
1.825099000e+00 2.678541890e-06 -1.492304900e-02 -3.691667370e-07 2.832553570e-06 -1.485602050e-02 -4.646285530e-07 -1.540116850e-07 -6.702843720e-05 9.546181570e-08
1.825535000e+00 3.582510340e-06 -1.492199070e-02 9.146818360e-08 3.737041420e-06 -1.485476430e-02 -4.287039180e-09 -1.545310810e-07 -6.722638900e-05 9.575522280e-08
1.825971000e+00 4.330041660e-06 -1.896024770e-02 -1.136661210e-06 4.484703410e-06 -1.889210770e-02 -1.232457820e-06 -1.546617450e-07 -6.814002770e-05 9.579660670e-08
1.826406000e+00 -1.752373290e-07 -9.752742740e-03 6.871513950e-06 -1.868195610e-08 -9.684764610e-03 6.774111770e-06 -1.565553730e-07 -6.797813160e-05 9.740218460e-08
1.826842000e+00 -8.427298460e-07 -6.425520780e-03 1.484887960e-06 -6.844834110e-07 -6.358598270e-03 1.386716360e-06 -1.582464350e-07 -6.692251580e-05 9.817159940e-08
1.827283000e+00 7.635530440e-06 -8.850307030e-03 -6.586674070e-06 7.793217590e-06 -8.783967920e-03 -6.684193890e-06 -1.576871460e-07 -6.633911170e-05 9.751982030e-08
1.827724000e+00 -1.225777480e-06 -1.646244780e-02 2.824010700e-06 -1.065076580e-06 -1.639594410e-02 2.724767360e-06 -1.607009080e-07 -6.650369930e-05 9.924334360e-08
1.828165000e+00 2.118669560e-05 -1.693599390e-02 -1.073948970e-05 2.134096940e-05 -1.686934910e-02 -1.083507790e-05 -1.542738080e-07 -6.664480310e-05 9.558820900e-08
1.828606000e+00 9.465365380e-06 -1.238687900e-02 -1.322371100e-06 9.617906330e-06 -1.232030320e-02 -1.417154460e-06 -1.525409460e-07 -6.657579970e-05 9.478336130e-08
1.829047000e+00 1.656286150e-06 -9.901144110e-03 2.845770260e-06 1.809835180e-06 -9.834673100e-03 2.750343720e-06 -1.535490300e-07 -6.647101170e-05 9.542653870e-08
1.829488000e+00 8.152088230e-06 -1.190423080e-02 -3.937720650e-06 8.304541030e-06 -1.183786310e-02 -4.032372170e-06 -1.524528070e-07 -6.636766300e-05 9.465152100e-08
1.829929000e+00 6.558794200e-06 -1.118666540e-02 -1.585804920e-06 6.710632770e-06 -1.112075220e-02 -1.680065980e-06 -1.518385730e-07 -6.591325640e-05 9.426105800e-08
1.830376000e+00 6.760236150e-06 -1.155975050e-02 -1.640719860e-06 6.911409510e-06 -1.149411490e-02 -1.734552690e-06 -1.511733570e-07 -6.563555820e-05 9.383282820e-08
1.830822000e+00 1.201472760e-05 -1.742448520e-02 -2.963994080e-06 1.216339260e-05 -1.735822730e-02 -3.056569250e-06 -1.486649760e-07 -6.625792900e-05 9.257517140e-08
1.831269000e+00 1.546413300e-05 -1.816251530e-02 -9.225067940e-06 1.560928340e-05 -1.809564600e-02 -9.315196910e-06 -1.451503940e-07 -6.686936240e-05 9.012897160e-08
1.831716000e+00 2.184084370e-07 -8.972755050e-03 3.954995810e-06 3.651302230e-07 -8.906687380e-03 3.863754990e-06 -1.467217860e-07 -6.606766950e-05 9.124081860e-08
1.832163000e+00 3.596114310e-06 -5.846852290e-03 -2.340986550e-06 3.743504040e-06 -5.781892520e-03 -2.432233520e-06 -1.473897230e-07 -6.495976890e-05 9.124696520e-08
1.832617000e+00 3.854551580e-06 -1.334502780e-02 1.520101150e-06 4.002459640e-06 -1.327995720e-02 1.428484790e-06 -1.479080660e-07 -6.507065690e-05 9.161635860e-08
1.833070000e+00 3.739688430e-06 -1.901738730e-02 -4.186734250e-08 3.887946470e-06 -1.895142120e-02 -1.337147970e-07 -1.482580400e-07 -6.596608080e-05 9.184745430e-08
1.833524000e+00 8.991547830e-06 -1.390979670e-02 -1.261756220e-06 9.138221940e-06 -1.384386210e-02 -1.352924680e-06 -1.466741100e-07 -6.593459180e-05 9.116846740e-08
1.833977000e+00 2.186229590e-06 -4.664650430e-03 -2.613489950e-07 2.333706920e-06 -4.599942510e-03 -3.528358960e-07 -1.474773370e-07 -6.470791130e-05 9.148690130e-08
1.834431000e+00 2.637011390e-05 -7.989611400e-03 -8.012579570e-06 2.651026340e-05 -7.925549530e-03 -8.100242040e-06 -1.401494730e-07 -6.406187200e-05 8.766246770e-08
1.834891000e+00 3.489223910e-06 -1.587131890e-02 3.107089470e-06 3.629892720e-06 -1.580666020e-02 3.019028220e-06 -1.406688130e-07 -6.465868820e-05 8.806124220e-08
1.835352000e+00 5.017629200e-06 -1.670520970e-02 -7.275529890e-06 5.158428580e-06 -1.664008520e-02 -7.362879650e-06 -1.407993800e-07 -6.512450230e-05 8.734976080e-08
1.835805000e+00 -3.356864730e-06 -1.031859960e-02 1.199797320e-05 -3.213623070e-06 -1.025377400e-02 1.190858600e-05 -1.432416580e-07 -6.482559760e-05 8.938721600e-08
1.836266000e+00 2.478634500e-06 -9.032274680e-03 6.147466900e-07 2.622615100e-06 -8.967647750e-03 5.251639070e-07 -1.439806060e-07 -6.462692940e-05 8.958278260e-08
1.836727000e+00 -3.309660500e-06 -9.068173060e-03 7.184597070e-06 -3.162997750e-06 -9.004013820e-03 7.093293890e-06 -1.466627430e-07 -6.415924250e-05 9.130317900e-08
1.837188000e+00 2.898126740e-06 -6.144224080e-03 1.908093330e-06 3.045305160e-06 -6.080986450e-03 1.816490600e-06 -1.471784220e-07 -6.323762430e-05 9.160273270e-08
1.837649000e+00 2.292140540e-06 -1.039017670e-02 2.361362940e-06 2.440025980e-06 -1.032706050e-02 2.269319570e-06 -1.478854420e-07 -6.311614920e-05 9.204336310e-08
1.838110000e+00 -2.443707660e-07 -1.463081300e-02 2.136693740e-06 -9.500559180e-08 -1.456712040e-02 2.043836400e-06 -1.493651740e-07 -6.369260260e-05 9.285734000e-08
1.838571000e+00 -7.048195910e-06 -1.271791300e-02 7.871614410e-06 -6.894658040e-06 -1.265418920e-02 7.776062650e-06 -1.535378730e-07 -6.372378190e-05 9.555175990e-08
1.839032000e+00 1.348767940e-05 -1.359502940e-02 -8.751077840e-06 1.363699250e-05 -1.353160760e-02 -8.843776730e-06 -1.493131450e-07 -6.342181830e-05 9.269889050e-08
1.839493000e+00 -2.236707910e-06 -1.299229610e-02 1.188882520e-06 -2.085256540e-06 -1.292903290e-02 1.095198580e-06 -1.514513670e-07 -6.326320660e-05 9.368394220e-08
1.839963000e+00 8.434063300e-06 -1.069992120e-02 -2.192073050e-06 8.583373560e-06 -1.063679750e-02 -2.284604220e-06 -1.493102520e-07 -6.312363140e-05 9.253117240e-08
1.840433000e+00 -4.688308420e-06 -1.087604140e-02 5.472784040e-06 -4.535759430e-06 -1.081303680e-02 5.378401190e-06 -1.525489900e-07 -6.300464110e-05 9.438284350e-08
1.840903000e+00 7.161407170e-06 -1.346855790e-02 -1.150368500e-06 7.312300000e-06 -1.340567480e-02 -1.243489930e-06 -1.508928370e-07 -6.288307190e-05 9.312142570e-08
1.841373000e+00 3.417429560e-06 -1.363323810e-02 -2.747497560e-06 3.568112670e-06 -1.357053760e-02 -2.840258200e-06 -1.506831100e-07 -6.270043300e-05 9.276064000e-08
1.841844000e+00 -4.565315140e-08 -1.208817720e-02 2.073409110e-06 1.062212610e-07 -1.202560340e-02 1.979941570e-06 -1.518744130e-07 -6.257381700e-05 9.346753940e-08
1.842314000e+00 1.894555420e-06 -1.071421580e-02 -8.419727500e-07 2.046726100e-06 -1.065168420e-02 -9.353973020e-07 -1.521706740e-07 -6.253154910e-05 9.342455150e-08
1.842784000e+00 8.374621530e-07 -1.211521810e-02 -9.760791480e-07 9.902853680e-07 -1.205281500e-02 -1.069629180e-06 -1.528232150e-07 -6.240308120e-05 9.355003630e-08
1.843254000e+00 5.111036380e-06 -1.117579200e-02 -2.005958900e-06 5.263047780e-06 -1.111378990e-02 -2.098784070e-06 -1.520114030e-07 -6.200215500e-05 9.282516630e-08
1.843724000e+00 3.346480130e-06 -1.299019310e-02 2.356582600e-07 3.498153460e-06 -1.292812990e-02 1.430809260e-07 -1.516733330e-07 -6.206322500e-05 9.257733460e-08
1.844194000e+00 4.395107250e-06 -1.398357910e-02 5.664495800e-07 4.545951460e-06 -1.392103930e-02 4.743786000e-07 -1.508442070e-07 -6.253975480e-05 9.207098020e-08
1.844664000e+00 9.510508700e-07 -1.258594020e-02 1.122060010e-06 1.102246180e-06 -1.252347470e-02 1.029948660e-06 -1.511953070e-07 -6.246543740e-05 9.211134710e-08
1.845135000e+00 1.639925530e-06 -4.741327490e-03 1.124935290e-06 1.791119630e-06 -4.679886060e-03 1.032731360e-06 -1.511940990e-07 -6.144143370e-05 9.220393000e-08
1.845617000e+00 3.109863510e-06 -8.812160360e-03 1.674055150e-06 3.260384860e-06 -8.751171990e-03 1.582085880e-06 -1.505213500e-07 -6.098837180e-05 9.196927380e-08
1.846100000e+00 1.595543390e-05 -1.367252810e-02 2.785623850e-07 1.610029750e-05 -1.361108270e-02 1.896675230e-07 -1.448635720e-07 -6.144533400e-05 8.889486170e-08
1.846583000e+00 -1.254158190e-06 -1.404619340e-02 -2.856097130e-06 -1.108467870e-06 -1.398451970e-02 -2.945300280e-06 -1.456903200e-07 -6.167366960e-05 8.920315400e-08
1.847066000e+00 1.029983990e-05 -1.031869300e-02 -4.185333190e-06 1.044203190e-05 -1.025737760e-02 -4.272474220e-06 -1.421919690e-07 -6.131540510e-05 8.714103110e-08
1.847549000e+00 8.328215230e-06 -1.180416880e-02 -2.557999570e-06 8.467345170e-06 -1.174315430e-02 -2.643558210e-06 -1.391299360e-07 -6.101447590e-05 8.555864240e-08
1.848032000e+00 1.711397380e-05 -8.674431840e-03 -2.620273250e-06 1.724710810e-05 -8.613918980e-03 -2.702929820e-06 -1.331342930e-07 -6.051286430e-05 8.265656580e-08
1.848515000e+00 2.139283750e-06 -8.792111480e-03 -2.908516550e-06 2.271361740e-06 -8.732051120e-03 -2.990523710e-06 -1.320779840e-07 -6.006036250e-05 8.200716000e-08
1.848997000e+00 -6.735077830e-06 -7.956604780e-03 5.891765300e-06 -6.600384760e-06 -7.896918550e-03 5.807791970e-06 -1.346930710e-07 -5.968622530e-05 8.397332980e-08
1.849480000e+00 1.798817800e-06 -6.180393810e-03 1.314008790e-06 1.932875610e-06 -6.121153230e-03 1.230081650e-06 -1.340578070e-07 -5.924057350e-05 8.392713720e-08
1.849963000e+00 1.634559370e-06 -1.398909350e-02 4.609489590e-06 1.768007710e-06 -1.392955750e-02 4.525239430e-06 -1.334483350e-07 -5.953605970e-05 8.425015190e-08
1.850446000e+00 4.774090190e-06 -1.700030450e-02 1.326302810e-06 4.905804400e-06 -1.694027880e-02 1.242595630e-06 -1.317142030e-07 -6.002568780e-05 8.370717590e-08
1.850929000e+00 2.944375750e-06 -9.251422830e-03 6.253781360e-07 3.074763980e-06 -9.191748980e-03 5.421388740e-07 -1.303882210e-07 -5.967384210e-05 8.323926240e-08
1.851412000e+00 5.463038040e-06 -4.687131400e-03 -1.523031670e-06 5.591184700e-06 -4.628122070e-03 -1.605205520e-06 -1.281466560e-07 -5.900932780e-05 8.217385740e-08
1.851915000e+00 -2.263082310e-06 -1.058289330e-02 3.573121180e-06 -2.134311050e-06 -1.052399210e-02 3.490167750e-06 -1.287712540e-07 -5.890123850e-05 8.295343360e-08
1.852419000e+00 6.690853430e-06 -1.194311180e-02 2.013288130e-06 6.816565350e-06 -1.188417820e-02 1.931683280e-06 -1.257119180e-07 -5.893356940e-05 8.160484560e-08
1.852923000e+00 -5.445730700e-06 -8.999744400e-03 2.024558310e-06 -5.318264570e-06 -8.941121550e-03 1.941703990e-06 -1.274661330e-07 -5.862285070e-05 8.285431570e-08
1.853427000e+00 -8.545243310e-07 -5.466476790e-03 2.711996120e-06 -7.272052020e-07 -5.408424510e-03 2.628830830e-06 -1.273191290e-07 -5.805227930e-05 8.316529040e-08
1.853931000e+00 9.337052910e-07 -9.108203490e-03 2.212498550e-06 1.059988300e-06 -9.050316440e-03 2.129537000e-06 -1.262830140e-07 -5.788704960e-05 8.296154760e-08
1.854435000e+00 4.733282050e-06 -1.111648610e-02 -1.719398920e-06 4.856758250e-06 -1.105857460e-02 -1.800782430e-06 -1.234762030e-07 -5.791148230e-05 8.138350750e-08
1.854939000e+00 -7.143636810e-06 -1.049483570e-02 9.657116980e-07 -7.018295080e-06 -1.043712610e-02 8.833394560e-07 -1.253417310e-07 -5.770962060e-05 8.237224250e-08
1.855442000e+00 5.492062670e-06 -9.602425370e-03 -5.187246010e-07 5.614139040e-06 -9.545109340e-03 -5.994943240e-07 -1.220763740e-07 -5.731603060e-05 8.076972230e-08
1.855946000e+00 4.098819860e-06 -8.702878620e-03 -1.763245110e-06 4.217952380e-06 -8.645807860e-03 -1.842386020e-06 -1.191325160e-07 -5.707075970e-05 7.914090650e-08
1.856450000e+00 3.320611170e-06 -7.068460100e-03 -3.249494530e-07 3.436864870e-06 -7.011598890e-03 -4.025056240e-07 -1.162537010e-07 -5.686120580e-05 7.755617110e-08
1.856954000e+00 3.187961540e-06 -1.065822080e-02 -3.969212130e-06 3.301294180e-06 -1.060135550e-02 -4.044714270e-06 -1.133326430e-07 -5.686532300e-05 7.550213980e-08
1.857458000e+00 7.538482470e-07 -1.563669030e-02 -4.292531720e-07 8.653018280e-07 -1.557950280e-02 -5.036484230e-07 -1.114535810e-07 -5.718746190e-05 7.439525030e-08
1.857962000e+00 2.905911140e-06 -1.013296460e-02 -1.861485710e-06 3.014780550e-06 -1.007609700e-02 -1.934304150e-06 -1.088694080e-07 -5.686758490e-05 7.281843990e-08
1.858465000e+00 2.498844620e-06 -6.300834580e-03 -1.649254350e-06 2.605224180e-06 -6.244629050e-03 -1.720600110e-06 -1.063795530e-07 -5.620553130e-05 7.134575500e-08
1.858969000e+00 4.079159050e-06 -7.252797550e-03 -1.118708040e-06 4.182345620e-06 -7.196989520e-03 -1.188194400e-06 -1.031865710e-07 -5.580803500e-05 6.948636400e-08
1.859473000e+00 4.101900460e-06 -5.433212110e-03 -6.045360660e-06 4.201624100e-06 -5.377893440e-03 -6.112352540e-06 -9.972364190e-08 -5.531867230e-05 6.699187590e-08
1.859977000e+00 6.383699270e-06 -1.096291860e-02 -7.102453300e-06 6.478948010e-06 -1.090752430e-02 -7.166259360e-06 -9.524874290e-08 -5.539429620e-05 6.380605600e-08
1.860481000e+00 -2.905506520e-06 -1.676741240e-02 5.129109780e-06 -2.810623900e-06 -1.671132050e-02 5.064964620e-06 -9.488262760e-08 -5.609180510e-05 6.414516060e-08
1.860985000e+00 1.118948500e-06 -9.420508180e-03 -6.526080840e-07 1.211825760e-06 -9.364748830e-03 -7.155860780e-07 -9.287725520e-08 -5.575934600e-05 6.297799360e-08
1.861488000e+00 3.643466020e-06 -4.554846170e-03 -2.297600640e-06 3.733393080e-06 -4.500072830e-03 -2.358649140e-06 -8.992705500e-08 -5.477334550e-05 6.104849960e-08
1.861992000e+00 -1.568507660e-07 -7.515936400e-03 -1.623408140e-06 -6.838809440e-08 -7.461635660e-03 -1.683384990e-06 -8.846267120e-08 -5.430074380e-05 5.997685260e-08
1.862496000e+00 -3.962487160e-06 -6.180324010e-03 4.409626510e-06 -3.873649280e-06 -6.126541320e-03 4.349047910e-06 -8.883788780e-08 -5.378268990e-05 6.057859860e-08
1.863000000e+00 1.503361880e-06 -1.069992370e-02 -2.554011760e-06 1.590161300e-06 -1.064608300e-02 -2.613218640e-06 -8.679941910e-08 -5.384072410e-05 5.920688730e-08
1.863526000e+00 6.658077610e-08 -1.436551560e-02 8.035747860e-07 1.518852020e-07 -1.431095780e-02 7.450727260e-07 -8.530442620e-08 -5.455774620e-05 5.850205990e-08
1.864052000e+00 1.241657220e-06 -9.221201210e-03 2.239260920e-07 1.325074160e-06 -9.166853580e-03 1.664939030e-07 -8.341694010e-08 -5.434763050e-05 5.743218850e-08
1.864578000e+00 -6.213264310e-08 -4.573831500e-03 1.755763930e-06 2.004466810e-08 -4.520376740e-03 1.698940280e-06 -8.217731120e-08 -5.345476260e-05 5.682364660e-08
1.865104000e+00 2.222776960e-07 -9.814820480e-03 -4.835787550e-07 3.028248920e-07 -9.761253090e-03 -5.393540160e-07 -8.054719530e-08 -5.356739480e-05 5.577526120e-08
1.865637000e+00 -6.233793900e-07 -1.372467830e-02 1.965543440e-06 -5.441428310e-07 -1.367037870e-02 1.910340310e-06 -7.923655890e-08 -5.429959480e-05 5.520313290e-08
1.866163000e+00 4.349199090e-06 -7.688846690e-03 -4.385141580e-06 4.424946690e-06 -7.635197780e-03 -4.437948280e-06 -7.574760090e-08 -5.364891390e-05 5.280670160e-08
1.866696000e+00 3.632537630e-07 -5.438889940e-03 -4.860753190e-07 4.374732050e-07 -5.386331900e-03 -5.377571010e-07 -7.421944220e-08 -5.255803750e-05 5.168178140e-08
1.867230000e+00 -4.230762550e-06 -4.617674180e-03 4.262968610e-06 -4.156235130e-06 -4.565579440e-03 4.210772610e-06 -7.452742110e-08 -5.209474030e-05 5.219599370e-08
1.867771000e+00 -1.015455540e-06 -5.062642360e-03 2.963589620e-06 -9.419067420e-07 -5.010894050e-03 2.911741530e-06 -7.354879880e-08 -5.174830100e-05 5.184809740e-08
1.868313000e+00 5.089094530e-07 -1.262964780e-02 1.443899080e-06 5.807801000e-07 -1.257755040e-02 1.392911070e-06 -7.187064690e-08 -5.209740540e-05 5.098801740e-08
1.868854000e+00 7.023187450e-06 -1.300083490e-02 -4.716565560e-06 7.090508780e-06 -1.294843860e-02 -4.764442770e-06 -6.732133040e-08 -5.239630120e-05 4.787721600e-08
1.869395000e+00 -5.874406130e-06 -4.751889140e-03 3.972487400e-06 -5.805918220e-06 -4.700041590e-03 3.923594240e-06 -6.848791510e-08 -5.184754640e-05 4.889316540e-08
1.869937000e+00 8.070861850e-07 -4.508857050e-03 1.101752650e-06 8.740043050e-07 -4.457449890e-03 1.053763290e-06 -6.691811940e-08 -5.140716610e-05 4.798935940e-08
1.870478000e+00 1.567626150e-06 -8.141445980e-03 -1.498017630e-06 1.632653630e-06 -8.090520870e-03 -1.544482320e-06 -6.502748030e-08 -5.092510590e-05 4.646468950e-08
1.871028000e+00 4.538074490e-06 -8.233817150e-03 -6.512117220e-06 4.599774450e-06 -8.183226260e-03 -6.555731910e-06 -6.169996590e-08 -5.059088560e-05 4.361469210e-08
1.871579000e+00 7.211897140e-07 -6.806896870e-03 2.097140560e-06 7.811701310e-07 -6.756280630e-03 2.054510100e-06 -5.998041760e-08 -5.061623550e-05 4.263046800e-08
1.872129000e+00 5.916836510e-06 -7.409505920e-03 -4.098889230e-06 5.972842990e-06 -7.358984810e-03 -4.138452280e-06 -5.600647850e-08 -5.052110110e-05 3.956304930e-08
1.872679000e+00 -1.369312090e-06 -9.370709840e-03 3.985327800e-06 -1.313672890e-06 -9.320289960e-03 3.945678150e-06 -5.563920180e-08 -5.041988110e-05 3.964964740e-08
1.873230000e+00 -2.793166060e-06 -8.151009310e-03 7.440764250e-07 -2.737698410e-06 -8.100885650e-03 7.046282410e-07 -5.546765170e-08 -5.012365440e-05 3.944818400e-08
1.873780000e+00 -4.481914370e-08 -6.163875490e-03 -1.829415980e-06 9.046609180e-09 -6.114232700e-03 -1.867569450e-06 -5.386575280e-08 -4.964278040e-05 3.815347070e-08
1.874341000e+00 5.006279370e-06 -5.937520830e-03 -5.300015590e-06 5.056056250e-06 -5.888124610e-03 -5.335114410e-06 -4.977687290e-08 -4.939621940e-05 3.509882280e-08
1.874902000e+00 2.059298230e-06 -4.014679910e-03 -2.352930890e-06 2.106451670e-06 -3.965539240e-03 -2.386075230e-06 -4.715343410e-08 -4.914067510e-05 3.314434070e-08
1.875462000e+00 -2.648231080e-06 -8.622640820e-03 2.298757810e-06 -2.601809170e-06 -8.573850990e-03 2.265743540e-06 -4.642190530e-08 -4.878982240e-05 3.301427020e-08
1.876023000e+00 -2.002463830e-06 -8.135207200e-03 1.374848350e-06 -1.956958750e-06 -8.086781070e-03 1.342190430e-06 -4.550508050e-08 -4.842612990e-05 3.265792240e-08
1.876596000e+00 1.377236770e-06 -4.114190780e-03 -1.237612780e-06 1.420114100e-06 -4.066025920e-03 -1.268398410e-06 -4.287733020e-08 -4.816485520e-05 3.078563220e-08
1.877168000e+00 1.750765310e-06 -5.886239790e-03 -3.984895450e-06 1.790823530e-06 -5.838300170e-03 -4.013395460e-06 -4.005822700e-08 -4.793962250e-05 2.850001720e-08
1.877740000e+00 -9.691331440e-06 -6.252141710e-03 1.591163270e-06 -9.649124620e-06 -6.204630930e-03 1.561531380e-06 -4.220682500e-08 -4.751078230e-05 2.963188930e-08
1.878313000e+00 1.093846810e-05 -6.224336510e-03 -7.870372740e-06 1.097370600e-05 -6.177063880e-03 -7.894832680e-06 -3.523789730e-08 -4.727262150e-05 2.445994100e-08
1.878885000e+00 2.700759000e-06 -7.278633820e-03 -2.927180630e-06 2.732748960e-06 -7.231479000e-03 -2.949063380e-06 -3.198996200e-08 -4.715482060e-05 2.188274870e-08
1.879471000e+00 5.100888130e-07 -6.130250620e-03 -1.242753480e-06 5.397979850e-07 -6.083506810e-03 -1.262690190e-06 -2.970917170e-08 -4.674381000e-05 1.993671130e-08
1.880057000e+00 -4.238807840e-06 -5.656939360e-03 1.526873070e-06 -4.209222830e-06 -5.610593470e-03 1.507455220e-06 -2.958500420e-08 -4.634588830e-05 1.941784590e-08
1.880643000e+00 -1.421370010e-06 -8.794887790e-03 1.490979140e-06 -1.393080760e-06 -8.748137220e-03 1.472643980e-06 -2.828925230e-08 -4.675056170e-05 1.833516200e-08
1.881230000e+00 -1.209064670e-07 -6.938847880e-03 -1.321364300e-06 -9.467958810e-08 -6.892207940e-03 -1.337966790e-06 -2.622687920e-08 -4.663993890e-05 1.660248900e-08
1.881816000e+00 1.504564280e-06 -4.435688710e-03 -1.481587860e-06 1.528067010e-06 -4.390152400e-03 -1.496114660e-06 -2.350273020e-08 -4.553631320e-05 1.452680030e-08
1.882418000e+00 2.853562450e-06 -7.269824060e-03 -1.159793700e-06 2.873445540e-06 -7.224289120e-03 -1.171534880e-06 -1.988308880e-08 -4.553493500e-05 1.174118000e-08
1.883020000e+00 1.104103900e-06 -8.967614210e-03 -1.860306130e-06 1.121137820e-06 -8.921682830e-03 -1.869527150e-06 -1.703392580e-08 -4.593138050e-05 9.221021010e-09
1.883623000e+00 -1.787979480e-06 -1.465947750e-03 -2.622563150e-08 -1.772101910e-06 -1.421038330e-03 -3.397989220e-08 -1.587756940e-08 -4.490941970e-05 7.754260670e-09
1.884225000e+00 2.792584990e-06 -4.023073400e-03 -4.118527140e-06 2.805181620e-06 -3.978720980e-03 -4.123069180e-06 -1.259662650e-08 -4.435242720e-05 4.542048130e-09
1.884827000e+00 -2.602027330e-06 -1.104201200e-02 1.730477110e-06 -2.590226800e-06 -1.099707660e-02 1.727090090e-06 -1.180052490e-08 -4.493541410e-05 3.387021690e-09
1.885430000e+00 -1.409351020e-06 -7.557715440e-03 -5.815082770e-07 -1.398907530e-06 -7.512977750e-03 -5.831555630e-07 -1.044348730e-08 -4.473768750e-05 1.647285860e-09
1.886032000e+00 -7.867921420e-07 -5.598300500e-03 -1.190789490e-06 -7.777564590e-07 -5.554038390e-03 -1.190587280e-06 -9.035682540e-09 -4.426211410e-05 -2.022162590e-10
1.886634000e+00 -7.210352090e-07 -2.023893340e-03 -9.869547280e-07 -7.132077730e-07 -1.980341560e-03 -9.851864780e-07 -7.827435350e-09 -4.355177700e-05 -1.768250100e-09
1.887259000e+00 -4.500349780e-07 -2.750645560e-03 -1.010190600e-06 -4.437313630e-07 -2.707629310e-03 -1.006589290e-06 -6.303615000e-09 -4.301625100e-05 -3.601307300e-09
1.887884000e+00 -1.400377410e-06 -8.976751420e-03 5.669784510e-07 -1.395209190e-06 -8.933525910e-03 5.719800050e-07 -5.168227650e-09 -4.322550400e-05 -5.001554150e-09
1.888508000e+00 1.250028460e-07 -5.028369660e-03 -1.318973180e-06 1.281687680e-07 -4.985368260e-03 -1.311727070e-06 -3.165922200e-09 -4.300140070e-05 -7.246114460e-09
1.889133000e+00 2.166394020e-06 -3.141654780e-03 -3.524180480e-06 2.166347610e-06 -3.098912790e-03 -3.513670760e-06 4.640282500e-11 -4.274199110e-05 -1.050972270e-08
1.889758000e+00 1.197517870e-06 -7.191014580e-03 -2.505308500e-06 1.195086940e-06 -7.148679880e-03 -2.492302010e-06 2.430932300e-09 -4.233470130e-05 -1.300648760e-08
1.890382000e+00 3.759120260e-06 -5.022551910e-03 -4.423343610e-06 3.752776320e-06 -4.980635950e-03 -4.406594770e-06 6.343935080e-09 -4.191596660e-05 -1.674883650e-08
1.891038000e+00 -8.706058190e-07 -1.977069940e-03 6.792229410e-07 -8.782951080e-07 -1.935404220e-03 6.975752230e-07 7.689288790e-09 -4.166572310e-05 -1.835228140e-08
1.891694000e+00 7.295672310e-08 -5.920313600e-03 -1.606552070e-06 6.324370000e-08 -5.879082520e-03 -1.586128860e-06 9.713023120e-09 -4.123107630e-05 -2.042320540e-08
1.892350000e+00 -2.227042930e-06 -7.066635200e-03 -2.893572040e-06 -2.237655550e-06 -7.025723180e-03 -2.871658130e-06 1.061261810e-08 -4.091201620e-05 -2.191391140e-08
1.893006000e+00 7.219278440e-06 -6.316541290e-03 -2.438719400e-06 7.203612650e-06 -6.275244390e-03 -2.412670370e-06 1.566579200e-08 -4.129690320e-05 -2.604903100e-08
1.893662000e+00 -5.498190680e-06 -2.091630440e-03 -2.353942560e-06 -5.512751930e-06 -2.051118910e-03 -2.327514660e-06 1.456125250e-08 -4.051153230e-05 -2.642789150e-08
1.894318000e+00 6.958758010e-07 -1.344382890e-03 -2.805356670e-06 6.795253060e-07 -1.304761130e-03 -2.776705360e-06 1.635049580e-08 -3.962175980e-05 -2.865130720e-08
1.894973000e+00 -3.389493160e-06 -6.805628250e-03 1.499963250e-06 -3.405593620e-06 -6.766135360e-03 1.528510630e-06 1.610046770e-08 -3.949289240e-05 -2.854737300e-08
1.895629000e+00 -2.266053440e-06 -4.899233140e-03 2.922670250e-07 -2.282140080e-06 -4.859901000e-03 3.211663590e-07 1.608663080e-08 -3.933214420e-05 -2.889933370e-08
1.896285000e+00 1.831432560e-06 -3.392173030e-03 -3.021796250e-06 1.813275710e-06 -3.352942500e-03 -2.990723240e-06 1.815684230e-08 -3.923052660e-05 -3.107301250e-08
1.896941000e+00 6.376407900e-07 -3.430638050e-03 -1.251893330e-06 6.179980770e-07 -3.391753480e-03 -1.219304360e-06 1.964271300e-08 -3.888456710e-05 -3.258897110e-08
1.897670000e+00 -2.434696440e-06 -2.646274990e-03 1.698192800e-07 -2.454189570e-06 -2.607915630e-03 2.026145150e-07 1.949313830e-08 -3.835936540e-05 -3.279523490e-08
1.898399000e+00 -7.878667380e-07 -2.347305080e-03 -7.979357070e-07 -8.080138910e-07 -2.309587160e-03 -7.641950180e-07 2.014715240e-08 -3.771791990e-05 -3.374068880e-08
1.899127000e+00 -1.812218810e-07 -3.708080780e-03 -1.025054020e-06 -2.021428220e-07 -3.670646820e-03 -9.902493550e-07 2.092094160e-08 -3.743396840e-05 -3.480466400e-08
1.899856000e+00 -7.162626520e-07 -2.720978680e-03 -1.729586860e-08 -7.374492050e-07 -2.684094200e-03 1.816498740e-08 2.118655300e-08 -3.688448110e-05 -3.546085600e-08
1.900585000e+00 6.362694150e-07 -2.834405350e-03 -2.684066560e-06 6.140915200e-07 -2.798002010e-03 -2.647032420e-06 2.217789510e-08 -3.640334170e-05 -3.703413320e-08
1.901314000e+00 2.607097520e-07 -3.793328660e-03 -1.932140690e-06 2.379736490e-07 -3.757206190e-03 -1.894013900e-06 2.273610260e-08 -3.612246480e-05 -3.812678160e-08
1.902042000e+00 -1.055776670e-06 -1.989819030e-03 -2.121219260e-06 -1.078165740e-06 -1.953809130e-03 -2.082600730e-06 2.238907130e-08 -3.600990080e-05 -3.861853020e-08
1.902771000e+00 6.107618170e-06 -3.987079560e-03 -5.987938200e-06 6.081560150e-06 -3.951305390e-03 -5.945758560e-06 2.605801580e-08 -3.577417230e-05 -4.217964100e-08
1.903500000e+00 9.851016220e-07 -4.448282790e-03 -2.783156710e-06 9.585887710e-07 -4.412982990e-03 -2.740022380e-06 2.651285120e-08 -3.529980130e-05 -4.313433320e-08
1.904223000e+00 -1.308940010e-06 2.554198880e-03 -9.503115340e-07 -1.334378560e-06 2.588203630e-03 -9.075117720e-07 2.543855240e-08 -3.400474920e-05 -4.279976140e-08
1.904946000e+00 2.902254770e-07 -4.570749390e-03 8.397654380e-07 2.650692900e-07 -4.536629880e-03 8.825694550e-07 2.515618740e-08 -3.411950590e-05 -4.280401740e-08
1.905670000e+00 -2.453602940e-06 -4.296156950e-03 -1.614918100e-06 -2.477212820e-06 -4.262134570e-03 -1.572646650e-06 2.360987740e-08 -3.402238080e-05 -4.227145240e-08
1.906393000e+00 -1.381091500e-06 -9.585128260e-05 -2.522980280e-06 -1.403780560e-06 -6.260652490e-05 -2.480569650e-06 2.268906460e-08 -3.324475770e-05 -4.241063740e-08
1.907102000e+00 4.076417970e-07 -2.310901860e-03 -8.876356300e-06 3.843559130e-07 -2.278025300e-03 -8.832004540e-06 2.328588390e-08 -3.287655940e-05 -4.435175940e-08
1.907812000e+00 -1.339076580e-06 -2.348987890e-03 6.696661110e-06 -1.360424740e-06 -2.316293340e-03 6.739340960e-06 2.134816760e-08 -3.269455310e-05 -4.267985400e-08
1.908522000e+00 2.118413980e-06 -2.395574600e-03 -3.772259240e-06 2.096249950e-06 -2.362934060e-03 -3.728187110e-06 2.216402220e-08 -3.264053810e-05 -4.407212660e-08
1.909231000e+00 6.115067210e-06 -4.810133090e-03 -6.526179090e-06 6.089749620e-06 -4.777809060e-03 -6.478764140e-06 2.531758720e-08 -3.232402450e-05 -4.741495360e-08
1.909941000e+00 -3.064817100e-06 3.981534430e-04 1.318654630e-06 -3.087793490e-06 4.294617020e-04 1.364177100e-06 2.297638980e-08 -3.130825890e-05 -4.552246910e-08
1.910650000e+00 9.684379640e-07 7.496380010e-05 -3.299193060e-06 9.452963600e-07 1.055215950e-04 -3.252956510e-06 2.314160420e-08 -3.055779450e-05 -4.623654380e-08
1.911345000e+00 -1.365703010e-06 -5.612769530e-03 9.575351620e-08 -1.387546230e-06 -5.581867760e-03 1.411173540e-07 2.184322290e-08 -3.090177030e-05 -4.536383770e-08
1.912040000e+00 1.256275380e-06 -1.002939370e-03 -2.698040060e-06 1.234234670e-06 -9.726140620e-04 -2.651916760e-06 2.204070360e-08 -3.032531150e-05 -4.612330060e-08
1.912735000e+00 -2.042765360e-07 -1.104798170e-03 -2.191593260e-06 -2.256825000e-07 -1.074987700e-03 -2.145373340e-06 2.140596400e-08 -2.981046760e-05 -4.621991340e-08
1.913445000e+00 1.213260640e-06 -1.691499760e-03 -2.377615340e-06 1.191930050e-06 -1.662048840e-03 -2.330875880e-06 2.133059160e-08 -2.945092180e-05 -4.673945950e-08
1.914156000e+00 1.540745350e-07 -3.986313390e-03 -1.132404870e-06 1.334345080e-07 -3.956900490e-03 -1.085980040e-06 2.064002690e-08 -2.941290110e-05 -4.642483030e-08
1.914866000e+00 -5.972422040e-07 -4.090835080e-04 -8.364473440e-08 -6.166655330e-07 -3.803012070e-04 -3.817426300e-08 1.942332890e-08 -2.878230110e-05 -4.547047140e-08
1.915577000e+00 -4.600244100e-07 2.763529150e-03 2.159366690e-08 -4.783112370e-07 2.791346960e-03 6.604503060e-08 1.828682710e-08 -2.781780670e-05 -4.445136370e-08
1.916288000e+00 -8.633865220e-07 -4.327189490e-03 6.457156220e-07 -8.803728690e-07 -4.298795990e-03 6.888987160e-07 1.698634740e-08 -2.839350000e-05 -4.318309440e-08
1.916998000e+00 -3.455153250e-07 -3.365772470e-03 -2.134538060e-07 -3.616333590e-07 -3.337629570e-03 -1.710552550e-07 1.611803350e-08 -2.814290200e-05 -4.239855090e-08
1.917709000e+00 1.276719160e-06 -1.023089120e-03 -2.415543010e-06 1.260611560e-06 -9.957612270e-04 -2.373074480e-06 1.610759580e-08 -2.732789120e-05 -4.246853120e-08
1.918419000e+00 -8.846327920e-07 5.702990590e-03 3.442073460e-07 -8.993530650e-07 5.728369560e-03 3.854145840e-07 1.472027370e-08 -2.537897300e-05 -4.120723780e-08
1.919130000e+00 1.868509040e-06 -3.664476520e-03 -3.253792550e-06 1.853502490e-06 -3.638595270e-03 -3.211965880e-06 1.500655100e-08 -2.588125470e-05 -4.182667300e-08
1.919840000e+00 -2.951922260e-06 -2.529513670e-03 1.851209500e-06 -2.964578490e-06 -2.503541870e-03 1.890640670e-06 1.265623580e-08 -2.597179620e-05 -3.943117020e-08
1.920551000e+00 2.175680610e-06 1.592560580e-03 -2.049006270e-06 2.162463940e-06 1.617671520e-03 -2.009425860e-06 1.321666670e-08 -2.511093830e-05 -3.958041800e-08
1.921262000e+00 -2.882678140e-06 2.414761540e-04 -1.063415720e-06 -2.893984340e-06 2.660891390e-04 -1.025538910e-06 1.130619790e-08 -2.461298500e-05 -3.787680510e-08
1.921972000e+00 2.608370880e-07 -8.896078430e-04 -1.416350360e-06 2.496662580e-07 -8.653364470e-04 -1.378876600e-06 1.117082950e-08 -2.427139590e-05 -3.747376840e-08
1.922683000e+00 -2.725625210e-06 -1.716783540e-03 2.737947860e-06 -2.734893160e-06 -1.692801490e-03 2.773200310e-06 9.267946730e-09 -2.398204990e-05 -3.525244590e-08
1.923393000e+00 1.032888340e-06 9.730316000e-04 -4.473450560e-06 1.023062250e-06 9.964907430e-04 -4.437474750e-06 9.826091500e-09 -2.345914350e-05 -3.597581500e-08
1.924104000e+00 2.682091470e-06 2.603310530e-03 -3.879322990e-06 2.670829870e-06 2.625628280e-03 -3.842096350e-06 1.126159850e-08 -2.231774640e-05 -3.722663910e-08
1.924790000e+00 -2.025196530e-06 2.046839790e-03 1.262309640e-07 -2.035005520e-06 2.068232760e-03 1.618819280e-07 9.808996470e-09 -2.139296090e-05 -3.565096370e-08
1.925476000e+00 2.219575320e-07 -2.679447590e-04 -1.879355450e-06 2.123609460e-07 -2.462978040e-04 -1.844085670e-06 9.596585940e-09 -2.164695490e-05 -3.526977610e-08
1.926162000e+00 -2.254066080e-06 -4.932703530e-04 1.847870110e-06 -2.261941450e-06 -4.722851810e-04 1.880972090e-06 7.875378730e-09 -2.098517220e-05 -3.310198710e-08
1.926848000e+00 2.664592040e-06 5.001419740e-04 -6.440358240e-06 2.655332390e-06 5.205328560e-04 -6.405737550e-06 9.259649480e-09 -2.039088270e-05 -3.462068420e-08
1.927534000e+00 1.705688270e-06 8.053538030e-04 -2.602657800e-06 1.696123080e-06 8.257949970e-04 -2.567866630e-06 9.565194350e-09 -2.044119400e-05 -3.479117800e-08
1.928220000e+00 -7.750230390e-07 6.844005480e-04 -1.179537030e-06 -7.837336260e-07 7.040009620e-04 -1.145805720e-06 8.710586820e-09 -1.960041350e-05 -3.373130230e-08
1.928906000e+00 -1.083547180e-08 5.713481330e-04 -2.186859960e-06 -1.908472230e-08 5.903530720e-04 -2.153764520e-06 8.249250450e-09 -1.900493830e-05 -3.309544370e-08
1.929592000e+00 -2.555351520e-07 4.496131710e-04 -1.949148550e-06 -2.631040280e-07 4.686916110e-04 -1.917073540e-06 7.568876500e-09 -1.907843970e-05 -3.207501420e-08
1.930247000e+00 1.523531110e-07 4.428911950e-03 -2.489675850e-06 1.450356980e-07 4.446695410e-03 -2.458283140e-06 7.317412970e-09 -1.778345480e-05 -3.139270760e-08
1.930902000e+00 2.583135080e-07 2.466341320e-03 -1.943834810e-06 2.511799670e-07 2.483311210e-03 -1.913146540e-06 7.133540800e-09 -1.696988730e-05 -3.068827110e-08
1.931557000e+00 -1.681761940e-06 -1.763603920e-03 -5.070272410e-07 -1.687692080e-06 -1.746536820e-03 -4.779776380e-07 5.930133770e-09 -1.706710490e-05 -2.904960330e-08
1.932212000e+00 1.507760610e-06 1.577875060e-03 -3.671415570e-06 1.501572330e-06 1.594275970e-03 -3.642539470e-06 6.188278310e-09 -1.640090910e-05 -2.887609820e-08
1.932867000e+00 -3.007538400e-07 2.532752680e-03 -1.348032910e-06 -3.063035950e-07 2.548472730e-03 -1.320309040e-06 5.549754800e-09 -1.572005070e-05 -2.772386740e-08
1.933522000e+00 -1.463124570e-07 2.145354860e-03 -8.727491220e-07 -1.512626080e-07 2.160530060e-03 -8.462730190e-07 4.950150850e-09 -1.517519910e-05 -2.647610350e-08
1.934177000e+00 2.791349370e-06 -9.855098700e-05 -5.779617490e-06 2.785105720e-06 -8.365505180e-05 -5.752348310e-06 6.243649790e-09 -1.489593520e-05 -2.726917290e-08
1.934832000e+00 2.822112230e-06 2.904107900e-04 1.067326540e-06 2.815308960e-06 3.049894060e-04 1.093943620e-06 6.803279780e-09 -1.457861510e-05 -2.661707710e-08
1.935486000e+00 -1.926206480e-06 2.939863330e-03 -5.357145910e-06 -1.932074660e-06 2.953790140e-03 -5.331561360e-06 5.868176910e-09 -1.392680810e-05 -2.558455570e-08
1.936141000e+00 -5.883048280e-07 3.085396710e-03 -1.456207010e-06 -5.935798250e-07 3.098621290e-03 -1.431941240e-06 5.274997370e-09 -1.322458480e-05 -2.426577020e-08
1.936796000e+00 -6.789869280e-09 3.384420440e-03 -2.214040140e-06 -1.188013970e-08 3.396955310e-03 -2.190703670e-06 5.090270390e-09 -1.253486330e-05 -2.333647240e-08
1.937451000e+00 -5.267616140e-07 -7.197737250e-04 -2.885107150e-06 -5.314827790e-07 -7.072549420e-04 -2.862717800e-06 4.721165190e-09 -1.251878300e-05 -2.238934860e-08
1.938106000e+00 1.800561160e-06 6.194932860e-04 -6.931871190e-06 1.794816970e-06 6.314681330e-04 -6.908640290e-06 5.744189200e-09 -1.197484750e-05 -2.323089660e-08
1.938761000e+00 1.414559800e-06 1.573262010e-03 -3.218678970e-07 1.408646700e-06 1.584340090e-03 -2.994657040e-07 5.913096350e-09 -1.107808370e-05 -2.240219310e-08
1.939416000e+00 -3.910437360e-07 5.836814180e-03 -1.824377270e-06 -3.965177220e-07 5.847282400e-03 -1.802883900e-06 5.473985720e-09 -1.046822160e-05 -2.149336610e-08
1.940071000e+00 2.529857770e-06 2.687635070e-03 -3.543587090e-06 2.523318400e-06 2.697647050e-03 -3.521600650e-06 6.539373700e-09 -1.001198060e-05 -2.198644250e-08
1.940726000e+00 -7.297801040e-07 -2.148030510e-03 -2.106012390e-06 -7.361327540e-07 -2.138351350e-03 -2.084679640e-06 6.352649490e-09 -9.679153820e-06 -2.133275590e-08
1.941380000e+00 4.110120710e-07 5.554046570e-03 -2.403228730e-06 4.045542440e-07 5.563077240e-03 -2.382303810e-06 6.457826600e-09 -9.030667430e-06 -2.092491800e-08
1.942035000e+00 -2.702172430e-06 4.492421330e-03 -3.801232590e-08 -2.707544270e-06 4.500815790e-03 -1.889534730e-08 5.371836550e-09 -8.394459080e-06 -1.911697860e-08
1.942690000e+00 4.011945520e-07 2.286636220e-03 -2.560497580e-06 3.953355130e-07 2.294154260e-03 -2.541822660e-06 5.859039240e-09 -7.518039110e-06 -1.867491340e-08
1.943345000e+00 -2.019551590e-07 8.819916080e-04 -1.908105220e-06 -2.078051200e-07 8.892645340e-04 -1.890146470e-06 5.849960480e-09 -7.272926060e-06 -1.795874420e-08
1.944000000e+00 -3.207680140e-07 1.747647200e-03 -1.702961240e-06 -3.264236330e-07 1.754569050e-03 -1.685800760e-06 5.655619100e-09 -6.921851830e-06 -1.716048080e-08
1.944623000e+00 -4.043528330e-07 4.961607390e-03 -2.471735900e-06 -4.098310350e-07 4.967661890e-03 -2.455215490e-06 5.478202420e-09 -6.054494560e-06 -1.652041460e-08
1.945237000e+00 -1.666069150e-06 4.319117660e-03 -2.473689570e-06 -1.670921540e-06 4.324555640e-03 -2.458147740e-06 4.852394610e-09 -5.437986440e-06 -1.554183700e-08
1.945850000e+00 7.128977760e-07 3.644367640e-03 -1.985237420e-06 7.077587330e-07 3.649258140e-03 -1.969929080e-06 5.139042980e-09 -4.890499680e-06 -1.530834240e-08
1.946464000e+00 1.108443760e-06 1.464460610e-03 -3.803391030e-06 1.102608310e-06 1.469110680e-03 -3.787602980e-06 5.835455320e-09 -4.650075090e-06 -1.578804810e-08
1.947077000e+00 1.955880420e-06 1.535512310e-03 -5.452691470e-06 1.948917470e-06 1.539861140e-03 -5.435637320e-06 6.962949570e-09 -4.348836330e-06 -1.705415480e-08
1.947691000e+00 -5.029427100e-06 2.449015540e-04 2.648096300e-06 -5.034117770e-06 2.491438320e-04 2.662401150e-06 4.690670250e-09 -4.242277780e-06 -1.430485770e-08
1.948304000e+00 -1.334891970e-06 6.722626750e-03 -2.653754760e-06 -1.339208570e-06 6.725826640e-03 -2.639986700e-06 4.316605990e-09 -3.199895620e-06 -1.376806590e-08
1.948918000e+00 -1.537859390e-06 8.091346560e-03 -1.334190630e-06 -1.541630790e-06 8.093441200e-03 -1.321239100e-06 3.771392750e-09 -2.094641350e-06 -1.295153760e-08
1.949521000e+00 4.010368720e-07 -1.980189900e-03 -3.103432070e-06 3.968686050e-07 -1.978182630e-03 -3.090158670e-06 4.168266910e-09 -2.007271280e-06 -1.327340790e-08
1.950134000e+00 -7.306517390e-06 4.286635030e-04 5.958037660e-06 -7.306985260e-06 4.304047740e-04 5.967002910e-06 4.678733580e-10 -1.741271570e-06 -8.965251610e-09
1.950748000e+00 2.368797470e-06 4.122437590e-03 -7.259408260e-06 2.366804490e-06 4.123996820e-03 -7.248513620e-06 1.992975000e-09 -1.559232270e-06 -1.089464320e-08
1.951362000e+00 -4.557590940e-07 5.571530770e-03 -2.717946310e-06 -4.573486420e-07 5.572108180e-03 -2.707197850e-06 1.589547680e-09 -5.774089000e-07 -1.074845970e-08
1.951975000e+00 -1.474987720e-06 5.949201450e-03 -1.329138070e-06 -1.475550380e-06 5.948729540e-03 -1.319255130e-06 5.626611160e-10 4.719101060e-07 -9.882938080e-09
1.952589000e+00 -1.167085840e-06 2.254552210e-03 -1.744410460e-06 -1.166981220e-06 2.253926950e-03 -1.735098630e-06 -1.046156720e-10 6.252646850e-07 -9.311828620e-09
1.953203000e+00 -1.077808810e-06 4.008147770e-03 -2.074623400e-06 -1.077129730e-06 4.007043180e-03 -2.065667270e-06 -6.790817220e-10 1.104584560e-06 -8.956125000e-09
1.953816000e+00 -1.095108630e-06 6.126748160e-03 -2.236002390e-06 -1.093838030e-06 6.124921250e-03 -2.227307710e-06 -1.270599170e-09 1.826911880e-06 -8.694681440e-09
1.954430000e+00 -6.040070260e-07 2.974123190e-03 -2.691471490e-06 -6.024472940e-07 2.971991400e-03 -2.682639890e-06 -1.559731640e-09 2.131788550e-06 -8.831597320e-09
1.955044000e+00 -7.604338570e-07 3.016015200e-03 -2.843127520e-06 -7.585578560e-07 3.013532230e-03 -2.834161150e-06 -1.876001400e-09 2.482964020e-06 -8.966366180e-09
1.955657000e+00 -1.442251050e-06 5.927821410e-03 -1.127251940e-06 -1.439595970e-06 5.924623370e-03 -1.118831980e-06 -2.655073380e-09 3.198037970e-06 -8.419955430e-09
1.956258000e+00 -1.686523620e-06 4.179364550e-03 -3.976790840e-07 -1.683017640e-06 4.175735110e-03 -3.899320540e-07 -3.505971190e-09 3.629438450e-06 -7.747030510e-09
1.956859000e+00 -6.297963010e-07 2.592596760e-03 -1.988547240e-06 -6.260160760e-07 2.588738620e-03 -1.980803320e-06 -3.780224900e-09 3.858143120e-06 -7.743922020e-09
1.957473000e+00 -1.160663990e-06 5.397585230e-03 -1.842275100e-06 -1.156311590e-06 5.393108560e-03 -1.834702970e-06 -4.352400690e-09 4.476666200e-06 -7.572123790e-09
1.958074000e+00 -2.320220580e-06 5.856465640e-03 -1.060507160e-06 -2.314853480e-06 5.851333830e-03 -1.053507920e-06 -5.367108470e-09 5.131818530e-06 -6.999244000e-09
1.958675000e+00 -1.038488610e-06 3.931628620e-03 -1.795098890e-06 -1.032708240e-06 3.925715960e-03 -1.788094800e-06 -5.780367220e-09 5.912659060e-06 -7.004081220e-09
1.959275000e+00 -1.226813030e-06 4.525028950e-03 -1.740192560e-06 -1.220466420e-06 4.518670940e-03 -1.733291550e-06 -6.346612920e-09 6.358007230e-06 -6.901017290e-09
1.959876000e+00 -1.127559150e-06 4.789724230e-03 -1.957348310e-06 -1.120723020e-06 4.783360870e-03 -1.950428210e-06 -6.836130240e-09 6.363360600e-06 -6.920104920e-09
1.960476000e+00 -1.309463320e-06 4.526666270e-03 -1.847411600e-06 -1.302166720e-06 4.519616230e-03 -1.840496140e-06 -7.296606100e-09 7.050043460e-06 -6.915454750e-09
1.961077000e+00 -1.205718220e-06 4.295107720e-03 -2.153266800e-06 -1.197990160e-06 4.287319780e-03 -2.146352730e-06 -7.728064640e-09 7.787938910e-06 -6.914066900e-09
1.961678000e+00 -2.767537390e-06 2.730485320e-03 -2.200174110e-06 -2.758804930e-06 2.722509830e-03 -2.193756790e-06 -8.732464000e-09 7.975484450e-06 -6.417317040e-09
1.962278000e+00 6.325702000e-07 3.928744390e-03 -1.461631200e-06 6.412539820e-07 3.920497480e-03 -1.454871250e-06 -8.683782680e-09 8.246909610e-06 -6.759955470e-09
1.962879000e+00 9.404296810e-07 5.070591930e-03 -3.909581900e-06 9.487227090e-07 5.062218080e-03 -3.901624890e-06 -8.293027770e-09 8.373840650e-06 -7.957005550e-09
1.963479000e+00 -3.030539060e-06 6.899313460e-03 1.345685390e-07 -3.020834480e-06 6.890024700e-03 1.413949480e-07 -9.704581730e-09 9.288765640e-06 -6.826408440e-09
1.964080000e+00 -2.557997130e-07 7.539332460e-03 -1.038817350e-06 -2.458780080e-07 7.528971290e-03 -1.031714070e-06 -9.921705080e-09 1.036116940e-05 -7.103281140e-09
1.964680000e+00 -3.013045920e-06 5.206066220e-03 -9.805804510e-07 -3.001895710e-06 5.194919110e-03 -9.741139880e-07 -1.115021230e-08 1.114710930e-05 -6.466463100e-09
1.965281000e+00 -1.304064140e-06 3.569373880e-03 -2.233082530e-06 -1.292407820e-06 3.557862970e-03 -2.226519230e-06 -1.165632440e-08 1.151090970e-05 -6.563294490e-09
1.965882000e+00 -2.063184990e-06 1.148281440e-03 -7.345775630e-07 -2.050520770e-06 1.137248170e-03 -7.285849980e-07 -1.266422260e-08 1.103326810e-05 -5.992564540e-09
1.966482000e+00 -8.404748740e-07 5.390511840e-03 -2.267288030e-06 -8.271384720e-07 5.378964200e-03 -2.261449910e-06 -1.333640240e-08 1.154764750e-05 -5.838116470e-09
1.967083000e+00 -7.454558100e-07 7.142071760e-03 -2.797393630e-06 -7.316768200e-07 7.129769530e-03 -2.791371230e-06 -1.377899010e-08 1.230223100e-05 -6.022396770e-09
1.967663000e+00 -1.057498420e-06 4.535785930e-03 -2.000828160e-06 -1.043285420e-06 4.522815210e-03 -1.994777920e-06 -1.421299910e-08 1.297071880e-05 -6.050244350e-09
1.968265000e+00 -9.095609350e-07 4.687126900e-03 -2.148244380e-06 -8.949888360e-07 4.673622600e-03 -2.142125070e-06 -1.457209880e-08 1.350430240e-05 -6.119317070e-09
1.968866000e+00 -9.922835400e-07 6.010349900e-03 -1.755864950e-06 -9.772913550e-07 5.996772600e-03 -1.749803360e-06 -1.499218490e-08 1.357730370e-05 -6.061591830e-09
1.969445000e+00 -7.139800300e-07 5.441277520e-03 -2.039699120e-06 -6.986992260e-07 5.427213540e-03 -2.033556040e-06 -1.528080390e-08 1.406398590e-05 -6.143074570e-09
1.970024000e+00 -1.075822990e-06 4.722852180e-03 -1.239962660e-06 -1.060075440e-06 4.708097370e-03 -1.233983930e-06 -1.574755390e-08 1.475481350e-05 -5.978734170e-09
1.970603000e+00 -1.203985960e-06 6.661865810e-03 1.718690350e-07 -1.187472390e-06 6.646509110e-03 1.772432220e-07 -1.651357200e-08 1.535670210e-05 -5.374187040e-09
1.971182000e+00 -8.603931340e-07 7.005879570e-03 -1.530838920e-06 -8.434150630e-07 6.989972910e-03 -1.525601620e-06 -1.697807060e-08 1.590665860e-05 -5.237300720e-09
1.971761000e+00 -4.333805240e-07 3.253002300e-03 -2.825253610e-06 -4.162589280e-07 3.237014170e-03 -2.819740400e-06 -1.712159550e-08 1.598813470e-05 -5.513203820e-09
1.972340000e+00 -1.365734870e-06 4.697885030e-03 -8.906879050e-08 -1.347800110e-06 4.681553790e-03 -8.424373760e-08 -1.793476510e-08 1.633123580e-05 -4.825052930e-09
1.972919000e+00 -2.783291800e-06 8.195555660e-03 8.702855150e-08 -2.763907900e-06 8.178474230e-03 9.063803880e-08 -1.938390600e-08 1.708142940e-05 -3.609487230e-09
1.973498000e+00 -7.591309680e-07 5.242630410e-03 -7.952526760e-07 -7.390263300e-07 5.225253860e-03 -7.922653170e-07 -2.010463810e-08 1.737654560e-05 -2.987359270e-09
1.974077000e+00 -9.485541950e-07 3.972088100e-03 -7.507958730e-07 -9.276097650e-07 3.954566200e-03 -7.485551260e-07 -2.094443020e-08 1.752189410e-05 -2.240747800e-09
1.974656000e+00 -9.572098250e-07 4.192384300e-03 -5.631260610e-07 -9.353433620e-07 4.174650910e-03 -5.617667910e-07 -2.186646230e-08 1.773339140e-05 -1.359269900e-09
1.975235000e+00 -7.891147910e-07 4.565835890e-03 -9.993899300e-07 -7.663086920e-07 4.547823680e-03 -9.989710430e-07 -2.280609910e-08 1.801220250e-05 -4.188875950e-10
1.975814000e+00 -1.240250170e-06 9.431912310e-03 -3.370529820e-07 -1.216217810e-06 9.412673410e-03 -3.379422650e-07 -2.403235130e-08 1.923890030e-05 8.892837190e-10
1.976393000e+00 -7.110581510e-07 7.101736620e-03 -9.272115030e-07 -6.859192280e-07 7.081937920e-03 -9.292881800e-07 -2.513892350e-08 1.979869820e-05 2.076677250e-09
1.976973000e+00 -1.746507860e-06 1.867550250e-03 -8.772533540e-08 -1.719797620e-06 1.848402630e-03 -9.140513570e-08 -2.671023450e-08 1.914762040e-05 3.679800350e-09
1.977552000e+00 -8.582098770e-07 6.883498190e-03 -7.789912770e-07 -8.303811230e-07 6.863728600e-03 -7.837531700e-07 -2.782875390e-08 1.976959270e-05 4.761892550e-09
1.978131000e+00 -8.607534950e-07 9.935723890e-03 -7.022024400e-07 -8.317222310e-07 9.914741660e-03 -7.081058940e-07 -2.903126420e-08 2.098223330e-05 5.903453980e-09
1.978710000e+00 -7.776326350e-07 5.025582130e-03 -5.777738120e-07 -7.474668250e-07 5.004460980e-03 -5.847245690e-07 -3.016581000e-08 2.112114410e-05 6.950756750e-09
1.979289000e+00 -6.990502220e-07 4.787346300e-03 -5.697451080e-07 -6.678803880e-07 4.766090740e-03 -5.775555240e-07 -3.116983460e-08 2.125555760e-05 7.810416250e-09
1.979868000e+00 -6.608661250e-07 8.216479380e-03 -7.153495940e-07 -6.287126730e-07 8.194604610e-03 -7.239923860e-07 -3.215345240e-08 2.187477440e-05 8.642791410e-09
1.980447000e+00 -1.105473590e-06 7.061919700e-03 1.891270070e-07 -1.072150730e-06 7.039656060e-03 1.793734240e-07 -3.332285770e-08 2.226363710e-05 9.753582590e-09
1.981026000e+00 -3.242303410e-07 4.768892610e-03 -7.479722200e-07 -2.900944380e-07 4.746532090e-03 -7.585768990e-07 -3.413590280e-08 2.236051910e-05 1.060467880e-08
1.981605000e+00 -6.505355740e-07 5.243562150e-03 -3.821738480e-07 -6.154099220e-07 5.221013800e-03 -3.939540950e-07 -3.512565200e-08 2.254834780e-05 1.178024710e-08
1.982184000e+00 -7.676384980e-07 4.896864020e-03 -1.306255680e-07 -7.316133000e-07 4.874166350e-03 -1.436328740e-07 -3.602519770e-08 2.269766830e-05 1.300730660e-08
1.982763000e+00 -8.730449050e-07 8.049581890e-03 3.790917650e-08 -8.362285640e-07 8.026355110e-03 2.373069520e-08 -3.681634100e-08 2.322678860e-05 1.417848130e-08
1.983342000e+00 -7.076812930e-07 8.307796870e-03 -2.766047820e-07 -6.702640370e-07 8.284050790e-03 -2.917181740e-07 -3.741725660e-08 2.374608530e-05 1.511339160e-08
1.983921000e+00 -8.756446770e-07 6.825889510e-03 3.653729270e-07 -8.375810430e-07 6.801390920e-03 3.492306000e-07 -3.806363360e-08 2.449859180e-05 1.614232690e-08
1.984500000e+00 -8.298035950e-07 5.811982720e-03 -8.555675680e-09 -7.910686700e-07 5.787398450e-03 -2.575208490e-08 -3.873492550e-08 2.458427580e-05 1.719640920e-08
1.985055000e+00 -7.680265550e-07 4.261740030e-03 -1.323428610e-07 -7.286097870e-07 4.238056040e-03 -1.506015480e-07 -3.941676770e-08 2.368399640e-05 1.825868720e-08
1.985602000e+00 -7.114578300e-07 2.009666050e-03 -1.742120600e-07 -6.715059700e-07 1.987283020e-03 -1.933818170e-07 -3.995186020e-08 2.238302840e-05 1.916975770e-08
1.986149000e+00 -6.631755710e-07 -1.299972830e-04 -2.038961790e-07 -6.225634090e-07 -1.505774410e-04 -2.240568900e-07 -4.061216210e-08 2.058015760e-05 2.016071150e-08
1.986696000e+00 -6.692975890e-07 1.560072700e-03 -2.150896560e-07 -6.280380840e-07 1.540640250e-03 -2.361349910e-07 -4.125950520e-08 1.943245280e-05 2.104533470e-08
1.987244000e+00 -5.283452350e-07 2.083358710e-03 -5.852822680e-07 -4.865903070e-07 2.064890710e-03 -6.070051750e-07 -4.175492780e-08 1.846800390e-05 2.172290720e-08
1.987783000e+00 -6.837274570e-07 9.805364900e-04 -2.047764930e-07 -6.413847900e-07 9.634636860e-04 -2.272855180e-07 -4.234266660e-08 1.707280470e-05 2.250902550e-08
1.988322000e+00 3.124367520e-07 8.299963130e-04 -1.067540340e-07 3.550672630e-07 8.143117590e-04 -1.298748620e-07 -4.263051110e-08 1.568455420e-05 2.312082760e-08
1.988862000e+00 -2.320574740e-07 2.602640330e-04 -3.164444230e-07 -1.889834370e-07 2.459956030e-04 -3.402645310e-07 -4.307403730e-08 1.426843010e-05 2.382010800e-08
1.989401000e+00 4.618455600e-08 5.736177410e-04 -1.691636590e-06 8.939451790e-08 5.606465830e-04 -1.715642980e-06 -4.320996190e-08 1.297115730e-05 2.400638950e-08
1.989940000e+00 -1.115108580e-06 6.275815380e-03 -1.138617170e-06 -1.071309480e-06 6.263148710e-03 -1.163184450e-06 -4.379909590e-08 1.266666510e-05 2.456728180e-08
1.990472000e+00 -5.995734310e-07 3.684646490e-03 -1.920623440e-07 -5.553254480e-07 3.672866720e-03 -2.172046840e-07 -4.424798270e-08 1.177977170e-05 2.514233990e-08
1.991003000e+00 -5.136806640e-07 -5.172272800e-03 -4.410370740e-08 -4.691491600e-07 -5.181601090e-03 -6.972376030e-08 -4.453150420e-08 9.328294390e-06 2.562005290e-08
1.991534000e+00 -7.066356070e-07 -1.708831500e-03 8.423942390e-07 -6.615869710e-07 -1.716620690e-03 8.159590780e-07 -4.504863680e-08 7.789193810e-06 2.643516010e-08
1.992065000e+00 -7.199772700e-07 3.111703340e-03 1.723230160e-07 -6.744896730e-07 3.104465640e-03 1.451855410e-07 -4.548759750e-08 7.237707040e-06 2.713747520e-08
1.992596000e+00 -5.010042250e-07 2.208368670e-03 -2.913089290e-07 -4.552982910e-07 2.201960990e-03 -3.188946020e-07 -4.570593480e-08 6.407680380e-06 2.758567310e-08
1.993128000e+00 -8.054157260e-07 2.724206290e-03 2.027671540e-07 -7.594615260e-07 2.718453860e-03 1.746298470e-07 -4.595420070e-08 5.752430460e-06 2.813730690e-08
1.993659000e+00 -1.023570730e-06 1.121411330e-03 7.931974670e-08 -9.774076540e-07 1.116892550e-03 5.072362430e-08 -4.616307790e-08 4.518776180e-06 2.859612240e-08
1.994190000e+00 -9.980425390e-07 -7.799012520e-04 3.669968570e-07 -9.518383200e-07 -7.825797810e-04 3.380656000e-07 -4.620421890e-08 2.678528810e-06 2.893125630e-08
1.994721000e+00 -8.630407170e-07 1.528786480e-03 1.622435010e-07 -8.170931110e-07 1.527065580e-03 1.333263220e-07 -4.594760670e-08 1.720900450e-06 2.891717860e-08
1.995253000e+00 -1.085987230e-07 2.305848490e-03 -8.110914950e-07 -6.334847070e-08 2.304724360e-03 -8.394823700e-07 -4.525025230e-08 1.124130650e-06 2.839087530e-08
1.995784000e+00 -9.767498900e-07 3.683962520e-03 -1.944799230e-07 -9.318534210e-07 3.683647120e-03 -2.227056520e-07 -4.489646930e-08 3.154005770e-07 2.822572910e-08
1.996315000e+00 4.769978040e-08 5.227690840e-03 -1.080370250e-06 9.173041340e-08 5.228184310e-03 -1.107854710e-06 -4.403063300e-08 -4.934779380e-07 2.748445710e-08
1.996836000e+00 -2.409502560e-06 1.079457720e-04 2.867976210e-06 -2.365613210e-06 1.095205760e-04 2.840303500e-06 -4.388935780e-08 -1.574803730e-06 2.767271020e-08
1.997368000e+00 -1.515919430e-06 -1.535580120e-03 1.127513300e-06 -1.472657420e-06 -1.532904880e-03 1.100284690e-06 -4.326201370e-08 -2.675239950e-06 2.722860880e-08
1.997899000e+00 -1.153100260e-06 4.425243670e-03 3.511403220e-07 -1.110610210e-06 4.428619620e-03 3.246132760e-07 -4.249004680e-08 -3.375943020e-06 2.652704610e-08
1.998431000e+00 -8.868355550e-07 4.891784980e-03 1.672686070e-07 -8.453863570e-07 4.895904200e-03 1.417288830e-07 -4.144919770e-08 -4.119227300e-06 2.553972460e-08
1.998952000e+00 -1.519362270e-06 -2.296902750e-03 1.267220100e-06 -1.478918550e-06 -2.291230940e-03 1.242568930e-06 -4.044371510e-08 -5.671811630e-06 2.465117090e-08
1.999483000e+00 -1.230290710e-06 -1.893404450e-03 6.781742810e-07 -1.191255500e-06 -1.886352180e-03 6.548780380e-07 -3.903520410e-08 -7.052267200e-06 2.329624360e-08
2.000015000e+00 -9.291533140e-07 6.480444830e-03 2.913396480e-07 -8.916912610e-07 6.487606750e-03 2.696617670e-07 -3.746205350e-08 -7.161915910e-06 2.167788170e-08
2.000535000e+00 -1.182203510e-06 5.554374610e-03 4.919984540e-07 -1.146343290e-06 5.561938280e-03 4.719980320e-07 -3.586022460e-08 -7.563663500e-06 2.000042130e-08
2.001056000e+00 -1.066074070e-06 9.224782210e-04 3.543512130e-07 -1.032077340e-06 9.312390980e-04 3.362862820e-07 -3.399673160e-08 -8.760877120e-06 1.806493120e-08
2.001576000e+00 -1.248538920e-06 1.245396070e-03 7.958395680e-07 -1.216438460e-06 1.255203070e-03 7.797738300e-07 -3.210045210e-08 -9.807000610e-06 1.606573820e-08
2.002097000e+00 -1.453658070e-06 1.243385470e-03 8.547388910e-07 -1.423587620e-06 1.254240030e-03 8.407993340e-07 -3.007045530e-08 -1.085455450e-05 1.393955690e-08
2.002617000e+00 -1.316476690e-06 1.703971720e-03 7.143569060e-07 -1.288592710e-06 1.715725860e-03 7.027198370e-07 -2.788398130e-08 -1.175414440e-05 1.163706930e-08
2.003138000e+00 5.670019920e-07 2.715752170e-03 -5.129511840e-06 5.916126620e-07 2.727991920e-03 -5.137327210e-06 -2.461066930e-08 -1.223975020e-05 7.815361710e-09
2.003658000e+00 -1.341990280e-06 3.170989170e-03 1.255726560e-07 -1.319920590e-06 3.183851980e-03 1.204207180e-07 -2.206968870e-08 -1.286281060e-05 5.151937630e-09
2.004179000e+00 1.010822700e-06 5.613992730e-03 -5.586916400e-06 1.028948800e-06 5.627526190e-03 -5.587381010e-06 -1.812610280e-08 -1.353345650e-05 4.646062060e-10
2.004700000e+00 -1.139584420e-06 3.127022830e-03 1.265418630e-07 -1.124376850e-06 3.141352430e-03 1.290970260e-07 -1.520756880e-08 -1.432960080e-05 -2.555162970e-09
2.005220000e+00 -3.916953960e-06 -1.624802370e-03 6.175790550e-06 -3.903427930e-06 -1.609462650e-03 6.179479980e-06 -1.352603690e-08 -1.533972010e-05 -3.689430180e-09
2.005741000e+00 -1.779455940e-06 1.896074550e-03 8.309921240e-07 -1.768836800e-06 1.912164640e-03 8.376257160e-07 -1.061913760e-08 -1.609009380e-05 -6.633592320e-09
2.006261000e+00 -2.693886460e-06 5.678759670e-03 7.188937270e-06 -2.685256970e-06 5.695467930e-03 7.196890400e-06 -8.629497320e-09 -1.670826010e-05 -7.953126920e-09
2.006782000e+00 -1.862138640e-06 3.705960720e-03 -5.732746450e-06 -1.857112160e-06 3.723328260e-03 -5.720459690e-06 -5.026479130e-09 -1.736753520e-05 -1.228676790e-08
2.007302000e+00 -1.684792490e-06 2.589229980e-03 6.878826620e-07 -1.682848530e-06 2.607097030e-03 7.032468100e-07 -1.943960600e-09 -1.786704850e-05 -1.536414810e-08
2.007823000e+00 -1.973463040e-06 2.507044490e-03 8.388746700e-07 -1.974478770e-06 2.525701250e-03 8.572490340e-07 1.015729220e-09 -1.865676660e-05 -1.837436330e-08
2.008343000e+00 -1.726094520e-06 6.675816790e-04 1.710562070e-06 -1.730016580e-06 6.874375780e-04 1.731793590e-06 3.922057930e-09 -1.985589910e-05 -2.123151790e-08
2.008864000e+00 -2.190950790e-06 3.930964400e-03 9.852410140e-07 -2.197797960e-06 3.951320530e-03 1.009505710e-06 6.847168100e-09 -2.035612960e-05 -2.426469630e-08
2.009384000e+00 -2.102628390e-06 7.533744510e-03 7.276539340e-07 -2.112440780e-06 7.554021150e-03 7.549646480e-07 9.812399690e-09 -2.027664380e-05 -2.731071340e-08
2.009905000e+00 -2.115329490e-06 8.825865820e-04 1.009239750e-06 -2.128016220e-06 9.039217760e-04 1.039477950e-06 1.268673040e-08 -2.133519480e-05 -3.023819710e-08
2.010425000e+00 -5.676879350e-07 -3.215949600e-03 -4.624675210e-06 -5.842516540e-07 -3.192985390e-03 -4.589974670e-06 1.656371920e-08 -2.296421720e-05 -3.470053550e-08
2.010946000e+00 -1.512489160e-06 4.067085490e-03 -7.669746380e-07 -1.532225760e-06 4.090426000e-03 -7.289956760e-07 1.973660320e-08 -2.334050960e-05 -3.797896170e-08
2.011466000e+00 -5.943620700e-06 6.372699050e-03 6.291117580e-06 -5.964504370e-06 6.396106560e-03 6.329574380e-06 2.088367630e-08 -2.340750890e-05 -3.845679790e-08
2.011987000e+00 5.084384160e-06 5.854067070e-03 -1.190471240e-05 5.057425110e-06 5.877762330e-03 -1.185925740e-05 2.695904640e-08 -2.369525650e-05 -4.545498250e-08
2.012507000e+00 -8.338002550e-07 6.490846420e-03 -1.565125050e-06 -8.641705140e-07 6.514752970e-03 -1.516371430e-06 3.037025840e-08 -2.390654960e-05 -4.875361210e-08
2.013028000e+00 5.763015640e-06 2.566639800e-03 -1.943881830e-05 5.725861060e-06 2.591465760e-03 -1.938192400e-05 3.715457620e-08 -2.482596320e-05 -5.689427230e-08
2.013548000e+00 -6.163620100e-06 1.004631240e-03 1.331018720e-05 -6.201221850e-06 1.030518760e-03 1.336608370e-05 3.760174980e-08 -2.588751780e-05 -5.589641430e-08
2.014069000e+00 -1.561317480e-06 3.311959450e-03 -1.121567580e-07 -1.601681640e-06 3.338378430e-03 -5.398801320e-08 4.036415970e-08 -2.641898490e-05 -5.816874500e-08
2.014589000e+00 -8.349853590e-07 3.112748780e-03 -1.746616280e-06 -8.785733640e-07 3.139647740e-03 -1.685597560e-06 4.358800500e-08 -2.689895400e-05 -6.101871920e-08
2.015110000e+00 -8.880553470e-07 1.500257210e-03 -1.642208320e-06 -9.347294990e-07 1.528119520e-03 -1.578651450e-06 4.667415110e-08 -2.786230970e-05 -6.355686760e-08
2.015631000e+00 1.947629070e-06 1.312078370e-03 -8.110078460e-06 1.896610000e-06 1.340923240e-03 -8.041991580e-06 5.101907230e-08 -2.884487470e-05 -6.808687760e-08
2.016151000e+00 -5.103391260e-06 7.238647500e-03 4.094932720e-06 -5.155798690e-06 7.267236880e-03 4.163345860e-06 5.240743580e-08 -2.858937470e-05 -6.841313650e-08
2.016672000e+00 -2.157635720e-06 7.291909560e-03 -1.828038310e-07 -2.212643880e-06 7.320327080e-03 -1.124161970e-07 5.500816290e-08 -2.841752300e-05 -7.038763420e-08
2.017192000e+00 -1.949554480e-06 5.142184540e-03 -7.427702310e-07 -2.007241300e-06 5.171307040e-03 -6.702381910e-07 5.768681980e-08 -2.912249690e-05 -7.253204050e-08
2.017713000e+00 -1.701289810e-06 4.816823350e-03 -1.122520840e-06 -1.761766240e-06 4.846600220e-03 -1.047664280e-06 6.047642480e-08 -2.977687570e-05 -7.485656010e-08
2.018233000e+00 -1.950120600e-06 -5.593305590e-04 -6.435722060e-07 -2.013212390e-06 -5.285993380e-04 -5.666411410e-07 6.309178790e-08 -3.073122120e-05 -7.693106440e-08
2.018754000e+00 -1.854675420e-06 7.210202790e-04 -8.337462270e-07 -1.920397980e-06 7.525157900e-04 -7.546999140e-07 6.572256510e-08 -3.149551140e-05 -7.904631230e-08
2.019274000e+00 -1.310389550e-06 9.110630800e-03 -2.358450720e-06 -1.379015890e-06 9.142245630e-03 -2.276875970e-06 6.862633830e-08 -3.161483170e-05 -8.157474610e-08
2.019795000e+00 -1.266573000e-06 7.552940450e-03 -2.083390910e-06 -1.337929250e-06 7.584844860e-03 -1.999492550e-06 7.135625270e-08 -3.190440230e-05 -8.389836550e-08
2.020315000e+00 -1.885699080e-06 4.429517640e-03 -1.307905540e-06 -1.959522210e-06 4.461545960e-03 -1.221969560e-06 7.382312890e-08 -3.202831050e-05 -8.593597450e-08
2.020836000e+00 -3.995859520e-06 3.768790540e-03 -5.372196440e-07 -4.071398270e-06 3.801204590e-03 -4.499592570e-07 7.553875280e-08 -3.241405260e-05 -8.726038750e-08
2.021356000e+00 -4.797404990e-06 7.951211830e-04 4.617901260e-06 -4.874092260e-06 8.287491230e-04 4.705111040e-06 7.668726580e-08 -3.362793990e-05 -8.720977380e-08
2.021877000e+00 1.455577870e-06 3.288634760e-03 -5.547847300e-06 1.375081530e-06 3.322867030e-03 -5.457032360e-06 8.049634440e-08 -3.423226460e-05 -9.081493580e-08
2.022397000e+00 -4.396867880e-06 8.745185470e-03 -1.967882710e-07 -4.479064760e-06 8.778932750e-03 -1.049842670e-07 8.219688900e-08 -3.374727620e-05 -9.180400350e-08
2.022918000e+00 1.715887830e-06 6.638898240e-03 -5.282772700e-06 1.629814460e-06 6.672795720e-03 -5.187375740e-06 8.607336930e-08 -3.389748590e-05 -9.539695390e-08
2.023438000e+00 -2.829626420e-06 4.927700150e-03 1.134633310e-06 -2.917657320e-06 4.962452160e-03 1.231217520e-06 8.803090550e-08 -3.475201580e-05 -9.658420470e-08
2.023959000e+00 -7.091916790e-07 4.809411610e-03 -3.514188170e-06 -8.001885540e-07 4.844625860e-03 -3.415068070e-06 9.099687480e-08 -3.521424870e-05 -9.912009560e-08
2.024479000e+00 -2.432966170e-06 4.553094350e-03 -3.026014920e-07 -2.526154070e-06 4.588349310e-03 -2.019051620e-07 9.318789640e-08 -3.525496670e-05 -1.006963300e-07
2.025000000e+00 -1.794220470e-06 4.975349310e-03 -8.232005310e-07 -1.889692050e-06 5.011002330e-03 -7.209327590e-07 9.547157890e-08 -3.565302460e-05 -1.022677720e-07
2.025494000e+00 -1.461010900e-06 5.439972170e-03 -2.134026690e-06 -1.558839620e-06 5.476366170e-03 -2.029967470e-06 9.782871560e-08 -3.639399720e-05 -1.040592170e-07
2.025988000e+00 -1.400474670e-07 5.135143730e-03 -3.266043440e-06 -2.406763180e-07 5.171916600e-03 -3.159665820e-06 1.006288520e-07 -3.677287070e-05 -1.063776230e-07
2.026476000e+00 -1.902783030e-06 4.150659390e-03 -2.443663180e-06 -2.005446450e-06 4.187545300e-03 -2.335786920e-06 1.026634130e-07 -3.688591170e-05 -1.078762640e-07
2.026963000e+00 -4.525712860e-06 5.122034060e-03 5.692991090e-06 -4.628783860e-06 5.159135020e-03 5.799942880e-06 1.030709990e-07 -3.710096660e-05 -1.069517980e-07
2.027451000e+00 1.462941260e-06 6.481999790e-03 -9.397068610e-06 1.356661180e-06 6.519317600e-03 -9.286889910e-06 1.062800840e-07 -3.731780080e-05 -1.101786980e-07
2.027939000e+00 1.579205260e-06 6.132649370e-03 -7.202327320e-06 1.470017400e-06 6.170175260e-03 -7.089534500e-06 1.091878600e-07 -3.752588610e-05 -1.127928170e-07
2.028427000e+00 -1.820922670e-06 6.226600630e-03 -9.906989990e-07 -1.931545650e-06 6.264397830e-03 -8.772883560e-07 1.106229840e-07 -3.779720120e-05 -1.134106430e-07
2.028915000e+00 -9.734267360e-07 6.486583470e-03 -2.527920240e-06 -1.085798620e-06 6.524639050e-03 -2.413500910e-06 1.123718870e-07 -3.805557720e-05 -1.144193280e-07
2.029402000e+00 -1.143855730e-06 6.501583220e-03 -1.967221280e-06 -1.257845620e-06 6.539852060e-03 -1.851973860e-06 1.139898900e-07 -3.826884670e-05 -1.152474240e-07
2.029884000e+00 -8.247221670e-07 5.754408390e-03 -1.638677130e-06 -9.404375510e-07 5.792987560e-03 -1.522514720e-06 1.157153830e-07 -3.857916680e-05 -1.161624150e-07
2.030365000e+00 -1.553790840e-06 2.582655040e-03 -2.134949190e-06 -1.670977060e-06 2.621953780e-03 -2.018069740e-06 1.171862180e-07 -3.929874270e-05 -1.168794550e-07
2.030846000e+00 -2.356040930e-06 3.559877340e-03 -2.336562470e-07 -2.474185790e-06 3.599691880e-03 -1.167621840e-07 1.181448620e-07 -3.981454690e-05 -1.168940630e-07
2.031328000e+00 -2.023252670e-06 1.079152750e-02 -1.056532050e-06 -2.142575890e-06 1.083077340e-02 -9.393062280e-07 1.193232160e-07 -3.924589130e-05 -1.172258190e-07
2.031809000e+00 -1.710139650e-06 1.037485440e-02 -1.026749150e-07 -1.830350590e-06 1.041369130e-02 1.428215460e-08 1.202109370e-07 -3.883694710e-05 -1.169570700e-07
2.032290000e+00 -1.045064580e-06 2.859814710e-03 -1.201917320e-06 -1.166575500e-06 2.899408580e-03 -1.084534430e-06 1.215109170e-07 -3.959386310e-05 -1.173828880e-07
2.032772000e+00 -9.293921730e-07 2.798885860e-03 -2.768229950e-06 -1.052462240e-06 2.839238030e-03 -2.649925500e-06 1.230700690e-07 -4.035217670e-05 -1.183044500e-07
2.033253000e+00 -3.259902210e-08 7.305994460e-03 -4.154519800e-06 -1.575653690e-07 7.346242800e-03 -4.034764950e-06 1.249663470e-07 -4.024834430e-05 -1.197548500e-07
2.033734000e+00 2.105276260e-06 8.846306140e-03 -6.756719670e-06 1.977682500e-06 8.886261100e-03 -6.634623230e-06 1.275937530e-07 -3.995495350e-05 -1.220964400e-07
2.034208000e+00 8.817653570e-07 4.562548760e-03 -4.641398450e-06 7.520749830e-07 4.603004830e-03 -4.517614970e-06 1.296903740e-07 -4.045606920e-05 -1.237834860e-07
2.034682000e+00 2.273574840e-07 2.204208370e-03 -3.302269960e-06 9.582611160e-08 2.245453940e-03 -3.177122820e-06 1.315313730e-07 -4.124557100e-05 -1.251471400e-07
2.035156000e+00 -6.877655380e-10 7.117584110e-03 -2.865369300e-06 -1.342870660e-07 7.158959830e-03 -2.738508390e-06 1.335993000e-07 -4.137572810e-05 -1.268609100e-07
2.035631000e+00 -1.367039550e-07 1.011222810e-02 -2.083886790e-06 -2.717724250e-07 1.015348270e-02 -1.955965310e-06 1.350684700e-07 -4.125459550e-05 -1.279214820e-07
2.036105000e+00 -2.360983500e-07 8.311880420e-03 -2.351621670e-06 -3.726089570e-07 8.353178300e-03 -2.222692660e-06 1.365106070e-07 -4.129787820e-05 -1.289290110e-07
2.036579000e+00 -4.032121760e-07 7.921644360e-03 -1.755663160e-06 -5.412173310e-07 7.962919310e-03 -1.625734490e-06 1.380051550e-07 -4.127494610e-05 -1.299286760e-07
2.037053000e+00 -6.563426740e-07 6.795367140e-03 -1.305012460e-06 -7.957426040e-07 6.836754930e-03 -1.174160060e-06 1.393999300e-07 -4.138779660e-05 -1.308523930e-07
2.037527000e+00 -2.738168100e-07 2.762150160e-03 -9.875128720e-07 -4.146206320e-07 2.803918970e-03 -8.557899710e-07 1.408038220e-07 -4.176881380e-05 -1.317229010e-07
2.038001000e+00 -1.306135010e-06 5.321901290e-03 -3.175537620e-07 -1.448001560e-06 5.363867550e-03 -1.853014750e-07 1.418665560e-07 -4.196626190e-05 -1.322522860e-07
2.038475000e+00 -1.152355680e-06 1.023513380e-02 -1.573039260e-07 -1.295411620e-06 1.027710520e-02 -2.430110550e-08 1.430559440e-07 -4.197138470e-05 -1.330028200e-07
2.038949000e+00 -3.882238960e-07 9.356223970e-03 2.113592390e-09 -5.326917590e-07 9.398295020e-03 1.360908650e-07 1.444678630e-07 -4.207105180e-05 -1.339772730e-07
2.039424000e+00 1.670416680e-06 3.773919690e-03 -3.638220800e-06 1.523703000e-06 3.816329350e-03 -3.502104590e-06 1.467136770e-07 -4.240965870e-05 -1.361162090e-07
2.039898000e+00 -3.370054650e-07 4.282605840e-03 -4.770328880e-07 -4.853084110e-07 4.325263090e-03 -3.395785790e-07 1.483029460e-07 -4.265724450e-05 -1.374543090e-07
2.040372000e+00 -5.078498700e-06 7.597808070e-03 1.563393870e-06 -5.226937140e-06 7.640449680e-03 1.700841360e-06 1.484384410e-07 -4.264160060e-05 -1.374474940e-07
2.040846000e+00 1.967767050e-06 7.962169020e-03 -4.343174770e-06 1.816965740e-06 8.004832620e-03 -4.203188900e-06 1.508013080e-07 -4.266360240e-05 -1.399858690e-07
2.041320000e+00 -4.049830650e-08 9.855318320e-03 -1.403856450e-06 -1.928357300e-07 9.897757050e-03 -1.262365110e-06 1.523374230e-07 -4.243873260e-05 -1.414913430e-07
2.041794000e+00 6.391349060e-07 1.089476540e-02 -2.042670080e-06 4.850571120e-07 1.093683830e-02 -1.899433830e-06 1.540777950e-07 -4.207290980e-05 -1.432362490e-07
2.042268000e+00 -7.364337020e-07 7.724237930e-03 -4.262500470e-07 -8.916959320e-07 7.766592960e-03 -2.819057170e-07 1.552622300e-07 -4.235502530e-05 -1.443443300e-07
2.042742000e+00 -3.088924590e-07 6.417867200e-03 -3.727794220e-07 -4.654684390e-07 6.460883320e-03 -2.271784100e-07 1.565759800e-07 -4.301612150e-05 -1.456010120e-07
2.043207000e+00 -3.012891980e-07 6.299987030e-03 -1.249167930e-06 -4.591836930e-07 6.343161590e-03 -1.102139600e-06 1.578944960e-07 -4.317456320e-05 -1.470283290e-07
2.043671000e+00 -1.267082740e-06 5.114789430e-03 3.185489530e-06 -1.425714820e-06 5.157726250e-03 3.333008040e-06 1.586320810e-07 -4.293682200e-05 -1.475185050e-07
2.044146000e+00 1.335463810e-06 6.841458880e-03 -1.040482860e-06 1.175040310e-06 6.884417260e-03 -8.912081120e-07 1.604235010e-07 -4.295837070e-05 -1.492747440e-07
2.044620000e+00 -8.766217520e-07 1.046099620e-02 1.541929830e-08 -1.038186870e-06 1.050420340e-02 1.657376760e-07 1.615651190e-07 -4.320710400e-05 -1.503183780e-07
2.045095000e+00 1.180718700e-07 8.742759870e-03 -6.905539990e-08 -4.498030300e-08 8.786100470e-03 8.277432350e-08 1.630521730e-07 -4.334059490e-05 -1.518297230e-07
2.045559000e+00 4.993300310e-07 7.466822480e-03 -3.896277410e-06 3.344188180e-07 7.509851140e-03 -3.742156180e-06 1.649112120e-07 -4.302866320e-05 -1.541212300e-07
2.046033000e+00 1.546484650e-06 7.719120160e-03 -4.226302330e-06 1.379412640e-06 7.761947870e-03 -4.069301210e-06 1.670720090e-07 -4.282771510e-05 -1.570011160e-07
2.046508000e+00 7.550066840e-07 8.073649470e-03 -1.872043220e-06 5.860934180e-07 8.116614000e-03 -1.712679580e-06 1.689132660e-07 -4.296453070e-05 -1.593636410e-07
2.046983000e+00 1.690213370e-06 8.164969630e-03 -1.101988510e-06 1.519126390e-06 8.208011690e-03 -9.400292110e-07 1.710869780e-07 -4.304205360e-05 -1.619592990e-07
2.047458000e+00 6.781133190e-07 6.498523910e-03 6.528771290e-07 5.054452900e-07 6.541997840e-03 8.167829410e-07 1.726680290e-07 -4.347392690e-05 -1.639058130e-07
2.047933000e+00 -5.840274010e-06 5.911874630e-03 9.597506790e-06 -6.012213150e-06 5.955868460e-03 9.760621270e-06 1.719391330e-07 -4.399383270e-05 -1.631144880e-07
2.048407000e+00 1.773077590e-06 8.157944880e-03 -2.478791520e-06 1.599159810e-06 8.201769140e-03 -2.312869910e-06 1.739177750e-07 -4.382425400e-05 -1.659216120e-07
2.048882000e+00 -7.924831620e-07 8.362074310e-03 1.104815820e-06 -9.673949350e-07 8.405672450e-03 1.272402100e-06 1.749117740e-07 -4.359814790e-05 -1.675862830e-07
2.049357000e+00 -1.879391430e-06 1.015705830e-02 2.855882120e-06 -2.054763550e-06 1.020029640e-02 3.024452960e-06 1.753721220e-07 -4.323802490e-05 -1.685708370e-07
2.049832000e+00 -1.595547340e-06 1.327871490e-02 5.298537020e-06 -1.771444800e-06 1.332116870e-02 5.467982260e-06 1.758974640e-07 -4.245376940e-05 -1.694452370e-07
2.050307000e+00 -1.010121390e-06 7.503081940e-03 1.958519650e-06 -1.186788130e-06 7.545822980e-03 2.129488490e-06 1.766667360e-07 -4.274104330e-05 -1.709688470e-07
2.050781000e+00 -7.854076240e-06 1.076162960e-03 1.052286060e-05 -8.028697080e-06 1.120198510e-03 1.069192670e-05 1.746208370e-07 -4.403554400e-05 -1.690660320e-07
2.051256000e+00 -2.154918410e-06 6.833185980e-03 2.454566800e-06 -2.329765670e-06 6.877369370e-03 2.624452270e-06 1.748472610e-07 -4.418338500e-05 -1.698854610e-07
2.051731000e+00 1.529985950e-07 1.258285550e-02 -5.554472330e-07 -2.306251880e-08 1.262621560e-02 -3.833770860e-07 1.760611130e-07 -4.336012680e-05 -1.720701480e-07
2.052206000e+00 -2.305343490e-06 9.951657940e-03 3.878449080e-06 -2.481379990e-06 9.994722030e-03 4.051152870e-06 1.760364990e-07 -4.306408940e-05 -1.727037920e-07
2.052681000e+00 -1.384183880e-06 8.161918290e-03 1.549823680e-06 -1.560364820e-06 8.204943520e-03 1.723539140e-06 1.761809450e-07 -4.302522490e-05 -1.737154580e-07
2.053155000e+00 -7.174445850e-06 8.796101920e-03 2.366064000e-06 -7.348854980e-06 8.839020430e-03 2.539176800e-06 1.744091330e-07 -4.291851260e-05 -1.731128000e-07
2.053630000e+00 7.984017430e-06 1.093386390e-02 -1.538873310e-06 7.806330750e-06 1.097669070e-02 -1.361742120e-06 1.776866770e-07 -4.282679790e-05 -1.771311940e-07
2.054105000e+00 1.754613410e-07 1.044199240e-02 6.465818560e-07 -3.093139550e-09 1.048477300e-02 8.253985820e-07 1.785544800e-07 -4.278061000e-05 -1.788167260e-07
2.054580000e+00 -1.718905920e-06 6.534814330e-03 4.436741290e-06 -1.897436710e-06 6.577734010e-03 4.616214900e-06 1.785307980e-07 -4.291967830e-05 -1.794736120e-07
2.055055000e+00 -6.693654770e-08 5.428970010e-03 4.332329510e-08 -2.461232120e-07 5.472042090e-03 2.246615030e-07 1.791866640e-07 -4.307207730e-05 -1.813382080e-07
2.055529000e+00 -9.616430260e-07 9.733556880e-03 1.795746970e-06 -1.141084170e-06 9.776558440e-03 1.978475460e-06 1.794411440e-07 -4.300156380e-05 -1.827284960e-07
2.056004000e+00 -2.833195810e-06 1.085837170e-02 2.990785690e-06 -3.012172130e-06 1.090127080e-02 3.174209130e-06 1.789763140e-07 -4.289909570e-05 -1.834234400e-07
2.056479000e+00 -8.514281160e-06 9.024365870e-03 9.138288680e-06 -8.690836770e-06 9.067144490e-03 9.319561420e-06 1.765556100e-07 -4.277861780e-05 -1.812727370e-07
2.056954000e+00 8.013038820e-06 7.746928840e-03 -8.685887330e-06 7.833166560e-06 7.789711690e-03 -8.499022330e-06 1.798722580e-07 -4.278284390e-05 -1.868649980e-07
2.057428000e+00 4.448422720e-07 1.035974240e-02 3.667582580e-07 2.644033500e-07 1.040225220e-02 5.554804190e-07 1.804389220e-07 -4.250984630e-05 -1.887221610e-07
2.057903000e+00 -2.944545940e-07 1.209525530e-02 1.766379220e-06 -4.751314650e-07 1.213725060e-02 1.956539280e-06 1.806768710e-07 -4.199531810e-05 -1.901600570e-07
2.058378000e+00 -4.047582540e-06 9.029033070e-03 6.124514180e-06 -4.227089070e-06 9.070997460e-03 6.314352830e-06 1.795065280e-07 -4.196438500e-05 -1.898386420e-07
2.058853000e+00 -1.787104770e-06 4.843431040e-03 3.142930760e-06 -1.966193510e-06 4.885757750e-03 3.333364390e-06 1.790887330e-07 -4.232671620e-05 -1.904336260e-07
2.059328000e+00 -1.522962030e-06 7.204122020e-03 2.064741920e-06 -1.701836550e-06 7.246503990e-03 2.256012730e-06 1.788745220e-07 -4.238197230e-05 -1.912708050e-07
2.059802000e+00 -2.439147990e-06 1.059113890e-02 4.242961360e-06 -2.617468600e-06 1.063350030e-02 4.434585790e-06 1.783206060e-07 -4.236132020e-05 -1.916244320e-07
2.060277000e+00 9.273173510e-07 1.086087960e-02 5.598769820e-06 7.484780710e-07 1.090310180e-02 5.791689760e-06 1.788392790e-07 -4.222227150e-05 -1.929199370e-07
2.060752000e+00 -4.476229030e-06 1.352712500e-02 2.670317660e-06 -4.654134320e-06 1.356853700e-02 2.863537530e-06 1.779052950e-07 -4.141196180e-05 -1.932198680e-07
2.061227000e+00 -1.903118570e-06 1.226214020e-02 3.215368630e-06 -2.080838060e-06 1.230302700e-02 3.409458440e-06 1.777194890e-07 -4.088689420e-05 -1.940898120e-07
2.061702000e+00 -1.157453140e-06 5.873479800e-03 2.223319250e-06 -1.335204020e-06 5.914712320e-03 2.418400650e-06 1.777508830e-07 -4.123251990e-05 -1.950814000e-07
2.062176000e+00 -9.174281320e-07 4.821491560e-03 2.017086190e-06 -1.095192150e-06 4.863024150e-03 2.213110010e-06 1.777640190e-07 -4.153259520e-05 -1.960238200e-07
2.062651000e+00 -1.179636330e-06 1.105613980e-02 3.065298840e-06 -1.357404320e-06 1.109734410e-02 3.262226610e-06 1.777679810e-07 -4.120427870e-05 -1.969277710e-07
2.063126000e+00 -1.475510590e-06 1.199112990e-02 1.951962100e-07 -1.653403460e-06 1.203200260e-02 3.934409050e-07 1.778928680e-07 -4.087272830e-05 -1.982446950e-07
2.063601000e+00 -6.779128990e-07 8.033431470e-03 1.250985810e-06 -8.560605490e-07 8.074309850e-03 1.450623200e-06 1.781476500e-07 -4.087838000e-05 -1.996373890e-07
2.064076000e+00 -1.784306440e-06 7.490701900e-03 1.570699330e-06 -1.962345330e-06 7.531603440e-03 1.771300080e-06 1.780388920e-07 -4.090153350e-05 -2.006007510e-07
2.064550000e+00 -6.187422020e-07 1.061091910e-02 2.503802990e-06 -7.969550180e-07 1.065159170e-02 2.705572570e-06 1.782128150e-07 -4.067258030e-05 -2.017695770e-07
2.065025000e+00 1.391023350e-06 1.279384930e-02 4.069947160e-07 1.212086020e-06 1.283421510e-02 6.108710120e-07 1.789373370e-07 -4.036581600e-05 -2.038762970e-07
2.065500000e+00 -4.528006630e-06 1.009738360e-02 7.886761440e-06 -4.705865050e-06 1.013767340e-02 8.090019190e-06 1.778584220e-07 -4.028983480e-05 -2.032577440e-07
2.065971000e+00 -4.021908740e-06 8.314440550e-03 5.409308250e-06 -4.198822060e-06 8.354807930e-03 5.612478330e-06 1.769133270e-07 -4.036737930e-05 -2.031700760e-07
2.066447000e+00 -3.556222340e-06 9.566981910e-03 9.000040570e-06 -3.732090200e-06 9.607196300e-03 9.202566240e-06 1.758678510e-07 -4.021439120e-05 -2.025256720e-07
2.066918000e+00 -2.726191400e-07 9.950977680e-03 3.988543620e-06 -4.487456230e-07 9.990860420e-03 4.192030950e-06 1.761264830e-07 -3.988273910e-05 -2.034873250e-07
2.067389000e+00 -4.224964160e-06 9.363119560e-03 4.074312390e-06 -4.400128980e-06 9.402748570e-03 4.277721540e-06 1.751648220e-07 -3.962900780e-05 -2.034091510e-07
2.067860000e+00 -1.989466980e-06 8.676973160e-03 2.820233640e-06 -2.164379260e-06 8.716312830e-03 3.024233760e-06 1.749122870e-07 -3.933967290e-05 -2.040001250e-07
2.068337000e+00 2.103896470e-06 8.369114630e-03 6.238958140e-07 1.927874720e-06 8.408155090e-03 8.299858800e-07 1.760217470e-07 -3.904046020e-05 -2.060900660e-07
2.068814000e+00 -1.399796270e-06 1.093593850e-02 6.564824410e-07 -1.575819050e-06 1.097475250e-02 8.635290110e-07 1.760227740e-07 -3.881401860e-05 -2.070465700e-07
2.069290000e+00 -1.045648780e-07 1.164774340e-02 4.070338400e-06 -2.810870220e-07 1.168636550e-02 4.278127520e-06 1.765221450e-07 -3.862210390e-05 -2.077891200e-07
2.069761000e+00 -1.603382410e-06 8.407345690e-03 2.172778760e-06 -1.780021660e-06 8.446039450e-03 2.381317560e-06 1.766392490e-07 -3.869376060e-05 -2.085388000e-07
2.070232000e+00 1.964578150e-08 8.759374740e-03 2.293916510e-06 -1.574671080e-07 8.798092990e-03 2.503406190e-06 1.771128900e-07 -3.871825120e-05 -2.094896800e-07
2.070702000e+00 -1.345265260e-06 1.036168500e-02 2.856728390e-06 -1.522331650e-06 1.040010700e-02 3.066629240e-06 1.770663840e-07 -3.842197670e-05 -2.099008430e-07
2.071173000e+00 -5.139884470e-08 1.005734080e-02 3.442445910e-06 -2.288777930e-07 1.009546260e-02 3.653035850e-06 1.774789480e-07 -3.812183910e-05 -2.105899400e-07
2.071643000e+00 -1.731763480e-06 9.576886180e-03 4.264987880e-06 -1.908909500e-06 9.614747300e-03 4.475479660e-06 1.771460130e-07 -3.786111560e-05 -2.104917750e-07
2.072114000e+00 -1.805142820e-06 8.189405050e-03 2.739099280e-06 -1.982124820e-06 8.227055580e-03 2.949767160e-06 1.769820040e-07 -3.765053020e-05 -2.106678840e-07
2.072585000e+00 -3.611909790e-06 1.026731170e-02 4.106697150e-06 -3.788080170e-06 1.030464440e-02 4.316885650e-06 1.761703770e-07 -3.733275440e-05 -2.101884990e-07
2.073055000e+00 -5.037606440e-07 1.304481140e-02 1.575092980e-06 -6.801632680e-07 1.308158380e-02 1.785871610e-06 1.764026230e-07 -3.677239740e-05 -2.107786270e-07
2.073526000e+00 -6.884663730e-07 1.135480280e-02 2.633773420e-06 -8.648116010e-07 1.139123020e-02 2.844606680e-06 1.763452280e-07 -3.642744320e-05 -2.108332610e-07
2.073997000e+00 -1.671459700e-06 8.231683500e-03 2.418448480e-06 -1.847591370e-06 8.267907780e-03 2.629080540e-06 1.761316640e-07 -3.622428830e-05 -2.106320620e-07
2.074467000e+00 6.338017670e-07 9.544670110e-03 2.876893300e-06 4.571649040e-07 9.580706740e-03 3.087994720e-06 1.766368630e-07 -3.603662560e-05 -2.111014240e-07
2.074938000e+00 -7.332066900e-07 8.544462370e-03 2.279518470e-06 -9.097080830e-07 8.580725300e-03 2.490694720e-06 1.765013940e-07 -3.626292630e-05 -2.111762550e-07
2.075409000e+00 -2.343785650e-06 9.520839170e-03 7.175492460e-06 -2.519463280e-06 9.557089360e-03 7.385643590e-06 1.756776300e-07 -3.625019760e-05 -2.101511300e-07
2.075872000e+00 1.594544110e-06 1.351589080e-02 -1.312243370e-06 1.417940110e-06 1.355119160e-02 -1.100587370e-06 1.766040010e-07 -3.530083080e-05 -2.116559990e-07
2.076336000e+00 5.825976120e-07 1.446615470e-02 1.733084720e-06 4.055643640e-07 1.450057310e-02 1.945367560e-06 1.770332490e-07 -3.441839780e-05 -2.122828440e-07
2.076799000e+00 -1.501347370e-06 7.026132580e-03 3.044786940e-06 -1.678124080e-06 7.060941250e-03 3.256846090e-06 1.767767120e-07 -3.480867620e-05 -2.120591480e-07
2.077263000e+00 -2.045279660e-06 5.647779990e-03 3.225004640e-06 -2.221580490e-06 5.683165280e-03 3.436521870e-06 1.763008330e-07 -3.538529190e-05 -2.115172300e-07
2.077726000e+00 1.687369360e-06 1.182002380e-02 8.819622390e-07 1.510383770e-06 1.185478000e-02 1.094184840e-06 1.769855890e-07 -3.475625400e-05 -2.122225970e-07
2.078190000e+00 1.304949800e-06 1.323469640e-02 -2.569728790e-07 1.127370450e-06 1.326846030e-02 -4.396097810e-08 1.775793450e-07 -3.376385190e-05 -2.130119010e-07
2.078653000e+00 2.533629690e-07 1.072446160e-02 -2.442158370e-07 7.547880760e-08 1.075788300e-02 -3.058166420e-08 1.778841620e-07 -3.342136760e-05 -2.136341730e-07
2.079117000e+00 3.074912010e-06 9.728892890e-03 5.993761440e-07 2.896005100e-06 9.762192290e-03 8.140381920e-07 1.789069110e-07 -3.329939300e-05 -2.146620480e-07
2.079580000e+00 -3.689051150e-07 9.339735330e-03 2.547902150e-06 -5.475836530e-07 9.372841860e-03 2.762360180e-06 1.786785380e-07 -3.310653430e-05 -2.144580300e-07
2.080044000e+00 -3.360703400e-06 8.874570100e-03 1.967736530e-06 -3.538128470e-06 8.907497160e-03 2.181051390e-06 1.774250770e-07 -3.292706150e-05 -2.133148580e-07
2.080507000e+00 1.712892690e-06 1.012883240e-02 1.924273940e-06 1.535294770e-06 1.016152170e-02 2.137763750e-06 1.775979270e-07 -3.268929710e-05 -2.134898180e-07
2.080971000e+00 -3.156062730e-07 1.009683430e-02 1.942962830e-06 -4.927772250e-07 1.012937610e-02 2.156002890e-06 1.771709530e-07 -3.254178410e-05 -2.130400540e-07
2.081426000e+00 2.456644940e-06 9.958235450e-03 3.834137690e-07 2.279097150e-06 9.990643690e-03 5.967977240e-07 1.775477870e-07 -3.240824220e-05 -2.133839550e-07
2.081881000e+00 2.690573450e-07 9.927517700e-03 2.727402150e-06 9.197372840e-08 9.959470460e-03 2.940185680e-06 1.770836160e-07 -3.195275740e-05 -2.127835360e-07
2.082336000e+00 3.180272800e-06 9.849357840e-03 5.352456740e-07 3.002828290e-06 9.880830390e-03 7.482667750e-07 1.774445090e-07 -3.147254850e-05 -2.130211010e-07
2.082791000e+00 -8.342819010e-06 1.142767180e-02 -8.453387940e-06 -8.517556970e-06 1.145878510e-02 -8.242009900e-06 1.747379650e-07 -3.111325380e-05 -2.113780310e-07
2.083246000e+00 4.707971850e-06 1.457208990e-02 1.133580980e-05 4.533213160e-06 1.460281440e-02 1.154609460e-05 1.747586910e-07 -3.072454210e-05 -2.102848030e-07
2.083701000e+00 5.801233270e-06 1.016605400e-02 4.693103340e-07 5.625844970e-06 1.019653820e-02 6.795210030e-07 1.753882970e-07 -3.048416070e-05 -2.102106690e-07
2.084156000e+00 6.494798520e-07 7.254486900e-03 8.267527440e-07 4.753223760e-07 7.284753060e-03 1.035231730e-06 1.741574760e-07 -3.026615560e-05 -2.084789910e-07
2.084611000e+00 4.159679890e-06 9.254488240e-03 -5.812228220e-06 3.985275300e-06 9.284474530e-03 -5.603416130e-06 1.744045870e-07 -2.998629520e-05 -2.088120860e-07
2.085066000e+00 3.018085280e-06 9.505291070e-03 -1.264191780e-06 2.844009130e-06 9.535210330e-03 -1.056083900e-06 1.740761570e-07 -2.991925410e-05 -2.081078810e-07
2.085521000e+00 3.405122180e-06 1.014699220e-02 1.323028970e-08 3.231505210e-06 1.017670100e-02 2.204953150e-07 1.736169680e-07 -2.970881230e-05 -2.072650260e-07
2.085977000e+00 -1.451154770e-06 1.247180500e-02 4.071689950e-06 -1.622665060e-06 1.250081000e-02 4.276312330e-06 1.715102870e-07 -2.900508930e-05 -2.046223770e-07
2.086421000e+00 2.331509800e-06 1.321220910e-02 1.104361050e-06 2.160539040e-06 1.324055770e-02 1.308052280e-06 1.709707540e-07 -2.834853840e-05 -2.036912280e-07
2.086866000e+00 3.496158640e-06 8.496162160e-03 -6.479589120e-08 3.325252080e-06 8.524413460e-03 1.385429030e-07 1.709065520e-07 -2.825130590e-05 -2.033387940e-07
2.087311000e+00 3.388657210e-06 6.889395360e-03 1.733026580e-06 3.217928290e-06 6.917650750e-03 1.935723430e-06 1.707289170e-07 -2.825538320e-05 -2.026968550e-07
2.087756000e+00 3.367572780e-06 9.049186680e-03 -4.650340230e-07 3.196973280e-06 9.077147070e-03 -2.626297290e-07 1.705995050e-07 -2.796039330e-05 -2.024042940e-07
2.088201000e+00 5.855345800e-07 9.442278090e-03 3.059376640e-06 4.160341100e-07 9.469801080e-03 3.260332550e-06 1.695004690e-07 -2.752298520e-05 -2.009559130e-07
2.088646000e+00 1.966521310e-06 1.152399830e-02 1.415489940e-06 1.797576800e-06 1.155112410e-02 1.615682190e-06 1.689445100e-07 -2.712581880e-05 -2.001922480e-07
2.089091000e+00 3.194341970e-06 1.365044490e-02 1.913204700e-07 3.025522850e-06 1.367724570e-02 3.913080700e-07 1.688191160e-07 -2.680074490e-05 -1.999876000e-07
2.089536000e+00 1.966081620e-06 1.278377660e-02 2.427422450e-06 1.797813230e-06 1.281030250e-02 2.626696370e-06 1.682683990e-07 -2.652591460e-05 -1.992739150e-07
2.089981000e+00 -3.936745530e-07 5.538503230e-03 4.420950540e-07 -5.606459650e-07 5.565116690e-03 6.399258510e-07 1.669714110e-07 -2.661345420e-05 -1.978307980e-07
2.090426000e+00 5.871198950e-06 3.410281470e-03 1.953426340e-06 5.703927240e-06 3.436962580e-03 2.151546210e-06 1.672717100e-07 -2.668110890e-05 -1.981198670e-07
2.090871000e+00 1.773736650e-06 1.064537220e-02 -2.002575940e-06 1.607240670e-06 1.067152480e-02 -1.804804900e-06 1.664959750e-07 -2.615255180e-05 -1.977710400e-07
2.091316000e+00 -3.313600850e-06 1.495058580e-02 3.108960000e-06 -3.477584960e-06 1.497600600e-02 3.304371860e-06 1.639841080e-07 -2.542026110e-05 -1.954118620e-07
2.091761000e+00 -1.666549180e-07 1.140661220e-02 4.903668160e-06 -3.287976040e-07 1.143164640e-02 5.097032620e-06 1.621426860e-07 -2.503422130e-05 -1.933644560e-07
2.092206000e+00 -8.331254750e-07 8.893779270e-03 7.361790730e-06 -9.931600520e-07 8.918569900e-03 7.552841840e-06 1.600345760e-07 -2.479062570e-05 -1.910511060e-07
2.092651000e+00 -2.186408150e-06 9.843030740e-03 6.052453720e-06 -2.343892320e-06 9.867562910e-03 6.241009270e-06 1.574841650e-07 -2.453216650e-05 -1.885555470e-07
2.093096000e+00 -3.210004360e-06 7.789905060e-03 1.126481700e-05 -3.364397700e-06 7.814366390e-03 1.144997350e-05 1.543933380e-07 -2.446132940e-05 -1.851565150e-07
2.093541000e+00 1.113218200e-05 8.055701960e-03 -5.721131020e-06 1.097600470e-05 8.080054780e-03 -5.533789190e-06 1.561773500e-07 -2.435281670e-05 -1.873418340e-07
2.093986000e+00 1.145345670e-06 1.066317640e-02 2.510698140e-06 9.908639030e-07 1.068690230e-02 2.696455620e-06 1.544817680e-07 -2.372587980e-05 -1.857574820e-07
2.094431000e+00 2.022303430e-06 1.193853470e-02 4.439819510e-06 1.869498590e-06 1.196145560e-02 4.623803540e-06 1.528048430e-07 -2.292086830e-05 -1.839840250e-07
2.094876000e+00 3.534224730e-06 1.129003380e-02 3.697525540e-06 3.382827830e-06 1.131270100e-02 3.880080460e-06 1.513968990e-07 -2.266722380e-05 -1.825549170e-07
2.095321000e+00 3.597354470e-06 9.991803520e-03 -6.141414800e-07 3.447361330e-06 1.001461660e-02 -4.326452980e-07 1.499931390e-07 -2.281308360e-05 -1.814961820e-07
2.095766000e+00 1.386675500e-06 9.483087890e-03 3.542405400e-06 1.239031730e-06 9.505705290e-03 3.721535120e-06 1.476437710e-07 -2.261740270e-05 -1.791297250e-07
2.096211000e+00 8.452941900e-06 8.419302270e-03 -3.212467730e-06 8.305549680e-06 8.441431230e-03 -3.032876400e-06 1.473922270e-07 -2.212896270e-05 -1.795913240e-07
2.096656000e+00 9.733588490e-07 9.475664760e-03 3.655133210e-06 8.288293320e-07 9.497348640e-03 3.831973510e-06 1.445295170e-07 -2.168388020e-05 -1.768402960e-07
2.097101000e+00 7.638627540e-06 1.023970200e-02 2.827776320e-07 7.494740510e-06 1.026110980e-02 4.590572150e-07 1.438870250e-07 -2.140776700e-05 -1.762795830e-07
2.097546000e+00 5.853298010e-06 1.039348970e-02 2.595846900e-06 5.710656690e-06 1.041461800e-02 2.770967290e-06 1.426413200e-07 -2.112832970e-05 -1.751203980e-07
2.097991000e+00 1.250345790e-05 1.041644010e-02 -5.811547810e-06 1.235973770e-05 1.043731490e-02 -5.634824250e-06 1.437201370e-07 -2.087480560e-05 -1.767235640e-07
2.098436000e+00 5.599662840e-06 9.783584010e-03 5.126857740e-06 5.457512660e-06 9.804217960e-03 5.301879740e-06 1.421501800e-07 -2.063395200e-05 -1.750220020e-07
2.098881000e+00 6.109255940e-06 9.358510660e-03 -1.977087290e-06 5.968340460e-06 9.378853370e-03 -1.802839690e-06 1.409154830e-07 -2.034270510e-05 -1.742476060e-07
2.099326000e+00 5.127516960e-06 1.034036400e-02 1.324231830e-06 4.988401780e-06 1.036023740e-02 1.496928780e-06 1.391151730e-07 -1.987341790e-05 -1.726969500e-07
2.099770000e+00 6.343279800e-06 8.904349790e-03 3.725575190e-07 6.205626230e-06 8.923934830e-03 5.440263130e-07 1.376535680e-07 -1.958503550e-05 -1.714687940e-07
2.100215000e+00 2.822139760e-06 8.294874810e-03 7.328535880e-06 2.687363660e-06 8.314425210e-03 7.496715990e-06 1.347760960e-07 -1.955040100e-05 -1.681801060e-07
2.100660000e+00 7.120183640e-06 8.252424350e-03 -3.030808390e-06 6.986611320e-06 8.271849130e-03 -2.863162350e-06 1.335723110e-07 -1.942478310e-05 -1.676460320e-07
2.101105000e+00 7.337604870e-06 1.114480620e-02 5.934514120e-07 7.205383330e-06 1.116362520e-02 7.599251580e-07 1.322215410e-07 -1.881893400e-05 -1.664737460e-07
2.101550000e+00 3.748045920e-07 1.226699380e-02 2.411942790e-06 2.462177710e-07 1.228510590e-02 2.575192140e-06 1.285868210e-07 -1.811209090e-05 -1.632493520e-07
2.101995000e+00 5.231195480e-06 8.436232150e-03 2.427036590e-06 5.104775320e-06 8.454228180e-03 2.588240330e-06 1.264201600e-07 -1.799602880e-05 -1.612037410e-07
2.102440000e+00 3.327419150e-06 7.183409800e-03 5.792055460e-06 3.204004540e-06 7.201472040e-03 5.950027330e-06 1.234146110e-07 -1.806223480e-05 -1.579718690e-07
2.102885000e+00 6.111827210e-06 7.963024530e-03 2.245673960e-06 5.990522760e-06 7.980883460e-03 2.401610620e-06 1.213044540e-07 -1.785892630e-05 -1.559366590e-07
2.103330000e+00 2.214122420e-06 1.012539000e-02 6.820585130e-06 2.096309990e-06 1.014276800e-02 6.972710360e-06 1.178124310e-07 -1.737795870e-05 -1.521252300e-07
2.103775000e+00 3.214874340e-06 8.658733560e-03 6.873362660e-06 3.100499860e-06 8.675801580e-03 7.021763820e-06 1.143744710e-07 -1.706802040e-05 -1.484011610e-07
2.104220000e+00 5.611954280e-06 1.051175080e-02 2.803835740e-06 5.500104160e-06 1.052857180e-02 2.949656030e-06 1.118501160e-07 -1.682096800e-05 -1.458202930e-07
2.104665000e+00 7.210798620e-06 9.827686740e-03 -3.232409890e-06 7.100919850e-06 9.844289610e-03 -3.088015460e-06 1.098787780e-07 -1.660286970e-05 -1.443944360e-07
2.105110000e+00 -9.591163330e-07 9.117325710e-03 1.112970610e-06 -1.064260850e-06 9.133608950e-03 1.252944710e-06 1.051445210e-07 -1.628324590e-05 -1.399741030e-07
2.105555000e+00 1.292960330e-05 8.469060330e-03 1.604063490e-06 1.282472290e-05 8.485027730e-03 1.743718040e-06 1.048803850e-07 -1.596740660e-05 -1.396545520e-07
2.106000000e+00 -1.723299440e-06 9.020947470e-03 4.096105730e-06 -1.822991720e-06 9.036592490e-03 4.230800320e-06 9.969228620e-08 -1.564502820e-05 -1.346945890e-07
2.106445000e+00 5.826815710e-06 8.523066370e-03 4.936986290e-07 5.729942130e-06 8.538374460e-03 6.252963530e-07 9.687357310e-08 -1.530809080e-05 -1.315977240e-07
2.106890000e+00 -1.103826510e-06 9.254911570e-03 1.120702900e-05 -1.195334710e-06 9.269875920e-03 1.133228870e-05 9.150819910e-08 -1.496434260e-05 -1.252597460e-07
2.107335000e+00 2.331371030e-06 9.530908900e-03 5.179129080e-06 2.243965980e-06 9.545495520e-03 5.299668610e-06 8.740505570e-08 -1.458662430e-05 -1.205395210e-07
2.107780000e+00 6.264999640e-06 9.844321790e-03 4.669166560e-06 6.180521700e-06 9.858563670e-03 4.785956070e-06 8.447794140e-08 -1.424188310e-05 -1.167895170e-07
2.108220000e+00 3.478216450e-06 8.187739870e-03 5.479163460e-06 3.397531380e-06 8.201958100e-03 5.591422460e-06 8.068507300e-08 -1.421823020e-05 -1.122590020e-07
2.108660000e+00 6.461322830e-06 7.238945280e-03 2.245398260e-06 6.383362760e-06 7.253211290e-03 2.354288010e-06 7.796006930e-08 -1.426600150e-05 -1.088897590e-07
2.109100000e+00 -4.742055860e-06 8.638024750e-03 1.196962380e-05 -4.813402390e-06 8.651832730e-03 1.207071490e-05 7.134652490e-08 -1.380798320e-05 -1.010911260e-07
2.109540000e+00 4.425468790e-06 1.004395850e-02 5.656156630e-06 4.357636880e-06 1.005702970e-02 5.752864330e-06 6.783190490e-08 -1.307114390e-05 -9.670769770e-08
2.109980000e+00 3.050115380e-06 8.825998790e-03 -1.575582700e-06 2.985956700e-06 8.838845900e-03 -1.482823850e-06 6.415868040e-08 -1.284710590e-05 -9.275885640e-08
2.110420000e+00 6.258091360e-06 7.785241580e-03 3.789694320e-06 6.196840600e-06 7.798194210e-03 3.878645320e-06 6.125076350e-08 -1.295262550e-05 -8.895099220e-08
2.110860000e+00 4.973572300e-06 8.436952400e-03 3.195261410e-06 4.915632710e-06 8.449806850e-03 3.280193080e-06 5.793958400e-08 -1.285445560e-05 -8.493167540e-08
2.111300000e+00 7.835774160e-06 9.127993470e-03 -1.374558040e-06 7.779910980e-06 9.140491950e-03 -1.292172150e-06 5.586318390e-08 -1.249848190e-05 -8.238588950e-08
2.111740000e+00 5.804213170e-06 8.655787260e-03 1.048491100e-06 5.751182040e-06 8.667989240e-03 1.127304040e-06 5.303112970e-08 -1.220197830e-05 -7.881293370e-08
2.112180000e+00 6.967630690e-06 8.041098550e-03 3.329132390e-08 6.916958160e-06 8.053035260e-03 1.092040180e-07 5.067252960e-08 -1.193670710e-05 -7.591269370e-08
2.112620000e+00 6.474886980e-06 7.411225520e-03 1.147137430e-06 6.427027700e-06 7.422984010e-03 1.219545080e-06 4.785927360e-08 -1.175849860e-05 -7.240764660e-08
2.113060000e+00 5.463839900e-06 8.445759350e-03 9.798542350e-07 5.419124780e-06 8.457138090e-03 1.048582600e-06 4.471512500e-08 -1.137873850e-05 -6.872836230e-08
2.113500000e+00 2.297265350e-05 1.017697720e-02 1.149923740e-05 2.292617590e-05 1.018766900e-02 1.156757640e-05 4.647756540e-08 -1.069179290e-05 -6.833893440e-08
2.113940000e+00 -1.036257120e-05 9.530900340e-03 -8.875466590e-06 -1.040103290e-05 9.541272130e-03 -8.814115710e-06 3.846171750e-08 -1.037179310e-05 -6.135088540e-08
2.114380000e+00 3.593300920e-06 5.325431310e-03 1.369580280e-06 3.558642700e-06 5.336105260e-03 1.426619970e-06 3.465822080e-08 -1.067394560e-05 -5.703969050e-08
2.114820000e+00 1.878445020e-06 5.194525440e-03 8.383774880e-06 1.848233270e-06 5.205334520e-03 8.435301390e-06 3.021175640e-08 -1.080908240e-05 -5.152651530e-08
2.115260000e+00 -3.010077410e-07 8.789055550e-03 -1.305339310e-06 -3.265697310e-07 8.799499290e-03 -1.259052700e-06 2.556199020e-08 -1.044374380e-05 -4.628660830e-08
2.115700000e+00 1.106647350e-05 9.879266180e-03 7.617207310e-06 1.104261460e-05 9.889367740e-03 7.660921540e-06 2.385885150e-08 -1.010156190e-05 -4.371423590e-08
2.116140000e+00 7.218322710e-06 7.488091460e-03 3.721830560e-06 7.197171240e-06 7.497921620e-03 3.762107130e-06 2.115146300e-08 -9.830160830e-06 -4.027657640e-08
2.116580000e+00 6.785623140e-06 5.657663260e-03 5.294421250e-06 6.767332480e-06 5.667167740e-03 5.330968040e-06 1.829066110e-08 -9.504485450e-06 -3.654679100e-08
2.117027000e+00 5.952963140e-06 7.385837130e-03 5.449075010e-06 5.937903850e-06 7.395038090e-03 5.481494060e-06 1.505928960e-08 -9.200962460e-06 -3.241905640e-08
2.117473000e+00 1.344789870e-05 9.398791910e-03 -4.052984580e-06 1.343311370e-05 9.407672220e-03 -4.021030350e-06 1.478500530e-08 -8.880307850e-06 -3.195423320e-08
2.117920000e+00 6.671803870e-06 7.728246910e-03 1.103535720e-06 6.659484100e-06 7.736890970e-03 1.132739190e-06 1.231976730e-08 -8.644063610e-06 -2.920347170e-08
2.118366000e+00 -3.653950660e-07 7.338074680e-03 4.147363720e-06 -3.729790230e-07 7.346761150e-03 4.171807060e-06 7.583957410e-09 -8.686472270e-06 -2.444333630e-08
2.118813000e+00 6.164332510e-07 7.213652730e-03 7.138743610e-06 6.133528620e-07 7.222397490e-03 7.157639770e-06 3.080389580e-09 -8.744763930e-06 -1.889616480e-08
2.119252000e+00 3.966152480e-06 7.674719650e-03 4.228045660e-06 3.966277560e-06 7.682948380e-03 4.243201600e-06 -1.250748630e-10 -8.228728720e-06 -1.515593310e-08
2.119699000e+00 3.928020590e-06 7.406535550e-03 3.105272440e-06 3.931280060e-06 7.413965150e-03 3.116749730e-06 -3.259473790e-09 -7.429602960e-06 -1.147729360e-08
2.120146000e+00 5.829912570e-06 6.966007010e-03 3.229438020e-06 5.835596540e-06 6.973301090e-03 3.237909740e-06 -5.683969250e-09 -7.294086600e-06 -8.471724350e-09
2.120593000e+00 8.428123320e-06 4.720273510e-03 3.418518630e-06 8.435388380e-06 4.728012760e-03 3.424695880e-06 -7.265065720e-09 -7.739250480e-06 -6.177249280e-09
2.121039000e+00 -4.117639900e-06 7.021737590e-03 7.326108980e-06 -4.104546490e-06 7.029404320e-03 7.326107400e-06 -1.309341410e-08 -7.666737720e-06 1.577747260e-12
2.121486000e+00 6.916050770e-06 1.020661740e-02 8.682810580e-07 6.931014080e-06 1.021356140e-02 8.660853590e-07 -1.496331370e-08 -6.944020930e-06 2.195698670e-09
2.121933000e+00 3.018051620e-06 9.474721410e-03 4.400143090e-06 3.036219440e-06 9.481139030e-03 4.394343040e-06 -1.816781940e-08 -6.417619130e-06 5.800052680e-09
2.122379000e+00 5.563705880e-06 5.302713100e-03 1.619504340e-07 5.584000670e-06 5.309144570e-03 1.538554310e-07 -2.029478870e-08 -6.431469680e-06 8.095003730e-09
2.122826000e+00 2.941653180e-06 5.065775650e-03 4.953908600e-06 2.965056800e-06 5.072165350e-03 4.942190930e-06 -2.340361850e-08 -6.389699240e-06 1.171766820e-08
2.123273000e+00 3.434945870e-06 6.149269140e-03 5.646300040e-06 3.461204740e-06 6.155577680e-03 5.631186090e-06 -2.625886210e-08 -6.308535290e-06 1.511395290e-08
2.123719000e+00 6.672018190e-06 7.004020310e-03 -2.390846950e-06 6.699744970e-06 7.010237110e-03 -2.407232450e-06 -2.772678900e-08 -6.216803710e-06 1.638550140e-08
2.124166000e+00 3.831883120e-06 6.996183960e-03 -2.618659740e-07 3.862055200e-06 7.002141210e-03 -2.806841840e-07 -3.017208480e-08 -5.957256900e-06 1.881821010e-08
2.124613000e+00 -3.333056970e-06 6.304193000e-03 5.680159810e-06 -3.298130820e-06 6.309804720e-03 5.656427060e-06 -3.492615680e-08 -5.611725890e-06 2.373275830e-08
2.125059000e+00 6.476395090e-06 5.845634500e-03 4.403637780e-06 6.512732240e-06 5.850965050e-03 4.377423740e-06 -3.633714650e-08 -5.330548500e-06 2.621403970e-08
2.125516000e+00 1.170498470e-05 7.194945440e-03 -2.421583770e-06 1.174088140e-05 7.199898500e-03 -2.447080860e-06 -3.589664210e-08 -4.953055510e-06 2.549709300e-08
2.125972000e+00 8.818193630e-06 7.332409300e-03 -3.350727580e-07 8.854606770e-06 7.336981910e-03 -3.611282970e-07 -3.641314470e-08 -4.572609600e-06 2.605553900e-08
2.126428000e+00 7.112220150e-06 5.306681990e-03 1.007987170e-06 7.149637100e-06 5.311432200e-03 9.807560170e-07 -3.741695250e-08 -4.750215840e-06 2.723115750e-08
2.126884000e+00 2.926415060e-06 5.357950970e-03 1.014347610e-05 2.966435560e-06 5.362933080e-03 1.011279650e-05 -4.002049490e-08 -4.982111780e-06 3.067965200e-08
2.127340000e+00 1.645728250e-05 6.295261290e-03 9.258417320e-06 1.649539610e-05 6.299959160e-03 9.228120770e-06 -3.811357430e-08 -4.697867370e-06 3.029655920e-08
2.127796000e+00 -3.564753690e-06 6.972212870e-03 -1.019058750e-05 -3.522524100e-06 6.976479320e-03 -1.022348570e-05 -4.222959050e-08 -4.266451150e-06 3.289814680e-08
2.128253000e+00 3.857983010e-06 7.447249120e-03 1.219038280e-06 3.902155890e-06 7.451165470e-03 1.184203240e-06 -4.417287650e-08 -3.916353300e-06 3.483504160e-08
2.128709000e+00 6.945856440e-06 5.845546390e-03 1.717714010e-06 6.990732070e-06 5.849146650e-03 1.682109050e-06 -4.487562660e-08 -3.600253740e-06 3.560495500e-08
2.129165000e+00 7.511506320e-06 6.321159130e-03 1.716086440e-07 7.556620720e-06 6.324501270e-03 1.357603940e-07 -4.511440060e-08 -3.342136080e-06 3.584825040e-08
2.129621000e+00 4.184286310e-06 5.299033190e-03 1.516185770e-06 4.230825680e-06 5.302380100e-03 1.479014500e-06 -4.653937240e-08 -3.346912230e-06 3.717127240e-08
2.130077000e+00 4.459992030e-06 5.088907450e-03 1.048040550e-06 4.507848040e-06 5.092184600e-03 1.009675100e-06 -4.785601180e-08 -3.277151560e-06 3.836545450e-08
2.130534000e+00 6.290549420e-06 6.369575960e-03 2.207100950e-06 6.339044850e-06 6.372501920e-03 2.168083500e-06 -4.849543230e-08 -2.925967860e-06 3.901744950e-08
2.130990000e+00 9.484805750e-06 6.085700090e-03 4.702667620e-06 9.532812980e-06 6.088289560e-03 4.663714840e-06 -4.800722080e-08 -2.589475510e-06 3.895278120e-08
2.131446000e+00 6.971742060e-06 4.686558930e-03 1.107701380e-06 7.020069670e-06 4.689186720e-03 1.068613860e-06 -4.832760620e-08 -2.627781790e-06 3.908751710e-08
2.131916000e+00 9.823337640e-06 2.644233360e-03 -3.489626190e-06 9.870762900e-06 2.647059310e-03 -3.527141400e-06 -4.742526090e-08 -2.825947140e-06 3.751521440e-08
2.132387000e+00 7.725307430e-06 5.481772800e-03 2.090998090e-06 7.772700990e-06 5.484326060e-03 2.053507030e-06 -4.739355950e-08 -2.553260910e-06 3.749105720e-08
2.132857000e+00 7.767597910e-06 7.257684650e-03 -1.921265290e-06 7.814918070e-06 7.259734820e-03 -1.958073580e-06 -4.732016010e-08 -2.050174270e-06 3.680829460e-08
2.133328000e+00 6.717788510e-06 4.890334640e-03 -4.041144890e-07 6.765472360e-06 4.892276270e-03 -4.407891640e-07 -4.768384370e-08 -1.941633310e-06 3.667467500e-08
2.133798000e+00 5.210402160e-06 3.854524080e-03 8.683510210e-09 5.258963260e-06 3.856639710e-03 -2.829578380e-08 -4.856109920e-08 -2.115629640e-06 3.697929410e-08
2.134269000e+00 5.996642460e-06 3.587765270e-03 8.667003920e-07 6.045828880e-06 3.589830770e-03 8.296130980e-07 -4.918642190e-08 -2.065497900e-06 3.708729340e-08
2.134739000e+00 3.854061840e-06 5.795086730e-03 2.518261280e-06 3.904753900e-06 5.796756200e-03 2.480165490e-06 -5.069206550e-08 -1.669471840e-06 3.809579050e-08
2.135209000e+00 5.183869060e-06 5.755929340e-03 1.122760920e-06 5.235454200e-06 5.757285050e-03 1.084366630e-06 -5.158513660e-08 -1.355705170e-06 3.839429040e-08
2.135680000e+00 7.809999150e-06 6.699228700e-03 -1.046230470e-07 7.861643290e-06 6.700165440e-03 -1.424098820e-07 -5.164413640e-08 -9.367428040e-07 3.778683530e-08
2.136150000e+00 -7.197344150e-06 6.549958410e-03 -1.867017810e-07 -7.140429330e-06 6.550537420e-03 -2.278384710e-07 -5.691482080e-08 -5.790078680e-07 4.113669010e-08
2.136621000e+00 6.643639760e-06 3.089711400e-03 1.499132940e-06 6.700792130e-06 3.090433540e-03 1.458106470e-06 -5.715237180e-08 -7.221468600e-07 4.102646510e-08
2.137091000e+00 8.121194840e-06 2.893191860e-03 4.309874430e-06 8.178273730e-06 2.893969250e-03 4.269129120e-06 -5.707888750e-08 -7.773908370e-07 4.074531290e-08
2.137562000e+00 5.474759010e-06 4.479624920e-03 6.124429840e-07 5.532514660e-06 4.480120280e-03 5.715870120e-07 -5.775564810e-08 -4.953590640e-07 4.085597230e-08
2.138032000e+00 4.069966310e-06 3.871537860e-03 1.373982080e-06 4.128946390e-06 3.871819820e-03 1.332426770e-06 -5.898008300e-08 -2.819611250e-07 4.155531380e-08
2.138503000e+00 4.082462510e-07 4.829842150e-03 2.145331500e-06 4.696814480e-07 4.829804730e-03 2.101969770e-06 -6.143519700e-08 3.742116800e-08 4.336172130e-08
2.138973000e+00 6.394009980e-06 5.943208170e-03 1.298039450e-07 6.455692280e-06 5.942727660e-03 8.645287960e-08 -6.168230280e-08 4.805035300e-07 4.335106540e-08
2.139443000e+00 1.140032510e-06 3.575459540e-03 1.469108730e-06 1.203735370e-06 3.574974620e-03 1.424299790e-06 -6.370285770e-08 4.849157820e-07 4.480893760e-08
2.139947000e+00 2.582981970e-06 1.259792030e-03 3.178252850e-06 2.648219930e-06 1.259633540e-03 3.132112250e-06 -6.523796010e-08 1.584952650e-07 4.614059900e-08
2.140451000e+00 7.759900130e-07 3.516796240e-03 8.311927890e-07 8.433689130e-07 3.516446350e-03 7.835560630e-07 -6.737889920e-08 3.498908870e-07 4.763672590e-08
2.140956000e+00 -8.537946750e-07 5.748917040e-03 3.946360460e-06 -7.835313780e-07 5.748052140e-03 3.896445280e-06 -7.026329680e-08 8.649050970e-07 4.991518510e-08
2.141460000e+00 2.530711290e-06 4.251044780e-03 1.315966550e-06 2.602405360e-06 4.249895290e-03 1.264982610e-06 -7.169406770e-08 1.149491710e-06 5.098393730e-08
2.141964000e+00 3.737629450e-06 3.727576360e-03 1.216657990e-06 3.810287310e-06 3.726151150e-03 1.165124270e-06 -7.265786260e-08 1.425204080e-06 5.153371760e-08
2.142468000e+00 3.397158430e-06 3.628650930e-03 1.179550310e-06 3.470924910e-06 3.627118210e-03 1.127353080e-06 -7.376648170e-08 1.532719490e-06 5.219722790e-08
2.142972000e+00 -1.162396210e-06 3.014743740e-03 7.252497260e-06 -1.085535610e-06 3.013357520e-03 7.197213160e-06 -7.686059970e-08 1.386228170e-06 5.528410000e-08
2.143476000e+00 8.967517210e-06 3.029484560e-03 -4.023800690e-06 9.042894600e-06 3.027843110e-03 -4.077068490e-06 -7.537738680e-08 1.641454930e-06 5.326780320e-08
2.143980000e+00 5.100860160e-06 4.621367740e-03 3.747348370e-07 5.176402360e-06 4.619050990e-03 3.218573740e-07 -7.554220050e-08 2.316748390e-06 5.287746210e-08
2.144484000e+00 4.445702380e-06 2.940401990e-03 -1.895766350e-07 4.521656460e-06 2.937925440e-03 -2.422192980e-07 -7.595407350e-08 2.476555340e-06 5.264266300e-08
2.144988000e+00 4.378910380e-06 3.181463780e-03 5.046372280e-07 4.455292890e-06 3.179064890e-03 4.520981510e-07 -7.638251160e-08 2.398895850e-06 5.253907630e-08
2.145492000e+00 3.619983390e-06 3.128934620e-03 -3.238635760e-08 3.697037650e-06 3.126483450e-03 -8.490956180e-08 -7.705426570e-08 2.451161710e-06 5.252320410e-08
2.145996000e+00 4.294330450e-06 3.647713450e-03 -2.818992030e-07 4.371723980e-06 3.645255140e-03 -3.341483390e-07 -7.739353430e-08 2.458317590e-06 5.224913570e-08
2.146500000e+00 6.150272950e-07 3.767272370e-03 8.200320010e-07 6.942025940e-07 3.764547770e-03 7.664996830e-07 -7.917529800e-08 2.724603790e-06 5.353231860e-08
2.147019000e+00 3.800946330e-06 3.312087780e-03 2.679907360e-06 3.880750900e-06 3.308803720e-03 2.625971300e-06 -7.980456760e-08 3.284059030e-06 5.393605740e-08
2.147538000e+00 2.196911810e-06 2.645319860e-03 1.829387440e-06 2.277822680e-06 2.641838000e-03 1.774811580e-06 -8.091086680e-08 3.481869070e-06 5.457585710e-08
2.148065000e+00 1.732782950e-06 3.665365840e-03 3.411990760e-06 1.814949340e-06 3.661909560e-03 3.356527700e-06 -8.216639300e-08 3.456281840e-06 5.546306360e-08
2.148591000e+00 5.147874510e-06 1.353311060e-03 -6.997813890e-07 5.229700310e-06 1.349846030e-03 -7.544197860e-07 -8.182579260e-08 3.465027810e-06 5.463839710e-08
2.149117000e+00 3.806629050e-06 6.120176400e-04 1.606330590e-06 3.888580270e-06 6.085224230e-04 1.551936310e-06 -8.195121710e-08 3.495216460e-06 5.439427960e-08
2.149650000e+00 3.483617340e-06 2.242527450e-03 2.383924850e-06 3.565957620e-06 2.238805470e-03 2.329378830e-06 -8.234028000e-08 3.721982260e-06 5.454601330e-08
2.150184000e+00 3.927179550e-06 3.270371710e-03 4.682317700e-07 4.009709480e-06 3.266328950e-03 4.138381310e-07 -8.252992230e-08 4.042763130e-06 5.439363960e-08
2.150725000e+00 5.727380520e-06 2.702420980e-03 7.165180210e-07 5.809430440e-06 2.698139280e-03 6.627076790e-07 -8.204991690e-08 4.281701880e-06 5.381034180e-08
2.151267000e+00 3.895860900e-06 2.130763670e-03 -4.603653260e-07 3.978146110e-06 2.126260050e-03 -5.139071210e-07 -8.228520920e-08 4.503620590e-06 5.354179480e-08
2.151808000e+00 2.302364760e-06 1.074408990e-03 5.997212900e-06 2.385722800e-06 1.070035680e-03 5.942503900e-06 -8.335804260e-08 4.373301300e-06 5.470900670e-08
2.152350000e+00 2.861451660e-06 1.203028450e-03 1.318768240e-06 2.945590550e-06 1.198769350e-03 1.263725010e-06 -8.413889010e-08 4.259093580e-06 5.504322420e-08
2.152900000e+00 -6.063641790e-08 2.680741790e-03 4.809625070e-06 2.571369750e-08 2.675907030e-03 4.752791810e-06 -8.635011540e-08 4.834765510e-06 5.683325520e-08
2.153450000e+00 6.633918860e-06 2.510619470e-03 -2.710291270e-06 6.719327620e-06 2.505344230e-03 -2.765817220e-06 -8.540875630e-08 5.275232470e-06 5.552594920e-08
2.154000000e+00 2.779718780e-06 8.957021260e-04 6.515017330e-06 2.866133440e-06 8.906328730e-04 6.458377200e-06 -8.641465180e-08 5.069252300e-06 5.664012690e-08
2.154559000e+00 1.794416080e-06 1.883361450e-03 -3.172116400e-06 1.882150680e-06 1.878239580e-03 -3.229114970e-06 -8.773459110e-08 5.121872100e-06 5.699856860e-08
2.155118000e+00 4.429596070e-06 2.388835570e-03 6.920643390e-07 4.517645600e-06 2.383358350e-03 6.349392460e-07 -8.804952890e-08 5.477217460e-06 5.712509280e-08
2.155678000e+00 4.047087500e-07 1.620939590e-03 3.254147580e-06 4.947902650e-07 1.615285740e-03 3.195353420e-06 -9.008151590e-08 5.653848450e-06 5.879415770e-08
2.156247000e+00 1.452046860e-06 7.326532030e-04 2.387518640e-06 1.543856250e-06 7.269001000e-04 2.327213710e-06 -9.180938830e-08 5.753103770e-06 6.030493060e-08
2.156817000e+00 1.631799410e-06 1.681867840e-03 7.585784010e-06 1.725420840e-06 1.675861070e-03 7.523299990e-06 -9.362142240e-08 6.006764340e-06 6.248402230e-08
2.157386000e+00 5.557636430e-06 2.242280360e-03 -4.537922520e-06 5.650994340e-06 2.235954010e-03 -4.599524020e-06 -9.335790790e-08 6.326358070e-06 6.160149780e-08
2.157967000e+00 4.425638490e-06 -7.911224560e-04 1.748809570e-06 4.519343120e-06 -7.971171750e-04 1.686808820e-06 -9.370462420e-08 5.994719280e-06 6.200075020e-08
2.158548000e+00 3.679439010e-06 -3.251716010e-04 -1.851604200e-07 3.773857630e-06 -3.310445110e-04 -2.476878470e-07 -9.441861900e-08 5.872910140e-06 6.252742640e-08
2.159140000e+00 3.547423620e-06 4.790089250e-03 -3.970391730e-07 3.642803570e-06 4.783206780e-03 -4.600473330e-07 -9.537995470e-08 6.882467740e-06 6.300815980e-08
2.159733000e+00 -6.757605510e-07 1.748331890e-03 -6.609779740e-07 -5.775335710e-07 1.741230470e-03 -7.264346950e-07 -9.822697920e-08 7.101417130e-06 6.545672090e-08
2.160326000e+00 4.962397600e-07 -1.774597870e-03 -5.023943060e-07 5.967016440e-07 -1.781149770e-03 -5.695384880e-07 -1.004618840e-07 6.551902500e-06 6.714418130e-08
2.160919000e+00 3.732245070e-06 1.720437390e-03 1.045619860e-06 3.833507300e-06 1.713412930e-03 9.780622950e-07 -1.012622310e-07 7.024458030e-06 6.755756380e-08
2.161525000e+00 3.985530560e-06 2.403884520e-03 2.448871060e-06 4.087392890e-06 2.396260070e-03 2.380999550e-06 -1.018623240e-07 7.624447310e-06 6.787151100e-08
2.162132000e+00 2.102445450e-06 -6.870008380e-04 8.987422130e-07 2.205645300e-06 -6.942743730e-04 8.303649220e-07 -1.031998520e-07 7.273534800e-06 6.837729040e-08
2.162738000e+00 4.994660860e-06 2.286150350e-05 -4.216342660e-07 5.097758150e-06 1.559894980e-05 -4.892356370e-07 -1.030972940e-07 7.262553790e-06 6.760137030e-08
2.163360000e+00 5.363331590e-06 2.214339620e-03 9.299446750e-07 5.466186510e-06 2.206626620e-03 8.631554940e-07 -1.028549190e-07 7.713004600e-06 6.678918110e-08
2.163982000e+00 1.591595080e-06 6.931497600e-04 2.089335710e-06 1.695982050e-06 6.852375900e-04 2.021809280e-06 -1.043869680e-07 7.912169910e-06 6.752642510e-08
2.164604000e+00 5.951772110e-06 3.538562760e-04 -2.570605020e-06 6.055504400e-06 3.457869320e-04 -2.636849730e-06 -1.037322860e-07 8.069343690e-06 6.624471810e-08
2.165244000e+00 4.004822440e-06 1.546259010e-03 3.513487480e-07 4.108865180e-06 1.537823270e-03 2.853904320e-07 -1.040427440e-07 8.435738170e-06 6.595831580e-08
2.165884000e+00 4.726884620e-06 -3.143818110e-04 -7.706399340e-08 4.830843060e-06 -3.229053880e-04 -1.423202400e-07 -1.039584410e-07 8.523577260e-06 6.525624660e-08
2.166524000e+00 3.472046080e-06 -1.856578990e-03 1.500971750e-07 3.576610100e-06 -1.865016380e-03 8.501071760e-08 -1.045640160e-07 8.437395770e-06 6.508645760e-08
2.167185000e+00 3.436541950e-06 -5.781363590e-04 4.038227590e-07 3.541799610e-06 -5.866965290e-04 3.387286850e-07 -1.052576610e-07 8.560170530e-06 6.509407480e-08
2.167845000e+00 3.856388250e-06 -1.176400450e-04 1.860387680e-07 3.962230680e-06 -1.263756800e-04 1.211642450e-07 -1.058424310e-07 8.735634720e-06 6.487452360e-08
2.168506000e+00 2.910110220e-06 1.245576410e-04 6.419850500e-07 3.017043970e-06 1.155775800e-04 5.769935870e-07 -1.069337460e-07 8.980061470e-06 6.499146260e-08
2.169191000e+00 3.119871930e-06 -6.206181910e-04 6.057088290e-07 3.227724650e-06 -6.294560780e-04 5.410848760e-07 -1.078527180e-07 8.837887270e-06 6.462395320e-08
2.169876000e+00 3.434039730e-06 -4.173014730e-04 1.974133940e-06 3.542647880e-06 -4.262252630e-04 1.909487010e-06 -1.086081530e-07 8.923789240e-06 6.464692250e-08
2.170561000e+00 3.359661910e-06 6.283895220e-04 1.026905240e-06 3.469083650e-06 6.188793790e-04 9.625274930e-07 -1.094217380e-07 9.510143320e-06 6.437774860e-08
2.171275000e+00 4.032472290e-06 -2.879405080e-04 -7.037700810e-07 4.142075920e-06 -2.976286640e-04 -7.671005510e-07 -1.096036340e-07 9.688156790e-06 6.333047050e-08
2.171990000e+00 1.818539990e-06 -2.267077380e-04 3.181563560e-07 1.929537150e-06 -2.364829910e-04 2.549731130e-07 -1.109971580e-07 9.775253340e-06 6.318324320e-08
2.172705000e+00 1.103399380e-06 -1.638373430e-04 1.261484320e-06 1.216211110e-06 -1.735845960e-04 1.198133190e-06 -1.128117270e-07 9.747252760e-06 6.335113280e-08
2.173420000e+00 -9.643844380e-07 -2.399694130e-03 2.463142380e-06 -8.485703170e-07 -2.409603310e-03 2.398647160e-06 -1.158141210e-07 9.909176680e-06 6.449521250e-08
2.174174000e+00 9.756884670e-08 1.812975200e-04 1.774528900e-06 2.159299120e-07 1.709564970e-04 1.709306940e-06 -1.183610650e-07 1.034102230e-05 6.522196270e-08
2.174929000e+00 8.126755960e-09 5.916185900e-04 6.597560860e-07 1.291712410e-07 5.809036390e-04 5.939075340e-07 -1.210444850e-07 1.071495150e-05 6.584855280e-08
2.175683000e+00 3.042495050e-07 -2.599012490e-03 2.838725280e-06 4.277295280e-07 -2.609593640e-03 2.771959320e-06 -1.234800230e-07 1.058114580e-05 6.676596100e-08
2.176437000e+00 1.040954500e-06 -7.901173930e-04 1.879053050e-07 1.166337350e-06 -8.006878560e-04 1.209739180e-07 -1.253828520e-07 1.057046360e-05 6.693138760e-08
2.177192000e+00 1.016408000e-06 -1.085998510e-03 1.240647270e-06 1.143712780e-06 -1.096830210e-03 1.173415740e-06 -1.273047770e-07 1.083169360e-05 6.723153960e-08
2.178009000e+00 8.786954640e-07 -9.028632800e-04 1.750497620e-06 1.007922410e-06 -9.141077490e-04 1.682879520e-06 -1.292269440e-07 1.124446950e-05 6.761809910e-08
2.178758000e+00 3.093737760e-07 -5.753114850e-04 1.377713760e-06 4.404711380e-07 -5.868197110e-04 1.309619360e-06 -1.310973620e-07 1.150822640e-05 6.809440100e-08
2.179508000e+00 -3.980206030e-07 -2.745730930e-03 3.408046060e-06 -2.650708950e-07 -2.757117360e-03 3.339471660e-06 -1.329497080e-07 1.138643630e-05 6.857439420e-08
2.180257000e+00 4.777239820e-06 -1.579481070e-03 3.125652350e-06 4.908335940e-06 -1.591033100e-03 3.058900240e-06 -1.310961160e-07 1.155203060e-05 6.675210430e-08
2.181006000e+00 1.489523200e-06 -8.300552960e-04 2.002699930e-06 1.620929260e-06 -8.419049290e-04 1.936624730e-06 -1.314060610e-07 1.184963350e-05 6.607519190e-08
2.181755000e+00 4.608281800e-07 -9.416967280e-04 3.180278620e-06 5.931794580e-07 -9.537927740e-04 3.114353070e-06 -1.323512780e-07 1.209604660e-05 6.592555410e-08
2.182505000e+00 4.134255620e-07 -2.000128770e-03 1.408332350e-06 5.466339290e-07 -2.012254520e-03 1.342995730e-06 -1.332083680e-07 1.212575520e-05 6.533661530e-08
2.183147000e+00 7.382021810e-07 -1.180591510e-03 1.969073840e-06 8.717988620e-07 -1.193126920e-03 1.904259520e-06 -1.335966810e-07 1.253541270e-05 6.481431140e-08
2.183789000e+00 -6.986357460e-07 -3.263282870e-04 2.712817120e-06 -5.639687990e-07 -3.395060510e-04 2.648044680e-06 -1.346669470e-07 1.317776410e-05 6.477244340e-08
2.184431000e+00 -5.562642160e-07 -3.285356990e-03 3.389899620e-06 -4.206779790e-07 -3.298247480e-03 3.325378770e-06 -1.355862360e-07 1.289048860e-05 6.452084650e-08
2.185073000e+00 -5.991322560e-07 -3.645749040e-03 3.938923160e-06 -4.626788340e-07 -3.658598500e-03 3.874860130e-06 -1.364534220e-07 1.284946810e-05 6.406302760e-08
2.185716000e+00 -8.478209250e-07 -4.053012360e-03 4.400619620e-06 -7.103612330e-07 -4.066095510e-03 4.336929200e-06 -1.374596920e-07 1.308315290e-05 6.369042180e-08
2.186358000e+00 1.094305170e-08 -7.448390710e-04 4.544431610e-06 1.490400670e-07 -7.581579410e-04 4.481403930e-06 -1.380970160e-07 1.331886900e-05 6.302767740e-08
2.187000000e+00 -8.928146280e-07 -1.109642890e-03 4.137072170e-06 -7.536539750e-07 -1.123158740e-03 4.074231300e-06 -1.391606530e-07 1.351584990e-05 6.284087420e-08
2.187614000e+00 -1.078553200e-06 -4.289678310e-03 4.233268360e-06 -9.385776370e-07 -4.303276810e-03 4.170599680e-06 -1.399755590e-07 1.359849930e-05 6.266867680e-08
2.188218000e+00 -3.569905620e-06 -2.098109480e-03 5.415148980e-06 -3.428049600e-06 -2.112104780e-03 5.351696880e-06 -1.418560210e-07 1.399530230e-05 6.345210030e-08
2.188813000e+00 6.941229400e-07 -1.342823950e-03 2.811292470e-06 8.353608280e-07 -1.357307530e-03 2.748542350e-06 -1.412378880e-07 1.448358280e-05 6.275011470e-08
2.189399000e+00 -7.903413700e-07 -3.664950360e-03 2.979962590e-06 -6.489876440e-07 -3.679135300e-03 2.917384460e-06 -1.413537250e-07 1.418494160e-05 6.257812520e-08
2.189977000e+00 -5.114102450e-07 -3.209473520e-03 3.198564210e-06 -3.701666080e-07 -3.223589410e-03 3.136092310e-06 -1.412436370e-07 1.411588740e-05 6.247189940e-08
2.190545000e+00 -1.469442070e-06 -1.371594490e-03 3.603183450e-06 -1.327796130e-06 -1.386305160e-03 3.540603680e-06 -1.416459330e-07 1.471067040e-05 6.257977550e-08
2.191105000e+00 1.066955070e-06 -1.773081680e-03 4.872596450e-06 1.207739280e-06 -1.787974760e-03 4.810430160e-06 -1.407842060e-07 1.489308430e-05 6.216628770e-08
2.191657000e+00 -2.763647870e-06 -2.224866710e-03 4.465726820e-06 -2.621954960e-06 -2.239555670e-03 4.403130840e-06 -1.416929120e-07 1.468896250e-05 6.259597520e-08
2.192208000e+00 -2.372265180e-06 -1.758553460e-03 2.802858320e-06 -2.229732580e-06 -1.773650630e-03 2.740157740e-06 -1.425326000e-07 1.509717030e-05 6.270058300e-08
2.192751000e+00 -2.091066240e-07 -1.763449250e-03 4.894002580e-06 -6.686806680e-08 -1.779234280e-03 4.831795230e-06 -1.422385570e-07 1.578503640e-05 6.220735190e-08
2.193285000e+00 -1.367521180e-06 -3.326615560e-03 4.071588390e-06 -1.225022010e-06 -3.342230840e-03 4.009586890e-06 -1.424991760e-07 1.561528340e-05 6.200150040e-08
2.193812000e+00 -2.789857140e-06 -4.004071580e-03 3.440985420e-06 -2.646399680e-06 -4.019389310e-03 3.378814520e-06 -1.434574580e-07 1.531772480e-05 6.217089390e-08
2.194338000e+00 -2.458837780e-06 -1.896700610e-03 3.327324860e-06 -2.314479350e-06 -1.912419910e-03 3.265210690e-06 -1.443584270e-07 1.571929400e-05 6.211417480e-08
2.194856000e+00 -2.668968340e-06 -2.060371050e-03 3.003767400e-06 -2.523634520e-06 -2.076475900e-03 2.941639670e-06 -1.453338130e-07 1.610484960e-05 6.212772860e-08
2.195375000e+00 -3.042742040e-06 -2.529124170e-03 2.623227950e-06 -2.896368340e-06 -2.545326590e-03 2.561066580e-06 -1.463736950e-07 1.620242200e-05 6.216136760e-08
2.195884000e+00 -6.885007270e-07 -2.757953640e-03 4.149077990e-06 -5.422657420e-07 -2.774253310e-03 4.087330770e-06 -1.462349850e-07 1.629966480e-05 6.174721590e-08
2.196394000e+00 -2.156763660e-06 -2.255802180e-03 3.067842520e-06 -2.009881560e-06 -2.272249720e-03 3.006170240e-06 -1.468820940e-07 1.644753720e-05 6.167228390e-08
2.196896000e+00 -1.939965680e-06 -2.509979200e-03 3.539019260e-06 -1.792500360e-06 -2.526568300e-03 3.477389310e-06 -1.474653260e-07 1.658910060e-05 6.162995010e-08
2.197398000e+00 -3.313768700e-07 -2.771833400e-03 4.208099030e-06 -1.839846940e-07 -2.788688260e-03 4.146772290e-06 -1.473921760e-07 1.685486490e-05 6.132673620e-08
2.197891000e+00 -5.848139800e-06 -2.929083330e-03 6.943812330e-06 -5.698534480e-06 -2.946184220e-03 6.881260670e-06 -1.496053210e-07 1.710088810e-05 6.255165950e-08
2.198385000e+00 -1.168777090e-06 -3.855961320e-03 1.834552130e-06 -1.018783420e-06 -3.873009780e-03 1.772144650e-06 -1.499936750e-07 1.704846510e-05 6.240747680e-08
2.198870000e+00 -1.429364360e-06 -3.938714790e-03 3.520592030e-06 -1.278993390e-06 -3.955738310e-03 3.458106790e-06 -1.503709760e-07 1.702352170e-05 6.248524640e-08
2.199355000e+00 -1.317717950e-06 -2.801490120e-03 3.325193660e-06 -1.167066080e-06 -2.818779170e-03 3.262848870e-06 -1.506518710e-07 1.728904840e-05 6.234478690e-08
2.199832000e+00 -4.690877750e-06 -2.925107080e-03 6.323896330e-06 -4.538661480e-06 -2.942664650e-03 6.260633330e-06 -1.522162670e-07 1.755756780e-05 6.326299530e-08
2.200309000e+00 1.859005100e-06 -2.818179570e-03 2.376996430e-06 2.009802760e-06 -2.835856740e-03 2.314865670e-06 -1.507976660e-07 1.767717730e-05 6.213076400e-08
2.200786000e+00 2.208017390e-07 -2.716415260e-03 4.570236450e-06 3.708350050e-07 -2.734204460e-03 4.508616330e-06 -1.500332670e-07 1.778919450e-05 6.162011750e-08
2.201255000e+00 -1.168726370e-06 -3.216948130e-03 3.252650570e-06 -1.018791700e-06 -3.234800920e-03 3.191170620e-06 -1.499346720e-07 1.785278490e-05 6.147995780e-08
2.201724000e+00 -2.275249610e-06 -3.503732390e-03 6.348410840e-06 -2.125126150e-06 -3.521571020e-03 6.286596090e-06 -1.501234520e-07 1.783863160e-05 6.181475360e-08
2.202192000e+00 -1.151726680e-06 -3.160961400e-03 4.598433600e-06 -1.001778640e-06 -3.178960730e-03 4.536586310e-06 -1.499480490e-07 1.799933290e-05 6.184728100e-08
2.202652000e+00 7.457238960e-07 -2.723916370e-03 1.610344140e-06 8.948509220e-07 -2.742211420e-03 1.549060060e-06 -1.491270260e-07 1.829505070e-05 6.128407410e-08
2.203113000e+00 -3.114415540e-06 -3.241430520e-03 6.895376300e-06 -2.964714230e-06 -3.259910820e-03 6.833419230e-06 -1.497013090e-07 1.848030260e-05 6.195707160e-08
2.203573000e+00 -4.129825250e-06 -3.484197970e-03 -1.391276100e-06 -3.978956310e-06 -3.502839970e-03 -1.453517510e-06 -1.508689330e-07 1.864200510e-05 6.224140760e-08
2.204024000e+00 3.077373330e-06 -3.409111040e-03 4.934950870e-06 3.226636170e-06 -3.427907700e-03 4.873122050e-06 -1.492628400e-07 1.879666480e-05 6.182882370e-08
2.204476000e+00 1.673120520e-06 -3.337119030e-03 2.602160670e-06 1.821287090e-06 -3.355969710e-03 2.540712980e-06 -1.481665760e-07 1.885068490e-05 6.144769080e-08
2.204927000e+00 2.898517430e-06 -3.392283270e-03 2.333852480e-07 3.045179970e-06 -3.411194120e-03 1.726573740e-07 -1.466625450e-07 1.891085470e-05 6.072787410e-08
2.205379000e+00 2.116513400e-06 -3.784639930e-03 1.879079980e-06 2.261982400e-06 -3.803563820e-03 1.818728900e-06 -1.454689980e-07 1.892389080e-05 6.035107980e-08
2.205830000e+00 3.175597870e-06 -3.601802090e-03 2.983242370e-06 3.319505250e-06 -3.620714450e-03 2.923325200e-06 -1.439073810e-07 1.891236760e-05 5.991717540e-08
2.206272000e+00 1.966287520e-06 -3.634274390e-03 2.207453780e-06 2.109094070e-06 -3.653326720e-03 2.147734320e-06 -1.428065560e-07 1.905232690e-05 5.971946560e-08
2.206715000e+00 2.044159570e-06 -3.445386830e-03 1.912131290e-06 2.185799960e-06 -3.464679030e-03 1.852939240e-06 -1.416403890e-07 1.929220580e-05 5.919205480e-08
2.207157000e+00 1.547351550e-06 -3.638731470e-03 1.349477760e-06 1.688113170e-06 -3.658182400e-03 1.290728940e-06 -1.407616240e-07 1.945092810e-05 5.874881700e-08
2.207599000e+00 8.987646160e-07 -3.854343060e-03 3.912422200e-06 1.038835990e-06 -3.873925350e-03 3.853952570e-06 -1.400713750e-07 1.958228900e-05 5.846962390e-08
2.208032000e+00 3.131062950e-06 -3.736638000e-03 -1.984150850e-06 3.269911270e-06 -3.756353000e-03 -2.041756550e-06 -1.388483210e-07 1.971499700e-05 5.760570080e-08
2.208464000e+00 1.732806430e-06 -3.853072770e-03 7.853026940e-07 1.871086850e-06 -3.872806190e-03 7.278308150e-07 -1.382804200e-07 1.973342490e-05 5.747187880e-08
2.208897000e+00 1.730230790e-06 -3.583554380e-03 1.166990280e-06 1.868038200e-06 -3.603306580e-03 1.109533370e-06 -1.378074050e-07 1.975219390e-05 5.745690830e-08
2.209330000e+00 3.117049030e-06 -3.943296880e-03 1.127403480e-06 3.253947760e-06 -3.963164600e-03 1.070177780e-06 -1.368987300e-07 1.986772120e-05 5.722570750e-08
2.209762000e+00 1.781568760e-06 -4.830747650e-03 5.187794920e-07 1.918123160e-06 -4.850671640e-03 4.616028970e-07 -1.365543990e-07 1.992398790e-05 5.717659520e-08
2.210195000e+00 5.924720280e-06 -3.787065060e-03 -1.186040630e-06 6.059511780e-06 -3.807167570e-03 -1.242289560e-06 -1.347915030e-07 2.010251010e-05 5.624893180e-08
2.210627000e+00 2.665743130e-06 -2.301211570e-03 5.473950900e-08 2.799932140e-06 -2.321681980e-03 -1.280561260e-09 -1.341890070e-07 2.047041070e-05 5.602007030e-08
2.211060000e+00 -8.158236580e-07 -2.886905970e-03 7.989859460e-07 -6.810243320e-07 -2.907605330e-03 7.424641590e-07 -1.347993270e-07 2.069936540e-05 5.652178640e-08
2.211482000e+00 -5.929551680e-06 -4.334402760e-03 5.085666390e-06 -5.792483790e-06 -4.355014600e-03 5.027589670e-06 -1.370678880e-07 2.061183330e-05 5.807672710e-08
2.211903000e+00 -9.049077300e-07 -4.440143550e-03 2.058855500e-06 -7.672997000e-07 -4.460664720e-03 2.000307800e-06 -1.376080300e-07 2.052117270e-05 5.854769530e-08
2.212325000e+00 -5.408353860e-07 -4.255810270e-03 1.373202230e-06 -4.027977120e-07 -4.276415180e-03 1.314618370e-06 -1.380376740e-07 2.060490450e-05 5.858385980e-08
2.212746000e+00 -3.621288860e-06 -4.190106540e-03 -3.663323000e-06 -3.481489980e-06 -4.210901710e-03 -3.722149830e-06 -1.397988720e-07 2.079516600e-05 5.882683020e-08
2.213168000e+00 1.265334930e-06 -4.431899200e-03 9.760853530e-06 1.404134740e-06 -4.452789870e-03 9.702656390e-06 -1.387998110e-07 2.089066570e-05 5.819714740e-08
2.213589000e+00 -1.463216800e-06 -4.750686560e-03 1.908328900e-06 -1.324095490e-06 -4.771624470e-03 1.850709300e-06 -1.391213090e-07 2.093790590e-05 5.761959990e-08
2.214011000e+00 -1.662552340e-06 -4.754590830e-03 3.574715010e-07 -1.523152540e-06 -4.775603180e-03 3.000942400e-07 -1.393998050e-07 2.101234600e-05 5.737726100e-08
2.214432000e+00 -1.399730220e-06 -3.301214530e-03 1.278510960e-06 -1.260152320e-06 -3.322469060e-03 1.221424830e-06 -1.395778940e-07 2.125453560e-05 5.708613470e-08
2.214841000e+00 -6.943904170e-07 -2.621298370e-03 2.473205730e-06 -5.547816590e-07 -2.642895960e-03 2.416484770e-06 -1.396087580e-07 2.159758890e-05 5.672095420e-08
2.215249000e+00 -1.044320930e-06 -3.935791180e-03 -1.609465790e-06 -9.042032290e-07 -3.957457880e-03 -1.665890780e-06 -1.401177000e-07 2.166669920e-05 5.642498740e-08
2.215657000e+00 -6.479526880e-06 -5.189442070e-03 -3.053220650e-07 -6.337185240e-06 -5.210915050e-03 -3.623881720e-07 -1.423416420e-07 2.147297320e-05 5.706610750e-08
2.216066000e+00 -2.848872600e-06 -4.764969050e-03 3.417077580e-06 -2.705839650e-06 -4.786389230e-03 3.359627970e-06 -1.430329470e-07 2.142018360e-05 5.744960810e-08
2.216474000e+00 2.368796510e-06 -3.455987950e-03 4.160207490e-06 2.510323780e-06 -3.477644370e-03 4.103163080e-06 -1.415272630e-07 2.165642200e-05 5.704441210e-08
2.216883000e+00 -1.641577560e-06 -2.885251950e-03 1.933110070e-06 -1.500376260e-06 -2.907210260e-03 1.876027690e-06 -1.412013040e-07 2.195830230e-05 5.708237920e-08
2.217291000e+00 -2.639724040e-06 -4.195353950e-03 3.258446930e-06 -2.498484120e-06 -4.217418300e-03 3.200867860e-06 -1.412399190e-07 2.206435140e-05 5.757906150e-08
2.217699000e+00 -1.086147490e-05 -5.719145410e-03 6.509441280e-06 -1.071726860e-05 -5.741147930e-03 6.449545890e-06 -1.442062670e-07 2.200251900e-05 5.989538760e-08
2.218108000e+00 -8.701048430e-07 -4.873346290e-03 -4.194450060e-06 -7.259920590e-07 -4.895408340e-03 -4.253966650e-06 -1.441127840e-07 2.206204620e-05 5.951658990e-08
2.218516000e+00 4.848417630e-06 -3.432785520e-03 1.844439630e-06 4.990440980e-06 -3.455063890e-03 1.785669050e-06 -1.420233450e-07 2.227837280e-05 5.877058030e-08
2.218924000e+00 -3.103222550e-06 -3.525683570e-03 1.773107430e-06 -2.960435890e-06 -3.548185300e-03 1.713813000e-06 -1.427866590e-07 2.250172350e-05 5.929442790e-08
2.219333000e+00 -1.142138250e-07 -3.740710000e-03 3.128682150e-06 2.832107610e-08 -3.763366760e-03 3.069234930e-06 -1.425349010e-07 2.265675960e-05 5.944721920e-08
2.219741000e+00 -1.347671280e-08 -3.516159320e-03 -7.200231230e-07 1.289651020e-07 -3.538946930e-03 -7.794394430e-07 -1.424418140e-07 2.278760530e-05 5.941632040e-08
2.220149000e+00 -1.210419910e-06 -4.041911170e-03 1.620191510e-06 -1.067665360e-06 -4.064823590e-03 1.560539490e-06 -1.427545490e-07 2.291242590e-05 5.965201630e-08
2.220558000e+00 -7.526821730e-07 -5.490743900e-03 2.206151020e-06 -6.097983910e-07 -5.513662990e-03 2.146440270e-06 -1.428837820e-07 2.291908810e-05 5.971075180e-08
2.220966000e+00 6.777554600e-07 -6.082602710e-03 1.421417770e-06 8.203363000e-07 -6.105491340e-03 1.362047690e-06 -1.425808400e-07 2.288863000e-05 5.937007870e-08
2.221375000e+00 -7.573780250e-08 -3.869162600e-03 2.006820100e-06 6.689883580e-08 -3.892246670e-03 1.947476790e-06 -1.426366380e-07 2.308406940e-05 5.934331130e-08
2.221783000e+00 -1.377062170e-06 -1.868218040e-03 -5.541246120e-08 -1.233764110e-06 -1.891680520e-03 -1.148194350e-07 -1.432980570e-07 2.346248070e-05 5.940697410e-08
2.222191000e+00 4.582778700e-07 -3.186714010e-03 -1.334234830e-06 6.017185490e-07 -3.210367340e-03 -1.393451590e-06 -1.434406790e-07 2.365332900e-05 5.921676120e-08
2.222600000e+00 2.091069940e-07 -5.794991300e-03 -7.536811540e-07 3.527250050e-07 -5.818443700e-03 -8.125348430e-07 -1.436180110e-07 2.345240300e-05 5.885368840e-08
2.223008000e+00 -5.107408630e-06 -5.890918930e-03 4.531784100e-06 -4.961629500e-06 -5.914159620e-03 4.471591940e-06 -1.457791290e-07 2.324068980e-05 6.019216120e-08
2.223416000e+00 -1.981874510e-06 -4.757105480e-03 1.828631780e-06 -1.834977170e-06 -4.780487150e-03 1.767864240e-06 -1.468973330e-07 2.338167380e-05 6.076754130e-08
2.223825000e+00 -1.391930230e-07 -4.521396950e-03 9.103676740e-07 8.205976870e-09 -4.545086940e-03 8.493338550e-07 -1.473990000e-07 2.368998850e-05 6.103381900e-08
2.224233000e+00 -1.482449990e-06 -4.546027280e-03 1.707370120e-06 -1.334067380e-06 -4.569922840e-03 1.645753570e-06 -1.483826120e-07 2.389555850e-05 6.161654140e-08
2.224641000e+00 -3.599554900e-06 -4.584040960e-03 2.494660420e-06 -3.449383940e-06 -4.608046380e-03 2.432009590e-06 -1.501709580e-07 2.400541770e-05 6.265083240e-08
2.225050000e+00 1.399586510e-06 -4.299714920e-03 -2.584284080e-07 1.549845200e-06 -4.323875600e-03 -3.210778720e-07 -1.502586920e-07 2.416068010e-05 6.264946450e-08
2.225458000e+00 -1.139173220e-06 -4.336163630e-03 5.242192190e-07 -9.880033730e-07 -4.360340770e-03 4.610899130e-07 -1.511698520e-07 2.417714450e-05 6.312930570e-08
2.225867000e+00 -2.309723750e-06 -4.365529430e-03 4.784452550e-06 -2.157442380e-06 -4.389564480e-03 4.720395040e-06 -1.522813670e-07 2.403505080e-05 6.405750400e-08
2.226275000e+00 -2.759722240e-06 -4.545736970e-03 1.130709390e-06 -2.605989390e-06 -4.569804250e-03 1.065821980e-06 -1.537328470e-07 2.406727270e-05 6.488741340e-08
2.226683000e+00 -2.811323880e-06 -4.865746350e-03 1.270186580e-06 -2.656206340e-06 -4.890087750e-03 1.204417940e-06 -1.551175430e-07 2.434139710e-05 6.576863410e-08
2.227092000e+00 -3.469813820e-06 -5.008114860e-03 1.573214290e-06 -3.313108910e-06 -5.032715570e-03 1.506400100e-06 -1.567049060e-07 2.460070840e-05 6.681419320e-08
2.227500000e+00 -5.033122720e-06 -4.936758270e-03 3.165140370e-06 -4.874384190e-06 -4.961455800e-03 3.096936370e-06 -1.587385220e-07 2.469753650e-05 6.820400480e-08
2.227901000e+00 -3.058810040e-06 -5.209789990e-03 1.683850610e-06 -2.898746710e-06 -5.234444090e-03 1.614666610e-06 -1.600633350e-07 2.465409490e-05 6.918399670e-08
2.228302000e+00 -1.619396630e-08 -4.731884840e-03 1.262357710e-06 1.441237870e-07 -4.756647020e-03 1.192646870e-06 -1.603177530e-07 2.476217610e-05 6.971084210e-08
2.228703000e+00 -2.374972460e-06 -3.461094930e-03 2.226123420e-06 -2.213552960e-06 -3.486124870e-03 2.155456550e-06 -1.614195050e-07 2.502994210e-05 7.066686750e-08
2.229104000e+00 -3.923733990e-06 -3.276288630e-03 4.136326520e-06 -3.760766440e-06 -3.301570740e-03 4.064322490e-06 -1.629675500e-07 2.528211030e-05 7.200403200e-08
2.229505000e+00 -3.382596900e-06 -4.735679700e-03 2.455760480e-06 -3.218237800e-06 -4.761030420e-03 2.382565290e-06 -1.643590980e-07 2.535072980e-05 7.319519580e-08
2.229906000e+00 -3.363832680e-06 -6.124135770e-03 3.386234500e-06 -3.198192440e-06 -6.149393280e-03 3.311710310e-06 -1.656402330e-07 2.525751000e-05 7.452419400e-08
2.230307000e+00 -6.223607540e-06 -5.393893240e-03 4.042100280e-06 -6.055663590e-06 -5.419205090e-03 3.965674670e-06 -1.679439410e-07 2.531184350e-05 7.642561520e-08
2.230708000e+00 -1.916881620e-06 -3.756728810e-03 1.946577670e-06 -1.748284320e-06 -3.782269130e-03 1.869181740e-06 -1.685973000e-07 2.554031490e-05 7.739593530e-08
2.231109000e+00 -3.616392680e-06 -3.589950000e-03 3.051334300e-06 -3.446641660e-06 -3.615728850e-03 2.972624610e-06 -1.697510210e-07 2.577884720e-05 7.870968820e-08
2.231510000e+00 -2.993827510e-06 -4.920443130e-03 4.158868330e-06 -2.823211580e-06 -4.946276670e-03 4.078828570e-06 -1.706159300e-07 2.583353870e-05 8.003976760e-08
2.231911000e+00 -4.740528860e-06 -5.978319840e-03 3.546502250e-06 -4.568393150e-06 -6.004073000e-03 3.464826920e-06 -1.721357100e-07 2.575316310e-05 8.167533190e-08
2.232312000e+00 -5.498443220e-06 -5.527134440e-03 3.037644960e-06 -5.324626410e-06 -5.552915700e-03 2.954320290e-06 -1.738168170e-07 2.578125670e-05 8.332467000e-08
2.232717000e+00 8.631837080e-06 -5.751745960e-03 -6.951111330e-06 8.802704130e-06 -5.777556500e-03 -7.033147750e-06 -1.708670490e-07 2.581053910e-05 8.203641870e-08
2.233123000e+00 2.197712890e-06 -6.260088920e-03 2.224156930e-06 2.367244960e-06 -6.285873060e-03 2.142301000e-06 -1.695320690e-07 2.578413670e-05 8.185592940e-08
2.233529000e+00 -7.262028240e-06 -4.481408580e-03 4.639554180e-07 -7.090380780e-06 -4.507464440e-03 3.808386400e-07 -1.716474640e-07 2.605585810e-05 8.311677850e-08
2.233934000e+00 -6.382909810e-06 -2.106686370e-03 4.722753630e-06 -6.209720480e-06 -2.133273750e-03 4.638336020e-06 -1.731893320e-07 2.658738300e-05 8.441760600e-08
2.234340000e+00 -3.331077040e-06 -3.600607030e-03 5.909931630e-06 -3.157587990e-06 -3.627494060e-03 5.824806950e-06 -1.734890490e-07 2.688702500e-05 8.512467940e-08
2.234745000e+00 -6.804960220e-06 -6.065189960e-03 3.773653480e-06 -6.629909290e-06 -6.091996880e-03 3.687347060e-06 -1.750509320e-07 2.680692420e-05 8.630641930e-08
2.235151000e+00 -6.320750660e-06 -6.458884460e-03 2.551721980e-06 -6.144330640e-06 -6.485631870e-03 2.464615200e-06 -1.764200160e-07 2.674741490e-05 8.710678420e-08
2.235556000e+00 -9.043024530e-06 -5.077635010e-03 6.502491110e-06 -8.864511530e-06 -5.104482260e-03 6.413972690e-06 -1.785129990e-07 2.684724770e-05 8.851841900e-08
2.235962000e+00 3.024430410e-06 -4.564163490e-03 -6.088414440e-08 3.200851360e-06 -4.591138700e-03 -1.484466850e-07 -1.764209520e-07 2.697520750e-05 8.756254040e-08
2.236373000e+00 3.422394620e-06 -4.518945360e-03 -5.627021680e-06 3.596815450e-06 -4.546054460e-03 -5.713165900e-06 -1.744208330e-07 2.710910510e-05 8.614421240e-08
2.236783000e+00 -2.903000890e-06 -4.672034620e-03 -6.726311510e-07 -2.728712040e-06 -4.699290370e-03 -7.586097720e-07 -1.742888520e-07 2.725575640e-05 8.597862030e-08
2.237194000e+00 8.027130080e-07 -4.931880750e-03 5.436010740e-06 9.750115220e-07 -4.959284350e-03 5.350531270e-06 -1.722985150e-07 2.740359670e-05 8.547946620e-08
2.237605000e+00 4.829557140e-08 -5.025511810e-03 -9.040421910e-06 2.196643710e-07 -5.053019890e-03 -9.124677360e-06 -1.713687990e-07 2.750807770e-05 8.425544640e-08
2.238016000e+00 -1.944823170e-06 -5.463984870e-03 -1.430071920e-06 -1.774231980e-06 -5.491479960e-03 -1.513860690e-06 -1.705911880e-07 2.749508410e-05 8.378876860e-08
2.238432000e+00 2.977261240e-06 -5.049612350e-03 8.007420710e-07 3.145173380e-06 -5.077212790e-03 7.180086680e-07 -1.679121440e-07 2.760044490e-05 8.273340290e-08
2.238848000e+00 -6.270012530e-06 -5.374969870e-03 2.887623600e-06 -6.101394550e-06 -5.402823900e-03 2.804240220e-06 -1.686179780e-07 2.785402550e-05 8.338337970e-08
2.239265000e+00 -5.578350360e-06 -5.446546680e-03 3.646585950e-06 -5.409470960e-06 -5.474663900e-03 3.562659920e-06 -1.688794000e-07 2.811721990e-05 8.392603240e-08
2.239681000e+00 3.909501560e-06 -5.240560020e-03 2.136565810e-06 4.074935220e-06 -5.268777670e-03 2.053966100e-06 -1.654336580e-07 2.821765410e-05 8.259971150e-08
2.240098000e+00 -4.238640400e-06 -5.511521810e-03 -1.989763690e-06 -4.073058110e-06 -5.539705020e-03 -2.072491050e-06 -1.655822920e-07 2.818321640e-05 8.272736540e-08
2.240521000e+00 -7.940682090e-06 -4.902798130e-03 6.312979430e-06 -7.774159230e-06 -4.931120950e-03 6.229152610e-06 -1.665228610e-07 2.832282430e-05 8.382682020e-08
2.240943000e+00 -8.001980510e-06 -3.471609940e-03 5.829627920e-06 -7.834500570e-06 -3.500268880e-03 5.744604190e-06 -1.674799420e-07 2.865893710e-05 8.502373380e-08
2.241366000e+00 -5.819159410e-06 -4.097909220e-03 1.575080300e-06 -5.651418240e-06 -4.126802900e-03 1.489390900e-06 -1.677411680e-07 2.889368180e-05 8.568940290e-08
2.241789000e+00 -7.782247790e-06 -5.399076030e-03 4.767434950e-06 -7.613645120e-06 -5.427989420e-03 4.680658560e-06 -1.686026720e-07 2.891338830e-05 8.677638630e-08
2.242219000e+00 -5.160990920e-06 -5.534684250e-03 2.274407280e-06 -4.992251510e-06 -5.563561520e-03 2.187003210e-06 -1.687394170e-07 2.887727020e-05 8.740407600e-08
2.242648000e+00 -1.595626650e-06 -5.469835390e-03 -1.851813490e-06 -1.428236610e-06 -5.498849600e-03 -1.938903350e-06 -1.673900340e-07 2.901420250e-05 8.708986440e-08
2.243078000e+00 -6.401620100e-06 -6.258852720e-03 3.962216010e-06 -6.234038300e-06 -6.288119740e-03 3.873983380e-06 -1.675818000e-07 2.926701190e-05 8.823262670e-08
2.243508000e+00 -7.499695120e-06 -5.754027290e-03 5.077334960e-06 -7.331293720e-06 -5.783480640e-03 4.987562290e-06 -1.684014000e-07 2.945334610e-05 8.977266300e-08
2.243937000e+00 -4.438703270e-06 -4.146439350e-03 2.418677380e-06 -4.270272120e-06 -4.176077050e-03 2.327816590e-06 -1.684311470e-07 2.963769810e-05 9.086079510e-08
2.244367000e+00 -7.976366450e-06 -4.406430850e-03 -2.040292450e-06 -7.806236910e-06 -4.436231500e-03 -2.132299590e-06 -1.701295350e-07 2.980065090e-05 9.200714000e-08
2.244805000e+00 -7.876263130e-06 -4.719014160e-03 8.718863410e-06 -7.704688240e-06 -4.748986460e-03 8.624500500e-06 -1.715748880e-07 2.997230660e-05 9.436290740e-08
2.245242000e+00 -1.164667710e-05 -4.593016580e-03 9.186938270e-06 -1.147225350e-05 -4.623202300e-03 9.089884000e-06 -1.744235660e-07 3.018572670e-05 9.705427420e-08
2.245680000e+00 -5.793141850e-06 -4.503490900e-03 4.290562160e-06 -5.617897640e-06 -4.533847470e-03 4.192077900e-06 -1.752442170e-07 3.035656390e-05 9.848425820e-08
2.246118000e+00 -6.776366450e-07 -4.310513390e-03 3.448603640e-06 -5.034714950e-07 -4.340990730e-03 3.349797060e-06 -1.741651500e-07 3.047734340e-05 9.880658240e-08
2.246555000e+00 -1.099694400e-05 -4.907930110e-03 5.830639860e-07 -1.081928000e-05 -4.938551560e-03 4.817085510e-07 -1.776640430e-07 3.062144430e-05 1.013554350e-07
2.247002000e+00 -3.148877250e-06 -6.870684490e-03 1.581518630e-06 -2.970625470e-06 -6.901412580e-03 1.478817390e-06 -1.782517800e-07 3.072808500e-05 1.027012410e-07
2.247449000e+00 -2.239037240e-06 -6.720656250e-03 1.165767410e-06 -2.059979460e-06 -6.751519010e-03 1.061966050e-06 -1.790577780e-07 3.086276410e-05 1.038013590e-07
2.247896000e+00 -2.976904640e-06 -5.188996690e-03 1.491202850e-06 -2.796722860e-06 -5.219999810e-03 1.385963420e-06 -1.801817880e-07 3.100312360e-05 1.052394290e-07
2.248342000e+00 -3.128718690e-06 -5.092750490e-03 5.563896290e-07 -2.947296240e-06 -5.123843820e-03 4.495473300e-07 -1.814224560e-07 3.109332990e-05 1.068423000e-07
2.248789000e+00 -6.345433240e-06 -4.045937740e-03 5.283076330e-06 -6.161815930e-06 -4.077311910e-03 5.173713800e-06 -1.836173110e-07 3.137416350e-05 1.093625310e-07
2.249236000e+00 -3.346496370e-06 -2.540135630e-03 2.612637940e-06 -3.161621180e-06 -2.572005240e-03 2.501347250e-06 -1.848751950e-07 3.186961010e-05 1.112906910e-07
2.249683000e+00 -3.622969350e-06 -4.813462370e-03 3.025130000e-06 -3.436598470e-06 -4.845483810e-03 2.911872090e-06 -1.863708880e-07 3.202144130e-05 1.132579110e-07
2.250141000e+00 -9.616596530e-07 -7.323607830e-03 3.140347170e-06 -7.747891110e-07 -7.355366190e-03 3.025607840e-06 -1.868705430e-07 3.175835660e-05 1.147393380e-07
2.250598000e+00 -2.770331740e-06 -6.134555210e-03 3.376158770e-06 -2.582243460e-06 -6.166340740e-03 3.259771120e-06 -1.880882800e-07 3.178553160e-05 1.163876530e-07
2.251056000e+00 -8.049787780e-07 -3.904166340e-03 5.074066420e-06 -6.165244680e-07 -3.936543230e-03 4.956215020e-06 -1.884543100e-07 3.237688820e-05 1.178513940e-07
2.251514000e+00 -5.512788030e-06 -4.177013600e-03 6.178873870e-06 -5.322066750e-06 -4.209866820e-03 6.058792400e-06 -1.907212800e-07 3.285322290e-05 1.200814660e-07
2.251972000e+00 -4.472490500e-06 -3.329511840e-03 3.548179440e-06 -4.279528440e-06 -3.362501970e-03 3.426059620e-06 -1.929620520e-07 3.299013530e-05 1.221198240e-07
2.252430000e+00 -7.870496680e-07 -3.048696300e-03 3.560160550e-06 -5.933881910e-07 -3.081789420e-03 3.436650300e-06 -1.936614770e-07 3.309312850e-05 1.235102530e-07
2.252902000e+00 2.849576950e-06 -7.125686860e-03 -4.548460920e-06 3.043204110e-06 -7.158776680e-03 -4.672439580e-06 -1.936271600e-07 3.308982170e-05 1.239786640e-07
2.253374000e+00 -4.822965480e-07 -8.997103260e-03 4.484050730e-07 -2.877014330e-07 -9.030144930e-03 3.231332860e-07 -1.945951150e-07 3.304166710e-05 1.252717870e-07
2.253831000e+00 1.355323450e-06 -4.757897370e-03 -2.251071290e-06 1.550440300e-06 -4.791281000e-03 -2.377279750e-06 -1.951168580e-07 3.338362310e-05 1.262084620e-07
2.254303000e+00 -2.113786200e-06 -1.433647090e-03 1.124680510e-06 -1.916908740e-06 -1.467611970e-03 9.968947220e-07 -1.968774580e-07 3.396487970e-05 1.277857910e-07
2.254775000e+00 3.739593240e-06 -4.013167300e-03 -1.241226020e-06 3.936043410e-06 -4.047395800e-03 -1.369325830e-06 -1.964501750e-07 3.422849820e-05 1.280998090e-07
2.255248000e+00 5.748867750e-07 -6.196868610e-03 4.388701960e-07 7.721806260e-07 -6.231085580e-03 3.099357150e-07 -1.972938510e-07 3.421696760e-05 1.289344820e-07
2.255720000e+00 8.061711120e-07 -5.876883640e-03 4.806703010e-06 1.003733050e-06 -5.911216080e-03 4.676896450e-06 -1.975619380e-07 3.433244210e-05 1.298065620e-07
2.256192000e+00 3.353669960e-07 -6.515126420e-03 1.927132000e-06 5.336302270e-07 -6.549626090e-03 1.796531210e-06 -1.982632310e-07 3.449966760e-05 1.306007850e-07
2.256665000e+00 2.550206820e-06 -5.875538320e-03 5.432269450e-08 2.748239770e-06 -5.910247530e-03 -7.657713210e-08 -1.980329430e-07 3.470921410e-05 1.308998270e-07
2.257137000e+00 7.246825180e-07 -2.271113460e-03 2.321637770e-06 9.228332070e-07 -2.306220890e-03 2.190041670e-06 -1.981506890e-07 3.510742930e-05 1.315960990e-07
2.257609000e+00 -1.909136280e-06 -2.520248820e-03 3.834611830e-06 -1.709738800e-06 -2.555689410e-03 3.701793940e-06 -1.993974770e-07 3.544058840e-05 1.328178830e-07
2.258082000e+00 6.080054530e-06 -4.915923720e-03 -1.004117890e-06 6.277614700e-06 -4.951681580e-03 -1.136517270e-06 -1.975601720e-07 3.575786500e-05 1.323993840e-07
2.258554000e+00 -6.906425280e-06 -5.230063500e-03 1.700264030e-06 -6.705036180e-06 -5.266178710e-03 1.565857990e-06 -2.013890940e-07 3.611520640e-05 1.344060400e-07
2.259026000e+00 -1.546984340e-06 -6.027829330e-03 2.175973310e-06 -1.344494580e-06 -6.063868920e-03 2.040716540e-06 -2.024897610e-07 3.603958830e-05 1.352567660e-07
2.259499000e+00 -4.612255430e-06 -6.944422120e-03 2.377076150e-06 -4.407314190e-06 -6.980206590e-03 2.240165820e-06 -2.049412460e-07 3.578447220e-05 1.369103220e-07
2.259971000e+00 -6.249351090e-07 -4.478969360e-03 3.265099210e-07 -4.193472250e-07 -4.515176000e-03 1.888846450e-07 -2.055878840e-07 3.620663660e-05 1.376252750e-07
2.260443000e+00 -2.814076520e-06 -3.626817720e-03 3.091888390e-06 -2.607524820e-06 -3.663629120e-03 2.953214040e-06 -2.065517040e-07 3.681140410e-05 1.386743460e-07
2.260915000e+00 1.061637240e-06 -3.655310040e-03 3.153548590e-06 1.267334830e-06 -3.692526250e-03 3.014353170e-06 -2.056975860e-07 3.721620710e-05 1.391954210e-07
2.261421000e+00 -3.561921150e-07 -3.592553080e-03 -3.218770700e-06 -1.503002040e-07 -3.630283490e-03 -3.358060070e-06 -2.058919110e-07 3.773040660e-05 1.392893670e-07
2.261928000e+00 -4.380176480e-06 -4.556321010e-03 2.420364690e-06 -4.172725230e-06 -4.594167460e-03 2.279653340e-06 -2.074512430e-07 3.784645870e-05 1.407113530e-07
2.262434000e+00 -5.841425940e-06 -7.007651750e-03 4.445479070e-07 -5.631241020e-06 -7.045011290e-03 3.021641390e-07 -2.101849170e-07 3.735953830e-05 1.423837680e-07
2.262940000e+00 -6.091521880e-06 -5.106193740e-03 1.993695820e-06 -5.878186570e-06 -5.143795900e-03 1.849051650e-06 -2.133353070e-07 3.760216580e-05 1.446441690e-07
2.263446000e+00 -4.166508480e-07 -3.749076220e-03 8.850938000e-08 -2.025445700e-07 -3.787513050e-03 -5.739785730e-08 -2.141062780e-07 3.843682640e-05 1.459072370e-07
2.263952000e+00 -2.046023540e-07 -3.885783790e-03 1.643924440e-06 1.037302310e-08 -3.924587770e-03 1.496749140e-06 -2.149753780e-07 3.880397770e-05 1.471753020e-07
2.264458000e+00 2.182646850e-06 -3.654067710e-03 -4.033563450e-07 2.397939320e-06 -3.692912000e-03 -5.512883400e-07 -2.152924740e-07 3.884429170e-05 1.479319950e-07
2.264964000e+00 2.078857270e-06 -3.939198550e-03 -1.909940020e-06 2.294826880e-06 -3.978315420e-03 -2.058555210e-06 -2.159696040e-07 3.911687410e-05 1.486151880e-07
2.265470000e+00 -1.830046720e-06 -3.659325890e-03 2.171909710e-06 -1.611865000e-06 -3.698954290e-03 2.021547610e-06 -2.181817220e-07 3.962839190e-05 1.503621060e-07
2.265976000e+00 4.544668190e-06 -4.605210680e-03 -2.817803360e-06 4.762378870e-06 -4.645072670e-03 -2.968427260e-06 -2.177106780e-07 3.986199050e-05 1.506239050e-07
2.266482000e+00 6.128382440e-06 -5.643731780e-03 2.624415390e-06 6.344323470e-06 -5.683554960e-03 2.473552420e-06 -2.159410270e-07 3.982318540e-05 1.508629730e-07
2.266988000e+00 1.205345120e-06 -4.589946010e-03 -1.495192380e-06 1.422463960e-06 -4.630049390e-03 -1.647339220e-06 -2.171188420e-07 4.010337740e-05 1.521468450e-07
2.267494000e+00 1.939343650e-06 -3.947092770e-03 3.338589820e-08 2.157093680e-06 -3.987730770e-03 -1.199257280e-07 -2.177500250e-07 4.063799900e-05 1.533116260e-07
2.268000000e+00 -1.206369250e-06 -4.159421340e-03 1.990995110e-06 -9.866125730e-07 -4.200324330e-03 1.835837440e-06 -2.197566740e-07 4.090298970e-05 1.551576710e-07
2.268513000e+00 2.545554480e-06 -3.870310560e-03 -5.159666640e-07 2.765869390e-06 -3.911284110e-03 -6.717590480e-07 -2.203149110e-07 4.097354070e-05 1.557923840e-07
2.269025000e+00 4.284708560e-06 -3.830852430e-03 -3.138540790e-06 4.504975990e-06 -3.872094950e-03 -3.294269950e-06 -2.202674250e-07 4.124252240e-05 1.557291570e-07
2.269545000e+00 1.841302930e-06 -5.120672290e-03 -1.203686200e-06 2.062501760e-06 -5.162269240e-03 -1.359679300e-06 -2.211988260e-07 4.159695460e-05 1.559930940e-07
2.270064000e+00 -1.929996620e-06 -3.895456260e-03 4.712794660e-06 -1.706372070e-06 -3.937467250e-03 4.555402810e-06 -2.236245460e-07 4.201099180e-05 1.573918520e-07
2.270584000e+00 -9.850574180e-07 -2.764674500e-03 -1.345579790e-06 -7.588902850e-07 -2.807234120e-03 -1.503719520e-06 -2.261671320e-07 4.255962110e-05 1.581397300e-07
2.271103000e+00 4.287687620e-06 -3.635976530e-03 -7.816056250e-07 4.513863220e-06 -3.678810830e-03 -9.395923250e-07 -2.261755960e-07 4.283429680e-05 1.579867000e-07
2.271630000e+00 7.235198140e-07 -4.151603040e-03 6.762913030e-07 9.512130630e-07 -4.194575910e-03 5.179402390e-07 -2.276932490e-07 4.297286500e-05 1.583510640e-07
2.272156000e+00 3.385726500e-06 -4.345250960e-03 2.049883730e-06 3.613481410e-06 -4.388484360e-03 1.891610660e-06 -2.277549170e-07 4.323339940e-05 1.582730700e-07
2.272683000e+00 -1.338803880e-06 -4.501271040e-03 -9.882877240e-07 -1.108363590e-06 -4.544814340e-03 -1.147385200e-06 -2.304402830e-07 4.354329850e-05 1.590974790e-07
2.273210000e+00 -2.316083100e-06 -4.039166790e-03 4.092689780e-06 -2.083306080e-06 -4.082929460e-03 3.932612380e-06 -2.327770180e-07 4.376266080e-05 1.600774030e-07
2.273737000e+00 3.540526050e-06 -4.786562790e-03 -3.593324910e-06 3.773822270e-06 -4.830428150e-03 -3.753126800e-06 -2.332962210e-07 4.386535350e-05 1.598018910e-07
2.274263000e+00 2.686211900e-06 -1.626525200e-03 -1.496858540e-06 2.920138520e-06 -1.671127380e-03 -1.656498870e-06 -2.339266210e-07 4.460218250e-05 1.596403280e-07
2.274790000e+00 6.659092740e-06 -1.090799910e-03 -4.064805660e-06 6.892088690e-06 -1.136262080e-03 -4.223329190e-06 -2.329959470e-07 4.546216620e-05 1.585235260e-07
2.275317000e+00 -4.504768280e-06 -5.810300980e-03 1.460156330e-06 -4.268230390e-06 -5.855441950e-03 1.300846890e-06 -2.365378880e-07 4.514097250e-05 1.593094450e-07
2.275843000e+00 -9.032691960e-07 -6.249650850e-03 7.604167410e-07 -6.648098220e-07 -6.294425140e-03 6.008852650e-07 -2.384593740e-07 4.477428660e-05 1.595314770e-07
2.276370000e+00 3.660190970e-07 -1.322098280e-03 -7.999660450e-07 6.058869830e-07 -1.367700520e-03 -9.593100710e-07 -2.398678850e-07 4.560224500e-05 1.593440260e-07
2.276897000e+00 -3.151649190e-07 -1.463015260e-03 5.717151440e-07 -7.380472920e-08 -1.509397480e-03 4.125350030e-07 -2.413601900e-07 4.638221680e-05 1.591801410e-07
2.277424000e+00 3.566200370e-07 -3.390097490e-03 2.341183360e-07 5.991465270e-07 -3.436998990e-03 7.523908090e-08 -2.425264900e-07 4.690150090e-05 1.588792550e-07
2.277942000e+00 1.344026150e-07 -3.498208370e-03 4.406778420e-07 3.781628780e-07 -3.545567330e-03 2.819068990e-07 -2.437602630e-07 4.735896600e-05 1.587709420e-07
2.278459000e+00 6.973281840e-06 -4.492812010e-03 -3.530017480e-06 7.215204070e-06 -4.539943760e-03 -3.687121040e-06 -2.419222350e-07 4.713175160e-05 1.571035580e-07
2.278977000e+00 2.436970240e-06 -3.597577350e-03 1.960608350e-06 2.678762500e-06 -3.644700410e-03 1.804168300e-06 -2.417922560e-07 4.712305590e-05 1.564400470e-07
2.279495000e+00 4.123695450e-06 -3.707795090e-03 -8.199357750e-07 4.365137860e-06 -3.755333640e-03 -9.752896120e-07 -2.414424020e-07 4.753855090e-05 1.553538370e-07
2.280013000e+00 1.295102560e-05 -3.197064250e-03 -8.335041000e-06 1.318865980e-05 -3.245002480e-03 -8.487310950e-06 -2.376341980e-07 4.793823220e-05 1.522699520e-07
2.280531000e+00 -4.240159170e-06 -1.257908660e-03 4.983453530e-06 -3.999505490e-06 -1.306425780e-03 4.830845390e-06 -2.406536740e-07 4.851711920e-05 1.526081380e-07
2.281049000e+00 2.303981000e-06 -1.732885840e-03 1.279453660e-06 2.545124940e-06 -1.781895770e-03 1.127862140e-06 -2.411439380e-07 4.900992750e-05 1.515915220e-07
2.281567000e+00 4.159368330e-06 -3.663952330e-03 -4.035883300e-06 4.400497780e-06 -3.713257880e-03 -4.185675800e-06 -2.411294500e-07 4.930555280e-05 1.497924930e-07
2.282075000e+00 4.709921050e-06 -3.799071020e-03 -2.074390830e-06 4.950752290e-06 -3.848676450e-03 -2.222605150e-06 -2.408312330e-07 4.960542810e-05 1.482143210e-07
2.282583000e+00 4.273667120e-06 -3.307011530e-03 -6.635844560e-07 4.514447380e-06 -3.356828870e-03 -8.105000160e-07 -2.407802560e-07 4.981734160e-05 1.469155600e-07
2.283092000e+00 1.168064250e-05 -3.345641630e-03 -7.978240730e-06 1.191850740e-05 -3.395734480e-03 -8.121819660e-06 -2.378649070e-07 5.009285460e-05 1.435789280e-07
2.283600000e+00 1.112138970e-05 -3.830090570e-03 -1.018215660e-05 1.135648920e-05 -3.880510670e-03 -1.032219920e-05 -2.350995280e-07 5.042009910e-05 1.400425990e-07
2.284108000e+00 -2.068145290e-06 -2.985921200e-03 3.041563820e-06 -1.831006850e-06 -3.036682230e-03 2.902046470e-06 -2.371384420e-07 5.076103340e-05 1.395173530e-07
2.284616000e+00 2.563688530e-07 -5.919760770e-04 -5.588117790e-07 4.950469200e-07 -6.431282320e-04 -6.972699250e-07 -2.386780680e-07 5.115215500e-05 1.384581450e-07
2.285124000e+00 4.819797960e-07 -1.836418260e-03 -6.310122150e-07 7.223139720e-07 -1.887926580e-03 -7.683045970e-07 -2.403341760e-07 5.150832040e-05 1.372923820e-07
2.285632000e+00 1.091632120e-05 -3.980150990e-03 -1.048425890e-05 1.115469880e-05 -4.031977080e-03 -1.061821460e-05 -2.383776470e-07 5.182609520e-05 1.339557160e-07
2.286141000e+00 -1.335578870e-07 -2.656815670e-03 3.631640470e-06 1.065348850e-07 -2.708984360e-03 3.498626640e-06 -2.400927720e-07 5.216868620e-05 1.330138280e-07
2.286649000e+00 9.822852710e-06 -5.542293900e-04 -7.884825170e-06 1.006132500e-05 -6.067876300e-04 -8.014657860e-06 -2.384723020e-07 5.255824050e-05 1.298326890e-07
2.287157000e+00 1.932278240e-06 -1.996362520e-03 -4.712059970e-07 2.171780230e-06 -2.049203970e-03 -5.992238990e-07 -2.395019950e-07 5.284144640e-05 1.280179020e-07
2.287665000e+00 -8.853332090e-07 -3.867191650e-03 -1.769286420e-06 -6.433326500e-07 -3.920109920e-03 -1.895773560e-06 -2.420005590e-07 5.291827080e-05 1.264871400e-07
2.288173000e+00 -1.255573530e-06 -2.839111260e-03 -9.409798510e-07 -1.011051320e-06 -2.892269690e-03 -1.065915850e-06 -2.445222140e-07 5.315843160e-05 1.249359960e-07
2.288681000e+00 -9.636623950e-07 -1.327437080e-03 -4.343424660e-07 -7.168281610e-07 -1.381169420e-03 -5.577879310e-07 -2.468342340e-07 5.373233760e-05 1.234454640e-07
2.289190000e+00 -6.467043630e-07 -1.772792240e-03 -1.002576740e-06 -3.978548940e-07 -1.826985720e-03 -1.124311280e-06 -2.488494690e-07 5.419347460e-05 1.217345340e-07
2.289698000e+00 4.840061220e-07 -1.343678370e-03 -2.326846140e-06 7.343910840e-07 -1.398327990e-03 -2.446388880e-06 -2.503849620e-07 5.464961960e-05 1.195427340e-07
2.290206000e+00 1.236649920e-05 -1.023025620e-03 -9.326974990e-06 1.261406390e-05 -1.078069340e-03 -9.442435840e-06 -2.475647050e-07 5.504372150e-05 1.154608530e-07
2.290714000e+00 -7.840376740e-07 -8.743198170e-04 -4.332066060e-07 -5.346828380e-07 -9.296893520e-04 -5.466538850e-07 -2.493548360e-07 5.536953440e-05 1.134472790e-07
2.291222000e+00 4.848387710e-06 -1.831081470e-03 -3.823941870e-06 5.097372810e-06 -1.886727800e-03 -3.934410060e-06 -2.489850980e-07 5.564632110e-05 1.104681910e-07
2.291730000e+00 4.358868320e-06 -4.652850480e-03 -4.022401420e-06 4.607548530e-06 -4.708549560e-03 -4.129632520e-06 -2.486802130e-07 5.569907400e-05 1.072311020e-07
2.292239000e+00 7.090379040e-06 -1.905041440e-03 -5.132377640e-06 7.337307430e-06 -1.961044110e-03 -5.235518740e-06 -2.469283870e-07 5.600266670e-05 1.031411070e-07
2.292747000e+00 5.382325130e-06 2.450551050e-03 -3.273464660e-06 5.628321390e-06 2.393942790e-03 -3.373127260e-06 -2.459962540e-07 5.660825790e-05 9.966259340e-08
2.293255000e+00 7.123391170e-06 -5.637135180e-04 -6.317492510e-06 7.368126980e-06 -6.207022350e-04 -6.413410150e-06 -2.447358100e-07 5.698871640e-05 9.591764170e-08
2.293763000e+00 7.315164560e-06 -5.049039280e-03 -5.739768070e-06 7.558225900e-06 -5.106217410e-03 -5.831839380e-06 -2.430613470e-07 5.717813370e-05 9.207131160e-08
2.294271000e+00 7.157364740e-06 -2.257391670e-03 -6.754186430e-06 7.399101560e-06 -2.314946900e-03 -6.842582410e-06 -2.417368190e-07 5.755523050e-05 8.839598250e-08
2.294779000e+00 1.319144830e-05 3.181281580e-03 -1.225536270e-05 1.343022390e-05 3.123099610e-03 -1.233917220e-05 -2.387756270e-07 5.818196730e-05 8.380944420e-08
2.295288000e+00 7.915164440e-06 -4.475261780e-04 -7.007382370e-06 8.152632130e-06 -5.060499120e-04 -7.087670280e-06 -2.374676900e-07 5.852373450e-05 8.028790800e-08
2.295796000e+00 6.309976480e-06 -5.203256580e-03 -7.370450070e-06 6.546630780e-06 -5.261762760e-03 -7.447233600e-06 -2.366543010e-07 5.850617910e-05 7.678353420e-08
2.296304000e+00 6.308133730e-06 -1.298599410e-03 -6.713515430e-06 6.544076400e-06 -1.357463860e-03 -6.786874130e-06 -2.359426750e-07 5.886444440e-05 7.335870590e-08
2.296812000e+00 4.748296510e-06 2.082323010e-03 -3.919651550e-06 4.983929810e-06 2.022866930e-03 -3.990036110e-06 -2.356332930e-07 5.945607850e-05 7.038455550e-08
2.297320000e+00 -1.292259530e-05 7.766364950e-05 -7.389603620e-07 -1.267932140e-05 1.775780840e-05 -8.087080950e-07 -2.432739410e-07 5.990584110e-05 6.974773330e-08
2.297828000e+00 3.469230140e-06 -2.060653850e-03 -5.577081640e-06 3.713424550e-06 -2.121072670e-03 -5.644121860e-06 -2.441944080e-07 6.041882330e-05 6.704022360e-08
2.298337000e+00 7.128737340e-06 -7.455299220e-04 -8.991493240e-06 7.372841400e-06 -8.062610910e-04 -9.055606720e-06 -2.441040590e-07 6.073116940e-05 6.411348240e-08
2.298845000e+00 3.326974980e-06 1.102236000e-04 -5.223261360e-06 3.572292680e-06 4.962646700e-05 -5.285285990e-06 -2.453176990e-07 6.059713260e-05 6.202463020e-08
2.299381000e+00 4.392910100e-06 -5.307493590e-04 -4.919498720e-06 4.639102180e-06 -5.916993070e-04 -4.978983450e-06 -2.461920730e-07 6.094994760e-05 5.948473380e-08
2.299918000e+00 5.850838030e-07 1.241675260e-03 -6.315792890e-06 8.342883620e-07 1.179562400e-03 -6.373055780e-06 -2.492045580e-07 6.211286610e-05 5.726288830e-08
2.300454000e+00 2.379719000e-06 -8.708700220e-04 -4.922451940e-06 2.631109540e-06 -9.332821400e-04 -4.977565080e-06 -2.513905420e-07 6.241211880e-05 5.511314380e-08
2.300990000e+00 8.067971820e-06 -3.245411290e-03 -6.232335830e-06 8.318601480e-06 -3.307438430e-03 -6.284224990e-06 -2.506296520e-07 6.202713680e-05 5.188916040e-08
2.301527000e+00 9.605349070e-06 2.283512440e-04 -4.377285750e-06 9.853901500e-06 1.657991450e-04 -4.425882100e-06 -2.485524330e-07 6.255209960e-05 4.859635230e-08
2.302063000e+00 -4.662787720e-06 1.679270450e-03 1.335564120e-06 -4.410102230e-06 1.615867200e-03 1.288290850e-06 -2.526854810e-07 6.340324360e-05 4.727326300e-08
2.302600000e+00 3.400168100e-06 1.577786060e-03 -4.153365070e-06 3.654003380e-06 1.513795020e-03 -4.198024590e-06 -2.538352800e-07 6.399104280e-05 4.465951160e-08
2.303136000e+00 8.440801400e-06 1.503969420e-03 -8.323317570e-06 8.693984940e-06 1.439364100e-03 -8.364520110e-06 -2.531835380e-07 6.460531980e-05 4.120254200e-08
2.303672000e+00 -2.469799780e-06 -2.386912010e-03 -2.040579970e-06 -2.212573670e-06 -2.451362520e-03 -2.080425180e-06 -2.572261160e-07 6.445050670e-05 3.984521420e-08
2.304209000e+00 1.560257420e-06 -2.244220890e-03 -2.914268700e-06 1.819456480e-06 -2.308519060e-03 -2.952446110e-06 -2.591990600e-07 6.429817070e-05 3.817740760e-08
2.304745000e+00 4.929146510e-06 1.265683200e-03 -1.063108890e-05 5.190280870e-06 1.200715790e-03 -1.066686960e-05 -2.611343630e-07 6.496740910e-05 3.578067580e-08
2.305282000e+00 5.874933770e-06 2.120885530e-03 -6.919090060e-06 6.136710560e-06 2.055286570e-03 -6.952388200e-06 -2.617767910e-07 6.559895730e-05 3.329813760e-08
2.305818000e+00 1.333464990e-06 2.476065120e-03 -6.217666300e-06 1.598029130e-06 2.409818010e-03 -6.249259860e-06 -2.645641370e-07 6.624711400e-05 3.159355830e-08
2.306354000e+00 1.143408690e-06 1.641914860e-03 -5.025958420e-06 1.410927160e-06 1.575166440e-03 -5.056429080e-06 -2.675184650e-07 6.674842210e-05 3.047065360e-08
2.306891000e+00 4.494786610e-06 -3.389058380e-03 -5.081643210e-06 4.763412210e-06 -3.455469480e-03 -5.110825790e-06 -2.686256020e-07 6.641110300e-05 2.918258580e-08
2.307427000e+00 5.406145230e-06 -9.240564300e-04 -7.836624000e-06 5.675782110e-06 -9.906919340e-04 -7.864284650e-06 -2.696368850e-07 6.663550430e-05 2.766064810e-08
2.307964000e+00 1.303117410e-05 6.260187290e-03 -7.681302320e-06 1.329823440e-05 6.192152230e-03 -7.706742520e-06 -2.670603590e-07 6.803506340e-05 2.544020570e-08
2.308500000e+00 1.775327180e-05 2.824588440e-03 -1.246484810e-05 1.801597200e-05 2.756116530e-03 -1.248732570e-05 -2.627001390e-07 6.847190270e-05 2.247767080e-08
2.309063000e+00 -1.050302790e-06 -3.157149770e-03 -2.491567740e-06 -7.846236710e-07 -3.225000820e-03 -2.513589980e-06 -2.656791150e-07 6.785104920e-05 2.202223890e-08
2.309625000e+00 1.116494670e-05 9.706875880e-04 -1.370583210e-05 1.142883700e-05 9.024037320e-04 -1.372471450e-05 -2.638903650e-07 6.828385590e-05 1.888238880e-08
2.310196000e+00 4.776409640e-07 2.969974490e-03 -1.007508370e-06 7.436612910e-07 2.900838250e-03 -1.025989480e-06 -2.660203270e-07 6.913623670e-05 1.848110910e-08
2.310766000e+00 4.055658190e-06 1.597543740e-03 -5.937733090e-06 4.322865900e-06 1.527748720e-03 -5.954917290e-06 -2.672077110e-07 6.979501760e-05 1.718420870e-08
2.311337000e+00 7.547744990e-06 1.777353900e-03 -6.699904120e-06 7.814348460e-06 1.706911870e-03 -6.715384390e-06 -2.666034710e-07 7.044203580e-05 1.548026730e-08
2.311916000e+00 6.525725610e-06 2.816343070e-03 -6.263046780e-06 6.792616180e-06 2.745908280e-03 -6.277152100e-06 -2.668905720e-07 7.043479800e-05 1.410531970e-08
2.312496000e+00 4.433978860e-06 2.085666210e-03 -5.039087040e-06 4.702195490e-06 2.015096580e-03 -5.052148840e-06 -2.682166310e-07 7.056963460e-05 1.306180170e-08
2.313085000e+00 7.171990490e-06 -1.727294170e-04 -1.141382400e-05 7.441199330e-06 -2.436452470e-04 -1.142491490e-05 -2.692088460e-07 7.091583070e-05 1.109087760e-08
2.313673000e+00 -4.983555390e-06 2.026389800e-03 1.696369220e-06 -4.708829890e-06 1.954959440e-03 1.684569120e-06 -2.747255050e-07 7.143036400e-05 1.180009920e-08
2.314262000e+00 5.680085090e-06 4.613168470e-03 -8.190855820e-06 5.956640930e-06 4.540974830e-03 -8.201758060e-06 -2.765558450e-07 7.219364090e-05 1.090223310e-08
2.314861000e+00 1.497353320e-05 2.636730830e-03 -7.900732320e-06 1.524714650e-05 2.564481090e-03 -7.909928990e-06 -2.736133480e-07 7.224973510e-05 9.196669350e-09
2.315460000e+00 1.323601160e-05 1.995037040e-03 -9.396853850e-06 1.350764590e-05 1.922720390e-03 -9.404272990e-06 -2.716343080e-07 7.231664750e-05 7.419146230e-09
2.316059000e+00 1.345023220e-05 3.790726890e-03 -8.645700540e-06 1.371956700e-05 3.717436910e-03 -8.651400900e-06 -2.693348460e-07 7.328998440e-05 5.700357690e-09
2.316658000e+00 2.639988010e-06 2.955454800e-03 -4.903316220e-06 2.912191730e-06 2.881687770e-03 -4.909199800e-06 -2.722037150e-07 7.376703060e-05 5.883572930e-09
2.317257000e+00 6.682497870e-07 1.728974890e-03 -7.928843300e-06 9.443214390e-07 1.655295300e-03 -7.934774820e-06 -2.760716510e-07 7.367958920e-05 5.931522940e-09
2.317856000e+00 2.207737310e-06 2.989222530e-03 -5.323358290e-06 2.485787450e-06 2.915294450e-03 -5.329212200e-06 -2.780501340e-07 7.392808430e-05 5.853902870e-09
2.318455000e+00 1.096078010e-05 2.697197270e-03 -7.868830420e-06 1.123654100e-05 2.622967150e-03 -7.873524330e-06 -2.757608970e-07 7.423012320e-05 4.693911430e-09
2.319042000e+00 -1.470779700e-06 1.997423920e-03 -3.416680910e-06 -1.191522290e-06 1.922968260e-03 -3.422011610e-06 -2.792574040e-07 7.445565660e-05 5.330697260e-09
2.319629000e+00 3.422734830e-06 2.841920900e-03 -1.249249930e-05 3.704931740e-06 2.767147630e-03 -1.249781530e-05 -2.821969110e-07 7.477327200e-05 5.315997110e-09
2.320217000e+00 2.791524590e-06 6.509070470e-03 -5.136544020e-06 3.075214880e-06 6.433545280e-03 -5.141872790e-06 -2.836902860e-07 7.552518790e-05 5.328766730e-09
2.320804000e+00 -9.640766690e-07 4.941606830e-03 -6.131598410e-06 -6.761427360e-07 4.865946890e-03 -6.137798530e-06 -2.879339330e-07 7.565994540e-05 6.200118720e-09
2.321392000e+00 1.148998060e-06 3.649316270e-03 -6.067996650e-06 1.439978400e-06 3.573846820e-03 -6.074910090e-06 -2.909803470e-07 7.546944930e-05 6.913437440e-09
2.321979000e+00 1.049389140e-05 2.782513340e-03 -7.667520210e-06 1.078330620e-05 2.706625140e-03 -7.673872060e-06 -2.894147260e-07 7.588819620e-05 6.351843020e-09
2.322567000e+00 6.938309340e-06 2.762539740e-03 -8.696213090e-06 7.228492730e-06 2.686194720e-03 -8.702605920e-06 -2.901833890e-07 7.634501930e-05 6.392828470e-09
2.323154000e+00 4.134536560e-06 7.048993490e-03 -7.674838230e-06 4.426844360e-06 6.972160750e-03 -7.681786610e-06 -2.923078030e-07 7.683273940e-05 6.948375270e-09
2.323728000e+00 -1.150687630e-05 5.023682950e-03 -3.504887210e-06 -1.120546460e-05 4.946756730e-03 -3.514064330e-06 -3.014117700e-07 7.692621610e-05 9.177125030e-09
2.324303000e+00 4.762896830e-07 1.710025350e-03 -6.314114380e-06 7.809700100e-07 1.633530250e-03 -6.324479930e-06 -3.046803270e-07 7.649509840e-05 1.036554390e-08
2.324877000e+00 4.701185020e-06 4.531189910e-03 -5.331709160e-06 5.006411870e-06 4.454361400e-03 -5.342934760e-06 -3.052268530e-07 7.682851880e-05 1.122559940e-08
2.325451000e+00 1.403326830e-05 6.914280690e-03 -5.603802910e-06 1.433411760e-05 6.836780760e-03 -5.614791960e-06 -3.008492610e-07 7.749993290e-05 1.098904570e-08
2.326012000e+00 2.581252250e-05 5.052654900e-03 -1.204305780e-05 2.610451110e-05 4.974975570e-03 -1.205248760e-05 -2.919885990e-07 7.767933150e-05 9.429755700e-09
2.326559000e+00 4.002837160e-06 4.921207210e-03 -1.095417630e-05 4.296228100e-06 4.843418350e-03 -1.096397360e-05 -2.933909410e-07 7.778886620e-05 9.797342050e-09
2.327107000e+00 5.978225450e-06 2.606779160e-03 -6.334397740e-06 6.271350360e-06 2.529540870e-03 -6.345122910e-06 -2.931249170e-07 7.723828570e-05 1.072516700e-08
2.327654000e+00 6.219807410e-06 4.270597640e-03 -7.114361150e-06 6.512401260e-06 4.193499980e-03 -7.125797630e-06 -2.925938490e-07 7.709765950e-05 1.143648690e-08
2.328188000e+00 1.315849450e-05 8.449478990e-03 -9.031732200e-06 1.344782940e-05 8.371544520e-03 -9.043214050e-06 -2.893348880e-07 7.793446290e-05 1.148185090e-08
2.328721000e+00 5.114537410e-06 6.854633550e-03 -6.044441840e-06 5.403509120e-06 6.776319110e-03 -6.056805460e-06 -2.889717120e-07 7.831444000e-05 1.236362520e-08
2.329255000e+00 -2.483722880e-06 3.254703920e-03 -3.856763880e-06 -2.192344360e-06 3.176369860e-03 -3.870737210e-06 -2.913785150e-07 7.833406350e-05 1.397333590e-08
2.329775000e+00 9.678087680e-06 4.877314740e-03 -4.930435640e-06 9.966472750e-06 4.799061930e-03 -4.945232280e-06 -2.883850670e-07 7.825281280e-05 1.479663720e-08
2.330294000e+00 1.029119670e-06 3.964915050e-03 -9.650074830e-06 1.318529420e-06 3.887030890e-03 -9.665755800e-06 -2.894097500e-07 7.788416070e-05 1.568097270e-08
2.330814000e+00 3.004051800e-07 5.587300520e-03 -4.410652110e-06 5.899766450e-07 5.509535950e-03 -4.427598140e-06 -2.895714650e-07 7.776456650e-05 1.694602490e-08
2.331333000e+00 2.580460420e-06 7.980785700e-03 -5.364337030e-06 2.869147860e-06 7.903081780e-03 -5.382270090e-06 -2.886874420e-07 7.770391390e-05 1.793305460e-08
2.331838000e+00 -1.397826110e-07 6.292015760e-03 -3.811869880e-06 1.486419600e-07 6.214224720e-03 -3.830937220e-06 -2.884245710e-07 7.779103590e-05 1.906734570e-08
2.332343000e+00 -6.800461950e-06 5.975399420e-03 -1.880068460e-06 -6.509788770e-06 5.897280290e-03 -1.900875390e-06 -2.906731810e-07 7.811913290e-05 2.080693440e-08
2.332848000e+00 -4.184122570e-06 5.007308810e-03 -1.201798100e-06 -3.892470270e-06 4.929329660e-03 -1.224446990e-06 -2.916522950e-07 7.797915310e-05 2.264888670e-08
2.333352000e+00 -2.913314920e-06 3.578437570e-03 -2.281627230e-06 -2.620724380e-06 3.500984680e-03 -2.306249020e-06 -2.925905400e-07 7.745288840e-05 2.462179290e-08
2.333857000e+00 4.187935580e-06 5.364741630e-03 -5.782996700e-06 4.478964920e-06 5.287226680e-03 -5.808732210e-06 -2.910293350e-07 7.751495010e-05 2.573551780e-08
2.334362000e+00 8.067973440e-07 7.325305360e-03 -2.494411280e-06 1.096782070e-06 7.247234610e-03 -2.521605810e-06 -2.899847310e-07 7.807074880e-05 2.719453030e-08
2.334850000e+00 -9.685902710e-06 6.979623650e-03 -3.190669080e-06 -9.392731190e-06 6.901755140e-03 -3.220021760e-06 -2.931715170e-07 7.786851260e-05 2.935268070e-08
2.335338000e+00 -7.215381570e-06 5.675607750e-03 -1.860408880e-06 -6.920099390e-06 5.598557200e-03 -1.891838020e-06 -2.952821770e-07 7.705054800e-05 3.142914040e-08
2.335826000e+00 1.421175420e-05 6.304819720e-03 -5.376137250e-06 1.450012980e-05 6.227858240e-03 -5.407608540e-06 -2.883755890e-07 7.696147720e-05 3.147129760e-08
2.336314000e+00 1.029235170e-07 7.365884180e-03 -2.624270940e-06 3.894958830e-07 7.288374440e-03 -2.656706110e-06 -2.865723660e-07 7.750974110e-05 3.243516900e-08
2.336802000e+00 -4.108747570e-06 6.560948230e-03 -3.698477320e-06 -3.821914930e-06 6.483488100e-03 -3.732282470e-06 -2.868326450e-07 7.746013210e-05 3.380515060e-08
2.337290000e+00 -1.560104130e-07 4.659177820e-03 -1.855531020e-07 1.288265760e-07 4.582413660e-03 -2.208978340e-07 -2.848369890e-07 7.676415540e-05 3.534473220e-08
2.337778000e+00 3.304468610e-06 6.823277630e-03 -1.606346220e-06 3.585715300e-06 6.746628340e-03 -1.642647810e-06 -2.812466850e-07 7.664929600e-05 3.630159010e-08
2.338265000e+00 2.399818600e-06 7.984794280e-03 -1.904121440e-06 2.677593030e-06 7.907512380e-03 -1.941243210e-06 -2.777744320e-07 7.728190230e-05 3.712177360e-08
2.338753000e+00 -1.006680390e-05 6.594656780e-03 -7.985096060e-07 -9.787322280e-06 6.517377810e-03 -8.373988390e-07 -2.794815980e-07 7.727897070e-05 3.888923340e-08
2.339241000e+00 -6.274633970e-06 3.471482320e-03 -2.273022610e-07 -5.995346890e-06 3.395410770e-03 -2.678081650e-07 -2.792870840e-07 7.607154570e-05 4.050590390e-08
2.339729000e+00 1.093723740e-07 5.407275250e-03 -1.613294060e-06 3.853953310e-07 5.331786380e-03 -1.654528030e-06 -2.760229580e-07 7.548887240e-05 4.123396850e-08
2.340217000e+00 4.151332930e-06 9.738398450e-03 8.368407390e-07 4.421519240e-06 9.662355360e-03 7.953469750e-07 -2.701863130e-07 7.604308740e-05 4.149376390e-08
2.340705000e+00 -1.039954240e-05 8.780481170e-03 -2.545192030e-06 -1.012878020e-05 8.704256990e-03 -2.587168710e-06 -2.707621680e-07 7.622417780e-05 4.197668280e-08
2.341193000e+00 -8.426530630e-06 2.555986630e-03 1.186089470e-06 -8.156721620e-06 2.480727230e-03 1.143404060e-06 -2.698090100e-07 7.525939780e-05 4.268541420e-08
2.341681000e+00 -8.397812690e-06 4.236100630e-03 1.753077110e-06 -8.129133150e-06 4.161531520e-03 1.709649090e-06 -2.686795370e-07 7.456910370e-05 4.342801510e-08
2.342169000e+00 5.787387360e-06 8.944964620e-03 2.173040890e-06 6.048958850e-06 8.869956630e-03 2.129790470e-06 -2.615714950e-07 7.500799260e-05 4.325042460e-08
2.342657000e+00 2.823513140e-06 9.171471450e-03 4.811258350e-07 3.079707620e-06 9.096146050e-03 4.380416010e-07 -2.561944820e-07 7.532540670e-05 4.308423370e-08
2.343145000e+00 -2.161137300e-06 5.805436800e-03 -3.865677100e-07 -1.907786500e-06 5.730968890e-03 -4.297446980e-07 -2.533508010e-07 7.446791390e-05 4.317698880e-08
2.343633000e+00 -2.888494710e-06 4.386856630e-03 2.331954740e-07 -2.638016980e-06 4.313284380e-03 1.899538860e-07 -2.504777300e-07 7.357225150e-05 4.324158840e-08
2.344121000e+00 -6.251340200e-06 6.904957240e-03 6.463468150e-07 -6.002580990e-06 6.831467620e-03 6.030253210e-07 -2.487592100e-07 7.348961810e-05 4.332149400e-08
2.344609000e+00 -5.513272730e-06 7.596111000e-03 2.138551310e-06 -5.266608360e-06 7.522605230e-03 2.095056550e-06 -2.466643710e-07 7.350577630e-05 4.349475460e-08
2.345097000e+00 -1.880858190e-06 7.068800980e-03 9.019981780e-07 -1.637463700e-06 6.995507820e-03 8.586152540e-07 -2.433944930e-07 7.329315790e-05 4.338292420e-08
2.345584000e+00 -4.314322450e-07 6.615325530e-03 -7.239250920e-07 -1.914922920e-07 6.542276520e-03 -7.670402280e-07 -2.399399530e-07 7.304901260e-05 4.311513600e-08
2.346072000e+00 1.606478250e-06 6.013030630e-03 3.624529490e-07 1.842099840e-06 5.940487970e-03 3.195789370e-07 -2.356215940e-07 7.254266510e-05 4.287401220e-08
2.346560000e+00 -5.285077520e-06 4.733121370e-03 3.259265380e-06 -5.051507560e-06 4.661247020e-03 3.216134930e-06 -2.335699550e-07 7.187434610e-05 4.313045450e-08
2.347048000e+00 -2.770499860e-08 6.696788040e-03 6.715283630e-07 2.017225460e-07 6.625197200e-03 6.286491210e-07 -2.294275450e-07 7.159083860e-05 4.287924200e-08
2.347536000e+00 -5.759593750e-06 7.654645130e-03 2.897424310e-07 -5.532044950e-06 7.583148450e-03 2.470335310e-07 -2.275487940e-07 7.149667290e-05 4.270890020e-08
2.348024000e+00 2.514898340e-06 6.889953440e-03 -1.613514820e-06 2.737387680e-06 6.818872740e-03 -1.655438420e-06 -2.224893420e-07 7.108069530e-05 4.192360150e-08
2.348512000e+00 8.180549880e-06 6.873250430e-03 3.305961790e-06 8.394840510e-06 6.802630300e-03 3.264636650e-06 -2.142906280e-07 7.062013260e-05 4.132513340e-08
2.349000000e+00 -6.121764360e-06 6.538510460e-03 -2.467741590e-06 -5.908893930e-06 6.468436510e-03 -2.508511520e-06 -2.128704320e-07 7.007394880e-05 4.076992830e-08
2.349482000e+00 -3.952845820e-06 5.340082480e-03 6.601013030e-07 -3.742862800e-06 5.270880280e-03 6.196888510e-07 -2.099830250e-07 6.920220000e-05 4.041245190e-08
2.349970000e+00 -7.983199220e-06 7.211245570e-03 -6.114588570e-07 -7.774282950e-06 7.142355520e-03 -6.516632410e-07 -2.089162700e-07 6.889004300e-05 4.020438460e-08
2.350458000e+00 9.839609140e-07 8.588999790e-03 -1.286089170e-06 1.188086500e-06 8.519710430e-03 -1.325515770e-06 -2.041255880e-07 6.928936030e-05 3.942660140e-08
2.350946000e+00 -5.867233190e-06 6.957171030e-03 -1.167709380e-06 -5.665481320e-06 6.888272240e-03 -1.206501840e-06 -2.017518690e-07 6.889878920e-05 3.879245620e-08
2.351434000e+00 -3.527822860e-06 3.967704770e-03 4.330887730e-07 -3.329499580e-06 3.900362540e-03 3.948580600e-07 -1.983232740e-07 6.734223450e-05 3.823071220e-08
2.351929000e+00 3.600488470e-06 5.746563910e-03 -9.181280270e-07 3.793151280e-06 5.679950180e-03 -9.555978130e-07 -1.926628070e-07 6.661372360e-05 3.746978640e-08
2.352423000e+00 -2.542888990e-06 9.465568240e-03 3.594026020e-07 -2.353611440e-06 9.398430150e-03 3.222006680e-07 -1.892775530e-07 6.713809130e-05 3.720193420e-08
2.352917000e+00 -6.176868040e-08 7.121444190e-03 2.070014940e-06 1.228350130e-07 7.054447740e-03 2.033103490e-06 -1.846036930e-07 6.699644520e-05 3.691145150e-08
2.353412000e+00 -4.341210050e-06 3.564732710e-03 1.639148050e-06 -4.159574840e-06 3.499001470e-03 1.602333720e-06 -1.816352100e-07 6.573123810e-05 3.681433430e-08
2.353906000e+00 -8.778689110e-06 4.683820500e-03 -1.032319970e-06 -8.597392090e-06 4.618934430e-03 -1.069269010e-06 -1.812970230e-07 6.488607160e-05 3.694903740e-08
2.354407000e+00 -2.512401310e-06 7.735866720e-03 1.732792420e-06 -2.334763520e-06 7.671170100e-03 1.695951310e-06 -1.776377890e-07 6.469662010e-05 3.684110680e-08
2.354909000e+00 -3.635650350e-06 6.971553770e-03 1.753956570e-06 -3.460920180e-06 6.907242110e-03 1.717074790e-06 -1.747301680e-07 6.431165430e-05 3.688177890e-08
2.355410000e+00 -6.274574850e-06 6.984994870e-03 1.713716830e-06 -6.101563190e-06 6.921209450e-03 1.676742070e-06 -1.730116620e-07 6.378542040e-05 3.697475940e-08
2.355911000e+00 -9.161244540e-07 6.327413740e-03 2.649592800e-08 -7.464855510e-07 6.264182760e-03 -1.028659830e-08 -1.696389030e-07 6.323098080e-05 3.678252630e-08
2.356420000e+00 -6.549323450e-06 5.389506110e-03 -1.405898830e-06 -6.380192400e-06 5.327084020e-03 -1.442581740e-06 -1.691310530e-07 6.242209720e-05 3.668290840e-08
2.356929000e+00 -7.176191520e-06 4.763119980e-03 2.091344570e-07 -7.007391130e-06 4.701436190e-03 1.723593870e-07 -1.688003880e-07 6.168378510e-05 3.677506960e-08
2.357438000e+00 -3.571713330e-06 7.685003030e-03 -1.100792940e-06 -3.405003680e-06 7.623653740e-03 -1.137489330e-06 -1.667096410e-07 6.134928990e-05 3.669638660e-08
2.357955000e+00 -3.115213800e-06 7.039373430e-03 -2.544452620e-06 -2.949917410e-06 6.978560450e-03 -2.581035040e-06 -1.652963920e-07 6.081297340e-05 3.658241740e-08
2.358472000e+00 5.660993300e-06 2.941089490e-03 -2.585639650e-06 5.821262970e-06 2.881781830e-03 -2.621869190e-06 -1.602696640e-07 5.930766350e-05 3.622954450e-08
2.358989000e+00 -3.303147960e-06 3.860779820e-03 8.002862950e-07 -3.144414160e-06 3.802497760e-03 7.638870960e-07 -1.587337950e-07 5.828206400e-05 3.639919920e-08
2.359516000e+00 -4.383873590e-06 1.053340250e-02 -6.604931310e-07 -4.225625760e-06 1.047455180e-02 -6.969768030e-07 -1.582478290e-07 5.885067910e-05 3.648367220e-08
2.360042000e+00 -3.283743730e-06 7.774412130e-03 -9.349629350e-07 -3.126298040e-06 7.715737760e-03 -9.715052470e-07 -1.574456850e-07 5.867436770e-05 3.654231280e-08
2.360568000e+00 -4.243112290e-07 3.109769180e-03 1.741642010e-07 -2.689316370e-07 3.052632080e-03 1.374889190e-07 -1.553795920e-07 5.713709860e-05 3.667528230e-08
2.361103000e+00 -3.157365950e-06 4.001868960e-03 -5.222779420e-07 -3.002915140e-06 3.945786020e-03 -5.590699350e-07 -1.544508110e-07 5.608294160e-05 3.679199370e-08
2.361639000e+00 6.947512910e-06 5.158395290e-03 -2.952736510e-06 7.096906890e-06 5.103060300e-03 -2.989080450e-06 -1.493939780e-07 5.533499510e-05 3.634393660e-08
2.362185000e+00 3.415936240e-07 4.609726980e-03 -4.997804650e-07 4.884194650e-07 4.555132810e-03 -5.361087810e-07 -1.468258410e-07 5.459416770e-05 3.632831610e-08
2.362732000e+00 -3.545183040e-06 5.710232860e-03 1.230415160e-06 -3.399395160e-06 5.656125360e-03 1.193800270e-06 -1.457878810e-07 5.410749970e-05 3.661488990e-08
2.363278000e+00 -1.014920900e-05 4.876584590e-03 -7.768578660e-07 -1.000142770e-05 4.823315700e-03 -8.136918200e-07 -1.477813390e-07 5.326888810e-05 3.683395460e-08
2.363836000e+00 -5.897657290e-06 6.701085980e-03 1.906489580e-06 -5.749832850e-06 6.648767150e-03 1.869209920e-06 -1.478244360e-07 5.231882770e-05 3.727966690e-08
2.364394000e+00 2.426330080e-06 6.012233730e-03 4.245940610e-06 2.569935480e-06 5.960537680e-03 4.208166190e-06 -1.436053990e-07 5.169604790e-05 3.777441570e-08
2.364952000e+00 -1.194646980e-07 5.893610210e-03 -2.596406890e-06 2.282361990e-08 5.842404600e-03 -2.634004420e-06 -1.422883170e-07 5.120560820e-05 3.759752270e-08
2.365523000e+00 -6.855038710e-06 2.036727700e-03 -2.658287080e-06 -6.710993080e-06 1.986880300e-03 -2.695924090e-06 -1.440456280e-07 4.984739300e-05 3.763700630e-08
2.366094000e+00 2.830263510e-06 3.078996290e-03 8.635770460e-07 2.971355160e-06 3.030301150e-03 8.257737920e-07 -1.410916520e-07 4.869513570e-05 3.780325400e-08
2.366679000e+00 -3.589746430e-06 5.797360250e-03 -8.462086300e-07 -3.448397970e-06 5.748960050e-03 -8.840958660e-07 -1.413484540e-07 4.840019950e-05 3.788723590e-08
2.367264000e+00 6.483969720e-06 4.763888430e-03 -1.373198340e-06 6.621289180e-06 4.716327860e-03 -1.410887010e-06 -1.373194690e-07 4.756056920e-05 3.768866840e-08
2.367849000e+00 6.872619800e-08 3.837474240e-03 -2.724313180e-06 2.054736680e-07 3.791324800e-03 -2.761807340e-06 -1.367474700e-07 4.614943900e-05 3.749415910e-08
2.368450000e+00 -1.854527010e-06 3.829262740e-03 -1.457764190e-06 -1.717635590e-06 3.784212840e-03 -1.495080640e-06 -1.368914230e-07 4.504989680e-05 3.731645080e-08
2.369052000e+00 4.193468760e-06 4.086142030e-03 -2.339054610e-06 4.327923450e-06 4.042146380e-03 -2.375881010e-06 -1.344546850e-07 4.399564120e-05 3.682639350e-08
2.369672000e+00 3.745421630e-06 5.428813280e-03 -2.439589060e-06 3.877319730e-06 5.385325390e-03 -2.475836710e-06 -1.318980970e-07 4.348789620e-05 3.624765610e-08
2.370291000e+00 -5.629327070e-06 4.170842430e-03 -5.281575060e-07 -5.495648200e-06 4.128262190e-03 -5.642172340e-07 -1.336788710e-07 4.258023210e-05 3.605972870e-08
2.370911000e+00 2.334487660e-06 -7.560177150e-04 -1.991218810e-06 2.466500410e-06 -7.968685040e-04 -2.026706270e-06 -1.320127530e-07 4.085078860e-05 3.548746170e-08
2.371552000e+00 -4.127154220e-07 4.032245490e-03 -1.119933620e-06 -2.812131950e-07 3.992174460e-03 -1.154801150e-06 -1.315022270e-07 4.007102640e-05 3.486753200e-08
2.372193000e+00 -1.181710130e-07 6.585539370e-03 -7.431958060e-07 1.239264760e-08 6.546106610e-03 -7.774174620e-07 -1.305636600e-07 3.943276230e-05 3.422165600e-08
2.372834000e+00 6.581681160e-06 -2.060709980e-04 -1.644520670e-06 6.707909670e-06 -2.438242500e-04 -1.677726310e-06 -1.262285160e-07 3.775325140e-05 3.320563990e-08
2.373500000e+00 1.978884960e-06 1.898228740e-03 5.039152530e-07 2.102876190e-06 1.861689010e-03 4.716391060e-07 -1.239912340e-07 3.653972880e-05 3.227614700e-08
2.374167000e+00 5.821072600e-06 3.631017860e-03 1.459691470e-06 5.940322710e-06 3.595440180e-03 1.428419030e-06 -1.192501150e-07 3.557767380e-05 3.127243960e-08
2.374834000e+00 1.401581260e-06 3.358150530e-03 -5.354566870e-06 1.519975640e-06 3.324231490e-03 -5.383974280e-06 -1.183943830e-07 3.391904420e-05 2.940741190e-08
2.375532000e+00 3.673194600e-06 2.415607440e-03 -2.921301640e-06 3.788215510e-06 2.382943610e-03 -2.948992160e-06 -1.150209070e-07 3.266383170e-05 2.769051910e-08
2.376231000e+00 1.070209270e-06 1.289598770e-03 -2.102378530e-06 1.183069950e-06 1.257855270e-03 -2.128429020e-06 -1.128606790e-07 3.174349920e-05 2.605049370e-08
2.376929000e+00 5.871690860e-06 4.949345140e-03 -2.459957400e-06 5.980223860e-06 4.918350340e-03 -2.484303130e-06 -1.085330000e-07 3.099479660e-05 2.434572780e-08
2.377668000e+00 4.849771590e-06 3.157525080e-03 -2.749857310e-06 4.954006100e-06 3.127978240e-03 -2.772316890e-06 -1.042345100e-07 2.954684460e-05 2.245958030e-08
2.378408000e+00 6.999649770e-07 1.226058770e-03 -3.107921810e-06 8.020891290e-07 1.198266070e-03 -3.128556290e-06 -1.021241520e-07 2.779270180e-05 2.063447440e-08
2.379147000e+00 3.303641160e-06 2.790148890e-04 -1.057588260e-06 3.401478910e-06 2.525742420e-04 -1.076451920e-06 -9.783775970e-08 2.644064690e-05 1.886365380e-08
2.379944000e+00 3.241065380e-07 1.854165050e-03 -4.500825600e-06 4.197646930e-07 1.829392140e-03 -4.517254500e-06 -9.565815450e-08 2.477290880e-05 1.642890310e-08
2.380740000e+00 1.017324440e-05 1.189346370e-03 -2.582584760e-06 1.025968330e-05 1.166128180e-03 -2.596875410e-06 -8.643887060e-08 2.321819040e-05 1.429064360e-08
2.381536000e+00 1.418743180e-05 8.435847180e-04 -1.464569340e-06 1.426158280e-05 8.216449800e-04 -1.476724470e-06 -7.415107910e-08 2.193973810e-05 1.215512620e-08
2.382333000e+00 3.535851270e-06 2.672802240e-03 -3.294963000e-06 3.604267860e-06 2.651732600e-03 -3.304887520e-06 -6.841658640e-08 2.106964000e-05 9.924515640e-09
2.383129000e+00 2.270044210e-06 -6.078225380e-05 -1.422889290e-06 2.333007470e-06 -7.972355800e-05 -1.430966980e-06 -6.296326360e-08 1.894130420e-05 8.077687450e-09
2.384039000e+00 4.176548490e-06 -1.114643950e-03 -2.295401990e-06 4.232013530e-06 -1.131052510e-03 -2.300979360e-06 -5.546504300e-08 1.640855880e-05 5.577367100e-09
2.384949000e+00 7.419886000e-06 1.036589960e-03 -6.600276040e-07 7.464686190e-06 1.021404230e-03 -6.633625560e-07 -4.480019370e-08 1.518573240e-05 3.334951350e-09
2.385860000e+00 1.143644440e-05 1.379578930e-03 -2.222005650e-06 1.146865730e-05 1.365891090e-03 -2.223095950e-06 -3.221288550e-08 1.368784070e-05 1.090299420e-09
2.386770000e+00 7.514282220e-06 -2.139708690e-03 -2.577773730e-06 7.536747300e-06 -2.150901960e-03 -2.576355380e-06 -2.246508150e-08 1.119326820e-05 -1.418343420e-09
2.387680000e+00 5.838417040e-06 -1.920129500e-03 -2.602368490e-06 5.852582110e-06 -1.929416670e-03 -2.598457830e-06 -1.416506860e-08 9.287170750e-06 -3.910665860e-09
2.388590000e+00 8.057231110e-06 1.381452750e-03 -3.488079870e-06 8.061484630e-06 1.373813320e-03 -3.481457610e-06 -4.253517130e-09 7.639425350e-06 -6.622259430e-09
2.389500000e+00 1.252079930e-05 -2.280749240e-03 -2.806509320e-06 1.251179790e-05 -2.286265390e-03 -2.797468280e-06 9.001373810e-09 5.516158510e-06 -9.041038630e-09
2.390512000e+00 1.544720460e-05 -1.881211560e-03 -2.580244460e-06 1.542154500e-05 -1.884364490e-03 -2.568782580e-06 2.565964760e-08 3.152922650e-06 -1.146187620e-08
2.391552000e+00 8.727199130e-06 1.329513970e-03 -2.462904120e-06 8.690318200e-06 1.327769400e-03 -2.449055220e-06 3.688093110e-08 1.744569740e-06 -1.384889870e-08
2.392591000e+00 9.877432780e-06 -4.923149160e-03 -1.978391130e-06 9.829409750e-06 -4.921437820e-03 -1.962574840e-06 4.802303710e-08 -1.711342460e-06 -1.581628970e-08
2.393660000e+00 9.523996800e-06 -5.322696200e-04 -2.758495030e-06 9.465904880e-06 -5.291239230e-04 -2.741046700e-06 5.809191870e-08 -3.145696630e-06 -1.744833240e-08
2.394728000e+00 -8.368071730e-07 -3.599725790e-03 -3.289864700e-06 -8.956371510e-07 -3.593237350e-03 -3.270791530e-06 5.882997780e-08 -6.488442450e-06 -1.907317650e-08
2.395797000e+00 1.424313680e-05 -6.042317610e-04 -1.346513270e-06 1.417090610e-05 -5.962498850e-04 -1.326555760e-06 7.223075660e-08 -7.981875310e-06 -1.995750850e-08
2.396866000e+00 8.955269010e-06 -5.171048850e-03 -1.591974180e-06 8.874400550e-06 -5.159558060e-03 -1.570925170e-06 8.086845920e-08 -1.149078880e-05 -2.104901030e-08
2.397935000e+00 1.086242300e-05 -2.485413570e-03 -2.166285570e-06 1.077286560e-05 -2.471354370e-03 -2.143982650e-06 8.955741090e-08 -1.405920420e-05 -2.230291390e-08
2.399004000e+00 1.174353370e-05 -1.953578210e-03 -2.524303410e-06 1.164628840e-05 -1.937342120e-03 -2.501018070e-06 9.724530440e-08 -1.623609580e-05 -2.328533340e-08
2.400111000e+00 1.018911470e-05 -3.885037030e-03 -2.127005490e-06 1.008644260e-05 -3.865678640e-03 -2.102926930e-06 1.026721410e-07 -1.935838940e-05 -2.407855440e-08
2.401218000e+00 7.601520720e-06 -3.700524740e-03 -3.056702460e-06 7.497869980e-06 -3.678539040e-03 -3.032209230e-06 1.036507390e-07 -2.198569860e-05 -2.449323500e-08
2.402325000e+00 5.715814520e-06 -3.977682180e-03 -3.679165440e-06 5.614481410e-06 -3.953192440e-03 -3.654553560e-06 1.013331100e-07 -2.448973780e-05 -2.461188380e-08
2.403432000e+00 1.797968920e-06 -5.351562590e-03 -2.786864290e-06 1.704133370e-06 -5.323932910e-03 -2.762738590e-06 9.383554980e-08 -2.762967610e-05 -2.412570650e-08
2.404539000e+00 5.824610200e-06 -5.137659640e-03 -2.517551200e-06 5.736098300e-06 -5.106526320e-03 -2.494330760e-06 8.851190070e-08 -3.113331650e-05 -2.322044230e-08
2.405696000e+00 6.113125480e-06 -2.924964780e-03 -2.103535200e-06 6.030554460e-06 -2.891652580e-03 -2.081671310e-06 8.257102610e-08 -3.331219730e-05 -2.186389590e-08
2.406853000e+00 4.887489320e-06 -5.242029580e-03 -1.383268770e-06 4.812388880e-06 -5.205448590e-03 -1.363119380e-06 7.510043610e-08 -3.658098270e-05 -2.014938760e-08
2.408011000e+00 4.009050230e-06 -5.448803170e-03 -1.017698710e-06 3.942886580e-06 -5.409070770e-03 -9.994587530e-07 6.616365240e-08 -3.973240170e-05 -1.823995960e-08
2.409110000e+00 8.157261150e-06 -5.272577240e-03 -6.674989670e-07 8.096818920e-06 -5.229740910e-03 -6.517800890e-07 6.044223490e-08 -4.283633600e-05 -1.571887790e-08
2.410210000e+00 -6.205836860e-07 -4.676411730e-03 -6.728073490e-07 -6.674998820e-07 -4.630627610e-03 -6.602807780e-07 4.691619680e-08 -4.578411960e-05 -1.252657090e-08
2.411309000e+00 1.580445520e-06 -6.387175290e-03 -3.249246710e-08 1.547011790e-06 -6.338457790e-03 -2.402858080e-08 3.343373270e-08 -4.871750280e-05 -8.463886300e-09
2.412348000e+00 7.076564100e-06 -7.505146240e-03 3.126836900e-06 7.051086220e-06 -7.452953800e-03 3.130311680e-06 2.547788330e-08 -5.219244020e-05 -3.474786550e-09
2.413386000e+00 -4.473394160e-06 -4.723205370e-03 -1.229413220e-06 -4.479051380e-06 -4.668564420e-03 -1.229757550e-06 5.657218830e-09 -5.464095010e-05 3.443235700e-10
2.414424000e+00 4.380664520e-06 -6.499494230e-03 1.311051060e-06 4.388302700e-06 -6.441957990e-03 1.305839580e-06 -7.638185070e-09 -5.753624650e-05 5.211482660e-09
2.415463000e+00 5.191508730e-06 -7.034793670e-03 3.489114980e-06 5.212158070e-06 -6.974226420e-03 3.478585470e-06 -2.064933550e-08 -6.056724370e-05 1.052951210e-08
2.416432000e+00 -5.640718260e-07 -8.099831970e-03 1.312120040e-06 -5.252711170e-07 -8.036109850e-03 1.297076050e-06 -3.880070870e-08 -6.372211800e-05 1.504399380e-08
2.417401000e+00 -3.234513460e-06 -7.380989740e-03 1.310373880e-06 -3.174456330e-06 -7.314583560e-03 1.290966370e-06 -6.005712890e-08 -6.640618370e-05 1.940751230e-08
2.418301000e+00 -1.052055470e-05 -5.609956350e-03 4.514621170e-07 -1.043477840e-05 -5.541356140e-03 4.282835190e-07 -8.577622690e-08 -6.860020730e-05 2.317859750e-08
2.419137000e+00 7.708778760e-07 -6.202410570e-03 2.187436780e-06 8.730774960e-07 -6.131792060e-03 2.160069210e-06 -1.021996200e-07 -7.061850890e-05 2.736756530e-08
2.419972000e+00 -3.264120330e-06 -8.049601150e-03 1.713244810e-06 -3.142479280e-06 -7.976969070e-03 1.682046560e-06 -1.216410540e-07 -7.263208390e-05 3.119824470e-08
2.420744000e+00 -6.287090520e-06 -9.411082620e-03 1.693381570e-06 -6.145479450e-06 -9.335799240e-03 1.658813230e-06 -1.416110640e-07 -7.528338320e-05 3.456833950e-08
2.421515000e+00 -5.400023550e-06 -5.971491360e-03 1.691765580e-06 -5.238729700e-06 -5.894755560e-03 1.653909490e-06 -1.612938510e-07 -7.673580200e-05 3.785609130e-08
2.422286000e+00 -7.128198120e-06 -8.697197970e-03 2.099548890e-06 -6.946108560e-06 -8.618273710e-03 2.058348580e-06 -1.820895580e-07 -7.892426680e-05 4.120031350e-08
2.422988000e+00 -6.098756720e-06 -9.510325280e-03 2.822005180e-06 -5.898408730e-06 -9.429332800e-03 2.777427940e-06 -2.003479920e-07 -8.099248410e-05 4.457724440e-08
2.423689000e+00 -6.544927080e-06 -6.375692250e-03 1.389494220e-06 -6.325643970e-06 -6.293566710e-03 1.341696130e-06 -2.192831170e-07 -8.212554220e-05 4.779808870e-08
2.424390000e+00 -7.155089310e-06 -8.319914730e-03 4.738982610e-06 -6.916675920e-06 -8.235709500e-03 4.687358810e-06 -2.384133900e-07 -8.420522430e-05 5.162380600e-08
2.425091000e+00 -9.529686360e-06 -8.455759590e-03 2.152059460e-06 -9.270930010e-06 -8.369851150e-03 2.096980070e-06 -2.587563470e-07 -8.590843480e-05 5.507939100e-08
2.425705000e+00 -1.030324590e-05 -9.018473360e-03 2.077230360e-06 -1.002749330e-05 -8.931531540e-03 2.019039500e-06 -2.757525500e-07 -8.694182820e-05 5.819086280e-08
2.426318000e+00 -1.129382760e-05 -1.021899330e-02 2.450809610e-06 -1.100050230e-05 -1.013039240e-02 2.389400630e-06 -2.933252990e-07 -8.860093850e-05 6.140898030e-08
2.426932000e+00 -1.057764900e-05 -9.529629670e-03 2.703504920e-06 -1.026753450e-05 -9.439570220e-03 2.638807940e-06 -3.101145680e-07 -9.005945340e-05 6.469697770e-08
2.427546000e+00 -1.039101970e-05 -6.600934170e-03 2.532347570e-06 -1.006483130e-05 -6.510121050e-03 2.464480230e-06 -3.261883700e-07 -9.081311950e-05 6.786734880e-08
2.428159000e+00 -1.082572860e-05 -9.326395580e-03 2.680667250e-06 -1.048364110e-05 -9.234198460e-03 2.609467270e-06 -3.420874980e-07 -9.219711420e-05 7.119997800e-08
2.428773000e+00 -1.438480970e-05 -1.081371780e-02 9.811520710e-07 -1.402572720e-05 -1.071990050e-02 9.064782860e-07 -3.590824990e-07 -9.381725140e-05 7.467378460e-08
2.429386000e+00 -1.129359500e-05 -8.559915240e-03 3.051828540e-06 -1.091895740e-05 -8.464956890e-03 2.973276270e-06 -3.746375590e-07 -9.495834740e-05 7.855227080e-08
2.430000000e+00 -1.120080600e-05 -6.121928170e-03 3.290126770e-06 -1.081098830e-05 -6.026721160e-03 3.207588900e-06 -3.898177360e-07 -9.520701410e-05 8.253787240e-08
