t,Hx,Hz,fin_deg,ry_deg
0.0000000,0.0210851,-0.0164457,-1.4016854,0.0000000
0.0006250,0.0210851,-0.0164457,-1.4016820,0.0000034
0.0012500,0.0210851,-0.0164457,-1.4016582,0.0000272
0.0018750,0.0210851,-0.0164457,-1.4015942,0.0000912
0.0025000,0.0210851,-0.0164457,-1.4014700,0.0002154
0.0031250,0.0210851,-0.0164457,-1.4012671,0.0004183
0.0037500,0.0210851,-0.0164457,-1.4009657,0.0007197
0.0043750,0.0210851,-0.0164457,-1.4005492,0.0011362
0.0050000,0.0210851,-0.0164457,-1.3999975,0.0016879
0.0056250,0.0210851,-0.0164457,-1.3992968,0.0023886
0.0062500,0.0210851,-0.0164457,-1.3984261,0.0032593
0.0068750,0.0210851,-0.0164458,-1.3973752,0.0043102
0.0075000,0.0210851,-0.0164458,-1.3961213,0.0055641
0.0081250,0.0210850,-0.0164459,-1.3946589,0.0070265
0.0087500,0.0210850,-0.0164459,-1.3929627,0.0087227
0.0093750,0.0210849,-0.0164460,-1.3910328,0.0106526
0.0100000,0.0210849,-0.0164462,-1.3888403,0.0128451
0.0106250,0.0210848,-0.0164463,-1.3863923,0.0152931
0.0112500,0.0210847,-0.0164465,-1.3836551,0.0180303
0.0118750,0.0210846,-0.0164468,-1.3806436,0.0210418
0.0125000,0.0210845,-0.0164470,-1.3773187,0.0243667
0.0131250,0.0210843,-0.0164474,-1.3737042,0.0279812
0.0137500,0.0210842,-0.0164477,-1.3697545,0.0319309
0.0143750,0.0210840,-0.0164482,-1.3655029,0.0361825
0.0150000,0.0210837,-0.0164487,-1.3608965,0.0407889
0.0156250,0.0210835,-0.0164492,-1.3559794,0.0457060
0.0162500,0.0210832,-0.0164499,-1.3506902,0.0509952
0.0168750,0.0210829,-0.0164506,-1.3450843,0.0566011
0.0175000,0.0210825,-0.0164514,-1.3390914,0.0625940
0.0181250,0.0210821,-0.0164523,-1.3327788,0.0689066
0.0187500,0.0210816,-0.0164533,-1.3260664,0.0756190
0.0193750,0.0210811,-0.0164544,-1.3190339,0.0826515
0.0200000,0.0210806,-0.0164556,-1.3115910,0.0900944
0.0206250,0.0210800,-0.0164570,-1.3038300,0.0978554
0.0212500,0.0210793,-0.0164584,-1.2956501,0.1060353
0.0218750,0.0210786,-0.0164600,-1.2871562,0.1145292
0.0225000,0.0210779,-0.0164617,-1.2782367,0.1234487
0.0231250,0.0210770,-0.0164636,-1.2690089,0.1326765
0.0237500,0.0210761,-0.0164656,-1.2593509,0.1423345
0.0243750,0.0210752,-0.0164678,-1.2493917,0.1522937
0.0250000,0.0210741,-0.0164702,-1.2389992,0.1626862
0.0256250,0.0210730,-0.0164727,-1.2283136,0.1733718
0.0262500,0.0210718,-0.0164754,-1.2171932,0.1844922
0.0268750,0.0210705,-0.0164783,-1.2057883,0.1958971
0.0275000,0.0210692,-0.0164813,-1.1939483,0.2077371
0.0281250,0.0210677,-0.0164846,-1.1818326,0.2198528
0.0287500,0.0210662,-0.0164881,-1.1692829,0.2324025
0.0293750,0.0210646,-0.0164918,-1.1564659,0.2452195
0.0300000,0.0210629,-0.0164958,-1.1432169,0.2584685
0.0306250,0.0210611,-0.0164999,-1.1297083,0.2719771
0.0312500,0.0210592,-0.0165043,-1.1157704,0.2859150
0.0318750,0.0210572,-0.0165090,-1.1015794,0.3001060
0.0325000,0.0210551,-0.0165138,-1.0869626,0.3147228
0.0331250,0.0210529,-0.0165190,-1.0720976,0.3295878
0.0337500,0.0210505,-0.0165244,-1.0568107,0.3448747
0.0343750,0.0210481,-0.0165300,-1.0412783,0.3604071
0.0350000,0.0210456,-0.0165360,-1.0253281,0.3763573
0.0356250,0.0210429,-0.0165422,-1.0091329,0.3925525
0.0362500,0.0210402,-0.0165487,-0.9925241,0.4091613
0.0368750,0.0210373,-0.0165555,-0.9756679,0.4260175
0.0375000,0.0210343,-0.0165625,-0.9584020,0.4432834
0.0381250,0.0210312,-0.0165699,-0.9408834,0.4608020
0.0387500,0.0210280,-0.0165776,-0.9229587,0.4787267
0.0393750,0.0210247,-0.0165856,-0.9047725,0.4969129
0.0400000,0.0210212,-0.0165938,-0.8861833,0.5155021
0.0406250,0.0210176,-0.0166025,-0.8673203,0.5343651
0.0412500,0.0210139,-0.0166114,-0.8480566,0.5536288
0.0418750,0.0210101,-0.0166206,-0.8285030,0.5731824
0.0425000,0.0210061,-0.0166302,-0.8085502,0.5931352
0.0431250,0.0210020,-0.0166401,-0.7882874,0.6133980
0.0437500,0.0209978,-0.0166504,-0.7676259,0.6340595
0.0443750,0.0209935,-0.0166609,-0.7466304,0.6550550
0.0450000,0.0209890,-0.0166719,-0.7252354,0.6764500
0.0456250,0.0209845,-0.0166832,-0.7034783,0.6982071
0.0462500,0.0209797,-0.0166948,-0.6813198,0.7203656
0.0468750,0.0209749,-0.0167068,-0.6587670,0.7429184
0.0475000,0.0209699,-0.0167191,-0.6358095,0.7658759
0.0481250,0.0209647,-0.0167319,-0.6124215,0.7892639
0.0487500,0.0209595,-0.0167450,-0.5886241,0.8130613
0.0493750,0.0209541,-0.0167585,-0.5643562,0.8373292
0.0500000,0.0209485,-0.0167724,-0.5396727,0.8620127
0.0506250,0.0209428,-0.0167867,-0.5144750,0.8872104
0.0512500,0.0209370,-0.0168014,-0.4888540,0.9128314
0.0518750,0.0209310,-0.0168165,-0.4626717,0.9390137
0.0525000,0.0209249,-0.0168321,-0.4360567,0.9656287
0.0531250,0.0209186,-0.0168481,-0.4088304,0.9928550
0.0537500,0.0209122,-0.0168645,-0.3811604,1.0205250
0.0543750,0.0209056,-0.0168814,-0.3528264,1.0488590
0.0550000,0.0208988,-0.0168988,-0.3240359,1.0776495
0.0556250,0.0208919,-0.0169167,-0.2945265,1.1071589
0.0562500,0.0208848,-0.0169350,-0.2645465,1.1371389
0.0568750,0.0208775,-0.0169539,-0.2337907,1.1678947
0.0575000,0.0208701,-0.0169732,-0.2025485,1.1991369
0.0581250,0.0208625,-0.0169932,-0.1704725,1.2312129
0.0587500,0.0208547,-0.0170136,-0.1378928,1.2637926
0.0593750,0.0208467,-0.0170348,-0.1044206,1.2972648
0.0600000,0.0208385,-0.0170564,-0.0704262,1.3312592
0.0606250,0.0208301,-0.0170787,-0.0354802,1.3662052
0.0612500,0.0208215,-0.0171015,0.0000080,1.4016934
0.0618750,0.0208127,-0.0171252,0.0365060,1.4381914
0.0625000,0.0208037,-0.0171493,0.0735674,1.4752528
0.0631250,0.0207945,-0.0171743,0.1116960,1.5133814
0.0637500,0.0207850,-0.0171998,0.1504100,1.5520954
0.0643750,0.0207753,-0.0172263,0.1902468,1.5919322
0.0650000,0.0207655,-0.0172532,0.2306920,1.6323774
0.0656250,0.0207553,-0.0172812,0.2723130,1.6739984
0.0662500,0.0207450,-0.0173098,0.3145663,1.7162517
0.0668750,0.0207343,-0.0173393,0.3580453,1.7597307
0.0675000,0.0207235,-0.0173695,0.4021809,1.8038663
0.0681250,0.0207123,-0.0174008,0.4475882,1.8492736
0.0687500,0.0207010,-0.0174327,0.4936770,1.8953624
0.0693750,0.0206894,-0.0174657,0.5410790,1.9427644
0.0700000,0.0206775,-0.0174994,0.5891874,1.9908728
0.0706250,0.0206653,-0.0175343,0.6386454,2.0403308
0.0712500,0.0206530,-0.0175699,0.6888348,2.0905202
0.0718750,0.0206403,-0.0176067,0.7404044,2.1420898
0.0725000,0.0206274,-0.0176442,0.7927302,2.1944156
0.0731250,0.0206141,-0.0176831,0.8464602,2.2481456
0.0737500,0.0206007,-0.0177226,0.9009708,2.3026562
0.0743750,0.0205869,-0.0177635,0.9569029,2.3585883
0.0750000,0.0205729,-0.0178052,1.0136393,2.4153247
0.0756250,0.0205586,-0.0178482,1.0718067,2.4734921
0.0762500,0.0205441,-0.0178920,1.1308015,2.5324869
0.0768750,0.0205293,-0.0179373,1.1912288,2.5929142
0.0775000,0.0205142,-0.0179833,1.2525054,2.6541908
0.0781250,0.0204989,-0.0180307,1.3152075,2.7168929
0.0787500,0.0204833,-0.0180790,1.3787798,2.7804652
0.0793750,0.0204674,-0.0181288,1.4437615,2.8454469
0.0800000,0.0204513,-0.0181793,1.5096329,2.9113183
0.0806250,0.0204349,-0.0182314,1.5768885,2.9785739
0.0812500,0.0204183,-0.0182843,1.6450515,3.0467369
0.0818750,0.0204015,-0.0183387,1.7145643,3.1162497
0.0825000,0.0203844,-0.0183940,1.7850002,3.1866856
0.0831250,0.0203670,-0.0184508,1.8567416,3.2584270
0.0837500,0.0203495,-0.0185085,1.9294202,3.3311056
0.0843750,0.0203317,-0.0185676,2.0033501,3.4050355
0.0850000,0.0203137,-0.0186277,2.0782290,3.4799144
0.0856250,0.0202954,-0.0186893,2.1542951,3.5559805
0.0862500,0.0202770,-0.0187518,2.2313197,3.6330051
0.0868750,0.0202584,-0.0188158,2.3094577,3.7111431
0.0875000,0.0202395,-0.0188808,2.3885613,3.7902467
0.0881250,0.0202205,-0.0189472,2.4686946,3.8703800
0.0887500,0.0202012,-0.0190146,2.5497980,3.9514834
0.0893750,0.0201818,-0.0190835,2.6318377,4.0335231
0.0900000,0.0201622,-0.0191533,2.7148494,4.1165348
0.0906250,0.0201425,-0.0192246,2.7986948,4.2003802
0.0912500,0.0201225,-0.0192970,2.8835112,4.2851966
0.0918750,0.0201024,-0.0193707,2.9690495,4.3707349
0.0925000,0.0200821,-0.0194455,3.0555551,4.4572405
0.0931250,0.0200618,-0.0195218,3.1426622,4.5443476
0.0937500,0.0200411,-0.0195991,3.2307299,4.6324153
0.0943750,0.0200205,-0.0196778,3.3192705,4.7209559
0.0950000,0.0199996,-0.0197576,3.4087620,4.8104474
0.0956250,0.0199787,-0.0198389,3.4985902,4.9002756
0.0962500,0.0199576,-0.0199212,3.5893566,4.9910420
0.0968750,0.0199365,-0.0200050,3.6803163,5.0820017
0.0975000,0.0199151,-0.0200898,3.7721986,5.1738840
0.0981250,0.0198937,-0.0201761,3.8641246,5.2658100
0.0987500,0.0198721,-0.0202636,3.9569544,5.3586398
0.0993750,0.0198506,-0.0203525,4.0496726,5.4513580
0.1000000,0.0198288,-0.0204425,4.1432730,5.5449584
0.1006250,0.0198071,-0.0205341,4.2366015,5.6382869
0.1012500,0.0197851,-0.0206267,4.3307876,5.7324730
0.1018750,0.0197632,-0.0207209,4.4245374,5.8262228
0.1025000,0.0197412,-0.0208162,4.5191175,5.9208029
0.1031250,0.0197191,-0.0209131,4.6130937,6.0147791
0.1037500,0.0196969,-0.0210111,4.7078700,6.1095554
0.1043750,0.0196748,-0.0211107,4.8018726,6.2035580
0.1050000,0.0196525,-0.0212114,4.8966423,6.2983277
0.1056250,0.0196303,-0.0213138,4.9904673,6.3921527
0.1062500,0.0196078,-0.0214174,5.0850238,6.4867092
0.1068750,0.0195856,-0.0215225,5.1784640,6.5801494
0.1075000,0.0195631,-0.0216289,5.2725978,6.6742832
0.1081250,0.0195408,-0.0217369,5.3654443,6.7671297
0.1087500,0.0195183,-0.0218460,5.4589442,6.8606296
0.1093750,0.0194960,-0.0219569,5.5509874,6.9526728
0.1100000,0.0194735,-0.0220690,5.6436416,7.0453270
0.1106250,0.0194513,-0.0221828,5.7346722,7.1363576
0.1112500,0.0194288,-0.0222978,5.8262695,7.2279549
0.1118750,0.0194066,-0.0224145,5.9160799,7.3177653
0.1125000,0.0193842,-0.0225324,6.0064107,7.4080961
0.1131250,0.0193620,-0.0226520,6.0947961,7.4964815
0.1137500,0.0193397,-0.0227729,6.1836540,7.5853394
0.1143750,0.0193177,-0.0228955,6.2704133,7.6720987
0.1150000,0.0192956,-0.0230193,6.3575958,7.7592812
0.1156250,0.0192737,-0.0231448,6.4425331,7.8442185
0.1162500,0.0192517,-0.0232716,6.5278432,7.9295286
0.1168750,0.0192300,-0.0234000,6.6107687,8.0124541
0.1175000,0.0192082,-0.0235298,6.6940154,8.0957008
0.1181250,0.0191868,-0.0236611,6.7747468,8.1764322
0.1187500,0.0191653,-0.0237937,6.8557469,8.2574323
0.1193750,0.0191441,-0.0239280,6.9341098,8.3357952
0.1200000,0.0191228,-0.0240635,7.0126885,8.4143739
0.1206250,0.0191020,-0.0242007,7.0885182,8.4902036
0.1212500,0.0190810,-0.0243391,7.1645104,8.5661958
0.1218750,0.0190605,-0.0244790,7.2376522,8.6393376
0.1225000,0.0190399,-0.0246202,7.3109031,8.7125885
0.1231250,0.0190198,-0.0247629,7.3812138,8.7828992
0.1237500,0.0189996,-0.0249068,7.4515802,8.8532656
0.1243750,0.0189798,-0.0250522,7.5189284,8.9206138
0.1250000,0.0189601,-0.0251988,7.5862791,8.9879645
0.1256250,0.0189408,-0.0253469,7.6505464,9.0522318
0.1262500,0.0189214,-0.0254961,7.7147635,9.1164489
0.1268750,0.0189027,-0.0256467,7.7758447,9.1775301
0.1275000,0.0188838,-0.0257985,7.8368239,9.2385093
0.1281250,0.0188656,-0.0259516,7.8946282,9.2963136
0.1287500,0.0188473,-0.0261059,7.9522794,9.3539648
0.1293750,0.0188296,-0.0262613,8.0067305,9.4084159
0.1300000,0.0188118,-0.0264180,8.0609786,9.4626640
0.1306250,0.0187947,-0.0265758,8.1120153,9.5137007
0.1312500,0.0187776,-0.0267347,8.1628003,9.5644857
0.1318750,0.0187611,-0.0268947,8.2103767,9.6120621
0.1325000,0.0187446,-0.0270559,8.2576544,9.6593398
0.1331250,0.0187287,-0.0272180,8.3017405,9.7034259
0.1337500,0.0187128,-0.0273813,8.3454824,9.7471678
0.1343750,0.0186975,-0.0275455,8.3860638,9.7877492
0.1350000,0.0186823,-0.0277108,8.4262574,9.8279428
0.1356250,0.0186678,-0.0278769,8.4633358,9.8650212
0.1362500,0.0186532,-0.0280442,8.4999846,9.9016700
0.1368750,0.0186394,-0.0282122,8.5335775,9.9352629
0.1375000,0.0186256,-0.0283813,8.5667010,9.9683864
0.1381250,0.0186124,-0.0285511,8.5968415,9.9985269
0.1387500,0.0185993,-0.0287220,8.6264753,10.0281607
0.1393750,0.0185869,-0.0288934,8.6532121,10.0548975
0.1400000,0.0185745,-0.0290660,8.6794070,10.0810924
0.1406250,0.0185628,-0.0292391,8.7028040,10.1044894
0.1412500,0.0185512,-0.0294132,8.7256263,10.1273117
0.1418750,0.0185403,-0.0295878,8.7457620,10.1474474
0.1425000,0.0185295,-0.0297634,8.7652927,10.1669781
0.1431250,0.0185193,-0.0299394,8.7822598,10.1839452
0.1437500,0.0185093,-0.0301165,8.7985944,10.2002798
0.1443750,0.0184999,-0.0302938,8.8124992,10.2141846
0.1450000,0.0184906,-0.0304721,8.8257464,10.2274318
0.1456250,0.0184820,-0.0306507,8.8367084,10.2383938
0.1462500,0.0184735,-0.0308303,8.8469901,10.2486755
0.1468750,0.0184657,-0.0310101,8.8551404,10.2568258
0.1475000,0.0184581,-0.0311908,8.8625907,10.2642761
0.1481250,0.0184511,-0.0313716,8.8680720,10.2697574
0.1487500,0.0184442,-0.0315533,8.8728361,10.2745215
0.1493750,0.0184380,-0.0317351,8.8758012,10.2774866
0.1500000,0.0184319,-0.0319177,8.8780346,10.2797200
0.1506250,0.0184265,-0.0321003,8.8786458,10.2803312
0.1512500,0.0184212,-0.0322838,8.8785134,10.2801988
0.1518750,0.0184166,-0.0324672,8.8769410,10.2786264
0.1525000,0.0184121,-0.0326514,8.8746157,10.2763011
0.1531250,0.0184083,-0.0328354,8.8710373,10.2727227
0.1537500,0.0184046,-0.0330202,8.8666991,10.2683845
0.1543750,0.0184015,-0.0332047,8.8612981,10.2629835
0.1550000,0.0183986,-0.0333900,8.8551329,10.2568183
0.1556250,0.0183964,-0.0335749,8.8480973,10.2497827
0.1562500,0.0183943,-0.0337607,8.8402956,10.2419810
0.1568750,0.0183927,-0.0339458,8.8318168,10.2335022
0.1575000,0.0183914,-0.0341318,8.8225723,10.2242577
0.1581250,0.0183906,-0.0343172,8.8128440,10.2145294
0.1587500,0.0183900,-0.0345032,8.8023524,10.2040378
0.1593750,0.0183900,-0.0346887,8.7915690,10.1932544
0.1600000,0.0183901,-0.0348748,8.7800269,10.1817123
0.1606250,0.0183908,-0.0350602,8.7683821,10.1700675
0.1612500,0.0183917,-0.0352462,8.7559851,10.1576705
0.1618750,0.0183930,-0.0354313,8.7436708,10.1453562
0.1625000,0.0183945,-0.0356171,8.7306126,10.1322980
0.1631250,0.0183966,-0.0358019,8.7178176,10.1195030
0.1637500,0.0183989,-0.0359874,8.7042886,10.1059740
0.1643750,0.0184015,-0.0361719,8.6911967,10.0928821
0.1650000,0.0184044,-0.0363569,8.6773824,10.0790678
0.1656250,0.0184078,-0.0365409,8.6641719,10.0658573
0.1662500,0.0184113,-0.0367253,8.6502517,10.0519371
0.1668750,0.0184153,-0.0369087,8.6370935,10.0387789
0.1675000,0.0184194,-0.0370926,8.6232397,10.0249251
0.1681250,0.0184240,-0.0372753,8.6102961,10.0119815
0.1687500,0.0184288,-0.0374584,8.5966720,9.9983574
0.1693750,0.0184339,-0.0376404,8.5840958,9.9857812
0.1700000,0.0184392,-0.0378227,8.5708551,9.9725405
0.1706250,0.0184449,-0.0380039,8.5587879,9.9604733
0.1712500,0.0184508,-0.0381855,8.5460731,9.9477585
0.1718750,0.0184570,-0.0383658,8.5346448,9.9363302
0.1725000,0.0184634,-0.0385464,8.5225861,9.9242715
0.1731250,0.0184702,-0.0387258,8.5119133,9.9135987
0.1737500,0.0184772,-0.0389056,8.5006279,9.9023133
0.1743750,0.0184845,-0.0390841,8.4908132,9.8924986
0.1750000,0.0184920,-0.0392629,8.4804038,9.8820892
0.1756250,0.0184998,-0.0394405,8.4715348,9.8732202
0.1762500,0.0185079,-0.0396184,8.4620891,9.8637745
0.1768750,0.0185162,-0.0397951,8.4542374,9.8559228
0.1775000,0.0185248,-0.0399721,8.4458271,9.8475125
0.1781250,0.0185337,-0.0401479,8.4390480,9.8407334
0.1787500,0.0185428,-0.0403239,8.4317280,9.8334134
0.1793750,0.0185522,-0.0404988,8.4260596,9.8277450
0.1800000,0.0185618,-0.0406739,8.4198675,9.8215529
0.1806250,0.0185717,-0.0408480,8.4153298,9.8170152
0.1812500,0.0185819,-0.0410222,8.4102854,9.8119708
0.1818750,0.0185924,-0.0411955,8.4068805,9.8085659
0.1825000,0.0186031,-0.0413688,8.4029850,9.8046704
0.1831250,0.0186141,-0.0415414,8.4006966,9.8023820
0.1837500,0.0186254,-0.0417140,8.3979329,9.7996183
0.1843750,0.0186370,-0.0418858,8.3967256,9.7984110
0.1850000,0.0186488,-0.0420576,8.3950577,9.7967431
0.1856250,0.0186610,-0.0422287,8.3948777,9.7965631
0.1862500,0.0186734,-0.0423998,8.3942506,9.7959360
0.1868750,0.0186863,-0.0425702,8.3950249,9.7967103
0.1875000,0.0186993,-0.0427406,8.3953648,9.7970502
0.1881250,0.0187128,-0.0429104,8.3970023,9.7986877
0.1887500,0.0187264,-0.0430802,8.3982166,9.7999020
0.1893750,0.0187405,-0.0432494,8.4006076,9.8022930
0.1900000,0.0187548,-0.0434185,8.4025855,9.8042709
0.1906250,0.0187695,-0.0435872,8.4056023,9.8072877
0.1912500,0.0187845,-0.0437558,8.4082150,9.8099004
0.1918750,0.0187999,-0.0439239,8.4117126,9.8133980
0.1925000,0.0188155,-0.0440919,8.4148138,9.8164992
0.1931250,0.0188316,-0.0442594,8.4186306,9.8203160
0.1937500,0.0188479,-0.0444268,8.4220572,9.8237426
0.1943750,0.0188647,-0.0445938,8.4260156,9.8277010
0.1950000,0.0188817,-0.0447606,8.4295887,9.8312741
0.1956250,0.0188992,-0.0449270,8.4334960,9.8351814
0.1962500,0.0189169,-0.0450931,8.4370216,9.8387070
0.1968750,0.0189351,-0.0452589,8.4406710,9.8423564
0.1975000,0.0189535,-0.0454245,8.4439410,9.8456264
0.1981250,0.0189724,-0.0455896,8.4471130,9.8487984
0.1987500,0.0189916,-0.0457545,8.4499068,9.8515922
0.1993750,0.0190112,-0.0459188,8.4523702,9.8540556
0.2000000,0.0190310,-0.0460830,8.4544550,9.8561404
0.2006250,0.0190514,-0.0462466,8.4559683,9.8576537
0.2012500,0.0190719,-0.0464099,8.4571016,9.8587870
0.2018750,0.0190930,-0.0465727,8.4574144,9.8590998
0.2025000,0.0191142,-0.0467352,8.4573447,9.8590301
0.2031250,0.0191359,-0.0468971,8.4561993,9.8578847
0.2037500,0.0191578,-0.0470586,8.4546678,9.8563532
0.2043750,0.0191803,-0.0472195,8.4518008,9.8534862
0.2050000,0.0192029,-0.0473800,8.4485430,9.8502284
0.2056250,0.0192259,-0.0475397,8.4436871,9.8453725
0.2062500,0.0192492,-0.0476991,8.4384349,9.8401203
0.2068750,0.0192729,-0.0478576,8.4313202,9.8330056
0.2075000,0.0192967,-0.0480158,8.4238029,9.8254883
0.2081250,0.0193211,-0.0481731,8.4141592,9.8158446
0.2087500,0.0193456,-0.0483299,8.4041061,9.8057915
0.2093750,0.0193705,-0.0484858,8.3916645,9.7933499
0.2100000,0.0193956,-0.0486412,8.3788060,9.7804914
0.2106250,0.0194211,-0.0487956,8.3633008,9.7649862
0.2112500,0.0194468,-0.0489494,8.3473709,9.7490563
0.2118750,0.0194728,-0.0491022,8.3285415,9.7302269
0.2125000,0.0194990,-0.0492545,8.3092794,9.7109648
0.2131250,0.0195256,-0.0494055,8.2868721,9.6885575
0.2137500,0.0195523,-0.0495560,8.2640242,9.6657096
0.2143750,0.0195794,-0.0497052,8.2377943,9.6394797
0.2150000,0.0196066,-0.0498538,8.2111158,9.6128012
0.2156250,0.0196340,-0.0500011,8.1808292,9.5825146
0.2162500,0.0196616,-0.0501478,8.1500861,9.5517715
0.2168750,0.0196895,-0.0502930,8.1155215,9.5172069
0.2175000,0.0197176,-0.0504375,8.0804929,9.4821783
0.2181250,0.0197459,-0.0505806,8.0414432,9.4431286
0.2187500,0.0197744,-0.0507229,8.0019224,9.4036078
0.2193750,0.0198030,-0.0508637,7.9581964,9.3598818
0.2200000,0.0198318,-0.0510037,7.9139931,9.3156785
0.2206250,0.0198607,-0.0511420,7.8654176,9.2671030
0.2212500,0.0198898,-0.0512795,7.8163593,9.2180447
0.2218750,0.0199189,-0.0514152,7.7627803,9.1644657
0.2225000,0.0199482,-0.0515502,7.7087141,9.1103995
0.2231250,0.0199775,-0.0516831,7.6499984,9.0516838
0.2237500,0.0200070,-0.0518153,7.5907921,8.9924775
0.2243750,0.0200365,-0.0519454,7.5268288,8.9285142
0.2250000,0.0200661,-0.0520747,7.4623726,8.8640580
0.2256250,0.0200956,-0.0522017,7.3930739,8.7947593
0.2262500,0.0201253,-0.0523279,7.3232815,8.7249669
0.2268750,0.0201548,-0.0524518,7.2485843,8.6502697
0.2275000,0.0201845,-0.0525747,7.1733941,8.5750795
0.2281250,0.0202139,-0.0526951,7.0932609,8.4949463
0.2287500,0.0202435,-0.0528146,7.0126368,8.4143222
0.2293750,0.0202727,-0.0529314,6.9270560,8.3287414
0.2300000,0.0203021,-0.0530472,6.8409883,8.2426737
0.2306250,0.0203312,-0.0531602,6.7499757,8.1516611
0.2312500,0.0203603,-0.0532721,6.6584818,8.0601672
0.2318750,0.0203890,-0.0533811,6.5620804,7.9637658
0.2325000,0.0204177,-0.0534890,6.4652050,7.8668904
0.2331250,0.0204459,-0.0535937,6.3634856,7.7651710
0.2337500,0.0204742,-0.0536974,6.2613016,7.6629870
0.2343750,0.0205018,-0.0537976,6.1543627,7.5560481
0.2350000,0.0205295,-0.0538966,6.0469706,7.4486560
0.2356250,0.0205565,-0.0539922,5.9349387,7.3366241
0.2362500,0.0205835,-0.0540865,5.8224669,7.2241523
0.2368750,0.0206097,-0.0541771,5.7054961,7.1071815
0.2375000,0.0206359,-0.0542664,5.5881006,6.9897860
0.2381250,0.0206612,-0.0543518,5.4663721,6.8680575
0.2387500,0.0206866,-0.0544359,5.3442359,6.7459213
0.2393750,0.0207108,-0.0545159,5.2179573,6.6196427
0.2400000,0.0207350,-0.0545946,5.0912902,6.4929756
0.2406250,0.0207582,-0.0546690,4.9606949,6.3623803
0.2412500,0.0207814,-0.0547420,4.8297320,6.2314174
0.2418750,0.0208033,-0.0548105,4.6950780,6.0967634
0.2425000,0.0208253,-0.0548776,4.5600792,5.9617646
0.2431250,0.0208458,-0.0549401,4.4216480,5.8233334
0.2437500,0.0208664,-0.0550013,4.2828967,5.6845821
0.2443750,0.0208855,-0.0550575,4.1409918,5.5426772
0.2450000,0.0209047,-0.0551124,3.9987931,5.4004785
0.2456250,0.0209224,-0.0551623,3.8537388,5.2554242
0.2462500,0.0209401,-0.0552108,3.7084185,5.1101039
0.2468750,0.0209562,-0.0552542,3.5605578,4.9622432
0.2475000,0.0209722,-0.0552961,3.4124605,4.8141459
0.2481250,0.0209867,-0.0553329,3.2621533,4.6638387
0.2487500,0.0210011,-0.0553683,3.1116402,4.5133256
0.2493750,0.0210139,-0.0553984,2.9592617,4.3609471
0.2500000,0.0210266,-0.0554270,2.8067090,4.2083944
0.2506250,0.0210377,-0.0554511,2.6527231,4.0544085
0.2512500,0.0210487,-0.0554752,2.4987372,3.9004226
0.2518750,0.0210580,-0.0554955,2.3437318,3.7454172
0.2525000,0.0210673,-0.0555157,2.1887265,3.5904119
0.2531250,0.0210749,-0.0555322,2.0330402,3.4347256
0.2537500,0.0210825,-0.0555486,1.8773540,3.2790394
0.2543750,0.0210884,-0.0555613,1.7213302,3.1230156
0.2550000,0.0210942,-0.0555741,1.5653064,2.9669918
0.2556250,0.0210984,-0.0555831,1.4092909,2.8109763
0.2562500,0.0211026,-0.0555922,1.2532753,2.6549607
0.2568750,0.0211052,-0.0555978,1.0976145,2.4992999
0.2575000,0.0211077,-0.0556033,0.9419538,2.3436392
0.2581250,0.0211087,-0.0556054,0.7869928,2.1886782
0.2587500,0.0211097,-0.0556075,0.6320317,2.0337171
0.2593750,0.0211092,-0.0556063,0.4781120,1.8797974
0.2600000,0.0211086,-0.0556051,0.3241924,1.7258778
0.2606250,0.0211066,-0.0556007,0.1716500,1.5733354
0.2612500,0.0211045,-0.0555963,0.0191076,1.4207930
0.2618750,0.0211011,-0.0555889,-0.1317292,1.2699562
0.2625000,0.0210977,-0.0555816,-0.2825660,1.1191194
0.2631250,0.0210930,-0.0555713,-0.4313783,0.9703071
0.2637500,0.0210883,-0.0555611,-0.5801907,0.8214947
0.2643750,0.0210823,-0.0555482,-0.7266715,0.6750139
0.2650000,0.0210763,-0.0555353,-0.8731523,0.5285331
0.2656250,0.0210692,-0.0555198,-1.0170080,0.3846774
0.2662500,0.0210621,-0.0555044,-1.1608637,0.2408217
0.2668750,0.0210539,-0.0554866,-1.3018161,0.0998693
0.2675000,0.0210457,-0.0554688,-1.4427684,-0.0410830
0.2681250,0.0210365,-0.0554488,-1.5805565,-0.1788710
0.2687500,0.0210273,-0.0554287,-1.7183445,-0.3166591
0.2693750,0.0210172,-0.0554065,-1.8527261,-0.4510407
0.2700000,0.0210071,-0.0553844,-1.9871076,-0.5854222
0.2706250,0.0209961,-0.0553602,-2.1178611,-0.7161757
0.2712500,0.0209851,-0.0553361,-2.2486145,-0.8469291
0.2718750,0.0209733,-0.0553101,-2.3755402,-0.9738548
0.2725000,0.0209614,-0.0552841,-2.5024658,-1.1007804
0.2731250,0.0209488,-0.0552563,-2.6253873,-1.2237019
0.2737500,0.0209362,-0.0552285,-2.7483087,-1.3466233
0.2743750,0.0209229,-0.0551990,-2.8670742,-1.4653888
0.2750000,0.0209096,-0.0551695,-2.9858397,-1.5841543
0.2756250,0.0208956,-0.0551384,-3.1003230,-1.6986376
0.2762500,0.0208816,-0.0551073,-3.2148063,-1.8131209
0.2768750,0.0208670,-0.0550745,-3.3249076,-1.9232222
0.2775000,0.0208523,-0.0550418,-3.4350090,-2.0333236
0.2781250,0.0208370,-0.0550075,-3.5406561,-2.1389707
0.2787500,0.0208217,-0.0549732,-3.6463032,-2.2446178
0.2793750,0.0208058,-0.0549374,-3.7474514,-2.3457660
0.2800000,0.0207898,-0.0549015,-3.8485997,-2.4469143
0.2806250,0.0207733,-0.0548640,-3.9452330,-2.5435476
0.2812500,0.0207567,-0.0548266,-4.0418662,-2.6401808
0.2818750,0.0207396,-0.0547876,-4.1339968,-2.7323114
0.2825000,0.0207225,-0.0547487,-4.2261273,-2.8244419
0.2831250,0.0207048,-0.0547082,-4.3137961,-2.9121107
0.2837500,0.0206870,-0.0546677,-4.4014648,-2.9997794
0.2843750,0.0206687,-0.0546256,-4.4847411,-3.0830557
0.2850000,0.0206504,-0.0545835,-4.5680174,-3.1663320
0.2856250,0.0206315,-0.0545399,-4.6469988,-3.2453134
0.2862500,0.0206126,-0.0544962,-4.7259801,-3.3242947
0.2868750,0.0205931,-0.0544510,-4.8007916,-3.3991062
0.2875000,0.0205736,-0.0544058,-4.8756032,-3.4739178
0.2881250,0.0205536,-0.0543590,-4.9463970,-3.5447116
0.2887500,0.0205336,-0.0543122,-5.0171907,-3.6155053
0.2893750,0.0205130,-0.0542638,-5.0841448,-3.6824594
0.2900000,0.0204924,-0.0542154,-5.1510989,-3.7494135
0.2906250,0.0204713,-0.0541655,-5.2144165,-3.8127311
0.2912500,0.0204502,-0.0541156,-5.2777340,-3.8760486
0.2918750,0.0204286,-0.0540642,-5.3376418,-3.9359564
0.2925000,0.0204070,-0.0540128,-5.3975497,-3.9958643
0.2931250,0.0203850,-0.0539599,-5.4542972,-4.0526118
0.2937500,0.0203629,-0.0539070,-5.5110447,-4.1093593
0.2943750,0.0203405,-0.0538527,-5.5649019,-4.1632165
0.2950000,0.0203180,-0.0537984,-5.6187590,-4.2170736
0.2956250,0.0202951,-0.0537427,-5.6700150,-4.2683296
0.2962500,0.0202722,-0.0536871,-5.7212709,-4.3195855
0.2968750,0.0202490,-0.0536302,-5.7702321,-4.3685467
0.2975000,0.0202258,-0.0535733,-5.8191933,-4.4175079
0.2981250,0.0202023,-0.0535152,-5.8661815,-4.4644961
0.2987500,0.0201787,-0.0534571,-5.9131696,-4.5114842
0.2993750,0.0201550,-0.0533979,-5.9585195,-4.5568341
0.3000000,0.0201312,-0.0533388,-6.0038694,-4.6021840
0.3006250,0.0201072,-0.0532786,-6.0479268,-4.6462414
0.3012500,0.0200832,-0.0532185,-6.0919842,-4.6902988
0.3018750,0.0200591,-0.0531575,-6.1351035,-4.7334181
0.3025000,0.0200350,-0.0530965,-6.1782228,-4.7765374
0.3031250,0.0200108,-0.0530347,-6.2207647,-4.8190793
0.3037500,0.0199865,-0.0529729,-6.2633066,-4.8616212
0.3043750,0.0199622,-0.0529104,-6.3056355,-4.9039502
0.3050000,0.0199379,-0.0528479,-6.3479645,-4.9462791
0.3056250,0.0199136,-0.0527848,-6.3904462,-4.9887608
0.3062500,0.0198892,-0.0527217,-6.4329279,-5.0312425
0.3068750,0.0198649,-0.0526580,-6.4759270,-5.0742416
0.3075000,0.0198406,-0.0525944,-6.5189261,-5.1172407
0.3081250,0.0198163,-0.0525303,-6.5628033,-5.1611179
0.3087500,0.0197920,-0.0524661,-6.6066806,-5.2049952
0.3093750,0.0197678,-0.0524015,-6.6517905,-5.2501051
0.3100000,0.0197435,-0.0523369,-6.6969004,-5.2952150
0.3106250,0.0197193,-0.0522718,-6.7435886,-5.3419032
0.3112500,0.0196950,-0.0522067,-6.7902769,-5.3885915
0.3118750,0.0196708,-0.0521411,-6.8388780,-5.4371926
0.3125000,0.0196466,-0.0520755,-6.8874790,-5.4857936
0.3131250,0.0196225,-0.0520093,-6.9383134,-5.5366281
0.3137500,0.0195983,-0.0519432,-6.9891479,-5.5874625
0.3143750,0.0195742,-0.0518764,-7.0425205,-5.6408351
0.3150000,0.0195500,-0.0518097,-7.0958930,-5.6942076
0.3156250,0.0195258,-0.0517422,-7.1520899,-5.7504045
0.3162500,0.0195016,-0.0516746,-7.2082868,-5.8066014
0.3168750,0.0194774,-0.0516062,-7.2675738,-5.8658884
0.3175000,0.0194531,-0.0515379,-7.3268608,-5.9251754
0.3181250,0.0194287,-0.0514684,-7.3894812,-5.9877958
0.3187500,0.0194043,-0.0513990,-7.4521015,-6.0504161
0.3193750,0.0193797,-0.0513283,-7.5182740,-6.1165886
0.3200000,0.0193551,-0.0512577,-7.5844465,-6.1827611
0.3206250,0.0193303,-0.0511856,-7.6543637,-6.2526783
0.3212500,0.0193055,-0.0511135,-7.7242808,-6.3225954
0.3218750,0.0192804,-0.0510397,-7.7981073,-6.3964219
0.3225000,0.0192553,-0.0509660,-7.8719338,-6.4702484
0.3231250,0.0192298,-0.0508904,-7.9498052,-6.5481198
0.3237500,0.0192043,-0.0508147,-8.0276766,-6.6259912
0.3243750,0.0191785,-0.0507370,-8.1096979,-6.7080125
0.3250000,0.0191526,-0.0506593,-8.1917192,-6.7900338
0.3256250,0.0191263,-0.0505792,-8.2779637,-6.8762783
0.3262500,0.0190999,-0.0504991,-8.3642083,-6.9625229
0.3268750,0.0190731,-0.0504165,-8.4547172,-7.0530318
0.3275000,0.0190462,-0.0503338,-8.5452261,-7.1435407
0.3281250,0.0190188,-0.0502483,-8.6400074,-7.2383220
0.3287500,0.0189914,-0.0501629,-8.7347887,-7.3331033
0.3293750,0.0189634,-0.0500745,-8.8338170,-7.4321316
0.3300000,0.0189354,-0.0499861,-8.9328453,-7.5311599
0.3306250,0.0189069,-0.0498945,-9.0360615,-7.6343761
0.3312500,0.0188783,-0.0498029,-9.1392778,-7.7375924
0.3318750,0.0188492,-0.0497080,-9.2465894,-7.8449040
0.3325000,0.0188200,-0.0496131,-9.3539010,-7.9522156
0.3331250,0.0187903,-0.0495147,-9.4651819,-8.0634965
0.3337500,0.0187605,-0.0494164,-9.5764628,-8.1747774
0.3343750,0.0187302,-0.0493145,-9.6915542,-8.2898688
0.3350000,0.0186998,-0.0492127,-9.8066455,-8.4049601
0.3356250,0.0186690,-0.0491074,-9.9253562,-8.5236708
0.3362500,0.0186381,-0.0490020,-10.0440669,-8.6423815
0.3368750,0.0186068,-0.0488931,-10.1661746,-8.7644892
0.3375000,0.0185755,-0.0487841,-10.2882824,-8.8865970
0.3381250,0.0185438,-0.0486716,-10.4135347,-9.0118493
0.3387500,0.0185120,-0.0485591,-10.5387870,-9.1371016
0.3393750,0.0184799,-0.0484432,-10.6669027,-9.2652173
0.3400000,0.0184478,-0.0483273,-10.7950184,-9.3933330
0.3406250,0.0184155,-0.0482080,-10.9256889,-9.5240035
0.3412500,0.0183832,-0.0480887,-11.0563595,-9.6546741
0.3418750,0.0183507,-0.0479662,-11.1892509,-9.7875655
0.3425000,0.0183182,-0.0478437,-11.3221424,-9.9204570
0.3431250,0.0182856,-0.0477182,-11.4568971,-10.0552117
0.3437500,0.0182530,-0.0475927,-11.5916519,-10.1899665
0.3443750,0.0182205,-0.0474643,-11.7278909,-10.3262055
0.3450000,0.0181879,-0.0473359,-11.8641299,-10.4624445
0.3456250,0.0181555,-0.0472048,-12.0014548,-10.5997694
0.3462500,0.0181231,-0.0470738,-12.1387797,-10.7370943
0.3468750,0.0180909,-0.0469404,-12.2767753,-10.8750899
0.3475000,0.0180587,-0.0468069,-12.4147708,-11.0130854
0.3481250,0.0180269,-0.0466712,-12.5530075,-11.1513221
0.3487500,0.0179950,-0.0465356,-12.6912442,-11.2895588
0.3493750,0.0179636,-0.0463980,-12.8292806,-11.4275952
0.3500000,0.0179321,-0.0462605,-12.9673169,-11.5656315
0.3506250,0.0179012,-0.0461212,-13.1047026,-11.7030172
0.3512500,0.0178702,-0.0459819,-13.2420883,-11.8404029
0.3518750,0.0178399,-0.0458411,-13.3783667,-11.9766813
0.3525000,0.0178095,-0.0457003,-13.5146450,-12.1129596
0.3531250,0.0177798,-0.0455582,-13.6493559,-12.2476705
0.3537500,0.0177500,-0.0454162,-13.7840667,-12.3823813
0.3543750,0.0177210,-0.0452730,-13.9167494,-12.5150640
0.3550000,0.0176919,-0.0451298,-14.0494321,-12.6477467
0.3556250,0.0176636,-0.0449857,-14.1796283,-12.7779429
0.3562500,0.0176353,-0.0448415,-14.3098245,-12.9081391
0.3568750,0.0176078,-0.0446965,-14.4370810,-13.0353956
0.3575000,0.0175803,-0.0445515,-14.5643375,-13.1626521
0.3581250,0.0175536,-0.0444058,-14.6882092,-13.2865238
0.3587500,0.0175269,-0.0442601,-14.8120808,-13.4103954
0.3593750,0.0175011,-0.0441137,-14.9321335,-13.5304481
0.3600000,0.0174752,-0.0439673,-15.0521862,-13.6505008
0.3606250,0.0174502,-0.0438202,-15.1679993,-13.7663139
0.3612500,0.0174252,-0.0436732,-15.2838123,-13.8821269
0.3618750,0.0174011,-0.0435255,-15.3949815,-13.9932961
0.3625000,0.0173770,-0.0433778,-15.5061506,-14.1044652
0.3631250,0.0173537,-0.0432294,-15.6122904,-14.2106050
0.3637500,0.0173304,-0.0430810,-15.7184302,-14.3167448
0.3643750,0.0173080,-0.0429318,-15.8191765,-14.4174911
0.3650000,0.0172856,-0.0427827,-15.9199228,-14.5182374
0.3656250,0.0172641,-0.0426327,-16.0149353,-14.6132499
0.3662500,0.0172425,-0.0424827,-16.1099477,-14.7082623
0.3668750,0.0172219,-0.0423318,-16.1989115,-14.7972261
0.3675000,0.0172012,-0.0421808,-16.2878753,-14.8861899
0.3681250,0.0171814,-0.0420288,-16.3705036,-14.9688182
0.3687500,0.0171616,-0.0418767,-16.4531319,-15.0514465
0.3693750,0.0171427,-0.0417234,-16.5291674,-15.1274820
0.3700000,0.0171237,-0.0415702,-16.6052029,-15.2035175
0.3706250,0.0171057,-0.0414156,-16.6744196,-15.2727342
0.3712500,0.0170876,-0.0412611,-16.7436363,-15.3419509
0.3718750,0.0170704,-0.0411051,-16.8058408,-15.4041554
0.3725000,0.0170532,-0.0409490,-16.8680452,-15.4663598
0.3731250,0.0170370,-0.0407914,-16.9230777,-15.5213923
0.3737500,0.0170207,-0.0406338,-16.9781103,-15.5764249
0.3743750,0.0170054,-0.0404745,-17.0258462,-15.6241608
0.3750000,0.0169900,-0.0403153,-17.0735821,-15.6718967
0.3756250,0.0169756,-0.0401543,-17.1139320,-15.7122466
0.3762500,0.0169612,-0.0399932,-17.1542819,-15.7525965
0.3768750,0.0169478,-0.0398303,-17.1871927,-15.7855073
0.3775000,0.0169344,-0.0396675,-17.2201034,-15.8184180
0.3781250,0.0169220,-0.0395028,-17.2455580,-15.8438726
0.3787500,0.0169096,-0.0393382,-17.2710126,-15.8693272
0.3793750,0.0168983,-0.0391717,-17.2890303,-15.8873449
0.3800000,0.0168869,-0.0390053,-17.3070480,-15.9053626
0.3806250,0.0168767,-0.0388371,-17.3176842,-15.9159988
0.3812500,0.0168664,-0.0386689,-17.3283205,-15.9266351
0.3818750,0.0168573,-0.0384990,-17.3316663,-15.9299809
0.3825000,0.0168482,-0.0383291,-17.3350120,-15.9333266
0.3831250,0.0168403,-0.0381577,-17.3311930,-15.9295076
0.3837500,0.0168323,-0.0379863,-17.3273740,-15.9256886
0.3843750,0.0168256,-0.0378134,-17.3165501,-15.9148647
0.3850000,0.0168189,-0.0376406,-17.3057261,-15.9040407
0.3856250,0.0168134,-0.0374666,-17.2880896,-15.8864042
0.3862500,0.0168079,-0.0372926,-17.2704531,-15.8687677
0.3868750,0.0168037,-0.0371175,-17.2462277,-15.8445423
0.3875000,0.0167995,-0.0369425,-17.2220024,-15.8203170
0.3881250,0.0167966,-0.0367668,-17.1914417,-15.7897563
0.3887500,0.0167937,-0.0365910,-17.1608810,-15.7591956
0.3893750,0.0167922,-0.0364147,-17.1242662,-15.7225808
0.3900000,0.0167906,-0.0362385,-17.0876514,-15.6859660
0.3906250,0.0167904,-0.0360620,-17.0452897,-15.6436043
0.3912500,0.0167901,-0.0358856,-17.0029280,-15.6012426
0.3918750,0.0167912,-0.0357092,-16.9551503,-15.5534649
0.3925000,0.0167923,-0.0355329,-16.9073726,-15.5056872
0.3931250,0.0167948,-0.0353569,-16.8545310,-15.4528456
0.3937500,0.0167972,-0.0351809,-16.8016894,-15.4000040
0.3943750,0.0168010,-0.0350055,-16.7441550,-15.3424696
0.3950000,0.0168047,-0.0348301,-16.6866206,-15.2849352
0.3956250,0.0168097,-0.0346556,-16.6247808,-15.2230954
0.3962500,0.0168147,-0.0344812,-16.5629409,-15.1612555
0.3968750,0.0168210,-0.0343079,-16.4971964,-15.0955110
0.3975000,0.0168273,-0.0341346,-16.4314519,-15.0297665
0.3981250,0.0168348,-0.0339627,-16.3622144,-14.9605290
0.3987500,0.0168423,-0.0337908,-16.2929769,-14.8912915
0.3993750,0.0168510,-0.0336205,-16.2206657,-14.8189803
0.4000000,0.0168597,-0.0334503,-16.1483546,-14.7466692
0.4006250,0.0168696,-0.0332818,-16.0733942,-14.6717088
0.4012500,0.0168794,-0.0331133,-15.9984338,-14.5967484
0.4018750,0.0168903,-0.0329468,-15.9212506,-14.5195652
0.4025000,0.0169012,-0.0327803,-15.8440674,-14.4423820
0.4031250,0.0169132,-0.0326159,-15.7650867,-14.3634013
0.4037500,0.0169251,-0.0324514,-15.6861060,-14.2844206
0.4043750,0.0169381,-0.0322891,-15.6057495,-14.2040641
0.4050000,0.0169510,-0.0321268,-15.5253929,-14.1237075
0.4056250,0.0169649,-0.0319668,-15.4440751,-14.0423897
0.4062500,0.0169788,-0.0318067,-15.3627574,-13.9610720
0.4068750,0.0169936,-0.0316488,-15.2808835,-13.8791981
0.4075000,0.0170084,-0.0314910,-15.1990096,-13.7973242
0.4081250,0.0170240,-0.0313355,-15.1169722,-13.7152868
0.4087500,0.0170396,-0.0311799,-15.0349349,-13.6332495
0.4093750,0.0170561,-0.0310266,-14.9531116,-13.5514262
0.4100000,0.0170725,-0.0308732,-14.8712883,-13.4696029
0.4106250,0.0170897,-0.0307220,-14.7900389,-13.3883535
0.4112500,0.0171069,-0.0305708,-14.7087896,-13.3071042
0.4118750,0.0171249,-0.0304217,-14.6284540,-13.2267686
0.4125000,0.0171428,-0.0302726,-14.5481184,-13.1464330
0.4131250,0.0171615,-0.0301255,-14.4690139,-13.0673285
0.4137500,0.0171802,-0.0299785,-14.3899095,-12.9882241
0.4143750,0.0171996,-0.0298334,-14.3123291,-12.9106437
0.4150000,0.0172189,-0.0296883,-14.2347487,-12.8330633
0.4156250,0.0172389,-0.0295450,-14.1589588,-12.7572734
0.4162500,0.0172589,-0.0294017,-14.0831690,-12.6814836
0.4168750,0.0172796,-0.0292601,-14.0094080,-12.6077226
0.4175000,0.0173002,-0.0291185,-13.9356470,-12.5339616
0.4181250,0.0173215,-0.0289786,-13.8641234,-12.4624380
0.4187500,0.0173428,-0.0288387,-13.7925998,-12.3909144
0.4193750,0.0173648,-0.0287004,-13.7234912,-12.3218058
0.4200000,0.0173867,-0.0285620,-13.6543826,-12.2526972
0.4206250,0.0174092,-0.0284251,-13.5878344,-12.1861490
0.4212500,0.0174317,-0.0282882,-13.5212862,-12.1196008
0.4218750,0.0174548,-0.0281528,-13.4574109,-12.0557255
0.4225000,0.0174779,-0.0280173,-13.3935356,-11.9918502
0.4231250,0.0175016,-0.0278832,-13.3324120,-11.9307266
0.4237500,0.0175253,-0.0277491,-13.2712885,-11.8696031
0.4243750,0.0175496,-0.0276163,-13.2129615,-11.8112761
0.4250000,0.0175738,-0.0274835,-13.1546344,-11.7529490
0.4256250,0.0175986,-0.0273520,-13.0991147,-11.6974293
0.4262500,0.0176234,-0.0272205,-13.0435950,-11.6419096
0.4268750,0.0176488,-0.0270903,-12.9908592,-11.5891738
0.4275000,0.0176741,-0.0269601,-12.9381235,-11.5364381
0.4281250,0.0177000,-0.0268311,-12.8881148,-11.4864294
0.4287500,0.0177258,-0.0267022,-12.8381062,-11.4364208
0.4293750,0.0177521,-0.0265745,-12.7907347,-11.3890493
0.4300000,0.0177784,-0.0264469,-12.7433631,-11.3416777
0.4306250,0.0178052,-0.0263205,-12.6985064,-11.2968210
0.4312500,0.0178320,-0.0261942,-12.6536497,-11.2519643
0.4318750,0.0178593,-0.0260692,-12.6111546,-11.2094692
0.4325000,0.0178865,-0.0259442,-12.5686594,-11.1669740
0.4331250,0.0179142,-0.0258205,-12.5283427,-11.1266573
0.4337500,0.0179418,-0.0256968,-12.4880259,-11.0863405
0.4343750,0.0179698,-0.0255745,-12.4496760,-11.0479906
0.4350000,0.0179978,-0.0254522,-12.4113260,-11.0096406
0.4356250,0.0180262,-0.0253313,-12.3747047,-10.9730193
0.4362500,0.0180546,-0.0252103,-12.3380833,-10.9363979
0.4368750,0.0180834,-0.0250907,-12.3029277,-10.9012423
0.4375000,0.0181121,-0.0249712,-12.2677720,-10.8660866
0.4381250,0.0181412,-0.0248530,-12.2337964,-10.8321110
0.4387500,0.0181703,-0.0247349,-12.1998209,-10.7981355
0.4393750,0.0181997,-0.0246180,-12.1667194,-10.7650340
0.4400000,0.0182291,-0.0245012,-12.1336180,-10.7319326
0.4406250,0.0182588,-0.0243857,-12.1010666,-10.6993812
0.4412500,0.0182884,-0.0242702,-12.0685151,-10.6668297
0.4418750,0.0183184,-0.0241560,-12.0361740,-10.6344886
0.4425000,0.0183484,-0.0240418,-12.0038329,-10.6021475
0.4431250,0.0183787,-0.0239287,-11.9713496,-10.5696642
0.4437500,0.0184089,-0.0238157,-11.9388663,-10.5371809
0.4443750,0.0184395,-0.0237038,-11.9058780,-10.5041926
0.4450000,0.0184701,-0.0235919,-11.8728897,-10.4712043
0.4456250,0.0185010,-0.0234810,-11.8390262,-10.4373408
0.4462500,0.0185318,-0.0233702,-11.8051627,-10.4034773
0.4468750,0.0185630,-0.0232602,-11.7700491,-10.3683637
0.4475000,0.0185942,-0.0231503,-11.7349355,-10.3332501
0.4481250,0.0186258,-0.0230411,-11.6981952,-10.2965098
0.4487500,0.0186573,-0.0229320,-11.6614548,-10.2597694
0.4493750,0.0186893,-0.0228235,-11.6227122,-10.2210268
0.4500000,0.0187212,-0.0227151,-11.5839696,-10.1822842
0.4506250,0.0187536,-0.0226072,-11.5428532,-10.1411678
0.4512500,0.0187859,-0.0224993,-11.5017368,-10.1000514
0.4518750,0.0188187,-0.0223918,-11.4578818,-10.0561964
0.4525000,0.0188514,-0.0222844,-11.4140269,-10.0123415
0.4531250,0.0188846,-0.0221773,-11.3670782,-9.9653928
0.4537500,0.0189178,-0.0220702,-11.3201294,-9.9184440
0.4543750,0.0189515,-0.0219633,-11.2697440,-9.8680586
0.4550000,0.0189852,-0.0218564,-11.2193586,-9.8176732
0.4556250,0.0190195,-0.0217496,-11.1652084,-9.7635230
0.4562500,0.0190537,-0.0216429,-11.1110583,-9.7093729
0.4568750,0.0190885,-0.0215363,-11.0528328,-9.6511474
0.4575000,0.0191232,-0.0214297,-10.9946073,-9.5929219
0.4581250,0.0191586,-0.0213231,-10.9320157,-9.5303303
0.4587500,0.0191939,-0.0212165,-10.8694240,-9.4677386
0.4593750,0.0192298,-0.0211099,-10.8021973,-9.4005119
0.4600000,0.0192656,-0.0210034,-10.7349707,-9.3332853
0.4606250,0.0193021,-0.0208970,-10.6628644,-9.2611790
0.4612500,0.0193385,-0.0207905,-10.5907581,-9.1890727
0.4618750,0.0193755,-0.0206841,-10.5135534,-9.1118680
0.4625000,0.0194124,-0.0205778,-10.4363488,-9.0346634
0.4631250,0.0194499,-0.0204717,-10.3538548,-8.9521694
0.4637500,0.0194873,-0.0203656,-10.2713609,-8.8696755
0.4643750,0.0195252,-0.0202598,-10.1834161,-8.7817307
0.4650000,0.0195631,-0.0201540,-10.0954713,-8.6937859
0.4656250,0.0196014,-0.0200488,-10.0019446,-8.6002592
0.4662500,0.0196397,-0.0199435,-9.9084179,-8.5067325
0.4668750,0.0196783,-0.0198390,-9.8092100,-8.4075246
0.4675000,0.0197169,-0.0197344,-9.7100020,-8.3083166
0.4681250,0.0197557,-0.0196308,-9.6050461,-8.2033607
0.4687500,0.0197945,-0.0195272,-9.5000903,-8.0984049
0.4693750,0.0198334,-0.0194248,-9.3893531,-7.9876677
0.4700000,0.0198723,-0.0193224,-9.2786158,-7.8769304
0.4706250,0.0199112,-0.0192215,-9.1620974,-7.7604120
0.4712500,0.0199501,-0.0191206,-9.0455790,-7.6438936
0.4718750,0.0199889,-0.0190214,-8.9233135,-7.5216281
0.4725000,0.0200276,-0.0189222,-8.8010480,-7.3993626
0.4731250,0.0200661,-0.0188251,-8.6731033,-7.2714179
0.4737500,0.0201045,-0.0187281,-8.5451587,-7.1434733
0.4743750,0.0201425,-0.0186334,-8.4116362,-7.0099508
0.4750000,0.0201804,-0.0185387,-8.2781137,-6.8764283
0.4756250,0.0202178,-0.0184467,-8.1391479,-6.7374625
0.4762500,0.0202551,-0.0183548,-8.0001821,-6.5984967
0.4768750,0.0202917,-0.0182659,-7.8559396,-6.4542542
0.4775000,0.0203282,-0.0181769,-7.7116972,-6.3100118
0.4781250,0.0203638,-0.0180913,-7.5623760,-6.1606906
0.4787500,0.0203993,-0.0180057,-7.4130549,-6.0113695
0.4793750,0.0204338,-0.0179237,-7.2588833,-5.8571979
0.4800000,0.0204682,-0.0178418,-7.1047116,-5.7030262
0.4806250,0.0205014,-0.0177637,-6.9459463,-5.5442609
0.4812500,0.0205345,-0.0176856,-6.7871810,-5.3854956
0.4818750,0.0205662,-0.0176116,-6.6241060,-5.2224206
0.4825000,0.0205979,-0.0175377,-6.4610310,-5.0593456
0.4831250,0.0206281,-0.0174681,-6.2939557,-4.8922703
0.4837500,0.0206582,-0.0173985,-6.1268804,-4.7251950
0.4843750,0.0206866,-0.0173335,-5.9561377,-4.5544524
0.4850000,0.0207150,-0.0172684,-5.7853951,-4.3837097
0.4856250,0.0207416,-0.0172080,-5.6113392,-4.2096538
0.4862500,0.0207681,-0.0171476,-5.4372834,-4.0355980
0.4868750,0.0207928,-0.0170919,-5.2602878,-3.8586024
0.4875000,0.0208175,-0.0170363,-5.0832921,-3.6816067
0.4881250,0.0208402,-0.0169855,-4.9037468,-3.5020614
0.4887500,0.0208628,-0.0169347,-4.7242015,-3.3225161
0.4893750,0.0208834,-0.0168888,-4.5425110,-3.1408256
0.4900000,0.0209040,-0.0168429,-4.3608205,-2.9591351
0.4906250,0.0209226,-0.0168018,-4.1774010,-2.7757156
0.4912500,0.0209411,-0.0167608,-3.9939816,-2.5922962
0.4918750,0.0209575,-0.0167246,-3.8092585,-2.4075731
0.4925000,0.0209739,-0.0166884,-3.6245354,-2.2228500
0.4931250,0.0209883,-0.0166570,-3.4389405,-2.0372551
0.4937500,0.0210026,-0.0166255,-3.2533456,-1.8516602
0.4943750,0.0210148,-0.0165988,-3.0673144,-1.6656290
0.4950000,0.0210270,-0.0165720,-2.8812832,-1.4795978
0.4956250,0.0210372,-0.0165497,-2.6952523,-1.2935669
0.4962500,0.0210474,-0.0165275,-2.5092214,-1.1075360
0.4968750,0.0210556,-0.0165097,-2.3236256,-0.9219401
0.4975000,0.0210638,-0.0164919,-2.1380297,-0.7363443
0.4981250,0.0210701,-0.0164783,-1.9532993,-0.5516139
0.4987500,0.0210763,-0.0164647,-1.7685689,-0.3668835
0.4993750,0.0210807,-0.0164552,-1.5851271,-0.1834417
0.5000000,0.0210851,-0.0164457,-1.4016854,0.0000000
0.5006250,0.0210877,-0.0164401,-1.2199459,0.1817395
0.5012500,0.0210903,-0.0164345,-1.0382064,0.3634790
0.5018750,0.0210912,-0.0164327,-0.8585704,0.5431150
0.5025000,0.0210920,-0.0164308,-0.6789344,0.7227510
0.5031250,0.0210913,-0.0164325,-0.5017884,0.8998970
0.5037500,0.0210905,-0.0164341,-0.3246424,1.0770430
0.5043750,0.0210882,-0.0164391,-0.1503559,1.2513295
0.5050000,0.0210858,-0.0164441,0.0239306,1.4256160
0.5056250,0.0210820,-0.0164523,0.1950073,1.5966927
0.5062500,0.0210782,-0.0164606,0.3660840,1.7677694
0.5068750,0.0210731,-0.0164718,0.5336220,1.9353074
0.5075000,0.0210679,-0.0164831,0.7011600,2.1028454
0.5081250,0.0210614,-0.0164973,0.8648536,2.2665390
0.5087500,0.0210548,-0.0165114,1.0285472,2.4302326
0.5093750,0.0210471,-0.0165283,1.1881159,2.5898013
0.5100000,0.0210393,-0.0165452,1.3476845,2.7493699
0.5106250,0.0210304,-0.0165647,1.5028741,2.9045595
0.5112500,0.0210214,-0.0165843,1.6580637,3.0597491
0.5118750,0.0210113,-0.0166064,1.8086481,3.2103335
0.5125000,0.0210012,-0.0166285,1.9592326,3.3609180
0.5131250,0.0209900,-0.0166531,2.1050152,3.5067006
0.5137500,0.0209788,-0.0166776,2.2507977,3.6524831
0.5143750,0.0209666,-0.0167046,2.3916117,3.7932971
0.5150000,0.0209544,-0.0167315,2.5324256,3.9341110
0.5156250,0.0209412,-0.0167607,2.6681353,4.0698207
0.5162500,0.0209279,-0.0167899,2.8038450,4.2055304
0.5168750,0.0209137,-0.0168214,2.9343465,4.3360319
0.5175000,0.0208995,-0.0168529,3.0648480,4.4665334
0.5181250,0.0208844,-0.0168866,3.1900692,4.5917546
0.5187500,0.0208693,-0.0169202,3.3152904,4.7169758
0.5193750,0.0208533,-0.0169560,3.4351915,4.8368769
0.5200000,0.0208373,-0.0169918,3.5550925,4.9567779
0.5206250,0.0208204,-0.0170297,3.6696657,5.0713511
0.5212500,0.0208035,-0.0170676,3.7842388,5.1859242
0.5218750,0.0207859,-0.0171075,3.8935080,5.2951934
0.5225000,0.0207682,-0.0171475,4.0027772,5.4044626
0.5231250,0.0207497,-0.0171895,4.1067980,5.5084834
0.5237500,0.0207312,-0.0172314,4.2108188,5.6125042
0.5243750,0.0207120,-0.0172753,4.3096774,5.7113628
0.5250000,0.0206928,-0.0173191,4.4085359,5.8102213
0.5256250,0.0206729,-0.0173648,4.5023482,5.9040336
0.5262500,0.0206530,-0.0174105,4.5961605,5.9978459
0.5268750,0.0206325,-0.0174579,4.6850714,6.0867568
0.5275000,0.0206119,-0.0175054,4.7739823,6.1756677
0.5281250,0.0205907,-0.0175546,4.8581641,6.2598495
0.5287500,0.0205695,-0.0176038,4.9423459,6.3440313
0.5293750,0.0205478,-0.0176546,5.0219973,6.4236827
0.5300000,0.0205261,-0.0177053,5.1016486,6.5033340
0.5306250,0.0205039,-0.0177576,5.1769926,6.5786780
0.5312500,0.0204817,-0.0178098,5.2523365,6.6540219
0.5318750,0.0204591,-0.0178634,5.3236190,6.7253044
0.5325000,0.0204365,-0.0179171,5.3949016,6.7965870
0.5331250,0.0204135,-0.0179720,5.4623898,6.8640752
0.5337500,0.0203905,-0.0180269,5.5298780,6.9315634
0.5343750,0.0203672,-0.0180829,5.5938579,6.9955433
0.5350000,0.0203439,-0.0181389,5.6578377,7.0595231
0.5356250,0.0203204,-0.0181959,5.7186123,7.1202977
0.5362500,0.0202968,-0.0182530,5.7793868,7.1810722
0.5368750,0.0202731,-0.0183109,5.8372737,7.2389591
0.5375000,0.0202493,-0.0183689,5.8951607,7.2968461
0.5381250,0.0202255,-0.0184276,5.9504904,7.3521758
0.5387500,0.0202016,-0.0184863,6.0058202,7.4075056
0.5393750,0.0201777,-0.0185457,6.0589332,7.4606186
0.5400000,0.0201537,-0.0186050,6.1120462,7.5137316
0.5406250,0.0201297,-0.0186649,6.1632907,7.5649761
0.5412500,0.0201057,-0.0187248,6.2145352,7.6162206
0.5418750,0.0200818,-0.0187852,6.2642649,7.6659503
0.5425000,0.0200578,-0.0188457,6.3139947,7.7156801
0.5431250,0.0200339,-0.0189065,6.3625664,7.7642518
0.5437500,0.0200099,-0.0189674,6.4111381,7.8128235
0.5443750,0.0199860,-0.0190286,6.4589091,7.8605945
0.5450000,0.0199621,-0.0190898,6.5066801,7.9083655
0.5456250,0.0199383,-0.0191514,6.5540058,7.9556912
0.5462500,0.0199144,-0.0192129,6.6013315,8.0030169
0.5468750,0.0198906,-0.0192748,6.6485632,8.0502486
0.5475000,0.0198668,-0.0193368,6.6957949,8.0974803
0.5481250,0.0198431,-0.0193991,6.7432773,8.1449627
0.5487500,0.0198194,-0.0194615,6.7907598,8.1924452
0.5493750,0.0197957,-0.0195243,6.8388290,8.2405144
0.5500000,0.0197720,-0.0195870,6.8868981,8.2885835
0.5506250,0.0197483,-0.0196504,6.9358790,8.3375644
0.5512500,0.0197246,-0.0197137,6.9848599,8.3865453
0.5518750,0.0197009,-0.0197777,7.0350645,8.4367499
0.5525000,0.0196772,-0.0198416,7.0852690,8.4869544
0.5531250,0.0196534,-0.0199063,7.1369940,8.5386794
0.5537500,0.0196296,-0.0199710,7.1887190,8.5904044
0.5543750,0.0196057,-0.0200367,7.2422444,8.6439298
0.5550000,0.0195818,-0.0201023,7.2957698,8.6974552
0.5556250,0.0195578,-0.0201690,7.3513567,8.7530421
0.5562500,0.0195337,-0.0202357,7.4069436,8.8086290
0.5568750,0.0195094,-0.0203037,7.4648329,8.8665183
0.5575000,0.0194851,-0.0203717,7.5227221,8.9244075
0.5581250,0.0194606,-0.0204411,7.5831326,8.9848180
0.5587500,0.0194360,-0.0205106,7.6435432,9.0452286
0.5593750,0.0194111,-0.0205817,7.7066709,9.1083563
0.5600000,0.0193862,-0.0206528,7.7697985,9.1714839
0.5606250,0.0193609,-0.0207258,7.8358147,9.2375001
0.5612500,0.0193356,-0.0207987,7.9018309,9.3035163
0.5618750,0.0193099,-0.0208737,7.9708817,9.3725671
0.5625000,0.0192842,-0.0209488,8.0399325,9.4416179
0.5631250,0.0192581,-0.0210260,8.1121377,9.5138231
0.5637500,0.0192319,-0.0211033,8.1843429,9.5860283
0.5643750,0.0192052,-0.0211829,8.2597954,9.6614808
0.5650000,0.0191785,-0.0212626,8.3352480,9.7369334
0.5656250,0.0191513,-0.0213449,8.4140135,9.8156989
0.5662500,0.0191241,-0.0214271,8.4927790,9.8944644
0.5668750,0.0190964,-0.0215120,8.5748952,9.9765806
0.5675000,0.0190686,-0.0215969,8.6570113,10.0586967
0.5681250,0.0190403,-0.0216847,8.7424881,10.1441735
0.5687500,0.0190120,-0.0217725,8.8279649,10.2296503
0.5693750,0.0189832,-0.0218632,8.9167843,10.3184697
0.5700000,0.0189544,-0.0219539,9.0056038,10.4072892
0.5706250,0.0189251,-0.0220476,9.0977203,10.4994057
0.5712500,0.0188957,-0.0221412,9.1898367,10.5915221
0.5718750,0.0188659,-0.0222379,9.2851773,10.6868627
0.5725000,0.0188360,-0.0223346,9.3805178,10.7822032
0.5731250,0.0188057,-0.0224344,9.4789825,10.8806679
0.5737500,0.0187753,-0.0225341,9.5774473,10.9791327
0.5743750,0.0187446,-0.0226368,9.6789104,11.0805958
0.5750000,0.0187139,-0.0227396,9.7803736,11.1820590
0.5756250,0.0186829,-0.0228453,9.8846839,11.2863693
0.5762500,0.0186518,-0.0229510,9.9889942,11.3906796
0.5768750,0.0186205,-0.0230597,10.0959761,11.4976615
0.5775000,0.0185891,-0.0231683,10.2029580,11.6046434
0.5781250,0.0185575,-0.0232797,10.3124129,11.7140983
0.5787500,0.0185259,-0.0233912,10.4218677,11.8235531
0.5793750,0.0184942,-0.0235053,10.5335747,11.9352601
0.5800000,0.0184625,-0.0236195,10.6452817,12.0469671
0.5806250,0.0184307,-0.0237363,10.7589996,12.1606850
0.5812500,0.0183989,-0.0238530,10.8727174,12.2744028
0.5818750,0.0183671,-0.0239722,10.9881857,12.3898711
0.5825000,0.0183353,-0.0240914,11.1036540,12.5053394
0.5831250,0.0183036,-0.0242129,11.2205947,12.6222801
0.5837500,0.0182718,-0.0243344,11.3375354,12.7392208
0.5843750,0.0182403,-0.0244581,11.4556546,12.8573400
0.5850000,0.0182087,-0.0245818,11.5737738,12.9754592
0.5856250,0.0181773,-0.0247075,11.6927634,13.0944488
0.5862500,0.0181459,-0.0248332,11.8117529,13.2134383
0.5868750,0.0181149,-0.0249608,11.9312924,13.3329778
0.5875000,0.0180838,-0.0250883,12.0508319,13.4525173
0.5881250,0.0180531,-0.0252177,12.1705903,13.5722757
0.5887500,0.0180224,-0.0253470,12.2903487,13.6920341
0.5893750,0.0179921,-0.0254779,12.4099865,13.8116719
0.5900000,0.0179618,-0.0256089,12.5296243,13.9313097
0.5906250,0.0179319,-0.0257414,12.6487952,14.0504806
0.5912500,0.0179020,-0.0258738,12.7679660,14.1696514
0.5918750,0.0178727,-0.0260077,12.8863190,14.2880044
0.5925000,0.0178434,-0.0261415,13.0046720,14.4063574
0.5931250,0.0178146,-0.0262767,13.1218533,14.5235387
0.5937500,0.0177857,-0.0264119,13.2390346,14.6407200
0.5943750,0.0177575,-0.0265483,13.3546897,14.7563751
0.5950000,0.0177293,-0.0266848,13.4703448,14.8720302
0.5956250,0.0177017,-0.0268225,13.5841202,14.9858056
0.5962500,0.0176741,-0.0269602,13.6978957,15.0995811
0.5968750,0.0176471,-0.0270991,13.8094411,15.2111265
0.5975000,0.0176201,-0.0272379,13.9209864,15.3226718
0.5981250,0.0175938,-0.0273779,14.0299563,15.4316417
0.5987500,0.0175674,-0.0275179,14.1389261,15.5406115
0.5993750,0.0175418,-0.0276591,14.2449817,15.6466671
0.6000000,0.0175161,-0.0278003,14.3510374,15.7527228
0.6006250,0.0174912,-0.0279426,14.4538486,15.8555340
0.6012500,0.0174662,-0.0280850,14.5566598,15.9583452
0.6018750,0.0174420,-0.0282285,14.6559067,16.0575921
0.6025000,0.0174177,-0.0283720,14.7551535,16.1568389
0.6031250,0.0173942,-0.0285168,14.8505280,16.2522134
0.6037500,0.0173707,-0.0286615,14.9459024,16.3475878
0.6043750,0.0173480,-0.0288075,15.0371099,16.4387953
0.6050000,0.0173252,-0.0289534,15.1283173,16.5300027
0.6056250,0.0173032,-0.0291006,15.2150780,16.6167634
0.6062500,0.0172811,-0.0292479,15.3018388,16.7035242
0.6068750,0.0172599,-0.0293964,15.3838894,16.7855748
0.6075000,0.0172387,-0.0295449,15.4659400,16.8676254
0.6081250,0.0172183,-0.0296947,15.5430347,16.9447201
0.6087500,0.0171978,-0.0298444,15.6201293,17.0218147
0.6093750,0.0171782,-0.0299955,15.6920408,17.0937262
0.6100000,0.0171586,-0.0301466,15.7639523,17.1656377
0.6106250,0.0171399,-0.0302990,15.8304732,17.2321586
0.6112500,0.0171211,-0.0304515,15.8969942,17.2986796
0.6118750,0.0171032,-0.0306052,15.9579379,17.3596233
0.6125000,0.0170853,-0.0307589,16.0188816,17.4205670
0.6131250,0.0170683,-0.0309139,16.0740829,17.4757683
0.6137500,0.0170513,-0.0310688,16.1292842,17.5309696
0.6143750,0.0170353,-0.0312250,16.1786001,17.5802855
0.6150000,0.0170192,-0.0313813,16.2279160,17.6296014
0.6156250,0.0170041,-0.0315387,16.2712263,17.6729118
0.6162500,0.0169889,-0.0316961,16.3145367,17.7162221
0.6168750,0.0169748,-0.0318547,16.3517445,17.7534299
0.6175000,0.0169606,-0.0320132,16.3889523,17.7906377
0.6181250,0.0169475,-0.0321728,16.4199842,17.8216696
0.6187500,0.0169344,-0.0323323,16.4510160,17.8527014
0.6193750,0.0169223,-0.0324928,16.4758222,17.8775076
0.6200000,0.0169102,-0.0326533,16.5006284,17.9023138
0.6206250,0.0168992,-0.0328147,16.5191832,17.9208686
0.6212500,0.0168881,-0.0329761,16.5377380,17.9394234
0.6218750,0.0168782,-0.0331382,16.5500393,17.9517247
0.6225000,0.0168682,-0.0333002,16.5623406,17.9640260
0.6231250,0.0168594,-0.0334629,16.5684099,17.9700953
0.6237500,0.0168505,-0.0336256,16.5744792,17.9761646
0.6243750,0.0168428,-0.0337888,16.5743614,17.9760468
0.6250000,0.0168350,-0.0339520,16.5742436,17.9759290
0.6256250,0.0168284,-0.0341155,16.5680065,17.9696920
0.6262500,0.0168217,-0.0342791,16.5617695,17.9634549
0.6268750,0.0168163,-0.0344428,16.5495034,17.9511888
0.6275000,0.0168108,-0.0346066,16.5372373,17.9389227
0.6281250,0.0168065,-0.0347705,16.5190541,17.9207395
0.6287500,0.0168022,-0.0349343,16.5008709,17.9025563
0.6293750,0.0167990,-0.0350981,16.4769038,17.8785892
0.6300000,0.0167958,-0.0352619,16.4529367,17.8546221
0.6306250,0.0167938,-0.0354256,16.4233390,17.8250244
0.6312500,0.0167918,-0.0355892,16.3937412,17.7954266
0.6318750,0.0167910,-0.0357525,16.3586857,17.7603711
0.6325000,0.0167901,-0.0359158,16.3236302,17.7253156
0.6331250,0.0167904,-0.0360788,16.2833079,17.6849933
0.6337500,0.0167906,-0.0362417,16.2429857,17.6446711
0.6343750,0.0167920,-0.0364041,16.1976052,17.5992906
0.6350000,0.0167934,-0.0365665,16.1522247,17.5539101
0.6356250,0.0167960,-0.0367283,16.1020105,17.5036959
0.6362500,0.0167985,-0.0368901,16.0517963,17.4534817
0.6368750,0.0168022,-0.0370512,15.9969880,17.3986734
0.6375000,0.0168058,-0.0372123,15.9421796,17.3438650
0.6381250,0.0168105,-0.0373726,15.8830303,17.2847157
0.6387500,0.0168152,-0.0375329,15.8238811,17.2255665
0.6393750,0.0168210,-0.0376923,15.7606565,17.1623419
0.6400000,0.0168268,-0.0378517,15.6974320,17.0991174
0.6406250,0.0168336,-0.0380101,15.6304087,17.0320941
0.6412500,0.0168404,-0.0381686,15.5633854,16.9650708
0.6418750,0.0168483,-0.0383260,15.4928495,16.8945349
0.6425000,0.0168561,-0.0384834,15.4223136,16.8239990
0.6431250,0.0168650,-0.0386398,15.3485594,16.7502448
0.6437500,0.0168739,-0.0387961,15.2748053,16.6764907
0.6443750,0.0168837,-0.0389513,15.1981337,16.5998191
0.6450000,0.0168935,-0.0391064,15.1214622,16.5231476
0.6456250,0.0169043,-0.0392604,15.0421795,16.4438649
0.6462500,0.0169151,-0.0394144,14.9628968,16.3645822
0.6468750,0.0169268,-0.0395670,14.8813126,16.2829980
0.6475000,0.0169385,-0.0397197,14.7997284,16.2014138
0.6481250,0.0169511,-0.0398711,14.7161547,16.1178401
0.6487500,0.0169637,-0.0400224,14.6325811,16.0342665
0.6493750,0.0169772,-0.0401724,14.5473306,15.9490160
0.6500000,0.0169906,-0.0403223,14.4620801,15.8637655
0.6506250,0.0170049,-0.0404707,14.3754645,15.7771499
0.6512500,0.0170192,-0.0406192,14.2888489,15.6905343
0.6518750,0.0170343,-0.0407662,14.2011777,15.6028631
0.6525000,0.0170494,-0.0409131,14.1135064,15.5151918
0.6531250,0.0170653,-0.0410585,14.0250852,15.4267706
0.6537500,0.0170811,-0.0412038,13.9366640,15.3383494
0.6543750,0.0170977,-0.0413475,13.8477932,15.2494786
0.6550000,0.0171142,-0.0414911,13.7589225,15.1606079
0.6556250,0.0171315,-0.0416331,13.6698960,15.0715814
0.6562500,0.0171488,-0.0417750,13.5808696,14.9825550
0.6568750,0.0171667,-0.0419151,13.4919733,14.8936587
0.6575000,0.0171846,-0.0420552,13.4030769,14.8047623
0.6581250,0.0172031,-0.0421934,13.3145872,14.7162726
0.6587500,0.0172216,-0.0423317,13.2260975,14.6277829
0.6593750,0.0172407,-0.0424681,13.1382804,14.5399658
0.6600000,0.0172598,-0.0426044,13.0504634,14.4521488
0.6606250,0.0172794,-0.0427387,12.9635731,14.3652585
0.6612500,0.0172990,-0.0428730,12.8766829,14.2783683
0.6618750,0.0173191,-0.0430052,12.7909607,14.1926461
0.6625000,0.0173391,-0.0431375,12.7052384,14.1069238
0.6631250,0.0173597,-0.0432676,12.6209115,14.0225969
0.6637500,0.0173802,-0.0433978,12.5365845,13.9382699
0.6643750,0.0174011,-0.0435259,12.4538649,13.8555503
0.6650000,0.0174220,-0.0436539,12.3711454,13.7728308
0.6656250,0.0174433,-0.0437798,12.2902295,13.6919149
0.6662500,0.0174646,-0.0439057,12.2093136,13.6109990
0.6668750,0.0174862,-0.0440294,12.1303807,13.5320661
0.6675000,0.0175078,-0.0441532,12.0514478,13.4531332
0.6681250,0.0175298,-0.0442747,11.9746596,13.3763450
0.6687500,0.0175517,-0.0443963,11.8978714,13.2995568
0.6693750,0.0175739,-0.0445157,11.8233713,13.2250567
0.6700000,0.0175960,-0.0446351,11.7488712,13.1505566
0.6706250,0.0176184,-0.0447524,11.6767836,13.0784690
0.6712500,0.0176408,-0.0448698,11.6046960,13.0063814
0.6718750,0.0176634,-0.0449850,11.5351259,12.9368113
0.6725000,0.0176860,-0.0451002,11.4655558,12.8672412
0.6731250,0.0177088,-0.0452135,11.3985883,12.8002737
0.6737500,0.0177316,-0.0453267,11.3316207,12.7333061
0.6743750,0.0177546,-0.0454380,11.2673204,12.6690058
0.6750000,0.0177776,-0.0455493,11.2030202,12.6047056
0.6756250,0.0178008,-0.0456588,11.1414317,12.5431171
0.6762500,0.0178239,-0.0457682,11.0798432,12.4815286
0.6768750,0.0178473,-0.0458759,11.0209900,12.4226754
0.6775000,0.0178706,-0.0459837,10.9621369,12.3638223
0.6781250,0.0178941,-0.0460898,10.9060223,12.3077077
0.6787500,0.0179176,-0.0461959,10.8499076,12.2515930
0.6793750,0.0179413,-0.0463005,10.7965139,12.1981993
0.6800000,0.0179649,-0.0464050,10.7431202,12.1448056
0.6806250,0.0179888,-0.0465081,10.6924094,12.0940948
0.6812500,0.0180126,-0.0466113,10.6416986,12.0433840
0.6818750,0.0180367,-0.0467132,10.5936124,11.9952978
0.6825000,0.0180607,-0.0468151,10.5455263,11.9472117
0.6831250,0.0180850,-0.0469159,10.4999868,11.9016722
0.6837500,0.0181092,-0.0470167,10.4544473,11.8561327
0.6843750,0.0181337,-0.0471165,10.4113569,11.8130423
0.6850000,0.0181581,-0.0472162,10.3682666,11.7699520
0.6856250,0.0181828,-0.0473151,10.3275091,11.7291945
0.6862500,0.0182075,-0.0474139,10.2867517,11.6884371
0.6868750,0.0182325,-0.0475119,10.2481925,11.6498779
0.6875000,0.0182575,-0.0476100,10.2096333,11.6113187
0.6881250,0.0182828,-0.0477074,10.1731205,11.5748059
0.6887500,0.0183080,-0.0478048,10.1366076,11.5382930
0.6893750,0.0183336,-0.0479016,10.1019723,11.5036577
0.6900000,0.0183591,-0.0479985,10.0673370,11.4690224
0.6906250,0.0183850,-0.0480949,10.0343949,11.4360803
0.6912500,0.0184108,-0.0481913,10.0014529,11.4031383
0.6918750,0.0184370,-0.0482873,9.9700049,11.3716903
0.6925000,0.0184632,-0.0483832,9.9385568,11.3402422
0.6931250,0.0184898,-0.0484788,9.9083899,11.3100753
0.6937500,0.0185163,-0.0485744,9.8782229,11.2799083
0.6943750,0.0185432,-0.0486697,9.8491117,11.2507971
0.6950000,0.0185701,-0.0487651,9.8200005,11.2216859
0.6956250,0.0185974,-0.0488602,9.7917083,11.1933937
0.6962500,0.0186246,-0.0489552,9.7634161,11.1651015
0.6968750,0.0186522,-0.0490500,9.7356961,11.1373815
0.6975000,0.0186798,-0.0491449,9.7079761,11.1096615
0.6981250,0.0187079,-0.0492395,9.6805729,11.0822583
0.6987500,0.0187359,-0.0493342,9.6531697,11.0548551
0.6993750,0.0187643,-0.0494286,9.6258205,11.0275059
0.7000000,0.0187926,-0.0495230,9.5984713,11.0001567
0.7006250,0.0188214,-0.0496172,9.5709075,10.9725929
0.7012500,0.0188501,-0.0497114,9.5433437,10.9450291
0.7018750,0.0188792,-0.0498053,9.5152924,10.9169778
0.7025000,0.0189083,-0.0498993,9.4872411,10.8889265
0.7031250,0.0189378,-0.0499930,9.4584265,10.8601119
0.7037500,0.0189672,-0.0500867,9.4296118,10.8312972
0.7043750,0.0189970,-0.0501801,9.3997567,10.8014421
0.7050000,0.0190268,-0.0502735,9.3699015,10.7715869
0.7056250,0.0190569,-0.0503665,9.3387291,10.7404145
0.7062500,0.0190870,-0.0504595,9.3075568,10.7092422
0.7068750,0.0191174,-0.0505522,9.2747922,10.6764776
0.7075000,0.0191478,-0.0506448,9.2420277,10.6437131
0.7081250,0.0191785,-0.0507371,9.2073995,10.6090849
0.7087500,0.0192092,-0.0508293,9.1727713,10.5744567
0.7093750,0.0192402,-0.0509210,9.1360129,10.5376983
0.7100000,0.0192711,-0.0510128,9.0992545,10.5009399
0.7106250,0.0193024,-0.0511040,9.0601061,10.4617915
0.7112500,0.0193336,-0.0511952,9.0209577,10.4226431
0.7118750,0.0193650,-0.0512859,8.9791676,10.3808530
0.7125000,0.0193964,-0.0513765,8.9373775,10.3390629
0.7131250,0.0194281,-0.0514665,8.8927037,10.2943891
0.7137500,0.0194597,-0.0515565,8.8480299,10.2497153
0.7143750,0.0194915,-0.0516458,8.8002416,10.2019270
0.7150000,0.0195233,-0.0517352,8.7524532,10.1541386
0.7156250,0.0195552,-0.0518238,8.7013319,10.1030173
0.7162500,0.0195871,-0.0519124,8.6502107,10.0518961
0.7168750,0.0196192,-0.0520002,8.5955523,9.9972377
0.7175000,0.0196512,-0.0520880,8.5408940,9.9425794
0.7181250,0.0196834,-0.0521749,8.4825096,9.8841950
0.7187500,0.0197155,-0.0522619,8.4241252,9.8258106
0.7193750,0.0197477,-0.0523479,8.3618423,9.7635277
0.7200000,0.0197799,-0.0524340,8.2995594,9.7012448
0.7206250,0.0198121,-0.0525190,8.2332233,9.6349087
0.7212500,0.0198443,-0.0526041,8.1668872,9.5685726
0.7218750,0.0198765,-0.0526881,8.0963621,9.4980475
0.7225000,0.0199086,-0.0527721,8.0258371,9.4275225
0.7231250,0.0199407,-0.0528549,7.9510070,9.3526923
0.7237500,0.0199728,-0.0529378,7.8761768,9.2778622
0.7243750,0.0200048,-0.0530194,7.7969463,9.1986317
0.7250000,0.0200367,-0.0531010,7.7177158,9.1194012
0.7256250,0.0200685,-0.0531813,7.6340110,9.0356964
0.7262500,0.0201003,-0.0532616,7.5503062,8.9519916
0.7268750,0.0201319,-0.0533404,7.4620755,8.8637609
0.7275000,0.0201634,-0.0534192,7.3738448,8.7755302
0.7281250,0.0201947,-0.0534965,7.2810591,8.6827445
0.7287500,0.0202259,-0.0535737,7.1882735,8.5899589
0.7293750,0.0202568,-0.0536492,7.0909271,8.4926125
0.7300000,0.0202876,-0.0537248,6.9935807,8.3952661
0.7306250,0.0203181,-0.0537984,6.8916912,8.2933766
0.7312500,0.0203485,-0.0538721,6.7898016,8.1914870
0.7318750,0.0203784,-0.0539438,6.6834101,8.0850955
0.7325000,0.0204082,-0.0540155,6.5770186,7.9787040
0.7331250,0.0204375,-0.0540850,6.4661901,7.8678755
0.7337500,0.0204667,-0.0541546,6.3553616,7.7570470
0.7343750,0.0204952,-0.0542218,6.2401845,7.6418699
0.7350000,0.0205237,-0.0542890,6.1250073,7.5266927
0.7356250,0.0205514,-0.0543537,6.0055933,7.4072787
0.7362500,0.0205791,-0.0544185,5.8861792,7.2878646
0.7368750,0.0206059,-0.0544806,5.7626629,7.1643483
0.7375000,0.0206326,-0.0545426,5.6391466,7.0408320
0.7381250,0.0206584,-0.0546019,5.5116851,6.9133705
0.7387500,0.0206842,-0.0546611,5.3842236,6.7859090
0.7393750,0.0207088,-0.0547174,5.2529957,6.6546811
0.7400000,0.0207334,-0.0547737,5.1217678,6.5234532
0.7406250,0.0207569,-0.0548268,4.9869733,6.3886587
0.7412500,0.0207803,-0.0548800,4.8521787,6.2538641
0.7418750,0.0208025,-0.0549298,4.7140373,6.1157227
0.7425000,0.0208246,-0.0549796,4.5758959,5.9775813
0.7431250,0.0208453,-0.0550261,4.4346464,5.8363318
0.7437500,0.0208660,-0.0550725,4.2933970,5.6950824
0.7443750,0.0208853,-0.0551154,4.1492959,5.5509813
0.7450000,0.0209045,-0.0551582,4.0051948,5.4068802
0.7456250,0.0209223,-0.0551974,3.8585152,5.2602006
0.7462500,0.0209400,-0.0552367,3.7118356,5.1135210
0.7468750,0.0209561,-0.0552722,3.5628655,4.9645509
0.7475000,0.0209722,-0.0553077,3.4138955,4.8155809
0.7481250,0.0209867,-0.0553394,3.2629365,4.6646219
0.7487500,0.0210011,-0.0553712,3.1119776,4.5136630
0.7493750,0.0210139,-0.0553991,2.9593433,4.3610287
0.7500000,0.0210266,-0.0554270,2.8067090,4.2083944
0.7506250,0.0210377,-0.0554511,2.6527231,4.0544085
0.7512500,0.0210487,-0.0554752,2.4987372,3.9004226
0.7518750,0.0210580,-0.0554955,2.3437318,3.7454172
0.7525000,0.0210673,-0.0555157,2.1887265,3.5904119
0.7531250,0.0210749,-0.0555322,2.0330402,3.4347256
0.7537500,0.0210825,-0.0555486,1.8773540,3.2790394
0.7543750,0.0210884,-0.0555613,1.7213302,3.1230156
0.7550000,0.0210942,-0.0555741,1.5653064,2.9669918
0.7556250,0.0210984,-0.0555831,1.4092909,2.8109763
0.7562500,0.0211026,-0.0555922,1.2532753,2.6549607
0.7568750,0.0211052,-0.0555978,1.0976146,2.4993000
0.7575000,0.0211077,-0.0556033,0.9419538,2.3436392
0.7581250,0.0211087,-0.0556054,0.7869927,2.1886781
0.7587500,0.0211097,-0.0556075,0.6320317,2.0337171
0.7593750,0.0211092,-0.0556063,0.4781120,1.8797974
0.7600000,0.0211086,-0.0556051,0.3241924,1.7258778
0.7606250,0.0211066,-0.0556007,0.1716500,1.5733354
0.7612500,0.0211045,-0.0555963,0.0191076,1.4207930
0.7618750,0.0211011,-0.0555889,-0.1317292,1.2699562
0.7625000,0.0210977,-0.0555816,-0.2825660,1.1191194
0.7631250,0.0210930,-0.0555713,-0.4313784,0.9703070
0.7637500,0.0210883,-0.0555611,-0.5801907,0.8214947
0.7643750,0.0210823,-0.0555482,-0.7266715,0.6750139
0.7650000,0.0210763,-0.0555353,-0.8731523,0.5285331
0.7656250,0.0210692,-0.0555198,-1.0170080,0.3846774
0.7662500,0.0210621,-0.0555044,-1.1608637,0.2408217
0.7668750,0.0210539,-0.0554866,-1.3018160,0.0998694
0.7675000,0.0210457,-0.0554688,-1.4427684,-0.0410830
0.7681250,0.0210365,-0.0554488,-1.5805565,-0.1788711
0.7687500,0.0210273,-0.0554287,-1.7183445,-0.3166591
0.7693750,0.0210172,-0.0554065,-1.8527261,-0.4510407
0.7700000,0.0210071,-0.0553844,-1.9871076,-0.5854222
0.7706250,0.0209961,-0.0553602,-2.1178611,-0.7161757
0.7712500,0.0209851,-0.0553361,-2.2486145,-0.8469291
0.7718750,0.0209733,-0.0553101,-2.3755401,-0.9738547
0.7725000,0.0209614,-0.0552841,-2.5024658,-1.1007804
0.7731250,0.0209488,-0.0552563,-2.6253873,-1.2237019
0.7737500,0.0209362,-0.0552285,-2.7483087,-1.3466233
0.7743750,0.0209229,-0.0551990,-2.8670742,-1.4653888
0.7750000,0.0209096,-0.0551695,-2.9858397,-1.5841543
0.7756250,0.0208956,-0.0551384,-3.1003230,-1.6986376
0.7762500,0.0208816,-0.0551073,-3.2148063,-1.8131209
0.7768750,0.0208670,-0.0550745,-3.3249076,-1.9232222
0.7775000,0.0208523,-0.0550418,-3.4350090,-2.0333236
0.7781250,0.0208370,-0.0550075,-3.5406561,-2.1389707
0.7787500,0.0208217,-0.0549732,-3.6463032,-2.2446178
0.7793750,0.0208058,-0.0549373,-3.7474515,-2.3457661
0.7800000,0.0207898,-0.0549015,-3.8485997,-2.4469143
0.7806250,0.0207733,-0.0548640,-3.9452330,-2.5435476
0.7812500,0.0207567,-0.0548266,-4.0418662,-2.6401808
0.7818750,0.0207396,-0.0547876,-4.1339968,-2.7323114
0.7825000,0.0207225,-0.0547487,-4.2261273,-2.8244419
0.7831250,0.0207048,-0.0547082,-4.3137961,-2.9121107
0.7837500,0.0206870,-0.0546677,-4.4014648,-2.9997794
0.7843750,0.0206687,-0.0546256,-4.4847411,-3.0830557
0.7850000,0.0206504,-0.0545835,-4.5680174,-3.1663320
0.7856250,0.0206315,-0.0545399,-4.6469988,-3.2453134
0.7862500,0.0206126,-0.0544962,-4.7259801,-3.3242947
0.7868750,0.0205931,-0.0544510,-4.8007916,-3.3991062
0.7875000,0.0205736,-0.0544058,-4.8756032,-3.4739178
0.7881250,0.0205536,-0.0543590,-4.9463969,-3.5447115
0.7887500,0.0205336,-0.0543122,-5.0171907,-3.6155053
0.7893750,0.0205130,-0.0542638,-5.0841448,-3.6824594
0.7900000,0.0204924,-0.0542154,-5.1510989,-3.7494135
0.7906250,0.0204713,-0.0541655,-5.2144165,-3.8127311
0.7912500,0.0204502,-0.0541156,-5.2777340,-3.8760486
0.7918750,0.0204286,-0.0540642,-5.3376418,-3.9359564
0.7925000,0.0204070,-0.0540128,-5.3975497,-3.9958643
0.7931250,0.0203850,-0.0539599,-5.4542972,-4.0526118
0.7937500,0.0203629,-0.0539070,-5.5110447,-4.1093593
0.7943750,0.0203405,-0.0538527,-5.5649019,-4.1632165
0.7950000,0.0203180,-0.0537984,-5.6187590,-4.2170736
0.7956250,0.0202951,-0.0537427,-5.6700150,-4.2683296
0.7962500,0.0202722,-0.0536871,-5.7212709,-4.3195855
0.7968750,0.0202490,-0.0536302,-5.7702321,-4.3685467
0.7975000,0.0202258,-0.0535733,-5.8191933,-4.4175079
0.7981250,0.0202023,-0.0535152,-5.8661814,-4.4644960
0.7987500,0.0201787,-0.0534571,-5.9131696,-4.5114842
0.7993750,0.0201550,-0.0533979,-5.9585195,-4.5568341
0.8000000,0.0201312,-0.0533388,-6.0038694,-4.6021840
0.8006250,0.0201072,-0.0532786,-6.0479268,-4.6462414
0.8012500,0.0200832,-0.0532185,-6.0919842,-4.6902988
0.8018750,0.0200591,-0.0531575,-6.1351035,-4.7334181
0.8025000,0.0200350,-0.0530965,-6.1782228,-4.7765374
0.8031250,0.0200108,-0.0530347,-6.2207647,-4.8190793
0.8037500,0.0199865,-0.0529729,-6.2633066,-4.8616212
0.8043750,0.0199622,-0.0529104,-6.3056356,-4.9039502
0.8050000,0.0199379,-0.0528479,-6.3479645,-4.9462791
0.8056250,0.0199136,-0.0527848,-6.3904462,-4.9887608
0.8062500,0.0198892,-0.0527217,-6.4329279,-5.0312425
0.8068750,0.0198649,-0.0526580,-6.4759270,-5.0742416
0.8075000,0.0198406,-0.0525944,-6.5189261,-5.1172407
0.8081250,0.0198163,-0.0525303,-6.5628033,-5.1611179
0.8087500,0.0197920,-0.0524661,-6.6066806,-5.2049952
0.8093750,0.0197678,-0.0524015,-6.6517905,-5.2501051
0.8100000,0.0197435,-0.0523369,-6.6969004,-5.2952150
0.8106250,0.0197193,-0.0522718,-6.7435887,-5.3419033
0.8112500,0.0196950,-0.0522067,-6.7902769,-5.3885915
0.8118750,0.0196708,-0.0521411,-6.8388780,-5.4371926
0.8125000,0.0196466,-0.0520755,-6.8874790,-5.4857936
0.8131250,0.0196225,-0.0520093,-6.9383134,-5.5366281
0.8137500,0.0195983,-0.0519432,-6.9891479,-5.5874625
0.8143750,0.0195742,-0.0518764,-7.0425205,-5.6408351
0.8150000,0.0195500,-0.0518097,-7.0958930,-5.6942076
0.8156250,0.0195258,-0.0517421,-7.1520899,-5.7504045
0.8162500,0.0195016,-0.0516746,-7.2082868,-5.8066014
0.8168750,0.0194774,-0.0516062,-7.2675738,-5.8658884
0.8175000,0.0194531,-0.0515379,-7.3268608,-5.9251754
0.8181250,0.0194287,-0.0514684,-7.3894812,-5.9877958
0.8187500,0.0194043,-0.0513990,-7.4521015,-6.0504161
0.8193750,0.0193797,-0.0513283,-7.5182740,-6.1165886
0.8200000,0.0193551,-0.0512577,-7.5844465,-6.1827611
0.8206250,0.0193303,-0.0511856,-7.6543637,-6.2526783
0.8212500,0.0193055,-0.0511135,-7.7242808,-6.3225954
0.8218750,0.0192804,-0.0510397,-7.7981073,-6.3964219
0.8225000,0.0192553,-0.0509660,-7.8719338,-6.4702484
0.8231250,0.0192298,-0.0508904,-7.9498052,-6.5481198
0.8237500,0.0192043,-0.0508147,-8.0276766,-6.6259912
0.8243750,0.0191785,-0.0507370,-8.1096979,-6.7080125
0.8250000,0.0191526,-0.0506593,-8.1917192,-6.7900338
0.8256250,0.0191263,-0.0505792,-8.2779638,-6.8762784
0.8262500,0.0190999,-0.0504991,-8.3642083,-6.9625229
0.8268750,0.0190731,-0.0504165,-8.4547172,-7.0530318
0.8275000,0.0190462,-0.0503338,-8.5452261,-7.1435407
0.8281250,0.0190188,-0.0502483,-8.6400074,-7.2383220
0.8287500,0.0189914,-0.0501629,-8.7347887,-7.3331033
0.8293750,0.0189634,-0.0500745,-8.8338170,-7.4321316
0.8300000,0.0189354,-0.0499861,-8.9328453,-7.5311599
0.8306250,0.0189069,-0.0498945,-9.0360616,-7.6343762
0.8312500,0.0188783,-0.0498029,-9.1392778,-7.7375924
0.8318750,0.0188492,-0.0497080,-9.2465894,-7.8449040
0.8325000,0.0188200,-0.0496131,-9.3539010,-7.9522156
0.8331250,0.0187903,-0.0495147,-9.4651819,-8.0634965
0.8337500,0.0187605,-0.0494164,-9.5764628,-8.1747774
0.8343750,0.0187302,-0.0493146,-9.6915541,-8.2898687
0.8350000,0.0186998,-0.0492127,-9.8066455,-8.4049601
0.8356250,0.0186690,-0.0491073,-9.9253562,-8.5236708
0.8362500,0.0186381,-0.0490020,-10.0440669,-8.6423815
0.8368750,0.0186068,-0.0488930,-10.1661747,-8.7644893
0.8375000,0.0185755,-0.0487841,-10.2882824,-8.8865970
0.8381250,0.0185438,-0.0486716,-10.4135347,-9.0118493
0.8387500,0.0185120,-0.0485591,-10.5387870,-9.1371016
0.8393750,0.0184799,-0.0484432,-10.6669027,-9.2652173
0.8400000,0.0184478,-0.0483273,-10.7950184,-9.3933330
0.8406250,0.0184155,-0.0482080,-10.9256890,-9.5240036
0.8412500,0.0183832,-0.0480887,-11.0563595,-9.6546741
0.8418750,0.0183507,-0.0479662,-11.1892510,-9.7875656
0.8425000,0.0183182,-0.0478437,-11.3221424,-9.9204570
0.8431250,0.0182856,-0.0477182,-11.4568971,-10.0552117
0.8437500,0.0182530,-0.0475927,-11.5916519,-10.1899665
0.8443750,0.0182205,-0.0474643,-11.7278909,-10.3262055
0.8450000,0.0181879,-0.0473359,-11.8641299,-10.4624445
0.8456250,0.0181555,-0.0472048,-12.0014548,-10.5997694
0.8462500,0.0181231,-0.0470738,-12.1387797,-10.7370943
0.8468750,0.0180909,-0.0469403,-12.2767753,-10.8750899
0.8475000,0.0180587,-0.0468069,-12.4147708,-11.0130854
0.8481250,0.0180269,-0.0466712,-12.5530075,-11.1513221
0.8487500,0.0179950,-0.0465356,-12.6912442,-11.2895588
0.8493750,0.0179636,-0.0463980,-12.8292806,-11.4275952
0.8500000,0.0179321,-0.0462605,-12.9673169,-11.5656315
0.8506250,0.0179012,-0.0461212,-13.1047026,-11.7030172
0.8512500,0.0178702,-0.0459819,-13.2420883,-11.8404029
0.8518750,0.0178399,-0.0458411,-13.3783667,-11.9766813
0.8525000,0.0178095,-0.0457003,-13.5146450,-12.1129596
0.8531250,0.0177798,-0.0455582,-13.6493559,-12.2476705
0.8537500,0.0177500,-0.0454162,-13.7840667,-12.3823813
0.8543750,0.0177210,-0.0452730,-13.9167494,-12.5150640
0.8550000,0.0176919,-0.0451298,-14.0494321,-12.6477467
0.8556250,0.0176636,-0.0449857,-14.1796283,-12.7779429
0.8562500,0.0176353,-0.0448415,-14.3098245,-12.9081391
0.8568750,0.0176078,-0.0446965,-14.4370810,-13.0353956
0.8575000,0.0175803,-0.0445515,-14.5643375,-13.1626521
0.8581250,0.0175536,-0.0444058,-14.6882092,-13.2865238
0.8587500,0.0175269,-0.0442601,-14.8120808,-13.4103954
0.8593750,0.0175011,-0.0441137,-14.9321335,-13.5304481
0.8600000,0.0174752,-0.0439673,-15.0521862,-13.6505008
0.8606250,0.0174502,-0.0438203,-15.1679992,-13.7663138
0.8612500,0.0174252,-0.0436732,-15.2838123,-13.8821269
0.8618750,0.0174011,-0.0435255,-15.3949815,-13.9932961
0.8625000,0.0173770,-0.0433778,-15.5061506,-14.1044652
0.8631250,0.0173537,-0.0432294,-15.6122904,-14.2106050
0.8637500,0.0173304,-0.0430810,-15.7184302,-14.3167448
0.8643750,0.0173080,-0.0429318,-15.8191765,-14.4174911
0.8650000,0.0172856,-0.0427827,-15.9199228,-14.5182374
0.8656250,0.0172641,-0.0426327,-16.0149352,-14.6132498
0.8662500,0.0172425,-0.0424827,-16.1099477,-14.7082623
0.8668750,0.0172219,-0.0423317,-16.1989115,-14.7972261
0.8675000,0.0172012,-0.0421808,-16.2878753,-14.8861899
0.8681250,0.0171814,-0.0420287,-16.3705036,-14.9688182
0.8687500,0.0171616,-0.0418767,-16.4531319,-15.0514465
0.8693750,0.0171427,-0.0417234,-16.5291674,-15.1274820
0.8700000,0.0171237,-0.0415702,-16.6052029,-15.2035175
0.8706250,0.0171057,-0.0414156,-16.6744196,-15.2727342
0.8712500,0.0170876,-0.0412611,-16.7436363,-15.3419509
0.8718750,0.0170704,-0.0411050,-16.8058408,-15.4041554
0.8725000,0.0170532,-0.0409490,-16.8680452,-15.4663598
0.8731250,0.0170370,-0.0407914,-16.9230778,-15.5213924
0.8737500,0.0170207,-0.0406338,-16.9781103,-15.5764249
0.8743750,0.0170054,-0.0404745,-17.0258462,-15.6241608
0.8750000,0.0169900,-0.0403153,-17.0735821,-15.6718967
0.8756250,0.0169756,-0.0401543,-17.1139320,-15.7122466
0.8762500,0.0169612,-0.0399932,-17.1542819,-15.7525965
0.8768750,0.0169478,-0.0398303,-17.1871927,-15.7855073
0.8775000,0.0169344,-0.0396675,-17.2201034,-15.8184180
0.8781250,0.0169220,-0.0395028,-17.2455580,-15.8438726
0.8787500,0.0169096,-0.0393382,-17.2710126,-15.8693272
0.8793750,0.0168983,-0.0391717,-17.2890303,-15.8873449
0.8800000,0.0168869,-0.0390053,-17.3070480,-15.9053626
0.8806250,0.0168767,-0.0388371,-17.3176842,-15.9159988
0.8812500,0.0168664,-0.0386689,-17.3283205,-15.9266351
0.8818750,0.0168573,-0.0384990,-17.3316662,-15.9299808
0.8825000,0.0168482,-0.0383291,-17.3350120,-15.9333266
0.8831250,0.0168403,-0.0381577,-17.3311930,-15.9295076
0.8837500,0.0168323,-0.0379863,-17.3273740,-15.9256886
0.8843750,0.0168256,-0.0378134,-17.3165501,-15.9148647
0.8850000,0.0168189,-0.0376406,-17.3057261,-15.9040407
0.8856250,0.0168134,-0.0374666,-17.2880896,-15.8864042
0.8862500,0.0168079,-0.0372926,-17.2704531,-15.8687677
0.8868750,0.0168037,-0.0371176,-17.2462278,-15.8445424
0.8875000,0.0167995,-0.0369425,-17.2220024,-15.8203170
0.8881250,0.0167966,-0.0367667,-17.1914417,-15.7897563
0.8887500,0.0167937,-0.0365910,-17.1608810,-15.7591956
0.8893750,0.0167922,-0.0364147,-17.1242662,-15.7225808
0.8900000,0.0167906,-0.0362385,-17.0876514,-15.6859660
0.8906250,0.0167904,-0.0360620,-17.0452897,-15.6436043
0.8912500,0.0167901,-0.0358856,-17.0029280,-15.6012426
0.8918750,0.0167912,-0.0357093,-16.9551503,-15.5534649
0.8925000,0.0167923,-0.0355329,-16.9073726,-15.5056872
0.8931250,0.0167948,-0.0353569,-16.8545310,-15.4528456
0.8937500,0.0167972,-0.0351809,-16.8016894,-15.4000040
0.8943750,0.0168010,-0.0350055,-16.7441550,-15.3424696
0.8950000,0.0168047,-0.0348301,-16.6866206,-15.2849352
0.8956250,0.0168097,-0.0346556,-16.6247808,-15.2230954
0.8962500,0.0168147,-0.0344812,-16.5629409,-15.1612555
0.8968750,0.0168210,-0.0343079,-16.4971964,-15.0955110
0.8975000,0.0168273,-0.0341346,-16.4314519,-15.0297665
0.8981250,0.0168348,-0.0339627,-16.3622144,-14.9605290
0.8987500,0.0168423,-0.0337908,-16.2929769,-14.8912915
0.8993750,0.0168510,-0.0336205,-16.2206657,-14.8189803
0.9000000,0.0168597,-0.0334503,-16.1483546,-14.7466692
0.9006250,0.0168696,-0.0332818,-16.0733942,-14.6717088
0.9012500,0.0168794,-0.0331133,-15.9984338,-14.5967484
0.9018750,0.0168903,-0.0329468,-15.9212506,-14.5195652
0.9025000,0.0169012,-0.0327803,-15.8440674,-14.4423820
0.9031250,0.0169132,-0.0326158,-15.7650867,-14.3634013
0.9037500,0.0169251,-0.0324514,-15.6861060,-14.2844206
0.9043750,0.0169381,-0.0322891,-15.6057494,-14.2040640
0.9050000,0.0169510,-0.0321268,-15.5253929,-14.1237075
0.9056250,0.0169649,-0.0319668,-15.4440751,-14.0423897
0.9062500,0.0169788,-0.0318067,-15.3627574,-13.9610720
0.9068750,0.0169936,-0.0316488,-15.2808835,-13.8791981
0.9075000,0.0170084,-0.0314910,-15.1990096,-13.7973242
0.9081250,0.0170240,-0.0313354,-15.1169722,-13.7152868
0.9087500,0.0170396,-0.0311799,-15.0349349,-13.6332495
0.9093750,0.0170561,-0.0310265,-14.9531116,-13.5514262
0.9100000,0.0170725,-0.0308732,-14.8712883,-13.4696029
0.9106250,0.0170897,-0.0307220,-14.7900389,-13.3883535
0.9112500,0.0171069,-0.0305708,-14.7087896,-13.3071042
0.9118750,0.0171249,-0.0304217,-14.6284540,-13.2267686
0.9125000,0.0171428,-0.0302726,-14.5481184,-13.1464330
0.9131250,0.0171615,-0.0301256,-14.4690140,-13.0673286
0.9137500,0.0171802,-0.0299785,-14.3899095,-12.9882241
0.9143750,0.0171996,-0.0298334,-14.3123291,-12.9106437
0.9150000,0.0172189,-0.0296883,-14.2347487,-12.8330633
0.9156250,0.0172389,-0.0295450,-14.1589588,-12.7572734
0.9162500,0.0172589,-0.0294017,-14.0831690,-12.6814836
0.9168750,0.0172796,-0.0292601,-14.0094080,-12.6077226
0.9175000,0.0173002,-0.0291185,-13.9356470,-12.5339616
0.9181250,0.0173215,-0.0289786,-13.8641234,-12.4624380
0.9187500,0.0173428,-0.0288387,-13.7925998,-12.3909144
0.9193750,0.0173648,-0.0287003,-13.7234912,-12.3218058
0.9200000,0.0173867,-0.0285620,-13.6543826,-12.2526972
0.9206250,0.0174092,-0.0284251,-13.5878344,-12.1861490
0.9212500,0.0174317,-0.0282882,-13.5212862,-12.1196008
0.9218750,0.0174548,-0.0281528,-13.4574109,-12.0557255
0.9225000,0.0174779,-0.0280173,-13.3935356,-11.9918502
0.9231250,0.0175016,-0.0278832,-13.3324121,-11.9307267
0.9237500,0.0175253,-0.0277491,-13.2712885,-11.8696031
0.9243750,0.0175496,-0.0276163,-13.2129614,-11.8112760
0.9250000,0.0175738,-0.0274835,-13.1546344,-11.7529490
0.9256250,0.0175986,-0.0273520,-13.0991147,-11.6974293
0.9262500,0.0176234,-0.0272205,-13.0435950,-11.6419096
0.9268750,0.0176488,-0.0270903,-12.9908592,-11.5891738
0.9275000,0.0176741,-0.0269601,-12.9381235,-11.5364381
0.9281250,0.0177000,-0.0268312,-12.8881149,-11.4864295
0.9287500,0.0177258,-0.0267022,-12.8381062,-11.4364208
0.9293750,0.0177521,-0.0265745,-12.7907346,-11.3890492
0.9300000,0.0177784,-0.0264469,-12.7433631,-11.3416777
0.9306250,0.0178052,-0.0263205,-12.6985064,-11.2968210
0.9312500,0.0178320,-0.0261942,-12.6536497,-11.2519643
0.9318750,0.0178593,-0.0260692,-12.6111546,-11.2094692
0.9325000,0.0178865,-0.0259442,-12.5686594,-11.1669740
0.9331250,0.0179142,-0.0258205,-12.5283427,-11.1266573
0.9337500,0.0179418,-0.0256968,-12.4880259,-11.0863405
0.9343750,0.0179698,-0.0255745,-12.4496759,-11.0479905
0.9350000,0.0179978,-0.0254522,-12.4113260,-11.0096406
0.9356250,0.0180262,-0.0253312,-12.3747046,-10.9730192
0.9362500,0.0180546,-0.0252103,-12.3380833,-10.9363979
0.9368750,0.0180834,-0.0250907,-12.3029277,-10.9012423
0.9375000,0.0181121,-0.0249712,-12.2677720,-10.8660866
0.9381250,0.0181412,-0.0248530,-12.2337964,-10.8321110
0.9387500,0.0181703,-0.0247349,-12.1998209,-10.7981355
0.9393750,0.0181997,-0.0246180,-12.1667194,-10.7650340
0.9400000,0.0182291,-0.0245012,-12.1336180,-10.7319326
0.9406250,0.0182588,-0.0243857,-12.1010665,-10.6993811
0.9412500,0.0182884,-0.0242702,-12.0685151,-10.6668297
0.9418750,0.0183184,-0.0241560,-12.0361740,-10.6344886
0.9425000,0.0183484,-0.0240418,-12.0038329,-10.6021475
0.9431250,0.0183787,-0.0239287,-11.9713496,-10.5696642
0.9437500,0.0184089,-0.0238157,-11.9388663,-10.5371809
0.9443750,0.0184395,-0.0237038,-11.9058780,-10.5041926
0.9450000,0.0184701,-0.0235919,-11.8728897,-10.4712043
0.9456250,0.0185010,-0.0234810,-11.8390262,-10.4373408
0.9462500,0.0185318,-0.0233702,-11.8051627,-10.4034773
0.9468750,0.0185630,-0.0232602,-11.7700491,-10.3683637
0.9475000,0.0185942,-0.0231503,-11.7349355,-10.3332501
0.9481250,0.0186258,-0.0230411,-11.6981952,-10.2965098
0.9487500,0.0186573,-0.0229320,-11.6614548,-10.2597694
0.9493750,0.0186893,-0.0228236,-11.6227122,-10.2210268
0.9500000,0.0187212,-0.0227151,-11.5839696,-10.1822842
0.9506250,0.0187536,-0.0226072,-11.5428532,-10.1411678
0.9512500,0.0187859,-0.0224993,-11.5017368,-10.1000514
0.9518750,0.0188187,-0.0223918,-11.4578818,-10.0561964
0.9525000,0.0188514,-0.0222844,-11.4140269,-10.0123415
0.9531250,0.0188846,-0.0221773,-11.3670782,-9.9653928
0.9537500,0.0189178,-0.0220702,-11.3201294,-9.9184440
0.9543750,0.0189515,-0.0219633,-11.2697440,-9.8680586
0.9550000,0.0189852,-0.0218564,-11.2193586,-9.8176732
0.9556250,0.0190195,-0.0217496,-11.1652084,-9.7635230
0.9562500,0.0190537,-0.0216429,-11.1110583,-9.7093729
0.9568750,0.0190885,-0.0215363,-11.0528328,-9.6511474
0.9575000,0.0191232,-0.0214297,-10.9946073,-9.5929219
0.9581250,0.0191586,-0.0213231,-10.9320157,-9.5303303
0.9587500,0.0191939,-0.0212165,-10.8694240,-9.4677386
0.9593750,0.0192298,-0.0211100,-10.8021974,-9.4005120
0.9600000,0.0192656,-0.0210034,-10.7349707,-9.3332853
0.9606250,0.0193021,-0.0208969,-10.6628644,-9.2611790
0.9612500,0.0193385,-0.0207905,-10.5907581,-9.1890727
0.9618750,0.0193755,-0.0206841,-10.5135534,-9.1118680
0.9625000,0.0194124,-0.0205778,-10.4363488,-9.0346634
0.9631250,0.0194499,-0.0204717,-10.3538548,-8.9521694
0.9637500,0.0194873,-0.0203656,-10.2713609,-8.8696755
0.9643750,0.0195252,-0.0202598,-10.1834161,-8.7817307
0.9650000,0.0195631,-0.0201540,-10.0954713,-8.6937859
0.9656250,0.0196014,-0.0200487,-10.0019446,-8.6002592
0.9662500,0.0196397,-0.0199435,-9.9084179,-8.5067325
0.9668750,0.0196783,-0.0198389,-9.8092099,-8.4075245
0.9675000,0.0197169,-0.0197344,-9.7100020,-8.3083166
0.9681250,0.0197557,-0.0196308,-9.6050461,-8.2033607
0.9687500,0.0197945,-0.0195272,-9.5000903,-8.0984049
0.9693750,0.0198334,-0.0194248,-9.3893531,-7.9876677
0.9700000,0.0198723,-0.0193224,-9.2786158,-7.8769304
0.9706250,0.0199112,-0.0192215,-9.1620974,-7.7604120
0.9712500,0.0199501,-0.0191206,-9.0455790,-7.6438936
0.9718750,0.0199889,-0.0190214,-8.9233135,-7.5216281
0.9725000,0.0200276,-0.0189222,-8.8010480,-7.3993626
0.9731250,0.0200661,-0.0188251,-8.6731033,-7.2714179
0.9737500,0.0201045,-0.0187281,-8.5451587,-7.1434733
0.9743750,0.0201425,-0.0186334,-8.4116362,-7.0099508
0.9750000,0.0201804,-0.0185387,-8.2781137,-6.8764283
0.9756250,0.0202178,-0.0184467,-8.1391479,-6.7374625
0.9762500,0.0202551,-0.0183548,-8.0001821,-6.5984967
0.9768750,0.0202917,-0.0182658,-7.8559396,-6.4542542
0.9775000,0.0203282,-0.0181769,-7.7116972,-6.3100118
0.9781250,0.0203638,-0.0180913,-7.5623760,-6.1606906
0.9787500,0.0203993,-0.0180057,-7.4130549,-6.0113695
0.9793750,0.0204338,-0.0179237,-7.2588833,-5.8571979
0.9800000,0.0204682,-0.0178418,-7.1047116,-5.7030262
0.9806250,0.0205014,-0.0177637,-6.9459463,-5.5442609
0.9812500,0.0205345,-0.0176856,-6.7871810,-5.3854956
0.9818750,0.0205662,-0.0176116,-6.6241060,-5.2224206
0.9825000,0.0205979,-0.0175377,-6.4610310,-5.0593456
0.9831250,0.0206281,-0.0174681,-6.2939557,-4.8922703
0.9837500,0.0206582,-0.0173985,-6.1268804,-4.7251950
0.9843750,0.0206866,-0.0173335,-5.9561377,-4.5544524
0.9850000,0.0207150,-0.0172684,-5.7853951,-4.3837097
0.9856250,0.0207416,-0.0172080,-5.6113393,-4.2096539
0.9862500,0.0207681,-0.0171476,-5.4372834,-4.0355980
0.9868750,0.0207928,-0.0170919,-5.2602877,-3.8586023
0.9875000,0.0208175,-0.0170363,-5.0832921,-3.6816067
0.9881250,0.0208402,-0.0169855,-4.9037468,-3.5020614
0.9887500,0.0208628,-0.0169347,-4.7242015,-3.3225161
0.9893750,0.0208834,-0.0168888,-4.5425110,-3.1408256
0.9900000,0.0209040,-0.0168429,-4.3608205,-2.9591351
0.9906250,0.0209226,-0.0168019,-4.1774011,-2.7757157
0.9912500,0.0209411,-0.0167608,-3.9939816,-2.5922962
0.9918750,0.0209575,-0.0167246,-3.8092585,-2.4075731
0.9925000,0.0209739,-0.0166884,-3.6245354,-2.2228500
0.9931250,0.0209883,-0.0166570,-3.4389405,-2.0372551
0.9937500,0.0210026,-0.0166255,-3.2533456,-1.8516602
0.9943750,0.0210148,-0.0165988,-3.0673144,-1.6656290
0.9950000,0.0210270,-0.0165720,-2.8812832,-1.4795978
0.9956250,0.0210372,-0.0165498,-2.6952523,-1.2935669
0.9962500,0.0210474,-0.0165275,-2.5092214,-1.1075360
0.9968750,0.0210556,-0.0165097,-2.3236255,-0.9219401
0.9975000,0.0210638,-0.0164919,-2.1380297,-0.7363443
0.9981250,0.0210701,-0.0164783,-1.9532993,-0.5516139
0.9987500,0.0210763,-0.0164647,-1.7685689,-0.3668835
0.9993750,0.0210807,-0.0164552,-1.5851271,-0.1834417
1.0000000,0.0210851,-0.0164457,-1.4016854,0.0000000
1.0006250,0.0210877,-0.0164401,-1.2199459,0.1817395
1.0012500,0.0210903,-0.0164345,-1.0382064,0.3634790
1.0018750,0.0210912,-0.0164327,-0.8585704,0.5431150
1.0025000,0.0210920,-0.0164308,-0.6789344,0.7227510
1.0031250,0.0210913,-0.0164325,-0.5017884,0.8998970
1.0037500,0.0210905,-0.0164341,-0.3246424,1.0770430
1.0043750,0.0210882,-0.0164391,-0.1503559,1.2513295
1.0050000,0.0210858,-0.0164441,0.0239306,1.4256160
1.0056250,0.0210820,-0.0164523,0.1950073,1.5966927
1.0062500,0.0210782,-0.0164606,0.3660840,1.7677694
1.0068750,0.0210731,-0.0164718,0.5336220,1.9353074
1.0075000,0.0210679,-0.0164831,0.7011600,2.1028454
1.0081250,0.0210614,-0.0164972,0.8648536,2.2665390
1.0087500,0.0210548,-0.0165114,1.0285472,2.4302326
1.0093750,0.0210471,-0.0165283,1.1881158,2.5898012
1.0100000,0.0210393,-0.0165452,1.3476845,2.7493699
1.0106250,0.0210304,-0.0165648,1.5028741,2.9045595
1.0112500,0.0210214,-0.0165843,1.6580637,3.0597491
1.0118750,0.0210113,-0.0166064,1.8086482,3.2103336
1.0125000,0.0210012,-0.0166285,1.9592326,3.3609180
1.0131250,0.0209900,-0.0166531,2.1050152,3.5067006
1.0137500,0.0209788,-0.0166776,2.2507977,3.6524831
1.0143750,0.0209666,-0.0167046,2.3916117,3.7932971
1.0150000,0.0209544,-0.0167315,2.5324256,3.9341110
1.0156250,0.0209412,-0.0167607,2.6681353,4.0698207
1.0162500,0.0209279,-0.0167899,2.8038450,4.2055304
1.0168750,0.0209137,-0.0168214,2.9343465,4.3360319
1.0175000,0.0208995,-0.0168529,3.0648480,4.4665334
1.0181250,0.0208844,-0.0168865,3.1900692,4.5917546
1.0187500,0.0208693,-0.0169202,3.3152904,4.7169758
1.0193750,0.0208533,-0.0169560,3.4351914,4.8368768
1.0200000,0.0208373,-0.0169918,3.5550925,4.9567779
1.0206250,0.0208204,-0.0170297,3.6696657,5.0713511
1.0212500,0.0208035,-0.0170676,3.7842388,5.1859242
1.0218750,0.0207859,-0.0171076,3.8935080,5.2951934
1.0225000,0.0207682,-0.0171475,4.0027772,5.4044626
1.0231250,0.0207497,-0.0171895,4.1067980,5.5084834
1.0237500,0.0207312,-0.0172314,4.2108188,5.6125042
1.0243750,0.0207120,-0.0172753,4.3096774,5.7113628
1.0250000,0.0206928,-0.0173191,4.4085359,5.8102213
1.0256250,0.0206729,-0.0173648,4.5023482,5.9040336
1.0262500,0.0206530,-0.0174105,4.5961605,5.9978459
1.0268750,0.0206325,-0.0174579,4.6850714,6.0867568
1.0275000,0.0206119,-0.0175054,4.7739823,6.1756677
1.0281250,0.0205907,-0.0175546,4.8581641,6.2598495
1.0287500,0.0205695,-0.0176038,4.9423459,6.3440313
1.0293750,0.0205478,-0.0176545,5.0219972,6.4236826
1.0300000,0.0205261,-0.0177053,5.1016486,6.5033340
1.0306250,0.0205039,-0.0177576,5.1769926,6.5786780
1.0312500,0.0204817,-0.0178098,5.2523365,6.6540219
1.0318750,0.0204591,-0.0178635,5.3236191,6.7253045
1.0325000,0.0204365,-0.0179171,5.3949016,6.7965870
1.0331250,0.0204135,-0.0179720,5.4623898,6.8640752
1.0337500,0.0203905,-0.0180269,5.5298780,6.9315634
1.0343750,0.0203672,-0.0180829,5.5938579,6.9955433
1.0350000,0.0203439,-0.0181389,5.6578377,7.0595231
1.0356250,0.0203204,-0.0181959,5.7186123,7.1202977
1.0362500,0.0202968,-0.0182530,5.7793868,7.1810722
1.0368750,0.0202731,-0.0183109,5.8372737,7.2389591
1.0375000,0.0202493,-0.0183689,5.8951607,7.2968461
1.0381250,0.0202255,-0.0184276,5.9504904,7.3521758
1.0387500,0.0202016,-0.0184863,6.0058202,7.4075056
1.0393750,0.0201777,-0.0185456,6.0589332,7.4606186
1.0400000,0.0201537,-0.0186050,6.1120462,7.5137316
1.0406250,0.0201297,-0.0186649,6.1632907,7.5649761
1.0412500,0.0201057,-0.0187248,6.2145352,7.6162206
1.0418750,0.0200818,-0.0187853,6.2642650,7.6659504
1.0425000,0.0200578,-0.0188457,6.3139947,7.7156801
1.0431250,0.0200339,-0.0189066,6.3625664,7.7642518
1.0437500,0.0200099,-0.0189674,6.4111381,7.8128235
1.0443750,0.0199860,-0.0190286,6.4589091,7.8605945
1.0450000,0.0199621,-0.0190898,6.5066801,7.9083655
1.0456250,0.0199383,-0.0191514,6.5540058,7.9556912
1.0462500,0.0199144,-0.0192129,6.6013315,8.0030169
1.0468750,0.0198906,-0.0192748,6.6485632,8.0502486
1.0475000,0.0198668,-0.0193368,6.6957949,8.0974803
1.0481250,0.0198431,-0.0193991,6.7432773,8.1449627
1.0487500,0.0198194,-0.0194615,6.7907598,8.1924452
1.0493750,0.0197957,-0.0195242,6.8388289,8.2405143
1.0500000,0.0197720,-0.0195870,6.8868981,8.2885835
1.0506250,0.0197483,-0.0196503,6.9358790,8.3375644
1.0512500,0.0197246,-0.0197137,6.9848599,8.3865453
1.0518750,0.0197009,-0.0197777,7.0350645,8.4367499
1.0525000,0.0196772,-0.0198416,7.0852690,8.4869544
1.0531250,0.0196534,-0.0199063,7.1369940,8.5386794
1.0537500,0.0196296,-0.0199710,7.1887190,8.5904044
1.0543750,0.0196057,-0.0200367,7.2422444,8.6439298
1.0550000,0.0195818,-0.0201023,7.2957698,8.6974552
1.0556250,0.0195578,-0.0201690,7.3513567,8.7530421
1.0562500,0.0195337,-0.0202357,7.4069436,8.8086290
1.0568750,0.0195094,-0.0203037,7.4648329,8.8665183
1.0575000,0.0194851,-0.0203717,7.5227221,8.9244075
1.0581250,0.0194606,-0.0204411,7.5831326,8.9848180
1.0587500,0.0194360,-0.0205106,7.6435432,9.0452286
1.0593750,0.0194111,-0.0205817,7.7066708,9.1083562
1.0600000,0.0193862,-0.0206528,7.7697985,9.1714839
1.0606250,0.0193609,-0.0207257,7.8358147,9.2375001
1.0612500,0.0193356,-0.0207987,7.9018309,9.3035163
1.0618750,0.0193099,-0.0208738,7.9708817,9.3725671
1.0625000,0.0192842,-0.0209488,8.0399325,9.4416179
1.0631250,0.0192580,-0.0210261,8.1121377,9.5138231
1.0637500,0.0192319,-0.0211033,8.1843429,9.5860283
1.0643750,0.0192052,-0.0211830,8.2597955,9.6614809
1.0650000,0.0191785,-0.0212626,8.3352480,9.7369334
1.0656250,0.0191513,-0.0213449,8.4140135,9.8156989
1.0662500,0.0191241,-0.0214271,8.4927790,9.8944644
1.0668750,0.0190964,-0.0215120,8.5748952,9.9765806
1.0675000,0.0190686,-0.0215969,8.6570113,10.0586967
1.0681250,0.0190403,-0.0216847,8.7424881,10.1441735
1.0687500,0.0190120,-0.0217725,8.8279649,10.2296503
1.0693750,0.0189832,-0.0218632,8.9167843,10.3184697
1.0700000,0.0189544,-0.0219539,9.0056038,10.4072892
1.0706250,0.0189251,-0.0220475,9.0977202,10.4994056
1.0712500,0.0188957,-0.0221412,9.1898367,10.5915221
1.0718750,0.0188659,-0.0222379,9.2851773,10.6868627
1.0725000,0.0188360,-0.0223346,9.3805178,10.7822032
1.0731250,0.0188057,-0.0224344,9.4789826,10.8806680
1.0737500,0.0187753,-0.0225341,9.5774473,10.9791327
1.0743750,0.0187446,-0.0226369,9.6789105,11.0805959
1.0750000,0.0187139,-0.0227396,9.7803736,11.1820590
1.0756250,0.0186829,-0.0228453,9.8846839,11.2863693
1.0762500,0.0186518,-0.0229510,9.9889942,11.3906796
1.0768750,0.0186205,-0.0230597,10.0959761,11.4976615
1.0775000,0.0185891,-0.0231683,10.2029580,11.6046434
1.0781250,0.0185575,-0.0232797,10.3124129,11.7140983
1.0787500,0.0185259,-0.0233912,10.4218677,11.8235531
1.0793750,0.0184942,-0.0235053,10.5335747,11.9352601
1.0800000,0.0184625,-0.0236195,10.6452817,12.0469671
1.0806250,0.0184307,-0.0237362,10.7589995,12.1606849
1.0812500,0.0183989,-0.0238530,10.8727174,12.2744028
1.0818750,0.0183671,-0.0239722,10.9881857,12.3898711
1.0825000,0.0183353,-0.0240914,11.1036540,12.5053394
1.0831250,0.0183036,-0.0242129,11.2205947,12.6222801
1.0837500,0.0182718,-0.0243344,11.3375354,12.7392208
1.0843750,0.0182402,-0.0244581,11.4556546,12.8573400
1.0850000,0.0182087,-0.0245818,11.5737738,12.9754592
1.0856250,0.0181773,-0.0247075,11.6927634,13.0944488
1.0862500,0.0181459,-0.0248332,11.8117529,13.2134383
1.0868750,0.0181149,-0.0249608,11.9312924,13.3329778
1.0875000,0.0180838,-0.0250883,12.0508319,13.4525173
1.0881250,0.0180531,-0.0252177,12.1705903,13.5722757
1.0887500,0.0180224,-0.0253470,12.2903487,13.6920341
1.0893750,0.0179921,-0.0254779,12.4099865,13.8116719
1.0900000,0.0179618,-0.0256089,12.5296243,13.9313097
1.0906250,0.0179319,-0.0257413,12.6487951,14.0504805
1.0912500,0.0179020,-0.0258738,12.7679660,14.1696514
1.0918750,0.0178727,-0.0260076,12.8863190,14.2880044
1.0925000,0.0178434,-0.0261415,13.0046720,14.4063574
1.0931250,0.0178146,-0.0262767,13.1218533,14.5235387
1.0937500,0.0177857,-0.0264119,13.2390346,14.6407200
1.0943750,0.0177575,-0.0265484,13.3546897,14.7563751
1.0950000,0.0177293,-0.0266848,13.4703448,14.8720302
1.0956250,0.0177017,-0.0268225,13.5841203,14.9858057
1.0962500,0.0176741,-0.0269602,13.6978957,15.0995811
1.0968750,0.0176471,-0.0270991,13.8094411,15.2111265
1.0975000,0.0176201,-0.0272379,13.9209864,15.3226718
1.0981250,0.0175938,-0.0273779,14.0299563,15.4316417
1.0987500,0.0175674,-0.0275179,14.1389261,15.5406115
1.0993750,0.0175418,-0.0276591,14.2449817,15.6466671
1.1000000,0.0175161,-0.0278003,14.3510374,15.7527228
1.1006250,0.0174912,-0.0279426,14.4538486,15.8555340
1.1012500,0.0174662,-0.0280850,14.5566598,15.9583452
1.1018750,0.0174420,-0.0282285,14.6559066,16.0575920
1.1025000,0.0174177,-0.0283720,14.7551535,16.1568389
1.1031250,0.0173942,-0.0285168,14.8505280,16.2522134
1.1037500,0.0173707,-0.0286615,14.9459024,16.3475878
1.1043750,0.0173480,-0.0288075,15.0371099,16.4387953
1.1050000,0.0173252,-0.0289534,15.1283173,16.5300027
1.1056250,0.0173032,-0.0291007,15.2150781,16.6167635
1.1062500,0.0172811,-0.0292479,15.3018388,16.7035242
1.1068750,0.0172599,-0.0293964,15.3838894,16.7855748
1.1075000,0.0172387,-0.0295449,15.4659400,16.8676254
1.1081250,0.0172183,-0.0296947,15.5430347,16.9447201
1.1087500,0.0171978,-0.0298444,15.6201293,17.0218147
1.1093750,0.0171782,-0.0299955,15.6920408,17.0937262
1.1100000,0.0171586,-0.0301466,15.7639523,17.1656377
1.1106250,0.0171399,-0.0302990,15.8304732,17.2321586
1.1112500,0.0171211,-0.0304515,15.8969942,17.2986796
1.1118750,0.0171032,-0.0306052,15.9579379,17.3596233
1.1125000,0.0170853,-0.0307589,16.0188816,17.4205670
1.1131250,0.0170683,-0.0309138,16.0740829,17.4757683
1.1137500,0.0170513,-0.0310688,16.1292842,17.5309696
1.1143750,0.0170353,-0.0312251,16.1786001,17.5802855
1.1150000,0.0170192,-0.0313813,16.2279160,17.6296014
1.1156250,0.0170041,-0.0315387,16.2712264,17.6729118
1.1162500,0.0169889,-0.0316961,16.3145367,17.7162221
1.1168750,0.0169748,-0.0318547,16.3517445,17.7534299
1.1175000,0.0169606,-0.0320132,16.3889523,17.7906377
1.1181250,0.0169475,-0.0321728,16.4199842,17.8216696
1.1187500,0.0169344,-0.0323323,16.4510160,17.8527014
1.1193750,0.0169223,-0.0324928,16.4758222,17.8775076
1.1200000,0.0169102,-0.0326533,16.5006284,17.9023138
1.1206250,0.0168992,-0.0328147,16.5191832,17.9208686
1.1212500,0.0168881,-0.0329761,16.5377380,17.9394234
1.1218750,0.0168782,-0.0331381,16.5500393,17.9517247
1.1225000,0.0168682,-0.0333002,16.5623406,17.9640260
1.1231250,0.0168594,-0.0334629,16.5684099,17.9700953
1.1237500,0.0168505,-0.0336256,16.5744792,17.9761646
1.1243750,0.0168428,-0.0337888,16.5743614,17.9760468
1.1250000,0.0168350,-0.0339520,16.5742436,17.9759290
1.1256250,0.0168284,-0.0341156,16.5680065,17.9696920
1.1262500,0.0168217,-0.0342791,16.5617695,17.9634549
1.1268750,0.0168163,-0.0344429,16.5495034,17.9511888
1.1275000,0.0168108,-0.0346066,16.5372373,17.9389227
1.1281250,0.0168065,-0.0347705,16.5190541,17.9207395
1.1287500,0.0168022,-0.0349343,16.5008709,17.9025563
1.1293750,0.0167990,-0.0350981,16.4769038,17.8785892
1.1300000,0.0167958,-0.0352619,16.4529367,17.8546221
1.1306250,0.0167938,-0.0354256,16.4233390,17.8250244
1.1312500,0.0167918,-0.0355892,16.3937412,17.7954266
1.1318750,0.0167910,-0.0357525,16.3586857,17.7603711
1.1325000,0.0167901,-0.0359158,16.3236302,17.7253156
1.1331250,0.0167904,-0.0360787,16.2833080,17.6849934
1.1337500,0.0167906,-0.0362417,16.2429857,17.6446711
1.1343750,0.0167920,-0.0364041,16.1976052,17.5992906
1.1350000,0.0167934,-0.0365665,16.1522247,17.5539101
1.1356250,0.0167960,-0.0367283,16.1020105,17.5036959
1.1362500,0.0167985,-0.0368901,16.0517963,17.4534817
1.1368750,0.0168022,-0.0370512,15.9969879,17.3986733
1.1375000,0.0168058,-0.0372123,15.9421796,17.3438650
1.1381250,0.0168105,-0.0373726,15.8830303,17.2847157
1.1387500,0.0168152,-0.0375329,15.8238811,17.2255665
1.1393750,0.0168210,-0.0376923,15.7606565,17.1623419
1.1400000,0.0168268,-0.0378517,15.6974320,17.0991174
1.1406250,0.0168336,-0.0380101,15.6304087,17.0320941
1.1412500,0.0168404,-0.0381686,15.5633854,16.9650708
1.1418750,0.0168483,-0.0383260,15.4928495,16.8945349
1.1425000,0.0168561,-0.0384834,15.4223136,16.8239990
1.1431250,0.0168650,-0.0386397,15.3485595,16.7502449
1.1437500,0.0168739,-0.0387961,15.2748053,16.6764907
1.1443750,0.0168837,-0.0389512,15.1981338,16.5998192
1.1450000,0.0168935,-0.0391064,15.1214622,16.5231476
1.1456250,0.0169043,-0.0392604,15.0421795,16.4438649
1.1462500,0.0169151,-0.0394144,14.9628968,16.3645822
1.1468750,0.0169268,-0.0395671,14.8813126,16.2829980
1.1475000,0.0169385,-0.0397197,14.7997284,16.2014138
1.1481250,0.0169511,-0.0398711,14.7161547,16.1178401
1.1487500,0.0169637,-0.0400224,14.6325811,16.0342665
1.1493750,0.0169772,-0.0401724,14.5473306,15.9490160
1.1500000,0.0169906,-0.0403223,14.4620801,15.8637655
1.1506250,0.0170049,-0.0404707,14.3754645,15.7771499
1.1512500,0.0170192,-0.0406192,14.2888489,15.6905343
1.1518750,0.0170343,-0.0407662,14.2011777,15.6028631
1.1525000,0.0170494,-0.0409131,14.1135064,15.5151918
1.1531250,0.0170653,-0.0410584,14.0250852,15.4267706
1.1537500,0.0170811,-0.0412038,13.9366640,15.3383494
1.1543750,0.0170977,-0.0413474,13.8477933,15.2494787
1.1550000,0.0171142,-0.0414911,13.7589225,15.1606079
1.1556250,0.0171315,-0.0416331,13.6698960,15.0715814
1.1562500,0.0171488,-0.0417750,13.5808696,14.9825550
1.1568750,0.0171667,-0.0419151,13.4919732,14.8936586
1.1575000,0.0171846,-0.0420552,13.4030769,14.8047623
1.1581250,0.0172031,-0.0421935,13.3145872,14.7162726
1.1587500,0.0172216,-0.0423317,13.2260975,14.6277829
1.1593750,0.0172407,-0.0424681,13.1382804,14.5399658
1.1600000,0.0172598,-0.0426044,13.0504634,14.4521488
1.1606250,0.0172794,-0.0427387,12.9635731,14.3652585
1.1612500,0.0172990,-0.0428730,12.8766829,14.2783683
1.1618750,0.0173191,-0.0430052,12.7909607,14.1926461
1.1625000,0.0173391,-0.0431375,12.7052384,14.1069238
1.1631250,0.0173597,-0.0432676,12.6209115,14.0225969
1.1637500,0.0173802,-0.0433978,12.5365845,13.9382699
1.1643750,0.0174011,-0.0435258,12.4538650,13.8555504
1.1650000,0.0174220,-0.0436539,12.3711454,13.7728308
1.1656250,0.0174433,-0.0437798,12.2902295,13.6919149
1.1662500,0.0174646,-0.0439057,12.2093136,13.6109990
1.1668750,0.0174862,-0.0440295,12.1303807,13.5320661
1.1675000,0.0175078,-0.0441532,12.0514478,13.4531332
1.1681250,0.0175298,-0.0442748,11.9746596,13.3763450
1.1687500,0.0175517,-0.0443963,11.8978714,13.2995568
1.1693750,0.0175739,-0.0445157,11.8233713,13.2250567
1.1700000,0.0175960,-0.0446351,11.7488712,13.1505566
1.1706250,0.0176184,-0.0447524,11.6767836,13.0784690
1.1712500,0.0176408,-0.0448698,11.6046960,13.0063814
1.1718750,0.0176634,-0.0449850,11.5351259,12.9368113
1.1725000,0.0176860,-0.0451002,11.4655558,12.8672412
1.1731250,0.0177088,-0.0452135,11.3985883,12.8002737
1.1737500,0.0177316,-0.0453267,11.3316207,12.7333061
1.1743750,0.0177546,-0.0454380,11.2673205,12.6690059
1.1750000,0.0177776,-0.0455493,11.2030202,12.6047056
1.1756250,0.0178008,-0.0456587,11.1414317,12.5431171
1.1762500,0.0178239,-0.0457682,11.0798432,12.4815286
1.1768750,0.0178473,-0.0458760,11.0209900,12.4226754
1.1775000,0.0178706,-0.0459837,10.9621369,12.3638223
1.1781250,0.0178941,-0.0460898,10.9060222,12.3077076
1.1787500,0.0179176,-0.0461959,10.8499076,12.2515930
1.1793750,0.0179413,-0.0463005,10.7965139,12.1981993
1.1800000,0.0179649,-0.0464050,10.7431202,12.1448056
1.1806250,0.0179888,-0.0465081,10.6924094,12.0940948
1.1812500,0.0180126,-0.0466113,10.6416986,12.0433840
1.1818750,0.0180367,-0.0467132,10.5936124,11.9952978
1.1825000,0.0180607,-0.0468151,10.5455263,11.9472117
1.1831250,0.0180850,-0.0469159,10.4999868,11.9016722
1.1837500,0.0181092,-0.0470167,10.4544473,11.8561327
1.1843750,0.0181337,-0.0471164,10.4113570,11.8130424
1.1850000,0.0181581,-0.0472162,10.3682666,11.7699520
1.1856250,0.0181828,-0.0473150,10.3275092,11.7291946
1.1862500,0.0182075,-0.0474139,10.2867517,11.6884371
1.1868750,0.0182325,-0.0475120,10.2481925,11.6498779
1.1875000,0.0182575,-0.0476100,10.2096333,11.6113187
1.1881250,0.0182828,-0.0477074,10.1731204,11.5748058
1.1887500,0.0183080,-0.0478048,10.1366076,11.5382930
1.1893750,0.0183336,-0.0479017,10.1019723,11.5036577
1.1900000,0.0183591,-0.0479985,10.0673370,11.4690224
1.1906250,0.0183850,-0.0480949,10.0343949,11.4360803
1.1912500,0.0184108,-0.0481913,10.0014529,11.4031383
1.1918750,0.0184370,-0.0482873,9.9700049,11.3716903
1.1925000,0.0184632,-0.0483832,9.9385568,11.3402422
1.1931250,0.0184898,-0.0484788,9.9083899,11.3100753
1.1937500,0.0185163,-0.0485744,9.8782229,11.2799083
1.1943750,0.0185432,-0.0486697,9.8491117,11.2507971
1.1950000,0.0185701,-0.0487651,9.8200005,11.2216859
1.1956250,0.0185974,-0.0488601,9.7917083,11.1933937
1.1962500,0.0186246,-0.0489552,9.7634161,11.1651015
1.1968750,0.0186522,-0.0490501,9.7356961,11.1373815
1.1975000,0.0186798,-0.0491449,9.7079761,11.1096615
1.1981250,0.0187079,-0.0492396,9.6805729,11.0822583
1.1987500,0.0187359,-0.0493342,9.6531697,11.0548551
1.1993750,0.0187643,-0.0494286,9.6258205,11.0275059
1.2000000,0.0187926,-0.0495230,9.5984713,11.0001567
1.2006250,0.0188214,-0.0496172,9.5709075,10.9725929
1.2012500,0.0188501,-0.0497114,9.5433437,10.9450291
1.2018750,0.0188792,-0.0498053,9.5152924,10.9169778
1.2025000,0.0189083,-0.0498993,9.4872411,10.8889265
1.2031250,0.0189378,-0.0499930,9.4584265,10.8601119
1.2037500,0.0189672,-0.0500867,9.4296118,10.8312972
1.2043750,0.0189970,-0.0501801,9.3997567,10.8014421
1.2050000,0.0190268,-0.0502735,9.3699015,10.7715869
1.2056250,0.0190569,-0.0503665,9.3387292,10.7404146
1.2062500,0.0190870,-0.0504595,9.3075568,10.7092422
1.2068750,0.0191174,-0.0505521,9.2747923,10.6764777
1.2075000,0.0191478,-0.0506448,9.2420277,10.6437131
1.2081250,0.0191785,-0.0507371,9.2073995,10.6090849
1.2087500,0.0192092,-0.0508293,9.1727713,10.5744567
1.2093750,0.0192402,-0.0509211,9.1360129,10.5376983
1.2100000,0.0192711,-0.0510128,9.0992545,10.5009399
1.2106250,0.0193024,-0.0511040,9.0601061,10.4617915
1.2112500,0.0193336,-0.0511952,9.0209577,10.4226431
1.2118750,0.0193650,-0.0512859,8.9791676,10.3808530
1.2125000,0.0193964,-0.0513765,8.9373775,10.3390629
1.2131250,0.0194281,-0.0514665,8.8927037,10.2943891
1.2137500,0.0194597,-0.0515565,8.8480299,10.2497153
1.2143750,0.0194915,-0.0516458,8.8002416,10.2019270
1.2150000,0.0195233,-0.0517352,8.7524532,10.1541386
1.2156250,0.0195552,-0.0518238,8.7013320,10.1030174
1.2162500,0.0195871,-0.0519124,8.6502107,10.0518961
1.2168750,0.0196192,-0.0520002,8.5955524,9.9972378
1.2175000,0.0196512,-0.0520880,8.5408940,9.9425794
1.2181250,0.0196834,-0.0521750,8.4825096,9.8841950
1.2187500,0.0197155,-0.0522619,8.4241252,9.8258106
1.2193750,0.0197477,-0.0523480,8.3618423,9.7635277
1.2200000,0.0197799,-0.0524340,8.2995594,9.7012448
1.2206250,0.0198121,-0.0525191,8.2332233,9.6349087
1.2212500,0.0198443,-0.0526041,8.1668872,9.5685726
1.2218750,0.0198765,-0.0526881,8.0963621,9.4980475
1.2225000,0.0199086,-0.0527721,8.0258371,9.4275225
1.2231250,0.0199407,-0.0528549,7.9510070,9.3526923
1.2237500,0.0199728,-0.0529378,7.8761768,9.2778622
1.2243750,0.0200048,-0.0530194,7.7969463,9.1986317
1.2250000,0.0200367,-0.0531010,7.7177158,9.1194012
1.2256250,0.0200685,-0.0531813,7.6340110,9.0356964
1.2262500,0.0201003,-0.0532616,7.5503062,8.9519916
1.2268750,0.0201318,-0.0533404,7.4620755,8.8637609
1.2275000,0.0201634,-0.0534192,7.3738448,8.7755302
1.2281250,0.0201947,-0.0534965,7.2810591,8.6827445
1.2287500,0.0202259,-0.0535737,7.1882735,8.5899589
1.2293750,0.0202568,-0.0536493,7.0909271,8.4926125
1.2300000,0.0202876,-0.0537248,6.9935807,8.3952661
1.2306250,0.0203181,-0.0537985,6.8916911,8.2933765
1.2312500,0.0203485,-0.0538721,6.7898016,8.1914870
1.2318750,0.0203784,-0.0539438,6.6834101,8.0850955
1.2325000,0.0204082,-0.0540155,6.5770186,7.9787040
1.2331250,0.0204375,-0.0540850,6.4661901,7.8678755
1.2337500,0.0204667,-0.0541546,6.3553616,7.7570470
1.2343750,0.0204952,-0.0542218,6.2401845,7.6418699
1.2350000,0.0205237,-0.0542890,6.1250073,7.5266927
1.2356250,0.0205514,-0.0543537,6.0055933,7.4072787
1.2362500,0.0205791,-0.0544185,5.8861792,7.2878646
1.2368750,0.0206059,-0.0544805,5.7626629,7.1643483
1.2375000,0.0206326,-0.0545426,5.6391466,7.0408320
1.2381250,0.0206584,-0.0546018,5.5116851,6.9133705
1.2387500,0.0206842,-0.0546611,5.3842236,6.7859090
1.2393750,0.0207088,-0.0547174,5.2529957,6.6546811
1.2400000,0.0207334,-0.0547737,5.1217678,6.5234532
1.2406250,0.0207569,-0.0548269,4.9869732,6.3886586
1.2412500,0.0207803,-0.0548800,4.8521787,6.2538641
1.2418750,0.0208025,-0.0549298,4.7140373,6.1157227
1.2425000,0.0208246,-0.0549796,4.5758959,5.9775813
1.2431250,0.0208453,-0.0550261,4.4346464,5.8363318
1.2437500,0.0208660,-0.0550725,4.2933970,5.6950824
1.2443750,0.0208853,-0.0551154,4.1492959,5.5509813
1.2450000,0.0209045,-0.0551582,4.0051948,5.4068802
1.2456250,0.0209223,-0.0551974,3.8585152,5.2602006
1.2462500,0.0209400,-0.0552367,3.7118356,5.1135210
1.2468750,0.0209561,-0.0552722,3.5628656,4.9645510
1.2475000,0.0209722,-0.0553077,3.4138955,4.8155809
1.2481250,0.0209867,-0.0553394,3.2629366,4.6646220
1.2487500,0.0210011,-0.0553712,3.1119776,4.5136630
1.2493750,0.0210139,-0.0553991,2.9593433,4.3610287
1.2500000,0.0210266,-0.0554270,2.8067090,4.2083944
1.2506250,0.0210377,-0.0554511,2.6527231,4.0544085
1.2512500,0.0210487,-0.0554752,2.4987372,3.9004226
1.2518750,0.0210580,-0.0554955,2.3437318,3.7454172
1.2525000,0.0210673,-0.0555157,2.1887265,3.5904119
1.2531250,0.0210749,-0.0555322,2.0330402,3.4347256
1.2537500,0.0210825,-0.0555486,1.8773540,3.2790394
1.2543750,0.0210884,-0.0555613,1.7213302,3.1230156
1.2550000,0.0210942,-0.0555741,1.5653064,2.9669918
1.2556250,0.0210984,-0.0555831,1.4092909,2.8109763
1.2562500,0.0211026,-0.0555922,1.2532753,2.6549607
1.2568750,0.0211052,-0.0555978,1.0976146,2.4993000
1.2575000,0.0211077,-0.0556033,0.9419538,2.3436392
1.2581250,0.0211087,-0.0556054,0.7869928,2.1886782
1.2587500,0.0211097,-0.0556075,0.6320317,2.0337171
1.2593750,0.0211092,-0.0556063,0.4781120,1.8797974
1.2600000,0.0211086,-0.0556051,0.3241924,1.7258778
1.2606250,0.0211066,-0.0556007,0.1716500,1.5733354
1.2612500,0.0211045,-0.0555963,0.0191076,1.4207930
1.2618750,0.0211011,-0.0555889,-0.1317292,1.2699562
1.2625000,0.0210977,-0.0555816,-0.2825660,1.1191194
1.2631250,0.0210930,-0.0555713,-0.4313784,0.9703070
1.2637500,0.0210883,-0.0555611,-0.5801907,0.8214947
1.2643750,0.0210823,-0.0555482,-0.7266715,0.6750139
1.2650000,0.0210763,-0.0555353,-0.8731523,0.5285331
1.2656250,0.0210692,-0.0555198,-1.0170080,0.3846774
1.2662500,0.0210621,-0.0555044,-1.1608637,0.2408217
1.2668750,0.0210539,-0.0554866,-1.3018160,0.0998694
1.2675000,0.0210457,-0.0554688,-1.4427684,-0.0410830
1.2681250,0.0210365,-0.0554488,-1.5805564,-0.1788710
1.2687500,0.0210273,-0.0554287,-1.7183445,-0.3166591
1.2693750,0.0210172,-0.0554065,-1.8527260,-0.4510406
1.2700000,0.0210071,-0.0553844,-1.9871076,-0.5854222
1.2706250,0.0209961,-0.0553602,-2.1178611,-0.7161757
1.2712500,0.0209851,-0.0553361,-2.2486145,-0.8469291
1.2718750,0.0209733,-0.0553101,-2.3755402,-0.9738548
1.2725000,0.0209614,-0.0552841,-2.5024658,-1.1007804
1.2731250,0.0209488,-0.0552563,-2.6253873,-1.2237019
1.2737500,0.0209362,-0.0552285,-2.7483087,-1.3466233
1.2743750,0.0209229,-0.0551990,-2.8670742,-1.4653888
1.2750000,0.0209096,-0.0551695,-2.9858397,-1.5841543
1.2756250,0.0208956,-0.0551384,-3.1003230,-1.6986376
1.2762500,0.0208816,-0.0551073,-3.2148063,-1.8131209
1.2768750,0.0208670,-0.0550745,-3.3249076,-1.9232222
1.2775000,0.0208523,-0.0550418,-3.4350090,-2.0333236
1.2781250,0.0208370,-0.0550075,-3.5406561,-2.1389707
1.2787500,0.0208217,-0.0549732,-3.6463032,-2.2446178
1.2793750,0.0208058,-0.0549374,-3.7474514,-2.3457660
1.2800000,0.0207898,-0.0549015,-3.8485997,-2.4469143
1.2806250,0.0207733,-0.0548640,-3.9452330,-2.5435476
1.2812500,0.0207567,-0.0548266,-4.0418662,-2.6401808
1.2818750,0.0207396,-0.0547876,-4.1339968,-2.7323114
1.2825000,0.0207225,-0.0547487,-4.2261273,-2.8244419
1.2831250,0.0207048,-0.0547082,-4.3137961,-2.9121107
1.2837500,0.0206870,-0.0546677,-4.4014648,-2.9997794
1.2843750,0.0206687,-0.0546256,-4.4847411,-3.0830557
1.2850000,0.0206504,-0.0545835,-4.5680174,-3.1663320
1.2856250,0.0206315,-0.0545399,-4.6469988,-3.2453134
1.2862500,0.0206126,-0.0544962,-4.7259801,-3.3242947
1.2868750,0.0205931,-0.0544510,-4.8007916,-3.3991062
1.2875000,0.0205736,-0.0544058,-4.8756032,-3.4739178
1.2881250,0.0205536,-0.0543590,-4.9463969,-3.5447115
1.2887500,0.0205336,-0.0543122,-5.0171907,-3.6155053
1.2893750,0.0205130,-0.0542638,-5.0841448,-3.6824594
1.2900000,0.0204924,-0.0542154,-5.1510989,-3.7494135
1.2906250,0.0204713,-0.0541655,-5.2144165,-3.8127311
1.2912500,0.0204502,-0.0541156,-5.2777340,-3.8760486
1.2918750,0.0204286,-0.0540642,-5.3376419,-3.9359565
1.2925000,0.0204070,-0.0540128,-5.3975497,-3.9958643
1.2931250,0.0203850,-0.0539599,-5.4542972,-4.0526118
1.2937500,0.0203629,-0.0539070,-5.5110447,-4.1093593
1.2943750,0.0203405,-0.0538527,-5.5649019,-4.1632165
1.2950000,0.0203180,-0.0537984,-5.6187590,-4.2170736
1.2956250,0.0202951,-0.0537427,-5.6700150,-4.2683296
1.2962500,0.0202722,-0.0536871,-5.7212709,-4.3195855
1.2968750,0.0202490,-0.0536302,-5.7702321,-4.3685467
1.2975000,0.0202258,-0.0535733,-5.8191933,-4.4175079
1.2981250,0.0202023,-0.0535152,-5.8661814,-4.4644960
1.2987500,0.0201787,-0.0534571,-5.9131696,-4.5114842
1.2993750,0.0201550,-0.0533979,-5.9585195,-4.5568341
1.3000000,0.0201312,-0.0533388,-6.0038694,-4.6021840
1.3006250,0.0201072,-0.0532787,-6.0479268,-4.6462414
1.3012500,0.0200832,-0.0532185,-6.0919842,-4.6902988
1.3018750,0.0200591,-0.0531575,-6.1351035,-4.7334181
1.3025000,0.0200350,-0.0530965,-6.1782228,-4.7765374
1.3031250,0.0200108,-0.0530347,-6.2207647,-4.8190793
1.3037500,0.0199865,-0.0529729,-6.2633066,-4.8616212
1.3043750,0.0199622,-0.0529104,-6.3056356,-4.9039502
1.3050000,0.0199379,-0.0528479,-6.3479645,-4.9462791
1.3056250,0.0199136,-0.0527848,-6.3904462,-4.9887608
1.3062500,0.0198892,-0.0527217,-6.4329279,-5.0312425
1.3068750,0.0198649,-0.0526580,-6.4759270,-5.0742416
1.3075000,0.0198406,-0.0525944,-6.5189261,-5.1172407
1.3081250,0.0198163,-0.0525303,-6.5628033,-5.1611179
1.3087500,0.0197920,-0.0524661,-6.6066806,-5.2049952
1.3093750,0.0197678,-0.0524015,-6.6517905,-5.2501051
1.3100000,0.0197435,-0.0523369,-6.6969004,-5.2952150
1.3106250,0.0197193,-0.0522718,-6.7435886,-5.3419032
1.3112500,0.0196950,-0.0522067,-6.7902769,-5.3885915
1.3118750,0.0196708,-0.0521411,-6.8388780,-5.4371926
1.3125000,0.0196466,-0.0520755,-6.8874790,-5.4857936
1.3131250,0.0196224,-0.0520093,-6.9383135,-5.5366281
1.3137500,0.0195983,-0.0519432,-6.9891479,-5.5874625
1.3143750,0.0195742,-0.0518764,-7.0425205,-5.6408351
1.3150000,0.0195500,-0.0518097,-7.0958930,-5.6942076
1.3156250,0.0195258,-0.0517421,-7.1520899,-5.7504045
1.3162500,0.0195016,-0.0516746,-7.2082868,-5.8066014
1.3168750,0.0194774,-0.0516062,-7.2675738,-5.8658884
1.3175000,0.0194531,-0.0515379,-7.3268608,-5.9251754
1.3181250,0.0194287,-0.0514684,-7.3894812,-5.9877958
1.3187500,0.0194043,-0.0513990,-7.4521015,-6.0504161
1.3193750,0.0193797,-0.0513283,-7.5182740,-6.1165886
1.3200000,0.0193551,-0.0512577,-7.5844465,-6.1827611
1.3206250,0.0193303,-0.0511856,-7.6543636,-6.2526782
1.3212500,0.0193055,-0.0511135,-7.7242808,-6.3225954
1.3218750,0.0192804,-0.0510397,-7.7981073,-6.3964219
1.3225000,0.0192553,-0.0509660,-7.8719338,-6.4702484
1.3231250,0.0192298,-0.0508903,-7.9498052,-6.5481198
1.3237500,0.0192043,-0.0508147,-8.0276766,-6.6259912
1.3243750,0.0191785,-0.0507370,-8.1096979,-6.7080125
1.3250000,0.0191526,-0.0506593,-8.1917192,-6.7900338
1.3256250,0.0191263,-0.0505792,-8.2779638,-6.8762784
1.3262500,0.0190999,-0.0504991,-8.3642083,-6.9625229
1.3268750,0.0190731,-0.0504165,-8.4547172,-7.0530318
1.3275000,0.0190462,-0.0503338,-8.5452261,-7.1435407
1.3281250,0.0190188,-0.0502483,-8.6400074,-7.2383220
1.3287500,0.0189914,-0.0501629,-8.7347887,-7.3331033
1.3293750,0.0189634,-0.0500745,-8.8338170,-7.4321316
1.3300000,0.0189354,-0.0499861,-8.9328453,-7.5311599
1.3306250,0.0189069,-0.0498945,-9.0360615,-7.6343761
1.3312500,0.0188783,-0.0498029,-9.1392778,-7.7375924
1.3318750,0.0188492,-0.0497080,-9.2465894,-7.8449040
1.3325000,0.0188200,-0.0496131,-9.3539010,-7.9522156
1.3331250,0.0187903,-0.0495147,-9.4651819,-8.0634965
1.3337500,0.0187605,-0.0494164,-9.5764628,-8.1747774
1.3343750,0.0187302,-0.0493145,-9.6915542,-8.2898688
1.3350000,0.0186998,-0.0492127,-9.8066455,-8.4049601
1.3356250,0.0186690,-0.0491073,-9.9253562,-8.5236708
1.3362500,0.0186381,-0.0490020,-10.0440669,-8.6423815
1.3368750,0.0186068,-0.0488930,-10.1661747,-8.7644893
1.3375000,0.0185755,-0.0487841,-10.2882824,-8.8865970
1.3381250,0.0185438,-0.0486716,-10.4135347,-9.0118493
1.3387500,0.0185120,-0.0485591,-10.5387870,-9.1371016
1.3393750,0.0184799,-0.0484432,-10.6669027,-9.2652173
1.3400000,0.0184478,-0.0483273,-10.7950184,-9.3933330
1.3406250,0.0184155,-0.0482080,-10.9256889,-9.5240035
1.3412500,0.0183832,-0.0480887,-11.0563595,-9.6546741
1.3418750,0.0183507,-0.0479662,-11.1892509,-9.7875655
1.3425000,0.0183182,-0.0478437,-11.3221424,-9.9204570
1.3431250,0.0182856,-0.0477182,-11.4568972,-10.0552118
1.3437500,0.0182530,-0.0475927,-11.5916519,-10.1899665
1.3443750,0.0182204,-0.0474643,-11.7278909,-10.3262055
1.3450000,0.0181879,-0.0473359,-11.8641299,-10.4624445
1.3456250,0.0181555,-0.0472048,-12.0014548,-10.5997694
1.3462500,0.0181231,-0.0470738,-12.1387797,-10.7370943
1.3468750,0.0180909,-0.0469403,-12.2767753,-10.8750899
1.3475000,0.0180587,-0.0468069,-12.4147708,-11.0130854
1.3481250,0.0180269,-0.0466712,-12.5530075,-11.1513221
1.3487500,0.0179950,-0.0465356,-12.6912442,-11.2895588
1.3493750,0.0179636,-0.0463980,-12.8292806,-11.4275952
1.3500000,0.0179321,-0.0462605,-12.9673169,-11.5656315
1.3506250,0.0179012,-0.0461212,-13.1047026,-11.7030172
1.3512500,0.0178702,-0.0459819,-13.2420883,-11.8404029
1.3518750,0.0178399,-0.0458411,-13.3783666,-11.9766812
1.3525000,0.0178095,-0.0457003,-13.5146450,-12.1129596
1.3531250,0.0177798,-0.0455582,-13.6493559,-12.2476705
1.3537500,0.0177500,-0.0454162,-13.7840667,-12.3823813
1.3543750,0.0177209,-0.0452730,-13.9167494,-12.5150640
1.3550000,0.0176919,-0.0451298,-14.0494321,-12.6477467
1.3556250,0.0176636,-0.0449856,-14.1796283,-12.7779429
1.3562500,0.0176353,-0.0448415,-14.3098245,-12.9081391
1.3568750,0.0176078,-0.0446965,-14.4370810,-13.0353956
1.3575000,0.0175803,-0.0445515,-14.5643375,-13.1626521
1.3581250,0.0175536,-0.0444058,-14.6882092,-13.2865238
1.3587500,0.0175269,-0.0442601,-14.8120808,-13.4103954
1.3593750,0.0175011,-0.0441137,-14.9321335,-13.5304481
1.3600000,0.0174752,-0.0439673,-15.0521862,-13.6505008
1.3606250,0.0174502,-0.0438203,-15.1679992,-13.7663138
1.3612500,0.0174252,-0.0436732,-15.2838123,-13.8821269
1.3618750,0.0174011,-0.0435255,-15.3949814,-13.9932960
1.3625000,0.0173770,-0.0433778,-15.5061506,-14.1044652
1.3631250,0.0173537,-0.0432294,-15.6122904,-14.2106050
1.3637500,0.0173304,-0.0430810,-15.7184302,-14.3167448
1.3643750,0.0173080,-0.0429318,-15.8191765,-14.4174911
1.3650000,0.0172856,-0.0427827,-15.9199228,-14.5182374
1.3656250,0.0172641,-0.0426327,-16.0149353,-14.6132499
1.3662500,0.0172425,-0.0424827,-16.1099477,-14.7082623
1.3668750,0.0172219,-0.0423317,-16.1989115,-14.7972261
1.3675000,0.0172012,-0.0421808,-16.2878753,-14.8861899
1.3681250,0.0171814,-0.0420287,-16.3705036,-14.9688182
1.3687500,0.0171616,-0.0418767,-16.4531319,-15.0514465
1.3693750,0.0171427,-0.0417234,-16.5291674,-15.1274820
1.3700000,0.0171237,-0.0415702,-16.6052029,-15.2035175
1.3706250,0.0171057,-0.0414156,-16.6744196,-15.2727342
1.3712500,0.0170876,-0.0412611,-16.7436363,-15.3419509
1.3718750,0.0170704,-0.0411051,-16.8058407,-15.4041553
1.3725000,0.0170532,-0.0409490,-16.8680452,-15.4663598
1.3731250,0.0170370,-0.0407914,-16.9230777,-15.5213923
1.3737500,0.0170207,-0.0406338,-16.9781103,-15.5764249
1.3743750,0.0170054,-0.0404745,-17.0258462,-15.6241608
1.3750000,0.0169900,-0.0403153,-17.0735821,-15.6718967
1.3756250,0.0169756,-0.0401542,-17.1139320,-15.7122466
1.3762500,0.0169612,-0.0399932,-17.1542819,-15.7525965
1.3768750,0.0169478,-0.0398303,-17.1871927,-15.7855073
1.3775000,0.0169344,-0.0396675,-17.2201034,-15.8184180
1.3781250,0.0169220,-0.0395028,-17.2455580,-15.8438726
1.3787500,0.0169096,-0.0393382,-17.2710126,-15.8693272
1.3793750,0.0168983,-0.0391717,-17.2890303,-15.8873449
1.3800000,0.0168869,-0.0390053,-17.3070480,-15.9053626
1.3806250,0.0168767,-0.0388371,-17.3176842,-15.9159988
1.3812500,0.0168664,-0.0386689,-17.3283205,-15.9266351
1.3818750,0.0168573,-0.0384990,-17.3316662,-15.9299808
1.3825000,0.0168482,-0.0383291,-17.3350120,-15.9333266
1.3831250,0.0168403,-0.0381577,-17.3311930,-15.9295076
1.3837500,0.0168323,-0.0379863,-17.3273740,-15.9256886
1.3843750,0.0168256,-0.0378134,-17.3165500,-15.9148646
1.3850000,0.0168189,-0.0376406,-17.3057261,-15.9040407
1.3856250,0.0168134,-0.0374666,-17.2880896,-15.8864042
1.3862500,0.0168079,-0.0372926,-17.2704531,-15.8687677
1.3868750,0.0168037,-0.0371175,-17.2462277,-15.8445423
1.3875000,0.0167995,-0.0369425,-17.2220024,-15.8203170
1.3881250,0.0167966,-0.0367667,-17.1914417,-15.7897563
1.3887500,0.0167937,-0.0365910,-17.1608810,-15.7591956
1.3893750,0.0167922,-0.0364147,-17.1242662,-15.7225808
1.3900000,0.0167906,-0.0362385,-17.0876514,-15.6859660
1.3906250,0.0167904,-0.0360620,-17.0452897,-15.6436043
1.3912500,0.0167901,-0.0358856,-17.0029280,-15.6012426
1.3918750,0.0167912,-0.0357093,-16.9551503,-15.5534649
1.3925000,0.0167923,-0.0355329,-16.9073726,-15.5056872
1.3931250,0.0167948,-0.0353569,-16.8545310,-15.4528456
1.3937500,0.0167972,-0.0351809,-16.8016894,-15.4000040
1.3943750,0.0168010,-0.0350055,-16.7441550,-15.3424696
1.3950000,0.0168047,-0.0348301,-16.6866206,-15.2849352
1.3956250,0.0168097,-0.0346556,-16.6247807,-15.2230953
1.3962500,0.0168147,-0.0344812,-16.5629409,-15.1612555
1.3968750,0.0168210,-0.0343079,-16.4971964,-15.0955110
1.3975000,0.0168273,-0.0341346,-16.4314519,-15.0297665
1.3981250,0.0168348,-0.0339627,-16.3622144,-14.9605290
1.3987500,0.0168423,-0.0337908,-16.2929769,-14.8912915
1.3993750,0.0168510,-0.0336205,-16.2206657,-14.8189803
1.4000000,0.0168597,-0.0334503,-16.1483546,-14.7466692
1.4006250,0.0168696,-0.0332818,-16.0733942,-14.6717088
1.4012500,0.0168794,-0.0331133,-15.9984338,-14.5967484
1.4018750,0.0168903,-0.0329468,-15.9212506,-14.5195652
1.4025000,0.0169012,-0.0327803,-15.8440674,-14.4423820
1.4031250,0.0169132,-0.0326159,-15.7650867,-14.3634013
1.4037500,0.0169251,-0.0324514,-15.6861060,-14.2844206
1.4043750,0.0169381,-0.0322891,-15.6057495,-14.2040641
1.4050000,0.0169510,-0.0321268,-15.5253929,-14.1237075
1.4056250,0.0169649,-0.0319667,-15.4440751,-14.0423897
1.4062500,0.0169788,-0.0318067,-15.3627574,-13.9610720
1.4068750,0.0169936,-0.0316488,-15.2808835,-13.8791981
1.4075000,0.0170084,-0.0314910,-15.1990096,-13.7973242
1.4081250,0.0170240,-0.0313354,-15.1169722,-13.7152868
1.4087500,0.0170396,-0.0311799,-15.0349349,-13.6332495
1.4093750,0.0170561,-0.0310265,-14.9531116,-13.5514262
1.4100000,0.0170725,-0.0308732,-14.8712883,-13.4696029
1.4106250,0.0170897,-0.0307220,-14.7900389,-13.3883535
1.4112500,0.0171069,-0.0305708,-14.7087896,-13.3071042
1.4118750,0.0171249,-0.0304217,-14.6284540,-13.2267686
1.4125000,0.0171428,-0.0302726,-14.5481184,-13.1464330
1.4131250,0.0171615,-0.0301256,-14.4690140,-13.0673286
1.4137500,0.0171802,-0.0299785,-14.3899095,-12.9882241
1.4143750,0.0171996,-0.0298334,-14.3123291,-12.9106437
1.4150000,0.0172189,-0.0296883,-14.2347487,-12.8330633
1.4156250,0.0172389,-0.0295450,-14.1589588,-12.7572734
1.4162500,0.0172589,-0.0294017,-14.0831690,-12.6814836
1.4168750,0.0172796,-0.0292601,-14.0094080,-12.6077226
1.4175000,0.0173002,-0.0291185,-13.9356470,-12.5339616
1.4181250,0.0173215,-0.0289786,-13.8641234,-12.4624380
1.4187500,0.0173428,-0.0288387,-13.7925998,-12.3909144
1.4193750,0.0173648,-0.0287003,-13.7234912,-12.3218058
1.4200000,0.0173867,-0.0285620,-13.6543826,-12.2526972
1.4206250,0.0174092,-0.0284251,-13.5878344,-12.1861490
1.4212500,0.0174317,-0.0282882,-13.5212862,-12.1196008
1.4218750,0.0174548,-0.0281528,-13.4574109,-12.0557255
1.4225000,0.0174779,-0.0280173,-13.3935356,-11.9918502
1.4231250,0.0175016,-0.0278832,-13.3324121,-11.9307267
1.4237500,0.0175253,-0.0277491,-13.2712885,-11.8696031
1.4243750,0.0175496,-0.0276163,-13.2129615,-11.8112761
1.4250000,0.0175738,-0.0274835,-13.1546344,-11.7529490
1.4256250,0.0175986,-0.0273520,-13.0991147,-11.6974293
1.4262500,0.0176234,-0.0272205,-13.0435950,-11.6419096
1.4268750,0.0176488,-0.0270903,-12.9908592,-11.5891738
1.4275000,0.0176741,-0.0269601,-12.9381235,-11.5364381
1.4281250,0.0177000,-0.0268311,-12.8881148,-11.4864294
1.4287500,0.0177258,-0.0267022,-12.8381062,-11.4364208
1.4293750,0.0177521,-0.0265745,-12.7907346,-11.3890492
1.4300000,0.0177784,-0.0264469,-12.7433631,-11.3416777
1.4306250,0.0178052,-0.0263205,-12.6985064,-11.2968210
1.4312500,0.0178320,-0.0261942,-12.6536497,-11.2519643
1.4318750,0.0178593,-0.0260692,-12.6111546,-11.2094692
1.4325000,0.0178865,-0.0259442,-12.5686594,-11.1669740
1.4331250,0.0179142,-0.0258205,-12.5283427,-11.1266573
1.4337500,0.0179418,-0.0256968,-12.4880259,-11.0863405
1.4343750,0.0179698,-0.0255745,-12.4496760,-11.0479906
1.4350000,0.0179978,-0.0254522,-12.4113260,-11.0096406
1.4356250,0.0180262,-0.0253313,-12.3747047,-10.9730193
1.4362500,0.0180546,-0.0252103,-12.3380833,-10.9363979
1.4368750,0.0180834,-0.0250907,-12.3029276,-10.9012422
1.4375000,0.0181121,-0.0249712,-12.2677720,-10.8660866
1.4381250,0.0181412,-0.0248530,-12.2337964,-10.8321110
1.4387500,0.0181703,-0.0247349,-12.1998209,-10.7981355
1.4393750,0.0181997,-0.0246180,-12.1667194,-10.7650340
1.4400000,0.0182291,-0.0245012,-12.1336180,-10.7319326
1.4406250,0.0182588,-0.0243857,-12.1010665,-10.6993811
1.4412500,0.0182884,-0.0242702,-12.0685151,-10.6668297
1.4418750,0.0183184,-0.0241560,-12.0361740,-10.6344886
1.4425000,0.0183484,-0.0240418,-12.0038329,-10.6021475
1.4431250,0.0183787,-0.0239287,-11.9713496,-10.5696642
1.4437500,0.0184089,-0.0238157,-11.9388663,-10.5371809
1.4443750,0.0184395,-0.0237038,-11.9058780,-10.5041926
1.4450000,0.0184701,-0.0235919,-11.8728897,-10.4712043
1.4456250,0.0185010,-0.0234811,-11.8390262,-10.4373408
1.4462500,0.0185318,-0.0233702,-11.8051627,-10.4034773
1.4468750,0.0185630,-0.0232602,-11.7700491,-10.3683637
1.4475000,0.0185942,-0.0231503,-11.7349355,-10.3332501
1.4481250,0.0186258,-0.0230411,-11.6981951,-10.2965097
1.4487500,0.0186573,-0.0229320,-11.6614548,-10.2597694
1.4493750,0.0186893,-0.0228235,-11.6227122,-10.2210268
1.4500000,0.0187212,-0.0227151,-11.5839696,-10.1822842
1.4506250,0.0187536,-0.0226072,-11.5428532,-10.1411678
1.4512500,0.0187859,-0.0224993,-11.5017368,-10.1000514
1.4518750,0.0188187,-0.0223918,-11.4578818,-10.0561964
1.4525000,0.0188514,-0.0222844,-11.4140269,-10.0123415
1.4531250,0.0188846,-0.0221773,-11.3670782,-9.9653928
1.4537500,0.0189178,-0.0220702,-11.3201294,-9.9184440
1.4543750,0.0189515,-0.0219633,-11.2697440,-9.8680586
1.4550000,0.0189852,-0.0218564,-11.2193586,-9.8176732
1.4556250,0.0190195,-0.0217497,-11.1652085,-9.7635231
1.4562500,0.0190537,-0.0216429,-11.1110583,-9.7093729
1.4568750,0.0190884,-0.0215363,-11.0528328,-9.6511474
1.4575000,0.0191232,-0.0214297,-10.9946073,-9.5929219
1.4581250,0.0191586,-0.0213231,-10.9320156,-9.5303302
1.4587500,0.0191939,-0.0212165,-10.8694240,-9.4677386
1.4593750,0.0192298,-0.0211099,-10.8021973,-9.4005119
1.4600000,0.0192656,-0.0210034,-10.7349707,-9.3332853
1.4606250,0.0193021,-0.0208969,-10.6628644,-9.2611790
1.4612500,0.0193385,-0.0207905,-10.5907581,-9.1890727
1.4618750,0.0193755,-0.0206841,-10.5135534,-9.1118680
1.4625000,0.0194124,-0.0205778,-10.4363488,-9.0346634
1.4631250,0.0194499,-0.0204717,-10.3538548,-8.9521694
1.4637500,0.0194873,-0.0203656,-10.2713609,-8.8696755
1.4643750,0.0195252,-0.0202598,-10.1834161,-8.7817307
1.4650000,0.0195631,-0.0201540,-10.0954713,-8.6937859
1.4656250,0.0196014,-0.0200488,-10.0019446,-8.6002592
1.4662500,0.0196397,-0.0199435,-9.9084179,-8.5067325
1.4668750,0.0196783,-0.0198390,-9.8092100,-8.4075246
1.4675000,0.0197169,-0.0197344,-9.7100020,-8.3083166
1.4681250,0.0197557,-0.0196308,-9.6050461,-8.2033607
1.4687500,0.0197945,-0.0195272,-9.5000903,-8.0984049
1.4693750,0.0198334,-0.0194248,-9.3893530,-7.9876676
1.4700000,0.0198723,-0.0193224,-9.2786158,-7.8769304
1.4706250,0.0199112,-0.0192215,-9.1620974,-7.7604120
1.4712500,0.0199501,-0.0191206,-9.0455790,-7.6438936
1.4718750,0.0199889,-0.0190214,-8.9233135,-7.5216281
1.4725000,0.0200276,-0.0189222,-8.8010480,-7.3993626
1.4731250,0.0200661,-0.0188251,-8.6731033,-7.2714179
1.4737500,0.0201045,-0.0187281,-8.5451587,-7.1434733
1.4743750,0.0201425,-0.0186334,-8.4116362,-7.0099508
1.4750000,0.0201804,-0.0185387,-8.2781137,-6.8764283
1.4756250,0.0202178,-0.0184468,-8.1391479,-6.7374625
1.4762500,0.0202551,-0.0183548,-8.0001821,-6.5984967
1.4768750,0.0202917,-0.0182659,-7.8559397,-6.4542543
1.4775000,0.0203282,-0.0181769,-7.7116972,-6.3100118
1.4781250,0.0203638,-0.0180913,-7.5623760,-6.1606906
1.4787500,0.0203993,-0.0180057,-7.4130549,-6.0113695
1.4793750,0.0204338,-0.0179237,-7.2588832,-5.8571978
1.4800000,0.0204682,-0.0178418,-7.1047116,-5.7030262
1.4806250,0.0205014,-0.0177637,-6.9459463,-5.5442609
1.4812500,0.0205345,-0.0176856,-6.7871810,-5.3854956
1.4818750,0.0205662,-0.0176116,-6.6241060,-5.2224206
1.4825000,0.0205979,-0.0175377,-6.4610310,-5.0593456
1.4831250,0.0206281,-0.0174681,-6.2939557,-4.8922703
1.4837500,0.0206582,-0.0173985,-6.1268804,-4.7251950
1.4843750,0.0206866,-0.0173335,-5.9561377,-4.5544524
1.4850000,0.0207150,-0.0172684,-5.7853951,-4.3837097
1.4856250,0.0207416,-0.0172080,-5.6113393,-4.2096539
1.4862500,0.0207681,-0.0171476,-5.4372834,-4.0355980
1.4868750,0.0207928,-0.0170920,-5.2602878,-3.8586024
1.4875000,0.0208175,-0.0170363,-5.0832921,-3.6816067
1.4881250,0.0208402,-0.0169855,-4.9037468,-3.5020614
1.4887500,0.0208628,-0.0169347,-4.7242015,-3.3225161
1.4893750,0.0208834,-0.0168888,-4.5425110,-3.1408256
1.4900000,0.0209040,-0.0168429,-4.3608205,-2.9591351
1.4906250,0.0209226,-0.0168018,-4.1774010,-2.7757156
1.4912500,0.0209411,-0.0167608,-3.9939816,-2.5922962
1.4918750,0.0209575,-0.0167246,-3.8092585,-2.4075731
1.4925000,0.0209739,-0.0166884,-3.6245354,-2.2228500
1.4931250,0.0209883,-0.0166570,-3.4389405,-2.0372551
1.4937500,0.0210026,-0.0166255,-3.2533456,-1.8516602
1.4943750,0.0210148,-0.0165988,-3.0673144,-1.6656290
1.4950000,0.0210270,-0.0165720,-2.8812832,-1.4795978
1.4956250,0.0210372,-0.0165498,-2.6952523,-1.2935669
1.4962500,0.0210474,-0.0165275,-2.5092214,-1.1075360
1.4968750,0.0210556,-0.0165097,-2.3236256,-0.9219402
1.4975000,0.0210638,-0.0164919,-2.1380297,-0.7363443
1.4981250,0.0210701,-0.0164783,-1.9532993,-0.5516139
1.4987500,0.0210763,-0.0164647,-1.7685689,-0.3668835
1.4993750,0.0210807,-0.0164552,-1.5851271,-0.1834417
1.5000000,0.0210851,-0.0164457,-1.4016854,0.0000000
1.5006250,0.0210877,-0.0164401,-1.2199459,0.1817395
1.5012500,0.0210903,-0.0164345,-1.0382064,0.3634790
1.5018750,0.0210912,-0.0164327,-0.8585704,0.5431150
1.5025000,0.0210920,-0.0164308,-0.6789344,0.7227510
1.5031250,0.0210913,-0.0164325,-0.5017884,0.8998970
1.5037500,0.0210905,-0.0164341,-0.3246424,1.0770430
1.5043750,0.0210882,-0.0164391,-0.1503559,1.2513295
1.5050000,0.0210858,-0.0164441,0.0239306,1.4256160
1.5056250,0.0210820,-0.0164523,0.1950073,1.5966927
1.5062500,0.0210782,-0.0164606,0.3660840,1.7677694
1.5068750,0.0210731,-0.0164718,0.5336220,1.9353074
1.5075000,0.0210679,-0.0164831,0.7011600,2.1028454
1.5081250,0.0210614,-0.0164972,0.8648536,2.2665390
1.5087500,0.0210548,-0.0165114,1.0285472,2.4302326
1.5093750,0.0210471,-0.0165283,1.1881159,2.5898013
1.5100000,0.0210393,-0.0165452,1.3476845,2.7493699
1.5106250,0.0210304,-0.0165648,1.5028741,2.9045595
1.5112500,0.0210214,-0.0165843,1.6580637,3.0597491
1.5118750,0.0210113,-0.0166064,1.8086482,3.2103336
1.5125000,0.0210012,-0.0166285,1.9592326,3.3609180
1.5131250,0.0209900,-0.0166531,2.1050152,3.5067006
1.5137500,0.0209788,-0.0166776,2.2507977,3.6524831
1.5143750,0.0209666,-0.0167046,2.3916117,3.7932971
1.5150000,0.0209544,-0.0167315,2.5324256,3.9341110
1.5156250,0.0209412,-0.0167607,2.6681353,4.0698207
1.5162500,0.0209279,-0.0167899,2.8038450,4.2055304
1.5168750,0.0209137,-0.0168214,2.9343465,4.3360319
1.5175000,0.0208995,-0.0168529,3.0648480,4.4665334
1.5181250,0.0208844,-0.0168865,3.1900692,4.5917546
1.5187500,0.0208693,-0.0169202,3.3152904,4.7169758
1.5193750,0.0208533,-0.0169560,3.4351915,4.8368769
1.5200000,0.0208373,-0.0169918,3.5550925,4.9567779
1.5206250,0.0208204,-0.0170297,3.6696657,5.0713511
1.5212500,0.0208035,-0.0170676,3.7842388,5.1859242
1.5218750,0.0207859,-0.0171076,3.8935080,5.2951934
1.5225000,0.0207682,-0.0171475,4.0027772,5.4044626
1.5231250,0.0207497,-0.0171895,4.1067980,5.5084834
1.5237500,0.0207312,-0.0172314,4.2108188,5.6125042
1.5243750,0.0207120,-0.0172753,4.3096774,5.7113628
1.5250000,0.0206928,-0.0173191,4.4085359,5.8102213
1.5256250,0.0206729,-0.0173648,4.5023482,5.9040336
1.5262500,0.0206530,-0.0174105,4.5961605,5.9978459
1.5268750,0.0206325,-0.0174579,4.6850714,6.0867568
1.5275000,0.0206119,-0.0175054,4.7739823,6.1756677
1.5281250,0.0205907,-0.0175546,4.8581641,6.2598495
1.5287500,0.0205695,-0.0176038,4.9423459,6.3440313
1.5293750,0.0205478,-0.0176545,5.0219972,6.4236826
1.5300000,0.0205261,-0.0177053,5.1016486,6.5033340
