t,Ex,Ez,tipx,tipz,psi_deg,phi_deg,power
0.000000,0.033918,-0.019899,0.100097,-0.083807,136.000000,105.000000,1.000000
0.001563,0.033918,-0.019898,0.100096,-0.083808,135.999075,105.000000,1.000000
0.003125,0.033917,-0.019897,0.100092,-0.083810,135.996299,105.000000,1.000000
0.004688,0.033915,-0.019894,0.100085,-0.083813,135.991673,105.000000,1.000000
0.006250,0.033912,-0.019891,0.100075,-0.083817,135.985197,105.000000,1.000000
0.007812,0.033908,-0.019887,0.100062,-0.083822,135.976871,105.000000,1.000000
0.009375,0.033904,-0.019882,0.100046,-0.083829,135.966696,105.000000,1.000000
0.010938,0.033899,-0.019875,0.100028,-0.083836,135.954673,105.000000,1.000000
0.012500,0.033893,-0.019868,0.100007,-0.083845,135.940802,105.000000,1.000000
0.014063,0.033887,-0.019860,0.099983,-0.083855,135.925084,105.000000,1.000000
0.015625,0.033880,-0.019851,0.099956,-0.083866,135.907520,105.000000,1.000000
0.017188,0.033872,-0.019841,0.099926,-0.083879,135.888111,105.000000,1.000000
0.018750,0.033863,-0.019830,0.099893,-0.083892,135.866859,105.000000,1.000000
0.020313,0.033853,-0.019818,0.099858,-0.083907,135.843764,105.000000,1.000000
0.021875,0.033843,-0.019805,0.099820,-0.083923,135.818829,105.000000,1.000000
0.023438,0.033832,-0.019792,0.099778,-0.083940,135.792054,105.000000,1.000000
0.025000,0.033820,-0.019777,0.099735,-0.083958,135.763441,105.000000,1.000000
0.026563,0.033807,-0.019761,0.099688,-0.083977,135.732992,105.000000,1.000000
0.028125,0.033794,-0.019744,0.099638,-0.083998,135.700710,105.000000,1.000000
0.029688,0.033780,-0.019727,0.099586,-0.084019,135.666595,105.000000,1.000000
0.031250,0.033765,-0.019708,0.099531,-0.084042,135.630650,105.000000,1.000000
0.032813,0.033749,-0.019689,0.099473,-0.084066,135.592878,105.000000,1.000000
0.034375,0.033733,-0.019668,0.099412,-0.084091,135.553280,105.000000,1.000000
0.035938,0.033716,-0.019647,0.099348,-0.084117,135.511859,105.000000,1.000000
0.037500,0.033698,-0.019624,0.099281,-0.084144,135.468618,105.000000,1.000000
0.039062,0.033679,-0.019601,0.099212,-0.084172,135.423558,105.000000,1.000000
0.040625,0.033660,-0.019577,0.099140,-0.084201,135.376684,105.000000,1.000000
0.042188,0.033640,-0.019551,0.099065,-0.084232,135.327998,105.000000,1.000000
0.043750,0.033619,-0.019525,0.098987,-0.084263,135.277503,105.000000,1.000000
0.045313,0.033598,-0.019498,0.098907,-0.084295,135.225202,105.000000,1.000000
0.046875,0.033575,-0.019470,0.098823,-0.084329,135.171098,105.000000,1.000000
0.048438,0.033553,-0.019441,0.098737,-0.084363,135.115194,105.000000,1.000000
0.050000,0.033529,-0.019411,0.098648,-0.084399,135.057495,105.000000,1.000000
0.051563,0.033505,-0.019379,0.098556,-0.084436,134.998003,105.000000,1.000000
0.053125,0.033480,-0.019347,0.098462,-0.084473,134.936723,105.000000,1.000000
0.054688,0.033454,-0.019315,0.098364,-0.084512,134.873657,105.000000,1.000000
0.056250,0.033428,-0.019281,0.098264,-0.084551,134.808811,105.000000,1.000000
0.057813,0.033401,-0.019246,0.098161,-0.084592,134.742187,105.000000,1.000000
0.059375,0.033373,-0.019210,0.098055,-0.084633,134.673790,105.000000,1.000000
0.060938,0.033344,-0.019173,0.097947,-0.084675,134.603625,105.000000,1.000000
0.062500,0.033315,-0.019135,0.097835,-0.084719,134.531695,105.000000,1.000000
0.064063,0.033286,-0.019097,0.097721,-0.084763,134.458006,105.000000,1.000000
0.065625,0.033255,-0.019057,0.097604,-0.084808,134.382561,105.000000,1.000000
0.067187,0.033224,-0.019016,0.097485,-0.084854,134.305365,105.000000,1.000000
0.068750,0.033193,-0.018975,0.097362,-0.084901,134.226423,105.000000,1.000000
0.070312,0.033160,-0.018932,0.097237,-0.084949,134.145740,105.000000,1.000000
0.071875,0.033127,-0.018889,0.097109,-0.084997,134.063321,105.000000,1.000000
0.073438,0.033094,-0.018844,0.096978,-0.085047,133.979171,105.000000,1.000000
0.075000,0.033060,-0.018799,0.096845,-0.085097,133.893295,105.000000,1.000000
0.076563,0.033025,-0.018752,0.096708,-0.085148,133.805698,105.000000,1.000000
0.078125,0.032989,-0.018705,0.096569,-0.085200,133.716386,105.000000,1.000000
0.079688,0.032953,-0.018657,0.096428,-0.085252,133.625364,105.000000,1.000000
0.081250,0.032917,-0.018607,0.096283,-0.085306,133.532639,105.000000,1.000000
0.082813,0.032879,-0.018557,0.096136,-0.085360,133.438215,105.000000,1.000000
0.084375,0.032842,-0.018506,0.095986,-0.085415,133.342098,105.000000,1.000000
0.085938,0.032803,-0.018454,0.095833,-0.085470,133.244295,105.000000,1.000000
0.087500,0.032764,-0.018400,0.095678,-0.085526,133.144812,105.000000,1.000000
0.089063,0.032725,-0.018346,0.095520,-0.085583,133.043654,105.000000,1.000000
0.090625,0.032685,-0.018291,0.095359,-0.085641,132.940827,105.000000,1.000000
0.092188,0.032644,-0.018235,0.095196,-0.085699,132.836339,105.000000,1.000000
0.093750,0.032603,-0.018178,0.095029,-0.085757,132.730196,105.000000,1.000000
0.095313,0.032561,-0.018120,0.094860,-0.085817,132.622403,105.000000,1.000000
0.096875,0.032519,-0.018061,0.094689,-0.085877,132.512969,105.000000,1.000000
0.098438,0.032476,-0.018001,0.094514,-0.085937,132.401899,105.000000,1.000000
0.100000,0.032433,-0.017941,0.094338,-0.085998,132.289200,105.000000,1.000000
0.101562,0.032389,-0.017879,0.094158,-0.086060,132.174880,105.000000,1.000000
0.103125,0.032345,-0.017816,0.093976,-0.086122,132.058945,105.000000,1.000000
0.104688,0.032301,-0.017752,0.093791,-0.086184,131.941403,105.000000,1.000000
0.106250,0.032255,-0.017687,0.093603,-0.086247,131.822261,105.000000,1.000000
0.107813,0.032210,-0.017622,0.093413,-0.086311,131.701526,105.000000,1.000000
0.109375,0.032164,-0.017555,0.093220,-0.086375,131.579205,105.000000,1.000000
0.110938,0.032117,-0.017488,0.093024,-0.086439,131.455306,105.000000,1.000000
0.112500,0.032070,-0.017419,0.092826,-0.086504,131.329838,105.000000,1.000000
0.114063,0.032023,-0.017349,0.092626,-0.086569,131.202807,105.000000,1.000000
0.115625,0.031975,-0.017279,0.092422,-0.086634,131.074221,105.000000,1.000000
0.117188,0.031927,-0.017208,0.092216,-0.086700,130.944088,105.000000,1.000000
0.118750,0.031878,-0.017135,0.092008,-0.086766,130.812417,105.000000,1.000000
0.120313,0.031829,-0.017062,0.091797,-0.086832,130.679216,105.000000,1.000000
0.121875,0.031780,-0.016988,0.091583,-0.086898,130.544492,105.000000,1.000000
0.123438,0.031730,-0.016912,0.091367,-0.086965,130.408253,105.000000,1.000000
0.125000,0.031680,-0.016836,0.091148,-0.087032,130.270510,105.000000,1.000000
0.126562,0.031629,-0.016759,0.090927,-0.087099,130.131269,105.000000,1.000000
0.128125,0.031578,-0.016681,0.090703,-0.087167,129.990540,105.000000,1.000000
0.129688,0.031527,-0.016602,0.090477,-0.087234,129.848331,105.000000,1.000000
0.131250,0.031475,-0.016522,0.090248,-0.087302,129.704650,105.000000,1.000000
0.132812,0.031423,-0.016441,0.090016,-0.087369,129.559508,105.000000,1.000000
0.134375,0.031371,-0.016359,0.089782,-0.087437,129.412912,105.000000,1.000000
0.135938,0.031319,-0.016276,0.089546,-0.087505,129.264872,105.000000,1.000000
0.137500,0.031266,-0.016192,0.089307,-0.087573,129.115397,105.000000,1.000000
0.139063,0.031213,-0.016108,0.089066,-0.087641,128.964496,105.000000,1.000000
0.140625,0.031160,-0.016022,0.088822,-0.087709,128.812179,105.000000,1.000000
0.142187,0.031106,-0.015935,0.088576,-0.087777,128.658454,105.000000,1.000000
0.143750,0.031052,-0.015848,0.088328,-0.087845,128.503332,105.000000,1.000000
0.145313,0.030998,-0.015760,0.088077,-0.087912,128.346822,105.000000,1.000000
0.146875,0.030944,-0.015670,0.087823,-0.087980,128.188933,105.000000,1.000000
0.148438,0.030889,-0.015580,0.087568,-0.088048,128.029675,105.000000,1.000000
0.150000,0.030834,-0.015489,0.087309,-0.088115,127.869059,105.000000,1.000000
0.151563,0.030779,-0.015397,0.087049,-0.088182,127.707093,105.000000,1.000000
0.153125,0.030724,-0.015303,0.086786,-0.088249,127.543789,105.000000,1.000000
0.154688,0.030669,-0.015209,0.086521,-0.088316,127.379156,105.000000,1.000000
0.156250,0.030613,-0.015115,0.086253,-0.088383,127.213203,105.000000,1.000000
0.157813,0.030558,-0.015019,0.085984,-0.088449,127.045943,105.000000,1.000000
0.159375,0.030502,-0.014922,0.085712,-0.088515,126.877384,105.000000,1.000000
0.160938,0.030446,-0.014825,0.085437,-0.088581,126.707537,105.000000,1.000000
0.162500,0.030390,-0.014726,0.085161,-0.088646,126.536413,105.000000,1.000000
0.164062,0.030334,-0.014627,0.084882,-0.088711,126.364022,105.000000,1.000000
0.165625,0.030277,-0.014526,0.084601,-0.088776,126.190375,105.000000,1.000000
0.167188,0.030221,-0.014425,0.084317,-0.088840,126.015483,105.000000,1.000000
0.168750,0.030165,-0.014323,0.084032,-0.088904,125.839356,105.000000,1.000000
0.170313,0.030108,-0.014220,0.083744,-0.088967,125.662005,105.000000,1.000000
0.171875,0.030051,-0.014116,0.083454,-0.089030,125.483441,105.000000,1.000000
0.173438,0.029995,-0.014012,0.083162,-0.089093,125.303676,105.000000,1.000000
0.175000,0.029938,-0.013906,0.082868,-0.089155,125.122720,105.000000,1.000000
0.176563,0.029881,-0.013799,0.082572,-0.089216,124.940584,105.000000,1.000000
0.178125,0.029824,-0.013692,0.082274,-0.089277,124.757280,105.000000,1.000000
0.179688,0.029768,-0.013584,0.081973,-0.089337,124.572818,105.000000,1.000000
0.181250,0.029711,-0.013475,0.081671,-0.089397,124.387212,105.000000,1.000000
0.182813,0.029654,-0.013365,0.081366,-0.089456,124.200471,105.000000,1.000000
0.184375,0.029597,-0.013254,0.081060,-0.089514,124.012607,105.000000,1.000000
0.185938,0.029541,-0.013143,0.080751,-0.089572,123.823632,105.000000,1.000000
0.187500,0.029484,-0.013030,0.080441,-0.089629,123.633558,105.000000,1.000000
0.189063,0.029427,-0.012917,0.080128,-0.089686,123.442396,105.000000,1.000000
0.190625,0.029371,-0.012803,0.079814,-0.089741,123.250158,105.000000,1.000000
0.192188,0.029314,-0.012688,0.079498,-0.089796,123.056856,105.000000,1.000000
0.193750,0.029258,-0.012572,0.079179,-0.089850,122.862501,105.000000,1.000000
0.195312,0.029202,-0.012456,0.078859,-0.089903,122.667107,105.000000,1.000000
0.196875,0.029145,-0.012338,0.078537,-0.089956,122.470685,105.000000,1.000000
0.198438,0.029089,-0.012220,0.078213,-0.090007,122.273246,105.000000,1.000000
0.200000,0.029033,-0.012101,0.077888,-0.090058,122.074804,105.000000,1.000000
0.201563,0.028977,-0.011982,0.077560,-0.090108,121.875370,105.000000,1.000000
0.203125,0.028922,-0.011861,0.077231,-0.090157,121.674957,105.000000,1.000000
0.204688,0.028866,-0.011740,0.076900,-0.090205,121.473577,105.000000,1.000000
0.206250,0.028811,-0.011618,0.076567,-0.090252,121.271242,105.000000,1.000000
0.207813,0.028756,-0.011495,0.076233,-0.090298,121.067966,105.000000,1.000000
0.209375,0.028701,-0.011371,0.075896,-0.090343,120.863760,105.000000,1.000000
0.210938,0.028646,-0.011247,0.075559,-0.090387,120.658637,105.000000,1.000000
0.212500,0.028591,-0.011122,0.075219,-0.090431,120.452610,105.000000,1.000000
0.214063,0.028537,-0.010996,0.074878,-0.090473,120.245692,105.000000,1.000000
0.215625,0.028483,-0.010870,0.074535,-0.090514,120.037894,105.000000,1.000000
0.217188,0.028429,-0.010742,0.074191,-0.090554,119.829231,105.000000,1.000000
0.218750,0.028375,-0.010614,0.073845,-0.090592,119.619715,105.000000,1.000000
0.220313,0.028322,-0.010486,0.073498,-0.090630,119.409359,105.000000,1.000000
0.221875,0.028268,-0.010356,0.073149,-0.090667,119.198175,105.000000,1.000000
0.223438,0.028216,-0.010226,0.072799,-0.090702,118.986177,105.000000,1.000000
0.225000,0.028163,-0.010096,0.072447,-0.090736,118.773379,105.000000,1.000000
0.226562,0.028111,-0.009964,0.072094,-0.090769,118.559792,105.000000,1.000000
0.228125,0.028059,-0.009832,0.071739,-0.090801,118.345431,105.000000,1.000000
0.229688,0.028007,-0.009699,0.071383,-0.090832,118.130308,105.000000,1.000000
0.231250,0.027956,-0.009566,0.071026,-0.090861,117.914437,105.000000,1.000000
0.232813,0.027905,-0.009432,0.070667,-0.090889,117.697831,105.000000,1.000000
0.234375,0.027854,-0.009297,0.070307,-0.090916,117.480503,105.000000,1.000000
0.235938,0.027804,-0.009161,0.069946,-0.090942,117.262467,105.000000,1.000000
0.237500,0.027754,-0.009026,0.069583,-0.090966,117.043737,105.000000,1.000000
0.239063,0.027704,-0.008889,0.069220,-0.090989,116.824325,105.000000,1.000000
0.240625,0.027655,-0.008752,0.068855,-0.091011,116.604245,105.000000,1.000000
0.242188,0.027606,-0.008614,0.068489,-0.091031,116.383512,105.000000,1.000000
0.243750,0.027557,-0.008476,0.068121,-0.091050,116.162138,105.000000,1.000000
0.245313,0.027509,-0.008337,0.067753,-0.091068,115.940137,105.000000,1.000000
0.246875,0.027462,-0.008197,0.067384,-0.091084,115.717523,105.000000,1.000000
0.248438,0.027414,-0.008057,0.067013,-0.091099,115.494309,105.000000,1.000000
0.250000,0.027368,-0.007916,0.066642,-0.091112,115.270510,105.000000,1.000000
0.251563,0.027321,-0.007775,0.066269,-0.091124,115.046139,105.000000,1.000000
0.253125,0.027275,-0.007633,0.065896,-0.091135,114.821210,105.000000,1.000000
0.254688,0.027230,-0.007491,0.065521,-0.091144,114.595737,105.000000,1.000000
0.256250,0.027185,-0.007348,0.065146,-0.091151,114.369733,105.000000,1.000000
0.257812,0.027140,-0.007205,0.064770,-0.091157,114.143213,105.000000,1.000000
0.259375,0.027096,-0.007061,0.064393,-0.091162,113.916191,105.000000,1.000000
0.260937,0.027052,-0.006917,0.064015,-0.091165,113.688681,105.000000,1.000000
0.262500,0.027009,-0.006772,0.063636,-0.091167,113.460697,105.000000,1.000000
0.264063,0.026967,-0.006627,0.063257,-0.091167,113.232252,105.000000,1.000000
0.265625,0.026924,-0.006482,0.062877,-0.091166,113.003361,105.000000,1.000000
0.267188,0.026883,-0.006335,0.062496,-0.091163,112.774038,105.000000,1.000000
0.268750,0.026842,-0.006189,0.062114,-0.091159,112.544297,105.000000,1.000000
0.270313,0.026801,-0.006042,0.061732,-0.091153,112.314153,105.000000,1.000000
0.271875,0.026761,-0.005895,0.061349,-0.091145,112.083619,105.000000,1.000000
0.273438,0.026721,-0.005747,0.060966,-0.091136,111.852710,105.000000,1.000000
0.275000,0.026682,-0.005599,0.060582,-0.091126,111.621439,105.000000,1.000000
0.276562,0.026644,-0.005450,0.060197,-0.091113,111.389822,105.000000,1.000000
0.278125,0.026606,-0.005301,0.059812,-0.091100,111.157873,105.000000,1.000000
0.279688,0.026568,-0.005152,0.059427,-0.091084,110.925605,105.000000,1.000000
0.281250,0.026532,-0.005003,0.059041,-0.091067,110.693034,105.000000,1.000000
0.282813,0.026495,-0.004853,0.058654,-0.091049,110.460173,105.000000,1.000000
0.284375,0.026460,-0.004702,0.058268,-0.091029,110.227037,105.000000,1.000000
0.285938,0.026424,-0.004552,0.057881,-0.091007,109.993640,105.000000,1.000000
0.287500,0.026390,-0.004401,0.057493,-0.090984,109.759997,105.000000,1.000000
0.289062,0.026356,-0.004250,0.057106,-0.090959,109.526122,105.000000,1.000000
0.290625,0.026322,-0.004098,0.056718,-0.090932,109.292029,105.000000,1.000000
0.292187,0.026290,-0.003947,0.056330,-0.090904,109.057734,105.000000,1.000000
0.293750,0.026257,-0.003795,0.055941,-0.090875,108.823249,105.000000,1.000000
0.295313,0.026226,-0.003643,0.055553,-0.090843,108.588591,105.000000,1.000000
0.296875,0.026195,-0.003490,0.055164,-0.090810,108.353773,105.000000,1.000000
0.298438,0.026164,-0.003338,0.054775,-0.090776,108.118810,105.000000,1.000000
0.300000,0.026135,-0.003185,0.054387,-0.090739,107.883716,105.000000,1.000000
0.301563,0.026105,-0.003032,0.053998,-0.090702,107.648505,105.000000,1.000000
0.303125,0.026077,-0.002879,0.053609,-0.090662,107.413194,105.000000,1.000000
0.304688,0.026049,-0.002725,0.053220,-0.090621,107.177794,105.000000,1.000000
0.306250,0.026022,-0.002572,0.052831,-0.090579,106.942323,105.000000,1.000000
0.307813,0.025995,-0.002418,0.052443,-0.090534,106.706793,105.000000,1.000000
0.309375,0.025969,-0.002264,0.052054,-0.090489,106.471220,105.000000,1.000000
0.310938,0.025943,-0.002110,0.051666,-0.090441,106.235617,105.000000,1.000000
0.312500,0.025919,-0.001956,0.051277,-0.090392,106.000000,105.000000,1.000000
0.314063,0.025894,-0.001802,0.050889,-0.090341,105.764383,105.000000,1.000000
0.315625,0.025871,-0.001647,0.050501,-0.090289,105.528780,105.000000,1.000000
0.317188,0.025848,-0.001493,0.050114,-0.090235,105.293207,105.000000,1.000000
0.318750,0.025826,-0.001339,0.049727,-0.090180,105.057677,105.000000,1.000000
0.320312,0.025804,-0.001184,0.049340,-0.090123,104.822206,105.000000,1.000000
0.321875,0.025783,-0.001030,0.048953,-0.090064,104.586806,105.000000,1.000000
0.323438,0.025763,-0.000875,0.048567,-0.090004,104.351495,105.000000,1.000000
0.325000,0.025743,-0.000721,0.048181,-0.089943,104.116284,105.000000,1.000000
0.326563,0.025724,-0.000566,0.047796,-0.089879,103.881190,105.000000,1.000000
0.328125,0.025706,-0.000412,0.047411,-0.089814,103.646227,105.000000,1.000000
0.329688,0.025688,-0.000257,0.047026,-0.089748,103.411409,105.000000,1.000000
0.331250,0.025671,-0.000103,0.046643,-0.089680,103.176751,105.000000,1.000000
0.332813,0.025654,0.000052,0.046259,-0.089611,102.942266,105.000000,1.000000
0.334375,0.025638,0.000206,0.045877,-0.089540,102.707971,105.000000,1.000000
0.335938,0.025623,0.000361,0.045495,-0.089468,102.473878,105.000000,1.000000
0.337500,0.025609,0.000515,0.045113,-0.089394,102.240003,105.000000,1.000000
0.339063,0.025595,0.000669,0.044733,-0.089319,102.006360,105.000000,1.000000
0.340625,0.025582,0.000823,0.044353,-0.089242,101.772963,105.000000,1.000000
0.342188,0.025569,0.000977,0.043973,-0.089163,101.539827,105.000000,1.000000
0.343750,0.025557,0.001131,0.043595,-0.089084,101.306966,105.000000,1.000000
0.345313,0.025546,0.001284,0.043217,-0.089003,101.074395,105.000000,1.000000
0.346875,0.025535,0.001438,0.042840,-0.088920,100.842127,105.000000,1.000000
0.348438,0.025525,0.001591,0.042464,-0.088836,100.610178,105.000000,1.000000
0.350000,0.025515,0.001744,0.042089,-0.088751,100.378561,105.000000,1.000000
0.351562,0.025507,0.001897,0.041715,-0.088664,100.147290,105.000000,1.000000
0.353125,0.025498,0.002050,0.041342,-0.088576,99.916381,105.000000,1.000000
0.354688,0.025491,0.002202,0.040970,-0.088486,99.685847,105.000000,1.000000
0.356250,0.025484,0.002355,0.040598,-0.088395,99.455703,105.000000,1.000000
0.357813,0.025478,0.002507,0.040228,-0.088303,99.225962,105.000000,1.000000
0.359375,0.025472,0.002659,0.039859,-0.088210,98.996639,105.000000,1.000000
0.360938,0.025467,0.002810,0.039491,-0.088115,98.767748,105.000000,1.000000
0.362500,0.025463,0.002961,0.039123,-0.088019,98.539303,105.000000,1.000000
0.364063,0.025459,0.003112,0.038757,-0.087921,98.311319,105.000000,1.000000
0.365625,0.025456,0.003263,0.038393,-0.087823,98.083809,105.000000,1.000000
0.367188,0.025453,0.003413,0.038029,-0.087723,97.856787,105.000000,1.000000
0.368750,0.025451,0.003563,0.037667,-0.087622,97.630267,105.000000,1.000000
0.370313,0.025449,0.003713,0.037305,-0.087520,97.404263,105.000000,1.000000
0.371875,0.025449,0.003862,0.036945,-0.087416,97.178790,105.000000,1.000000
0.373438,0.025448,0.004011,0.036587,-0.087312,96.953861,105.000000,1.000000
0.375000,0.025449,0.004160,0.036229,-0.087206,96.729490,105.000000,1.000000
0.376563,0.025450,0.004308,0.035873,-0.087099,96.505691,105.000000,1.000000
0.378125,0.025451,0.004456,0.035519,-0.086991,96.282477,105.000000,1.000000
0.379688,0.025453,0.004603,0.035165,-0.086882,96.059863,105.000000,1.000000
0.381250,0.025456,0.004751,0.034813,-0.086772,95.837862,105.000000,1.000000
0.382812,0.025459,0.004897,0.034463,-0.086661,95.616488,105.000000,1.000000
0.384375,0.025463,0.005043,0.034114,-0.086549,95.395755,105.000000,1.000000
0.385938,0.025467,0.005189,0.033766,-0.086436,95.175675,105.000000,1.000000
0.387500,0.025472,0.005334,0.033420,-0.086322,94.956263,105.000000,1.000000
0.389063,0.025477,0.005479,0.033076,-0.086207,94.737533,105.000000,1.000000
0.390625,0.025483,0.005623,0.032733,-0.086091,94.519497,105.000000,1.000000
0.392188,0.025490,0.005767,0.032391,-0.085974,94.302169,105.000000,1.000000
0.393750,0.025496,0.005910,0.032051,-0.085856,94.085563,105.000000,1.000000
0.395313,0.025504,0.006053,0.031713,-0.085737,93.869692,105.000000,1.000000
0.396875,0.025512,0.006195,0.031376,-0.085617,93.654569,105.000000,1.000000
0.398438,0.025520,0.006337,0.031041,-0.085497,93.440208,105.000000,1.000000
0.400000,0.025529,0.006478,0.030708,-0.085376,93.226621,105.000000,1.000000
0.401563,0.025539,0.006619,0.030376,-0.085254,93.013823,105.000000,1.000000
0.403125,0.025549,0.006759,0.030046,-0.085131,92.801825,105.000000,1.000000
0.404688,0.025559,0.006899,0.029718,-0.085007,92.590641,105.000000,1.000000
0.406250,0.025570,0.007038,0.029391,-0.084883,92.380285,105.000000,1.000000
0.407813,0.025581,0.007176,0.029066,-0.084758,92.170769,105.000000,1.000000
0.409375,0.025593,0.007314,0.028743,-0.084633,91.962106,105.000000,1.000000
0.410938,0.025606,0.007451,0.028422,-0.084506,91.754308,105.000000,1.000000
0.412500,0.025618,0.007587,0.028103,-0.084379,91.547390,105.000000,1.000000
0.414062,0.025631,0.007723,0.027785,-0.084252,91.341363,105.000000,1.000000
0.415625,0.025645,0.007858,0.027469,-0.084124,91.136240,105.000000,1.000000
0.417188,0.025659,0.007993,0.027155,-0.083995,90.932034,105.000000,1.000000
0.418750,0.025673,0.008127,0.026843,-0.083866,90.728758,105.000000,1.000000
0.420313,0.025688,0.008260,0.026533,-0.083736,90.526423,105.000000,1.000000
0.421875,0.025703,0.008392,0.026225,-0.083606,90.325043,105.000000,1.000000
0.423438,0.025719,0.008524,0.025919,-0.083476,90.124630,105.000000,1.000000
0.425000,0.025735,0.008655,0.025615,-0.083345,89.925196,105.000000,1.000000
0.426563,0.025751,0.008786,0.025313,-0.083213,89.726754,105.000000,1.000000
0.428125,0.025768,0.008915,0.025012,-0.083082,89.529315,105.000000,1.000000
0.429688,0.025785,0.009044,0.024714,-0.082949,89.332893,105.000000,1.000000
0.431250,0.025802,0.009173,0.024418,-0.082817,89.137499,105.000000,1.000000
0.432813,0.025820,0.009300,0.024123,-0.082684,88.943144,105.000000,1.000000
0.434375,0.025838,0.009427,0.023831,-0.082551,88.749842,105.000000,1.000000
0.435938,0.025857,0.009553,0.023541,-0.082418,88.557604,105.000000,1.000000
0.437500,0.025876,0.009678,0.023253,-0.082285,88.366442,105.000000,1.000000
0.439063,0.025895,0.009803,0.022967,-0.082151,88.176368,105.000000,1.000000
0.440625,0.025914,0.009926,0.022683,-0.082017,87.987393,105.000000,1.000000
0.442188,0.025934,0.010049,0.022401,-0.081883,87.799529,105.000000,1.000000
0.443750,0.025953,0.010171,0.022121,-0.081749,87.612788,105.000000,1.000000
0.445312,0.025974,0.010292,0.021844,-0.081615,87.427182,105.000000,1.000000
0.446875,0.025994,0.010413,0.021568,-0.081481,87.242720,105.000000,1.000000
0.448438,0.026015,0.010533,0.021295,-0.081346,87.059416,105.000000,1.000000
0.450000,0.026036,0.010651,0.021024,-0.081212,86.877280,105.000000,1.000000
0.451563,0.026057,0.010769,0.020755,-0.081078,86.696324,105.000000,1.000000
0.453125,0.026078,0.010886,0.020488,-0.080944,86.516559,105.000000,1.000000
0.454688,0.026100,0.011003,0.020224,-0.080809,86.337995,105.000000,1.000000
0.456250,0.026122,0.011118,0.019962,-0.080675,86.160644,105.000000,1.000000
0.457813,0.026144,0.011233,0.019702,-0.080541,85.984517,105.000000,1.000000
0.459375,0.026166,0.011346,0.019444,-0.080408,85.809625,105.000000,1.000000
0.460938,0.026189,0.011459,0.019188,-0.080274,85.635978,105.000000,1.000000
0.462500,0.026211,0.011571,0.018935,-0.080141,85.463587,105.000000,1.000000
0.464063,0.026234,0.011682,0.018684,-0.080007,85.292463,105.000000,1.000000
0.465625,0.026257,0.011792,0.018435,-0.079875,85.122616,105.000000,1.000000
0.467188,0.026280,0.011902,0.018188,-0.079742,84.954057,105.000000,1.000000
0.468750,0.026303,0.012010,0.017944,-0.079610,84.786797,105.000000,1.000000
0.470313,0.026327,0.012117,0.017702,-0.079478,84.620844,105.000000,1.000000
0.471875,0.026350,0.012224,0.017462,-0.079346,84.456211,105.000000,1.000000
0.473438,0.026374,0.012329,0.017225,-0.079215,84.292907,105.000000,1.000000
0.475000,0.026397,0.012434,0.016990,-0.079084,84.130941,105.000000,1.000000
0.476562,0.026421,0.012538,0.016757,-0.078953,83.970325,105.000000,1.000000
0.478125,0.026445,0.012640,0.016527,-0.078823,83.811067,105.000000,1.000000
0.479688,0.026469,0.012742,0.016299,-0.078694,83.653178,105.000000,1.000000
0.481250,0.026493,0.012843,0.016073,-0.078565,83.496668,105.000000,1.000000
0.482813,0.026517,0.012943,0.015850,-0.078436,83.341546,105.000000,1.000000
0.484375,0.026541,0.013042,0.015629,-0.078309,83.187821,105.000000,1.000000
0.485938,0.026565,0.013140,0.015410,-0.078181,83.035504,105.000000,1.000000
0.487500,0.026590,0.013237,0.015194,-0.078055,82.884603,105.000000,1.000000
0.489063,0.026614,0.013333,0.014980,-0.077929,82.735128,105.000000,1.000000
0.490625,0.026638,0.013428,0.014768,-0.077803,82.587088,105.000000,1.000000
0.492188,0.026662,0.013522,0.014559,-0.077679,82.440492,105.000000,1.000000
0.493750,0.026686,0.013615,0.014352,-0.077555,82.295350,105.000000,1.000000
0.495313,0.026711,0.013707,0.014148,-0.077431,82.151669,105.000000,1.000000
0.496875,0.026735,0.013798,0.013946,-0.077309,82.009460,105.000000,1.000000
0.498438,0.026759,0.013888,0.013746,-0.077187,81.868731,105.000000,1.000000
0.500000,0.026783,0.013977,0.013549,-0.077066,81.729490,105.000000,1.000000
0.501563,0.026807,0.014065,0.013355,-0.076946,81.591747,105.000000,1.000000
0.503125,0.026831,0.014152,0.013162,-0.076827,81.455508,105.000000,1.000000
0.504688,0.026855,0.014238,0.012972,-0.076709,81.320784,105.000000,1.000000
0.506250,0.026879,0.014323,0.012785,-0.076591,81.187583,105.000000,1.000000
0.507812,0.026903,0.014407,0.012600,-0.076475,81.055912,105.000000,1.000000
0.509375,0.026927,0.014490,0.012417,-0.076359,80.925779,105.000000,1.000000
0.510938,0.026950,0.014571,0.012237,-0.076244,80.797193,105.000000,1.000000
0.512500,0.026974,0.014652,0.012059,-0.076131,80.670162,105.000000,1.000000
0.514062,0.026997,0.014732,0.011884,-0.076018,80.544694,105.000000,1.000000
0.515625,0.027021,0.014811,0.011711,-0.075906,80.420795,105.000000,1.000000
0.517188,0.027044,0.014888,0.011540,-0.075796,80.298474,105.000000,1.000000
0.518750,0.027067,0.014965,0.011372,-0.075686,80.177739,105.000000,1.000000
0.520313,0.027090,0.015040,0.011207,-0.075578,80.058597,105.000000,1.000000
0.521875,0.027112,0.015115,0.011044,-0.075471,79.941055,105.000000,1.000000
0.523438,0.027135,0.015188,0.010883,-0.075365,79.825120,105.000000,1.000000
0.525000,0.027157,0.015261,0.010725,-0.075260,79.710800,105.000000,1.000000
0.526563,0.027180,0.015332,0.010569,-0.075156,79.598101,105.000000,1.000000
0.528125,0.027202,0.015402,0.010416,-0.075054,79.487031,105.000000,1.000000
0.529687,0.027224,0.015471,0.010265,-0.074952,79.377597,105.000000,1.000000
0.531250,0.027245,0.015539,0.010116,-0.074852,79.269804,105.000000,1.000000
0.532813,0.027267,0.015606,0.009970,-0.074753,79.163661,105.000000,1.000000
0.534375,0.027288,0.015672,0.009827,-0.074656,79.059173,105.000000,1.000000
0.535938,0.027309,0.015737,0.009686,-0.074559,78.956346,105.000000,1.000000
0.537500,0.027330,0.015801,0.009547,-0.074464,78.855188,105.000000,1.000000
0.539062,0.027350,0.015863,0.009411,-0.074371,78.755705,105.000000,1.000000
0.540625,0.027370,0.015925,0.009277,-0.074279,78.657902,105.000000,1.000000
0.542188,0.027391,0.015985,0.009146,-0.074188,78.561785,105.000000,1.000000
0.543750,0.027410,0.016045,0.009017,-0.074098,78.467361,105.000000,1.000000
0.545312,0.027430,0.016103,0.008891,-0.074010,78.374636,105.000000,1.000000
0.546875,0.027449,0.016160,0.008767,-0.073923,78.283614,105.000000,1.000000
0.548438,0.027468,0.016216,0.008646,-0.073838,78.194302,105.000000,1.000000
0.550000,0.027487,0.016271,0.008527,-0.073754,78.106705,105.000000,1.000000
0.551563,0.027505,0.016325,0.008410,-0.073672,78.020829,105.000000,1.000000
0.553125,0.027523,0.016377,0.008296,-0.073591,77.936679,105.000000,1.000000
0.554688,0.027541,0.016429,0.008185,-0.073512,77.854260,105.000000,1.000000
0.556250,0.027559,0.016479,0.008075,-0.073434,77.773577,105.000000,1.000000
0.557813,0.027576,0.016529,0.007969,-0.073358,77.694635,105.000000,1.000000
0.559375,0.027593,0.016577,0.007865,-0.073283,77.617439,105.000000,1.000000
0.560937,0.027610,0.016624,0.007763,-0.073210,77.541994,105.000000,1.000000
0.562500,0.027626,0.016670,0.007664,-0.073138,77.468305,105.000000,1.000000
0.564063,0.027642,0.016715,0.007567,-0.073068,77.396375,105.000000,1.000000
0.565625,0.027657,0.016759,0.007473,-0.073000,77.326210,105.000000,1.000000
0.567188,0.027673,0.016802,0.007381,-0.072933,77.257813,105.000000,1.000000
0.568750,0.027687,0.016843,0.007291,-0.072868,77.191189,105.000000,1.000000
0.570312,0.027702,0.016883,0.007204,-0.072804,77.126343,105.000000,1.000000
0.571875,0.027716,0.016923,0.007120,-0.072742,77.063277,105.000000,1.000000
0.573438,0.027730,0.016961,0.007038,-0.072682,77.001997,105.000000,1.000000
0.575000,0.027744,0.016998,0.006958,-0.072623,76.942505,105.000000,1.000000
0.576562,0.027757,0.017034,0.006881,-0.072566,76.884806,105.000000,1.000000
0.578125,0.027769,0.017069,0.006806,-0.072511,76.828902,105.000000,1.000000
0.579688,0.027782,0.017102,0.006734,-0.072458,76.774798,105.000000,1.000000
0.581250,0.027794,0.017135,0.006664,-0.072406,76.722497,105.000000,1.000000
0.582813,0.027805,0.017166,0.006597,-0.072356,76.672002,105.000000,1.000000
0.584375,0.027817,0.017196,0.006532,-0.072308,76.623316,105.000000,1.000000
0.585938,0.027827,0.017225,0.006470,-0.072261,76.576442,105.000000,1.000000
0.587500,0.027838,0.017253,0.006410,-0.072216,76.531382,105.000000,1.000000
0.589063,0.027848,0.017280,0.006352,-0.072173,76.488141,105.000000,1.000000
0.590625,0.027857,0.017306,0.006297,-0.072132,76.446720,105.000000,1.000000
0.592187,0.027867,0.017331,0.006245,-0.072093,76.407122,105.000000,1.000000
0.593750,0.027875,0.017354,0.006194,-0.072055,76.369350,105.000000,1.000000
0.595313,0.027884,0.017376,0.006147,-0.072019,76.333405,105.000000,1.000000
0.596875,0.027892,0.017397,0.006102,-0.071985,76.299290,105.000000,1.000000
0.598438,0.027899,0.017417,0.006059,-0.071953,76.267008,105.000000,1.000000
0.600000,0.027906,0.017436,0.006018,-0.071922,76.236559,105.000000,1.000000
0.601562,0.027913,0.017454,0.005980,-0.071893,76.207946,105.000000,1.000000
0.603125,0.027919,0.017471,0.005945,-0.071867,76.181171,105.000000,1.000000
0.604688,0.027925,0.017486,0.005912,-0.071842,76.156236,105.000000,1.000000
0.606250,0.027931,0.017500,0.005881,-0.071818,76.133141,105.000000,1.000000
0.607813,0.027936,0.017513,0.005853,-0.071797,76.111889,105.000000,1.000000
0.609375,0.027940,0.017525,0.005828,-0.071778,76.092480,105.000000,1.000000
0.610938,0.027944,0.017536,0.005804,-0.071760,76.074916,105.000000,1.000000
0.612500,0.027948,0.017546,0.005784,-0.071744,76.059198,105.000000,1.000000
0.614063,0.027951,0.017555,0.005765,-0.071730,76.045327,105.000000,1.000000
0.615625,0.027954,0.017562,0.005749,-0.071718,76.033304,105.000000,1.000000
0.617188,0.027957,0.017568,0.005736,-0.071708,76.023129,105.000000,1.000000
0.618750,0.027959,0.017574,0.005725,-0.071699,76.014803,105.000000,1.000000
0.620313,0.027960,0.017578,0.005716,-0.071693,76.008327,105.000000,1.000000
0.621875,0.027961,0.017580,0.005710,-0.071688,76.003701,105.000000,1.000000
0.623438,0.027962,0.017582,0.005707,-0.071685,76.000925,105.000000,1.000000
0.625000,0.027962,0.017583,0.005705,-0.071685,76.000000,105.000000,0.000000
0.626563,0.027962,0.017590,0.005706,-0.071678,76.000925,104.988863,0.000000
0.628125,0.027961,0.017611,0.005710,-0.071658,76.003701,104.955460,0.000000
0.629688,0.027959,0.017646,0.005715,-0.071625,76.008327,104.899813,0.000000
0.631250,0.027957,0.017695,0.005723,-0.071578,76.014803,104.821962,0.000000
0.632812,0.027954,0.017758,0.005733,-0.071519,76.023129,104.721958,0.000000
0.634375,0.027950,0.017834,0.005745,-0.071446,76.033304,104.599871,0.000000
0.635938,0.027946,0.017925,0.005760,-0.071360,76.045327,104.455784,0.000000
0.637500,0.027942,0.018029,0.005778,-0.071261,76.059198,104.289797,0.000000
0.639063,0.027938,0.018148,0.005798,-0.071149,76.074916,104.102022,0.000000
0.640625,0.027933,0.018279,0.005821,-0.071024,76.092480,103.892589,0.000000
0.642188,0.027929,0.018424,0.005846,-0.070886,76.111889,103.661641,0.000000
0.643750,0.027924,0.018583,0.005875,-0.070736,76.133141,103.409337,0.000000
0.645313,0.027920,0.018755,0.005907,-0.070573,76.156236,103.135848,0.000000
0.646875,0.027917,0.018940,0.005942,-0.070397,76.181171,102.841364,0.000000
0.648438,0.027914,0.019138,0.005981,-0.070210,76.207946,102.526085,0.000000
0.650000,0.027912,0.019349,0.006024,-0.070010,76.236559,102.190227,0.000000
0.651563,0.027911,0.019572,0.006071,-0.069798,76.267008,101.834022,0.000000
0.653125,0.027912,0.019808,0.006121,-0.069574,76.299290,101.457712,0.000000
0.654688,0.027913,0.020056,0.006177,-0.069339,76.333405,101.061556,0.000000
0.656250,0.027917,0.020317,0.006236,-0.069092,76.369350,100.645826,0.000000
0.657813,0.027923,0.020589,0.006301,-0.068834,76.407122,100.210805,0.000000
0.659375,0.027931,0.020873,0.006370,-0.068565,76.446720,99.756793,0.000000
0.660938,0.027941,0.021168,0.006445,-0.068285,76.488141,99.284101,0.000000
0.662500,0.027954,0.021475,0.006526,-0.067995,76.531382,98.793052,0.000000
0.664062,0.027969,0.021792,0.006612,-0.067694,76.576442,98.283984,0.000000
0.665625,0.027988,0.022120,0.006704,-0.067384,76.623316,97.757244,0.000000
0.667188,0.028011,0.022458,0.006802,-0.067064,76.672002,97.213194,0.000000
0.668750,0.028037,0.022807,0.006907,-0.066734,76.722497,96.652207,0.000000
0.670313,0.028066,0.023165,0.007019,-0.066395,76.774798,96.074667,0.000000
0.671875,0.028100,0.023532,0.007137,-0.066048,76.828902,95.480970,0.000000
0.673438,0.028139,0.023909,0.007263,-0.065692,76.884806,94.871524,0.000000
0.675000,0.028181,0.024294,0.007396,-0.065328,76.942505,94.246745,0.000000
0.676563,0.028229,0.024687,0.007537,-0.064956,77.001997,93.607062,0.000000
0.678125,0.028282,0.025088,0.007685,-0.064577,77.063277,92.952913,0.000000
0.679688,0.028339,0.025497,0.007842,-0.064190,77.126343,92.284746,0.000000
0.681250,0.028402,0.025913,0.008006,-0.063797,77.191189,91.603021,0.000000
0.682813,0.028471,0.026336,0.008179,-0.063398,77.257813,90.908203,0.000000
0.684375,0.028546,0.026765,0.008361,-0.062993,77.326210,90.200769,0.000000
0.685938,0.028626,0.027200,0.008551,-0.062583,77.396375,89.481203,0.000000
0.687500,0.028712,0.027640,0.008750,-0.062168,77.468305,88.750000,0.000000
0.689063,0.028805,0.028086,0.008958,-0.061748,77.541994,88.007660,0.000000
0.690625,0.028904,0.028536,0.009175,-0.061324,77.617439,87.254691,0.000000
0.692188,0.029009,0.028990,0.009402,-0.060896,77.694635,86.491611,0.000000
0.693750,0.029121,0.029448,0.009637,-0.060465,77.773577,85.718941,0.000000
0.695312,0.029239,0.029909,0.009882,-0.060032,77.854260,84.937212,0.000000
0.696875,0.029363,0.030373,0.010136,-0.059595,77.936679,84.146958,0.000000
0.698438,0.029495,0.030839,0.010400,-0.059158,78.020829,83.348723,0.000000
0.700000,0.029633,0.031307,0.010672,-0.058718,78.106705,82.543052,0.000000
0.701563,0.029777,0.031776,0.010954,-0.058278,78.194302,81.730499,0.000000
0.703125,0.029928,0.032246,0.011246,-0.057837,78.283614,80.911619,0.000000
0.704688,0.030086,0.032716,0.011546,-0.057396,78.374636,80.086974,0.000000
0.706250,0.030249,0.033187,0.011856,-0.056956,78.467361,79.257130,0.000000
0.707813,0.030420,0.033656,0.012175,-0.056516,78.561785,78.422655,0.000000
0.709375,0.030596,0.034125,0.012503,-0.056078,78.657902,77.584120,0.000000
0.710938,0.030779,0.034592,0.012839,-0.055642,78.755705,76.742101,0.000000
0.712500,0.030967,0.035058,0.013184,-0.055208,78.855188,75.897175,0.000000
0.714063,0.031161,0.035520,0.013538,-0.054776,78.956346,75.049921,0.000000
0.715625,0.031361,0.035981,0.013900,-0.054347,79.059173,74.200919,0.000000
0.717188,0.031566,0.036437,0.014269,-0.053922,79.163661,73.350751,0.000000
0.718750,0.031776,0.036891,0.014647,-0.053501,79.269804,72.500000,0.000000
0.720313,0.031991,0.037340,0.015032,-0.053084,79.377597,71.649249,0.000000
0.721875,0.032210,0.037784,0.015424,-0.052671,79.487031,70.799081,0.000000
0.723438,0.032434,0.038224,0.015823,-0.052264,79.598101,69.950079,0.000000
0.725000,0.032662,0.038659,0.016229,-0.051862,79.710800,69.102825,0.000000
0.726562,0.032893,0.039088,0.016641,-0.051465,79.825120,68.257899,0.000000
0.728125,0.033128,0.039511,0.017059,-0.051075,79.941055,67.415880,0.000000
0.729688,0.033365,0.039928,0.017482,-0.050691,80.058597,66.577345,0.000000
0.731250,0.033605,0.040338,0.017911,-0.050314,80.177739,65.742870,0.000000
0.732813,0.033848,0.040741,0.018344,-0.049943,80.298474,64.913026,0.000000
0.734375,0.034092,0.041137,0.018782,-0.049580,80.420795,64.088381,0.000000
0.735938,0.034338,0.041526,0.019224,-0.049224,80.544694,63.269501,0.000000
0.737500,0.034584,0.041907,0.019670,-0.048876,80.670162,62.456948,0.000000
0.739063,0.034832,0.042280,0.020118,-0.048536,80.797193,61.651277,0.000000
0.740625,0.035079,0.042645,0.020569,-0.048203,80.925779,60.853042,0.000000
0.742188,0.035326,0.043002,0.021023,-0.047879,81.055912,60.062788,0.000000
0.743750,0.035572,0.043350,0.021478,-0.047564,81.187583,59.281059,0.000000
0.745313,0.035817,0.043689,0.021934,-0.047257,81.320784,58.508389,0.000000
0.746875,0.036061,0.044020,0.022392,-0.046959,81.455508,57.745309,0.000000
0.748438,0.036302,0.044341,0.022850,-0.046670,81.591747,56.992340,0.000000
0.750000,0.036541,0.044654,0.023307,-0.046390,81.729490,56.250000,0.000000
0.751563,0.036777,0.044957,0.023765,-0.046118,81.868731,55.518797,0.000000
0.753125,0.037010,0.045250,0.024221,-0.045856,82.009460,54.799231,0.000000
0.754688,0.037238,0.045535,0.024675,-0.045604,82.151669,54.091797,0.000000
0.756250,0.037462,0.045809,0.025128,-0.045360,82.295350,53.396979,0.000000
0.757812,0.037682,0.046074,0.025579,-0.045126,82.440492,52.715254,0.000000
0.759375,0.037896,0.046330,0.026026,-0.044901,82.587088,52.047087,0.000000
0.760938,0.038105,0.046576,0.026471,-0.044686,82.735128,51.392938,0.000000
0.762500,0.038307,0.046812,0.026911,-0.044480,82.884603,50.753255,0.000000
0.764063,0.038503,0.047038,0.027348,-0.044283,83.035504,50.128476,0.000000
0.765625,0.038692,0.047255,0.027779,-0.044096,83.187821,49.519030,0.000000
0.767188,0.038874,0.047462,0.028206,-0.043918,83.341546,48.925333,0.000000
0.768750,0.039048,0.047659,0.028628,-0.043749,83.496668,48.347793,0.000000
0.770313,0.039213,0.047846,0.029043,-0.043590,83.653178,47.786806,0.000000
0.771875,0.039371,0.048024,0.029453,-0.043440,83.811067,47.242756,0.000000
0.773438,0.039519,0.048192,0.029855,-0.043299,83.970325,46.716016,0.000000
0.775000,0.039659,0.048350,0.030251,-0.043167,84.130941,46.206948,0.000000
0.776563,0.039789,0.048499,0.030640,-0.043045,84.292907,45.715899,0.000000
0.778125,0.039908,0.048638,0.031021,-0.042932,84.456211,45.243207,0.000000
0.779688,0.040018,0.048768,0.031394,-0.042827,84.620844,44.789195,0.000000
0.781250,0.040118,0.048887,0.031758,-0.042732,84.786797,44.354174,0.000000
0.782813,0.040206,0.048998,0.032115,-0.042646,84.954057,43.938444,0.000000
0.784375,0.040284,0.049098,0.032462,-0.042568,85.122616,43.542288,0.000000
0.785938,0.040350,0.049190,0.032800,-0.042500,85.292463,43.165978,0.000000
0.787500,0.040406,0.049271,0.033129,-0.042440,85.463587,42.809773,0.000000
0.789062,0.040449,0.049344,0.033448,-0.042390,85.635978,42.473915,0.000000
0.790625,0.040480,0.049406,0.033758,-0.042348,85.809625,42.158636,0.000000
0.792188,0.040500,0.049460,0.034057,-0.042315,85.984517,41.864152,0.000000
0.793750,0.040507,0.049503,0.034347,-0.042290,86.160644,41.590663,0.000000
0.795313,0.040502,0.049538,0.034626,-0.042275,86.337995,41.338359,0.000000
0.796875,0.040485,0.049562,0.034895,-0.042268,86.516559,41.107411,0.000000
0.798438,0.040455,0.049577,0.035153,-0.042270,86.696324,40.897978,0.000000
0.800000,0.040412,0.049583,0.035400,-0.042281,86.877280,40.710203,0.000000
0.801563,0.040356,0.049578,0.035637,-0.042300,87.059416,40.544216,0.000000
0.803125,0.040288,0.049564,0.035863,-0.042329,87.242720,40.400129,0.000000
0.804688,0.040208,0.049541,0.036078,-0.042367,87.427182,40.278042,0.000000
0.806250,0.040114,0.049507,0.036282,-0.042413,87.612788,40.178038,0.000000
0.807813,0.040007,0.049464,0.036475,-0.042469,87.799529,40.100187,0.000000
0.809375,0.039888,0.049410,0.036657,-0.042533,87.987393,40.044540,0.000000
0.810938,0.039757,0.049346,0.036829,-0.042607,88.176368,40.011137,0.000000
0.812500,0.039612,0.049272,0.036990,-0.042690,88.366442,40.000000,0.000000
0.814063,0.039461,0.049193,0.037145,-0.042778,88.557604,40.000000,0.000000
0.815625,0.039310,0.049112,0.037303,-0.042866,88.749842,40.000000,0.000000
0.817188,0.039158,0.049031,0.037461,-0.042954,88.943144,40.000000,0.000000
0.818750,0.039005,0.048948,0.037620,-0.043042,89.137499,40.000000,0.000000
0.820312,0.038852,0.048865,0.037781,-0.043129,89.332893,40.000000,0.000000
0.821875,0.038698,0.048780,0.037943,-0.043217,89.529315,40.000000,0.000000
0.823438,0.038544,0.048695,0.038105,-0.043304,89.726754,40.000000,0.000000
0.825000,0.038390,0.048608,0.038269,-0.043391,89.925196,40.000000,0.000000
0.826563,0.038234,0.048521,0.038434,-0.043479,90.124630,40.000000,0.000000
0.828125,0.038079,0.048433,0.038601,-0.043566,90.325043,40.000000,0.000000
0.829688,0.037923,0.048344,0.038768,-0.043653,90.526423,40.000000,0.000000
0.831250,0.037766,0.048253,0.038936,-0.043739,90.728758,40.000000,0.000000
0.832813,0.037610,0.048162,0.039106,-0.043826,90.932034,40.000000,0.000000
0.834375,0.037452,0.048070,0.039277,-0.043912,91.136240,40.000000,0.000000
0.835938,0.037295,0.047977,0.039448,-0.043998,91.341363,40.000000,0.000000
0.837500,0.037137,0.047883,0.039621,-0.044084,91.547390,40.000000,0.000000
0.839063,0.036978,0.047787,0.039795,-0.044169,91.754308,40.000000,0.000000
0.840625,0.036820,0.047691,0.039970,-0.044255,91.962106,40.000000,0.000000
0.842188,0.036661,0.047594,0.040146,-0.044340,92.170769,40.000000,0.000000
0.843750,0.036502,0.047496,0.040323,-0.044424,92.380285,40.000000,0.000000
0.845313,0.036342,0.047397,0.040500,-0.044509,92.590641,40.000000,0.000000
0.846875,0.036182,0.047297,0.040679,-0.044593,92.801825,40.000000,0.000000
0.848438,0.036022,0.047196,0.040859,-0.044677,93.013823,40.000000,0.000000
0.850000,0.035862,0.047094,0.041040,-0.044760,93.226621,40.000000,0.000000
0.851562,0.035702,0.046991,0.041222,-0.044843,93.440208,40.000000,0.000000
0.853125,0.035541,0.046887,0.041405,-0.044926,93.654569,40.000000,0.000000
0.854688,0.035380,0.046782,0.041589,-0.045008,93.869692,40.000000,0.000000
0.856250,0.035219,0.046676,0.041774,-0.045090,94.085563,40.000000,0.000000
0.857813,0.035058,0.046570,0.041960,-0.045171,94.302169,40.000000,0.000000
0.859375,0.034897,0.046462,0.042146,-0.045252,94.519497,40.000000,0.000000
0.860938,0.034735,0.046353,0.042334,-0.045333,94.737533,40.000000,0.000000
0.862500,0.034574,0.046243,0.042522,-0.045413,94.956263,40.000000,0.000000
0.864063,0.034412,0.046133,0.042712,-0.045492,95.175675,40.000000,0.000000
0.865625,0.034251,0.046021,0.042902,-0.045571,95.395755,40.000000,0.000000
0.867188,0.034089,0.045908,0.043093,-0.045650,95.616488,40.000000,0.000000
0.868750,0.033927,0.045795,0.043285,-0.045728,95.837862,40.000000,0.000000
0.870313,0.033766,0.045680,0.043478,-0.045806,96.059863,40.000000,0.000000
0.871875,0.033604,0.045565,0.043671,-0.045883,96.282477,40.000000,0.000000
0.873438,0.033442,0.045448,0.043866,-0.045959,96.505691,40.000000,0.000000
0.875000,0.033281,0.045331,0.044061,-0.046035,96.729490,40.000000,0.000000
0.876563,0.033119,0.045213,0.044257,-0.046110,96.953861,40.000000,0.000000
0.878125,0.032957,0.045094,0.044454,-0.046185,97.178790,40.000000,0.000000
0.879688,0.032796,0.044973,0.044652,-0.046259,97.404263,40.000000,0.000000
0.881250,0.032634,0.044852,0.044850,-0.046333,97.630267,40.000000,0.000000
0.882812,0.032473,0.044730,0.045049,-0.046406,97.856787,40.000000,0.000000
0.884375,0.032312,0.044608,0.045249,-0.046478,98.083809,40.000000,0.000000
0.885938,0.032151,0.044484,0.045450,-0.046550,98.311319,40.000000,0.000000
0.887500,0.031990,0.044359,0.045651,-0.046621,98.539303,40.000000,0.000000
0.889063,0.031830,0.044234,0.045853,-0.046691,98.767748,40.000000,0.000000
0.890625,0.031669,0.044107,0.046056,-0.046761,98.996639,40.000000,0.000000
0.892188,0.031509,0.043980,0.046259,-0.046830,99.225962,40.000000,0.000000
0.893750,0.031349,0.043852,0.046463,-0.046898,99.455703,40.000000,0.000000
0.895313,0.031189,0.043723,0.046668,-0.046966,99.685847,40.000000,0.000000
0.896875,0.031029,0.043593,0.046873,-0.047033,99.916381,40.000000,0.000000
0.898438,0.030870,0.043462,0.047079,-0.047099,100.147290,40.000000,0.000000
0.900000,0.030711,0.043330,0.047285,-0.047165,100.378561,40.000000,0.000000
0.901563,0.030552,0.043198,0.047492,-0.047229,100.610178,40.000000,0.000000
0.903125,0.030394,0.043065,0.047699,-0.047293,100.842127,40.000000,0.000000
0.904688,0.030236,0.042930,0.047908,-0.047356,101.074395,40.000000,0.000000
0.906250,0.030078,0.042795,0.048116,-0.047419,101.306966,40.000000,0.000000
0.907813,0.029921,0.042660,0.048325,-0.047481,101.539827,40.000000,0.000000
0.909375,0.029764,0.042523,0.048535,-0.047542,101.772963,40.000000,0.000000
0.910938,0.029607,0.042386,0.048745,-0.047602,102.006360,40.000000,0.000000
0.912500,0.029451,0.042248,0.048955,-0.047661,102.240003,40.000000,0.000000
0.914062,0.029295,0.042109,0.049166,-0.047720,102.473878,40.000000,0.000000
0.915625,0.029140,0.041969,0.049378,-0.047777,102.707971,40.000000,0.000000
0.917188,0.028985,0.041829,0.049590,-0.047834,102.942266,40.000000,0.000000
0.918750,0.028830,0.041688,0.049802,-0.047890,103.176751,40.000000,0.000000
0.920313,0.028676,0.041546,0.050015,-0.047945,103.411409,40.000000,0.000000
0.921875,0.028522,0.041403,0.050228,-0.048000,103.646227,40.000000,0.000000
0.923438,0.028369,0.041260,0.050441,-0.048053,103.881190,40.000000,0.000000
0.925000,0.028217,0.041116,0.050655,-0.048106,104.116284,40.000000,0.000000
0.926563,0.028065,0.040971,0.050869,-0.048158,104.351495,40.000000,0.000000
0.928125,0.027913,0.040825,0.051083,-0.048209,104.586806,40.000000,0.000000
0.929688,0.027762,0.040679,0.051298,-0.048259,104.822206,40.000000,0.000000
0.931250,0.027612,0.040533,0.051512,-0.048309,105.057677,40.000000,0.000000
0.932813,0.027462,0.040385,0.051728,-0.048357,105.293207,40.000000,0.000000
0.934375,0.027312,0.040237,0.051943,-0.048405,105.528780,40.000000,0.000000
0.935938,0.027164,0.040088,0.052159,-0.048451,105.764383,40.000000,0.000000
0.937500,0.027016,0.039939,0.052374,-0.048497,106.000000,40.000000,0.000000
0.939063,0.026868,0.039789,0.052590,-0.048542,106.235617,40.000000,0.000000
0.940625,0.026721,0.039639,0.052806,-0.048586,106.471220,40.000000,0.000000
0.942188,0.026575,0.039488,0.053023,-0.048629,106.706793,40.000000,0.000000
0.943750,0.026430,0.039336,0.053239,-0.048671,106.942323,40.000000,0.000000
0.945312,0.026285,0.039184,0.053456,-0.048713,107.177794,40.000000,0.000000
0.946875,0.026140,0.039031,0.053672,-0.048753,107.413194,40.000000,0.000000
0.948438,0.025997,0.038877,0.053889,-0.048792,107.648505,40.000000,0.000000
0.950000,0.025854,0.038724,0.054106,-0.048831,107.883716,40.000000,0.000000
0.951563,0.025712,0.038569,0.054323,-0.048869,108.118810,40.000000,0.000000
0.953125,0.025570,0.038414,0.054540,-0.048906,108.353773,40.000000,0.000000
0.954688,0.025430,0.038259,0.054757,-0.048941,108.588591,40.000000,0.000000
0.956250,0.025290,0.038103,0.054973,-0.048976,108.823249,40.000000,0.000000
0.957813,0.025150,0.037947,0.055190,-0.049010,109.057734,40.000000,0.000000
0.959375,0.025012,0.037790,0.055407,-0.049044,109.292029,40.000000,0.000000
0.960938,0.024874,0.037633,0.055624,-0.049076,109.526122,40.000000,0.000000
0.962500,0.024737,0.037476,0.055841,-0.049107,109.759997,40.000000,0.000000
0.964063,0.024601,0.037318,0.056057,-0.049137,109.993640,40.000000,0.000000
0.965625,0.024466,0.037159,0.056274,-0.049167,110.227037,40.000000,0.000000
0.967188,0.024331,0.037001,0.056490,-0.049195,110.460173,40.000000,0.000000
0.968750,0.024197,0.036842,0.056706,-0.049223,110.693034,40.000000,0.000000
0.970313,0.024064,0.036682,0.056923,-0.049250,110.925605,40.000000,0.000000
0.971875,0.023932,0.036523,0.057138,-0.049276,111.157873,40.000000,0.000000
0.973438,0.023801,0.036363,0.057354,-0.049301,111.389822,40.000000,0.000000
0.975000,0.023670,0.036202,0.057570,-0.049325,111.621439,40.000000,0.000000
0.976562,0.023541,0.036042,0.057785,-0.049348,111.852710,40.000000,0.000000
0.978125,0.023412,0.035881,0.058000,-0.049370,112.083619,40.000000,0.000000
0.979688,0.023284,0.035720,0.058215,-0.049391,112.314153,40.000000,0.000000
0.981250,0.023157,0.035558,0.058429,-0.049412,112.544297,40.000000,0.000000
0.982813,0.023031,0.035397,0.058644,-0.049431,112.774038,40.000000,0.000000
0.984375,0.022905,0.035235,0.058857,-0.049450,113.003361,40.000000,0.000000
0.985938,0.022781,0.035073,0.059071,-0.049467,113.232252,40.000000,0.000000
0.987500,0.022657,0.034910,0.059284,-0.049484,113.460697,40.000000,0.000000
0.989063,0.022534,0.034748,0.059497,-0.049500,113.688681,40.000000,0.000000
0.990625,0.022413,0.034586,0.059709,-0.049515,113.916191,40.000000,0.000000
0.992188,0.022292,0.034423,0.059922,-0.049529,114.143213,40.000000,0.000000
0.993750,0.022172,0.034260,0.060133,-0.049543,114.369733,40.000000,0.000000
0.995313,0.022053,0.034097,0.060344,-0.049555,114.595737,40.000000,0.000000
0.996875,0.021935,0.033934,0.060555,-0.049567,114.821210,40.000000,0.000000
0.998438,0.021818,0.033771,0.060766,-0.049578,115.046139,40.000000,0.000000
1.000000,0.021701,0.033608,0.060975,-0.049588,115.270510,40.000000,0.000000
1.001563,0.021586,0.033445,0.061185,-0.049597,115.494309,40.000000,0.000000
1.003125,0.021472,0.033282,0.061394,-0.049605,115.717523,40.000000,0.000000
1.004687,0.021358,0.033119,0.061602,-0.049612,115.940137,40.000000,0.000000
1.006250,0.021246,0.032956,0.061810,-0.049619,116.162138,40.000000,0.000000
1.007812,0.021134,0.032793,0.062017,-0.049625,116.383512,40.000000,0.000000
1.009375,0.021023,0.032630,0.062223,-0.049629,116.604245,40.000000,0.000000
1.010938,0.020914,0.032467,0.062429,-0.049634,116.824325,40.000000,0.000000
1.012500,0.020805,0.032304,0.062635,-0.049637,117.043737,40.000000,0.000000
1.014063,0.020697,0.032141,0.062839,-0.049639,117.262467,40.000000,0.000000
1.015625,0.020591,0.031978,0.063044,-0.049641,117.480503,40.000000,0.000000
1.017188,0.020485,0.031816,0.063247,-0.049642,117.697831,40.000000,0.000000
1.018750,0.020380,0.031653,0.063450,-0.049642,117.914437,40.000000,0.000000
1.020312,0.020276,0.031491,0.063652,-0.049642,118.130308,40.000000,0.000000
1.021875,0.020173,0.031329,0.063853,-0.049640,118.345431,40.000000,0.000000
1.023438,0.020071,0.031167,0.064054,-0.049638,118.559792,40.000000,0.000000
1.025000,0.019970,0.031005,0.064254,-0.049636,118.773379,40.000000,0.000000
1.026563,0.019870,0.030844,0.064453,-0.049632,118.986177,40.000000,0.000000
1.028125,0.019771,0.030683,0.064652,-0.049628,119.198175,40.000000,0.000000
1.029688,0.019673,0.030522,0.064849,-0.049623,119.409359,40.000000,0.000000
1.031250,0.019576,0.030361,0.065046,-0.049617,119.619715,40.000000,0.000000
1.032813,0.019480,0.030200,0.065242,-0.049611,119.829231,40.000000,0.000000
1.034375,0.019385,0.030040,0.065437,-0.049604,120.037894,40.000000,0.000000
1.035937,0.019291,0.029880,0.065632,-0.049596,120.245692,40.000000,0.000000
1.037500,0.019197,0.029721,0.065825,-0.049587,120.452610,40.000000,0.000000
1.039062,0.019105,0.029562,0.066018,-0.049578,120.658637,40.000000,0.000000
1.040625,0.019014,0.029403,0.066210,-0.049569,120.863760,40.000000,0.000000
1.042188,0.018924,0.029245,0.066401,-0.049558,121.067966,40.000000,0.000000
1.043750,0.018834,0.029087,0.066591,-0.049547,121.271242,40.000000,0.000000
1.045313,0.018746,0.028929,0.066780,-0.049536,121.473577,40.000000,0.000000
1.046875,0.018659,0.028772,0.066968,-0.049524,121.674957,40.000000,0.000000
1.048438,0.018572,0.028616,0.067155,-0.049511,121.875370,40.000000,0.000000
1.050000,0.018487,0.028459,0.067341,-0.049497,122.074804,40.000000,0.000000
1.051562,0.018403,0.028304,0.067527,-0.049483,122.273246,40.000000,0.000000
1.053125,0.018319,0.028148,0.067711,-0.049469,122.470685,40.000000,0.000000
1.054688,0.018237,0.027994,0.067894,-0.049454,122.667107,40.000000,0.000000
1.056250,0.018155,0.027840,0.068076,-0.049438,122.862501,40.000000,0.000000
1.057813,0.018074,0.027686,0.068258,-0.049422,123.056856,40.000000,0.000000
1.059375,0.017995,0.027533,0.068438,-0.049405,123.250158,40.000000,0.000000
1.060938,0.017916,0.027380,0.068617,-0.049388,123.442396,40.000000,0.000000
1.062500,0.017838,0.027229,0.068795,-0.049370,123.633558,40.000000,0.000000
1.064063,0.017759,0.027070,0.068970,-0.049359,123.823632,40.011137,0.000000
1.065625,0.017677,0.026898,0.069140,-0.049363,124.012607,40.044540,0.000000
1.067187,0.017592,0.026711,0.069304,-0.049380,124.200471,40.100187,0.000000
1.068750,0.017504,0.026511,0.069464,-0.049412,124.387212,40.178038,0.000000
1.070312,0.017414,0.026296,0.069619,-0.049457,124.572818,40.278042,0.000000
1.071875,0.017321,0.026068,0.069770,-0.049517,124.757280,40.400129,0.000000
1.073438,0.017226,0.025825,0.069917,-0.049592,124.940584,40.544216,0.000000
1.075000,0.017129,0.025569,0.070059,-0.049680,125.122720,40.710203,0.000000
1.076563,0.017030,0.025298,0.070198,-0.049783,125.303676,40.897978,0.000000
1.078125,0.016930,0.025014,0.070333,-0.049900,125.483441,41.107411,0.000000
1.079688,0.016829,0.024716,0.070466,-0.050031,125.662005,41.338359,0.000000
1.081250,0.016728,0.024404,0.070595,-0.050177,125.839356,41.590663,0.000000
1.082812,0.016626,0.024079,0.070722,-0.050336,126.015483,41.864152,0.000000
1.084375,0.016524,0.023740,0.070847,-0.050510,126.190375,42.158636,0.000000
1.085938,0.016422,0.023387,0.070970,-0.050697,126.364022,42.473915,0.000000
1.087500,0.016321,0.023021,0.071092,-0.050899,126.536413,42.809773,0.000000
1.089063,0.016221,0.022642,0.071212,-0.051114,126.707537,43.165978,0.000000
1.090625,0.016122,0.022250,0.071332,-0.051343,126.877384,43.542288,0.000000
1.092188,0.016026,0.021844,0.071452,-0.051586,127.045943,43.938444,0.000000
1.093750,0.015931,0.021426,0.071571,-0.051842,127.213203,44.354174,0.000000
1.095313,0.015840,0.020995,0.071692,-0.052111,127.379156,44.789195,0.000000
1.096875,0.015751,0.020552,0.071813,-0.052393,127.543789,45.243207,0.000000
1.098437,0.015666,0.020097,0.071935,-0.052689,127.707093,45.715899,0.000000
1.100000,0.015585,0.019630,0.072060,-0.052997,127.869059,46.206948,0.000000
1.101562,0.015508,0.019151,0.072186,-0.053317,128.029675,46.716016,0.000000
1.103125,0.015436,0.018660,0.072315,-0.053650,128.188933,47.242756,0.000000
1.104688,0.015369,0.018159,0.072447,-0.053994,128.346822,47.786806,0.000000
1.106250,0.015307,0.017646,0.072583,-0.054351,128.503332,48.347793,0.000000
1.107813,0.015252,0.017123,0.072722,-0.054718,128.658454,48.925333,0.000000
1.109375,0.015203,0.016590,0.072866,-0.055097,128.812179,49.519030,0.000000
1.110938,0.015161,0.016047,0.073014,-0.055486,128.964496,50.128476,0.000000
1.112500,0.015126,0.015495,0.073167,-0.055886,129.115397,50.753255,0.000000
1.114062,0.015099,0.014933,0.073326,-0.056296,129.264872,51.392938,0.000000
1.115625,0.015080,0.014363,0.073491,-0.056715,129.412912,52.047087,0.000000
1.117188,0.015069,0.013785,0.073662,-0.057143,129.559508,52.715254,0.000000
1.118750,0.015066,0.013199,0.073839,-0.057581,129.704650,53.396979,0.000000
1.120313,0.015073,0.012606,0.074023,-0.058026,129.848331,54.091797,0.000000
1.121875,0.015089,0.012006,0.074214,-0.058480,129.990540,54.799231,0.000000
1.123438,0.015115,0.011400,0.074412,-0.058941,130.131269,55.518797,0.000000
1.125000,0.015150,0.010787,0.074619,-0.059409,130.270510,56.250000,0.000000
1.126563,0.015196,0.010170,0.074833,-0.059883,130.408253,56.992340,0.000000
1.128125,0.015252,0.009548,0.075055,-0.060363,130.544492,57.745309,0.000000
1.129687,0.015319,0.008921,0.075286,-0.060849,130.679216,58.508389,0.000000
1.131250,0.015396,0.008291,0.075526,-0.061340,130.812417,59.281059,0.000000
1.132812,0.015484,0.007657,0.075774,-0.061835,130.944088,60.062788,0.000000
1.134375,0.015584,0.007022,0.076031,-0.062333,131.074221,60.853042,0.000000
1.135938,0.015694,0.006384,0.076297,-0.062835,131.202807,61.651277,0.000000
1.137500,0.015816,0.005744,0.076572,-0.063340,131.329838,62.456948,0.000000
1.139063,0.015949,0.005104,0.076856,-0.063847,131.455306,63.269501,0.000000
1.140625,0.016093,0.004464,0.077150,-0.064356,131.579205,64.088381,0.000000
1.142188,0.016249,0.003824,0.077452,-0.064865,131.701526,64.913026,0.000000
1.143750,0.016416,0.003185,0.077764,-0.065375,131.822261,65.742870,0.000000
1.145312,0.016594,0.002547,0.078084,-0.065885,131.941403,66.577345,0.000000
1.146875,0.016784,0.001912,0.078414,-0.066394,132.058945,67.415880,0.000000
1.148438,0.016984,0.001279,0.078753,-0.066902,132.174880,68.257899,0.000000
1.150000,0.017196,0.000649,0.079100,-0.067408,132.289200,69.102825,0.000000
1.151563,0.017418,0.000023,0.079456,-0.067912,132.401899,69.950079,0.000000
1.153125,0.017650,-0.000598,0.079820,-0.068414,132.512969,70.799081,0.000000
1.154688,0.017893,-0.001215,0.080192,-0.068911,132.622403,71.649249,0.000000
1.156250,0.018146,-0.001826,0.080572,-0.069405,132.730196,72.500000,0.000000
1.157813,0.018408,-0.002431,0.080960,-0.069895,132.836339,73.350751,0.000000
1.159375,0.018680,-0.003030,0.081355,-0.070380,132.940827,74.200919,0.000000
1.160937,0.018961,-0.003622,0.081757,-0.070859,133.043654,75.049921,0.000000
1.162500,0.019251,-0.004207,0.082165,-0.071333,133.144812,75.897175,0.000000
1.164062,0.019549,-0.004784,0.082579,-0.071800,133.244295,76.742101,0.000000
1.165625,0.019855,-0.005353,0.083000,-0.072261,133.342098,77.584120,0.000000
1.167188,0.020169,-0.005913,0.083425,-0.072715,133.438215,78.422655,0.000000
1.168750,0.020489,-0.006464,0.083856,-0.073162,133.532639,79.257130,0.000000
1.170313,0.020816,-0.007005,0.084291,-0.073601,133.625364,80.086974,0.000000
1.171875,0.021149,-0.007537,0.084730,-0.074032,133.716386,80.911619,0.000000
1.173438,0.021488,-0.008059,0.085172,-0.074454,133.805698,81.730499,0.000000
1.175000,0.021832,-0.008570,0.085617,-0.074868,133.893295,82.543052,0.000000
1.176562,0.022180,-0.009071,0.086065,-0.075273,133.979171,83.348723,0.000000
1.178125,0.022533,-0.009560,0.086514,-0.075669,134.063321,84.146958,0.000000
1.179688,0.022889,-0.010039,0.086965,-0.076056,134.145740,84.937212,0.000000
1.181250,0.023247,-0.010506,0.087417,-0.076433,134.226423,85.718941,0.000000
1.182813,0.023608,-0.010962,0.087869,-0.076800,134.305365,86.491611,0.000000
1.184375,0.023971,-0.011406,0.088320,-0.077157,134.382561,87.254691,0.000000
1.185938,0.024335,-0.011838,0.088770,-0.077505,134.458006,88.007660,0.000000
1.187500,0.024699,-0.012259,0.089219,-0.077842,134.531695,88.750000,0.000000
1.189063,0.025064,-0.012667,0.089666,-0.078169,134.603625,89.481203,0.000000
1.190625,0.025427,-0.013063,0.090110,-0.078486,134.673790,90.200769,0.000000
1.192187,0.025790,-0.013447,0.090550,-0.078793,134.742187,90.908203,0.000000
1.193750,0.026151,-0.013819,0.090987,-0.079090,134.808811,91.603021,0.000000
1.195312,0.026509,-0.014179,0.091420,-0.079376,134.873657,92.284746,0.000000
1.196875,0.026865,-0.014526,0.091847,-0.079652,134.936723,92.952913,0.000000
1.198438,0.027217,-0.014862,0.092269,-0.079918,134.998003,93.607062,0.000000
1.200000,0.027565,-0.015185,0.092685,-0.080174,135.057495,94.246745,0.000000
1.201563,0.027909,-0.015496,0.093093,-0.080419,135.115194,94.871524,0.000000
1.203125,0.028247,-0.015796,0.093495,-0.080655,135.171098,95.480970,0.000000
1.204688,0.028580,-0.016083,0.093889,-0.080881,135.225202,96.074667,0.000000
1.206250,0.028907,-0.016359,0.094275,-0.081097,135.277503,96.652207,0.000000
1.207813,0.029227,-0.016623,0.094652,-0.081303,135.327998,97.213194,0.000000
1.209375,0.029540,-0.016876,0.095020,-0.081500,135.376684,97.757244,0.000000
1.210938,0.029845,-0.017117,0.095378,-0.081688,135.423558,98.283984,0.000000
1.212500,0.030142,-0.017347,0.095725,-0.081867,135.468618,98.793052,0.000000
1.214063,0.030430,-0.017566,0.096062,-0.082036,135.511859,99.284101,0.000000
1.215625,0.030709,-0.017774,0.096388,-0.082197,135.553280,99.756793,0.000000
1.217188,0.030979,-0.017971,0.096703,-0.082348,135.592878,100.210805,0.000000
1.218750,0.031239,-0.018158,0.097005,-0.082492,135.630650,100.645826,0.000000
1.220313,0.031489,-0.018334,0.097296,-0.082627,135.666595,101.061556,0.000000
1.221875,0.031729,-0.018500,0.097573,-0.082754,135.700710,101.457712,0.000000
1.223438,0.031957,-0.018656,0.097838,-0.082872,135.732992,101.834022,0.000000
1.225000,0.032174,-0.018802,0.098089,-0.082983,135.763441,102.190227,0.000000
1.226562,0.032380,-0.018938,0.098327,-0.083087,135.792054,102.526085,0.000000
1.228125,0.032574,-0.019065,0.098551,-0.083182,135.818829,102.841364,0.000000
1.229688,0.032755,-0.019182,0.098760,-0.083271,135.843764,103.135848,0.000000
1.231250,0.032924,-0.019290,0.098955,-0.083352,135.866859,103.409337,0.000000
1.232813,0.033081,-0.019389,0.099135,-0.083426,135.888111,103.661641,0.000000
1.234375,0.033224,-0.019478,0.099301,-0.083494,135.907520,103.892589,0.000000
1.235938,0.033355,-0.019559,0.099451,-0.083554,135.925084,104.102022,0.000000
1.237500,0.033472,-0.019631,0.099586,-0.083608,135.940802,104.289797,0.000000
1.239063,0.033576,-0.019694,0.099705,-0.083655,135.954673,104.455784,0.000000
1.240625,0.033667,-0.019749,0.099809,-0.083696,135.966696,104.599871,0.000000
1.242188,0.033743,-0.019795,0.099897,-0.083730,135.976871,104.721958,0.000000
1.243750,0.033806,-0.019832,0.099969,-0.083758,135.985197,104.821962,0.000000
1.245313,0.033855,-0.019861,0.100025,-0.083779,135.991673,104.899813,0.000000
1.246875,0.033890,-0.019882,0.100065,-0.083795,135.996299,104.955460,0.000000
1.248438,0.033911,-0.019895,0.100089,-0.083804,135.999075,104.988863,0.000000
1.250000,0.033918,-0.019899,0.100097,-0.083807,136.000000,105.000000,1.000000
1.251563,0.033918,-0.019898,0.100096,-0.083808,135.999075,105.000000,1.000000
1.253125,0.033917,-0.019897,0.100092,-0.083810,135.996299,105.000000,1.000000
1.254688,0.033915,-0.019894,0.100085,-0.083813,135.991673,105.000000,1.000000
1.256250,0.033912,-0.019891,0.100075,-0.083817,135.985197,105.000000,1.000000
1.257812,0.033908,-0.019887,0.100062,-0.083822,135.976871,105.000000,1.000000
1.259375,0.033904,-0.019882,0.100046,-0.083829,135.966696,105.000000,1.000000
1.260938,0.033899,-0.019875,0.100028,-0.083836,135.954673,105.000000,1.000000
1.262500,0.033893,-0.019868,0.100007,-0.083845,135.940802,105.000000,1.000000
1.264063,0.033887,-0.019860,0.099983,-0.083855,135.925084,105.000000,1.000000
1.265625,0.033880,-0.019851,0.099956,-0.083866,135.907520,105.000000,1.000000
1.267188,0.033872,-0.019841,0.099926,-0.083879,135.888111,105.000000,1.000000
1.268750,0.033863,-0.019830,0.099893,-0.083892,135.866859,105.000000,1.000000
1.270313,0.033853,-0.019818,0.099858,-0.083907,135.843764,105.000000,1.000000
1.271875,0.033843,-0.019805,0.099820,-0.083923,135.818829,105.000000,1.000000
1.273438,0.033832,-0.019792,0.099778,-0.083940,135.792054,105.000000,1.000000
1.275000,0.033820,-0.019777,0.099735,-0.083958,135.763441,105.000000,1.000000
1.276563,0.033807,-0.019761,0.099688,-0.083977,135.732992,105.000000,1.000000
1.278125,0.033794,-0.019744,0.099638,-0.083998,135.700710,105.000000,1.000000
1.279688,0.033780,-0.019727,0.099586,-0.084019,135.666595,105.000000,1.000000
1.281250,0.033765,-0.019708,0.099531,-0.084042,135.630650,105.000000,1.000000
1.282813,0.033749,-0.019689,0.099473,-0.084066,135.592878,105.000000,1.000000
1.284375,0.033733,-0.019668,0.099412,-0.084091,135.553280,105.000000,1.000000
1.285938,0.033716,-0.019647,0.099348,-0.084117,135.511859,105.000000,1.000000
1.287500,0.033698,-0.019624,0.099281,-0.084144,135.468618,105.000000,1.000000
1.289062,0.033679,-0.019601,0.099212,-0.084172,135.423558,105.000000,1.000000
1.290625,0.033660,-0.019577,0.099140,-0.084201,135.376684,105.000000,1.000000
1.292188,0.033640,-0.019551,0.099065,-0.084232,135.327998,105.000000,1.000000
1.293750,0.033619,-0.019525,0.098987,-0.084263,135.277503,105.000000,1.000000
1.295313,0.033598,-0.019498,0.098907,-0.084295,135.225202,105.000000,1.000000
1.296875,0.033575,-0.019470,0.098823,-0.084329,135.171098,105.000000,1.000000
1.298438,0.033553,-0.019441,0.098737,-0.084363,135.115194,105.000000,1.000000
1.300000,0.033529,-0.019411,0.098648,-0.084399,135.057495,105.000000,1.000000
1.301563,0.033505,-0.019379,0.098556,-0.084436,134.998003,105.000000,1.000000
1.303125,0.033480,-0.019347,0.098462,-0.084473,134.936723,105.000000,1.000000
1.304688,0.033454,-0.019315,0.098364,-0.084512,134.873657,105.000000,1.000000
1.306250,0.033428,-0.019281,0.098264,-0.084551,134.808811,105.000000,1.000000
1.307813,0.033401,-0.019246,0.098161,-0.084592,134.742187,105.000000,1.000000
1.309375,0.033373,-0.019210,0.098055,-0.084633,134.673790,105.000000,1.000000
1.310938,0.033344,-0.019173,0.097947,-0.084675,134.603625,105.000000,1.000000
1.312500,0.033315,-0.019135,0.097835,-0.084719,134.531695,105.000000,1.000000
1.314063,0.033286,-0.019097,0.097721,-0.084763,134.458006,105.000000,1.000000
1.315625,0.033255,-0.019057,0.097604,-0.084808,134.382561,105.000000,1.000000
1.317188,0.033224,-0.019016,0.097485,-0.084854,134.305365,105.000000,1.000000
1.318750,0.033193,-0.018975,0.097362,-0.084901,134.226423,105.000000,1.000000
1.320312,0.033160,-0.018932,0.097237,-0.084949,134.145740,105.000000,1.000000
1.321875,0.033127,-0.018889,0.097109,-0.084997,134.063321,105.000000,1.000000
1.323438,0.033094,-0.018844,0.096978,-0.085047,133.979171,105.000000,1.000000
1.325000,0.033060,-0.018799,0.096845,-0.085097,133.893295,105.000000,1.000000
1.326563,0.033025,-0.018752,0.096708,-0.085148,133.805698,105.000000,1.000000
1.328125,0.032989,-0.018705,0.096569,-0.085200,133.716386,105.000000,1.000000
1.329688,0.032953,-0.018657,0.096428,-0.085252,133.625364,105.000000,1.000000
1.331250,0.032917,-0.018607,0.096283,-0.085306,133.532639,105.000000,1.000000
1.332813,0.032879,-0.018557,0.096136,-0.085360,133.438215,105.000000,1.000000
1.334375,0.032842,-0.018506,0.095986,-0.085415,133.342098,105.000000,1.000000
1.335938,0.032803,-0.018454,0.095833,-0.085470,133.244295,105.000000,1.000000
1.337500,0.032764,-0.018400,0.095678,-0.085526,133.144812,105.000000,1.000000
1.339063,0.032725,-0.018346,0.095520,-0.085583,133.043654,105.000000,1.000000
1.340625,0.032685,-0.018291,0.095359,-0.085641,132.940827,105.000000,1.000000
1.342188,0.032644,-0.018235,0.095196,-0.085699,132.836339,105.000000,1.000000
1.343750,0.032603,-0.018178,0.095029,-0.085757,132.730196,105.000000,1.000000
1.345313,0.032561,-0.018120,0.094860,-0.085817,132.622403,105.000000,1.000000
1.346875,0.032519,-0.018061,0.094689,-0.085877,132.512969,105.000000,1.000000
1.348438,0.032476,-0.018001,0.094514,-0.085937,132.401899,105.000000,1.000000
1.350000,0.032433,-0.017941,0.094338,-0.085998,132.289200,105.000000,1.000000
1.351562,0.032389,-0.017879,0.094158,-0.086060,132.174880,105.000000,1.000000
1.353125,0.032345,-0.017816,0.093976,-0.086122,132.058945,105.000000,1.000000
1.354688,0.032301,-0.017752,0.093791,-0.086184,131.941403,105.000000,1.000000
1.356250,0.032255,-0.017687,0.093603,-0.086247,131.822261,105.000000,1.000000
1.357813,0.032210,-0.017622,0.093413,-0.086311,131.701526,105.000000,1.000000
1.359375,0.032164,-0.017555,0.093220,-0.086375,131.579205,105.000000,1.000000
1.360938,0.032117,-0.017488,0.093024,-0.086439,131.455306,105.000000,1.000000
1.362500,0.032070,-0.017419,0.092826,-0.086504,131.329838,105.000000,1.000000
1.364063,0.032023,-0.017349,0.092626,-0.086569,131.202807,105.000000,1.000000
1.365625,0.031975,-0.017279,0.092422,-0.086634,131.074221,105.000000,1.000000
1.367188,0.031927,-0.017208,0.092216,-0.086700,130.944088,105.000000,1.000000
1.368750,0.031878,-0.017135,0.092008,-0.086766,130.812417,105.000000,1.000000
1.370313,0.031829,-0.017062,0.091797,-0.086832,130.679216,105.000000,1.000000
1.371875,0.031780,-0.016988,0.091583,-0.086898,130.544492,105.000000,1.000000
1.373438,0.031730,-0.016912,0.091367,-0.086965,130.408253,105.000000,1.000000
1.375000,0.031680,-0.016836,0.091148,-0.087032,130.270510,105.000000,1.000000
1.376563,0.031629,-0.016759,0.090927,-0.087099,130.131269,105.000000,1.000000
1.378125,0.031578,-0.016681,0.090703,-0.087167,129.990540,105.000000,1.000000
1.379688,0.031527,-0.016602,0.090477,-0.087234,129.848331,105.000000,1.000000
1.381250,0.031475,-0.016522,0.090248,-0.087302,129.704650,105.000000,1.000000
1.382812,0.031423,-0.016441,0.090016,-0.087369,129.559508,105.000000,1.000000
1.384375,0.031371,-0.016359,0.089782,-0.087437,129.412912,105.000000,1.000000
1.385938,0.031319,-0.016276,0.089546,-0.087505,129.264872,105.000000,1.000000
1.387500,0.031266,-0.016192,0.089307,-0.087573,129.115397,105.000000,1.000000
1.389063,0.031213,-0.016108,0.089066,-0.087641,128.964496,105.000000,1.000000
1.390625,0.031160,-0.016022,0.088822,-0.087709,128.812179,105.000000,1.000000
1.392188,0.031106,-0.015935,0.088576,-0.087777,128.658454,105.000000,1.000000
1.393750,0.031052,-0.015848,0.088328,-0.087845,128.503332,105.000000,1.000000
1.395313,0.030998,-0.015760,0.088077,-0.087912,128.346822,105.000000,1.000000
1.396875,0.030944,-0.015670,0.087823,-0.087980,128.188933,105.000000,1.000000
1.398438,0.030889,-0.015580,0.087568,-0.088048,128.029675,105.000000,1.000000
1.400000,0.030834,-0.015489,0.087309,-0.088115,127.869059,105.000000,1.000000
1.401563,0.030779,-0.015397,0.087049,-0.088182,127.707093,105.000000,1.000000
1.403125,0.030724,-0.015303,0.086786,-0.088249,127.543789,105.000000,1.000000
1.404688,0.030669,-0.015209,0.086521,-0.088316,127.379156,105.000000,1.000000
1.406250,0.030613,-0.015115,0.086253,-0.088383,127.213203,105.000000,1.000000
1.407813,0.030558,-0.015019,0.085984,-0.088449,127.045943,105.000000,1.000000
1.409375,0.030502,-0.014922,0.085712,-0.088515,126.877384,105.000000,1.000000
1.410938,0.030446,-0.014825,0.085437,-0.088581,126.707537,105.000000,1.000000
1.412500,0.030390,-0.014726,0.085161,-0.088646,126.536413,105.000000,1.000000
1.414062,0.030334,-0.014627,0.084882,-0.088711,126.364022,105.000000,1.000000
1.415625,0.030277,-0.014526,0.084601,-0.088776,126.190375,105.000000,1.000000
1.417188,0.030221,-0.014425,0.084317,-0.088840,126.015483,105.000000,1.000000
1.418750,0.030165,-0.014323,0.084032,-0.088904,125.839356,105.000000,1.000000
1.420313,0.030108,-0.014220,0.083744,-0.088967,125.662005,105.000000,1.000000
1.421875,0.030051,-0.014116,0.083454,-0.089030,125.483441,105.000000,1.000000
1.423438,0.029995,-0.014012,0.083162,-0.089093,125.303676,105.000000,1.000000
1.425000,0.029938,-0.013906,0.082868,-0.089155,125.122720,105.000000,1.000000
1.426563,0.029881,-0.013799,0.082572,-0.089216,124.940584,105.000000,1.000000
1.428125,0.029824,-0.013692,0.082274,-0.089277,124.757280,105.000000,1.000000
1.429688,0.029768,-0.013584,0.081973,-0.089337,124.572818,105.000000,1.000000
1.431250,0.029711,-0.013475,0.081671,-0.089397,124.387212,105.000000,1.000000
1.432813,0.029654,-0.013365,0.081366,-0.089456,124.200471,105.000000,1.000000
1.434375,0.029597,-0.013254,0.081060,-0.089514,124.012607,105.000000,1.000000
1.435938,0.029541,-0.013143,0.080751,-0.089572,123.823632,105.000000,1.000000
1.437500,0.029484,-0.013030,0.080441,-0.089629,123.633558,105.000000,1.000000
1.439063,0.029427,-0.012917,0.080128,-0.089686,123.442396,105.000000,1.000000
1.440625,0.029371,-0.012803,0.079814,-0.089741,123.250158,105.000000,1.000000
1.442188,0.029314,-0.012688,0.079498,-0.089796,123.056856,105.000000,1.000000
1.443750,0.029258,-0.012572,0.079179,-0.089850,122.862501,105.000000,1.000000
1.445312,0.029202,-0.012456,0.078859,-0.089903,122.667107,105.000000,1.000000
1.446875,0.029145,-0.012338,0.078537,-0.089956,122.470685,105.000000,1.000000
1.448438,0.029089,-0.012220,0.078213,-0.090007,122.273246,105.000000,1.000000
1.450000,0.029033,-0.012101,0.077888,-0.090058,122.074804,105.000000,1.000000
1.451563,0.028977,-0.011982,0.077560,-0.090108,121.875370,105.000000,1.000000
1.453125,0.028922,-0.011861,0.077231,-0.090157,121.674957,105.000000,1.000000
1.454688,0.028866,-0.011740,0.076900,-0.090205,121.473577,105.000000,1.000000
1.456250,0.028811,-0.011618,0.076567,-0.090252,121.271242,105.000000,1.000000
1.457813,0.028756,-0.011495,0.076233,-0.090298,121.067966,105.000000,1.000000
1.459375,0.028701,-0.011371,0.075896,-0.090343,120.863760,105.000000,1.000000
1.460938,0.028646,-0.011247,0.075559,-0.090387,120.658637,105.000000,1.000000
1.462500,0.028591,-0.011122,0.075219,-0.090431,120.452610,105.000000,1.000000
1.464063,0.028537,-0.010996,0.074878,-0.090473,120.245692,105.000000,1.000000
1.465625,0.028483,-0.010870,0.074535,-0.090514,120.037894,105.000000,1.000000
1.467188,0.028429,-0.010742,0.074191,-0.090554,119.829231,105.000000,1.000000
1.468750,0.028375,-0.010614,0.073845,-0.090592,119.619715,105.000000,1.000000
1.470313,0.028322,-0.010486,0.073498,-0.090630,119.409359,105.000000,1.000000
1.471875,0.028268,-0.010356,0.073149,-0.090667,119.198175,105.000000,1.000000
1.473438,0.028216,-0.010226,0.072799,-0.090702,118.986177,105.000000,1.000000
1.475000,0.028163,-0.010096,0.072447,-0.090736,118.773379,105.000000,1.000000
1.476562,0.028111,-0.009964,0.072094,-0.090769,118.559792,105.000000,1.000000
1.478125,0.028059,-0.009832,0.071739,-0.090801,118.345431,105.000000,1.000000
1.479688,0.028007,-0.009699,0.071383,-0.090832,118.130308,105.000000,1.000000
1.481250,0.027956,-0.009566,0.071026,-0.090861,117.914437,105.000000,1.000000
1.482813,0.027905,-0.009432,0.070667,-0.090889,117.697831,105.000000,1.000000
1.484375,0.027854,-0.009297,0.070307,-0.090916,117.480503,105.000000,1.000000
1.485938,0.027804,-0.009161,0.069946,-0.090942,117.262467,105.000000,1.000000
1.487500,0.027754,-0.009026,0.069583,-0.090966,117.043737,105.000000,1.000000
1.489063,0.027704,-0.008889,0.069220,-0.090989,116.824325,105.000000,1.000000
1.490625,0.027655,-0.008752,0.068855,-0.091011,116.604245,105.000000,1.000000
1.492188,0.027606,-0.008614,0.068489,-0.091031,116.383512,105.000000,1.000000
1.493750,0.027557,-0.008476,0.068121,-0.091050,116.162138,105.000000,1.000000
1.495313,0.027509,-0.008337,0.067753,-0.091068,115.940137,105.000000,1.000000
1.496875,0.027462,-0.008197,0.067384,-0.091084,115.717523,105.000000,1.000000
1.498438,0.027414,-0.008057,0.067013,-0.091099,115.494309,105.000000,1.000000
1.500000,0.027368,-0.007916,0.066642,-0.091112,115.270510,105.000000,1.000000
1.501563,0.027321,-0.007775,0.066269,-0.091124,115.046139,105.000000,1.000000
1.503125,0.027275,-0.007633,0.065896,-0.091135,114.821210,105.000000,1.000000
1.504688,0.027230,-0.007491,0.065521,-0.091144,114.595737,105.000000,1.000000
1.506250,0.027185,-0.007348,0.065146,-0.091151,114.369733,105.000000,1.000000
1.507812,0.027140,-0.007205,0.064770,-0.091157,114.143213,105.000000,1.000000
1.509375,0.027096,-0.007061,0.064393,-0.091162,113.916191,105.000000,1.000000
1.510938,0.027052,-0.006917,0.064015,-0.091165,113.688681,105.000000,1.000000
1.512500,0.027009,-0.006772,0.063636,-0.091167,113.460697,105.000000,1.000000
1.514063,0.026967,-0.006627,0.063257,-0.091167,113.232252,105.000000,1.000000
1.515625,0.026924,-0.006482,0.062877,-0.091166,113.003361,105.000000,1.000000
1.517188,0.026883,-0.006335,0.062496,-0.091163,112.774038,105.000000,1.000000
1.518750,0.026842,-0.006189,0.062114,-0.091159,112.544297,105.000000,1.000000
1.520313,0.026801,-0.006042,0.061732,-0.091153,112.314153,105.000000,1.000000
1.521875,0.026761,-0.005895,0.061349,-0.091145,112.083619,105.000000,1.000000
1.523438,0.026721,-0.005747,0.060966,-0.091136,111.852710,105.000000,1.000000
1.525000,0.026682,-0.005599,0.060582,-0.091126,111.621439,105.000000,1.000000
1.526563,0.026644,-0.005450,0.060197,-0.091113,111.389822,105.000000,1.000000
1.528125,0.026606,-0.005301,0.059812,-0.091100,111.157873,105.000000,1.000000
1.529688,0.026568,-0.005152,0.059427,-0.091084,110.925605,105.000000,1.000000
1.531250,0.026532,-0.005003,0.059041,-0.091067,110.693034,105.000000,1.000000
1.532813,0.026495,-0.004853,0.058654,-0.091049,110.460173,105.000000,1.000000
1.534375,0.026460,-0.004702,0.058268,-0.091029,110.227037,105.000000,1.000000
1.535938,0.026424,-0.004552,0.057881,-0.091007,109.993640,105.000000,1.000000
1.537500,0.026390,-0.004401,0.057493,-0.090984,109.759997,105.000000,1.000000
1.539062,0.026356,-0.004250,0.057106,-0.090959,109.526122,105.000000,1.000000
1.540625,0.026322,-0.004098,0.056718,-0.090932,109.292029,105.000000,1.000000
1.542188,0.026290,-0.003947,0.056330,-0.090904,109.057734,105.000000,1.000000
1.543750,0.026257,-0.003795,0.055941,-0.090875,108.823249,105.000000,1.000000
1.545313,0.026226,-0.003643,0.055553,-0.090843,108.588591,105.000000,1.000000
1.546875,0.026195,-0.003490,0.055164,-0.090810,108.353773,105.000000,1.000000
1.548438,0.026164,-0.003338,0.054775,-0.090776,108.118810,105.000000,1.000000
1.550000,0.026135,-0.003185,0.054387,-0.090739,107.883716,105.000000,1.000000
1.551563,0.026105,-0.003032,0.053998,-0.090702,107.648505,105.000000,1.000000
1.553125,0.026077,-0.002879,0.053609,-0.090662,107.413194,105.000000,1.000000
1.554688,0.026049,-0.002725,0.053220,-0.090621,107.177794,105.000000,1.000000
1.556250,0.026022,-0.002572,0.052831,-0.090579,106.942323,105.000000,1.000000
1.557813,0.025995,-0.002418,0.052443,-0.090534,106.706793,105.000000,1.000000
1.559375,0.025969,-0.002264,0.052054,-0.090489,106.471220,105.000000,1.000000
1.560938,0.025943,-0.002110,0.051666,-0.090441,106.235617,105.000000,1.000000
1.562500,0.025919,-0.001956,0.051277,-0.090392,106.000000,105.000000,1.000000
1.564063,0.025894,-0.001802,0.050889,-0.090341,105.764383,105.000000,1.000000
1.565625,0.025871,-0.001647,0.050501,-0.090289,105.528780,105.000000,1.000000
1.567188,0.025848,-0.001493,0.050114,-0.090235,105.293207,105.000000,1.000000
1.568750,0.025826,-0.001339,0.049727,-0.090180,105.057677,105.000000,1.000000
1.570312,0.025804,-0.001184,0.049340,-0.090123,104.822206,105.000000,1.000000
1.571875,0.025783,-0.001030,0.048953,-0.090064,104.586806,105.000000,1.000000
1.573438,0.025763,-0.000875,0.048567,-0.090004,104.351495,105.000000,1.000000
1.575000,0.025743,-0.000721,0.048181,-0.089943,104.116284,105.000000,1.000000
1.576563,0.025724,-0.000566,0.047796,-0.089879,103.881190,105.000000,1.000000
1.578125,0.025706,-0.000412,0.047411,-0.089814,103.646227,105.000000,1.000000
1.579688,0.025688,-0.000257,0.047026,-0.089748,103.411409,105.000000,1.000000
1.581250,0.025671,-0.000103,0.046643,-0.089680,103.176751,105.000000,1.000000
1.582813,0.025654,0.000052,0.046259,-0.089611,102.942266,105.000000,1.000000
1.584375,0.025638,0.000206,0.045877,-0.089540,102.707971,105.000000,1.000000
1.585938,0.025623,0.000361,0.045495,-0.089468,102.473878,105.000000,1.000000
1.587500,0.025609,0.000515,0.045113,-0.089394,102.240003,105.000000,1.000000
1.589063,0.025595,0.000669,0.044733,-0.089319,102.006360,105.000000,1.000000
1.590625,0.025582,0.000823,0.044353,-0.089242,101.772963,105.000000,1.000000
1.592188,0.025569,0.000977,0.043973,-0.089163,101.539827,105.000000,1.000000
1.593750,0.025557,0.001131,0.043595,-0.089084,101.306966,105.000000,1.000000
1.595313,0.025546,0.001284,0.043217,-0.089003,101.074395,105.000000,1.000000
1.596875,0.025535,0.001438,0.042840,-0.088920,100.842127,105.000000,1.000000
1.598438,0.025525,0.001591,0.042464,-0.088836,100.610178,105.000000,1.000000
1.600000,0.025515,0.001744,0.042089,-0.088751,100.378561,105.000000,1.000000
1.601562,0.025507,0.001897,0.041715,-0.088664,100.147290,105.000000,1.000000
1.603125,0.025498,0.002050,0.041342,-0.088576,99.916381,105.000000,1.000000
1.604688,0.025491,0.002202,0.040970,-0.088486,99.685847,105.000000,1.000000
1.606250,0.025484,0.002355,0.040598,-0.088395,99.455703,105.000000,1.000000
1.607813,0.025478,0.002507,0.040228,-0.088303,99.225962,105.000000,1.000000
1.609375,0.025472,0.002659,0.039859,-0.088210,98.996639,105.000000,1.000000
1.610938,0.025467,0.002810,0.039491,-0.088115,98.767748,105.000000,1.000000
1.612500,0.025463,0.002961,0.039123,-0.088019,98.539303,105.000000,1.000000
1.614063,0.025459,0.003112,0.038757,-0.087921,98.311319,105.000000,1.000000
1.615625,0.025456,0.003263,0.038393,-0.087823,98.083809,105.000000,1.000000
1.617188,0.025453,0.003413,0.038029,-0.087723,97.856787,105.000000,1.000000
1.618750,0.025451,0.003563,0.037667,-0.087622,97.630267,105.000000,1.000000
1.620313,0.025449,0.003713,0.037305,-0.087520,97.404263,105.000000,1.000000
1.621875,0.025449,0.003862,0.036945,-0.087416,97.178790,105.000000,1.000000
1.623438,0.025448,0.004011,0.036587,-0.087312,96.953861,105.000000,1.000000
1.625000,0.025449,0.004160,0.036229,-0.087206,96.729490,105.000000,1.000000
1.626563,0.025450,0.004308,0.035873,-0.087099,96.505691,105.000000,1.000000
1.628125,0.025451,0.004456,0.035519,-0.086991,96.282477,105.000000,1.000000
1.629688,0.025453,0.004603,0.035165,-0.086882,96.059863,105.000000,1.000000
1.631250,0.025456,0.004751,0.034813,-0.086772,95.837862,105.000000,1.000000
1.632812,0.025459,0.004897,0.034463,-0.086661,95.616488,105.000000,1.000000
1.634375,0.025463,0.005043,0.034114,-0.086549,95.395755,105.000000,1.000000
1.635938,0.025467,0.005189,0.033766,-0.086436,95.175675,105.000000,1.000000
1.637500,0.025472,0.005334,0.033420,-0.086322,94.956263,105.000000,1.000000
1.639063,0.025477,0.005479,0.033076,-0.086207,94.737533,105.000000,1.000000
1.640625,0.025483,0.005623,0.032733,-0.086091,94.519497,105.000000,1.000000
1.642188,0.025490,0.005767,0.032391,-0.085974,94.302169,105.000000,1.000000
1.643750,0.025496,0.005910,0.032051,-0.085856,94.085563,105.000000,1.000000
1.645313,0.025504,0.006053,0.031713,-0.085737,93.869692,105.000000,1.000000
1.646875,0.025512,0.006195,0.031376,-0.085617,93.654569,105.000000,1.000000
1.648438,0.025520,0.006337,0.031041,-0.085497,93.440208,105.000000,1.000000
1.650000,0.025529,0.006478,0.030708,-0.085376,93.226621,105.000000,1.000000
1.651563,0.025539,0.006619,0.030376,-0.085254,93.013823,105.000000,1.000000
1.653125,0.025549,0.006759,0.030046,-0.085131,92.801825,105.000000,1.000000
1.654688,0.025559,0.006899,0.029718,-0.085007,92.590641,105.000000,1.000000
1.656250,0.025570,0.007038,0.029391,-0.084883,92.380285,105.000000,1.000000
1.657813,0.025581,0.007176,0.029066,-0.084758,92.170769,105.000000,1.000000
1.659375,0.025593,0.007314,0.028743,-0.084633,91.962106,105.000000,1.000000
1.660938,0.025606,0.007451,0.028422,-0.084506,91.754308,105.000000,1.000000
1.662500,0.025618,0.007587,0.028103,-0.084379,91.547390,105.000000,1.000000
1.664062,0.025631,0.007723,0.027785,-0.084252,91.341363,105.000000,1.000000
1.665625,0.025645,0.007858,0.027469,-0.084124,91.136240,105.000000,1.000000
1.667188,0.025659,0.007993,0.027155,-0.083995,90.932034,105.000000,1.000000
1.668750,0.025673,0.008127,0.026843,-0.083866,90.728758,105.000000,1.000000
1.670313,0.025688,0.008260,0.026533,-0.083736,90.526423,105.000000,1.000000
1.671875,0.025703,0.008392,0.026225,-0.083606,90.325043,105.000000,1.000000
1.673438,0.025719,0.008524,0.025919,-0.083476,90.124630,105.000000,1.000000
1.675000,0.025735,0.008655,0.025615,-0.083345,89.925196,105.000000,1.000000
1.676563,0.025751,0.008786,0.025313,-0.083213,89.726754,105.000000,1.000000
1.678125,0.025768,0.008915,0.025012,-0.083082,89.529315,105.000000,1.000000
1.679688,0.025785,0.009044,0.024714,-0.082949,89.332893,105.000000,1.000000
1.681250,0.025802,0.009173,0.024418,-0.082817,89.137499,105.000000,1.000000
1.682813,0.025820,0.009300,0.024123,-0.082684,88.943144,105.000000,1.000000
1.684375,0.025838,0.009427,0.023831,-0.082551,88.749842,105.000000,1.000000
1.685938,0.025857,0.009553,0.023541,-0.082418,88.557604,105.000000,1.000000
1.687500,0.025876,0.009678,0.023253,-0.082285,88.366442,105.000000,1.000000
1.689063,0.025895,0.009803,0.022967,-0.082151,88.176368,105.000000,1.000000
1.690625,0.025914,0.009926,0.022683,-0.082017,87.987393,105.000000,1.000000
1.692188,0.025934,0.010049,0.022401,-0.081883,87.799529,105.000000,1.000000
1.693750,0.025953,0.010171,0.022121,-0.081749,87.612788,105.000000,1.000000
1.695312,0.025974,0.010292,0.021844,-0.081615,87.427182,105.000000,1.000000
1.696875,0.025994,0.010413,0.021568,-0.081481,87.242720,105.000000,1.000000
1.698438,0.026015,0.010533,0.021295,-0.081346,87.059416,105.000000,1.000000
1.700000,0.026036,0.010651,0.021024,-0.081212,86.877280,105.000000,1.000000
1.701563,0.026057,0.010769,0.020755,-0.081078,86.696324,105.000000,1.000000
1.703125,0.026078,0.010886,0.020488,-0.080944,86.516559,105.000000,1.000000
1.704688,0.026100,0.011003,0.020224,-0.080809,86.337995,105.000000,1.000000
1.706250,0.026122,0.011118,0.019962,-0.080675,86.160644,105.000000,1.000000
1.707813,0.026144,0.011233,0.019702,-0.080541,85.984517,105.000000,1.000000
1.709375,0.026166,0.011346,0.019444,-0.080408,85.809625,105.000000,1.000000
1.710938,0.026189,0.011459,0.019188,-0.080274,85.635978,105.000000,1.000000
1.712500,0.026211,0.011571,0.018935,-0.080141,85.463587,105.000000,1.000000
1.714063,0.026234,0.011682,0.018684,-0.080007,85.292463,105.000000,1.000000
1.715625,0.026257,0.011792,0.018435,-0.079875,85.122616,105.000000,1.000000
1.717188,0.026280,0.011902,0.018188,-0.079742,84.954057,105.000000,1.000000
1.718750,0.026303,0.012010,0.017944,-0.079610,84.786797,105.000000,1.000000
1.720313,0.026327,0.012117,0.017702,-0.079478,84.620844,105.000000,1.000000
1.721875,0.026350,0.012224,0.017462,-0.079346,84.456211,105.000000,1.000000
1.723438,0.026374,0.012329,0.017225,-0.079215,84.292907,105.000000,1.000000
1.725000,0.026397,0.012434,0.016990,-0.079084,84.130941,105.000000,1.000000
1.726562,0.026421,0.012538,0.016757,-0.078953,83.970325,105.000000,1.000000
1.728125,0.026445,0.012640,0.016527,-0.078823,83.811067,105.000000,1.000000
1.729688,0.026469,0.012742,0.016299,-0.078694,83.653178,105.000000,1.000000
1.731250,0.026493,0.012843,0.016073,-0.078565,83.496668,105.000000,1.000000
1.732813,0.026517,0.012943,0.015850,-0.078436,83.341546,105.000000,1.000000
1.734375,0.026541,0.013042,0.015629,-0.078309,83.187821,105.000000,1.000000
1.735938,0.026565,0.013140,0.015410,-0.078181,83.035504,105.000000,1.000000
1.737500,0.026590,0.013237,0.015194,-0.078055,82.884603,105.000000,1.000000
1.739063,0.026614,0.013333,0.014980,-0.077929,82.735128,105.000000,1.000000
1.740625,0.026638,0.013428,0.014768,-0.077803,82.587088,105.000000,1.000000
1.742188,0.026662,0.013522,0.014559,-0.077679,82.440492,105.000000,1.000000
1.743750,0.026686,0.013615,0.014352,-0.077555,82.295350,105.000000,1.000000
1.745313,0.026711,0.013707,0.014148,-0.077431,82.151669,105.000000,1.000000
1.746875,0.026735,0.013798,0.013946,-0.077309,82.009460,105.000000,1.000000
1.748438,0.026759,0.013888,0.013746,-0.077187,81.868731,105.000000,1.000000
1.750000,0.026783,0.013977,0.013549,-0.077066,81.729490,105.000000,1.000000
1.751563,0.026807,0.014065,0.013355,-0.076946,81.591747,105.000000,1.000000
1.753125,0.026831,0.014152,0.013162,-0.076827,81.455508,105.000000,1.000000
1.754688,0.026855,0.014238,0.012972,-0.076709,81.320784,105.000000,1.000000
1.756250,0.026879,0.014323,0.012785,-0.076591,81.187583,105.000000,1.000000
1.757812,0.026903,0.014407,0.012600,-0.076475,81.055912,105.000000,1.000000
1.759375,0.026927,0.014490,0.012417,-0.076359,80.925779,105.000000,1.000000
1.760938,0.026950,0.014571,0.012237,-0.076244,80.797193,105.000000,1.000000
1.762500,0.026974,0.014652,0.012059,-0.076131,80.670162,105.000000,1.000000
1.764063,0.026997,0.014732,0.011884,-0.076018,80.544694,105.000000,1.000000
1.765625,0.027021,0.014811,0.011711,-0.075906,80.420795,105.000000,1.000000
1.767188,0.027044,0.014888,0.011540,-0.075796,80.298474,105.000000,1.000000
1.768750,0.027067,0.014965,0.011372,-0.075686,80.177739,105.000000,1.000000
1.770313,0.027090,0.015040,0.011207,-0.075578,80.058597,105.000000,1.000000
1.771875,0.027112,0.015115,0.011044,-0.075471,79.941055,105.000000,1.000000
1.773438,0.027135,0.015188,0.010883,-0.075365,79.825120,105.000000,1.000000
1.775000,0.027157,0.015261,0.010725,-0.075260,79.710800,105.000000,1.000000
1.776563,0.027180,0.015332,0.010569,-0.075156,79.598101,105.000000,1.000000
1.778125,0.027202,0.015402,0.010416,-0.075054,79.487031,105.000000,1.000000
1.779688,0.027224,0.015471,0.010265,-0.074952,79.377597,105.000000,1.000000
1.781250,0.027245,0.015539,0.010116,-0.074852,79.269804,105.000000,1.000000
1.782813,0.027267,0.015606,0.009970,-0.074753,79.163661,105.000000,1.000000
1.784375,0.027288,0.015672,0.009827,-0.074656,79.059173,105.000000,1.000000
1.785938,0.027309,0.015737,0.009686,-0.074559,78.956346,105.000000,1.000000
1.787500,0.027330,0.015801,0.009547,-0.074464,78.855188,105.000000,1.000000
1.789062,0.027350,0.015863,0.009411,-0.074371,78.755705,105.000000,1.000000
1.790625,0.027370,0.015925,0.009277,-0.074279,78.657902,105.000000,1.000000
1.792188,0.027391,0.015985,0.009146,-0.074188,78.561785,105.000000,1.000000
1.793750,0.027410,0.016045,0.009017,-0.074098,78.467361,105.000000,1.000000
1.795313,0.027430,0.016103,0.008891,-0.074010,78.374636,105.000000,1.000000
1.796875,0.027449,0.016160,0.008767,-0.073923,78.283614,105.000000,1.000000
1.798438,0.027468,0.016216,0.008646,-0.073838,78.194302,105.000000,1.000000
1.800000,0.027487,0.016271,0.008527,-0.073754,78.106705,105.000000,1.000000
1.801563,0.027505,0.016325,0.008410,-0.073672,78.020829,105.000000,1.000000
1.803125,0.027523,0.016377,0.008296,-0.073591,77.936679,105.000000,1.000000
1.804688,0.027541,0.016429,0.008185,-0.073512,77.854260,105.000000,1.000000
1.806250,0.027559,0.016479,0.008075,-0.073434,77.773577,105.000000,1.000000
1.807813,0.027576,0.016529,0.007969,-0.073358,77.694635,105.000000,1.000000
1.809375,0.027593,0.016577,0.007865,-0.073283,77.617439,105.000000,1.000000
1.810938,0.027610,0.016624,0.007763,-0.073210,77.541994,105.000000,1.000000
1.812500,0.027626,0.016670,0.007664,-0.073138,77.468305,105.000000,1.000000
1.814063,0.027642,0.016715,0.007567,-0.073068,77.396375,105.000000,1.000000
1.815625,0.027657,0.016759,0.007473,-0.073000,77.326210,105.000000,1.000000
1.817188,0.027673,0.016802,0.007381,-0.072933,77.257813,105.000000,1.000000
1.818750,0.027687,0.016843,0.007291,-0.072868,77.191189,105.000000,1.000000
1.820312,0.027702,0.016883,0.007204,-0.072804,77.126343,105.000000,1.000000
1.821875,0.027716,0.016923,0.007120,-0.072742,77.063277,105.000000,1.000000
1.823438,0.027730,0.016961,0.007038,-0.072682,77.001997,105.000000,1.000000
1.825000,0.027744,0.016998,0.006958,-0.072623,76.942505,105.000000,1.000000
1.826563,0.027757,0.017034,0.006881,-0.072566,76.884806,105.000000,1.000000
1.828125,0.027769,0.017069,0.006806,-0.072511,76.828902,105.000000,1.000000
1.829688,0.027782,0.017102,0.006734,-0.072458,76.774798,105.000000,1.000000
1.831250,0.027794,0.017135,0.006664,-0.072406,76.722497,105.000000,1.000000
1.832813,0.027805,0.017166,0.006597,-0.072356,76.672002,105.000000,1.000000
1.834375,0.027817,0.017196,0.006532,-0.072308,76.623316,105.000000,1.000000
1.835938,0.027827,0.017225,0.006470,-0.072261,76.576442,105.000000,1.000000
1.837500,0.027838,0.017253,0.006410,-0.072216,76.531382,105.000000,1.000000
1.839063,0.027848,0.017280,0.006352,-0.072173,76.488141,105.000000,1.000000
1.840625,0.027857,0.017306,0.006297,-0.072132,76.446720,105.000000,1.000000
1.842188,0.027867,0.017331,0.006245,-0.072093,76.407122,105.000000,1.000000
1.843750,0.027875,0.017354,0.006194,-0.072055,76.369350,105.000000,1.000000
1.845313,0.027884,0.017376,0.006147,-0.072019,76.333405,105.000000,1.000000
1.846875,0.027892,0.017397,0.006102,-0.071985,76.299290,105.000000,1.000000
1.848438,0.027899,0.017417,0.006059,-0.071953,76.267008,105.000000,1.000000
1.850000,0.027906,0.017436,0.006018,-0.071922,76.236559,105.000000,1.000000
1.851562,0.027913,0.017454,0.005980,-0.071893,76.207946,105.000000,1.000000
1.853125,0.027919,0.017471,0.005945,-0.071867,76.181171,105.000000,1.000000
1.854688,0.027925,0.017486,0.005912,-0.071842,76.156236,105.000000,1.000000
1.856250,0.027931,0.017500,0.005881,-0.071818,76.133141,105.000000,1.000000
1.857813,0.027936,0.017513,0.005853,-0.071797,76.111889,105.000000,1.000000
1.859375,0.027940,0.017525,0.005828,-0.071778,76.092480,105.000000,1.000000
1.860938,0.027944,0.017536,0.005804,-0.071760,76.074916,105.000000,1.000000
1.862500,0.027948,0.017546,0.005784,-0.071744,76.059198,105.000000,1.000000
1.864063,0.027951,0.017555,0.005765,-0.071730,76.045327,105.000000,1.000000
1.865625,0.027954,0.017562,0.005749,-0.071718,76.033304,105.000000,1.000000
1.867188,0.027957,0.017568,0.005736,-0.071708,76.023129,105.000000,1.000000
1.868750,0.027959,0.017574,0.005725,-0.071699,76.014803,105.000000,1.000000
1.870313,0.027960,0.017578,0.005716,-0.071693,76.008327,105.000000,1.000000
1.871875,0.027961,0.017580,0.005710,-0.071688,76.003701,105.000000,1.000000
1.873438,0.027962,0.017582,0.005707,-0.071685,76.000925,105.000000,1.000000
1.875000,0.027962,0.017583,0.005705,-0.071685,76.000000,105.000000,0.000000
1.876563,0.027962,0.017590,0.005706,-0.071678,76.000925,104.988863,0.000000
1.878125,0.027961,0.017611,0.005710,-0.071658,76.003701,104.955460,0.000000
1.879688,0.027959,0.017646,0.005715,-0.071625,76.008327,104.899813,0.000000
1.881250,0.027957,0.017695,0.005723,-0.071578,76.014803,104.821962,0.000000
1.882812,0.027954,0.017758,0.005733,-0.071519,76.023129,104.721958,0.000000
1.884375,0.027950,0.017834,0.005745,-0.071446,76.033304,104.599871,0.000000
1.885938,0.027946,0.017925,0.005760,-0.071360,76.045327,104.455784,0.000000
1.887500,0.027942,0.018029,0.005778,-0.071261,76.059198,104.289797,0.000000
1.889063,0.027938,0.018148,0.005798,-0.071149,76.074916,104.102022,0.000000
1.890625,0.027933,0.018279,0.005821,-0.071024,76.092480,103.892589,0.000000
1.892188,0.027929,0.018424,0.005846,-0.070886,76.111889,103.661641,0.000000
1.893750,0.027924,0.018583,0.005875,-0.070736,76.133141,103.409337,0.000000
1.895313,0.027920,0.018755,0.005907,-0.070573,76.156236,103.135848,0.000000
1.896875,0.027917,0.018940,0.005942,-0.070397,76.181171,102.841364,0.000000
1.898438,0.027914,0.019138,0.005981,-0.070210,76.207946,102.526085,0.000000
1.900000,0.027912,0.019349,0.006024,-0.070010,76.236559,102.190227,0.000000
1.901563,0.027911,0.019572,0.006071,-0.069798,76.267008,101.834022,0.000000
1.903125,0.027912,0.019808,0.006121,-0.069574,76.299290,101.457712,0.000000
1.904688,0.027913,0.020056,0.006177,-0.069339,76.333405,101.061556,0.000000
1.906250,0.027917,0.020317,0.006236,-0.069092,76.369350,100.645826,0.000000
1.907813,0.027923,0.020589,0.006301,-0.068834,76.407122,100.210805,0.000000
1.909375,0.027931,0.020873,0.006370,-0.068565,76.446720,99.756793,0.000000
1.910938,0.027941,0.021168,0.006445,-0.068285,76.488141,99.284101,0.000000
1.912500,0.027954,0.021475,0.006526,-0.067995,76.531382,98.793052,0.000000
1.914062,0.027969,0.021792,0.006612,-0.067694,76.576442,98.283984,0.000000
1.915625,0.027988,0.022120,0.006704,-0.067384,76.623316,97.757244,0.000000
1.917188,0.028011,0.022458,0.006802,-0.067064,76.672002,97.213194,0.000000
1.918750,0.028037,0.022807,0.006907,-0.066734,76.722497,96.652207,0.000000
1.920313,0.028066,0.023165,0.007019,-0.066395,76.774798,96.074667,0.000000
1.921875,0.028100,0.023532,0.007137,-0.066048,76.828902,95.480970,0.000000
1.923438,0.028139,0.023909,0.007263,-0.065692,76.884806,94.871524,0.000000
1.925000,0.028181,0.024294,0.007396,-0.065328,76.942505,94.246745,0.000000
1.926563,0.028229,0.024687,0.007537,-0.064956,77.001997,93.607062,0.000000
1.928125,0.028282,0.025088,0.007685,-0.064577,77.063277,92.952913,0.000000
1.929688,0.028339,0.025497,0.007842,-0.064190,77.126343,92.284746,0.000000
1.931250,0.028402,0.025913,0.008006,-0.063797,77.191189,91.603021,0.000000
1.932813,0.028471,0.026336,0.008179,-0.063398,77.257813,90.908203,0.000000
1.934375,0.028546,0.026765,0.008361,-0.062993,77.326210,90.200769,0.000000
1.935938,0.028626,0.027200,0.008551,-0.062583,77.396375,89.481203,0.000000
1.937500,0.028712,0.027640,0.008750,-0.062168,77.468305,88.750000,0.000000
1.939063,0.028805,0.028086,0.008958,-0.061748,77.541994,88.007660,0.000000
1.940625,0.028904,0.028536,0.009175,-0.061324,77.617439,87.254691,0.000000
1.942188,0.029009,0.028990,0.009402,-0.060896,77.694635,86.491611,0.000000
1.943750,0.029121,0.029448,0.009637,-0.060465,77.773577,85.718941,0.000000
1.945312,0.029239,0.029909,0.009882,-0.060032,77.854260,84.937212,0.000000
1.946875,0.029363,0.030373,0.010136,-0.059595,77.936679,84.146958,0.000000
1.948438,0.029495,0.030839,0.010400,-0.059158,78.020829,83.348723,0.000000
1.950000,0.029633,0.031307,0.010672,-0.058718,78.106705,82.543052,0.000000
1.951563,0.029777,0.031776,0.010954,-0.058278,78.194302,81.730499,0.000000
1.953125,0.029928,0.032246,0.011246,-0.057837,78.283614,80.911619,0.000000
1.954688,0.030086,0.032716,0.011546,-0.057396,78.374636,80.086974,0.000000
1.956250,0.030249,0.033187,0.011856,-0.056956,78.467361,79.257130,0.000000
1.957813,0.030420,0.033656,0.012175,-0.056516,78.561785,78.422655,0.000000
1.959375,0.030596,0.034125,0.012503,-0.056078,78.657902,77.584120,0.000000
1.960938,0.030779,0.034592,0.012839,-0.055642,78.755705,76.742101,0.000000
1.962500,0.030967,0.035058,0.013184,-0.055208,78.855188,75.897175,0.000000
1.964063,0.031161,0.035520,0.013538,-0.054776,78.956346,75.049921,0.000000
1.965625,0.031361,0.035981,0.013900,-0.054347,79.059173,74.200919,0.000000
1.967188,0.031566,0.036437,0.014269,-0.053922,79.163661,73.350751,0.000000
1.968750,0.031776,0.036891,0.014647,-0.053501,79.269804,72.500000,0.000000
1.970313,0.031991,0.037340,0.015032,-0.053084,79.377597,71.649249,0.000000
1.971875,0.032210,0.037784,0.015424,-0.052671,79.487031,70.799081,0.000000
1.973438,0.032434,0.038224,0.015823,-0.052264,79.598101,69.950079,0.000000
1.975000,0.032662,0.038659,0.016229,-0.051862,79.710800,69.102825,0.000000
1.976562,0.032893,0.039088,0.016641,-0.051465,79.825120,68.257899,0.000000
1.978125,0.033128,0.039511,0.017059,-0.051075,79.941055,67.415880,0.000000
1.979688,0.033365,0.039928,0.017482,-0.050691,80.058597,66.577345,0.000000
1.981250,0.033605,0.040338,0.017911,-0.050314,80.177739,65.742870,0.000000
1.982813,0.033848,0.040741,0.018344,-0.049943,80.298474,64.913026,0.000000
1.984375,0.034092,0.041137,0.018782,-0.049580,80.420795,64.088381,0.000000
1.985938,0.034338,0.041526,0.019224,-0.049224,80.544694,63.269501,0.000000
1.987500,0.034584,0.041907,0.019670,-0.048876,80.670162,62.456948,0.000000
1.989063,0.034832,0.042280,0.020118,-0.048536,80.797193,61.651277,0.000000
1.990625,0.035079,0.042645,0.020569,-0.048203,80.925779,60.853042,0.000000
1.992188,0.035326,0.043002,0.021023,-0.047879,81.055912,60.062788,0.000000
1.993750,0.035572,0.043350,0.021478,-0.047564,81.187583,59.281059,0.000000
1.995313,0.035817,0.043689,0.021934,-0.047257,81.320784,58.508389,0.000000
1.996875,0.036061,0.044020,0.022392,-0.046959,81.455508,57.745309,0.000000
1.998438,0.036302,0.044341,0.022850,-0.046670,81.591747,56.992340,0.000000
2.000000,0.036541,0.044654,0.023307,-0.046390,81.729490,56.250000,0.000000
2.001562,0.036777,0.044957,0.023765,-0.046118,81.868731,55.518797,0.000000
2.003125,0.037010,0.045250,0.024221,-0.045856,82.009460,54.799231,0.000000
2.004688,0.037238,0.045535,0.024675,-0.045604,82.151669,54.091797,0.000000
2.006250,0.037462,0.045809,0.025128,-0.045360,82.295350,53.396979,0.000000
2.007812,0.037682,0.046074,0.025579,-0.045126,82.440492,52.715254,0.000000
2.009375,0.037896,0.046330,0.026026,-0.044901,82.587088,52.047087,0.000000
2.010938,0.038105,0.046576,0.026471,-0.044686,82.735128,51.392938,0.000000
2.012500,0.038307,0.046812,0.026911,-0.044480,82.884603,50.753255,0.000000
2.014063,0.038503,0.047038,0.027348,-0.044283,83.035504,50.128476,0.000000
2.015625,0.038692,0.047255,0.027779,-0.044096,83.187821,49.519030,0.000000
2.017187,0.038874,0.047462,0.028206,-0.043918,83.341546,48.925333,0.000000
2.018750,0.039048,0.047659,0.028628,-0.043749,83.496668,48.347793,0.000000
2.020313,0.039213,0.047846,0.029043,-0.043590,83.653178,47.786806,0.000000
2.021875,0.039371,0.048024,0.029453,-0.043440,83.811067,47.242756,0.000000
2.023438,0.039519,0.048192,0.029855,-0.043299,83.970325,46.716016,0.000000
2.025000,0.039659,0.048350,0.030251,-0.043167,84.130941,46.206948,0.000000
2.026563,0.039789,0.048499,0.030640,-0.043045,84.292907,45.715899,0.000000
2.028125,0.039908,0.048638,0.031021,-0.042932,84.456211,45.243207,0.000000
2.029688,0.040018,0.048768,0.031394,-0.042827,84.620844,44.789195,0.000000
2.031250,0.040118,0.048887,0.031758,-0.042732,84.786797,44.354174,0.000000
2.032812,0.040206,0.048998,0.032115,-0.042646,84.954057,43.938444,0.000000
2.034375,0.040284,0.049098,0.032462,-0.042568,85.122616,43.542288,0.000000
2.035938,0.040350,0.049190,0.032800,-0.042500,85.292463,43.165978,0.000000
2.037500,0.040406,0.049271,0.033129,-0.042440,85.463587,42.809773,0.000000
2.039062,0.040449,0.049344,0.033448,-0.042390,85.635978,42.473915,0.000000
2.040625,0.040480,0.049406,0.033758,-0.042348,85.809625,42.158636,0.000000
2.042188,0.040500,0.049460,0.034057,-0.042315,85.984517,41.864152,0.000000
2.043750,0.040507,0.049503,0.034347,-0.042290,86.160644,41.590663,0.000000
2.045313,0.040502,0.049538,0.034626,-0.042275,86.337995,41.338359,0.000000
2.046875,0.040485,0.049562,0.034895,-0.042268,86.516559,41.107411,0.000000
2.048437,0.040455,0.049577,0.035153,-0.042270,86.696324,40.897978,0.000000
2.050000,0.040412,0.049583,0.035400,-0.042281,86.877280,40.710203,0.000000
2.051563,0.040356,0.049578,0.035637,-0.042300,87.059416,40.544216,0.000000
2.053125,0.040288,0.049564,0.035863,-0.042329,87.242720,40.400129,0.000000
2.054688,0.040208,0.049541,0.036078,-0.042367,87.427182,40.278042,0.000000
2.056250,0.040114,0.049507,0.036282,-0.042413,87.612788,40.178038,0.000000
2.057813,0.040007,0.049464,0.036475,-0.042469,87.799529,40.100187,0.000000
2.059375,0.039888,0.049410,0.036657,-0.042533,87.987393,40.044540,0.000000
2.060938,0.039757,0.049346,0.036829,-0.042607,88.176368,40.011137,0.000000
2.062500,0.039612,0.049272,0.036990,-0.042690,88.366442,40.000000,0.000000
2.064062,0.039461,0.049193,0.037145,-0.042778,88.557604,40.000000,0.000000
2.065625,0.039310,0.049112,0.037303,-0.042866,88.749842,40.000000,0.000000
2.067188,0.039158,0.049031,0.037461,-0.042954,88.943144,40.000000,0.000000
2.068750,0.039005,0.048948,0.037620,-0.043042,89.137499,40.000000,0.000000
2.070312,0.038852,0.048865,0.037781,-0.043129,89.332893,40.000000,0.000000
2.071875,0.038698,0.048780,0.037943,-0.043217,89.529315,40.000000,0.000000
2.073438,0.038544,0.048695,0.038105,-0.043304,89.726754,40.000000,0.000000
2.075000,0.038390,0.048608,0.038269,-0.043391,89.925196,40.000000,0.000000
2.076563,0.038234,0.048521,0.038434,-0.043479,90.124630,40.000000,0.000000
2.078125,0.038079,0.048433,0.038601,-0.043566,90.325043,40.000000,0.000000
2.079687,0.037923,0.048344,0.038768,-0.043653,90.526423,40.000000,0.000000
2.081250,0.037766,0.048253,0.038936,-0.043739,90.728758,40.000000,0.000000
2.082813,0.037610,0.048162,0.039106,-0.043826,90.932034,40.000000,0.000000
2.084375,0.037452,0.048070,0.039277,-0.043912,91.136240,40.000000,0.000000
2.085938,0.037295,0.047977,0.039448,-0.043998,91.341363,40.000000,0.000000
2.087500,0.037137,0.047883,0.039621,-0.044084,91.547390,40.000000,0.000000
2.089063,0.036978,0.047787,0.039795,-0.044169,91.754308,40.000000,0.000000
2.090625,0.036820,0.047691,0.039970,-0.044255,91.962106,40.000000,0.000000
2.092188,0.036661,0.047594,0.040146,-0.044340,92.170769,40.000000,0.000000
2.093750,0.036502,0.047496,0.040323,-0.044424,92.380285,40.000000,0.000000
2.095312,0.036342,0.047397,0.040500,-0.044509,92.590641,40.000000,0.000000
2.096875,0.036182,0.047297,0.040679,-0.044593,92.801825,40.000000,0.000000
2.098438,0.036022,0.047196,0.040859,-0.044677,93.013823,40.000000,0.000000
2.100000,0.035862,0.047094,0.041040,-0.044760,93.226621,40.000000,0.000000
2.101562,0.035702,0.046991,0.041222,-0.044843,93.440208,40.000000,0.000000
2.103125,0.035541,0.046887,0.041405,-0.044926,93.654569,40.000000,0.000000
2.104688,0.035380,0.046782,0.041589,-0.045008,93.869692,40.000000,0.000000
2.106250,0.035219,0.046676,0.041774,-0.045090,94.085563,40.000000,0.000000
2.107813,0.035058,0.046570,0.041960,-0.045171,94.302169,40.000000,0.000000
2.109375,0.034897,0.046462,0.042146,-0.045252,94.519497,40.000000,0.000000
2.110937,0.034735,0.046353,0.042334,-0.045333,94.737533,40.000000,0.000000
2.112500,0.034574,0.046243,0.042522,-0.045413,94.956263,40.000000,0.000000
2.114063,0.034412,0.046133,0.042712,-0.045492,95.175675,40.000000,0.000000
2.115625,0.034251,0.046021,0.042902,-0.045571,95.395755,40.000000,0.000000
2.117188,0.034089,0.045908,0.043093,-0.045650,95.616488,40.000000,0.000000
2.118750,0.033927,0.045795,0.043285,-0.045728,95.837862,40.000000,0.000000
2.120313,0.033766,0.045680,0.043478,-0.045806,96.059863,40.000000,0.000000
2.121875,0.033604,0.045565,0.043671,-0.045883,96.282477,40.000000,0.000000
2.123438,0.033442,0.045448,0.043866,-0.045959,96.505691,40.000000,0.000000
2.125000,0.033281,0.045331,0.044061,-0.046035,96.729490,40.000000,0.000000
2.126562,0.033119,0.045213,0.044257,-0.046110,96.953861,40.000000,0.000000
2.128125,0.032957,0.045094,0.044454,-0.046185,97.178790,40.000000,0.000000
2.129688,0.032796,0.044973,0.044652,-0.046259,97.404263,40.000000,0.000000
2.131250,0.032634,0.044852,0.044850,-0.046333,97.630267,40.000000,0.000000
2.132812,0.032473,0.044730,0.045049,-0.046406,97.856787,40.000000,0.000000
2.134375,0.032312,0.044608,0.045249,-0.046478,98.083809,40.000000,0.000000
2.135938,0.032151,0.044484,0.045450,-0.046550,98.311319,40.000000,0.000000
2.137500,0.031990,0.044359,0.045651,-0.046621,98.539303,40.000000,0.000000
2.139063,0.031830,0.044234,0.045853,-0.046691,98.767748,40.000000,0.000000
2.140625,0.031669,0.044107,0.046056,-0.046761,98.996639,40.000000,0.000000
2.142187,0.031509,0.043980,0.046259,-0.046830,99.225962,40.000000,0.000000
2.143750,0.031349,0.043852,0.046463,-0.046898,99.455703,40.000000,0.000000
2.145313,0.031189,0.043723,0.046668,-0.046966,99.685847,40.000000,0.000000
2.146875,0.031029,0.043593,0.046873,-0.047033,99.916381,40.000000,0.000000
2.148438,0.030870,0.043462,0.047079,-0.047099,100.147290,40.000000,0.000000
2.150000,0.030711,0.043330,0.047285,-0.047165,100.378561,40.000000,0.000000
2.151563,0.030552,0.043198,0.047492,-0.047229,100.610178,40.000000,0.000000
2.153125,0.030394,0.043065,0.047699,-0.047293,100.842127,40.000000,0.000000
2.154688,0.030236,0.042930,0.047908,-0.047356,101.074395,40.000000,0.000000
2.156250,0.030078,0.042795,0.048116,-0.047419,101.306966,40.000000,0.000000
2.157812,0.029921,0.042660,0.048325,-0.047481,101.539827,40.000000,0.000000
2.159375,0.029764,0.042523,0.048535,-0.047542,101.772963,40.000000,0.000000
2.160938,0.029607,0.042386,0.048745,-0.047602,102.006360,40.000000,0.000000
2.162500,0.029451,0.042248,0.048955,-0.047661,102.240003,40.000000,0.000000
2.164062,0.029295,0.042109,0.049166,-0.047720,102.473878,40.000000,0.000000
2.165625,0.029140,0.041969,0.049378,-0.047777,102.707971,40.000000,0.000000
2.167188,0.028985,0.041829,0.049590,-0.047834,102.942266,40.000000,0.000000
2.168750,0.028830,0.041688,0.049802,-0.047890,103.176751,40.000000,0.000000
2.170313,0.028676,0.041546,0.050015,-0.047945,103.411409,40.000000,0.000000
2.171875,0.028522,0.041403,0.050228,-0.048000,103.646227,40.000000,0.000000
2.173437,0.028369,0.041260,0.050441,-0.048053,103.881190,40.000000,0.000000
2.175000,0.028217,0.041116,0.050655,-0.048106,104.116284,40.000000,0.000000
2.176563,0.028065,0.040971,0.050869,-0.048158,104.351495,40.000000,0.000000
2.178125,0.027913,0.040825,0.051083,-0.048209,104.586806,40.000000,0.000000
2.179688,0.027762,0.040679,0.051298,-0.048259,104.822206,40.000000,0.000000
2.181250,0.027612,0.040533,0.051512,-0.048309,105.057677,40.000000,0.000000
2.182813,0.027462,0.040385,0.051728,-0.048357,105.293207,40.000000,0.000000
2.184375,0.027312,0.040237,0.051943,-0.048405,105.528780,40.000000,0.000000
2.185938,0.027164,0.040088,0.052159,-0.048451,105.764383,40.000000,0.000000
2.187500,0.027016,0.039939,0.052374,-0.048497,106.000000,40.000000,0.000000
2.189062,0.026868,0.039789,0.052590,-0.048542,106.235617,40.000000,0.000000
2.190625,0.026721,0.039639,0.052806,-0.048586,106.471220,40.000000,0.000000
2.192188,0.026575,0.039488,0.053023,-0.048629,106.706793,40.000000,0.000000
2.193750,0.026430,0.039336,0.053239,-0.048671,106.942323,40.000000,0.000000
2.195312,0.026285,0.039184,0.053456,-0.048713,107.177794,40.000000,0.000000
2.196875,0.026140,0.039031,0.053672,-0.048753,107.413194,40.000000,0.000000
2.198438,0.025997,0.038877,0.053889,-0.048792,107.648505,40.000000,0.000000
2.200000,0.025854,0.038724,0.054106,-0.048831,107.883716,40.000000,0.000000
2.201563,0.025712,0.038569,0.054323,-0.048869,108.118810,40.000000,0.000000
2.203125,0.025570,0.038414,0.054540,-0.048906,108.353773,40.000000,0.000000
2.204687,0.025430,0.038259,0.054757,-0.048941,108.588591,40.000000,0.000000
2.206250,0.025290,0.038103,0.054973,-0.048976,108.823249,40.000000,0.000000
2.207813,0.025150,0.037947,0.055190,-0.049010,109.057734,40.000000,0.000000
2.209375,0.025012,0.037790,0.055407,-0.049044,109.292029,40.000000,0.000000
2.210938,0.024874,0.037633,0.055624,-0.049076,109.526122,40.000000,0.000000
2.212500,0.024737,0.037476,0.055841,-0.049107,109.759997,40.000000,0.000000
2.214063,0.024601,0.037318,0.056057,-0.049137,109.993640,40.000000,0.000000
2.215625,0.024466,0.037159,0.056274,-0.049167,110.227037,40.000000,0.000000
2.217188,0.024331,0.037001,0.056490,-0.049195,110.460173,40.000000,0.000000
2.218750,0.024197,0.036842,0.056706,-0.049223,110.693034,40.000000,0.000000
2.220312,0.024064,0.036682,0.056923,-0.049250,110.925605,40.000000,0.000000
2.221875,0.023932,0.036523,0.057138,-0.049276,111.157873,40.000000,0.000000
2.223438,0.023801,0.036363,0.057354,-0.049301,111.389822,40.000000,0.000000
2.225000,0.023670,0.036202,0.057570,-0.049325,111.621439,40.000000,0.000000
2.226562,0.023541,0.036042,0.057785,-0.049348,111.852710,40.000000,0.000000
2.228125,0.023412,0.035881,0.058000,-0.049370,112.083619,40.000000,0.000000
2.229688,0.023284,0.035720,0.058215,-0.049391,112.314153,40.000000,0.000000
2.231250,0.023157,0.035558,0.058429,-0.049412,112.544297,40.000000,0.000000
2.232813,0.023031,0.035397,0.058644,-0.049431,112.774038,40.000000,0.000000
2.234375,0.022905,0.035235,0.058857,-0.049450,113.003361,40.000000,0.000000
2.235937,0.022781,0.035073,0.059071,-0.049467,113.232252,40.000000,0.000000
2.237500,0.022657,0.034910,0.059284,-0.049484,113.460697,40.000000,0.000000
2.239063,0.022534,0.034748,0.059497,-0.049500,113.688681,40.000000,0.000000
2.240625,0.022413,0.034586,0.059709,-0.049515,113.916191,40.000000,0.000000
2.242188,0.022292,0.034423,0.059922,-0.049529,114.143213,40.000000,0.000000
2.243750,0.022172,0.034260,0.060133,-0.049543,114.369733,40.000000,0.000000
2.245313,0.022053,0.034097,0.060344,-0.049555,114.595737,40.000000,0.000000
2.246875,0.021935,0.033934,0.060555,-0.049567,114.821210,40.000000,0.000000
2.248438,0.021818,0.033771,0.060766,-0.049578,115.046139,40.000000,0.000000
2.250000,0.021701,0.033608,0.060975,-0.049588,115.270510,40.000000,0.000000
2.251562,0.021586,0.033445,0.061185,-0.049597,115.494309,40.000000,0.000000
2.253125,0.021472,0.033282,0.061394,-0.049605,115.717523,40.000000,0.000000
2.254688,0.021358,0.033119,0.061602,-0.049612,115.940137,40.000000,0.000000
2.256250,0.021246,0.032956,0.061810,-0.049619,116.162138,40.000000,0.000000
2.257812,0.021134,0.032793,0.062017,-0.049625,116.383512,40.000000,0.000000
2.259375,0.021023,0.032630,0.062223,-0.049629,116.604245,40.000000,0.000000
2.260938,0.020914,0.032467,0.062429,-0.049634,116.824325,40.000000,0.000000
2.262500,0.020805,0.032304,0.062635,-0.049637,117.043737,40.000000,0.000000
2.264063,0.020697,0.032141,0.062839,-0.049639,117.262467,40.000000,0.000000
2.265625,0.020591,0.031978,0.063044,-0.049641,117.480503,40.000000,0.000000
2.267187,0.020485,0.031816,0.063247,-0.049642,117.697831,40.000000,0.000000
2.268750,0.020380,0.031653,0.063450,-0.049642,117.914437,40.000000,0.000000
2.270313,0.020276,0.031491,0.063652,-0.049642,118.130308,40.000000,0.000000
2.271875,0.020173,0.031329,0.063853,-0.049640,118.345431,40.000000,0.000000
2.273438,0.020071,0.031167,0.064054,-0.049638,118.559792,40.000000,0.000000
2.275000,0.019970,0.031005,0.064254,-0.049636,118.773379,40.000000,0.000000
2.276563,0.019870,0.030844,0.064453,-0.049632,118.986177,40.000000,0.000000
2.278125,0.019771,0.030683,0.064652,-0.049628,119.198175,40.000000,0.000000
2.279688,0.019673,0.030522,0.064849,-0.049623,119.409359,40.000000,0.000000
2.281250,0.019576,0.030361,0.065046,-0.049617,119.619715,40.000000,0.000000
2.282812,0.019480,0.030200,0.065242,-0.049611,119.829231,40.000000,0.000000
2.284375,0.019385,0.030040,0.065437,-0.049604,120.037894,40.000000,0.000000
2.285938,0.019291,0.029880,0.065632,-0.049596,120.245692,40.000000,0.000000
2.287500,0.019197,0.029721,0.065825,-0.049587,120.452610,40.000000,0.000000
2.289062,0.019105,0.029562,0.066018,-0.049578,120.658637,40.000000,0.000000
2.290625,0.019014,0.029403,0.066210,-0.049569,120.863760,40.000000,0.000000
2.292188,0.018924,0.029245,0.066401,-0.049558,121.067966,40.000000,0.000000
2.293750,0.018834,0.029087,0.066591,-0.049547,121.271242,40.000000,0.000000
2.295313,0.018746,0.028929,0.066780,-0.049536,121.473577,40.000000,0.000000
2.296875,0.018659,0.028772,0.066968,-0.049524,121.674957,40.000000,0.000000
2.298437,0.018572,0.028616,0.067155,-0.049511,121.875370,40.000000,0.000000
2.300000,0.018487,0.028459,0.067341,-0.049497,122.074804,40.000000,0.000000
2.301563,0.018403,0.028304,0.067527,-0.049483,122.273246,40.000000,0.000000
2.303125,0.018319,0.028148,0.067711,-0.049469,122.470685,40.000000,0.000000
2.304688,0.018237,0.027994,0.067894,-0.049454,122.667107,40.000000,0.000000
2.306250,0.018155,0.027840,0.068076,-0.049438,122.862501,40.000000,0.000000
2.307813,0.018074,0.027686,0.068258,-0.049422,123.056856,40.000000,0.000000
2.309375,0.017995,0.027533,0.068438,-0.049405,123.250158,40.000000,0.000000
2.310938,0.017916,0.027380,0.068617,-0.049388,123.442396,40.000000,0.000000
2.312500,0.017838,0.027229,0.068795,-0.049370,123.633558,40.000000,0.000000
2.314062,0.017759,0.027070,0.068970,-0.049359,123.823632,40.011137,0.000000
2.315625,0.017677,0.026898,0.069140,-0.049363,124.012607,40.044540,0.000000
2.317188,0.017592,0.026711,0.069304,-0.049380,124.200471,40.100187,0.000000
2.318750,0.017504,0.026511,0.069464,-0.049412,124.387212,40.178038,0.000000
2.320312,0.017414,0.026296,0.069619,-0.049457,124.572818,40.278042,0.000000
2.321875,0.017321,0.026068,0.069770,-0.049517,124.757280,40.400129,0.000000
2.323438,0.017226,0.025825,0.069917,-0.049592,124.940584,40.544216,0.000000
2.325000,0.017129,0.025569,0.070059,-0.049680,125.122720,40.710203,0.000000
2.326563,0.017030,0.025298,0.070198,-0.049783,125.303676,40.897978,0.000000
2.328125,0.016930,0.025014,0.070333,-0.049900,125.483441,41.107411,0.000000
2.329687,0.016829,0.024716,0.070466,-0.050031,125.662005,41.338359,0.000000
2.331250,0.016728,0.024404,0.070595,-0.050177,125.839356,41.590663,0.000000
2.332813,0.016626,0.024079,0.070722,-0.050336,126.015483,41.864152,0.000000
2.334375,0.016524,0.023740,0.070847,-0.050510,126.190375,42.158636,0.000000
2.335938,0.016422,0.023387,0.070970,-0.050697,126.364022,42.473915,0.000000
2.337500,0.016321,0.023021,0.071092,-0.050899,126.536413,42.809773,0.000000
2.339063,0.016221,0.022642,0.071212,-0.051114,126.707537,43.165978,0.000000
2.340625,0.016122,0.022250,0.071332,-0.051343,126.877384,43.542288,0.000000
2.342188,0.016026,0.021844,0.071452,-0.051586,127.045943,43.938444,0.000000
2.343750,0.015931,0.021426,0.071571,-0.051842,127.213203,44.354174,0.000000
2.345312,0.015840,0.020995,0.071692,-0.052111,127.379156,44.789195,0.000000
2.346875,0.015751,0.020552,0.071813,-0.052393,127.543789,45.243207,0.000000
2.348438,0.015666,0.020097,0.071935,-0.052689,127.707093,45.715899,0.000000
2.350000,0.015585,0.019630,0.072060,-0.052997,127.869059,46.206948,0.000000
2.351562,0.015508,0.019151,0.072186,-0.053317,128.029675,46.716016,0.000000
2.353125,0.015436,0.018660,0.072315,-0.053650,128.188933,47.242756,0.000000
2.354688,0.015369,0.018159,0.072447,-0.053994,128.346822,47.786806,0.000000
2.356250,0.015307,0.017646,0.072583,-0.054351,128.503332,48.347793,0.000000
2.357813,0.015252,0.017123,0.072722,-0.054718,128.658454,48.925333,0.000000
2.359375,0.015203,0.016590,0.072866,-0.055097,128.812179,49.519030,0.000000
2.360937,0.015161,0.016047,0.073014,-0.055486,128.964496,50.128476,0.000000
2.362500,0.015126,0.015495,0.073167,-0.055886,129.115397,50.753255,0.000000
2.364063,0.015099,0.014933,0.073326,-0.056296,129.264872,51.392938,0.000000
2.365625,0.015080,0.014363,0.073491,-0.056715,129.412912,52.047087,0.000000
2.367188,0.015069,0.013785,0.073662,-0.057143,129.559508,52.715254,0.000000
2.368750,0.015066,0.013199,0.073839,-0.057581,129.704650,53.396979,0.000000
2.370313,0.015073,0.012606,0.074023,-0.058026,129.848331,54.091797,0.000000
2.371875,0.015089,0.012006,0.074214,-0.058480,129.990540,54.799231,0.000000
2.373438,0.015115,0.011400,0.074412,-0.058941,130.131269,55.518797,0.000000
2.375000,0.015150,0.010787,0.074619,-0.059409,130.270510,56.250000,0.000000
2.376562,0.015196,0.010170,0.074833,-0.059883,130.408253,56.992340,0.000000
2.378125,0.015252,0.009548,0.075055,-0.060363,130.544492,57.745309,0.000000
2.379688,0.015319,0.008921,0.075286,-0.060849,130.679216,58.508389,0.000000
2.381250,0.015396,0.008291,0.075526,-0.061340,130.812417,59.281059,0.000000
2.382812,0.015484,0.007657,0.075774,-0.061835,130.944088,60.062788,0.000000
2.384375,0.015584,0.007022,0.076031,-0.062333,131.074221,60.853042,0.000000
2.385938,0.015694,0.006384,0.076297,-0.062835,131.202807,61.651277,0.000000
2.387500,0.015816,0.005744,0.076572,-0.063340,131.329838,62.456948,0.000000
2.389063,0.015949,0.005104,0.076856,-0.063847,131.455306,63.269501,0.000000
2.390625,0.016093,0.004464,0.077150,-0.064356,131.579205,64.088381,0.000000
2.392187,0.016249,0.003824,0.077452,-0.064865,131.701526,64.913026,0.000000
2.393750,0.016416,0.003185,0.077764,-0.065375,131.822261,65.742870,0.000000
2.395313,0.016594,0.002547,0.078084,-0.065885,131.941403,66.577345,0.000000
2.396875,0.016784,0.001912,0.078414,-0.066394,132.058945,67.415880,0.000000
2.398438,0.016984,0.001279,0.078753,-0.066902,132.174880,68.257899,0.000000
2.400000,0.017196,0.000649,0.079100,-0.067408,132.289200,69.102825,0.000000
2.401563,0.017418,0.000023,0.079456,-0.067912,132.401899,69.950079,0.000000
2.403125,0.017650,-0.000598,0.079820,-0.068414,132.512969,70.799081,0.000000
2.404688,0.017893,-0.001215,0.080192,-0.068911,132.622403,71.649249,0.000000
2.406250,0.018146,-0.001826,0.080572,-0.069405,132.730196,72.500000,0.000000
2.407813,0.018408,-0.002431,0.080960,-0.069895,132.836339,73.350751,0.000000
2.409375,0.018680,-0.003030,0.081355,-0.070380,132.940827,74.200919,0.000000
2.410938,0.018961,-0.003622,0.081757,-0.070859,133.043654,75.049921,0.000000
2.412500,0.019251,-0.004207,0.082165,-0.071333,133.144812,75.897175,0.000000
2.414062,0.019549,-0.004784,0.082579,-0.071800,133.244295,76.742101,0.000000
2.415625,0.019855,-0.005353,0.083000,-0.072261,133.342098,77.584120,0.000000
2.417188,0.020169,-0.005913,0.083425,-0.072715,133.438215,78.422655,0.000000
2.418750,0.020489,-0.006464,0.083856,-0.073162,133.532639,79.257130,0.000000
2.420313,0.020816,-0.007005,0.084291,-0.073601,133.625364,80.086974,0.000000
2.421875,0.021149,-0.007537,0.084730,-0.074032,133.716386,80.911619,0.000000
2.423438,0.021488,-0.008059,0.085172,-0.074454,133.805698,81.730499,0.000000
2.425000,0.021832,-0.008570,0.085617,-0.074868,133.893295,82.543052,0.000000
2.426563,0.022180,-0.009071,0.086065,-0.075273,133.979171,83.348723,0.000000
2.428125,0.022533,-0.009560,0.086514,-0.075669,134.063321,84.146958,0.000000
2.429688,0.022889,-0.010039,0.086965,-0.076056,134.145740,84.937212,0.000000
2.431250,0.023247,-0.010506,0.087417,-0.076433,134.226423,85.718941,0.000000
2.432813,0.023608,-0.010962,0.087869,-0.076800,134.305365,86.491611,0.000000
2.434375,0.023971,-0.011406,0.088320,-0.077157,134.382561,87.254691,0.000000
2.435938,0.024335,-0.011838,0.088770,-0.077505,134.458006,88.007660,0.000000
2.437500,0.024699,-0.012259,0.089219,-0.077842,134.531695,88.750000,0.000000
2.439063,0.025064,-0.012667,0.089666,-0.078169,134.603625,89.481203,0.000000
2.440625,0.025427,-0.013063,0.090110,-0.078486,134.673790,90.200769,0.000000
2.442188,0.025790,-0.013447,0.090550,-0.078793,134.742187,90.908203,0.000000
2.443750,0.026151,-0.013819,0.090987,-0.079090,134.808811,91.603021,0.000000
2.445312,0.026509,-0.014179,0.091420,-0.079376,134.873657,92.284746,0.000000
2.446875,0.026865,-0.014526,0.091847,-0.079652,134.936723,92.952913,0.000000
2.448438,0.027217,-0.014862,0.092269,-0.079918,134.998003,93.607062,0.000000
2.450000,0.027565,-0.015185,0.092685,-0.080174,135.057495,94.246745,0.000000
2.451563,0.027909,-0.015496,0.093093,-0.080419,135.115194,94.871524,0.000000
2.453125,0.028247,-0.015796,0.093495,-0.080655,135.171098,95.480970,0.000000
2.454688,0.028580,-0.016083,0.093889,-0.080881,135.225202,96.074667,0.000000
2.456250,0.028907,-0.016359,0.094275,-0.081097,135.277503,96.652207,0.000000
2.457813,0.029227,-0.016623,0.094652,-0.081303,135.327998,97.213194,0.000000
2.459375,0.029540,-0.016876,0.095020,-0.081500,135.376684,97.757244,0.000000
2.460938,0.029845,-0.017117,0.095378,-0.081688,135.423558,98.283984,0.000000
2.462500,0.030142,-0.017347,0.095725,-0.081867,135.468618,98.793052,0.000000
2.464063,0.030430,-0.017566,0.096062,-0.082036,135.511859,99.284101,0.000000
2.465625,0.030709,-0.017774,0.096388,-0.082197,135.553280,99.756793,0.000000
2.467188,0.030979,-0.017971,0.096703,-0.082348,135.592878,100.210805,0.000000
2.468750,0.031239,-0.018158,0.097005,-0.082492,135.630650,100.645826,0.000000
2.470313,0.031489,-0.018334,0.097296,-0.082627,135.666595,101.061556,0.000000
2.471875,0.031729,-0.018500,0.097573,-0.082754,135.700710,101.457712,0.000000
2.473438,0.031957,-0.018656,0.097838,-0.082872,135.732992,101.834022,0.000000
2.475000,0.032174,-0.018802,0.098089,-0.082983,135.763441,102.190227,0.000000
2.476562,0.032380,-0.018938,0.098327,-0.083087,135.792054,102.526085,0.000000
2.478125,0.032574,-0.019065,0.098551,-0.083182,135.818829,102.841364,0.000000
2.479688,0.032755,-0.019182,0.098760,-0.083271,135.843764,103.135848,0.000000
2.481250,0.032924,-0.019290,0.098955,-0.083352,135.866859,103.409337,0.000000
2.482813,0.033081,-0.019389,0.099135,-0.083426,135.888111,103.661641,0.000000
2.484375,0.033224,-0.019478,0.099301,-0.083494,135.907520,103.892589,0.000000
2.485938,0.033355,-0.019559,0.099451,-0.083554,135.925084,104.102022,0.000000
2.487500,0.033472,-0.019631,0.099586,-0.083608,135.940802,104.289797,0.000000
2.489063,0.033576,-0.019694,0.099705,-0.083655,135.954673,104.455784,0.000000
2.490625,0.033667,-0.019749,0.099809,-0.083696,135.966696,104.599871,0.000000
2.492188,0.033743,-0.019795,0.099897,-0.083730,135.976871,104.721958,0.000000
2.493750,0.033806,-0.019832,0.099969,-0.083758,135.985197,104.821962,0.000000
2.495313,0.033855,-0.019861,0.100025,-0.083779,135.991673,104.899813,0.000000
2.496875,0.033890,-0.019882,0.100065,-0.083795,135.996299,104.955460,0.000000
2.498438,0.033911,-0.019895,0.100089,-0.083804,135.999075,104.988863,0.000000
2.500000,0.033918,-0.019899,0.100097,-0.083807,136.000000,105.000000,1.000000
2.501563,0.033918,-0.019898,0.100096,-0.083808,135.999075,105.000000,1.000000
2.503125,0.033917,-0.019897,0.100092,-0.083810,135.996299,105.000000,1.000000
2.504688,0.033915,-0.019894,0.100085,-0.083813,135.991673,105.000000,1.000000
2.506250,0.033912,-0.019891,0.100075,-0.083817,135.985197,105.000000,1.000000
2.507812,0.033908,-0.019887,0.100062,-0.083822,135.976871,105.000000,1.000000
2.509375,0.033904,-0.019882,0.100046,-0.083829,135.966696,105.000000,1.000000
2.510938,0.033899,-0.019875,0.100028,-0.083836,135.954673,105.000000,1.000000
2.512500,0.033893,-0.019868,0.100007,-0.083845,135.940802,105.000000,1.000000
2.514063,0.033887,-0.019860,0.099983,-0.083855,135.925084,105.000000,1.000000
2.515625,0.033880,-0.019851,0.099956,-0.083866,135.907520,105.000000,1.000000
2.517188,0.033872,-0.019841,0.099926,-0.083879,135.888111,105.000000,1.000000
2.518750,0.033863,-0.019830,0.099893,-0.083892,135.866859,105.000000,1.000000
2.520313,0.033853,-0.019818,0.099858,-0.083907,135.843764,105.000000,1.000000
2.521875,0.033843,-0.019805,0.099820,-0.083923,135.818829,105.000000,1.000000
2.523438,0.033832,-0.019792,0.099778,-0.083940,135.792054,105.000000,1.000000
2.525000,0.033820,-0.019777,0.099735,-0.083958,135.763441,105.000000,1.000000
2.526563,0.033807,-0.019761,0.099688,-0.083977,135.732992,105.000000,1.000000
2.528125,0.033794,-0.019744,0.099638,-0.083998,135.700710,105.000000,1.000000
2.529688,0.033780,-0.019727,0.099586,-0.084019,135.666595,105.000000,1.000000
2.531250,0.033765,-0.019708,0.099531,-0.084042,135.630650,105.000000,1.000000
2.532813,0.033749,-0.019689,0.099473,-0.084066,135.592878,105.000000,1.000000
2.534375,0.033733,-0.019668,0.099412,-0.084091,135.553280,105.000000,1.000000
2.535938,0.033716,-0.019647,0.099348,-0.084117,135.511859,105.000000,1.000000
2.537500,0.033698,-0.019624,0.099281,-0.084144,135.468618,105.000000,1.000000
2.539062,0.033679,-0.019601,0.099212,-0.084172,135.423558,105.000000,1.000000
2.540625,0.033660,-0.019577,0.099140,-0.084201,135.376684,105.000000,1.000000
2.542188,0.033640,-0.019551,0.099065,-0.084232,135.327998,105.000000,1.000000
2.543750,0.033619,-0.019525,0.098987,-0.084263,135.277503,105.000000,1.000000
2.545313,0.033598,-0.019498,0.098907,-0.084295,135.225202,105.000000,1.000000
2.546875,0.033575,-0.019470,0.098823,-0.084329,135.171098,105.000000,1.000000
2.548438,0.033553,-0.019441,0.098737,-0.084363,135.115194,105.000000,1.000000
2.550000,0.033529,-0.019411,0.098648,-0.084399,135.057495,105.000000,1.000000
2.551563,0.033505,-0.019379,0.098556,-0.084436,134.998003,105.000000,1.000000
2.553125,0.033480,-0.019347,0.098462,-0.084473,134.936723,105.000000,1.000000
2.554688,0.033454,-0.019315,0.098364,-0.084512,134.873657,105.000000,1.000000
2.556250,0.033428,-0.019281,0.098264,-0.084551,134.808811,105.000000,1.000000
2.557813,0.033401,-0.019246,0.098161,-0.084592,134.742187,105.000000,1.000000
2.559375,0.033373,-0.019210,0.098055,-0.084633,134.673790,105.000000,1.000000
2.560938,0.033344,-0.019173,0.097947,-0.084675,134.603625,105.000000,1.000000
2.562500,0.033315,-0.019135,0.097835,-0.084719,134.531695,105.000000,1.000000
2.564063,0.033286,-0.019097,0.097721,-0.084763,134.458006,105.000000,1.000000
2.565625,0.033255,-0.019057,0.097604,-0.084808,134.382561,105.000000,1.000000
2.567188,0.033224,-0.019016,0.097485,-0.084854,134.305365,105.000000,1.000000
2.568750,0.033193,-0.018975,0.097362,-0.084901,134.226423,105.000000,1.000000
2.570312,0.033160,-0.018932,0.097237,-0.084949,134.145740,105.000000,1.000000
2.571875,0.033127,-0.018889,0.097109,-0.084997,134.063321,105.000000,1.000000
2.573438,0.033094,-0.018844,0.096978,-0.085047,133.979171,105.000000,1.000000
2.575000,0.033060,-0.018799,0.096845,-0.085097,133.893295,105.000000,1.000000
2.576563,0.033025,-0.018752,0.096708,-0.085148,133.805698,105.000000,1.000000
2.578125,0.032989,-0.018705,0.096569,-0.085200,133.716386,105.000000,1.000000
2.579688,0.032953,-0.018657,0.096428,-0.085252,133.625364,105.000000,1.000000
2.581250,0.032917,-0.018607,0.096283,-0.085306,133.532639,105.000000,1.000000
2.582813,0.032879,-0.018557,0.096136,-0.085360,133.438215,105.000000,1.000000
2.584375,0.032842,-0.018506,0.095986,-0.085415,133.342098,105.000000,1.000000
2.585938,0.032803,-0.018454,0.095833,-0.085470,133.244295,105.000000,1.000000
2.587500,0.032764,-0.018400,0.095678,-0.085526,133.144812,105.000000,1.000000
2.589063,0.032725,-0.018346,0.095520,-0.085583,133.043654,105.000000,1.000000
2.590625,0.032685,-0.018291,0.095359,-0.085641,132.940827,105.000000,1.000000
2.592188,0.032644,-0.018235,0.095196,-0.085699,132.836339,105.000000,1.000000
2.593750,0.032603,-0.018178,0.095029,-0.085757,132.730196,105.000000,1.000000
2.595313,0.032561,-0.018120,0.094860,-0.085817,132.622403,105.000000,1.000000
2.596875,0.032519,-0.018061,0.094689,-0.085877,132.512969,105.000000,1.000000
2.598438,0.032476,-0.018001,0.094514,-0.085937,132.401899,105.000000,1.000000
2.600000,0.032433,-0.017941,0.094338,-0.085998,132.289200,105.000000,1.000000
2.601562,0.032389,-0.017879,0.094158,-0.086060,132.174880,105.000000,1.000000
2.603125,0.032345,-0.017816,0.093976,-0.086122,132.058945,105.000000,1.000000
2.604688,0.032301,-0.017752,0.093791,-0.086184,131.941403,105.000000,1.000000
2.606250,0.032255,-0.017687,0.093603,-0.086247,131.822261,105.000000,1.000000
2.607813,0.032210,-0.017622,0.093413,-0.086311,131.701526,105.000000,1.000000
2.609375,0.032164,-0.017555,0.093220,-0.086375,131.579205,105.000000,1.000000
2.610938,0.032117,-0.017488,0.093024,-0.086439,131.455306,105.000000,1.000000
2.612500,0.032070,-0.017419,0.092826,-0.086504,131.329838,105.000000,1.000000
2.614063,0.032023,-0.017349,0.092626,-0.086569,131.202807,105.000000,1.000000
2.615625,0.031975,-0.017279,0.092422,-0.086634,131.074221,105.000000,1.000000
2.617188,0.031927,-0.017208,0.092216,-0.086700,130.944088,105.000000,1.000000
2.618750,0.031878,-0.017135,0.092008,-0.086766,130.812417,105.000000,1.000000
2.620313,0.031829,-0.017062,0.091797,-0.086832,130.679216,105.000000,1.000000
2.621875,0.031780,-0.016988,0.091583,-0.086898,130.544492,105.000000,1.000000
2.623438,0.031730,-0.016912,0.091367,-0.086965,130.408253,105.000000,1.000000
2.625000,0.031680,-0.016836,0.091148,-0.087032,130.270510,105.000000,1.000000
2.626563,0.031629,-0.016759,0.090927,-0.087099,130.131269,105.000000,1.000000
2.628125,0.031578,-0.016681,0.090703,-0.087167,129.990540,105.000000,1.000000
2.629688,0.031527,-0.016602,0.090477,-0.087234,129.848331,105.000000,1.000000
2.631250,0.031475,-0.016522,0.090248,-0.087302,129.704650,105.000000,1.000000
2.632812,0.031423,-0.016441,0.090016,-0.087369,129.559508,105.000000,1.000000
2.634375,0.031371,-0.016359,0.089782,-0.087437,129.412912,105.000000,1.000000
2.635938,0.031319,-0.016276,0.089546,-0.087505,129.264872,105.000000,1.000000
2.637500,0.031266,-0.016192,0.089307,-0.087573,129.115397,105.000000,1.000000
2.639063,0.031213,-0.016108,0.089066,-0.087641,128.964496,105.000000,1.000000
2.640625,0.031160,-0.016022,0.088822,-0.087709,128.812179,105.000000,1.000000
2.642188,0.031106,-0.015935,0.088576,-0.087777,128.658454,105.000000,1.000000
2.643750,0.031052,-0.015848,0.088328,-0.087845,128.503332,105.000000,1.000000
2.645313,0.030998,-0.015760,0.088077,-0.087912,128.346822,105.000000,1.000000
2.646875,0.030944,-0.015670,0.087823,-0.087980,128.188933,105.000000,1.000000
2.648438,0.030889,-0.015580,0.087568,-0.088048,128.029675,105.000000,1.000000
2.650000,0.030834,-0.015489,0.087309,-0.088115,127.869059,105.000000,1.000000
2.651563,0.030779,-0.015397,0.087049,-0.088182,127.707093,105.000000,1.000000
2.653125,0.030724,-0.015303,0.086786,-0.088249,127.543789,105.000000,1.000000
2.654688,0.030669,-0.015209,0.086521,-0.088316,127.379156,105.000000,1.000000
2.656250,0.030613,-0.015115,0.086253,-0.088383,127.213203,105.000000,1.000000
2.657813,0.030558,-0.015019,0.085984,-0.088449,127.045943,105.000000,1.000000
2.659375,0.030502,-0.014922,0.085712,-0.088515,126.877384,105.000000,1.000000
2.660938,0.030446,-0.014825,0.085437,-0.088581,126.707537,105.000000,1.000000
2.662500,0.030390,-0.014726,0.085161,-0.088646,126.536413,105.000000,1.000000
2.664062,0.030334,-0.014627,0.084882,-0.088711,126.364022,105.000000,1.000000
2.665625,0.030277,-0.014526,0.084601,-0.088776,126.190375,105.000000,1.000000
2.667188,0.030221,-0.014425,0.084317,-0.088840,126.015483,105.000000,1.000000
2.668750,0.030165,-0.014323,0.084032,-0.088904,125.839356,105.000000,1.000000
2.670313,0.030108,-0.014220,0.083744,-0.088967,125.662005,105.000000,1.000000
2.671875,0.030051,-0.014116,0.083454,-0.089030,125.483441,105.000000,1.000000
2.673438,0.029995,-0.014012,0.083162,-0.089093,125.303676,105.000000,1.000000
2.675000,0.029938,-0.013906,0.082868,-0.089155,125.122720,105.000000,1.000000
2.676563,0.029881,-0.013799,0.082572,-0.089216,124.940584,105.000000,1.000000
2.678125,0.029824,-0.013692,0.082274,-0.089277,124.757280,105.000000,1.000000
2.679688,0.029768,-0.013584,0.081973,-0.089337,124.572818,105.000000,1.000000
2.681250,0.029711,-0.013475,0.081671,-0.089397,124.387212,105.000000,1.000000
2.682813,0.029654,-0.013365,0.081366,-0.089456,124.200471,105.000000,1.000000
2.684375,0.029597,-0.013254,0.081060,-0.089514,124.012607,105.000000,1.000000
2.685938,0.029541,-0.013143,0.080751,-0.089572,123.823632,105.000000,1.000000
2.687500,0.029484,-0.013030,0.080441,-0.089629,123.633558,105.000000,1.000000
2.689063,0.029427,-0.012917,0.080128,-0.089686,123.442396,105.000000,1.000000
2.690625,0.029371,-0.012803,0.079814,-0.089741,123.250158,105.000000,1.000000
2.692188,0.029314,-0.012688,0.079498,-0.089796,123.056856,105.000000,1.000000
2.693750,0.029258,-0.012572,0.079179,-0.089850,122.862501,105.000000,1.000000
2.695312,0.029202,-0.012456,0.078859,-0.089903,122.667107,105.000000,1.000000
2.696875,0.029145,-0.012338,0.078537,-0.089956,122.470685,105.000000,1.000000
2.698438,0.029089,-0.012220,0.078213,-0.090007,122.273246,105.000000,1.000000
2.700000,0.029033,-0.012101,0.077888,-0.090058,122.074804,105.000000,1.000000
2.701563,0.028977,-0.011982,0.077560,-0.090108,121.875370,105.000000,1.000000
2.703125,0.028922,-0.011861,0.077231,-0.090157,121.674957,105.000000,1.000000
2.704688,0.028866,-0.011740,0.076900,-0.090205,121.473577,105.000000,1.000000
2.706250,0.028811,-0.011618,0.076567,-0.090252,121.271242,105.000000,1.000000
2.707813,0.028756,-0.011495,0.076233,-0.090298,121.067966,105.000000,1.000000
2.709375,0.028701,-0.011371,0.075896,-0.090343,120.863760,105.000000,1.000000
2.710938,0.028646,-0.011247,0.075559,-0.090387,120.658637,105.000000,1.000000
2.712500,0.028591,-0.011122,0.075219,-0.090431,120.452610,105.000000,1.000000
2.714063,0.028537,-0.010996,0.074878,-0.090473,120.245692,105.000000,1.000000
2.715625,0.028483,-0.010870,0.074535,-0.090514,120.037894,105.000000,1.000000
2.717188,0.028429,-0.010742,0.074191,-0.090554,119.829231,105.000000,1.000000
2.718750,0.028375,-0.010614,0.073845,-0.090592,119.619715,105.000000,1.000000
2.720313,0.028322,-0.010486,0.073498,-0.090630,119.409359,105.000000,1.000000
2.721875,0.028268,-0.010356,0.073149,-0.090667,119.198175,105.000000,1.000000
2.723438,0.028216,-0.010226,0.072799,-0.090702,118.986177,105.000000,1.000000
2.725000,0.028163,-0.010096,0.072447,-0.090736,118.773379,105.000000,1.000000
2.726562,0.028111,-0.009964,0.072094,-0.090769,118.559792,105.000000,1.000000
2.728125,0.028059,-0.009832,0.071739,-0.090801,118.345431,105.000000,1.000000
2.729688,0.028007,-0.009699,0.071383,-0.090832,118.130308,105.000000,1.000000
2.731250,0.027956,-0.009566,0.071026,-0.090861,117.914437,105.000000,1.000000
2.732813,0.027905,-0.009432,0.070667,-0.090889,117.697831,105.000000,1.000000
2.734375,0.027854,-0.009297,0.070307,-0.090916,117.480503,105.000000,1.000000
2.735938,0.027804,-0.009161,0.069946,-0.090942,117.262467,105.000000,1.000000
2.737500,0.027754,-0.009026,0.069583,-0.090966,117.043737,105.000000,1.000000
2.739063,0.027704,-0.008889,0.069220,-0.090989,116.824325,105.000000,1.000000
2.740625,0.027655,-0.008752,0.068855,-0.091011,116.604245,105.000000,1.000000
2.742188,0.027606,-0.008614,0.068489,-0.091031,116.383512,105.000000,1.000000
2.743750,0.027557,-0.008476,0.068121,-0.091050,116.162138,105.000000,1.000000
2.745313,0.027509,-0.008337,0.067753,-0.091068,115.940137,105.000000,1.000000
2.746875,0.027462,-0.008197,0.067384,-0.091084,115.717523,105.000000,1.000000
2.748438,0.027414,-0.008057,0.067013,-0.091099,115.494309,105.000000,1.000000
2.750000,0.027368,-0.007916,0.066642,-0.091112,115.270510,105.000000,1.000000
2.751563,0.027321,-0.007775,0.066269,-0.091124,115.046139,105.000000,1.000000
2.753125,0.027275,-0.007633,0.065896,-0.091135,114.821210,105.000000,1.000000
2.754688,0.027230,-0.007491,0.065521,-0.091144,114.595737,105.000000,1.000000
2.756250,0.027185,-0.007348,0.065146,-0.091151,114.369733,105.000000,1.000000
2.757812,0.027140,-0.007205,0.064770,-0.091157,114.143213,105.000000,1.000000
2.759375,0.027096,-0.007061,0.064393,-0.091162,113.916191,105.000000,1.000000
2.760938,0.027052,-0.006917,0.064015,-0.091165,113.688681,105.000000,1.000000
2.762500,0.027009,-0.006772,0.063636,-0.091167,113.460697,105.000000,1.000000
2.764063,0.026967,-0.006627,0.063257,-0.091167,113.232252,105.000000,1.000000
2.765625,0.026924,-0.006482,0.062877,-0.091166,113.003361,105.000000,1.000000
2.767188,0.026883,-0.006335,0.062496,-0.091163,112.774038,105.000000,1.000000
2.768750,0.026842,-0.006189,0.062114,-0.091159,112.544297,105.000000,1.000000
2.770313,0.026801,-0.006042,0.061732,-0.091153,112.314153,105.000000,1.000000
2.771875,0.026761,-0.005895,0.061349,-0.091145,112.083619,105.000000,1.000000
2.773438,0.026721,-0.005747,0.060966,-0.091136,111.852710,105.000000,1.000000
2.775000,0.026682,-0.005599,0.060582,-0.091126,111.621439,105.000000,1.000000
2.776563,0.026644,-0.005450,0.060197,-0.091113,111.389822,105.000000,1.000000
2.778125,0.026606,-0.005301,0.059812,-0.091100,111.157873,105.000000,1.000000
2.779688,0.026568,-0.005152,0.059427,-0.091084,110.925605,105.000000,1.000000
2.781250,0.026532,-0.005003,0.059041,-0.091067,110.693034,105.000000,1.000000
2.782813,0.026495,-0.004853,0.058654,-0.091049,110.460173,105.000000,1.000000
2.784375,0.026460,-0.004702,0.058268,-0.091029,110.227037,105.000000,1.000000
2.785938,0.026424,-0.004552,0.057881,-0.091007,109.993640,105.000000,1.000000
2.787500,0.026390,-0.004401,0.057493,-0.090984,109.759997,105.000000,1.000000
2.789062,0.026356,-0.004250,0.057106,-0.090959,109.526122,105.000000,1.000000
2.790625,0.026322,-0.004098,0.056718,-0.090932,109.292029,105.000000,1.000000
2.792188,0.026290,-0.003947,0.056330,-0.090904,109.057734,105.000000,1.000000
2.793750,0.026257,-0.003795,0.055941,-0.090875,108.823249,105.000000,1.000000
2.795313,0.026226,-0.003643,0.055553,-0.090843,108.588591,105.000000,1.000000
2.796875,0.026195,-0.003490,0.055164,-0.090810,108.353773,105.000000,1.000000
2.798438,0.026164,-0.003338,0.054775,-0.090776,108.118810,105.000000,1.000000
2.800000,0.026135,-0.003185,0.054387,-0.090739,107.883716,105.000000,1.000000
2.801563,0.026105,-0.003032,0.053998,-0.090702,107.648505,105.000000,1.000000
2.803125,0.026077,-0.002879,0.053609,-0.090662,107.413194,105.000000,1.000000
2.804688,0.026049,-0.002725,0.053220,-0.090621,107.177794,105.000000,1.000000
2.806250,0.026022,-0.002572,0.052831,-0.090579,106.942323,105.000000,1.000000
2.807813,0.025995,-0.002418,0.052443,-0.090534,106.706793,105.000000,1.000000
2.809375,0.025969,-0.002264,0.052054,-0.090489,106.471220,105.000000,1.000000
2.810938,0.025943,-0.002110,0.051666,-0.090441,106.235617,105.000000,1.000000
2.812500,0.025919,-0.001956,0.051277,-0.090392,106.000000,105.000000,1.000000
2.814063,0.025894,-0.001802,0.050889,-0.090341,105.764383,105.000000,1.000000
2.815625,0.025871,-0.001647,0.050501,-0.090289,105.528780,105.000000,1.000000
2.817188,0.025848,-0.001493,0.050114,-0.090235,105.293207,105.000000,1.000000
2.818750,0.025826,-0.001339,0.049727,-0.090180,105.057677,105.000000,1.000000
2.820312,0.025804,-0.001184,0.049340,-0.090123,104.822206,105.000000,1.000000
2.821875,0.025783,-0.001030,0.048953,-0.090064,104.586806,105.000000,1.000000
2.823438,0.025763,-0.000875,0.048567,-0.090004,104.351495,105.000000,1.000000
2.825000,0.025743,-0.000721,0.048181,-0.089943,104.116284,105.000000,1.000000
2.826563,0.025724,-0.000566,0.047796,-0.089879,103.881190,105.000000,1.000000
2.828125,0.025706,-0.000412,0.047411,-0.089814,103.646227,105.000000,1.000000
2.829688,0.025688,-0.000257,0.047026,-0.089748,103.411409,105.000000,1.000000
2.831250,0.025671,-0.000103,0.046643,-0.089680,103.176751,105.000000,1.000000
2.832813,0.025654,0.000052,0.046259,-0.089611,102.942266,105.000000,1.000000
2.834375,0.025638,0.000206,0.045877,-0.089540,102.707971,105.000000,1.000000
2.835938,0.025623,0.000361,0.045495,-0.089468,102.473878,105.000000,1.000000
2.837500,0.025609,0.000515,0.045113,-0.089394,102.240003,105.000000,1.000000
2.839063,0.025595,0.000669,0.044733,-0.089319,102.006360,105.000000,1.000000
2.840625,0.025582,0.000823,0.044353,-0.089242,101.772963,105.000000,1.000000
2.842188,0.025569,0.000977,0.043973,-0.089163,101.539827,105.000000,1.000000
2.843750,0.025557,0.001131,0.043595,-0.089084,101.306966,105.000000,1.000000
2.845313,0.025546,0.001284,0.043217,-0.089003,101.074395,105.000000,1.000000
2.846875,0.025535,0.001438,0.042840,-0.088920,100.842127,105.000000,1.000000
2.848438,0.025525,0.001591,0.042464,-0.088836,100.610178,105.000000,1.000000
2.850000,0.025515,0.001744,0.042089,-0.088751,100.378561,105.000000,1.000000
2.851562,0.025507,0.001897,0.041715,-0.088664,100.147290,105.000000,1.000000
2.853125,0.025498,0.002050,0.041342,-0.088576,99.916381,105.000000,1.000000
2.854688,0.025491,0.002202,0.040970,-0.088486,99.685847,105.000000,1.000000
2.856250,0.025484,0.002355,0.040598,-0.088395,99.455703,105.000000,1.000000
2.857813,0.025478,0.002507,0.040228,-0.088303,99.225962,105.000000,1.000000
2.859375,0.025472,0.002659,0.039859,-0.088210,98.996639,105.000000,1.000000
2.860938,0.025467,0.002810,0.039491,-0.088115,98.767748,105.000000,1.000000
2.862500,0.025463,0.002961,0.039123,-0.088019,98.539303,105.000000,1.000000
2.864063,0.025459,0.003112,0.038757,-0.087921,98.311319,105.000000,1.000000
2.865625,0.025456,0.003263,0.038393,-0.087823,98.083809,105.000000,1.000000
2.867188,0.025453,0.003413,0.038029,-0.087723,97.856787,105.000000,1.000000
2.868750,0.025451,0.003563,0.037667,-0.087622,97.630267,105.000000,1.000000
2.870313,0.025449,0.003713,0.037305,-0.087520,97.404263,105.000000,1.000000
2.871875,0.025449,0.003862,0.036945,-0.087416,97.178790,105.000000,1.000000
2.873438,0.025448,0.004011,0.036587,-0.087312,96.953861,105.000000,1.000000
2.875000,0.025449,0.004160,0.036229,-0.087206,96.729490,105.000000,1.000000
2.876563,0.025450,0.004308,0.035873,-0.087099,96.505691,105.000000,1.000000
2.878125,0.025451,0.004456,0.035519,-0.086991,96.282477,105.000000,1.000000
2.879688,0.025453,0.004603,0.035165,-0.086882,96.059863,105.000000,1.000000
2.881250,0.025456,0.004751,0.034813,-0.086772,95.837862,105.000000,1.000000
2.882812,0.025459,0.004897,0.034463,-0.086661,95.616488,105.000000,1.000000
2.884375,0.025463,0.005043,0.034114,-0.086549,95.395755,105.000000,1.000000
2.885938,0.025467,0.005189,0.033766,-0.086436,95.175675,105.000000,1.000000
2.887500,0.025472,0.005334,0.033420,-0.086322,94.956263,105.000000,1.000000
2.889063,0.025477,0.005479,0.033076,-0.086207,94.737533,105.000000,1.000000
2.890625,0.025483,0.005623,0.032733,-0.086091,94.519497,105.000000,1.000000
2.892188,0.025490,0.005767,0.032391,-0.085974,94.302169,105.000000,1.000000
2.893750,0.025496,0.005910,0.032051,-0.085856,94.085563,105.000000,1.000000
2.895313,0.025504,0.006053,0.031713,-0.085737,93.869692,105.000000,1.000000
2.896875,0.025512,0.006195,0.031376,-0.085617,93.654569,105.000000,1.000000
2.898438,0.025520,0.006337,0.031041,-0.085497,93.440208,105.000000,1.000000
2.900000,0.025529,0.006478,0.030708,-0.085376,93.226621,105.000000,1.000000
2.901563,0.025539,0.006619,0.030376,-0.085254,93.013823,105.000000,1.000000
2.903125,0.025549,0.006759,0.030046,-0.085131,92.801825,105.000000,1.000000
2.904688,0.025559,0.006899,0.029718,-0.085007,92.590641,105.000000,1.000000
2.906250,0.025570,0.007038,0.029391,-0.084883,92.380285,105.000000,1.000000
2.907813,0.025581,0.007176,0.029066,-0.084758,92.170769,105.000000,1.000000
2.909375,0.025593,0.007314,0.028743,-0.084633,91.962106,105.000000,1.000000
2.910938,0.025606,0.007451,0.028422,-0.084506,91.754308,105.000000,1.000000
2.912500,0.025618,0.007587,0.028103,-0.084379,91.547390,105.000000,1.000000
2.914062,0.025631,0.007723,0.027785,-0.084252,91.341363,105.000000,1.000000
2.915625,0.025645,0.007858,0.027469,-0.084124,91.136240,105.000000,1.000000
2.917188,0.025659,0.007993,0.027155,-0.083995,90.932034,105.000000,1.000000
2.918750,0.025673,0.008127,0.026843,-0.083866,90.728758,105.000000,1.000000
2.920313,0.025688,0.008260,0.026533,-0.083736,90.526423,105.000000,1.000000
2.921875,0.025703,0.008392,0.026225,-0.083606,90.325043,105.000000,1.000000
2.923438,0.025719,0.008524,0.025919,-0.083476,90.124630,105.000000,1.000000
2.925000,0.025735,0.008655,0.025615,-0.083345,89.925196,105.000000,1.000000
2.926563,0.025751,0.008786,0.025313,-0.083213,89.726754,105.000000,1.000000
2.928125,0.025768,0.008915,0.025012,-0.083082,89.529315,105.000000,1.000000
2.929688,0.025785,0.009044,0.024714,-0.082949,89.332893,105.000000,1.000000
2.931250,0.025802,0.009173,0.024418,-0.082817,89.137499,105.000000,1.000000
2.932813,0.025820,0.009300,0.024123,-0.082684,88.943144,105.000000,1.000000
2.934375,0.025838,0.009427,0.023831,-0.082551,88.749842,105.000000,1.000000
2.935938,0.025857,0.009553,0.023541,-0.082418,88.557604,105.000000,1.000000
2.937500,0.025876,0.009678,0.023253,-0.082285,88.366442,105.000000,1.000000
2.939063,0.025895,0.009803,0.022967,-0.082151,88.176368,105.000000,1.000000
2.940625,0.025914,0.009926,0.022683,-0.082017,87.987393,105.000000,1.000000
2.942188,0.025934,0.010049,0.022401,-0.081883,87.799529,105.000000,1.000000
2.943750,0.025953,0.010171,0.022121,-0.081749,87.612788,105.000000,1.000000
2.945312,0.025974,0.010292,0.021844,-0.081615,87.427182,105.000000,1.000000
2.946875,0.025994,0.010413,0.021568,-0.081481,87.242720,105.000000,1.000000
2.948438,0.026015,0.010533,0.021295,-0.081346,87.059416,105.000000,1.000000
2.950000,0.026036,0.010651,0.021024,-0.081212,86.877280,105.000000,1.000000
2.951563,0.026057,0.010769,0.020755,-0.081078,86.696324,105.000000,1.000000
2.953125,0.026078,0.010886,0.020488,-0.080944,86.516559,105.000000,1.000000
2.954688,0.026100,0.011003,0.020224,-0.080809,86.337995,105.000000,1.000000
2.956250,0.026122,0.011118,0.019962,-0.080675,86.160644,105.000000,1.000000
2.957813,0.026144,0.011233,0.019702,-0.080541,85.984517,105.000000,1.000000
2.959375,0.026166,0.011346,0.019444,-0.080408,85.809625,105.000000,1.000000
2.960938,0.026189,0.011459,0.019188,-0.080274,85.635978,105.000000,1.000000
2.962500,0.026211,0.011571,0.018935,-0.080141,85.463587,105.000000,1.000000
2.964063,0.026234,0.011682,0.018684,-0.080007,85.292463,105.000000,1.000000
2.965625,0.026257,0.011792,0.018435,-0.079875,85.122616,105.000000,1.000000
2.967188,0.026280,0.011902,0.018188,-0.079742,84.954057,105.000000,1.000000
2.968750,0.026303,0.012010,0.017944,-0.079610,84.786797,105.000000,1.000000
2.970313,0.026327,0.012117,0.017702,-0.079478,84.620844,105.000000,1.000000
2.971875,0.026350,0.012224,0.017462,-0.079346,84.456211,105.000000,1.000000
2.973438,0.026374,0.012329,0.017225,-0.079215,84.292907,105.000000,1.000000
2.975000,0.026397,0.012434,0.016990,-0.079084,84.130941,105.000000,1.000000
2.976562,0.026421,0.012538,0.016757,-0.078953,83.970325,105.000000,1.000000
2.978125,0.026445,0.012640,0.016527,-0.078823,83.811067,105.000000,1.000000
2.979688,0.026469,0.012742,0.016299,-0.078694,83.653178,105.000000,1.000000
2.981250,0.026493,0.012843,0.016073,-0.078565,83.496668,105.000000,1.000000
2.982813,0.026517,0.012943,0.015850,-0.078436,83.341546,105.000000,1.000000
2.984375,0.026541,0.013042,0.015629,-0.078309,83.187821,105.000000,1.000000
2.985938,0.026565,0.013140,0.015410,-0.078181,83.035504,105.000000,1.000000
2.987500,0.026590,0.013237,0.015194,-0.078055,82.884603,105.000000,1.000000
2.989063,0.026614,0.013333,0.014980,-0.077929,82.735128,105.000000,1.000000
2.990625,0.026638,0.013428,0.014768,-0.077803,82.587088,105.000000,1.000000
2.992188,0.026662,0.013522,0.014559,-0.077679,82.440492,105.000000,1.000000
2.993750,0.026686,0.013615,0.014352,-0.077555,82.295350,105.000000,1.000000
2.995313,0.026711,0.013707,0.014148,-0.077431,82.151669,105.000000,1.000000
2.996875,0.026735,0.013798,0.013946,-0.077309,82.009460,105.000000,1.000000
2.998438,0.026759,0.013888,0.013746,-0.077187,81.868731,105.000000,1.000000
3.000000,0.026783,0.013977,0.013549,-0.077066,81.729490,105.000000,1.000000
3.001563,0.026807,0.014065,0.013355,-0.076946,81.591747,105.000000,1.000000
3.003125,0.026831,0.014152,0.013162,-0.076827,81.455508,105.000000,1.000000
3.004688,0.026855,0.014238,0.012972,-0.076709,81.320784,105.000000,1.000000
3.006250,0.026879,0.014323,0.012785,-0.076591,81.187583,105.000000,1.000000
3.007812,0.026903,0.014407,0.012600,-0.076475,81.055912,105.000000,1.000000
3.009375,0.026927,0.014490,0.012417,-0.076359,80.925779,105.000000,1.000000
3.010938,0.026950,0.014571,0.012237,-0.076244,80.797193,105.000000,1.000000
3.012500,0.026974,0.014652,0.012059,-0.076131,80.670162,105.000000,1.000000
3.014063,0.026997,0.014732,0.011884,-0.076018,80.544694,105.000000,1.000000
3.015625,0.027021,0.014811,0.011711,-0.075906,80.420795,105.000000,1.000000
3.017188,0.027044,0.014888,0.011540,-0.075796,80.298474,105.000000,1.000000
3.018750,0.027067,0.014965,0.011372,-0.075686,80.177739,105.000000,1.000000
3.020313,0.027090,0.015040,0.011207,-0.075578,80.058597,105.000000,1.000000
3.021875,0.027112,0.015115,0.011044,-0.075471,79.941055,105.000000,1.000000
3.023438,0.027135,0.015188,0.010883,-0.075365,79.825120,105.000000,1.000000
3.025000,0.027157,0.015261,0.010725,-0.075260,79.710800,105.000000,1.000000
3.026563,0.027180,0.015332,0.010569,-0.075156,79.598101,105.000000,1.000000
3.028125,0.027202,0.015402,0.010416,-0.075054,79.487031,105.000000,1.000000
3.029688,0.027224,0.015471,0.010265,-0.074952,79.377597,105.000000,1.000000
3.031250,0.027245,0.015539,0.010116,-0.074852,79.269804,105.000000,1.000000
3.032813,0.027267,0.015606,0.009970,-0.074753,79.163661,105.000000,1.000000
3.034375,0.027288,0.015672,0.009827,-0.074656,79.059173,105.000000,1.000000
3.035938,0.027309,0.015737,0.009686,-0.074559,78.956346,105.000000,1.000000
3.037500,0.027330,0.015801,0.009547,-0.074464,78.855188,105.000000,1.000000
3.039062,0.027350,0.015863,0.009411,-0.074371,78.755705,105.000000,1.000000
3.040625,0.027370,0.015925,0.009277,-0.074279,78.657902,105.000000,1.000000
3.042188,0.027391,0.015985,0.009146,-0.074188,78.561785,105.000000,1.000000
3.043750,0.027410,0.016045,0.009017,-0.074098,78.467361,105.000000,1.000000
3.045313,0.027430,0.016103,0.008891,-0.074010,78.374636,105.000000,1.000000
3.046875,0.027449,0.016160,0.008767,-0.073923,78.283614,105.000000,1.000000
3.048438,0.027468,0.016216,0.008646,-0.073838,78.194302,105.000000,1.000000
3.050000,0.027487,0.016271,0.008527,-0.073754,78.106705,105.000000,1.000000
3.051563,0.027505,0.016325,0.008410,-0.073672,78.020829,105.000000,1.000000
3.053125,0.027523,0.016377,0.008296,-0.073591,77.936679,105.000000,1.000000
3.054688,0.027541,0.016429,0.008185,-0.073512,77.854260,105.000000,1.000000
3.056250,0.027559,0.016479,0.008075,-0.073434,77.773577,105.000000,1.000000
3.057813,0.027576,0.016529,0.007969,-0.073358,77.694635,105.000000,1.000000
3.059375,0.027593,0.016577,0.007865,-0.073283,77.617439,105.000000,1.000000
3.060938,0.027610,0.016624,0.007763,-0.073210,77.541994,105.000000,1.000000
3.062500,0.027626,0.016670,0.007664,-0.073138,77.468305,105.000000,1.000000
3.064063,0.027642,0.016715,0.007567,-0.073068,77.396375,105.000000,1.000000
3.065625,0.027657,0.016759,0.007473,-0.073000,77.326210,105.000000,1.000000
3.067188,0.027673,0.016802,0.007381,-0.072933,77.257813,105.000000,1.000000
3.068750,0.027687,0.016843,0.007291,-0.072868,77.191189,105.000000,1.000000
3.070312,0.027702,0.016883,0.007204,-0.072804,77.126343,105.000000,1.000000
3.071875,0.027716,0.016923,0.007120,-0.072742,77.063277,105.000000,1.000000
3.073438,0.027730,0.016961,0.007038,-0.072682,77.001997,105.000000,1.000000
3.075000,0.027744,0.016998,0.006958,-0.072623,76.942505,105.000000,1.000000
3.076563,0.027757,0.017034,0.006881,-0.072566,76.884806,105.000000,1.000000
3.078125,0.027769,0.017069,0.006806,-0.072511,76.828902,105.000000,1.000000
3.079688,0.027782,0.017102,0.006734,-0.072458,76.774798,105.000000,1.000000
3.081250,0.027794,0.017135,0.006664,-0.072406,76.722497,105.000000,1.000000
3.082813,0.027805,0.017166,0.006597,-0.072356,76.672002,105.000000,1.000000
3.084375,0.027817,0.017196,0.006532,-0.072308,76.623316,105.000000,1.000000
3.085938,0.027827,0.017225,0.006470,-0.072261,76.576442,105.000000,1.000000
3.087500,0.027838,0.017253,0.006410,-0.072216,76.531382,105.000000,1.000000
3.089063,0.027848,0.017280,0.006352,-0.072173,76.488141,105.000000,1.000000
3.090625,0.027857,0.017306,0.006297,-0.072132,76.446720,105.000000,1.000000
3.092188,0.027867,0.017331,0.006245,-0.072093,76.407122,105.000000,1.000000
3.093750,0.027875,0.017354,0.006194,-0.072055,76.369350,105.000000,1.000000
3.095313,0.027884,0.017376,0.006147,-0.072019,76.333405,105.000000,1.000000
3.096875,0.027892,0.017397,0.006102,-0.071985,76.299290,105.000000,1.000000
3.098438,0.027899,0.017417,0.006059,-0.071953,76.267008,105.000000,1.000000
3.100000,0.027906,0.017436,0.006018,-0.071922,76.236559,105.000000,1.000000
3.101562,0.027913,0.017454,0.005980,-0.071893,76.207946,105.000000,1.000000
3.103125,0.027919,0.017471,0.005945,-0.071867,76.181171,105.000000,1.000000
3.104688,0.027925,0.017486,0.005912,-0.071842,76.156236,105.000000,1.000000
3.106250,0.027931,0.017500,0.005881,-0.071818,76.133141,105.000000,1.000000
3.107813,0.027936,0.017513,0.005853,-0.071797,76.111889,105.000000,1.000000
3.109375,0.027940,0.017525,0.005828,-0.071778,76.092480,105.000000,1.000000
3.110938,0.027944,0.017536,0.005804,-0.071760,76.074916,105.000000,1.000000
3.112500,0.027948,0.017546,0.005784,-0.071744,76.059198,105.000000,1.000000
3.114063,0.027951,0.017555,0.005765,-0.071730,76.045327,105.000000,1.000000
3.115625,0.027954,0.017562,0.005749,-0.071718,76.033304,105.000000,1.000000
3.117188,0.027957,0.017568,0.005736,-0.071708,76.023129,105.000000,1.000000
3.118750,0.027959,0.017574,0.005725,-0.071699,76.014803,105.000000,1.000000
3.120313,0.027960,0.017578,0.005716,-0.071693,76.008327,105.000000,1.000000
3.121875,0.027961,0.017580,0.005710,-0.071688,76.003701,105.000000,1.000000
3.123438,0.027962,0.017582,0.005707,-0.071685,76.000925,105.000000,1.000000
3.125000,0.027962,0.017583,0.005705,-0.071685,76.000000,105.000000,0.000000
3.126563,0.027962,0.017590,0.005706,-0.071678,76.000925,104.988863,0.000000
3.128125,0.027961,0.017611,0.005710,-0.071658,76.003701,104.955460,0.000000
3.129688,0.027959,0.017646,0.005715,-0.071625,76.008327,104.899813,0.000000
3.131250,0.027957,0.017695,0.005723,-0.071578,76.014803,104.821962,0.000000
3.132812,0.027954,0.017758,0.005733,-0.071519,76.023129,104.721958,0.000000
3.134375,0.027950,0.017834,0.005745,-0.071446,76.033304,104.599871,0.000000
3.135938,0.027946,0.017925,0.005760,-0.071360,76.045327,104.455784,0.000000
3.137500,0.027942,0.018029,0.005778,-0.071261,76.059198,104.289797,0.000000
3.139063,0.027938,0.018148,0.005798,-0.071149,76.074916,104.102022,0.000000
3.140625,0.027933,0.018279,0.005821,-0.071024,76.092480,103.892589,0.000000
3.142188,0.027929,0.018424,0.005846,-0.070886,76.111889,103.661641,0.000000
3.143750,0.027924,0.018583,0.005875,-0.070736,76.133141,103.409337,0.000000
3.145313,0.027920,0.018755,0.005907,-0.070573,76.156236,103.135848,0.000000
3.146875,0.027917,0.018940,0.005942,-0.070397,76.181171,102.841364,0.000000
3.148438,0.027914,0.019138,0.005981,-0.070210,76.207946,102.526085,0.000000
3.150000,0.027912,0.019349,0.006024,-0.070010,76.236559,102.190227,0.000000
3.151563,0.027911,0.019572,0.006071,-0.069798,76.267008,101.834022,0.000000
3.153125,0.027912,0.019808,0.006121,-0.069574,76.299290,101.457712,0.000000
3.154688,0.027913,0.020056,0.006177,-0.069339,76.333405,101.061556,0.000000
3.156250,0.027917,0.020317,0.006236,-0.069092,76.369350,100.645826,0.000000
3.157813,0.027923,0.020589,0.006301,-0.068834,76.407122,100.210805,0.000000
3.159375,0.027931,0.020873,0.006370,-0.068565,76.446720,99.756793,0.000000
3.160938,0.027941,0.021168,0.006445,-0.068285,76.488141,99.284101,0.000000
3.162500,0.027954,0.021475,0.006526,-0.067995,76.531382,98.793052,0.000000
3.164062,0.027969,0.021792,0.006612,-0.067694,76.576442,98.283984,0.000000
3.165625,0.027988,0.022120,0.006704,-0.067384,76.623316,97.757244,0.000000
3.167188,0.028011,0.022458,0.006802,-0.067064,76.672002,97.213194,0.000000
3.168750,0.028037,0.022807,0.006907,-0.066734,76.722497,96.652207,0.000000
3.170313,0.028066,0.023165,0.007019,-0.066395,76.774798,96.074667,0.000000
3.171875,0.028100,0.023532,0.007137,-0.066048,76.828902,95.480970,0.000000
3.173438,0.028139,0.023909,0.007263,-0.065692,76.884806,94.871524,0.000000
3.175000,0.028181,0.024294,0.007396,-0.065328,76.942505,94.246745,0.000000
3.176563,0.028229,0.024687,0.007537,-0.064956,77.001997,93.607062,0.000000
3.178125,0.028282,0.025088,0.007685,-0.064577,77.063277,92.952913,0.000000
3.179688,0.028339,0.025497,0.007842,-0.064190,77.126343,92.284746,0.000000
3.181250,0.028402,0.025913,0.008006,-0.063797,77.191189,91.603021,0.000000
3.182813,0.028471,0.026336,0.008179,-0.063398,77.257813,90.908203,0.000000
3.184375,0.028546,0.026765,0.008361,-0.062993,77.326210,90.200769,0.000000
3.185938,0.028626,0.027200,0.008551,-0.062583,77.396375,89.481203,0.000000
3.187500,0.028712,0.027640,0.008750,-0.062168,77.468305,88.750000,0.000000
3.189063,0.028805,0.028086,0.008958,-0.061748,77.541994,88.007660,0.000000
3.190625,0.028904,0.028536,0.009175,-0.061324,77.617439,87.254691,0.000000
3.192188,0.029009,0.028990,0.009402,-0.060896,77.694635,86.491611,0.000000
3.193750,0.029121,0.029448,0.009637,-0.060465,77.773577,85.718941,0.000000
3.195312,0.029239,0.029909,0.009882,-0.060032,77.854260,84.937212,0.000000
3.196875,0.029363,0.030373,0.010136,-0.059595,77.936679,84.146958,0.000000
3.198438,0.029495,0.030839,0.010400,-0.059158,78.020829,83.348723,0.000000
3.200000,0.029633,0.031307,0.010672,-0.058718,78.106705,82.543052,0.000000
3.201563,0.029777,0.031776,0.010954,-0.058278,78.194302,81.730499,0.000000
3.203125,0.029928,0.032246,0.011246,-0.057837,78.283614,80.911619,0.000000
3.204688,0.030086,0.032716,0.011546,-0.057396,78.374636,80.086974,0.000000
3.206250,0.030249,0.033187,0.011856,-0.056956,78.467361,79.257130,0.000000
3.207813,0.030420,0.033656,0.012175,-0.056516,78.561785,78.422655,0.000000
3.209375,0.030596,0.034125,0.012503,-0.056078,78.657902,77.584120,0.000000
3.210938,0.030779,0.034592,0.012839,-0.055642,78.755705,76.742101,0.000000
3.212500,0.030967,0.035058,0.013184,-0.055208,78.855188,75.897175,0.000000
3.214063,0.031161,0.035520,0.013538,-0.054776,78.956346,75.049921,0.000000
3.215625,0.031361,0.035981,0.013900,-0.054347,79.059173,74.200919,0.000000
3.217188,0.031566,0.036437,0.014269,-0.053922,79.163661,73.350751,0.000000
3.218750,0.031776,0.036891,0.014647,-0.053501,79.269804,72.500000,0.000000
3.220313,0.031991,0.037340,0.015032,-0.053084,79.377597,71.649249,0.000000
3.221875,0.032210,0.037784,0.015424,-0.052671,79.487031,70.799081,0.000000
3.223438,0.032434,0.038224,0.015823,-0.052264,79.598101,69.950079,0.000000
3.225000,0.032662,0.038659,0.016229,-0.051862,79.710800,69.102825,0.000000
3.226562,0.032893,0.039088,0.016641,-0.051465,79.825120,68.257899,0.000000
3.228125,0.033128,0.039511,0.017059,-0.051075,79.941055,67.415880,0.000000
3.229688,0.033365,0.039928,0.017482,-0.050691,80.058597,66.577345,0.000000
3.231250,0.033605,0.040338,0.017911,-0.050314,80.177739,65.742870,0.000000
3.232813,0.033848,0.040741,0.018344,-0.049943,80.298474,64.913026,0.000000
3.234375,0.034092,0.041137,0.018782,-0.049580,80.420795,64.088381,0.000000
3.235938,0.034338,0.041526,0.019224,-0.049224,80.544694,63.269501,0.000000
3.237500,0.034584,0.041907,0.019670,-0.048876,80.670162,62.456948,0.000000
3.239063,0.034832,0.042280,0.020118,-0.048536,80.797193,61.651277,0.000000
3.240625,0.035079,0.042645,0.020569,-0.048203,80.925779,60.853042,0.000000
3.242188,0.035326,0.043002,0.021023,-0.047879,81.055912,60.062788,0.000000
3.243750,0.035572,0.043350,0.021478,-0.047564,81.187583,59.281059,0.000000
3.245313,0.035817,0.043689,0.021934,-0.047257,81.320784,58.508389,0.000000
3.246875,0.036061,0.044020,0.022392,-0.046959,81.455508,57.745309,0.000000
3.248438,0.036302,0.044341,0.022850,-0.046670,81.591747,56.992340,0.000000
3.250000,0.036541,0.044654,0.023307,-0.046390,81.729490,56.250000,0.000000
3.251563,0.036777,0.044957,0.023765,-0.046118,81.868731,55.518797,0.000000
3.253125,0.037010,0.045250,0.024221,-0.045856,82.009460,54.799231,0.000000
3.254688,0.037238,0.045535,0.024675,-0.045604,82.151669,54.091797,0.000000
3.256250,0.037462,0.045809,0.025128,-0.045360,82.295350,53.396979,0.000000
3.257812,0.037682,0.046074,0.025579,-0.045126,82.440492,52.715254,0.000000
3.259375,0.037896,0.046330,0.026026,-0.044901,82.587088,52.047087,0.000000
3.260938,0.038105,0.046576,0.026471,-0.044686,82.735128,51.392938,0.000000
3.262500,0.038307,0.046812,0.026911,-0.044480,82.884603,50.753255,0.000000
3.264063,0.038503,0.047038,0.027348,-0.044283,83.035504,50.128476,0.000000
3.265625,0.038692,0.047255,0.027779,-0.044096,83.187821,49.519030,0.000000
3.267188,0.038874,0.047462,0.028206,-0.043918,83.341546,48.925333,0.000000
3.268750,0.039048,0.047659,0.028628,-0.043749,83.496668,48.347793,0.000000
3.270313,0.039213,0.047846,0.029043,-0.043590,83.653178,47.786806,0.000000
3.271875,0.039371,0.048024,0.029453,-0.043440,83.811067,47.242756,0.000000
3.273438,0.039519,0.048192,0.029855,-0.043299,83.970325,46.716016,0.000000
3.275000,0.039659,0.048350,0.030251,-0.043167,84.130941,46.206948,0.000000
3.276563,0.039789,0.048499,0.030640,-0.043045,84.292907,45.715899,0.000000
3.278125,0.039908,0.048638,0.031021,-0.042932,84.456211,45.243207,0.000000
3.279688,0.040018,0.048768,0.031394,-0.042827,84.620844,44.789195,0.000000
3.281250,0.040118,0.048887,0.031758,-0.042732,84.786797,44.354174,0.000000
3.282813,0.040206,0.048998,0.032115,-0.042646,84.954057,43.938444,0.000000
3.284375,0.040284,0.049098,0.032462,-0.042568,85.122616,43.542288,0.000000
3.285938,0.040350,0.049190,0.032800,-0.042500,85.292463,43.165978,0.000000
3.287500,0.040406,0.049271,0.033129,-0.042440,85.463587,42.809773,0.000000
3.289062,0.040449,0.049344,0.033448,-0.042390,85.635978,42.473915,0.000000
3.290625,0.040480,0.049406,0.033758,-0.042348,85.809625,42.158636,0.000000
3.292188,0.040500,0.049460,0.034057,-0.042315,85.984517,41.864152,0.000000
3.293750,0.040507,0.049503,0.034347,-0.042290,86.160644,41.590663,0.000000
3.295313,0.040502,0.049538,0.034626,-0.042275,86.337995,41.338359,0.000000
3.296875,0.040485,0.049562,0.034895,-0.042268,86.516559,41.107411,0.000000
3.298438,0.040455,0.049577,0.035153,-0.042270,86.696324,40.897978,0.000000
3.300000,0.040412,0.049583,0.035400,-0.042281,86.877280,40.710203,0.000000
3.301563,0.040356,0.049578,0.035637,-0.042300,87.059416,40.544216,0.000000
3.303125,0.040288,0.049564,0.035863,-0.042329,87.242720,40.400129,0.000000
3.304688,0.040208,0.049541,0.036078,-0.042367,87.427182,40.278042,0.000000
3.306250,0.040114,0.049507,0.036282,-0.042413,87.612788,40.178038,0.000000
3.307813,0.040007,0.049464,0.036475,-0.042469,87.799529,40.100187,0.000000
3.309375,0.039888,0.049410,0.036657,-0.042533,87.987393,40.044540,0.000000
3.310938,0.039757,0.049346,0.036829,-0.042607,88.176368,40.011137,0.000000
3.312500,0.039612,0.049272,0.036990,-0.042690,88.366442,40.000000,0.000000
3.314063,0.039461,0.049193,0.037145,-0.042778,88.557604,40.000000,0.000000
3.315625,0.039310,0.049112,0.037303,-0.042866,88.749842,40.000000,0.000000
3.317188,0.039158,0.049031,0.037461,-0.042954,88.943144,40.000000,0.000000
3.318750,0.039005,0.048948,0.037620,-0.043042,89.137499,40.000000,0.000000
3.320312,0.038852,0.048865,0.037781,-0.043129,89.332893,40.000000,0.000000
3.321875,0.038698,0.048780,0.037943,-0.043217,89.529315,40.000000,0.000000
3.323438,0.038544,0.048695,0.038105,-0.043304,89.726754,40.000000,0.000000
3.325000,0.038390,0.048608,0.038269,-0.043391,89.925196,40.000000,0.000000
3.326563,0.038234,0.048521,0.038434,-0.043479,90.124630,40.000000,0.000000
3.328125,0.038079,0.048433,0.038601,-0.043566,90.325043,40.000000,0.000000
3.329688,0.037923,0.048344,0.038768,-0.043653,90.526423,40.000000,0.000000
3.331250,0.037766,0.048253,0.038936,-0.043739,90.728758,40.000000,0.000000
3.332813,0.037610,0.048162,0.039106,-0.043826,90.932034,40.000000,0.000000
3.334375,0.037452,0.048070,0.039277,-0.043912,91.136240,40.000000,0.000000
3.335938,0.037295,0.047977,0.039448,-0.043998,91.341363,40.000000,0.000000
3.337500,0.037137,0.047883,0.039621,-0.044084,91.547390,40.000000,0.000000
3.339063,0.036978,0.047787,0.039795,-0.044169,91.754308,40.000000,0.000000
3.340625,0.036820,0.047691,0.039970,-0.044255,91.962106,40.000000,0.000000
3.342188,0.036661,0.047594,0.040146,-0.044340,92.170769,40.000000,0.000000
3.343750,0.036502,0.047496,0.040323,-0.044424,92.380285,40.000000,0.000000
3.345313,0.036342,0.047397,0.040500,-0.044509,92.590641,40.000000,0.000000
3.346875,0.036182,0.047297,0.040679,-0.044593,92.801825,40.000000,0.000000
3.348438,0.036022,0.047196,0.040859,-0.044677,93.013823,40.000000,0.000000
3.350000,0.035862,0.047094,0.041040,-0.044760,93.226621,40.000000,0.000000
3.351562,0.035702,0.046991,0.041222,-0.044843,93.440208,40.000000,0.000000
3.353125,0.035541,0.046887,0.041405,-0.044926,93.654569,40.000000,0.000000
3.354688,0.035380,0.046782,0.041589,-0.045008,93.869692,40.000000,0.000000
3.356250,0.035219,0.046676,0.041774,-0.045090,94.085563,40.000000,0.000000
3.357813,0.035058,0.046570,0.041960,-0.045171,94.302169,40.000000,0.000000
3.359375,0.034897,0.046462,0.042146,-0.045252,94.519497,40.000000,0.000000
3.360938,0.034735,0.046353,0.042334,-0.045333,94.737533,40.000000,0.000000
3.362500,0.034574,0.046243,0.042522,-0.045413,94.956263,40.000000,0.000000
3.364063,0.034412,0.046133,0.042712,-0.045492,95.175675,40.000000,0.000000
3.365625,0.034251,0.046021,0.042902,-0.045571,95.395755,40.000000,0.000000
3.367188,0.034089,0.045908,0.043093,-0.045650,95.616488,40.000000,0.000000
3.368750,0.033927,0.045795,0.043285,-0.045728,95.837862,40.000000,0.000000
3.370313,0.033766,0.045680,0.043478,-0.045806,96.059863,40.000000,0.000000
3.371875,0.033604,0.045565,0.043671,-0.045883,96.282477,40.000000,0.000000
3.373438,0.033442,0.045448,0.043866,-0.045959,96.505691,40.000000,0.000000
3.375000,0.033281,0.045331,0.044061,-0.046035,96.729490,40.000000,0.000000
3.376563,0.033119,0.045213,0.044257,-0.046110,96.953861,40.000000,0.000000
3.378125,0.032957,0.045094,0.044454,-0.046185,97.178790,40.000000,0.000000
3.379688,0.032796,0.044973,0.044652,-0.046259,97.404263,40.000000,0.000000
3.381250,0.032634,0.044852,0.044850,-0.046333,97.630267,40.000000,0.000000
3.382812,0.032473,0.044730,0.045049,-0.046406,97.856787,40.000000,0.000000
3.384375,0.032312,0.044608,0.045249,-0.046478,98.083809,40.000000,0.000000
3.385938,0.032151,0.044484,0.045450,-0.046550,98.311319,40.000000,0.000000
3.387500,0.031990,0.044359,0.045651,-0.046621,98.539303,40.000000,0.000000
3.389063,0.031830,0.044234,0.045853,-0.046691,98.767748,40.000000,0.000000
3.390625,0.031669,0.044107,0.046056,-0.046761,98.996639,40.000000,0.000000
3.392188,0.031509,0.043980,0.046259,-0.046830,99.225962,40.000000,0.000000
3.393750,0.031349,0.043852,0.046463,-0.046898,99.455703,40.000000,0.000000
3.395313,0.031189,0.043723,0.046668,-0.046966,99.685847,40.000000,0.000000
3.396875,0.031029,0.043593,0.046873,-0.047033,99.916381,40.000000,0.000000
3.398438,0.030870,0.043462,0.047079,-0.047099,100.147290,40.000000,0.000000
3.400000,0.030711,0.043330,0.047285,-0.047165,100.378561,40.000000,0.000000
3.401563,0.030552,0.043198,0.047492,-0.047229,100.610178,40.000000,0.000000
3.403125,0.030394,0.043065,0.047699,-0.047293,100.842127,40.000000,0.000000
3.404688,0.030236,0.042930,0.047908,-0.047356,101.074395,40.000000,0.000000
3.406250,0.030078,0.042795,0.048116,-0.047419,101.306966,40.000000,0.000000
3.407813,0.029921,0.042660,0.048325,-0.047481,101.539827,40.000000,0.000000
3.409375,0.029764,0.042523,0.048535,-0.047542,101.772963,40.000000,0.000000
3.410938,0.029607,0.042386,0.048745,-0.047602,102.006360,40.000000,0.000000
3.412500,0.029451,0.042248,0.048955,-0.047661,102.240003,40.000000,0.000000
3.414062,0.029295,0.042109,0.049166,-0.047720,102.473878,40.000000,0.000000
3.415625,0.029140,0.041969,0.049378,-0.047777,102.707971,40.000000,0.000000
3.417188,0.028985,0.041829,0.049590,-0.047834,102.942266,40.000000,0.000000
3.418750,0.028830,0.041688,0.049802,-0.047890,103.176751,40.000000,0.000000
3.420313,0.028676,0.041546,0.050015,-0.047945,103.411409,40.000000,0.000000
3.421875,0.028522,0.041403,0.050228,-0.048000,103.646227,40.000000,0.000000
3.423438,0.028369,0.041260,0.050441,-0.048053,103.881190,40.000000,0.000000
3.425000,0.028217,0.041116,0.050655,-0.048106,104.116284,40.000000,0.000000
3.426563,0.028065,0.040971,0.050869,-0.048158,104.351495,40.000000,0.000000
3.428125,0.027913,0.040825,0.051083,-0.048209,104.586806,40.000000,0.000000
3.429688,0.027762,0.040679,0.051298,-0.048259,104.822206,40.000000,0.000000
3.431250,0.027612,0.040533,0.051512,-0.048309,105.057677,40.000000,0.000000
3.432813,0.027462,0.040385,0.051728,-0.048357,105.293207,40.000000,0.000000
3.434375,0.027312,0.040237,0.051943,-0.048405,105.528780,40.000000,0.000000
3.435938,0.027164,0.040088,0.052159,-0.048451,105.764383,40.000000,0.000000
3.437500,0.027016,0.039939,0.052374,-0.048497,106.000000,40.000000,0.000000
3.439063,0.026868,0.039789,0.052590,-0.048542,106.235617,40.000000,0.000000
3.440625,0.026721,0.039639,0.052806,-0.048586,106.471220,40.000000,0.000000
3.442188,0.026575,0.039488,0.053023,-0.048629,106.706793,40.000000,0.000000
3.443750,0.026430,0.039336,0.053239,-0.048671,106.942323,40.000000,0.000000
3.445312,0.026285,0.039184,0.053456,-0.048713,107.177794,40.000000,0.000000
3.446875,0.026140,0.039031,0.053672,-0.048753,107.413194,40.000000,0.000000
3.448438,0.025997,0.038877,0.053889,-0.048792,107.648505,40.000000,0.000000
3.450000,0.025854,0.038724,0.054106,-0.048831,107.883716,40.000000,0.000000
3.451563,0.025712,0.038569,0.054323,-0.048869,108.118810,40.000000,0.000000
3.453125,0.025570,0.038414,0.054540,-0.048906,108.353773,40.000000,0.000000
3.454688,0.025430,0.038259,0.054757,-0.048941,108.588591,40.000000,0.000000
3.456250,0.025290,0.038103,0.054973,-0.048976,108.823249,40.000000,0.000000
3.457813,0.025150,0.037947,0.055190,-0.049010,109.057734,40.000000,0.000000
3.459375,0.025012,0.037790,0.055407,-0.049044,109.292029,40.000000,0.000000
3.460938,0.024874,0.037633,0.055624,-0.049076,109.526122,40.000000,0.000000
3.462500,0.024737,0.037476,0.055841,-0.049107,109.759997,40.000000,0.000000
3.464063,0.024601,0.037318,0.056057,-0.049137,109.993640,40.000000,0.000000
3.465625,0.024466,0.037159,0.056274,-0.049167,110.227037,40.000000,0.000000
3.467188,0.024331,0.037001,0.056490,-0.049195,110.460173,40.000000,0.000000
3.468750,0.024197,0.036842,0.056706,-0.049223,110.693034,40.000000,0.000000
3.470313,0.024064,0.036682,0.056923,-0.049250,110.925605,40.000000,0.000000
3.471875,0.023932,0.036523,0.057138,-0.049276,111.157873,40.000000,0.000000
3.473438,0.023801,0.036363,0.057354,-0.049301,111.389822,40.000000,0.000000
3.475000,0.023670,0.036202,0.057570,-0.049325,111.621439,40.000000,0.000000
3.476562,0.023541,0.036042,0.057785,-0.049348,111.852710,40.000000,0.000000
3.478125,0.023412,0.035881,0.058000,-0.049370,112.083619,40.000000,0.000000
3.479688,0.023284,0.035720,0.058215,-0.049391,112.314153,40.000000,0.000000
3.481250,0.023157,0.035558,0.058429,-0.049412,112.544297,40.000000,0.000000
3.482813,0.023031,0.035397,0.058644,-0.049431,112.774038,40.000000,0.000000
3.484375,0.022905,0.035235,0.058857,-0.049450,113.003361,40.000000,0.000000
3.485938,0.022781,0.035073,0.059071,-0.049467,113.232252,40.000000,0.000000
3.487500,0.022657,0.034910,0.059284,-0.049484,113.460697,40.000000,0.000000
3.489063,0.022534,0.034748,0.059497,-0.049500,113.688681,40.000000,0.000000
3.490625,0.022413,0.034586,0.059709,-0.049515,113.916191,40.000000,0.000000
3.492188,0.022292,0.034423,0.059922,-0.049529,114.143213,40.000000,0.000000
3.493750,0.022172,0.034260,0.060133,-0.049543,114.369733,40.000000,0.000000
3.495313,0.022053,0.034097,0.060344,-0.049555,114.595737,40.000000,0.000000
3.496875,0.021935,0.033934,0.060555,-0.049567,114.821210,40.000000,0.000000
3.498438,0.021818,0.033771,0.060766,-0.049578,115.046139,40.000000,0.000000
3.500000,0.021701,0.033608,0.060975,-0.049588,115.270510,40.000000,0.000000
3.501563,0.021586,0.033445,0.061185,-0.049597,115.494309,40.000000,0.000000
3.503125,0.021472,0.033282,0.061394,-0.049605,115.717523,40.000000,0.000000
3.504688,0.021358,0.033119,0.061602,-0.049612,115.940137,40.000000,0.000000
3.506250,0.021246,0.032956,0.061810,-0.049619,116.162138,40.000000,0.000000
3.507812,0.021134,0.032793,0.062017,-0.049625,116.383512,40.000000,0.000000
3.509375,0.021023,0.032630,0.062223,-0.049629,116.604245,40.000000,0.000000
3.510938,0.020914,0.032467,0.062429,-0.049634,116.824325,40.000000,0.000000
3.512500,0.020805,0.032304,0.062635,-0.049637,117.043737,40.000000,0.000000
3.514063,0.020697,0.032141,0.062839,-0.049639,117.262467,40.000000,0.000000
3.515625,0.020591,0.031978,0.063044,-0.049641,117.480503,40.000000,0.000000
3.517188,0.020485,0.031816,0.063247,-0.049642,117.697831,40.000000,0.000000
3.518750,0.020380,0.031653,0.063450,-0.049642,117.914437,40.000000,0.000000
3.520313,0.020276,0.031491,0.063652,-0.049642,118.130308,40.000000,0.000000
3.521875,0.020173,0.031329,0.063853,-0.049640,118.345431,40.000000,0.000000
3.523438,0.020071,0.031167,0.064054,-0.049638,118.559792,40.000000,0.000000
3.525000,0.019970,0.031005,0.064254,-0.049636,118.773379,40.000000,0.000000
3.526563,0.019870,0.030844,0.064453,-0.049632,118.986177,40.000000,0.000000
3.528125,0.019771,0.030683,0.064652,-0.049628,119.198175,40.000000,0.000000
3.529688,0.019673,0.030522,0.064849,-0.049623,119.409359,40.000000,0.000000
3.531250,0.019576,0.030361,0.065046,-0.049617,119.619715,40.000000,0.000000
3.532813,0.019480,0.030200,0.065242,-0.049611,119.829231,40.000000,0.000000
3.534375,0.019385,0.030040,0.065437,-0.049604,120.037894,40.000000,0.000000
3.535938,0.019291,0.029880,0.065632,-0.049596,120.245692,40.000000,0.000000
3.537500,0.019197,0.029721,0.065825,-0.049587,120.452610,40.000000,0.000000
3.539062,0.019105,0.029562,0.066018,-0.049578,120.658637,40.000000,0.000000
3.540625,0.019014,0.029403,0.066210,-0.049569,120.863760,40.000000,0.000000
3.542188,0.018924,0.029245,0.066401,-0.049558,121.067966,40.000000,0.000000
3.543750,0.018834,0.029087,0.066591,-0.049547,121.271242,40.000000,0.000000
3.545313,0.018746,0.028929,0.066780,-0.049536,121.473577,40.000000,0.000000
3.546875,0.018659,0.028772,0.066968,-0.049524,121.674957,40.000000,0.000000
3.548438,0.018572,0.028616,0.067155,-0.049511,121.875370,40.000000,0.000000
3.550000,0.018487,0.028459,0.067341,-0.049497,122.074804,40.000000,0.000000
3.551563,0.018403,0.028304,0.067527,-0.049483,122.273246,40.000000,0.000000
3.553125,0.018319,0.028148,0.067711,-0.049469,122.470685,40.000000,0.000000
3.554688,0.018237,0.027994,0.067894,-0.049454,122.667107,40.000000,0.000000
3.556250,0.018155,0.027840,0.068076,-0.049438,122.862501,40.000000,0.000000
3.557813,0.018074,0.027686,0.068258,-0.049422,123.056856,40.000000,0.000000
3.559375,0.017995,0.027533,0.068438,-0.049405,123.250158,40.000000,0.000000
3.560938,0.017916,0.027380,0.068617,-0.049388,123.442396,40.000000,0.000000
3.562500,0.017838,0.027229,0.068795,-0.049370,123.633558,40.000000,0.000000
3.564063,0.017759,0.027070,0.068970,-0.049359,123.823632,40.011137,0.000000
3.565625,0.017677,0.026898,0.069140,-0.049363,124.012607,40.044540,0.000000
3.567188,0.017592,0.026711,0.069304,-0.049380,124.200471,40.100187,0.000000
3.568750,0.017504,0.026511,0.069464,-0.049412,124.387212,40.178038,0.000000
3.570312,0.017414,0.026296,0.069619,-0.049457,124.572818,40.278042,0.000000
3.571875,0.017321,0.026068,0.069770,-0.049517,124.757280,40.400129,0.000000
3.573438,0.017226,0.025825,0.069917,-0.049592,124.940584,40.544216,0.000000
3.575000,0.017129,0.025569,0.070059,-0.049680,125.122720,40.710203,0.000000
3.576563,0.017030,0.025298,0.070198,-0.049783,125.303676,40.897978,0.000000
3.578125,0.016930,0.025014,0.070333,-0.049900,125.483441,41.107411,0.000000
3.579688,0.016829,0.024716,0.070466,-0.050031,125.662005,41.338359,0.000000
3.581250,0.016728,0.024404,0.070595,-0.050177,125.839356,41.590663,0.000000
3.582813,0.016626,0.024079,0.070722,-0.050336,126.015483,41.864152,0.000000
3.584375,0.016524,0.023740,0.070847,-0.050510,126.190375,42.158636,0.000000
3.585938,0.016422,0.023387,0.070970,-0.050697,126.364022,42.473915,0.000000
3.587500,0.016321,0.023021,0.071092,-0.050899,126.536413,42.809773,0.000000
3.589063,0.016221,0.022642,0.071212,-0.051114,126.707537,43.165978,0.000000
3.590625,0.016122,0.022250,0.071332,-0.051343,126.877384,43.542288,0.000000
3.592188,0.016026,0.021844,0.071452,-0.051586,127.045943,43.938444,0.000000
3.593750,0.015931,0.021426,0.071571,-0.051842,127.213203,44.354174,0.000000
3.595313,0.015840,0.020995,0.071692,-0.052111,127.379156,44.789195,0.000000
3.596875,0.015751,0.020552,0.071813,-0.052393,127.543789,45.243207,0.000000
3.598438,0.015666,0.020097,0.071935,-0.052689,127.707093,45.715899,0.000000
3.600000,0.015585,0.019630,0.072060,-0.052997,127.869059,46.206948,0.000000
3.601562,0.015508,0.019151,0.072186,-0.053317,128.029675,46.716016,0.000000
3.603125,0.015436,0.018660,0.072315,-0.053650,128.188933,47.242756,0.000000
3.604688,0.015369,0.018159,0.072447,-0.053994,128.346822,47.786806,0.000000
3.606250,0.015307,0.017646,0.072583,-0.054351,128.503332,48.347793,0.000000
3.607813,0.015252,0.017123,0.072722,-0.054718,128.658454,48.925333,0.000000
3.609375,0.015203,0.016590,0.072866,-0.055097,128.812179,49.519030,0.000000
3.610938,0.015161,0.016047,0.073014,-0.055486,128.964496,50.128476,0.000000
3.612500,0.015126,0.015495,0.073167,-0.055886,129.115397,50.753255,0.000000
3.614063,0.015099,0.014933,0.073326,-0.056296,129.264872,51.392938,0.000000
3.615625,0.015080,0.014363,0.073491,-0.056715,129.412912,52.047087,0.000000
3.617188,0.015069,0.013785,0.073662,-0.057143,129.559508,52.715254,0.000000
3.618750,0.015066,0.013199,0.073839,-0.057581,129.704650,53.396979,0.000000
3.620313,0.015073,0.012606,0.074023,-0.058026,129.848331,54.091797,0.000000
3.621875,0.015089,0.012006,0.074214,-0.058480,129.990540,54.799231,0.000000
3.623438,0.015115,0.011400,0.074412,-0.058941,130.131269,55.518797,0.000000
3.625000,0.015150,0.010787,0.074619,-0.059409,130.270510,56.250000,0.000000
3.626563,0.015196,0.010170,0.074833,-0.059883,130.408253,56.992340,0.000000
3.628125,0.015252,0.009548,0.075055,-0.060363,130.544492,57.745309,0.000000
3.629688,0.015319,0.008921,0.075286,-0.060849,130.679216,58.508389,0.000000
3.631250,0.015396,0.008291,0.075526,-0.061340,130.812417,59.281059,0.000000
3.632812,0.015484,0.007657,0.075774,-0.061835,130.944088,60.062788,0.000000
3.634375,0.015584,0.007022,0.076031,-0.062333,131.074221,60.853042,0.000000
3.635938,0.015694,0.006384,0.076297,-0.062835,131.202807,61.651277,0.000000
3.637500,0.015816,0.005744,0.076572,-0.063340,131.329838,62.456948,0.000000
3.639063,0.015949,0.005104,0.076856,-0.063847,131.455306,63.269501,0.000000
3.640625,0.016093,0.004464,0.077150,-0.064356,131.579205,64.088381,0.000000
3.642188,0.016249,0.003824,0.077452,-0.064865,131.701526,64.913026,0.000000
3.643750,0.016416,0.003185,0.077764,-0.065375,131.822261,65.742870,0.000000
3.645313,0.016594,0.002547,0.078084,-0.065885,131.941403,66.577345,0.000000
3.646875,0.016784,0.001912,0.078414,-0.066394,132.058945,67.415880,0.000000
3.648438,0.016984,0.001279,0.078753,-0.066902,132.174880,68.257899,0.000000
3.650000,0.017196,0.000649,0.079100,-0.067408,132.289200,69.102825,0.000000
3.651563,0.017418,0.000023,0.079456,-0.067912,132.401899,69.950079,0.000000
3.653125,0.017650,-0.000598,0.079820,-0.068414,132.512969,70.799081,0.000000
3.654688,0.017893,-0.001215,0.080192,-0.068911,132.622403,71.649249,0.000000
3.656250,0.018146,-0.001826,0.080572,-0.069405,132.730196,72.500000,0.000000
3.657813,0.018408,-0.002431,0.080960,-0.069895,132.836339,73.350751,0.000000
3.659375,0.018680,-0.003030,0.081355,-0.070380,132.940827,74.200919,0.000000
3.660938,0.018961,-0.003622,0.081757,-0.070859,133.043654,75.049921,0.000000
3.662500,0.019251,-0.004207,0.082165,-0.071333,133.144812,75.897175,0.000000
3.664062,0.019549,-0.004784,0.082579,-0.071800,133.244295,76.742101,0.000000
3.665625,0.019855,-0.005353,0.083000,-0.072261,133.342098,77.584120,0.000000
3.667188,0.020169,-0.005913,0.083425,-0.072715,133.438215,78.422655,0.000000
3.668750,0.020489,-0.006464,0.083856,-0.073162,133.532639,79.257130,0.000000
3.670313,0.020816,-0.007005,0.084291,-0.073601,133.625364,80.086974,0.000000
3.671875,0.021149,-0.007537,0.084730,-0.074032,133.716386,80.911619,0.000000
3.673438,0.021488,-0.008059,0.085172,-0.074454,133.805698,81.730499,0.000000
3.675000,0.021832,-0.008570,0.085617,-0.074868,133.893295,82.543052,0.000000
3.676563,0.022180,-0.009071,0.086065,-0.075273,133.979171,83.348723,0.000000
3.678125,0.022533,-0.009560,0.086514,-0.075669,134.063321,84.146958,0.000000
3.679688,0.022889,-0.010039,0.086965,-0.076056,134.145740,84.937212,0.000000
3.681250,0.023247,-0.010506,0.087417,-0.076433,134.226423,85.718941,0.000000
3.682813,0.023608,-0.010962,0.087869,-0.076800,134.305365,86.491611,0.000000
3.684375,0.023971,-0.011406,0.088320,-0.077157,134.382561,87.254691,0.000000
3.685938,0.024335,-0.011838,0.088770,-0.077505,134.458006,88.007660,0.000000
3.687500,0.024699,-0.012259,0.089219,-0.077842,134.531695,88.750000,0.000000
3.689063,0.025064,-0.012667,0.089666,-0.078169,134.603625,89.481203,0.000000
3.690625,0.025427,-0.013063,0.090110,-0.078486,134.673790,90.200769,0.000000
3.692188,0.025790,-0.013447,0.090550,-0.078793,134.742187,90.908203,0.000000
3.693750,0.026151,-0.013819,0.090987,-0.079090,134.808811,91.603021,0.000000
3.695312,0.026509,-0.014179,0.091420,-0.079376,134.873657,92.284746,0.000000
3.696875,0.026865,-0.014526,0.091847,-0.079652,134.936723,92.952913,0.000000
3.698438,0.027217,-0.014862,0.092269,-0.079918,134.998003,93.607062,0.000000
3.700000,0.027565,-0.015185,0.092685,-0.080174,135.057495,94.246745,0.000000
3.701563,0.027909,-0.015496,0.093093,-0.080419,135.115194,94.871524,0.000000
3.703125,0.028247,-0.015796,0.093495,-0.080655,135.171098,95.480970,0.000000
3.704688,0.028580,-0.016083,0.093889,-0.080881,135.225202,96.074667,0.000000
3.706250,0.028907,-0.016359,0.094275,-0.081097,135.277503,96.652207,0.000000
3.707813,0.029227,-0.016623,0.094652,-0.081303,135.327998,97.213194,0.000000
3.709375,0.029540,-0.016876,0.095020,-0.081500,135.376684,97.757244,0.000000
3.710938,0.029845,-0.017117,0.095378,-0.081688,135.423558,98.283984,0.000000
3.712500,0.030142,-0.017347,0.095725,-0.081867,135.468618,98.793052,0.000000
3.714063,0.030430,-0.017566,0.096062,-0.082036,135.511859,99.284101,0.000000
3.715625,0.030709,-0.017774,0.096388,-0.082197,135.553280,99.756793,0.000000
3.717188,0.030979,-0.017971,0.096703,-0.082348,135.592878,100.210805,0.000000
3.718750,0.031239,-0.018158,0.097005,-0.082492,135.630650,100.645826,0.000000
3.720313,0.031489,-0.018334,0.097296,-0.082627,135.666595,101.061556,0.000000
3.721875,0.031729,-0.018500,0.097573,-0.082754,135.700710,101.457712,0.000000
3.723438,0.031957,-0.018656,0.097838,-0.082872,135.732992,101.834022,0.000000
3.725000,0.032174,-0.018802,0.098089,-0.082983,135.763441,102.190227,0.000000
3.726562,0.032380,-0.018938,0.098327,-0.083087,135.792054,102.526085,0.000000
3.728125,0.032574,-0.019065,0.098551,-0.083182,135.818829,102.841364,0.000000
3.729688,0.032755,-0.019182,0.098760,-0.083271,135.843764,103.135848,0.000000
3.731250,0.032924,-0.019290,0.098955,-0.083352,135.866859,103.409337,0.000000
3.732813,0.033081,-0.019389,0.099135,-0.083426,135.888111,103.661641,0.000000
3.734375,0.033224,-0.019478,0.099301,-0.083494,135.907520,103.892589,0.000000
3.735938,0.033355,-0.019559,0.099451,-0.083554,135.925084,104.102022,0.000000
3.737500,0.033472,-0.019631,0.099586,-0.083608,135.940802,104.289797,0.000000
3.739063,0.033576,-0.019694,0.099705,-0.083655,135.954673,104.455784,0.000000
3.740625,0.033667,-0.019749,0.099809,-0.083696,135.966696,104.599871,0.000000
3.742188,0.033743,-0.019795,0.099897,-0.083730,135.976871,104.721958,0.000000
3.743750,0.033806,-0.019832,0.099969,-0.083758,135.985197,104.821962,0.000000
3.745313,0.033855,-0.019861,0.100025,-0.083779,135.991673,104.899813,0.000000
3.746875,0.033890,-0.019882,0.100065,-0.083795,135.996299,104.955460,0.000000
3.748438,0.033911,-0.019895,0.100089,-0.083804,135.999075,104.988863,0.000000
3.750000,0.033918,-0.019899,0.100097,-0.083807,136.000000,105.000000,1.000000
