# Force         
# CofR          : (6.34000000e-02 0.00000000e+00 4.00000000e-03)
#
# Time          	total_x total_y total_z	pressure_x pressure_y pressure_z	viscous_x viscous_y viscous_z
1.557692000e-03 3.937319570e-02 -1.055666460e-07 2.097522690e-02 3.935157590e-02 -1.060921110e-07 2.097544980e-02 2.161978450e-05 5.254644740e-10 -2.229065940e-07
3.412088000e-03 7.904899380e-02 -5.676954810e-06 4.237651340e-02 7.897960140e-02 -5.670611570e-06 4.237530780e-02 6.939233200e-05 -6.343234900e-09 1.205569410e-06
5.593730000e-03 7.567675180e-02 3.890871670e-07 3.943748950e-02 7.555457690e-02 3.929986360e-07 3.944414000e-02 1.221749000e-04 -3.911468980e-09 -6.650548570e-06
8.278828000e-03 8.101099500e-02 -1.953276050e-06 4.322918260e-02 8.082766150e-02 -1.948269700e-06 4.323396200e-02 1.833335280e-04 -5.006350490e-09 -4.779438940e-06
1.150094000e-02 7.640148490e-02 3.229395100e-06 3.975021600e-02 7.614956780e-02 3.222458530e-06 3.976375060e-02 2.519171080e-04 6.936579070e-09 -1.353459960e-05
1.472306000e-02 8.799167420e-02 1.270462320e-07 4.561095550e-02 8.766567550e-02 1.146856880e-07 4.563183030e-02 3.259987590e-04 1.236054380e-08 -2.087484690e-05
1.706642000e-02 1.067667430e-01 1.355158470e-07 5.448704290e-02 1.063790110e-01 1.177198770e-07 5.451999930e-02 3.877318440e-04 1.779597030e-08 -3.295641210e-05
1.901922000e-02 9.533864610e-02 -9.881194900e-07 4.896529970e-02 9.491721180e-02 -1.009224580e-06 4.900197530e-02 4.214342690e-04 2.110509460e-08 -3.667554490e-05
2.080928000e-02 1.010116840e-01 1.086433490e-06 4.964581280e-02 1.005498000e-01 1.059348380e-06 4.969921350e-02 4.618843730e-04 2.708510360e-08 -5.340072200e-05
2.232395000e-02 9.686931530e-02 -3.135363370e-06 4.987864340e-02 9.638865950e-02 -3.163062210e-06 4.993019020e-02 4.806558140e-04 2.769883630e-08 -5.154687400e-05
2.372211000e-02 8.848024190e-02 -6.164909770e-07 4.053350990e-02 8.797443690e-02 -6.470127820e-07 4.060822250e-02 5.058049780e-04 3.052180480e-08 -7.471262300e-05
2.512027000e-02 1.072118540e-01 6.142466000e-08 5.485409380e-02 1.066846780e-01 2.655529080e-08 5.492398530e-02 5.271764270e-04 3.486936920e-08 -6.989150700e-05
2.640191000e-02 8.437341960e-02 3.308374200e-07 3.842251060e-02 8.382955760e-02 2.927499400e-07 3.850973970e-02 5.438619950e-04 3.808748060e-08 -8.722911870e-05
2.768356000e-02 9.619557610e-02 -1.710943760e-06 4.797183340e-02 9.563845860e-02 -1.751667210e-06 4.805677010e-02 5.571174880e-04 4.072344470e-08 -8.493666770e-05
2.884869000e-02 1.133762680e-01 -1.213666530e-06 5.288274690e-02 1.127931480e-01 -1.256474500e-06 5.298322980e-02 5.831194100e-04 4.280797540e-08 -1.004828550e-04
3.001382000e-02 1.027595310e-01 -7.470390690e-07 4.898654370e-02 1.021610880e-01 -7.923993440e-07 4.909199920e-02 5.984432490e-04 4.536027460e-08 -1.054555780e-04
3.106244000e-02 8.637036160e-02 6.992255910e-07 3.996850820e-02 8.576596260e-02 6.503990430e-07 4.007977140e-02 6.043989970e-04 4.882654850e-08 -1.112632440e-04
3.211106000e-02 1.144457670e-01 -3.016671020e-06 5.451026730e-02 1.138241500e-01 -3.066695390e-06 5.462592610e-02 6.216167470e-04 5.002437010e-08 -1.156587300e-04
3.315967000e-02 8.094955510e-02 5.340054470e-06 3.404580080e-02 8.031931120e-02 5.282978810e-06 3.417709590e-02 6.302438860e-04 5.707566480e-08 -1.312950750e-04
3.420829000e-02 1.113670530e-01 2.741958010e-06 5.066995690e-02 1.107190730e-01 2.679206940e-06 5.080994590e-02 6.479803320e-04 6.275107190e-08 -1.399890220e-04
3.525691000e-02 1.106905820e-01 1.535883850e-05 5.366591500e-02 1.100339210e-01 1.528056460e-05 5.379987580e-02 6.566615800e-04 7.827386490e-08 -1.339607340e-04
3.613076000e-02 8.260746070e-02 -4.347681870e-07 3.363906620e-02 8.194667300e-02 -5.165521320e-07 3.378721240e-02 6.607876470e-04 8.178394490e-08 -1.481461770e-04
3.700461000e-02 1.126465440e-01 -1.503749870e-05 5.015831870e-02 1.119731520e-01 -1.511067090e-05 5.031394630e-02 6.733916510e-04 7.317214200e-08 -1.556276440e-04
3.787845000e-02 1.068024080e-01 -4.876267980e-06 4.816954000e-02 1.061209110e-01 -4.948945660e-06 4.832895290e-02 6.814968780e-04 7.267767600e-08 -1.594128580e-04
3.875230000e-02 9.809068580e-02 -1.728863190e-07 4.152729610e-02 9.740172930e-02 -2.479622770e-07 4.169629480e-02 6.889564200e-04 7.507595740e-08 -1.689986370e-04
3.962615000e-02 1.073049090e-01 -1.321462140e-06 4.443827000e-02 1.066032790e-01 -1.397500850e-06 4.461959200e-02 7.016296350e-04 7.603870820e-08 -1.813219670e-04
4.050000000e-02 1.137315300e-01 -2.681294320e-06 5.270016100e-02 1.130258870e-01 -2.757582260e-06 5.287519040e-02 7.056433720e-04 7.628793720e-08 -1.750294480e-04
4.134375000e-02 6.816065990e-02 1.156471790e-05 2.248174330e-02 6.745381610e-02 1.148027440e-05 2.267531090e-02 7.068437510e-04 8.444348150e-08 -1.935676130e-04
4.216992000e-02 1.526017990e-01 -1.846710570e-06 7.149948840e-02 1.518791590e-01 -1.932657950e-06 7.168656080e-02 7.226391750e-04 8.594738140e-08 -1.870724540e-04
4.297888000e-02 9.359948180e-02 -9.750573990e-06 3.687118120e-02 9.287276090e-02 -9.831069110e-06 3.706883020e-02 7.267208650e-04 8.049512830e-08 -1.976490150e-04
4.378784000e-02 8.389986580e-02 1.031868510e-05 3.122698870e-02 8.317178120e-02 1.023016030e-05 3.143637500e-02 7.280845950e-04 8.852475430e-08 -2.093863510e-04
4.457959000e-02 1.029556680e-01 -9.700941810e-08 4.277839020e-02 1.022230410e-01 -1.878288730e-07 4.299146110e-02 7.326269710e-04 9.081945480e-08 -2.130709350e-04
4.537134000e-02 1.300919600e-01 -5.081040780e-06 5.516108600e-02 1.293464580e-01 -5.171975760e-06 5.537886480e-02 7.455015940e-04 9.093498020e-08 -2.177787520e-04
4.614587000e-02 1.082621250e-01 -2.694263050e-07 4.421359790e-02 1.075134140e-01 -3.637709350e-07 4.443644110e-02 7.487108450e-04 9.434463040e-08 -2.228431950e-04
4.690357000e-02 9.577935830e-02 1.097507000e-06 3.800334030e-02 9.502998320e-02 9.989730500e-07 3.823061910e-02 7.493750760e-04 9.853395010e-08 -2.272787140e-04
4.766127000e-02 1.015227330e-01 -5.908616120e-07 3.938581620e-02 1.007700120e-01 -6.929374010e-07 3.961975520e-02 7.527214420e-04 1.020757890e-07 -2.339390200e-04
4.840213000e-02 1.238206840e-01 2.602345570e-05 4.576901840e-02 1.230537810e-01 2.590184250e-05 4.601948720e-02 7.669026490e-04 1.216132040e-07 -2.504687690e-04
4.912653000e-02 1.121137560e-01 -4.362950040e-06 4.790352200e-02 1.113475760e-01 -4.486929150e-06 4.814795770e-02 7.661803570e-04 1.239791090e-07 -2.444356800e-04
4.985093000e-02 1.196764560e-01 1.195243870e-05 4.742925920e-02 1.189038260e-01 1.181850140e-05 4.767916360e-02 7.726307020e-04 1.339372960e-07 -2.499044390e-04
5.057532000e-02 1.216825270e-01 1.319239320e-05 4.432262450e-02 1.208990130e-01 1.304886610e-05 4.458743900e-02 7.835138490e-04 1.435271250e-07 -2.648144240e-04
5.128287000e-02 4.818425200e-02 1.795125750e-05 1.137584450e-02 4.741453890e-02 1.779602890e-05 1.164593960e-02 7.697130970e-04 1.552286260e-07 -2.700951030e-04
5.199042000e-02 1.374485900e-01 1.274934200e-05 5.765938860e-02 1.366709050e-01 1.258319810e-05 5.792589840e-02 7.776852310e-04 1.661438490e-07 -2.665098420e-04
5.268113000e-02 1.583756620e-01 -1.657676250e-05 6.685258330e-02 1.575861410e-01 -1.673722420e-05 6.711821620e-02 7.895213760e-04 1.604617030e-07 -2.656329180e-04
5.337183000e-02 1.182128420e-01 5.997458760e-06 4.020474110e-02 1.174140940e-01 5.831243700e-06 4.048725870e-02 7.987483990e-04 1.662150530e-07 -2.825175150e-04
5.404569000e-02 7.114776260e-02 7.661295440e-05 2.107716990e-02 7.035644110e-02 7.640498920e-05 2.136549230e-02 7.913214520e-04 2.079652310e-07 -2.883224420e-04
5.471955000e-02 8.443048230e-02 5.778559300e-05 2.853949950e-02 8.364274900e-02 5.754463430e-05 2.883160670e-02 7.877332430e-04 2.409586770e-07 -2.921071370e-04
5.539341000e-02 1.491033290e-01 -3.613910090e-05 5.882235890e-02 1.483034560e-01 -3.636401250e-05 5.911822940e-02 7.998729970e-04 2.249116060e-07 -2.958704750e-04
5.604998000e-02 1.162883130e-01 2.790334230e-05 4.275599340e-02 1.154870920e-01 2.766102400e-05 4.305566710e-02 8.012212100e-04 2.423183250e-07 -2.996736450e-04
5.670656000e-02 1.150533180e-01 6.796221270e-05 4.096831860e-02 1.142496980e-01 6.768075400e-05 4.127393700e-02 8.036190800e-04 2.814587500e-07 -3.056184850e-04
5.736314000e-02 1.227619430e-01 -3.752091810e-05 3.998442750e-02 1.219488220e-01 -3.778380390e-05 4.030571660e-02 8.131207350e-04 2.628857900e-07 -3.212890670e-04
5.800198000e-02 1.317524870e-01 1.162041880e-05 5.027592280e-02 1.309367810e-01 1.135048900e-05 5.059596690e-02 8.157056000e-04 2.699298250e-07 -3.200440870e-04
5.864081000e-02 1.284208690e-01 -3.089612450e-06 4.972089750e-02 1.276048290e-01 -3.359569450e-06 5.003712570e-02 8.160397660e-04 2.699569960e-07 -3.162281270e-04
5.927965000e-02 9.576415340e-02 -6.918496930e-06 3.072416070e-02 9.495004770e-02 -7.188480050e-06 3.104526440e-02 8.141057060e-04 2.699831210e-07 -3.211037000e-04
5.991848000e-02 1.069975340e-01 3.024262000e-05 3.544081200e-02 1.061829710e-01 2.995808650e-05 3.577045820e-02 8.145624980e-04 2.845335570e-07 -3.296461850e-04
6.053852000e-02 9.897450240e-02 1.063473450e-05 2.838363730e-02 9.815847710e-02 1.034335020e-05 2.872628780e-02 8.160252970e-04 2.913842720e-07 -3.426504690e-04
6.115857000e-02 1.015340260e-01 1.252536770e-05 3.264531670e-02 1.007194480e-01 1.222525590e-05 3.299188140e-02 8.145783000e-04 3.001117580e-07 -3.465647210e-04
6.177861000e-02 1.246568380e-01 5.761171870e-06 4.425599920e-02 1.238398570e-01 5.454579070e-06 4.460380090e-02 8.169815990e-04 3.065928000e-07 -3.478016080e-04
6.239866000e-02 1.922494390e-01 3.598502340e-05 7.888682880e-02 1.914198480e-01 3.565789270e-05 7.922714130e-02 8.295911080e-04 3.271307000e-07 -3.403125310e-04
6.301870000e-02 1.107750430e-01 -5.151301160e-05 3.484003090e-02 1.099457310e-01 -5.181907320e-05 3.518956080e-02 8.293125580e-04 3.060615860e-07 -3.495298760e-04
6.361808000e-02 9.018217690e-02 -2.112013060e-05 2.268360120e-02 8.935516880e-02 -2.142111550e-05 2.304612020e-02 8.270080980e-04 3.009848250e-07 -3.625190740e-04
6.421746000e-02 1.221244290e-01 -2.905963900e-05 4.005687490e-02 1.212958740e-01 -2.935164380e-05 4.042328530e-02 8.285558840e-04 2.920047490e-07 -3.664103650e-04
6.481683000e-02 1.255383840e-01 -4.219233610e-06 4.310538870e-02 1.247091760e-01 -4.514448720e-06 4.347303860e-02 8.292075230e-04 2.952151120e-07 -3.676498130e-04
6.541621000e-02 1.256915280e-01 1.192731100e-05 4.661815710e-02 1.248653930e-01 1.161985160e-05 4.697854690e-02 8.261358000e-04 3.074594440e-07 -3.603897750e-04
6.601559000e-02 1.438315100e-01 -1.592340170e-05 4.887718830e-02 1.429985620e-01 -1.622954880e-05 4.924535180e-02 8.329481940e-04 3.061470710e-07 -3.681634560e-04
6.661496000e-02 1.519058200e-01 -7.860413830e-06 4.927447430e-02 1.510624500e-01 -8.170775400e-06 4.965576510e-02 8.433700770e-04 3.103615690e-07 -3.812908530e-04
6.721434000e-02 6.585994740e-02 1.847273450e-07 1.377017430e-02 6.502917660e-02 -1.318518250e-07 1.415507760e-02 8.307708230e-04 3.165791690e-07 -3.849032820e-04
6.781372000e-02 9.196861120e-02 -1.470927050e-05 2.391758560e-02 9.114245260e-02 -1.502411830e-05 2.430638290e-02 8.261585730e-04 3.148478100e-07 -3.887972980e-04
6.841309000e-02 1.827021540e-01 -2.702834310e-06 6.569877580e-02 1.818616000e-01 -3.021722460e-06 6.609090880e-02 8.405541880e-04 3.188881550e-07 -3.921330740e-04
6.898522000e-02 1.287102210e-01 4.543122000e-06 4.056038730e-02 1.278686460e-01 4.216514470e-06 4.095670100e-02 8.415749270e-04 3.266075290e-07 -3.963137690e-04
6.955736000e-02 9.912960800e-02 9.981360940e-05 2.659761480e-02 9.829265470e-02 9.943606180e-05 2.699822950e-02 8.369532710e-04 3.775475910e-07 -4.006146510e-04
7.012949000e-02 1.611064470e-01 -4.205675880e-05 5.459142570e-02 1.602611640e-01 -4.241838500e-05 5.499538520e-02 8.452836490e-04 3.616262610e-07 -4.039595640e-04
7.070162000e-02 1.618245180e-01 4.093187270e-06 5.544035450e-02 1.609717280e-01 3.725009490e-06 5.584798440e-02 8.527909610e-04 3.681777790e-07 -4.076299090e-04
7.127375000e-02 3.233791370e-02 3.696231090e-07 -6.178191040e-03 3.149965690e-02 -2.041247130e-09 -5.756907500e-03 8.382568130e-04 3.716643560e-07 -4.212835410e-04
7.184589000e-02 9.074968270e-02 3.271111640e-07 2.196598320e-02 8.991570530e-02 -4.948280780e-08 2.239385730e-02 8.339773310e-04 3.765939720e-07 -4.278740970e-04
7.241802000e-02 2.089606360e-01 9.370786170e-06 7.763146270e-02 2.081114040e-01 8.986057320e-06 7.805207850e-02 8.492320960e-04 3.847288470e-07 -4.206158040e-04
7.299015000e-02 1.306099960e-01 3.142358200e-07 4.023714810e-02 1.297629330e-01 -7.645374460e-08 4.065958410e-02 8.470625350e-04 3.906895640e-07 -4.224359480e-04
7.356228000e-02 4.745604940e-02 1.485718130e-05 2.375588070e-03 4.662409640e-02 1.445503160e-05 2.803886090e-03 8.319529850e-04 4.021496880e-07 -4.282980270e-04
7.413441000e-02 1.474116660e-01 5.170217450e-06 4.641535340e-02 1.465729470e-01 4.761181640e-06 4.684727580e-02 8.387190220e-04 4.090358160e-07 -4.319223140e-04
7.470655000e-02 1.825218330e-01 -2.057803130e-05 6.104979650e-02 1.816724740e-01 -2.098331830e-05 6.148554720e-02 8.493588960e-04 4.052869310e-07 -4.357507390e-04
7.527868000e-02 1.173762030e-01 9.540699930e-06 3.258473080e-02 1.165297960e-01 9.124905700e-06 3.302403370e-02 8.464065290e-04 4.157942310e-07 -4.393029120e-04
7.585081000e-02 1.184852600e-01 -1.101774870e-05 3.242042700e-02 1.176404410e-01 -1.143512820e-05 3.286470850e-02 8.448185000e-04 4.173795200e-07 -4.442815000e-04
7.642294000e-02 1.130734390e-01 -4.833531160e-05 2.560722140e-02 1.122273720e-01 -4.873766870e-05 2.606606080e-02 8.460664630e-04 4.023571630e-07 -4.588394830e-04
7.699507000e-02 1.339814110e-01 1.171932380e-04 3.855877560e-02 1.331347940e-01 1.167310860e-04 3.902172600e-02 8.466168520e-04 4.621517830e-07 -4.629504450e-04
7.756721000e-02 1.447452260e-01 1.908323340e-05 4.746857390e-02 1.439001040e-01 1.860761480e-05 4.792444430e-02 8.451218780e-04 4.756185750e-07 -4.558704870e-04
7.813934000e-02 1.333042780e-01 4.010336250e-05 3.821407150e-02 1.324590320e-01 3.960620110e-05 3.867305130e-02 8.452457510e-04 4.971614430e-07 -4.589798910e-04
7.871147000e-02 1.293877420e-01 3.128436180e-05 3.518179940e-02 1.285424160e-01 3.076976990e-05 3.564634270e-02 8.453259570e-04 5.145918150e-07 -4.645432500e-04
7.928360000e-02 1.654060010e-01 2.694243420e-05 5.149671100e-02 1.645536550e-01 2.641244250e-05 5.196433140e-02 8.523468520e-04 5.299917450e-07 -4.676204030e-04
7.985574000e-02 1.594445410e-01 -1.038249930e-05 4.808294730e-02 1.585873460e-01 -1.091120630e-05 4.855494140e-02 8.571956140e-04 5.287070260e-07 -4.719941140e-04
8.042787000e-02 5.823183660e-02 9.286266280e-06 3.169927650e-03 5.738659350e-02 8.750616830e-06 3.655882300e-03 8.452430650e-04 5.356494580e-07 -4.859546480e-04
8.100000000e-02 1.161635990e-01 2.673268630e-05 2.900682670e-02 1.153199830e-01 2.618293540e-05 2.949833690e-02 8.436164500e-04 5.497508230e-07 -4.915101830e-04
8.154000000e-02 2.174375800e-01 2.655813530e-05 7.699720220e-02 2.165827010e-01 2.599498750e-05 7.748060090e-02 8.548793420e-04 5.631477810e-07 -4.833986520e-04
8.207280000e-02 1.318867610e-01 -3.989963340e-05 3.676860960e-02 1.310345810e-01 -4.045011100e-05 3.725389700e-02 8.521799700e-04 5.504776420e-07 -4.852874110e-04
8.260560000e-02 6.663696460e-02 4.451496890e-06 8.201144440e-03 6.579676810e-02 3.896663400e-06 8.692258690e-03 8.401965260e-04 5.548334900e-07 -4.911142580e-04
8.313840000e-02 1.524234960e-01 1.138468410e-05 4.424940250e-02 1.515801390e-01 1.082312430e-05 4.474374800e-02 8.433570340e-04 5.615597780e-07 -4.943455170e-04
8.367120000e-02 1.887151850e-01 -9.122376450e-06 5.802550550e-02 1.878620600e-01 -9.682953700e-06 5.852327010e-02 8.531244600e-04 5.605772450e-07 -4.977646300e-04
8.419660000e-02 1.233253180e-01 -3.281977660e-05 3.147321710e-02 1.224772790e-01 -3.336906410e-05 3.197478710e-02 8.480392240e-04 5.492874680e-07 -5.015699930e-04
8.472200000e-02 8.636720390e-02 6.622853820e-05 1.497427140e-02 8.552887280e-02 6.564789040e-05 1.547936450e-02 8.383310820e-04 5.806477840e-07 -5.050931850e-04
8.524740000e-02 1.371930860e-01 -6.673472400e-06 3.003384710e-02 1.363494010e-01 -7.252841850e-06 3.054979230e-02 8.436847520e-04 5.793694580e-07 -5.159451940e-04
8.577280000e-02 1.639710430e-01 2.631742930e-05 4.210082970e-02 1.631196820e-01 2.572540860e-05 4.262871170e-02 8.513612480e-04 5.920206680e-07 -5.278820300e-04
8.629820000e-02 1.695583850e-01 3.009742340e-05 5.127866990e-02 1.687058380e-01 2.949320920e-05 5.180342270e-02 8.525465410e-04 6.042141870e-07 -5.247527860e-04
8.681587000e-02 1.738314210e-01 -1.724426500e-05 5.509145960e-02 1.729779900e-01 -1.784470250e-05 5.561174380e-02 8.534309910e-04 6.004374870e-07 -5.202842130e-04
8.733355000e-02 8.686120310e-02 -4.391196900e-06 1.464295410e-02 8.601784930e-02 -4.992305520e-06 1.516802850e-02 8.433537920e-04 6.011086180e-07 -5.250744210e-04
8.785122000e-02 8.648054120e-02 -1.581888230e-06 1.493532450e-02 8.564595350e-02 -2.184454830e-06 1.546458700e-02 8.345877580e-04 6.025665980e-07 -5.292624290e-04
8.836889000e-02 1.906876200e-01 5.946252600e-05 5.685163150e-02 1.898427720e-01 5.883323000e-05 5.738397800e-02 8.448479560e-04 6.292959590e-07 -5.323465030e-04
8.888657000e-02 1.883473540e-01 -1.945560610e-05 5.491249250e-02 1.874945580e-01 -2.007790080e-05 5.544854960e-02 8.527959050e-04 6.222946500e-07 -5.360571310e-04
8.940424000e-02 1.420904370e-01 2.959007120e-05 3.457902320e-02 1.412395800e-01 2.895407150e-05 3.511932240e-02 8.508577460e-04 6.359996920e-07 -5.402991320e-04
8.991370000e-02 1.376616110e-01 2.294515210e-05 3.255602830e-02 1.368123440e-01 2.229991810e-05 3.310048810e-02 8.492669740e-04 6.452339760e-07 -5.444598650e-04
9.042315000e-02 1.042485120e-01 1.551914330e-05 2.059656760e-02 1.034068850e-01 1.486817830e-05 2.114577870e-02 8.416264240e-04 6.509650310e-07 -5.492111810e-04
9.093261000e-02 1.146118270e-01 3.717830080e-05 2.726989100e-02 1.137753840e-01 3.651356700e-05 2.782179320e-02 8.364432990e-04 6.647338360e-07 -5.519021720e-04
9.144207000e-02 2.102536110e-01 -2.161798180e-05 6.677799680e-02 2.094085530e-01 -2.227524230e-05 6.732413360e-02 8.450583520e-04 6.572605410e-07 -5.461367820e-04
9.195152000e-02 1.991174850e-01 8.970162190e-06 5.998938160e-02 1.982668190e-01 8.309489310e-06 6.053346140e-02 8.506659020e-04 6.606728830e-07 -5.440798260e-04
9.246098000e-02 1.330560180e-01 3.196166000e-05 2.701512920e-02 1.322054170e-01 3.128944290e-05 2.757253690e-02 8.506013460e-04 6.722170790e-07 -5.574076890e-04
9.297044000e-02 1.382066880e-01 1.107066920e-04 2.915823520e-02 1.373560640e-01 1.099888900e-04 2.972584200e-02 8.506240210e-04 7.178016600e-07 -5.676068410e-04
9.347096000e-02 8.677944940e-02 -8.020856000e-05 1.198978990e-02 8.593934270e-02 -8.089026490e-05 1.256082800e-02 8.401067440e-04 6.817049160e-07 -5.710380530e-04
9.398057000e-02 1.001809500e-01 -2.904476780e-06 1.814183990e-02 9.934712900e-02 -3.582857780e-06 1.871573060e-02 8.338210810e-04 6.783810070e-07 -5.738906290e-04
9.449019000e-02 2.427365300e-01 8.186437890e-06 7.748634750e-02 2.418897010e-01 7.506003530e-06 7.805444140e-02 8.468292370e-04 6.804343620e-07 -5.680938850e-04
9.499037000e-02 2.120364850e-01 3.800609150e-05 6.156698550e-02 2.111828400e-01 3.731346580e-05 6.213386130e-02 8.536455960e-04 6.926256720e-07 -5.668758710e-04
9.549056000e-02 5.645122070e-02 -4.316120540e-05 -4.032562920e-03 5.561077230e-02 -4.383584310e-05 -3.451635660e-03 8.404484410e-04 6.746376780e-07 -5.809272560e-04
9.599074000e-02 9.238008460e-02 9.472732070e-06 1.094826620e-02 9.154623090e-02 8.796827800e-06 1.153872780e-02 8.338536950e-04 6.759042740e-07 -5.904615370e-04
9.649092000e-02 2.361050350e-01 1.303972180e-05 7.136079830e-02 2.352584560e-01 1.235927780e-05 7.194527200e-02 8.465797610e-04 6.804439730e-07 -5.844737090e-04
9.699110000e-02 2.135322270e-01 1.823733090e-05 6.194272000e-02 2.126782670e-01 1.754948570e-05 6.252473860e-02 8.539595450e-04 6.878451810e-07 -5.820185500e-04
9.749128000e-02 7.861723160e-02 2.569167330e-05 5.298579210e-03 7.777448710e-02 2.499456400e-05 5.893542970e-03 8.427445090e-04 6.971093430e-07 -5.949637620e-04
9.799146000e-02 7.911561600e-02 -2.462980970e-05 6.593306710e-03 7.828088710e-02 -2.531740980e-05 7.198069680e-03 8.347288170e-04 6.876001140e-07 -6.047629700e-04
9.849165000e-02 1.707436260e-01 -3.648822610e-05 4.464464860e-02 1.699057710e-01 -3.716128460e-05 4.524509180e-02 8.378552270e-04 6.730584510e-07 -6.004432240e-04
9.899183000e-02 1.853895300e-01 1.087941490e-04 5.063782740e-02 1.845492580e-01 1.080772800e-04 5.123519610e-02 8.402714720e-04 7.168685300e-07 -5.973686890e-04
9.949201000e-02 1.477995870e-01 -8.718173850e-05 3.453350460e-02 1.469605670e-01 -8.786063990e-05 3.513496730e-02 8.390206290e-04 6.789013620e-07 -6.014626720e-04
9.998108000e-02 1.459940340e-01 -3.747096200e-05 3.113806650e-02 1.451557260e-01 -3.813628720e-05 3.174394120e-02 8.383081700e-04 6.653251910e-07 -6.058746080e-04
1.004701000e-01 1.615232230e-01 1.348478920e-05 3.725501380e-02 1.606833850e-01 1.281743020e-05 3.786486070e-02 8.398376050e-04 6.673590450e-07 -6.098469590e-04
1.009592000e-01 1.652066270e-01 -1.628815940e-04 3.862809480e-02 1.643651080e-01 -1.634877320e-04 3.924179770e-02 8.415192120e-04 6.061379460e-07 -6.137028770e-04
1.014483000e-01 1.649998110e-01 1.202118130e-04 4.017517630e-02 1.641586000e-01 1.195555170e-04 4.079204380e-02 8.412110880e-04 6.562955320e-07 -6.168674820e-04
1.019373000e-01 1.429012570e-01 3.832586060e-05 3.114834890e-02 1.420615220e-01 3.765421960e-05 3.176932710e-02 8.397354440e-04 6.716410850e-07 -6.209782000e-04
1.024264000e-01 1.820978980e-01 5.285316170e-05 4.810186590e-02 1.812565570e-01 5.216328730e-05 4.872020580e-02 8.413412530e-04 6.898743770e-07 -6.183398860e-04
1.029155000e-01 1.932232290e-01 1.448786570e-06 5.179902530e-02 1.923795870e-01 7.555911530e-07 5.241267030e-02 8.436416280e-04 6.931954190e-07 -6.136449060e-04
1.034045000e-01 1.672431560e-01 2.089044760e-05 3.736822430e-02 1.663990780e-01 2.018766590e-05 3.799021230e-02 8.440781210e-04 7.027816860e-07 -6.219880470e-04
1.038936000e-01 1.375959200e-01 -3.148184490e-06 2.225755060e-02 1.367517840e-01 -3.851676670e-06 2.289347880e-02 8.441352570e-04 7.034921790e-07 -6.359282610e-04
1.043827000e-01 1.360970470e-01 -1.530409220e-05 3.078176510e-02 1.352570760e-01 -1.600158980e-05 3.141692100e-02 8.399702150e-04 6.974976070e-07 -6.351559270e-04
1.048717000e-01 1.403548790e-01 5.438431490e-05 3.323421050e-02 1.395206120e-01 5.366770650e-05 3.386395570e-02 8.342669310e-04 7.166084090e-07 -6.297451940e-04
1.053608000e-01 1.581743700e-01 -1.598359940e-05 3.531518730e-02 1.573406850e-01 -1.669808370e-05 3.594718880e-02 8.336849050e-04 7.144843710e-07 -6.320015210e-04
1.058499000e-01 1.554359370e-01 5.975226410e-05 3.372780010e-02 1.546031260e-01 5.901264700e-05 3.436408160e-02 8.328113350e-04 7.396170500e-07 -6.362815420e-04
1.063389000e-01 1.859763740e-01 6.218860590e-05 4.332451000e-02 1.851384750e-01 6.142093450e-05 4.396445240e-02 8.378984770e-04 7.676713920e-07 -6.399423880e-04
1.068280000e-01 2.504030590e-01 -4.812282750e-05 6.515367060e-02 2.495513180e-01 -4.887454050e-05 6.579757670e-02 8.517409560e-04 7.517129950e-07 -6.439060700e-04
1.073171000e-01 1.608456870e-01 1.448223310e-05 3.457477460e-02 1.599951510e-01 1.372099680e-05 3.522277600e-02 8.505351410e-04 7.612363880e-07 -6.480014010e-04
1.078061000e-01 9.482776370e-02 6.187097510e-05 1.333500590e-02 9.399014560e-02 6.108236530e-05 1.398614000e-02 8.376180380e-04 7.886097820e-07 -6.511340440e-04
1.082952000e-01 1.357102940e-01 -5.775991040e-06 2.577993990e-02 1.348750550e-01 -6.561976500e-06 2.643467350e-02 8.352385450e-04 7.859854620e-07 -6.547335540e-04
1.087843000e-01 1.984396030e-01 -7.509877680e-06 4.598012160e-02 1.975975300e-01 -8.294916220e-06 4.663996100e-02 8.420734030e-04 7.850385490e-07 -6.598393400e-04
1.092733000e-01 1.700077530e-01 3.001846170e-05 3.645811770e-02 1.691662140e-01 2.921901350e-05 3.712013710e-02 8.415396890e-04 7.994481620e-07 -6.620194440e-04
1.097624000e-01 1.245997990e-01 -7.489247240e-06 2.490269580e-02 1.237690080e-01 -8.290733880e-06 2.556006690e-02 8.307917030e-04 8.014866460e-07 -6.573711210e-04
1.102515000e-01 1.603288200e-01 -1.617020140e-06 3.480485810e-02 1.594995230e-01 -2.420699270e-06 3.546182930e-02 8.292972980e-04 8.036791240e-07 -6.569711680e-04
1.107405000e-01 2.491087260e-01 -7.383130930e-06 6.213173960e-02 2.482646120e-01 -8.185051870e-06 6.279397540e-02 8.441141210e-04 8.019209410e-07 -6.622358200e-04
1.112296000e-01 2.107479310e-01 -1.428739400e-05 5.001312340e-02 2.098985620e-01 -1.508432320e-05 5.067926750e-02 8.493690620e-04 7.969292580e-07 -6.661440430e-04
1.116964000e-01 1.054183140e-01 1.476825390e-04 1.605824770e-02 1.045805220e-01 1.468346740e-04 1.672773450e-02 8.377918280e-04 8.478649620e-07 -6.694868170e-04
1.121866000e-01 1.249341460e-01 -5.992348850e-05 2.123305960e-02 1.241021140e-01 -6.074706300e-05 2.190602230e-02 8.320318660e-04 8.235745470e-07 -6.729626650e-04
1.126768000e-01 2.071226190e-01 1.686300440e-04 4.818058330e-02 2.062852630e-01 1.677447200e-04 4.885686150e-02 8.373559480e-04 8.853232430e-07 -6.762782090e-04
1.131670000e-01 1.747744790e-01 -2.027933800e-04 3.663911890e-02 1.739351230e-01 -2.035867700e-04 3.731939950e-02 8.393556610e-04 7.933903390e-07 -6.802806680e-04
1.136572000e-01 1.619722730e-01 7.414877290e-05 3.188314470e-02 1.611333200e-01 7.333672370e-05 3.256765210e-02 8.389536680e-04 8.120491920e-07 -6.845073590e-04
1.141473000e-01 1.669277790e-01 2.556393850e-05 3.207755310e-02 1.660885490e-01 2.475287870e-05 3.276655980e-02 8.392299160e-04 8.110597370e-07 -6.890067440e-04
1.146375000e-01 1.372541910e-01 3.808368100e-05 2.833381480e-02 1.364210370e-01 3.726883500e-05 2.902012440e-02 8.331541810e-04 8.148459940e-07 -6.863096230e-04
1.151277000e-01 1.418018660e-01 2.995635470e-05 2.881684320e-02 1.409745320e-01 2.914169920e-05 2.950048650e-02 8.273337520e-04 8.146555260e-07 -6.836433390e-04
1.156179000e-01 2.082296890e-01 1.570881250e-04 4.627388940e-02 2.073949200e-01 1.562270590e-04 4.696136590e-02 8.347691010e-04 8.610657470e-07 -6.874765410e-04
1.161080000e-01 2.191122160e-01 -8.629130190e-05 4.843206720e-02 2.182688580e-01 -8.710377130e-05 4.912411950e-02 8.433577740e-04 8.124693900e-07 -6.920522650e-04
1.165982000e-01 1.484725530e-01 2.213846880e-05 2.705812940e-02 1.476341070e-01 2.133166020e-05 2.775460020e-02 8.384468180e-04 8.068086360e-07 -6.964707960e-04
1.170884000e-01 1.303983990e-01 -1.790792910e-05 2.125543350e-02 1.295664870e-01 -1.869142330e-05 2.195633570e-02 8.319121000e-04 7.834942350e-07 -7.009021690e-04
1.175786000e-01 1.751420550e-01 9.046625890e-05 3.425791310e-02 1.743093080e-01 8.966136050e-05 3.496264560e-02 8.327470170e-04 8.048984750e-07 -7.047324750e-04
1.180688000e-01 2.082277230e-01 1.577007930e-04 4.520519190e-02 2.073915130e-01 1.568452870e-04 4.591395070e-02 8.362099920e-04 8.555064350e-07 -7.087588040e-04
1.185589000e-01 1.730481640e-01 -9.118531240e-05 3.668609910e-02 1.722147010e-01 -9.199007250e-05 3.739378090e-02 8.334629810e-04 8.047600960e-07 -7.076817750e-04
1.190491000e-01 1.382484410e-01 1.163962740e-04 2.747153850e-02 1.374210870e-01 1.155578890e-04 2.817553610e-02 8.273540590e-04 8.383851350e-07 -7.039975820e-04
1.195393000e-01 1.754484480e-01 -1.032100140e-04 3.518612650e-02 1.746212070e-01 -1.039937970e-04 3.589258340e-02 8.272412020e-04 7.837832110e-07 -7.064569160e-04
1.200295000e-01 1.787273650e-01 1.882550230e-04 3.575759410e-02 1.778993130e-01 1.874142030e-04 3.646835340e-02 8.280514290e-04 8.408201490e-07 -7.107593170e-04
1.205196000e-01 1.889352170e-01 3.368783360e-05 4.086066660e-02 1.881054430e-01 3.284926350e-05 4.157434550e-02 8.297738210e-04 8.385700140e-07 -7.136788790e-04
1.210098000e-01 2.052752580e-01 6.725896720e-05 4.275439710e-02 2.044412390e-01 6.640817580e-05 4.347359780e-02 8.340195200e-04 8.507914080e-07 -7.192006730e-04
1.215000000e-01 1.954561480e-01 -7.322426510e-05 4.242721320e-02 1.946211240e-01 -7.403667060e-05 4.314666350e-02 8.350238610e-04 8.124054570e-07 -7.194503030e-04
1.219655000e-01 1.909582360e-01 1.252156310e-04 4.221501550e-02 1.901250080e-01 1.243675040e-04 4.292944480e-02 8.332281670e-04 8.481265480e-07 -7.144292840e-04
1.224310000e-01 2.061850360e-01 9.383098340e-05 4.319489080e-02 2.053504590e-01 9.295887030e-05 4.391019590e-02 8.345775210e-04 8.721131350e-07 -7.153050460e-04
1.228966000e-01 2.279975070e-01 2.765354970e-05 4.668913520e-02 2.271578090e-01 2.678222540e-05 4.741048620e-02 8.396983030e-04 8.713243220e-07 -7.213509580e-04
1.233621000e-01 1.813183810e-01 4.681565210e-05 3.523289340e-02 1.804790590e-01 4.593780490e-05 3.595813090e-02 8.393219660e-04 8.778471260e-07 -7.252375090e-04
1.238276000e-01 1.109414120e-01 8.472081890e-05 1.205120310e-02 1.101117620e-01 8.382427610e-05 1.278147010e-02 8.296499730e-04 8.965428080e-07 -7.302670040e-04
1.242931000e-01 1.484076370e-01 -1.095170010e-04 2.314424270e-02 1.475831350e-01 -1.103634610e-04 2.387858300e-02 8.245017800e-04 8.464601070e-07 -7.343402190e-04
1.247586000e-01 1.985281950e-01 6.842320470e-05 4.363869120e-02 1.977001930e-01 6.756232010e-05 4.436994210e-02 8.280020160e-04 8.608846280e-07 -7.312509240e-04
1.252241000e-01 2.075874600e-01 -3.335964050e-06 4.467218770e-02 2.067561890e-01 -4.182036430e-06 4.540095940e-02 8.312711110e-04 8.460723780e-07 -7.287716590e-04
1.256897000e-01 1.436602830e-01 8.151596360e-05 2.362592670e-02 1.428355000e-01 8.065345110e-05 2.435863290e-02 8.247824950e-04 8.625125600e-07 -7.327062460e-04
1.261552000e-01 1.239482670e-01 9.423284030e-06 1.787197940e-02 1.231321680e-01 8.566107420e-06 1.860889500e-02 8.160997090e-04 8.571766080e-07 -7.369155730e-04
1.266207000e-01 1.803092570e-01 -2.864477930e-05 3.516820340e-02 1.794922150e-01 -2.948107880e-05 3.590817930e-02 8.170414320e-04 8.362994940e-07 -7.399759110e-04
1.270862000e-01 2.257956750e-01 8.079095630e-05 4.248419220e-02 2.249723470e-01 7.993800830e-05 4.323032070e-02 8.233284520e-04 8.529480860e-07 -7.461284890e-04
1.275517000e-01 1.979470380e-01 -1.680238550e-04 3.832900820e-02 1.971226140e-01 -1.688072760e-04 3.907602250e-02 8.244233740e-04 7.834206650e-07 -7.470143290e-04
1.280172000e-01 1.963258800e-01 2.419578910e-04 4.227334130e-02 1.955022080e-01 2.411029260e-04 4.301507230e-02 8.236724740e-04 8.549646330e-07 -7.417310140e-04
1.284828000e-01 1.884437510e-01 3.084001960e-05 3.712847850e-02 1.876213180e-01 2.998400850e-05 3.787043990e-02 8.224332510e-04 8.560110970e-07 -7.419614080e-04
1.289483000e-01 1.482059310e-01 1.351060140e-05 2.380096830e-02 1.473895550e-01 1.266100350e-05 2.454868940e-02 8.163759750e-04 8.495978970e-07 -7.477210570e-04
1.294138000e-01 1.804982180e-01 9.035851040e-05 3.313128940e-02 1.796836790e-01 8.949012690e-05 3.388256140e-02 8.145392380e-04 8.683835490e-07 -7.512720200e-04
1.298793000e-01 2.435143940e-01 1.380617180e-04 4.947174550e-02 2.426898440e-01 1.371570780e-04 5.022647440e-02 8.245495580e-04 9.046398250e-07 -7.547289150e-04
1.303382000e-01 2.303214110e-01 6.927773120e-05 4.518581890e-02 2.294904450e-01 6.836223930e-05 4.594428320e-02 8.309660950e-04 9.154918250e-07 -7.584642990e-04
1.307970000e-01 1.269184880e-01 1.187961690e-04 1.811476950e-02 1.261000700e-01 1.178523900e-04 1.887219670e-02 8.184180700e-04 9.437786350e-07 -7.574271890e-04
1.312559000e-01 1.112014540e-01 -5.954362360e-05 1.489147970e-02 1.103965580e-01 -6.045024830e-05 1.564677550e-02 8.048964410e-04 9.066246810e-07 -7.552958700e-04
1.317217000e-01 2.456634410e-01 -6.756298620e-06 4.912623600e-02 2.448512860e-01 -7.643656000e-06 4.988423280e-02 8.121551220e-04 8.873573850e-07 -7.579968020e-04
1.321805000e-01 2.594838710e-01 4.083565880e-05 5.142986370e-02 2.586604730e-01 3.995146490e-05 5.219321470e-02 8.233978830e-04 8.841938500e-07 -7.633509930e-04
1.326393000e-01 1.841348750e-01 -2.869320670e-05 3.297789270e-02 1.833134690e-01 -2.954712320e-05 3.374191500e-02 8.214057340e-04 8.539165270e-07 -7.640223470e-04
1.330980000e-01 1.600879960e-01 6.787121460e-05 2.611875100e-02 1.592723210e-01 6.701348650e-05 2.688046970e-02 8.156748130e-04 8.577281000e-07 -7.617187140e-04
1.335568000e-01 1.876156010e-01 8.900318380e-05 3.466822700e-02 1.868037460e-01 8.813531970e-05 3.543040130e-02 8.118555240e-04 8.678640870e-07 -7.621743150e-04
1.340155000e-01 1.317962670e-01 1.644806640e-05 1.774359630e-02 1.309929590e-01 1.559763020e-05 1.851069340e-02 8.033082810e-04 8.504361890e-07 -7.670971610e-04
1.344743000e-01 1.589010750e-01 8.518152370e-05 2.399423580e-02 1.581007100e-01 8.432437900e-05 2.476521440e-02 8.003657500e-04 8.571447200e-07 -7.709786560e-04
1.349331000e-01 2.757685200e-01 1.091346310e-05 5.385883940e-02 2.749545190e-01 1.007193490e-05 5.463415040e-02 8.140014620e-04 8.415282180e-07 -7.753109640e-04
1.353918000e-01 2.855861670e-01 2.211515340e-05 5.524834300e-02 2.847617850e-01 2.128412920e-05 5.602808960e-02 8.243822200e-04 8.310242410e-07 -7.797465800e-04
1.358506000e-01 1.150267790e-01 2.316738580e-05 1.533201560e-02 1.142172690e-01 2.234385550e-05 1.611022080e-02 8.095103820e-04 8.235302580e-07 -7.782052320e-04
1.363093000e-01 7.481456170e-02 1.271275970e-04 1.095867520e-02 7.402344290e-02 1.262766240e-04 1.173325440e-02 7.911188390e-04 8.509735800e-07 -7.745791410e-04
1.367765000e-01 2.586626470e-01 4.032526090e-05 5.253184450e-02 2.578635730e-01 3.948573750e-05 5.330412830e-02 7.990743180e-04 8.395234600e-07 -7.722838230e-04
1.372351000e-01 3.243501110e-01 -9.153293230e-06 6.958807060e-02 3.235350210e-01 -9.977976110e-06 7.035585200e-02 8.150901730e-04 8.246828770e-07 -7.677813560e-04
1.376937000e-01 1.986864010e-01 7.341271620e-05 3.368291600e-02 1.978734420e-01 7.257738550e-05 3.445621630e-02 8.129593250e-04 8.353307250e-07 -7.733003170e-04
1.381523000e-01 5.333853370e-02 -2.200404000e-05 -8.595278140e-03 5.254020220e-02 -2.281197780e-05 -7.805540080e-03 7.983315480e-04 8.079377900e-07 -7.897380640e-04
1.386109000e-01 1.686925000e-01 4.786646140e-05 2.657135990e-02 1.678963640e-01 4.706381100e-05 2.736405850e-02 7.961365370e-04 8.026503840e-07 -7.926985770e-04
1.390695000e-01 2.747122200e-01 2.539289930e-05 5.301044680e-02 2.739088430e-01 2.460000360e-05 5.379190450e-02 8.033771790e-04 7.928957370e-07 -7.814577100e-04
1.395281000e-01 2.204400360e-01 2.640460690e-05 4.127773730e-02 2.196363860e-01 2.562156050e-05 4.205423640e-02 8.036499760e-04 7.830463900e-07 -7.764991220e-04
1.399867000e-01 1.485846640e-01 1.674137390e-05 1.979674750e-02 1.477895200e-01 1.596999860e-05 2.057954980e-02 7.951441500e-04 7.713752230e-07 -7.828022410e-04
1.404453000e-01 1.503553360e-01 6.493963870e-05 2.102302680e-02 1.495666730e-01 6.416473500e-05 2.181014180e-02 7.886628470e-04 7.749036580e-07 -7.871149330e-04
1.409039000e-01 2.289937230e-01 -7.033285850e-05 3.766678660e-02 2.282010020e-01 -7.106797570e-05 3.845838440e-02 7.927205010e-04 7.351172380e-07 -7.915977770e-04
1.413626000e-01 2.458153970e-01 1.899351010e-04 4.239740670e-02 2.450170490e-01 1.891535670e-04 4.319420090e-02 7.983485800e-04 7.815344400e-07 -7.967941920e-04
1.418212000e-01 1.905732070e-01 -7.186833130e-05 3.120435160e-02 1.897791030e-01 -7.260533230e-05 3.200053830e-02 7.941039580e-04 7.370010050e-07 -7.961867180e-04
1.422798000e-01 1.244610300e-01 2.182406390e-04 1.823290890e-02 1.236778200e-01 2.174463190e-04 1.902473030e-02 7.832101870e-04 7.943204110e-07 -7.918213880e-04
1.427384000e-01 1.876418530e-01 -7.185368910e-05 2.865166050e-02 1.868593720e-01 -7.260468550e-05 2.944556700e-02 7.824809240e-04 7.509963900e-07 -7.939064470e-04
1.431970000e-01 2.527564920e-01 1.589879600e-04 4.086213360e-02 2.519662700e-01 1.581984310e-04 4.166355560e-02 7.902220300e-04 7.895290070e-07 -8.014220540e-04
1.436556000e-01 2.097050970e-01 8.641651390e-05 3.208371820e-02 2.089154370e-01 8.561718170e-05 3.288799340e-02 7.896595640e-04 7.993321350e-07 -8.042751740e-04
1.441142000e-01 1.557090220e-01 -5.776197180e-06 2.546349710e-02 1.549288210e-01 -6.556518730e-06 2.626409010e-02 7.802006900e-04 7.803215470e-07 -8.005930070e-04
1.445728000e-01 1.790893150e-01 9.724626380e-05 2.935881250e-02 1.783137830e-01 9.645061350e-05 3.015753410e-02 7.755319340e-04 7.956503010e-07 -7.987215530e-04
1.450314000e-01 2.320172060e-01 1.079587340e-05 4.119708430e-02 2.312376190e-01 1.001496200e-05 4.199401580e-02 7.795866370e-04 7.809113770e-07 -7.969315120e-04
1.454900000e-01 2.281263810e-01 -1.088675130e-05 4.010894560e-02 2.273444700e-01 -1.164628040e-05 4.090408590e-02 7.819113800e-04 7.595291800e-07 -7.951403030e-04
1.459487000e-01 2.007448420e-01 -8.861553190e-06 2.948543610e-02 1.999636210e-01 -9.599872980e-06 3.028492250e-02 7.812209860e-04 7.383197840e-07 -7.994863860e-04
1.464073000e-01 1.744811820e-01 1.207739590e-04 2.203617730e-02 1.737014440e-01 1.200086630e-04 2.284088860e-02 7.797373720e-04 7.652961850e-07 -8.047112970e-04
1.468659000e-01 1.593621000e-01 4.799015860e-05 1.925482020e-02 1.585869980e-01 4.722593290e-05 2.006435640e-02 7.751020790e-04 7.642257540e-07 -8.095361990e-04
1.473245000e-01 1.785766190e-01 8.270246110e-05 2.207924910e-02 1.778058550e-01 8.192756070e-05 2.289549020e-02 7.707635890e-04 7.749004050e-07 -8.162410310e-04
1.477831000e-01 2.142770160e-01 8.624735170e-05 3.403205340e-02 2.135069350e-01 8.546112990e-05 3.484887130e-02 7.700810800e-04 7.862218520e-07 -8.168178810e-04
1.482417000e-01 2.283265730e-01 1.951596710e-04 3.757329950e-02 2.275548310e-01 1.943284150e-04 3.838638490e-02 7.717420240e-04 8.312561120e-07 -8.130853850e-04
1.486855000e-01 1.852075750e-01 -1.256241180e-04 2.714739810e-02 1.844377920e-01 -1.263986200e-04 2.795968560e-02 7.697828550e-04 7.745017790e-07 -8.122874630e-04
1.491293000e-01 1.908200870e-01 1.052481780e-04 2.742527870e-02 1.900543140e-01 1.044577180e-04 2.823762060e-02 7.657731230e-04 7.904604620e-07 -8.123418990e-04
1.495731000e-01 1.831231850e-01 -8.889850490e-05 2.630794130e-02 1.823611810e-01 -8.964640390e-05 2.711983590e-02 7.620044240e-04 7.478989470e-07 -8.118946650e-04
1.500170000e-01 1.734072310e-01 -3.001629150e-06 2.380538270e-02 1.726511770e-01 -3.732954520e-06 2.461616360e-02 7.560540770e-04 7.313253760e-07 -8.107808510e-04
1.504608000e-01 1.426802550e-01 -2.369405770e-06 2.154671000e-02 1.419330980e-01 -3.083845520e-06 2.235413670e-02 7.471562810e-04 7.144397470e-07 -8.074266170e-04
1.509046000e-01 2.494192360e-01 1.420401030e-05 3.439733150e-02 2.486658650e-01 1.350019720e-05 3.520876480e-02 7.533715440e-04 7.038131740e-07 -8.114333060e-04
1.513484000e-01 3.376377240e-01 -4.555699810e-05 5.251584400e-02 3.368670050e-01 -4.623119450e-05 5.333332230e-02 7.707195470e-04 6.741964240e-07 -8.174782800e-04
1.517922000e-01 2.184342810e-01 6.452753950e-05 3.005264790e-02 2.176654970e-01 6.385144570e-05 3.087433290e-02 7.687838490e-04 6.760937820e-07 -8.216849740e-04
1.522360000e-01 3.237214500e-02 5.561551790e-05 -7.013528260e-03 3.162510390e-02 5.493646150e-05 -6.185868430e-03 7.470410700e-04 6.790563990e-07 -8.276598250e-04
1.526799000e-01 1.136979780e-01 8.309795440e-05 7.660452710e-03 1.129599560e-01 8.240818440e-05 8.491687290e-03 7.380220820e-04 6.897700390e-07 -8.312345750e-04
1.531237000e-01 2.518456830e-01 7.642908000e-05 4.282860350e-02 2.511016400e-01 7.573056390e-05 4.365046760e-02 7.440435730e-04 6.985161850e-07 -8.218640780e-04
1.535675000e-01 2.580891260e-01 4.690545350e-06 4.321571640e-02 2.573415490e-01 4.006084020e-06 4.402945110e-02 7.475767820e-04 6.844613320e-07 -8.137347580e-04
1.540113000e-01 2.183505900e-01 -7.594218630e-07 2.961088200e-02 2.176029440e-01 -1.429303870e-06 3.042863520e-02 7.476453000e-04 6.698820030e-07 -8.177531790e-04
1.544551000e-01 1.992653830e-01 7.828530290e-05 2.425608490e-02 1.985180240e-01 7.760385300e-05 2.507941830e-02 7.473586040e-04 6.814499120e-07 -8.233334330e-04
1.548989000e-01 1.905237390e-01 7.193462360e-05 2.094933760e-02 1.897791370e-01 7.124439820e-05 2.177757590e-02 7.446024290e-04 6.902254020e-07 -8.282383590e-04
1.553428000e-01 1.766229460e-01 4.771998070e-05 2.028198690e-02 1.758827240e-01 4.702961500e-05 2.111761610e-02 7.402219990e-04 6.903657250e-07 -8.356292340e-04
1.557866000e-01 1.795560400e-01 5.000285920e-05 2.171079230e-02 1.788186090e-01 4.931161620e-05 2.254768100e-02 7.374312390e-04 6.912429920e-07 -8.368887200e-04
1.562304000e-01 2.209234020e-01 2.009562840e-04 3.444689290e-02 2.201849430e-01 2.002201390e-04 3.527266050e-02 7.384590080e-04 7.361450410e-07 -8.257676180e-04
1.566742000e-01 2.405647990e-01 -4.654820520e-05 3.638925080e-02 2.398256360e-01 -4.725404790e-05 3.720837480e-02 7.391633320e-04 7.058427450e-07 -8.191240690e-04
1.571180000e-01 1.756924600e-01 2.239460860e-04 1.843541610e-02 1.749580860e-01 2.231742750e-04 1.926124160e-02 7.343744830e-04 7.718112350e-07 -8.258255040e-04
1.575618000e-01 1.627105170e-01 -1.415851660e-04 1.584882210e-02 1.619810460e-01 -1.422872210e-04 1.668118430e-02 7.294711390e-04 7.020546190e-07 -8.323622350e-04
1.580057000e-01 2.087227040e-01 2.631424220e-05 2.429430620e-02 2.079929140e-01 2.561994840e-05 2.513085520e-02 7.297900460e-04 6.942937640e-07 -8.365490360e-04
1.584495000e-01 2.129577810e-01 1.580627840e-04 2.389326050e-02 2.122265780e-01 1.573294260e-04 2.473612830e-02 7.312023720e-04 7.333574030e-07 -8.428678200e-04
1.588933000e-01 1.904826970e-01 -1.566886850e-04 2.404803710e-02 1.897537040e-01 -1.573499380e-04 2.488994620e-02 7.289930700e-04 6.612536380e-07 -8.419090550e-04
1.593371000e-01 1.786821460e-01 1.169159150e-04 2.623443650e-02 1.779588160e-01 1.162346560e-04 2.706612830e-02 7.233297950e-04 6.812587450e-07 -8.316918150e-04
1.597809000e-01 1.987134420e-01 -1.174148160e-05 2.757058240e-02 1.979933420e-01 -1.240597260e-05 2.839792200e-02 7.201001330e-04 6.644909960e-07 -8.273395480e-04
1.602247000e-01 2.111325440e-01 -4.678817180e-05 2.169363750e-02 2.104112630e-01 -4.742355260e-05 2.252840800e-02 7.212809230e-04 6.353808030e-07 -8.347704740e-04
1.606686000e-01 2.009035380e-01 1.365380970e-04 2.082883390e-02 2.001820410e-01 1.358703640e-04 2.166922740e-02 7.214965600e-04 6.677333560e-07 -8.403935590e-04
1.611124000e-01 2.019685420e-01 5.115626630e-05 2.473684260e-02 2.012504850e-01 5.048635330e-05 2.557653060e-02 7.180564690e-04 6.699129340e-07 -8.396880050e-04
1.615562000e-01 2.152555150e-01 2.391953620e-04 2.810276180e-02 2.145404840e-01 2.384655590e-04 2.894105820e-02 7.150302020e-04 7.298036380e-07 -8.382963820e-04
1.620000000e-01 2.049519050e-01 -1.327766750e-04 2.624932550e-02 2.042376140e-01 -1.334511660e-04 2.708646270e-02 7.142912960e-04 6.744908620e-07 -8.371371690e-04
1.624451000e-01 2.399174940e-01 1.634318110e-04 2.620000790e-02 2.392014240e-01 1.627103350e-04 2.703536570e-02 7.160701610e-04 7.214759410e-07 -8.353578440e-04
1.628852000e-01 2.195504910e-01 1.689944400e-04 2.457538610e-02 2.188348310e-01 1.682281630e-04 2.541223010e-02 7.156606070e-04 7.662777390e-07 -8.368439860e-04
1.633254000e-01 1.695922910e-01 3.133504610e-05 1.865586400e-02 1.688812920e-01 3.057288490e-05 1.949917080e-02 7.109983920e-04 7.621612030e-07 -8.433068200e-04
1.637655000e-01 1.820455780e-01 5.796430460e-05 1.641426240e-02 1.813380150e-01 5.720083120e-05 1.726283890e-02 7.075623590e-04 7.634733230e-07 -8.485764760e-04
1.642057000e-01 1.693735650e-01 3.773897100e-05 1.847244630e-02 1.686718780e-01 3.698148040e-05 1.931913090e-02 7.016874350e-04 7.574906370e-07 -8.466846030e-04
1.646459000e-01 1.437440610e-01 6.119158430e-05 2.104397320e-02 1.430503550e-01 6.043292960e-05 2.188690210e-02 6.937054610e-04 7.586546880e-07 -8.429288930e-04
1.650912000e-01 2.116918160e-01 -3.490096860e-04 2.639851040e-02 2.109970810e-01 -3.496212750e-04 2.724019530e-02 6.947342470e-04 6.115892910e-07 -8.416848800e-04
1.655366000e-01 2.347301440e-01 5.782102920e-04 2.680474570e-02 2.340307490e-01 5.774079890e-04 2.764694950e-02 6.993946080e-04 8.023035520e-07 -8.422037790e-04
1.659766000e-01 2.216221710e-01 -1.112750240e-04 2.606321320e-02 2.209223290e-01 -1.120175290e-04 2.690462280e-02 6.998428050e-04 7.425044380e-07 -8.414095370e-04
1.664166000e-01 2.136760860e-01 -3.888583000e-05 2.234435200e-02 2.129769990e-01 -3.959589960e-05 2.318485410e-02 6.990872480e-04 7.100696130e-07 -8.405021760e-04
1.668567000e-01 2.157607550e-01 -1.312766950e-04 2.485469400e-02 2.150619620e-01 -1.319184540e-04 2.569427080e-02 6.987933910e-04 6.417592370e-07 -8.395767870e-04
1.672967000e-01 2.007317750e-01 1.741093050e-04 2.164860940e-02 2.000368900e-01 1.734202150e-04 2.248790650e-02 6.948847980e-04 6.890898940e-07 -8.392970870e-04
1.677368000e-01 1.767248560e-01 5.055105180e-05 1.826860860e-02 1.760341720e-01 4.986274720e-05 1.910732030e-02 6.906835010e-04 6.883045520e-07 -8.387117470e-04
1.681768000e-01 1.624500070e-01 7.311930380e-06 1.293988660e-02 1.617647060e-01 6.638964020e-06 1.378335660e-02 6.853012230e-04 6.729663670e-07 -8.434699510e-04
1.686168000e-01 1.226217410e-01 4.748260140e-05 5.507695590e-03 1.219448750e-01 4.681296830e-05 6.359110600e-03 6.768657510e-04 6.696331300e-07 -8.514150110e-04
1.690627000e-01 2.114862600e-01 -2.030589860e-05 2.212645860e-02 2.108089610e-01 -2.094843710e-05 2.297600780e-02 6.772990600e-04 6.425385190e-07 -8.495492630e-04
1.695085000e-01 2.882683360e-01 3.182219500e-05 3.603843300e-02 2.875831610e-01 3.118523510e-05 3.687780100e-02 6.851754780e-04 6.369599130e-07 -8.393680310e-04
1.699484000e-01 2.049229240e-01 8.424644990e-05 2.010351340e-02 2.042390060e-01 8.360011130e-05 2.094098250e-02 6.839176260e-04 6.463386330e-07 -8.374691540e-04
1.703883000e-01 1.359878970e-01 -5.745273410e-06 5.865774430e-03 1.353131990e-01 -6.375178370e-06 6.711720870e-03 6.746977350e-04 6.299049610e-07 -8.459464400e-04
1.708343000e-01 1.344200240e-01 9.180981560e-05 6.549120780e-03 1.337515140e-01 9.116479310e-05 7.400794950e-03 6.685103450e-04 6.450224870e-07 -8.516741700e-04
1.712803000e-01 2.628903020e-01 -6.979663740e-06 2.822192090e-02 2.622167340e-01 -7.605864980e-06 2.907241850e-02 6.735679410e-04 6.262012410e-07 -8.504975750e-04
1.717200000e-01 2.769050800e-01 1.767803060e-04 2.804157210e-02 2.762254580e-01 1.761086250e-04 2.889173960e-02 6.796212860e-04 6.716808020e-07 -8.501674580e-04
1.721597000e-01 1.676410570e-01 1.402151410e-04 1.413000870e-02 1.669666170e-01 1.395081900e-04 1.498012620e-02 6.744398940e-04 7.069506250e-07 -8.501174210e-04
1.725994000e-01 1.236896630e-01 1.509764660e-04 1.013230510e-02 1.230261310e-01 1.502385240e-04 1.098104980e-02 6.635323340e-04 7.379421550e-07 -8.487447520e-04
1.730457000e-01 1.833270270e-01 1.744958040e-04 1.497472980e-02 1.826653530e-01 1.737102120e-04 1.582354400e-02 6.616731630e-04 7.855915500e-07 -8.488142420e-04
1.734920000e-01 2.363088120e-01 -1.416348270e-04 2.285432840e-02 2.356414800e-01 -1.423495980e-04 2.370357160e-02 6.673328810e-04 7.147704650e-07 -8.492431810e-04
1.739383000e-01 2.322550620e-01 -1.729386370e-05 1.915204510e-02 2.315864200e-01 -1.798612050e-05 2.000199960e-02 6.686420010e-04 6.922567870e-07 -8.499544890e-04
1.743845000e-01 1.604288750e-01 6.367617950e-05 1.281597040e-02 1.597682080e-01 6.297906810e-05 1.366522280e-02 6.606672280e-04 6.971114410e-07 -8.492524140e-04
1.748308000e-01 1.573235570e-01 1.085987370e-04 1.316896660e-02 1.566698500e-01 1.078792620e-04 1.401733030e-02 6.537068370e-04 7.194747590e-07 -8.483636580e-04
1.752771000e-01 2.015535680e-01 -3.357763270e-05 1.541872640e-02 2.008984560e-01 -3.426671300e-05 1.626769090e-02 6.551126610e-04 6.890802410e-07 -8.489645090e-04
1.757234000e-01 2.591729040e-01 1.173448670e-04 2.173104120e-02 2.585117840e-01 1.166359400e-04 2.257978230e-02 6.611199220e-04 7.089279260e-07 -8.487410640e-04
1.761696000e-01 1.966542320e-01 9.699345880e-05 1.446338030e-02 1.959962640e-01 9.627091120e-05 1.531540200e-02 6.579683200e-04 7.225476510e-07 -8.520217470e-04
1.766159000e-01 1.171783030e-01 1.532681960e-04 3.086415710e-03 1.165311890e-01 1.525067270e-04 3.946602400e-03 6.471139500e-04 7.614696660e-07 -8.601866850e-04
1.770622000e-01 1.831608660e-01 6.640212170e-05 1.562725360e-02 1.825159010e-01 6.563619290e-05 1.648811210e-02 6.449650360e-04 7.659287960e-07 -8.608585560e-04
1.775085000e-01 2.723756040e-01 5.242736620e-05 2.637845440e-02 2.717233600e-01 5.166098850e-05 2.723027860e-02 6.522437710e-04 7.663776230e-07 -8.518242330e-04
1.779547000e-01 2.318307190e-01 -3.012088710e-05 2.199205320e-02 2.311771700e-01 -3.085517090e-05 2.283855900e-02 6.535494240e-04 7.342838280e-07 -8.465058400e-04
1.784010000e-01 9.523276940e-02 3.475009280e-04 3.181039140e-03 9.459430710e-02 3.466577390e-04 4.034349700e-03 6.384622480e-04 8.431883570e-07 -8.533105600e-04
1.788473000e-01 7.672588890e-02 3.212099170e-05 -1.370400980e-05 7.610259010e-02 3.128525390e-05 8.470862540e-04 6.232988040e-04 8.357377770e-07 -8.607902640e-04
1.792936000e-01 2.448049970e-01 -9.331346330e-05 2.195830890e-02 2.441741860e-01 -9.409955560e-05 2.281426200e-02 6.308105940e-04 7.860922260e-07 -8.559531520e-04
1.797399000e-01 3.374641790e-01 -1.505297770e-04 3.458327950e-02 3.368171960e-01 -1.512477360e-04 3.543015830e-02 6.469837420e-04 7.179582350e-07 -8.468787920e-04
1.801861000e-01 2.330225530e-01 8.811970840e-05 1.755470250e-02 2.323761150e-01 8.738347630e-05 1.839986940e-02 6.464378970e-04 7.362321140e-07 -8.451669590e-04
1.806324000e-01 1.179386970e-01 -1.094086380e-04 9.036981770e-03 1.173043400e-01 -1.100904650e-04 9.881010130e-03 6.343575030e-04 6.818277500e-07 -8.440283640e-04
1.810787000e-01 1.614431730e-01 -4.571635450e-05 1.053804900e-02 1.608136530e-01 -4.636849270e-05 1.138313700e-02 6.295207660e-04 6.521382100e-07 -8.450880220e-04
1.815250000e-01 1.722881350e-01 2.536489790e-04 6.204776960e-03 1.716615250e-01 2.529198250e-04 7.059123920e-03 6.266102200e-04 7.291533180e-07 -8.543469540e-04
1.819712000e-01 1.767793520e-01 -3.747633690e-04 8.207653460e-03 1.761557460e-01 -3.753434580e-04 9.068408360e-03 6.236058620e-04 5.800889980e-07 -8.607549030e-04
1.824175000e-01 2.165582050e-01 6.124347570e-05 1.849463580e-02 2.159333530e-01 6.065940940e-05 1.934772370e-02 6.248511860e-04 5.840663140e-07 -8.530878660e-04
1.828638000e-01 2.260573630e-01 7.244509340e-05 2.095619200e-02 2.254309860e-01 7.185648680e-05 2.179904750e-02 6.263765080e-04 5.886065880e-07 -8.428555120e-04
1.833101000e-01 2.099417330e-01 -4.573515170e-05 1.205876330e-02 2.093174720e-01 -4.629678980e-05 1.290535870e-02 6.242603080e-04 5.616380820e-07 -8.465953660e-04
1.837564000e-01 1.811387080e-01 -1.004702770e-05 5.856215010e-03 1.805179900e-01 -1.059064850e-05 6.714738510e-03 6.207184260e-04 5.436208360e-07 -8.585235010e-04
1.842026000e-01 1.954650610e-01 -1.896573210e-05 9.690555880e-03 1.948454320e-01 -1.948715060e-05 1.054975540e-02 6.196288860e-04 5.214184090e-07 -8.591995050e-04
1.846489000e-01 2.366943230e-01 4.921876680e-05 1.789406150e-02 2.360725690e-01 4.869458550e-05 1.874318110e-02 6.217537900e-04 5.241812870e-07 -8.491196540e-04
1.850952000e-01 2.021071020e-01 2.305468140e-06 1.399195100e-02 2.014858550e-01 1.793617320e-06 1.483679530e-02 6.212463550e-04 5.118508240e-07 -8.448442910e-04
1.855415000e-01 1.860672370e-01 3.968513000e-05 9.152510840e-03 1.854497250e-01 3.917309930e-05 9.999947570e-03 6.175120570e-04 5.120307470e-07 -8.474367340e-04
1.859877000e-01 1.822114110e-01 -1.212697470e-05 8.445472830e-03 1.815972650e-01 -1.262215810e-05 9.294523130e-03 6.141464760e-04 4.951833920e-07 -8.490503000e-04
1.864340000e-01 1.403651310e-01 -5.532516910e-06 5.127101280e-03 1.397574530e-01 -6.011816030e-06 5.976467940e-03 6.076783350e-04 4.792991200e-07 -8.493666560e-04
1.868803000e-01 1.495790460e-01 5.464819090e-05 7.855825790e-03 1.489788050e-01 5.416680870e-05 8.703262910e-03 6.002403720e-04 4.813821970e-07 -8.474371200e-04
1.873397000e-01 1.765064860e-01 1.651899930e-05 5.999567320e-03 1.759064430e-01 1.604868630e-05 6.851515080e-03 6.000432430e-04 4.703130410e-07 -8.519477610e-04
1.877991000e-01 2.163079560e-01 9.870669610e-06 2.468064330e-03 2.157029660e-01 9.413363790e-06 3.332255040e-03 6.049895680e-04 4.573058210e-07 -8.641907070e-04
1.882446000e-01 2.111400480e-01 2.847237750e-05 9.969627280e-03 2.105345510e-01 2.801998350e-05 1.083443060e-02 6.054973620e-04 4.523939900e-07 -8.648033460e-04
1.886901000e-01 1.972755500e-01 1.472284680e-05 1.238786570e-02 1.966714800e-01 1.428043140e-05 1.324278710e-02 6.040702420e-04 4.424154280e-07 -8.549214160e-04
1.891355000e-01 2.037286300e-01 1.914349300e-04 1.108476710e-02 2.031253870e-01 1.909454460e-04 1.193550060e-02 6.032431520e-04 4.894832700e-07 -8.507334800e-04
1.895810000e-01 1.701380340e-01 -5.841671080e-05 4.866428780e-03 1.695395020e-01 -5.887461240e-05 5.720660260e-03 5.985326970e-04 4.579015300e-07 -8.542314720e-04
1.900265000e-01 1.655859760e-01 6.615812430e-05 4.621212790e-03 1.649917340e-01 6.568897470e-05 5.478100970e-03 5.942411870e-04 4.691495680e-07 -8.568881730e-04
1.904885000e-01 1.633149760e-01 -1.550888460e-05 8.011599440e-03 1.627265240e-01 -1.596105100e-05 8.863158350e-03 5.884520910e-04 4.521663970e-07 -8.515589160e-04
1.909505000e-01 1.532970870e-01 4.904222270e-05 1.077099810e-02 1.527163440e-01 4.858785150e-05 1.161308240e-02 5.807432020e-04 4.543711970e-07 -8.420843470e-04
1.914125000e-01 2.045556540e-01 -1.337004220e-04 6.630372960e-03 2.039738790e-01 -1.340983310e-04 7.476461150e-03 5.817752020e-04 3.979092090e-07 -8.460881900e-04
1.918744000e-01 2.387245400e-01 1.757610470e-04 4.001777140e-03 2.381361270e-01 1.753069460e-04 4.860591600e-03 5.884129750e-04 4.541006800e-07 -8.588144620e-04
1.923364000e-01 1.960240810e-01 1.181538540e-05 6.514346660e-03 1.954378990e-01 1.136832620e-05 7.373291680e-03 5.861822870e-04 4.470591930e-07 -8.589450260e-04
1.927984000e-01 1.375906090e-01 4.304459290e-05 1.013328660e-02 1.370147740e-01 4.259453490e-05 1.098015580e-02 5.758356760e-04 4.500579920e-07 -8.468692340e-04
1.932604000e-01 1.692567680e-01 -7.775214950e-06 6.834049720e-03 1.686839260e-01 -8.213560860e-06 7.678992250e-03 5.728416980e-04 4.383459110e-07 -8.449425330e-04
1.937224000e-01 2.331024520e-01 -5.557192360e-06 1.095964760e-03 2.325233700e-01 -5.985423270e-06 1.953278430e-03 5.790815530e-04 4.282309180e-07 -8.573136620e-04
1.941843000e-01 2.048953560e-01 4.678641610e-05 2.629575300e-03 2.043151990e-01 4.635073310e-05 3.493146790e-03 5.801573740e-04 4.356829380e-07 -8.635714930e-04
1.946463000e-01 1.278933920e-01 7.275357590e-05 5.188704040e-03 1.273225900e-01 7.230506670e-05 6.044511980e-03 5.708021130e-04 4.485092090e-07 -8.558079390e-04
1.951083000e-01 1.344753920e-01 6.387985580e-05 7.851695430e-03 1.339121900e-01 6.341756410e-05 8.700195250e-03 5.632023010e-04 4.622916980e-07 -8.484998100e-04
1.955703000e-01 1.965504390e-01 3.639935240e-05 6.026332960e-03 1.959849590e-01 3.592944310e-05 6.876054160e-03 5.654795250e-04 4.699092390e-07 -8.497211950e-04
1.960323000e-01 2.438596690e-01 2.026224450e-07 -2.251936530e-04 2.432885580e-01 -2.611711610e-07 6.289544800e-04 5.711109980e-04 4.637936060e-07 -8.541481340e-04
1.964942000e-01 1.642890520e-01 7.275584850e-05 4.759322510e-04 1.637229270e-01 7.227027540e-05 1.331627720e-03 5.661250310e-04 4.855730670e-07 -8.556954700e-04
1.969562000e-01 1.197772940e-01 9.194065640e-05 1.056915060e-03 1.192213430e-01 9.142919990e-05 1.913804550e-03 5.559506290e-04 5.114565360e-07 -8.568894890e-04
1.974182000e-01 1.775545910e-01 -1.954639580e-05 3.438188590e-03 1.769995910e-01 -2.004607580e-05 4.293156980e-03 5.550000800e-04 4.996800720e-07 -8.549683850e-04
1.978802000e-01 2.499873410e-01 5.192302970e-06 7.040957580e-03 2.494251400e-01 4.695304400e-06 7.889258450e-03 5.622010030e-04 4.969985650e-07 -8.483008700e-04
1.983422000e-01 1.972360270e-01 4.401286910e-05 2.170163420e-03 1.966750150e-01 4.350603880e-05 3.018326210e-03 5.610121550e-04 5.068303180e-07 -8.481627910e-04
1.988042000e-01 1.522267880e-01 -1.311775380e-04 -3.001531690e-03 1.516741920e-01 -1.316359090e-04 -2.143011150e-03 5.525962900e-04 4.583707500e-07 -8.585205440e-04
1.992661000e-01 1.931494060e-01 4.045820140e-05 3.024577340e-04 1.925994690e-01 3.999336910e-05 1.165904780e-03 5.499367990e-04 4.648323080e-07 -8.634470490e-04
1.997281000e-01 2.743807820e-01 -6.744726410e-05 6.572255760e-03 2.738238810e-01 -6.788741390e-05 7.429008330e-03 5.569008880e-04 4.401497870e-07 -8.567525650e-04
2.001901000e-01 2.461537120e-01 -1.472781880e-05 9.677205670e-03 2.455929970e-01 -1.515891270e-05 1.052753160e-02 5.607149950e-04 4.310938580e-07 -8.503259140e-04
2.006521000e-01 1.298047210e-01 1.524099480e-05 1.621752590e-03 1.292516780e-01 1.480861550e-05 2.472955800e-03 5.530427740e-04 4.323793410e-07 -8.512032100e-04
2.011141000e-01 1.080062290e-01 2.938134110e-05 7.029111540e-05 1.074615140e-01 2.894438040e-05 9.232878240e-04 5.447149670e-04 4.369607480e-07 -8.529967090e-04
2.015760000e-01 1.251195870e-01 -1.106749670e-04 4.138855640e-03 1.245804160e-01 -1.110750520e-04 4.987551180e-03 5.391711320e-04 4.000851770e-07 -8.486955400e-04
2.020380000e-01 1.249060750e-01 -3.545097660e-05 6.503389820e-03 1.243735980e-01 -3.583644290e-05 7.344115600e-03 5.324765440e-04 3.854663520e-07 -8.407257840e-04
2.025000000e-01 1.893427470e-01 2.603696960e-05 2.187505580e-03 1.888080630e-01 2.564457620e-05 3.030253060e-03 5.346843300e-04 3.923933390e-07 -8.427474730e-04
2.029709000e-01 2.453769930e-01 -5.334821220e-05 5.386955990e-03 2.448320020e-01 -5.371655500e-05 6.237373930e-03 5.449907010e-04 3.683427980e-07 -8.504179410e-04
2.034419000e-01 1.744680340e-01 1.883260150e-05 7.787411120e-04 1.739255490e-01 1.846235880e-05 1.630598400e-03 5.424853980e-04 3.702427480e-07 -8.518572840e-04
2.039128000e-01 8.057450090e-02 -1.121478980e-06 4.510597800e-03 8.004886080e-02 -1.485586170e-06 5.355540570e-03 5.256400680e-04 3.641071940e-07 -8.449427690e-04
2.043837000e-01 1.813007150e-01 -3.142992110e-06 3.839403020e-03 1.807805010e-01 -3.501224290e-06 4.679507660e-03 5.202136850e-04 3.582321820e-07 -8.401046400e-04
2.048547000e-01 2.197847910e-01 -1.796888700e-06 5.241659960e-03 2.192610570e-01 -2.151003230e-06 6.073956710e-03 5.237337340e-04 3.541145350e-07 -8.322967470e-04
2.053256000e-01 2.007270400e-01 1.950120740e-05 2.412694140e-03 2.002026430e-01 1.914549040e-05 3.240620420e-03 5.243967950e-04 3.557169920e-07 -8.279262880e-04
2.057965000e-01 2.130228370e-01 1.519020070e-05 -4.707656190e-03 2.124957160e-01 1.483343650e-05 -3.869069360e-03 5.271209930e-04 3.567642450e-07 -8.385868210e-04
2.062674000e-01 1.976279650e-01 -1.689983440e-04 -6.674461010e-03 1.970995240e-01 -1.692919220e-04 -5.826294640e-03 5.284409660e-04 2.935779100e-07 -8.481663640e-04
2.067384000e-01 1.069152740e-01 9.346213610e-06 -7.147891790e-04 1.063967250e-01 9.047511560e-06 1.279987230e-04 5.185491100e-04 2.987020500e-07 -8.427879010e-04
2.072155000e-01 7.198428550e-02 4.742825650e-04 1.141754280e-02 7.147702860e-02 4.738222510e-04 1.225036360e-02 5.072568340e-04 4.603147830e-07 -8.328207720e-04
2.076926000e-01 1.954399780e-01 -3.506320300e-04 -1.951005830e-03 1.949306290e-01 -3.509530180e-04 -1.121474530e-03 5.093483750e-04 3.209874400e-07 -8.295313020e-04
2.081698000e-01 2.420155630e-01 2.547154090e-04 2.581951250e-04 2.415002970e-01 2.542989220e-04 1.082040140e-03 5.152655590e-04 4.164876160e-07 -8.238450140e-04
2.086469000e-01 1.606150730e-01 1.482513690e-04 -4.287392820e-03 1.601049110e-01 1.477879270e-04 -3.458869310e-03 5.101620240e-04 4.634422130e-07 -8.285235130e-04
2.091240000e-01 1.276197670e-01 -5.805579530e-05 -6.759485720e-03 1.271183150e-01 -5.849666550e-05 -5.920151400e-03 5.014519890e-04 4.408701500e-07 -8.393343240e-04
2.096011000e-01 1.539748180e-01 2.936334730e-05 -2.958701430e-03 1.534775140e-01 2.891420420e-05 -2.119613280e-03 4.973033310e-04 4.491431000e-07 -8.390881460e-04
2.100783000e-01 1.427507440e-01 4.579887580e-05 1.721448930e-04 1.422585890e-01 4.533552880e-05 1.004315400e-03 4.921558100e-04 4.633470670e-07 -8.321705050e-04
2.105554000e-01 1.764610520e-01 1.276460180e-04 -2.056664230e-03 1.759684650e-01 1.271391980e-04 -1.226190490e-03 4.925868250e-04 5.068194960e-07 -8.304737430e-04
2.110396000e-01 2.520458410e-01 6.740229400e-05 -5.113344390e-03 2.515422200e-01 6.687228770e-05 -4.280505200e-03 5.036208250e-04 5.300063100e-07 -8.328391950e-04
2.115167000e-01 1.919382460e-01 1.616850790e-04 -4.708187660e-03 1.914350710e-01 1.610980770e-04 -3.875664190e-03 5.031753920e-04 5.870022320e-07 -8.325234680e-04
2.119937000e-01 6.412315040e-02 -9.865801690e-05 2.604120770e-03 6.363824910e-02 -9.920738460e-05 3.430610500e-03 4.849013900e-04 5.493677420e-07 -8.264897280e-04
2.124781000e-01 1.292020340e-01 6.541513120e-05 -1.488126630e-03 1.287241410e-01 6.483760890e-05 -6.646125700e-04 4.778929140e-04 5.775222430e-07 -8.235140640e-04
2.129626000e-01 2.529371470e-01 1.916752160e-05 -7.327435400e-03 2.524468800e-01 1.858106710e-05 -6.501324800e-03 4.902674350e-04 5.864544470e-07 -8.261105920e-04
2.134471000e-01 2.219806580e-01 6.321771020e-05 -6.148064650e-03 2.214858430e-01 6.260527150e-05 -5.321295950e-03 4.948157740e-04 6.124386690e-07 -8.267687020e-04
2.139316000e-01 6.103690500e-02 -3.089035010e-05 8.050295660e-04 6.055975930e-02 -3.149494780e-05 1.626592510e-03 4.771456980e-04 6.045977540e-07 -8.215629440e-04
2.144160000e-01 9.161665800e-02 3.468506080e-04 4.591439640e-04 9.115120770e-02 3.461202000e-04 1.276330350e-03 4.654502990e-04 7.304086750e-07 -8.171863890e-04
2.149005000e-01 2.160041490e-01 1.090086980e-04 -4.613030530e-03 2.155298470e-01 1.082333250e-04 -3.795301660e-03 4.743029700e-04 7.753730570e-07 -8.177288680e-04
2.153850000e-01 2.301871160e-01 -1.891210220e-04 -6.983541510e-03 2.297055190e-01 -1.898216560e-04 -6.165101620e-03 4.815968860e-04 7.006347880e-07 -8.184398910e-04
2.158695000e-01 1.292950790e-01 5.768580030e-05 -3.929559690e-03 1.288206450e-01 5.695608990e-05 -3.109299210e-03 4.744337820e-04 7.297104120e-07 -8.202604850e-04
2.163539000e-01 1.140575260e-01 -5.065412360e-05 -5.672844350e-03 1.135901480e-01 -5.136554590e-05 -4.849352480e-03 4.673783670e-04 7.114222840e-07 -8.234918700e-04
2.168384000e-01 1.052840190e-01 -5.485931080e-05 -9.644666590e-04 1.048243540e-01 -5.555568850e-05 -1.463040860e-04 4.596648440e-04 6.963777420e-07 -8.181625730e-04
2.173320000e-01 9.035003480e-02 -2.465620550e-05 1.848412140e-03 8.989953470e-02 -2.534785490e-05 2.658549860e-03 4.505001530e-04 6.916494320e-07 -8.101377210e-04
2.178256000e-01 1.466397750e-01 -3.437740420e-05 -5.737542600e-03 1.461890830e-01 -3.505795540e-05 -4.925787110e-03 4.506926110e-04 6.805512550e-07 -8.117554910e-04
2.183193000e-01 1.856768770e-01 3.405389290e-06 -9.352502480e-03 1.852230850e-01 2.721630120e-06 -8.535877970e-03 4.537923670e-04 6.837591700e-07 -8.166245080e-04
2.188129000e-01 1.872046220e-01 -3.712761310e-05 -5.426523090e-03 1.867507090e-01 -3.779940010e-05 -4.614274250e-03 4.539129180e-04 6.717869910e-07 -8.122488440e-04
2.193065000e-01 1.735935790e-01 -2.236636810e-05 -2.879625950e-03 1.731401380e-01 -2.303265030e-05 -2.075842050e-03 4.534414010e-04 6.662821940e-07 -8.037838980e-04
2.198001000e-01 1.497711500e-01 -4.168875610e-06 -7.719505560e-03 1.493221680e-01 -4.834793080e-06 -6.914631030e-03 4.489820400e-04 6.659174720e-07 -8.048745250e-04
2.202937000e-01 1.336081640e-01 -5.342955360e-05 -8.515950120e-03 1.331656550e-01 -5.407670830e-05 -7.705488910e-03 4.425097150e-04 6.471546860e-07 -8.104612110e-04
2.207873000e-01 1.646815530e-01 -4.906063760e-05 -7.066127430e-03 1.642403410e-01 -4.969386820e-05 -6.258529980e-03 4.412122490e-04 6.332305510e-07 -8.075974470e-04
2.212922000e-01 1.985555720e-01 5.036643490e-05 -4.879304800e-03 1.981120300e-01 4.971076380e-05 -4.080683780e-03 4.435421910e-04 6.556710460e-07 -7.986210220e-04
2.217970000e-01 1.644646420e-01 -7.355032820e-06 -6.811115880e-03 1.640243740e-01 -8.010404210e-06 -6.012875810e-03 4.402679960e-04 6.553714000e-07 -7.982400720e-04
2.223018000e-01 1.380423770e-01 -5.555343030e-06 -1.050782100e-02 1.376084070e-01 -6.212969690e-06 -9.703359050e-03 4.339706620e-04 6.576266620e-07 -8.044619500e-04
2.228067000e-01 1.600819290e-01 -4.145416360e-05 -7.038448140e-03 1.596496310e-01 -4.210084940e-05 -6.236867450e-03 4.322982380e-04 6.466857880e-07 -8.015806920e-04
2.233115000e-01 1.531988410e-01 3.267661280e-05 -4.829575640e-03 1.527678350e-01 3.201517830e-05 -4.036620150e-03 4.310059810e-04 6.614345700e-07 -7.929554900e-04
2.238163000e-01 1.798417400e-01 6.950865950e-06 -1.200800100e-02 1.794100880e-01 6.284079140e-06 -1.121435190e-02 4.316512770e-04 6.667868060e-07 -7.936491340e-04
2.243212000e-01 1.912000700e-01 -1.303024500e-04 -1.299331850e-02 1.907651100e-01 -1.309145120e-04 -1.219404320e-02 4.349597760e-04 6.120620330e-07 -7.992752800e-04
2.248260000e-01 1.445372790e-01 6.168193460e-05 -8.365471930e-03 1.441074860e-01 6.103871000e-05 -7.568528990e-03 4.297932820e-04 6.432245870e-07 -7.969429410e-04
2.253308000e-01 5.978476390e-02 1.118218190e-04 5.436290130e-04 5.936829070e-02 1.111312130e-04 1.331810070e-03 4.164732350e-04 6.906055360e-07 -7.881810600e-04
2.258357000e-01 1.434506680e-01 8.171539110e-05 -8.832613510e-03 1.430358770e-01 8.098982440e-05 -8.044420860e-03 4.147915460e-04 7.255666950e-07 -7.881926540e-04
2.263558000e-01 2.159650440e-01 9.119415940e-05 -1.408114800e-02 2.155447920e-01 9.043801770e-05 -1.328779470e-02 4.202520600e-04 7.561416940e-07 -7.933533380e-04
2.268602000e-01 1.465289560e-01 4.260753190e-05 -9.178595690e-03 1.461105140e-01 4.183429290e-05 -8.387732060e-03 4.184422620e-04 7.732389460e-07 -7.908636270e-04
2.273808000e-01 1.443414490e-01 7.870022700e-05 -6.271996660e-03 1.439249680e-01 7.789282990e-05 -5.488537280e-03 4.164804470e-04 8.073971110e-07 -7.834593750e-04
2.279014000e-01 1.285290040e-01 1.379231140e-04 -3.490310650e-03 1.281177800e-01 1.370597570e-04 -2.712104690e-03 4.112242530e-04 8.633570140e-07 -7.782059570e-04
2.284221000e-01 1.106541890e-01 5.905449780e-05 -5.628550440e-03 1.102498220e-01 5.816789470e-05 -4.854603330e-03 4.043666870e-04 8.866030690e-07 -7.739471040e-04
2.289427000e-01 1.060167020e-01 3.338946960e-05 -5.375826020e-03 1.056200180e-01 3.248809790e-05 -4.602341310e-03 3.966844560e-04 9.013716270e-07 -7.734847180e-04
2.294634000e-01 7.045530380e-02 -7.190758870e-05 -5.782492040e-03 7.007016350e-02 -7.277948780e-05 -5.006044150e-03 3.851402950e-04 8.718990850e-07 -7.764478940e-04
2.299840000e-01 1.870656010e-01 1.434015260e-05 -1.325686480e-02 1.866741620e-01 1.346131060e-05 -1.248334200e-02 3.914388670e-04 8.788419620e-07 -7.735227890e-04
2.305046000e-01 2.326248790e-01 7.249684650e-05 -1.389424140e-02 2.322214030e-01 7.159340140e-05 -1.312683090e-02 4.034754830e-04 9.034451560e-07 -7.674105270e-04
2.310253000e-01 1.039670470e-01 3.757666170e-05 -6.397986390e-03 1.035725880e-01 3.665964610e-05 -5.630285320e-03 3.944588320e-04 9.170156000e-07 -7.677010660e-04
2.315459000e-01 7.721267450e-02 4.307546120e-05 -5.601482290e-03 7.683025410e-02 4.214113330e-05 -4.831696290e-03 3.824203740e-04 9.343279000e-07 -7.697860000e-04
2.320666000e-01 1.474545020e-01 -4.682682460e-05 -1.153066010e-02 1.470712410e-01 -4.774279150e-05 -1.076432940e-02 3.832610110e-04 9.159668830e-07 -7.663307100e-04
2.325872000e-01 1.543861270e-01 1.213475270e-06 -1.021745550e-02 1.540008570e-01 2.962314430e-07 -9.456227350e-03 3.852698970e-04 9.172438260e-07 -7.612281260e-04
2.331078000e-01 9.209810440e-02 -2.525251700e-06 -6.863472090e-03 9.172237650e-02 -3.442611600e-06 -6.100989730e-03 3.757279460e-04 9.173599050e-07 -7.624823600e-04
2.336285000e-01 7.527683200e-02 4.015512960e-07 -6.816602530e-03 7.491105660e-02 -5.185608760e-07 -6.052091660e-03 3.657754550e-04 9.201121710e-07 -7.645108760e-04
2.341491000e-01 1.401127910e-01 3.990466980e-05 -1.107297060e-02 1.397458540e-01 3.896664640e-05 -1.031221150e-02 3.669371100e-04 9.380233630e-07 -7.607590870e-04
2.346698000e-01 1.436411770e-01 3.273922900e-05 -1.051842590e-02 1.432735620e-01 3.178705420e-05 -9.761855300e-03 3.676153630e-04 9.521748010e-07 -7.565706050e-04
2.351904000e-01 1.295582440e-01 -2.258081750e-04 -1.030761050e-02 1.291927830e-01 -2.266648730e-04 -9.556447700e-03 3.654612800e-04 8.566986770e-07 -7.511628400e-04
2.357110000e-01 1.224094430e-01 1.783090550e-04 -8.935742670e-03 1.220464310e-01 1.773764310e-04 -8.189554440e-03 3.630119880e-04 9.326240560e-07 -7.461882260e-04
2.362317000e-01 9.473725040e-02 -2.545102280e-06 -9.873092060e-03 9.438289370e-02 -3.474221620e-06 -9.122324630e-03 3.543566930e-04 9.291193400e-07 -7.507674290e-04
2.367523000e-01 9.627943640e-02 5.674203020e-05 -1.041084230e-02 9.593145170e-02 5.578976850e-05 -9.657413750e-03 3.479847110e-04 9.522617110e-07 -7.534285530e-04
2.372730000e-01 2.070779600e-01 2.976647300e-05 -2.086830260e-02 2.067204640e-01 2.880423100e-05 -2.012037740e-02 3.574963290e-04 9.622419570e-07 -7.479252000e-04
2.377936000e-01 1.803712180e-01 -2.335768760e-06 -1.274386410e-02 1.800098250e-01 -3.295382430e-06 -1.200205400e-02 3.613926760e-04 9.596136700e-07 -7.418101050e-04
2.383142000e-01 8.296932120e-02 -1.407512690e-05 -5.757001220e-03 8.261798720e-02 -1.502751930e-05 -5.019262390e-03 3.513340830e-04 9.523923690e-07 -7.377388320e-04
2.388349000e-01 8.779990640e-02 1.964117890e-04 -8.226165690e-03 8.745620850e-02 1.953829230e-04 -7.490734380e-03 3.436978780e-04 1.028865950e-06 -7.354313100e-04
2.393555000e-01 6.702361810e-02 -1.078404320e-04 -5.528990320e-03 6.669087240e-02 -1.088316080e-04 -4.791178600e-03 3.327457130e-04 9.911755740e-07 -7.378117120e-04
2.398762000e-01 1.260694840e-01 4.313428690e-05 -1.196207990e-02 1.257395710e-01 4.212597850e-05 -1.122443950e-02 3.299128000e-04 1.008308420e-06 -7.376404000e-04
2.403968000e-01 2.200980680e-01 -4.266857710e-05 -2.304816920e-02 2.197546480e-01 -4.366339180e-05 -2.231446110e-02 3.434203010e-04 9.948147210e-07 -7.337081750e-04
2.409174000e-01 1.454381400e-01 -2.112396920e-05 -1.417836920e-02 1.450943400e-01 -2.211185640e-05 -1.344866530e-02 3.438002450e-04 9.878871580e-07 -7.297038580e-04
2.414381000e-01 5.174994430e-02 1.201841080e-04 -1.410121210e-03 5.142002310e-02 1.191435790e-04 -6.865703080e-04 3.299211690e-04 1.040528900e-06 -7.235509050e-04
2.419587000e-01 1.012353150e-01 -9.753018290e-05 -7.309975360e-03 1.009117330e-01 -9.853293740e-05 -6.591071170e-03 3.235810920e-04 1.002754540e-06 -7.189041950e-04
2.424794000e-01 7.751007260e-02 -9.663217260e-05 -6.419440750e-03 7.719425550e-02 -9.759769340e-05 -5.704204980e-03 3.158171340e-04 9.655207940e-07 -7.152357680e-04
2.430000000e-01 1.412068840e-01 -2.127240650e-05 -1.416783390e-02 1.408905590e-01 -2.223343040e-05 -1.345395320e-02 3.163252000e-04 9.610239080e-07 -7.138806790e-04
2.435625000e-01 1.981159440e-01 1.515091910e-07 -2.328296370e-02 1.977890630e-01 -8.140971480e-07 -2.256639480e-02 3.268810080e-04 9.656063390e-07 -7.165688610e-04
2.441250000e-01 1.114762930e-01 -8.027815410e-06 -1.089033630e-02 1.111538550e-01 -8.993804350e-06 -1.017649220e-02 3.224381080e-04 9.659889370e-07 -7.138440610e-04
2.446875000e-01 5.558097050e-02 4.896284670e-05 -3.612111370e-03 5.527126360e-02 4.797296390e-05 -2.904061760e-03 3.097068650e-04 9.898828360e-07 -7.080496040e-04
2.452500000e-01 1.468980470e-01 2.956069170e-05 -1.861168830e-02 1.465840350e-01 2.855009180e-05 -1.790193620e-02 3.140117030e-04 1.010599910e-06 -7.097521570e-04
2.458125000e-01 1.787177910e-01 5.084733130e-05 -2.153272290e-02 1.783968680e-01 4.980603390e-05 -2.082089480e-02 3.209229570e-04 1.041297440e-06 -7.118281240e-04
2.463750000e-01 7.005160190e-02 -3.898677210e-05 -2.500992480e-03 6.974095020e-02 -4.001429960e-05 -1.802511960e-03 3.106516830e-04 1.027527570e-06 -6.984805240e-04
2.469462000e-01 6.380743970e-02 -4.322690450e-05 -2.573350970e-03 6.350611810e-02 -4.423502110e-05 -1.884891360e-03 3.013215240e-04 1.008116620e-06 -6.884596110e-04
2.475173000e-01 4.854665650e-02 -7.287057380e-05 -5.415044370e-03 4.825783370e-02 -7.385331610e-05 -4.722312510e-03 2.888227630e-04 9.827422710e-07 -6.927318640e-04
2.480977000e-01 1.031929820e-01 -2.248126050e-05 -1.113669390e-02 1.029060160e-01 -2.346168890e-05 -1.044524870e-02 2.869654800e-04 9.804284190e-07 -6.914452700e-04
2.486780000e-01 2.001658260e-01 2.928293110e-06 -2.304199050e-02 1.998647090e-01 1.946033800e-06 -2.235693020e-02 3.011170870e-04 9.822593060e-07 -6.850602420e-04
2.492584000e-01 9.140217140e-02 1.516856080e-05 -1.102874950e-02 9.110879190e-02 1.418090690e-05 -1.034361400e-02 2.933794470e-04 9.876539040e-07 -6.851355110e-04
2.498388000e-01 3.619650620e-02 -1.461409690e-05 -5.124478850e-03 3.591730420e-02 -1.559664660e-05 -4.436037740e-03 2.792019370e-04 9.825497530e-07 -6.884411100e-04
2.504191000e-01 9.707399580e-02 5.537573010e-05 -7.301939040e-03 9.679502940e-02 5.436585830e-05 -6.626474880e-03 2.789664650e-04 1.009871830e-06 -6.754641640e-04
2.510099000e-01 1.032933600e-01 1.260019930e-04 -1.221148370e-02 1.030153060e-01 1.249376290e-04 -1.154525680e-02 2.780537600e-04 1.064363650e-06 -6.662269140e-04
2.516006000e-01 8.432817200e-02 -4.768909410e-05 -1.144003360e-02 8.405450780e-02 -4.874097210e-05 -1.076957200e-02 2.736641840e-04 1.051878050e-06 -6.704615780e-04
2.521913000e-01 9.221999770e-02 1.172819580e-04 -1.270492150e-02 9.194902620e-02 1.161718050e-04 -1.203551420e-02 2.709714710e-04 1.110152880e-06 -6.694072930e-04
2.527821000e-01 1.227905570e-01 -1.097961670e-04 -1.488778500e-02 1.225193050e-01 -1.108551170e-04 -1.422333870e-02 2.712522940e-04 1.058949570e-06 -6.644463620e-04
2.533728000e-01 1.024455790e-01 -2.003866520e-06 -1.102033030e-02 1.021768510e-01 -3.058235430e-06 -1.036234490e-02 2.687274720e-04 1.054368910e-06 -6.579853580e-04
2.539753000e-01 8.173398990e-02 1.250514970e-06 -7.722590590e-03 8.146906690e-02 1.981354930e-07 -7.071312650e-03 2.649230240e-04 1.052379470e-06 -6.512779400e-04
2.545779000e-01 4.364972520e-02 6.655830770e-05 -6.159453800e-03 4.339671740e-02 6.547605980e-05 -5.502540660e-03 2.530078820e-04 1.082247950e-06 -6.569131360e-04
2.551804000e-01 7.294663770e-02 -3.066452700e-05 -8.461227140e-03 7.269788080e-02 -3.173158840e-05 -7.807225560e-03 2.487568620e-04 1.067061350e-06 -6.540015890e-04
2.557830000e-01 1.203585670e-01 -2.106500560e-05 -1.151747150e-02 1.201018790e-01 -2.211870800e-05 -1.088249810e-02 2.566879980e-04 1.053702370e-06 -6.349733780e-04
2.563855000e-01 6.679784950e-02 3.693970500e-06 -7.788903780e-03 6.654864650e-02 2.643449420e-06 -7.154254380e-03 2.492029800e-04 1.050521070e-06 -6.346494050e-04
2.570017000e-01 4.964579530e-02 9.915057530e-06 -8.711890780e-03 4.940760820e-02 8.859583730e-06 -8.072045510e-03 2.381870610e-04 1.055473800e-06 -6.398452770e-04
2.576180000e-01 8.805543250e-02 -6.998706930e-05 -1.188577650e-02 8.781963070e-02 -7.100149090e-05 -1.125272500e-02 2.358018020e-04 1.014421560e-06 -6.330514820e-04
2.582342000e-01 7.000830390e-02 1.314531970e-04 -8.177866390e-03 6.977568980e-02 1.303794690e-04 -7.550606920e-03 2.326140440e-04 1.073727720e-06 -6.272594670e-04
2.588505000e-01 8.980669590e-02 4.847261930e-05 -1.282250850e-02 8.957494890e-02 4.738134870e-05 -1.219871970e-02 2.317470270e-04 1.091270670e-06 -6.237887830e-04
2.594825000e-01 7.330697960e-02 1.970938100e-05 -9.155533500e-03 7.307928290e-02 1.861459590e-05 -8.538276990e-03 2.276966560e-04 1.094785090e-06 -6.172565090e-04
2.601145000e-01 6.702876010e-02 5.017554250e-06 -8.076516580e-03 6.680524500e-02 3.926036890e-06 -7.465142640e-03 2.235150370e-04 1.091517360e-06 -6.113739350e-04
2.607466000e-01 1.149496480e-01 -6.473990600e-05 -2.131733110e-02 1.147260290e-01 -6.579566030e-05 -2.069867710e-02 2.236184190e-04 1.055754330e-06 -6.186540100e-04
2.613786000e-01 7.204608270e-02 3.024930680e-05 -1.050644260e-02 7.182618690e-02 2.918419140e-05 -9.894328690e-03 2.198957790e-04 1.065115330e-06 -6.121139340e-04
2.620107000e-01 6.128751910e-02 -1.127953650e-04 -3.986486000e-03 6.107210970e-02 -1.137996550e-04 -3.392142080e-03 2.154094510e-04 1.004290410e-06 -5.943439210e-04
2.626619000e-01 9.964360200e-02 1.463948170e-04 -1.781654690e-02 9.942821550e-02 1.453156130e-04 -1.721745140e-02 2.153864720e-04 1.079203950e-06 -5.990955340e-04
2.633130000e-01 8.076378310e-02 5.834160000e-06 -1.167716010e-02 8.055299720e-02 4.753860890e-06 -1.107849280e-02 2.107858770e-04 1.080299110e-06 -5.986672960e-04
2.639642000e-01 -4.142392800e-03 2.584269030e-05 4.271264690e-03 -4.336039330e-03 2.475346810e-05 4.861485450e-03 1.936465330e-04 1.089222130e-06 -5.902207640e-04
2.646154000e-01 1.275705080e-01 -4.908941880e-05 -2.126749340e-02 1.273689930e-01 -5.015292390e-05 -2.068141800e-02 2.015148570e-04 1.063505070e-06 -5.860753690e-04
2.652666000e-01 1.236903980e-01 2.082096920e-05 -2.120194870e-02 1.234829760e-01 1.975369990e-05 -2.062036320e-02 2.074222390e-04 1.067269310e-06 -5.815854710e-04
2.659178000e-01 6.630232410e-02 1.389766460e-05 -8.313422000e-03 6.610036250e-02 1.282747850e-05 -7.739546160e-03 2.019616060e-04 1.070186110e-06 -5.738758340e-04
2.665940000e-01 2.873294930e-02 -2.201858400e-05 -2.608632510e-03 2.854162470e-02 -2.306827380e-05 -2.040003570e-03 1.913245350e-04 1.049689750e-06 -5.686289440e-04
2.672703000e-01 2.298397010e-02 1.716398610e-06 -1.733029020e-03 2.280252190e-02 6.716504750e-07 -1.169460970e-03 1.814482300e-04 1.044748140e-06 -5.635680510e-04
2.679465000e-01 1.155917720e-01 1.252075560e-05 -2.028121180e-02 1.154012300e-01 1.147406390e-05 -1.972546030e-02 1.905424490e-04 1.046691720e-06 -5.557514970e-04
2.686228000e-01 5.554144990e-02 1.876254850e-05 -9.174023060e-03 5.535906770e-02 1.770854850e-05 -8.616821700e-03 1.823821560e-04 1.054000050e-06 -5.572013680e-04
2.692990000e-01 4.974593350e-02 2.072487370e-05 -9.320259830e-03 4.957248050e-02 1.966159040e-05 -8.761624020e-03 1.734529850e-04 1.063283310e-06 -5.586358070e-04
2.699752000e-01 9.417251700e-02 6.991917870e-05 -1.125692100e-02 9.399074390e-02 6.882191350e-05 -1.071906280e-02 1.817730530e-04 1.097265150e-06 -5.378581370e-04
2.706515000e-01 5.019952100e-02 3.925339950e-06 -7.340651740e-03 5.002588560e-02 2.833130700e-06 -6.803096350e-03 1.736353910e-04 1.092209250e-06 -5.375553950e-04
2.713277000e-01 2.670352690e-02 -9.473088540e-05 -4.870674520e-03 2.653986280e-02 -9.577105240e-05 -4.331267400e-03 1.636641170e-04 1.040167080e-06 -5.394071190e-04
2.720040000e-01 8.925969730e-02 7.903115030e-05 -1.135655220e-02 8.908880800e-02 7.795313780e-05 -1.083753860e-02 1.708892080e-04 1.078012500e-06 -5.190136210e-04
2.726802000e-01 8.961780180e-02 1.989867480e-04 -1.609608680e-02 8.944654470e-02 1.978138900e-04 -1.557751410e-02 1.712571030e-04 1.172857920e-06 -5.185727240e-04
2.733564000e-01 5.177236350e-02 -1.420195570e-04 -7.964364250e-03 5.160586690e-02 -1.431182950e-04 -7.444404070e-03 1.664965390e-04 1.098738240e-06 -5.199601860e-04
2.740327000e-01 -1.529854880e-02 -1.689559790e-05 6.610889770e-03 -1.544740000e-02 -1.798405060e-05 7.122698090e-03 1.488512680e-04 1.088452710e-06 -5.118083210e-04
2.747089000e-01 6.211734610e-02 -3.516529900e-05 -9.686408810e-03 6.196530140e-02 -3.623258970e-05 -9.186759460e-03 1.520446940e-04 1.067290730e-06 -4.996493480e-04
2.753851000e-01 8.312256870e-02 -1.841468230e-05 -1.369563450e-02 8.296495020e-02 -1.946834230e-05 -1.320726770e-02 1.576184140e-04 1.053659990e-06 -4.883667990e-04
2.760614000e-01 3.847953240e-02 7.593533760e-05 -8.308684040e-03 3.832919270e-02 7.484800990e-05 -7.816446460e-03 1.503397600e-04 1.087327710e-06 -4.922375890e-04
2.767376000e-01 4.403007710e-02 -3.598856240e-05 -8.853387550e-03 4.388316590e-02 -3.705716780e-05 -8.364848270e-03 1.469112240e-04 1.068605420e-06 -4.885392810e-04
2.774139000e-01 2.895649030e-02 -1.639857610e-06 -4.251999430e-03 2.881376610e-02 -2.706540780e-06 -3.769753850e-03 1.427242250e-04 1.066683170e-06 -4.822455850e-04
2.780901000e-01 1.429588190e-02 7.436509720e-05 3.141784020e-04 1.415972160e-02 7.325722510e-05 7.881954730e-04 1.361603370e-04 1.107872100e-06 -4.740170710e-04
2.787663000e-01 3.455954900e-02 -4.632931510e-05 -4.043030920e-03 3.442657950e-02 -4.740868180e-05 -3.575199600e-03 1.329695050e-04 1.079366760e-06 -4.678313230e-04
2.794426000e-01 3.881488090e-02 -1.247394560e-05 -7.010965390e-03 3.868501960e-02 -1.354465850e-05 -6.548521670e-03 1.298612700e-04 1.070712920e-06 -4.624437130e-04
2.801188000e-01 9.004799710e-03 -1.576699670e-05 4.840940460e-04 8.881367350e-03 -1.682875580e-05 9.386790370e-04 1.234323650e-04 1.061759110e-06 -4.545849910e-04
2.807950000e-01 5.099672770e-02 -3.677126100e-05 -1.055354730e-02 5.087518370e-02 -3.781229470e-05 -1.010442050e-02 1.215439890e-04 1.041033680e-06 -4.491268350e-04
2.814713000e-01 3.840872480e-02 -2.629883090e-05 -8.498427550e-03 3.829023320e-02 -2.732291220e-05 -8.053053880e-03 1.184915740e-04 1.024081350e-06 -4.453736700e-04
2.821475000e-01 5.158472060e-03 4.061642890e-05 -2.933089320e-03 5.048017010e-03 3.957126650e-05 -2.483986410e-03 1.104550500e-04 1.045162450e-06 -4.491029130e-04
2.828238000e-01 5.627455000e-02 9.853715300e-05 -1.008599710e-02 5.615953110e-02 9.743871240e-05 -9.648422710e-03 1.150188890e-04 1.098440620e-06 -4.375743450e-04
2.835000000e-01 4.822497160e-02 1.217008550e-05 -7.711367610e-03 4.810805670e-02 1.106620110e-05 -7.287113120e-03 1.169149000e-04 1.103884360e-06 -4.242544840e-04
2.842105000e-01 -4.671435540e-02 -3.424078810e-05 1.208560950e-02 -4.681076210e-02 -3.532293130e-05 1.250338490e-02 9.640668310e-05 1.082143230e-06 -4.177754070e-04
2.849211000e-01 5.525519830e-02 -2.023447940e-05 -1.219151530e-02 5.515392090e-02 -2.130434450e-05 -1.177907550e-02 1.012774720e-04 1.069865030e-06 -4.124398060e-04
2.856316000e-01 5.600610920e-02 -5.447503080e-06 -1.303453310e-02 5.590203140e-02 -6.513412710e-06 -1.262791680e-02 1.040778420e-04 1.065909640e-06 -4.066162790e-04
2.863421000e-01 -8.969778060e-03 -2.403025950e-05 4.675037350e-03 -9.065088290e-03 -2.508445930e-05 5.073015820e-03 9.531022750e-05 1.054199840e-06 -3.979784740e-04
2.870395000e-01 2.473127060e-02 -2.062611930e-05 -5.512054450e-03 2.463900350e-02 -2.166884080e-05 -5.120180480e-03 9.226704800e-05 1.042721540e-06 -3.918739700e-04
2.877368000e-01 2.796629760e-02 9.702832140e-06 -6.530318070e-03 2.787791070e-02 8.654597100e-06 -6.140758320e-03 8.838688140e-05 1.048235040e-06 -3.895597590e-04
2.884342000e-01 1.728611150e-02 -8.233178500e-05 -8.370405950e-03 1.720347980e-02 -8.332952570e-05 -7.977820350e-03 8.263170640e-05 9.977407590e-07 -3.925856050e-04
2.891316000e-01 6.019923670e-02 9.502494580e-05 -1.146475330e-02 6.010814160e-02 9.397289400e-05 -1.108847250e-02 9.109503570e-05 1.052051790e-06 -3.762807870e-04
2.898289000e-01 5.086898280e-04 3.779079100e-05 3.412865570e-03 4.254671880e-04 3.671905320e-05 3.778312400e-03 8.322264010e-05 1.071737780e-06 -3.654468280e-04
2.905263000e-01 -2.496331140e-02 2.516583010e-05 9.048786670e-03 -2.503255500e-02 2.408223000e-05 9.406853730e-03 6.924359410e-05 1.083600070e-06 -3.580670590e-04
2.912237000e-01 7.048487530e-02 1.081945250e-05 -1.808629910e-02 7.040559660e-02 9.730057640e-06 -1.773300420e-02 7.927873020e-05 1.089394880e-06 -3.532948910e-04
2.919211000e-01 1.416763470e-02 1.168262490e-05 -3.359417930e-03 1.409200040e-02 1.058492250e-05 -3.013267890e-03 7.563431840e-05 1.097702420e-06 -3.461500440e-04
2.926184000e-01 2.700626880e-03 -7.451029960e-06 -5.050498250e-04 2.631065560e-03 -8.547748260e-06 -1.660854700e-04 6.956132420e-05 1.096718300e-06 -3.389643560e-04
2.933158000e-01 8.448619900e-03 6.198864250e-05 -2.870307190e-03 8.383505690e-03 6.085811710e-05 -2.536438230e-03 6.511420630e-05 1.130525470e-06 -3.338689630e-04
2.940132000e-01 3.407531250e-02 4.048329220e-05 -9.230959470e-03 3.400690120e-02 3.932748090e-05 -8.904180450e-03 6.841133490e-05 1.155811380e-06 -3.267790290e-04
2.947105000e-01 2.689965280e-02 -5.997451800e-05 -6.633588500e-03 2.683207870e-02 -6.110187770e-05 -6.314098260e-03 6.757406650e-05 1.127359640e-06 -3.194902410e-04
2.954079000e-01 -6.394275770e-02 -4.149432410e-06 1.771612440e-02 -6.399245500e-02 -5.279548490e-06 1.802812400e-02 4.969726740e-05 1.130116080e-06 -3.119996050e-04
2.961053000e-01 3.261516200e-02 -1.318819170e-05 -1.077319350e-02 3.256203070e-02 -1.431569810e-05 -1.045929830e-02 5.313134750e-05 1.127506420e-06 -3.138951640e-04
2.968026000e-01 4.393903300e-02 -3.279585870e-06 -1.272309590e-02 4.388129130e-02 -4.414398310e-06 -1.241444070e-02 5.774171230e-05 1.134812430e-06 -3.086552280e-04
2.975000000e-01 3.429622760e-02 1.639556150e-05 -6.156308510e-03 3.423360580e-02 1.524338600e-05 -5.864401250e-03 6.262188080e-05 1.152175490e-06 -2.919072680e-04
2.982162000e-01 -8.038109800e-02 -8.177548410e-06 2.513038460e-02 -8.042414780e-02 -9.332870170e-06 2.540350270e-02 4.304978390e-05 1.155321760e-06 -2.731180560e-04
2.989324000e-01 3.077073080e-03 -1.401793250e-06 -2.330126700e-03 3.036701980e-03 -2.563708430e-06 -2.061548260e-03 4.037109970e-05 1.161915170e-06 -2.685784400e-04
2.996486000e-01 5.155350450e-02 -3.567031180e-05 -1.821204670e-02 5.150655800e-02 -3.681787690e-05 -1.793949880e-02 4.694647150e-05 1.147565160e-06 -2.725479420e-04
3.003649000e-01 -3.167281950e-02 -7.474072030e-06 8.575941110e-03 -3.171095200e-02 -8.623895050e-06 8.838467770e-03 3.813250670e-05 1.149823020e-06 -2.625266620e-04
3.010811000e-01 -2.793762500e-03 -7.676656030e-06 -1.458935900e-04 -2.827353910e-03 -8.827022680e-06 1.099502330e-04 3.359141050e-05 1.150366650e-06 -2.558438230e-04
3.017973000e-01 -2.744155750e-03 -2.656398800e-05 -1.095977090e-03 -2.775252750e-03 -2.770762670e-05 -8.465909040e-04 3.109700220e-05 1.143638670e-06 -2.493861850e-04
3.025135000e-01 3.043047310e-02 3.141699870e-05 -5.553216340e-03 3.039386610e-02 3.025053210e-05 -5.313760530e-03 3.660700390e-05 1.166466610e-06 -2.394558090e-04
3.032297000e-01 -1.134769980e-02 2.717839840e-06 1.929913070e-03 -1.137926620e-02 1.545835030e-06 2.163493600e-03 3.156639440e-05 1.172004810e-06 -2.335805380e-04
3.039459000e-01 -3.270784500e-02 -3.913691540e-06 9.283795410e-03 -3.273275940e-02 -5.085936420e-06 9.505334450e-03 2.491445330e-05 1.172244880e-06 -2.215390380e-04
3.047173000e-01 -3.473444770e-02 1.741081560e-05 1.085905290e-02 -3.475255700e-02 1.622508330e-05 1.106298320e-02 1.810938000e-05 1.185732260e-06 -2.039302860e-04
3.054886000e-01 -5.009614140e-03 7.306106600e-06 -4.500395270e-03 -5.022513990e-03 6.111393460e-06 -4.289773250e-03 1.289984850e-05 1.194713140e-06 -2.106220210e-04
3.062599000e-01 3.257926940e-03 1.356174010e-05 -3.824253900e-04 3.242405500e-03 1.235021750e-05 -1.886793660e-04 1.552143890e-05 1.211522630e-06 -1.937460230e-04
3.070312000e-01 -1.453913520e-02 -5.146128670e-07 2.529304860e-03 -1.455281710e-02 -1.735283020e-06 2.714174770e-03 1.368188380e-05 1.220670150e-06 -1.848699100e-04
3.078025000e-01 -1.590855030e-02 1.967469600e-06 2.355240930e-04 -1.591624770e-02 7.370907810e-07 4.222522250e-04 7.697313720e-06 1.230378820e-06 -1.867281310e-04
3.085738000e-01 -9.001624180e-03 -1.428007450e-05 5.628728250e-03 -9.013001320e-03 -1.551132650e-05 5.792344740e-03 1.137713570e-05 1.231251960e-06 -1.636164940e-04
3.093451000e-01 -1.205484230e-02 -3.525948030e-06 -1.190146920e-03 -1.206109230e-02 -4.762725120e-06 -1.024308660e-03 6.249984460e-06 1.236777090e-06 -1.658382660e-04
3.101164000e-01 -4.252979340e-02 -7.374719120e-06 1.101775650e-02 -4.252814560e-02 -8.614999530e-06 1.117387810e-02 -1.647802320e-06 1.240280410e-06 -1.561216320e-04
3.108877000e-01 -4.296510570e-02 4.797781810e-07 1.314825200e-02 -4.295807770e-02 -7.691660390e-07 1.328612110e-02 -7.027971810e-06 1.248944220e-06 -1.378690530e-04
3.116590000e-01 1.818410560e-02 -1.243622000e-05 -8.102329760e-03 1.818422870e-02 -1.368457390e-05 -7.970113860e-03 -1.230285430e-07 1.248353960e-06 -1.322159010e-04
3.124304000e-01 -2.971085510e-02 3.083007350e-05 6.416617340e-03 -2.970391000e-02 2.955688350e-05 6.539770940e-03 -6.945094800e-06 1.273189960e-06 -1.231535970e-04
3.132017000e-01 -3.541887640e-02 -2.342809110e-05 7.720249720e-03 -3.540554980e-02 -2.469286260e-05 7.835444150e-03 -1.332657140e-05 1.264771430e-06 -1.151944320e-04
3.139730000e-01 -2.034891340e-02 -9.088272940e-07 3.564278910e-03 -2.033310970e-02 -2.178258810e-06 3.671657930e-03 -1.580374280e-05 1.269431510e-06 -1.073790270e-04
3.147443000e-01 -7.966012290e-03 6.442992130e-05 -1.889484820e-04 -7.954421120e-03 6.311332340e-05 -9.066499630e-05 -1.159116950e-05 1.316597880e-06 -9.828348570e-05
3.155156000e-01 -3.440548830e-02 -7.684148940e-06 7.332786590e-03 -3.438802280e-02 -9.000508540e-06 7.423311740e-03 -1.746552490e-05 1.316359600e-06 -9.052515700e-05
3.162869000e-01 -4.764391780e-02 4.535857190e-06 1.127242960e-02 -4.761908660e-02 3.207807450e-06 1.135412940e-02 -2.483115900e-05 1.328049740e-06 -8.169984370e-05
3.170582000e-01 -3.720697360e-02 -4.467043670e-05 7.787358810e-03 -3.717879970e-02 -4.598524200e-05 7.860663320e-03 -2.817392870e-05 1.314805340e-06 -7.330450990e-05
3.178295000e-01 2.526974650e-03 7.152437740e-05 -5.005067940e-03 2.549542350e-03 7.015656660e-05 -4.938573610e-03 -2.256770410e-05 1.367810830e-06 -6.649433540e-05
3.186008000e-01 -1.582077120e-02 -1.440465160e-05 4.812128810e-03 -1.580240900e-02 -1.577489630e-05 4.857691630e-03 -1.836214820e-05 1.370244690e-06 -4.556281690e-05
3.193721000e-01 -7.212157700e-02 3.181282640e-05 1.726727980e-02 -7.208882540e-02 3.041612870e-05 1.731105140e-02 -3.275159760e-05 1.396697700e-06 -4.377161920e-05
3.201435000e-01 -4.761395810e-02 8.777459120e-06 9.905229950e-03 -4.757624780e-02 7.362681360e-06 9.943642270e-03 -3.771027170e-05 1.414777750e-06 -3.841232570e-05
3.209148000e-01 1.462398450e-02 8.028218820e-06 -4.974327160e-03 1.464669450e-02 6.593117130e-06 -4.955484550e-03 -2.271003650e-05 1.435101690e-06 -1.884261270e-05
3.216861000e-01 -8.930616990e-02 -1.198740150e-05 1.917702020e-02 -8.926251640e-02 -1.342922270e-05 1.920130090e-02 -4.365354670e-05 1.441821140e-06 -2.428072500e-05
3.224574000e-01 -4.525597460e-02 1.114946920e-06 1.133814860e-02 -4.521263520e-02 -3.413529640e-07 1.134661700e-02 -4.333940390e-05 1.456299880e-06 -8.468450850e-06
3.232287000e-01 -2.287508540e-02 1.059328720e-05 4.697476680e-03 -2.283650880e-02 9.117510710e-06 4.692200480e-03 -3.857664580e-05 1.475776440e-06 5.276202290e-06
3.240000000e-01 -2.377779930e-02 -1.102782320e-06 2.428064330e-03 -2.374170180e-02 -2.591989350e-06 2.416424520e-03 -3.609757950e-05 1.489207030e-06 1.163981050e-05
3.247232000e-01 -7.775606090e-02 1.104462160e-05 2.022425220e-02 -7.771092010e-02 9.536894700e-06 2.020350710e-02 -4.514076240e-05 1.507726860e-06 2.074510900e-05
3.254464000e-01 -6.236806980e-02 7.984021970e-06 1.482022570e-02 -6.231727810e-02 6.456427330e-06 1.479242850e-02 -5.079174710e-05 1.527594640e-06 2.779714510e-05
3.261565000e-01 -4.999433210e-02 3.745954890e-06 1.004100920e-02 -4.994174730e-02 2.201745720e-06 1.000638630e-02 -5.258473500e-05 1.544209170e-06 3.462289180e-05
3.268666000e-01 -2.463813350e-02 5.773477440e-06 2.813771220e-03 -2.458991820e-02 4.212120010e-06 2.771418020e-03 -4.821529230e-05 1.561357430e-06 4.235320190e-05
3.275766000e-01 -1.367651960e-02 -1.605081290e-05 -8.801491240e-04 -1.363403820e-02 -1.761802100e-05 -9.292975700e-04 -4.248143860e-05 1.567208160e-06 4.914844650e-05
3.282867000e-01 -7.351889690e-02 1.924803880e-05 1.965959130e-02 -7.346800840e-02 1.765097440e-05 1.960220100e-02 -5.088851790e-05 1.597064330e-06 5.739027230e-05
3.289968000e-01 -1.122190350e-01 2.823967090e-05 3.260274400e-02 -1.121527580e-01 2.661136340e-05 3.253609000e-02 -6.627708890e-05 1.628307420e-06 6.665402990e-05
3.296929000e-01 2.767580910e-02 -1.017934370e-04 -1.071415710e-02 2.772190090e-02 -1.033824890e-04 -1.079820580e-02 -4.609179110e-05 1.589051690e-06 8.404867100e-05
3.304032000e-01 -2.706657490e-02 -1.514368720e-05 2.204085920e-03 -2.701953170e-02 -1.673967680e-05 2.117654860e-03 -4.704320130e-05 1.595989570e-06 8.643105960e-05
3.310991000e-01 -7.009124970e-02 7.293317960e-05 1.519985420e-02 -7.003637860e-02 7.127756140e-05 1.511224090e-02 -5.487112260e-05 1.655618160e-06 8.761330270e-05
3.317949000e-01 -9.291982980e-02 1.301696280e-05 2.802939040e-02 -9.285873520e-02 1.133859720e-05 2.792307360e-02 -6.109462930e-05 1.678365580e-06 1.063167710e-04
3.324908000e-01 -5.062437990e-02 1.078915430e-05 1.131755190e-02 -5.056591030e-02 9.090127100e-06 1.120295260e-02 -5.846954300e-05 1.699027170e-06 1.145993170e-04
3.331867000e-01 -5.123980250e-02 3.986649860e-06 1.086808470e-02 -5.118213180e-02 2.270447630e-06 1.074666310e-02 -5.767070640e-05 1.716202220e-06 1.214216230e-04
3.338674000e-01 -8.907653260e-02 -5.222793900e-05 2.279677430e-02 -8.901115110e-02 -5.393281100e-05 2.266867300e-02 -6.538143070e-05 1.704872010e-06 1.281012610e-04
3.345481000e-01 -4.561014600e-02 4.859885720e-05 8.681099120e-03 -4.554818520e-02 4.685399660e-05 8.545850780e-03 -6.196075890e-05 1.744860640e-06 1.352483420e-04
3.352288000e-01 -5.691870560e-02 2.575593060e-05 1.260992950e-02 -5.685685370e-02 2.398410360e-05 1.246741190e-02 -6.185195740e-05 1.771827040e-06 1.425176630e-04
3.359096000e-01 -8.825123960e-02 -5.356129130e-05 2.192374800e-02 -8.818194710e-02 -5.531979670e-05 2.177482020e-02 -6.929242810e-05 1.758505420e-06 1.489277520e-04
3.365744000e-01 -4.833861970e-02 -8.934761160e-06 1.025281110e-02 -4.827321230e-02 -1.070279810e-05 1.009649560e-02 -6.540736310e-05 1.768036920e-06 1.563154930e-04
3.372393000e-01 -5.793936810e-02 -9.125189250e-06 1.283093590e-02 -5.787436710e-02 -1.090271390e-05 1.266765530e-02 -6.500102540e-05 1.777524660e-06 1.632806380e-04
3.378884000e-01 -9.473657810e-02 -1.064943360e-05 2.428535720e-02 -9.466402990e-02 -1.243685780e-05 2.411678900e-02 -7.254817650e-05 1.787424250e-06 1.685681240e-04
3.385375000e-01 -6.350725080e-02 -6.821994380e-06 1.757172260e-02 -6.343810680e-02 -8.620387930e-06 1.738789840e-02 -6.914402320e-05 1.798393550e-06 1.838242320e-04
3.391707000e-01 -6.847620200e-02 -1.272679900e-05 1.817349580e-02 -6.840878490e-02 -1.453347190e-05 1.797813210e-02 -6.741701580e-05 1.806672880e-06 1.953636040e-04
3.398039000e-01 -7.836835630e-02 6.198213660e-07 1.459114560e-02 -7.829399000e-02 -1.204238870e-06 1.440286120e-02 -7.436625360e-05 1.824060230e-06 1.882843530e-04
3.404372000e-01 -7.024650200e-02 -3.160192630e-06 1.741566280e-02 -7.017306200e-02 -4.997945920e-06 1.721699070e-02 -7.344000590e-05 1.837753290e-06 1.986720740e-04
3.410542000e-01 -6.588878910e-02 1.131485240e-05 1.857348720e-02 -6.581893520e-02 9.455285290e-06 1.835928200e-02 -6.985381660e-05 1.859567090e-06 2.142052540e-04
3.416712000e-01 -4.502855610e-02 -2.209116260e-05 8.365783460e-03 -4.496310500e-02 -2.395634130e-05 8.146080460e-03 -6.545116430e-05 1.865178700e-06 2.197030000e-04
3.422882000e-01 -6.159993620e-02 -4.643723830e-06 1.243753530e-02 -6.153412590e-02 -6.522208590e-06 1.221497870e-02 -6.581027050e-05 1.878484750e-06 2.225566710e-04
3.428885000e-01 -8.380991260e-02 3.242785680e-05 1.663984750e-02 -8.373762950e-02 3.052133550e-05 1.642186670e-02 -7.228311550e-05 1.906521280e-06 2.179808100e-04
3.434888000e-01 -1.033811450e-01 -3.334062600e-05 2.946725560e-02 -1.033042290e-01 -3.524711830e-05 2.923820460e-02 -7.691651370e-05 1.906492250e-06 2.290509290e-04
3.440891000e-01 -1.106953520e-01 -7.368379140e-07 3.320701060e-02 -1.106143820e-01 -2.657024420e-06 3.296394280e-02 -8.097021200e-05 1.920186510e-06 2.430678130e-04
3.446723000e-01 -7.603630460e-02 -1.897488690e-05 2.502262860e-02 -7.595980360e-02 -2.089941830e-05 2.476418490e-02 -7.650105030e-05 1.924531450e-06 2.584436750e-04
3.452554000e-01 -5.779949490e-02 -2.587942000e-06 1.373030840e-02 -5.772667560e-02 -4.520877640e-06 1.346412750e-02 -7.281924440e-05 1.932935650e-06 2.661808890e-04
3.458386000e-01 -2.656469270e-02 -1.047472360e-05 -2.723995020e-03 -2.649690860e-02 -1.241274210e-05 -2.983761280e-03 -6.778412040e-05 1.938018500e-06 2.597662550e-04
3.464218000e-01 -8.179496260e-02 -2.587541340e-05 1.855793700e-02 -8.172414700e-02 -2.781477850e-05 1.829477920e-02 -7.081555030e-05 1.939365140e-06 2.631578090e-04
3.469867000e-01 -1.155181200e-01 -4.236193400e-06 3.105482080e-02 -1.154401480e-01 -6.188305850e-06 3.078590620e-02 -7.797227120e-05 1.952112450e-06 2.689146090e-04
3.475517000e-01 -7.324745430e-02 -6.684739060e-07 1.932069500e-02 -7.317302150e-02 -2.637089750e-06 1.903985320e-02 -7.443279190e-05 1.968615850e-06 2.808417680e-04
3.481166000e-01 -7.210929290e-02 -1.284633850e-06 1.945609220e-02 -7.203847650e-02 -3.271510940e-06 1.916317820e-02 -7.081639110e-05 1.986877090e-06 2.929140440e-04
3.486816000e-01 -9.620133700e-02 -5.087951280e-06 2.084291550e-02 -9.612409080e-02 -7.093148590e-06 2.055506950e-02 -7.724625720e-05 2.005197310e-06 2.878460120e-04
3.492465000e-01 -8.949244570e-02 -4.691826530e-06 2.042262920e-02 -8.941225860e-02 -6.717557490e-06 2.013411800e-02 -8.018705300e-05 2.025730960e-06 2.885111870e-04
3.497913000e-01 -7.383070040e-02 -3.981268730e-06 2.100962910e-02 -7.375608140e-02 -6.025929100e-06 2.070605900e-02 -7.461898720e-05 2.044660370e-06 3.035700860e-04
3.503360000e-01 -8.439255080e-02 -1.063908160e-06 2.177026410e-02 -8.431777910e-02 -3.128945520e-06 2.145882420e-02 -7.477174820e-05 2.065037350e-06 3.114398710e-04
3.508808000e-01 -1.185991060e-01 -6.219824330e-06 3.125293570e-02 -1.185172510e-01 -8.303237270e-06 3.093834130e-02 -8.185486900e-05 2.083412940e-06 3.145944670e-04
3.514256000e-01 -8.386191030e-02 -3.558323110e-06 2.023732620e-02 -8.378091020e-02 -5.662973590e-06 1.991850830e-02 -8.100010640e-05 2.104650480e-06 3.188179280e-04
3.519703000e-01 -4.829370560e-02 -3.032447780e-06 8.057414300e-03 -4.821878430e-02 -5.159519610e-06 7.734676080e-03 -7.492132620e-05 2.127071820e-06 3.227382200e-04
3.525151000e-01 -9.737418980e-02 -5.664656820e-06 2.515671220e-02 -9.729587190e-02 -7.813724370e-06 2.482921210e-02 -7.831790000e-05 2.149067550e-06 3.275000530e-04
3.530599000e-01 -1.219832550e-01 -4.501933470e-05 3.308195140e-02 -1.218985550e-01 -4.717458240e-05 3.274979770e-02 -8.469963830e-05 2.155247680e-06 3.321536880e-04
3.535799000e-01 -7.369899410e-02 -3.012320040e-06 1.653371970e-02 -7.361750650e-02 -5.193419860e-06 1.619775410e-02 -8.148761270e-05 2.181099820e-06 3.359655880e-04
3.540999000e-01 -6.632607850e-02 -1.180174630e-05 1.378861840e-02 -6.624821450e-02 -1.400657080e-05 1.344902680e-02 -7.786405410e-05 2.204824510e-06 3.395915790e-04
3.546199000e-01 -6.981051600e-02 -7.361205040e-06 1.495679100e-02 -6.973518540e-02 -9.592521270e-06 1.461362680e-02 -7.533060230e-05 2.231316230e-06 3.431641340e-04
3.551399000e-01 -7.058284920e-02 -8.521421200e-06 1.510681610e-02 -7.050988670e-02 -1.077915120e-05 1.476015030e-02 -7.296248690e-05 2.257729950e-06 3.466657830e-04
3.556599000e-01 -1.338534100e-01 -3.735048730e-06 4.012966960e-02 -1.337746970e-01 -6.019932330e-06 3.977127660e-02 -7.871263550e-05 2.284883600e-06 3.583929480e-04
3.561799000e-01 -1.337908100e-01 -1.236965700e-05 3.999408850e-02 -1.337075070e-01 -1.467802140e-05 3.962508160e-02 -8.330366950e-05 2.308364400e-06 3.690069110e-04
3.566999000e-01 -5.213799280e-02 -4.727132040e-05 5.325014470e-03 -5.205935840e-02 -4.959046620e-05 4.961722890e-03 -7.863448840e-05 2.319145730e-06 3.632915840e-04
3.572199000e-01 -6.123511250e-02 -1.538560940e-05 8.912232980e-03 -6.115904000e-02 -1.772974100e-05 8.551932000e-03 -7.607255380e-05 2.344131640e-06 3.603009760e-04
3.577399000e-01 -1.446344270e-01 -1.856800610e-05 4.392769440e-02 -1.445516670e-01 -2.094031520e-05 4.355454240e-02 -8.275930080e-05 2.372309160e-06 3.731519810e-04
3.582599000e-01 -1.323572090e-01 -1.735648410e-05 3.906750930e-02 -1.322706440e-01 -1.975937900e-05 3.868460840e-02 -8.656581610e-05 2.402894840e-06 3.829009390e-04
3.587799000e-01 -6.851724250e-02 -1.519848080e-05 1.412563810e-02 -6.843575550e-02 -1.763262920e-05 1.374082380e-02 -8.148702800e-05 2.434148370e-06 3.848142650e-04
3.592999000e-01 -8.459051070e-02 -1.591469520e-05 1.980437800e-02 -8.451067300e-02 -1.837909290e-05 1.941641110e-02 -7.983764940e-05 2.464397720e-06 3.879669010e-04
3.598200000e-01 -1.317358120e-01 -1.394529030e-05 3.575064380e-02 -1.316492670e-01 -1.643977610e-05 3.535919750e-02 -8.654473360e-05 2.494485770e-06 3.914463220e-04
3.603400000e-01 -1.160192050e-01 -1.765200870e-05 3.021926870e-02 -1.159299210e-01 -2.017364390e-05 2.982462280e-02 -8.928377060e-05 2.521635250e-06 3.946459030e-04
3.608600000e-01 -7.665551290e-02 -2.498673880e-05 1.689617840e-02 -7.657046380e-02 -2.753349380e-05 1.649845700e-02 -8.504906880e-05 2.546755040e-06 3.977214370e-04
3.613800000e-01 -8.530269580e-02 -1.975101420e-05 1.996826250e-02 -8.521987740e-02 -2.232404970e-05 1.956730190e-02 -8.281840910e-05 2.573035470e-06 4.009606210e-04
3.619000000e-01 -7.802187240e-02 -1.774968790e-05 1.732155320e-02 -7.794231740e-02 -2.035042280e-05 1.691749020e-02 -7.955494330e-05 2.600734920e-06 4.040629490e-04
3.624200000e-01 -9.784499630e-02 -1.900435210e-05 2.406679080e-02 -9.776517820e-02 -2.163272650e-05 2.365947040e-02 -7.981808110e-05 2.628374370e-06 4.073203980e-04
3.629400000e-01 -1.397876750e-01 -3.248933180e-05 3.769407220e-02 -1.397004140e-01 -3.514094570e-05 3.728468240e-02 -8.726102550e-05 2.651613870e-06 4.093898190e-04
3.634600000e-01 -1.183131900e-01 -1.186417320e-05 3.180610710e-02 -1.182245050e-01 -1.454963250e-05 3.139144850e-02 -8.868457930e-05 2.685459270e-06 4.146586070e-04
3.639800000e-01 -1.042068240e-01 -2.129839390e-05 3.198943340e-02 -1.041229290e-01 -2.401300070e-05 3.155889960e-02 -8.389496230e-05 2.714606830e-06 4.305337310e-04
3.645000000e-01 -9.110802510e-02 -2.330688580e-05 1.972584310e-02 -9.102457360e-02 -2.605164070e-05 1.929816280e-02 -8.345150350e-05 2.744754890e-06 4.276802760e-04
3.650000000e-01 -8.034040160e-02 -2.349312180e-05 8.073424750e-03 -8.025378700e-02 -2.626983240e-05 7.664053800e-03 -8.661457160e-05 2.776710580e-06 4.093709430e-04
3.655000000e-01 -5.678169850e-02 -2.231857090e-05 -2.105221350e-03 -5.669446930e-02 -2.512885010e-05 -2.494083510e-03 -8.722917660e-05 2.810279210e-06 3.888621560e-04
3.660064000e-01 -2.170156120e-02 -2.477882860e-05 -1.951996920e-02 -2.161502660e-02 -2.762114640e-05 -1.987768970e-02 -8.653454770e-05 2.842317790e-06 3.577205420e-04
3.665195000e-01 -4.028523290e-02 -2.444592890e-05 -1.050179860e-02 -4.019784530e-02 -2.732001820e-05 -1.083624540e-02 -8.738759470e-05 2.874089310e-06 3.344468160e-04
3.670395000e-01 -5.337312930e-02 -2.613823510e-05 -3.399794480e-03 -5.328453120e-02 -2.904194550e-05 -3.717077840e-03 -8.859816240e-05 2.903710380e-06 3.172833550e-04
3.675595000e-01 -4.282391080e-02 -2.805329400e-05 -9.708841730e-03 -4.273397920e-02 -3.098590660e-05 -1.000284020e-02 -8.993159600e-05 2.932612540e-06 2.939984480e-04
3.680868000e-01 -3.788537720e-02 -3.117050860e-05 -1.313092320e-02 -3.779364190e-02 -3.413207090e-05 -1.339760100e-02 -9.173528890e-05 2.961562370e-06 2.666778250e-04
3.686218000e-01 -3.590717160e-02 -5.191935650e-05 -1.378158420e-02 -3.581369670e-02 -5.490362980e-05 -1.402221370e-02 -9.347490670e-05 2.984273340e-06 2.406294420e-04
3.691568000e-01 -2.294007340e-02 -3.099373590e-05 -1.916070220e-02 -2.284635950e-02 -3.400896380e-05 -1.937397310e-02 -9.371384250e-05 3.015227910e-06 2.132708650e-04
3.696999000e-01 -7.644945110e-02 -2.493514670e-05 1.838549150e-03 -7.634778140e-02 -2.798286690e-05 1.645830490e-03 -1.016697040e-04 3.047720250e-06 1.927186580e-04
3.702514000e-01 -1.164465380e-01 -3.096657000e-05 1.715053990e-02 -1.163321160e-01 -3.404319520e-05 1.697421850e-02 -1.144226640e-04 3.076625250e-06 1.763213560e-04
3.707944000e-01 5.601498270e-03 -3.156161360e-05 -3.103658160e-02 5.710682670e-03 -3.466743970e-05 -3.118009360e-02 -1.091844060e-04 3.105826170e-06 1.435120070e-04
3.713373000e-01 2.982643870e-02 -2.710848010e-05 -4.088477490e-02 2.992906660e-02 -3.024735300e-05 -4.099367190e-02 -1.026278260e-04 3.138872910e-06 1.088970460e-04
3.718803000e-01 -5.507445990e-02 -2.955083470e-05 -5.646641690e-03 -5.496723650e-02 -3.272188920e-05 -5.737904350e-03 -1.072234010e-04 3.171054550e-06 9.126266100e-05
3.724232000e-01 -5.916498480e-02 -3.460481960e-05 -3.991645980e-03 -5.905363600e-02 -3.780471250e-05 -4.065072400e-03 -1.113487680e-04 3.199892860e-06 7.342642000e-05
3.729662000e-01 -5.933453070e-02 -2.559160450e-05 -3.508286120e-03 -5.921981830e-02 -2.882365390e-05 -3.564936360e-03 -1.147123590e-04 3.232049450e-06 5.665023860e-05
3.735091000e-01 -5.235622680e-02 1.438294000e-05 -7.556165600e-03 -5.223828590e-02 1.110533640e-05 -7.592286120e-03 -1.179409710e-04 3.277603600e-06 3.612052100e-05
3.740520000e-01 -2.066149260e-02 -1.224663610e-04 -2.549402790e-02 -2.054047330e-02 -1.257366780e-04 -2.549364070e-02 -1.210192070e-04 3.270316990e-06 -3.871039240e-07
3.745950000e-01 -3.853912840e-02 -6.341042040e-05 -1.621798210e-02 -3.841436600e-02 -6.669822320e-05 -1.619096660e-02 -1.247624250e-04 3.287802790e-06 -2.701558670e-05
3.751379000e-01 -5.683869320e-02 -3.085951370e-05 -4.312651610e-03 -5.671148290e-02 -3.417906540e-05 -4.272614240e-03 -1.272103250e-04 3.319551660e-06 -4.003736230e-05
3.756712000e-01 -7.007994570e-02 -2.846531670e-05 -2.803615000e-03 -6.994572490e-02 -3.181620100e-05 -2.742842130e-03 -1.342208290e-04 3.350884300e-06 -6.077286540e-05
3.762044000e-01 -1.037040720e-01 4.687609940e-08 5.614653660e-03 -1.035554040e-01 -3.342778890e-06 5.702017640e-03 -1.486678080e-04 3.389654990e-06 -8.736397620e-05
3.767377000e-01 -4.294704410e-02 -1.363021770e-04 -1.214892710e-02 -4.279808860e-02 -1.396816600e-04 -1.204223380e-02 -1.489554420e-04 3.379483170e-06 -1.066932850e-04
3.772709000e-01 8.532010150e-03 -7.172557420e-05 -2.712463570e-02 8.671929130e-03 -7.511381620e-05 -2.700356010e-02 -1.399189750e-04 3.388242010e-06 -1.210755590e-04
3.778042000e-01 -7.045698740e-02 -5.940149000e-05 -4.177110170e-03 -7.030827680e-02 -6.279999110e-05 -4.034147910e-03 -1.487106310e-04 3.398501150e-06 -1.429622590e-04
3.783374000e-01 -1.082021330e-01 -5.470752480e-05 6.224785380e-03 -1.080381170e-01 -5.811669330e-05 6.392183920e-03 -1.640162440e-04 3.409168500e-06 -1.673985450e-04
3.788602000e-01 -1.193141160e-02 -5.121895010e-05 -2.564914770e-02 -1.177071640e-02 -5.463998110e-05 -2.545861290e-02 -1.606952420e-04 3.421031030e-06 -1.905347950e-04
3.793937000e-01 1.612088850e-02 -4.987079030e-05 -3.500979430e-02 1.627502770e-02 -5.330289450e-05 -3.479595700e-02 -1.541391870e-04 3.432104240e-06 -2.138373480e-04
3.799272000e-01 -1.006174450e-01 -4.268534360e-05 7.393348580e-03 -1.004506900e-01 -4.612947470e-05 7.622639950e-03 -1.667553650e-04 3.444131030e-06 -2.292913700e-04
3.804606000e-01 -1.133261200e-01 -3.524284800e-05 1.191190410e-02 -1.131465520e-01 -3.870122010e-05 1.215634800e-02 -1.795687280e-04 3.458372120e-06 -2.444439020e-04
3.809827000e-01 -4.515773800e-02 -4.286579780e-05 -1.453328650e-02 -4.497591740e-02 -4.633488860e-05 -1.426618150e-02 -1.818205790e-04 3.469090850e-06 -2.671049630e-04
3.815049000e-01 -3.938990350e-02 -4.101634100e-05 -1.500751040e-02 -3.920556900e-02 -4.449636590e-05 -1.471898550e-02 -1.843345340e-04 3.480024850e-06 -2.885249020e-04
3.820270000e-01 -4.185010640e-02 -4.034124940e-05 -1.363818970e-02 -4.166224920e-02 -4.383065470e-05 -1.332798020e-02 -1.878572030e-04 3.489405320e-06 -3.102095200e-04
3.825491000e-01 -4.643207720e-02 -3.672695300e-05 -1.249338830e-02 -4.624031610e-02 -4.022666270e-05 -1.216255130e-02 -1.917610970e-04 3.499709700e-06 -3.308369680e-04
3.830712000e-01 -5.766615450e-02 -9.043481090e-05 -6.124818130e-03 -5.747123350e-02 -9.392435540e-05 -5.781676350e-03 -1.949210560e-04 3.489544500e-06 -3.431417790e-04
3.835933000e-01 -6.455455500e-02 -4.867231100e-05 -4.857970110e-03 -6.435487990e-02 -5.216591140e-05 -4.499967430e-03 -1.996751150e-04 3.493600400e-06 -3.580026820e-04
3.841154000e-01 -1.028049940e-01 -2.341520050e-06 4.133807170e-03 -1.025913890e-01 -5.855646570e-06 4.515096700e-03 -2.136055620e-04 3.514126520e-06 -3.812895280e-04
3.846375000e-01 -8.106864120e-02 -4.138596110e-05 -2.364301290e-03 -8.084705920e-02 -4.490245130e-05 -1.963025220e-03 -2.215819810e-04 3.516490170e-06 -4.012760720e-04
3.851597000e-01 -2.081330910e-03 -5.056423550e-05 -2.526246180e-02 -1.867993470e-03 -5.407670570e-05 -2.484944500e-02 -2.133374410e-04 3.512470210e-06 -4.130168170e-04
3.856818000e-01 -4.049057150e-02 -2.688739200e-05 -1.398236570e-02 -4.027591710e-02 -3.040311570e-05 -1.355383560e-02 -2.146544640e-04 3.515723700e-06 -4.285300550e-04
3.862039000e-01 -1.077949570e-01 -3.360287140e-05 4.530420890e-03 -1.075646180e-01 -3.711698390e-05 4.982318620e-03 -2.303391600e-04 3.514112490e-06 -4.518977340e-04
3.867260000e-01 -8.442034580e-02 -2.613275460e-05 -1.454058430e-03 -8.418171980e-02 -2.964639040e-05 -9.838447230e-04 -2.386260280e-04 3.513635860e-06 -4.702137060e-04
3.872481000e-01 -5.822891920e-02 5.387060610e-06 -6.101652700e-03 -5.798871230e-02 1.862207840e-06 -5.621060150e-03 -2.402068940e-04 3.524852770e-06 -4.805925590e-04
3.877702000e-01 -6.140213090e-02 -2.197507560e-05 -7.821848470e-03 -6.115795500e-02 -2.549975930e-05 -7.324946040e-03 -2.441758750e-04 3.524683700e-06 -4.969024260e-04
3.882923000e-01 -3.687391870e-02 -2.867460460e-05 -2.017216230e-02 -3.662692670e-02 -3.219546580e-05 -1.965145440e-02 -2.469920390e-04 3.520861200e-06 -5.207078940e-04
3.888145000e-01 -7.292863610e-02 -3.735019050e-05 -6.128987370e-03 -7.267410150e-02 -4.086186020e-05 -5.591454840e-03 -2.545346360e-04 3.511669700e-06 -5.375325320e-04
3.893366000e-01 -1.334596820e-01 -2.234804110e-05 1.850726880e-02 -1.331904390e-01 -2.585388900e-05 1.905414200e-02 -2.692426520e-04 3.505847850e-06 -5.468731420e-04
3.898587000e-01 -5.013771070e-02 -2.333796960e-05 -1.303137250e-02 -4.986674860e-02 -2.683433390e-05 -1.246686270e-02 -2.709621630e-04 3.496364300e-06 -5.645098180e-04
3.903808000e-01 2.460991850e-02 -2.329692230e-05 -4.078680220e-02 2.487246150e-02 -2.678122830e-05 -4.019872170e-02 -2.625429760e-04 3.484306040e-06 -5.880804730e-04
3.909029000e-01 -7.344312240e-02 -1.263467250e-05 -4.689083130e-03 -7.317308380e-02 -1.611263140e-05 -4.086482010e-03 -2.700385970e-04 3.477958880e-06 -6.026011210e-04
3.914250000e-01 -1.196371980e-01 -1.136798490e-04 1.304664110e-02 -1.193540360e-01 -1.171077050e-04 1.365972230e-02 -2.831621850e-04 3.427855360e-06 -6.130811990e-04
3.919471000e-01 -1.090378450e-01 2.902724600e-04 8.017035050e-03 -1.087442650e-01 2.867494450e-04 8.643214470e-03 -2.935797580e-04 3.523014720e-06 -6.261794230e-04
3.924492000e-01 -1.224259680e-01 -4.890887490e-05 1.280859450e-02 -1.221209440e-01 -5.240448230e-05 1.344665000e-02 -3.050242470e-04 3.495607340e-06 -6.380554890e-04
3.929512000e-01 -6.991456160e-02 2.280315670e-04 -6.852883110e-03 -6.960580700e-02 2.244594460e-04 -6.197766860e-03 -3.087546520e-04 3.572121540e-06 -6.551162510e-04
3.934532000e-01 -3.904850440e-02 -7.530410710e-05 -1.762392560e-02 -3.873884370e-02 -7.884231440e-05 -1.694917830e-02 -3.096607080e-04 3.538207310e-06 -6.747473550e-04
3.939553000e-01 -6.988809980e-02 2.430189240e-06 -6.548027060e-03 -6.957431010e-02 -1.103673610e-06 -5.859794240e-03 -3.137896870e-04 3.533862850e-06 -6.882328210e-04
3.944573000e-01 -7.647225080e-02 -5.417529750e-05 -2.817348130e-03 -7.615400230e-02 -5.768687000e-05 -2.118805780e-03 -3.182485310e-04 3.511572500e-06 -6.985423580e-04
3.949593000e-01 -5.669881390e-02 -3.499643760e-06 -1.138686940e-02 -5.637723840e-02 -7.001843430e-06 -1.067200860e-02 -3.215754600e-04 3.502199670e-06 -7.148608450e-04
3.954614000e-01 -3.734900950e-02 1.638582560e-04 -2.150060750e-02 -3.702569870e-02 1.603071010e-04 -2.076445260e-02 -3.233107150e-04 3.551155530e-06 -7.361549380e-04
3.959634000e-01 -1.038023390e-01 -1.262664410e-04 6.488642740e-03 -1.034700140e-01 -1.297571310e-04 7.233556880e-03 -3.323247870e-04 3.490690430e-06 -7.449141480e-04
3.964654000e-01 -1.397438850e-01 -1.983898630e-05 2.200503670e-02 -1.393998800e-01 -2.330625340e-05 2.275134760e-02 -3.440056920e-04 3.467267160e-06 -7.463108680e-04
3.969675000e-01 -1.075348030e-01 -1.653167600e-05 6.035688790e-03 -1.071819080e-01 -1.997154640e-05 6.796407330e-03 -3.528946250e-04 3.439870430e-06 -7.607185360e-04
3.974695000e-01 -1.072120900e-01 -1.013578670e-05 3.284995900e-03 -1.068480640e-01 -1.355084160e-05 4.066140950e-03 -3.640259610e-04 3.415054980e-06 -7.811450510e-04
3.979715000e-01 -5.170915720e-02 -6.687602560e-06 -1.076566350e-02 -5.134537540e-02 -1.007968470e-05 -9.971373780e-03 -3.637817890e-04 3.392082160e-06 -7.942897430e-04
3.984736000e-01 3.724656280e-03 -3.366004990e-05 -2.765312390e-02 4.078501760e-03 -3.701882860e-05 -2.684917610e-02 -3.538454810e-04 3.358778700e-06 -8.039477510e-04
3.989756000e-01 -9.878342970e-02 -9.372385140e-06 2.826676960e-03 -9.841915220e-02 -1.270686070e-05 3.645208110e-03 -3.642774640e-04 3.334475570e-06 -8.185311570e-04
3.994776000e-01 -1.724476080e-01 -5.236566300e-05 2.395387180e-02 -1.720608210e-01 -5.565891630e-05 2.479204690e-02 -3.867868980e-04 3.293253240e-06 -8.381750860e-04
3.999797000e-01 -1.082798500e-01 6.671307360e-05 7.271293230e-03 -1.078864770e-01 6.341560890e-05 8.119167370e-03 -3.933732470e-04 3.297464690e-06 -8.478741350e-04
4.004817000e-01 -8.600022210e-02 1.118816850e-05 5.199892980e-03 -8.560661460e-02 7.908498800e-06 6.048567040e-03 -3.936075160e-04 3.279669750e-06 -8.486740590e-04
4.009837000e-01 -6.640898710e-02 5.424228830e-06 -9.306458650e-03 -6.601285750e-02 2.164921360e-06 -8.444181070e-03 -3.961296570e-04 3.259307470e-06 -8.622775830e-04
4.014858000e-01 -3.577124230e-02 8.001737590e-05 -2.255719240e-02 -3.537468620e-02 7.674859230e-05 -2.167281950e-02 -3.965561250e-04 3.268783540e-06 -8.843729330e-04
4.019878000e-01 -9.988116730e-02 2.935185890e-05 4.135337610e-03 -9.947727690e-02 2.609158920e-05 5.029372000e-03 -4.038903800e-04 3.260269700e-06 -8.940343900e-04
4.024898000e-01 -1.528685790e-01 -1.085683000e-04 2.567494730e-02 -1.524529340e-01 -1.117712300e-04 2.656937490e-02 -4.156442100e-04 3.202930870e-06 -8.944276220e-04
4.029919000e-01 -1.125520880e-01 1.062010640e-04 8.220256010e-03 -1.121284110e-01 1.029757910e-04 9.126673790e-03 -4.236773040e-04 3.225272820e-06 -9.064177780e-04
4.034939000e-01 -1.010857230e-01 8.480361040e-05 -4.930784090e-04 -1.006532300e-01 8.156471100e-05 4.347845330e-04 -4.324930160e-04 3.238899390e-06 -9.278629420e-04
4.039959000e-01 -9.473129250e-02 3.549680570e-05 1.858250340e-03 -9.429399630e-02 3.226185600e-05 2.796565320e-03 -4.372961660e-04 3.234949700e-06 -9.383149770e-04
4.044980000e-01 -8.860728740e-02 -5.751922730e-06 4.704871990e-03 -8.816971090e-02 -8.967247570e-06 5.643863780e-03 -4.375765140e-04 3.215324840e-06 -9.389917850e-04
4.050000000e-01 -1.017779620e-01 -1.366002050e-05 2.177704110e-03 -1.013342940e-01 -1.685284440e-05 3.128610270e-03 -4.436687310e-04 3.192823890e-06 -9.509061660e-04
4.054880000e-01 -1.146456070e-01 -4.382879630e-06 1.351864070e-03 -1.141911360e-01 -7.556097250e-06 2.324048590e-03 -4.544713020e-04 3.173217620e-06 -9.721845160e-04
4.059759000e-01 -1.061621160e-01 4.952230480e-05 4.549476080e-03 -1.057021380e-01 4.634925290e-05 5.532496750e-03 -4.599784500e-04 3.173051890e-06 -9.830206730e-04
4.064639000e-01 -8.724834250e-02 -3.650766040e-05 2.697015340e-03 -8.678827710e-02 -3.965160680e-05 3.681937310e-03 -4.600654340e-04 3.143946380e-06 -9.849219700e-04
4.069518000e-01 -1.022464440e-01 5.943137100e-05 5.344479060e-03 -1.017818700e-01 5.627996170e-05 6.336570410e-03 -4.645735770e-04 3.151409350e-06 -9.920913480e-04
4.074398000e-01 -1.222310140e-01 -5.879809390e-05 1.212615280e-02 -1.217577640e-01 -6.191079300e-05 1.312853400e-02 -4.732501160e-04 3.112699150e-06 -1.002381140e-03
4.079277000e-01 -1.163295220e-01 -1.572308510e-05 1.310298930e-02 -1.158493230e-01 -1.881457890e-05 1.411429100e-02 -4.801989970e-04 3.091493810e-06 -1.011301770e-03
4.084094000e-01 -1.145612560e-01 3.331747800e-06 1.014523260e-02 -1.140736910e-01 2.535793620e-07 1.116715610e-02 -4.875649730e-04 3.078168440e-06 -1.021923460e-03
4.088911000e-01 -1.212309220e-01 6.171005790e-07 1.108881120e-02 -1.207361930e-01 -2.447272140e-06 1.212086150e-02 -4.947283900e-04 3.064372720e-06 -1.032050210e-03
4.093728000e-01 -1.243557500e-01 -6.242409530e-06 1.126213460e-02 -1.238538560e-01 -9.290302290e-06 1.230346380e-02 -5.018936950e-04 3.047892760e-06 -1.041329180e-03
4.098545000e-01 -1.145180970e-01 -1.137699060e-05 7.844352150e-03 -1.140100710e-01 -1.440745340e-05 8.895511600e-03 -5.080259510e-04 3.030462800e-06 -1.051159450e-03
4.103362000e-01 -6.501160620e-02 -1.519716140e-05 -8.998179530e-03 -6.450469790e-02 -1.820936490e-05 -7.934989520e-03 -5.069083100e-04 3.012203510e-06 -1.063190010e-03
4.108179000e-01 -7.999616790e-02 -4.059300500e-05 -2.902147220e-03 -7.948836130e-02 -4.357756110e-05 -1.828134870e-03 -5.078065980e-04 2.984556170e-06 -1.074012350e-03
4.112996000e-01 -1.823112510e-01 -6.614635860e-05 3.375682420e-02 -1.817882630e-01 -6.909660570e-05 3.483273870e-02 -5.229881680e-04 2.950247100e-06 -1.075914510e-03
4.117813000e-01 -1.869641940e-01 -8.399563490e-05 3.578594570e-02 -1.864269210e-01 -8.690162160e-05 3.686375620e-02 -5.372724120e-04 2.905986750e-06 -1.077810540e-03
4.122562000e-01 -7.984736790e-02 -4.156498210e-05 -3.903023900e-03 -7.931101420e-02 -4.444394710e-05 -2.813469830e-03 -5.363536790e-04 2.878965050e-06 -1.089554070e-03
4.127311000e-01 -6.398360030e-02 8.711235220e-06 -9.366579040e-03 -6.344922140e-02 5.838320750e-06 -8.263874490e-03 -5.343788980e-04 2.872914470e-06 -1.102704550e-03
4.132060000e-01 -1.285714090e-01 -5.034441840e-05 1.501954240e-02 -1.280306620e-01 -5.318879010e-05 1.612637510e-02 -5.407467960e-04 2.844371690e-06 -1.106832680e-03
4.136809000e-01 -1.617151490e-01 1.213165900e-04 2.734693370e-02 -1.611654480e-01 1.184467110e-04 2.845406980e-02 -5.497011210e-04 2.869878520e-06 -1.107136130e-03
4.141558000e-01 -1.058221210e-01 3.430294670e-05 5.732415860e-03 -1.052703760e-01 3.143297900e-05 6.848401720e-03 -5.517448900e-04 2.869967690e-06 -1.115985860e-03
4.146307000e-01 -5.889052560e-02 9.074421940e-06 -1.028288960e-02 -5.834200970e-02 6.211804140e-06 -9.154183030e-03 -5.485159130e-04 2.862617800e-06 -1.128706520e-03
4.151057000e-01 -1.256426210e-01 -1.056592380e-05 1.109730330e-02 -1.250865710e-01 -1.341441060e-05 1.223545880e-02 -5.560503030e-04 2.848486780e-06 -1.138155530e-03
4.155806000e-01 -1.870032190e-01 -6.270901200e-06 3.052192940e-02 -1.864312160e-01 -9.109073390e-06 3.166901480e-02 -5.720024970e-04 2.838172200e-06 -1.147085370e-03
4.160555000e-01 -1.585737390e-01 -6.592329380e-06 2.265412450e-02 -1.579925720e-01 -9.421394400e-06 2.380864160e-02 -5.811669460e-04 2.829065020e-06 -1.154517130e-03
4.165304000e-01 -1.435152550e-01 -5.403524440e-05 1.992634420e-02 -1.429283240e-01 -5.683851930e-05 2.108472910e-02 -5.869302440e-04 2.803274920e-06 -1.158384890e-03
4.170053000e-01 -1.359417020e-01 -4.439214600e-05 1.685436320e-02 -1.353502520e-01 -4.717305790e-05 1.801728740e-02 -5.914493810e-04 2.780911880e-06 -1.162924200e-03
4.174802000e-01 -7.344940730e-02 8.997368030e-06 -2.688588330e-03 -7.286255570e-02 6.220368840e-06 -1.522625660e-03 -5.868515370e-04 2.776999180e-06 -1.165962670e-03
4.179551000e-01 -1.010161340e-01 -1.662908960e-05 5.306520810e-03 -1.004288030e-01 -1.939306760e-05 6.476882330e-03 -5.873302290e-04 2.763977960e-06 -1.170361520e-03
4.184300000e-01 -1.872255970e-01 -2.526623080e-05 2.860666350e-02 -1.866220870e-01 -2.801337990e-05 2.978904210e-02 -6.035103040e-04 2.747149120e-06 -1.182378680e-03
4.189050000e-01 -1.801591120e-01 2.673843850e-05 2.635323010e-02 -1.795424120e-01 2.399157100e-05 2.754676210e-02 -6.166995190e-04 2.746867450e-06 -1.193532030e-03
4.193715000e-01 -9.549671540e-02 1.787937340e-04 5.349959840e-03 -9.488325260e-02 1.759889500e-04 6.546344600e-03 -6.134627980e-04 2.804783570e-06 -1.196384760e-03
4.198381000e-01 -8.753750920e-02 3.630805360e-05 4.145532890e-03 -8.692758020e-02 3.349445230e-05 5.343954140e-03 -6.099289980e-04 2.813601330e-06 -1.198421250e-03
4.203133000e-01 -1.411327260e-01 -8.645444490e-05 1.904880770e-02 -1.405168550e-01 -8.923229330e-05 2.025130270e-02 -6.158711810e-04 2.777848450e-06 -1.202495040e-03
4.207886000e-01 -1.485078240e-01 -9.056229460e-06 2.075322260e-02 -1.478856200e-01 -1.182581750e-05 2.196073830e-02 -6.222037850e-04 2.769588000e-06 -1.207515690e-03
4.212638000e-01 -1.788245580e-01 -1.492587640e-05 3.052641730e-02 -1.781923430e-01 -1.768654440e-05 3.173727610e-02 -6.322151050e-04 2.760667990e-06 -1.210858790e-03
4.217299000e-01 -2.034350870e-01 -4.310462930e-05 3.806919120e-02 -2.027904940e-01 -4.584329720e-05 3.928099170e-02 -6.445926960e-04 2.738667870e-06 -1.211800580e-03
4.221959000e-01 -1.583843260e-01 -6.376464410e-06 2.232858990e-02 -1.577335270e-01 -9.108665040e-06 2.354751460e-02 -6.507989330e-04 2.732200630e-06 -1.218924670e-03
4.226620000e-01 -1.347234320e-01 1.539591920e-05 8.023817280e-03 -1.340673640e-01 1.266105890e-05 9.258839760e-03 -6.560676410e-04 2.734860320e-06 -1.235022480e-03
4.231281000e-01 -1.329398740e-01 -3.049838080e-06 1.355967120e-02 -1.322811130e-01 -5.779447600e-06 1.480038910e-02 -6.587608940e-04 2.729609520e-06 -1.240717840e-03
4.235942000e-01 -9.704323580e-02 -1.421307900e-04 1.585206390e-02 -9.639087030e-02 -1.448146030e-04 1.708312670e-02 -6.523655450e-04 2.683812770e-06 -1.231062790e-03
4.240603000e-01 -1.243398190e-01 3.954124910e-04 1.519997730e-02 -1.236868300e-01 3.926023080e-04 1.643055440e-02 -6.529897930e-04 2.810182730e-06 -1.230577080e-03
4.245367000e-01 -1.905489660e-01 2.211605340e-05 2.621848710e-02 -1.898807430e-01 1.930654100e-05 2.746385290e-02 -6.682220960e-04 2.809512410e-06 -1.245365790e-03
4.250026000e-01 -1.852807050e-01 2.756406850e-05 2.715628990e-02 -1.846012700e-01 2.475076390e-05 2.841244620e-02 -6.794352760e-04 2.813304650e-06 -1.256156200e-03
4.254684000e-01 -1.494946150e-01 4.353682650e-05 2.372816270e-02 -1.488132270e-01 4.071240050e-05 2.497999540e-02 -6.813887220e-04 2.824426070e-06 -1.251832710e-03
4.259343000e-01 -1.494467240e-01 8.270262220e-06 2.491442710e-02 -1.487631820e-01 5.448018680e-06 2.616175180e-02 -6.835416910e-04 2.822243550e-06 -1.247324660e-03
4.264001000e-01 -1.572080310e-01 -3.310817170e-06 2.283633450e-02 -1.565200630e-01 -6.125976690e-06 2.408795530e-02 -6.879681200e-04 2.815159520e-06 -1.251620780e-03
4.268660000e-01 -1.568421760e-01 -5.748277790e-05 2.337972430e-02 -1.561493570e-01 -6.027678230e-05 2.463561720e-02 -6.928189160e-04 2.794004430e-06 -1.255892870e-03
4.273318000e-01 -1.448713400e-01 -2.222070570e-05 1.701207610e-02 -1.441748080e-01 -2.500383380e-05 1.827576840e-02 -6.965327770e-04 2.783128150e-06 -1.263692290e-03
4.277977000e-01 -1.230426690e-01 -1.439639670e-04 8.360492520e-03 -1.223437990e-01 -1.466958500e-04 9.635869290e-03 -6.988695960e-04 2.731883500e-06 -1.275376770e-03
4.282635000e-01 -1.504702710e-01 -1.980306950e-05 2.096159780e-02 -1.497673480e-01 -2.252421830e-05 2.223958220e-02 -7.029222950e-04 2.721148780e-06 -1.277984330e-03
4.287294000e-01 -1.636455640e-01 -4.069851610e-04 2.792677700e-02 -1.629386980e-01 -4.095730770e-04 2.920146960e-02 -7.068665820e-04 2.587916350e-06 -1.274692570e-03
4.291952000e-01 -1.746851420e-01 1.688923650e-04 2.933606850e-02 -1.739725740e-01 1.662456650e-04 3.060942370e-02 -7.125684940e-04 2.646700760e-06 -1.273355170e-03
4.296611000e-01 -2.301108960e-01 1.400691130e-04 4.825970370e-02 -2.293864450e-01 1.373760910e-04 4.952774330e-02 -7.244516650e-04 2.693022730e-06 -1.268039610e-03
4.301269000e-01 -2.012791890e-01 -1.951644920e-04 3.963919480e-02 -2.005478100e-01 -1.977939240e-04 4.090598170e-02 -7.313791180e-04 2.629431650e-06 -1.266786830e-03
4.305928000e-01 -6.887607820e-02 -1.119387760e-04 -6.569809930e-03 -6.815174900e-02 -1.145295170e-04 -5.288757040e-03 -7.243292590e-04 2.590741120e-06 -1.281052890e-03
4.310586000e-01 -8.933921130e-02 -1.144821060e-04 -6.539133460e-04 -8.861799320e-02 -1.170352360e-04 6.381307360e-04 -7.212180820e-04 2.553130840e-06 -1.292044080e-03
4.315245000e-01 -2.059359410e-01 -4.379458620e-05 4.020235750e-02 -2.052040010e-01 -4.633762780e-05 4.148983270e-02 -7.319392890e-04 2.543041610e-06 -1.287475180e-03
4.319903000e-01 -2.212903350e-01 -3.643712200e-05 4.381056420e-02 -2.205478250e-01 -3.897116750e-05 4.509394400e-02 -7.425095030e-04 2.534045500e-06 -1.283379780e-03
4.324562000e-01 -1.716983030e-01 -8.540994140e-05 2.878501520e-02 -1.709528350e-01 -8.791790660e-05 3.006737550e-02 -7.454687270e-04 2.507965170e-06 -1.282360330e-03
4.329220000e-01 -1.638643980e-01 1.805585300e-05 2.706792000e-02 -1.631175240e-01 1.553492150e-05 2.834875290e-02 -7.468733670e-04 2.520931450e-06 -1.280832900e-03
4.333879000e-01 -1.958297230e-01 1.686788000e-04 3.314095680e-02 -1.950754710e-01 1.660959760e-04 3.442413930e-02 -7.542516740e-04 2.582824310e-06 -1.283182490e-03
4.338537000e-01 -2.231209030e-01 3.409475450e-05 3.775462920e-02 -2.223549160e-01 3.149325950e-05 3.904313650e-02 -7.659866080e-04 2.601494950e-06 -1.288507230e-03
4.343196000e-01 -1.756697570e-01 9.338758830e-05 2.765995960e-02 -1.749013080e-01 9.074869900e-05 2.894976510e-02 -7.684488850e-04 2.638889300e-06 -1.289805480e-03
4.347854000e-01 -1.123365320e-01 -5.159852210e-05 1.265329910e-02 -1.115755500e-01 -5.422989430e-05 1.394055430e-02 -7.609820760e-04 2.631372130e-06 -1.287255170e-03
4.352513000e-01 -1.452943330e-01 1.242301890e-05 1.863876950e-02 -1.445326200e-01 9.780783650e-06 1.992648110e-02 -7.617131470e-04 2.642235270e-06 -1.287711600e-03
4.357171000e-01 -2.185949970e-01 -3.071537280e-05 3.799942560e-02 -2.178213530e-01 -3.335635840e-05 3.929173460e-02 -7.736440970e-04 2.640985550e-06 -1.292309010e-03
4.361830000e-01 -2.018319210e-01 1.259592740e-05 3.459340930e-02 -2.010507090e-01 9.940637950e-06 3.588860260e-02 -7.812114770e-04 2.655289400e-06 -1.295193370e-03
4.366488000e-01 -1.667243830e-01 -9.189251120e-05 2.957408300e-02 -1.659422610e-01 -9.453003390e-05 3.086694340e-02 -7.821213110e-04 2.637522740e-06 -1.292860330e-03
4.371147000e-01 -1.746952700e-01 3.045448360e-05 2.865949490e-02 -1.739110080e-01 2.779125820e-05 2.995134060e-02 -7.842619330e-04 2.663225440e-06 -1.291845690e-03
4.375805000e-01 -2.228089670e-01 1.654117770e-05 4.361494230e-02 -2.220161380e-01 1.385511090e-05 4.490404930e-02 -7.928290650e-04 2.686066790e-06 -1.289107030e-03
4.380464000e-01 -2.313320520e-01 -4.364431570e-05 4.440650400e-02 -2.305295280e-01 -4.633203250e-05 4.569314080e-02 -8.025242730e-04 2.687716770e-06 -1.286636780e-03
4.385122000e-01 -1.555319150e-01 -1.120074300e-04 2.168863570e-02 -1.547320800e-01 -1.146699160e-04 2.297507130e-02 -7.998350510e-04 2.662485750e-06 -1.286435510e-03
4.389781000e-01 -1.108681710e-01 -4.105177130e-05 1.072601560e-02 -1.100760730e-01 -4.371277710e-05 1.201163230e-02 -7.920983250e-04 2.661005850e-06 -1.285616730e-03
4.394439000e-01 -1.812328950e-01 -1.059215370e-04 2.914690830e-02 -1.804358720e-01 -1.085574460e-04 3.043440070e-02 -7.970232840e-04 2.635908390e-06 -1.287492330e-03
4.399098000e-01 -2.120678490e-01 5.042074910e-05 3.446571680e-02 -2.112612700e-01 4.776092260e-05 3.575943670e-02 -8.065791150e-04 2.659826450e-06 -1.293719890e-03
4.403756000e-01 -2.261787990e-01 2.757167620e-05 4.266336140e-02 -2.253641910e-01 2.489064030e-05 4.395583900e-02 -8.146079210e-04 2.681035930e-06 -1.292477540e-03
4.408415000e-01 -2.698162530e-01 -7.550020860e-05 5.846233160e-02 -2.689900230e-01 -7.816307900e-05 5.974526620e-02 -8.262297600e-04 2.662870370e-06 -1.282934660e-03
4.413073000e-01 -2.229092270e-01 -6.144091310e-05 4.262697060e-02 -2.220784140e-01 -6.409264490e-05 4.390522060e-02 -8.308125400e-04 2.651731830e-06 -1.278250030e-03
4.417732000e-01 -1.168284570e-01 -5.752871120e-05 1.282638760e-02 -1.160080000e-01 -6.017486760e-05 1.410394560e-02 -8.204568150e-04 2.646156330e-06 -1.277558040e-03
4.422390000e-01 -1.405817670e-01 -2.584644300e-05 1.661888530e-02 -1.397649820e-01 -2.849664760e-05 1.789573450e-02 -8.167853070e-04 2.650204650e-06 -1.276849210e-03
4.427049000e-01 -2.338822800e-01 -8.146454400e-05 4.411079500e-02 -2.330541320e-01 -8.410328190e-05 4.538725380e-02 -8.281482130e-04 2.638737890e-06 -1.276458750e-03
4.431707000e-01 -2.321228190e-01 -1.247337310e-04 4.298868400e-02 -2.312852110e-01 -1.273461210e-04 4.426500310e-02 -8.376081050e-04 2.612390430e-06 -1.276319110e-03
4.436366000e-01 -1.654350040e-01 -1.737469220e-04 2.574534900e-02 -1.645981990e-01 -1.763152550e-04 2.702013280e-02 -8.368049050e-04 2.568332380e-06 -1.274783790e-03
4.441024000e-01 -1.699985800e-01 -1.844043450e-04 2.833712600e-02 -1.691635500e-01 -1.869270960e-04 2.960924690e-02 -8.350300160e-04 2.522751140e-06 -1.272120850e-03
4.445683000e-01 -2.263384690e-01 -1.181988420e-04 4.110433340e-02 -2.254958930e-01 -1.207039060e-04 4.237567190e-02 -8.425760460e-04 2.505063620e-06 -1.271338460e-03
4.450341000e-01 -2.617453560e-01 5.090318670e-05 4.691384370e-02 -2.608907250e-01 4.834979060e-05 4.818663240e-02 -8.546312170e-04 2.553396140e-06 -1.272788670e-03
4.455000000e-01 -2.099625310e-01 -1.613771030e-04 3.694895210e-02 -2.091049570e-01 -1.639013310e-04 3.822077310e-02 -8.575741670e-04 2.524227990e-06 -1.271821010e-03
4.459655000e-01 -1.828365510e-01 -2.521011540e-04 2.907797720e-02 -1.819807420e-01 -2.545739160e-04 3.034839380e-02 -8.558090080e-04 2.472762670e-06 -1.270416600e-03
4.464365000e-01 -2.103906980e-01 -7.030042750e-05 3.660893320e-02 -2.095323820e-01 -7.277680070e-05 3.787656260e-02 -8.583161980e-04 2.476373220e-06 -1.267629410e-03
4.469075000e-01 -2.134823650e-01 -1.218973390e-04 3.934322780e-02 -2.126206000e-01 -1.243603160e-04 4.060506910e-02 -8.617643350e-04 2.462977200e-06 -1.261841250e-03
4.473785000e-01 -1.995383380e-01 -1.344927650e-04 3.622383650e-02 -1.986750520e-01 -1.369398480e-04 3.748000130e-02 -8.632851680e-04 2.447083460e-06 -1.256164870e-03
4.478495000e-01 -1.900715570e-01 -1.722037360e-04 3.517100290e-02 -1.892092060e-01 -1.746264850e-04 3.641893460e-02 -8.623510780e-04 2.422748850e-06 -1.247931680e-03
4.483205000e-01 -1.905916850e-01 -7.391764980e-05 3.952923990e-02 -1.897290700e-01 -7.636508080e-05 4.076931850e-02 -8.626149390e-04 2.447430950e-06 -1.240078640e-03
4.487915000e-01 -2.309446190e-01 -6.765521340e-05 4.547877170e-02 -2.300732060e-01 -7.012361590e-05 4.671912800e-02 -8.714127910e-04 2.468402430e-06 -1.240356290e-03
4.492625000e-01 -2.448949930e-01 -1.212350050e-04 4.612746500e-02 -2.440151190e-01 -1.237090910e-04 4.736822050e-02 -8.798744360e-04 2.474085710e-06 -1.240755410e-03
4.497275000e-01 -1.907981600e-01 -6.360069350e-05 3.160982060e-02 -1.899190000e-01 -6.610966440e-05 3.284961360e-02 -8.791608980e-04 2.508970930e-06 -1.239793020e-03
4.501925000e-01 -1.918077500e-01 -5.109415510e-05 3.282648170e-02 -1.909292390e-01 -5.364402240e-05 3.406515230e-02 -8.785110430e-04 2.549867270e-06 -1.238670620e-03
4.506576000e-01 -2.173994600e-01 -1.007459450e-04 4.037133770e-02 -2.165186980e-01 -1.033196510e-04 4.160492890e-02 -8.807622470e-04 2.573705100e-06 -1.233591200e-03
4.511226000e-01 -2.251640040e-01 -8.743069820e-05 4.238927830e-02 -2.242799710e-01 -9.003810390e-05 4.361757900e-02 -8.840322940e-04 2.607405730e-06 -1.228300660e-03
4.515876000e-01 -2.116754650e-01 -8.786620170e-05 3.964561860e-02 -2.107903160e-01 -9.050062510e-05 4.086804700e-02 -8.851495370e-04 2.634423410e-06 -1.222428410e-03
4.520527000e-01 -1.864642780e-01 -5.412756520e-05 3.512908120e-02 -1.855817990e-01 -5.680589140e-05 3.634356040e-02 -8.824791510e-04 2.678326230e-06 -1.214479190e-03
4.525177000e-01 -2.228202020e-01 -1.672421850e-04 3.606542020e-02 -2.219333890e-01 -1.699246600e-04 3.727610780e-02 -8.868134200e-04 2.682475240e-06 -1.210687650e-03
4.529827000e-01 -2.760055580e-01 -1.329563300e-04 5.787146720e-02 -2.751074840e-01 -1.356551180e-04 5.907734040e-02 -8.980738840e-04 2.698788090e-06 -1.205873250e-03
4.534478000e-01 -2.538837870e-01 6.489793430e-05 5.106657540e-02 -2.529802010e-01 6.211652560e-05 5.226685590e-02 -9.035859960e-04 2.781408680e-06 -1.200280540e-03
4.539062000e-01 -1.939580820e-01 -1.370081180e-04 3.648448910e-02 -1.930576330e-01 -1.398013750e-04 3.767721510e-02 -9.004488620e-04 2.793257420e-06 -1.192726030e-03
4.543647000e-01 -2.131527200e-01 -1.244766840e-04 4.063391470e-02 -2.122523650e-01 -1.272861800e-04 4.182036740e-02 -9.003554670e-04 2.809496500e-06 -1.186452760e-03
4.548232000e-01 -1.976722810e-01 -3.004562450e-05 3.147199520e-02 -1.967706830e-01 -3.290606850e-05 3.266115050e-02 -9.015978930e-04 2.860444000e-06 -1.189155270e-03
4.552817000e-01 -2.047185040e-01 -1.609008130e-04 3.405730530e-02 -2.038155060e-01 -1.637649000e-04 3.524949110e-02 -9.029982680e-04 2.864086790e-06 -1.192185820e-03
4.557402000e-01 -2.654964940e-01 -9.137012470e-05 5.433785860e-02 -2.645868860e-01 -9.426344020e-05 5.551877530e-02 -9.096081560e-04 2.893315510e-06 -1.180916690e-03
4.561987000e-01 -3.256812560e-01 5.420552310e-05 7.191420660e-02 -3.247615410e-01 5.122893800e-05 7.307808700e-02 -9.197149090e-04 2.976585170e-06 -1.163880410e-03
4.566571000e-01 -2.101026600e-01 -1.207750790e-04 3.722326180e-02 -2.091850170e-01 -1.237714170e-04 3.838481630e-02 -9.176434640e-04 2.996337610e-06 -1.161554570e-03
4.571156000e-01 -1.347084640e-01 -2.162283790e-04 1.216979670e-02 -1.337996530e-01 -2.192049450e-04 1.333996810e-02 -9.088114380e-04 2.976565530e-06 -1.170171370e-03
4.575741000e-01 -2.283702070e-01 1.588420790e-05 4.397501080e-02 -2.274597020e-01 1.284095920e-05 4.513971470e-02 -9.105053580e-04 3.043248670e-06 -1.164703860e-03
4.580253000e-01 -2.898498370e-01 2.308832500e-06 6.103496030e-02 -2.889297500e-01 -7.918905480e-07 6.218364850e-02 -9.200869190e-04 3.100723040e-06 -1.148688160e-03
4.584765000e-01 -2.642480450e-01 -1.051617740e-04 5.156661570e-02 -2.633229670e-01 -1.082771880e-04 5.270633160e-02 -9.250781450e-04 3.115413160e-06 -1.139715870e-03
4.589277000e-01 -2.215132960e-01 -9.095955770e-05 4.335259860e-02 -2.205883070e-01 -9.409426790e-05 4.448924180e-02 -9.249882190e-04 3.134710130e-06 -1.136643210e-03
4.593789000e-01 -2.292585650e-01 -1.569547930e-04 4.689475340e-02 -2.283326360e-01 -1.600922330e-04 4.802637300e-02 -9.259284720e-04 3.137439450e-06 -1.131619660e-03
4.598301000e-01 -2.169070070e-01 -2.333432560e-05 3.872068910e-02 -2.159813580e-01 -2.650923020e-05 3.984718520e-02 -9.256488070e-04 3.174904580e-06 -1.126496110e-03
4.602813000e-01 -2.221830990e-01 -1.495520070e-04 4.112302740e-02 -2.212579290e-01 -1.527270330e-04 4.224346740e-02 -9.251697800e-04 3.175026330e-06 -1.120440020e-03
4.607325000e-01 -2.348912230e-01 -1.165814760e-04 4.292516810e-02 -2.339644440e-01 -1.197687830e-04 4.404128560e-02 -9.267790340e-04 3.187307150e-06 -1.116117480e-03
4.611837000e-01 -2.445638440e-01 -1.155679720e-04 3.720868220e-02 -2.436330980e-01 -1.187712120e-04 3.832552260e-02 -9.307460800e-04 3.203239360e-06 -1.116840440e-03
4.616349000e-01 -2.392518630e-01 1.039255010e-04 4.330979820e-02 -2.383198480e-01 1.006267100e-04 4.442006210e-02 -9.320153230e-04 3.298790610e-06 -1.110263950e-03
4.620779000e-01 -2.239707240e-01 -1.322722090e-04 4.251520800e-02 -2.230409320e-01 -1.355762800e-04 4.361222880e-02 -9.297926240e-04 3.304071300e-06 -1.097020850e-03
4.625209000e-01 -2.429499070e-01 5.670158310e-05 4.648974270e-02 -2.420185920e-01 5.333073400e-05 4.757809450e-02 -9.313153670e-04 3.370849090e-06 -1.088351730e-03
4.629639000e-01 -3.171431150e-01 -2.093279710e-04 6.072542910e-02 -3.162007790e-01 -2.126682960e-04 6.181233790e-02 -9.423353960e-04 3.340325000e-06 -1.086908800e-03
4.634069000e-01 -2.934511250e-01 -1.862876910e-04 5.373050430e-02 -2.925001520e-01 -1.895962180e-04 5.481558870e-02 -9.509729270e-04 3.308526910e-06 -1.085084400e-03
4.638499000e-01 -2.077344410e-01 1.402653500e-04 3.832570280e-02 -2.067898940e-01 1.368817560e-04 3.940102760e-02 -9.445468640e-04 3.383593940e-06 -1.075324790e-03
4.642930000e-01 -1.894101140e-01 -3.468576910e-05 3.610512540e-02 -1.884746530e-01 -3.808283120e-05 3.716761380e-02 -9.354614170e-04 3.397062080e-06 -1.062488350e-03
4.647360000e-01 -2.315687350e-01 -2.758934990e-05 4.251624430e-02 -2.306329950e-01 -3.100105790e-05 4.357313500e-02 -9.357400490e-04 3.411707990e-06 -1.056890750e-03
4.651790000e-01 -2.388665290e-01 -4.672878760e-05 3.885897930e-02 -2.379268690e-01 -5.013949390e-05 3.991714710e-02 -9.396598380e-04 3.410706290e-06 -1.058167780e-03
4.656220000e-01 -2.503749770e-01 -1.180288090e-04 4.691286750e-02 -2.494325550e-01 -1.214159290e-04 4.796496980e-02 -9.424221780e-04 3.387120760e-06 -1.052102290e-03
4.660555000e-01 -3.052720570e-01 -1.243840190e-04 6.068917030e-02 -3.043217200e-01 -1.277439700e-04 6.172953820e-02 -9.503369380e-04 3.359951830e-06 -1.040367850e-03
4.664891000e-01 -2.974268120e-01 2.403585550e-05 5.806492220e-02 -2.964709320e-01 2.065853220e-05 5.909609690e-02 -9.558804710e-04 3.377323310e-06 -1.031174720e-03
4.669227000e-01 -2.084769780e-01 -6.822300290e-05 3.111469560e-02 -2.075267640e-01 -7.158748370e-05 3.214024280e-02 -9.502134770e-04 3.364480860e-06 -1.025547190e-03
4.673563000e-01 -1.882462610e-01 -3.013027030e-05 2.777701010e-02 -1.873021030e-01 -3.349231220e-05 2.879698080e-02 -9.441580250e-04 3.362041870e-06 -1.019970650e-03
4.677898000e-01 -2.276299460e-01 -1.471878380e-05 3.886302560e-02 -2.266860780e-01 -1.808216580e-05 3.987537010e-02 -9.438680350e-04 3.363381950e-06 -1.012344480e-03
4.682234000e-01 -2.307582080e-01 -3.095689560e-05 4.201583660e-02 -2.298158060e-01 -3.431337840e-05 4.301698550e-02 -9.424022340e-04 3.356482810e-06 -1.001148870e-03
4.686570000e-01 -2.801292880e-01 6.394164940e-05 5.189104710e-02 -2.791831800e-01 6.055922040e-05 5.288565290e-02 -9.461077440e-04 3.382428970e-06 -9.946057850e-04
4.690906000e-01 -3.395319420e-01 -8.570101790e-05 5.968111820e-02 -3.385727550e-01 -8.905434890e-05 6.067657780e-02 -9.591874840e-04 3.353330930e-06 -9.954595740e-04
4.695241000e-01 -3.150215580e-01 6.577851630e-05 5.497961250e-02 -3.140545890e-01 6.240845020e-05 5.597325260e-02 -9.669692230e-04 3.370066110e-06 -9.936401270e-04
4.699577000e-01 -1.622909570e-01 -3.931808530e-05 2.512358710e-02 -1.613378220e-01 -4.267159330e-05 2.610831270e-02 -9.531351780e-04 3.353508050e-06 -9.847255970e-04
4.703913000e-01 -1.050239270e-01 -8.794422990e-05 1.942564180e-02 -1.040888070e-01 -9.126885820e-05 2.039893760e-02 -9.351194970e-04 3.324628310e-06 -9.732958180e-04
4.708249000e-01 -2.463326420e-01 -9.384442980e-06 4.830986580e-02 -2.453939420e-01 -1.270105110e-05 4.927381500e-02 -9.387006530e-04 3.316608140e-06 -9.639491790e-04
4.712584000e-01 -3.628487120e-01 -2.426709130e-05 6.810969970e-02 -3.618939660e-01 -2.756804660e-05 6.906747550e-02 -9.547453890e-04 3.300955330e-06 -9.577758690e-04
4.716920000e-01 -2.910751830e-01 -2.181287220e-04 5.241252300e-02 -2.901164390e-01 -2.213529690e-04 5.336280260e-02 -9.587438680e-04 3.224247510e-06 -9.502795810e-04
4.721256000e-01 -2.301197090e-01 -1.227847720e-04 3.793158580e-02 -2.291637890e-01 -1.259582980e-04 3.887373280e-02 -9.559199180e-04 3.173526860e-06 -9.421469650e-04
4.725592000e-01 -2.494599490e-01 -2.598455570e-04 4.135323410e-02 -2.485041790e-01 -2.629247030e-04 4.228806350e-02 -9.557699780e-04 3.079146320e-06 -9.348293990e-04
4.729927000e-01 -2.287127750e-01 -4.443802680e-05 3.633211250e-02 -2.277608960e-01 -4.748606230e-05 3.726103010e-02 -9.518792540e-04 3.048035500e-06 -9.289176370e-04
4.734263000e-01 -2.058124630e-01 -1.255699500e-04 3.103205820e-02 -2.048652050e-01 -1.285561310e-04 3.195658070e-02 -9.472576010e-04 2.986180820e-06 -9.245225280e-04
4.738599000e-01 -2.532447690e-01 2.720097740e-04 4.432398220e-02 -2.522972370e-01 2.689511720e-04 4.523753580e-02 -9.475317910e-04 3.058601810e-06 -9.135535730e-04
4.742935000e-01 -2.816561460e-01 1.753140140e-06 5.503806940e-02 -2.807076960e-01 -1.289641140e-06 5.593311870e-02 -9.484498440e-04 3.042781280e-06 -8.950492970e-04
4.747270000e-01 -2.941689270e-01 7.255020710e-05 5.331969710e-02 -2.932181830e-01 6.950389630e-05 5.420588230e-02 -9.507434580e-04 3.046310770e-06 -8.861851410e-04
4.751606000e-01 -2.583343070e-01 3.780504680e-05 3.741073470e-02 -2.573800150e-01 3.475994680e-05 3.830118010e-02 -9.542923370e-04 3.045099970e-06 -8.904454310e-04
4.755775000e-01 -2.505100990e-01 -1.043952370e-04 3.667882150e-02 -2.495541550e-01 -1.073922640e-04 3.756926410e-02 -9.559438560e-04 2.997027530e-06 -8.904426540e-04
4.759944000e-01 -2.494507420e-01 4.328811710e-04 4.500564450e-02 -2.484995390e-01 4.297584360e-04 4.588267750e-02 -9.512027390e-04 3.122735260e-06 -8.770329910e-04
4.764113000e-01 -2.180881120e-01 -5.611002560e-05 3.889118210e-02 -2.171446720e-01 -5.920946290e-05 3.975240560e-02 -9.434395480e-04 3.099437290e-06 -8.612234900e-04
4.768282000e-01 -2.667343490e-01 4.367269810e-05 4.796602610e-02 -2.657906930e-01 4.057961770e-05 4.881817580e-02 -9.436562280e-04 3.093080430e-06 -8.521497050e-04
4.772451000e-01 -2.652997030e-01 9.396187420e-05 3.863570310e-02 -2.643513570e-01 9.085238760e-05 3.948586980e-02 -9.483460920e-04 3.109486610e-06 -8.501666820e-04
4.776620000e-01 -2.642394140e-01 1.285381440e-04 4.245525830e-02 -2.632900240e-01 1.254006860e-04 4.329954200e-02 -9.493901350e-04 3.137457600e-06 -8.442836290e-04
4.780789000e-01 -2.674578730e-01 2.529341720e-04 3.926782080e-02 -2.665080100e-01 2.497304440e-04 4.010657950e-02 -9.498627270e-04 3.203728280e-06 -8.387586530e-04
4.784958000e-01 -2.614077230e-01 6.057738710e-05 3.911165130e-02 -2.604571960e-01 5.737068710e-05 3.994511210e-02 -9.505275420e-04 3.206700010e-06 -8.334608740e-04
4.789127000e-01 -2.495337900e-01 1.008054880e-04 3.840401240e-02 -2.485860380e-01 9.758639120e-05 3.922846560e-02 -9.477519650e-04 3.219096520e-06 -8.244531400e-04
4.793296000e-01 -2.745392300e-01 8.594199820e-05 4.742913530e-02 -2.735933950e-01 8.272042760e-05 4.824168160e-02 -9.458350740e-04 3.221570640e-06 -8.125463030e-04
4.797465000e-01 -2.376665260e-01 4.286809940e-05 3.764821360e-02 -2.367246330e-01 3.966043780e-05 3.845147300e-02 -9.418924750e-04 3.207661590e-06 -8.032593880e-04
4.801634000e-01 -2.272640890e-01 1.791169890e-05 3.362672830e-02 -2.263273640e-01 1.472743540e-05 3.442490250e-02 -9.367245610e-04 3.184263520e-06 -7.981742210e-04
4.805803000e-01 -2.210564700e-01 -4.495780800e-06 3.038202250e-02 -2.201246320e-01 -7.652278500e-06 3.117517110e-02 -9.318382710e-04 3.156497700e-06 -7.931485860e-04
4.809972000e-01 -2.727263190e-01 1.000740160e-04 4.476871200e-02 -2.717924790e-01 9.691647880e-05 4.555172680e-02 -9.338401410e-04 3.157537210e-06 -7.830147850e-04
4.814141000e-01 -3.459108240e-01 -9.137884260e-06 6.505437110e-02 -3.449694110e-01 -1.226448180e-05 6.582423660e-02 -9.414126650e-04 3.126597580e-06 -7.698655520e-04
4.818310000e-01 -2.358272740e-01 6.694637150e-05 3.315124540e-02 -2.348883380e-01 6.382862430e-05 3.391395040e-02 -9.389362320e-04 3.117747210e-06 -7.627049360e-04
4.822479000e-01 -2.055083040e-01 2.206305100e-04 2.764844750e-02 -2.045772310e-01 2.174804230e-04 2.840697420e-02 -9.310733600e-04 3.150087040e-06 -7.585266480e-04
4.826648000e-01 -2.172005480e-01 -1.032714520e-04 2.842493020e-02 -2.162740860e-01 -1.063604700e-04 2.917851030e-02 -9.264625130e-04 3.089018320e-06 -7.535801670e-04
4.830817000e-01 -2.427568450e-01 -1.679939880e-04 3.685390730e-02 -2.418332500e-01 -1.709980070e-04 3.759741960e-02 -9.235951100e-04 3.004018450e-06 -7.435122580e-04
4.834986000e-01 -2.629901780e-01 8.925079820e-05 4.174228120e-02 -2.620691260e-01 8.625113620e-05 4.247469270e-02 -9.210516010e-04 2.999662010e-06 -7.324114530e-04
4.839155000e-01 -2.632865620e-01 -2.239643040e-05 3.778661690e-02 -2.623657220e-01 -2.535109890e-05 3.851242040e-02 -9.208395980e-04 2.954668520e-06 -7.258034780e-04
4.843324000e-01 -2.878850610e-01 -4.322250670e-05 4.083467170e-02 -2.869617380e-01 -4.612228140e-05 4.155677370e-02 -9.233230760e-04 2.899774650e-06 -7.221020160e-04
4.847493000e-01 -2.706143320e-01 3.528760120e-05 3.620897770e-02 -2.696903870e-01 3.241921970e-05 3.692624690e-02 -9.239443060e-04 2.868381530e-06 -7.172691620e-04
4.851662000e-01 -2.546225890e-01 4.444866200e-05 3.835566900e-02 -2.537021580e-01 4.160864890e-05 3.906302640e-02 -9.204304090e-04 2.840013050e-06 -7.073574170e-04
4.855831000e-01 -2.383951380e-01 2.879352390e-05 3.480333370e-02 -2.374779770e-01 2.598700610e-05 3.550150230e-02 -9.171611380e-04 2.806517780e-06 -6.981686030e-04
4.860000000e-01 -2.500574080e-01 -9.182798490e-05 3.808727320e-02 -2.491438340e-01 -9.455926930e-05 3.877558730e-02 -9.135742970e-04 2.731284420e-06 -6.883140800e-04
4.864175000e-01 -2.294251290e-01 -3.201848280e-05 3.598603400e-02 -2.285179070e-01 -3.468854800e-05 3.666247150e-02 -9.072218400e-04 2.670065190e-06 -6.764374710e-04
4.868351000e-01 -2.620855120e-01 9.005958990e-05 3.901765170e-02 -2.611808270e-01 8.741023070e-05 3.968460960e-02 -9.046851360e-04 2.649359280e-06 -6.669579010e-04
4.872526000e-01 -2.631567340e-01 -1.353472300e-04 3.927979320e-02 -2.622534940e-01 -1.378993880e-04 3.993771700e-02 -9.032400760e-04 2.552158260e-06 -6.579237780e-04
4.876701000e-01 -2.751888330e-01 4.479473480e-05 4.223576970e-02 -2.742870770e-01 4.228211660e-05 4.288395270e-02 -9.017560370e-04 2.512618230e-06 -6.481829110e-04
4.880876000e-01 -2.490810240e-01 -1.315113030e-05 3.370695820e-02 -2.481826140e-01 -1.560829970e-05 3.435027120e-02 -8.984108490e-04 2.457169440e-06 -6.433129200e-04
4.885052000e-01 -2.046132730e-01 -2.733590190e-06 2.232955680e-02 -2.037208420e-01 -5.142227680e-06 2.297151060e-02 -8.924308330e-04 2.408637490e-06 -6.419537940e-04
4.889227000e-01 -2.367541330e-01 5.799109120e-05 3.281551080e-02 -2.358648720e-01 5.561128670e-05 3.344871140e-02 -8.892607470e-04 2.379804460e-06 -6.332006920e-04
4.893402000e-01 -2.718062510e-01 -2.053323430e-04 4.023274310e-02 -2.709179850e-01 -2.075998040e-04 4.084944450e-02 -8.882652570e-04 2.267460350e-06 -6.167014740e-04
4.897577000e-01 -2.724743700e-01 -5.912938640e-05 3.614458860e-02 -2.715880930e-01 -6.134244960e-05 3.674900640e-02 -8.862770940e-04 2.213063210e-06 -6.044177530e-04
4.901753000e-01 -2.299559610e-01 5.523347850e-05 2.689375400e-02 -2.290740090e-01 5.304234570e-05 2.749543110e-02 -8.819520540e-04 2.191132890e-06 -6.016771670e-04
4.905928000e-01 -2.546358840e-01 3.265580120e-05 3.007565660e-02 -2.537574380e-01 3.048624020e-05 3.067563710e-02 -8.784457200e-04 2.169561030e-06 -5.999805560e-04
4.910103000e-01 -2.490808800e-01 -1.440720360e-04 3.084159830e-02 -2.482048940e-01 -1.461666190e-04 3.143517200e-02 -8.759860140e-04 2.094583250e-06 -5.935737460e-04
4.914278000e-01 -2.660187630e-01 8.803069160e-05 3.565443090e-02 -2.651429810e-01 8.593953490e-05 3.623952640e-02 -8.757814370e-04 2.091156620e-06 -5.850955410e-04
4.918454000e-01 -2.420108880e-01 8.456044060e-06 3.196792130e-02 -2.411382120e-01 6.388341220e-06 3.254476390e-02 -8.726756790e-04 2.067702840e-06 -5.768425160e-04
4.922629000e-01 -2.316852510e-01 -8.593465860e-05 3.133595390e-02 -2.308173430e-01 -8.795332980e-05 3.190367300e-02 -8.679077820e-04 2.018671190e-06 -5.677190850e-04
4.926804000e-01 -2.237691100e-01 3.504528850e-05 2.861931920e-02 -2.229062730e-01 3.303643950e-05 2.917900570e-02 -8.628366010e-04 2.008849010e-06 -5.596865280e-04
4.930979000e-01 -2.459336350e-01 -2.109798210e-05 3.194806910e-02 -2.450736460e-01 -2.308339910e-05 3.249644830e-02 -8.599886700e-04 1.985416930e-06 -5.483791700e-04
4.935207000e-01 -2.992550760e-01 -1.707555340e-04 4.408585440e-02 -2.983931380e-01 -1.726674730e-04 4.461899860e-02 -8.619380670e-04 1.911939120e-06 -5.331442260e-04
4.939382000e-01 -2.820831160e-01 6.833495210e-05 3.567045850e-02 -2.812243420e-01 6.641032690e-05 3.619466730e-02 -8.587741490e-04 1.924625200e-06 -5.242088300e-04
4.943611000e-01 -1.730284820e-01 -6.903077110e-05 1.652653780e-02 -1.721815270e-01 -7.093146940e-05 1.705006970e-02 -8.469554210e-04 1.900698230e-06 -5.235318110e-04
4.947840000e-01 -1.720276350e-01 -4.412021820e-05 1.602904360e-02 -1.711901090e-01 -4.600069370e-05 1.654999100e-02 -8.375266600e-04 1.880475440e-06 -5.209474400e-04
4.952068000e-01 -2.486233270e-01 1.535095850e-05 3.334878960e-02 -2.477867180e-01 1.347240100e-05 3.386130030e-02 -8.366083260e-04 1.878557500e-06 -5.125106860e-04
4.956297000e-01 -2.869841010e-01 -9.922670240e-05 3.614042840e-02 -2.861445250e-01 -1.010724240e-04 3.664687090e-02 -8.395760300e-04 1.845721120e-06 -5.064425050e-04
4.960526000e-01 -2.348874380e-01 8.155862340e-06 2.864670140e-02 -2.340531900e-01 6.304778570e-06 2.914315050e-02 -8.342483650e-04 1.851083780e-06 -4.964491380e-04
4.964755000e-01 -1.725786810e-01 -1.299014240e-04 2.095248030e-02 -1.717574170e-01 -1.317181270e-04 2.143309820e-02 -8.212634530e-04 1.816703110e-06 -4.806179360e-04
4.969044000e-01 -2.103633050e-01 -9.399709010e-05 2.535411030e-02 -2.095489370e-01 -9.579163660e-05 2.582291890e-02 -8.143682740e-04 1.794546540e-06 -4.688085800e-04
4.973333000e-01 -2.631500640e-01 1.198698230e-04 3.243778360e-02 -2.623348160e-01 1.180307220e-04 3.290045420e-02 -8.152489160e-04 1.839100220e-06 -4.626705810e-04
4.977623000e-01 -2.506183810e-01 -1.006973340e-04 3.084309430e-02 -2.498035990e-01 -1.025102660e-04 3.129864470e-02 -8.147813990e-04 1.812932120e-06 -4.555503750e-04
4.981912000e-01 -2.271454500e-01 -2.167505560e-04 2.681964120e-02 -2.263338970e-01 -2.185021790e-04 2.727136230e-02 -8.115526140e-04 1.751622870e-06 -4.517210930e-04
4.986201000e-01 -2.296023910e-01 -3.295910870e-04 2.030930560e-02 -2.287938890e-01 -3.312436030e-04 2.076343710e-02 -8.085015710e-04 1.652516330e-06 -4.541315270e-04
4.990490000e-01 -2.159592030e-01 -4.013282920e-05 2.827995100e-02 -2.151557170e-01 -4.178020290e-05 2.872472930e-02 -8.034858860e-04 1.647373740e-06 -4.447783540e-04
4.994779000e-01 -2.440942270e-01 -8.603846180e-05 3.975385020e-02 -2.432970220e-01 -8.766712430e-05 4.017455610e-02 -7.972051340e-04 1.628662490e-06 -4.207059440e-04
4.999069000e-01 -1.939067230e-01 6.328444790e-05 2.788775790e-02 -1.931174600e-01 6.162518530e-05 2.829121030e-02 -7.892625240e-04 1.659262550e-06 -4.034524010e-04
5.003358000e-01 -2.021751680e-01 8.442425180e-05 1.807055260e-02 -2.013934530e-01 8.273003940e-05 1.847457080e-02 -7.817146740e-04 1.694212410e-06 -4.040181960e-04
5.007719000e-01 -1.784068000e-01 -8.390047430e-05 1.349412900e-02 -1.776342240e-01 -8.557509130e-05 1.390015370e-02 -7.725761460e-04 1.674616950e-06 -4.060247100e-04
5.012079000e-01 -2.422741320e-01 -1.364636940e-04 2.702394960e-02 -2.415027390e-01 -1.381012420e-04 2.742064390e-02 -7.713923990e-04 1.637548800e-06 -3.966942050e-04
5.016440000e-01 -3.102890790e-01 -1.958787870e-04 4.328874310e-02 -3.095125340e-01 -1.974615520e-04 4.367030370e-02 -7.765451820e-04 1.582765560e-06 -3.815606700e-04
5.020801000e-01 -2.525277420e-01 -1.369962130e-04 3.200573000e-02 -2.517547730e-01 -1.385416460e-04 3.237715610e-02 -7.729682400e-04 1.545433160e-06 -3.714261240e-04
5.025161000e-01 -1.485223860e-01 -5.772544940e-05 1.585849710e-02 -1.477619330e-01 -5.926230560e-05 1.622331290e-02 -7.604522570e-04 1.536856210e-06 -3.648158240e-04
5.029522000e-01 -1.945396840e-01 -1.390296890e-04 1.931764620e-02 -1.937866150e-01 -1.405301670e-04 1.967605600e-02 -7.530687930e-04 1.500477960e-06 -3.584098770e-04
5.033883000e-01 -2.073306300e-01 -9.829879590e-06 2.269073040e-02 -2.065826190e-01 -1.133790050e-05 2.304326650e-02 -7.480113370e-04 1.508020870e-06 -3.525361410e-04
5.038243000e-01 -2.225678640e-01 -2.526002370e-04 2.432021540e-02 -2.218236230e-01 -2.540310200e-04 2.466799820e-02 -7.442415460e-04 1.430782880e-06 -3.477827710e-04
5.042604000e-01 -2.144244650e-01 -1.219450600e-04 2.780266900e-02 -2.136862270e-01 -1.233425660e-04 2.813891900e-02 -7.382385990e-04 1.397506890e-06 -3.362499600e-04
5.047052000e-01 -1.954787490e-01 -7.600235180e-05 2.495290220e-02 -1.947492130e-01 -7.738880120e-05 2.527493520e-02 -7.295353600e-04 1.386449400e-06 -3.220329880e-04
5.051500000e-01 -1.829407850e-01 -8.971754100e-05 2.213936810e-02 -1.822181150e-01 -9.108911900e-05 2.244989570e-02 -7.226703570e-04 1.371577960e-06 -3.105275530e-04
5.055948000e-01 -2.393544430e-01 1.842910090e-04 2.925524740e-02 -2.386345200e-01 1.828413320e-04 2.955373100e-02 -7.199228560e-04 1.449677030e-06 -2.984836760e-04
5.060396000e-01 -2.157954450e-01 1.059064940e-04 2.763981100e-02 -2.150807980e-01 1.044068850e-04 2.792763230e-02 -7.146467900e-04 1.499609090e-06 -2.878213220e-04
5.064844000e-01 -1.756369070e-01 4.026573510e-05 1.383749600e-02 -1.749297890e-01 3.873888160e-05 1.412700420e-02 -7.071175610e-04 1.526853510e-06 -2.895081220e-04
5.069292000e-01 -1.891938520e-01 -1.946374900e-04 1.539790850e-02 -1.884929310e-01 -1.961117280e-04 1.568826870e-02 -7.009205360e-04 1.474237380e-06 -2.903602340e-04
5.073740000e-01 -2.067211920e-01 6.439142590e-05 2.474766480e-02 -2.060247120e-01 6.288309440e-05 2.502679860e-02 -6.964800380e-04 1.508331580e-06 -2.791338740e-04
5.078188000e-01 -2.136549020e-01 2.864037010e-05 2.604761450e-02 -2.129618400e-01 2.711526590e-05 2.631468260e-02 -6.930619930e-04 1.525104170e-06 -2.670680890e-04
5.082635000e-01 -2.313866270e-01 -8.064938460e-05 2.956579970e-02 -2.306980700e-01 -8.215389060e-05 2.982127520e-02 -6.885571780e-04 1.504505970e-06 -2.554754500e-04
5.087083000e-01 -1.861514670e-01 3.511973690e-05 2.314024290e-02 -1.854711160e-01 3.359814960e-05 2.338217860e-02 -6.803505200e-04 1.521587310e-06 -2.419356500e-04
5.091531000e-01 -1.982495170e-01 3.181944330e-05 2.334864660e-02 -1.975742340e-01 3.027970980e-05 2.358117280e-02 -6.752828470e-04 1.539733430e-06 -2.325261650e-04
5.095979000e-01 -1.744887490e-01 -8.055597720e-05 1.492357360e-02 -1.738179820e-01 -8.207327590e-05 1.515420770e-02 -6.707667620e-04 1.517298660e-06 -2.306341290e-04
5.100427000e-01 -1.931057130e-01 -1.588086290e-04 1.853983020e-02 -1.924394660e-01 -1.602730020e-04 1.876593820e-02 -6.662464300e-04 1.464373460e-06 -2.261079500e-04
5.104875000e-01 -1.971194950e-01 -4.657349700e-05 2.244384610e-02 -1.964590690e-01 -4.802329330e-05 2.265795510e-02 -6.604256950e-04 1.449796260e-06 -2.141089230e-04
5.109323000e-01 -1.954421060e-01 9.504844140e-05 2.357119910e-02 -1.947872270e-01 9.355954260e-05 2.377239950e-02 -6.548795910e-04 1.488898850e-06 -2.012003620e-04
5.113771000e-01 -1.578067460e-01 3.018896850e-05 1.520177050e-02 -1.571613190e-01 2.869326370e-05 1.539753590e-02 -6.454265060e-04 1.495704850e-06 -1.957654690e-04
5.118219000e-01 -1.075033020e-01 -1.711017030e-05 5.970655560e-03 -1.068693090e-01 -1.859847830e-05 6.165454700e-03 -6.339927010e-04 1.488307950e-06 -1.947991430e-04
5.122667000e-01 -1.655199900e-01 -1.172322250e-04 1.774764430e-02 -1.648926340e-01 -1.186843610e-04 1.793429280e-02 -6.273554630e-04 1.452135250e-06 -1.866484840e-04
5.127115000e-01 -2.329205490e-01 3.152884900e-04 2.969337420e-02 -2.322954390e-01 3.137333620e-04 2.986540740e-02 -6.251105930e-04 1.555128300e-06 -1.720332890e-04
5.131563000e-01 -1.812819670e-01 6.662818570e-05 1.921047100e-02 -1.806622650e-01 6.505771970e-05 1.937341290e-02 -6.197016720e-04 1.570466020e-06 -1.629419570e-04
5.136010000e-01 -1.367744650e-01 -1.517092970e-05 1.196159170e-02 -1.361647320e-01 -1.673032490e-05 1.212217140e-02 -6.097329480e-04 1.559395210e-06 -1.605796770e-04
5.140617000e-01 -1.329688260e-01 2.178725810e-05 4.653786100e-03 -1.323680050e-01 2.023398990e-05 4.812784060e-03 -6.008211540e-04 1.553268230e-06 -1.589979620e-04
5.145224000e-01 -1.728594840e-01 -6.660283280e-05 1.825595300e-02 -1.722632240e-01 -6.812615050e-05 1.840398500e-02 -5.962601580e-04 1.523317720e-06 -1.480319950e-04
5.149831000e-01 -1.864728010e-01 6.970632970e-05 2.108153420e-02 -1.858809210e-01 6.817069910e-05 2.121797890e-02 -5.918798530e-04 1.535630620e-06 -1.364446500e-04
5.154438000e-01 -1.911621020e-01 -5.433443460e-05 2.267249690e-02 -1.905733610e-01 -5.583866810e-05 2.279861270e-02 -5.887413840e-04 1.504233550e-06 -1.261157610e-04
5.159044000e-01 -2.386866740e-01 1.145800640e-04 2.958824820e-02 -2.380967290e-01 1.130422910e-04 2.970297690e-02 -5.899457040e-04 1.537772590e-06 -1.147286660e-04
5.163651000e-01 -1.800930640e-01 -5.744768780e-05 2.088440510e-02 -1.795099200e-01 -5.896006340e-05 2.099167360e-02 -5.831439960e-04 1.512375550e-06 -1.072685440e-04
5.168258000e-01 -8.684605600e-02 6.649787750e-05 9.470572460e-03 -8.627802030e-02 6.497172420e-05 9.574012020e-03 -5.680356250e-04 1.526153320e-06 -1.034395620e-04
5.172865000e-01 -1.335099530e-01 2.359207350e-06 1.847415270e-02 -1.329506920e-01 8.367964270e-07 1.856932380e-02 -5.592614360e-04 1.522410920e-06 -9.517106150e-05
5.177471000e-01 -1.532180720e-01 7.843669310e-07 2.346297770e-02 -1.526657670e-01 -7.323129590e-07 2.354547370e-02 -5.523054330e-04 1.516679890e-06 -8.249606000e-05
5.182078000e-01 -1.307869090e-01 9.939932880e-05 1.350802130e-02 -1.302423830e-01 9.785450600e-05 1.358121970e-02 -5.445258220e-04 1.544822770e-06 -7.319845000e-05
5.186685000e-01 -1.837783990e-01 -5.217716940e-05 2.376272890e-02 -1.832358940e-01 -5.369841630e-05 2.382403760e-02 -5.425056500e-04 1.521246920e-06 -6.130871090e-05
5.191292000e-01 -1.856595830e-01 -1.015786120e-05 2.190989140e-02 -1.851195730e-01 -1.166919970e-05 2.196045100e-02 -5.400096980e-04 1.511338530e-06 -5.055956120e-05
5.195898000e-01 -9.387697010e-02 -6.197831670e-05 9.939287520e-03 -9.335139450e-02 -6.346421780e-05 9.986215030e-03 -5.255755640e-04 1.485901060e-06 -4.692751130e-05
5.200505000e-01 -6.249296310e-02 -2.045471000e-05 5.920140360e-03 -6.198296310e-02 -2.193196950e-05 5.964685910e-03 -5.099999990e-04 1.477259430e-06 -4.454555010e-05
5.205112000e-01 -1.490115680e-01 -1.258778120e-04 1.787754530e-02 -1.485047730e-01 -1.273056280e-04 1.791227120e-02 -5.067941470e-04 1.427816090e-06 -3.472588070e-05
5.209719000e-01 -1.913181490e-01 -1.550233960e-04 2.329891000e-02 -1.908109490e-01 -1.563901280e-04 2.332171430e-02 -5.072000340e-04 1.366731970e-06 -2.280431280e-05
5.214326000e-01 -1.417564080e-01 -1.761688550e-04 1.897853000e-02 -1.412551570e-01 -1.774759010e-04 1.899112640e-02 -5.012510720e-04 1.307046740e-06 -1.259645210e-05
5.218932000e-01 -1.265416780e-01 8.861880230e-05 1.806705560e-02 -1.260474130e-01 8.728718420e-05 1.806897920e-02 -4.942647250e-04 1.331618180e-06 -1.923571040e-06
5.223539000e-01 -1.291305640e-01 5.394514320e-05 1.561395040e-02 -1.286435680e-01 5.259933240e-05 1.560808430e-02 -4.869965290e-04 1.345810790e-06 5.866066140e-06
5.228146000e-01 -1.022065160e-01 7.400276730e-05 9.033472770e-03 -1.017285990e-01 7.263805650e-05 9.026375390e-03 -4.779174130e-04 1.364710760e-06 7.097385800e-06
5.232753000e-01 -1.190171060e-01 -1.387346890e-05 1.289665220e-02 -1.185459930e-01 -1.522449290e-05 1.288386570e-02 -4.711125890e-04 1.351024030e-06 1.278655650e-05
5.237359000e-01 -1.407802570e-01 1.160240210e-04 2.099986980e-02 -1.403140790e-01 1.146420410e-04 2.096905530e-02 -4.661776000e-04 1.381980230e-06 3.081454410e-05
5.241966000e-01 -1.354582880e-01 1.069157520e-04 1.984315550e-02 -1.349977190e-01 1.055054140e-04 1.979663750e-02 -4.605684280e-04 1.410337690e-06 4.651806090e-05
5.246573000e-01 -9.664813050e-02 7.040292060e-05 8.618127430e-03 -9.619564370e-02 6.897916820e-05 8.569057830e-03 -4.524867380e-04 1.423752360e-06 4.906960420e-05
5.251180000e-01 -1.266926250e-01 1.306956990e-04 1.394804680e-02 -1.262469030e-01 1.292403620e-04 1.389548030e-02 -4.457215230e-04 1.455336740e-06 5.256650220e-05
5.255786000e-01 -1.147822440e-01 -1.031338720e-04 1.088417590e-02 -1.143418340e-01 -1.045405820e-04 1.082828460e-02 -4.404101780e-04 1.406709840e-06 5.589132710e-05
5.260393000e-01 -1.334220530e-01 1.326052310e-04 1.148328680e-02 -1.329847810e-01 1.311666270e-04 1.142726590e-02 -4.372722650e-04 1.438604240e-06 5.602092270e-05
5.265000000e-01 -1.228570990e-01 -5.432685770e-05 1.537369730e-02 -1.224255780e-01 -5.573114610e-05 1.530686580e-02 -4.315200510e-04 1.404288400e-06 6.683144470e-05
5.269939000e-01 -1.122440010e-01 4.221486870e-05 1.729435330e-02 -1.118210070e-01 4.081183580e-05 1.720679940e-02 -4.229937020e-04 1.403032890e-06 8.755393850e-05
5.274940000e-01 -9.682410520e-02 2.719926100e-07 1.360402720e-02 -9.640801540e-02 -1.112803900e-06 1.350672990e-02 -4.160898180e-04 1.384796500e-06 9.729728950e-05
5.280005000e-01 -1.370929630e-01 3.882531790e-05 1.102572150e-02 -1.366787630e-01 3.744534380e-05 1.093015150e-02 -4.141996840e-04 1.379974090e-06 9.556994900e-05
5.285070000e-01 -6.041983130e-02 1.211716860e-04 5.058088970e-03 -6.001633760e-02 1.197652620e-04 4.957183610e-03 -4.034936850e-04 1.406423960e-06 1.009053530e-04
5.290134000e-01 -3.896218850e-02 5.019618830e-05 8.190771730e-03 -3.857614370e-02 4.878751240e-05 8.078166260e-03 -3.860448900e-04 1.408675880e-06 1.126054650e-04
5.295268000e-01 -7.315832570e-02 4.994468360e-05 1.107047640e-02 -7.278097900e-02 4.853583050e-05 1.094823680e-02 -3.773466160e-04 1.408853040e-06 1.222395860e-04
5.300401000e-01 -1.102397280e-01 -3.123191690e-05 1.278257720e-02 -1.098641780e-01 -3.260824200e-05 1.265178950e-02 -3.755500360e-04 1.376325100e-06 1.307877020e-04
5.305607000e-01 -1.066730300e-01 2.016360190e-04 1.292172740e-02 -1.063031840e-01 2.002039850e-04 1.278163250e-02 -3.698456730e-04 1.432033210e-06 1.400949540e-04
5.310812000e-01 -8.950407030e-02 5.326397840e-05 1.180707510e-02 -8.914148270e-02 5.183489380e-05 1.165568300e-02 -3.625876880e-04 1.429084570e-06 1.513920660e-04
5.316018000e-01 -6.318373280e-02 -5.049463470e-05 9.388508770e-03 -6.283102780e-02 -5.188467610e-05 9.231091200e-03 -3.527049710e-04 1.390041360e-06 1.574175640e-04
5.321301000e-01 -4.477704950e-02 9.132088190e-05 6.196938310e-03 -4.443667620e-02 8.991620050e-05 6.040430780e-03 -3.403732890e-04 1.404681480e-06 1.565075260e-04
5.326585000e-01 -8.156082820e-02 7.866998440e-05 1.301147100e-02 -8.122771100e-02 7.725843090e-05 1.284258790e-02 -3.331171280e-04 1.411553510e-06 1.688830580e-04
5.331950000e-01 -1.041111170e-01 2.041904340e-05 1.905276700e-02 -1.037826110e-01 1.902470900e-05 1.886191490e-02 -3.285054440e-04 1.394334400e-06 1.908521260e-04
5.337316000e-01 -6.396005610e-02 7.758142130e-06 1.102017770e-02 -6.364150650e-02 6.386173710e-06 1.082344060e-02 -3.185495300e-04 1.371968420e-06 1.967371240e-04
5.342770000e-01 -5.117662840e-02 6.021613790e-05 6.698157610e-03 -5.086946060e-02 5.884776860e-05 6.501497710e-03 -3.071677620e-04 1.368369380e-06 1.966599020e-04
5.348224000e-01 -8.355207620e-02 -6.289181950e-05 1.226417770e-02 -8.325028310e-02 -6.420421540e-05 1.205754750e-02 -3.017930620e-04 1.312395910e-06 2.066302250e-04
5.353678000e-01 -8.994862210e-02 1.471318710e-04 1.212040980e-02 -8.965142540e-02 1.457915790e-04 1.190321160e-02 -2.971966970e-04 1.340292800e-06 2.171981860e-04
5.359227000e-01 -4.186647300e-02 -5.239242740e-05 9.157605630e-03 -4.158095800e-02 -5.367817610e-05 8.931263810e-03 -2.855149800e-04 1.285748670e-06 2.263418190e-04
5.364777000e-01 -4.030640430e-02 -1.388424900e-04 1.013785340e-02 -4.003154160e-02 -1.400348110e-04 9.901821860e-03 -2.748627060e-04 1.192321550e-06 2.360315290e-04
5.370326000e-01 -8.016135220e-02 2.062881720e-04 1.195604560e-02 -7.988981040e-02 2.050323540e-04 1.170908490e-02 -2.715417720e-04 1.255817590e-06 2.469607700e-04
5.375981000e-01 -4.318692370e-02 1.488765150e-04 9.421668300e-03 -4.292489320e-02 1.475869040e-04 9.166569990e-03 -2.620304420e-04 1.289610710e-06 2.550983050e-04
5.381635000e-01 3.240194240e-02 7.288316620e-05 1.151560990e-03 3.264120060e-02 7.158950420e-05 8.980332150e-04 -2.392582090e-04 1.293662010e-06 2.535277740e-04
5.387402000e-01 -6.396259550e-02 -2.719105380e-05 1.091968960e-02 -6.372786300e-02 -2.843944600e-05 1.065511700e-02 -2.347324510e-04 1.248392220e-06 2.645726140e-04
5.393169000e-01 -1.625350590e-01 1.520547440e-04 2.142576680e-02 -1.622902360e-01 1.507689470e-04 2.113864210e-02 -2.448229990e-04 1.285797140e-06 2.871247170e-04
5.398937000e-01 -3.760431140e-03 3.744252640e-06 6.964458400e-03 -3.532648080e-03 2.483132840e-06 6.673496420e-03 -2.277830580e-04 1.261119790e-06 2.909619800e-04
5.404704000e-01 2.830415350e-02 3.747957630e-05 1.829516160e-03 2.851205750e-02 3.623364690e-05 1.538670130e-03 -2.079040620e-04 1.245929370e-06 2.908460300e-04
5.410599000e-01 -8.752980880e-02 1.967081480e-04 1.552947080e-02 -8.732203730e-02 1.954043890e-04 1.521835590e-02 -2.077714870e-04 1.303758750e-06 3.111148900e-04
5.416495000e-01 -5.391803310e-02 -4.504461550e-05 1.311508050e-02 -5.371699410e-02 -4.628665070e-05 1.278930350e-02 -2.010389570e-04 1.242035140e-06 3.257769280e-04
5.422390000e-01 2.427372590e-02 4.509738920e-05 4.519222990e-03 2.445423000e-02 4.387149000e-05 4.194644530e-03 -1.805041510e-04 1.225899180e-06 3.245784580e-04
5.428430000e-01 -2.839724810e-02 1.417203760e-04 8.402436970e-03 -2.822438360e-02 1.404670660e-04 8.070253550e-03 -1.728644980e-04 1.253310640e-06 3.321834130e-04
5.434469000e-01 -6.892784600e-02 6.164563820e-05 1.310509180e-02 -6.875582600e-02 6.039898560e-05 1.276057240e-02 -1.720199760e-04 1.246652570e-06 3.445194620e-04
5.440508000e-01 -1.911766790e-02 -6.446486340e-06 1.028673380e-02 -1.895574210e-02 -7.660736820e-06 9.931895780e-03 -1.619258170e-04 1.214250480e-06 3.548380420e-04
5.446711000e-01 -2.167223930e-02 1.446821030e-04 8.761732220e-03 -2.151912990e-02 1.434312820e-04 8.397102050e-03 -1.531093980e-04 1.250821640e-06 3.646301750e-04
5.452913000e-01 -5.197995350e-02 1.217270640e-04 1.272431010e-02 -5.182841070e-02 1.204466670e-04 1.234799290e-02 -1.515428720e-04 1.280397060e-06 3.763171100e-04
5.459116000e-01 1.020788110e-02 1.074285060e-04 8.566120700e-03 1.034587360e-02 1.061224870e-04 8.179595890e-03 -1.379924360e-04 1.306018790e-06 3.865248140e-04
5.465506000e-01 5.213318260e-02 5.485197610e-05 7.801171920e-03 5.225111080e-02 5.354649810e-05 7.404179050e-03 -1.179281910e-04 1.305477980e-06 3.969928680e-04
5.471896000e-01 1.177516740e-02 5.922015220e-05 9.197269890e-03 1.188215940e-02 5.791563670e-05 8.789155200e-03 -1.069919660e-04 1.304515450e-06 4.081146850e-04
5.478500000e-01 -4.229618440e-03 7.957139340e-05 1.016105760e-02 -4.131982830e-03 7.825597510e-05 9.741673300e-03 -9.763560190e-05 1.315418330e-06 4.193842610e-04
5.485103000e-01 -6.930511830e-03 4.828530210e-05 8.815993260e-03 -6.840668230e-03 4.697243770e-05 8.385204800e-03 -8.984360820e-05 1.312864310e-06 4.307884600e-04
5.491707000e-01 1.711528170e-02 1.701926870e-05 5.112134160e-03 1.719362250e-02 1.572053210e-05 4.679580940e-03 -7.834076360e-05 1.298736660e-06 4.325532200e-04
5.498564000e-01 4.512491770e-03 6.599234510e-05 8.610717720e-03 4.580941670e-03 6.468408950e-05 8.169952580e-03 -6.844990210e-05 1.308255640e-06 4.407651370e-04
5.505422000e-01 -1.955002960e-02 1.014353690e-04 1.407456260e-02 -1.948810210e-02 1.000959410e-04 1.361052060e-02 -6.192744170e-05 1.339428620e-06 4.640419460e-04
5.512279000e-01 5.221443680e-03 1.260735030e-04 1.085666510e-02 5.273276470e-03 1.246869630e-04 1.037962920e-02 -5.183278650e-05 1.386540260e-06 4.770358240e-04
5.519137000e-01 5.612617860e-03 -4.791224000e-05 1.012228230e-02 5.655659900e-03 -4.925176260e-05 9.636467540e-03 -4.304203560e-05 1.339522570e-06 4.858147570e-04
5.526321000e-01 -5.314950470e-03 1.429444750e-04 6.132824540e-03 -5.277591660e-03 1.415465230e-04 5.646653640e-03 -3.735880720e-05 1.397951840e-06 4.861708990e-04
5.533504000e-01 7.551323930e-02 -8.180740380e-05 1.084202700e-02 7.552849950e-02 -8.313828070e-05 1.033413590e-02 -1.526011230e-05 1.330876910e-06 5.078910280e-04
5.540688000e-01 1.432273050e-02 8.594679990e-05 1.154617750e-02 1.433168210e-02 8.458797110e-05 1.102192320e-02 -8.951613840e-06 1.358828810e-06 5.242543280e-04
5.547872000e-01 -4.116784480e-02 -7.225633120e-05 1.091345720e-02 -4.115462010e-02 -7.355603050e-05 1.037806040e-02 -1.322465620e-05 1.299699280e-06 5.353968740e-04
5.555505000e-01 8.473473550e-02 5.016142740e-05 1.012074950e-02 8.472394170e-02 4.885411640e-05 9.571911680e-03 1.079385600e-05 1.307310980e-06 5.488377920e-04
5.563138000e-01 3.714538430e-02 4.591404070e-05 8.293534620e-03 3.712576240e-02 4.460085500e-05 7.740760610e-03 1.962189780e-05 1.313185750e-06 5.527740100e-04
5.570771000e-01 2.953496850e-02 4.837812630e-05 9.918633550e-03 2.950799950e-02 4.705480520e-05 9.354940620e-03 2.696902020e-05 1.323321090e-06 5.636929270e-04
5.578404000e-01 4.200746040e-02 4.325815210e-05 1.332732160e-02 4.197067200e-02 4.192564550e-05 1.274043240e-02 3.678837810e-05 1.332506650e-06 5.868892300e-04
5.586037000e-01 1.351148440e-02 1.213198630e-05 1.068691380e-02 1.347064680e-02 1.081090030e-05 1.008887850e-02 4.083759870e-05 1.321086000e-06 5.980352880e-04
5.593670000e-01 8.220841120e-02 9.863520870e-05 1.011072000e-02 8.214953340e-02 9.728027970e-05 9.501084650e-03 5.887777540e-05 1.354929000e-06 6.096353240e-04
5.601303000e-01 7.153004380e-02 8.015143490e-05 8.586860940e-03 7.145835830e-02 7.876848220e-05 7.966619140e-03 7.168556100e-05 1.382952690e-06 6.202418070e-04
5.608936000e-01 3.117561690e-02 6.945940360e-05 1.092044350e-02 3.110046950e-02 6.805585560e-05 1.028840930e-02 7.514738910e-05 1.403547960e-06 6.320342050e-04
5.616569000e-01 3.350794630e-02 5.388698520e-05 1.400147940e-02 3.342680550e-02 5.247062870e-05 1.335613970e-02 8.114079640e-05 1.416356530e-06 6.453396530e-04
5.624202000e-01 7.153554800e-02 4.002951820e-05 1.290960070e-02 7.144015770e-02 3.860630890e-05 1.225281980e-02 9.539024390e-05 1.423209270e-06 6.567808200e-04
5.630745000e-01 5.467534690e-02 3.236165220e-05 1.389486420e-02 5.457410620e-02 3.094008610e-05 1.322349320e-02 1.012407550e-04 1.421566060e-06 6.713710300e-04
5.637287000e-01 7.132516530e-03 1.389373600e-05 1.627068180e-02 7.038064570e-03 1.248465830e-05 1.557871360e-02 9.445196720e-05 1.409077740e-06 6.919682480e-04
5.643830000e-01 1.076452150e-01 1.110054690e-05 1.255039500e-02 1.075372460e-01 9.701896820e-06 1.185760860e-02 1.079692560e-04 1.398650060e-06 6.927864350e-04
5.650372000e-01 1.304025520e-01 2.774329940e-05 1.430475950e-02 1.302804280e-01 2.634219530e-05 1.360501650e-02 1.221240020e-04 1.401104040e-06 6.997429310e-04
5.656915000e-01 1.535395030e-01 1.317769370e-05 2.055042590e-02 1.534004490e-01 1.178244980e-05 1.982811540e-02 1.390539710e-04 1.395243980e-06 7.223104510e-04
5.663457000e-01 3.458119480e-02 6.583328760e-05 1.105252160e-02 3.444802460e-02 6.441259740e-05 1.032858420e-02 1.331701710e-04 1.420690240e-06 7.239373440e-04
5.670000000e-01 4.284125260e-02 2.963251450e-05 1.204583180e-02 4.271005320e-02 2.820266780e-05 1.131783730e-02 1.311993650e-04 1.429846730e-06 7.279944680e-04
5.676231000e-01 1.609386820e-01 2.472141580e-05 2.057876940e-02 1.607883130e-01 2.328333300e-05 1.983161260e-02 1.503686280e-04 1.438082750e-06 7.471568050e-04
5.682366000e-01 8.421573010e-02 -6.180692870e-05 1.949196180e-02 8.406209440e-02 -6.321171870e-05 1.872802320e-02 1.536357010e-04 1.404790020e-06 7.639385890e-04
5.688315000e-01 6.045821920e-02 9.337062280e-05 1.982250730e-02 6.030472380e-02 9.192692220e-05 1.904178470e-02 1.534953890e-04 1.443700550e-06 7.807226100e-04
5.694174000e-01 1.368110610e-01 -1.286593940e-05 1.552482640e-02 1.366443680e-01 -1.429538910e-05 1.474614650e-02 1.666929220e-04 1.429449750e-06 7.786798880e-04
5.699944000e-01 1.180333470e-01 1.009835360e-04 1.671591160e-02 1.178585230e-01 9.951878320e-05 1.593335900e-02 1.748243880e-04 1.464753150e-06 7.825525710e-04
5.705626000e-01 5.961913620e-02 2.559255850e-05 2.041738880e-02 5.944625790e-02 2.412457950e-05 1.961468370e-02 1.728782460e-04 1.467978980e-06 8.027051120e-04
5.711223000e-01 7.095163310e-02 7.651429430e-05 1.577126710e-02 7.077722040e-02 7.502165450e-05 1.496234500e-02 1.744127200e-04 1.492639750e-06 8.089221770e-04
5.716735000e-01 8.246438760e-02 1.229238260e-04 1.179734310e-02 8.228697230e-02 1.213836170e-04 1.099482950e-02 1.774152030e-04 1.540209350e-06 8.025135430e-04
5.722246000e-01 6.950944170e-02 -6.989633090e-05 1.997976550e-02 6.933129810e-02 -7.140294170e-05 1.916041640e-02 1.781436260e-04 1.506610800e-06 8.193490970e-04
5.727673000e-01 7.750175670e-02 9.700553040e-05 2.471729330e-02 7.732356660e-02 9.546213740e-05 2.387208560e-02 1.781901140e-04 1.543392920e-06 8.452077010e-04
5.733017000e-01 1.250409540e-01 2.578526150e-05 1.788718780e-02 1.248533660e-01 2.423336280e-05 1.704223900e-02 1.875880970e-04 1.551898770e-06 8.449487830e-04
5.738278000e-01 1.453582540e-01 -7.409013590e-06 1.763294600e-02 1.451605180e-01 -8.953304170e-06 1.679107750e-02 1.977360580e-04 1.544290580e-06 8.418684830e-04
5.743459000e-01 7.715811770e-02 -5.242200870e-07 2.213217730e-02 7.696129850e-02 -2.062329960e-06 2.127581640e-02 1.968192130e-04 1.538109880e-06 8.563608250e-04
5.748639000e-01 8.227917950e-02 -2.411587940e-05 2.226011000e-02 8.208257710e-02 -2.563411100e-05 2.138972990e-02 1.966024240e-04 1.518231670e-06 8.703801600e-04
5.753738000e-01 9.822446890e-02 -4.687583260e-05 2.004554230e-02 9.802568440e-02 -4.836224920e-05 1.916989020e-02 1.987845220e-04 1.486416560e-06 8.756520870e-04
5.758838000e-01 1.032594710e-01 8.854103040e-05 2.050535350e-02 1.030584590e-01 8.702942580e-05 1.962420190e-02 2.010112810e-04 1.511604570e-06 8.811515570e-04
5.763856000e-01 8.998687240e-02 1.139242950e-06 1.939262630e-02 8.978502320e-02 -3.582960900e-07 1.850599240e-02 2.018492010e-04 1.497539040e-06 8.866338940e-04
5.768875000e-01 9.587452670e-02 -4.423147030e-06 2.090932940e-02 9.567147940e-02 -5.901027570e-06 2.001676850e-02 2.030472240e-04 1.477880540e-06 8.925609600e-04
5.773812000e-01 1.107482550e-01 6.912485640e-05 2.425325260e-02 1.105429900e-01 6.763830090e-05 2.334821240e-02 2.052654100e-04 1.486555550e-06 9.050402140e-04
5.778750000e-01 1.143322670e-01 -8.675066510e-05 2.512419230e-02 1.141248810e-01 -8.818651280e-05 2.420714900e-02 2.073859670e-04 1.435847690e-06 9.170432710e-04
5.783606000e-01 1.487074880e-01 -5.148583930e-06 2.479835120e-02 1.484918700e-01 -6.564347140e-06 2.387651670e-02 2.156188310e-04 1.415763210e-06 9.218345310e-04
5.788463000e-01 1.538347850e-01 1.330448280e-04 2.592631380e-02 1.536112710e-01 1.315971470e-04 2.499990800e-02 2.235143710e-04 1.447681510e-06 9.264058260e-04
5.793238000e-01 1.152238350e-01 -2.589657950e-04 2.480703370e-02 1.149992800e-01 -2.602977640e-04 2.386996910e-02 2.245546240e-04 1.331968840e-06 9.370645750e-04
5.798014000e-01 1.206166870e-01 -2.481073900e-04 2.750696750e-02 1.203908180e-01 -2.493281960e-04 2.655768870e-02 2.258689070e-04 1.220805730e-06 9.492787740e-04
5.802709000e-01 1.136961710e-01 2.848515200e-04 2.406645800e-02 1.134692470e-01 2.835431150e-04 2.311172980e-02 2.269242070e-04 1.308404980e-06 9.547281580e-04
5.807403000e-01 1.096929350e-01 2.523524700e-05 2.308229960e-02 1.094653950e-01 2.393721280e-05 2.212350050e-02 2.275397320e-04 1.298034250e-06 9.587990490e-04
5.812098000e-01 1.215955910e-01 -1.151417670e-05 2.401946870e-02 1.213660240e-01 -1.278386130e-05 2.305609550e-02 2.295674650e-04 1.269684560e-06 9.633732150e-04
5.816710000e-01 1.377801980e-01 -3.934511910e-05 2.414100240e-02 1.375473790e-01 -4.057931460e-05 2.317524060e-02 2.328196180e-04 1.234195510e-06 9.657618540e-04
5.821323000e-01 1.248199320e-01 -7.273151430e-06 2.637826370e-02 1.245854370e-01 -8.480649290e-06 2.540534780e-02 2.344948380e-04 1.207497870e-06 9.729158710e-04
5.825935000e-01 1.113891860e-01 4.864835860e-05 2.785100840e-02 1.111542490e-01 4.745190510e-05 2.686622980e-02 2.349371820e-04 1.196453510e-06 9.847785410e-04
5.830463000e-01 1.280415610e-01 8.874654150e-05 2.836462960e-02 1.278048440e-01 8.754257770e-05 2.737035750e-02 2.367169130e-04 1.203963820e-06 9.942720470e-04
5.834992000e-01 1.386297820e-01 -2.501053180e-05 3.013735870e-02 1.383903640e-01 -2.618062820e-05 2.913342030e-02 2.394183270e-04 1.170096450e-06 1.003938440e-03
5.839520000e-01 1.364733540e-01 9.681300140e-06 2.996420990e-02 1.362317130e-01 8.533577800e-06 2.895110930e-02 2.416415780e-04 1.147722340e-06 1.013100570e-03
5.844049000e-01 1.312791940e-01 1.070727900e-04 2.756265130e-02 1.310359630e-01 1.059142280e-04 2.654581800e-02 2.432311830e-04 1.158562220e-06 1.016833300e-03
5.848490000e-01 1.387608430e-01 1.717847140e-04 2.720285060e-02 1.385156370e-01 1.705995040e-04 2.618242860e-02 2.452064020e-04 1.185209890e-06 1.020421940e-03
5.852931000e-01 1.407166300e-01 9.608438190e-05 2.838501580e-02 1.404689610e-01 9.489854040e-05 2.736079040e-02 2.476690080e-04 1.185841510e-06 1.024225350e-03
5.857373000e-01 1.443664970e-01 1.361307330e-04 2.895914160e-02 1.441159790e-01 1.349328140e-04 2.793285670e-02 2.505174150e-04 1.197919110e-06 1.026284910e-03
5.861814000e-01 1.414866040e-01 9.761441490e-05 2.981231520e-02 1.412340050e-01 9.641986660e-05 2.877955040e-02 2.525991700e-04 1.194548370e-06 1.032764860e-03
5.866256000e-01 1.374747110e-01 1.190611920e-04 3.222817470e-02 1.372208590e-01 1.178634090e-04 3.118432660e-02 2.538519240e-04 1.197783440e-06 1.043848080e-03
5.870604000e-01 1.497095450e-01 7.449710850e-05 3.361565620e-02 1.494534690e-01 7.331112500e-05 3.256280180e-02 2.560758570e-04 1.185983500e-06 1.052854420e-03
5.874953000e-01 1.516508860e-01 1.077509930e-04 3.416454920e-02 1.513922930e-01 1.065675240e-04 3.310293640e-02 2.585934240e-04 1.183469060e-06 1.061612800e-03
5.879302000e-01 1.462955790e-01 1.204741070e-04 3.319724310e-02 1.460348610e-01 1.192914380e-04 3.212695950e-02 2.607188300e-04 1.182669890e-06 1.070283550e-03
5.883651000e-01 1.523950410e-01 9.456712590e-05 3.109938010e-02 1.521322450e-01 9.339261510e-05 3.002578760e-02 2.627965230e-04 1.174510770e-06 1.073592550e-03
5.888000000e-01 1.384954130e-01 8.490437990e-05 2.892855600e-02 1.382312550e-01 8.374011160e-05 2.785363050e-02 2.641582730e-04 1.164268320e-06 1.074925490e-03
5.892250000e-01 1.561792400e-01 1.635833020e-04 3.352636590e-02 1.559126870e-01 1.624011900e-04 3.244513510e-02 2.665527110e-04 1.182112660e-06 1.081230800e-03
5.896500000e-01 1.854799290e-01 2.222943820e-04 3.711312880e-02 1.852086310e-01 2.210780680e-04 3.602325740e-02 2.712977110e-04 1.216313970e-06 1.089871380e-03
5.900750000e-01 1.595579640e-01 1.713173960e-04 3.460650480e-02 1.592849580e-01 1.700836570e-04 3.350904950e-02 2.730063030e-04 1.233739020e-06 1.097455300e-03
5.905000000e-01 1.119327380e-01 1.537965550e-04 3.172753690e-02 1.116643690e-01 1.525466400e-04 3.062128230e-02 2.683688240e-04 1.249915220e-06 1.106254510e-03
5.909250000e-01 1.068405710e-01 -4.906281400e-05 3.207058640e-02 1.065763050e-01 -5.026777840e-05 3.095489730e-02 2.642651250e-04 1.204964410e-06 1.115689090e-03
5.913500000e-01 1.534982920e-01 -1.203539570e-04 3.326250600e-02 1.532310920e-01 -1.214948280e-04 3.214357360e-02 2.672001570e-04 1.140871120e-06 1.118932450e-03
5.917750000e-01 1.728312550e-01 -1.894538440e-05 3.378954860e-02 1.725591340e-01 -2.005154390e-05 3.267118710e-02 2.721209400e-04 1.106159480e-06 1.118361520e-03
5.922000000e-01 1.665653800e-01 3.078732270e-05 3.418674050e-02 1.662903010e-01 2.969782510e-05 3.306380030e-02 2.750793970e-04 1.089497590e-06 1.122940240e-03
5.926135000e-01 1.728607590e-01 4.605781650e-05 3.922223430e-02 1.725831600e-01 4.497893860e-05 3.808932770e-02 2.775992290e-04 1.078877900e-06 1.132906660e-03
5.930270000e-01 1.718368170e-01 3.469193970e-05 3.856442640e-02 1.715566930e-01 3.363157150e-05 3.742375640e-02 2.801235180e-04 1.060368200e-06 1.140669980e-03
5.934405000e-01 1.783718090e-01 1.610930270e-05 3.932555400e-02 1.780885730e-01 1.507908020e-05 3.817786740e-02 2.832365530e-04 1.030222540e-06 1.147686670e-03
5.938540000e-01 1.982909500e-01 2.092101170e-05 4.186477130e-02 1.980028710e-01 1.991752460e-05 4.071046450e-02 2.880793020e-04 1.003487130e-06 1.154306810e-03
5.942676000e-01 1.562957110e-01 -6.438055590e-05 3.835133990e-02 1.560080580e-01 -6.532825540e-05 3.718969790e-02 2.876529710e-04 9.476995220e-07 1.161642000e-03
5.946811000e-01 1.096567900e-01 -1.273464120e-05 3.422293110e-02 1.093747340e-01 -1.364295920e-05 3.305218630e-02 2.820561530e-04 9.083180290e-07 1.170744800e-03
5.950946000e-01 1.378198370e-01 4.950560930e-05 3.642718370e-02 1.375392160e-01 4.862024060e-05 3.524931790e-02 2.806214950e-04 8.853687050e-07 1.177865810e-03
5.955081000e-01 1.817749270e-01 -2.821016880e-04 3.755470940e-02 1.814895090e-01 -2.828738750e-04 3.637620230e-02 2.854176810e-04 7.721872070e-07 1.178507040e-03
5.959216000e-01 1.989259880e-01 -1.253319850e-05 3.898291790e-02 1.986347920e-01 -1.326989450e-05 3.780486130e-02 2.911959610e-04 7.366960410e-07 1.178056560e-03
5.963209000e-01 1.622078920e-01 2.424429460e-04 3.786931560e-02 1.619170670e-01 2.416715940e-04 3.668586360e-02 2.908250390e-04 7.713513680e-07 1.183452040e-03
5.967201000e-01 1.143562460e-01 -3.284390040e-05 3.481895180e-02 1.140707510e-01 -3.357377920e-05 3.362645850e-02 2.854947930e-04 7.298787770e-07 1.192493280e-03
5.971194000e-01 1.477644470e-01 -6.825785660e-05 3.908742560e-02 1.474797980e-01 -6.893897070e-05 3.788798010e-02 2.846486050e-04 6.811140840e-07 1.199445490e-03
5.975186000e-01 1.965677460e-01 -3.645009890e-04 4.453457280e-02 1.962780020e-01 -3.650554880e-04 4.332877550e-02 2.897444920e-04 5.544987720e-07 1.205797360e-03
5.979179000e-01 2.136023910e-01 -7.375608000e-05 4.642328170e-02 2.133067170e-01 -7.426004900e-05 4.521159150e-02 2.956737300e-04 5.039690210e-07 1.211690170e-03
5.983171000e-01 1.698262200e-01 1.552267760e-04 4.136970730e-02 1.695304700e-01 1.547203660e-04 4.015163740e-02 2.957503060e-04 5.064100620e-07 1.218069890e-03
5.987164000e-01 1.319547490e-01 5.071762930e-07 3.733358060e-02 1.316627230e-01 3.120983000e-08 3.610832470e-02 2.920256940e-04 4.759664630e-07 1.225255850e-03
5.991156000e-01 1.504944860e-01 5.804528100e-06 4.001013100e-02 1.502035700e-01 5.355051950e-06 3.877828320e-02 2.909157810e-04 4.494761400e-07 1.231847800e-03
5.995149000e-01 1.438647870e-01 4.957232530e-04 3.727863440e-02 1.435750210e-01 4.951453570e-04 3.604137940e-02 2.897653870e-04 5.778960450e-07 1.237255030e-03
5.999142000e-01 1.465060730e-01 -3.723201740e-04 3.852516240e-02 1.462181390e-01 -3.727539880e-04 3.728273140e-02 2.879335670e-04 4.338133640e-07 1.242430970e-03
6.003134000e-01 1.782409620e-01 1.468814880e-05 4.321532890e-02 1.779508240e-01 1.427605310e-05 4.196676760e-02 2.901373080e-04 4.120957040e-07 1.248561210e-03
6.007127000e-01 2.332527110e-01 7.586838640e-05 5.170672420e-02 2.329548600e-01 7.546698630e-05 5.045080420e-02 2.978516060e-04 4.014001410e-07 1.255920000e-03
6.011119000e-01 2.135933170e-01 1.128394270e-04 4.864271670e-02 2.132908510e-01 1.124362430e-04 4.738041140e-02 3.024669200e-04 4.031848090e-07 1.262305300e-03
6.015112000e-01 1.185786190e-01 4.452929440e-06 3.660775860e-02 1.182829640e-01 4.086971420e-06 3.533974670e-02 2.956547340e-04 3.659580220e-07 1.268011870e-03
6.019104000e-01 8.682887160e-02 -3.779499110e-05 3.200039220e-02 8.654305860e-02 -3.811093520e-05 3.072617880e-02 2.858130430e-04 3.159440970e-07 1.274213430e-03
6.023097000e-01 1.618101160e-01 4.869903380e-05 4.088311370e-02 1.615237040e-01 4.841686360e-05 3.960501400e-02 2.864113690e-04 2.821702870e-07 1.278099670e-03
6.027089000e-01 2.330980310e-01 -1.291943000e-04 4.755230890e-02 2.328021980e-01 -1.293871320e-04 4.627502120e-02 2.958323590e-04 1.928316110e-07 1.277287760e-03
6.031082000e-01 2.134451250e-01 -5.036148940e-05 4.590886770e-02 2.131437110e-01 -5.048703140e-05 4.463120960e-02 3.014136100e-04 1.255420130e-07 1.277658130e-03
6.035075000e-01 1.844757400e-01 8.185793600e-05 4.796687390e-02 1.841744120e-01 8.175450910e-05 4.667894400e-02 3.013279190e-04 1.034268770e-07 1.287929910e-03
6.039067000e-01 1.789816110e-01 -1.659785580e-05 4.898286200e-02 1.786811320e-01 -1.664414960e-05 4.768212980e-02 3.004784980e-04 4.629378830e-08 1.300732150e-03
6.043060000e-01 1.794578600e-01 -2.367139920e-05 4.794574470e-02 1.791572460e-01 -2.365733710e-05 4.663644070e-02 3.006133550e-04 -1.406210620e-08 1.309304020e-03
6.047052000e-01 1.787955850e-01 -6.744297510e-05 4.536168000e-02 1.784946570e-01 -6.735591510e-05 4.404695410e-02 3.009286250e-04 -8.705996320e-08 1.314725950e-03
6.051045000e-01 1.707047810e-01 1.300747600e-05 4.521468470e-02 1.704037950e-01 1.314220570e-05 4.389346640e-02 3.009858350e-04 -1.347296950e-07 1.321218310e-03
6.055037000e-01 1.662128860e-01 -8.428930720e-05 3.953332820e-02 1.659117280e-01 -8.407991060e-05 3.821176440e-02 3.011581870e-04 -2.093965700e-07 1.321563840e-03
6.059030000e-01 1.659396150e-01 -1.326582280e-05 3.785379150e-02 1.656380210e-01 -1.300515010e-05 3.653724580e-02 3.015938700e-04 -2.606726710e-07 1.316545750e-03
6.063022000e-01 1.778528570e-01 -9.218956620e-05 4.435006930e-02 1.775506550e-01 -9.184948510e-05 4.303008400e-02 3.022026420e-04 -3.400810830e-07 1.319985300e-03
6.067015000e-01 1.915595240e-01 -8.712544970e-05 5.225995540e-02 1.912564750e-01 -8.670555610e-05 5.092608400e-02 3.030489980e-04 -4.198935460e-07 1.333871400e-03
6.071007000e-01 1.976350700e-01 -1.040923190e-04 5.300664540e-02 1.973309890e-01 -1.035890800e-04 5.166046940e-02 3.040809970e-04 -5.032388010e-07 1.346176010e-03
6.075000000e-01 1.889205020e-01 -1.678032650e-04 4.748180850e-02 1.886155510e-01 -1.671978200e-04 4.613027360e-02 3.049508530e-04 -6.054450080e-07 1.351534910e-03
6.078971000e-01 1.954664960e-01 -6.808860880e-05 4.553167680e-02 1.951591810e-01 -6.740778100e-05 4.417886300e-02 3.073150740e-04 -6.808277590e-07 1.352813790e-03
6.082941000e-01 1.828186860e-01 3.181640810e-05 4.755036810e-02 1.825114730e-01 3.253734000e-05 4.619262480e-02 3.072129800e-04 -7.209318840e-07 1.357743340e-03
6.086912000e-01 1.405801990e-01 -5.198433440e-05 4.229564450e-02 1.402783410e-01 -5.119864870e-05 4.093218380e-02 3.018576260e-04 -7.856856660e-07 1.363460670e-03
6.090882000e-01 1.318806400e-01 -1.102086350e-04 4.030156500e-02 1.315839910e-01 -1.093468070e-04 3.893247120e-02 2.966490700e-04 -8.618285180e-07 1.369093750e-03
6.094894000e-01 1.801785770e-01 -9.791859460e-05 4.756384220e-02 1.798809670e-01 -9.698673690e-05 4.618984010e-02 2.976095930e-04 -9.318576400e-07 1.374002080e-03
6.098905000e-01 2.249676760e-01 -5.809069020e-05 5.435977490e-02 2.246646640e-01 -5.710199580e-05 5.298215470e-02 3.030127950e-04 -9.886944480e-07 1.377620220e-03
6.102917000e-01 2.040796960e-01 -1.831871010e-04 5.098426520e-02 2.037750410e-01 -1.821041850e-04 4.960203600e-02 3.046543900e-04 -1.082916070e-06 1.382229230e-03
6.106928000e-01 1.482860270e-01 -1.632538470e-05 4.269477800e-02 1.479858130e-01 -1.520962780e-05 4.130737890e-02 3.002139640e-04 -1.115756870e-06 1.387399060e-03
6.110940000e-01 1.431932890e-01 -1.035919110e-04 4.304178610e-02 1.428976910e-01 -1.024203130e-04 4.164856380e-02 2.955976660e-04 -1.171598160e-06 1.393222280e-03
6.114951000e-01 1.861448060e-01 -4.532098220e-05 4.937810360e-02 1.858479820e-01 -4.411085220e-05 4.798005940e-02 2.968241940e-04 -1.210130050e-06 1.398044160e-03
6.118963000e-01 2.220135360e-01 -7.108292620e-05 5.300952400e-02 2.217120920e-01 -6.982464610e-05 5.160855590e-02 3.014441760e-04 -1.258280110e-06 1.400968110e-03
6.122975000e-01 2.062148130e-01 -2.120937160e-04 5.260274820e-02 2.059111570e-01 -2.107419550e-04 5.119735080e-02 3.036559860e-04 -1.351760220e-06 1.405397470e-03
6.126986000e-01 2.144893450e-01 3.249349180e-04 5.514220530e-02 2.141828760e-01 3.262244790e-04 5.373159070e-02 3.064692830e-04 -1.289560680e-06 1.410614560e-03
6.130998000e-01 2.343691920e-01 1.336308200e-04 5.993943750e-02 2.340575470e-01 1.349011040e-04 5.852386700e-02 3.116451610e-04 -1.270284320e-06 1.415570520e-03
6.135009000e-01 1.785141050e-01 -2.240588110e-04 5.203016810e-02 1.782059460e-01 -2.226990820e-04 5.060689550e-02 3.081591270e-04 -1.359728800e-06 1.423272560e-03
6.139068000e-01 9.089547730e-02 -2.749780290e-04 3.647134440e-02 9.060005720e-02 -2.735300850e-04 3.503839300e-02 2.954201250e-04 -1.447943990e-06 1.432951380e-03
6.143127000e-01 1.331063060e-01 -8.716738050e-05 4.465427620e-02 1.328168440e-01 -8.567920700e-05 4.321237530e-02 2.894627220e-04 -1.488173440e-06 1.441900850e-03
6.147185000e-01 2.234862690e-01 -2.166031300e-04 5.659204940e-02 2.231910010e-01 -2.150390850e-04 5.514578090e-02 2.952674740e-04 -1.564045000e-06 1.446268440e-03
6.151244000e-01 2.419956740e-01 -2.024149170e-04 5.995545420e-02 2.416937770e-01 -2.007737250e-04 5.850441440e-02 3.018968930e-04 -1.641191980e-06 1.451039870e-03
6.155303000e-01 1.934340570e-01 -2.922950190e-04 5.241790350e-02 1.931323100e-01 -2.905494310e-04 5.096250830e-02 3.017472970e-04 -1.745588480e-06 1.455395260e-03
6.159361000e-01 1.672467190e-01 1.247151290e-04 4.865975250e-02 1.669484300e-01 1.264261670e-04 4.720112580e-02 2.982895560e-04 -1.711038730e-06 1.458626790e-03
6.163472000e-01 1.699229660e-01 1.478634090e-04 5.030095070e-02 1.696265010e-01 1.495487220e-04 4.883765430e-02 2.964651540e-04 -1.685313150e-06 1.463296430e-03
6.167583000e-01 1.728795830e-01 -8.368246210e-05 5.057548410e-02 1.725844820e-01 -8.196229630e-05 4.910672690e-02 2.951017930e-04 -1.720165780e-06 1.468757140e-03
6.171694000e-01 1.843483810e-01 1.065633030e-04 5.324189370e-02 1.840540820e-01 1.082574850e-04 5.176704690e-02 2.942985320e-04 -1.694181510e-06 1.474846760e-03
6.175804000e-01 1.858973490e-01 -6.466035130e-05 5.222999470e-02 1.856037190e-01 -6.292696400e-05 5.075059130e-02 2.936295530e-04 -1.733387290e-06 1.479403500e-03
6.179915000e-01 1.946239920e-01 -1.403287450e-05 5.013006590e-02 1.943304820e-01 -1.227768090e-05 4.864969500e-02 2.935107960e-04 -1.755193550e-06 1.480370900e-03
6.184083000e-01 1.839706270e-01 1.731814820e-04 4.933015340e-02 1.836776240e-01 1.749050800e-04 4.784575100e-02 2.930036880e-04 -1.723598680e-06 1.484402470e-03
6.188251000e-01 1.989147940e-01 -1.294424510e-04 5.723463650e-02 1.986218280e-01 -1.276467000e-04 5.573892810e-02 2.929655340e-04 -1.795750810e-06 1.495708410e-03
6.192419000e-01 2.001968070e-01 -1.103620830e-04 6.043589450e-02 1.999041240e-01 -1.085093340e-04 5.892788970e-02 2.926833240e-04 -1.852748620e-06 1.508004740e-03
6.196587000e-01 1.940213770e-01 1.077601450e-04 5.533675020e-02 1.937290880e-01 1.095966910e-04 5.382361520e-02 2.922889300e-04 -1.836545970e-06 1.513134960e-03
6.200754000e-01 1.958428380e-01 7.116664170e-06 5.282189050e-02 1.955495820e-01 8.968822500e-06 5.130810560e-02 2.932566240e-04 -1.852158330e-06 1.513784890e-03
6.204922000e-01 1.831632070e-01 -1.578253120e-04 5.261036780e-02 1.828716430e-01 -1.559136770e-04 5.109229820e-02 2.915645940e-04 -1.911635050e-06 1.518069560e-03
6.209154000e-01 1.324929270e-01 -1.810659340e-04 4.431507660e-02 1.322088310e-01 -1.790753390e-04 4.279139430e-02 2.840961990e-04 -1.990594610e-06 1.523682290e-03
6.213386000e-01 1.475686840e-01 -1.373559370e-04 4.653836850e-02 1.472899700e-01 -1.353004740e-04 4.500940370e-02 2.787146280e-04 -2.055462850e-06 1.528964790e-03
6.217618000e-01 1.907850700e-01 -1.778693460e-04 5.346205830e-02 1.905052260e-01 -1.757270090e-04 5.192935050e-02 2.798447390e-04 -2.142336400e-06 1.532707760e-03
6.221850000e-01 1.989165330e-01 -1.258067590e-04 5.479884270e-02 1.986348300e-01 -1.235954170e-04 5.326489120e-02 2.817027040e-04 -2.211342000e-06 1.533951540e-03
6.226082000e-01 1.973154410e-01 1.585881820e-05 5.651384310e-02 1.970331960e-01 1.809741630e-05 5.497318890e-02 2.822448090e-04 -2.238598070e-06 1.540654270e-03
6.230386000e-01 2.187069900e-01 -1.803880870e-04 6.495698740e-02 2.184228750e-01 -1.780555310e-04 6.340268750e-02 2.841147440e-04 -2.332555890e-06 1.554299820e-03
6.234616000e-01 2.152206410e-01 -2.170987210e-04 6.402109050e-02 2.149360160e-01 -2.146687560e-04 6.245718200e-02 2.846256210e-04 -2.429964740e-06 1.563908480e-03
6.238847000e-01 1.522388160e-01 -9.791974150e-05 4.772227120e-02 1.519598410e-01 -9.542682380e-05 4.615619330e-02 2.789751720e-04 -2.492917650e-06 1.566077870e-03
6.243154000e-01 1.534811020e-01 -1.993781960e-04 4.742924410e-02 1.532067160e-01 -1.967909890e-04 4.586082480e-02 2.743855530e-04 -2.587207340e-06 1.568419360e-03
6.247460000e-01 1.657337360e-01 -2.774202820e-04 4.994064150e-02 1.654625290e-01 -2.747079580e-04 4.836785690e-02 2.712071580e-04 -2.712324510e-06 1.572784590e-03
6.251766000e-01 1.706433310e-01 -2.548717620e-04 5.160370400e-02 1.703750350e-01 -2.520471090e-04 5.002481820e-02 2.682954570e-04 -2.824652990e-06 1.578885820e-03
6.256072000e-01 1.543232820e-01 -1.862895510e-04 4.648040610e-02 1.540584650e-01 -1.833696170e-04 4.489801290e-02 2.648167540e-04 -2.919933350e-06 1.582393170e-03
6.260463000e-01 1.524840220e-01 5.087452840e-05 4.612472690e-02 1.522232570e-01 5.381680780e-05 4.454088420e-02 2.607647940e-04 -2.942279380e-06 1.583842720e-03
6.264854000e-01 1.616474490e-01 -1.256337770e-04 4.917857310e-02 1.613894930e-01 -1.226037240e-04 4.759107650e-02 2.579561170e-04 -3.030053580e-06 1.587496560e-03
6.269245000e-01 2.273172010e-01 -2.641087280e-04 6.503706620e-02 2.270549150e-01 -2.609509570e-04 6.343854590e-02 2.622856970e-04 -3.157770880e-06 1.598520390e-03
6.273635000e-01 2.394548990e-01 -5.750825910e-05 6.994308330e-02 2.391881030e-01 -5.429127270e-05 6.833236880e-02 2.667953840e-04 -3.216986370e-06 1.610714500e-03
6.278026000e-01 1.872590940e-01 -2.954760670e-05 5.603869100e-02 1.869948350e-01 -2.628164410e-05 5.442372960e-02 2.642588270e-04 -3.265962590e-06 1.614961420e-03
6.282417000e-01 1.676231120e-01 -1.036205920e-04 4.993563020e-02 1.673620110e-01 -1.002827430e-04 4.832022040e-02 2.611011790e-04 -3.337849470e-06 1.615409770e-03
6.286808000e-01 1.539307400e-01 -1.394872230e-04 4.921083070e-02 1.536749160e-01 -1.360705770e-04 4.759129930e-02 2.558241070e-04 -3.416646670e-06 1.619531390e-03
6.291300000e-01 9.304866210e-02 -1.634632700e-04 3.560154560e-02 9.280488370e-02 -1.599537530e-04 3.397655360e-02 2.437783990e-04 -3.509517520e-06 1.624992000e-03
6.295793000e-01 1.416955390e-01 8.844296100e-06 4.740491570e-02 1.414573870e-01 1.238445190e-05 4.577492380e-02 2.381527520e-04 -3.540155820e-06 1.629991940e-03
6.300286000e-01 2.314651930e-01 1.927153820e-06 6.534958800e-02 2.312194320e-01 5.505895460e-06 6.371704040e-02 2.457609270e-04 -3.578741630e-06 1.632547610e-03
6.304779000e-01 2.299699820e-01 -1.043459610e-05 6.522411680e-02 2.297190900e-01 -6.813825990e-06 6.358899120e-02 2.508916770e-04 -3.620770080e-06 1.635125630e-03
6.309272000e-01 1.489612010e-01 -2.125324810e-05 5.120598210e-02 1.487186040e-01 -1.758726340e-05 4.956040990e-02 2.425974650e-04 -3.665984640e-06 1.645572150e-03
6.313765000e-01 1.420076920e-01 -9.807399410e-05 5.299390650e-02 1.417738610e-01 -9.433937640e-05 5.133363780e-02 2.338313460e-04 -3.734617750e-06 1.660268640e-03
6.318258000e-01 1.268005190e-01 -4.061810310e-05 4.286886450e-02 1.265738910e-01 -3.682950330e-05 4.120766060e-02 2.266285510e-04 -3.788599750e-06 1.661203890e-03
6.322879000e-01 9.231188470e-02 1.467752670e-05 3.010711110e-02 9.209543990e-02 1.851357070e-05 2.845518830e-02 2.164447690e-04 -3.836044000e-06 1.651922820e-03
6.327500000e-01 1.814400940e-01 1.534006370e-04 5.450526320e-02 1.812236770e-01 1.572307370e-04 5.284929130e-02 2.164174870e-04 -3.830099970e-06 1.655971900e-03
6.332121000e-01 3.021060910e-01 -1.591463710e-04 8.669170090e-02 3.018760780e-01 -1.552274650e-04 8.501962730e-02 2.300135740e-04 -3.918905870e-06 1.672073620e-03
6.336742000e-01 2.160370810e-01 9.340214700e-05 6.629550240e-02 2.158063430e-01 9.733808260e-05 6.461493690e-02 2.307384260e-04 -3.935935640e-06 1.680565550e-03
6.341364000e-01 6.576800360e-02 -3.366717650e-05 3.048427720e-02 6.555653590e-02 -2.966903900e-05 2.880283620e-02 2.114677300e-04 -3.998137490e-06 1.681440960e-03
6.345985000e-01 9.554741610e-02 7.315718490e-05 3.866806490e-02 9.534796540e-02 7.718103610e-05 3.698293430e-02 1.994506550e-04 -4.023851180e-06 1.685130610e-03
6.350606000e-01 1.888755880e-01 2.734061530e-05 5.754484260e-02 1.886735840e-01 3.140859770e-05 5.585498770e-02 2.020039560e-04 -4.067982430e-06 1.689854910e-03
6.355227000e-01 1.943470280e-01 1.101839470e-04 6.030102940e-02 1.941438250e-01 1.142656040e-04 5.860647210e-02 2.032032610e-04 -4.081656850e-06 1.694557370e-03
6.359848000e-01 1.982725460e-01 -5.150220240e-05 6.357055340e-02 1.980692870e-01 -4.734679060e-05 6.186710570e-02 2.032590780e-04 -4.155411770e-06 1.703447710e-03
6.364470000e-01 2.191787320e-01 1.136209420e-04 7.067619250e-02 2.189731710e-01 1.177938950e-04 6.896157630e-02 2.055611040e-04 -4.172953150e-06 1.714616190e-03
6.369091000e-01 1.241678450e-01 5.118424930e-05 4.500028820e-02 1.239720180e-01 5.540075700e-05 4.328425230e-02 1.958269390e-04 -4.216507630e-06 1.716035920e-03
6.373913000e-01 5.737933450e-02 -2.256298190e-05 2.637710790e-02 5.719963040e-02 -1.827985830e-05 2.466522580e-02 1.797040740e-04 -4.283123580e-06 1.711882090e-03
6.378735000e-01 1.260452130e-01 -4.627004850e-05 4.594577340e-02 1.258723290e-01 -4.192133680e-05 4.422814000e-02 1.728843310e-04 -4.348711690e-06 1.717633400e-03
6.383557000e-01 1.686805330e-01 7.129125820e-05 5.942177720e-02 1.685114690e-01 7.566253130e-05 5.769101460e-02 1.690639280e-04 -4.371273090e-06 1.730762560e-03
6.388379000e-01 1.784058140e-01 1.321184090e-04 5.935553400e-02 1.782380970e-01 1.364882290e-04 5.761932770e-02 1.677169750e-04 -4.369820760e-06 1.736206290e-03
6.393202000e-01 2.049489520e-01 -9.967214340e-05 6.155566750e-02 2.047755670e-01 -9.522576540e-05 5.982336290e-02 1.733855210e-04 -4.446377920e-06 1.732304610e-03
6.398024000e-01 1.776671330e-01 -7.342529230e-05 5.891870800e-02 1.774961230e-01 -6.890485190e-05 5.718335850e-02 1.710100600e-04 -4.520440420e-06 1.735349480e-03
6.402846000e-01 1.141188000e-01 1.211938380e-05 4.764252590e-02 1.139614200e-01 1.669353220e-05 4.589509950e-02 1.573793000e-04 -4.574148440e-06 1.747426400e-03
6.407668000e-01 1.202905000e-01 1.017294530e-05 4.717364770e-02 1.201428950e-01 1.480032840e-05 4.541774660e-02 1.476053490e-04 -4.627383130e-06 1.755901110e-03
6.412490000e-01 1.178202380e-01 1.419284030e-05 4.621107780e-02 1.176831200e-01 1.886810660e-05 4.444896300e-02 1.371180580e-04 -4.675266310e-06 1.762114810e-03
6.417312000e-01 1.186483200e-01 -9.911440420e-05 4.691277290e-02 1.185193030e-01 -9.434647830e-05 4.514526700e-02 1.290170970e-04 -4.767925890e-06 1.767506000e-03
6.422134000e-01 2.011269390e-01 -2.119415540e-04 6.146750820e-02 2.009913390e-01 -2.070307910e-04 5.970505690e-02 1.356001100e-04 -4.910763400e-06 1.762451280e-03
6.426957000e-01 1.909523670e-01 8.360355080e-06 6.123893520e-02 1.908138120e-01 1.333164890e-05 5.947885210e-02 1.385555450e-04 -4.971293840e-06 1.760083080e-03
6.431779000e-01 1.280530240e-01 -1.616942200e-04 5.348387700e-02 1.279255940e-01 -1.565964440e-04 5.170914880e-02 1.274299670e-04 -5.097775800e-06 1.774728150e-03
6.436601000e-01 1.173055640e-01 5.113566020e-06 4.932504230e-02 1.171884100e-01 1.027029810e-05 4.753677610e-02 1.171544130e-04 -5.156732090e-06 1.788266180e-03
6.441423000e-01 1.081868450e-01 -2.402884140e-05 4.116295150e-02 1.080785430e-01 -1.880758960e-05 3.937781330e-02 1.083018510e-04 -5.221251710e-06 1.785138240e-03
6.446245000e-01 1.193783090e-01 1.151000550e-04 4.056007010e-02 1.192772950e-01 1.203363790e-04 3.878047940e-02 1.010134970e-04 -5.236324380e-06 1.779590640e-03
6.451067000e-01 1.141639750e-01 7.548864150e-05 4.603747190e-02 1.140708990e-01 8.075799100e-05 4.425205440e-02 9.307640690e-05 -5.269349530e-06 1.785417570e-03
6.455889000e-01 1.134974290e-01 -7.111934030e-05 4.809977530e-02 1.134131090e-01 -6.576573340e-05 4.630594170e-02 8.431978760e-05 -5.353606840e-06 1.793833530e-03
6.460711000e-01 1.537598910e-01 1.074533640e-04 5.732876740e-02 1.536775190e-01 1.128287940e-04 5.553015890e-02 8.237132160e-05 -5.375430280e-06 1.798608530e-03
6.465534000e-01 1.666916250e-01 2.283352000e-04 5.863176240e-02 1.666085610e-01 2.336875760e-04 5.683093310e-02 8.306447380e-05 -5.352376320e-06 1.800829240e-03
6.470356000e-01 1.347727000e-01 2.328792090e-05 5.333212580e-02 1.346959830e-01 2.869523780e-05 5.152574240e-02 7.671632250e-05 -5.407316840e-06 1.806383330e-03
6.475178000e-01 1.205294770e-01 7.738152100e-05 5.319393610e-02 1.204617320e-01 8.281994620e-05 5.137748620e-02 6.774528420e-05 -5.438425140e-06 1.816449880e-03
6.480000000e-01 1.218899820e-01 -5.115299010e-05 4.909239600e-02 1.218291500e-01 -4.564118830e-05 4.727386690e-02 6.083183400e-05 -5.511801810e-06 1.818529170e-03
6.485063000e-01 1.134545340e-01 1.254879760e-04 4.542263800e-02 1.134003210e-01 1.310164990e-04 4.360937200e-02 5.421279020e-05 -5.528523200e-06 1.813265960e-03
6.490190000e-01 1.136456870e-01 1.354514230e-04 4.494011250e-02 1.135981370e-01 1.409897670e-04 4.312415620e-02 4.754997750e-05 -5.538344190e-06 1.815956310e-03
6.495317000e-01 1.513267220e-01 5.274441850e-05 6.075479880e-02 1.512831910e-01 5.832263230e-05 5.892773140e-02 4.353078050e-05 -5.578213870e-06 1.827067420e-03
6.500445000e-01 1.164542300e-01 -2.782623830e-05 4.996610760e-02 1.164197870e-01 -2.217969750e-05 4.813301060e-02 3.444293290e-05 -5.646540830e-06 1.833096930e-03
6.505572000e-01 7.835927290e-02 4.700737150e-05 3.973435980e-02 7.833933160e-02 5.269109750e-05 3.789660540e-02 1.994134100e-05 -5.683725990e-06 1.837754430e-03
6.510770000e-01 1.037910710e-01 1.823686930e-04 4.558994000e-02 1.037785060e-01 1.880300140e-04 4.374892200e-02 1.256501310e-05 -5.661321460e-06 1.841018020e-03
6.515967000e-01 1.179720800e-01 4.810758240e-05 4.838248430e-02 1.179635300e-01 5.380038400e-05 4.654069990e-02 8.550412100e-06 -5.692801600e-06 1.841784390e-03
6.521165000e-01 1.261071290e-01 1.213188700e-04 5.472680160e-02 1.261036370e-01 1.270167380e-04 5.287990170e-02 3.492610510e-06 -5.697867570e-06 1.846899920e-03
6.526363000e-01 1.296816190e-01 4.056189060e-05 5.796912020e-02 1.296832080e-01 4.629638820e-05 5.611458880e-02 -1.588539930e-06 -5.734497550e-06 1.854531410e-03
6.531560000e-01 1.102833400e-01 3.648791350e-05 4.869463860e-02 1.102905160e-01 4.225360750e-05 4.683723420e-02 -7.176376670e-06 -5.765693970e-06 1.857404350e-03
6.536758000e-01 1.379940070e-01 1.939052610e-05 5.664394770e-02 1.380031960e-01 2.519043170e-05 5.478502650e-02 -9.188557540e-06 -5.799905520e-06 1.858921280e-03
6.541956000e-01 5.931525620e-02 1.693063290e-04 3.552697210e-02 5.934018610e-02 1.750828120e-04 3.366306650e-02 -2.492993680e-05 -5.776482930e-06 1.863905520e-03
6.547153000e-01 2.473442800e-02 2.436976740e-04 2.816230240e-02 2.478168050e-02 2.494287500e-04 2.628991290e-02 -4.725246850e-05 -5.731076470e-06 1.872389510e-03
6.552351000e-01 1.409417730e-01 -6.383039050e-05 5.703863520e-02 1.409868910e-01 -5.802650870e-05 5.516786970e-02 -4.511766420e-05 -5.803881870e-06 1.870765550e-03
6.557549000e-01 1.877818500e-01 -3.463313270e-05 6.888166890e-02 1.878171790e-01 -2.877469150e-05 6.701651240e-02 -3.532865160e-05 -5.858441220e-06 1.865156470e-03
6.562746000e-01 6.439176320e-02 3.928422920e-05 3.944362380e-02 6.444305590e-02 4.516247520e-05 3.757254220e-02 -5.129275110e-05 -5.878246040e-06 1.871081600e-03
6.567944000e-01 2.538806090e-02 1.506205040e-05 2.963862250e-02 2.545931440e-02 2.096379790e-05 2.775994360e-02 -7.125350280e-05 -5.901747590e-06 1.878678940e-03
6.573141000e-01 8.876587370e-02 3.539058470e-05 4.886447230e-02 8.884565420e-02 4.131031920e-05 4.697522630e-02 -7.978047350e-05 -5.919734500e-06 1.889245920e-03
6.578339000e-01 9.602560420e-02 3.340574490e-05 5.198117290e-02 9.611360170e-02 3.933601270e-05 5.007964470e-02 -8.799758780e-05 -5.930267790e-06 1.901528190e-03
6.583537000e-01 1.189040260e-01 1.731045160e-04 5.243231700e-02 1.189933910e-01 1.789879080e-04 5.053633920e-02 -8.936497450e-05 -5.883392020e-06 1.895977760e-03
6.588734000e-01 1.066631920e-01 9.339234550e-05 4.666125670e-02 1.067539310e-01 9.925102910e-05 4.477273340e-02 -9.073821130e-05 -5.858683520e-06 1.888523320e-03
6.593932000e-01 9.269762560e-02 1.836923610e-04 4.842320520e-02 9.279661200e-02 1.894869950e-04 4.652942500e-02 -9.898636850e-05 -5.794633220e-06 1.893780260e-03
6.599130000e-01 9.472051720e-02 1.891810510e-04 5.004305980e-02 9.482750650e-02 1.949063710e-04 4.814360630e-02 -1.069892870e-04 -5.725319640e-06 1.899453500e-03
6.604327000e-01 4.514784630e-02 -2.671264110e-05 3.464465450e-02 4.526996970e-02 -2.097372270e-05 3.274367320e-02 -1.221234250e-04 -5.738918330e-06 1.900981280e-03
6.609525000e-01 3.691719460e-02 7.798710130e-05 3.386333450e-02 3.705331210e-02 8.369669590e-05 3.195983080e-02 -1.361174700e-04 -5.709594640e-06 1.903503740e-03
6.614723000e-01 9.583439970e-02 2.418916190e-05 5.237232060e-02 9.597541220e-02 2.987912360e-05 5.046229270e-02 -1.410125000e-04 -5.689961660e-06 1.910027830e-03
6.619920000e-01 1.098095560e-01 9.143188060e-05 5.706962980e-02 1.099557050e-01 9.707679680e-05 5.515354280e-02 -1.461487200e-04 -5.644916160e-06 1.916087000e-03
6.625118000e-01 9.089202480e-02 7.055739850e-05 4.973043110e-02 9.104429020e-02 7.616620670e-05 4.781251060e-02 -1.522654540e-04 -5.608808210e-06 1.917920450e-03
6.630316000e-01 8.891883940e-02 2.074110320e-04 4.986722650e-02 8.907732490e-02 2.129295600e-04 4.794624720e-02 -1.584854640e-04 -5.518527500e-06 1.920979310e-03
6.635513000e-01 9.934148980e-02 8.566460740e-05 5.285423140e-02 9.950487310e-02 9.113351220e-05 5.092619800e-02 -1.633833140e-04 -5.468904780e-06 1.928033390e-03
6.640711000e-01 8.451451550e-02 7.483699560e-05 5.006282890e-02 8.468506220e-02 8.026168740e-05 4.813015100e-02 -1.705467330e-04 -5.424691850e-06 1.932677920e-03
6.645908000e-01 1.812090070e-02 1.135803050e-05 2.666191120e-02 1.830637870e-02 1.675558320e-05 2.473536400e-02 -1.854779680e-04 -5.397552740e-06 1.926547240e-03
6.651222000e-01 4.801868800e-02 -2.833093220e-05 3.936261390e-02 4.821452470e-02 -2.295715730e-05 3.743569550e-02 -1.958367500e-04 -5.373774980e-06 1.926918320e-03
6.656535000e-01 1.025427050e-01 2.690967710e-04 5.884453860e-02 1.027411780e-01 2.743237610e-04 5.690634020e-02 -1.984737180e-04 -5.226989720e-06 1.938198320e-03
6.661727000e-01 6.622089150e-02 -1.049065580e-04 4.500307760e-02 6.642734470e-02 -9.968289980e-05 4.306112290e-02 -2.064531890e-04 -5.223657930e-06 1.941954700e-03
6.667043000e-01 1.576828240e-02 2.507008880e-04 2.596216530e-02 1.598905770e-02 2.557832190e-04 2.402579730e-02 -2.207753550e-04 -5.082331440e-06 1.936368020e-03
6.672359000e-01 5.712009370e-02 -9.473630890e-06 4.101422060e-02 5.734866320e-02 -4.438512100e-06 3.907801640e-02 -2.285695110e-04 -5.035118790e-06 1.936204260e-03
6.677675000e-01 1.018918500e-01 -1.448601160e-04 5.575060330e-02 1.021216570e-01 -1.398185250e-04 5.381194510e-02 -2.298064570e-04 -5.041590880e-06 1.938658170e-03
6.682991000e-01 5.938682540e-02 -1.319592690e-04 4.215327930e-02 5.962492720e-02 -1.269111380e-04 4.021206520e-02 -2.381018800e-04 -5.048130610e-06 1.941214160e-03
6.688307000e-01 4.132125170e-02 6.904009920e-06 4.117987780e-02 4.157136910e-02 1.190321780e-05 3.923253230e-02 -2.501174500e-04 -4.999207870e-06 1.947345500e-03
6.693623000e-01 4.519844920e-02 -2.538220510e-05 4.160119330e-02 4.545894000e-02 -2.041382800e-05 3.965036090e-02 -2.604907670e-04 -4.968377090e-06 1.950832310e-03
6.698939000e-01 2.336033050e-02 2.140105890e-05 3.209712220e-02 2.363194690e-02 2.632504090e-05 3.014425610e-02 -2.716164360e-04 -4.923981990e-06 1.952866140e-03
6.704255000e-01 3.481331720e-02 1.095537540e-04 3.636232090e-02 3.509483450e-02 1.144068640e-04 3.440950450e-02 -2.815173280e-04 -4.853110180e-06 1.952816400e-03
6.709571000e-01 2.357426200e-02 1.163192380e-04 3.207753890e-02 2.386653870e-02 1.211049670e-04 3.012631960e-02 -2.922767430e-04 -4.785729610e-06 1.951219300e-03
6.714887000e-01 8.079189720e-02 3.035671870e-05 5.350656520e-02 8.108663510e-02 3.511007400e-05 5.155159910e-02 -2.947378720e-04 -4.753355280e-06 1.954966110e-03
6.720203000e-01 1.016334550e-01 3.512609030e-04 6.098931790e-02 1.019285980e-01 3.558477620e-04 5.902934880e-02 -2.951421480e-04 -4.586858310e-06 1.959969110e-03
6.725519000e-01 -2.306143870e-02 2.131652280e-04 1.710270590e-02 -2.274775030e-02 2.176535210e-04 1.514988380e-02 -3.136883690e-04 -4.488292860e-06 1.952822080e-03
6.730835000e-01 -3.126675590e-02 8.944442010e-05 1.315418920e-02 -3.093553640e-02 9.389530740e-05 1.120841170e-02 -3.312195720e-04 -4.450887230e-06 1.945777590e-03
6.736151000e-01 1.079619970e-01 1.484319210e-04 6.710438140e-02 1.082914360e-01 1.528157410e-04 6.514444920e-02 -3.294396990e-04 -4.383819510e-06 1.959932130e-03
6.741467000e-01 8.974318160e-02 1.845181470e-04 6.144453540e-02 9.007492280e-02 1.888219410e-04 5.947368700e-02 -3.317411390e-04 -4.303794430e-06 1.970848440e-03
6.746783000e-01 -5.410960090e-02 2.797303390e-04 4.655949990e-03 -5.375689560e-02 2.839297390e-04 2.695301840e-03 -3.527053010e-04 -4.199400860e-06 1.960648150e-03
6.752099000e-01 -1.964469100e-02 1.412130460e-04 1.802271330e-02 -1.927804320e-02 1.453706280e-04 1.606644800e-02 -3.666478100e-04 -4.157582180e-06 1.956265310e-03
6.757637000e-01 1.159801390e-01 1.186940690e-04 6.957671570e-02 1.163425110e-01 1.228138340e-04 6.761097490e-02 -3.623715120e-04 -4.119764680e-06 1.965740800e-03
6.762944000e-01 4.036209280e-02 7.856059530e-05 4.444775030e-02 4.073149560e-02 8.265941720e-05 4.247891300e-02 -3.694028190e-04 -4.098821830e-06 1.968837300e-03
6.768251000e-01 -4.666053560e-02 1.263900990e-04 9.593778430e-03 -4.627142680e-02 1.304486440e-04 7.633812670e-03 -3.891088410e-04 -4.058545080e-06 1.959965760e-03
6.773810000e-01 6.781892170e-03 -2.412400140e-04 3.062997880e-02 7.182397010e-03 -2.370609970e-04 2.866920670e-02 -4.005048440e-04 -4.179016960e-06 1.960772110e-03
6.779370000e-01 5.234999710e-02 1.241344690e-04 5.226839340e-02 5.275749460e-02 1.282788590e-04 5.029422500e-02 -4.074974750e-04 -4.144389580e-06 1.974168370e-03
6.784929000e-01 5.963850460e-03 6.225059570e-05 2.714078030e-02 6.380187050e-03 6.637932270e-05 2.517270340e-02 -4.163365900e-04 -4.128726990e-06 1.968076900e-03
6.790489000e-01 1.084307360e-02 5.919464970e-05 2.660564400e-02 1.126568120e-02 6.331269370e-05 2.465296720e-02 -4.226076010e-04 -4.118044060e-06 1.952676850e-03
6.796048000e-01 5.106331640e-03 -1.822237470e-05 3.317920670e-02 5.543442540e-03 -1.408247510e-05 3.121983180e-02 -4.371108920e-04 -4.139899600e-06 1.959374890e-03
6.801608000e-01 -1.656276910e-02 7.407584230e-05 2.967013520e-02 -1.610822880e-02 7.820220760e-05 2.769981490e-02 -4.545402290e-04 -4.126365320e-06 1.970320340e-03
6.807167000e-01 5.865326850e-02 1.398831980e-04 4.886376590e-02 5.910546780e-02 1.439722030e-04 4.689694290e-02 -4.521993420e-04 -4.089004990e-06 1.966823010e-03
6.812727000e-01 5.192543890e-02 3.322329190e-04 4.651869210e-02 5.237895310e-02 3.362008370e-04 4.455478070e-02 -4.535141800e-04 -3.967917830e-06 1.963911430e-03
6.818286000e-01 -4.088215010e-02 -8.248299420e-05 1.570327280e-02 -4.040911970e-02 -7.845894820e-05 1.373744250e-02 -4.730303280e-04 -4.024045950e-06 1.965830240e-03
6.823846000e-01 -2.228492150e-02 4.452626240e-05 2.276350080e-02 -2.179690240e-02 4.854024910e-05 2.079678480e-02 -4.880191520e-04 -4.013986650e-06 1.966716050e-03
6.829405000e-01 -4.665265950e-02 1.327220910e-04 1.353374630e-02 -4.614832330e-02 1.366935980e-04 1.156927240e-02 -5.043362520e-04 -3.971507030e-06 1.964473980e-03
6.834965000e-01 1.450694490e-02 5.475558250e-05 3.519189270e-02 1.501727870e-02 5.871206430e-05 3.322963670e-02 -5.103338840e-04 -3.956481780e-06 1.962256080e-03
6.840524000e-01 7.565163610e-02 8.211531120e-05 5.493233450e-02 7.615682610e-02 8.605334250e-05 5.297470000e-02 -5.051900450e-04 -3.938031320e-06 1.957634590e-03
6.846084000e-01 -1.195033080e-02 1.603312690e-04 2.519626100e-02 -1.143304510e-02 1.642214610e-04 2.324056030e-02 -5.172856760e-04 -3.890192430e-06 1.955700620e-03
6.851643000e-01 -4.341849440e-02 1.224604650e-05 1.334989120e-02 -4.288501170e-02 1.614960380e-05 1.139498470e-02 -5.334827080e-04 -3.903557320e-06 1.954906440e-03
6.857203000e-01 -4.349971340e-02 -7.078441550e-06 1.481254830e-02 -4.295082010e-02 -3.163229420e-06 1.286085870e-02 -5.488933710e-04 -3.915212130e-06 1.951689560e-03
6.862762000e-01 -4.830332120e-02 4.987441850e-05 1.498614460e-02 -4.773939410e-02 5.378280100e-05 1.303689660e-02 -5.639271130e-04 -3.908382520e-06 1.949248060e-03
6.868322000e-01 6.990790800e-02 1.153245040e-04 5.781511500e-02 7.046565050e-02 1.191931640e-04 5.586428330e-02 -5.577425340e-04 -3.868660390e-06 1.950831620e-03
6.873881000e-01 3.915927550e-02 -9.383317800e-05 4.539170720e-02 3.971934650e-02 -8.990526130e-05 4.344129850e-02 -5.600709530e-04 -3.927916670e-06 1.950408770e-03
6.879441000e-01 -1.295368210e-01 3.983806280e-04 -1.625408350e-02 -1.289453240e-01 4.021526130e-04 -1.820151720e-02 -5.914966400e-04 -3.771984960e-06 1.947433630e-03
6.885000000e-01 -6.443599310e-02 2.816860240e-04 5.647687030e-03 -6.383141510e-02 2.853516080e-04 3.704122980e-03 -6.045780480e-04 -3.665583930e-06 1.943564050e-03
6.890704000e-01 6.967264340e-02 1.191509250e-05 5.543307010e-02 7.026734050e-02 1.559251290e-05 5.349657030e-02 -5.946971720e-04 -3.677420430e-06 1.936499800e-03
6.896408000e-01 -1.784882480e-02 1.984607120e-04 2.550661080e-02 -1.724351870e-02 2.020664300e-04 2.357264510e-02 -6.053061450e-04 -3.605718050e-06 1.933965700e-03
6.902113000e-01 -6.162951360e-02 3.691073080e-05 1.124024140e-02 -6.100621190e-02 4.051813280e-05 9.307069550e-03 -6.233016700e-04 -3.607401970e-06 1.933171880e-03
6.907902000e-01 -3.022377870e-02 1.175740530e-04 2.355018730e-02 -2.958750370e-02 1.211402780e-04 2.161384700e-02 -6.362749540e-04 -3.566224540e-06 1.936340310e-03
6.913691000e-01 -3.564691700e-02 1.176257280e-04 2.105066310e-02 -3.499790340e-02 1.211448850e-04 1.911197390e-02 -6.490135910e-04 -3.519156730e-06 1.938689220e-03
6.919481000e-01 -6.005126560e-02 1.070835800e-04 2.727319370e-03 -5.939467660e-02 1.105635160e-04 8.082245780e-04 -6.565890790e-04 -3.479935960e-06 1.919094790e-03
6.925270000e-01 -3.753498250e-02 9.940626200e-05 1.571910610e-02 -3.687127070e-02 1.028604090e-04 1.380933290e-02 -6.637118820e-04 -3.454146890e-06 1.909773140e-03
6.931153000e-01 9.947113090e-03 7.025961680e-05 4.112498680e-02 1.061456650e-02 7.369869280e-05 3.920700680e-02 -6.674534410e-04 -3.439075990e-06 1.917980000e-03
6.936941000e-01 -4.523320240e-02 7.220996880e-06 1.615239250e-02 -4.455342710e-02 1.067981310e-05 1.423785500e-02 -6.797753820e-04 -3.458816220e-06 1.914537490e-03
6.942825000e-01 -8.986417050e-02 1.253411750e-04 -1.343455700e-03 -8.916629880e-02 1.287614110e-04 -3.250586490e-03 -6.978717630e-04 -3.420236070e-06 1.907130790e-03
6.948611000e-01 -5.399700900e-02 3.826376050e-04 8.224201880e-03 -5.329344600e-02 3.858998250e-04 6.328498480e-03 -7.035630720e-04 -3.262219840e-06 1.895703410e-03
6.954398000e-01 -3.569796790e-02 3.017609700e-04 1.667875910e-02 -3.498920530e-02 3.049156900e-04 1.479282400e-02 -7.087625180e-04 -3.154720030e-06 1.885935030e-03
6.960184000e-01 -6.736372330e-02 2.682515710e-04 1.212811300e-02 -6.663799210e-02 2.713156000e-04 1.023735880e-02 -7.257311770e-04 -3.064029370e-06 1.890754150e-03
6.965970000e-01 -5.666978850e-02 5.882988920e-05 1.410508190e-02 -5.593265860e-02 6.189345280e-05 1.221568670e-02 -7.371299340e-04 -3.063563600e-06 1.889395210e-03
6.971655000e-01 -3.255984800e-02 -3.532034350e-05 1.896604560e-02 -3.182002350e-02 -3.220673200e-05 1.708898070e-02 -7.398244890e-04 -3.113611500e-06 1.877064930e-03
6.977340000e-01 -4.645205800e-02 5.603610520e-05 1.350866270e-02 -4.570583300e-02 5.914998920e-05 1.163837330e-02 -7.462249720e-04 -3.113883960e-06 1.870289410e-03
6.983024000e-01 -5.255407720e-02 2.562378870e-04 1.285008600e-02 -5.180012720e-02 2.592631970e-04 1.098488040e-02 -7.539500290e-04 -3.025310540e-06 1.865205620e-03
6.988709000e-01 -3.293373970e-02 -1.297750380e-05 2.362066380e-02 -3.217440780e-02 -9.914108300e-06 2.175664790e-02 -7.593318710e-04 -3.063395530e-06 1.864015950e-03
6.994394000e-01 -3.888499610e-02 4.811750150e-05 2.008148720e-02 -3.812011440e-02 5.119631240e-05 1.821893600e-02 -7.648816890e-04 -3.078810910e-06 1.862551140e-03
7.000078000e-01 -1.145155640e-01 1.523953140e-04 -1.187080800e-02 -1.137334430e-01 1.554443190e-04 -1.372151720e-02 -7.821212900e-04 -3.049004760e-06 1.850709200e-03
7.005763000e-01 -1.158501320e-01 -1.656066250e-04 -1.417587320e-02 -1.150547090e-01 -1.624529380e-04 -1.601466980e-02 -7.954230890e-04 -3.153687070e-06 1.838796610e-03
7.011336000e-01 -7.071593290e-02 1.250274500e-04 1.596015060e-03 -6.991786540e-02 1.281622210e-04 -2.251652650e-04 -7.980674830e-04 -3.134771280e-06 1.821180330e-03
7.016910000e-01 -5.870967740e-02 2.336659760e-04 9.270010500e-03 -5.790635620e-02 2.367335680e-04 7.455260580e-03 -8.033212400e-04 -3.067592440e-06 1.814749920e-03
7.022483000e-01 -2.488672440e-02 1.069006540e-04 3.261960060e-02 -2.407765660e-02 1.099529150e-04 3.079360740e-02 -8.090678310e-04 -3.052261260e-06 1.825993120e-03
7.028056000e-01 -9.010267090e-02 1.683148670e-04 -1.901870130e-03 -8.928235980e-02 1.713372800e-04 -3.718576830e-03 -8.203110380e-04 -3.022412730e-06 1.816706700e-03
7.033630000e-01 -1.302020600e-01 2.083651880e-04 -2.083105560e-02 -1.293666740e-01 2.113371970e-04 -2.263137560e-02 -8.353860860e-04 -2.972008430e-06 1.800319910e-03
7.039203000e-01 -5.315369960e-02 -2.303972760e-04 1.222314120e-02 -5.231884350e-02 -2.272912980e-04 1.043203360e-02 -8.348560320e-04 -3.105978400e-06 1.791107550e-03
7.044776000e-01 -3.278949300e-02 6.246939850e-05 2.118169370e-02 -3.195697250e-02 6.557368720e-05 1.939914660e-02 -8.325204350e-04 -3.104288680e-06 1.782547090e-03
7.050349000e-01 -1.048441560e-01 1.742183330e-04 -8.020733570e-03 -1.039974940e-01 1.772713360e-04 -9.797457420e-03 -8.466625460e-04 -3.053002630e-06 1.776723850e-03
7.055923000e-01 -1.157909790e-01 3.146879230e-04 -1.210002560e-02 -1.149320470e-01 3.176367210e-04 -1.387062450e-02 -8.589322210e-04 -2.948798350e-06 1.770598970e-03
7.061496000e-01 -8.551529780e-02 4.304906360e-04 -5.089833060e-04 -8.464974280e-02 4.332864310e-04 -2.271174680e-03 -8.655549870e-04 -2.795795180e-06 1.762191380e-03
7.067069000e-01 -8.832933440e-02 6.226524430e-05 -1.266843350e-03 -8.745939160e-02 6.507444250e-05 -3.019893880e-03 -8.699428600e-04 -2.809198230e-06 1.753050530e-03
7.072507000e-01 -2.408839170e-02 2.238294050e-04 2.269765100e-02 -2.322602150e-02 2.265812840e-04 2.095788330e-02 -8.623701860e-04 -2.751879070e-06 1.739767710e-03
7.077944000e-01 -9.815827550e-02 9.952665650e-05 -7.562600240e-03 -9.728819230e-02 1.022640840e-04 -9.292449210e-03 -8.700832270e-04 -2.737427860e-06 1.729848970e-03
7.083381000e-01 -1.492737460e-01 1.446681740e-04 -2.581309040e-02 -1.483849830e-01 1.473653900e-04 -2.753581980e-02 -8.887631270e-04 -2.697216600e-06 1.722729410e-03
7.088819000e-01 -8.856537960e-02 1.070192260e-04 6.999169560e-04 -8.767059320e-02 1.096960260e-04 -1.018447110e-03 -8.947863900e-04 -2.676800380e-06 1.718364060e-03
7.094113000e-01 -6.068886190e-02 1.221279350e-04 1.371262990e-02 -5.979089800e-02 1.247766890e-04 1.199583310e-02 -8.979638680e-04 -2.648754260e-06 1.716796760e-03
7.099407000e-01 -7.135306600e-02 2.754215360e-04 3.702305240e-03 -7.045534010e-02 2.779844590e-04 1.997755030e-03 -8.977258920e-04 -2.562922650e-06 1.704550210e-03
7.104701000e-01 -7.242085720e-02 8.476965480e-05 3.594979220e-03 -7.152418800e-02 8.731872450e-05 1.903783210e-03 -8.966691850e-04 -2.549069690e-06 1.691196010e-03
7.109996000e-01 -1.060441990e-01 9.847791220e-05 -1.316954540e-02 -1.051425010e-01 1.010027690e-04 -1.484431560e-02 -9.016975400e-04 -2.524856550e-06 1.674770190e-03
7.115290000e-01 -1.310419850e-01 1.474429950e-04 -2.499925220e-02 -1.301344820e-01 1.499270480e-04 -2.665680330e-02 -9.075032150e-04 -2.484052720e-06 1.657551120e-03
7.120428000e-01 -1.000182810e-01 1.476297540e-05 -5.106204770e-03 -9.910442460e-02 1.725754280e-05 -6.759184840e-03 -9.138562280e-04 -2.494567420e-06 1.652980070e-03
7.125567000e-01 -9.492880040e-02 5.974045080e-05 -4.460613610e-03 -9.400913860e-02 6.222624670e-05 -6.108608820e-03 -9.196617860e-04 -2.485795990e-06 1.647995210e-03
7.130705000e-01 -7.439193690e-02 -7.430686350e-05 3.626909620e-03 -7.347502270e-02 -7.178485480e-05 1.988260650e-03 -9.169142140e-04 -2.522008650e-06 1.638648980e-03
7.135844000e-01 -5.578999440e-02 -1.465685670e-04 1.206959310e-02 -5.487555600e-02 -1.439770470e-04 1.043969830e-02 -9.144383890e-04 -2.591519990e-06 1.629894730e-03
7.140982000e-01 -1.089519540e-01 3.066864510e-04 -9.032861390e-03 -1.080288270e-01 3.091679560e-04 -1.065876580e-02 -9.231273670e-04 -2.481505090e-06 1.625904370e-03
7.146121000e-01 -1.113682140e-01 -1.686681640e-05 -1.034382800e-02 -1.104376470e-01 -1.437715860e-05 -1.196450630e-02 -9.305665660e-04 -2.489657730e-06 1.620678310e-03
7.151260000e-01 -9.629737330e-02 4.313203410e-05 -1.318450520e-02 -9.537031760e-02 4.560676750e-05 -1.478100350e-02 -9.270557480e-04 -2.474733400e-06 1.596498380e-03
7.156398000e-01 -9.779954180e-02 1.518463790e-04 -1.286316990e-02 -9.687403560e-02 1.542648090e-04 -1.443915470e-02 -9.255062290e-04 -2.418430010e-06 1.575984860e-03
7.161537000e-01 -9.947616960e-02 1.523405440e-04 -5.169105070e-03 -9.854256050e-02 1.547046080e-04 -6.744022830e-03 -9.336091280e-04 -2.364064220e-06 1.574917760e-03
7.166675000e-01 -1.266354590e-01 2.866242170e-05 -1.756066260e-02 -1.256947450e-01 3.102063550e-05 -1.913099240e-02 -9.407132760e-04 -2.358213850e-06 1.570329750e-03
7.171608000e-01 -7.736292960e-02 3.984032440e-05 -2.225707460e-03 -7.642704960e-02 4.218972170e-05 -3.779962730e-03 -9.358799690e-04 -2.349397270e-06 1.554255270e-03
7.176756000e-01 -8.892022370e-02 1.666472910e-04 -6.453861650e-03 -8.798573470e-02 1.689395400e-04 -7.994763490e-03 -9.344890030e-04 -2.292249330e-06 1.540901840e-03
7.181903000e-01 -1.328375500e-01 1.335058520e-04 -1.790517190e-02 -1.318921640e-01 1.357544790e-04 -1.944526810e-02 -9.453864330e-04 -2.248627640e-06 1.540096110e-03
7.186817000e-01 -1.100219380e-01 -8.552148660e-05 -9.641183910e-03 -1.090708930e-01 -8.323723300e-05 -1.117694070e-02 -9.510449710e-04 -2.284253560e-06 1.535756760e-03
7.191730000e-01 -6.680579750e-02 -4.368018250e-05 -5.835847090e-05 -6.586632150e-02 -4.138500080e-05 -1.572262410e-03 -9.394759870e-04 -2.295181730e-06 1.513903940e-03
7.196644000e-01 -7.493729440e-02 8.405111250e-06 -3.093478720e-03 -7.400498580e-02 1.069498180e-05 -4.588461300e-03 -9.323086620e-04 -2.289870540e-06 1.494982580e-03
7.201557000e-01 -1.465292100e-01 3.070076120e-04 -2.944437270e-02 -1.455861450e-01 3.091718360e-04 -3.093136210e-02 -9.430651420e-04 -2.164224110e-06 1.486989400e-03
7.206471000e-01 -1.488841420e-01 -1.469656740e-04 -2.958389560e-02 -1.479321980e-01 -1.447480550e-04 -3.106253110e-02 -9.519440160e-04 -2.217619090e-06 1.478635500e-03
7.211384000e-01 -4.546193280e-02 2.031998780e-05 1.294619960e-02 -4.452041710e-02 2.253154790e-05 1.147955860e-02 -9.415157220e-04 -2.211560080e-06 1.466640970e-03
7.216298000e-01 -4.437353830e-02 -8.632460660e-05 1.079895650e-02 -4.344188810e-02 -8.407955910e-05 9.345329350e-03 -9.316502030e-04 -2.245047490e-06 1.453627100e-03
7.221211000e-01 -1.351501910e-01 1.271173830e-04 -2.506783200e-02 -1.342093180e-01 1.293233030e-04 -2.651267750e-02 -9.408738730e-04 -2.205919510e-06 1.444845420e-03
7.226125000e-01 -1.487355330e-01 1.959911310e-04 -3.196959650e-02 -1.477844300e-01 1.981321870e-04 -3.340668970e-02 -9.511021880e-04 -2.141055440e-06 1.437093260e-03
7.231038000e-01 -9.472200170e-02 6.592827340e-05 -1.319937790e-02 -9.377814810e-02 6.805305890e-05 -1.461868760e-02 -9.438535840e-04 -2.124785520e-06 1.419309710e-03
7.235952000e-01 -6.246372360e-02 7.059998520e-05 8.801783430e-04 -6.153012280e-02 7.271064840e-05 -5.195588220e-04 -9.336007910e-04 -2.110663190e-06 1.399737170e-03
7.240865000e-01 -1.015105150e-01 1.188021350e-05 -1.263276330e-02 -1.005757860e-01 1.400170310e-05 -1.402306360e-02 -9.347292620e-04 -2.121489610e-06 1.390300280e-03
7.245779000e-01 -1.214663380e-01 4.538785350e-05 -2.002725730e-02 -1.205279420e-01 4.750738770e-05 -2.141060040e-02 -9.383962750e-04 -2.119534210e-06 1.383343070e-03
7.250692000e-01 -1.060661780e-01 3.084832650e-05 -1.381283790e-02 -1.051276910e-01 3.297205440e-05 -1.518569400e-02 -9.384874010e-04 -2.123727860e-06 1.372856100e-03
7.255606000e-01 -1.011097500e-01 6.826485690e-05 -1.232566580e-02 -1.001713690e-01 7.037481520e-05 -1.368762070e-02 -9.383812380e-04 -2.109958290e-06 1.361954900e-03
7.260519000e-01 -9.487339000e-02 1.065157970e-04 -1.107617850e-02 -9.393854500e-02 1.086034810e-04 -1.242454370e-02 -9.348449860e-04 -2.087684060e-06 1.348365230e-03
7.265433000e-01 -7.186348480e-02 -8.908184110e-06 -2.635550360e-03 -7.093510420e-02 -6.801973320e-06 -3.968831980e-03 -9.283805130e-04 -2.106210790e-06 1.333281610e-03
7.270346000e-01 -1.006011140e-01 8.316020050e-05 -1.406211860e-02 -9.967354290e-02 8.524786670e-05 -1.538367250e-02 -9.275709240e-04 -2.087666260e-06 1.321553920e-03
7.275260000e-01 -1.131081020e-01 1.975306000e-05 -1.808065040e-02 -1.121786150e-01 2.184777760e-05 -1.939256180e-02 -9.294871200e-04 -2.094717590e-06 1.311911450e-03
7.280173000e-01 -1.024490030e-01 1.307282800e-04 -1.681105340e-02 -1.015221350e-01 1.327963150e-04 -1.810967430e-02 -9.268673730e-04 -2.068035070e-06 1.298620900e-03
7.285087000e-01 -9.714758410e-02 2.315775910e-04 -1.287423510e-02 -9.622446150e-02 2.335780290e-04 -1.415983870e-02 -9.231225720e-04 -2.000437610e-06 1.285603580e-03
7.290000000e-01 -9.507010700e-02 -9.096035890e-06 -1.511483540e-02 -9.415151210e-02 -7.069232160e-06 -1.638499580e-02 -9.185948760e-04 -2.026803730e-06 1.270160380e-03
7.295063000e-01 -7.677178080e-02 2.037665320e-05 -9.043746390e-03 -7.586183950e-02 2.241962340e-05 -1.029396610e-02 -9.099413410e-04 -2.042970240e-06 1.250219700e-03
7.300190000e-01 -1.125910580e-01 -2.341151660e-05 -2.102263930e-02 -1.116815050e-01 -2.133286660e-05 -2.226058370e-02 -9.095528780e-04 -2.078650020e-06 1.237944400e-03
7.305317000e-01 -1.302573560e-01 8.309785880e-05 -2.422393520e-02 -1.293390960e-01 8.516771660e-05 -2.545998380e-02 -9.182601950e-04 -2.069857850e-06 1.236048650e-03
7.310378000e-01 -9.472817450e-02 -1.824154210e-05 -1.353938060e-02 -9.381521080e-02 -1.614185520e-05 -1.475989530e-02 -9.129637690e-04 -2.099686910e-06 1.220514740e-03
7.315506000e-01 -6.179016070e-02 9.255972230e-06 -7.038447420e-03 -6.089589780e-02 1.137414550e-05 -8.229178450e-03 -8.942629090e-04 -2.118173230e-06 1.190731030e-03
7.320635000e-01 -9.330869140e-02 2.725236450e-04 -1.498847860e-02 -9.241710670e-02 2.745594990e-04 -1.616511780e-02 -8.915846780e-04 -2.035853570e-06 1.176639210e-03
7.325834000e-01 -1.379100990e-01 -7.251136610e-05 -2.709052400e-02 -1.370074320e-01 -7.040992700e-05 -2.826602190e-02 -9.026678270e-04 -2.101439120e-06 1.175497900e-03
7.330962000e-01 -9.405097640e-02 2.241760900e-05 -1.216996630e-02 -9.315396690e-02 2.454429200e-05 -1.333290110e-02 -8.970095490e-04 -2.126683020e-06 1.162934880e-03
7.336162000e-01 -4.660209990e-02 -6.029131900e-05 6.032099350e-03 -4.572173320e-02 -5.810781030e-05 4.887790940e-03 -8.803666950e-04 -2.183508630e-06 1.144308410e-03
7.341363000e-01 -9.011736000e-02 -5.925945080e-05 -1.348834910e-02 -8.924155030e-02 -5.702673570e-05 -1.461799420e-02 -8.758096610e-04 -2.232715080e-06 1.129645080e-03
7.346641000e-01 -1.109301220e-01 8.701171000e-05 -2.246700000e-02 -1.100539480e-01 8.923559490e-05 -2.358425510e-02 -8.761737540e-04 -2.223884920e-06 1.117255090e-03
7.351919000e-01 -9.833699690e-02 5.529749200e-05 -1.824198710e-02 -9.746485300e-02 5.753199950e-05 -1.934352720e-02 -8.721438750e-04 -2.234507550e-06 1.101540040e-03
7.357197000e-01 -1.027918140e-01 1.287887440e-05 -2.004411890e-02 -1.019235970e-01 1.513934480e-05 -2.112888720e-02 -8.682166430e-04 -2.260470420e-06 1.084768340e-03
7.362475000e-01 -8.477737680e-02 7.776165960e-05 -1.425151060e-02 -8.391752270e-02 8.002958520e-05 -1.532169150e-02 -8.598540360e-04 -2.267925580e-06 1.070180830e-03
7.367753000e-01 -6.334604190e-02 4.577141550e-05 -2.951164450e-03 -6.249605390e-02 4.806086780e-05 -4.008126970e-03 -8.499880060e-04 -2.289452270e-06 1.056962520e-03
7.373118000e-01 -9.790470070e-02 -3.544215380e-06 -2.004888590e-02 -9.705798340e-02 -1.221298010e-06 -2.108980930e-02 -8.467172700e-04 -2.322917370e-06 1.040923370e-03
7.378483000e-01 -1.179272360e-01 3.938098250e-06 -3.090955630e-02 -1.170822470e-01 6.293473370e-06 -3.193398310e-02 -8.449893090e-04 -2.355375120e-06 1.024426850e-03
7.383848000e-01 -4.407993920e-02 1.694409360e-04 2.246611370e-03 -4.325242980e-02 1.717631180e-04 1.243003700e-03 -8.275093940e-04 -2.322181890e-06 1.003607670e-03
7.389306000e-01 -4.442098060e-02 -3.229976330e-04 2.209665870e-03 -4.360918550e-02 -3.205061440e-04 1.226541000e-03 -8.117950680e-04 -2.491489030e-06 9.831248660e-04
7.394765000e-01 -1.543936510e-01 2.820607930e-04 -4.468189710e-02 -1.535716230e-01 2.844798490e-04 -4.565702050e-02 -8.220287480e-04 -2.419055940e-06 9.751233640e-04
7.400224000e-01 -1.203640690e-01 8.032183610e-05 -2.710211620e-02 -1.195397590e-01 8.275389010e-05 -2.806728530e-02 -8.243100200e-04 -2.432053960e-06 9.651690950e-04
7.405683000e-01 -4.513295890e-02 1.271233380e-04 -1.864275650e-04 -4.432811290e-02 1.295524410e-04 -1.128788030e-03 -8.048460230e-04 -2.429103610e-06 9.423604660e-04
7.411247000e-01 -5.858053800e-02 1.446972530e-05 -4.093507100e-03 -5.778815800e-02 1.694436080e-05 -5.017108750e-03 -7.923800620e-04 -2.474635420e-06 9.236016570e-04
7.416810000e-01 -7.223332050e-02 1.935666510e-04 -9.492709490e-03 -7.144928160e-02 1.960083270e-04 -1.040010080e-02 -7.840389470e-04 -2.441676210e-06 9.073912660e-04
7.422488000e-01 -6.738037610e-02 2.177625290e-05 -7.075902880e-03 -6.660407310e-02 2.425459670e-05 -7.968697430e-03 -7.763029820e-04 -2.478343890e-06 8.927945510e-04
7.428165000e-01 -7.691057480e-02 1.316581010e-04 -1.093286330e-02 -7.613974670e-02 1.341298650e-04 -1.181385290e-02 -7.708280570e-04 -2.471764060e-06 8.809896130e-04
7.433842000e-01 -7.471152210e-02 -4.366345050e-05 -1.475057590e-02 -7.394970460e-02 -4.112399790e-05 -1.560928170e-02 -7.618175210e-04 -2.539452640e-06 8.587058360e-04
7.439646000e-01 -9.572907680e-02 3.584114580e-05 -2.959436340e-02 -9.497636320e-02 3.841503020e-05 -3.042692260e-02 -7.527136150e-04 -2.573884380e-06 8.325591990e-04
7.445449000e-01 -8.801474590e-02 1.238448450e-04 -1.866361530e-02 -8.726696620e-02 1.264103310e-04 -1.948303790e-02 -7.477797270e-04 -2.565486620e-06 8.194226290e-04
7.451253000e-01 -6.963981760e-02 8.544949030e-05 -9.828508810e-03 -6.889987310e-02 8.802802540e-05 -1.063403380e-02 -7.399445210e-04 -2.578535100e-06 8.055249440e-04
7.457056000e-01 -2.140629940e-02 -1.178021860e-06 1.061648060e-02 -2.068600110e-02 1.448410840e-06 9.828969360e-03 -7.202983390e-04 -2.626432700e-06 7.875112130e-04
7.463005000e-01 -6.339771200e-02 4.942503840e-05 -8.319061020e-03 -6.268663430e-02 5.207844610e-05 -9.090703530e-03 -7.110776540e-04 -2.653407700e-06 7.716425140e-04
7.468954000e-01 -8.438525220e-02 1.110910310e-04 -1.760814970e-02 -8.367593410e-02 1.137406890e-04 -1.836722430e-02 -7.093181110e-04 -2.649657160e-06 7.590746010e-04
7.475063000e-01 -6.140862590e-02 2.109180820e-04 -1.200167700e-02 -6.071350470e-02 2.135220870e-04 -1.273679520e-02 -6.951212460e-04 -2.604004340e-06 7.351181160e-04
7.481172000e-01 -5.825890940e-02 1.727449320e-04 -1.073178090e-02 -5.757886690e-02 1.753235510e-04 -1.144164440e-02 -6.800424710e-04 -2.578618930e-06 7.098635130e-04
7.487282000e-01 -5.980776000e-02 2.735609850e-05 -1.215471400e-02 -5.914017780e-02 2.998016630e-05 -1.284213840e-02 -6.675822520e-04 -2.624067760e-06 6.874243450e-04
7.493576000e-01 -7.282488110e-02 1.400674630e-04 -1.709976420e-02 -7.216605860e-02 1.426775140e-04 -1.776717490e-02 -6.588225050e-04 -2.610051510e-06 6.674106560e-04
7.499871000e-01 -8.793092900e-02 1.292942640e-04 -2.174837180e-02 -8.727540360e-02 1.318862670e-04 -2.239912400e-02 -6.555253580e-04 -2.592002890e-06 6.507522310e-04
7.506165000e-01 -7.116728060e-03 1.289845740e-04 1.713831110e-02 -6.482281060e-03 1.315588560e-04 1.650171280e-02 -6.344470060e-04 -2.574281880e-06 6.365983290e-04
7.512460000e-01 -1.898150400e-03 4.303207710e-05 2.035775570e-02 -1.281766450e-03 4.562839810e-05 1.973720030e-02 -6.163839500e-04 -2.596320950e-06 6.205554170e-04
7.518979000e-01 -1.082216950e-01 6.743232440e-05 -3.951258700e-02 -1.076060240e-01 7.003881060e-05 -4.010371210e-02 -6.156710030e-04 -2.606486190e-06 5.911251210e-04
7.525498000e-01 -3.107860300e-02 -3.620998870e-05 1.658128330e-03 -3.047992980e-02 -3.355398330e-05 1.084943350e-03 -5.986732150e-04 -2.656005310e-06 5.731849750e-04
7.532018000e-01 -6.342965600e-03 3.258045040e-04 1.597740630e-02 -5.764404030e-03 3.283510710e-04 1.541908670e-02 -5.785615680e-04 -2.546567810e-06 5.583196170e-04
7.538537000e-01 -5.100971530e-02 2.833441350e-04 -8.529947370e-03 -5.044128480e-02 2.857908470e-04 -9.070422500e-03 -5.684305780e-04 -2.446711460e-06 5.404751320e-04
7.545340000e-01 -4.431990270e-02 1.016765950e-04 -9.167685920e-03 -4.376744310e-02 1.041022070e-04 -9.680260430e-03 -5.524595860e-04 -2.425612560e-06 5.125745100e-04
7.552142000e-01 -4.417204420e-02 3.304427900e-04 -1.300541250e-02 -4.363870090e-02 3.327221010e-04 -1.348354050e-02 -5.333433140e-04 -2.279310760e-06 4.781280300e-04
7.558945000e-01 -1.989098150e-02 -5.877545500e-05 1.025395680e-02 -1.936933000e-02 -5.645129330e-05 9.782170640e-03 -5.216514770e-04 -2.324161710e-06 4.717861790e-04
7.565748000e-01 -4.779074470e-02 9.598583980e-05 -8.168768710e-03 -4.727837480e-02 9.827284330e-05 -8.621074670e-03 -5.123699660e-04 -2.287003550e-06 4.523059680e-04
7.572551000e-01 -6.886594220e-02 5.294050930e-05 -2.281401980e-02 -6.836218090e-02 5.521276610e-05 -2.323975340e-02 -5.037612530e-04 -2.272256740e-06 4.257335210e-04
7.579753000e-01 -2.691144080e-02 1.769166190e-04 -3.097499130e-03 -2.642970340e-02 1.790948450e-04 -3.493908200e-03 -4.817373740e-04 -2.178226340e-06 3.964090790e-04
7.586956000e-01 -1.953029540e-02 1.231116310e-04 3.935301690e-03 -1.906648830e-02 1.252213090e-04 3.558666610e-03 -4.638071720e-04 -2.109677180e-06 3.766350790e-04
7.594159000e-01 -9.795742990e-03 9.363644680e-05 9.370818350e-03 -9.349326000e-03 9.568651770e-05 9.012722270e-03 -4.464169870e-04 -2.050070930e-06 3.580960780e-04
7.601362000e-01 -3.057979850e-02 1.118429260e-04 -6.297417670e-03 -3.015263810e-02 1.138238870e-04 -6.623859520e-03 -4.271603880e-04 -1.980960510e-06 3.264418470e-04
7.608565000e-01 -1.957512270e-02 2.850044220e-04 3.084462010e-03 -1.916410670e-02 2.868161560e-04 2.776255760e-03 -4.110159480e-04 -1.811734710e-06 3.082062470e-04
7.616423000e-01 -2.121374840e-02 2.425177550e-04 2.125091260e-03 -2.081571730e-02 2.441649150e-04 1.835734020e-03 -3.980310650e-04 -1.647160770e-06 2.893572400e-04
7.624281000e-01 -3.390487800e-02 1.202381310e-04 -5.513964070e-03 -3.351820210e-02 1.217854850e-04 -5.780636710e-03 -3.866759530e-04 -1.547354340e-06 2.666726390e-04
7.632138000e-01 1.263298510e-03 6.975870920e-05 8.213118510e-03 1.622023940e-03 7.122824270e-05 7.976015350e-03 -3.587254330e-04 -1.469533540e-06 2.371031540e-04
7.639996000e-01 1.763609000e-02 7.643444420e-05 1.551243830e-02 1.796397850e-02 7.781509040e-05 1.530781340e-02 -3.278885010e-04 -1.380646210e-06 2.046249440e-04
7.647854000e-01 -1.371001480e-02 1.357266100e-04 2.443442350e-03 -1.339546870e-02 1.369755470e-04 2.261906790e-03 -3.145461010e-04 -1.248937330e-06 1.815355570e-04
7.655711000e-01 -3.190974800e-02 2.144231800e-04 -5.317922540e-03 -3.160420510e-02 2.154915350e-04 -5.478662600e-03 -3.055429120e-04 -1.068354760e-06 1.607400640e-04
7.663569000e-01 1.201022200e-02 1.586537800e-04 1.132570900e-02 1.228541390e-02 1.595709590e-04 1.119815190e-02 -2.751918410e-04 -9.171789340e-07 1.275570280e-04
7.671427000e-01 5.535919400e-02 9.810864140e-05 4.315253080e-02 5.560884310e-02 9.890093250e-05 4.303030530e-02 -2.496490720e-04 -7.922910900e-07 1.222254400e-04
7.679285000e-01 -2.987897880e-02 9.261244140e-05 -1.097072910e-02 -2.964505640e-02 9.328318010e-05 -1.105669030e-02 -2.339224160e-04 -6.707386690e-07 8.596119920e-05
7.687142000e-01 -6.220391960e-03 1.155228410e-04 1.317346360e-03 -6.005665510e-03 1.160496760e-04 1.263938220e-03 -2.147264530e-04 -5.268344300e-07 5.340814360e-05
7.695000000e-01 3.049157960e-02 2.056067160e-04 2.480220490e-02 3.068167380e-02 2.059354750e-04 2.476580790e-02 -1.900941410e-04 -3.287589960e-07 3.639701590e-05
7.703804000e-01 2.533373310e-02 4.710111240e-05 1.997488750e-02 2.549612090e-02 4.730004540e-05 1.996210480e-02 -1.623877650e-04 -1.989329680e-07 1.278264470e-05
7.713018000e-01 -3.144140430e-02 2.392802440e-04 -1.184583440e-02 -3.129100330e-02 2.392126600e-04 -1.182459500e-02 -1.504010510e-04 6.758399500e-08 -2.123939630e-05
7.722232000e-01 5.831069440e-02 1.473316340e-04 3.566449910e-02 5.842065460e-02 1.470592310e-04 3.571286220e-02 -1.099601460e-04 2.724022770e-07 -4.836305930e-05
7.731676000e-01 1.447652190e-02 1.179058630e-04 1.368169020e-02 1.456686690e-02 1.174439670e-04 1.375371990e-02 -9.034492840e-05 4.618953790e-07 -7.202970960e-05
7.741369000e-01 3.432050370e-02 1.011581300e-04 2.113037590e-02 3.437675710e-02 1.005235090e-04 2.123692110e-02 -5.625338970e-05 6.346215880e-07 -1.065451750e-04
7.751062000e-01 1.364485480e-02 4.725694600e-05 1.107369780e-02 1.367665140e-02 4.649909650e-05 1.121124700e-02 -3.179661270e-05 7.578495110e-07 -1.375491740e-04
7.761031000e-01 3.417544530e-02 1.121684820e-04 2.245415190e-02 3.417802290e-02 1.112428750e-04 2.261715290e-02 -2.577663790e-06 9.256069340e-07 -1.630010520e-04
7.771001000e-01 6.069258310e-02 1.395326570e-04 3.461005740e-02 6.065159690e-02 1.384178860e-04 3.480696230e-02 4.098613590e-05 1.114771360e-06 -1.969049030e-04
7.780971000e-01 1.499514450e-02 1.177339490e-04 9.059189820e-03 1.492971530e-02 1.164561980e-04 9.289786810e-03 6.542922890e-05 1.277751300e-06 -2.305969820e-04
7.790940000e-01 3.989727950e-02 9.397813260e-05 2.236748810e-02 3.979780220e-02 9.256906410e-05 2.263084560e-02 9.947722980e-05 1.409068480e-06 -2.633575300e-04
7.800910000e-01 4.376863290e-02 8.138717560e-05 2.371690490e-02 4.363443910e-02 7.987115610e-05 2.401409910e-02 1.341937830e-04 1.516019410e-06 -2.971942430e-04
7.810880000e-01 4.689104320e-02 6.402567250e-05 2.779874420e-02 4.672600970e-02 6.242883490e-05 2.812184490e-02 1.650334780e-04 1.596837620e-06 -3.231006610e-04
7.820849000e-01 6.223818410e-02 3.229386940e-05 3.531905320e-02 6.203716500e-02 3.064769120e-05 3.566885770e-02 2.010190580e-04 1.646178160e-06 -3.498044340e-04
7.831188000e-01 4.119179700e-02 -1.655844030e-04 2.391247050e-02 4.096246210e-02 -1.671148270e-04 2.428942130e-02 2.293348280e-04 1.530424550e-06 -3.769508650e-04
7.841527000e-01 8.374061820e-02 1.410338030e-04 4.409965450e-02 8.346090690e-02 1.393920110e-04 4.451091280e-02 2.797112760e-04 1.641792000e-06 -4.112583100e-04
7.851866000e-01 4.096752310e-02 7.849288820e-05 2.200600390e-02 4.065732660e-02 7.681164790e-05 2.245225020e-02 3.101965090e-04 1.681240280e-06 -4.462462590e-04
7.862205000e-01 5.135073810e-02 4.132807340e-05 2.843307280e-02 5.100881040e-02 3.964805500e-05 2.890639650e-02 3.419277060e-04 1.680018340e-06 -4.733237640e-04
7.872544000e-01 6.911599200e-02 3.363396600e-05 3.707460510e-02 6.873434250e-02 3.197838080e-05 3.757624160e-02 3.816494850e-04 1.655585270e-06 -5.016364880e-04
7.883375000e-01 6.602057230e-02 7.315985630e-05 3.584537450e-02 6.559980910e-02 7.150419680e-05 3.637526680e-02 4.207631570e-04 1.655659500e-06 -5.298923180e-04
7.894206000e-01 5.961695830e-02 1.201152510e-05 2.942861960e-02 5.915633020e-02 1.042174770e-05 2.999664220e-02 4.606280650e-04 1.589777410e-06 -5.680226330e-04
7.904496000e-01 6.771195310e-02 -1.765616930e-05 3.360963130e-02 6.721176720e-02 -1.916010640e-05 3.421192250e-02 5.001858310e-04 1.503937110e-06 -6.022912310e-04
7.914786000e-01 8.136163040e-02 2.352204260e-05 4.464009100e-02 8.082491450e-02 2.208493840e-05 4.526001700e-02 5.367159140e-04 1.437104190e-06 -6.199260230e-04
7.925075000e-01 9.203536860e-02 7.119819020e-05 4.550508770e-02 9.144970930e-02 6.980530600e-05 4.616080200e-02 5.856592830e-04 1.392884230e-06 -6.557143200e-04
7.935365000e-01 4.962365010e-02 -5.092762730e-05 2.348277100e-02 4.901006430e-02 -5.217085920e-05 2.417066740e-02 6.135857710e-04 1.243231930e-06 -6.878963630e-04
7.945655000e-01 9.721826790e-02 3.714922560e-05 4.936394190e-02 9.655895710e-02 3.598619280e-05 5.008050890e-02 6.593108010e-04 1.163032780e-06 -7.165670190e-04
7.955301000e-01 8.584134610e-02 6.221845530e-05 4.244107080e-02 8.514466110e-02 6.111396920e-05 4.318607860e-02 6.966849120e-04 1.104486160e-06 -7.450077870e-04
7.964948000e-01 1.037847860e-01 8.527384490e-06 5.167764540e-02 1.030443780e-01 7.524327420e-06 5.245080890e-02 7.404084030e-04 1.003057070e-06 -7.731634510e-04
7.974595000e-01 9.154519220e-02 -3.392508930e-05 4.518267850e-02 9.076830250e-02 -3.479085570e-05 4.598298150e-02 7.768896460e-04 8.657664010e-07 -8.003029980e-04
7.983552000e-01 6.824711940e-02 -3.819928600e-05 2.908821680e-02 6.743960480e-02 -3.892924330e-05 2.992450150e-02 8.075146710e-04 7.299572630e-07 -8.362846850e-04
7.991870000e-01 8.128015690e-02 -3.176209410e-05 3.801679480e-02 8.044443160e-02 -3.236329560e-05 3.887872280e-02 8.357252930e-04 6.012015710e-07 -8.619280060e-04
8.000187000e-01 1.038528480e-01 -1.382249550e-05 5.305349530e-02 1.029875530e-01 -1.429068150e-05 5.393043140e-02 8.652952840e-04 4.681860280e-07 -8.769361200e-04
8.008505000e-01 1.117968140e-01 -3.127352530e-05 5.264834500e-02 1.108933600e-01 -3.158608920e-05 5.355227580e-02 9.034540570e-04 3.125638570e-07 -9.039308200e-04
8.016130000e-01 8.011885620e-02 -3.864426520e-05 3.526290700e-02 7.919345940e-02 -3.879468990e-05 3.619132780e-02 9.253967540e-04 1.504247110e-07 -9.284208280e-04
8.023754000e-01 1.181905450e-01 -3.717725900e-05 5.550866190e-02 1.172323210e-01 -3.715592030e-05 5.646043000e-02 9.582241620e-04 -2.133865180e-08 -9.517681170e-04
8.031379000e-01 1.072322280e-01 -1.783492130e-05 4.910216400e-02 1.062459700e-01 -1.764090740e-05 5.007721220e-02 9.862583570e-04 -1.940138970e-07 -9.750482230e-04
8.038241000e-01 8.925016950e-02 -5.247573890e-05 3.794680500e-02 8.824440060e-02 -5.211310160e-05 3.894446200e-02 1.005768910e-03 -3.626373600e-07 -9.976570130e-04
8.045103000e-01 1.089899390e-01 1.178382750e-05 4.389351160e-02 1.079538740e-01 1.229021950e-05 4.492368360e-02 1.036064960e-03 -5.063919080e-07 -1.030172000e-03
8.051965000e-01 1.084241950e-01 -4.821969580e-05 4.836591170e-02 1.073665430e-01 -4.753604330e-05 4.941411970e-02 1.057652300e-03 -6.836525400e-07 -1.048208020e-03
8.058827000e-01 1.102625430e-01 -4.693672880e-05 5.147010280e-02 1.091865870e-01 -4.607558380e-05 5.253019940e-02 1.075955540e-03 -8.611450140e-07 -1.060096620e-03
8.065689000e-01 1.335185860e-01 -8.516797300e-05 5.941475090e-02 1.324131980e-01 -8.411153160e-05 6.049762080e-02 1.105387810e-03 -1.056441340e-06 -1.082869900e-03
8.071408000e-01 1.164889870e-01 -2.022078280e-05 4.846131300e-02 1.153656680e-01 -1.902821520e-05 4.956423320e-02 1.123319540e-03 -1.192567630e-06 -1.102920220e-03
8.077126000e-01 8.974295480e-02 -5.058802060e-05 3.463703120e-02 8.860841270e-02 -4.924589340e-05 3.575761010e-02 1.134542180e-03 -1.342127150e-06 -1.120578920e-03
8.082845000e-01 1.345462430e-01 -1.044924530e-04 5.789010120e-02 1.333899620e-01 -1.029743150e-04 5.902822770e-02 1.156280180e-03 -1.518138230e-06 -1.138126450e-03
8.088563000e-01 1.335505330e-01 -4.374678780e-05 5.668057670e-02 1.323739710e-01 -4.208044010e-05 5.783638880e-02 1.176562670e-03 -1.666347700e-06 -1.155812040e-03
8.094282000e-01 9.659051510e-02 -3.876082760e-05 3.572703210e-02 9.540187750e-02 -3.694533250e-05 3.690182360e-02 1.188637570e-03 -1.815495180e-06 -1.174791530e-03
8.100000000e-01 1.021134970e-01 -3.716249290e-05 3.993788300e-02 1.009135070e-01 -3.519324270e-05 4.112744110e-02 1.199990360e-03 -1.969250150e-06 -1.189558150e-03
8.105400000e-01 9.912006980e-02 -3.616936380e-05 3.853243170e-02 9.791189960e-02 -3.405550270e-05 3.973427800e-02 1.208170170e-03 -2.113861090e-06 -1.201846270e-03
8.110658000e-01 1.266500940e-01 -3.729311020e-05 6.021181960e-02 1.254364890e-01 -3.503955990e-05 6.141125610e-02 1.213604480e-03 -2.253550290e-06 -1.199436590e-03
8.115847000e-01 1.660348810e-01 -3.873094870e-05 8.924776610e-02 1.648169580e-01 -3.634279340e-05 9.043030370e-02 1.217922130e-03 -2.388155370e-06 -1.182537590e-03
8.120967000e-01 9.875935560e-02 -3.570548680e-05 4.568244980e-02 9.754332820e-02 -3.318645510e-05 4.686446160e-02 1.216027420e-03 -2.519031690e-06 -1.182011830e-03
8.126020000e-01 5.009405460e-02 -3.399191070e-05 1.503630670e-02 4.888455070e-02 -3.134541640e-05 1.622514430e-02 1.209503950e-03 -2.646494300e-06 -1.188837560e-03
8.131007000e-01 1.106421910e-01 -3.401640220e-05 5.099049170e-02 1.094307270e-01 -3.124777470e-05 5.217732260e-02 1.211464480e-03 -2.768627500e-06 -1.186830890e-03
8.135928000e-01 1.515241280e-01 1.128493460e-05 7.492687950e-02 1.503061890e-01 1.415849300e-05 7.610751530e-02 1.217938550e-03 -2.873558380e-06 -1.180635850e-03
8.140784000e-01 9.904024870e-02 -3.568638770e-05 4.316595950e-02 9.782366150e-02 -3.268653640e-05 4.434738280e-02 1.216587290e-03 -2.999851380e-06 -1.181423300e-03
8.145576000e-01 5.115745980e-02 -4.963842590e-05 1.331402970e-02 4.994726350e-02 -4.650870880e-05 1.450241320e-02 1.210196320e-03 -3.129717100e-06 -1.188383500e-03
8.150369000e-01 1.133266440e-01 -3.837197920e-05 5.166499220e-02 1.121156550e-01 -3.511391920e-05 5.284963220e-02 1.210989560e-03 -3.258060000e-06 -1.184639980e-03
8.155097000e-01 1.819993320e-01 -7.981177170e-05 9.375343500e-02 1.807814210e-01 -7.640917710e-05 9.492479820e-02 1.217910880e-03 -3.402594560e-06 -1.171363180e-03
8.159762000e-01 1.371677540e-01 -7.684759740e-06 6.637867470e-02 1.359493750e-01 -4.167845430e-06 6.754393210e-02 1.218379660e-03 -3.516914310e-06 -1.165257450e-03
8.164365000e-01 8.640345600e-02 -2.239122380e-05 3.636512710e-02 8.519149070e-02 -1.875732690e-05 3.752861510e-02 1.211965340e-03 -3.633896920e-06 -1.163488040e-03
8.168969000e-01 1.010592200e-01 -4.550722800e-05 4.364364140e-02 9.984986180e-02 -4.174779470e-05 4.480509270e-02 1.209358570e-03 -3.759433250e-06 -1.161451280e-03
8.173510000e-01 1.244645060e-01 9.540003520e-06 5.188046460e-02 1.232505440e-01 1.340639250e-05 5.304608330e-02 1.213962640e-03 -3.866388940e-06 -1.165618720e-03
8.178051000e-01 1.238957350e-01 -3.306118610e-06 5.132349770e-02 1.226784050e-01 6.702155270e-07 5.249230820e-02 1.217330310e-03 -3.976334140e-06 -1.168810420e-03
8.182529000e-01 1.045506330e-01 -9.103500930e-06 4.442807620e-02 1.033371690e-01 -5.021717810e-06 4.559366490e-02 1.213463970e-03 -4.081783120e-06 -1.165588750e-03
8.187008000e-01 9.511428750e-02 -2.306699780e-05 3.983482570e-02 9.390628550e-02 -1.887887790e-05 4.099666750e-02 1.208001940e-03 -4.188119850e-06 -1.161841730e-03
8.191487000e-01 1.309680000e-01 1.009980760e-05 5.808852610e-02 1.297585330e-01 1.437636950e-05 5.924733620e-02 1.209466220e-03 -4.276561850e-06 -1.158810080e-03
8.195903000e-01 1.607833330e-01 4.396454190e-06 7.347993540e-02 1.595682990e-01 8.760749560e-06 7.463585820e-02 1.215033630e-03 -4.364295370e-06 -1.155922880e-03
8.200318000e-01 1.299106620e-01 3.065213500e-05 5.651647500e-02 1.286961020e-01 3.509048970e-05 5.766982440e-02 1.214559930e-03 -4.438354690e-06 -1.153349460e-03
8.204671000e-01 1.053562130e-01 -2.277948050e-05 4.382829660e-02 1.041468450e-01 -1.825083730e-05 4.497804410e-02 1.209368160e-03 -4.528643210e-06 -1.149747490e-03
8.209023000e-01 1.096091030e-01 -3.546398630e-05 4.512979730e-02 1.084029970e-01 -3.084337840e-05 4.627705310e-02 1.206106580e-03 -4.620607940e-06 -1.147255820e-03
8.213376000e-01 8.424487190e-02 -7.700437010e-05 2.736469420e-02 8.304279430e-02 -7.227684180e-05 2.851596680e-02 1.202077550e-03 -4.727528300e-06 -1.151272590e-03
8.217729000e-01 7.183668670e-02 1.798479780e-05 1.937861110e-02 7.063973330e-02 2.278088660e-05 2.053467820e-02 1.196953360e-03 -4.796088740e-06 -1.156067060e-03
8.222081000e-01 1.831608910e-01 9.745199760e-05 8.517554770e-02 1.819565130e-01 1.022902300e-04 8.632420010e-02 1.204377520e-03 -4.838232370e-06 -1.148652490e-03
8.226434000e-01 2.600487350e-01 3.204568360e-05 1.293019690e-01 2.588293910e-01 3.694551230e-05 1.304373750e-01 1.219344400e-03 -4.899828760e-06 -1.135405960e-03
8.230719000e-01 1.438563760e-01 2.376377000e-04 6.103331450e-02 1.426383560e-01 2.425337320e-04 6.216688970e-02 1.218020550e-03 -4.896032330e-06 -1.133575240e-03
8.235005000e-01 1.076752910e-02 -1.208175210e-04 -1.655569690e-02 9.565971930e-03 -1.158205690e-04 -1.541355650e-02 1.201557180e-03 -4.996952570e-06 -1.142140430e-03
8.239291000e-01 6.654894580e-02 8.603403230e-07 1.539963430e-02 6.535489620e-02 5.919607710e-06 1.654395590e-02 1.194049600e-03 -5.059267390e-06 -1.144321590e-03
8.243576000e-01 1.819044120e-01 2.201498700e-05 8.425358310e-02 1.807053620e-01 2.712602960e-05 8.538758140e-02 1.199049980e-03 -5.111042540e-06 -1.133998300e-03
8.247862000e-01 1.870577590e-01 4.759678310e-05 8.832978930e-02 1.858553770e-01 5.274967800e-05 8.945288600e-02 1.202381270e-03 -5.152894830e-06 -1.123096730e-03
8.252148000e-01 1.393789040e-01 -4.447938610e-05 5.610214790e-02 1.381753090e-01 -3.925398360e-05 5.722646380e-02 1.203595130e-03 -5.225402550e-06 -1.124315910e-03
8.256433000e-01 1.390656570e-01 -8.485403640e-06 5.207301790e-02 1.378586050e-01 -3.199093330e-06 5.320271610e-02 1.207052730e-03 -5.286310310e-06 -1.129698210e-03
8.260719000e-01 1.248258960e-01 1.162576600e-04 4.573361380e-02 1.236192240e-01 1.215536430e-04 4.686586280e-02 1.206672210e-03 -5.295982760e-06 -1.132249040e-03
8.265004000e-01 8.812032470e-02 5.336059640e-05 2.466566600e-02 8.691909340e-02 5.867939600e-05 2.580216250e-02 1.201231320e-03 -5.318799670e-06 -1.136496440e-03
8.269290000e-01 1.009396720e-01 6.692173130e-05 3.207610240e-02 9.974167900e-02 7.225657140e-05 3.321530130e-02 1.197993400e-03 -5.334840090e-06 -1.139198850e-03
8.273655000e-01 1.474754860e-01 3.555536810e-05 6.391220170e-02 1.462797590e-01 4.091223540e-05 6.504218590e-02 1.195726610e-03 -5.356867300e-06 -1.129984140e-03
8.278020000e-01 1.428504820e-01 -4.217082190e-05 6.154086560e-02 1.416583310e-01 -3.676856230e-05 6.266081890e-02 1.192151250e-03 -5.402259570e-06 -1.119953300e-03
8.282385000e-01 1.511736310e-01 4.168343120e-05 6.261699150e-02 1.499804010e-01 4.710166580e-05 6.373362220e-02 1.193229360e-03 -5.418234630e-06 -1.116630710e-03
8.286750000e-01 1.626271680e-01 1.251371330e-04 6.759544880e-02 1.614308370e-01 1.305419780e-04 6.870992180e-02 1.196330940e-03 -5.404844480e-06 -1.114472990e-03
8.291115000e-01 1.503234880e-01 7.641240920e-05 5.952432690e-02 1.491254710e-01 8.182128640e-05 6.063860510e-02 1.198016910e-03 -5.408877210e-06 -1.114278190e-03
8.295480000e-01 1.393356280e-01 6.974719790e-06 5.075403390e-02 1.381348810e-01 1.240548370e-05 5.187354710e-02 1.200746830e-03 -5.430763930e-06 -1.119513170e-03
8.299845000e-01 1.420823320e-01 -7.560487300e-05 5.167417910e-02 1.408795460e-01 -7.013011130e-05 5.279698220e-02 1.202786060e-03 -5.474761710e-06 -1.122803080e-03
8.304210000e-01 1.218319360e-01 1.113286100e-04 4.432650990e-02 1.206335720e-01 1.167830180e-04 4.544700160e-02 1.198364110e-03 -5.454408390e-06 -1.120491750e-03
8.308575000e-01 1.114045150e-01 4.274523940e-05 3.851401300e-02 1.102107110e-01 4.820033990e-05 3.963317760e-02 1.193804060e-03 -5.455100480e-06 -1.119164600e-03
8.313039000e-01 1.361532310e-01 -8.275735620e-05 5.352063650e-02 1.349623250e-01 -7.725906990e-05 5.463386150e-02 1.190906580e-03 -5.498286220e-06 -1.113225030e-03
8.317504000e-01 1.560115210e-01 2.097825460e-05 6.886805790e-02 1.548244670e-01 2.647298170e-05 6.996861330e-02 1.187054090e-03 -5.494727010e-06 -1.100555400e-03
8.321968000e-01 1.368468960e-01 1.083784090e-04 5.117870040e-02 1.356606110e-01 1.138419900e-04 5.227973010e-02 1.186284230e-03 -5.463580900e-06 -1.101029700e-03
8.326432000e-01 1.116388730e-01 -1.561172030e-05 2.737757650e-02 1.104485320e-01 -1.013321420e-05 2.849534680e-02 1.190340740e-03 -5.478506110e-06 -1.117770250e-03
8.330896000e-01 1.252836350e-01 4.834110140e-05 3.907774370e-02 1.240917870e-01 5.380582420e-05 4.020222280e-02 1.191847100e-03 -5.464722780e-06 -1.124479140e-03
8.335360000e-01 1.499498130e-01 3.490901530e-05 6.284182080e-02 1.487622270e-01 4.036150880e-05 6.395518490e-02 1.187586250e-03 -5.452493430e-06 -1.113364200e-03
8.339945000e-01 1.461067860e-01 4.890811660e-05 6.033437620e-02 1.449230770e-01 5.434027960e-05 6.143918780e-02 1.183709360e-03 -5.432163060e-06 -1.104811630e-03
8.344530000e-01 1.625931280e-01 5.306743580e-05 6.452350200e-02 1.614067430e-01 5.847843700e-05 6.562703280e-02 1.186385480e-03 -5.411001190e-06 -1.103530780e-03
8.349115000e-01 1.752527530e-01 1.656022680e-04 7.055257890e-02 1.740623440e-01 1.709501880e-04 7.165453280e-02 1.190409210e-03 -5.347920600e-06 -1.101953970e-03
8.353700000e-01 1.254883790e-01 1.170806560e-04 4.161603790e-02 1.243006750e-01 1.223806830e-04 4.272150780e-02 1.187703640e-03 -5.300026440e-06 -1.105469970e-03
8.358285000e-01 9.852649730e-02 8.856122000e-05 2.453455470e-02 9.734302400e-02 9.382553890e-05 2.564847600e-02 1.183473240e-03 -5.264318930e-06 -1.113921350e-03
8.362869000e-01 1.317855960e-01 7.641649420e-05 4.712878530e-02 1.306049950e-01 8.164897720e-05 4.824088680e-02 1.180600810e-03 -5.232483010e-06 -1.112101440e-03
8.367454000e-01 1.567743390e-01 2.020859550e-05 6.776776420e-02 1.555985980e-01 2.543153960e-05 6.886739560e-02 1.175741150e-03 -5.222944100e-06 -1.099631340e-03
8.372039000e-01 1.451469460e-01 3.856887150e-05 5.531375440e-02 1.439731340e-01 4.378236070e-05 5.641028750e-02 1.173812150e-03 -5.213489170e-06 -1.096533110e-03
8.376624000e-01 1.473399660e-01 1.151640240e-04 4.968715290e-02 1.461620340e-01 1.203412210e-04 5.079205480e-02 1.177931490e-03 -5.177197610e-06 -1.104901960e-03
8.381209000e-01 1.540933850e-01 1.560567450e-04 5.421178130e-02 1.529129500e-01 1.611819160e-04 5.532144580e-02 1.180435260e-03 -5.125170500e-06 -1.109664520e-03
8.385794000e-01 1.683800950e-01 8.677442830e-05 6.534855920e-02 1.671976940e-01 9.187071740e-05 6.645649370e-02 1.182400870e-03 -5.096289080e-06 -1.107934520e-03
8.390379000e-01 1.704569830e-01 6.757272680e-05 6.598539470e-02 1.692725020e-01 7.264328770e-05 6.709228890e-02 1.184480920e-03 -5.070560910e-06 -1.106894170e-03
8.394963000e-01 1.382509730e-01 1.083726140e-04 4.859753190e-02 1.370702900e-01 1.134027590e-04 4.970424610e-02 1.180683670e-03 -5.030144340e-06 -1.106714200e-03
8.399548000e-01 1.307537340e-01 9.124759020e-05 4.430771780e-02 1.295772610e-01 9.624416750e-05 4.541433860e-02 1.176472870e-03 -4.996577300e-06 -1.106620790e-03
8.404133000e-01 1.321599630e-01 2.693484370e-05 4.471521720e-02 1.309870940e-01 3.192820290e-05 4.582168860e-02 1.172869050e-03 -4.993359150e-06 -1.106471380e-03
8.408718000e-01 1.218453290e-01 8.776627220e-05 3.930835690e-02 1.206780460e-01 9.273468250e-05 4.041458330e-02 1.167282970e-03 -4.968410250e-06 -1.106226410e-03
8.413303000e-01 1.522853380e-01 6.259534150e-05 5.494118980e-02 1.511182690e-01 6.754759890e-05 5.604703700e-02 1.167068820e-03 -4.952257380e-06 -1.105847250e-03
8.417888000e-01 1.971621430e-01 6.180033240e-05 7.811412240e-02 1.959887660e-01 6.673816180e-05 7.921855360e-02 1.173377850e-03 -4.937829370e-06 -1.104431200e-03
8.422473000e-01 1.641077780e-01 1.162657490e-04 5.920538140e-02 1.629334850e-01 1.211654970e-04 6.031118120e-02 1.174293880e-03 -4.899747800e-06 -1.105799730e-03
8.427057000e-01 9.808151620e-02 5.127106830e-05 2.093338490e-02 9.691396800e-02 5.614966420e-05 2.204708780e-02 1.167548210e-03 -4.878595910e-06 -1.113702880e-03
8.431642000e-01 1.183193380e-01 1.726477820e-04 3.066893470e-02 1.171550720e-01 1.774585970e-04 3.178843710e-02 1.164265990e-03 -4.810814600e-06 -1.119502370e-03
8.436227000e-01 1.774371640e-01 1.160037750e-04 6.584545820e-02 1.762683720e-01 1.207693360e-04 6.696433310e-02 1.168792170e-03 -4.765561100e-06 -1.118874810e-03
8.440812000e-01 1.842378200e-01 1.008355900e-04 6.840450880e-02 1.830644140e-01 1.055580740e-04 6.952399830e-02 1.173406200e-03 -4.722484260e-06 -1.119489500e-03
8.445397000e-01 1.590478560e-01 8.041965520e-05 5.884797260e-02 1.578777690e-01 8.510141590e-05 5.996262450e-02 1.170087420e-03 -4.681760770e-06 -1.114651890e-03
8.449982000e-01 1.556184060e-01 7.086547770e-05 5.905233660e-02 1.544532730e-01 7.550864930e-05 6.015855570e-02 1.165132720e-03 -4.643171650e-06 -1.106219180e-03
8.454567000e-01 1.304499620e-01 2.313989520e-04 3.926089990e-02 1.292882280e-01 2.359432390e-04 4.037040620e-02 1.161733610e-03 -4.544286980e-06 -1.109506290e-03
8.459151000e-01 1.046078340e-01 -7.124690160e-05 2.119641960e-02 1.034499220e-01 -6.669872820e-05 2.231637400e-02 1.157912510e-03 -4.548173410e-06 -1.119954430e-03
8.463736000e-01 1.466797900e-01 5.878634960e-06 4.757383570e-02 1.455218920e-01 1.040486660e-05 4.869663650e-02 1.157897860e-03 -4.526231640e-06 -1.122800790e-03
8.468321000e-01 1.872471470e-01 4.955331910e-05 6.890778610e-02 1.860841480e-01 5.403851840e-05 7.002936790e-02 1.162998210e-03 -4.485199310e-06 -1.121581800e-03
8.472906000e-01 1.639649770e-01 7.718255790e-05 5.649845560e-02 1.628007240e-01 8.162097220e-05 5.762081360e-02 1.164252370e-03 -4.438414300e-06 -1.122357960e-03
8.477491000e-01 1.326613430e-01 5.997117950e-05 4.096773470e-02 1.315019270e-01 6.437181020e-05 4.209038830e-02 1.159416520e-03 -4.400630680e-06 -1.122653650e-03
8.482076000e-01 1.351437150e-01 2.757327550e-04 4.182112870e-02 1.339876960e-01 2.800152540e-04 4.294441840e-02 1.156018380e-03 -4.282499680e-06 -1.123289750e-03
8.486661000e-01 1.552473380e-01 3.115616190e-05 4.664120050e-02 1.540878990e-01 3.542099970e-05 4.777203980e-02 1.159439030e-03 -4.264837740e-06 -1.130839300e-03
8.491245000e-01 1.560787820e-01 1.599652080e-06 4.524245930e-02 1.549153230e-01 5.849577430e-06 4.638245060e-02 1.163459080e-03 -4.249925350e-06 -1.139991280e-03
8.495830000e-01 1.552582840e-01 4.457955680e-05 5.196604160e-02 1.540969830e-01 4.880147500e-05 5.310264090e-02 1.161301260e-03 -4.221918210e-06 -1.136599310e-03
8.500415000e-01 1.719605390e-01 -5.489852510e-05 6.375611740e-02 1.708020330e-01 -5.066237710e-05 6.488373360e-02 1.158505950e-03 -4.236148030e-06 -1.127616130e-03
8.505000000e-01 1.404093520e-01 5.309831540e-05 4.081572300e-02 1.392534410e-01 5.731153570e-05 4.194664630e-02 1.155911260e-03 -4.213220290e-06 -1.130923370e-03
8.509880000e-01 9.444079530e-02 5.190128240e-05 1.296014410e-02 9.329015860e-02 5.608996340e-05 1.410366930e-02 1.150636720e-03 -4.188680940e-06 -1.143525270e-03
8.514759000e-01 1.565667600e-01 -1.902957590e-05 4.929132720e-02 1.554149670e-01 -1.484125430e-05 5.043621640e-02 1.151792860e-03 -4.188321510e-06 -1.144889260e-03
8.519639000e-01 2.300480960e-01 2.336705090e-04 9.210161330e-02 2.288881230e-01 2.377683170e-04 9.323641630e-02 1.159973200e-03 -4.097807850e-06 -1.134802950e-03
8.524518000e-01 1.716491730e-01 9.556858520e-05 5.749175300e-02 1.704883490e-01 9.962641960e-05 5.862700860e-02 1.160823840e-03 -4.057834410e-06 -1.135255610e-03
8.529398000e-01 9.182289730e-02 1.846846930e-04 1.095839290e-02 9.066834460e-02 1.886696520e-04 1.210572350e-02 1.154552720e-03 -3.984959330e-06 -1.147330600e-03
8.534277000e-01 1.252664960e-01 1.756882630e-04 3.000106010e-02 1.241143960e-01 1.795994500e-04 3.115413280e-02 1.152099930e-03 -3.911186360e-06 -1.153072700e-03
8.539221000e-01 1.403595720e-01 3.087929800e-05 4.055995830e-02 1.392097450e-01 3.476631070e-05 4.171303760e-02 1.149826570e-03 -3.887012740e-06 -1.153079350e-03
8.544165000e-01 1.502206050e-01 7.060233190e-05 4.534502880e-02 1.490713540e-01 7.445463250e-05 4.649930410e-02 1.149250770e-03 -3.852300620e-06 -1.154275330e-03
8.549108000e-01 1.835907950e-01 1.097469240e-04 5.977581140e-02 1.824356680e-01 1.135500090e-04 6.093183590e-02 1.155127030e-03 -3.803084480e-06 -1.156024500e-03
8.554052000e-01 1.719545900e-01 1.525840380e-04 4.933868250e-02 1.707960160e-01 1.563244550e-04 5.049796850e-02 1.158574460e-03 -3.740416860e-06 -1.159286000e-03
8.558996000e-01 1.502961650e-01 2.852585150e-05 4.167925040e-02 1.491399270e-01 3.224947980e-05 4.284097820e-02 1.156237360e-03 -3.723628270e-06 -1.161727790e-03
8.563939000e-01 1.464157940e-01 6.033849930e-06 4.408603390e-02 1.452617360e-01 9.754045970e-06 4.524891480e-02 1.154058430e-03 -3.720196040e-06 -1.162880880e-03
8.568883000e-01 1.374023560e-01 1.588617530e-04 3.748675600e-02 1.362519370e-01 1.625225700e-04 3.865066380e-02 1.150419640e-03 -3.660816240e-06 -1.163907770e-03
8.573827000e-01 1.420940210e-01 1.837515980e-04 3.852086830e-02 1.409456230e-01 1.873477350e-04 3.968673960e-02 1.148398240e-03 -3.596136660e-06 -1.165871310e-03
8.578771000e-01 1.691791620e-01 9.699794890e-05 4.750478960e-02 1.680238760e-01 1.005720130e-04 4.868041590e-02 1.155285780e-03 -3.574064080e-06 -1.175626290e-03
8.583714000e-01 1.636852970e-01 9.851409680e-05 4.403584280e-02 1.625249440e-01 1.020708720e-04 4.521998010e-02 1.160352810e-03 -3.556774800e-06 -1.184137390e-03
8.588658000e-01 1.582043410e-01 6.229805830e-05 4.933755470e-02 1.570480070e-01 6.585524250e-05 5.051511530e-02 1.156334420e-03 -3.557184170e-06 -1.177560610e-03
8.593602000e-01 1.537719930e-01 3.347525890e-05 4.647357930e-02 1.526190640e-01 3.704492050e-05 4.764613510e-02 1.152928920e-03 -3.569661510e-06 -1.172555720e-03
8.598545000e-01 1.721336220e-01 7.175055560e-06 4.628216750e-02 1.709739950e-01 1.076761560e-05 4.746490850e-02 1.159627000e-03 -3.592560010e-06 -1.182740980e-03
8.603489000e-01 1.764893120e-01 -1.141430180e-05 4.749384210e-02 1.753228120e-01 -7.790285450e-06 4.868660910e-02 1.166499860e-03 -3.624016400e-06 -1.192766930e-03
8.608433000e-01 1.038010980e-01 1.441745490e-05 1.659379780e-02 1.026450660e-01 1.806077430e-05 1.778907690e-02 1.156032810e-03 -3.643319400e-06 -1.195279160e-03
8.613377000e-01 9.510435200e-02 5.744063540e-05 1.214251450e-02 9.395922670e-02 6.108653530e-05 1.334024760e-02 1.145125340e-03 -3.645899880e-06 -1.197733180e-03
8.618404000e-01 2.007192670e-01 9.157419220e-05 6.622469420e-02 1.995671820e-01 9.520773050e-05 6.741787270e-02 1.152084520e-03 -3.633538310e-06 -1.193178540e-03
8.623432000e-01 2.199791060e-01 4.136214230e-05 7.714848610e-02 2.188195750e-01 4.500037400e-05 7.833578460e-02 1.159530910e-03 -3.638231750e-06 -1.187298450e-03
8.628373000e-01 1.670436160e-01 6.220422310e-06 4.354322890e-02 1.658802530e-01 9.878904690e-06 4.473963460e-02 1.163362110e-03 -3.658482380e-06 -1.196405730e-03
8.633313000e-01 1.673915270e-01 9.888789870e-07 4.128649930e-02 1.662228430e-01 4.666866810e-06 4.249389900e-02 1.168684010e-03 -3.677987820e-06 -1.207399680e-03
8.638254000e-01 1.191624780e-01 2.339205730e-04 2.208398990e-02 1.180012630e-01 2.375267940e-04 2.329431240e-02 1.161214940e-03 -3.606220840e-06 -1.210322480e-03
8.643195000e-01 9.449537790e-02 5.907506750e-05 1.141196140e-02 9.334491550e-02 6.267574390e-05 1.262392290e-02 1.150462440e-03 -3.600676360e-06 -1.211961520e-03
8.648229000e-01 1.716412310e-01 1.683837670e-04 4.854578270e-02 1.704864520e-01 1.719320740e-04 4.975954220e-02 1.154778750e-03 -3.548307010e-06 -1.213759550e-03
8.653263000e-01 1.931212070e-01 5.214584260e-05 5.769257160e-02 1.919590370e-01 5.568917450e-05 5.890859520e-02 1.162170490e-03 -3.543331890e-06 -1.216023620e-03
8.658200000e-01 1.629785870e-01 7.119514250e-05 4.223541340e-02 1.618166700e-01 7.472856640e-05 4.345401990e-02 1.161917270e-03 -3.533423880e-06 -1.218606540e-03
8.663138000e-01 1.514520170e-01 -1.289915420e-05 3.730399630e-02 1.502924830e-01 -9.343580840e-06 3.852396390e-02 1.159533530e-03 -3.555573400e-06 -1.219967580e-03
8.668075000e-01 1.701170600e-01 -1.883488620e-05 4.197857780e-02 1.689533320e-01 -1.525516720e-05 4.320608900e-02 1.163727430e-03 -3.579719000e-06 -1.227511190e-03
8.673012000e-01 1.678294730e-01 4.551465070e-05 3.842516010e-02 1.666594390e-01 4.909748680e-05 3.966461760e-02 1.170034030e-03 -3.582836070e-06 -1.239457530e-03
8.677949000e-01 1.676165620e-01 -1.391705660e-07 4.519814300e-02 1.664463180e-01 3.466906070e-06 4.643672950e-02 1.170243810e-03 -3.606076630e-06 -1.238586430e-03
8.682887000e-01 1.864706220e-01 2.371661360e-05 5.678473930e-02 1.853009820e-01 2.733311840e-05 5.801649250e-02 1.169639220e-03 -3.616504810e-06 -1.231753210e-03
8.687824000e-01 1.368865690e-01 -2.101624110e-05 2.753479800e-02 1.357193220e-01 -1.736770740e-05 2.876872490e-02 1.167247240e-03 -3.648533650e-06 -1.233926900e-03
8.692761000e-01 1.356585390e-01 8.245001640e-05 2.685779930e-02 1.344944510e-01 8.609184200e-05 2.809471410e-02 1.164087900e-03 -3.641825550e-06 -1.236914780e-03
8.697698000e-01 1.432641350e-01 1.389061650e-05 3.250730950e-02 1.421013960e-01 1.755285660e-05 3.374956140e-02 1.162739220e-03 -3.662240180e-06 -1.242251830e-03
8.702636000e-01 1.303377190e-01 9.261642460e-05 1.934548750e-02 1.291747620e-01 9.626753840e-05 2.059918150e-02 1.162956880e-03 -3.651113780e-06 -1.253693980e-03
8.707573000e-01 1.463655010e-01 2.438350980e-05 2.942194700e-02 1.452029950e-01 2.805228440e-05 3.068053420e-02 1.162506710e-03 -3.668774610e-06 -1.258587180e-03
8.712510000e-01 1.347162870e-01 4.452872160e-06 2.582815720e-02 1.335573360e-01 8.147930100e-06 2.708893430e-02 1.158951480e-03 -3.695057940e-06 -1.260777120e-03
8.717447000e-01 1.773085490e-01 3.178758000e-06 4.676667770e-02 1.761467030e-01 6.901911960e-06 4.802699240e-02 1.161845430e-03 -3.723153960e-06 -1.260314700e-03
8.722385000e-01 2.446323690e-01 -2.045888670e-04 8.091868550e-02 2.434599590e-01 -2.007512700e-04 8.217182930e-02 1.172409640e-03 -3.837596420e-06 -1.253143770e-03
8.727322000e-01 1.783970520e-01 9.063522690e-05 4.560099330e-02 1.772227520e-01 9.447178380e-05 4.685662050e-02 1.174299660e-03 -3.836556840e-06 -1.255627150e-03
8.732259000e-01 1.141399250e-01 -1.199537390e-04 1.047690410e-02 1.129703490e-01 -1.160341490e-04 1.174546200e-02 1.169575950e-03 -3.919589870e-06 -1.268557870e-03
8.737196000e-01 1.546548300e-01 1.506305920e-04 3.109313910e-02 1.534852440e-01 1.545240680e-04 3.236778000e-02 1.169585770e-03 -3.893475970e-06 -1.274640910e-03
8.742134000e-01 1.727720200e-01 -3.302331650e-05 4.098512140e-02 1.716007560e-01 -2.908429810e-05 4.226198430e-02 1.171264230e-03 -3.939018390e-06 -1.276862880e-03
8.747071000e-01 1.645243150e-01 1.123760070e-05 3.820207390e-02 1.633530860e-01 1.520453710e-05 3.947988850e-02 1.171229400e-03 -3.966936390e-06 -1.277814610e-03
8.752008000e-01 1.717990760e-01 -4.907747800e-05 4.386822150e-02 1.706302700e-01 -4.506245390e-05 4.513959330e-02 1.168805970e-03 -4.015024060e-06 -1.271371810e-03
8.756945000e-01 1.698685300e-01 -1.372545710e-05 4.191388600e-02 1.686993600e-01 -9.675951610e-06 4.318475520e-02 1.169169820e-03 -4.049505440e-06 -1.270869150e-03
8.761883000e-01 2.074828820e-01 -3.902098660e-06 5.088174530e-02 2.063025100e-01 1.817633240e-07 5.216500970e-02 1.180371660e-03 -4.083861990e-06 -1.283264340e-03
8.766661000e-01 1.817187920e-01 3.796748740e-05 4.031703840e-02 1.805342310e-01 4.206771930e-05 4.160811120e-02 1.184560270e-03 -4.100231840e-06 -1.291072810e-03
8.771439000e-01 9.481581790e-02 5.409144930e-05 4.720114930e-03 9.364416120e-02 5.819860470e-05 6.012617950e-03 1.171656760e-03 -4.107155450e-06 -1.292503020e-03
8.776217000e-01 1.214014800e-01 8.775175080e-05 1.416600760e-02 1.202360550e-01 9.185279230e-05 1.546113990e-02 1.165424970e-03 -4.101041450e-06 -1.295132240e-03
8.780995000e-01 2.181887250e-01 -8.536886150e-05 5.970921320e-02 2.170128600e-01 -8.120774280e-05 6.100634950e-02 1.175865240e-03 -4.161118690e-06 -1.297136280e-03
8.785772000e-01 2.163741090e-01 4.226357730e-05 5.841786220e-02 2.151901900e-01 4.643874110e-05 5.971743290e-02 1.183918980e-03 -4.175163840e-06 -1.299570690e-03
8.790550000e-01 1.468180650e-01 9.303232260e-05 2.617486360e-02 1.456370410e-01 9.720549050e-05 2.747747780e-02 1.181024580e-03 -4.173167930e-06 -1.302614230e-03
8.795328000e-01 1.451207530e-01 2.384254700e-04 2.370848240e-02 1.439427010e-01 2.425380930e-04 2.501426610e-02 1.178052590e-03 -4.112622680e-06 -1.305783620e-03
8.800106000e-01 2.012958700e-01 -6.924452870e-05 4.923175820e-02 2.001109890e-01 -6.507112560e-05 5.054019930e-02 1.184881390e-03 -4.173403080e-06 -1.308441080e-03
8.804884000e-01 2.297594690e-01 5.004719820e-05 6.258469880e-02 2.285644440e-01 5.423383400e-05 6.389486420e-02 1.195025690e-03 -4.186635810e-06 -1.310165390e-03
8.809662000e-01 1.076518650e-01 7.344051520e-05 6.337273160e-03 1.064638790e-01 7.762944600e-05 7.655279510e-03 1.187986110e-03 -4.188930780e-06 -1.318006350e-03
8.814440000e-01 5.476925690e-02 -5.624229330e-05 -2.016777310e-02 5.359504220e-02 -5.200765850e-05 -1.883774390e-02 1.174214640e-03 -4.234634740e-06 -1.330029250e-03
8.819218000e-01 1.754313720e-01 4.269431790e-05 3.910467030e-02 1.742539870e-01 4.693349420e-05 4.043428130e-02 1.177385380e-03 -4.239176300e-06 -1.329611030e-03
8.823996000e-01 2.527102000e-01 4.109032310e-05 7.468851100e-02 2.515192600e-01 4.533788610e-05 7.601146080e-02 1.190939570e-03 -4.247562950e-06 -1.322949840e-03
8.828774000e-01 1.667444640e-01 4.327409060e-05 3.149231590e-02 1.655550350e-01 4.752923130e-05 3.281702370e-02 1.189428850e-03 -4.255140760e-06 -1.324707750e-03
8.833552000e-01 7.744255310e-02 6.638696850e-05 -8.922499580e-03 7.626763480e-02 7.063698010e-05 -7.592527610e-03 1.174918360e-03 -4.250011690e-06 -1.329971960e-03
8.838330000e-01 1.423314170e-01 6.474069460e-05 2.061315350e-02 1.411577510e-01 6.898762940e-05 2.194606180e-02 1.173666490e-03 -4.246934850e-06 -1.332908220e-03
8.843108000e-01 2.462786810e-01 5.539676540e-05 6.587378190e-02 2.450916780e-01 5.965030860e-05 6.720933310e-02 1.187002830e-03 -4.253543190e-06 -1.335551200e-03
8.847886000e-01 2.021023090e-01 3.185002490e-04 4.719700340e-02 2.009105360e-01 3.226554700e-04 4.853545710e-02 1.191772990e-03 -4.155220950e-06 -1.338453670e-03
8.852664000e-01 1.547254630e-01 -9.982995930e-05 2.611752600e-02 1.535370410e-01 -9.561015510e-05 2.745809680e-02 1.188421320e-03 -4.219804180e-06 -1.340570800e-03
8.857442000e-01 1.667599580e-01 1.897164480e-05 3.063078530e-02 1.655720540e-01 2.320755510e-05 3.197456210e-02 1.187903980e-03 -4.235910340e-06 -1.343776790e-03
8.862220000e-01 1.574106320e-01 2.047841510e-05 2.274568490e-02 1.562215890e-01 2.473001230e-05 2.410027480e-02 1.189043440e-03 -4.251597210e-06 -1.354589890e-03
8.866998000e-01 1.692401430e-01 -2.206167160e-04 2.832645650e-02 1.680496880e-01 -2.162572890e-04 2.968986210e-02 1.190455130e-03 -4.359427140e-06 -1.363405640e-03
8.871776000e-01 1.881091740e-01 1.761879630e-04 4.418776300e-02 1.869192090e-01 1.804974410e-04 4.554579210e-02 1.189964480e-03 -4.309478850e-06 -1.358029010e-03
8.876554000e-01 1.912760390e-01 4.910093700e-05 4.436799100e-02 1.900864040e-01 5.341056750e-05 4.572128050e-02 1.189634640e-03 -4.309630570e-06 -1.353289490e-03
8.881332000e-01 1.683850760e-01 1.469823610e-05 3.168010790e-02 1.671954250e-01 1.901842660e-05 3.303646990e-02 1.189651270e-03 -4.320190550e-06 -1.356361980e-03
8.886110000e-01 1.609562660e-01 1.080244890e-05 3.052690050e-02 1.597674750e-01 1.513474970e-05 3.188623730e-02 1.188790460e-03 -4.332300850e-06 -1.359336810e-03
8.890888000e-01 2.041942450e-01 -4.172135190e-05 4.322991880e-02 2.029999060e-01 -3.735685890e-05 4.459239170e-02 1.194338180e-03 -4.364493000e-06 -1.362472890e-03
8.895666000e-01 2.314587700e-01 -1.577233730e-06 5.568792970e-02 2.302557600e-01 2.808680000e-06 5.705196460e-02 1.203009780e-03 -4.385913730e-06 -1.364034920e-03
8.900444000e-01 1.451713030e-01 -3.110785900e-06 1.777821650e-02 1.439722280e-01 1.291125410e-06 1.914969740e-02 1.199074630e-03 -4.401911310e-06 -1.371480910e-03
8.905222000e-01 7.777707610e-02 9.636087150e-06 -1.135399680e-02 7.658909950e-02 1.404498010e-05 -9.970281270e-03 1.187976680e-03 -4.408892950e-06 -1.383715580e-03
8.910000000e-01 1.688815770e-01 -7.438159360e-05 3.192073080e-02 1.676922940e-01 -6.992676080e-05 3.330497930e-02 1.189283200e-03 -4.454832810e-06 -1.384248560e-03
8.914655000e-01 2.625164210e-01 -7.649367530e-05 7.499282610e-02 2.613169110e-01 -7.199048430e-05 7.636884760e-02 1.199510440e-03 -4.503191020e-06 -1.376021550e-03
8.919310000e-01 1.845198420e-01 -1.101233800e-04 3.698571090e-02 1.833204610e-01 -1.055545290e-04 3.836182590e-02 1.199381220e-03 -4.568850920e-06 -1.376115010e-03
8.923966000e-01 9.416073130e-02 -5.325295480e-05 -2.483357310e-03 9.297277100e-02 -4.863866780e-05 -1.102228100e-03 1.187960240e-03 -4.614286950e-06 -1.381129210e-03
8.928621000e-01 1.444903920e-01 -8.752805220e-05 1.918291230e-02 1.433061420e-01 -8.285786570e-05 2.056664750e-02 1.184250450e-03 -4.670186560e-06 -1.383735170e-03
8.933276000e-01 2.189034560e-01 -1.580429390e-04 4.955085180e-02 2.177105000e-01 -1.532973420e-04 5.093681900e-02 1.192955930e-03 -4.745596810e-06 -1.385967130e-03
8.937931000e-01 2.081471290e-01 3.950954530e-06 4.448125180e-02 2.069490920e-01 8.707209770e-06 4.586991870e-02 1.198036970e-03 -4.756255240e-06 -1.388666890e-03
8.942586000e-01 1.396133130e-01 -1.167015420e-04 1.669537910e-02 1.384231050e-01 -1.118930020e-04 1.808655480e-02 1.190208150e-03 -4.808540440e-06 -1.391175620e-03
8.947241000e-01 1.233181340e-01 7.513654210e-05 7.554745550e-03 1.221355780e-01 7.992125860e-05 8.948610350e-03 1.182555890e-03 -4.784716530e-06 -1.393864800e-03
8.951897000e-01 1.757049260e-01 -1.122203000e-04 2.446308120e-02 1.745171160e-01 -1.073855010e-04 2.586587030e-02 1.187809610e-03 -4.834798330e-06 -1.402789100e-03
8.956552000e-01 2.082464290e-01 -8.566688430e-05 3.859225570e-02 2.070509500e-01 -8.079308790e-05 4.000604520e-02 1.195479580e-03 -4.873796450e-06 -1.413789480e-03
8.961147000e-01 2.139790980e-01 -1.765380800e-04 4.732728250e-02 2.127819300e-01 -1.715943770e-04 4.874003540e-02 1.197167990e-03 -4.943703090e-06 -1.412752930e-03
8.965743000e-01 2.192679460e-01 1.723198290e-04 5.189006110e-02 2.180690520e-01 1.772053040e-04 5.329650870e-02 1.198894310e-03 -4.885475320e-06 -1.406447650e-03
8.970338000e-01 1.665778420e-01 -2.909039670e-04 2.830382640e-02 1.653830990e-01 -2.858961200e-04 2.971062250e-02 1.194743080e-03 -5.007847490e-06 -1.406796090e-03
8.974934000e-01 9.546641750e-02 -1.217967910e-04 -3.383419740e-03 9.428435930e-02 -1.167341360e-04 -1.972305830e-03 1.182058190e-03 -5.062655200e-06 -1.411113910e-03
8.979529000e-01 1.689966710e-01 -7.441364540e-05 2.665190910e-02 1.678163160e-01 -6.931147410e-05 2.806521930e-02 1.180354450e-03 -5.102171340e-06 -1.413310140e-03
8.984125000e-01 2.562570730e-01 -5.282132150e-05 6.137198490e-02 2.550646850e-01 -4.768766160e-05 6.278761130e-02 1.192388820e-03 -5.133659850e-06 -1.415626490e-03
8.988720000e-01 2.202609180e-01 -9.495203830e-05 4.654547670e-02 2.190629530e-01 -8.977660540e-05 4.796396820e-02 1.197964690e-03 -5.175432880e-06 -1.418491590e-03
8.993252000e-01 1.870149050e-01 -3.707081360e-05 3.177162740e-02 1.858188600e-01 -3.187854300e-05 3.319300930e-02 1.196045450e-03 -5.192270610e-06 -1.421381960e-03
8.997783000e-01 1.750980430e-01 -1.198243800e-04 2.591377640e-02 1.739033500e-01 -1.145899440e-04 2.733834680e-02 1.194692450e-03 -5.234436400e-06 -1.424570410e-03
9.002315000e-01 1.458488580e-01 1.127146480e-04 1.631242100e-02 1.446600660e-01 1.179056470e-04 1.774004540e-02 1.188791820e-03 -5.190998880e-06 -1.427624400e-03
9.006847000e-01 1.180264590e-01 -2.028246270e-04 6.343475930e-03 1.168463800e-01 -1.975613410e-04 7.774998220e-03 1.180078460e-03 -5.263285450e-06 -1.431522280e-03
9.011446000e-01 2.046807370e-01 -2.413014530e-04 4.271356540e-02 2.034978910e-01 -2.359539170e-04 4.414321980e-02 1.182846070e-03 -5.347536210e-06 -1.429654440e-03
9.015977000e-01 2.550514010e-01 -1.047699670e-04 6.570055730e-02 2.538610100e-01 -9.939055500e-05 6.712248470e-02 1.190390670e-03 -5.379411870e-06 -1.421927440e-03
9.020507000e-01 2.074686820e-01 -1.299949010e-04 4.102964230e-02 2.062763720e-01 -1.245803510e-04 4.245377200e-02 1.192310500e-03 -5.414550560e-06 -1.424129730e-03
9.025038000e-01 1.616831440e-01 -1.025306720e-04 1.694549910e-02 1.604911630e-01 -9.709100820e-05 1.838243300e-02 1.191981640e-03 -5.439663300e-06 -1.436933880e-03
9.029569000e-01 1.691394850e-01 -2.648186910e-05 2.149338840e-02 1.679485690e-01 -2.104533310e-05 2.293788800e-02 1.190915730e-03 -5.436536000e-06 -1.444499600e-03
9.034099000e-01 1.156360050e-01 -1.090221970e-04 5.416787440e-03 1.144555620e-01 -1.035551880e-04 6.862867740e-03 1.180442880e-03 -5.467009730e-06 -1.446080290e-03
9.038630000e-01 1.158886530e-01 -4.041462350e-04 4.300154470e-03 1.147165790e-01 -3.985410450e-04 5.748705240e-03 1.172073490e-03 -5.605189760e-06 -1.448550770e-03
9.043161000e-01 2.490609790e-01 1.777499300e-04 6.329012270e-02 2.478813300e-01 1.832930280e-04 6.473353900e-02 1.179648730e-03 -5.543098050e-06 -1.443416280e-03
9.047691000e-01 2.909421150e-01 -1.354383870e-04 7.380265260e-02 2.897509780e-01 -1.298507540e-04 7.524080260e-02 1.191136780e-03 -5.587632710e-06 -1.438150040e-03
9.052222000e-01 1.558525920e-01 1.397322960e-04 1.707199220e-02 1.546670400e-01 1.452610750e-04 1.851690060e-02 1.185552540e-03 -5.528778730e-06 -1.444908420e-03
9.056753000e-01 6.761392170e-02 -1.003665580e-04 -2.073423850e-02 6.644303660e-02 -9.480520130e-05 -1.927566430e-02 1.170885100e-03 -5.561356320e-06 -1.458574270e-03
9.061283000e-01 1.809722420e-01 -1.356775080e-04 2.761157210e-02 1.798006700e-01 -1.300651590e-04 2.907244810e-02 1.171571570e-03 -5.612348220e-06 -1.460875950e-03
9.065814000e-01 3.028162580e-01 -7.736251880e-05 7.864886650e-02 3.016306480e-01 -7.172262260e-05 8.010184040e-02 1.185610560e-03 -5.639896260e-06 -1.452973880e-03
9.070345000e-01 2.205867640e-01 -2.471127620e-04 4.450627470e-02 2.193988880e-01 -2.413890250e-04 4.595924560e-02 1.187876520e-03 -5.723736980e-06 -1.452970920e-03
9.074793000e-01 1.035347900e-01 -1.887059120e-04 -6.105894700e-03 1.023587650e-01 -1.829295850e-04 -4.640749910e-03 1.176024630e-03 -5.776327090e-06 -1.465144780e-03
9.079241000e-01 1.362235610e-01 -1.215631730e-04 9.149879400e-03 1.350546150e-01 -1.157642780e-04 1.062301910e-02 1.168946030e-03 -5.798894920e-06 -1.473139680e-03
9.083689000e-01 1.870350540e-01 -2.266451450e-04 3.067058910e-02 1.858651300e-01 -2.207923910e-04 3.214058220e-02 1.169923560e-03 -5.852753600e-06 -1.469993100e-03
9.088138000e-01 2.270818380e-01 -4.329761750e-04 4.881055430e-02 2.259096550e-01 -4.270043220e-04 5.027545870e-02 1.172183450e-03 -5.971852760e-06 -1.464904390e-03
9.092586000e-01 1.946295020e-01 -3.612632950e-04 3.352529410e-02 1.934581460e-01 -3.551939360e-04 3.499189230e-02 1.171356820e-03 -6.069358980e-06 -1.466598280e-03
9.097034000e-01 1.710808330e-01 -1.620657830e-04 2.421512920e-02 1.699125350e-01 -1.559828140e-04 2.568524360e-02 1.168297940e-03 -6.082969020e-06 -1.470114420e-03
9.101483000e-01 1.929961220e-01 -1.303303950e-04 2.873784490e-02 1.918277900e-01 -1.242442320e-04 3.021140800e-02 1.168331680e-03 -6.086162930e-06 -1.473563140e-03
9.105931000e-01 2.088181100e-01 -2.378583830e-04 3.522682830e-02 2.076479380e-01 -2.317286820e-04 3.670388130e-02 1.170171820e-03 -6.129700570e-06 -1.477052990e-03
9.110379000e-01 1.876540200e-01 -1.963507500e-04 2.892145890e-02 1.864844130e-01 -1.902000660e-04 3.040149450e-02 1.169607340e-03 -6.150684210e-06 -1.480035590e-03
9.114827000e-01 1.870505750e-01 -2.243877090e-04 3.321365870e-02 1.858833080e-01 -2.182030960e-04 3.469539240e-02 1.167267340e-03 -6.184613410e-06 -1.481733640e-03
9.119276000e-01 1.709625770e-01 -2.031297530e-04 2.478298920e-02 1.697978900e-01 -1.969172640e-04 2.626757770e-02 1.164687590e-03 -6.212489220e-06 -1.484588490e-03
9.123724000e-01 2.104026340e-01 -2.135887520e-04 4.102133210e-02 2.092378320e-01 -2.073444820e-04 4.250308370e-02 1.164802200e-03 -6.244270200e-06 -1.481751630e-03
9.128172000e-01 2.330187270e-01 -7.716452730e-05 4.973997520e-02 2.318524270e-01 -7.093413620e-05 5.121581410e-02 1.166299610e-03 -6.230391150e-06 -1.475838860e-03
9.132621000e-01 2.089411040e-01 -2.173814610e-04 3.573792870e-02 2.077751820e-01 -2.111160940e-04 3.721827850e-02 1.165922120e-03 -6.265367000e-06 -1.480349780e-03
9.136963000e-01 1.767598260e-01 -1.581715410e-04 2.087085350e-02 1.755955050e-01 -1.518930640e-04 2.236366190e-02 1.164321050e-03 -6.278477480e-06 -1.492808410e-03
9.141305000e-01 1.775415040e-01 -1.909473010e-04 2.306846790e-02 1.763791680e-01 -1.846448620e-04 2.456605880e-02 1.162335940e-03 -6.302439490e-06 -1.497590970e-03
9.145648000e-01 1.848080790e-01 -1.985483610e-04 3.301195150e-02 1.836516300e-01 -1.922275390e-04 3.450326300e-02 1.156448600e-03 -6.320821900e-06 -1.491311550e-03
9.149990000e-01 1.721852970e-01 -9.579720980e-05 2.636493140e-02 1.710343110e-01 -8.949786400e-05 2.785298960e-02 1.150986190e-03 -6.299345770e-06 -1.488058260e-03
9.154332000e-01 1.919952300e-01 -1.457661460e-04 3.019841650e-02 1.908449590e-01 -1.394727930e-04 3.168914580e-02 1.150271380e-03 -6.293353460e-06 -1.490729220e-03
9.158675000e-01 1.853914530e-01 -2.846553330e-04 2.772036730e-02 1.842434950e-01 -2.783214360e-04 2.921390970e-02 1.147958060e-03 -6.333897460e-06 -1.493542390e-03
9.163017000e-01 2.235669380e-01 -2.174668060e-04 4.047578050e-02 2.224155010e-01 -2.111203970e-04 4.197162810e-02 1.151436920e-03 -6.346409130e-06 -1.495847620e-03
9.167359000e-01 3.007925300e-01 -1.424073040e-04 6.697062030e-02 2.996288620e-01 -1.360799970e-04 6.846916270e-02 1.163667470e-03 -6.327307510e-06 -1.498542440e-03
9.171702000e-01 2.230854620e-01 -1.890962770e-04 3.915365450e-02 2.219207980e-01 -1.827730080e-04 4.065517710e-02 1.164664640e-03 -6.323268420e-06 -1.501522680e-03
9.176044000e-01 1.375671430e-01 3.761161890e-05 1.307783760e-02 1.364145870e-01 4.384652040e-05 1.458106780e-02 1.152555320e-03 -6.234901500e-06 -1.503230120e-03
9.180387000e-01 1.417536900e-01 3.752026340e-06 1.210778610e-02 1.406090250e-01 9.907780480e-06 1.361329110e-02 1.144664500e-03 -6.155754140e-06 -1.505504990e-03
9.184729000e-01 2.003443380e-01 -2.465964680e-04 3.307398020e-02 1.991987260e-01 -2.404357030e-04 3.458166220e-02 1.145611260e-03 -6.160765300e-06 -1.507682060e-03
9.189071000e-01 2.306958940e-01 -1.003025300e-04 4.024713970e-02 2.295461720e-01 -9.419223240e-05 4.175900610e-02 1.149722270e-03 -6.110297580e-06 -1.511866440e-03
9.193414000e-01 1.995954160e-01 -1.732057890e-04 3.095829430e-02 1.984494000e-01 -1.671229600e-04 3.246955180e-02 1.146015860e-03 -6.082828960e-06 -1.511257520e-03
9.197756000e-01 1.529435510e-01 -2.475428430e-04 2.012833780e-02 1.518096120e-01 -2.414676120e-04 2.163359530e-02 1.133938430e-03 -6.075231570e-06 -1.505257530e-03
9.202098000e-01 2.024226460e-01 -2.921872940e-04 3.288648920e-02 2.012902460e-01 -2.861081780e-04 3.439073190e-02 1.132400250e-03 -6.079116280e-06 -1.504242750e-03
9.206441000e-01 2.909310750e-01 -1.744710150e-04 6.065474950e-02 2.897865940e-01 -1.684319510e-04 6.216289530e-02 1.144480860e-03 -6.039063360e-06 -1.508145740e-03
9.210783000e-01 2.670041180e-01 -1.761816030e-04 5.193331410e-02 2.658527160e-01 -1.701758460e-04 5.344454960e-02 1.151401760e-03 -6.005756990e-06 -1.511235490e-03
9.215126000e-01 1.646156910e-01 -9.040925750e-05 1.789904980e-02 1.634727810e-01 -8.447356720e-05 1.941302730e-02 1.142910270e-03 -5.935690370e-06 -1.513977470e-03
9.219468000e-01 1.379240800e-01 -3.310519890e-05 9.934608070e-03 1.367919350e-01 -2.725917550e-05 1.145067530e-02 1.132144760e-03 -5.846023410e-06 -1.516067220e-03
9.223810000e-01 2.052454130e-01 -1.247226190e-04 3.051116520e-02 2.041138080e-01 -1.189319010e-04 3.202955420e-02 1.131605170e-03 -5.790718910e-06 -1.518388920e-03
9.228153000e-01 2.338255200e-01 -9.036042240e-05 4.225017600e-02 2.326899280e-01 -8.463445040e-05 4.377065210e-02 1.135591470e-03 -5.725971990e-06 -1.520476120e-03
9.232495000e-01 2.140151780e-01 -2.861270070e-04 3.596700960e-02 2.128801910e-01 -2.804055630e-04 3.748924810e-02 1.134986420e-03 -5.721444070e-06 -1.522238430e-03
9.236837000e-01 1.999884140e-01 -1.640306430e-04 2.779098490e-02 1.988551010e-01 -1.583589200e-04 2.931626440e-02 1.133312690e-03 -5.671722260e-06 -1.525279500e-03
9.241180000e-01 2.055456870e-01 -1.697259000e-04 3.228125270e-02 2.044134610e-01 -1.641051350e-04 3.380854350e-02 1.132226130e-03 -5.620765720e-06 -1.527290850e-03
9.245522000e-01 1.737806620e-01 -1.123912960e-04 2.703363060e-02 1.726551210e-01 -1.068414300e-04 2.855690490e-02 1.125540570e-03 -5.549866280e-06 -1.523274240e-03
9.249864000e-01 1.753206690e-01 -1.413133020e-04 2.549901120e-02 1.742027560e-01 -1.358231830e-04 2.701765610e-02 1.117913330e-03 -5.490118440e-06 -1.518644830e-03
9.254207000e-01 2.320142040e-01 -1.185267260e-04 4.148516050e-02 2.308939180e-01 -1.131048120e-04 4.300411880e-02 1.120285610e-03 -5.421913950e-06 -1.518958280e-03
9.258549000e-01 2.783126880e-01 -1.154905880e-04 5.316292030e-02 2.771837160e-01 -1.101401760e-04 5.468480030e-02 1.128971930e-03 -5.350411480e-06 -1.521880020e-03
9.262892000e-01 2.341475590e-01 -2.126348900e-04 3.947029490e-02 2.330174730e-01 -2.073191200e-04 4.099444990e-02 1.130086020e-03 -5.315770270e-06 -1.524155000e-03
9.267234000e-01 1.717077750e-01 -1.003905000e-04 2.032667510e-02 1.705860790e-01 -9.514625340e-05 2.185324500e-02 1.121696780e-03 -5.244246480e-06 -1.526569950e-03
9.271576000e-01 1.832506740e-01 2.181513670e-04 2.529688770e-02 1.821345180e-01 2.232125200e-04 2.682490430e-02 1.116155150e-03 -5.061152800e-06 -1.528016560e-03
9.275919000e-01 2.242345550e-01 -1.447265910e-04 3.380867140e-02 2.231178270e-01 -1.397136300e-04 3.533879480e-02 1.116727520e-03 -5.012960270e-06 -1.530123390e-03
9.280261000e-01 2.372932010e-01 2.974865800e-04 3.905302250e-02 2.361750560e-01 3.022840030e-04 4.058562900e-02 1.118145340e-03 -4.797423360e-06 -1.532606520e-03
9.284603000e-01 2.290803290e-01 -3.173217110e-04 3.974364730e-02 2.279650220e-01 -3.125151850e-04 4.127386060e-02 1.115306090e-03 -4.806526830e-06 -1.530213330e-03
9.288946000e-01 1.923058510e-01 -9.886843770e-05 3.035357420e-02 1.911966070e-01 -9.412697870e-05 3.187820170e-02 1.109243870e-03 -4.741458970e-06 -1.524627430e-03
9.293288000e-01 2.007621250e-01 -1.866876860e-04 3.059319790e-02 1.996567010e-01 -1.819777750e-04 3.211601240e-02 1.105424440e-03 -4.709910780e-06 -1.522814510e-03
9.297631000e-01 2.229709530e-01 -5.876807640e-05 3.654117150e-02 2.218655000e-01 -5.412608900e-05 3.806599960e-02 1.105453030e-03 -4.641987310e-06 -1.524828070e-03
9.301973000e-01 2.265041880e-01 -2.391781930e-05 3.783176230e-02 2.253991240e-01 -1.935243100e-05 3.935751100e-02 1.105063320e-03 -4.565388280e-06 -1.525748700e-03
9.306315000e-01 2.391578780e-01 -2.967079990e-04 4.258457820e-02 2.380518190e-01 -2.921272640e-04 4.411114750e-02 1.106059180e-03 -4.580734770e-06 -1.526569320e-03
9.310658000e-01 2.416855150e-01 -7.266548200e-05 4.035480760e-02 2.405777460e-01 -6.814023820e-05 4.188421420e-02 1.107768980e-03 -4.525243820e-06 -1.529406670e-03
9.315000000e-01 2.394149650e-01 -1.825096490e-04 4.281919950e-02 2.383076620e-01 -1.780012420e-04 4.434585480e-02 1.107302770e-03 -4.508406860e-06 -1.526655250e-03
9.319133000e-01 2.315609260e-01 1.978171690e-05 4.186384480e-02 2.304569320e-01 2.421168470e-05 4.338342920e-02 1.103993700e-03 -4.429967790e-06 -1.519584390e-03
9.323265000e-01 2.430144460e-01 -5.005941350e-05 4.098566130e-02 2.419108120e-01 -4.567637380e-05 4.250334040e-02 1.103633720e-03 -4.383039640e-06 -1.517679080e-03
9.327398000e-01 2.420042890e-01 -5.047986500e-06 3.886016210e-02 2.408992340e-01 -7.253738730e-07 4.038088730e-02 1.105055060e-03 -4.322612630e-06 -1.520725180e-03
9.331488000e-01 2.552921610e-01 -6.675879750e-05 4.510498400e-02 2.541856100e-01 -6.247150950e-05 4.662690570e-02 1.106550870e-03 -4.287287960e-06 -1.521921670e-03
9.335577000e-01 1.956779140e-01 -4.552274720e-05 2.636729290e-02 1.945772370e-01 -4.127186210e-05 2.789020390e-02 1.100677520e-03 -4.250885080e-06 -1.522910990e-03
9.339667000e-01 1.446862910e-01 -2.738409480e-06 7.201970870e-03 1.435965730e-01 1.469157620e-06 8.727664390e-03 1.089717920e-03 -4.207567110e-06 -1.525693530e-03
9.343756000e-01 2.173585440e-01 -2.708254010e-04 3.597354550e-02 2.162716360e-01 -2.665749580e-04 3.749753540e-02 1.086907630e-03 -4.250442810e-06 -1.523989870e-03
9.347846000e-01 2.544960290e-01 -8.842703960e-05 4.863600030e-02 2.534059000e-01 -8.419085100e-05 5.015380700e-02 1.090129530e-03 -4.236188580e-06 -1.517806730e-03
9.351936000e-01 2.737852990e-01 -2.465182000e-05 5.255136720e-02 2.726931210e-01 -2.044637700e-05 5.406421530e-02 1.092178080e-03 -4.205442990e-06 -1.512848140e-03
9.356025000e-01 2.055243820e-01 -3.631386090e-05 2.757040060e-02 2.044379160e-01 -3.213136200e-05 2.908436460e-02 1.086466290e-03 -4.182498910e-06 -1.513964020e-03
9.360115000e-01 1.584300040e-01 -5.174479340e-05 1.711095770e-02 1.573541150e-01 -4.758036460e-05 1.862569250e-02 1.075888580e-03 -4.164428760e-06 -1.514734800e-03
9.364204000e-01 2.164930580e-01 -3.487797450e-05 3.268278780e-02 2.154194690e-01 -3.073830840e-05 3.419764370e-02 1.073589450e-03 -4.139666100e-06 -1.514855880e-03
9.368294000e-01 2.754043200e-01 -3.054484460e-06 4.397143870e-02 2.743258950e-01 1.051540660e-06 4.548859690e-02 1.078424460e-03 -4.106025130e-06 -1.517158250e-03
9.372337000e-01 2.659843060e-01 9.753401830e-05 4.510320100e-02 2.649040940e-01 1.015771120e-04 4.662138960e-02 1.080211540e-03 -4.043093560e-06 -1.518188610e-03
9.376379000e-01 2.615687510e-01 -1.658681290e-04 4.795352800e-02 2.604888670e-01 -1.618003130e-04 4.946689700e-02 1.079883850e-03 -4.067815780e-06 -1.513369090e-03
9.380422000e-01 2.315358210e-01 4.433215140e-05 4.139314250e-02 2.304583090e-01 4.835483520e-05 4.289895170e-02 1.077511400e-03 -4.022683850e-06 -1.505809270e-03
9.384464000e-01 2.370325950e-01 -4.589869490e-05 3.882139820e-02 2.359575710e-01 -4.188782620e-05 4.032498130e-02 1.075023840e-03 -4.010868760e-06 -1.503583090e-03
9.388507000e-01 2.041070110e-01 1.334831930e-05 2.837051590e-02 2.030382100e-01 1.733180720e-05 2.987607320e-02 1.068801250e-03 -3.983487860e-06 -1.505557250e-03
9.392550000e-01 2.150654720e-01 6.523596330e-05 3.170700230e-02 2.140015440e-01 6.917865000e-05 3.321281250e-02 1.063928480e-03 -3.942686670e-06 -1.505810110e-03
9.396592000e-01 2.858721530e-01 3.283747790e-04 5.033234040e-02 2.848031360e-01 3.321946720e-04 5.183786880e-02 1.069017330e-03 -3.819893510e-06 -1.505528390e-03
9.400585000e-01 3.103667280e-01 1.862506150e-04 5.672984240e-02 3.092886710e-01 1.900018230e-04 5.823592180e-02 1.078057370e-03 -3.751208230e-06 -1.506079320e-03
9.404578000e-01 2.541861630e-01 -5.023434530e-05 3.799719410e-02 2.531097810e-01 -4.647786630e-05 3.950279410e-02 1.076382300e-03 -3.756479030e-06 -1.505600000e-03
9.408570000e-01 1.672366470e-01 2.623104370e-05 1.843004640e-02 1.661751820e-01 2.997593100e-05 1.993035010e-02 1.061464600e-03 -3.744887350e-06 -1.500303680e-03
9.412563000e-01 1.733460610e-01 -1.157797810e-04 1.963182170e-02 1.722958880e-01 -1.120024780e-04 2.112747180e-02 1.050172030e-03 -3.777302730e-06 -1.495650050e-03
9.416556000e-01 3.009798530e-01 -8.633952410e-05 5.173619490e-02 2.999241690e-01 -8.253700420e-05 5.323143140e-02 1.055683850e-03 -3.802519980e-06 -1.495236440e-03
9.420548000e-01 3.494385870e-01 2.415524210e-05 6.376967220e-02 3.483723390e-01 2.795379430e-05 6.526662000e-02 1.066248660e-03 -3.798552170e-06 -1.496947760e-03
9.424541000e-01 2.813316470e-01 -3.022345280e-05 4.835933770e-02 2.802641940e-01 -2.640797070e-05 4.985475010e-02 1.067453610e-03 -3.815482110e-06 -1.495412390e-03
9.428480000e-01 2.012064870e-01 -6.538330370e-05 2.596818910e-02 2.001468830e-01 -6.153809740e-05 2.745875410e-02 1.059604390e-03 -3.845206270e-06 -1.490565020e-03
9.432420000e-01 2.386745120e-01 1.614779820e-04 4.001929610e-02 2.376195370e-01 1.652860980e-04 4.150386970e-02 1.054975100e-03 -3.808116580e-06 -1.484573670e-03
9.436359000e-01 2.324086190e-01 -6.506521030e-05 3.619291580e-02 2.313583330e-01 -6.121961880e-05 3.767605950e-02 1.050285650e-03 -3.845591470e-06 -1.483143670e-03
9.440299000e-01 1.682337370e-01 -6.356720830e-05 1.710814980e-02 1.671938470e-01 -5.968097260e-05 1.859178190e-02 1.039889950e-03 -3.886235750e-06 -1.483632120e-03
9.444295000e-01 2.058538380e-01 9.778814690e-05 2.806058870e-02 2.048175570e-01 1.016671910e-04 2.954347080e-02 1.036281210e-03 -3.879043660e-06 -1.482882120e-03
9.448290000e-01 3.355216040e-01 -8.665462790e-05 6.244996790e-02 3.344754350e-01 -8.272163300e-05 6.393193720e-02 1.046168540e-03 -3.932994910e-06 -1.481969330e-03
9.452228000e-01 3.661365020e-01 -7.572528170e-05 6.666855180e-02 3.650786480e-01 -7.174388410e-05 6.815153940e-02 1.057853840e-03 -3.981397610e-06 -1.482987560e-03
9.456166000e-01 2.345104060e-01 -7.781404720e-05 3.688550330e-02 2.334592740e-01 -7.378049890e-05 3.836477250e-02 1.051131480e-03 -4.033548240e-06 -1.479269130e-03
9.460104000e-01 1.111194000e-01 1.534448120e-05 7.769744610e-03 1.100898700e-01 1.940609740e-05 9.241724070e-03 1.029530410e-03 -4.061616210e-06 -1.471979460e-03
9.464042000e-01 1.921218260e-01 2.228308980e-04 2.823099440e-02 1.911012190e-01 2.268613430e-04 2.969701040e-02 1.020606830e-03 -4.030445240e-06 -1.466016000e-03
9.467979000e-01 3.631304640e-01 1.079681800e-04 6.929105170e-02 3.620998120e-01 1.120051860e-04 7.075111510e-02 1.030651370e-03 -4.037005610e-06 -1.460063430e-03
9.471857000e-01 3.986975120e-01 7.637579320e-05 7.761531850e-02 3.976541200e-01 8.043008470e-05 7.906784340e-02 1.043391780e-03 -4.054291490e-06 -1.452524870e-03
9.475734000e-01 2.787551950e-01 -1.236106160e-05 4.397244380e-02 2.777135610e-01 -8.257388760e-06 4.542471800e-02 1.041633980e-03 -4.103672820e-06 -1.452274140e-03
9.479611000e-01 1.299803950e-01 7.736006520e-06 6.892600990e-04 1.289520820e-01 1.188267360e-05 2.150986870e-03 1.028313760e-03 -4.146667100e-06 -1.461726770e-03
9.483488000e-01 1.739581040e-01 1.918224920e-04 1.111785970e-02 1.729370700e-01 1.959519120e-04 1.258605670e-02 1.021033700e-03 -4.129420510e-06 -1.468197020e-03
9.487303000e-01 2.885278880e-01 -1.644047020e-04 5.307511770e-02 2.875063540e-01 -1.601823200e-04 5.453344810e-02 1.021533890e-03 -4.222382230e-06 -1.458330400e-03
9.491118000e-01 3.622283220e-01 9.667218210e-05 6.626049530e-02 3.612004660e-01 1.009113590e-04 6.770456740e-02 1.027856530e-03 -4.239176490e-06 -1.444072090e-03
9.494932000e-01 2.855682730e-01 9.048748580e-05 4.498064240e-02 2.845422670e-01 9.475182390e-05 4.641829080e-02 1.026006930e-03 -4.264338170e-06 -1.437648360e-03
9.498747000e-01 2.142802790e-01 1.779633760e-04 2.454006210e-02 2.132621850e-01 1.822325810e-04 2.597951970e-02 1.018094060e-03 -4.269205230e-06 -1.439457600e-03
9.502562000e-01 2.304450760e-01 5.729716170e-05 3.471009300e-02 2.294345980e-01 6.160445100e-05 3.614813960e-02 1.010477770e-03 -4.307289330e-06 -1.438046540e-03
9.506377000e-01 2.580382120e-01 1.848977600e-04 3.713171540e-02 2.570290380e-01 1.892034300e-04 3.856863690e-02 1.009174180e-03 -4.305670280e-06 -1.436921520e-03
9.510124000e-01 3.485459260e-01 -5.441842130e-05 5.900596410e-02 3.475309260e-01 -5.004449850e-05 6.044252420e-02 1.015000000e-03 -4.373922870e-06 -1.436560100e-03
9.513872000e-01 3.006316640e-01 1.660670940e-04 4.770233740e-02 2.996155040e-01 1.704463890e-04 4.913813510e-02 1.016159310e-03 -4.379294940e-06 -1.435797620e-03
9.517620000e-01 2.556973150e-01 1.019347540e-04 3.852274420e-02 2.546861960e-01 1.063398440e-04 3.995337320e-02 1.011118680e-03 -4.405090190e-06 -1.430629020e-03
9.521368000e-01 1.981336940e-01 -7.866131090e-06 2.807115910e-02 1.971337950e-01 -3.401449300e-06 2.949285840e-02 9.998985420e-04 -4.464681790e-06 -1.421699300e-03
9.525115000e-01 2.221725010e-01 2.411599820e-04 3.065840550e-02 2.211770420e-01 2.456082670e-04 3.207557320e-02 9.954587680e-04 -4.448285340e-06 -1.417167720e-03
9.528863000e-01 2.900060460e-01 4.446201160e-05 3.709111180e-02 2.890079530e-01 4.895496030e-05 3.850983840e-02 9.980936380e-04 -4.492948690e-06 -1.418726580e-03
9.532539000e-01 3.283625710e-01 4.385380840e-05 4.864650950e-02 3.273598280e-01 4.839041370e-05 5.006711410e-02 1.002743330e-03 -4.536605310e-06 -1.420604590e-03
9.536215000e-01 2.743737180e-01 1.016659960e-04 3.808019180e-02 2.733737270e-01 1.062294850e-04 3.949816370e-02 9.999911220e-04 -4.563489200e-06 -1.417971830e-03
9.539890000e-01 2.273728000e-01 3.254330600e-05 3.288651600e-02 2.263816830e-01 3.715621840e-05 3.429699980e-02 9.911172950e-04 -4.612912420e-06 -1.410483810e-03
9.543566000e-01 2.388747060e-01 6.342074610e-05 3.664949430e-02 2.378905000e-01 6.806841510e-05 3.805320700e-02 9.842064630e-04 -4.647668940e-06 -1.403712730e-03
9.547242000e-01 2.753827140e-01 4.434906210e-05 4.481957680e-02 2.743997570e-01 4.903887470e-05 4.621702640e-02 9.829567210e-04 -4.689812580e-06 -1.397449510e-03
9.550917000e-01 3.124455350e-01 2.412020920e-05 5.380985030e-02 3.114593140e-01 2.885920170e-05 5.520066100e-02 9.862213860e-04 -4.738992480e-06 -1.390810670e-03
9.554593000e-01 2.870449660e-01 8.792008250e-06 4.627856310e-02 2.860595610e-01 1.358604800e-05 4.766339500e-02 9.854057610e-04 -4.794039780e-06 -1.384831950e-03
9.558269000e-01 2.733977050e-01 3.277473390e-05 3.668297720e-02 2.724138230e-01 3.761801700e-05 3.806708290e-02 9.838817590e-04 -4.843283100e-06 -1.384105640e-03
9.561945000e-01 2.284073380e-01 6.291142620e-05 2.687203820e-02 2.274270780e-01 6.779597830e-05 2.825580490e-02 9.802599390e-04 -4.884552100e-06 -1.383766740e-03
9.565537000e-01 2.640985220e-01 1.803258330e-04 3.491249200e-02 2.631202200e-01 1.852172230e-04 3.629526410e-02 9.783011360e-04 -4.891389500e-06 -1.382772080e-03
9.569129000e-01 2.144973880e-01 7.029793760e-05 2.276606580e-02 2.135254880e-01 7.522533840e-05 2.414849690e-02 9.718993560e-04 -4.927400800e-06 -1.382431130e-03
9.572721000e-01 2.465018090e-01 3.236719940e-05 3.021232270e-02 2.455345480e-01 3.734202200e-05 3.159540600e-02 9.672607290e-04 -4.974822520e-06 -1.383083290e-03
9.576313000e-01 2.809887290e-01 7.499580050e-05 4.402711210e-02 2.800239160e-01 8.000460070e-05 4.540571610e-02 9.648123690e-04 -5.008800270e-06 -1.378604040e-03
9.579905000e-01 3.050176380e-01 1.047356800e-04 4.903153950e-02 3.040523310e-01 1.097689750e-04 5.040210070e-02 9.653066270e-04 -5.033294800e-06 -1.370561150e-03
9.583498000e-01 3.022959640e-01 -1.287206260e-04 4.509439700e-02 3.013305950e-01 -1.235974280e-04 4.645854730e-02 9.653690740e-04 -5.123198530e-06 -1.364150270e-03
9.587090000e-01 2.430294020e-01 -4.464080370e-06 3.230458850e-02 2.420682580e-01 7.140722400e-07 3.366355260e-02 9.611432740e-04 -5.178152610e-06 -1.358964120e-03
9.590682000e-01 2.578308520e-01 1.441701890e-05 3.374049010e-02 2.568742210e-01 1.963772020e-05 3.509512350e-02 9.566303420e-04 -5.220701340e-06 -1.354633330e-03
9.594274000e-01 2.636524860e-01 5.286901880e-05 3.557071440e-02 2.626994570e-01 5.811859720e-05 3.692038300e-02 9.530286210e-04 -5.249578390e-06 -1.349668630e-03
9.597866000e-01 2.585510600e-01 -4.845670800e-05 3.429955890e-02 2.576024730e-01 -4.314871920e-05 3.564403640e-02 9.485871180e-04 -5.307988810e-06 -1.344477550e-03
9.601458000e-01 2.029174180e-01 -2.965780980e-05 2.441770920e-02 2.019781720e-01 -2.429883130e-05 2.575523040e-02 9.392463120e-04 -5.358978470e-06 -1.337521200e-03
9.605051000e-01 2.503573470e-01 5.766846180e-05 3.665243360e-02 2.494232140e-01 6.305190150e-05 3.798311660e-02 9.341334460e-04 -5.383439690e-06 -1.330683010e-03
9.608643000e-01 3.331482300e-01 -1.824626690e-05 4.406618550e-02 3.322090820e-01 -1.281791810e-05 4.539588480e-02 9.391481190e-04 -5.428348810e-06 -1.329699330e-03
9.612235000e-01 4.342572150e-01 -7.491520840e-05 6.561329820e-02 4.333031260e-01 -6.942626400e-05 6.694358210e-02 9.540888830e-04 -5.488944420e-06 -1.330283910e-03
9.615827000e-01 3.364036610e-01 -2.384101290e-05 4.577073530e-02 3.354475230e-01 -1.830415950e-05 4.709984960e-02 9.561377880e-04 -5.536853390e-06 -1.329114260e-03
9.619419000e-01 1.903709890e-01 -2.795411940e-05 1.798223160e-02 1.894276970e-01 -2.237332820e-05 1.931009880e-02 9.432921230e-04 -5.580791190e-06 -1.327867200e-03
9.623011000e-01 7.063888520e-02 1.808373850e-04 -1.038983640e-02 6.971497900e-02 1.864065350e-04 -9.060081950e-03 9.239061760e-04 -5.569150220e-06 -1.329754440e-03
9.626604000e-01 2.183180710e-01 8.291797590e-05 2.174249850e-02 2.173993220e-01 8.849354350e-05 2.306890730e-02 9.187485600e-04 -5.575567650e-06 -1.326408790e-03
9.630196000e-01 3.271248380e-01 1.058681930e-04 5.277813810e-02 3.262020530e-01 1.114414540e-04 5.409175930e-02 9.227853880e-04 -5.573260500e-06 -1.313621160e-03
9.633788000e-01 3.531844630e-01 3.706905020e-05 5.423845120e-02 3.522581220e-01 4.265907380e-05 5.553929740e-02 9.263415000e-04 -5.590023610e-06 -1.300846160e-03
9.637380000e-01 2.978421430e-01 -3.568498330e-05 4.139998370e-02 2.969167170e-01 -3.005872820e-05 4.269523360e-02 9.254254310e-04 -5.626255110e-06 -1.295249970e-03
9.640972000e-01 2.652615450e-01 -4.480641370e-05 2.917772970e-02 2.643382140e-01 -3.914666900e-05 3.047437640e-02 9.233305400e-04 -5.659744740e-06 -1.296646640e-03
9.644564000e-01 2.817263390e-01 -5.777065090e-05 3.281164490e-02 2.808036960e-01 -5.207716350e-05 3.410745380e-02 9.226424780e-04 -5.693487440e-06 -1.295808870e-03
9.648157000e-01 2.610719540e-01 2.813001950e-06 1.943171580e-02 2.601525070e-01 8.522693620e-06 2.072873230e-02 9.194478970e-04 -5.709691670e-06 -1.297016540e-03
9.651749000e-01 2.384996230e-01 7.215238500e-05 2.489405850e-02 2.375855330e-01 7.785931450e-05 2.619188590e-02 9.140895700e-04 -5.706929500e-06 -1.297827440e-03
9.655341000e-01 2.529270840e-01 -3.001275890e-05 2.853240530e-02 2.520172030e-01 -2.428683700e-05 2.982997750e-02 9.098815920e-04 -5.725921820e-06 -1.297572210e-03
9.658933000e-01 2.583633130e-01 5.515166420e-05 3.088189150e-02 2.574549120e-01 6.087486300e-05 3.217142960e-02 9.084014980e-04 -5.723198760e-06 -1.289538110e-03
9.662525000e-01 3.033657180e-01 -8.728705400e-06 4.461645190e-02 3.024578390e-01 -2.993476770e-06 4.589040860e-02 9.078789990e-04 -5.735228630e-06 -1.273956720e-03
9.666117000e-01 3.133013760e-01 -6.289508580e-05 4.503661030e-02 3.123939240e-01 -5.713488160e-05 4.630074200e-02 9.074519850e-04 -5.760204210e-06 -1.264131740e-03
9.669710000e-01 2.419836480e-01 4.592969840e-05 2.643352640e-02 2.410816420e-01 5.168223890e-05 2.769701430e-02 9.020063890e-04 -5.752540550e-06 -1.263487910e-03
9.673302000e-01 2.401829230e-01 -6.774856680e-05 2.313135380e-02 2.392858440e-01 -6.197789530e-05 2.439705830e-02 8.970788470e-04 -5.770671510e-06 -1.265704510e-03
9.676894000e-01 2.354995030e-01 -4.375645200e-05 2.707937620e-02 2.346068050e-01 -3.797356810e-05 2.834299530e-02 8.926979590e-04 -5.782883880e-06 -1.263619100e-03
9.680486000e-01 2.859401600e-01 -1.876365680e-05 3.431563250e-02 2.850474840e-01 -1.297536430e-05 3.557736470e-02 8.926757230e-04 -5.788292570e-06 -1.261732130e-03
9.684078000e-01 2.804522450e-01 8.742471950e-05 3.190775170e-02 2.795597450e-01 9.318695760e-05 3.316990780e-02 8.925002830e-04 -5.762238110e-06 -1.262156150e-03
9.687670000e-01 2.527721830e-01 -2.672880900e-04 3.378489060e-02 2.518826890e-01 -2.614528970e-04 3.504137660e-02 8.894936160e-04 -5.835193160e-06 -1.256485940e-03
9.691263000e-01 2.543829040e-01 4.262117950e-05 3.750263400e-02 2.534991280e-01 4.843515420e-05 3.874587150e-02 8.837762780e-04 -5.813974710e-06 -1.243237500e-03
9.694855000e-01 2.513196640e-01 2.389711250e-05 3.404500930e-02 2.504410900e-01 2.969878270e-05 3.527585400e-02 8.785737460e-04 -5.801670160e-06 -1.230844710e-03
9.698447000e-01 2.757394520e-01 -8.148373350e-05 3.551182480e-02 2.748630960e-01 -7.566990400e-05 3.673756090e-02 8.763555080e-04 -5.813829450e-06 -1.225736060e-03
9.702039000e-01 2.771573400e-01 -1.264751310e-04 2.843876290e-02 2.762811570e-01 -1.206415220e-04 2.966664060e-02 8.761827780e-04 -5.833608290e-06 -1.227877710e-03
9.705631000e-01 2.753860970e-01 7.641397760e-05 2.864860210e-02 2.745104250e-01 8.221002530e-05 2.987653080e-02 8.756721270e-04 -5.796047730e-06 -1.227928720e-03
9.709223000e-01 2.619690420e-01 2.178555830e-05 2.888015680e-02 2.610970770e-01 2.755729930e-05 3.010393920e-02 8.719646550e-04 -5.771741050e-06 -1.223782400e-03
9.712816000e-01 2.854433560e-01 -4.431166950e-05 3.452444190e-02 2.845749510e-01 -3.854677380e-05 3.574215370e-02 8.684049050e-04 -5.764895760e-06 -1.217711740e-03
9.716408000e-01 2.641629720e-01 -1.770034570e-05 3.481587520e-02 2.632986120e-01 -1.195433580e-05 3.602742370e-02 8.643601810e-04 -5.746009850e-06 -1.211548520e-03
9.720000000e-01 2.859723260e-01 -5.471359280e-05 3.621846390e-02 2.851084210e-01 -4.897986310e-05 3.742424070e-02 8.639044570e-04 -5.733729740e-06 -1.205776790e-03
9.723682000e-01 2.980533150e-01 1.329478420e-04 3.185690750e-02 2.971895230e-01 1.386116850e-04 3.305624980e-02 8.637912710e-04 -5.663843080e-06 -1.199342310e-03
9.727364000e-01 3.178091990e-01 7.159852680e-05 3.594828730e-02 3.169449750e-01 7.721188980e-05 3.714342930e-02 8.642240660e-04 -5.613363060e-06 -1.195141940e-03
9.731045000e-01 2.417741770e-01 -4.811077470e-05 2.476062150e-02 2.409150690e-01 -4.251792060e-05 2.595572110e-02 8.591074890e-04 -5.592854130e-06 -1.195099570e-03
9.734727000e-01 2.621592420e-01 2.032871500e-04 2.771404600e-02 2.613032120e-01 2.087897020e-04 2.891071550e-02 8.560300520e-04 -5.502551660e-06 -1.196669470e-03
9.738409000e-01 2.513432000e-01 -2.663610330e-04 2.696802200e-02 2.504915180e-01 -2.608172300e-04 2.816176100e-02 8.516814670e-04 -5.543803110e-06 -1.193738990e-03
9.742091000e-01 2.324373330e-01 -3.067806130e-05 2.588912510e-02 2.315922070e-01 -2.516293810e-05 2.707571920e-02 8.451263800e-04 -5.515123120e-06 -1.186594060e-03
9.745808000e-01 2.098276440e-01 2.714483200e-07 2.900361070e-02 2.089904570e-01 5.748596160e-06 3.018237090e-02 8.371868840e-04 -5.477147840e-06 -1.178760210e-03
9.749526000e-01 2.777360930e-01 -5.045932170e-05 3.213219670e-02 2.768996270e-01 -4.500567200e-05 3.330569190e-02 8.364653030e-04 -5.453649700e-06 -1.173495270e-03
9.753244000e-01 3.198834480e-01 2.312127220e-04 4.088816650e-02 3.190429710e-01 2.365536440e-04 4.205655440e-02 8.404766830e-04 -5.340922260e-06 -1.168387860e-03
9.756961000e-01 2.848082540e-01 -1.547534370e-04 3.228919790e-02 2.839678950e-01 -1.494031560e-04 3.345294410e-02 8.403595610e-04 -5.350281000e-06 -1.163746180e-03
9.760679000e-01 2.925249550e-01 -1.604068960e-04 3.403287060e-02 2.916851860e-01 -1.550491380e-04 3.519146580e-02 8.397696630e-04 -5.357758510e-06 -1.158595240e-03
9.764396000e-01 2.656540180e-01 -9.721128660e-05 2.214517460e-02 2.648165170e-01 -9.186435910e-05 2.329981260e-02 8.375009970e-04 -5.346927530e-06 -1.154637930e-03
9.768114000e-01 2.825848180e-01 -1.079764300e-04 3.028627700e-02 2.817483110e-01 -1.026395670e-04 3.143650330e-02 8.365077510e-04 -5.336862530e-06 -1.150226270e-03
9.771871000e-01 2.645940810e-01 -8.428269650e-05 2.790846160e-02 2.637619760e-01 -7.896013990e-05 2.905438470e-02 8.321054010e-04 -5.322556570e-06 -1.145923180e-03
9.775627000e-01 2.504183830e-01 -4.060868710e-05 2.611282370e-02 2.495901810e-01 -3.531325510e-05 2.725374920e-02 8.282015360e-04 -5.295431920e-06 -1.140925450e-03
9.779384000e-01 2.348754870e-01 -1.080344380e-04 2.627200900e-02 2.340525020e-01 -1.027477070e-04 2.740976810e-02 8.229854720e-04 -5.286730940e-06 -1.137759120e-03
9.783141000e-01 1.862389020e-01 -1.453046370e-04 1.406969280e-02 1.854238660e-01 -1.400167210e-04 1.520929980e-02 8.150369040e-04 -5.287916290e-06 -1.139606960e-03
9.786897000e-01 1.981367020e-01 -1.515153670e-04 2.106655310e-02 1.973285200e-01 -1.462266890e-04 2.220611420e-02 8.081818710e-04 -5.288678410e-06 -1.139561030e-03
9.790696000e-01 2.818780320e-01 3.146415000e-05 3.099748650e-02 2.810695460e-01 3.670826740e-05 3.212959240e-02 8.084859360e-04 -5.244117360e-06 -1.132105890e-03
9.794495000e-01 3.514211780e-01 -6.634715030e-05 4.334980310e-02 3.506064750e-01 -6.112470210e-05 4.446897300e-02 8.147024270e-04 -5.222448190e-06 -1.119169930e-03
9.798294000e-01 2.703544870e-01 -1.053155260e-04 2.854183420e-02 2.695413070e-01 -1.001025910e-04 2.965400900e-02 8.131794540e-04 -5.212935040e-06 -1.112174760e-03
9.802093000e-01 2.048313420e-01 -1.203189220e-04 2.205235710e-02 2.040259840e-01 -1.151136960e-04 2.316486230e-02 8.053579410e-04 -5.205226510e-06 -1.112505250e-03
9.805892000e-01 1.756622660e-01 -9.662905740e-06 1.087340520e-02 1.748665560e-01 -4.493551200e-06 1.198885840e-02 7.957099970e-04 -5.169354540e-06 -1.115453140e-03
9.809691000e-01 2.246607400e-01 -1.065156960e-04 2.041834490e-02 2.238674860e-01 -1.013451100e-04 2.153198120e-02 7.932545950e-04 -5.170585150e-06 -1.113636300e-03
9.813490000e-01 3.451346120e-01 9.505737490e-05 3.856600310e-02 3.443357560e-01 1.001626330e-04 3.967428890e-02 7.988563610e-04 -5.105257750e-06 -1.108285710e-03
9.817289000e-01 3.137101060e-01 -3.942469380e-05 3.432269430e-02 3.129088720e-01 -3.434348850e-05 3.542679190e-02 8.012342670e-04 -5.081205310e-06 -1.104097640e-03
9.821087000e-01 2.214469840e-01 -5.886151290e-06 2.220320700e-02 2.206513350e-01 -8.376521690e-07 2.330335030e-02 7.956492810e-04 -5.048499120e-06 -1.100143240e-03
9.824934000e-01 1.771824170e-01 6.661064810e-05 1.534951690e-02 1.763978190e-01 7.160616390e-05 1.644505520e-02 7.845973440e-04 -4.995515740e-06 -1.095538390e-03
9.828781000e-01 2.199425470e-01 -5.504740380e-05 1.927424090e-02 2.191622090e-01 -5.006494990e-05 2.036650090e-02 7.803385980e-04 -4.982453930e-06 -1.092260000e-03
9.832628000e-01 2.564441030e-01 -8.277793310e-05 2.761149370e-02 2.556627610e-01 -7.779913500e-05 2.869976840e-02 7.813419440e-04 -4.978798050e-06 -1.088274670e-03
9.836475000e-01 3.119684640e-01 -5.548577870e-05 2.973647180e-02 3.111826820e-01 -5.051944000e-05 3.082235000e-02 7.857822570e-04 -4.966338630e-06 -1.085878230e-03
9.840322000e-01 2.644218540e-01 -5.482694570e-05 2.064861560e-02 2.636387460e-01 -4.987494610e-05 2.173235210e-02 7.831079510e-04 -4.951999670e-06 -1.083736520e-03
9.844169000e-01 2.014232430e-01 9.830995390e-05 1.932485140e-02 2.006494130e-01 1.032051500e-04 2.040411810e-02 7.738297900e-04 -4.895195960e-06 -1.079266760e-03
9.848016000e-01 2.204639050e-01 -3.124663490e-05 2.147319470e-02 2.196959200e-01 -2.637031870e-05 2.254844570e-02 7.679846590e-04 -4.876316240e-06 -1.075251010e-03
9.851918000e-01 2.462153360e-01 9.625500820e-05 2.226862780e-02 2.454478700e-01 1.010771860e-04 2.334088140e-02 7.674663290e-04 -4.822178220e-06 -1.072253660e-03
9.855819000e-01 3.131778940e-01 9.033195640e-06 2.715811300e-02 3.124048840e-01 1.383086460e-05 2.822771760e-02 7.730095670e-04 -4.797668980e-06 -1.069604560e-03
9.859720000e-01 2.680728990e-01 3.105440710e-04 2.587888160e-02 2.673016420e-01 3.152333170e-04 2.694597790e-02 7.712569310e-04 -4.689246840e-06 -1.067096310e-03
9.863621000e-01 2.148474950e-01 4.260901100e-04 1.289015600e-02 2.140836850e-01 4.306305520e-04 1.396084700e-02 7.638095460e-04 -4.540441370e-06 -1.070691010e-03
9.867522000e-01 1.852901630e-01 -3.744204940e-05 1.308300930e-02 1.845341730e-01 -3.290897690e-05 1.415700630e-02 7.559899210e-04 -4.533072510e-06 -1.073996980e-03
9.871424000e-01 2.456005860e-01 2.624134850e-05 2.525021880e-02 2.448456510e-01 3.075187940e-05 2.631833980e-02 7.549356110e-04 -4.510530880e-06 -1.068120970e-03
9.875325000e-01 3.472321940e-01 -2.273594380e-04 3.479459190e-02 3.464698540e-01 -2.227979310e-04 3.585152190e-02 7.623393540e-04 -4.561506860e-06 -1.056929940e-03
9.879226000e-01 2.817829380e-01 -1.199081310e-04 2.998752070e-02 2.810211170e-01 -1.153212440e-04 3.103710170e-02 7.618201500e-04 -4.586886670e-06 -1.049580920e-03
9.883127000e-01 1.604563900e-01 4.350178520e-04 1.051444730e-02 1.597072200e-01 4.394505230e-04 1.156709780e-02 7.491699640e-04 -4.432671120e-06 -1.052650450e-03
9.887028000e-01 8.542799440e-02 3.180587560e-05 3.144238270e-03 8.469677990e-02 3.621609810e-05 4.201930660e-03 7.312144690e-04 -4.410222440e-06 -1.057692390e-03
9.890994000e-01 2.306571750e-01 -9.238177730e-05 1.883038300e-02 2.299263310e-01 -8.795701310e-05 1.988520710e-02 7.308439450e-04 -4.424764240e-06 -1.054824120e-03
9.894961000e-01 3.968150300e-01 -1.653220050e-04 4.144461130e-02 3.960686660e-01 -1.608588560e-04 4.248835230e-02 7.463644110e-04 -4.463148250e-06 -1.043740980e-03
9.898927000e-01 3.301307320e-01 -2.569602330e-04 3.453579040e-02 3.293781790e-01 -2.524319630e-04 3.557122710e-02 7.525533510e-04 -4.528269740e-06 -1.035436660e-03
9.902893000e-01 2.362311710e-01 -6.212997710e-05 2.090172050e-02 2.354848400e-01 -5.759687590e-05 2.193443530e-02 7.463310010e-04 -4.533101140e-06 -1.032714790e-03
9.906859000e-01 1.685406200e-01 -1.001883010e-04 1.661770420e-02 1.678047860e-01 -9.564157290e-05 1.764603440e-02 7.358339200e-04 -4.546728480e-06 -1.028330230e-03
9.910825000e-01 1.989833430e-01 -4.074789680e-05 1.687162780e-02 1.982526110e-01 -3.620503730e-05 1.789901300e-02 7.307327600e-04 -4.542859490e-06 -1.027385290e-03
9.914792000e-01 2.149238550e-01 -2.439198580e-05 1.259634570e-02 2.141964470e-01 -1.985590060e-05 1.362972340e-02 7.274077390e-04 -4.536085180e-06 -1.033377720e-03
9.918758000e-01 2.255265600e-01 -4.450414600e-05 1.565934050e-02 2.248026430e-01 -3.996744200e-05 1.669699950e-02 7.239173050e-04 -4.536703960e-06 -1.037658980e-03
9.922724000e-01 2.422523690e-01 -2.131547710e-05 2.291518970e-02 2.415289250e-01 -1.678175160e-05 2.394617790e-02 7.234437140e-04 -4.533725500e-06 -1.030988260e-03
9.926690000e-01 2.631559900e-01 -5.390637280e-05 3.057811720e-02 2.624323030e-01 -4.936383420e-05 3.159459820e-02 7.236870580e-04 -4.542538610e-06 -1.016480970e-03
9.930737000e-01 2.544550060e-01 -2.922818920e-05 2.114091040e-02 2.537321800e-01 -2.468501630e-05 2.215333940e-02 7.228255130e-04 -4.543172850e-06 -1.012428960e-03
9.934784000e-01 2.503920820e-01 2.745467650e-05 1.741666670e-02 2.496725990e-01 3.198422860e-05 1.843539020e-02 7.194831270e-04 -4.529552080e-06 -1.018723530e-03
9.938832000e-01 2.194499770e-01 1.850899910e-05 1.152496120e-02 2.187344560e-01 2.302618910e-05 1.255002450e-02 7.155203220e-04 -4.517190020e-06 -1.025063340e-03
9.942879000e-01 2.533505190e-01 4.938147860e-05 2.087776320e-02 2.526349870e-01 5.387714000e-05 2.189731400e-02 7.155322530e-04 -4.495661370e-06 -1.019550860e-03
9.946926000e-01 2.777884400e-01 7.675558570e-05 2.512854900e-02 2.770720820e-01 8.122297020e-05 2.613629610e-02 7.163578910e-04 -4.467384520e-06 -1.007747090e-03
9.950973000e-01 2.503109750e-01 -5.876234440e-05 2.078382160e-02 2.495955680e-01 -5.427912340e-05 2.178649650e-02 7.154073270e-04 -4.483221060e-06 -1.002674870e-03
9.955020000e-01 2.235253420e-01 2.321971120e-04 1.542411130e-02 2.228142710e-01 2.366055090e-04 1.642731990e-02 7.110707910e-04 -4.408397210e-06 -1.003208630e-03
9.959067000e-01 2.339251850e-01 -1.838331120e-04 1.502296810e-02 2.332172020e-01 -1.793694530e-04 1.602599600e-02 7.079833000e-04 -4.463658710e-06 -1.003027840e-03
9.963114000e-01 2.039578240e-01 -3.397682710e-05 1.212531430e-02 2.032549280e-01 -2.950384910e-05 1.312746710e-02 7.028956540e-04 -4.472977980e-06 -1.002152860e-03
9.967162000e-01 1.805805350e-01 4.535160330e-05 1.468143560e-02 1.798862740e-01 4.981399770e-05 1.567911970e-02 6.942610220e-04 -4.462394420e-06 -9.976841040e-04
9.971209000e-01 1.993872820e-01 -5.084818410e-06 1.089553200e-02 1.986963660e-01 -6.161818410e-07 1.189362030e-02 6.909166640e-04 -4.468636570e-06 -9.980883010e-04
9.975256000e-01 2.578466460e-01 5.728247660e-05 1.114160860e-02 2.571523920e-01 6.173953060e-05 1.214652070e-02 6.942540540e-04 -4.457053980e-06 -1.004912080e-03
9.979303000e-01 2.434703430e-01 1.302096880e-04 5.044252500e-03 2.427745900e-01 1.346365070e-04 6.057425140e-03 6.957530900e-04 -4.426818660e-06 -1.013172640e-03
9.983350000e-01 2.507628820e-01 -1.588825260e-05 1.770972790e-02 2.500676800e-01 -1.144834220e-05 1.871808050e-02 6.952027450e-04 -4.439910480e-06 -1.008352630e-03
9.987397000e-01 2.324738700e-01 -3.243552200e-05 1.783232100e-02 2.317809920e-01 -2.797590820e-05 1.882979120e-02 6.928772760e-04 -4.459613870e-06 -9.974701440e-04
9.991444000e-01 2.323603620e-01 2.560183490e-04 1.575222730e-02 2.316694940e-01 2.604143710e-04 1.674545770e-02 6.908671720e-04 -4.396021770e-06 -9.932304850e-04
9.995492000e-01 2.012147400e-01 -5.149008160e-05 9.049685180e-03 2.005292430e-01 -4.706479900e-05 1.004519130e-02 6.854968960e-04 -4.425282580e-06 -9.955060810e-04
9.999539000e-01 2.012196340e-01 -1.064054090e-04 9.087217960e-03 2.005386720e-01 -1.019319980e-04 1.008451600e-02 6.809617240e-04 -4.473411490e-06 -9.972980140e-04
1.000359000e+00 1.972710110e-01 3.261320930e-04 1.188712810e-02 1.965955040e-01 3.305158610e-04 1.288010740e-02 6.755065350e-04 -4.383767370e-06 -9.929793020e-04
1.000777000e+00 1.800676280e-01 -4.189170970e-05 1.634314920e-02 1.794011620e-01 -3.747360800e-05 1.732477880e-02 6.664666070e-04 -4.418101620e-06 -9.816296270e-04
1.001196000e+00 2.178401500e-01 1.456108920e-04 1.406252510e-02 2.171764430e-01 1.499881780e-04 1.504133800e-02 6.637067500e-04 -4.377286090e-06 -9.788129730e-04
1.001615000e+00 2.792005910e-01 -1.172998670e-04 9.095889240e-03 2.785318310e-01 -1.128661510e-04 1.008420290e-02 6.687602200e-04 -4.433715250e-06 -9.883137110e-04
1.002033000e+00 2.597713090e-01 8.032145700e-05 1.265609240e-02 2.591003370e-01 8.474245910e-05 1.365029740e-02 6.709723140e-04 -4.421002090e-06 -9.942050830e-04
1.002452000e+00 2.112646600e-01 2.458583060e-05 1.289334670e-02 2.105992570e-01 2.901100370e-05 1.388182630e-02 6.654038250e-04 -4.425173100e-06 -9.884795690e-04
1.002871000e+00 1.729306090e-01 4.515728430e-05 1.561777490e-02 1.722749420e-01 4.958545910e-05 1.659417690e-02 6.556670430e-04 -4.428174780e-06 -9.764019460e-04
1.003289000e+00 2.118434270e-01 -9.469182520e-06 1.082542500e-02 2.111897550e-01 -5.022754870e-06 1.180138480e-02 6.536717240e-04 -4.446427650e-06 -9.759597790e-04
1.003708000e+00 2.713246610e-01 1.856516930e-06 7.183622680e-03 2.706654610e-01 6.318325930e-06 8.170265410e-03 6.592001080e-04 -4.461809000e-06 -9.866427300e-04
1.004127000e+00 2.393751050e-01 2.100289310e-04 7.126723150e-03 2.387155710e-01 2.144387300e-04 8.118584730e-03 6.595348320e-04 -4.409799000e-06 -9.918615810e-04
1.004545000e+00 1.582480340e-01 1.006016060e-04 1.084701860e-02 1.575972200e-01 1.050059140e-04 1.183154070e-02 6.508142600e-04 -4.404308060e-06 -9.845221540e-04
1.004964000e+00 1.508386370e-01 1.212816400e-04 1.395073990e-02 1.501975210e-01 1.256673560e-04 1.492565560e-02 6.411151750e-04 -4.385716600e-06 -9.749156730e-04
1.005383000e+00 2.031624990e-01 9.217124240e-05 1.257259650e-02 2.025229860e-01 9.654786280e-05 1.354519600e-02 6.395133690e-04 -4.376620440e-06 -9.725994820e-04
1.005801000e+00 2.878102530e-01 5.242249240e-05 3.841560720e-03 2.871642120e-01 5.680416990e-05 4.818989460e-03 6.460410230e-04 -4.381677590e-06 -9.774287330e-04
1.006220000e+00 2.234139170e-01 1.271886990e-04 5.391680700e-03 2.227692820e-01 1.315502020e-04 6.370232320e-03 6.446356170e-04 -4.361503280e-06 -9.785516210e-04
1.006639000e+00 1.637484710e-01 1.898932840e-05 4.942906360e-03 1.631126520e-01 2.336679920e-05 5.921771080e-03 6.358191310e-04 -4.377470780e-06 -9.788647270e-04
1.007057000e+00 1.709483390e-01 6.266333510e-05 5.672361360e-03 1.703198770e-01 6.704349230e-05 6.651851450e-03 6.284626100e-04 -4.380157190e-06 -9.794900970e-04
1.007476000e+00 2.292445160e-01 5.256765170e-05 8.211173940e-03 2.286154970e-01 5.695282190e-05 9.187291690e-03 6.290192470e-04 -4.385170200e-06 -9.761177490e-04
1.007895000e+00 2.831778670e-01 8.240272920e-06 1.126009660e-02 2.825428870e-01 1.264230740e-05 1.222939610e-02 6.349806450e-04 -4.402034450e-06 -9.692994410e-04
1.008313000e+00 2.234877620e-01 6.785818030e-05 6.833936120e-03 2.228550600e-01 7.225947320e-05 7.802815130e-03 6.327025700e-04 -4.401292910e-06 -9.688790160e-04
1.008732000e+00 1.864892690e-01 1.917181680e-04 1.182183780e-03 1.858647520e-01 1.960792760e-04 2.159995240e-03 6.245169720e-04 -4.361108220e-06 -9.778114570e-04
1.009151000e+00 2.155235630e-01 -1.552196020e-04 2.410497780e-03 2.149032770e-01 -1.507874770e-04 3.394422290e-03 6.202863440e-04 -4.432125020e-06 -9.839245140e-04
1.009569000e+00 2.828179070e-01 -1.622977720e-04 7.704814870e-03 2.821938850e-01 -1.577911560e-04 8.684455290e-03 6.240226540e-04 -4.506616750e-06 -9.796404190e-04
1.009988000e+00 3.148857300e-01 6.204317530e-05 1.522517430e-02 3.142552740e-01 6.654311360e-05 1.619690310e-02 6.304557530e-04 -4.499938250e-06 -9.717288080e-04
1.010407000e+00 2.202718520e-01 8.498418320e-07 9.713088040e-03 2.196444410e-01 5.366687650e-06 1.068248480e-02 6.274116030e-04 -4.516845810e-06 -9.693967880e-04
1.010825000e+00 1.386245430e-01 1.413880210e-04 5.070854340e-03 1.380068610e-01 1.458848370e-04 6.041768630e-03 6.176816810e-04 -4.496815770e-06 -9.709142890e-04
1.011244000e+00 1.653631470e-01 -1.696087120e-04 5.727018260e-03 1.647509530e-01 -1.650476420e-04 6.697678320e-03 6.121937670e-04 -4.561069200e-06 -9.706600560e-04
1.011663000e+00 1.667322340e-01 4.475850220e-05 1.007609650e-02 1.661252340e-01 4.932085390e-05 1.104070310e-02 6.070004510e-04 -4.562351760e-06 -9.646065990e-04
1.012081000e+00 1.550625680e-01 1.484840110e-04 1.175224010e-02 1.544623910e-01 1.530102280e-04 1.270930250e-02 6.001767290e-04 -4.526217420e-06 -9.570623700e-04
1.012500000e+00 2.351691560e-01 -1.139942490e-04 5.762986080e-03 2.345659730e-01 -1.094123210e-04 6.722865340e-03 6.031827460e-04 -4.581927520e-06 -9.598792590e-04
1.012931000e+00 2.826322920e-01 -4.087908700e-05 9.324416120e-03 2.820199250e-01 -3.626485460e-05 1.029125240e-02 6.123662790e-04 -4.614232420e-06 -9.668362740e-04
1.013362000e+00 2.251439520e-01 6.316816410e-05 5.885477150e-03 2.245323720e-01 6.778092080e-05 6.854054570e-03 6.115795970e-04 -4.612756760e-06 -9.685774260e-04
1.013793000e+00 1.099485900e-01 1.975586660e-05 1.013736420e-02 1.093531410e-01 2.438186080e-05 1.109864960e-02 5.954491610e-04 -4.625994160e-06 -9.612854140e-04
1.014223000e+00 1.657666080e-01 3.365618900e-05 6.245625720e-03 1.651807740e-01 3.828969270e-05 7.202713490e-03 5.858336510e-04 -4.633503750e-06 -9.570877690e-04
1.014654000e+00 2.627959570e-01 4.445261210e-05 8.294264710e-03 2.622075490e-01 4.909029670e-05 9.245742180e-03 5.884083200e-04 -4.637684660e-06 -9.514774710e-04
1.015085000e+00 2.340236170e-01 3.800872020e-05 8.930758680e-03 2.334346200e-01 4.265165560e-05 9.873884770e-03 5.889968350e-04 -4.642935420e-06 -9.431260930e-04
1.015521000e+00 2.294417630e-01 4.606164100e-05 2.500459080e-03 2.288526490e-01 5.070764600e-05 3.446363930e-03 5.891138700e-04 -4.646005010e-06 -9.459048570e-04
1.015952000e+00 2.752090860e-01 5.409512980e-05 -4.060376540e-03 2.746154190e-01 5.874205970e-05 -3.101073530e-03 5.936673630e-04 -4.646929880e-06 -9.593030070e-04
1.016382000e+00 1.656033060e-01 -8.698795860e-05 1.495507480e-04 1.650139870e-01 -8.228876710e-05 1.112265420e-03 5.893189660e-04 -4.699191490e-06 -9.627146760e-04
1.016813000e+00 1.071601680e-01 1.894052760e-04 1.016317990e-02 1.065829600e-01 1.940584860e-04 1.111675880e-02 5.772080330e-04 -4.653209630e-06 -9.535789180e-04
1.017249000e+00 1.342030250e-01 1.770326790e-05 6.442413100e-03 1.336338050e-01 2.236988300e-05 7.390398890e-03 5.692204390e-04 -4.666615110e-06 -9.479857830e-04
1.017685000e+00 2.413984110e-01 2.091304510e-05 2.210164110e-03 2.408267250e-01 2.560084850e-05 3.154956920e-03 5.716854360e-04 -4.687803430e-06 -9.447928100e-04
1.018121000e+00 2.741690770e-01 3.861973670e-04 4.067644440e-03 2.735922040e-01 3.907703020e-04 5.006909370e-03 5.768723220e-04 -4.572934350e-06 -9.392649290e-04
1.018557000e+00 1.935206830e-01 1.397594930e-04 -1.049944290e-03 1.929482690e-01 1.443078600e-04 -1.073087200e-04 5.724140350e-04 -4.548366890e-06 -9.426355710e-04
1.018993000e+00 1.515234880e-01 6.397629790e-06 -3.336871600e-03 1.509605600e-01 1.096177490e-05 -2.383880080e-03 5.629287430e-04 -4.564145080e-06 -9.529915150e-04
1.019429000e+00 1.852108730e-01 1.398442520e-04 -1.249532290e-03 1.846522080e-01 1.443854720e-04 -2.929431530e-04 5.586646870e-04 -4.541219760e-06 -9.565891350e-04
1.019865000e+00 1.773697190e-01 9.105180690e-05 3.000631790e-03 1.768155690e-01 9.558285560e-05 3.951055200e-03 5.541501400e-04 -4.531048700e-06 -9.504234070e-04
1.020301000e+00 1.738817090e-01 1.082452280e-04 2.799865380e-03 1.733323360e-01 1.127614480e-04 3.746191490e-03 5.493723530e-04 -4.516219950e-06 -9.463261170e-04
1.020743000e+00 2.556303330e-01 1.925324790e-04 -1.276362920e-03 2.550746550e-01 1.970049540e-04 -3.286538380e-04 5.556783060e-04 -4.472474870e-06 -9.477090840e-04
1.021185000e+00 2.859697370e-01 1.259189470e-04 -4.718671570e-03 2.854050100e-01 1.303691830e-04 -3.767986850e-03 5.647266430e-04 -4.450235960e-06 -9.506847230e-04
1.021621000e+00 1.740544280e-01 1.086463440e-04 3.630661960e-03 1.734973990e-01 1.130812530e-04 4.578209150e-03 5.570289690e-04 -4.434908920e-06 -9.475471810e-04
1.022057000e+00 8.319122030e-02 1.188477190e-04 4.600007030e-03 8.265185100e-02 1.232639260e-04 5.542642140e-03 5.393693280e-04 -4.416207720e-06 -9.426351060e-04
1.022499000e+00 1.766656920e-01 2.358210240e-06 4.825480110e-04 1.761304490e-01 6.792427010e-06 1.423445370e-03 5.352422040e-04 -4.434216770e-06 -9.408973560e-04
1.022941000e+00 2.953207980e-01 3.750619320e-05 -3.620611320e-03 2.947736980e-01 4.194562700e-05 -2.677263420e-03 5.471004120e-04 -4.439433760e-06 -9.433479040e-04
1.023383000e+00 2.556373280e-01 1.263063220e-04 -5.080095190e-03 2.550857820e-01 1.307185060e-04 -4.135042900e-03 5.515459300e-04 -4.412183570e-06 -9.450522850e-04
1.023825000e+00 1.174930250e-01 8.471439810e-05 3.615492210e-03 1.169560500e-01 8.911695780e-05 4.556120300e-03 5.369751080e-04 -4.402559700e-06 -9.406280810e-04
1.024267000e+00 9.649565890e-02 2.127574980e-04 4.358568630e-03 9.597363130e-02 2.171121790e-04 5.294567450e-03 5.220275660e-04 -4.354681110e-06 -9.359988230e-04
1.024709000e+00 1.991149970e-01 2.015768410e-04 8.672101070e-04 1.985903130e-01 2.058831420e-04 1.802967620e-03 5.246845790e-04 -4.306301770e-06 -9.357575140e-04
1.025151000e+00 2.728191640e-01 -6.133636000e-05 -5.049717720e-03 2.722848950e-01 -5.699221880e-05 -4.112749580e-03 5.342685030e-04 -4.344141170e-06 -9.369681420e-04
1.025593000e+00 1.916498920e-01 9.140924620e-05 6.952533460e-04 1.911176830e-01 9.574479350e-05 1.632542460e-03 5.322085600e-04 -4.335547280e-06 -9.372891180e-04
1.026035000e+00 1.595195890e-01 -6.418284110e-05 -4.404793790e-03 1.589949930e-01 -5.981473240e-05 -3.463193710e-03 5.245965690e-04 -4.368108720e-06 -9.416000800e-04
1.026477000e+00 1.442985440e-01 1.529939280e-05 -9.794287160e-04 1.437802960e-01 1.967826990e-05 -3.698844380e-05 5.182480290e-04 -4.378877050e-06 -9.424402730e-04
1.026919000e+00 1.190745000e-01 -2.621602300e-05 3.695942720e-03 1.185648910e-01 -2.181015770e-05 4.631816330e-03 5.096090760e-04 -4.405865310e-06 -9.358736090e-04
1.027369000e+00 1.171335370e-01 -1.261468250e-05 3.160397460e-03 1.166321810e-01 -8.187696600e-06 4.090747460e-03 5.013555830e-04 -4.426985860e-06 -9.303500030e-04
1.027818000e+00 1.904397090e-01 -7.218857640e-05 -3.737204770e-03 1.899376300e-01 -6.771975770e-05 -2.804384580e-03 5.020798910e-04 -4.468818700e-06 -9.328201920e-04
1.028268000e+00 2.144359990e-01 1.850571160e-05 -7.078592590e-03 2.139314920e-01 2.298682890e-05 -6.140484550e-03 5.045070600e-04 -4.481117350e-06 -9.381080380e-04
1.028718000e+00 2.054214110e-01 5.938559470e-06 -2.653337470e-03 2.049174590e-01 1.043389260e-05 -1.717726690e-03 5.039516840e-04 -4.495333090e-06 -9.356107760e-04
1.029167000e+00 2.037133590e-01 -1.590074120e-05 -4.679824180e-04 2.032105710e-01 -1.138308250e-05 4.595606100e-04 5.027879440e-04 -4.517658780e-06 -9.275430280e-04
1.029617000e+00 1.924151420e-01 4.599103590e-05 -4.286729910e-03 1.919148760e-01 5.051083510e-05 -3.360119150e-03 5.002662300e-04 -4.519799180e-06 -9.266107660e-04
1.030067000e+00 1.626153970e-01 -3.498582710e-06 -5.573365890e-03 1.621217800e-01 1.041878220e-06 -4.640949210e-03 4.936171120e-04 -4.540460940e-06 -9.324166820e-04
1.030516000e+00 1.715387630e-01 4.716206490e-05 -3.546177180e-03 1.710496430e-01 5.170473050e-05 -2.612325050e-03 4.891198220e-04 -4.542665610e-06 -9.338521240e-04
1.030966000e+00 2.197576440e-01 2.080989530e-05 -3.750536520e-03 2.192672640e-01 2.535966530e-05 -2.822583710e-03 4.903803790e-04 -4.549769990e-06 -9.279528100e-04
1.031416000e+00 2.159624810e-01 5.788826940e-05 -2.349426180e-03 2.154714690e-01 6.243204780e-05 -1.427100460e-03 4.910122720e-04 -4.543778450e-06 -9.223257220e-04
1.031865000e+00 1.788661020e-01 1.618319720e-06 -4.696719200e-03 1.783800600e-01 6.175907380e-06 -3.771945860e-03 4.860415860e-04 -4.557587660e-06 -9.247733370e-04
1.032315000e+00 1.633328470e-01 3.048984670e-05 -7.431013210e-03 1.628527740e-01 3.504975050e-05 -6.500482480e-03 4.800729880e-04 -4.559903790e-06 -9.305307280e-04
1.032765000e+00 1.880417400e-01 -1.770606390e-06 -4.318029380e-03 1.875631120e-01 2.799580150e-06 -3.389597410e-03 4.786272130e-04 -4.570186540e-06 -9.284319660e-04
1.033225000e+00 1.771564750e-01 6.296734020e-05 -1.395172550e-03 1.766795870e-01 6.752833460e-05 -4.746444190e-04 4.768875570e-04 -4.560994400e-06 -9.205281350e-04
1.033685000e+00 1.967819220e-01 8.636793580e-05 -8.768507990e-03 1.963053590e-01 9.090826430e-05 -7.847992700e-03 4.765632590e-04 -4.540328460e-06 -9.205152910e-04
1.034144000e+00 2.168667220e-01 1.169558360e-04 -1.025383320e-02 2.163876520e-01 1.214642460e-04 -9.327272480e-03 4.790707340e-04 -4.508410250e-06 -9.265607300e-04
1.034604000e+00 2.067864690e-01 1.234404560e-05 -7.625142580e-03 2.063083200e-01 1.685460620e-05 -6.697351540e-03 4.781487610e-04 -4.510560600e-06 -9.277910460e-04
1.035064000e+00 8.757866400e-02 6.034646910e-05 3.794479170e-04 8.711273540e-02 6.484228420e-05 1.301455720e-03 4.659286670e-04 -4.495815110e-06 -9.220078050e-04
1.035524000e+00 1.272771940e-01 -6.082371080e-05 -1.158907560e-03 1.268191410e-01 -5.629805460e-05 -2.411004340e-04 4.580536680e-04 -4.525656140e-06 -9.178071280e-04
1.035984000e+00 1.993400910e-01 1.334608630e-04 -9.533485880e-03 1.988802890e-01 1.379425840e-04 -8.611648830e-03 4.598021360e-04 -4.481720570e-06 -9.218370490e-04
1.036444000e+00 2.416958760e-01 5.042116270e-05 -1.047381840e-02 2.412327500e-01 5.489331400e-05 -9.548017580e-03 4.631262670e-04 -4.472151240e-06 -9.258008590e-04
1.036904000e+00 1.610821810e-01 9.700229890e-05 -5.807473400e-03 1.606218130e-01 1.014473870e-04 -4.884592560e-03 4.603677350e-04 -4.445087810e-06 -9.228808340e-04
1.037364000e+00 1.779483680e-01 1.304032920e-04 -3.661448320e-03 1.774896580e-01 1.348085490e-04 -2.744411960e-03 4.587101860e-04 -4.405256380e-06 -9.170363640e-04
1.037824000e+00 1.581324320e-01 1.607782890e-04 -8.782788510e-04 1.576787200e-01 1.651312210e-04 3.469108720e-05 4.537123320e-04 -4.352932300e-06 -9.129699390e-04
1.038284000e+00 1.473815540e-01 1.275247080e-04 -3.403107630e-03 1.469336720e-01 1.318399980e-04 -2.493033980e-03 4.478814660e-04 -4.315290770e-06 -9.100736480e-04
1.038743000e+00 1.485841030e-01 2.139797140e-04 -4.735158230e-03 1.481421510e-01 2.182276730e-04 -3.825969900e-03 4.419514780e-04 -4.247959100e-06 -9.091883280e-04
1.039203000e+00 9.467107140e-02 -7.215437590e-05 -2.944544960e-03 9.424013080e-02 -6.786714580e-05 -2.031747210e-03 4.309405640e-04 -4.287230130e-06 -9.127977440e-04
1.039679000e+00 1.390041180e-01 -6.619118770e-05 -5.660483660e-03 1.385775790e-01 -6.187180030e-05 -4.746468730e-03 4.265393090e-04 -4.319387390e-06 -9.140149300e-04
1.040155000e+00 2.776749030e-01 1.130745310e-04 -1.567767030e-02 2.772358180e-01 1.173617180e-04 -1.476745630e-02 4.390842540e-04 -4.287186980e-06 -9.102139900e-04
1.040631000e+00 2.194724830e-01 1.357558690e-04 -7.925625790e-03 2.190287120e-01 1.400037660e-04 -7.019144510e-03 4.437711350e-04 -4.247896650e-06 -9.064812840e-04
1.041106000e+00 1.064200330e-01 7.914874300e-05 -3.978850430e-03 1.059886250e-01 8.337565140e-05 -3.069415490e-03 4.314079550e-04 -4.226908420e-06 -9.094349410e-04
1.041582000e+00 1.096687560e-01 3.203397370e-05 -4.360648010e-03 1.092471090e-01 3.625707370e-05 -3.448690780e-03 4.216464950e-04 -4.223100000e-06 -9.119572240e-04
1.042058000e+00 1.755547910e-01 3.174582590e-05 -9.649319430e-03 1.751322170e-01 3.596339320e-05 -8.739962250e-03 4.225738490e-04 -4.217567320e-06 -9.093571810e-04
1.042534000e+00 1.781509980e-01 -3.166102590e-06 -7.582523250e-03 1.777269390e-01 1.057757710e-06 -6.677089210e-03 4.240589660e-04 -4.223860290e-06 -9.054340310e-04
1.043009000e+00 1.278500390e-01 3.322947990e-05 -6.431195960e-03 1.274340600e-01 3.744391380e-05 -5.523711510e-03 4.159795050e-04 -4.214433930e-06 -9.074844510e-04
1.043485000e+00 9.214610500e-02 2.003352900e-05 -3.859016290e-03 9.174131730e-02 2.424493840e-05 -2.947976320e-03 4.047876780e-04 -4.211409400e-06 -9.110399770e-04
1.043961000e+00 1.492262970e-01 3.201855920e-05 -8.624230480e-03 1.488231540e-01 3.622249710e-05 -7.714349900e-03 4.031425430e-04 -4.203937840e-06 -9.098805810e-04
1.044437000e+00 1.772511150e-01 7.874833750e-05 -9.529445280e-03 1.768460240e-01 8.292717930e-05 -8.622217080e-03 4.050907240e-04 -4.178841750e-06 -9.072282050e-04
1.044912000e+00 1.633913610e-01 -1.564781570e-04 -9.558394780e-03 1.629879830e-01 -1.522365770e-04 -8.653646410e-03 4.033777030e-04 -4.241579880e-06 -9.047483650e-04
1.045388000e+00 1.506796930e-01 5.626712490e-05 -6.661623700e-03 1.502789580e-01 6.048873820e-05 -5.762545250e-03 4.007348230e-04 -4.221613260e-06 -8.990784560e-04
1.045864000e+00 1.441141680e-01 8.998953760e-05 -8.067550130e-03 1.437175350e-01 9.418248440e-05 -7.168566830e-03 3.966336530e-04 -4.192946840e-06 -8.989832990e-04
1.046340000e+00 1.140009050e-01 -2.215428990e-05 -8.189736510e-03 1.136135350e-01 -1.795073890e-05 -7.283682860e-03 3.873702570e-04 -4.203551010e-06 -9.060536440e-04
1.046815000e+00 1.350661680e-01 1.060184520e-04 -9.424369830e-03 1.346823510e-01 1.101882120e-04 -8.516688690e-03 3.838168350e-04 -4.169759780e-06 -9.076811390e-04
1.047291000e+00 2.463692250e-01 -7.254806460e-05 -1.990364370e-02 2.459758200e-01 -6.834864560e-05 -1.900060100e-02 3.934044100e-04 -4.199419060e-06 -9.030426350e-04
1.047767000e+00 2.033303180e-01 1.370962090e-04 -1.078342310e-02 2.029341980e-01 1.412500350e-04 -9.884522580e-03 3.961206550e-04 -4.153825840e-06 -8.989005660e-04
1.048243000e+00 1.016368760e-01 4.660948690e-05 -3.352141160e-03 1.012508480e-01 5.075066290e-05 -2.455671630e-03 3.860280390e-04 -4.141175990e-06 -8.964695340e-04
1.048718000e+00 1.164770790e-01 1.920054850e-04 -5.818974850e-03 1.160981550e-01 1.960801160e-04 -4.924386440e-03 3.789237870e-04 -4.074631410e-06 -8.945884060e-04
1.049194000e+00 1.025485500e-01 -5.418276740e-06 -5.349396690e-03 1.021786660e-01 -1.335012930e-06 -4.451677820e-03 3.698832900e-04 -4.083263810e-06 -8.977188660e-04
1.049670000e+00 1.231904980e-01 9.039307170e-05 -7.632346590e-03 1.228281940e-01 9.445356210e-05 -6.731713030e-03 3.623042000e-04 -4.060490420e-06 -9.006335620e-04
1.050146000e+00 2.145713780e-01 7.284596800e-05 -1.793320750e-02 2.142012030e-01 7.688572230e-05 -1.703446500e-02 3.701753180e-04 -4.039754310e-06 -8.987425560e-04
1.050621000e+00 2.324099510e-01 5.120713530e-06 -1.914858710e-02 2.320304260e-01 9.163530700e-06 -1.825219910e-02 3.795247210e-04 -4.042817170e-06 -8.963880250e-04
1.051097000e+00 1.156355860e-01 6.848030100e-05 -5.819325440e-03 1.152645020e-01 7.250331930e-05 -4.926003460e-03 3.710836780e-04 -4.023018300e-06 -8.933219820e-04
1.051573000e+00 8.405551670e-02 6.482265670e-05 6.320481980e-04 8.369563420e-02 6.882844670e-05 1.520837300e-03 3.598824590e-04 -4.005790020e-06 -8.887891040e-04
1.052049000e+00 1.280994650e-01 -8.009959250e-05 -7.213522890e-03 1.277451490e-01 -7.606049960e-05 -6.326936600e-03 3.543159540e-04 -4.039092910e-06 -8.865862820e-04
1.052524000e+00 9.549943900e-02 9.870858730e-06 -3.402523670e-03 9.515317260e-02 1.390932050e-05 -2.518429910e-03 3.462664240e-04 -4.038461770e-06 -8.840937620e-04
1.053000000e+00 1.790368150e-01 5.484820540e-05 -1.461403170e-02 1.786887070e-01 5.886961490e-05 -1.372913790e-02 3.481072830e-04 -4.021409540e-06 -8.848937350e-04
1.053500000e+00 2.235378750e-01 2.413488110e-05 -2.210183830e-02 2.231804250e-01 2.815024830e-05 -2.121290980e-02 3.574496670e-04 -4.015367200e-06 -8.889285110e-04
1.054000000e+00 1.534762850e-01 3.479243470e-05 -1.168086260e-02 1.531210470e-01 3.879767660e-05 -1.079226190e-02 3.552374590e-04 -4.005241890e-06 -8.886007640e-04
1.054500000e+00 7.405579710e-02 8.621909890e-05 -9.186066300e-04 7.371332840e-02 9.019762330e-05 -3.412822160e-05 3.424686560e-04 -3.978524370e-06 -8.844784080e-04
1.055006000e+00 1.389509100e-01 -2.722761450e-05 -1.269231570e-02 1.386102580e-01 -2.323480050e-05 -1.180719220e-02 3.406516910e-04 -3.992813980e-06 -8.851235650e-04
1.055513000e+00 2.102245490e-01 1.052556690e-05 -2.290445160e-02 2.098752970e-01 1.451665470e-05 -2.201362560e-02 3.492522850e-04 -3.991087800e-06 -8.908259570e-04
1.056019000e+00 1.543759680e-01 1.842313200e-04 -1.154157090e-02 1.540288370e-01 1.881506190e-04 -1.065366260e-02 3.471304840e-04 -3.919299430e-06 -8.879082990e-04
1.056526000e+00 9.365029160e-02 -4.446617090e-05 -1.386497650e-05 9.331305380e-02 -4.052221960e-05 8.611392460e-04 3.372377600e-04 -3.943951230e-06 -8.750042230e-04
1.057040000e+00 8.633639010e-02 -3.959948860e-05 -3.996580230e-03 8.600771250e-02 -3.563332610e-05 -3.124195350e-03 3.286776240e-04 -3.966162490e-06 -8.723848860e-04
1.057553000e+00 6.868475160e-02 -3.610564020e-05 -4.180765530e-03 6.836855000e-02 -3.212040150e-05 -3.302375850e-03 3.162016330e-04 -3.985238670e-06 -8.783896820e-04
1.058074000e+00 1.413283310e-01 -3.907354250e-05 -1.249824600e-02 1.410123930e-01 -3.507099750e-05 -1.161962700e-02 3.159384730e-04 -4.002544960e-06 -8.786190440e-04
1.058595000e+00 2.351691800e-01 7.218795010e-05 -2.335848450e-02 2.348396760e-01 7.616786770e-05 -2.248419790e-02 3.295040100e-04 -3.979917580e-06 -8.742865650e-04
1.059116000e+00 1.349307880e-01 4.207377170e-05 -1.185869940e-02 1.346056090e-01 4.604404020e-05 -1.098410050e-02 3.251788890e-04 -3.970268440e-06 -8.745988720e-04
1.059637000e+00 6.127860040e-02 1.306449130e-05 -5.064579130e-03 6.096880100e-02 1.703702660e-05 -4.183777940e-03 3.097993850e-04 -3.972535300e-06 -8.808011890e-04
1.060158000e+00 1.040515840e-01 6.277672450e-05 -6.416280470e-03 1.037455710e-01 6.673064850e-05 -5.540153360e-03 3.060135920e-04 -3.953924030e-06 -8.761271040e-04
1.060679000e+00 1.331255120e-01 6.500251500e-05 -9.247904610e-03 1.328187160e-01 6.893642930e-05 -8.383874390e-03 3.067959590e-04 -3.933914250e-06 -8.640302210e-04
1.061208000e+00 1.309994650e-01 6.007935520e-05 -1.093515120e-02 1.306951090e-01 6.399368290e-05 -1.007139860e-02 3.043557980e-04 -3.914327770e-06 -8.637525920e-04
1.061738000e+00 1.130513520e-01 1.725604040e-04 -1.145919600e-02 1.127511550e-01 1.764086400e-04 -1.058998940e-02 3.001970760e-04 -3.848235860e-06 -8.692065760e-04
1.062267000e+00 1.198712610e-01 9.371731860e-05 -1.114587760e-02 1.195733540e-01 9.752055310e-05 -1.027801900e-02 2.979068270e-04 -3.803234560e-06 -8.678585850e-04
1.062796000e+00 1.464040620e-01 -3.770489300e-05 -1.393551610e-02 1.461066200e-01 -3.388344570e-05 -1.307039930e-02 2.974412080e-04 -3.821447280e-06 -8.651168080e-04
1.063326000e+00 1.276436120e-01 6.128647860e-06 -1.040912660e-02 1.273490070e-01 9.947600070e-06 -9.548090490e-03 2.946051160e-04 -3.818952210e-06 -8.610360900e-04
1.063865000e+00 1.019419420e-01 3.808789660e-05 -5.976812350e-03 1.016510950e-01 4.188982930e-05 -5.120971620e-03 2.908471420e-04 -3.801932740e-06 -8.558407300e-04
1.064403000e+00 8.407994160e-02 1.366579400e-04 -7.253200170e-03 8.379872400e-02 1.404001060e-04 -6.392232990e-03 2.812175970e-04 -3.742166660e-06 -8.609671790e-04
1.064942000e+00 7.557426330e-02 -2.722916530e-05 -5.726653940e-03 7.530218870e-02 -2.348134540e-05 -4.861045980e-03 2.720745630e-04 -3.747819890e-06 -8.656079550e-04
1.065481000e+00 1.452189450e-01 7.508972860e-05 -8.772754090e-03 1.449409750e-01 7.880781150e-05 -7.921628410e-03 2.779697090e-04 -3.718082860e-06 -8.511256720e-04
1.066030000e+00 1.281461410e-01 1.866099780e-05 -9.065633270e-03 1.278666590e-01 2.237354630e-05 -8.224310160e-03 2.794816210e-04 -3.712548490e-06 -8.413231070e-04
1.066580000e+00 6.445391390e-02 4.050210450e-05 -6.177098900e-03 6.418719400e-02 4.419503870e-05 -5.327512840e-03 2.667198750e-04 -3.692934210e-06 -8.495860680e-04
1.067129000e+00 9.045573390e-02 7.891093150e-05 -9.779874020e-03 9.019622590e-02 8.257091020e-05 -8.927710330e-03 2.595079290e-04 -3.659978710e-06 -8.521636920e-04
1.067679000e+00 1.064644980e-01 -6.877116560e-05 -1.025375550e-02 1.062078090e-01 -6.508119630e-05 -9.407063910e-03 2.566889660e-04 -3.689969330e-06 -8.466915420e-04
1.068240000e+00 9.879268860e-02 1.686904730e-04 -8.605025300e-03 9.853919130e-02 1.723070920e-04 -7.761332690e-03 2.534973070e-04 -3.616618620e-06 -8.436926150e-04
1.068801000e+00 1.165944080e-01 6.003758560e-05 -1.296033510e-02 1.163422450e-01 6.363159220e-05 -1.211794060e-02 2.521625590e-04 -3.594006550e-06 -8.423945630e-04
1.069363000e+00 1.039126660e-01 3.567576130e-05 -9.764631260e-03 1.036644070e-01 3.925937390e-05 -8.925989580e-03 2.482590660e-04 -3.583612590e-06 -8.386416760e-04
1.069924000e+00 9.116288920e-02 1.748717420e-05 -6.724715630e-03 9.091924840e-02 2.106963710e-05 -5.891364510e-03 2.436408580e-04 -3.582462840e-06 -8.333511250e-04
1.070485000e+00 1.249582570e-01 4.963131230e-06 -1.793475550e-02 1.247162860e-01 8.550303980e-06 -1.709559550e-02 2.419703870e-04 -3.587172750e-06 -8.391600440e-04
1.071047000e+00 1.241403580e-01 2.740486380e-05 -1.798441730e-02 1.239001830e-01 3.098827260e-05 -1.713997440e-02 2.401743970e-04 -3.583408850e-06 -8.444428090e-04
1.071608000e+00 8.773951860e-02 1.109269430e-05 -4.890598400e-03 8.750436190e-02 1.467415920e-05 -4.060465590e-03 2.351566110e-04 -3.581464850e-06 -8.301328060e-04
1.072184000e+00 9.800021840e-02 8.317317770e-05 -7.825226180e-03 9.776858050e-02 8.672180530e-05 -7.002899660e-03 2.316379740e-04 -3.548627580e-06 -8.223265250e-04
1.072760000e+00 1.337488010e-01 1.800748110e-04 -2.089740550e-02 1.335168240e-01 1.835450110e-04 -2.006567140e-02 2.319775440e-04 -3.470199800e-06 -8.317340650e-04
1.073336000e+00 9.252137420e-02 -3.093041980e-05 -8.926152340e-03 9.229655080e-02 -2.743943730e-05 -8.095411170e-03 2.248233830e-04 -3.490982560e-06 -8.307411690e-04
1.073912000e+00 1.503889210e-02 4.587148700e-05 5.467472260e-03 1.483070030e-02 4.935047140e-05 6.292355300e-03 2.081917590e-04 -3.478984350e-06 -8.248830410e-04
1.074506000e+00 1.421846610e-01 7.914685800e-06 -1.959463090e-02 1.419713010e-01 1.139426640e-05 -1.877176120e-02 2.133604200e-04 -3.479580630e-06 -8.228697410e-04
1.075099000e+00 1.600230560e-01 -9.049104180e-05 -2.340070040e-02 1.598025600e-01 -8.696348730e-05 -2.257990180e-02 2.204952290e-04 -3.527554480e-06 -8.207986140e-04
1.075693000e+00 9.531597430e-02 1.251248670e-04 -9.049960700e-03 9.510093740e-02 1.285939820e-04 -8.234201530e-03 2.150369430e-04 -3.469114900e-06 -8.157591700e-04
1.076287000e+00 7.121657090e-02 1.770409080e-05 -5.827978140e-03 7.100881790e-02 2.116738830e-05 -5.016095150e-03 2.077530370e-04 -3.463297450e-06 -8.118829970e-04
1.076880000e+00 3.018948280e-02 -5.049357700e-06 1.195203160e-03 2.999575130e-02 -1.581809310e-06 2.005375110e-03 1.937314930e-04 -3.467548390e-06 -8.101719500e-04
1.077474000e+00 9.232955150e-02 1.048144580e-04 -1.215860830e-02 9.213637350e-02 1.082325910e-04 -1.135159430e-02 1.931779870e-04 -3.418133210e-06 -8.070140600e-04
1.078067000e+00 1.357326190e-01 3.755732940e-05 -1.818967430e-02 1.355333980e-01 4.095717890e-05 -1.738800180e-02 1.992209420e-04 -3.399849530e-06 -8.016724540e-04
1.078661000e+00 5.903903490e-02 1.982334120e-05 -5.938100310e-03 5.885204610e-02 2.321196260e-05 -5.130795110e-03 1.869887830e-04 -3.388621450e-06 -8.073052000e-04
1.079279000e+00 6.889854560e-02 5.098301400e-05 -9.029149350e-03 6.871982640e-02 5.434535910e-05 -8.219379040e-03 1.787192340e-04 -3.362345060e-06 -8.097703060e-04
1.079897000e+00 1.175838930e-01 1.036637990e-04 -1.094375450e-02 1.173980540e-01 1.069770560e-04 -1.015206500e-02 1.858386900e-04 -3.313256420e-06 -7.916895240e-04
1.080516000e+00 7.631593050e-02 6.900212820e-05 -7.114712750e-03 7.613666170e-02 7.228008010e-05 -6.324144660e-03 1.792687560e-04 -3.277951880e-06 -7.905680900e-04
1.081134000e+00 3.450701060e-02 3.723715240e-05 -3.454561810e-03 3.434191640e-02 4.048869880e-05 -2.655898790e-03 1.650941670e-04 -3.251546450e-06 -7.986630170e-04
1.081752000e+00 1.071296940e-01 3.305061550e-05 -1.104815230e-02 1.069600540e-01 3.627718210e-05 -1.026409370e-02 1.696402560e-04 -3.226566590e-06 -7.840585610e-04
1.082371000e+00 1.127087650e-01 -1.738299830e-06 -1.420890990e-02 1.125375410e-01 1.476331950e-06 -1.343275040e-02 1.712236770e-04 -3.214631780e-06 -7.761595030e-04
1.082989000e+00 9.851240980e-02 1.271012670e-04 -1.633678960e-02 9.834363910e-02 1.302405510e-04 -1.555177590e-02 1.687707150e-04 -3.139283970e-06 -7.850136340e-04
1.083607000e+00 4.470006100e-02 -1.868847930e-06 -6.207106700e-04 4.454280490e-02 1.253983200e-06 1.608787390e-04 1.572560540e-04 -3.122831130e-06 -7.815894090e-04
1.084226000e+00 1.900180130e-02 5.872668490e-05 3.737567390e-03 1.885846540e-02 6.180146040e-05 4.513862500e-03 1.433359700e-04 -3.074775460e-06 -7.762951140e-04
1.084888000e+00 1.096668520e-01 -3.746312650e-05 -1.479464730e-02 1.095155990e-01 -3.439220570e-05 -1.403067130e-02 1.512530040e-04 -3.070920780e-06 -7.639760010e-04
1.085550000e+00 8.680024520e-02 -1.653588530e-05 -1.202855280e-02 8.665008170e-02 -1.347930800e-05 -1.126831640e-02 1.501634610e-04 -3.056577360e-06 -7.602363590e-04
1.086213000e+00 6.014881850e-02 5.679159890e-05 -8.914569050e-03 6.000649990e-02 5.979635530e-05 -8.148796180e-03 1.423185890e-04 -3.004756450e-06 -7.657728740e-04
1.086875000e+00 5.799322560e-02 4.783535440e-05 -6.709278320e-03 5.785562680e-02 5.078822490e-05 -5.946802860e-03 1.375988520e-04 -2.952870550e-06 -7.624754660e-04
1.087538000e+00 4.776487220e-02 5.030755490e-06 -3.520799590e-03 4.763310060e-02 7.953303600e-06 -2.762688950e-03 1.317715890e-04 -2.922548110e-06 -7.581106400e-04
1.088200000e+00 3.742702300e-02 2.538823500e-05 -7.157892520e-04 3.730261830e-02 2.827119520e-05 3.673394030e-05 1.244047080e-04 -2.882960180e-06 -7.525231920e-04
1.088863000e+00 5.865378250e-02 1.371923240e-05 -5.151288810e-03 5.853339780e-02 1.656964320e-05 -4.402414530e-03 1.203846230e-04 -2.850410810e-06 -7.488742820e-04
1.089525000e+00 6.052278350e-02 2.510794560e-05 -6.963889750e-03 6.040681170e-02 2.792201620e-05 -6.218749090e-03 1.159718340e-04 -2.814070630e-06 -7.451406540e-04
1.090188000e+00 2.908540970e-02 3.489075330e-06 6.004963630e-05 2.897690550e-02 6.277609780e-06 7.998681660e-04 1.085041970e-04 -2.788534460e-06 -7.398185300e-04
1.090850000e+00 6.987682180e-02 1.222055870e-05 -1.011573040e-02 6.977130500e-02 1.498214930e-05 -9.379367130e-03 1.055168170e-04 -2.761590640e-06 -7.363633120e-04
1.091513000e+00 5.809058570e-02 4.540867670e-05 -8.699795280e-03 5.798940060e-02 4.812772840e-05 -7.964473560e-03 1.011850520e-04 -2.719051700e-06 -7.353217240e-04
1.092175000e+00 2.932128310e-02 5.672620880e-05 -4.615189370e-03 2.922883030e-02 5.939982940e-05 -3.873734190e-03 9.245270910e-05 -2.673620540e-06 -7.414551750e-04
1.092838000e+00 7.905531720e-02 8.637552760e-05 -1.125195980e-02 7.895891430e-02 8.898506250e-05 -1.052041550e-02 9.640288790e-05 -2.609534820e-06 -7.315442330e-04
1.093500000e+00 6.864943530e-02 5.702004580e-05 -8.530997100e-03 6.855267470e-02 5.958349930e-05 -7.810055580e-03 9.676058350e-05 -2.563453490e-06 -7.209415220e-04
1.094223000e+00 -2.515197610e-02 1.656912200e-05 1.064904450e-02 -2.522703100e-02 1.910784840e-05 1.136615220e-02 7.505497420e-05 -2.538726350e-06 -7.171076900e-04
1.094946000e+00 7.572716940e-02 3.465941260e-05 -1.313593380e-02 7.564824670e-02 3.716215180e-05 -1.242189530e-02 7.892270140e-05 -2.502739170e-06 -7.140384870e-04
1.095670000e+00 7.097978010e-02 -1.409891480e-05 -1.229732690e-02 7.090009890e-02 -1.160127540e-05 -1.158715970e-02 7.968117860e-05 -2.497639340e-06 -7.101672680e-04
1.096393000e+00 1.182795940e-02 1.059820570e-05 3.339532940e-03 1.175821230e-02 1.307494820e-05 4.043549220e-03 6.974708520e-05 -2.476742530e-06 -7.040162800e-04
1.097116000e+00 4.399978260e-02 6.195236120e-05 -5.674567310e-03 4.393425310e-02 6.438196930e-05 -4.974766650e-03 6.552948110e-05 -2.429608110e-06 -6.998006630e-04
1.097839000e+00 4.039532820e-02 -3.166416790e-05 -6.455756010e-03 4.033600100e-02 -2.922362060e-05 -5.754496430e-03 5.932723000e-05 -2.440547330e-06 -7.012595760e-04
1.098563000e+00 4.107503060e-02 2.815717590e-05 -9.373279900e-03 4.102122480e-02 3.057696610e-05 -8.669286250e-03 5.380579120e-05 -2.419790160e-06 -7.039936540e-04
1.099286000e+00 7.933980530e-02 -7.996640340e-05 -1.237403390e-02 7.927816390e-02 -7.750356830e-05 -1.168506480e-02 6.164138390e-05 -2.462835040e-06 -6.889691060e-04
1.100009000e+00 7.801764350e-03 1.479432140e-04 6.142454680e-03 7.754596090e-03 1.503158200e-04 6.823977290e-03 4.716825930e-05 -2.372606530e-06 -6.815226140e-04
1.100732000e+00 1.679291020e-02 2.119472060e-05 1.735439770e-03 1.675414380e-02 2.355551420e-05 2.412056830e-03 3.876645950e-05 -2.360793600e-06 -6.766170660e-04
1.101440000e+00 8.269651660e-02 6.528566230e-06 -1.623126500e-02 8.264998010e-02 8.883808760e-06 -1.555825540e-02 4.653651990e-05 -2.355242520e-06 -6.730095840e-04
1.102148000e+00 1.481795730e-02 2.630980970e-05 3.055651170e-04 1.477975990e-02 2.865049790e-05 9.730004460e-04 3.819734450e-05 -2.340688180e-06 -6.674353290e-04
1.102856000e+00 2.377558880e-02 2.543069330e-05 -1.494568290e-03 2.374335180e-02 2.775699760e-05 -8.317872540e-04 3.223706590e-05 -2.326304330e-06 -6.627810350e-04
1.103563000e+00 3.459827800e-02 3.160620620e-05 -5.175165040e-03 3.457003800e-02 3.391787390e-05 -4.516143870e-03 2.824001300e-05 -2.311667710e-06 -6.590211740e-04
1.104271000e+00 7.739450140e-02 3.805823800e-06 -1.576325620e-02 7.736022420e-02 6.119969800e-06 -1.511012340e-02 3.427721920e-05 -2.314146000e-06 -6.531327860e-04
1.104979000e+00 -1.816255950e-02 1.755735240e-06 9.488460970e-03 -1.818404420e-02 4.073484170e-06 1.013583280e-02 2.148470130e-05 -2.317748940e-06 -6.473717820e-04
1.105687000e+00 -1.641692370e-02 8.682990460e-06 8.412849620e-03 -1.642636100e-02 1.100247050e-05 9.056911230e-03 9.437272700e-06 -2.319480040e-06 -6.440616080e-04
1.106395000e+00 6.938722820e-02 -6.641392230e-06 -1.769698560e-02 6.937243000e-02 -4.304867250e-06 -1.704754330e-02 1.479815840e-05 -2.336524980e-06 -6.494423130e-04
1.107103000e+00 5.433192200e-02 1.371367790e-05 -8.653233080e-03 5.431271260e-02 1.605266090e-05 -8.015965760e-03 1.920937660e-05 -2.338983020e-06 -6.372673200e-04
1.107810000e+00 4.286390700e-03 2.838628060e-05 5.789600860e-03 4.272797160e-03 3.072364460e-05 6.411954380e-03 1.359354100e-05 -2.337363970e-06 -6.223535170e-04
1.108518000e+00 -6.512784530e-02 1.526581210e-06 2.470183480e-02 -6.512117640e-02 3.874791280e-06 2.530817890e-02 -6.668872300e-06 -2.348210060e-06 -6.063440600e-04
1.109226000e+00 6.852541740e-02 -5.112274150e-06 -1.887663190e-02 6.852497210e-02 -2.745221740e-06 -1.826377930e-02 4.452576650e-07 -2.367052400e-06 -6.128526190e-04
1.109934000e+00 2.608540930e-02 3.152816790e-05 -5.345476630e-03 2.608752990e-02 3.390062100e-05 -4.734577520e-03 -2.120612400e-06 -2.372453110e-06 -6.108991110e-04
1.110642000e+00 -9.387038070e-03 -1.577159260e-05 6.634148950e-03 -9.376676340e-03 -1.337036210e-05 7.237014180e-03 -1.036173350e-05 -2.401230510e-06 -6.028652290e-04
1.111350000e+00 -1.252142120e-03 1.274544000e-05 2.237634060e-03 -1.235417440e-03 1.516315950e-05 2.836043800e-03 -1.672467570e-05 -2.417719440e-06 -5.984097360e-04
1.112036000e+00 2.284991730e-02 5.934922620e-05 -5.933826900e-04 2.286587260e-02 6.176151690e-05 -2.498592060e-06 -1.595533150e-05 -2.412290690e-06 -5.908840980e-04
1.112722000e+00 3.044648980e-02 -4.511725310e-06 -4.081691240e-03 3.046096980e-02 -2.071811190e-06 -3.497969340e-03 -1.448003100e-05 -2.439914120e-06 -5.837218980e-04
1.113409000e+00 -9.661538300e-03 5.173305990e-06 4.419710750e-03 -9.639947500e-03 7.637859890e-06 4.999705110e-03 -2.159079990e-05 -2.464553900e-06 -5.799943660e-04
1.114095000e+00 -2.874440480e-02 6.385910210e-05 1.346248130e-02 -2.871527250e-02 6.631645040e-05 1.402762780e-02 -2.913230520e-05 -2.457348300e-06 -5.651464590e-04
1.114781000e+00 -2.172002890e-02 -1.841492200e-05 1.003967750e-02 -2.168425800e-02 -1.591470990e-05 1.059295790e-02 -3.577091480e-05 -2.500212090e-06 -5.532803870e-04
1.115468000e+00 5.289932200e-03 1.703683790e-05 -4.517909950e-03 5.331139670e-03 1.956338440e-05 -3.956112730e-03 -4.120747400e-05 -2.526546450e-06 -5.617972180e-04
1.116130000e+00 1.068528520e-02 1.972630510e-05 7.323555550e-04 1.072507860e-02 2.227759740e-05 1.280197790e-03 -3.979339740e-05 -2.551292300e-06 -5.478422350e-04
1.116792000e+00 -2.830483540e-03 -7.582642980e-05 4.095441910e-03 -2.790574550e-03 -7.319744040e-05 4.631064340e-03 -3.990899530e-05 -2.628989460e-06 -5.356224310e-04
1.117453000e+00 -8.281049920e-03 8.974758710e-05 -1.197909940e-03 -8.233217570e-03 9.237008650e-05 -6.542526160e-04 -4.783235740e-05 -2.622499350e-06 -5.436573270e-04
1.118115000e+00 -2.664179680e-03 -4.053898350e-06 5.980544990e-03 -2.616704850e-03 -1.386376390e-06 6.510048970e-03 -4.747483130e-05 -2.667521950e-06 -5.295039840e-04
1.118777000e+00 -1.626115930e-03 -1.095914610e-05 4.995361370e-03 -1.579162840e-03 -8.240219200e-06 5.510338220e-03 -4.695308910e-05 -2.718926950e-06 -5.149768540e-04
1.119439000e+00 -1.011136390e-03 3.690661490e-06 -3.334157220e-03 -9.577677790e-04 6.457597590e-06 -2.811672400e-03 -5.336860720e-05 -2.766936090e-06 -5.224848200e-04
1.120101000e+00 -3.794902970e-02 1.019446530e-05 1.362581800e-02 -3.788805260e-02 1.300492900e-05 1.413639420e-02 -6.097712570e-05 -2.810463710e-06 -5.105761280e-04
1.120733000e+00 -4.991496690e-02 1.373192700e-06 1.909515780e-02 -4.984733060e-02 4.230232070e-06 1.958950170e-02 -6.763632330e-05 -2.857039380e-06 -4.943439540e-04
1.121364000e+00 2.730475550e-02 -3.101242950e-05 -7.510739340e-03 2.736650840e-02 -2.808951080e-05 -7.020536890e-03 -6.175283650e-05 -2.922918720e-06 -4.902024440e-04
1.121996000e+00 5.595337760e-04 4.385283470e-05 6.664106120e-04 6.233925990e-04 4.680910510e-05 1.149945160e-03 -6.385882260e-05 -2.956270450e-06 -4.835345450e-04
1.122628000e+00 -3.839158390e-02 4.912235370e-05 1.184136400e-02 -3.831982740e-02 5.210880950e-05 1.231742710e-02 -7.175647550e-05 -2.986455800e-06 -4.760630920e-04
1.123260000e+00 -2.547998290e-02 -7.903656010e-06 7.471698930e-03 -2.540280370e-02 -4.858983840e-06 7.941792910e-03 -7.717921060e-05 -3.044672160e-06 -4.700939780e-04
1.123892000e+00 -1.012707780e-02 -3.239018810e-05 2.827876300e-03 -1.004759870e-02 -2.927324080e-05 3.291725470e-03 -7.947910370e-05 -3.116947320e-06 -4.638491640e-04
1.124523000e+00 1.321822240e-02 7.680019370e-05 -3.245454260e-03 1.329316570e-02 7.993521120e-05 -2.789508110e-03 -7.494326530e-05 -3.135017430e-06 -4.559461510e-04
1.125155000e+00 -2.839309110e-02 -6.445491350e-06 8.188647200e-03 -2.831367880e-02 -3.244325690e-06 8.637833700e-03 -7.941232270e-05 -3.201165660e-06 -4.491864950e-04
1.125787000e+00 -3.920692640e-02 -3.287932780e-05 1.119927930e-02 -3.912116340e-02 -2.959699610e-05 1.164175910e-02 -8.576298490e-05 -3.282331710e-06 -4.424797380e-04
1.126419000e+00 -5.348412720e-02 -4.233743010e-06 1.539372650e-02 -5.339035950e-02 -8.877429510e-07 1.582821250e-02 -9.376764510e-05 -3.346000060e-06 -4.344860400e-04
1.127050000e+00 -1.773768620e-02 -2.648301850e-05 4.187611780e-03 -1.764301990e-02 -2.306482340e-05 4.615345430e-03 -9.466625290e-05 -3.418195100e-06 -4.277336550e-04
1.127682000e+00 1.417532830e-02 -2.409321440e-05 -6.421035350e-03 1.426561420e-02 -2.060580990e-05 -5.998522090e-03 -9.028592030e-05 -3.487404510e-06 -4.225132600e-04
1.128314000e+00 -8.005819730e-03 6.180986630e-05 4.362232660e-03 -7.918154790e-03 6.532178710e-05 4.767764080e-03 -8.766494390e-05 -3.511920750e-06 -4.055314200e-04
1.128946000e+00 -3.384678080e-02 8.718903590e-06 1.163923810e-02 -3.375610380e-02 1.228342810e-05 1.203261490e-02 -9.067698510e-05 -3.564524520e-06 -3.933767950e-04
1.129578000e+00 -9.344503350e-02 6.869330190e-06 2.288868250e-02 -9.333442710e-02 1.048745040e-05 2.328795890e-02 -1.106064990e-04 -3.618120230e-06 -3.992764390e-04
1.130209000e+00 -1.514993920e-03 -1.268403660e-05 -5.341261130e-05 -1.411063440e-03 -9.003002600e-06 3.330998290e-04 -1.039304810e-04 -3.681033970e-06 -3.865124400e-04
1.130841000e+00 2.055530930e-02 2.308122810e-05 -4.416635280e-03 2.064823830e-02 2.681096300e-05 -4.047045360e-03 -9.292903770e-05 -3.729734900e-06 -3.695899200e-04
1.131473000e+00 -9.416097550e-02 1.676039410e-06 2.281582920e-02 -9.404813740e-02 5.466430090e-06 2.319001320e-02 -1.128380940e-04 -3.790390680e-06 -3.741840870e-04
1.132105000e+00 -5.327330990e-02 -6.344958780e-05 1.365511110e-02 -5.315500360e-02 -5.957368320e-05 1.402157480e-02 -1.183062650e-04 -3.875904650e-06 -3.664636810e-04
1.132736000e+00 -2.727596480e-02 2.271929100e-06 9.744130950e-03 -2.716147630e-02 6.203868530e-06 1.009170870e-02 -1.144885450e-04 -3.931939430e-06 -3.475777750e-04
1.133368000e+00 -8.427646350e-03 -4.842787110e-06 1.430062600e-04 -8.316477880e-03 -8.534043550e-07 4.836628450e-04 -1.111684690e-04 -3.989382750e-06 -3.406565850e-04
1.134000000e+00 -2.440203310e-02 -1.036938590e-05 4.620337230e-03 -2.429067480e-02 -6.323636010e-06 4.953915780e-03 -1.113582920e-04 -4.045749910e-06 -3.335785440e-04
1.134596000e+00 -7.013841030e-02 -1.401106510e-05 1.927853430e-02 -7.001852240e-02 -9.911653770e-06 1.960354600e-02 -1.198879430e-04 -4.099411310e-06 -3.250117070e-04
1.135191000e+00 -5.992249180e-02 -8.577673980e-06 1.564144850e-02 -5.979743250e-02 -4.428967410e-06 1.595934770e-02 -1.250593400e-04 -4.148706570e-06 -3.178991760e-04
1.135787000e+00 -5.695435130e-02 -1.476387090e-05 1.428733550e-02 -5.682414020e-02 -1.056552600e-05 1.459847610e-02 -1.302111750e-04 -4.198344910e-06 -3.111405420e-04
1.136382000e+00 -2.401934610e-02 3.354146250e-05 2.665631960e-03 -2.389148640e-02 3.776482390e-05 2.969621780e-03 -1.278597400e-04 -4.223361460e-06 -3.039898150e-04
1.136978000e+00 -2.164988530e-02 5.386923400e-06 3.517773770e-03 -2.152422840e-02 9.647735530e-06 3.813945650e-03 -1.256569480e-04 -4.260812130e-06 -2.961718860e-04
1.137574000e+00 -2.285102840e-03 -1.239266810e-04 -3.745269550e-03 -2.164504170e-03 -1.195755470e-04 -3.455737790e-03 -1.205986730e-04 -4.351133670e-06 -2.895317580e-04
1.138169000e+00 -6.697690550e-02 3.805795690e-06 1.903632280e-02 -6.684883900e-02 8.187419430e-06 1.931739590e-02 -1.280665070e-04 -4.381623740e-06 -2.810730710e-04
1.138765000e+00 -1.355087190e-01 -2.283085920e-05 3.887231770e-02 -1.353613030e-01 -1.840715790e-05 3.914613570e-02 -1.474163700e-04 -4.423701320e-06 -2.738180340e-04
1.139351000e+00 8.628958170e-03 -9.112767280e-05 -2.515577730e-03 8.764401310e-03 -8.663586760e-05 -2.256526230e-03 -1.354431340e-04 -4.491805210e-06 -2.590514970e-04
1.139936000e+00 2.224705500e-02 -3.195109450e-06 -8.830460410e-03 2.237087220e-02 1.328171170e-06 -8.585026550e-03 -1.238171870e-04 -4.523280620e-06 -2.454338590e-04
1.140532000e+00 -5.618670430e-02 1.902203280e-04 9.335184250e-03 -5.605414740e-02 1.946813490e-04 9.583897220e-03 -1.325569360e-04 -4.461021360e-06 -2.487129730e-04
1.141128000e+00 -6.773631210e-02 -2.036987880e-04 1.614423900e-02 -6.759775880e-02 -1.991131160e-04 1.638687740e-02 -1.385532400e-04 -4.585671930e-06 -2.426383850e-04
1.141714000e+00 -9.320364730e-02 -2.762260830e-05 2.916483730e-02 -9.305886780e-02 -2.300563280e-05 2.938948010e-02 -1.447795030e-04 -4.616975450e-06 -2.246428180e-04
1.142299000e+00 -4.881621980e-02 -4.153032930e-05 1.190024570e-02 -4.867250810e-02 -3.687626900e-05 1.211605460e-02 -1.437116600e-04 -4.654060270e-06 -2.158088470e-04
1.142885000e+00 -3.150961910e-02 -3.589741580e-05 5.017977610e-03 -3.136920430e-02 -3.121196320e-05 5.227035690e-03 -1.404147780e-04 -4.685452630e-06 -2.090580820e-04
1.143470000e+00 -8.212440660e-02 -2.323799770e-05 2.066959820e-02 -8.197712390e-02 -1.852971070e-05 2.087164360e-02 -1.472826580e-04 -4.708286990e-06 -2.020454220e-04
1.144056000e+00 -7.487885310e-02 -3.210260080e-05 1.798309900e-02 -7.472718140e-02 -2.736679370e-05 1.817822300e-02 -1.516717160e-04 -4.735807090e-06 -1.951239920e-04
1.144641000e+00 -3.281124070e-02 -2.595481290e-05 5.060966110e-03 -3.266382820e-02 -2.119824570e-05 5.248258830e-03 -1.474124310e-04 -4.756567210e-06 -1.872927270e-04
1.145226000e+00 -6.175837220e-02 -2.430590250e-06 1.428096470e-02 -6.160862140e-02 2.330405710e-06 1.446073460e-02 -1.497507200e-04 -4.760995960e-06 -1.797698790e-04
1.145812000e+00 -8.758188920e-02 -3.903017120e-05 2.140158580e-02 -8.742455030e-02 -3.424674990e-05 2.157473520e-02 -1.573389080e-04 -4.783421270e-06 -1.731494580e-04
1.146397000e+00 -4.905612250e-02 -4.747465790e-05 9.548416010e-03 -4.890055460e-02 -4.267105760e-05 9.714184510e-03 -1.555678590e-04 -4.803600210e-06 -1.657684990e-04
1.146983000e+00 -4.178193830e-02 -3.038913450e-05 8.404150110e-03 -4.162913660e-02 -2.557595850e-05 8.561885570e-03 -1.528016540e-04 -4.813176010e-06 -1.577354570e-04
1.147568000e+00 -8.748552010e-02 -3.525468880e-05 2.189194850e-02 -8.732548060e-02 -3.043469480e-05 2.204337450e-02 -1.600395270e-04 -4.819993990e-06 -1.514260230e-04
1.148154000e+00 -7.717909590e-02 -4.625471880e-05 1.980289930e-02 -7.701585630e-02 -4.142905300e-05 1.994517750e-02 -1.632396150e-04 -4.825665740e-06 -1.422781840e-04
1.148739000e+00 -5.442373530e-02 -3.946440530e-05 1.546343650e-02 -5.426513470e-02 -3.463876530e-05 1.558718600e-02 -1.586005890e-04 -4.825639970e-06 -1.237494940e-04
1.149338000e+00 -6.630664750e-02 -2.820512570e-05 1.423628950e-02 -6.614525450e-02 -2.338583730e-05 1.435544400e-02 -1.613929700e-04 -4.819288330e-06 -1.191544670e-04
1.149937000e+00 -7.369056510e-02 -3.107998610e-05 1.264866880e-02 -7.352225520e-02 -2.626598760e-05 1.277189430e-02 -1.683098980e-04 -4.813998570e-06 -1.232254690e-04
1.150522000e+00 -6.541402490e-02 -3.566437820e-05 1.690184510e-02 -6.524759290e-02 -3.085831800e-05 1.700969400e-02 -1.664320150e-04 -4.806060170e-06 -1.078489180e-04
1.151122000e+00 -5.701027460e-02 -3.211478200e-05 1.434165260e-02 -5.684629360e-02 -2.731822520e-05 1.443497770e-02 -1.639810270e-04 -4.796556790e-06 -9.332507910e-05
1.151721000e+00 -3.954773640e-02 -3.200943280e-05 5.502160100e-03 -3.938727080e-02 -2.722582680e-05 5.588857380e-03 -1.604655910e-04 -4.783605910e-06 -8.669728340e-05
1.152321000e+00 -6.185632990e-02 -3.181347680e-05 1.134159220e-02 -6.169365240e-02 -2.704823940e-05 1.142459940e-02 -1.626775120e-04 -4.765237380e-06 -8.300719280e-05
1.152920000e+00 -7.872156540e-02 1.033326020e-05 1.415913060e-02 -7.855178360e-02 1.505778940e-05 1.424487460e-02 -1.697818240e-04 -4.724529200e-06 -8.574402890e-05
1.153520000e+00 -1.016370180e-01 -7.384521040e-05 2.832261840e-02 -1.014615290e-01 -6.912678980e-05 2.839480520e-02 -1.754881960e-04 -4.718420600e-06 -7.218683790e-05
1.154119000e+00 -1.051371550e-01 -4.814578300e-05 3.158738570e-02 -1.049571640e-01 -4.344938210e-05 3.164365840e-02 -1.799909090e-04 -4.696400940e-06 -5.627271370e-05
1.154718000e+00 -6.984939010e-02 -1.425670540e-04 2.175742070e-02 -6.967313050e-02 -1.378498310e-04 2.179626090e-02 -1.762596280e-04 -4.717222980e-06 -3.884016700e-05
1.155318000e+00 -4.962362930e-02 5.400648930e-05 9.258071940e-03 -4.945019540e-02 5.863827220e-05 9.288861890e-03 -1.734338520e-04 -4.631782870e-06 -3.078995590e-05
1.155917000e+00 -2.304576770e-02 -3.859962640e-05 -4.924655750e-03 -2.287642710e-02 -3.401082930e-05 -4.889535740e-03 -1.693405930e-04 -4.588797070e-06 -3.512000640e-05
1.156517000e+00 -8.531806490e-02 7.122273080e-07 1.910724530e-02 -8.514323460e-02 5.238217050e-06 1.913604870e-02 -1.748302880e-04 -4.525989750e-06 -2.880349490e-05
1.157116000e+00 -1.021045360e-01 2.183998280e-05 2.545009710e-02 -1.019228560e-01 2.628703910e-05 2.547076980e-02 -1.816794650e-04 -4.447056380e-06 -2.067268750e-05
1.157716000e+00 -6.293432430e-02 -5.944260640e-05 1.541688390e-02 -6.275695050e-02 -5.504214980e-05 1.542114490e-02 -1.773737090e-04 -4.400456600e-06 -4.261020340e-06
1.158315000e+00 -7.302858170e-02 -2.343450430e-05 1.630001260e-02 -7.285089890e-02 -1.910369630e-05 1.629486880e-02 -1.776827780e-04 -4.330808010e-06 5.143746760e-06
1.158915000e+00 -9.398394780e-02 -7.112495370e-06 1.773829030e-02 -9.379758090e-02 -2.866278730e-06 1.773828820e-02 -1.863669300e-04 -4.246216640e-06 2.138841940e-09
1.159492000e+00 -8.055405130e-02 -2.108694340e-05 1.870361950e-02 -8.036804480e-02 -1.692571360e-05 1.869315970e-02 -1.860064390e-04 -4.161229880e-06 1.045979690e-05
1.160069000e+00 -6.336967720e-02 -2.950926830e-05 1.477629020e-02 -6.318768920e-02 -2.543910210e-05 1.475033680e-02 -1.819879850e-04 -4.070166180e-06 2.595342670e-05
1.160646000e+00 -1.043751010e-01 -2.869123330e-05 2.536219790e-02 -1.041865860e-01 -2.471786420e-05 2.532998350e-02 -1.885143090e-04 -3.973369120e-06 3.221432930e-05
1.161223000e+00 -1.010354040e-01 -2.143587760e-05 2.399368570e-02 -1.008419470e-01 -1.756797290e-05 2.395552350e-02 -1.934570510e-04 -3.867904740e-06 3.816214390e-05
1.161801000e+00 -4.886424230e-02 -1.087378050e-05 6.280700520e-03 -4.867589390e-02 -7.120318190e-06 6.236652860e-03 -1.883484370e-04 -3.753462340e-06 4.404766170e-05
1.162378000e+00 -7.464040950e-02 -3.610640650e-05 1.547084820e-02 -7.445110170e-02 -3.245843490e-05 1.542024930e-02 -1.893077860e-04 -3.647971550e-06 5.059885680e-05
1.162955000e+00 -1.209703820e-01 -6.582838340e-05 3.070075310e-02 -1.207722880e-01 -6.227320670e-05 3.064335990e-02 -1.980936230e-04 -3.555176770e-06 5.739315430e-05
1.163532000e+00 -7.709298350e-02 -5.067808960e-05 1.544323130e-02 -7.689550810e-02 -4.721888300e-05 1.537989820e-02 -1.974754550e-04 -3.459206670e-06 6.333314110e-05
1.164110000e+00 -6.069135300e-02 -2.998305250e-05 9.564383490e-03 -6.049703640e-02 -2.662922820e-05 9.495261820e-03 -1.943165870e-04 -3.353824270e-06 6.912166980e-05
1.164687000e+00 -6.503466810e-02 -1.635082320e-05 1.096483900e-02 -6.484217200e-02 -1.310812410e-05 1.089006140e-02 -1.924961460e-04 -3.242699070e-06 7.477757180e-05
1.165264000e+00 -7.226387250e-02 -2.171895270e-05 1.352482560e-02 -7.207198830e-02 -1.858367300e-05 1.344344720e-02 -1.918842170e-04 -3.135279680e-06 8.137832350e-05
1.165841000e+00 -1.383161070e-01 -4.931788160e-05 3.979639330e-02 -1.381158200e-01 -4.627671810e-05 3.969877800e-02 -2.002875830e-04 -3.041163440e-06 9.761536170e-05
1.166419000e+00 -1.012198140e-01 -2.847869390e-05 2.417747310e-02 -1.010171530e-01 -2.553859840e-05 2.407244390e-02 -2.026601960e-04 -2.940095490e-06 1.050292590e-04
1.166996000e+00 -3.573453110e-02 -2.313809780e-05 -3.625518590e-03 -3.553717060e-02 -2.029669400e-05 -3.723981300e-03 -1.973605200e-04 -2.841403740e-06 9.846271200e-05
1.167573000e+00 -1.066440560e-01 -2.599776860e-05 2.592063210e-02 -1.064424420e-01 -2.325439550e-05 2.581269220e-02 -2.016136230e-04 -2.743373110e-06 1.079398950e-04
1.168150000e+00 -1.419261260e-01 -2.740046490e-05 4.062811040e-02 -1.417168820e-01 -2.475779460e-05 4.050454410e-02 -2.092440500e-04 -2.642670270e-06 1.235662570e-04
1.168728000e+00 -7.482535430e-02 -3.138536080e-05 1.415885740e-02 -7.461935910e-02 -2.884463800e-05 1.403003180e-02 -2.059952450e-04 -2.540722790e-06 1.288255370e-04
1.169305000e+00 -7.535976470e-02 -2.900765130e-05 1.396648410e-02 -7.515592370e-02 -2.657215700e-05 1.383263570e-02 -2.038410190e-04 -2.435494250e-06 1.338483500e-04
1.169882000e+00 -1.238107290e-01 -2.938297650e-05 3.027745130e-02 -1.235992190e-01 -2.705247280e-05 3.013797760e-02 -2.115102500e-04 -2.330503710e-06 1.394737220e-04
1.170459000e+00 -1.047616520e-01 -3.927612440e-05 2.375126180e-02 -1.045478250e-01 -3.704581620e-05 2.360638460e-02 -2.138270670e-04 -2.230308250e-06 1.448772020e-04
1.171037000e+00 -7.348743590e-02 -2.414507810e-05 1.325871550e-02 -7.327752370e-02 -2.202292730e-05 1.310844420e-02 -2.099121600e-04 -2.122150830e-06 1.502713180e-04
1.171614000e+00 -8.020684050e-02 -2.290950160e-05 1.556642610e-02 -7.999904420e-02 -2.089323950e-05 1.541069180e-02 -2.077962800e-04 -2.016262030e-06 1.557342500e-04
1.172191000e+00 -7.485220170e-02 -2.721287890e-05 1.357998660e-02 -7.464736390e-02 -2.529781170e-05 1.341889130e-02 -2.048378180e-04 -1.915067180e-06 1.610952820e-04
1.172768000e+00 -1.209623180e-01 -2.831847930e-05 2.896811600e-02 -1.207514210e-01 -2.650196130e-05 2.880203240e-02 -2.108974960e-04 -1.816518020e-06 1.660835510e-04
1.173346000e+00 -1.235751370e-01 -2.415246070e-05 2.992187180e-02 -1.233590610e-01 -2.243307100e-05 2.975034820e-02 -2.160765550e-04 -1.719389780e-06 1.715235730e-04
1.173923000e+00 -9.900815480e-02 -2.855360820e-05 2.641181490e-02 -9.879640920e-02 -2.692784280e-05 2.622317770e-02 -2.117455290e-04 -1.625765410e-06 1.886371610e-04
1.174500000e+00 -8.896194280e-02 -2.534604160e-05 1.769249630e-02 -8.875124970e-02 -2.381196820e-05 1.750122220e-02 -2.106931090e-04 -1.534073480e-06 1.912741590e-04
1.175055000e+00 -7.468447280e-02 -2.229777020e-05 3.651562300e-03 -7.447035230e-02 -2.084996090e-05 3.478484250e-03 -2.141204900e-04 -1.447809240e-06 1.730780520e-04
1.175610000e+00 -4.513799010e-02 -2.041266750e-05 -9.627479080e-03 -4.492350360e-02 -1.904962900e-05 -9.777472460e-03 -2.144865480e-04 -1.363038420e-06 1.499933800e-04
1.176164000e+00 -1.926984240e-02 -1.959758870e-05 -2.268576490e-02 -1.905583610e-02 -1.831994590e-05 -2.280444570e-02 -2.140062660e-04 -1.277642830e-06 1.186807540e-04
1.176711000e+00 -4.069175700e-02 -1.953768670e-05 -1.194299420e-02 -4.047687860e-02 -1.834548790e-05 -1.204110670e-02 -2.148783430e-04 -1.192198780e-06 9.811247750e-05
1.177258000e+00 -4.609433670e-02 -1.369414620e-05 -8.944653920e-03 -4.587845930e-02 -1.259081690e-05 -9.024995590e-03 -2.158774440e-04 -1.103329280e-06 8.034167290e-05
1.177805000e+00 -3.260445390e-02 -1.875308190e-05 -1.687949580e-02 -3.238736540e-02 -1.773463360e-05 -1.693395180e-02 -2.170884790e-04 -1.018448270e-06 5.445599430e-05
1.178352000e+00 -3.205965750e-02 1.289275770e-05 -1.757730860e-02 -3.184100390e-02 1.381521760e-05 -1.760583010e-02 -2.186535930e-04 -9.224599510e-07 2.852149290e-05
1.178899000e+00 -2.299017300e-02 -4.357184080e-05 -2.093844710e-02 -2.277108820e-02 -4.271676170e-05 -2.094111720e-02 -2.190848230e-04 -8.550791090e-07 2.670060750e-06
1.179446000e+00 -3.175043180e-02 1.958822340e-05 -1.745046240e-02 -3.152910900e-02 2.035239560e-05 -1.742910480e-02 -2.213228420e-04 -7.641722010e-07 -2.135762170e-05
1.179985000e+00 -1.108200980e-01 -1.068925760e-05 1.296196570e-02 -1.105861480e-01 -1.000078820e-05 1.299779380e-02 -2.339500870e-04 -6.884693230e-07 -3.582809880e-05
1.180524000e+00 -5.866430380e-02 -1.114484180e-05 -7.687901340e-03 -5.842639630e-02 -1.052866170e-05 -7.630266420e-03 -2.379075170e-04 -6.161800760e-07 -5.763492440e-05
1.181062000e+00 5.142907280e-02 -7.313612640e-07 -5.120202590e-02 5.165661870e-02 -1.872596830e-07 -5.110818680e-02 -2.275458580e-04 -5.441015810e-07 -9.383917470e-05
1.181601000e+00 -7.353818670e-03 -1.072986390e-05 -2.672238280e-02 -7.127069730e-03 -1.025195380e-05 -2.660461420e-02 -2.267489370e-04 -4.779101470e-07 -1.177686250e-04
1.182140000e+00 -6.100299630e-02 -1.313281560e-05 -5.122637770e-03 -6.077120610e-02 -1.271873350e-05 -4.990324450e-03 -2.317901860e-04 -4.140821200e-07 -1.323133210e-04
1.182678000e+00 -4.967181080e-02 -4.566906300e-06 -9.489954120e-03 -4.943718180e-02 -4.215763940e-06 -9.340401690e-03 -2.346289500e-04 -3.511423610e-07 -1.495524250e-04
1.183217000e+00 -5.577652530e-02 -8.789620540e-06 -6.094632950e-03 -5.553909150e-02 -8.495871150e-06 -5.930906010e-03 -2.374338330e-04 -2.937493930e-07 -1.637269410e-04
1.183756000e+00 -2.997027100e-02 -1.030809510e-06 -2.065526830e-02 -2.973027620e-02 -7.939524220e-07 -2.046386920e-02 -2.399948130e-04 -2.368570840e-07 -1.913991260e-04
1.184295000e+00 -1.609757610e-02 -1.888038150e-05 -2.880989130e-02 -1.585475210e-02 -1.868855290e-05 -2.858433890e-02 -2.428239820e-04 -1.918286430e-07 -2.255524060e-04
1.184833000e+00 -4.659549360e-02 2.067280320e-05 -1.167206080e-02 -4.634965620e-02 2.080695290e-05 -1.142972830e-02 -2.458374290e-04 -1.341497600e-07 -2.423324880e-04
1.185362000e+00 -5.080096740e-02 -2.094152990e-06 -8.628324200e-03 -5.055280780e-02 -2.006207860e-06 -8.372234220e-03 -2.481596480e-04 -8.794513260e-08 -2.560899770e-04
1.185892000e+00 -8.097625340e-02 3.422584780e-06 -2.077846760e-03 -8.071732900e-02 3.462607260e-06 -1.798559500e-03 -2.589243480e-04 -4.002247730e-08 -2.792872600e-04
1.186421000e+00 -8.819448390e-02 -7.237071790e-06 -5.887638740e-04 -8.792480530e-02 -7.242386780e-06 -2.859448830e-04 -2.696786050e-04 5.314988020e-09 -3.028189910e-04
1.186950000e+00 -2.975363300e-03 -1.047733250e-05 -2.556878920e-02 -2.712852440e-03 -1.052438280e-05 -2.525114010e-02 -2.625108560e-04 4.705023830e-08 -3.176490710e-04
1.187479000e+00 -8.635302260e-03 1.323489020e-06 -2.389554020e-02 -8.376734820e-03 1.228277160e-06 -2.356226480e-02 -2.585674450e-04 9.521186130e-08 -3.332753180e-04
1.188009000e+00 -9.873197410e-02 -8.192166710e-06 2.940584990e-03 -9.845879040e-02 -8.336026360e-06 3.296977310e-03 -2.731836940e-04 1.438596460e-07 -3.563923210e-04
1.188538000e+00 -7.306915390e-02 -1.236586210e-05 -7.150018190e-03 -7.278723650e-02 -1.255573860e-05 -6.770702770e-03 -2.819174180e-04 1.898765190e-07 -3.793154290e-04
1.189067000e+00 2.620627290e-02 -9.150864420e-06 -3.996061340e-02 2.647921720e-02 -9.385056240e-06 -3.955825850e-02 -2.729442780e-04 2.341918200e-07 -4.023548690e-04
1.189596000e+00 -1.784166240e-02 -1.029907860e-05 -2.393008780e-02 -1.756874540e-02 -1.057796540e-05 -2.350757130e-02 -2.729169360e-04 2.788867680e-07 -4.225165570e-04
1.190126000e+00 -1.232802430e-01 -4.443399690e-06 1.463612460e-02 -1.229915700e-01 -4.771975820e-06 1.507139950e-02 -2.886728030e-04 3.285761270e-07 -4.352749060e-04
1.190655000e+00 -8.008566620e-02 -1.277531830e-05 -1.704651300e-03 -7.978936910e-02 -1.314684430e-05 -1.251770250e-03 -2.962970400e-04 3.715260280e-07 -4.528810510e-04
1.191184000e+00 -3.137269070e-02 -7.296819170e-06 -2.051700200e-02 -3.107555540e-02 -7.708804280e-06 -2.004130300e-02 -2.971353270e-04 4.119851010e-07 -4.756989710e-04
1.191713000e+00 -4.043278180e-02 -2.010494740e-05 -1.681904340e-02 -4.013246820e-02 -2.055161180e-05 -1.632216670e-02 -3.003136220e-04 4.466644110e-07 -4.968767080e-04
1.192243000e+00 -3.639939770e-02 -1.839200250e-05 -1.664716210e-02 -3.609583570e-02 -1.887415090e-05 -1.612800220e-02 -3.035619950e-04 4.821483600e-07 -5.191598250e-04
1.192772000e+00 -4.562727330e-02 -5.481824310e-05 -1.170684600e-02 -4.532043700e-02 -5.532128810e-05 -1.117109150e-02 -3.068362860e-04 5.030449710e-07 -5.357545010e-04
1.193301000e+00 -5.582637950e-02 4.132007140e-05 -6.689067350e-03 -5.551736230e-02 4.076068870e-05 -6.142434310e-03 -3.090172150e-04 5.593826960e-07 -5.466330420e-04
1.193830000e+00 -7.604500570e-02 3.970578510e-05 -3.528992680e-03 -7.572755690e-02 3.909147870e-05 -2.963496250e-03 -3.174487690e-04 6.143063790e-07 -5.654964310e-04
1.194360000e+00 -1.035969080e-01 4.921390490e-05 3.529380510e-03 -1.032652350e-01 4.854261950e-05 4.118336560e-03 -3.316727240e-04 6.712854050e-07 -5.889560540e-04
1.194876000e+00 -3.439389770e-02 -6.680882250e-06 -1.708024970e-02 -3.406370760e-02 -7.381250290e-06 -1.647606770e-02 -3.301900650e-04 7.003680350e-07 -6.041820520e-04
1.195392000e+00 2.050971020e-03 -7.486459940e-05 -2.722660650e-02 2.373179710e-03 -7.556715550e-05 -2.661130180e-02 -3.222086900e-04 7.025561830e-07 -6.153047600e-04
1.195922000e+00 -7.497013960e-02 -4.888100640e-05 -5.478288480e-03 -7.463842290e-02 -4.959426880e-05 -4.843330560e-03 -3.317167440e-04 7.132623440e-07 -6.349579180e-04
1.196451000e+00 -9.912836400e-02 -3.472007060e-05 1.612041580e-03 -9.878300410e-02 -3.545083500e-05 2.269561990e-03 -3.453598830e-04 7.307643630e-07 -6.575204080e-04
1.196967000e+00 -6.125269150e-02 -4.160425150e-05 -7.837936230e-03 -6.090417930e-02 -4.234791240e-05 -7.166943640e-03 -3.485121960e-04 7.436609060e-07 -6.709925900e-04
1.197482000e+00 -5.948546150e-02 -4.294908300e-05 -7.167158520e-03 -5.913471700e-02 -4.370276410e-05 -6.484953950e-03 -3.507445550e-04 7.536810240e-07 -6.822045730e-04
1.197997000e+00 -4.763972950e-02 -2.792678770e-05 -1.496180310e-02 -4.728580340e-02 -2.869564990e-05 -1.425951870e-02 -3.539260880e-04 7.688622150e-07 -7.022843480e-04
1.198512000e+00 -3.795501380e-02 -8.204027620e-05 -2.016288770e-02 -3.759821570e-02 -8.279826000e-05 -1.943901200e-02 -3.567980340e-04 7.579838640e-07 -7.238756650e-04
1.199028000e+00 -1.037388390e-01 -2.289207780e-05 5.952890860e-03 -1.033708800e-01 -2.366283240e-05 6.688737310e-03 -3.679584050e-04 7.707545920e-07 -7.358464490e-04
1.199543000e+00 -1.132524380e-01 -1.040656670e-06 9.570701510e-03 -1.128731060e-01 -1.832959330e-06 1.031790050e-02 -3.793317960e-04 7.923026590e-07 -7.471990120e-04
1.200058000e+00 5.894025650e-04 -4.444546720e-05 -3.312451030e-02 9.631298520e-04 -4.523726900e-05 -3.235605330e-02 -3.737272870e-04 7.918017360e-07 -7.684569610e-04
1.200573000e+00 3.230776550e-03 4.144093840e-05 -3.341368570e-02 3.599894710e-03 4.061336560e-05 -3.262465640e-02 -3.691181600e-04 8.275727790e-07 -7.890293050e-04
1.201089000e+00 -1.056435290e-01 -5.018906870e-05 6.491153180e-03 -1.052624050e-01 -5.101618110e-05 7.291352840e-03 -3.811242510e-04 8.271123680e-07 -8.001996580e-04
1.201604000e+00 -1.073321000e-01 6.750609940e-05 7.814002330e-03 -1.069403920e-01 6.663114240e-05 8.625590470e-03 -3.917086430e-04 8.749569880e-07 -8.115881380e-04
1.202119000e+00 -1.062187780e-01 9.127537390e-06 6.139762070e-03 -1.058169040e-01 8.233610300e-06 6.964025170e-03 -4.018741660e-04 8.939270870e-07 -8.242630950e-04
1.202634000e+00 -1.076052920e-01 2.144415600e-05 6.690781960e-03 -1.071939870e-01 2.052702610e-05 7.527946690e-03 -4.113044320e-04 9.171299090e-07 -8.371647310e-04
1.203150000e+00 -4.414901160e-02 -3.014161280e-05 -1.627700840e-02 -4.373708460e-02 -3.105852330e-05 -1.542039020e-02 -4.119269180e-04 9.169104660e-07 -8.566182150e-04
1.203665000e+00 -4.486294160e-02 -2.304585820e-06 -1.730483110e-02 -4.444894040e-02 -3.229709760e-06 -1.642977330e-02 -4.140012430e-04 9.251239450e-07 -8.750578310e-04
1.204180000e+00 -7.112771090e-02 2.046776150e-05 -6.114823550e-03 -7.070976100e-02 1.952706710e-05 -5.228579740e-03 -4.179499340e-04 9.406944370e-07 -8.862438070e-04
1.204695000e+00 -6.280060180e-02 -1.468115230e-05 -8.990208250e-03 -6.237925950e-02 -1.562387420e-05 -8.091399380e-03 -4.213423010e-04 9.427218520e-07 -8.988088650e-04
1.205211000e+00 -3.983866890e-02 1.267367710e-05 -2.054760990e-02 -3.941548890e-02 1.171773010e-05 -1.962836430e-02 -4.231799670e-04 9.559470180e-07 -9.192455830e-04
1.205726000e+00 -5.709098970e-02 3.896714990e-06 -1.288397710e-02 -5.666401070e-02 2.931620370e-06 -1.194805020e-02 -4.269790000e-04 9.650946200e-07 -9.359269410e-04
1.206241000e+00 -1.332190510e-01 -1.797720510e-05 1.796215410e-02 -1.327802470e-01 -1.894622800e-05 1.890022130e-02 -4.388037110e-04 9.690228930e-07 -9.380672430e-04
1.206756000e+00 -1.172717640e-01 6.202761960e-06 1.238798170e-02 -1.168238290e-01 5.219782320e-06 1.333300190e-02 -4.479342910e-04 9.829796390e-07 -9.450202100e-04
1.207271000e+00 -9.928962630e-02 -2.030047040e-07 -5.723163590e-04 -9.883190440e-02 -1.194940060e-06 3.934793850e-04 -4.577218540e-04 9.919353510e-07 -9.657957440e-04
1.207787000e+00 -8.436036280e-02 1.117798160e-06 -2.430060260e-03 -8.389671790e-02 1.184520250e-07 -1.448009010e-03 -4.636448350e-04 9.993461370e-07 -9.820512520e-04
1.208302000e+00 -2.413392980e-03 -1.401915710e-05 -2.687584260e-02 -1.959676470e-03 -1.501704030e-05 -2.588386110e-02 -4.537165030e-04 9.978832860e-07 -9.919815300e-04
1.208817000e+00 -4.716518860e-02 7.812785050e-06 -1.434074950e-02 -4.671081110e-02 6.808912380e-06 -1.333624210e-02 -4.543774640e-04 1.003872670e-06 -1.004507340e-03
1.209332000e+00 -1.650395250e-01 8.305260010e-06 2.096224120e-02 -1.645627570e-01 7.293407040e-06 2.198587880e-02 -4.767674060e-04 1.011852970e-06 -1.023637660e-03
1.209848000e+00 -1.262425420e-01 2.381320020e-05 9.476602370e-03 -1.257542170e-01 2.278970180e-05 1.051444600e-02 -4.883250880e-04 1.023498390e-06 -1.037843590e-03
1.210363000e+00 -8.055584020e-02 2.475739550e-05 1.007130120e-03 -8.006848580e-02 2.372990440e-05 2.046103440e-03 -4.873543910e-04 1.027491090e-06 -1.038973320e-03
1.210878000e+00 -7.285828040e-02 -3.583795000e-05 -7.641608070e-03 -7.236888080e-02 -3.684621070e-05 -6.592695550e-03 -4.893995210e-04 1.008260770e-06 -1.048912530e-03
1.211393000e+00 -3.578267830e-02 6.664986830e-05 -2.403954190e-02 -3.529324660e-02 6.561478310e-05 -2.296841400e-02 -4.894317210e-04 1.035085280e-06 -1.071127960e-03
1.211909000e+00 -7.907359400e-02 -1.779468440e-06 -5.565078100e-03 -7.857938260e-02 -2.816143320e-06 -4.481239030e-03 -4.942114280e-04 1.036674880e-06 -1.083839070e-03
1.212424000e+00 -1.498432140e-01 -1.071854920e-04 2.310308990e-02 -1.493374260e-01 -1.081856630e-04 2.418699000e-02 -5.057886780e-04 1.000171130e-06 -1.083900100e-03
1.212939000e+00 -1.164641900e-01 7.717963630e-05 8.682480360e-03 -1.159505320e-01 7.614437940e-05 9.776096220e-03 -5.136580690e-04 1.035256830e-06 -1.093615860e-03
1.213454000e+00 -9.873474780e-02 -1.256223480e-05 -3.049702700e-03 -9.821286360e-02 -1.358851410e-05 -1.934536300e-03 -5.218841400e-04 1.026279300e-06 -1.115166400e-03
1.213970000e+00 -9.541674400e-02 -2.058739940e-06 -6.456157820e-04 -9.488988620e-02 -3.081557470e-06 4.812005900e-04 -5.268578590e-04 1.022817530e-06 -1.126816370e-03
1.214485000e+00 -8.563175270e-02 -1.358174520e-05 1.787279860e-03 -8.510540080e-02 -1.460192980e-05 2.914437270e-03 -5.263518420e-04 1.020184570e-06 -1.127157420e-03
1.215000000e+00 -9.815477420e-02 1.905055080e-05 -3.925069600e-04 -9.762323160e-02 1.802047140e-05 7.458690540e-04 -5.315426040e-04 1.030079410e-06 -1.138376010e-03
1.215500000e+00 -1.092310570e-01 3.452420680e-06 -8.729018760e-04 -1.086895020e-01 2.417266640e-06 2.862753510e-04 -5.415554000e-04 1.035154040e-06 -1.159177230e-03
1.216000000e+00 -1.017096010e-01 5.798934970e-05 1.545936920e-03 -1.011634500e-01 5.692945940e-05 2.715247910e-03 -5.461516500e-04 1.059890310e-06 -1.169310990e-03
1.216500000e+00 -8.194707860e-02 -3.629506180e-05 -9.420177780e-04 -8.140171750e-02 -3.734132130e-05 2.288628840e-04 -5.453610570e-04 1.046259520e-06 -1.170880660e-03
1.217000000e+00 -1.017934030e-01 -9.234622820e-05 3.150340290e-03 -1.012435940e-01 -9.335653090e-05 4.328453290e-03 -5.498091820e-04 1.010302650e-06 -1.178113000e-03
1.217500000e+00 -1.200975480e-01 8.223495350e-05 8.956005710e-03 -1.195396490e-01 8.119005200e-05 1.014403670e-02 -5.578992580e-04 1.044901580e-06 -1.188031010e-03
1.218000000e+00 -1.069344980e-01 1.264199880e-05 9.494942690e-03 -1.063706640e-01 1.158908460e-05 1.069118050e-02 -5.638337870e-04 1.052914240e-06 -1.196237840e-03
1.218500000e+00 -1.205263700e-01 3.709430600e-06 8.327752170e-03 -1.199548900e-01 2.652109540e-06 9.534912880e-03 -5.714792500e-04 1.057321070e-06 -1.207160710e-03
1.219000000e+00 -1.216725730e-01 4.542034990e-06 8.720533230e-03 -1.210942670e-01 3.479481890e-06 9.937452560e-03 -5.783062360e-04 1.062553100e-06 -1.216919330e-03
1.219500000e+00 -1.215862790e-01 -4.122788290e-06 8.408396200e-03 -1.210010960e-01 -5.189028320e-06 9.633953920e-03 -5.851830650e-04 1.066240030e-06 -1.225557710e-03
1.220000000e+00 -9.974965910e-02 1.099035530e-05 -1.332781140e-04 -9.916050190e-02 9.913627790e-06 1.102522000e-03 -5.891571870e-04 1.076727460e-06 -1.235800110e-03
1.220500000e+00 -5.613652580e-02 6.053356830e-05 -1.410395590e-02 -5.555034600e-02 5.942462150e-05 -1.285560460e-02 -5.861797910e-04 1.108946800e-06 -1.248351250e-03
1.221000000e+00 -1.036658270e-01 -5.880232280e-05 3.007564900e-03 -1.030748470e-01 -5.989522280e-05 4.263776780e-03 -5.909796480e-04 1.092899950e-06 -1.256211890e-03
1.221500000e+00 -2.017767320e-01 -4.705859430e-05 3.810335910e-02 -2.011679740e-01 -4.814626740e-05 3.935883970e-02 -6.087578450e-04 1.087673030e-06 -1.255480620e-03
1.221993000e+00 -1.410122360e-01 -6.551741600e-05 1.624421950e-02 -1.403959760e-01 -6.659329750e-05 1.750520150e-02 -6.162595630e-04 1.075881530e-06 -1.260981980e-03
1.222486000e+00 -5.447293400e-02 4.778214170e-05 -1.600452870e-02 -5.386114830e-02 4.667907020e-05 -1.472928820e-02 -6.117856220e-04 1.103071570e-06 -1.275240510e-03
1.222978000e+00 -9.152959320e-02 2.250210390e-05 -2.070480090e-03 -9.091611580e-02 2.138305480e-05 -7.864608170e-04 -6.134774710e-04 1.119049090e-06 -1.284019270e-03
1.223471000e+00 -1.559224360e-01 8.481574340e-05 2.224162450e-02 -1.553001120e-01 8.365871430e-05 2.352548970e-02 -6.223241430e-04 1.157029180e-06 -1.283865150e-03
1.223956000e+00 -1.349604390e-01 4.450779960e-05 1.407910870e-02 -1.343329100e-01 4.332529010e-05 1.536705830e-02 -6.275287320e-04 1.182509510e-06 -1.287949560e-03
1.224442000e+00 -6.588403560e-02 4.282515850e-05 -1.140958720e-02 -6.525947700e-02 4.161870610e-05 -1.010942880e-02 -6.245586650e-04 1.206452400e-06 -1.300158410e-03
1.224927000e+00 -8.524322320e-02 2.759994000e-05 -4.876687850e-03 -8.461774120e-02 2.637717860e-05 -3.566449090e-03 -6.254819590e-04 1.222761370e-06 -1.310238760e-03
1.225412000e+00 -1.772402790e-01 3.245536920e-05 2.440131390e-02 -1.765999570e-01 3.121436210e-05 2.571996110e-02 -6.403220960e-04 1.241007140e-06 -1.318647210e-03
1.225897000e+00 -1.676414010e-01 1.161563450e-05 2.142585460e-02 -1.669893740e-01 1.035981330e-05 2.275305850e-02 -6.520273380e-04 1.255821190e-06 -1.327203990e-03
1.226383000e+00 -1.411845480e-01 1.076201190e-05 1.573245010e-02 -1.405273500e-01 9.493628570e-06 1.706326930e-02 -6.571979280e-04 1.268383340e-06 -1.330819260e-03
1.226860000e+00 -1.464149990e-01 3.783040620e-05 1.674284220e-02 -1.457521050e-01 3.654326740e-05 1.807763450e-02 -6.628937770e-04 1.287138770e-06 -1.334792330e-03
1.227337000e+00 -8.915815540e-02 3.037973550e-05 -1.096013340e-03 -8.849801140e-02 2.907923430e-05 2.419887810e-04 -6.601439980e-04 1.300501160e-06 -1.338002120e-03
1.227815000e+00 -7.690591850e-02 9.187490110e-06 -4.419221150e-03 -7.625009840e-02 7.880889710e-06 -3.079137770e-03 -6.558201060e-04 1.306600400e-06 -1.340083390e-03
1.228292000e+00 -1.643572600e-01 2.247312110e-05 1.923235720e-02 -1.636898190e-01 2.114974190e-05 2.058170220e-02 -6.674408680e-04 1.323379210e-06 -1.349345010e-03
1.228769000e+00 -1.921382030e-01 2.549323860e-05 2.588637830e-02 -1.914545770e-01 2.414846960e-05 2.724825190e-02 -6.836253190e-04 1.344768940e-06 -1.361873590e-03
1.229247000e+00 -1.189593900e-01 -1.074014790e-05 8.101701410e-03 -1.182754480e-01 -1.209165390e-05 9.467891570e-03 -6.839423430e-04 1.351505970e-06 -1.366190160e-03
1.229724000e+00 -7.667869500e-02 1.406410540e-05 -3.317716050e-03 -7.600107360e-02 1.269763660e-05 -1.950545890e-03 -6.776213690e-04 1.366468810e-06 -1.367170160e-03
1.230201000e+00 -1.262666390e-01 -2.754692420e-05 1.214550500e-02 -1.255858040e-01 -2.891655020e-05 1.351563420e-02 -6.808347590e-04 1.369625940e-06 -1.370129160e-03
1.230679000e+00 -1.544230820e-01 5.125700840e-05 1.906414450e-02 -1.537355950e-01 4.985721600e-05 2.043900980e-02 -6.874862380e-04 1.399792410e-06 -1.374865330e-03
1.231156000e+00 -1.655282040e-01 -7.350724100e-06 2.222334260e-02 -1.648330090e-01 -8.763787290e-06 2.360156770e-02 -6.951944520e-04 1.413063190e-06 -1.378225080e-03
1.231633000e+00 -1.992146120e-01 1.506700860e-05 3.264333860e-02 -1.985073430e-01 1.363171160e-05 3.402242610e-02 -7.072690690e-04 1.435296970e-06 -1.379087530e-03
1.232111000e+00 -1.694692860e-01 1.724276070e-05 2.226643270e-02 -1.687545510e-01 1.578285930e-05 2.365081100e-02 -7.147351090e-04 1.459901330e-06 -1.384378250e-03
1.232579000e+00 -1.342138000e-01 6.796457660e-05 5.317760050e-03 -1.334950470e-01 6.646194740e-05 6.716816560e-03 -7.187536890e-04 1.502629170e-06 -1.399056500e-03
1.233046000e+00 -1.315077730e-01 -5.899589500e-05 7.933198440e-03 -1.307858810e-01 -6.049343530e-05 9.340438790e-03 -7.218915330e-04 1.497540280e-06 -1.407240340e-03
1.233514000e+00 -1.046989730e-01 -1.538388010e-04 1.201031820e-02 -1.039827070e-01 -1.553035050e-04 1.340939940e-02 -7.162656490e-04 1.464703450e-06 -1.399081190e-03
1.233982000e+00 -1.165698620e-01 5.057247690e-05 9.833232590e-03 -1.158559470e-01 4.907543500e-05 1.122887930e-02 -7.139151730e-04 1.497041920e-06 -1.395646710e-03
1.234460000e+00 -1.801646890e-01 6.246944410e-05 2.040025350e-02 -1.794378200e-01 6.092770220e-05 2.180837260e-02 -7.268691610e-04 1.541741900e-06 -1.408119070e-03
1.234928000e+00 -1.876641150e-01 -8.307013410e-06 2.111713360e-02 -1.869249220e-01 -9.864777790e-06 2.253857850e-02 -7.391927710e-04 1.557764390e-06 -1.421444880e-03
1.235395000e+00 -1.511173310e-01 1.999699120e-05 1.838489740e-02 -1.503757500e-01 1.841242100e-05 1.980392770e-02 -7.415810310e-04 1.584570200e-06 -1.419030340e-03
1.235863000e+00 -1.396924580e-01 4.042447350e-05 1.922620400e-02 -1.389503720e-01 3.880876510e-05 2.063892560e-02 -7.420860780e-04 1.615708460e-06 -1.412721670e-03
1.236330000e+00 -1.556860030e-01 1.227914850e-05 1.823493390e-02 -1.549402720e-01 1.064367440e-05 1.965080760e-02 -7.457313150e-04 1.635474100e-06 -1.415873740e-03
1.236798000e+00 -1.580800330e-01 2.552993190e-05 1.826769530e-02 -1.573296490e-01 2.386837830e-05 1.968839510e-02 -7.503842210e-04 1.661553590e-06 -1.420699780e-03
1.237265000e+00 -1.458760980e-01 -4.611453020e-05 1.306600110e-02 -1.451223890e-01 -4.777743130e-05 1.449354730e-02 -7.537094690e-04 1.662901170e-06 -1.427546150e-03
1.237733000e+00 -1.218316650e-01 -1.116246410e-04 4.042593880e-03 -1.210763650e-01 -1.132722140e-04 5.481407400e-03 -7.553001120e-04 1.647573780e-06 -1.438813520e-03
1.238200000e+00 -1.453181350e-01 3.836565600e-05 1.359021250e-02 -1.445593660e-01 3.668583810e-05 1.503365800e-02 -7.587692020e-04 1.679817890e-06 -1.443445540e-03
1.238668000e+00 -1.647586930e-01 -4.180614680e-06 2.312117430e-02 -1.639962790e-01 -5.880169760e-06 2.456100890e-02 -7.624138700e-04 1.699555080e-06 -1.439834590e-03
1.239136000e+00 -1.701749810e-01 -2.455653330e-05 2.316126340e-02 -1.694080300e-01 -2.627045630e-05 2.459980810e-02 -7.669508700e-04 1.713923060e-06 -1.438544720e-03
1.239603000e+00 -2.239918960e-01 9.857845500e-06 4.059293650e-02 -2.232139690e-01 8.115541560e-06 4.202709050e-02 -7.779262470e-04 1.742303940e-06 -1.434154020e-03
1.240071000e+00 -2.121315460e-01 -5.984545240e-05 3.815010560e-02 -2.113455750e-01 -6.159324800e-05 3.958148000e-02 -7.859701120e-04 1.747795640e-06 -1.431374360e-03
1.240538000e+00 -8.671568510e-02 -1.267201820e-04 -7.698194690e-03 -8.593565980e-02 -1.284490530e-04 -6.253415950e-03 -7.800252540e-04 1.728870940e-06 -1.444778730e-03
1.241006000e+00 -7.595820870e-02 -1.345950150e-04 -1.078542290e-02 -7.518330380e-02 -1.362982800e-04 -9.327708590e-03 -7.749048360e-04 1.703264740e-06 -1.457714300e-03
1.241473000e+00 -1.958364930e-01 -2.962795290e-05 3.165731400e-02 -1.950524350e-01 -3.134918340e-05 3.311181620e-02 -7.840575980e-04 1.721230550e-06 -1.454502230e-03
1.241941000e+00 -2.211174760e-01 1.703998210e-05 3.910992110e-02 -2.203228360e-01 1.528106410e-05 4.055968940e-02 -7.946395600e-04 1.758918010e-06 -1.449768260e-03
1.242408000e+00 -1.754153220e-01 -2.342225870e-06 2.431707960e-02 -1.746174570e-01 -4.127881360e-06 2.576592670e-02 -7.978642810e-04 1.785655490e-06 -1.448847170e-03
1.242876000e+00 -1.608364450e-01 -3.408128410e-05 2.046394300e-02 -1.600377980e-01 -3.587942190e-05 2.191164300e-02 -7.986479020e-04 1.798137820e-06 -1.447699910e-03
1.243344000e+00 -1.929482510e-01 9.738594760e-05 2.707087200e-02 -1.921431990e-01 9.552672910e-05 2.852058740e-02 -8.050516790e-04 1.859218470e-06 -1.449715400e-03
1.243811000e+00 -2.207970180e-01 -4.309070150e-05 3.215871880e-02 -2.199807990e-01 -4.496033160e-05 3.361378300e-02 -8.162185600e-04 1.869630030e-06 -1.455064270e-03
1.244279000e+00 -1.808118320e-01 1.064356040e-05 2.301644580e-02 -1.799922250e-01 8.741060430e-06 2.447373560e-02 -8.196069590e-04 1.902499950e-06 -1.457289760e-03
1.244746000e+00 -1.171126990e-01 -4.907483320e-05 9.082869050e-03 -1.163007420e-01 -5.099162630e-05 1.053752720e-02 -8.119563980e-04 1.916793090e-06 -1.454658150e-03
1.245214000e+00 -1.415261490e-01 -2.009248820e-06 1.113740800e-02 -1.407148880e-01 -3.953308790e-06 1.259261820e-02 -8.112613680e-04 1.944059970e-06 -1.455210250e-03
1.245681000e+00 -2.136068060e-01 -4.494729860e-05 3.130344560e-02 -2.127843460e-01 -4.690433220e-05 3.276327880e-02 -8.224594140e-04 1.957033600e-06 -1.459833250e-03
1.246149000e+00 -2.053553060e-01 3.924315960e-05 3.040237330e-02 -2.045250300e-01 3.724508310e-05 3.186545510e-02 -8.302750560e-04 1.998076480e-06 -1.463081750e-03
1.246616000e+00 -1.673932120e-01 1.180832820e-06 2.357488500e-02 -1.665621140e-01 -8.427485940e-07 2.503607010e-02 -8.310977410e-04 2.023581420e-06 -1.461185130e-03
1.247084000e+00 -1.697402560e-01 -9.219587950e-06 2.097026210e-02 -1.689077660e-01 -1.126520090e-05 2.243082180e-02 -8.324903590e-04 2.045612900e-06 -1.460559740e-03
1.247552000e+00 -2.184956150e-01 -3.624929070e-05 3.584870840e-02 -2.176552680e-01 -3.830654620e-05 3.730707560e-02 -8.403476540e-04 2.057255470e-06 -1.458367230e-03
1.248019000e+00 -2.308508510e-01 -5.154932600e-05 3.866819150e-02 -2.300008220e-01 -5.361354490e-05 4.012410080e-02 -8.500292490e-04 2.064218900e-06 -1.455909300e-03
1.248487000e+00 -1.623608310e-01 -9.597531690e-05 1.685998490e-02 -1.615128330e-01 -9.802655220e-05 1.831598270e-02 -8.479979290e-04 2.051235300e-06 -1.455997800e-03
1.248954000e+00 -1.110986020e-01 -2.530495410e-05 4.105440590e-03 -1.102587930e-01 -2.736755860e-05 5.561025830e-03 -8.398089730e-04 2.062604470e-06 -1.455585250e-03
1.249422000e+00 -1.741545250e-01 -6.779831040e-05 2.059880700e-02 -1.733108630e-01 -6.985710170e-05 2.205638690e-02 -8.436620450e-04 2.058791300e-06 -1.457579820e-03
1.249889000e+00 -2.147282980e-01 -1.084672710e-05 2.876252910e-02 -2.138749970e-01 -1.292300600e-05 3.022650030e-02 -8.533006020e-04 2.076278920e-06 -1.463971240e-03
1.250357000e+00 -2.251033230e-01 -2.222656700e-06 3.500568460e-02 -2.242421620e-01 -4.319539590e-06 3.646949940e-02 -8.611616880e-04 2.096882890e-06 -1.463814810e-03
1.250824000e+00 -2.684199970e-01 -5.771086580e-05 5.122613860e-02 -2.675476000e-01 -5.980833040e-05 5.268075500e-02 -8.723970450e-04 2.097464670e-06 -1.454616450e-03
1.251292000e+00 -2.266277080e-01 -4.448248960e-05 3.683929740e-02 -2.257503420e-01 -4.658772390e-05 3.828932690e-02 -8.773666090e-04 2.105234240e-06 -1.450029570e-03
1.251760000e+00 -1.185020630e-01 -1.299359440e-05 5.804550370e-03 -1.176349830e-01 -1.511811300e-05 7.254317650e-03 -8.670807340e-04 2.124518660e-06 -1.449767280e-03
1.252227000e+00 -1.335322110e-01 1.904316940e-05 7.474879010e-03 -1.326697390e-01 1.689008240e-05 8.924351570e-03 -8.624722070e-04 2.153086980e-06 -1.449472550e-03
1.252695000e+00 -2.378158310e-01 -2.115828690e-06 3.797454560e-02 -2.369421800e-01 -4.290694200e-06 3.942393850e-02 -8.736503150e-04 2.174865510e-06 -1.449392940e-03
1.253162000e+00 -2.335908550e-01 -4.622334190e-05 3.600949820e-02 -2.327076430e-01 -4.840243030e-05 3.745921270e-02 -8.832116950e-04 2.179088450e-06 -1.449714480e-03
1.253630000e+00 -1.723648610e-01 -3.565690470e-05 1.940233920e-02 -1.714821030e-01 -3.784455650e-05 2.085108800e-02 -8.827579250e-04 2.187651740e-06 -1.448748830e-03
1.254097000e+00 -1.691787850e-01 -3.378667820e-05 2.059147510e-02 -1.682980950e-01 -3.598230620e-05 2.203789200e-02 -8.806901380e-04 2.195628000e-06 -1.446416860e-03
1.254565000e+00 -2.251627300e-01 -1.009170780e-05 3.334870630e-02 -2.242747750e-01 -1.230761100e-05 3.479467910e-02 -8.879546890e-04 2.215903190e-06 -1.445972840e-03
1.255032000e+00 -2.638236420e-01 -3.850103120e-05 3.961797410e-02 -2.629235870e-01 -4.072914250e-05 4.106585510e-02 -9.000553360e-04 2.228111340e-06 -1.447881010e-03
1.255500000e+00 -2.110583490e-01 -4.631636450e-05 2.915823380e-02 -2.101553960e-01 -4.855177630e-05 3.060560490e-02 -9.029529330e-04 2.235411780e-06 -1.447371030e-03
1.255966000e+00 -1.823404150e-01 -7.901847080e-05 2.150357130e-02 -1.814394700e-01 -8.125076460e-05 2.294977180e-02 -9.009454150e-04 2.232293840e-06 -1.446200480e-03
1.256431000e+00 -2.071868760e-01 -9.923995640e-05 2.839374210e-02 -2.062839060e-01 -1.014611400e-04 2.983740770e-02 -9.029699940e-04 2.221183830e-06 -1.443665610e-03
1.256897000e+00 -2.131068400e-01 -2.423638710e-05 3.149105960e-02 -2.122008020e-01 -2.647202530e-05 3.292926320e-02 -9.060375760e-04 2.235638220e-06 -1.438203640e-03
1.257362000e+00 -1.991035070e-01 -9.416336690e-05 2.714282470e-02 -1.981961140e-01 -9.639081050e-05 2.857605790e-02 -9.073933810e-04 2.227443600e-06 -1.433233200e-03
1.257828000e+00 -1.879600390e-01 -4.032272430e-05 2.617312260e-02 -1.870538140e-01 -4.256235170e-05 2.759879680e-02 -9.062247840e-04 2.239627480e-06 -1.425674170e-03
1.258293000e+00 -1.848604740e-01 -4.434562560e-05 2.960791480e-02 -1.839547200e-01 -4.660085870e-05 3.102597510e-02 -9.057546130e-04 2.255233030e-06 -1.418060360e-03
1.258759000e+00 -2.234764790e-01 8.309916750e-05 3.478075860e-02 -2.225627720e-01 8.078884270e-05 3.619940160e-02 -9.137074610e-04 2.310324750e-06 -1.418643000e-03
1.259224000e+00 -2.466617280e-01 -2.698015610e-06 3.916074420e-02 -2.457393510e-01 -5.037652660e-06 4.058010190e-02 -9.223768710e-04 2.339637050e-06 -1.419357690e-03
1.259690000e+00 -1.954320780e-01 -8.048605600e-05 2.335148370e-02 -1.945098170e-01 -8.283165370e-05 2.477053770e-02 -9.222602030e-04 2.345597710e-06 -1.419054020e-03
1.260149000e+00 -1.934097010e-01 -6.371481390e-05 2.421181200e-02 -1.924884190e-01 -6.607615270e-05 2.563019570e-02 -9.212821280e-04 2.361338860e-06 -1.418383680e-03
1.260609000e+00 -2.158517380e-01 -1.295343200e-05 3.132758250e-02 -2.149286300e-01 -1.534714130e-05 3.274155330e-02 -9.231082530e-04 2.393709380e-06 -1.413970810e-03
1.261069000e+00 -2.278768310e-01 -6.644472790e-05 3.444942950e-02 -2.269503910e-01 -6.885607840e-05 3.585845360e-02 -9.264398140e-04 2.411350510e-06 -1.409024080e-03
1.261528000e+00 -2.104711820e-01 2.667439580e-05 2.984782230e-02 -2.095437510e-01 2.421398520e-05 3.125158400e-02 -9.274304230e-04 2.460410630e-06 -1.403761690e-03
1.261988000e+00 -1.939102370e-01 -1.304416360e-05 2.741936540e-02 -1.929849630e-01 -1.554070470e-05 2.881580820e-02 -9.252733560e-04 2.496541100e-06 -1.396442820e-03
1.262447000e+00 -2.079220540e-01 -1.071933330e-04 2.197128440e-02 -2.069941840e-01 -1.096941710e-04 2.336456860e-02 -9.278700640e-04 2.500838290e-06 -1.393284130e-03
1.262907000e+00 -2.685863220e-01 -1.234710960e-05 4.289431440e-02 -2.676479540e-01 -1.488325800e-05 4.428412970e-02 -9.383677320e-04 2.536148440e-06 -1.389815340e-03
1.263367000e+00 -2.609592250e-01 4.308501520e-06 4.599370850e-02 -2.600142500e-01 1.734095430e-06 4.737788810e-02 -9.449748870e-04 2.574406090e-06 -1.384179590e-03
1.263826000e+00 -1.944670460e-01 -9.038739230e-05 2.976907530e-02 -1.935248590e-01 -9.296767300e-05 3.114585980e-02 -9.421877900e-04 2.580280700e-06 -1.376784520e-03
1.264286000e+00 -2.154756400e-01 -1.355001000e-05 3.163371300e-02 -2.145340840e-01 -1.616868370e-05 3.300355260e-02 -9.415554520e-04 2.618673660e-06 -1.369839580e-03
1.264746000e+00 -1.985422970e-01 -3.899803480e-05 2.277088530e-02 -1.975997050e-01 -4.164908010e-05 2.414217120e-02 -9.425917060e-04 2.651045270e-06 -1.371285940e-03
1.265205000e+00 -2.033223640e-01 -7.501360450e-05 2.365649020e-02 -2.023784680e-01 -7.768514230e-05 2.503255810e-02 -9.438961450e-04 2.671537790e-06 -1.376067960e-03
1.265665000e+00 -2.510972320e-01 9.337149640e-06 4.014930980e-02 -2.501479390e-01 6.614342750e-06 4.151693890e-02 -9.492926520e-04 2.722806890e-06 -1.367629050e-03
1.266124000e+00 -3.253957210e-01 -1.019528580e-04 6.206684930e-02 -3.244362060e-01 -1.046861880e-04 6.341670070e-02 -9.595146920e-04 2.733330410e-06 -1.349851470e-03
1.266577000e+00 -2.350063900e-01 8.824943360e-05 3.556699540e-02 -2.340464690e-01 8.543294550e-05 3.691195300e-02 -9.599210100e-04 2.816488160e-06 -1.344957520e-03
1.267030000e+00 -1.326426300e-01 -5.357775160e-05 2.504480860e-03 -1.316921200e-01 -5.642433350e-05 3.857776170e-03 -9.505101240e-04 2.846581910e-06 -1.353295310e-03
1.267482000e+00 -2.039636840e-01 1.238939520e-06 2.772290010e-02 -2.030146140e-01 -1.656316150e-06 2.907370770e-02 -9.490696520e-04 2.895255670e-06 -1.350807580e-03
1.267935000e+00 -2.948031150e-01 2.006569740e-05 5.316953160e-02 -2.938444600e-01 1.711285830e-05 5.450526430e-02 -9.586558020e-04 2.952839100e-06 -1.335732700e-03
1.268388000e+00 -2.697824340e-01 -9.609928900e-06 4.451508970e-02 -2.688177950e-01 -1.261071190e-05 4.583979630e-02 -9.646382290e-04 3.000783050e-06 -1.324706520e-03
1.268840000e+00 -2.064749880e-01 -5.302589390e-05 3.015190770e-02 -2.055111600e-01 -5.606186490e-05 3.147277890e-02 -9.638282670e-04 3.035970930e-06 -1.320871200e-03
1.269293000e+00 -2.297736430e-01 6.628199270e-05 3.867426480e-02 -2.288091050e-01 6.316820030e-05 3.999049620e-02 -9.645376590e-04 3.113792430e-06 -1.316231420e-03
1.269746000e+00 -2.189477390e-01 -1.211564590e-04 2.917551400e-02 -2.179831990e-01 -1.242826650e-04 3.048705480e-02 -9.645401010e-04 3.126206090e-06 -1.311540850e-03
1.270198000e+00 -2.141845840e-01 -3.966977290e-05 3.029535460e-02 -2.132215120e-01 -4.283708680e-05 3.160031100e-02 -9.630724590e-04 3.167313820e-06 -1.304956380e-03
1.270651000e+00 -2.343227320e-01 -8.913315370e-05 3.344706900e-02 -2.333584970e-01 -9.232111140e-05 3.474743130e-02 -9.642349120e-04 3.187957680e-06 -1.300362280e-03
1.271104000e+00 -2.403171860e-01 3.848391140e-07 2.957427970e-02 -2.393495880e-01 -2.857146800e-06 3.087432550e-02 -9.675970860e-04 3.241985910e-06 -1.300045790e-03
1.271556000e+00 -2.379486030e-01 8.798878360e-05 3.188365120e-02 -2.369797400e-01 8.465982160e-05 3.317874070e-02 -9.688629900e-04 3.328962060e-06 -1.295089480e-03
1.272009000e+00 -2.313699080e-01 -1.143879290e-04 3.445151270e-02 -2.304025340e-01 -1.177247440e-04 3.573387190e-02 -9.673744840e-04 3.336815120e-06 -1.282359240e-03
1.272462000e+00 -2.300054510e-01 -1.070211840e-05 3.450607090e-02 -2.290383240e-01 -1.408457500e-05 3.577825860e-02 -9.671270070e-04 3.382456620e-06 -1.272187730e-03
1.272914000e+00 -3.052066020e-01 -1.436674800e-04 4.905812660e-02 -3.042297930e-01 -1.470532950e-04 5.032791120e-02 -9.768090080e-04 3.385815260e-06 -1.269784600e-03
1.273367000e+00 -2.971100250e-01 -1.863302060e-05 4.577126380e-02 -2.961235150e-01 -2.206599910e-05 4.703971480e-02 -9.865095060e-04 3.432978540e-06 -1.268451010e-03
1.273811000e+00 -2.178644870e-01 3.154639850e-05 3.089449870e-02 -2.168834020e-01 2.805114550e-05 3.215376430e-02 -9.810851660e-04 3.495253020e-06 -1.259265590e-03
1.274255000e+00 -1.806152130e-01 -1.244206220e-05 2.469021400e-02 -1.796446790e-01 -1.598342500e-05 2.593614640e-02 -9.705338310e-04 3.541362810e-06 -1.245932400e-03
1.274708000e+00 -2.285381430e-01 4.400798400e-05 3.368964200e-02 -2.275682760e-01 4.039963900e-05 3.492906440e-02 -9.698669940e-04 3.608344970e-06 -1.239422370e-03
1.275151000e+00 -2.356416030e-01 1.882454960e-05 3.004169700e-02 -2.346683130e-01 1.516088770e-05 3.128190090e-02 -9.732897500e-04 3.663661970e-06 -1.240203870e-03
1.275595000e+00 -2.445150130e-01 -1.176958950e-04 3.630058080e-02 -2.435397780e-01 -1.213723890e-04 3.753520280e-02 -9.752352400e-04 3.676494020e-06 -1.234622060e-03
1.276038000e+00 -2.969906410e-01 1.460118600e-05 4.987835980e-02 -2.960080670e-01 1.086493440e-05 5.110123510e-02 -9.825734780e-04 3.736251650e-06 -1.222875240e-03
1.276482000e+00 -2.948820780e-01 -1.148781010e-05 4.888095750e-02 -2.938939680e-01 -1.527154360e-05 5.009414310e-02 -9.881101420e-04 3.783733500e-06 -1.213185650e-03
1.276926000e+00 -2.043978430e-01 -1.452564690e-04 2.181428720e-02 -2.034159320e-01 -1.490423080e-04 2.302152220e-02 -9.819111660e-04 3.785839410e-06 -1.207234950e-03
1.277369000e+00 -1.821364260e-01 -1.785132940e-05 1.806085360e-02 -1.811613520e-01 -2.167996780e-05 1.926220500e-02 -9.750737990e-04 3.828638340e-06 -1.201351430e-03
1.277813000e+00 -2.252722690e-01 -1.193115010e-04 3.081334790e-02 -2.242980050e-01 -1.231493990e-04 3.200639910e-02 -9.742639550e-04 3.837898120e-06 -1.193051200e-03
1.278256000e+00 -2.299748600e-01 -6.989935080e-05 3.391796640e-02 -2.290024520e-01 -7.376558110e-05 3.509941190e-02 -9.724078990e-04 3.866230290e-06 -1.181445530e-03
1.278700000e+00 -2.841524850e-01 2.325532950e-04 4.385235710e-02 -2.831760610e-01 2.285534620e-04 4.502760060e-02 -9.764241570e-04 3.999833800e-06 -1.175243440e-03
1.279143000e+00 -3.350998510e-01 -1.900527370e-04 5.094767610e-02 -3.341101050e-01 -1.940392150e-04 5.212399100e-02 -9.897466110e-04 3.986477670e-06 -1.176314890e-03
1.279587000e+00 -2.905754090e-01 -6.620960270e-06 4.212633910e-02 -2.895810420e-01 -1.065597160e-05 4.329972160e-02 -9.943671820e-04 4.035011360e-06 -1.173382440e-03
1.280019000e+00 -1.362409710e-01 -8.768058130e-05 1.247776270e-02 -1.352638890e-01 -9.173665220e-05 1.364102260e-02 -9.770818900e-04 4.056070830e-06 -1.163259960e-03
1.280463000e+00 -1.132303410e-01 -5.538024730e-05 1.416261180e-02 -1.122696010e-01 -5.946602580e-05 1.531436090e-02 -9.607393160e-04 4.085778460e-06 -1.151749160e-03
1.280907000e+00 -2.774367530e-01 -2.025108490e-05 4.402484900e-02 -2.764687300e-01 -2.437743490e-05 4.516815250e-02 -9.680223110e-04 4.126350040e-06 -1.143303470e-03
1.281351000e+00 -3.480509950e-01 -2.520118350e-04 5.706048820e-02 -3.470691360e-01 -2.560997040e-04 5.819718800e-02 -9.818592620e-04 4.087869060e-06 -1.136699800e-03
1.281795000e+00 -2.670164800e-01 -1.672202900e-04 3.867093010e-02 -2.660330240e-01 -1.712972990e-04 3.980026720e-02 -9.834559510e-04 4.077008900e-06 -1.129337160e-03
1.282225000e+00 -2.312503620e-01 -1.667746160e-04 3.126286530e-02 -2.302702930e-01 -1.708425350e-04 3.238326720e-02 -9.800695370e-04 4.067919650e-06 -1.120401890e-03
1.282656000e+00 -2.501188720e-01 -1.728997630e-04 3.252234520e-02 -2.491395890e-01 -1.769515970e-04 3.363616600e-02 -9.792821920e-04 4.051833850e-06 -1.113820780e-03
1.283086000e+00 -2.033752160e-01 -2.387899460e-04 2.639219420e-02 -2.024018670e-01 -2.428053570e-04 2.749998170e-02 -9.733491300e-04 4.015410780e-06 -1.107787570e-03
1.283517000e+00 -2.075601330e-01 1.303814170e-04 2.506667390e-02 -2.065915230e-01 1.262849380e-04 2.616885750e-02 -9.686090560e-04 4.096478570e-06 -1.102183640e-03
1.283947000e+00 -2.598674060e-01 -1.016103820e-04 4.059317280e-02 -2.588983170e-01 -1.057131660e-04 4.168230140e-02 -9.690892700e-04 4.102783890e-06 -1.089128540e-03
1.284377000e+00 -2.849796950e-01 -8.596421970e-05 4.785535470e-02 -2.840099720e-01 -9.007603360e-05 4.892686960e-02 -9.697231420e-04 4.111813840e-06 -1.071514860e-03
1.284808000e+00 -2.815091610e-01 -5.052948680e-05 4.552570130e-02 -2.805381570e-01 -5.465834290e-05 4.658997450e-02 -9.710041260e-04 4.128856080e-06 -1.064273220e-03
1.285238000e+00 -2.590427420e-01 -6.620156240e-05 3.013896450e-02 -2.580679210e-01 -7.034096370e-05 3.120863490e-02 -9.748210780e-04 4.139401240e-06 -1.069670350e-03
1.285669000e+00 -2.479557850e-01 -5.389227460e-05 3.224238270e-02 -2.469811800e-01 -5.804069380e-05 3.330884540e-02 -9.746045780e-04 4.148419140e-06 -1.066462650e-03
1.286099000e+00 -2.283927690e-01 9.071828920e-05 3.472389760e-02 -2.274254330e-01 8.652089730e-05 3.577445110e-02 -9.673357290e-04 4.197391950e-06 -1.050553440e-03
1.286530000e+00 -2.269017810e-01 1.125727480e-05 3.448791400e-02 -2.259407860e-01 7.036224130e-06 3.552377160e-02 -9.609945290e-04 4.221050710e-06 -1.035857560e-03
1.286960000e+00 -2.677953380e-01 1.454261840e-04 3.972982460e-02 -2.668327180e-01 1.411395900e-04 4.075865210e-02 -9.626207310e-04 4.286594230e-06 -1.028827470e-03
1.287391000e+00 -2.560004650e-01 4.269621190e-05 3.271159340e-02 -2.550345250e-01 3.837469770e-05 3.373713450e-02 -9.659398290e-04 4.321514210e-06 -1.025541170e-03
1.287821000e+00 -2.721070180e-01 4.126794020e-04 3.781318960e-02 -2.711402090e-01 4.081984530e-04 3.883234400e-02 -9.668098760e-04 4.480948960e-06 -1.019154370e-03
1.288252000e+00 -2.560702760e-01 -3.242313600e-05 3.084205150e-02 -2.551039000e-01 -3.690820280e-05 3.185553220e-02 -9.663762290e-04 4.485066770e-06 -1.013480740e-03
1.288682000e+00 -2.574088430e-01 -4.382582160e-06 3.291468660e-02 -2.564426100e-01 -8.876146700e-06 3.392185580e-02 -9.662334740e-04 4.493564540e-06 -1.007169200e-03
1.289113000e+00 -2.371120530e-01 6.399217150e-05 3.380949550e-02 -2.361502690e-01 5.947105790e-05 3.480495580e-02 -9.617833410e-04 4.521113650e-06 -9.954603570e-04
1.289543000e+00 -2.627457690e-01 1.281362520e-04 3.794906960e-02 -2.617866970e-01 1.235709250e-04 3.893299340e-02 -9.590716920e-04 4.565326750e-06 -9.839238200e-04
1.289973000e+00 -2.313682310e-01 -7.657231120e-05 3.072284630e-02 -2.304135200e-01 -8.111158050e-05 3.169971820e-02 -9.547109700e-04 4.539269230e-06 -9.768718960e-04
1.290404000e+00 -2.124521580e-01 1.564214180e-05 2.551228390e-02 -2.115046120e-01 1.110143690e-05 2.648394860e-02 -9.475457490e-04 4.540704910e-06 -9.716647440e-04
1.290834000e+00 -2.479954110e-01 3.068171470e-05 3.624692920e-02 -2.470489410e-01 2.613395890e-05 3.720959420e-02 -9.464699280e-04 4.547755840e-06 -9.626649860e-04
1.291265000e+00 -3.161721970e-01 5.296809010e-05 5.048825770e-02 -3.152190800e-01 4.840776030e-05 5.143849840e-02 -9.531173240e-04 4.560329810e-06 -9.502406180e-04
1.291695000e+00 -2.634558480e-01 -1.123717730e-04 3.900853580e-02 -2.625020980e-01 -1.168919270e-04 3.994834050e-02 -9.537495400e-04 4.520153780e-06 -9.398046620e-04
1.292126000e+00 -2.185833830e-01 1.963967810e-05 2.744741440e-02 -2.176362080e-01 1.511722970e-05 2.838172900e-02 -9.471750690e-04 4.522448480e-06 -9.343145320e-04
1.292556000e+00 -2.095078890e-01 -8.580086800e-05 2.295958890e-02 -2.085668930e-01 -9.028810460e-05 2.388942210e-02 -9.409961010e-04 4.487236620e-06 -9.298331430e-04
1.292987000e+00 -2.193054550e-01 -1.109606500e-04 2.753473210e-02 -2.183684580e-01 -1.154093670e-04 2.845523210e-02 -9.369968410e-04 4.448716520e-06 -9.204999910e-04
1.293417000e+00 -2.644392310e-01 4.641711840e-05 3.911137440e-02 -2.635042120e-01 4.195633520e-05 4.001998750e-02 -9.350190830e-04 4.460783190e-06 -9.086131520e-04
1.293848000e+00 -2.375266430e-01 -2.006228820e-05 3.070003890e-02 -2.365937600e-01 -2.450619490e-05 3.160035340e-02 -9.328831580e-04 4.443906700e-06 -9.003144600e-04
1.294278000e+00 -2.829659030e-01 -2.764219600e-05 3.654004850e-02 -2.820302810e-01 -3.205712950e-05 3.743631080e-02 -9.356217570e-04 4.414933510e-06 -8.962622990e-04
1.294709000e+00 -2.634146960e-01 7.057728580e-05 3.315754170e-02 -2.624782350e-01 6.616443960e-05 3.404865120e-02 -9.364607070e-04 4.412846230e-06 -8.911094220e-04
1.295139000e+00 -2.480057130e-01 4.791314280e-05 3.441787450e-02 -2.470726990e-01 4.351277770e-05 3.529868390e-02 -9.330139350e-04 4.400365140e-06 -8.808094050e-04
1.295570000e+00 -2.311024720e-01 4.150932090e-06 3.156600220e-02 -2.301728450e-01 -2.156691730e-07 3.243682590e-02 -9.296268100e-04 4.366601260e-06 -8.708237740e-04
1.296000000e+00 -2.432191130e-01 -1.063109060e-04 3.379693330e-02 -2.422930870e-01 -1.105993950e-04 3.465747820e-02 -9.260266110e-04 4.288488170e-06 -8.605449630e-04
1.296435000e+00 -2.308581770e-01 1.765128530e-05 3.307793310e-02 -2.299381180e-01 1.341146570e-05 3.392613900e-02 -9.200593540e-04 4.239819630e-06 -8.482059150e-04
1.296871000e+00 -2.508156560e-01 -1.389859830e-04 3.476969590e-02 -2.498982840e-01 -1.431260930e-04 3.560775870e-02 -9.173719040e-04 4.140110220e-06 -8.380628550e-04
1.297306000e+00 -2.570328150e-01 -2.679407640e-05 3.645239870e-02 -2.561166210e-01 -3.086596200e-05 3.728062690e-02 -9.161937100e-04 4.071885600e-06 -8.282281810e-04
1.297742000e+00 -2.681465910e-01 4.380158190e-05 3.785095180e-02 -2.672319000e-01 3.977537410e-05 3.866938360e-02 -9.146909540e-04 4.026207780e-06 -8.184317570e-04
1.298177000e+00 -2.324423450e-01 -1.521425930e-05 2.761632780e-02 -2.315315890e-01 -1.917581360e-05 2.843046130e-02 -9.107565540e-04 3.961554300e-06 -8.141335550e-04
1.298613000e+00 -2.073230200e-01 6.100494820e-05 2.071864890e-02 -2.064173060e-01 5.708750770e-05 2.153070880e-02 -9.057140690e-04 3.917440520e-06 -8.120599240e-04
1.299048000e+00 -2.342360570e-01 -6.873602980e-05 3.087265830e-02 -2.333333650e-01 -7.256267060e-05 3.167262200e-02 -9.026921000e-04 3.826640840e-06 -7.999637230e-04
1.299484000e+00 -2.700869450e-01 -1.153108140e-04 3.941804360e-02 -2.691845260e-01 -1.190291400e-04 4.020012190e-02 -9.024192410e-04 3.718326360e-06 -7.820782710e-04
1.299919000e+00 -2.527624450e-01 3.441335290e-06 2.866801350e-02 -2.518627330e-01 -2.133930860e-07 2.944096180e-02 -8.997126530e-04 3.654728370e-06 -7.729483250e-04
1.300355000e+00 -2.261748720e-01 2.207837970e-04 2.454466470e-02 -2.252796780e-01 2.171219660e-04 2.531613680e-02 -8.951943260e-04 3.661831110e-06 -7.714720600e-04
1.300790000e+00 -2.468732480e-01 -3.678464540e-04 2.669250400e-02 -2.459805780e-01 -3.713198310e-04 2.746041890e-02 -8.926692390e-04 3.473377580e-06 -7.679148710e-04
1.301226000e+00 -2.499168280e-01 2.441108870e-04 3.081975470e-02 -2.490253550e-01 2.406205110e-04 3.157881680e-02 -8.914727820e-04 3.490376190e-06 -7.590620830e-04
1.301661000e+00 -2.477955130e-01 2.468555010e-04 3.129794570e-02 -2.469051260e-01 2.433562010e-04 3.204834440e-02 -8.903875460e-04 3.499299800e-06 -7.503987300e-04
1.302097000e+00 -2.365906280e-01 1.450869000e-04 3.040171250e-02 -2.357034350e-01 1.416149410e-04 3.114276840e-02 -8.871926500e-04 3.471958840e-06 -7.410559730e-04
1.302532000e+00 -2.112075820e-01 -8.975525160e-05 2.500783840e-02 -2.103264810e-01 -9.311897450e-05 2.573994550e-02 -8.811017160e-04 3.363722890e-06 -7.321071080e-04
1.302968000e+00 -2.391026270e-01 1.882674930e-04 2.926528920e-02 -2.382239770e-01 1.849122820e-04 2.998725140e-02 -8.786498440e-04 3.355210830e-06 -7.219622370e-04
1.303403000e+00 -2.642198730e-01 7.286899440e-05 3.576590640e-02 -2.633410320e-01 6.956298980e-05 3.647275200e-02 -8.788413310e-04 3.306004570e-06 -7.068456600e-04
1.303839000e+00 -2.964968930e-01 4.245234150e-05 4.278351390e-02 -2.956183460e-01 3.920658750e-05 4.347677520e-02 -8.785470020e-04 3.245754000e-06 -6.932613590e-04
1.304274000e+00 -1.929313930e-01 1.306579420e-04 1.528283330e-02 -1.920625060e-01 1.274438920e-04 1.597496230e-02 -8.688869270e-04 3.214050310e-06 -6.921289890e-04
1.304710000e+00 -1.631908880e-01 2.147632480e-05 1.350029480e-02 -1.623328130e-01 1.832577620e-05 1.419043260e-02 -8.580749610e-04 3.150548630e-06 -6.901377440e-04
1.305151000e+00 -2.209692140e-01 -5.991798500e-05 2.687983170e-02 -2.201134260e-01 -6.297034480e-05 2.756186820e-02 -8.557886000e-04 3.052359790e-06 -6.820365110e-04
1.305593000e+00 -2.874167350e-01 2.096583870e-04 3.546989420e-02 -2.865564910e-01 2.066081250e-04 3.614513560e-02 -8.602436880e-04 3.050261330e-06 -6.752413860e-04
1.306034000e+00 -2.339452370e-01 7.264281080e-05 2.728815230e-02 -2.330893150e-01 6.964742500e-05 2.795327240e-02 -8.559216320e-04 2.995385750e-06 -6.651201160e-04
1.306476000e+00 -1.700104140e-01 1.099234610e-04 1.961962730e-02 -1.691670990e-01 1.069720100e-04 2.026819460e-02 -8.433149040e-04 2.951451280e-06 -6.485672650e-04
1.306917000e+00 -2.014781610e-01 -6.814990570e-06 2.317167800e-02 -2.006417020e-01 -9.683135930e-06 2.380765980e-02 -8.364589690e-04 2.868145360e-06 -6.359817490e-04
1.307359000e+00 -2.592950900e-01 2.823835320e-04 3.110055270e-02 -2.584570340e-01 2.794961760e-04 3.172995750e-02 -8.380562970e-04 2.887355680e-06 -6.294047650e-04
1.307800000e+00 -2.423958140e-01 1.393300760e-04 2.974552340e-02 -2.415581030e-01 1.364743410e-04 3.036706750e-02 -8.377104620e-04 2.855735150e-06 -6.215441170e-04
1.308242000e+00 -2.241251610e-01 1.239018090e-04 2.462746620e-02 -2.232901300e-01 1.210758680e-04 2.524552330e-02 -8.350312980e-04 2.825941730e-06 -6.180570900e-04
1.308683000e+00 -2.273447520e-01 -4.287997630e-04 2.007031010e-02 -2.265119130e-01 -4.313999040e-04 2.069018070e-02 -8.328391470e-04 2.600141020e-06 -6.198706040e-04
1.309125000e+00 -2.083411300e-01 3.119531610e-05 2.661384140e-02 -2.075137390e-01 2.867352490e-05 2.722131980e-02 -8.273905970e-04 2.521791260e-06 -6.074784460e-04
1.309567000e+00 -2.424099290e-01 -1.614360070e-06 3.959768890e-02 -2.415880090e-01 -4.048884900e-06 4.017939160e-02 -8.219198170e-04 2.434524830e-06 -5.817026810e-04
1.310008000e+00 -1.764555390e-01 3.772010490e-05 2.144612440e-02 -1.756416720e-01 3.536115170e-05 2.201384550e-02 -8.138676150e-04 2.358953260e-06 -5.677211060e-04
1.310457000e+00 -1.833947550e-01 1.922173300e-04 1.279236340e-02 -1.825891110e-01 1.898802010e-04 1.336296780e-02 -8.056441140e-04 2.337129090e-06 -5.706044100e-04
1.310906000e+00 -1.915691330e-01 -9.986668450e-05 1.458758350e-02 -1.907701170e-01 -1.020760710e-04 1.515741160e-02 -7.990155140e-04 2.209386770e-06 -5.698281320e-04
1.311355000e+00 -2.686912780e-01 9.870652260e-05 3.287817080e-02 -2.678897830e-01 9.654790220e-05 3.343472350e-02 -8.014948330e-04 2.158620460e-06 -5.565526620e-04
1.311804000e+00 -2.887400940e-01 -1.966515730e-05 3.933003950e-02 -2.879351660e-01 -2.172984480e-05 3.987174140e-02 -8.049277850e-04 2.064687510e-06 -5.417019650e-04
1.312253000e+00 -2.152067180e-01 7.231535430e-05 2.390094670e-02 -2.144081410e-01 7.031460190e-05 2.443445780e-02 -7.985773900e-04 2.000752390e-06 -5.335110430e-04
1.312702000e+00 -1.310424230e-01 3.210966760e-05 1.646050260e-02 -1.302565190e-01 3.018670420e-05 1.698517600e-02 -7.859037930e-04 1.922963420e-06 -5.246734420e-04
1.313151000e+00 -1.992842890e-01 7.873687000e-06 1.604305970e-02 -1.985038630e-01 6.040268650e-06 1.656197340e-02 -7.804266570e-04 1.833418340e-06 -5.189137320e-04
1.313600000e+00 -2.098882230e-01 1.436100070e-04 2.066151290e-02 -2.091109210e-01 1.418176240e-04 2.117582870e-02 -7.773015610e-04 1.792383170e-06 -5.143157710e-04
1.314049000e+00 -2.206558640e-01 -2.917955790e-05 2.632360260e-02 -2.198830300e-01 -3.087693660e-05 2.682922200e-02 -7.728339880e-04 1.697378780e-06 -5.056193260e-04
1.314498000e+00 -1.930042770e-01 -9.916673250e-06 2.333122860e-02 -1.922389350e-01 -1.151548690e-05 2.382242630e-02 -7.653411660e-04 1.598813690e-06 -4.911976730e-04
1.314947000e+00 -1.796269950e-01 9.907805400e-05 2.067934250e-02 -1.788688540e-01 9.753113140e-05 2.115775200e-02 -7.581414840e-04 1.546922580e-06 -4.784095150e-04
1.315396000e+00 -2.053277460e-01 3.156856190e-04 2.383344870e-02 -2.045740260e-01 3.141155330e-04 2.430008430e-02 -7.537193980e-04 1.570086670e-06 -4.666356190e-04
1.315845000e+00 -2.274136270e-01 2.032031250e-04 2.823767220e-02 -2.266630080e-01 2.016519780e-04 2.869072210e-02 -7.506193820e-04 1.551146960e-06 -4.530499900e-04
1.316294000e+00 -1.918079620e-01 1.303449240e-04 1.888178010e-02 -1.910630710e-01 1.288356050e-04 1.933112090e-02 -7.448905180e-04 1.509319150e-06 -4.493407920e-04
1.316743000e+00 -1.617529070e-01 1.040984100e-04 9.108688640e-03 -1.610157440e-01 1.026373190e-04 9.561250440e-03 -7.371629520e-04 1.461090630e-06 -4.525617970e-04
1.317192000e+00 -1.968383190e-01 4.826024600e-05 1.950516280e-02 -1.961055160e-01 4.686460410e-05 1.995107330e-02 -7.328032470e-04 1.395641820e-06 -4.459104530e-04
1.317641000e+00 -2.172223520e-01 9.099601620e-05 2.685675250e-02 -2.164919260e-01 8.964928740e-05 2.728850900e-02 -7.304263480e-04 1.346728740e-06 -4.317565070e-04
1.318101000e+00 -2.248455200e-01 5.258798570e-05 2.600427020e-02 -2.241188080e-01 5.130322550e-05 2.642439620e-02 -7.267120290e-04 1.284760220e-06 -4.201259350e-04
1.318561000e+00 -1.890274930e-01 1.382797690e-04 2.258633730e-02 -1.883075730e-01 1.370287960e-04 2.299297560e-02 -7.199205700e-04 1.250972460e-06 -4.066383260e-04
1.319021000e+00 -1.925045080e-01 1.396515170e-04 2.254207720e-02 -1.917903620e-01 1.384313290e-04 2.293616760e-02 -7.141469300e-04 1.220187410e-06 -3.940903890e-04
1.319481000e+00 -1.689963000e-01 -7.929190320e-05 1.434716820e-02 -1.682868380e-01 -8.040123780e-05 1.473695320e-02 -7.094624870e-04 1.109334640e-06 -3.897850530e-04
1.319941000e+00 -1.898482420e-01 1.587528550e-04 1.751232640e-02 -1.891422630e-01 1.576624970e-04 1.789840940e-02 -7.059790960e-04 1.090358740e-06 -3.860830170e-04
1.320401000e+00 -1.986933650e-01 -1.390858780e-04 2.041692150e-02 -1.979923830e-01 -1.400512370e-04 2.079195570e-02 -7.009825630e-04 9.653588710e-07 -3.750341860e-04
1.320861000e+00 -1.806947810e-01 4.567546380e-04 2.026333400e-02 -1.799996060e-01 4.556985860e-04 2.062385160e-02 -6.951750450e-04 1.056051950e-06 -3.605176540e-04
1.321321000e+00 -1.589121890e-01 1.456088650e-04 1.540666520e-02 -1.582255470e-01 1.445736070e-04 1.575963590e-02 -6.866424950e-04 1.035257730e-06 -3.529707000e-04
1.321781000e+00 -1.093993590e-01 1.201692150e-04 5.828704900e-03 -1.087237320e-01 1.191624210e-04 6.180160400e-03 -6.756270390e-04 1.006794300e-06 -3.514554990e-04
1.322241000e+00 -1.488093680e-01 -1.494798710e-04 1.367357780e-02 -1.481411330e-01 -1.503681070e-04 1.401699490e-02 -6.682344320e-04 8.882365750e-07 -3.434170510e-04
1.322701000e+00 -2.275212560e-01 5.438318800e-04 2.786165820e-02 -2.268547680e-01 5.428173440e-04 2.818972270e-02 -6.664880060e-04 1.014535320e-06 -3.280644600e-04
1.323161000e+00 -1.768007710e-01 1.359081680e-04 1.778459200e-02 -1.761393240e-01 1.349231640e-04 1.810249870e-02 -6.614463660e-04 9.850044710e-07 -3.179067050e-04
1.323637000e+00 -1.297620310e-01 1.048474130e-04 9.734315850e-03 -1.291106420e-01 1.039045340e-04 1.004934700e-02 -6.513894540e-04 9.428792560e-07 -3.150311240e-04
1.324114000e+00 -1.292185160e-01 1.159062920e-04 2.685582800e-03 -1.285756430e-01 1.150020350e-04 2.998026480e-03 -6.428732970e-04 9.042564180e-07 -3.124436750e-04
1.324590000e+00 -1.677590590e-01 -4.038470220e-05 1.738343530e-02 -1.671204020e-01 -4.119626770e-05 1.768330570e-02 -6.386573780e-04 8.115655300e-07 -2.998704590e-04
1.325067000e+00 -1.854466220e-01 1.683548120e-04 1.977043670e-02 -1.848117570e-01 1.675682430e-04 2.005822700e-02 -6.348656400e-04 7.865696590e-07 -2.877903610e-04
1.325543000e+00 -1.949206310e-01 1.319274760e-04 2.224414110e-02 -1.942874820e-01 1.311744780e-04 2.252063730e-02 -6.331486310e-04 7.529978440e-07 -2.764962010e-04
1.326019000e+00 -2.080715250e-01 -4.613835650e-06 2.335432540e-02 -2.074386440e-01 -5.289261320e-06 2.361921460e-02 -6.328802560e-04 6.754256620e-07 -2.648892750e-04
1.326496000e+00 -1.461149530e-01 9.308693260e-05 1.530003140e-02 -1.454916410e-01 9.245382690e-05 1.555816150e-02 -6.233114060e-04 6.331056530e-07 -2.581300950e-04
1.326972000e+00 -8.718882190e-02 1.254206030e-04 1.150578490e-02 -8.657913670e-02 1.248165970e-04 1.175812390e-02 -6.096851670e-04 6.040069180e-07 -2.523390200e-04
1.327448000e+00 -1.324290860e-01 3.186387980e-05 1.771459860e-02 -1.318274900e-01 3.132182530e-05 1.795575340e-02 -6.015952110e-04 5.420545690e-07 -2.411548790e-04
1.327925000e+00 -1.442655810e-01 4.415757660e-05 1.780012030e-02 -1.436709060e-01 4.367432210e-05 1.802922400e-02 -5.946747590e-04 4.832544590e-07 -2.291037370e-04
1.328401000e+00 -1.442256910e-01 9.608155400e-05 1.463324630e-02 -1.436363120e-01 9.563664320e-05 1.485178360e-02 -5.893795550e-04 4.449107910e-07 -2.185372720e-04
1.328878000e+00 -1.788965050e-01 -3.187433520e-05 2.137155490e-02 -1.783083410e-01 -3.223589190e-05 2.157651690e-02 -5.881637290e-04 3.615567130e-07 -2.049619740e-04
1.329354000e+00 -1.476104140e-01 4.547884360e-06 1.490947750e-02 -1.470293360e-01 4.250394480e-06 1.510618640e-02 -5.810782440e-04 2.974898800e-07 -1.967089180e-04
1.329830000e+00 -4.724928050e-02 2.799685960e-05 2.761361240e-03 -4.668588380e-02 2.775379800e-05 2.956147250e-03 -5.633967080e-04 2.430616660e-07 -1.947860110e-04
1.330307000e+00 -9.547597700e-02 -7.706712150e-05 1.008470730e-02 -9.492239420e-02 -7.722225100e-05 1.027231610e-02 -5.535827710e-04 1.551295310e-07 -1.876088950e-04
1.330783000e+00 -1.748229840e-01 6.530966400e-05 1.973331300e-02 -1.742685140e-01 6.518818850e-05 1.990788000e-02 -5.544704760e-04 1.214754710e-07 -1.745669310e-04
1.331260000e+00 -1.587124070e-01 -2.672824840e-04 1.839527570e-02 -1.581606990e-01 -2.672437050e-04 1.855860620e-02 -5.517087730e-04 -3.877898160e-08 -1.633305240e-04
1.331736000e+00 -1.253736410e-01 -5.552574940e-05 1.551161920e-02 -1.248292360e-01 -5.540801790e-05 1.566390260e-02 -5.444059280e-04 -1.177315320e-07 -1.522833570e-04
1.332212000e+00 -1.213026280e-01 1.669502200e-04 1.573425020e-02 -1.207652150e-01 1.670622500e-04 1.587562310e-02 -5.374131410e-04 -1.120298820e-07 -1.413728350e-04
1.332689000e+00 -1.086509490e-01 8.121852140e-05 8.980821850e-03 -1.081218140e-01 8.135646170e-05 9.118739150e-03 -5.291355770e-04 -1.379402720e-07 -1.379173050e-04
1.333165000e+00 -1.124423580e-01 1.458449410e-04 9.184232050e-03 -1.119206120e-01 1.459828570e-04 9.318668920e-03 -5.217462620e-04 -1.379166750e-07 -1.344368700e-04
1.333642000e+00 -1.168878570e-01 4.713773240e-05 1.632112700e-02 -1.163721050e-01 4.731232060e-05 1.643872530e-02 -5.157525370e-04 -1.745881890e-07 -1.175982420e-04
1.334118000e+00 -1.354336820e-01 9.472946660e-05 1.945827540e-02 -1.349228320e-01 9.492099370e-05 1.955688210e-02 -5.108499180e-04 -1.915271300e-07 -9.860669160e-05
1.334594000e+00 -9.577684620e-02 1.050232630e-04 7.439903080e-03 -9.527376020e-02 1.052301030e-04 7.533661340e-03 -5.030860070e-04 -2.068406190e-07 -9.375825680e-05
1.335071000e+00 -1.165201130e-01 1.058450710e-04 1.141566100e-02 -1.160243120e-01 1.060693590e-04 1.150559940e-02 -4.958012320e-04 -2.242883110e-07 -8.993835260e-05
1.335547000e+00 -1.092942290e-01 -5.782055750e-05 9.095239630e-03 -1.088038360e-01 -5.752608670e-05 9.180894490e-03 -4.903936460e-04 -2.944707790e-07 -8.565486240e-05
1.336024000e+00 -1.253979570e-01 1.598190170e-04 8.811758570e-03 -1.249106230e-01 1.601054930e-04 8.896798250e-03 -4.873343090e-04 -2.864759530e-07 -8.503968230e-05
1.336500000e+00 -1.222563540e-01 -1.851987880e-05 1.347959670e-02 -1.217745240e-01 -1.817701500e-05 1.355334270e-02 -4.818295380e-04 -3.428637350e-07 -7.374601430e-05
1.337019000e+00 -1.063161730e-01 6.698751890e-05 1.516477740e-02 -1.058429980e-01 6.736273420e-05 1.521644240e-02 -4.731749770e-04 -3.752153480e-07 -5.166499720e-05
1.337545000e+00 -9.159304420e-02 -7.467366420e-05 1.117960330e-02 -9.112677870e-02 -7.420749780e-05 1.122121670e-02 -4.662654670e-04 -4.661663260e-07 -4.161337920e-05
1.338071000e+00 -1.219485620e-01 7.394216440e-05 7.581574900e-03 -1.214847140e-01 7.442939690e-05 7.624103720e-03 -4.638475990e-04 -4.872325010e-07 -4.252882240e-05
1.338597000e+00 -5.179048640e-02 1.770542520e-04 4.815624490e-03 -5.133894720e-02 1.775275940e-04 4.849965060e-03 -4.515392600e-04 -4.733414400e-07 -3.434057630e-05
1.339131000e+00 -2.676185640e-02 7.917764900e-05 5.705361540e-03 -2.632806210e-02 7.967274420e-05 5.727038610e-03 -4.337942990e-04 -4.950952350e-07 -2.167706360e-05
1.339672000e+00 -7.997657200e-02 8.240422080e-05 8.869222960e-03 -7.954911500e-02 8.292037660e-05 8.880655280e-03 -4.274570120e-04 -5.161558530e-07 -1.143231910e-05
1.340213000e+00 -1.077480690e-01 -5.895995210e-05 1.161191700e-02 -1.073234380e-01 -5.836201870e-05 1.161313670e-02 -4.246306350e-04 -5.979334640e-07 -1.219717860e-06
1.340754000e+00 -9.163697410e-02 2.752681140e-04 1.080630360e-02 -9.121910310e-02 2.758049400e-04 1.079619930e-02 -4.178709860e-04 -5.368260070e-07 1.010425400e-05
1.341295000e+00 -7.628280870e-02 4.753038060e-05 8.084366860e-03 -7.587232210e-02 4.810255910e-05 8.063142970e-03 -4.104866220e-04 -5.721785850e-07 2.122389360e-05
1.341844000e+00 -4.215324780e-02 -1.489118920e-05 4.901606780e-03 -4.175524490e-02 -1.426704830e-05 4.877573080e-03 -3.980028980e-04 -6.241409050e-07 2.403370490e-05
1.342393000e+00 -5.032866380e-02 9.115346500e-05 5.756384090e-03 -4.994183320e-02 9.179470300e-05 5.728406810e-03 -3.868305160e-04 -6.412379880e-07 2.797728220e-05
1.342943000e+00 -8.862725170e-02 8.594586080e-05 1.537619800e-02 -8.824560070e-02 8.660212430e-05 1.532632410e-02 -3.816509620e-04 -6.562634860e-07 4.987389720e-05
1.343501000e+00 -7.881011390e-02 5.715329220e-05 1.317179480e-02 -7.843567870e-02 5.783761880e-05 1.310588780e-02 -3.744352130e-04 -6.843265700e-07 6.590699250e-05
1.344059000e+00 -3.564542880e-02 5.039090720e-05 4.458476700e-03 -3.528363590e-02 5.110243870e-05 4.392458350e-03 -3.617928490e-04 -7.115314720e-07 6.601834880e-05
1.344618000e+00 -6.775102300e-02 -1.651229530e-05 8.312134740e-03 -6.739706830e-02 -1.574353520e-05 8.238878610e-03 -3.539547030e-04 -7.687600850e-07 7.325613210e-05
1.345176000e+00 -8.031497920e-02 5.092803350e-06 1.172979250e-02 -7.996549310e-02 5.905375710e-06 1.164324000e-02 -3.494860790e-04 -8.125723670e-07 8.655249070e-05
1.345744000e+00 -5.139056880e-02 3.916036330e-05 7.445580600e-03 -5.105057940e-02 4.000865790e-05 7.348811260e-03 -3.399893780e-04 -8.482945370e-07 9.676933830e-05
1.346313000e+00 -2.579966240e-02 3.034195650e-05 7.386584490e-03 -2.547225360e-02 3.122889400e-05 7.279273770e-03 -3.274088320e-04 -8.869375150e-07 1.073107180e-04
1.346881000e+00 -5.766607570e-02 9.995501770e-05 9.341467220e-03 -5.734444770e-02 1.008501800e-04 9.222558430e-03 -3.216279750e-04 -8.951623490e-07 1.189087880e-04
1.347460000e+00 -6.709852070e-02 5.622005440e-05 1.004253340e-02 -6.678234450e-02 5.714535860e-05 9.912216760e-03 -3.161761540e-04 -9.253042540e-07 1.303166370e-04
1.348039000e+00 3.655151420e-02 9.064467620e-05 5.529510160e-04 3.684525090e-02 9.158402760e-05 4.215054980e-04 -2.937366390e-04 -9.393513620e-07 1.314455190e-04
1.348618000e+00 -1.163864310e-02 7.124836870e-05 5.246028360e-03 -1.135675370e-02 7.221919080e-05 5.107131870e-03 -2.818894570e-04 -9.708221170e-07 1.388964870e-04
1.349210000e+00 -1.560740480e-01 1.060995530e-04 1.933364030e-02 -1.557813420e-01 1.070926800e-04 1.917054250e-02 -2.927056290e-04 -9.931275670e-07 1.630977740e-04
1.349801000e+00 -3.177534860e-02 3.429161220e-05 8.133917610e-03 -3.149455390e-02 3.533732830e-05 7.961892070e-03 -2.807946670e-04 -1.045716110e-06 1.720255370e-04
1.350392000e+00 4.729806800e-02 1.099926220e-04 -1.311125100e-03 4.755576910e-02 1.110545310e-04 -1.481954800e-03 -2.577011170e-04 -1.061908830e-06 1.708296970e-04
1.350997000e+00 -6.811204830e-02 9.762177740e-05 1.212034330e-02 -6.785685190e-02 9.871107110e-05 1.193005860e-02 -2.551964190e-04 -1.089293770e-06 1.902846150e-04
1.351602000e+00 -6.059983870e-02 4.737392180e-05 1.224376740e-02 -6.034963170e-02 4.850994710e-05 1.203544260e-02 -2.502070030e-04 -1.136025300e-06 2.083248720e-04
1.352206000e+00 2.569325300e-02 1.042351170e-04 3.097198370e-03 2.592246070e-02 1.053875890e-04 2.888668420e-03 -2.292077270e-04 -1.152471840e-06 2.085299460e-04
1.352826000e+00 -1.597061220e-02 1.582158920e-04 6.129708770e-03 -1.575080760e-02 1.593621780e-04 5.913161180e-03 -2.198045080e-04 -1.146285970e-06 2.165475820e-04
1.353446000e+00 -6.593292100e-02 1.236104710e-04 1.144127850e-02 -6.571417460e-02 1.247697360e-04 1.121111840e-02 -2.187464050e-04 -1.159264730e-06 2.301601110e-04
1.354066000e+00 -1.359421770e-02 3.965046250e-05 8.470155960e-03 -1.338620520e-02 4.086152050e-05 8.228543680e-03 -2.080125140e-04 -1.211057990e-06 2.416122840e-04
1.354703000e+00 -1.621736270e-02 1.622089660e-04 6.682224640e-03 -1.601866570e-02 1.634167410e-04 6.429835590e-03 -1.986970500e-04 -1.207775210e-06 2.523890480e-04
1.355340000e+00 -4.386699810e-02 1.438844310e-04 1.116074700e-02 -4.367064350e-02 1.450973660e-04 1.089542080e-02 -1.963546000e-04 -1.212935170e-06 2.653261160e-04
1.355977000e+00 2.354615850e-02 1.287614800e-04 6.487864460e-03 2.372672270e-02 1.299862820e-04 6.211343350e-03 -1.805641930e-04 -1.224802240e-06 2.765211180e-04
1.356614000e+00 5.776102730e-02 1.019664660e-04 6.306335110e-03 5.792160000e-02 1.032154240e-04 6.018317110e-03 -1.605727280e-04 -1.248958520e-06 2.880179990e-04
1.357272000e+00 1.765165900e-02 9.376357950e-05 7.511430860e-03 1.780080960e-02 9.504302620e-05 7.211451020e-03 -1.491505790e-04 -1.279446740e-06 2.999798420e-04
1.357929000e+00 5.934575940e-03 1.242740090e-04 8.304769210e-03 6.073648480e-03 1.255674010e-04 7.992651040e-03 -1.390725380e-04 -1.293392290e-06 3.121181760e-04
1.358611000e+00 -6.098006320e-03 1.360123220e-04 7.769459340e-03 -5.967331110e-03 1.373099160e-04 7.445391970e-03 -1.306752100e-04 -1.297594470e-06 3.240673690e-04
1.359292000e+00 2.704840990e-02 3.627574110e-06 3.339446150e-03 2.716609090e-02 4.997610040e-06 3.014029780e-03 -1.176810520e-04 -1.370035920e-06 3.254163710e-04
1.359973000e+00 1.497887620e-02 1.510707310e-04 8.320301480e-03 1.508611160e-02 1.524398590e-04 7.981919340e-03 -1.072354260e-04 -1.369127970e-06 3.383821390e-04
1.360654000e+00 -8.364346550e-03 8.545425890e-05 1.226307180e-02 -8.264857360e-03 8.685975970e-05 1.190211080e-02 -9.948918110e-05 -1.405500820e-06 3.609609380e-04
1.361364000e+00 1.632953800e-02 1.677621620e-04 9.176007960e-03 1.641739560e-02 1.691539740e-04 8.802117610e-03 -8.785757520e-05 -1.391811540e-06 3.738903440e-04
1.362075000e+00 8.857307540e-03 1.177583350e-04 7.760855620e-03 8.936208310e-03 1.191648790e-04 7.380050560e-03 -7.890077010e-05 -1.406543720e-06 3.808050590e-04
1.362786000e+00 1.683816780e-02 5.825448870e-05 5.756124690e-03 1.690791900e-02 5.970713680e-05 5.371035380e-03 -6.975125000e-05 -1.452648110e-06 3.850893150e-04
1.363497000e+00 9.333992320e-02 7.891190480e-06 1.054333910e-02 9.338522730e-02 9.419325430e-06 1.013407340e-02 -4.530409370e-05 -1.528134950e-06 4.092656820e-04
1.364247000e+00 -9.667626030e-03 5.165919710e-05 1.043280570e-02 -9.622427820e-03 5.323666720e-05 1.000918050e-02 -4.519820890e-05 -1.577470120e-06 4.236252270e-04
1.364997000e+00 -2.165957070e-03 4.987664340e-05 8.474300440e-03 -2.125576250e-03 5.150711330e-05 8.038585720e-03 -4.038082270e-05 -1.630469870e-06 4.357147160e-04
1.365747000e+00 9.502258090e-02 7.728571180e-05 8.564091220e-03 9.503884670e-02 7.895117510e-05 8.115220640e-03 -1.626588280e-05 -1.665463380e-06 4.488705790e-04
1.366497000e+00 3.195130800e-02 7.097033890e-05 6.014055650e-03 3.196143120e-02 7.267662450e-05 5.564056290e-03 -1.012327780e-05 -1.706285600e-06 4.499993540e-04
1.367305000e+00 4.154902060e-02 1.092984220e-04 9.810060890e-03 4.154884070e-02 1.110249750e-04 9.342048160e-03 1.798690160e-07 -1.726553920e-06 4.680127310e-04
1.368113000e+00 4.223869350e-02 9.902408960e-05 1.078881450e-02 4.222846570e-02 1.007777720e-04 1.030046160e-02 1.022781510e-05 -1.753682090e-06 4.883529520e-04
1.368921000e+00 3.346251490e-02 7.641728730e-05 9.487604730e-03 3.344393630e-02 7.821760170e-05 8.987036170e-03 1.857855910e-05 -1.800314480e-06 5.005685550e-04
1.369729000e+00 1.046225560e-01 1.603780540e-04 6.694967510e-03 1.045808760e-01 1.621750410e-04 6.183027500e-03 4.167987030e-05 -1.796987180e-06 5.119400140e-04
1.370456000e+00 5.358877970e-02 1.980500770e-04 9.556539420e-03 5.354104640e-02 1.998302430e-04 9.032343280e-03 4.773324390e-05 -1.780165640e-06 5.241961420e-04
1.371183000e+00 4.285649370e-02 6.553242200e-05 1.120149520e-02 4.280345290e-02 6.736736560e-05 1.066515860e-02 5.304081420e-05 -1.834943520e-06 5.363366300e-04
1.371910000e+00 4.877743710e-02 8.812922590e-05 1.201619200e-02 4.871710170e-02 9.000022680e-05 1.146739880e-02 6.033537980e-05 -1.871000950e-06 5.487931840e-04
1.372637000e+00 8.659149100e-02 1.201536690e-04 1.153691820e-02 8.651528150e-02 1.220377670e-04 1.097728060e-02 7.620950500e-05 -1.884097340e-06 5.596375680e-04
1.373364000e+00 2.247698660e-02 9.326781590e-05 1.344717430e-02 2.240268420e-02 9.518577810e-05 1.286719940e-02 7.430238040e-05 -1.917962190e-06 5.799749700e-04
1.374092000e+00 6.142906440e-02 6.186404410e-05 1.385776830e-02 6.135064170e-02 6.383910810e-05 1.326262950e-02 7.842265730e-05 -1.975063950e-06 5.951387720e-04
1.374819000e+00 1.296484120e-01 7.550480240e-05 1.064275750e-02 1.295520290e-01 7.752547610e-05 1.004759800e-02 9.638222160e-05 -2.020673650e-06 5.951594730e-04
1.375546000e+00 1.502551350e-01 7.688095740e-05 1.842189550e-02 1.501395160e-01 7.894260060e-05 1.780314990e-02 1.156195240e-04 -2.061643230e-06 6.187456250e-04
1.376273000e+00 7.570065900e-02 1.104727390e-04 1.238954290e-02 7.558313190e-02 1.125581410e-04 1.176219010e-02 1.175271020e-04 -2.085402030e-06 6.273527620e-04
1.377000000e+00 3.591217000e-02 7.977839630e-05 9.996712480e-03 3.579874540e-02 8.189672720e-05 9.366141600e-03 1.134246250e-04 -2.118330970e-06 6.305708730e-04
1.377604000e+00 1.801922900e-01 7.791268970e-05 2.058422050e-02 1.800583770e-01 8.005605730e-05 1.993298570e-02 1.339129830e-04 -2.143367570e-06 6.512347620e-04
1.378191000e+00 9.456925420e-02 -1.347086160e-05 1.871477760e-02 9.443189630e-02 -1.126409500e-05 1.804701080e-02 1.373578680e-04 -2.206766650e-06 6.677667840e-04
1.378769000e+00 6.210651990e-02 1.368964760e-04 1.847131400e-02 6.197004840e-02 1.390934350e-04 1.778607330e-02 1.364715050e-04 -2.196959490e-06 6.852407370e-04
1.379339000e+00 1.356931210e-01 8.919121660e-05 1.476901320e-02 1.355445590e-01 9.139611700e-05 1.408372610e-02 1.485623890e-04 -2.204900360e-06 6.852871020e-04
1.379900000e+00 1.322140750e-01 4.581048990e-05 1.491726050e-02 1.320556270e-01 4.804442550e-05 1.423025990e-02 1.584479940e-04 -2.233935610e-06 6.870006300e-04
1.380453000e+00 6.759841950e-02 8.864734200e-05 1.885091520e-02 6.744119830e-02 9.089670650e-05 1.814457690e-02 1.572211720e-04 -2.249364520e-06 7.063383100e-04
1.380998000e+00 7.301235580e-02 2.255813230e-05 1.644962540e-02 7.285401250e-02 2.485194900e-05 1.573228640e-02 1.583432920e-04 -2.293816640e-06 7.173389350e-04
1.381535000e+00 8.587113310e-02 1.763725750e-04 1.045898580e-02 8.570949570e-02 1.786491070e-04 9.747590620e-03 1.616374080e-04 -2.276532000e-06 7.113952210e-04
1.382071000e+00 8.507281940e-02 -8.993794450e-05 1.654893570e-02 8.490899460e-02 -8.756765190e-05 1.582778410e-02 1.638248020e-04 -2.370292610e-06 7.211516210e-04
1.382600000e+00 7.262138040e-02 8.697848900e-05 2.351603600e-02 7.245819410e-02 8.935876910e-05 2.276640470e-02 1.631862230e-04 -2.380280110e-06 7.496312730e-04
1.383121000e+00 1.085474680e-01 1.000041380e-04 1.842239860e-02 1.083781360e-01 1.023884540e-04 1.766462900e-02 1.693316890e-04 -2.384316510e-06 7.577695870e-04
1.383634000e+00 1.613472600e-01 -2.111234370e-05 1.500897660e-02 1.611652380e-01 -1.867073660e-05 1.425759570e-02 1.820218070e-04 -2.441607100e-06 7.513808860e-04
1.384147000e+00 1.079074440e-01 3.972587130e-05 1.948521610e-02 1.077224470e-01 4.220263100e-05 1.872456830e-02 1.849978560e-04 -2.476759720e-06 7.606477880e-04
1.384653000e+00 7.459956550e-02 9.329437920e-06 2.110105620e-02 7.441599470e-02 1.185516760e-05 2.032330290e-02 1.835707310e-04 -2.525729650e-06 7.777533150e-04
1.385158000e+00 9.810948180e-02 4.551476020e-05 1.955829380e-02 9.792384860e-02 4.806999630e-05 1.877205510e-02 1.856331920e-04 -2.555236140e-06 7.862386540e-04
1.385656000e+00 1.092838020e-01 3.491259540e-05 1.860201710e-02 1.090950060e-01 3.749936480e-05 1.781092490e-02 1.887962370e-04 -2.586769420e-06 7.910921970e-04
1.386153000e+00 1.050084020e-01 1.903345880e-05 1.859961460e-02 1.048174640e-01 2.165610630e-05 1.780222570e-02 1.909371830e-04 -2.622647570e-06 7.973889050e-04
1.386643000e+00 9.363133480e-02 3.573107620e-05 1.866286230e-02 9.343953950e-02 3.837926620e-05 1.786005830e-02 1.917953090e-04 -2.648189980e-06 8.028040040e-04
1.387133000e+00 1.114110390e-01 6.107544870e-05 2.128145430e-02 1.112166650e-01 6.373829640e-05 2.046913940e-02 1.943741570e-04 -2.662847710e-06 8.123149540e-04
1.387615000e+00 1.177344550e-01 1.855766050e-05 2.405079650e-02 1.175378020e-01 2.125430230e-05 2.322442780e-02 1.966524740e-04 -2.696641820e-06 8.263686940e-04
1.388097000e+00 1.341519150e-01 -6.859293020e-05 2.362610380e-02 1.339501330e-01 -6.583039130e-05 2.279082390e-02 2.017817160e-04 -2.762538910e-06 8.352798910e-04
1.388571000e+00 1.593981290e-01 1.436094640e-05 2.441593920e-02 1.591868870e-01 1.715076920e-05 2.357672100e-02 2.112420670e-04 -2.789822730e-06 8.392181920e-04
1.389045000e+00 1.450366470e-01 2.666730590e-05 2.448944480e-02 1.448199980e-01 2.947263910e-05 2.364269420e-02 2.166485070e-04 -2.805333220e-06 8.467505690e-04
1.389512000e+00 1.124536760e-01 -1.514832450e-05 2.472827540e-02 1.122365640e-01 -1.231439100e-05 2.386856310e-02 2.171125540e-04 -2.833933520e-06 8.597123230e-04
1.389978000e+00 1.244753620e-01 -1.045401760e-04 2.520689460e-02 1.242562370e-01 -1.016398520e-04 2.433699640e-02 2.191244900e-04 -2.900323940e-06 8.698982290e-04
1.390445000e+00 1.130245980e-01 1.065143990e-04 2.158342440e-02 1.128043010e-01 1.093989340e-04 2.070922310e-02 2.202968760e-04 -2.884535070e-06 8.742013400e-04
1.390903000e+00 1.195783700e-01 -1.278640660e-05 2.291153790e-02 1.193563350e-01 -9.880544970e-06 2.203211340e-02 2.220349710e-04 -2.905861600e-06 8.794244800e-04
1.391362000e+00 1.322297350e-01 4.496289610e-06 2.278062720e-02 1.320047190e-01 7.419462160e-06 2.189686040e-02 2.250158440e-04 -2.923172540e-06 8.837667570e-04
1.391820000e+00 1.391805570e-01 -2.252210670e-05 2.311748090e-02 1.389521750e-01 -1.957394900e-05 2.223029840e-02 2.283824300e-04 -2.948157680e-06 8.871825850e-04
1.392279000e+00 1.262604020e-01 9.665451290e-06 2.649228570e-02 1.260299990e-01 1.262431790e-05 2.559501250e-02 2.304032670e-04 -2.958866620e-06 8.972731990e-04
1.392729000e+00 1.226662520e-01 8.067634880e-05 2.726557760e-02 1.224344990e-01 8.361773980e-05 2.635657490e-02 2.317528140e-04 -2.941391000e-06 9.090027300e-04
1.393180000e+00 1.343634490e-01 5.548389550e-06 2.793513120e-02 1.341291950e-01 8.495519710e-06 2.701626190e-02 2.342538110e-04 -2.947130160e-06 9.188692570e-04
1.393630000e+00 1.452918230e-01 -8.580664020e-05 2.931481660e-02 1.450540260e-01 -8.282475900e-05 2.838551140e-02 2.377967930e-04 -2.981881170e-06 9.293051320e-04
1.394080000e+00 1.388942640e-01 1.608988530e-04 2.843120130e-02 1.386539660e-01 1.638378890e-04 2.749360280e-02 2.402973640e-04 -2.939035610e-06 9.375984980e-04
1.394522000e+00 1.366182180e-01 9.489267520e-05 2.567765860e-02 1.363759070e-01 9.781050640e-05 2.473664720e-02 2.423109780e-04 -2.917831250e-06 9.410114410e-04
1.394964000e+00 1.439615130e-01 1.189099830e-04 2.682270390e-02 1.437164570e-01 1.217981510e-04 2.587726140e-02 2.450561410e-04 -2.888168860e-06 9.454425510e-04
1.395406000e+00 1.501476530e-01 1.198951580e-04 2.813569030e-02 1.498992710e-01 1.227532950e-04 2.718623110e-02 2.483825300e-04 -2.858136090e-06 9.494592790e-04
1.395848000e+00 1.452868560e-01 2.057780060e-04 2.771490360e-02 1.450354390e-01 2.085784290e-04 2.676245760e-02 2.514169390e-04 -2.800422600e-06 9.524459510e-04
1.396290000e+00 1.468443400e-01 6.024638320e-05 2.981381080e-02 1.465903410e-01 6.304019000e-05 2.885268900e-02 2.539988390e-04 -2.793806870e-06 9.611218000e-04
1.396723000e+00 1.460672360e-01 9.265063260e-05 3.240266820e-02 1.458114060e-01 9.542318720e-05 3.143019470e-02 2.558300490e-04 -2.772554530e-06 9.724735960e-04
1.397156000e+00 1.505476680e-01 7.787067390e-05 3.274466420e-02 1.502892850e-01 8.062460900e-05 3.176294610e-02 2.583826810e-04 -2.753935110e-06 9.817181380e-04
1.397588000e+00 1.590244200e-01 5.627973760e-05 3.312091010e-02 1.587627640e-01 5.901712880e-05 3.212991390e-02 2.616556430e-04 -2.737391260e-06 9.909961390e-04
1.398021000e+00 1.514232800e-01 1.388803950e-04 3.171245040e-02 1.511591480e-01 1.415793500e-04 3.071320350e-02 2.641320920e-04 -2.698955660e-06 9.992469930e-04
1.398454000e+00 1.558174160e-01 8.473654740e-05 3.034105580e-02 1.555508480e-01 8.741228220e-05 2.933878930e-02 2.665677100e-04 -2.675734810e-06 1.002266510e-03
1.398887000e+00 1.453461740e-01 9.467278940e-05 2.868707760e-02 1.450775500e-01 9.731972910e-05 2.768236700e-02 2.686234790e-04 -2.646939620e-06 1.004710620e-03
1.399310000e+00 1.629511830e-01 1.549055680e-04 3.390572720e-02 1.626796120e-01 1.575074680e-04 3.289296580e-02 2.715716630e-04 -2.601900020e-06 1.012761410e-03
1.399733000e+00 1.926329280e-01 9.447591790e-05 3.633043820e-02 1.923559060e-01 9.705526060e-05 3.530899530e-02 2.770219260e-04 -2.579342750e-06 1.021442950e-03
1.400156000e+00 1.573210380e-01 1.642797980e-04 3.351402970e-02 1.570431720e-01 1.668232340e-04 3.248439150e-02 2.778657260e-04 -2.543436220e-06 1.029638130e-03
1.400579000e+00 1.064984510e-01 1.485380330e-04 3.007662540e-02 1.062257350e-01 1.510496080e-04 2.903732040e-02 2.727159920e-04 -2.511575000e-06 1.039304960e-03
1.401002000e+00 1.185890510e-01 -7.218535490e-05 3.164755680e-02 1.183188170e-01 -6.963894200e-05 3.059924310e-02 2.702341510e-04 -2.546412910e-06 1.048313750e-03
1.401425000e+00 1.662968290e-01 -1.437098550e-04 3.289070820e-02 1.660222610e-01 -1.411094510e-04 3.183987320e-02 2.745679940e-04 -2.600404320e-06 1.050835060e-03
1.401848000e+00 1.778734030e-01 -8.165990520e-05 3.338471080e-02 1.775940250e-01 -7.902309970e-05 3.233338580e-02 2.793776600e-04 -2.636805550e-06 1.051324970e-03
1.402271000e+00 1.690663380e-01 7.037357670e-05 3.390931840e-02 1.687838200e-01 7.299180290e-05 3.285191150e-02 2.825182180e-04 -2.618226160e-06 1.057406940e-03
1.402694000e+00 1.748131500e-01 -2.182087070e-05 3.883248930e-02 1.745278840e-01 -1.919380010e-05 3.776425290e-02 2.852660570e-04 -2.627070580e-06 1.068236360e-03
1.403117000e+00 1.772782380e-01 4.325662390e-05 3.731303970e-02 1.769897650e-01 4.586682340e-05 3.623684870e-02 2.884726890e-04 -2.610199500e-06 1.076190960e-03
1.403540000e+00 1.871303830e-01 2.614228630e-05 3.892928420e-02 1.868378050e-01 2.874808250e-05 3.784569580e-02 2.925784750e-04 -2.605796240e-06 1.083588480e-03
1.403951000e+00 1.994194620e-01 -6.009345790e-05 4.217660560e-02 1.991223770e-01 -5.746592700e-05 4.108533110e-02 2.970850040e-04 -2.627530930e-06 1.091274540e-03
1.404361000e+00 1.469519360e-01 6.859512770e-06 3.576827070e-02 1.466565360e-01 9.490014530e-06 3.466945620e-02 2.953995230e-04 -2.630501770e-06 1.098814500e-03
1.404772000e+00 1.117644900e-01 -1.377967940e-05 3.311313940e-02 1.114744420e-01 -1.113905020e-05 3.200450210e-02 2.900485390e-04 -2.640629120e-06 1.108637320e-03
1.405183000e+00 1.555271110e-01 8.555086780e-05 3.623931030e-02 1.552365580e-01 8.816576250e-05 3.512466470e-02 2.905530420e-04 -2.614894740e-06 1.114645600e-03
1.405593000e+00 1.941296530e-01 -2.586824950e-04 3.700749510e-02 1.938330190e-01 -2.560004580e-04 3.589300590e-02 2.966339600e-04 -2.682036680e-06 1.114489210e-03
1.406004000e+00 1.955435730e-01 -1.739213020e-06 3.777897110e-02 1.952420810e-01 9.349271320e-07 3.666349090e-02 3.014920730e-04 -2.674140150e-06 1.115480210e-03
1.406414000e+00 1.523799310e-01 1.984139630e-04 3.590368510e-02 1.520798320e-01 2.010246030e-04 3.478120570e-02 3.000988990e-04 -2.610639120e-06 1.122479400e-03
1.406825000e+00 1.213928280e-01 2.175398340e-05 3.435510940e-02 1.210973730e-01 2.434633880e-05 3.322333110e-02 2.954550900e-04 -2.592355400e-06 1.131778320e-03
1.407235000e+00 1.645867910e-01 -5.428316450e-05 3.941162370e-02 1.642901070e-01 -5.169021210e-05 3.827253100e-02 2.966842110e-04 -2.592952350e-06 1.139092720e-03
1.407646000e+00 2.213506210e-01 -2.915079130e-04 4.520848240e-02 2.210467020e-01 -2.888553970e-04 4.406303190e-02 3.039192600e-04 -2.652515220e-06 1.145450500e-03
1.408057000e+00 1.994349720e-01 -8.584104020e-05 4.349704100e-02 1.991266480e-01 -8.318368880e-05 4.234493780e-02 3.083242080e-04 -2.657351490e-06 1.152103290e-03
1.408467000e+00 1.499237550e-01 2.804134850e-04 3.716634180e-02 1.496172860e-01 2.829743910e-04 3.600738810e-02 3.064686610e-04 -2.560906030e-06 1.158953740e-03
1.408878000e+00 1.433270220e-01 -4.994360980e-05 3.745861350e-02 1.430231460e-01 -4.738332290e-05 3.629194730e-02 3.038763900e-04 -2.560286900e-06 1.166666260e-03
1.409288000e+00 1.535323270e-01 3.752493600e-05 3.861921410e-02 1.532291600e-01 4.005631800e-05 3.744579920e-02 3.031669500e-04 -2.531382000e-06 1.173414870e-03
1.409699000e+00 1.428865180e-01 8.601133700e-05 3.555917040e-02 1.425848290e-01 8.849798450e-05 3.438048080e-02 3.016885530e-04 -2.486647560e-06 1.178689670e-03
1.410110000e+00 1.608840370e-01 1.758172200e-05 3.931555860e-02 1.605827180e-01 2.004604070e-05 3.813063170e-02 3.013187840e-04 -2.464318750e-06 1.184926920e-03
1.410520000e+00 2.080887520e-01 4.631142850e-05 4.635231950e-02 2.077820940e-01 4.874512850e-05 4.516030690e-02 3.066582110e-04 -2.433700050e-06 1.192012580e-03
1.410931000e+00 2.387153330e-01 3.933146360e-05 5.006730530e-02 2.384003480e-01 4.173614780e-05 4.886789960e-02 3.149850100e-04 -2.404684220e-06 1.199405730e-03
1.411341000e+00 1.654634050e-01 1.729549780e-04 4.133495780e-02 1.651499700e-01 1.752899440e-04 4.012911000e-02 3.134347510e-04 -2.334965310e-06 1.205847790e-03
1.411752000e+00 8.365412370e-02 1.848411440e-05 3.109991450e-02 8.335156730e-02 2.080059730e-05 2.988773870e-02 3.025563880e-04 -2.316482860e-06 1.212175790e-03
1.412162000e+00 1.268159360e-01 4.377782580e-05 3.533123550e-02 1.265175850e-01 4.606973010e-05 3.411316520e-02 2.983508130e-04 -2.291904360e-06 1.218070280e-03
1.412573000e+00 2.167322690e-01 -1.580339240e-05 4.424758580e-02 2.164262920e-01 -1.351723630e-05 4.302869720e-02 3.059772580e-04 -2.286156010e-06 1.218888530e-03
1.412984000e+00 2.275549250e-01 -3.192578810e-05 4.562240950e-02 2.272408310e-01 -2.964173720e-05 4.440461170e-02 3.140943870e-04 -2.284050920e-06 1.217797810e-03
1.413394000e+00 1.909444570e-01 1.627481530e-05 4.516492670e-02 1.906287630e-01 1.854015930e-05 4.393967350e-02 3.156938670e-04 -2.265343960e-06 1.225253230e-03
1.413805000e+00 1.803862450e-01 7.691868330e-05 4.793731910e-02 1.800718090e-01 7.914277530e-05 4.669813990e-02 3.144366250e-04 -2.224092010e-06 1.239179160e-03
1.414215000e+00 1.821432950e-01 3.296956380e-05 4.762156650e-02 1.818286520e-01 3.516918030e-05 4.637201990e-02 3.146436270e-04 -2.199616470e-06 1.249546520e-03
1.414626000e+00 1.810753580e-01 -2.632348620e-05 4.440129470e-02 1.807602720e-01 -2.412565970e-05 4.314598940e-02 3.150857950e-04 -2.197826460e-06 1.255305340e-03
1.415037000e+00 1.721625190e-01 8.969759720e-05 4.433502570e-02 1.718473450e-01 9.186393520e-05 4.307238720e-02 3.151731790e-04 -2.166337990e-06 1.262638460e-03
1.415447000e+00 1.709694450e-01 3.142487170e-05 4.013870500e-02 1.706539170e-01 3.358023910e-05 3.887419810e-02 3.155279750e-04 -2.155367420e-06 1.264506930e-03
1.415858000e+00 1.674368510e-01 9.244545960e-06 3.693099830e-02 1.671207850e-01 1.139111950e-05 3.567112120e-02 3.160657090e-04 -2.146573510e-06 1.259877100e-03
1.416268000e+00 1.776044250e-01 -3.993916050e-05 4.280959660e-02 1.772876610e-01 -3.777823610e-05 4.154719480e-02 3.167638050e-04 -2.160924450e-06 1.262401860e-03
1.416679000e+00 1.921703870e-01 -3.003208140e-05 5.074958510e-02 1.918526390e-01 -2.785393670e-05 4.947337980e-02 3.177479600e-04 -2.178144680e-06 1.276205340e-03
1.417089000e+00 1.973994770e-01 -1.056781150e-04 5.213507970e-02 1.970806410e-01 -1.034583820e-04 5.084547830e-02 3.188356320e-04 -2.219732480e-06 1.289601340e-03
1.417500000e+00 1.910485740e-01 -9.803626650e-05 4.720838540e-02 1.907286900e-01 -9.577783630e-05 4.591268940e-02 3.198836960e-04 -2.258430170e-06 1.295696090e-03
1.417901000e+00 1.986873330e-01 -5.062253990e-05 4.584494620e-02 1.983649630e-01 -4.833777180e-05 4.454735270e-02 3.223702490e-04 -2.284768110e-06 1.297593550e-03
1.418302000e+00 1.836469740e-01 6.060249100e-05 4.667130430e-02 1.833247340e-01 6.287966470e-05 4.536846960e-02 3.222403390e-04 -2.277173660e-06 1.302834700e-03
1.418703000e+00 1.405958510e-01 -6.339953360e-08 4.111782960e-02 1.402790330e-01 2.228403020e-06 3.980895190e-02 3.168189310e-04 -2.291802550e-06 1.308877670e-03
1.419104000e+00 1.328083650e-01 -1.545170960e-05 3.890349220e-02 1.324966120e-01 -1.314431520e-05 3.758881880e-02 3.117526330e-04 -2.307394400e-06 1.314673390e-03
1.419509000e+00 1.833398230e-01 -2.319746260e-05 4.671810310e-02 1.830267510e-01 -2.087369450e-05 4.539824980e-02 3.130714250e-04 -2.323768060e-06 1.319853280e-03
1.419914000e+00 2.276491970e-01 -4.092219950e-05 5.327325860e-02 2.273304800e-01 -3.856841290e-05 5.194962190e-02 3.187171610e-04 -2.353786520e-06 1.323636710e-03
1.420319000e+00 2.024322010e-01 -1.027373740e-04 4.938003560e-02 2.021120640e-01 -1.003311510e-04 4.805144660e-02 3.201377910e-04 -2.406223600e-06 1.328589090e-03
1.420725000e+00 1.478449140e-01 4.250118720e-05 4.134529930e-02 1.475293250e-01 4.491171070e-05 4.001113040e-02 3.155886310e-04 -2.410523520e-06 1.334168940e-03
1.421130000e+00 1.448713090e-01 -4.285031890e-05 4.200594070e-02 1.445599260e-01 -4.041072640e-05 4.066577380e-02 3.113823470e-04 -2.439592560e-06 1.340166920e-03
1.421539000e+00 1.901597200e-01 -1.933328540e-05 4.878805670e-02 1.898464000e-01 -1.686772700e-05 4.744274400e-02 3.133195430e-04 -2.465558380e-06 1.345312660e-03
1.421949000e+00 2.202676640e-01 -2.785664970e-05 5.154387430e-02 2.199496640e-01 -2.535327110e-05 5.019545670e-02 3.179993700e-04 -2.503378620e-06 1.348417530e-03
1.422359000e+00 2.080690190e-01 -1.244486850e-04 5.194946170e-02 2.077485150e-01 -1.218776310e-04 5.059601080e-02 3.205041060e-04 -2.571054540e-06 1.353450880e-03
1.422768000e+00 2.195046480e-01 4.319725650e-04 5.495860850e-02 2.191805210e-01 4.344528950e-04 5.359949340e-02 3.241273140e-04 -2.480329830e-06 1.359115120e-03
1.423178000e+00 2.316758420e-01 -1.319490600e-04 5.752859970e-02 2.313468650e-01 -1.294084940e-04 5.616437420e-02 3.289773630e-04 -2.540566290e-06 1.364225570e-03
1.423588000e+00 1.569684050e-01 3.259921850e-06 4.830925610e-02 1.566452140e-01 5.820559950e-06 4.693582720e-02 3.231913250e-04 -2.560638100e-06 1.373428950e-03
1.423997000e+00 9.096371620e-02 7.388960920e-06 3.587952900e-02 9.065316380e-02 9.966014100e-06 3.449599100e-02 3.105524310e-04 -2.577053190e-06 1.383537990e-03
1.424407000e+00 1.563554420e-01 6.145893420e-05 4.640592550e-02 1.560477290e-01 6.403444160e-05 4.501417910e-02 3.077137020e-04 -2.575507430e-06 1.391746430e-03
1.424817000e+00 2.344009950e-01 -8.127971040e-05 5.760898470e-02 2.340857660e-01 -7.866335830e-05 5.621278290e-02 3.152286170e-04 -2.616352050e-06 1.396201820e-03
1.425226000e+00 2.311193210e-01 -6.759622450e-05 5.727590620e-02 2.307989180e-01 -6.494252580e-05 5.587468340e-02 3.204027890e-04 -2.653698770e-06 1.401222890e-03
1.425636000e+00 1.826576260e-01 -6.430486900e-05 5.024525230e-02 1.823386510e-01 -6.161433600e-05 4.883934300e-02 3.189755760e-04 -2.690532990e-06 1.405909270e-03
1.426051000e+00 1.688069840e-01 9.766771090e-05 4.795249680e-02 1.684908200e-01 1.003401090e-04 4.654316190e-02 3.161640570e-04 -2.672398300e-06 1.409334960e-03
1.426466000e+00 1.708317240e-01 2.030647050e-04 4.907784340e-02 1.705170450e-01 2.056967260e-04 4.766335030e-02 3.146793660e-04 -2.632021580e-06 1.414493100e-03
1.426881000e+00 1.751473590e-01 5.751329520e-05 5.035335570e-02 1.748337760e-01 6.014742390e-05 4.893257530e-02 3.135823890e-04 -2.634128710e-06 1.420780470e-03
1.427296000e+00 1.841873950e-01 2.459331940e-04 5.209518750e-02 1.838744830e-01 2.485005700e-04 5.066864670e-02 3.129121480e-04 -2.567376190e-06 1.426540810e-03
1.427711000e+00 1.895854070e-01 8.678313370e-05 5.133479610e-02 1.892728260e-01 8.934235770e-05 4.990405290e-02 3.125811860e-04 -2.559224000e-06 1.430743250e-03
1.428131000e+00 1.889784530e-01 1.122848200e-04 4.877927450e-02 1.886660670e-01 1.148280370e-04 4.734731480e-02 3.123868480e-04 -2.543217420e-06 1.431959680e-03
1.428552000e+00 1.889762540e-01 2.342678520e-04 5.119025320e-02 1.886640840e-01 2.367645780e-04 4.975156570e-02 3.121697180e-04 -2.496725650e-06 1.438687430e-03
1.428973000e+00 1.989434870e-01 -8.067087760e-05 5.931664090e-02 1.986314540e-01 -7.811395980e-05 5.786402530e-02 3.120328660e-04 -2.556917790e-06 1.452615610e-03
1.429393000e+00 2.006387170e-01 1.362665790e-04 5.788265650e-02 2.003268520e-01 1.388050550e-04 5.642025570e-02 3.118653650e-04 -2.538475800e-06 1.462400800e-03
1.429814000e+00 1.886191450e-01 9.731944600e-05 5.175482310e-02 1.883074220e-01 9.986017620e-05 5.028974840e-02 3.117223010e-04 -2.540730250e-06 1.465074660e-03
1.430235000e+00 1.992082760e-01 5.261258090e-05 5.357032040e-02 1.988954470e-01 5.517306970e-05 5.210280680e-02 3.128285850e-04 -2.560488880e-06 1.467513590e-03
1.430662000e+00 1.622364330e-01 -1.823763000e-04 4.799256600e-02 1.619277160e-01 -1.797240880e-04 4.652059160e-02 3.087167290e-04 -2.652211630e-06 1.471974400e-03
1.431089000e+00 1.314268690e-01 -4.093109610e-05 4.357312290e-02 1.311260290e-01 -3.822821050e-05 4.209446760e-02 3.008405010e-04 -2.702885580e-06 1.478655290e-03
1.431516000e+00 1.597544780e-01 -8.868919710e-05 4.607834350e-02 1.594564210e-01 -8.591638580e-05 4.459564640e-02 2.980565150e-04 -2.772811300e-06 1.482697070e-03
1.431943000e+00 2.028574630e-01 -7.459491660e-05 5.566954900e-02 2.025568030e-01 -7.175299400e-05 5.418412880e-02 3.006604750e-04 -2.841922590e-06 1.485420280e-03
1.432378000e+00 1.907968880e-01 -1.900662020e-05 5.234087300e-02 1.904954180e-01 -1.610919420e-05 5.085258470e-02 3.014691480e-04 -2.897426080e-06 1.488288290e-03
1.432812000e+00 2.028081700e-01 -1.784067480e-05 5.881574930e-02 2.025058430e-01 -1.488323440e-05 5.731707390e-02 3.023276070e-04 -2.957440400e-06 1.498675350e-03
1.433246000e+00 2.318086100e-01 4.770356890e-05 6.785746080e-02 2.315037590e-01 5.070060290e-05 6.634517870e-02 3.048506890e-04 -2.997033990e-06 1.512282120e-03
1.433681000e+00 1.784199000e-01 -1.940120240e-04 5.363454400e-02 1.781180580e-01 -1.909092800e-04 5.211644690e-02 3.018420870e-04 -3.102743950e-06 1.518097060e-03
1.434115000e+00 1.459854940e-01 -4.896204950e-05 4.447706090e-02 1.456896800e-01 -4.579517100e-05 4.295847100e-02 2.958144090e-04 -3.166878540e-06 1.518589920e-03
1.434549000e+00 1.612505020e-01 -2.440987930e-04 4.921061080e-02 1.609583990e-01 -2.408097000e-04 4.768774100e-02 2.921036790e-04 -3.289092550e-06 1.522869780e-03
1.434992000e+00 1.660961690e-01 -1.937312620e-04 4.903117700e-02 1.658072420e-01 -1.903368550e-04 4.750304360e-02 2.889272190e-04 -3.394406980e-06 1.528133390e-03
1.435434000e+00 1.590669230e-01 -1.166057140e-04 4.730979280e-02 1.587813940e-01 -1.131248600e-04 4.577706130e-02 2.855295770e-04 -3.480853920e-06 1.532731510e-03
1.435877000e+00 1.567630680e-01 -1.092592700e-06 4.744782370e-02 1.564810990e-01 2.437516040e-06 4.591195650e-02 2.819693220e-04 -3.530108740e-06 1.535867180e-03
1.436319000e+00 1.504899790e-01 -6.672452340e-05 4.561885690e-02 1.502125370e-01 -6.312462160e-05 4.408159910e-02 2.774426160e-04 -3.599901780e-06 1.537257740e-03
1.436761000e+00 1.987319910e-01 -6.680246390e-05 5.885979730e-02 1.984531460e-01 -6.312908420e-05 5.731416990e-02 2.788450040e-04 -3.673379670e-06 1.545627410e-03
1.437213000e+00 2.456956600e-01 1.681376690e-05 6.995474010e-02 2.454107560e-01 2.053593750e-05 6.839519800e-02 2.849047150e-04 -3.722170540e-06 1.559542120e-03
1.437656000e+00 2.013125780e-01 3.201944300e-05 5.926329840e-02 2.010280610e-01 3.578621180e-05 5.769700650e-02 2.845170350e-04 -3.766768870e-06 1.566291880e-03
1.438108000e+00 1.661806830e-01 4.757713150e-06 4.877804890e-02 1.659002360e-01 8.574809720e-06 4.721163320e-02 2.804474380e-04 -3.817096580e-06 1.566415790e-03
1.438560000e+00 1.661206670e-01 -5.911649210e-05 5.055827960e-02 1.658437570e-01 -5.522454790e-05 4.898842070e-02 2.769105650e-04 -3.891944200e-06 1.569858900e-03
1.439012000e+00 1.101033580e-01 -2.229354880e-05 3.943573220e-02 1.098370660e-01 -1.833993020e-05 3.786072080e-02 2.662928760e-04 -3.953618610e-06 1.575011390e-03
1.439464000e+00 1.117269050e-01 5.930541740e-05 4.054688030e-02 1.114699710e-01 6.329103830e-05 3.896662350e-02 2.569340520e-04 -3.985620920e-06 1.580256760e-03
1.439916000e+00 2.184044070e-01 8.538421520e-05 6.352635250e-02 2.181423810e-01 8.939440600e-05 6.194229980e-02 2.620257360e-04 -4.010190810e-06 1.584052710e-03
1.440380000e+00 2.363995780e-01 5.412815010e-05 6.562751750e-02 2.361298410e-01 5.817465450e-05 6.404223170e-02 2.697371360e-04 -4.046504440e-06 1.585285850e-03
1.440843000e+00 1.602788290e-01 1.077322780e-04 5.189289070e-02 1.600150750e-01 1.117943110e-04 5.029908270e-02 2.637540310e-04 -4.062032720e-06 1.593808070e-03
1.441307000e+00 1.390619270e-01 5.479659870e-05 5.244544440e-02 1.388080060e-01 5.889224050e-05 5.083551000e-02 2.539201990e-04 -4.095641710e-06 1.609934440e-03
1.441771000e+00 1.310752610e-01 -1.101635130e-04 4.402500670e-02 1.308285410e-01 -1.059803290e-04 4.241196510e-02 2.467195590e-04 -4.183183890e-06 1.613041650e-03
1.442235000e+00 8.936549650e-02 6.461717930e-06 2.958825240e-02 8.912905280e-02 1.068918570e-05 2.798460490e-02 2.364437940e-04 -4.227467800e-06 1.603647510e-03
1.442698000e+00 1.633244160e-01 7.579213840e-05 4.904631070e-02 1.630900260e-01 8.003931910e-05 4.744079210e-02 2.343897740e-04 -4.247180690e-06 1.605518530e-03
1.443176000e+00 2.921713360e-01 1.131263710e-04 8.374322720e-02 2.919237460e-01 1.173850040e-04 8.212207870e-02 2.475900470e-04 -4.258633140e-06 1.621148520e-03
1.443640000e+00 2.281657750e-01 1.145929630e-04 6.927190570e-02 2.279154710e-01 1.188685280e-04 6.764103910e-02 2.503036530e-04 -4.275564920e-06 1.630866580e-03
1.444103000e+00 7.328786180e-02 6.346921790e-05 3.185823260e-02 7.305605680e-02 6.778220970e-05 3.022633150e-02 2.318049960e-04 -4.312991820e-06 1.631901160e-03
1.444582000e+00 8.753068800e-02 1.358183840e-04 3.641172950e-02 8.731221620e-02 1.401385530e-04 3.477649110e-02 2.184717980e-04 -4.320168380e-06 1.635238370e-03
1.445061000e+00 1.865889180e-01 1.042884670e-04 5.736327410e-02 1.863680850e-01 1.086271840e-04 5.572288790e-02 2.208328870e-04 -4.338717250e-06 1.640386200e-03
1.445541000e+00 1.924860260e-01 1.854786570e-04 5.949802990e-02 1.922638450e-01 1.898081390e-04 5.785272030e-02 2.221809950e-04 -4.329482040e-06 1.645309580e-03
1.446020000e+00 1.980552960e-01 6.117920310e-05 6.336843500e-02 1.978328330e-01 6.554101380e-05 6.171372370e-02 2.224625400e-04 -4.361810670e-06 1.654711330e-03
1.446499000e+00 2.139457600e-01 1.870809000e-04 6.897108620e-02 2.137213780e-01 1.914276390e-04 6.730522430e-02 2.243817480e-04 -4.346739110e-06 1.665861830e-03
1.446978000e+00 1.089633770e-01 1.475572840e-04 4.083184470e-02 1.087507080e-01 1.519024110e-04 3.916570890e-02 2.126692410e-04 -4.345127410e-06 1.666135860e-03
1.447457000e+00 5.896557790e-02 7.626183920e-05 2.706611690e-02 5.876855450e-02 8.062625490e-05 2.540371610e-02 1.970234130e-04 -4.364415670e-06 1.662400740e-03
1.447937000e+00 1.375644510e-01 1.484008000e-04 4.860246410e-02 1.373730850e-01 1.527571990e-04 4.693293330e-02 1.913664410e-04 -4.356399100e-06 1.669530810e-03
1.448416000e+00 1.708648160e-01 5.723736460e-05 6.009138100e-02 1.706776070e-01 6.161940740e-05 5.840875310e-02 1.872091320e-04 -4.382042710e-06 1.682627880e-03
1.448895000e+00 1.770388980e-01 4.820469160e-05 5.847944710e-02 1.768523260e-01 5.261908580e-05 5.679327190e-02 1.865719300e-04 -4.414394220e-06 1.686175180e-03
1.449374000e+00 2.059621560e-01 -2.522662290e-05 6.153282630e-02 2.057698360e-01 -2.076182280e-05 5.985050130e-02 1.923197190e-04 -4.464800080e-06 1.682324970e-03
1.449853000e+00 1.693173320e-01 6.213186890e-05 5.751429790e-02 1.691292310e-01 6.662290390e-05 5.582750520e-02 1.881001910e-04 -4.491035020e-06 1.686792720e-03
1.450333000e+00 1.113970050e-01 7.834252350e-05 4.674862650e-02 1.112225670e-01 8.285929200e-05 4.504997220e-02 1.744375210e-04 -4.516768490e-06 1.698654360e-03
1.450812000e+00 1.156257240e-01 8.513265490e-05 4.526203900e-02 1.154609990e-01 8.967056780e-05 4.355569610e-02 1.647251620e-04 -4.537912950e-06 1.706342890e-03
1.451291000e+00 1.170622350e-01 1.074470210e-04 4.680724700e-02 1.169082730e-01 1.119998980e-04 4.509414090e-02 1.539621580e-04 -4.552877450e-06 1.713106080e-03
1.451770000e+00 1.179752130e-01 9.836070980e-06 4.608028520e-02 1.178285200e-01 1.444274290e-05 4.436265170e-02 1.466926800e-04 -4.606671960e-06 1.717633480e-03
1.452249000e+00 2.030255140e-01 -1.432402360e-04 6.127361160e-02 2.028716900e-01 -1.385175560e-04 5.956184630e-02 1.538242220e-04 -4.722680440e-06 1.711765290e-03
1.452729000e+00 1.826854220e-01 -1.884139470e-05 5.948264790e-02 1.825299820e-01 -1.403984980e-05 5.777215410e-02 1.554396600e-04 -4.801544930e-06 1.710493800e-03
1.453208000e+00 1.227137600e-01 1.099848150e-04 5.250941030e-02 1.225700920e-01 1.148175810e-04 5.078339020e-02 1.436676920e-04 -4.832766530e-06 1.726020070e-03
1.453687000e+00 1.193340820e-01 7.222053460e-05 4.978172140e-02 1.192004030e-01 7.710284470e-05 4.804299220e-02 1.336793020e-04 -4.882310140e-06 1.738729140e-03
1.454166000e+00 1.053526920e-01 5.346356090e-05 3.999696240e-02 1.052279180e-01 5.840638650e-05 3.826205750e-02 1.247740970e-04 -4.942825660e-06 1.734904880e-03
1.454646000e+00 1.167501140e-01 2.507014490e-04 3.952661840e-02 1.166327500e-01 2.556350870e-04 3.779678660e-02 1.173642720e-04 -4.933637980e-06 1.729831750e-03
1.455125000e+00 1.124625840e-01 1.624458740e-04 4.578627040e-02 1.123533510e-01 1.674050110e-04 4.405016730e-02 1.092331980e-04 -4.959137020e-06 1.736103130e-03
1.455604000e+00 1.115574550e-01 2.452048050e-05 4.728531720e-02 1.114570600e-01 2.955504550e-05 4.554101540e-02 1.003956240e-04 -5.034565040e-06 1.744301840e-03
1.456083000e+00 1.532636000e-01 2.370178430e-04 5.676953830e-02 1.531650880e-01 2.420508240e-04 5.502058750e-02 9.851191600e-05 -5.032981130e-06 1.748950780e-03
1.456562000e+00 1.644180940e-01 2.781649310e-04 5.805009920e-02 1.643192150e-01 2.831769080e-04 5.629876940e-02 9.887974400e-05 -5.011976690e-06 1.751329760e-03
1.457042000e+00 1.319183380e-01 1.590170810e-04 5.229211670e-02 1.318261220e-01 1.640579650e-04 5.053521590e-02 9.221583150e-05 -5.040884470e-06 1.756900820e-03
1.457521000e+00 1.177768190e-01 1.797699640e-04 5.195234530e-02 1.176937510e-01 1.848282020e-04 5.018551560e-02 8.306810880e-05 -5.058237600e-06 1.766829710e-03
1.458000000e+00 1.207895710e-01 7.266560190e-05 4.870885390e-02 1.207135440e-01 7.778219440e-05 4.693990890e-02 7.602679360e-05 -5.116592560e-06 1.768944950e-03
1.458513000e+00 1.105168290e-01 2.133645920e-04 4.429915510e-02 1.104476510e-01 2.184968700e-04 4.253546780e-02 6.917826090e-05 -5.132277730e-06 1.763687360e-03
1.459032000e+00 1.105983980e-01 2.372441920e-04 4.429029970e-02 1.105362710e-01 2.423805420e-04 4.252349620e-02 6.212742440e-05 -5.136350180e-06 1.766803540e-03
1.459551000e+00 1.491542470e-01 1.512721260e-04 5.959454810e-02 1.490963960e-01 1.564485030e-04 5.781669400e-02 5.785075870e-05 -5.176376960e-06 1.777854080e-03
1.460071000e+00 1.094483040e-01 1.270040460e-04 4.753565520e-02 1.094003840e-01 1.322331440e-04 4.575190330e-02 4.792020030e-05 -5.229097970e-06 1.783751870e-03
1.460590000e+00 7.720188420e-02 1.765741400e-04 3.926317630e-02 7.716870710e-02 1.818345500e-04 3.747443740e-02 3.317708030e-05 -5.260409510e-06 1.788739000e-03
1.461102000e+00 1.059407970e-01 1.815552220e-04 4.617743820e-02 1.059146620e-01 1.868410460e-04 4.438555440e-02 2.613491530e-05 -5.285823850e-06 1.791883840e-03
1.461615000e+00 1.181474510e-01 1.241778030e-04 4.855326790e-02 1.181255420e-01 1.295091360e-04 4.676056490e-02 2.190901210e-05 -5.331333210e-06 1.792703040e-03
1.462127000e+00 1.240579490e-01 2.019767960e-04 5.397157920e-02 1.240413100e-01 2.073286180e-04 5.217361970e-02 1.663845870e-05 -5.351821620e-06 1.797959490e-03
1.462639000e+00 1.275198240e-01 1.158161770e-04 5.748862540e-02 1.275084880e-01 1.212189150e-04 5.568296700e-02 1.133533360e-05 -5.402738520e-06 1.805658460e-03
1.463151000e+00 1.113082430e-01 8.561780990e-05 4.924536220e-02 1.113025490e-01 9.108586700e-05 4.743664030e-02 5.694050470e-06 -5.468057140e-06 1.808721890e-03
1.463664000e+00 1.378671460e-01 8.674187700e-05 5.628595670e-02 1.378635050e-01 9.227988020e-05 5.447565450e-02 3.641041750e-06 -5.538003230e-06 1.810302180e-03
1.464176000e+00 6.177302620e-02 2.409002430e-04 3.593379230e-02 6.178454330e-02 2.464591430e-04 3.411855570e-02 -1.151709540e-05 -5.558900050e-06 1.815236610e-03
1.464688000e+00 1.807128820e-02 3.445456760e-04 2.575956610e-02 1.810564660e-02 3.500918050e-04 2.393590440e-02 -3.435844310e-05 -5.546129400e-06 1.823661710e-03
1.465201000e+00 1.304425270e-01 2.100043700e-04 5.430233470e-02 1.304764110e-01 2.155938300e-04 5.247942900e-02 -3.388464980e-05 -5.589459650e-06 1.822905670e-03
1.465713000e+00 1.880302020e-01 -2.875652590e-06 6.834183010e-02 1.880536470e-01 2.846377490e-06 6.652470520e-02 -2.344583340e-05 -5.722030080e-06 1.817124990e-03
1.466225000e+00 7.176085940e-02 7.495581520e-05 4.076125090e-02 7.179841250e-02 8.077822350e-05 3.893891220e-02 -3.755307790e-05 -5.822408290e-06 1.822338640e-03
1.466738000e+00 1.843914250e-02 1.053310150e-04 2.640350010e-02 1.849747980e-02 1.112347590e-04 2.457380160e-02 -5.833732880e-05 -5.903744780e-06 1.829698430e-03
1.467250000e+00 8.211442270e-02 1.676030510e-04 4.688366910e-02 8.218193530e-02 1.735620650e-04 4.504391170e-02 -6.751260130e-05 -5.959013850e-06 1.839757340e-03
1.467762000e+00 9.505166940e-02 9.353371830e-05 5.228432320e-02 9.512749670e-02 9.957563430e-05 5.043079960e-02 -7.582738440e-05 -6.041916020e-06 1.853523550e-03
1.468274000e+00 1.045724040e-01 2.657246940e-04 4.909635010e-02 1.046511880e-01 2.717915120e-04 4.724571180e-02 -7.878385030e-05 -6.066818480e-06 1.850638320e-03
1.468787000e+00 1.194458810e-01 3.346584790e-04 4.917591500e-02 1.195246290e-01 3.407186500e-04 4.733413220e-02 -7.874764310e-05 -6.060171190e-06 1.841782820e-03
1.469299000e+00 8.886305210e-02 3.132157840e-04 4.678148930e-02 8.894967710e-02 3.192722240e-04 4.493567760e-02 -8.662501840e-05 -6.056440240e-06 1.845811650e-03
1.469811000e+00 9.734006810e-02 3.503436730e-04 5.012103920e-02 9.743427070e-02 3.563794490e-04 4.826860850e-02 -9.420257840e-05 -6.035775760e-06 1.852430700e-03
1.470324000e+00 4.917233790e-02 1.206220830e-04 3.520167490e-02 4.928040800e-02 1.267239540e-04 3.334699870e-02 -1.080701790e-04 -6.101871240e-06 1.854676180e-03
1.470836000e+00 3.032166310e-02 1.561590890e-04 3.150621890e-02 3.044518910e-02 1.623192330e-04 2.964948080e-02 -1.235260670e-04 -6.160144430e-06 1.856738180e-03
1.471358000e+00 8.150197300e-02 2.197754340e-04 4.624510610e-02 8.163183490e-02 2.259592230e-04 4.438281260e-02 -1.298619160e-04 -6.183789280e-06 1.862293480e-03
1.471880000e+00 1.087769520e-01 3.508361210e-04 5.705296700e-02 1.089117480e-01 3.569906460e-04 5.518325540e-02 -1.347963460e-04 -6.154525480e-06 1.869711610e-03
1.472402000e+00 8.640436000e-02 1.473860140e-04 4.830541080e-02 8.654564300e-02 1.535911020e-04 4.643272650e-02 -1.412830450e-04 -6.205087710e-06 1.872684290e-03
1.472924000e+00 8.659722900e-02 3.007382330e-04 4.823339350e-02 8.674486380e-02 3.069338970e-04 4.635815040e-02 -1.476347860e-04 -6.195663860e-06 1.875243080e-03
1.473446000e+00 8.959207410e-02 2.114905610e-04 4.947625270e-02 8.974538080e-02 2.177045000e-04 4.759450520e-02 -1.533066460e-04 -6.213939090e-06 1.881747520e-03
1.473968000e+00 9.600830050e-02 1.497133930e-04 5.343458890e-02 9.616741960e-02 1.559798850e-04 5.154588930e-02 -1.591191460e-04 -6.266491860e-06 1.888699570e-03
1.474490000e+00 2.583576040e-02 2.185731300e-04 2.890376080e-02 2.600902200e-02 2.248632590e-04 2.701925320e-02 -1.732616350e-04 -6.290129620e-06 1.884507590e-03
1.475012000e+00 2.938409220e-02 5.593398330e-05 3.271147660e-02 2.956985020e-02 6.230196350e-05 3.082859560e-02 -1.857580200e-04 -6.367980160e-06 1.882880990e-03
1.475534000e+00 9.790515540e-02 1.986648690e-04 5.636762360e-02 9.809409460e-02 2.050565770e-04 5.447479300e-02 -1.889392000e-04 -6.391707510e-06 1.892830530e-03
1.476056000e+00 8.267221020e-02 2.531126120e-04 5.089051810e-02 8.286686170e-02 2.595042330e-04 4.899068430e-02 -1.946514520e-04 -6.391620410e-06 1.899833820e-03
1.476577000e+00 1.633801920e-02 2.432422490e-04 2.628424300e-02 1.654660970e-02 2.496305330e-04 2.438840930e-02 -2.085904410e-04 -6.388283920e-06 1.895833670e-03
1.477099000e+00 4.232588600e-02 1.469554680e-04 3.492992960e-02 4.254439100e-02 1.533727790e-04 3.303527310e-02 -2.185049230e-04 -6.417310570e-06 1.894656420e-03
1.477621000e+00 9.206852510e-02 3.708739230e-05 5.313054760e-02 9.228890650e-02 4.356913420e-05 5.123318680e-02 -2.203813450e-04 -6.481741870e-06 1.897360760e-03
1.478143000e+00 7.678033110e-02 9.160849810e-05 4.519214580e-02 7.700577830e-02 9.811840320e-05 4.329323850e-02 -2.254472040e-04 -6.509905150e-06 1.898907370e-03
1.478665000e+00 3.945510910e-02 1.107498020e-04 3.867070920e-02 3.969251720e-02 1.172795990e-04 3.676568830e-02 -2.374080590e-04 -6.529797080e-06 1.905020880e-03
1.479187000e+00 4.587878430e-02 4.631314950e-05 4.217893650e-02 4.612640260e-02 5.288340940e-05 4.026869580e-02 -2.476183090e-04 -6.570259880e-06 1.910240670e-03
1.479709000e+00 3.391958420e-02 8.711992440e-05 3.683378250e-02 3.417780150e-02 9.371656780e-05 3.492046130e-02 -2.582172930e-04 -6.596643410e-06 1.913321180e-03
1.480231000e+00 2.513056310e-02 2.549939530e-04 3.204891080e-02 2.539897390e-02 2.615517410e-04 3.013428200e-02 -2.684108240e-04 -6.557788900e-06 1.914628820e-03
1.480753000e+00 2.201741350e-02 2.398944940e-04 3.003547010e-02 2.229630390e-02 2.464174100e-04 2.812309120e-02 -2.788903690e-04 -6.522916090e-06 1.912378910e-03
1.481291000e+00 5.514481210e-02 1.794277210e-04 4.325775300e-02 5.542992180e-02 1.859306620e-04 4.134352740e-02 -2.851097000e-04 -6.502940980e-06 1.914225590e-03
1.481829000e+00 1.114953480e-01 1.964944750e-04 6.446108300e-02 1.117789210e-01 2.029636060e-04 6.253909780e-02 -2.835730940e-04 -6.469130950e-06 1.921985180e-03
1.482350000e+00 2.535614370e-02 2.646311480e-04 3.463864040e-02 2.565138620e-02 2.710408420e-04 3.271820930e-02 -2.952425190e-04 -6.409693310e-06 1.920431070e-03
1.482888000e+00 -5.864028450e-02 2.544762400e-04 1.717093660e-03 -5.832317900e-02 2.608252530e-04 -1.918555860e-04 -3.171055650e-04 -6.349012830e-06 1.908949240e-03
1.483426000e+00 5.623536550e-02 2.291812920e-04 4.587211420e-02 5.655717230e-02 2.354728350e-04 4.395605960e-02 -3.218067610e-04 -6.291543020e-06 1.916054550e-03
1.483965000e+00 1.236301170e-01 3.281550550e-04 7.405858270e-02 1.239490160e-01 3.343432910e-04 7.212508300e-02 -3.188997330e-04 -6.188236770e-06 1.933499650e-03
1.484503000e+00 -1.358041630e-02 1.473723130e-04 1.939077590e-02 -1.324553180e-02 1.535333430e-04 1.746177730e-02 -3.348845820e-04 -6.161030490e-06 1.928998560e-03
1.485041000e+00 -5.264013080e-02 2.933936530e-04 4.964913980e-03 -5.228549770e-02 2.994683090e-04 3.044664340e-03 -3.546330880e-04 -6.074656230e-06 1.920249640e-03
1.485580000e+00 8.178585110e-02 1.966981420e-04 5.675067250e-02 8.214032550e-02 2.027261860e-04 5.482376830e-02 -3.544743870e-04 -6.028043810e-06 1.926904170e-03
1.486118000e+00 9.734665390e-02 1.303559620e-04 6.533114620e-02 9.770090260e-02 1.363639900e-04 6.339609610e-02 -3.542486960e-04 -6.008027820e-06 1.935050130e-03
1.486656000e+00 -3.470854610e-02 2.307534110e-04 1.394366240e-02 -3.433601390e-02 2.367022240e-04 1.201480150e-02 -3.725321840e-04 -5.948813280e-06 1.928860830e-03
1.487195000e+00 -2.476202670e-02 -9.497688850e-05 1.774858800e-02 -2.437424790e-02 -8.895051730e-05 1.582337590e-02 -3.877788230e-04 -6.026371180e-06 1.925212090e-03
1.487733000e+00 4.845298720e-02 -1.067735170e-05 4.983151750e-02 4.884732120e-02 -4.627777130e-06 4.789516940e-02 -3.943339830e-04 -6.049574550e-06 1.936348020e-03
1.488272000e+00 2.862062910e-02 1.904801200e-04 3.883180580e-02 2.902309080e-02 1.964735150e-04 3.689171160e-02 -4.024616600e-04 -5.993395110e-06 1.940094260e-03
1.488810000e+00 -1.863848960e-03 1.255733560e-04 1.955707790e-02 -1.454614500e-03 1.315419090e-04 1.763346990e-02 -4.092344580e-04 -5.968553300e-06 1.923608030e-03
1.489348000e+00 1.005317630e-02 1.215361340e-04 2.946033570e-02 1.047166080e-02 1.274830770e-04 2.754060640e-02 -4.184845100e-04 -5.946943270e-06 1.919729280e-03
1.489887000e+00 -1.853651460e-02 3.800680780e-05 3.040689020e-02 -1.809870250e-02 4.395474590e-05 2.847251250e-02 -4.378120820e-04 -5.947938110e-06 1.934377660e-03
1.490425000e+00 2.008792670e-02 9.283646560e-05 3.887893270e-02 2.053319200e-02 9.877530820e-05 3.694120810e-02 -4.452652790e-04 -5.938842640e-06 1.937724590e-03
1.490963000e+00 7.583145190e-02 2.094569970e-04 5.240680560e-02 7.627097080e-02 2.153437810e-04 5.047511700e-02 -4.395189020e-04 -5.886783810e-06 1.931688550e-03
1.491502000e+00 1.087584980e-03 2.173824010e-04 2.845437830e-02 1.538397590e-03 2.231937940e-04 2.652303360e-02 -4.508126060e-04 -5.811393530e-06 1.931344720e-03
1.492040000e+00 -3.501361810e-02 -4.756246570e-05 1.912620490e-02 -3.454462230e-02 -4.172312620e-05 1.719155430e-02 -4.689958140e-04 -5.839339540e-06 1.934650600e-03
1.492578000e+00 -3.222671500e-02 1.115316160e-04 1.795516850e-02 -3.174357490e-02 1.173343640e-04 1.602150040e-02 -4.831400420e-04 -5.802748490e-06 1.933668090e-03
1.493117000e+00 -3.132503810e-02 1.632123730e-04 2.008912830e-02 -3.082694700e-02 1.689556750e-04 1.815605940e-02 -4.980910670e-04 -5.743302090e-06 1.933068950e-03
1.493655000e+00 4.997792150e-02 -2.616032470e-05 4.606682590e-02 5.047547230e-02 -2.040155170e-05 4.413730700e-02 -4.975507730e-04 -5.758773060e-06 1.929518930e-03
1.494193000e+00 5.571370300e-02 6.462523000e-05 4.752006020e-02 5.620955680e-02 7.035468270e-05 4.559492230e-02 -4.958537930e-04 -5.729452680e-06 1.925137830e-03
1.494732000e+00 -2.402520110e-02 1.210131170e-04 2.193753660e-02 -2.351426920e-02 1.267033780e-04 2.001253590e-02 -5.109318410e-04 -5.690261120e-06 1.925000700e-03
1.495270000e+00 -4.407672680e-02 1.622488310e-04 1.262395730e-02 -4.355089440e-02 1.678776140e-04 1.069999600e-02 -5.258324070e-04 -5.628782970e-06 1.923961380e-03
1.495808000e+00 -5.046857900e-02 -9.902341600e-06 1.178445880e-02 -4.992684280e-02 -4.274816770e-06 9.863984550e-03 -5.417361260e-04 -5.627524830e-06 1.920474270e-03
1.496347000e+00 -3.230576140e-02 4.016933480e-05 2.079310000e-02 -3.175199180e-02 4.577462210e-05 1.887403350e-02 -5.537696210e-04 -5.605287290e-06 1.919066580e-03
1.496885000e+00 7.772450370e-02 7.555099380e-05 6.038355190e-02 7.827072090e-02 8.112278320e-05 5.846269960e-02 -5.462171390e-04 -5.571789450e-06 1.920852270e-03
1.497423000e+00 2.326669890e-02 1.009861290e-04 3.917376730e-02 2.381823790e-02 1.065167200e-04 3.725366350e-02 -5.515390620e-04 -5.530590790e-06 1.920103860e-03
1.497962000e+00 -1.305771060e-01 2.671512590e-04 -1.667353720e-02 -1.299944680e-01 2.725759650e-04 -1.859133330e-02 -5.826387690e-04 -5.424705890e-06 1.917796110e-03
1.498500000e+00 -5.794106490e-02 3.174630220e-04 7.143545380e-03 -5.734696330e-02 3.227578580e-04 5.229602690e-03 -5.941016520e-04 -5.294835470e-06 1.913942680e-03
1.499070000e+00 7.165178600e-02 2.862773200e-05 5.559982980e-02 7.223610210e-02 3.390481090e-05 5.369267730e-02 -5.843160960e-04 -5.277078960e-06 1.907152510e-03
1.499641000e+00 -1.842771360e-02 2.046872730e-04 2.445589120e-02 -1.783256190e-02 2.098610110e-04 2.255119620e-02 -5.951517020e-04 -5.173737700e-06 1.904695070e-03
1.500211000e+00 -5.770697660e-02 6.343586770e-05 1.252122920e-02 -5.709379670e-02 6.858023570e-05 1.061696410e-02 -6.131799600e-04 -5.144367960e-06 1.904265160e-03
1.500782000e+00 -2.890469990e-02 3.239076890e-05 2.421366830e-02 -2.827854210e-02 3.752284970e-05 2.230589160e-02 -6.261577490e-04 -5.132080790e-06 1.907776770e-03
1.501352000e+00 -3.556430250e-02 2.479937210e-04 2.053562020e-02 -3.492546790e-02 2.530087460e-04 1.862514950e-02 -6.388345470e-04 -5.015025110e-06 1.910470700e-03
1.501923000e+00 -5.678859630e-02 1.331526730e-04 3.810239300e-03 -5.614229730e-02 1.381107350e-04 1.918523680e-03 -6.462989610e-04 -4.958061860e-06 1.891715620e-03
1.502502000e+00 -3.883844470e-02 1.250224030e-04 1.443068280e-02 -3.818487300e-02 1.299308990e-04 1.254908950e-02 -6.535717260e-04 -4.908496450e-06 1.881593280e-03
1.503081000e+00 8.035935480e-03 8.571081710e-05 4.004067970e-02 8.693498790e-03 9.057686420e-05 3.815064460e-02 -6.575633060e-04 -4.866047070e-06 1.890035050e-03
1.503661000e+00 -3.702246370e-02 -5.240969390e-05 1.928583610e-02 -3.635340190e-02 -4.751996190e-05 1.739822480e-02 -6.690618360e-04 -4.889732000e-06 1.887611310e-03
1.504240000e+00 -9.189348490e-02 4.145705660e-06 -1.991819310e-03 -9.120582090e-02 9.033172600e-06 -3.872487470e-03 -6.876640580e-04 -4.887466930e-06 1.880668160e-03
1.504819000e+00 -5.326437190e-02 3.476216510e-04 7.777111040e-03 -5.257038480e-02 3.523584890e-04 5.907326350e-03 -6.939871310e-04 -4.736837550e-06 1.869784690e-03
1.505399000e+00 -3.399091440e-02 2.526562880e-04 1.614796830e-02 -3.329229830e-02 2.572830060e-04 1.428868320e-02 -6.986161060e-04 -4.626717710e-06 1.859285090e-03
1.505978000e+00 -7.059071090e-02 2.457926340e-04 9.361439160e-03 -6.987528930e-02 2.503117490e-04 7.498240350e-03 -7.154216580e-04 -4.519115420e-06 1.863198800e-03
1.506557000e+00 -5.896154740e-02 7.576082120e-05 1.352901100e-02 -5.823357740e-02 8.024947400e-05 1.166587130e-02 -7.279700560e-04 -4.488652780e-06 1.863139670e-03
1.507126000e+00 -3.056099730e-02 -4.722002620e-05 1.992653230e-02 -2.983013020e-02 -4.269527410e-05 1.807514570e-02 -7.308670320e-04 -4.524752100e-06 1.851386590e-03
1.507696000e+00 -4.655964480e-02 9.958903090e-05 1.299471580e-02 -4.582243440e-02 1.040747110e-04 1.115044020e-02 -7.372104540e-04 -4.485679900e-06 1.844275610e-03
1.508265000e+00 -5.235816630e-02 7.231670020e-05 1.216076180e-02 -5.161302040e-02 7.677987530e-05 1.032145360e-02 -7.451459780e-04 -4.463175110e-06 1.839308140e-03
1.508834000e+00 -3.449302950e-02 1.980706500e-04 2.272166780e-02 -3.374213640e-02 2.024494150e-04 2.088375340e-02 -7.508930840e-04 -4.378765080e-06 1.837914430e-03
1.509403000e+00 -3.330412090e-02 6.076767350e-05 2.238143190e-02 -3.254814670e-02 6.512323550e-05 2.054415770e-02 -7.559742310e-04 -4.355561980e-06 1.837274230e-03
1.509972000e+00 -1.086893810e-01 1.052383960e-04 -9.300914880e-03 -1.079166110e-01 1.095491050e-04 -1.112703070e-02 -7.727702170e-04 -4.310709510e-06 1.826115820e-03
1.510541000e+00 -1.178476100e-01 -9.150891180e-05 -1.501456280e-02 -1.170605310e-01 -8.716781890e-05 -1.682895310e-02 -7.870786850e-04 -4.341092900e-06 1.814390220e-03
1.511099000e+00 -6.725345070e-02 8.944179500e-05 3.114496790e-03 -6.646358160e-02 9.374165620e-05 1.317009650e-03 -7.898691060e-04 -4.299861150e-06 1.797487140e-03
1.511657000e+00 -6.091371460e-02 2.547936730e-04 7.198373600e-03 -6.011872830e-02 2.589784220e-04 5.408909590e-03 -7.949863170e-04 -4.184748940e-06 1.789464010e-03
1.512215000e+00 -2.690804530e-02 7.951111120e-05 3.127277400e-02 -2.610701750e-02 8.365331890e-05 2.947188280e-02 -8.010278800e-04 -4.142207690e-06 1.800891120e-03
1.512773000e+00 -8.319414630e-02 1.285159720e-04 1.423182350e-03 -8.238239500e-02 1.326013760e-04 -3.699975350e-04 -8.117513320e-04 -4.085403720e-06 1.793179880e-03
1.513331000e+00 -1.319996800e-01 1.841589600e-04 -2.219285270e-02 -1.311723900e-01 1.881635660e-04 -2.396913490e-02 -8.272902770e-04 -4.004605870e-06 1.776282190e-03
1.513889000e+00 -5.831332900e-02 -2.204514240e-04 9.328713520e-03 -5.748563010e-02 -2.163590210e-04 7.561892570e-03 -8.276989400e-04 -4.092403080e-06 1.766820960e-03
1.514447000e+00 -3.071506470e-02 5.260743590e-05 2.240479960e-02 -2.989021230e-02 5.666977030e-05 2.064631290e-02 -8.248523930e-04 -4.062334390e-06 1.758486650e-03
1.515006000e+00 -1.021442690e-01 1.532265730e-04 -7.287998640e-03 -1.013057670e-01 1.572084430e-04 -9.040504890e-03 -8.385024490e-04 -3.981870390e-06 1.752506250e-03
1.515564000e+00 -1.165992980e-01 4.050283850e-04 -1.252534830e-02 -1.157479110e-01 4.088262960e-04 -1.427196680e-02 -8.513871140e-04 -3.797911700e-06 1.746618540e-03
1.516109000e+00 -8.650493090e-02 3.778551010e-04 -9.797796090e-04 -8.564706490e-02 3.814878080e-04 -2.718013790e-03 -8.578659440e-04 -3.632707340e-06 1.738234180e-03
1.516654000e+00 -8.957853150e-02 1.207682400e-04 -1.965970250e-03 -8.871578650e-02 1.243500500e-04 -3.695356400e-03 -8.627450490e-04 -3.581810140e-06 1.729386150e-03
1.517199000e+00 -2.411391220e-02 3.129422350e-04 2.289951000e-02 -2.325827480e-02 3.163886420e-04 2.118281380e-02 -8.556373970e-04 -3.446407030e-06 1.716696140e-03
1.517730000e+00 -9.245951510e-02 5.548631720e-05 -5.837133370e-03 -9.159845690e-02 5.890103080e-05 -7.543060270e-03 -8.610581970e-04 -3.414713600e-06 1.705926910e-03
1.518262000e+00 -1.508228370e-01 2.758208750e-04 -2.715812070e-02 -1.499429930e-01 2.791169500e-04 -2.885714150e-02 -8.798443400e-04 -3.296075460e-06 1.699020790e-03
1.518794000e+00 -1.012778190e-01 3.504220000e-05 -4.735784600e-03 -1.003903900e-01 3.831367770e-05 -6.429659370e-03 -8.874283930e-04 -3.271477700e-06 1.693874770e-03
1.519312000e+00 -5.408283110e-02 1.079099100e-04 1.692542440e-02 -5.319297210e-02 1.111290740e-04 1.523283260e-02 -8.898589720e-04 -3.219164070e-06 1.692591750e-03
1.519830000e+00 -7.850818750e-02 2.564714640e-04 1.962132440e-03 -7.761703760e-02 2.595791360e-04 2.795029930e-04 -8.911498520e-04 -3.107671530e-06 1.682629450e-03
1.520348000e+00 -6.877098950e-02 -1.467829690e-05 4.961328510e-03 -6.788147170e-02 -1.157796930e-05 3.291904440e-03 -8.895177470e-04 -3.100327660e-06 1.669424070e-03
1.520866000e+00 -9.491529300e-02 8.562797820e-05 -6.810153830e-03 -9.402204970e-02 8.867533340e-05 -8.465006640e-03 -8.932432780e-04 -3.047355150e-06 1.654852800e-03
1.521370000e+00 -1.384376660e-01 1.044270740e-04 -2.926013290e-02 -1.375386800e-01 1.074149870e-04 -3.089608020e-02 -8.989859000e-04 -2.987913180e-06 1.635947250e-03
1.521874000e+00 -9.925890000e-02 4.868249070e-05 -6.227365440e-03 -9.835481230e-02 5.163088210e-05 -7.855798130e-03 -9.040876560e-04 -2.948391420e-06 1.628432690e-03
1.522377000e+00 -1.013258200e-01 -3.550359930e-05 -6.038802020e-03 -1.004140870e-01 -3.256221410e-05 -7.664274150e-03 -9.117332140e-04 -2.941385180e-06 1.625472130e-03
1.522881000e+00 -8.001679610e-02 -6.423650010e-05 1.656901890e-03 -7.910490830e-02 -6.129408650e-05 3.929166660e-05 -9.118877540e-04 -2.942413620e-06 1.617610220e-03
1.523385000e+00 -5.183971890e-02 1.158715090e-04 1.213735370e-02 -5.093292760e-02 1.187431180e-04 1.053026860e-02 -9.067912420e-04 -2.871608310e-06 1.607085110e-03
1.523889000e+00 -8.995128610e-02 1.189463020e-04 -8.169528280e-04 -8.903970410e-02 1.217539240e-04 -2.417802730e-03 -9.115819740e-04 -2.807622040e-06 1.600849900e-03
1.524376000e+00 -1.208707620e-01 1.045250790e-04 -1.211178020e-02 -1.199487790e-01 1.072728320e-04 -1.371163860e-02 -9.219832630e-04 -2.747752720e-06 1.599858320e-03
1.524863000e+00 -1.115910930e-01 -8.398362370e-05 -1.659697540e-02 -1.106678970e-01 -8.122649030e-05 -1.818150440e-02 -9.231961540e-04 -2.757133400e-06 1.584529070e-03
1.525351000e+00 -9.121382420e-02 -4.021470290e-05 -1.256953860e-02 -9.029607240e-02 -3.745972680e-05 -1.412743990e-02 -9.177517280e-04 -2.754976110e-06 1.557901240e-03
1.525838000e+00 -1.016701880e-01 2.822185370e-04 -1.001140790e-02 -1.007495640e-01 2.848475400e-04 -1.155866780e-02 -9.206240160e-04 -2.629003520e-06 1.547259900e-03
1.526326000e+00 -1.226216540e-01 -4.064344720e-05 -1.446457270e-02 -1.216907050e-01 -3.802625630e-05 -1.601339580e-02 -9.309493620e-04 -2.617190990e-06 1.548823120e-03
1.526813000e+00 -1.062989520e-01 1.065290250e-04 -1.092115880e-02 -1.053655850e-01 1.090828260e-04 -1.246116160e-02 -9.333674110e-04 -2.553800880e-06 1.540002800e-03
1.527301000e+00 -7.235407320e-02 9.540637590e-05 -1.347396000e-03 -7.142683270e-02 9.789897390e-05 -2.869528840e-03 -9.272404240e-04 -2.492598040e-06 1.522132840e-03
1.527788000e+00 -1.102224800e-01 1.699852230e-04 -1.460186140e-02 -1.092931560e-01 1.723884540e-04 -1.611380420e-02 -9.293241640e-04 -2.403231170e-06 1.511942780e-03
1.528276000e+00 -1.270557270e-01 1.427929230e-04 -1.349860420e-02 -1.261146990e-01 1.451146730e-04 -1.501227070e-02 -9.410283570e-04 -2.321749210e-06 1.513666500e-03
1.528763000e+00 -1.002101150e-01 -7.036983110e-05 -7.195930770e-03 -9.926661930e-02 -6.804734770e-05 -8.701951110e-03 -9.434954640e-04 -2.322483400e-06 1.506020340e-03
1.529251000e+00 -5.395559010e-02 -3.844640750e-05 3.721151560e-03 -5.302547950e-02 -3.614125390e-05 2.238761900e-03 -9.301106180e-04 -2.305153560e-06 1.482389660e-03
1.529738000e+00 -8.441150740e-02 1.097076770e-04 -6.204752540e-03 -8.348542760e-02 1.119416760e-04 -7.670341170e-03 -9.260798690e-04 -2.233999800e-06 1.465588630e-03
1.530226000e+00 -1.593833560e-01 1.847856260e-04 -3.453613730e-02 -1.584444080e-01 1.869176750e-04 -3.599465300e-02 -9.389483040e-04 -2.132049030e-06 1.458515680e-03
1.530713000e+00 -1.371422140e-01 -9.919799480e-05 -2.516439920e-02 -1.361970740e-01 -9.705610180e-05 -2.661374820e-02 -9.451403720e-04 -2.141892920e-06 1.449349050e-03
1.531201000e+00 -3.463002770e-02 -6.076985730e-05 1.661484150e-02 -3.369714860e-02 -5.863907080e-05 1.517818670e-02 -9.328791650e-04 -2.130786560e-06 1.436654870e-03
1.531688000e+00 -6.145071920e-02 -1.960586990e-05 3.448669890e-03 -6.052510870e-02 -1.750069660e-05 2.024710240e-03 -9.256104720e-04 -2.105173370e-06 1.423959650e-03
1.532175000e+00 -1.419788740e-01 1.710318440e-04 -2.755022220e-02 -1.410424230e-01 1.730434950e-04 -2.896609970e-02 -9.364507420e-04 -2.011651680e-06 1.415877480e-03
1.532663000e+00 -1.446620900e-01 1.582495640e-04 -3.045450760e-02 -1.437171210e-01 1.601741960e-04 -3.186178770e-02 -9.449694110e-04 -1.924632170e-06 1.407280120e-03
1.533150000e+00 -9.029821240e-02 6.292657210e-05 -1.224209730e-02 -8.936188160e-02 6.480357060e-05 -1.363039500e-02 -9.363307490e-04 -1.876998490e-06 1.388297700e-03
1.533638000e+00 -6.579493520e-02 4.095287030e-05 -4.208659070e-04 -6.486774520e-02 4.278972810e-05 -1.790400350e-03 -9.271900010e-04 -1.836857860e-06 1.369534440e-03
1.534125000e+00 -1.067524960e-01 4.690068500e-06 -1.486436470e-02 -1.058233990e-01 6.498496680e-06 -1.622508610e-02 -9.290967090e-04 -1.808428180e-06 1.360721410e-03
1.534613000e+00 -1.174936990e-01 3.943298450e-05 -1.874078650e-02 -1.165615410e-01 4.120384650e-05 -2.009396730e-02 -9.321583170e-04 -1.770862030e-06 1.353180800e-03
1.535100000e+00 -1.051726360e-01 7.785705870e-05 -1.280090580e-02 -1.042404170e-01 7.957605470e-05 -1.414355830e-02 -9.322185370e-04 -1.718995930e-06 1.342652480e-03
1.535588000e+00 -1.008932880e-01 2.221734220e-05 -1.265423340e-02 -9.996119830e-02 2.390436040e-05 -1.398587990e-02 -9.320898210e-04 -1.687018170e-06 1.331646460e-03
1.536075000e+00 -9.202002190e-02 1.231581150e-04 -1.053766040e-02 -9.109192760e-02 1.247782380e-04 -1.185523320e-02 -9.280942700e-04 -1.620123640e-06 1.317572780e-03
1.536563000e+00 -7.442712160e-02 -7.387356880e-07 -3.363305100e-03 -7.350524220e-02 8.600577130e-07 -4.665818000e-03 -9.218794100e-04 -1.598793400e-06 1.302512910e-03
1.537050000e+00 -1.045313220e-01 1.007319000e-04 -1.650327460e-02 -1.036100210e-01 1.022677760e-04 -1.779392400e-02 -9.213015750e-04 -1.535875910e-06 1.290649450e-03
1.537538000e+00 -1.123451770e-01 1.336139950e-05 -1.795206970e-02 -1.114220870e-01 1.486609340e-05 -1.923294930e-02 -9.230906080e-04 -1.504693950e-06 1.280879640e-03
1.538025000e+00 -1.023290710e-01 1.281030000e-04 -1.645380220e-02 -1.014087430e-01 1.295346660e-04 -1.772128150e-02 -9.203279740e-04 -1.431666480e-06 1.267479280e-03
1.538513000e+00 -1.042033570e-01 2.657195750e-04 -1.639331430e-02 -1.032865800e-01 2.670233390e-04 -1.764752170e-02 -9.167768920e-04 -1.303763820e-06 1.254207450e-03
1.539000000e+00 -9.632138110e-02 -4.082438120e-05 -1.535408130e-02 -9.540906370e-02 -3.953071450e-05 -1.659288070e-02 -9.123173950e-04 -1.293666740e-06 1.238799460e-03
1.539482000e+00 -7.757855930e-02 4.690777860e-05 -9.442745540e-03 -7.667494620e-02 4.815963750e-05 -1.066181640e-02 -9.036130640e-04 -1.251858950e-06 1.219070900e-03
1.539964000e+00 -1.097130810e-01 -3.604220720e-05 -1.935918490e-02 -1.088107050e-01 -3.480175100e-05 -2.056620370e-02 -9.023755430e-04 -1.240456140e-06 1.207018810e-03
1.540446000e+00 -1.300419520e-01 1.118165020e-04 -2.344214820e-02 -1.291316560e-01 1.129946900e-04 -2.464731140e-02 -9.102960150e-04 -1.178188210e-06 1.205163180e-03
1.540929000e+00 -1.018658260e-01 -1.036241190e-06 -1.545439750e-02 -1.009577120e-01 1.321495580e-07 -1.664768660e-02 -9.081144160e-04 -1.168390740e-06 1.193289150e-03
1.541411000e+00 -5.387433290e-02 3.860423500e-05 -2.430683400e-03 -5.298407080e-02 3.975577570e-05 -3.596398780e-03 -8.902621400e-04 -1.151540760e-06 1.165715380e-03
1.541899000e+00 -8.092511190e-02 2.313608100e-04 -1.102866780e-02 -8.004261260e-02 2.324236110e-04 -1.217574740e-02 -8.824993000e-04 -1.062800990e-06 1.147079580e-03
1.542387000e+00 -1.420097840e-01 1.664432400e-05 -3.100889000e-02 -1.411178380e-01 1.769813870e-05 -3.215314900e-02 -8.919462820e-04 -1.053814740e-06 1.144259050e-03
1.542876000e+00 -1.095992660e-01 1.037226820e-04 -1.505442170e-02 -1.087054270e-01 1.047412540e-04 -1.619182360e-02 -8.938389010e-04 -1.018572230e-06 1.137401890e-03
1.543364000e+00 -5.080738280e-02 1.891740410e-04 5.663461620e-03 -4.992841930e-02 1.901268350e-04 4.542876700e-03 -8.789635340e-04 -9.527939870e-07 1.120584910e-03
1.543859000e+00 -5.980825270e-02 -1.617957660e-04 3.668468460e-05 -5.893991050e-02 -1.607670340e-04 -1.068199240e-03 -8.683421770e-04 -1.028732540e-06 1.104883920e-03
1.544354000e+00 -1.106210080e-01 1.099000420e-04 -2.253542250e-02 -1.097528180e-01 1.108965460e-04 -2.362753700e-02 -8.681896070e-04 -9.965036840e-07 1.092114510e-03
1.544849000e+00 -1.021000760e-01 5.815294190e-05 -1.909549990e-02 -1.012338680e-01 5.914575560e-05 -2.017451990e-02 -8.662080020e-04 -9.928137290e-07 1.079020070e-03
1.545344000e+00 -1.005322060e-01 -3.766010540e-05 -1.985214120e-02 -9.967010280e-02 -3.663699280e-05 -2.091524210e-02 -8.621034290e-04 -1.023112610e-06 1.063100870e-03
1.545846000e+00 -9.418312240e-02 5.275304060e-05 -1.572025190e-02 -9.332523080e-02 5.377710280e-05 -1.676833840e-02 -8.578916230e-04 -1.024062180e-06 1.048086520e-03
1.546349000e+00 -7.712239400e-02 -7.054296230e-05 -9.698044260e-03 -7.627356990e-02 -6.946689740e-05 -1.073296510e-02 -8.488241250e-04 -1.076064930e-06 1.034920880e-03
1.546851000e+00 -6.548437780e-02 3.711377840e-05 -3.763536610e-03 -6.464420160e-02 3.820168450e-05 -4.785283830e-03 -8.401762280e-04 -1.087906120e-06 1.021747210e-03
1.547361000e+00 -1.027017140e-01 -3.789736730e-05 -2.170496950e-02 -1.018635450e-01 -3.677057230e-05 -2.271133120e-02 -8.381689660e-04 -1.126795020e-06 1.006361640e-03
1.547871000e+00 -1.106180420e-01 -7.646214830e-06 -2.620949370e-02 -1.097822580e-01 -6.486370400e-06 -2.720047160e-02 -8.357844200e-04 -1.159844420e-06 9.909779000e-04
1.548381000e+00 -4.121247110e-02 1.464612820e-04 4.038678760e-03 -4.039389770e-02 1.476027630e-04 3.067736960e-03 -8.185733650e-04 -1.141481290e-06 9.709418050e-04
1.548900000e+00 -3.999902310e-02 2.676029570e-05 4.314379750e-03 -3.919580500e-02 2.793517030e-05 3.363225550e-03 -8.032181460e-04 -1.174874600e-06 9.511542030e-04
1.549419000e+00 -1.453289180e-01 2.474647160e-05 -3.968992530e-02 -1.445168150e-01 2.595652500e-05 -4.063332590e-02 -8.121030290e-04 -1.210053430e-06 9.434006010e-04
1.549937000e+00 -1.265570410e-01 3.856515010e-05 -2.843444460e-02 -1.257401480e-01 3.981194910e-05 -2.937003020e-02 -8.168933270e-04 -1.246799050e-06 9.355856050e-04
1.550456000e+00 -4.398431110e-02 9.176200240e-05 1.498232740e-03 -4.318519440e-02 9.303000550e-05 5.835858380e-04 -7.991166730e-04 -1.268003060e-06 9.146469040e-04
1.550984000e+00 -4.722362830e-02 8.460338330e-05 1.255505160e-04 -4.643894620e-02 8.589517530e-05 -7.695436420e-04 -7.846820870e-04 -1.291792020e-06 8.950941590e-04
1.551512000e+00 -7.233502700e-02 1.509214730e-04 -8.192785320e-03 -7.155779730e-02 1.522092400e-04 -9.073046010e-03 -7.772297140e-04 -1.287767220e-06 8.802606880e-04
1.552050000e+00 -6.069634310e-02 3.185653450e-05 -3.767504650e-03 -5.992748110e-02 3.318971470e-05 -4.632982940e-03 -7.688620730e-04 -1.333180210e-06 8.654782820e-04
1.552589000e+00 -7.655252980e-02 1.177847090e-04 -1.026006120e-02 -7.578896960e-02 1.191313230e-04 -1.111417780e-02 -7.635601300e-04 -1.346613630e-06 8.541165300e-04
1.553127000e+00 -6.824871710e-02 3.442092920e-05 -8.263953960e-03 -6.749238170e-02 3.581918580e-05 -9.102387350e-03 -7.563353820e-04 -1.398256600e-06 8.384333920e-04
1.553676000e+00 -8.402361810e-02 -7.512995880e-05 -2.229134340e-02 -8.327705090e-02 -7.362690290e-05 -2.310334930e-02 -7.465672520e-04 -1.503055880e-06 8.120058350e-04
1.554226000e+00 -8.212795620e-02 -6.835544030e-05 -2.034461610e-02 -8.138908580e-02 -6.675622680e-05 -2.113798000e-02 -7.388703980e-04 -1.599213500e-06 7.933638700e-04
1.554787000e+00 -9.222889820e-02 2.095996080e-04 -1.791277300e-02 -9.149280690e-02 2.111729410e-04 -1.869580380e-02 -7.360912930e-04 -1.573332940e-06 7.830307810e-04
1.555349000e+00 -4.095260720e-02 1.115412060e-04 3.913629710e-03 -4.023016490e-02 1.131377390e-04 3.145882310e-03 -7.224422370e-04 -1.596533560e-06 7.677473940e-04
1.555911000e+00 -2.375029630e-02 2.832449890e-05 1.080211040e-02 -2.304551820e-02 2.997627910e-05 1.005125640e-02 -7.047781310e-04 -1.651780110e-06 7.508539500e-04
1.556486000e+00 -7.556181720e-02 3.187135950e-05 -1.226437110e-02 -7.486107000e-02 3.358001750e-05 -1.300192120e-02 -7.007471970e-04 -1.708658050e-06 7.375500160e-04
1.557061000e+00 -7.110259950e-02 1.289333770e-04 -1.042094010e-02 -7.040645490e-02 1.306610880e-04 -1.114492780e-02 -6.961445870e-04 -1.727711160e-06 7.239877070e-04
1.557637000e+00 -5.315305150e-02 1.416260640e-04 -7.688656470e-03 -5.247279770e-02 1.433712670e-04 -8.387868330e-03 -6.802537450e-04 -1.745202290e-06 6.992118580e-04
1.558228000e+00 -4.858661880e-02 1.544405500e-04 -5.500192240e-03 -4.792034210e-02 1.562022550e-04 -6.176632870e-03 -6.662767220e-04 -1.761705030e-06 6.764406310e-04
1.558818000e+00 -5.849412710e-02 8.943403360e-05 -1.060277450e-02 -5.783966920e-02 9.124142510e-05 -1.125798990e-02 -6.544578260e-04 -1.807391510e-06 6.552153980e-04
1.559427000e+00 -6.452793030e-02 1.851438490e-04 -1.138042330e-02 -6.388135170e-02 1.869574550e-04 -1.201759470e-02 -6.465786500e-04 -1.813605720e-06 6.371713450e-04
1.560035000e+00 -8.200906380e-02 -6.019880030e-05 -1.802667480e-02 -8.136648790e-02 -5.828194410e-05 -1.864804950e-02 -6.425759130e-04 -1.916856190e-06 6.213746910e-04
1.560643000e+00 6.529413960e-03 9.471526740e-05 2.494892770e-02 7.149908620e-03 9.667090460e-05 2.434052390e-02 -6.204946630e-04 -1.955637230e-06 6.084038560e-04
1.561272000e+00 -2.650741750e-03 8.450662960e-05 2.074943980e-02 -2.047028860e-03 8.650334980e-05 2.015700380e-02 -6.037128870e-04 -1.996720300e-06 5.924359850e-04
1.561900000e+00 -1.090049600e-01 -3.249596740e-06 -3.905028220e-02 -1.084019670e-01 -1.173138300e-06 -3.961381490e-02 -6.029929460e-04 -2.076458440e-06 5.635326560e-04
1.562552000e+00 -2.663432510e-02 3.229673210e-05 5.227990230e-03 -2.604847400e-02 3.442698920e-05 4.681237610e-03 -5.858511380e-04 -2.130257080e-06 5.467526230e-04
1.563204000e+00 -7.595426470e-04 2.704717950e-04 1.986170800e-02 -1.940868140e-04 2.725595440e-04 1.932941850e-02 -5.654558330e-04 -2.087748530e-06 5.322894270e-04
1.563856000e+00 -4.909115160e-02 2.586143670e-04 -5.825137460e-03 -4.853583210e-02 2.606552960e-04 -6.340199650e-03 -5.553194620e-04 -2.040929240e-06 5.150621890e-04
1.564536000e+00 -3.966443570e-02 5.723777220e-05 -5.714233210e-03 -3.912547480e-02 5.932791140e-05 -6.201787660e-03 -5.389608640e-04 -2.090139170e-06 4.875544510e-04
1.565216000e+00 -3.851253260e-02 3.106264060e-04 -8.557048230e-03 -3.799305700e-02 3.126254030e-04 -9.010891330e-03 -5.194756230e-04 -1.998997410e-06 4.538431020e-04
1.565896000e+00 -1.321006810e-02 -9.693154850e-05 1.516438100e-02 -1.270277340e-02 -9.481725740e-05 1.471616380e-02 -5.072946710e-04 -2.114291060e-06 4.482171970e-04
1.566612000e+00 -4.355465170e-02 5.130197890e-05 -4.660728070e-03 -4.305709360e-02 5.344546960e-05 -5.089427220e-03 -4.975581360e-04 -2.143490690e-06 4.286991440e-04
1.567328000e+00 -6.149463740e-02 8.418414490e-05 -1.770966670e-02 -6.100730290e-02 8.633513000e-05 -1.811098240e-02 -4.873344960e-04 -2.150985150e-06 4.013156990e-04
1.568044000e+00 -1.675988250e-02 1.517790400e-04 3.331981700e-03 -1.629603240e-02 1.538991280e-04 2.960204120e-03 -4.638501790e-04 -2.120088840e-06 3.717775820e-04
1.568760000e+00 -1.216082920e-02 1.248252450e-04 9.409802220e-03 -1.171483340e-02 1.269155270e-04 9.055502670e-03 -4.459958560e-04 -2.090281630e-06 3.542995500e-04
1.569476000e+00 -3.872094850e-03 8.696914950e-06 1.279150620e-02 -3.444475390e-03 1.080823200e-05 1.245667780e-02 -4.276194620e-04 -2.111317070e-06 3.348284260e-04
1.570192000e+00 -2.428152330e-02 8.530780540e-05 -1.855791630e-03 -2.387340800e-02 8.739208290e-05 -2.160097520e-03 -4.081153170e-04 -2.084277560e-06 3.043058830e-04
1.570968000e+00 -9.164505960e-03 2.344242590e-04 1.030455540e-02 -8.773843580e-03 2.363926310e-04 1.001725220e-02 -3.906623830e-04 -1.968371270e-06 2.873031960e-04
1.571744000e+00 -2.503711970e-02 2.035607120e-04 8.146568570e-04 -2.465873420e-02 2.054324580e-04 5.471364870e-04 -3.783854940e-04 -1.871745540e-06 2.675203700e-04
1.572519000e+00 -2.334877350e-02 6.738682920e-05 9.686685640e-04 -2.298444310e-02 6.924104330e-05 7.235967120e-04 -3.643303760e-04 -1.854214080e-06 2.450718510e-04
1.573295000e+00 2.782475150e-03 5.914634580e-05 1.014523370e-02 3.118766330e-03 6.098650600e-05 9.929123830e-03 -3.362911870e-04 -1.840160150e-06 2.161098670e-04
1.574071000e+00 2.672153350e-02 3.612625560e-05 2.164648680e-02 2.702647070e-02 3.796382860e-05 2.146177170e-02 -3.049372180e-04 -1.837573050e-06 1.847151740e-04
1.574846000e+00 -1.755486530e-02 7.641189270e-05 2.524086500e-03 -1.726032990e-02 7.821438680e-05 2.359785540e-03 -2.945353440e-04 -1.802494090e-06 1.643009590e-04
1.575622000e+00 -2.453222120e-02 2.289208210e-04 -1.652334210e-04 -2.424916500e-02 2.305995980e-04 -3.083935470e-04 -2.830561710e-04 -1.678777020e-06 1.431601260e-04
1.576397000e+00 2.014387370e-02 1.366778240e-04 1.714326310e-02 2.039660140e-02 1.382924780e-04 1.703122300e-02 -2.527277370e-04 -1.614654010e-06 1.120400920e-04
1.577173000e+00 6.266906020e-02 6.426943430e-05 4.880854390e-02 6.289628770e-02 6.585544770e-05 4.870015260e-02 -2.272274490e-04 -1.586013420e-06 1.083912350e-04
1.577949000e+00 -2.517273610e-02 1.051416820e-04 -7.330974760e-03 -2.496112520e-02 1.066743820e-04 -7.402857520e-03 -2.116108750e-04 -1.532700010e-06 7.188275970e-05
1.578724000e+00 2.909184630e-03 1.174467830e-04 7.998576810e-03 3.101082350e-03 1.189124980e-04 7.956950880e-03 -1.918977140e-04 -1.465715470e-06 4.162592180e-05
1.579500000e+00 3.633630210e-02 1.906464420e-04 2.956946720e-02 3.650356370e-02 1.920049280e-04 2.954370090e-02 -1.672616220e-04 -1.358486520e-06 2.576632880e-05
1.580362000e+00 3.178922020e-02 1.739502340e-04 2.466981530e-02 3.192867010e-02 1.751975240e-04 2.466631320e-02 -1.394498910e-04 -1.247290610e-06 3.502030860e-06
1.581284000e+00 -2.618632750e-02 1.591546400e-04 -7.497319730e-03 -2.605904270e-02 1.602871560e-04 -7.468194390e-03 -1.272847250e-04 -1.132516170e-06 -2.912533450e-05
1.582205000e+00 6.221871800e-02 1.182276490e-04 3.894019580e-02 6.230563790e-02 1.192749330e-04 3.899572720e-02 -8.691987190e-05 -1.047284080e-06 -5.553138760e-05
1.583150000e+00 1.938099250e-02 1.346945510e-04 1.754580260e-02 1.944736120e-02 1.356460430e-04 1.762417890e-02 -6.636863470e-05 -9.514922920e-07 -7.837623780e-05
1.584095000e+00 3.963810320e-02 8.429852830e-05 2.510601490e-02 3.967133220e-02 8.518991680e-05 2.521728280e-02 -3.322905030e-05 -8.913884680e-07 -1.112678560e-04
1.585040000e+00 2.371249140e-02 2.073745640e-05 1.749726110e-02 2.371998730e-02 2.161490400e-05 1.763841570e-02 -7.495920520e-06 -8.774475710e-07 -1.411545530e-04
1.586011000e+00 3.027348570e-02 1.333744560e-04 2.150089520e-02 3.025518200e-02 1.341579790e-04 2.166586790e-02 1.830365880e-05 -7.835223420e-07 -1.649726950e-04
1.586982000e+00 6.680631930e-02 7.997818210e-05 3.923176690e-02 6.674511650e-02 8.070609370e-05 3.942760580e-02 6.120285030e-05 -7.279115250e-07 -1.958388520e-04
1.587953000e+00 2.822628110e-02 1.221293500e-04 1.697998010e-02 2.813727370e-02 1.227834390e-04 1.720935210e-02 8.900735710e-05 -6.540887490e-07 -2.293719350e-04
1.588924000e+00 2.443777120e-02 1.190951090e-04 1.583347810e-02 2.432342780e-02 1.196857860e-04 1.609189470e-02 1.143434130e-04 -5.906766740e-07 -2.584165610e-04
1.589896000e+00 6.678137320e-02 7.884910150e-05 3.625245840e-02 6.662416740e-02 7.942572170e-05 3.654511960e-02 1.572057290e-04 -5.766201760e-07 -2.926612050e-04
1.590867000e+00 2.374421070e-02 5.455721300e-05 1.619867140e-02 2.356737860e-02 5.515037360e-05 1.651637890e-02 1.768320130e-04 -5.931606090e-07 -3.177075740e-04
1.591838000e+00 9.481340840e-02 2.897508750e-05 5.400751930e-02 9.459045630e-02 2.960920100e-05 5.434953950e-02 2.229521330e-04 -6.341134750e-07 -3.420201570e-04
1.592809000e+00 1.548422200e-02 2.297687750e-06 1.074666210e-02 1.524597940e-02 2.995766270e-06 1.111532150e-02 2.382425770e-04 -6.980785160e-07 -3.686594110e-04
1.593780000e+00 1.015202510e-01 -2.032358480e-05 5.539702630e-02 1.012315330e-01 -1.953000460e-05 5.579195650e-02 2.887180730e-04 -7.935801730e-07 -3.949302920e-04
1.594751000e+00 5.216529690e-02 8.781683020e-05 2.648323770e-02 5.184174520e-02 8.864774380e-05 2.691648340e-02 3.235516960e-04 -8.309136150e-07 -4.332457330e-04
1.595761000e+00 3.892997720e-02 4.018681310e-05 2.273885480e-02 3.858324090e-02 4.110349010e-05 2.319666730e-02 3.467363180e-04 -9.166770220e-07 -4.578124920e-04
1.596771000e+00 7.197820150e-02 3.660267640e-05 3.944077300e-02 7.159199210e-02 3.761773870e-05 3.992613980e-02 3.862093960e-04 -1.015062310e-06 -4.853668180e-04
1.597781000e+00 7.070118910e-02 2.593836020e-05 3.818595030e-02 7.027875340e-02 2.707078090e-05 3.869783850e-02 4.224356860e-04 -1.132420730e-06 -5.118882060e-04
1.598791000e+00 7.004441440e-02 8.420125020e-05 3.697720800e-02 6.958442660e-02 8.541169690e-05 3.751789250e-02 4.599878370e-04 -1.210446670e-06 -5.406845320e-04
1.599801000e+00 5.804296060e-02 -2.408353320e-05 2.804868460e-02 5.754779810e-02 -2.270786420e-05 2.862731220e-02 4.951624810e-04 -1.375669060e-06 -5.786275880e-04
1.600811000e+00 7.768062300e-02 8.356357560e-06 4.026077160e-02 7.714746550e-02 9.869242090e-06 4.086659280e-02 5.331574780e-04 -1.512884540e-06 -6.058212360e-04
1.601821000e+00 8.967684630e-02 6.115032450e-06 4.915332550e-02 8.910771080e-02 7.774652930e-06 4.977540230e-02 5.691355490e-04 -1.659620480e-06 -6.220767890e-04
1.602831000e+00 9.182217760e-02 2.605110610e-06 4.356590640e-02 9.120461490e-02 4.421513130e-06 4.422918940e-02 6.175627480e-04 -1.816402510e-06 -6.632830560e-04
1.603841000e+00 4.539967740e-02 -2.235727040e-05 2.182774180e-02 4.476057340e-02 -2.035875940e-05 2.251860600e-02 6.391039840e-04 -1.998511000e-06 -6.908641640e-04
1.604791000e+00 1.187072200e-01 8.524640830e-05 5.971985430e-02 1.180192390e-01 8.734539990e-05 6.043906130e-02 6.879810600e-04 -2.098991560e-06 -7.192069990e-04
1.605742000e+00 7.704103300e-02 5.006432560e-05 3.732669600e-02 7.632244730e-02 5.229543180e-05 3.807288060e-02 7.185856660e-04 -2.231106180e-06 -7.461846160e-04
1.606692000e+00 1.153881250e-01 4.424113860e-06 5.722239590e-02 1.146243680e-01 6.827354590e-06 5.799672450e-02 7.637567070e-04 -2.403240730e-06 -7.743286540e-04
1.607580000e+00 8.835001780e-02 -2.071480260e-05 4.209443500e-02 8.755598030e-02 -1.812855940e-05 4.289499120e-02 7.940374800e-04 -2.586243290e-06 -8.005561910e-04
1.608467000e+00 6.512238620e-02 -2.806450150e-05 2.634139550e-02 6.429999740e-02 -2.528432720e-05 2.717860740e-02 8.223888580e-04 -2.780174330e-06 -8.372119040e-04
1.609290000e+00 8.825248840e-02 -3.673116290e-05 4.164871810e-02 8.740317110e-02 -3.376123660e-05 4.250778570e-02 8.493172810e-04 -2.969926270e-06 -8.590675940e-04
1.610114000e+00 1.081978190e-01 -1.856104800e-05 5.354392210e-02 1.073183430e-01 -1.539937530e-05 5.442025120e-02 8.794763430e-04 -3.161672710e-06 -8.763291240e-04
1.610875000e+00 1.164729740e-01 -3.836361540e-05 5.305124440e-02 1.155589980e-01 -3.501196060e-05 5.395380910e-02 9.139762010e-04 -3.351654810e-06 -9.025646190e-04
1.611635000e+00 7.618094190e-02 -4.586301020e-05 3.236011530e-02 7.524797700e-02 -4.231837390e-05 3.328599020e-02 9.329648660e-04 -3.544636340e-06 -9.258748720e-04
1.612396000e+00 1.212178470e-01 -4.282989810e-05 5.582215860e-02 1.202524650e-01 -3.908542160e-05 5.677147190e-02 9.653818110e-04 -3.744476480e-06 -9.493132580e-04
1.613087000e+00 1.142639140e-01 -3.727253290e-05 5.059726310e-02 1.132728040e-01 -3.335022990e-05 5.156919290e-02 9.911099870e-04 -3.922303070e-06 -9.719298280e-04
1.613778000e+00 8.399969700e-02 -7.974844930e-05 3.450058870e-02 8.299200830e-02 -7.562613130e-05 3.549353280e-02 1.007688690e-03 -4.122318020e-06 -9.929440730e-04
1.614470000e+00 1.083311450e-01 -1.060216900e-05 4.227383750e-02 1.072940170e-01 -6.302503850e-06 4.329917450e-02 1.037128230e-03 -4.299665150e-06 -1.025337050e-03
1.615084000e+00 1.167198250e-01 -6.731617880e-05 4.921262920e-02 1.156616540e-01 -6.282713430e-05 5.025758940e-02 1.058170280e-03 -4.489044480e-06 -1.044960220e-03
1.615699000e+00 1.089219640e-01 -6.531007650e-05 4.949538580e-02 1.078506040e-01 -6.063438820e-05 5.054906590e-02 1.071359860e-03 -4.675688300e-06 -1.053680090e-03
1.616313000e+00 1.313737360e-01 -8.110088800e-05 5.674924420e-02 1.302784660e-01 -7.623078840e-05 5.782248800e-02 1.095269970e-03 -4.870099590e-06 -1.073243750e-03
1.616928000e+00 1.234242590e-01 -7.987920060e-05 5.150286270e-02 1.223077720e-01 -7.481190760e-05 5.259597460e-02 1.116486930e-03 -5.067292970e-06 -1.093111870e-03
1.617542000e+00 8.518003360e-02 -5.526305410e-05 3.090518770e-02 8.405234180e-02 -5.001671310e-05 3.201737750e-02 1.127691800e-03 -5.246340990e-06 -1.112189760e-03
1.618157000e+00 1.202594380e-01 -6.449615000e-05 4.866603380e-02 1.191118020e-01 -5.906401490e-05 4.979714330e-02 1.147635860e-03 -5.432135120e-06 -1.131109500e-03
1.618771000e+00 1.399301810e-01 -1.371434380e-04 5.820546480e-02 1.387591040e-01 -1.314857520e-04 5.935556280e-02 1.171076910e-03 -5.657686270e-06 -1.150098020e-03
1.619386000e+00 1.001490900e-01 -6.111106820e-05 3.574574250e-02 9.896477990e-02 -5.527484790e-05 3.691596460e-02 1.184310250e-03 -5.836220360e-06 -1.170222130e-03
1.620000000e+00 1.011675780e-01 -5.765401970e-05 3.698211990e-02 9.997146920e-02 -5.165109790e-05 3.816897550e-02 1.196108310e-03 -6.002921750e-06 -1.186855610e-03
1.620526000e+00 1.044472800e-01 -6.016560010e-05 3.824753510e-02 1.032432830e-01 -5.402897260e-05 3.944714650e-02 1.203996870e-03 -6.136627530e-06 -1.199611330e-03
1.621038000e+00 1.257802350e-01 -6.003003910e-05 5.673958630e-02 1.245719710e-01 -5.376704100e-05 5.793758970e-02 1.208263380e-03 -6.262998100e-06 -1.198003350e-03
1.621544000e+00 1.673925640e-01 -6.056371490e-05 8.761384750e-02 1.661810560e-01 -5.417296900e-05 8.879495050e-02 1.211508600e-03 -6.390745950e-06 -1.181102930e-03
1.622044000e+00 1.068496270e-01 -5.708850960e-05 4.817661760e-02 1.056400470e-01 -5.057307050e-05 4.935593130e-02 1.209579840e-03 -6.515439110e-06 -1.179313710e-03
1.622537000e+00 4.815705680e-02 -5.414431430e-05 1.129759620e-02 4.695498890e-02 -4.750929250e-05 1.248412660e-02 1.202067890e-03 -6.635021810e-06 -1.186530350e-03
1.623030000e+00 1.010917560e-01 -5.377912980e-05 4.286136910e-02 9.988969700e-02 -4.702893500e-05 4.404703490e-02 1.202059230e-03 -6.750194770e-06 -1.185665720e-03
1.623516000e+00 1.528285220e-01 5.653712120e-06 7.321262190e-02 1.516204020e-01 1.249578520e-05 7.439195790e-02 1.208119990e-03 -6.842073100e-06 -1.179336010e-03
1.623997000e+00 1.100829450e-01 -2.662079660e-05 4.719226090e-02 1.088753500e-01 -1.967383470e-05 4.837112640e-02 1.207594050e-03 -6.946961940e-06 -1.178865440e-03
1.624471000e+00 5.337419980e-02 -1.499204560e-04 1.204745360e-02 5.217354000e-02 -1.428289340e-04 1.323306760e-02 1.200659840e-03 -7.091522080e-06 -1.185613960e-03
1.624939000e+00 9.604267890e-02 3.275109580e-05 3.834308740e-02 9.484354990e-02 3.991374110e-05 3.952798120e-02 1.199129040e-03 -7.162645310e-06 -1.184893720e-03
1.625407000e+00 1.764396650e-01 -5.549533400e-05 8.795492740e-02 1.752346570e-01 -4.823188430e-05 8.912708630e-02 1.205008560e-03 -7.263449710e-06 -1.172158950e-03
1.625868000e+00 1.523743840e-01 -4.164766320e-05 7.284826980e-02 1.511674530e-01 -3.429129620e-05 7.401254670e-02 1.206930560e-03 -7.356366970e-06 -1.164276900e-03
1.626324000e+00 9.274560610e-02 -3.621190990e-05 3.716523550e-02 9.154458790e-02 -2.877119620e-05 3.832785480e-02 1.201018190e-03 -7.440713720e-06 -1.162619260e-03
1.626780000e+00 9.620555470e-02 -7.261043600e-05 3.905923680e-02 9.500930710e-02 -6.507960420e-05 4.021902590e-02 1.196247540e-03 -7.530831830e-06 -1.159789090e-03
1.627229000e+00 1.193829150e-01 1.686364030e-05 4.731556250e-02 1.181840620e-01 2.445628840e-05 4.847817450e-02 1.198853510e-03 -7.592648040e-06 -1.162611970e-03
1.627679000e+00 1.277161350e-01 -1.737149790e-05 4.997286570e-02 1.265128850e-01 -9.711545920e-06 5.113998730e-02 1.203250730e-03 -7.659951940e-06 -1.167121660e-03
1.628123000e+00 1.111536470e-01 -1.524415200e-05 4.418515260e-02 1.099526700e-01 -7.524387050e-06 4.535069790e-02 1.200977300e-03 -7.719764990e-06 -1.165545260e-03
1.628566000e+00 9.257018510e-02 -2.874063930e-05 3.588838380e-02 9.137587000e-02 -2.096128720e-05 3.704972670e-02 1.194315140e-03 -7.779352180e-06 -1.161342920e-03
1.629010000e+00 1.190309060e-01 5.105851950e-06 4.909469790e-02 1.178376390e-01 1.292802840e-05 5.025305620e-02 1.193266850e-03 -7.822176450e-06 -1.158358320e-03
1.629447000e+00 1.579900980e-01 -4.464349460e-07 6.917075720e-02 1.567918550e-01 7.419165620e-06 7.032623470e-02 1.198243030e-03 -7.865600570e-06 -1.155477500e-03
1.629884000e+00 1.431926570e-01 -2.564260440e-07 6.073397650e-02 1.419928270e-01 7.648185600e-06 6.188687950e-02 1.199829400e-03 -7.904611640e-06 -1.152902990e-03
1.630316000e+00 1.088124730e-01 1.960502560e-05 4.243816820e-02 1.076173840e-01 2.753678520e-05 4.358818250e-02 1.195088850e-03 -7.931759640e-06 -1.150014350e-03
1.630747000e+00 1.109337320e-01 -1.460093960e-05 4.354481950e-02 1.097427830e-01 -6.632279300e-06 4.469108020e-02 1.190949200e-03 -7.968660350e-06 -1.146260710e-03
1.631178000e+00 9.693836090e-02 -8.911215480e-05 3.280816110e-02 9.575093550e-02 -8.108388530e-05 3.395600670e-02 1.187425340e-03 -8.028269540e-06 -1.147845610e-03
1.631609000e+00 6.193178110e-02 1.524872760e-04 1.043163030e-02 6.075075750e-02 1.604852440e-04 1.158599900e-02 1.181023580e-03 -7.997967250e-06 -1.154368660e-03
1.632040000e+00 1.353112240e-01 -7.294156470e-05 5.392946260e-02 1.341284000e-01 -6.489167360e-05 5.508143000e-02 1.182824530e-03 -8.049891090e-06 -1.151967340e-03
1.632472000e+00 2.502277270e-01 4.273582500e-06 1.210511230e-01 2.490308720e-01 1.234365830e-05 1.221900430e-01 1.196855640e-03 -8.070075820e-06 -1.138920330e-03
1.632896000e+00 2.073604080e-01 2.996020370e-05 9.547463290e-02 2.061569400e-01 3.804498960e-05 9.660631110e-02 1.203467190e-03 -8.084785960e-06 -1.131678180e-03
1.633321000e+00 5.007510740e-02 2.217112400e-05 2.617129190e-03 4.888422980e-02 3.026954330e-05 3.754563520e-03 1.190877670e-03 -8.098419310e-06 -1.137434330e-03
1.633746000e+00 2.312546160e-02 1.940641420e-05 -1.339986100e-02 2.194797500e-02 2.750908030e-05 -1.225538600e-02 1.177486590e-03 -8.102666090e-06 -1.144474960e-03
1.634177000e+00 1.371679040e-01 1.547890910e-04 5.469934070e-02 1.359899160e-01 1.628438690e-04 5.583839510e-02 1.177988040e-03 -8.054778600e-06 -1.139054400e-03
1.634609000e+00 2.012403680e-01 -7.681252920e-05 9.356006660e-02 2.000569550e-01 -6.873374030e-05 9.468592250e-02 1.183413410e-03 -8.078788970e-06 -1.125855890e-03
1.635033000e+00 1.607295430e-01 7.539474090e-06 6.749425110e-02 1.595446610e-01 1.561661450e-05 6.861612570e-02 1.184881370e-03 -8.077140410e-06 -1.121874640e-03
1.635458000e+00 1.321325460e-01 -5.375145310e-05 4.565037600e-02 1.309455530e-01 -4.565979180e-05 4.677804420e-02 1.186992530e-03 -8.091661330e-06 -1.127668210e-03
1.635882000e+00 1.396062020e-01 1.337310140e-05 5.043946160e-02 1.384170640e-01 2.145785090e-05 5.157026360e-02 1.189138000e-03 -8.084749490e-06 -1.130802010e-03
1.636306000e+00 1.038613420e-01 7.932668860e-05 3.127032300e-02 1.026762210e-01 8.738132890e-05 3.240400120e-02 1.185121210e-03 -8.054640380e-06 -1.133678240e-03
1.636738000e+00 8.440491170e-02 5.091460480e-05 1.863042680e-02 8.322457800e-02 5.894741020e-05 1.976969880e-02 1.180333710e-03 -8.032805450e-06 -1.139272000e-03
1.637170000e+00 1.311198720e-01 4.860912400e-05 4.887466180e-02 1.299417780e-01 5.662070070e-05 5.001003160e-02 1.178094330e-03 -8.011576720e-06 -1.135369830e-03
1.637603000e+00 1.444735950e-01 -5.330048860e-05 6.003018420e-02 1.432988530e-01 -4.527744020e-05 6.115412260e-02 1.174742260e-03 -8.023048410e-06 -1.123938450e-03
1.638035000e+00 1.445159360e-01 1.985987140e-05 5.806493540e-02 1.433430630e-01 2.787145120e-05 5.918271130e-02 1.172873110e-03 -8.011579850e-06 -1.117775860e-03
1.638467000e+00 1.573720830e-01 5.400670900e-05 6.150180420e-02 1.561961270e-01 6.199447270e-05 6.261834790e-02 1.175956730e-03 -7.987763710e-06 -1.116543640e-03
1.638899000e+00 1.590016420e-01 1.573773790e-04 6.228209570e-02 1.578236170e-01 1.653050350e-04 6.339646550e-02 1.178025460e-03 -7.927655700e-06 -1.114369810e-03
1.639331000e+00 1.391472920e-01 3.737481440e-05 4.910457790e-02 1.379677360e-01 4.527934380e-05 5.022209390e-02 1.179555730e-03 -7.904529350e-06 -1.117515990e-03
1.639763000e+00 1.449106430e-01 7.034366240e-05 4.935122020e-02 1.437274220e-01 7.821432680e-05 5.047440080e-02 1.183221730e-03 -7.870664410e-06 -1.123180610e-03
1.640195000e+00 1.324182110e-01 4.937565930e-05 4.513451850e-02 1.312362710e-01 5.721507310e-05 4.625814180e-02 1.181939900e-03 -7.839413800e-06 -1.123623340e-03
1.640627000e+00 1.102191120e-01 5.981517450e-05 3.555317090e-02 1.090429120e-01 6.762341700e-05 3.667466950e-02 1.176199790e-03 -7.808242480e-06 -1.121498550e-03
1.641059000e+00 1.244065860e-01 4.403610920e-05 4.284803650e-02 1.232335400e-01 5.181322660e-05 4.396717090e-02 1.173046520e-03 -7.777117480e-06 -1.119134340e-03
1.641491000e+00 1.469754550e-01 -1.422500160e-04 5.882873560e-02 1.458055440e-01 -1.344372060e-04 5.993875140e-02 1.169911050e-03 -7.812809740e-06 -1.110015830e-03
1.641923000e+00 1.492146350e-01 3.331826200e-05 6.107281630e-02 1.480484110e-01 4.110295340e-05 6.217344140e-02 1.166224300e-03 -7.784691430e-06 -1.100625090e-03
1.642355000e+00 1.252919420e-01 2.888902010e-05 3.731634610e-02 1.241241540e-01 3.664355700e-05 3.842521730e-02 1.167787590e-03 -7.754536910e-06 -1.108871190e-03
1.642787000e+00 1.108443160e-01 3.015736960e-05 2.340679120e-02 1.096725550e-01 3.788025240e-05 2.453204980e-02 1.171761470e-03 -7.722882790e-06 -1.125258600e-03
1.643219000e+00 1.326673560e-01 3.300108630e-05 4.370973300e-02 1.314960630e-01 4.068844210e-05 4.483534080e-02 1.171293340e-03 -7.687355860e-06 -1.125607750e-03
1.643651000e+00 1.508723180e-01 3.061014290e-05 6.190929690e-02 1.497059740e-01 3.826099120e-05 6.302255590e-02 1.166344140e-03 -7.650848230e-06 -1.113258990e-03
1.644094000e+00 1.473301730e-01 3.199056910e-05 5.684794620e-02 1.461661280e-01 3.960294650e-05 5.795546910e-02 1.164045330e-03 -7.612377450e-06 -1.107522810e-03
1.644538000e+00 1.668657320e-01 3.567067740e-05 6.349004190e-02 1.656979670e-01 4.324635960e-05 6.459715660e-02 1.167765160e-03 -7.575682190e-06 -1.107114630e-03
1.644981000e+00 1.702761610e-01 1.705236160e-04 6.503592960e-02 1.691053020e-01 1.780130380e-04 6.614188870e-02 1.170858930e-03 -7.489421720e-06 -1.105959110e-03
1.645424000e+00 1.154210650e-01 7.913579200e-05 3.300005680e-02 1.142537080e-01 8.657026030e-05 3.411077840e-02 1.167357000e-03 -7.434468240e-06 -1.110721610e-03
1.645868000e+00 9.936160520e-02 7.278137600e-05 2.232849250e-02 9.819800870e-02 8.016457890e-05 2.344734470e-02 1.163596560e-03 -7.383202930e-06 -1.118852190e-03
1.646311000e+00 1.353037390e-01 6.058463060e-05 4.696510410e-02 1.341427840e-01 6.792050470e-05 4.808121630e-02 1.160955340e-03 -7.335874150e-06 -1.116112180e-03
1.646755000e+00 1.561023890e-01 -1.276439290e-05 6.487308190e-02 1.549461780e-01 -5.451610230e-06 6.597712340e-02 1.156210710e-03 -7.312782670e-06 -1.104041530e-03
1.647198000e+00 1.464559890e-01 3.305435510e-05 5.337742640e-02 1.453012650e-01 4.033385990e-05 5.447888710e-02 1.154723490e-03 -7.279504800e-06 -1.101460600e-03
1.647641000e+00 1.503365520e-01 1.393428430e-04 4.889286600e-02 1.491774920e-01 1.465494500e-04 5.000254530e-02 1.159060180e-03 -7.206607080e-06 -1.109679310e-03
1.648085000e+00 1.541743800e-01 5.941051090e-05 5.093313000e-02 1.530125290e-01 6.657270520e-05 5.204805830e-02 1.161850320e-03 -7.162194230e-06 -1.114928340e-03
1.648528000e+00 1.676859160e-01 2.805692110e-05 6.190190170e-02 1.665219350e-01 3.518436330e-05 6.301566470e-02 1.163980370e-03 -7.127442160e-06 -1.113762990e-03
1.648972000e+00 1.723613360e-01 5.526926150e-05 6.451908300e-02 1.711947550e-01 6.235470010e-05 6.563183970e-02 1.166580560e-03 -7.085438610e-06 -1.112756790e-03
1.649415000e+00 1.417670060e-01 9.060492830e-05 4.788965030e-02 1.406031660e-01 9.763830320e-05 4.900244020e-02 1.163839470e-03 -7.033374870e-06 -1.112789870e-03
1.649858000e+00 1.333166850e-01 5.583036110e-05 4.345624430e-02 1.321567260e-01 6.282447270e-05 4.456904010e-02 1.159959050e-03 -6.994111610e-06 -1.112795790e-03
1.650302000e+00 1.320230120e-01 4.168198780e-05 4.191385600e-02 1.308661940e-01 4.864515060e-05 4.302682040e-02 1.156818500e-03 -6.963162740e-06 -1.112964360e-03
1.650745000e+00 1.237738670e-01 6.516579660e-05 3.725122830e-02 1.226216790e-01 7.208965280e-05 3.836433650e-02 1.152187780e-03 -6.923856140e-06 -1.113108170e-03
1.651189000e+00 1.419162000e-01 2.938691960e-05 4.709959940e-02 1.407659070e-01 3.628302160e-05 4.821259680e-02 1.150292560e-03 -6.896102000e-06 -1.112997320e-03
1.651632000e+00 1.887242750e-01 1.115209640e-04 7.101560950e-02 1.875686340e-01 1.183647700e-04 7.212797600e-02 1.155640530e-03 -6.843805910e-06 -1.112366520e-03
1.652075000e+00 1.866153760e-01 1.331893100e-04 6.949789030e-02 1.854556170e-01 1.399741920e-04 7.060984830e-02 1.159758920e-03 -6.784881420e-06 -1.111958080e-03
1.652519000e+00 1.202385360e-01 -5.227481730e-06 3.199070020e-02 1.190827540e-01 1.542028470e-06 3.310849130e-02 1.155782490e-03 -6.769510200e-06 -1.117791090e-03
1.652962000e+00 9.739006880e-02 1.047732790e-04 1.735650760e-02 9.624015120e-02 1.114956930e-04 1.848221310e-02 1.149917570e-03 -6.722413740e-06 -1.125705420e-03
1.653406000e+00 1.504100310e-01 1.357837470e-04 4.766117730e-02 1.492586410e-01 1.424462470e-04 4.878868150e-02 1.151389510e-03 -6.662499220e-06 -1.127504220e-03
1.653849000e+00 1.963743650e-01 8.856392010e-05 7.247546890e-02 1.952159620e-01 9.518408480e-05 7.360311640e-02 1.158402850e-03 -6.620164750e-06 -1.127647460e-03
1.654292000e+00 1.703408260e-01 8.237174860e-05 6.015523210e-02 1.691815910e-01 8.895415700e-05 6.128198850e-02 1.159235040e-03 -6.582408430e-06 -1.126756400e-03
1.654736000e+00 1.565296760e-01 6.284774930e-05 5.725044990e-02 1.553754220e-01 6.940011030e-05 5.836968880e-02 1.154253420e-03 -6.552360980e-06 -1.119238900e-03
1.655179000e+00 1.539911120e-01 2.394265360e-05 5.390685140e-02 1.528400800e-01 3.047054390e-05 5.502171270e-02 1.151031910e-03 -6.527890290e-06 -1.114861360e-03
1.655623000e+00 1.174507860e-01 4.828326760e-06 2.718945190e-02 1.163026920e-01 1.134547200e-05 2.831256330e-02 1.148094510e-03 -6.517145220e-06 -1.123111370e-03
1.656066000e+00 1.119217350e-01 -1.143307320e-04 2.415421230e-02 1.107767810e-01 -1.077932200e-04 2.528562740e-02 1.144954440e-03 -6.537511230e-06 -1.131415140e-03
1.656509000e+00 1.672654990e-01 1.115434620e-04 5.687752860e-02 1.661178760e-01 1.180401480e-04 5.800971640e-02 1.147623290e-03 -6.496686860e-06 -1.132187820e-03
1.656953000e+00 1.890817390e-01 9.865474540e-05 6.755666020e-02 1.879289830e-01 1.051205100e-04 6.868837680e-02 1.152755490e-03 -6.465765020e-06 -1.131716580e-03
1.657396000e+00 1.521691590e-01 6.762124220e-05 4.831895550e-02 1.510167930e-01 7.406029920e-05 4.945187770e-02 1.152366070e-03 -6.439057000e-06 -1.132922180e-03
1.657840000e+00 1.310283170e-01 6.794672770e-05 3.846215230e-02 1.298807960e-01 7.435883670e-05 3.959514980e-02 1.147521790e-03 -6.412109010e-06 -1.132997470e-03
1.658283000e+00 1.402821570e-01 7.930815860e-05 4.190852090e-02 1.391363840e-01 8.568938530e-05 4.304331470e-02 1.145772960e-03 -6.381226650e-06 -1.134793780e-03
1.658726000e+00 1.601390700e-01 1.036873750e-04 4.667317280e-02 1.589888190e-01 1.100307320e-04 4.781652790e-02 1.150251570e-03 -6.343357050e-06 -1.143355140e-03
1.659170000e+00 1.556120690e-01 -3.334485380e-06 4.372058220e-02 1.544582140e-01 3.004324540e-06 4.487198830e-02 1.153855340e-03 -6.338809920e-06 -1.151406090e-03
1.659613000e+00 1.592210940e-01 6.874160350e-05 5.269255310e-02 1.580693410e-01 7.505690820e-05 5.383964280e-02 1.151752750e-03 -6.315304640e-06 -1.147089730e-03
1.660057000e+00 1.752508440e-01 -6.129112890e-05 6.332854660e-02 1.741012210e-01 -5.495874800e-05 6.446747480e-02 1.149622500e-03 -6.332380910e-06 -1.138928100e-03
1.660500000e+00 1.414874560e-01 2.360408040e-06 3.927372330e-02 1.403399190e-01 8.681656140e-06 4.041653150e-02 1.147537380e-03 -6.321248100e-06 -1.142808240e-03
1.660971000e+00 9.443760720e-02 3.196299820e-05 1.105517790e-02 9.329487210e-02 3.826253750e-05 1.221058870e-02 1.142735110e-03 -6.299539310e-06 -1.155410790e-03
1.661442000e+00 1.573820910e-01 -8.048186380e-05 4.752410040e-02 1.562379980e-01 -7.416560740e-05 4.868159830e-02 1.144092150e-03 -6.316256410e-06 -1.157497900e-03
1.661913000e+00 2.324583860e-01 2.041766870e-04 9.161226020e-02 2.313059830e-01 2.104128940e-04 9.276022340e-02 1.152402980e-03 -6.236207670e-06 -1.147963270e-03
1.662384000e+00 1.842418210e-01 8.117207970e-05 6.302340750e-02 1.830871580e-01 8.737010900e-05 6.417036100e-02 1.154663580e-03 -6.198029240e-06 -1.146953580e-03
1.662855000e+00 9.688040040e-02 1.232723920e-04 1.209823560e-02 9.573124560e-02 1.294210000e-04 1.325672570e-02 1.149154770e-03 -6.148608660e-06 -1.158490100e-03
1.663326000e+00 1.231769160e-01 1.127648240e-04 2.632862700e-02 1.220300800e-01 1.188685860e-04 2.749443330e-02 1.146835580e-03 -6.103762700e-06 -1.165806350e-03
1.663802000e+00 1.419617510e-01 1.208835110e-05 3.940474070e-02 1.408165240e-01 1.817916560e-05 4.057118230e-02 1.145226740e-03 -6.090814510e-06 -1.166441570e-03
1.664279000e+00 1.461409620e-01 4.107341690e-05 4.183994310e-02 1.449971770e-01 4.713977850e-05 4.300747870e-02 1.143785750e-03 -6.066361590e-06 -1.167535560e-03
1.664756000e+00 1.806115220e-01 7.812886940e-05 5.749828430e-02 1.794627660e-01 8.415709470e-05 5.866748220e-02 1.148756890e-03 -6.028225350e-06 -1.169197920e-03
1.665233000e+00 1.854425620e-01 6.511741060e-05 5.457979240e-02 1.842880770e-01 7.110964840e-05 5.575219670e-02 1.154485850e-03 -5.992237820e-06 -1.172404300e-03
1.665710000e+00 1.531632940e-01 3.569480780e-05 4.163699300e-02 1.520100410e-01 4.165854960e-05 4.281204010e-02 1.153253640e-03 -5.963741820e-06 -1.175047110e-03
1.666187000e+00 1.509174670e-01 4.139668810e-05 4.410375390e-02 1.497660650e-01 4.732798730e-05 4.528032500e-02 1.151401670e-03 -5.931299230e-06 -1.176571030e-03
1.666664000e+00 1.441524270e-01 9.889891930e-05 3.880294280e-02 1.430029940e-01 1.047761030e-04 3.998143410e-02 1.149433010e-03 -5.877183220e-06 -1.178491340e-03
1.667141000e+00 1.374425710e-01 -3.789116970e-05 3.539579010e-02 1.362970420e-01 -3.201335820e-05 3.657489120e-02 1.145528510e-03 -5.877811510e-06 -1.179101090e-03
1.667624000e+00 1.546541410e-01 1.715574980e-04 4.113494050e-02 1.535058970e-01 1.773543870e-04 4.231990650e-02 1.148244610e-03 -5.796889510e-06 -1.184966020e-03
1.668108000e+00 1.715914460e-01 1.365399900e-05 4.580410430e-02 1.704347640e-01 1.943367670e-05 4.700091090e-02 1.156681950e-03 -5.779677690e-06 -1.196806550e-03
1.668592000e+00 1.666980590e-01 8.482482940e-05 4.739370420e-02 1.655401530e-01 9.056617080e-05 4.859212430e-02 1.157905890e-03 -5.741341430e-06 -1.198420090e-03
1.669076000e+00 1.525140210e-01 3.704131540e-05 4.695977640e-02 1.513620410e-01 4.276529990e-05 4.814910850e-02 1.151979540e-03 -5.723984490e-06 -1.189332140e-03
1.669559000e+00 1.619385110e-01 3.638719730e-05 4.545124510e-02 1.607855200e-01 4.209526980e-05 4.664234870e-02 1.152990420e-03 -5.708072570e-06 -1.191103560e-03
1.670043000e+00 1.879095670e-01 4.353100610e-05 5.120242190e-02 1.867464750e-01 4.922109330e-05 5.240608340e-02 1.163092180e-03 -5.690087170e-06 -1.203661460e-03
1.670527000e+00 1.577484180e-01 3.207067060e-05 3.813726240e-02 1.565841350e-01 3.774750680e-05 3.934775870e-02 1.164282710e-03 -5.676836290e-06 -1.210496320e-03
1.671010000e+00 8.269543750e-02 6.766950180e-05 5.502550690e-03 8.154516040e-02 7.332261350e-05 6.715102470e-03 1.150277120e-03 -5.653111670e-06 -1.212551780e-03
1.671494000e+00 1.351065170e-01 6.105425240e-05 3.093217020e-02 1.339604290e-01 6.669246650e-05 3.214573350e-02 1.146088250e-03 -5.638214160e-06 -1.213563290e-03
1.671978000e+00 2.278507040e-01 2.805432190e-05 7.942948160e-02 2.266947360e-01 3.368967690e-05 8.063653890e-02 1.155968040e-03 -5.635354950e-06 -1.207057360e-03
1.672461000e+00 2.086228840e-01 2.979436050e-05 6.878644260e-02 2.074613270e-01 3.542814080e-05 6.999119650e-02 1.161556780e-03 -5.633780250e-06 -1.204753900e-03
1.672945000e+00 1.633283140e-01 5.034355030e-05 3.870694360e-02 1.621623010e-01 5.596991880e-05 3.992335930e-02 1.166013050e-03 -5.626368500e-06 -1.216415740e-03
1.673429000e+00 1.686981590e-01 7.250875990e-05 4.135877480e-02 1.675278740e-01 7.811835000e-05 4.258428260e-02 1.170284980e-03 -5.609590120e-06 -1.225507830e-03
1.673913000e+00 1.079622160e-01 1.522168990e-04 1.578827910e-02 1.068013940e-01 1.577814300e-04 1.701588530e-02 1.160821980e-03 -5.564530460e-06 -1.227606110e-03
1.674396000e+00 1.078987780e-01 1.785571490e-06 1.667005450e-02 1.067461090e-01 7.359814200e-06 1.789953350e-02 1.152668480e-03 -5.574242720e-06 -1.229478950e-03
1.674880000e+00 1.861834370e-01 1.871286310e-06 5.412782560e-02 1.850243410e-01 7.450557230e-06 5.535911340e-02 1.159096680e-03 -5.579270920e-06 -1.231287830e-03
1.675364000e+00 1.940313810e-01 -2.112414090e-06 5.643553650e-02 1.928654810e-01 3.472300800e-06 5.766926160e-02 1.165899960e-03 -5.584714890e-06 -1.233725050e-03
1.675847000e+00 1.598045200e-01 3.325516140e-05 4.002742190e-02 1.586393040e-01 3.883349530e-05 4.126368140e-02 1.165215650e-03 -5.578333880e-06 -1.236259460e-03
1.676331000e+00 1.551971050e-01 -5.310612980e-05 3.802272570e-02 1.540336220e-01 -4.750580100e-05 3.926044670e-02 1.163482950e-03 -5.600328810e-06 -1.237720970e-03
1.676815000e+00 1.713929300e-01 -3.786573300e-05 4.160130440e-02 1.702248570e-01 -3.224765040e-05 4.284677960e-02 1.168073150e-03 -5.618082590e-06 -1.245475230e-03
1.677298000e+00 1.711952870e-01 -2.888120850e-08 3.891704570e-02 1.700206280e-01 5.591310740e-06 4.017432300e-02 1.174659380e-03 -5.620191950e-06 -1.257277260e-03
1.677782000e+00 1.729076470e-01 -5.007837280e-05 4.624813590e-02 1.717322020e-01 -4.443096110e-05 4.750474880e-02 1.175445520e-03 -5.647411730e-06 -1.256612940e-03
1.678266000e+00 1.930498030e-01 3.742987110e-06 5.922428530e-02 1.918744200e-01 9.390990050e-06 6.047399960e-02 1.175382690e-03 -5.648002940e-06 -1.249714330e-03
1.678750000e+00 1.434738020e-01 2.658159030e-05 3.021003160e-02 1.423002020e-01 3.222416890e-05 3.146151170e-02 1.173599970e-03 -5.642578640e-06 -1.251480080e-03
1.679233000e+00 1.440010010e-01 7.307101050e-05 2.939182570e-02 1.428299560e-01 7.869643610e-05 3.064646790e-02 1.171044730e-03 -5.625425620e-06 -1.254642140e-03
1.679717000e+00 1.545519440e-01 2.267121450e-05 3.647613660e-02 1.533815160e-01 2.829890650e-05 3.773551470e-02 1.170427990e-03 -5.627691980e-06 -1.259378120e-03
1.680201000e+00 1.347642950e-01 6.125470520e-05 2.066500520e-02 1.335932830e-01 6.687443550e-05 2.193572530e-02 1.171011950e-03 -5.619730320e-06 -1.270720160e-03
1.680684000e+00 1.479989930e-01 1.536407330e-05 2.935851780e-02 1.468281380e-01 2.099324160e-05 3.063500990e-02 1.170855540e-03 -5.629168370e-06 -1.276492080e-03
1.681168000e+00 1.427286740e-01 -9.900991420e-07 2.863495430e-02 1.415605260e-01 4.653855530e-06 2.991334360e-02 1.168147940e-03 -5.643954670e-06 -1.278389280e-03
1.681652000e+00 1.700883380e-01 5.150869760e-05 4.199067540e-02 1.689186600e-01 5.714612810e-05 4.326990120e-02 1.169678140e-03 -5.637430450e-06 -1.279225840e-03
1.682136000e+00 2.406226530e-01 -9.905947730e-05 7.744684060e-02 2.394428770e-01 -9.336716950e-05 7.871979790e-02 1.179775550e-03 -5.692307760e-06 -1.272957310e-03
1.682619000e+00 2.039331380e-01 -1.046289840e-04 5.802692900e-02 2.027488080e-01 -9.888328120e-05 5.929913140e-02 1.184330340e-03 -5.745702720e-06 -1.272202470e-03
1.683103000e+00 1.261894830e-01 -2.714566990e-05 1.545798280e-02 1.250089600e-01 -2.137528530e-05 1.674235310e-02 1.180522110e-03 -5.770384600e-06 -1.284370260e-03
1.683587000e+00 1.527766900e-01 -5.432107740e-05 2.901408940e-02 1.515966260e-01 -4.851965760e-05 3.030647500e-02 1.180064270e-03 -5.801419770e-06 -1.292385640e-03
1.684070000e+00 1.721570730e-01 -1.339649970e-04 3.989337520e-02 1.709756410e-01 -1.281018370e-04 4.118794220e-02 1.181431180e-03 -5.863160380e-06 -1.294567080e-03
1.684554000e+00 1.707206120e-01 4.459248580e-05 3.897456230e-02 1.695382040e-01 5.045494380e-05 4.027170490e-02 1.182408340e-03 -5.862458060e-06 -1.297142660e-03
1.685038000e+00 1.821702220e-01 -8.132151120e-05 4.769727020e-02 1.809886580e-01 -7.541233610e-05 4.898976830e-02 1.181564090e-03 -5.909175070e-06 -1.292498100e-03
1.685521000e+00 1.717438480e-01 9.900749800e-07 4.269731040e-02 1.705640140e-01 6.918321470e-06 4.398545180e-02 1.179834260e-03 -5.928246490e-06 -1.288141390e-03
1.686005000e+00 1.965898520e-01 -4.239824340e-05 4.803956890e-02 1.954023920e-01 -3.643821500e-05 4.933679290e-02 1.187459870e-03 -5.960028360e-06 -1.297223980e-03
1.686489000e+00 2.064387850e-01 2.548048110e-05 4.928931370e-02 2.052414380e-01 3.145366290e-05 5.059747420e-02 1.197347550e-03 -5.973181740e-06 -1.308160500e-03
1.686957000e+00 1.293071450e-01 1.770119740e-06 1.858310140e-02 1.281169840e-01 7.761539490e-06 1.989429550e-02 1.190161880e-03 -5.991419750e-06 -1.311194050e-03
1.687441000e+00 9.455072340e-02 1.792428970e-05 3.287139260e-03 9.337277130e-02 2.392499280e-05 4.600219150e-03 1.177952050e-03 -6.000703050e-06 -1.313079880e-03
1.687925000e+00 1.865474380e-01 -6.467238370e-06 4.361363920e-02 1.853639900e-01 -4.496538940e-07 4.492921600e-02 1.183447550e-03 -6.017584480e-06 -1.315576860e-03
1.688410000e+00 2.380021170e-01 6.747663730e-07 6.735919410e-02 2.368063900e-01 6.704220030e-06 6.867715950e-02 1.195727790e-03 -6.029453650e-06 -1.317965410e-03
1.688876000e+00 1.827015640e-01 -1.124639310e-05 4.174212750e-02 1.815046540e-01 -5.203275030e-06 4.306291530e-02 1.196909570e-03 -6.043118110e-06 -1.320787850e-03
1.689342000e+00 1.271178110e-01 7.484430650e-05 1.455514290e-02 1.259264970e-01 8.086748860e-05 1.587939320e-02 1.191314230e-03 -6.023182070e-06 -1.324250230e-03
1.689809000e+00 1.786208010e-01 2.815014780e-06 3.860762100e-02 1.774266820e-01 8.843150280e-06 3.993465730e-02 1.194118480e-03 -6.028135500e-06 -1.327036310e-03
1.690275000e+00 2.400044210e-01 4.940567660e-05 6.500333780e-02 2.387985920e-01 5.542030270e-05 6.633248150e-02 1.205828880e-03 -6.014626110e-06 -1.329143710e-03
1.690741000e+00 1.719969720e-01 8.651942860e-05 3.648668130e-02 1.707898060e-01 9.250733930e-05 3.781989940e-02 1.207166700e-03 -5.987910660e-06 -1.333218130e-03
1.691208000e+00 5.633319590e-02 -2.608923110e-05 -1.941797510e-02 5.513982310e-02 -2.009709690e-05 -1.807338210e-02 1.193372730e-03 -5.992134150e-06 -1.344593040e-03
1.691674000e+00 1.031470500e-01 -1.095897270e-04 3.215656150e-03 1.019597630e-01 -1.035572380e-04 4.567220830e-03 1.187287350e-03 -6.032488470e-06 -1.351564680e-03
1.692140000e+00 2.317818690e-01 1.918782850e-04 6.441641100e-02 2.305837540e-01 1.978336360e-04 6.576241880e-02 1.198114450e-03 -5.955350790e-06 -1.346007830e-03
1.692606000e+00 2.346751140e-01 6.052907490e-05 6.472125510e-02 2.334684900e-01 6.645659720e-05 6.606376430e-02 1.206624150e-03 -5.927522280e-06 -1.342509250e-03
1.693073000e+00 1.226610170e-01 -4.208295180e-06 1.063031050e-02 1.214630130e-01 1.707071380e-06 1.197721270e-02 1.198004010e-03 -5.915366560e-06 -1.346902270e-03
1.693539000e+00 9.413744400e-02 1.100900620e-05 -1.423720860e-03 9.295045830e-02 1.690371080e-05 -7.283809850e-05 1.186985690e-03 -5.894704620e-06 -1.350882760e-03
1.694005000e+00 1.870802240e-01 -2.237466060e-05 3.950822210e-02 1.858874730e-01 -1.649199170e-05 4.086181410e-02 1.192750900e-03 -5.882668870e-06 -1.353592040e-03
1.694472000e+00 2.509766270e-01 1.960431420e-04 6.740348060e-02 2.497715030e-01 2.018327240e-04 6.875973090e-02 1.205123210e-03 -5.789581480e-06 -1.356250310e-03
1.694938000e+00 1.855898250e-01 -7.302403340e-05 3.973398190e-02 1.843833130e-01 -6.723825350e-05 4.109304490e-02 1.206512140e-03 -5.785779940e-06 -1.359063060e-03
1.695404000e+00 1.559876130e-01 4.466280800e-05 2.661247880e-02 1.547845690e-01 5.040390580e-05 2.797285740e-02 1.203043890e-03 -5.741097740e-06 -1.360378520e-03
1.695871000e+00 1.767043710e-01 -4.193022740e-05 3.387434330e-02 1.755006190e-01 -3.620106170e-05 3.523955880e-02 1.203752110e-03 -5.729165690e-06 -1.365215520e-03
1.696337000e+00 1.568629040e-01 -2.350999360e-05 2.147899800e-02 1.556575060e-01 -1.780409580e-05 2.285613160e-02 1.205397290e-03 -5.705897780e-06 -1.377133660e-03
1.696803000e+00 1.853114230e-01 -3.081619550e-04 3.628192890e-02 1.841045160e-01 -3.023804700e-04 3.766434410e-02 1.206907690e-03 -5.781484870e-06 -1.382415170e-03
1.697270000e+00 1.874173120e-01 1.521389450e-04 4.400942050e-02 1.862113450e-01 1.578175090e-04 4.538488410e-02 1.205967320e-03 -5.678563080e-06 -1.375463660e-03
1.697736000e+00 1.887289610e-01 -2.373538300e-05 4.278093280e-02 1.875231430e-01 -1.809483130e-05 4.415321000e-02 1.205817620e-03 -5.640551670e-06 -1.372277150e-03
1.698202000e+00 1.683647810e-01 7.450494250e-06 3.056713920e-02 1.671587410e-01 1.303895590e-05 3.194325020e-02 1.206040370e-03 -5.588461610e-06 -1.376110960e-03
1.698668000e+00 1.689005100e-01 -4.326710180e-05 3.345440930e-02 1.676947940e-01 -3.771419320e-05 3.483300850e-02 1.205716300e-03 -5.552908540e-06 -1.378599270e-03
1.699135000e+00 2.146979250e-01 -5.880853520e-05 4.748328230e-02 2.134857560e-01 -5.328726680e-05 4.886461690e-02 1.212168690e-03 -5.521268410e-06 -1.381334590e-03
1.699601000e+00 2.326504960e-01 2.452640560e-05 5.648101400e-02 2.314301780e-01 2.998917210e-05 5.786375660e-02 1.220317830e-03 -5.462766480e-06 -1.382742530e-03
1.700067000e+00 1.417817450e-01 -7.186814500e-06 1.612866480e-02 1.405661820e-01 -1.772280320e-06 1.751905410e-02 1.215563100e-03 -5.414534180e-06 -1.390389280e-03
1.700534000e+00 8.199354260e-02 6.095391900e-06 -9.457873050e-03 8.078852090e-02 1.145274880e-05 -8.055875190e-03 1.205021750e-03 -5.357356910e-06 -1.401997860e-03
1.701000000e+00 1.754775740e-01 -5.301151440e-05 3.518342740e-02 1.742707590e-01 -4.768841110e-05 3.658527050e-02 1.206815480e-03 -5.323103360e-06 -1.401843090e-03
1.701460000e+00 2.655659340e-01 -6.570863810e-05 7.643012340e-02 2.643488300e-01 -6.041540490e-05 7.782362050e-02 1.217103640e-03 -5.293233240e-06 -1.393497030e-03
1.701915000e+00 1.874833650e-01 -1.102970640e-04 3.796542040e-02 1.862660360e-01 -1.050184410e-04 3.935883360e-02 1.217329860e-03 -5.278622670e-06 -1.393413200e-03
1.702370000e+00 9.961543910e-02 -1.012924690e-04 -8.565581920e-05 9.840901040e-02 -9.603501350e-05 1.312434030e-03 1.206428750e-03 -5.257455550e-06 -1.398089850e-03
1.702825000e+00 1.466565560e-01 -9.288191360e-05 2.012386780e-02 1.454541730e-01 -8.764775200e-05 2.152434000e-02 1.202382570e-03 -5.234161550e-06 -1.400472230e-03
1.703280000e+00 2.203633390e-01 -2.329301970e-04 5.016008170e-02 2.191526660e-01 -2.276716040e-04 5.156255560e-02 1.210673130e-03 -5.258592770e-06 -1.402473960e-03
1.703735000e+00 2.205807020e-01 6.737892090e-05 5.000951680e-02 2.193635680e-01 7.255536740e-05 5.141426830e-02 1.217133920e-03 -5.176446580e-06 -1.404751500e-03
1.704190000e+00 1.534416390e-01 -1.014803580e-04 2.250838990e-02 1.522306090e-01 -9.632583680e-05 2.391552130e-02 1.211030110e-03 -5.154521170e-06 -1.407131450e-03
1.704645000e+00 1.225449600e-01 3.434425990e-04 7.853611510e-03 1.213424790e-01 3.484177590e-04 9.262791960e-03 1.202481710e-03 -4.975160090e-06 -1.409180450e-03
1.705100000e+00 1.777616660e-01 -2.004403240e-04 2.468244090e-02 1.765552500e-01 -1.954597460e-04 2.609925580e-02 1.206416450e-03 -4.980577300e-06 -1.416814910e-03
1.705555000e+00 2.247602110e-01 -6.136876240e-05 4.479592300e-02 2.235447870e-01 -5.643036430e-05 4.622390660e-02 1.215424060e-03 -4.938398100e-06 -1.427983660e-03
1.706005000e+00 2.122154350e-01 -8.453421920e-05 4.557242010e-02 2.109970670e-01 -7.962611980e-05 4.700215250e-02 1.218368770e-03 -4.908099420e-06 -1.429732370e-03
1.706454000e+00 2.253555310e-01 -7.766489220e-05 5.416835980e-02 2.241355210e-01 -7.278859860e-05 5.559136010e-02 1.220009610e-03 -4.876293650e-06 -1.423000350e-03
1.706903000e+00 1.895359080e-01 3.851172320e-05 3.921824450e-02 1.883174230e-01 4.331392800e-05 4.063933600e-02 1.218485340e-03 -4.802204810e-06 -1.421091510e-03
1.707352000e+00 1.159378830e-01 -5.636798560e-05 4.751746630e-03 1.147296100e-01 -5.160847300e-05 6.176897800e-03 1.208273450e-03 -4.759512590e-06 -1.425151180e-03
1.707802000e+00 1.372753860e-01 -3.320882090e-05 1.427122420e-02 1.360737070e-01 -2.849959560e-05 1.569875620e-02 1.201679200e-03 -4.709225250e-06 -1.427532060e-03
1.708251000e+00 2.464957420e-01 3.428843190e-05 5.850482310e-02 2.452848590e-01 3.892443780e-05 5.993405360e-02 1.210882880e-03 -4.636005890e-06 -1.429230510e-03
1.708700000e+00 2.371460110e-01 -1.350913190e-05 5.318388190e-02 2.359257990e-01 -8.932604240e-06 5.461579970e-02 1.220212640e-03 -4.576527620e-06 -1.431917850e-03
1.709144000e+00 2.011288450e-01 7.699708540e-05 3.873886400e-02 1.999082810e-01 8.148630650e-05 4.017337070e-02 1.220564080e-03 -4.489221120e-06 -1.434506710e-03
1.709587000e+00 1.728626450e-01 -1.460485330e-04 2.525171570e-02 1.716443710e-01 -1.415770490e-04 2.668917320e-02 1.218273570e-03 -4.471483800e-06 -1.437457560e-03
1.710030000e+00 1.701159800e-01 -2.165419280e-04 2.512452140e-02 1.689003330e-01 -2.120668230e-04 2.656479400e-02 1.215646270e-03 -4.475104490e-06 -1.440272570e-03
1.710473000e+00 1.389521350e-01 6.114570930e-05 1.387852010e-02 1.377440950e-01 6.553108480e-05 1.532244690e-02 1.208039920e-03 -4.385375550e-06 -1.443926740e-03
1.710917000e+00 1.450336810e-01 -4.769060920e-06 1.865905170e-02 1.438299780e-01 -4.492676990e-07 2.010424000e-02 1.203702740e-03 -4.319793220e-06 -1.445188340e-03
1.711360000e+00 2.449733900e-01 -1.006805100e-04 6.070632930e-02 2.437622900e-01 -9.638879260e-05 6.214576430e-02 1.211099740e-03 -4.291717400e-06 -1.439435080e-03
1.711803000e+00 2.521154820e-01 -1.286191460e-05 6.203621050e-02 2.508984620e-01 -8.618404690e-06 6.347086010e-02 1.217019940e-03 -4.243509870e-06 -1.434649620e-03
1.712246000e+00 1.733300870e-01 -2.512927610e-05 2.374814510e-02 1.721138020e-01 -2.092344000e-05 2.519108920e-02 1.216284960e-03 -4.205836100e-06 -1.442944160e-03
1.712690000e+00 1.827089040e-01 1.143051800e-05 2.520628390e-02 1.814910220e-01 1.559273790e-05 2.666056480e-02 1.217882170e-03 -4.162219930e-06 -1.454280880e-03
1.713133000e+00 1.586464690e-01 -1.082022460e-06 1.953699070e-02 1.574326750e-01 3.040810930e-06 2.099536890e-02 1.213794130e-03 -4.122833390e-06 -1.458378230e-03
1.713576000e+00 9.856356830e-02 -3.809640940e-05 -1.891486130e-03 9.736241570e-02 -3.400028180e-05 -4.313243490e-04 1.201152610e-03 -4.096127540e-06 -1.460161790e-03
1.714019000e+00 1.588154910e-01 4.378339350e-06 2.305832810e-02 1.576166520e-01 8.437019950e-06 2.451864760e-02 1.198839200e-03 -4.058680600e-06 -1.460319570e-03
1.714462000e+00 3.119948120e-01 -6.185626160e-05 8.759430080e-02 3.107832120e-01 -5.781018690e-05 8.904733980e-02 1.211599620e-03 -4.046074760e-06 -1.453039000e-03
1.714906000e+00 2.683398640e-01 -1.423509770e-06 6.381666410e-02 2.671214080e-01 2.589045390e-06 6.526709930e-02 1.218456250e-03 -4.012555160e-06 -1.450435160e-03
1.715342000e+00 1.234349620e-01 5.198638200e-05 1.828637370e-03 1.222261570e-01 5.594479100e-05 3.289125800e-03 1.208804850e-03 -3.958408940e-06 -1.460488430e-03
1.715778000e+00 7.477316870e-02 -4.201623150e-05 -1.805355290e-02 7.357631220e-02 -3.807718930e-05 -1.658144680e-02 1.196856480e-03 -3.939042150e-06 -1.472106090e-03
1.716221000e+00 2.183674640e-01 -5.117401610e-05 4.332653790e-02 2.171661540e-01 -4.724811450e-05 4.479747330e-02 1.201310020e-03 -3.925901660e-06 -1.470935430e-03
1.716665000e+00 3.120431330e-01 -2.770791890e-05 8.229002070e-02 3.108278430e-01 -2.379855830e-05 8.375289660e-02 1.215289910e-03 -3.909360610e-06 -1.462875930e-03
1.717100000e+00 2.073135760e-01 -1.153787680e-04 3.788698430e-02 2.060989080e-01 -1.114537340e-04 3.935205940e-02 1.214668170e-03 -3.925034010e-06 -1.465075160e-03
1.717536000e+00 9.463743110e-02 -9.363642850e-05 -1.045158660e-02 9.343536260e-02 -8.970588750e-05 -8.973871410e-03 1.202068490e-03 -3.930541000e-06 -1.477715210e-03
1.717972000e+00 1.472407140e-01 -7.448304140e-05 1.318060710e-02 1.460440600e-01 -7.055466930e-05 1.466453320e-02 1.196653800e-03 -3.928372110e-06 -1.483926040e-03
1.718407000e+00 2.032653550e-01 -1.014878890e-04 3.710426110e-02 2.020668390e-01 -9.754981640e-05 3.858380560e-02 1.198516410e-03 -3.938072790e-06 -1.479544530e-03
1.718843000e+00 2.306838050e-01 -2.141336130e-05 4.993903440e-02 2.294834170e-01 -1.749232550e-05 5.141375620e-02 1.200388420e-03 -3.921035790e-06 -1.474721820e-03
1.719279000e+00 1.969117690e-01 -1.220002590e-04 3.422112270e-02 1.957123680e-01 -1.180516660e-04 3.569754690e-02 1.199401620e-03 -3.948593470e-06 -1.476424220e-03
1.719715000e+00 1.759984040e-01 -5.564463810e-05 2.582888880e-02 1.748019170e-01 -5.169800800e-05 2.730838170e-02 1.196487340e-03 -3.946630080e-06 -1.479492860e-03
1.720150000e+00 1.994273480e-01 -2.074534900e-05 3.035355290e-02 1.982306930e-01 -1.681424940e-05 3.183621150e-02 1.196655180e-03 -3.931099670e-06 -1.482658620e-03
1.720586000e+00 2.130250350e-01 -4.273673440e-05 3.661712150e-02 2.118265880e-01 -3.881256450e-05 3.810284450e-02 1.198446510e-03 -3.924169960e-06 -1.485723010e-03
1.721022000e+00 1.952678770e-01 -1.523206040e-04 3.178823370e-02 1.940698870e-01 -1.483692940e-04 3.327640000e-02 1.197989720e-03 -3.951309650e-06 -1.488166230e-03
1.721457000e+00 1.975372210e-01 1.892339270e-04 3.648192750e-02 1.963412200e-01 1.930892640e-04 3.797138670e-02 1.196000610e-03 -3.855337350e-06 -1.489459240e-03
1.721893000e+00 1.760054500e-01 -4.779322880e-04 2.612971300e-02 1.748120770e-01 -4.739333700e-04 2.762183630e-02 1.193373500e-03 -3.998918210e-06 -1.492123300e-03
1.722329000e+00 2.146112480e-01 1.972561100e-04 4.187923120e-02 2.134179240e-01 2.011560890e-04 4.336875430e-02 1.193323840e-03 -3.899979240e-06 -1.489523090e-03
1.722765000e+00 2.433069940e-01 6.834777360e-05 5.454417840e-02 2.421119530e-01 7.219761890e-05 5.602689500e-02 1.195041430e-03 -3.849845340e-06 -1.482716560e-03
1.723200000e+00 2.144343970e-01 1.480560920e-04 3.619895840e-02 2.132396680e-01 1.518282900e-04 3.768479940e-02 1.194729850e-03 -3.772198320e-06 -1.485841040e-03
1.723636000e+00 1.873869510e-01 -1.107984440e-04 2.431071570e-02 1.861935150e-01 -1.070217390e-04 2.580845680e-02 1.193435270e-03 -3.776705100e-06 -1.497741190e-03
1.724072000e+00 1.858686700e-01 -6.837652600e-05 2.514262280e-02 1.846766480e-01 -6.460838690e-05 2.664647950e-02 1.192022440e-03 -3.768139160e-06 -1.503856690e-03
1.724507000e+00 1.922008060e-01 -3.182721400e-05 3.488531430e-02 1.910144080e-01 -2.808087100e-05 3.638337690e-02 1.186397640e-03 -3.746343050e-06 -1.498062660e-03
1.724943000e+00 1.787484940e-01 -5.041161850e-05 2.890780420e-02 1.775679680e-01 -4.668210870e-05 3.040136060e-02 1.180525860e-03 -3.729509810e-06 -1.493556350e-03
1.725379000e+00 1.969053570e-01 -1.198284350e-05 3.203916600e-02 1.957259230e-01 -8.285904540e-06 3.353450210e-02 1.179434110e-03 -3.696938930e-06 -1.495336050e-03
1.725815000e+00 1.954229450e-01 2.627276630e-05 3.048684470e-02 1.942457830e-01 2.992306570e-05 3.198489440e-02 1.177161980e-03 -3.650299430e-06 -1.498049690e-03
1.726250000e+00 2.250828160e-01 -1.881866080e-05 4.061028870e-02 2.239029710e-01 -1.519399020e-05 4.211034370e-02 1.179844470e-03 -3.624670610e-06 -1.500054970e-03
1.726686000e+00 3.032864440e-01 -3.543910990e-06 6.771507520e-02 3.020949880e-01 4.786383210e-08 6.921737990e-02 1.191456070e-03 -3.591774820e-06 -1.502304730e-03
1.727109000e+00 2.496454730e-01 -2.050848870e-05 4.854685200e-02 2.484509890e-01 -1.694166450e-05 5.005148280e-02 1.194483970e-03 -3.566824240e-06 -1.504630850e-03
1.727532000e+00 1.554990800e-01 1.799832200e-04 1.851873550e-02 1.543154410e-01 1.834567370e-04 2.002485750e-02 1.183639010e-03 -3.473516280e-06 -1.506121990e-03
1.727956000e+00 1.450814510e-01 8.714351070e-05 1.283440270e-02 1.439071740e-01 9.055961580e-05 1.434229990e-02 1.174277050e-03 -3.416105060e-06 -1.507897180e-03
1.728379000e+00 1.907649760e-01 -6.371387800e-05 2.933774200e-02 1.895918200e-01 -6.030490790e-05 3.084728300e-02 1.173156550e-03 -3.408970070e-06 -1.509541020e-03
1.728802000e+00 2.453468040e-01 -3.358092190e-05 4.516237680e-02 2.441685060e-01 -3.018904910e-05 4.667574620e-02 1.178298590e-03 -3.391872890e-06 -1.513369470e-03
1.729225000e+00 2.172864980e-01 9.600470300e-05 3.499721260e-02 2.161101920e-01 9.933796470e-05 3.651131770e-02 1.176305250e-03 -3.333261750e-06 -1.514105010e-03
1.729649000e+00 1.630600220e-01 -3.676085940e-05 2.205010690e-02 1.618943550e-01 -3.344237810e-05 2.355885190e-02 1.165667030e-03 -3.318481350e-06 -1.508744950e-03
1.730072000e+00 1.896933780e-01 -4.815113870e-05 2.976630470e-02 1.885337110e-01 -4.484241750e-05 3.127170820e-02 1.159666960e-03 -3.308721140e-06 -1.505403460e-03
1.730495000e+00 2.706380580e-01 -1.769417040e-05 5.428308300e-02 2.694705540e-01 -1.440328780e-05 5.579087860e-02 1.167503800e-03 -3.290882620e-06 -1.507795610e-03
1.730919000e+00 3.008864830e-01 2.552471720e-05 6.249635270e-02 2.997077110e-01 2.878618840e-05 6.400749920e-02 1.178771810e-03 -3.261471190e-06 -1.511146460e-03
1.731342000e+00 2.061333640e-01 3.708766840e-05 3.292943420e-02 2.049581530e-01 4.031665180e-05 3.444268380e-02 1.175210960e-03 -3.228983380e-06 -1.513249630e-03
1.731765000e+00 1.379357240e-01 2.697817940e-04 8.966383170e-03 1.367735050e-01 2.728973350e-04 1.048152890e-02 1.162218730e-03 -3.115540900e-06 -1.515145760e-03
1.732188000e+00 1.744720000e-01 -1.906258530e-04 2.045207960e-02 1.733143480e-01 -1.874589300e-04 2.196932170e-02 1.157652040e-03 -3.166922720e-06 -1.517242120e-03
1.732612000e+00 2.655879770e-01 -1.572214770e-06 5.021508090e-02 2.644261740e-01 1.581838140e-06 5.173413530e-02 1.161802510e-03 -3.154052910e-06 -1.519054370e-03
1.733035000e+00 2.230259600e-01 5.121485630e-05 3.824550180e-02 2.218633030e-01 5.433528730e-05 3.976619790e-02 1.162656380e-03 -3.120430990e-06 -1.520696130e-03
1.733458000e+00 2.120884320e-01 9.193434660e-05 3.278620380e-02 2.109270630e-01 9.500531380e-05 3.430888920e-02 1.161369430e-03 -3.070967210e-06 -1.522685420e-03
1.733881000e+00 2.057307210e-01 -1.096423680e-04 2.933101180e-02 2.045708960e-01 -1.065477970e-04 3.085688790e-02 1.159825170e-03 -3.094570990e-06 -1.525876080e-03
1.734305000e+00 1.916762280e-01 4.797002480e-06 3.095771330e-02 1.905201410e-01 7.874153860e-06 3.248238170e-02 1.156086910e-03 -3.077151390e-06 -1.524668400e-03
1.734728000e+00 1.851202420e-01 -1.123630600e-05 2.818580980e-02 1.839715440e-01 -8.172750030e-06 2.970544680e-02 1.148698200e-03 -3.063555990e-06 -1.519636950e-03
1.735151000e+00 1.945245890e-01 -2.885203430e-05 2.926437380e-02 1.933808550e-01 -2.579666230e-05 3.078116410e-02 1.143734360e-03 -3.055371930e-06 -1.516790350e-03
1.735574000e+00 2.714442020e-01 -9.220589980e-06 5.193558540e-02 2.702940730e-01 -6.181806190e-06 5.345417040e-02 1.150128590e-03 -3.038783780e-06 -1.518585010e-03
1.735998000e+00 2.797932060e-01 8.884423650e-06 5.301101620e-02 2.786357620e-01 1.190096350e-05 5.453185000e-02 1.157443990e-03 -3.016539890e-06 -1.520833820e-03
1.736421000e+00 2.254834950e-01 -6.594880200e-05 3.674892300e-02 2.243290930e-01 -6.292745790e-05 3.827143490e-02 1.154401840e-03 -3.021344090e-06 -1.522511870e-03
1.736844000e+00 1.781818310e-01 -7.712793430e-06 2.188739490e-02 1.770353780e-01 -4.706835940e-06 2.341200150e-02 1.146452600e-03 -3.005957490e-06 -1.524606640e-03
1.737267000e+00 2.083015950e-01 2.066706070e-04 3.250190140e-02 2.071589480e-01 2.095863040e-04 3.402727720e-02 1.142646570e-03 -2.915696850e-06 -1.525375800e-03
1.737691000e+00 2.284320070e-01 3.958231580e-05 3.303041140e-02 2.272885210e-01 4.246757720e-05 3.455818280e-02 1.143486170e-03 -2.885261470e-06 -1.527771390e-03
1.738114000e+00 2.517010780e-01 1.504970610e-04 4.446691820e-02 2.505565990e-01 1.533091750e-04 4.599591370e-02 1.144478750e-03 -2.812114300e-06 -1.528995480e-03
1.738537000e+00 2.268094540e-01 -3.422587410e-04 3.834734130e-02 2.256689920e-01 -3.393520900e-04 3.987285340e-02 1.140462020e-03 -2.906651390e-06 -1.525512090e-03
1.738960000e+00 1.898210430e-01 -1.258874540e-05 2.898974950e-02 1.886870990e-01 -9.698463500e-06 3.050961960e-02 1.133944210e-03 -2.890281890e-06 -1.519870130e-03
1.739384000e+00 2.143428540e-01 3.988001030e-05 3.250166850e-02 2.132116090e-01 4.273664420e-05 3.402067890e-02 1.131245610e-03 -2.856633990e-06 -1.519010340e-03
1.739807000e+00 2.252708420e-01 -1.690071680e-04 3.602716270e-02 2.241400640e-01 -1.661140970e-04 3.754805120e-02 1.130777310e-03 -2.893071030e-06 -1.520888480e-03
1.740230000e+00 2.334036960e-01 7.482942900e-05 3.877858910e-02 2.322733240e-01 7.767430260e-05 4.030011890e-02 1.130371850e-03 -2.844873600e-06 -1.521529840e-03
1.740653000e+00 2.457888980e-01 4.378729870e-06 4.340964930e-02 2.446575910e-01 7.203491590e-06 4.493186820e-02 1.131307530e-03 -2.824761710e-06 -1.522218860e-03
1.741077000e+00 2.460374640e-01 8.010191670e-06 4.027560280e-02 2.449048230e-01 1.081209550e-05 4.180035320e-02 1.132641420e-03 -2.801903860e-06 -1.524750400e-03
1.741500000e+00 2.435560420e-01 -1.351594000e-04 4.227731020e-02 2.424240750e-01 -1.323325690e-04 4.379919610e-02 1.131967550e-03 -2.826831000e-06 -1.521885940e-03
1.741905000e+00 2.370989620e-01 1.446094950e-04 4.140494040e-02 2.359703810e-01 1.473756300e-04 4.291988140e-02 1.128581100e-03 -2.766134950e-06 -1.514941060e-03
1.742310000e+00 2.499908480e-01 1.575458990e-04 4.109943640e-02 2.488626630e-01 1.602510810e-04 4.261235750e-02 1.128185410e-03 -2.705182410e-06 -1.512921040e-03
1.742715000e+00 2.624945760e-01 7.781217360e-06 4.392879910e-02 2.613648050e-01 1.047150520e-05 4.544414260e-02 1.129771320e-03 -2.690287870e-06 -1.515343490e-03
1.743116000e+00 2.707720750e-01 6.728339890e-05 4.876295400e-02 2.696404650e-01 6.994497600e-05 5.027911650e-02 1.131609980e-03 -2.661577080e-06 -1.516162530e-03
1.743517000e+00 2.108355900e-01 8.331386430e-05 2.898551040e-02 2.097091170e-01 8.594742020e-05 3.050249730e-02 1.126472770e-03 -2.633555910e-06 -1.516986930e-03
1.743918000e+00 1.446491520e-01 4.855711540e-04 7.486304360e-03 1.435343390e-01 4.880509670e-04 9.005197110e-03 1.114812710e-03 -2.479813220e-06 -1.518892750e-03
1.744318000e+00 2.236869780e-01 -2.626007600e-04 3.431672640e-02 2.225755930e-01 -2.600330100e-04 3.583470740e-02 1.111385300e-03 -2.567750780e-06 -1.517981040e-03
1.744719000e+00 2.639954130e-01 3.111559830e-05 4.981959180e-02 2.628816090e-01 3.367677600e-05 5.133152400e-02 1.113804290e-03 -2.561177700e-06 -1.511932250e-03
1.745120000e+00 2.765747630e-01 2.806150590e-04 5.175765180e-02 2.754582900e-01 2.830909170e-04 5.326388100e-02 1.116472500e-03 -2.475858340e-06 -1.506229120e-03
1.745517000e+00 2.256832710e-01 4.258314280e-05 3.441726010e-02 2.245713500e-01 4.506193000e-05 3.592279670e-02 1.111921350e-03 -2.478787220e-06 -1.505536620e-03
1.745913000e+00 1.550503280e-01 -3.510407570e-07 1.162882340e-02 1.539496250e-01 2.144019580e-06 1.313593410e-02 1.100703180e-03 -2.495060340e-06 -1.507110710e-03
1.746314000e+00 2.015995350e-01 7.030424020e-05 2.500797700e-02 2.005031980e-01 7.279545430e-05 2.651537850e-02 1.096337380e-03 -2.491214060e-06 -1.507401490e-03
1.746715000e+00 2.665125650e-01 2.338116990e-04 3.978904010e-02 2.654132370e-01 2.362498380e-04 4.129784320e-02 1.099327900e-03 -2.438138380e-06 -1.508803090e-03
1.747112000e+00 2.828903590e-01 1.121461990e-05 4.611542600e-02 2.817878000e-01 1.366685400e-05 4.762609120e-02 1.102558650e-03 -2.452234160e-06 -1.510665190e-03
1.747508000e+00 2.594289040e-01 5.799841620e-05 4.184783490e-02 2.583266700e-01 6.045910610e-05 4.335580580e-02 1.102233650e-03 -2.460689870e-06 -1.507970910e-03
1.747905000e+00 2.624716900e-01 1.742323140e-04 4.674173530e-02 2.613711910e-01 1.766613120e-04 4.824189190e-02 1.100498300e-03 -2.428997710e-06 -1.500156590e-03
1.748301000e+00 2.500157540e-01 7.267061340e-05 4.345823120e-02 2.489170280e-01 7.510373240e-05 4.495329590e-02 1.098726670e-03 -2.433119070e-06 -1.495064710e-03
1.748693000e+00 2.192169460e-01 6.939935690e-05 2.935839550e-02 2.181236450e-01 7.184163640e-05 3.085424190e-02 1.093300510e-03 -2.442279530e-06 -1.495846400e-03
1.749085000e+00 2.170828950e-01 1.786087990e-04 2.871813520e-02 2.159959420e-01 1.810295050e-04 3.021492660e-02 1.086952580e-03 -2.420705800e-06 -1.496791410e-03
1.749477000e+00 2.580833050e-01 2.693026360e-04 3.972130710e-02 2.569960330e-01 2.716728430e-04 4.121762660e-02 1.087272170e-03 -2.370207480e-06 -1.496319560e-03
1.749868000e+00 3.012917850e-01 2.656017660e-04 5.039497550e-02 3.001967630e-01 2.679274100e-04 5.189124020e-02 1.095021950e-03 -2.325644540e-06 -1.496264680e-03
1.750260000e+00 3.143071270e-01 1.039591860e-04 5.509288800e-02 3.132067150e-01 1.062954410e-04 5.658887520e-02 1.100412270e-03 -2.336254320e-06 -1.495987130e-03
1.750647000e+00 1.979831400e-01 1.014195040e-04 1.811853960e-02 1.968928080e-01 1.037752500e-04 1.961201550e-02 1.090331240e-03 -2.355746050e-06 -1.493475970e-03
1.751034000e+00 1.653565450e-01 1.176475700e-04 1.394113040e-02 1.642812540e-01 1.200223080e-04 1.542883030e-02 1.075291330e-03 -2.374737260e-06 -1.487699950e-03
1.751422000e+00 2.229629140e-01 8.991777650e-05 2.827185440e-02 2.218923320e-01 9.231995530e-05 2.975647020e-02 1.070581650e-03 -2.402178780e-06 -1.484615820e-03
1.751809000e+00 3.515930650e-01 9.736316620e-05 6.074244130e-02 3.505125320e-01 9.979638710e-05 6.222773750e-02 1.080532930e-03 -2.433220890e-06 -1.485296220e-03
1.752196000e+00 3.309215500e-01 1.416260090e-04 5.529697000e-02 3.298338540e-01 1.440826960e-04 5.678310920e-02 1.087695870e-03 -2.456687720e-06 -1.486139190e-03
1.752578000e+00 2.493869120e-01 8.229665800e-05 3.680680800e-02 2.483028810e-01 8.480067170e-05 3.828950390e-02 1.084030680e-03 -2.504013750e-06 -1.482695900e-03
1.752960000e+00 2.155109060e-01 1.313157160e-04 2.598560210e-02 2.144341090e-01 1.338562480e-04 2.746262280e-02 1.076797400e-03 -2.540532380e-06 -1.477020690e-03
1.753342000e+00 2.475016060e-01 2.189994170e-04 3.795865250e-02 2.464294990e-01 2.215606490e-04 3.943045160e-02 1.072107260e-03 -2.561231790e-06 -1.471799050e-03
1.753724000e+00 2.137639080e-01 2.014150810e-04 2.609544060e-02 2.126978620e-01 2.040081900e-04 2.756672840e-02 1.066046090e-03 -2.593109120e-06 -1.471287840e-03
1.754106000e+00 1.733438780e-01 1.921884500e-04 1.392276010e-02 1.722882500e-01 1.948213440e-04 1.539388470e-02 1.055627760e-03 -2.632894410e-06 -1.471124600e-03
1.754488000e+00 2.385294310e-01 1.901359280e-04 3.130186770e-02 2.374750750e-01 1.928166540e-04 3.277196870e-02 1.054356400e-03 -2.680725580e-06 -1.470101040e-03
1.754870000e+00 3.423802010e-01 3.863596970e-05 5.980353950e-02 3.413156730e-01 4.141110710e-05 6.127266610e-02 1.064527520e-03 -2.775137450e-06 -1.469126580e-03
1.755253000e+00 3.701451120e-01 1.081642700e-04 6.224724250e-02 3.690708010e-01 1.110132340e-04 6.371690580e-02 1.074310560e-03 -2.848963800e-06 -1.469663340e-03
1.755629000e+00 2.285207090e-01 1.475488410e-04 3.119576670e-02 2.274545300e-01 1.504606680e-04 3.266108220e-02 1.066178330e-03 -2.911826560e-06 -1.465315500e-03
1.756006000e+00 1.140008710e-01 1.511156500e-04 3.965737620e-03 1.129561550e-01 1.540969610e-04 5.423543890e-03 1.044715690e-03 -2.981311000e-06 -1.457806270e-03
1.756383000e+00 1.933421140e-01 2.548846350e-04 2.359098930e-02 1.923065330e-01 2.579073050e-04 2.504276260e-02 1.035580460e-03 -3.022669080e-06 -1.451773260e-03
1.756759000e+00 3.682553220e-01 3.143235340e-04 6.561359880e-02 3.672111810e-01 3.173715960e-04 6.705927540e-02 1.044140950e-03 -3.048061130e-06 -1.445676530e-03
1.757131000e+00 4.211188360e-01 1.535984160e-04 7.841004160e-02 4.200613990e-01 1.567171850e-04 7.984785600e-02 1.057436950e-03 -3.118769510e-06 -1.437814370e-03
1.757496000e+00 3.001822440e-01 1.295813370e-04 4.407566590e-02 2.991254610e-01 1.327781490e-04 4.551162170e-02 1.056782620e-03 -3.196811760e-06 -1.435955820e-03
1.757862000e+00 1.638194920e-01 1.741143750e-04 4.190503340e-03 1.627741560e-01 1.773795590e-04 5.633672320e-03 1.045335990e-03 -3.265183590e-06 -1.443168990e-03
1.758228000e+00 1.573300250e-01 1.742610030e-04 3.182596210e-03 1.562946540e-01 1.775865350e-04 4.633440940e-03 1.035371720e-03 -3.325532600e-06 -1.450844730e-03
1.758594000e+00 2.641126510e-01 1.844694500e-04 3.468790030e-02 2.630787890e-01 1.878557210e-04 3.613428480e-02 1.033862300e-03 -3.386270860e-06 -1.446384550e-03
1.758954000e+00 3.627170870e-01 1.988204410e-04 6.315771880e-02 3.616783660e-01 2.022591250e-04 6.458953120e-02 1.038721180e-03 -3.438684200e-06 -1.431812460e-03
1.759314000e+00 3.280679670e-01 1.283030900e-04 4.971476110e-02 3.270279990e-01 1.318125960e-04 5.113672000e-02 1.039968080e-03 -3.509505760e-06 -1.421958940e-03
1.759674000e+00 2.638059370e-01 2.027963980e-04 3.196590860e-02 2.627707070e-01 2.063525170e-04 3.338605690e-02 1.035229940e-03 -3.556119040e-06 -1.420148390e-03
1.760028000e+00 1.897322980e-01 2.969644990e-04 1.373622870e-02 1.887076850e-01 3.005389090e-04 1.515789460e-02 1.024612670e-03 -3.574409840e-06 -1.421665890e-03
1.760383000e+00 2.582999140e-01 2.352822520e-04 3.401610960e-02 2.572796920e-01 2.388924840e-04 3.543555580e-02 1.020221970e-03 -3.610231930e-06 -1.419446190e-03
1.760737000e+00 3.072864880e-01 2.339110450e-04 4.385912160e-02 3.062657410e-01 2.375540090e-04 4.527655760e-02 1.020746780e-03 -3.642964200e-06 -1.417436040e-03
1.761091000e+00 3.391355870e-01 2.012437270e-04 5.023304200e-02 3.381094830e-01 2.049239370e-04 5.165059440e-02 1.026103960e-03 -3.680210630e-06 -1.417552420e-03
1.761440000e+00 3.018293410e-01 2.144013560e-05 4.264058590e-02 3.008043410e-01 2.520523290e-05 4.405597440e-02 1.025000450e-03 -3.765097260e-06 -1.415388490e-03
1.761788000e+00 2.579573130e-01 2.365557040e-04 3.338081800e-02 2.569383050e-01 2.403420450e-04 3.479023490e-02 1.019008410e-03 -3.786340810e-06 -1.409416940e-03
1.762137000e+00 2.080667400e-01 1.221772820e-04 2.476045480e-02 2.070585240e-01 1.260134140e-04 2.616091570e-02 1.008216160e-03 -3.836132180e-06 -1.400460930e-03
1.762485000e+00 2.343036070e-01 4.682964530e-04 2.826411210e-02 2.332998660e-01 4.720832990e-04 2.965959810e-02 1.003740540e-03 -3.786846310e-06 -1.395486080e-03
1.762834000e+00 2.901573260e-01 1.480149960e-04 3.041949200e-02 2.891523350e-01 1.518428790e-04 3.181577100e-02 1.004990210e-03 -3.827883760e-06 -1.396279000e-03
1.763182000e+00 3.477575380e-01 1.026168220e-04 4.657050900e-02 3.467474960e-01 1.064935510e-04 4.796847670e-02 1.010042120e-03 -3.876729230e-06 -1.397967670e-03
1.763524000e+00 2.939659450e-01 3.098752790e-04 3.538579490e-02 2.929578970e-01 3.137397700e-04 3.678172540e-02 1.008048220e-03 -3.864490790e-06 -1.395930520e-03
1.763866000e+00 2.475950100e-01 8.337236290e-05 2.991179690e-02 2.465942150e-01 8.728510590e-05 3.130115990e-02 1.000794210e-03 -3.912742990e-06 -1.389362940e-03
1.764209000e+00 2.285706940e-01 3.483468780e-05 2.895526120e-02 2.275791890e-01 3.879950070e-05 3.033699260e-02 9.915051530e-04 -3.964812960e-06 -1.381731440e-03
1.764551000e+00 2.716643020e-01 2.103230070e-04 3.842646070e-02 2.706761750e-01 2.142943250e-04 3.980168010e-02 9.881271930e-04 -3.971317580e-06 -1.375219370e-03
1.764893000e+00 3.079010640e-01 3.121672800e-05 4.458439770e-02 3.069117110e-01 3.523919320e-05 4.595364470e-02 9.893527120e-04 -4.022465170e-06 -1.369247020e-03
1.765235000e+00 3.178212690e-01 1.082716790e-04 4.870233160e-02 3.168306280e-01 1.123216010e-04 5.006436950e-02 9.906410760e-04 -4.049921420e-06 -1.362037920e-03
1.765577000e+00 2.880790770e-01 7.402505590e-05 3.814338000e-02 2.870902900e-01 7.810898900e-05 3.950112070e-02 9.887869500e-04 -4.083933060e-06 -1.357740750e-03
1.765919000e+00 2.756491780e-01 8.511957030e-05 3.049234830e-02 2.746628600e-01 8.923312240e-05 3.184967170e-02 9.863184000e-04 -4.113552040e-06 -1.357323370e-03
1.766261000e+00 2.439725400e-01 9.545833380e-05 2.431023580e-02 2.429892160e-01 9.959852850e-05 2.566635860e-02 9.833236430e-04 -4.140194730e-06 -1.356122720e-03
1.766604000e+00 2.599883520e-01 2.907268990e-04 2.821951870e-02 2.590084660e-01 2.948344450e-04 2.957409910e-02 9.798861910e-04 -4.107545220e-06 -1.354580370e-03
1.766946000e+00 2.236593190e-01 1.119356560e-04 1.833673590e-02 2.226858880e-01 1.160549370e-04 1.969071150e-02 9.734310600e-04 -4.119281600e-06 -1.353975590e-03
1.767288000e+00 2.539930240e-01 2.073018320e-04 2.574906180e-02 2.530244300e-01 2.114037580e-04 2.710308050e-02 9.685946500e-04 -4.101925880e-06 -1.354018660e-03
1.767630000e+00 2.932086070e-01 1.084135400e-04 4.112545450e-02 2.922425290e-01 1.125231900e-04 4.247438470e-02 9.660786130e-04 -4.109650470e-06 -1.348930180e-03
1.767972000e+00 3.106316990e-01 1.106771320e-04 4.448000170e-02 3.096656490e-01 1.147914440e-04 4.582068980e-02 9.660497660e-04 -4.114311630e-06 -1.340688110e-03
1.768314000e+00 3.130262060e-01 -1.553428070e-04 4.127084880e-02 3.120603720e-01 -1.511560160e-04 4.260485540e-02 9.658341690e-04 -4.186790660e-06 -1.334006620e-03
1.768656000e+00 2.515943990e-01 3.864918980e-05 2.820563980e-02 2.506326610e-01 4.285029610e-05 2.953422760e-02 9.617379320e-04 -4.201106210e-06 -1.328587800e-03
1.768999000e+00 2.577639690e-01 2.386631000e-05 2.714935500e-02 2.568073650e-01 2.808087890e-05 2.847345220e-02 9.566040030e-04 -4.214568950e-06 -1.324097200e-03
1.769341000e+00 2.708281700e-01 -2.637518050e-06 3.038439210e-02 2.698751250e-01 1.592555430e-06 3.170368630e-02 9.530457600e-04 -4.230073480e-06 -1.319294160e-03
1.769683000e+00 2.648237110e-01 3.308758160e-05 2.996525290e-02 2.638752810e-01 3.732272620e-05 3.127911080e-02 9.484302290e-04 -4.235144610e-06 -1.313857820e-03
1.770025000e+00 2.406727840e-01 -1.804341960e-05 2.399717890e-02 2.397314100e-01 -1.379259740e-05 2.530511710e-02 9.413740420e-04 -4.250822160e-06 -1.307938150e-03
1.770367000e+00 2.120156270e-01 2.760449030e-05 2.441703250e-02 2.110831490e-01 3.185436750e-05 2.571684270e-02 9.324779040e-04 -4.249877270e-06 -1.299810140e-03
1.770709000e+00 3.039050110e-01 2.770536310e-05 3.780060720e-02 3.029717520e-01 3.195052810e-05 3.909662990e-02 9.332586590e-04 -4.245165010e-06 -1.296022690e-03
1.771051000e+00 4.081859540e-01 -1.217092380e-05 5.053692530e-02 4.072415900e-01 -7.923024590e-06 5.183395350e-02 9.443640770e-04 -4.247899230e-06 -1.297028180e-03
1.771394000e+00 4.013193910e-01 -1.030409570e-04 5.241060710e-02 4.003658360e-01 -9.877153480e-05 5.370692250e-02 9.535555760e-04 -4.269422470e-06 -1.296315400e-03
1.771736000e+00 2.748987430e-01 4.882562110e-05 2.772587420e-02 2.739503350e-01 5.307767370e-05 2.902093150e-02 9.484078170e-04 -4.252052580e-06 -1.295057300e-03
1.772078000e+00 1.183769050e-01 1.210301230e-05 -1.419458690e-03 1.174467610e-01 1.633860620e-05 -1.254653360e-04 9.301443370e-04 -4.235593940e-06 -1.293993360e-03
1.772420000e+00 1.199696690e-01 1.661216130e-04 -7.636495670e-03 1.190532180e-01 1.702977190e-04 -6.341068460e-03 9.164510140e-04 -4.176105720e-06 -1.295427210e-03
1.772775000e+00 2.549892920e-01 -3.317903040e-04 2.725071330e-02 2.540751340e-01 -3.275388800e-04 2.853906000e-02 9.141584390e-04 -4.251423520e-06 -1.288346650e-03
1.773130000e+00 3.520035690e-01 3.538710390e-04 5.042850220e-02 3.510837840e-01 3.580038010e-04 5.170312680e-02 9.197849130e-04 -4.132762020e-06 -1.274624530e-03
1.773484000e+00 3.364296120e-01 3.170215500e-05 4.569365950e-02 3.355088740e-01 3.580348400e-05 4.695703850e-02 9.207377970e-04 -4.101329000e-06 -1.263378980e-03
1.773839000e+00 3.082264040e-01 -7.565632360e-06 3.487357060e-02 3.073062800e-01 -3.487754520e-06 3.613405650e-02 9.201245720e-04 -4.077877850e-06 -1.260485850e-03
1.774194000e+00 2.627982620e-01 -8.185648440e-05 2.376168630e-02 2.618807590e-01 -7.778661380e-05 2.502320430e-02 9.175030200e-04 -4.069870640e-06 -1.261518050e-03
1.774549000e+00 2.873261790e-01 -3.232294050e-04 2.091120460e-02 2.864091310e-01 -3.191118800e-04 2.217325410e-02 9.170479720e-04 -4.117524780e-06 -1.262049510e-03
1.774904000e+00 2.470686420e-01 1.696465260e-04 1.855788380e-02 2.461566150e-01 1.736907250e-04 1.981933310e-02 9.120271840e-04 -4.044198840e-06 -1.261449250e-03
1.775259000e+00 2.601896670e-01 1.896627120e-05 2.412669640e-02 2.592817880e-01 2.296704470e-05 2.538963600e-02 9.078790380e-04 -4.000773500e-06 -1.262939570e-03
1.775613000e+00 2.580569640e-01 -1.933251820e-04 2.437503420e-02 2.571530650e-01 -1.893098950e-04 2.563589740e-02 9.038986610e-04 -4.015286920e-06 -1.260863180e-03
1.775968000e+00 2.642743580e-01 -1.260516410e-04 2.772331120e-02 2.633715780e-01 -1.220312950e-04 2.897428880e-02 9.027801600e-04 -4.020346820e-06 -1.250977550e-03
1.776323000e+00 3.187869300e-01 -1.977646440e-04 4.177535520e-02 3.178843040e-01 -1.937318630e-04 4.301115160e-02 9.026255420e-04 -4.032780980e-06 -1.235796490e-03
1.776678000e+00 2.973010420e-01 3.829473660e-04 3.691341050e-02 2.963999870e-01 3.868267240e-04 3.814114110e-02 9.010554530e-04 -3.879358000e-06 -1.227730560e-03
1.777033000e+00 2.410581240e-01 2.972485370e-04 2.057892690e-02 2.401626220e-01 3.010058590e-04 2.180742360e-02 8.955026190e-04 -3.757321640e-06 -1.228496670e-03
1.777387000e+00 2.464901470e-01 -2.138814630e-04 1.948716490e-02 2.455994370e-01 -2.101097420e-04 2.071701250e-02 8.907098910e-04 -3.771721040e-06 -1.229847650e-03
1.777742000e+00 2.431761080e-01 -8.118566220e-06 2.385838500e-02 2.422889740e-01 -4.389516450e-06 2.508610370e-02 8.871341020e-04 -3.729049770e-06 -1.227718650e-03
1.778097000e+00 2.843347960e-01 6.703537240e-05 2.995736020e-02 2.834477440e-01 7.070359660e-05 3.118323190e-02 8.870518400e-04 -3.668224200e-06 -1.225871720e-03
1.778452000e+00 2.805614300e-01 2.128158440e-04 2.881786890e-02 2.796746470e-01 2.163803810e-04 3.004382780e-02 8.867830160e-04 -3.564536510e-06 -1.225958960e-03
1.778807000e+00 2.497633970e-01 -1.925983270e-04 2.811962590e-02 2.488801260e-01 -1.890231410e-04 2.933927960e-02 8.832713270e-04 -3.575185310e-06 -1.219653710e-03
1.779161000e+00 2.600213840e-01 -5.771867330e-05 3.466195580e-02 2.591436110e-01 -5.417077270e-05 3.586794400e-02 8.777727640e-04 -3.547900580e-06 -1.205988160e-03
1.779516000e+00 2.537591330e-01 -4.531896170e-05 2.998277760e-02 2.528863540e-01 -4.180071230e-05 3.117710430e-02 8.727792790e-04 -3.518249410e-06 -1.194326720e-03
1.779871000e+00 2.776559930e-01 6.087386880e-06 3.092917530e-02 2.767849930e-01 9.564308820e-06 3.211933350e-02 8.710005390e-04 -3.476921940e-06 -1.190158220e-03
1.780226000e+00 2.794334190e-01 -7.477337410e-05 2.421084730e-02 2.785624990e-01 -7.132200680e-05 2.540340860e-02 8.709200630e-04 -3.451367360e-06 -1.192561230e-03
1.780581000e+00 2.752550230e-01 1.433581650e-04 2.458109990e-02 2.743846430e-01 1.467259980e-04 2.577358250e-02 8.703798350e-04 -3.367833110e-06 -1.192482560e-03
1.780936000e+00 2.669603430e-01 4.689794080e-05 2.495522570e-02 2.660934900e-01 5.020996960e-05 2.614370440e-02 8.668525900e-04 -3.312028800e-06 -1.188478680e-03
1.781290000e+00 2.855241780e-01 6.006951130e-05 2.994836800e-02 2.846607170e-01 6.332295050e-05 3.113119610e-02 8.634616970e-04 -3.253439240e-06 -1.182828120e-03
1.781645000e+00 2.617685530e-01 7.284757270e-05 3.046220440e-02 2.609090770e-01 7.603866050e-05 3.163910440e-02 8.594761040e-04 -3.191087780e-06 -1.176899970e-03
1.782000000e+00 2.868554140e-01 -2.163317030e-06 3.215146720e-02 2.859962240e-01 9.865267370e-07 3.332290180e-02 8.591898800e-04 -3.149843770e-06 -1.171434620e-03
1.782372000e+00 3.010753790e-01 1.859107330e-04 2.664502190e-02 3.002159800e-01 1.889599540e-04 2.781062510e-02 8.593987030e-04 -3.049220400e-06 -1.165603210e-03
1.782743000e+00 3.146732590e-01 7.520118130e-05 3.243934090e-02 3.138134500e-01 7.818915800e-05 3.360077780e-02 8.598099000e-04 -2.987976700e-06 -1.161436920e-03
1.783118000e+00 2.417507420e-01 6.443044640e-05 2.233241540e-02 2.408959730e-01 6.735621660e-05 2.349378410e-02 8.547686140e-04 -2.925770140e-06 -1.161368700e-03
1.783493000e+00 2.564405130e-01 -2.109975250e-05 2.028224110e-02 2.555888620e-01 -1.820375240e-05 2.144610730e-02 8.516509550e-04 -2.896000150e-06 -1.163866200e-03
1.783868000e+00 2.530116910e-01 -6.678316620e-05 2.302457240e-02 2.521642210e-01 -6.390773380e-05 2.418562240e-02 8.474699760e-04 -2.875432390e-06 -1.161050020e-03
1.784243000e+00 2.277758510e-01 9.737410360e-05 2.107456780e-02 2.269353070e-01 1.001876660e-04 2.222860090e-02 8.405441600e-04 -2.813562340e-06 -1.154033080e-03
1.784622000e+00 2.187546990e-01 -9.189765450e-05 2.458299970e-02 2.179212080e-01 -8.909806640e-05 2.573007250e-02 8.334906330e-04 -2.799588140e-06 -1.147072840e-03
1.785001000e+00 2.799046550e-01 7.966611050e-06 2.792679990e-02 2.790713240e-01 1.072990110e-05 2.906904900e-02 8.333307000e-04 -2.763290000e-06 -1.142249010e-03
1.785380000e+00 3.111926370e-01 1.203334970e-04 3.525545530e-02 3.103551770e-01 1.230266070e-04 3.639320310e-02 8.374601810e-04 -2.693109510e-06 -1.137747820e-03
1.785758000e+00 2.919939990e-01 -3.035462350e-04 2.963365930e-02 2.911566120e-01 -3.008000050e-04 3.076682590e-02 8.373866690e-04 -2.746230320e-06 -1.133166650e-03
1.786137000e+00 2.900413140e-01 4.088378550e-05 2.116496740e-02 2.892045140e-01 4.359325780e-05 2.229532900e-02 8.367997250e-04 -2.709472290e-06 -1.130361610e-03
1.786520000e+00 2.736271690e-01 -1.259925490e-05 2.434919670e-02 2.727917270e-01 -9.917993490e-06 2.547483050e-02 8.354421420e-04 -2.681261400e-06 -1.125633790e-03
1.786903000e+00 2.754469850e-01 -2.469064150e-05 2.642202740e-02 2.746134600e-01 -2.203638530e-05 2.754329930e-02 8.335245630e-04 -2.654256220e-06 -1.121271900e-03
1.787286000e+00 2.605158970e-01 -1.781657900e-05 2.403495700e-02 2.596868130e-01 -1.518724390e-05 2.515213590e-02 8.290833970e-04 -2.629335160e-06 -1.117178910e-03
1.787668000e+00 2.359556500e-01 3.958213100e-06 2.048756840e-02 2.351311830e-01 6.554134450e-06 2.160026760e-02 8.244671030e-04 -2.595921350e-06 -1.112699130e-03
1.788051000e+00 2.317448600e-01 -4.770881630e-05 2.026395100e-02 2.309254460e-01 -4.513168200e-05 2.137550500e-02 8.194139800e-04 -2.577134290e-06 -1.111553980e-03
1.788438000e+00 1.669467340e-01 -1.249903230e-04 6.542441330e-03 1.661368920e-01 -1.224144360e-04 7.657209740e-03 8.098416480e-04 -2.575886490e-06 -1.114768410e-03
1.788825000e+00 2.305648270e-01 6.241373840e-05 2.313974100e-02 2.297589200e-01 6.494159530e-05 2.425229970e-02 8.059067080e-04 -2.527856870e-06 -1.112558690e-03
1.789212000e+00 3.251175690e-01 1.643031760e-05 3.474197530e-02 3.243081760e-01 1.891962720e-05 3.584432650e-02 8.093927660e-04 -2.489309610e-06 -1.102351150e-03
1.789599000e+00 3.089297640e-01 2.675591610e-05 3.506813980e-02 3.081168280e-01 2.920691670e-05 3.615833970e-02 8.129356380e-04 -2.451000650e-06 -1.090199870e-03
1.789986000e+00 2.475260420e-01 -4.080430210e-05 2.173372100e-02 2.467169600e-01 -3.837186170e-05 2.282065700e-02 8.090820060e-04 -2.432440340e-06 -1.086936000e-03
1.790373000e+00 1.756905340e-01 4.695397660e-06 1.036599840e-02 1.748918310e-01 7.098108800e-06 1.145636870e-02 7.987024500e-04 -2.402711140e-06 -1.090370330e-03
1.790765000e+00 1.856955220e-01 -4.444695500e-05 8.803697350e-03 1.849036130e-01 -4.205765140e-05 9.895779840e-03 7.919093860e-04 -2.389303600e-06 -1.092082480e-03
1.791157000e+00 2.706731160e-01 2.541571800e-04 2.457210350e-02 2.698803100e-01 2.564536430e-04 2.566029540e-02 7.928062310e-04 -2.296463520e-06 -1.088191830e-03
1.791549000e+00 3.663101170e-01 -6.908984490e-05 3.870398070e-02 3.655100590e-01 -6.680001940e-05 3.978743440e-02 8.000584110e-04 -2.289825460e-06 -1.083453760e-03
1.791941000e+00 2.610129360e-01 1.017943210e-04 2.291448420e-02 2.602153290e-01 1.040265110e-04 2.399433800e-02 7.976076110e-04 -2.232189630e-06 -1.079853720e-03
1.792332000e+00 1.886116310e-01 6.193848320e-05 1.121120600e-02 1.878233900e-01 6.412746760e-05 1.228778660e-02 7.882406780e-04 -2.188984450e-06 -1.076580630e-03
1.792724000e+00 1.871627790e-01 1.752865100e-04 1.525195250e-02 1.863829170e-01 1.773968720e-04 1.632421120e-02 7.798625240e-04 -2.110362040e-06 -1.072258670e-03
1.793121000e+00 2.376681280e-01 -9.129693250e-05 1.801303500e-02 2.368895010e-01 -8.917999040e-05 1.908220360e-02 7.786266160e-04 -2.116942030e-06 -1.069168570e-03
1.793518000e+00 3.097575720e-01 -3.625979050e-05 2.759780970e-02 3.089731960e-01 -3.415387670e-05 2.866471470e-02 7.843754610e-04 -2.105913820e-06 -1.066904970e-03
1.793915000e+00 2.794836480e-01 -9.870851620e-06 1.841340360e-02 2.786998060e-01 -7.787382740e-06 1.947860850e-02 7.838420120e-04 -2.083468880e-06 -1.065204920e-03
1.794312000e+00 2.125984020e-01 1.812169020e-04 1.561662440e-02 2.118224170e-01 1.832188470e-04 1.667833830e-02 7.759854380e-04 -2.001944930e-06 -1.061713900e-03
1.794709000e+00 2.115136140e-01 1.321781140e-04 1.814323480e-02 2.107455690e-01 1.341221740e-04 1.920052230e-02 7.680455670e-04 -1.944059370e-06 -1.057287540e-03
1.795106000e+00 2.399738690e-01 4.265277030e-05 1.774277450e-02 2.392074340e-01 4.456683930e-05 1.879734620e-02 7.664359300e-04 -1.914069070e-06 -1.054571750e-03
1.795503000e+00 3.057896340e-01 8.573862860e-05 2.197156270e-02 3.050178400e-01 8.761348960e-05 2.302428680e-02 7.717937650e-04 -1.874861000e-06 -1.052724120e-03
1.795900000e+00 2.811351230e-01 2.802626160e-04 2.148877610e-02 2.803632450e-01 2.820388990e-04 2.253924080e-02 7.718777940e-04 -1.776282650e-06 -1.050464770e-03
1.796297000e+00 2.283895480e-01 8.426477950e-05 1.057176460e-02 2.276239820e-01 8.600214220e-05 1.162557420e-02 7.655656390e-04 -1.737362630e-06 -1.053809590e-03
1.796694000e+00 1.748568770e-01 6.468705430e-05 6.711328890e-03 1.741005020e-01 6.639716620e-05 7.769829390e-03 7.563744130e-04 -1.710111920e-06 -1.058500500e-03
1.797091000e+00 2.407466500e-01 1.151017830e-04 1.957732200e-02 2.399919400e-01 1.167712080e-04 2.063191750e-02 7.547095230e-04 -1.669425440e-06 -1.054595550e-03
1.797488000e+00 3.355244800e-01 9.172573500e-05 2.913991260e-02 3.347630680e-01 9.336583790e-05 3.018390260e-02 7.614118340e-04 -1.640102970e-06 -1.043990000e-03
1.797885000e+00 2.966737900e-01 1.280070220e-04 2.761321020e-02 2.959111630e-01 1.296050070e-04 2.864922960e-02 7.626263340e-04 -1.597985500e-06 -1.036019390e-03
1.798282000e+00 1.696600890e-01 2.665217210e-04 7.287113110e-03 1.689091660e-01 2.680368510e-04 8.326018110e-03 7.509234510e-04 -1.515129170e-06 -1.038905000e-03
1.798686000e+00 8.718472080e-02 1.612916460e-04 -1.015892130e-03 8.645263690e-02 1.627577400e-04 2.883171110e-05 7.320839020e-04 -1.466093670e-06 -1.044723840e-03
1.799090000e+00 2.268114540e-01 1.434960770e-05 1.381071890e-02 2.260804460e-01 1.581338220e-05 1.485360590e-02 7.310082790e-04 -1.463774510e-06 -1.042887000e-03
1.799493000e+00 3.853557860e-01 -1.085086370e-04 3.492887870e-02 3.846095090e-01 -1.070067700e-04 3.596138130e-02 7.462771650e-04 -1.501867010e-06 -1.032502650e-03
1.799897000e+00 3.317075530e-01 -1.822562340e-04 3.016902180e-02 3.309546860e-01 -1.806919930e-04 3.119358500e-02 7.528673860e-04 -1.564240950e-06 -1.024563210e-03
1.800300000e+00 2.345579430e-01 1.263635800e-05 1.636700440e-02 2.338115000e-01 1.420326110e-05 1.738929510e-02 7.464433870e-04 -1.566903110e-06 -1.022290620e-03
1.800704000e+00 1.691891810e-01 -1.575097000e-05 1.212587180e-02 1.684531130e-01 -1.417379500e-05 1.314426320e-02 7.360680270e-04 -1.577174960e-06 -1.018391420e-03
1.801108000e+00 1.997807900e-01 1.725397410e-05 1.178856930e-02 1.990498180e-01 1.883222470e-05 1.280692170e-02 7.309717310e-04 -1.578250660e-06 -1.018352430e-03
1.801511000e+00 2.195757720e-01 9.087633440e-05 8.229576880e-03 2.188478850e-01 9.243613840e-05 9.254899310e-03 7.278863000e-04 -1.559804030e-06 -1.025322430e-03
1.801915000e+00 2.168346560e-01 -4.779715720e-05 1.066882450e-02 2.161105620e-01 -4.621457650e-05 1.169823830e-02 7.240937880e-04 -1.582580720e-06 -1.029413840e-03
1.802319000e+00 2.510113410e-01 7.648048730e-05 2.011876210e-02 2.502872810e-01 7.805069110e-05 2.114061290e-02 7.240597030e-04 -1.570203810e-06 -1.021850830e-03
1.802722000e+00 2.670814010e-01 5.088890180e-05 2.540192820e-02 2.663568240e-01 5.246185200e-05 2.641027750e-02 7.245771120e-04 -1.572950190e-06 -1.008349340e-03
1.803126000e+00 2.559990310e-01 -5.122240610e-05 1.664279700e-02 2.552757430e-01 -4.962186240e-05 1.764878230e-02 7.232871380e-04 -1.600543660e-06 -1.005985320e-03
1.803530000e+00 2.405096600e-01 5.171248480e-05 1.049021890e-02 2.397901360e-01 5.331591800e-05 1.150435350e-02 7.195244400e-04 -1.603433210e-06 -1.014134570e-03
1.803933000e+00 2.195353730e-01 3.165819920e-04 8.019997150e-03 2.188196260e-01 3.181093210e-04 9.039424120e-03 7.157470500e-04 -1.527329120e-06 -1.019426970e-03
1.804337000e+00 2.590738860e-01 -1.859621260e-04 1.660468520e-02 2.583576610e-01 -1.843614330e-04 1.761789600e-02 7.162247300e-04 -1.600693170e-06 -1.013210750e-03
1.804740000e+00 2.779996280e-01 7.162173130e-05 2.028255010e-02 2.772824060e-01 7.322054470e-05 2.128505700e-02 7.172219850e-04 -1.598813390e-06 -1.002506860e-03
1.805144000e+00 2.417413970e-01 4.223876110e-05 1.519407030e-02 2.410259140e-01 4.384718780e-05 1.619267690e-02 7.154825540e-04 -1.608426640e-06 -9.986065640e-04
1.805557000e+00 2.273531480e-01 8.961908660e-05 1.055515080e-02 2.266416140e-01 9.122397090e-05 1.155516590e-02 7.115345560e-04 -1.604884260e-06 -1.000015140e-03
1.805971000e+00 2.237090340e-01 3.155338330e-05 9.764709650e-03 2.230011270e-01 3.317311290e-05 1.076469790e-02 7.079072450e-04 -1.619729570e-06 -9.999882220e-04
1.806384000e+00 1.832204640e-01 3.834043090e-05 6.384443830e-03 1.825188000e-01 3.997553710e-05 7.383649000e-03 7.016638310e-04 -1.635106190e-06 -9.992051680e-04
1.806797000e+00 1.852638190e-01 1.067515610e-04 9.589669850e-03 1.845702650e-01 1.083871250e-04 1.058518800e-02 6.935536550e-04 -1.635564340e-06 -9.955181670e-04
1.807210000e+00 2.100239770e-01 -4.570413450e-05 6.412061180e-03 2.093324400e-01 -4.401926930e-05 7.409553250e-03 6.915366340e-04 -1.684865170e-06 -9.974920670e-04
1.807623000e+00 2.456461270e-01 1.650362720e-04 4.131312960e-03 2.449509630e-01 1.666975910e-04 5.137838550e-03 6.951641100e-04 -1.661319620e-06 -1.006525590e-03
1.808037000e+00 2.567270640e-01 6.242393750e-05 4.735871140e-03 2.560306710e-01 6.410093940e-05 5.748085820e-03 6.963925710e-04 -1.677001890e-06 -1.012214680e-03
1.808450000e+00 2.363348040e-01 6.473161710e-05 1.114410390e-02 2.356399510e-01 6.642188690e-05 1.214961810e-02 6.948534850e-04 -1.690269750e-06 -1.005514230e-03
1.808863000e+00 2.444049780e-01 1.840651280e-04 1.273238920e-02 2.437112400e-01 1.857344840e-04 1.372895070e-02 6.937376720e-04 -1.669356130e-06 -9.965614370e-04
1.809276000e+00 2.229341950e-01 8.595735000e-05 9.731986140e-03 2.222440000e-01 8.763163370e-05 1.072636310e-02 6.901950280e-04 -1.674283740e-06 -9.943769940e-04
1.809690000e+00 1.939733600e-01 1.277290140e-04 2.779912290e-03 1.932881910e-01 1.293962200e-04 3.778517160e-03 6.851683860e-04 -1.667205910e-06 -9.986048640e-04
1.810103000e+00 1.981071520e-01 7.478919520e-05 4.592649150e-03 1.974270350e-01 7.646464570e-05 5.591414040e-03 6.801170230e-04 -1.675450490e-06 -9.987648970e-04
1.810516000e+00 1.975497160e-01 8.329197120e-05 8.479507570e-03 1.968759190e-01 8.497178060e-05 9.471532900e-03 6.737979820e-04 -1.679809440e-06 -9.920253290e-04
1.810929000e+00 1.853817960e-01 9.759088040e-05 1.150764060e-02 1.847156400e-01 9.927263460e-05 1.249028050e-02 6.661556680e-04 -1.681754230e-06 -9.826399150e-04
1.811343000e+00 2.404124260e-01 1.361857970e-04 7.240322500e-03 2.397463480e-01 1.378486480e-04 8.225138960e-03 6.660789780e-04 -1.662851400e-06 -9.848164550e-04
1.811756000e+00 2.831045810e-01 2.019007930e-04 7.081804480e-03 2.824321700e-01 2.035279780e-04 8.077363900e-03 6.724103330e-04 -1.627184400e-06 -9.955594130e-04
1.812169000e+00 2.382172930e-01 -1.696899070e-05 5.380947010e-03 2.375457900e-01 -1.530598140e-05 6.379361930e-03 6.715029090e-04 -1.663009320e-06 -9.984149230e-04
1.812582000e+00 1.932051910e-01 7.055734080e-05 9.529880520e-03 1.925414660e-01 7.222624550e-05 1.051917640e-02 6.637242010e-04 -1.668904710e-06 -9.892959110e-04
1.812996000e+00 1.789386880e-01 8.373344430e-05 9.478513150e-03 1.782823990e-01 8.540734160e-05 1.045900970e-02 6.562889940e-04 -1.673897340e-06 -9.804965530e-04
1.813409000e+00 2.296071700e-01 3.289219490e-05 4.343443260e-03 2.289505390e-01 3.458303310e-05 5.327578160e-03 6.566315100e-04 -1.690838220e-06 -9.841349010e-04
1.813822000e+00 2.746238270e-01 6.200606680e-05 1.314462940e-03 2.739610050e-01 6.370548010e-05 2.310470410e-03 6.628215490e-04 -1.699413320e-06 -9.960074650e-04
1.814235000e+00 2.188044020e-01 1.532366470e-04 3.205605140e-03 2.181437140e-01 1.549183520e-04 4.203517680e-03 6.606876090e-04 -1.681704770e-06 -9.979125430e-04
1.814648000e+00 1.487054720e-01 1.687111660e-04 5.465771360e-03 1.480547380e-01 1.703750080e-04 6.454930090e-03 6.507335200e-04 -1.663841900e-06 -9.891587320e-04
1.815062000e+00 1.631296290e-01 1.373666510e-04 8.630787380e-03 1.624862030e-01 1.390202210e-04 9.612721140e-03 6.434260140e-04 -1.653569460e-06 -9.819337670e-04
1.815475000e+00 2.137661610e-01 1.474147790e-04 6.649474290e-03 2.131224440e-01 1.490555240e-04 7.631193540e-03 6.437167530e-04 -1.640744500e-06 -9.817192470e-04
1.815888000e+00 2.917316560e-01 -1.768497290e-04 -8.156097570e-04 2.910815210e-01 -1.751198390e-04 1.706738350e-04 6.501346840e-04 -1.729889230e-06 -9.862835920e-04
1.816301000e+00 2.239387390e-01 4.041307800e-04 3.551940160e-05 2.232907770e-01 4.057638420e-04 1.023244750e-03 6.479623860e-04 -1.633062160e-06 -9.877253530e-04
1.816715000e+00 1.498684900e-01 1.701440090e-04 -5.085424970e-04 1.492303740e-01 1.717498180e-04 4.798281220e-04 6.381154080e-04 -1.605808780e-06 -9.883706190e-04
1.817128000e+00 1.802643050e-01 -6.053251300e-06 1.214144790e-03 1.796317340e-01 -4.404250350e-06 2.203059670e-03 6.325714820e-04 -1.649000950e-06 -9.889148800e-04
1.817541000e+00 2.463779180e-01 7.044119770e-05 3.737590050e-03 2.457430050e-01 7.210295950e-05 4.722754740e-03 6.349124370e-04 -1.661761840e-06 -9.851646890e-04
1.817954000e+00 2.786247170e-01 1.301485090e-05 5.868266630e-03 2.779845180e-01 1.470704130e-05 6.847104550e-03 6.401984430e-04 -1.692190370e-06 -9.788379220e-04
1.818368000e+00 2.269651700e-01 9.400511730e-05 6.352996670e-04 2.263274800e-01 9.570242440e-05 1.615771340e-03 6.376895500e-04 -1.697307150e-06 -9.804716700e-04
1.818781000e+00 1.779465810e-01 -1.183209310e-04 -4.888539260e-03 1.773175140e-01 -1.165539660e-04 -3.898365600e-03 6.290667430e-04 -1.766965090e-06 -9.901736680e-04
1.819194000e+00 2.248190720e-01 1.744665340e-04 -2.249754160e-03 2.241928870e-01 1.762156610e-04 -1.254325260e-03 6.261858770e-04 -1.749127130e-06 -9.954288930e-04
1.819607000e+00 2.914838800e-01 -1.176615690e-04 2.633185380e-03 2.908529990e-01 -1.158440970e-04 3.623972320e-03 6.308810350e-04 -1.817471870e-06 -9.907869420e-04
1.820021000e+00 3.058727160e-01 6.497318140e-05 9.569117870e-03 3.052360850e-01 6.680368740e-05 1.055275670e-02 6.366312570e-04 -1.830506040e-06 -9.836388530e-04
1.820434000e+00 2.102451930e-01 -1.997452450e-05 3.829296470e-03 2.096120390e-01 -1.809966620e-05 4.811446410e-03 6.331547570e-04 -1.874858320e-06 -9.821499350e-04
1.820847000e+00 1.429414890e-01 1.450967240e-04 2.580977920e-05 1.423176340e-01 1.469728090e-04 1.009650850e-03 6.238546930e-04 -1.876085760e-06 -9.838410730e-04
1.821260000e+00 1.615810970e-01 -2.060748160e-04 9.312376350e-04 1.609624620e-01 -2.041020430e-04 1.914729010e-03 6.186351350e-04 -1.972773010e-06 -9.834913720e-04
1.821674000e+00 1.603268820e-01 2.032429040e-05 6.270444470e-03 1.597135260e-01 2.231899220e-05 7.247561150e-03 6.133560800e-04 -1.994701750e-06 -9.771166750e-04
1.822087000e+00 1.568369470e-01 3.130958610e-04 6.195365360e-03 1.562300580e-01 3.150210060e-04 7.165441830e-03 6.068887820e-04 -1.925144870e-06 -9.700764740e-04
1.822500000e+00 2.364572800e-01 -1.127503910e-04 3.719766070e-04 2.358470980e-01 -1.107543950e-04 1.345218780e-03 6.101822470e-04 -1.995995690e-06 -9.732421760e-04
1.822931000e+00 2.818323050e-01 -9.276884160e-07 4.233813940e-03 2.812128420e-01 1.103238740e-06 5.214144480e-03 6.194626030e-04 -2.030927160e-06 -9.803305380e-04
1.823362000e+00 2.251581570e-01 7.454219980e-05 8.220198530e-04 2.245393330e-01 7.658336080e-05 1.804266870e-03 6.188236880e-04 -2.041161090e-06 -9.822470220e-04
1.823793000e+00 1.089798710e-01 3.031424190e-05 5.411796440e-03 1.083770850e-01 3.238083110e-05 6.386805800e-03 6.027855630e-04 -2.066589200e-06 -9.750093540e-04
1.824228000e+00 1.657698320e-01 5.146615610e-05 1.083808500e-03 1.651765080e-01 5.355192990e-05 2.054736680e-03 5.933240440e-04 -2.085773820e-06 -9.709281820e-04
1.824664000e+00 2.635181970e-01 6.797630540e-05 3.321437460e-03 2.629221210e-01 7.007513140e-05 4.286735280e-03 5.960767500e-04 -2.098826030e-06 -9.652978130e-04
1.825099000e+00 2.327398750e-01 5.774520660e-05 3.986297020e-03 2.321431660e-01 5.985920430e-05 4.943374880e-03 5.967081720e-04 -2.113997670e-06 -9.570778580e-04
1.825535000e+00 2.290920860e-01 6.884735200e-05 -2.528013620e-03 2.284951740e-01 7.097191650e-05 -1.567710510e-03 5.969126000e-04 -2.124564510e-06 -9.603031140e-04
1.825971000e+00 2.847532030e-01 8.009381030e-05 -9.076540470e-03 2.841510910e-01 8.222339250e-05 -8.102637630e-03 6.021123080e-04 -2.129582160e-06 -9.739028310e-04
1.826406000e+00 1.516611610e-01 1.945772990e-06 -4.279742920e-03 1.510642830e-01 4.109628630e-06 -3.303032070e-03 5.968787070e-04 -2.163855640e-06 -9.767108550e-04
1.826842000e+00 1.089605640e-01 -4.632544620e-06 5.491271970e-03 1.083758010e-01 -2.440897570e-06 6.458546350e-03 5.847624440e-04 -2.191647050e-06 -9.672743720e-04
1.827283000e+00 1.434169620e-01 1.312683370e-04 1.324047980e-03 1.428393060e-01 1.334553160e-04 2.286018270e-03 5.776560140e-04 -2.186979270e-06 -9.619702980e-04
1.827724000e+00 2.533591180e-01 2.387654750e-06 -1.883527700e-03 2.527778470e-01 4.621026470e-06 -9.250855200e-04 5.812715680e-04 -2.233371710e-06 -9.584421840e-04
1.828165000e+00 2.602655510e-01 3.387890720e-04 -2.088780790e-03 2.596801260e-01 3.409304920e-04 -1.135313980e-03 5.854250390e-04 -2.141420660e-06 -9.534668120e-04
1.828606000e+00 1.904262100e-01 1.601281530e-04 -6.282824990e-03 1.898457970e-01 1.622471140e-04 -5.324795270e-03 5.804124950e-04 -2.118960770e-06 -9.580297190e-04
1.829047000e+00 1.529347420e-01 3.570483820e-05 -8.386042980e-03 1.523634350e-01 3.784199050e-05 -7.417559400e-03 5.713070810e-04 -2.137152260e-06 -9.684835820e-04
1.829488000e+00 1.845661830e-01 1.418074510e-04 -5.596996550e-03 1.839990460e-01 1.439309700e-04 -4.626376960e-03 5.671377390e-04 -2.123519440e-06 -9.706195920e-04
1.829929000e+00 1.757046190e-01 1.144450380e-04 -1.780210140e-03 1.751421720e-01 1.165620090e-04 -8.161166920e-04 5.624471110e-04 -2.116970970e-06 -9.640934520e-04
1.830376000e+00 1.811428800e-01 1.188388010e-04 -2.637100600e-03 1.805840780e-01 1.209478400e-04 -1.676328750e-03 5.588021960e-04 -2.109038050e-06 -9.607718440e-04
1.830822000e+00 2.668399690e-01 1.944143420e-04 -6.955504940e-03 2.662731580e-01 1.964893090e-04 -5.992621820e-03 5.668116070e-04 -2.074967270e-06 -9.628831220e-04
1.831269000e+00 2.756779620e-01 2.755872740e-04 -1.079740800e-02 2.751037890e-01 2.776040260e-04 -9.831567190e-03 5.741720790e-04 -2.016751910e-06 -9.658407810e-04
1.831716000e+00 1.451982960e-01 2.903189410e-06 1.155449470e-03 1.446354130e-01 4.949574110e-06 2.116683080e-03 5.628829550e-04 -2.046384700e-06 -9.612336110e-04
1.832163000e+00 9.606065380e-02 6.851302700e-05 -1.537984790e-03 9.551443870e-02 7.057025950e-05 -5.814394640e-04 5.462150320e-04 -2.057232450e-06 -9.565453220e-04
1.832617000e+00 2.066327770e-01 7.047949350e-05 -5.246408700e-03 2.060856850e-01 7.254600240e-05 -4.290277510e-03 5.470920060e-04 -2.066508910e-06 -9.561311870e-04
1.833070000e+00 2.896271950e-01 6.651593340e-05 -1.088661630e-02 2.890680970e-01 6.859010340e-05 -9.927269410e-03 5.590978880e-04 -2.074169990e-06 -9.593468640e-04
1.833524000e+00 2.158952870e-01 1.465790060e-04 -5.976981630e-03 2.153372780e-01 1.486322720e-04 -5.018195470e-03 5.580093900e-04 -2.053266940e-06 -9.587861590e-04
1.833977000e+00 7.876827540e-02 4.471117560e-05 -1.669707800e-03 7.822875030e-02 4.677714580e-05 -7.156906790e-04 5.395250600e-04 -2.065970210e-06 -9.540171250e-04
1.834431000e+00 1.293397240e-01 4.126433100e-04 -1.491566510e-03 1.288097530e-01 4.146031680e-04 -5.411661990e-04 5.299706430e-04 -1.959858780e-06 -9.504003090e-04
1.834891000e+00 2.459945030e-01 6.714084670e-05 -6.597586990e-03 2.454560320e-01 6.910770830e-05 -5.646330950e-03 5.384708030e-04 -1.966861580e-06 -9.512560330e-04
1.835352000e+00 2.584197220e-01 9.820402270e-05 -7.567632350e-03 2.578745670e-01 1.001723910e-04 -6.615936600e-03 5.451548590e-04 -1.968368180e-06 -9.516957510e-04
1.835805000e+00 1.645905690e-01 -5.769260140e-05 -5.018377340e-03 1.640521300e-01 -5.568532080e-05 -4.065329120e-03 5.384395680e-04 -2.007280560e-06 -9.530482180e-04
1.836266000e+00 1.423387150e-01 4.706185030e-05 -8.363668190e-03 1.418074200e-01 4.908084360e-05 -7.406494760e-03 5.312951420e-04 -2.018993370e-06 -9.571734350e-04
1.836727000e+00 1.453352040e-01 -5.423547290e-05 -4.849439970e-03 1.448106240e-01 -5.217309000e-05 -3.895262580e-03 5.245793640e-04 -2.062382860e-06 -9.541773820e-04
1.837188000e+00 1.037896690e-01 4.899931230e-05 -3.673227660e-04 1.032757580e-01 5.107134060e-05 5.786653140e-04 5.139114430e-04 -2.072028260e-06 -9.459880810e-04
1.837649000e+00 1.646395460e-01 4.195547070e-05 -5.152863990e-03 1.641279950e-01 4.403946220e-05 -4.208023080e-03 5.115507430e-04 -2.083991420e-06 -9.448409100e-04
1.838110000e+00 2.239302470e-01 1.604690220e-06 -1.191144200e-02 2.234144600e-01 3.712564330e-06 -1.096068510e-02 5.157876540e-04 -2.107874110e-06 -9.507569090e-04
1.838571000e+00 1.977401680e-01 -1.089402690e-04 -8.027397500e-03 1.972248760e-01 -1.067675570e-04 -7.076773060e-03 5.152918500e-04 -2.172712840e-06 -9.506244410e-04
1.839032000e+00 2.138574090e-01 2.203187100e-04 -5.298389760e-03 2.133427740e-01 2.224277050e-04 -4.355549010e-03 5.146340530e-04 -2.108995580e-06 -9.428407440e-04
1.839493000e+00 2.017974660e-01 -2.844746120e-05 -8.761251520e-03 2.012840800e-01 -2.630529980e-05 -7.822049260e-03 5.133863710e-04 -2.142161480e-06 -9.392022600e-04
1.839963000e+00 1.665852560e-01 1.296703880e-04 -9.052181100e-03 1.660782200e-01 1.317833770e-04 -8.109016220e-03 5.070362090e-04 -2.112988730e-06 -9.431648860e-04
1.840433000e+00 1.696004300e-01 -5.773340970e-05 -8.929565080e-03 1.690988820e-01 -5.557371990e-05 -7.983230290e-03 5.015471440e-04 -2.159689750e-06 -9.463347860e-04
1.840903000e+00 2.100510570e-01 1.330469470e-04 -8.668075050e-03 2.095491660e-01 1.351756920e-04 -7.726770430e-03 5.018909460e-04 -2.128745130e-06 -9.413046230e-04
1.841373000e+00 2.147446900e-01 6.177953490e-05 -6.078353040e-03 2.142418210e-01 6.390526530e-05 -5.144304380e-03 5.028686700e-04 -2.125730380e-06 -9.340486630e-04
1.841844000e+00 1.889073940e-01 4.593536920e-06 -9.516486570e-03 1.884088670e-01 6.738343850e-06 -8.580937130e-03 4.985271680e-04 -2.144806940e-06 -9.355494400e-04
1.842314000e+00 1.663312220e-01 3.803357850e-05 -1.262793390e-02 1.658388040e-01 4.018274590e-05 -1.168644100e-02 4.924187030e-04 -2.149167340e-06 -9.414929420e-04
1.842784000e+00 1.899168220e-01 2.013741380e-05 -9.212781640e-03 1.894259230e-01 2.229648110e-05 -8.273794840e-03 4.908986140e-04 -2.159067310e-06 -9.389867970e-04
1.843254000e+00 1.781083690e-01 8.988103550e-05 -6.113875990e-03 1.776192210e-01 9.202679000e-05 -5.183172300e-03 4.891480460e-04 -2.145754450e-06 -9.307036960e-04
1.843724000e+00 2.007009660e-01 5.631998310e-05 -1.413558210e-02 2.002119830e-01 5.846215680e-05 -1.320469120e-02 4.889831290e-04 -2.142173700e-06 -9.308909600e-04
1.844194000e+00 2.150951990e-01 6.796130910e-05 -1.513800600e-02 2.146036210e-01 7.009336360e-05 -1.420108030e-02 4.915776660e-04 -2.132054550e-06 -9.369257190e-04
1.844664000e+00 1.964958270e-01 1.903550060e-05 -1.134208300e-02 1.960064690e-01 2.117302500e-05 -1.040523690e-02 4.893579570e-04 -2.137524370e-06 -9.368461160e-04
1.845135000e+00 8.087322910e-02 1.824080870e-05 -3.508334440e-03 8.039712050e-02 2.038312440e-05 -2.578445180e-03 4.761086430e-04 -2.142315640e-06 -9.298892550e-04
1.845617000e+00 1.413033030e-01 4.835408470e-05 -7.602471660e-03 1.408335900e-01 5.048898790e-05 -6.675912970e-03 4.697132890e-04 -2.134903220e-06 -9.265586870e-04
1.846100000e+00 2.110969240e-01 2.665554020e-04 -1.536337580e-02 2.106242420e-01 2.685987030e-04 -1.443184130e-02 4.726821010e-04 -2.043301010e-06 -9.315344190e-04
1.846583000e+00 2.181777730e-01 -2.134215920e-05 -1.360299910e-02 2.177037150e-01 -1.927816250e-05 -1.266954270e-02 4.740580530e-04 -2.063996770e-06 -9.334563860e-04
1.847066000e+00 1.637443700e-01 1.654781130e-04 -9.582001040e-03 1.632733040e-01 1.674910640e-04 -8.653995640e-03 4.710664160e-04 -2.012950860e-06 -9.280053940e-04
1.847549000e+00 1.886913440e-01 1.283720740e-04 -6.475841350e-03 1.882217640e-01 1.303426750e-04 -5.554172580e-03 4.695796600e-04 -1.970600560e-06 -9.216687730e-04
1.848032000e+00 1.399320510e-01 2.695598440e-04 -7.582569310e-03 1.394697000e-01 2.714433370e-04 -6.664240530e-03 4.623516590e-04 -1.883493430e-06 -9.183287810e-04
1.848515000e+00 1.406711910e-01 4.968891870e-05 -8.363836410e-03 1.402153410e-01 5.155660670e-05 -7.448904800e-03 4.558499490e-04 -1.867687920e-06 -9.149316120e-04
1.848997000e+00 1.281724540e-01 -1.019468860e-04 -7.921042200e-03 1.277248770e-01 -1.000365310e-04 -7.004937490e-03 4.475767850e-04 -1.910354780e-06 -9.161047130e-04
1.849480000e+00 1.009750000e-01 3.322961520e-05 -8.048434630e-03 1.005381090e-01 3.513452250e-05 -7.129463810e-03 4.368904900e-04 -1.904907320e-06 -9.189708270e-04
1.849963000e+00 2.177160450e-01 2.542729180e-05 -1.540420290e-02 2.172732250e-01 2.732768640e-05 -1.448797460e-02 4.428201620e-04 -1.900394600e-06 -9.162282620e-04
1.850446000e+00 2.639462970e-01 8.256289080e-05 -1.635401740e-02 2.634921210e-01 8.444027140e-05 -1.544330340e-02 4.541761460e-04 -1.877380650e-06 -9.107140450e-04
1.850929000e+00 1.483179410e-01 5.242654820e-05 -9.470071420e-03 1.478705590e-01 5.428727680e-05 -8.559432050e-03 4.473819000e-04 -1.860728620e-06 -9.106393740e-04
1.851412000e+00 7.924369710e-02 8.730100270e-05 -6.525509180e-03 7.881076230e-02 8.913222370e-05 -5.611868320e-03 4.329347540e-04 -1.831220960e-06 -9.136408580e-04
1.851915000e+00 1.656300300e-01 -3.138585110e-05 -1.361827260e-02 1.651991000e-01 -2.954198600e-05 -1.270610140e-02 4.309300350e-04 -1.843865040e-06 -9.121712180e-04
1.852419000e+00 1.884959800e-01 1.150913360e-04 -1.247263220e-02 1.880617130e-01 1.168866500e-04 -1.156582160e-02 4.342672980e-04 -1.795313780e-06 -9.068105880e-04
1.852923000e+00 1.429696880e-01 -8.797696320e-05 -1.141509770e-02 1.425417430e-01 -8.614788700e-05 -1.050837760e-02 4.279447640e-04 -1.829076170e-06 -9.067200730e-04
1.853427000e+00 9.097156000e-02 -1.309479130e-05 -7.141627380e-03 9.055652210e-02 -1.126321130e-05 -6.232000880e-03 4.150379460e-04 -1.831580070e-06 -9.096264960e-04
1.853931000e+00 1.439254110e-01 1.609742740e-05 -1.199776330e-02 1.435134680e-01 1.791737700e-05 -1.108946890e-02 4.119428470e-04 -1.819949580e-06 -9.082943890e-04
1.854435000e+00 1.746003340e-01 8.719685980e-05 -1.300779130e-02 1.741865330e-01 8.897410130e-05 -1.210321950e-02 4.138011670e-04 -1.777241460e-06 -9.045717910e-04
1.854939000e+00 1.642355550e-01 -9.494677050e-05 -1.392794640e-02 1.638238380e-01 -9.313971380e-05 -1.302676000e-02 4.117171770e-04 -1.807056610e-06 -9.011863280e-04
1.855442000e+00 1.530190660e-01 9.029631390e-05 -1.134161320e-02 1.526101290e-01 9.205658070e-05 -1.044683480e-02 4.089368070e-04 -1.760266820e-06 -8.947784480e-04
1.855946000e+00 1.372754240e-01 7.334516290e-05 -1.213018710e-02 1.368721500e-01 7.506424040e-05 -1.123516740e-02 4.032747370e-04 -1.719077520e-06 -8.950197440e-04
1.856450000e+00 1.116994970e-01 5.914718150e-05 -1.225088070e-02 1.113064100e-01 6.082725490e-05 -1.134924570e-02 3.930877230e-04 -1.680073430e-06 -9.016350430e-04
1.856954000e+00 1.668571470e-01 6.928507500e-05 -1.499591010e-02 1.664639950e-01 7.092299860e-05 -1.409578790e-02 3.931520140e-04 -1.637923540e-06 -9.001222490e-04
1.857458000e+00 2.410302850e-01 2.332196240e-05 -2.350265510e-02 2.406278640e-01 2.493491630e-05 -2.260819150e-02 4.024205090e-04 -1.612953880e-06 -8.944635570e-04
1.857962000e+00 1.616132650e-01 5.693837070e-05 -1.226475280e-02 1.612143040e-01 5.851533530e-05 -1.137427220e-02 3.989608760e-04 -1.576964530e-06 -8.904806240e-04
1.858465000e+00 1.034757160e-01 4.756639890e-05 -7.409231620e-03 1.030868850e-01 4.910911770e-05 -6.522313190e-03 3.888315480e-04 -1.542718820e-06 -8.869184280e-04
1.858969000e+00 1.165322380e-01 7.688497130e-05 -1.055974630e-02 1.161513280e-01 7.838055540e-05 -9.673070260e-03 3.809100410e-04 -1.495584030e-06 -8.866760130e-04
1.859473000e+00 8.900576960e-02 8.608380080e-05 -9.103298410e-03 8.863718460e-02 8.752790630e-05 -8.213096910e-03 3.685850230e-04 -1.444105500e-06 -8.902015040e-04
1.859977000e+00 1.712954110e-01 1.211856580e-04 -1.635582440e-02 1.709259480e-01 1.225635080e-04 -1.546669620e-02 3.694633850e-04 -1.377850670e-06 -8.891281820e-04
1.860481000e+00 2.569065750e-01 -4.376809670e-05 -2.700117690e-02 2.565238240e-01 -4.239079300e-05 -2.611491450e-02 3.827510720e-04 -1.377303690e-06 -8.862624490e-04
1.860985000e+00 1.491301580e-01 2.657242340e-05 -1.400621090e-02 1.487514370e-01 2.792180860e-05 -1.312347680e-02 3.787210740e-04 -1.349385170e-06 -8.827340430e-04
1.861488000e+00 7.865873300e-02 6.878752910e-05 -3.622893170e-03 7.829391540e-02 7.009243930e-05 -2.745761150e-03 3.648176150e-04 -1.304910190e-06 -8.771320210e-04
1.861992000e+00 1.223793520e-01 1.098158390e-05 -9.656877620e-03 1.220212290e-01 1.226453260e-05 -8.783308950e-03 3.581233430e-04 -1.282948750e-06 -8.735686750e-04
1.862496000e+00 1.011241010e-01 -5.920975510e-05 -8.738806880e-03 1.007742910e-01 -5.791838690e-05 -7.868125730e-03 3.498104890e-04 -1.291368140e-06 -8.706811480e-04
1.863000000e+00 1.686340010e-01 3.489996070e-05 -1.708628060e-02 1.682839120e-01 3.616182800e-05 -1.621604680e-02 3.500894380e-04 -1.261867270e-06 -8.702338240e-04
1.863526000e+00 2.213902150e-01 5.346863450e-06 -2.566908890e-02 2.210308340e-01 6.589885470e-06 -2.479544980e-02 3.593803460e-04 -1.243022020e-06 -8.736390830e-04
1.864052000e+00 1.466759680e-01 2.260567090e-05 -1.448458040e-02 1.463201040e-01 2.382301210e-05 -1.361244230e-02 3.558639510e-04 -1.217341240e-06 -8.721381300e-04
1.864578000e+00 7.785866290e-02 2.857668000e-06 -5.386159230e-03 7.751603150e-02 4.057687070e-06 -4.519045550e-03 3.426313150e-04 -1.200019060e-06 -8.671136730e-04
1.865104000e+00 1.538202290e-01 1.025645180e-05 -1.882999830e-02 1.534772970e-01 1.143263820e-05 -1.796196230e-02 3.429321500e-04 -1.176186330e-06 -8.680360070e-04
1.865637000e+00 2.107732930e-01 -8.626817770e-06 -2.684746290e-02 2.104221420e-01 -7.468273130e-06 -2.597436720e-02 3.511511270e-04 -1.158544630e-06 -8.730957140e-04
1.866163000e+00 1.248607300e-01 7.696017870e-05 -1.043692460e-02 1.245161640e-01 7.806628120e-05 -9.571333340e-03 3.445661190e-04 -1.106102520e-06 -8.655912260e-04
1.866696000e+00 9.375430260e-02 2.306635190e-05 -3.633909980e-03 9.341953350e-02 2.414534400e-05 -2.781818080e-03 3.347690660e-04 -1.078992100e-06 -8.520919070e-04
1.867230000e+00 7.614023890e-02 -7.126051430e-05 -8.338219820e-03 7.581609740e-02 -7.017395270e-05 -7.484755250e-03 3.241414770e-04 -1.086561640e-06 -8.534645710e-04
1.867771000e+00 8.282163340e-02 -1.862846540e-05 -1.050253070e-02 8.250859190e-02 -1.755475550e-05 -9.644515550e-03 3.130414970e-04 -1.073709840e-06 -8.580151880e-04
1.868313000e+00 1.978246690e-01 1.156752490e-05 -2.120000930e-02 1.975031960e-01 1.261647350e-05 -2.034615080e-02 3.214728690e-04 -1.048948530e-06 -8.538585130e-04
1.868854000e+00 2.021101800e-01 1.190984030e-04 -2.343324460e-02 2.017810590e-01 1.200768650e-04 -2.258345870e-02 3.291218020e-04 -9.784619280e-07 -8.497858630e-04
1.869395000e+00 7.838105390e-02 -8.404019310e-05 -9.757868820e-03 7.806580210e-02 -8.304364980e-05 -8.904400620e-03 3.152517660e-04 -9.965432360e-07 -8.534681940e-04
1.869937000e+00 7.459442410e-02 1.989899080e-05 -9.515334440e-03 7.428974820e-02 2.086980420e-05 -8.660036520e-03 3.046758710e-04 -9.708133670e-07 -8.552979200e-04
1.870478000e+00 1.312306890e-01 4.119531630e-05 -1.199240280e-02 1.309254050e-01 4.213231670e-05 -1.114992330e-02 3.052834500e-04 -9.370004290e-07 -8.424795180e-04
1.871028000e+00 1.314253650e-01 9.355703200e-05 -1.408603780e-02 1.311216910e-01 9.443864210e-05 -1.325033220e-02 3.036735260e-04 -8.816100380e-07 -8.357055680e-04
1.871579000e+00 1.088060230e-01 1.540274720e-05 -1.400775220e-02 1.085071270e-01 1.625537300e-05 -1.316690700e-02 2.988960060e-04 -8.526258100e-07 -8.408452280e-04
1.872129000e+00 1.171361890e-01 1.052754070e-04 -1.613831710e-02 1.168403920e-01 1.060625570e-04 -1.529713880e-02 2.957968910e-04 -7.871500660e-07 -8.411783250e-04
1.872679000e+00 1.481500980e-01 -2.305082400e-05 -1.801080420e-02 1.478544150e-01 -2.226929190e-05 -1.717321010e-02 2.956823030e-04 -7.815321000e-07 -8.375941440e-04
1.873230000e+00 1.307876880e-01 -3.515846980e-05 -1.507296510e-02 1.304947670e-01 -3.438030210e-05 -1.423962960e-02 2.929211830e-04 -7.781676430e-07 -8.333355240e-04
1.873780000e+00 1.021588580e-01 1.359859130e-05 -9.312447580e-03 1.018697290e-01 1.435044260e-05 -8.485958670e-03 2.891283190e-04 -7.518512740e-07 -8.264889120e-04
1.874341000e+00 9.537954730e-02 9.333513770e-05 -1.205355500e-02 9.509879170e-02 9.402211750e-05 -1.122419510e-02 2.807556170e-04 -6.869797370e-07 -8.293598550e-04
1.874902000e+00 6.639614720e-02 4.730443630e-05 -8.576017750e-03 6.612635300e-02 4.794829790e-05 -7.741102100e-03 2.697941820e-04 -6.438616630e-07 -8.349156530e-04
1.875462000e+00 1.411424150e-01 -4.679720740e-05 -1.214738940e-02 1.408674150e-01 -4.615872400e-05 -1.132692760e-02 2.750000280e-04 -6.384833780e-07 -8.204618380e-04
1.876023000e+00 1.315055460e-01 -2.615680620e-05 -1.290853820e-02 1.312282630e-01 -2.553019880e-05 -1.209953930e-02 2.772829030e-04 -6.266073660e-07 -8.089988810e-04
1.876596000e+00 6.712283720e-02 3.175504600e-05 -9.901923570e-03 6.685834460e-02 3.233960200e-05 -9.085431140e-03 2.644926280e-04 -5.845559840e-07 -8.164924270e-04
1.877168000e+00 9.342238230e-02 5.086963220e-05 -1.378553760e-02 9.316496920e-02 5.140681140e-05 -1.296730450e-02 2.574130940e-04 -5.371791710e-07 -8.182331200e-04
1.877740000e+00 1.008312600e-01 -1.350684710e-04 -1.271185010e-02 1.005771610e-01 -1.344986870e-04 -1.190001090e-02 2.540988520e-04 -5.697845940e-07 -8.118392180e-04
1.878313000e+00 1.001558970e-01 1.955078990e-04 -1.272666390e-02 9.990462880e-02 1.959628190e-04 -1.191807150e-02 2.512680720e-04 -4.549195500e-07 -8.085923730e-04
1.878885000e+00 1.152904360e-01 5.977400860e-05 -1.545200970e-02 1.150406270e-01 6.017390600e-05 -1.464590010e-02 2.498094550e-04 -3.998974220e-07 -8.061096620e-04
1.879471000e+00 9.916507430e-02 2.156975420e-05 -1.222250520e-02 9.891950610e-02 2.193000420e-05 -1.142147570e-02 2.455681980e-04 -3.602500270e-07 -8.010294950e-04
1.880057000e+00 9.274126820e-02 -5.328879860e-05 -1.111957710e-02 9.249998710e-02 -5.293550450e-05 -1.032321970e-02 2.412810480e-04 -3.532940820e-07 -7.963573640e-04
1.880643000e+00 1.350388510e-01 -1.941647440e-05 -2.358993460e-02 1.347982760e-01 -1.908494110e-05 -2.278596330e-02 2.405746570e-04 -3.315333360e-07 -8.039713670e-04
1.881230000e+00 1.088743930e-01 9.648926870e-06 -1.710388190e-02 1.086366550e-01 9.945684060e-06 -1.630051270e-02 2.377378700e-04 -2.967571960e-07 -8.033691520e-04
1.881816000e+00 7.690141160e-02 3.905580100e-05 -5.270658490e-03 7.666938940e-02 3.930586320e-05 -4.484922020e-03 2.320222260e-04 -2.500621790e-07 -7.857364700e-04
1.882418000e+00 1.147055030e-01 5.158587530e-05 -1.715281400e-02 1.144749540e-01 5.177476610e-05 -1.636702530e-02 2.305484050e-04 -1.888907780e-07 -7.857886910e-04
1.883020000e+00 1.386211270e-01 3.125176840e-05 -2.293025450e-02 1.383904500e-01 3.138960460e-05 -2.213803770e-02 2.306771860e-04 -1.378362320e-07 -7.922168110e-04
1.883623000e+00 3.072572590e-02 -1.705698370e-05 -5.064030970e-04 3.051003060e-02 -1.694473370e-05 2.799575550e-04 2.156953160e-04 -1.122500510e-07 -7.863606520e-04
1.884225000e+00 6.730202440e-02 6.270525100e-05 -8.191738570e-03 6.709404110e-02 6.275617500e-05 -7.409915470e-03 2.079833680e-04 -5.092401480e-08 -7.818230980e-04
1.884827000e+00 1.698021140e-01 -3.373575800e-05 -2.805923160e-02 1.695827510e-01 -3.370625360e-05 -2.727949540e-02 2.193623250e-04 -2.950436090e-08 -7.797361640e-04
1.885430000e+00 1.189807210e-01 -1.246153920e-05 -1.832524010e-02 1.187624410e-01 -1.246189870e-05 -1.754963460e-02 2.182800850e-04 3.595294750e-10 -7.756054460e-04
1.886032000e+00 9.111370060e-02 8.317009680e-07 -1.192360760e-02 9.090049100e-02 7.991525880e-07 -1.115338740e-02 2.132095700e-04 3.254838050e-08 -7.702202060e-04
1.886634000e+00 3.762560490e-02 4.081273640e-06 -3.099413890e-03 3.742452540e-02 4.019193280e-06 -2.332187260e-03 2.010794960e-04 6.208035370e-08 -7.672266310e-04
1.887259000e+00 4.858236610e-02 3.545594700e-06 -5.059824040e-03 4.838975420e-02 3.449838150e-06 -4.295978600e-03 1.926119350e-04 9.575654770e-08 -7.638454450e-04
1.887884000e+00 1.383641680e-01 -1.155049110e-05 -2.422369110e-02 1.381633720e-01 -1.167440730e-05 -2.346550990e-02 2.007968240e-04 1.239161940e-07 -7.581812490e-04
1.888508000e+00 8.162887320e-02 1.636254030e-05 -1.169922220e-02 8.143466280e-02 1.619505310e-05 -1.094000710e-02 1.942104670e-04 1.674871630e-07 -7.592150530e-04
1.889133000e+00 5.057598810e-02 5.167959120e-05 -1.008502370e-02 5.039458440e-02 5.144912680e-05 -9.319144770e-03 1.814036600e-04 2.304643390e-07 -7.658789380e-04
1.889758000e+00 1.163298740e-01 3.670217890e-05 -1.462840200e-02 1.161421800e-01 3.642217660e-05 -1.387861040e-02 1.876940070e-04 2.800023440e-07 -7.497915390e-04
1.890382000e+00 8.387546090e-02 7.753671930e-05 -1.000653370e-02 8.368949820e-02 7.718162970e-05 -9.264472340e-03 1.859627140e-04 3.550896300e-07 -7.420613970e-04
1.891038000e+00 3.440350950e-02 -4.386385940e-06 -6.019642910e-03 3.423290370e-02 -4.774673830e-06 -5.268151040e-03 1.706057840e-04 3.882878920e-07 -7.514918730e-04
1.891694000e+00 9.648279190e-02 1.555637760e-05 -1.282829170e-02 9.630969670e-02 1.512496310e-05 -1.208941460e-02 1.730951960e-04 4.314144960e-07 -7.388770290e-04
1.892350000e+00 1.125288690e-01 -1.147743160e-05 -1.665133720e-02 1.123526500e-01 -1.193603310e-05 -1.592342290e-02 1.762196520e-04 4.586014730e-07 -7.279143180e-04
1.893006000e+00 9.781334350e-02 1.181430850e-04 -1.918733440e-02 9.763937930e-02 1.175920140e-04 -1.845087770e-02 1.739641650e-04 5.510711110e-07 -7.364567060e-04
1.893662000e+00 3.971734790e-02 -6.304585660e-05 -2.516361680e-03 3.955572010e-02 -6.359304830e-05 -1.783998920e-03 1.616277600e-04 5.471916710e-07 -7.323627610e-04
1.894318000e+00 2.751981300e-02 3.103426270e-05 -8.414894830e-04 2.737042530e-02 3.044204140e-05 -1.156428370e-04 1.493877430e-04 5.922213410e-07 -7.258466460e-04
1.894973000e+00 1.073034330e-01 -5.877304880e-05 -1.697680860e-02 1.071451510e-01 -5.936548750e-05 -1.626436370e-02 1.582819020e-04 5.924387170e-07 -7.124449290e-04
1.895629000e+00 7.811348210e-02 -3.173879660e-05 -1.331195980e-02 7.795793560e-02 -3.234052230e-05 -1.260112940e-02 1.555464840e-04 6.017256240e-07 -7.108304010e-04
1.896285000e+00 5.493098480e-02 4.289027510e-05 -1.036862710e-02 5.478255450e-02 4.224295030e-05 -9.653633530e-03 1.484303000e-04 6.473248440e-07 -7.149935520e-04
1.896941000e+00 5.652879720e-02 1.617036630e-05 -8.710039990e-03 5.638441730e-02 1.548966390e-05 -7.999289090e-03 1.443799190e-04 6.807023720e-07 -7.107508990e-04
1.897670000e+00 4.597223400e-02 -3.159099610e-05 -5.476516950e-03 4.583394940e-02 -3.227889290e-05 -4.771322450e-03 1.382845250e-04 6.878968560e-07 -7.051944950e-04
1.898399000e+00 4.322043530e-02 -7.028409640e-06 -3.085010770e-03 4.308887940e-02 -7.737872890e-06 -2.386874050e-03 1.315558830e-04 7.094632480e-07 -6.981367190e-04
1.899127000e+00 6.017834480e-02 6.547029700e-06 -9.986764600e-03 6.005064680e-02 5.811327590e-06 -9.292021970e-03 1.276980010e-04 7.357021150e-07 -6.947426260e-04
1.899856000e+00 4.682741460e-02 -5.782476110e-06 -6.189986690e-03 4.670592500e-02 -6.536984360e-06 -5.501079430e-03 1.214895730e-04 7.545082520e-07 -6.889072540e-04
1.900585000e+00 4.812330210e-02 2.147638890e-05 -6.972744780e-03 4.800734390e-02 2.069083080e-05 -6.289121940e-03 1.159581910e-04 7.855581530e-07 -6.836228470e-04
1.901314000e+00 6.032677490e-02 1.323067210e-05 -1.114793340e-02 6.021436420e-02 1.242136890e-05 -1.046803010e-02 1.124107540e-04 8.093031670e-07 -6.799033200e-04
1.902042000e+00 3.283122850e-02 -4.234987380e-06 -6.834378320e-03 3.272716650e-02 -5.054365010e-06 -6.149658210e-03 1.040619410e-04 8.193776300e-07 -6.847201100e-04
1.902771000e+00 6.399777440e-02 1.119472590e-04 -1.152323810e-02 6.389285190e-02 1.110509030e-04 -1.084538700e-02 1.049224660e-04 8.963561640e-07 -6.778511030e-04
1.903500000e+00 7.229335510e-02 2.931423470e-05 -1.145967430e-02 7.218587700e-02 2.839422870e-05 -1.079500580e-02 1.074781130e-04 9.200060440e-07 -6.646684980e-04
1.904223000e+00 -3.192123530e-02 -9.109431690e-06 1.015523500e-02 -3.200661500e-02 -1.002772210e-05 1.081518930e-02 8.537971680e-05 9.182903720e-07 -6.599542680e-04
1.904946000e+00 7.130492520e-02 2.403390580e-06 -1.421241440e-02 7.121535830e-02 1.476559730e-06 -1.355599770e-02 8.956694250e-05 9.268308480e-07 -6.564167130e-04
1.905670000e+00 6.739904200e-02 -2.616854590e-05 -1.355437220e-02 6.730835110e-02 -2.708472180e-05 -1.290233380e-02 9.069085500e-05 9.161759000e-07 -6.520384090e-04
1.906393000e+00 8.034472380e-03 -8.683325920e-06 2.155053060e-03 7.953421330e-03 -9.599501660e-06 2.800378070e-03 8.105104820e-05 9.161757320e-07 -6.453250090e-04
1.907102000e+00 3.885516150e-02 4.338795910e-05 -6.145560350e-03 3.877803960e-02 4.244400750e-05 -5.505151780e-03 7.712187390e-05 9.439515650e-07 -6.404085700e-04
1.907812000e+00 3.844786920e-02 -3.923091190e-05 -7.704362670e-03 3.837628880e-02 -4.015478060e-05 -7.063425470e-03 7.158034030e-05 9.238687280e-07 -6.409371970e-04
1.908522000e+00 3.638343760e-02 4.878952880e-05 -1.086021210e-02 3.631745210e-02 4.783803460e-05 -1.021613470e-02 6.598551990e-05 9.514941240e-07 -6.440774290e-04
1.909231000e+00 7.658162330e-02 1.244158190e-04 -1.371564120e-02 7.650748740e-02 1.233949360e-04 -1.308693430e-02 7.413589610e-05 1.020883570e-06 -6.287068860e-04
1.909941000e+00 2.269114050e-03 -5.325858210e-05 5.547042000e-03 2.207700770e-03 -5.424586620e-05 6.167294790e-03 6.141327870e-05 9.872841100e-07 -6.202527910e-04
1.910650000e+00 5.207482520e-03 2.769263750e-05 3.100207270e-03 5.156705770e-03 2.669220320e-05 3.714841950e-03 5.077674950e-05 1.000434290e-06 -6.146346850e-04
1.911345000e+00 8.570941640e-02 -2.030084740e-05 -1.932537550e-02 8.564941230e-02 -2.128695750e-05 -1.871441480e-02 6.000411490e-05 9.861100560e-07 -6.109607460e-04
1.912040000e+00 1.886148370e-02 3.024859540e-05 -2.495796360e-03 1.880807940e-02 2.924943730e-05 -1.890733750e-03 5.340435360e-05 9.991581160e-07 -6.050626140e-04
1.912735000e+00 2.118628350e-02 7.508564810e-06 -2.247798190e-03 2.113861950e-02 6.510752950e-06 -1.648381860e-03 4.766392050e-05 9.978118600e-07 -5.994163250e-04
1.913445000e+00 2.852477450e-02 3.126964100e-05 -5.738114810e-03 2.848168670e-02 3.026335640e-05 -5.142651210e-03 4.308781490e-05 1.006284650e-06 -5.954636010e-04
1.914156000e+00 6.248348280e-02 8.372315650e-06 -1.365994970e-02 6.243542520e-02 7.371363440e-06 -1.307088140e-02 4.805754730e-05 1.000952210e-06 -5.890682400e-04
1.914866000e+00 1.107633860e-02 -6.930026720e-06 -2.586833280e-05 1.103567770e-02 -7.915613160e-06 5.570068060e-04 4.066087390e-05 9.855864360e-07 -5.828751380e-04
1.915577000e+00 -3.511169990e-02 -6.232849340e-06 1.192700100e-02 -3.513681240e-02 -7.203847920e-06 1.250472540e-02 2.511247520e-05 9.709985780e-07 -5.777243530e-04
1.916288000e+00 6.451300230e-02 -1.505813610e-05 -1.779136810e-02 6.448240760e-02 -1.600980130e-05 -1.720890660e-02 3.059470340e-05 9.516652270e-07 -5.824615760e-04
1.916998000e+00 5.363265310e-02 -4.759594030e-06 -1.107952050e-02 5.359773890e-02 -5.699497820e-06 -1.050694830e-02 3.491421250e-05 9.399037920e-07 -5.725722240e-04
1.917709000e+00 2.117841260e-02 3.088337460e-05 -6.084139330e-04 2.114474570e-02 2.993928590e-05 -5.120540300e-05 3.366694400e-05 9.440887440e-07 -5.572085300e-04
1.918419000e+00 -7.538980830e-02 -1.399632890e-05 2.610064370e-02 -7.540167520e-02 -1.492011640e-05 2.664008420e-02 1.186695040e-05 9.237875090e-07 -5.394404160e-04
1.919130000e+00 5.437536090e-02 4.729072500e-05 -1.570887690e-02 5.435851960e-02 4.635376140e-05 -1.516590160e-02 1.684133770e-05 9.369635710e-07 -5.429753830e-04
1.919840000e+00 3.830870500e-02 -5.909070460e-05 -1.111868480e-02 3.829133560e-02 -5.998292740e-05 -1.057556120e-02 1.736942390e-05 8.922227860e-07 -5.431235960e-04
1.920551000e+00 -1.805658350e-02 3.673990900e-05 7.505809260e-03 -1.806511450e-02 3.583942650e-05 8.039991250e-03 8.531052460e-06 9.004825590e-07 -5.341819870e-04
1.921262000e+00 -3.080832760e-04 -3.723295980e-05 8.386750570e-04 -3.107137710e-04 -3.810022680e-05 1.367658040e-03 2.630495600e-06 8.672670380e-07 -5.289829810e-04
1.921972000e+00 1.734234180e-02 6.767100440e-06 -2.258240760e-03 1.734003890e-02 5.904274980e-06 -1.736377610e-03 2.302991140e-06 8.628254640e-07 -5.218631470e-04
1.922683000e+00 3.113329320e-02 -5.351051260e-05 -4.001040710e-03 3.112820560e-02 -5.433724760e-05 -3.487921990e-03 5.087553810e-06 8.267349640e-07 -5.131187170e-04
1.923393000e+00 -1.146899350e-02 3.146354630e-05 3.543281530e-03 -1.146695400e-02 3.062843110e-05 4.051938720e-03 -2.039542620e-06 8.351152160e-07 -5.086571940e-04
1.924104000e+00 -3.196252230e-02 5.540514940e-05 1.272366240e-02 -3.195279160e-02 5.454500790e-05 1.321705930e-02 -9.730673420e-06 8.601415110e-07 -4.933968300e-04
1.924790000e+00 -2.476230290e-02 -3.232641430e-05 9.748899030e-03 -2.474606410e-02 -3.315865910e-05 1.022995580e-02 -1.623883320e-05 8.322447390e-07 -4.810567370e-04
1.925476000e+00 2.759019960e-03 1.053553030e-05 -4.964354850e-03 2.780376670e-03 9.708346180e-06 -4.475190810e-03 -2.135670540e-05 8.271840770e-07 -4.891640380e-04
1.926162000e+00 1.159116640e-02 -4.338847590e-05 -5.166217020e-04 1.161046720e-02 -4.418103920e-05 -4.247768780e-05 -1.930088370e-05 7.925632640e-07 -4.741440140e-04
1.926848000e+00 -3.448849710e-03 6.561280370e-05 2.798382250e-03 -3.429227540e-03 6.479552620e-05 3.260934290e-03 -1.962216990e-05 8.172775100e-07 -4.625520340e-04
1.927534000e+00 -1.279041720e-02 3.591026480e-05 -5.173367370e-04 -1.276279790e-02 3.508754560e-05 -4.778798310e-05 -2.761932100e-05 8.227192290e-07 -4.695487540e-04
1.928220000e+00 -2.947862490e-03 -9.133886570e-06 6.462745150e-03 -2.921984770e-03 -9.938680640e-06 6.914434470e-03 -2.587771560e-05 8.047940780e-07 -4.516893220e-04
1.928906000e+00 -4.228642090e-03 8.016049960e-06 3.468210620e-03 -4.201891360e-03 7.220028570e-06 3.908837230e-03 -2.675073400e-05 7.960213850e-07 -4.406266090e-04
1.929592000e+00 -7.672467640e-03 3.278870330e-06 -1.878863550e-03 -7.639112340e-03 2.496771650e-06 -1.432047490e-03 -3.335529370e-05 7.820986800e-07 -4.468160590e-04
1.930247000e+00 -5.835832040e-02 1.324764330e-05 2.042250590e-02 -5.831631530e-02 1.247266320e-05 2.085231500e-02 -4.200510800e-05 7.749801440e-07 -4.298090810e-04
1.930902000e+00 -3.130939890e-02 1.081193570e-05 1.142063720e-02 -3.126408450e-02 1.004454300e-05 1.183748170e-02 -4.531438980e-05 7.673926950e-07 -4.168444900e-04
1.931557000e+00 2.709602850e-02 -2.224299060e-05 -8.613939060e-03 2.713517570e-02 -2.298480960e-05 -8.201605320e-03 -3.914721050e-05 7.418189680e-07 -4.123337420e-04
1.932212000e+00 -2.002950540e-02 3.895719300e-05 6.091738650e-03 -1.998455890e-02 3.821425230e-05 6.496170770e-03 -4.494657230e-05 7.429407180e-07 -4.044321240e-04
1.932867000e+00 -3.441563510e-02 2.548093230e-06 9.699418710e-03 -3.436406490e-02 1.820630220e-06 1.009631860e-02 -5.157025500e-05 7.274630120e-07 -3.968998630e-04
1.933522000e+00 -2.938957780e-02 1.385336680e-06 7.626965090e-03 -2.933236020e-02 6.739614870e-07 8.017785010e-03 -5.721759940e-05 7.113751960e-07 -3.908199190e-04
1.934177000e+00 3.623687960e-03 6.380867170e-05 -1.311840480e-03 3.678826320e-03 6.307948020e-05 -9.286808070e-04 -5.513836220e-05 7.291914850e-07 -3.831596740e-04
1.934832000e+00 -2.081095250e-03 3.551178000e-05 1.394912260e-04 -2.027712020e-03 3.477845160e-05 5.146951740e-04 -5.338323880e-05 7.333284080e-07 -3.752039480e-04
1.935486000e+00 -4.098391470e-02 -2.882002850e-06 1.110743750e-02 -4.092360030e-02 -3.594616800e-06 1.147582510e-02 -6.031446080e-05 7.126139490e-07 -3.683876180e-04
1.936141000e+00 -4.290331010e-02 -2.844630350e-06 1.161928870e-02 -4.283635150e-02 -3.539119550e-06 1.197984460e-02 -6.695856870e-05 6.944892010e-07 -3.605558920e-04
1.936796000e+00 -4.759011250e-02 1.028632740e-05 1.233369790e-02 -4.751683790e-02 9.602426440e-06 1.268639850e-02 -7.327466260e-05 6.839010020e-07 -3.527006460e-04
1.937451000e+00 1.093541140e-02 6.493161160e-06 -5.524202830e-03 1.100371830e-02 5.822442060e-06 -5.176891220e-03 -6.830686100e-05 6.707191010e-07 -3.473116050e-04
1.938106000e+00 -6.863076240e-03 6.147579710e-05 1.539315140e-03 -6.797005000e-03 6.078783190e-05 1.874176680e-03 -6.607123810e-05 6.879651650e-07 -3.348615330e-04
1.938761000e+00 -1.749315340e-02 1.851861160e-05 8.311711830e-03 -1.742914270e-02 1.783662330e-05 8.627955930e-03 -6.401074210e-05 6.819882550e-07 -3.162440940e-04
1.939416000e+00 -8.597761580e-02 4.302196370e-06 2.051893250e-02 -8.589516450e-02 3.632800580e-06 2.083897500e-02 -8.245138240e-05 6.693957920e-07 -3.200425780e-04
1.940071000e+00 -3.830018670e-02 5.366657410e-05 9.027996380e-03 -3.821496870e-02 5.298402450e-05 9.341333300e-03 -8.521795620e-05 6.825495630e-07 -3.133369220e-04
1.940726000e+00 3.516122800e-02 -7.769102980e-07 -8.661882390e-03 3.523004770e-02 -1.450144120e-06 -8.368973530e-03 -6.881971640e-05 6.732338270e-07 -2.929088560e-04
1.941380000e+00 -8.148605220e-02 1.849296310e-05 1.957979920e-02 -8.140039650e-02 1.782220630e-05 1.987454580e-02 -8.565572530e-05 6.707567950e-07 -2.947465590e-04
1.942035000e+00 -6.541625930e-02 -4.051006510e-05 1.587053010e-02 -6.532111710e-02 -4.115446020e-05 1.616099010e-02 -9.514218630e-05 6.443951480e-07 -2.904599650e-04
1.942690000e+00 -2.938138090e-02 1.864828920e-05 1.010873780e-02 -2.929044670e-02 1.800271500e-05 1.037916020e-02 -9.093423220e-05 6.455742350e-07 -2.704223470e-04
1.943345000e+00 -1.215773270e-02 6.110708300e-06 1.270696320e-03 -1.207014550e-02 5.471955940e-06 1.533180380e-03 -8.758719940e-05 6.387523570e-07 -2.624840600e-04
1.944000000e+00 -2.533319170e-02 2.001656100e-06 4.564339780e-03 -2.524580980e-02 1.372573420e-06 4.819675890e-03 -8.738187360e-05 6.290826880e-07 -2.553361160e-04
1.944623000e+00 -7.076273400e-02 3.370325350e-06 1.923466420e-02 -7.066666310e-02 2.749895000e-06 1.948110940e-02 -9.607092240e-05 6.204303480e-07 -2.464451770e-04
1.945237000e+00 -6.156932540e-02 -1.450805120e-05 1.614512650e-02 -6.146795790e-02 -1.511137360e-05 1.638417520e-02 -1.013674790e-04 6.033223430e-07 -2.390487020e-04
1.945850000e+00 -5.259101750e-02 2.194448280e-05 1.269491330e-02 -5.248516280e-02 2.133961910e-05 1.292706730e-02 -1.058547180e-04 6.048637410e-07 -2.321540470e-04
1.946464000e+00 -2.223536200e-02 3.127461730e-05 2.133959840e-03 -2.213253450e-02 3.066037040e-05 2.358680640e-03 -1.028275040e-04 6.142469080e-07 -2.247208050e-04
1.947077000e+00 -2.193261460e-02 6.360601630e-05 3.686612040e-03 -2.183213600e-02 6.296681880e-05 3.903385870e-03 -1.004786590e-04 6.391975270e-07 -2.167738350e-04
1.947691000e+00 -4.459056830e-03 -9.197065250e-05 -2.891607730e-03 -4.363858200e-03 -9.256188940e-05 -2.681748320e-03 -9.519863310e-05 5.912369050e-07 -2.098594080e-04
1.948304000e+00 -9.508463920e-02 -8.663382540e-06 2.778280360e-02 -9.497662540e-02 -9.245729400e-06 2.798405290e-02 -1.080137460e-04 5.823468580e-07 -2.012493390e-04
1.948918000e+00 -1.153532740e-01 -1.736068850e-05 3.343068850e-02 -1.152306400e-01 -1.792909270e-05 3.362351510e-02 -1.226342230e-04 5.684041180e-07 -1.928266130e-04
1.949521000e+00 3.073528190e-02 1.967528970e-05 -9.726424300e-03 3.084043710e-02 1.910128410e-05 -9.550422550e-03 -1.051552550e-04 5.740055990e-07 -1.760017470e-04
1.950134000e+00 -5.974000810e-03 -1.391815580e-04 -1.451751050e-03 -5.873246270e-03 -1.396800310e-04 -1.284667150e-03 -1.007545480e-04 4.984727330e-07 -1.670839090e-04
1.950748000e+00 -6.361757540e-02 7.299188640e-05 1.111251730e-02 -6.350745620e-02 7.246246100e-05 1.128365890e-02 -1.101191470e-04 5.294254620e-07 -1.711416130e-04
1.951362000e+00 -7.901376880e-02 6.936909150e-06 2.274353450e-02 -7.889787740e-02 6.413330900e-06 2.290113760e-02 -1.158914250e-04 5.235782500e-07 -1.576030880e-04
1.951975000e+00 -8.366041310e-02 -1.510131610e-05 2.509594940e-02 -8.353977180e-02 -1.560640730e-05 2.523792060e-02 -1.206412430e-04 5.050912280e-07 -1.419712230e-04
1.952589000e+00 -3.368007600e-02 -9.372803980e-06 5.851008040e-03 -3.356363760e-02 -9.865562970e-06 5.986238450e-03 -1.164383470e-04 4.927589880e-07 -1.352304090e-04
1.953203000e+00 -5.884473480e-02 -6.242726510e-06 1.372443640e-02 -5.872636740e-02 -6.726297050e-06 1.385210140e-02 -1.183673520e-04 4.835705360e-07 -1.276649110e-04
1.953816000e+00 -8.976236910e-02 -5.404634450e-06 2.296347150e-02 -8.963594540e-02 -5.880011040e-06 2.308410970e-02 -1.264236100e-04 4.753765920e-07 -1.206381650e-04
1.954430000e+00 -4.457405260e-02 4.503783200e-06 8.493670180e-03 -4.444963190e-02 4.030141510e-06 8.606660390e-03 -1.244207170e-04 4.736416930e-07 -1.129902160e-04
1.955044000e+00 -4.441769320e-02 3.817347880e-06 9.076924390e-03 -4.429489210e-02 3.345301910e-06 9.181839740e-03 -1.228011530e-04 4.720459710e-07 -1.049153420e-04
1.955657000e+00 -8.738735020e-02 -1.841896900e-05 2.160942500e-02 -8.725656400e-02 -1.887803700e-05 2.170739780e-02 -1.307862740e-04 4.590679360e-07 -9.797283240e-05
1.956258000e+00 -6.176887200e-02 -2.399832830e-05 1.401226010e-02 -6.163699720e-02 -2.444297600e-05 1.410280410e-02 -1.318747840e-04 4.446476980e-07 -9.054399850e-05
1.956859000e+00 -3.811276140e-02 -1.061203210e-06 7.233984750e-03 -3.798526620e-02 -1.502219400e-06 7.316418190e-03 -1.274952190e-04 4.410161910e-07 -8.243344770e-05
1.957473000e+00 -7.921758540e-02 -8.637885100e-06 1.950768930e-02 -7.908426260e-02 -9.071134990e-06 1.958324950e-02 -1.333228890e-04 4.332498930e-07 -7.556019600e-05
1.958074000e+00 -8.506748900e-02 -2.950664080e-05 2.225054020e-02 -8.492896030e-02 -2.992498890e-05 2.231802910e-02 -1.385287210e-04 4.183481310e-07 -6.748895780e-05
1.958675000e+00 -5.496789060e-02 -6.868426900e-06 1.559182510e-02 -5.483390350e-02 -7.283788400e-06 1.564114540e-02 -1.339871700e-04 4.153614990e-07 -4.932030370e-05
1.959275000e+00 -6.659165000e-02 -9.574365650e-06 1.568212940e-02 -6.645614650e-02 -9.983852430e-06 1.572417360e-02 -1.355035810e-04 4.094867820e-07 -4.204429440e-05
1.959876000e+00 -7.475092710e-02 -6.955882530e-06 1.304267480e-02 -7.460812030e-02 -7.360650210e-06 1.308993450e-02 -1.428068100e-04 4.047676890e-07 -4.725973290e-05
1.960476000e+00 -6.549191410e-02 -1.054276380e-05 1.655578790e-02 -6.535034040e-02 -1.094302640e-05 1.658926970e-02 -1.415736850e-04 4.002625260e-07 -3.348183040e-05
1.961077000e+00 -6.112772300e-02 -5.976257990e-06 1.651500160e-02 -6.098861870e-02 -6.372200670e-06 1.653280000e-02 -1.391042860e-04 3.959426830e-07 -1.779845500e-05
1.961678000e+00 -4.164403000e-02 -2.858350390e-05 6.688822890e-03 -4.150831070e-02 -2.896410100e-05 6.699991690e-03 -1.357192490e-04 3.805970730e-07 -1.116879540e-05
1.962278000e+00 -5.986911890e-02 1.542348170e-05 1.117678150e-02 -5.973194840e-02 1.503937710e-05 1.118381150e-02 -1.371705740e-04 3.841046160e-07 -7.029995520e-06
1.962879000e+00 -7.857026060e-02 3.828757200e-05 1.436259050e-02 -7.842579160e-02 3.788775990e-05 1.437280280e-02 -1.444689630e-04 3.998121780e-07 -1.021235160e-05
1.963479000e+00 -9.936249560e-02 -5.191363510e-05 2.758284550e-02 -9.921238630e-02 -5.228739100e-05 2.758071580e-02 -1.501092880e-04 3.737558980e-07 2.129709990e-06
1.964080000e+00 -1.073578270e-01 -1.255002340e-06 3.162789030e-02 -1.072025740e-01 -1.628725270e-06 3.161014160e-02 -1.552531890e-04 3.737229300e-07 1.774867680e-05
1.964680000e+00 -7.085065500e-02 -3.856283510e-05 2.332025530e-02 -7.069895450e-02 -3.891824290e-05 2.328509420e-02 -1.517005020e-04 3.554077900e-07 3.516114560e-05
1.965281000e+00 -5.263311820e-02 -5.673242730e-06 1.129856410e-02 -5.248416050e-02 -6.024830740e-06 1.125414540e-02 -1.489576260e-04 3.515880110e-07 4.441867610e-05
1.965882000e+00 -2.316825730e-02 -2.769277310e-05 -4.444941830e-03 -2.302336770e-02 -2.802844050e-05 -4.484681460e-03 -1.448896220e-04 3.356674430e-07 3.973962710e-05
1.966482000e+00 -8.077957040e-02 -5.301990880e-07 1.797654340e-02 -8.062983400e-02 -8.584430650e-07 1.793107540e-02 -1.497363990e-04 3.282439760e-07 4.546803530e-05
1.967083000e+00 -1.049037400e-01 4.097326570e-06 2.688744960e-02 -1.047464590e-01 3.771768220e-06 2.683408190e-02 -1.572805540e-04 3.255583470e-07 5.336775640e-05
1.967663000e+00 -6.545723840e-02 -3.433843450e-06 1.670713100e-02 -6.530376980e-02 -3.755715180e-06 1.663820740e-02 -1.534685970e-04 3.218717290e-07 6.892352380e-05
1.968265000e+00 -6.915135970e-02 -6.447010990e-07 1.605555030e-02 -6.899853740e-02 -9.637409670e-07 1.597604130e-02 -1.528222820e-04 3.190398680e-07 7.950901480e-05
1.968866000e+00 -9.276709880e-02 -4.451964590e-06 1.797725480e-02 -9.260548850e-02 -4.765802110e-06 1.790298400e-02 -1.616102030e-04 3.138375200e-07 7.427088030e-05
1.969445000e+00 -8.060643890e-02 1.309798820e-06 1.871453490e-02 -8.044419360e-02 9.985953020e-07 1.863157760e-02 -1.622452390e-04 3.112035220e-07 8.295732260e-05
1.970024000e+00 -6.799964630e-02 -6.787700700e-06 1.746684650e-02 -6.784151640e-02 -7.093134160e-06 1.736776010e-02 -1.581298980e-04 3.054334540e-07 9.908641800e-05
1.970603000e+00 -9.862073080e-02 -1.686821380e-05 2.418894320e-02 -9.845671390e-02 -1.716123820e-05 2.408331400e-02 -1.640169280e-04 2.930244000e-07 1.056291950e-04
1.971182000e+00 -1.036312530e-01 -2.649946860e-06 2.566603290e-02 -1.034614520e-01 -2.937143960e-06 2.555465450e-02 -1.698015780e-04 2.871970960e-07 1.113784860e-04
1.971761000e+00 -5.034047710e-02 9.558723950e-06 7.585680520e-03 -5.017537850e-02 9.271037090e-06 7.468510280e-03 -1.650985510e-04 2.876868650e-07 1.171702360e-04
1.972340000e+00 -7.003296790e-02 -1.594781450e-05 1.488495110e-02 -6.986770950e-02 -1.622267900e-05 1.476132800e-02 -1.652584340e-04 2.748645400e-07 1.236230900e-04
1.972919000e+00 -1.201979040e-01 -3.707128870e-05 3.136212900e-02 -1.200237490e-01 -3.732177880e-05 3.123177960e-02 -1.741546880e-04 2.504901520e-07 1.303493650e-04
1.973498000e+00 -7.878577520e-02 -5.667081010e-06 1.685715890e-02 -7.861161470e-02 -5.905536640e-06 1.672097240e-02 -1.741605050e-04 2.384556280e-07 1.361864420e-04
1.974077000e+00 -6.080563070e-02 -7.320615330e-06 1.066568960e-02 -6.063473040e-02 -7.544947210e-06 1.052376780e-02 -1.709002780e-04 2.243318860e-07 1.419217870e-04
1.974656000e+00 -6.395330070e-02 -8.120621340e-06 1.155937460e-02 -6.378419460e-02 -8.328685220e-06 1.141183970e-02 -1.691061110e-04 2.080638840e-07 1.475349040e-04
1.975235000e+00 -6.923014200e-02 -3.162781090e-06 1.340501960e-02 -6.906202260e-02 -3.353735970e-06 1.325132990e-02 -1.681194490e-04 1.909548750e-07 1.536896500e-04
1.975814000e+00 -1.351202610e-01 -1.182361360e-05 3.955764910e-02 -1.349439660e-01 -1.199148780e-05 3.938818220e-02 -1.762944130e-04 1.678741920e-07 1.694669250e-04
1.976393000e+00 -1.042354940e-01 -1.836326950e-06 2.649365780e-02 -1.040562490e-01 -1.982911550e-06 2.631603450e-02 -1.792451450e-04 1.465845950e-07 1.776233260e-04
1.976973000e+00 -3.484347200e-02 -2.032562990e-05 -2.951199990e-03 -3.466954540e-02 -2.044272140e-05 -3.121977250e-03 -1.739265980e-04 1.170915090e-07 1.707772610e-04
1.977552000e+00 -1.015699390e-01 -4.627368900e-06 2.490462260e-02 -1.013921990e-01 -4.724345620e-06 2.472541880e-02 -1.777395730e-04 9.697671630e-08 1.792037990e-04
1.978131000e+00 -1.422485350e-01 -4.739014290e-06 4.189912680e-02 -1.420628230e-01 -4.814982390e-06 4.170422750e-02 -1.857112830e-04 7.596809940e-08 1.948992850e-04
1.978710000e+00 -7.562454640e-02 -3.563455790e-06 1.561104670e-02 -7.544168930e-02 -3.619733760e-06 1.541088680e-02 -1.828571780e-04 5.627797400e-08 2.001598870e-04
1.979289000e+00 -7.255833590e-02 -2.396043760e-06 1.409338530e-02 -7.237784780e-02 -2.435560210e-06 1.388851250e-02 -1.804881530e-04 3.951644280e-08 2.048727750e-04
1.979868000e+00 -1.213274240e-01 -1.100163810e-06 3.053918860e-02 -1.211392850e-01 -1.123637510e-06 3.032892860e-02 -1.881391720e-04 2.347370600e-08 2.102600260e-04
1.980447000e+00 -1.048847080e-01 -1.162387360e-05 2.499661740e-02 -1.046937970e-01 -1.162743640e-05 2.478114590e-02 -1.909114250e-04 3.562758940e-09 2.154714880e-04
1.981026000e+00 -7.218765170e-02 4.061470650e-06 1.397630770e-02 -7.200051160e-02 4.072390490e-06 1.375565970e-02 -1.871401680e-04 -1.091984410e-08 2.206479510e-04
1.981605000e+00 -7.884353550e-02 -2.133722130e-06 1.625597330e-02 -7.865829330e-02 -2.103571060e-06 1.603007680e-02 -1.852422850e-04 -3.015107240e-08 2.258964390e-04
1.982184000e+00 -7.394159180e-02 -4.623901910e-06 1.454096150e-02 -7.375910140e-02 -4.573874610e-06 1.430985170e-02 -1.824904140e-04 -5.002729710e-08 2.311098270e-04
1.982763000e+00 -1.189685510e-01 -7.417017530e-06 2.949001080e-02 -1.187798330e-01 -7.347634820e-06 2.925406970e-02 -1.887177310e-04 -6.938270670e-08 2.359410680e-04
1.983342000e+00 -1.225856470e-01 -2.370552830e-06 3.078670060e-02 -1.223913490e-01 -2.286062770e-06 3.054551980e-02 -1.942984200e-04 -8.449006260e-08 2.411807480e-04
1.983921000e+00 -9.748423230e-02 -7.457409410e-06 2.707755260e-02 -9.729393930e-02 -7.357297830e-06 2.681944100e-02 -1.902929140e-04 -1.001115790e-07 2.581115850e-04
1.984500000e+00 -8.748419330e-02 -4.364052160e-06 1.845901970e-02 -8.729465570e-02 -4.248303500e-06 1.819828490e-02 -1.895376030e-04 -1.157486610e-07 2.607348490e-04
1.985055000e+00 -7.323994900e-02 -2.984189440e-06 4.404264500e-03 -7.304665230e-02 -2.852412330e-06 4.161835510e-03 -1.932966740e-04 -1.317771140e-07 2.424289840e-04
1.985602000e+00 -4.414450740e-02 -1.932131940e-06 -8.743554480e-03 -4.395050600e-02 -1.787132360e-06 -8.963097200e-03 -1.940013340e-04 -1.449995720e-07 2.195427240e-04
1.986149000e+00 -1.747603910e-02 -1.205027300e-06 -2.210004650e-02 -1.728222420e-02 -1.045340170e-06 -2.228854910e-02 -1.938148910e-04 -1.596871270e-07 1.885026050e-04
1.986696000e+00 -3.848802510e-02 -1.290221920e-06 -1.145111050e-02 -3.829300080e-02 -1.116973270e-06 -1.161894200e-02 -1.950242580e-04 -1.732486440e-07 1.678315280e-04
1.987244000e+00 -4.488625960e-02 2.502713740e-06 -8.019115560e-03 -4.468982000e-02 2.686739300e-06 -8.169343920e-03 -1.964395510e-04 -1.840255530e-07 1.502283610e-04
1.987783000e+00 -3.195592550e-02 -1.539335440e-06 -1.580007490e-02 -3.175788560e-02 -1.342911180e-06 -1.592484490e-02 -1.980398410e-04 -1.964242660e-07 1.247699350e-04
1.988322000e+00 -3.034194430e-02 1.070512120e-05 -1.695559370e-02 -3.014200720e-02 1.091051620e-05 -1.705474970e-02 -1.999370870e-04 -2.053950450e-07 9.915597830e-05
1.988862000e+00 -2.241909190e-02 5.063918780e-06 -1.981425660e-02 -2.221823500e-02 5.281652290e-06 -1.988808070e-02 -2.008569770e-04 -2.177335140e-07 7.382404530e-05
1.989401000e+00 -2.673518570e-02 1.537178600e-05 -1.812723140e-02 -2.653226720e-02 1.559506320e-05 -1.817690480e-02 -2.029184580e-04 -2.232772730e-07 4.967338610e-05
1.989940000e+00 -1.046483670e-01 -3.374512830e-06 1.199348340e-02 -1.044329720e-01 -3.139333520e-06 1.195862110e-02 -2.153947040e-04 -2.351793100e-07 3.486230840e-05
1.990472000e+00 -6.978454870e-02 -1.447894680e-06 -2.045554350e-03 -6.956304650e-02 -1.202092870e-06 -2.060417600e-03 -2.215022430e-04 -2.458018120e-07 1.486325500e-05
1.991003000e+00 5.056984000e-02 -1.358150660e-06 -4.951559080e-02 5.078164240e-02 -1.104000610e-06 -4.949514180e-02 -2.118024050e-04 -2.541500580e-07 -2.044899820e-05
1.991534000e+00 4.476824510e-03 -9.094846060e-06 -3.036966160e-02 4.686892930e-03 -8.827691670e-06 -3.032356040e-02 -2.100684200e-04 -2.671543890e-07 -4.610120360e-05
1.992065000e+00 -6.057448880e-02 -6.133860780e-06 -3.969675960e-03 -6.035883460e-02 -5.855061090e-06 -3.909647430e-03 -2.156542350e-04 -2.787996860e-07 -6.002852780e-05
1.992596000e+00 -4.827991040e-02 -5.940490160e-07 -8.717025420e-03 -4.806099140e-02 -3.072808910e-07 -8.640023970e-03 -2.189189620e-04 -2.867681250e-07 -7.700145590e-05
1.993128000e+00 -5.447599710e-02 -7.640047610e-06 -5.226881590e-03 -5.425391440e-02 -7.343719730e-06 -5.136094520e-03 -2.220827300e-04 -2.963278850e-07 -9.078706410e-05
1.993659000e+00 -3.539159280e-02 -1.066474530e-05 -1.614518100e-02 -3.516650870e-02 -1.035929740e-05 -1.603044660e-02 -2.250841350e-04 -3.054478590e-07 -1.147344430e-04
1.994190000e+00 -1.264016500e-02 -1.217176860e-05 -2.908121410e-02 -1.241197890e-02 -1.185957750e-05 -2.893160730e-02 -2.281861010e-04 -3.121910870e-07 -1.496067690e-04
1.994721000e+00 -4.066271730e-02 -9.473180090e-06 -1.376950510e-02 -4.043091830e-02 -9.159233830e-06 -1.360026050e-02 -2.317990200e-04 -3.139462570e-07 -1.692445190e-04
1.995253000e+00 -4.874600010e-02 5.811865030e-06 -7.400360910e-03 -4.851204710e-02 6.119395380e-06 -7.219063710e-03 -2.339529600e-04 -3.075303460e-07 -1.812971940e-04
1.995784000e+00 -7.111656950e-02 -9.714714870e-06 -3.277806980e-03 -7.087347590e-02 -9.406890120e-06 -3.075139230e-03 -2.430936140e-04 -3.078247580e-07 -2.026677430e-04
1.996315000e+00 -9.523183160e-02 1.121053060e-05 2.570071320e-03 -9.497531390e-02 1.150839300e-05 2.797442650e-03 -2.565176390e-04 -2.978623750e-07 -2.273713360e-04
1.996836000e+00 -1.943510160e-02 -4.910631980e-05 -1.968039760e-02 -1.918209670e-02 -4.880346400e-05 -1.943690730e-02 -2.530048860e-04 -3.028558150e-07 -2.434902880e-04
1.997368000e+00 5.312968540e-03 -2.538181420e-05 -2.651326290e-02 5.559073660e-03 -2.508402760e-05 -2.625587360e-02 -2.461051190e-04 -2.977865620e-07 -2.573892830e-04
1.997899000e+00 -8.272195600e-02 -1.554131380e-05 -4.301517070e-04 -8.246378280e-02 -1.525256320e-05 -1.508710900e-04 -2.581732100e-04 -2.887505690e-07 -2.792806180e-04
1.998431000e+00 -9.158649170e-02 -1.123272280e-05 2.749616840e-04 -9.131547530e-02 -1.095764350e-05 5.773793380e-04 -2.710163900e-04 -2.750792200e-07 -3.024176540e-04
1.998952000e+00 1.180305140e-02 -2.589890560e-05 -3.391026610e-02 1.206775380e-02 -2.563633160e-05 -3.358546560e-02 -2.647023250e-04 -2.625740060e-07 -3.248005060e-04
1.999483000e+00 6.781033990e-03 -1.942952000e-05 -3.143232270e-02 7.041789290e-03 -1.918645090e-05 -3.108616020e-02 -2.607552980e-04 -2.430690350e-07 -3.461624680e-04
2.000015000e+00 -1.102570200e-01 -1.333528940e-05 1.123732950e-02 -1.099817510e-01 -1.311521750e-05 1.159690290e-02 -2.752686590e-04 -2.200719230e-07 -3.595733440e-04
2.000535000e+00 -9.779964670e-02 -1.805766560e-05 6.275744470e-03 -9.751387570e-02 -1.786085190e-05 6.650591530e-03 -2.857709680e-04 -1.968137190e-07 -3.748470560e-04
2.001056000e+00 -3.404272980e-02 -1.658060950e-05 -1.817840930e-02 -3.375571880e-02 -1.641110240e-05 -1.778149700e-02 -2.870109640e-04 -1.695071620e-07 -3.969123200e-04
2.001576000e+00 -3.834032720e-02 -1.930285680e-05 -1.620200750e-02 -3.805045350e-02 -1.916194750e-05 -1.578436490e-02 -2.898737020e-04 -1.409093270e-07 -4.176426650e-04
2.002097000e+00 -3.686350650e-02 -2.486014650e-05 -1.486109180e-02 -3.657038330e-02 -2.474899830e-05 -1.442233850e-02 -2.931232160e-04 -1.111481630e-07 -4.387533290e-04
2.002617000e+00 -4.310995220e-02 -2.103636710e-05 -1.242173810e-02 -4.281332890e-02 -2.095823420e-05 -1.196427100e-02 -2.966232510e-04 -7.813282070e-08 -4.574671130e-04
2.003138000e+00 -5.514195570e-02 3.238431920e-05 -5.575239020e-03 -5.484272680e-02 3.240871160e-05 -5.107102220e-03 -2.992288390e-04 -2.439248400e-08 -4.681367990e-04
2.003658000e+00 -6.366043210e-02 -1.921586750e-05 -5.019804510e-03 -6.335585610e-02 -1.923040100e-05 -4.536385120e-03 -3.045760060e-04 1.453347700e-08 -4.834193960e-04
2.004179000e+00 -1.018955220e-01 5.093981240e-05 4.149834660e-03 -1.015767530e-01 5.085407090e-05 4.656347890e-03 -3.187681900e-04 8.574143940e-08 -5.065132330e-04
2.004700000e+00 -6.493824630e-02 -1.600067590e-05 -6.727301750e-03 -6.461425010e-02 -1.613254570e-05 -6.202575700e-03 -3.239962220e-04 1.318698750e-07 -5.247260430e-04
2.005220000e+00 6.342882650e-03 -9.539390850e-05 -2.723578900e-02 6.657582390e-03 -9.554218830e-05 -2.670039660e-02 -3.146997470e-04 1.482797810e-07 -5.353924200e-04
2.005741000e+00 -4.615408180e-02 -2.998378230e-05 -1.182968300e-02 -4.583627290e-02 -3.017728130e-05 -1.127836180e-02 -3.178088930e-04 1.934989970e-07 -5.513212240e-04
2.006261000e+00 -1.040125190e-01 -7.793448110e-05 3.834688500e-03 -1.036794640e-01 -7.815146330e-05 4.409069150e-03 -3.330555200e-04 2.169822560e-07 -5.743806510e-04
2.006782000e+00 -7.371662510e-02 3.449200260e-06 -4.075661100e-03 -7.337713400e-02 3.169268080e-06 -3.484489220e-03 -3.394911100e-04 2.799321830e-07 -5.911718760e-04
2.007302000e+00 -5.413525500e-02 -2.900320600e-05 -6.825262740e-03 -5.379463660e-02 -2.933218720e-05 -6.224302880e-03 -3.406183610e-04 3.289812470e-07 -6.009598650e-04
2.007823000e+00 -5.569580550e-02 -3.368452500e-05 -9.435891600e-03 -5.535171260e-02 -3.406058450e-05 -8.818034300e-03 -3.440928860e-04 3.760594260e-07 -6.178572960e-04
2.008343000e+00 -3.235011920e-02 -3.589130880e-05 -2.091874140e-02 -3.200386270e-02 -3.631292980e-05 -2.027765130e-02 -3.462564970e-04 4.216209970e-07 -6.410900360e-04
2.008864000e+00 -7.754191280e-02 -3.810136230e-05 -3.167600840e-03 -7.718769790e-02 -3.857013120e-05 -2.511259060e-03 -3.542148790e-04 4.687689310e-07 -6.563417870e-04
2.009384000e+00 -1.270262530e-01 -3.728156240e-05 1.661234450e-02 -1.266582030e-01 -3.779816280e-05 1.727808820e-02 -3.680505550e-04 5.166003770e-07 -6.657437450e-04
2.009905000e+00 -3.410918310e-02 -3.771348820e-05 -1.846003040e-02 -3.374181240e-02 -3.827681720e-05 -1.777591790e-02 -3.673706720e-04 5.633289420e-07 -6.841125560e-04
2.010425000e+00 2.389715150e-02 1.669014630e-05 -3.985176460e-02 2.425617710e-02 1.605660100e-05 -3.914484770e-02 -3.590256110e-04 6.335452870e-07 -7.069168900e-04
2.010946000e+00 -7.879837170e-02 -1.980607810e-05 -2.059857190e-03 -7.843110470e-02 -2.049387500e-05 -1.339506760e-03 -3.672670570e-04 6.877969460e-07 -7.203504320e-04
2.011466000e+00 -1.107374120e-01 -1.383709170e-04 1.050442870e-02 -1.103583240e-01 -1.390650470e-04 1.123534270e-02 -3.790883800e-04 6.941300660e-07 -7.309140670e-04
2.011987000e+00 -1.046724240e-01 1.504506400e-04 7.076732730e-03 -1.042835950e-01 1.496377590e-04 7.820493190e-03 -3.888289490e-04 8.128807010e-07 -7.437604550e-04
2.012507000e+00 -1.134225050e-01 -3.823112220e-06 1.047889230e-02 -1.130230920e-01 -4.695301340e-06 1.123478950e-02 -3.994131150e-04 8.721891190e-07 -7.558972820e-04
2.013028000e+00 -5.799003940e-02 1.777225560e-04 -1.003253080e-02 -5.758843830e-02 1.767206780e-04 -9.258422110e-03 -4.016011280e-04 1.001878160e-06 -7.741086410e-04
2.013548000e+00 -3.572977460e-02 -1.537443390e-04 -1.840730300e-02 -3.532746430e-02 -1.547467420e-04 -1.761347960e-02 -4.023102480e-04 1.002402780e-06 -7.938233250e-04
2.014069000e+00 -6.895297680e-02 -2.544781640e-05 -6.226523130e-03 -6.854693050e-02 -2.649710140e-05 -5.420067590e-03 -4.060463740e-04 1.049285020e-06 -8.064555410e-04
2.014589000e+00 -6.522049990e-02 -7.291860790e-06 -6.419158100e-03 -6.481105150e-02 -8.397431290e-06 -5.601266200e-03 -4.094483880e-04 1.105570500e-06 -8.178919050e-04
2.015110000e+00 -4.441352510e-02 -9.182745860e-06 -1.636632510e-02 -4.400201850e-02 -1.034090500e-05 -1.552942370e-02 -4.115066340e-04 1.158159180e-06 -8.369013940e-04
2.015631000e+00 -4.236718610e-02 8.315284580e-05 -1.788132590e-02 -4.195355410e-02 8.190766610e-05 -1.702496480e-02 -4.136320610e-04 1.245179720e-06 -8.563611040e-04
2.016151000e+00 -1.240894690e-01 -1.132438820e-04 1.530301150e-02 -1.236648560e-01 -1.145022720e-04 1.616353750e-02 -4.246129860e-04 1.258389320e-06 -8.605259920e-04
2.016672000e+00 -1.239181860e-01 -3.737213750e-05 1.682698170e-02 -1.234838690e-01 -3.867376830e-05 1.769201860e-02 -4.343177070e-04 1.301630870e-06 -8.650369610e-04
2.017192000e+00 -9.853521040e-02 -3.155551990e-05 1.113330990e-03 -9.809169870e-02 -3.290380360e-05 1.998152520e-03 -4.435116410e-04 1.348283670e-06 -8.848215310e-04
2.017713000e+00 -9.222885790e-02 -2.604109770e-05 9.872936600e-04 -9.177762280e-02 -2.743940590e-05 1.889857760e-03 -4.512350870e-04 1.398308160e-06 -9.025640980e-04
2.018233000e+00 -1.059590960e-02 -3.274482260e-05 -2.310032980e-02 -1.015332760e-02 -3.418929660e-05 -2.218718140e-02 -4.425820420e-04 1.444473980e-06 -9.131483460e-04
2.018754000e+00 -3.046427400e-02 -3.091575140e-05 -1.782002100e-02 -3.002457670e-02 -3.240664350e-05 -1.689508830e-02 -4.396972280e-04 1.490892130e-06 -9.249327760e-04
2.019274000e+00 -1.576271970e-01 -1.470457570e-05 2.015772380e-02 -1.571662490e-01 -1.624899950e-05 2.110142790e-02 -4.609476930e-04 1.544423790e-06 -9.437041450e-04
2.019795000e+00 -1.346482280e-01 -1.609144980e-05 1.299302590e-02 -1.341734910e-01 -1.768629630e-05 1.395261560e-02 -4.747364430e-04 1.594846560e-06 -9.595897430e-04
2.020315000e+00 -8.255165860e-02 -3.018922720e-05 2.834598220e-03 -8.207764610e-02 -3.182955320e-05 3.795926620e-03 -4.740125170e-04 1.640326000e-06 -9.613283940e-04
2.020836000e+00 -7.712363680e-02 -6.596166350e-05 -3.979102580e-03 -7.664777340e-02 -6.763246560e-05 -3.009322910e-03 -4.758633600e-04 1.670802100e-06 -9.697796740e-04
2.021356000e+00 -3.716871890e-02 -1.176404290e-04 -2.162704320e-02 -3.669281330e-02 -1.193215980e-04 -2.063530740e-02 -4.759056600e-04 1.681168530e-06 -9.917358390e-04
2.021877000e+00 -7.112700610e-02 5.485266750e-05 -7.097361950e-03 -7.064722560e-02 5.309500530e-05 -6.091570350e-03 -4.797804660e-04 1.757662210e-06 -1.005791600e-03
2.022397000e+00 -1.471654380e-01 -8.965111650e-05 2.363967420e-02 -1.466741990e-01 -9.143095260e-05 2.464573870e-02 -4.912392260e-04 1.779836130e-06 -1.006064490e-03
2.022918000e+00 -1.184718100e-01 5.222348400e-05 1.113611040e-02 -1.179725640e-01 5.036744300e-05 1.215112140e-02 -4.992452710e-04 1.856041060e-06 -1.015011060e-03
2.023438000e+00 -9.880191120e-02 -5.562673380e-05 -1.532388890e-03 -9.829448760e-02 -5.751702070e-05 -4.956950350e-04 -5.074235560e-04 1.890286820e-06 -1.036693850e-03
2.023959000e+00 -9.431837600e-02 -1.865189700e-06 3.386917690e-04 -9.380588780e-02 -3.809864250e-06 1.387655240e-03 -5.124881980e-04 1.944674540e-06 -1.048963470e-03
2.024479000e+00 -8.575529620e-02 -4.779181980e-05 2.998612780e-03 -8.524334610e-02 -4.977388020e-05 4.048037440e-03 -5.119500480e-04 1.982060460e-06 -1.049424660e-03
2.025000000e+00 -9.726233640e-02 -3.334007580e-05 9.557020840e-04 -9.674535760e-02 -3.535994230e-05 2.016258950e-03 -5.169787960e-04 2.019866440e-06 -1.060556870e-03
2.025494000e+00 -1.089476600e-01 -2.439317410e-05 -4.889921850e-05 -1.084208100e-01 -2.645378480e-05 1.032538700e-03 -5.268499420e-04 2.060610710e-06 -1.081437920e-03
2.025988000e+00 -9.964963050e-02 4.768651730e-06 1.963253940e-03 -9.911838020e-02 2.657091090e-06 3.054945260e-03 -5.312502740e-04 2.111560640e-06 -1.091691320e-03
2.026476000e+00 -8.141510280e-02 -3.062284260e-05 3.001082200e-04 -8.088483500e-02 -3.276805530e-05 1.393178960e-03 -5.302677180e-04 2.145212710e-06 -1.093070740e-03
2.026963000e+00 -9.835505940e-02 -1.086432530e-04 3.401408430e-03 -9.782106920e-02 -1.107872500e-04 4.501224840e-03 -5.339901980e-04 2.143997520e-06 -1.099816420e-03
2.027451000e+00 -1.192743090e-01 5.478234490e-05 9.945349340e-03 -1.187324480e-01 5.257916630e-05 1.105500750e-02 -5.418611290e-04 2.203178550e-06 -1.109658150e-03
2.027939000e+00 -1.108335230e-01 4.873939030e-05 1.114607380e-02 -1.102857250e-01 4.648337210e-05 1.226394250e-02 -5.477980430e-04 2.256018200e-06 -1.117868730e-03
2.028427000e+00 -1.149487070e-01 -3.481962830e-05 9.099285060e-03 -1.143939820e-01 -3.709724670e-05 1.022737980e-02 -5.547249840e-04 2.277618420e-06 -1.128094730e-03
2.028915000e+00 -1.199778710e-01 -1.488871060e-05 9.593739230e-03 -1.194165270e-01 -1.719448170e-05 1.073154130e-02 -5.613438400e-04 2.305771120e-06 -1.137802020e-03
2.029402000e+00 -1.209379310e-01 -2.176712180e-05 9.573791690e-03 -1.203700820e-01 -2.409837030e-05 1.072025030e-02 -5.678487480e-04 2.331248480e-06 -1.146458600e-03
2.029884000e+00 -1.106523200e-01 -1.849758840e-05 5.455987940e-03 -1.100793250e-01 -2.085681740e-05 6.611835480e-03 -5.729952850e-04 2.359229060e-06 -1.155847530e-03
2.030365000e+00 -6.296708610e-02 -2.800496110e-05 -1.071129370e-02 -6.239616280e-02 -3.038711420e-05 -9.543920630e-03 -5.709232600e-04 2.382153140e-06 -1.167373080e-03
2.030846000e+00 -7.686655810e-02 -4.919123540e-05 -5.202107680e-03 -7.629499580e-02 -5.158546890e-05 -4.024793800e-03 -5.715622780e-04 2.394233490e-06 -1.177313890e-03
2.031328000e+00 -1.839695890e-01 -4.239614950e-05 3.318637920e-02 -1.833829770e-01 -4.480748420e-05 3.436461800e-02 -5.866118360e-04 2.411334670e-06 -1.178238880e-03
2.031809000e+00 -1.781190760e-01 -4.392738260e-05 3.134730550e-02 -1.775197160e-01 -4.634708220e-05 3.252743280e-02 -5.993598460e-04 2.419699530e-06 -1.180127310e-03
2.032290000e+00 -6.739587160e-02 -2.168758890e-05 -9.565956160e-03 -6.679892960e-02 -2.412913620e-05 -8.373968370e-03 -5.969419370e-04 2.441547320e-06 -1.191987790e-03
2.032772000e+00 -6.785493050e-02 -1.550517080e-05 -1.029590650e-02 -6.725977430e-02 -1.797391650e-05 -9.091467180e-03 -5.951561420e-04 2.468745710e-06 -1.204439360e-03
2.033253000e+00 -1.332228300e-01 7.369845550e-06 1.510858210e-02 -1.326211590e-01 4.866210220e-06 1.631593790e-02 -6.016716810e-04 2.503635330e-06 -1.207355840e-03
2.033734000e+00 -1.565402650e-01 5.933468630e-05 2.336283540e-02 -1.559304750e-01 5.678000250e-05 2.457072930e-02 -6.097900250e-04 2.554683870e-06 -1.207893940e-03
2.034208000e+00 -9.383843650e-02 2.680233610e-05 -1.160324880e-04 -9.322825170e-02 2.420734110e-05 1.101152050e-03 -6.101848020e-04 2.594994990e-06 -1.217184530e-03
2.034682000e+00 -5.807161860e-02 9.700957560e-06 -1.236066690e-02 -5.746503510e-02 7.070997110e-06 -1.113173380e-02 -6.065834980e-04 2.629960450e-06 -1.228933090e-03
2.035156000e+00 -1.341904880e-01 1.643851620e-06 1.188775940e-02 -1.335753100e-01 -1.026187620e-06 1.312547430e-02 -6.151779910e-04 2.670039240e-06 -1.237714890e-03
2.035631000e+00 -1.807345000e-01 -3.385929860e-06 2.659426040e-02 -1.801044810e-01 -6.085041460e-06 2.784066620e-02 -6.300192620e-04 2.699111610e-06 -1.246405780e-03
2.036105000e+00 -1.521240880e-01 -4.612483800e-06 1.870647730e-02 -1.514863750e-01 -7.339462910e-06 1.995921150e-02 -6.377131840e-04 2.726979110e-06 -1.252734180e-03
2.036579000e+00 -1.450652480e-01 -1.125660050e-05 1.812331950e-02 -1.444219110e-01 -1.401173630e-05 1.937965870e-02 -6.433370820e-04 2.755135790e-06 -1.256339170e-03
2.037053000e+00 -1.283491140e-01 -1.837633150e-05 1.205347720e-02 -1.277026910e-01 -2.115800790e-05 1.331393200e-02 -6.464222580e-04 2.781676340e-06 -1.260454770e-03
2.037527000e+00 -6.531031640e-02 -1.353501290e-05 -7.097191080e-03 -6.466984010e-02 -1.634327870e-05 -5.834532840e-03 -6.404763250e-04 2.808265710e-06 -1.262658240e-03
2.038001000e+00 -1.056756420e-01 -3.349461470e-05 4.839470740e-03 -1.050338840e-01 -3.632248520e-05 6.106565540e-03 -6.417585850e-04 2.827870510e-06 -1.267094810e-03
2.038475000e+00 -1.857452010e-01 -2.843889280e-05 2.598197020e-02 -1.850872280e-01 -3.128957700e-05 2.726119220e-02 -6.579726960e-04 2.850684220e-06 -1.279221950e-03
2.038949000e+00 -1.720769660e-01 -1.941625270e-05 2.214458090e-02 -1.714078840e-01 -2.229348370e-05 2.343369410e-02 -6.690827590e-04 2.877230940e-06 -1.289113280e-03
2.039424000e+00 -8.026400810e-02 3.284301330e-05 -1.304982600e-03 -7.960019250e-02 2.992044550e-05 -1.389408330e-05 -6.638156000e-04 2.922567830e-06 -1.291088510e-03
2.039898000e+00 -8.762482800e-02 -1.698835200e-05 2.144301000e-03 -8.696422420e-02 -1.994241590e-05 3.437299290e-03 -6.606038100e-04 2.954063920e-06 -1.292998290e-03
2.040372000e+00 -1.420673790e-01 -1.085280250e-04 1.673790300e-02 -1.414008480e-01 -1.114829050e-04 1.803486780e-02 -6.665313510e-04 2.954879400e-06 -1.296964780e-03
2.040846000e+00 -1.482588090e-01 4.880445180e-05 1.827446990e-02 -1.475866740e-01 4.579878080e-05 1.957584390e-02 -6.721345870e-04 3.005671040e-06 -1.301374060e-03
2.041320000e+00 -1.788856050e-01 -5.020618600e-06 2.755763270e-02 -1.782034590e-01 -8.057304450e-06 2.886193380e-02 -6.821459400e-04 3.036685850e-06 -1.304301040e-03
2.041794000e+00 -1.962172230e-01 1.139275700e-05 3.256087450e-02 -1.955235380e-01 8.320184410e-06 3.386645220e-02 -6.936845200e-04 3.072572610e-06 -1.305577680e-03
2.042268000e+00 -1.480923260e-01 -2.004588170e-05 1.539051240e-02 -1.473936780e-01 -2.314243120e-05 1.670457010e-02 -6.986481190e-04 3.096549430e-06 -1.314057680e-03
2.042742000e+00 -1.318584590e-01 -1.427340570e-05 4.877088370e-03 -1.311546960e-01 -1.739592450e-05 6.206959110e-03 -7.037635740e-04 3.122518740e-06 -1.329870740e-03
2.043207000e+00 -1.248065270e-01 -1.007431990e-05 9.207661490e-03 -1.241020660e-01 -1.322345880e-05 1.054063260e-02 -7.044610650e-04 3.149138930e-06 -1.332971090e-03
2.043671000e+00 -9.632882540e-02 -4.606163950e-05 1.181998600e-02 -9.563171460e-02 -4.922466730e-05 1.314263670e-02 -6.971108470e-04 3.163027760e-06 -1.322650800e-03
2.044146000e+00 -1.331792220e-01 2.370212350e-05 1.314693180e-02 -1.324791440e-01 2.050191340e-05 1.447184270e-02 -7.000775900e-04 3.200210090e-06 -1.324910920e-03
2.044620000e+00 -1.983283760e-01 -2.721331570e-05 2.484638810e-02 -1.976122870e-01 -3.043445940e-05 2.618751530e-02 -7.160894990e-04 3.221143690e-06 -1.341127180e-03
2.045095000e+00 -1.681897660e-01 -4.266993560e-06 1.919482430e-02 -1.674651590e-01 -7.519230730e-06 2.054424530e-02 -7.246067760e-04 3.252237180e-06 -1.349420990e-03
2.045559000e+00 -1.412202020e-01 1.408531340e-05 1.870656850e-02 -1.404951900e-01 1.079474180e-05 2.004985880e-02 -7.250115420e-04 3.290571590e-06 -1.343290300e-03
2.046033000e+00 -1.458383520e-01 4.148731240e-05 2.000084430e-02 -1.451110900e-01 3.814749100e-05 2.134144370e-02 -7.272621010e-04 3.339821360e-06 -1.340599430e-03
2.046508000e+00 -1.559753840e-01 1.715557140e-05 1.849231030e-02 -1.552436790e-01 1.377427100e-05 1.983828990e-02 -7.317047040e-04 3.381300390e-06 -1.345979570e-03
2.046983000e+00 -1.566633100e-01 2.481272180e-05 1.962214790e-02 -1.559271940e-01 2.138361720e-05 2.097238640e-02 -7.361157050e-04 3.429104640e-06 -1.350238480e-03
2.047458000e+00 -1.328014660e-01 2.233470650e-06 9.145681590e-03 -1.320626280e-01 -1.232076610e-06 1.050549240e-02 -7.388384690e-04 3.465547260e-06 -1.359810780e-03
2.047933000e+00 -1.242377130e-01 -1.585966060e-04 5.604221080e-03 -1.234964890e-01 -1.620495740e-04 6.975042180e-03 -7.412236730e-04 3.452967900e-06 -1.370821100e-03
2.048407000e+00 -1.565915200e-01 3.809493380e-05 2.009141240e-02 -1.558462710e-01 3.459324200e-05 2.146164590e-02 -7.452492590e-04 3.501691720e-06 -1.370233510e-03
2.048882000e+00 -1.592056610e-01 -2.635146380e-05 2.203764760e-02 -1.584572300e-01 -2.988108960e-05 2.340562300e-02 -7.484311080e-04 3.529625840e-06 -1.367975420e-03
2.049357000e+00 -1.901049330e-01 -5.367672890e-05 2.974561050e-02 -1.893486710e-01 -5.722196140e-05 3.111209080e-02 -7.562617950e-04 3.545232480e-06 -1.366480350e-03
2.049832000e+00 -2.386559240e-01 -6.527525330e-05 4.794430700e-02 -2.378874750e-01 -6.883674180e-05 4.930424550e-02 -7.684491550e-04 3.561488530e-06 -1.359938490e-03
2.050307000e+00 -1.498954740e-01 -3.247320890e-05 1.555167660e-02 -1.491259100e-01 -3.605871660e-05 1.691718820e-02 -7.695637770e-04 3.585507770e-06 -1.365511600e-03
2.050781000e+00 -4.945311820e-02 -1.959139420e-04 -1.969496360e-02 -4.869200570e-02 -1.994585750e-04 -1.831164580e-02 -7.611125000e-04 3.544633030e-06 -1.383317770e-03
2.051256000e+00 -1.388424330e-01 -5.679483440e-05 1.272100460e-02 -1.380786730e-01 -6.034881420e-05 1.410866740e-02 -7.637596270e-04 3.553979820e-06 -1.387662800e-03
2.051731000e+00 -2.303719600e-01 -1.975279250e-06 4.371462630e-02 -2.295954950e-01 -5.561887300e-06 4.509541240e-02 -7.764648690e-04 3.586608050e-06 -1.380786120e-03
2.052206000e+00 -1.892022800e-01 -6.461088510e-05 2.978164770e-02 -1.884194030e-01 -6.820268650e-05 3.116084490e-02 -7.828765490e-04 3.591801420e-06 -1.379197190e-03
2.052681000e+00 -1.604596000e-01 -3.935707620e-05 2.059383270e-02 -1.596756930e-01 -4.295862200e-05 2.197253580e-02 -7.839075250e-04 3.601545870e-06 -1.378703010e-03
2.053155000e+00 -1.717429590e-01 -1.363137460e-04 2.343085870e-02 -1.709557260e-01 -1.398867850e-04 2.480941760e-02 -7.872334670e-04 3.573039550e-06 -1.378558970e-03
2.053630000e+00 -2.113108770e-01 1.384257970e-04 3.144038620e-02 -2.105133180e-01 1.347772570e-04 3.282399430e-02 -7.975592790e-04 3.648539990e-06 -1.383608070e-03
2.054105000e+00 -2.038886350e-01 -8.501978490e-06 2.876836850e-02 -2.030826320e-01 -1.217272500e-05 3.015650360e-02 -8.060032510e-04 3.670746510e-06 -1.388135090e-03
2.054580000e+00 -1.339700650e-01 -5.732290740e-05 1.400845330e-02 -1.331690960e-01 -6.099884430e-05 1.539499480e-02 -8.009685460e-04 3.675936860e-06 -1.386541480e-03
2.055055000e+00 -1.162108880e-01 -2.468764390e-06 7.614393960e-03 -1.154152760e-01 -6.168594000e-06 8.999538190e-03 -7.956115280e-04 3.699829610e-06 -1.385144230e-03
2.055529000e+00 -1.940590040e-01 -3.010663940e-05 2.435743640e-02 -1.932545540e-01 -3.382161170e-05 2.574711220e-02 -8.044495860e-04 3.714972330e-06 -1.389675720e-03
2.056004000e+00 -2.121403900e-01 -6.511409560e-05 3.192386020e-02 -2.113256680e-01 -6.882964260e-05 3.331825930e-02 -8.147219600e-04 3.715546960e-06 -1.394399160e-03
2.056479000e+00 -1.761515140e-01 -2.389032980e-04 2.740133930e-02 -1.753342740e-01 -2.425574830e-04 2.879460230e-02 -8.172401050e-04 3.654184770e-06 -1.393262960e-03
2.056954000e+00 -1.593099000e-01 2.242766560e-04 1.749287880e-02 -1.584921100e-01 2.205202150e-04 1.888609850e-02 -8.177891170e-04 3.756440270e-06 -1.393219680e-03
2.057428000e+00 -2.023173380e-01 9.613840470e-06 3.144251370e-02 -2.014934150e-01 5.832425610e-06 3.283432370e-02 -8.239236920e-04 3.781414850e-06 -1.391809990e-03
2.057903000e+00 -2.319317600e-01 -1.317368810e-05 4.070638440e-02 -2.310973910e-01 -1.697209170e-05 4.209502210e-02 -8.343687450e-04 3.798403550e-06 -1.388637690e-03
2.058378000e+00 -1.831741400e-01 -1.055734740e-04 2.350623700e-02 -1.823381350e-01 -1.093551280e-04 2.489474630e-02 -8.360055980e-04 3.781654780e-06 -1.388509310e-03
2.058853000e+00 -1.113805290e-01 -4.440169840e-05 3.691833820e-03 -1.105529040e-01 -4.818366170e-05 5.080780440e-03 -8.276246380e-04 3.781963240e-06 -1.388946620e-03
2.059328000e+00 -1.518393010e-01 -4.050497150e-05 1.552006760e-02 -1.510112230e-01 -4.428869500e-05 1.690987450e-02 -8.280780740e-04 3.783723470e-06 -1.389806880e-03
2.059802000e+00 -2.137760720e-01 -6.700242730e-05 2.935730890e-02 -2.129376130e-01 -7.077944980e-05 3.075350070e-02 -8.384593190e-04 3.777022500e-06 -1.396191830e-03
2.060277000e+00 -2.178877080e-01 -1.872080320e-05 3.212407390e-02 -2.170412060e-01 -2.251287970e-05 3.352265510e-02 -8.465021510e-04 3.792076460e-06 -1.398581210e-03
2.060752000e+00 -2.594399550e-01 -9.088879000e-05 4.898648010e-02 -2.585828270e-01 -9.466858990e-05 5.037636180e-02 -8.571279370e-04 3.779799900e-06 -1.389881750e-03
2.061227000e+00 -2.397230120e-01 -4.963253850e-05 4.159795160e-02 -2.388584440e-01 -5.341414940e-05 4.298222900e-02 -8.645677590e-04 3.781610900e-06 -1.384277360e-03
2.061702000e+00 -1.308398110e-01 -3.207634420e-05 9.982160100e-03 -1.299839220e-01 -3.586261430e-05 1.136609670e-02 -8.558891370e-04 3.786270070e-06 -1.383936620e-03
2.062176000e+00 -1.160357040e-01 -2.902473570e-05 1.954932840e-03 -1.151866000e-01 -3.281458370e-05 3.339218280e-03 -8.491044780e-04 3.789847990e-06 -1.384285440e-03
2.062651000e+00 -2.230895670e-01 -3.780990580e-05 3.365725870e-02 -2.222305010e-01 -4.160312130e-05 3.504173840e-02 -8.590662170e-04 3.793215470e-06 -1.384479740e-03
2.063126000e+00 -2.405363580e-01 -3.660567470e-05 3.826279820e-02 -2.396663720e-01 -4.040426830e-05 3.964795100e-02 -8.699855110e-04 3.798593670e-06 -1.385152850e-03
2.063601000e+00 -1.710164080e-01 -2.203264050e-05 1.942254960e-02 -1.701463410e-01 -2.584231640e-05 2.080708690e-02 -8.700664890e-04 3.809675870e-06 -1.384537250e-03
2.064076000e+00 -1.597588530e-01 -4.304155780e-05 1.854349660e-02 -1.588914950e-01 -4.685352890e-05 1.992581900e-02 -8.673578870e-04 3.811971160e-06 -1.382322430e-03
2.064550000e+00 -2.180320720e-01 -2.165653390e-05 3.195431740e-02 -2.171578970e-01 -2.547783030e-05 3.333636520e-02 -8.741745030e-04 3.821296440e-06 -1.382047720e-03
2.065025000e+00 -2.611040340e-01 4.114668910e-05 3.938252010e-02 -2.602174900e-01 3.729597630e-05 4.076674870e-02 -8.865440910e-04 3.850712720e-06 -1.384228640e-03
2.065500000e+00 -2.115097150e-01 -1.365971350e-04 2.849267430e-02 -2.106198820e-01 -1.404193790e-04 2.987696600e-02 -8.898335700e-04 3.822243590e-06 -1.384291670e-03
2.065971000e+00 -1.794268090e-01 -1.034997120e-04 2.024693620e-02 -1.785389610e-01 -1.073035150e-04 2.163056080e-02 -8.878476440e-04 3.803803800e-06 -1.383624540e-03
2.066447000e+00 -2.020859030e-01 -1.099862250e-04 2.687825730e-02 -2.011960600e-01 -1.137678350e-04 2.825964190e-02 -8.898437000e-04 3.781609450e-06 -1.381384580e-03
2.066918000e+00 -2.091270240e-01 -2.846776820e-05 2.986768170e-02 -2.082340260e-01 -3.225696010e-05 3.124410810e-02 -8.929981900e-04 3.789191950e-06 -1.376426410e-03
2.067389000e+00 -1.988449570e-01 -9.815221200e-05 2.715011020e-02 -1.979505690e-01 -1.019241760e-04 2.852175130e-02 -8.943881370e-04 3.771964350e-06 -1.371641070e-03
2.067860000e+00 -1.846318520e-01 -5.156356110e-05 2.537273650e-02 -1.837388500e-01 -5.533350190e-05 2.673685350e-02 -8.930017900e-04 3.769940740e-06 -1.364116960e-03
2.068337000e+00 -1.751691570e-01 5.336576920e-05 2.720012840e-02 -1.742764870e-01 4.956200330e-05 2.855734080e-02 -8.926692730e-04 3.803765930e-06 -1.357212440e-03
2.068814000e+00 -2.266330370e-01 -2.164295680e-05 3.645827750e-02 -2.257314750e-01 -2.545171580e-05 3.781656850e-02 -9.015623230e-04 3.808758970e-06 -1.358291040e-03
2.069290000e+00 -2.450418600e-01 -2.951341780e-05 3.651710080e-02 -2.441318610e-01 -3.332950370e-05 3.787673300e-02 -9.099993540e-04 3.816085910e-06 -1.359632130e-03
2.069761000e+00 -1.858309670e-01 -3.613456780e-05 2.133115240e-02 -1.849221020e-01 -3.995598520e-05 2.269058980e-02 -9.088651690e-04 3.821417350e-06 -1.359437340e-03
2.070232000e+00 -1.914237120e-01 -1.260766230e-05 2.406370880e-02 -1.905152970e-01 -1.643952230e-05 2.542259720e-02 -9.084149810e-04 3.831859950e-06 -1.358888440e-03
2.070702000e+00 -2.201699580e-01 -4.173482880e-05 3.260218330e-02 -2.192591150e-01 -4.556510670e-05 3.395628130e-02 -9.108422850e-04 3.830277920e-06 -1.354097970e-03
2.071173000e+00 -2.152313560e-01 -3.041757500e-05 3.106150800e-02 -2.143178090e-01 -3.425524740e-05 3.241094890e-02 -9.135474300e-04 3.837672390e-06 -1.349440860e-03
2.071643000e+00 -2.064972670e-01 -5.623494930e-05 2.921217950e-02 -2.055830090e-01 -6.006472670e-05 3.055620460e-02 -9.142575360e-04 3.829777430e-06 -1.344025060e-03
2.072114000e+00 -1.803236770e-01 -5.750882340e-05 2.377726040e-02 -1.794120760e-01 -6.133439790e-05 2.511439370e-02 -9.116003510e-04 3.825574490e-06 -1.337133280e-03
2.072585000e+00 -2.266988880e-01 -9.392508270e-05 2.895803270e-02 -2.257820600e-01 -9.773323190e-05 3.029168100e-02 -9.168280880e-04 3.808149270e-06 -1.333648270e-03
2.073055000e+00 -2.711002260e-01 -2.375459580e-05 4.842445510e-02 -2.701721430e-01 -2.756915140e-05 4.975397750e-02 -9.280827620e-04 3.814555580e-06 -1.329522410e-03
2.073526000e+00 -2.418456560e-01 -2.848555150e-05 3.903989310e-02 -2.409138720e-01 -3.229949420e-05 4.036416060e-02 -9.317841240e-04 3.813942660e-06 -1.324267490e-03
2.073997000e+00 -1.825261300e-01 -5.709127870e-05 2.496504370e-02 -1.815983070e-01 -6.089804070e-05 2.628149350e-02 -9.278223580e-04 3.806762010e-06 -1.316449770e-03
2.074467000e+00 -2.100644780e-01 -1.565532750e-05 2.943791250e-02 -2.091360830e-01 -1.947326160e-05 3.075022390e-02 -9.283954400e-04 3.817934060e-06 -1.312311380e-03
2.074938000e+00 -1.963676100e-01 -3.911726950e-05 2.157690250e-02 -1.954376920e-01 -4.293438640e-05 2.289420290e-02 -9.299181970e-04 3.817116860e-06 -1.317300420e-03
2.075409000e+00 -2.134509310e-01 -9.329032170e-05 2.714062290e-02 -2.125187370e-01 -9.709068330e-05 2.845867060e-02 -9.321944090e-04 3.800361560e-06 -1.318047670e-03
2.075872000e+00 -2.854877940e-01 2.801295570e-05 5.020479160e-02 -2.845471980e-01 2.418338870e-05 5.150856150e-02 -9.405957190e-04 3.829567060e-06 -1.303769880e-03
2.076336000e+00 -3.028891820e-01 -1.130475190e-05 5.568474710e-02 -3.019406020e-01 -1.514963320e-05 5.697523790e-02 -9.485801280e-04 3.844881310e-06 -1.290490860e-03
2.076799000e+00 -1.684746330e-01 -6.115151900e-05 1.500706530e-02 -1.675321420e-01 -6.499457260e-05 1.630055150e-02 -9.424905130e-04 3.843053660e-06 -1.293486190e-03
2.077263000e+00 -1.436812950e-01 -6.898746330e-05 8.085163700e-03 -1.427464250e-01 -7.282434240e-05 9.384596540e-03 -9.348705410e-04 3.836879080e-06 -1.299432840e-03
2.077726000e+00 -2.570702930e-01 9.888467720e-06 4.146317130e-02 -2.561293340e-01 6.030065250e-06 4.275334810e-02 -9.409589990e-04 3.858402470e-06 -1.290176820e-03
2.078190000e+00 -2.834435280e-01 4.636223750e-06 5.000771410e-02 -2.824937760e-01 7.580539490e-07 5.128266470e-02 -9.497518180e-04 3.878169800e-06 -1.274950530e-03
2.078653000e+00 -2.378680410e-01 -8.640923450e-06 3.726570560e-02 -2.369161120e-01 -1.253445090e-05 3.853416510e-02 -9.519291860e-04 3.893527480e-06 -1.268459470e-03
2.079117000e+00 -2.140822050e-01 3.535508590e-05 3.600390560e-02 -2.131301680e-01 3.143185770e-05 3.726922600e-02 -9.520361050e-04 3.923228230e-06 -1.265320340e-03
2.079580000e+00 -2.132433420e-01 -4.230999790e-05 2.970307290e-02 -2.122910830e-01 -4.623512400e-05 3.096372430e-02 -9.522591680e-04 3.925126040e-06 -1.260651410e-03
2.080044000e+00 -2.058274720e-01 -1.101449640e-04 2.649554280e-02 -2.048766640e-01 -1.140452870e-04 2.775055020e-02 -9.508085330e-04 3.900322680e-06 -1.255007350e-03
2.080507000e+00 -2.293707290e-01 6.169467460e-06 3.318409230e-02 -2.284190450e-01 2.254611910e-06 3.443408770e-02 -9.516842240e-04 3.914855550e-06 -1.249995400e-03
2.080971000e+00 -2.328258890e-01 -4.344304060e-05 3.028568420e-02 -2.318715220e-01 -4.735621300e-05 3.153389230e-02 -9.543667140e-04 3.913172370e-06 -1.248208140e-03
2.081426000e+00 -2.322848690e-01 1.508189370e-05 2.805429810e-02 -2.313284160e-01 1.115132540e-05 2.930059950e-02 -9.564534580e-04 3.930568330e-06 -1.246301410e-03
2.081881000e+00 -2.266068750e-01 -3.748653390e-05 3.298719800e-02 -2.256509810e-01 -4.141616680e-05 3.422284800e-02 -9.558938350e-04 3.929632920e-06 -1.235650070e-03
2.082336000e+00 -2.246777860e-01 3.004310680e-05 3.379320930e-02 -2.237235880e-01 2.609451590e-05 3.501686240e-02 -9.541982760e-04 3.948590850e-06 -1.223653110e-03
2.082791000e+00 -2.596419650e-01 -1.662768780e-04 3.912551460e-02 -2.586816670e-01 -1.701764440e-04 4.034511380e-02 -9.602981270e-04 3.899566060e-06 -1.219599180e-03
2.083246000e+00 -3.245460510e-01 1.032115450e-05 5.208863740e-02 -3.235726420e-01 6.410147340e-06 5.330848330e-02 -9.734091400e-04 3.911007110e-06 -1.219845940e-03
2.083701000e+00 -2.348446800e-01 6.492194620e-05 3.390082580e-02 -2.338725870e-01 6.099168140e-05 3.511386570e-02 -9.720926320e-04 3.930264710e-06 -1.213039940e-03
2.084156000e+00 -1.755935500e-01 -3.528899760e-05 2.266774410e-02 -1.746330020e-01 -3.919824300e-05 2.386730160e-02 -9.605474690e-04 3.909245420e-06 -1.199557550e-03
2.084611000e+00 -2.145798260e-01 7.320425900e-05 3.192227000e-02 -2.136216820e-01 6.927383720e-05 3.311370760e-02 -9.581440310e-04 3.930421810e-06 -1.191437640e-03
2.085066000e+00 -2.267585200e-01 3.379095050e-05 2.834576900e-02 -2.257970570e-01 2.985670400e-05 2.953750160e-02 -9.614627710e-04 3.934246450e-06 -1.191732570e-03
2.085521000e+00 -2.375876680e-01 2.905356140e-05 3.457834300e-02 -2.366241820e-01 2.511602160e-05 3.576622250e-02 -9.634854490e-04 3.937539770e-06 -1.187879500e-03
2.085977000e+00 -2.825775430e-01 -9.050549100e-05 4.640112020e-02 -2.816070590e-01 -9.440666160e-05 4.757805050e-02 -9.704832340e-04 3.901170670e-06 -1.176930280e-03
2.086421000e+00 -2.993647010e-01 -5.035952020e-06 5.003559060e-02 -2.983871940e-01 -8.937468350e-06 5.120240620e-02 -9.775072170e-04 3.901516330e-06 -1.166815610e-03
2.086866000e+00 -2.087889790e-01 1.802684830e-05 2.393147190e-02 -2.078164330e-01 1.411330110e-05 2.509202330e-02 -9.725467320e-04 3.913547130e-06 -1.160551370e-03
2.087311000e+00 -1.760359540e-01 2.839982560e-06 1.705127340e-02 -1.750706280e-01 -1.081250950e-06 1.820635720e-02 -9.653250330e-04 3.921233520e-06 -1.155083800e-03
2.087756000e+00 -2.184432750e-01 2.239376740e-05 2.896776110e-02 -2.174791020e-01 1.845960130e-05 3.011506810e-02 -9.641725020e-04 3.934166050e-06 -1.147306990e-03
2.088201000e+00 -2.248085580e-01 -5.861419170e-05 3.268224470e-02 -2.238458480e-01 -6.253653250e-05 3.381834170e-02 -9.627098310e-04 3.922340880e-06 -1.136097030e-03
2.088646000e+00 -2.679969870e-01 -3.050200810e-05 4.158336840e-02 -2.670313260e-01 -3.442614170e-05 4.271241030e-02 -9.656607850e-04 3.924133580e-06 -1.129041840e-03
2.089091000e+00 -3.183475300e-01 7.362667460e-06 4.777939570e-02 -3.173695890e-01 3.423403250e-06 4.890920650e-02 -9.779411010e-04 3.939264210e-06 -1.129810800e-03
2.089536000e+00 -3.014829150e-01 -3.609843960e-05 4.423716620e-02 -3.004975810e-01 -4.004258450e-05 4.536528610e-02 -9.853331490e-04 3.944144910e-06 -1.128119890e-03
2.089981000e+00 -1.471139970e-01 -7.905338480e-05 1.466044150e-02 -1.461438910e-01 -8.298063540e-05 1.577921300e-02 -9.701061920e-04 3.927250590e-06 -1.118771450e-03
2.090426000e+00 -9.652883870e-02 5.744383080e-05 1.092606960e-02 -9.557692000e-02 5.348412010e-05 1.203310330e-02 -9.519187240e-04 3.959710750e-06 -1.107033740e-03
2.090871000e+00 -2.536689340e-01 -2.073664680e-05 3.886172490e-02 -2.527115400e-01 -2.470111650e-05 3.996051790e-02 -9.573942510e-04 3.964469670e-06 -1.098793030e-03
2.091316000e+00 -3.462627040e-01 -1.729924840e-04 5.682029500e-02 -3.452904080e-01 -1.769142210e-04 5.791286140e-02 -9.722955630e-04 3.921736870e-06 -1.092566340e-03
2.091761000e+00 -2.729039120e-01 -1.148914050e-04 4.065258080e-02 -2.719288990e-01 -1.187872900e-04 4.173782020e-02 -9.750126230e-04 3.895884180e-06 -1.085239460e-03
2.092206000e+00 -2.207462660e-01 -1.373906410e-04 2.877139220e-02 -2.197745790e-01 -1.412577560e-04 2.984814580e-02 -9.716869540e-04 3.867115400e-06 -1.076753570e-03
2.092651000e+00 -2.440643860e-01 -1.564946910e-04 3.165566710e-02 -2.430931540e-01 -1.603242230e-04 3.272573860e-02 -9.712320430e-04 3.829531610e-06 -1.070071510e-03
2.093096000e+00 -1.962299950e-01 -2.083112680e-04 2.517696060e-02 -1.952645790e-01 -2.120890190e-04 2.624104180e-02 -9.654160400e-04 3.777751390e-06 -1.064081200e-03
2.093541000e+00 -2.041956870e-01 1.914153990e-04 2.497879590e-02 -2.032346680e-01 1.875638290e-04 2.603707830e-02 -9.610185540e-04 3.851570020e-06 -1.058282490e-03
2.093986000e+00 -2.576170500e-01 -6.166834990e-05 4.062890140e-02 -2.566550740e-01 -6.550698650e-05 4.167339130e-02 -9.619768840e-04 3.838636570e-06 -1.044489890e-03
2.094431000e+00 -2.828776670e-01 -5.826467760e-05 4.923325600e-02 -2.819145830e-01 -6.209034400e-05 5.025995560e-02 -9.630836030e-04 3.825666340e-06 -1.026699580e-03
2.094876000e+00 -2.749278790e-01 -1.631279420e-05 4.139213710e-02 -2.739629030e-01 -2.013521540e-05 4.241389560e-02 -9.649754190e-04 3.822421160e-06 -1.021758540e-03
2.095321000e+00 -2.551361560e-01 1.043835750e-05 2.984120370e-02 -2.541665120e-01 6.616435070e-06 3.086879170e-02 -9.696440840e-04 3.821922440e-06 -1.027588040e-03
2.095766000e+00 -2.383890600e-01 -6.484617820e-05 3.271302360e-02 -2.374208630e-01 -6.864223380e-05 3.373453330e-02 -9.681969090e-04 3.796055650e-06 -1.021509750e-03
2.096211000e+00 -2.110356510e-01 1.760010050e-04 3.136778120e-02 -2.100761300e-01 1.721594720e-04 3.237183060e-02 -9.595204560e-04 3.841532410e-06 -1.004049390e-03
2.096656000e+00 -2.336070710e-01 -4.732452110e-05 3.699305860e-02 -2.326515210e-01 -5.113341280e-05 3.798393820e-02 -9.555501870e-04 3.808891700e-06 -9.908795560e-04
2.097101000e+00 -2.578856920e-01 9.866309440e-05 3.423521480e-02 -2.569266070e-01 9.483295520e-05 3.522185860e-02 -9.590848200e-04 3.830139180e-06 -9.866438770e-04
2.097546000e+00 -2.609093640e-01 4.667610690e-05 3.614480830e-02 -2.599476410e-01 4.283892630e-05 3.712643530e-02 -9.617226250e-04 3.837180630e-06 -9.816270240e-04
2.097991000e+00 -2.656849450e-01 2.308626680e-04 3.349826050e-02 -2.647221820e-01 2.269591650e-04 3.447426710e-02 -9.627633710e-04 3.903502990e-06 -9.760065540e-04
2.098436000e+00 -2.496801050e-01 3.694845390e-05 3.298945950e-02 -2.487172160e-01 3.304673890e-05 3.395934210e-02 -9.628884390e-04 3.901715010e-06 -9.698825480e-04
2.098881000e+00 -2.405022530e-01 7.011323840e-05 3.162605060e-02 -2.395416900e-01 6.620489950e-05 3.258718760e-02 -9.605634370e-04 3.908338870e-06 -9.611369980e-04
2.099326000e+00 -2.587729080e-01 3.855151390e-05 4.004029830e-02 -2.578151200e-01 3.465046350e-05 4.098853810e-02 -9.577875680e-04 3.901050430e-06 -9.482397870e-04
2.099770000e+00 -2.294305000e-01 7.138321880e-05 3.170109550e-02 -2.284767740e-01 6.748124510e-05 3.263944610e-02 -9.537258930e-04 3.901973660e-06 -9.383505890e-04
2.100215000e+00 -2.180610490e-01 -5.449221550e-05 2.689369250e-02 -2.171130550e-01 -5.835265470e-05 2.782681920e-02 -9.479939780e-04 3.860439230e-06 -9.331267080e-04
2.100660000e+00 -2.170215800e-01 1.034212410e-04 2.705140820e-02 -2.160779860e-01 9.955040390e-05 2.797828290e-02 -9.435942960e-04 3.870837350e-06 -9.268746630e-04
2.101105000e+00 -2.798480450e-01 8.164201150e-05 4.307556350e-02 -2.789005370e-01 7.776970340e-05 4.399084260e-02 -9.475079900e-04 3.872308150e-06 -9.152791730e-04
2.101550000e+00 -3.021937320e-01 -8.144447150e-05 5.089250310e-02 -3.012409240e-01 -8.526165880e-05 5.179471400e-02 -9.528083780e-04 3.817187340e-06 -9.022108620e-04
2.101995000e+00 -2.244175850e-01 2.419672520e-05 2.836102980e-02 -2.234691380e-01 2.039908400e-05 2.925681450e-02 -9.484467630e-04 3.797641260e-06 -8.957846900e-04
2.102440000e+00 -1.969324580e-01 -3.511052320e-05 2.239313510e-02 -1.959918400e-01 -3.886412860e-05 2.328434940e-02 -9.406175970e-04 3.753605380e-06 -8.912143060e-04
2.102885000e+00 -2.144703450e-01 5.360203720e-05 2.605714900e-02 -2.135335590e-01 4.986454150e-05 2.694059150e-02 -9.367864620e-04 3.737495700e-06 -8.834424610e-04
2.103330000e+00 -2.580527960e-01 -7.602322010e-05 3.936493710e-02 -2.571178700e-01 -7.969994480e-05 4.023585870e-02 -9.349260760e-04 3.676724760e-06 -8.709216490e-04
2.103775000e+00 -2.286848950e-01 -4.118010910e-05 3.023075760e-02 -2.277527800e-01 -4.480051780e-05 3.109222380e-02 -9.321159080e-04 3.620408630e-06 -8.614662370e-04
2.104220000e+00 -2.759181420e-01 2.697738620e-05 3.606293060e-02 -2.749831930e-01 2.338968770e-05 3.691997090e-02 -9.349490210e-04 3.587698430e-06 -8.570402920e-04
2.104665000e+00 -2.610898080e-01 9.972349940e-05 3.307921780e-02 -2.601533110e-01 9.615078730e-05 3.393155170e-02 -9.364971870e-04 3.572712070e-06 -8.523338970e-04
2.105110000e+00 -2.404592350e-01 -1.318558750e-04 3.325028940e-02 -2.395259780e-01 -1.353324520e-04 3.409255030e-02 -9.332567470e-04 3.476576910e-06 -8.422609510e-04
2.105555000e+00 -2.261305930e-01 2.275119260e-04 3.043492180e-02 -2.252006230e-01 2.240028140e-04 3.126722080e-02 -9.299701060e-04 3.509112580e-06 -8.322989870e-04
2.106000000e+00 -2.394476430e-01 -1.336569560e-04 3.347162650e-02 -2.385211580e-01 -1.370640450e-04 3.429350410e-02 -9.264850620e-04 3.407088480e-06 -8.218776000e-04
2.106445000e+00 -2.259614280e-01 4.171840340e-05 3.304465950e-02 -2.250409030e-01 3.836022530e-05 3.385396260e-02 -9.205249900e-04 3.358178130e-06 -8.093030690e-04
2.106890000e+00 -2.450078920e-01 -1.928230380e-04 3.442620330e-02 -2.440900610e-01 -1.960561510e-04 3.522525450e-02 -9.178306280e-04 3.233112510e-06 -7.990511960e-04
2.107335000e+00 -2.521502460e-01 -6.653315680e-05 3.570083430e-02 -2.512333830e-01 -6.967930500e-05 3.649008950e-02 -9.168630270e-04 3.146148220e-06 -7.892552060e-04
2.107780000e+00 -2.608572720e-01 2.405438700e-05 3.689174160e-02 -2.599420170e-01 2.096600000e-05 3.767139730e-02 -9.152548140e-04 3.088386950e-06 -7.796557210e-04
2.108220000e+00 -2.257555040e-01 -4.107309570e-05 2.676736430e-02 -2.248443500e-01 -4.408302010e-05 2.754318540e-02 -9.111535820e-04 3.009924380e-06 -7.758211700e-04
2.108660000e+00 -2.058546130e-01 4.968923290e-05 2.151417130e-02 -2.049481450e-01 4.673049400e-05 2.228742550e-02 -9.064672910e-04 2.958738880e-06 -7.732541700e-04
2.109100000e+00 -2.349081320e-01 -2.625059610e-04 3.129318240e-02 -2.340042400e-01 -2.653038650e-04 3.205340700e-02 -9.038920280e-04 2.797904010e-06 -7.602245900e-04
2.109540000e+00 -2.636290310e-01 -2.070031280e-05 3.974915670e-02 -2.627258000e-01 -2.341858500e-05 4.049124900e-02 -9.032317340e-04 2.718272260e-06 -7.420923080e-04
2.109980000e+00 -2.437600530e-01 -9.736448630e-06 2.679703630e-02 -2.428595160e-01 -1.237739140e-05 2.753173070e-02 -9.005371560e-04 2.640942760e-06 -7.346943040e-04
2.110420000e+00 -2.208419690e-01 2.980980270e-05 2.431785010e-02 -2.199461600e-01 2.723262460e-05 2.505118820e-02 -8.958092410e-04 2.577178080e-06 -7.333381670e-04
2.110860000e+00 -2.372135450e-01 8.114165570e-06 2.620564670e-02 -2.363201440e-01 5.608501960e-06 2.693460070e-02 -8.934005420e-04 2.505663610e-06 -7.289539940e-04
2.111300000e+00 -2.499282400e-01 1.140303780e-04 3.169027940e-02 -2.490354750e-01 1.115632570e-04 3.241005880e-02 -8.927655480e-04 2.467121040e-06 -7.197794250e-04
2.111740000e+00 -2.403251660e-01 4.374179670e-05 3.041114480e-02 -2.394339330e-01 4.134011650e-05 3.112230060e-02 -8.912337980e-04 2.401680250e-06 -7.111557740e-04
2.112180000e+00 -2.237872040e-01 7.586605050e-05 2.898223140e-02 -2.228998950e-01 7.351712840e-05 2.968376530e-02 -8.873094110e-04 2.348922070e-06 -7.015339410e-04
2.112620000e+00 -2.100632830e-01 5.411858190e-05 2.510185760e-02 -2.091813650e-01 5.183762800e-05 2.579479820e-02 -8.819179220e-04 2.280953840e-06 -6.929405060e-04
2.113060000e+00 -2.358486630e-01 3.531538980e-05 2.904635090e-02 -2.349691780e-01 3.310926310e-05 2.972804940e-02 -8.794852430e-04 2.206126710e-06 -6.816984930e-04
2.113500000e+00 -2.751239800e-01 4.014461620e-04 3.871217030e-02 -2.742428380e-01 3.991915470e-04 3.937809080e-02 -8.811415410e-04 2.254614340e-06 -6.659205300e-04
2.113940000e+00 -2.653977360e-01 -2.999674310e-04 3.251162470e-02 -2.645191940e-01 -3.020221030e-04 3.316755490e-02 -8.785422520e-04 2.054671870e-06 -6.559301830e-04
2.114380000e+00 -1.636758780e-01 -2.590106560e-05 1.444027020e-02 -1.628090090e-01 -2.785794830e-05 1.509513300e-02 -8.668686280e-04 1.956882780e-06 -6.548627920e-04
2.114820000e+00 -1.598512320e-01 -1.077545760e-04 1.387593450e-02 -1.589935210e-01 -1.095904970e-04 1.452758880e-02 -8.577110600e-04 1.835920490e-06 -6.516543410e-04
2.115260000e+00 -2.459946130e-01 -1.536836620e-04 3.200082570e-02 -2.451364170e-01 -1.553797710e-04 3.264358060e-02 -8.581960050e-04 1.696109370e-06 -6.427549100e-04
2.115700000e+00 -2.760037480e-01 1.635225580e-04 3.348797980e-02 -2.751425260e-01 1.618570860e-04 3.412417250e-02 -8.612216340e-04 1.665472360e-06 -6.361926740e-04
2.116140000e+00 -2.174499390e-01 6.635727640e-05 2.428573300e-02 -2.165946930e-01 6.475961560e-05 2.491067390e-02 -8.552464990e-04 1.597660870e-06 -6.249409250e-04
2.116580000e+00 -1.661843510e-01 3.649442420e-05 2.099572210e-02 -1.653420050e-01 3.497121690e-05 2.160330950e-02 -8.423453670e-04 1.523207320e-06 -6.075874650e-04
2.117027000e+00 -2.132839050e-01 1.709053420e-05 2.455590250e-02 -2.124458280e-01 1.565379550e-05 2.515286920e-02 -8.380770850e-04 1.436738660e-06 -5.969667780e-04
2.117473000e+00 -2.655983400e-01 2.441700720e-04 3.149130570e-02 -2.647572000e-01 2.427351110e-04 3.208232890e-02 -8.411401440e-04 1.434960880e-06 -5.910232350e-04
2.117920000e+00 -2.223014800e-01 4.999431750e-05 2.698533200e-02 -2.214622280e-01 4.862614970e-05 2.756877030e-02 -8.392523830e-04 1.368167770e-06 -5.834383440e-04
2.118366000e+00 -2.173807720e-01 -1.422961730e-04 2.215622320e-02 -2.165443580e-01 -1.435363260e-04 2.273824930e-02 -8.364141990e-04 1.240153410e-06 -5.820260810e-04
2.118813000e+00 -2.142354670e-01 -1.961517340e-04 2.226672210e-02 -2.134016030e-01 -1.972436500e-04 2.284793150e-02 -8.338648410e-04 1.091915290e-06 -5.812093190e-04
2.119252000e+00 -2.189045140e-01 -5.179418240e-05 2.975602680e-02 -2.180765610e-01 -5.279029880e-05 3.031990150e-02 -8.279531890e-04 9.961164570e-07 -5.638746950e-04
2.119699000e+00 -2.061600940e-01 -4.567182330e-05 3.349167810e-02 -2.053387740e-01 -4.657313910e-05 3.403060840e-02 -8.213206790e-04 9.013157430e-07 -5.389303230e-04
2.120146000e+00 -2.056710860e-01 -1.495736570e-06 2.302017980e-02 -2.048562080e-01 -2.321734430e-06 2.355101020e-02 -8.148778490e-04 8.259978550e-07 -5.308304230e-04
2.120593000e+00 -1.555251530e-01 6.780270980e-05 8.726054940e-03 -1.547205570e-01 6.702737890e-05 9.260770350e-03 -8.045966120e-04 7.753309170e-07 -5.347154090e-04
2.121039000e+00 -2.130488250e-01 -2.644924150e-04 1.943731200e-02 -2.122478730e-01 -2.651006640e-04 1.996759890e-02 -8.009520490e-04 6.082494560e-07 -5.302868630e-04
2.121486000e+00 -2.884712290e-01 4.558202900e-05 3.792702070e-02 -2.876655210e-01 4.502869910e-05 3.844202160e-02 -8.057077470e-04 5.533298170e-07 -5.150009090e-04
2.121933000e+00 -2.663331110e-01 -8.184644760e-05 3.643646690e-02 -2.655270140e-01 -8.230359590e-05 3.693807770e-02 -8.060968880e-04 4.571482750e-07 -5.016108410e-04
2.122379000e+00 -1.652299420e-01 1.201318470e-05 1.629982030e-02 -1.644337540e-01 1.161961720e-05 1.679446000e-02 -7.961886280e-04 3.935675670e-07 -4.946396340e-04
2.122826000e+00 -1.561979890e-01 -7.292103630e-05 1.910101130e-02 -1.554118410e-01 -7.322067460e-05 1.958710250e-02 -7.861473550e-04 2.996382550e-07 -4.860911980e-04
2.123273000e+00 -1.900517570e-01 -5.676883030e-05 1.621781340e-02 -1.892711120e-01 -5.698392220e-05 1.669805360e-02 -7.806447950e-04 2.150918750e-07 -4.802402800e-04
2.123719000e+00 -2.109103200e-01 7.439097260e-05 2.063136750e-02 -2.101325960e-01 7.421323820e-05 2.110749320e-02 -7.777236970e-04 1.777344390e-07 -4.761257350e-04
2.124166000e+00 -2.067843490e-01 -1.379572010e-05 2.545587460e-02 -2.060119680e-01 -1.390274190e-05 2.592144300e-02 -7.723808970e-04 1.070217760e-07 -4.655683460e-04
2.124613000e+00 -1.877481010e-01 -2.489108980e-04 2.309737180e-02 -1.869839030e-01 -2.488754720e-04 2.354802710e-02 -7.641976800e-04 -3.542652350e-08 -4.506553100e-04
2.125059000e+00 -1.780422770e-01 -3.944917630e-06 2.053432170e-02 -1.772846180e-01 -3.849375010e-06 2.097295630e-02 -7.576590200e-04 -9.554262870e-08 -4.386345610e-04
2.125516000e+00 -2.146264090e-01 2.647157590e-04 2.541055510e-02 -2.138722360e-01 2.647775790e-04 2.583690620e-02 -7.541734130e-04 -6.181997940e-08 -4.263511070e-04
2.125972000e+00 -2.140833710e-01 1.393144890e-04 2.721251950e-02 -2.133334700e-01 1.393841940e-04 2.762611650e-02 -7.499004820e-04 -6.970500510e-08 -4.135970050e-04
2.126428000e+00 -1.689246210e-01 7.785556930e-05 1.353137020e-02 -1.681817950e-01 7.795140810e-05 1.394468150e-02 -7.428267250e-04 -9.583882640e-08 -4.133113850e-04
2.126884000e+00 -1.728867710e-01 -7.743610070e-05 1.180743190e-02 -1.721505010e-01 -7.726352930e-05 1.222234580e-02 -7.362703760e-04 -1.725713770e-07 -4.149138260e-04
2.127340000e+00 -1.928221900e-01 2.750164800e-04 2.061943930e-02 -1.920903710e-01 2.751423400e-04 2.102383130e-02 -7.318191790e-04 -1.258605490e-07 -4.043919960e-04
2.127796000e+00 -2.087124320e-01 -1.550406860e-04 2.543534940e-02 -2.079834460e-01 -1.548085590e-04 2.582645930e-02 -7.289861220e-04 -2.321262700e-07 -3.911099300e-04
2.128253000e+00 -2.212079050e-01 -2.822350940e-05 2.712211060e-02 -2.204831940e-01 -2.793568870e-05 2.750098540e-02 -7.247118220e-04 -2.878207190e-07 -3.788747630e-04
2.128709000e+00 -1.783874190e-01 7.235857290e-05 2.091614900e-02 -1.776705980e-01 7.266178460e-05 2.128089900e-02 -7.168211030e-04 -3.032116930e-07 -3.647500850e-04
2.129165000e+00 -1.919693920e-01 8.315173850e-05 2.149638430e-02 -1.912573650e-01 8.346025150e-05 2.185104310e-02 -7.120271150e-04 -3.085130040e-07 -3.546587590e-04
2.129621000e+00 -1.692811890e-01 -1.507230120e-05 1.372742390e-02 -1.685732660e-01 -1.472358580e-05 1.407963070e-02 -7.079229440e-04 -3.487154180e-07 -3.522068410e-04
2.130077000e+00 -1.634145900e-01 -6.241209310e-06 1.406455720e-02 -1.627119340e-01 -5.855508200e-06 1.441134260e-02 -7.026562340e-04 -3.857011110e-07 -3.467853320e-04
2.130534000e+00 -1.946445890e-01 4.173464240e-05 2.142213100e-02 -1.939474050e-01 4.213644510e-05 2.175564120e-02 -6.971842950e-04 -4.018027430e-07 -3.335101490e-04
2.130990000e+00 -1.868828270e-01 1.157759720e-04 2.085935870e-02 -1.861910300e-01 1.161613360e-04 2.117998460e-02 -6.917965090e-04 -3.853647980e-07 -3.206258840e-04
2.131446000e+00 -1.511189560e-01 6.938002690e-05 1.319620910e-02 -1.504366220e-01 6.977000960e-05 1.351171480e-02 -6.823336920e-04 -3.899826940e-07 -3.155056760e-04
2.131916000e+00 -9.703318570e-02 1.931246610e-04 3.595363930e-03 -9.636250120e-02 1.934729510e-04 3.908737980e-03 -6.706844990e-04 -3.482898770e-07 -3.133740570e-04
2.132387000e+00 -1.707431090e-01 5.303707050e-05 1.779560080e-02 -1.700776250e-01 5.338619290e-05 1.809829660e-02 -6.654837510e-04 -3.491224710e-07 -3.026957480e-04
2.132857000e+00 -2.193651400e-01 9.908466300e-05 2.602740090e-02 -2.187019830e-01 9.942406300e-05 2.631472060e-02 -6.631571380e-04 -3.393999700e-07 -2.873197480e-04
2.133328000e+00 -1.571129210e-01 6.796253290e-05 1.495977460e-02 -1.564571930e-01 6.830459830e-05 1.523921930e-02 -6.557274840e-04 -3.420653660e-07 -2.794447160e-04
2.133798000e+00 -1.318041950e-01 2.218059740e-05 6.696680890e-03 -1.311579030e-01 2.253933170e-05 6.975286990e-03 -6.462928790e-04 -3.587343050e-07 -2.786060990e-04
2.134269000e+00 -1.242765180e-01 4.465206510e-05 5.619955410e-03 -1.236379620e-01 4.501911220e-05 5.892371280e-03 -6.385550980e-04 -3.670471420e-07 -2.724158760e-04
2.134739000e+00 -1.804349440e-01 -2.105836300e-05 1.930261840e-02 -1.798002090e-01 -2.065693030e-05 1.956158960e-02 -6.347354790e-04 -4.014327410e-07 -2.589712510e-04
2.135209000e+00 -1.802976940e-01 3.016717200e-05 1.866456850e-02 -1.796666680e-01 3.058139530e-05 1.891261890e-02 -6.310259230e-04 -4.142232860e-07 -2.480504450e-04
2.135680000e+00 -2.058049310e-01 1.187745250e-04 2.388429260e-02 -2.051742190e-01 1.191730570e-04 2.412092670e-02 -6.307123570e-04 -3.985324700e-07 -2.366341480e-04
2.136150000e+00 -2.009803410e-01 -3.265032010e-04 2.323374050e-02 -2.003517380e-01 -3.259669510e-04 2.345933400e-02 -6.286030360e-04 -5.362504490e-07 -2.255935660e-04
2.136621000e+00 -1.071724170e-01 5.604069810e-05 9.320086950e-03 -1.065565290e-01 5.656789870e-05 9.540883830e-03 -6.158872060e-04 -5.272006860e-07 -2.207968790e-04
2.137091000e+00 -9.706304770e-02 1.159902640e-04 1.203951350e-02 -9.645885110e-02 1.164995350e-04 1.225393620e-02 -6.041966350e-04 -5.092702400e-07 -2.144226930e-04
2.137562000e+00 -1.388504390e-01 4.764987970e-05 1.943662780e-02 -1.382536460e-01 4.816467060e-05 1.963863190e-02 -5.967936270e-04 -5.147909730e-07 -2.020040740e-04
2.138032000e+00 -1.260187760e-01 2.131887560e-06 1.279597820e-02 -1.254298200e-01 2.670651980e-06 1.298734940e-02 -5.889561130e-04 -5.387644220e-07 -1.913712410e-04
2.138503000e+00 -1.522941100e-01 -1.019958590e-04 1.783619780e-02 -1.517091630e-01 -1.013953300e-04 1.801612450e-02 -5.849468480e-04 -6.005287720e-07 -1.799267020e-04
2.138973000e+00 -1.850397130e-01 7.092164570e-05 2.126793990e-02 -1.844554620e-01 7.152036000e-05 2.143493270e-02 -5.842504540e-04 -5.987142780e-07 -1.669928190e-04
2.139443000e+00 -1.188872530e-01 -8.248488680e-05 1.206731450e-02 -1.183133600e-01 -8.183463160e-05 1.222748090e-02 -5.738930480e-04 -6.502551600e-07 -1.601664640e-04
2.139947000e+00 -5.273265030e-02 -4.923205000e-05 2.426754480e-03 -5.217616420e-02 -4.854034150e-05 2.585281260e-03 -5.564861040e-04 -6.917084130e-07 -1.585267820e-04
2.140451000e+00 -1.159559220e-01 -9.635605830e-05 1.172411430e-02 -1.154060980e-01 -9.560231310e-05 1.187335450e-02 -5.498241700e-04 -7.537451240e-07 -1.492401820e-04
2.140956000e+00 -1.796499820e-01 -1.481380800e-04 2.066824650e-02 -1.790993650e-01 -1.473011610e-04 2.080364500e-02 -5.506172070e-04 -8.369188700e-07 -1.353985000e-04
2.141460000e+00 -1.348767440e-01 -6.469583550e-05 1.623707820e-02 -1.343318570e-01 -6.381258070e-05 1.636099650e-02 -5.448873490e-04 -8.832548480e-07 -1.239182940e-04
2.141964000e+00 -1.183078200e-01 -5.954500530e-06 1.542859480e-02 -1.177703830e-01 -5.045596710e-06 1.554034350e-02 -5.374374840e-04 -9.089038210e-07 -1.117487950e-04
2.142468000e+00 -1.184726010e-01 -1.126518070e-05 1.187587010e-02 -1.179429570e-01 -1.032716810e-05 1.197995980e-02 -5.296433850e-04 -9.380125920e-07 -1.040897080e-04
2.142972000e+00 -1.055156240e-01 -1.724614050e-04 7.251895750e-03 -1.049951510e-01 -1.714261620e-04 7.354428370e-03 -5.204725460e-04 -1.035243280e-06 -1.025326230e-04
2.143476000e+00 -9.924361380e-02 1.805855440e-04 1.219201930e-02 -9.873070790e-02 1.815705690e-04 1.228267620e-02 -5.129059670e-04 -9.850249900e-07 -9.065697680e-05
2.143980000e+00 -1.410685460e-01 5.855803540e-05 2.024355310e-02 -1.405599080e-01 5.954295410e-05 2.031265590e-02 -5.086383910e-04 -9.849186170e-07 -6.910277520e-05
2.144484000e+00 -9.842827520e-02 4.130253590e-05 9.684787690e-03 -9.792746330e-02 4.229615270e-05 9.744577410e-03 -5.008119060e-04 -9.936168320e-07 -5.978971780e-05
2.144988000e+00 -1.082845070e-01 3.929769390e-05 9.731508590e-03 -1.077922570e-01 4.030386850e-05 9.788216110e-03 -4.922503040e-04 -1.006174590e-06 -5.670752370e-05
2.145492000e+00 -1.057483390e-01 1.178408730e-05 8.885957410e-03 -1.052622250e-01 1.281022400e-05 8.937986120e-03 -4.861143910e-04 -1.026136710e-06 -5.202870630e-05
2.145996000e+00 -1.227530480e-01 3.409069570e-05 8.227452580e-03 -1.222700920e-01 3.512724080e-05 8.278785760e-03 -4.829566820e-04 -1.036545080e-06 -5.133317520e-05
2.146500000e+00 -1.217572810e-01 -1.127922570e-04 1.273061990e-02 -1.212800820e-01 -1.116870190e-04 1.277112410e-02 -4.771994500e-04 -1.105237820e-06 -4.050421290e-05
2.147019000e+00 -1.063092840e-01 9.617957390e-06 1.551673940e-02 -1.058408690e-01 1.074689900e-05 1.553461200e-02 -4.684148740e-04 -1.128941570e-06 -1.787261470e-05
2.147538000e+00 -8.838555880e-02 -3.466898420e-05 1.072913410e-02 -8.792410190e-02 -3.350285350e-05 1.073709650e-02 -4.614569370e-04 -1.166130680e-06 -7.962458780e-06
2.148065000e+00 -1.227084190e-01 -5.283438520e-05 7.430571230e-03 -1.222491610e-01 -5.162715740e-05 7.439654600e-03 -4.592578510e-04 -1.207227760e-06 -9.083368500e-06
2.148591000e+00 -5.118494440e-02 8.065756590e-05 4.271724870e-03 -5.073778730e-02 8.185317400e-05 4.272936390e-03 -4.471571220e-04 -1.195608070e-06 -1.211522320e-06
2.149117000e+00 -2.496688840e-02 3.421759850e-05 5.545568740e-03 -2.453736550e-02 3.541595720e-05 5.534179480e-03 -4.295228800e-04 -1.198358740e-06 1.138926150e-05
2.149650000e+00 -7.539446920e-02 2.657074260e-05 8.266433710e-03 -7.497145760e-02 2.777896920e-05 8.245059630e-03 -4.230115610e-04 -1.208226570e-06 2.137407390e-05
2.150184000e+00 -1.064844680e-01 4.405535520e-05 1.117538320e-02 -1.060639490e-01 4.526776640e-05 1.114413610e-02 -4.205195270e-04 -1.212411220e-06 3.124702470e-05
2.150725000e+00 -9.030324430e-02 1.083147510e-04 1.049546800e-02 -8.988930740e-02 1.095076180e-04 1.045318400e-02 -4.139368960e-04 -1.192867110e-06 4.228399460e-05
2.151267000e+00 -7.381196400e-02 6.110899280e-05 7.425976060e-03 -7.340529050e-02 6.230117270e-05 7.372557040e-03 -4.066735150e-04 -1.192179890e-06 5.341901750e-05
2.151808000e+00 -4.159045870e-02 -2.090985770e-05 4.658226450e-03 -4.119582490e-02 -1.968587570e-05 4.601630670e-03 -3.946338210e-04 -1.223982000e-06 5.659578390e-05
2.152350000e+00 -4.440716690e-02 1.726649970e-05 4.817604380e-03 -4.402389300e-02 1.850965810e-05 4.758190760e-03 -3.832739040e-04 -1.243158370e-06 5.941362590e-05
2.152900000e+00 -8.488889650e-02 -8.173395010e-05 1.485271290e-02 -8.451087070e-02 -8.042621040e-05 1.477244290e-02 -3.780258090e-04 -1.307739730e-06 8.026994260e-05
2.153450000e+00 -7.931219810e-02 1.383311900e-04 1.365365760e-02 -7.894071730e-02 1.396053710e-04 1.355598510e-02 -3.714808770e-04 -1.274181200e-06 9.767248180e-05
2.154000000e+00 -3.363031560e-02 1.048247160e-05 4.413602010e-03 -3.327112350e-02 1.177867490e-05 4.315462980e-03 -3.591920570e-04 -1.296203300e-06 9.813903910e-05
2.154559000e+00 -6.423162670e-02 -1.837742060e-05 7.341023420e-03 -6.388059610e-02 -1.704311760e-05 7.237107310e-03 -3.510305500e-04 -1.334303010e-06 1.039161090e-04
2.155118000e+00 -7.694698560e-02 7.058737280e-05 1.100598200e-02 -7.660025910e-02 7.192514150e-05 1.088893190e-02 -3.467264870e-04 -1.337768690e-06 1.170501330e-04
2.155678000e+00 -5.376104200e-02 -6.149155390e-05 7.226297360e-03 -5.342281270e-02 -6.009657810e-05 7.099178450e-03 -3.382292120e-04 -1.394975820e-06 1.271189060e-04
2.156247000e+00 -2.349933100e-02 -2.940156200e-05 6.914728820e-03 -2.317361960e-02 -2.795964440e-05 6.777429580e-03 -3.257113840e-04 -1.441917600e-06 1.372992390e-04
2.156817000e+00 -5.466564900e-02 -2.372575050e-05 8.815455030e-03 -5.434628430e-02 -2.223523800e-05 8.666940010e-03 -3.193646700e-04 -1.490512470e-06 1.485150210e-04
2.157386000e+00 -7.295130050e-02 1.221168500e-04 1.011991720e-02 -7.263576490e-02 1.235898890e-04 9.959651000e-03 -3.155356390e-04 -1.473039890e-06 1.602661860e-04
2.157967000e+00 2.328160160e-02 7.268743330e-05 1.456032240e-03 2.357681000e-02 7.416385240e-05 1.293734520e-03 -2.952083760e-04 -1.476419090e-06 1.622977180e-04
2.158548000e+00 8.477934980e-03 6.225025950e-05 2.937570280e-03 8.757968810e-03 6.373994700e-05 2.770369820e-03 -2.800338300e-04 -1.489687540e-06 1.672004610e-04
2.159140000e+00 -1.506740450e-01 6.617696800e-05 1.821600200e-02 -1.503833390e-01 6.768059100e-05 1.802548100e-02 -2.907056050e-04 -1.503622990e-06 1.905209460e-04
2.159733000e+00 -5.668664300e-02 -1.530746330e-04 9.361939450e-03 -5.640365130e-02 -1.514624460e-04 9.160129200e-03 -2.829916750e-04 -1.612187010e-06 2.018102540e-04
2.160326000e+00 5.224514520e-02 -8.884599430e-05 -2.397473690e-03 5.250411580e-02 -8.715940440e-05 -2.596812230e-03 -2.589706110e-04 -1.686589850e-06 1.993385410e-04
2.160919000e+00 -5.342455880e-02 5.531312670e-05 1.051732950e-02 -5.317000000e-02 5.700929780e-05 1.030105160e-02 -2.545587610e-04 -1.696171080e-06 2.162779690e-04
2.161525000e+00 -7.454871470e-02 7.447345110e-05 1.304760040e-02 -7.429647130e-02 7.616960250e-05 1.281141130e-02 -2.522433800e-04 -1.696151370e-06 2.361890670e-04
2.162132000e+00 2.264920940e-02 1.562254200e-05 3.008291130e-03 2.288123710e-02 1.734065690e-05 2.771189390e-03 -2.320277290e-04 -1.718114970e-06 2.371017430e-04
2.162738000e+00 -1.027095150e-04 1.213051190e-04 4.324133590e-03 1.175484020e-04 1.229986100e-04 4.081110510e-03 -2.202579170e-04 -1.693491280e-06 2.430230740e-04
2.163360000e+00 -6.977686060e-02 1.462613670e-04 1.051718560e-02 -6.955665940e-02 1.479220070e-04 1.026095910e-02 -2.202011450e-04 -1.660639470e-06 2.562265160e-04
2.163982000e+00 -1.845910500e-02 -5.390912410e-06 8.664267360e-03 -1.824844000e-02 -3.698434140e-06 8.396502700e-03 -2.106650650e-04 -1.692478260e-06 2.677646590e-04
2.164604000e+00 -8.694890410e-03 1.606364630e-04 6.530106570e-03 -8.494537090e-03 1.622892560e-04 6.251685600e-03 -2.003533190e-04 -1.652793000e-06 2.784209790e-04
2.165244000e+00 -4.749423480e-02 1.019005190e-04 9.960923840e-03 -4.729581160e-02 1.035395440e-04 9.670374900e-03 -1.984232450e-04 -1.639024440e-06 2.905489420e-04
2.165884000e+00 1.187343850e-02 1.277854340e-04 6.715733770e-03 1.205875100e-02 1.293980650e-04 6.413868060e-03 -1.853124790e-04 -1.612630390e-06 3.018657190e-04
2.166524000e+00 6.422172300e-02 8.645286880e-05 5.730580110e-03 6.438561640e-02 8.806198050e-05 5.417340040e-03 -1.638933890e-04 -1.609111720e-06 3.132400670e-04
2.167185000e+00 2.100551220e-02 8.701739410e-05 6.758766560e-03 2.115739510e-02 8.862471400e-05 6.433806240e-03 -1.518828480e-04 -1.607319920e-06 3.249603150e-04
2.167845000e+00 6.763595450e-03 1.048128990e-04 7.877076490e-03 6.905094250e-03 1.064122430e-04 7.540120980e-03 -1.414987970e-04 -1.599343470e-06 3.369555080e-04
2.168506000e+00 -2.108392440e-05 6.917842720e-05 7.104382020e-03 1.120844700e-04 7.078647850e-05 6.755392570e-03 -1.331683950e-04 -1.608051240e-06 3.489894560e-04
2.169191000e+00 2.241655680e-02 1.006733400e-04 3.130040950e-03 2.253737090e-02 1.022708670e-04 2.778835490e-03 -1.208141230e-04 -1.597526890e-06 3.512054630e-04
2.169876000e+00 1.917618320e-02 8.352898420e-05 6.445182050e-03 1.928567550e-02 8.512785550e-05 6.084756340e-03 -1.094923660e-04 -1.598871250e-06 3.604257120e-04
2.170561000e+00 -1.138011210e-02 9.210209590e-05 1.201967720e-02 -1.127801770e-02 9.369716160e-05 1.163580430e-02 -1.020944640e-04 -1.595065670e-06 3.838729410e-04
2.171275000e+00 1.582088940e-02 1.191660600e-04 8.611893060e-03 1.591134560e-02 1.207353960e-04 8.214690490e-03 -9.045620580e-05 -1.569335920e-06 3.972025670e-04
2.171990000e+00 1.301207120e-02 4.351272080e-05 7.717653980e-03 1.309254080e-02 4.509907900e-05 7.312055880e-03 -8.046959980e-05 -1.586358180e-06 4.055981000e-04
2.172705000e+00 9.369234510e-03 2.245565920e-05 4.439725820e-03 9.441808710e-03 2.407125040e-05 4.032201410e-03 -7.257420620e-05 -1.615591190e-06 4.075244130e-04
2.173420000e+00 9.054883260e-02 -4.811674020e-05 9.473099750e-03 9.059726950e-02 -4.643105120e-05 9.042405970e-03 -4.843690350e-05 -1.685689020e-06 4.306937810e-04
2.174174000e+00 1.486808450e-03 -2.397809030e-05 9.566817620e-03 1.531764750e-03 -2.223499160e-05 9.120844620e-03 -4.495629930e-05 -1.743098610e-06 4.459730070e-04
2.174929000e+00 -1.334078030e-02 -1.094397910e-05 8.619898760e-03 -1.329763020e-02 -9.147111930e-06 8.161945180e-03 -4.315011610e-05 -1.796867150e-06 4.579535760e-04
2.175683000e+00 9.677040800e-02 -2.121980700e-06 8.079380620e-03 9.678834740e-02 -2.758103000e-07 7.607969450e-03 -1.793933520e-05 -1.846170400e-06 4.714111730e-04
2.176437000e+00 3.242589210e-02 3.230025750e-05 5.784051260e-03 3.243688620e-02 3.417597070e-05 5.310947420e-03 -1.099411630e-05 -1.875713220e-06 4.731038370e-04
2.177192000e+00 4.461075960e-02 3.764333660e-05 8.847312530e-03 4.461217410e-02 3.954846700e-05 8.359218050e-03 -1.414500790e-06 -1.905130390e-06 4.880944790e-04
2.178009000e+00 4.032571710e-02 3.716182230e-05 1.032521250e-02 4.031697760e-02 3.909839930e-05 9.815913700e-03 8.739491580e-06 -1.936577060e-06 5.092988120e-04
2.178758000e+00 2.903987890e-02 1.614993650e-05 9.338979350e-03 2.902456450e-02 1.812455040e-05 8.817780960e-03 1.531435690e-05 -1.974613860e-06 5.211983870e-04
2.179508000e+00 1.016379880e-01 8.053388990e-06 6.764776230e-03 1.016017280e-01 1.006628510e-05 6.232946660e-03 3.626036900e-05 -2.012896140e-06 5.318295680e-04
2.180257000e+00 6.226270730e-02 1.854224270e-04 7.863233340e-03 6.221698420e-02 1.873564150e-04 7.320280990e-03 4.572305940e-05 -1.933988150e-06 5.429523520e-04
2.181006000e+00 3.868975630e-02 8.572013500e-05 9.967914700e-03 3.863920100e-02 8.764541680e-05 9.412792100e-03 5.055534470e-05 -1.925281870e-06 5.551226030e-04
2.181755000e+00 4.409828610e-02 4.760107310e-05 1.147084740e-02 4.404078070e-02 4.954298830e-05 1.090293080e-02 5.750538480e-05 -1.941915200e-06 5.679166070e-04
2.182505000e+00 8.067285010e-02 5.364276380e-05 1.105866820e-02 8.059957610e-02 5.559768750e-05 1.047949080e-02 7.327393280e-05 -1.954923700e-06 5.791773610e-04
2.183147000e+00 5.274340890e-02 5.580181420e-05 1.268353660e-02 5.266655000e-02 5.776365290e-05 1.208813480e-02 7.685896970e-05 -1.961838690e-06 5.954018510e-04
2.183789000e+00 2.316271330e-02 2.723076630e-06 1.436325960e-02 2.309038660e-02 4.714745460e-06 1.374848500e-02 7.232666790e-05 -1.991668840e-06 6.147746600e-04
2.184431000e+00 1.216488930e-01 1.807060740e-05 1.076228690e-02 1.215616690e-01 2.008021740e-05 1.014777950e-02 8.722388380e-05 -2.009610010e-06 6.145073220e-04
2.185073000e+00 1.369704970e-01 1.877309100e-05 1.320315570e-02 1.368689140e-01 2.079857310e-05 1.257965430e-02 1.015834440e-04 -2.025482160e-06 6.235014360e-04
2.185716000e+00 1.570742390e-01 1.395162090e-05 1.864406630e-02 1.569558320e-01 1.599506780e-05 1.799831440e-02 1.184071440e-04 -2.043446940e-06 6.457518650e-04
2.186358000e+00 3.472466760e-02 6.205711760e-05 8.898477030e-03 3.461244770e-02 6.409796960e-05 8.251625530e-03 1.122199420e-04 -2.040852020e-06 6.468515070e-04
2.187000000e+00 4.877653520e-02 1.791847230e-05 1.043708720e-02 4.866523750e-02 1.997877990e-05 9.785518830e-03 1.112976860e-04 -2.060307550e-06 6.515683550e-04
2.187614000e+00 1.659442700e-01 1.425516480e-05 1.895534120e-02 1.658134220e-01 1.633219210e-05 1.828438630e-02 1.308471180e-04 -2.077027290e-06 6.709549020e-04
2.188218000e+00 8.980119490e-02 -7.379970010e-05 1.795082930e-02 8.966635140e-02 -7.166504290e-05 1.726292140e-02 1.348435220e-04 -2.134657160e-06 6.879079640e-04
2.188813000e+00 6.410626670e-02 7.482640060e-05 1.784509500e-02 6.397116340e-02 7.694117020e-05 1.713989900e-02 1.351032550e-04 -2.114769640e-06 7.051959970e-04
2.189399000e+00 1.401640590e-01 2.584172750e-05 1.386797080e-02 1.400153460e-01 2.796192900e-05 1.316397140e-02 1.487133340e-04 -2.120201480e-06 7.039993470e-04
2.189977000e+00 1.259712060e-01 3.263375330e-05 1.496770380e-02 1.258132380e-01 3.475584930e-05 1.426004250e-02 1.579673070e-04 -2.122095960e-06 7.076613530e-04
2.190545000e+00 6.600273170e-02 -2.020716020e-07 1.828675150e-02 6.584595850e-02 1.937543740e-06 1.755883550e-02 1.567732190e-04 -2.139615350e-06 7.279159800e-04
2.191105000e+00 7.644214960e-02 9.231642920e-05 1.443857790e-02 7.628327480e-02 9.443308200e-05 1.370332710e-02 1.588747800e-04 -2.116652720e-06 7.352508420e-04
2.191657000e+00 8.739607820e-02 -4.141271340e-05 9.897047080e-03 8.723354950e-02 -3.926583490e-05 9.168085850e-03 1.625286670e-04 -2.146878490e-06 7.289612270e-04
2.192208000e+00 7.859747920e-02 -1.703001500e-05 1.745757830e-02 7.843330770e-02 -1.486266590e-05 1.671251540e-02 1.641715110e-04 -2.167349100e-06 7.450629150e-04
2.192751000e+00 8.313165180e-02 6.448389100e-05 2.287131720e-02 8.296688380e-02 6.663726590e-05 2.209965820e-02 1.647680480e-04 -2.153374860e-06 7.716590310e-04
2.193285000e+00 1.307080580e-01 1.103175890e-05 1.633191790e-02 1.305335110e-01 1.319243220e-05 1.555949380e-02 1.745472670e-04 -2.160673280e-06 7.724240950e-04
2.193812000e+00 1.531333110e-01 -6.803440870e-05 1.587737780e-02 1.529476850e-01 -6.583672460e-05 1.510814250e-02 1.856263510e-04 -2.197684060e-06 7.692352940e-04
2.194338000e+00 8.433274210e-02 -3.911794930e-05 2.010514970e-02 8.414717300e-02 -3.689279470e-05 1.932139380e-02 1.855691410e-04 -2.225154600e-06 7.837558910e-04
2.194856000e+00 9.037357570e-02 -5.403090140e-05 2.073271890e-02 9.018748810e-02 -5.177518140e-05 1.993428430e-02 1.860876480e-04 -2.255720080e-06 7.984346920e-04
2.195375000e+00 1.039330740e-01 -7.284185870e-05 1.831958000e-02 1.037441800e-01 -7.055185740e-05 1.751545320e-02 1.888938100e-04 -2.290001330e-06 8.041267200e-04
2.195884000e+00 1.121215740e-01 2.155627170e-05 1.911551730e-02 1.119296670e-01 2.383861550e-05 1.830544340e-02 1.919071760e-04 -2.282343780e-06 8.100739670e-04
2.196394000e+00 9.543861220e-02 -3.711759160e-05 1.764268710e-02 9.524530770e-02 -3.481859760e-05 1.682679460e-02 1.933045890e-04 -2.298994030e-06 8.158924750e-04
2.196896000e+00 1.046405340e-01 -3.249845230e-05 1.931155540e-02 1.044452930e-01 -3.018526450e-05 1.848928460e-02 1.952411390e-04 -2.313187840e-06 8.222707300e-04
2.197398000e+00 1.156467620e-01 3.482571660e-05 2.254977760e-02 1.154488240e-01 3.712957160e-05 2.171450970e-02 1.979381730e-04 -2.303855000e-06 8.352679270e-04
2.197891000e+00 1.219397040e-01 -1.793983550e-04 2.360774330e-02 1.217389260e-01 -1.770274360e-04 2.276018060e-02 2.007781230e-04 -2.370918910e-06 8.475626840e-04
2.198385000e+00 1.536771090e-01 -7.305878980e-06 2.318382360e-02 1.534674490e-01 -4.926946940e-06 2.233127400e-02 2.096608150e-04 -2.378932040e-06 8.525496280e-04
2.198870000e+00 1.580268580e-01 -1.838762270e-05 2.463467310e-02 1.578090500e-01 -1.600021450e-05 2.377681840e-02 2.178078830e-04 -2.387408250e-06 8.578547040e-04
2.199355000e+00 1.179805960e-01 -2.095609410e-05 2.354398190e-02 1.177615450e-01 -1.856275610e-05 2.267464310e-02 2.190515690e-04 -2.393338000e-06 8.693387710e-04
2.199832000e+00 1.234210890e-01 -1.378124790e-04 2.572941440e-02 1.232003430e-01 -1.353711620e-04 2.484770160e-02 2.207468180e-04 -2.441317750e-06 8.817128320e-04
2.200309000e+00 1.170802610e-01 9.238920590e-05 2.199825930e-02 1.168581130e-01 9.478128590e-05 2.111120220e-02 2.221486110e-04 -2.392079960e-06 8.870570510e-04
2.200786000e+00 1.138209360e-01 2.402840370e-05 2.171052700e-02 1.135976040e-01 2.639516180e-05 2.081884220e-02 2.233320430e-04 -2.366758050e-06 8.916847400e-04
2.201255000e+00 1.308106060e-01 -4.235924040e-05 2.285998580e-02 1.305845330e-01 -3.998941330e-05 2.196347630e-02 2.260730020e-04 -2.369827070e-06 8.965094970e-04
2.201724000e+00 1.399216550e-01 -5.961959600e-05 2.259959800e-02 1.396920590e-01 -5.724279930e-05 2.170035450e-02 2.295966890e-04 -2.376796780e-06 8.992434580e-04
2.202192000e+00 1.306341130e-01 -2.819548820e-05 2.545604590e-02 1.304022460e-01 -2.582106800e-05 2.454838480e-02 2.318673230e-04 -2.374420100e-06 9.076611530e-04
2.202652000e+00 1.177200140e-01 3.073769640e-05 2.663818790e-02 1.174872680e-01 3.309071780e-05 2.571838160e-02 2.327457070e-04 -2.353021360e-06 9.198062910e-04
2.203113000e+00 1.347584350e-01 -8.520623200e-05 2.760299010e-02 1.345232750e-01 -8.283338560e-05 2.667337310e-02 2.351598230e-04 -2.372846370e-06 9.296170530e-04
2.203573000e+00 1.433118250e-01 -1.629459770e-04 2.882553650e-02 1.430733700e-01 -1.605302230e-04 2.788568890e-02 2.384556330e-04 -2.415754230e-06 9.398475100e-04
2.204024000e+00 1.406595930e-01 1.208029010e-04 2.824253950e-02 1.404186490e-01 1.231758530e-04 2.729398630e-02 2.409444680e-04 -2.372952300e-06 9.485531970e-04
2.204476000e+00 1.369069440e-01 6.637527210e-05 2.580886310e-02 1.366640890e-01 6.872216660e-05 2.485691940e-02 2.428554690e-04 -2.346894480e-06 9.519437110e-04
2.204927000e+00 1.406128090e-01 1.105072570e-04 2.622246510e-02 1.403675390e-01 1.128141150e-04 2.526640740e-02 2.452692910e-04 -2.306857840e-06 9.560576350e-04
2.205379000e+00 1.528398750e-01 7.813966950e-05 2.761941380e-02 1.525912320e-01 8.041807760e-05 2.665956130e-02 2.486428320e-04 -2.278408160e-06 9.598525770e-04
2.205830000e+00 1.456471130e-01 1.216731110e-04 2.733891000e-02 1.453954410e-01 1.239098440e-04 2.637650130e-02 2.516721740e-04 -2.236732920e-06 9.624087370e-04
2.206272000e+00 1.486501780e-01 7.732722050e-05 2.959934750e-02 1.483960250e-01 7.953621720e-05 2.862881470e-02 2.541528500e-04 -2.208996670e-06 9.705327680e-04
2.206715000e+00 1.437879410e-01 7.617771280e-05 3.141567060e-02 1.435322600e-01 7.835676700e-05 3.043413310e-02 2.556809830e-04 -2.179054210e-06 9.815374390e-04
2.207157000e+00 1.506483140e-01 4.156600040e-05 3.268690370e-02 1.503901260e-01 4.373073350e-05 3.169619640e-02 2.581879610e-04 -2.164733120e-06 9.907072910e-04
2.207599000e+00 1.574395550e-01 3.539929310e-05 3.273005560e-02 1.571782190e-01 3.755132170e-05 3.173023010e-02 2.613355160e-04 -2.152028570e-06 9.998254220e-04
2.208032000e+00 1.537531560e-01 1.219775270e-04 3.163213560e-02 1.534894220e-01 1.241011980e-04 3.062444560e-02 2.637335280e-04 -2.123671330e-06 1.007690040e-03
2.208464000e+00 1.553413080e-01 6.045645860e-05 3.004428700e-02 1.550754320e-01 6.257797650e-05 2.903410390e-02 2.658760870e-04 -2.121517940e-06 1.010183090e-03
2.208897000e+00 1.456319880e-01 6.311197800e-05 2.856451830e-02 1.453642460e-01 6.523411430e-05 2.755221640e-02 2.677418420e-04 -2.122136380e-06 1.012301920e-03
2.209330000e+00 1.609166010e-01 1.092906700e-04 3.343017270e-02 1.606460280e-01 1.114009400e-04 3.241006030e-02 2.705727180e-04 -2.110270360e-06 1.020112390e-03
2.209762000e+00 1.921692120e-01 6.862160730e-05 3.625000450e-02 1.918931430e-01 7.073509790e-05 3.522137980e-02 2.760692050e-04 -2.113490550e-06 1.028624660e-03
2.210195000e+00 1.549424410e-01 2.182993880e-04 3.319878230e-02 1.546659510e-01 2.203710090e-04 3.216213250e-02 2.764903080e-04 -2.071620470e-06 1.036649800e-03
2.210627000e+00 1.032879880e-01 9.942164580e-05 2.966931070e-02 1.030171090e-01 1.014866000e-04 2.862294480e-02 2.708788080e-04 -2.064953760e-06 1.046365920e-03
2.211060000e+00 1.237135610e-01 -3.359280860e-05 3.139716880e-02 1.234444640e-01 -3.149551170e-05 3.034273110e-02 2.690971210e-04 -2.097296890e-06 1.054437620e-03
2.211482000e+00 1.728021440e-01 -2.255230600e-04 3.333487300e-02 1.725281860e-01 -2.233411240e-04 3.227895980e-02 2.739579610e-04 -2.181936460e-06 1.055913200e-03
2.211903000e+00 1.756995160e-01 -3.113960060e-05 3.311406450e-02 1.754214090e-01 -2.892959850e-05 3.205754830e-02 2.781069220e-04 -2.210002110e-06 1.056516220e-03
2.212325000e+00 1.716756690e-01 -1.438183230e-05 3.468096240e-02 1.713945730e-01 -1.215197560e-05 3.361791330e-02 2.810965060e-04 -2.229856690e-06 1.063049080e-03
2.212746000e+00 1.719890320e-01 -1.867013970e-04 3.822968670e-02 1.717055070e-01 -1.843974330e-04 3.715643430e-02 2.835247320e-04 -2.303963850e-06 1.073252340e-03
2.213168000e+00 1.785780200e-01 1.247044790e-04 3.745835240e-02 1.782913530e-01 1.269641280e-04 3.637763630e-02 2.866671870e-04 -2.259649170e-06 1.080716090e-03
2.213589000e+00 1.899498350e-01 -1.862569860e-05 3.890402140e-02 1.896589220e-01 -1.636006920e-05 3.781648130e-02 2.909128120e-04 -2.265629380e-06 1.087540130e-03
2.214011000e+00 1.909294070e-01 -5.807801270e-05 4.096051800e-02 1.906347010e-01 -5.579375280e-05 3.986551850e-02 2.947065130e-04 -2.284259930e-06 1.094999570e-03
2.214432000e+00 1.387357820e-01 -2.890781380e-05 3.492108060e-02 1.384437180e-01 -2.661375650e-05 3.381835040e-02 2.920640980e-04 -2.294057300e-06 1.102730190e-03
2.214841000e+00 1.157205210e-01 1.955440480e-05 3.340224120e-02 1.154334220e-01 2.184936120e-05 3.229001690e-02 2.870993130e-04 -2.294956400e-06 1.112224270e-03
2.215249000e+00 1.599591550e-01 -3.953607430e-05 3.551043860e-02 1.596708880e-01 -3.721138120e-05 3.439377010e-02 2.882677780e-04 -2.324693060e-06 1.116668490e-03
2.215657000e+00 2.014753230e-01 -2.499962870e-04 3.766806250e-02 2.011805620e-01 -2.475888870e-04 3.655246230e-02 2.947607760e-04 -2.407400160e-06 1.115600210e-03
2.216066000e+00 1.877215790e-01 -8.610576700e-05 3.711212570e-02 1.874232370e-01 -8.366509140e-05 3.599494610e-02 2.983420170e-04 -2.440675630e-06 1.117179540e-03
2.216474000e+00 1.446323370e-01 1.485250540e-04 3.590253260e-02 1.443364670e-01 1.509269890e-04 3.477770580e-02 2.958700410e-04 -2.401935320e-06 1.124826770e-03
2.216883000e+00 1.244115860e-01 -1.878550000e-05 3.458477960e-02 1.241200030e-01 -1.638740570e-05 3.345141830e-02 2.915829430e-04 -2.398094290e-06 1.133361290e-03
2.217291000e+00 1.708676750e-01 -7.651965020e-05 4.030773950e-02 1.705741710e-01 -7.410971090e-05 3.916732320e-02 2.935049050e-04 -2.409939310e-06 1.140416300e-03
2.217699000e+00 2.237115880e-01 -4.214028020e-04 4.522559250e-02 2.234107180e-01 -4.188813470e-04 4.407936400e-02 3.008695320e-04 -2.521455030e-06 1.146228430e-03
2.218108000e+00 1.944385090e-01 -1.374927860e-05 4.305976060e-02 1.941341660e-01 -1.123275740e-05 4.190700720e-02 3.043428160e-04 -2.516521210e-06 1.152753340e-03
2.218516000e+00 1.427151100e-01 2.329365750e-04 3.621491520e-02 1.424133650e-01 2.353882070e-04 3.505551940e-02 3.017449600e-04 -2.451632370e-06 1.159395780e-03
2.218924000e+00 1.468405860e-01 -6.839014480e-05 3.795128990e-02 1.465410540e-01 -6.591671870e-05 3.678456080e-02 2.995315120e-04 -2.473426040e-06 1.166729080e-03
2.219333000e+00 1.532187700e-01 3.830014110e-05 3.848302920e-02 1.529199790e-01 4.076162510e-05 3.730985030e-02 2.987911080e-04 -2.461484010e-06 1.173178810e-03
2.219741000e+00 1.431705770e-01 2.776058300e-05 3.558125530e-02 1.428733800e-01 3.021457960e-05 3.440316060e-02 2.971974900e-04 -2.453996620e-06 1.178094690e-03
2.220149000e+00 1.630284270e-01 -3.558123270e-06 3.948682920e-02 1.627312190e-01 -1.099205920e-06 3.830264790e-02 2.972088950e-04 -2.458917350e-06 1.184181230e-03
2.220558000e+00 2.148824820e-01 3.015543720e-05 4.713509220e-02 2.145793540e-01 3.260910390e-05 4.594395800e-02 3.031276080e-04 -2.453666620e-06 1.191134230e-03
2.220966000e+00 2.363597230e-01 9.598539200e-05 4.987287960e-02 2.360487340e-01 9.841468850e-05 4.867465340e-02 3.109898780e-04 -2.429296510e-06 1.198226240e-03
2.221375000e+00 1.570550030e-01 5.294859770e-05 3.986053860e-02 1.567466270e-01 5.537105320e-05 3.865620730e-02 3.083757340e-04 -2.422455470e-06 1.204331290e-03
2.221783000e+00 8.589163680e-02 -3.406080530e-06 3.041114650e-02 8.559403590e-02 -9.739631950e-07 2.920088830e-02 2.976009740e-04 -2.432117330e-06 1.210258200e-03
2.222191000e+00 1.318523420e-01 5.372088820e-05 3.602732500e-02 1.315581130e-01 5.614629580e-05 3.481155270e-02 2.942294830e-04 -2.425407650e-06 1.215772250e-03
2.222600000e+00 2.219855730e-01 8.052739590e-05 4.468660150e-02 2.216831770e-01 8.293628120e-05 4.347049640e-02 3.023961660e-04 -2.408885320e-06 1.216105050e-03
2.223008000e+00 2.252639440e-01 -1.456671560e-04 4.517785660e-02 2.249538820e-01 -1.432010580e-04 4.396281090e-02 3.100615260e-04 -2.466097850e-06 1.215045760e-03
2.223416000e+00 1.880302900e-01 -1.818984490e-05 4.509480170e-02 1.877190260e-01 -1.570651530e-05 4.387179270e-02 3.112641700e-04 -2.483329540e-06 1.223008970e-03
2.223825000e+00 1.807961570e-01 3.217229910e-05 4.777541010e-02 1.804860490e-01 3.465570370e-05 4.653876600e-02 3.101075590e-04 -2.483404670e-06 1.236644080e-03
2.224233000e+00 1.817916260e-01 -1.607145920e-06 4.754002440e-02 1.814812840e-01 8.895042920e-07 4.629336470e-02 3.103427640e-04 -2.496650210e-06 1.246659700e-03
2.224641000e+00 1.816712520e-01 -7.665923950e-05 4.430940960e-02 1.813604100e-01 -7.412274300e-05 4.305716000e-02 3.108418560e-04 -2.536496470e-06 1.252249640e-03
2.225050000e+00 1.720180000e-01 1.029955520e-04 4.427579130e-02 1.717070490e-01 1.055160700e-04 4.301636060e-02 3.109515540e-04 -2.520517260e-06 1.259430700e-03
2.225458000e+00 1.700330690e-01 1.381943280e-05 3.926702240e-02 1.697217730e-01 1.635079540e-05 3.800616080e-02 3.112966750e-04 -2.531362600e-06 1.260861540e-03
2.225867000e+00 1.674958540e-01 -2.872547370e-05 3.685219320e-02 1.671840090e-01 -2.617507810e-05 3.559611520e-02 3.118447140e-04 -2.550395630e-06 1.256077950e-03
2.226275000e+00 1.770766250e-01 -5.239770130e-05 4.257138540e-02 1.767641210e-01 -4.981548670e-05 4.131264720e-02 3.125033710e-04 -2.582214530e-06 1.258738260e-03
2.226683000e+00 1.922061570e-01 -4.963779270e-05 5.051483650e-02 1.918926880e-01 -4.702413170e-05 4.924234970e-02 3.134695250e-04 -2.613661000e-06 1.272486790e-03
2.227092000e+00 1.971849050e-01 -7.943467140e-05 5.174464420e-02 1.968703950e-01 -7.678123480e-05 5.045905380e-02 3.145095640e-04 -2.653436600e-06 1.285590320e-03
2.227500000e+00 1.916535040e-01 -1.275916680e-04 4.742000220e-02 1.913379740e-01 -1.248847580e-04 4.612837370e-02 3.155294110e-04 -2.706910430e-06 1.291628460e-03
2.227901000e+00 1.985799460e-01 -5.732826040e-05 4.584812080e-02 1.982619610e-01 -5.458819490e-05 4.455462490e-02 3.179844760e-04 -2.740065580e-06 1.293495990e-03
2.228302000e+00 1.834542610e-01 4.133971850e-05 4.637277270e-02 1.831364320e-01 4.408199710e-05 4.507412430e-02 3.178293260e-04 -2.742278570e-06 1.298648380e-03
2.228703000e+00 1.399193610e-01 -2.604667330e-05 4.104351250e-02 1.396070230e-01 -2.327687000e-05 3.973883990e-02 3.123386070e-04 -2.769803360e-06 1.304672600e-03
2.229104000e+00 1.329808980e-01 -6.987145610e-05 3.889778400e-02 1.326736680e-01 -6.706121460e-05 3.758736120e-02 3.072300150e-04 -2.810241530e-06 1.310422830e-03
2.229505000e+00 1.831302050e-01 -6.271935760e-05 4.687442850e-02 1.828218050e-01 -5.987087270e-05 4.555885080e-02 3.083997240e-04 -2.848484910e-06 1.315577780e-03
2.229906000e+00 2.286596200e-01 -5.599811190e-05 5.305245320e-02 2.283457010e-01 -5.311054760e-05 5.173331810e-02 3.139190200e-04 -2.887564220e-06 1.319135110e-03
2.230307000e+00 2.045248820e-01 -1.508537880e-04 4.942983910e-02 2.042094950e-01 -1.478943620e-04 4.810596550e-02 3.153868770e-04 -2.959426020e-06 1.323873590e-03
2.230708000e+00 1.483640930e-01 4.080235030e-06 4.103793480e-02 1.480532080e-01 7.061256380e-06 3.970878300e-02 3.108857900e-04 -2.981021350e-06 1.329151780e-03
2.231109000e+00 1.429615280e-01 -5.958283810e-05 4.154398490e-02 1.426551320e-01 -5.656182850e-05 4.020897740e-02 3.063961610e-04 -3.021009580e-06 1.335007520e-03
2.231510000e+00 1.877325910e-01 -2.886823050e-05 4.823574380e-02 1.874247440e-01 -2.581300770e-05 4.689582160e-02 3.078474560e-04 -3.055222840e-06 1.339922190e-03
2.231911000e+00 2.213885740e-01 -9.067957940e-05 5.162420520e-02 2.210761510e-01 -8.756872020e-05 5.028130080e-02 3.124226570e-04 -3.110859140e-06 1.342904450e-03
2.232312000e+00 2.075802900e-01 -1.212869480e-04 5.147211200e-02 2.072655630e-01 -1.181126550e-04 5.012461280e-02 3.147267930e-04 -3.174293410e-06 1.347499180e-03
2.232717000e+00 2.158119130e-01 3.674281600e-04 5.395037370e-02 2.154941030e-01 3.705248850e-04 5.259752650e-02 3.178100920e-04 -3.096724950e-06 1.352847260e-03
2.233123000e+00 2.344059730e-01 1.967839340e-04 5.859361150e-02 2.340829280e-01 1.998416100e-04 5.723563020e-02 3.230453420e-04 -3.057676330e-06 1.357981210e-03
2.233529000e+00 1.732806360e-01 -1.601508850e-04 4.964112260e-02 1.729616270e-01 -1.570232560e-04 4.827503200e-02 3.190086420e-04 -3.127629650e-06 1.366090610e-03
2.233934000e+00 9.107510440e-02 -1.730772310e-04 3.624239150e-02 9.076887970e-02 -1.698964950e-04 3.486620720e-02 3.062246990e-04 -3.180735990e-06 1.376184280e-03
2.234340000e+00 1.423460800e-01 -1.255064840e-05 4.439222130e-02 1.420447370e-01 -9.360748080e-06 4.300737050e-02 3.013435550e-04 -3.189900320e-06 1.384850830e-03
2.234745000e+00 2.242509050e-01 -1.787704380e-04 5.595386500e-02 2.239433480e-01 -1.755254420e-04 5.456457950e-02 3.075577510e-04 -3.244996480e-06 1.389285430e-03
2.235151000e+00 2.375633860e-01 -1.388009840e-04 5.822370310e-02 2.372496730e-01 -1.355147500e-04 5.682953430e-02 3.137128370e-04 -3.286233890e-06 1.394168800e-03
2.235556000e+00 1.899287600e-01 -2.044882610e-04 5.072794650e-02 1.896155500e-01 -2.011419570e-04 4.932933530e-02 3.132097000e-04 -3.346303720e-06 1.398611230e-03
2.235962000e+00 1.714233750e-01 1.500688980e-04 4.812552770e-02 1.711133520e-01 1.533584620e-04 4.672372060e-02 3.100229840e-04 -3.289563900e-06 1.401807120e-03
2.236373000e+00 1.708529170e-01 1.895432680e-04 4.887218730e-02 1.705445740e-01 1.927753370e-04 4.746565420e-02 3.083430530e-04 -3.232068910e-06 1.406533140e-03
2.236783000e+00 1.754425840e-01 -1.927953020e-05 4.987770400e-02 1.751354680e-01 -1.605090310e-05 4.846553740e-02 3.071161610e-04 -3.228627100e-06 1.412166640e-03
2.237194000e+00 1.850829080e-01 1.458496620e-04 5.249536380e-02 1.847765720e-01 1.490175350e-04 5.107709610e-02 3.063357920e-04 -3.167872590e-06 1.418267680e-03
2.237605000e+00 1.867173850e-01 4.932521290e-05 5.139151660e-02 1.864116850e-01 5.246964650e-05 4.996860800e-02 3.057000460e-04 -3.144433600e-06 1.422908650e-03
2.238016000e+00 1.955820700e-01 2.254447460e-05 4.927419940e-02 1.952764860e-01 2.566908380e-05 4.785047050e-02 3.055840530e-04 -3.124609250e-06 1.423728830e-03
2.238432000e+00 1.851529080e-01 2.084240530e-04 4.947572440e-02 1.848478540e-01 2.114741300e-04 4.804726380e-02 3.050540410e-04 -3.050076870e-06 1.428460600e-03
2.238848000e+00 1.988057070e-01 -7.822571500e-05 5.656580310e-02 1.985007710e-01 -7.515227050e-05 5.512560220e-02 3.049358280e-04 -3.073444450e-06 1.440200880e-03
2.239265000e+00 2.018902250e-01 -7.447369880e-05 5.980633220e-02 2.015856050e-01 -7.138933020e-05 5.835410800e-02 3.046203740e-04 -3.084368520e-06 1.452224180e-03
2.239681000e+00 1.910942230e-01 2.782367210e-04 5.355770830e-02 1.907901170e-01 2.812118770e-04 5.210078970e-02 3.041063310e-04 -2.975155530e-06 1.456918570e-03
2.240098000e+00 1.976631930e-01 -8.012937400e-05 5.247597130e-02 1.973580350e-01 -7.714068970e-05 5.101810380e-02 3.051576080e-04 -2.988684300e-06 1.457867490e-03
2.240521000e+00 1.784755920e-01 -1.611664480e-04 5.071665100e-02 1.781725820e-01 -1.581475170e-04 4.925448680e-02 3.030106600e-04 -3.018931530e-06 1.462164250e-03
2.240943000e+00 1.312610210e-01 -1.625340420e-04 4.341132870e-02 1.309657560e-01 -1.594816120e-04 4.194329680e-02 2.952650570e-04 -3.052430140e-06 1.468031910e-03
2.241366000e+00 1.509082300e-01 -1.287822720e-04 4.614041870e-02 1.506179850e-01 -1.257086550e-04 4.466729420e-02 2.902445820e-04 -3.073617000e-06 1.473124560e-03
2.241789000e+00 1.931284430e-01 -1.495362640e-04 5.286172680e-02 1.928368690e-01 -1.464333420e-04 5.138511840e-02 2.915733940e-04 -3.102922030e-06 1.476608470e-03
2.242219000e+00 1.966742740e-01 -8.084315100e-05 5.377221060e-02 1.963811570e-01 -7.772956970e-05 5.229415790e-02 2.931171140e-04 -3.113581250e-06 1.478052720e-03
2.242648000e+00 1.961634240e-01 5.280416340e-05 5.573989840e-02 1.958698590e-01 5.588042800e-05 5.425457220e-02 2.935642530e-04 -3.076264670e-06 1.485326190e-03
2.243078000e+00 2.246679120e-01 -1.196267560e-04 6.610660390e-02 2.243722890e-01 -1.165348930e-04 6.460710280e-02 2.956233380e-04 -3.091863030e-06 1.499501110e-03
2.243508000e+00 2.056543140e-01 -1.568776130e-04 6.054835450e-02 2.053590350e-01 -1.537542870e-04 5.904029640e-02 2.952785550e-04 -3.123326290e-06 1.508058090e-03
2.243937000e+00 1.491842080e-01 -6.187158310e-05 4.607833760e-02 1.488949970e-01 -5.873879440e-05 4.456866400e-02 2.892100790e-04 -3.132788770e-06 1.509673550e-03
2.244367000e+00 1.572219540e-01 -1.773721620e-04 4.773855700e-02 1.569371430e-01 -1.741938300e-04 4.622609800e-02 2.848116410e-04 -3.178331740e-06 1.512458960e-03
2.244805000e+00 1.664641690e-01 -1.681149140e-04 4.892035490e-02 1.661826120e-01 -1.648865560e-04 4.740354130e-02 2.815573900e-04 -3.228358490e-06 1.516813610e-03
2.245242000e+00 1.628324410e-01 -2.712458660e-04 4.869927940e-02 1.625542810e-01 -2.679364610e-04 4.717688090e-02 2.781597460e-04 -3.309405300e-06 1.522398570e-03
2.245680000e+00 1.592459340e-01 -1.053364290e-04 4.838891060e-02 1.589712180e-01 -1.020018670e-04 4.686243910e-02 2.747166740e-04 -3.334562060e-06 1.526471570e-03
2.246118000e+00 1.506155860e-01 1.194548160e-04 4.544743020e-02 1.503454460e-01 1.227442450e-04 4.392005170e-02 2.701406520e-04 -3.289428280e-06 1.527378520e-03
2.246555000e+00 1.710441550e-01 -3.228358640e-04 5.144422170e-02 1.707759370e-01 -3.194368040e-04 4.991191590e-02 2.682173180e-04 -3.399060340e-06 1.532305770e-03
2.247002000e+00 2.357348960e-01 -3.796001920e-05 6.638025690e-02 2.354615080e-01 -3.454261600e-05 6.483590800e-02 2.733872200e-04 -3.417403190e-06 1.544348960e-03
2.247449000e+00 2.315310110e-01 1.104508540e-05 6.701603680e-02 2.312542000e-01 1.447634650e-05 6.546076490e-02 2.768113300e-04 -3.431261170e-06 1.555271910e-03
2.247896000e+00 1.778438000e-01 -2.740265400e-05 5.205323100e-02 1.775705150e-01 -2.394292160e-05 5.049544040e-02 2.732853380e-04 -3.459732330e-06 1.557790540e-03
2.248342000e+00 1.735177290e-01 -2.526064000e-05 5.155609980e-02 1.732471650e-01 -2.176765230e-05 4.999673010e-02 2.705640680e-04 -3.492987690e-06 1.559369660e-03
2.248789000e+00 1.405145130e-01 -1.475952230e-04 4.562524160e-02 1.402509780e-01 -1.440385020e-04 4.406176330e-02 2.635357290e-04 -3.556720340e-06 1.563478360e-03
2.249236000e+00 9.334583320e-02 -5.223210150e-05 3.653773510e-02 9.309471960e-02 -4.864047670e-05 3.496812780e-02 2.511135700e-04 -3.591624780e-06 1.569607240e-03
2.249683000e+00 1.647654910e-01 -5.238571830e-05 5.277854200e-02 1.645167320e-01 -4.875710820e-05 5.120417770e-02 2.487588100e-04 -3.628610100e-06 1.574364310e-03
2.250141000e+00 2.431989900e-01 4.280593740e-05 6.723499080e-02 2.429410340e-01 4.643887810e-05 6.565913980e-02 2.579566130e-04 -3.632940660e-06 1.575850960e-03
2.250598000e+00 2.046761290e-01 -1.077844540e-05 5.901266550e-02 2.044165060e-01 -7.123250400e-06 5.743278000e-02 2.596235630e-04 -3.655195000e-06 1.579885480e-03
2.251056000e+00 1.363377600e-01 5.907052190e-05 4.989771360e-02 1.360884760e-01 6.272430850e-05 4.830451060e-02 2.492833410e-04 -3.653786620e-06 1.593203010e-03
2.251514000e+00 1.447933730e-01 -8.479557990e-05 5.215086660e-02 1.445517590e-01 -8.109328860e-05 5.054575630e-02 2.416135890e-04 -3.702291290e-06 1.605110220e-03
2.251972000e+00 1.118557950e-01 -8.336044300e-05 3.732833340e-02 1.116223320e-01 -7.960395920e-05 3.572701710e-02 2.334627320e-04 -3.756483770e-06 1.601316280e-03
2.252430000e+00 1.006606580e-01 4.146796590e-05 3.248700700e-02 1.004365080e-01 4.523704310e-05 3.089236350e-02 2.241497730e-04 -3.769077190e-06 1.594643510e-03
2.252902000e+00 2.313473990e-01 1.202481260e-04 6.680123120e-02 2.311175510e-01 1.240108860e-04 6.519783010e-02 2.298484530e-04 -3.762760040e-06 1.603401140e-03
2.253374000e+00 2.945671850e-01 2.019387980e-05 8.550070210e-02 2.943244330e-01 2.397581610e-05 8.388167450e-02 2.427520730e-04 -3.781936270e-06 1.619027570e-03
2.253831000e+00 1.586114150e-01 1.066740510e-04 5.259797080e-02 1.583761940e-01 1.104593440e-04 5.097334630e-02 2.352212110e-04 -3.785292530e-06 1.624624560e-03
2.254303000e+00 5.048028290e-02 7.907570550e-06 2.652705670e-02 5.026543300e-02 1.172725890e-05 2.490240380e-02 2.148499060e-04 -3.819688340e-06 1.624652850e-03
2.254775000e+00 1.332168000e-01 1.649900150e-04 4.690723020e-02 1.330078310e-01 1.687875910e-04 4.527765930e-02 2.089686630e-04 -3.797575770e-06 1.629570890e-03
2.255248000e+00 2.008498760e-01 8.106891780e-05 6.050686480e-02 2.006369060e-01 8.487692610e-05 5.887210750e-02 2.129700250e-04 -3.808008300e-06 1.634757330e-03
2.255720000e+00 1.897948200e-01 1.277033510e-04 5.959212570e-02 1.895819310e-01 1.315037860e-04 5.795158980e-02 2.128888320e-04 -3.800434860e-06 1.640535910e-03
2.256192000e+00 2.100483760e-01 9.260293720e-05 6.716276430e-02 2.098340260e-01 9.641143370e-05 6.551141320e-02 2.143504480e-04 -3.808496480e-06 1.651351030e-03
2.256665000e+00 1.896458180e-01 1.427290810e-04 6.215509420e-02 1.894329680e-01 1.465242550e-04 6.049561150e-02 2.128506410e-04 -3.795173810e-06 1.659482720e-03
2.257137000e+00 7.484577110e-02 9.644487730e-05 3.128392660e-02 7.464833970e-02 1.002425030e-04 2.962757820e-02 1.974314320e-04 -3.797625780e-06 1.656348420e-03
2.257609000e+00 8.133844700e-02 1.474254570e-05 3.299153800e-02 8.115330890e-02 1.857543700e-05 3.133642450e-02 1.851380860e-04 -3.832891280e-06 1.655113510e-03
2.258082000e+00 1.573559490e-01 2.417760610e-04 5.437343260e-02 1.571746070e-01 2.455620190e-04 5.270795000e-02 1.813412690e-04 -3.785958000e-06 1.665482640e-03
2.258554000e+00 1.664055100e-01 -1.597120480e-04 5.862490590e-02 1.662286090e-01 -1.558170710e-04 5.694804180e-02 1.769007670e-04 -3.894976640e-06 1.676864140e-03
2.259026000e+00 1.886911170e-01 2.330638850e-05 5.944839720e-02 1.885123150e-01 2.723157280e-05 5.777164070e-02 1.788011170e-04 -3.925184330e-06 1.676756520e-03
2.259499000e+00 2.136871880e-01 -8.255091640e-05 6.319265200e-02 2.135030710e-01 -7.855202880e-05 6.151940080e-02 1.841168230e-04 -3.998887600e-06 1.673251140e-03
2.259971000e+00 1.420415070e-01 4.121908350e-05 5.300191100e-02 1.418659510e-01 4.524476130e-05 5.132080370e-02 1.755559690e-04 -4.025677820e-06 1.681107360e-03
2.260443000e+00 1.156776780e-01 7.918002840e-06 4.769537590e-02 1.155145370e-01 1.197289390e-05 4.600302720e-02 1.631412720e-04 -4.054891050e-06 1.692348720e-03
2.260915000e+00 1.154218440e-01 9.091658600e-05 4.434433210e-02 1.152679570e-01 9.496307690e-05 4.264603600e-02 1.538865650e-04 -4.046490890e-06 1.698296120e-03
2.261421000e+00 1.136510750e-01 5.128732600e-05 4.537703760e-02 1.135084840e-01 5.534049270e-05 4.367113900e-02 1.425908350e-04 -4.053166650e-06 1.705898640e-03
2.261928000e+00 1.396226980e-01 -4.214381720e-05 4.996640060e-02 1.394831690e-01 -3.804493480e-05 4.825829180e-02 1.395285110e-04 -4.098882450e-06 1.708108750e-03
2.262434000e+00 2.098009820e-01 -9.412339160e-05 6.280102450e-02 2.096528330e-01 -8.994681730e-05 6.110078280e-02 1.481489260e-04 -4.176574250e-06 1.700241710e-03
2.262940000e+00 1.561040680e-01 -1.013321180e-04 5.542722970e-02 1.559603090e-01 -9.706339610e-05 5.372155050e-02 1.437587350e-04 -4.268722360e-06 1.705679150e-03
2.263446000e+00 1.192869350e-01 6.246509990e-05 5.267064480e-02 1.191559180e-01 6.676475650e-05 5.094541080e-02 1.310171200e-04 -4.299656580e-06 1.725234040e-03
2.263952000e+00 1.183181110e-01 8.981195300e-05 4.586712680e-02 1.181962900e-01 9.413796030e-05 4.413769880e-02 1.218204040e-04 -4.326007250e-06 1.729428030e-03
2.264458000e+00 1.053854340e-01 1.173399410e-04 3.638629250e-02 1.052721410e-01 1.216832550e-04 3.466562960e-02 1.132937890e-04 -4.343313710e-06 1.720662930e-03
2.264964000e+00 1.159347100e-01 1.219213360e-04 4.346489620e-02 1.158293420e-01 1.262868880e-04 4.174211380e-02 1.053671080e-04 -4.365551990e-06 1.722782390e-03
2.265470000e+00 1.114605840e-01 3.534427840e-05 4.723851720e-02 1.113645490e-01 3.976937810e-05 4.550576890e-02 9.603523610e-05 -4.425099690e-06 1.732748250e-03
2.265976000e+00 1.377141960e-01 2.010913770e-04 5.257671960e-02 1.376225030e-01 2.055106430e-04 5.083859320e-02 9.169285740e-05 -4.419265250e-06 1.738126460e-03
2.266482000e+00 1.659254630e-01 3.056239200e-04 5.720886910e-02 1.658325760e-01 3.099955090e-04 5.546913020e-02 9.288622820e-05 -4.371589080e-06 1.739738900e-03
2.266988000e+00 1.363365410e-01 8.069505510e-05 5.300718220e-02 1.362491550e-01 8.511090860e-05 5.126210520e-02 8.738547550e-05 -4.415853520e-06 1.745076940e-03
2.267494000e+00 1.196312020e-01 1.299088290e-04 5.166320910e-02 1.195532850e-01 1.343485970e-04 4.990791880e-02 7.791748600e-05 -4.439767690e-06 1.755290310e-03
2.268000000e+00 1.209353860e-01 2.276639170e-05 4.842418650e-02 1.208646830e-01 2.726991160e-05 4.666643650e-02 7.070348720e-05 -4.503519870e-06 1.757750010e-03
2.268513000e+00 1.110559970e-01 1.610465280e-04 4.430250760e-02 1.109922170e-01 1.655677850e-04 4.255018380e-02 6.377986670e-05 -4.521256880e-06 1.752323780e-03
2.269025000e+00 1.115087990e-01 1.842180030e-04 4.399762100e-02 1.114518670e-01 1.887455390e-04 4.224276920e-02 5.693221100e-05 -4.527535780e-06 1.754851760e-03
2.269545000e+00 1.493828950e-01 1.292293540e-04 5.914539920e-02 1.493300300e-01 1.337833620e-04 5.737994590e-02 5.286510060e-05 -4.554008010e-06 1.765453230e-03
2.270064000e+00 1.119958440e-01 6.278937910e-05 4.748037430e-02 1.119524490e-01 6.740139780e-05 4.570939910e-02 4.339520170e-05 -4.612018650e-06 1.770975160e-03
2.270584000e+00 7.824200590e-02 4.564633790e-05 3.886162930e-02 7.821308530e-02 5.032157850e-05 3.708611470e-02 2.892060540e-05 -4.675240570e-06 1.775514650e-03
2.271103000e+00 1.039098540e-01 1.948985630e-04 4.479296480e-02 1.038879030e-01 1.995747090e-04 4.301469100e-02 2.195137820e-05 -4.676145470e-06 1.778273840e-03
2.271630000e+00 1.180244930e-01 1.123412580e-04 4.793022200e-02 1.180065560e-01 1.170521750e-04 4.615139120e-02 1.793685300e-05 -4.710917750e-06 1.778830800e-03
2.272156000e+00 1.243300070e-01 2.160495610e-04 5.303025340e-02 1.243171190e-01 2.207572140e-04 5.124633710e-02 1.288857520e-05 -4.707653290e-06 1.783916250e-03
2.272683000e+00 1.289000730e-01 2.038468780e-05 5.739720230e-02 1.288922420e-01 2.516315380e-05 5.560558300e-02 7.831803460e-06 -4.778466050e-06 1.791619370e-03
2.273210000e+00 1.138879210e-01 4.074015540e-05 4.933172990e-02 1.138852220e-01 4.557457380e-05 4.753756390e-02 2.698542410e-06 -4.834418420e-06 1.794166030e-03
2.273737000e+00 1.340150330e-01 1.434820550e-04 5.477415050e-02 1.340147570e-01 1.483354970e-04 5.297855910e-02 2.761490780e-07 -4.853441690e-06 1.795591370e-03
2.274263000e+00 4.641280580e-02 1.397191970e-04 3.193720500e-02 4.643050310e-02 1.445913980e-04 3.013585070e-02 -1.769723220e-05 -4.872201880e-06 1.801354330e-03
2.274790000e+00 2.967179710e-02 2.540383570e-04 2.838869660e-02 2.971012960e-02 2.588885950e-04 2.657952120e-02 -3.833257420e-05 -4.850237630e-06 1.809175470e-03
2.275317000e+00 1.577424100e-01 -1.000233180e-05 5.981339610e-02 1.577748430e-01 -5.072629000e-06 5.800788950e-02 -3.243342280e-05 -4.929702790e-06 1.805506640e-03
2.275843000e+00 1.700956420e-01 6.606104890e-05 6.325516750e-02 1.701211950e-01 7.103581890e-05 6.145442730e-02 -2.555375210e-05 -4.974769980e-06 1.800740220e-03
2.276370000e+00 3.782038090e-02 9.732327820e-05 3.030152560e-02 3.786548490e-02 1.023303350e-04 2.849422780e-02 -4.510402640e-05 -5.007056910e-06 1.807297740e-03
2.276897000e+00 4.176634520e-02 7.406685500e-05 3.508034360e-02 4.182894730e-02 7.910756000e-05 3.326480410e-02 -6.260205780e-05 -5.040705000e-06 1.815539520e-03
2.277424000e+00 9.388636030e-02 1.006460480e-04 5.009145020e-02 9.395671700e-02 1.057146870e-04 4.826397080e-02 -7.035665640e-05 -5.068639150e-06 1.827479390e-03
2.277942000e+00 9.632826310e-02 8.100128860e-05 5.050212110e-02 9.640610690e-02 8.610468090e-05 4.866518670e-02 -7.784379350e-05 -5.103392370e-06 1.836934470e-03
2.278459000e+00 1.182672100e-01 2.462657860e-04 4.999990570e-02 1.183450590e-01 2.513389880e-04 4.817170990e-02 -7.784921430e-05 -5.073202190e-06 1.828195800e-03
2.278977000e+00 9.578337490e-02 1.709432030e-04 4.449984930e-02 9.586433000e-02 1.760220560e-04 4.267634590e-02 -8.095510150e-05 -5.078853480e-06 1.823503400e-03
2.279495000e+00 9.823533790e-02 1.867574890e-04 4.942728700e-02 9.832431390e-02 1.918372310e-04 4.759726250e-02 -8.897607800e-05 -5.079742280e-06 1.830024480e-03
2.280013000e+00 8.589906650e-02 3.876212600e-04 4.658764730e-02 8.599671520e-02 3.926178420e-04 4.475306840e-02 -9.764875420e-05 -4.996582320e-06 1.834578870e-03
2.280531000e+00 3.268807840e-02 -1.108936990e-05 2.985424030e-02 3.280185290e-02 -6.014343690e-06 2.801901170e-02 -1.137745110e-04 -5.075026190e-06 1.835228550e-03
2.281049000e+00 4.720752400e-02 1.691556150e-04 3.678635180e-02 4.733324940e-02 1.742404590e-04 3.494776140e-02 -1.257254070e-04 -5.084843450e-06 1.838590420e-03
2.281567000e+00 9.871967750e-02 1.686149240e-04 5.267590430e-02 9.884960310e-02 1.737024990e-04 5.083026560e-02 -1.299256410e-04 -5.087574900e-06 1.845638700e-03
2.282075000e+00 1.012389750e-01 1.946301330e-04 5.394588290e-02 1.013744740e-01 1.997111410e-04 5.209503930e-02 -1.354989980e-04 -5.081008960e-06 1.850843590e-03
2.282583000e+00 8.642896960e-02 1.799280120e-04 4.767665240e-02 8.657039510e-02 1.850126390e-04 4.582476510e-02 -1.414254790e-04 -5.084626950e-06 1.851887290e-03
2.283092000e+00 8.769708060e-02 3.473348380e-04 4.894008540e-02 8.784443930e-02 3.523533310e-04 4.708481550e-02 -1.473586860e-04 -5.018492980e-06 1.855269880e-03
2.283600000e+00 1.015530280e-01 3.121721520e-04 5.338407210e-02 1.017048130e-01 3.171290730e-04 5.152122410e-02 -1.517851920e-04 -4.956920280e-06 1.862848040e-03
2.284108000e+00 7.784423100e-02 4.226001590e-05 4.660471020e-02 7.800353430e-02 4.726094070e-05 4.473859160e-02 -1.593032720e-04 -5.000924860e-06 1.866118640e-03
2.284616000e+00 1.425300930e-02 7.758166470e-05 2.497038450e-02 1.442700120e-02 8.261612810e-05 2.311075970e-02 -1.739918850e-04 -5.034463420e-06 1.859624780e-03
2.285124000e+00 4.775487130e-02 9.274740380e-05 3.852799490e-02 4.793840930e-02 9.781261140e-05 3.666763190e-02 -1.835379500e-04 -5.065207560e-06 1.860362950e-03
2.285632000e+00 1.052049170e-01 2.946953330e-04 5.967798580e-02 1.053906110e-01 2.997137980e-04 5.780646470e-02 -1.856935930e-04 -5.018465170e-06 1.871521090e-03
2.286141000e+00 6.831639430e-02 1.311014210e-04 4.471633950e-02 6.850923800e-02 1.361411460e-04 4.284105360e-02 -1.928436630e-04 -5.039724480e-06 1.875285960e-03
2.286649000e+00 1.212555880e-02 2.804103160e-04 2.415501370e-02 1.233222430e-02 2.854080990e-04 2.228508480e-02 -2.066655670e-04 -4.997783320e-06 1.869928890e-03
2.287157000e+00 5.035118830e-02 1.346995280e-04 3.796564360e-02 5.056605150e-02 1.397059060e-04 3.609630960e-02 -2.148631800e-04 -5.006378500e-06 1.869333980e-03
2.287665000e+00 9.784311640e-02 6.505097960e-05 5.422330220e-02 9.805901950e-02 7.009532710e-05 5.235166640e-02 -2.159031260e-04 -5.044347550e-06 1.871635770e-03
2.288173000e+00 7.116403330e-02 4.743050310e-05 4.396321990e-02 7.138563460e-02 5.251580130e-05 4.209010360e-02 -2.216013000e-04 -5.085298150e-06 1.873116370e-03
2.288681000e+00 3.570493190e-02 4.293405910e-05 3.878434020e-02 3.593837700e-02 4.805941940e-05 3.690526630e-02 -2.334450860e-04 -5.125360380e-06 1.879073870e-03
2.289190000e+00 4.639166860e-02 5.023895270e-05 4.190370890e-02 4.663476570e-02 5.539664410e-05 4.002009880e-02 -2.430970350e-04 -5.157691390e-06 1.883610120e-03
2.289698000e+00 3.532422230e-02 7.442965440e-05 3.735813440e-02 3.557744230e-02 7.960808550e-05 3.547183420e-02 -2.532200190e-04 -5.178431090e-06 1.886300210e-03
2.290206000e+00 2.659151200e-02 3.297716610e-04 3.246537370e-02 2.685439570e-02 3.348812450e-04 3.057816580e-02 -2.628837520e-04 -5.109583110e-06 1.887207850e-03
2.290714000e+00 2.169634640e-02 7.013934830e-05 3.017868200e-02 2.196926340e-02 7.527059530e-05 2.829388230e-02 -2.729169610e-04 -5.131247000e-06 1.884799640e-03
2.291222000e+00 4.644312000e-02 1.756106610e-04 4.027744980e-02 4.672276440e-02 1.807207430e-04 3.839164530e-02 -2.796444220e-04 -5.110081590e-06 1.885804480e-03
2.291730000e+00 1.164850890e-01 1.651667400e-04 6.634742600e-02 1.167627710e-01 1.702567190e-04 6.445490050e-02 -2.776827210e-04 -5.089978310e-06 1.892525480e-03
2.292239000e+00 4.813228120e-02 2.420704340e-04 4.208810630e-02 4.841759180e-02 2.471066370e-04 4.019539100e-02 -2.853106260e-04 -5.036202510e-06 1.892715320e-03
2.292747000e+00 -6.011383840e-02 1.972809600e-04 1.610988110e-03 -5.980726730e-02 2.022842890e-04 -2.702428870e-04 -3.065711580e-04 -5.003328590e-06 1.881230990e-03
2.293255000e+00 1.508832820e-02 2.209479460e-04 3.057511970e-02 1.540443420e-02 2.259107950e-04 2.869352910e-02 -3.161060100e-04 -4.962848930e-06 1.881590600e-03
2.293763000e+00 1.267795140e-01 2.323279340e-04 7.483897110e-02 1.270913150e-01 2.372404460e-04 7.293987190e-02 -3.118013790e-04 -4.912512170e-06 1.899099180e-03
2.294271000e+00 5.713131580e-02 2.049187380e-04 4.774460890e-02 5.745018000e-02 2.097900790e-04 4.584127530e-02 -3.188642590e-04 -4.871340660e-06 1.903333670e-03
2.294779000e+00 -7.610477010e-02 3.154641620e-04 -4.747115440e-03 -7.576429720e-02 3.202629730e-04 -6.638000900e-03 -3.404729080e-04 -4.798810820e-06 1.890885460e-03
2.295288000e+00 1.236669930e-02 2.274862390e-04 3.065485590e-02 1.271613390e-02 2.322414440e-04 2.876476690e-02 -3.494346540e-04 -4.755205080e-06 1.890089000e-03
2.295796000e+00 1.270537310e-01 1.755995790e-04 7.373891680e-02 1.273979280e-01 1.803260600e-04 7.183883190e-02 -3.441967090e-04 -4.726480260e-06 1.900084870e-03
2.296304000e+00 3.497563770e-02 1.882252670e-04 4.209819140e-02 3.532750330e-02 1.929253900e-04 4.019646610e-02 -3.518656160e-04 -4.700122720e-06 1.901725390e-03
2.296812000e+00 -4.844695060e-02 1.629083610e-04 8.598787530e-03 -4.807627880e-02 1.675896120e-04 6.705974630e-03 -3.706718270e-04 -4.681250980e-06 1.892812900e-03
2.297320000e+00 7.163529990e-04 -2.206998680e-04 2.805645590e-02 1.097797310e-03 -2.158830610e-04 2.616357600e-02 -3.814443130e-04 -4.816806970e-06 1.892879870e-03
2.297828000e+00 5.389180480e-02 1.080915600e-04 5.296738010e-02 5.427906620e-02 1.129095230e-04 5.106207830e-02 -3.872614160e-04 -4.817962600e-06 1.905301760e-03
2.298337000e+00 1.981275820e-02 1.691645390e-04 3.430014830e-02 2.020777560e-02 1.739626260e-04 3.239567820e-02 -3.950174520e-04 -4.798087090e-06 1.904470130e-03
2.298845000e+00 -3.345547340e-03 1.138437190e-04 1.854120680e-02 -2.944751090e-03 1.186445940e-04 1.665422240e-02 -4.007962490e-04 -4.800875250e-06 1.886984410e-03
2.299381000e+00 1.473164290e-02 1.448125320e-04 3.176956790e-02 1.514174160e-02 1.496057550e-04 2.988474060e-02 -4.100987490e-04 -4.793223670e-06 1.884827290e-03
2.299918000e+00 -2.180208590e-02 3.603633610e-05 2.954353100e-02 -2.137252010e-02 4.086968410e-05 2.764419620e-02 -4.295657430e-04 -4.833348010e-06 1.899334810e-03
2.300454000e+00 2.421700210e-02 9.652651120e-05 4.017569990e-02 2.465264060e-02 1.013818010e-04 3.827436870e-02 -4.356384780e-04 -4.855289430e-06 1.901331280e-03
2.300990000e+00 7.712124540e-02 2.170045630e-04 5.343767030e-02 7.755118680e-02 2.218222200e-04 5.154229860e-02 -4.299413700e-04 -4.817656430e-06 1.895371700e-03
2.301527000e+00 -2.192260670e-03 2.512017530e-04 2.757028810e-02 -1.750372260e-03 2.559506220e-04 2.567544340e-02 -4.418884110e-04 -4.748869030e-06 1.894844660e-03
2.302063000e+00 -3.333038680e-02 -1.282042660e-05 2.003236210e-02 -3.287089750e-02 -8.024517170e-06 1.813469330e-02 -4.594893350e-04 -4.795909420e-06 1.897668770e-03
2.302600000e+00 -3.147401510e-02 1.276811290e-04 1.850734750e-02 -3.100064550e-02 1.324689760e-04 1.661108850e-02 -4.733695480e-04 -4.787847050e-06 1.896259050e-03
2.303136000e+00 -2.990685950e-02 2.079688730e-04 2.062207490e-02 -2.941906570e-02 2.127158350e-04 1.872682530e-02 -4.877937860e-04 -4.746961180e-06 1.895249660e-03
2.303672000e+00 5.626739780e-02 6.941652640e-06 4.834923860e-02 5.675363890e-02 1.173712390e-05 4.645805040e-02 -4.862411170e-04 -4.795471240e-06 1.891188240e-03
2.304209000e+00 5.348636280e-02 8.906198830e-05 4.677424220e-02 5.397113660e-02 9.386396900e-05 4.488782800e-02 -4.847738580e-04 -4.801980670e-06 1.886414270e-03
2.304745000e+00 -2.444569570e-02 1.078096090e-04 2.166376530e-02 -2.394589380e-02 1.126209420e-04 1.977794930e-02 -4.998018750e-04 -4.811332880e-06 1.885815990e-03
2.305282000e+00 -4.251066950e-02 1.541037610e-04 1.333306550e-02 -4.199646030e-02 1.588972950e-04 1.144875760e-02 -5.142091480e-04 -4.793534190e-06 1.884307950e-03
2.305818000e+00 -5.033886200e-02 4.313374650e-05 1.200319490e-02 -4.980895200e-02 4.794760850e-05 1.012281140e-02 -5.299100450e-04 -4.813862050e-06 1.880383460e-03
2.306354000e+00 -3.066140150e-02 4.733584740e-05 2.183036150e-02 -3.011996430e-02 5.216377650e-05 1.995162130e-02 -5.414372210e-04 -4.827929090e-06 1.878740160e-03
2.306891000e+00 7.996105600e-02 1.278074580e-04 6.135488210e-02 8.049455860e-02 1.326124470e-04 5.947469020e-02 -5.335026710e-04 -4.804989320e-06 1.880191880e-03
2.307427000e+00 2.423873800e-02 1.297265000e-04 3.941845260e-02 2.477751700e-02 1.345123770e-04 3.753948530e-02 -5.387790110e-04 -4.785876470e-06 1.878967280e-03
2.307964000e+00 -1.303371950e-01 2.970625720e-04 -1.660112110e-02 -1.297676240e-01 3.017635370e-04 -1.847737360e-02 -5.695718610e-04 -4.700965120e-06 1.876252460e-03
2.308500000e+00 -5.588710150e-02 3.626953170e-04 7.855301830e-03 -5.530657900e-02 3.672787850e-04 5.983268710e-03 -5.805225530e-04 -4.583467340e-06 1.872033120e-03
2.309063000e+00 7.205591920e-02 4.386404790e-05 5.582567370e-02 7.262639770e-02 4.846522430e-05 5.396074260e-02 -5.704785070e-04 -4.601176390e-06 1.864931090e-03
2.309625000e+00 -1.502310950e-02 2.264608140e-04 2.583783350e-02 -1.444262260e-02 2.310054340e-04 2.397571560e-02 -5.804869890e-04 -4.544620650e-06 1.862117850e-03
2.310196000e+00 -5.594476360e-02 6.375399800e-05 1.369353090e-02 -5.534651190e-02 6.831417440e-05 1.183198930e-02 -5.982517260e-04 -4.560176400e-06 1.861541600e-03
2.310766000e+00 -2.718875850e-02 1.187212460e-04 2.457878270e-02 -2.657790060e-02 1.232762640e-04 2.271437280e-02 -6.108578950e-04 -4.555017770e-06 1.864409850e-03
2.311337000e+00 -3.067858320e-02 1.770069140e-04 2.285961050e-02 -3.005542630e-02 1.815266100e-04 2.099229920e-02 -6.231568180e-04 -4.519696150e-06 1.867311290e-03
2.311916000e+00 -5.497848480e-02 1.546052580e-04 4.614820190e-03 -5.434800090e-02 1.591049650e-04 2.766425820e-03 -6.304839350e-04 -4.499706890e-06 1.848394370e-03
2.312496000e+00 -3.830215480e-02 1.399739100e-04 1.454822980e-02 -3.766462350e-02 1.444690040e-04 1.271076320e-02 -6.375313270e-04 -4.495093750e-06 1.837466610e-03
2.313085000e+00 1.216279720e-02 1.225598770e-04 4.193659690e-02 1.280401480e-02 1.270551520e-04 4.009078230e-02 -6.412176740e-04 -4.495274960e-06 1.845814550e-03
2.313673000e+00 -3.460279970e-02 -5.729095960e-06 2.025601980e-02 -3.395017000e-02 -1.170383380e-06 1.841299100e-02 -6.526297650e-04 -4.558712580e-06 1.843028860e-03
2.314262000e+00 -8.803051640e-02 1.287297230e-04 -9.052393640e-04 -8.735960010e-02 1.332919480e-04 -2.740700140e-03 -6.709162950e-04 -4.562225260e-06 1.835460780e-03
2.314861000e+00 -4.832209090e-02 3.233478590e-04 9.405491970e-03 -4.764543740e-02 3.278233870e-04 7.581789020e-03 -6.766534950e-04 -4.475527750e-06 1.823702950e-03
2.315460000e+00 -3.488658960e-02 2.897176670e-04 1.608477980e-02 -3.420452660e-02 2.941278700e-04 1.427135740e-02 -6.820629650e-04 -4.410202830e-06 1.813422390e-03
2.316059000e+00 -6.836781600e-02 2.972145190e-04 1.046885590e-02 -6.766820320e-02 3.015543600e-04 8.650857090e-03 -6.996127900e-04 -4.339841340e-06 1.817998840e-03
2.316658000e+00 -5.180091910e-02 1.184000040e-04 1.492354410e-02 -5.109066770e-02 1.227532270e-04 1.310848460e-02 -7.102513450e-04 -4.353222700e-06 1.815059500e-03
2.317257000e+00 -2.790368920e-02 5.985138700e-05 2.090520980e-02 -2.719041200e-02 6.424150210e-05 1.910215800e-02 -7.132772090e-04 -4.390115070e-06 1.803051890e-03
2.317856000e+00 -5.205528580e-02 1.015265780e-04 1.062864550e-02 -5.133468870e-02 1.059201290e-04 8.832662400e-03 -7.205971020e-04 -4.393550760e-06 1.795983100e-03
2.318455000e+00 -4.525811330e-02 2.514332290e-04 1.624004060e-02 -4.452988470e-02 2.557604300e-04 1.444907520e-02 -7.282286550e-04 -4.327201440e-06 1.790965460e-03
2.319042000e+00 -3.038868920e-02 4.544082610e-05 2.441229250e-02 -2.965586950e-02 4.979679580e-05 2.262161690e-02 -7.328197550e-04 -4.355969730e-06 1.790675690e-03
2.319629000e+00 -4.763992540e-02 4.622292200e-05 1.519165730e-02 -4.689892160e-02 5.061050200e-05 1.340637050e-02 -7.410038660e-04 -4.387579970e-06 1.785286850e-03
2.320217000e+00 -1.196810310e-01 1.316311890e-04 -1.340242750e-02 -1.189211530e-01 1.360010480e-04 -1.517594080e-02 -7.598783130e-04 -4.369858970e-06 1.773513290e-03
2.320804000e+00 -8.920183490e-02 2.322913070e-05 -4.979422470e-03 -8.843398100e-02 2.763396890e-05 -6.738473530e-03 -7.678538190e-04 -4.404838200e-06 1.759051060e-03
2.321392000e+00 -6.446764330e-02 6.661218310e-05 2.336095470e-03 -6.369675080e-02 7.102846710e-05 5.949435140e-04 -7.708924750e-04 -4.416283990e-06 1.741151960e-03
2.321979000e+00 -4.340396680e-02 2.354810730e-04 2.038578770e-02 -4.262685210e-02 2.398308440e-04 1.863996610e-02 -7.771146340e-04 -4.349770270e-06 1.745821560e-03
2.322567000e+00 -4.266567720e-02 1.616648240e-04 2.287888710e-02 -4.188100930e-02 1.659898110e-04 2.112973790e-02 -7.846678150e-04 -4.324986620e-06 1.749149150e-03
2.323154000e+00 -1.280763050e-01 1.215176390e-04 -2.065691750e-02 -1.272754380e-01 1.258387730e-04 -2.238754670e-02 -8.008671840e-04 -4.321134600e-06 1.730629220e-03
2.323728000e+00 -8.697045360e-02 -1.371818710e-04 -2.510151060e-03 -8.616341500e-02 -1.327485240e-04 -4.228682250e-03 -8.070386160e-04 -4.433346930e-06 1.718531190e-03
2.324303000e+00 -2.221560250e-02 6.185780730e-05 2.613302050e-02 -2.141398210e-02 6.630867810e-05 2.442277870e-02 -8.016203780e-04 -4.450870830e-06 1.710241770e-03
2.324877000e+00 -7.695181110e-02 1.390568070e-04 2.007641780e-03 -7.614096950e-02 1.434787990e-04 3.052700780e-04 -8.108416020e-04 -4.421992250e-06 1.702371710e-03
2.325451000e+00 -1.206561350e-01 3.356813250e-04 -1.375853640e-02 -1.198304180e-01 3.399863570e-04 -1.545512810e-02 -8.257166860e-04 -4.305031630e-06 1.696591680e-03
2.326012000e+00 -8.538804100e-02 4.893087850e-04 -5.845188300e-04 -8.455578300e-02 4.934355060e-04 -2.272233630e-03 -8.322579750e-04 -4.126721160e-06 1.687714800e-03
2.326559000e+00 -8.193256630e-02 1.077853710e-04 1.257577760e-03 -8.109515910e-02 1.119013810e-04 -4.213455450e-04 -8.374072400e-04 -4.116009780e-06 1.678923300e-03
2.327107000e+00 -3.892905480e-02 1.625381100e-04 1.692029230e-02 -3.809738670e-02 1.666143390e-04 1.525402900e-02 -8.316681150e-04 -4.076228770e-06 1.666263330e-03
2.327654000e+00 -6.975784730e-02 1.648179570e-04 3.075248020e-03 -6.892473240e-02 1.688487550e-04 1.420838490e-03 -8.331149370e-04 -4.030797910e-06 1.654409530e-03
2.328188000e+00 -1.468097210e-01 2.782580100e-04 -2.552242420e-02 -1.459583100e-01 2.821982680e-04 -2.716903360e-02 -8.514110240e-04 -3.940258210e-06 1.646609420e-03
2.328721000e+00 -1.158352930e-01 1.464475520e-04 -1.158433820e-02 -1.149744940e-01 1.503465150e-04 -1.322473620e-02 -8.607986850e-04 -3.898962810e-06 1.640397990e-03
2.329255000e+00 -4.955423120e-02 2.808530320e-05 1.851510330e-02 -4.869178180e-02 3.198969450e-05 1.687645210e-02 -8.624494470e-04 -3.904391300e-06 1.638651180e-03
2.329775000e+00 -7.840805130e-02 2.390764990e-04 2.630874860e-03 -7.754389330e-02 2.429035990e-04 1.001217980e-03 -8.641579950e-04 -3.827100380e-06 1.629656880e-03
2.330294000e+00 -6.168661440e-02 4.814193160e-05 8.000478330e-03 -6.082478770e-02 5.196080330e-05 6.384212610e-03 -8.618266980e-04 -3.818871720e-06 1.616265710e-03
2.330814000e+00 -9.109660260e-02 6.309234640e-05 -5.007543830e-03 -9.023206310e-02 6.688716230e-05 -6.609289750e-03 -8.645394750e-04 -3.794815930e-06 1.601745920e-03
2.331333000e+00 -1.356125020e-01 9.093434790e-05 -2.846116680e-02 -1.347423370e-01 9.469038690e-05 -3.004293290e-02 -8.701652330e-04 -3.756038950e-06 1.581766150e-03
2.331838000e+00 -1.031442430e-01 4.250470540e-05 -8.761717250e-03 -1.022692290e-01 4.623343540e-05 -1.033434490e-02 -8.750147390e-04 -3.728730000e-06 1.572627680e-03
2.332343000e+00 -9.654900910e-02 -5.301662650e-05 -3.929407280e-03 -9.566681930e-02 -4.927597100e-05 -5.499205310e-03 -8.821897920e-04 -3.740655550e-06 1.569798020e-03
2.332848000e+00 -7.875440930e-02 -1.312253490e-05 2.121411180e-03 -7.787186890e-02 -9.386878810e-06 5.595583650e-04 -8.825403600e-04 -3.735656060e-06 1.561852820e-03
2.333352000e+00 -5.316482540e-02 -6.668097900e-07 1.141697220e-02 -5.228785520e-02 3.064706700e-06 9.866275460e-03 -8.769701550e-04 -3.731516490e-06 1.550696740e-03
2.333857000e+00 -8.425735020e-02 1.173963700e-04 6.859967600e-04 -8.337675510e-02 1.210826390e-04 -8.576419270e-04 -8.805950630e-04 -3.686268850e-06 1.543638690e-03
2.334362000e+00 -1.179893780e-01 9.100692370e-05 -1.121874340e-02 -1.170982130e-01 9.465078880e-05 -1.276116980e-02 -8.911644930e-04 -3.643865180e-06 1.542426410e-03
2.334850000e+00 -1.128452640e-01 -1.162675540e-04 -1.724068060e-02 -1.119527380e-01 -1.125930560e-04 -1.876783760e-02 -8.925258410e-04 -3.674497590e-06 1.527157000e-03
2.335338000e+00 -9.153096530e-02 -6.182186990e-05 -1.322163960e-02 -9.064427690e-02 -5.813343850e-05 -1.472155190e-02 -8.866884110e-04 -3.688431410e-06 1.499912290e-03
2.335826000e+00 -1.004618890e-01 2.950647030e-04 -9.992849920e-03 -9.957291340e-02 2.986206520e-04 -1.148133010e-02 -8.889755520e-04 -3.555949160e-06 1.488480170e-03
2.336314000e+00 -1.171874950e-01 6.383375450e-05 -1.230835730e-02 -1.162887970e-01 6.733847380e-05 -1.379807270e-02 -8.986988850e-04 -3.504719360e-06 1.489715470e-03
2.336802000e+00 -1.037268440e-01 -1.986573270e-05 -9.989144580e-03 -1.028258860e-01 -1.637386590e-05 -1.146999980e-02 -9.009572500e-04 -3.491866790e-06 1.480855210e-03
2.337290000e+00 -7.105600950e-02 7.379680690e-05 -1.137240140e-03 -7.016143570e-02 7.723798540e-05 -2.599935020e-03 -8.945738730e-04 -3.441178520e-06 1.462694880e-03
2.337778000e+00 -1.075945460e-01 1.201578120e-04 -1.351778170e-02 -1.066984870e-01 1.235246030e-04 -1.496975860e-02 -8.960593360e-04 -3.366790230e-06 1.451976890e-03
2.338265000e+00 -1.258427260e-01 1.029951350e-04 -1.364927360e-02 -1.249354270e-01 1.062902810e-04 -1.510229690e-02 -9.072990530e-04 -3.295145820e-06 1.453023230e-03
2.338753000e+00 -1.020502400e-01 -1.093209770e-04 -8.135252310e-03 -1.011403040e-01 -1.060165980e-04 -9.580591100e-03 -9.099360100e-04 -3.304379140e-06 1.445338780e-03
2.339241000e+00 -5.021330980e-02 -5.194242090e-05 4.867620680e-03 -4.931707820e-02 -4.865769380e-05 3.446181250e-03 -8.962315510e-04 -3.284727110e-06 1.421439430e-03
2.339729000e+00 -8.273453240e-02 5.277666700e-05 -6.209813340e-03 -8.184302850e-02 5.599644430e-05 -7.613701860e-03 -8.915039140e-04 -3.219777240e-06 1.403888530e-03
2.340217000e+00 -1.553369470e-01 1.262691710e-04 -3.386398690e-02 -1.544332730e-01 1.293862410e-04 -3.526006920e-02 -9.036740080e-04 -3.117070270e-06 1.396082230e-03
2.340705000e+00 -1.384903780e-01 -1.335833010e-04 -2.581118080e-02 -1.375804060e-01 -1.304690030e-04 -2.719781060e-02 -9.099724310e-04 -3.114297550e-06 1.386629850e-03
2.341193000e+00 -3.212512830e-02 -8.180369250e-05 1.743214240e-02 -3.122758180e-02 -7.871483150e-05 1.605847290e-02 -8.975465330e-04 -3.088860990e-06 1.373669510e-03
2.341681000e+00 -6.037834420e-02 -7.829840990e-05 3.318771440e-03 -5.948862570e-02 -7.523733330e-05 1.958262040e-03 -8.897185390e-04 -3.061076650e-06 1.360509390e-03
2.342169000e+00 -1.401025750e-01 1.720180100e-04 -2.701023530e-02 -1.392024820e-01 1.749590770e-04 -2.836224060e-02 -9.000929780e-04 -2.941066950e-06 1.352005310e-03
2.342657000e+00 -1.438632580e-01 1.105340670e-04 -3.061684870e-02 -1.429547530e-01 1.133843400e-04 -3.195993420e-02 -9.085044420e-04 -2.850273230e-06 1.343085560e-03
2.343145000e+00 -8.763690030e-02 2.076004500e-05 -1.144074360e-02 -8.673729100e-02 2.355961390e-05 -1.276468640e-02 -8.996093900e-04 -2.799568930e-06 1.323942710e-03
2.343633000e+00 -6.325937190e-02 3.942324010e-06 2.149224620e-04 -6.236932520e-02 6.691401510e-06 -1.089826730e-03 -8.900467650e-04 -2.749077490e-06 1.304749190e-03
2.344121000e+00 -1.043417780e-01 -4.572696890e-05 -1.420010770e-02 -1.034501950e-01 -4.301192060e-05 -1.549566720e-02 -8.915834670e-04 -2.715048300e-06 1.295559470e-03
2.344609000e+00 -1.155577910e-01 -1.824369600e-05 -1.818374860e-02 -1.146633930e-01 -1.557166620e-05 -1.947156600e-02 -8.943981720e-04 -2.672029770e-06 1.287817380e-03
2.345097000e+00 -1.062804360e-01 3.021335620e-05 -1.422524250e-02 -1.053861510e-01 3.282552790e-05 -1.550208070e-02 -8.942847500e-04 -2.612171790e-06 1.276838270e-03
2.345584000e+00 -9.879016300e-02 4.023729900e-05 -1.238845120e-02 -9.789633820e-02 4.278432010e-05 -1.365393520e-02 -8.938248700e-04 -2.547021100e-06 1.265484010e-03
2.346072000e+00 -8.903189740e-02 8.301563080e-05 -9.664274030e-03 -8.814235370e-02 8.548431010e-05 -1.091546420e-02 -8.895437630e-04 -2.468679360e-06 1.251190120e-03
2.346560000e+00 -6.783009960e-02 -1.410126050e-05 -1.293991320e-03 -6.694731690e-02 -1.167538200e-05 -2.529789800e-03 -8.827827060e-04 -2.425878460e-06 1.235798490e-03
2.347048000e+00 -9.932787130e-02 5.310539730e-05 -1.490080490e-02 -9.844616070e-02 5.546142920e-05 -1.612443610e-02 -8.817105910e-04 -2.356031910e-06 1.223631230e-03
2.347536000e+00 -1.146906470e-01 -5.202114630e-05 -1.962459940e-02 -1.138072250e-01 -4.969699160e-05 -2.083812050e-02 -8.834214890e-04 -2.324154710e-06 1.213521040e-03
2.348024000e+00 -1.018075100e-01 8.590779090e-05 -1.713798560e-02 -1.009270690e-01 8.815207800e-05 -1.833774840e-02 -8.804409460e-04 -2.244287120e-06 1.199762800e-03
2.348512000e+00 -1.008765630e-01 2.106813560e-04 -1.540797090e-02 -1.000000000e-01 2.127970970e-04 -1.659426440e-02 -8.765627520e-04 -2.115741200e-06 1.186293530e-03
2.349000000e+00 -9.598241120e-02 -7.549508430e-05 -1.596788730e-02 -9.511048260e-02 -7.339945320e-05 -1.713844870e-02 -8.719286000e-04 -2.095631120e-06 1.170561370e-03
2.349482000e+00 -7.694106330e-02 -1.386095590e-05 -9.838369610e-03 -7.607803560e-02 -1.180645060e-05 -1.098894030e-02 -8.630276090e-04 -2.054505330e-06 1.150570650e-03
2.349970000e+00 -1.064058030e-01 -1.017685280e-04 -1.882971670e-02 -1.055443170e-01 -9.972166400e-05 -1.996791270e-02 -8.614863910e-04 -2.046864010e-06 1.138195990e-03
2.350458000e+00 -1.271229520e-01 5.136965990e-05 -2.289684370e-02 -1.262537070e-01 5.335262750e-05 -2.403289480e-02 -8.692444250e-04 -1.982967570e-06 1.136051060e-03
2.350946000e+00 -1.017199750e-01 -6.271041450e-05 -1.621213050e-02 -1.008534350e-01 -6.075410740e-05 -1.733552870e-02 -8.665401100e-04 -1.956307130e-06 1.123398150e-03
2.351434000e+00 -5.522135150e-02 -1.635179820e-05 -3.885224660e-03 -5.437305760e-02 -1.443820140e-05 -4.980287910e-03 -8.482938200e-04 -1.913596810e-06 1.095063250e-03
2.351929000e+00 -8.243093320e-02 9.874478800e-05 -1.232911870e-02 -8.158978000e-02 1.005827500e-04 -1.340592150e-02 -8.411532290e-04 -1.837961920e-06 1.076802720e-03
2.352423000e+00 -1.397080330e-01 -5.717106860e-06 -3.029924760e-02 -1.388571380e-01 -3.919599770e-06 -3.137347350e-02 -8.508956330e-04 -1.797507090e-06 1.074225940e-03
2.352917000e+00 -1.030258760e-01 5.054820890e-05 -1.354785100e-02 -1.021746220e-01 5.228452410e-05 -1.461394430e-02 -8.512535200e-04 -1.736315250e-06 1.066093370e-03
2.353412000e+00 -4.656572300e-02 -2.135338560e-05 6.453158920e-03 -4.573030840e-02 -1.965349960e-05 5.404780420e-03 -8.354145480e-04 -1.699886010e-06 1.048378500e-03
2.353906000e+00 -6.455690950e-02 -1.107006830e-04 -2.818529070e-03 -6.373105690e-02 -1.089974510e-04 -3.851181010e-03 -8.258526470e-04 -1.703232280e-06 1.032651930e-03
2.354407000e+00 -1.120144680e-01 1.785658830e-05 -2.389269770e-02 -1.111883500e-01 1.950953380e-05 -2.491253310e-02 -8.261177110e-04 -1.652945460e-06 1.019835410e-03
2.354909000e+00 -1.002502400e-01 -1.470519940e-05 -1.914337480e-02 -9.942663060e-02 -1.308738530e-05 -2.014935840e-02 -8.236097360e-04 -1.617814060e-06 1.005983550e-03
2.355410000e+00 -1.003331050e-01 -6.136841370e-05 -2.001026180e-02 -9.951366210e-02 -5.976793990e-05 -2.099970570e-02 -8.194430990e-04 -1.600473730e-06 9.894439400e-04
2.355911000e+00 -8.935299100e-02 1.679488970e-05 -1.487798250e-02 -8.853852230e-02 1.835457910e-05 -1.585223600e-02 -8.144686800e-04 -1.559689420e-06 9.742535420e-04
2.356420000e+00 -7.437794360e-02 -7.988570160e-05 -9.751917160e-03 -7.357309750e-02 -7.832384340e-05 -1.071280660e-02 -8.048460910e-04 -1.561858260e-06 9.608894330e-04
2.356929000e+00 -6.447752920e-02 -8.421390480e-05 -4.022808170e-03 -6.368099160e-02 -8.264658610e-05 -4.969773750e-03 -7.965376430e-04 -1.567318670e-06 9.469655810e-04
2.357438000e+00 -1.101399900e-01 -5.408282660e-05 -2.704099980e-02 -1.093447760e-01 -5.253109440e-05 -2.797170830e-02 -7.952136210e-04 -1.551732230e-06 9.307084440e-04
2.357955000e+00 -1.006289570e-01 -4.133573090e-05 -2.314941700e-02 -9.983822700e-02 -3.979079680e-05 -2.406384740e-02 -7.907298940e-04 -1.544934110e-06 9.144303870e-04
2.358472000e+00 -3.705972290e-02 1.009420770e-04 4.540386730e-03 -3.628800830e-02 1.024276180e-04 3.647406060e-03 -7.717146370e-04 -1.485540420e-06 8.929806720e-04
2.358989000e+00 -5.097114750e-02 -1.342854380e-05 -6.657410520e-04 -5.021145540e-02 -1.195354120e-05 -1.540415180e-03 -7.596921380e-04 -1.475002620e-06 8.746741250e-04
2.359516000e+00 -1.531275220e-01 -3.660720540e-05 -4.384670390e-02 -1.523567060e-01 -3.512747800e-05 -4.471452950e-02 -7.708160770e-04 -1.479727400e-06 8.678256440e-04
2.360042000e+00 -1.100597560e-01 -2.289385380e-05 -2.326279420e-02 -1.092888380e-01 -2.141486500e-05 -2.411975530e-02 -7.709177490e-04 -1.478988750e-06 8.569611650e-04
2.360568000e+00 -3.918480840e-02 2.994051950e-05 1.822785620e-03 -3.843326720e-02 3.140096660e-05 9.883119280e-04 -7.515411320e-04 -1.460447140e-06 8.344736930e-04
2.361103000e+00 -5.248334120e-02 -2.286533860e-05 -2.322335200e-03 -5.174428550e-02 -2.140552010e-05 -3.138287790e-03 -7.390556970e-04 -1.459818430e-06 8.159525870e-04
2.361639000e+00 -7.021016270e-02 1.077454940e-04 -9.006769290e-03 -6.947914270e-02 1.091496670e-04 -9.806892430e-03 -7.310200160e-04 -1.404173060e-06 8.001231400e-04
2.362185000e+00 -6.142948770e-02 2.939240690e-05 -5.176764640e-03 -6.070664810e-02 3.077455550e-05 -5.962072240e-03 -7.228396370e-04 -1.382148680e-06 7.853076020e-04
2.362732000e+00 -7.782173610e-02 -1.953121850e-05 -1.164666200e-02 -7.710387770e-02 -1.815004080e-05 -1.242083500e-02 -7.178584120e-04 -1.381177700e-06 7.741730410e-04
2.363278000e+00 -6.606563980e-02 -1.388072900e-04 -1.040155980e-02 -6.535655310e-02 -1.373814690e-04 -1.115586890e-02 -7.090867710e-04 -1.425820620e-06 7.543091110e-04
2.363836000e+00 -9.322146510e-02 -4.978285280e-05 -2.905918330e-02 -9.252182290e-02 -4.834148950e-05 -2.978652300e-02 -6.996421340e-04 -1.441363280e-06 7.273396740e-04
2.364394000e+00 -8.270867200e-02 8.842019720e-05 -1.893949430e-02 -8.201539810e-02 8.981653370e-05 -1.965164890e-02 -6.932739820e-04 -1.396336490e-06 7.121546250e-04
2.364952000e+00 -8.033948490e-02 -1.759786720e-06 -1.429294060e-02 -7.965104310e-02 -3.609955900e-07 -1.499285600e-02 -6.884418730e-04 -1.398791130e-06 6.999154050e-04
2.365523000e+00 -2.275585170e-02 -1.011607580e-04 1.073987100e-02 -2.208490210e-02 -9.971705300e-05 1.005640130e-02 -6.709496790e-04 -1.443705110e-06 6.834696930e-04
2.366094000e+00 -3.909317690e-02 6.878416000e-05 2.632940570e-03 -3.843648900e-02 7.020505200e-05 1.966227830e-03 -6.566879020e-04 -1.420891950e-06 6.667127400e-04
2.366679000e+00 -7.867609380e-02 -4.288055150e-05 -1.482413390e-02 -7.802130620e-02 -4.143603390e-05 -1.547844510e-02 -6.547876450e-04 -1.444517650e-06 6.543111360e-04
2.367264000e+00 -6.337388600e-02 1.059146200e-04 -1.065593830e-02 -6.272839780e-02 1.073227400e-04 -1.129193410e-02 -6.454881370e-04 -1.408119580e-06 6.359958430e-04
2.367849000e+00 -5.061560530e-02 -9.174001040e-07 -7.522680350e-03 -4.998688090e-02 5.034487980e-07 -8.132632430e-03 -6.287243210e-04 -1.420848900e-06 6.099520800e-04
2.368450000e+00 -5.020389030e-02 -2.036347460e-05 -7.290789790e-03 -4.958793680e-02 -1.892131330e-05 -7.878764020e-03 -6.159534350e-04 -1.442161320e-06 5.879742280e-04
2.369052000e+00 -5.372123710e-02 6.552294880e-05 -9.029336070e-03 -5.311748820e-02 6.695064090e-05 -9.595666330e-03 -6.037489050e-04 -1.427692130e-06 5.663302560e-04
2.369672000e+00 -7.330619180e-02 4.987818610e-05 -1.559570120e-02 -7.270690780e-02 5.128970770e-05 -1.614543950e-02 -5.992839900e-04 -1.411521510e-06 5.497383070e-04
2.370291000e+00 -5.420323130e-02 -7.153735910e-05 -6.590017160e-03 -5.361468440e-02 -7.008427120e-05 -7.123427890e-03 -5.885469240e-04 -1.453087820e-06 5.334107230e-04
2.370911000e+00 1.765646760e-02 3.097662190e-05 3.119593550e-02 1.822106660e-02 3.242507940e-05 3.067447910e-02 -5.645990500e-04 -1.448457500e-06 5.214563850e-04
2.371552000e+00 -5.299001950e-02 3.727686820e-06 -8.919223520e-03 -5.243311720e-02 5.185582320e-06 -9.416823340e-03 -5.569023700e-04 -1.457895510e-06 4.975998230e-04
2.372193000e+00 -8.991445940e-02 6.351293520e-06 -3.024800160e-02 -8.936284890e-02 7.812704520e-06 -3.071945770e-02 -5.516104650e-04 -1.461411000e-06 4.714560940e-04
2.372834000e+00 8.943947580e-03 9.042165890e-05 2.364474080e-02 9.472594510e-03 9.184095730e-05 2.318627450e-02 -5.286469360e-04 -1.419298390e-06 4.584663100e-04
2.373500000e+00 -2.183340770e-02 4.709463000e-05 6.118654560e-03 -2.132006790e-02 4.849593220e-05 5.677697420e-03 -5.133397540e-04 -1.401302160e-06 4.409571430e-04
2.374167000e+00 -4.692500370e-02 1.072859780e-04 -6.558304740e-03 -4.642301190e-02 1.086314730e-04 -6.980267550e-03 -5.019917970e-04 -1.345495420e-06 4.219628170e-04
2.374834000e+00 -4.360065900e-02 -8.954601110e-06 -1.270424630e-02 -4.311830360e-02 -7.603797660e-06 -1.308986570e-02 -4.823553970e-04 -1.350803450e-06 3.856193950e-04
2.375532000e+00 -2.959882860e-02 4.066734860e-05 -5.670669980e-04 -2.913213370e-02 4.198649290e-05 -9.324302360e-04 -4.666949160e-04 -1.319144320e-06 3.653632390e-04
2.376231000e+00 -1.375997450e-02 9.583376400e-06 1.365600900e-02 -1.330533310e-02 1.088547100e-05 1.329854120e-02 -4.546413400e-04 -1.302094560e-06 3.574677790e-04
2.376929000e+00 -6.613075560e-02 7.827197400e-05 -2.013840140e-02 -6.568347870e-02 7.952620850e-05 -2.046926920e-02 -4.472769420e-04 -1.254234420e-06 3.308677890e-04
2.377668000e+00 -4.056207050e-02 6.132788910e-05 -9.183040780e-03 -4.013237960e-02 6.253392290e-05 -9.485525440e-03 -4.296909930e-04 -1.206033780e-06 3.024846530e-04
2.378408000e+00 -1.328261510e-02 -9.442399450e-06 5.140999990e-03 -1.287520820e-02 -8.254176720e-06 4.865408470e-03 -4.074069070e-04 -1.188222730e-06 2.755915220e-04
2.379147000e+00 2.882703290e-04 4.550089780e-05 1.561195490e-02 6.777545960e-04 4.663803040e-05 1.535097650e-02 -3.894842680e-04 -1.137132560e-06 2.609783650e-04
2.379944000e+00 -2.229152230e-02 -2.745929680e-05 -6.269973890e-04 -2.192274370e-02 -2.633858520e-05 -8.571151010e-04 -3.687786110e-04 -1.120711560e-06 2.301177120e-04
2.380740000e+00 -1.294651420e-02 1.162563350e-04 5.170959410e-03 -1.259754570e-02 1.172648970e-04 4.965214820e-03 -3.489684770e-04 -1.008561630e-06 2.057445840e-04
2.381536000e+00 -8.196217020e-03 1.917406730e-04 8.841070230e-03 -7.863652230e-03 1.925933300e-04 8.654302350e-03 -3.325647870e-04 -8.526573250e-07 1.867678790e-04
2.382333000e+00 -3.394126300e-02 2.561383160e-05 -5.212055470e-03 -3.361867120e-02 2.640188490e-05 -5.376829550e-03 -3.225917720e-04 -7.880533070e-07 1.647740810e-04
2.383129000e+00 4.081955970e-03 1.241444290e-05 1.130358410e-02 4.376552450e-03 1.314055090e-05 1.116749410e-02 -2.945964770e-04 -7.261080210e-07 1.360899940e-04
2.384039000e+00 1.862445840e-02 3.495326640e-05 1.710628810e-02 1.888567410e-02 3.559235600e-05 1.700387550e-02 -2.612157280e-04 -6.390895320e-07 1.024125800e-04
2.384949000e+00 -1.155226050e-02 9.148386000e-05 4.521610170e-03 -1.130604580e-02 9.199035920e-05 4.444631910e-03 -2.462147300e-04 -5.064991440e-07 7.697826160e-05
2.385860000e+00 -1.685546810e-02 1.288697970e-04 4.731148860e-04 -1.662786180e-02 1.292247180e-04 4.252389430e-04 -2.276062730e-04 -3.549207320e-07 4.787594270e-05
2.386770000e+00 3.183748080e-02 7.397145460e-05 2.537072910e-02 3.203149550e-02 7.420632340e-05 2.534884720e-02 -1.940147440e-04 -2.348688090e-07 2.188189910e-05
2.387680000e+00 2.853734180e-02 4.544947750e-05 2.609955530e-02 2.870551760e-02 4.558066770e-05 2.609578750e-02 -1.681757700e-04 -1.311901890e-07 3.767770580e-06
2.388590000e+00 -1.723680020e-02 7.184314500e-05 -5.232398140e-03 -1.708818920e-02 7.184582720e-05 -5.190656190e-03 -1.486110260e-04 -2.682145010e-09 -4.174195000e-05
2.389500000e+00 3.303919680e-02 1.351191120e-04 2.637304030e-02 3.315898340e-02 1.349491220e-04 2.643435460e-02 -1.197866010e-04 1.699901160e-07 -6.131427960e-05
2.390512000e+00 2.742472170e-02 1.778865680e-04 2.153674760e-02 2.751280780e-02 1.774982810e-04 2.162494360e-02 -8.808610470e-05 3.882862640e-07 -8.819593570e-05
2.391552000e+00 -1.640688750e-02 8.014165710e-05 -3.676763810e-03 -1.633596410e-02 7.960545390e-05 -3.551477040e-03 -7.092338440e-05 5.362031950e-07 -1.252867710e-04
2.392591000e+00 6.789031750e-02 9.908573870e-05 4.129575350e-02 6.791404950e-02 9.840500100e-05 4.144957540e-02 -2.373201830e-05 6.807376820e-07 -1.538218900e-04
2.393660000e+00 8.468776800e-03 8.753361720e-05 1.062795020e-02 8.474082640e-03 8.672818710e-05 1.080920060e-02 -5.305834010e-06 8.054301500e-07 -1.812504340e-04
2.394728000e+00 4.944181780e-02 -5.761722480e-05 2.878715260e-02 4.940237790e-02 -5.842626820e-05 2.900879340e-02 3.943994260e-05 8.090433500e-07 -2.216408060e-04
2.395797000e+00 9.329834710e-03 1.560164900e-04 9.876004640e-03 9.271018830e-03 1.550417400e-04 1.012459930e-02 5.881588250e-05 9.747493150e-07 -2.485946510e-04
2.396866000e+00 6.996051860e-02 8.153979970e-05 4.069844150e-02 6.985392250e-02 8.046275220e-05 4.097850550e-02 1.065961150e-04 1.077047460e-06 -2.800639380e-04
2.397935000e+00 3.413965820e-02 1.041261910e-04 1.920407960e-02 3.399896850e-02 1.029475330e-04 1.952226100e-02 1.406896970e-04 1.178658100e-06 -3.181813530e-04
2.399004000e+00 2.661974510e-02 1.152296980e-04 1.622869420e-02 2.645029650e-02 1.139649600e-04 1.657924090e-02 1.694486620e-04 1.264737720e-06 -3.505467130e-04
2.400111000e+00 5.210140910e-02 9.562624840e-05 2.865095840e-02 5.189005620e-02 9.430439770e-05 2.903829450e-02 2.113528730e-04 1.321850670e-06 -3.873360990e-04
2.401218000e+00 4.913433810e-02 5.501045060e-05 2.950582590e-02 4.888766480e-02 5.369297710e-05 2.992136360e-02 2.466733100e-04 1.317473450e-06 -4.155377570e-04
2.402325000e+00 5.279050890e-02 2.051514460e-05 3.056433870e-02 5.251029760e-02 1.925052050e-05 3.100900340e-02 2.802113280e-04 1.264624040e-06 -4.446646730e-04
2.403432000e+00 7.077184670e-02 -2.420971310e-05 3.974306300e-02 7.044908420e-02 -2.535194170e-05 4.021620430e-02 3.227624330e-04 1.142228630e-06 -4.731413690e-04
2.404539000e+00 6.760676910e-02 3.068406810e-05 3.483486440e-02 6.723693930e-02 2.964362190e-05 3.534881650e-02 3.698297550e-04 1.040446270e-06 -5.139520910e-04
2.405696000e+00 3.854401410e-02 3.968573720e-05 2.156107580e-02 3.814531060e-02 3.876273490e-05 2.210630420e-02 3.987035140e-04 9.230022960e-07 -5.452283500e-04
2.406853000e+00 6.872332960e-02 2.977314010e-05 3.721148580e-02 6.828053440e-02 2.898701570e-05 3.778813770e-02 4.427952060e-04 7.861244410e-07 -5.766519360e-04
2.408011000e+00 7.128854450e-02 2.183950220e-05 3.840071710e-02 7.080317030e-02 2.120879530e-05 3.900767920e-02 4.853741920e-04 6.307068970e-07 -6.069620300e-04
2.409110000e+00 6.900641990e-02 8.472237210e-05 3.530715680e-02 6.847923310e-02 8.420459920e-05 3.594909380e-02 5.271868190e-04 5.177728320e-07 -6.419370520e-04
2.410210000e+00 6.106354200e-02 -3.453858100e-05 2.958835950e-02 6.049687570e-02 -3.483503790e-05 3.026914890e-02 5.666663260e-04 2.964568060e-07 -6.807893910e-04
2.411309000e+00 8.316417950e-02 7.719138130e-07 4.462492150e-02 8.255760340e-02 7.025490290e-07 4.532771320e-02 6.065760830e-04 6.936478380e-08 -7.027917580e-04
2.412348000e+00 9.762221540e-02 9.452212490e-05 4.919519190e-02 9.696836880e-02 9.460485360e-05 4.992911380e-02 6.538466190e-04 -8.272878830e-08 -7.339218800e-04
2.413386000e+00 6.148592650e-02 -8.225447670e-05 2.863250420e-02 6.079926550e-02 -8.185937190e-05 2.940183840e-02 6.866609390e-04 -3.951048140e-07 -7.693341960e-04
2.414424000e+00 8.434344210e-02 4.681716150e-05 4.233499790e-02 8.361747660e-02 4.744247580e-05 4.313267380e-02 7.259655060e-04 -6.253142360e-07 -7.976758230e-04
2.415463000e+00 9.134259990e-02 8.054930530e-05 4.512094050e-02 9.057535060e-02 8.139427750e-05 4.594797790e-02 7.672493310e-04 -8.449721410e-07 -8.270374670e-04
2.416432000e+00 1.050274910e-01 -7.820958580e-06 5.119748650e-02 1.042171360e-01 -6.688564290e-06 5.205399390e-02 8.103557790e-04 -1.132394290e-06 -8.565073560e-04
2.417401000e+00 9.574219290e-02 -4.371285700e-05 4.659628530e-02 9.489509560e-02 -4.225389060e-05 4.748011640e-02 8.470973710e-04 -1.458966390e-06 -8.838311560e-04
2.418301000e+00 7.288061880e-02 -1.405746110e-04 3.081057670e-02 7.200381650e-02 -1.387320290e-04 3.172948120e-02 8.768023670e-04 -1.842582350e-06 -9.189044290e-04
2.419137000e+00 8.042881940e-02 1.438107730e-05 3.589069520e-02 7.952449350e-02 1.648870600e-05 3.683727890e-02 9.043259730e-04 -2.107628700e-06 -9.465837040e-04
2.419972000e+00 1.041986720e-01 -3.708758820e-05 5.228818040e-02 1.032663940e-01 -3.467559580e-05 5.324896660e-02 9.322784040e-04 -2.411992440e-06 -9.607861620e-04
2.420744000e+00 1.219746120e-01 -7.421163690e-05 5.630923150e-02 1.210056860e-01 -7.149179740e-05 5.729623160e-02 9.689261450e-04 -2.719839520e-06 -9.870000900e-04
2.421515000e+00 7.767828540e-02 -6.416079810e-05 3.307733930e-02 7.668922990e-02 -6.113478830e-05 3.408790110e-02 9.890555000e-04 -3.026009820e-06 -1.010561820e-03
2.422286000e+00 1.125925130e-01 -8.159819620e-05 5.137937240e-02 1.115730880e-01 -7.825181590e-05 5.241337860e-02 1.019425170e-03 -3.346380280e-06 -1.034006160e-03
2.422988000e+00 1.230445810e-01 -5.822349250e-05 5.515420260e-02 1.219963560e-01 -5.459258310e-05 5.621110370e-02 1.048224920e-03 -3.630909380e-06 -1.056901080e-03
2.423689000e+00 8.280960330e-02 -7.567552040e-05 3.441253890e-02 8.174540960e-02 -7.175000750e-05 3.548985570e-02 1.064193710e-03 -3.925512900e-06 -1.077316800e-03
2.424390000e+00 1.079106520e-01 -5.946263210e-05 4.246952220e-02 1.068175880e-01 -5.524308250e-05 4.357826830e-02 1.093064100e-03 -4.219549530e-06 -1.108746060e-03
2.425091000e+00 1.096295260e-01 -1.047578680e-04 4.579514340e-02 1.085125100e-01 -1.002239350e-04 4.692664030e-02 1.117016220e-03 -4.533932800e-06 -1.131496870e-03
2.425705000e+00 1.167520210e-01 -1.133349070e-04 5.301136690e-02 1.156200210e-01 -1.085333810e-04 5.415238460e-02 1.132000520e-03 -4.801525620e-06 -1.141017770e-03
2.426318000e+00 1.323309880e-01 -1.231124940e-04 5.710767280e-02 1.311754390e-01 -1.180369390e-04 5.826809120e-02 1.155548360e-03 -5.075554260e-06 -1.160418390e-03
2.426932000e+00 1.235170010e-01 -1.104529410e-04 5.144799250e-02 1.223406400e-01 -1.051150860e-04 5.262805350e-02 1.176361280e-03 -5.337855440e-06 -1.180060930e-03
2.427546000e+00 8.586899230e-02 -1.098890290e-04 3.110584130e-02 8.468160000e-02 -1.042990960e-04 3.230480340e-02 1.187392330e-03 -5.589933560e-06 -1.198962140e-03
2.428159000e+00 1.208573210e-01 -1.142634460e-04 4.890025070e-02 1.196501010e-01 -1.084238940e-04 5.011793300e-02 1.207219830e-03 -5.839551390e-06 -1.217682280e-03
2.428773000e+00 1.400172990e-01 -1.721310430e-04 5.822060550e-02 1.387868740e-01 -1.660249130e-04 5.945703720e-02 1.230425340e-03 -6.106129620e-06 -1.236431730e-03
2.429386000e+00 1.110827640e-01 -1.180025820e-04 4.070916300e-02 1.098359060e-01 -1.116565990e-04 4.196732240e-02 1.246857750e-03 -6.345983620e-06 -1.258159410e-03
2.430000000e+00 8.004786510e-02 -1.145879520e-04 2.722961630e-02 7.879641500e-02 -1.080089160e-04 2.850048020e-02 1.251450140e-03 -6.579035980e-06 -1.270863890e-03
